[2026-09-19 23:51:48,289] pfc-pruebas-e1/INFO/locust.main: Run time limit set to 930 seconds
[2026-09-19 23:51:48,290] pfc-pruebas-e1/INFO/locust.main: Starting Locust 2.31.6
Type     Name                                                                          # reqs      # fails |    Avg     Min     Max    Med |   req/s  failures/s
--------|----------------------------------------------------------------------------|-------|-------------|-------|-------|-------|-------|--------|-----------
--------|----------------------------------------------------------------------------|-------|-------------|-------|-------|-------|-------|--------|-----------
         Aggregated                                                                         0     0(0.00%) |      0       0       0      0 |    0.00        0.00

[2026-09-19 23:51:48,291] pfc-pruebas-e1/INFO/locust.runners: Ramping to 50 users at a rate of 10.00 per second
Type     Name                                                                          # reqs      # fails |    Avg     Min     Max    Med |   req/s  failures/s
--------|----------------------------------------------------------------------------|-------|-------------|-------|-------|-------|-------|--------|-----------
GET      GET /api/v1/reservas                                                               6     0(0.00%) |     61      39     110     50 |    0.00        0.00
POST     POST /api/v1/auth/login                                                            6     0(0.00%) |   1366     779    1785   1400 |    0.00        0.00
--------|----------------------------------------------------------------------------|-------|-------------|-------|-------|-------|-------|--------|-----------
         Aggregated                                                                        12     0(0.00%) |    713      39    1785    110 |    0.00        0.00

Type     Name                                                                          # reqs      # fails |    Avg     Min     Max    Med |   req/s  failures/s
--------|----------------------------------------------------------------------------|-------|-------------|-------|-------|-------|-------|--------|-----------
GET      GET /api/v1/reservas                                                              16     0(0.00%) |     60      23     128     48 |    2.50        0.00
GET      GET /api/v1/reservas/{id}                                                          2     0(0.00%) |     29      28      30     28 |    0.00        0.00
POST     POST /api/v1/auth/login                                                           13     0(0.00%) |   1881     779    2541   2100 |    2.50        0.00
--------|----------------------------------------------------------------------------|-------|-------------|-------|-------|-------|-------|--------|-----------
         Aggregated                                                                        31     0(0.00%) |    822      23    2541     92 |    5.00        0.00

[2026-09-19 23:51:52,297] pfc-pruebas-e1/INFO/locust.runners: All users spawned: {"ReservasUser": 50} (50 total users)
Type     Name                                                                          # reqs      # fails |    Avg     Min     Max    Med |   req/s  failures/s
--------|----------------------------------------------------------------------------|-------|-------------|-------|-------|-------|-------|--------|-----------
GET      GET /api/v1/reservas                                                              35     0(0.00%) |     62      23     139     50 |    3.50        0.00
GET      GET /api/v1/reservas/{id}                                                          9     0(0.00%) |     33      20      52     33 |    0.50        0.00
POST     POST /api/v1/auth/login                                                           22     0(0.00%) |   2655     779    4619   2400 |    3.25        0.00
--------|----------------------------------------------------------------------------|-------|-------------|-------|-------|-------|-------|--------|-----------
         Aggregated                                                                        66     0(0.00%) |    922      20    4619     63 |    7.25        0.00

Type     Name                                                                          # reqs      # fails |    Avg     Min     Max    Med |   req/s  failures/s
--------|----------------------------------------------------------------------------|-------|-------------|-------|-------|-------|-------|--------|-----------
GET      GET /api/v1/reservas                                                              66     0(0.00%) |     68      23     200     52 |    5.67        0.00
GET      GET /api/v1/reservas/{id}                                                         13     0(0.00%) |     32      20      52     33 |    1.33        0.00
POST     POST /api/v1/auth/login                                                           39     0(0.00%) |   3506     779    5715   3800 |    3.50        0.00
--------|----------------------------------------------------------------------------|-------|-------------|-------|-------|-------|-------|--------|-----------
         Aggregated                                                                       118     0(0.00%) |   1200      20    5715     89 |   10.50        0.00

Type     Name                                                                          # reqs      # fails |    Avg     Min     Max    Med |   req/s  failures/s
--------|----------------------------------------------------------------------------|-------|-------------|-------|-------|-------|-------|--------|-----------
GET      GET /api/v1/reservas                                                             109     0(0.00%) |     52      15     200     39 |    6.88        0.00
GET      GET /api/v1/reservas/{id}                                                         20     0(0.00%) |     28      12      52     28 |    1.62        0.00
POST     POST /api/v1/auth/login                                                           50     0(0.00%) |   3726     779    5715   4200 |    4.12        0.00
--------|----------------------------------------------------------------------------|-------|-------------|-------|-------|-------|-------|--------|-----------
         Aggregated                                                                       179     0(0.00%) |   1076      12    5715     51 |   12.62        0.00

Type     Name                                                                          # reqs      # fails |    Avg     Min     Max    Med |   req/s  failures/s
--------|----------------------------------------------------------------------------|-------|-------------|-------|-------|-------|-------|--------|-----------
GET      GET /api/v1/reservas                                                             146     0(0.00%) |     45      14     200     31 |   10.50        0.00
GET      GET /api/v1/reservas/{id}                                                         39     0(0.00%) |     22      10      52     19 |    1.80        0.00
POST     POST /api/v1/auth/login                                                           50     0(0.00%) |   3726     779    5715   4200 |    5.00        0.00
--------|----------------------------------------------------------------------------|-------|-------------|-------|-------|-------|-------|--------|-----------
         Aggregated                                                                       235     0(0.00%) |    824      10    5715     35 |   17.30        0.00

Type     Name                                                                          # reqs      # fails |    Avg     Min     Max    Med |   req/s  failures/s
--------|----------------------------------------------------------------------------|-------|-------------|-------|-------|-------|-------|--------|-----------
GET      GET /api/v1/reservas                                                             173     0(0.00%) |     41      13     200     28 |   13.20        0.00
GET      GET /api/v1/reservas/{id}                                                         54     0(0.00%) |     20      10      52     16 |    3.50        0.00
POST     POST /api/v1/auth/login                                                           50     0(0.00%) |   3726     779    5715   4200 |    4.50        0.00
--------|----------------------------------------------------------------------------|-------|-------------|-------|-------|-------|-------|--------|-----------
         Aggregated                                                                       277     0(0.00%) |    702      10    5715     30 |   21.20        0.00

Type     Name                                                                          # reqs      # fails |    Avg     Min     Max    Med |   req/s  failures/s
--------|----------------------------------------------------------------------------|-------|-------------|-------|-------|-------|-------|--------|-----------
GET      GET /api/v1/reservas                                                             206     0(0.00%) |     37      13     200     25 |   15.90        0.00
GET      GET /api/v1/reservas/{id}                                                         69     0(0.00%) |     18       9      52     15 |    4.80        0.00
POST     POST /api/v1/auth/login                                                           50     0(0.00%) |   3726     779    5715   4200 |    3.70        0.00
--------|----------------------------------------------------------------------------|-------|-------------|-------|-------|-------|-------|--------|-----------
         Aggregated                                                                       325     0(0.00%) |    601       9    5715     26 |   24.40        0.00

Type     Name                                                                          # reqs      # fails |    Avg     Min     Max    Med |   req/s  failures/s
--------|----------------------------------------------------------------------------|-------|-------------|-------|-------|-------|-------|--------|-----------
GET      GET /api/v1/reservas                                                             235     0(0.00%) |     35      12     200     24 |   16.90        0.00
GET      GET /api/v1/reservas/{id}                                                         84     0(0.00%) |     17       9      52     14 |    5.90        0.00
POST     POST /api/v1/auth/login                                                           50     0(0.00%) |   3726     779    5715   4200 |    2.90        0.00
--------|----------------------------------------------------------------------------|-------|-------------|-------|-------|-------|-------|--------|-----------
         Aggregated                                                                       369     0(0.00%) |    531       9    5715     23 |   25.70        0.00

Type     Name                                                                          # reqs      # fails |    Avg     Min     Max    Med |   req/s  failures/s
--------|----------------------------------------------------------------------------|-------|-------------|-------|-------|-------|-------|--------|-----------
GET      GET /api/v1/reservas                                                             273     0(0.00%) |     32      11     200     21 |   17.80        0.00
GET      GET /api/v1/reservas/{id}                                                         97     0(0.00%) |     16       9      52     13 |    6.90        0.00
POST     POST /api/v1/auth/login                                                           50     0(0.00%) |   3726     779    5715   4200 |    1.70        0.00
--------|----------------------------------------------------------------------------|-------|-------------|-------|-------|-------|-------|--------|-----------
         Aggregated                                                                       420     0(0.00%) |    468       9    5715     21 |   26.40        0.00

Type     Name                                                                          # reqs      # fails |    Avg     Min     Max    Med |   req/s  failures/s
--------|----------------------------------------------------------------------------|-------|-------------|-------|-------|-------|-------|--------|-----------
GET      GET /api/v1/reservas                                                             313     0(0.00%) |     30      10     200     20 |   16.00        0.00
GET      GET /api/v1/reservas/{id}                                                        109     0(0.00%) |     16       8      52     13 |    7.80        0.00
POST     POST /api/v1/auth/login                                                           50     0(0.00%) |   3726     779    5715   4200 |    0.00        0.00
--------|----------------------------------------------------------------------------|-------|-------------|-------|-------|-------|-------|--------|-----------
         Aggregated                                                                       472     0(0.00%) |    418       8    5715     19 |   23.80        0.00

Type     Name                                                                          # reqs      # fails |    Avg     Min     Max    Med |   req/s  failures/s
--------|----------------------------------------------------------------------------|-------|-------------|-------|-------|-------|-------|--------|-----------
GET      GET /api/v1/reservas                                                             350     0(0.00%) |     29      10     200     19 |   17.20        0.00
GET      GET /api/v1/reservas/{id}                                                        123     0(0.00%) |     15       8      52     13 |    7.30        0.00
POST     POST /api/v1/auth/login                                                           50     0(0.00%) |   3726     779    5715   4200 |    0.00        0.00
--------|----------------------------------------------------------------------------|-------|-------------|-------|-------|-------|-------|--------|-----------
         Aggregated                                                                       523     0(0.00%) |    379       8    5715     19 |   24.50        0.00

Type     Name                                                                          # reqs      # fails |    Avg     Min     Max    Med |   req/s  failures/s
--------|----------------------------------------------------------------------------|-------|-------------|-------|-------|-------|-------|--------|-----------
GET      GET /api/v1/reservas                                                             384     0(0.00%) |     27      10     200     18 |   17.30        0.00
GET      GET /api/v1/reservas/{id}                                                        138     0(0.00%) |     15       8      52     12 |    7.00        0.00
POST     POST /api/v1/auth/login                                                           50     0(0.00%) |   3726     779    5715   4200 |    0.00        0.00
--------|----------------------------------------------------------------------------|-------|-------------|-------|-------|-------|-------|--------|-----------
         Aggregated                                                                       572     0(0.00%) |    348       8    5715     18 |   24.30        0.00

Type     Name                                                                          # reqs      # fails |    Avg     Min     Max    Med |   req/s  failures/s
--------|----------------------------------------------------------------------------|-------|-------------|-------|-------|-------|-------|--------|-----------
GET      GET /api/v1/reservas                                                             421     0(0.00%) |     27       8     200     18 |   17.80        0.00
GET      GET /api/v1/reservas/{id}                                                        153     0(0.00%) |     14       7      52     12 |    6.90        0.00
POST     POST /api/v1/auth/login                                                           50     0(0.00%) |   3726     779    5715   4200 |    0.00        0.00
--------|----------------------------------------------------------------------------|-------|-------------|-------|-------|-------|-------|--------|-----------
         Aggregated                                                                       624     0(0.00%) |    320       7    5715     17 |   24.70        0.00

Type     Name                                                                          # reqs      # fails |    Avg     Min     Max    Med |   req/s  failures/s
--------|----------------------------------------------------------------------------|-------|-------------|-------|-------|-------|-------|--------|-----------
GET      GET /api/v1/reservas                                                             464     0(0.00%) |     25       8     200     17 |   18.40        0.00
GET      GET /api/v1/reservas/{id}                                                        165     0(0.00%) |     14       7      52     12 |    7.00        0.00
POST     POST /api/v1/auth/login                                                           50     0(0.00%) |   3726     779    5715   4200 |    0.00        0.00
--------|----------------------------------------------------------------------------|-------|-------------|-------|-------|-------|-------|--------|-----------
         Aggregated                                                                       679     0(0.00%) |    295       7    5715     16 |   25.40        0.00

Type     Name                                                                          # reqs      # fails |    Avg     Min     Max    Med |   req/s  failures/s
--------|----------------------------------------------------------------------------|-------|-------------|-------|-------|-------|-------|--------|-----------
GET      GET /api/v1/reservas                                                             501     0(0.00%) |     24       8     200     17 |   19.20        0.00
GET      GET /api/v1/reservas/{id}                                                        179     0(0.00%) |     14       7      52     12 |    6.80        0.00
POST     POST /api/v1/auth/login                                                           50     0(0.00%) |   3726     779    5715   4200 |    0.00        0.00
--------|----------------------------------------------------------------------------|-------|-------------|-------|-------|-------|-------|--------|-----------
         Aggregated                                                                       730     0(0.00%) |    275       7    5715     16 |   26.00        0.00

Type     Name                                                                          # reqs      # fails |    Avg     Min     Max    Med |   req/s  failures/s
--------|----------------------------------------------------------------------------|-------|-------------|-------|-------|-------|-------|--------|-----------
GET      GET /api/v1/reservas                                                             533     0(0.00%) |     30       8     378     17 |   18.30        0.00
GET      GET /api/v1/reservas/{id}                                                        190     0(0.00%) |     20       7     289     12 |    6.50        0.00
POST     POST /api/v1/auth/login                                                           50     0(0.00%) |   3726     779    5715   4200 |    0.00        0.00
--------|----------------------------------------------------------------------------|-------|-------------|-------|-------|-------|-------|--------|-----------
         Aggregated                                                                       773     0(0.00%) |    266       7    5715     17 |   24.80        0.00

Type     Name                                                                          # reqs      # fails |    Avg     Min     Max    Med |   req/s  failures/s
--------|----------------------------------------------------------------------------|-------|-------------|-------|-------|-------|-------|--------|-----------
GET      GET /api/v1/reservas                                                             568     0(0.00%) |     30       8     378     17 |   17.90        0.00
GET      GET /api/v1/reservas/{id}                                                        202     0(0.00%) |     21       7     289     12 |    6.70        0.00
POST     POST /api/v1/auth/login                                                           50     0(0.00%) |   3726     779    5715   4200 |    0.00        0.00
--------|----------------------------------------------------------------------------|-------|-------------|-------|-------|-------|-------|--------|-----------
         Aggregated                                                                       820     0(0.00%) |    253       7    5715     17 |   24.60        0.00

Type     Name                                                                          # reqs      # fails |    Avg     Min     Max    Med |   req/s  failures/s
--------|----------------------------------------------------------------------------|-------|-------------|-------|-------|-------|-------|--------|-----------
GET      GET /api/v1/reservas                                                             606     0(0.00%) |     29       8     378     17 |   18.10        0.00
GET      GET /api/v1/reservas/{id}                                                        213     0(0.00%) |     21       7     289     12 |    6.40        0.00
POST     POST /api/v1/auth/login                                                           50     0(0.00%) |   3726     779    5715   4200 |    0.00        0.00
--------|----------------------------------------------------------------------------|-------|-------------|-------|-------|-------|-------|--------|-----------
         Aggregated                                                                       869     0(0.00%) |    240       7    5715     16 |   24.50        0.00

Type     Name                                                                          # reqs      # fails |    Avg     Min     Max    Med |   req/s  failures/s
--------|----------------------------------------------------------------------------|-------|-------------|-------|-------|-------|-------|--------|-----------
GET      GET /api/v1/reservas                                                             645     0(0.00%) |     28       8     378     16 |   18.60        0.00
GET      GET /api/v1/reservas/{id}                                                        229     0(0.00%) |     20       5     289     12 |    5.90        0.00
POST     POST /api/v1/auth/login                                                           50     0(0.00%) |   3726     779    5715   4200 |    0.00        0.00
--------|----------------------------------------------------------------------------|-------|-------------|-------|-------|-------|-------|--------|-----------
         Aggregated                                                                       924     0(0.00%) |    226       5    5715     15 |   24.50        0.00

Type     Name                                                                          # reqs      # fails |    Avg     Min     Max    Med |   req/s  failures/s
--------|----------------------------------------------------------------------------|-------|-------------|-------|-------|-------|-------|--------|-----------
GET      GET /api/v1/reservas                                                             681     0(0.00%) |     27       7     378     16 |   18.10        0.00
GET      GET /api/v1/reservas/{id}                                                        240     0(0.00%) |     19       5     289     11 |    6.30        0.00
POST     POST /api/v1/auth/login                                                           50     0(0.00%) |   3726     779    5715   4200 |    0.00        0.00
--------|----------------------------------------------------------------------------|-------|-------------|-------|-------|-------|-------|--------|-----------
         Aggregated                                                                       971     0(0.00%) |    215       5    5715     15 |   24.40        0.00

Type     Name                                                                          # reqs      # fails |    Avg     Min     Max    Med |   req/s  failures/s
--------|----------------------------------------------------------------------------|-------|-------------|-------|-------|-------|-------|--------|-----------
GET      GET /api/v1/reservas                                                             719     0(0.00%) |     26       7     378     15 |   18.20        0.00
GET      GET /api/v1/reservas/{id}                                                        253     0(0.00%) |     19       5     289     11 |    6.70        0.00
POST     POST /api/v1/auth/login                                                           50     0(0.00%) |   3726     779    5715   4200 |    0.00        0.00
--------|----------------------------------------------------------------------------|-------|-------------|-------|-------|-------|-------|--------|-----------
         Aggregated                                                                      1022     0(0.00%) |    205       5    5715     15 |   24.90        0.00

Type     Name                                                                          # reqs      # fails |    Avg     Min     Max    Med |   req/s  failures/s
--------|----------------------------------------------------------------------------|-------|-------------|-------|-------|-------|-------|--------|-----------
GET      GET /api/v1/reservas                                                             759     0(0.00%) |     25       7     378     15 |   19.10        0.00
GET      GET /api/v1/reservas/{id}                                                        268     0(0.00%) |     18       5     289     11 |    6.40        0.00
POST     POST /api/v1/auth/login                                                           50     0(0.00%) |   3726     779    5715   4200 |    0.00        0.00
--------|----------------------------------------------------------------------------|-------|-------------|-------|-------|-------|-------|--------|-----------
         Aggregated                                                                      1077     0(0.00%) |    195       5    5715     14 |   25.50        0.00

Type     Name                                                                          # reqs      # fails |    Avg     Min     Max    Med |   req/s  failures/s
--------|----------------------------------------------------------------------------|-------|-------------|-------|-------|-------|-------|--------|-----------
GET      GET /api/v1/reservas                                                             791     0(0.00%) |     25       7     378     15 |   19.20        0.00
GET      GET /api/v1/reservas/{id}                                                        284     0(0.00%) |     18       5     289     11 |    6.80        0.00
POST     POST /api/v1/auth/login                                                           50     0(0.00%) |   3726     779    5715   4200 |    0.00        0.00
--------|----------------------------------------------------------------------------|-------|-------------|-------|-------|-------|-------|--------|-----------
         Aggregated                                                                      1125     0(0.00%) |    187       5    5715     14 |   26.00        0.00

Type     Name                                                                          # reqs      # fails |    Avg     Min     Max    Med |   req/s  failures/s
--------|----------------------------------------------------------------------------|-------|-------------|-------|-------|-------|-------|--------|-----------
GET      GET /api/v1/reservas                                                             832     0(0.00%) |     24       7     378     15 |   18.40        0.00
GET      GET /api/v1/reservas/{id}                                                        299     0(0.00%) |     17       5     289     11 |    7.10        0.00
POST     POST /api/v1/auth/login                                                           50     0(0.00%) |   3726     779    5715   4200 |    0.00        0.00
--------|----------------------------------------------------------------------------|-------|-------------|-------|-------|-------|-------|--------|-----------
         Aggregated                                                                      1181     0(0.00%) |    179       5    5715     14 |   25.50        0.00

Type     Name                                                                          # reqs      # fails |    Avg     Min     Max    Med |   req/s  failures/s
--------|----------------------------------------------------------------------------|-------|-------------|-------|-------|-------|-------|--------|-----------
GET      GET /api/v1/reservas                                                             869     0(0.00%) |     24       7     378     14 |   18.50        0.00
GET      GET /api/v1/reservas/{id}                                                        310     0(0.00%) |     17       5     289     11 |    7.10        0.00
POST     POST /api/v1/auth/login                                                           50     0(0.00%) |   3726     779    5715   4200 |    0.00        0.00
--------|----------------------------------------------------------------------------|-------|-------------|-------|-------|-------|-------|--------|-----------
         Aggregated                                                                      1229     0(0.00%) |    172       5    5715     13 |   25.60        0.00

Type     Name                                                                          # reqs      # fails |    Avg     Min     Max    Med |   req/s  failures/s
--------|----------------------------------------------------------------------------|-------|-------------|-------|-------|-------|-------|--------|-----------
GET      GET /api/v1/reservas                                                             907     0(0.00%) |     23       7     378     14 |   19.00        0.00
GET      GET /api/v1/reservas/{id}                                                        322     0(0.00%) |     16       5     289     11 |    6.80        0.00
POST     POST /api/v1/auth/login                                                           50     0(0.00%) |   3726     779    5715   4200 |    0.00        0.00
--------|----------------------------------------------------------------------------|-------|-------------|-------|-------|-------|-------|--------|-----------
         Aggregated                                                                      1279     0(0.00%) |    166       5    5715     13 |   25.80        0.00

Type     Name                                                                          # reqs      # fails |    Avg     Min     Max    Med |   req/s  failures/s
--------|----------------------------------------------------------------------------|-------|-------------|-------|-------|-------|-------|--------|-----------
GET      GET /api/v1/reservas                                                             945     0(0.00%) |     23       7     378     14 |   18.60        0.00
GET      GET /api/v1/reservas/{id}                                                        331     0(0.00%) |     16       5     289     10 |    7.00        0.00
POST     POST /api/v1/auth/login                                                           50     0(0.00%) |   3726     779    5715   4200 |    0.00        0.00
--------|----------------------------------------------------------------------------|-------|-------------|-------|-------|-------|-------|--------|-----------
         Aggregated                                                                      1326     0(0.00%) |    161       5    5715     13 |   25.60        0.00

Type     Name                                                                          # reqs      # fails |    Avg     Min     Max    Med |   req/s  failures/s
--------|----------------------------------------------------------------------------|-------|-------------|-------|-------|-------|-------|--------|-----------
GET      GET /api/v1/reservas                                                             980     0(0.00%) |     22       7     378     14 |   18.50        0.00
GET      GET /api/v1/reservas/{id}                                                        340     0(0.00%) |     16       5     289     10 |    6.20        0.00
POST     POST /api/v1/auth/login                                                           50     0(0.00%) |   3726     779    5715   4200 |    0.00        0.00
--------|----------------------------------------------------------------------------|-------|-------------|-------|-------|-------|-------|--------|-----------
         Aggregated                                                                      1370     0(0.00%) |    156       5    5715     13 |   24.70        0.00

Type     Name                                                                          # reqs      # fails |    Avg     Min     Max    Med |   req/s  failures/s
--------|----------------------------------------------------------------------------|-------|-------------|-------|-------|-------|-------|--------|-----------
GET      GET /api/v1/reservas                                                            1024     0(0.00%) |     22       6     378     13 |   19.00        0.00
GET      GET /api/v1/reservas/{id}                                                        356     0(0.00%) |     16       5     289     10 |    5.60        0.00
POST     POST /api/v1/auth/login                                                           50     0(0.00%) |   3726     779    5715   4200 |    0.00        0.00
--------|----------------------------------------------------------------------------|-------|-------------|-------|-------|-------|-------|--------|-----------
         Aggregated                                                                      1430     0(0.00%) |    150       5    5715     13 |   24.60        0.00

Type     Name                                                                          # reqs      # fails |    Avg     Min     Max    Med |   req/s  failures/s
--------|----------------------------------------------------------------------------|-------|-------------|-------|-------|-------|-------|--------|-----------
GET      GET /api/v1/reservas                                                            1064     0(0.00%) |     21       6     378     13 |   19.30        0.00
GET      GET /api/v1/reservas/{id}                                                        364     0(0.00%) |     15       4     289     10 |    5.60        0.00
POST     POST /api/v1/auth/login                                                           50     0(0.00%) |   3726     779    5715   4200 |    0.00        0.00
--------|----------------------------------------------------------------------------|-------|-------------|-------|-------|-------|-------|--------|-----------
         Aggregated                                                                      1478     0(0.00%) |    145       4    5715     13 |   24.90        0.00

Type     Name                                                                          # reqs      # fails |    Avg     Min     Max    Med |   req/s  failures/s
--------|----------------------------------------------------------------------------|-------|-------------|-------|-------|-------|-------|--------|-----------
GET      GET /api/v1/reservas                                                            1093     0(0.00%) |     21       6     378     13 |   19.30        0.00
GET      GET /api/v1/reservas/{id}                                                        378     0(0.00%) |     15       4     289     10 |    5.50        0.00
POST     POST /api/v1/auth/login                                                           50     0(0.00%) |   3726     779    5715   4200 |    0.00        0.00
--------|----------------------------------------------------------------------------|-------|-------------|-------|-------|-------|-------|--------|-----------
         Aggregated                                                                      1521     0(0.00%) |    141       4    5715     12 |   24.90        0.00

Type     Name                                                                          # reqs      # fails |    Avg     Min     Max    Med |   req/s  failures/s
--------|----------------------------------------------------------------------------|-------|-------------|-------|-------|-------|-------|--------|-----------
GET      GET /api/v1/reservas                                                            1129     0(0.00%) |     21       6     378     13 |   18.80        0.00
GET      GET /api/v1/reservas/{id}                                                        392     0(0.00%) |     15       4     289     10 |    5.50        0.00
POST     POST /api/v1/auth/login                                                           50     0(0.00%) |   3726     779    5715   4200 |    0.00        0.00
--------|----------------------------------------------------------------------------|-------|-------------|-------|-------|-------|-------|--------|-----------
         Aggregated                                                                      1571     0(0.00%) |    137       4    5715     12 |   24.30        0.00

Type     Name                                                                          # reqs      # fails |    Avg     Min     Max    Med |   req/s  failures/s
--------|----------------------------------------------------------------------------|-------|-------------|-------|-------|-------|-------|--------|-----------
GET      GET /api/v1/reservas                                                            1163     0(0.00%) |     20       6     378     13 |   18.60        0.00
GET      GET /api/v1/reservas/{id}                                                        408     0(0.00%) |     14       4     289     10 |    6.00        0.00
POST     POST /api/v1/auth/login                                                           50     0(0.00%) |   3726     779    5715   4200 |    0.00        0.00
--------|----------------------------------------------------------------------------|-------|-------------|-------|-------|-------|-------|--------|-----------
         Aggregated                                                                      1621     0(0.00%) |    133       4    5715     12 |   24.60        0.00

Type     Name                                                                          # reqs      # fails |    Avg     Min     Max    Med |   req/s  failures/s
--------|----------------------------------------------------------------------------|-------|-------------|-------|-------|-------|-------|--------|-----------
GET      GET /api/v1/reservas                                                            1201     0(0.00%) |     20       6     378     13 |   17.80        0.00
GET      GET /api/v1/reservas/{id}                                                        422     0(0.00%) |     14       4     289     10 |    6.80        0.00
POST     POST /api/v1/auth/login                                                           50     0(0.00%) |   3726     779    5715   4200 |    0.00        0.00
--------|----------------------------------------------------------------------------|-------|-------------|-------|-------|-------|-------|--------|-----------
         Aggregated                                                                      1673     0(0.00%) |    129       4    5715     12 |   24.60        0.00

Type     Name                                                                          # reqs      # fails |    Avg     Min     Max    Med |   req/s  failures/s
--------|----------------------------------------------------------------------------|-------|-------------|-------|-------|-------|-------|--------|-----------
GET      GET /api/v1/reservas                                                            1239     0(0.00%) |     20       6     378     12 |   18.10        0.00
GET      GET /api/v1/reservas/{id}                                                        431     0(0.00%) |     14       4     289     10 |    6.60        0.00
POST     POST /api/v1/auth/login                                                           50     0(0.00%) |   3726     779    5715   4200 |    0.00        0.00
--------|----------------------------------------------------------------------------|-------|-------------|-------|-------|-------|-------|--------|-----------
         Aggregated                                                                      1720     0(0.00%) |    126       4    5715     12 |   24.70        0.00

Type     Name                                                                          # reqs      # fails |    Avg     Min     Max    Med |   req/s  failures/s
--------|----------------------------------------------------------------------------|-------|-------------|-------|-------|-------|-------|--------|-----------
GET      GET /api/v1/reservas                                                            1271     0(0.00%) |     19       6     378     12 |   17.50        0.00
GET      GET /api/v1/reservas/{id}                                                        445     0(0.00%) |     14       4     289     10 |    6.60        0.00
POST     POST /api/v1/auth/login                                                           50     0(0.00%) |   3726     779    5715   4200 |    0.00        0.00
--------|----------------------------------------------------------------------------|-------|-------------|-------|-------|-------|-------|--------|-----------
         Aggregated                                                                      1766     0(0.00%) |    123       4    5715     12 |   24.00        0.00

Type     Name                                                                          # reqs      # fails |    Avg     Min     Max    Med |   req/s  failures/s
--------|----------------------------------------------------------------------------|-------|-------------|-------|-------|-------|-------|--------|-----------
GET      GET /api/v1/reservas                                                            1312     0(0.00%) |     19       6     378     12 |   17.50        0.00
GET      GET /api/v1/reservas/{id}                                                        455     0(0.00%) |     14       4     289      9 |    6.90        0.00
POST     POST /api/v1/auth/login                                                           50     0(0.00%) |   3726     779    5715   4200 |    0.00        0.00
--------|----------------------------------------------------------------------------|-------|-------------|-------|-------|-------|-------|--------|-----------
         Aggregated                                                                      1817     0(0.00%) |    120       4    5715     12 |   24.40        0.00

Type     Name                                                                          # reqs      # fails |    Avg     Min     Max    Med |   req/s  failures/s
--------|----------------------------------------------------------------------------|-------|-------------|-------|-------|-------|-------|--------|-----------
GET      GET /api/v1/reservas                                                            1343     0(0.00%) |     19       6     378     12 |   18.10        0.00
GET      GET /api/v1/reservas/{id}                                                        471     0(0.00%) |     14       4     289      9 |    6.40        0.00
POST     POST /api/v1/auth/login                                                           50     0(0.00%) |   3726     779    5715   4200 |    0.00        0.00
--------|----------------------------------------------------------------------------|-------|-------------|-------|-------|-------|-------|--------|-----------
         Aggregated                                                                      1864     0(0.00%) |    117       4    5715     11 |   24.50        0.00

Type     Name                                                                          # reqs      # fails |    Avg     Min     Max    Med |   req/s  failures/s
--------|----------------------------------------------------------------------------|-------|-------------|-------|-------|-------|-------|--------|-----------
GET      GET /api/v1/reservas                                                            1385     0(0.00%) |     19       6     378     12 |   18.60        0.00
GET      GET /api/v1/reservas/{id}                                                        486     0(0.00%) |     13       4     289      9 |    6.40        0.00
POST     POST /api/v1/auth/login                                                           50     0(0.00%) |   3726     779    5715   4200 |    0.00        0.00
--------|----------------------------------------------------------------------------|-------|-------------|-------|-------|-------|-------|--------|-----------
         Aggregated                                                                      1921     0(0.00%) |    114       4    5715     11 |   25.00        0.00

Type     Name                                                                          # reqs      # fails |    Avg     Min     Max    Med |   req/s  failures/s
--------|----------------------------------------------------------------------------|-------|-------------|-------|-------|-------|-------|--------|-----------
GET      GET /api/v1/reservas                                                            1425     0(0.00%) |     18       6     378     12 |   18.40        0.00
GET      GET /api/v1/reservas/{id}                                                        491     0(0.00%) |     13       4     289      9 |    6.50        0.00
POST     POST /api/v1/auth/login                                                           50     0(0.00%) |   3726     779    5715   4200 |    0.00        0.00
--------|----------------------------------------------------------------------------|-------|-------------|-------|-------|-------|-------|--------|-----------
         Aggregated                                                                      1966     0(0.00%) |    111       4    5715     11 |   24.90        0.00

Type     Name                                                                          # reqs      # fails |    Avg     Min     Max    Med |   req/s  failures/s
--------|----------------------------------------------------------------------------|-------|-------------|-------|-------|-------|-------|--------|-----------
GET      GET /api/v1/reservas                                                            1468     0(0.00%) |     18       6     378     12 |   18.70        0.00
GET      GET /api/v1/reservas/{id}                                                        502     0(0.00%) |     13       4     289      9 |    6.10        0.00
POST     POST /api/v1/auth/login                                                           50     0(0.00%) |   3726     779    5715   4200 |    0.00        0.00
--------|----------------------------------------------------------------------------|-------|-------------|-------|-------|-------|-------|--------|-----------
         Aggregated                                                                      2020     0(0.00%) |    109       4    5715     11 |   24.80        0.00

Type     Name                                                                          # reqs      # fails |    Avg     Min     Max    Med |   req/s  failures/s
--------|----------------------------------------------------------------------------|-------|-------------|-------|-------|-------|-------|--------|-----------
GET      GET /api/v1/reservas                                                            1507     0(0.00%) |     18       6     378     12 |   19.50        0.00
GET      GET /api/v1/reservas/{id}                                                        510     0(0.00%) |     13       4     289      9 |    5.40        0.00
POST     POST /api/v1/auth/login                                                           50     0(0.00%) |   3726     779    5715   4200 |    0.00        0.00
--------|----------------------------------------------------------------------------|-------|-------------|-------|-------|-------|-------|--------|-----------
         Aggregated                                                                      2067     0(0.00%) |    106       4    5715     11 |   24.90        0.00

Type     Name                                                                          # reqs      # fails |    Avg     Min     Max    Med |   req/s  failures/s
--------|----------------------------------------------------------------------------|-------|-------------|-------|-------|-------|-------|--------|-----------
GET      GET /api/v1/reservas                                                            1548     0(0.00%) |     18       6     378     11 |   19.70        0.00
GET      GET /api/v1/reservas/{id}                                                        523     0(0.00%) |     13       4     289      9 |    5.40        0.00
POST     POST /api/v1/auth/login                                                           50     0(0.00%) |   3726     779    5715   4200 |    0.00        0.00
--------|----------------------------------------------------------------------------|-------|-------------|-------|-------|-------|-------|--------|-----------
         Aggregated                                                                      2121     0(0.00%) |    104       4    5715     11 |   25.10        0.00

Type     Name                                                                          # reqs      # fails |    Avg     Min     Max    Med |   req/s  failures/s
--------|----------------------------------------------------------------------------|-------|-------------|-------|-------|-------|-------|--------|-----------
GET      GET /api/v1/reservas                                                            1591     0(0.00%) |     17       6     378     11 |   20.00        0.00
GET      GET /api/v1/reservas/{id}                                                        533     0(0.00%) |     13       4     289      9 |    5.10        0.00
POST     POST /api/v1/auth/login                                                           50     0(0.00%) |   3726     779    5715   4200 |    0.00        0.00
--------|----------------------------------------------------------------------------|-------|-------------|-------|-------|-------|-------|--------|-----------
         Aggregated                                                                      2174     0(0.00%) |    102       4    5715     11 |   25.10        0.00

Type     Name                                                                          # reqs      # fails |    Avg     Min     Max    Med |   req/s  failures/s
--------|----------------------------------------------------------------------------|-------|-------------|-------|-------|-------|-------|--------|-----------
GET      GET /api/v1/reservas                                                            1630     0(0.00%) |     17       6     378     11 |   20.50        0.00
GET      GET /api/v1/reservas/{id}                                                        540     0(0.00%) |     13       4     289      9 |    4.50        0.00
POST     POST /api/v1/auth/login                                                           50     0(0.00%) |   3726     779    5715   4200 |    0.00        0.00
--------|----------------------------------------------------------------------------|-------|-------------|-------|-------|-------|-------|--------|-----------
         Aggregated                                                                      2220     0(0.00%) |    100       4    5715     11 |   25.00        0.00

Type     Name                                                                          # reqs      # fails |    Avg     Min     Max    Med |   req/s  failures/s
--------|----------------------------------------------------------------------------|-------|-------------|-------|-------|-------|-------|--------|-----------
GET      GET /api/v1/reservas                                                            1672     0(0.00%) |     17       6     378     11 |   20.60        0.00
GET      GET /api/v1/reservas/{id}                                                        548     0(0.00%) |     13       4     289      9 |    4.80        0.00
POST     POST /api/v1/auth/login                                                           50     0(0.00%) |   3726     779    5715   4200 |    0.00        0.00
--------|----------------------------------------------------------------------------|-------|-------------|-------|-------|-------|-------|--------|-----------
         Aggregated                                                                      2270     0(0.00%) |     98       4    5715     11 |   25.40        0.00

Type     Name                                                                          # reqs      # fails |    Avg     Min     Max    Med |   req/s  failures/s
--------|----------------------------------------------------------------------------|-------|-------------|-------|-------|-------|-------|--------|-----------
GET      GET /api/v1/reservas                                                            1708     0(0.00%) |     17       6     378     11 |   20.50        0.00
GET      GET /api/v1/reservas/{id}                                                        561     0(0.00%) |     12       4     289      9 |    4.80        0.00
POST     POST /api/v1/auth/login                                                           50     0(0.00%) |   3726     779    5715   4200 |    0.00        0.00
--------|----------------------------------------------------------------------------|-------|-------------|-------|-------|-------|-------|--------|-----------
         Aggregated                                                                      2319     0(0.00%) |     96       4    5715     11 |   25.30        0.00

Type     Name                                                                          # reqs      # fails |    Avg     Min     Max    Med |   req/s  failures/s
--------|----------------------------------------------------------------------------|-------|-------------|-------|-------|-------|-------|--------|-----------
GET      GET /api/v1/reservas                                                            1744     0(0.00%) |     17       6     378     11 |   19.80        0.00
GET      GET /api/v1/reservas/{id}                                                        570     0(0.00%) |     12       4     289      9 |    4.90        0.00
POST     POST /api/v1/auth/login                                                           50     0(0.00%) |   3726     779    5715   4200 |    0.00        0.00
--------|----------------------------------------------------------------------------|-------|-------------|-------|-------|-------|-------|--------|-----------
         Aggregated                                                                      2364     0(0.00%) |     94       4    5715     11 |   24.70        0.00

Type     Name                                                                          # reqs      # fails |    Avg     Min     Max    Med |   req/s  failures/s
--------|----------------------------------------------------------------------------|-------|-------------|-------|-------|-------|-------|--------|-----------
GET      GET /api/v1/reservas                                                            1781     0(0.00%) |     17       6     378     11 |   19.50        0.00
GET      GET /api/v1/reservas/{id}                                                        588     0(0.00%) |     12       4     289      9 |    4.90        0.00
POST     POST /api/v1/auth/login                                                           50     0(0.00%) |   3726     779    5715   4200 |    0.00        0.00
--------|----------------------------------------------------------------------------|-------|-------------|-------|-------|-------|-------|--------|-----------
         Aggregated                                                                      2419     0(0.00%) |     92       4    5715     11 |   24.40        0.00

Type     Name                                                                          # reqs      # fails |    Avg     Min     Max    Med |   req/s  failures/s
--------|----------------------------------------------------------------------------|-------|-------------|-------|-------|-------|-------|--------|-----------
GET      GET /api/v1/reservas                                                            1813     0(0.00%) |     16       6     378     11 |   18.90        0.00
GET      GET /api/v1/reservas/{id}                                                        603     0(0.00%) |     12       4     289      8 |    5.80        0.00
POST     POST /api/v1/auth/login                                                           50     0(0.00%) |   3726     779    5715   4200 |    0.00        0.00
--------|----------------------------------------------------------------------------|-------|-------------|-------|-------|-------|-------|--------|-----------
         Aggregated                                                                      2466     0(0.00%) |     91       4    5715     10 |   24.70        0.00

Type     Name                                                                          # reqs      # fails |    Avg     Min     Max    Med |   req/s  failures/s
--------|----------------------------------------------------------------------------|-------|-------------|-------|-------|-------|-------|--------|-----------
GET      GET /api/v1/reservas                                                            1853     0(0.00%) |     16       6     378     11 |   18.00        0.00
GET      GET /api/v1/reservas/{id}                                                        617     0(0.00%) |     12       4     289      8 |    6.30        0.00
POST     POST /api/v1/auth/login                                                           50     0(0.00%) |   3726     779    5715   4200 |    0.00        0.00
--------|----------------------------------------------------------------------------|-------|-------------|-------|-------|-------|-------|--------|-----------
         Aggregated                                                                      2520     0(0.00%) |     89       4    5715     10 |   24.30        0.00

Type     Name                                                                          # reqs      # fails |    Avg     Min     Max    Med |   req/s  failures/s
--------|----------------------------------------------------------------------------|-------|-------------|-------|-------|-------|-------|--------|-----------
GET      GET /api/v1/reservas                                                            1898     0(0.00%) |     16       6     378     11 |   18.00        0.00
GET      GET /api/v1/reservas/{id}                                                        626     0(0.00%) |     12       4     289      8 |    6.80        0.00
POST     POST /api/v1/auth/login                                                           50     0(0.00%) |   3726     779    5715   4200 |    0.00        0.00
--------|----------------------------------------------------------------------------|-------|-------------|-------|-------|-------|-------|--------|-----------
         Aggregated                                                                      2574     0(0.00%) |     87       4    5715     10 |   24.80        0.00

Type     Name                                                                          # reqs      # fails |    Avg     Min     Max    Med |   req/s  failures/s
--------|----------------------------------------------------------------------------|-------|-------------|-------|-------|-------|-------|--------|-----------
GET      GET /api/v1/reservas                                                            1933     0(0.00%) |     16       6     378     11 |   19.00        0.00
GET      GET /api/v1/reservas/{id}                                                        643     0(0.00%) |     12       4     289      8 |    6.90        0.00
POST     POST /api/v1/auth/login                                                           50     0(0.00%) |   3726     779    5715   4200 |    0.00        0.00
--------|----------------------------------------------------------------------------|-------|-------------|-------|-------|-------|-------|--------|-----------
         Aggregated                                                                      2626     0(0.00%) |     86       4    5715     10 |   25.90        0.00

Type     Name                                                                          # reqs      # fails |    Avg     Min     Max    Med |   req/s  failures/s
--------|----------------------------------------------------------------------------|-------|-------------|-------|-------|-------|-------|--------|-----------
GET      GET /api/v1/reservas                                                            1969     0(0.00%) |     16       6     378     11 |   18.80        0.00
GET      GET /api/v1/reservas/{id}                                                        651     0(0.00%) |     12       4     289      8 |    7.20        0.00
POST     POST /api/v1/auth/login                                                           50     0(0.00%) |   3726     779    5715   4200 |    0.00        0.00
--------|----------------------------------------------------------------------------|-------|-------------|-------|-------|-------|-------|--------|-----------
         Aggregated                                                                      2670     0(0.00%) |     84       4    5715     10 |   26.00        0.00

Type     Name                                                                          # reqs      # fails |    Avg     Min     Max    Med |   req/s  failures/s
--------|----------------------------------------------------------------------------|-------|-------------|-------|-------|-------|-------|--------|-----------
GET      GET /api/v1/reservas                                                            2004     0(0.00%) |     16       6     378     11 |   18.90        0.00
GET      GET /api/v1/reservas/{id}                                                        665     0(0.00%) |     12       4     289      8 |    6.00        0.00
POST     POST /api/v1/auth/login                                                           50     0(0.00%) |   3726     779    5715   4200 |    0.00        0.00
--------|----------------------------------------------------------------------------|-------|-------------|-------|-------|-------|-------|--------|-----------
         Aggregated                                                                      2719     0(0.00%) |     83       4    5715     10 |   24.90        0.00

Type     Name                                                                          # reqs      # fails |    Avg     Min     Max    Med |   req/s  failures/s
--------|----------------------------------------------------------------------------|-------|-------------|-------|-------|-------|-------|--------|-----------
GET      GET /api/v1/reservas                                                            2050     0(0.00%) |     16       6     378     11 |   19.60        0.00
GET      GET /api/v1/reservas/{id}                                                        677     0(0.00%) |     12       4     289      8 |    6.20        0.00
POST     POST /api/v1/auth/login                                                           50     0(0.00%) |   3726     779    5715   4200 |    0.00        0.00
--------|----------------------------------------------------------------------------|-------|-------------|-------|-------|-------|-------|--------|-----------
         Aggregated                                                                      2777     0(0.00%) |     81       4    5715     10 |   25.80        0.00

Type     Name                                                                          # reqs      # fails |    Avg     Min     Max    Med |   req/s  failures/s
--------|----------------------------------------------------------------------------|-------|-------------|-------|-------|-------|-------|--------|-----------
GET      GET /api/v1/reservas                                                            2092     0(0.00%) |     15       6     378     11 |   19.50        0.00
GET      GET /api/v1/reservas/{id}                                                        686     0(0.00%) |     11       4     289      8 |    6.10        0.00
POST     POST /api/v1/auth/login                                                           50     0(0.00%) |   3726     779    5715   4200 |    0.00        0.00
--------|----------------------------------------------------------------------------|-------|-------------|-------|-------|-------|-------|--------|-----------
         Aggregated                                                                      2828     0(0.00%) |     80       4    5715     10 |   25.60        0.00

Type     Name                                                                          # reqs      # fails |    Avg     Min     Max    Med |   req/s  failures/s
--------|----------------------------------------------------------------------------|-------|-------------|-------|-------|-------|-------|--------|-----------
GET      GET /api/v1/reservas                                                            2133     0(0.00%) |     15       6     378     11 |   19.50        0.00
GET      GET /api/v1/reservas/{id}                                                        695     0(0.00%) |     11       4     289      8 |    5.80        0.00
POST     POST /api/v1/auth/login                                                           50     0(0.00%) |   3726     779    5715   4200 |    0.00        0.00
--------|----------------------------------------------------------------------------|-------|-------------|-------|-------|-------|-------|--------|-----------
         Aggregated                                                                      2878     0(0.00%) |     79       4    5715     10 |   25.30        0.00

Type     Name                                                                          # reqs      # fails |    Avg     Min     Max    Med |   req/s  failures/s
--------|----------------------------------------------------------------------------|-------|-------------|-------|-------|-------|-------|--------|-----------
GET      GET /api/v1/reservas                                                            2169     0(0.00%) |     15       6     378     10 |   19.90        0.00
GET      GET /api/v1/reservas/{id}                                                        706     0(0.00%) |     11       4     289      8 |    5.10        0.00
POST     POST /api/v1/auth/login                                                           50     0(0.00%) |   3726     779    5715   4200 |    0.00        0.00
--------|----------------------------------------------------------------------------|-------|-------------|-------|-------|-------|-------|--------|-----------
         Aggregated                                                                      2925     0(0.00%) |     78       4    5715     10 |   25.00        0.00

Type     Name                                                                          # reqs      # fails |    Avg     Min     Max    Med |   req/s  failures/s
--------|----------------------------------------------------------------------------|-------|-------------|-------|-------|-------|-------|--------|-----------
GET      GET /api/v1/reservas                                                            2207     0(0.00%) |     15       6     378     10 |   20.10        0.00
GET      GET /api/v1/reservas/{id}                                                        718     0(0.00%) |     11       4     289      8 |    5.70        0.00
POST     POST /api/v1/auth/login                                                           50     0(0.00%) |   3726     779    5715   4200 |    0.00        0.00
--------|----------------------------------------------------------------------------|-------|-------------|-------|-------|-------|-------|--------|-----------
         Aggregated                                                                      2975     0(0.00%) |     77       4    5715     10 |   25.80        0.00

Type     Name                                                                          # reqs      # fails |    Avg     Min     Max    Med |   req/s  failures/s
--------|----------------------------------------------------------------------------|-------|-------------|-------|-------|-------|-------|--------|-----------
GET      GET /api/v1/reservas                                                            2246     0(0.00%) |     15       6     378     10 |   19.70        0.00
GET      GET /api/v1/reservas/{id}                                                        730     0(0.00%) |     11       4     289      8 |    5.50        0.00
POST     POST /api/v1/auth/login                                                           50     0(0.00%) |   3726     779    5715   4200 |    0.00        0.00
--------|----------------------------------------------------------------------------|-------|-------------|-------|-------|-------|-------|--------|-----------
         Aggregated                                                                      3026     0(0.00%) |     75       4    5715     10 |   25.20        0.00

Type     Name                                                                          # reqs      # fails |    Avg     Min     Max    Med |   req/s  failures/s
--------|----------------------------------------------------------------------------|-------|-------------|-------|-------|-------|-------|--------|-----------
GET      GET /api/v1/reservas                                                            2283     0(0.00%) |     15       6     378     10 |   19.60        0.00
GET      GET /api/v1/reservas/{id}                                                        740     0(0.00%) |     11       4     289      8 |    5.20        0.00
POST     POST /api/v1/auth/login                                                           50     0(0.00%) |   3726     779    5715   4200 |    0.00        0.00
--------|----------------------------------------------------------------------------|-------|-------------|-------|-------|-------|-------|--------|-----------
         Aggregated                                                                      3073     0(0.00%) |     74       4    5715     10 |   24.80        0.00

Type     Name                                                                          # reqs      # fails |    Avg     Min     Max    Med |   req/s  failures/s
--------|----------------------------------------------------------------------------|-------|-------------|-------|-------|-------|-------|--------|-----------
GET      GET /api/v1/reservas                                                            2323     0(0.00%) |     15       6     378     10 |   19.50        0.00
GET      GET /api/v1/reservas/{id}                                                        749     0(0.00%) |     11       4     289      8 |    5.40        0.00
POST     POST /api/v1/auth/login                                                           50     0(0.00%) |   3726     779    5715   4200 |    0.00        0.00
--------|----------------------------------------------------------------------------|-------|-------------|-------|-------|-------|-------|--------|-----------
         Aggregated                                                                      3122     0(0.00%) |     73       4    5715     10 |   24.90        0.00

Type     Name                                                                          # reqs      # fails |    Avg     Min     Max    Med |   req/s  failures/s
--------|----------------------------------------------------------------------------|-------|-------------|-------|-------|-------|-------|--------|-----------
GET      GET /api/v1/reservas                                                            2365     0(0.00%) |     15       6     378     10 |   19.50        0.00
GET      GET /api/v1/reservas/{id}                                                        762     0(0.00%) |     11       4     289      8 |    5.40        0.00
POST     POST /api/v1/auth/login                                                           50     0(0.00%) |   3726     779    5715   4200 |    0.00        0.00
--------|----------------------------------------------------------------------------|-------|-------------|-------|-------|-------|-------|--------|-----------
         Aggregated                                                                      3177     0(0.00%) |     72       4    5715     10 |   24.90        0.00

Type     Name                                                                          # reqs      # fails |    Avg     Min     Max    Med |   req/s  failures/s
--------|----------------------------------------------------------------------------|-------|-------------|-------|-------|-------|-------|--------|-----------
GET      GET /api/v1/reservas                                                            2401     0(0.00%) |     15       6     378     10 |   19.20        0.00
GET      GET /api/v1/reservas/{id}                                                        776     0(0.00%) |     11       4     289      8 |    5.50        0.00
POST     POST /api/v1/auth/login                                                           50     0(0.00%) |   3726     779    5715   4200 |    0.00        0.00
--------|----------------------------------------------------------------------------|-------|-------------|-------|-------|-------|-------|--------|-----------
         Aggregated                                                                      3227     0(0.00%) |     71       4    5715     10 |   24.70        0.00

Type     Name                                                                          # reqs      # fails |    Avg     Min     Max    Med |   req/s  failures/s
--------|----------------------------------------------------------------------------|-------|-------------|-------|-------|-------|-------|--------|-----------
GET      GET /api/v1/reservas                                                            2442     0(0.00%) |     14       6     378     10 |   19.40        0.00
GET      GET /api/v1/reservas/{id}                                                        786     0(0.00%) |     11       4     289      8 |    5.60        0.00
POST     POST /api/v1/auth/login                                                           50     0(0.00%) |   3726     779    5715   4200 |    0.00        0.00
--------|----------------------------------------------------------------------------|-------|-------------|-------|-------|-------|-------|--------|-----------
         Aggregated                                                                      3278     0(0.00%) |     70       4    5715     10 |   25.00        0.00

Type     Name                                                                          # reqs      # fails |    Avg     Min     Max    Med |   req/s  failures/s
--------|----------------------------------------------------------------------------|-------|-------------|-------|-------|-------|-------|--------|-----------
GET      GET /api/v1/reservas                                                            2477     0(0.00%) |     14       6     378     10 |   20.20        0.00
GET      GET /api/v1/reservas/{id}                                                        798     0(0.00%) |     11       4     289      8 |    5.80        0.00
POST     POST /api/v1/auth/login                                                           50     0(0.00%) |   3726     779    5715   4200 |    0.00        0.00
--------|----------------------------------------------------------------------------|-------|-------------|-------|-------|-------|-------|--------|-----------
         Aggregated                                                                      3325     0(0.00%) |     69       4    5715     10 |   26.00        0.00

Type     Name                                                                          # reqs      # fails |    Avg     Min     Max    Med |   req/s  failures/s
--------|----------------------------------------------------------------------------|-------|-------------|-------|-------|-------|-------|--------|-----------
GET      GET /api/v1/reservas                                                            2523     0(0.00%) |     14       6     378     10 |   18.90        0.00
GET      GET /api/v1/reservas/{id}                                                        809     0(0.00%) |     11       4     289      8 |    5.80        0.00
POST     POST /api/v1/auth/login                                                           50     0(0.00%) |   3726     779    5715   4200 |    0.00        0.00
--------|----------------------------------------------------------------------------|-------|-------------|-------|-------|-------|-------|--------|-----------
         Aggregated                                                                      3382     0(0.00%) |     68       4    5715     10 |   24.70        0.00

Type     Name                                                                          # reqs      # fails |    Avg     Min     Max    Med |   req/s  failures/s
--------|----------------------------------------------------------------------------|-------|-------------|-------|-------|-------|-------|--------|-----------
GET      GET /api/v1/reservas                                                            2557     0(0.00%) |     14       6     378     10 |   19.50        0.00
GET      GET /api/v1/reservas/{id}                                                        821     0(0.00%) |     11       4     289      8 |    5.90        0.00
POST     POST /api/v1/auth/login                                                           50     0(0.00%) |   3726     779    5715   4200 |    0.00        0.00
--------|----------------------------------------------------------------------------|-------|-------------|-------|-------|-------|-------|--------|-----------
         Aggregated                                                                      3428     0(0.00%) |     67       4    5715     10 |   25.40        0.00

Type     Name                                                                          # reqs      # fails |    Avg     Min     Max    Med |   req/s  failures/s
--------|----------------------------------------------------------------------------|-------|-------------|-------|-------|-------|-------|--------|-----------
GET      GET /api/v1/reservas                                                            2602     0(0.00%) |     14       6     378     10 |   19.60        0.00
GET      GET /api/v1/reservas/{id}                                                        825     0(0.00%) |     11       4     289      8 |    6.00        0.00
POST     POST /api/v1/auth/login                                                           50     0(0.00%) |   3726     779    5715   4200 |    0.00        0.00
--------|----------------------------------------------------------------------------|-------|-------------|-------|-------|-------|-------|--------|-----------
         Aggregated                                                                      3477     0(0.00%) |     67       4    5715     10 |   25.60        0.00

Type     Name                                                                          # reqs      # fails |    Avg     Min     Max    Med |   req/s  failures/s
--------|----------------------------------------------------------------------------|-------|-------------|-------|-------|-------|-------|--------|-----------
GET      GET /api/v1/reservas                                                            2639     0(0.00%) |     14       6     378     10 |   20.10        0.00
GET      GET /api/v1/reservas/{id}                                                        842     0(0.00%) |     10       4     289      8 |    5.10        0.00
POST     POST /api/v1/auth/login                                                           50     0(0.00%) |   3726     779    5715   4200 |    0.00        0.00
--------|----------------------------------------------------------------------------|-------|-------------|-------|-------|-------|-------|--------|-----------
         Aggregated                                                                      3531     0(0.00%) |     66       4    5715     10 |   25.20        0.00

Type     Name                                                                          # reqs      # fails |    Avg     Min     Max    Med |   req/s  failures/s
--------|----------------------------------------------------------------------------|-------|-------------|-------|-------|-------|-------|--------|-----------
GET      GET /api/v1/reservas                                                            2678     0(0.00%) |     14       6     378     10 |   19.30        0.00
GET      GET /api/v1/reservas/{id}                                                        851     0(0.00%) |     10       4     289      8 |    5.20        0.00
POST     POST /api/v1/auth/login                                                           50     0(0.00%) |   3726     779    5715   4200 |    0.00        0.00
--------|----------------------------------------------------------------------------|-------|-------------|-------|-------|-------|-------|--------|-----------
         Aggregated                                                                      3579     0(0.00%) |     65       4    5715     10 |   24.50        0.00

Type     Name                                                                          # reqs      # fails |    Avg     Min     Max    Med |   req/s  failures/s
--------|----------------------------------------------------------------------------|-------|-------------|-------|-------|-------|-------|--------|-----------
GET      GET /api/v1/reservas                                                            2716     0(0.00%) |     14       6     378     10 |   20.60        0.00
GET      GET /api/v1/reservas/{id}                                                        864     0(0.00%) |     10       4     289      8 |    5.40        0.00
POST     POST /api/v1/auth/login                                                           50     0(0.00%) |   3726     779    5715   4200 |    0.00        0.00
--------|----------------------------------------------------------------------------|-------|-------------|-------|-------|-------|-------|--------|-----------
         Aggregated                                                                      3630     0(0.00%) |     64       4    5715     10 |   26.00        0.00

Type     Name                                                                          # reqs      # fails |    Avg     Min     Max    Med |   req/s  failures/s
--------|----------------------------------------------------------------------------|-------|-------------|-------|-------|-------|-------|--------|-----------
GET      GET /api/v1/reservas                                                            2755     0(0.00%) |     14       6     378     10 |   19.60        0.00
GET      GET /api/v1/reservas/{id}                                                        878     0(0.00%) |     10       4     289      8 |    5.50        0.00
POST     POST /api/v1/auth/login                                                           50     0(0.00%) |   3726     779    5715   4200 |    0.00        0.00
--------|----------------------------------------------------------------------------|-------|-------------|-------|-------|-------|-------|--------|-----------
         Aggregated                                                                      3683     0(0.00%) |     63       4    5715      9 |   25.10        0.00

Type     Name                                                                          # reqs      # fails |    Avg     Min     Max    Med |   req/s  failures/s
--------|----------------------------------------------------------------------------|-------|-------------|-------|-------|-------|-------|--------|-----------
GET      GET /api/v1/reservas                                                            2792     0(0.00%) |     14       5     378     10 |   19.90        0.00
GET      GET /api/v1/reservas/{id}                                                        896     0(0.00%) |     10       4     289      8 |    5.60        0.00
POST     POST /api/v1/auth/login                                                           50     0(0.00%) |   3726     779    5715   4200 |    0.00        0.00
--------|----------------------------------------------------------------------------|-------|-------------|-------|-------|-------|-------|--------|-----------
         Aggregated                                                                      3738     0(0.00%) |     63       4    5715      9 |   25.50        0.00

Type     Name                                                                          # reqs      # fails |    Avg     Min     Max    Med |   req/s  failures/s
--------|----------------------------------------------------------------------------|-------|-------------|-------|-------|-------|-------|--------|-----------
GET      GET /api/v1/reservas                                                            2826     0(0.00%) |     14       5     378     10 |   19.50        0.00
GET      GET /api/v1/reservas/{id}                                                        908     0(0.00%) |     10       4     289      8 |    6.40        0.00
POST     POST /api/v1/auth/login                                                           50     0(0.00%) |   3726     779    5715   4200 |    0.00        0.00
--------|----------------------------------------------------------------------------|-------|-------------|-------|-------|-------|-------|--------|-----------
         Aggregated                                                                      3784     0(0.00%) |     62       4    5715      9 |   25.90        0.00

Type     Name                                                                          # reqs      # fails |    Avg     Min     Max    Med |   req/s  failures/s
--------|----------------------------------------------------------------------------|-------|-------------|-------|-------|-------|-------|--------|-----------
GET      GET /api/v1/reservas                                                            2862     0(0.00%) |     14       5     378     10 |   18.90        0.00
GET      GET /api/v1/reservas/{id}                                                        920     0(0.00%) |     10       4     289      8 |    6.70        0.00
POST     POST /api/v1/auth/login                                                           50     0(0.00%) |   3726     779    5715   4200 |    0.00        0.00
--------|----------------------------------------------------------------------------|-------|-------------|-------|-------|-------|-------|--------|-----------
         Aggregated                                                                      3832     0(0.00%) |     61       4    5715      9 |   25.60        0.00

Type     Name                                                                          # reqs      # fails |    Avg     Min     Max    Med |   req/s  failures/s
--------|----------------------------------------------------------------------------|-------|-------------|-------|-------|-------|-------|--------|-----------
GET      GET /api/v1/reservas                                                            2901     0(0.00%) |     14       5     378     10 |   18.00        0.00
GET      GET /api/v1/reservas/{id}                                                        934     0(0.00%) |     10       4     289      8 |    6.90        0.00
POST     POST /api/v1/auth/login                                                           50     0(0.00%) |   3726     779    5715   4200 |    0.00        0.00
--------|----------------------------------------------------------------------------|-------|-------------|-------|-------|-------|-------|--------|-----------
         Aggregated                                                                      3885     0(0.00%) |     60       4    5715      9 |   24.90        0.00

Type     Name                                                                          # reqs      # fails |    Avg     Min     Max    Med |   req/s  failures/s
--------|----------------------------------------------------------------------------|-------|-------------|-------|-------|-------|-------|--------|-----------
GET      GET /api/v1/reservas                                                            2935     0(0.00%) |     13       5     378     10 |   18.40        0.00
GET      GET /api/v1/reservas/{id}                                                        949     0(0.00%) |     10       4     289      7 |    7.00        0.00
POST     POST /api/v1/auth/login                                                           50     0(0.00%) |   3726     779    5715   4200 |    0.00        0.00
--------|----------------------------------------------------------------------------|-------|-------------|-------|-------|-------|-------|--------|-----------
         Aggregated                                                                      3934     0(0.00%) |     60       4    5715      9 |   25.40        0.00

Type     Name                                                                          # reqs      # fails |    Avg     Min     Max    Med |   req/s  failures/s
--------|----------------------------------------------------------------------------|-------|-------------|-------|-------|-------|-------|--------|-----------
GET      GET /api/v1/reservas                                                            2976     0(0.00%) |     13       5     378     10 |   17.90        0.00
GET      GET /api/v1/reservas/{id}                                                        964     0(0.00%) |     10       4     289      7 |    7.00        0.00
POST     POST /api/v1/auth/login                                                           50     0(0.00%) |   3726     779    5715   4200 |    0.00        0.00
--------|----------------------------------------------------------------------------|-------|-------------|-------|-------|-------|-------|--------|-----------
         Aggregated                                                                      3990     0(0.00%) |     59       4    5715      9 |   24.90        0.00

Type     Name                                                                          # reqs      # fails |    Avg     Min     Max    Med |   req/s  failures/s
--------|----------------------------------------------------------------------------|-------|-------------|-------|-------|-------|-------|--------|-----------
GET      GET /api/v1/reservas                                                            3016     0(0.00%) |     14       5     378     10 |   17.90        0.00
GET      GET /api/v1/reservas/{id}                                                        974     0(0.00%) |     10       4     289      7 |    7.20        0.00
POST     POST /api/v1/auth/login                                                           50     0(0.00%) |   3726     779    5715   4200 |    0.00        0.00
--------|----------------------------------------------------------------------------|-------|-------------|-------|-------|-------|-------|--------|-----------
         Aggregated                                                                      4040     0(0.00%) |     59       4    5715      9 |   25.10        0.00

Type     Name                                                                          # reqs      # fails |    Avg     Min     Max    Med |   req/s  failures/s
--------|----------------------------------------------------------------------------|-------|-------------|-------|-------|-------|-------|--------|-----------
GET      GET /api/v1/reservas                                                            3054     0(0.00%) |     14       5     378     10 |   18.80        0.00
GET      GET /api/v1/reservas/{id}                                                        981     0(0.00%) |     10       4     289      7 |    6.80        0.00
POST     POST /api/v1/auth/login                                                           50     0(0.00%) |   3726     779    5715   4200 |    0.00        0.00
--------|----------------------------------------------------------------------------|-------|-------------|-------|-------|-------|-------|--------|-----------
         Aggregated                                                                      4085     0(0.00%) |     58       4    5715      9 |   25.60        0.00

Type     Name                                                                          # reqs      # fails |    Avg     Min     Max    Med |   req/s  failures/s
--------|----------------------------------------------------------------------------|-------|-------------|-------|-------|-------|-------|--------|-----------
GET      GET /api/v1/reservas                                                            3094     0(0.00%) |     14       5     378     10 |   19.00        0.00
GET      GET /api/v1/reservas/{id}                                                        995     0(0.00%) |     10       4     289      7 |    6.00        0.00
POST     POST /api/v1/auth/login                                                           50     0(0.00%) |   3726     779    5715   4200 |    0.00        0.00
--------|----------------------------------------------------------------------------|-------|-------------|-------|-------|-------|-------|--------|-----------
         Aggregated                                                                      4139     0(0.00%) |     58       4    5715      9 |   25.00        0.00

Type     Name                                                                          # reqs      # fails |    Avg     Min     Max    Med |   req/s  failures/s
--------|----------------------------------------------------------------------------|-------|-------------|-------|-------|-------|-------|--------|-----------
GET      GET /api/v1/reservas                                                            3134     0(0.00%) |     14       5     378     10 |   19.30        0.00
GET      GET /api/v1/reservas/{id}                                                       1002     0(0.00%) |     10       4     289      7 |    6.40        0.00
POST     POST /api/v1/auth/login                                                           50     0(0.00%) |   3726     779    5715   4200 |    0.00        0.00
--------|----------------------------------------------------------------------------|-------|-------------|-------|-------|-------|-------|--------|-----------
         Aggregated                                                                      4186     0(0.00%) |     57       4    5715      9 |   25.70        0.00

Type     Name                                                                          # reqs      # fails |    Avg     Min     Max    Med |   req/s  failures/s
--------|----------------------------------------------------------------------------|-------|-------------|-------|-------|-------|-------|--------|-----------
GET      GET /api/v1/reservas                                                            3177     0(0.00%) |     14       5     378     10 |   19.90        0.00
GET      GET /api/v1/reservas/{id}                                                       1011     0(0.00%) |     10       4     289      7 |    5.50        0.00
POST     POST /api/v1/auth/login                                                           50     0(0.00%) |   3726     779    5715   4200 |    0.00        0.00
--------|----------------------------------------------------------------------------|-------|-------------|-------|-------|-------|-------|--------|-----------
         Aggregated                                                                      4238     0(0.00%) |     57       4    5715      9 |   25.40        0.00

Type     Name                                                                          # reqs      # fails |    Avg     Min     Max    Med |   req/s  failures/s
--------|----------------------------------------------------------------------------|-------|-------------|-------|-------|-------|-------|--------|-----------
GET      GET /api/v1/reservas                                                            3215     0(0.00%) |     14       5     378     10 |   20.10        0.00
GET      GET /api/v1/reservas/{id}                                                       1025     0(0.00%) |     10       4     289      7 |    4.80        0.00
POST     POST /api/v1/auth/login                                                           50     0(0.00%) |   3726     779    5715   4200 |    0.00        0.00
--------|----------------------------------------------------------------------------|-------|-------------|-------|-------|-------|-------|--------|-----------
         Aggregated                                                                      4290     0(0.00%) |     56       4    5715      9 |   24.90        0.00

Type     Name                                                                          # reqs      # fails |    Avg     Min     Max    Med |   req/s  failures/s
--------|----------------------------------------------------------------------------|-------|-------------|-------|-------|-------|-------|--------|-----------
GET      GET /api/v1/reservas                                                            3251     0(0.00%) |     14       5     378     10 |   20.00        0.00
GET      GET /api/v1/reservas/{id}                                                       1041     0(0.00%) |     10       4     289      7 |    5.10        0.00
POST     POST /api/v1/auth/login                                                           50     0(0.00%) |   3726     779    5715   4200 |    0.00        0.00
--------|----------------------------------------------------------------------------|-------|-------------|-------|-------|-------|-------|--------|-----------
         Aggregated                                                                      4342     0(0.00%) |     55       4    5715      9 |   25.10        0.00

Type     Name                                                                          # reqs      # fails |    Avg     Min     Max    Med |   req/s  failures/s
--------|----------------------------------------------------------------------------|-------|-------------|-------|-------|-------|-------|--------|-----------
GET      GET /api/v1/reservas                                                            3286     0(0.00%) |     14       5     378     10 |   19.30        0.00
GET      GET /api/v1/reservas/{id}                                                       1058     0(0.00%) |     10       4     289      7 |    5.90        0.00
POST     POST /api/v1/auth/login                                                           50     0(0.00%) |   3726     779    5715   4200 |    0.00        0.00
--------|----------------------------------------------------------------------------|-------|-------------|-------|-------|-------|-------|--------|-----------
         Aggregated                                                                      4394     0(0.00%) |     55       4    5715      9 |   25.20        0.00

Type     Name                                                                          # reqs      # fails |    Avg     Min     Max    Med |   req/s  failures/s
--------|----------------------------------------------------------------------------|-------|-------------|-------|-------|-------|-------|--------|-----------
GET      GET /api/v1/reservas                                                            3317     0(0.00%) |     13       5     378     10 |   19.50        0.00
GET      GET /api/v1/reservas/{id}                                                       1072     0(0.00%) |     10       4     289      7 |    5.80        0.00
POST     POST /api/v1/auth/login                                                           50     0(0.00%) |   3726     779    5715   4200 |    0.00        0.00
--------|----------------------------------------------------------------------------|-------|-------------|-------|-------|-------|-------|--------|-----------
         Aggregated                                                                      4439     0(0.00%) |     54       4    5715      9 |   25.30        0.00

Type     Name                                                                          # reqs      # fails |    Avg     Min     Max    Med |   req/s  failures/s
--------|----------------------------------------------------------------------------|-------|-------------|-------|-------|-------|-------|--------|-----------
GET      GET /api/v1/reservas                                                            3351     0(0.00%) |     13       5     378     10 |   18.20        0.00
GET      GET /api/v1/reservas/{id}                                                       1091     0(0.00%) |     10       4     289      7 |    6.90        0.00
POST     POST /api/v1/auth/login                                                           50     0(0.00%) |   3726     779    5715   4200 |    0.00        0.00
--------|----------------------------------------------------------------------------|-------|-------------|-------|-------|-------|-------|--------|-----------
         Aggregated                                                                      4492     0(0.00%) |     54       4    5715      9 |   25.10        0.00

Type     Name                                                                          # reqs      # fails |    Avg     Min     Max    Med |   req/s  failures/s
--------|----------------------------------------------------------------------------|-------|-------------|-------|-------|-------|-------|--------|-----------
GET      GET /api/v1/reservas                                                            3389     0(0.00%) |     13       5     378     10 |   17.60        0.00
GET      GET /api/v1/reservas/{id}                                                       1100     0(0.00%) |     10       4     289      7 |    8.00        0.00
POST     POST /api/v1/auth/login                                                           50     0(0.00%) |   3726     779    5715   4200 |    0.00        0.00
--------|----------------------------------------------------------------------------|-------|-------------|-------|-------|-------|-------|--------|-----------
         Aggregated                                                                      4539     0(0.00%) |     53       4    5715      9 |   25.60        0.00

Type     Name                                                                          # reqs      # fails |    Avg     Min     Max    Med |   req/s  failures/s
--------|----------------------------------------------------------------------------|-------|-------------|-------|-------|-------|-------|--------|-----------
GET      GET /api/v1/reservas                                                            3429     0(0.00%) |     13       5     378      9 |   17.60        0.00
GET      GET /api/v1/reservas/{id}                                                       1114     0(0.00%) |     10       4     289      7 |    7.30        0.00
POST     POST /api/v1/auth/login                                                           50     0(0.00%) |   3726     779    5715   4200 |    0.00        0.00
--------|----------------------------------------------------------------------------|-------|-------------|-------|-------|-------|-------|--------|-----------
         Aggregated                                                                      4593     0(0.00%) |     53       4    5715      9 |   24.90        0.00

Type     Name                                                                          # reqs      # fails |    Avg     Min     Max    Med |   req/s  failures/s
--------|----------------------------------------------------------------------------|-------|-------------|-------|-------|-------|-------|--------|-----------
GET      GET /api/v1/reservas                                                            3461     0(0.00%) |     13       5     378      9 |   18.20        0.00
GET      GET /api/v1/reservas/{id}                                                       1129     0(0.00%) |      9       4     289      7 |    7.40        0.00
POST     POST /api/v1/auth/login                                                           50     0(0.00%) |   3726     779    5715   4200 |    0.00        0.00
--------|----------------------------------------------------------------------------|-------|-------------|-------|-------|-------|-------|--------|-----------
         Aggregated                                                                      4640     0(0.00%) |     52       4    5715      9 |   25.60        0.00

Type     Name                                                                          # reqs      # fails |    Avg     Min     Max    Med |   req/s  failures/s
--------|----------------------------------------------------------------------------|-------|-------------|-------|-------|-------|-------|--------|-----------
GET      GET /api/v1/reservas                                                            3502     0(0.00%) |     13       5     378      9 |   17.60        0.00
GET      GET /api/v1/reservas/{id}                                                       1140     0(0.00%) |      9       4     289      7 |    7.20        0.00
POST     POST /api/v1/auth/login                                                           50     0(0.00%) |   3726     779    5715   4200 |    0.00        0.00
--------|----------------------------------------------------------------------------|-------|-------------|-------|-------|-------|-------|--------|-----------
         Aggregated                                                                      4692     0(0.00%) |     52       4    5715      9 |   24.80        0.00

Type     Name                                                                          # reqs      # fails |    Avg     Min     Max    Med |   req/s  failures/s
--------|----------------------------------------------------------------------------|-------|-------------|-------|-------|-------|-------|--------|-----------
GET      GET /api/v1/reservas                                                            3534     0(0.00%) |     13       5     378      9 |   18.60        0.00
GET      GET /api/v1/reservas/{id}                                                       1159     0(0.00%) |      9       4     289      7 |    6.80        0.00
POST     POST /api/v1/auth/login                                                           50     0(0.00%) |   3726     779    5715   4200 |    0.00        0.00
--------|----------------------------------------------------------------------------|-------|-------------|-------|-------|-------|-------|--------|-----------
         Aggregated                                                                      4743     0(0.00%) |     51       4    5715      9 |   25.40        0.00

Type     Name                                                                          # reqs      # fails |    Avg     Min     Max    Med |   req/s  failures/s
--------|----------------------------------------------------------------------------|-------|-------------|-------|-------|-------|-------|--------|-----------
GET      GET /api/v1/reservas                                                            3582     0(0.00%) |     13       5     378      9 |   18.60        0.00
GET      GET /api/v1/reservas/{id}                                                       1167     0(0.00%) |      9       4     289      7 |    6.60        0.00
POST     POST /api/v1/auth/login                                                           50     0(0.00%) |   3726     779    5715   4200 |    0.00        0.00
--------|----------------------------------------------------------------------------|-------|-------------|-------|-------|-------|-------|--------|-----------
         Aggregated                                                                      4799     0(0.00%) |     51       4    5715      9 |   25.20        0.00

Type     Name                                                                          # reqs      # fails |    Avg     Min     Max    Med |   req/s  failures/s
--------|----------------------------------------------------------------------------|-------|-------------|-------|-------|-------|-------|--------|-----------
GET      GET /api/v1/reservas                                                            3619     0(0.00%) |     13       5     378      9 |   18.30        0.00
GET      GET /api/v1/reservas/{id}                                                       1174     0(0.00%) |      9       4     289      7 |    6.90        0.00
POST     POST /api/v1/auth/login                                                           50     0(0.00%) |   3726     779    5715   4200 |    0.00        0.00
--------|----------------------------------------------------------------------------|-------|-------------|-------|-------|-------|-------|--------|-----------
         Aggregated                                                                      4843     0(0.00%) |     50       4    5715      9 |   25.20        0.00

Type     Name                                                                          # reqs      # fails |    Avg     Min     Max    Med |   req/s  failures/s
--------|----------------------------------------------------------------------------|-------|-------------|-------|-------|-------|-------|--------|-----------
GET      GET /api/v1/reservas                                                            3661     0(0.00%) |     13       5     378      9 |   19.10        0.00
GET      GET /api/v1/reservas/{id}                                                       1189     0(0.00%) |      9       4     289      7 |    6.00        0.00
POST     POST /api/v1/auth/login                                                           50     0(0.00%) |   3726     779    5715   4200 |    0.00        0.00
--------|----------------------------------------------------------------------------|-------|-------------|-------|-------|-------|-------|--------|-----------
         Aggregated                                                                      4900     0(0.00%) |     50       4    5715      9 |   25.10        0.00

Type     Name                                                                          # reqs      # fails |    Avg     Min     Max    Med |   req/s  failures/s
--------|----------------------------------------------------------------------------|-------|-------------|-------|-------|-------|-------|--------|-----------
GET      GET /api/v1/reservas                                                            3698     0(0.00%) |     13       5     378      9 |   19.60        0.00
GET      GET /api/v1/reservas/{id}                                                       1199     0(0.00%) |      9       4     289      7 |    6.00        0.00
POST     POST /api/v1/auth/login                                                           50     0(0.00%) |   3726     779    5715   4200 |    0.00        0.00
--------|----------------------------------------------------------------------------|-------|-------------|-------|-------|-------|-------|--------|-----------
         Aggregated                                                                      4947     0(0.00%) |     50       4    5715      9 |   25.60        0.00

Type     Name                                                                          # reqs      # fails |    Avg     Min     Max    Med |   req/s  failures/s
--------|----------------------------------------------------------------------------|-------|-------------|-------|-------|-------|-------|--------|-----------
GET      GET /api/v1/reservas                                                            3739     0(0.00%) |     13       5     378      9 |   19.50        0.00
GET      GET /api/v1/reservas/{id}                                                       1211     0(0.00%) |      9       4     289      7 |    5.80        0.00
POST     POST /api/v1/auth/login                                                           50     0(0.00%) |   3726     779    5715   4200 |    0.00        0.00
--------|----------------------------------------------------------------------------|-------|-------------|-------|-------|-------|-------|--------|-----------
         Aggregated                                                                      5000     0(0.00%) |     49       4    5715      9 |   25.30        0.00

Type     Name                                                                          # reqs      # fails |    Avg     Min     Max    Med |   req/s  failures/s
--------|----------------------------------------------------------------------------|-------|-------------|-------|-------|-------|-------|--------|-----------
GET      GET /api/v1/reservas                                                            3779     0(0.00%) |     13       5     378      9 |   20.30        0.00
GET      GET /api/v1/reservas/{id}                                                       1223     0(0.00%) |      9       4     289      7 |    5.40        0.00
POST     POST /api/v1/auth/login                                                           50     0(0.00%) |   3726     779    5715   4200 |    0.00        0.00
--------|----------------------------------------------------------------------------|-------|-------------|-------|-------|-------|-------|--------|-----------
         Aggregated                                                                      5052     0(0.00%) |     49       4    5715      9 |   25.70        0.00

Type     Name                                                                          # reqs      # fails |    Avg     Min     Max    Med |   req/s  failures/s
--------|----------------------------------------------------------------------------|-------|-------------|-------|-------|-------|-------|--------|-----------
GET      GET /api/v1/reservas                                                            3821     0(0.00%) |     13       5     378      9 |   20.60        0.00
GET      GET /api/v1/reservas/{id}                                                       1231     0(0.00%) |      9       4     289      7 |    5.50        0.00
POST     POST /api/v1/auth/login                                                           50     0(0.00%) |   3726     779    5715   4200 |    0.00        0.00
--------|----------------------------------------------------------------------------|-------|-------------|-------|-------|-------|-------|--------|-----------
         Aggregated                                                                      5102     0(0.00%) |     48       4    5715      9 |   26.10        0.00

Type     Name                                                                          # reqs      # fails |    Avg     Min     Max    Med |   req/s  failures/s
--------|----------------------------------------------------------------------------|-------|-------------|-------|-------|-------|-------|--------|-----------
GET      GET /api/v1/reservas                                                            3861     0(0.00%) |     13       5     378      9 |   20.00        0.00
GET      GET /api/v1/reservas/{id}                                                       1243     0(0.00%) |      9       4     289      7 |    5.80        0.00
POST     POST /api/v1/auth/login                                                           50     0(0.00%) |   3726     779    5715   4200 |    0.00        0.00
--------|----------------------------------------------------------------------------|-------|-------------|-------|-------|-------|-------|--------|-----------
         Aggregated                                                                      5154     0(0.00%) |     48       4    5715      9 |   25.80        0.00

Type     Name                                                                          # reqs      # fails |    Avg     Min     Max    Med |   req/s  failures/s
--------|----------------------------------------------------------------------------|-------|-------------|-------|-------|-------|-------|--------|-----------
GET      GET /api/v1/reservas                                                            3904     0(0.00%) |     13       5     378      9 |   20.10        0.00
GET      GET /api/v1/reservas/{id}                                                       1256     0(0.00%) |      9       4     289      7 |    5.60        0.00
POST     POST /api/v1/auth/login                                                           50     0(0.00%) |   3726     779    5715   4200 |    0.00        0.00
--------|----------------------------------------------------------------------------|-------|-------------|-------|-------|-------|-------|--------|-----------
         Aggregated                                                                      5210     0(0.00%) |     47       4    5715      9 |   25.70        0.00

Type     Name                                                                          # reqs      # fails |    Avg     Min     Max    Med |   req/s  failures/s
--------|----------------------------------------------------------------------------|-------|-------------|-------|-------|-------|-------|--------|-----------
GET      GET /api/v1/reservas                                                            3937     0(0.00%) |     13       5     378      9 |   20.00        0.00
GET      GET /api/v1/reservas/{id}                                                       1270     0(0.00%) |      9       4     289      7 |    5.50        0.00
POST     POST /api/v1/auth/login                                                           50     0(0.00%) |   3726     779    5715   4200 |    0.00        0.00
--------|----------------------------------------------------------------------------|-------|-------------|-------|-------|-------|-------|--------|-----------
         Aggregated                                                                      5257     0(0.00%) |     47       4    5715      9 |   25.50        0.00

Type     Name                                                                          # reqs      # fails |    Avg     Min     Max    Med |   req/s  failures/s
--------|----------------------------------------------------------------------------|-------|-------------|-------|-------|-------|-------|--------|-----------
GET      GET /api/v1/reservas                                                            3973     0(0.00%) |     13       5     378      9 |   19.80        0.00
GET      GET /api/v1/reservas/{id}                                                       1279     0(0.00%) |      9       4     289      7 |    5.90        0.00
POST     POST /api/v1/auth/login                                                           50     0(0.00%) |   3726     779    5715   4200 |    0.00        0.00
--------|----------------------------------------------------------------------------|-------|-------------|-------|-------|-------|-------|--------|-----------
         Aggregated                                                                      5302     0(0.00%) |     47       4    5715      9 |   25.70        0.00

Type     Name                                                                          # reqs      # fails |    Avg     Min     Max    Med |   req/s  failures/s
--------|----------------------------------------------------------------------------|-------|-------------|-------|-------|-------|-------|--------|-----------
GET      GET /api/v1/reservas                                                            4014     0(0.00%) |     13       5     378      9 |   19.50        0.00
GET      GET /api/v1/reservas/{id}                                                       1290     0(0.00%) |      9       4     289      7 |    5.50        0.00
POST     POST /api/v1/auth/login                                                           50     0(0.00%) |   3726     779    5715   4200 |    0.00        0.00
--------|----------------------------------------------------------------------------|-------|-------------|-------|-------|-------|-------|--------|-----------
         Aggregated                                                                      5354     0(0.00%) |     46       4    5715      9 |   25.00        0.00

Type     Name                                                                          # reqs      # fails |    Avg     Min     Max    Med |   req/s  failures/s
--------|----------------------------------------------------------------------------|-------|-------------|-------|-------|-------|-------|--------|-----------
GET      GET /api/v1/reservas                                                            4048     0(0.00%) |     13       5     378      9 |   19.50        0.00
GET      GET /api/v1/reservas/{id}                                                       1305     0(0.00%) |      9       4     289      7 |    5.90        0.00
POST     POST /api/v1/auth/login                                                           50     0(0.00%) |   3726     779    5715   4200 |    0.00        0.00
--------|----------------------------------------------------------------------------|-------|-------------|-------|-------|-------|-------|--------|-----------
         Aggregated                                                                      5403     0(0.00%) |     46       4    5715      9 |   25.40        0.00

Type     Name                                                                          # reqs      # fails |    Avg     Min     Max    Med |   req/s  failures/s
--------|----------------------------------------------------------------------------|-------|-------------|-------|-------|-------|-------|--------|-----------
GET      GET /api/v1/reservas                                                            4080     0(0.00%) |     13       5     378      9 |   18.40        0.00
GET      GET /api/v1/reservas/{id}                                                       1324     0(0.00%) |      9       4     289      7 |    6.20        0.00
POST     POST /api/v1/auth/login                                                           50     0(0.00%) |   3726     779    5715   4200 |    0.00        0.00
--------|----------------------------------------------------------------------------|-------|-------------|-------|-------|-------|-------|--------|-----------
         Aggregated                                                                      5454     0(0.00%) |     46       4    5715      9 |   24.60        0.00

Type     Name                                                                          # reqs      # fails |    Avg     Min     Max    Med |   req/s  failures/s
--------|----------------------------------------------------------------------------|-------|-------------|-------|-------|-------|-------|--------|-----------
GET      GET /api/v1/reservas                                                            4111     0(0.00%) |     12       5     378      9 |   17.80        0.00
GET      GET /api/v1/reservas/{id}                                                       1339     0(0.00%) |      9       4     289      7 |    7.10        0.00
POST     POST /api/v1/auth/login                                                           50     0(0.00%) |   3726     779    5715   4200 |    0.00        0.00
--------|----------------------------------------------------------------------------|-------|-------------|-------|-------|-------|-------|--------|-----------
         Aggregated                                                                      5500     0(0.00%) |     45       4    5715      9 |   24.90        0.00

Type     Name                                                                          # reqs      # fails |    Avg     Min     Max    Med |   req/s  failures/s
--------|----------------------------------------------------------------------------|-------|-------------|-------|-------|-------|-------|--------|-----------
GET      GET /api/v1/reservas                                                            4145     0(0.00%) |     12       5     378      9 |   17.10        0.00
GET      GET /api/v1/reservas/{id}                                                       1351     0(0.00%) |      9       4     289      7 |    6.80        0.00
POST     POST /api/v1/auth/login                                                           50     0(0.00%) |   3726     779    5715   4200 |    0.00        0.00
--------|----------------------------------------------------------------------------|-------|-------------|-------|-------|-------|-------|--------|-----------
         Aggregated                                                                      5546     0(0.00%) |     45       4    5715      9 |   23.90        0.00

Type     Name                                                                          # reqs      # fails |    Avg     Min     Max    Med |   req/s  failures/s
--------|----------------------------------------------------------------------------|-------|-------------|-------|-------|-------|-------|--------|-----------
GET      GET /api/v1/reservas                                                            4186     0(0.00%) |     12       5     378      9 |   17.10        0.00
GET      GET /api/v1/reservas/{id}                                                       1365     0(0.00%) |      9       4     289      7 |    7.40        0.00
POST     POST /api/v1/auth/login                                                           50     0(0.00%) |   3726     779    5715   4200 |    0.00        0.00
--------|----------------------------------------------------------------------------|-------|-------------|-------|-------|-------|-------|--------|-----------
         Aggregated                                                                      5601     0(0.00%) |     45       4    5715      9 |   24.50        0.00

Type     Name                                                                          # reqs      # fails |    Avg     Min     Max    Med |   req/s  failures/s
--------|----------------------------------------------------------------------------|-------|-------------|-------|-------|-------|-------|--------|-----------
GET      GET /api/v1/reservas                                                            4221     0(0.00%) |     12       5     378      9 |   17.30        0.00
GET      GET /api/v1/reservas/{id}                                                       1378     0(0.00%) |      9       4     289      7 |    7.30        0.00
POST     POST /api/v1/auth/login                                                           50     0(0.00%) |   3726     779    5715   4200 |    0.00        0.00
--------|----------------------------------------------------------------------------|-------|-------------|-------|-------|-------|-------|--------|-----------
         Aggregated                                                                      5649     0(0.00%) |     44       4    5715      9 |   24.60        0.00

Type     Name                                                                          # reqs      # fails |    Avg     Min     Max    Med |   req/s  failures/s
--------|----------------------------------------------------------------------------|-------|-------------|-------|-------|-------|-------|--------|-----------
GET      GET /api/v1/reservas                                                            4260     0(0.00%) |     12       5     378      9 |   17.80        0.00
GET      GET /api/v1/reservas/{id}                                                       1392     0(0.00%) |      9       3     289      7 |    7.30        0.00
POST     POST /api/v1/auth/login                                                           50     0(0.00%) |   3726     779    5715   4200 |    0.00        0.00
--------|----------------------------------------------------------------------------|-------|-------------|-------|-------|-------|-------|--------|-----------
         Aggregated                                                                      5702     0(0.00%) |     44       3    5715      9 |   25.10        0.00

Type     Name                                                                          # reqs      # fails |    Avg     Min     Max    Med |   req/s  failures/s
--------|----------------------------------------------------------------------------|-------|-------------|-------|-------|-------|-------|--------|-----------
GET      GET /api/v1/reservas                                                            4292     0(0.00%) |     12       5     378      9 |   17.90        0.00
GET      GET /api/v1/reservas/{id}                                                       1406     0(0.00%) |      9       3     289      7 |    6.60        0.00
POST     POST /api/v1/auth/login                                                           50     0(0.00%) |   3726     779    5715   4200 |    0.00        0.00
--------|----------------------------------------------------------------------------|-------|-------------|-------|-------|-------|-------|--------|-----------
         Aggregated                                                                      5748     0(0.00%) |     44       3    5715      9 |   24.50        0.00

Type     Name                                                                          # reqs      # fails |    Avg     Min     Max    Med |   req/s  failures/s
--------|----------------------------------------------------------------------------|-------|-------------|-------|-------|-------|-------|--------|-----------
GET      GET /api/v1/reservas                                                            4324     0(0.00%) |     12       5     378      9 |   18.30        0.00
GET      GET /api/v1/reservas/{id}                                                       1424     0(0.00%) |      9       3     289      7 |    6.80        0.00
POST     POST /api/v1/auth/login                                                           50     0(0.00%) |   3726     779    5715   4200 |    0.00        0.00
--------|----------------------------------------------------------------------------|-------|-------------|-------|-------|-------|-------|--------|-----------
         Aggregated                                                                      5798     0(0.00%) |     43       3    5715      9 |   25.10        0.00

Type     Name                                                                          # reqs      # fails |    Avg     Min     Max    Med |   req/s  failures/s
--------|----------------------------------------------------------------------------|-------|-------------|-------|-------|-------|-------|--------|-----------
GET      GET /api/v1/reservas                                                            4365     0(0.00%) |     12       4     378      9 |   17.80        0.00
GET      GET /api/v1/reservas/{id}                                                       1440     0(0.00%) |      9       3     289      7 |    7.20        0.00
POST     POST /api/v1/auth/login                                                           50     0(0.00%) |   3726     779    5715   4200 |    0.00        0.00
--------|----------------------------------------------------------------------------|-------|-------------|-------|-------|-------|-------|--------|-----------
         Aggregated                                                                      5855     0(0.00%) |     43       3    5715      9 |   25.00        0.00

Type     Name                                                                          # reqs      # fails |    Avg     Min     Max    Med |   req/s  failures/s
--------|----------------------------------------------------------------------------|-------|-------------|-------|-------|-------|-------|--------|-----------
GET      GET /api/v1/reservas                                                            4403     0(0.00%) |     12       4     378      9 |   17.40        0.00
GET      GET /api/v1/reservas/{id}                                                       1449     0(0.00%) |      9       3     289      7 |    7.50        0.00
POST     POST /api/v1/auth/login                                                           50     0(0.00%) |   3726     779    5715   4200 |    0.00        0.00
--------|----------------------------------------------------------------------------|-------|-------------|-------|-------|-------|-------|--------|-----------
         Aggregated                                                                      5902     0(0.00%) |     43       3    5715      9 |   24.90        0.00

Type     Name                                                                          # reqs      # fails |    Avg     Min     Max    Med |   req/s  failures/s
--------|----------------------------------------------------------------------------|-------|-------------|-------|-------|-------|-------|--------|-----------
GET      GET /api/v1/reservas                                                            4436     0(0.00%) |     12       4     378      9 |   17.80        0.00
GET      GET /api/v1/reservas/{id}                                                       1457     0(0.00%) |      9       3     289      7 |    6.90        0.00
POST     POST /api/v1/auth/login                                                           50     0(0.00%) |   3726     779    5715   4200 |    0.00        0.00
--------|----------------------------------------------------------------------------|-------|-------------|-------|-------|-------|-------|--------|-----------
         Aggregated                                                                      5943     0(0.00%) |     43       3    5715      9 |   24.70        0.00

Type     Name                                                                          # reqs      # fails |    Avg     Min     Max    Med |   req/s  failures/s
--------|----------------------------------------------------------------------------|-------|-------------|-------|-------|-------|-------|--------|-----------
GET      GET /api/v1/reservas                                                            4477     0(0.00%) |     12       4     378      9 |   17.80        0.00
GET      GET /api/v1/reservas/{id}                                                       1471     0(0.00%) |      9       3     289      7 |    6.70        0.00
POST     POST /api/v1/auth/login                                                           50     0(0.00%) |   3726     779    5715   4200 |    0.00        0.00
--------|----------------------------------------------------------------------------|-------|-------------|-------|-------|-------|-------|--------|-----------
         Aggregated                                                                      5998     0(0.00%) |     42       3    5715      9 |   24.50        0.00

Type     Name                                                                          # reqs      # fails |    Avg     Min     Max    Med |   req/s  failures/s
--------|----------------------------------------------------------------------------|-------|-------------|-------|-------|-------|-------|--------|-----------
GET      GET /api/v1/reservas                                                            4515     0(0.00%) |     12       4     378      9 |   18.50        0.00
GET      GET /api/v1/reservas/{id}                                                       1482     0(0.00%) |      9       3     289      7 |    6.20        0.00
POST     POST /api/v1/auth/login                                                           50     0(0.00%) |   3726     779    5715   4200 |    0.00        0.00
--------|----------------------------------------------------------------------------|-------|-------------|-------|-------|-------|-------|--------|-----------
         Aggregated                                                                      6047     0(0.00%) |     42       3    5715      9 |   24.70        0.00

Type     Name                                                                          # reqs      # fails |    Avg     Min     Max    Med |   req/s  failures/s
--------|----------------------------------------------------------------------------|-------|-------------|-------|-------|-------|-------|--------|-----------
GET      GET /api/v1/reservas                                                            4547     0(0.00%) |     12       4     378      9 |   18.80        0.00
GET      GET /api/v1/reservas/{id}                                                       1495     0(0.00%) |      9       3     289      7 |    6.00        0.00
POST     POST /api/v1/auth/login                                                           50     0(0.00%) |   3726     779    5715   4200 |    0.00        0.00
--------|----------------------------------------------------------------------------|-------|-------------|-------|-------|-------|-------|--------|-----------
         Aggregated                                                                      6092     0(0.00%) |     42       3    5715      9 |   24.80        0.00

Type     Name                                                                          # reqs      # fails |    Avg     Min     Max    Med |   req/s  failures/s
--------|----------------------------------------------------------------------------|-------|-------------|-------|-------|-------|-------|--------|-----------
GET      GET /api/v1/reservas                                                            4585     0(0.00%) |     12       4     378      9 |   18.70        0.00
GET      GET /api/v1/reservas/{id}                                                       1511     0(0.00%) |      9       3     289      7 |    5.50        0.00
POST     POST /api/v1/auth/login                                                           50     0(0.00%) |   3726     779    5715   4200 |    0.00        0.00
--------|----------------------------------------------------------------------------|-------|-------------|-------|-------|-------|-------|--------|-----------
         Aggregated                                                                      6146     0(0.00%) |     41       3    5715      9 |   24.20        0.00

Type     Name                                                                          # reqs      # fails |    Avg     Min     Max    Med |   req/s  failures/s
--------|----------------------------------------------------------------------------|-------|-------------|-------|-------|-------|-------|--------|-----------
GET      GET /api/v1/reservas                                                            4614     0(0.00%) |     12       4     378      9 |   18.00        0.00
GET      GET /api/v1/reservas/{id}                                                       1529     0(0.00%) |      9       3     289      7 |    6.20        0.00
POST     POST /api/v1/auth/login                                                           50     0(0.00%) |   3726     779    5715   4200 |    0.00        0.00
--------|----------------------------------------------------------------------------|-------|-------------|-------|-------|-------|-------|--------|-----------
         Aggregated                                                                      6193     0(0.00%) |     41       3    5715      9 |   24.20        0.00

Type     Name                                                                          # reqs      # fails |    Avg     Min     Max    Med |   req/s  failures/s
--------|----------------------------------------------------------------------------|-------|-------------|-------|-------|-------|-------|--------|-----------
GET      GET /api/v1/reservas                                                            4643     0(0.00%) |     12       4     378      9 |   17.70        0.00
GET      GET /api/v1/reservas/{id}                                                       1542     0(0.00%) |      9       3     289      7 |    7.10        0.00
POST     POST /api/v1/auth/login                                                           50     0(0.00%) |   3726     779    5715   4200 |    0.00        0.00
--------|----------------------------------------------------------------------------|-------|-------------|-------|-------|-------|-------|--------|-----------
         Aggregated                                                                      6235     0(0.00%) |     41       3    5715      9 |   24.80        0.00

Type     Name                                                                          # reqs      # fails |    Avg     Min     Max    Med |   req/s  failures/s
--------|----------------------------------------------------------------------------|-------|-------------|-------|-------|-------|-------|--------|-----------
GET      GET /api/v1/reservas                                                            4690     0(0.00%) |     12       4     378      9 |   17.00        0.00
GET      GET /api/v1/reservas/{id}                                                       1552     0(0.00%) |      8       3     289      7 |    7.40        0.00
POST     POST /api/v1/auth/login                                                           50     0(0.00%) |   3726     779    5715   4200 |    0.00        0.00
--------|----------------------------------------------------------------------------|-------|-------------|-------|-------|-------|-------|--------|-----------
         Aggregated                                                                      6292     0(0.00%) |     41       3    5715      9 |   24.40        0.00

Type     Name                                                                          # reqs      # fails |    Avg     Min     Max    Med |   req/s  failures/s
--------|----------------------------------------------------------------------------|-------|-------------|-------|-------|-------|-------|--------|-----------
GET      GET /api/v1/reservas                                                            4722     0(0.00%) |     12       4     378      9 |   17.20        0.00
GET      GET /api/v1/reservas/{id}                                                       1566     0(0.00%) |      8       3     289      7 |    6.90        0.00
POST     POST /api/v1/auth/login                                                           50     0(0.00%) |   3726     779    5715   4200 |    0.00        0.00
--------|----------------------------------------------------------------------------|-------|-------------|-------|-------|-------|-------|--------|-----------
         Aggregated                                                                      6338     0(0.00%) |     40       3    5715      9 |   24.10        0.00

Type     Name                                                                          # reqs      # fails |    Avg     Min     Max    Med |   req/s  failures/s
--------|----------------------------------------------------------------------------|-------|-------------|-------|-------|-------|-------|--------|-----------
GET      GET /api/v1/reservas                                                            4769     0(0.00%) |     12       4     378      9 |   17.60        0.00
GET      GET /api/v1/reservas/{id}                                                       1573     0(0.00%) |      8       3     289      7 |    7.30        0.00
POST     POST /api/v1/auth/login                                                           50     0(0.00%) |   3726     779    5715   4200 |    0.00        0.00
--------|----------------------------------------------------------------------------|-------|-------------|-------|-------|-------|-------|--------|-----------
         Aggregated                                                                      6392     0(0.00%) |     40       3    5715      8 |   24.90        0.00

Type     Name                                                                          # reqs      # fails |    Avg     Min     Max    Med |   req/s  failures/s
--------|----------------------------------------------------------------------------|-------|-------------|-------|-------|-------|-------|--------|-----------
GET      GET /api/v1/reservas                                                            4813     0(0.00%) |     12       4     378      9 |   18.80        0.00
GET      GET /api/v1/reservas/{id}                                                       1580     0(0.00%) |      8       3     289      7 |    6.50        0.00
POST     POST /api/v1/auth/login                                                           50     0(0.00%) |   3726     779    5715   4200 |    0.00        0.00
--------|----------------------------------------------------------------------------|-------|-------------|-------|-------|-------|-------|--------|-----------
         Aggregated                                                                      6443     0(0.00%) |     40       3    5715      8 |   25.30        0.00

Type     Name                                                                          # reqs      # fails |    Avg     Min     Max    Med |   req/s  failures/s
--------|----------------------------------------------------------------------------|-------|-------------|-------|-------|-------|-------|--------|-----------
GET      GET /api/v1/reservas                                                            4851     0(0.00%) |     12       4     378      9 |   19.70        0.00
GET      GET /api/v1/reservas/{id}                                                       1591     0(0.00%) |      8       3     289      7 |    5.30        0.00
POST     POST /api/v1/auth/login                                                           50     0(0.00%) |   3726     779    5715   4200 |    0.00        0.00
--------|----------------------------------------------------------------------------|-------|-------------|-------|-------|-------|-------|--------|-----------
         Aggregated                                                                      6492     0(0.00%) |     40       3    5715      8 |   25.00        0.00

Type     Name                                                                          # reqs      # fails |    Avg     Min     Max    Med |   req/s  failures/s
--------|----------------------------------------------------------------------------|-------|-------------|-------|-------|-------|-------|--------|-----------
GET      GET /api/v1/reservas                                                            4881     0(0.00%) |     12       4     378      9 |   20.30        0.00
GET      GET /api/v1/reservas/{id}                                                       1607     0(0.00%) |      8       3     289      7 |    4.90        0.00
POST     POST /api/v1/auth/login                                                           50     0(0.00%) |   3726     779    5715   4200 |    0.00        0.00
--------|----------------------------------------------------------------------------|-------|-------------|-------|-------|-------|-------|--------|-----------
         Aggregated                                                                      6538     0(0.00%) |     39       3    5715      8 |   25.20        0.00

Type     Name                                                                          # reqs      # fails |    Avg     Min     Max    Med |   req/s  failures/s
--------|----------------------------------------------------------------------------|-------|-------------|-------|-------|-------|-------|--------|-----------
GET      GET /api/v1/reservas                                                            4918     0(0.00%) |     12       4     378      9 |   19.50        0.00
GET      GET /api/v1/reservas/{id}                                                       1623     0(0.00%) |      8       3     289      7 |    5.30        0.00
POST     POST /api/v1/auth/login                                                           50     0(0.00%) |   3726     779    5715   4200 |    0.00        0.00
--------|----------------------------------------------------------------------------|-------|-------------|-------|-------|-------|-------|--------|-----------
         Aggregated                                                                      6591     0(0.00%) |     39       3    5715      8 |   24.80        0.00

Type     Name                                                                          # reqs      # fails |    Avg     Min     Max    Med |   req/s  failures/s
--------|----------------------------------------------------------------------------|-------|-------------|-------|-------|-------|-------|--------|-----------
GET      GET /api/v1/reservas                                                            4956     0(0.00%) |     12       4     378      9 |   19.40        0.00
GET      GET /api/v1/reservas/{id}                                                       1635     0(0.00%) |      8       3     289      7 |    5.30        0.00
POST     POST /api/v1/auth/login                                                           50     0(0.00%) |   3726     779    5715   4200 |    0.00        0.00
--------|----------------------------------------------------------------------------|-------|-------------|-------|-------|-------|-------|--------|-----------
         Aggregated                                                                      6641     0(0.00%) |     39       3    5715      8 |   24.70        0.00

Type     Name                                                                          # reqs      # fails |    Avg     Min     Max    Med |   req/s  failures/s
--------|----------------------------------------------------------------------------|-------|-------------|-------|-------|-------|-------|--------|-----------
GET      GET /api/v1/reservas                                                            4993     0(0.00%) |     12       4     378      9 |   18.90        0.00
GET      GET /api/v1/reservas/{id}                                                       1649     0(0.00%) |      8       3     289      7 |    6.10        0.00
POST     POST /api/v1/auth/login                                                           50     0(0.00%) |   3726     779    5715   4200 |    0.00        0.00
--------|----------------------------------------------------------------------------|-------|-------------|-------|-------|-------|-------|--------|-----------
         Aggregated                                                                      6692     0(0.00%) |     39       3    5715      8 |   25.00        0.00

Type     Name                                                                          # reqs      # fails |    Avg     Min     Max    Med |   req/s  failures/s
--------|----------------------------------------------------------------------------|-------|-------------|-------|-------|-------|-------|--------|-----------
GET      GET /api/v1/reservas                                                            5032     0(0.00%) |     12       4     378      9 |   18.40        0.00
GET      GET /api/v1/reservas/{id}                                                       1662     0(0.00%) |      8       3     289      7 |    6.80        0.00
POST     POST /api/v1/auth/login                                                           50     0(0.00%) |   3726     779    5715   4200 |    0.00        0.00
--------|----------------------------------------------------------------------------|-------|-------------|-------|-------|-------|-------|--------|-----------
         Aggregated                                                                      6744     0(0.00%) |     38       3    5715      8 |   25.20        0.00

Type     Name                                                                          # reqs      # fails |    Avg     Min     Max    Med |   req/s  failures/s
--------|----------------------------------------------------------------------------|-------|-------------|-------|-------|-------|-------|--------|-----------
GET      GET /api/v1/reservas                                                            5068     0(0.00%) |     12       4     378      9 |   17.90        0.00
GET      GET /api/v1/reservas/{id}                                                       1675     0(0.00%) |      8       3     289      7 |    7.10        0.00
POST     POST /api/v1/auth/login                                                           50     0(0.00%) |   3726     779    5715   4200 |    0.00        0.00
--------|----------------------------------------------------------------------------|-------|-------------|-------|-------|-------|-------|--------|-----------
         Aggregated                                                                      6793     0(0.00%) |     38       3    5715      8 |   25.00        0.00

Type     Name                                                                          # reqs      # fails |    Avg     Min     Max    Med |   req/s  failures/s
--------|----------------------------------------------------------------------------|-------|-------------|-------|-------|-------|-------|--------|-----------
GET      GET /api/v1/reservas                                                            5107     0(0.00%) |     11       4     378      9 |   18.50        0.00
GET      GET /api/v1/reservas/{id}                                                       1686     0(0.00%) |      8       3     289      7 |    6.80        0.00
POST     POST /api/v1/auth/login                                                           50     0(0.00%) |   3726     779    5715   4200 |    0.00        0.00
--------|----------------------------------------------------------------------------|-------|-------------|-------|-------|-------|-------|--------|-----------
         Aggregated                                                                      6843     0(0.00%) |     38       3    5715      8 |   25.30        0.00

Type     Name                                                                          # reqs      # fails |    Avg     Min     Max    Med |   req/s  failures/s
--------|----------------------------------------------------------------------------|-------|-------------|-------|-------|-------|-------|--------|-----------
GET      GET /api/v1/reservas                                                            5146     0(0.00%) |     11       4     378      9 |   18.30        0.00
GET      GET /api/v1/reservas/{id}                                                       1694     0(0.00%) |      8       3     289      7 |    6.70        0.00
POST     POST /api/v1/auth/login                                                           50     0(0.00%) |   3726     779    5715   4200 |    0.00        0.00
--------|----------------------------------------------------------------------------|-------|-------------|-------|-------|-------|-------|--------|-----------
         Aggregated                                                                      6890     0(0.00%) |     38       3    5715      8 |   25.00        0.00

Type     Name                                                                          # reqs      # fails |    Avg     Min     Max    Med |   req/s  failures/s
--------|----------------------------------------------------------------------------|-------|-------------|-------|-------|-------|-------|--------|-----------
GET      GET /api/v1/reservas                                                            5181     0(0.00%) |     11       4     378      9 |   18.50        0.00
GET      GET /api/v1/reservas/{id}                                                       1705     0(0.00%) |      8       3     289      7 |    6.00        0.00
POST     POST /api/v1/auth/login                                                           50     0(0.00%) |   3726     779    5715   4200 |    0.00        0.00
--------|----------------------------------------------------------------------------|-------|-------------|-------|-------|-------|-------|--------|-----------
         Aggregated                                                                      6936     0(0.00%) |     37       3    5715      8 |   24.50        0.00

Type     Name                                                                          # reqs      # fails |    Avg     Min     Max    Med |   req/s  failures/s
--------|----------------------------------------------------------------------------|-------|-------------|-------|-------|-------|-------|--------|-----------
GET      GET /api/v1/reservas                                                            5215     0(0.00%) |     11       4     378      9 |   18.80        0.00
GET      GET /api/v1/reservas/{id}                                                       1716     0(0.00%) |      8       3     289      7 |    5.60        0.00
POST     POST /api/v1/auth/login                                                           50     0(0.00%) |   3726     779    5715   4200 |    0.00        0.00
--------|----------------------------------------------------------------------------|-------|-------------|-------|-------|-------|-------|--------|-----------
         Aggregated                                                                      6981     0(0.00%) |     37       3    5715      8 |   24.40        0.00

Type     Name                                                                          # reqs      # fails |    Avg     Min     Max    Med |   req/s  failures/s
--------|----------------------------------------------------------------------------|-------|-------------|-------|-------|-------|-------|--------|-----------
GET      GET /api/v1/reservas                                                            5254     0(0.00%) |     11       4     378      9 |   18.80        0.00
GET      GET /api/v1/reservas/{id}                                                       1728     0(0.00%) |      8       3     289      7 |    5.30        0.00
POST     POST /api/v1/auth/login                                                           50     0(0.00%) |   3726     779    5715   4200 |    0.00        0.00
--------|----------------------------------------------------------------------------|-------|-------------|-------|-------|-------|-------|--------|-----------
         Aggregated                                                                      7032     0(0.00%) |     37       3    5715      8 |   24.10        0.00

Type     Name                                                                          # reqs      # fails |    Avg     Min     Max    Med |   req/s  failures/s
--------|----------------------------------------------------------------------------|-------|-------------|-------|-------|-------|-------|--------|-----------
GET      GET /api/v1/reservas                                                            5291     0(0.00%) |     11       4     378      9 |   19.10        0.00
GET      GET /api/v1/reservas/{id}                                                       1744     0(0.00%) |      8       3     289      7 |    5.10        0.00
POST     POST /api/v1/auth/login                                                           50     0(0.00%) |   3726     779    5715   4200 |    0.00        0.00
--------|----------------------------------------------------------------------------|-------|-------------|-------|-------|-------|-------|--------|-----------
         Aggregated                                                                      7085     0(0.00%) |     37       3    5715      8 |   24.20        0.00

Type     Name                                                                          # reqs      # fails |    Avg     Min     Max    Med |   req/s  failures/s
--------|----------------------------------------------------------------------------|-------|-------------|-------|-------|-------|-------|--------|-----------
GET      GET /api/v1/reservas                                                            5323     0(0.00%) |     11       4     378      9 |   18.80        0.00
GET      GET /api/v1/reservas/{id}                                                       1759     0(0.00%) |      8       3     289      7 |    5.50        0.00
POST     POST /api/v1/auth/login                                                           50     0(0.00%) |   3726     779    5715   4200 |    0.00        0.00
--------|----------------------------------------------------------------------------|-------|-------------|-------|-------|-------|-------|--------|-----------
         Aggregated                                                                      7132     0(0.00%) |     37       3    5715      8 |   24.30        0.00

Type     Name                                                                          # reqs      # fails |    Avg     Min     Max    Med |   req/s  failures/s
--------|----------------------------------------------------------------------------|-------|-------------|-------|-------|-------|-------|--------|-----------
GET      GET /api/v1/reservas                                                            5360     0(0.00%) |     11       4     378      9 |   18.00        0.00
GET      GET /api/v1/reservas/{id}                                                       1775     0(0.00%) |      8       3     289      7 |    6.00        0.00
POST     POST /api/v1/auth/login                                                           50     0(0.00%) |   3726     779    5715   4200 |    0.00        0.00
--------|----------------------------------------------------------------------------|-------|-------------|-------|-------|-------|-------|--------|-----------
         Aggregated                                                                      7185     0(0.00%) |     36       3    5715      8 |   24.00        0.00

Type     Name                                                                          # reqs      # fails |    Avg     Min     Max    Med |   req/s  failures/s
--------|----------------------------------------------------------------------------|-------|-------------|-------|-------|-------|-------|--------|-----------
GET      GET /api/v1/reservas                                                            5400     0(0.00%) |     11       4     378      9 |   17.30        0.00
GET      GET /api/v1/reservas/{id}                                                       1786     0(0.00%) |      8       3     289      7 |    7.00        0.00
POST     POST /api/v1/auth/login                                                           50     0(0.00%) |   3726     779    5715   4200 |    0.00        0.00
--------|----------------------------------------------------------------------------|-------|-------------|-------|-------|-------|-------|--------|-----------
         Aggregated                                                                      7236     0(0.00%) |     36       3    5715      8 |   24.30        0.00

Type     Name                                                                          # reqs      # fails |    Avg     Min     Max    Med |   req/s  failures/s
--------|----------------------------------------------------------------------------|-------|-------------|-------|-------|-------|-------|--------|-----------
GET      GET /api/v1/reservas                                                            5440     0(0.00%) |     12       4     378      9 |   18.10        0.00
GET      GET /api/v1/reservas/{id}                                                       1795     0(0.00%) |      8       3     289      7 |    7.00        0.00
POST     POST /api/v1/auth/login                                                           50     0(0.00%) |   3726     779    5715   4200 |    0.00        0.00
--------|----------------------------------------------------------------------------|-------|-------------|-------|-------|-------|-------|--------|-----------
         Aggregated                                                                      7285     0(0.00%) |     36       3    5715      8 |   25.10        0.00

Type     Name                                                                          # reqs      # fails |    Avg     Min     Max    Med |   req/s  failures/s
--------|----------------------------------------------------------------------------|-------|-------------|-------|-------|-------|-------|--------|-----------
GET      GET /api/v1/reservas                                                            5480     0(0.00%) |     12       4     378      9 |   18.30        0.00
GET      GET /api/v1/reservas/{id}                                                       1806     0(0.00%) |      8       3     289      7 |    7.10        0.00
POST     POST /api/v1/auth/login                                                           50     0(0.00%) |   3726     779    5715   4200 |    0.00        0.00
--------|----------------------------------------------------------------------------|-------|-------------|-------|-------|-------|-------|--------|-----------
         Aggregated                                                                      7336     0(0.00%) |     36       3    5715      8 |   25.40        0.00

Type     Name                                                                          # reqs      # fails |    Avg     Min     Max    Med |   req/s  failures/s
--------|----------------------------------------------------------------------------|-------|-------------|-------|-------|-------|-------|--------|-----------
GET      GET /api/v1/reservas                                                            5516     0(0.00%) |     12       4     378      9 |   18.90        0.00
GET      GET /api/v1/reservas/{id}                                                       1820     0(0.00%) |      8       3     289      7 |    6.30        0.00
POST     POST /api/v1/auth/login                                                           50     0(0.00%) |   3726     779    5715   4200 |    0.00        0.00
--------|----------------------------------------------------------------------------|-------|-------------|-------|-------|-------|-------|--------|-----------
         Aggregated                                                                      7386     0(0.00%) |     36       3    5715      8 |   25.20        0.00

Type     Name                                                                          # reqs      # fails |    Avg     Min     Max    Med |   req/s  failures/s
--------|----------------------------------------------------------------------------|-------|-------------|-------|-------|-------|-------|--------|-----------
GET      GET /api/v1/reservas                                                            5555     0(0.00%) |     12       4     378      9 |   19.30        0.00
GET      GET /api/v1/reservas/{id}                                                       1835     0(0.00%) |      8       3     289      7 |    6.40        0.00
POST     POST /api/v1/auth/login                                                           50     0(0.00%) |   3726     779    5715   4200 |    0.00        0.00
--------|----------------------------------------------------------------------------|-------|-------------|-------|-------|-------|-------|--------|-----------
         Aggregated                                                                      7440     0(0.00%) |     36       3    5715      8 |   25.70        0.00

Type     Name                                                                          # reqs      # fails |    Avg     Min     Max    Med |   req/s  failures/s
--------|----------------------------------------------------------------------------|-------|-------------|-------|-------|-------|-------|--------|-----------
GET      GET /api/v1/reservas                                                            5586     0(0.00%) |     11       4     378      9 |   19.70        0.00
GET      GET /api/v1/reservas/{id}                                                       1847     0(0.00%) |      8       3     289      7 |    5.60        0.00
POST     POST /api/v1/auth/login                                                           50     0(0.00%) |   3726     779    5715   4200 |    0.00        0.00
--------|----------------------------------------------------------------------------|-------|-------------|-------|-------|-------|-------|--------|-----------
         Aggregated                                                                      7483     0(0.00%) |     35       3    5715      8 |   25.30        0.00

Type     Name                                                                          # reqs      # fails |    Avg     Min     Max    Med |   req/s  failures/s
--------|----------------------------------------------------------------------------|-------|-------------|-------|-------|-------|-------|--------|-----------
GET      GET /api/v1/reservas                                                            5618     0(0.00%) |     11       4     378      9 |   19.00        0.00
GET      GET /api/v1/reservas/{id}                                                       1862     0(0.00%) |      8       3     289      6 |    6.20        0.00
POST     POST /api/v1/auth/login                                                           50     0(0.00%) |   3726     779    5715   4200 |    0.00        0.00
--------|----------------------------------------------------------------------------|-------|-------------|-------|-------|-------|-------|--------|-----------
         Aggregated                                                                      7530     0(0.00%) |     35       3    5715      8 |   25.20        0.00

Type     Name                                                                          # reqs      # fails |    Avg     Min     Max    Med |   req/s  failures/s
--------|----------------------------------------------------------------------------|-------|-------------|-------|-------|-------|-------|--------|-----------
GET      GET /api/v1/reservas                                                            5657     0(0.00%) |     11       4     378      9 |   18.00        0.00
GET      GET /api/v1/reservas/{id}                                                       1875     0(0.00%) |      8       3     289      6 |    6.80        0.00
POST     POST /api/v1/auth/login                                                           50     0(0.00%) |   3726     779    5715   4200 |    0.00        0.00
--------|----------------------------------------------------------------------------|-------|-------------|-------|-------|-------|-------|--------|-----------
         Aggregated                                                                      7582     0(0.00%) |     35       3    5715      8 |   24.80        0.00

Type     Name                                                                          # reqs      # fails |    Avg     Min     Max    Med |   req/s  failures/s
--------|----------------------------------------------------------------------------|-------|-------------|-------|-------|-------|-------|--------|-----------
GET      GET /api/v1/reservas                                                            5692     0(0.00%) |     11       4     378      9 |   17.40        0.00
GET      GET /api/v1/reservas/{id}                                                       1884     0(0.00%) |      8       3     289      6 |    6.90        0.00
POST     POST /api/v1/auth/login                                                           50     0(0.00%) |   3726     779    5715   4200 |    0.00        0.00
--------|----------------------------------------------------------------------------|-------|-------------|-------|-------|-------|-------|--------|-----------
         Aggregated                                                                      7626     0(0.00%) |     35       3    5715      8 |   24.30        0.00

Type     Name                                                                          # reqs      # fails |    Avg     Min     Max    Med |   req/s  failures/s
--------|----------------------------------------------------------------------------|-------|-------------|-------|-------|-------|-------|--------|-----------
GET      GET /api/v1/reservas                                                            5733     0(0.00%) |     11       4     378      9 |   18.00        0.00
GET      GET /api/v1/reservas/{id}                                                       1897     0(0.00%) |      8       3     289      6 |    6.50        0.00
POST     POST /api/v1/auth/login                                                           50     0(0.00%) |   3726     779    5715   4200 |    0.00        0.00
--------|----------------------------------------------------------------------------|-------|-------------|-------|-------|-------|-------|--------|-----------
         Aggregated                                                                      7680     0(0.00%) |     35       3    5715      8 |   24.50        0.00

Type     Name                                                                          # reqs      # fails |    Avg     Min     Max    Med |   req/s  failures/s
--------|----------------------------------------------------------------------------|-------|-------------|-------|-------|-------|-------|--------|-----------
GET      GET /api/v1/reservas                                                            5771     0(0.00%) |     11       4     378      9 |   18.30        0.00
GET      GET /api/v1/reservas/{id}                                                       1903     0(0.00%) |      8       3     289      6 |    6.50        0.00
POST     POST /api/v1/auth/login                                                           50     0(0.00%) |   3726     779    5715   4200 |    0.00        0.00
--------|----------------------------------------------------------------------------|-------|-------------|-------|-------|-------|-------|--------|-----------
         Aggregated                                                                      7724     0(0.00%) |     35       3    5715      8 |   24.80        0.00

Type     Name                                                                          # reqs      # fails |    Avg     Min     Max    Med |   req/s  failures/s
--------|----------------------------------------------------------------------------|-------|-------------|-------|-------|-------|-------|--------|-----------
GET      GET /api/v1/reservas                                                            5805     0(0.00%) |     11       4     378      9 |   18.30        0.00
GET      GET /api/v1/reservas/{id}                                                       1919     0(0.00%) |      8       3     289      6 |    5.80        0.00
POST     POST /api/v1/auth/login                                                           50     0(0.00%) |   3726     779    5715   4200 |    0.00        0.00
--------|----------------------------------------------------------------------------|-------|-------------|-------|-------|-------|-------|--------|-----------
         Aggregated                                                                      7774     0(0.00%) |     34       3    5715      8 |   24.10        0.00

Type     Name                                                                          # reqs      # fails |    Avg     Min     Max    Med |   req/s  failures/s
--------|----------------------------------------------------------------------------|-------|-------------|-------|-------|-------|-------|--------|-----------
GET      GET /api/v1/reservas                                                            5837     0(0.00%) |     11       4     378      9 |   19.10        0.00
GET      GET /api/v1/reservas/{id}                                                       1936     0(0.00%) |      8       3     289      6 |    5.40        0.00
POST     POST /api/v1/auth/login                                                           50     0(0.00%) |   3726     779    5715   4200 |    0.00        0.00
--------|----------------------------------------------------------------------------|-------|-------------|-------|-------|-------|-------|--------|-----------
         Aggregated                                                                      7823     0(0.00%) |     34       3    5715      8 |   24.50        0.00

Type     Name                                                                          # reqs      # fails |    Avg     Min     Max    Med |   req/s  failures/s
--------|----------------------------------------------------------------------------|-------|-------------|-------|-------|-------|-------|--------|-----------
GET      GET /api/v1/reservas                                                            5875     0(0.00%) |     11       4     378      9 |   18.70        0.00
GET      GET /api/v1/reservas/{id}                                                       1950     0(0.00%) |      8       3     289      6 |    5.90        0.00
POST     POST /api/v1/auth/login                                                           50     0(0.00%) |   3726     779    5715   4200 |    0.00        0.00
--------|----------------------------------------------------------------------------|-------|-------------|-------|-------|-------|-------|--------|-----------
         Aggregated                                                                      7875     0(0.00%) |     34       3    5715      8 |   24.60        0.00

Type     Name                                                                          # reqs      # fails |    Avg     Min     Max    Med |   req/s  failures/s
--------|----------------------------------------------------------------------------|-------|-------------|-------|-------|-------|-------|--------|-----------
GET      GET /api/v1/reservas                                                            5911     0(0.00%) |     11       4     378      9 |   18.00        0.00
GET      GET /api/v1/reservas/{id}                                                       1960     0(0.00%) |      8       3     289      6 |    6.20        0.00
POST     POST /api/v1/auth/login                                                           50     0(0.00%) |   3726     779    5715   4200 |    0.00        0.00
--------|----------------------------------------------------------------------------|-------|-------------|-------|-------|-------|-------|--------|-----------
         Aggregated                                                                      7921     0(0.00%) |     34       3    5715      8 |   24.20        0.00

Type     Name                                                                          # reqs      # fails |    Avg     Min     Max    Med |   req/s  failures/s
--------|----------------------------------------------------------------------------|-------|-------------|-------|-------|-------|-------|--------|-----------
GET      GET /api/v1/reservas                                                            5947     0(0.00%) |     11       4     378      8 |   17.50        0.00
GET      GET /api/v1/reservas/{id}                                                       1976     0(0.00%) |      8       3     289      6 |    6.30        0.00
POST     POST /api/v1/auth/login                                                           50     0(0.00%) |   3726     779    5715   4200 |    0.00        0.00
--------|----------------------------------------------------------------------------|-------|-------------|-------|-------|-------|-------|--------|-----------
         Aggregated                                                                      7973     0(0.00%) |     34       3    5715      8 |   23.80        0.00

Type     Name                                                                          # reqs      # fails |    Avg     Min     Max    Med |   req/s  failures/s
--------|----------------------------------------------------------------------------|-------|-------------|-------|-------|-------|-------|--------|-----------
GET      GET /api/v1/reservas                                                            5983     0(0.00%) |     11       4     378      8 |   17.40        0.00
GET      GET /api/v1/reservas/{id}                                                       1987     0(0.00%) |      8       3     289      6 |    6.90        0.00
POST     POST /api/v1/auth/login                                                           50     0(0.00%) |   3726     779    5715   4200 |    0.00        0.00
--------|----------------------------------------------------------------------------|-------|-------------|-------|-------|-------|-------|--------|-----------
         Aggregated                                                                      8020     0(0.00%) |     34       3    5715      8 |   24.30        0.00

Type     Name                                                                          # reqs      # fails |    Avg     Min     Max    Med |   req/s  failures/s
--------|----------------------------------------------------------------------------|-------|-------------|-------|-------|-------|-------|--------|-----------
GET      GET /api/v1/reservas                                                            6015     0(0.00%) |     11       4     378      8 |   17.40        0.00
GET      GET /api/v1/reservas/{id}                                                       2003     0(0.00%) |      8       3     289      6 |    6.70        0.00
POST     POST /api/v1/auth/login                                                           50     0(0.00%) |   3726     779    5715   4200 |    0.00        0.00
--------|----------------------------------------------------------------------------|-------|-------------|-------|-------|-------|-------|--------|-----------
         Aggregated                                                                      8068     0(0.00%) |     33       3    5715      8 |   24.10        0.00

Type     Name                                                                          # reqs      # fails |    Avg     Min     Max    Med |   req/s  failures/s
--------|----------------------------------------------------------------------------|-------|-------------|-------|-------|-------|-------|--------|-----------
GET      GET /api/v1/reservas                                                            6051     0(0.00%) |     11       4     378      8 |   17.40        0.00
GET      GET /api/v1/reservas/{id}                                                       2021     0(0.00%) |      8       3     289      6 |    6.90        0.00
POST     POST /api/v1/auth/login                                                           50     0(0.00%) |   3726     779    5715   4200 |    0.00        0.00
--------|----------------------------------------------------------------------------|-------|-------------|-------|-------|-------|-------|--------|-----------
         Aggregated                                                                      8122     0(0.00%) |     33       3    5715      8 |   24.30        0.00

Type     Name                                                                          # reqs      # fails |    Avg     Min     Max    Med |   req/s  failures/s
--------|----------------------------------------------------------------------------|-------|-------------|-------|-------|-------|-------|--------|-----------
GET      GET /api/v1/reservas                                                            6088     0(0.00%) |     11       4     378      8 |   17.30        0.00
GET      GET /api/v1/reservas/{id}                                                       2033     0(0.00%) |      8       3     289      6 |    7.40        0.00
POST     POST /api/v1/auth/login                                                           50     0(0.00%) |   3726     779    5715   4200 |    0.00        0.00
--------|----------------------------------------------------------------------------|-------|-------------|-------|-------|-------|-------|--------|-----------
         Aggregated                                                                      8171     0(0.00%) |     33       3    5715      8 |   24.70        0.00

Type     Name                                                                          # reqs      # fails |    Avg     Min     Max    Med |   req/s  failures/s
--------|----------------------------------------------------------------------------|-------|-------------|-------|-------|-------|-------|--------|-----------
GET      GET /api/v1/reservas                                                            6123     0(0.00%) |     11       4     378      8 |   17.80        0.00
GET      GET /api/v1/reservas/{id}                                                       2045     0(0.00%) |      8       3     289      6 |    7.50        0.00
POST     POST /api/v1/auth/login                                                           50     0(0.00%) |   3726     779    5715   4200 |    0.00        0.00
--------|----------------------------------------------------------------------------|-------|-------------|-------|-------|-------|-------|--------|-----------
         Aggregated                                                                      8218     0(0.00%) |     33       3    5715      8 |   25.30        0.00

Type     Name                                                                          # reqs      # fails |    Avg     Min     Max    Med |   req/s  failures/s
--------|----------------------------------------------------------------------------|-------|-------------|-------|-------|-------|-------|--------|-----------
GET      GET /api/v1/reservas                                                            6156     0(0.00%) |     11       4     378      8 |   17.40        0.00
GET      GET /api/v1/reservas/{id}                                                       2060     0(0.00%) |      8       3     289      6 |    7.00        0.00
POST     POST /api/v1/auth/login                                                           50     0(0.00%) |   3726     779    5715   4200 |    0.00        0.00
--------|----------------------------------------------------------------------------|-------|-------------|-------|-------|-------|-------|--------|-----------
         Aggregated                                                                      8266     0(0.00%) |     33       3    5715      8 |   24.40        0.00

Type     Name                                                                          # reqs      # fails |    Avg     Min     Max    Med |   req/s  failures/s
--------|----------------------------------------------------------------------------|-------|-------------|-------|-------|-------|-------|--------|-----------
GET      GET /api/v1/reservas                                                            6189     0(0.00%) |     11       4     378      8 |   17.10        0.00
GET      GET /api/v1/reservas/{id}                                                       2072     0(0.00%) |      8       3     289      6 |    7.40        0.00
POST     POST /api/v1/auth/login                                                           50     0(0.00%) |   3726     779    5715   4200 |    0.00        0.00
--------|----------------------------------------------------------------------------|-------|-------------|-------|-------|-------|-------|--------|-----------
         Aggregated                                                                      8311     0(0.00%) |     33       3    5715      8 |   24.50        0.00

Type     Name                                                                          # reqs      # fails |    Avg     Min     Max    Med |   req/s  failures/s
--------|----------------------------------------------------------------------------|-------|-------------|-------|-------|-------|-------|--------|-----------
GET      GET /api/v1/reservas                                                            6229     0(0.00%) |     11       4     378      8 |   17.50        0.00
GET      GET /api/v1/reservas/{id}                                                       2082     0(0.00%) |      8       3     289      6 |    6.90        0.00
POST     POST /api/v1/auth/login                                                           50     0(0.00%) |   3726     779    5715   4200 |    0.00        0.00
--------|----------------------------------------------------------------------------|-------|-------------|-------|-------|-------|-------|--------|-----------
         Aggregated                                                                      8361     0(0.00%) |     32       3    5715      8 |   24.40        0.00

Type     Name                                                                          # reqs      # fails |    Avg     Min     Max    Med |   req/s  failures/s
--------|----------------------------------------------------------------------------|-------|-------------|-------|-------|-------|-------|--------|-----------
GET      GET /api/v1/reservas                                                            6263     0(0.00%) |     11       4     378      8 |   18.40        0.00
GET      GET /api/v1/reservas/{id}                                                       2101     0(0.00%) |      8       3     289      6 |    6.10        0.00
POST     POST /api/v1/auth/login                                                           50     0(0.00%) |   3726     779    5715   4200 |    0.00        0.00
--------|----------------------------------------------------------------------------|-------|-------------|-------|-------|-------|-------|--------|-----------
         Aggregated                                                                      8414     0(0.00%) |     32       3    5715      8 |   24.50        0.00

Type     Name                                                                          # reqs      # fails |    Avg     Min     Max    Med |   req/s  failures/s
--------|----------------------------------------------------------------------------|-------|-------------|-------|-------|-------|-------|--------|-----------
GET      GET /api/v1/reservas                                                            6297     0(0.00%) |     11       4     378      8 |   17.30        0.00
GET      GET /api/v1/reservas/{id}                                                       2117     0(0.00%) |      8       3     289      6 |    6.30        0.00
POST     POST /api/v1/auth/login                                                           50     0(0.00%) |   3726     779    5715   4200 |    0.00        0.00
--------|----------------------------------------------------------------------------|-------|-------------|-------|-------|-------|-------|--------|-----------
         Aggregated                                                                      8464     0(0.00%) |     32       3    5715      8 |   23.60        0.00

Type     Name                                                                          # reqs      # fails |    Avg     Min     Max    Med |   req/s  failures/s
--------|----------------------------------------------------------------------------|-------|-------------|-------|-------|-------|-------|--------|-----------
GET      GET /api/v1/reservas                                                            6335     0(0.00%) |     11       4     378      8 |   17.90        0.00
GET      GET /api/v1/reservas/{id}                                                       2128     0(0.00%) |      8       3     289      6 |    7.30        0.00
POST     POST /api/v1/auth/login                                                           50     0(0.00%) |   3726     779    5715   4200 |    0.00        0.00
--------|----------------------------------------------------------------------------|-------|-------------|-------|-------|-------|-------|--------|-----------
         Aggregated                                                                      8513     0(0.00%) |     32       3    5715      8 |   25.20        0.00

Type     Name                                                                          # reqs      # fails |    Avg     Min     Max    Med |   req/s  failures/s
--------|----------------------------------------------------------------------------|-------|-------------|-------|-------|-------|-------|--------|-----------
GET      GET /api/v1/reservas                                                            6377     0(0.00%) |     11       4     378      8 |   17.70        0.00
GET      GET /api/v1/reservas/{id}                                                       2135     0(0.00%) |      8       3     289      6 |    7.00        0.00
POST     POST /api/v1/auth/login                                                           50     0(0.00%) |   3726     779    5715   4200 |    0.00        0.00
--------|----------------------------------------------------------------------------|-------|-------------|-------|-------|-------|-------|--------|-----------
         Aggregated                                                                      8562     0(0.00%) |     32       3    5715      8 |   24.70        0.00

Type     Name                                                                          # reqs      # fails |    Avg     Min     Max    Med |   req/s  failures/s
--------|----------------------------------------------------------------------------|-------|-------------|-------|-------|-------|-------|--------|-----------
GET      GET /api/v1/reservas                                                            6406     0(0.00%) |     11       4     378      8 |   18.80        0.00
GET      GET /api/v1/reservas/{id}                                                       2151     0(0.00%) |      8       3     289      6 |    6.40        0.00
POST     POST /api/v1/auth/login                                                           50     0(0.00%) |   3726     779    5715   4200 |    0.00        0.00
--------|----------------------------------------------------------------------------|-------|-------------|-------|-------|-------|-------|--------|-----------
         Aggregated                                                                      8607     0(0.00%) |     32       3    5715      8 |   25.20        0.00

Type     Name                                                                          # reqs      # fails |    Avg     Min     Max    Med |   req/s  failures/s
--------|----------------------------------------------------------------------------|-------|-------------|-------|-------|-------|-------|--------|-----------
GET      GET /api/v1/reservas                                                            6446     0(0.00%) |     11       4     378      8 |   17.60        0.00
GET      GET /api/v1/reservas/{id}                                                       2165     0(0.00%) |      8       3     289      6 |    7.10        0.00
POST     POST /api/v1/auth/login                                                           50     0(0.00%) |   3726     779    5715   4200 |    0.00        0.00
--------|----------------------------------------------------------------------------|-------|-------------|-------|-------|-------|-------|--------|-----------
         Aggregated                                                                      8661     0(0.00%) |     32       3    5715      8 |   24.70        0.00

Type     Name                                                                          # reqs      # fails |    Avg     Min     Max    Med |   req/s  failures/s
--------|----------------------------------------------------------------------------|-------|-------------|-------|-------|-------|-------|--------|-----------
GET      GET /api/v1/reservas                                                            6477     0(0.00%) |     11       4     378      8 |   18.60        0.00
GET      GET /api/v1/reservas/{id}                                                       2182     0(0.00%) |      8       3     289      6 |    6.70        0.00
POST     POST /api/v1/auth/login                                                           50     0(0.00%) |   3726     779    5715   4200 |    0.00        0.00
--------|----------------------------------------------------------------------------|-------|-------------|-------|-------|-------|-------|--------|-----------
         Aggregated                                                                      8709     0(0.00%) |     31       3    5715      8 |   25.30        0.00

Type     Name                                                                          # reqs      # fails |    Avg     Min     Max    Med |   req/s  failures/s
--------|----------------------------------------------------------------------------|-------|-------------|-------|-------|-------|-------|--------|-----------
GET      GET /api/v1/reservas                                                            6519     0(0.00%) |     11       4     378      8 |   18.10        0.00
GET      GET /api/v1/reservas/{id}                                                       2198     0(0.00%) |      8       3     289      6 |    6.50        0.00
POST     POST /api/v1/auth/login                                                           50     0(0.00%) |   3726     779    5715   4200 |    0.00        0.00
--------|----------------------------------------------------------------------------|-------|-------------|-------|-------|-------|-------|--------|-----------
         Aggregated                                                                      8767     0(0.00%) |     31       3    5715      8 |   24.60        0.00

Type     Name                                                                          # reqs      # fails |    Avg     Min     Max    Med |   req/s  failures/s
--------|----------------------------------------------------------------------------|-------|-------------|-------|-------|-------|-------|--------|-----------
GET      GET /api/v1/reservas                                                            6551     0(0.00%) |     11       4     378      8 |   18.50        0.00
GET      GET /api/v1/reservas/{id}                                                       2220     0(0.00%) |      8       3     289      6 |    6.70        0.00
POST     POST /api/v1/auth/login                                                           50     0(0.00%) |   3726     779    5715   4200 |    0.00        0.00
--------|----------------------------------------------------------------------------|-------|-------------|-------|-------|-------|-------|--------|-----------
         Aggregated                                                                      8821     0(0.00%) |     31       3    5715      8 |   25.20        0.00

Type     Name                                                                          # reqs      # fails |    Avg     Min     Max    Med |   req/s  failures/s
--------|----------------------------------------------------------------------------|-------|-------------|-------|-------|-------|-------|--------|-----------
GET      GET /api/v1/reservas                                                            6585     0(0.00%) |     11       4     378      8 |   17.00        0.00
GET      GET /api/v1/reservas/{id}                                                       2233     0(0.00%) |      8       3     289      6 |    8.20        0.00
POST     POST /api/v1/auth/login                                                           50     0(0.00%) |   3726     779    5715   4200 |    0.00        0.00
--------|----------------------------------------------------------------------------|-------|-------------|-------|-------|-------|-------|--------|-----------
         Aggregated                                                                      8868     0(0.00%) |     31       3    5715      8 |   25.20        0.00

Type     Name                                                                          # reqs      # fails |    Avg     Min     Max    Med |   req/s  failures/s
--------|----------------------------------------------------------------------------|-------|-------------|-------|-------|-------|-------|--------|-----------
GET      GET /api/v1/reservas                                                            6624     0(0.00%) |     11       4     378      8 |   16.90        0.00
GET      GET /api/v1/reservas/{id}                                                       2242     0(0.00%) |      8       3     289      6 |    8.10        0.00
POST     POST /api/v1/auth/login                                                           50     0(0.00%) |   3726     779    5715   4200 |    0.00        0.00
--------|----------------------------------------------------------------------------|-------|-------------|-------|-------|-------|-------|--------|-----------
         Aggregated                                                                      8916     0(0.00%) |     31       3    5715      8 |   25.00        0.00

Type     Name                                                                          # reqs      # fails |    Avg     Min     Max    Med |   req/s  failures/s
--------|----------------------------------------------------------------------------|-------|-------------|-------|-------|-------|-------|--------|-----------
GET      GET /api/v1/reservas                                                            6660     0(0.00%) |     11       4     378      8 |   17.70        0.00
GET      GET /api/v1/reservas/{id}                                                       2254     0(0.00%) |      8       3     289      6 |    7.80        0.00
POST     POST /api/v1/auth/login                                                           50     0(0.00%) |   3726     779    5715   4200 |    0.00        0.00
--------|----------------------------------------------------------------------------|-------|-------------|-------|-------|-------|-------|--------|-----------
         Aggregated                                                                      8964     0(0.00%) |     31       3    5715      8 |   25.50        0.00

Type     Name                                                                          # reqs      # fails |    Avg     Min     Max    Med |   req/s  failures/s
--------|----------------------------------------------------------------------------|-------|-------------|-------|-------|-------|-------|--------|-----------
GET      GET /api/v1/reservas                                                            6695     0(0.00%) |     11       4     378      8 |   18.20        0.00
GET      GET /api/v1/reservas/{id}                                                       2266     0(0.00%) |      8       3     289      6 |    7.00        0.00
POST     POST /api/v1/auth/login                                                           50     0(0.00%) |   3726     779    5715   4200 |    0.00        0.00
--------|----------------------------------------------------------------------------|-------|-------------|-------|-------|-------|-------|--------|-----------
         Aggregated                                                                      9011     0(0.00%) |     31       3    5715      8 |   25.20        0.00

Type     Name                                                                          # reqs      # fails |    Avg     Min     Max    Med |   req/s  failures/s
--------|----------------------------------------------------------------------------|-------|-------------|-------|-------|-------|-------|--------|-----------
GET      GET /api/v1/reservas                                                            6734     0(0.00%) |     11       4     378      8 |   18.00        0.00
GET      GET /api/v1/reservas/{id}                                                       2277     0(0.00%) |      8       3     289      6 |    6.90        0.00
POST     POST /api/v1/auth/login                                                           50     0(0.00%) |   3726     779    5715   4200 |    0.00        0.00
--------|----------------------------------------------------------------------------|-------|-------------|-------|-------|-------|-------|--------|-----------
         Aggregated                                                                      9061     0(0.00%) |     30       3    5715      8 |   24.90        0.00

Type     Name                                                                          # reqs      # fails |    Avg     Min     Max    Med |   req/s  failures/s
--------|----------------------------------------------------------------------------|-------|-------------|-------|-------|-------|-------|--------|-----------
GET      GET /api/v1/reservas                                                            6771     0(0.00%) |     11       4     378      8 |   18.70        0.00
GET      GET /api/v1/reservas/{id}                                                       2294     0(0.00%) |      8       3     289      6 |    6.20        0.00
POST     POST /api/v1/auth/login                                                           50     0(0.00%) |   3726     779    5715   4200 |    0.00        0.00
--------|----------------------------------------------------------------------------|-------|-------------|-------|-------|-------|-------|--------|-----------
         Aggregated                                                                      9115     0(0.00%) |     30       3    5715      8 |   24.90        0.00

Type     Name                                                                          # reqs      # fails |    Avg     Min     Max    Med |   req/s  failures/s
--------|----------------------------------------------------------------------------|-------|-------------|-------|-------|-------|-------|--------|-----------
GET      GET /api/v1/reservas                                                            6808     0(0.00%) |     11       4     378      8 |   18.90        0.00
GET      GET /api/v1/reservas/{id}                                                       2300     0(0.00%) |      8       3     289      6 |    5.80        0.00
POST     POST /api/v1/auth/login                                                           50     0(0.00%) |   3726     779    5715   4200 |    0.00        0.00
--------|----------------------------------------------------------------------------|-------|-------------|-------|-------|-------|-------|--------|-----------
         Aggregated                                                                      9158     0(0.00%) |     30       3    5715      8 |   24.70        0.00

Type     Name                                                                          # reqs      # fails |    Avg     Min     Max    Med |   req/s  failures/s
--------|----------------------------------------------------------------------------|-------|-------------|-------|-------|-------|-------|--------|-----------
GET      GET /api/v1/reservas                                                            6840     0(0.00%) |     11       4     378      8 |   18.10        0.00
GET      GET /api/v1/reservas/{id}                                                       2314     0(0.00%) |      8       3     289      6 |    6.00        0.00
POST     POST /api/v1/auth/login                                                           50     0(0.00%) |   3726     779    5715   4200 |    0.00        0.00
--------|----------------------------------------------------------------------------|-------|-------------|-------|-------|-------|-------|--------|-----------
         Aggregated                                                                      9204     0(0.00%) |     30       3    5715      8 |   24.10        0.00

Type     Name                                                                          # reqs      # fails |    Avg     Min     Max    Med |   req/s  failures/s
--------|----------------------------------------------------------------------------|-------|-------------|-------|-------|-------|-------|--------|-----------
GET      GET /api/v1/reservas                                                            6879     0(0.00%) |     11       4     378      8 |   17.80        0.00
GET      GET /api/v1/reservas/{id}                                                       2325     0(0.00%) |      7       3     289      6 |    6.00        0.00
POST     POST /api/v1/auth/login                                                           50     0(0.00%) |   3726     779    5715   4200 |    0.00        0.00
--------|----------------------------------------------------------------------------|-------|-------------|-------|-------|-------|-------|--------|-----------
         Aggregated                                                                      9254     0(0.00%) |     30       3    5715      8 |   23.80        0.00

Type     Name                                                                          # reqs      # fails |    Avg     Min     Max    Med |   req/s  failures/s
--------|----------------------------------------------------------------------------|-------|-------------|-------|-------|-------|-------|--------|-----------
GET      GET /api/v1/reservas                                                            6913     0(0.00%) |     11       4     378      8 |   18.00        0.00
GET      GET /api/v1/reservas/{id}                                                       2340     0(0.00%) |      7       3     289      6 |    5.90        0.00
POST     POST /api/v1/auth/login                                                           50     0(0.00%) |   3726     779    5715   4200 |    0.00        0.00
--------|----------------------------------------------------------------------------|-------|-------------|-------|-------|-------|-------|--------|-----------
         Aggregated                                                                      9303     0(0.00%) |     30       3    5715      8 |   23.90        0.00

Type     Name                                                                          # reqs      # fails |    Avg     Min     Max    Med |   req/s  failures/s
--------|----------------------------------------------------------------------------|-------|-------------|-------|-------|-------|-------|--------|-----------
GET      GET /api/v1/reservas                                                            6948     0(0.00%) |     11       4     378      8 |   17.60        0.00
GET      GET /api/v1/reservas/{id}                                                       2355     0(0.00%) |      7       3     289      6 |    6.10        0.00
POST     POST /api/v1/auth/login                                                           50     0(0.00%) |   3726     779    5715   4200 |    0.00        0.00
--------|----------------------------------------------------------------------------|-------|-------------|-------|-------|-------|-------|--------|-----------
         Aggregated                                                                      9353     0(0.00%) |     30       3    5715      8 |   23.70        0.00

Type     Name                                                                          # reqs      # fails |    Avg     Min     Max    Med |   req/s  failures/s
--------|----------------------------------------------------------------------------|-------|-------------|-------|-------|-------|-------|--------|-----------
GET      GET /api/v1/reservas                                                            6989     0(0.00%) |     11       4     378      8 |   18.00        0.00
GET      GET /api/v1/reservas/{id}                                                       2366     0(0.00%) |      7       3     289      6 |    6.50        0.00
POST     POST /api/v1/auth/login                                                           50     0(0.00%) |   3726     779    5715   4200 |    0.00        0.00
--------|----------------------------------------------------------------------------|-------|-------------|-------|-------|-------|-------|--------|-----------
         Aggregated                                                                      9405     0(0.00%) |     30       3    5715      8 |   24.50        0.00

Type     Name                                                                          # reqs      # fails |    Avg     Min     Max    Med |   req/s  failures/s
--------|----------------------------------------------------------------------------|-------|-------------|-------|-------|-------|-------|--------|-----------
GET      GET /api/v1/reservas                                                            7029     0(0.00%) |     11       4     378      8 |   18.00        0.00
GET      GET /api/v1/reservas/{id}                                                       2376     0(0.00%) |      7       3     289      6 |    6.20        0.00
POST     POST /api/v1/auth/login                                                           50     0(0.00%) |   3726     779    5715   4200 |    0.00        0.00
--------|----------------------------------------------------------------------------|-------|-------------|-------|-------|-------|-------|--------|-----------
         Aggregated                                                                      9455     0(0.00%) |     29       3    5715      8 |   24.20        0.00

Type     Name                                                                          # reqs      # fails |    Avg     Min     Max    Med |   req/s  failures/s
--------|----------------------------------------------------------------------------|-------|-------------|-------|-------|-------|-------|--------|-----------
GET      GET /api/v1/reservas                                                            7070     0(0.00%) |     10       4     378      8 |   18.40        0.00
GET      GET /api/v1/reservas/{id}                                                       2387     0(0.00%) |      7       3     289      6 |    6.30        0.00
POST     POST /api/v1/auth/login                                                           50     0(0.00%) |   3726     779    5715   4200 |    0.00        0.00
--------|----------------------------------------------------------------------------|-------|-------------|-------|-------|-------|-------|--------|-----------
         Aggregated                                                                      9507     0(0.00%) |     29       3    5715      8 |   24.70        0.00

Type     Name                                                                          # reqs      # fails |    Avg     Min     Max    Med |   req/s  failures/s
--------|----------------------------------------------------------------------------|-------|-------------|-------|-------|-------|-------|--------|-----------
GET      GET /api/v1/reservas                                                            7114     0(0.00%) |     10       4     378      8 |   18.90        0.00
GET      GET /api/v1/reservas/{id}                                                       2394     0(0.00%) |      7       3     289      6 |    6.20        0.00
POST     POST /api/v1/auth/login                                                           50     0(0.00%) |   3726     779    5715   4200 |    0.00        0.00
--------|----------------------------------------------------------------------------|-------|-------------|-------|-------|-------|-------|--------|-----------
         Aggregated                                                                      9558     0(0.00%) |     29       3    5715      8 |   25.10        0.00

Type     Name                                                                          # reqs      # fails |    Avg     Min     Max    Med |   req/s  failures/s
--------|----------------------------------------------------------------------------|-------|-------------|-------|-------|-------|-------|--------|-----------
GET      GET /api/v1/reservas                                                            7154     0(0.00%) |     10       4     378      8 |   20.20        0.00
GET      GET /api/v1/reservas/{id}                                                       2401     0(0.00%) |      7       3     289      6 |    5.20        0.00
POST     POST /api/v1/auth/login                                                           50     0(0.00%) |   3726     779    5715   4200 |    0.00        0.00
--------|----------------------------------------------------------------------------|-------|-------------|-------|-------|-------|-------|--------|-----------
         Aggregated                                                                      9605     0(0.00%) |     29       3    5715      8 |   25.40        0.00

Type     Name                                                                          # reqs      # fails |    Avg     Min     Max    Med |   req/s  failures/s
--------|----------------------------------------------------------------------------|-------|-------------|-------|-------|-------|-------|--------|-----------
GET      GET /api/v1/reservas                                                            7193     0(0.00%) |     10       4     378      8 |   20.60        0.00
GET      GET /api/v1/reservas/{id}                                                       2415     0(0.00%) |      7       3     289      6 |    4.70        0.00
POST     POST /api/v1/auth/login                                                           50     0(0.00%) |   3726     779    5715   4200 |    0.00        0.00
--------|----------------------------------------------------------------------------|-------|-------------|-------|-------|-------|-------|--------|-----------
         Aggregated                                                                      9658     0(0.00%) |     29       3    5715      8 |   25.30        0.00

Type     Name                                                                          # reqs      # fails |    Avg     Min     Max    Med |   req/s  failures/s
--------|----------------------------------------------------------------------------|-------|-------------|-------|-------|-------|-------|--------|-----------
GET      GET /api/v1/reservas                                                            7226     0(0.00%) |     10       4     378      8 |   20.70        0.00
GET      GET /api/v1/reservas/{id}                                                       2428     0(0.00%) |      7       3     289      6 |    4.80        0.00
POST     POST /api/v1/auth/login                                                           50     0(0.00%) |   3726     779    5715   4200 |    0.00        0.00
--------|----------------------------------------------------------------------------|-------|-------------|-------|-------|-------|-------|--------|-----------
         Aggregated                                                                      9704     0(0.00%) |     29       3    5715      8 |   25.50        0.00

Type     Name                                                                          # reqs      # fails |    Avg     Min     Max    Med |   req/s  failures/s
--------|----------------------------------------------------------------------------|-------|-------------|-------|-------|-------|-------|--------|-----------
GET      GET /api/v1/reservas                                                            7260     0(0.00%) |     10       4     378      8 |   20.80        0.00
GET      GET /api/v1/reservas/{id}                                                       2446     0(0.00%) |      7       3     289      6 |    4.90        0.00
POST     POST /api/v1/auth/login                                                           50     0(0.00%) |   3726     779    5715   4200 |    0.00        0.00
--------|----------------------------------------------------------------------------|-------|-------------|-------|-------|-------|-------|--------|-----------
         Aggregated                                                                      9756     0(0.00%) |     29       3    5715      8 |   25.70        0.00

Type     Name                                                                          # reqs      # fails |    Avg     Min     Max    Med |   req/s  failures/s
--------|----------------------------------------------------------------------------|-------|-------------|-------|-------|-------|-------|--------|-----------
GET      GET /api/v1/reservas                                                            7295     0(0.00%) |     10       4     378      8 |   18.90        0.00
GET      GET /api/v1/reservas/{id}                                                       2462     0(0.00%) |      7       3     289      6 |    5.70        0.00
POST     POST /api/v1/auth/login                                                           50     0(0.00%) |   3726     779    5715   4200 |    0.00        0.00
--------|----------------------------------------------------------------------------|-------|-------------|-------|-------|-------|-------|--------|-----------
         Aggregated                                                                      9807     0(0.00%) |     29       3    5715      8 |   24.60        0.00

Type     Name                                                                          # reqs      # fails |    Avg     Min     Max    Med |   req/s  failures/s
--------|----------------------------------------------------------------------------|-------|-------------|-------|-------|-------|-------|--------|-----------
GET      GET /api/v1/reservas                                                            7337     0(0.00%) |     10       4     378      8 |   18.30        0.00
GET      GET /api/v1/reservas/{id}                                                       2474     0(0.00%) |      7       3     289      6 |    6.80        0.00
POST     POST /api/v1/auth/login                                                           50     0(0.00%) |   3726     779    5715   4200 |    0.00        0.00
--------|----------------------------------------------------------------------------|-------|-------------|-------|-------|-------|-------|--------|-----------
         Aggregated                                                                      9861     0(0.00%) |     28       3    5715      8 |   25.10        0.00

Type     Name                                                                          # reqs      # fails |    Avg     Min     Max    Med |   req/s  failures/s
--------|----------------------------------------------------------------------------|-------|-------------|-------|-------|-------|-------|--------|-----------
GET      GET /api/v1/reservas                                                            7367     0(0.00%) |     10       4     378      8 |   17.70        0.00
GET      GET /api/v1/reservas/{id}                                                       2488     0(0.00%) |      7       3     289      6 |    6.90        0.00
POST     POST /api/v1/auth/login                                                           50     0(0.00%) |   3726     779    5715   4200 |    0.00        0.00
--------|----------------------------------------------------------------------------|-------|-------------|-------|-------|-------|-------|--------|-----------
         Aggregated                                                                      9905     0(0.00%) |     28       3    5715      8 |   24.60        0.00

Type     Name                                                                          # reqs      # fails |    Avg     Min     Max    Med |   req/s  failures/s
--------|----------------------------------------------------------------------------|-------|-------------|-------|-------|-------|-------|--------|-----------
GET      GET /api/v1/reservas                                                            7411     0(0.00%) |     10       4     378      8 |   17.70        0.00
GET      GET /api/v1/reservas/{id}                                                       2499     0(0.00%) |      7       3     289      6 |    7.30        0.00
POST     POST /api/v1/auth/login                                                           50     0(0.00%) |   3726     779    5715   4200 |    0.00        0.00
--------|----------------------------------------------------------------------------|-------|-------------|-------|-------|-------|-------|--------|-----------
         Aggregated                                                                      9960     0(0.00%) |     28       3    5715      8 |   25.00        0.00

Type     Name                                                                          # reqs      # fails |    Avg     Min     Max    Med |   req/s  failures/s
--------|----------------------------------------------------------------------------|-------|-------------|-------|-------|-------|-------|--------|-----------
GET      GET /api/v1/reservas                                                            7442     0(0.00%) |     10       4     378      8 |   17.60        0.00
GET      GET /api/v1/reservas/{id}                                                       2516     0(0.00%) |      7       3     289      6 |    7.30        0.00
POST     POST /api/v1/auth/login                                                           50     0(0.00%) |   3726     779    5715   4200 |    0.00        0.00
--------|----------------------------------------------------------------------------|-------|-------------|-------|-------|-------|-------|--------|-----------
         Aggregated                                                                     10008     0(0.00%) |     28       3    5715      8 |   24.90        0.00

Type     Name                                                                          # reqs      # fails |    Avg     Min     Max    Med |   req/s  failures/s
--------|----------------------------------------------------------------------------|-------|-------------|-------|-------|-------|-------|--------|-----------
GET      GET /api/v1/reservas                                                            7482     0(0.00%) |     10       4     378      8 |   18.80        0.00
GET      GET /api/v1/reservas/{id}                                                       2526     0(0.00%) |      7       3     289      6 |    7.50        0.00
POST     POST /api/v1/auth/login                                                           50     0(0.00%) |   3726     779    5715   4200 |    0.00        0.00
--------|----------------------------------------------------------------------------|-------|-------------|-------|-------|-------|-------|--------|-----------
         Aggregated                                                                     10058     0(0.00%) |     28       3    5715      8 |   26.30        0.00

Type     Name                                                                          # reqs      # fails |    Avg     Min     Max    Med |   req/s  failures/s
--------|----------------------------------------------------------------------------|-------|-------------|-------|-------|-------|-------|--------|-----------
GET      GET /api/v1/reservas                                                            7507     0(0.00%) |     10       4     378      8 |   18.50        0.00
GET      GET /api/v1/reservas/{id}                                                       2543     0(0.00%) |      7       3     289      6 |    6.40        0.00
POST     POST /api/v1/auth/login                                                           50     0(0.00%) |   3726     779    5715   4200 |    0.00        0.00
--------|----------------------------------------------------------------------------|-------|-------------|-------|-------|-------|-------|--------|-----------
         Aggregated                                                                     10100     0(0.00%) |     28       3    5715      8 |   24.90        0.00

Type     Name                                                                          # reqs      # fails |    Avg     Min     Max    Med |   req/s  failures/s
--------|----------------------------------------------------------------------------|-------|-------------|-------|-------|-------|-------|--------|-----------
GET      GET /api/v1/reservas                                                            7550     0(0.00%) |     10       4     378      8 |   17.80        0.00
GET      GET /api/v1/reservas/{id}                                                       2554     0(0.00%) |      7       3     289      6 |    7.10        0.00
POST     POST /api/v1/auth/login                                                           50     0(0.00%) |   3726     779    5715   4200 |    0.00        0.00
--------|----------------------------------------------------------------------------|-------|-------------|-------|-------|-------|-------|--------|-----------
         Aggregated                                                                     10154     0(0.00%) |     28       3    5715      8 |   24.90        0.00

Type     Name                                                                          # reqs      # fails |    Avg     Min     Max    Med |   req/s  failures/s
--------|----------------------------------------------------------------------------|-------|-------------|-------|-------|-------|-------|--------|-----------
GET      GET /api/v1/reservas                                                            7591     0(0.00%) |     10       4     378      8 |   17.70        0.00
GET      GET /api/v1/reservas/{id}                                                       2566     0(0.00%) |      7       3     289      6 |    6.90        0.00
POST     POST /api/v1/auth/login                                                           50     0(0.00%) |   3726     779    5715   4200 |    0.00        0.00
--------|----------------------------------------------------------------------------|-------|-------------|-------|-------|-------|-------|--------|-----------
         Aggregated                                                                     10207     0(0.00%) |     28       3    5715      8 |   24.60        0.00

Type     Name                                                                          # reqs      # fails |    Avg     Min     Max    Med |   req/s  failures/s
--------|----------------------------------------------------------------------------|-------|-------------|-------|-------|-------|-------|--------|-----------
GET      GET /api/v1/reservas                                                            7625     0(0.00%) |     10       4     378      8 |   18.30        0.00
GET      GET /api/v1/reservas/{id}                                                       2582     0(0.00%) |      7       3     289      6 |    6.80        0.00
POST     POST /api/v1/auth/login                                                           50     0(0.00%) |   3726     779    5715   4200 |    0.00        0.00
--------|----------------------------------------------------------------------------|-------|-------------|-------|-------|-------|-------|--------|-----------
         Aggregated                                                                     10257     0(0.00%) |     28       3    5715      8 |   25.10        0.00

Type     Name                                                                          # reqs      # fails |    Avg     Min     Max    Med |   req/s  failures/s
--------|----------------------------------------------------------------------------|-------|-------------|-------|-------|-------|-------|--------|-----------
GET      GET /api/v1/reservas                                                            7659     0(0.00%) |     10       4     378      8 |   18.10        0.00
GET      GET /api/v1/reservas/{id}                                                       2595     0(0.00%) |      7       3     289      6 |    6.40        0.00
POST     POST /api/v1/auth/login                                                           50     0(0.00%) |   3726     779    5715   4200 |    0.00        0.00
--------|----------------------------------------------------------------------------|-------|-------------|-------|-------|-------|-------|--------|-----------
         Aggregated                                                                     10304     0(0.00%) |     28       3    5715      8 |   24.50        0.00

Type     Name                                                                          # reqs      # fails |    Avg     Min     Max    Med |   req/s  failures/s
--------|----------------------------------------------------------------------------|-------|-------------|-------|-------|-------|-------|--------|-----------
GET      GET /api/v1/reservas                                                            7694     0(0.00%) |     10       4     378      8 |   17.80        0.00
GET      GET /api/v1/reservas/{id}                                                       2608     0(0.00%) |      7       3     289      6 |    7.00        0.00
POST     POST /api/v1/auth/login                                                           50     0(0.00%) |   3726     779    5715   4200 |    0.00        0.00
--------|----------------------------------------------------------------------------|-------|-------------|-------|-------|-------|-------|--------|-----------
         Aggregated                                                                     10352     0(0.00%) |     27       3    5715      8 |   24.80        0.00

Type     Name                                                                          # reqs      # fails |    Avg     Min     Max    Med |   req/s  failures/s
--------|----------------------------------------------------------------------------|-------|-------------|-------|-------|-------|-------|--------|-----------
GET      GET /api/v1/reservas                                                            7733     0(0.00%) |     10       4     378      8 |   18.20        0.00
GET      GET /api/v1/reservas/{id}                                                       2620     0(0.00%) |      7       3     289      6 |    6.60        0.00
POST     POST /api/v1/auth/login                                                           50     0(0.00%) |   3726     779    5715   4200 |    0.00        0.00
--------|----------------------------------------------------------------------------|-------|-------------|-------|-------|-------|-------|--------|-----------
         Aggregated                                                                     10403     0(0.00%) |     27       3    5715      8 |   24.80        0.00

Type     Name                                                                          # reqs      # fails |    Avg     Min     Max    Med |   req/s  failures/s
--------|----------------------------------------------------------------------------|-------|-------------|-------|-------|-------|-------|--------|-----------
GET      GET /api/v1/reservas                                                            7768     0(0.00%) |     10       4     378      8 |   18.50        0.00
GET      GET /api/v1/reservas/{id}                                                       2637     0(0.00%) |      7       3     289      6 |    6.60        0.00
POST     POST /api/v1/auth/login                                                           50     0(0.00%) |   3726     779    5715   4200 |    0.00        0.00
--------|----------------------------------------------------------------------------|-------|-------------|-------|-------|-------|-------|--------|-----------
         Aggregated                                                                     10455     0(0.00%) |     27       3    5715      8 |   25.10        0.00

Type     Name                                                                          # reqs      # fails |    Avg     Min     Max    Med |   req/s  failures/s
--------|----------------------------------------------------------------------------|-------|-------------|-------|-------|-------|-------|--------|-----------
GET      GET /api/v1/reservas                                                            7804     0(0.00%) |     10       4     378      8 |   17.60        0.00
GET      GET /api/v1/reservas/{id}                                                       2646     0(0.00%) |      7       3     289      6 |    6.80        0.00
POST     POST /api/v1/auth/login                                                           50     0(0.00%) |   3726     779    5715   4200 |    0.00        0.00
--------|----------------------------------------------------------------------------|-------|-------------|-------|-------|-------|-------|--------|-----------
         Aggregated                                                                     10500     0(0.00%) |     27       3    5715      8 |   24.40        0.00

Type     Name                                                                          # reqs      # fails |    Avg     Min     Max    Med |   req/s  failures/s
--------|----------------------------------------------------------------------------|-------|-------------|-------|-------|-------|-------|--------|-----------
GET      GET /api/v1/reservas                                                            7833     0(0.00%) |     10       4     378      8 |   18.00        0.00
GET      GET /api/v1/reservas/{id}                                                       2664     0(0.00%) |      7       3     289      6 |    6.60        0.00
POST     POST /api/v1/auth/login                                                           50     0(0.00%) |   3726     779    5715   4200 |    0.00        0.00
--------|----------------------------------------------------------------------------|-------|-------------|-------|-------|-------|-------|--------|-----------
         Aggregated                                                                     10547     0(0.00%) |     27       3    5715      8 |   24.60        0.00

Type     Name                                                                          # reqs      # fails |    Avg     Min     Max    Med |   req/s  failures/s
--------|----------------------------------------------------------------------------|-------|-------------|-------|-------|-------|-------|--------|-----------
GET      GET /api/v1/reservas                                                            7872     0(0.00%) |     10       4     378      8 |   18.00        0.00
GET      GET /api/v1/reservas/{id}                                                       2675     0(0.00%) |      7       3     289      6 |    6.50        0.00
POST     POST /api/v1/auth/login                                                           50     0(0.00%) |   3726     779    5715   4200 |    0.00        0.00
--------|----------------------------------------------------------------------------|-------|-------------|-------|-------|-------|-------|--------|-----------
         Aggregated                                                                     10597     0(0.00%) |     27       3    5715      8 |   24.50        0.00

Type     Name                                                                          # reqs      # fails |    Avg     Min     Max    Med |   req/s  failures/s
--------|----------------------------------------------------------------------------|-------|-------------|-------|-------|-------|-------|--------|-----------
GET      GET /api/v1/reservas                                                            7910     0(0.00%) |     10       4     378      8 |   18.10        0.00
GET      GET /api/v1/reservas/{id}                                                       2688     0(0.00%) |      7       3     289      6 |    6.50        0.00
POST     POST /api/v1/auth/login                                                           50     0(0.00%) |   3726     779    5715   4200 |    0.00        0.00
--------|----------------------------------------------------------------------------|-------|-------------|-------|-------|-------|-------|--------|-----------
         Aggregated                                                                     10648     0(0.00%) |     27       3    5715      8 |   24.60        0.00

Type     Name                                                                          # reqs      # fails |    Avg     Min     Max    Med |   req/s  failures/s
--------|----------------------------------------------------------------------------|-------|-------------|-------|-------|-------|-------|--------|-----------
GET      GET /api/v1/reservas                                                            7947     0(0.00%) |     10       4     378      8 |   17.80        0.00
GET      GET /api/v1/reservas/{id}                                                       2702     0(0.00%) |      7       3     289      6 |    6.60        0.00
POST     POST /api/v1/auth/login                                                           50     0(0.00%) |   3726     779    5715   4200 |    0.00        0.00
--------|----------------------------------------------------------------------------|-------|-------------|-------|-------|-------|-------|--------|-----------
         Aggregated                                                                     10699     0(0.00%) |     27       3    5715      8 |   24.40        0.00

Type     Name                                                                          # reqs      # fails |    Avg     Min     Max    Med |   req/s  failures/s
--------|----------------------------------------------------------------------------|-------|-------------|-------|-------|-------|-------|--------|-----------
GET      GET /api/v1/reservas                                                            7989     0(0.00%) |     10       4     378      8 |   17.90        0.00
GET      GET /api/v1/reservas/{id}                                                       2714     0(0.00%) |      7       3     289      6 |    6.80        0.00
POST     POST /api/v1/auth/login                                                           50     0(0.00%) |   3726     779    5715   4200 |    0.00        0.00
--------|----------------------------------------------------------------------------|-------|-------------|-------|-------|-------|-------|--------|-----------
         Aggregated                                                                     10753     0(0.00%) |     27       3    5715      8 |   24.70        0.00

Type     Name                                                                          # reqs      # fails |    Avg     Min     Max    Med |   req/s  failures/s
--------|----------------------------------------------------------------------------|-------|-------------|-------|-------|-------|-------|--------|-----------
GET      GET /api/v1/reservas                                                            8027     0(0.00%) |     10       4     378      8 |   18.20        0.00
GET      GET /api/v1/reservas/{id}                                                       2722     0(0.00%) |      7       3     289      6 |    6.50        0.00
POST     POST /api/v1/auth/login                                                           50     0(0.00%) |   3726     779    5715   4200 |    0.00        0.00
--------|----------------------------------------------------------------------------|-------|-------------|-------|-------|-------|-------|--------|-----------
         Aggregated                                                                     10799     0(0.00%) |     27       3    5715      8 |   24.70        0.00

Type     Name                                                                          # reqs      # fails |    Avg     Min     Max    Med |   req/s  failures/s
--------|----------------------------------------------------------------------------|-------|-------------|-------|-------|-------|-------|--------|-----------
GET      GET /api/v1/reservas                                                            8062     0(0.00%) |     10       4     378      8 |   18.80        0.00
GET      GET /api/v1/reservas/{id}                                                       2735     0(0.00%) |      7       3     289      6 |    6.30        0.00
POST     POST /api/v1/auth/login                                                           50     0(0.00%) |   3726     779    5715   4200 |    0.00        0.00
--------|----------------------------------------------------------------------------|-------|-------------|-------|-------|-------|-------|--------|-----------
         Aggregated                                                                     10847     0(0.00%) |     26       3    5715      8 |   25.10        0.00

Type     Name                                                                          # reqs      # fails |    Avg     Min     Max    Med |   req/s  failures/s
--------|----------------------------------------------------------------------------|-------|-------------|-------|-------|-------|-------|--------|-----------
GET      GET /api/v1/reservas                                                            8098     0(0.00%) |     10       4     378      8 |   18.80        0.00
GET      GET /api/v1/reservas/{id}                                                       2748     0(0.00%) |      7       3     289      6 |    6.20        0.00
POST     POST /api/v1/auth/login                                                           50     0(0.00%) |   3726     779    5715   4200 |    0.00        0.00
--------|----------------------------------------------------------------------------|-------|-------------|-------|-------|-------|-------|--------|-----------
         Aggregated                                                                     10896     0(0.00%) |     26       3    5715      8 |   25.00        0.00

Type     Name                                                                          # reqs      # fails |    Avg     Min     Max    Med |   req/s  failures/s
--------|----------------------------------------------------------------------------|-------|-------------|-------|-------|-------|-------|--------|-----------
GET      GET /api/v1/reservas                                                            8137     0(0.00%) |     10       4     378      8 |   19.00        0.00
GET      GET /api/v1/reservas/{id}                                                       2759     0(0.00%) |      7       3     289      6 |    6.00        0.00
POST     POST /api/v1/auth/login                                                           50     0(0.00%) |   3726     779    5715   4200 |    0.00        0.00
--------|----------------------------------------------------------------------------|-------|-------------|-------|-------|-------|-------|--------|-----------
         Aggregated                                                                     10946     0(0.00%) |     26       3    5715      8 |   25.00        0.00

Type     Name                                                                          # reqs      # fails |    Avg     Min     Max    Med |   req/s  failures/s
--------|----------------------------------------------------------------------------|-------|-------------|-------|-------|-------|-------|--------|-----------
GET      GET /api/v1/reservas                                                            8169     0(0.00%) |     10       4     378      8 |   19.10        0.00
GET      GET /api/v1/reservas/{id}                                                       2776     0(0.00%) |      7       3     289      6 |    5.70        0.00
POST     POST /api/v1/auth/login                                                           50     0(0.00%) |   3726     779    5715   4200 |    0.00        0.00
--------|----------------------------------------------------------------------------|-------|-------------|-------|-------|-------|-------|--------|-----------
         Aggregated                                                                     10995     0(0.00%) |     26       3    5715      8 |   24.80        0.00

Type     Name                                                                          # reqs      # fails |    Avg     Min     Max    Med |   req/s  failures/s
--------|----------------------------------------------------------------------------|-------|-------------|-------|-------|-------|-------|--------|-----------
GET      GET /api/v1/reservas                                                            8198     0(0.00%) |     10       4     378      8 |   18.50        0.00
GET      GET /api/v1/reservas/{id}                                                       2793     0(0.00%) |      7       3     289      6 |    6.00        0.00
POST     POST /api/v1/auth/login                                                           50     0(0.00%) |   3726     779    5715   4200 |    0.00        0.00
--------|----------------------------------------------------------------------------|-------|-------------|-------|-------|-------|-------|--------|-----------
         Aggregated                                                                     11041     0(0.00%) |     26       3    5715      8 |   24.50        0.00

Type     Name                                                                          # reqs      # fails |    Avg     Min     Max    Med |   req/s  failures/s
--------|----------------------------------------------------------------------------|-------|-------------|-------|-------|-------|-------|--------|-----------
GET      GET /api/v1/reservas                                                            8235     0(0.00%) |     10       4     378      8 |   17.60        0.00
GET      GET /api/v1/reservas/{id}                                                       2807     0(0.00%) |      7       3     289      6 |    7.00        0.00
POST     POST /api/v1/auth/login                                                           50     0(0.00%) |   3726     779    5715   4200 |    0.00        0.00
--------|----------------------------------------------------------------------------|-------|-------------|-------|-------|-------|-------|--------|-----------
         Aggregated                                                                     11092     0(0.00%) |     26       3    5715      8 |   24.60        0.00

Type     Name                                                                          # reqs      # fails |    Avg     Min     Max    Med |   req/s  failures/s
--------|----------------------------------------------------------------------------|-------|-------------|-------|-------|-------|-------|--------|-----------
GET      GET /api/v1/reservas                                                            8276     0(0.00%) |     10       4     378      8 |   17.70        0.00
GET      GET /api/v1/reservas/{id}                                                       2820     0(0.00%) |      7       3     289      6 |    7.10        0.00
POST     POST /api/v1/auth/login                                                           50     0(0.00%) |   3726     779    5715   4200 |    0.00        0.00
--------|----------------------------------------------------------------------------|-------|-------------|-------|-------|-------|-------|--------|-----------
         Aggregated                                                                     11146     0(0.00%) |     26       3    5715      8 |   24.80        0.00

Type     Name                                                                          # reqs      # fails |    Avg     Min     Max    Med |   req/s  failures/s
--------|----------------------------------------------------------------------------|-------|-------------|-------|-------|-------|-------|--------|-----------
GET      GET /api/v1/reservas                                                            8310     0(0.00%) |     10       4     378      8 |   17.60        0.00
GET      GET /api/v1/reservas/{id}                                                       2832     0(0.00%) |      7       3     289      6 |    7.10        0.00
POST     POST /api/v1/auth/login                                                           50     0(0.00%) |   3726     779    5715   4200 |    0.00        0.00
--------|----------------------------------------------------------------------------|-------|-------------|-------|-------|-------|-------|--------|-----------
         Aggregated                                                                     11192     0(0.00%) |     26       3    5715      7 |   24.70        0.00

Type     Name                                                                          # reqs      # fails |    Avg     Min     Max    Med |   req/s  failures/s
--------|----------------------------------------------------------------------------|-------|-------------|-------|-------|-------|-------|--------|-----------
GET      GET /api/v1/reservas                                                            8350     0(0.00%) |     10       4     378      8 |   16.90        0.00
GET      GET /api/v1/reservas/{id}                                                       2843     0(0.00%) |      7       3     289      6 |    7.20        0.00
POST     POST /api/v1/auth/login                                                           50     0(0.00%) |   3726     779    5715   4200 |    0.00        0.00
--------|----------------------------------------------------------------------------|-------|-------------|-------|-------|-------|-------|--------|-----------
         Aggregated                                                                     11243     0(0.00%) |     26       3    5715      7 |   24.10        0.00

Type     Name                                                                          # reqs      # fails |    Avg     Min     Max    Med |   req/s  failures/s
--------|----------------------------------------------------------------------------|-------|-------------|-------|-------|-------|-------|--------|-----------
GET      GET /api/v1/reservas                                                            8392     0(0.00%) |     10       4     378      8 |   17.40        0.00
GET      GET /api/v1/reservas/{id}                                                       2855     0(0.00%) |      7       3     289      6 |    7.20        0.00
POST     POST /api/v1/auth/login                                                           50     0(0.00%) |   3726     779    5715   4200 |    0.00        0.00
--------|----------------------------------------------------------------------------|-------|-------------|-------|-------|-------|-------|--------|-----------
         Aggregated                                                                     11297     0(0.00%) |     26       3    5715      7 |   24.60        0.00

Type     Name                                                                          # reqs      # fails |    Avg     Min     Max    Med |   req/s  failures/s
--------|----------------------------------------------------------------------------|-------|-------------|-------|-------|-------|-------|--------|-----------
GET      GET /api/v1/reservas                                                            8431     0(0.00%) |     10       4     378      8 |   18.30        0.00
GET      GET /api/v1/reservas/{id}                                                       2862     0(0.00%) |      7       3     289      6 |    6.20        0.00
POST     POST /api/v1/auth/login                                                           50     0(0.00%) |   3726     779    5715   4200 |    0.00        0.00
--------|----------------------------------------------------------------------------|-------|-------------|-------|-------|-------|-------|--------|-----------
         Aggregated                                                                     11343     0(0.00%) |     26       3    5715      7 |   24.50        0.00

Type     Name                                                                          # reqs      # fails |    Avg     Min     Max    Med |   req/s  failures/s
--------|----------------------------------------------------------------------------|-------|-------------|-------|-------|-------|-------|--------|-----------
GET      GET /api/v1/reservas                                                            8470     0(0.00%) |     10       4     378      8 |   19.00        0.00
GET      GET /api/v1/reservas/{id}                                                       2876     0(0.00%) |      7       3     289      6 |    5.50        0.00
POST     POST /api/v1/auth/login                                                           50     0(0.00%) |   3726     779    5715   4200 |    0.00        0.00
--------|----------------------------------------------------------------------------|-------|-------------|-------|-------|-------|-------|--------|-----------
         Aggregated                                                                     11396     0(0.00%) |     25       3    5715      7 |   24.50        0.00

Type     Name                                                                          # reqs      # fails |    Avg     Min     Max    Med |   req/s  failures/s
--------|----------------------------------------------------------------------------|-------|-------------|-------|-------|-------|-------|--------|-----------
GET      GET /api/v1/reservas                                                            8510     0(0.00%) |     10       4     378      8 |   19.40        0.00
GET      GET /api/v1/reservas/{id}                                                       2884     0(0.00%) |      7       3     289      6 |    6.00        0.00
POST     POST /api/v1/auth/login                                                           50     0(0.00%) |   3726     779    5715   4200 |    0.00        0.00
--------|----------------------------------------------------------------------------|-------|-------------|-------|-------|-------|-------|--------|-----------
         Aggregated                                                                     11444     0(0.00%) |     25       3    5715      7 |   25.40        0.00

Type     Name                                                                          # reqs      # fails |    Avg     Min     Max    Med |   req/s  failures/s
--------|----------------------------------------------------------------------------|-------|-------------|-------|-------|-------|-------|--------|-----------
GET      GET /api/v1/reservas                                                            8549     0(0.00%) |     10       4     378      8 |   20.30        0.00
GET      GET /api/v1/reservas/{id}                                                       2896     0(0.00%) |      7       3     289      6 |    5.60        0.00
POST     POST /api/v1/auth/login                                                           50     0(0.00%) |   3726     779    5715   4200 |    0.00        0.00
--------|----------------------------------------------------------------------------|-------|-------------|-------|-------|-------|-------|--------|-----------
         Aggregated                                                                     11495     0(0.00%) |     25       3    5715      7 |   25.90        0.00

Type     Name                                                                          # reqs      # fails |    Avg     Min     Max    Med |   req/s  failures/s
--------|----------------------------------------------------------------------------|-------|-------------|-------|-------|-------|-------|--------|-----------
GET      GET /api/v1/reservas                                                            8591     0(0.00%) |     10       4     378      8 |   20.10        0.00
GET      GET /api/v1/reservas/{id}                                                       2906     0(0.00%) |      7       3     289      6 |    5.30        0.00
POST     POST /api/v1/auth/login                                                           50     0(0.00%) |   3726     779    5715   4200 |    0.00        0.00
--------|----------------------------------------------------------------------------|-------|-------------|-------|-------|-------|-------|--------|-----------
         Aggregated                                                                     11547     0(0.00%) |     25       3    5715      7 |   25.40        0.00

Type     Name                                                                          # reqs      # fails |    Avg     Min     Max    Med |   req/s  failures/s
--------|----------------------------------------------------------------------------|-------|-------------|-------|-------|-------|-------|--------|-----------
GET      GET /api/v1/reservas                                                            8630     0(0.00%) |     10       4     378      8 |   20.30        0.00
GET      GET /api/v1/reservas/{id}                                                       2915     0(0.00%) |      7       3     289      6 |    4.90        0.00
POST     POST /api/v1/auth/login                                                           50     0(0.00%) |   3726     779    5715   4200 |    0.00        0.00
--------|----------------------------------------------------------------------------|-------|-------------|-------|-------|-------|-------|--------|-----------
         Aggregated                                                                     11595     0(0.00%) |     25       3    5715      7 |   25.20        0.00

Type     Name                                                                          # reqs      # fails |    Avg     Min     Max    Med |   req/s  failures/s
--------|----------------------------------------------------------------------------|-------|-------------|-------|-------|-------|-------|--------|-----------
GET      GET /api/v1/reservas                                                            8670     0(0.00%) |     10       4     378      8 |   20.50        0.00
GET      GET /api/v1/reservas/{id}                                                       2924     0(0.00%) |      7       3     289      6 |    5.40        0.00
POST     POST /api/v1/auth/login                                                           50     0(0.00%) |   3726     779    5715   4200 |    0.00        0.00
--------|----------------------------------------------------------------------------|-------|-------------|-------|-------|-------|-------|--------|-----------
         Aggregated                                                                     11644     0(0.00%) |     25       3    5715      7 |   25.90        0.00

Type     Name                                                                          # reqs      # fails |    Avg     Min     Max    Med |   req/s  failures/s
--------|----------------------------------------------------------------------------|-------|-------------|-------|-------|-------|-------|--------|-----------
GET      GET /api/v1/reservas                                                            8703     0(0.00%) |     10       4     378      8 |   20.30        0.00
GET      GET /api/v1/reservas/{id}                                                       2942     0(0.00%) |      7       3     289      6 |    4.70        0.00
POST     POST /api/v1/auth/login                                                           50     0(0.00%) |   3726     779    5715   4200 |    0.00        0.00
--------|----------------------------------------------------------------------------|-------|-------------|-------|-------|-------|-------|--------|-----------
         Aggregated                                                                     11695     0(0.00%) |     25       3    5715      7 |   25.00        0.00

Type     Name                                                                          # reqs      # fails |    Avg     Min     Max    Med |   req/s  failures/s
--------|----------------------------------------------------------------------------|-------|-------------|-------|-------|-------|-------|--------|-----------
GET      GET /api/v1/reservas                                                            8741     0(0.00%) |     10       4     378      8 |   19.60        0.00
GET      GET /api/v1/reservas/{id}                                                       2957     0(0.00%) |      7       3     289      6 |    5.20        0.00
POST     POST /api/v1/auth/login                                                           50     0(0.00%) |   3726     779    5715   4200 |    0.00        0.00
--------|----------------------------------------------------------------------------|-------|-------------|-------|-------|-------|-------|--------|-----------
         Aggregated                                                                     11748     0(0.00%) |     25       3    5715      7 |   24.80        0.00

Type     Name                                                                          # reqs      # fails |    Avg     Min     Max    Med |   req/s  failures/s
--------|----------------------------------------------------------------------------|-------|-------------|-------|-------|-------|-------|--------|-----------
GET      GET /api/v1/reservas                                                            8781     0(0.00%) |     10       4     378      8 |   19.30        0.00
GET      GET /api/v1/reservas/{id}                                                       2963     0(0.00%) |      7       3     289      6 |    5.40        0.00
POST     POST /api/v1/auth/login                                                           50     0(0.00%) |   3726     779    5715   4200 |    0.00        0.00
--------|----------------------------------------------------------------------------|-------|-------------|-------|-------|-------|-------|--------|-----------
         Aggregated                                                                     11794     0(0.00%) |     25       3    5715      7 |   24.70        0.00

Type     Name                                                                          # reqs      # fails |    Avg     Min     Max    Med |   req/s  failures/s
--------|----------------------------------------------------------------------------|-------|-------------|-------|-------|-------|-------|--------|-----------
GET      GET /api/v1/reservas                                                            8827     0(0.00%) |     10       4     378      8 |   19.30        0.00
GET      GET /api/v1/reservas/{id}                                                       2975     0(0.00%) |      7       3     289      6 |    6.20        0.00
POST     POST /api/v1/auth/login                                                           50     0(0.00%) |   3726     779    5715   4200 |    0.00        0.00
--------|----------------------------------------------------------------------------|-------|-------------|-------|-------|-------|-------|--------|-----------
         Aggregated                                                                     11852     0(0.00%) |     25       3    5715      7 |   25.50        0.00

Type     Name                                                                          # reqs      # fails |    Avg     Min     Max    Med |   req/s  failures/s
--------|----------------------------------------------------------------------------|-------|-------------|-------|-------|-------|-------|--------|-----------
GET      GET /api/v1/reservas                                                            8865     0(0.00%) |     10       4     378      8 |   19.60        0.00
GET      GET /api/v1/reservas/{id}                                                       2988     0(0.00%) |      7       3     289      6 |    5.70        0.00
POST     POST /api/v1/auth/login                                                           50     0(0.00%) |   3726     779    5715   4200 |    0.00        0.00
--------|----------------------------------------------------------------------------|-------|-------------|-------|-------|-------|-------|--------|-----------
         Aggregated                                                                     11903     0(0.00%) |     25       3    5715      7 |   25.30        0.00

Type     Name                                                                          # reqs      # fails |    Avg     Min     Max    Med |   req/s  failures/s
--------|----------------------------------------------------------------------------|-------|-------------|-------|-------|-------|-------|--------|-----------
GET      GET /api/v1/reservas                                                            8899     0(0.00%) |     10       4     378      8 |   19.20        0.00
GET      GET /api/v1/reservas/{id}                                                       2999     0(0.00%) |      7       3     289      6 |    6.20        0.00
POST     POST /api/v1/auth/login                                                           50     0(0.00%) |   3726     779    5715   4200 |    0.00        0.00
--------|----------------------------------------------------------------------------|-------|-------------|-------|-------|-------|-------|--------|-----------
         Aggregated                                                                     11948     0(0.00%) |     25       3    5715      7 |   25.40        0.00

Type     Name                                                                          # reqs      # fails |    Avg     Min     Max    Med |   req/s  failures/s
--------|----------------------------------------------------------------------------|-------|-------------|-------|-------|-------|-------|--------|-----------
GET      GET /api/v1/reservas                                                            8940     0(0.00%) |     10       4     378      8 |   19.30        0.00
GET      GET /api/v1/reservas/{id}                                                       3009     0(0.00%) |      7       3     289      6 |    6.00        0.00
POST     POST /api/v1/auth/login                                                           50     0(0.00%) |   3726     779    5715   4200 |    0.00        0.00
--------|----------------------------------------------------------------------------|-------|-------------|-------|-------|-------|-------|--------|-----------
         Aggregated                                                                     11999     0(0.00%) |     25       3    5715      7 |   25.30        0.00

Type     Name                                                                          # reqs      # fails |    Avg     Min     Max    Med |   req/s  failures/s
--------|----------------------------------------------------------------------------|-------|-------------|-------|-------|-------|-------|--------|-----------
GET      GET /api/v1/reservas                                                            8977     0(0.00%) |     10       4     378      8 |   19.90        0.00
GET      GET /api/v1/reservas/{id}                                                       3027     0(0.00%) |      7       3     289      6 |    5.60        0.00
POST     POST /api/v1/auth/login                                                           50     0(0.00%) |   3726     779    5715   4200 |    0.00        0.00
--------|----------------------------------------------------------------------------|-------|-------------|-------|-------|-------|-------|--------|-----------
         Aggregated                                                                     12054     0(0.00%) |     24       3    5715      7 |   25.50        0.00

Type     Name                                                                          # reqs      # fails |    Avg     Min     Max    Med |   req/s  failures/s
--------|----------------------------------------------------------------------------|-------|-------------|-------|-------|-------|-------|--------|-----------
GET      GET /api/v1/reservas                                                            9011     0(0.00%) |     10       4     378      8 |   19.20        0.00
GET      GET /api/v1/reservas/{id}                                                       3045     0(0.00%) |      7       3     289      6 |    5.90        0.00
POST     POST /api/v1/auth/login                                                           50     0(0.00%) |   3726     779    5715   4200 |    0.00        0.00
--------|----------------------------------------------------------------------------|-------|-------------|-------|-------|-------|-------|--------|-----------
         Aggregated                                                                     12106     0(0.00%) |     24       3    5715      7 |   25.10        0.00

Type     Name                                                                          # reqs      # fails |    Avg     Min     Max    Med |   req/s  failures/s
--------|----------------------------------------------------------------------------|-------|-------------|-------|-------|-------|-------|--------|-----------
GET      GET /api/v1/reservas                                                            9048     0(0.00%) |     10       4     378      8 |   18.20        0.00
GET      GET /api/v1/reservas/{id}                                                       3059     0(0.00%) |      7       3     289      6 |    7.00        0.00
POST     POST /api/v1/auth/login                                                           50     0(0.00%) |   3726     779    5715   4200 |    0.00        0.00
--------|----------------------------------------------------------------------------|-------|-------------|-------|-------|-------|-------|--------|-----------
         Aggregated                                                                     12157     0(0.00%) |     24       3    5715      7 |   25.20        0.00

Type     Name                                                                          # reqs      # fails |    Avg     Min     Max    Med |   req/s  failures/s
--------|----------------------------------------------------------------------------|-------|-------------|-------|-------|-------|-------|--------|-----------
GET      GET /api/v1/reservas                                                            9076     0(0.00%) |     10       4     378      8 |   18.10        0.00
GET      GET /api/v1/reservas/{id}                                                       3075     0(0.00%) |      7       3     289      6 |    6.80        0.00
POST     POST /api/v1/auth/login                                                           50     0(0.00%) |   3726     779    5715   4200 |    0.00        0.00
--------|----------------------------------------------------------------------------|-------|-------------|-------|-------|-------|-------|--------|-----------
         Aggregated                                                                     12201     0(0.00%) |     24       3    5715      7 |   24.90        0.00

Type     Name                                                                          # reqs      # fails |    Avg     Min     Max    Med |   req/s  failures/s
--------|----------------------------------------------------------------------------|-------|-------------|-------|-------|-------|-------|--------|-----------
GET      GET /api/v1/reservas                                                            9110     0(0.00%) |     10       4     378      8 |   17.50        0.00
GET      GET /api/v1/reservas/{id}                                                       3092     0(0.00%) |      7       3     289      6 |    7.10        0.00
POST     POST /api/v1/auth/login                                                           50     0(0.00%) |   3726     779    5715   4200 |    0.00        0.00
--------|----------------------------------------------------------------------------|-------|-------------|-------|-------|-------|-------|--------|-----------
         Aggregated                                                                     12252     0(0.00%) |     24       3    5715      7 |   24.60        0.00

Type     Name                                                                          # reqs      # fails |    Avg     Min     Max    Med |   req/s  failures/s
--------|----------------------------------------------------------------------------|-------|-------------|-------|-------|-------|-------|--------|-----------
GET      GET /api/v1/reservas                                                            9139     0(0.00%) |     10       4     378      8 |   16.90        0.00
GET      GET /api/v1/reservas/{id}                                                       3104     0(0.00%) |      7       3     289      6 |    7.70        0.00
POST     POST /api/v1/auth/login                                                           50     0(0.00%) |   3726     779    5715   4200 |    0.00        0.00
--------|----------------------------------------------------------------------------|-------|-------------|-------|-------|-------|-------|--------|-----------
         Aggregated                                                                     12293     0(0.00%) |     24       3    5715      7 |   24.60        0.00

Type     Name                                                                          # reqs      # fails |    Avg     Min     Max    Med |   req/s  failures/s
--------|----------------------------------------------------------------------------|-------|-------------|-------|-------|-------|-------|--------|-----------
GET      GET /api/v1/reservas                                                            9183     0(0.00%) |     10       4     378      8 |   16.50        0.00
GET      GET /api/v1/reservas/{id}                                                       3118     0(0.00%) |      7       3     289      6 |    8.10        0.00
POST     POST /api/v1/auth/login                                                           50     0(0.00%) |   3726     779    5715   4200 |    0.00        0.00
--------|----------------------------------------------------------------------------|-------|-------------|-------|-------|-------|-------|--------|-----------
         Aggregated                                                                     12351     0(0.00%) |     24       3    5715      7 |   24.60        0.00

Type     Name                                                                          # reqs      # fails |    Avg     Min     Max    Med |   req/s  failures/s
--------|----------------------------------------------------------------------------|-------|-------------|-------|-------|-------|-------|--------|-----------
GET      GET /api/v1/reservas                                                            9216     0(0.00%) |     10       4     378      8 |   16.70        0.00
GET      GET /api/v1/reservas/{id}                                                       3127     0(0.00%) |      7       3     289      6 |    7.30        0.00
POST     POST /api/v1/auth/login                                                           50     0(0.00%) |   3726     779    5715   4200 |    0.00        0.00
--------|----------------------------------------------------------------------------|-------|-------------|-------|-------|-------|-------|--------|-----------
         Aggregated                                                                     12393     0(0.00%) |     24       3    5715      7 |   24.00        0.00

Type     Name                                                                          # reqs      # fails |    Avg     Min     Max    Med |   req/s  failures/s
--------|----------------------------------------------------------------------------|-------|-------------|-------|-------|-------|-------|--------|-----------
GET      GET /api/v1/reservas                                                            9251     0(0.00%) |     10       4     378      8 |   16.60        0.00
GET      GET /api/v1/reservas/{id}                                                       3142     0(0.00%) |      7       3     289      6 |    7.20        0.00
POST     POST /api/v1/auth/login                                                           50     0(0.00%) |   3726     779    5715   4200 |    0.00        0.00
--------|----------------------------------------------------------------------------|-------|-------------|-------|-------|-------|-------|--------|-----------
         Aggregated                                                                     12443     0(0.00%) |     24       3    5715      7 |   23.80        0.00

Type     Name                                                                          # reqs      # fails |    Avg     Min     Max    Med |   req/s  failures/s
--------|----------------------------------------------------------------------------|-------|-------------|-------|-------|-------|-------|--------|-----------
GET      GET /api/v1/reservas                                                            9295     0(0.00%) |     10       4     378      8 |   17.80        0.00
GET      GET /api/v1/reservas/{id}                                                       3150     0(0.00%) |      7       3     289      6 |    7.10        0.00
POST     POST /api/v1/auth/login                                                           50     0(0.00%) |   3726     779    5715   4200 |    0.00        0.00
--------|----------------------------------------------------------------------------|-------|-------------|-------|-------|-------|-------|--------|-----------
         Aggregated                                                                     12495     0(0.00%) |     24       3    5715      7 |   24.90        0.00

Type     Name                                                                          # reqs      # fails |    Avg     Min     Max    Med |   req/s  failures/s
--------|----------------------------------------------------------------------------|-------|-------------|-------|-------|-------|-------|--------|-----------
GET      GET /api/v1/reservas                                                            9330     0(0.00%) |     10       4     378      8 |   18.60        0.00
GET      GET /api/v1/reservas/{id}                                                       3164     0(0.00%) |      7       3     289      6 |    6.60        0.00
POST     POST /api/v1/auth/login                                                           50     0(0.00%) |   3726     779    5715   4200 |    0.00        0.00
--------|----------------------------------------------------------------------------|-------|-------------|-------|-------|-------|-------|--------|-----------
         Aggregated                                                                     12544     0(0.00%) |     24       3    5715      7 |   25.20        0.00

Type     Name                                                                          # reqs      # fails |    Avg     Min     Max    Med |   req/s  failures/s
--------|----------------------------------------------------------------------------|-------|-------------|-------|-------|-------|-------|--------|-----------
GET      GET /api/v1/reservas                                                            9361     0(0.00%) |     10       4     378      8 |   19.00        0.00
GET      GET /api/v1/reservas/{id}                                                       3180     0(0.00%) |      7       3     289      6 |    5.60        0.00
POST     POST /api/v1/auth/login                                                           50     0(0.00%) |   3726     779    5715   4200 |    0.00        0.00
--------|----------------------------------------------------------------------------|-------|-------------|-------|-------|-------|-------|--------|-----------
         Aggregated                                                                     12591     0(0.00%) |     24       3    5715      7 |   24.60        0.00

Type     Name                                                                          # reqs      # fails |    Avg     Min     Max    Med |   req/s  failures/s
--------|----------------------------------------------------------------------------|-------|-------------|-------|-------|-------|-------|--------|-----------
GET      GET /api/v1/reservas                                                            9398     0(0.00%) |     10       4     378      8 |   18.40        0.00
GET      GET /api/v1/reservas/{id}                                                       3192     0(0.00%) |      7       3     289      6 |    6.20        0.00
POST     POST /api/v1/auth/login                                                           50     0(0.00%) |   3726     779    5715   4200 |    0.00        0.00
--------|----------------------------------------------------------------------------|-------|-------------|-------|-------|-------|-------|--------|-----------
         Aggregated                                                                     12640     0(0.00%) |     24       3    5715      7 |   24.60        0.00

Type     Name                                                                          # reqs      # fails |    Avg     Min     Max    Med |   req/s  failures/s
--------|----------------------------------------------------------------------------|-------|-------------|-------|-------|-------|-------|--------|-----------
GET      GET /api/v1/reservas                                                            9442     0(0.00%) |     10       4     378      8 |   18.50        0.00
GET      GET /api/v1/reservas/{id}                                                       3200     0(0.00%) |      7       3     289      6 |    6.60        0.00
POST     POST /api/v1/auth/login                                                           50     0(0.00%) |   3726     779    5715   4200 |    0.00        0.00
--------|----------------------------------------------------------------------------|-------|-------------|-------|-------|-------|-------|--------|-----------
         Aggregated                                                                     12692     0(0.00%) |     24       3    5715      7 |   25.10        0.00

Type     Name                                                                          # reqs      # fails |    Avg     Min     Max    Med |   req/s  failures/s
--------|----------------------------------------------------------------------------|-------|-------------|-------|-------|-------|-------|--------|-----------
GET      GET /api/v1/reservas                                                            9479     0(0.00%) |     10       4     378      8 |   18.50        0.00
GET      GET /api/v1/reservas/{id}                                                       3211     0(0.00%) |      7       3     289      6 |    5.90        0.00
POST     POST /api/v1/auth/login                                                           50     0(0.00%) |   3726     779    5715   4200 |    0.00        0.00
--------|----------------------------------------------------------------------------|-------|-------------|-------|-------|-------|-------|--------|-----------
         Aggregated                                                                     12740     0(0.00%) |     23       3    5715      7 |   24.40        0.00

Type     Name                                                                          # reqs      # fails |    Avg     Min     Max    Med |   req/s  failures/s
--------|----------------------------------------------------------------------------|-------|-------------|-------|-------|-------|-------|--------|-----------
GET      GET /api/v1/reservas                                                            9518     0(0.00%) |     10       4     378      8 |   18.50        0.00
GET      GET /api/v1/reservas/{id}                                                       3219     0(0.00%) |      7       3     289      6 |    5.70        0.00
POST     POST /api/v1/auth/login                                                           50     0(0.00%) |   3726     779    5715   4200 |    0.00        0.00
--------|----------------------------------------------------------------------------|-------|-------------|-------|-------|-------|-------|--------|-----------
         Aggregated                                                                     12787     0(0.00%) |     23       3    5715      7 |   24.20        0.00

Type     Name                                                                          # reqs      # fails |    Avg     Min     Max    Med |   req/s  failures/s
--------|----------------------------------------------------------------------------|-------|-------------|-------|-------|-------|-------|--------|-----------
GET      GET /api/v1/reservas                                                            9561     0(0.00%) |     10       4     378      8 |   19.00        0.00
GET      GET /api/v1/reservas/{id}                                                       3234     0(0.00%) |      7       3     289      6 |    5.70        0.00
POST     POST /api/v1/auth/login                                                           50     0(0.00%) |   3726     779    5715   4200 |    0.00        0.00
--------|----------------------------------------------------------------------------|-------|-------------|-------|-------|-------|-------|--------|-----------
         Aggregated                                                                     12845     0(0.00%) |     23       3    5715      7 |   24.70        0.00

Type     Name                                                                          # reqs      # fails |    Avg     Min     Max    Med |   req/s  failures/s
--------|----------------------------------------------------------------------------|-------|-------------|-------|-------|-------|-------|--------|-----------
GET      GET /api/v1/reservas                                                            9594     0(0.00%) |     10       4     378      8 |   19.50        0.00
GET      GET /api/v1/reservas/{id}                                                       3246     0(0.00%) |      7       3     289      6 |    5.30        0.00
POST     POST /api/v1/auth/login                                                           50     0(0.00%) |   3726     779    5715   4200 |    0.00        0.00
--------|----------------------------------------------------------------------------|-------|-------------|-------|-------|-------|-------|--------|-----------
         Aggregated                                                                     12890     0(0.00%) |     23       3    5715      7 |   24.80        0.00

Type     Name                                                                          # reqs      # fails |    Avg     Min     Max    Med |   req/s  failures/s
--------|----------------------------------------------------------------------------|-------|-------------|-------|-------|-------|-------|--------|-----------
GET      GET /api/v1/reservas                                                            9636     0(0.00%) |     10       4     378      8 |   19.40        0.00
GET      GET /api/v1/reservas/{id}                                                       3256     0(0.00%) |      7       3     289      6 |    5.30        0.00
POST     POST /api/v1/auth/login                                                           50     0(0.00%) |   3726     779    5715   4200 |    0.00        0.00
--------|----------------------------------------------------------------------------|-------|-------------|-------|-------|-------|-------|--------|-----------
         Aggregated                                                                     12942     0(0.00%) |     23       3    5715      7 |   24.70        0.00

Type     Name                                                                          # reqs      # fails |    Avg     Min     Max    Med |   req/s  failures/s
--------|----------------------------------------------------------------------------|-------|-------------|-------|-------|-------|-------|--------|-----------
GET      GET /api/v1/reservas                                                            9671     0(0.00%) |     10       4     378      8 |   19.50        0.00
GET      GET /api/v1/reservas/{id}                                                       3270     0(0.00%) |      7       3     289      6 |    5.60        0.00
POST     POST /api/v1/auth/login                                                           50     0(0.00%) |   3726     779    5715   4200 |    0.00        0.00
--------|----------------------------------------------------------------------------|-------|-------------|-------|-------|-------|-------|--------|-----------
         Aggregated                                                                     12991     0(0.00%) |     23       3    5715      7 |   25.10        0.00

Type     Name                                                                          # reqs      # fails |    Avg     Min     Max    Med |   req/s  failures/s
--------|----------------------------------------------------------------------------|-------|-------------|-------|-------|-------|-------|--------|-----------
GET      GET /api/v1/reservas                                                            9707     0(0.00%) |     10       4     378      8 |   19.00        0.00
GET      GET /api/v1/reservas/{id}                                                       3281     0(0.00%) |      7       3     289      6 |    6.00        0.00
POST     POST /api/v1/auth/login                                                           50     0(0.00%) |   3726     779    5715   4200 |    0.00        0.00
--------|----------------------------------------------------------------------------|-------|-------------|-------|-------|-------|-------|--------|-----------
         Aggregated                                                                     13038     0(0.00%) |     23       3    5715      7 |   25.00        0.00

Type     Name                                                                          # reqs      # fails |    Avg     Min     Max    Med |   req/s  failures/s
--------|----------------------------------------------------------------------------|-------|-------------|-------|-------|-------|-------|--------|-----------
GET      GET /api/v1/reservas                                                            9747     0(0.00%) |      9       4     378      8 |   19.00        0.00
GET      GET /api/v1/reservas/{id}                                                       3290     0(0.00%) |      7       3     289      6 |    6.20        0.00
POST     POST /api/v1/auth/login                                                           50     0(0.00%) |   3726     779    5715   4200 |    0.00        0.00
--------|----------------------------------------------------------------------------|-------|-------------|-------|-------|-------|-------|--------|-----------
         Aggregated                                                                     13087     0(0.00%) |     23       3    5715      7 |   25.20        0.00

Type     Name                                                                          # reqs      # fails |    Avg     Min     Max    Med |   req/s  failures/s
--------|----------------------------------------------------------------------------|-------|-------------|-------|-------|-------|-------|--------|-----------
GET      GET /api/v1/reservas                                                            9785     0(0.00%) |      9       4     378      8 |   19.10        0.00
GET      GET /api/v1/reservas/{id}                                                       3305     0(0.00%) |      7       3     289      6 |    5.70        0.00
POST     POST /api/v1/auth/login                                                           50     0(0.00%) |   3726     779    5715   4200 |    0.00        0.00
--------|----------------------------------------------------------------------------|-------|-------------|-------|-------|-------|-------|--------|-----------
         Aggregated                                                                     13140     0(0.00%) |     23       3    5715      7 |   24.80        0.00

Type     Name                                                                          # reqs      # fails |    Avg     Min     Max    Med |   req/s  failures/s
--------|----------------------------------------------------------------------------|-------|-------------|-------|-------|-------|-------|--------|-----------
GET      GET /api/v1/reservas                                                            9821     0(0.00%) |      9       4     378      8 |   19.10        0.00
GET      GET /api/v1/reservas/{id}                                                       3317     0(0.00%) |      7       3     289      6 |    5.80        0.00
POST     POST /api/v1/auth/login                                                           50     0(0.00%) |   3726     779    5715   4200 |    0.00        0.00
--------|----------------------------------------------------------------------------|-------|-------------|-------|-------|-------|-------|--------|-----------
         Aggregated                                                                     13188     0(0.00%) |     23       3    5715      7 |   24.90        0.00

Type     Name                                                                          # reqs      # fails |    Avg     Min     Max    Med |   req/s  failures/s
--------|----------------------------------------------------------------------------|-------|-------------|-------|-------|-------|-------|--------|-----------
GET      GET /api/v1/reservas                                                            9854     0(0.00%) |      9       4     378      8 |   19.10        0.00
GET      GET /api/v1/reservas/{id}                                                       3334     0(0.00%) |      7       3     289      6 |    5.90        0.00
POST     POST /api/v1/auth/login                                                           50     0(0.00%) |   3726     779    5715   4200 |    0.00        0.00
--------|----------------------------------------------------------------------------|-------|-------------|-------|-------|-------|-------|--------|-----------
         Aggregated                                                                     13238     0(0.00%) |     23       3    5715      7 |   25.00        0.00

Type     Name                                                                          # reqs      # fails |    Avg     Min     Max    Med |   req/s  failures/s
--------|----------------------------------------------------------------------------|-------|-------------|-------|-------|-------|-------|--------|-----------
GET      GET /api/v1/reservas                                                            9889     0(0.00%) |      9       4     378      8 |   18.60        0.00
GET      GET /api/v1/reservas/{id}                                                       3343     0(0.00%) |      7       3     289      6 |    6.20        0.00
POST     POST /api/v1/auth/login                                                           50     0(0.00%) |   3726     779    5715   4200 |    0.00        0.00
--------|----------------------------------------------------------------------------|-------|-------------|-------|-------|-------|-------|--------|-----------
         Aggregated                                                                     13282     0(0.00%) |     23       3    5715      7 |   24.80        0.00

Type     Name                                                                          # reqs      # fails |    Avg     Min     Max    Med |   req/s  failures/s
--------|----------------------------------------------------------------------------|-------|-------------|-------|-------|-------|-------|--------|-----------
GET      GET /api/v1/reservas                                                            9922     0(0.00%) |      9       4     378      8 |   17.70        0.00
GET      GET /api/v1/reservas/{id}                                                       3365     0(0.00%) |      7       3     289      6 |    6.30        0.00
POST     POST /api/v1/auth/login                                                           50     0(0.00%) |   3726     779    5715   4200 |    0.00        0.00
--------|----------------------------------------------------------------------------|-------|-------------|-------|-------|-------|-------|--------|-----------
         Aggregated                                                                     13337     0(0.00%) |     23       3    5715      7 |   24.00        0.00

Type     Name                                                                          # reqs      # fails |    Avg     Min     Max    Med |   req/s  failures/s
--------|----------------------------------------------------------------------------|-------|-------------|-------|-------|-------|-------|--------|-----------
GET      GET /api/v1/reservas                                                            9953     0(0.00%) |      9       4     378      8 |   17.30        0.00
GET      GET /api/v1/reservas/{id}                                                       3376     0(0.00%) |      7       3     289      6 |    6.80        0.00
POST     POST /api/v1/auth/login                                                           50     0(0.00%) |   3726     779    5715   4200 |    0.00        0.00
--------|----------------------------------------------------------------------------|-------|-------------|-------|-------|-------|-------|--------|-----------
         Aggregated                                                                     13379     0(0.00%) |     23       3    5715      7 |   24.10        0.00

Type     Name                                                                          # reqs      # fails |    Avg     Min     Max    Med |   req/s  failures/s
--------|----------------------------------------------------------------------------|-------|-------------|-------|-------|-------|-------|--------|-----------
GET      GET /api/v1/reservas                                                            9995     0(0.00%) |      9       4     378      8 |   17.00        0.00
GET      GET /api/v1/reservas/{id}                                                       3386     0(0.00%) |      7       3     289      6 |    7.30        0.00
POST     POST /api/v1/auth/login                                                           50     0(0.00%) |   3726     779    5715   4200 |    0.00        0.00
--------|----------------------------------------------------------------------------|-------|-------------|-------|-------|-------|-------|--------|-----------
         Aggregated                                                                     13431     0(0.00%) |     23       3    5715      7 |   24.30        0.00

Type     Name                                                                          # reqs      # fails |    Avg     Min     Max    Med |   req/s  failures/s
--------|----------------------------------------------------------------------------|-------|-------------|-------|-------|-------|-------|--------|-----------
GET      GET /api/v1/reservas                                                           10033     0(0.00%) |     10       4     378      8 |   17.70        0.00
GET      GET /api/v1/reservas/{id}                                                       3400     0(0.00%) |      7       3     289      6 |    7.20        0.00
POST     POST /api/v1/auth/login                                                           50     0(0.00%) |   3726     779    5715   4200 |    0.00        0.00
--------|----------------------------------------------------------------------------|-------|-------------|-------|-------|-------|-------|--------|-----------
         Aggregated                                                                     13483     0(0.00%) |     23       3    5715      7 |   24.90        0.00

Type     Name                                                                          # reqs      # fails |    Avg     Min     Max    Med |   req/s  failures/s
--------|----------------------------------------------------------------------------|-------|-------------|-------|-------|-------|-------|--------|-----------
GET      GET /api/v1/reservas                                                           10065     0(0.00%) |     10       4     378      8 |   16.80        0.00
GET      GET /api/v1/reservas/{id}                                                       3409     0(0.00%) |      7       3     289      6 |    6.60        0.00
POST     POST /api/v1/auth/login                                                           50     0(0.00%) |   3726     779    5715   4200 |    0.00        0.00
--------|----------------------------------------------------------------------------|-------|-------------|-------|-------|-------|-------|--------|-----------
         Aggregated                                                                     13524     0(0.00%) |     23       3    5715      7 |   23.40        0.00

Type     Name                                                                          # reqs      # fails |    Avg     Min     Max    Med |   req/s  failures/s
--------|----------------------------------------------------------------------------|-------|-------------|-------|-------|-------|-------|--------|-----------
GET      GET /api/v1/reservas                                                           10101     0(0.00%) |     10       4     378      8 |   18.00        0.00
GET      GET /api/v1/reservas/{id}                                                       3424     0(0.00%) |      7       3     289      6 |    6.30        0.00
POST     POST /api/v1/auth/login                                                           50     0(0.00%) |   3726     779    5715   4200 |    0.00        0.00
--------|----------------------------------------------------------------------------|-------|-------------|-------|-------|-------|-------|--------|-----------
         Aggregated                                                                     13575     0(0.00%) |     23       3    5715      7 |   24.30        0.00

Type     Name                                                                          # reqs      # fails |    Avg     Min     Max    Med |   req/s  failures/s
--------|----------------------------------------------------------------------------|-------|-------------|-------|-------|-------|-------|--------|-----------
GET      GET /api/v1/reservas                                                           10138     0(0.00%) |     10       4     378      8 |   18.20        0.00
GET      GET /api/v1/reservas/{id}                                                       3437     0(0.00%) |      7       3     289      6 |    6.80        0.00
POST     POST /api/v1/auth/login                                                           50     0(0.00%) |   3726     779    5715   4200 |    0.00        0.00
--------|----------------------------------------------------------------------------|-------|-------------|-------|-------|-------|-------|--------|-----------
         Aggregated                                                                     13625     0(0.00%) |     23       3    5715      7 |   25.00        0.00

Type     Name                                                                          # reqs      # fails |    Avg     Min     Max    Med |   req/s  failures/s
--------|----------------------------------------------------------------------------|-------|-------------|-------|-------|-------|-------|--------|-----------
GET      GET /api/v1/reservas                                                           10173     0(0.00%) |     10       4     378      8 |   18.60        0.00
GET      GET /api/v1/reservas/{id}                                                       3454     0(0.00%) |      7       3     289      6 |    6.10        0.00
POST     POST /api/v1/auth/login                                                           50     0(0.00%) |   3726     779    5715   4200 |    0.00        0.00
--------|----------------------------------------------------------------------------|-------|-------------|-------|-------|-------|-------|--------|-----------
         Aggregated                                                                     13677     0(0.00%) |     23       3    5715      7 |   24.70        0.00

Type     Name                                                                          # reqs      # fails |    Avg     Min     Max    Med |   req/s  failures/s
--------|----------------------------------------------------------------------------|-------|-------------|-------|-------|-------|-------|--------|-----------
GET      GET /api/v1/reservas                                                           10210     0(0.00%) |     10       4     378      8 |   17.30        0.00
GET      GET /api/v1/reservas/{id}                                                       3464     0(0.00%) |      7       3     289      6 |    6.60        0.00
POST     POST /api/v1/auth/login                                                           50     0(0.00%) |   3726     779    5715   4200 |    0.00        0.00
--------|----------------------------------------------------------------------------|-------|-------------|-------|-------|-------|-------|--------|-----------
         Aggregated                                                                     13724     0(0.00%) |     22       3    5715      7 |   23.90        0.00

Type     Name                                                                          # reqs      # fails |    Avg     Min     Max    Med |   req/s  failures/s
--------|----------------------------------------------------------------------------|-------|-------------|-------|-------|-------|-------|--------|-----------
GET      GET /api/v1/reservas                                                           10250     0(0.00%) |     10       4     378      8 |   18.60        0.00
GET      GET /api/v1/reservas/{id}                                                       3477     0(0.00%) |      7       3     289      6 |    6.60        0.00
POST     POST /api/v1/auth/login                                                           50     0(0.00%) |   3726     779    5715   4200 |    0.00        0.00
--------|----------------------------------------------------------------------------|-------|-------------|-------|-------|-------|-------|--------|-----------
         Aggregated                                                                     13777     0(0.00%) |     22       3    5715      7 |   25.20        0.00

Type     Name                                                                          # reqs      # fails |    Avg     Min     Max    Med |   req/s  failures/s
--------|----------------------------------------------------------------------------|-------|-------------|-------|-------|-------|-------|--------|-----------
GET      GET /api/v1/reservas                                                           10284     0(0.00%) |     10       4     378      8 |   18.20        0.00
GET      GET /api/v1/reservas/{id}                                                       3492     0(0.00%) |      7       3     289      6 |    7.00        0.00
POST     POST /api/v1/auth/login                                                           50     0(0.00%) |   3726     779    5715   4200 |    0.00        0.00
--------|----------------------------------------------------------------------------|-------|-------------|-------|-------|-------|-------|--------|-----------
         Aggregated                                                                     13826     0(0.00%) |     22       3    5715      7 |   25.20        0.00

Type     Name                                                                          # reqs      # fails |    Avg     Min     Max    Med |   req/s  failures/s
--------|----------------------------------------------------------------------------|-------|-------------|-------|-------|-------|-------|--------|-----------
GET      GET /api/v1/reservas                                                           10317     0(0.00%) |     10       4     378      8 |   18.10        0.00
GET      GET /api/v1/reservas/{id}                                                       3506     0(0.00%) |      7       3     289      6 |    6.40        0.00
POST     POST /api/v1/auth/login                                                           50     0(0.00%) |   3726     779    5715   4200 |    0.00        0.00
--------|----------------------------------------------------------------------------|-------|-------------|-------|-------|-------|-------|--------|-----------
         Aggregated                                                                     13873     0(0.00%) |     22       3    5715      7 |   24.50        0.00

Type     Name                                                                          # reqs      # fails |    Avg     Min     Max    Med |   req/s  failures/s
--------|----------------------------------------------------------------------------|-------|-------------|-------|-------|-------|-------|--------|-----------
GET      GET /api/v1/reservas                                                           10357     0(0.00%) |     10       4     378      8 |   17.60        0.00
GET      GET /api/v1/reservas/{id}                                                       3522     0(0.00%) |      7       3     289      6 |    6.70        0.00
POST     POST /api/v1/auth/login                                                           50     0(0.00%) |   3726     779    5715   4200 |    0.00        0.00
--------|----------------------------------------------------------------------------|-------|-------------|-------|-------|-------|-------|--------|-----------
         Aggregated                                                                     13929     0(0.00%) |     22       3    5715      7 |   24.30        0.00

Type     Name                                                                          # reqs      # fails |    Avg     Min     Max    Med |   req/s  failures/s
--------|----------------------------------------------------------------------------|-------|-------------|-------|-------|-------|-------|--------|-----------
GET      GET /api/v1/reservas                                                           10391     0(0.00%) |     10       4     378      8 |   18.40        0.00
GET      GET /api/v1/reservas/{id}                                                       3536     0(0.00%) |      7       3     289      6 |    6.60        0.00
POST     POST /api/v1/auth/login                                                           50     0(0.00%) |   3726     779    5715   4200 |    0.00        0.00
--------|----------------------------------------------------------------------------|-------|-------------|-------|-------|-------|-------|--------|-----------
         Aggregated                                                                     13977     0(0.00%) |     22       3    5715      7 |   25.00        0.00

Type     Name                                                                          # reqs      # fails |    Avg     Min     Max    Med |   req/s  failures/s
--------|----------------------------------------------------------------------------|-------|-------------|-------|-------|-------|-------|--------|-----------
GET      GET /api/v1/reservas                                                           10426     0(0.00%) |      9       4     378      8 |   17.80        0.00
GET      GET /api/v1/reservas/{id}                                                       3550     0(0.00%) |      7       3     289      6 |    7.20        0.00
POST     POST /api/v1/auth/login                                                           50     0(0.00%) |   3726     779    5715   4200 |    0.00        0.00
--------|----------------------------------------------------------------------------|-------|-------------|-------|-------|-------|-------|--------|-----------
         Aggregated                                                                     14026     0(0.00%) |     22       3    5715      7 |   25.00        0.00

Type     Name                                                                          # reqs      # fails |    Avg     Min     Max    Med |   req/s  failures/s
--------|----------------------------------------------------------------------------|-------|-------------|-------|-------|-------|-------|--------|-----------
GET      GET /api/v1/reservas                                                           10462     0(0.00%) |      9       4     378      8 |   17.10        0.00
GET      GET /api/v1/reservas/{id}                                                       3564     0(0.00%) |      7       3     289      6 |    7.30        0.00
POST     POST /api/v1/auth/login                                                           50     0(0.00%) |   3726     779    5715   4200 |    0.00        0.00
--------|----------------------------------------------------------------------------|-------|-------------|-------|-------|-------|-------|--------|-----------
         Aggregated                                                                     14076     0(0.00%) |     22       3    5715      7 |   24.40        0.00

Type     Name                                                                          # reqs      # fails |    Avg     Min     Max    Med |   req/s  failures/s
--------|----------------------------------------------------------------------------|-------|-------------|-------|-------|-------|-------|--------|-----------
GET      GET /api/v1/reservas                                                           10499     0(0.00%) |      9       4     378      8 |   17.60        0.00
GET      GET /api/v1/reservas/{id}                                                       3576     0(0.00%) |      7       3     289      6 |    7.40        0.00
POST     POST /api/v1/auth/login                                                           50     0(0.00%) |   3726     779    5715   4200 |    0.00        0.00
--------|----------------------------------------------------------------------------|-------|-------------|-------|-------|-------|-------|--------|-----------
         Aggregated                                                                     14125     0(0.00%) |     22       3    5715      7 |   25.00        0.00

Type     Name                                                                          # reqs      # fails |    Avg     Min     Max    Med |   req/s  failures/s
--------|----------------------------------------------------------------------------|-------|-------------|-------|-------|-------|-------|--------|-----------
GET      GET /api/v1/reservas                                                           10537     0(0.00%) |      9       4     378      8 |   18.10        0.00
GET      GET /api/v1/reservas/{id}                                                       3586     0(0.00%) |      7       3     289      6 |    7.00        0.00
POST     POST /api/v1/auth/login                                                           50     0(0.00%) |   3726     779    5715   4200 |    0.00        0.00
--------|----------------------------------------------------------------------------|-------|-------------|-------|-------|-------|-------|--------|-----------
         Aggregated                                                                     14173     0(0.00%) |     22       3    5715      7 |   25.10        0.00

Type     Name                                                                          # reqs      # fails |    Avg     Min     Max    Med |   req/s  failures/s
--------|----------------------------------------------------------------------------|-------|-------------|-------|-------|-------|-------|--------|-----------
GET      GET /api/v1/reservas                                                           10574     0(0.00%) |      9       4     378      8 |   17.70        0.00
GET      GET /api/v1/reservas/{id}                                                       3595     0(0.00%) |      7       3     289      6 |    6.70        0.00
POST     POST /api/v1/auth/login                                                           50     0(0.00%) |   3726     779    5715   4200 |    0.00        0.00
--------|----------------------------------------------------------------------------|-------|-------------|-------|-------|-------|-------|--------|-----------
         Aggregated                                                                     14219     0(0.00%) |     22       3    5715      7 |   24.40        0.00

Type     Name                                                                          # reqs      # fails |    Avg     Min     Max    Med |   req/s  failures/s
--------|----------------------------------------------------------------------------|-------|-------------|-------|-------|-------|-------|--------|-----------
GET      GET /api/v1/reservas                                                           10602     0(0.00%) |      9       4     378      8 |   18.70        0.00
GET      GET /api/v1/reservas/{id}                                                       3617     0(0.00%) |      7       3     289      6 |    6.10        0.00
POST     POST /api/v1/auth/login                                                           50     0(0.00%) |   3726     779    5715   4200 |    0.00        0.00
--------|----------------------------------------------------------------------------|-------|-------------|-------|-------|-------|-------|--------|-----------
         Aggregated                                                                     14269     0(0.00%) |     22       3    5715      7 |   24.80        0.00

Type     Name                                                                          # reqs      # fails |    Avg     Min     Max    Med |   req/s  failures/s
--------|----------------------------------------------------------------------------|-------|-------------|-------|-------|-------|-------|--------|-----------
GET      GET /api/v1/reservas                                                           10641     0(0.00%) |      9       4     378      8 |   18.40        0.00
GET      GET /api/v1/reservas/{id}                                                       3628     0(0.00%) |      7       3     289      6 |    6.60        0.00
POST     POST /api/v1/auth/login                                                           50     0(0.00%) |   3726     779    5715   4200 |    0.00        0.00
--------|----------------------------------------------------------------------------|-------|-------------|-------|-------|-------|-------|--------|-----------
         Aggregated                                                                     14319     0(0.00%) |     22       3    5715      7 |   25.00        0.00

Type     Name                                                                          # reqs      # fails |    Avg     Min     Max    Med |   req/s  failures/s
--------|----------------------------------------------------------------------------|-------|-------------|-------|-------|-------|-------|--------|-----------
GET      GET /api/v1/reservas                                                           10679     0(0.00%) |      9       4     378      8 |   17.80        0.00
GET      GET /api/v1/reservas/{id}                                                       3643     0(0.00%) |      7       3     289      6 |    6.80        0.00
POST     POST /api/v1/auth/login                                                           50     0(0.00%) |   3726     779    5715   4200 |    0.00        0.00
--------|----------------------------------------------------------------------------|-------|-------------|-------|-------|-------|-------|--------|-----------
         Aggregated                                                                     14372     0(0.00%) |     22       3    5715      7 |   24.60        0.00

Type     Name                                                                          # reqs      # fails |    Avg     Min     Max    Med |   req/s  failures/s
--------|----------------------------------------------------------------------------|-------|-------------|-------|-------|-------|-------|--------|-----------
GET      GET /api/v1/reservas                                                           10726     0(0.00%) |      9       4     378      8 |   17.70        0.00
GET      GET /api/v1/reservas/{id}                                                       3651     0(0.00%) |      7       3     289      6 |    6.80        0.00
POST     POST /api/v1/auth/login                                                           50     0(0.00%) |   3726     779    5715   4200 |    0.00        0.00
--------|----------------------------------------------------------------------------|-------|-------------|-------|-------|-------|-------|--------|-----------
         Aggregated                                                                     14427     0(0.00%) |     22       3    5715      7 |   24.50        0.00

Type     Name                                                                          # reqs      # fails |    Avg     Min     Max    Med |   req/s  failures/s
--------|----------------------------------------------------------------------------|-------|-------------|-------|-------|-------|-------|--------|-----------
GET      GET /api/v1/reservas                                                           10761     0(0.00%) |      9       4     378      8 |   18.60        0.00
GET      GET /api/v1/reservas/{id}                                                       3663     0(0.00%) |      7       3     289      6 |    6.50        0.00
POST     POST /api/v1/auth/login                                                           50     0(0.00%) |   3726     779    5715   4200 |    0.00        0.00
--------|----------------------------------------------------------------------------|-------|-------------|-------|-------|-------|-------|--------|-----------
         Aggregated                                                                     14474     0(0.00%) |     22       3    5715      7 |   25.10        0.00

Type     Name                                                                          # reqs      # fails |    Avg     Min     Max    Med |   req/s  failures/s
--------|----------------------------------------------------------------------------|-------|-------------|-------|-------|-------|-------|--------|-----------
GET      GET /api/v1/reservas                                                           10799     0(0.00%) |      9       4     378      8 |   18.70        0.00
GET      GET /api/v1/reservas/{id}                                                       3682     0(0.00%) |      7       3     289      6 |    6.70        0.00
POST     POST /api/v1/auth/login                                                           50     0(0.00%) |   3726     779    5715   4200 |    0.00        0.00
--------|----------------------------------------------------------------------------|-------|-------------|-------|-------|-------|-------|--------|-----------
         Aggregated                                                                     14531     0(0.00%) |     22       3    5715      7 |   25.40        0.00

Type     Name                                                                          # reqs      # fails |    Avg     Min     Max    Med |   req/s  failures/s
--------|----------------------------------------------------------------------------|-------|-------------|-------|-------|-------|-------|--------|-----------
GET      GET /api/v1/reservas                                                           10837     0(0.00%) |      9       4     378      8 |   19.60        0.00
GET      GET /api/v1/reservas/{id}                                                       3694     0(0.00%) |      7       3     289      6 |    6.30        0.00
POST     POST /api/v1/auth/login                                                           50     0(0.00%) |   3726     779    5715   4200 |    0.00        0.00
--------|----------------------------------------------------------------------------|-------|-------------|-------|-------|-------|-------|--------|-----------
         Aggregated                                                                     14581     0(0.00%) |     22       3    5715      7 |   25.90        0.00

Type     Name                                                                          # reqs      # fails |    Avg     Min     Max    Med |   req/s  failures/s
--------|----------------------------------------------------------------------------|-------|-------------|-------|-------|-------|-------|--------|-----------
GET      GET /api/v1/reservas                                                           10881     0(0.00%) |      9       4     378      8 |   19.80        0.00
GET      GET /api/v1/reservas/{id}                                                       3704     0(0.00%) |      7       3     289      6 |    6.30        0.00
POST     POST /api/v1/auth/login                                                           50     0(0.00%) |   3726     779    5715   4200 |    0.00        0.00
--------|----------------------------------------------------------------------------|-------|-------------|-------|-------|-------|-------|--------|-----------
         Aggregated                                                                     14635     0(0.00%) |     21       3    5715      7 |   26.10        0.00

Type     Name                                                                          # reqs      # fails |    Avg     Min     Max    Med |   req/s  failures/s
--------|----------------------------------------------------------------------------|-------|-------------|-------|-------|-------|-------|--------|-----------
GET      GET /api/v1/reservas                                                           10916     0(0.00%) |      9       4     378      8 |   20.20        0.00
GET      GET /api/v1/reservas/{id}                                                       3712     0(0.00%) |      7       3     289      6 |    5.90        0.00
POST     POST /api/v1/auth/login                                                           50     0(0.00%) |   3726     779    5715   4200 |    0.00        0.00
--------|----------------------------------------------------------------------------|-------|-------------|-------|-------|-------|-------|--------|-----------
         Aggregated                                                                     14678     0(0.00%) |     21       3    5715      7 |   26.10        0.00

Type     Name                                                                          # reqs      # fails |    Avg     Min     Max    Med |   req/s  failures/s
--------|----------------------------------------------------------------------------|-------|-------------|-------|-------|-------|-------|--------|-----------
GET      GET /api/v1/reservas                                                           10950     0(0.00%) |      9       4     378      8 |   19.20        0.00
GET      GET /api/v1/reservas/{id}                                                       3729     0(0.00%) |      7       3     289      6 |    6.10        0.00
POST     POST /api/v1/auth/login                                                           50     0(0.00%) |   3726     779    5715   4200 |    0.00        0.00
--------|----------------------------------------------------------------------------|-------|-------------|-------|-------|-------|-------|--------|-----------
         Aggregated                                                                     14729     0(0.00%) |     21       3    5715      7 |   25.30        0.00

Type     Name                                                                          # reqs      # fails |    Avg     Min     Max    Med |   req/s  failures/s
--------|----------------------------------------------------------------------------|-------|-------------|-------|-------|-------|-------|--------|-----------
GET      GET /api/v1/reservas                                                           10992     0(0.00%) |      9       4     378      8 |   18.90        0.00
GET      GET /api/v1/reservas/{id}                                                       3737     0(0.00%) |      7       3     289      6 |    6.60        0.00
POST     POST /api/v1/auth/login                                                           50     0(0.00%) |   3726     779    5715   4200 |    0.00        0.00
--------|----------------------------------------------------------------------------|-------|-------------|-------|-------|-------|-------|--------|-----------
         Aggregated                                                                     14779     0(0.00%) |     21       3    5715      7 |   25.50        0.00

Type     Name                                                                          # reqs      # fails |    Avg     Min     Max    Med |   req/s  failures/s
--------|----------------------------------------------------------------------------|-------|-------------|-------|-------|-------|-------|--------|-----------
GET      GET /api/v1/reservas                                                           11028     0(0.00%) |      9       4     378      8 |   18.70        0.00
GET      GET /api/v1/reservas/{id}                                                       3747     0(0.00%) |      7       3     289      6 |    5.90        0.00
POST     POST /api/v1/auth/login                                                           50     0(0.00%) |   3726     779    5715   4200 |    0.00        0.00
--------|----------------------------------------------------------------------------|-------|-------------|-------|-------|-------|-------|--------|-----------
         Aggregated                                                                     14825     0(0.00%) |     21       3    5715      7 |   24.60        0.00

Type     Name                                                                          # reqs      # fails |    Avg     Min     Max    Med |   req/s  failures/s
--------|----------------------------------------------------------------------------|-------|-------------|-------|-------|-------|-------|--------|-----------
GET      GET /api/v1/reservas                                                           11064     0(0.00%) |      9       4     378      8 |   19.10        0.00
GET      GET /api/v1/reservas/{id}                                                       3759     0(0.00%) |      7       3     289      6 |    4.90        0.00
POST     POST /api/v1/auth/login                                                           50     0(0.00%) |   3726     779    5715   4200 |    0.00        0.00
--------|----------------------------------------------------------------------------|-------|-------------|-------|-------|-------|-------|--------|-----------
         Aggregated                                                                     14873     0(0.00%) |     21       3    5715      7 |   24.00        0.00

Type     Name                                                                          # reqs      # fails |    Avg     Min     Max    Med |   req/s  failures/s
--------|----------------------------------------------------------------------------|-------|-------------|-------|-------|-------|-------|--------|-----------
GET      GET /api/v1/reservas                                                           11110     0(0.00%) |      9       4     378      8 |   19.30        0.00
GET      GET /api/v1/reservas/{id}                                                       3767     0(0.00%) |      7       3     289      6 |    5.50        0.00
POST     POST /api/v1/auth/login                                                           50     0(0.00%) |   3726     779    5715   4200 |    0.00        0.00
--------|----------------------------------------------------------------------------|-------|-------------|-------|-------|-------|-------|--------|-----------
         Aggregated                                                                     14927     0(0.00%) |     21       3    5715      7 |   24.80        0.00

Type     Name                                                                          # reqs      # fails |    Avg     Min     Max    Med |   req/s  failures/s
--------|----------------------------------------------------------------------------|-------|-------------|-------|-------|-------|-------|--------|-----------
GET      GET /api/v1/reservas                                                           11144     0(0.00%) |      9       4     378      8 |   19.30        0.00
GET      GET /api/v1/reservas/{id}                                                       3783     0(0.00%) |      7       3     289      6 |    5.50        0.00
POST     POST /api/v1/auth/login                                                           50     0(0.00%) |   3726     779    5715   4200 |    0.00        0.00
--------|----------------------------------------------------------------------------|-------|-------------|-------|-------|-------|-------|--------|-----------
         Aggregated                                                                     14977     0(0.00%) |     21       3    5715      7 |   24.80        0.00

Type     Name                                                                          # reqs      # fails |    Avg     Min     Max    Med |   req/s  failures/s
--------|----------------------------------------------------------------------------|-------|-------------|-------|-------|-------|-------|--------|-----------
GET      GET /api/v1/reservas                                                           11183     0(0.00%) |      9       4     378      8 |   19.10        0.00
GET      GET /api/v1/reservas/{id}                                                       3794     0(0.00%) |      7       3     289      6 |    5.20        0.00
POST     POST /api/v1/auth/login                                                           50     0(0.00%) |   3726     779    5715   4200 |    0.00        0.00
--------|----------------------------------------------------------------------------|-------|-------------|-------|-------|-------|-------|--------|-----------
         Aggregated                                                                     15027     0(0.00%) |     21       3    5715      7 |   24.30        0.00

Type     Name                                                                          # reqs      # fails |    Avg     Min     Max    Med |   req/s  failures/s
--------|----------------------------------------------------------------------------|-------|-------------|-------|-------|-------|-------|--------|-----------
GET      GET /api/v1/reservas                                                           11222     0(0.00%) |      9       4     378      8 |   19.20        0.00
GET      GET /api/v1/reservas/{id}                                                       3806     0(0.00%) |      7       3     289      6 |    5.40        0.00
POST     POST /api/v1/auth/login                                                           50     0(0.00%) |   3726     779    5715   4200 |    0.00        0.00
--------|----------------------------------------------------------------------------|-------|-------------|-------|-------|-------|-------|--------|-----------
         Aggregated                                                                     15078     0(0.00%) |     21       3    5715      7 |   24.60        0.00

Type     Name                                                                          # reqs      # fails |    Avg     Min     Max    Med |   req/s  failures/s
--------|----------------------------------------------------------------------------|-------|-------------|-------|-------|-------|-------|--------|-----------
GET      GET /api/v1/reservas                                                           11261     0(0.00%) |      9       4     378      7 |   19.50        0.00
GET      GET /api/v1/reservas/{id}                                                       3824     0(0.00%) |      7       3     289      6 |    6.10        0.00
POST     POST /api/v1/auth/login                                                           50     0(0.00%) |   3726     779    5715   4200 |    0.00        0.00
--------|----------------------------------------------------------------------------|-------|-------------|-------|-------|-------|-------|--------|-----------
         Aggregated                                                                     15135     0(0.00%) |     21       3    5715      7 |   25.60        0.00

Type     Name                                                                          # reqs      # fails |    Avg     Min     Max    Med |   req/s  failures/s
--------|----------------------------------------------------------------------------|-------|-------------|-------|-------|-------|-------|--------|-----------
GET      GET /api/v1/reservas                                                           11296     0(0.00%) |      9       4     378      7 |   19.10        0.00
GET      GET /api/v1/reservas/{id}                                                       3834     0(0.00%) |      7       3     289      6 |    6.20        0.00
POST     POST /api/v1/auth/login                                                           50     0(0.00%) |   3726     779    5715   4200 |    0.00        0.00
--------|----------------------------------------------------------------------------|-------|-------------|-------|-------|-------|-------|--------|-----------
         Aggregated                                                                     15180     0(0.00%) |     21       3    5715      7 |   25.30        0.00

Type     Name                                                                          # reqs      # fails |    Avg     Min     Max    Med |   req/s  failures/s
--------|----------------------------------------------------------------------------|-------|-------------|-------|-------|-------|-------|--------|-----------
GET      GET /api/v1/reservas                                                           11326     0(0.00%) |      9       4     378      7 |   18.70        0.00
GET      GET /api/v1/reservas/{id}                                                       3850     0(0.00%) |      7       3     289      6 |    6.80        0.00
POST     POST /api/v1/auth/login                                                           50     0(0.00%) |   3726     779    5715   4200 |    0.00        0.00
--------|----------------------------------------------------------------------------|-------|-------------|-------|-------|-------|-------|--------|-----------
         Aggregated                                                                     15226     0(0.00%) |     21       3    5715      7 |   25.50        0.00

Type     Name                                                                          # reqs      # fails |    Avg     Min     Max    Med |   req/s  failures/s
--------|----------------------------------------------------------------------------|-------|-------------|-------|-------|-------|-------|--------|-----------
GET      GET /api/v1/reservas                                                           11362     0(0.00%) |      9       4     378      7 |   18.60        0.00
GET      GET /api/v1/reservas/{id}                                                       3868     0(0.00%) |      7       3     289      6 |    6.50        0.00
POST     POST /api/v1/auth/login                                                           50     0(0.00%) |   3726     779    5715   4200 |    0.00        0.00
--------|----------------------------------------------------------------------------|-------|-------------|-------|-------|-------|-------|--------|-----------
         Aggregated                                                                     15280     0(0.00%) |     21       3    5715      7 |   25.10        0.00

Type     Name                                                                          # reqs      # fails |    Avg     Min     Max    Med |   req/s  failures/s
--------|----------------------------------------------------------------------------|-------|-------------|-------|-------|-------|-------|--------|-----------
GET      GET /api/v1/reservas                                                           11408     0(0.00%) |      9       4     378      7 |   18.00        0.00
GET      GET /api/v1/reservas/{id}                                                       3878     0(0.00%) |      7       3     289      6 |    7.20        0.00
POST     POST /api/v1/auth/login                                                           50     0(0.00%) |   3726     779    5715   4200 |    0.00        0.00
--------|----------------------------------------------------------------------------|-------|-------------|-------|-------|-------|-------|--------|-----------
         Aggregated                                                                     15336     0(0.00%) |     21       3    5715      7 |   25.20        0.00

Type     Name                                                                          # reqs      # fails |    Avg     Min     Max    Med |   req/s  failures/s
--------|----------------------------------------------------------------------------|-------|-------------|-------|-------|-------|-------|--------|-----------
GET      GET /api/v1/reservas                                                           11442     0(0.00%) |      9       4     378      7 |   18.00        0.00
GET      GET /api/v1/reservas/{id}                                                       3890     0(0.00%) |      7       3     289      6 |    7.30        0.00
POST     POST /api/v1/auth/login                                                           50     0(0.00%) |   3726     779    5715   4200 |    0.00        0.00
--------|----------------------------------------------------------------------------|-------|-------------|-------|-------|-------|-------|--------|-----------
         Aggregated                                                                     15382     0(0.00%) |     21       3    5715      7 |   25.30        0.00

Type     Name                                                                          # reqs      # fails |    Avg     Min     Max    Med |   req/s  failures/s
--------|----------------------------------------------------------------------------|-------|-------------|-------|-------|-------|-------|--------|-----------
GET      GET /api/v1/reservas                                                           11483     0(0.00%) |      9       4     378      7 |   18.10        0.00
GET      GET /api/v1/reservas/{id}                                                       3900     0(0.00%) |      7       3     289      6 |    7.20        0.00
POST     POST /api/v1/auth/login                                                           50     0(0.00%) |   3726     779    5715   4200 |    0.00        0.00
--------|----------------------------------------------------------------------------|-------|-------------|-------|-------|-------|-------|--------|-----------
         Aggregated                                                                     15433     0(0.00%) |     21       3    5715      7 |   25.30        0.00

Type     Name                                                                          # reqs      # fails |    Avg     Min     Max    Med |   req/s  failures/s
--------|----------------------------------------------------------------------------|-------|-------------|-------|-------|-------|-------|--------|-----------
GET      GET /api/v1/reservas                                                           11515     0(0.00%) |      9       4     378      7 |   18.80        0.00
GET      GET /api/v1/reservas/{id}                                                       3916     0(0.00%) |      7       3     289      6 |    6.20        0.00
POST     POST /api/v1/auth/login                                                           50     0(0.00%) |   3726     779    5715   4200 |    0.00        0.00
--------|----------------------------------------------------------------------------|-------|-------------|-------|-------|-------|-------|--------|-----------
         Aggregated                                                                     15481     0(0.00%) |     21       3    5715      7 |   25.00        0.00

Type     Name                                                                          # reqs      # fails |    Avg     Min     Max    Med |   req/s  failures/s
--------|----------------------------------------------------------------------------|-------|-------------|-------|-------|-------|-------|--------|-----------
GET      GET /api/v1/reservas                                                           11557     0(0.00%) |      9       4     378      7 |   18.90        0.00
GET      GET /api/v1/reservas/{id}                                                       3925     0(0.00%) |      7       3     289      6 |    6.80        0.00
POST     POST /api/v1/auth/login                                                           50     0(0.00%) |   3726     779    5715   4200 |    0.00        0.00
--------|----------------------------------------------------------------------------|-------|-------------|-------|-------|-------|-------|--------|-----------
         Aggregated                                                                     15532     0(0.00%) |     21       3    5715      7 |   25.70        0.00

Type     Name                                                                          # reqs      # fails |    Avg     Min     Max    Med |   req/s  failures/s
--------|----------------------------------------------------------------------------|-------|-------------|-------|-------|-------|-------|--------|-----------
GET      GET /api/v1/reservas                                                           11594     0(0.00%) |      9       4     378      7 |   18.80        0.00
GET      GET /api/v1/reservas/{id}                                                       3937     0(0.00%) |      7       3     289      6 |    6.20        0.00
POST     POST /api/v1/auth/login                                                           50     0(0.00%) |   3726     779    5715   4200 |    0.00        0.00
--------|----------------------------------------------------------------------------|-------|-------------|-------|-------|-------|-------|--------|-----------
         Aggregated                                                                     15581     0(0.00%) |     21       3    5715      7 |   25.00        0.00

Type     Name                                                                          # reqs      # fails |    Avg     Min     Max    Med |   req/s  failures/s
--------|----------------------------------------------------------------------------|-------|-------------|-------|-------|-------|-------|--------|-----------
GET      GET /api/v1/reservas                                                           11631     0(0.00%) |      9       4     378      7 |   18.90        0.00
GET      GET /api/v1/reservas/{id}                                                       3951     0(0.00%) |      7       3     289      6 |    5.80        0.00
POST     POST /api/v1/auth/login                                                           50     0(0.00%) |   3726     779    5715   4200 |    0.00        0.00
--------|----------------------------------------------------------------------------|-------|-------------|-------|-------|-------|-------|--------|-----------
         Aggregated                                                                     15632     0(0.00%) |     20       3    5715      7 |   24.70        0.00

Type     Name                                                                          # reqs      # fails |    Avg     Min     Max    Med |   req/s  failures/s
--------|----------------------------------------------------------------------------|-------|-------------|-------|-------|-------|-------|--------|-----------
GET      GET /api/v1/reservas                                                           11667     0(0.00%) |      9       4     378      7 |   18.80        0.00
GET      GET /api/v1/reservas/{id}                                                       3968     0(0.00%) |      7       3     289      6 |    6.00        0.00
POST     POST /api/v1/auth/login                                                           50     0(0.00%) |   3726     779    5715   4200 |    0.00        0.00
--------|----------------------------------------------------------------------------|-------|-------------|-------|-------|-------|-------|--------|-----------
         Aggregated                                                                     15685     0(0.00%) |     20       3    5715      7 |   24.80        0.00

Type     Name                                                                          # reqs      # fails |    Avg     Min     Max    Med |   req/s  failures/s
--------|----------------------------------------------------------------------------|-------|-------------|-------|-------|-------|-------|--------|-----------
GET      GET /api/v1/reservas                                                           11708     0(0.00%) |      9       4     378      7 |   18.30        0.00
GET      GET /api/v1/reservas/{id}                                                       3982     0(0.00%) |      7       3     289      6 |    7.00        0.00
POST     POST /api/v1/auth/login                                                           50     0(0.00%) |   3726     779    5715   4200 |    0.00        0.00
--------|----------------------------------------------------------------------------|-------|-------------|-------|-------|-------|-------|--------|-----------
         Aggregated                                                                     15740     0(0.00%) |     20       3    5715      7 |   25.30        0.00

Type     Name                                                                          # reqs      # fails |    Avg     Min     Max    Med |   req/s  failures/s
--------|----------------------------------------------------------------------------|-------|-------------|-------|-------|-------|-------|--------|-----------
GET      GET /api/v1/reservas                                                           11742     0(0.00%) |      9       4     378      7 |   18.50        0.00
GET      GET /api/v1/reservas/{id}                                                       3995     0(0.00%) |      7       3     289      6 |    6.30        0.00
POST     POST /api/v1/auth/login                                                           50     0(0.00%) |   3726     779    5715   4200 |    0.00        0.00
--------|----------------------------------------------------------------------------|-------|-------------|-------|-------|-------|-------|--------|-----------
         Aggregated                                                                     15787     0(0.00%) |     20       3    5715      7 |   24.80        0.00

Type     Name                                                                          # reqs      # fails |    Avg     Min     Max    Med |   req/s  failures/s
--------|----------------------------------------------------------------------------|-------|-------------|-------|-------|-------|-------|--------|-----------
GET      GET /api/v1/reservas                                                           11775     0(0.00%) |      9       4     378      7 |   19.60        0.00
GET      GET /api/v1/reservas/{id}                                                       4011     0(0.00%) |      7       3     289      6 |    6.50        0.00
POST     POST /api/v1/auth/login                                                           50     0(0.00%) |   3726     779    5715   4200 |    0.00        0.00
--------|----------------------------------------------------------------------------|-------|-------------|-------|-------|-------|-------|--------|-----------
         Aggregated                                                                     15836     0(0.00%) |     20       3    5715      7 |   26.10        0.00

Type     Name                                                                          # reqs      # fails |    Avg     Min     Max    Med |   req/s  failures/s
--------|----------------------------------------------------------------------------|-------|-------------|-------|-------|-------|-------|--------|-----------
GET      GET /api/v1/reservas                                                           11809     0(0.00%) |      9       4     378      7 |   18.40        0.00
GET      GET /api/v1/reservas/{id}                                                       4025     0(0.00%) |      7       3     289      6 |    7.60        0.00
POST     POST /api/v1/auth/login                                                           50     0(0.00%) |   3726     779    5715   4200 |    0.00        0.00
--------|----------------------------------------------------------------------------|-------|-------------|-------|-------|-------|-------|--------|-----------
         Aggregated                                                                     15884     0(0.00%) |     20       3    5715      7 |   26.00        0.00

Type     Name                                                                          # reqs      # fails |    Avg     Min     Max    Med |   req/s  failures/s
--------|----------------------------------------------------------------------------|-------|-------------|-------|-------|-------|-------|--------|-----------
GET      GET /api/v1/reservas                                                           11852     0(0.00%) |      9       4     378      7 |   18.30        0.00
GET      GET /api/v1/reservas/{id}                                                       4038     0(0.00%) |      7       3     289      6 |    7.30        0.00
POST     POST /api/v1/auth/login                                                           50     0(0.00%) |   3726     779    5715   4200 |    0.00        0.00
--------|----------------------------------------------------------------------------|-------|-------------|-------|-------|-------|-------|--------|-----------
         Aggregated                                                                     15940     0(0.00%) |     20       3    5715      7 |   25.60        0.00

Type     Name                                                                          # reqs      # fails |    Avg     Min     Max    Med |   req/s  failures/s
--------|----------------------------------------------------------------------------|-------|-------------|-------|-------|-------|-------|--------|-----------
GET      GET /api/v1/reservas                                                           11886     0(0.00%) |      9       4     378      7 |   18.00        0.00
GET      GET /api/v1/reservas/{id}                                                       4049     0(0.00%) |      7       3     289      6 |    7.10        0.00
POST     POST /api/v1/auth/login                                                           50     0(0.00%) |   3726     779    5715   4200 |    0.00        0.00
--------|----------------------------------------------------------------------------|-------|-------------|-------|-------|-------|-------|--------|-----------
         Aggregated                                                                     15985     0(0.00%) |     20       3    5715      7 |   25.10        0.00

Type     Name                                                                          # reqs      # fails |    Avg     Min     Max    Med |   req/s  failures/s
--------|----------------------------------------------------------------------------|-------|-------------|-------|-------|-------|-------|--------|-----------
GET      GET /api/v1/reservas                                                           11926     0(0.00%) |      9       4     378      7 |   18.70        0.00
GET      GET /api/v1/reservas/{id}                                                       4068     0(0.00%) |      7       3     289      6 |    7.00        0.00
POST     POST /api/v1/auth/login                                                           50     0(0.00%) |   3726     779    5715   4200 |    0.00        0.00
--------|----------------------------------------------------------------------------|-------|-------------|-------|-------|-------|-------|--------|-----------
         Aggregated                                                                     16044     0(0.00%) |     20       3    5715      7 |   25.70        0.00

Type     Name                                                                          # reqs      # fails |    Avg     Min     Max    Med |   req/s  failures/s
--------|----------------------------------------------------------------------------|-------|-------------|-------|-------|-------|-------|--------|-----------
GET      GET /api/v1/reservas                                                           11958     0(0.00%) |      9       4     378      7 |   18.10        0.00
GET      GET /api/v1/reservas/{id}                                                       4085     0(0.00%) |      7       3     289      6 |    7.50        0.00
POST     POST /api/v1/auth/login                                                           50     0(0.00%) |   3726     779    5715   4200 |    0.00        0.00
--------|----------------------------------------------------------------------------|-------|-------------|-------|-------|-------|-------|--------|-----------
         Aggregated                                                                     16093     0(0.00%) |     20       3    5715      7 |   25.60        0.00

Type     Name                                                                          # reqs      # fails |    Avg     Min     Max    Med |   req/s  failures/s
--------|----------------------------------------------------------------------------|-------|-------------|-------|-------|-------|-------|--------|-----------
GET      GET /api/v1/reservas                                                           11993     0(0.00%) |      9       4     378      7 |   17.90        0.00
GET      GET /api/v1/reservas/{id}                                                       4099     0(0.00%) |      7       3     289      6 |    6.90        0.00
POST     POST /api/v1/auth/login                                                           50     0(0.00%) |   3726     779    5715   4200 |    0.00        0.00
--------|----------------------------------------------------------------------------|-------|-------------|-------|-------|-------|-------|--------|-----------
         Aggregated                                                                     16142     0(0.00%) |     20       3    5715      7 |   24.80        0.00

Type     Name                                                                          # reqs      # fails |    Avg     Min     Max    Med |   req/s  failures/s
--------|----------------------------------------------------------------------------|-------|-------------|-------|-------|-------|-------|--------|-----------
GET      GET /api/v1/reservas                                                           12035     0(0.00%) |      9       4     378      7 |   18.40        0.00
GET      GET /api/v1/reservas/{id}                                                       4114     0(0.00%) |      7       3     289      5 |    7.40        0.00
POST     POST /api/v1/auth/login                                                           50     0(0.00%) |   3726     779    5715   4200 |    0.00        0.00
--------|----------------------------------------------------------------------------|-------|-------------|-------|-------|-------|-------|--------|-----------
         Aggregated                                                                     16199     0(0.00%) |     20       3    5715      7 |   25.80        0.00

Type     Name                                                                          # reqs      # fails |    Avg     Min     Max    Med |   req/s  failures/s
--------|----------------------------------------------------------------------------|-------|-------------|-------|-------|-------|-------|--------|-----------
GET      GET /api/v1/reservas                                                           12073     0(0.00%) |      9       4     378      7 |   18.90        0.00
GET      GET /api/v1/reservas/{id}                                                       4129     0(0.00%) |      7       3     289      5 |    7.50        0.00
POST     POST /api/v1/auth/login                                                           50     0(0.00%) |   3726     779    5715   4200 |    0.00        0.00
--------|----------------------------------------------------------------------------|-------|-------------|-------|-------|-------|-------|--------|-----------
         Aggregated                                                                     16252     0(0.00%) |     20       3    5715      7 |   26.40        0.00

Type     Name                                                                          # reqs      # fails |    Avg     Min     Max    Med |   req/s  failures/s
--------|----------------------------------------------------------------------------|-------|-------------|-------|-------|-------|-------|--------|-----------
GET      GET /api/v1/reservas                                                           12110     0(0.00%) |      9       4     378      7 |   18.20        0.00
GET      GET /api/v1/reservas/{id}                                                       4141     0(0.00%) |      7       3     289      5 |    7.60        0.00
POST     POST /api/v1/auth/login                                                           50     0(0.00%) |   3726     779    5715   4200 |    0.00        0.00
--------|----------------------------------------------------------------------------|-------|-------------|-------|-------|-------|-------|--------|-----------
         Aggregated                                                                     16301     0(0.00%) |     20       3    5715      7 |   25.80        0.00

Type     Name                                                                          # reqs      # fails |    Avg     Min     Max    Med |   req/s  failures/s
--------|----------------------------------------------------------------------------|-------|-------------|-------|-------|-------|-------|--------|-----------
GET      GET /api/v1/reservas                                                           12140     0(0.00%) |      9       4     378      7 |   18.40        0.00
GET      GET /api/v1/reservas/{id}                                                       4160     0(0.00%) |      7       3     289      5 |    7.70        0.00
POST     POST /api/v1/auth/login                                                           50     0(0.00%) |   3726     779    5715   4200 |    0.00        0.00
--------|----------------------------------------------------------------------------|-------|-------------|-------|-------|-------|-------|--------|-----------
         Aggregated                                                                     16350     0(0.00%) |     20       3    5715      7 |   26.10        0.00

Type     Name                                                                          # reqs      # fails |    Avg     Min     Max    Med |   req/s  failures/s
--------|----------------------------------------------------------------------------|-------|-------------|-------|-------|-------|-------|--------|-----------
GET      GET /api/v1/reservas                                                           12172     0(0.00%) |      9       4     378      7 |   18.60        0.00
GET      GET /api/v1/reservas/{id}                                                       4172     0(0.00%) |      7       3     289      5 |    7.80        0.00
POST     POST /api/v1/auth/login                                                           50     0(0.00%) |   3726     779    5715   4200 |    0.00        0.00
--------|----------------------------------------------------------------------------|-------|-------------|-------|-------|-------|-------|--------|-----------
         Aggregated                                                                     16394     0(0.00%) |     20       3    5715      7 |   26.40        0.00

Type     Name                                                                          # reqs      # fails |    Avg     Min     Max    Med |   req/s  failures/s
--------|----------------------------------------------------------------------------|-------|-------------|-------|-------|-------|-------|--------|-----------
GET      GET /api/v1/reservas                                                           12208     0(0.00%) |      9       4     378      7 |   18.10        0.00
GET      GET /api/v1/reservas/{id}                                                       4188     0(0.00%) |      7       3     289      5 |    7.50        0.00
POST     POST /api/v1/auth/login                                                           50     0(0.00%) |   3726     779    5715   4200 |    0.00        0.00
--------|----------------------------------------------------------------------------|-------|-------------|-------|-------|-------|-------|--------|-----------
         Aggregated                                                                     16446     0(0.00%) |     20       3    5715      7 |   25.60        0.00

Type     Name                                                                          # reqs      # fails |    Avg     Min     Max    Med |   req/s  failures/s
--------|----------------------------------------------------------------------------|-------|-------------|-------|-------|-------|-------|--------|-----------
GET      GET /api/v1/reservas                                                           12255     0(0.00%) |      9       4     378      7 |   17.20        0.00
GET      GET /api/v1/reservas/{id}                                                       4196     0(0.00%) |      7       3     289      5 |    7.60        0.00
POST     POST /api/v1/auth/login                                                           50     0(0.00%) |   3726     779    5715   4200 |    0.00        0.00
--------|----------------------------------------------------------------------------|-------|-------------|-------|-------|-------|-------|--------|-----------
         Aggregated                                                                     16501     0(0.00%) |     20       3    5715      7 |   24.80        0.00

Type     Name                                                                          # reqs      # fails |    Avg     Min     Max    Med |   req/s  failures/s
--------|----------------------------------------------------------------------------|-------|-------------|-------|-------|-------|-------|--------|-----------
GET      GET /api/v1/reservas                                                           12285     0(0.00%) |      9       4     378      7 |   18.00        0.00
GET      GET /api/v1/reservas/{id}                                                       4211     0(0.00%) |      7       3     289      5 |    7.30        0.00
POST     POST /api/v1/auth/login                                                           50     0(0.00%) |   3726     779    5715   4200 |    0.00        0.00
--------|----------------------------------------------------------------------------|-------|-------------|-------|-------|-------|-------|--------|-----------
         Aggregated                                                                     16546     0(0.00%) |     20       3    5715      7 |   25.30        0.00

Type     Name                                                                          # reqs      # fails |    Avg     Min     Max    Med |   req/s  failures/s
--------|----------------------------------------------------------------------------|-------|-------------|-------|-------|-------|-------|--------|-----------
GET      GET /api/v1/reservas                                                           12325     0(0.00%) |      9       4     378      7 |   17.50        0.00
GET      GET /api/v1/reservas/{id}                                                       4224     0(0.00%) |      7       3     289      5 |    6.70        0.00
POST     POST /api/v1/auth/login                                                           50     0(0.00%) |   3726     779    5715   4200 |    0.00        0.00
--------|----------------------------------------------------------------------------|-------|-------------|-------|-------|-------|-------|--------|-----------
         Aggregated                                                                     16599     0(0.00%) |     20       3    5715      7 |   24.20        0.00

Type     Name                                                                          # reqs      # fails |    Avg     Min     Max    Med |   req/s  failures/s
--------|----------------------------------------------------------------------------|-------|-------------|-------|-------|-------|-------|--------|-----------
GET      GET /api/v1/reservas                                                           12357     0(0.00%) |      9       4     378      7 |   18.00        0.00
GET      GET /api/v1/reservas/{id}                                                       4243     0(0.00%) |      7       3     289      5 |    6.40        0.00
POST     POST /api/v1/auth/login                                                           50     0(0.00%) |   3726     779    5715   4200 |    0.00        0.00
--------|----------------------------------------------------------------------------|-------|-------------|-------|-------|-------|-------|--------|-----------
         Aggregated                                                                     16650     0(0.00%) |     20       3    5715      7 |   24.40        0.00

Type     Name                                                                          # reqs      # fails |    Avg     Min     Max    Med |   req/s  failures/s
--------|----------------------------------------------------------------------------|-------|-------------|-------|-------|-------|-------|--------|-----------
GET      GET /api/v1/reservas                                                           12398     0(0.00%) |      9       4     378      7 |   18.10        0.00
GET      GET /api/v1/reservas/{id}                                                       4254     0(0.00%) |      7       3     289      5 |    6.40        0.00
POST     POST /api/v1/auth/login                                                           50     0(0.00%) |   3726     779    5715   4200 |    0.00        0.00
--------|----------------------------------------------------------------------------|-------|-------------|-------|-------|-------|-------|--------|-----------
         Aggregated                                                                     16702     0(0.00%) |     20       3    5715      7 |   24.50        0.00

Type     Name                                                                          # reqs      # fails |    Avg     Min     Max    Med |   req/s  failures/s
--------|----------------------------------------------------------------------------|-------|-------------|-------|-------|-------|-------|--------|-----------
GET      GET /api/v1/reservas                                                           12432     0(0.00%) |      9       4     378      7 |   18.80        0.00
GET      GET /api/v1/reservas/{id}                                                       4269     0(0.00%) |      7       3     289      5 |    6.40        0.00
POST     POST /api/v1/auth/login                                                           50     0(0.00%) |   3726     779    5715   4200 |    0.00        0.00
--------|----------------------------------------------------------------------------|-------|-------------|-------|-------|-------|-------|--------|-----------
         Aggregated                                                                     16751     0(0.00%) |     20       3    5715      7 |   25.20        0.00

Type     Name                                                                          # reqs      # fails |    Avg     Min     Max    Med |   req/s  failures/s
--------|----------------------------------------------------------------------------|-------|-------------|-------|-------|-------|-------|--------|-----------
GET      GET /api/v1/reservas                                                           12466     0(0.00%) |      9       4     378      7 |   17.90        0.00
GET      GET /api/v1/reservas/{id}                                                       4280     0(0.00%) |      7       3     289      5 |    7.10        0.00
POST     POST /api/v1/auth/login                                                           50     0(0.00%) |   3726     779    5715   4200 |    0.00        0.00
--------|----------------------------------------------------------------------------|-------|-------------|-------|-------|-------|-------|--------|-----------
         Aggregated                                                                     16796     0(0.00%) |     20       3    5715      7 |   25.00        0.00

Type     Name                                                                          # reqs      # fails |    Avg     Min     Max    Med |   req/s  failures/s
--------|----------------------------------------------------------------------------|-------|-------------|-------|-------|-------|-------|--------|-----------
GET      GET /api/v1/reservas                                                           12502     0(0.00%) |      9       4     378      7 |   18.50        0.00
GET      GET /api/v1/reservas/{id}                                                       4297     0(0.00%) |      7       3     289      5 |    6.90        0.00
POST     POST /api/v1/auth/login                                                           50     0(0.00%) |   3726     779    5715   4200 |    0.00        0.00
--------|----------------------------------------------------------------------------|-------|-------------|-------|-------|-------|-------|--------|-----------
         Aggregated                                                                     16849     0(0.00%) |     19       3    5715      7 |   25.40        0.00

Type     Name                                                                          # reqs      # fails |    Avg     Min     Max    Med |   req/s  failures/s
--------|----------------------------------------------------------------------------|-------|-------------|-------|-------|-------|-------|--------|-----------
GET      GET /api/v1/reservas                                                           12540     0(0.00%) |      9       4     378      7 |   18.30        0.00
GET      GET /api/v1/reservas/{id}                                                       4309     0(0.00%) |      7       3     289      5 |    7.00        0.00
POST     POST /api/v1/auth/login                                                           50     0(0.00%) |   3726     779    5715   4200 |    0.00        0.00
--------|----------------------------------------------------------------------------|-------|-------------|-------|-------|-------|-------|--------|-----------
         Aggregated                                                                     16899     0(0.00%) |     19       3    5715      7 |   25.30        0.00

Type     Name                                                                          # reqs      # fails |    Avg     Min     Max    Med |   req/s  failures/s
--------|----------------------------------------------------------------------------|-------|-------------|-------|-------|-------|-------|--------|-----------
GET      GET /api/v1/reservas                                                           12583     0(0.00%) |      9       4     378      7 |   18.20        0.00
GET      GET /api/v1/reservas/{id}                                                       4321     0(0.00%) |      7       3     289      5 |    7.10        0.00
POST     POST /api/v1/auth/login                                                           50     0(0.00%) |   3726     779    5715   4200 |    0.00        0.00
--------|----------------------------------------------------------------------------|-------|-------------|-------|-------|-------|-------|--------|-----------
         Aggregated                                                                     16954     0(0.00%) |     19       3    5715      7 |   25.30        0.00

Type     Name                                                                          # reqs      # fails |    Avg     Min     Max    Med |   req/s  failures/s
--------|----------------------------------------------------------------------------|-------|-------------|-------|-------|-------|-------|--------|-----------
GET      GET /api/v1/reservas                                                           12609     0(0.00%) |      9       4     378      7 |   18.50        0.00
GET      GET /api/v1/reservas/{id}                                                       4335     0(0.00%) |      7       3     289      5 |    6.40        0.00
POST     POST /api/v1/auth/login                                                           50     0(0.00%) |   3726     779    5715   4200 |    0.00        0.00
--------|----------------------------------------------------------------------------|-------|-------------|-------|-------|-------|-------|--------|-----------
         Aggregated                                                                     16994     0(0.00%) |     19       3    5715      7 |   24.90        0.00

Type     Name                                                                          # reqs      # fails |    Avg     Min     Max    Med |   req/s  failures/s
--------|----------------------------------------------------------------------------|-------|-------------|-------|-------|-------|-------|--------|-----------
GET      GET /api/v1/reservas                                                           12639     0(0.00%) |      9       4     378      7 |   17.80        0.00
GET      GET /api/v1/reservas/{id}                                                       4355     0(0.00%) |      7       3     289      5 |    6.60        0.00
POST     POST /api/v1/auth/login                                                           50     0(0.00%) |   3726     779    5715   4200 |    0.00        0.00
--------|----------------------------------------------------------------------------|-------|-------------|-------|-------|-------|-------|--------|-----------
         Aggregated                                                                     17044     0(0.00%) |     19       3    5715      7 |   24.40        0.00

Type     Name                                                                          # reqs      # fails |    Avg     Min     Max    Med |   req/s  failures/s
--------|----------------------------------------------------------------------------|-------|-------------|-------|-------|-------|-------|--------|-----------
GET      GET /api/v1/reservas                                                           12677     0(0.00%) |      9       4     378      7 |   17.10        0.00
GET      GET /api/v1/reservas/{id}                                                       4370     0(0.00%) |      7       3     289      5 |    6.90        0.00
POST     POST /api/v1/auth/login                                                           50     0(0.00%) |   3726     779    5715   4200 |    0.00        0.00
--------|----------------------------------------------------------------------------|-------|-------------|-------|-------|-------|-------|--------|-----------
         Aggregated                                                                     17097     0(0.00%) |     19       3    5715      7 |   24.00        0.00

Type     Name                                                                          # reqs      # fails |    Avg     Min     Max    Med |   req/s  failures/s
--------|----------------------------------------------------------------------------|-------|-------------|-------|-------|-------|-------|--------|-----------
GET      GET /api/v1/reservas                                                           12719     0(0.00%) |      9       4     378      7 |   17.10        0.00
GET      GET /api/v1/reservas/{id}                                                       4388     0(0.00%) |      7       3     289      5 |    7.50        0.00
POST     POST /api/v1/auth/login                                                           50     0(0.00%) |   3726     779    5715   4200 |    0.00        0.00
--------|----------------------------------------------------------------------------|-------|-------------|-------|-------|-------|-------|--------|-----------
         Aggregated                                                                     17157     0(0.00%) |     19       3    5715      7 |   24.60        0.00

Type     Name                                                                          # reqs      # fails |    Avg     Min     Max    Med |   req/s  failures/s
--------|----------------------------------------------------------------------------|-------|-------------|-------|-------|-------|-------|--------|-----------
GET      GET /api/v1/reservas                                                           12752     0(0.00%) |      9       4     378      7 |   17.10        0.00
GET      GET /api/v1/reservas/{id}                                                       4403     0(0.00%) |      7       3     289      5 |    7.90        0.00
POST     POST /api/v1/auth/login                                                           50     0(0.00%) |   3726     779    5715   4200 |    0.00        0.00
--------|----------------------------------------------------------------------------|-------|-------------|-------|-------|-------|-------|--------|-----------
         Aggregated                                                                     17205     0(0.00%) |     19       3    5715      7 |   25.00        0.00

Type     Name                                                                          # reqs      # fails |    Avg     Min     Max    Med |   req/s  failures/s
--------|----------------------------------------------------------------------------|-------|-------------|-------|-------|-------|-------|--------|-----------
GET      GET /api/v1/reservas                                                           12791     0(0.00%) |      9       4     378      7 |   16.90        0.00
GET      GET /api/v1/reservas/{id}                                                       4414     0(0.00%) |      7       3     289      5 |    8.40        0.00
POST     POST /api/v1/auth/login                                                           50     0(0.00%) |   3726     779    5715   4200 |    0.00        0.00
--------|----------------------------------------------------------------------------|-------|-------------|-------|-------|-------|-------|--------|-----------
         Aggregated                                                                     17255     0(0.00%) |     19       3    5715      7 |   25.30        0.00

Type     Name                                                                          # reqs      # fails |    Avg     Min     Max    Med |   req/s  failures/s
--------|----------------------------------------------------------------------------|-------|-------------|-------|-------|-------|-------|--------|-----------
GET      GET /api/v1/reservas                                                           12821     0(0.00%) |      9       4     378      7 |   18.10        0.00
GET      GET /api/v1/reservas/{id}                                                       4429     0(0.00%) |      7       3     289      5 |    8.00        0.00
POST     POST /api/v1/auth/login                                                           50     0(0.00%) |   3726     779    5715   4200 |    0.00        0.00
--------|----------------------------------------------------------------------------|-------|-------------|-------|-------|-------|-------|--------|-----------
         Aggregated                                                                     17300     0(0.00%) |     19       3    5715      7 |   26.10        0.00

Type     Name                                                                          # reqs      # fails |    Avg     Min     Max    Med |   req/s  failures/s
--------|----------------------------------------------------------------------------|-------|-------------|-------|-------|-------|-------|--------|-----------
GET      GET /api/v1/reservas                                                           12863     0(0.00%) |      9       4     378      7 |   18.50        0.00
GET      GET /api/v1/reservas/{id}                                                       4444     0(0.00%) |      7       3     289      5 |    8.00        0.00
POST     POST /api/v1/auth/login                                                           50     0(0.00%) |   3726     779    5715   4200 |    0.00        0.00
--------|----------------------------------------------------------------------------|-------|-------------|-------|-------|-------|-------|--------|-----------
         Aggregated                                                                     17357     0(0.00%) |     19       3    5715      7 |   26.50        0.00

Type     Name                                                                          # reqs      # fails |    Avg     Min     Max    Med |   req/s  failures/s
--------|----------------------------------------------------------------------------|-------|-------------|-------|-------|-------|-------|--------|-----------
GET      GET /api/v1/reservas                                                           12898     0(0.00%) |      9       4     378      7 |   18.70        0.00
GET      GET /api/v1/reservas/{id}                                                       4457     0(0.00%) |      7       3     289      5 |    7.70        0.00
POST     POST /api/v1/auth/login                                                           50     0(0.00%) |   3726     779    5715   4200 |    0.00        0.00
--------|----------------------------------------------------------------------------|-------|-------------|-------|-------|-------|-------|--------|-----------
         Aggregated                                                                     17405     0(0.00%) |     19       3    5715      7 |   26.40        0.00

Type     Name                                                                          # reqs      # fails |    Avg     Min     Max    Med |   req/s  failures/s
--------|----------------------------------------------------------------------------|-------|-------------|-------|-------|-------|-------|--------|-----------
GET      GET /api/v1/reservas                                                           12936     0(0.00%) |      9       4     378      7 |   18.80        0.00
GET      GET /api/v1/reservas/{id}                                                       4468     0(0.00%) |      7       3     289      5 |    7.20        0.00
POST     POST /api/v1/auth/login                                                           50     0(0.00%) |   3726     779    5715   4200 |    0.00        0.00
--------|----------------------------------------------------------------------------|-------|-------------|-------|-------|-------|-------|--------|-----------
         Aggregated                                                                     17454     0(0.00%) |     19       3    5715      7 |   26.00        0.00

Type     Name                                                                          # reqs      # fails |    Avg     Min     Max    Med |   req/s  failures/s
--------|----------------------------------------------------------------------------|-------|-------------|-------|-------|-------|-------|--------|-----------
GET      GET /api/v1/reservas                                                           12971     0(0.00%) |      9       4     378      7 |   18.30        0.00
GET      GET /api/v1/reservas/{id}                                                       4480     0(0.00%) |      7       3     289      5 |    6.60        0.00
POST     POST /api/v1/auth/login                                                           50     0(0.00%) |   3726     779    5715   4200 |    0.00        0.00
--------|----------------------------------------------------------------------------|-------|-------------|-------|-------|-------|-------|--------|-----------
         Aggregated                                                                     17501     0(0.00%) |     19       3    5715      7 |   24.90        0.00

Type     Name                                                                          # reqs      # fails |    Avg     Min     Max    Med |   req/s  failures/s
--------|----------------------------------------------------------------------------|-------|-------------|-------|-------|-------|-------|--------|-----------
GET      GET /api/v1/reservas                                                           13011     0(0.00%) |      9       4     378      7 |   18.00        0.00
GET      GET /api/v1/reservas/{id}                                                       4492     0(0.00%) |      7       3     289      5 |    6.50        0.00
POST     POST /api/v1/auth/login                                                           50     0(0.00%) |   3726     779    5715   4200 |    0.00        0.00
--------|----------------------------------------------------------------------------|-------|-------------|-------|-------|-------|-------|--------|-----------
         Aggregated                                                                     17553     0(0.00%) |     19       3    5715      7 |   24.50        0.00

Type     Name                                                                          # reqs      # fails |    Avg     Min     Max    Med |   req/s  failures/s
--------|----------------------------------------------------------------------------|-------|-------------|-------|-------|-------|-------|--------|-----------
GET      GET /api/v1/reservas                                                           13046     0(0.00%) |      9       4     378      7 |   18.00        0.00
GET      GET /api/v1/reservas/{id}                                                       4505     0(0.00%) |      7       3     289      5 |    6.30        0.00
POST     POST /api/v1/auth/login                                                           50     0(0.00%) |   3726     779    5715   4200 |    0.00        0.00
--------|----------------------------------------------------------------------------|-------|-------------|-------|-------|-------|-------|--------|-----------
         Aggregated                                                                     17601     0(0.00%) |     19       3    5715      7 |   24.30        0.00

Type     Name                                                                          # reqs      # fails |    Avg     Min     Max    Med |   req/s  failures/s
--------|----------------------------------------------------------------------------|-------|-------------|-------|-------|-------|-------|--------|-----------
GET      GET /api/v1/reservas                                                           13085     0(0.00%) |      9       4     378      7 |   18.30        0.00
GET      GET /api/v1/reservas/{id}                                                       4516     0(0.00%) |      7       3     289      5 |    5.70        0.00
POST     POST /api/v1/auth/login                                                           50     0(0.00%) |   3726     779    5715   4200 |    0.00        0.00
--------|----------------------------------------------------------------------------|-------|-------------|-------|-------|-------|-------|--------|-----------
         Aggregated                                                                     17651     0(0.00%) |     19       3    5715      7 |   24.00        0.00

Type     Name                                                                          # reqs      # fails |    Avg     Min     Max    Med |   req/s  failures/s
--------|----------------------------------------------------------------------------|-------|-------------|-------|-------|-------|-------|--------|-----------
GET      GET /api/v1/reservas                                                           13117     0(0.00%) |      9       4     378      7 |   18.30        0.00
GET      GET /api/v1/reservas/{id}                                                       4532     0(0.00%) |      7       3     289      5 |    5.50        0.00
POST     POST /api/v1/auth/login                                                           50     0(0.00%) |   3726     779    5715   4200 |    0.00        0.00
--------|----------------------------------------------------------------------------|-------|-------------|-------|-------|-------|-------|--------|-----------
         Aggregated                                                                     17699     0(0.00%) |     19       3    5715      7 |   23.80        0.00

Type     Name                                                                          # reqs      # fails |    Avg     Min     Max    Med |   req/s  failures/s
--------|----------------------------------------------------------------------------|-------|-------------|-------|-------|-------|-------|--------|-----------
GET      GET /api/v1/reservas                                                           13151     0(0.00%) |      9       4     378      7 |   19.00        0.00
GET      GET /api/v1/reservas/{id}                                                       4548     0(0.00%) |      7       3     289      5 |    6.40        0.00
POST     POST /api/v1/auth/login                                                           50     0(0.00%) |   3726     779    5715   4200 |    0.00        0.00
--------|----------------------------------------------------------------------------|-------|-------------|-------|-------|-------|-------|--------|-----------
         Aggregated                                                                     17749     0(0.00%) |     19       3    5715      7 |   25.40        0.00

Type     Name                                                                          # reqs      # fails |    Avg     Min     Max    Med |   req/s  failures/s
--------|----------------------------------------------------------------------------|-------|-------------|-------|-------|-------|-------|--------|-----------
GET      GET /api/v1/reservas                                                           13195     0(0.00%) |      9       4     378      7 |   18.10        0.00
GET      GET /api/v1/reservas/{id}                                                       4556     0(0.00%) |      7       3     289      5 |    6.90        0.00
POST     POST /api/v1/auth/login                                                           50     0(0.00%) |   3726     779    5715   4200 |    0.00        0.00
--------|----------------------------------------------------------------------------|-------|-------------|-------|-------|-------|-------|--------|-----------
         Aggregated                                                                     17801     0(0.00%) |     19       3    5715      7 |   25.00        0.00

Type     Name                                                                          # reqs      # fails |    Avg     Min     Max    Med |   req/s  failures/s
--------|----------------------------------------------------------------------------|-------|-------------|-------|-------|-------|-------|--------|-----------
GET      GET /api/v1/reservas                                                           13234     0(0.00%) |      9       4     378      7 |   17.90        0.00
GET      GET /api/v1/reservas/{id}                                                       4566     0(0.00%) |      7       3     289      5 |    6.60        0.00
POST     POST /api/v1/auth/login                                                           50     0(0.00%) |   3726     779    5715   4200 |    0.00        0.00
--------|----------------------------------------------------------------------------|-------|-------------|-------|-------|-------|-------|--------|-----------
         Aggregated                                                                     17850     0(0.00%) |     19       3    5715      7 |   24.50        0.00

Type     Name                                                                          # reqs      # fails |    Avg     Min     Max    Med |   req/s  failures/s
--------|----------------------------------------------------------------------------|-------|-------------|-------|-------|-------|-------|--------|-----------
GET      GET /api/v1/reservas                                                           13273     0(0.00%) |      9       4     378      7 |   18.70        0.00
GET      GET /api/v1/reservas/{id}                                                       4577     0(0.00%) |      7       3     289      5 |    6.60        0.00
POST     POST /api/v1/auth/login                                                           50     0(0.00%) |   3726     779    5715   4200 |    0.00        0.00
--------|----------------------------------------------------------------------------|-------|-------------|-------|-------|-------|-------|--------|-----------
         Aggregated                                                                     17900     0(0.00%) |     19       3    5715      7 |   25.30        0.00

Type     Name                                                                          # reqs      # fails |    Avg     Min     Max    Med |   req/s  failures/s
--------|----------------------------------------------------------------------------|-------|-------------|-------|-------|-------|-------|--------|-----------
GET      GET /api/v1/reservas                                                           13312     0(0.00%) |      9       4     378      7 |   18.40        0.00
GET      GET /api/v1/reservas/{id}                                                       4584     0(0.00%) |      7       3     289      5 |    6.40        0.00
POST     POST /api/v1/auth/login                                                           50     0(0.00%) |   3726     779    5715   4200 |    0.00        0.00
--------|----------------------------------------------------------------------------|-------|-------------|-------|-------|-------|-------|--------|-----------
         Aggregated                                                                     17946     0(0.00%) |     19       3    5715      7 |   24.80        0.00

Type     Name                                                                          # reqs      # fails |    Avg     Min     Max    Med |   req/s  failures/s
--------|----------------------------------------------------------------------------|-------|-------------|-------|-------|-------|-------|--------|-----------
GET      GET /api/v1/reservas                                                           13355     0(0.00%) |      9       4     378      7 |   19.00        0.00
GET      GET /api/v1/reservas/{id}                                                       4592     0(0.00%) |      7       3     289      5 |    5.40        0.00
POST     POST /api/v1/auth/login                                                           50     0(0.00%) |   3726     779    5715   4200 |    0.00        0.00
--------|----------------------------------------------------------------------------|-------|-------------|-------|-------|-------|-------|--------|-----------
         Aggregated                                                                     17997     0(0.00%) |     19       3    5715      7 |   24.40        0.00

Type     Name                                                                          # reqs      # fails |    Avg     Min     Max    Med |   req/s  failures/s
--------|----------------------------------------------------------------------------|-------|-------------|-------|-------|-------|-------|--------|-----------
GET      GET /api/v1/reservas                                                           13400     0(0.00%) |      9       4     378      7 |   20.30        0.00
GET      GET /api/v1/reservas/{id}                                                       4601     0(0.00%) |      7       3     289      5 |    4.40        0.00
POST     POST /api/v1/auth/login                                                           50     0(0.00%) |   3726     779    5715   4200 |    0.00        0.00
--------|----------------------------------------------------------------------------|-------|-------------|-------|-------|-------|-------|--------|-----------
         Aggregated                                                                     18051     0(0.00%) |     19       3    5715      7 |   24.70        0.00

Type     Name                                                                          # reqs      # fails |    Avg     Min     Max    Med |   req/s  failures/s
--------|----------------------------------------------------------------------------|-------|-------------|-------|-------|-------|-------|--------|-----------
GET      GET /api/v1/reservas                                                           13441     0(0.00%) |      9       4     378      7 |   21.40        0.00
GET      GET /api/v1/reservas/{id}                                                       4611     0(0.00%) |      6       3     289      5 |    4.50        0.00
POST     POST /api/v1/auth/login                                                           50     0(0.00%) |   3726     779    5715   4200 |    0.00        0.00
--------|----------------------------------------------------------------------------|-------|-------------|-------|-------|-------|-------|--------|-----------
         Aggregated                                                                     18102     0(0.00%) |     19       3    5715      7 |   25.90        0.00

Type     Name                                                                          # reqs      # fails |    Avg     Min     Max    Med |   req/s  failures/s
--------|----------------------------------------------------------------------------|-------|-------------|-------|-------|-------|-------|--------|-----------
GET      GET /api/v1/reservas                                                           13473     0(0.00%) |      9       4     378      7 |   20.60        0.00
GET      GET /api/v1/reservas/{id}                                                       4625     0(0.00%) |      6       3     289      5 |    4.30        0.00
POST     POST /api/v1/auth/login                                                           50     0(0.00%) |   3726     779    5715   4200 |    0.00        0.00
--------|----------------------------------------------------------------------------|-------|-------------|-------|-------|-------|-------|--------|-----------
         Aggregated                                                                     18148     0(0.00%) |     19       3    5715      7 |   24.90        0.00

Type     Name                                                                          # reqs      # fails |    Avg     Min     Max    Med |   req/s  failures/s
--------|----------------------------------------------------------------------------|-------|-------------|-------|-------|-------|-------|--------|-----------
GET      GET /api/v1/reservas                                                           13505     0(0.00%) |      9       4     378      7 |   20.40        0.00
GET      GET /api/v1/reservas/{id}                                                       4640     0(0.00%) |      6       3     289      5 |    4.50        0.00
POST     POST /api/v1/auth/login                                                           50     0(0.00%) |   3726     779    5715   4200 |    0.00        0.00
--------|----------------------------------------------------------------------------|-------|-------------|-------|-------|-------|-------|--------|-----------
         Aggregated                                                                     18195     0(0.00%) |     18       3    5715      7 |   24.90        0.00

Type     Name                                                                          # reqs      # fails |    Avg     Min     Max    Med |   req/s  failures/s
--------|----------------------------------------------------------------------------|-------|-------------|-------|-------|-------|-------|--------|-----------
GET      GET /api/v1/reservas                                                           13542     0(0.00%) |      9       4     378      7 |   19.00        0.00
GET      GET /api/v1/reservas/{id}                                                       4652     0(0.00%) |      6       3     289      5 |    5.50        0.00
POST     POST /api/v1/auth/login                                                           50     0(0.00%) |   3726     779    5715   4200 |    0.00        0.00
--------|----------------------------------------------------------------------------|-------|-------------|-------|-------|-------|-------|--------|-----------
         Aggregated                                                                     18244     0(0.00%) |     18       3    5715      7 |   24.50        0.00

Type     Name                                                                          # reqs      # fails |    Avg     Min     Max    Med |   req/s  failures/s
--------|----------------------------------------------------------------------------|-------|-------------|-------|-------|-------|-------|--------|-----------
GET      GET /api/v1/reservas                                                           13575     0(0.00%) |      9       4     378      7 |   18.70        0.00
GET      GET /api/v1/reservas/{id}                                                       4666     0(0.00%) |      6       3     289      5 |    6.00        0.00
POST     POST /api/v1/auth/login                                                           50     0(0.00%) |   3726     779    5715   4200 |    0.00        0.00
--------|----------------------------------------------------------------------------|-------|-------------|-------|-------|-------|-------|--------|-----------
         Aggregated                                                                     18291     0(0.00%) |     18       3    5715      7 |   24.70        0.00

Type     Name                                                                          # reqs      # fails |    Avg     Min     Max    Med |   req/s  failures/s
--------|----------------------------------------------------------------------------|-------|-------------|-------|-------|-------|-------|--------|-----------
GET      GET /api/v1/reservas                                                           13616     0(0.00%) |      9       4     378      7 |   18.00        0.00
GET      GET /api/v1/reservas/{id}                                                       4679     0(0.00%) |      6       3     289      5 |    6.20        0.00
POST     POST /api/v1/auth/login                                                           50     0(0.00%) |   3726     779    5715   4200 |    0.00        0.00
--------|----------------------------------------------------------------------------|-------|-------------|-------|-------|-------|-------|--------|-----------
         Aggregated                                                                     18345     0(0.00%) |     18       3    5715      7 |   24.20        0.00

Type     Name                                                                          # reqs      # fails |    Avg     Min     Max    Med |   req/s  failures/s
--------|----------------------------------------------------------------------------|-------|-------------|-------|-------|-------|-------|--------|-----------
GET      GET /api/v1/reservas                                                           13649     0(0.00%) |      9       4     378      7 |   17.00        0.00
GET      GET /api/v1/reservas/{id}                                                       4691     0(0.00%) |      6       3     289      5 |    6.40        0.00
POST     POST /api/v1/auth/login                                                           50     0(0.00%) |   3726     779    5715   4200 |    0.00        0.00
--------|----------------------------------------------------------------------------|-------|-------------|-------|-------|-------|-------|--------|-----------
         Aggregated                                                                     18390     0(0.00%) |     18       3    5715      7 |   23.40        0.00

Type     Name                                                                          # reqs      # fails |    Avg     Min     Max    Med |   req/s  failures/s
--------|----------------------------------------------------------------------------|-------|-------------|-------|-------|-------|-------|--------|-----------
GET      GET /api/v1/reservas                                                           13682     0(0.00%) |      9       4     378      7 |   17.70        0.00
GET      GET /api/v1/reservas/{id}                                                       4705     0(0.00%) |      6       3     289      5 |    6.70        0.00
POST     POST /api/v1/auth/login                                                           50     0(0.00%) |   3726     779    5715   4200 |    0.00        0.00
--------|----------------------------------------------------------------------------|-------|-------------|-------|-------|-------|-------|--------|-----------
         Aggregated                                                                     18437     0(0.00%) |     18       3    5715      7 |   24.40        0.00

Type     Name                                                                          # reqs      # fails |    Avg     Min     Max    Med |   req/s  failures/s
--------|----------------------------------------------------------------------------|-------|-------------|-------|-------|-------|-------|--------|-----------
GET      GET /api/v1/reservas                                                           13721     0(0.00%) |      9       4     378      7 |   18.10        0.00
GET      GET /api/v1/reservas/{id}                                                       4719     0(0.00%) |      6       3     289      5 |    6.50        0.00
POST     POST /api/v1/auth/login                                                           50     0(0.00%) |   3726     779    5715   4200 |    0.00        0.00
--------|----------------------------------------------------------------------------|-------|-------------|-------|-------|-------|-------|--------|-----------
         Aggregated                                                                     18490     0(0.00%) |     18       3    5715      7 |   24.60        0.00

Type     Name                                                                          # reqs      # fails |    Avg     Min     Max    Med |   req/s  failures/s
--------|----------------------------------------------------------------------------|-------|-------------|-------|-------|-------|-------|--------|-----------
GET      GET /api/v1/reservas                                                           13762     0(0.00%) |      9       4     378      7 |   17.70        0.00
GET      GET /api/v1/reservas/{id}                                                       4734     0(0.00%) |      6       3     289      5 |    6.80        0.00
POST     POST /api/v1/auth/login                                                           50     0(0.00%) |   3726     779    5715   4200 |    0.00        0.00
--------|----------------------------------------------------------------------------|-------|-------------|-------|-------|-------|-------|--------|-----------
         Aggregated                                                                     18546     0(0.00%) |     18       3    5715      7 |   24.50        0.00

Type     Name                                                                          # reqs      # fails |    Avg     Min     Max    Med |   req/s  failures/s
--------|----------------------------------------------------------------------------|-------|-------------|-------|-------|-------|-------|--------|-----------
GET      GET /api/v1/reservas                                                           13797     0(0.00%) |      9       4     378      7 |   18.40        0.00
GET      GET /api/v1/reservas/{id}                                                       4754     0(0.00%) |      6       3     289      5 |    6.90        0.00
POST     POST /api/v1/auth/login                                                           50     0(0.00%) |   3726     779    5715   4200 |    0.00        0.00
--------|----------------------------------------------------------------------------|-------|-------------|-------|-------|-------|-------|--------|-----------
         Aggregated                                                                     18601     0(0.00%) |     18       3    5715      7 |   25.30        0.00

Type     Name                                                                          # reqs      # fails |    Avg     Min     Max    Med |   req/s  failures/s
--------|----------------------------------------------------------------------------|-------|-------------|-------|-------|-------|-------|--------|-----------
GET      GET /api/v1/reservas                                                           13835     0(0.00%) |      9       4     378      7 |   18.70        0.00
GET      GET /api/v1/reservas/{id}                                                       4764     0(0.00%) |      6       3     289      5 |    7.60        0.00
POST     POST /api/v1/auth/login                                                           50     0(0.00%) |   3726     779    5715   4200 |    0.00        0.00
--------|----------------------------------------------------------------------------|-------|-------------|-------|-------|-------|-------|--------|-----------
         Aggregated                                                                     18649     0(0.00%) |     18       3    5715      7 |   26.30        0.00

Type     Name                                                                          # reqs      # fails |    Avg     Min     Max    Med |   req/s  failures/s
--------|----------------------------------------------------------------------------|-------|-------------|-------|-------|-------|-------|--------|-----------
GET      GET /api/v1/reservas                                                           13864     0(0.00%) |      9       4     378      7 |   18.40        0.00
GET      GET /api/v1/reservas/{id}                                                       4781     0(0.00%) |      6       3     289      5 |    7.00        0.00
POST     POST /api/v1/auth/login                                                           50     0(0.00%) |   3726     779    5715   4200 |    0.00        0.00
--------|----------------------------------------------------------------------------|-------|-------------|-------|-------|-------|-------|--------|-----------
         Aggregated                                                                     18695     0(0.00%) |     18       3    5715      7 |   25.40        0.00

Type     Name                                                                          # reqs      # fails |    Avg     Min     Max    Med |   req/s  failures/s
--------|----------------------------------------------------------------------------|-------|-------------|-------|-------|-------|-------|--------|-----------
GET      GET /api/v1/reservas                                                           13902     0(0.00%) |      9       4     378      7 |   18.30        0.00
GET      GET /api/v1/reservas/{id}                                                       4795     0(0.00%) |      6       3     289      5 |    7.30        0.00
POST     POST /api/v1/auth/login                                                           50     0(0.00%) |   3726     779    5715   4200 |    0.00        0.00
--------|----------------------------------------------------------------------------|-------|-------------|-------|-------|-------|-------|--------|-----------
         Aggregated                                                                     18747     0(0.00%) |     18       3    5715      7 |   25.60        0.00

Type     Name                                                                          # reqs      # fails |    Avg     Min     Max    Med |   req/s  failures/s
--------|----------------------------------------------------------------------------|-------|-------------|-------|-------|-------|-------|--------|-----------
GET      GET /api/v1/reservas                                                           13933     0(0.00%) |      9       4     378      7 |   18.30        0.00
GET      GET /api/v1/reservas/{id}                                                       4809     0(0.00%) |      6       3     289      5 |    7.40        0.00
POST     POST /api/v1/auth/login                                                           50     0(0.00%) |   3726     779    5715   4200 |    0.00        0.00
--------|----------------------------------------------------------------------------|-------|-------------|-------|-------|-------|-------|--------|-----------
         Aggregated                                                                     18792     0(0.00%) |     18       3    5715      7 |   25.70        0.00

Type     Name                                                                          # reqs      # fails |    Avg     Min     Max    Med |   req/s  failures/s
--------|----------------------------------------------------------------------------|-------|-------------|-------|-------|-------|-------|--------|-----------
GET      GET /api/v1/reservas                                                           13973     0(0.00%) |      9       4     378      7 |   17.40        0.00
GET      GET /api/v1/reservas/{id}                                                       4826     0(0.00%) |      6       3     289      5 |    7.30        0.00
POST     POST /api/v1/auth/login                                                           50     0(0.00%) |   3726     779    5715   4200 |    0.00        0.00
--------|----------------------------------------------------------------------------|-------|-------------|-------|-------|-------|-------|--------|-----------
         Aggregated                                                                     18849     0(0.00%) |     18       3    5715      7 |   24.70        0.00

Type     Name                                                                          # reqs      # fails |    Avg     Min     Max    Med |   req/s  failures/s
--------|----------------------------------------------------------------------------|-------|-------------|-------|-------|-------|-------|--------|-----------
GET      GET /api/v1/reservas                                                           14012     0(0.00%) |      9       4     378      7 |   17.20        0.00
GET      GET /api/v1/reservas/{id}                                                       4838     0(0.00%) |      6       3     289      5 |    7.30        0.00
POST     POST /api/v1/auth/login                                                           50     0(0.00%) |   3726     779    5715   4200 |    0.00        0.00
--------|----------------------------------------------------------------------------|-------|-------------|-------|-------|-------|-------|--------|-----------
         Aggregated                                                                     18900     0(0.00%) |     18       3    5715      7 |   24.50        0.00

Type     Name                                                                          # reqs      # fails |    Avg     Min     Max    Med |   req/s  failures/s
--------|----------------------------------------------------------------------------|-------|-------------|-------|-------|-------|-------|--------|-----------
GET      GET /api/v1/reservas                                                           14050     0(0.00%) |      9       4     378      7 |   18.00        0.00
GET      GET /api/v1/reservas/{id}                                                       4846     0(0.00%) |      6       3     289      5 |    7.70        0.00
POST     POST /api/v1/auth/login                                                           50     0(0.00%) |   3726     779    5715   4200 |    0.00        0.00
--------|----------------------------------------------------------------------------|-------|-------------|-------|-------|-------|-------|--------|-----------
         Aggregated                                                                     18946     0(0.00%) |     18       3    5715      7 |   25.70        0.00

Type     Name                                                                          # reqs      # fails |    Avg     Min     Max    Med |   req/s  failures/s
--------|----------------------------------------------------------------------------|-------|-------------|-------|-------|-------|-------|--------|-----------
GET      GET /api/v1/reservas                                                           14092     0(0.00%) |      9       4     378      7 |   18.30        0.00
GET      GET /api/v1/reservas/{id}                                                       4854     0(0.00%) |      6       3     289      5 |    6.90        0.00
POST     POST /api/v1/auth/login                                                           50     0(0.00%) |   3726     779    5715   4200 |    0.00        0.00
--------|----------------------------------------------------------------------------|-------|-------------|-------|-------|-------|-------|--------|-----------
         Aggregated                                                                     18996     0(0.00%) |     18       3    5715      7 |   25.20        0.00

Type     Name                                                                          # reqs      # fails |    Avg     Min     Max    Med |   req/s  failures/s
--------|----------------------------------------------------------------------------|-------|-------------|-------|-------|-------|-------|--------|-----------
GET      GET /api/v1/reservas                                                           14133     0(0.00%) |      9       4     378      7 |   18.40        0.00
GET      GET /api/v1/reservas/{id}                                                       4863     0(0.00%) |      6       3     289      5 |    6.20        0.00
POST     POST /api/v1/auth/login                                                           50     0(0.00%) |   3726     779    5715   4200 |    0.00        0.00
--------|----------------------------------------------------------------------------|-------|-------------|-------|-------|-------|-------|--------|-----------
         Aggregated                                                                     19046     0(0.00%) |     18       3    5715      7 |   24.60        0.00

Type     Name                                                                          # reqs      # fails |    Avg     Min     Max    Med |   req/s  failures/s
--------|----------------------------------------------------------------------------|-------|-------------|-------|-------|-------|-------|--------|-----------
GET      GET /api/v1/reservas                                                           14171     0(0.00%) |      9       4     378      7 |   19.40        0.00
GET      GET /api/v1/reservas/{id}                                                       4878     0(0.00%) |      6       3     289      5 |    5.60        0.00
POST     POST /api/v1/auth/login                                                           50     0(0.00%) |   3726     779    5715   4200 |    0.00        0.00
--------|----------------------------------------------------------------------------|-------|-------------|-------|-------|-------|-------|--------|-----------
         Aggregated                                                                     19099     0(0.00%) |     18       3    5715      7 |   25.00        0.00

Type     Name                                                                          # reqs      # fails |    Avg     Min     Max    Med |   req/s  failures/s
--------|----------------------------------------------------------------------------|-------|-------------|-------|-------|-------|-------|--------|-----------
GET      GET /api/v1/reservas                                                           14212     0(0.00%) |      9       4     378      7 |   20.10        0.00
GET      GET /api/v1/reservas/{id}                                                       4888     0(0.00%) |      6       3     289      5 |    5.50        0.00
POST     POST /api/v1/auth/login                                                           50     0(0.00%) |   3726     779    5715   4200 |    0.00        0.00
--------|----------------------------------------------------------------------------|-------|-------------|-------|-------|-------|-------|--------|-----------
         Aggregated                                                                     19150     0(0.00%) |     18       3    5715      7 |   25.60        0.00

Type     Name                                                                          # reqs      # fails |    Avg     Min     Max    Med |   req/s  failures/s
--------|----------------------------------------------------------------------------|-------|-------------|-------|-------|-------|-------|--------|-----------
GET      GET /api/v1/reservas                                                           14251     0(0.00%) |      9       4     378      7 |   19.50        0.00
GET      GET /api/v1/reservas/{id}                                                       4900     0(0.00%) |      6       3     289      5 |    5.20        0.00
POST     POST /api/v1/auth/login                                                           50     0(0.00%) |   3726     779    5715   4200 |    0.00        0.00
--------|----------------------------------------------------------------------------|-------|-------------|-------|-------|-------|-------|--------|-----------
         Aggregated                                                                     19201     0(0.00%) |     18       3    5715      7 |   24.70        0.00

Type     Name                                                                          # reqs      # fails |    Avg     Min     Max    Med |   req/s  failures/s
--------|----------------------------------------------------------------------------|-------|-------------|-------|-------|-------|-------|--------|-----------
GET      GET /api/v1/reservas                                                           14287     0(0.00%) |      9       4     378      7 |   19.90        0.00
GET      GET /api/v1/reservas/{id}                                                       4913     0(0.00%) |      6       3     289      5 |    5.30        0.00
POST     POST /api/v1/auth/login                                                           50     0(0.00%) |   3726     779    5715   4200 |    0.00        0.00
--------|----------------------------------------------------------------------------|-------|-------------|-------|-------|-------|-------|--------|-----------
         Aggregated                                                                     19250     0(0.00%) |     18       3    5715      7 |   25.20        0.00

Type     Name                                                                          # reqs      # fails |    Avg     Min     Max    Med |   req/s  failures/s
--------|----------------------------------------------------------------------------|-------|-------------|-------|-------|-------|-------|--------|-----------
GET      GET /api/v1/reservas                                                           14318     0(0.00%) |      9       4     378      7 |   19.60        0.00
GET      GET /api/v1/reservas/{id}                                                       4934     0(0.00%) |      6       3     289      5 |    5.60        0.00
POST     POST /api/v1/auth/login                                                           50     0(0.00%) |   3726     779    5715   4200 |    0.00        0.00
--------|----------------------------------------------------------------------------|-------|-------------|-------|-------|-------|-------|--------|-----------
         Aggregated                                                                     19302     0(0.00%) |     18       3    5715      7 |   25.20        0.00

Type     Name                                                                          # reqs      # fails |    Avg     Min     Max    Med |   req/s  failures/s
--------|----------------------------------------------------------------------------|-------|-------------|-------|-------|-------|-------|--------|-----------
GET      GET /api/v1/reservas                                                           14357     0(0.00%) |      9       4     378      7 |   18.90        0.00
GET      GET /api/v1/reservas/{id}                                                       4946     0(0.00%) |      6       3     289      5 |    6.60        0.00
POST     POST /api/v1/auth/login                                                           50     0(0.00%) |   3726     779    5715   4200 |    0.00        0.00
--------|----------------------------------------------------------------------------|-------|-------------|-------|-------|-------|-------|--------|-----------
         Aggregated                                                                     19353     0(0.00%) |     18       3    5715      7 |   25.50        0.00

Type     Name                                                                          # reqs      # fails |    Avg     Min     Max    Med |   req/s  failures/s
--------|----------------------------------------------------------------------------|-------|-------------|-------|-------|-------|-------|--------|-----------
GET      GET /api/v1/reservas                                                           14398     0(0.00%) |      9       4     378      7 |   18.30        0.00
GET      GET /api/v1/reservas/{id}                                                       4957     0(0.00%) |      6       3     289      5 |    6.90        0.00
POST     POST /api/v1/auth/login                                                           50     0(0.00%) |   3726     779    5715   4200 |    0.00        0.00
--------|----------------------------------------------------------------------------|-------|-------------|-------|-------|-------|-------|--------|-----------
         Aggregated                                                                     19405     0(0.00%) |     18       3    5715      7 |   25.20        0.00

Type     Name                                                                          # reqs      # fails |    Avg     Min     Max    Med |   req/s  failures/s
--------|----------------------------------------------------------------------------|-------|-------------|-------|-------|-------|-------|--------|-----------
GET      GET /api/v1/reservas                                                           14439     0(0.00%) |      9       4     378      7 |   18.70        0.00
GET      GET /api/v1/reservas/{id}                                                       4967     0(0.00%) |      6       3     289      5 |    6.60        0.00
POST     POST /api/v1/auth/login                                                           50     0(0.00%) |   3726     779    5715   4200 |    0.00        0.00
--------|----------------------------------------------------------------------------|-------|-------------|-------|-------|-------|-------|--------|-----------
         Aggregated                                                                     19456     0(0.00%) |     18       3    5715      7 |   25.30        0.00

Type     Name                                                                          # reqs      # fails |    Avg     Min     Max    Med |   req/s  failures/s
--------|----------------------------------------------------------------------------|-------|-------------|-------|-------|-------|-------|--------|-----------
GET      GET /api/v1/reservas                                                           14478     0(0.00%) |      9       4     378      7 |   19.00        0.00
GET      GET /api/v1/reservas/{id}                                                       4978     0(0.00%) |      6       3     289      5 |    6.50        0.00
POST     POST /api/v1/auth/login                                                           50     0(0.00%) |   3726     779    5715   4200 |    0.00        0.00
--------|----------------------------------------------------------------------------|-------|-------------|-------|-------|-------|-------|--------|-----------
         Aggregated                                                                     19506     0(0.00%) |     18       3    5715      7 |   25.50        0.00

Type     Name                                                                          # reqs      # fails |    Avg     Min     Max    Med |   req/s  failures/s
--------|----------------------------------------------------------------------------|-------|-------------|-------|-------|-------|-------|--------|-----------
GET      GET /api/v1/reservas                                                           14518     0(0.00%) |      9       4     378      7 |   19.00        0.00
GET      GET /api/v1/reservas/{id}                                                       4990     0(0.00%) |      6       3     289      5 |    6.80        0.00
POST     POST /api/v1/auth/login                                                           50     0(0.00%) |   3726     779    5715   4200 |    0.00        0.00
--------|----------------------------------------------------------------------------|-------|-------------|-------|-------|-------|-------|--------|-----------
         Aggregated                                                                     19558     0(0.00%) |     18       3    5715      7 |   25.80        0.00

Type     Name                                                                          # reqs      # fails |    Avg     Min     Max    Med |   req/s  failures/s
--------|----------------------------------------------------------------------------|-------|-------------|-------|-------|-------|-------|--------|-----------
GET      GET /api/v1/reservas                                                           14555     0(0.00%) |      9       4     378      7 |   19.80        0.00
GET      GET /api/v1/reservas/{id}                                                       5001     0(0.00%) |      6       3     289      5 |    6.00        0.00
POST     POST /api/v1/auth/login                                                           50     0(0.00%) |   3726     779    5715   4200 |    0.00        0.00
--------|----------------------------------------------------------------------------|-------|-------------|-------|-------|-------|-------|--------|-----------
         Aggregated                                                                     19606     0(0.00%) |     18       3    5715      7 |   25.80        0.00

Type     Name                                                                          # reqs      # fails |    Avg     Min     Max    Med |   req/s  failures/s
--------|----------------------------------------------------------------------------|-------|-------------|-------|-------|-------|-------|--------|-----------
GET      GET /api/v1/reservas                                                           14591     0(0.00%) |      9       4     378      7 |   20.60        0.00
GET      GET /api/v1/reservas/{id}                                                       5016     0(0.00%) |      6       3     289      5 |    5.30        0.00
POST     POST /api/v1/auth/login                                                           50     0(0.00%) |   3726     779    5715   4200 |    0.00        0.00
--------|----------------------------------------------------------------------------|-------|-------------|-------|-------|-------|-------|--------|-----------
         Aggregated                                                                     19657     0(0.00%) |     18       3    5715      7 |   25.90        0.00

Type     Name                                                                          # reqs      # fails |    Avg     Min     Max    Med |   req/s  failures/s
--------|----------------------------------------------------------------------------|-------|-------------|-------|-------|-------|-------|--------|-----------
GET      GET /api/v1/reservas                                                           14626     0(0.00%) |      9       4     378      7 |   19.70        0.00
GET      GET /api/v1/reservas/{id}                                                       5029     0(0.00%) |      6       3     289      5 |    5.90        0.00
POST     POST /api/v1/auth/login                                                           50     0(0.00%) |   3726     779    5715   4200 |    0.00        0.00
--------|----------------------------------------------------------------------------|-------|-------------|-------|-------|-------|-------|--------|-----------
         Aggregated                                                                     19705     0(0.00%) |     18       3    5715      7 |   25.60        0.00

Type     Name                                                                          # reqs      # fails |    Avg     Min     Max    Med |   req/s  failures/s
--------|----------------------------------------------------------------------------|-------|-------------|-------|-------|-------|-------|--------|-----------
GET      GET /api/v1/reservas                                                           14663     0(0.00%) |      9       4     378      7 |   18.80        0.00
GET      GET /api/v1/reservas/{id}                                                       5045     0(0.00%) |      6       3     289      5 |    6.30        0.00
POST     POST /api/v1/auth/login                                                           50     0(0.00%) |   3726     779    5715   4200 |    0.00        0.00
--------|----------------------------------------------------------------------------|-------|-------------|-------|-------|-------|-------|--------|-----------
         Aggregated                                                                     19758     0(0.00%) |     18       3    5715      7 |   25.10        0.00

Type     Name                                                                          # reqs      # fails |    Avg     Min     Max    Med |   req/s  failures/s
--------|----------------------------------------------------------------------------|-------|-------------|-------|-------|-------|-------|--------|-----------
GET      GET /api/v1/reservas                                                           14700     0(0.00%) |      9       4     378      7 |   19.00        0.00
GET      GET /api/v1/reservas/{id}                                                       5053     0(0.00%) |      6       3     289      5 |    6.50        0.00
POST     POST /api/v1/auth/login                                                           50     0(0.00%) |   3726     779    5715   4200 |    0.00        0.00
--------|----------------------------------------------------------------------------|-------|-------------|-------|-------|-------|-------|--------|-----------
         Aggregated                                                                     19803     0(0.00%) |     17       3    5715      7 |   25.50        0.00

Type     Name                                                                          # reqs      # fails |    Avg     Min     Max    Med |   req/s  failures/s
--------|----------------------------------------------------------------------------|-------|-------------|-------|-------|-------|-------|--------|-----------
GET      GET /api/v1/reservas                                                           14725     0(0.00%) |      9       4     378      7 |   18.20        0.00
GET      GET /api/v1/reservas/{id}                                                       5068     0(0.00%) |      6       3     289      5 |    6.60        0.00
POST     POST /api/v1/auth/login                                                           50     0(0.00%) |   3726     779    5715   4200 |    0.00        0.00
--------|----------------------------------------------------------------------------|-------|-------------|-------|-------|-------|-------|--------|-----------
         Aggregated                                                                     19843     0(0.00%) |     17       3    5715      7 |   24.80        0.00

Type     Name                                                                          # reqs      # fails |    Avg     Min     Max    Med |   req/s  failures/s
--------|----------------------------------------------------------------------------|-------|-------------|-------|-------|-------|-------|--------|-----------
GET      GET /api/v1/reservas                                                           14767     0(0.00%) |      9       4     378      7 |   17.00        0.00
GET      GET /api/v1/reservas/{id}                                                       5082     0(0.00%) |      6       3     289      5 |    6.80        0.00
POST     POST /api/v1/auth/login                                                           50     0(0.00%) |   3726     779    5715   4200 |    0.00        0.00
--------|----------------------------------------------------------------------------|-------|-------------|-------|-------|-------|-------|--------|-----------
         Aggregated                                                                     19899     0(0.00%) |     17       3    5715      7 |   23.80        0.00

Type     Name                                                                          # reqs      # fails |    Avg     Min     Max    Med |   req/s  failures/s
--------|----------------------------------------------------------------------------|-------|-------------|-------|-------|-------|-------|--------|-----------
GET      GET /api/v1/reservas                                                           14801     0(0.00%) |      9       4     378      7 |   17.50        0.00
GET      GET /api/v1/reservas/{id}                                                       5095     0(0.00%) |      6       3     289      5 |    6.70        0.00
POST     POST /api/v1/auth/login                                                           50     0(0.00%) |   3726     779    5715   4200 |    0.00        0.00
--------|----------------------------------------------------------------------------|-------|-------------|-------|-------|-------|-------|--------|-----------
         Aggregated                                                                     19946     0(0.00%) |     17       3    5715      7 |   24.20        0.00

Type     Name                                                                          # reqs      # fails |    Avg     Min     Max    Med |   req/s  failures/s
--------|----------------------------------------------------------------------------|-------|-------------|-------|-------|-------|-------|--------|-----------
GET      GET /api/v1/reservas                                                           14841     0(0.00%) |      9       4     378      7 |   17.40        0.00
GET      GET /api/v1/reservas/{id}                                                       5109     0(0.00%) |      6       3     289      5 |    6.90        0.00
POST     POST /api/v1/auth/login                                                           50     0(0.00%) |   3726     779    5715   4200 |    0.00        0.00
--------|----------------------------------------------------------------------------|-------|-------------|-------|-------|-------|-------|--------|-----------
         Aggregated                                                                     20000     0(0.00%) |     17       3    5715      7 |   24.30        0.00

Type     Name                                                                          # reqs      # fails |    Avg     Min     Max    Med |   req/s  failures/s
--------|----------------------------------------------------------------------------|-------|-------------|-------|-------|-------|-------|--------|-----------
GET      GET /api/v1/reservas                                                           14873     0(0.00%) |      9       4     378      7 |   17.80        0.00
GET      GET /api/v1/reservas/{id}                                                       5130     0(0.00%) |      6       3     289      5 |    6.40        0.00
POST     POST /api/v1/auth/login                                                           50     0(0.00%) |   3726     779    5715   4200 |    0.00        0.00
--------|----------------------------------------------------------------------------|-------|-------------|-------|-------|-------|-------|--------|-----------
         Aggregated                                                                     20053     0(0.00%) |     17       3    5715      7 |   24.20        0.00

Type     Name                                                                          # reqs      # fails |    Avg     Min     Max    Med |   req/s  failures/s
--------|----------------------------------------------------------------------------|-------|-------------|-------|-------|-------|-------|--------|-----------
GET      GET /api/v1/reservas                                                           14910     0(0.00%) |      9       4     378      7 |   17.30        0.00
GET      GET /api/v1/reservas/{id}                                                       5145     0(0.00%) |      6       3     289      5 |    7.20        0.00
POST     POST /api/v1/auth/login                                                           50     0(0.00%) |   3726     779    5715   4200 |    0.00        0.00
--------|----------------------------------------------------------------------------|-------|-------------|-------|-------|-------|-------|--------|-----------
         Aggregated                                                                     20105     0(0.00%) |     17       3    5715      7 |   24.50        0.00

Type     Name                                                                          # reqs      # fails |    Avg     Min     Max    Med |   req/s  failures/s
--------|----------------------------------------------------------------------------|-------|-------------|-------|-------|-------|-------|--------|-----------
GET      GET /api/v1/reservas                                                           14939     0(0.00%) |      9       4     378      7 |   17.80        0.00
GET      GET /api/v1/reservas/{id}                                                       5159     0(0.00%) |      6       3     289      5 |    7.20        0.00
POST     POST /api/v1/auth/login                                                           50     0(0.00%) |   3726     779    5715   4200 |    0.00        0.00
--------|----------------------------------------------------------------------------|-------|-------------|-------|-------|-------|-------|--------|-----------
         Aggregated                                                                     20148     0(0.00%) |     17       3    5715      7 |   25.00        0.00

Type     Name                                                                          # reqs      # fails |    Avg     Min     Max    Med |   req/s  failures/s
--------|----------------------------------------------------------------------------|-------|-------------|-------|-------|-------|-------|--------|-----------
GET      GET /api/v1/reservas                                                           14987     0(0.00%) |      9       4     378      7 |   17.20        0.00
GET      GET /api/v1/reservas/{id}                                                       5165     0(0.00%) |      6       3     289      5 |    7.30        0.00
POST     POST /api/v1/auth/login                                                           50     0(0.00%) |   3726     779    5715   4200 |    0.00        0.00
--------|----------------------------------------------------------------------------|-------|-------------|-------|-------|-------|-------|--------|-----------
         Aggregated                                                                     20202     0(0.00%) |     17       3    5715      7 |   24.50        0.00

Type     Name                                                                          # reqs      # fails |    Avg     Min     Max    Med |   req/s  failures/s
--------|----------------------------------------------------------------------------|-------|-------------|-------|-------|-------|-------|--------|-----------
GET      GET /api/v1/reservas                                                           15035     0(0.00%) |      9       4     378      7 |   18.40        0.00
GET      GET /api/v1/reservas/{id}                                                       5169     0(0.00%) |      6       3     289      5 |    6.90        0.00
POST     POST /api/v1/auth/login                                                           50     0(0.00%) |   3726     779    5715   4200 |    0.00        0.00
--------|----------------------------------------------------------------------------|-------|-------------|-------|-------|-------|-------|--------|-----------
         Aggregated                                                                     20254     0(0.00%) |     17       3    5715      7 |   25.30        0.00

Type     Name                                                                          # reqs      # fails |    Avg     Min     Max    Med |   req/s  failures/s
--------|----------------------------------------------------------------------------|-------|-------------|-------|-------|-------|-------|--------|-----------
GET      GET /api/v1/reservas                                                           15073     0(0.00%) |      9       4     378      7 |   19.30        0.00
GET      GET /api/v1/reservas/{id}                                                       5179     0(0.00%) |      6       3     289      5 |    6.20        0.00
POST     POST /api/v1/auth/login                                                           50     0(0.00%) |   3726     779    5715   4200 |    0.00        0.00
--------|----------------------------------------------------------------------------|-------|-------------|-------|-------|-------|-------|--------|-----------
         Aggregated                                                                     20302     0(0.00%) |     17       3    5715      7 |   25.50        0.00

Type     Name                                                                          # reqs      # fails |    Avg     Min     Max    Med |   req/s  failures/s
--------|----------------------------------------------------------------------------|-------|-------------|-------|-------|-------|-------|--------|-----------
GET      GET /api/v1/reservas                                                           15110     0(0.00%) |      9       4     378      7 |   20.10        0.00
GET      GET /api/v1/reservas/{id}                                                       5195     0(0.00%) |      6       3     289      5 |    5.30        0.00
POST     POST /api/v1/auth/login                                                           50     0(0.00%) |   3726     779    5715   4200 |    0.00        0.00
--------|----------------------------------------------------------------------------|-------|-------------|-------|-------|-------|-------|--------|-----------
         Aggregated                                                                     20355     0(0.00%) |     17       3    5715      7 |   25.40        0.00

Type     Name                                                                          # reqs      # fails |    Avg     Min     Max    Med |   req/s  failures/s
--------|----------------------------------------------------------------------------|-------|-------------|-------|-------|-------|-------|--------|-----------
GET      GET /api/v1/reservas                                                           15146     0(0.00%) |      9       4     378      7 |   20.40        0.00
GET      GET /api/v1/reservas/{id}                                                       5207     0(0.00%) |      6       3     289      5 |    5.10        0.00
POST     POST /api/v1/auth/login                                                           50     0(0.00%) |   3726     779    5715   4200 |    0.00        0.00
--------|----------------------------------------------------------------------------|-------|-------------|-------|-------|-------|-------|--------|-----------
         Aggregated                                                                     20403     0(0.00%) |     17       3    5715      7 |   25.50        0.00

Type     Name                                                                          # reqs      # fails |    Avg     Min     Max    Med |   req/s  failures/s
--------|----------------------------------------------------------------------------|-------|-------------|-------|-------|-------|-------|--------|-----------
GET      GET /api/v1/reservas                                                           15191     0(0.00%) |      9       4     378      7 |   20.80        0.00
GET      GET /api/v1/reservas/{id}                                                       5211     0(0.00%) |      6       3     289      5 |    5.20        0.00
POST     POST /api/v1/auth/login                                                           50     0(0.00%) |   3726     779    5715   4200 |    0.00        0.00
--------|----------------------------------------------------------------------------|-------|-------------|-------|-------|-------|-------|--------|-----------
         Aggregated                                                                     20452     0(0.00%) |     17       3    5715      7 |   26.00        0.00

Type     Name                                                                          # reqs      # fails |    Avg     Min     Max    Med |   req/s  failures/s
--------|----------------------------------------------------------------------------|-------|-------------|-------|-------|-------|-------|--------|-----------
GET      GET /api/v1/reservas                                                           15228     0(0.00%) |      9       4     378      7 |   20.10        0.00
GET      GET /api/v1/reservas/{id}                                                       5221     0(0.00%) |      6       3     289      5 |    4.70        0.00
POST     POST /api/v1/auth/login                                                           50     0(0.00%) |   3726     779    5715   4200 |    0.00        0.00
--------|----------------------------------------------------------------------------|-------|-------------|-------|-------|-------|-------|--------|-----------
         Aggregated                                                                     20499     0(0.00%) |     17       3    5715      7 |   24.80        0.00

Type     Name                                                                          # reqs      # fails |    Avg     Min     Max    Med |   req/s  failures/s
--------|----------------------------------------------------------------------------|-------|-------------|-------|-------|-------|-------|--------|-----------
GET      GET /api/v1/reservas                                                           15264     0(0.00%) |      9       4     378      7 |   19.30        0.00
GET      GET /api/v1/reservas/{id}                                                       5237     0(0.00%) |      6       3     289      5 |    5.20        0.00
POST     POST /api/v1/auth/login                                                           50     0(0.00%) |   3726     779    5715   4200 |    0.00        0.00
--------|----------------------------------------------------------------------------|-------|-------------|-------|-------|-------|-------|--------|-----------
         Aggregated                                                                     20551     0(0.00%) |     17       3    5715      7 |   24.50        0.00

Type     Name                                                                          # reqs      # fails |    Avg     Min     Max    Med |   req/s  failures/s
--------|----------------------------------------------------------------------------|-------|-------------|-------|-------|-------|-------|--------|-----------
GET      GET /api/v1/reservas                                                           15297     0(0.00%) |      9       4     378      7 |   18.60        0.00
GET      GET /api/v1/reservas/{id}                                                       5248     0(0.00%) |      6       3     289      5 |    5.40        0.00
POST     POST /api/v1/auth/login                                                           50     0(0.00%) |   3726     779    5715   4200 |    0.00        0.00
--------|----------------------------------------------------------------------------|-------|-------------|-------|-------|-------|-------|--------|-----------
         Aggregated                                                                     20595     0(0.00%) |     17       3    5715      7 |   24.00        0.00

Type     Name                                                                          # reqs      # fails |    Avg     Min     Max    Med |   req/s  failures/s
--------|----------------------------------------------------------------------------|-------|-------------|-------|-------|-------|-------|--------|-----------
GET      GET /api/v1/reservas                                                           15334     0(0.00%) |      9       4     378      7 |   18.70        0.00
GET      GET /api/v1/reservas/{id}                                                       5259     0(0.00%) |      6       3     289      5 |    5.70        0.00
POST     POST /api/v1/auth/login                                                           50     0(0.00%) |   3726     779    5715   4200 |    0.00        0.00
--------|----------------------------------------------------------------------------|-------|-------------|-------|-------|-------|-------|--------|-----------
         Aggregated                                                                     20643     0(0.00%) |     17       3    5715      7 |   24.40        0.00

Type     Name                                                                          # reqs      # fails |    Avg     Min     Max    Med |   req/s  failures/s
--------|----------------------------------------------------------------------------|-------|-------------|-------|-------|-------|-------|--------|-----------
GET      GET /api/v1/reservas                                                           15376     0(0.00%) |      9       4     378      7 |   18.80        0.00
GET      GET /api/v1/reservas/{id}                                                       5266     0(0.00%) |      6       3     289      5 |    5.20        0.00
POST     POST /api/v1/auth/login                                                           50     0(0.00%) |   3726     779    5715   4200 |    0.00        0.00
--------|----------------------------------------------------------------------------|-------|-------------|-------|-------|-------|-------|--------|-----------
         Aggregated                                                                     20692     0(0.00%) |     17       3    5715      7 |   24.00        0.00

Type     Name                                                                          # reqs      # fails |    Avg     Min     Max    Med |   req/s  failures/s
--------|----------------------------------------------------------------------------|-------|-------------|-------|-------|-------|-------|--------|-----------
GET      GET /api/v1/reservas                                                           15414     0(0.00%) |      9       4     378      7 |   18.60        0.00
GET      GET /api/v1/reservas/{id}                                                       5281     0(0.00%) |      6       3     289      5 |    5.30        0.00
POST     POST /api/v1/auth/login                                                           50     0(0.00%) |   3726     779    5715   4200 |    0.00        0.00
--------|----------------------------------------------------------------------------|-------|-------------|-------|-------|-------|-------|--------|-----------
         Aggregated                                                                     20745     0(0.00%) |     17       3    5715      7 |   23.90        0.00

Type     Name                                                                          # reqs      # fails |    Avg     Min     Max    Med |   req/s  failures/s
--------|----------------------------------------------------------------------------|-------|-------------|-------|-------|-------|-------|--------|-----------
GET      GET /api/v1/reservas                                                           15450     0(0.00%) |      9       4     378      7 |   18.70        0.00
GET      GET /api/v1/reservas/{id}                                                       5302     0(0.00%) |      6       3     289      5 |    5.90        0.00
POST     POST /api/v1/auth/login                                                           50     0(0.00%) |   3726     779    5715   4200 |    0.00        0.00
--------|----------------------------------------------------------------------------|-------|-------------|-------|-------|-------|-------|--------|-----------
         Aggregated                                                                     20802     0(0.00%) |     17       3    5715      7 |   24.60        0.00

Type     Name                                                                          # reqs      # fails |    Avg     Min     Max    Med |   req/s  failures/s
--------|----------------------------------------------------------------------------|-------|-------------|-------|-------|-------|-------|--------|-----------
GET      GET /api/v1/reservas                                                           15486     0(0.00%) |      9       4     378      7 |   18.50        0.00
GET      GET /api/v1/reservas/{id}                                                       5312     0(0.00%) |      6       3     289      5 |    6.20        0.00
POST     POST /api/v1/auth/login                                                           50     0(0.00%) |   3726     779    5715   4200 |    0.00        0.00
--------|----------------------------------------------------------------------------|-------|-------------|-------|-------|-------|-------|--------|-----------
         Aggregated                                                                     20848     0(0.00%) |     17       3    5715      7 |   24.70        0.00

Type     Name                                                                          # reqs      # fails |    Avg     Min     Max    Med |   req/s  failures/s
--------|----------------------------------------------------------------------------|-------|-------------|-------|-------|-------|-------|--------|-----------
GET      GET /api/v1/reservas                                                           15527     0(0.00%) |      9       4     378      7 |   19.10        0.00
GET      GET /api/v1/reservas/{id}                                                       5322     0(0.00%) |      6       3     289      5 |    6.30        0.00
POST     POST /api/v1/auth/login                                                           50     0(0.00%) |   3726     779    5715   4200 |    0.00        0.00
--------|----------------------------------------------------------------------------|-------|-------------|-------|-------|-------|-------|--------|-----------
         Aggregated                                                                     20899     0(0.00%) |     17       3    5715      7 |   25.40        0.00

Type     Name                                                                          # reqs      # fails |    Avg     Min     Max    Med |   req/s  failures/s
--------|----------------------------------------------------------------------------|-------|-------------|-------|-------|-------|-------|--------|-----------
GET      GET /api/v1/reservas                                                           15561     0(0.00%) |      9       4     378      7 |   19.20        0.00
GET      GET /api/v1/reservas/{id}                                                       5338     0(0.00%) |      6       3     289      5 |    6.30        0.00
POST     POST /api/v1/auth/login                                                           50     0(0.00%) |   3726     779    5715   4200 |    0.00        0.00
--------|----------------------------------------------------------------------------|-------|-------------|-------|-------|-------|-------|--------|-----------
         Aggregated                                                                     20949     0(0.00%) |     17       3    5715      7 |   25.50        0.00

Type     Name                                                                          # reqs      # fails |    Avg     Min     Max    Med |   req/s  failures/s
--------|----------------------------------------------------------------------------|-------|-------------|-------|-------|-------|-------|--------|-----------
GET      GET /api/v1/reservas                                                           15598     0(0.00%) |      9       4     378      7 |   19.10        0.00
GET      GET /api/v1/reservas/{id}                                                       5351     0(0.00%) |      6       3     289      5 |    6.90        0.00
POST     POST /api/v1/auth/login                                                           50     0(0.00%) |   3726     779    5715   4200 |    0.00        0.00
--------|----------------------------------------------------------------------------|-------|-------------|-------|-------|-------|-------|--------|-----------
         Aggregated                                                                     20999     0(0.00%) |     17       3    5715      7 |   26.00        0.00

Type     Name                                                                          # reqs      # fails |    Avg     Min     Max    Med |   req/s  failures/s
--------|----------------------------------------------------------------------------|-------|-------------|-------|-------|-------|-------|--------|-----------
GET      GET /api/v1/reservas                                                           15641     0(0.00%) |      9       4     378      7 |   18.70        0.00
GET      GET /api/v1/reservas/{id}                                                       5365     0(0.00%) |      6       3     289      5 |    7.10        0.00
POST     POST /api/v1/auth/login                                                           50     0(0.00%) |   3726     779    5715   4200 |    0.00        0.00
--------|----------------------------------------------------------------------------|-------|-------------|-------|-------|-------|-------|--------|-----------
         Aggregated                                                                     21056     0(0.00%) |     17       3    5715      7 |   25.80        0.00

Type     Name                                                                          # reqs      # fails |    Avg     Min     Max    Med |   req/s  failures/s
--------|----------------------------------------------------------------------------|-------|-------------|-------|-------|-------|-------|--------|-----------
GET      GET /api/v1/reservas                                                           15677     0(0.00%) |      9       4     378      7 |   19.40        0.00
GET      GET /api/v1/reservas/{id}                                                       5377     0(0.00%) |      6       3     289      5 |    7.10        0.00
POST     POST /api/v1/auth/login                                                           50     0(0.00%) |   3726     779    5715   4200 |    0.00        0.00
--------|----------------------------------------------------------------------------|-------|-------------|-------|-------|-------|-------|--------|-----------
         Aggregated                                                                     21104     0(0.00%) |     17       3    5715      7 |   26.50        0.00

Type     Name                                                                          # reqs      # fails |    Avg     Min     Max    Med |   req/s  failures/s
--------|----------------------------------------------------------------------------|-------|-------------|-------|-------|-------|-------|--------|-----------
GET      GET /api/v1/reservas                                                           15716     0(0.00%) |      9       4     378      7 |   19.00        0.00
GET      GET /api/v1/reservas/{id}                                                       5385     0(0.00%) |      6       3     289      5 |    6.40        0.00
POST     POST /api/v1/auth/login                                                           50     0(0.00%) |   3726     779    5715   4200 |    0.00        0.00
--------|----------------------------------------------------------------------------|-------|-------------|-------|-------|-------|-------|--------|-----------
         Aggregated                                                                     21151     0(0.00%) |     17       3    5715      7 |   25.40        0.00

Type     Name                                                                          # reqs      # fails |    Avg     Min     Max    Med |   req/s  failures/s
--------|----------------------------------------------------------------------------|-------|-------------|-------|-------|-------|-------|--------|-----------
GET      GET /api/v1/reservas                                                           15757     0(0.00%) |      9       4     378      7 |   18.50        0.00
GET      GET /api/v1/reservas/{id}                                                       5394     0(0.00%) |      6       3     289      5 |    6.50        0.00
POST     POST /api/v1/auth/login                                                           50     0(0.00%) |   3726     779    5715   4200 |    0.00        0.00
--------|----------------------------------------------------------------------------|-------|-------------|-------|-------|-------|-------|--------|-----------
         Aggregated                                                                     21201     0(0.00%) |     17       3    5715      7 |   25.00        0.00

Type     Name                                                                          # reqs      # fails |    Avg     Min     Max    Med |   req/s  failures/s
--------|----------------------------------------------------------------------------|-------|-------------|-------|-------|-------|-------|--------|-----------
GET      GET /api/v1/reservas                                                           15795     0(0.00%) |      9       4     378      7 |   18.60        0.00
GET      GET /api/v1/reservas/{id}                                                       5406     0(0.00%) |      6       3     289      5 |    6.00        0.00
POST     POST /api/v1/auth/login                                                           50     0(0.00%) |   3726     779    5715   4200 |    0.00        0.00
--------|----------------------------------------------------------------------------|-------|-------------|-------|-------|-------|-------|--------|-----------
         Aggregated                                                                     21251     0(0.00%) |     17       3    5715      7 |   24.60        0.00

Type     Name                                                                          # reqs      # fails |    Avg     Min     Max    Med |   req/s  failures/s
--------|----------------------------------------------------------------------------|-------|-------------|-------|-------|-------|-------|--------|-----------
GET      GET /api/v1/reservas                                                           15825     0(0.00%) |      9       4     378      7 |   19.00        0.00
GET      GET /api/v1/reservas/{id}                                                       5421     0(0.00%) |      6       3     289      5 |    5.60        0.00
POST     POST /api/v1/auth/login                                                           50     0(0.00%) |   3726     779    5715   4200 |    0.00        0.00
--------|----------------------------------------------------------------------------|-------|-------------|-------|-------|-------|-------|--------|-----------
         Aggregated                                                                     21296     0(0.00%) |     17       3    5715      7 |   24.60        0.00

Type     Name                                                                          # reqs      # fails |    Avg     Min     Max    Med |   req/s  failures/s
--------|----------------------------------------------------------------------------|-------|-------------|-------|-------|-------|-------|--------|-----------
GET      GET /api/v1/reservas                                                           15850     0(0.00%) |      9       4     378      7 |   18.90        0.00
GET      GET /api/v1/reservas/{id}                                                       5441     0(0.00%) |      6       3     289      5 |    5.30        0.00
POST     POST /api/v1/auth/login                                                           50     0(0.00%) |   3726     779    5715   4200 |    0.00        0.00
--------|----------------------------------------------------------------------------|-------|-------------|-------|-------|-------|-------|--------|-----------
         Aggregated                                                                     21341     0(0.00%) |     17       3    5715      7 |   24.20        0.00

Type     Name                                                                          # reqs      # fails |    Avg     Min     Max    Med |   req/s  failures/s
--------|----------------------------------------------------------------------------|-------|-------------|-------|-------|-------|-------|--------|-----------
GET      GET /api/v1/reservas                                                           15888     0(0.00%) |      9       4     378      7 |   17.40        0.00
GET      GET /api/v1/reservas/{id}                                                       5454     0(0.00%) |      6       3     289      5 |    6.30        0.00
POST     POST /api/v1/auth/login                                                           50     0(0.00%) |   3726     779    5715   4200 |    0.00        0.00
--------|----------------------------------------------------------------------------|-------|-------------|-------|-------|-------|-------|--------|-----------
         Aggregated                                                                     21392     0(0.00%) |     17       3    5715      7 |   23.70        0.00

Type     Name                                                                          # reqs      # fails |    Avg     Min     Max    Med |   req/s  failures/s
--------|----------------------------------------------------------------------------|-------|-------------|-------|-------|-------|-------|--------|-----------
GET      GET /api/v1/reservas                                                           15922     0(0.00%) |      9       4     378      7 |   17.50        0.00
GET      GET /api/v1/reservas/{id}                                                       5465     0(0.00%) |      6       3     289      5 |    6.70        0.00
POST     POST /api/v1/auth/login                                                           50     0(0.00%) |   3726     779    5715   4200 |    0.00        0.00
--------|----------------------------------------------------------------------------|-------|-------------|-------|-------|-------|-------|--------|-----------
         Aggregated                                                                     21437     0(0.00%) |     17       3    5715      7 |   24.20        0.00

Type     Name                                                                          # reqs      # fails |    Avg     Min     Max    Med |   req/s  failures/s
--------|----------------------------------------------------------------------------|-------|-------------|-------|-------|-------|-------|--------|-----------
GET      GET /api/v1/reservas                                                           15957     0(0.00%) |      9       4     378      7 |   17.30        0.00
GET      GET /api/v1/reservas/{id}                                                       5481     0(0.00%) |      6       3     289      5 |    7.00        0.00
POST     POST /api/v1/auth/login                                                           50     0(0.00%) |   3726     779    5715   4200 |    0.00        0.00
--------|----------------------------------------------------------------------------|-------|-------------|-------|-------|-------|-------|--------|-----------
         Aggregated                                                                     21488     0(0.00%) |     17       3    5715      7 |   24.30        0.00

Type     Name                                                                          # reqs      # fails |    Avg     Min     Max    Med |   req/s  failures/s
--------|----------------------------------------------------------------------------|-------|-------------|-------|-------|-------|-------|--------|-----------
GET      GET /api/v1/reservas                                                           16000     0(0.00%) |      9       4     378      7 |   16.60        0.00
GET      GET /api/v1/reservas/{id}                                                       5488     0(0.00%) |      6       3     289      5 |    7.00        0.00
POST     POST /api/v1/auth/login                                                           50     0(0.00%) |   3726     779    5715   4200 |    0.00        0.00
--------|----------------------------------------------------------------------------|-------|-------------|-------|-------|-------|-------|--------|-----------
         Aggregated                                                                     21538     0(0.00%) |     17       3    5715      7 |   23.60        0.00

Type     Name                                                                          # reqs      # fails |    Avg     Min     Max    Med |   req/s  failures/s
--------|----------------------------------------------------------------------------|-------|-------------|-------|-------|-------|-------|--------|-----------
GET      GET /api/v1/reservas                                                           16045     0(0.00%) |      9       4     378      7 |   17.40        0.00
GET      GET /api/v1/reservas/{id}                                                       5498     0(0.00%) |      6       3     289      5 |    6.90        0.00
POST     POST /api/v1/auth/login                                                           50     0(0.00%) |   3726     779    5715   4200 |    0.00        0.00
--------|----------------------------------------------------------------------------|-------|-------------|-------|-------|-------|-------|--------|-----------
         Aggregated                                                                     21593     0(0.00%) |     17       3    5715      7 |   24.30        0.00

Type     Name                                                                          # reqs      # fails |    Avg     Min     Max    Med |   req/s  failures/s
--------|----------------------------------------------------------------------------|-------|-------------|-------|-------|-------|-------|--------|-----------
GET      GET /api/v1/reservas                                                           16079     0(0.00%) |      9       4     378      7 |   18.60        0.00
GET      GET /api/v1/reservas/{id}                                                       5510     0(0.00%) |      6       3     289      5 |    5.80        0.00
POST     POST /api/v1/auth/login                                                           50     0(0.00%) |   3726     779    5715   4200 |    0.00        0.00
--------|----------------------------------------------------------------------------|-------|-------------|-------|-------|-------|-------|--------|-----------
         Aggregated                                                                     21639     0(0.00%) |     17       3    5715      7 |   24.40        0.00

Type     Name                                                                          # reqs      # fails |    Avg     Min     Max    Med |   req/s  failures/s
--------|----------------------------------------------------------------------------|-------|-------------|-------|-------|-------|-------|--------|-----------
GET      GET /api/v1/reservas                                                           16117     0(0.00%) |      9       4     378      7 |   18.80        0.00
GET      GET /api/v1/reservas/{id}                                                       5523     0(0.00%) |      6       3     289      5 |    5.50        0.00
POST     POST /api/v1/auth/login                                                           50     0(0.00%) |   3726     779    5715   4200 |    0.00        0.00
POST     POST /api/v1/auth/refresh                                                          3     0(0.00%) |     90      72     113     84 |    0.00        0.00
--------|----------------------------------------------------------------------------|-------|-------------|-------|-------|-------|-------|--------|-----------
         Aggregated                                                                     21693     0(0.00%) |     17       3    5715      7 |   24.30        0.00

Type     Name                                                                          # reqs      # fails |    Avg     Min     Max    Med |   req/s  failures/s
--------|----------------------------------------------------------------------------|-------|-------------|-------|-------|-------|-------|--------|-----------
GET      GET /api/v1/reservas                                                           16147     0(0.00%) |      9       4     378      7 |   19.20        0.00
GET      GET /api/v1/reservas/{id}                                                       5539     0(0.00%) |      6       3     289      5 |    5.80        0.00
POST     POST /api/v1/auth/login                                                           50     0(0.00%) |   3726     779    5715   4200 |    0.00        0.00
POST     POST /api/v1/auth/refresh                                                         11     0(0.00%) |     57      38     113     48 |    0.10        0.00
--------|----------------------------------------------------------------------------|-------|-------------|-------|-------|-------|-------|--------|-----------
         Aggregated                                                                     21747     0(0.00%) |     17       3    5715      7 |   25.10        0.00

Type     Name                                                                          # reqs      # fails |    Avg     Min     Max    Med |   req/s  failures/s
--------|----------------------------------------------------------------------------|-------|-------------|-------|-------|-------|-------|--------|-----------
GET      GET /api/v1/reservas                                                           16181     0(0.00%) |      9       4     378      7 |   19.30        0.00
GET      GET /api/v1/reservas/{id}                                                       5553     0(0.00%) |      6       3     289      5 |    5.80        0.00
POST     POST /api/v1/auth/login                                                           50     0(0.00%) |   3726     779    5715   4200 |    0.00        0.00
POST     POST /api/v1/auth/refresh                                                         19     0(0.00%) |     57      38     113     48 |    0.80        0.00
--------|----------------------------------------------------------------------------|-------|-------------|-------|-------|-------|-------|--------|-----------
         Aggregated                                                                     21803     0(0.00%) |     17       3    5715      7 |   25.90        0.00

Type     Name                                                                          # reqs      # fails |    Avg     Min     Max    Med |   req/s  failures/s
--------|----------------------------------------------------------------------------|-------|-------------|-------|-------|-------|-------|--------|-----------
GET      GET /api/v1/reservas                                                           16222     0(0.00%) |      9       4     378      7 |   18.00        0.00
GET      GET /api/v1/reservas/{id}                                                       5564     0(0.00%) |      6       3     289      5 |    6.20        0.00
POST     POST /api/v1/auth/login                                                           50     0(0.00%) |   3726     779    5715   4200 |    0.00        0.00
POST     POST /api/v1/auth/refresh                                                         33     0(0.00%) |     50      33     113     46 |    1.60        0.00
--------|----------------------------------------------------------------------------|-------|-------------|-------|-------|-------|-------|--------|-----------
         Aggregated                                                                     21869     0(0.00%) |     17       3    5715      7 |   25.80        0.00

Type     Name                                                                          # reqs      # fails |    Avg     Min     Max    Med |   req/s  failures/s
--------|----------------------------------------------------------------------------|-------|-------------|-------|-------|-------|-------|--------|-----------
GET      GET /api/v1/reservas                                                           16262     0(0.00%) |      9       4     378      7 |   17.60        0.00
GET      GET /api/v1/reservas/{id}                                                       5573     0(0.00%) |      6       3     289      5 |    6.90        0.00
POST     POST /api/v1/auth/login                                                           50     0(0.00%) |   3726     779    5715   4200 |    0.00        0.00
POST     POST /api/v1/auth/refresh                                                         48     0(0.00%) |     51      33     113     43 |    2.80        0.00
--------|----------------------------------------------------------------------------|-------|-------------|-------|-------|-------|-------|--------|-----------
         Aggregated                                                                     21933     0(0.00%) |     17       3    5715      7 |   27.30        0.00

Type     Name                                                                          # reqs      # fails |    Avg     Min     Max    Med |   req/s  failures/s
--------|----------------------------------------------------------------------------|-------|-------------|-------|-------|-------|-------|--------|-----------
GET      GET /api/v1/reservas                                                           16307     0(0.00%) |      9       4     378      7 |   18.10        0.00
GET      GET /api/v1/reservas/{id}                                                       5579     0(0.00%) |      6       3     289      5 |    6.70        0.00
POST     POST /api/v1/auth/login                                                           50     0(0.00%) |   3726     779    5715   4200 |    0.00        0.00
POST     POST /api/v1/auth/refresh                                                         50     0(0.00%) |     50      33     113     43 |    4.30        0.00
--------|----------------------------------------------------------------------------|-------|-------------|-------|-------|-------|-------|--------|-----------
         Aggregated                                                                     21986     0(0.00%) |     17       3    5715      7 |   29.10        0.00

Type     Name                                                                          # reqs      # fails |    Avg     Min     Max    Med |   req/s  failures/s
--------|----------------------------------------------------------------------------|-------|-------------|-------|-------|-------|-------|--------|-----------
GET      GET /api/v1/reservas                                                           16348     0(0.00%) |      9       4     378      7 |   18.30        0.00
GET      GET /api/v1/reservas/{id}                                                       5587     0(0.00%) |      6       3     289      5 |    5.80        0.00
POST     POST /api/v1/auth/login                                                           50     0(0.00%) |   3726     779    5715   4200 |    0.00        0.00
POST     POST /api/v1/auth/refresh                                                         50     0(0.00%) |     50      33     113     43 |    4.90        0.00
--------|----------------------------------------------------------------------------|-------|-------------|-------|-------|-------|-------|--------|-----------
         Aggregated                                                                     22035     0(0.00%) |     17       3    5715      7 |   29.00        0.00

Type     Name                                                                          # reqs      # fails |    Avg     Min     Max    Med |   req/s  failures/s
--------|----------------------------------------------------------------------------|-------|-------------|-------|-------|-------|-------|--------|-----------
GET      GET /api/v1/reservas                                                           16378     0(0.00%) |      9       4     378      7 |   19.90        0.00
GET      GET /api/v1/reservas/{id}                                                       5608     0(0.00%) |      6       3     289      5 |    4.90        0.00
POST     POST /api/v1/auth/login                                                           50     0(0.00%) |   3726     779    5715   4200 |    0.00        0.00
POST     POST /api/v1/auth/refresh                                                         50     0(0.00%) |     50      33     113     43 |    4.20        0.00
--------|----------------------------------------------------------------------------|-------|-------------|-------|-------|-------|-------|--------|-----------
         Aggregated                                                                     22086     0(0.00%) |     17       3    5715      7 |   29.00        0.00

Type     Name                                                                          # reqs      # fails |    Avg     Min     Max    Med |   req/s  failures/s
--------|----------------------------------------------------------------------------|-------|-------------|-------|-------|-------|-------|--------|-----------
GET      GET /api/v1/reservas                                                           16408     0(0.00%) |      9       4     378      7 |   19.60        0.00
GET      GET /api/v1/reservas/{id}                                                       5626     0(0.00%) |      6       3     289      5 |    5.40        0.00
POST     POST /api/v1/auth/login                                                           50     0(0.00%) |   3726     779    5715   4200 |    0.00        0.00
POST     POST /api/v1/auth/refresh                                                         50     0(0.00%) |     50      33     113     43 |    3.40        0.00
--------|----------------------------------------------------------------------------|-------|-------------|-------|-------|-------|-------|--------|-----------
         Aggregated                                                                     22134     0(0.00%) |     17       3    5715      7 |   28.40        0.00

Type     Name                                                                          # reqs      # fails |    Avg     Min     Max    Med |   req/s  failures/s
--------|----------------------------------------------------------------------------|-------|-------------|-------|-------|-------|-------|--------|-----------
GET      GET /api/v1/reservas                                                           16449     0(0.00%) |      9       4     378      7 |   20.00        0.00
GET      GET /api/v1/reservas/{id}                                                       5643     0(0.00%) |      6       3     289      5 |    6.10        0.00
POST     POST /api/v1/auth/login                                                           50     0(0.00%) |   3726     779    5715   4200 |    0.00        0.00
POST     POST /api/v1/auth/refresh                                                         50     0(0.00%) |     50      33     113     43 |    2.20        0.00
--------|----------------------------------------------------------------------------|-------|-------------|-------|-------|-------|-------|--------|-----------
         Aggregated                                                                     22192     0(0.00%) |     16       3    5715      7 |   28.30        0.00

Type     Name                                                                          # reqs      # fails |    Avg     Min     Max    Med |   req/s  failures/s
--------|----------------------------------------------------------------------------|-------|-------------|-------|-------|-------|-------|--------|-----------
GET      GET /api/v1/reservas                                                           16486     0(0.00%) |      9       4     378      7 |   19.40        0.00
GET      GET /api/v1/reservas/{id}                                                       5655     0(0.00%) |      6       3     289      5 |    6.60        0.00
POST     POST /api/v1/auth/login                                                           50     0(0.00%) |   3726     779    5715   4200 |    0.00        0.00
POST     POST /api/v1/auth/refresh                                                         50     0(0.00%) |     50      33     113     43 |    0.70        0.00
--------|----------------------------------------------------------------------------|-------|-------------|-------|-------|-------|-------|--------|-----------
         Aggregated                                                                     22241     0(0.00%) |     16       3    5715      7 |   26.70        0.00

Type     Name                                                                          # reqs      # fails |    Avg     Min     Max    Med |   req/s  failures/s
--------|----------------------------------------------------------------------------|-------|-------------|-------|-------|-------|-------|--------|-----------
GET      GET /api/v1/reservas                                                           16525     0(0.00%) |      9       4     378      7 |   18.80        0.00
GET      GET /api/v1/reservas/{id}                                                       5668     0(0.00%) |      6       3     289      5 |    7.10        0.00
POST     POST /api/v1/auth/login                                                           50     0(0.00%) |   3726     779    5715   4200 |    0.00        0.00
POST     POST /api/v1/auth/refresh                                                         50     0(0.00%) |     50      33     113     43 |    0.00        0.00
--------|----------------------------------------------------------------------------|-------|-------------|-------|-------|-------|-------|--------|-----------
         Aggregated                                                                     22293     0(0.00%) |     16       3    5715      7 |   25.90        0.00

Type     Name                                                                          # reqs      # fails |    Avg     Min     Max    Med |   req/s  failures/s
--------|----------------------------------------------------------------------------|-------|-------------|-------|-------|-------|-------|--------|-----------
GET      GET /api/v1/reservas                                                           16558     0(0.00%) |      9       4     378      7 |   17.00        0.00
GET      GET /api/v1/reservas/{id}                                                       5680     0(0.00%) |      6       3     289      5 |    8.20        0.00
POST     POST /api/v1/auth/login                                                           50     0(0.00%) |   3726     779    5715   4200 |    0.00        0.00
POST     POST /api/v1/auth/refresh                                                         50     0(0.00%) |     50      33     113     43 |    0.00        0.00
--------|----------------------------------------------------------------------------|-------|-------------|-------|-------|-------|-------|--------|-----------
         Aggregated                                                                     22338     0(0.00%) |     16       3    5715      7 |   25.20        0.00

Type     Name                                                                          # reqs      # fails |    Avg     Min     Max    Med |   req/s  failures/s
--------|----------------------------------------------------------------------------|-------|-------------|-------|-------|-------|-------|--------|-----------
GET      GET /api/v1/reservas                                                           16591     0(0.00%) |      9       4     378      7 |   17.60        0.00
GET      GET /api/v1/reservas/{id}                                                       5697     0(0.00%) |      6       3     289      5 |    7.70        0.00
POST     POST /api/v1/auth/login                                                           50     0(0.00%) |   3726     779    5715   4200 |    0.00        0.00
POST     POST /api/v1/auth/refresh                                                         50     0(0.00%) |     50      33     113     43 |    0.00        0.00
--------|----------------------------------------------------------------------------|-------|-------------|-------|-------|-------|-------|--------|-----------
         Aggregated                                                                     22388     0(0.00%) |     16       3    5715      7 |   25.30        0.00

Type     Name                                                                          # reqs      # fails |    Avg     Min     Max    Med |   req/s  failures/s
--------|----------------------------------------------------------------------------|-------|-------------|-------|-------|-------|-------|--------|-----------
GET      GET /api/v1/reservas                                                           16627     0(0.00%) |      9       4     378      7 |   17.60        0.00
GET      GET /api/v1/reservas/{id}                                                       5710     0(0.00%) |      6       3     289      5 |    6.60        0.00
POST     POST /api/v1/auth/login                                                           50     0(0.00%) |   3726     779    5715   4200 |    0.00        0.00
POST     POST /api/v1/auth/refresh                                                         50     0(0.00%) |     50      33     113     43 |    0.00        0.00
--------|----------------------------------------------------------------------------|-------|-------------|-------|-------|-------|-------|--------|-----------
         Aggregated                                                                     22437     0(0.00%) |     16       3    5715      7 |   24.20        0.00

Type     Name                                                                          # reqs      # fails |    Avg     Min     Max    Med |   req/s  failures/s
--------|----------------------------------------------------------------------------|-------|-------------|-------|-------|-------|-------|--------|-----------
GET      GET /api/v1/reservas                                                           16658     0(0.00%) |      9       4     378      7 |   18.10        0.00
GET      GET /api/v1/reservas/{id}                                                       5726     0(0.00%) |      6       3     289      5 |    6.80        0.00
POST     POST /api/v1/auth/login                                                           50     0(0.00%) |   3726     779    5715   4200 |    0.00        0.00
POST     POST /api/v1/auth/refresh                                                         50     0(0.00%) |     50      33     113     43 |    0.00        0.00
--------|----------------------------------------------------------------------------|-------|-------------|-------|-------|-------|-------|--------|-----------
         Aggregated                                                                     22484     0(0.00%) |     16       3    5715      7 |   24.90        0.00

Type     Name                                                                          # reqs      # fails |    Avg     Min     Max    Med |   req/s  failures/s
--------|----------------------------------------------------------------------------|-------|-------------|-------|-------|-------|-------|--------|-----------
GET      GET /api/v1/reservas                                                           16697     0(0.00%) |      9       4     378      7 |   17.20        0.00
GET      GET /api/v1/reservas/{id}                                                       5744     0(0.00%) |      6       3     289      5 |    7.30        0.00
POST     POST /api/v1/auth/login                                                           50     0(0.00%) |   3726     779    5715   4200 |    0.00        0.00
POST     POST /api/v1/auth/refresh                                                         50     0(0.00%) |     50      33     113     43 |    0.00        0.00
--------|----------------------------------------------------------------------------|-------|-------------|-------|-------|-------|-------|--------|-----------
         Aggregated                                                                     22541     0(0.00%) |     16       3    5715      7 |   24.50        0.00

Type     Name                                                                          # reqs      # fails |    Avg     Min     Max    Med |   req/s  failures/s
--------|----------------------------------------------------------------------------|-------|-------------|-------|-------|-------|-------|--------|-----------
GET      GET /api/v1/reservas                                                           16730     0(0.00%) |      9       4     378      7 |   17.50        0.00
GET      GET /api/v1/reservas/{id}                                                       5762     0(0.00%) |      6       3     289      5 |    7.40        0.00
POST     POST /api/v1/auth/login                                                           50     0(0.00%) |   3726     779    5715   4200 |    0.00        0.00
POST     POST /api/v1/auth/refresh                                                         50     0(0.00%) |     50      33     113     43 |    0.00        0.00
--------|----------------------------------------------------------------------------|-------|-------------|-------|-------|-------|-------|--------|-----------
         Aggregated                                                                     22592     0(0.00%) |     16       3    5715      7 |   24.90        0.00

Type     Name                                                                          # reqs      # fails |    Avg     Min     Max    Med |   req/s  failures/s
--------|----------------------------------------------------------------------------|-------|-------------|-------|-------|-------|-------|--------|-----------
GET      GET /api/v1/reservas                                                           16757     0(0.00%) |      9       4     378      7 |   17.40        0.00
GET      GET /api/v1/reservas/{id}                                                       5786     0(0.00%) |      6       3     289      5 |    7.60        0.00
POST     POST /api/v1/auth/login                                                           50     0(0.00%) |   3726     779    5715   4200 |    0.00        0.00
POST     POST /api/v1/auth/refresh                                                         50     0(0.00%) |     50      33     113     43 |    0.00        0.00
--------|----------------------------------------------------------------------------|-------|-------------|-------|-------|-------|-------|--------|-----------
         Aggregated                                                                     22643     0(0.00%) |     16       3    5715      7 |   25.00        0.00

Type     Name                                                                          # reqs      # fails |    Avg     Min     Max    Med |   req/s  failures/s
--------|----------------------------------------------------------------------------|-------|-------------|-------|-------|-------|-------|--------|-----------
GET      GET /api/v1/reservas                                                           16788     0(0.00%) |      9       4     378      7 |   16.30        0.00
GET      GET /api/v1/reservas/{id}                                                       5802     0(0.00%) |      6       3     289      5 |    8.80        0.00
POST     POST /api/v1/auth/login                                                           50     0(0.00%) |   3726     779    5715   4200 |    0.00        0.00
POST     POST /api/v1/auth/refresh                                                         50     0(0.00%) |     50      33     113     43 |    0.00        0.00
--------|----------------------------------------------------------------------------|-------|-------------|-------|-------|-------|-------|--------|-----------
         Aggregated                                                                     22690     0(0.00%) |     16       3    5715      7 |   25.10        0.00

Type     Name                                                                          # reqs      # fails |    Avg     Min     Max    Med |   req/s  failures/s
--------|----------------------------------------------------------------------------|-------|-------------|-------|-------|-------|-------|--------|-----------
GET      GET /api/v1/reservas                                                           16824     0(0.00%) |      9       4     378      7 |   15.80        0.00
GET      GET /api/v1/reservas/{id}                                                       5819     0(0.00%) |      6       3     289      5 |    9.00        0.00
POST     POST /api/v1/auth/login                                                           50     0(0.00%) |   3726     779    5715   4200 |    0.00        0.00
POST     POST /api/v1/auth/refresh                                                         50     0(0.00%) |     50      33     113     43 |    0.00        0.00
--------|----------------------------------------------------------------------------|-------|-------------|-------|-------|-------|-------|--------|-----------
         Aggregated                                                                     22743     0(0.00%) |     16       3    5715      7 |   24.80        0.00

Type     Name                                                                          # reqs      # fails |    Avg     Min     Max    Med |   req/s  failures/s
--------|----------------------------------------------------------------------------|-------|-------------|-------|-------|-------|-------|--------|-----------
GET      GET /api/v1/reservas                                                           16862     0(0.00%) |      9       4     378      7 |   16.40        0.00
GET      GET /api/v1/reservas/{id}                                                       5830     0(0.00%) |      6       3     289      5 |    8.90        0.00
POST     POST /api/v1/auth/login                                                           50     0(0.00%) |   3726     779    5715   4200 |    0.00        0.00
POST     POST /api/v1/auth/refresh                                                         50     0(0.00%) |     50      33     113     43 |    0.00        0.00
--------|----------------------------------------------------------------------------|-------|-------------|-------|-------|-------|-------|--------|-----------
         Aggregated                                                                     22792     0(0.00%) |     16       3    5715      7 |   25.30        0.00

Type     Name                                                                          # reqs      # fails |    Avg     Min     Max    Med |   req/s  failures/s
--------|----------------------------------------------------------------------------|-------|-------------|-------|-------|-------|-------|--------|-----------
GET      GET /api/v1/reservas                                                           16904     0(0.00%) |      9       4     378      7 |   16.70        0.00
GET      GET /api/v1/reservas/{id}                                                       5844     0(0.00%) |      6       3     289      5 |    8.80        0.00
POST     POST /api/v1/auth/login                                                           50     0(0.00%) |   3726     779    5715   4200 |    0.00        0.00
POST     POST /api/v1/auth/refresh                                                         50     0(0.00%) |     50      33     113     43 |    0.00        0.00
--------|----------------------------------------------------------------------------|-------|-------------|-------|-------|-------|-------|--------|-----------
         Aggregated                                                                     22848     0(0.00%) |     16       3    5715      7 |   25.50        0.00

Type     Name                                                                          # reqs      # fails |    Avg     Min     Max    Med |   req/s  failures/s
--------|----------------------------------------------------------------------------|-------|-------------|-------|-------|-------|-------|--------|-----------
GET      GET /api/v1/reservas                                                           16942     0(0.00%) |      9       4     378      7 |   17.30        0.00
GET      GET /api/v1/reservas/{id}                                                       5853     0(0.00%) |      6       3     289      5 |    8.40        0.00
POST     POST /api/v1/auth/login                                                           50     0(0.00%) |   3726     779    5715   4200 |    0.00        0.00
POST     POST /api/v1/auth/refresh                                                         50     0(0.00%) |     50      33     113     43 |    0.00        0.00
--------|----------------------------------------------------------------------------|-------|-------------|-------|-------|-------|-------|--------|-----------
         Aggregated                                                                     22895     0(0.00%) |     16       3    5715      7 |   25.70        0.00

Type     Name                                                                          # reqs      # fails |    Avg     Min     Max    Med |   req/s  failures/s
--------|----------------------------------------------------------------------------|-------|-------------|-------|-------|-------|-------|--------|-----------
GET      GET /api/v1/reservas                                                           16982     0(0.00%) |      9       4     378      7 |   18.60        0.00
GET      GET /api/v1/reservas/{id}                                                       5865     0(0.00%) |      6       3     289      5 |    7.50        0.00
POST     POST /api/v1/auth/login                                                           50     0(0.00%) |   3726     779    5715   4200 |    0.00        0.00
POST     POST /api/v1/auth/refresh                                                         50     0(0.00%) |     50      33     113     43 |    0.00        0.00
--------|----------------------------------------------------------------------------|-------|-------------|-------|-------|-------|-------|--------|-----------
         Aggregated                                                                     22947     0(0.00%) |     16       3    5715      7 |   26.10        0.00

Type     Name                                                                          # reqs      # fails |    Avg     Min     Max    Med |   req/s  failures/s
--------|----------------------------------------------------------------------------|-------|-------------|-------|-------|-------|-------|--------|-----------
GET      GET /api/v1/reservas                                                           17013     0(0.00%) |      9       4     378      7 |   19.00        0.00
GET      GET /api/v1/reservas/{id}                                                       5879     0(0.00%) |      6       3     289      5 |    6.40        0.00
POST     POST /api/v1/auth/login                                                           50     0(0.00%) |   3726     779    5715   4200 |    0.00        0.00
POST     POST /api/v1/auth/refresh                                                         50     0(0.00%) |     50      33     113     43 |    0.00        0.00
--------|----------------------------------------------------------------------------|-------|-------------|-------|-------|-------|-------|--------|-----------
         Aggregated                                                                     22992     0(0.00%) |     16       3    5715      7 |   25.40        0.00

Type     Name                                                                          # reqs      # fails |    Avg     Min     Max    Med |   req/s  failures/s
--------|----------------------------------------------------------------------------|-------|-------------|-------|-------|-------|-------|--------|-----------
GET      GET /api/v1/reservas                                                           17050     0(0.00%) |      9       4     378      7 |   19.60        0.00
GET      GET /api/v1/reservas/{id}                                                       5892     0(0.00%) |      6       3     289      5 |    6.30        0.00
POST     POST /api/v1/auth/login                                                           50     0(0.00%) |   3726     779    5715   4200 |    0.00        0.00
POST     POST /api/v1/auth/refresh                                                         50     0(0.00%) |     50      33     113     43 |    0.00        0.00
--------|----------------------------------------------------------------------------|-------|-------------|-------|-------|-------|-------|--------|-----------
         Aggregated                                                                     23042     0(0.00%) |     16       3    5715      7 |   25.90        0.00

Type     Name                                                                          # reqs      # fails |    Avg     Min     Max    Med |   req/s  failures/s
--------|----------------------------------------------------------------------------|-------|-------------|-------|-------|-------|-------|--------|-----------
GET      GET /api/v1/reservas                                                           17088     0(0.00%) |      9       4     378      7 |   18.80        0.00
GET      GET /api/v1/reservas/{id}                                                       5903     0(0.00%) |      6       3     289      5 |    6.20        0.00
POST     POST /api/v1/auth/login                                                           50     0(0.00%) |   3726     779    5715   4200 |    0.00        0.00
POST     POST /api/v1/auth/refresh                                                         50     0(0.00%) |     50      33     113     43 |    0.00        0.00
--------|----------------------------------------------------------------------------|-------|-------------|-------|-------|-------|-------|--------|-----------
         Aggregated                                                                     23091     0(0.00%) |     16       3    5715      7 |   25.00        0.00

Type     Name                                                                          # reqs      # fails |    Avg     Min     Max    Med |   req/s  failures/s
--------|----------------------------------------------------------------------------|-------|-------------|-------|-------|-------|-------|--------|-----------
GET      GET /api/v1/reservas                                                           17129     0(0.00%) |      9       4     378      7 |   18.30        0.00
GET      GET /api/v1/reservas/{id}                                                       5915     0(0.00%) |      6       3     289      5 |    6.10        0.00
POST     POST /api/v1/auth/login                                                           50     0(0.00%) |   3726     779    5715   4200 |    0.00        0.00
POST     POST /api/v1/auth/refresh                                                         50     0(0.00%) |     50      33     113     43 |    0.00        0.00
--------|----------------------------------------------------------------------------|-------|-------------|-------|-------|-------|-------|--------|-----------
         Aggregated                                                                     23144     0(0.00%) |     16       3    5715      7 |   24.40        0.00

[2026-09-20 00:07:18,152] pfc-pruebas-e1/INFO/locust.main: --run-time limit reached, shutting down
[2026-09-20 00:07:18,265] pfc-pruebas-e1/INFO/locust.main: writing html report to file: experimentos/resultados/raw/fiabilidad_nominal_50u_1h_refresh_poblada_smoke/locust-report.html
[2026-09-20 00:07:18,268] pfc-pruebas-e1/INFO/locust.main: Shutting down (exit code 0)
Type     Name                                                                          # reqs      # fails |    Avg     Min     Max    Med |   req/s  failures/s
--------|----------------------------------------------------------------------------|-------|-------------|-------|-------|-------|-------|--------|-----------
GET      GET /api/v1/reservas                                                           17150     0(0.00%) |      9       4     378      7 |   18.44        0.00
GET      GET /api/v1/reservas/{id}                                                       5926     0(0.00%) |      6       3     289      5 |    6.37        0.00
POST     POST /api/v1/auth/login                                                           50     0(0.00%) |   3726     779    5715   4200 |    0.05        0.00
POST     POST /api/v1/auth/refresh                                                         50     0(0.00%) |     50      33     113     43 |    0.05        0.00
--------|----------------------------------------------------------------------------|-------|-------------|-------|-------|-------|-------|--------|-----------
         Aggregated                                                                     23176     0(0.00%) |     16       3    5715      7 |   24.92        0.00

Response time percentiles (approximated)
Type     Name                                                                                  50%    66%    75%    80%    90%    95%    98%    99%  99.9% 99.99%   100% # reqs
--------|--------------------------------------------------------------------------------|--------|------|------|------|------|------|------|------|------|------|------|------
GET      GET /api/v1/reservas                                                                    7      8      9      9     12     16     26     41    180    380    380  17150
GET      GET /api/v1/reservas/{id}                                                               5      6      7      7      9     12     18     28    160    290    290   5926
POST     POST /api/v1/auth/login                                                              4200   4500   4600   4700   5000   5200   5700   5700   5700   5700   5700     50
POST     POST /api/v1/auth/refresh                                                              45     50     53     55     84    110    110    110    110    110    110     50
--------|--------------------------------------------------------------------------------|--------|------|------|------|------|------|------|------|------|------|------|------
         Aggregated                                                                              7      8      8      9     12     16     28     50   4200   5200   5700  23176

