[2026-09-20 18:06:14,353] pfc-pruebas-e1/INFO/locust.main: Run time limit set to 300 seconds
[2026-09-20 18:06:14,353] pfc-pruebas-e1/INFO/locust.main: Starting Locust 2.31.6
Type     Name                                                                          # reqs      # fails |    Avg     Min     Max    Med |   req/s  failures/s
--------|----------------------------------------------------------------------------|-------|-------------|-------|-------|-------|-------|--------|-----------
--------|----------------------------------------------------------------------------|-------|-------------|-------|-------|-------|-------|--------|-----------
         Aggregated                                                                         0     0(0.00%) |      0       0       0      0 |    0.00        0.00

[2026-09-20 18:06:14,354] pfc-pruebas-e1/INFO/locust.runners: Ramping to 50 users at a rate of 10.00 per second
Type     Name                                                                          # reqs      # fails |    Avg     Min     Max    Med |   req/s  failures/s
--------|----------------------------------------------------------------------------|-------|-------------|-------|-------|-------|-------|--------|-----------
GET      GET /api/v1/reservas                                                              15     0(0.00%) |     16       6      55      8 |    0.00        0.00
POST     POST /api/v1/auth/login                                                           16     0(0.00%) |    859     411    1188    890 |    0.00        0.00
--------|----------------------------------------------------------------------------|-------|-------------|-------|-------|-------|-------|--------|-----------
         Aggregated                                                                        31     0(0.00%) |    451       6    1188    410 |    0.00        0.00

Type     Name                                                                          # reqs      # fails |    Avg     Min     Max    Med |   req/s  failures/s
--------|----------------------------------------------------------------------------|-------|-------------|-------|-------|-------|-------|--------|-----------
GET      GET /api/v1/reservas                                                              36     0(0.00%) |     13       6      55      8 |    5.00        0.00
GET      GET /api/v1/reservas/{id}                                                          7     0(0.00%) |      6       3       9      6 |    0.00        0.00
POST     POST /api/v1/auth/login                                                           29     0(0.00%) |   1054     411    1990    970 |    5.00        0.00
--------|----------------------------------------------------------------------------|-------|-------------|-------|-------|-------|-------|--------|-----------
         Aggregated                                                                        72     0(0.00%) |    432       3    1990     14 |   10.00        0.00

[2026-09-20 18:06:18,360] pfc-pruebas-e1/INFO/locust.runners: All users spawned: {"ReservasUser": 50} (50 total users)
Type     Name                                                                          # reqs      # fails |    Avg     Min     Max    Med |   req/s  failures/s
--------|----------------------------------------------------------------------------|-------|-------------|-------|-------|-------|-------|--------|-----------
GET      GET /api/v1/reservas                                                              82     0(0.00%) |     13       4      82      8 |    8.00        0.00
GET      GET /api/v1/reservas/{id}                                                         12     0(0.00%) |      5       3       9      6 |    1.75        0.00
POST     POST /api/v1/auth/login                                                           50     0(0.00%) |   1333     411    2233   1400 |    6.25        0.00
--------|----------------------------------------------------------------------------|-------|-------------|-------|-------|-------|-------|--------|-----------
         Aggregated                                                                       144     0(0.00%) |    471       3    2233     11 |   16.00        0.00

Type     Name                                                                          # reqs      # fails |    Avg     Min     Max    Med |   req/s  failures/s
--------|----------------------------------------------------------------------------|-------|-------------|-------|-------|-------|-------|--------|-----------
GET      GET /api/v1/reservas                                                             114     0(0.00%) |     11       4      82      7 |   12.50        0.00
GET      GET /api/v1/reservas/{id}                                                         24     0(0.00%) |      4       3       9      5 |    1.83        0.00
POST     POST /api/v1/auth/login                                                           50     0(0.00%) |   1333     411    2233   1400 |    8.33        0.00
--------|----------------------------------------------------------------------------|-------|-------------|-------|-------|-------|-------|--------|-----------
         Aggregated                                                                       188     0(0.00%) |    362       3    2233      8 |   22.67        0.00

Type     Name                                                                          # reqs      # fails |    Avg     Min     Max    Med |   req/s  failures/s
--------|----------------------------------------------------------------------------|-------|-------------|-------|-------|-------|-------|--------|-----------
GET      GET /api/v1/reservas                                                             154     0(0.00%) |     10       4      82      7 |   13.62        0.00
GET      GET /api/v1/reservas/{id}                                                         38     0(0.00%) |      4       3       9      5 |    3.00        0.00
POST     POST /api/v1/auth/login                                                           50     0(0.00%) |   1333     411    2233   1400 |    6.25        0.00
--------|----------------------------------------------------------------------------|-------|-------------|-------|-------|-------|-------|--------|-----------
         Aggregated                                                                       242     0(0.00%) |    282       3    2233      7 |   22.88        0.00

Type     Name                                                                          # reqs      # fails |    Avg     Min     Max    Med |   req/s  failures/s
--------|----------------------------------------------------------------------------|-------|-------------|-------|-------|-------|-------|--------|-----------
GET      GET /api/v1/reservas                                                             190     0(0.00%) |      9       3      82      6 |   14.60        0.00
GET      GET /api/v1/reservas/{id}                                                         50     0(0.00%) |      4       3       9      4 |    3.60        0.00
POST     POST /api/v1/auth/login                                                           50     0(0.00%) |   1333     411    2233   1400 |    5.00        0.00
--------|----------------------------------------------------------------------------|-------|-------------|-------|-------|-------|-------|--------|-----------
         Aggregated                                                                       290     0(0.00%) |    236       3    2233      7 |   23.20        0.00

Type     Name                                                                          # reqs      # fails |    Avg     Min     Max    Med |   req/s  failures/s
--------|----------------------------------------------------------------------------|-------|-------------|-------|-------|-------|-------|--------|-----------
GET      GET /api/v1/reservas                                                             228     0(0.00%) |      8       3      82      6 |   16.70        0.00
GET      GET /api/v1/reservas/{id}                                                         57     0(0.00%) |      4       3       9      4 |    4.90        0.00
POST     POST /api/v1/auth/login                                                           50     0(0.00%) |   1333     411    2233   1400 |    4.00        0.00
--------|----------------------------------------------------------------------------|-------|-------------|-------|-------|-------|-------|--------|-----------
         Aggregated                                                                       335     0(0.00%) |    205       3    2233      6 |   25.60        0.00

Type     Name                                                                          # reqs      # fails |    Avg     Min     Max    Med |   req/s  failures/s
--------|----------------------------------------------------------------------------|-------|-------------|-------|-------|-------|-------|--------|-----------
GET      GET /api/v1/reservas                                                             267     0(0.00%) |      8       3      82      6 |   19.40        0.00
GET      GET /api/v1/reservas/{id}                                                         71     0(0.00%) |      4       3      10      4 |    4.60        0.00
POST     POST /api/v1/auth/login                                                           50     0(0.00%) |   1333     411    2233   1400 |    2.50        0.00
--------|----------------------------------------------------------------------------|-------|-------------|-------|-------|-------|-------|--------|-----------
         Aggregated                                                                       388     0(0.00%) |    178       3    2233      6 |   26.50        0.00

Type     Name                                                                          # reqs      # fails |    Avg     Min     Max    Med |   req/s  failures/s
--------|----------------------------------------------------------------------------|-------|-------------|-------|-------|-------|-------|--------|-----------
GET      GET /api/v1/reservas                                                             304     0(0.00%) |      7       3      82      6 |   18.40        0.00
GET      GET /api/v1/reservas/{id}                                                         85     0(0.00%) |      4       3      10      4 |    5.60        0.00
POST     POST /api/v1/auth/login                                                           50     0(0.00%) |   1333     411    2233   1400 |    0.00        0.00
--------|----------------------------------------------------------------------------|-------|-------------|-------|-------|-------|-------|--------|-----------
         Aggregated                                                                       439     0(0.00%) |    158       3    2233      6 |   24.00        0.00

Type     Name                                                                          # reqs      # fails |    Avg     Min     Max    Med |   req/s  failures/s
--------|----------------------------------------------------------------------------|-------|-------------|-------|-------|-------|-------|--------|-----------
GET      GET /api/v1/reservas                                                             341     0(0.00%) |      7       3      82      6 |   18.90        0.00
GET      GET /api/v1/reservas/{id}                                                         96     0(0.00%) |      4       2      10      4 |    5.70        0.00
POST     POST /api/v1/auth/login                                                           50     0(0.00%) |   1333     411    2233   1400 |    0.00        0.00
--------|----------------------------------------------------------------------------|-------|-------------|-------|-------|-------|-------|--------|-----------
         Aggregated                                                                       487     0(0.00%) |    143       2    2233      6 |   24.60        0.00

Type     Name                                                                          # reqs      # fails |    Avg     Min     Max    Med |   req/s  failures/s
--------|----------------------------------------------------------------------------|-------|-------------|-------|-------|-------|-------|--------|-----------
GET      GET /api/v1/reservas                                                             380     0(0.00%) |      7       3      82      6 |   18.60        0.00
GET      GET /api/v1/reservas/{id}                                                        109     0(0.00%) |      4       2      10      4 |    5.60        0.00
POST     POST /api/v1/auth/login                                                           50     0(0.00%) |   1333     411    2233   1400 |    0.00        0.00
--------|----------------------------------------------------------------------------|-------|-------------|-------|-------|-------|-------|--------|-----------
         Aggregated                                                                       539     0(0.00%) |    129       2    2233      6 |   24.20        0.00

Type     Name                                                                          # reqs      # fails |    Avg     Min     Max    Med |   req/s  failures/s
--------|----------------------------------------------------------------------------|-------|-------------|-------|-------|-------|-------|--------|-----------
GET      GET /api/v1/reservas                                                             420     0(0.00%) |      7       3      82      6 |   19.70        0.00
GET      GET /api/v1/reservas/{id}                                                        121     0(0.00%) |      4       2      10      4 |    5.60        0.00
POST     POST /api/v1/auth/login                                                           50     0(0.00%) |   1333     411    2233   1400 |    0.00        0.00
--------|----------------------------------------------------------------------------|-------|-------------|-------|-------|-------|-------|--------|-----------
         Aggregated                                                                       591     0(0.00%) |    118       2    2233      5 |   25.30        0.00

Type     Name                                                                          # reqs      # fails |    Avg     Min     Max    Med |   req/s  failures/s
--------|----------------------------------------------------------------------------|-------|-------------|-------|-------|-------|-------|--------|-----------
GET      GET /api/v1/reservas                                                             452     0(0.00%) |      7       3      82      6 |   18.70        0.00
GET      GET /api/v1/reservas/{id}                                                        133     0(0.00%) |      4       2      10      4 |    6.70        0.00
POST     POST /api/v1/auth/login                                                           50     0(0.00%) |   1333     411    2233   1400 |    0.00        0.00
--------|----------------------------------------------------------------------------|-------|-------------|-------|-------|-------|-------|--------|-----------
         Aggregated                                                                       635     0(0.00%) |    111       2    2233      5 |   25.40        0.00

Type     Name                                                                          # reqs      # fails |    Avg     Min     Max    Med |   req/s  failures/s
--------|----------------------------------------------------------------------------|-------|-------------|-------|-------|-------|-------|--------|-----------
GET      GET /api/v1/reservas                                                             488     0(0.00%) |      7       3      82      6 |   18.80        0.00
GET      GET /api/v1/reservas/{id}                                                        144     0(0.00%) |      4       2      10      4 |    6.40        0.00
POST     POST /api/v1/auth/login                                                           50     0(0.00%) |   1333     411    2233   1400 |    0.00        0.00
--------|----------------------------------------------------------------------------|-------|-------------|-------|-------|-------|-------|--------|-----------
         Aggregated                                                                       682     0(0.00%) |    103       2    2233      5 |   25.20        0.00

Type     Name                                                                          # reqs      # fails |    Avg     Min     Max    Med |   req/s  failures/s
--------|----------------------------------------------------------------------------|-------|-------------|-------|-------|-------|-------|--------|-----------
GET      GET /api/v1/reservas                                                             519     0(0.00%) |      6       3      82      6 |   18.40        0.00
GET      GET /api/v1/reservas/{id}                                                        159     0(0.00%) |      4       2      10      4 |    6.20        0.00
POST     POST /api/v1/auth/login                                                           50     0(0.00%) |   1333     411    2233   1400 |    0.00        0.00
--------|----------------------------------------------------------------------------|-------|-------------|-------|-------|-------|-------|--------|-----------
         Aggregated                                                                       728     0(0.00%) |     97       2    2233      5 |   24.60        0.00

Type     Name                                                                          # reqs      # fails |    Avg     Min     Max    Med |   req/s  failures/s
--------|----------------------------------------------------------------------------|-------|-------------|-------|-------|-------|-------|--------|-----------
GET      GET /api/v1/reservas                                                             557     0(0.00%) |      6       3      82      6 |   18.40        0.00
GET      GET /api/v1/reservas/{id}                                                        173     0(0.00%) |      4       2      10      4 |    6.60        0.00
POST     POST /api/v1/auth/login                                                           50     0(0.00%) |   1333     411    2233   1400 |    0.00        0.00
--------|----------------------------------------------------------------------------|-------|-------------|-------|-------|-------|-------|--------|-----------
         Aggregated                                                                       780     0(0.00%) |     91       2    2233      5 |   25.00        0.00

Type     Name                                                                          # reqs      # fails |    Avg     Min     Max    Med |   req/s  failures/s
--------|----------------------------------------------------------------------------|-------|-------------|-------|-------|-------|-------|--------|-----------
GET      GET /api/v1/reservas                                                             592     0(0.00%) |      6       3      82      6 |   17.70        0.00
GET      GET /api/v1/reservas/{id}                                                        190     0(0.00%) |      4       2      10      4 |    6.30        0.00
POST     POST /api/v1/auth/login                                                           50     0(0.00%) |   1333     411    2233   1400 |    0.00        0.00
--------|----------------------------------------------------------------------------|-------|-------------|-------|-------|-------|-------|--------|-----------
         Aggregated                                                                       832     0(0.00%) |     85       2    2233      5 |   24.00        0.00

Type     Name                                                                          # reqs      # fails |    Avg     Min     Max    Med |   req/s  failures/s
--------|----------------------------------------------------------------------------|-------|-------------|-------|-------|-------|-------|--------|-----------
GET      GET /api/v1/reservas                                                             628     0(0.00%) |      6       3      82      5 |   17.10        0.00
GET      GET /api/v1/reservas/{id}                                                        208     0(0.00%) |      4       2      10      4 |    6.70        0.00
POST     POST /api/v1/auth/login                                                           50     0(0.00%) |   1333     411    2233   1400 |    0.00        0.00
--------|----------------------------------------------------------------------------|-------|-------------|-------|-------|-------|-------|--------|-----------
         Aggregated                                                                       886     0(0.00%) |     81       2    2233      5 |   23.80        0.00

Type     Name                                                                          # reqs      # fails |    Avg     Min     Max    Med |   req/s  failures/s
--------|----------------------------------------------------------------------------|-------|-------------|-------|-------|-------|-------|--------|-----------
GET      GET /api/v1/reservas                                                             671     0(0.00%) |      6       3      82      5 |   17.30        0.00
GET      GET /api/v1/reservas/{id}                                                        220     0(0.00%) |      4       2      10      4 |    7.40        0.00
POST     POST /api/v1/auth/login                                                           50     0(0.00%) |   1333     411    2233   1400 |    0.00        0.00
--------|----------------------------------------------------------------------------|-------|-------------|-------|-------|-------|-------|--------|-----------
         Aggregated                                                                       941     0(0.00%) |     76       2    2233      5 |   24.70        0.00

Type     Name                                                                          # reqs      # fails |    Avg     Min     Max    Med |   req/s  failures/s
--------|----------------------------------------------------------------------------|-------|-------------|-------|-------|-------|-------|--------|-----------
GET      GET /api/v1/reservas                                                             706     0(0.00%) |      6       3      82      5 |   18.30        0.00
GET      GET /api/v1/reservas/{id}                                                        230     0(0.00%) |      4       2      10      4 |    7.20        0.00
POST     POST /api/v1/auth/login                                                           50     0(0.00%) |   1333     411    2233   1400 |    0.00        0.00
--------|----------------------------------------------------------------------------|-------|-------------|-------|-------|-------|-------|--------|-----------
         Aggregated                                                                       986     0(0.00%) |     73       2    2233      5 |   25.50        0.00

Type     Name                                                                          # reqs      # fails |    Avg     Min     Max    Med |   req/s  failures/s
--------|----------------------------------------------------------------------------|-------|-------------|-------|-------|-------|-------|--------|-----------
GET      GET /api/v1/reservas                                                             744     0(0.00%) |      6       3      82      5 |   18.30        0.00
GET      GET /api/v1/reservas/{id}                                                        242     0(0.00%) |      4       2      10      4 |    7.10        0.00
POST     POST /api/v1/auth/login                                                           50     0(0.00%) |   1333     411    2233   1400 |    0.00        0.00
--------|----------------------------------------------------------------------------|-------|-------------|-------|-------|-------|-------|--------|-----------
         Aggregated                                                                      1036     0(0.00%) |     70       2    2233      5 |   25.40        0.00

Type     Name                                                                          # reqs      # fails |    Avg     Min     Max    Med |   req/s  failures/s
--------|----------------------------------------------------------------------------|-------|-------------|-------|-------|-------|-------|--------|-----------
GET      GET /api/v1/reservas                                                             781     0(0.00%) |      6       3      82      5 |   18.70        0.00
GET      GET /api/v1/reservas/{id}                                                        254     0(0.00%) |      4       2      10      4 |    7.00        0.00
POST     POST /api/v1/auth/login                                                           50     0(0.00%) |   1333     411    2233   1400 |    0.00        0.00
--------|----------------------------------------------------------------------------|-------|-------------|-------|-------|-------|-------|--------|-----------
         Aggregated                                                                      1085     0(0.00%) |     67       2    2233      5 |   25.70        0.00

Type     Name                                                                          # reqs      # fails |    Avg     Min     Max    Med |   req/s  failures/s
--------|----------------------------------------------------------------------------|-------|-------------|-------|-------|-------|-------|--------|-----------
GET      GET /api/v1/reservas                                                             817     0(0.00%) |      6       3      82      5 |   19.40        0.00
GET      GET /api/v1/reservas/{id}                                                        269     0(0.00%) |      4       2      12      4 |    6.40        0.00
POST     POST /api/v1/auth/login                                                           50     0(0.00%) |   1333     411    2233   1400 |    0.00        0.00
--------|----------------------------------------------------------------------------|-------|-------------|-------|-------|-------|-------|--------|-----------
         Aggregated                                                                      1136     0(0.00%) |     64       2    2233      5 |   25.80        0.00

Type     Name                                                                          # reqs      # fails |    Avg     Min     Max    Med |   req/s  failures/s
--------|----------------------------------------------------------------------------|-------|-------------|-------|-------|-------|-------|--------|-----------
GET      GET /api/v1/reservas                                                             850     0(0.00%) |      6       3      82      5 |   18.90        0.00
GET      GET /api/v1/reservas/{id}                                                        288     0(0.00%) |      4       2      12      4 |    6.40        0.00
POST     POST /api/v1/auth/login                                                           50     0(0.00%) |   1333     411    2233   1400 |    0.00        0.00
--------|----------------------------------------------------------------------------|-------|-------------|-------|-------|-------|-------|--------|-----------
         Aggregated                                                                      1188     0(0.00%) |     61       2    2233      5 |   25.30        0.00

Type     Name                                                                          # reqs      # fails |    Avg     Min     Max    Med |   req/s  failures/s
--------|----------------------------------------------------------------------------|-------|-------------|-------|-------|-------|-------|--------|-----------
GET      GET /api/v1/reservas                                                             886     0(0.00%) |      6       3      82      5 |   17.80        0.00
GET      GET /api/v1/reservas/{id}                                                        304     0(0.00%) |      4       2      12      4 |    6.90        0.00
POST     POST /api/v1/auth/login                                                           50     0(0.00%) |   1333     411    2233   1400 |    0.00        0.00
--------|----------------------------------------------------------------------------|-------|-------------|-------|-------|-------|-------|--------|-----------
         Aggregated                                                                      1240     0(0.00%) |     59       2    2233      5 |   24.70        0.00

Type     Name                                                                          # reqs      # fails |    Avg     Min     Max    Med |   req/s  failures/s
--------|----------------------------------------------------------------------------|-------|-------------|-------|-------|-------|-------|--------|-----------
GET      GET /api/v1/reservas                                                             924     0(0.00%) |      6       3      82      5 |   17.90        0.00
GET      GET /api/v1/reservas/{id}                                                        314     0(0.00%) |      4       2      12      4 |    7.20        0.00
POST     POST /api/v1/auth/login                                                           50     0(0.00%) |   1333     411    2233   1400 |    0.00        0.00
--------|----------------------------------------------------------------------------|-------|-------------|-------|-------|-------|-------|--------|-----------
         Aggregated                                                                      1288     0(0.00%) |     57       2    2233      5 |   25.10        0.00

Type     Name                                                                          # reqs      # fails |    Avg     Min     Max    Med |   req/s  failures/s
--------|----------------------------------------------------------------------------|-------|-------------|-------|-------|-------|-------|--------|-----------
GET      GET /api/v1/reservas                                                             967     0(0.00%) |      6       3      82      5 |   18.00        0.00
GET      GET /api/v1/reservas/{id}                                                        325     0(0.00%) |      4       2      12      4 |    7.60        0.00
POST     POST /api/v1/auth/login                                                           50     0(0.00%) |   1333     411    2233   1400 |    0.00        0.00
--------|----------------------------------------------------------------------------|-------|-------------|-------|-------|-------|-------|--------|-----------
         Aggregated                                                                      1342     0(0.00%) |     55       2    2233      5 |   25.60        0.00

Type     Name                                                                          # reqs      # fails |    Avg     Min     Max    Med |   req/s  failures/s
--------|----------------------------------------------------------------------------|-------|-------------|-------|-------|-------|-------|--------|-----------
GET      GET /api/v1/reservas                                                            1008     0(0.00%) |      6       3      82      5 |   18.10        0.00
GET      GET /api/v1/reservas/{id}                                                        339     0(0.00%) |      4       2      12      4 |    7.20        0.00
POST     POST /api/v1/auth/login                                                           50     0(0.00%) |   1333     411    2233   1400 |    0.00        0.00
--------|----------------------------------------------------------------------------|-------|-------------|-------|-------|-------|-------|--------|-----------
         Aggregated                                                                      1397     0(0.00%) |     53       2    2233      5 |   25.30        0.00

Type     Name                                                                          # reqs      # fails |    Avg     Min     Max    Med |   req/s  failures/s
--------|----------------------------------------------------------------------------|-------|-------------|-------|-------|-------|-------|--------|-----------
GET      GET /api/v1/reservas                                                            1045     0(0.00%) |      6       3      82      5 |   18.70        0.00
GET      GET /api/v1/reservas/{id}                                                        351     0(0.00%) |      4       2      15      4 |    6.80        0.00
POST     POST /api/v1/auth/login                                                           50     0(0.00%) |   1333     411    2233   1400 |    0.00        0.00
--------|----------------------------------------------------------------------------|-------|-------------|-------|-------|-------|-------|--------|-----------
         Aggregated                                                                      1446     0(0.00%) |     51       2    2233      5 |   25.50        0.00

Type     Name                                                                          # reqs      # fails |    Avg     Min     Max    Med |   req/s  failures/s
--------|----------------------------------------------------------------------------|-------|-------------|-------|-------|-------|-------|--------|-----------
GET      GET /api/v1/reservas                                                            1079     0(0.00%) |      6       3      82      6 |   19.60        0.00
GET      GET /api/v1/reservas/{id}                                                        366     0(0.00%) |      4       2      15      4 |    6.50        0.00
POST     POST /api/v1/auth/login                                                           50     0(0.00%) |   1333     411    2233   1400 |    0.00        0.00
--------|----------------------------------------------------------------------------|-------|-------------|-------|-------|-------|-------|--------|-----------
         Aggregated                                                                      1495     0(0.00%) |     50       2    2233      5 |   26.10        0.00

Type     Name                                                                          # reqs      # fails |    Avg     Min     Max    Med |   req/s  failures/s
--------|----------------------------------------------------------------------------|-------|-------------|-------|-------|-------|-------|--------|-----------
GET      GET /api/v1/reservas                                                            1112     0(0.00%) |      6       3      82      6 |   18.80        0.00
GET      GET /api/v1/reservas/{id}                                                        376     0(0.00%) |      4       2      15      4 |    6.10        0.00
POST     POST /api/v1/auth/login                                                           50     0(0.00%) |   1333     411    2233   1400 |    0.00        0.00
--------|----------------------------------------------------------------------------|-------|-------------|-------|-------|-------|-------|--------|-----------
         Aggregated                                                                      1538     0(0.00%) |     49       2    2233      5 |   24.90        0.00

Type     Name                                                                          # reqs      # fails |    Avg     Min     Max    Med |   req/s  failures/s
--------|----------------------------------------------------------------------------|-------|-------------|-------|-------|-------|-------|--------|-----------
GET      GET /api/v1/reservas                                                            1150     0(0.00%) |      6       3      82      6 |   18.90        0.00
GET      GET /api/v1/reservas/{id}                                                        386     0(0.00%) |      4       2      15      4 |    6.00        0.00
POST     POST /api/v1/auth/login                                                           50     0(0.00%) |   1333     411    2233   1400 |    0.00        0.00
--------|----------------------------------------------------------------------------|-------|-------------|-------|-------|-------|-------|--------|-----------
         Aggregated                                                                      1586     0(0.00%) |     47       2    2233      5 |   24.90        0.00

Type     Name                                                                          # reqs      # fails |    Avg     Min     Max    Med |   req/s  failures/s
--------|----------------------------------------------------------------------------|-------|-------------|-------|-------|-------|-------|--------|-----------
GET      GET /api/v1/reservas                                                            1191     0(0.00%) |      6       3      82      6 |   18.40        0.00
GET      GET /api/v1/reservas/{id}                                                        398     0(0.00%) |      4       2      15      4 |    6.10        0.00
POST     POST /api/v1/auth/login                                                           50     0(0.00%) |   1333     411    2233   1400 |    0.00        0.00
--------|----------------------------------------------------------------------------|-------|-------------|-------|-------|-------|-------|--------|-----------
         Aggregated                                                                      1639     0(0.00%) |     46       2    2233      5 |   24.50        0.00

Type     Name                                                                          # reqs      # fails |    Avg     Min     Max    Med |   req/s  failures/s
--------|----------------------------------------------------------------------------|-------|-------------|-------|-------|-------|-------|--------|-----------
GET      GET /api/v1/reservas                                                            1224     0(0.00%) |      6       3      82      6 |   18.70        0.00
GET      GET /api/v1/reservas/{id}                                                        414     0(0.00%) |      4       2      15      4 |    6.00        0.00
POST     POST /api/v1/auth/login                                                           50     0(0.00%) |   1333     411    2233   1400 |    0.00        0.00
--------|----------------------------------------------------------------------------|-------|-------------|-------|-------|-------|-------|--------|-----------
         Aggregated                                                                      1688     0(0.00%) |     45       2    2233      5 |   24.70        0.00

Type     Name                                                                          # reqs      # fails |    Avg     Min     Max    Med |   req/s  failures/s
--------|----------------------------------------------------------------------------|-------|-------------|-------|-------|-------|-------|--------|-----------
GET      GET /api/v1/reservas                                                            1264     0(0.00%) |      6       3      82      6 |   18.30        0.00
GET      GET /api/v1/reservas/{id}                                                        426     0(0.00%) |      4       2      15      4 |    6.10        0.00
POST     POST /api/v1/auth/login                                                           50     0(0.00%) |   1333     411    2233   1400 |    0.00        0.00
--------|----------------------------------------------------------------------------|-------|-------------|-------|-------|-------|-------|--------|-----------
         Aggregated                                                                      1740     0(0.00%) |     44       2    2233      5 |   24.40        0.00

Type     Name                                                                          # reqs      # fails |    Avg     Min     Max    Med |   req/s  failures/s
--------|----------------------------------------------------------------------------|-------|-------------|-------|-------|-------|-------|--------|-----------
GET      GET /api/v1/reservas                                                            1302     0(0.00%) |      6       3      82      6 |   19.20        0.00
GET      GET /api/v1/reservas/{id}                                                        437     0(0.00%) |      4       2      15      4 |    6.30        0.00
POST     POST /api/v1/auth/login                                                           50     0(0.00%) |   1333     411    2233   1400 |    0.00        0.00
--------|----------------------------------------------------------------------------|-------|-------------|-------|-------|-------|-------|--------|-----------
         Aggregated                                                                      1789     0(0.00%) |     43       2    2233      5 |   25.50        0.00

Type     Name                                                                          # reqs      # fails |    Avg     Min     Max    Med |   req/s  failures/s
--------|----------------------------------------------------------------------------|-------|-------------|-------|-------|-------|-------|--------|-----------
GET      GET /api/v1/reservas                                                            1342     0(0.00%) |      6       3      82      6 |   18.70        0.00
GET      GET /api/v1/reservas/{id}                                                        453     0(0.00%) |      4       2      15      4 |    6.10        0.00
POST     POST /api/v1/auth/login                                                           50     0(0.00%) |   1333     411    2233   1400 |    0.00        0.00
--------|----------------------------------------------------------------------------|-------|-------------|-------|-------|-------|-------|--------|-----------
         Aggregated                                                                      1845     0(0.00%) |     41       2    2233      5 |   24.80        0.00

Type     Name                                                                          # reqs      # fails |    Avg     Min     Max    Med |   req/s  failures/s
--------|----------------------------------------------------------------------------|-------|-------------|-------|-------|-------|-------|--------|-----------
GET      GET /api/v1/reservas                                                            1374     0(0.00%) |      6       3      82      6 |   19.00        0.00
GET      GET /api/v1/reservas/{id}                                                        464     0(0.00%) |      4       2      15      4 |    6.50        0.00
POST     POST /api/v1/auth/login                                                           50     0(0.00%) |   1333     411    2233   1400 |    0.00        0.00
--------|----------------------------------------------------------------------------|-------|-------------|-------|-------|-------|-------|--------|-----------
         Aggregated                                                                      1888     0(0.00%) |     41       2    2233      5 |   25.50        0.00

Type     Name                                                                          # reqs      # fails |    Avg     Min     Max    Med |   req/s  failures/s
--------|----------------------------------------------------------------------------|-------|-------------|-------|-------|-------|-------|--------|-----------
GET      GET /api/v1/reservas                                                            1408     0(0.00%) |      6       3      82      6 |   18.50        0.00
GET      GET /api/v1/reservas/{id}                                                        482     0(0.00%) |      4       2      15      4 |    6.40        0.00
POST     POST /api/v1/auth/login                                                           50     0(0.00%) |   1333     411    2233   1400 |    0.00        0.00
--------|----------------------------------------------------------------------------|-------|-------------|-------|-------|-------|-------|--------|-----------
         Aggregated                                                                      1940     0(0.00%) |     40       2    2233      5 |   24.90        0.00

Type     Name                                                                          # reqs      # fails |    Avg     Min     Max    Med |   req/s  failures/s
--------|----------------------------------------------------------------------------|-------|-------------|-------|-------|-------|-------|--------|-----------
GET      GET /api/v1/reservas                                                            1441     0(0.00%) |      6       3      82      6 |   17.60        0.00
GET      GET /api/v1/reservas/{id}                                                        493     0(0.00%) |      4       2      15      4 |    6.90        0.00
POST     POST /api/v1/auth/login                                                           50     0(0.00%) |   1333     411    2233   1400 |    0.00        0.00
--------|----------------------------------------------------------------------------|-------|-------------|-------|-------|-------|-------|--------|-----------
         Aggregated                                                                      1984     0(0.00%) |     39       2    2233      5 |   24.50        0.00

Type     Name                                                                          # reqs      # fails |    Avg     Min     Max    Med |   req/s  failures/s
--------|----------------------------------------------------------------------------|-------|-------------|-------|-------|-------|-------|--------|-----------
GET      GET /api/v1/reservas                                                            1470     0(0.00%) |      6       3      82      6 |   17.90        0.00
GET      GET /api/v1/reservas/{id}                                                        514     0(0.00%) |      4       2      15      4 |    6.70        0.00
POST     POST /api/v1/auth/login                                                           50     0(0.00%) |   1333     411    2233   1400 |    0.00        0.00
--------|----------------------------------------------------------------------------|-------|-------------|-------|-------|-------|-------|--------|-----------
         Aggregated                                                                      2034     0(0.00%) |     38       2    2233      5 |   24.60        0.00

Type     Name                                                                          # reqs      # fails |    Avg     Min     Max    Med |   req/s  failures/s
--------|----------------------------------------------------------------------------|-------|-------------|-------|-------|-------|-------|--------|-----------
GET      GET /api/v1/reservas                                                            1516     0(0.00%) |      6       3      82      6 |   17.10        0.00
GET      GET /api/v1/reservas/{id}                                                        520     0(0.00%) |      4       2      15      4 |    7.40        0.00
POST     POST /api/v1/auth/login                                                           50     0(0.00%) |   1333     411    2233   1400 |    0.00        0.00
--------|----------------------------------------------------------------------------|-------|-------------|-------|-------|-------|-------|--------|-----------
         Aggregated                                                                      2086     0(0.00%) |     37       2    2233      5 |   24.50        0.00

Type     Name                                                                          # reqs      # fails |    Avg     Min     Max    Med |   req/s  failures/s
--------|----------------------------------------------------------------------------|-------|-------------|-------|-------|-------|-------|--------|-----------
GET      GET /api/v1/reservas                                                            1558     0(0.00%) |      6       3      82      6 |   17.50        0.00
GET      GET /api/v1/reservas/{id}                                                        525     0(0.00%) |      4       2      15      4 |    7.10        0.00
POST     POST /api/v1/auth/login                                                           50     0(0.00%) |   1333     411    2233   1400 |    0.00        0.00
--------|----------------------------------------------------------------------------|-------|-------------|-------|-------|-------|-------|--------|-----------
         Aggregated                                                                      2133     0(0.00%) |     37       2    2233      5 |   24.60        0.00

Type     Name                                                                          # reqs      # fails |    Avg     Min     Max    Med |   req/s  failures/s
--------|----------------------------------------------------------------------------|-------|-------------|-------|-------|-------|-------|--------|-----------
GET      GET /api/v1/reservas                                                            1596     0(0.00%) |      6       3      82      6 |   18.20        0.00
GET      GET /api/v1/reservas/{id}                                                        537     0(0.00%) |      4       2      15      4 |    6.40        0.00
POST     POST /api/v1/auth/login                                                           50     0(0.00%) |   1333     411    2233   1400 |    0.00        0.00
--------|----------------------------------------------------------------------------|-------|-------------|-------|-------|-------|-------|--------|-----------
         Aggregated                                                                      2183     0(0.00%) |     36       2    2233      5 |   24.60        0.00

Type     Name                                                                          # reqs      # fails |    Avg     Min     Max    Med |   req/s  failures/s
--------|----------------------------------------------------------------------------|-------|-------------|-------|-------|-------|-------|--------|-----------
GET      GET /api/v1/reservas                                                            1632     0(0.00%) |      6       3      82      6 |   19.20        0.00
GET      GET /api/v1/reservas/{id}                                                        553     0(0.00%) |      4       2      15      4 |    5.40        0.00
POST     POST /api/v1/auth/login                                                           50     0(0.00%) |   1333     411    2233   1400 |    0.00        0.00
--------|----------------------------------------------------------------------------|-------|-------------|-------|-------|-------|-------|--------|-----------
         Aggregated                                                                      2235     0(0.00%) |     35       2    2233      5 |   24.60        0.00

Type     Name                                                                          # reqs      # fails |    Avg     Min     Max    Med |   req/s  failures/s
--------|----------------------------------------------------------------------------|-------|-------------|-------|-------|-------|-------|--------|-----------
GET      GET /api/v1/reservas                                                            1670     0(0.00%) |      6       3      82      6 |   19.00        0.00
GET      GET /api/v1/reservas/{id}                                                        569     0(0.00%) |      4       2      15      4 |    5.80        0.00
POST     POST /api/v1/auth/login                                                           50     0(0.00%) |   1333     411    2233   1400 |    0.00        0.00
--------|----------------------------------------------------------------------------|-------|-------------|-------|-------|-------|-------|--------|-----------
         Aggregated                                                                      2289     0(0.00%) |     34       2    2233      5 |   24.80        0.00

Type     Name                                                                          # reqs      # fails |    Avg     Min     Max    Med |   req/s  failures/s
--------|----------------------------------------------------------------------------|-------|-------------|-------|-------|-------|-------|--------|-----------
GET      GET /api/v1/reservas                                                            1707     0(0.00%) |      6       3      82      6 |   19.80        0.00
GET      GET /api/v1/reservas/{id}                                                        583     0(0.00%) |      4       2      15      4 |    5.80        0.00
POST     POST /api/v1/auth/login                                                           50     0(0.00%) |   1333     411    2233   1400 |    0.00        0.00
--------|----------------------------------------------------------------------------|-------|-------------|-------|-------|-------|-------|--------|-----------
         Aggregated                                                                      2340     0(0.00%) |     34       2    2233      5 |   25.60        0.00

Type     Name                                                                          # reqs      # fails |    Avg     Min     Max    Med |   req/s  failures/s
--------|----------------------------------------------------------------------------|-------|-------------|-------|-------|-------|-------|--------|-----------
GET      GET /api/v1/reservas                                                            1745     0(0.00%) |      6       3      82      6 |   19.00        0.00
GET      GET /api/v1/reservas/{id}                                                        591     0(0.00%) |      4       2      15      4 |    5.90        0.00
POST     POST /api/v1/auth/login                                                           50     0(0.00%) |   1333     411    2233   1400 |    0.00        0.00
--------|----------------------------------------------------------------------------|-------|-------------|-------|-------|-------|-------|--------|-----------
         Aggregated                                                                      2386     0(0.00%) |     33       2    2233      5 |   24.90        0.00

Type     Name                                                                          # reqs      # fails |    Avg     Min     Max    Med |   req/s  failures/s
--------|----------------------------------------------------------------------------|-------|-------------|-------|-------|-------|-------|--------|-----------
GET      GET /api/v1/reservas                                                            1781     0(0.00%) |      6       3      82      6 |   18.60        0.00
GET      GET /api/v1/reservas/{id}                                                        604     0(0.00%) |      4       2      15      4 |    6.50        0.00
POST     POST /api/v1/auth/login                                                           50     0(0.00%) |   1333     411    2233   1400 |    0.00        0.00
--------|----------------------------------------------------------------------------|-------|-------------|-------|-------|-------|-------|--------|-----------
         Aggregated                                                                      2435     0(0.00%) |     33       2    2233      5 |   25.10        0.00

Type     Name                                                                          # reqs      # fails |    Avg     Min     Max    Med |   req/s  failures/s
--------|----------------------------------------------------------------------------|-------|-------------|-------|-------|-------|-------|--------|-----------
GET      GET /api/v1/reservas                                                            1818     0(0.00%) |      6       3      82      6 |   18.50        0.00
GET      GET /api/v1/reservas/{id}                                                        620     0(0.00%) |      4       2      15      4 |    6.90        0.00
POST     POST /api/v1/auth/login                                                           50     0(0.00%) |   1333     411    2233   1400 |    0.00        0.00
--------|----------------------------------------------------------------------------|-------|-------------|-------|-------|-------|-------|--------|-----------
         Aggregated                                                                      2488     0(0.00%) |     32       2    2233      5 |   25.40        0.00

Type     Name                                                                          # reqs      # fails |    Avg     Min     Max    Med |   req/s  failures/s
--------|----------------------------------------------------------------------------|-------|-------------|-------|-------|-------|-------|--------|-----------
GET      GET /api/v1/reservas                                                            1857     0(0.00%) |      6       3      82      6 |   18.70        0.00
GET      GET /api/v1/reservas/{id}                                                        632     0(0.00%) |      4       2      15      4 |    6.70        0.00
POST     POST /api/v1/auth/login                                                           50     0(0.00%) |   1333     411    2233   1400 |    0.00        0.00
--------|----------------------------------------------------------------------------|-------|-------------|-------|-------|-------|-------|--------|-----------
         Aggregated                                                                      2539     0(0.00%) |     32       2    2233      5 |   25.40        0.00

Type     Name                                                                          # reqs      # fails |    Avg     Min     Max    Med |   req/s  failures/s
--------|----------------------------------------------------------------------------|-------|-------------|-------|-------|-------|-------|--------|-----------
GET      GET /api/v1/reservas                                                            1901     0(0.00%) |      6       3      82      5 |   18.30        0.00
GET      GET /api/v1/reservas/{id}                                                        640     0(0.00%) |      4       2      15      4 |    6.20        0.00
POST     POST /api/v1/auth/login                                                           50     0(0.00%) |   1333     411    2233   1400 |    0.00        0.00
--------|----------------------------------------------------------------------------|-------|-------------|-------|-------|-------|-------|--------|-----------
         Aggregated                                                                      2591     0(0.00%) |     31       2    2233      5 |   24.50        0.00

Type     Name                                                                          # reqs      # fails |    Avg     Min     Max    Med |   req/s  failures/s
--------|----------------------------------------------------------------------------|-------|-------------|-------|-------|-------|-------|--------|-----------
GET      GET /api/v1/reservas                                                            1940     0(0.00%) |      6       3      82      6 |   19.30        0.00
GET      GET /api/v1/reservas/{id}                                                        650     0(0.00%) |      4       2      15      4 |    6.10        0.00
POST     POST /api/v1/auth/login                                                           50     0(0.00%) |   1333     411    2233   1400 |    0.00        0.00
--------|----------------------------------------------------------------------------|-------|-------------|-------|-------|-------|-------|--------|-----------
         Aggregated                                                                      2640     0(0.00%) |     31       2    2233      5 |   25.40        0.00

Type     Name                                                                          # reqs      # fails |    Avg     Min     Max    Med |   req/s  failures/s
--------|----------------------------------------------------------------------------|-------|-------------|-------|-------|-------|-------|--------|-----------
GET      GET /api/v1/reservas                                                            1976     0(0.00%) |      6       3      82      6 |   19.40        0.00
GET      GET /api/v1/reservas/{id}                                                        660     0(0.00%) |      4       2      15      4 |    5.90        0.00
POST     POST /api/v1/auth/login                                                           50     0(0.00%) |   1333     411    2233   1400 |    0.00        0.00
--------|----------------------------------------------------------------------------|-------|-------------|-------|-------|-------|-------|--------|-----------
         Aggregated                                                                      2686     0(0.00%) |     30       2    2233      5 |   25.30        0.00

Type     Name                                                                          # reqs      # fails |    Avg     Min     Max    Med |   req/s  failures/s
--------|----------------------------------------------------------------------------|-------|-------------|-------|-------|-------|-------|--------|-----------
GET      GET /api/v1/reservas                                                            2012     0(0.00%) |      6       3      82      6 |   19.00        0.00
GET      GET /api/v1/reservas/{id}                                                        673     0(0.00%) |      4       2      15      4 |    5.50        0.00
POST     POST /api/v1/auth/login                                                           50     0(0.00%) |   1333     411    2233   1400 |    0.00        0.00
--------|----------------------------------------------------------------------------|-------|-------------|-------|-------|-------|-------|--------|-----------
         Aggregated                                                                      2735     0(0.00%) |     30       2    2233      5 |   24.50        0.00

Type     Name                                                                          # reqs      # fails |    Avg     Min     Max    Med |   req/s  failures/s
--------|----------------------------------------------------------------------------|-------|-------------|-------|-------|-------|-------|--------|-----------
GET      GET /api/v1/reservas                                                            2052     0(0.00%) |      6       3      82      6 |   18.90        0.00
GET      GET /api/v1/reservas/{id}                                                        685     0(0.00%) |      4       2      15      4 |    5.30        0.00
POST     POST /api/v1/auth/login                                                           50     0(0.00%) |   1333     411    2233   1400 |    0.00        0.00
--------|----------------------------------------------------------------------------|-------|-------------|-------|-------|-------|-------|--------|-----------
         Aggregated                                                                      2787     0(0.00%) |     29       2    2233      5 |   24.20        0.00

Type     Name                                                                          # reqs      # fails |    Avg     Min     Max    Med |   req/s  failures/s
--------|----------------------------------------------------------------------------|-------|-------------|-------|-------|-------|-------|--------|-----------
GET      GET /api/v1/reservas                                                            2089     0(0.00%) |      6       3      82      6 |   19.70        0.00
GET      GET /api/v1/reservas/{id}                                                        703     0(0.00%) |      4       2      15      4 |    5.40        0.00
POST     POST /api/v1/auth/login                                                           50     0(0.00%) |   1333     411    2233   1400 |    0.00        0.00
--------|----------------------------------------------------------------------------|-------|-------------|-------|-------|-------|-------|--------|-----------
         Aggregated                                                                      2842     0(0.00%) |     29       2    2233      5 |   25.10        0.00

Type     Name                                                                          # reqs      # fails |    Avg     Min     Max    Med |   req/s  failures/s
--------|----------------------------------------------------------------------------|-------|-------------|-------|-------|-------|-------|--------|-----------
GET      GET /api/v1/reservas                                                            2124     0(0.00%) |      6       3      82      6 |   18.60        0.00
GET      GET /api/v1/reservas/{id}                                                        712     0(0.00%) |      4       2      15      4 |    5.90        0.00
POST     POST /api/v1/auth/login                                                           50     0(0.00%) |   1333     411    2233   1400 |    0.00        0.00
--------|----------------------------------------------------------------------------|-------|-------------|-------|-------|-------|-------|--------|-----------
         Aggregated                                                                      2886     0(0.00%) |     28       2    2233      5 |   24.50        0.00

Type     Name                                                                          # reqs      # fails |    Avg     Min     Max    Med |   req/s  failures/s
--------|----------------------------------------------------------------------------|-------|-------------|-------|-------|-------|-------|--------|-----------
GET      GET /api/v1/reservas                                                            2165     0(0.00%) |      6       3      82      6 |   18.50        0.00
GET      GET /api/v1/reservas/{id}                                                        719     0(0.00%) |      4       2      15      4 |    6.20        0.00
POST     POST /api/v1/auth/login                                                           50     0(0.00%) |   1333     411    2233   1400 |    0.00        0.00
--------|----------------------------------------------------------------------------|-------|-------------|-------|-------|-------|-------|--------|-----------
         Aggregated                                                                      2934     0(0.00%) |     28       2    2233      5 |   24.70        0.00

Type     Name                                                                          # reqs      # fails |    Avg     Min     Max    Med |   req/s  failures/s
--------|----------------------------------------------------------------------------|-------|-------------|-------|-------|-------|-------|--------|-----------
GET      GET /api/v1/reservas                                                            2204     0(0.00%) |      6       3      82      5 |   19.60        0.00
GET      GET /api/v1/reservas/{id}                                                        736     0(0.00%) |      4       2      15      4 |    6.10        0.00
POST     POST /api/v1/auth/login                                                           50     0(0.00%) |   1333     411    2233   1400 |    0.00        0.00
--------|----------------------------------------------------------------------------|-------|-------------|-------|-------|-------|-------|--------|-----------
         Aggregated                                                                      2990     0(0.00%) |     28       2    2233      5 |   25.70        0.00

Type     Name                                                                          # reqs      # fails |    Avg     Min     Max    Med |   req/s  failures/s
--------|----------------------------------------------------------------------------|-------|-------------|-------|-------|-------|-------|--------|-----------
GET      GET /api/v1/reservas                                                            2238     0(0.00%) |      6       3      82      5 |   19.40        0.00
GET      GET /api/v1/reservas/{id}                                                        753     0(0.00%) |      4       2      15      4 |    6.40        0.00
POST     POST /api/v1/auth/login                                                           50     0(0.00%) |   1333     411    2233   1400 |    0.00        0.00
--------|----------------------------------------------------------------------------|-------|-------------|-------|-------|-------|-------|--------|-----------
         Aggregated                                                                      3041     0(0.00%) |     27       2    2233      5 |   25.80        0.00

Type     Name                                                                          # reqs      # fails |    Avg     Min     Max    Med |   req/s  failures/s
--------|----------------------------------------------------------------------------|-------|-------------|-------|-------|-------|-------|--------|-----------
GET      GET /api/v1/reservas                                                            2278     0(0.00%) |      6       3      82      5 |   18.90        0.00
GET      GET /api/v1/reservas/{id}                                                        764     0(0.00%) |      4       2      15      4 |    6.80        0.00
POST     POST /api/v1/auth/login                                                           50     0(0.00%) |   1333     411    2233   1400 |    0.00        0.00
--------|----------------------------------------------------------------------------|-------|-------------|-------|-------|-------|-------|--------|-----------
         Aggregated                                                                      3092     0(0.00%) |     27       2    2233      5 |   25.70        0.00

Type     Name                                                                          # reqs      # fails |    Avg     Min     Max    Med |   req/s  failures/s
--------|----------------------------------------------------------------------------|-------|-------------|-------|-------|-------|-------|--------|-----------
GET      GET /api/v1/reservas                                                            2318     0(0.00%) |      6       3      82      5 |   19.40        0.00
GET      GET /api/v1/reservas/{id}                                                        775     0(0.00%) |      4       2      15      4 |    6.30        0.00
POST     POST /api/v1/auth/login                                                           50     0(0.00%) |   1333     411    2233   1400 |    0.00        0.00
--------|----------------------------------------------------------------------------|-------|-------------|-------|-------|-------|-------|--------|-----------
         Aggregated                                                                      3143     0(0.00%) |     26       2    2233      5 |   25.70        0.00

Type     Name                                                                          # reqs      # fails |    Avg     Min     Max    Med |   req/s  failures/s
--------|----------------------------------------------------------------------------|-------|-------------|-------|-------|-------|-------|--------|-----------
GET      GET /api/v1/reservas                                                            2361     0(0.00%) |      6       3      82      5 |   19.80        0.00
GET      GET /api/v1/reservas/{id}                                                        782     0(0.00%) |      4       2      15      4 |    6.30        0.00
POST     POST /api/v1/auth/login                                                           50     0(0.00%) |   1333     411    2233   1400 |    0.00        0.00
--------|----------------------------------------------------------------------------|-------|-------------|-------|-------|-------|-------|--------|-----------
         Aggregated                                                                      3193     0(0.00%) |     26       2    2233      5 |   26.10        0.00

Type     Name                                                                          # reqs      # fails |    Avg     Min     Max    Med |   req/s  failures/s
--------|----------------------------------------------------------------------------|-------|-------------|-------|-------|-------|-------|--------|-----------
GET      GET /api/v1/reservas                                                            2405     0(0.00%) |      6       3      82      5 |   19.40        0.00
GET      GET /api/v1/reservas/{id}                                                        791     0(0.00%) |      4       2      15      4 |    6.30        0.00
POST     POST /api/v1/auth/login                                                           50     0(0.00%) |   1333     411    2233   1400 |    0.00        0.00
--------|----------------------------------------------------------------------------|-------|-------------|-------|-------|-------|-------|--------|-----------
         Aggregated                                                                      3246     0(0.00%) |     26       2    2233      5 |   25.70        0.00

Type     Name                                                                          # reqs      # fails |    Avg     Min     Max    Med |   req/s  failures/s
--------|----------------------------------------------------------------------------|-------|-------------|-------|-------|-------|-------|--------|-----------
GET      GET /api/v1/reservas                                                            2442     0(0.00%) |      6       3      82      5 |   19.70        0.00
GET      GET /api/v1/reservas/{id}                                                        799     0(0.00%) |      4       2      15      4 |    5.40        0.00
POST     POST /api/v1/auth/login                                                           50     0(0.00%) |   1333     411    2233   1400 |    0.00        0.00
--------|----------------------------------------------------------------------------|-------|-------------|-------|-------|-------|-------|--------|-----------
         Aggregated                                                                      3291     0(0.00%) |     25       2    2233      5 |   25.10        0.00

Type     Name                                                                          # reqs      # fails |    Avg     Min     Max    Med |   req/s  failures/s
--------|----------------------------------------------------------------------------|-------|-------------|-------|-------|-------|-------|--------|-----------
GET      GET /api/v1/reservas                                                            2482     0(0.00%) |      6       3      82      5 |   20.30        0.00
GET      GET /api/v1/reservas/{id}                                                        809     0(0.00%) |      4       2      15      4 |    4.70        0.00
POST     POST /api/v1/auth/login                                                           50     0(0.00%) |   1333     411    2233   1400 |    0.00        0.00
--------|----------------------------------------------------------------------------|-------|-------------|-------|-------|-------|-------|--------|-----------
         Aggregated                                                                      3341     0(0.00%) |     25       2    2233      5 |   25.00        0.00

Type     Name                                                                          # reqs      # fails |    Avg     Min     Max    Med |   req/s  failures/s
--------|----------------------------------------------------------------------------|-------|-------------|-------|-------|-------|-------|--------|-----------
GET      GET /api/v1/reservas                                                            2522     0(0.00%) |      6       3      82      5 |   20.30        0.00
GET      GET /api/v1/reservas/{id}                                                        822     0(0.00%) |      4       2      15      4 |    4.50        0.00
POST     POST /api/v1/auth/login                                                           50     0(0.00%) |   1333     411    2233   1400 |    0.00        0.00
--------|----------------------------------------------------------------------------|-------|-------------|-------|-------|-------|-------|--------|-----------
         Aggregated                                                                      3394     0(0.00%) |     25       2    2233      5 |   24.80        0.00

Type     Name                                                                          # reqs      # fails |    Avg     Min     Max    Med |   req/s  failures/s
--------|----------------------------------------------------------------------------|-------|-------------|-------|-------|-------|-------|--------|-----------
GET      GET /api/v1/reservas                                                            2562     0(0.00%) |      6       3      82      5 |   20.40        0.00
GET      GET /api/v1/reservas/{id}                                                        835     0(0.00%) |      4       2      15      4 |    4.70        0.00
POST     POST /api/v1/auth/login                                                           50     0(0.00%) |   1333     411    2233   1400 |    0.00        0.00
--------|----------------------------------------------------------------------------|-------|-------------|-------|-------|-------|-------|--------|-----------
         Aggregated                                                                      3447     0(0.00%) |     25       2    2233      5 |   25.10        0.00

Type     Name                                                                          # reqs      # fails |    Avg     Min     Max    Med |   req/s  failures/s
--------|----------------------------------------------------------------------------|-------|-------------|-------|-------|-------|-------|--------|-----------
GET      GET /api/v1/reservas                                                            2594     0(0.00%) |      6       3      82      5 |   19.70        0.00
GET      GET /api/v1/reservas/{id}                                                        852     0(0.00%) |      4       2      17      4 |    5.10        0.00
POST     POST /api/v1/auth/login                                                           50     0(0.00%) |   1333     411    2233   1400 |    0.00        0.00
--------|----------------------------------------------------------------------------|-------|-------------|-------|-------|-------|-------|--------|-----------
         Aggregated                                                                      3496     0(0.00%) |     24       2    2233      5 |   24.80        0.00

Type     Name                                                                          # reqs      # fails |    Avg     Min     Max    Med |   req/s  failures/s
--------|----------------------------------------------------------------------------|-------|-------------|-------|-------|-------|-------|--------|-----------
GET      GET /api/v1/reservas                                                            2624     0(0.00%) |      6       3      82      5 |   19.20        0.00
GET      GET /api/v1/reservas/{id}                                                        867     0(0.00%) |      4       2      17      4 |    6.10        0.00
POST     POST /api/v1/auth/login                                                           50     0(0.00%) |   1333     411    2233   1400 |    0.00        0.00
--------|----------------------------------------------------------------------------|-------|-------------|-------|-------|-------|-------|--------|-----------
         Aggregated                                                                      3541     0(0.00%) |     24       2    2233      5 |   25.30        0.00

Type     Name                                                                          # reqs      # fails |    Avg     Min     Max    Med |   req/s  failures/s
--------|----------------------------------------------------------------------------|-------|-------------|-------|-------|-------|-------|--------|-----------
GET      GET /api/v1/reservas                                                            2661     0(0.00%) |      6       3      82      5 |   18.50        0.00
GET      GET /api/v1/reservas/{id}                                                        883     0(0.00%) |      4       2      17      4 |    6.60        0.00
POST     POST /api/v1/auth/login                                                           50     0(0.00%) |   1333     411    2233   1400 |    0.00        0.00
--------|----------------------------------------------------------------------------|-------|-------------|-------|-------|-------|-------|--------|-----------
         Aggregated                                                                      3594     0(0.00%) |     24       2    2233      5 |   25.10        0.00

Type     Name                                                                          # reqs      # fails |    Avg     Min     Max    Med |   req/s  failures/s
--------|----------------------------------------------------------------------------|-------|-------------|-------|-------|-------|-------|--------|-----------
GET      GET /api/v1/reservas                                                            2700     0(0.00%) |      6       3      82      5 |   18.10        0.00
GET      GET /api/v1/reservas/{id}                                                        892     0(0.00%) |      4       2      19      4 |    7.30        0.00
POST     POST /api/v1/auth/login                                                           50     0(0.00%) |   1333     411    2233   1400 |    0.00        0.00
--------|----------------------------------------------------------------------------|-------|-------------|-------|-------|-------|-------|--------|-----------
         Aggregated                                                                      3642     0(0.00%) |     24       2    2233      5 |   25.40        0.00

Type     Name                                                                          # reqs      # fails |    Avg     Min     Max    Med |   req/s  failures/s
--------|----------------------------------------------------------------------------|-------|-------------|-------|-------|-------|-------|--------|-----------
GET      GET /api/v1/reservas                                                            2736     0(0.00%) |      6       3      82      5 |   17.70        0.00
GET      GET /api/v1/reservas/{id}                                                        907     0(0.00%) |      4       2      19      4 |    7.10        0.00
POST     POST /api/v1/auth/login                                                           50     0(0.00%) |   1333     411    2233   1400 |    0.00        0.00
--------|----------------------------------------------------------------------------|-------|-------------|-------|-------|-------|-------|--------|-----------
         Aggregated                                                                      3693     0(0.00%) |     23       2    2233      5 |   24.80        0.00

Type     Name                                                                          # reqs      # fails |    Avg     Min     Max    Med |   req/s  failures/s
--------|----------------------------------------------------------------------------|-------|-------------|-------|-------|-------|-------|--------|-----------
GET      GET /api/v1/reservas                                                            2769     0(0.00%) |      6       3      82      5 |   17.80        0.00
GET      GET /api/v1/reservas/{id}                                                        919     0(0.00%) |      4       2      19      4 |    7.10        0.00
POST     POST /api/v1/auth/login                                                           50     0(0.00%) |   1333     411    2233   1400 |    0.00        0.00
--------|----------------------------------------------------------------------------|-------|-------------|-------|-------|-------|-------|--------|-----------
         Aggregated                                                                      3738     0(0.00%) |     23       2    2233      5 |   24.90        0.00

Type     Name                                                                          # reqs      # fails |    Avg     Min     Max    Med |   req/s  failures/s
--------|----------------------------------------------------------------------------|-------|-------------|-------|-------|-------|-------|--------|-----------
GET      GET /api/v1/reservas                                                            2816     0(0.00%) |      6       3      82      6 |   17.50        0.00
GET      GET /api/v1/reservas/{id}                                                        928     0(0.00%) |      4       2      19      4 |    6.70        0.00
POST     POST /api/v1/auth/login                                                           50     0(0.00%) |   1333     411    2233   1400 |    0.00        0.00
--------|----------------------------------------------------------------------------|-------|-------------|-------|-------|-------|-------|--------|-----------
         Aggregated                                                                      3794     0(0.00%) |     23       2    2233      5 |   24.20        0.00

Type     Name                                                                          # reqs      # fails |    Avg     Min     Max    Med |   req/s  failures/s
--------|----------------------------------------------------------------------------|-------|-------------|-------|-------|-------|-------|--------|-----------
GET      GET /api/v1/reservas                                                            2854     0(0.00%) |      6       3      82      6 |   18.30        0.00
GET      GET /api/v1/reservas/{id}                                                        936     0(0.00%) |      4       2      19      4 |    6.00        0.00
POST     POST /api/v1/auth/login                                                           50     0(0.00%) |   1333     411    2233   1400 |    0.00        0.00
--------|----------------------------------------------------------------------------|-------|-------------|-------|-------|-------|-------|--------|-----------
         Aggregated                                                                      3840     0(0.00%) |     23       2    2233      5 |   24.30        0.00

Type     Name                                                                          # reqs      # fails |    Avg     Min     Max    Med |   req/s  failures/s
--------|----------------------------------------------------------------------------|-------|-------------|-------|-------|-------|-------|--------|-----------
GET      GET /api/v1/reservas                                                            2891     0(0.00%) |      6       3      82      6 |   19.40        0.00
GET      GET /api/v1/reservas/{id}                                                        955     0(0.00%) |      4       2      19      4 |    5.30        0.00
POST     POST /api/v1/auth/login                                                           50     0(0.00%) |   1333     411    2233   1400 |    0.00        0.00
--------|----------------------------------------------------------------------------|-------|-------------|-------|-------|-------|-------|--------|-----------
         Aggregated                                                                      3896     0(0.00%) |     22       2    2233      5 |   24.70        0.00

Type     Name                                                                          # reqs      # fails |    Avg     Min     Max    Med |   req/s  failures/s
--------|----------------------------------------------------------------------------|-------|-------------|-------|-------|-------|-------|--------|-----------
GET      GET /api/v1/reservas                                                            2933     0(0.00%) |      6       3      82      6 |   18.70        0.00
GET      GET /api/v1/reservas/{id}                                                        968     0(0.00%) |      4       2      19      4 |    6.30        0.00
POST     POST /api/v1/auth/login                                                           50     0(0.00%) |   1333     411    2233   1400 |    0.00        0.00
--------|----------------------------------------------------------------------------|-------|-------------|-------|-------|-------|-------|--------|-----------
         Aggregated                                                                      3951     0(0.00%) |     22       2    2233      5 |   25.00        0.00

Type     Name                                                                          # reqs      # fails |    Avg     Min     Max    Med |   req/s  failures/s
--------|----------------------------------------------------------------------------|-------|-------------|-------|-------|-------|-------|--------|-----------
GET      GET /api/v1/reservas                                                            2971     0(0.00%) |      6       3      82      6 |   19.50        0.00
GET      GET /api/v1/reservas/{id}                                                        976     0(0.00%) |      4       2      19      4 |    5.90        0.00
POST     POST /api/v1/auth/login                                                           50     0(0.00%) |   1333     411    2233   1400 |    0.00        0.00
--------|----------------------------------------------------------------------------|-------|-------------|-------|-------|-------|-------|--------|-----------
         Aggregated                                                                      3997     0(0.00%) |     22       2    2233      5 |   25.40        0.00

Type     Name                                                                          # reqs      # fails |    Avg     Min     Max    Med |   req/s  failures/s
--------|----------------------------------------------------------------------------|-------|-------------|-------|-------|-------|-------|--------|-----------
GET      GET /api/v1/reservas                                                            3009     0(0.00%) |      6       3      82      6 |   20.10        0.00
GET      GET /api/v1/reservas/{id}                                                        989     0(0.00%) |      4       2      19      4 |    6.00        0.00
POST     POST /api/v1/auth/login                                                           50     0(0.00%) |   1333     411    2233   1400 |    0.00        0.00
--------|----------------------------------------------------------------------------|-------|-------------|-------|-------|-------|-------|--------|-----------
         Aggregated                                                                      4048     0(0.00%) |     22       2    2233      5 |   26.10        0.00

Type     Name                                                                          # reqs      # fails |    Avg     Min     Max    Med |   req/s  failures/s
--------|----------------------------------------------------------------------------|-------|-------------|-------|-------|-------|-------|--------|-----------
GET      GET /api/v1/reservas                                                            3047     0(0.00%) |      6       3      82      6 |   19.60        0.00
GET      GET /api/v1/reservas/{id}                                                        999     0(0.00%) |      4       2      19      4 |    6.40        0.00
POST     POST /api/v1/auth/login                                                           50     0(0.00%) |   1333     411    2233   1400 |    0.00        0.00
--------|----------------------------------------------------------------------------|-------|-------------|-------|-------|-------|-------|--------|-----------
         Aggregated                                                                      4096     0(0.00%) |     21       2    2233      5 |   26.00        0.00

Type     Name                                                                          # reqs      # fails |    Avg     Min     Max    Med |   req/s  failures/s
--------|----------------------------------------------------------------------------|-------|-------------|-------|-------|-------|-------|--------|-----------
GET      GET /api/v1/reservas                                                            3091     0(0.00%) |      6       3      82      5 |   19.00        0.00
GET      GET /api/v1/reservas/{id}                                                       1008     0(0.00%) |      4       2      19      4 |    6.50        0.00
POST     POST /api/v1/auth/login                                                           50     0(0.00%) |   1333     411    2233   1400 |    0.00        0.00
--------|----------------------------------------------------------------------------|-------|-------------|-------|-------|-------|-------|--------|-----------
         Aggregated                                                                      4149     0(0.00%) |     21       2    2233      5 |   25.50        0.00

Type     Name                                                                          # reqs      # fails |    Avg     Min     Max    Med |   req/s  failures/s
--------|----------------------------------------------------------------------------|-------|-------------|-------|-------|-------|-------|--------|-----------
GET      GET /api/v1/reservas                                                            3131     0(0.00%) |      6       3      82      6 |   19.60        0.00
GET      GET /api/v1/reservas/{id}                                                       1015     0(0.00%) |      4       2      19      4 |    5.30        0.00
POST     POST /api/v1/auth/login                                                           50     0(0.00%) |   1333     411    2233   1400 |    0.00        0.00
--------|----------------------------------------------------------------------------|-------|-------------|-------|-------|-------|-------|--------|-----------
         Aggregated                                                                      4196     0(0.00%) |     21       2    2233      5 |   24.90        0.00

Type     Name                                                                          # reqs      # fails |    Avg     Min     Max    Med |   req/s  failures/s
--------|----------------------------------------------------------------------------|-------|-------------|-------|-------|-------|-------|--------|-----------
GET      GET /api/v1/reservas                                                            3165     0(0.00%) |      6       3      82      6 |   19.70        0.00
GET      GET /api/v1/reservas/{id}                                                       1031     0(0.00%) |      4       2      38      4 |    5.20        0.00
POST     POST /api/v1/auth/login                                                           50     0(0.00%) |   1333     411    2233   1400 |    0.00        0.00
--------|----------------------------------------------------------------------------|-------|-------------|-------|-------|-------|-------|--------|-----------
         Aggregated                                                                      4246     0(0.00%) |     21       2    2233      5 |   24.90        0.00

Type     Name                                                                          # reqs      # fails |    Avg     Min     Max    Med |   req/s  failures/s
--------|----------------------------------------------------------------------------|-------|-------------|-------|-------|-------|-------|--------|-----------
GET      GET /api/v1/reservas                                                            3205     0(0.00%) |      6       3      82      6 |   19.60        0.00
GET      GET /api/v1/reservas/{id}                                                       1044     0(0.00%) |      4       2      38      4 |    5.20        0.00
POST     POST /api/v1/auth/login                                                           50     0(0.00%) |   1333     411    2233   1400 |    0.00        0.00
--------|----------------------------------------------------------------------------|-------|-------------|-------|-------|-------|-------|--------|-----------
         Aggregated                                                                      4299     0(0.00%) |     21       2    2233      5 |   24.80        0.00

Type     Name                                                                          # reqs      # fails |    Avg     Min     Max    Med |   req/s  failures/s
--------|----------------------------------------------------------------------------|-------|-------------|-------|-------|-------|-------|--------|-----------
GET      GET /api/v1/reservas                                                            3242     0(0.00%) |      6       3      82      6 |   19.80        0.00
GET      GET /api/v1/reservas/{id}                                                       1061     0(0.00%) |      4       2      38      4 |    5.40        0.00
POST     POST /api/v1/auth/login                                                           50     0(0.00%) |   1333     411    2233   1400 |    0.00        0.00
--------|----------------------------------------------------------------------------|-------|-------------|-------|-------|-------|-------|--------|-----------
         Aggregated                                                                      4353     0(0.00%) |     21       2    2233      5 |   25.20        0.00

Type     Name                                                                          # reqs      # fails |    Avg     Min     Max    Med |   req/s  failures/s
--------|----------------------------------------------------------------------------|-------|-------------|-------|-------|-------|-------|--------|-----------
GET      GET /api/v1/reservas                                                            3272     0(0.00%) |      6       3      82      6 |   19.80        0.00
GET      GET /api/v1/reservas/{id}                                                       1077     0(0.00%) |      4       2      38      4 |    5.60        0.00
POST     POST /api/v1/auth/login                                                           50     0(0.00%) |   1333     411    2233   1400 |    0.00        0.00
--------|----------------------------------------------------------------------------|-------|-------------|-------|-------|-------|-------|--------|-----------
         Aggregated                                                                      4399     0(0.00%) |     20       2    2233      5 |   25.40        0.00

Type     Name                                                                          # reqs      # fails |    Avg     Min     Max    Med |   req/s  failures/s
--------|----------------------------------------------------------------------------|-------|-------------|-------|-------|-------|-------|--------|-----------
GET      GET /api/v1/reservas                                                            3309     0(0.00%) |      6       3      82      6 |   18.70        0.00
GET      GET /api/v1/reservas/{id}                                                       1092     0(0.00%) |      4       2      70      4 |    6.70        0.00
POST     POST /api/v1/auth/login                                                           50     0(0.00%) |   1333     411    2233   1400 |    0.00        0.00
--------|----------------------------------------------------------------------------|-------|-------------|-------|-------|-------|-------|--------|-----------
         Aggregated                                                                      4451     0(0.00%) |     20       2    2233      5 |   25.40        0.00

Type     Name                                                                          # reqs      # fails |    Avg     Min     Max    Med |   req/s  failures/s
--------|----------------------------------------------------------------------------|-------|-------------|-------|-------|-------|-------|--------|-----------
GET      GET /api/v1/reservas                                                            3346     0(0.00%) |      6       3      82      6 |   18.50        0.00
GET      GET /api/v1/reservas/{id}                                                       1108     0(0.00%) |      4       2      70      4 |    7.50        0.00
POST     POST /api/v1/auth/login                                                           50     0(0.00%) |   1333     411    2233   1400 |    0.00        0.00
--------|----------------------------------------------------------------------------|-------|-------------|-------|-------|-------|-------|--------|-----------
         Aggregated                                                                      4504     0(0.00%) |     20       2    2233      5 |   26.00        0.00

Type     Name                                                                          # reqs      # fails |    Avg     Min     Max    Med |   req/s  failures/s
--------|----------------------------------------------------------------------------|-------|-------------|-------|-------|-------|-------|--------|-----------
GET      GET /api/v1/reservas                                                            3385     0(0.00%) |      6       3      82      6 |   18.20        0.00
GET      GET /api/v1/reservas/{id}                                                       1119     0(0.00%) |      4       2      70      4 |    7.80        0.00
POST     POST /api/v1/auth/login                                                           50     0(0.00%) |   1333     411    2233   1400 |    0.00        0.00
--------|----------------------------------------------------------------------------|-------|-------------|-------|-------|-------|-------|--------|-----------
         Aggregated                                                                      4554     0(0.00%) |     20       2    2233      5 |   26.00        0.00

Type     Name                                                                          # reqs      # fails |    Avg     Min     Max    Med |   req/s  failures/s
--------|----------------------------------------------------------------------------|-------|-------------|-------|-------|-------|-------|--------|-----------
GET      GET /api/v1/reservas                                                            3426     0(0.00%) |      6       3      82      6 |   18.20        0.00
GET      GET /api/v1/reservas/{id}                                                       1127     0(0.00%) |      5       2      70      4 |    7.40        0.00
POST     POST /api/v1/auth/login                                                           50     0(0.00%) |   1333     411    2233   1400 |    0.00        0.00
--------|----------------------------------------------------------------------------|-------|-------------|-------|-------|-------|-------|--------|-----------
         Aggregated                                                                      4603     0(0.00%) |     20       2    2233      5 |   25.60        0.00

Type     Name                                                                          # reqs      # fails |    Avg     Min     Max    Med |   req/s  failures/s
--------|----------------------------------------------------------------------------|-------|-------------|-------|-------|-------|-------|--------|-----------
GET      GET /api/v1/reservas                                                            3463     0(0.00%) |      6       3      82      6 |   17.90        0.00
GET      GET /api/v1/reservas/{id}                                                       1141     0(0.00%) |      5       2      70      4 |    7.00        0.00
POST     POST /api/v1/auth/login                                                           50     0(0.00%) |   1333     411    2233   1400 |    0.00        0.00
--------|----------------------------------------------------------------------------|-------|-------------|-------|-------|-------|-------|--------|-----------
         Aggregated                                                                      4654     0(0.00%) |     20       2    2233      5 |   24.90        0.00

Type     Name                                                                          # reqs      # fails |    Avg     Min     Max    Med |   req/s  failures/s
--------|----------------------------------------------------------------------------|-------|-------------|-------|-------|-------|-------|--------|-----------
GET      GET /api/v1/reservas                                                            3501     0(0.00%) |      6       3      82      6 |   18.90        0.00
GET      GET /api/v1/reservas/{id}                                                       1152     0(0.00%) |      5       2      70      4 |    6.40        0.00
POST     POST /api/v1/auth/login                                                           50     0(0.00%) |   1333     411    2233   1400 |    0.00        0.00
--------|----------------------------------------------------------------------------|-------|-------------|-------|-------|-------|-------|--------|-----------
         Aggregated                                                                      4703     0(0.00%) |     20       2    2233      5 |   25.30        0.00

Type     Name                                                                          # reqs      # fails |    Avg     Min     Max    Med |   req/s  failures/s
--------|----------------------------------------------------------------------------|-------|-------------|-------|-------|-------|-------|--------|-----------
GET      GET /api/v1/reservas                                                            3529     0(0.00%) |      6       3      82      6 |   18.30        0.00
GET      GET /api/v1/reservas/{id}                                                       1168     0(0.00%) |      5       2      70      4 |    5.90        0.00
POST     POST /api/v1/auth/login                                                           50     0(0.00%) |   1333     411    2233   1400 |    0.00        0.00
--------|----------------------------------------------------------------------------|-------|-------------|-------|-------|-------|-------|--------|-----------
         Aggregated                                                                      4747     0(0.00%) |     20       2    2233      5 |   24.20        0.00

Type     Name                                                                          # reqs      # fails |    Avg     Min     Max    Med |   req/s  failures/s
--------|----------------------------------------------------------------------------|-------|-------------|-------|-------|-------|-------|--------|-----------
GET      GET /api/v1/reservas                                                            3571     0(0.00%) |      6       3      82      6 |   18.10        0.00
GET      GET /api/v1/reservas/{id}                                                       1178     0(0.00%) |      5       2      70      4 |    5.90        0.00
POST     POST /api/v1/auth/login                                                           50     0(0.00%) |   1333     411    2233   1400 |    0.00        0.00
--------|----------------------------------------------------------------------------|-------|-------------|-------|-------|-------|-------|--------|-----------
         Aggregated                                                                      4799     0(0.00%) |     19       2    2233      5 |   24.00        0.00

Type     Name                                                                          # reqs      # fails |    Avg     Min     Max    Med |   req/s  failures/s
--------|----------------------------------------------------------------------------|-------|-------------|-------|-------|-------|-------|--------|-----------
GET      GET /api/v1/reservas                                                            3604     0(0.00%) |      6       3      82      6 |   18.30        0.00
GET      GET /api/v1/reservas/{id}                                                       1192     0(0.00%) |      5       2      70      4 |    5.90        0.00
POST     POST /api/v1/auth/login                                                           50     0(0.00%) |   1333     411    2233   1400 |    0.00        0.00
--------|----------------------------------------------------------------------------|-------|-------------|-------|-------|-------|-------|--------|-----------
         Aggregated                                                                      4846     0(0.00%) |     19       2    2233      5 |   24.20        0.00

Type     Name                                                                          # reqs      # fails |    Avg     Min     Max    Med |   req/s  failures/s
--------|----------------------------------------------------------------------------|-------|-------------|-------|-------|-------|-------|--------|-----------
GET      GET /api/v1/reservas                                                            3641     0(0.00%) |      6       3      82      6 |   17.70        0.00
GET      GET /api/v1/reservas/{id}                                                       1204     0(0.00%) |      5       2      70      4 |    6.40        0.00
POST     POST /api/v1/auth/login                                                           50     0(0.00%) |   1333     411    2233   1400 |    0.00        0.00
--------|----------------------------------------------------------------------------|-------|-------------|-------|-------|-------|-------|--------|-----------
         Aggregated                                                                      4895     0(0.00%) |     19       2    2233      5 |   24.10        0.00

Type     Name                                                                          # reqs      # fails |    Avg     Min     Max    Med |   req/s  failures/s
--------|----------------------------------------------------------------------------|-------|-------------|-------|-------|-------|-------|--------|-----------
GET      GET /api/v1/reservas                                                            3676     0(0.00%) |      6       3      82      6 |   18.20        0.00
GET      GET /api/v1/reservas/{id}                                                       1224     0(0.00%) |      5       2      70      4 |    6.00        0.00
POST     POST /api/v1/auth/login                                                           50     0(0.00%) |   1333     411    2233   1400 |    0.00        0.00
--------|----------------------------------------------------------------------------|-------|-------------|-------|-------|-------|-------|--------|-----------
         Aggregated                                                                      4950     0(0.00%) |     19       2    2233      5 |   24.20        0.00

Type     Name                                                                          # reqs      # fails |    Avg     Min     Max    Med |   req/s  failures/s
--------|----------------------------------------------------------------------------|-------|-------------|-------|-------|-------|-------|--------|-----------
GET      GET /api/v1/reservas                                                            3715     0(0.00%) |      6       3      82      6 |   17.90        0.00
GET      GET /api/v1/reservas/{id}                                                       1240     0(0.00%) |      5       2      70      4 |    7.10        0.00
POST     POST /api/v1/auth/login                                                           50     0(0.00%) |   1333     411    2233   1400 |    0.00        0.00
--------|----------------------------------------------------------------------------|-------|-------------|-------|-------|-------|-------|--------|-----------
         Aggregated                                                                      5005     0(0.00%) |     19       2    2233      5 |   25.00        0.00

Type     Name                                                                          # reqs      # fails |    Avg     Min     Max    Med |   req/s  failures/s
--------|----------------------------------------------------------------------------|-------|-------------|-------|-------|-------|-------|--------|-----------
GET      GET /api/v1/reservas                                                            3751     0(0.00%) |      6       3      82      6 |   18.30        0.00
GET      GET /api/v1/reservas/{id}                                                       1248     0(0.00%) |      5       2      70      4 |    6.90        0.00
POST     POST /api/v1/auth/login                                                           50     0(0.00%) |   1333     411    2233   1400 |    0.00        0.00
--------|----------------------------------------------------------------------------|-------|-------------|-------|-------|-------|-------|--------|-----------
         Aggregated                                                                      5049     0(0.00%) |     19       2    2233      5 |   25.20        0.00

Type     Name                                                                          # reqs      # fails |    Avg     Min     Max    Med |   req/s  failures/s
--------|----------------------------------------------------------------------------|-------|-------------|-------|-------|-------|-------|--------|-----------
GET      GET /api/v1/reservas                                                            3783     0(0.00%) |      6       3      82      6 |   18.20        0.00
GET      GET /api/v1/reservas/{id}                                                       1265     0(0.00%) |      5       2      70      4 |    7.10        0.00
POST     POST /api/v1/auth/login                                                           50     0(0.00%) |   1333     411    2233   1400 |    0.00        0.00
--------|----------------------------------------------------------------------------|-------|-------------|-------|-------|-------|-------|--------|-----------
         Aggregated                                                                      5098     0(0.00%) |     19       2    2233      5 |   25.30        0.00

Type     Name                                                                          # reqs      # fails |    Avg     Min     Max    Med |   req/s  failures/s
--------|----------------------------------------------------------------------------|-------|-------------|-------|-------|-------|-------|--------|-----------
GET      GET /api/v1/reservas                                                            3829     0(0.00%) |      6       3      82      6 |   18.40        0.00
GET      GET /api/v1/reservas/{id}                                                       1275     0(0.00%) |      5       2      70      4 |    7.60        0.00
POST     POST /api/v1/auth/login                                                           50     0(0.00%) |   1333     411    2233   1400 |    0.00        0.00
--------|----------------------------------------------------------------------------|-------|-------------|-------|-------|-------|-------|--------|-----------
         Aggregated                                                                      5154     0(0.00%) |     18       2    2233      5 |   26.00        0.00

Type     Name                                                                          # reqs      # fails |    Avg     Min     Max    Med |   req/s  failures/s
--------|----------------------------------------------------------------------------|-------|-------------|-------|-------|-------|-------|--------|-----------
GET      GET /api/v1/reservas                                                            3866     0(0.00%) |      6       3      82      6 |   18.10        0.00
GET      GET /api/v1/reservas/{id}                                                       1286     0(0.00%) |      5       2      70      4 |    7.40        0.00
POST     POST /api/v1/auth/login                                                           50     0(0.00%) |   1333     411    2233   1400 |    0.00        0.00
--------|----------------------------------------------------------------------------|-------|-------------|-------|-------|-------|-------|--------|-----------
         Aggregated                                                                      5202     0(0.00%) |     18       2    2233      5 |   25.50        0.00

Type     Name                                                                          # reqs      # fails |    Avg     Min     Max    Med |   req/s  failures/s
--------|----------------------------------------------------------------------------|-------|-------------|-------|-------|-------|-------|--------|-----------
GET      GET /api/v1/reservas                                                            3904     0(0.00%) |      6       3      82      6 |   18.90        0.00
GET      GET /api/v1/reservas/{id}                                                       1294     0(0.00%) |      5       2      70      4 |    6.30        0.00
POST     POST /api/v1/auth/login                                                           50     0(0.00%) |   1333     411    2233   1400 |    0.00        0.00
--------|----------------------------------------------------------------------------|-------|-------------|-------|-------|-------|-------|--------|-----------
         Aggregated                                                                      5248     0(0.00%) |     18       2    2233      5 |   25.20        0.00

Type     Name                                                                          # reqs      # fails |    Avg     Min     Max    Med |   req/s  failures/s
--------|----------------------------------------------------------------------------|-------|-------------|-------|-------|-------|-------|--------|-----------
GET      GET /api/v1/reservas                                                            3944     0(0.00%) |      6       3      82      6 |   19.30        0.00
GET      GET /api/v1/reservas/{id}                                                       1303     0(0.00%) |      5       2      70      4 |    6.00        0.00
POST     POST /api/v1/auth/login                                                           50     0(0.00%) |   1333     411    2233   1400 |    0.00        0.00
--------|----------------------------------------------------------------------------|-------|-------------|-------|-------|-------|-------|--------|-----------
         Aggregated                                                                      5297     0(0.00%) |     18       2    2233      5 |   25.30        0.00

Type     Name                                                                          # reqs      # fails |    Avg     Min     Max    Med |   req/s  failures/s
--------|----------------------------------------------------------------------------|-------|-------------|-------|-------|-------|-------|--------|-----------
GET      GET /api/v1/reservas                                                            3981     0(0.00%) |      6       3      82      6 |   19.40        0.00
GET      GET /api/v1/reservas/{id}                                                       1318     0(0.00%) |      5       2      70      4 |    5.20        0.00
POST     POST /api/v1/auth/login                                                           50     0(0.00%) |   1333     411    2233   1400 |    0.00        0.00
--------|----------------------------------------------------------------------------|-------|-------------|-------|-------|-------|-------|--------|-----------
         Aggregated                                                                      5349     0(0.00%) |     18       2    2233      5 |   24.60        0.00

Type     Name                                                                          # reqs      # fails |    Avg     Min     Max    Med |   req/s  failures/s
--------|----------------------------------------------------------------------------|-------|-------------|-------|-------|-------|-------|--------|-----------
GET      GET /api/v1/reservas                                                            4018     0(0.00%) |      6       3      82      6 |   19.30        0.00
GET      GET /api/v1/reservas/{id}                                                       1329     0(0.00%) |      5       2      70      4 |    5.10        0.00
POST     POST /api/v1/auth/login                                                           50     0(0.00%) |   1333     411    2233   1400 |    0.00        0.00
--------|----------------------------------------------------------------------------|-------|-------------|-------|-------|-------|-------|--------|-----------
         Aggregated                                                                      5397     0(0.00%) |     18       2    2233      5 |   24.40        0.00

Type     Name                                                                          # reqs      # fails |    Avg     Min     Max    Med |   req/s  failures/s
--------|----------------------------------------------------------------------------|-------|-------------|-------|-------|-------|-------|--------|-----------
GET      GET /api/v1/reservas                                                            4060     0(0.00%) |      6       3      82      6 |   19.30        0.00
GET      GET /api/v1/reservas/{id}                                                       1337     0(0.00%) |      5       2      70      4 |    5.60        0.00
POST     POST /api/v1/auth/login                                                           50     0(0.00%) |   1333     411    2233   1400 |    0.00        0.00
--------|----------------------------------------------------------------------------|-------|-------------|-------|-------|-------|-------|--------|-----------
         Aggregated                                                                      5447     0(0.00%) |     18       2    2233      5 |   24.90        0.00

Type     Name                                                                          # reqs      # fails |    Avg     Min     Max    Med |   req/s  failures/s
--------|----------------------------------------------------------------------------|-------|-------------|-------|-------|-------|-------|--------|-----------
GET      GET /api/v1/reservas                                                            4097     0(0.00%) |      6       3      82      6 |   19.30        0.00
GET      GET /api/v1/reservas/{id}                                                       1348     0(0.00%) |      5       2      70      4 |    5.10        0.00
POST     POST /api/v1/auth/login                                                           50     0(0.00%) |   1333     411    2233   1400 |    0.00        0.00
--------|----------------------------------------------------------------------------|-------|-------------|-------|-------|-------|-------|--------|-----------
         Aggregated                                                                      5495     0(0.00%) |     18       2    2233      5 |   24.40        0.00

Type     Name                                                                          # reqs      # fails |    Avg     Min     Max    Med |   req/s  failures/s
--------|----------------------------------------------------------------------------|-------|-------------|-------|-------|-------|-------|--------|-----------
GET      GET /api/v1/reservas                                                            4140     0(0.00%) |      6       3      82      6 |   19.30        0.00
GET      GET /api/v1/reservas/{id}                                                       1360     0(0.00%) |      5       2      70      4 |    5.00        0.00
POST     POST /api/v1/auth/login                                                           50     0(0.00%) |   1333     411    2233   1400 |    0.00        0.00
--------|----------------------------------------------------------------------------|-------|-------------|-------|-------|-------|-------|--------|-----------
         Aggregated                                                                      5550     0(0.00%) |     18       2    2233      5 |   24.30        0.00

Type     Name                                                                          # reqs      # fails |    Avg     Min     Max    Med |   req/s  failures/s
--------|----------------------------------------------------------------------------|-------|-------------|-------|-------|-------|-------|--------|-----------
GET      GET /api/v1/reservas                                                            4176     0(0.00%) |      6       3      82      6 |   19.00        0.00
GET      GET /api/v1/reservas/{id}                                                       1372     0(0.00%) |      5       2      70      4 |    5.90        0.00
POST     POST /api/v1/auth/login                                                           50     0(0.00%) |   1333     411    2233   1400 |    0.00        0.00
--------|----------------------------------------------------------------------------|-------|-------------|-------|-------|-------|-------|--------|-----------
         Aggregated                                                                      5598     0(0.00%) |     17       2    2233      5 |   24.90        0.00

Type     Name                                                                          # reqs      # fails |    Avg     Min     Max    Med |   req/s  failures/s
--------|----------------------------------------------------------------------------|-------|-------------|-------|-------|-------|-------|--------|-----------
GET      GET /api/v1/reservas                                                            4214     0(0.00%) |      6       3      82      6 |   19.30        0.00
GET      GET /api/v1/reservas/{id}                                                       1384     0(0.00%) |      5       2      70      4 |    5.40        0.00
POST     POST /api/v1/auth/login                                                           50     0(0.00%) |   1333     411    2233   1400 |    0.00        0.00
--------|----------------------------------------------------------------------------|-------|-------------|-------|-------|-------|-------|--------|-----------
         Aggregated                                                                      5648     0(0.00%) |     17       2    2233      5 |   24.70        0.00

Type     Name                                                                          # reqs      # fails |    Avg     Min     Max    Med |   req/s  failures/s
--------|----------------------------------------------------------------------------|-------|-------------|-------|-------|-------|-------|--------|-----------
GET      GET /api/v1/reservas                                                            4251     0(0.00%) |      6       3      82      6 |   19.60        0.00
GET      GET /api/v1/reservas/{id}                                                       1398     0(0.00%) |      5       2      70      4 |    5.20        0.00
POST     POST /api/v1/auth/login                                                           50     0(0.00%) |   1333     411    2233   1400 |    0.00        0.00
--------|----------------------------------------------------------------------------|-------|-------------|-------|-------|-------|-------|--------|-----------
         Aggregated                                                                      5699     0(0.00%) |     17       2    2233      5 |   24.80        0.00

Type     Name                                                                          # reqs      # fails |    Avg     Min     Max    Med |   req/s  failures/s
--------|----------------------------------------------------------------------------|-------|-------------|-------|-------|-------|-------|--------|-----------
GET      GET /api/v1/reservas                                                            4285     0(0.00%) |      6       3      82      6 |   19.40        0.00
GET      GET /api/v1/reservas/{id}                                                       1414     0(0.00%) |      5       2      70      4 |    6.20        0.00
POST     POST /api/v1/auth/login                                                           50     0(0.00%) |   1333     411    2233   1400 |    0.00        0.00
--------|----------------------------------------------------------------------------|-------|-------------|-------|-------|-------|-------|--------|-----------
         Aggregated                                                                      5749     0(0.00%) |     17       2    2233      5 |   25.60        0.00

Type     Name                                                                          # reqs      # fails |    Avg     Min     Max    Med |   req/s  failures/s
--------|----------------------------------------------------------------------------|-------|-------------|-------|-------|-------|-------|--------|-----------
GET      GET /api/v1/reservas                                                            4316     0(0.00%) |      6       3      82      6 |   18.50        0.00
GET      GET /api/v1/reservas/{id}                                                       1426     0(0.00%) |      5       2      70      4 |    6.60        0.00
POST     POST /api/v1/auth/login                                                           50     0(0.00%) |   1333     411    2233   1400 |    0.00        0.00
--------|----------------------------------------------------------------------------|-------|-------------|-------|-------|-------|-------|--------|-----------
         Aggregated                                                                      5792     0(0.00%) |     17       2    2233      5 |   25.10        0.00

Type     Name                                                                          # reqs      # fails |    Avg     Min     Max    Med |   req/s  failures/s
--------|----------------------------------------------------------------------------|-------|-------------|-------|-------|-------|-------|--------|-----------
GET      GET /api/v1/reservas                                                            4358     0(0.00%) |      6       3      82      6 |   17.90        0.00
GET      GET /api/v1/reservas/{id}                                                       1436     0(0.00%) |      5       2      70      4 |    6.70        0.00
POST     POST /api/v1/auth/login                                                           50     0(0.00%) |   1333     411    2233   1400 |    0.00        0.00
--------|----------------------------------------------------------------------------|-------|-------------|-------|-------|-------|-------|--------|-----------
         Aggregated                                                                      5844     0(0.00%) |     17       2    2233      5 |   24.60        0.00

Type     Name                                                                          # reqs      # fails |    Avg     Min     Max    Med |   req/s  failures/s
--------|----------------------------------------------------------------------------|-------|-------------|-------|-------|-------|-------|--------|-----------
GET      GET /api/v1/reservas                                                            4395     0(0.00%) |      6       3      82      6 |   19.00        0.00
GET      GET /api/v1/reservas/{id}                                                       1453     0(0.00%) |      5       2      70      4 |    6.60        0.00
POST     POST /api/v1/auth/login                                                           50     0(0.00%) |   1333     411    2233   1400 |    0.00        0.00
--------|----------------------------------------------------------------------------|-------|-------------|-------|-------|-------|-------|--------|-----------
         Aggregated                                                                      5898     0(0.00%) |     17       2    2233      5 |   25.60        0.00

Type     Name                                                                          # reqs      # fails |    Avg     Min     Max    Med |   req/s  failures/s
--------|----------------------------------------------------------------------------|-------|-------------|-------|-------|-------|-------|--------|-----------
GET      GET /api/v1/reservas                                                            4440     0(0.00%) |      6       3      82      6 |   18.50        0.00
GET      GET /api/v1/reservas/{id}                                                       1463     0(0.00%) |      5       2      70      4 |    7.00        0.00
POST     POST /api/v1/auth/login                                                           50     0(0.00%) |   1333     411    2233   1400 |    0.00        0.00
--------|----------------------------------------------------------------------------|-------|-------------|-------|-------|-------|-------|--------|-----------
         Aggregated                                                                      5953     0(0.00%) |     17       2    2233      5 |   25.50        0.00

Type     Name                                                                          # reqs      # fails |    Avg     Min     Max    Med |   req/s  failures/s
--------|----------------------------------------------------------------------------|-------|-------------|-------|-------|-------|-------|--------|-----------
GET      GET /api/v1/reservas                                                            4477     0(0.00%) |      6       3      82      6 |   18.10        0.00
GET      GET /api/v1/reservas/{id}                                                       1476     0(0.00%) |      5       2      70      4 |    6.60        0.00
POST     POST /api/v1/auth/login                                                           50     0(0.00%) |   1333     411    2233   1400 |    0.00        0.00
--------|----------------------------------------------------------------------------|-------|-------------|-------|-------|-------|-------|--------|-----------
         Aggregated                                                                      6003     0(0.00%) |     17       2    2233      5 |   24.70        0.00

Type     Name                                                                          # reqs      # fails |    Avg     Min     Max    Med |   req/s  failures/s
--------|----------------------------------------------------------------------------|-------|-------------|-------|-------|-------|-------|--------|-----------
GET      GET /api/v1/reservas                                                            4514     0(0.00%) |      6       3      82      6 |   19.00        0.00
GET      GET /api/v1/reservas/{id}                                                       1488     0(0.00%) |      5       2      70      4 |    6.30        0.00
POST     POST /api/v1/auth/login                                                           50     0(0.00%) |   1333     411    2233   1400 |    0.00        0.00
--------|----------------------------------------------------------------------------|-------|-------------|-------|-------|-------|-------|--------|-----------
         Aggregated                                                                      6052     0(0.00%) |     17       2    2233      5 |   25.30        0.00

Type     Name                                                                          # reqs      # fails |    Avg     Min     Max    Med |   req/s  failures/s
--------|----------------------------------------------------------------------------|-------|-------------|-------|-------|-------|-------|--------|-----------
GET      GET /api/v1/reservas                                                            4554     0(0.00%) |      6       3      82      6 |   19.90        0.00
GET      GET /api/v1/reservas/{id}                                                       1500     0(0.00%) |      5       2      70      4 |    6.10        0.00
POST     POST /api/v1/auth/login                                                           50     0(0.00%) |   1333     411    2233   1400 |    0.00        0.00
--------|----------------------------------------------------------------------------|-------|-------------|-------|-------|-------|-------|--------|-----------
         Aggregated                                                                      6104     0(0.00%) |     16       2    2233      5 |   26.00        0.00

Type     Name                                                                          # reqs      # fails |    Avg     Min     Max    Med |   req/s  failures/s
--------|----------------------------------------------------------------------------|-------|-------------|-------|-------|-------|-------|--------|-----------
GET      GET /api/v1/reservas                                                            4586     0(0.00%) |      6       3      82      6 |   19.10        0.00
GET      GET /api/v1/reservas/{id}                                                       1515     0(0.00%) |      5       2      70      4 |    6.00        0.00
POST     POST /api/v1/auth/login                                                           50     0(0.00%) |   1333     411    2233   1400 |    0.00        0.00
--------|----------------------------------------------------------------------------|-------|-------------|-------|-------|-------|-------|--------|-----------
         Aggregated                                                                      6151     0(0.00%) |     16       2    2233      5 |   25.10        0.00

Type     Name                                                                          # reqs      # fails |    Avg     Min     Max    Med |   req/s  failures/s
--------|----------------------------------------------------------------------------|-------|-------------|-------|-------|-------|-------|--------|-----------
GET      GET /api/v1/reservas                                                            4622     0(0.00%) |      6       3      82      6 |   18.90        0.00
GET      GET /api/v1/reservas/{id}                                                       1527     0(0.00%) |      5       2      70      4 |    5.80        0.00
POST     POST /api/v1/auth/login                                                           50     0(0.00%) |   1333     411    2233   1400 |    0.00        0.00
--------|----------------------------------------------------------------------------|-------|-------------|-------|-------|-------|-------|--------|-----------
         Aggregated                                                                      6199     0(0.00%) |     16       2    2233      5 |   24.70        0.00

Type     Name                                                                          # reqs      # fails |    Avg     Min     Max    Med |   req/s  failures/s
--------|----------------------------------------------------------------------------|-------|-------------|-------|-------|-------|-------|--------|-----------
GET      GET /api/v1/reservas                                                            4662     0(0.00%) |      6       3      82      6 |   18.50        0.00
GET      GET /api/v1/reservas/{id}                                                       1542     0(0.00%) |      5       2      70      4 |    6.30        0.00
POST     POST /api/v1/auth/login                                                           50     0(0.00%) |   1333     411    2233   1400 |    0.00        0.00
--------|----------------------------------------------------------------------------|-------|-------------|-------|-------|-------|-------|--------|-----------
         Aggregated                                                                      6254     0(0.00%) |     16       2    2233      5 |   24.80        0.00

Type     Name                                                                          # reqs      # fails |    Avg     Min     Max    Med |   req/s  failures/s
--------|----------------------------------------------------------------------------|-------|-------------|-------|-------|-------|-------|--------|-----------
GET      GET /api/v1/reservas                                                            4695     0(0.00%) |      6       3      82      6 |   18.70        0.00
GET      GET /api/v1/reservas/{id}                                                       1556     0(0.00%) |      5       2      70      4 |    6.70        0.00
POST     POST /api/v1/auth/login                                                           50     0(0.00%) |   1333     411    2233   1400 |    0.00        0.00
--------|----------------------------------------------------------------------------|-------|-------------|-------|-------|-------|-------|--------|-----------
         Aggregated                                                                      6301     0(0.00%) |     16       2    2233      5 |   25.40        0.00

Type     Name                                                                          # reqs      # fails |    Avg     Min     Max    Med |   req/s  failures/s
--------|----------------------------------------------------------------------------|-------|-------------|-------|-------|-------|-------|--------|-----------
GET      GET /api/v1/reservas                                                            4729     0(0.00%) |      6       3      82      6 |   18.20        0.00
GET      GET /api/v1/reservas/{id}                                                       1567     0(0.00%) |      5       2      70      4 |    6.70        0.00
POST     POST /api/v1/auth/login                                                           50     0(0.00%) |   1333     411    2233   1400 |    0.00        0.00
--------|----------------------------------------------------------------------------|-------|-------------|-------|-------|-------|-------|--------|-----------
         Aggregated                                                                      6346     0(0.00%) |     16       2    2233      5 |   24.90        0.00

Type     Name                                                                          # reqs      # fails |    Avg     Min     Max    Med |   req/s  failures/s
--------|----------------------------------------------------------------------------|-------|-------------|-------|-------|-------|-------|--------|-----------
GET      GET /api/v1/reservas                                                            4769     0(0.00%) |      6       3      82      6 |   17.60        0.00
GET      GET /api/v1/reservas/{id}                                                       1582     0(0.00%) |      5       2      70      4 |    6.80        0.00
POST     POST /api/v1/auth/login                                                           50     0(0.00%) |   1333     411    2233   1400 |    0.00        0.00
--------|----------------------------------------------------------------------------|-------|-------------|-------|-------|-------|-------|--------|-----------
         Aggregated                                                                      6401     0(0.00%) |     16       2    2233      5 |   24.40        0.00

Type     Name                                                                          # reqs      # fails |    Avg     Min     Max    Med |   req/s  failures/s
--------|----------------------------------------------------------------------------|-------|-------------|-------|-------|-------|-------|--------|-----------
GET      GET /api/v1/reservas                                                            4807     0(0.00%) |      6       3      82      6 |   18.00        0.00
GET      GET /api/v1/reservas/{id}                                                       1593     0(0.00%) |      5       2      70      4 |    7.20        0.00
POST     POST /api/v1/auth/login                                                           50     0(0.00%) |   1333     411    2233   1400 |    0.00        0.00
--------|----------------------------------------------------------------------------|-------|-------------|-------|-------|-------|-------|--------|-----------
         Aggregated                                                                      6450     0(0.00%) |     16       2    2233      5 |   25.20        0.00

Type     Name                                                                          # reqs      # fails |    Avg     Min     Max    Med |   req/s  failures/s
--------|----------------------------------------------------------------------------|-------|-------------|-------|-------|-------|-------|--------|-----------
GET      GET /api/v1/reservas                                                            4846     0(0.00%) |      6       3      82      6 |   18.90        0.00
GET      GET /api/v1/reservas/{id}                                                       1603     0(0.00%) |      5       2      70      4 |    6.70        0.00
POST     POST /api/v1/auth/login                                                           50     0(0.00%) |   1333     411    2233   1400 |    0.00        0.00
--------|----------------------------------------------------------------------------|-------|-------------|-------|-------|-------|-------|--------|-----------
         Aggregated                                                                      6499     0(0.00%) |     16       2    2233      5 |   25.60        0.00

Type     Name                                                                          # reqs      # fails |    Avg     Min     Max    Med |   req/s  failures/s
--------|----------------------------------------------------------------------------|-------|-------------|-------|-------|-------|-------|--------|-----------
GET      GET /api/v1/reservas                                                            4888     0(0.00%) |      6       3      82      6 |   18.70        0.00
GET      GET /api/v1/reservas/{id}                                                       1615     0(0.00%) |      5       2      70      4 |    6.00        0.00
POST     POST /api/v1/auth/login                                                           50     0(0.00%) |   1333     411    2233   1400 |    0.00        0.00
--------|----------------------------------------------------------------------------|-------|-------------|-------|-------|-------|-------|--------|-----------
         Aggregated                                                                      6553     0(0.00%) |     16       2    2233      5 |   24.70        0.00

Type     Name                                                                          # reqs      # fails |    Avg     Min     Max    Med |   req/s  failures/s
--------|----------------------------------------------------------------------------|-------|-------------|-------|-------|-------|-------|--------|-----------
GET      GET /api/v1/reservas                                                            4931     0(0.00%) |      6       3      82      6 |   19.30        0.00
GET      GET /api/v1/reservas/{id}                                                       1622     0(0.00%) |      5       2      70      4 |    5.80        0.00
POST     POST /api/v1/auth/login                                                           50     0(0.00%) |   1333     411    2233   1400 |    0.00        0.00
--------|----------------------------------------------------------------------------|-------|-------------|-------|-------|-------|-------|--------|-----------
         Aggregated                                                                      6603     0(0.00%) |     16       2    2233      5 |   25.10        0.00

Type     Name                                                                          # reqs      # fails |    Avg     Min     Max    Med |   req/s  failures/s
--------|----------------------------------------------------------------------------|-------|-------------|-------|-------|-------|-------|--------|-----------
GET      GET /api/v1/reservas                                                            4962     0(0.00%) |      6       3      82      6 |   20.10        0.00
GET      GET /api/v1/reservas/{id}                                                       1639     0(0.00%) |      5       2      70      4 |    5.80        0.00
POST     POST /api/v1/auth/login                                                           50     0(0.00%) |   1333     411    2233   1400 |    0.00        0.00
--------|----------------------------------------------------------------------------|-------|-------------|-------|-------|-------|-------|--------|-----------
         Aggregated                                                                      6651     0(0.00%) |     16       2    2233      5 |   25.90        0.00

Type     Name                                                                          # reqs      # fails |    Avg     Min     Max    Med |   req/s  failures/s
--------|----------------------------------------------------------------------------|-------|-------------|-------|-------|-------|-------|--------|-----------
GET      GET /api/v1/reservas                                                            5000     0(0.00%) |      6       3      82      6 |   19.60        0.00
GET      GET /api/v1/reservas/{id}                                                       1653     0(0.00%) |      5       2      70      4 |    5.40        0.00
POST     POST /api/v1/auth/login                                                           50     0(0.00%) |   1333     411    2233   1400 |    0.00        0.00
--------|----------------------------------------------------------------------------|-------|-------------|-------|-------|-------|-------|--------|-----------
         Aggregated                                                                      6703     0(0.00%) |     15       2    2233      5 |   25.00        0.00

Type     Name                                                                          # reqs      # fails |    Avg     Min     Max    Med |   req/s  failures/s
--------|----------------------------------------------------------------------------|-------|-------------|-------|-------|-------|-------|--------|-----------
GET      GET /api/v1/reservas                                                            5037     0(0.00%) |      6       3      82      6 |   18.90        0.00
GET      GET /api/v1/reservas/{id}                                                       1668     0(0.00%) |      5       2      70      4 |    6.00        0.00
POST     POST /api/v1/auth/login                                                           50     0(0.00%) |   1333     411    2233   1400 |    0.00        0.00
--------|----------------------------------------------------------------------------|-------|-------------|-------|-------|-------|-------|--------|-----------
         Aggregated                                                                      6755     0(0.00%) |     15       2    2233      5 |   24.90        0.00

Type     Name                                                                          # reqs      # fails |    Avg     Min     Max    Med |   req/s  failures/s
--------|----------------------------------------------------------------------------|-------|-------------|-------|-------|-------|-------|--------|-----------
GET      GET /api/v1/reservas                                                            5062     0(0.00%) |      6       3      82      6 |   18.80        0.00
GET      GET /api/v1/reservas/{id}                                                       1685     0(0.00%) |      5       2      70      4 |    6.50        0.00
POST     POST /api/v1/auth/login                                                           50     0(0.00%) |   1333     411    2233   1400 |    0.00        0.00
--------|----------------------------------------------------------------------------|-------|-------------|-------|-------|-------|-------|--------|-----------
         Aggregated                                                                      6797     0(0.00%) |     15       2    2233      5 |   25.30        0.00

Type     Name                                                                          # reqs      # fails |    Avg     Min     Max    Med |   req/s  failures/s
--------|----------------------------------------------------------------------------|-------|-------------|-------|-------|-------|-------|--------|-----------
GET      GET /api/v1/reservas                                                            5098     0(0.00%) |      6       3      82      6 |   17.60        0.00
GET      GET /api/v1/reservas/{id}                                                       1701     0(0.00%) |      5       2      70      4 |    7.30        0.00
POST     POST /api/v1/auth/login                                                           50     0(0.00%) |   1333     411    2233   1400 |    0.00        0.00
--------|----------------------------------------------------------------------------|-------|-------------|-------|-------|-------|-------|--------|-----------
         Aggregated                                                                      6849     0(0.00%) |     15       2    2233      5 |   24.90        0.00

Type     Name                                                                          # reqs      # fails |    Avg     Min     Max    Med |   req/s  failures/s
--------|----------------------------------------------------------------------------|-------|-------------|-------|-------|-------|-------|--------|-----------
GET      GET /api/v1/reservas                                                            5142     0(0.00%) |      6       3      82      6 |   16.90        0.00
GET      GET /api/v1/reservas/{id}                                                       1710     0(0.00%) |      5       2      70      4 |    7.60        0.00
POST     POST /api/v1/auth/login                                                           50     0(0.00%) |   1333     411    2233   1400 |    0.00        0.00
--------|----------------------------------------------------------------------------|-------|-------------|-------|-------|-------|-------|--------|-----------
         Aggregated                                                                      6902     0(0.00%) |     15       2    2233      5 |   24.50        0.00

Type     Name                                                                          # reqs      # fails |    Avg     Min     Max    Med |   req/s  failures/s
--------|----------------------------------------------------------------------------|-------|-------------|-------|-------|-------|-------|--------|-----------
GET      GET /api/v1/reservas                                                            5180     0(0.00%) |      6       3      82      6 |   18.00        0.00
GET      GET /api/v1/reservas/{id}                                                       1721     0(0.00%) |      5       2      70      4 |    7.00        0.00
POST     POST /api/v1/auth/login                                                           50     0(0.00%) |   1333     411    2233   1400 |    0.00        0.00
--------|----------------------------------------------------------------------------|-------|-------------|-------|-------|-------|-------|--------|-----------
         Aggregated                                                                      6951     0(0.00%) |     15       2    2233      5 |   25.00        0.00

Type     Name                                                                          # reqs      # fails |    Avg     Min     Max    Med |   req/s  failures/s
--------|----------------------------------------------------------------------------|-------|-------------|-------|-------|-------|-------|--------|-----------
GET      GET /api/v1/reservas                                                            5214     0(0.00%) |      6       3      82      6 |   18.30        0.00
GET      GET /api/v1/reservas/{id}                                                       1737     0(0.00%) |      5       2      70      4 |    6.80        0.00
POST     POST /api/v1/auth/login                                                           50     0(0.00%) |   1333     411    2233   1400 |    0.00        0.00
--------|----------------------------------------------------------------------------|-------|-------------|-------|-------|-------|-------|--------|-----------
         Aggregated                                                                      7001     0(0.00%) |     15       2    2233      5 |   25.10        0.00

Type     Name                                                                          # reqs      # fails |    Avg     Min     Max    Med |   req/s  failures/s
--------|----------------------------------------------------------------------------|-------|-------------|-------|-------|-------|-------|--------|-----------
GET      GET /api/v1/reservas                                                            5252     0(0.00%) |      6       3      82      6 |   17.60        0.00
GET      GET /api/v1/reservas/{id}                                                       1750     0(0.00%) |      5       2      70      4 |    6.90        0.00
POST     POST /api/v1/auth/login                                                           50     0(0.00%) |   1333     411    2233   1400 |    0.00        0.00
--------|----------------------------------------------------------------------------|-------|-------------|-------|-------|-------|-------|--------|-----------
         Aggregated                                                                      7052     0(0.00%) |     15       2    2233      5 |   24.50        0.00

Type     Name                                                                          # reqs      # fails |    Avg     Min     Max    Med |   req/s  failures/s
--------|----------------------------------------------------------------------------|-------|-------------|-------|-------|-------|-------|--------|-----------
GET      GET /api/v1/reservas                                                            5289     0(0.00%) |      6       3      82      6 |   18.70        0.00
GET      GET /api/v1/reservas/{id}                                                       1765     0(0.00%) |      5       2      70      4 |    6.60        0.00
POST     POST /api/v1/auth/login                                                           50     0(0.00%) |   1333     411    2233   1400 |    0.00        0.00
--------|----------------------------------------------------------------------------|-------|-------------|-------|-------|-------|-------|--------|-----------
         Aggregated                                                                      7104     0(0.00%) |     15       2    2233      5 |   25.30        0.00

Type     Name                                                                          # reqs      # fails |    Avg     Min     Max    Med |   req/s  failures/s
--------|----------------------------------------------------------------------------|-------|-------------|-------|-------|-------|-------|--------|-----------
GET      GET /api/v1/reservas                                                            5317     0(0.00%) |      6       3      82      6 |   18.70        0.00
GET      GET /api/v1/reservas/{id}                                                       1783     0(0.00%) |      5       2      70      4 |    6.70        0.00
POST     POST /api/v1/auth/login                                                           50     0(0.00%) |   1333     411    2233   1400 |    0.00        0.00
--------|----------------------------------------------------------------------------|-------|-------------|-------|-------|-------|-------|--------|-----------
         Aggregated                                                                      7150     0(0.00%) |     15       2    2233      5 |   25.40        0.00

Type     Name                                                                          # reqs      # fails |    Avg     Min     Max    Med |   req/s  failures/s
--------|----------------------------------------------------------------------------|-------|-------------|-------|-------|-------|-------|--------|-----------
GET      GET /api/v1/reservas                                                            5353     0(0.00%) |      6       3      82      6 |   17.60        0.00
GET      GET /api/v1/reservas/{id}                                                       1797     0(0.00%) |      5       2      70      4 |    7.30        0.00
POST     POST /api/v1/auth/login                                                           50     0(0.00%) |   1333     411    2233   1400 |    0.00        0.00
--------|----------------------------------------------------------------------------|-------|-------------|-------|-------|-------|-------|--------|-----------
         Aggregated                                                                      7200     0(0.00%) |     15       2    2233      5 |   24.90        0.00

Type     Name                                                                          # reqs      # fails |    Avg     Min     Max    Med |   req/s  failures/s
--------|----------------------------------------------------------------------------|-------|-------------|-------|-------|-------|-------|--------|-----------
GET      GET /api/v1/reservas                                                            5388     0(0.00%) |      6       3      82      6 |   17.60        0.00
GET      GET /api/v1/reservas/{id}                                                       1812     0(0.00%) |      4       2      70      4 |    7.40        0.00
POST     POST /api/v1/auth/login                                                           50     0(0.00%) |   1333     411    2233   1400 |    0.00        0.00
--------|----------------------------------------------------------------------------|-------|-------------|-------|-------|-------|-------|--------|-----------
         Aggregated                                                                      7250     0(0.00%) |     15       2    2233      5 |   25.00        0.00

Type     Name                                                                          # reqs      # fails |    Avg     Min     Max    Med |   req/s  failures/s
--------|----------------------------------------------------------------------------|-------|-------------|-------|-------|-------|-------|--------|-----------
GET      GET /api/v1/reservas                                                            5422     0(0.00%) |      6       3      82      6 |   17.60        0.00
GET      GET /api/v1/reservas/{id}                                                       1825     0(0.00%) |      4       2      70      4 |    7.60        0.00
POST     POST /api/v1/auth/login                                                           50     0(0.00%) |   1333     411    2233   1400 |    0.00        0.00
--------|----------------------------------------------------------------------------|-------|-------------|-------|-------|-------|-------|--------|-----------
         Aggregated                                                                      7297     0(0.00%) |     15       2    2233      5 |   25.20        0.00

Type     Name                                                                          # reqs      # fails |    Avg     Min     Max    Med |   req/s  failures/s
--------|----------------------------------------------------------------------------|-------|-------------|-------|-------|-------|-------|--------|-----------
GET      GET /api/v1/reservas                                                            5466     0(0.00%) |      6       3      82      6 |   16.90        0.00
GET      GET /api/v1/reservas/{id}                                                       1836     0(0.00%) |      4       2      70      4 |    7.20        0.00
POST     POST /api/v1/auth/login                                                           50     0(0.00%) |   1333     411    2233   1400 |    0.00        0.00
--------|----------------------------------------------------------------------------|-------|-------------|-------|-------|-------|-------|--------|-----------
         Aggregated                                                                      7352     0(0.00%) |     15       2    2233      5 |   24.10        0.00

Type     Name                                                                          # reqs      # fails |    Avg     Min     Max    Med |   req/s  failures/s
--------|----------------------------------------------------------------------------|-------|-------------|-------|-------|-------|-------|--------|-----------
GET      GET /api/v1/reservas                                                            5507     0(0.00%) |      6       3      82      6 |   17.90        0.00
GET      GET /api/v1/reservas/{id}                                                       1846     0(0.00%) |      4       2      70      4 |    6.80        0.00
POST     POST /api/v1/auth/login                                                           50     0(0.00%) |   1333     411    2233   1400 |    0.00        0.00
--------|----------------------------------------------------------------------------|-------|-------------|-------|-------|-------|-------|--------|-----------
         Aggregated                                                                      7403     0(0.00%) |     14       2    2233      5 |   24.70        0.00

Type     Name                                                                          # reqs      # fails |    Avg     Min     Max    Med |   req/s  failures/s
--------|----------------------------------------------------------------------------|-------|-------------|-------|-------|-------|-------|--------|-----------
GET      GET /api/v1/reservas                                                            5550     0(0.00%) |      6       3      82      6 |   18.60        0.00
GET      GET /api/v1/reservas/{id}                                                       1856     0(0.00%) |      4       2      70      4 |    6.40        0.00
POST     POST /api/v1/auth/login                                                           50     0(0.00%) |   1333     411    2233   1400 |    0.00        0.00
--------|----------------------------------------------------------------------------|-------|-------------|-------|-------|-------|-------|--------|-----------
         Aggregated                                                                      7456     0(0.00%) |     14       2    2233      5 |   25.00        0.00

[2026-09-20 18:11:14,222] pfc-pruebas-e1/INFO/locust.main: --run-time limit reached, shutting down
[2026-09-20 18:11:14,337] pfc-pruebas-e1/INFO/locust.main: writing html report to file: /home/ubuntu/PFC_ISSUE32/experimentos/resultados/raw/eficiencia_nominal_50u_5m_poblada/rep-06/locust-report.html
[2026-09-20 18:11:14,339] pfc-pruebas-e1/INFO/locust.main: Shutting down (exit code 0)
Type     Name                                                                          # reqs      # fails |    Avg     Min     Max    Med |   req/s  failures/s
--------|----------------------------------------------------------------------------|-------|-------------|-------|-------|-------|-------|--------|-----------
GET      GET /api/v1/reservas                                                            5576     0(0.00%) |      6       3      82      6 |   18.60        0.00
GET      GET /api/v1/reservas/{id}                                                       1870     0(0.00%) |      4       2      70      4 |    6.24        0.00
POST     POST /api/v1/auth/login                                                           50     0(0.00%) |   1333     411    2233   1400 |    0.17        0.00
--------|----------------------------------------------------------------------------|-------|-------------|-------|-------|-------|-------|--------|-----------
         Aggregated                                                                      7496     0(0.00%) |     14       2    2233      5 |   25.00        0.00

Response time percentiles (approximated)
Type     Name                                                                                  50%    66%    75%    80%    90%    95%    98%    99%  99.9% 99.99%   100% # reqs
--------|--------------------------------------------------------------------------------|--------|------|------|------|------|------|------|------|------|------|------|------
GET      GET /api/v1/reservas                                                                    6      6      7      7      8     10     14     19     55     83     83   5576
GET      GET /api/v1/reservas/{id}                                                               4      5      5      6      7      8     11     15     53     70     70   1870
POST     POST /api/v1/auth/login                                                              1400   1600   1600   1800   2200   2200   2200   2200   2200   2200   2200     50
--------|--------------------------------------------------------------------------------|--------|------|------|------|------|------|------|------|------|------|------|------
         Aggregated                                                                              5      6      6      7      8     10     15     33   2000   2200   2200   7496

