[2026-09-20 18:29:46,126] pfc-pruebas-e1/INFO/locust.main: Run time limit set to 300 seconds
[2026-09-20 18:29:46,126] pfc-pruebas-e1/INFO/locust.main: Starting Locust 2.31.6
Type     Name                                                                          # reqs      # fails |    Avg     Min     Max    Med |   req/s  failures/s
--------|----------------------------------------------------------------------------|-------|-------------|-------|-------|-------|-------|--------|-----------
--------|----------------------------------------------------------------------------|-------|-------------|-------|-------|-------|-------|--------|-----------
         Aggregated                                                                         0     0(0.00%) |      0       0       0      0 |    0.00        0.00

[2026-09-20 18:29:46,127] pfc-pruebas-e1/INFO/locust.runners: Ramping to 50 users at a rate of 10.00 per second
Type     Name                                                                          # reqs      # fails |    Avg     Min     Max    Med |   req/s  failures/s
--------|----------------------------------------------------------------------------|-------|-------------|-------|-------|-------|-------|--------|-----------
GET      GET /api/v1/reservas                                                              13     0(0.00%) |     11       6      27     10 |    0.00        0.00
POST     POST /api/v1/auth/login                                                           12     0(0.00%) |    988     766    1199    950 |    0.00        0.00
--------|----------------------------------------------------------------------------|-------|-------------|-------|-------|-------|-------|--------|-----------
         Aggregated                                                                        25     0(0.00%) |    480       6    1199     28 |    0.00        0.00

Type     Name                                                                          # reqs      # fails |    Avg     Min     Max    Med |   req/s  failures/s
--------|----------------------------------------------------------------------------|-------|-------------|-------|-------|-------|-------|--------|-----------
GET      GET /api/v1/reservas                                                              44     0(0.00%) |     21       4     115      8 |    5.00        0.00
GET      GET /api/v1/reservas/{id}                                                          4     0(0.00%) |      6       4       7      6 |    0.00        0.00
POST     POST /api/v1/auth/login                                                           35     0(0.00%) |   1063     714    1580   1000 |    5.00        0.00
--------|----------------------------------------------------------------------------|-------|-------------|-------|-------|-------|-------|--------|-----------
         Aggregated                                                                        83     0(0.00%) |    460       4    1580     36 |   10.00        0.00

[2026-09-20 18:29:50,132] pfc-pruebas-e1/INFO/locust.runners: All users spawned: {"ReservasUser": 50} (50 total users)
Type     Name                                                                          # reqs      # fails |    Avg     Min     Max    Med |   req/s  failures/s
--------|----------------------------------------------------------------------------|-------|-------------|-------|-------|-------|-------|--------|-----------
GET      GET /api/v1/reservas                                                              82     0(0.00%) |     15       4     115      8 |   10.00        0.00
GET      GET /api/v1/reservas/{id}                                                         18     0(0.00%) |      6       3      30      5 |    0.75        0.00
POST     POST /api/v1/auth/login                                                           50     0(0.00%) |   1061     675    1580   1100 |    8.25        0.00
--------|----------------------------------------------------------------------------|-------|-------------|-------|-------|-------|-------|--------|-----------
         Aggregated                                                                       150     0(0.00%) |    363       3    1580     12 |   19.00        0.00

Type     Name                                                                          # reqs      # fails |    Avg     Min     Max    Med |   req/s  failures/s
--------|----------------------------------------------------------------------------|-------|-------------|-------|-------|-------|-------|--------|-----------
GET      GET /api/v1/reservas                                                             118     0(0.00%) |     12       3     115      7 |   13.33        0.00
GET      GET /api/v1/reservas/{id}                                                         34     0(0.00%) |      5       3      30      4 |    3.00        0.00
POST     POST /api/v1/auth/login                                                           50     0(0.00%) |   1061     675    1580   1100 |    8.33        0.00
--------|----------------------------------------------------------------------------|-------|-------------|-------|-------|-------|-------|--------|-----------
         Aggregated                                                                       202     0(0.00%) |    271       3    1580      8 |   24.67        0.00

Type     Name                                                                          # reqs      # fails |    Avg     Min     Max    Med |   req/s  failures/s
--------|----------------------------------------------------------------------------|-------|-------------|-------|-------|-------|-------|--------|-----------
GET      GET /api/v1/reservas                                                             156     0(0.00%) |     11       3     115      7 |   14.25        0.00
GET      GET /api/v1/reservas/{id}                                                         45     0(0.00%) |      5       3      30      4 |    4.00        0.00
POST     POST /api/v1/auth/login                                                           50     0(0.00%) |   1061     675    1580   1100 |    6.25        0.00
--------|----------------------------------------------------------------------------|-------|-------------|-------|-------|-------|-------|--------|-----------
         Aggregated                                                                       251     0(0.00%) |    219       3    1580      7 |   24.50        0.00

Type     Name                                                                          # reqs      # fails |    Avg     Min     Max    Med |   req/s  failures/s
--------|----------------------------------------------------------------------------|-------|-------------|-------|-------|-------|-------|--------|-----------
GET      GET /api/v1/reservas                                                             198     0(0.00%) |      9       3     115      6 |   15.30        0.00
GET      GET /api/v1/reservas/{id}                                                         59     0(0.00%) |      4       2      30      4 |    4.50        0.00
POST     POST /api/v1/auth/login                                                           50     0(0.00%) |   1061     675    1580   1100 |    5.00        0.00
--------|----------------------------------------------------------------------------|-------|-------------|-------|-------|-------|-------|--------|-----------
         Aggregated                                                                       307     0(0.00%) |    180       2    1580      6 |   24.80        0.00

Type     Name                                                                          # reqs      # fails |    Avg     Min     Max    Med |   req/s  failures/s
--------|----------------------------------------------------------------------------|-------|-------------|-------|-------|-------|-------|--------|-----------
GET      GET /api/v1/reservas                                                             229     0(0.00%) |      9       3     115      6 |   18.60        0.00
GET      GET /api/v1/reservas/{id}                                                         74     0(0.00%) |      4       2      30      4 |    5.70        0.00
POST     POST /api/v1/auth/login                                                           50     0(0.00%) |   1061     675    1580   1100 |    4.00        0.00
--------|----------------------------------------------------------------------------|-------|-------------|-------|-------|-------|-------|--------|-----------
         Aggregated                                                                       353     0(0.00%) |    157       2    1580      6 |   28.30        0.00

Type     Name                                                                          # reqs      # fails |    Avg     Min     Max    Med |   req/s  failures/s
--------|----------------------------------------------------------------------------|-------|-------------|-------|-------|-------|-------|--------|-----------
GET      GET /api/v1/reservas                                                             267     0(0.00%) |      8       3     115      6 |   18.30        0.00
GET      GET /api/v1/reservas/{id}                                                         90     0(0.00%) |      4       2      30      4 |    7.00        0.00
POST     POST /api/v1/auth/login                                                           50     0(0.00%) |   1061     675    1580   1100 |    1.70        0.00
--------|----------------------------------------------------------------------------|-------|-------------|-------|-------|-------|-------|--------|-----------
         Aggregated                                                                       407     0(0.00%) |    137       2    1580      6 |   27.00        0.00

Type     Name                                                                          # reqs      # fails |    Avg     Min     Max    Med |   req/s  failures/s
--------|----------------------------------------------------------------------------|-------|-------------|-------|-------|-------|-------|--------|-----------
GET      GET /api/v1/reservas                                                             304     0(0.00%) |      8       3     115      6 |   18.50        0.00
GET      GET /api/v1/reservas/{id}                                                        108     0(0.00%) |      4       2      30      4 |    7.00        0.00
POST     POST /api/v1/auth/login                                                           50     0(0.00%) |   1061     675    1580   1100 |    0.00        0.00
--------|----------------------------------------------------------------------------|-------|-------------|-------|-------|-------|-------|--------|-----------
         Aggregated                                                                       462     0(0.00%) |    121       2    1580      6 |   25.50        0.00

Type     Name                                                                          # reqs      # fails |    Avg     Min     Max    Med |   req/s  failures/s
--------|----------------------------------------------------------------------------|-------|-------------|-------|-------|-------|-------|--------|-----------
GET      GET /api/v1/reservas                                                             343     0(0.00%) |      8       3     115      6 |   18.60        0.00
GET      GET /api/v1/reservas/{id}                                                        115     0(0.00%) |      4       2      30      4 |    7.40        0.00
POST     POST /api/v1/auth/login                                                           50     0(0.00%) |   1061     675    1580   1100 |    0.00        0.00
--------|----------------------------------------------------------------------------|-------|-------------|-------|-------|-------|-------|--------|-----------
         Aggregated                                                                       508     0(0.00%) |    110       2    1580      6 |   26.00        0.00

Type     Name                                                                          # reqs      # fails |    Avg     Min     Max    Med |   req/s  failures/s
--------|----------------------------------------------------------------------------|-------|-------------|-------|-------|-------|-------|--------|-----------
GET      GET /api/v1/reservas                                                             373     0(0.00%) |      7       3     115      6 |   18.90        0.00
GET      GET /api/v1/reservas/{id}                                                        132     0(0.00%) |      4       2      30      4 |    7.00        0.00
POST     POST /api/v1/auth/login                                                           50     0(0.00%) |   1061     675    1580   1100 |    0.00        0.00
--------|----------------------------------------------------------------------------|-------|-------------|-------|-------|-------|-------|--------|-----------
         Aggregated                                                                       555     0(0.00%) |    101       2    1580      5 |   25.90        0.00

Type     Name                                                                          # reqs      # fails |    Avg     Min     Max    Med |   req/s  failures/s
--------|----------------------------------------------------------------------------|-------|-------------|-------|-------|-------|-------|--------|-----------
GET      GET /api/v1/reservas                                                             405     0(0.00%) |      7       3     115      6 |   17.70        0.00
GET      GET /api/v1/reservas/{id}                                                        147     0(0.00%) |      4       2      30      4 |    7.20        0.00
POST     POST /api/v1/auth/login                                                           50     0(0.00%) |   1061     675    1580   1100 |    0.00        0.00
--------|----------------------------------------------------------------------------|-------|-------------|-------|-------|-------|-------|--------|-----------
         Aggregated                                                                       602     0(0.00%) |     94       2    1580      5 |   24.90        0.00

Type     Name                                                                          # reqs      # fails |    Avg     Min     Max    Med |   req/s  failures/s
--------|----------------------------------------------------------------------------|-------|-------------|-------|-------|-------|-------|--------|-----------
GET      GET /api/v1/reservas                                                             441     0(0.00%) |      7       3     115      6 |   17.90        0.00
GET      GET /api/v1/reservas/{id}                                                        161     0(0.00%) |      4       2      30      4 |    7.40        0.00
POST     POST /api/v1/auth/login                                                           50     0(0.00%) |   1061     675    1580   1100 |    0.00        0.00
--------|----------------------------------------------------------------------------|-------|-------------|-------|-------|-------|-------|--------|-----------
         Aggregated                                                                       652     0(0.00%) |     87       2    1580      5 |   25.30        0.00

Type     Name                                                                          # reqs      # fails |    Avg     Min     Max    Med |   req/s  failures/s
--------|----------------------------------------------------------------------------|-------|-------------|-------|-------|-------|-------|--------|-----------
GET      GET /api/v1/reservas                                                             474     0(0.00%) |      7       3     115      6 |   17.50        0.00
GET      GET /api/v1/reservas/{id}                                                        179     0(0.00%) |      4       2      30      4 |    7.20        0.00
POST     POST /api/v1/auth/login                                                           50     0(0.00%) |   1061     675    1580   1100 |    0.00        0.00
--------|----------------------------------------------------------------------------|-------|-------------|-------|-------|-------|-------|--------|-----------
         Aggregated                                                                       703     0(0.00%) |     81       2    1580      5 |   24.70        0.00

Type     Name                                                                          # reqs      # fails |    Avg     Min     Max    Med |   req/s  failures/s
--------|----------------------------------------------------------------------------|-------|-------------|-------|-------|-------|-------|--------|-----------
GET      GET /api/v1/reservas                                                             519     0(0.00%) |      7       3     115      6 |   17.10        0.00
GET      GET /api/v1/reservas/{id}                                                        189     0(0.00%) |      4       2      30      4 |    7.30        0.00
POST     POST /api/v1/auth/login                                                           50     0(0.00%) |   1061     675    1580   1100 |    0.00        0.00
--------|----------------------------------------------------------------------------|-------|-------------|-------|-------|-------|-------|--------|-----------
         Aggregated                                                                       758     0(0.00%) |     76       2    1580      5 |   24.40        0.00

Type     Name                                                                          # reqs      # fails |    Avg     Min     Max    Med |   req/s  failures/s
--------|----------------------------------------------------------------------------|-------|-------------|-------|-------|-------|-------|--------|-----------
GET      GET /api/v1/reservas                                                             551     0(0.00%) |      7       3     115      6 |   17.30        0.00
GET      GET /api/v1/reservas/{id}                                                        207     0(0.00%) |      4       2      30      4 |    7.40        0.00
POST     POST /api/v1/auth/login                                                           50     0(0.00%) |   1061     675    1580   1100 |    0.00        0.00
--------|----------------------------------------------------------------------------|-------|-------------|-------|-------|-------|-------|--------|-----------
         Aggregated                                                                       808     0(0.00%) |     71       2    1580      5 |   24.70        0.00

Type     Name                                                                          # reqs      # fails |    Avg     Min     Max    Med |   req/s  failures/s
--------|----------------------------------------------------------------------------|-------|-------------|-------|-------|-------|-------|--------|-----------
GET      GET /api/v1/reservas                                                             586     0(0.00%) |      7       3     115      6 |   17.70        0.00
GET      GET /api/v1/reservas/{id}                                                        219     0(0.00%) |      4       2      30      4 |    7.70        0.00
POST     POST /api/v1/auth/login                                                           50     0(0.00%) |   1061     675    1580   1100 |    0.00        0.00
--------|----------------------------------------------------------------------------|-------|-------------|-------|-------|-------|-------|--------|-----------
         Aggregated                                                                       855     0(0.00%) |     68       2    1580      5 |   25.40        0.00

Type     Name                                                                          # reqs      # fails |    Avg     Min     Max    Med |   req/s  failures/s
--------|----------------------------------------------------------------------------|-------|-------------|-------|-------|-------|-------|--------|-----------
GET      GET /api/v1/reservas                                                             618     0(0.00%) |      7       3     115      6 |   18.30        0.00
GET      GET /api/v1/reservas/{id}                                                        232     0(0.00%) |      4       2      30      4 |    6.80        0.00
POST     POST /api/v1/auth/login                                                           50     0(0.00%) |   1061     675    1580   1100 |    0.00        0.00
--------|----------------------------------------------------------------------------|-------|-------------|-------|-------|-------|-------|--------|-----------
         Aggregated                                                                       900     0(0.00%) |     64       2    1580      5 |   25.10        0.00

Type     Name                                                                          # reqs      # fails |    Avg     Min     Max    Med |   req/s  failures/s
--------|----------------------------------------------------------------------------|-------|-------------|-------|-------|-------|-------|--------|-----------
GET      GET /api/v1/reservas                                                             656     0(0.00%) |      7       3     115      6 |   17.60        0.00
GET      GET /api/v1/reservas/{id}                                                        246     0(0.00%) |      4       2      30      4 |    7.20        0.00
POST     POST /api/v1/auth/login                                                           50     0(0.00%) |   1061     675    1580   1100 |    0.00        0.00
--------|----------------------------------------------------------------------------|-------|-------------|-------|-------|-------|-------|--------|-----------
         Aggregated                                                                       952     0(0.00%) |     61       2    1580      5 |   24.80        0.00

Type     Name                                                                          # reqs      # fails |    Avg     Min     Max    Med |   req/s  failures/s
--------|----------------------------------------------------------------------------|-------|-------------|-------|-------|-------|-------|--------|-----------
GET      GET /api/v1/reservas                                                             694     0(0.00%) |      6       3     115      6 |   18.20        0.00
GET      GET /api/v1/reservas/{id}                                                        261     0(0.00%) |      4       2      30      4 |    6.70        0.00
POST     POST /api/v1/auth/login                                                           50     0(0.00%) |   1061     675    1580   1100 |    0.00        0.00
--------|----------------------------------------------------------------------------|-------|-------------|-------|-------|-------|-------|--------|-----------
         Aggregated                                                                      1005     0(0.00%) |     58       2    1580      5 |   24.90        0.00

Type     Name                                                                          # reqs      # fails |    Avg     Min     Max    Med |   req/s  failures/s
--------|----------------------------------------------------------------------------|-------|-------------|-------|-------|-------|-------|--------|-----------
GET      GET /api/v1/reservas                                                             731     0(0.00%) |      6       3     115      6 |   17.70        0.00
GET      GET /api/v1/reservas/{id}                                                        270     0(0.00%) |      4       2      30      4 |    7.10        0.00
POST     POST /api/v1/auth/login                                                           50     0(0.00%) |   1061     675    1580   1100 |    0.00        0.00
--------|----------------------------------------------------------------------------|-------|-------------|-------|-------|-------|-------|--------|-----------
         Aggregated                                                                      1051     0(0.00%) |     56       2    1580      5 |   24.80        0.00

Type     Name                                                                          # reqs      # fails |    Avg     Min     Max    Med |   req/s  failures/s
--------|----------------------------------------------------------------------------|-------|-------------|-------|-------|-------|-------|--------|-----------
GET      GET /api/v1/reservas                                                             776     0(0.00%) |      6       3     115      6 |   17.90        0.00
GET      GET /api/v1/reservas/{id}                                                        276     0(0.00%) |      4       2      30      4 |    6.40        0.00
POST     POST /api/v1/auth/login                                                           50     0(0.00%) |   1061     675    1580   1100 |    0.00        0.00
--------|----------------------------------------------------------------------------|-------|-------------|-------|-------|-------|-------|--------|-----------
         Aggregated                                                                      1102     0(0.00%) |     54       2    1580      5 |   24.30        0.00

Type     Name                                                                          # reqs      # fails |    Avg     Min     Max    Med |   req/s  failures/s
--------|----------------------------------------------------------------------------|-------|-------------|-------|-------|-------|-------|--------|-----------
GET      GET /api/v1/reservas                                                             809     0(0.00%) |      6       3     115      6 |   18.60        0.00
GET      GET /api/v1/reservas/{id}                                                        288     0(0.00%) |      4       2      30      4 |    6.10        0.00
POST     POST /api/v1/auth/login                                                           50     0(0.00%) |   1061     675    1580   1100 |    0.00        0.00
--------|----------------------------------------------------------------------------|-------|-------------|-------|-------|-------|-------|--------|-----------
         Aggregated                                                                      1147     0(0.00%) |     52       2    1580      5 |   24.70        0.00

Type     Name                                                                          # reqs      # fails |    Avg     Min     Max    Med |   req/s  failures/s
--------|----------------------------------------------------------------------------|-------|-------------|-------|-------|-------|-------|--------|-----------
GET      GET /api/v1/reservas                                                             853     0(0.00%) |      6       3     115      6 |   19.30        0.00
GET      GET /api/v1/reservas/{id}                                                        302     0(0.00%) |      4       2      30      4 |    5.60        0.00
POST     POST /api/v1/auth/login                                                           50     0(0.00%) |   1061     675    1580   1100 |    0.00        0.00
--------|----------------------------------------------------------------------------|-------|-------------|-------|-------|-------|-------|--------|-----------
         Aggregated                                                                      1205     0(0.00%) |     50       2    1580      5 |   24.90        0.00

Type     Name                                                                          # reqs      # fails |    Avg     Min     Max    Med |   req/s  failures/s
--------|----------------------------------------------------------------------------|-------|-------------|-------|-------|-------|-------|--------|-----------
GET      GET /api/v1/reservas                                                             891     0(0.00%) |      7       3     115      6 |   19.70        0.00
GET      GET /api/v1/reservas/{id}                                                        315     0(0.00%) |      4       2      59      4 |    5.50        0.00
POST     POST /api/v1/auth/login                                                           50     0(0.00%) |   1061     675    1580   1100 |    0.00        0.00
--------|----------------------------------------------------------------------------|-------|-------------|-------|-------|-------|-------|--------|-----------
         Aggregated                                                                      1256     0(0.00%) |     48       2    1580      5 |   25.20        0.00

Type     Name                                                                          # reqs      # fails |    Avg     Min     Max    Med |   req/s  failures/s
--------|----------------------------------------------------------------------------|-------|-------------|-------|-------|-------|-------|--------|-----------
GET      GET /api/v1/reservas                                                             926     0(0.00%) |      7       3     115      6 |   19.60        0.00
GET      GET /api/v1/reservas/{id}                                                        328     0(0.00%) |      4       2      59      4 |    5.40        0.00
POST     POST /api/v1/auth/login                                                           50     0(0.00%) |   1061     675    1580   1100 |    0.00        0.00
--------|----------------------------------------------------------------------------|-------|-------------|-------|-------|-------|-------|--------|-----------
         Aggregated                                                                      1304     0(0.00%) |     46       2    1580      5 |   25.00        0.00

Type     Name                                                                          # reqs      # fails |    Avg     Min     Max    Med |   req/s  failures/s
--------|----------------------------------------------------------------------------|-------|-------------|-------|-------|-------|-------|--------|-----------
GET      GET /api/v1/reservas                                                             963     0(0.00%) |      7       3     115      6 |   19.30        0.00
GET      GET /api/v1/reservas/{id}                                                        342     0(0.00%) |      4       2      59      4 |    5.70        0.00
POST     POST /api/v1/auth/login                                                           50     0(0.00%) |   1061     675    1580   1100 |    0.00        0.00
--------|----------------------------------------------------------------------------|-------|-------------|-------|-------|-------|-------|--------|-----------
         Aggregated                                                                      1355     0(0.00%) |     45       2    1580      5 |   25.00        0.00

Type     Name                                                                          # reqs      # fails |    Avg     Min     Max    Med |   req/s  failures/s
--------|----------------------------------------------------------------------------|-------|-------------|-------|-------|-------|-------|--------|-----------
GET      GET /api/v1/reservas                                                             999     0(0.00%) |      7       3     115      6 |   18.50        0.00
GET      GET /api/v1/reservas/{id}                                                        351     0(0.00%) |      4       2      59      4 |    6.40        0.00
POST     POST /api/v1/auth/login                                                           50     0(0.00%) |   1061     675    1580   1100 |    0.00        0.00
--------|----------------------------------------------------------------------------|-------|-------------|-------|-------|-------|-------|--------|-----------
         Aggregated                                                                      1400     0(0.00%) |     44       2    1580      5 |   24.90        0.00

Type     Name                                                                          # reqs      # fails |    Avg     Min     Max    Med |   req/s  failures/s
--------|----------------------------------------------------------------------------|-------|-------------|-------|-------|-------|-------|--------|-----------
GET      GET /api/v1/reservas                                                            1039     0(0.00%) |      6       3     115      6 |   18.80        0.00
GET      GET /api/v1/reservas/{id}                                                        361     0(0.00%) |      4       2      59      4 |    6.20        0.00
POST     POST /api/v1/auth/login                                                           50     0(0.00%) |   1061     675    1580   1100 |    0.00        0.00
--------|----------------------------------------------------------------------------|-------|-------------|-------|-------|-------|-------|--------|-----------
         Aggregated                                                                      1450     0(0.00%) |     42       2    1580      5 |   25.00        0.00

Type     Name                                                                          # reqs      # fails |    Avg     Min     Max    Med |   req/s  failures/s
--------|----------------------------------------------------------------------------|-------|-------------|-------|-------|-------|-------|--------|-----------
GET      GET /api/v1/reservas                                                            1079     0(0.00%) |      6       3     115      6 |   18.60        0.00
GET      GET /api/v1/reservas/{id}                                                        371     0(0.00%) |      4       2      59      4 |    5.90        0.00
POST     POST /api/v1/auth/login                                                           50     0(0.00%) |   1061     675    1580   1100 |    0.00        0.00
--------|----------------------------------------------------------------------------|-------|-------------|-------|-------|-------|-------|--------|-----------
         Aggregated                                                                      1500     0(0.00%) |     41       2    1580      5 |   24.50        0.00

Type     Name                                                                          # reqs      # fails |    Avg     Min     Max    Med |   req/s  failures/s
--------|----------------------------------------------------------------------------|-------|-------------|-------|-------|-------|-------|--------|-----------
GET      GET /api/v1/reservas                                                            1120     0(0.00%) |      6       3     115      6 |   18.80        0.00
GET      GET /api/v1/reservas/{id}                                                        380     0(0.00%) |      4       2      59      4 |    5.50        0.00
POST     POST /api/v1/auth/login                                                           50     0(0.00%) |   1061     675    1580   1100 |    0.00        0.00
--------|----------------------------------------------------------------------------|-------|-------------|-------|-------|-------|-------|--------|-----------
         Aggregated                                                                      1550     0(0.00%) |     40       2    1580      5 |   24.30        0.00

Type     Name                                                                          # reqs      # fails |    Avg     Min     Max    Med |   req/s  failures/s
--------|----------------------------------------------------------------------------|-------|-------------|-------|-------|-------|-------|--------|-----------
GET      GET /api/v1/reservas                                                            1160     0(0.00%) |      6       3     115      6 |   19.70        0.00
GET      GET /api/v1/reservas/{id}                                                        391     0(0.00%) |      4       2      59      4 |    5.30        0.00
POST     POST /api/v1/auth/login                                                           50     0(0.00%) |   1061     675    1580   1100 |    0.00        0.00
--------|----------------------------------------------------------------------------|-------|-------------|-------|-------|-------|-------|--------|-----------
         Aggregated                                                                      1601     0(0.00%) |     39       2    1580      5 |   25.00        0.00

Type     Name                                                                          # reqs      # fails |    Avg     Min     Max    Med |   req/s  failures/s
--------|----------------------------------------------------------------------------|-------|-------------|-------|-------|-------|-------|--------|-----------
GET      GET /api/v1/reservas                                                            1194     0(0.00%) |      6       3     115      6 |   20.00        0.00
GET      GET /api/v1/reservas/{id}                                                        402     0(0.00%) |      4       2      59      4 |    5.10        0.00
POST     POST /api/v1/auth/login                                                           50     0(0.00%) |   1061     675    1580   1100 |    0.00        0.00
--------|----------------------------------------------------------------------------|-------|-------------|-------|-------|-------|-------|--------|-----------
         Aggregated                                                                      1646     0(0.00%) |     38       2    1580      5 |   25.10        0.00

Type     Name                                                                          # reqs      # fails |    Avg     Min     Max    Med |   req/s  failures/s
--------|----------------------------------------------------------------------------|-------|-------------|-------|-------|-------|-------|--------|-----------
GET      GET /api/v1/reservas                                                            1236     0(0.00%) |      6       3     115      6 |   19.30        0.00
GET      GET /api/v1/reservas/{id}                                                        410     0(0.00%) |      4       2      59      4 |    5.10        0.00
POST     POST /api/v1/auth/login                                                           50     0(0.00%) |   1061     675    1580   1100 |    0.00        0.00
--------|----------------------------------------------------------------------------|-------|-------------|-------|-------|-------|-------|--------|-----------
         Aggregated                                                                      1696     0(0.00%) |     37       2    1580      5 |   24.40        0.00

Type     Name                                                                          # reqs      # fails |    Avg     Min     Max    Med |   req/s  failures/s
--------|----------------------------------------------------------------------------|-------|-------------|-------|-------|-------|-------|--------|-----------
GET      GET /api/v1/reservas                                                            1272     0(0.00%) |      6       3     115      6 |   19.90        0.00
GET      GET /api/v1/reservas/{id}                                                        426     0(0.00%) |      4       2      59      4 |    5.00        0.00
POST     POST /api/v1/auth/login                                                           50     0(0.00%) |   1061     675    1580   1100 |    0.00        0.00
--------|----------------------------------------------------------------------------|-------|-------------|-------|-------|-------|-------|--------|-----------
         Aggregated                                                                      1748     0(0.00%) |     36       2    1580      5 |   24.90        0.00

Type     Name                                                                          # reqs      # fails |    Avg     Min     Max    Med |   req/s  failures/s
--------|----------------------------------------------------------------------------|-------|-------------|-------|-------|-------|-------|--------|-----------
GET      GET /api/v1/reservas                                                            1303     0(0.00%) |      6       3     115      6 |   19.20        0.00
GET      GET /api/v1/reservas/{id}                                                        438     0(0.00%) |      4       2      59      4 |    5.30        0.00
POST     POST /api/v1/auth/login                                                           50     0(0.00%) |   1061     675    1580   1100 |    0.00        0.00
--------|----------------------------------------------------------------------------|-------|-------------|-------|-------|-------|-------|--------|-----------
         Aggregated                                                                      1791     0(0.00%) |     35       2    1580      5 |   24.50        0.00

Type     Name                                                                          # reqs      # fails |    Avg     Min     Max    Med |   req/s  failures/s
--------|----------------------------------------------------------------------------|-------|-------------|-------|-------|-------|-------|--------|-----------
GET      GET /api/v1/reservas                                                            1339     0(0.00%) |      6       3     115      6 |   18.10        0.00
GET      GET /api/v1/reservas/{id}                                                        450     0(0.00%) |      4       2      59      4 |    5.80        0.00
POST     POST /api/v1/auth/login                                                           50     0(0.00%) |   1061     675    1580   1100 |    0.00        0.00
--------|----------------------------------------------------------------------------|-------|-------------|-------|-------|-------|-------|--------|-----------
         Aggregated                                                                      1839     0(0.00%) |     34       2    1580      5 |   23.90        0.00

Type     Name                                                                          # reqs      # fails |    Avg     Min     Max    Med |   req/s  failures/s
--------|----------------------------------------------------------------------------|-------|-------------|-------|-------|-------|-------|--------|-----------
GET      GET /api/v1/reservas                                                            1378     0(0.00%) |      6       3     115      6 |   18.10        0.00
GET      GET /api/v1/reservas/{id}                                                        462     0(0.00%) |      4       2      59      4 |    5.80        0.00
POST     POST /api/v1/auth/login                                                           50     0(0.00%) |   1061     675    1580   1100 |    0.00        0.00
--------|----------------------------------------------------------------------------|-------|-------------|-------|-------|-------|-------|--------|-----------
         Aggregated                                                                      1890     0(0.00%) |     34       2    1580      5 |   23.90        0.00

Type     Name                                                                          # reqs      # fails |    Avg     Min     Max    Med |   req/s  failures/s
--------|----------------------------------------------------------------------------|-------|-------------|-------|-------|-------|-------|--------|-----------
GET      GET /api/v1/reservas                                                            1416     0(0.00%) |      6       3     115      6 |   18.40        0.00
GET      GET /api/v1/reservas/{id}                                                        473     0(0.00%) |      4       2      59      4 |    6.10        0.00
POST     POST /api/v1/auth/login                                                           50     0(0.00%) |   1061     675    1580   1100 |    0.00        0.00
--------|----------------------------------------------------------------------------|-------|-------------|-------|-------|-------|-------|--------|-----------
         Aggregated                                                                      1939     0(0.00%) |     33       2    1580      5 |   24.50        0.00

Type     Name                                                                          # reqs      # fails |    Avg     Min     Max    Med |   req/s  failures/s
--------|----------------------------------------------------------------------------|-------|-------------|-------|-------|-------|-------|--------|-----------
GET      GET /api/v1/reservas                                                            1451     0(0.00%) |      6       3     115      6 |   18.00        0.00
GET      GET /api/v1/reservas/{id}                                                        489     0(0.00%) |      4       2      59      4 |    6.20        0.00
POST     POST /api/v1/auth/login                                                           50     0(0.00%) |   1061     675    1580   1100 |    0.00        0.00
--------|----------------------------------------------------------------------------|-------|-------------|-------|-------|-------|-------|--------|-----------
         Aggregated                                                                      1990     0(0.00%) |     32       2    1580      5 |   24.20        0.00

Type     Name                                                                          # reqs      # fails |    Avg     Min     Max    Med |   req/s  failures/s
--------|----------------------------------------------------------------------------|-------|-------------|-------|-------|-------|-------|--------|-----------
GET      GET /api/v1/reservas                                                            1486     0(0.00%) |      6       3     115      6 |   18.10        0.00
GET      GET /api/v1/reservas/{id}                                                        503     0(0.00%) |      4       2      59      4 |    6.50        0.00
POST     POST /api/v1/auth/login                                                           50     0(0.00%) |   1061     675    1580   1100 |    0.00        0.00
--------|----------------------------------------------------------------------------|-------|-------------|-------|-------|-------|-------|--------|-----------
         Aggregated                                                                      2039     0(0.00%) |     32       2    1580      5 |   24.60        0.00

Type     Name                                                                          # reqs      # fails |    Avg     Min     Max    Med |   req/s  failures/s
--------|----------------------------------------------------------------------------|-------|-------------|-------|-------|-------|-------|--------|-----------
GET      GET /api/v1/reservas                                                            1525     0(0.00%) |      6       3     115      6 |   18.40        0.00
GET      GET /api/v1/reservas/{id}                                                        515     0(0.00%) |      4       2      59      4 |    6.50        0.00
POST     POST /api/v1/auth/login                                                           50     0(0.00%) |   1061     675    1580   1100 |    0.00        0.00
--------|----------------------------------------------------------------------------|-------|-------------|-------|-------|-------|-------|--------|-----------
         Aggregated                                                                      2090     0(0.00%) |     31       2    1580      5 |   24.90        0.00

Type     Name                                                                          # reqs      # fails |    Avg     Min     Max    Med |   req/s  failures/s
--------|----------------------------------------------------------------------------|-------|-------------|-------|-------|-------|-------|--------|-----------
GET      GET /api/v1/reservas                                                            1567     0(0.00%) |      6       3     115      6 |   18.50        0.00
GET      GET /api/v1/reservas/{id}                                                        528     0(0.00%) |      4       2      59      4 |    6.60        0.00
POST     POST /api/v1/auth/login                                                           50     0(0.00%) |   1061     675    1580   1100 |    0.00        0.00
--------|----------------------------------------------------------------------------|-------|-------------|-------|-------|-------|-------|--------|-----------
         Aggregated                                                                      2145     0(0.00%) |     30       2    1580      5 |   25.10        0.00

Type     Name                                                                          # reqs      # fails |    Avg     Min     Max    Med |   req/s  failures/s
--------|----------------------------------------------------------------------------|-------|-------------|-------|-------|-------|-------|--------|-----------
GET      GET /api/v1/reservas                                                            1601     0(0.00%) |      6       3     115      6 |   19.00        0.00
GET      GET /api/v1/reservas/{id}                                                        542     0(0.00%) |      4       2      59      4 |    6.50        0.00
POST     POST /api/v1/auth/login                                                           50     0(0.00%) |   1061     675    1580   1100 |    0.00        0.00
--------|----------------------------------------------------------------------------|-------|-------------|-------|-------|-------|-------|--------|-----------
         Aggregated                                                                      2193     0(0.00%) |     30       2    1580      5 |   25.50        0.00

Type     Name                                                                          # reqs      # fails |    Avg     Min     Max    Med |   req/s  failures/s
--------|----------------------------------------------------------------------------|-------|-------------|-------|-------|-------|-------|--------|-----------
GET      GET /api/v1/reservas                                                            1630     0(0.00%) |      6       3     115      6 |   18.50        0.00
GET      GET /api/v1/reservas/{id}                                                        553     0(0.00%) |      4       2      59      4 |    6.80        0.00
POST     POST /api/v1/auth/login                                                           50     0(0.00%) |   1061     675    1580   1100 |    0.00        0.00
--------|----------------------------------------------------------------------------|-------|-------------|-------|-------|-------|-------|--------|-----------
         Aggregated                                                                      2233     0(0.00%) |     29       2    1580      5 |   25.30        0.00

Type     Name                                                                          # reqs      # fails |    Avg     Min     Max    Med |   req/s  failures/s
--------|----------------------------------------------------------------------------|-------|-------------|-------|-------|-------|-------|--------|-----------
GET      GET /api/v1/reservas                                                            1671     0(0.00%) |      6       3     115      6 |   18.00        0.00
GET      GET /api/v1/reservas/{id}                                                        563     0(0.00%) |      4       2      59      4 |    6.60        0.00
POST     POST /api/v1/auth/login                                                           50     0(0.00%) |   1061     675    1580   1100 |    0.00        0.00
--------|----------------------------------------------------------------------------|-------|-------------|-------|-------|-------|-------|--------|-----------
         Aggregated                                                                      2284     0(0.00%) |     29       2    1580      5 |   24.60        0.00

Type     Name                                                                          # reqs      # fails |    Avg     Min     Max    Med |   req/s  failures/s
--------|----------------------------------------------------------------------------|-------|-------------|-------|-------|-------|-------|--------|-----------
GET      GET /api/v1/reservas                                                            1711     0(0.00%) |      6       3     115      6 |   18.60        0.00
GET      GET /api/v1/reservas/{id}                                                        573     0(0.00%) |      4       2      59      4 |    5.90        0.00
POST     POST /api/v1/auth/login                                                           50     0(0.00%) |   1061     675    1580   1100 |    0.00        0.00
--------|----------------------------------------------------------------------------|-------|-------------|-------|-------|-------|-------|--------|-----------
         Aggregated                                                                      2334     0(0.00%) |     28       2    1580      5 |   24.50        0.00

Type     Name                                                                          # reqs      # fails |    Avg     Min     Max    Med |   req/s  failures/s
--------|----------------------------------------------------------------------------|-------|-------------|-------|-------|-------|-------|--------|-----------
GET      GET /api/v1/reservas                                                            1750     0(0.00%) |      6       3     115      6 |   18.30        0.00
GET      GET /api/v1/reservas/{id}                                                        584     0(0.00%) |      4       2      59      4 |    5.70        0.00
POST     POST /api/v1/auth/login                                                           50     0(0.00%) |   1061     675    1580   1100 |    0.00        0.00
--------|----------------------------------------------------------------------------|-------|-------------|-------|-------|-------|-------|--------|-----------
         Aggregated                                                                      2384     0(0.00%) |     28       2    1580      5 |   24.00        0.00

Type     Name                                                                          # reqs      # fails |    Avg     Min     Max    Med |   req/s  failures/s
--------|----------------------------------------------------------------------------|-------|-------------|-------|-------|-------|-------|--------|-----------
GET      GET /api/v1/reservas                                                            1791     0(0.00%) |      6       3     115      6 |   18.40        0.00
GET      GET /api/v1/reservas/{id}                                                        595     0(0.00%) |      4       2      59      4 |    5.70        0.00
POST     POST /api/v1/auth/login                                                           50     0(0.00%) |   1061     675    1580   1100 |    0.00        0.00
--------|----------------------------------------------------------------------------|-------|-------------|-------|-------|-------|-------|--------|-----------
         Aggregated                                                                      2436     0(0.00%) |     27       2    1580      5 |   24.10        0.00

Type     Name                                                                          # reqs      # fails |    Avg     Min     Max    Med |   req/s  failures/s
--------|----------------------------------------------------------------------------|-------|-------------|-------|-------|-------|-------|--------|-----------
GET      GET /api/v1/reservas                                                            1832     0(0.00%) |      6       3     115      6 |   18.50        0.00
GET      GET /api/v1/reservas/{id}                                                        601     0(0.00%) |      4       2      59      4 |    5.40        0.00
POST     POST /api/v1/auth/login                                                           50     0(0.00%) |   1061     675    1580   1100 |    0.00        0.00
--------|----------------------------------------------------------------------------|-------|-------------|-------|-------|-------|-------|--------|-----------
         Aggregated                                                                      2483     0(0.00%) |     27       2    1580      5 |   23.90        0.00

Type     Name                                                                          # reqs      # fails |    Avg     Min     Max    Med |   req/s  failures/s
--------|----------------------------------------------------------------------------|-------|-------------|-------|-------|-------|-------|--------|-----------
GET      GET /api/v1/reservas                                                            1864     0(0.00%) |      6       3     115      6 |   20.00        0.00
GET      GET /api/v1/reservas/{id}                                                        617     0(0.00%) |      4       2      59      4 |    4.70        0.00
POST     POST /api/v1/auth/login                                                           50     0(0.00%) |   1061     675    1580   1100 |    0.00        0.00
--------|----------------------------------------------------------------------------|-------|-------------|-------|-------|-------|-------|--------|-----------
         Aggregated                                                                      2531     0(0.00%) |     26       2    1580      5 |   24.70        0.00

Type     Name                                                                          # reqs      # fails |    Avg     Min     Max    Med |   req/s  failures/s
--------|----------------------------------------------------------------------------|-------|-------------|-------|-------|-------|-------|--------|-----------
GET      GET /api/v1/reservas                                                            1899     0(0.00%) |      6       3     115      6 |   19.30        0.00
GET      GET /api/v1/reservas/{id}                                                        629     0(0.00%) |      4       2      59      4 |    5.40        0.00
POST     POST /api/v1/auth/login                                                           50     0(0.00%) |   1061     675    1580   1100 |    0.00        0.00
--------|----------------------------------------------------------------------------|-------|-------------|-------|-------|-------|-------|--------|-----------
         Aggregated                                                                      2578     0(0.00%) |     26       2    1580      5 |   24.70        0.00

Type     Name                                                                          # reqs      # fails |    Avg     Min     Max    Med |   req/s  failures/s
--------|----------------------------------------------------------------------------|-------|-------------|-------|-------|-------|-------|--------|-----------
GET      GET /api/v1/reservas                                                            1937     0(0.00%) |      6       3     115      6 |   18.90        0.00
GET      GET /api/v1/reservas/{id}                                                        646     0(0.00%) |      4       2      59      4 |    5.50        0.00
POST     POST /api/v1/auth/login                                                           50     0(0.00%) |   1061     675    1580   1100 |    0.00        0.00
--------|----------------------------------------------------------------------------|-------|-------------|-------|-------|-------|-------|--------|-----------
         Aggregated                                                                      2633     0(0.00%) |     26       2    1580      5 |   24.40        0.00

Type     Name                                                                          # reqs      # fails |    Avg     Min     Max    Med |   req/s  failures/s
--------|----------------------------------------------------------------------------|-------|-------------|-------|-------|-------|-------|--------|-----------
GET      GET /api/v1/reservas                                                            1970     0(0.00%) |      6       3     115      6 |   18.30        0.00
GET      GET /api/v1/reservas/{id}                                                        653     0(0.00%) |      4       2      59      4 |    6.00        0.00
POST     POST /api/v1/auth/login                                                           50     0(0.00%) |   1061     675    1580   1100 |    0.00        0.00
--------|----------------------------------------------------------------------------|-------|-------------|-------|-------|-------|-------|--------|-----------
         Aggregated                                                                      2673     0(0.00%) |     25       2    1580      5 |   24.30        0.00

Type     Name                                                                          # reqs      # fails |    Avg     Min     Max    Med |   req/s  failures/s
--------|----------------------------------------------------------------------------|-------|-------------|-------|-------|-------|-------|--------|-----------
GET      GET /api/v1/reservas                                                            2016     0(0.00%) |      6       3     115      5 |   18.30        0.00
GET      GET /api/v1/reservas/{id}                                                        669     0(0.00%) |      4       2      59      4 |    5.80        0.00
POST     POST /api/v1/auth/login                                                           50     0(0.00%) |   1061     675    1580   1100 |    0.00        0.00
--------|----------------------------------------------------------------------------|-------|-------------|-------|-------|-------|-------|--------|-----------
         Aggregated                                                                      2735     0(0.00%) |     25       2    1580      5 |   24.10        0.00

Type     Name                                                                          # reqs      # fails |    Avg     Min     Max    Med |   req/s  failures/s
--------|----------------------------------------------------------------------------|-------|-------------|-------|-------|-------|-------|--------|-----------
GET      GET /api/v1/reservas                                                            2052     0(0.00%) |      6       3     115      5 |   18.40        0.00
GET      GET /api/v1/reservas/{id}                                                        681     0(0.00%) |      4       2      59      4 |    6.80        0.00
POST     POST /api/v1/auth/login                                                           50     0(0.00%) |   1061     675    1580   1100 |    0.00        0.00
--------|----------------------------------------------------------------------------|-------|-------------|-------|-------|-------|-------|--------|-----------
         Aggregated                                                                      2783     0(0.00%) |     24       2    1580      5 |   25.20        0.00

Type     Name                                                                          # reqs      # fails |    Avg     Min     Max    Med |   req/s  failures/s
--------|----------------------------------------------------------------------------|-------|-------------|-------|-------|-------|-------|--------|-----------
GET      GET /api/v1/reservas                                                            2091     0(0.00%) |      6       3     115      5 |   18.50        0.00
GET      GET /api/v1/reservas/{id}                                                        694     0(0.00%) |      4       2      59      4 |    6.40        0.00
POST     POST /api/v1/auth/login                                                           50     0(0.00%) |   1061     675    1580   1100 |    0.00        0.00
--------|----------------------------------------------------------------------------|-------|-------------|-------|-------|-------|-------|--------|-----------
         Aggregated                                                                      2835     0(0.00%) |     24       2    1580      5 |   24.90        0.00

Type     Name                                                                          # reqs      # fails |    Avg     Min     Max    Med |   req/s  failures/s
--------|----------------------------------------------------------------------------|-------|-------------|-------|-------|-------|-------|--------|-----------
GET      GET /api/v1/reservas                                                            2128     0(0.00%) |      6       3     115      5 |   19.30        0.00
GET      GET /api/v1/reservas/{id}                                                        708     0(0.00%) |      4       2      59      4 |    6.70        0.00
POST     POST /api/v1/auth/login                                                           50     0(0.00%) |   1061     675    1580   1100 |    0.00        0.00
--------|----------------------------------------------------------------------------|-------|-------------|-------|-------|-------|-------|--------|-----------
         Aggregated                                                                      2886     0(0.00%) |     24       2    1580      5 |   26.00        0.00

Type     Name                                                                          # reqs      # fails |    Avg     Min     Max    Med |   req/s  failures/s
--------|----------------------------------------------------------------------------|-------|-------------|-------|-------|-------|-------|--------|-----------
GET      GET /api/v1/reservas                                                            2170     0(0.00%) |      6       3     115      5 |   19.30        0.00
GET      GET /api/v1/reservas/{id}                                                        717     0(0.00%) |      4       2      59      4 |    6.40        0.00
POST     POST /api/v1/auth/login                                                           50     0(0.00%) |   1061     675    1580   1100 |    0.00        0.00
--------|----------------------------------------------------------------------------|-------|-------------|-------|-------|-------|-------|--------|-----------
         Aggregated                                                                      2937     0(0.00%) |     23       2    1580      5 |   25.70        0.00

Type     Name                                                                          # reqs      # fails |    Avg     Min     Max    Med |   req/s  failures/s
--------|----------------------------------------------------------------------------|-------|-------------|-------|-------|-------|-------|--------|-----------
GET      GET /api/v1/reservas                                                            2209     0(0.00%) |      6       3     115      5 |   19.60        0.00
GET      GET /api/v1/reservas/{id}                                                        729     0(0.00%) |      4       2      59      4 |    6.30        0.00
POST     POST /api/v1/auth/login                                                           50     0(0.00%) |   1061     675    1580   1100 |    0.00        0.00
--------|----------------------------------------------------------------------------|-------|-------------|-------|-------|-------|-------|--------|-----------
         Aggregated                                                                      2988     0(0.00%) |     23       2    1580      5 |   25.90        0.00

Type     Name                                                                          # reqs      # fails |    Avg     Min     Max    Med |   req/s  failures/s
--------|----------------------------------------------------------------------------|-------|-------------|-------|-------|-------|-------|--------|-----------
GET      GET /api/v1/reservas                                                            2241     0(0.00%) |      6       3     115      5 |   18.80        0.00
GET      GET /api/v1/reservas/{id}                                                        741     0(0.00%) |      4       2      59      4 |    6.00        0.00
POST     POST /api/v1/auth/login                                                           50     0(0.00%) |   1061     675    1580   1100 |    0.00        0.00
--------|----------------------------------------------------------------------------|-------|-------------|-------|-------|-------|-------|--------|-----------
         Aggregated                                                                      3032     0(0.00%) |     23       2    1580      5 |   24.80        0.00

Type     Name                                                                          # reqs      # fails |    Avg     Min     Max    Med |   req/s  failures/s
--------|----------------------------------------------------------------------------|-------|-------------|-------|-------|-------|-------|--------|-----------
GET      GET /api/v1/reservas                                                            2282     0(0.00%) |      6       3     115      5 |   19.00        0.00
GET      GET /api/v1/reservas/{id}                                                        752     0(0.00%) |      4       2      59      4 |    6.10        0.00
POST     POST /api/v1/auth/login                                                           50     0(0.00%) |   1061     675    1580   1100 |    0.00        0.00
--------|----------------------------------------------------------------------------|-------|-------------|-------|-------|-------|-------|--------|-----------
         Aggregated                                                                      3084     0(0.00%) |     23       2    1580      5 |   25.10        0.00

Type     Name                                                                          # reqs      # fails |    Avg     Min     Max    Med |   req/s  failures/s
--------|----------------------------------------------------------------------------|-------|-------------|-------|-------|-------|-------|--------|-----------
GET      GET /api/v1/reservas                                                            2320     0(0.00%) |      6       3     115      5 |   18.70        0.00
GET      GET /api/v1/reservas/{id}                                                        764     0(0.00%) |      4       2      59      4 |    5.50        0.00
POST     POST /api/v1/auth/login                                                           50     0(0.00%) |   1061     675    1580   1100 |    0.00        0.00
--------|----------------------------------------------------------------------------|-------|-------------|-------|-------|-------|-------|--------|-----------
         Aggregated                                                                      3134     0(0.00%) |     22       2    1580      5 |   24.20        0.00

Type     Name                                                                          # reqs      # fails |    Avg     Min     Max    Med |   req/s  failures/s
--------|----------------------------------------------------------------------------|-------|-------------|-------|-------|-------|-------|--------|-----------
GET      GET /api/v1/reservas                                                            2355     0(0.00%) |      6       3     115      5 |   19.30        0.00
GET      GET /api/v1/reservas/{id}                                                        774     0(0.00%) |      4       2      59      4 |    5.40        0.00
POST     POST /api/v1/auth/login                                                           50     0(0.00%) |   1061     675    1580   1100 |    0.00        0.00
--------|----------------------------------------------------------------------------|-------|-------------|-------|-------|-------|-------|--------|-----------
         Aggregated                                                                      3179     0(0.00%) |     22       2    1580      5 |   24.70        0.00

Type     Name                                                                          # reqs      # fails |    Avg     Min     Max    Med |   req/s  failures/s
--------|----------------------------------------------------------------------------|-------|-------------|-------|-------|-------|-------|--------|-----------
GET      GET /api/v1/reservas                                                            2398     0(0.00%) |      6       3     115      5 |   18.50        0.00
GET      GET /api/v1/reservas/{id}                                                        784     0(0.00%) |      4       2      59      4 |    5.90        0.00
POST     POST /api/v1/auth/login                                                           50     0(0.00%) |   1061     675    1580   1100 |    0.00        0.00
--------|----------------------------------------------------------------------------|-------|-------------|-------|-------|-------|-------|--------|-----------
         Aggregated                                                                      3232     0(0.00%) |     22       2    1580      5 |   24.40        0.00

Type     Name                                                                          # reqs      # fails |    Avg     Min     Max    Med |   req/s  failures/s
--------|----------------------------------------------------------------------------|-------|-------------|-------|-------|-------|-------|--------|-----------
GET      GET /api/v1/reservas                                                            2440     0(0.00%) |      6       3     115      5 |   19.40        0.00
GET      GET /api/v1/reservas/{id}                                                        797     0(0.00%) |      4       2      59      4 |    5.50        0.00
POST     POST /api/v1/auth/login                                                           50     0(0.00%) |   1061     675    1580   1100 |    0.00        0.00
--------|----------------------------------------------------------------------------|-------|-------------|-------|-------|-------|-------|--------|-----------
         Aggregated                                                                      3287     0(0.00%) |     21       2    1580      5 |   24.90        0.00

Type     Name                                                                          # reqs      # fails |    Avg     Min     Max    Med |   req/s  failures/s
--------|----------------------------------------------------------------------------|-------|-------------|-------|-------|-------|-------|--------|-----------
GET      GET /api/v1/reservas                                                            2477     0(0.00%) |      6       3     115      5 |   19.80        0.00
GET      GET /api/v1/reservas/{id}                                                        805     0(0.00%) |      4       2      59      4 |    5.60        0.00
POST     POST /api/v1/auth/login                                                           50     0(0.00%) |   1061     675    1580   1100 |    0.00        0.00
--------|----------------------------------------------------------------------------|-------|-------------|-------|-------|-------|-------|--------|-----------
         Aggregated                                                                      3332     0(0.00%) |     21       2    1580      5 |   25.40        0.00

Type     Name                                                                          # reqs      # fails |    Avg     Min     Max    Med |   req/s  failures/s
--------|----------------------------------------------------------------------------|-------|-------------|-------|-------|-------|-------|--------|-----------
GET      GET /api/v1/reservas                                                            2515     0(0.00%) |      6       3     115      5 |   19.50        0.00
GET      GET /api/v1/reservas/{id}                                                        821     0(0.00%) |      4       2      59      4 |    5.60        0.00
POST     POST /api/v1/auth/login                                                           50     0(0.00%) |   1061     675    1580   1100 |    0.00        0.00
--------|----------------------------------------------------------------------------|-------|-------------|-------|-------|-------|-------|--------|-----------
         Aggregated                                                                      3386     0(0.00%) |     21       2    1580      5 |   25.10        0.00

Type     Name                                                                          # reqs      # fails |    Avg     Min     Max    Med |   req/s  failures/s
--------|----------------------------------------------------------------------------|-------|-------------|-------|-------|-------|-------|--------|-----------
GET      GET /api/v1/reservas                                                            2558     0(0.00%) |      6       3     115      5 |   19.40        0.00
GET      GET /api/v1/reservas/{id}                                                        830     0(0.00%) |      4       2      59      4 |    5.90        0.00
POST     POST /api/v1/auth/login                                                           50     0(0.00%) |   1061     675    1580   1100 |    0.00        0.00
--------|----------------------------------------------------------------------------|-------|-------------|-------|-------|-------|-------|--------|-----------
         Aggregated                                                                      3438     0(0.00%) |     21       2    1580      5 |   25.30        0.00

Type     Name                                                                          # reqs      # fails |    Avg     Min     Max    Med |   req/s  failures/s
--------|----------------------------------------------------------------------------|-------|-------------|-------|-------|-------|-------|--------|-----------
GET      GET /api/v1/reservas                                                            2586     0(0.00%) |      6       3     115      5 |   20.30        0.00
GET      GET /api/v1/reservas/{id}                                                        849     0(0.00%) |      4       2      59      4 |    5.50        0.00
POST     POST /api/v1/auth/login                                                           50     0(0.00%) |   1061     675    1580   1100 |    0.00        0.00
--------|----------------------------------------------------------------------------|-------|-------------|-------|-------|-------|-------|--------|-----------
         Aggregated                                                                      3485     0(0.00%) |     21       2    1580      5 |   25.80        0.00

Type     Name                                                                          # reqs      # fails |    Avg     Min     Max    Med |   req/s  failures/s
--------|----------------------------------------------------------------------------|-------|-------------|-------|-------|-------|-------|--------|-----------
GET      GET /api/v1/reservas                                                            2628     0(0.00%) |      6       3     115      5 |   18.70        0.00
GET      GET /api/v1/reservas/{id}                                                        860     0(0.00%) |      4       2      59      4 |    6.50        0.00
POST     POST /api/v1/auth/login                                                           50     0(0.00%) |   1061     675    1580   1100 |    0.00        0.00
--------|----------------------------------------------------------------------------|-------|-------------|-------|-------|-------|-------|--------|-----------
         Aggregated                                                                      3538     0(0.00%) |     20       2    1580      5 |   25.20        0.00

Type     Name                                                                          # reqs      # fails |    Avg     Min     Max    Med |   req/s  failures/s
--------|----------------------------------------------------------------------------|-------|-------------|-------|-------|-------|-------|--------|-----------
GET      GET /api/v1/reservas                                                            2665     0(0.00%) |      6       3     115      5 |   18.80        0.00
GET      GET /api/v1/reservas/{id}                                                        878     0(0.00%) |      4       2      59      4 |    6.20        0.00
POST     POST /api/v1/auth/login                                                           50     0(0.00%) |   1061     675    1580   1100 |    0.00        0.00
--------|----------------------------------------------------------------------------|-------|-------------|-------|-------|-------|-------|--------|-----------
         Aggregated                                                                      3593     0(0.00%) |     20       2    1580      5 |   25.00        0.00

Type     Name                                                                          # reqs      # fails |    Avg     Min     Max    Med |   req/s  failures/s
--------|----------------------------------------------------------------------------|-------|-------------|-------|-------|-------|-------|--------|-----------
GET      GET /api/v1/reservas                                                            2696     0(0.00%) |      6       3     115      5 |   19.20        0.00
GET      GET /api/v1/reservas/{id}                                                        893     0(0.00%) |      4       2      59      4 |    7.10        0.00
POST     POST /api/v1/auth/login                                                           50     0(0.00%) |   1061     675    1580   1100 |    0.00        0.00
--------|----------------------------------------------------------------------------|-------|-------------|-------|-------|-------|-------|--------|-----------
         Aggregated                                                                      3639     0(0.00%) |     20       2    1580      5 |   26.30        0.00

Type     Name                                                                          # reqs      # fails |    Avg     Min     Max    Med |   req/s  failures/s
--------|----------------------------------------------------------------------------|-------|-------------|-------|-------|-------|-------|--------|-----------
GET      GET /api/v1/reservas                                                            2734     0(0.00%) |      6       3     115      5 |   18.10        0.00
GET      GET /api/v1/reservas/{id}                                                        908     0(0.00%) |      4       2      59      4 |    7.20        0.00
POST     POST /api/v1/auth/login                                                           50     0(0.00%) |   1061     675    1580   1100 |    0.00        0.00
--------|----------------------------------------------------------------------------|-------|-------------|-------|-------|-------|-------|--------|-----------
         Aggregated                                                                      3692     0(0.00%) |     20       2    1580      5 |   25.30        0.00

Type     Name                                                                          # reqs      # fails |    Avg     Min     Max    Med |   req/s  failures/s
--------|----------------------------------------------------------------------------|-------|-------------|-------|-------|-------|-------|--------|-----------
GET      GET /api/v1/reservas                                                            2773     0(0.00%) |      6       3     115      5 |   17.70        0.00
GET      GET /api/v1/reservas/{id}                                                        919     0(0.00%) |      4       2      59      4 |    7.80        0.00
POST     POST /api/v1/auth/login                                                           50     0(0.00%) |   1061     675    1580   1100 |    0.00        0.00
--------|----------------------------------------------------------------------------|-------|-------------|-------|-------|-------|-------|--------|-----------
         Aggregated                                                                      3742     0(0.00%) |     19       2    1580      5 |   25.50        0.00

Type     Name                                                                          # reqs      # fails |    Avg     Min     Max    Med |   req/s  failures/s
--------|----------------------------------------------------------------------------|-------|-------------|-------|-------|-------|-------|--------|-----------
GET      GET /api/v1/reservas                                                            2802     0(0.00%) |      6       3     115      5 |   19.00        0.00
GET      GET /api/v1/reservas/{id}                                                        941     0(0.00%) |      4       2      59      4 |    6.90        0.00
POST     POST /api/v1/auth/login                                                           50     0(0.00%) |   1061     675    1580   1100 |    0.00        0.00
--------|----------------------------------------------------------------------------|-------|-------------|-------|-------|-------|-------|--------|-----------
         Aggregated                                                                      3793     0(0.00%) |     19       2    1580      5 |   25.90        0.00

Type     Name                                                                          # reqs      # fails |    Avg     Min     Max    Med |   req/s  failures/s
--------|----------------------------------------------------------------------------|-------|-------------|-------|-------|-------|-------|--------|-----------
GET      GET /api/v1/reservas                                                            2836     0(0.00%) |      6       3     115      5 |   17.50        0.00
GET      GET /api/v1/reservas/{id}                                                        953     0(0.00%) |      4       2      59      4 |    7.70        0.00
POST     POST /api/v1/auth/login                                                           50     0(0.00%) |   1061     675    1580   1100 |    0.00        0.00
--------|----------------------------------------------------------------------------|-------|-------------|-------|-------|-------|-------|--------|-----------
         Aggregated                                                                      3839     0(0.00%) |     19       2    1580      5 |   25.20        0.00

Type     Name                                                                          # reqs      # fails |    Avg     Min     Max    Med |   req/s  failures/s
--------|----------------------------------------------------------------------------|-------|-------------|-------|-------|-------|-------|--------|-----------
GET      GET /api/v1/reservas                                                            2876     0(0.00%) |      6       3     115      5 |   17.20        0.00
GET      GET /api/v1/reservas/{id}                                                        961     0(0.00%) |      4       2      59      4 |    7.60        0.00
POST     POST /api/v1/auth/login                                                           50     0(0.00%) |   1061     675    1580   1100 |    0.00        0.00
--------|----------------------------------------------------------------------------|-------|-------------|-------|-------|-------|-------|--------|-----------
         Aggregated                                                                      3887     0(0.00%) |     19       2    1580      5 |   24.80        0.00

Type     Name                                                                          # reqs      # fails |    Avg     Min     Max    Med |   req/s  failures/s
--------|----------------------------------------------------------------------------|-------|-------------|-------|-------|-------|-------|--------|-----------
GET      GET /api/v1/reservas                                                            2917     0(0.00%) |      6       3     115      5 |   18.10        0.00
GET      GET /api/v1/reservas/{id}                                                        973     0(0.00%) |      4       2      59      4 |    6.80        0.00
POST     POST /api/v1/auth/login                                                           50     0(0.00%) |   1061     675    1580   1100 |    0.00        0.00
--------|----------------------------------------------------------------------------|-------|-------------|-------|-------|-------|-------|--------|-----------
         Aggregated                                                                      3940     0(0.00%) |     19       2    1580      5 |   24.90        0.00

Type     Name                                                                          # reqs      # fails |    Avg     Min     Max    Med |   req/s  failures/s
--------|----------------------------------------------------------------------------|-------|-------------|-------|-------|-------|-------|--------|-----------
GET      GET /api/v1/reservas                                                            2954     0(0.00%) |      6       3     115      5 |   18.30        0.00
GET      GET /api/v1/reservas/{id}                                                        983     0(0.00%) |      4       2      59      4 |    6.50        0.00
POST     POST /api/v1/auth/login                                                           50     0(0.00%) |   1061     675    1580   1100 |    0.00        0.00
--------|----------------------------------------------------------------------------|-------|-------------|-------|-------|-------|-------|--------|-----------
         Aggregated                                                                      3987     0(0.00%) |     19       2    1580      5 |   24.80        0.00

Type     Name                                                                          # reqs      # fails |    Avg     Min     Max    Med |   req/s  failures/s
--------|----------------------------------------------------------------------------|-------|-------------|-------|-------|-------|-------|--------|-----------
GET      GET /api/v1/reservas                                                            2995     0(0.00%) |      6       3     115      5 |   18.10        0.00
GET      GET /api/v1/reservas/{id}                                                        995     0(0.00%) |      4       2      59      4 |    6.50        0.00
POST     POST /api/v1/auth/login                                                           50     0(0.00%) |   1061     675    1580   1100 |    0.00        0.00
--------|----------------------------------------------------------------------------|-------|-------------|-------|-------|-------|-------|--------|-----------
         Aggregated                                                                      4040     0(0.00%) |     18       2    1580      5 |   24.60        0.00

Type     Name                                                                          # reqs      # fails |    Avg     Min     Max    Med |   req/s  failures/s
--------|----------------------------------------------------------------------------|-------|-------------|-------|-------|-------|-------|--------|-----------
GET      GET /api/v1/reservas                                                            3027     0(0.00%) |      6       3     115      5 |   19.30        0.00
GET      GET /api/v1/reservas/{id}                                                       1009     0(0.00%) |      4       2      59      4 |    5.60        0.00
POST     POST /api/v1/auth/login                                                           50     0(0.00%) |   1061     675    1580   1100 |    0.00        0.00
--------|----------------------------------------------------------------------------|-------|-------------|-------|-------|-------|-------|--------|-----------
         Aggregated                                                                      4086     0(0.00%) |     18       2    1580      5 |   24.90        0.00

Type     Name                                                                          # reqs      # fails |    Avg     Min     Max    Med |   req/s  failures/s
--------|----------------------------------------------------------------------------|-------|-------------|-------|-------|-------|-------|--------|-----------
GET      GET /api/v1/reservas                                                            3065     0(0.00%) |      6       3     115      5 |   18.80        0.00
GET      GET /api/v1/reservas/{id}                                                       1017     0(0.00%) |      4       2      59      4 |    5.40        0.00
POST     POST /api/v1/auth/login                                                           50     0(0.00%) |   1061     675    1580   1100 |    0.00        0.00
--------|----------------------------------------------------------------------------|-------|-------------|-------|-------|-------|-------|--------|-----------
         Aggregated                                                                      4132     0(0.00%) |     18       2    1580      5 |   24.20        0.00

Type     Name                                                                          # reqs      # fails |    Avg     Min     Max    Med |   req/s  failures/s
--------|----------------------------------------------------------------------------|-------|-------------|-------|-------|-------|-------|--------|-----------
GET      GET /api/v1/reservas                                                            3101     0(0.00%) |      6       3     115      5 |   18.90        0.00
GET      GET /api/v1/reservas/{id}                                                       1031     0(0.00%) |      4       2      59      4 |    5.50        0.00
POST     POST /api/v1/auth/login                                                           50     0(0.00%) |   1061     675    1580   1100 |    0.00        0.00
--------|----------------------------------------------------------------------------|-------|-------------|-------|-------|-------|-------|--------|-----------
         Aggregated                                                                      4182     0(0.00%) |     18       2    1580      5 |   24.40        0.00

Type     Name                                                                          # reqs      # fails |    Avg     Min     Max    Med |   req/s  failures/s
--------|----------------------------------------------------------------------------|-------|-------------|-------|-------|-------|-------|--------|-----------
GET      GET /api/v1/reservas                                                            3135     0(0.00%) |      6       3     115      5 |   18.50        0.00
GET      GET /api/v1/reservas/{id}                                                       1046     0(0.00%) |      4       2      59      4 |    5.70        0.00
POST     POST /api/v1/auth/login                                                           50     0(0.00%) |   1061     675    1580   1100 |    0.00        0.00
--------|----------------------------------------------------------------------------|-------|-------------|-------|-------|-------|-------|--------|-----------
         Aggregated                                                                      4231     0(0.00%) |     18       2    1580      5 |   24.20        0.00

Type     Name                                                                          # reqs      # fails |    Avg     Min     Max    Med |   req/s  failures/s
--------|----------------------------------------------------------------------------|-------|-------------|-------|-------|-------|-------|--------|-----------
GET      GET /api/v1/reservas                                                            3177     0(0.00%) |      6       3     115      5 |   17.80        0.00
GET      GET /api/v1/reservas/{id}                                                       1053     0(0.00%) |      4       2      59      4 |    6.20        0.00
POST     POST /api/v1/auth/login                                                           50     0(0.00%) |   1061     675    1580   1100 |    0.00        0.00
--------|----------------------------------------------------------------------------|-------|-------------|-------|-------|-------|-------|--------|-----------
         Aggregated                                                                      4280     0(0.00%) |     18       2    1580      5 |   24.00        0.00

Type     Name                                                                          # reqs      # fails |    Avg     Min     Max    Med |   req/s  failures/s
--------|----------------------------------------------------------------------------|-------|-------------|-------|-------|-------|-------|--------|-----------
GET      GET /api/v1/reservas                                                            3218     0(0.00%) |      6       3     115      5 |   18.20        0.00
GET      GET /api/v1/reservas/{id}                                                       1063     0(0.00%) |      4       2      59      4 |    6.00        0.00
POST     POST /api/v1/auth/login                                                           50     0(0.00%) |   1061     675    1580   1100 |    0.00        0.00
--------|----------------------------------------------------------------------------|-------|-------------|-------|-------|-------|-------|--------|-----------
         Aggregated                                                                      4331     0(0.00%) |     18       2    1580      5 |   24.20        0.00

Type     Name                                                                          # reqs      # fails |    Avg     Min     Max    Med |   req/s  failures/s
--------|----------------------------------------------------------------------------|-------|-------------|-------|-------|-------|-------|--------|-----------
GET      GET /api/v1/reservas                                                            3254     0(0.00%) |      6       3     115      5 |   19.10        0.00
GET      GET /api/v1/reservas/{id}                                                       1074     0(0.00%) |      4       2      59      4 |    5.60        0.00
POST     POST /api/v1/auth/login                                                           50     0(0.00%) |   1061     675    1580   1100 |    0.00        0.00
--------|----------------------------------------------------------------------------|-------|-------------|-------|-------|-------|-------|--------|-----------
         Aggregated                                                                      4378     0(0.00%) |     17       2    1580      5 |   24.70        0.00

Type     Name                                                                          # reqs      # fails |    Avg     Min     Max    Med |   req/s  failures/s
--------|----------------------------------------------------------------------------|-------|-------------|-------|-------|-------|-------|--------|-----------
GET      GET /api/v1/reservas                                                            3292     0(0.00%) |      6       3     115      5 |   19.00        0.00
GET      GET /api/v1/reservas/{id}                                                       1092     0(0.00%) |      4       2      59      4 |    5.80        0.00
POST     POST /api/v1/auth/login                                                           50     0(0.00%) |   1061     675    1580   1100 |    0.00        0.00
--------|----------------------------------------------------------------------------|-------|-------------|-------|-------|-------|-------|--------|-----------
         Aggregated                                                                      4434     0(0.00%) |     17       2    1580      5 |   24.80        0.00

Type     Name                                                                          # reqs      # fails |    Avg     Min     Max    Med |   req/s  failures/s
--------|----------------------------------------------------------------------------|-------|-------------|-------|-------|-------|-------|--------|-----------
GET      GET /api/v1/reservas                                                            3324     0(0.00%) |      6       3     115      6 |   19.20        0.00
GET      GET /api/v1/reservas/{id}                                                       1103     0(0.00%) |      4       2      59      4 |    6.10        0.00
POST     POST /api/v1/auth/login                                                           50     0(0.00%) |   1061     675    1580   1100 |    0.00        0.00
--------|----------------------------------------------------------------------------|-------|-------------|-------|-------|-------|-------|--------|-----------
         Aggregated                                                                      4477     0(0.00%) |     17       2    1580      5 |   25.30        0.00

Type     Name                                                                          # reqs      # fails |    Avg     Min     Max    Med |   req/s  failures/s
--------|----------------------------------------------------------------------------|-------|-------------|-------|-------|-------|-------|--------|-----------
GET      GET /api/v1/reservas                                                            3366     0(0.00%) |      6       3     115      6 |   19.00        0.00
GET      GET /api/v1/reservas/{id}                                                       1116     0(0.00%) |      4       2      59      4 |    5.70        0.00
POST     POST /api/v1/auth/login                                                           50     0(0.00%) |   1061     675    1580   1100 |    0.00        0.00
--------|----------------------------------------------------------------------------|-------|-------------|-------|-------|-------|-------|--------|-----------
         Aggregated                                                                      4532     0(0.00%) |     17       2    1580      5 |   24.70        0.00

Type     Name                                                                          # reqs      # fails |    Avg     Min     Max    Med |   req/s  failures/s
--------|----------------------------------------------------------------------------|-------|-------------|-------|-------|-------|-------|--------|-----------
GET      GET /api/v1/reservas                                                            3410     0(0.00%) |      6       3     115      6 |   18.90        0.00
GET      GET /api/v1/reservas/{id}                                                       1133     0(0.00%) |      4       2      59      4 |    6.10        0.00
POST     POST /api/v1/auth/login                                                           50     0(0.00%) |   1061     675    1580   1100 |    0.00        0.00
--------|----------------------------------------------------------------------------|-------|-------------|-------|-------|-------|-------|--------|-----------
         Aggregated                                                                      4593     0(0.00%) |     17       2    1580      5 |   25.00        0.00

Type     Name                                                                          # reqs      # fails |    Avg     Min     Max    Med |   req/s  failures/s
--------|----------------------------------------------------------------------------|-------|-------------|-------|-------|-------|-------|--------|-----------
GET      GET /api/v1/reservas                                                            3448     0(0.00%) |      6       3     115      6 |   18.90        0.00
GET      GET /api/v1/reservas/{id}                                                       1141     0(0.00%) |      4       2      59      4 |    6.90        0.00
POST     POST /api/v1/auth/login                                                           50     0(0.00%) |   1061     675    1580   1100 |    0.00        0.00
--------|----------------------------------------------------------------------------|-------|-------------|-------|-------|-------|-------|--------|-----------
         Aggregated                                                                      4639     0(0.00%) |     17       2    1580      5 |   25.80        0.00

Type     Name                                                                          # reqs      # fails |    Avg     Min     Max    Med |   req/s  failures/s
--------|----------------------------------------------------------------------------|-------|-------------|-------|-------|-------|-------|--------|-----------
GET      GET /api/v1/reservas                                                            3484     0(0.00%) |      6       3     115      6 |   19.00        0.00
GET      GET /api/v1/reservas/{id}                                                       1151     0(0.00%) |      4       2      59      4 |    6.70        0.00
POST     POST /api/v1/auth/login                                                           50     0(0.00%) |   1061     675    1580   1100 |    0.00        0.00
--------|----------------------------------------------------------------------------|-------|-------------|-------|-------|-------|-------|--------|-----------
         Aggregated                                                                      4685     0(0.00%) |     17       2    1580      5 |   25.70        0.00

Type     Name                                                                          # reqs      # fails |    Avg     Min     Max    Med |   req/s  failures/s
--------|----------------------------------------------------------------------------|-------|-------------|-------|-------|-------|-------|--------|-----------
GET      GET /api/v1/reservas                                                            3514     0(0.00%) |      6       3     115      6 |   19.00        0.00
GET      GET /api/v1/reservas/{id}                                                       1169     0(0.00%) |      4       2      59      4 |    6.00        0.00
POST     POST /api/v1/auth/login                                                           50     0(0.00%) |   1061     675    1580   1100 |    0.00        0.00
--------|----------------------------------------------------------------------------|-------|-------------|-------|-------|-------|-------|--------|-----------
         Aggregated                                                                      4733     0(0.00%) |     17       2    1580      5 |   25.00        0.00

Type     Name                                                                          # reqs      # fails |    Avg     Min     Max    Med |   req/s  failures/s
--------|----------------------------------------------------------------------------|-------|-------------|-------|-------|-------|-------|--------|-----------
GET      GET /api/v1/reservas                                                            3549     0(0.00%) |      6       3     115      6 |   18.70        0.00
GET      GET /api/v1/reservas/{id}                                                       1181     0(0.00%) |      4       2      59      4 |    6.70        0.00
POST     POST /api/v1/auth/login                                                           50     0(0.00%) |   1061     675    1580   1100 |    0.00        0.00
--------|----------------------------------------------------------------------------|-------|-------------|-------|-------|-------|-------|--------|-----------
         Aggregated                                                                      4780     0(0.00%) |     17       2    1580      5 |   25.40        0.00

Type     Name                                                                          # reqs      # fails |    Avg     Min     Max    Med |   req/s  failures/s
--------|----------------------------------------------------------------------------|-------|-------------|-------|-------|-------|-------|--------|-----------
GET      GET /api/v1/reservas                                                            3587     0(0.00%) |      6       3     115      6 |   18.10        0.00
GET      GET /api/v1/reservas/{id}                                                       1193     0(0.00%) |      4       2      59      4 |    6.80        0.00
POST     POST /api/v1/auth/login                                                           50     0(0.00%) |   1061     675    1580   1100 |    0.00        0.00
--------|----------------------------------------------------------------------------|-------|-------------|-------|-------|-------|-------|--------|-----------
         Aggregated                                                                      4830     0(0.00%) |     16       2    1580      5 |   24.90        0.00

Type     Name                                                                          # reqs      # fails |    Avg     Min     Max    Med |   req/s  failures/s
--------|----------------------------------------------------------------------------|-------|-------------|-------|-------|-------|-------|--------|-----------
GET      GET /api/v1/reservas                                                            3625     0(0.00%) |      6       3     115      6 |   18.40        0.00
GET      GET /api/v1/reservas/{id}                                                       1205     0(0.00%) |      4       2      59      4 |    6.00        0.00
POST     POST /api/v1/auth/login                                                           50     0(0.00%) |   1061     675    1580   1100 |    0.00        0.00
--------|----------------------------------------------------------------------------|-------|-------------|-------|-------|-------|-------|--------|-----------
         Aggregated                                                                      4880     0(0.00%) |     16       2    1580      5 |   24.40        0.00

Type     Name                                                                          # reqs      # fails |    Avg     Min     Max    Med |   req/s  failures/s
--------|----------------------------------------------------------------------------|-------|-------------|-------|-------|-------|-------|--------|-----------
GET      GET /api/v1/reservas                                                            3663     0(0.00%) |      6       3     115      6 |   17.90        0.00
GET      GET /api/v1/reservas/{id}                                                       1219     0(0.00%) |      4       2      59      4 |    6.30        0.00
POST     POST /api/v1/auth/login                                                           50     0(0.00%) |   1061     675    1580   1100 |    0.00        0.00
--------|----------------------------------------------------------------------------|-------|-------------|-------|-------|-------|-------|--------|-----------
         Aggregated                                                                      4932     0(0.00%) |     16       2    1580      5 |   24.20        0.00

Type     Name                                                                          # reqs      # fails |    Avg     Min     Max    Med |   req/s  failures/s
--------|----------------------------------------------------------------------------|-------|-------------|-------|-------|-------|-------|--------|-----------
GET      GET /api/v1/reservas                                                            3703     0(0.00%) |      6       3     115      6 |   17.80        0.00
GET      GET /api/v1/reservas/{id}                                                       1229     0(0.00%) |      4       2      59      4 |    6.90        0.00
POST     POST /api/v1/auth/login                                                           50     0(0.00%) |   1061     675    1580   1100 |    0.00        0.00
--------|----------------------------------------------------------------------------|-------|-------------|-------|-------|-------|-------|--------|-----------
         Aggregated                                                                      4982     0(0.00%) |     16       2    1580      5 |   24.70        0.00

Type     Name                                                                          # reqs      # fails |    Avg     Min     Max    Med |   req/s  failures/s
--------|----------------------------------------------------------------------------|-------|-------------|-------|-------|-------|-------|--------|-----------
GET      GET /api/v1/reservas                                                            3739     0(0.00%) |      6       3     115      6 |   18.90        0.00
GET      GET /api/v1/reservas/{id}                                                       1241     0(0.00%) |      4       2      59      4 |    5.70        0.00
POST     POST /api/v1/auth/login                                                           50     0(0.00%) |   1061     675    1580   1100 |    0.00        0.00
--------|----------------------------------------------------------------------------|-------|-------------|-------|-------|-------|-------|--------|-----------
         Aggregated                                                                      5030     0(0.00%) |     16       2    1580      5 |   24.60        0.00

Type     Name                                                                          # reqs      # fails |    Avg     Min     Max    Med |   req/s  failures/s
--------|----------------------------------------------------------------------------|-------|-------------|-------|-------|-------|-------|--------|-----------
GET      GET /api/v1/reservas                                                            3777     0(0.00%) |      6       3     115      6 |   18.80        0.00
GET      GET /api/v1/reservas/{id}                                                       1254     0(0.00%) |      4       2      59      4 |    5.80        0.00
POST     POST /api/v1/auth/login                                                           50     0(0.00%) |   1061     675    1580   1100 |    0.00        0.00
--------|----------------------------------------------------------------------------|-------|-------------|-------|-------|-------|-------|--------|-----------
         Aggregated                                                                      5081     0(0.00%) |     16       2    1580      5 |   24.60        0.00

Type     Name                                                                          # reqs      # fails |    Avg     Min     Max    Med |   req/s  failures/s
--------|----------------------------------------------------------------------------|-------|-------------|-------|-------|-------|-------|--------|-----------
GET      GET /api/v1/reservas                                                            3822     0(0.00%) |      6       3     115      6 |   18.40        0.00
GET      GET /api/v1/reservas/{id}                                                       1262     0(0.00%) |      4       2      59      4 |    6.20        0.00
POST     POST /api/v1/auth/login                                                           50     0(0.00%) |   1061     675    1580   1100 |    0.00        0.00
--------|----------------------------------------------------------------------------|-------|-------------|-------|-------|-------|-------|--------|-----------
         Aggregated                                                                      5134     0(0.00%) |     16       2    1580      5 |   24.60        0.00

Type     Name                                                                          # reqs      # fails |    Avg     Min     Max    Med |   req/s  failures/s
--------|----------------------------------------------------------------------------|-------|-------------|-------|-------|-------|-------|--------|-----------
GET      GET /api/v1/reservas                                                            3859     0(0.00%) |      6       3     115      6 |   19.70        0.00
GET      GET /api/v1/reservas/{id}                                                       1279     0(0.00%) |      4       2      59      4 |    5.80        0.00
POST     POST /api/v1/auth/login                                                           50     0(0.00%) |   1061     675    1580   1100 |    0.00        0.00
--------|----------------------------------------------------------------------------|-------|-------------|-------|-------|-------|-------|--------|-----------
         Aggregated                                                                      5188     0(0.00%) |     16       2    1580      5 |   25.50        0.00

Type     Name                                                                          # reqs      # fails |    Avg     Min     Max    Med |   req/s  failures/s
--------|----------------------------------------------------------------------------|-------|-------------|-------|-------|-------|-------|--------|-----------
GET      GET /api/v1/reservas                                                            3893     0(0.00%) |      6       3     115      6 |   19.50        0.00
GET      GET /api/v1/reservas/{id}                                                       1289     0(0.00%) |      4       2      59      4 |    5.90        0.00
POST     POST /api/v1/auth/login                                                           50     0(0.00%) |   1061     675    1580   1100 |    0.00        0.00
--------|----------------------------------------------------------------------------|-------|-------------|-------|-------|-------|-------|--------|-----------
         Aggregated                                                                      5232     0(0.00%) |     16       2    1580      5 |   25.40        0.00

Type     Name                                                                          # reqs      # fails |    Avg     Min     Max    Med |   req/s  failures/s
--------|----------------------------------------------------------------------------|-------|-------------|-------|-------|-------|-------|--------|-----------
GET      GET /api/v1/reservas                                                            3937     0(0.00%) |      6       3     115      6 |   19.50        0.00
GET      GET /api/v1/reservas/{id}                                                       1300     0(0.00%) |      4       2      59      4 |    6.20        0.00
POST     POST /api/v1/auth/login                                                           50     0(0.00%) |   1061     675    1580   1100 |    0.00        0.00
--------|----------------------------------------------------------------------------|-------|-------------|-------|-------|-------|-------|--------|-----------
         Aggregated                                                                      5287     0(0.00%) |     15       2    1580      5 |   25.70        0.00

Type     Name                                                                          # reqs      # fails |    Avg     Min     Max    Med |   req/s  failures/s
--------|----------------------------------------------------------------------------|-------|-------------|-------|-------|-------|-------|--------|-----------
GET      GET /api/v1/reservas                                                            3976     0(0.00%) |      6       3     115      6 |   20.00        0.00
GET      GET /api/v1/reservas/{id}                                                       1315     0(0.00%) |      4       2      59      4 |    5.90        0.00
POST     POST /api/v1/auth/login                                                           50     0(0.00%) |   1061     675    1580   1100 |    0.00        0.00
--------|----------------------------------------------------------------------------|-------|-------------|-------|-------|-------|-------|--------|-----------
         Aggregated                                                                      5341     0(0.00%) |     15       2    1580      5 |   25.90        0.00

Type     Name                                                                          # reqs      # fails |    Avg     Min     Max    Med |   req/s  failures/s
--------|----------------------------------------------------------------------------|-------|-------------|-------|-------|-------|-------|--------|-----------
GET      GET /api/v1/reservas                                                            4012     0(0.00%) |      6       3     115      6 |   20.10        0.00
GET      GET /api/v1/reservas/{id}                                                       1329     0(0.00%) |      4       2      59      4 |    6.00        0.00
POST     POST /api/v1/auth/login                                                           50     0(0.00%) |   1061     675    1580   1100 |    0.00        0.00
--------|----------------------------------------------------------------------------|-------|-------------|-------|-------|-------|-------|--------|-----------
         Aggregated                                                                      5391     0(0.00%) |     15       2    1580      5 |   26.10        0.00

Type     Name                                                                          # reqs      # fails |    Avg     Min     Max    Med |   req/s  failures/s
--------|----------------------------------------------------------------------------|-------|-------------|-------|-------|-------|-------|--------|-----------
GET      GET /api/v1/reservas                                                            4054     0(0.00%) |      6       3     115      6 |   18.60        0.00
GET      GET /api/v1/reservas/{id}                                                       1338     0(0.00%) |      4       2      59      4 |    6.50        0.00
POST     POST /api/v1/auth/login                                                           50     0(0.00%) |   1061     675    1580   1100 |    0.00        0.00
--------|----------------------------------------------------------------------------|-------|-------------|-------|-------|-------|-------|--------|-----------
         Aggregated                                                                      5442     0(0.00%) |     15       2    1580      5 |   25.10        0.00

Type     Name                                                                          # reqs      # fails |    Avg     Min     Max    Med |   req/s  failures/s
--------|----------------------------------------------------------------------------|-------|-------------|-------|-------|-------|-------|--------|-----------
GET      GET /api/v1/reservas                                                            4093     0(0.00%) |      6       3     115      6 |   19.70        0.00
GET      GET /api/v1/reservas/{id}                                                       1348     0(0.00%) |      4       2      59      4 |    5.80        0.00
POST     POST /api/v1/auth/login                                                           50     0(0.00%) |   1061     675    1580   1100 |    0.00        0.00
--------|----------------------------------------------------------------------------|-------|-------------|-------|-------|-------|-------|--------|-----------
         Aggregated                                                                      5491     0(0.00%) |     15       2    1580      5 |   25.50        0.00

Type     Name                                                                          # reqs      # fails |    Avg     Min     Max    Med |   req/s  failures/s
--------|----------------------------------------------------------------------------|-------|-------------|-------|-------|-------|-------|--------|-----------
GET      GET /api/v1/reservas                                                            4134     0(0.00%) |      6       3     115      6 |   19.40        0.00
GET      GET /api/v1/reservas/{id}                                                       1359     0(0.00%) |      4       2      59      4 |    5.70        0.00
POST     POST /api/v1/auth/login                                                           50     0(0.00%) |   1061     675    1580   1100 |    0.00        0.00
--------|----------------------------------------------------------------------------|-------|-------------|-------|-------|-------|-------|--------|-----------
         Aggregated                                                                      5543     0(0.00%) |     15       2    1580      5 |   25.10        0.00

Type     Name                                                                          # reqs      # fails |    Avg     Min     Max    Med |   req/s  failures/s
--------|----------------------------------------------------------------------------|-------|-------------|-------|-------|-------|-------|--------|-----------
GET      GET /api/v1/reservas                                                            4172     0(0.00%) |      6       3     115      6 |   19.60        0.00
GET      GET /api/v1/reservas/{id}                                                       1369     0(0.00%) |      4       2      59      4 |    6.00        0.00
POST     POST /api/v1/auth/login                                                           50     0(0.00%) |   1061     675    1580   1100 |    0.00        0.00
--------|----------------------------------------------------------------------------|-------|-------------|-------|-------|-------|-------|--------|-----------
         Aggregated                                                                      5591     0(0.00%) |     15       2    1580      5 |   25.60        0.00

Type     Name                                                                          # reqs      # fails |    Avg     Min     Max    Med |   req/s  failures/s
--------|----------------------------------------------------------------------------|-------|-------------|-------|-------|-------|-------|--------|-----------
GET      GET /api/v1/reservas                                                            4210     0(0.00%) |      6       3     115      6 |   19.80        0.00
GET      GET /api/v1/reservas/{id}                                                       1381     0(0.00%) |      4       2      59      4 |    5.60        0.00
POST     POST /api/v1/auth/login                                                           50     0(0.00%) |   1061     675    1580   1100 |    0.00        0.00
--------|----------------------------------------------------------------------------|-------|-------------|-------|-------|-------|-------|--------|-----------
         Aggregated                                                                      5641     0(0.00%) |     15       2    1580      5 |   25.40        0.00

Type     Name                                                                          # reqs      # fails |    Avg     Min     Max    Med |   req/s  failures/s
--------|----------------------------------------------------------------------------|-------|-------------|-------|-------|-------|-------|--------|-----------
GET      GET /api/v1/reservas                                                            4252     0(0.00%) |      6       3     115      6 |   20.50        0.00
GET      GET /api/v1/reservas/{id}                                                       1390     0(0.00%) |      4       2      59      4 |    5.30        0.00
POST     POST /api/v1/auth/login                                                           50     0(0.00%) |   1061     675    1580   1100 |    0.00        0.00
--------|----------------------------------------------------------------------------|-------|-------------|-------|-------|-------|-------|--------|-----------
         Aggregated                                                                      5692     0(0.00%) |     15       2    1580      5 |   25.80        0.00

Type     Name                                                                          # reqs      # fails |    Avg     Min     Max    Med |   req/s  failures/s
--------|----------------------------------------------------------------------------|-------|-------------|-------|-------|-------|-------|--------|-----------
GET      GET /api/v1/reservas                                                            4292     0(0.00%) |      6       3     115      6 |   19.70        0.00
GET      GET /api/v1/reservas/{id}                                                       1397     0(0.00%) |      4       2      59      4 |    5.20        0.00
POST     POST /api/v1/auth/login                                                           50     0(0.00%) |   1061     675    1580   1100 |    0.00        0.00
--------|----------------------------------------------------------------------------|-------|-------------|-------|-------|-------|-------|--------|-----------
         Aggregated                                                                      5739     0(0.00%) |     15       2    1580      5 |   24.90        0.00

Type     Name                                                                          # reqs      # fails |    Avg     Min     Max    Med |   req/s  failures/s
--------|----------------------------------------------------------------------------|-------|-------------|-------|-------|-------|-------|--------|-----------
GET      GET /api/v1/reservas                                                            4326     0(0.00%) |      6       3     115      6 |   20.40        0.00
GET      GET /api/v1/reservas/{id}                                                       1414     0(0.00%) |      4       2      59      4 |    5.10        0.00
POST     POST /api/v1/auth/login                                                           50     0(0.00%) |   1061     675    1580   1100 |    0.00        0.00
--------|----------------------------------------------------------------------------|-------|-------------|-------|-------|-------|-------|--------|-----------
         Aggregated                                                                      5790     0(0.00%) |     15       2    1580      5 |   25.50        0.00

Type     Name                                                                          # reqs      # fails |    Avg     Min     Max    Med |   req/s  failures/s
--------|----------------------------------------------------------------------------|-------|-------------|-------|-------|-------|-------|--------|-----------
GET      GET /api/v1/reservas                                                            4363     0(0.00%) |      6       3     115      6 |   19.60        0.00
GET      GET /api/v1/reservas/{id}                                                       1421     0(0.00%) |      4       2      66      4 |    5.30        0.00
POST     POST /api/v1/auth/login                                                           50     0(0.00%) |   1061     675    1580   1100 |    0.00        0.00
--------|----------------------------------------------------------------------------|-------|-------------|-------|-------|-------|-------|--------|-----------
         Aggregated                                                                      5834     0(0.00%) |     15       2    1580      5 |   24.90        0.00

Type     Name                                                                          # reqs      # fails |    Avg     Min     Max    Med |   req/s  failures/s
--------|----------------------------------------------------------------------------|-------|-------------|-------|-------|-------|-------|--------|-----------
GET      GET /api/v1/reservas                                                            4400     0(0.00%) |      6       3     115      6 |   18.80        0.00
GET      GET /api/v1/reservas/{id}                                                       1433     0(0.00%) |      4       2      66      4 |    5.20        0.00
POST     POST /api/v1/auth/login                                                           50     0(0.00%) |   1061     675    1580   1100 |    0.00        0.00
--------|----------------------------------------------------------------------------|-------|-------------|-------|-------|-------|-------|--------|-----------
         Aggregated                                                                      5883     0(0.00%) |     14       2    1580      5 |   24.00        0.00

Type     Name                                                                          # reqs      # fails |    Avg     Min     Max    Med |   req/s  failures/s
--------|----------------------------------------------------------------------------|-------|-------------|-------|-------|-------|-------|--------|-----------
GET      GET /api/v1/reservas                                                            4438     0(0.00%) |      6       3     115      6 |   18.90        0.00
GET      GET /api/v1/reservas/{id}                                                       1448     0(0.00%) |      4       2      66      4 |    5.30        0.00
POST     POST /api/v1/auth/login                                                           50     0(0.00%) |   1061     675    1580   1100 |    0.00        0.00
--------|----------------------------------------------------------------------------|-------|-------------|-------|-------|-------|-------|--------|-----------
         Aggregated                                                                      5936     0(0.00%) |     14       2    1580      5 |   24.20        0.00

Type     Name                                                                          # reqs      # fails |    Avg     Min     Max    Med |   req/s  failures/s
--------|----------------------------------------------------------------------------|-------|-------------|-------|-------|-------|-------|--------|-----------
GET      GET /api/v1/reservas                                                            4474     0(0.00%) |      6       3     115      6 |   18.90        0.00
GET      GET /api/v1/reservas/{id}                                                       1461     0(0.00%) |      4       2      66      4 |    5.60        0.00
POST     POST /api/v1/auth/login                                                           50     0(0.00%) |   1061     675    1580   1100 |    0.00        0.00
--------|----------------------------------------------------------------------------|-------|-------------|-------|-------|-------|-------|--------|-----------
         Aggregated                                                                      5985     0(0.00%) |     14       2    1580      5 |   24.50        0.00

Type     Name                                                                          # reqs      # fails |    Avg     Min     Max    Med |   req/s  failures/s
--------|----------------------------------------------------------------------------|-------|-------------|-------|-------|-------|-------|--------|-----------
GET      GET /api/v1/reservas                                                            4516     0(0.00%) |      6       3     115      6 |   18.00        0.00
GET      GET /api/v1/reservas/{id}                                                       1468     0(0.00%) |      4       2      66      4 |    6.50        0.00
POST     POST /api/v1/auth/login                                                           50     0(0.00%) |   1061     675    1580   1100 |    0.00        0.00
--------|----------------------------------------------------------------------------|-------|-------------|-------|-------|-------|-------|--------|-----------
         Aggregated                                                                      6034     0(0.00%) |     14       2    1580      5 |   24.50        0.00

Type     Name                                                                          # reqs      # fails |    Avg     Min     Max    Med |   req/s  failures/s
--------|----------------------------------------------------------------------------|-------|-------------|-------|-------|-------|-------|--------|-----------
GET      GET /api/v1/reservas                                                            4551     0(0.00%) |      6       3     115      6 |   18.40        0.00
GET      GET /api/v1/reservas/{id}                                                       1481     0(0.00%) |      4       2      66      4 |    5.70        0.00
POST     POST /api/v1/auth/login                                                           50     0(0.00%) |   1061     675    1580   1100 |    0.00        0.00
--------|----------------------------------------------------------------------------|-------|-------------|-------|-------|-------|-------|--------|-----------
         Aggregated                                                                      6082     0(0.00%) |     14       2    1580      5 |   24.10        0.00

Type     Name                                                                          # reqs      # fails |    Avg     Min     Max    Med |   req/s  failures/s
--------|----------------------------------------------------------------------------|-------|-------------|-------|-------|-------|-------|--------|-----------
GET      GET /api/v1/reservas                                                            4596     0(0.00%) |      6       3     115      6 |   19.10        0.00
GET      GET /api/v1/reservas/{id}                                                       1495     0(0.00%) |      4       2      66      4 |    5.80        0.00
POST     POST /api/v1/auth/login                                                           50     0(0.00%) |   1061     675    1580   1100 |    0.00        0.00
--------|----------------------------------------------------------------------------|-------|-------------|-------|-------|-------|-------|--------|-----------
         Aggregated                                                                      6141     0(0.00%) |     14       2    1580      5 |   24.90        0.00

Type     Name                                                                          # reqs      # fails |    Avg     Min     Max    Med |   req/s  failures/s
--------|----------------------------------------------------------------------------|-------|-------------|-------|-------|-------|-------|--------|-----------
GET      GET /api/v1/reservas                                                            4632     0(0.00%) |      6       3     115      6 |   19.00        0.00
GET      GET /api/v1/reservas/{id}                                                       1506     0(0.00%) |      4       2      66      4 |    6.10        0.00
POST     POST /api/v1/auth/login                                                           50     0(0.00%) |   1061     675    1580   1100 |    0.00        0.00
--------|----------------------------------------------------------------------------|-------|-------------|-------|-------|-------|-------|--------|-----------
         Aggregated                                                                      6188     0(0.00%) |     14       2    1580      5 |   25.10        0.00

Type     Name                                                                          # reqs      # fails |    Avg     Min     Max    Med |   req/s  failures/s
--------|----------------------------------------------------------------------------|-------|-------------|-------|-------|-------|-------|--------|-----------
GET      GET /api/v1/reservas                                                            4671     0(0.00%) |      6       3     115      6 |   19.10        0.00
GET      GET /api/v1/reservas/{id}                                                       1517     0(0.00%) |      4       2      66      4 |    6.10        0.00
POST     POST /api/v1/auth/login                                                           50     0(0.00%) |   1061     675    1580   1100 |    0.00        0.00
--------|----------------------------------------------------------------------------|-------|-------------|-------|-------|-------|-------|--------|-----------
         Aggregated                                                                      6238     0(0.00%) |     14       2    1580      5 |   25.20        0.00

Type     Name                                                                          # reqs      # fails |    Avg     Min     Max    Med |   req/s  failures/s
--------|----------------------------------------------------------------------------|-------|-------------|-------|-------|-------|-------|--------|-----------
GET      GET /api/v1/reservas                                                            4708     0(0.00%) |      6       3     115      6 |   19.70        0.00
GET      GET /api/v1/reservas/{id}                                                       1531     0(0.00%) |      4       2      66      4 |    5.70        0.00
POST     POST /api/v1/auth/login                                                           50     0(0.00%) |   1061     675    1580   1100 |    0.00        0.00
--------|----------------------------------------------------------------------------|-------|-------------|-------|-------|-------|-------|--------|-----------
         Aggregated                                                                      6289     0(0.00%) |     14       2    1580      5 |   25.40        0.00

Type     Name                                                                          # reqs      # fails |    Avg     Min     Max    Med |   req/s  failures/s
--------|----------------------------------------------------------------------------|-------|-------------|-------|-------|-------|-------|--------|-----------
GET      GET /api/v1/reservas                                                            4745     0(0.00%) |      6       3     115      6 |   19.60        0.00
GET      GET /api/v1/reservas/{id}                                                       1540     0(0.00%) |      4       2      66      4 |    6.10        0.00
POST     POST /api/v1/auth/login                                                           50     0(0.00%) |   1061     675    1580   1100 |    0.00        0.00
--------|----------------------------------------------------------------------------|-------|-------------|-------|-------|-------|-------|--------|-----------
         Aggregated                                                                      6335     0(0.00%) |     14       2    1580      5 |   25.70        0.00

Type     Name                                                                          # reqs      # fails |    Avg     Min     Max    Med |   req/s  failures/s
--------|----------------------------------------------------------------------------|-------|-------------|-------|-------|-------|-------|--------|-----------
GET      GET /api/v1/reservas                                                            4774     0(0.00%) |      6       3     115      6 |   19.50        0.00
GET      GET /api/v1/reservas/{id}                                                       1558     0(0.00%) |      4       2      66      4 |    6.10        0.00
POST     POST /api/v1/auth/login                                                           50     0(0.00%) |   1061     675    1580   1100 |    0.00        0.00
--------|----------------------------------------------------------------------------|-------|-------------|-------|-------|-------|-------|--------|-----------
         Aggregated                                                                      6382     0(0.00%) |     14       2    1580      5 |   25.60        0.00

Type     Name                                                                          # reqs      # fails |    Avg     Min     Max    Med |   req/s  failures/s
--------|----------------------------------------------------------------------------|-------|-------------|-------|-------|-------|-------|--------|-----------
GET      GET /api/v1/reservas                                                            4824     0(0.00%) |      6       3     115      6 |   18.50        0.00
GET      GET /api/v1/reservas/{id}                                                       1567     0(0.00%) |      4       2      66      4 |    6.20        0.00
POST     POST /api/v1/auth/login                                                           50     0(0.00%) |   1061     675    1580   1100 |    0.00        0.00
--------|----------------------------------------------------------------------------|-------|-------------|-------|-------|-------|-------|--------|-----------
         Aggregated                                                                      6441     0(0.00%) |     14       2    1580      5 |   24.70        0.00

Type     Name                                                                          # reqs      # fails |    Avg     Min     Max    Med |   req/s  failures/s
--------|----------------------------------------------------------------------------|-------|-------------|-------|-------|-------|-------|--------|-----------
GET      GET /api/v1/reservas                                                            4856     0(0.00%) |      6       3     115      6 |   19.10        0.00
GET      GET /api/v1/reservas/{id}                                                       1583     0(0.00%) |      4       2      66      4 |    6.20        0.00
POST     POST /api/v1/auth/login                                                           50     0(0.00%) |   1061     675    1580   1100 |    0.00        0.00
--------|----------------------------------------------------------------------------|-------|-------------|-------|-------|-------|-------|--------|-----------
         Aggregated                                                                      6489     0(0.00%) |     14       2    1580      5 |   25.30        0.00

Type     Name                                                                          # reqs      # fails |    Avg     Min     Max    Med |   req/s  failures/s
--------|----------------------------------------------------------------------------|-------|-------------|-------|-------|-------|-------|--------|-----------
GET      GET /api/v1/reservas                                                            4893     0(0.00%) |      6       3     115      6 |   18.50        0.00
GET      GET /api/v1/reservas/{id}                                                       1598     0(0.00%) |      4       2      66      4 |    6.50        0.00
POST     POST /api/v1/auth/login                                                           50     0(0.00%) |   1061     675    1580   1100 |    0.00        0.00
--------|----------------------------------------------------------------------------|-------|-------------|-------|-------|-------|-------|--------|-----------
         Aggregated                                                                      6541     0(0.00%) |     14       2    1580      5 |   25.00        0.00

Type     Name                                                                          # reqs      # fails |    Avg     Min     Max    Med |   req/s  failures/s
--------|----------------------------------------------------------------------------|-------|-------------|-------|-------|-------|-------|--------|-----------
GET      GET /api/v1/reservas                                                            4928     0(0.00%) |      6       3     115      6 |   18.60        0.00
GET      GET /api/v1/reservas/{id}                                                       1614     0(0.00%) |      4       2      66      4 |    6.50        0.00
POST     POST /api/v1/auth/login                                                           50     0(0.00%) |   1061     675    1580   1100 |    0.00        0.00
--------|----------------------------------------------------------------------------|-------|-------------|-------|-------|-------|-------|--------|-----------
         Aggregated                                                                      6592     0(0.00%) |     13       2    1580      5 |   25.10        0.00

Type     Name                                                                          # reqs      # fails |    Avg     Min     Max    Med |   req/s  failures/s
--------|----------------------------------------------------------------------------|-------|-------------|-------|-------|-------|-------|--------|-----------
GET      GET /api/v1/reservas                                                            4969     0(0.00%) |      6       3     115      6 |   17.90        0.00
GET      GET /api/v1/reservas/{id}                                                       1627     0(0.00%) |      4       2      66      4 |    7.20        0.00
POST     POST /api/v1/auth/login                                                           50     0(0.00%) |   1061     675    1580   1100 |    0.00        0.00
--------|----------------------------------------------------------------------------|-------|-------------|-------|-------|-------|-------|--------|-----------
         Aggregated                                                                      6646     0(0.00%) |     13       2    1580      5 |   25.10        0.00

Type     Name                                                                          # reqs      # fails |    Avg     Min     Max    Med |   req/s  failures/s
--------|----------------------------------------------------------------------------|-------|-------------|-------|-------|-------|-------|--------|-----------
GET      GET /api/v1/reservas                                                            5008     0(0.00%) |      6       3     115      6 |   18.70        0.00
GET      GET /api/v1/reservas/{id}                                                       1638     0(0.00%) |      4       2      66      4 |    6.90        0.00
POST     POST /api/v1/auth/login                                                           50     0(0.00%) |   1061     675    1580   1100 |    0.00        0.00
--------|----------------------------------------------------------------------------|-------|-------------|-------|-------|-------|-------|--------|-----------
         Aggregated                                                                      6696     0(0.00%) |     13       2    1580      5 |   25.60        0.00

Type     Name                                                                          # reqs      # fails |    Avg     Min     Max    Med |   req/s  failures/s
--------|----------------------------------------------------------------------------|-------|-------------|-------|-------|-------|-------|--------|-----------
GET      GET /api/v1/reservas                                                            5044     0(0.00%) |      6       3     115      6 |   18.80        0.00
GET      GET /api/v1/reservas/{id}                                                       1649     0(0.00%) |      4       2      66      4 |    7.00        0.00
POST     POST /api/v1/auth/login                                                           50     0(0.00%) |   1061     675    1580   1100 |    0.00        0.00
--------|----------------------------------------------------------------------------|-------|-------------|-------|-------|-------|-------|--------|-----------
         Aggregated                                                                      6743     0(0.00%) |     13       2    1580      5 |   25.80        0.00

Type     Name                                                                          # reqs      # fails |    Avg     Min     Max    Med |   req/s  failures/s
--------|----------------------------------------------------------------------------|-------|-------------|-------|-------|-------|-------|--------|-----------
GET      GET /api/v1/reservas                                                            5081     0(0.00%) |      6       3     115      6 |   18.70        0.00
GET      GET /api/v1/reservas/{id}                                                       1663     0(0.00%) |      4       2      66      4 |    6.60        0.00
POST     POST /api/v1/auth/login                                                           50     0(0.00%) |   1061     675    1580   1100 |    0.00        0.00
--------|----------------------------------------------------------------------------|-------|-------------|-------|-------|-------|-------|--------|-----------
         Aggregated                                                                      6794     0(0.00%) |     13       2    1580      5 |   25.30        0.00

Type     Name                                                                          # reqs      # fails |    Avg     Min     Max    Med |   req/s  failures/s
--------|----------------------------------------------------------------------------|-------|-------------|-------|-------|-------|-------|--------|-----------
GET      GET /api/v1/reservas                                                            5113     0(0.00%) |      6       3     115      6 |   18.60        0.00
GET      GET /api/v1/reservas/{id}                                                       1679     0(0.00%) |      4       2      66      4 |    6.70        0.00
POST     POST /api/v1/auth/login                                                           50     0(0.00%) |   1061     675    1580   1100 |    0.00        0.00
--------|----------------------------------------------------------------------------|-------|-------------|-------|-------|-------|-------|--------|-----------
         Aggregated                                                                      6842     0(0.00%) |     13       2    1580      5 |   25.30        0.00

Type     Name                                                                          # reqs      # fails |    Avg     Min     Max    Med |   req/s  failures/s
--------|----------------------------------------------------------------------------|-------|-------------|-------|-------|-------|-------|--------|-----------
GET      GET /api/v1/reservas                                                            5148     0(0.00%) |      6       3     115      6 |   18.60        0.00
GET      GET /api/v1/reservas/{id}                                                       1691     0(0.00%) |      4       2      66      4 |    6.40        0.00
POST     POST /api/v1/auth/login                                                           50     0(0.00%) |   1061     675    1580   1100 |    0.00        0.00
--------|----------------------------------------------------------------------------|-------|-------------|-------|-------|-------|-------|--------|-----------
         Aggregated                                                                      6889     0(0.00%) |     13       2    1580      5 |   25.00        0.00

Type     Name                                                                          # reqs      # fails |    Avg     Min     Max    Med |   req/s  failures/s
--------|----------------------------------------------------------------------------|-------|-------------|-------|-------|-------|-------|--------|-----------
GET      GET /api/v1/reservas                                                            5187     0(0.00%) |      6       3     115      6 |   18.40        0.00
GET      GET /api/v1/reservas/{id}                                                       1702     0(0.00%) |      4       2      66      4 |    6.40        0.00
POST     POST /api/v1/auth/login                                                           50     0(0.00%) |   1061     675    1580   1100 |    0.00        0.00
--------|----------------------------------------------------------------------------|-------|-------------|-------|-------|-------|-------|--------|-----------
         Aggregated                                                                      6939     0(0.00%) |     13       2    1580      5 |   24.80        0.00

Type     Name                                                                          # reqs      # fails |    Avg     Min     Max    Med |   req/s  failures/s
--------|----------------------------------------------------------------------------|-------|-------------|-------|-------|-------|-------|--------|-----------
GET      GET /api/v1/reservas                                                            5228     0(0.00%) |      6       3     115      6 |   17.60        0.00
GET      GET /api/v1/reservas/{id}                                                       1716     0(0.00%) |      4       2      66      4 |    6.40        0.00
POST     POST /api/v1/auth/login                                                           50     0(0.00%) |   1061     675    1580   1100 |    0.00        0.00
--------|----------------------------------------------------------------------------|-------|-------------|-------|-------|-------|-------|--------|-----------
         Aggregated                                                                      6994     0(0.00%) |     13       2    1580      5 |   24.00        0.00

Type     Name                                                                          # reqs      # fails |    Avg     Min     Max    Med |   req/s  failures/s
--------|----------------------------------------------------------------------------|-------|-------------|-------|-------|-------|-------|--------|-----------
GET      GET /api/v1/reservas                                                            5269     0(0.00%) |      6       3     115      6 |   18.50        0.00
GET      GET /api/v1/reservas/{id}                                                       1727     0(0.00%) |      4       2      66      4 |    6.70        0.00
POST     POST /api/v1/auth/login                                                           50     0(0.00%) |   1061     675    1580   1100 |    0.00        0.00
--------|----------------------------------------------------------------------------|-------|-------------|-------|-------|-------|-------|--------|-----------
         Aggregated                                                                      7046     0(0.00%) |     13       2    1580      5 |   25.20        0.00

Type     Name                                                                          # reqs      # fails |    Avg     Min     Max    Med |   req/s  failures/s
--------|----------------------------------------------------------------------------|-------|-------------|-------|-------|-------|-------|--------|-----------
GET      GET /api/v1/reservas                                                            5310     0(0.00%) |      6       3     115      6 |   18.80        0.00
GET      GET /api/v1/reservas/{id}                                                       1735     0(0.00%) |      4       2      66      4 |    6.50        0.00
POST     POST /api/v1/auth/login                                                           50     0(0.00%) |   1061     675    1580   1100 |    0.00        0.00
--------|----------------------------------------------------------------------------|-------|-------------|-------|-------|-------|-------|--------|-----------
         Aggregated                                                                      7095     0(0.00%) |     13       2    1580      5 |   25.30        0.00

Type     Name                                                                          # reqs      # fails |    Avg     Min     Max    Med |   req/s  failures/s
--------|----------------------------------------------------------------------------|-------|-------------|-------|-------|-------|-------|--------|-----------
GET      GET /api/v1/reservas                                                            5350     0(0.00%) |      6       3     115      6 |   19.90        0.00
GET      GET /api/v1/reservas/{id}                                                       1747     0(0.00%) |      4       2      66      4 |    5.90        0.00
POST     POST /api/v1/auth/login                                                           50     0(0.00%) |   1061     675    1580   1100 |    0.00        0.00
--------|----------------------------------------------------------------------------|-------|-------------|-------|-------|-------|-------|--------|-----------
         Aggregated                                                                      7147     0(0.00%) |     13       2    1580      5 |   25.80        0.00

Type     Name                                                                          # reqs      # fails |    Avg     Min     Max    Med |   req/s  failures/s
--------|----------------------------------------------------------------------------|-------|-------------|-------|-------|-------|-------|--------|-----------
GET      GET /api/v1/reservas                                                            5386     0(0.00%) |      6       3     115      6 |   20.10        0.00
GET      GET /api/v1/reservas/{id}                                                       1763     0(0.00%) |      4       2      66      4 |    5.60        0.00
POST     POST /api/v1/auth/login                                                           50     0(0.00%) |   1061     675    1580   1100 |    0.00        0.00
--------|----------------------------------------------------------------------------|-------|-------------|-------|-------|-------|-------|--------|-----------
         Aggregated                                                                      7199     0(0.00%) |     13       2    1580      5 |   25.70        0.00

Type     Name                                                                          # reqs      # fails |    Avg     Min     Max    Med |   req/s  failures/s
--------|----------------------------------------------------------------------------|-------|-------------|-------|-------|-------|-------|--------|-----------
GET      GET /api/v1/reservas                                                            5421     0(0.00%) |      6       3     115      6 |   19.90        0.00
GET      GET /api/v1/reservas/{id}                                                       1774     0(0.00%) |      4       2      66      4 |    6.00        0.00
POST     POST /api/v1/auth/login                                                           50     0(0.00%) |   1061     675    1580   1100 |    0.00        0.00
--------|----------------------------------------------------------------------------|-------|-------------|-------|-------|-------|-------|--------|-----------
         Aggregated                                                                      7245     0(0.00%) |     13       2    1580      5 |   25.90        0.00

Type     Name                                                                          # reqs      # fails |    Avg     Min     Max    Med |   req/s  failures/s
--------|----------------------------------------------------------------------------|-------|-------------|-------|-------|-------|-------|--------|-----------
GET      GET /api/v1/reservas                                                            5458     0(0.00%) |      6       3     115      6 |   19.00        0.00
GET      GET /api/v1/reservas/{id}                                                       1783     0(0.00%) |      4       2      66      4 |    5.90        0.00
POST     POST /api/v1/auth/login                                                           50     0(0.00%) |   1061     675    1580   1100 |    0.00        0.00
--------|----------------------------------------------------------------------------|-------|-------------|-------|-------|-------|-------|--------|-----------
         Aggregated                                                                      7291     0(0.00%) |     13       2    1580      5 |   24.90        0.00

Type     Name                                                                          # reqs      # fails |    Avg     Min     Max    Med |   req/s  failures/s
--------|----------------------------------------------------------------------------|-------|-------------|-------|-------|-------|-------|--------|-----------
GET      GET /api/v1/reservas                                                            5500     0(0.00%) |      6       3     115      6 |   18.80        0.00
GET      GET /api/v1/reservas/{id}                                                       1790     0(0.00%) |      4       2      66      4 |    5.70        0.00
POST     POST /api/v1/auth/login                                                           50     0(0.00%) |   1061     675    1580   1100 |    0.00        0.00
--------|----------------------------------------------------------------------------|-------|-------------|-------|-------|-------|-------|--------|-----------
         Aggregated                                                                      7340     0(0.00%) |     13       2    1580      5 |   24.50        0.00

Type     Name                                                                          # reqs      # fails |    Avg     Min     Max    Med |   req/s  failures/s
--------|----------------------------------------------------------------------------|-------|-------------|-------|-------|-------|-------|--------|-----------
GET      GET /api/v1/reservas                                                            5539     0(0.00%) |      6       3     115      6 |   18.60        0.00
GET      GET /api/v1/reservas/{id}                                                       1802     0(0.00%) |      4       2      66      4 |    5.40        0.00
POST     POST /api/v1/auth/login                                                           50     0(0.00%) |   1061     675    1580   1100 |    0.00        0.00
--------|----------------------------------------------------------------------------|-------|-------------|-------|-------|-------|-------|--------|-----------
         Aggregated                                                                      7391     0(0.00%) |     13       2    1580      5 |   24.00        0.00

Type     Name                                                                          # reqs      # fails |    Avg     Min     Max    Med |   req/s  failures/s
--------|----------------------------------------------------------------------------|-------|-------------|-------|-------|-------|-------|--------|-----------
GET      GET /api/v1/reservas                                                            5579     0(0.00%) |      6       3     115      6 |   18.90        0.00
GET      GET /api/v1/reservas/{id}                                                       1813     0(0.00%) |      4       2      66      4 |    5.60        0.00
POST     POST /api/v1/auth/login                                                           50     0(0.00%) |   1061     675    1580   1100 |    0.00        0.00
--------|----------------------------------------------------------------------------|-------|-------------|-------|-------|-------|-------|--------|-----------
         Aggregated                                                                      7442     0(0.00%) |     13       2    1580      5 |   24.50        0.00

[2026-09-20 18:34:45,997] pfc-pruebas-e1/INFO/locust.main: --run-time limit reached, shutting down
[2026-09-20 18:34:46,100] pfc-pruebas-e1/INFO/locust.main: writing html report to file: /home/ubuntu/PFC_ISSUE32/experimentos/resultados/raw/eficiencia_nominal_50u_5m_poblada/rep-10/locust-report.html
[2026-09-20 18:34:46,102] pfc-pruebas-e1/INFO/locust.main: Shutting down (exit code 0)
Type     Name                                                                          # reqs      # fails |    Avg     Min     Max    Med |   req/s  failures/s
--------|----------------------------------------------------------------------------|-------|-------------|-------|-------|-------|-------|--------|-----------
GET      GET /api/v1/reservas                                                            5610     0(0.00%) |      6       3     115      6 |   18.71        0.00
GET      GET /api/v1/reservas/{id}                                                       1829     0(0.00%) |      4       2      66      4 |    6.10        0.00
POST     POST /api/v1/auth/login                                                           50     0(0.00%) |   1061     675    1580   1100 |    0.17        0.00
--------|----------------------------------------------------------------------------|-------|-------------|-------|-------|-------|-------|--------|-----------
         Aggregated                                                                      7489     0(0.00%) |     12       2    1580      5 |   24.98        0.00

Response time percentiles (approximated)
Type     Name                                                                                  50%    66%    75%    80%    90%    95%    98%    99%  99.9% 99.99%   100% # reqs
--------|--------------------------------------------------------------------------------|--------|------|------|------|------|------|------|------|------|------|------|------
GET      GET /api/v1/reservas                                                                    6      6      7      7      8     10     13     17     86    120    120   5610
GET      GET /api/v1/reservas/{id}                                                               4      5      5      5      6      8     10     12     60     67     67   1829
POST     POST /api/v1/auth/login                                                              1100   1200   1200   1200   1300   1300   1600   1600   1600   1600   1600     50
--------|--------------------------------------------------------------------------------|--------|------|------|------|------|------|------|------|------|------|------|------
         Aggregated                                                                              5      6      6      7      8     10     15     37   1200   1600   1600   7489

