Timestamp,User Count,Type,Name,Requests/s,Failures/s,50%,66%,75%,80%,90%,95%,98%,99%,99.9%,99.99%,100%,Total Request Count,Total Failure Count,Total Median Response Time,Total Average Response Time,Total Min Response Time,Total Max Response Time,Total Average Content Size
1789928986,0,,Aggregated,0.000000,0.000000,N/A,N/A,N/A,N/A,N/A,N/A,N/A,N/A,N/A,N/A,N/A,0,0,0,0.0,0,0,0
1789928987,10,GET,GET /api/v1/reservas,0.000000,0.000000,0,0,0,0,0,0,0,0,0,0,0,6,0,8,9.490870666923001,6.691552989650518,12.931550008943304,8965.0
1789928987,10,POST,POST /api/v1/auth/login,0.000000,0.000000,0,0,0,0,0,0,0,0,0,0,0,6,0,950.0,903.7822730000092,766.8468369956827,984.336533001624,1622.0
1789928987,10,,Aggregated,0.000000,0.000000,0,0,0,0,0,0,0,0,0,0,0,12,0,13,456.6365718334661,6.691552989650518,984.336533001624,5293.5
1789928988,20,GET,GET /api/v1/reservas,0.000000,0.000000,10,12,13,13,17,28,28,28,28,28,28,13,0,10,11.258564537946278,6.691552989650518,27.852746003190987,8965.0
1789928988,20,POST,POST /api/v1/auth/login,0.000000,0.000000,980,1000,1200,1200,1200,1200,1200,1200,1200,1200,1200,12,0,950.0,988.8606308328841,766.8468369956827,1199.158584990073,1622.0
1789928988,20,,Aggregated,0.000000,0.000000,28,950,970,980,1200,1200,1200,1200,1200,1200,1200,25,0,28,480.50755635951646,6.691552989650518,1199.158584990073,5440.36
1789928989,30,GET,GET /api/v1/reservas,2.000000,0.000000,11,13,28,29,110,110,120,120,120,120,120,26,0,10,23.99054323121583,6.644230001256801,115.12566400051583,8965.0
1789928989,30,GET,GET /api/v1/reservas/{id},0.000000,0.000000,0,0,0,0,0,0,0,0,0,0,0,2,0,4.335472011007369,5.12902900663903,4.335472011007369,5.922586002270691,442.0
1789928989,30,POST,POST /api/v1/auth/login,2.000000,0.000000,1100,1200,1200,1200,1200,1300,1300,1300,1300,1300,1300,22,0,1000.0,1050.6159959999918,766.8468369956827,1323.9564489922486,1622.0
1789928989,30,,Aggregated,4.000000,0.000000,110,950,1000,1100,1200,1200,1300,1300,1300,1300,1300,50,0,36,474.9512818804942,4.335472011007369,1323.9564489922486,5393.16
1789928990,40,GET,GET /api/v1/reservas,5.000000,0.000000,9,13,17,29,61,110,120,120,120,120,120,44,0,8,21.098698522771222,4.806975994142704,115.12566400051583,8965.0
1789928990,40,GET,GET /api/v1/reservas/{id},0.000000,0.000000,7,7,7,7,7,7,7,7,7,7,7,4,0,6,6.078635753510753,4.335472011007369,7.43702199542895,442.0
1789928990,40,POST,POST /api/v1/auth/login,5.000000,0.000000,1100,1100,1200,1200,1300,1300,1600,1600,1600,1600,1600,35,0,1000.0,1063.730900000415,714.0709959930973,1580.317592000938,1622.0
1789928990,40,,Aggregated,10.000000,0.000000,36,950,1000,1100,1200,1300,1300,1600,1600,1600,1600,83,0,36,460.0390214220542,4.335472011007369,1580.317592000938,5457.807228915663
1789928991,50,GET,GET /api/v1/reservas,8.000000,0.000000,9,12,17,17,37,110,110,120,120,120,120,62,0,9,18.195313241449185,4.806975994142704,115.12566400051583,8965.0
1789928991,50,GET,GET /api/v1/reservas/{id},0.333333,0.000000,6,7,7,8,31,31,31,31,31,31,31,11,0,6,7.974430181837471,3.627797996159643,30.949369000154547,442.0
1789928991,50,POST,POST /api/v1/auth/login,6.666667,0.000000,1100,1200,1200,1200,1300,1300,1600,1600,1600,1600,1600,45,0,1000.0,1055.114557823011,675.3760170104215,1580.317592000938,1622.0
1789928991,50,,Aggregated,15.000000,0.000000,17,870,970,1000,1200,1300,1300,1300,1600,1600,1600,118,0,17,412.67782419496234,3.627797996159643,1580.317592000938,5370.186440677966
1789928992,50,GET,GET /api/v1/reservas,10.000000,0.000000,8,11,13,17,36,64,110,120,120,120,120,82,0,8,15.658744244208764,4.426829007570632,115.12566400051583,8965.0
1789928992,50,GET,GET /api/v1/reservas/{id},0.750000,0.000000,5,6,6,7,8,31,31,31,31,31,31,18,0,5,6.553136665994923,3.2363849895773456,30.949369000154547,442.0
1789928992,50,POST,POST /api/v1/auth/login,8.250000,0.000000,1100,1200,1200,1200,1300,1300,1600,1600,1600,1600,1600,50,0,1100.0,1061.7003626003861,675.3760170104215,1580.317592000938,1622.0
1789928992,50,,Aggregated,19.000000,0.000000,12,110,950,1000,1200,1200,1300,1300,1600,1600,1600,150,0,12,363.24661078688223,3.2363849895773456,1580.317592000938,5494.573333333334
1789928993,50,GET,GET /api/v1/reservas,11.200000,0.000000,7,9,12,14,28,61,110,120,120,120,120,97,0,7,14.006610474604441,3.8697260024491698,115.12566400051583,8965.0
1789928993,50,GET,GET /api/v1/reservas/{id},1.800000,0.000000,5,5,6,6,7,8,31,31,31,31,31,26,0,5,5.77693738495537,3.1992290023481473,30.949369000154547,442.0
1789928993,50,POST,POST /api/v1/auth/login,8.400000,0.000000,1100,1200,1200,1200,1300,1300,1600,1600,1600,1600,1600,50,0,1100.0,1061.7003626003861,675.3760170104215,1580.317592000938,1622.0
1789928993,50,,Aggregated,21.400000,0.000000,9,29,890,970,1200,1200,1300,1300,1600,1600,1600,173,0,9,315.5714434570218,3.1992290023481473,1580.317592000938,5561.832369942196
1789928994,50,GET,GET /api/v1/reservas,13.333333,0.000000,7,8,11,12,17,37,110,110,120,120,120,118,0,7,12.692500551165105,3.8697260024491698,115.12566400051583,8965.0
1789928994,50,GET,GET /api/v1/reservas/{id},3.000000,0.000000,4,5,6,6,7,9,31,31,31,31,31,34,0,4,5.534616794166675,3.120440000202507,30.949369000154547,442.0
1789928994,50,POST,POST /api/v1/auth/login,8.333333,0.000000,1100,1200,1200,1200,1300,1300,1600,1600,1600,1600,1600,50,0,1100.0,1061.7003626003861,675.3760170104215,1580.317592000938,1622.0
1789928994,50,,Aggregated,24.666667,0.000000,8,15,110,950,1100,1200,1300,1300,1600,1600,1600,202,0,8,271.1431196339528,3.120440000202507,1580.317592000938,5712.861386138614
1789928995,50,GET,GET /api/v1/reservas,13.142857,0.000000,7,8,9,11,17,36,110,110,120,120,120,140,0,7,11.648988500279042,3.8697260024491698,115.12566400051583,8965.0
1789928995,50,GET,GET /api/v1/reservas/{id},3.428571,0.000000,4,5,6,6,7,9,31,31,31,31,31,37,0,4,5.4113953244538875,3.120440000202507,30.949369000154547,442.0
1789928995,50,POST,POST /api/v1/auth/login,7.142857,0.000000,1100,1200,1200,1200,1300,1300,1600,1600,1600,1600,1600,50,0,1100.0,1061.7003626003861,675.3760170104215,1580.317592000938,1622.0
1789928995,50,,Aggregated,23.714286,0.000000,7,11,36,830,1100,1200,1300,1300,1600,1600,1600,227,0,7,241.921137211732,3.120440000202507,1580.317592000938,5958.387665198238
1789928996,50,GET,GET /api/v1/reservas,14.250000,0.000000,7,8,9,11,17,36,64,110,120,120,120,156,0,7,11.057560544894585,3.8697260024491698,115.12566400051583,8965.0
1789928996,50,GET,GET /api/v1/reservas/{id},4.000000,0.000000,4,5,5,6,7,8,31,31,31,31,31,45,0,4,5.172149199966548,3.0585759959649295,30.949369000154547,442.0
1789928996,50,POST,POST /api/v1/auth/login,6.250000,0.000000,1100,1200,1200,1200,1300,1300,1600,1600,1600,1600,1600,50,0,1100.0,1061.7003626003861,675.3760170104215,1580.317592000938,1622.0
1789928996,50,,Aggregated,24.500000,0.000000,7,9,17,110,1100,1200,1300,1300,1600,1600,1600,251,0,7,219.29380194829227,3.0585759959649295,1580.317592000938,5974.223107569721
1789928997,50,GET,GET /api/v1/reservas,15.000000,0.000000,6,7,8,9,15,29,64,110,120,120,120,177,0,6,10.319311565165092,3.823717008344829,115.12566400051583,8965.0
1789928997,50,GET,GET /api/v1/reservas/{id},3.888889,0.000000,4,5,5,5,6,8,9,31,31,31,31,52,0,4,5.002160980299008,2.86296900594607,30.949369000154547,442.0
1789928997,50,POST,POST /api/v1/auth/login,5.555556,0.000000,1100,1200,1200,1200,1300,1300,1600,1600,1600,1600,1600,50,0,1100.0,1061.7003626003861,675.3760170104215,1580.317592000938,1622.0
1789928997,50,,Aggregated,24.444444,0.000000,6,8,11,17,1000,1200,1300,1300,1600,1600,1600,279,0,7,197.74784461659166,2.86296900594607,1580.317592000938,6060.534050179212
1789928998,50,GET,GET /api/v1/reservas,15.300000,0.000000,6,7,7,8,11,17,36,61,64,64,64,198,0,6,9.797080651685864,3.823717008344829,115.12566400051583,8965.0
1789928998,50,GET,GET /api/v1/reservas/{id},4.500000,0.000000,4,5,5,5,6,8,9,31,31,31,31,59,0,4,4.846744474627362,2.86296900594607,30.949369000154547,442.0
1789928998,50,POST,POST /api/v1/auth/login,5.000000,0.000000,1100,1100,1200,1200,1300,1300,1600,1600,1600,1600,1600,50,0,1100.0,1061.7003626003861,675.3760170104215,1580.317592000938,1622.0
1789928998,50,,Aggregated,24.800000,0.000000,6,7,8,9,830,1100,1200,1300,1600,1600,1600,307,0,6,180.16546587314699,2.86296900594607,1580.317592000938,6131.100977198697
1789928999,50,GET,GET /api/v1/reservas,16.900000,0.000000,6,6,7,7,9,12,17,17,28,28,28,211,0,6,9.542362933721332,3.823717008344829,115.12566400051583,8965.0
1789928999,50,GET,GET /api/v1/reservas/{id},5.200000,0.000000,4,5,5,5,6,7,9,31,31,31,31,65,0,4,4.812762830540753,2.86296900594607,30.949369000154547,442.0
1789928999,50,POST,POST /api/v1/auth/login,4.800000,0.000000,1100,1200,1200,1200,1200,1300,1300,1300,1300,1300,1300,50,0,1100.0,1061.7003626003861,675.3760170104215,1580.317592000938,1622.0
1789928999,50,,Aggregated,26.900000,0.000000,5,6,7,8,15,960,1200,1200,1300,1300,1300,326,0,6,169.9732708374836,2.86296900594607,1580.317592000938,6139.401840490797
1789929000,50,GET,GET /api/v1/reservas,18.600000,0.000000,5,6,6,7,8,9,12,17,17,17,17,230,0,6,9.19373506950923,3.823717008344829,115.12566400051583,8965.0
1789929000,50,GET,GET /api/v1/reservas/{id},5.700000,0.000000,4,4,5,5,5,6,6,9,9,9,9,74,0,4,4.751052242559004,2.837210995494388,30.949369000154547,442.0
1789929000,50,POST,POST /api/v1/auth/login,4.000000,0.000000,1100,1100,1200,1200,1200,1200,1200,1200,1200,1200,1200,50,0,1100.0,1061.7003626003861,675.3760170104215,1580.317592000938,1622.0
1789929000,50,,Aggregated,28.300000,0.000000,5,6,6,7,8,11,1100,1100,1200,1200,1200,354,0,6,156.92416684168305,2.837210995494388,1580.317592000938,6146.209039548023
1789929001,50,GET,GET /api/v1/reservas,18.400000,0.000000,5,6,6,6,7,8,9,10,17,17,17,248,0,6,8.88125941932113,3.823717008344829,115.12566400051583,8965.0
1789929001,50,GET,GET /api/v1/reservas/{id},6.200000,0.000000,4,4,5,5,5,6,6,9,9,9,9,81,0,4,4.680486171927453,2.837210995494388,30.949369000154547,442.0
1789929001,50,POST,POST /api/v1/auth/login,3.000000,0.000000,1100,1100,1200,1200,1200,1200,1200,1200,1200,1200,1200,50,0,1100.0,1061.7003626003861,675.3760170104215,1580.317592000938,1622.0
1789929001,50,,Aggregated,27.600000,0.000000,5,5,6,6,7,8,9,9,17,17,17,379,0,6,146.87780961988673,2.837210995494388,1580.317592000938,6174.728232189974
1789929002,50,GET,GET /api/v1/reservas,18.300000,0.000000,5,6,6,6,7,8,9,10,17,17,17,268,0,6,8.647601597129242,3.823717008344829,115.12566400051583,8965.0
1789929002,50,GET,GET /api/v1/reservas/{id},7.000000,0.000000,4,4,5,5,5,6,8,9,9,9,9,91,0,4,4.625617219122372,2.837210995494388,30.949369000154547,442.0
1789929002,50,POST,POST /api/v1/auth/login,1.700000,0.000000,1100,1100,1200,1200,1200,1200,1200,1200,1200,1200,1200,50,0,1100.0,1061.7003626003861,675.3760170104215,1580.317592000938,1622.0
1789929002,50,,Aggregated,27.000000,0.000000,5,5,6,6,7,8,9,9,17,17,17,409,0,6,136.48779101464567,2.837210995494388,1580.317592000938,6171.007334963325
1789929003,50,GET,GET /api/v1/reservas,18.500000,0.000000,5,6,6,6,7,8,9,10,10,10,10,285,0,6,8.509158831663642,3.823717008344829,115.12566400051583,8965.0
1789929003,50,GET,GET /api/v1/reservas/{id},7.100000,0.000000,4,4,5,5,5,6,9,10,10,10,10,98,0,4,4.654953499177319,2.837210995494388,30.949369000154547,442.0
1789929003,50,POST,POST /api/v1/auth/login,0.800000,0.000000,1100,1100,1200,1200,1200,1200,1200,1200,1200,1200,1200,50,0,1100.0,1061.7003626003861,675.3760170104215,1580.317592000938,1622.0
1789929003,50,,Aggregated,26.400000,0.000000,5,6,6,6,7,8,9,10,10,10,10,433,0,6,129.25245690522593,2.837210995494388,1580.317592000938,6188.085450346421
1789929004,50,GET,GET /api/v1/reservas,18.500000,0.000000,5,6,6,6,7,7,9,9,10,10,10,304,0,6,8.300996920919907,3.823717008344829,115.12566400051583,8965.0
1789929004,50,GET,GET /api/v1/reservas/{id},7.000000,0.000000,4,4,5,5,5,6,8,10,10,10,10,108,0,4,4.590827017737967,2.837210995494388,30.949369000154547,442.0
1789929004,50,POST,POST /api/v1/auth/login,0.000000,0.000000,1100,1100,1200,1200,1200,1200,1200,1200,1200,1200,1200,50,0,1100.0,1061.7003626003861,675.3760170104215,1580.317592000938,1622.0
1789929004,50,,Aggregated,25.500000,0.000000,5,5,6,6,7,7,9,9,10,10,10,462,0,6,121.43794483094082,2.837210995494388,1580.317592000938,6177.91341991342
1789929005,50,GET,GET /api/v1/reservas,19.200000,0.000000,5,6,6,6,7,8,9,10,10,10,10,322,0,6,8.184766853954903,3.823717008344829,115.12566400051583,8965.0
1789929005,50,GET,GET /api/v1/reservas/{id},7.200000,0.000000,4,4,5,5,5,6,8,10,10,10,10,110,0,4,4.599462217513726,2.837210995494388,30.949369000154547,442.0
1789929005,50,POST,POST /api/v1/auth/login,0.000000,0.000000,1100,1100,1200,1200,1200,1200,1200,1200,1200,1200,1200,50,0,1100.0,1061.7003626003861,675.3760170104215,1580.317592000938,1622.0
1789929005,50,,Aggregated,26.400000,0.000000,5,5,6,6,7,8,9,10,10,10,10,482,0,6,116.65239398530974,2.837210995494388,1580.317592000938,6258.195020746888
1789929006,50,GET,GET /api/v1/reservas,18.600000,0.000000,5,6,6,7,7,8,9,10,11,11,11,343,0,6,8.053435466310646,3.823717008344829,115.12566400051583,8965.0
1789929006,50,GET,GET /api/v1/reservas/{id},7.400000,0.000000,4,4,5,5,5,6,8,10,10,10,10,115,0,4,4.584899077409595,2.837210995494388,30.949369000154547,442.0
1789929006,50,POST,POST /api/v1/auth/login,0.000000,0.000000,1100,1100,1200,1200,1200,1200,1200,1200,1200,1200,1200,50,0,1100.0,1061.7003626003861,675.3760170104215,1580.317592000938,1622.0
1789929006,50,,Aggregated,26.000000,0.000000,5,6,6,6,7,8,9,10,11,11,11,508,0,6,110.97364151351567,2.837210995494388,1580.317592000938,6312.844488188976
1789929007,50,GET,GET /api/v1/reservas,18.300000,0.000000,5,6,6,6,7,8,9,10,11,11,11,357,0,6,7.9424479606669625,3.823717008344829,115.12566400051583,8965.0
1789929007,50,GET,GET /api/v1/reservas/{id},7.500000,0.000000,4,4,5,5,5,6,8,10,10,10,10,122,0,4,4.543981900496874,2.837210995494388,30.949369000154547,442.0
1789929007,50,POST,POST /api/v1/auth/login,0.000000,0.000000,1100,1100,1200,1200,1200,1200,1200,1200,1200,1200,1200,50,0,1100.0,1061.7003626003861,675.3760170104215,1580.317592000938,1622.0
1789929007,50,,Aggregated,25.800000,0.000000,5,6,6,6,7,8,9,10,11,11,11,529,0,5,106.75772749307757,2.837210995494388,1580.317592000938,6305.347826086957
1789929008,50,GET,GET /api/v1/reservas,18.900000,0.000000,5,6,6,6,7,8,9,10,11,11,11,373,0,6,7.842739225111168,3.823717008344829,115.12566400051583,8965.0
1789929008,50,GET,GET /api/v1/reservas/{id},7.000000,0.000000,4,5,5,5,5,6,8,10,10,10,10,132,0,4,4.527443301908947,2.837210995494388,30.949369000154547,442.0
1789929008,50,POST,POST /api/v1/auth/login,0.000000,0.000000,1100,1100,1200,1200,1200,1200,1200,1200,1200,1200,1200,50,0,1100.0,1061.7003626003861,675.3760170104215,1580.317592000938,1622.0
1789929008,50,,Aggregated,25.900000,0.000000,5,5,6,6,7,8,9,10,11,11,11,555,0,5,101.99636464295091,2.837210995494388,1580.317592000938,6276.376576576577
1789929009,50,GET,GET /api/v1/reservas,18.500000,0.000000,5,6,6,7,7,8,9,10,11,11,11,390,0,6,7.755245579420052,3.823717008344829,115.12566400051583,8965.0
1789929009,50,GET,GET /api/v1/reservas/{id},6.900000,0.000000,4,5,5,5,5,6,8,10,10,10,10,141,0,4,4.503885758190304,2.837210995494388,30.949369000154547,442.0
1789929009,50,POST,POST /api/v1/auth/login,0.000000,0.000000,0,0,0,0,0,0,0,0,0,0,0,50,0,1100.0,1061.7003626003861,675.3760170104215,1580.317592000938,1622.0
1789929009,50,,Aggregated,25.400000,0.000000,5,6,6,6,7,8,9,10,11,11,11,581,0,5,97.6671459516316,2.837210995494388,1580.317592000938,6264.667814113597
1789929010,50,GET,GET /api/v1/reservas,17.700000,0.000000,5,6,6,7,7,8,9,10,11,11,11,406,0,6,7.665786088630385,3.823717008344829,115.12566400051583,8965.0
1789929010,50,GET,GET /api/v1/reservas/{id},7.200000,0.000000,4,4,5,5,5,6,8,10,10,10,10,147,0,4,4.472546373473379,2.837210995494388,30.949369000154547,442.0
1789929010,50,POST,POST /api/v1/auth/login,0.000000,0.000000,0,0,0,0,0,0,0,0,0,0,0,50,0,1100.0,1061.7003626003861,675.3760170104215,1580.317592000938,1622.0
1789929010,50,,Aggregated,24.900000,0.000000,5,6,6,6,7,8,9,10,11,11,11,603,0,5,94.28655323201299,2.837210995494388,1580.317592000938,6278.381426202322
1789929011,50,GET,GET /api/v1/reservas,18.100000,0.000000,5,6,6,7,7,8,9,10,11,11,11,424,0,6,7.552014002321125,3.823717008344829,115.12566400051583,8965.0
1789929011,50,GET,GET /api/v1/reservas/{id},7.500000,0.000000,4,4,5,5,5,6,6,10,10,10,10,156,0,4,4.458071050743083,2.837210995494388,30.949369000154547,442.0
1789929011,50,POST,POST /api/v1/auth/login,0.000000,0.000000,0,0,0,0,0,0,0,0,0,0,0,50,0,1100.0,1061.7003626003861,675.3760170104215,1580.317592000938,1622.0
1789929011,50,,Aggregated,25.600000,0.000000,5,6,6,6,7,8,9,10,11,11,11,630,0,5,90.44846214431648,2.837210995494388,1580.317592000938,6271.765079365079
1789929012,50,GET,GET /api/v1/reservas,17.900000,0.000000,5,6,6,7,7,8,9,10,11,11,11,441,0,6,7.492699108872924,3.823717008344829,115.12566400051583,8965.0
1789929012,50,GET,GET /api/v1/reservas/{id},7.400000,0.000000,4,5,5,5,5,6,6,9,9,9,9,161,0,4,4.474960303968773,2.837210995494388,30.949369000154547,442.0
1789929012,50,POST,POST /api/v1/auth/login,0.000000,0.000000,0,0,0,0,0,0,0,0,0,0,0,50,0,1100.0,1061.7003626003861,675.3760170104215,1580.317592000938,1622.0
1789929012,50,,Aggregated,25.300000,0.000000,5,6,6,6,7,8,9,10,11,11,11,652,0,5,87.59166724842214,2.837210995494388,1580.317592000938,6297.2806748466255
1789929013,50,GET,GET /api/v1/reservas,18.200000,0.000000,5,6,6,7,7,8,10,11,11,11,11,458,0,6,7.441701004430336,3.823717008344829,115.12566400051583,8965.0
1789929013,50,GET,GET /api/v1/reservas/{id},7.300000,0.000000,4,5,5,5,6,6,6,9,9,9,9,173,0,4,4.468787646993074,2.837210995494388,30.949369000154547,442.0
1789929013,50,POST,POST /api/v1/auth/login,0.000000,0.000000,0,0,0,0,0,0,0,0,0,0,0,50,0,1100.0,1061.7003626003861,675.3760170104215,1580.317592000938,1622.0
1789929013,50,,Aggregated,25.500000,0.000000,5,6,6,6,7,8,10,10,11,11,11,681,0,5,84.09165558440264,2.837210995494388,1580.317592000938,6260.698972099854
1789929014,50,GET,GET /api/v1/reservas,17.500000,0.000000,5,6,6,6,7,8,11,40,40,40,40,475,0,6,7.515840915852766,3.823717008344829,115.12566400051583,8965.0
1789929014,50,GET,GET /api/v1/reservas/{id},7.200000,0.000000,4,5,5,5,6,6,6,9,9,9,9,179,0,4,4.454299005079499,2.837210995494388,30.949369000154547,442.0
1789929014,50,POST,POST /api/v1/auth/login,0.000000,0.000000,0,0,0,0,0,0,0,0,0,0,0,50,0,1100.0,1061.7003626003861,675.3760170104215,1580.317592000938,1622.0
1789929014,50,,Aggregated,24.700000,0.000000,5,6,6,6,7,8,10,11,40,40,40,704,0,5,81.60846887352074,2.837210995494388,1580.317592000938,6276.410511363636
1789929015,50,GET,GET /api/v1/reservas,17.000000,0.000000,6,6,6,7,8,9,10,40,40,40,40,496,0,6,7.4751526392813705,3.823717008344829,115.12566400051583,8965.0
1789929015,50,GET,GET /api/v1/reservas/{id},7.600000,0.000000,4,5,5,5,6,6,7,9,9,9,9,183,0,4,4.4624651033148846,2.837210995494388,30.949369000154547,442.0
1789929015,50,POST,POST /api/v1/auth/login,0.000000,0.000000,0,0,0,0,0,0,0,0,0,0,0,50,0,1100.0,1061.7003626003861,675.3760170104215,1580.317592000938,1622.0
1789929015,50,,Aggregated,24.600000,0.000000,5,6,6,6,7,8,10,11,40,40,40,729,0,5,79.0251371097524,2.837210995494388,1580.317592000938,6321.846364883402
1789929016,50,GET,GET /api/v1/reservas,17.100000,0.000000,5,6,6,7,7,8,10,40,40,40,40,519,0,6,7.3748843431545,3.823717008344829,115.12566400051583,8965.0
1789929016,50,GET,GET /api/v1/reservas/{id},7.300000,0.000000,4,5,5,5,6,6,7,9,9,9,9,189,0,4,4.450321787901755,2.837210995494388,30.949369000154547,442.0
1789929016,50,POST,POST /api/v1/auth/login,0.000000,0.000000,0,0,0,0,0,0,0,0,0,0,0,50,0,1100.0,1061.7003626003861,675.3760170104215,1580.317592000938,1622.0
1789929016,50,,Aggregated,24.400000,0.000000,5,6,6,6,7,8,10,11,40,40,40,758,0,5,76.19220834040887,2.837210995494388,1580.317592000938,6355.505277044855
1789929017,50,GET,GET /api/v1/reservas,17.400000,0.000000,6,6,7,7,7,9,10,40,40,40,40,533,0,6,7.3462308574608555,3.823717008344829,115.12566400051583,8965.0
1789929017,50,GET,GET /api/v1/reservas/{id},7.300000,0.000000,4,5,5,5,6,6,7,9,9,9,9,198,0,4,4.453897014650695,2.837210995494388,30.949369000154547,442.0
1789929017,50,POST,POST /api/v1/auth/login,0.000000,0.000000,0,0,0,0,0,0,0,0,0,0,0,50,0,1100.0,1061.7003626003861,675.3760170104215,1580.317592000938,1622.0
1789929017,50,,Aggregated,24.700000,0.000000,5,6,6,6,7,8,10,11,40,40,40,781,0,5,74.11322763885632,2.837210995494388,1580.317592000938,6334.137003841229
1789929018,50,GET,GET /api/v1/reservas,17.300000,0.000000,5,6,6,7,7,9,10,40,40,40,40,551,0,6,7.269416275967044,3.7677700020140037,115.12566400051583,8965.0
1789929018,50,GET,GET /api/v1/reservas/{id},7.400000,0.000000,4,5,5,5,6,6,7,9,9,9,9,207,0,4,4.443294477718207,2.837210995494388,30.949369000154547,442.0
1789929018,50,POST,POST /api/v1/auth/login,0.000000,0.000000,0,0,0,0,0,0,0,0,0,0,0,50,0,1100.0,1061.7003626003861,675.3760170104215,1580.317592000938,1622.0
1789929018,50,,Aggregated,24.700000,0.000000,5,6,6,6,7,8,10,11,40,40,40,808,0,5,71.79483719673864,2.837210995494388,1580.317592000938,6327.115099009901
1789929019,50,GET,GET /api/v1/reservas,17.500000,0.000000,5,6,6,7,7,9,10,40,40,40,40,571,0,6,7.19429319803444,3.7677700020140037,115.12566400051583,8965.0
1789929019,50,GET,GET /api/v1/reservas/{id},7.700000,0.000000,4,5,5,6,6,7,7,9,9,9,9,211,0,4,4.45613735960962,2.837210995494388,30.949369000154547,442.0
1789929019,50,POST,POST /api/v1/auth/login,0.000000,0.000000,0,0,0,0,0,0,0,0,0,0,0,50,0,1100.0,1061.7003626003861,675.3760170104215,1580.317592000938,1622.0
1789929019,50,,Aggregated,25.200000,0.000000,5,6,6,6,7,8,10,11,40,40,40,832,0,5,69.8716400588637,2.837210995494388,1580.317592000938,6362.231971153846
1789929020,50,GET,GET /api/v1/reservas,17.700000,0.000000,5,6,7,7,7,9,10,40,40,40,40,586,0,6,7.154553860231062,3.7677700020140037,115.12566400051583,8965.0
1789929020,50,GET,GET /api/v1/reservas/{id},7.700000,0.000000,4,5,5,5,6,7,8,9,9,9,9,221,0,4,4.47071523471984,2.837210995494388,30.949369000154547,442.0
1789929020,50,POST,POST /api/v1/auth/login,0.000000,0.000000,0,0,0,0,0,0,0,0,0,0,0,50,0,1100.0,1061.7003626003861,675.3760170104215,1580.317592000938,1622.0
1789929020,50,,Aggregated,25.400000,0.000000,5,6,6,6,7,8,10,11,40,40,40,857,0,5,67.98788186579672,2.837210995494388,1580.317592000938,6338.707117852976
1789929021,50,GET,GET /api/v1/reservas,17.800000,0.000000,5,6,6,7,7,9,10,40,40,40,40,603,0,6,7.102836306971594,3.7677700020140037,115.12566400051583,8965.0
1789929021,50,GET,GET /api/v1/reservas/{id},7.200000,0.000000,4,5,5,6,6,7,8,9,9,9,9,225,0,4,4.481898026101084,2.837210995494388,30.949369000154547,442.0
1789929021,50,POST,POST /api/v1/auth/login,0.000000,0.000000,0,0,0,0,0,0,0,0,0,0,0,50,0,1100.0,1061.7003626003861,675.3760170104215,1580.317592000938,1622.0
1789929021,50,,Aggregated,25.000000,0.000000,5,6,6,6,7,8,10,11,40,40,40,878,0,5,66.48799029498396,2.837210995494388,1580.317592000938,6362.693621867881
1789929022,50,GET,GET /api/v1/reservas,18.300000,0.000000,5,6,6,7,7,8,9,40,40,40,40,619,0,6,7.060872035649092,3.7677700020140037,115.12566400051583,8965.0
1789929022,50,GET,GET /api/v1/reservas/{id},6.800000,0.000000,4,5,5,5,6,7,7,8,8,8,8,232,0,4,4.464136352970823,2.837210995494388,30.949369000154547,442.0
1789929022,50,POST,POST /api/v1/auth/login,0.000000,0.000000,0,0,0,0,0,0,0,0,0,0,0,50,0,1100.0,1061.7003626003861,675.3760170104215,1580.317592000938,1622.0
1789929022,50,,Aggregated,25.100000,0.000000,5,6,6,6,7,8,9,9,40,40,40,901,0,5,64.91828807322456,2.837210995494388,1580.317592000938,6362.906770255272
1789929023,50,GET,GET /api/v1/reservas,18.000000,0.000000,5,6,7,7,7,9,10,17,19,19,19,639,0,6,7.082887929602794,3.7677700020140037,115.12566400051583,8965.0
1789929023,50,GET,GET /api/v1/reservas/{id},7.100000,0.000000,5,5,5,5,7,7,9,12,12,12,12,243,0,4,4.526021213768004,2.837210995494388,30.949369000154547,442.0
1789929023,50,POST,POST /api/v1/auth/login,0.000000,0.000000,0,0,0,0,0,0,0,0,0,0,0,50,0,1100.0,1061.7003626003861,675.3760170104215,1580.317592000938,1622.0
1789929023,50,,Aggregated,25.100000,0.000000,5,6,6,7,7,9,10,12,19,19,19,932,0,5,62.994427759636395,2.837210995494388,1580.317592000938,6348.8637339055795
1789929024,50,GET,GET /api/v1/reservas,17.600000,0.000000,5,6,6,7,7,8,10,17,19,19,19,657,0,6,7.041475834123665,3.7677700020140037,115.12566400051583,8965.0
1789929024,50,GET,GET /api/v1/reservas/{id},7.200000,0.000000,4,5,5,5,6,7,9,12,12,12,12,246,0,4,4.517251735506296,2.837210995494388,30.949369000154547,442.0
1789929024,50,POST,POST /api/v1/auth/login,0.000000,0.000000,0,0,0,0,0,0,0,0,0,0,0,50,0,1100.0,1061.7003626003861,675.3760170104215,1580.317592000938,1622.0
1789929024,50,,Aggregated,24.800000,0.000000,5,6,6,6,7,8,10,12,19,19,19,953,0,5,61.7235169779361,2.837210995494388,1580.317592000938,6379.682056663169
1789929025,50,GET,GET /api/v1/reservas,18.300000,0.000000,5,6,6,7,7,8,10,17,19,19,19,679,0,6,6.987350627431743,3.7677700020140037,115.12566400051583,8965.0
1789929025,50,GET,GET /api/v1/reservas/{id},6.800000,0.000000,4,5,5,5,6,7,9,12,12,12,12,254,0,4,4.495749858026503,2.837210995494388,30.949369000154547,442.0
1789929025,50,POST,POST /api/v1/auth/login,0.000000,0.000000,0,0,0,0,0,0,0,0,0,0,0,50,0,1100.0,1061.7003626003861,675.3760170104215,1580.317592000938,1622.0
1789929025,50,,Aggregated,25.100000,0.000000,5,6,6,6,7,8,10,12,19,19,19,983,0,5,59.9912000711945,2.837210995494388,1580.317592000938,6389.2197355035605
1789929026,50,GET,GET /api/v1/reservas,18.200000,0.000000,5,6,6,7,8,9,10,17,19,19,19,695,0,6,6.979119777009427,3.7677700020140037,115.12566400051583,8965.0
1789929026,50,GET,GET /api/v1/reservas/{id},6.700000,0.000000,4,5,5,5,6,7,9,12,12,12,12,261,0,4,4.4946407008750215,2.837210995494388,30.949369000154547,442.0
1789929026,50,POST,POST /api/v1/auth/login,0.000000,0.000000,0,0,0,0,0,0,0,0,0,0,0,50,0,1100.0,1061.7003626003861,675.3760170104215,1580.317592000938,1622.0
1789929026,50,,Aggregated,24.900000,0.000000,5,6,6,6,7,8,10,12,19,19,19,1006,0,5,58.75607117094358,2.837210995494388,1580.317592000938,6388.804174950298
1789929027,50,GET,GET /api/v1/reservas,18.500000,0.000000,6,6,6,7,8,9,10,17,19,19,19,716,0,6,6.932761372941287,3.7677700020140037,115.12566400051583,8965.0
1789929027,50,GET,GET /api/v1/reservas/{id},7.100000,0.000000,5,5,5,5,6,8,9,12,12,12,12,264,0,4,4.498249518733108,2.837210995494388,30.949369000154547,442.0
1789929027,50,POST,POST /api/v1/auth/login,0.000000,0.000000,0,0,0,0,0,0,0,0,0,0,0,50,0,1100.0,1061.7003626003861,675.3760170104215,1580.317592000938,1622.0
1789929027,50,,Aggregated,25.600000,0.000000,5,6,6,6,7,8,10,12,19,19,19,1030,0,5,57.511080724262925,2.837210995494388,1580.317592000938,6424.007766990291
1789929028,50,GET,GET /api/v1/reservas,17.700000,0.000000,5,6,6,7,8,9,10,17,19,19,19,735,0,6,6.898245223176976,3.7677700020140037,115.12566400051583,8965.0
1789929028,50,GET,GET /api/v1/reservas/{id},7.100000,0.000000,4,5,5,5,6,8,9,12,12,12,12,270,0,4,4.486696425764994,2.837210995494388,30.949369000154547,442.0
1789929028,50,POST,POST /api/v1/auth/login,0.000000,0.000000,0,0,0,0,0,0,0,0,0,0,0,50,0,1100.0,1061.7003626003861,675.3760170104215,1580.317592000938,1622.0
1789929028,50,,Aggregated,24.800000,0.000000,5,6,6,6,7,9,10,12,19,19,19,1055,0,5,56.27169327394401,2.837210995494388,1580.317592000938,6435.748815165877
1789929029,50,GET,GET /api/v1/reservas,17.800000,0.000000,6,6,7,7,9,10,13,17,19,19,19,758,0,6,6.93515123365036,3.7677700020140037,115.12566400051583,8965.0
1789929029,50,GET,GET /api/v1/reservas/{id},6.500000,0.000000,4,5,5,5,6,8,9,12,12,12,12,273,0,4,4.489362300284063,2.837210995494388,30.949369000154547,442.0
1789929029,50,POST,POST /api/v1/auth/login,0.000000,0.000000,0,0,0,0,0,0,0,0,0,0,0,50,0,1100.0,1061.7003626003861,675.3760170104215,1580.317592000938,1622.0
1789929029,50,,Aggregated,24.300000,0.000000,5,6,7,7,8,10,12,14,19,19,19,1081,0,5,55.104032075026666,2.837210995494388,1580.317592000938,6472.928769657724
1789929030,50,GET,GET /api/v1/reservas,17.900000,0.000000,6,6,7,7,9,10,13,17,19,19,19,776,0,6,6.894807037487854,3.7677700020140037,115.12566400051583,8965.0
1789929030,50,GET,GET /api/v1/reservas/{id},6.400000,0.000000,4,5,5,5,6,6,9,12,12,12,12,276,0,4,4.477450206426168,2.837210995494388,30.949369000154547,442.0
1789929030,50,POST,POST /api/v1/auth/login,0.000000,0.000000,0,0,0,0,0,0,0,0,0,0,0,50,0,1100.0,1061.7003626003861,675.3760170104215,1580.317592000938,1622.0
1789929030,50,,Aggregated,24.300000,0.000000,5,6,6,7,8,10,12,14,19,19,19,1102,0,5,54.148062294086664,2.837210995494388,1580.317592000938,6497.215970961887
1789929031,50,GET,GET /api/v1/reservas,18.600000,0.000000,6,6,7,7,9,10,13,17,19,19,19,792,0,6,6.859810539228622,3.7677700020140037,115.12566400051583,8965.0
1789929031,50,GET,GET /api/v1/reservas/{id},6.100000,0.000000,4,4,5,5,6,6,9,12,12,12,12,284,0,4,4.452577859026373,2.837210995494388,30.949369000154547,442.0
1789929031,50,POST,POST /api/v1/auth/login,0.000000,0.000000,0,0,0,0,0,0,0,0,0,0,0,50,0,1100.0,1061.7003626003861,675.3760170104215,1580.317592000938,1622.0
1789929031,50,,Aggregated,24.700000,0.000000,5,6,6,7,8,10,12,14,19,19,19,1126,0,5,53.09282432420237,2.837210995494388,1580.317592000938,6489.261101243339
1789929032,50,GET,GET /api/v1/reservas,18.600000,0.000000,5,6,7,7,8,9,11,13,14,14,14,809,0,6,6.829824181809176,3.7677700020140037,115.12566400051583,8965.0
1789929032,50,GET,GET /api/v1/reservas/{id},6.100000,0.000000,4,4,5,5,6,6,7,7,7,7,7,288,0,4,4.457743867937501,2.837210995494388,30.949369000154547,442.0
1789929032,50,POST,POST /api/v1/auth/login,0.000000,0.000000,0,0,0,0,0,0,0,0,0,0,0,50,0,1100.0,1061.7003626003861,675.3760170104215,1580.317592000938,1622.0
1789929032,50,,Aggregated,24.700000,0.000000,5,6,6,7,8,9,10,11,14,14,14,1147,0,5,52.21811344992932,2.837210995494388,1580.317592000938,6504.865736704446
1789929033,50,GET,GET /api/v1/reservas,18.500000,0.000000,5,6,7,7,8,9,11,13,14,14,14,834,0,6,6.80062550257409,3.7677700020140037,115.12566400051583,8965.0
1789929033,50,GET,GET /api/v1/reservas/{id},6.000000,0.000000,4,4,5,5,6,6,7,7,7,7,7,296,0,4,4.458038841098519,2.837210995494388,30.949369000154547,442.0
1789929033,50,POST,POST /api/v1/auth/login,0.000000,0.000000,0,0,0,0,0,0,0,0,0,0,0,50,0,1100.0,1061.7003626003861,675.3760170104215,1580.317592000938,1622.0
1789929033,50,,Aggregated,24.500000,0.000000,5,6,6,7,8,9,10,11,14,14,14,1180,0,5,50.912134996721406,2.837210995494388,1580.317592000938,6515.8830508474575
1789929034,50,GET,GET /api/v1/reservas,19.300000,0.000000,6,6,7,7,9,10,12,14,17,17,17,854,0,6,6.822888317486719,3.7677700020140037,115.12566400051583,8965.0
1789929034,50,GET,GET /api/v1/reservas/{id},5.600000,0.000000,4,5,5,5,6,7,8,8,8,8,8,303,0,4,4.4802899536578344,2.837210995494388,30.949369000154547,442.0
1789929034,50,POST,POST /api/v1/auth/login,0.000000,0.000000,0,0,0,0,0,0,0,0,0,0,0,50,0,1100.0,1061.7003626003861,675.3760170104215,1580.317592000938,1622.0
1789929034,50,,Aggregated,24.900000,0.000000,5,6,7,7,8,10,11,13,17,17,17,1207,0,5,49.93313389321565,2.837210995494388,1580.317592000938,6521.239436619719
1789929035,50,GET,GET /api/v1/reservas,19.600000,0.000000,6,7,7,8,9,11,13,14,17,17,17,870,0,6,6.85838981969456,3.7677700020140037,115.12566400051583,8965.0
1789929035,50,GET,GET /api/v1/reservas/{id},5.400000,0.000000,4,5,5,6,7,7,8,8,8,8,8,309,0,4,4.5122986147123685,2.837210995494388,30.949369000154547,442.0
1789929035,50,POST,POST /api/v1/auth/login,0.000000,0.000000,0,0,0,0,0,0,0,0,0,0,0,50,0,1100.0,1061.7003626003861,675.3760170104215,1580.317592000938,1622.0
1789929035,50,,Aggregated,25.000000,0.000000,5,6,7,7,9,10,12,14,17,17,17,1229,0,5,49.183171314157605,2.837210995494388,1580.317592000938,6523.375101708706
1789929036,50,GET,GET /api/v1/reservas,19.700000,0.000000,6,7,9,9,12,14,18,43,55,55,55,893,0,6,7.074162767239125,3.7677700020140037,115.12566400051583,8965.0
1789929036,50,GET,GET /api/v1/reservas/{id},5.500000,0.000000,4,5,6,6,8,9,9,60,60,60,60,315,0,4,4.738233133130485,2.837210995494388,59.71967600635253,442.0
1789929036,50,POST,POST /api/v1/auth/login,0.000000,0.000000,0,0,0,0,0,0,0,0,0,0,0,50,0,1100.0,1061.7003626003861,675.3760170104215,1580.317592000938,1622.0
1789929036,50,,Aggregated,25.200000,0.000000,6,7,8,9,11,13,18,43,60,60,60,1258,0,5,48.40603252631156,2.837210995494388,1580.317592000938,6539.010333863275
1789929037,50,GET,GET /api/v1/reservas,18.900000,0.000000,7,8,9,10,12,14,18,43,55,55,55,908,0,6,7.128486684106197,3.7677700020140037,115.12566400051583,8965.0
1789929037,50,GET,GET /api/v1/reservas/{id},5.400000,0.000000,5,6,6,7,8,9,60,60,60,60,60,320,0,4,4.743208496665829,2.837210995494388,59.71967600635253,442.0
1789929037,50,POST,POST /api/v1/auth/login,0.000000,0.000000,0,0,0,0,0,0,0,0,0,0,0,50,0,1100.0,1061.7003626003861,675.3760170104215,1580.317592000938,1622.0
1789929037,50,,Aggregated,24.300000,0.000000,6,7,8,9,12,14,18,43,60,60,60,1278,0,5,47.789914521221284,2.837210995494388,1580.317592000938,6543.630672926448
1789929038,50,GET,GET /api/v1/reservas,19.600000,0.000000,6,7,8,9,12,14,18,43,55,55,55,927,0,6,7.093392117763367,3.7677700020140037,115.12566400051583,8965.0
1789929038,50,GET,GET /api/v1/reservas/{id},5.400000,0.000000,4,5,6,6,8,9,9,60,60,60,60,328,0,4,4.729696265136093,2.837210995494388,59.71967600635253,442.0
1789929038,50,POST,POST /api/v1/auth/login,0.000000,0.000000,0,0,0,0,0,0,0,0,0,0,0,50,0,1100.0,1061.7003626003861,675.3760170104215,1580.317592000938,1622.0
1789929038,50,,Aggregated,25.000000,0.000000,6,7,8,8,11,14,18,43,60,60,60,1305,0,5,46.905695784023436,2.837210995494388,1580.317592000938,6541.47969348659
1789929039,50,GET,GET /api/v1/reservas,19.800000,0.000000,6,7,9,9,12,14,18,43,55,55,55,940,0,6,7.07480461509128,3.7677700020140037,115.12566400051583,8965.0
1789929039,50,GET,GET /api/v1/reservas/{id},5.500000,0.000000,5,5,6,6,8,9,9,60,60,60,60,335,0,4,4.726897653604079,2.837210995494388,59.71967600635253,442.0
1789929039,50,POST,POST /api/v1/auth/login,0.000000,0.000000,0,0,0,0,0,0,0,0,0,0,0,50,0,1100.0,1061.7003626003861,675.3760170104215,1580.317592000938,1622.0
1789929039,50,,Aggregated,25.300000,0.000000,6,7,8,9,12,14,18,43,60,60,60,1325,0,5,46.278373722386775,2.837210995494388,1580.317592000938,6533.033962264151
1789929040,50,GET,GET /api/v1/reservas,19.300000,0.000000,6,7,8,9,12,14,18,43,55,55,55,963,0,6,7.029001542213151,3.7677700020140037,115.12566400051583,8965.0
1789929040,50,GET,GET /api/v1/reservas/{id},5.700000,0.000000,5,5,6,6,8,9,9,60,60,60,60,342,0,4,4.701904529158968,2.837210995494388,59.71967600635253,442.0
1789929040,50,POST,POST /api/v1/auth/login,0.000000,0.000000,0,0,0,0,0,0,0,0,0,0,0,50,0,1100.0,1061.7003626003861,675.3760170104215,1580.317592000938,1622.0
1789929040,50,,Aggregated,25.000000,0.000000,6,7,8,8,11,14,18,43,60,60,60,1355,0,5,45.359408091618405,2.837210995494388,1580.317592000938,6542.847970479705
1789929041,50,GET,GET /api/v1/reservas,18.500000,0.000000,7,8,9,9,12,14,18,43,55,55,55,982,0,6,7.024453977729756,3.7677700020140037,115.12566400051583,8965.0
1789929041,50,GET,GET /api/v1/reservas/{id},6.400000,0.000000,5,5,6,6,8,9,9,60,60,60,60,346,0,4,4.70900852592343,2.837210995494388,59.71967600635253,442.0
1789929041,50,POST,POST /api/v1/auth/login,0.000000,0.000000,0,0,0,0,0,0,0,0,0,0,0,50,0,1100.0,1061.7003626003861,675.3760170104215,1580.317592000938,1622.0
1789929041,50,,Aggregated,24.900000,0.000000,6,7,8,9,11,14,18,43,60,60,60,1378,0,5,44.711428799796394,2.837210995494388,1580.317592000938,6558.535558780842
1789929042,50,GET,GET /api/v1/reservas,18.500000,0.000000,7,8,9,9,12,14,18,43,55,55,55,999,0,6,7.023696311447933,3.7677700020140037,115.12566400051583,8965.0
1789929042,50,GET,GET /api/v1/reservas/{id},6.400000,0.000000,5,5,6,6,8,9,9,60,60,60,60,351,0,4,4.723063313307379,2.837210995494388,59.71967600635253,442.0
1789929042,50,POST,POST /api/v1/auth/login,0.000000,0.000000,0,0,0,0,0,0,0,0,0,0,0,50,0,1100.0,1061.7003626003861,675.3760170104215,1580.317592000938,1622.0
1789929042,50,,Aggregated,24.900000,0.000000,6,7,8,9,12,14,18,43,60,60,60,1400,0,5,44.113918548661914,2.837210995494388,1580.317592000938,6565.9121428571425
1789929043,50,GET,GET /api/v1/reservas,19.100000,0.000000,7,8,8,9,12,14,18,43,55,55,55,1023,0,6,6.9861439727561985,3.7677700020140037,115.12566400051583,8965.0
1789929043,50,GET,GET /api/v1/reservas/{id},6.100000,0.000000,5,5,6,6,8,9,9,60,60,60,60,357,0,4,4.721896235199439,2.837210995494388,59.71967600635253,442.0
1789929043,50,POST,POST /api/v1/auth/login,0.000000,0.000000,0,0,0,0,0,0,0,0,0,0,0,50,0,1100.0,1061.7003626003861,675.3760170104215,1580.317592000938,1622.0
1789929043,50,,Aggregated,25.200000,0.000000,6,7,8,9,11,13,18,43,60,60,60,1430,0,5,43.29899326581475,2.837210995494388,1580.317592000938,6580.481818181818
1789929044,50,GET,GET /api/v1/reservas,18.800000,0.000000,6,7,8,9,12,14,20,43,55,55,55,1039,0,6,6.982475053056823,3.7677700020140037,115.12566400051583,8965.0
1789929044,50,GET,GET /api/v1/reservas/{id},6.200000,0.000000,5,5,6,6,8,9,10,60,60,60,60,362,0,4,4.739752234719007,2.837210995494388,59.71967600635253,442.0
1789929044,50,POST,POST /api/v1/auth/login,0.000000,0.000000,0,0,0,0,0,0,0,0,0,0,0,50,0,1100.0,1061.7003626003861,675.3760170104215,1580.317592000938,1622.0
1789929044,50,,Aggregated,25.000000,0.000000,6,7,8,8,11,13,20,43,60,60,60,1451,0,5,42.767470723028,2.837210995494388,1580.317592000938,6585.6230186078565
1789929045,50,GET,GET /api/v1/reservas,18.600000,0.000000,6,6,7,7,8,10,13,20,42,42,42,1062,0,6,6.9386136055502625,3.7677700020140037,115.12566400051583,8965.0
1789929045,50,GET,GET /api/v1/reservas/{id},6.200000,0.000000,5,5,5,6,6,8,10,10,10,10,10,364,0,4,4.738420612589075,2.837210995494388,59.71967600635253,442.0
1789929045,50,POST,POST /api/v1/auth/login,0.000000,0.000000,0,0,0,0,0,0,0,0,0,0,0,50,0,1100.0,1061.7003626003861,675.3760170104215,1580.317592000938,1622.0
1789929045,50,,Aggregated,24.800000,0.000000,5,6,7,7,8,9,13,14,42,42,42,1476,0,5,42.126430136921485,2.837210995494388,1580.317592000938,6614.375338753388
1789929046,50,GET,GET /api/v1/reservas,18.600000,0.000000,5,6,7,7,8,9,13,18,20,20,20,1081,0,6,6.943589305366987,3.7677700020140037,115.12566400051583,8965.0
1789929046,50,GET,GET /api/v1/reservas/{id},5.900000,0.000000,5,5,5,6,6,8,9,10,10,10,10,371,0,4,4.749820606420293,2.837210995494388,59.71967600635253,442.0
1789929046,50,POST,POST /api/v1/auth/login,0.000000,0.000000,0,0,0,0,0,0,0,0,0,0,0,50,0,1100.0,1061.7003626003861,675.3760170104215,1580.317592000938,1622.0
1789929046,50,,Aggregated,24.500000,0.000000,5,6,6,7,8,9,10,13,20,20,20,1502,0,5,41.513463125234985,2.837210995494388,1580.317592000938,6615.344207723036
1789929047,50,GET,GET /api/v1/reservas,19.200000,0.000000,5,6,7,7,8,9,13,18,20,20,20,1100,0,6,6.934909897337837,3.7677700020140037,115.12566400051583,8965.0
1789929047,50,GET,GET /api/v1/reservas/{id},5.500000,0.000000,5,5,5,6,6,8,10,10,10,10,10,375,0,4,4.744656469284867,2.837210995494388,59.71967600635253,442.0
1789929047,50,POST,POST /api/v1/auth/login,0.000000,0.000000,0,0,0,0,0,0,0,0,0,0,0,50,0,1100.0,1061.7003626003861,675.3760170104215,1580.317592000938,1622.0
1789929047,50,,Aggregated,24.700000,0.000000,5,6,7,7,8,9,10,13,20,20,20,1525,0,5,40.97879684791656,2.837210995494388,1580.317592000938,6628.426229508197
1789929048,50,GET,GET /api/v1/reservas,18.800000,0.000000,5,6,7,7,8,9,13,18,20,20,20,1121,0,6,6.904731117870495,3.7677700020140037,115.12566400051583,8965.0
1789929048,50,GET,GET /api/v1/reservas/{id},5.500000,0.000000,5,5,5,6,8,8,10,10,10,10,10,381,0,4,4.749031734887787,2.837210995494388,59.71967600635253,442.0
1789929048,50,POST,POST /api/v1/auth/login,0.000000,0.000000,0,0,0,0,0,0,0,0,0,0,0,50,0,1100.0,1061.7003626003861,675.3760170104215,1580.317592000938,1622.0
1789929048,50,,Aggregated,24.300000,0.000000,5,6,6,7,8,9,10,13,20,20,20,1552,0,5,40.3573471676188,2.837210995494388,1580.317592000938,6636.125644329897
1789929049,50,GET,GET /api/v1/reservas,18.800000,0.000000,5,6,7,7,8,9,13,18,20,20,20,1141,0,6,6.877224985211676,3.7677700020140037,115.12566400051583,8965.0
1789929049,50,GET,GET /api/v1/reservas/{id},5.700000,0.000000,5,5,5,6,8,8,10,10,10,10,10,385,0,4,4.736054150649201,2.837210995494388,59.71967600635253,442.0
1789929049,50,POST,POST /api/v1/auth/login,0.000000,0.000000,0,0,0,0,0,0,0,0,0,0,0,50,0,1100.0,1061.7003626003861,675.3760170104215,1580.317592000938,1622.0
1789929049,50,,Aggregated,24.500000,0.000000,5,6,6,7,8,9,10,13,20,20,20,1576,0,5,39.81936084146305,2.837210995494388,1580.317592000938,6649.958756345178
1789929050,50,GET,GET /api/v1/reservas,19.700000,0.000000,5,6,6,7,8,9,13,18,20,20,20,1161,0,6,6.857581281726984,3.7677700020140037,115.12566400051583,8965.0
1789929050,50,GET,GET /api/v1/reservas/{id},5.300000,0.000000,5,5,5,6,8,8,10,10,10,10,10,391,0,4,4.7216729309810015,2.837210995494388,59.71967600635253,442.0
1789929050,50,POST,POST /api/v1/auth/login,0.000000,0.000000,0,0,0,0,0,0,0,0,0,0,0,50,0,1100.0,1061.7003626003861,675.3760170104215,1580.317592000938,1622.0
1789929050,50,,Aggregated,25.000000,0.000000,5,6,6,7,8,9,10,13,20,20,20,1602,0,5,39.25895387897497,2.837210995494388,1580.317592000938,6655.60986267166
1789929051,50,GET,GET /api/v1/reservas,19.900000,0.000000,5,6,6,7,8,9,13,18,20,20,20,1177,0,6,6.839825771538839,3.7677700020140037,115.12566400051583,8965.0
1789929051,50,GET,GET /api/v1/reservas/{id},4.900000,0.000000,4,5,5,5,7,8,10,10,10,10,10,396,0,4,4.708121252608382,2.837210995494388,59.71967600635253,442.0
1789929051,50,POST,POST /api/v1/auth/login,0.000000,0.000000,0,0,0,0,0,0,0,0,0,0,0,50,0,1100.0,1061.7003626003861,675.3760170104215,1580.317592000938,1622.0
1789929051,50,,Aggregated,24.800000,0.000000,5,6,6,6,8,9,10,13,20,20,20,1623,0,5,38.81694952504833,2.837210995494388,1580.317592000938,6659.234134319162
1789929052,50,GET,GET /api/v1/reservas,20.000000,0.000000,5,6,6,6,8,9,13,18,20,20,20,1195,0,6,6.8179218552979375,3.7677700020140037,115.12566400051583,8965.0
1789929052,50,GET,GET /api/v1/reservas/{id},5.100000,0.000000,4,5,5,5,7,8,10,10,10,10,10,402,0,4,4.703423557313627,2.837210995494388,59.71967600635253,442.0
1789929052,50,POST,POST /api/v1/auth/login,0.000000,0.000000,0,0,0,0,0,0,0,0,0,0,0,50,0,1100.0,1061.7003626003861,675.3760170104215,1580.317592000938,1622.0
1789929052,50,,Aggregated,25.100000,0.000000,5,6,6,6,7,9,10,13,20,20,20,1647,0,5,38.32617548095958,2.837210995494388,1580.317592000938,6661.784456587735
1789929053,50,GET,GET /api/v1/reservas,19.500000,0.000000,5,6,6,6,7,9,9,13,18,18,18,1220,0,6,6.781321714026758,3.7677700020140037,115.12566400051583,8965.0
1789929053,50,GET,GET /api/v1/reservas/{id},5.000000,0.000000,4,5,5,5,6,8,8,8,8,8,8,405,0,4,4.695989439597376,2.837210995494388,59.71967600635253,442.0
1789929053,50,POST,POST /api/v1/auth/login,0.000000,0.000000,0,0,0,0,0,0,0,0,0,0,0,50,0,1100.0,1061.7003626003861,675.3760170104215,1580.317592000938,1622.0
1789929053,50,,Aggregated,24.500000,0.000000,5,6,6,6,7,8,9,10,18,18,18,1675,0,5,37.76722766816053,2.837210995494388,1580.317592000938,6685.020895522388
1789929054,50,GET,GET /api/v1/reservas,19.300000,0.000000,5,6,6,7,8,9,9,13,18,18,18,1237,0,6,6.779287566803829,3.7677700020140037,115.12566400051583,8965.0
1789929054,50,GET,GET /api/v1/reservas/{id},5.100000,0.000000,4,4,5,5,6,8,8,8,8,8,8,411,0,4,4.686796768952825,2.837210995494388,59.71967600635253,442.0
1789929054,50,POST,POST /api/v1/auth/login,0.000000,0.000000,0,0,0,0,0,0,0,0,0,0,0,50,0,1100.0,1061.7003626003861,675.3760170104215,1580.317592000938,1622.0
1789929054,50,,Aggregated,24.400000,0.000000,5,6,6,6,8,9,9,10,18,18,18,1698,0,5,37.33643717443773,2.837210995494388,1580.317592000938,6685.787396937573
1789929055,50,GET,GET /api/v1/reservas,19.500000,0.000000,5,6,6,7,8,9,9,13,18,18,18,1256,0,6,6.754635922090969,3.7677700020140037,115.12566400051583,8965.0
1789929055,50,GET,GET /api/v1/reservas/{id},4.800000,0.000000,4,4,5,5,6,7,8,8,8,8,8,418,0,4,4.671569543143703,2.837210995494388,59.71967600635253,442.0
1789929055,50,POST,POST /api/v1/auth/login,0.000000,0.000000,0,0,0,0,0,0,0,0,0,0,0,50,0,1100.0,1061.7003626003861,675.3760170104215,1580.317592000938,1622.0
1789929055,50,,Aggregated,24.300000,0.000000,5,6,6,6,7,9,9,10,18,18,18,1724,0,5,36.84545064802763,2.837210995494388,1580.317592000938,6685.554524361949
1789929056,50,GET,GET /api/v1/reservas,19.900000,0.000000,5,6,6,6,7,8,9,9,20,20,20,1272,0,6,6.7548884749644085,3.7677700020140037,115.12566400051583,8965.0
1789929056,50,GET,GET /api/v1/reservas/{id},5.000000,0.000000,4,4,4,5,5,6,7,8,8,8,8,426,0,4,4.655315007092409,2.837210995494388,59.71967600635253,442.0
1789929056,50,POST,POST /api/v1/auth/login,0.000000,0.000000,0,0,0,0,0,0,0,0,0,0,0,50,0,1100.0,1061.7003626003861,675.3760170104215,1580.317592000938,1622.0
1789929056,50,,Aggregated,24.900000,0.000000,5,6,6,6,7,8,9,9,20,20,20,1748,0,5,36.41899339999737,2.837210995494388,1580.317592000938,6677.844393592677
1789929057,50,GET,GET /api/v1/reservas,19.300000,0.000000,5,6,6,7,8,9,9,12,20,20,20,1289,0,6,6.760992644041942,3.7677700020140037,115.12566400051583,8965.0
1789929057,50,GET,GET /api/v1/reservas/{id},5.300000,0.000000,4,4,5,5,6,6,6,8,8,8,8,434,0,4,4.667347322689146,2.837210995494388,59.71967600635253,442.0
1789929057,50,POST,POST /api/v1/auth/login,0.000000,0.000000,0,0,0,0,0,0,0,0,0,0,0,50,0,1100.0,1061.7003626003861,675.3760170104215,1580.317592000938,1622.0
1789929057,50,,Aggregated,24.600000,0.000000,5,6,6,6,7,8,9,11,20,20,20,1773,0,5,35.99862740340466,2.837210995494388,1580.317592000938,6671.63733784546
1789929058,50,GET,GET /api/v1/reservas,19.200000,0.000000,5,6,6,7,8,9,9,12,20,20,20,1304,0,6,6.74629251165678,3.7677700020140037,115.12566400051583,8965.0
1789929058,50,GET,GET /api/v1/reservas/{id},5.300000,0.000000,4,5,5,5,6,6,6,6,6,6,6,439,0,4,4.669633510353888,2.837210995494388,59.71967600635253,442.0
1789929058,50,POST,POST /api/v1/auth/login,0.000000,0.000000,0,0,0,0,0,0,0,0,0,0,0,50,0,1100.0,1061.7003626003861,675.3760170104215,1580.317592000938,1622.0
1789929058,50,,Aggregated,24.500000,0.000000,5,6,6,6,7,8,9,11,20,20,20,1793,0,5,35.656526869082604,2.837210995494388,1580.317592000938,6673.451199107641
1789929059,50,GET,GET /api/v1/reservas,18.800000,0.000000,5,6,6,6,7,8,9,12,20,20,20,1326,0,6,6.719463101216292,3.7677700020140037,115.12566400051583,8965.0
1789929059,50,GET,GET /api/v1/reservas/{id},5.700000,0.000000,4,5,5,5,6,6,6,6,6,6,6,444,0,4,4.66258395281657,2.837210995494388,59.71967600635253,442.0
1789929059,50,POST,POST /api/v1/auth/login,0.000000,0.000000,0,0,0,0,0,0,0,0,0,0,0,50,0,1100.0,1061.7003626003861,675.3760170104215,1580.317592000938,1622.0
1789929059,50,,Aggregated,24.500000,0.000000,5,6,6,6,7,8,9,11,20,20,20,1820,0,5,35.200666745759705,2.837210995494388,1580.317592000938,6684.031868131869
1789929060,50,GET,GET /api/v1/reservas,18.100000,0.000000,5,6,6,7,7,8,9,12,20,20,20,1340,0,6,6.711313367318258,3.7677700020140037,115.12566400051583,8965.0
1789929060,50,GET,GET /api/v1/reservas/{id},5.800000,0.000000,4,5,5,6,6,6,6,8,8,8,8,450,0,4,4.675617195672304,2.837210995494388,59.71967600635253,442.0
1789929060,50,POST,POST /api/v1/auth/login,0.000000,0.000000,0,0,0,0,0,0,0,0,0,0,0,50,0,1100.0,1061.7003626003861,675.3760170104215,1580.317592000938,1622.0
1789929060,50,,Aggregated,23.900000,0.000000,5,6,6,6,7,8,9,11,20,20,20,1840,0,5,34.88163357623821,2.837210995494388,1580.317592000938,6681.032608695652
1789929061,50,GET,GET /api/v1/reservas,18.600000,0.000000,5,6,6,7,7,8,10,12,20,20,20,1363,0,6,6.687871426405328,3.7677700020140037,115.12566400051583,8965.0
1789929061,50,GET,GET /api/v1/reservas/{id},6.000000,0.000000,4,5,5,6,6,6,7,8,8,8,8,457,0,4,4.667808483693549,2.837210995494388,59.71967600635253,442.0
1789929061,50,POST,POST /api/v1/auth/login,0.000000,0.000000,0,0,0,0,0,0,0,0,0,0,0,50,0,1100.0,1061.7003626003861,675.3760170104215,1580.317592000938,1622.0
1789929061,50,,Aggregated,24.600000,0.000000,5,6,6,6,7,8,9,11,20,20,20,1870,0,5,34.40308842848007,2.837210995494388,1580.317592000938,6685.769518716577
1789929062,50,GET,GET /api/v1/reservas,18.100000,0.000000,5,6,6,7,7,8,10,12,20,20,20,1378,0,6,6.671628066918479,3.7677700020140037,115.12566400051583,8965.0
1789929062,50,GET,GET /api/v1/reservas/{id},5.800000,0.000000,4,5,5,6,6,6,7,8,8,8,8,462,0,4,4.660205948170329,2.837210995494388,59.71967600635253,442.0
1789929062,50,POST,POST /api/v1/auth/login,0.000000,0.000000,0,0,0,0,0,0,0,0,0,0,0,50,0,1100.0,1061.7003626003861,675.3760170104215,1580.317592000938,1622.0
1789929062,50,,Aggregated,23.900000,0.000000,5,6,6,6,7,8,9,11,20,20,20,1890,0,5,34.09076018745379,2.837210995494388,1580.317592000938,6687.34074074074
1789929063,50,GET,GET /api/v1/reservas,18.500000,0.000000,5,6,6,6,7,8,10,12,20,20,20,1399,0,6,6.6538650208999774,3.7677700020140037,115.12566400051583,8965.0
1789929063,50,GET,GET /api/v1/reservas/{id},6.200000,0.000000,4,5,5,6,6,7,7,8,8,8,8,467,0,4,4.660101653247716,2.837210995494388,59.71967600635253,442.0
1789929063,50,POST,POST /api/v1/auth/login,0.000000,0.000000,0,0,0,0,0,0,0,0,0,0,0,50,0,1100.0,1061.7003626003861,675.3760170104215,1580.317592000938,1622.0
1789929063,50,,Aggregated,24.700000,0.000000,5,6,6,6,7,8,10,11,20,20,20,1916,0,5,33.700439857163396,2.837210995494388,1580.317592000938,6696.006784968685
1789929064,50,GET,GET /api/v1/reservas,18.400000,0.000000,5,6,6,7,7,8,10,12,20,20,20,1416,0,6,6.64609807717874,3.7677700020140037,115.12566400051583,8965.0
1789929064,50,GET,GET /api/v1/reservas/{id},6.100000,0.000000,4,5,5,6,6,7,7,8,8,8,8,473,0,4,4.653382545655069,2.837210995494388,59.71967600635253,442.0
1789929064,50,POST,POST /api/v1/auth/login,0.000000,0.000000,0,0,0,0,0,0,0,0,0,0,0,50,0,1100.0,1061.7003626003861,675.3760170104215,1580.317592000938,1622.0
1789929064,50,,Aggregated,24.500000,0.000000,5,6,6,6,7,8,10,11,20,20,20,1939,0,5,33.366138706239944,2.837210995494388,1580.317592000938,6696.547705002578
1789929065,50,GET,GET /api/v1/reservas,18.300000,0.000000,5,6,6,6,7,8,10,11,12,12,12,1436,0,6,6.636319245302739,3.7677700020140037,115.12566400051583,8965.0
1789929065,50,GET,GET /api/v1/reservas/{id},6.200000,0.000000,4,5,5,6,6,7,7,8,8,8,8,483,0,4,4.6566594680388,2.837210995494388,59.71967600635253,442.0
1789929065,50,POST,POST /api/v1/auth/login,0.000000,0.000000,0,0,0,0,0,0,0,0,0,0,0,50,0,1100.0,1061.7003626003861,675.3760170104215,1580.317592000938,1622.0
1789929065,50,,Aggregated,24.500000,0.000000,5,6,6,6,7,8,10,11,12,12,12,1969,0,5,32.9425795273422,2.837210995494388,1580.317592000938,6687.824276282377
1789929066,50,GET,GET /api/v1/reservas,18.000000,0.000000,5,6,6,6,7,8,10,10,11,11,11,1453,0,6,6.617142325054475,3.7677700020140037,115.12566400051583,8965.0
1789929066,50,GET,GET /api/v1/reservas/{id},6.200000,0.000000,4,5,5,5,6,7,7,8,8,8,8,490,0,4,4.651316485845256,2.837210995494388,59.71967600635253,442.0
1789929066,50,POST,POST /api/v1/auth/login,0.000000,0.000000,0,0,0,0,0,0,0,0,0,0,0,50,0,1100.0,1061.7003626003861,675.3760170104215,1580.317592000938,1622.0
1789929066,50,,Aggregated,24.200000,0.000000,5,6,6,6,7,7,8,10,11,11,11,1993,0,5,32.60354792091703,2.837210995494388,1580.317592000938,6685.311088810838
1789929067,50,GET,GET /api/v1/reservas,17.900000,0.000000,5,6,6,6,7,8,10,11,14,14,14,1471,0,6,6.617389374114554,3.7677700020140037,115.12566400051583,8965.0
1789929067,50,GET,GET /api/v1/reservas/{id},6.700000,0.000000,4,5,5,6,7,8,10,12,12,12,12,496,0,4,4.687234415483075,2.837210995494388,59.71967600635253,442.0
1789929067,50,POST,POST /api/v1/auth/login,0.000000,0.000000,0,0,0,0,0,0,0,0,0,0,0,50,0,1100.0,1061.7003626003861,675.3760170104215,1580.317592000938,1622.0
1789929067,50,,Aggregated,24.600000,0.000000,5,6,6,6,7,8,10,11,14,14,14,2017,0,5,32.297504298176214,2.837210995494388,1580.317592000938,6687.083292017848
1789929068,50,GET,GET /api/v1/reservas,18.100000,0.000000,5,6,6,6,7,8,10,11,14,14,14,1487,0,6,6.614123776280033,3.7677700020140037,115.12566400051583,8965.0
1789929068,50,GET,GET /api/v1/reservas/{id},6.500000,0.000000,4,5,5,6,7,8,10,12,12,12,12,503,0,4,4.6797817257380165,2.837210995494388,59.71967600635253,442.0
1789929068,50,POST,POST /api/v1/auth/login,0.000000,0.000000,0,0,0,0,0,0,0,0,0,0,0,50,0,1100.0,1061.7003626003861,675.3760170104215,1580.317592000938,1622.0
1789929068,50,,Aggregated,24.600000,0.000000,5,6,6,6,7,8,10,11,14,14,14,2040,0,5,31.99713254578134,2.837210995494388,1580.317592000938,6683.520098039216
1789929069,50,GET,GET /api/v1/reservas,18.200000,0.000000,5,6,6,6,7,8,10,11,14,14,14,1510,0,6,6.594142207505015,3.7677700020140037,115.12566400051583,8965.0
1789929069,50,GET,GET /api/v1/reservas/{id},6.200000,0.000000,4,5,5,5,7,8,10,12,12,12,12,509,0,4,4.674961803622099,2.837210995494388,59.71967600635253,442.0
1789929069,50,POST,POST /api/v1/auth/login,0.000000,0.000000,0,0,0,0,0,0,0,0,0,0,0,50,0,1100.0,1061.7003626003861,675.3760170104215,1580.317592000938,1622.0
1789929069,50,,Aggregated,24.400000,0.000000,5,6,6,6,7,8,10,11,14,14,14,2069,0,5,31.61997507075666,2.837210995494388,1580.317592000938,6690.782020299662
1789929070,50,GET,GET /api/v1/reservas,18.400000,0.000000,5,6,6,6,7,9,10,11,14,14,14,1526,0,6,6.588267437974998,3.7677700020140037,115.12566400051583,8965.0
1789929070,50,GET,GET /api/v1/reservas/{id},6.500000,0.000000,4,5,5,5,7,8,10,12,12,12,12,515,0,4,4.66393014372019,2.837210995494388,59.71967600635253,442.0
1789929070,50,POST,POST /api/v1/auth/login,0.000000,0.000000,0,0,0,0,0,0,0,0,0,0,0,50,0,1100.0,1061.7003626003861,675.3760170104215,1580.317592000938,1622.0
1789929070,50,,Aggregated,24.900000,0.000000,5,6,6,6,7,8,10,11,14,14,14,2091,0,5,31.344159858625083,2.837210995494388,1580.317592000938,6690.2534672405545
1789929071,50,GET,GET /api/v1/reservas,18.000000,0.000000,5,6,6,6,7,9,10,11,14,14,14,1546,0,6,6.57389048729756,3.7677700020140037,115.12566400051583,8965.0
1789929071,50,GET,GET /api/v1/reservas/{id},6.500000,0.000000,4,5,5,5,7,7,10,12,12,12,12,523,0,4,4.656626057418653,2.837210995494388,59.71967600635253,442.0
1789929071,50,POST,POST /api/v1/auth/login,0.000000,0.000000,0,0,0,0,0,0,0,0,0,0,0,50,0,1100.0,1061.7003626003861,675.3760170104215,1580.317592000938,1622.0
1789929071,50,,Aggregated,24.500000,0.000000,5,6,6,6,7,8,10,11,14,14,14,2119,0,5,30.99748383738145,2.837210995494388,1580.317592000938,6688.134025483719
1789929072,50,GET,GET /api/v1/reservas,18.500000,0.000000,5,6,6,7,7,8,10,11,14,14,14,1568,0,6,6.555047620752573,3.7677700020140037,115.12566400051583,8965.0
1789929072,50,GET,GET /api/v1/reservas/{id},6.600000,0.000000,4,5,5,5,7,7,10,12,12,12,12,528,0,4,4.646021912914435,2.837210995494388,59.71967600635253,442.0
1789929072,50,POST,POST /api/v1/auth/login,0.000000,0.000000,0,0,0,0,0,0,0,0,0,0,0,50,0,1100.0,1061.7003626003861,675.3760170104215,1580.317592000938,1622.0
1789929072,50,,Aggregated,25.100000,0.000000,5,6,6,6,7,8,10,11,14,14,14,2146,0,5,30.669353387408275,2.837210995494388,1580.317592000938,6696.922646784716
1789929073,50,GET,GET /api/v1/reservas,18.300000,0.000000,5,6,6,6,7,8,10,11,14,14,14,1583,0,6,6.5398012484802255,3.7677700020140037,115.12566400051583,8965.0
1789929073,50,GET,GET /api/v1/reservas/{id},6.100000,0.000000,4,5,5,5,6,7,10,12,12,12,12,536,0,4,4.63536617169313,2.837210995494388,59.71967600635253,442.0
1789929073,50,POST,POST /api/v1/auth/login,0.000000,0.000000,0,0,0,0,0,0,0,0,0,0,0,50,0,1100.0,1061.7003626003861,675.3760170104215,1580.317592000938,1622.0
1789929073,50,,Aggregated,24.400000,0.000000,5,6,6,6,7,8,10,11,14,14,14,2169,0,5,30.392844524846023,2.837210995494388,1580.317592000938,6689.537574919318
1789929074,50,GET,GET /api/v1/reservas,19.000000,0.000000,5,6,6,6,7,9,11,14,16,16,16,1602,0,6,6.540959607589959,3.7677700020140037,115.12566400051583,8965.0
1789929074,50,GET,GET /api/v1/reservas/{id},6.500000,0.000000,4,5,5,6,8,8,10,12,12,12,12,543,0,4,4.650743931892515,2.837210995494388,59.71967600635253,442.0
1789929074,50,POST,POST /api/v1/auth/login,0.000000,0.000000,0,0,0,0,0,0,0,0,0,0,0,50,0,1100.0,1061.7003626003861,675.3760170104215,1580.317592000938,1622.0
1789929074,50,,Aggregated,25.500000,0.000000,5,6,6,6,7,8,11,14,16,16,16,2195,0,5,30.10887898696859,2.837210995494388,1580.317592000938,6689.310250569476
1789929075,50,GET,GET /api/v1/reservas,18.300000,0.000000,5,6,6,7,7,9,11,14,16,16,16,1621,0,6,6.529642481396071,3.7677700020140037,115.12566400051583,8965.0
1789929075,50,GET,GET /api/v1/reservas/{id},6.600000,0.000000,4,5,5,6,7,8,10,12,12,12,12,550,0,4,4.652968565430704,2.837210995494388,59.71967600635253,442.0
1789929075,50,POST,POST /api/v1/auth/login,0.000000,0.000000,0,0,0,0,0,0,0,0,0,0,0,50,0,1100.0,1061.7003626003861,675.3760170104215,1580.317592000938,1622.0
1789929075,50,,Aggregated,24.900000,0.000000,5,6,6,6,7,9,11,14,16,16,16,2221,0,5,29.819316210422883,2.837210995494388,1580.317592000938,6689.088248536696
1789929076,50,GET,GET /api/v1/reservas,18.500000,0.000000,5,6,6,7,7,8,10,14,16,16,16,1630,0,6,6.526050787318021,3.7677700020140037,115.12566400051583,8965.0
1789929076,50,GET,GET /api/v1/reservas/{id},6.800000,0.000000,4,5,5,5,6,8,8,8,8,8,8,553,0,4,4.648925367064705,2.837210995494388,59.71967600635253,442.0
1789929076,50,POST,POST /api/v1/auth/login,0.000000,0.000000,0,0,0,0,0,0,0,0,0,0,0,50,0,1100.0,1061.7003626003861,675.3760170104215,1580.317592000938,1622.0
1789929076,50,,Aggregated,25.300000,0.000000,5,6,6,6,7,8,10,11,16,16,16,2233,0,5,29.688014617704642,2.837210995494388,1580.317592000938,6689.868338557993
1789929077,50,GET,GET /api/v1/reservas,18.600000,0.000000,5,6,6,7,8,9,10,14,16,16,16,1659,0,6,6.523609809134539,3.7677700020140037,115.12566400051583,8965.0
1789929077,50,GET,GET /api/v1/reservas/{id},6.700000,0.000000,4,5,5,5,6,8,8,8,8,8,8,559,0,4,4.648457762025329,2.837210995494388,59.71967600635253,442.0
1789929077,50,POST,POST /api/v1/auth/login,0.000000,0.000000,0,0,0,0,0,0,0,0,0,0,0,50,0,1100.0,1061.7003626003861,675.3760170104215,1580.317592000938,1622.0
1789929077,50,,Aggregated,25.300000,0.000000,5,6,6,6,7,8,10,13,16,16,16,2268,0,5,29.32371018181026,2.837210995494388,1580.317592000938,6702.430776014109
1789929078,50,GET,GET /api/v1/reservas,18.000000,0.000000,5,6,6,7,8,9,10,14,16,16,16,1672,0,6,6.519913521737198,3.7677700020140037,115.12566400051583,8965.0
1789929078,50,GET,GET /api/v1/reservas/{id},6.600000,0.000000,4,5,5,6,6,8,8,9,9,9,9,563,0,4,4.66050679034919,2.837210995494388,59.71967600635253,442.0
1789929078,50,POST,POST /api/v1/auth/login,0.000000,0.000000,0,0,0,0,0,0,0,0,0,0,0,50,0,1100.0,1061.7003626003861,675.3760170104215,1580.317592000938,1622.0
1789929078,50,,Aggregated,24.600000,0.000000,5,6,6,6,8,8,10,13,16,16,16,2285,0,5,29.151062959006783,2.837210995494388,1580.317592000938,6704.34398249453
1789929079,50,GET,GET /api/v1/reservas,18.900000,0.000000,5,6,6,7,8,8,10,14,16,16,16,1695,0,6,6.50156831525398,3.7677700020140037,115.12566400051583,8965.0
1789929079,50,GET,GET /api/v1/reservas/{id},6.400000,0.000000,4,5,5,6,6,8,8,9,9,9,9,570,0,4,4.650110417487827,2.837210995494388,59.71967600635253,442.0
1789929079,50,POST,POST /api/v1/auth/login,0.000000,0.000000,0,0,0,0,0,0,0,0,0,0,0,50,0,1100.0,1061.7003626003861,675.3760170104215,1580.317592000938,1622.0
1789929079,50,,Aggregated,25.300000,0.000000,5,6,6,6,7,8,10,13,16,16,16,2315,0,5,28.83617251073126,2.837210995494388,1580.317592000938,6707.8682505399565
1789929080,50,GET,GET /api/v1/reservas,18.600000,0.000000,5,6,6,7,8,8,10,14,16,16,16,1713,0,6,6.492904248895174,3.7677700020140037,115.12566400051583,8965.0
1789929080,50,GET,GET /api/v1/reservas/{id},5.900000,0.000000,4,5,5,6,6,8,8,9,9,9,9,573,0,4,4.650566034830853,2.837210995494388,59.71967600635253,442.0
1789929080,50,POST,POST /api/v1/auth/login,0.000000,0.000000,0,0,0,0,0,0,0,0,0,0,0,50,0,1100.0,1061.7003626003861,675.3760170104215,1580.317592000938,1622.0
1789929080,50,,Aggregated,24.500000,0.000000,5,6,6,6,8,8,10,13,16,16,16,2336,0,5,28.626771167095384,2.837210995494388,1580.317592000938,6717.213613013699
1789929081,50,GET,GET /api/v1/reservas,18.500000,0.000000,6,6,7,7,8,13,36,79,86,86,86,1734,0,6,6.657466097650813,3.7677700020140037,115.12566400051583,8965.0
1789929081,50,GET,GET /api/v1/reservas/{id},6.000000,0.000000,4,5,5,6,6,8,9,9,9,9,9,576,0,4,4.646295465186591,2.837210995494388,59.71967600635253,442.0
1789929081,50,POST,POST /api/v1/auth/login,0.000000,0.000000,0,0,0,0,0,0,0,0,0,0,0,50,0,1100.0,1061.7003626003861,675.3760170104215,1580.317592000938,1622.0
1789929081,50,,Aggregated,24.500000,0.000000,5,6,6,7,8,11,36,56,86,86,86,2360,0,5,28.51920785224292,2.837210995494388,1580.317592000938,6729.23813559322
1789929082,50,GET,GET /api/v1/reservas,18.300000,0.000000,6,6,7,7,8,13,36,79,86,86,86,1752,0,6,6.642867260460117,3.7677700020140037,115.12566400051583,8965.0
1789929082,50,GET,GET /api/v1/reservas/{id},5.700000,0.000000,4,5,5,5,6,8,8,9,9,9,9,585,0,4,4.637148083684146,2.837210995494388,59.71967600635253,442.0
1789929082,50,POST,POST /api/v1/auth/login,0.000000,0.000000,0,0,0,0,0,0,0,0,0,0,0,50,0,1100.0,1061.7003626003861,675.3760170104215,1580.317592000938,1622.0
1789929082,50,,Aggregated,24.000000,0.000000,5,6,6,7,8,10,36,56,86,86,86,2387,0,5,28.251383828781172,2.837210995494388,1580.317592000938,6722.392124005028
1789929083,50,GET,GET /api/v1/reservas,18.800000,0.000000,5,6,7,7,8,11,36,79,86,86,86,1772,0,6,6.625405663845346,3.7677700020140037,115.12566400051583,8965.0
1789929083,50,GET,GET /api/v1/reservas/{id},5.600000,0.000000,4,5,5,5,6,6,9,9,9,9,9,589,0,4,4.6301013292736455,2.837210995494388,59.71967600635253,442.0
1789929083,50,POST,POST /api/v1/auth/login,0.000000,0.000000,0,0,0,0,0,0,0,0,0,0,0,50,0,1100.0,1061.7003626003861,675.3760170104215,1580.317592000938,1622.0
1789929083,50,,Aggregated,24.400000,0.000000,5,6,6,7,8,9,36,56,86,86,86,2411,0,5,28.018401762461814,2.837210995494388,1580.317592000938,6730.575694732476
1789929084,50,GET,GET /api/v1/reservas,18.400000,0.000000,5,6,6,7,8,11,36,79,86,86,86,1791,0,6,6.610449975615356,3.7677700020140037,115.12566400051583,8965.0
1789929084,50,GET,GET /api/v1/reservas/{id},5.700000,0.000000,4,5,5,5,5,6,9,9,9,9,9,595,0,4,4.629308559605069,2.837210995494388,59.71967600635253,442.0
1789929084,50,POST,POST /api/v1/auth/login,0.000000,0.000000,0,0,0,0,0,0,0,0,0,0,0,50,0,1100.0,1061.7003626003861,675.3760170104215,1580.317592000938,1622.0
1789929084,50,,Aggregated,24.100000,0.000000,5,6,6,6,8,9,36,56,86,86,86,2436,0,5,27.782747384774805,2.837210995494388,1580.317592000938,6732.514367816092
1789929085,50,GET,GET /api/v1/reservas,18.500000,0.000000,5,6,6,7,8,10,36,79,86,86,86,1811,0,6,6.600857759969685,3.7677700020140037,115.12566400051583,8965.0
1789929085,50,GET,GET /api/v1/reservas/{id},5.500000,0.000000,4,5,5,5,6,6,9,9,9,9,9,597,0,4,4.634542195898616,2.837210995494388,59.71967600635253,442.0
1789929085,50,POST,POST /api/v1/auth/login,0.000000,0.000000,0,0,0,0,0,0,0,0,0,0,0,50,0,1100.0,1061.7003626003861,675.3760170104215,1580.317592000938,1622.0
1789929085,50,,Aggregated,24.000000,0.000000,5,6,6,6,8,9,36,56,86,86,86,2458,0,5,27.58583939148734,2.837210995494388,1580.317592000938,6745.561025223759
1789929086,50,GET,GET /api/v1/reservas,18.500000,0.000000,5,6,6,7,8,11,36,79,86,86,86,1833,0,6,6.587446880150158,3.7677700020140037,115.12566400051583,8965.0
1789929086,50,GET,GET /api/v1/reservas/{id},5.400000,0.000000,4,5,5,5,5,6,9,9,9,9,9,601,0,4,4.6271597752994555,2.837210995494388,59.71967600635253,442.0
1789929086,50,POST,POST /api/v1/auth/login,0.000000,0.000000,0,0,0,0,0,0,0,0,0,0,0,50,0,1100.0,1061.7003626003861,675.3760170104215,1580.317592000938,1622.0
1789929086,50,,Aggregated,23.900000,0.000000,5,6,6,6,8,9,36,56,86,86,86,2484,0,5,27.351341097540065,2.837210995494388,1580.317592000938,6755.067230273752
1789929087,50,GET,GET /api/v1/reservas,18.600000,0.000000,5,6,6,6,7,8,36,79,86,86,86,1851,0,6,6.573415428593373,3.7677700020140037,115.12566400051583,8965.0
1789929087,50,GET,GET /api/v1/reservas/{id},4.600000,0.000000,4,4,5,5,5,5,9,9,9,9,9,612,0,4,4.612249542392746,2.837210995494388,59.71967600635253,442.0
1789929087,50,POST,POST /api/v1/auth/login,0.000000,0.000000,0,0,0,0,0,0,0,0,0,0,0,50,0,1100.0,1061.7003626003861,675.3760170104215,1580.317592000938,1622.0
1789929087,50,,Aggregated,23.200000,0.000000,5,6,6,6,7,8,36,56,86,86,86,2513,0,5,27.089178992554718,2.837210995494388,1580.317592000938,6743.262634301632
1789929088,50,GET,GET /api/v1/reservas,20.000000,0.000000,5,6,6,7,8,11,36,79,86,86,86,1867,0,6,6.58399709442383,3.7677700020140037,115.12566400051583,8965.0
1789929088,50,GET,GET /api/v1/reservas/{id},4.700000,0.000000,4,5,5,5,5,6,9,9,9,9,9,617,0,4,4.619501795676519,2.837210995494388,59.71967600635253,442.0
1789929088,50,POST,POST /api/v1/auth/login,0.000000,0.000000,0,0,0,0,0,0,0,0,0,0,0,50,0,1100.0,1061.7003626003861,675.3760170104215,1580.317592000938,1622.0
1789929088,50,,Aggregated,24.700000,0.000000,5,6,6,6,8,9,36,56,86,86,86,2534,0,5,26.92485134697751,2.837210995494388,1580.317592000938,6744.857537490134
1789929089,50,GET,GET /api/v1/reservas,18.900000,0.000000,6,6,6,7,8,11,36,79,86,86,86,1886,0,6,6.573222021366188,3.7677700020140037,115.12566400051583,8965.0
1789929089,50,GET,GET /api/v1/reservas/{id},5.100000,0.000000,4,5,5,5,5,6,6,9,9,9,9,625,0,4,4.6113138446817175,2.837210995494388,59.71967600635253,442.0
1789929089,50,POST,POST /api/v1/auth/login,0.000000,0.000000,0,0,0,0,0,0,0,0,0,0,0,50,0,1100.0,1061.7003626003861,675.3760170104215,1580.317592000938,1622.0
1789929089,50,,Aggregated,24.000000,0.000000,5,6,6,6,8,9,36,56,86,86,86,2561,0,5,26.694332688497468,2.837210995494388,1580.317592000938,6741.639984381101
1789929090,50,GET,GET /api/v1/reservas,19.300000,0.000000,5,6,6,6,7,8,9,10,12,12,12,1903,0,6,6.561169579257593,3.7677700020140037,115.12566400051583,8965.0
1789929090,50,GET,GET /api/v1/reservas/{id},5.400000,0.000000,4,5,5,5,5,6,6,9,9,9,9,631,0,4,4.601560934896362,2.837210995494388,59.71967600635253,442.0
1789929090,50,POST,POST /api/v1/auth/login,0.000000,0.000000,0,0,0,0,0,0,0,0,0,0,0,50,0,1100.0,1061.7003626003861,675.3760170104215,1580.317592000938,1622.0
1789929090,50,,Aggregated,24.700000,0.000000,5,5,6,6,7,8,9,10,12,12,12,2584,0,5,26.499422906062737,2.837210995494388,1580.317592000938,6741.639705882353
1789929091,50,GET,GET /api/v1/reservas,19.300000,0.000000,5,6,6,7,8,8,10,12,13,13,13,1921,0,6,6.562049661290988,3.7677700020140037,115.12566400051583,8965.0
1789929091,50,GET,GET /api/v1/reservas/{id},5.200000,0.000000,4,4,5,5,5,6,7,9,9,9,9,637,0,4,4.603801510104685,2.837210995494388,59.71967600635253,442.0
1789929091,50,POST,POST /api/v1/auth/login,0.000000,0.000000,0,0,0,0,0,0,0,0,0,0,0,50,0,1100.0,1061.7003626003861,675.3760170104215,1580.317592000938,1622.0
1789929091,50,,Aggregated,24.500000,0.000000,5,6,6,6,7,8,10,11,13,13,13,2608,0,5,26.31262925279754,2.837210995494388,1580.317592000938,6742.491947852761
1789929092,50,GET,GET /api/v1/reservas,18.900000,0.000000,5,6,6,7,8,8,10,12,13,13,13,1939,0,6,6.551652170377055,3.7677700020140037,115.12566400051583,8965.0
1789929092,50,GET,GET /api/v1/reservas/{id},5.500000,0.000000,4,5,5,5,5,6,7,9,9,9,9,646,0,4,4.595704897750715,2.837210995494388,59.71967600635253,442.0
1789929092,50,POST,POST /api/v1/auth/login,0.000000,0.000000,0,0,0,0,0,0,0,0,0,0,0,50,0,1100.0,1061.7003626003861,675.3760170104215,1580.317592000938,1622.0
1789929092,50,,Aggregated,24.400000,0.000000,5,6,6,6,7,8,10,11,13,13,13,2635,0,5,26.093926775076806,2.837210995494388,1580.317592000938,6736.154459203036
1789929093,50,GET,GET /api/v1/reservas,19.000000,0.000000,5,6,6,7,8,8,10,12,13,13,13,1958,0,6,6.537900394480331,3.7677700020140037,115.12566400051583,8965.0
1789929093,50,GET,GET /api/v1/reservas/{id},6.000000,0.000000,4,5,5,5,6,6,7,9,9,9,9,649,0,4,4.595531893608689,2.837210995494388,59.71967600635253,442.0
1789929093,50,POST,POST /api/v1/auth/login,0.000000,0.000000,0,0,0,0,0,0,0,0,0,0,0,50,0,1100.0,1061.7003626003861,675.3760170104215,1580.317592000938,1622.0
1789929093,50,,Aggregated,25.000000,0.000000,5,6,6,6,7,8,10,11,13,13,13,2657,0,5,25.91973176566196,2.837210995494388,1580.317592000938,6744.986074520136
1789929094,50,GET,GET /api/v1/reservas,18.300000,0.000000,5,6,6,7,8,8,11,13,19,19,19,1971,0,6,6.536307689707933,3.7677700020140037,115.12566400051583,8965.0
1789929094,50,GET,GET /api/v1/reservas/{id},6.000000,0.000000,4,5,5,5,5,6,6,7,7,7,7,653,0,4,4.591558863656491,2.837210995494388,59.71967600635253,442.0
1789929094,50,POST,POST /api/v1/auth/login,0.000000,0.000000,0,0,0,0,0,0,0,0,0,0,0,50,0,1100.0,1061.7003626003861,675.3760170104215,1580.317592000938,1622.0
1789929094,50,,Aggregated,24.300000,0.000000,5,6,6,6,7,8,10,12,19,19,19,2674,0,5,25.791461677038644,2.837210995494388,1580.317592000938,6746.350411368736
1789929095,50,GET,GET /api/v1/reservas,18.700000,0.000000,5,6,6,7,8,8,11,13,19,19,19,1996,0,5,6.521976800293501,3.7677700020140037,115.12566400051583,8965.0
1789929095,50,GET,GET /api/v1/reservas/{id},6.100000,0.000000,4,5,5,5,6,6,7,7,7,7,7,666,0,4,4.593248809261286,2.837210995494388,59.71967600635253,442.0
1789929095,50,POST,POST /api/v1/auth/login,0.000000,0.000000,0,0,0,0,0,0,0,0,0,0,0,50,0,1100.0,1061.7003626003861,675.3760170104215,1580.317592000938,1622.0
1789929095,50,,Aggregated,24.800000,0.000000,5,5,6,6,7,8,10,12,19,19,19,2712,0,5,25.502207791435527,2.837210995494388,1580.317592000938,6736.582595870206
1789929096,50,GET,GET /api/v1/reservas,18.300000,0.000000,5,6,6,7,7,8,11,13,19,19,19,2016,0,5,6.506353561191991,3.7677700020140037,115.12566400051583,8965.0
1789929096,50,GET,GET /api/v1/reservas/{id},5.800000,0.000000,4,5,5,5,6,7,7,8,8,8,8,670,0,4,4.599563294019092,2.837210995494388,59.71967600635253,442.0
1789929096,50,POST,POST /api/v1/auth/login,0.000000,0.000000,0,0,0,0,0,0,0,0,0,0,0,50,0,1100.0,1061.7003626003861,675.3760170104215,1580.317592000938,1622.0
1789929096,50,,Aggregated,24.100000,0.000000,5,6,6,6,7,8,10,12,19,19,19,2736,0,5,25.322929209201444,2.837210995494388,1580.317592000938,6743.669590643275
1789929097,50,GET,GET /api/v1/reservas,19.000000,0.000000,5,6,6,6,7,8,10,13,19,19,19,2034,0,5,6.491769882156665,3.7677700020140037,115.12566400051583,8965.0
1789929097,50,GET,GET /api/v1/reservas/{id},6.500000,0.000000,4,5,5,5,6,7,7,8,8,8,8,677,0,4,4.595871376647667,2.837210995494388,59.71967600635253,442.0
1789929097,50,POST,POST /api/v1/auth/login,0.000000,0.000000,0,0,0,0,0,0,0,0,0,0,0,50,0,1100.0,1061.7003626003861,675.3760170104215,1580.317592000938,1622.0
1789929097,50,,Aggregated,25.500000,0.000000,5,5,6,6,7,7,9,11,19,19,19,2761,0,5,25.136067726300773,2.837210995494388,1580.317592000938,6742.174574429555
1789929098,50,GET,GET /api/v1/reservas,18.400000,0.000000,5,6,6,6,7,8,11,13,19,19,19,2054,0,5,6.49585818517112,3.7677700020140037,115.12566400051583,8965.0
1789929098,50,GET,GET /api/v1/reservas/{id},6.800000,0.000000,4,5,5,5,6,7,7,8,8,8,8,681,0,4,4.596898099834923,2.837210995494388,59.71967600635253,442.0
1789929098,50,POST,POST /api/v1/auth/login,0.000000,0.000000,0,0,0,0,0,0,0,0,0,0,0,50,0,1100.0,1061.7003626003861,675.3760170104215,1580.317592000938,1622.0
1789929098,50,,Aggregated,25.200000,0.000000,5,5,6,6,7,8,10,13,19,19,19,2785,0,5,24.97594199222563,2.837210995494388,1580.317592000938,6749.08868940754
1789929099,50,GET,GET /api/v1/reservas,18.300000,0.000000,5,6,6,7,7,8,11,13,19,19,19,2073,0,5,6.487312610415576,3.7677700020140037,115.12566400051583,8965.0
1789929099,50,GET,GET /api/v1/reservas/{id},6.700000,0.000000,4,5,5,5,6,7,7,8,8,8,8,687,0,4,4.596291179014668,2.837210995494388,59.71967600635253,442.0
1789929099,50,POST,POST /api/v1/auth/login,0.000000,0.000000,0,0,0,0,0,0,0,0,0,0,0,50,0,1100.0,1061.7003626003861,675.3760170104215,1580.317592000938,1622.0
1789929099,50,,Aggregated,25.000000,0.000000,5,5,6,6,7,8,10,13,19,19,19,2810,0,5,24.80102107167042,2.837210995494388,1580.317592000938,6750.60462633452
1789929100,50,GET,GET /api/v1/reservas,18.500000,0.000000,5,6,6,6,7,8,9,13,19,19,19,2091,0,5,6.477896510957721,3.7677700020140037,115.12566400051583,8965.0
1789929100,50,GET,GET /api/v1/reservas/{id},6.400000,0.000000,4,5,5,5,6,6,7,8,8,8,8,695,0,4,4.593926156819094,2.837210995494388,59.71967600635253,442.0
1789929100,50,POST,POST /api/v1/auth/login,0.000000,0.000000,0,0,0,0,0,0,0,0,0,0,0,50,0,1100.0,1061.7003626003861,675.3760170104215,1580.317592000938,1622.0
1789929100,50,,Aggregated,24.900000,0.000000,5,5,6,6,7,8,9,9,19,19,19,2836,0,5,24.62026742363229,2.837210995494388,1580.317592000938,6746.863540197462
1789929101,50,GET,GET /api/v1/reservas,18.700000,0.000000,5,6,6,6,7,8,9,13,19,19,19,2107,0,5,6.475075294925742,3.7677700020140037,115.12566400051583,8965.0
1789929101,50,GET,GET /api/v1/reservas/{id},6.500000,0.000000,4,5,5,6,6,7,7,8,8,8,8,703,0,4,4.589381267418151,2.837210995494388,59.71967600635253,442.0
1789929101,50,POST,POST /api/v1/auth/login,0.000000,0.000000,0,0,0,0,0,0,0,0,0,0,0,50,0,1100.0,1061.7003626003861,675.3760170104215,1580.317592000938,1622.0
1789929101,50,,Aggregated,25.200000,0.000000,5,5,6,6,7,8,9,9,19,19,19,2860,0,5,24.459558324273708,2.837210995494388,1580.317592000938,6741.6367132867135
1789929102,50,GET,GET /api/v1/reservas,19.300000,0.000000,5,6,6,6,7,8,9,13,19,19,19,2128,0,5,6.462486231407126,3.7677700020140037,115.12566400051583,8965.0
1789929102,50,GET,GET /api/v1/reservas/{id},6.700000,0.000000,4,5,5,6,6,7,7,8,8,8,8,708,0,4,4.585721843215271,2.837210995494388,59.71967600635253,442.0
1789929102,50,POST,POST /api/v1/auth/login,0.000000,0.000000,0,0,0,0,0,0,0,0,0,0,0,50,0,1100.0,1061.7003626003861,675.3760170104215,1580.317592000938,1622.0
1789929102,50,,Aggregated,26.000000,0.000000,5,5,6,6,7,8,9,9,19,19,19,2886,0,5,24.28408866786212,2.837210995494388,1580.317592000938,6746.9009009009005
1789929103,50,GET,GET /api/v1/reservas,18.200000,0.000000,5,6,6,6,7,8,9,10,13,13,13,2149,0,5,6.451233761017961,3.7677700020140037,115.12566400051583,8965.0
1789929103,50,GET,GET /api/v1/reservas/{id},6.600000,0.000000,4,5,5,5,6,6,7,8,8,8,8,713,0,4,4.5815088709567835,2.837210995494388,59.71967600635253,442.0
1789929103,50,POST,POST /api/v1/auth/login,0.000000,0.000000,0,0,0,0,0,0,0,0,0,0,0,50,0,1100.0,1061.7003626003861,675.3760170104215,1580.317592000938,1622.0
1789929103,50,,Aggregated,24.800000,0.000000,5,5,6,6,7,8,9,9,13,13,13,2912,0,5,24.112409102829357,2.837210995494388,1580.317592000938,6752.0710851648355
1789929104,50,GET,GET /api/v1/reservas,19.300000,0.000000,5,6,6,6,7,9,10,11,13,13,13,2172,0,5,6.442183150769843,3.7677700020140037,115.12566400051583,8965.0
1789929104,50,GET,GET /api/v1/reservas/{id},6.400000,0.000000,4,5,5,6,6,7,7,8,8,8,8,718,0,4,4.579459699168302,2.837210995494388,59.71967600635253,442.0
1789929104,50,POST,POST /api/v1/auth/login,0.000000,0.000000,0,0,0,0,0,0,0,0,0,0,0,50,0,1100.0,1061.7003626003861,675.3760170104215,1580.317592000938,1622.0
1789929104,50,,Aggregated,25.700000,0.000000,5,5,6,6,7,8,9,11,13,13,13,2940,0,5,23.933840815474234,2.837210995494388,1580.317592000938,6758.651700680272
1789929105,50,GET,GET /api/v1/reservas,19.100000,0.000000,5,6,6,6,8,9,10,11,13,13,13,2190,0,5,6.439404971017843,3.7677700020140037,115.12566400051583,8965.0
1789929105,50,GET,GET /api/v1/reservas/{id},6.200000,0.000000,4,4,5,5,6,6,6,6,6,6,6,722,0,4,4.578879035988673,2.837210995494388,59.71967600635253,442.0
1789929105,50,POST,POST /api/v1/auth/login,0.000000,0.000000,0,0,0,0,0,0,0,0,0,0,0,50,0,1100.0,1061.7003626003861,675.3760170104215,1580.317592000938,1622.0
1789929105,50,,Aggregated,25.300000,0.000000,5,6,6,6,7,8,10,11,13,13,13,2962,0,5,23.799211911050712,2.837210995494388,1580.317592000938,6763.529372045915
1789929106,50,GET,GET /api/v1/reservas,19.600000,0.000000,5,6,6,7,8,9,11,15,16,16,16,2209,0,5,6.445572129253112,3.7677700020140037,115.12566400051583,8965.0
1789929106,50,GET,GET /api/v1/reservas/{id},6.300000,0.000000,4,5,5,5,6,6,7,7,7,7,7,729,0,4,4.584055104213403,2.837210995494388,59.71967600635253,442.0
1789929106,50,POST,POST /api/v1/auth/login,0.000000,0.000000,0,0,0,0,0,0,0,0,0,0,0,50,0,1100.0,1061.7003626003861,675.3760170104215,1580.317592000938,1622.0
1789929106,50,,Aggregated,25.900000,0.000000,5,6,6,6,8,9,11,13,16,16,16,2988,0,5,23.649619522928717,2.837210995494388,1580.317592000938,6762.7185408299865
1789929107,50,GET,GET /api/v1/reservas,19.200000,0.000000,5,6,6,7,8,9,11,15,16,16,16,2228,0,5,6.433241954456049,3.7677700020140037,115.12566400051583,8965.0
1789929107,50,GET,GET /api/v1/reservas/{id},6.000000,0.000000,4,5,5,5,6,6,7,7,7,7,7,731,0,4,4.584505835789473,2.837210995494388,59.71967600635253,442.0
1789929107,50,POST,POST /api/v1/auth/login,0.000000,0.000000,0,0,0,0,0,0,0,0,0,0,0,50,0,1100.0,1061.7003626003861,675.3760170104215,1580.317592000938,1622.0
1789929107,50,,Aggregated,25.200000,0.000000,5,6,6,6,7,9,11,13,16,16,16,3009,0,5,23.519293775509965,2.837210995494388,1580.317592000938,6772.423396477235
1789929108,50,GET,GET /api/v1/reservas,18.800000,0.000000,5,6,6,6,8,9,11,15,16,16,16,2243,0,5,6.430620246320455,3.7677700020140037,115.12566400051583,8965.0
1789929108,50,GET,GET /api/v1/reservas/{id},6.000000,0.000000,4,4,5,5,6,6,7,7,7,7,7,741,0,4,4.569277816422079,2.837210995494388,59.71967600635253,442.0
1789929108,50,POST,POST /api/v1/auth/login,0.000000,0.000000,0,0,0,0,0,0,0,0,0,0,0,50,0,1100.0,1061.7003626003861,675.3760170104215,1580.317592000938,1622.0
1789929108,50,,Aggregated,24.800000,0.000000,5,6,6,6,7,9,10,11,16,16,16,3034,0,5,23.366754846567186,2.837210995494388,1580.317592000938,6762.398483849704
1789929109,50,GET,GET /api/v1/reservas,19.500000,0.000000,5,6,7,7,8,10,11,15,16,16,16,2264,0,5,6.438455461329956,3.7677700020140037,115.12566400051583,8965.0
1789929109,50,GET,GET /api/v1/reservas/{id},5.400000,0.000000,4,4,5,5,5,6,7,7,7,7,7,745,0,4,4.568229637545496,2.837210995494388,59.71967600635253,442.0
1789929109,50,POST,POST /api/v1/auth/login,0.000000,0.000000,0,0,0,0,0,0,0,0,0,0,0,50,0,1100.0,1061.7003626003861,675.3760170104215,1580.317592000938,1622.0
1789929109,50,,Aggregated,24.900000,0.000000,5,6,6,7,8,9,11,12,16,16,16,3059,0,5,23.23145223093878,2.837210995494388,1580.317592000938,6769.2546583850935
1789929110,50,GET,GET /api/v1/reservas,19.000000,0.000000,5,6,6,7,8,10,11,15,16,16,16,2283,0,5,6.4244823637667805,3.7677700020140037,115.12566400051583,8965.0
1789929110,50,GET,GET /api/v1/reservas/{id},6.100000,0.000000,4,4,5,5,5,6,7,7,7,7,7,752,0,4,4.561552154205237,2.837210995494388,59.71967600635253,442.0
1789929110,50,POST,POST /api/v1/auth/login,0.000000,0.000000,0,0,0,0,0,0,0,0,0,0,0,50,0,1100.0,1061.7003626003861,675.3760170104215,1580.317592000938,1622.0
1789929110,50,,Aggregated,25.100000,0.000000,5,5,6,6,7,9,11,12,16,16,16,3085,0,5,23.073711049096016,2.837210995494388,1580.317592000938,6768.421069692058
1789929111,50,GET,GET /api/v1/reservas,19.100000,0.000000,5,6,6,7,8,10,11,15,16,16,16,2304,0,5,6.418043965494588,3.7677700020140037,115.12566400051583,8965.0
1789929111,50,GET,GET /api/v1/reservas/{id},5.900000,0.000000,4,4,5,5,5,7,7,7,7,7,7,759,0,4,4.563485905074064,2.837210995494388,59.71967600635253,442.0
1789929111,50,POST,POST /api/v1/auth/login,0.000000,0.000000,0,0,0,0,0,0,0,0,0,0,0,50,0,1100.0,1061.7003626003861,675.3760170104215,1580.317592000938,1622.0
1789929111,50,,Aggregated,25.000000,0.000000,5,6,6,7,7,9,11,12,16,16,16,3113,0,5,22.915476141493752,2.837210995494388,1580.317592000938,6769.013170575008
1789929112,50,GET,GET /api/v1/reservas,18.700000,0.000000,5,6,6,7,8,10,11,15,16,16,16,2320,0,5,6.412354068323048,3.7677700020140037,115.12566400051583,8965.0
1789929112,50,GET,GET /api/v1/reservas/{id},5.500000,0.000000,4,4,5,5,6,7,7,7,7,7,7,766,0,4,4.560221737548107,2.837210995494388,59.71967600635253,442.0
1789929112,50,POST,POST /api/v1/auth/login,0.000000,0.000000,0,0,0,0,0,0,0,0,0,0,0,50,0,1100.0,1061.7003626003861,675.3760170104215,1580.317592000938,1622.0
1789929112,50,,Aggregated,24.200000,0.000000,5,6,6,7,7,9,11,12,16,16,16,3136,0,5,22.785334636317167,2.837210995494388,1580.317592000938,6766.094387755102
1789929113,50,GET,GET /api/v1/reservas,19.500000,0.000000,5,6,6,7,8,10,11,15,16,16,16,2339,0,5,6.399828238336737,3.7351310020312667,115.12566400051583,8965.0
1789929113,50,GET,GET /api/v1/reservas/{id},5.600000,0.000000,4,4,5,5,6,7,7,7,7,7,7,773,0,4,4.552681548436586,2.837210995494388,59.71967600635253,442.0
1789929113,50,POST,POST /api/v1/auth/login,0.000000,0.000000,0,0,0,0,0,0,0,0,0,0,0,50,0,1100.0,1061.7003626003861,675.3760170104215,1580.317592000938,1622.0
1789929113,50,,Aggregated,25.100000,0.000000,5,6,6,6,7,9,11,12,16,16,16,3162,0,5,22.6354962733809,2.837210995494388,1580.317592000938,6765.307084123972
1789929114,50,GET,GET /api/v1/reservas,19.300000,0.000000,5,6,6,7,7,9,10,15,16,16,16,2357,0,5,6.392542216160507,3.7351310020312667,115.12566400051583,8965.0
1789929114,50,GET,GET /api/v1/reservas/{id},5.400000,0.000000,4,4,5,5,6,7,7,7,7,7,7,775,0,4,4.550261243787264,2.837210995494388,59.71967600635253,442.0
1789929114,50,POST,POST /api/v1/auth/login,0.000000,0.000000,0,0,0,0,0,0,0,0,0,0,0,50,0,1100.0,1061.7003626003861,675.3760170104215,1580.317592000938,1622.0
1789929114,50,,Aggregated,24.700000,0.000000,5,6,6,6,7,8,10,12,16,16,16,3182,0,5,22.526301884803505,2.837210995494388,1580.317592000938,6773.7759270898805
1789929115,50,GET,GET /api/v1/reservas,19.000000,0.000000,5,6,6,6,7,8,10,10,12,12,12,2383,0,5,6.38083991838093,3.7351310020312667,115.12566400051583,8965.0
1789929115,50,GET,GET /api/v1/reservas/{id},6.100000,0.000000,4,4,4,5,5,6,9,9,9,9,9,778,0,4,4.5532215487669525,2.837210995494388,59.71967600635253,442.0
1789929115,50,POST,POST /api/v1/auth/login,0.000000,0.000000,0,0,0,0,0,0,0,0,0,0,0,50,0,1100.0,1061.7003626003861,675.3760170104215,1580.317592000938,1622.0
1789929115,50,,Aggregated,25.100000,0.000000,5,6,6,6,7,8,10,10,12,12,12,3211,0,5,22.370901906092108,2.837210995494388,1580.317592000938,6785.602927436936
1789929116,50,GET,GET /api/v1/reservas,18.500000,0.000000,5,6,6,7,7,8,10,10,12,12,12,2399,0,5,6.380757317838659,3.7351310020312667,115.12566400051583,8965.0
1789929116,50,GET,GET /api/v1/reservas/{id},5.900000,0.000000,4,4,4,5,5,6,7,9,9,9,9,785,0,4,4.549240752751346,2.837210995494388,59.71967600635253,442.0
1789929116,50,POST,POST /api/v1/auth/login,0.000000,0.000000,0,0,0,0,0,0,0,0,0,0,0,50,0,1100.0,1061.7003626003861,675.3760170104215,1580.317592000938,1622.0
1789929116,50,,Aggregated,24.400000,0.000000,5,6,6,6,7,8,10,10,12,12,12,3234,0,5,22.252198183804595,2.837210995494388,1580.317592000938,6782.654607297464
1789929117,50,GET,GET /api/v1/reservas,19.300000,0.000000,5,6,6,7,7,9,10,12,13,13,13,2422,0,5,6.376832252470759,3.7351310020312667,115.12566400051583,8965.0
1789929117,50,GET,GET /api/v1/reservas/{id},5.600000,0.000000,4,4,5,5,5,6,9,9,9,9,9,791,0,4,4.544484575132471,2.837210995494388,59.71967600635253,442.0
1789929117,50,POST,POST /api/v1/auth/login,0.000000,0.000000,0,0,0,0,0,0,0,0,0,0,0,50,0,1100.0,1061.7003626003861,675.3760170104215,1580.317592000938,1622.0
1789929117,50,,Aggregated,24.900000,0.000000,5,6,6,6,7,8,10,10,13,13,13,3263,0,5,22.103706142946145,2.837210995494388,1580.317592000938,6786.378179589335
1789929118,50,GET,GET /api/v1/reservas,19.400000,0.000000,5,6,6,6,7,8,9,10,13,13,13,2441,0,5,6.36972480436668,3.7351310020312667,115.12566400051583,8965.0
1789929118,50,GET,GET /api/v1/reservas/{id},5.500000,0.000000,4,4,5,5,5,6,7,9,9,9,9,797,0,4,4.5407500488369825,2.837210995494388,59.71967600635253,442.0
1789929118,50,POST,POST /api/v1/auth/login,0.000000,0.000000,0,0,0,0,0,0,0,0,0,0,0,50,0,1100.0,1061.7003626003861,675.3760170104215,1580.317592000938,1622.0
1789929118,50,,Aggregated,24.900000,0.000000,5,6,6,6,7,7,9,10,13,13,13,3288,0,5,21.97460284866224,2.837210995494388,1580.317592000938,6787.390206812652
1789929119,50,GET,GET /api/v1/reservas,19.400000,0.000000,6,6,6,7,8,8,10,11,13,13,13,2462,0,5,6.378530686603987,3.7351310020312667,115.12566400051583,8965.0
1789929119,50,GET,GET /api/v1/reservas/{id},5.900000,0.000000,4,4,4,5,5,6,7,9,9,9,9,800,0,4,4.538400169894885,2.837210995494388,59.71967600635253,442.0
1789929119,50,POST,POST /api/v1/auth/login,0.000000,0.000000,0,0,0,0,0,0,0,0,0,0,0,50,0,1100.0,1061.7003626003861,675.3760170104215,1580.317592000938,1622.0
1789929119,50,,Aggregated,25.300000,0.000000,5,6,6,6,7,8,9,10,13,13,13,3312,0,5,21.865845657111784,2.837210995494388,1580.317592000938,6795.449879227053
1789929120,50,GET,GET /api/v1/reservas,19.800000,0.000000,6,6,7,7,8,8,10,11,13,13,13,2481,0,5,6.375567486684421,3.7351310020312667,115.12566400051583,8965.0
1789929120,50,GET,GET /api/v1/reservas/{id},5.600000,0.000000,4,4,4,5,5,6,7,9,9,9,9,807,0,4,4.531293436083533,2.837210995494388,59.71967600635253,442.0
1789929120,50,POST,POST /api/v1/auth/login,0.000000,0.000000,0,0,0,0,0,0,0,0,0,0,0,50,0,1100.0,1061.7003626003861,675.3760170104215,1580.317592000938,1622.0
1789929120,50,,Aggregated,25.400000,0.000000,5,6,6,7,8,8,9,10,13,13,13,3338,0,5,21.737434052547265,2.837210995494388,1580.317592000938,6794.475434391851
1789929121,50,GET,GET /api/v1/reservas,19.600000,0.000000,6,6,7,7,8,9,10,11,13,13,13,2495,0,5,6.373473880739037,3.7351310020312667,115.12566400051583,8965.0
1789929121,50,GET,GET /api/v1/reservas/{id},5.300000,0.000000,4,4,4,4,5,5,5,9,9,9,9,817,0,4,4.52080817492106,2.8227190050529316,59.71967600635253,442.0
1789929121,50,POST,POST /api/v1/auth/login,0.000000,0.000000,0,0,0,0,0,0,0,0,0,0,0,50,0,1100.0,1061.7003626003861,675.3760170104215,1580.317592000938,1622.0
1789929121,50,,Aggregated,24.900000,0.000000,5,6,6,6,8,8,10,10,13,13,13,3362,0,5,21.618184337112943,2.8227190050529316,1580.317592000938,6784.618976799524
1789929122,50,GET,GET /api/v1/reservas,19.500000,0.000000,6,6,7,7,8,9,10,11,13,13,13,2519,0,5,6.366774827479581,3.7351310020312667,115.12566400051583,8965.0
1789929122,50,GET,GET /api/v1/reservas/{id},5.600000,0.000000,4,4,4,5,5,5,9,9,9,9,9,821,0,4,4.522360280022421,2.8227190050529316,59.71967600635253,442.0
1789929122,50,POST,POST /api/v1/auth/login,0.000000,0.000000,0,0,0,0,0,0,0,0,0,0,0,50,0,1100.0,1061.7003626003861,675.3760170104215,1580.317592000938,1622.0
1789929122,50,,Aggregated,25.100000,0.000000,5,6,6,7,8,8,10,10,13,13,13,3390,0,5,21.485481330483417,2.8227190050529316,1580.317592000938,6792.571386430678
1789929123,50,GET,GET /api/v1/reservas,19.500000,0.000000,6,6,7,7,8,9,10,11,13,13,13,2537,0,5,6.360986780990908,3.7351310020312667,115.12566400051583,8965.0
1789929123,50,GET,GET /api/v1/reservas/{id},5.400000,0.000000,4,4,4,5,5,5,8,9,9,9,9,826,0,4,4.518615442955896,2.8227190050529316,59.71967600635253,442.0
1789929123,50,POST,POST /api/v1/auth/login,0.000000,0.000000,0,0,0,0,0,0,0,0,0,0,0,50,0,1100.0,1061.7003626003861,675.3760170104215,1580.317592000938,1622.0
1789929123,50,,Aggregated,24.900000,0.000000,5,6,6,7,8,8,10,10,13,13,13,3413,0,5,21.375686477959217,2.8227190050529316,1580.317592000938,6794.725168473484
1789929124,50,GET,GET /api/v1/reservas,19.400000,0.000000,6,6,7,7,8,9,10,11,13,13,13,2559,0,5,6.350037792642321,3.7351310020312667,115.12566400051583,8965.0
1789929124,50,GET,GET /api/v1/reservas/{id},5.900000,0.000000,4,4,4,5,5,5,8,9,9,9,9,831,0,4,4.514418413834428,2.8227190050529316,59.71967600635253,442.0
1789929124,50,POST,POST /api/v1/auth/login,0.000000,0.000000,0,0,0,0,0,0,0,0,0,0,0,50,0,1100.0,1061.7003626003861,675.3760170104215,1580.317592000938,1622.0
1789929124,50,,Aggregated,25.300000,0.000000,5,6,6,7,8,8,10,10,13,13,13,3440,0,5,21.246001902118437,2.8227190050529316,1580.317592000938,6799.371220930233
1789929125,50,GET,GET /api/v1/reservas,19.600000,0.000000,6,6,7,7,8,8,9,11,13,13,13,2573,0,5,6.344043018028375,3.7351310020312667,115.12566400051583,8965.0
1789929125,50,GET,GET /api/v1/reservas/{id},5.100000,0.000000,4,4,4,4,5,5,5,8,8,8,8,840,0,4,4.509199987972222,2.8227190050529316,59.71967600635253,442.0
1789929125,50,POST,POST /api/v1/auth/login,0.000000,0.000000,0,0,0,0,0,0,0,0,0,0,0,50,0,1100.0,1061.7003626003861,675.3760170104215,1580.317592000938,1622.0
1789929125,50,,Aggregated,24.700000,0.000000,5,6,6,7,7,8,9,10,13,13,13,3463,0,5,21.136577766475018,2.8227190050529316,1580.317592000938,6791.604100490904
1789929126,50,GET,GET /api/v1/reservas,20.300000,0.000000,6,6,7,7,8,9,11,12,13,13,13,2590,0,5,6.3525981067173705,3.7351310020312667,115.12566400051583,8965.0
1789929126,50,GET,GET /api/v1/reservas/{id},5.500000,0.000000,4,4,5,5,6,7,9,12,12,12,12,851,0,4,4.529694907031937,2.8227190050529316,59.71967600635253,442.0
1789929126,50,POST,POST /api/v1/auth/login,0.000000,0.000000,0,0,0,0,0,0,0,0,0,0,0,50,0,1100.0,1061.7003626003861,675.3760170104215,1580.317592000938,1622.0
1789929126,50,,Aggregated,25.800000,0.000000,5,6,6,7,8,9,11,12,13,13,13,3491,0,5,21.02349401097149,2.8227190050529316,1580.317592000938,6782.180464050415
1789929127,50,GET,GET /api/v1/reservas,19.200000,0.000000,6,6,7,7,8,9,10,12,12,12,12,2609,0,5,6.344686089833938,3.7351310020312667,115.12566400051583,8965.0
1789929127,50,GET,GET /api/v1/reservas/{id},5.900000,0.000000,4,4,5,5,6,8,9,12,12,12,12,856,0,4,4.524407983476989,2.8227190050529316,59.71967600635253,442.0
1789929127,50,POST,POST /api/v1/auth/login,0.000000,0.000000,0,0,0,0,0,0,0,0,0,0,0,50,0,1100.0,1061.7003626003861,675.3760170104215,1580.317592000938,1622.0
1789929127,50,,Aggregated,25.100000,0.000000,5,6,6,7,8,9,10,12,12,12,12,3515,0,5,20.91356966493666,2.8227190050529316,1580.317592000938,6784.960739687055
1789929128,50,GET,GET /api/v1/reservas,18.700000,0.000000,5,6,6,7,7,9,10,12,12,12,12,2631,0,5,6.333983550903503,3.7351310020312667,115.12566400051583,8965.0
1789929128,50,GET,GET /api/v1/reservas/{id},6.500000,0.000000,4,4,5,5,6,7,9,12,12,12,12,860,0,4,4.522015006812072,2.8227190050529316,59.71967600635253,442.0
1789929128,50,POST,POST /api/v1/auth/login,0.000000,0.000000,0,0,0,0,0,0,0,0,0,0,0,50,0,1100.0,1061.7003626003861,675.3760170104215,1580.317592000938,1622.0
1789929128,50,,Aggregated,25.200000,0.000000,5,6,6,6,7,9,10,12,12,12,12,3541,0,5,20.7960072743024,2.8227190050529316,1580.317592000938,6791.340016944366
1789929129,50,GET,GET /api/v1/reservas,18.900000,0.000000,5,6,6,7,7,9,10,12,12,12,12,2649,0,5,6.3364563010354455,3.7351310020312667,115.12566400051583,8965.0
1789929129,50,GET,GET /api/v1/reservas/{id},6.600000,0.000000,4,5,5,6,7,9,11,12,12,12,12,872,0,4,4.545627648882363,2.8227190050529316,59.71967600635253,442.0
1789929129,50,POST,POST /api/v1/auth/login,0.000000,0.000000,0,0,0,0,0,0,0,0,0,0,0,50,0,1100.0,1061.7003626003861,675.3760170104215,1580.317592000938,1622.0
1789929129,50,,Aggregated,25.500000,0.000000,5,6,6,7,7,9,11,12,12,12,12,3571,0,5,20.67602301352216,2.8227190050529316,1580.317592000938,6780.960235228227
1789929130,50,GET,GET /api/v1/reservas,18.800000,0.000000,5,6,6,7,8,9,10,12,12,12,12,2666,0,5,6.337658829514096,3.7351310020312667,115.12566400051583,8965.0
1789929130,50,GET,GET /api/v1/reservas/{id},6.200000,0.000000,4,5,5,6,7,9,11,12,12,12,12,878,0,4,4.54066638478899,2.8227190050529316,59.71967600635253,442.0
1789929130,50,POST,POST /api/v1/auth/login,0.000000,0.000000,0,0,0,0,0,0,0,0,0,0,0,50,0,1100.0,1061.7003626003861,675.3760170104215,1580.317592000938,1622.0
1789929130,50,,Aggregated,25.000000,0.000000,5,6,6,7,7,9,11,12,12,12,12,3594,0,5,20.58094648173306,2.8227190050529316,1580.317592000938,6780.7084028937115
1789929131,50,GET,GET /api/v1/reservas,19.000000,0.000000,5,6,6,7,8,9,12,17,20,20,20,2681,0,5,6.341002326535029,3.7351310020312667,115.12566400051583,8965.0
1789929131,50,GET,GET /api/v1/reservas/{id},7.100000,0.000000,4,5,5,6,7,9,11,12,12,12,12,887,0,4,4.535125645829481,2.8227190050529316,59.71967600635253,442.0
1789929131,50,POST,POST /api/v1/auth/login,0.000000,0.000000,0,0,0,0,0,0,0,0,0,0,0,50,0,1100.0,1061.7003626003861,675.3760170104215,1580.317592000938,1622.0
1789929131,50,,Aggregated,26.100000,0.000000,5,6,6,7,7,9,12,12,20,20,20,3618,0,5,20.483112718438495,2.8227190050529316,1580.317592000938,6773.996406854616
1789929132,50,GET,GET /api/v1/reservas,19.200000,0.000000,5,6,7,7,8,9,12,17,20,20,20,2698,0,5,6.343379474222445,3.7351310020312667,115.12566400051583,8965.0
1789929132,50,GET,GET /api/v1/reservas/{id},7.100000,0.000000,4,5,5,6,7,9,11,12,12,12,12,893,0,4,4.54509267734712,2.8227190050529316,59.71967600635253,442.0
1789929132,50,POST,POST /api/v1/auth/login,0.000000,0.000000,0,0,0,0,0,0,0,0,0,0,0,50,0,1100.0,1061.7003626003861,675.3760170104215,1580.317592000938,1622.0
1789929132,50,,Aggregated,26.300000,0.000000,5,6,6,7,8,9,12,13,20,20,20,3641,0,5,20.395007885839725,2.8227190050529316,1580.317592000938,6773.79181543532
1789929133,50,GET,GET /api/v1/reservas,18.500000,0.000000,5,6,7,7,8,9,12,17,20,20,20,2716,0,5,6.334217074546414,3.7351310020312667,115.12566400051583,8965.0
1789929133,50,GET,GET /api/v1/reservas/{id},7.300000,0.000000,4,5,5,6,7,9,11,12,12,12,12,902,0,4,4.540061192770804,2.8227190050529316,59.71967600635253,442.0
1789929133,50,POST,POST /api/v1/auth/login,0.000000,0.000000,0,0,0,0,0,0,0,0,0,0,0,50,0,1100.0,1061.7003626003861,675.3760170104215,1580.317592000938,1622.0
1789929133,50,,Aggregated,25.800000,0.000000,5,6,6,7,8,9,12,13,20,20,20,3668,0,5,20.27914037632678,2.8227190050529316,1580.317592000938,6769.0087241003275
1789929134,50,GET,GET /api/v1/reservas,18.100000,0.000000,5,6,6,7,8,10,13,17,20,20,20,2736,0,5,6.327327501263394,3.7351310020312667,115.12566400051583,8965.0
1789929134,50,GET,GET /api/v1/reservas/{id},7.200000,0.000000,4,5,5,6,7,9,11,12,12,12,12,909,0,4,4.535805083477918,2.8227190050529316,59.71967600635253,442.0
1789929134,50,POST,POST /api/v1/auth/login,0.000000,0.000000,0,0,0,0,0,0,0,0,0,0,0,50,0,1100.0,1061.7003626003861,675.3760170104215,1580.317592000938,1622.0
1789929134,50,,Aggregated,25.300000,0.000000,5,6,6,7,8,10,12,13,20,20,20,3695,0,5,20.167694991707005,2.8227190050529316,1580.317592000938,6768.908795669824
1789929135,50,GET,GET /api/v1/reservas,18.400000,0.000000,5,6,6,7,8,9,13,17,20,20,20,2753,0,5,6.319636473094693,3.7351310020312667,115.12566400051583,8965.0
1789929135,50,GET,GET /api/v1/reservas/{id},7.800000,0.000000,4,4,5,5,7,8,10,11,11,11,11,914,0,4,4.532318798570661,2.8227190050529316,59.71967600635253,442.0
1789929135,50,POST,POST /api/v1/auth/login,0.000000,0.000000,0,0,0,0,0,0,0,0,0,0,0,50,0,1100.0,1061.7003626003861,675.3760170104215,1580.317592000938,1622.0
1789929135,50,,Aggregated,26.200000,0.000000,5,6,6,6,8,9,12,13,20,20,20,3717,0,5,20.076813753656868,2.8227190050529316,1580.317592000938,6770.442023136939
1789929136,50,GET,GET /api/v1/reservas,17.700000,0.000000,5,6,6,6,8,9,13,17,20,20,20,2773,0,5,6.314819565964268,3.7351310020312667,115.12566400051583,8965.0
1789929136,50,GET,GET /api/v1/reservas/{id},7.800000,0.000000,4,5,5,5,7,8,10,11,11,11,11,919,0,4,4.534345628843558,2.8227190050529316,59.71967600635253,442.0
1789929136,50,POST,POST /api/v1/auth/login,0.000000,0.000000,0,0,0,0,0,0,0,0,0,0,0,50,0,1100.0,1061.7003626003861,675.3760170104215,1580.317592000938,1622.0
1789929136,50,,Aggregated,25.500000,0.000000,5,6,6,6,7,9,12,13,20,20,20,3742,0,5,19.979443190632136,2.8227190050529316,1580.317592000938,6773.715392838055
1789929137,50,GET,GET /api/v1/reservas,18.200000,0.000000,5,6,6,7,8,9,13,17,20,20,20,2790,0,5,6.31608766789246,3.7351310020312667,115.12566400051583,8965.0
1789929137,50,GET,GET /api/v1/reservas/{id},7.800000,0.000000,4,5,5,6,7,9,10,11,11,11,11,934,0,4,4.540895515947146,2.8227190050529316,59.71967600635253,442.0
1789929137,50,POST,POST /api/v1/auth/login,0.000000,0.000000,0,0,0,0,0,0,0,0,0,0,0,50,0,1100.0,1061.7003626003861,675.3760170104215,1580.317592000938,1622.0
1789929137,50,,Aggregated,26.000000,0.000000,5,6,6,7,8,9,12,13,20,20,20,3774,0,5,19.859061774068337,2.8227190050529316,1580.317592000938,6758.420243773185
1789929138,50,GET,GET /api/v1/reservas,19.000000,0.000000,5,6,6,7,8,10,13,17,20,20,20,2804,0,5,6.31200980648585,3.7351310020312667,115.12566400051583,8965.0
1789929138,50,GET,GET /api/v1/reservas/{id},6.900000,0.000000,4,5,5,5,6,8,10,10,10,10,10,942,0,4,4.535988722791309,2.8227190050529316,59.71967600635253,442.0
1789929138,50,POST,POST /api/v1/auth/login,0.000000,0.000000,0,0,0,0,0,0,0,0,0,0,0,50,0,1100.0,1061.7003626003861,675.3760170104215,1580.317592000938,1622.0
1789929138,50,,Aggregated,25.900000,0.000000,5,6,6,6,8,9,12,13,20,20,20,3796,0,5,19.77260142367625,2.8227190050529316,1580.317592000938,6753.246575342466
1789929139,50,GET,GET /api/v1/reservas,17.900000,0.000000,5,6,6,6,8,9,13,17,20,20,20,2816,0,5,6.311750203973464,3.7351310020312667,115.12566400051583,8965.0
1789929139,50,GET,GET /api/v1/reservas/{id},7.500000,0.000000,4,5,5,5,6,8,9,10,10,10,10,947,0,4,4.53614804736934,2.8227190050529316,59.71967600635253,442.0
1789929139,50,POST,POST /api/v1/auth/login,0.000000,0.000000,0,0,0,0,0,0,0,0,0,0,0,50,0,1100.0,1061.7003626003861,675.3760170104215,1580.317592000938,1622.0
1789929139,50,,Aggregated,25.400000,0.000000,5,6,6,6,7,9,11,13,20,20,20,3813,0,5,19.710107239776384,2.8227190050529316,1580.317592000938,6751.931287699974
1789929140,50,GET,GET /api/v1/reservas,17.500000,0.000000,6,6,6,7,8,10,11,13,13,13,13,2836,0,5,6.317370928903296,3.7351310020312667,115.12566400051583,8965.0
1789929140,50,GET,GET /api/v1/reservas/{id},7.700000,0.000000,4,5,5,5,6,8,10,14,14,14,14,954,0,4,4.546820526080844,2.8227190050529316,59.71967600635253,442.0
1789929140,50,POST,POST /api/v1/auth/login,0.000000,0.000000,0,0,0,0,0,0,0,0,0,0,0,50,0,1100.0,1061.7003626003861,675.3760170104215,1580.317592000938,1622.0
1789929140,50,,Aggregated,25.200000,0.000000,5,6,6,6,8,9,11,13,14,14,14,3840,0,5,19.619465850591194,2.8227190050529316,1580.317592000938,6751.955208333334
1789929141,50,GET,GET /api/v1/reservas,17.000000,0.000000,5,6,6,6,7,9,11,13,13,13,13,2861,0,5,6.3077955817281195,3.7351310020312667,115.12566400051583,8965.0
1789929141,50,GET,GET /api/v1/reservas/{id},7.600000,0.000000,4,5,5,5,6,7,10,14,14,14,14,958,0,4,4.544245926801204,2.8227190050529316,59.71967600635253,442.0
1789929141,50,POST,POST /api/v1/auth/login,0.000000,0.000000,0,0,0,0,0,0,0,0,0,0,0,50,0,1100.0,1061.7003626003861,675.3760170104215,1580.317592000938,1622.0
1789929141,50,,Aggregated,24.600000,0.000000,5,6,6,6,7,9,11,13,14,14,14,3869,0,5,19.510211653455418,2.8227190050529316,1580.317592000938,6759.731455156371
1789929142,50,GET,GET /api/v1/reservas,17.200000,0.000000,6,6,6,6,8,9,11,13,13,13,13,2879,0,5,6.305589729874499,3.7351310020312667,115.12566400051583,8965.0
1789929142,50,GET,GET /api/v1/reservas/{id},7.600000,0.000000,4,5,5,5,6,7,10,14,14,14,14,961,0,4,4.5417294858340185,2.8227190050529316,59.71967600635253,442.0
1789929142,50,POST,POST /api/v1/auth/login,0.000000,0.000000,0,0,0,0,0,0,0,0,0,0,0,50,0,1100.0,1061.7003626003861,675.3760170104215,1580.317592000938,1622.0
1789929142,50,,Aggregated,24.800000,0.000000,5,6,6,6,7,9,11,13,14,14,14,3890,0,5,19.435324678204235,2.8227190050529316,1580.317592000938,6765.063496143959
1789929143,50,GET,GET /api/v1/reservas,17.500000,0.000000,6,6,6,6,7,9,10,11,13,13,13,2900,0,5,6.298143949398795,3.7351310020312667,115.12566400051583,8965.0
1789929143,50,GET,GET /api/v1/reservas/{id},7.300000,0.000000,4,5,5,5,6,7,10,14,14,14,14,969,0,4,4.536074333228565,2.8227190050529316,59.71967600635253,442.0
1789929143,50,POST,POST /api/v1/auth/login,0.000000,0.000000,0,0,0,0,0,0,0,0,0,0,0,50,0,1100.0,1061.7003626003861,675.3760170104215,1580.317592000938,1622.0
1789929143,50,,Aggregated,24.800000,0.000000,5,6,6,6,7,9,10,11,14,14,14,3919,0,5,19.327657977079433,2.8227190050529316,1580.317592000938,6763.944373564685
1789929144,50,GET,GET /api/v1/reservas,18.100000,0.000000,6,6,6,7,8,9,11,11,13,13,13,2919,0,5,6.293853607825205,3.7351310020312667,115.12566400051583,8965.0
1789929144,50,GET,GET /api/v1/reservas/{id},6.800000,0.000000,4,5,5,5,7,8,10,14,14,14,14,973,0,4,4.5383864942260175,2.8227190050529316,59.71967600635253,442.0
1789929144,50,POST,POST /api/v1/auth/login,0.000000,0.000000,0,0,0,0,0,0,0,0,0,0,0,50,0,1100.0,1061.7003626003861,675.3760170104215,1580.317592000938,1622.0
1789929144,50,,Aggregated,24.900000,0.000000,5,6,6,6,7,9,11,11,14,14,14,3942,0,5,19.247241722512175,2.8227190050529316,1580.317592000938,6768.138254693049
1789929145,50,GET,GET /api/v1/reservas,17.900000,0.000000,6,6,6,6,7,9,11,11,13,13,13,2938,0,5,6.285175659727141,3.7351310020312667,115.12566400051583,8965.0
1789929145,50,GET,GET /api/v1/reservas/{id},6.600000,0.000000,4,5,5,5,6,7,10,14,14,14,14,979,0,4,4.535600120407188,2.8227190050529316,59.71967600635253,442.0
1789929145,50,POST,POST /api/v1/auth/login,0.000000,0.000000,0,0,0,0,0,0,0,0,0,0,0,50,0,1100.0,1061.7003626003861,675.3760170104215,1580.317592000938,1622.0
1789929145,50,,Aggregated,24.500000,0.000000,5,6,6,6,7,9,11,11,14,14,14,3967,0,5,19.155839862913105,2.8227190050529316,1580.317592000938,6769.092009074868
1789929146,50,GET,GET /api/v1/reservas,18.300000,0.000000,6,6,6,7,8,10,11,12,13,13,13,2960,0,5,6.288865514294672,3.7351310020312667,115.12566400051583,8965.0
1789929146,50,GET,GET /api/v1/reservas/{id},6.500000,0.000000,4,5,5,5,6,7,10,14,14,14,14,983,0,4,4.538718516673582,2.8227190050529316,59.71967600635253,442.0
1789929146,50,POST,POST /api/v1/auth/login,0.000000,0.000000,0,0,0,0,0,0,0,0,0,0,0,50,0,1100.0,1061.7003626003861,675.3760170104215,1580.317592000938,1622.0
1789929146,50,,Aggregated,24.800000,0.000000,5,6,6,6,7,9,11,12,14,14,14,3993,0,5,19.073784210924536,2.8227190050529316,1580.317592000938,6774.852491860756
1789929147,50,GET,GET /api/v1/reservas,18.200000,0.000000,6,6,6,7,8,9,11,12,13,13,13,2978,0,5,6.28573934630595,3.7351310020312667,115.12566400051583,8965.0
1789929147,50,GET,GET /api/v1/reservas/{id},6.400000,0.000000,4,5,5,5,6,7,8,14,14,14,14,990,0,4,4.539461556461644,2.8227190050529316,59.71967600635253,442.0
1789929147,50,POST,POST /api/v1/auth/login,0.000000,0.000000,0,0,0,0,0,0,0,0,0,0,0,50,0,1100.0,1061.7003626003861,675.3760170104215,1580.317592000938,1622.0
1789929147,50,,Aggregated,24.600000,0.000000,5,6,6,6,7,8,11,12,14,14,14,4018,0,5,18.989053470436897,2.8227190050529316,1580.317592000938,6773.631159780985
1789929148,50,GET,GET /api/v1/reservas,18.100000,0.000000,6,6,6,7,8,9,11,12,13,13,13,2995,0,5,6.280141771722038,3.7351310020312667,115.12566400051583,8965.0
1789929148,50,GET,GET /api/v1/reservas/{id},6.500000,0.000000,4,5,5,5,6,7,8,14,14,14,14,998,0,4,4.5351622644149305,2.8227190050529316,59.71967600635253,442.0
1789929148,50,POST,POST /api/v1/auth/login,0.000000,0.000000,0,0,0,0,0,0,0,0,0,0,0,50,0,1100.0,1061.7003626003861,675.3760170104215,1580.317592000938,1622.0
1789929148,50,,Aggregated,24.600000,0.000000,5,6,6,6,7,8,11,12,14,14,14,4043,0,5,18.90183890086889,2.8227190050529316,1580.317592000938,6770.316843927776
1789929149,50,GET,GET /api/v1/reservas,19.000000,0.000000,5,6,6,6,7,8,10,11,12,12,12,3015,0,5,6.273505201098543,3.7351310020312667,115.12566400051583,8965.0
1789929149,50,GET,GET /api/v1/reservas/{id},5.600000,0.000000,4,5,5,5,6,7,8,9,9,9,9,1004,0,4,4.535741889340278,2.8227190050529316,59.71967600635253,442.0
1789929149,50,POST,POST /api/v1/auth/login,0.000000,0.000000,0,0,0,0,0,0,0,0,0,0,0,50,0,1100.0,1061.7003626003861,675.3760170104215,1580.317592000938,1622.0
1789929149,50,,Aggregated,24.600000,0.000000,5,6,6,6,7,8,9,11,12,12,12,4069,0,5,18.81384152573828,2.8227190050529316,1580.317592000938,6771.772671418039
1789929150,50,GET,GET /api/v1/reservas,19.300000,0.000000,5,6,6,7,8,9,12,15,15,15,15,3028,0,5,6.2833268524702275,3.7351310020312667,115.12566400051583,8965.0
1789929150,50,GET,GET /api/v1/reservas/{id},5.600000,0.000000,4,5,5,6,6,8,9,14,14,14,14,1009,0,4,4.549618636152838,2.8227190050529316,59.71967600635253,442.0
1789929150,50,POST,POST /api/v1/auth/login,0.000000,0.000000,0,0,0,0,0,0,0,0,0,0,0,50,0,1100.0,1061.7003626003861,675.3760170104215,1580.317592000938,1622.0
1789929150,50,,Aggregated,24.900000,0.000000,5,6,6,6,8,9,12,14,15,15,15,4087,0,5,18.767187923459108,2.8227190050529316,1580.317592000938,6771.00513824321
1789929151,50,GET,GET /api/v1/reservas,19.300000,0.000000,5,6,6,7,8,9,12,15,15,15,15,3050,0,5,6.274621869932639,3.7351310020312667,115.12566400051583,8965.0
1789929151,50,GET,GET /api/v1/reservas/{id},5.700000,0.000000,4,5,5,6,6,8,9,14,14,14,14,1015,0,4,4.544791401842187,2.8227190050529316,59.71967600635253,442.0
1789929151,50,POST,POST /api/v1/auth/login,0.000000,0.000000,0,0,0,0,0,0,0,0,0,0,0,50,0,1100.0,1061.7003626003861,675.3760170104215,1580.317592000938,1622.0
1789929151,50,,Aggregated,25.000000,0.000000,5,6,6,6,7,8,12,14,15,15,15,4115,0,5,18.67207244378704,2.8227190050529316,1580.317592000938,6773.506682867558
1789929152,50,GET,GET /api/v1/reservas,18.800000,0.000000,5,6,6,7,8,10,12,15,15,15,15,3071,0,5,6.276747132633691,3.7351310020312667,115.12566400051583,8965.0
1789929152,50,GET,GET /api/v1/reservas/{id},5.400000,0.000000,4,5,5,6,7,8,9,14,14,14,14,1019,0,4,4.549004017544834,2.8227190050529316,59.71967600635253,442.0
1789929152,50,POST,POST /api/v1/auth/login,0.000000,0.000000,0,0,0,0,0,0,0,0,0,0,0,50,0,1100.0,1061.7003626003861,675.3760170104215,1580.317592000938,1622.0
1789929152,50,,Aggregated,24.200000,0.000000,5,6,6,7,8,9,12,14,15,15,15,4140,0,5,18.598150644496513,2.8227190050529316,1580.317592000938,6778.5055555555555
1789929153,50,GET,GET /api/v1/reservas,19.300000,0.000000,5,6,7,7,8,12,59,100,100,100,100,3088,0,5,6.375040644522316,3.7351310020312667,115.12566400051583,8965.0
1789929153,50,GET,GET /api/v1/reservas/{id},5.800000,0.000000,4,5,5,6,6,8,9,14,14,14,14,1027,0,4,4.544470801242394,2.8227190050529316,59.71967600635253,442.0
1789929153,50,POST,POST /api/v1/auth/login,0.000000,0.000000,0,0,0,0,0,0,0,0,0,0,0,50,0,1100.0,1061.7003626003861,675.3760170104215,1580.317592000938,1622.0
1789929153,50,,Aggregated,25.100000,0.000000,5,6,6,7,8,11,15,75,100,100,100,4165,0,5,18.592632689839174,2.8227190050529316,1580.317592000938,6775.25906362545
1789929154,50,GET,GET /api/v1/reservas,18.900000,0.000000,6,6,7,7,8,12,59,100,100,100,100,3102,0,5,6.374650410147787,3.7351310020312667,115.12566400051583,8965.0
1789929154,50,GET,GET /api/v1/reservas/{id},5.500000,0.000000,4,5,5,6,7,9,14,20,20,20,20,1032,0,4,4.559463725664225,2.8227190050529316,59.71967600635253,442.0
1789929154,50,POST,POST /api/v1/auth/login,0.000000,0.000000,0,0,0,0,0,0,0,0,0,0,0,50,0,1100.0,1061.7003626003861,675.3760170104215,1580.317592000938,1622.0
1789929154,50,,Aggregated,24.400000,0.000000,5,6,7,7,8,12,20,75,100,100,100,4184,0,5,18.538372434795225,2.8227190050529316,1580.317592000938,6775.017686424474
1789929155,50,GET,GET /api/v1/reservas,19.000000,0.000000,5,6,7,7,8,12,59,100,100,100,100,3123,0,5,6.366822977685344,3.7351310020312667,115.12566400051583,8965.0
1789929155,50,GET,GET /api/v1/reservas/{id},5.900000,0.000000,4,5,5,5,7,9,14,20,20,20,20,1041,0,4,4.553949711725785,2.8227190050529316,59.71967600635253,442.0
1789929155,50,POST,POST /api/v1/auth/login,0.000000,0.000000,0,0,0,0,0,0,0,0,0,0,0,50,0,1100.0,1061.7003626003861,675.3760170104215,1580.317592000938,1622.0
1789929155,50,,Aggregated,24.900000,0.000000,5,6,6,7,8,12,20,75,100,100,100,4214,0,5,18.440737527108965,2.8227190050529316,1580.317592000938,6772.405552918842
1789929156,50,GET,GET /api/v1/reservas,18.500000,0.000000,5,6,6,7,8,12,59,100,100,100,100,3137,0,5,6.362852735512926,3.7351310020312667,115.12566400051583,8965.0
1789929156,50,GET,GET /api/v1/reservas/{id},5.700000,0.000000,4,5,5,5,6,9,14,20,20,20,20,1046,0,4,4.55026062323463,2.8227190050529316,59.71967600635253,442.0
1789929156,50,POST,POST /api/v1/auth/login,0.000000,0.000000,0,0,0,0,0,0,0,0,0,0,0,50,0,1100.0,1061.7003626003861,675.3760170104215,1580.317592000938,1622.0
1789929156,50,,Aggregated,24.200000,0.000000,5,6,6,6,7,12,20,75,100,100,100,4233,0,5,18.38054802107885,2.8227190050529316,1580.317592000938,6772.17977793527
1789929157,50,GET,GET /api/v1/reservas,18.500000,0.000000,6,6,7,7,9,12,59,100,100,100,100,3155,0,5,6.364864329741965,3.7351310020312667,115.12566400051583,8965.0
1789929157,50,GET,GET /api/v1/reservas/{id},6.100000,0.000000,4,5,5,5,7,9,14,20,20,20,20,1050,0,4,4.556258632288691,2.8227190050529316,59.71967600635253,442.0
1789929157,50,POST,POST /api/v1/auth/login,0.000000,0.000000,0,0,0,0,0,0,0,0,0,0,0,50,0,1100.0,1061.7003626003861,675.3760170104215,1580.317592000938,1622.0
1789929157,50,,Aggregated,24.600000,0.000000,5,6,6,7,8,12,20,75,100,100,100,4255,0,5,18.319679589719936,2.8227190050529316,1580.317592000938,6775.505287896593
1789929158,50,GET,GET /api/v1/reservas,17.800000,0.000000,6,6,7,7,9,12,59,100,100,100,100,3178,0,5,6.361582978712316,3.7351310020312667,115.12566400051583,8965.0
1789929158,50,GET,GET /api/v1/reservas/{id},6.200000,0.000000,4,5,5,6,7,9,14,20,20,20,20,1054,0,4,4.5564427617678875,2.8227190050529316,59.71967600635253,442.0
1789929158,50,POST,POST /api/v1/auth/login,0.000000,0.000000,0,0,0,0,0,0,0,0,0,0,0,50,0,1100.0,1061.7003626003861,675.3760170104215,1580.317592000938,1622.0
1789929158,50,,Aggregated,24.000000,0.000000,5,6,6,7,8,12,20,75,100,100,100,4282,0,5,18.24021940851714,2.8227190050529316,1580.317592000938,6781.349369453526
1789929159,50,GET,GET /api/v1/reservas,17.600000,0.000000,6,6,6,7,9,12,59,100,100,100,100,3201,0,5,6.352036952309525,3.7351310020312667,115.12566400051583,8965.0
1789929159,50,GET,GET /api/v1/reservas/{id},6.400000,0.000000,4,5,5,5,7,8,14,20,20,20,20,1057,0,4,4.5581446990608425,2.8227190050529316,59.71967600635253,442.0
1789929159,50,POST,POST /api/v1/auth/login,0.000000,0.000000,0,0,0,0,0,0,0,0,0,0,0,50,0,1100.0,1061.7003626003861,675.3760170104215,1580.317592000938,1622.0
1789929159,50,,Aggregated,24.000000,0.000000,5,6,6,7,8,12,20,75,100,100,100,4308,0,5,18.160595952012397,2.8227190050529316,1580.317592000938,6788.593082636955
1789929160,50,GET,GET /api/v1/reservas,18.200000,0.000000,6,6,7,7,8,11,59,100,100,100,100,3221,0,5,6.355180695531306,3.7351310020312667,115.12566400051583,8965.0
1789929160,50,GET,GET /api/v1/reservas/{id},6.000000,0.000000,4,5,5,6,8,11,20,20,20,20,20,1063,0,4,4.575173258601279,2.8227190050529316,59.71967600635253,442.0
1789929160,50,POST,POST /api/v1/auth/login,0.000000,0.000000,0,0,0,0,0,0,0,0,0,0,0,50,0,1100.0,1061.7003626003861,675.3760170104215,1580.317592000938,1622.0
1789929160,50,,Aggregated,24.200000,0.000000,5,6,6,7,8,11,20,75,100,100,100,4334,0,5,18.093785030968807,2.8227190050529316,1580.317592000938,6789.850253807107
1789929161,50,GET,GET /api/v1/reservas,18.900000,0.000000,6,6,7,7,8,11,59,100,100,100,100,3235,0,5,6.351959124049877,3.7351310020312667,115.12566400051583,8965.0
1789929161,50,GET,GET /api/v1/reservas/{id},5.300000,0.000000,4,5,5,6,7,11,13,20,20,20,20,1071,0,4,4.57567985330571,2.8227190050529316,59.71967600635253,442.0
1789929161,50,POST,POST /api/v1/auth/login,0.000000,0.000000,0,0,0,0,0,0,0,0,0,0,0,50,0,1100.0,1061.7003626003861,675.3760170104215,1580.317592000938,1622.0
1789929161,50,,Aggregated,24.200000,0.000000,5,6,7,7,8,11,20,75,100,100,100,4356,0,5,18.028962125622378,2.8227190050529316,1580.317592000938,6785.182966023875
1789929162,50,GET,GET /api/v1/reservas,19.100000,0.000000,6,6,6,7,7,8,10,12,13,13,13,3255,0,5,6.348361433880653,3.7351310020312667,115.12566400051583,8965.0
1789929162,50,GET,GET /api/v1/reservas/{id},5.600000,0.000000,4,5,5,6,7,11,20,20,20,20,20,1075,0,4,4.57440574688642,2.8227190050529316,59.71967600635253,442.0
1789929162,50,POST,POST /api/v1/auth/login,0.000000,0.000000,0,0,0,0,0,0,0,0,0,0,0,50,0,1100.0,1061.7003626003861,675.3760170104215,1580.317592000938,1622.0
1789929162,50,,Aggregated,24.700000,0.000000,5,6,6,7,7,8,11,13,20,20,20,4380,0,5,17.960370040000853,2.8227190050529316,1580.317592000938,6789.343607305936
1789929163,50,GET,GET /api/v1/reservas,18.700000,0.000000,6,6,6,7,7,8,10,11,13,13,13,3272,0,5,6.343952560609867,3.7351310020312667,115.12566400051583,8965.0
1789929163,50,GET,GET /api/v1/reservas/{id},5.500000,0.000000,4,5,5,6,7,8,11,13,13,13,13,1084,0,4,4.572002122586127,2.8227190050529316,59.71967600635253,442.0
1789929163,50,POST,POST /api/v1/auth/login,0.000000,0.000000,0,0,0,0,0,0,0,0,0,0,0,50,0,1100.0,1061.7003626003861,675.3760170104215,1580.317592000938,1622.0
1789929163,50,,Aggregated,24.200000,0.000000,5,6,6,7,7,8,10,11,13,13,13,4406,0,5,17.884357968501625,2.8227190050529316,1580.317592000938,6784.77258284158
1789929164,50,GET,GET /api/v1/reservas,19.000000,0.000000,6,6,7,7,9,11,15,32,36,36,36,3293,0,5,6.375822775370142,3.7351310020312667,115.12566400051583,8965.0
1789929164,50,GET,GET /api/v1/reservas/{id},5.800000,0.000000,5,5,7,7,8,11,13,40,40,40,40,1092,0,4,4.619540540198071,2.8227190050529316,59.71967600635253,442.0
1789929164,50,POST,POST /api/v1/auth/login,0.000000,0.000000,0,0,0,0,0,0,0,0,0,0,0,50,0,1100.0,1061.7003626003861,675.3760170104215,1580.317592000938,1622.0
1789929164,50,,Aggregated,24.800000,0.000000,6,6,7,7,9,11,15,32,40,40,40,4435,0,5,17.841068951343736,2.8227190050529316,1580.317592000938,6783.654791431793
1789929165,50,GET,GET /api/v1/reservas,18.700000,0.000000,6,7,8,8,12,15,22,36,72,72,72,3314,0,5,6.430956339552115,3.7351310020312667,115.12566400051583,8965.0
1789929165,50,GET,GET /api/v1/reservas/{id},5.600000,0.000000,5,7,7,7,8,11,13,40,40,40,40,1097,0,4,4.631340215957355,2.8227190050529316,59.71967600635253,442.0
1789929165,50,POST,POST /api/v1/auth/login,0.000000,0.000000,0,0,0,0,0,0,0,0,0,0,0,50,0,1100.0,1061.7003626003861,675.3760170104215,1580.317592000938,1622.0
1789929165,50,,Aggregated,24.300000,0.000000,6,7,7,8,11,14,22,36,72,72,72,4461,0,5,17.816137111903213,2.8227190050529316,1580.317592000938,6786.815512216992
1789929166,50,GET,GET /api/v1/reservas,19.200000,0.000000,6,7,9,10,14,19,24,36,72,72,72,3329,0,6,6.465566873608081,3.7351310020312667,115.12566400051583,8965.0
1789929166,50,GET,GET /api/v1/reservas/{id},6.100000,0.000000,5,7,7,8,12,17,17,40,40,40,40,1104,0,4,4.678145556997903,2.8227190050529316,59.71967600635253,442.0
1789929166,50,POST,POST /api/v1/auth/login,0.000000,0.000000,0,0,0,0,0,0,0,0,0,0,0,50,0,1100.0,1061.7003626003861,675.3760170104215,1580.317592000938,1622.0
1789929166,50,,Aggregated,25.300000,0.000000,6,7,8,10,13,17,24,36,72,72,72,4483,0,5,17.794682789914408,2.8227190050529316,1580.317592000938,6784.1965201873745
1789929167,50,GET,GET /api/v1/reservas,18.700000,0.000000,6,8,10,11,14,19,24,36,72,72,72,3355,0,6,6.477566845685551,3.7351310020312667,115.12566400051583,8965.0
1789929167,50,GET,GET /api/v1/reservas/{id},5.700000,0.000000,5,7,7,8,12,17,17,40,40,40,40,1109,0,4,4.680106792529365,2.8227190050529316,59.71967600635253,442.0
1789929167,50,POST,POST /api/v1/auth/login,0.000000,0.000000,0,0,0,0,0,0,0,0,0,0,0,50,0,1100.0,1061.7003626003861,675.3760170104215,1580.317592000938,1622.0
1789929167,50,,Aggregated,24.400000,0.000000,6,7,9,11,13,17,24,36,72,72,72,4514,0,5,17.724300693444704,2.8227190050529316,1580.317592000938,6789.7326096588395
1789929168,50,GET,GET /api/v1/reservas,19.000000,0.000000,7,8,10,11,15,19,24,36,72,72,72,3367,0,6,6.481332253125322,3.7351310020312667,115.12566400051583,8965.0
1789929168,50,GET,GET /api/v1/reservas/{id},5.700000,0.000000,5,7,7,7,11,16,17,40,40,40,40,1119,0,4,4.683253033894698,2.8227190050529316,59.71967600635253,442.0
1789929168,50,POST,POST /api/v1/auth/login,0.000000,0.000000,0,0,0,0,0,0,0,0,0,0,0,50,0,1100.0,1061.7003626003861,675.3760170104215,1580.317592000938,1622.0
1789929168,50,,Aggregated,24.700000,0.000000,6,8,10,11,14,17,24,36,72,72,72,4536,0,5,17.66936154568352,2.8227190050529316,1580.317592000938,6781.493165784833
1789929169,50,GET,GET /api/v1/reservas,19.500000,0.000000,7,8,10,11,15,19,24,36,72,72,72,3389,0,6,6.477416344430802,3.7351310020312667,115.12566400051583,8965.0
1789929169,50,GET,GET /api/v1/reservas/{id},5.700000,0.000000,5,6,7,7,10,16,17,40,40,40,40,1127,0,4,4.683083550058435,2.8227190050529316,59.71967600635253,442.0
1789929169,50,POST,POST /api/v1/auth/login,0.000000,0.000000,0,0,0,0,0,0,0,0,0,0,0,50,0,1100.0,1061.7003626003861,675.3760170104215,1580.317592000938,1622.0
1789929169,50,,Aggregated,25.200000,0.000000,6,7,9,10,13,17,24,36,72,72,72,4566,0,5,17.589754113493463,2.8227190050529316,1580.317592000938,6780.906482698204
1789929170,50,GET,GET /api/v1/reservas,18.900000,0.000000,7,8,10,11,15,19,24,36,72,72,72,3410,0,6,6.4806657311570754,3.7351310020312667,115.12566400051583,8965.0
1789929170,50,GET,GET /api/v1/reservas/{id},6.100000,0.000000,5,6,7,7,11,16,17,40,40,40,40,1133,0,4,4.694623303533279,2.8227190050529316,59.71967600635253,442.0
1789929170,50,POST,POST /api/v1/auth/login,0.000000,0.000000,0,0,0,0,0,0,0,0,0,0,0,50,0,1100.0,1061.7003626003861,675.3760170104215,1580.317592000938,1622.0
1789929170,50,,Aggregated,25.000000,0.000000,6,8,9,11,13,17,24,36,72,72,72,4593,0,5,17.527345194027465,2.8227190050529316,1580.317592000938,6782.611800566079
1789929171,50,GET,GET /api/v1/reservas,18.300000,0.000000,7,9,10,11,15,19,24,36,72,72,72,3423,0,6,6.481091637533224,3.7351310020312667,115.12566400051583,8965.0
1789929171,50,GET,GET /api/v1/reservas/{id},7.000000,0.000000,5,6,7,7,11,16,17,40,40,40,40,1138,0,4,4.695767658097798,2.8227190050529316,59.71967600635253,442.0
1789929171,50,POST,POST /api/v1/auth/login,0.000000,0.000000,0,0,0,0,0,0,0,0,0,0,0,50,0,1100.0,1061.7003626003861,675.3760170104215,1580.317592000938,1622.0
1789929171,50,,Aggregated,25.300000,0.000000,6,8,10,11,14,17,24,36,72,72,72,4611,0,5,17.482884059902588,2.8227190050529316,1580.317592000938,6781.889178052483
1789929172,50,GET,GET /api/v1/reservas,18.900000,0.000000,7,8,10,11,15,19,24,36,72,72,72,3449,0,6,6.47310788119976,3.7351310020312667,115.12566400051583,8965.0
1789929172,50,GET,GET /api/v1/reservas/{id},6.900000,0.000000,5,6,7,7,11,16,17,40,40,40,40,1142,0,4,4.696094824789494,2.8227190050529316,59.71967600635253,442.0
1789929172,50,POST,POST /api/v1/auth/login,0.000000,0.000000,0,0,0,0,0,0,0,0,0,0,0,50,0,1100.0,1061.7003626003861,675.3760170104215,1580.317592000938,1622.0
1789929172,50,,Aggregated,25.800000,0.000000,6,8,9,11,13,17,24,36,72,72,72,4641,0,5,17.40437567381747,2.8227190050529316,1580.317592000938,6788.65524671407
1789929173,50,GET,GET /api/v1/reservas,18.700000,0.000000,7,8,10,11,15,19,24,36,72,72,72,3469,0,6,6.475115445449612,3.7351310020312667,115.12566400051583,8965.0
1789929173,50,GET,GET /api/v1/reservas/{id},6.700000,0.000000,5,6,7,7,12,17,17,40,40,40,40,1146,0,4,4.695321026084564,2.8227190050529316,59.71967600635253,442.0
1789929173,50,POST,POST /api/v1/auth/login,0.000000,0.000000,0,0,0,0,0,0,0,0,0,0,0,50,0,1100.0,1061.7003626003861,675.3760170104215,1580.317592000938,1622.0
1789929173,50,,Aggregated,25.400000,0.000000,6,8,9,10,12,17,24,36,72,72,72,4665,0,5,17.347916721581335,2.8227190050529316,1580.317592000938,6792.543837084673
1789929174,50,GET,GET /api/v1/reservas,19.000000,0.000000,6,7,8,9,12,15,20,24,72,72,72,3487,0,6,6.469982358836883,3.7351310020312667,115.12566400051583,8965.0
1789929174,50,GET,GET /api/v1/reservas/{id},6.700000,0.000000,5,5,6,7,11,16,17,17,17,17,17,1152,0,4,4.698501745552777,2.8227190050529316,59.71967600635253,442.0
1789929174,50,POST,POST /api/v1/auth/login,0.000000,0.000000,0,0,0,0,0,0,0,0,0,0,0,50,0,1100.0,1061.7003626003861,675.3760170104215,1580.317592000938,1622.0
1789929174,50,,Aggregated,25.700000,0.000000,6,7,8,9,12,16,19,21,72,72,72,4689,0,5,17.2869525754234,2.8227190050529316,1580.317592000938,6792.757304329281
1789929175,50,GET,GET /api/v1/reservas,19.400000,0.000000,6,7,7,8,10,12,15,20,21,21,21,3496,0,6,6.4668025635694,3.7351310020312667,115.12566400051583,8965.0
1789929175,50,GET,GET /api/v1/reservas/{id},6.500000,0.000000,5,5,5,6,7,12,16,17,17,17,17,1162,0,4,4.694742801095373,2.8227190050529316,59.71967600635253,442.0
1789929175,50,POST,POST /api/v1/auth/login,0.000000,0.000000,0,0,0,0,0,0,0,0,0,0,0,50,0,1100.0,1061.7003626003861,675.3760170104215,1580.317592000938,1622.0
1789929175,50,,Aggregated,25.900000,0.000000,6,6,7,7,10,12,16,17,21,21,21,4708,0,5,17.23624703210084,2.8227190050529316,1580.317592000938,6783.420560747663
1789929176,50,GET,GET /api/v1/reservas,19.000000,0.000000,6,6,7,7,8,9,11,11,15,15,15,3515,0,6,6.459616979011626,3.7351310020312667,115.12566400051583,8965.0
1789929176,50,GET,GET /api/v1/reservas/{id},6.000000,0.000000,5,5,5,5,6,7,11,12,12,12,12,1171,0,4,4.6888808069140655,2.8227190050529316,59.71967600635253,442.0
1789929176,50,POST,POST /api/v1/auth/login,0.000000,0.000000,0,0,0,0,0,0,0,0,0,0,0,50,0,1100.0,1061.7003626003861,675.3760170104215,1580.317592000938,1622.0
1789929176,50,,Aggregated,25.000000,0.000000,5,6,6,7,8,9,11,11,15,15,15,4736,0,5,17.16242635898259,2.8227190050529316,1580.317592000938,6780.12183277027
1789929177,50,GET,GET /api/v1/reservas,19.000000,0.000000,6,6,7,7,8,9,11,12,13,13,13,3534,0,6,6.464321274543345,3.7351310020312667,115.12566400051583,8965.0
1789929177,50,GET,GET /api/v1/reservas/{id},6.200000,0.000000,5,5,5,5,6,8,11,12,12,12,12,1177,0,4,4.689865252248366,2.8227190050529316,59.71967600635253,442.0
1789929177,50,POST,POST /api/v1/auth/login,0.000000,0.000000,0,0,0,0,0,0,0,0,0,0,0,50,0,1100.0,1061.7003626003861,675.3760170104215,1580.317592000938,1622.0
1789929177,50,,Aggregated,25.200000,0.000000,5,6,6,7,8,9,11,12,13,13,13,4761,0,5,17.107729661027477,2.8227190050529316,1580.317592000938,6780.853602184415
1789929178,50,GET,GET /api/v1/reservas,18.700000,0.000000,6,6,7,7,8,10,11,12,13,13,13,3552,0,6,6.464131997806878,3.7351310020312667,115.12566400051583,8965.0
1789929178,50,GET,GET /api/v1/reservas/{id},6.700000,0.000000,5,5,5,5,6,10,11,12,12,12,12,1181,0,4,4.691205303049445,2.8227190050529316,59.71967600635253,442.0
1789929178,50,POST,POST /api/v1/auth/login,0.000000,0.000000,0,0,0,0,0,0,0,0,0,0,0,50,0,1100.0,1061.7003626003861,675.3760170104215,1580.317592000938,1622.0
1789929178,50,,Aggregated,25.400000,0.000000,5,6,6,7,8,10,11,12,13,13,13,4783,0,5,17.057480336427084,2.8227190050529316,1580.317592000938,6783.772109554673
1789929179,50,GET,GET /api/v1/reservas,17.900000,0.000000,6,6,6,7,8,10,11,12,13,13,13,3574,0,6,6.457108028600831,3.7351310020312667,115.12566400051583,8965.0
1789929179,50,GET,GET /api/v1/reservas/{id},6.700000,0.000000,5,5,5,5,6,10,11,12,12,12,12,1189,0,4,4.690061229522183,2.8227190050529316,59.71967600635253,442.0
1789929179,50,POST,POST /api/v1/auth/login,0.000000,0.000000,0,0,0,0,0,0,0,0,0,0,0,50,0,1100.0,1061.7003626003861,675.3760170104215,1580.317592000938,1622.0
1789929179,50,,Aggregated,24.600000,0.000000,5,6,6,7,8,10,11,12,13,13,13,4813,0,5,16.98300540746739,2.8227190050529316,1580.317592000938,6783.201329731976
1789929180,50,GET,GET /api/v1/reservas,18.100000,0.000000,5,6,6,6,8,9,11,12,13,13,13,3587,0,6,6.452893364706145,3.7351310020312667,115.12566400051583,8965.0
1789929180,50,GET,GET /api/v1/reservas/{id},6.800000,0.000000,4,5,5,5,6,8,9,10,10,10,10,1195,0,4,4.693721935482283,2.8227190050529316,59.71967600635253,442.0
1789929180,50,POST,POST /api/v1/auth/login,0.000000,0.000000,0,0,0,0,0,0,0,0,0,0,0,50,0,1100.0,1061.7003626003861,675.3760170104215,1580.317592000938,1622.0
1789929180,50,,Aggregated,24.900000,0.000000,5,6,6,6,7,9,10,12,13,13,13,4832,0,5,16.937198746299995,2.8227190050529316,1580.317592000938,6781.197226821192
1789929181,50,GET,GET /api/v1/reservas,19.100000,0.000000,6,6,7,7,8,10,13,16,31,31,31,3613,0,6,6.466690633053394,3.7351310020312667,115.12566400051583,8965.0
1789929181,50,GET,GET /api/v1/reservas/{id},6.100000,0.000000,4,5,5,5,6,8,9,10,10,10,10,1200,0,4,4.695639834935719,2.8227190050529316,59.71967600635253,442.0
1789929181,50,POST,POST /api/v1/auth/login,0.000000,0.000000,0,0,0,0,0,0,0,0,0,0,0,50,0,1100.0,1061.7003626003861,675.3760170104215,1580.317592000938,1622.0
1789929181,50,,Aggregated,25.200000,0.000000,5,6,6,7,8,10,12,13,31,31,31,4863,0,5,16.879280112927017,2.8227190050529316,1580.317592000938,6786.355130577833
1789929182,50,GET,GET /api/v1/reservas,18.400000,0.000000,6,6,6,7,8,10,13,16,31,31,31,3628,0,6,6.4633652988409,3.7351310020312667,115.12566400051583,8965.0
1789929182,50,GET,GET /api/v1/reservas/{id},6.000000,0.000000,4,5,5,5,6,8,9,10,10,10,10,1206,0,4,4.69632210772688,2.8227190050529316,59.71967600635253,442.0
1789929182,50,POST,POST /api/v1/auth/login,0.000000,0.000000,0,0,0,0,0,0,0,0,0,0,0,50,0,1100.0,1061.7003626003861,675.3760170104215,1580.317592000938,1622.0
1789929182,50,,Aggregated,24.400000,0.000000,5,6,6,6,8,9,12,13,31,31,31,4884,0,5,16.830031100764273,2.8227190050529316,1580.317592000938,6785.252252252252
1789929183,50,GET,GET /api/v1/reservas,18.600000,0.000000,6,6,6,7,8,10,13,16,31,31,31,3644,0,6,6.460143582122821,3.7351310020312667,115.12566400051583,8965.0
1789929183,50,GET,GET /api/v1/reservas/{id},6.200000,0.000000,4,5,5,5,6,8,8,9,9,9,9,1216,0,4,4.694778197302329,2.8227190050529316,59.71967600635253,442.0
1789929183,50,POST,POST /api/v1/auth/login,0.000000,0.000000,0,0,0,0,0,0,0,0,0,0,0,50,0,1100.0,1061.7003626003861,675.3760170104215,1580.317592000938,1622.0
1789929183,50,,Aggregated,24.800000,0.000000,5,6,6,6,8,8,12,13,31,31,31,4910,0,5,16.768764079673012,2.8227190050529316,1580.317592000938,6779.436252545825
1789929184,50,GET,GET /api/v1/reservas,17.900000,0.000000,6,6,6,7,8,10,13,16,31,31,31,3666,0,6,6.456289717479221,3.7351310020312667,115.12566400051583,8965.0
1789929184,50,GET,GET /api/v1/reservas/{id},6.300000,0.000000,5,5,5,5,6,8,8,9,9,9,9,1219,0,4,4.698413465068148,2.8227190050529316,59.71967600635253,442.0
1789929184,50,POST,POST /api/v1/auth/login,0.000000,0.000000,0,0,0,0,0,0,0,0,0,0,0,50,0,1100.0,1061.7003626003861,675.3760170104215,1580.317592000938,1622.0
1789929184,50,,Aggregated,24.200000,0.000000,5,6,6,7,8,8,12,13,31,31,31,4935,0,5,16.713504001664884,2.8227190050529316,1580.317592000938,6785.326849037488
1789929185,50,GET,GET /api/v1/reservas,17.300000,0.000000,6,6,6,7,8,10,13,16,31,31,31,3690,0,6,6.449131697104288,3.7351310020312667,115.12566400051583,8965.0
1789929185,50,GET,GET /api/v1/reservas/{id},6.600000,0.000000,5,5,5,6,6,8,8,9,9,9,9,1221,0,4,4.6992550490728755,2.8227190050529316,59.71967600635253,442.0
1789929185,50,POST,POST /api/v1/auth/login,0.000000,0.000000,0,0,0,0,0,0,0,0,0,0,0,50,0,1100.0,1061.7003626003861,675.3760170104215,1580.317592000938,1622.0
1789929185,50,,Aggregated,23.900000,0.000000,5,6,6,7,8,9,12,13,31,31,31,4961,0,5,16.65392148906513,2.8227190050529316,1580.317592000938,6793.31425115904
1789929186,50,GET,GET /api/v1/reservas,17.800000,0.000000,6,6,7,7,8,10,13,16,31,31,31,3704,0,6,6.444128894797416,3.7351310020312667,115.12566400051583,8965.0
1789929186,50,GET,GET /api/v1/reservas/{id},6.900000,0.000000,5,5,5,6,6,8,8,9,9,9,9,1233,0,4,4.692956021007238,2.8227190050529316,59.71967600635253,442.0
1789929186,50,POST,POST /api/v1/auth/login,0.000000,0.000000,0,0,0,0,0,0,0,0,0,0,0,50,0,1100.0,1061.7003626003861,675.3760170104215,1580.317592000938,1622.0
1789929186,50,,Aggregated,24.700000,0.000000,5,6,6,7,8,9,12,13,31,31,31,4987,0,5,16.591234475686957,2.8227190050529316,1580.317592000938,6784.127932624824
1789929187,50,GET,GET /api/v1/reservas,18.700000,0.000000,6,6,6,7,7,8,12,16,31,31,31,3725,0,6,6.4395552500222975,3.7351310020312667,115.12566400051583,8965.0
1789929187,50,GET,GET /api/v1/reservas/{id},6.200000,0.000000,4,5,5,5,6,8,8,9,9,9,9,1236,0,4,4.691855987785595,2.8227190050529316,59.71967600635253,442.0
1789929187,50,POST,POST /api/v1/auth/login,0.000000,0.000000,0,0,0,0,0,0,0,0,0,0,0,50,0,1100.0,1061.7003626003861,675.3760170104215,1580.317592000938,1622.0
1789929187,50,,Aggregated,24.900000,0.000000,5,6,6,6,7,8,10,13,31,31,31,5011,0,5,16.537915672970538,2.8227190050529316,1580.317592000938,6789.470564757534
1789929188,50,GET,GET /api/v1/reservas,18.900000,0.000000,6,6,7,7,8,8,12,16,31,31,31,3742,0,6,6.439546838679694,3.7351310020312667,115.12566400051583,8965.0
1789929188,50,GET,GET /api/v1/reservas/{id},5.700000,0.000000,5,5,5,5,7,8,8,9,9,9,9,1242,0,4,4.694432220504685,2.8227190050529316,59.71967600635253,442.0
1789929188,50,POST,POST /api/v1/auth/login,0.000000,0.000000,0,0,0,0,0,0,0,0,0,0,0,50,0,1100.0,1061.7003626003861,675.3760170104215,1580.317592000938,1622.0
1789929188,50,,Aggregated,24.600000,0.000000,5,6,6,7,8,8,10,13,31,31,31,5034,0,5,16.490323245575198,2.8227190050529316,1580.317592000938,6789.251887167263
1789929189,50,GET,GET /api/v1/reservas,19.100000,0.000000,6,6,7,7,8,8,12,16,31,31,31,3758,0,6,6.434494567410769,3.7351310020312667,115.12566400051583,8965.0
1789929189,50,GET,GET /api/v1/reservas/{id},6.100000,0.000000,5,5,5,5,6,7,8,9,9,9,9,1250,0,4,4.693409859098028,2.8227190050529316,59.71967600635253,442.0
1789929189,50,POST,POST /api/v1/auth/login,0.000000,0.000000,0,0,0,0,0,0,0,0,0,0,0,50,0,1100.0,1061.7003626003861,675.3760170104215,1580.317592000938,1622.0
1789929189,50,,Aggregated,25.200000,0.000000,5,6,6,7,7,8,10,13,31,31,31,5058,0,5,16.435866160186144,2.8227190050529316,1580.317592000938,6786.095294582839
1789929190,50,GET,GET /api/v1/reservas,18.800000,0.000000,6,6,6,7,7,8,9,12,13,13,13,3783,0,6,6.4296866149411755,3.7351310020312667,115.12566400051583,8965.0
1789929190,50,GET,GET /api/v1/reservas/{id},5.800000,0.000000,5,5,5,5,6,7,7,8,8,8,8,1254,0,4,4.6927571019625285,2.8227190050529316,59.71967600635253,442.0
1789929190,50,POST,POST /api/v1/auth/login,0.000000,0.000000,0,0,0,0,0,0,0,0,0,0,0,50,0,1100.0,1061.7003626003861,675.3760170104215,1580.317592000938,1622.0
1789929190,50,,Aggregated,24.600000,0.000000,5,6,6,6,7,8,9,10,13,13,13,5087,0,5,16.37374483982756,2.8227190050529316,1580.317592000938,6791.8150186750545
1789929191,50,GET,GET /api/v1/reservas,18.100000,0.000000,6,6,6,7,7,8,9,9,10,10,10,3806,0,6,6.430907548958921,3.7351310020312667,115.12566400051583,8965.0
1789929191,50,GET,GET /api/v1/reservas/{id},6.100000,0.000000,5,5,5,5,6,7,7,8,8,8,8,1257,0,4,4.6961114199447,2.8227190050529316,59.71967600635253,442.0
1789929191,50,POST,POST /api/v1/auth/login,0.000000,0.000000,0,0,0,0,0,0,0,0,0,0,0,50,0,1100.0,1061.7003626003861,675.3760170104215,1580.317592000938,1622.0
1789929191,50,,Aggregated,24.200000,0.000000,5,6,6,7,7,8,9,9,10,10,10,5113,0,5,16.323892884065607,2.8227190050529316,1580.317592000938,6797.865049872873
1789929192,50,GET,GET /api/v1/reservas,18.400000,0.000000,6,6,6,7,7,8,9,9,10,10,10,3829,0,6,6.425157082610818,3.7351310020312667,115.12566400051583,8965.0
1789929192,50,GET,GET /api/v1/reservas/{id},6.200000,0.000000,4,5,5,5,6,7,7,8,8,8,8,1263,0,4,4.694539194662818,2.8227190050529316,59.71967600635253,442.0
1789929192,50,POST,POST /api/v1/auth/login,0.000000,0.000000,0,0,0,0,0,0,0,0,0,0,0,50,0,1100.0,1061.7003626003861,675.3760170104215,1580.317592000938,1622.0
1789929192,50,,Aggregated,24.600000,0.000000,5,6,6,7,7,8,9,9,10,10,10,5142,0,5,16.26140560136042,2.8227190050529316,1580.317592000938,6800.142162582652
1789929193,50,GET,GET /api/v1/reservas,19.100000,0.000000,6,6,6,7,7,8,9,9,10,10,10,3844,0,6,6.421993793259925,3.7351310020312667,115.12566400051583,8965.0
1789929193,50,GET,GET /api/v1/reservas/{id},5.800000,0.000000,4,5,5,5,5,7,7,8,8,8,8,1271,0,4,4.690687676508732,2.8227190050529316,59.71967600635253,442.0
1789929193,50,POST,POST /api/v1/auth/login,0.000000,0.000000,0,0,0,0,0,0,0,0,0,0,0,50,0,1100.0,1061.7003626003861,675.3760170104215,1580.317592000938,1622.0
1789929193,50,,Aggregated,24.900000,0.000000,5,6,6,6,7,8,9,9,10,10,10,5165,0,5,16.2116217440761,2.8227190050529316,1580.317592000938,6796.581219748306
1789929194,50,GET,GET /api/v1/reservas,19.700000,0.000000,6,6,6,7,7,8,9,9,11,11,11,3859,0,6,6.42132932969828,3.7351310020312667,115.12566400051583,8965.0
1789929194,50,GET,GET /api/v1/reservas/{id},5.800000,0.000000,4,5,5,5,6,7,8,9,9,9,9,1279,0,4,4.6933090663310235,2.8227190050529316,59.71967600635253,442.0
1789929194,50,POST,POST /api/v1/auth/login,0.000000,0.000000,0,0,0,0,0,0,0,0,0,0,0,50,0,1100.0,1061.7003626003861,675.3760170104215,1580.317592000938,1622.0
1789929194,50,,Aggregated,25.500000,0.000000,5,6,6,6,7,8,9,9,11,11,11,5188,0,5,16.165703606237923,2.8227190050529316,1580.317592000938,6793.051850424055
1789929195,50,GET,GET /api/v1/reservas,20.200000,0.000000,6,6,6,7,7,8,9,9,11,11,11,3878,0,6,6.416166131329885,3.7351310020312667,115.12566400051583,8965.0
1789929195,50,GET,GET /api/v1/reservas/{id},5.800000,0.000000,4,5,5,5,6,7,8,9,9,9,9,1285,0,4,4.68920762478537,2.8227190050529316,59.71967600635253,442.0
1789929195,50,POST,POST /api/v1/auth/login,0.000000,0.000000,0,0,0,0,0,0,0,0,0,0,0,50,0,1100.0,1061.7003626003861,675.3760170104215,1580.317592000938,1622.0
1789929195,50,,Aggregated,26.000000,0.000000,5,6,6,6,7,8,9,9,11,11,11,5213,0,5,16.112131629611703,2.8227190050529316,1580.317592000938,6793.6581622865915
1789929196,50,GET,GET /api/v1/reservas,19.500000,0.000000,6,6,6,7,7,8,9,9,11,11,11,3895,0,6,6.411411419586459,3.7351310020312667,115.12566400051583,8965.0
1789929196,50,GET,GET /api/v1/reservas/{id},5.900000,0.000000,4,5,5,5,6,8,8,9,9,9,9,1291,0,4,4.69241158858751,2.8227190050529316,59.71967600635253,442.0
1789929196,50,POST,POST /api/v1/auth/login,0.000000,0.000000,0,0,0,0,0,0,0,0,0,0,0,50,0,1100.0,1061.7003626003861,675.3760170104215,1580.317592000938,1622.0
1789929196,50,,Aggregated,25.400000,0.000000,5,6,6,7,7,8,9,9,11,11,11,5236,0,5,16.06481454739783,2.8227190050529316,1580.317592000938,6793.429526355997
1789929197,50,GET,GET /api/v1/reservas,19.000000,0.000000,6,6,6,7,8,8,10,11,13,13,13,3921,0,6,6.41104012505625,3.7351310020312667,115.12566400051583,8965.0
1789929197,50,GET,GET /api/v1/reservas/{id},6.400000,0.000000,4,5,5,5,6,8,8,9,9,9,9,1296,0,4,4.68901444974894,2.8227190050529316,59.71967600635253,442.0
1789929197,50,POST,POST /api/v1/auth/login,0.000000,0.000000,0,0,0,0,0,0,0,0,0,0,0,50,0,1100.0,1061.7003626003861,675.3760170104215,1580.317592000938,1622.0
1789929197,50,,Aggregated,25.400000,0.000000,5,6,6,7,7,8,9,11,13,13,13,5267,0,5,16.005253310658723,2.8227190050529316,1580.317592000938,6798.119802544143
1789929198,50,GET,GET /api/v1/reservas,19.500000,0.000000,6,6,7,7,8,8,10,11,13,13,13,3939,0,6,6.411074984599225,3.7351310020312667,115.12566400051583,8965.0
1789929198,50,GET,GET /api/v1/reservas/{id},6.200000,0.000000,4,5,5,5,6,8,8,9,9,9,9,1300,0,4,4.68980685835749,2.8227190050529316,59.71967600635253,442.0
1789929198,50,POST,POST /api/v1/auth/login,0.000000,0.000000,0,0,0,0,0,0,0,0,0,0,0,50,0,1100.0,1061.7003626003861,675.3760170104215,1580.317592000938,1622.0
1789929198,50,,Aggregated,25.700000,0.000000,5,6,6,7,7,8,10,11,13,13,13,5289,0,5,15.96426383252418,2.8227190050529316,1580.317592000938,6800.687275477406
1789929199,50,GET,GET /api/v1/reservas,19.600000,0.000000,6,6,7,7,8,9,11,12,13,13,13,3955,0,6,6.410698643059166,3.7351310020312667,115.12566400051583,8965.0
1789929199,50,GET,GET /api/v1/reservas/{id},5.900000,0.000000,4,5,5,5,6,8,8,9,9,9,9,1308,0,4,4.691946609238101,2.8227190050529316,59.71967600635253,442.0
1789929199,50,POST,POST /api/v1/auth/login,0.000000,0.000000,0,0,0,0,0,0,0,0,0,0,0,50,0,1100.0,1061.7003626003861,675.3760170104215,1580.317592000938,1622.0
1789929199,50,,Aggregated,25.500000,0.000000,5,6,6,7,8,9,10,11,13,13,13,5313,0,5,15.918764808620693,2.8227190050529316,1580.317592000938,6797.630528891398
1789929200,50,GET,GET /api/v1/reservas,20.000000,0.000000,6,6,6,7,8,8,11,12,13,13,13,3977,0,6,6.406863507232365,3.7351310020312667,115.12566400051583,8965.0
1789929200,50,GET,GET /api/v1/reservas/{id},5.900000,0.000000,4,5,5,5,6,8,9,12,12,12,12,1317,0,4,4.6950176985005,2.8227190050529316,59.71967600635253,442.0
1789929200,50,POST,POST /api/v1/auth/login,0.000000,0.000000,0,0,0,0,0,0,0,0,0,0,0,50,0,1100.0,1061.7003626003861,675.3760170104215,1580.317592000938,1622.0
1789929200,50,,Aggregated,25.900000,0.000000,5,6,6,7,7,8,11,12,13,13,13,5344,0,5,15.858617628594233,2.8227190050529316,1580.317592000938,6795.849363772455
1789929201,50,GET,GET /api/v1/reservas,19.600000,0.000000,6,6,7,7,8,9,11,12,13,13,13,3992,0,6,6.408326195962294,3.7351310020312667,115.12566400051583,8965.0
1789929201,50,GET,GET /api/v1/reservas/{id},5.700000,0.000000,4,5,5,5,7,8,9,12,12,12,12,1325,0,4,4.699606076179442,2.8227190050529316,59.71967600635253,442.0
1789929201,50,POST,POST /api/v1/auth/login,0.000000,0.000000,0,0,0,0,0,0,0,0,0,0,0,50,0,1100.0,1061.7003626003861,675.3760170104215,1580.317592000938,1622.0
1789929201,50,,Aggregated,25.300000,0.000000,5,6,6,7,8,8,11,12,13,13,13,5367,0,5,15.817781694659688,2.8227190050529316,1580.317592000938,6792.440842183715
1789929202,50,GET,GET /api/v1/reservas,20.100000,0.000000,6,6,7,7,8,10,11,12,13,13,13,4012,0,6,6.406168777737681,3.7351310020312667,115.12566400051583,8965.0
1789929202,50,GET,GET /api/v1/reservas/{id},6.000000,0.000000,5,5,5,6,7,8,9,12,12,12,12,1329,0,4,4.698768906667846,2.8227190050529316,59.71967600635253,442.0
1789929202,50,POST,POST /api/v1/auth/login,0.000000,0.000000,0,0,0,0,0,0,0,0,0,0,0,50,0,1100.0,1061.7003626003861,675.3760170104215,1580.317592000938,1622.0
1789929202,50,,Aggregated,26.100000,0.000000,5,6,6,7,8,9,11,12,13,13,13,5391,0,5,15.772812306300214,2.8227190050529316,1580.317592000938,6795.788907438323
1789929203,50,GET,GET /api/v1/reservas,18.800000,0.000000,5,6,6,7,8,9,11,12,13,13,13,4033,0,6,6.398627208351682,3.7351310020312667,115.12566400051583,8965.0
1789929203,50,GET,GET /api/v1/reservas/{id},6.600000,0.000000,4,5,5,5,7,8,8,12,12,12,12,1333,0,4,4.696250672899124,2.8227190050529316,59.71967600635253,442.0
1789929203,50,POST,POST /api/v1/auth/login,0.000000,0.000000,0,0,0,0,0,0,0,0,0,0,0,50,0,1100.0,1061.7003626003861,675.3760170104215,1580.317592000938,1622.0
1789929203,50,,Aggregated,25.400000,0.000000,5,6,6,7,8,9,11,12,13,13,13,5416,0,5,15.722079728263695,2.8227190050529316,1580.317592000938,6799.507200886263
1789929204,50,GET,GET /api/v1/reservas,18.600000,0.000000,6,6,7,7,8,10,11,12,13,13,13,4057,0,6,6.397476358467485,3.7351310020312667,115.12566400051583,8965.0
1789929204,50,GET,GET /api/v1/reservas/{id},6.500000,0.000000,5,5,6,6,7,12,17,22,22,22,22,1340,0,4,4.7187286671385715,2.8227190050529316,59.71967600635253,442.0
1789929204,50,POST,POST /api/v1/auth/login,0.000000,0.000000,0,0,0,0,0,0,0,0,0,0,0,50,0,1100.0,1061.7003626003861,675.3760170104215,1580.317592000938,1622.0
1789929204,50,,Aggregated,25.100000,0.000000,5,6,6,7,8,10,12,13,22,22,22,5447,0,5,15.671502869522229,2.8227190050529316,1580.317592000938,6800.878465210208
1789929205,50,GET,GET /api/v1/reservas,19.100000,0.000000,6,6,7,7,8,10,11,12,13,13,13,4074,0,6,6.3931452693436475,3.7351310020312667,115.12566400051583,8965.0
1789929205,50,GET,GET /api/v1/reservas/{id},6.200000,0.000000,5,5,6,6,7,12,17,22,22,22,22,1341,0,4,4.718621668882344,2.8227190050529316,59.71967600635253,442.0
1789929205,50,POST,POST /api/v1/auth/login,0.000000,0.000000,0,0,0,0,0,0,0,0,0,0,0,50,0,1100.0,1061.7003626003861,675.3760170104215,1580.317592000938,1622.0
1789929205,50,,Aggregated,25.300000,0.000000,5,6,6,7,8,10,12,13,22,22,22,5465,0,5,15.637394989075306,2.8227190050529316,1580.317592000938,6806.446843549863
1789929206,50,GET,GET /api/v1/reservas,19.700000,0.000000,6,6,7,7,8,10,12,12,13,13,13,4094,0,6,6.3912306412516235,3.7351310020312667,115.12566400051583,8965.0
1789929206,50,GET,GET /api/v1/reservas/{id},5.800000,0.000000,5,5,6,6,7,12,17,22,22,22,22,1350,0,4,4.718662663718634,2.8227190050529316,59.71967600635253,442.0
1789929206,50,POST,POST /api/v1/auth/login,0.000000,0.000000,0,0,0,0,0,0,0,0,0,0,0,50,0,1100.0,1061.7003626003861,675.3760170104215,1580.317592000938,1622.0
1789929206,50,,Aggregated,25.500000,0.000000,5,6,7,7,8,10,12,13,22,22,22,5494,0,5,15.584439565220897,2.8227190050529316,1580.317592000938,6803.87877684747
1789929207,50,GET,GET /api/v1/reservas,19.700000,0.000000,6,6,7,7,8,9,11,12,12,12,12,4115,0,6,6.390414233119306,3.7351310020312667,115.12566400051583,8965.0
1789929207,50,GET,GET /api/v1/reservas/{id},5.700000,0.000000,5,5,6,6,7,12,17,22,22,22,22,1355,0,4,4.71985024578115,2.8227190050529316,59.71967600635253,442.0
1789929207,50,POST,POST /api/v1/auth/login,0.000000,0.000000,0,0,0,0,0,0,0,0,0,0,0,50,0,1100.0,1061.7003626003861,675.3760170104215,1580.317592000938,1622.0
1789929207,50,,Aggregated,25.400000,0.000000,5,6,6,7,8,9,12,12,22,22,22,5520,0,5,15.539306119988897,2.8227190050529316,1580.317592000938,6806.337862318841
1789929208,50,GET,GET /api/v1/reservas,19.400000,0.000000,6,6,7,7,8,9,11,12,12,12,12,4137,0,6,6.390652790017309,3.7351310020312667,115.12566400051583,8965.0
1789929208,50,GET,GET /api/v1/reservas/{id},5.700000,0.000000,5,5,6,6,7,12,17,22,22,22,22,1360,0,4,4.722407061062233,2.8227190050529316,59.71967600635253,442.0
1789929208,50,POST,POST /api/v1/auth/login,0.000000,0.000000,0,0,0,0,0,0,0,0,0,0,0,50,0,1100.0,1061.7003626003861,675.3760170104215,1580.317592000938,1622.0
1789929208,50,,Aggregated,25.100000,0.000000,5,6,7,7,8,9,12,12,22,22,22,5547,0,5,15.494072890817657,2.8227190050529316,1580.317592000938,6809.162610420047
1789929209,50,GET,GET /api/v1/reservas,19.700000,0.000000,6,6,7,7,8,9,11,12,12,12,12,4159,0,6,6.389034967132792,3.7351310020312667,115.12566400051583,8965.0
1789929209,50,GET,GET /api/v1/reservas/{id},5.900000,0.000000,5,5,6,6,7,12,22,22,22,22,22,1363,0,4,4.72022615775976,2.8227190050529316,59.71967600635253,442.0
1789929209,50,POST,POST /api/v1/auth/login,0.000000,0.000000,0,0,0,0,0,0,0,0,0,0,0,50,0,1100.0,1061.7003626003861,675.3760170104215,1580.317592000938,1622.0
1789929209,50,,Aggregated,25.600000,0.000000,5,6,7,7,8,10,12,12,22,22,22,5572,0,5,15.45058916212332,2.8227190050529316,1580.317592000938,6814.246410624552
1789929210,50,GET,GET /api/v1/reservas,19.600000,0.000000,6,6,7,7,8,9,11,12,12,12,12,4173,0,6,6.386866012784596,3.7351310020312667,115.12566400051583,8965.0
1789929210,50,GET,GET /api/v1/reservas/{id},6.000000,0.000000,5,5,6,6,7,8,22,22,22,22,22,1369,0,4,4.717617674967631,2.8227190050529316,59.71967600635253,442.0
1789929210,50,POST,POST /api/v1/auth/login,0.000000,0.000000,0,0,0,0,0,0,0,0,0,0,0,50,0,1100.0,1061.7003626003861,675.3760170104215,1580.317592000938,1622.0
1789929210,50,,Aggregated,25.600000,0.000000,5,6,7,7,8,9,11,12,22,22,22,5592,0,5,15.414132438912752,2.8227190050529316,1580.317592000938,6812.793812589413
1789929211,50,GET,GET /api/v1/reservas,20.200000,0.000000,6,6,7,7,8,9,11,12,12,12,12,4195,0,6,6.385708448228163,3.7351310020312667,115.12566400051583,8965.0
1789929211,50,GET,GET /api/v1/reservas/{id},5.800000,0.000000,4,5,5,6,6,7,22,22,22,22,22,1376,0,4,4.712499670076372,2.8227190050529316,59.71967600635253,442.0
1789929211,50,POST,POST /api/v1/auth/login,0.000000,0.000000,0,0,0,0,0,0,0,0,0,0,0,50,0,1100.0,1061.7003626003861,675.3760170104215,1580.317592000938,1622.0
1789929211,50,,Aggregated,26.000000,0.000000,5,6,6,7,8,9,11,12,22,22,22,5621,0,5,15.363363212304135,2.8227190050529316,1580.317592000938,6813.2835794342645
1789929212,50,GET,GET /api/v1/reservas,19.800000,0.000000,6,7,7,7,9,10,12,12,15,15,15,4211,0,6,6.39398514207751,3.7351310020312667,115.12566400051583,8965.0
1789929212,50,GET,GET /api/v1/reservas/{id},5.600000,0.000000,5,5,6,6,6,7,22,22,22,22,22,1381,0,4,4.715881412045472,2.8227190050529316,59.71967600635253,442.0
1789929212,50,POST,POST /api/v1/auth/login,0.000000,0.000000,0,0,0,0,0,0,0,0,0,0,0,50,0,1100.0,1061.7003626003861,675.3760170104215,1580.317592000938,1622.0
1789929212,50,,Aggregated,25.400000,0.000000,6,6,7,7,8,10,12,15,22,22,22,5642,0,5,15.335470009454538,2.8227190050529316,1580.317592000938,6813.73927685218
1789929213,50,GET,GET /api/v1/reservas,20.300000,0.000000,6,6,7,7,8,10,12,12,15,15,15,4235,0,6,6.3915984543833995,3.7351310020312667,115.12566400051583,8965.0
1789929213,50,GET,GET /api/v1/reservas/{id},5.400000,0.000000,5,5,6,6,6,6,7,7,7,7,7,1386,0,4,4.71438771359393,2.8227190050529316,59.71967600635253,442.0
1789929213,50,POST,POST /api/v1/auth/login,0.000000,0.000000,0,0,0,0,0,0,0,0,0,0,0,50,0,1100.0,1061.7003626003861,675.3760170104215,1580.317592000938,1622.0
1789929213,50,,Aggregated,25.700000,0.000000,6,6,7,7,8,10,11,12,15,15,15,5671,0,5,15.286118666086086,2.8227190050529316,1580.317592000938,6817.225709751367
1789929214,50,GET,GET /api/v1/reservas,20.500000,0.000000,6,7,7,7,8,10,12,12,15,15,15,4258,0,6,6.390620398381857,3.7351310020312667,115.12566400051583,8965.0
1789929214,50,GET,GET /api/v1/reservas/{id},5.300000,0.000000,4,5,5,6,6,6,7,7,7,7,7,1390,0,4,4.711754530240705,2.8227190050529316,59.71967600635253,442.0
1789929214,50,POST,POST /api/v1/auth/login,0.000000,0.000000,0,0,0,0,0,0,0,0,0,0,0,50,0,1100.0,1061.7003626003861,675.3760170104215,1580.317592000938,1622.0
1789929214,50,,Aggregated,25.800000,0.000000,6,6,7,7,8,10,11,12,15,15,15,5698,0,5,15.241421302801655,2.8227190050529316,1580.317592000938,6821.4197964197965
1789929215,50,GET,GET /api/v1/reservas,19.800000,0.000000,6,6,7,7,8,10,11,12,15,15,15,4277,0,6,6.3852867978275345,3.7351310020312667,115.12566400051583,8965.0
1789929215,50,GET,GET /api/v1/reservas/{id},5.300000,0.000000,4,5,5,6,6,6,7,7,7,7,7,1392,0,4,4.7117833994565155,2.8227190050529316,59.71967600635253,442.0
1789929215,50,POST,POST /api/v1/auth/login,0.000000,0.000000,0,0,0,0,0,0,0,0,0,0,0,50,0,1100.0,1061.7003626003861,675.3760170104215,1580.317592000938,1622.0
1789929215,50,,Aggregated,25.100000,0.000000,6,6,7,7,8,9,11,12,15,15,15,5719,0,5,15.204352554007894,2.8227190050529316,1580.317592000938,6826.31036894562
1789929216,50,GET,GET /api/v1/reservas,19.700000,0.000000,6,6,7,7,8,10,11,12,15,15,15,4295,0,6,6.38146702474882,3.7351310020312667,115.12566400051583,8965.0
1789929216,50,GET,GET /api/v1/reservas/{id},5.200000,0.000000,4,5,5,5,6,6,7,7,7,7,7,1398,0,4,4.710627391311348,2.8227190050529316,59.71967600635253,442.0
1789929216,50,POST,POST /api/v1/auth/login,0.000000,0.000000,0,0,0,0,0,0,0,0,0,0,0,50,0,1100.0,1061.7003626003861,675.3760170104215,1580.317592000938,1622.0
1789929216,50,,Aggregated,24.900000,0.000000,6,6,7,7,8,9,11,12,15,15,15,5743,0,5,15.162611195258359,2.8227190050529316,1580.317592000938,6826.343548667944
1789929217,50,GET,GET /api/v1/reservas,19.900000,0.000000,6,6,7,7,8,10,11,12,15,15,15,4314,0,6,6.376142101594422,3.7351310020312667,115.12566400051583,8965.0
1789929217,50,GET,GET /api/v1/reservas/{id},5.000000,0.000000,4,5,5,5,6,6,7,7,7,7,7,1407,0,4,4.709955788942371,2.8227190050529316,59.71967600635253,442.0
1789929217,50,POST,POST /api/v1/auth/login,0.000000,0.000000,0,0,0,0,0,0,0,0,0,0,0,50,0,1100.0,1061.7003626003861,675.3760170104215,1580.317592000938,1622.0
1789929217,50,,Aggregated,24.900000,0.000000,5,6,6,7,8,9,11,12,15,15,15,5771,0,5,15.11325644625534,2.8227190050529316,1580.317592000938,6823.428175359556
1789929218,50,GET,GET /api/v1/reservas,20.400000,0.000000,6,6,7,7,8,9,11,12,15,15,15,4326,0,6,6.374270129277085,3.7351310020312667,115.12566400051583,8965.0
1789929218,50,GET,GET /api/v1/reservas/{id},5.100000,0.000000,4,5,5,5,6,7,7,7,7,7,7,1416,0,4,4.711096038159143,2.8227190050529316,59.71967600635253,442.0
1789929218,50,POST,POST /api/v1/auth/login,0.000000,0.000000,0,0,0,0,0,0,0,0,0,0,0,50,0,1100.0,1061.7003626003861,675.3760170104215,1580.317592000938,1622.0
1789929218,50,,Aggregated,25.500000,0.000000,5,6,6,7,7,8,11,12,15,15,15,5792,0,5,15.077869941178404,2.8227190050529316,1580.317592000938,6817.949240331492
1789929219,50,GET,GET /api/v1/reservas,20.000000,0.000000,6,6,7,7,8,10,15,45,69,69,69,4349,0,6,6.39895140289434,3.7351310020312667,115.12566400051583,8965.0
1789929219,50,GET,GET /api/v1/reservas/{id},4.900000,0.000000,5,5,5,5,6,7,67,67,67,67,67,1419,0,4,4.755211623711331,2.8227190050529316,66.76200000219978,442.0
1789929219,50,POST,POST /api/v1/auth/login,0.000000,0.000000,0,0,0,0,0,0,0,0,0,0,0,50,0,1100.0,1061.7003626003861,675.3760170104215,1580.317592000938,1622.0
1789929219,50,,Aggregated,24.900000,0.000000,6,6,6,7,8,9,15,45,69,69,69,5818,0,5,15.067326069998826,2.8227190050529316,1580.317592000938,6823.149364042626
1789929220,50,GET,GET /api/v1/reservas,19.600000,0.000000,6,6,7,7,8,10,15,45,69,69,69,4365,0,6,6.39743698813674,3.7351310020312667,115.12566400051583,8965.0
1789929220,50,GET,GET /api/v1/reservas/{id},5.300000,0.000000,5,5,5,6,6,7,67,67,67,67,67,1421,0,4,4.754540226636484,2.8227190050529316,66.76200000219978,442.0
1789929220,50,POST,POST /api/v1/auth/login,0.000000,0.000000,0,0,0,0,0,0,0,0,0,0,0,50,0,1100.0,1061.7003626003861,675.3760170104215,1580.317592000938,1622.0
1789929220,50,,Aggregated,24.900000,0.000000,6,6,6,7,8,9,15,45,69,69,69,5836,0,5,15.038730679452815,2.8227190050529316,1580.317592000938,6826.834647018506
1789929221,50,GET,GET /api/v1/reservas,19.100000,0.000000,6,6,6,6,7,8,10,45,69,69,69,4389,0,6,6.390773211033717,3.7351310020312667,115.12566400051583,8965.0
1789929221,50,GET,GET /api/v1/reservas/{id},5.600000,0.000000,4,5,5,5,6,7,67,67,67,67,67,1430,0,4,4.749704818233157,2.8227190050529316,66.76200000219978,442.0
1789929221,50,POST,POST /api/v1/auth/login,0.000000,0.000000,0,0,0,0,0,0,0,0,0,0,0,50,0,1100.0,1061.7003626003861,675.3760170104215,1580.317592000938,1622.0
1789929221,50,,Aggregated,24.700000,0.000000,5,6,6,6,7,7,10,45,69,69,69,5869,0,5,14.981461857781515,2.8227190050529316,1580.317592000938,6825.7871869142955
1789929222,50,GET,GET /api/v1/reservas,18.800000,0.000000,6,6,6,6,7,9,13,45,69,69,69,4403,0,6,6.394506674808795,3.7351310020312667,115.12566400051583,8965.0
1789929222,50,GET,GET /api/v1/reservas/{id},5.200000,0.000000,5,5,5,5,7,7,67,67,67,67,67,1433,0,4,4.751861430620105,2.8227190050529316,66.76200000219978,442.0
1789929222,50,POST,POST /api/v1/auth/login,0.000000,0.000000,0,0,0,0,0,0,0,0,0,0,0,50,0,1100.0,1061.7003626003861,675.3760170104215,1580.317592000938,1622.0
1789929222,50,,Aggregated,24.000000,0.000000,5,6,6,6,7,8,13,45,69,69,69,5886,0,5,14.9591315748014,2.8227190050529316,1580.317592000938,6827.62164458036
1789929223,50,GET,GET /api/v1/reservas,19.100000,0.000000,5,6,6,6,7,8,13,45,69,69,69,4430,0,6,6.386558275871372,3.7351310020312667,115.12566400051583,8965.0
1789929223,50,GET,GET /api/v1/reservas/{id},5.300000,0.000000,4,5,5,5,6,7,7,67,67,67,67,1442,0,4,4.7448975541639395,2.8227190050529316,66.76200000219978,442.0
1789929223,50,POST,POST /api/v1/auth/login,0.000000,0.000000,0,0,0,0,0,0,0,0,0,0,0,50,0,1100.0,1061.7003626003861,675.3760170104215,1580.317592000938,1622.0
1789929223,50,,Aggregated,24.400000,0.000000,5,6,6,6,7,8,13,45,69,69,69,5922,0,5,14.896929004598764,2.8227190050529316,1580.317592000938,6827.661938534279
1789929224,50,GET,GET /api/v1/reservas,18.900000,0.000000,5,6,6,6,7,8,13,45,69,69,69,4443,0,6,6.38366560480836,3.7351310020312667,115.12566400051583,8965.0
1789929224,50,GET,GET /api/v1/reservas/{id},5.300000,0.000000,4,5,5,5,7,7,7,67,67,67,67,1449,0,4,4.744566757148556,2.8227190050529316,66.76200000219978,442.0
1789929224,50,POST,POST /api/v1/auth/login,0.000000,0.000000,0,0,0,0,0,0,0,0,0,0,0,50,0,1100.0,1061.7003626003861,675.3760170104215,1580.317592000938,1622.0
1789929224,50,,Aggregated,24.200000,0.000000,5,6,6,6,7,8,13,45,69,69,69,5942,0,5,14.864106638049666,2.8227190050529316,1580.317592000938,6824.815382026254
1789929225,50,GET,GET /api/v1/reservas,18.800000,0.000000,5,6,6,6,7,9,13,45,69,69,69,4458,0,6,6.382031848169035,3.7351310020312667,115.12566400051583,8965.0
1789929225,50,GET,GET /api/v1/reservas/{id},5.400000,0.000000,4,5,5,5,7,7,7,67,67,67,67,1455,0,4,4.7424678021343425,2.8227190050529316,66.76200000219978,442.0
1789929225,50,POST,POST /api/v1/auth/login,0.000000,0.000000,0,0,0,0,0,0,0,0,0,0,0,50,0,1100.0,1061.7003626003861,675.3760170104215,1580.317592000938,1622.0
1789929225,50,,Aggregated,24.200000,0.000000,5,6,6,6,7,8,13,45,69,69,69,5963,0,5,14.83085808506831,2.8227190050529316,1580.317592000938,6823.77662250545
1789929226,50,GET,GET /api/v1/reservas,18.900000,0.000000,5,6,6,6,7,9,13,45,69,69,69,4478,0,6,6.378734374746601,3.7351310020312667,115.12566400051583,8965.0
1789929226,50,GET,GET /api/v1/reservas/{id},5.600000,0.000000,4,5,5,5,7,7,7,67,67,67,67,1461,0,4,4.741407064409432,2.8227190050529316,66.76200000219978,442.0
1789929226,50,POST,POST /api/v1/auth/login,0.000000,0.000000,0,0,0,0,0,0,0,0,0,0,0,50,0,1100.0,1061.7003626003861,675.3760170104215,1580.317592000938,1622.0
1789929226,50,,Aggregated,24.500000,0.000000,5,6,6,6,7,8,13,45,69,69,69,5989,0,5,14.789812386247581,2.8227190050529316,1580.317592000938,6824.533645015862
1789929227,50,GET,GET /api/v1/reservas,18.500000,0.000000,6,6,6,6,7,9,13,45,69,69,69,4498,0,6,6.3756157888201574,3.7351310020312667,115.12566400051583,8965.0
1789929227,50,GET,GET /api/v1/reservas/{id},5.800000,0.000000,4,5,5,5,6,7,7,67,67,67,67,1467,0,4,4.738921390667582,2.8227190050529316,66.76200000219978,442.0
1789929227,50,POST,POST /api/v1/auth/login,0.000000,0.000000,0,0,0,0,0,0,0,0,0,0,0,50,0,1100.0,1061.7003626003861,675.3760170104215,1580.317592000938,1622.0
1789929227,50,,Aggregated,24.300000,0.000000,5,6,6,6,7,8,13,45,69,69,69,6015,0,5,14.748883728718491,2.8227190050529316,1580.317592000938,6825.284123025769
1789929228,50,GET,GET /api/v1/reservas,18.000000,0.000000,5,6,6,6,7,9,13,45,69,69,69,4517,0,6,6.372488031450095,3.7351310020312667,115.12566400051583,8965.0
1789929228,50,GET,GET /api/v1/reservas/{id},6.500000,0.000000,4,4,5,5,5,7,7,67,67,67,67,1469,0,4,4.73834160252771,2.8227190050529316,66.76200000219978,442.0
1789929228,50,POST,POST /api/v1/auth/login,0.000000,0.000000,0,0,0,0,0,0,0,0,0,0,0,50,0,1100.0,1061.7003626003861,675.3760170104215,1580.317592000938,1622.0
1789929228,50,,Aggregated,24.500000,0.000000,5,6,6,6,7,8,13,45,69,69,69,6036,0,5,14.716728028858945,2.8227190050529316,1580.317592000938,6829.904406891981
1789929229,50,GET,GET /api/v1/reservas,17.800000,0.000000,5,6,6,7,7,9,12,13,13,13,13,4540,0,6,6.376868711035988,3.7351310020312667,115.12566400051583,8965.0
1789929229,50,GET,GET /api/v1/reservas/{id},6.200000,0.000000,4,4,5,5,5,7,7,7,7,7,7,1476,0,4,4.738200184366846,2.8227190050529316,66.76200000219978,442.0
1789929229,50,POST,POST /api/v1/auth/login,0.000000,0.000000,0,0,0,0,0,0,0,0,0,0,0,50,0,1100.0,1061.7003626003861,675.3760170104215,1580.317592000938,1622.0
1789929229,50,,Aggregated,24.000000,0.000000,5,6,6,6,7,9,10,12,13,13,13,6066,0,5,14.676819246661417,2.8227190050529316,1580.317592000938,6830.628420705572
1789929230,50,GET,GET /api/v1/reservas,18.400000,0.000000,5,6,6,7,8,9,12,13,13,13,13,4557,0,6,6.373236684244445,3.7351310020312667,115.12566400051583,8965.0
1789929230,50,GET,GET /api/v1/reservas/{id},5.700000,0.000000,4,5,5,5,5,7,7,12,12,12,12,1484,0,4,4.741533323537607,2.8227190050529316,66.76200000219978,442.0
1789929230,50,POST,POST /api/v1/auth/login,0.000000,0.000000,0,0,0,0,0,0,0,0,0,0,0,50,0,1100.0,1061.7003626003861,675.3760170104215,1580.317592000938,1622.0
1789929230,50,,Aggregated,24.100000,0.000000,5,6,6,6,7,9,12,12,13,13,13,6091,0,5,14.638695313126096,2.8227190050529316,1580.317592000938,6828.194549335085
1789929231,50,GET,GET /api/v1/reservas,19.300000,0.000000,5,6,6,7,7,9,12,13,13,13,13,4569,0,6,6.370855630571891,3.7351310020312667,115.12566400051583,8965.0
1789929231,50,GET,GET /api/v1/reservas/{id},5.700000,0.000000,4,5,5,5,6,7,7,12,12,12,12,1490,0,4,4.742068954442249,2.8227190050529316,66.76200000219978,442.0
1789929231,50,POST,POST /api/v1/auth/login,0.000000,0.000000,0,0,0,0,0,0,0,0,0,0,0,50,0,1100.0,1061.7003626003861,675.3760170104215,1580.317592000938,1622.0
1789929231,50,,Aggregated,25.000000,0.000000,5,6,6,6,7,9,12,12,13,13,13,6109,0,5,14.611088598497501,2.8227190050529316,1580.317592000938,6826.119659518743
1789929232,50,GET,GET /api/v1/reservas,19.100000,0.000000,6,6,6,7,8,8,10,12,13,13,13,4597,0,6,6.369360085074315,3.7351310020312667,115.12566400051583,8965.0
1789929232,50,GET,GET /api/v1/reservas/{id},5.800000,0.000000,4,5,5,5,6,7,7,12,12,12,12,1495,0,4,4.741712691056788,2.8227190050529316,66.76200000219978,442.0
1789929232,50,POST,POST /api/v1/auth/login,0.000000,0.000000,0,0,0,0,0,0,0,0,0,0,0,50,0,1100.0,1061.7003626003861,675.3760170104215,1580.317592000938,1622.0
1789929232,50,,Aggregated,24.900000,0.000000,5,6,6,6,7,8,10,12,13,13,13,6142,0,5,14.564283118566564,2.8227190050529316,1580.317592000938,6830.673233474438
1789929233,50,GET,GET /api/v1/reservas,18.600000,0.000000,6,6,6,7,8,8,10,12,13,13,13,4613,0,6,6.366914789097212,3.7351310020312667,115.12566400051583,8965.0
1789929233,50,GET,GET /api/v1/reservas/{id},6.000000,0.000000,4,5,5,5,6,7,7,12,12,12,12,1502,0,4,4.738586779723202,2.8227190050529316,66.76200000219978,442.0
1789929233,50,POST,POST /api/v1/auth/login,0.000000,0.000000,0,0,0,0,0,0,0,0,0,0,0,50,0,1100.0,1061.7003626003861,675.3760170104215,1580.317592000938,1622.0
1789929233,50,,Aggregated,24.600000,0.000000,5,6,6,6,7,8,10,12,13,13,13,6165,0,5,14.52927062372571,2.8227190050529316,1580.317592000938,6828.958475263585
1789929234,50,GET,GET /api/v1/reservas,19.000000,0.000000,6,6,6,7,8,8,10,13,18,18,18,4635,0,6,6.363999969594707,3.7351310020312667,115.12566400051583,8965.0
1789929234,50,GET,GET /api/v1/reservas/{id},6.100000,0.000000,4,5,5,5,7,12,12,13,13,13,13,1507,0,4,4.748223852791855,2.8227190050529316,66.76200000219978,442.0
1789929234,50,POST,POST /api/v1/auth/login,0.000000,0.000000,0,0,0,0,0,0,0,0,0,0,0,50,0,1100.0,1061.7003626003861,675.3760170104215,1580.317592000938,1622.0
1789929234,50,,Aggregated,25.100000,0.000000,5,6,6,6,7,8,12,13,18,18,18,6192,0,5,14.492527670421206,2.8227190050529316,1580.317592000938,6831.390342377261
1789929235,50,GET,GET /api/v1/reservas,19.000000,0.000000,6,6,6,7,8,8,10,13,18,18,18,4654,0,6,6.361596983044047,3.7351310020312667,115.12566400051583,8965.0
1789929235,50,GET,GET /api/v1/reservas/{id},6.100000,0.000000,4,5,5,5,7,12,12,13,13,13,13,1512,0,4,4.74945139229589,2.8227190050529316,66.76200000219978,442.0
1789929235,50,POST,POST /api/v1/auth/login,0.000000,0.000000,0,0,0,0,0,0,0,0,0,0,0,50,0,1100.0,1061.7003626003861,675.3760170104215,1580.317592000938,1622.0
1789929235,50,,Aggregated,25.100000,0.000000,5,6,6,7,8,8,12,13,18,18,18,6216,0,5,14.45834314579435,2.8227190050529316,1580.317592000938,6832.772522522522
1789929236,50,GET,GET /api/v1/reservas,19.100000,0.000000,6,6,6,7,8,8,10,13,18,18,18,4672,0,6,6.358167118608821,3.7351310020312667,115.12566400051583,8965.0
1789929236,50,GET,GET /api/v1/reservas/{id},6.100000,0.000000,4,5,5,5,7,12,12,13,13,13,13,1519,0,4,4.7452636689626395,2.8227190050529316,66.76200000219978,442.0
1789929236,50,POST,POST /api/v1/auth/login,0.000000,0.000000,0,0,0,0,0,0,0,0,0,0,0,50,0,1100.0,1061.7003626003861,675.3760170104215,1580.317592000938,1622.0
1789929236,50,,Aggregated,25.200000,0.000000,5,6,6,6,7,8,12,13,18,18,18,6241,0,5,14.420514408157983,2.8227190050529316,1580.317592000938,6831.754206056722
1789929237,50,GET,GET /api/v1/reservas,19.400000,0.000000,6,6,6,7,7,8,10,13,18,18,18,4694,0,6,6.353171990240333,3.7351310020312667,115.12566400051583,8965.0
1789929237,50,GET,GET /api/v1/reservas/{id},6.000000,0.000000,4,5,5,5,7,12,12,13,13,13,13,1526,0,4,4.7423646416352465,2.8227190050529316,66.76200000219978,442.0
1789929237,50,POST,POST /api/v1/auth/login,0.000000,0.000000,0,0,0,0,0,0,0,0,0,0,0,50,0,1100.0,1061.7003626003861,675.3760170104215,1580.317592000938,1622.0
1789929237,50,,Aggregated,25.400000,0.000000,5,6,6,6,7,8,12,13,18,18,18,6270,0,5,14.37697861169742,2.8227190050529316,1580.317592000938,6832.105582137161
1789929238,50,GET,GET /api/v1/reservas,19.700000,0.000000,5,6,6,6,7,8,8,12,18,18,18,4709,0,6,6.351735776643796,3.7351310020312667,115.12566400051583,8965.0
1789929238,50,GET,GET /api/v1/reservas/{id},5.700000,0.000000,4,5,5,5,7,12,12,13,13,13,13,1533,0,4,4.739382799832662,2.8227190050529316,66.76200000219978,442.0
1789929238,50,POST,POST /api/v1/auth/login,0.000000,0.000000,0,0,0,0,0,0,0,0,0,0,0,50,0,1100.0,1061.7003626003861,675.3760170104215,1580.317592000938,1622.0
1789929238,50,,Aggregated,25.400000,0.000000,5,6,6,6,7,8,12,12,18,18,18,6292,0,5,14.345329900568723,2.8227190050529316,1580.317592000938,6830.081214240306
1789929239,50,GET,GET /api/v1/reservas,19.600000,0.000000,5,6,6,6,7,8,9,12,18,18,18,4731,0,6,6.350227369315708,3.7351310020312667,115.12566400051583,8965.0
1789929239,50,GET,GET /api/v1/reservas/{id},5.700000,0.000000,4,5,5,5,7,12,12,13,13,13,13,1538,0,4,4.737646230241382,2.8227190050529316,66.76200000219978,442.0
1789929239,50,POST,POST /api/v1/auth/login,0.000000,0.000000,0,0,0,0,0,0,0,0,0,0,0,50,0,1100.0,1061.7003626003861,675.3760170104215,1580.317592000938,1622.0
1789929239,50,,Aggregated,25.300000,0.000000,5,6,6,6,7,8,12,12,18,18,18,6319,0,5,14.308346845444401,2.8227190050529316,1580.317592000938,6832.459408134198
1789929240,50,GET,GET /api/v1/reservas,19.600000,0.000000,6,6,6,7,7,8,9,12,18,18,18,4750,0,6,6.349698566160728,3.7351310020312667,115.12566400051583,8965.0
1789929240,50,GET,GET /api/v1/reservas/{id},6.100000,0.000000,4,5,5,5,5,11,12,13,13,13,13,1540,0,4,4.741490998777089,2.8227190050529316,66.76200000219978,442.0
1789929240,50,POST,POST /api/v1/auth/login,0.000000,0.000000,0,0,0,0,0,0,0,0,0,0,0,50,0,1100.0,1061.7003626003861,675.3760170104215,1580.317592000938,1622.0
1789929240,50,,Aggregated,25.700000,0.000000,5,6,6,6,7,8,11,12,18,18,18,6340,0,5,14.282016160473106,2.8227190050529316,1580.317592000938,6836.834384858044
1789929241,50,GET,GET /api/v1/reservas,18.900000,0.000000,5,6,6,7,7,8,9,12,18,18,18,4765,0,6,6.345164975287502,3.7351310020312667,115.12566400051583,8965.0
1789929241,50,GET,GET /api/v1/reservas/{id},6.100000,0.000000,4,4,5,5,5,11,12,13,13,13,13,1550,0,4,4.734472449748747,2.8227190050529316,66.76200000219978,442.0
1789929241,50,POST,POST /api/v1/auth/login,0.000000,0.000000,0,0,0,0,0,0,0,0,0,0,0,50,0,1100.0,1061.7003626003861,675.3760170104215,1580.317592000938,1622.0
1789929241,50,,Aggregated,25.000000,0.000000,5,6,6,6,7,8,11,12,18,18,18,6365,0,5,14.243230406029035,2.8227190050529316,1580.317592000938,6831.802827965436
1789929242,50,GET,GET /api/v1/reservas,19.500000,0.000000,5,6,6,7,7,9,10,12,18,18,18,4782,0,6,6.347520282564199,3.7351310020312667,115.12566400051583,8965.0
1789929242,50,GET,GET /api/v1/reservas/{id},6.100000,0.000000,4,5,5,5,6,11,12,13,13,13,13,1560,0,4,4.732649722511549,2.8227190050529316,66.76200000219978,442.0
1789929242,50,POST,POST /api/v1/auth/login,0.000000,0.000000,0,0,0,0,0,0,0,0,0,0,0,50,0,1100.0,1061.7003626003861,675.3760170104215,1580.317592000938,1622.0
1789929242,50,,Aggregated,25.600000,0.000000,5,6,6,6,7,9,12,12,18,18,18,6392,0,5,14.208666096426677,2.8227190050529316,1580.317592000938,6827.479662077597
1789929243,50,GET,GET /api/v1/reservas,19.000000,0.000000,6,6,7,7,8,10,12,30,46,46,46,4802,0,6,6.364641575642415,3.7351310020312667,115.12566400051583,8965.0
1789929243,50,GET,GET /api/v1/reservas/{id},5.700000,0.000000,4,5,5,5,5,6,8,11,11,11,11,1563,0,4,4.733256355794018,2.8227190050529316,66.76200000219978,442.0
1789929243,50,POST,POST /api/v1/auth/login,0.000000,0.000000,0,0,0,0,0,0,0,0,0,0,0,50,0,1100.0,1061.7003626003861,675.3760170104215,1580.317592000938,1622.0
1789929243,50,,Aggregated,24.700000,0.000000,5,6,6,7,8,9,12,12,46,46,46,6415,0,5,14.192690048380395,2.8227190050529316,1580.317592000938,6831.157599376462
1789929244,50,GET,GET /api/v1/reservas,18.500000,0.000000,5,6,7,7,8,10,12,30,46,46,46,4828,0,6,6.360269181295479,3.7351310020312667,115.12566400051583,8965.0
1789929244,50,GET,GET /api/v1/reservas/{id},6.200000,0.000000,4,4,5,5,5,6,8,11,11,11,11,1568,0,4,4.730470537698257,2.8227190050529316,66.76200000219978,442.0
1789929244,50,POST,POST /api/v1/auth/login,0.000000,0.000000,0,0,0,0,0,0,0,0,0,0,0,50,0,1100.0,1061.7003626003861,675.3760170104215,1580.317592000938,1622.0
1789929244,50,,Aggregated,24.700000,0.000000,5,6,6,7,8,9,12,13,46,46,46,6446,0,5,14.149825557000426,2.8227190050529316,1580.317592000938,6834.808563450201
1789929245,50,GET,GET /api/v1/reservas,18.900000,0.000000,6,6,7,7,9,11,14,30,46,46,46,4843,0,6,6.367709736378257,3.7351310020312667,115.12566400051583,8965.0
1789929245,50,GET,GET /api/v1/reservas/{id},6.100000,0.000000,4,5,5,5,5,6,7,11,11,11,11,1572,0,4,4.732623756441801,2.8227190050529316,66.76200000219978,442.0
1789929245,50,POST,POST /api/v1/auth/login,0.000000,0.000000,0,0,0,0,0,0,0,0,0,0,0,50,0,1100.0,1061.7003626003861,675.3760170104215,1580.317592000938,1622.0
1789929245,50,,Aggregated,25.000000,0.000000,5,6,7,7,9,10,13,21,46,46,46,6465,0,5,14.132021798673737,2.8227190050529316,1580.317592000938,6835.795668986852
1789929246,50,GET,GET /api/v1/reservas,19.100000,0.000000,6,6,7,7,9,11,14,30,46,46,46,4861,0,6,6.363722795373624,3.7351310020312667,115.12566400051583,8965.0
1789929246,50,GET,GET /api/v1/reservas/{id},6.200000,0.000000,4,4,5,5,5,6,7,11,11,11,11,1583,0,4,4.727207985544838,2.8227190050529316,66.76200000219978,442.0
1789929246,50,POST,POST /api/v1/auth/login,0.000000,0.000000,0,0,0,0,0,0,0,0,0,0,0,50,0,1100.0,1061.7003626003861,675.3760170104215,1580.317592000938,1622.0
1789929246,50,,Aggregated,25.300000,0.000000,5,6,6,7,9,10,13,21,46,46,46,6494,0,5,14.090274850546345,2.8227190050529316,1580.317592000938,6830.867108099785
1789929247,50,GET,GET /api/v1/reservas,18.500000,0.000000,6,6,7,7,9,10,14,30,46,46,46,4875,0,6,6.3599696630337395,3.7351310020312667,115.12566400051583,8965.0
1789929247,50,GET,GET /api/v1/reservas/{id},6.100000,0.000000,4,4,5,5,5,6,7,11,11,11,11,1591,0,4,4.722809740495127,2.8227190050529316,66.76200000219978,442.0
1789929247,50,POST,POST /api/v1/auth/login,0.000000,0.000000,0,0,0,0,0,0,0,0,0,0,0,50,0,1100.0,1061.7003626003861,675.3760170104215,1580.317592000938,1622.0
1789929247,50,,Aggregated,24.600000,0.000000,5,6,6,7,9,10,13,21,46,46,46,6516,0,5,14.058296582939922,2.8227190050529316,1580.317592000938,6827.608502148558
1789929248,50,GET,GET /api/v1/reservas,18.500000,0.000000,6,6,7,7,9,10,14,30,46,46,46,4897,0,6,6.355654707631868,3.7351310020312667,115.12566400051583,8965.0
1789929248,50,GET,GET /api/v1/reservas/{id},6.500000,0.000000,4,4,4,5,5,6,7,11,11,11,11,1599,0,4,4.718093228965573,2.8227190050529316,66.76200000219978,442.0
1789929248,50,POST,POST /api/v1/auth/login,0.000000,0.000000,0,0,0,0,0,0,0,0,0,0,0,50,0,1100.0,1061.7003626003861,675.3760170104215,1580.317592000938,1622.0
1789929248,50,,Aggregated,25.000000,0.000000,5,6,6,7,9,10,13,21,46,46,46,6546,0,5,14.016634632815233,2.8227190050529316,1580.317592000938,6826.987931561259
1789929249,50,GET,GET /api/v1/reservas,18.400000,0.000000,5,6,7,7,9,10,14,30,46,46,46,4911,0,6,6.354422441104501,3.7351310020312667,115.12566400051583,8965.0
1789929249,50,GET,GET /api/v1/reservas/{id},6.400000,0.000000,4,4,5,5,5,6,6,7,7,7,7,1605,0,4,4.717247215019121,2.8227190050529316,66.76200000219978,442.0
1789929249,50,POST,POST /api/v1/auth/login,0.000000,0.000000,0,0,0,0,0,0,0,0,0,0,0,50,0,1100.0,1061.7003626003861,675.3760170104215,1580.317592000938,1622.0
1789929249,50,,Aggregated,24.800000,0.000000,5,6,6,7,8,10,13,21,46,46,46,6566,0,5,13.990674462136644,2.8227190050529316,1580.317592000938,6825.712001218398
1789929250,50,GET,GET /api/v1/reservas,18.600000,0.000000,6,6,7,8,9,11,14,30,46,46,46,4929,0,6,6.356788635269424,3.7351310020312667,115.12566400051583,8965.0
1789929250,50,GET,GET /api/v1/reservas/{id},6.500000,0.000000,4,4,5,5,6,6,6,7,7,7,7,1615,0,4,4.719063643407186,2.8227190050529316,66.76200000219978,442.0
1789929250,50,POST,POST /api/v1/auth/login,0.000000,0.000000,0,0,0,0,0,0,0,0,0,0,0,50,0,1100.0,1061.7003626003861,675.3760170104215,1580.317592000938,1622.0
1789929250,50,,Aggregated,25.100000,0.000000,5,6,6,7,9,10,13,21,46,46,46,6594,0,5,13.957979541608266,2.8227190050529316,1580.317592000938,6821.870639975736
1789929251,50,GET,GET /api/v1/reservas,18.100000,0.000000,6,6,7,8,9,11,14,30,46,46,46,4952,0,6,6.350373988541492,3.7351310020312667,115.12566400051583,8965.0
1789929251,50,GET,GET /api/v1/reservas/{id},6.600000,0.000000,4,5,5,5,6,6,7,7,7,7,7,1621,0,4,4.7180855626782305,2.8227190050529316,66.76200000219978,442.0
1789929251,50,POST,POST /api/v1/auth/login,0.000000,0.000000,0,0,0,0,0,0,0,0,0,0,0,50,0,1100.0,1061.7003626003861,675.3760170104215,1580.317592000938,1622.0
1789929251,50,,Aggregated,24.700000,0.000000,5,6,6,7,9,10,13,21,46,46,46,6623,0,5,13.918177082648073,2.8227190050529316,1580.317592000938,6823.533444058584
1789929252,50,GET,GET /api/v1/reservas,17.900000,0.000000,5,6,6,7,8,9,12,14,21,21,21,4975,0,6,6.344124007304363,3.7351310020312667,115.12566400051583,8965.0
1789929252,50,GET,GET /api/v1/reservas/{id},7.200000,0.000000,4,4,5,5,6,6,7,7,7,7,7,1627,0,4,4.716967300625092,2.8227190050529316,66.76200000219978,442.0
1789929252,50,POST,POST /api/v1/auth/login,0.000000,0.000000,0,0,0,0,0,0,0,0,0,0,0,50,0,1100.0,1061.7003626003861,675.3760170104215,1580.317592000938,1622.0
1789929252,50,,Aggregated,25.100000,0.000000,5,6,6,6,8,9,11,13,21,21,21,6652,0,5,13.878764411376359,2.8227190050529316,1580.317592000938,6825.181749849669
1789929253,50,GET,GET /api/v1/reservas,18.500000,0.000000,5,6,7,7,8,9,11,14,21,21,21,4993,0,6,6.348105019291211,3.7351310020312667,115.12566400051583,8965.0
1789929253,50,GET,GET /api/v1/reservas/{id},7.200000,0.000000,4,5,5,6,6,7,7,9,9,9,9,1631,0,4,4.721202843109201,2.8227190050529316,66.76200000219978,442.0
1789929253,50,POST,POST /api/v1/auth/login,0.000000,0.000000,0,0,0,0,0,0,0,0,0,0,0,50,0,1100.0,1061.7003626003861,675.3760170104215,1580.317592000938,1622.0
1789929253,50,,Aggregated,25.700000,0.000000,5,6,6,7,8,9,11,12,21,21,21,6674,0,5,13.85696558712188,2.8227190050529316,1580.317592000938,6827.127210068924
1789929254,50,GET,GET /api/v1/reservas,18.700000,0.000000,5,6,7,7,8,9,11,12,14,14,14,5010,0,6,6.344914429802136,3.7351310020312667,115.12566400051583,8965.0
1789929254,50,GET,GET /api/v1/reservas/{id},6.900000,0.000000,4,5,5,5,6,7,7,9,9,9,9,1638,0,4,4.719784920697225,2.8227190050529316,66.76200000219978,442.0
1789929254,50,POST,POST /api/v1/auth/login,0.000000,0.000000,0,0,0,0,0,0,0,0,0,0,0,50,0,1100.0,1061.7003626003861,675.3760170104215,1580.317592000938,1622.0
1789929254,50,,Aggregated,25.600000,0.000000,5,6,6,7,8,9,10,11,14,14,14,6698,0,5,13.825626623384602,2.8227190050529316,1580.317592000938,6825.880262765005
1789929255,50,GET,GET /api/v1/reservas,19.000000,0.000000,5,6,6,7,8,9,10,11,12,12,12,5032,0,6,6.339923407650084,3.7351310020312667,115.12566400051583,8965.0
1789929255,50,GET,GET /api/v1/reservas/{id},6.700000,0.000000,4,5,5,5,6,7,7,9,9,9,9,1645,0,4,4.718339082133521,2.8227190050529316,66.76200000219978,442.0
1789929255,50,POST,POST /api/v1/auth/login,0.000000,0.000000,0,0,0,0,0,0,0,0,0,0,0,50,0,1100.0,1061.7003626003861,675.3760170104215,1580.317592000938,1622.0
1789929255,50,,Aggregated,25.700000,0.000000,5,6,6,6,7,8,10,11,12,12,12,6727,0,5,13.787599302426665,2.8227190050529316,1580.317592000938,6826.233090530697
1789929256,50,GET,GET /api/v1/reservas,18.800000,0.000000,5,6,6,7,8,9,11,12,12,12,12,5049,0,6,6.340402979853463,3.7351310020312667,115.12566400051583,8965.0
1789929256,50,GET,GET /api/v1/reservas/{id},7.000000,0.000000,4,5,5,6,6,7,8,9,9,9,9,1650,0,4,4.720649057628841,2.8227190050529316,66.76200000219978,442.0
1789929256,50,POST,POST /api/v1/auth/login,0.000000,0.000000,0,0,0,0,0,0,0,0,0,0,0,50,0,1100.0,1061.7003626003861,675.3760170104215,1580.317592000938,1622.0
1789929256,50,,Aggregated,25.800000,0.000000,5,6,6,6,8,8,10,11,12,12,12,6749,0,5,13.763043965089203,2.8227190050529316,1580.317592000938,6826.890650466736
1789929257,50,GET,GET /api/v1/reservas,18.900000,0.000000,5,6,6,7,8,9,11,12,12,12,12,5066,0,6,6.338258029673837,3.7351310020312667,115.12566400051583,8965.0
1789929257,50,GET,GET /api/v1/reservas/{id},7.400000,0.000000,5,5,5,6,7,7,8,9,9,9,9,1658,0,4,4.7205704071709835,2.8227190050529316,66.76200000219978,442.0
1789929257,50,POST,POST /api/v1/auth/login,0.000000,0.000000,0,0,0,0,0,0,0,0,0,0,0,50,0,1100.0,1061.7003626003861,675.3760170104215,1580.317592000938,1622.0
1789929257,50,,Aggregated,26.300000,0.000000,5,6,6,7,8,9,10,11,12,12,12,6774,0,5,13.732113823949875,2.8227190050529316,1580.317592000938,6824.715972837319
1789929258,50,GET,GET /api/v1/reservas,18.700000,0.000000,5,6,6,7,8,9,11,12,16,16,16,5083,0,6,6.337487582991888,3.7351310020312667,115.12566400051583,8965.0
1789929258,50,GET,GET /api/v1/reservas/{id},6.600000,0.000000,5,5,6,6,7,7,9,10,10,10,10,1665,0,4,4.722782218071574,2.8227190050529316,66.76200000219978,442.0
1789929258,50,POST,POST /api/v1/auth/login,0.000000,0.000000,0,0,0,0,0,0,0,0,0,0,0,50,0,1100.0,1061.7003626003861,675.3760170104215,1580.317592000938,1622.0
1789929258,50,,Aggregated,25.300000,0.000000,5,6,6,7,8,9,11,12,16,16,16,6798,0,5,13.704310077589916,2.8227190050529316,1580.317592000938,6823.495881141513
1789929259,50,GET,GET /api/v1/reservas,19.100000,0.000000,5,6,6,7,8,9,11,12,16,16,16,5100,0,6,6.334348352418815,3.7351310020312667,115.12566400051583,8965.0
1789929259,50,GET,GET /api/v1/reservas/{id},6.900000,0.000000,4,5,5,6,7,7,9,10,10,10,10,1674,0,4,4.7186393387475345,2.8227190050529316,66.76200000219978,442.0
1789929259,50,POST,POST /api/v1/auth/login,0.000000,0.000000,0,0,0,0,0,0,0,0,0,0,0,50,0,1100.0,1061.7003626003861,675.3760170104215,1580.317592000938,1622.0
1789929259,50,,Aggregated,26.000000,0.000000,5,6,6,6,7,9,11,12,16,16,16,6824,0,5,13.670749850588898,2.8227190050529316,1580.317592000938,6820.414419695194
1789929260,50,GET,GET /api/v1/reservas,18.600000,0.000000,5,6,6,7,8,10,11,12,16,16,16,5116,0,6,6.337097826481803,3.7351310020312667,115.12566400051583,8965.0
1789929260,50,GET,GET /api/v1/reservas/{id},6.700000,0.000000,4,5,5,6,7,8,9,10,10,10,10,1681,0,4,4.721174007185052,2.8227190050529316,66.76200000219978,442.0
1789929260,50,POST,POST /api/v1/auth/login,0.000000,0.000000,0,0,0,0,0,0,0,0,0,0,0,50,0,1100.0,1061.7003626003861,675.3760170104215,1580.317592000938,1622.0
1789929260,50,,Aggregated,25.300000,0.000000,5,6,6,7,8,9,11,12,16,16,16,6847,0,5,13.647130731178368,2.8227190050529316,1580.317592000938,6818.90492186359
1789929261,50,GET,GET /api/v1/reservas,19.000000,0.000000,5,6,6,7,8,10,11,12,16,16,16,5134,0,6,6.331817617701554,3.7351310020312667,115.12566400051583,8965.0
1789929261,50,GET,GET /api/v1/reservas/{id},6.700000,0.000000,4,5,5,6,7,8,9,10,10,10,10,1688,0,4,4.718273017827617,2.8227190050529316,66.76200000219978,442.0
1789929261,50,POST,POST /api/v1/auth/login,0.000000,0.000000,0,0,0,0,0,0,0,0,0,0,0,50,0,1100.0,1061.7003626003861,675.3760170104215,1580.317592000938,1622.0
1789929261,50,,Aggregated,25.700000,0.000000,5,6,6,7,8,9,11,12,16,16,16,6872,0,5,13.614233794149024,2.8227190050529316,1580.317592000938,6818.03055878929
1789929262,50,GET,GET /api/v1/reservas,18.600000,0.000000,5,6,6,7,8,10,11,12,16,16,16,5153,0,6,6.3273801120218955,3.7351310020312667,115.12566400051583,8965.0
1789929262,50,GET,GET /api/v1/reservas/{id},6.400000,0.000000,4,5,5,5,7,8,9,10,10,10,10,1694,0,4,4.716835160614096,2.8227190050529316,66.76200000219978,442.0
1789929262,50,POST,POST /api/v1/auth/login,0.000000,0.000000,0,0,0,0,0,0,0,0,0,0,0,50,0,1100.0,1061.7003626003861,675.3760170104215,1580.317592000938,1622.0
1789929262,50,,Aggregated,25.000000,0.000000,5,6,6,6,7,9,11,12,16,16,16,6897,0,5,13.582764478664407,2.8227190050529316,1580.317592000938,6818.398289111208
1789929263,50,GET,GET /api/v1/reservas,18.800000,0.000000,5,6,6,7,8,9,11,12,16,16,16,5170,0,6,6.328021347821317,3.7351310020312667,115.12566400051583,8965.0
1789929263,50,GET,GET /api/v1/reservas/{id},6.600000,0.000000,4,5,5,5,7,7,8,10,10,10,10,1699,0,4,4.716676103037916,2.8227190050529316,66.76200000219978,442.0
1789929263,50,POST,POST /api/v1/auth/login,0.000000,0.000000,0,0,0,0,0,0,0,0,0,0,0,50,0,1100.0,1061.7003626003861,675.3760170104215,1580.317592000938,1622.0
1789929263,50,,Aggregated,25.400000,0.000000,5,6,6,6,7,8,11,12,16,16,16,6919,0,5,13.55897112260687,2.8227190050529316,1580.317592000938,6819.064604711663
1789929264,50,GET,GET /api/v1/reservas,18.400000,0.000000,5,6,6,7,8,10,12,16,16,16,16,5190,0,6,6.331228095029731,3.7351310020312667,115.12566400051583,8965.0
1789929264,50,GET,GET /api/v1/reservas/{id},6.400000,0.000000,4,5,5,6,7,8,8,10,10,10,10,1703,0,4,4.714711880829804,2.8227190050529316,66.76200000219978,442.0
1789929264,50,POST,POST /api/v1/auth/login,0.000000,0.000000,0,0,0,0,0,0,0,0,0,0,0,50,0,1100.0,1061.7003626003861,675.3760170104215,1580.317592000938,1622.0
1789929264,50,,Aggregated,24.800000,0.000000,5,6,6,7,8,9,12,14,16,16,16,6943,0,5,13.53496273603295,2.8227190050529316,1580.317592000938,6821.572231024053
1789929265,50,GET,GET /api/v1/reservas,17.800000,0.000000,5,6,6,7,8,9,12,16,16,16,16,5214,0,6,6.325044320523132,3.7351310020312667,115.12566400051583,8965.0
1789929265,50,GET,GET /api/v1/reservas/{id},6.800000,0.000000,4,5,5,5,6,7,8,10,10,10,10,1711,0,4,4.710871631827373,2.8227190050529316,66.76200000219978,442.0
1789929265,50,POST,POST /api/v1/auth/login,0.000000,0.000000,0,0,0,0,0,0,0,0,0,0,0,50,0,1100.0,1061.7003626003861,675.3760170104215,1580.317592000938,1622.0
1789929265,50,,Aggregated,24.600000,0.000000,5,6,6,6,7,9,11,14,16,16,16,6975,0,5,13.49449470670732,2.8227190050529316,1580.317592000938,6821.630394265233
1789929266,50,GET,GET /api/v1/reservas,17.600000,0.000000,5,6,6,7,8,9,12,16,16,16,16,5234,0,6,6.324343222231921,3.7351310020312667,115.12566400051583,8965.0
1789929266,50,GET,GET /api/v1/reservas/{id},6.400000,0.000000,4,5,5,5,6,7,8,10,10,10,10,1716,0,4,4.7119079708885065,2.8227190050529316,66.76200000219978,442.0
1789929266,50,POST,POST /api/v1/auth/login,0.000000,0.000000,0,0,0,0,0,0,0,0,0,0,0,50,0,1100.0,1061.7003626003861,675.3760170104215,1580.317592000938,1622.0
1789929266,50,,Aggregated,24.000000,0.000000,5,6,6,7,8,9,11,14,16,16,16,7000,0,5,13.467466376175123,2.8227190050529316,1580.317592000938,6823.197428571429
1789929267,50,GET,GET /api/v1/reservas,18.100000,0.000000,5,6,6,7,8,9,12,16,16,16,16,5251,0,6,6.3197396290560155,3.7351310020312667,115.12566400051583,8965.0
1789929267,50,GET,GET /api/v1/reservas/{id},6.300000,0.000000,4,5,5,5,6,6,8,10,10,10,10,1722,0,4,4.708801975631145,2.8227190050529316,66.76200000219978,442.0
1789929267,50,POST,POST /api/v1/auth/login,0.000000,0.000000,0,0,0,0,0,0,0,0,0,0,0,50,0,1100.0,1061.7003626003861,675.3760170104215,1580.317592000938,1622.0
1789929267,50,,Aggregated,24.400000,0.000000,5,6,6,6,7,9,11,14,16,16,16,7023,0,5,13.438491801826752,2.8227190050529316,1580.317592000938,6822.930229246761
1789929268,50,GET,GET /api/v1/reservas,18.500000,0.000000,5,6,7,7,8,9,11,14,16,16,16,5273,0,6,6.316293226471868,3.7351310020312667,115.12566400051583,8965.0
1789929268,50,GET,GET /api/v1/reservas/{id},6.700000,0.000000,4,5,5,5,6,6,6,8,8,8,8,1728,0,4,4.707761786490933,2.8227190050529316,66.76200000219978,442.0
1789929268,50,POST,POST /api/v1/auth/login,0.000000,0.000000,0,0,0,0,0,0,0,0,0,0,0,50,0,1100.0,1061.7003626003861,675.3760170104215,1580.317592000938,1622.0
1789929268,50,,Aggregated,25.200000,0.000000,5,6,6,6,7,8,11,12,16,16,16,7051,0,5,13.406019668169309,2.8227190050529316,1580.317592000938,6824.183945539639
1789929269,50,GET,GET /api/v1/reservas,18.400000,0.000000,5,6,6,7,8,9,12,14,16,16,16,5297,0,6,6.315420379307299,3.7351310020312667,115.12566400051583,8965.0
1789929269,50,GET,GET /api/v1/reservas/{id},6.300000,0.000000,4,5,5,5,6,6,6,6,6,6,6,1733,0,4,4.707439131595114,2.8227190050529316,66.76200000219978,442.0
1789929269,50,POST,POST /api/v1/auth/login,0.000000,0.000000,0,0,0,0,0,0,0,0,0,0,0,50,0,1100.0,1061.7003626003861,675.3760170104215,1580.317592000938,1622.0
1789929269,50,,Aggregated,24.700000,0.000000,5,6,6,6,7,8,10,12,16,16,16,7080,0,5,13.375111849472374,2.8227190050529316,1580.317592000938,6826.9337570621465
1789929270,50,GET,GET /api/v1/reservas,18.800000,0.000000,6,6,7,7,8,9,10,14,16,16,16,5312,0,6,6.316709333250182,3.7351310020312667,115.12566400051583,8965.0
1789929270,50,GET,GET /api/v1/reservas/{id},6.500000,0.000000,4,5,5,5,6,6,6,18,18,18,18,1737,0,4,4.7162415308251315,2.8227190050529316,66.76200000219978,442.0
1789929270,50,POST,POST /api/v1/auth/login,0.000000,0.000000,0,0,0,0,0,0,0,0,0,0,0,50,0,1100.0,1061.7003626003861,675.3760170104215,1580.317592000938,1622.0
1789929270,50,,Aggregated,25.300000,0.000000,5,6,6,7,7,8,10,14,18,18,18,7099,0,5,13.358429306562547,2.8227190050529316,1580.317592000938,6827.853782222848
1789929271,50,GET,GET /api/v1/reservas,18.800000,0.000000,6,6,7,7,8,9,10,14,16,16,16,5335,0,6,6.318491771164758,3.7351310020312667,115.12566400051583,8965.0
1789929271,50,GET,GET /api/v1/reservas/{id},6.300000,0.000000,5,5,5,5,6,6,8,18,18,18,18,1741,0,4,4.719127166590927,2.8227190050529316,66.76200000219978,442.0
1789929271,50,POST,POST /api/v1/auth/login,0.000000,0.000000,0,0,0,0,0,0,0,0,0,0,0,50,0,1100.0,1061.7003626003861,675.3760170104215,1580.317592000938,1622.0
1789929271,50,,Aggregated,25.100000,0.000000,5,6,7,7,8,9,10,14,18,18,18,7126,0,5,13.332889717403607,2.8227190050529316,1580.317592000938,6831.167134437272
1789929272,50,GET,GET /api/v1/reservas,19.900000,0.000000,6,6,7,7,8,9,12,16,23,23,23,5356,0,6,6.31986117534693,3.7351310020312667,115.12566400051583,8965.0
1789929272,50,GET,GET /api/v1/reservas/{id},5.900000,0.000000,5,5,5,6,6,8,8,18,18,18,18,1749,0,4,4.7226166426678855,2.8227190050529316,66.76200000219978,442.0
1789929272,50,POST,POST /api/v1/auth/login,0.000000,0.000000,0,0,0,0,0,0,0,0,0,0,0,50,0,1100.0,1061.7003626003861,675.3760170104215,1580.317592000938,1622.0
1789929272,50,,Aggregated,25.800000,0.000000,6,6,7,7,8,9,12,16,23,23,23,7155,0,5,13.304549419036142,2.8227190050529316,1580.317592000938,6830.286233403214
1789929273,50,GET,GET /api/v1/reservas,19.700000,0.000000,6,6,7,7,8,8,10,12,23,23,23,5376,0,6,6.320381440326899,3.7351310020312667,115.12566400051583,8965.0
1789929273,50,GET,GET /api/v1/reservas/{id},5.700000,0.000000,5,5,5,6,6,8,8,18,18,18,18,1757,0,4,4.7247168321046376,2.8227190050529316,66.76200000219978,442.0
1789929273,50,POST,POST /api/v1/auth/login,0.000000,0.000000,0,0,0,0,0,0,0,0,0,0,0,50,0,1100.0,1061.7003626003861,675.3760170104215,1580.317592000938,1622.0
1789929273,50,,Aggregated,25.400000,0.000000,6,6,7,7,8,8,10,12,23,23,23,7183,0,5,13.276446641685167,2.8227190050529316,1580.317592000938,6829.115132952806
1789929274,50,GET,GET /api/v1/reservas,20.100000,0.000000,6,7,7,7,8,9,10,12,23,23,23,5388,0,6,6.32449367672697,3.7351310020312667,115.12566400051583,8965.0
1789929274,50,GET,GET /api/v1/reservas/{id},5.600000,0.000000,5,5,6,6,8,18,18,22,22,22,22,1766,0,4,4.750650237261469,2.8227190050529316,66.76200000219978,442.0
1789929274,50,POST,POST /api/v1/auth/login,0.000000,0.000000,0,0,0,0,0,0,0,0,0,0,0,50,0,1100.0,1061.7003626003861,675.3760170104215,1580.317592000938,1622.0
1789929274,50,,Aggregated,25.700000,0.000000,6,6,7,7,8,9,12,18,23,23,23,7204,0,5,13.263608881069958,2.8227190050529316,1580.317592000938,6824.693503609106
1789929275,50,GET,GET /api/v1/reservas,20.400000,0.000000,6,7,7,7,8,9,10,12,23,23,23,5407,0,6,6.322122276160368,3.7351310020312667,115.12566400051583,8965.0
1789929275,50,GET,GET /api/v1/reservas/{id},5.600000,0.000000,5,5,6,6,8,18,18,22,22,22,22,1772,0,4,4.750092531055497,2.8227190050529316,66.76200000219978,442.0
1789929275,50,POST,POST /api/v1/auth/login,0.000000,0.000000,0,0,0,0,0,0,0,0,0,0,0,50,0,1100.0,1061.7003626003861,675.3760170104215,1580.317592000938,1622.0
1789929275,50,,Aggregated,26.000000,0.000000,6,6,7,7,8,9,12,18,23,23,23,7229,0,5,13.236394693906316,2.8227190050529316,1580.317592000938,6825.021303084797
1789929276,50,GET,GET /api/v1/reservas,19.900000,0.000000,6,7,7,7,8,9,10,12,23,23,23,5424,0,6,6.322355170206967,3.7351310020312667,115.12566400051583,8965.0
1789929276,50,GET,GET /api/v1/reservas/{id},6.000000,0.000000,5,5,6,6,8,18,18,22,22,22,22,1774,0,4,4.750323599224633,2.8227190050529316,66.76200000219978,442.0
1789929276,50,POST,POST /api/v1/auth/login,0.000000,0.000000,0,0,0,0,0,0,0,0,0,0,0,50,0,1100.0,1061.7003626003861,675.3760170104215,1580.317592000938,1622.0
1789929276,50,,Aggregated,25.900000,0.000000,6,6,7,7,8,9,12,18,23,23,23,7248,0,5,13.21806658916203,2.8227190050529316,1580.317592000938,6828.279249448124
1789929277,50,GET,GET /api/v1/reservas,20.000000,0.000000,6,7,7,8,9,10,12,13,23,23,23,5444,0,6,6.327596492520061,3.7351310020312667,115.12566400051583,8965.0
1789929277,50,GET,GET /api/v1/reservas/{id},6.200000,0.000000,5,5,6,6,8,18,18,22,22,22,22,1779,0,4,4.751741539076964,2.8227190050529316,66.76200000219978,442.0
1789929277,50,POST,POST /api/v1/auth/login,0.000000,0.000000,0,0,0,0,0,0,0,0,0,0,0,50,0,1100.0,1061.7003626003861,675.3760170104215,1580.317592000938,1622.0
1789929277,50,,Aggregated,26.200000,0.000000,6,7,7,8,9,10,13,18,23,23,23,7273,0,5,13.197552816350397,2.8227190050529316,1580.317592000938,6829.764608827169
1789929278,50,GET,GET /api/v1/reservas,19.000000,0.000000,6,7,7,8,9,10,12,13,23,23,23,5465,0,6,6.328802008285338,3.7351310020312667,115.12566400051583,8965.0
1789929278,50,GET,GET /api/v1/reservas/{id},5.900000,0.000000,5,6,6,6,8,18,18,22,22,22,22,1783,0,4,4.7527149949665874,2.8227190050529316,66.76200000219978,442.0
1789929278,50,POST,POST /api/v1/auth/login,0.000000,0.000000,0,0,0,0,0,0,0,0,0,0,0,50,0,1100.0,1061.7003626003861,675.3760170104215,1580.317592000938,1622.0
1789929278,50,,Aggregated,24.900000,0.000000,6,7,7,8,9,10,13,18,23,23,23,7298,0,5,13.174295963459045,2.8227190050529316,1580.317592000938,6832.4076459303915
1789929279,50,GET,GET /api/v1/reservas,19.500000,0.000000,6,7,7,8,9,10,10,13,23,23,23,5487,0,6,6.326440399364472,3.7351310020312667,115.12566400051583,8965.0
1789929279,50,GET,GET /api/v1/reservas/{id},5.900000,0.000000,5,5,6,6,8,18,18,22,22,22,22,1787,0,4,4.7525901522200895,2.8227190050529316,66.76200000219978,442.0
1789929279,50,POST,POST /api/v1/auth/login,0.000000,0.000000,0,0,0,0,0,0,0,0,0,0,0,50,0,1100.0,1061.7003626003861,675.3760170104215,1580.317592000938,1622.0
1789929279,50,,Aggregated,25.400000,0.000000,6,7,7,7,9,10,13,18,23,23,23,7324,0,5,13.14733413481014,2.8227190050529316,1580.317592000938,6835.323457127253
1789929280,50,GET,GET /api/v1/reservas,18.800000,0.000000,6,7,7,7,9,10,12,14,23,23,23,5503,0,6,6.327368634255556,3.7351310020312667,115.12566400051583,8965.0
1789929280,50,GET,GET /api/v1/reservas/{id},5.700000,0.000000,5,5,6,7,8,11,18,22,22,22,22,1794,0,4,4.756382585851888,2.8227190050529316,66.76200000219978,442.0
1789929280,50,POST,POST /api/v1/auth/login,0.000000,0.000000,0,0,0,0,0,0,0,0,0,0,0,50,0,1100.0,1061.7003626003861,675.3760170104215,1580.317592000938,1622.0
1789929280,50,,Aggregated,24.500000,0.000000,6,6,7,7,9,10,13,18,23,23,23,7347,0,5,13.126102910486718,2.8227190050529316,1580.317592000938,6833.870014972097
1789929281,50,GET,GET /api/v1/reservas,19.200000,0.000000,6,7,7,7,9,10,12,14,23,23,23,5524,0,6,6.326956130759215,3.7351310020312667,115.12566400051583,8965.0
1789929281,50,GET,GET /api/v1/reservas/{id},5.500000,0.000000,5,5,6,7,8,11,18,22,22,22,22,1797,0,4,4.755776791334705,2.8227190050529316,66.76200000219978,442.0
1789929281,50,POST,POST /api/v1/auth/login,0.000000,0.000000,0,0,0,0,0,0,0,0,0,0,0,50,0,1100.0,1061.7003626003861,675.3760170104215,1580.317592000938,1622.0
1789929281,50,,Aggregated,24.700000,0.000000,6,6,7,7,9,10,13,18,23,23,23,7371,0,5,13.102869989195723,2.8227190050529316,1580.317592000938,6837.34011667345
