[2026-09-20 17:53:21,391] pfc-pruebas-e1/INFO/locust.main: Run time limit set to 300 seconds
[2026-09-20 17:53:21,391] pfc-pruebas-e1/INFO/locust.main: Starting Locust 2.31.6
Type     Name                                                                          # reqs      # fails |    Avg     Min     Max    Med |   req/s  failures/s
--------|----------------------------------------------------------------------------|-------|-------------|-------|-------|-------|-------|--------|-----------
--------|----------------------------------------------------------------------------|-------|-------------|-------|-------|-------|-------|--------|-----------
         Aggregated                                                                         0     0(0.00%) |      0       0       0      0 |    0.00        0.00

[2026-09-20 17:53:21,392] pfc-pruebas-e1/INFO/locust.runners: Ramping to 50 users at a rate of 10.00 per second
Type     Name                                                                          # reqs      # fails |    Avg     Min     Max    Med |   req/s  failures/s
--------|----------------------------------------------------------------------------|-------|-------------|-------|-------|-------|-------|--------|-----------
GET      GET /api/v1/reservas                                                              12     0(0.00%) |     10       6      15      9 |    0.00        0.00
POST     POST /api/v1/auth/login                                                           12     0(0.00%) |    859     567    1003    910 |    0.00        0.00
--------|----------------------------------------------------------------------------|-------|-------------|-------|-------|-------|-------|--------|-----------
         Aggregated                                                                        24     0(0.00%) |    434       6    1003     16 |    0.00        0.00

Type     Name                                                                          # reqs      # fails |    Avg     Min     Max    Med |   req/s  failures/s
--------|----------------------------------------------------------------------------|-------|-------------|-------|-------|-------|-------|--------|-----------
GET      GET /api/v1/reservas                                                              42     0(0.00%) |     14       6     100      9 |    5.00        0.00
GET      GET /api/v1/reservas/{id}                                                          3     0(0.00%) |      8       5      10      8 |    0.00        0.00
POST     POST /api/v1/auth/login                                                           30     0(0.00%) |   1154     567    1806   1000 |    5.00        0.00
--------|----------------------------------------------------------------------------|-------|-------------|-------|-------|-------|-------|--------|-----------
         Aggregated                                                                        75     0(0.00%) |    470       5    1806     12 |   10.00        0.00

[2026-09-20 17:53:25,416] pfc-pruebas-e1/INFO/locust.runners: All users spawned: {"ReservasUser": 50} (50 total users)
Type     Name                                                                          # reqs      # fails |    Avg     Min     Max    Med |   req/s  failures/s
--------|----------------------------------------------------------------------------|-------|-------------|-------|-------|-------|-------|--------|-----------
GET      GET /api/v1/reservas                                                              83     0(0.00%) |     14       4     100      9 |    9.00        0.00
GET      GET /api/v1/reservas/{id}                                                          9     0(0.00%) |     16       3      55      7 |    0.00        0.00
POST     POST /api/v1/auth/login                                                           50     0(0.00%) |   1349     567    2006   1400 |    6.50        0.00
--------|----------------------------------------------------------------------------|-------|-------------|-------|-------|-------|-------|--------|-----------
         Aggregated                                                                       142     0(0.00%) |    484       3    2006     15 |   15.50        0.00

Type     Name                                                                          # reqs      # fails |    Avg     Min     Max    Med |   req/s  failures/s
--------|----------------------------------------------------------------------------|-------|-------------|-------|-------|-------|-------|--------|-----------
GET      GET /api/v1/reservas                                                             116     0(0.00%) |     12       4     100      8 |   11.83        0.00
GET      GET /api/v1/reservas/{id}                                                         20     0(0.00%) |      9       3      55      5 |    1.17        0.00
POST     POST /api/v1/auth/login                                                           50     0(0.00%) |   1349     567    2006   1400 |    7.17        0.00
--------|----------------------------------------------------------------------------|-------|-------------|-------|-------|-------|-------|--------|-----------
         Aggregated                                                                       186     0(0.00%) |    371       3    2006      9 |   20.17        0.00

Type     Name                                                                          # reqs      # fails |    Avg     Min     Max    Med |   req/s  failures/s
--------|----------------------------------------------------------------------------|-------|-------------|-------|-------|-------|-------|--------|-----------
GET      GET /api/v1/reservas                                                             151     0(0.00%) |     10       4     100      8 |   13.62        0.00
GET      GET /api/v1/reservas/{id}                                                         36     0(0.00%) |      7       3      55      5 |    2.25        0.00
POST     POST /api/v1/auth/login                                                           50     0(0.00%) |   1349     567    2006   1400 |    6.25        0.00
--------|----------------------------------------------------------------------------|-------|-------------|-------|-------|-------|-------|--------|-----------
         Aggregated                                                                       237     0(0.00%) |    292       3    2006      8 |   22.12        0.00

Type     Name                                                                          # reqs      # fails |    Avg     Min     Max    Med |   req/s  failures/s
--------|----------------------------------------------------------------------------|-------|-------------|-------|-------|-------|-------|--------|-----------
GET      GET /api/v1/reservas                                                             186     0(0.00%) |     10       4     100      7 |   14.30        0.00
GET      GET /api/v1/reservas/{id}                                                         50     0(0.00%) |      6       3      55      5 |    3.10        0.00
POST     POST /api/v1/auth/login                                                           50     0(0.00%) |   1349     567    2006   1400 |    5.00        0.00
--------|----------------------------------------------------------------------------|-------|-------------|-------|-------|-------|-------|--------|-----------
         Aggregated                                                                       286     0(0.00%) |    243       3    2006      7 |   22.40        0.00

Type     Name                                                                          # reqs      # fails |    Avg     Min     Max    Med |   req/s  failures/s
--------|----------------------------------------------------------------------------|-------|-------------|-------|-------|-------|-------|--------|-----------
GET      GET /api/v1/reservas                                                             229     0(0.00%) |      9       4     100      7 |   17.10        0.00
GET      GET /api/v1/reservas/{id}                                                         53     0(0.00%) |      6       3      55      5 |    4.50        0.00
POST     POST /api/v1/auth/login                                                           50     0(0.00%) |   1349     567    2006   1400 |    4.00        0.00
--------|----------------------------------------------------------------------------|-------|-------------|-------|-------|-------|-------|--------|-----------
         Aggregated                                                                       332     0(0.00%) |    210       3    2006      7 |   25.60        0.00

Type     Name                                                                          # reqs      # fails |    Avg     Min     Max    Med |   req/s  failures/s
--------|----------------------------------------------------------------------------|-------|-------------|-------|-------|-------|-------|--------|-----------
GET      GET /api/v1/reservas                                                             270     0(0.00%) |      8       4     100      6 |   18.50        0.00
GET      GET /api/v1/reservas/{id}                                                         68     0(0.00%) |      6       3      55      5 |    5.30        0.00
POST     POST /api/v1/auth/login                                                           50     0(0.00%) |   1349     567    2006   1400 |    2.40        0.00
--------|----------------------------------------------------------------------------|-------|-------------|-------|-------|-------|-------|--------|-----------
         Aggregated                                                                       388     0(0.00%) |    181       3    2006      6 |   26.20        0.00

Type     Name                                                                          # reqs      # fails |    Avg     Min     Max    Med |   req/s  failures/s
--------|----------------------------------------------------------------------------|-------|-------------|-------|-------|-------|-------|--------|-----------
GET      GET /api/v1/reservas                                                             303     0(0.00%) |      8       4     100      6 |   19.10        0.00
GET      GET /api/v1/reservas/{id}                                                         82     0(0.00%) |      6       3      55      5 |    5.80        0.00
POST     POST /api/v1/auth/login                                                           50     0(0.00%) |   1349     567    2006   1400 |    0.70        0.00
--------|----------------------------------------------------------------------------|-------|-------------|-------|-------|-------|-------|--------|-----------
         Aggregated                                                                       435     0(0.00%) |    162       3    2006      6 |   25.60        0.00

Type     Name                                                                          # reqs      # fails |    Avg     Min     Max    Med |   req/s  failures/s
--------|----------------------------------------------------------------------------|-------|-------------|-------|-------|-------|-------|--------|-----------
GET      GET /api/v1/reservas                                                             342     0(0.00%) |      8       4     100      6 |   18.80        0.00
GET      GET /api/v1/reservas/{id}                                                         90     0(0.00%) |      5       3      55      5 |    6.30        0.00
POST     POST /api/v1/auth/login                                                           50     0(0.00%) |   1349     567    2006   1400 |    0.00        0.00
--------|----------------------------------------------------------------------------|-------|-------------|-------|-------|-------|-------|--------|-----------
         Aggregated                                                                       482     0(0.00%) |    146       3    2006      6 |   25.10        0.00

Type     Name                                                                          # reqs      # fails |    Avg     Min     Max    Med |   req/s  failures/s
--------|----------------------------------------------------------------------------|-------|-------------|-------|-------|-------|-------|--------|-----------
GET      GET /api/v1/reservas                                                             380     0(0.00%) |      8       4     100      6 |   19.40        0.00
GET      GET /api/v1/reservas/{id}                                                         99     0(0.00%) |      5       3      55      5 |    5.60        0.00
POST     POST /api/v1/auth/login                                                           50     0(0.00%) |   1349     567    2006   1400 |    0.00        0.00
--------|----------------------------------------------------------------------------|-------|-------------|-------|-------|-------|-------|--------|-----------
         Aggregated                                                                       529     0(0.00%) |    134       3    2006      6 |   25.00        0.00

Type     Name                                                                          # reqs      # fails |    Avg     Min     Max    Med |   req/s  failures/s
--------|----------------------------------------------------------------------------|-------|-------------|-------|-------|-------|-------|--------|-----------
GET      GET /api/v1/reservas                                                             421     0(0.00%) |      7       4     100      6 |   19.50        0.00
GET      GET /api/v1/reservas/{id}                                                        107     0(0.00%) |      5       3      55      5 |    5.30        0.00
POST     POST /api/v1/auth/login                                                           50     0(0.00%) |   1349     567    2006   1400 |    0.00        0.00
--------|----------------------------------------------------------------------------|-------|-------------|-------|-------|-------|-------|--------|-----------
         Aggregated                                                                       578     0(0.00%) |    123       3    2006      6 |   24.80        0.00

Type     Name                                                                          # reqs      # fails |    Avg     Min     Max    Med |   req/s  failures/s
--------|----------------------------------------------------------------------------|-------|-------------|-------|-------|-------|-------|--------|-----------
GET      GET /api/v1/reservas                                                             459     0(0.00%) |      7       4     100      6 |   19.10        0.00
GET      GET /api/v1/reservas/{id}                                                        121     0(0.00%) |      5       3      55      5 |    5.30        0.00
POST     POST /api/v1/auth/login                                                           50     0(0.00%) |   1349     567    2006   1400 |    0.00        0.00
--------|----------------------------------------------------------------------------|-------|-------------|-------|-------|-------|-------|--------|-----------
         Aggregated                                                                       630     0(0.00%) |    113       3    2006      6 |   24.40        0.00

Type     Name                                                                          # reqs      # fails |    Avg     Min     Max    Med |   req/s  failures/s
--------|----------------------------------------------------------------------------|-------|-------------|-------|-------|-------|-------|--------|-----------
GET      GET /api/v1/reservas                                                             499     0(0.00%) |      7       4     100      6 |   19.30        0.00
GET      GET /api/v1/reservas/{id}                                                        130     0(0.00%) |      5       3      55      5 |    5.20        0.00
POST     POST /api/v1/auth/login                                                           50     0(0.00%) |   1349     567    2006   1400 |    0.00        0.00
--------|----------------------------------------------------------------------------|-------|-------------|-------|-------|-------|-------|--------|-----------
         Aggregated                                                                       679     0(0.00%) |    106       3    2006      6 |   24.50        0.00

Type     Name                                                                          # reqs      # fails |    Avg     Min     Max    Med |   req/s  failures/s
--------|----------------------------------------------------------------------------|-------|-------------|-------|-------|-------|-------|--------|-----------
GET      GET /api/v1/reservas                                                             529     0(0.00%) |      7       4     100      6 |   19.40        0.00
GET      GET /api/v1/reservas/{id}                                                        148     0(0.00%) |      5       2      55      5 |    4.70        0.00
POST     POST /api/v1/auth/login                                                           50     0(0.00%) |   1349     567    2006   1400 |    0.00        0.00
--------|----------------------------------------------------------------------------|-------|-------------|-------|-------|-------|-------|--------|-----------
         Aggregated                                                                       727     0(0.00%) |     99       2    2006      6 |   24.10        0.00

Type     Name                                                                          # reqs      # fails |    Avg     Min     Max    Med |   req/s  failures/s
--------|----------------------------------------------------------------------------|-------|-------------|-------|-------|-------|-------|--------|-----------
GET      GET /api/v1/reservas                                                             563     0(0.00%) |      7       3     100      6 |   18.30        0.00
GET      GET /api/v1/reservas/{id}                                                        164     0(0.00%) |      5       2      55      5 |    5.90        0.00
POST     POST /api/v1/auth/login                                                           50     0(0.00%) |   1349     567    2006   1400 |    0.00        0.00
--------|----------------------------------------------------------------------------|-------|-------------|-------|-------|-------|-------|--------|-----------
         Aggregated                                                                       777     0(0.00%) |     93       2    2006      6 |   24.20        0.00

Type     Name                                                                          # reqs      # fails |    Avg     Min     Max    Med |   req/s  failures/s
--------|----------------------------------------------------------------------------|-------|-------------|-------|-------|-------|-------|--------|-----------
GET      GET /api/v1/reservas                                                             598     0(0.00%) |      7       3     100      6 |   18.10        0.00
GET      GET /api/v1/reservas/{id}                                                        175     0(0.00%) |      5       2      55      5 |    6.30        0.00
POST     POST /api/v1/auth/login                                                           50     0(0.00%) |   1349     567    2006   1400 |    0.00        0.00
--------|----------------------------------------------------------------------------|-------|-------------|-------|-------|-------|-------|--------|-----------
         Aggregated                                                                       823     0(0.00%) |     88       2    2006      6 |   24.40        0.00

Type     Name                                                                          # reqs      # fails |    Avg     Min     Max    Med |   req/s  failures/s
--------|----------------------------------------------------------------------------|-------|-------------|-------|-------|-------|-------|--------|-----------
GET      GET /api/v1/reservas                                                             641     0(0.00%) |      7       3     100      6 |   18.10        0.00
GET      GET /api/v1/reservas/{id}                                                        186     0(0.00%) |      5       2      55      5 |    6.70        0.00
POST     POST /api/v1/auth/login                                                           50     0(0.00%) |   1349     567    2006   1400 |    0.00        0.00
--------|----------------------------------------------------------------------------|-------|-------------|-------|-------|-------|-------|--------|-----------
         Aggregated                                                                       877     0(0.00%) |     83       2    2006      6 |   24.80        0.00

Type     Name                                                                          # reqs      # fails |    Avg     Min     Max    Med |   req/s  failures/s
--------|----------------------------------------------------------------------------|-------|-------------|-------|-------|-------|-------|--------|-----------
GET      GET /api/v1/reservas                                                             672     0(0.00%) |      7       3     100      6 |   17.90        0.00
GET      GET /api/v1/reservas/{id}                                                        201     0(0.00%) |      5       2      55      5 |    6.60        0.00
POST     POST /api/v1/auth/login                                                           50     0(0.00%) |   1349     567    2006   1400 |    0.00        0.00
--------|----------------------------------------------------------------------------|-------|-------------|-------|-------|-------|-------|--------|-----------
         Aggregated                                                                       923     0(0.00%) |     79       2    2006      6 |   24.50        0.00

Type     Name                                                                          # reqs      # fails |    Avg     Min     Max    Med |   req/s  failures/s
--------|----------------------------------------------------------------------------|-------|-------------|-------|-------|-------|-------|--------|-----------
GET      GET /api/v1/reservas                                                             711     0(0.00%) |      7       3     100      6 |   17.30        0.00
GET      GET /api/v1/reservas/{id}                                                        216     0(0.00%) |      5       2      55      5 |    7.00        0.00
POST     POST /api/v1/auth/login                                                           50     0(0.00%) |   1349     567    2006   1400 |    0.00        0.00
--------|----------------------------------------------------------------------------|-------|-------------|-------|-------|-------|-------|--------|-----------
         Aggregated                                                                       977     0(0.00%) |     75       2    2006      6 |   24.30        0.00

Type     Name                                                                          # reqs      # fails |    Avg     Min     Max    Med |   req/s  failures/s
--------|----------------------------------------------------------------------------|-------|-------------|-------|-------|-------|-------|--------|-----------
GET      GET /api/v1/reservas                                                             755     0(0.00%) |      7       3     100      6 |   18.30        0.00
GET      GET /api/v1/reservas/{id}                                                        223     0(0.00%) |      5       2      55      5 |    6.40        0.00
POST     POST /api/v1/auth/login                                                           50     0(0.00%) |   1349     567    2006   1400 |    0.00        0.00
--------|----------------------------------------------------------------------------|-------|-------------|-------|-------|-------|-------|--------|-----------
         Aggregated                                                                      1028     0(0.00%) |     72       2    2006      6 |   24.70        0.00

Type     Name                                                                          # reqs      # fails |    Avg     Min     Max    Med |   req/s  failures/s
--------|----------------------------------------------------------------------------|-------|-------------|-------|-------|-------|-------|--------|-----------
GET      GET /api/v1/reservas                                                             792     0(0.00%) |      7       3     100      6 |   19.10        0.00
GET      GET /api/v1/reservas/{id}                                                        235     0(0.00%) |      5       2      55      5 |    6.00        0.00
POST     POST /api/v1/auth/login                                                           50     0(0.00%) |   1349     567    2006   1400 |    0.00        0.00
--------|----------------------------------------------------------------------------|-------|-------------|-------|-------|-------|-------|--------|-----------
         Aggregated                                                                      1077     0(0.00%) |     69       2    2006      6 |   25.10        0.00

Type     Name                                                                          # reqs      # fails |    Avg     Min     Max    Med |   req/s  failures/s
--------|----------------------------------------------------------------------------|-------|-------------|-------|-------|-------|-------|--------|-----------
GET      GET /api/v1/reservas                                                             827     0(0.00%) |      7       3     100      6 |   19.40        0.00
GET      GET /api/v1/reservas/{id}                                                        243     0(0.00%) |      5       2      55      5 |    5.70        0.00
POST     POST /api/v1/auth/login                                                           50     0(0.00%) |   1349     567    2006   1400 |    0.00        0.00
--------|----------------------------------------------------------------------------|-------|-------------|-------|-------|-------|-------|--------|-----------
         Aggregated                                                                      1120     0(0.00%) |     66       2    2006      6 |   25.10        0.00

Type     Name                                                                          # reqs      # fails |    Avg     Min     Max    Med |   req/s  failures/s
--------|----------------------------------------------------------------------------|-------|-------------|-------|-------|-------|-------|--------|-----------
GET      GET /api/v1/reservas                                                             868     0(0.00%) |      7       3     100      6 |   18.60        0.00
GET      GET /api/v1/reservas/{id}                                                        254     0(0.00%) |      5       2      55      5 |    5.70        0.00
POST     POST /api/v1/auth/login                                                           50     0(0.00%) |   1349     567    2006   1400 |    0.00        0.00
--------|----------------------------------------------------------------------------|-------|-------------|-------|-------|-------|-------|--------|-----------
         Aggregated                                                                      1172     0(0.00%) |     63       2    2006      6 |   24.30        0.00

Type     Name                                                                          # reqs      # fails |    Avg     Min     Max    Med |   req/s  failures/s
--------|----------------------------------------------------------------------------|-------|-------------|-------|-------|-------|-------|--------|-----------
GET      GET /api/v1/reservas                                                             900     0(0.00%) |      6       3     100      6 |   19.60        0.00
GET      GET /api/v1/reservas/{id}                                                        270     0(0.00%) |      5       2      55      5 |    5.30        0.00
POST     POST /api/v1/auth/login                                                           50     0(0.00%) |   1349     567    2006   1400 |    0.00        0.00
--------|----------------------------------------------------------------------------|-------|-------------|-------|-------|-------|-------|--------|-----------
         Aggregated                                                                      1220     0(0.00%) |     61       2    2006      6 |   24.90        0.00

Type     Name                                                                          # reqs      # fails |    Avg     Min     Max    Med |   req/s  failures/s
--------|----------------------------------------------------------------------------|-------|-------------|-------|-------|-------|-------|--------|-----------
GET      GET /api/v1/reservas                                                             943     0(0.00%) |      6       3     100      6 |   19.20        0.00
GET      GET /api/v1/reservas/{id}                                                        278     0(0.00%) |      5       2      55      5 |    5.70        0.00
POST     POST /api/v1/auth/login                                                           50     0(0.00%) |   1349     567    2006   1400 |    0.00        0.00
--------|----------------------------------------------------------------------------|-------|-------------|-------|-------|-------|-------|--------|-----------
         Aggregated                                                                      1271     0(0.00%) |     59       2    2006      6 |   24.90        0.00

Type     Name                                                                          # reqs      # fails |    Avg     Min     Max    Med |   req/s  failures/s
--------|----------------------------------------------------------------------------|-------|-------------|-------|-------|-------|-------|--------|-----------
GET      GET /api/v1/reservas                                                             975     0(0.00%) |      6       3     100      6 |   18.60        0.00
GET      GET /api/v1/reservas/{id}                                                        296     0(0.00%) |      5       2      55      5 |    5.70        0.00
POST     POST /api/v1/auth/login                                                           50     0(0.00%) |   1349     567    2006   1400 |    0.00        0.00
--------|----------------------------------------------------------------------------|-------|-------------|-------|-------|-------|-------|--------|-----------
         Aggregated                                                                      1321     0(0.00%) |     57       2    2006      6 |   24.30        0.00

Type     Name                                                                          # reqs      # fails |    Avg     Min     Max    Med |   req/s  failures/s
--------|----------------------------------------------------------------------------|-------|-------------|-------|-------|-------|-------|--------|-----------
GET      GET /api/v1/reservas                                                            1010     0(0.00%) |      6       3     100      6 |   18.40        0.00
GET      GET /api/v1/reservas/{id}                                                        309     0(0.00%) |      5       2      55      5 |    5.90        0.00
POST     POST /api/v1/auth/login                                                           50     0(0.00%) |   1349     567    2006   1400 |    0.00        0.00
--------|----------------------------------------------------------------------------|-------|-------------|-------|-------|-------|-------|--------|-----------
         Aggregated                                                                      1369     0(0.00%) |     55       2    2006      6 |   24.30        0.00

Type     Name                                                                          # reqs      # fails |    Avg     Min     Max    Med |   req/s  failures/s
--------|----------------------------------------------------------------------------|-------|-------------|-------|-------|-------|-------|--------|-----------
GET      GET /api/v1/reservas                                                            1040     0(0.00%) |      6       3     100      6 |   18.10        0.00
GET      GET /api/v1/reservas/{id}                                                        324     0(0.00%) |      5       2      55      5 |    6.70        0.00
POST     POST /api/v1/auth/login                                                           50     0(0.00%) |   1349     567    2006   1400 |    0.00        0.00
--------|----------------------------------------------------------------------------|-------|-------------|-------|-------|-------|-------|--------|-----------
         Aggregated                                                                      1414     0(0.00%) |     54       2    2006      6 |   24.80        0.00

Type     Name                                                                          # reqs      # fails |    Avg     Min     Max    Med |   req/s  failures/s
--------|----------------------------------------------------------------------------|-------|-------------|-------|-------|-------|-------|--------|-----------
GET      GET /api/v1/reservas                                                            1067     0(0.00%) |      6       3     100      6 |   17.40        0.00
GET      GET /api/v1/reservas/{id}                                                        341     0(0.00%) |      5       2      55      5 |    7.10        0.00
POST     POST /api/v1/auth/login                                                           50     0(0.00%) |   1349     567    2006   1400 |    0.00        0.00
--------|----------------------------------------------------------------------------|-------|-------------|-------|-------|-------|-------|--------|-----------
         Aggregated                                                                      1458     0(0.00%) |     52       2    2006      6 |   24.50        0.00

Type     Name                                                                          # reqs      # fails |    Avg     Min     Max    Med |   req/s  failures/s
--------|----------------------------------------------------------------------------|-------|-------------|-------|-------|-------|-------|--------|-----------
GET      GET /api/v1/reservas                                                            1108     0(0.00%) |      6       3     100      6 |   17.00        0.00
GET      GET /api/v1/reservas/{id}                                                        352     0(0.00%) |      5       2      55      5 |    7.10        0.00
POST     POST /api/v1/auth/login                                                           50     0(0.00%) |   1349     567    2006   1400 |    0.00        0.00
--------|----------------------------------------------------------------------------|-------|-------------|-------|-------|-------|-------|--------|-----------
         Aggregated                                                                      1510     0(0.00%) |     50       2    2006      6 |   24.10        0.00

Type     Name                                                                          # reqs      # fails |    Avg     Min     Max    Med |   req/s  failures/s
--------|----------------------------------------------------------------------------|-------|-------------|-------|-------|-------|-------|--------|-----------
GET      GET /api/v1/reservas                                                            1152     0(0.00%) |      7       3     151      6 |   16.60        0.00
GET      GET /api/v1/reservas/{id}                                                        364     0(0.00%) |      5       2     166      5 |    7.30        0.00
POST     POST /api/v1/auth/login                                                           50     0(0.00%) |   1349     567    2006   1400 |    0.00        0.00
--------|----------------------------------------------------------------------------|-------|-------------|-------|-------|-------|-------|--------|-----------
         Aggregated                                                                      1566     0(0.00%) |     50       2    2006      6 |   23.90        0.00

Type     Name                                                                          # reqs      # fails |    Avg     Min     Max    Med |   req/s  failures/s
--------|----------------------------------------------------------------------------|-------|-------------|-------|-------|-------|-------|--------|-----------
GET      GET /api/v1/reservas                                                            1185     0(0.00%) |      8       3     171      6 |   17.20        0.00
GET      GET /api/v1/reservas/{id}                                                        377     0(0.00%) |      5       2     166      5 |    7.10        0.00
POST     POST /api/v1/auth/login                                                           50     0(0.00%) |   1349     567    2006   1400 |    0.00        0.00
--------|----------------------------------------------------------------------------|-------|-------------|-------|-------|-------|-------|--------|-----------
         Aggregated                                                                      1612     0(0.00%) |     49       2    2006      6 |   24.30        0.00

Type     Name                                                                          # reqs      # fails |    Avg     Min     Max    Med |   req/s  failures/s
--------|----------------------------------------------------------------------------|-------|-------------|-------|-------|-------|-------|--------|-----------
GET      GET /api/v1/reservas                                                            1222     0(0.00%) |      8       3     171      6 |   17.00        0.00
GET      GET /api/v1/reservas/{id}                                                        389     0(0.00%) |      5       2     166      5 |    6.50        0.00
POST     POST /api/v1/auth/login                                                           50     0(0.00%) |   1349     567    2006   1400 |    0.00        0.00
--------|----------------------------------------------------------------------------|-------|-------------|-------|-------|-------|-------|--------|-----------
         Aggregated                                                                      1661     0(0.00%) |     48       2    2006      6 |   23.50        0.00

Type     Name                                                                          # reqs      # fails |    Avg     Min     Max    Med |   req/s  failures/s
--------|----------------------------------------------------------------------------|-------|-------------|-------|-------|-------|-------|--------|-----------
GET      GET /api/v1/reservas                                                            1270     0(0.00%) |      8       3     171      6 |   17.80        0.00
GET      GET /api/v1/reservas/{id}                                                        400     0(0.00%) |      5       2     166      5 |    6.40        0.00
POST     POST /api/v1/auth/login                                                           50     0(0.00%) |   1349     567    2006   1400 |    0.00        0.00
--------|----------------------------------------------------------------------------|-------|-------------|-------|-------|-------|-------|--------|-----------
         Aggregated                                                                      1720     0(0.00%) |     46       2    2006      6 |   24.20        0.00

Type     Name                                                                          # reqs      # fails |    Avg     Min     Max    Med |   req/s  failures/s
--------|----------------------------------------------------------------------------|-------|-------------|-------|-------|-------|-------|--------|-----------
GET      GET /api/v1/reservas                                                            1304     0(0.00%) |      8       3     171      6 |   18.60        0.00
GET      GET /api/v1/reservas/{id}                                                        407     0(0.00%) |      5       2     166      5 |    6.20        0.00
POST     POST /api/v1/auth/login                                                           50     0(0.00%) |   1349     567    2006   1400 |    0.00        0.00
--------|----------------------------------------------------------------------------|-------|-------------|-------|-------|-------|-------|--------|-----------
         Aggregated                                                                      1761     0(0.00%) |     45       2    2006      6 |   24.80        0.00

Type     Name                                                                          # reqs      # fails |    Avg     Min     Max    Med |   req/s  failures/s
--------|----------------------------------------------------------------------------|-------|-------------|-------|-------|-------|-------|--------|-----------
GET      GET /api/v1/reservas                                                            1339     0(0.00%) |      8       3     171      6 |   19.60        0.00
GET      GET /api/v1/reservas/{id}                                                        419     0(0.00%) |      5       2     166      5 |    5.60        0.00
POST     POST /api/v1/auth/login                                                           50     0(0.00%) |   1349     567    2006   1400 |    0.00        0.00
--------|----------------------------------------------------------------------------|-------|-------------|-------|-------|-------|-------|--------|-----------
         Aggregated                                                                      1808     0(0.00%) |     44       2    2006      6 |   25.20        0.00

Type     Name                                                                          # reqs      # fails |    Avg     Min     Max    Med |   req/s  failures/s
--------|----------------------------------------------------------------------------|-------|-------------|-------|-------|-------|-------|--------|-----------
GET      GET /api/v1/reservas                                                            1374     0(0.00%) |      8       3     171      6 |   18.90        0.00
GET      GET /api/v1/reservas/{id}                                                        435     0(0.00%) |      5       2     166      5 |    5.70        0.00
POST     POST /api/v1/auth/login                                                           50     0(0.00%) |   1349     567    2006   1400 |    0.00        0.00
--------|----------------------------------------------------------------------------|-------|-------------|-------|-------|-------|-------|--------|-----------
         Aggregated                                                                      1859     0(0.00%) |     43       2    2006      6 |   24.60        0.00

Type     Name                                                                          # reqs      # fails |    Avg     Min     Max    Med |   req/s  failures/s
--------|----------------------------------------------------------------------------|-------|-------------|-------|-------|-------|-------|--------|-----------
GET      GET /api/v1/reservas                                                            1416     0(0.00%) |      8       3     171      6 |   19.60        0.00
GET      GET /api/v1/reservas/{id}                                                        447     0(0.00%) |      5       2     166      5 |    6.10        0.00
POST     POST /api/v1/auth/login                                                           50     0(0.00%) |   1349     567    2006   1400 |    0.00        0.00
--------|----------------------------------------------------------------------------|-------|-------------|-------|-------|-------|-------|--------|-----------
         Aggregated                                                                      1913     0(0.00%) |     42       2    2006      6 |   25.70        0.00

Type     Name                                                                          # reqs      # fails |    Avg     Min     Max    Med |   req/s  failures/s
--------|----------------------------------------------------------------------------|-------|-------------|-------|-------|-------|-------|--------|-----------
GET      GET /api/v1/reservas                                                            1452     0(0.00%) |      8       3     171      6 |   19.70        0.00
GET      GET /api/v1/reservas/{id}                                                        462     0(0.00%) |      5       2     166      5 |    5.80        0.00
POST     POST /api/v1/auth/login                                                           50     0(0.00%) |   1349     567    2006   1400 |    0.00        0.00
--------|----------------------------------------------------------------------------|-------|-------------|-------|-------|-------|-------|--------|-----------
         Aggregated                                                                      1964     0(0.00%) |     41       2    2006      6 |   25.50        0.00

Type     Name                                                                          # reqs      # fails |    Avg     Min     Max    Med |   req/s  failures/s
--------|----------------------------------------------------------------------------|-------|-------------|-------|-------|-------|-------|--------|-----------
GET      GET /api/v1/reservas                                                            1497     0(0.00%) |      7       3     171      6 |   19.30        0.00
GET      GET /api/v1/reservas/{id}                                                        470     0(0.00%) |      5       2     166      5 |    5.80        0.00
POST     POST /api/v1/auth/login                                                           50     0(0.00%) |   1349     567    2006   1400 |    0.00        0.00
--------|----------------------------------------------------------------------------|-------|-------------|-------|-------|-------|-------|--------|-----------
         Aggregated                                                                      2017     0(0.00%) |     40       2    2006      6 |   25.10        0.00

Type     Name                                                                          # reqs      # fails |    Avg     Min     Max    Med |   req/s  failures/s
--------|----------------------------------------------------------------------------|-------|-------------|-------|-------|-------|-------|--------|-----------
GET      GET /api/v1/reservas                                                            1529     0(0.00%) |      7       3     171      6 |   18.70        0.00
GET      GET /api/v1/reservas/{id}                                                        485     0(0.00%) |      5       2     166      5 |    6.10        0.00
POST     POST /api/v1/auth/login                                                           50     0(0.00%) |   1349     567    2006   1400 |    0.00        0.00
--------|----------------------------------------------------------------------------|-------|-------------|-------|-------|-------|-------|--------|-----------
         Aggregated                                                                      2064     0(0.00%) |     39       2    2006      6 |   24.80        0.00

Type     Name                                                                          # reqs      # fails |    Avg     Min     Max    Med |   req/s  failures/s
--------|----------------------------------------------------------------------------|-------|-------------|-------|-------|-------|-------|--------|-----------
GET      GET /api/v1/reservas                                                            1562     0(0.00%) |      7       3     171      6 |   18.70        0.00
GET      GET /api/v1/reservas/{id}                                                        499     0(0.00%) |      5       2     166      5 |    6.50        0.00
POST     POST /api/v1/auth/login                                                           50     0(0.00%) |   1349     567    2006   1400 |    0.00        0.00
--------|----------------------------------------------------------------------------|-------|-------------|-------|-------|-------|-------|--------|-----------
         Aggregated                                                                      2111     0(0.00%) |     39       2    2006      6 |   25.20        0.00

Type     Name                                                                          # reqs      # fails |    Avg     Min     Max    Med |   req/s  failures/s
--------|----------------------------------------------------------------------------|-------|-------------|-------|-------|-------|-------|--------|-----------
GET      GET /api/v1/reservas                                                            1606     0(0.00%) |      7       3     171      6 |   18.80        0.00
GET      GET /api/v1/reservas/{id}                                                        510     0(0.00%) |      5       2     166      5 |    6.40        0.00
POST     POST /api/v1/auth/login                                                           50     0(0.00%) |   1349     567    2006   1400 |    0.00        0.00
--------|----------------------------------------------------------------------------|-------|-------------|-------|-------|-------|-------|--------|-----------
         Aggregated                                                                      2166     0(0.00%) |     38       2    2006      6 |   25.20        0.00

Type     Name                                                                          # reqs      # fails |    Avg     Min     Max    Med |   req/s  failures/s
--------|----------------------------------------------------------------------------|-------|-------------|-------|-------|-------|-------|--------|-----------
GET      GET /api/v1/reservas                                                            1636     0(0.00%) |      7       3     171      6 |   18.70        0.00
GET      GET /api/v1/reservas/{id}                                                        525     0(0.00%) |      5       2     166      5 |    6.40        0.00
POST     POST /api/v1/auth/login                                                           50     0(0.00%) |   1349     567    2006   1400 |    0.00        0.00
--------|----------------------------------------------------------------------------|-------|-------------|-------|-------|-------|-------|--------|-----------
         Aggregated                                                                      2211     0(0.00%) |     37       2    2006      6 |   25.10        0.00

Type     Name                                                                          # reqs      # fails |    Avg     Min     Max    Med |   req/s  failures/s
--------|----------------------------------------------------------------------------|-------|-------------|-------|-------|-------|-------|--------|-----------
GET      GET /api/v1/reservas                                                            1676     0(0.00%) |      7       3     171      6 |   18.40        0.00
GET      GET /api/v1/reservas/{id}                                                        540     0(0.00%) |      5       2     166      5 |    6.40        0.00
POST     POST /api/v1/auth/login                                                           50     0(0.00%) |   1349     567    2006   1400 |    0.00        0.00
--------|----------------------------------------------------------------------------|-------|-------------|-------|-------|-------|-------|--------|-----------
         Aggregated                                                                      2266     0(0.00%) |     37       2    2006      6 |   24.80        0.00

Type     Name                                                                          # reqs      # fails |    Avg     Min     Max    Med |   req/s  failures/s
--------|----------------------------------------------------------------------------|-------|-------------|-------|-------|-------|-------|--------|-----------
GET      GET /api/v1/reservas                                                            1711     0(0.00%) |      7       3     171      6 |   18.40        0.00
GET      GET /api/v1/reservas/{id}                                                        551     0(0.00%) |      5       2     166      5 |    6.60        0.00
POST     POST /api/v1/auth/login                                                           50     0(0.00%) |   1349     567    2006   1400 |    0.00        0.00
--------|----------------------------------------------------------------------------|-------|-------------|-------|-------|-------|-------|--------|-----------
         Aggregated                                                                      2312     0(0.00%) |     36       2    2006      6 |   25.00        0.00

Type     Name                                                                          # reqs      # fails |    Avg     Min     Max    Med |   req/s  failures/s
--------|----------------------------------------------------------------------------|-------|-------------|-------|-------|-------|-------|--------|-----------
GET      GET /api/v1/reservas                                                            1755     0(0.00%) |      7       3     171      6 |   18.40        0.00
GET      GET /api/v1/reservas/{id}                                                        561     0(0.00%) |      5       2     166      5 |    6.50        0.00
POST     POST /api/v1/auth/login                                                           50     0(0.00%) |   1349     567    2006   1400 |    0.00        0.00
--------|----------------------------------------------------------------------------|-------|-------------|-------|-------|-------|-------|--------|-----------
         Aggregated                                                                      2366     0(0.00%) |     35       2    2006      6 |   24.90        0.00

Type     Name                                                                          # reqs      # fails |    Avg     Min     Max    Med |   req/s  failures/s
--------|----------------------------------------------------------------------------|-------|-------------|-------|-------|-------|-------|--------|-----------
GET      GET /api/v1/reservas                                                            1789     0(0.00%) |      7       3     171      6 |   18.60        0.00
GET      GET /api/v1/reservas/{id}                                                        574     0(0.00%) |      5       2     166      5 |    6.10        0.00
POST     POST /api/v1/auth/login                                                           50     0(0.00%) |   1349     567    2006   1400 |    0.00        0.00
--------|----------------------------------------------------------------------------|-------|-------------|-------|-------|-------|-------|--------|-----------
         Aggregated                                                                      2413     0(0.00%) |     35       2    2006      6 |   24.70        0.00

Type     Name                                                                          # reqs      # fails |    Avg     Min     Max    Med |   req/s  failures/s
--------|----------------------------------------------------------------------------|-------|-------------|-------|-------|-------|-------|--------|-----------
GET      GET /api/v1/reservas                                                            1824     0(0.00%) |      7       3     171      6 |   18.20        0.00
GET      GET /api/v1/reservas/{id}                                                        584     0(0.00%) |      5       2     166      5 |    6.40        0.00
POST     POST /api/v1/auth/login                                                           50     0(0.00%) |   1349     567    2006   1400 |    0.00        0.00
--------|----------------------------------------------------------------------------|-------|-------------|-------|-------|-------|-------|--------|-----------
         Aggregated                                                                      2458     0(0.00%) |     34       2    2006      6 |   24.60        0.00

Type     Name                                                                          # reqs      # fails |    Avg     Min     Max    Med |   req/s  failures/s
--------|----------------------------------------------------------------------------|-------|-------------|-------|-------|-------|-------|--------|-----------
GET      GET /api/v1/reservas                                                            1867     0(0.00%) |      7       3     171      6 |   19.20        0.00
GET      GET /api/v1/reservas/{id}                                                        596     0(0.00%) |      5       2     166      5 |    6.10        0.00
POST     POST /api/v1/auth/login                                                           50     0(0.00%) |   1349     567    2006   1400 |    0.00        0.00
--------|----------------------------------------------------------------------------|-------|-------------|-------|-------|-------|-------|--------|-----------
         Aggregated                                                                      2513     0(0.00%) |     34       2    2006      6 |   25.30        0.00

Type     Name                                                                          # reqs      # fails |    Avg     Min     Max    Med |   req/s  failures/s
--------|----------------------------------------------------------------------------|-------|-------------|-------|-------|-------|-------|--------|-----------
GET      GET /api/v1/reservas                                                            1902     0(0.00%) |      7       3     171      6 |   18.80        0.00
GET      GET /api/v1/reservas/{id}                                                        609     0(0.00%) |      5       2     166      5 |    5.90        0.00
POST     POST /api/v1/auth/login                                                           50     0(0.00%) |   1349     567    2006   1400 |    0.00        0.00
--------|----------------------------------------------------------------------------|-------|-------------|-------|-------|-------|-------|--------|-----------
         Aggregated                                                                      2561     0(0.00%) |     33       2    2006      6 |   24.70        0.00

Type     Name                                                                          # reqs      # fails |    Avg     Min     Max    Med |   req/s  failures/s
--------|----------------------------------------------------------------------------|-------|-------------|-------|-------|-------|-------|--------|-----------
GET      GET /api/v1/reservas                                                            1937     0(0.00%) |      7       3     171      6 |   19.30        0.00
GET      GET /api/v1/reservas/{id}                                                        622     0(0.00%) |      5       2     166      5 |    5.70        0.00
POST     POST /api/v1/auth/login                                                           50     0(0.00%) |   1349     567    2006   1400 |    0.00        0.00
--------|----------------------------------------------------------------------------|-------|-------------|-------|-------|-------|-------|--------|-----------
         Aggregated                                                                      2609     0(0.00%) |     33       2    2006      6 |   25.00        0.00

Type     Name                                                                          # reqs      # fails |    Avg     Min     Max    Med |   req/s  failures/s
--------|----------------------------------------------------------------------------|-------|-------------|-------|-------|-------|-------|--------|-----------
GET      GET /api/v1/reservas                                                            1972     0(0.00%) |      7       3     171      6 |   19.10        0.00
GET      GET /api/v1/reservas/{id}                                                        634     0(0.00%) |      5       2     166      5 |    6.20        0.00
POST     POST /api/v1/auth/login                                                           50     0(0.00%) |   1349     567    2006   1400 |    0.00        0.00
--------|----------------------------------------------------------------------------|-------|-------------|-------|-------|-------|-------|--------|-----------
         Aggregated                                                                      2656     0(0.00%) |     32       2    2006      6 |   25.30        0.00

Type     Name                                                                          # reqs      # fails |    Avg     Min     Max    Med |   req/s  failures/s
--------|----------------------------------------------------------------------------|-------|-------------|-------|-------|-------|-------|--------|-----------
GET      GET /api/v1/reservas                                                            2012     0(0.00%) |      7       3     171      6 |   18.70        0.00
GET      GET /api/v1/reservas/{id}                                                        645     0(0.00%) |      5       2     166      5 |    6.00        0.00
POST     POST /api/v1/auth/login                                                           50     0(0.00%) |   1349     567    2006   1400 |    0.00        0.00
--------|----------------------------------------------------------------------------|-------|-------------|-------|-------|-------|-------|--------|-----------
         Aggregated                                                                      2707     0(0.00%) |     32       2    2006      6 |   24.70        0.00

Type     Name                                                                          # reqs      # fails |    Avg     Min     Max    Med |   req/s  failures/s
--------|----------------------------------------------------------------------------|-------|-------------|-------|-------|-------|-------|--------|-----------
GET      GET /api/v1/reservas                                                            2045     0(0.00%) |      7       3     171      6 |   17.80        0.00
GET      GET /api/v1/reservas/{id}                                                        658     0(0.00%) |      5       2     166      5 |    6.10        0.00
POST     POST /api/v1/auth/login                                                           50     0(0.00%) |   1349     567    2006   1400 |    0.00        0.00
--------|----------------------------------------------------------------------------|-------|-------------|-------|-------|-------|-------|--------|-----------
         Aggregated                                                                      2753     0(0.00%) |     31       2    2006      6 |   23.90        0.00

Type     Name                                                                          # reqs      # fails |    Avg     Min     Max    Med |   req/s  failures/s
--------|----------------------------------------------------------------------------|-------|-------------|-------|-------|-------|-------|--------|-----------
GET      GET /api/v1/reservas                                                            2086     0(0.00%) |      7       3     171      6 |   18.30        0.00
GET      GET /api/v1/reservas/{id}                                                        671     0(0.00%) |      5       2     166      5 |    6.10        0.00
POST     POST /api/v1/auth/login                                                           50     0(0.00%) |   1349     567    2006   1400 |    0.00        0.00
--------|----------------------------------------------------------------------------|-------|-------------|-------|-------|-------|-------|--------|-----------
         Aggregated                                                                      2807     0(0.00%) |     31       2    2006      6 |   24.40        0.00

Type     Name                                                                          # reqs      # fails |    Avg     Min     Max    Med |   req/s  failures/s
--------|----------------------------------------------------------------------------|-------|-------------|-------|-------|-------|-------|--------|-----------
GET      GET /api/v1/reservas                                                            2118     0(0.00%) |      7       3     171      6 |   18.00        0.00
GET      GET /api/v1/reservas/{id}                                                        684     0(0.00%) |      5       2     166      5 |    6.20        0.00
POST     POST /api/v1/auth/login                                                           50     0(0.00%) |   1349     567    2006   1400 |    0.00        0.00
--------|----------------------------------------------------------------------------|-------|-------------|-------|-------|-------|-------|--------|-----------
         Aggregated                                                                      2852     0(0.00%) |     30       2    2006      6 |   24.20        0.00

Type     Name                                                                          # reqs      # fails |    Avg     Min     Max    Med |   req/s  failures/s
--------|----------------------------------------------------------------------------|-------|-------------|-------|-------|-------|-------|--------|-----------
GET      GET /api/v1/reservas                                                            2157     0(0.00%) |      7       3     171      6 |   18.00        0.00
GET      GET /api/v1/reservas/{id}                                                        699     0(0.00%) |      5       2     166      5 |    6.10        0.00
POST     POST /api/v1/auth/login                                                           50     0(0.00%) |   1349     567    2006   1400 |    0.00        0.00
--------|----------------------------------------------------------------------------|-------|-------------|-------|-------|-------|-------|--------|-----------
         Aggregated                                                                      2906     0(0.00%) |     30       2    2006      6 |   24.10        0.00

Type     Name                                                                          # reqs      # fails |    Avg     Min     Max    Med |   req/s  failures/s
--------|----------------------------------------------------------------------------|-------|-------------|-------|-------|-------|-------|--------|-----------
GET      GET /api/v1/reservas                                                            2196     0(0.00%) |      7       3     171      7 |   18.60        0.00
GET      GET /api/v1/reservas/{id}                                                        713     0(0.00%) |      5       2     166      5 |    6.20        0.00
POST     POST /api/v1/auth/login                                                           50     0(0.00%) |   1349     567    2006   1400 |    0.00        0.00
--------|----------------------------------------------------------------------------|-------|-------------|-------|-------|-------|-------|--------|-----------
         Aggregated                                                                      2959     0(0.00%) |     29       2    2006      6 |   24.80        0.00

Type     Name                                                                          # reqs      # fails |    Avg     Min     Max    Med |   req/s  failures/s
--------|----------------------------------------------------------------------------|-------|-------------|-------|-------|-------|-------|--------|-----------
GET      GET /api/v1/reservas                                                            2240     0(0.00%) |      7       3     171      7 |   18.90        0.00
GET      GET /api/v1/reservas/{id}                                                        725     0(0.00%) |      5       2     166      5 |    6.40        0.00
POST     POST /api/v1/auth/login                                                           50     0(0.00%) |   1349     567    2006   1400 |    0.00        0.00
--------|----------------------------------------------------------------------------|-------|-------------|-------|-------|-------|-------|--------|-----------
         Aggregated                                                                      3015     0(0.00%) |     29       2    2006      6 |   25.30        0.00

Type     Name                                                                          # reqs      # fails |    Avg     Min     Max    Med |   req/s  failures/s
--------|----------------------------------------------------------------------------|-------|-------------|-------|-------|-------|-------|--------|-----------
GET      GET /api/v1/reservas                                                            2275     0(0.00%) |      7       3     171      7 |   18.50        0.00
GET      GET /api/v1/reservas/{id}                                                        735     0(0.00%) |      5       2     166      5 |    7.00        0.00
POST     POST /api/v1/auth/login                                                           50     0(0.00%) |   1349     567    2006   1400 |    0.00        0.00
--------|----------------------------------------------------------------------------|-------|-------------|-------|-------|-------|-------|--------|-----------
         Aggregated                                                                      3060     0(0.00%) |     29       2    2006      6 |   25.50        0.00

Type     Name                                                                          # reqs      # fails |    Avg     Min     Max    Med |   req/s  failures/s
--------|----------------------------------------------------------------------------|-------|-------------|-------|-------|-------|-------|--------|-----------
GET      GET /api/v1/reservas                                                            2312     0(0.00%) |      7       3     171      7 |   19.10        0.00
GET      GET /api/v1/reservas/{id}                                                        749     0(0.00%) |      5       2     166      5 |    6.70        0.00
POST     POST /api/v1/auth/login                                                           50     0(0.00%) |   1349     567    2006   1400 |    0.00        0.00
--------|----------------------------------------------------------------------------|-------|-------------|-------|-------|-------|-------|--------|-----------
         Aggregated                                                                      3111     0(0.00%) |     28       2    2006      6 |   25.80        0.00

Type     Name                                                                          # reqs      # fails |    Avg     Min     Max    Med |   req/s  failures/s
--------|----------------------------------------------------------------------------|-------|-------------|-------|-------|-------|-------|--------|-----------
GET      GET /api/v1/reservas                                                            2355     0(0.00%) |      7       3     171      7 |   19.00        0.00
GET      GET /api/v1/reservas/{id}                                                        753     0(0.00%) |      5       2     166      5 |    6.70        0.00
POST     POST /api/v1/auth/login                                                           50     0(0.00%) |   1349     567    2006   1400 |    0.00        0.00
--------|----------------------------------------------------------------------------|-------|-------------|-------|-------|-------|-------|--------|-----------
         Aggregated                                                                      3158     0(0.00%) |     28       2    2006      6 |   25.70        0.00

Type     Name                                                                          # reqs      # fails |    Avg     Min     Max    Med |   req/s  failures/s
--------|----------------------------------------------------------------------------|-------|-------------|-------|-------|-------|-------|--------|-----------
GET      GET /api/v1/reservas                                                            2390     0(0.00%) |      7       3     171      7 |   19.60        0.00
GET      GET /api/v1/reservas/{id}                                                        766     0(0.00%) |      5       2     166      5 |    5.70        0.00
POST     POST /api/v1/auth/login                                                           50     0(0.00%) |   1349     567    2006   1400 |    0.00        0.00
--------|----------------------------------------------------------------------------|-------|-------------|-------|-------|-------|-------|--------|-----------
         Aggregated                                                                      3206     0(0.00%) |     28       2    2006      6 |   25.30        0.00

Type     Name                                                                          # reqs      # fails |    Avg     Min     Max    Med |   req/s  failures/s
--------|----------------------------------------------------------------------------|-------|-------------|-------|-------|-------|-------|--------|-----------
GET      GET /api/v1/reservas                                                            2428     0(0.00%) |      7       3     171      7 |   19.70        0.00
GET      GET /api/v1/reservas/{id}                                                        775     0(0.00%) |      5       2     166      5 |    5.60        0.00
POST     POST /api/v1/auth/login                                                           50     0(0.00%) |   1349     567    2006   1400 |    0.00        0.00
--------|----------------------------------------------------------------------------|-------|-------------|-------|-------|-------|-------|--------|-----------
         Aggregated                                                                      3253     0(0.00%) |     27       2    2006      6 |   25.30        0.00

Type     Name                                                                          # reqs      # fails |    Avg     Min     Max    Med |   req/s  failures/s
--------|----------------------------------------------------------------------------|-------|-------------|-------|-------|-------|-------|--------|-----------
GET      GET /api/v1/reservas                                                            2464     0(0.00%) |      7       3     171      7 |   19.80        0.00
GET      GET /api/v1/reservas/{id}                                                        784     0(0.00%) |      5       2     166      5 |    4.90        0.00
POST     POST /api/v1/auth/login                                                           50     0(0.00%) |   1349     567    2006   1400 |    0.00        0.00
--------|----------------------------------------------------------------------------|-------|-------------|-------|-------|-------|-------|--------|-----------
         Aggregated                                                                      3298     0(0.00%) |     27       2    2006      6 |   24.70        0.00

Type     Name                                                                          # reqs      # fails |    Avg     Min     Max    Med |   req/s  failures/s
--------|----------------------------------------------------------------------------|-------|-------------|-------|-------|-------|-------|--------|-----------
GET      GET /api/v1/reservas                                                            2507     0(0.00%) |      7       3     171      7 |   19.00        0.00
GET      GET /api/v1/reservas/{id}                                                        801     0(0.00%) |      5       2     166      5 |    5.00        0.00
POST     POST /api/v1/auth/login                                                           50     0(0.00%) |   1349     567    2006   1400 |    0.00        0.00
--------|----------------------------------------------------------------------------|-------|-------------|-------|-------|-------|-------|--------|-----------
         Aggregated                                                                      3358     0(0.00%) |     27       2    2006      6 |   24.00        0.00

Type     Name                                                                          # reqs      # fails |    Avg     Min     Max    Med |   req/s  failures/s
--------|----------------------------------------------------------------------------|-------|-------------|-------|-------|-------|-------|--------|-----------
GET      GET /api/v1/reservas                                                            2540     0(0.00%) |      7       3     171      7 |   19.20        0.00
GET      GET /api/v1/reservas/{id}                                                        814     0(0.00%) |      5       2     166      5 |    5.10        0.00
POST     POST /api/v1/auth/login                                                           50     0(0.00%) |   1349     567    2006   1400 |    0.00        0.00
--------|----------------------------------------------------------------------------|-------|-------------|-------|-------|-------|-------|--------|-----------
         Aggregated                                                                      3404     0(0.00%) |     26       2    2006      6 |   24.30        0.00

Type     Name                                                                          # reqs      # fails |    Avg     Min     Max    Med |   req/s  failures/s
--------|----------------------------------------------------------------------------|-------|-------------|-------|-------|-------|-------|--------|-----------
GET      GET /api/v1/reservas                                                            2575     0(0.00%) |      7       3     171      7 |   18.90        0.00
GET      GET /api/v1/reservas/{id}                                                        829     0(0.00%) |      5       2     166      5 |    6.10        0.00
POST     POST /api/v1/auth/login                                                           50     0(0.00%) |   1349     567    2006   1400 |    0.00        0.00
--------|----------------------------------------------------------------------------|-------|-------------|-------|-------|-------|-------|--------|-----------
         Aggregated                                                                      3454     0(0.00%) |     26       2    2006      6 |   25.00        0.00

Type     Name                                                                          # reqs      # fails |    Avg     Min     Max    Med |   req/s  failures/s
--------|----------------------------------------------------------------------------|-------|-------------|-------|-------|-------|-------|--------|-----------
GET      GET /api/v1/reservas                                                            2619     0(0.00%) |      7       3     171      7 |   18.60        0.00
GET      GET /api/v1/reservas/{id}                                                        839     0(0.00%) |      5       2     166      5 |    6.40        0.00
POST     POST /api/v1/auth/login                                                           50     0(0.00%) |   1349     567    2006   1400 |    0.00        0.00
--------|----------------------------------------------------------------------------|-------|-------------|-------|-------|-------|-------|--------|-----------
         Aggregated                                                                      3508     0(0.00%) |     26       2    2006      6 |   25.00        0.00

Type     Name                                                                          # reqs      # fails |    Avg     Min     Max    Med |   req/s  failures/s
--------|----------------------------------------------------------------------------|-------|-------------|-------|-------|-------|-------|--------|-----------
GET      GET /api/v1/reservas                                                            2653     0(0.00%) |      7       3     171      7 |   18.90        0.00
GET      GET /api/v1/reservas/{id}                                                        851     0(0.00%) |      5       2     166      5 |    6.30        0.00
POST     POST /api/v1/auth/login                                                           50     0(0.00%) |   1349     567    2006   1400 |    0.00        0.00
--------|----------------------------------------------------------------------------|-------|-------------|-------|-------|-------|-------|--------|-----------
         Aggregated                                                                      3554     0(0.00%) |     25       2    2006      6 |   25.20        0.00

Type     Name                                                                          # reqs      # fails |    Avg     Min     Max    Med |   req/s  failures/s
--------|----------------------------------------------------------------------------|-------|-------------|-------|-------|-------|-------|--------|-----------
GET      GET /api/v1/reservas                                                            2698     0(0.00%) |      7       3     171      7 |   19.00        0.00
GET      GET /api/v1/reservas/{id}                                                        861     0(0.00%) |      5       2     166      5 |    6.70        0.00
POST     POST /api/v1/auth/login                                                           50     0(0.00%) |   1349     567    2006   1400 |    0.00        0.00
--------|----------------------------------------------------------------------------|-------|-------------|-------|-------|-------|-------|--------|-----------
         Aggregated                                                                      3609     0(0.00%) |     25       2    2006      6 |   25.70        0.00

Type     Name                                                                          # reqs      # fails |    Avg     Min     Max    Med |   req/s  failures/s
--------|----------------------------------------------------------------------------|-------|-------------|-------|-------|-------|-------|--------|-----------
GET      GET /api/v1/reservas                                                            2733     0(0.00%) |      7       3     171      7 |   19.30        0.00
GET      GET /api/v1/reservas/{id}                                                        874     0(0.00%) |      5       2     166      5 |    5.70        0.00
POST     POST /api/v1/auth/login                                                           50     0(0.00%) |   1349     567    2006   1400 |    0.00        0.00
--------|----------------------------------------------------------------------------|-------|-------------|-------|-------|-------|-------|--------|-----------
         Aggregated                                                                      3657     0(0.00%) |     25       2    2006      6 |   25.00        0.00

Type     Name                                                                          # reqs      # fails |    Avg     Min     Max    Med |   req/s  failures/s
--------|----------------------------------------------------------------------------|-------|-------------|-------|-------|-------|-------|--------|-----------
GET      GET /api/v1/reservas                                                            2770     0(0.00%) |      7       3     171      7 |   19.30        0.00
GET      GET /api/v1/reservas/{id}                                                        886     0(0.00%) |      5       2     166      5 |    6.00        0.00
POST     POST /api/v1/auth/login                                                           50     0(0.00%) |   1349     567    2006   1400 |    0.00        0.00
--------|----------------------------------------------------------------------------|-------|-------------|-------|-------|-------|-------|--------|-----------
         Aggregated                                                                      3706     0(0.00%) |     25       2    2006      6 |   25.30        0.00

Type     Name                                                                          # reqs      # fails |    Avg     Min     Max    Med |   req/s  failures/s
--------|----------------------------------------------------------------------------|-------|-------------|-------|-------|-------|-------|--------|-----------
GET      GET /api/v1/reservas                                                            2810     0(0.00%) |      7       3     171      7 |   19.30        0.00
GET      GET /api/v1/reservas/{id}                                                        893     0(0.00%) |      5       2     166      5 |    5.40        0.00
POST     POST /api/v1/auth/login                                                           50     0(0.00%) |   1349     567    2006   1400 |    0.00        0.00
--------|----------------------------------------------------------------------------|-------|-------------|-------|-------|-------|-------|--------|-----------
         Aggregated                                                                      3753     0(0.00%) |     24       2    2006      6 |   24.70        0.00

Type     Name                                                                          # reqs      # fails |    Avg     Min     Max    Med |   req/s  failures/s
--------|----------------------------------------------------------------------------|-------|-------------|-------|-------|-------|-------|--------|-----------
GET      GET /api/v1/reservas                                                            2849     0(0.00%) |      7       3     171      7 |   19.00        0.00
GET      GET /api/v1/reservas/{id}                                                        903     0(0.00%) |      5       2     166      5 |    5.70        0.00
POST     POST /api/v1/auth/login                                                           50     0(0.00%) |   1349     567    2006   1400 |    0.00        0.00
--------|----------------------------------------------------------------------------|-------|-------------|-------|-------|-------|-------|--------|-----------
         Aggregated                                                                      3802     0(0.00%) |     24       2    2006      6 |   24.70        0.00

Type     Name                                                                          # reqs      # fails |    Avg     Min     Max    Med |   req/s  failures/s
--------|----------------------------------------------------------------------------|-------|-------------|-------|-------|-------|-------|--------|-----------
GET      GET /api/v1/reservas                                                            2894     0(0.00%) |      7       3     171      7 |   19.20        0.00
GET      GET /api/v1/reservas/{id}                                                        913     0(0.00%) |      5       2     166      5 |    5.10        0.00
POST     POST /api/v1/auth/login                                                           50     0(0.00%) |   1349     567    2006   1400 |    0.00        0.00
--------|----------------------------------------------------------------------------|-------|-------------|-------|-------|-------|-------|--------|-----------
         Aggregated                                                                      3857     0(0.00%) |     24       2    2006      6 |   24.30        0.00

Type     Name                                                                          # reqs      # fails |    Avg     Min     Max    Med |   req/s  failures/s
--------|----------------------------------------------------------------------------|-------|-------------|-------|-------|-------|-------|--------|-----------
GET      GET /api/v1/reservas                                                            2932     0(0.00%) |      7       3     171      7 |   19.70        0.00
GET      GET /api/v1/reservas/{id}                                                        925     0(0.00%) |      5       2     166      5 |    5.20        0.00
POST     POST /api/v1/auth/login                                                           50     0(0.00%) |   1349     567    2006   1400 |    0.00        0.00
--------|----------------------------------------------------------------------------|-------|-------------|-------|-------|-------|-------|--------|-----------
         Aggregated                                                                      3907     0(0.00%) |     24       2    2006      6 |   24.90        0.00

Type     Name                                                                          # reqs      # fails |    Avg     Min     Max    Med |   req/s  failures/s
--------|----------------------------------------------------------------------------|-------|-------------|-------|-------|-------|-------|--------|-----------
GET      GET /api/v1/reservas                                                            2973     0(0.00%) |      7       3     171      7 |   19.20        0.00
GET      GET /api/v1/reservas/{id}                                                        937     0(0.00%) |      5       2     166      5 |    4.80        0.00
POST     POST /api/v1/auth/login                                                           50     0(0.00%) |   1349     567    2006   1400 |    0.00        0.00
--------|----------------------------------------------------------------------------|-------|-------------|-------|-------|-------|-------|--------|-----------
         Aggregated                                                                      3960     0(0.00%) |     23       2    2006      6 |   24.00        0.00

Type     Name                                                                          # reqs      # fails |    Avg     Min     Max    Med |   req/s  failures/s
--------|----------------------------------------------------------------------------|-------|-------------|-------|-------|-------|-------|--------|-----------
GET      GET /api/v1/reservas                                                            3018     0(0.00%) |      7       3     171      6 |   20.10        0.00
GET      GET /api/v1/reservas/{id}                                                        943     0(0.00%) |      5       2     166      5 |    5.30        0.00
POST     POST /api/v1/auth/login                                                           50     0(0.00%) |   1349     567    2006   1400 |    0.00        0.00
--------|----------------------------------------------------------------------------|-------|-------------|-------|-------|-------|-------|--------|-----------
         Aggregated                                                                      4011     0(0.00%) |     23       2    2006      6 |   25.40        0.00

Type     Name                                                                          # reqs      # fails |    Avg     Min     Max    Med |   req/s  failures/s
--------|----------------------------------------------------------------------------|-------|-------------|-------|-------|-------|-------|--------|-----------
GET      GET /api/v1/reservas                                                            3052     0(0.00%) |      7       3     171      6 |   20.60        0.00
GET      GET /api/v1/reservas/{id}                                                        952     0(0.00%) |      5       2     166      5 |    4.90        0.00
POST     POST /api/v1/auth/login                                                           50     0(0.00%) |   1349     567    2006   1400 |    0.00        0.00
--------|----------------------------------------------------------------------------|-------|-------------|-------|-------|-------|-------|--------|-----------
         Aggregated                                                                      4054     0(0.00%) |     23       2    2006      6 |   25.50        0.00

Type     Name                                                                          # reqs      # fails |    Avg     Min     Max    Med |   req/s  failures/s
--------|----------------------------------------------------------------------------|-------|-------------|-------|-------|-------|-------|--------|-----------
GET      GET /api/v1/reservas                                                            3093     0(0.00%) |      7       3     171      6 |   20.50        0.00
GET      GET /api/v1/reservas/{id}                                                        958     0(0.00%) |      5       2     166      5 |    4.70        0.00
POST     POST /api/v1/auth/login                                                           50     0(0.00%) |   1349     567    2006   1400 |    0.00        0.00
--------|----------------------------------------------------------------------------|-------|-------------|-------|-------|-------|-------|--------|-----------
         Aggregated                                                                      4101     0(0.00%) |     23       2    2006      6 |   25.20        0.00

Type     Name                                                                          # reqs      # fails |    Avg     Min     Max    Med |   req/s  failures/s
--------|----------------------------------------------------------------------------|-------|-------------|-------|-------|-------|-------|--------|-----------
GET      GET /api/v1/reservas                                                            3136     0(0.00%) |      7       3     171      6 |   19.90        0.00
GET      GET /api/v1/reservas/{id}                                                        973     0(0.00%) |      5       2     166      5 |    5.00        0.00
POST     POST /api/v1/auth/login                                                           50     0(0.00%) |   1349     567    2006   1400 |    0.00        0.00
--------|----------------------------------------------------------------------------|-------|-------------|-------|-------|-------|-------|--------|-----------
         Aggregated                                                                      4159     0(0.00%) |     23       2    2006      6 |   24.90        0.00

Type     Name                                                                          # reqs      # fails |    Avg     Min     Max    Med |   req/s  failures/s
--------|----------------------------------------------------------------------------|-------|-------------|-------|-------|-------|-------|--------|-----------
GET      GET /api/v1/reservas                                                            3162     0(0.00%) |      7       3     171      6 |   19.70        0.00
GET      GET /api/v1/reservas/{id}                                                        987     0(0.00%) |      5       2     166      5 |    4.90        0.00
POST     POST /api/v1/auth/login                                                           50     0(0.00%) |   1349     567    2006   1400 |    0.00        0.00
--------|----------------------------------------------------------------------------|-------|-------------|-------|-------|-------|-------|--------|-----------
         Aggregated                                                                      4199     0(0.00%) |     22       2    2006      6 |   24.60        0.00

Type     Name                                                                          # reqs      # fails |    Avg     Min     Max    Med |   req/s  failures/s
--------|----------------------------------------------------------------------------|-------|-------------|-------|-------|-------|-------|--------|-----------
GET      GET /api/v1/reservas                                                            3201     0(0.00%) |      7       3     171      6 |   19.00        0.00
GET      GET /api/v1/reservas/{id}                                                        998     0(0.00%) |      5       2     166      5 |    4.70        0.00
POST     POST /api/v1/auth/login                                                           50     0(0.00%) |   1349     567    2006   1400 |    0.00        0.00
--------|----------------------------------------------------------------------------|-------|-------------|-------|-------|-------|-------|--------|-----------
         Aggregated                                                                      4249     0(0.00%) |     22       2    2006      6 |   23.70        0.00

Type     Name                                                                          # reqs      # fails |    Avg     Min     Max    Med |   req/s  failures/s
--------|----------------------------------------------------------------------------|-------|-------------|-------|-------|-------|-------|--------|-----------
GET      GET /api/v1/reservas                                                            3234     0(0.00%) |      7       3     171      6 |   18.40        0.00
GET      GET /api/v1/reservas/{id}                                                       1012     0(0.00%) |      5       2     166      5 |    5.20        0.00
POST     POST /api/v1/auth/login                                                           50     0(0.00%) |   1349     567    2006   1400 |    0.00        0.00
--------|----------------------------------------------------------------------------|-------|-------------|-------|-------|-------|-------|--------|-----------
         Aggregated                                                                      4296     0(0.00%) |     22       2    2006      6 |   23.60        0.00

Type     Name                                                                          # reqs      # fails |    Avg     Min     Max    Med |   req/s  failures/s
--------|----------------------------------------------------------------------------|-------|-------------|-------|-------|-------|-------|--------|-----------
GET      GET /api/v1/reservas                                                            3272     0(0.00%) |      7       3     171      6 |   18.10        0.00
GET      GET /api/v1/reservas/{id}                                                       1025     0(0.00%) |      5       2     166      5 |    6.20        0.00
POST     POST /api/v1/auth/login                                                           50     0(0.00%) |   1349     567    2006   1400 |    0.00        0.00
--------|----------------------------------------------------------------------------|-------|-------------|-------|-------|-------|-------|--------|-----------
         Aggregated                                                                      4347     0(0.00%) |     22       2    2006      6 |   24.30        0.00

Type     Name                                                                          # reqs      # fails |    Avg     Min     Max    Med |   req/s  failures/s
--------|----------------------------------------------------------------------------|-------|-------------|-------|-------|-------|-------|--------|-----------
GET      GET /api/v1/reservas                                                            3312     0(0.00%) |      7       3     171      6 |   17.90        0.00
GET      GET /api/v1/reservas/{id}                                                       1034     0(0.00%) |      5       2     166      5 |    6.60        0.00
POST     POST /api/v1/auth/login                                                           50     0(0.00%) |   1349     567    2006   1400 |    0.00        0.00
--------|----------------------------------------------------------------------------|-------|-------------|-------|-------|-------|-------|--------|-----------
         Aggregated                                                                      4396     0(0.00%) |     22       2    2006      6 |   24.50        0.00

Type     Name                                                                          # reqs      # fails |    Avg     Min     Max    Med |   req/s  failures/s
--------|----------------------------------------------------------------------------|-------|-------------|-------|-------|-------|-------|--------|-----------
GET      GET /api/v1/reservas                                                            3345     0(0.00%) |      7       3     171      6 |   18.30        0.00
GET      GET /api/v1/reservas/{id}                                                       1043     0(0.00%) |      5       2     166      5 |    6.00        0.00
POST     POST /api/v1/auth/login                                                           50     0(0.00%) |   1349     567    2006   1400 |    0.00        0.00
--------|----------------------------------------------------------------------------|-------|-------------|-------|-------|-------|-------|--------|-----------
         Aggregated                                                                      4438     0(0.00%) |     22       2    2006      6 |   24.30        0.00

Type     Name                                                                          # reqs      # fails |    Avg     Min     Max    Med |   req/s  failures/s
--------|----------------------------------------------------------------------------|-------|-------------|-------|-------|-------|-------|--------|-----------
GET      GET /api/v1/reservas                                                            3382     0(0.00%) |      7       3     171      6 |   18.10        0.00
GET      GET /api/v1/reservas/{id}                                                       1058     0(0.00%) |      5       2     166      5 |    5.90        0.00
POST     POST /api/v1/auth/login                                                           50     0(0.00%) |   1349     567    2006   1400 |    0.00        0.00
--------|----------------------------------------------------------------------------|-------|-------------|-------|-------|-------|-------|--------|-----------
         Aggregated                                                                      4490     0(0.00%) |     21       2    2006      6 |   24.00        0.00

Type     Name                                                                          # reqs      # fails |    Avg     Min     Max    Med |   req/s  failures/s
--------|----------------------------------------------------------------------------|-------|-------------|-------|-------|-------|-------|--------|-----------
GET      GET /api/v1/reservas                                                            3422     0(0.00%) |      7       3     171      6 |   18.50        0.00
GET      GET /api/v1/reservas/{id}                                                       1073     0(0.00%) |      5       2     166      5 |    6.00        0.00
POST     POST /api/v1/auth/login                                                           50     0(0.00%) |   1349     567    2006   1400 |    0.00        0.00
--------|----------------------------------------------------------------------------|-------|-------------|-------|-------|-------|-------|--------|-----------
         Aggregated                                                                      4545     0(0.00%) |     21       2    2006      6 |   24.50        0.00

Type     Name                                                                          # reqs      # fails |    Avg     Min     Max    Med |   req/s  failures/s
--------|----------------------------------------------------------------------------|-------|-------------|-------|-------|-------|-------|--------|-----------
GET      GET /api/v1/reservas                                                            3453     0(0.00%) |      7       3     171      6 |   19.00        0.00
GET      GET /api/v1/reservas/{id}                                                       1087     0(0.00%) |      5       2     166      5 |    6.00        0.00
POST     POST /api/v1/auth/login                                                           50     0(0.00%) |   1349     567    2006   1400 |    0.00        0.00
--------|----------------------------------------------------------------------------|-------|-------------|-------|-------|-------|-------|--------|-----------
         Aggregated                                                                      4590     0(0.00%) |     21       2    2006      6 |   25.00        0.00

Type     Name                                                                          # reqs      # fails |    Avg     Min     Max    Med |   req/s  failures/s
--------|----------------------------------------------------------------------------|-------|-------------|-------|-------|-------|-------|--------|-----------
GET      GET /api/v1/reservas                                                            3497     0(0.00%) |      7       3     171      6 |   18.50        0.00
GET      GET /api/v1/reservas/{id}                                                       1097     0(0.00%) |      5       2     166      5 |    6.20        0.00
POST     POST /api/v1/auth/login                                                           50     0(0.00%) |   1349     567    2006   1400 |    0.00        0.00
--------|----------------------------------------------------------------------------|-------|-------------|-------|-------|-------|-------|--------|-----------
         Aggregated                                                                      4644     0(0.00%) |     21       2    2006      6 |   24.70        0.00

Type     Name                                                                          # reqs      # fails |    Avg     Min     Max    Med |   req/s  failures/s
--------|----------------------------------------------------------------------------|-------|-------------|-------|-------|-------|-------|--------|-----------
GET      GET /api/v1/reservas                                                            3533     0(0.00%) |      7       3     171      6 |   18.50        0.00
GET      GET /api/v1/reservas/{id}                                                       1103     0(0.00%) |      5       2     166      5 |    6.50        0.00
POST     POST /api/v1/auth/login                                                           50     0(0.00%) |   1349     567    2006   1400 |    0.00        0.00
--------|----------------------------------------------------------------------------|-------|-------------|-------|-------|-------|-------|--------|-----------
         Aggregated                                                                      4686     0(0.00%) |     21       2    2006      6 |   25.00        0.00

Type     Name                                                                          # reqs      # fails |    Avg     Min     Max    Med |   req/s  failures/s
--------|----------------------------------------------------------------------------|-------|-------------|-------|-------|-------|-------|--------|-----------
GET      GET /api/v1/reservas                                                            3573     0(0.00%) |      7       3     171      6 |   19.00        0.00
GET      GET /api/v1/reservas/{id}                                                       1115     0(0.00%) |      5       2     166      5 |    6.00        0.00
POST     POST /api/v1/auth/login                                                           50     0(0.00%) |   1349     567    2006   1400 |    0.00        0.00
--------|----------------------------------------------------------------------------|-------|-------------|-------|-------|-------|-------|--------|-----------
         Aggregated                                                                      4738     0(0.00%) |     21       2    2006      6 |   25.00        0.00

Type     Name                                                                          # reqs      # fails |    Avg     Min     Max    Med |   req/s  failures/s
--------|----------------------------------------------------------------------------|-------|-------------|-------|-------|-------|-------|--------|-----------
GET      GET /api/v1/reservas                                                            3610     0(0.00%) |      7       3     171      6 |   18.80        0.00
GET      GET /api/v1/reservas/{id}                                                       1124     0(0.00%) |      5       2     166      5 |    6.00        0.00
POST     POST /api/v1/auth/login                                                           50     0(0.00%) |   1349     567    2006   1400 |    0.00        0.00
--------|----------------------------------------------------------------------------|-------|-------------|-------|-------|-------|-------|--------|-----------
         Aggregated                                                                      4784     0(0.00%) |     20       2    2006      6 |   24.80        0.00

Type     Name                                                                          # reqs      # fails |    Avg     Min     Max    Med |   req/s  failures/s
--------|----------------------------------------------------------------------------|-------|-------------|-------|-------|-------|-------|--------|-----------
GET      GET /api/v1/reservas                                                            3650     0(0.00%) |      7       3     171      6 |   18.60        0.00
GET      GET /api/v1/reservas/{id}                                                       1138     0(0.00%) |      5       2     166      5 |    5.00        0.00
POST     POST /api/v1/auth/login                                                           50     0(0.00%) |   1349     567    2006   1400 |    0.00        0.00
--------|----------------------------------------------------------------------------|-------|-------------|-------|-------|-------|-------|--------|-----------
         Aggregated                                                                      4838     0(0.00%) |     20       2    2006      6 |   23.60        0.00

Type     Name                                                                          # reqs      # fails |    Avg     Min     Max    Med |   req/s  failures/s
--------|----------------------------------------------------------------------------|-------|-------------|-------|-------|-------|-------|--------|-----------
GET      GET /api/v1/reservas                                                            3687     0(0.00%) |      7       3     171      6 |   19.10        0.00
GET      GET /api/v1/reservas/{id}                                                       1150     0(0.00%) |      5       2     166      5 |    4.80        0.00
POST     POST /api/v1/auth/login                                                           50     0(0.00%) |   1349     567    2006   1400 |    0.00        0.00
--------|----------------------------------------------------------------------------|-------|-------------|-------|-------|-------|-------|--------|-----------
         Aggregated                                                                      4887     0(0.00%) |     20       2    2006      6 |   23.90        0.00

Type     Name                                                                          # reqs      # fails |    Avg     Min     Max    Med |   req/s  failures/s
--------|----------------------------------------------------------------------------|-------|-------------|-------|-------|-------|-------|--------|-----------
GET      GET /api/v1/reservas                                                            3721     0(0.00%) |      7       3     171      6 |   18.60        0.00
GET      GET /api/v1/reservas/{id}                                                       1160     0(0.00%) |      5       2     166      5 |    5.30        0.00
POST     POST /api/v1/auth/login                                                           50     0(0.00%) |   1349     567    2006   1400 |    0.00        0.00
--------|----------------------------------------------------------------------------|-------|-------------|-------|-------|-------|-------|--------|-----------
         Aggregated                                                                      4931     0(0.00%) |     20       2    2006      6 |   23.90        0.00

Type     Name                                                                          # reqs      # fails |    Avg     Min     Max    Med |   req/s  failures/s
--------|----------------------------------------------------------------------------|-------|-------------|-------|-------|-------|-------|--------|-----------
GET      GET /api/v1/reservas                                                            3762     0(0.00%) |      7       3     171      6 |   18.50        0.00
GET      GET /api/v1/reservas/{id}                                                       1169     0(0.00%) |      5       2     166      5 |    5.70        0.00
POST     POST /api/v1/auth/login                                                           50     0(0.00%) |   1349     567    2006   1400 |    0.00        0.00
--------|----------------------------------------------------------------------------|-------|-------------|-------|-------|-------|-------|--------|-----------
         Aggregated                                                                      4981     0(0.00%) |     20       2    2006      6 |   24.20        0.00

Type     Name                                                                          # reqs      # fails |    Avg     Min     Max    Med |   req/s  failures/s
--------|----------------------------------------------------------------------------|-------|-------------|-------|-------|-------|-------|--------|-----------
GET      GET /api/v1/reservas                                                            3800     0(0.00%) |      7       3     171      6 |   18.60        0.00
GET      GET /api/v1/reservas/{id}                                                       1183     0(0.00%) |      5       2     166      5 |    5.20        0.00
POST     POST /api/v1/auth/login                                                           50     0(0.00%) |   1349     567    2006   1400 |    0.00        0.00
--------|----------------------------------------------------------------------------|-------|-------------|-------|-------|-------|-------|--------|-----------
         Aggregated                                                                      5033     0(0.00%) |     20       2    2006      6 |   23.80        0.00

Type     Name                                                                          # reqs      # fails |    Avg     Min     Max    Med |   req/s  failures/s
--------|----------------------------------------------------------------------------|-------|-------------|-------|-------|-------|-------|--------|-----------
GET      GET /api/v1/reservas                                                            3842     0(0.00%) |      7       3     171      6 |   18.70        0.00
GET      GET /api/v1/reservas/{id}                                                       1192     0(0.00%) |      5       2     166      5 |    5.80        0.00
POST     POST /api/v1/auth/login                                                           50     0(0.00%) |   1349     567    2006   1400 |    0.00        0.00
--------|----------------------------------------------------------------------------|-------|-------------|-------|-------|-------|-------|--------|-----------
         Aggregated                                                                      5084     0(0.00%) |     20       2    2006      6 |   24.50        0.00

Type     Name                                                                          # reqs      # fails |    Avg     Min     Max    Med |   req/s  failures/s
--------|----------------------------------------------------------------------------|-------|-------------|-------|-------|-------|-------|--------|-----------
GET      GET /api/v1/reservas                                                            3875     0(0.00%) |      7       3     171      6 |   19.20        0.00
GET      GET /api/v1/reservas/{id}                                                       1204     0(0.00%) |      5       2     166      5 |    5.70        0.00
POST     POST /api/v1/auth/login                                                           50     0(0.00%) |   1349     567    2006   1400 |    0.00        0.00
--------|----------------------------------------------------------------------------|-------|-------------|-------|-------|-------|-------|--------|-----------
         Aggregated                                                                      5129     0(0.00%) |     20       2    2006      6 |   24.90        0.00

Type     Name                                                                          # reqs      # fails |    Avg     Min     Max    Med |   req/s  failures/s
--------|----------------------------------------------------------------------------|-------|-------------|-------|-------|-------|-------|--------|-----------
GET      GET /api/v1/reservas                                                            3904     0(0.00%) |      7       3     171      6 |   18.90        0.00
GET      GET /api/v1/reservas/{id}                                                       1221     0(0.00%) |      5       2     166      5 |    5.40        0.00
POST     POST /api/v1/auth/login                                                           50     0(0.00%) |   1349     567    2006   1400 |    0.00        0.00
--------|----------------------------------------------------------------------------|-------|-------------|-------|-------|-------|-------|--------|-----------
         Aggregated                                                                      5175     0(0.00%) |     19       2    2006      6 |   24.30        0.00

Type     Name                                                                          # reqs      # fails |    Avg     Min     Max    Med |   req/s  failures/s
--------|----------------------------------------------------------------------------|-------|-------------|-------|-------|-------|-------|--------|-----------
GET      GET /api/v1/reservas                                                            3945     0(0.00%) |      7       3     171      6 |   18.50        0.00
GET      GET /api/v1/reservas/{id}                                                       1231     0(0.00%) |      5       2     166      5 |    5.90        0.00
POST     POST /api/v1/auth/login                                                           50     0(0.00%) |   1349     567    2006   1400 |    0.00        0.00
--------|----------------------------------------------------------------------------|-------|-------------|-------|-------|-------|-------|--------|-----------
         Aggregated                                                                      5226     0(0.00%) |     19       2    2006      6 |   24.40        0.00

Type     Name                                                                          # reqs      # fails |    Avg     Min     Max    Med |   req/s  failures/s
--------|----------------------------------------------------------------------------|-------|-------------|-------|-------|-------|-------|--------|-----------
GET      GET /api/v1/reservas                                                            3979     0(0.00%) |      7       3     171      6 |   18.10        0.00
GET      GET /api/v1/reservas/{id}                                                       1236     0(0.00%) |      5       2     166      5 |    6.20        0.00
POST     POST /api/v1/auth/login                                                           50     0(0.00%) |   1349     567    2006   1400 |    0.00        0.00
--------|----------------------------------------------------------------------------|-------|-------------|-------|-------|-------|-------|--------|-----------
         Aggregated                                                                      5265     0(0.00%) |     19       2    2006      6 |   24.30        0.00

Type     Name                                                                          # reqs      # fails |    Avg     Min     Max    Med |   req/s  failures/s
--------|----------------------------------------------------------------------------|-------|-------------|-------|-------|-------|-------|--------|-----------
GET      GET /api/v1/reservas                                                            4016     0(0.00%) |      7       3     171      6 |   18.60        0.00
GET      GET /api/v1/reservas/{id}                                                       1252     0(0.00%) |      5       2     166      5 |    5.80        0.00
POST     POST /api/v1/auth/login                                                           50     0(0.00%) |   1349     567    2006   1400 |    0.00        0.00
--------|----------------------------------------------------------------------------|-------|-------------|-------|-------|-------|-------|--------|-----------
         Aggregated                                                                      5318     0(0.00%) |     19       2    2006      6 |   24.40        0.00

Type     Name                                                                          # reqs      # fails |    Avg     Min     Max    Med |   req/s  failures/s
--------|----------------------------------------------------------------------------|-------|-------------|-------|-------|-------|-------|--------|-----------
GET      GET /api/v1/reservas                                                            4052     0(0.00%) |      7       3     171      6 |   17.80        0.00
GET      GET /api/v1/reservas/{id}                                                       1269     0(0.00%) |      5       2     166      5 |    5.80        0.00
POST     POST /api/v1/auth/login                                                           50     0(0.00%) |   1349     567    2006   1400 |    0.00        0.00
--------|----------------------------------------------------------------------------|-------|-------------|-------|-------|-------|-------|--------|-----------
         Aggregated                                                                      5371     0(0.00%) |     19       2    2006      6 |   23.60        0.00

Type     Name                                                                          # reqs      # fails |    Avg     Min     Max    Med |   req/s  failures/s
--------|----------------------------------------------------------------------------|-------|-------------|-------|-------|-------|-------|--------|-----------
GET      GET /api/v1/reservas                                                            4089     0(0.00%) |      7       3     171      6 |   18.20        0.00
GET      GET /api/v1/reservas/{id}                                                       1277     0(0.00%) |      5       2     166      5 |    6.30        0.00
POST     POST /api/v1/auth/login                                                           50     0(0.00%) |   1349     567    2006   1400 |    0.00        0.00
--------|----------------------------------------------------------------------------|-------|-------------|-------|-------|-------|-------|--------|-----------
         Aggregated                                                                      5416     0(0.00%) |     19       2    2006      6 |   24.50        0.00

Type     Name                                                                          # reqs      # fails |    Avg     Min     Max    Med |   req/s  failures/s
--------|----------------------------------------------------------------------------|-------|-------------|-------|-------|-------|-------|--------|-----------
GET      GET /api/v1/reservas                                                            4130     0(0.00%) |      7       3     171      6 |   18.60        0.00
GET      GET /api/v1/reservas/{id}                                                       1285     0(0.00%) |      5       2     166      5 |    5.80        0.00
POST     POST /api/v1/auth/login                                                           50     0(0.00%) |   1349     567    2006   1400 |    0.00        0.00
--------|----------------------------------------------------------------------------|-------|-------------|-------|-------|-------|-------|--------|-----------
         Aggregated                                                                      5465     0(0.00%) |     19       2    2006      6 |   24.40        0.00

Type     Name                                                                          # reqs      # fails |    Avg     Min     Max    Med |   req/s  failures/s
--------|----------------------------------------------------------------------------|-------|-------------|-------|-------|-------|-------|--------|-----------
GET      GET /api/v1/reservas                                                            4175     0(0.00%) |      7       3     171      6 |   19.00        0.00
GET      GET /api/v1/reservas/{id}                                                       1295     0(0.00%) |      5       2     166      5 |    5.70        0.00
POST     POST /api/v1/auth/login                                                           50     0(0.00%) |   1349     567    2006   1400 |    0.00        0.00
--------|----------------------------------------------------------------------------|-------|-------------|-------|-------|-------|-------|--------|-----------
         Aggregated                                                                      5520     0(0.00%) |     18       2    2006      6 |   24.70        0.00

Type     Name                                                                          # reqs      # fails |    Avg     Min     Max    Med |   req/s  failures/s
--------|----------------------------------------------------------------------------|-------|-------------|-------|-------|-------|-------|--------|-----------
GET      GET /api/v1/reservas                                                            4210     0(0.00%) |      7       3     171      6 |   19.10        0.00
GET      GET /api/v1/reservas/{id}                                                       1305     0(0.00%) |      5       2     166      5 |    5.70        0.00
POST     POST /api/v1/auth/login                                                           50     0(0.00%) |   1349     567    2006   1400 |    0.00        0.00
--------|----------------------------------------------------------------------------|-------|-------------|-------|-------|-------|-------|--------|-----------
         Aggregated                                                                      5565     0(0.00%) |     18       2    2006      6 |   24.80        0.00

Type     Name                                                                          # reqs      # fails |    Avg     Min     Max    Med |   req/s  failures/s
--------|----------------------------------------------------------------------------|-------|-------------|-------|-------|-------|-------|--------|-----------
GET      GET /api/v1/reservas                                                            4245     0(0.00%) |      7       3     171      6 |   19.20        0.00
GET      GET /api/v1/reservas/{id}                                                       1323     0(0.00%) |      5       2     166      5 |    5.60        0.00
POST     POST /api/v1/auth/login                                                           50     0(0.00%) |   1349     567    2006   1400 |    0.00        0.00
--------|----------------------------------------------------------------------------|-------|-------------|-------|-------|-------|-------|--------|-----------
         Aggregated                                                                      5618     0(0.00%) |     18       2    2006      6 |   24.80        0.00

Type     Name                                                                          # reqs      # fails |    Avg     Min     Max    Med |   req/s  failures/s
--------|----------------------------------------------------------------------------|-------|-------------|-------|-------|-------|-------|--------|-----------
GET      GET /api/v1/reservas                                                            4281     0(0.00%) |      7       3     171      6 |   19.10        0.00
GET      GET /api/v1/reservas/{id}                                                       1334     0(0.00%) |      5       2     166      5 |    5.30        0.00
POST     POST /api/v1/auth/login                                                           50     0(0.00%) |   1349     567    2006   1400 |    0.00        0.00
--------|----------------------------------------------------------------------------|-------|-------------|-------|-------|-------|-------|--------|-----------
         Aggregated                                                                      5665     0(0.00%) |     18       2    2006      6 |   24.40        0.00

Type     Name                                                                          # reqs      # fails |    Avg     Min     Max    Med |   req/s  failures/s
--------|----------------------------------------------------------------------------|-------|-------------|-------|-------|-------|-------|--------|-----------
GET      GET /api/v1/reservas                                                            4324     0(0.00%) |      7       3     171      6 |   19.20        0.00
GET      GET /api/v1/reservas/{id}                                                       1341     0(0.00%) |      5       2     166      5 |    5.50        0.00
POST     POST /api/v1/auth/login                                                           50     0(0.00%) |   1349     567    2006   1400 |    0.00        0.00
--------|----------------------------------------------------------------------------|-------|-------------|-------|-------|-------|-------|--------|-----------
         Aggregated                                                                      5715     0(0.00%) |     18       2    2006      6 |   24.70        0.00

Type     Name                                                                          # reqs      # fails |    Avg     Min     Max    Med |   req/s  failures/s
--------|----------------------------------------------------------------------------|-------|-------------|-------|-------|-------|-------|--------|-----------
GET      GET /api/v1/reservas                                                            4358     0(0.00%) |      7       3     171      6 |   19.50        0.00
GET      GET /api/v1/reservas/{id}                                                       1356     0(0.00%) |      5       2     166      5 |    5.40        0.00
POST     POST /api/v1/auth/login                                                           50     0(0.00%) |   1349     567    2006   1400 |    0.00        0.00
--------|----------------------------------------------------------------------------|-------|-------------|-------|-------|-------|-------|--------|-----------
         Aggregated                                                                      5764     0(0.00%) |     18       2    2006      6 |   24.90        0.00

Type     Name                                                                          # reqs      # fails |    Avg     Min     Max    Med |   req/s  failures/s
--------|----------------------------------------------------------------------------|-------|-------------|-------|-------|-------|-------|--------|-----------
GET      GET /api/v1/reservas                                                            4397     0(0.00%) |      7       3     171      6 |   18.60        0.00
GET      GET /api/v1/reservas/{id}                                                       1376     0(0.00%) |      5       2     166      5 |    5.90        0.00
POST     POST /api/v1/auth/login                                                           50     0(0.00%) |   1349     567    2006   1400 |    0.00        0.00
--------|----------------------------------------------------------------------------|-------|-------------|-------|-------|-------|-------|--------|-----------
         Aggregated                                                                      5823     0(0.00%) |     18       2    2006      6 |   24.50        0.00

Type     Name                                                                          # reqs      # fails |    Avg     Min     Max    Med |   req/s  failures/s
--------|----------------------------------------------------------------------------|-------|-------------|-------|-------|-------|-------|--------|-----------
GET      GET /api/v1/reservas                                                            4431     0(0.00%) |      7       3     171      6 |   18.70        0.00
GET      GET /api/v1/reservas/{id}                                                       1389     0(0.00%) |      5       2     166      5 |    6.80        0.00
POST     POST /api/v1/auth/login                                                           50     0(0.00%) |   1349     567    2006   1400 |    0.00        0.00
--------|----------------------------------------------------------------------------|-------|-------------|-------|-------|-------|-------|--------|-----------
         Aggregated                                                                      5870     0(0.00%) |     18       2    2006      6 |   25.50        0.00

Type     Name                                                                          # reqs      # fails |    Avg     Min     Max    Med |   req/s  failures/s
--------|----------------------------------------------------------------------------|-------|-------------|-------|-------|-------|-------|--------|-----------
GET      GET /api/v1/reservas                                                            4474     0(0.00%) |      7       3     171      6 |   18.80        0.00
GET      GET /api/v1/reservas/{id}                                                       1393     0(0.00%) |      5       2     166      5 |    6.90        0.00
POST     POST /api/v1/auth/login                                                           50     0(0.00%) |   1349     567    2006   1400 |    0.00        0.00
--------|----------------------------------------------------------------------------|-------|-------------|-------|-------|-------|-------|--------|-----------
         Aggregated                                                                      5917     0(0.00%) |     18       2    2006      6 |   25.70        0.00

Type     Name                                                                          # reqs      # fails |    Avg     Min     Max    Med |   req/s  failures/s
--------|----------------------------------------------------------------------------|-------|-------------|-------|-------|-------|-------|--------|-----------
GET      GET /api/v1/reservas                                                            4506     0(0.00%) |      7       3     171      6 |   19.00        0.00
GET      GET /api/v1/reservas/{id}                                                       1411     0(0.00%) |      5       2     166      5 |    6.30        0.00
POST     POST /api/v1/auth/login                                                           50     0(0.00%) |   1349     567    2006   1400 |    0.00        0.00
--------|----------------------------------------------------------------------------|-------|-------------|-------|-------|-------|-------|--------|-----------
         Aggregated                                                                      5967     0(0.00%) |     17       2    2006      6 |   25.30        0.00

Type     Name                                                                          # reqs      # fails |    Avg     Min     Max    Med |   req/s  failures/s
--------|----------------------------------------------------------------------------|-------|-------------|-------|-------|-------|-------|--------|-----------
GET      GET /api/v1/reservas                                                            4543     0(0.00%) |      7       3     171      6 |   18.30        0.00
GET      GET /api/v1/reservas/{id}                                                       1425     0(0.00%) |      5       2     166      5 |    7.00        0.00
POST     POST /api/v1/auth/login                                                           50     0(0.00%) |   1349     567    2006   1400 |    0.00        0.00
--------|----------------------------------------------------------------------------|-------|-------------|-------|-------|-------|-------|--------|-----------
         Aggregated                                                                      6018     0(0.00%) |     17       2    2006      6 |   25.30        0.00

Type     Name                                                                          # reqs      # fails |    Avg     Min     Max    Med |   req/s  failures/s
--------|----------------------------------------------------------------------------|-------|-------------|-------|-------|-------|-------|--------|-----------
GET      GET /api/v1/reservas                                                            4578     0(0.00%) |      7       3     171      6 |   18.40        0.00
GET      GET /api/v1/reservas/{id}                                                       1439     0(0.00%) |      5       2     166      5 |    6.60        0.00
POST     POST /api/v1/auth/login                                                           50     0(0.00%) |   1349     567    2006   1400 |    0.00        0.00
--------|----------------------------------------------------------------------------|-------|-------------|-------|-------|-------|-------|--------|-----------
         Aggregated                                                                      6067     0(0.00%) |     17       2    2006      6 |   25.00        0.00

Type     Name                                                                          # reqs      # fails |    Avg     Min     Max    Med |   req/s  failures/s
--------|----------------------------------------------------------------------------|-------|-------------|-------|-------|-------|-------|--------|-----------
GET      GET /api/v1/reservas                                                            4612     0(0.00%) |      7       3     171      6 |   18.10        0.00
GET      GET /api/v1/reservas/{id}                                                       1455     0(0.00%) |      5       2     166      5 |    6.00        0.00
POST     POST /api/v1/auth/login                                                           50     0(0.00%) |   1349     567    2006   1400 |    0.00        0.00
--------|----------------------------------------------------------------------------|-------|-------------|-------|-------|-------|-------|--------|-----------
         Aggregated                                                                      6117     0(0.00%) |     17       2    2006      6 |   24.10        0.00

Type     Name                                                                          # reqs      # fails |    Avg     Min     Max    Med |   req/s  failures/s
--------|----------------------------------------------------------------------------|-------|-------------|-------|-------|-------|-------|--------|-----------
GET      GET /api/v1/reservas                                                            4652     0(0.00%) |      7       3     171      6 |   18.00        0.00
GET      GET /api/v1/reservas/{id}                                                       1465     0(0.00%) |      5       2     166      5 |    6.70        0.00
POST     POST /api/v1/auth/login                                                           50     0(0.00%) |   1349     567    2006   1400 |    0.00        0.00
--------|----------------------------------------------------------------------------|-------|-------------|-------|-------|-------|-------|--------|-----------
         Aggregated                                                                      6167     0(0.00%) |     17       2    2006      6 |   24.70        0.00

Type     Name                                                                          # reqs      # fails |    Avg     Min     Max    Med |   req/s  failures/s
--------|----------------------------------------------------------------------------|-------|-------------|-------|-------|-------|-------|--------|-----------
GET      GET /api/v1/reservas                                                            4675     0(0.00%) |      7       3     171      6 |   17.60        0.00
GET      GET /api/v1/reservas/{id}                                                       1493     0(0.00%) |      5       2     166      5 |    7.00        0.00
POST     POST /api/v1/auth/login                                                           50     0(0.00%) |   1349     567    2006   1400 |    0.00        0.00
--------|----------------------------------------------------------------------------|-------|-------------|-------|-------|-------|-------|--------|-----------
         Aggregated                                                                      6218     0(0.00%) |     17       2    2006      6 |   24.60        0.00

Type     Name                                                                          # reqs      # fails |    Avg     Min     Max    Med |   req/s  failures/s
--------|----------------------------------------------------------------------------|-------|-------------|-------|-------|-------|-------|--------|-----------
GET      GET /api/v1/reservas                                                            4713     0(0.00%) |      7       3     171      6 |   17.10        0.00
GET      GET /api/v1/reservas/{id}                                                       1502     0(0.00%) |      5       2     166      5 |    7.60        0.00
POST     POST /api/v1/auth/login                                                           50     0(0.00%) |   1349     567    2006   1400 |    0.00        0.00
--------|----------------------------------------------------------------------------|-------|-------------|-------|-------|-------|-------|--------|-----------
         Aggregated                                                                      6265     0(0.00%) |     17       2    2006      6 |   24.70        0.00

Type     Name                                                                          # reqs      # fails |    Avg     Min     Max    Med |   req/s  failures/s
--------|----------------------------------------------------------------------------|-------|-------------|-------|-------|-------|-------|--------|-----------
GET      GET /api/v1/reservas                                                            4761     0(0.00%) |      7       3     171      6 |   17.10        0.00
GET      GET /api/v1/reservas/{id}                                                       1510     0(0.00%) |      5       2     166      5 |    8.20        0.00
POST     POST /api/v1/auth/login                                                           50     0(0.00%) |   1349     567    2006   1400 |    0.00        0.00
--------|----------------------------------------------------------------------------|-------|-------------|-------|-------|-------|-------|--------|-----------
         Aggregated                                                                      6321     0(0.00%) |     17       2    2006      6 |   25.30        0.00

Type     Name                                                                          # reqs      # fails |    Avg     Min     Max    Med |   req/s  failures/s
--------|----------------------------------------------------------------------------|-------|-------------|-------|-------|-------|-------|--------|-----------
GET      GET /api/v1/reservas                                                            4793     0(0.00%) |      7       3     171      6 |   18.10        0.00
GET      GET /api/v1/reservas/{id}                                                       1526     0(0.00%) |      5       2     166      5 |    7.40        0.00
POST     POST /api/v1/auth/login                                                           50     0(0.00%) |   1349     567    2006   1400 |    0.00        0.00
--------|----------------------------------------------------------------------------|-------|-------------|-------|-------|-------|-------|--------|-----------
         Aggregated                                                                      6369     0(0.00%) |     17       2    2006      6 |   25.50        0.00

Type     Name                                                                          # reqs      # fails |    Avg     Min     Max    Med |   req/s  failures/s
--------|----------------------------------------------------------------------------|-------|-------------|-------|-------|-------|-------|--------|-----------
GET      GET /api/v1/reservas                                                            4838     0(0.00%) |      7       3     171      6 |   18.70        0.00
GET      GET /api/v1/reservas/{id}                                                       1537     0(0.00%) |      5       2     166      5 |    6.80        0.00
POST     POST /api/v1/auth/login                                                           50     0(0.00%) |   1349     567    2006   1400 |    0.00        0.00
--------|----------------------------------------------------------------------------|-------|-------------|-------|-------|-------|-------|--------|-----------
         Aggregated                                                                      6425     0(0.00%) |     17       2    2006      6 |   25.50        0.00

Type     Name                                                                          # reqs      # fails |    Avg     Min     Max    Med |   req/s  failures/s
--------|----------------------------------------------------------------------------|-------|-------------|-------|-------|-------|-------|--------|-----------
GET      GET /api/v1/reservas                                                            4868     0(0.00%) |      7       3     171      6 |   18.30        0.00
GET      GET /api/v1/reservas/{id}                                                       1550     0(0.00%) |      5       2     166      5 |    7.10        0.00
POST     POST /api/v1/auth/login                                                           50     0(0.00%) |   1349     567    2006   1400 |    0.00        0.00
--------|----------------------------------------------------------------------------|-------|-------------|-------|-------|-------|-------|--------|-----------
         Aggregated                                                                      6468     0(0.00%) |     17       2    2006      6 |   25.40        0.00

Type     Name                                                                          # reqs      # fails |    Avg     Min     Max    Med |   req/s  failures/s
--------|----------------------------------------------------------------------------|-------|-------------|-------|-------|-------|-------|--------|-----------
GET      GET /api/v1/reservas                                                            4905     0(0.00%) |      7       3     171      6 |   18.90        0.00
GET      GET /api/v1/reservas/{id}                                                       1568     0(0.00%) |      5       2     166      5 |    6.20        0.00
POST     POST /api/v1/auth/login                                                           50     0(0.00%) |   1349     567    2006   1400 |    0.00        0.00
--------|----------------------------------------------------------------------------|-------|-------------|-------|-------|-------|-------|--------|-----------
         Aggregated                                                                      6523     0(0.00%) |     16       2    2006      6 |   25.10        0.00

Type     Name                                                                          # reqs      # fails |    Avg     Min     Max    Med |   req/s  failures/s
--------|----------------------------------------------------------------------------|-------|-------------|-------|-------|-------|-------|--------|-----------
GET      GET /api/v1/reservas                                                            4938     0(0.00%) |      7       3     171      6 |   19.10        0.00
GET      GET /api/v1/reservas/{id}                                                       1584     0(0.00%) |      5       2     166      5 |    6.20        0.00
POST     POST /api/v1/auth/login                                                           50     0(0.00%) |   1349     567    2006   1400 |    0.00        0.00
--------|----------------------------------------------------------------------------|-------|-------------|-------|-------|-------|-------|--------|-----------
         Aggregated                                                                      6572     0(0.00%) |     16       2    2006      6 |   25.30        0.00

Type     Name                                                                          # reqs      # fails |    Avg     Min     Max    Med |   req/s  failures/s
--------|----------------------------------------------------------------------------|-------|-------------|-------|-------|-------|-------|--------|-----------
GET      GET /api/v1/reservas                                                            4976     0(0.00%) |      7       3     171      6 |   18.10        0.00
GET      GET /api/v1/reservas/{id}                                                       1593     0(0.00%) |      5       2     166      5 |    7.30        0.00
POST     POST /api/v1/auth/login                                                           50     0(0.00%) |   1349     567    2006   1400 |    0.00        0.00
--------|----------------------------------------------------------------------------|-------|-------------|-------|-------|-------|-------|--------|-----------
         Aggregated                                                                      6619     0(0.00%) |     16       2    2006      6 |   25.40        0.00

Type     Name                                                                          # reqs      # fails |    Avg     Min     Max    Med |   req/s  failures/s
--------|----------------------------------------------------------------------------|-------|-------------|-------|-------|-------|-------|--------|-----------
GET      GET /api/v1/reservas                                                            5014     0(0.00%) |      7       3     171      6 |   17.50        0.00
GET      GET /api/v1/reservas/{id}                                                       1609     0(0.00%) |      5       2     166      5 |    7.00        0.00
POST     POST /api/v1/auth/login                                                           50     0(0.00%) |   1349     567    2006   1400 |    0.00        0.00
--------|----------------------------------------------------------------------------|-------|-------------|-------|-------|-------|-------|--------|-----------
         Aggregated                                                                      6673     0(0.00%) |     16       2    2006      6 |   24.50        0.00

Type     Name                                                                          # reqs      # fails |    Avg     Min     Max    Med |   req/s  failures/s
--------|----------------------------------------------------------------------------|-------|-------------|-------|-------|-------|-------|--------|-----------
GET      GET /api/v1/reservas                                                            5054     0(0.00%) |      7       3     171      6 |   17.80        0.00
GET      GET /api/v1/reservas/{id}                                                       1618     0(0.00%) |      5       2     166      5 |    6.70        0.00
POST     POST /api/v1/auth/login                                                           50     0(0.00%) |   1349     567    2006   1400 |    0.00        0.00
--------|----------------------------------------------------------------------------|-------|-------------|-------|-------|-------|-------|--------|-----------
         Aggregated                                                                      6722     0(0.00%) |     16       2    2006      6 |   24.50        0.00

Type     Name                                                                          # reqs      # fails |    Avg     Min     Max    Med |   req/s  failures/s
--------|----------------------------------------------------------------------------|-------|-------------|-------|-------|-------|-------|--------|-----------
GET      GET /api/v1/reservas                                                            5082     0(0.00%) |      6       3     171      6 |   18.50        0.00
GET      GET /api/v1/reservas/{id}                                                       1634     0(0.00%) |      5       2     166      5 |    6.70        0.00
POST     POST /api/v1/auth/login                                                           50     0(0.00%) |   1349     567    2006   1400 |    0.00        0.00
--------|----------------------------------------------------------------------------|-------|-------------|-------|-------|-------|-------|--------|-----------
         Aggregated                                                                      6766     0(0.00%) |     16       2    2006      6 |   25.20        0.00

Type     Name                                                                          # reqs      # fails |    Avg     Min     Max    Med |   req/s  failures/s
--------|----------------------------------------------------------------------------|-------|-------------|-------|-------|-------|-------|--------|-----------
GET      GET /api/v1/reservas                                                            5125     0(0.00%) |      6       3     171      6 |   17.80        0.00
GET      GET /api/v1/reservas/{id}                                                       1642     0(0.00%) |      5       2     166      5 |    6.70        0.00
POST     POST /api/v1/auth/login                                                           50     0(0.00%) |   1349     567    2006   1400 |    0.00        0.00
--------|----------------------------------------------------------------------------|-------|-------------|-------|-------|-------|-------|--------|-----------
         Aggregated                                                                      6817     0(0.00%) |     16       2    2006      6 |   24.50        0.00

Type     Name                                                                          # reqs      # fails |    Avg     Min     Max    Med |   req/s  failures/s
--------|----------------------------------------------------------------------------|-------|-------------|-------|-------|-------|-------|--------|-----------
GET      GET /api/v1/reservas                                                            5161     0(0.00%) |      6       3     171      6 |   18.20        0.00
GET      GET /api/v1/reservas/{id}                                                       1655     0(0.00%) |      5       2     166      5 |    6.10        0.00
POST     POST /api/v1/auth/login                                                           50     0(0.00%) |   1349     567    2006   1400 |    0.00        0.00
--------|----------------------------------------------------------------------------|-------|-------------|-------|-------|-------|-------|--------|-----------
         Aggregated                                                                      6866     0(0.00%) |     16       2    2006      6 |   24.30        0.00

Type     Name                                                                          # reqs      # fails |    Avg     Min     Max    Med |   req/s  failures/s
--------|----------------------------------------------------------------------------|-------|-------------|-------|-------|-------|-------|--------|-----------
GET      GET /api/v1/reservas                                                            5204     0(0.00%) |      6       3     171      6 |   18.60        0.00
GET      GET /api/v1/reservas/{id}                                                       1664     0(0.00%) |      5       2     166      5 |    6.20        0.00
POST     POST /api/v1/auth/login                                                           50     0(0.00%) |   1349     567    2006   1400 |    0.00        0.00
--------|----------------------------------------------------------------------------|-------|-------------|-------|-------|-------|-------|--------|-----------
         Aggregated                                                                      6918     0(0.00%) |     16       2    2006      6 |   24.80        0.00

Type     Name                                                                          # reqs      # fails |    Avg     Min     Max    Med |   req/s  failures/s
--------|----------------------------------------------------------------------------|-------|-------------|-------|-------|-------|-------|--------|-----------
GET      GET /api/v1/reservas                                                            5235     0(0.00%) |      6       3     171      6 |   19.00        0.00
GET      GET /api/v1/reservas/{id}                                                       1680     0(0.00%) |      5       2     166      5 |    5.90        0.00
POST     POST /api/v1/auth/login                                                           50     0(0.00%) |   1349     567    2006   1400 |    0.00        0.00
--------|----------------------------------------------------------------------------|-------|-------------|-------|-------|-------|-------|--------|-----------
         Aggregated                                                                      6965     0(0.00%) |     16       2    2006      6 |   24.90        0.00

Type     Name                                                                          # reqs      # fails |    Avg     Min     Max    Med |   req/s  failures/s
--------|----------------------------------------------------------------------------|-------|-------------|-------|-------|-------|-------|--------|-----------
GET      GET /api/v1/reservas                                                            5269     0(0.00%) |      6       3     171      6 |   18.30        0.00
GET      GET /api/v1/reservas/{id}                                                       1690     0(0.00%) |      5       2     166      5 |    6.10        0.00
POST     POST /api/v1/auth/login                                                           50     0(0.00%) |   1349     567    2006   1400 |    0.00        0.00
--------|----------------------------------------------------------------------------|-------|-------------|-------|-------|-------|-------|--------|-----------
         Aggregated                                                                      7009     0(0.00%) |     16       2    2006      6 |   24.40        0.00

Type     Name                                                                          # reqs      # fails |    Avg     Min     Max    Med |   req/s  failures/s
--------|----------------------------------------------------------------------------|-------|-------------|-------|-------|-------|-------|--------|-----------
GET      GET /api/v1/reservas                                                            5313     0(0.00%) |      6       3     171      6 |   18.70        0.00
GET      GET /api/v1/reservas/{id}                                                       1704     0(0.00%) |      5       2     166      5 |    6.10        0.00
POST     POST /api/v1/auth/login                                                           50     0(0.00%) |   1349     567    2006   1400 |    0.00        0.00
--------|----------------------------------------------------------------------------|-------|-------------|-------|-------|-------|-------|--------|-----------
         Aggregated                                                                      7067     0(0.00%) |     16       2    2006      6 |   24.80        0.00

Type     Name                                                                          # reqs      # fails |    Avg     Min     Max    Med |   req/s  failures/s
--------|----------------------------------------------------------------------------|-------|-------------|-------|-------|-------|-------|--------|-----------
GET      GET /api/v1/reservas                                                            5354     0(0.00%) |      6       3     171      6 |   19.00        0.00
GET      GET /api/v1/reservas/{id}                                                       1714     0(0.00%) |      5       2     166      5 |    6.10        0.00
POST     POST /api/v1/auth/login                                                           50     0(0.00%) |   1349     567    2006   1400 |    0.00        0.00
--------|----------------------------------------------------------------------------|-------|-------------|-------|-------|-------|-------|--------|-----------
         Aggregated                                                                      7118     0(0.00%) |     15       2    2006      6 |   25.10        0.00

Type     Name                                                                          # reqs      # fails |    Avg     Min     Max    Med |   req/s  failures/s
--------|----------------------------------------------------------------------------|-------|-------------|-------|-------|-------|-------|--------|-----------
GET      GET /api/v1/reservas                                                            5396     0(0.00%) |      6       3     171      6 |   19.20        0.00
GET      GET /api/v1/reservas/{id}                                                       1719     0(0.00%) |      5       2     166      5 |    6.00        0.00
POST     POST /api/v1/auth/login                                                           50     0(0.00%) |   1349     567    2006   1400 |    0.00        0.00
--------|----------------------------------------------------------------------------|-------|-------------|-------|-------|-------|-------|--------|-----------
         Aggregated                                                                      7165     0(0.00%) |     15       2    2006      6 |   25.20        0.00

Type     Name                                                                          # reqs      # fails |    Avg     Min     Max    Med |   req/s  failures/s
--------|----------------------------------------------------------------------------|-------|-------------|-------|-------|-------|-------|--------|-----------
GET      GET /api/v1/reservas                                                            5434     0(0.00%) |      6       3     171      6 |   19.50        0.00
GET      GET /api/v1/reservas/{id}                                                       1729     0(0.00%) |      5       2     166      5 |    5.80        0.00
POST     POST /api/v1/auth/login                                                           50     0(0.00%) |   1349     567    2006   1400 |    0.00        0.00
--------|----------------------------------------------------------------------------|-------|-------------|-------|-------|-------|-------|--------|-----------
         Aggregated                                                                      7213     0(0.00%) |     15       2    2006      6 |   25.30        0.00

Type     Name                                                                          # reqs      # fails |    Avg     Min     Max    Med |   req/s  failures/s
--------|----------------------------------------------------------------------------|-------|-------------|-------|-------|-------|-------|--------|-----------
GET      GET /api/v1/reservas                                                            5475     0(0.00%) |      6       3     171      6 |   20.50        0.00
GET      GET /api/v1/reservas/{id}                                                       1746     0(0.00%) |      5       2     166      5 |    5.30        0.00
POST     POST /api/v1/auth/login                                                           50     0(0.00%) |   1349     567    2006   1400 |    0.00        0.00
--------|----------------------------------------------------------------------------|-------|-------------|-------|-------|-------|-------|--------|-----------
         Aggregated                                                                      7271     0(0.00%) |     15       2    2006      6 |   25.80        0.00

Type     Name                                                                          # reqs      # fails |    Avg     Min     Max    Med |   req/s  failures/s
--------|----------------------------------------------------------------------------|-------|-------------|-------|-------|-------|-------|--------|-----------
GET      GET /api/v1/reservas                                                            5512     0(0.00%) |      6       3     171      6 |   20.10        0.00
GET      GET /api/v1/reservas/{id}                                                       1759     0(0.00%) |      5       2     166      5 |    5.30        0.00
POST     POST /api/v1/auth/login                                                           50     0(0.00%) |   1349     567    2006   1400 |    0.00        0.00
--------|----------------------------------------------------------------------------|-------|-------------|-------|-------|-------|-------|--------|-----------
         Aggregated                                                                      7321     0(0.00%) |     15       2    2006      6 |   25.40        0.00

Type     Name                                                                          # reqs      # fails |    Avg     Min     Max    Med |   req/s  failures/s
--------|----------------------------------------------------------------------------|-------|-------------|-------|-------|-------|-------|--------|-----------
GET      GET /api/v1/reservas                                                            5553     0(0.00%) |      6       3     171      6 |   20.10        0.00
GET      GET /api/v1/reservas/{id}                                                       1767     0(0.00%) |      5       2     166      5 |    5.40        0.00
POST     POST /api/v1/auth/login                                                           50     0(0.00%) |   1349     567    2006   1400 |    0.00        0.00
--------|----------------------------------------------------------------------------|-------|-------------|-------|-------|-------|-------|--------|-----------
         Aggregated                                                                      7370     0(0.00%) |     15       2    2006      6 |   25.50        0.00

[2026-09-20 17:58:21,251] pfc-pruebas-e1/INFO/locust.main: --run-time limit reached, shutting down
[2026-09-20 17:58:21,351] pfc-pruebas-e1/INFO/locust.main: writing html report to file: /home/ubuntu/PFC_ISSUE32/experimentos/resultados/raw/eficiencia_nominal_50u_5m_poblada/rep-04/locust-report.html
[2026-09-20 17:58:21,353] pfc-pruebas-e1/INFO/locust.main: Shutting down (exit code 0)
Type     Name                                                                          # reqs      # fails |    Avg     Min     Max    Med |   req/s  failures/s
--------|----------------------------------------------------------------------------|-------|-------------|-------|-------|-------|-------|--------|-----------
GET      GET /api/v1/reservas                                                            5586     0(0.00%) |      6       3     171      6 |   18.63        0.00
GET      GET /api/v1/reservas/{id}                                                       1778     0(0.00%) |      5       2     166      5 |    5.93        0.00
POST     POST /api/v1/auth/login                                                           50     0(0.00%) |   1349     567    2006   1400 |    0.17        0.00
--------|----------------------------------------------------------------------------|-------|-------------|-------|-------|-------|-------|--------|-----------
         Aggregated                                                                      7414     0(0.00%) |     15       2    2006      6 |   24.73        0.00

Response time percentiles (approximated)
Type     Name                                                                                  50%    66%    75%    80%    90%    95%    98%    99%  99.9% 99.99%   100% # reqs
--------|--------------------------------------------------------------------------------|--------|------|------|------|------|------|------|------|------|------|------|------
GET      GET /api/v1/reservas                                                                    6      7      7      7      9     10     13     17    120    170    170   5586
GET      GET /api/v1/reservas/{id}                                                               5      5      5      6      6      8     11     17     56    170    170   1778
POST     POST /api/v1/auth/login                                                              1400   1700   1700   1700   1800   1800   2000   2000   2000   2000   2000     50
--------|--------------------------------------------------------------------------------|--------|------|------|------|------|------|------|------|------|------|------|------
         Aggregated                                                                              6      6      7      7      8     10     16     41   1700   2000   2000   7414

