timestamp_epoch,request_type,name,response_time_ms,status_code,outcome,error
1789926801.966298,POST,POST /api/v1/auth/login,567.290719,200,success,
1789926801.974945,GET,GET /api/v1/reservas,8.361654,200,success,
1789926801.994106,POST,POST /api/v1/auth/login,597.932272,200,success,
1789926802.001820,GET,GET /api/v1/reservas,7.504996,200,success,
1789926802.159917,POST,POST /api/v1/auth/login,762.284810,200,success,
1789926802.168559,GET,GET /api/v1/reservas,8.397559,200,success,
1789926802.170873,POST,POST /api/v1/auth/login,775.146284,200,success,
1789926802.177410,GET,GET /api/v1/reservas,6.338007,200,success,
1789926802.326698,POST,POST /api/v1/auth/login,930.110853,200,success,
1789926802.336370,GET,GET /api/v1/reservas,9.356372,200,success,
1789926802.350415,POST,POST /api/v1/auth/login,953.131916,200,success,
1789926802.351319,POST,POST /api/v1/auth/login,953.398940,200,success,
1789926802.361009,GET,GET /api/v1/reservas,9.491016,200,success,
1789926802.362901,GET,GET /api/v1/reservas,11.989842,200,success,
1789926802.370267,POST,POST /api/v1/auth/login,977.011420,200,success,
1789926802.379636,GET,GET /api/v1/reservas,8.906859,200,success,
1789926802.387505,POST,POST /api/v1/auth/login,990.590080,200,success,
1789926802.402651,POST,POST /api/v1/auth/login,1003.302860,200,success,
1789926802.403547,GET,GET /api/v1/reservas,15.821881,200,success,
1789926802.417821,GET,GET /api/v1/reservas,15.003431,200,success,
1789926803.301385,POST,POST /api/v1/auth/login,901.423040,200,success,
1789926803.306895,POST,POST /api/v1/auth/login,905.339236,200,success,
1789926803.310630,GET,GET /api/v1/reservas,9.011338,200,success,
1789926803.317551,GET,GET /api/v1/reservas,10.441466,200,success,
1789926803.418728,POST,POST /api/v1/auth/login,1016.814869,200,success,
1789926803.458865,GET,GET /api/v1/reservas,39.914207,200,success,
1789926803.485446,POST,POST /api/v1/auth/login,1085.930607,200,success,
1789926803.493597,GET,GET /api/v1/reservas,7.912974,200,success,
1789926803.639368,POST,POST /api/v1/auth/login,1240.356850,200,success,
1789926803.647675,GET,GET /api/v1/reservas,8.094147,200,success,
1789926803.703798,GET,GET /api/v1/reservas,8.503469,200,success,
1789926803.706480,GET,GET /api/v1/reservas,6.093776,200,success,
1789926803.741827,POST,POST /api/v1/auth/login,1341.047596,200,success,
1789926803.750852,GET,GET /api/v1/reservas,8.809953,200,success,
1789926803.751257,POST,POST /api/v1/auth/login,1350.138856,200,success,
1789926803.758955,GET,GET /api/v1/reservas,7.517344,200,success,
1789926803.825028,POST,POST /api/v1/auth/login,1426.448778,200,success,
1789926803.835440,GET,GET /api/v1/reservas,10.168643,200,success,
1789926804.076110,POST,POST /api/v1/auth/login,1675.719627,200,success,
1789926804.085530,GET,GET /api/v1/reservas,9.179133,200,success,
1789926804.095383,POST,POST /api/v1/auth/login,1697.478857,200,success,
1789926804.103207,GET,GET /api/v1/reservas,7.606359,200,success,
1789926804.141064,GET,GET /api/v1/reservas,8.453734,200,success,
1789926804.159581,POST,POST /api/v1/auth/login,760.745386,200,success,
1789926804.170073,GET,GET /api/v1/reservas,10.272741,200,success,
1789926804.219028,GET,GET /api/v1/reservas,9.415421,200,success,
1789926804.261811,POST,POST /api/v1/auth/login,865.064382,200,success,
1789926804.270581,GET,GET /api/v1/reservas,8.387092,200,success,
1789926804.337653,GET,GET /api/v1/reservas,8.409216,200,success,
1789926804.406954,POST,POST /api/v1/auth/login,1006.705227,200,success,
1789926804.418806,GET,GET /api/v1/reservas,11.619833,200,success,
1789926804.609929,GET,GET /api/v1/reservas,9.673291,200,success,
1789926804.621046,POST,POST /api/v1/auth/login,1225.288842,200,success,
1789926804.628506,GET,GET /api/v1/reservas,7.258633,200,success,
1789926804.745707,POST,POST /api/v1/auth/login,1348.524009,200,success,
1789926804.754899,GET,GET /api/v1/reservas,8.983176,200,success,
1789926804.829914,POST,POST /api/v1/auth/login,1435.061894,200,success,
1789926804.839192,GET,GET /api/v1/reservas,9.070699,200,success,
1789926804.928711,GET,GET /api/v1/reservas,11.113404,200,success,
1789926804.932277,GET,GET /api/v1/reservas,11.790180,200,success,
1789926804.994032,GET,GET /api/v1/reservas,9.270911,200,success,
1789926804.994220,GET,GET /api/v1/reservas,10.043574,200,success,
1789926805.047441,POST,POST /api/v1/auth/login,1649.873362,200,success,
1789926805.048425,POST,POST /api/v1/auth/login,1650.549947,200,success,
1789926805.146163,POST,POST /api/v1/auth/login,1747.611141,200,success,
1789926805.147097,GET,GET /api/v1/reservas,98.456891,200,success,
1789926805.149011,GET,GET /api/v1/reservas,100.348046,200,success,
1789926805.155874,GET,GET /api/v1/reservas/{id},10.707519,200,success,
1789926805.159826,GET,GET /api/v1/reservas,13.465599,200,success,
1789926805.186654,GET,GET /api/v1/reservas,8.480484,200,success,
1789926805.205080,POST,POST /api/v1/auth/login,1806.848348,200,success,
1789926805.215725,GET,GET /api/v1/reservas,10.431922,200,success,
1789926805.255119,GET,GET /api/v1/reservas/{id},8.123503,200,success,
1789926805.329068,GET,GET /api/v1/reservas,8.536358,200,success,
1789926805.351722,GET,GET /api/v1/reservas/{id},5.431292,200,success,
1789926805.413693,GET,GET /api/v1/reservas,19.207593,200,success,
1789926805.450738,GET,GET /api/v1/reservas/{id},55.885885,200,success,
1789926805.529248,GET,GET /api/v1/reservas,30.186154,200,success,
1789926805.647012,GET,GET /api/v1/reservas,27.170723,200,success,
1789926805.725690,GET,GET /api/v1/reservas,15.744253,200,success,
1789926805.795486,POST,POST /api/v1/auth/login,1393.374276,200,success,
1789926805.800658,POST,POST /api/v1/auth/login,1397.875060,200,success,
1789926805.809479,GET,GET /api/v1/reservas,13.735379,200,success,
1789926805.811222,GET,GET /api/v1/reservas,10.365450,200,success,
1789926805.842625,GET,GET /api/v1/reservas,14.990571,200,success,
1789926805.952512,GET,GET /api/v1/reservas,9.426838,200,success,
1789926805.960231,POST,POST /api/v1/auth/login,1557.761397,200,success,
1789926805.967041,GET,GET /api/v1/reservas,6.601557,200,success,
1789926806.055277,POST,POST /api/v1/auth/login,1652.178144,200,success,
1789926806.063665,GET,GET /api/v1/reservas,8.159426,200,success,
1789926806.109537,POST,POST /api/v1/auth/login,1709.806200,200,success,
1789926806.116111,GET,GET /api/v1/reservas,11.815539,200,success,
1789926806.116776,GET,GET /api/v1/reservas,7.040160,200,success,
1789926806.133438,POST,POST /api/v1/auth/login,1733.056501,200,success,
1789926806.142264,GET,GET /api/v1/reservas,8.634367,200,success,
1789926806.162017,POST,POST /api/v1/auth/login,1762.678889,200,success,
1789926806.170117,GET,GET /api/v1/reservas,7.885962,200,success,
1789926806.174927,POST,POST /api/v1/auth/login,1774.862026,200,success,
1789926806.181135,GET,GET /api/v1/reservas,5.997240,200,success,
1789926806.213108,POST,POST /api/v1/auth/login,1815.944474,200,success,
1789926806.220354,GET,GET /api/v1/reservas,6.996365,200,success,
1789926806.236388,GET,GET /api/v1/reservas/{id},5.310388,200,success,
1789926806.263013,GET,GET /api/v1/reservas,6.204353,200,success,
1789926806.397232,GET,GET /api/v1/reservas,27.787848,200,success,
1789926806.409816,POST,POST /api/v1/auth/login,2006.421428,200,success,
1789926806.419604,GET,GET /api/v1/reservas,9.576346,200,success,
1789926806.467462,GET,GET /api/v1/reservas,7.520028,200,success,
1789926806.582716,GET,GET /api/v1/reservas/{id},6.925367,200,success,
1789926806.606118,GET,GET /api/v1/reservas,9.044449,200,success,
1789926806.637619,GET,GET /api/v1/reservas,13.100896,200,success,
1789926806.647679,POST,POST /api/v1/auth/login,1197.844314,200,success,
1789926806.685843,GET,GET /api/v1/reservas,37.926334,200,success,
1789926806.691132,POST,POST /api/v1/auth/login,1273.141371,200,success,
1789926806.703414,GET,GET /api/v1/reservas,12.079389,200,success,
1789926806.807769,GET,GET /api/v1/reservas/{id},7.038008,200,success,
1789926806.853538,GET,GET /api/v1/reservas,43.431669,200,success,
1789926806.854007,POST,POST /api/v1/auth/login,1435.450652,200,success,
1789926806.862449,GET,GET /api/v1/reservas,8.266048,200,success,
1789926806.870820,GET,GET /api/v1/reservas,7.087893,200,success,
1789926806.945654,GET,GET /api/v1/reservas,15.403907,200,success,
1789926806.981617,GET,GET /api/v1/reservas,15.415756,200,success,
1789926807.025879,GET,GET /api/v1/reservas,39.544567,200,success,
1789926807.066307,GET,GET /api/v1/reservas,41.229442,200,success,
1789926807.067348,GET,GET /api/v1/reservas/{id},42.974126,200,success,
1789926807.090475,GET,GET /api/v1/reservas,29.653795,200,success,
1789926807.129883,POST,POST /api/v1/auth/login,1710.506681,200,success,
1789926807.130724,POST,POST /api/v1/auth/login,1711.773122,200,success,
1789926807.138721,POST,POST /api/v1/auth/login,1718.355239,200,success,
1789926807.139766,POST,POST /api/v1/auth/login,1690.947235,200,success,
1789926807.145923,GET,GET /api/v1/reservas,15.810914,200,success,
1789926807.148128,GET,GET /api/v1/reservas,17.252909,200,success,
1789926807.151952,GET,GET /api/v1/reservas,13.044652,200,success,
1789926807.152762,GET,GET /api/v1/reservas,12.848774,200,success,
1789926807.158942,POST,POST /api/v1/auth/login,1709.564274,200,success,
1789926807.166258,GET,GET /api/v1/reservas,7.113592,200,success,
1789926807.180172,POST,POST /api/v1/auth/login,1760.149336,200,success,
1789926807.188861,GET,GET /api/v1/reservas,8.486222,200,success,
1789926807.210377,GET,GET /api/v1/reservas,7.194955,200,success,
1789926807.243767,POST,POST /api/v1/auth/login,1824.055628,200,success,
1789926807.249642,GET,GET /api/v1/reservas,5.687761,200,success,
1789926807.264341,GET,GET /api/v1/reservas/{id},3.522209,200,success,
1789926807.281460,GET,GET /api/v1/reservas,4.894740,200,success,
1789926807.452222,GET,GET /api/v1/reservas,6.157223,200,success,
1789926807.465007,GET,GET /api/v1/reservas,4.507071,200,success,
1789926807.573224,GET,GET /api/v1/reservas,5.829516,200,success,
1789926807.673124,GET,GET /api/v1/reservas,5.503681,200,success,
1789926807.733538,GET,GET /api/v1/reservas/{id},5.154753,200,success,
1789926807.735643,GET,GET /api/v1/reservas,6.761808,200,success,
1789926807.736914,GET,GET /api/v1/reservas,5.362178,200,success,
1789926807.739678,GET,GET /api/v1/reservas,4.817381,200,success,
1789926807.775819,GET,GET /api/v1/reservas,4.873266,200,success,
1789926807.876142,GET,GET /api/v1/reservas/{id},5.005116,200,success,
1789926807.884302,GET,GET /api/v1/reservas,4.904093,200,success,
1789926807.908159,GET,GET /api/v1/reservas/{id},3.683363,200,success,
1789926808.023017,GET,GET /api/v1/reservas,8.444189,200,success,
1789926808.072414,GET,GET /api/v1/reservas/{id},5.113300,200,success,
1789926808.075914,GET,GET /api/v1/reservas/{id},3.368295,200,success,
1789926808.218864,GET,GET /api/v1/reservas,6.639664,200,success,
1789926808.243371,GET,GET /api/v1/reservas,6.155629,200,success,
1789926808.365103,GET,GET /api/v1/reservas,6.278917,200,success,
1789926808.384906,GET,GET /api/v1/reservas,5.515390,200,success,
1789926808.422752,GET,GET /api/v1/reservas,6.509586,200,success,
1789926808.424541,GET,GET /api/v1/reservas,4.929662,200,success,
1789926808.481004,GET,GET /api/v1/reservas/{id},5.210858,200,success,
1789926808.494751,GET,GET /api/v1/reservas,5.438873,200,success,
1789926808.590972,GET,GET /api/v1/reservas/{id},4.953579,200,success,
1789926808.609439,GET,GET /api/v1/reservas,5.178238,200,success,
1789926808.625853,GET,GET /api/v1/reservas/{id},4.216070,200,success,
1789926808.647336,GET,GET /api/v1/reservas,5.178880,200,success,
1789926808.649280,GET,GET /api/v1/reservas,4.509205,200,success,
1789926808.751764,GET,GET /api/v1/reservas/{id},5.193412,200,success,
1789926808.844386,GET,GET /api/v1/reservas,6.213557,200,success,
1789926808.882822,GET,GET /api/v1/reservas,9.031589,200,success,
1789926808.896129,GET,GET /api/v1/reservas,5.946243,200,success,
1789926808.921673,GET,GET /api/v1/reservas,15.101620,200,success,
1789926808.928002,GET,GET /api/v1/reservas,9.362330,200,success,
1789926808.960407,GET,GET /api/v1/reservas,6.071023,200,success,
1789926809.038350,GET,GET /api/v1/reservas,6.594466,200,success,
1789926809.083430,GET,GET /api/v1/reservas/{id},4.815809,200,success,
1789926809.093682,GET,GET /api/v1/reservas,4.941930,200,success,
1789926809.127811,GET,GET /api/v1/reservas,6.769840,200,success,
1789926809.176631,GET,GET /api/v1/reservas,9.412797,200,success,
1789926809.194468,GET,GET /api/v1/reservas,4.867457,200,success,
1789926809.194836,GET,GET /api/v1/reservas,5.956488,200,success,
1789926809.302065,GET,GET /api/v1/reservas/{id},4.942202,200,success,
1789926809.394012,GET,GET /api/v1/reservas,6.554665,200,success,
1789926809.414870,GET,GET /api/v1/reservas/{id},5.239531,200,success,
1789926809.425854,GET,GET /api/v1/reservas,6.048608,200,success,
1789926809.496601,GET,GET /api/v1/reservas,6.365327,200,success,
1789926809.528877,GET,GET /api/v1/reservas,5.944140,200,success,
1789926809.654605,GET,GET /api/v1/reservas,6.367812,200,success,
1789926809.699963,GET,GET /api/v1/reservas/{id},6.107077,200,success,
1789926809.726609,GET,GET /api/v1/reservas,7.248457,200,success,
1789926809.748814,GET,GET /api/v1/reservas,6.876853,200,success,
1789926809.795239,GET,GET /api/v1/reservas/{id},5.177036,200,success,
1789926809.798802,GET,GET /api/v1/reservas,5.847273,200,success,
1789926809.813480,GET,GET /api/v1/reservas,6.395763,200,success,
1789926809.925334,GET,GET /api/v1/reservas,6.446210,200,success,
1789926809.957452,GET,GET /api/v1/reservas,5.724918,200,success,
1789926809.959054,GET,GET /api/v1/reservas,4.668526,200,success,
1789926809.991237,GET,GET /api/v1/reservas,6.830442,200,success,
1789926809.991652,GET,GET /api/v1/reservas,6.803812,200,success,
1789926810.007998,GET,GET /api/v1/reservas/{id},5.130216,200,success,
1789926810.068347,GET,GET /api/v1/reservas,6.950716,200,success,
1789926810.153316,GET,GET /api/v1/reservas,6.549857,200,success,
1789926810.159384,GET,GET /api/v1/reservas/{id},3.871969,200,success,
1789926810.163962,GET,GET /api/v1/reservas,4.370134,200,success,
1789926810.208134,GET,GET /api/v1/reservas,5.802165,200,success,
1789926810.230878,GET,GET /api/v1/reservas,7.381297,200,success,
1789926810.260697,GET,GET /api/v1/reservas/{id},4.599542,200,success,
1789926810.265421,GET,GET /api/v1/reservas,4.486371,200,success,
1789926810.271944,GET,GET /api/v1/reservas,4.269441,200,success,
1789926810.296380,GET,GET /api/v1/reservas,5.138679,200,success,
1789926810.387749,GET,GET /api/v1/reservas,5.962949,200,success,
1789926810.480895,GET,GET /api/v1/reservas/{id},5.137856,200,success,
1789926810.574480,GET,GET /api/v1/reservas/{id},5.310008,200,success,
1789926810.619339,GET,GET /api/v1/reservas,6.494273,200,success,
1789926810.744419,GET,GET /api/v1/reservas,7.170498,200,success,
1789926810.801937,GET,GET /api/v1/reservas/{id},6.253539,200,success,
1789926810.803445,GET,GET /api/v1/reservas,5.717687,200,success,
1789926810.814964,GET,GET /api/v1/reservas/{id},4.334280,200,success,
1789926810.822443,GET,GET /api/v1/reservas/{id},5.281065,200,success,
1789926810.874605,GET,GET /api/v1/reservas,9.820045,200,success,
1789926810.928325,GET,GET /api/v1/reservas,9.287767,200,success,
1789926811.004689,GET,GET /api/v1/reservas/{id},5.076033,200,success,
1789926811.027362,GET,GET /api/v1/reservas,5.385274,200,success,
1789926811.031348,GET,GET /api/v1/reservas,4.729779,200,success,
1789926811.081634,GET,GET /api/v1/reservas/{id},4.088777,200,success,
1789926811.123589,GET,GET /api/v1/reservas,5.653588,200,success,
1789926811.153501,GET,GET /api/v1/reservas/{id},4.696178,200,success,
1789926811.161437,GET,GET /api/v1/reservas,4.658601,200,success,
1789926811.200878,GET,GET /api/v1/reservas/{id},5.187893,200,success,
1789926811.218225,GET,GET /api/v1/reservas/{id},4.142139,200,success,
1789926811.247591,GET,GET /api/v1/reservas,6.084353,200,success,
1789926811.248570,GET,GET /api/v1/reservas,5.404201,200,success,
1789926811.306881,GET,GET /api/v1/reservas,7.980616,200,success,
1789926811.372740,GET,GET /api/v1/reservas,7.496372,200,success,
1789926811.434823,GET,GET /api/v1/reservas,8.114809,200,success,
1789926811.437532,GET,GET /api/v1/reservas,5.996659,200,success,
1789926811.451800,GET,GET /api/v1/reservas,5.990260,200,success,
1789926811.530458,GET,GET /api/v1/reservas,9.234125,200,success,
1789926811.530878,GET,GET /api/v1/reservas,9.096478,200,success,
1789926811.535815,GET,GET /api/v1/reservas,7.104729,200,success,
1789926811.541722,GET,GET /api/v1/reservas,4.674356,200,success,
1789926811.656977,GET,GET /api/v1/reservas/{id},4.931464,200,success,
1789926811.699844,GET,GET /api/v1/reservas,5.530212,200,success,
1789926811.711766,GET,GET /api/v1/reservas/{id},3.731096,200,success,
1789926811.837222,GET,GET /api/v1/reservas/{id},5.128303,200,success,
1789926811.851579,GET,GET /api/v1/reservas,5.086599,200,success,
1789926811.918551,GET,GET /api/v1/reservas,5.656895,200,success,
1789926812.070134,GET,GET /api/v1/reservas,6.114937,200,success,
1789926812.114638,GET,GET /api/v1/reservas,5.183598,200,success,
1789926812.187538,GET,GET /api/v1/reservas,7.568451,200,success,
1789926812.276809,GET,GET /api/v1/reservas,9.885834,200,success,
1789926812.278029,GET,GET /api/v1/reservas,8.293741,200,success,
1789926812.326092,GET,GET /api/v1/reservas,5.763376,200,success,
1789926812.331522,GET,GET /api/v1/reservas,5.198449,200,success,
1789926812.333270,GET,GET /api/v1/reservas/{id},4.306908,200,success,
1789926812.360559,GET,GET /api/v1/reservas/{id},5.070495,200,success,
1789926812.368351,GET,GET /api/v1/reservas,5.486817,200,success,
1789926812.452029,GET,GET /api/v1/reservas,6.614776,200,success,
1789926812.452336,GET,GET /api/v1/reservas/{id},4.273587,200,success,
1789926812.529750,GET,GET /api/v1/reservas,6.099835,200,success,
1789926812.583560,GET,GET /api/v1/reservas,5.509020,200,success,
1789926812.587665,GET,GET /api/v1/reservas,4.824031,200,success,
1789926812.595265,GET,GET /api/v1/reservas,4.374551,200,success,
1789926812.636548,GET,GET /api/v1/reservas/{id},4.088156,200,success,
1789926812.680656,GET,GET /api/v1/reservas,5.788534,200,success,
1789926812.689249,GET,GET /api/v1/reservas,5.277870,200,success,
1789926812.813713,GET,GET /api/v1/reservas/{id},11.135879,200,success,
1789926812.814309,GET,GET /api/v1/reservas,10.667248,200,success,
1789926812.861370,GET,GET /api/v1/reservas,6.700547,200,success,
1789926812.875592,GET,GET /api/v1/reservas/{id},4.022347,200,success,
1789926812.901438,GET,GET /api/v1/reservas,7.252382,200,success,
1789926812.966596,GET,GET /api/v1/reservas,6.783422,200,success,
1789926812.979650,GET,GET /api/v1/reservas,5.756856,200,success,
1789926813.010108,GET,GET /api/v1/reservas/{id},7.231200,200,success,
1789926813.012822,GET,GET /api/v1/reservas,7.982299,200,success,
1789926813.085242,GET,GET /api/v1/reservas,6.062529,200,success,
1789926813.136329,GET,GET /api/v1/reservas/{id},4.845835,200,success,
1789926813.149619,GET,GET /api/v1/reservas/{id},4.084931,200,success,
1789926813.182661,GET,GET /api/v1/reservas/{id},3.841071,200,success,
1789926813.192029,GET,GET /api/v1/reservas/{id},3.175333,200,success,
1789926813.258702,GET,GET /api/v1/reservas,6.359630,200,success,
1789926813.276027,GET,GET /api/v1/reservas,5.020500,200,success,
1789926813.375458,GET,GET /api/v1/reservas,7.119061,200,success,
1789926813.429479,GET,GET /api/v1/reservas,7.871111,200,success,
1789926813.445433,GET,GET /api/v1/reservas,7.330471,200,success,
1789926813.445647,GET,GET /api/v1/reservas,9.884772,200,success,
1789926813.447748,GET,GET /api/v1/reservas,6.239508,200,success,
1789926813.519448,GET,GET /api/v1/reservas,15.338057,200,success,
1789926813.551296,GET,GET /api/v1/reservas,7.505516,200,success,
1789926813.610413,GET,GET /api/v1/reservas,7.725880,200,success,
1789926813.662120,GET,GET /api/v1/reservas,6.321761,200,success,
1789926813.713360,GET,GET /api/v1/reservas,5.936187,200,success,
1789926813.721403,GET,GET /api/v1/reservas,4.743719,200,success,
1789926813.758853,GET,GET /api/v1/reservas,5.148082,200,success,
1789926813.782812,GET,GET /api/v1/reservas,4.679672,200,success,
1789926813.801972,GET,GET /api/v1/reservas,10.788793,200,success,
1789926813.833210,GET,GET /api/v1/reservas,6.223674,200,success,
1789926813.839324,GET,GET /api/v1/reservas,4.784342,200,success,
1789926813.886935,GET,GET /api/v1/reservas,5.292322,200,success,
1789926813.911769,GET,GET /api/v1/reservas,5.495700,200,success,
1789926813.945368,GET,GET /api/v1/reservas,5.894704,200,success,
1789926813.989017,GET,GET /api/v1/reservas,5.330368,200,success,
1789926813.993656,GET,GET /api/v1/reservas,4.441572,200,success,
1789926814.007194,GET,GET /api/v1/reservas,4.321850,200,success,
1789926814.153143,GET,GET /api/v1/reservas,6.541926,200,success,
1789926814.292174,GET,GET /api/v1/reservas,5.779170,200,success,
1789926814.292595,GET,GET /api/v1/reservas,7.074243,200,success,
1789926814.345762,GET,GET /api/v1/reservas,6.887851,200,success,
1789926814.346141,GET,GET /api/v1/reservas,6.866698,200,success,
1789926814.411108,GET,GET /api/v1/reservas,5.629954,200,success,
1789926814.477642,GET,GET /api/v1/reservas,5.600189,200,success,
1789926814.555108,GET,GET /api/v1/reservas,6.105744,200,success,
1789926814.561892,GET,GET /api/v1/reservas/{id},3.601378,200,success,
1789926814.617529,GET,GET /api/v1/reservas,6.278696,200,success,
1789926814.619947,GET,GET /api/v1/reservas,5.048232,200,success,
1789926814.630709,GET,GET /api/v1/reservas/{id},3.582319,200,success,
1789926814.764043,GET,GET /api/v1/reservas,5.941005,200,success,
1789926814.774979,GET,GET /api/v1/reservas,4.659743,200,success,
1789926814.804959,GET,GET /api/v1/reservas,4.724571,200,success,
1789926814.871382,GET,GET /api/v1/reservas,6.098384,200,success,
1789926814.913854,GET,GET /api/v1/reservas/{id},4.255600,200,success,
1789926815.002178,GET,GET /api/v1/reservas,5.956638,200,success,
1789926815.024756,GET,GET /api/v1/reservas,6.231866,200,success,
1789926815.061342,GET,GET /api/v1/reservas,6.250594,200,success,
1789926815.077683,GET,GET /api/v1/reservas,5.028231,200,success,
1789926815.118699,GET,GET /api/v1/reservas,6.667837,200,success,
1789926815.202944,GET,GET /api/v1/reservas,5.908105,200,success,
1789926815.249401,GET,GET /api/v1/reservas,6.064752,200,success,
1789926815.372295,GET,GET /api/v1/reservas,6.461364,200,success,
1789926815.402048,GET,GET /api/v1/reservas,5.418734,200,success,
1789926815.428598,GET,GET /api/v1/reservas,6.227460,200,success,
1789926815.460360,GET,GET /api/v1/reservas/{id},4.539070,200,success,
1789926815.493768,GET,GET /api/v1/reservas,5.090705,200,success,
1789926815.500549,GET,GET /api/v1/reservas,4.570407,200,success,
1789926815.503260,GET,GET /api/v1/reservas/{id},3.765727,200,success,
1789926815.510684,GET,GET /api/v1/reservas,4.205014,200,success,
1789926815.611320,GET,GET /api/v1/reservas,6.276724,200,success,
1789926815.697691,GET,GET /api/v1/reservas,5.999683,200,success,
1789926815.740890,GET,GET /api/v1/reservas,5.877959,200,success,
1789926815.750140,GET,GET /api/v1/reservas,4.939086,200,success,
1789926815.824147,GET,GET /api/v1/reservas/{id},4.762729,200,success,
1789926815.898539,GET,GET /api/v1/reservas/{id},5.114803,200,success,
1789926815.942274,GET,GET /api/v1/reservas,8.354813,200,success,
1789926815.987676,GET,GET /api/v1/reservas,7.073722,200,success,
1789926816.007650,GET,GET /api/v1/reservas,6.639894,200,success,
1789926816.013721,GET,GET /api/v1/reservas/{id},7.015953,200,success,
1789926816.052239,GET,GET /api/v1/reservas,8.199048,200,success,
1789926816.075170,GET,GET /api/v1/reservas/{id},5.706078,200,success,
1789926816.252903,GET,GET /api/v1/reservas,6.284165,200,success,
1789926816.268301,GET,GET /api/v1/reservas,5.074972,200,success,
1789926816.281356,GET,GET /api/v1/reservas,4.829220,200,success,
1789926816.313826,GET,GET /api/v1/reservas,5.226993,200,success,
1789926816.318101,GET,GET /api/v1/reservas,4.872756,200,success,
1789926816.337184,GET,GET /api/v1/reservas,4.781147,200,success,
1789926816.487605,GET,GET /api/v1/reservas/{id},5.076143,200,success,
1789926816.488874,GET,GET /api/v1/reservas,4.478588,200,success,
1789926816.528527,GET,GET /api/v1/reservas/{id},4.466019,200,success,
1789926816.540599,GET,GET /api/v1/reservas,4.802418,200,success,
1789926816.550147,GET,GET /api/v1/reservas,4.304654,200,success,
1789926816.584082,GET,GET /api/v1/reservas/{id},3.762563,200,success,
1789926816.631670,GET,GET /api/v1/reservas/{id},4.612151,200,success,
1789926816.632491,GET,GET /api/v1/reservas,6.114948,200,success,
1789926816.674191,GET,GET /api/v1/reservas,5.400366,200,success,
1789926816.674540,GET,GET /api/v1/reservas,5.400145,200,success,
1789926816.695190,GET,GET /api/v1/reservas,4.433138,200,success,
1789926816.738806,GET,GET /api/v1/reservas,6.305937,200,success,
1789926816.746005,GET,GET /api/v1/reservas,4.907729,200,success,
1789926816.774699,GET,GET /api/v1/reservas,8.306890,200,success,
1789926816.775534,GET,GET /api/v1/reservas,6.402114,200,success,
1789926816.779003,GET,GET /api/v1/reservas/{id},4.183130,200,success,
1789926816.800260,GET,GET /api/v1/reservas,6.881291,200,success,
1789926816.803434,GET,GET /api/v1/reservas/{id},4.506051,200,success,
1789926816.878113,GET,GET /api/v1/reservas,7.182698,200,success,
1789926816.894794,GET,GET /api/v1/reservas,10.380253,200,success,
1789926817.088634,GET,GET /api/v1/reservas,6.335422,200,success,
1789926817.106106,GET,GET /api/v1/reservas,5.125970,200,success,
1789926817.111737,GET,GET /api/v1/reservas,4.387600,200,success,
1789926817.132051,GET,GET /api/v1/reservas/{id},5.062524,200,success,
1789926817.152974,GET,GET /api/v1/reservas/{id},4.706664,200,success,
1789926817.160100,GET,GET /api/v1/reservas/{id},3.917207,200,success,
1789926817.172306,GET,GET /api/v1/reservas,4.951494,200,success,
1789926817.186869,GET,GET /api/v1/reservas,5.274325,200,success,
1789926817.223166,GET,GET /api/v1/reservas,5.919122,200,success,
1789926817.330699,GET,GET /api/v1/reservas,6.120988,200,success,
1789926817.364352,GET,GET /api/v1/reservas,5.354034,200,success,
1789926817.425546,GET,GET /api/v1/reservas/{id},4.552530,200,success,
1789926817.502123,GET,GET /api/v1/reservas/{id},7.721954,200,success,
1789926817.565362,GET,GET /api/v1/reservas,5.882506,200,success,
1789926817.570025,GET,GET /api/v1/reservas/{id},3.470430,200,success,
1789926817.607216,GET,GET /api/v1/reservas,5.864378,200,success,
1789926817.636579,GET,GET /api/v1/reservas/{id},4.156500,200,success,
1789926817.644262,GET,GET /api/v1/reservas,4.430596,200,success,
1789926817.659787,GET,GET /api/v1/reservas,4.272357,200,success,
1789926817.910815,GET,GET /api/v1/reservas,6.598992,200,success,
1789926817.922009,GET,GET /api/v1/reservas,4.872766,200,success,
1789926817.933824,GET,GET /api/v1/reservas/{id},3.618455,200,success,
1789926818.010636,GET,GET /api/v1/reservas/{id},4.571389,200,success,
1789926818.032481,GET,GET /api/v1/reservas,5.500617,200,success,
1789926818.125195,GET,GET /api/v1/reservas/{id},5.421568,200,success,
1789926818.141673,GET,GET /api/v1/reservas,5.200512,200,success,
1789926818.144417,GET,GET /api/v1/reservas,4.290293,200,success,
1789926818.188277,GET,GET /api/v1/reservas,5.560509,200,success,
1789926818.191454,GET,GET /api/v1/reservas,5.019058,200,success,
1789926818.237420,GET,GET /api/v1/reservas/{id},4.751011,200,success,
1789926818.246437,GET,GET /api/v1/reservas/{id},4.344174,200,success,
1789926818.301644,GET,GET /api/v1/reservas,5.887123,200,success,
1789926818.302883,GET,GET /api/v1/reservas,4.470526,200,success,
1789926818.307181,GET,GET /api/v1/reservas,4.131301,200,success,
1789926818.311067,GET,GET /api/v1/reservas,4.457006,200,success,
1789926818.322871,GET,GET /api/v1/reservas,4.553041,200,success,
1789926818.385103,GET,GET /api/v1/reservas,6.835762,200,success,
1789926818.471467,GET,GET /api/v1/reservas,6.358768,200,success,
1789926818.497121,GET,GET /api/v1/reservas,5.332002,200,success,
1789926818.502933,GET,GET /api/v1/reservas/{id},3.641069,200,success,
1789926818.540149,GET,GET /api/v1/reservas,5.974666,200,success,
1789926818.545276,GET,GET /api/v1/reservas,4.899667,200,success,
1789926818.606277,GET,GET /api/v1/reservas,5.700930,200,success,
1789926818.612205,GET,GET /api/v1/reservas,4.650529,200,success,
1789926818.658732,GET,GET /api/v1/reservas/{id},4.323673,200,success,
1789926818.659676,GET,GET /api/v1/reservas,4.567813,200,success,
1789926818.699709,GET,GET /api/v1/reservas/{id},3.852209,200,success,
1789926818.815708,GET,GET /api/v1/reservas,6.630090,200,success,
1789926818.940599,GET,GET /api/v1/reservas,6.540503,200,success,
1789926818.954167,GET,GET /api/v1/reservas/{id},4.384486,200,success,
1789926818.988199,GET,GET /api/v1/reservas,5.715463,200,success,
1789926819.010536,GET,GET /api/v1/reservas,5.012998,200,success,
1789926819.028111,GET,GET /api/v1/reservas,5.229747,200,success,
1789926819.041224,GET,GET /api/v1/reservas,4.840868,200,success,
1789926819.129925,GET,GET /api/v1/reservas,6.356545,200,success,
1789926819.142387,GET,GET /api/v1/reservas,5.175355,200,success,
1789926819.294632,GET,GET /api/v1/reservas,6.814789,200,success,
1789926819.316804,GET,GET /api/v1/reservas/{id},3.976998,200,success,
1789926819.462491,GET,GET /api/v1/reservas,7.124919,200,success,
1789926819.464643,GET,GET /api/v1/reservas,4.506902,200,success,
1789926819.511692,GET,GET /api/v1/reservas,5.788884,200,success,
1789926819.512109,GET,GET /api/v1/reservas,5.837818,200,success,
1789926819.523280,GET,GET /api/v1/reservas,4.923603,200,success,
1789926819.546478,GET,GET /api/v1/reservas,4.907317,200,success,
1789926819.587979,GET,GET /api/v1/reservas,5.220473,200,success,
1789926819.784329,GET,GET /api/v1/reservas/{id},5.479937,200,success,
1789926819.785238,GET,GET /api/v1/reservas,6.755468,200,success,
1789926819.786600,GET,GET /api/v1/reservas,4.977985,200,success,
1789926819.896118,GET,GET /api/v1/reservas,6.123252,200,success,
1789926819.922076,GET,GET /api/v1/reservas/{id},5.705128,200,success,
1789926819.925657,GET,GET /api/v1/reservas,5.217629,200,success,
1789926819.968217,GET,GET /api/v1/reservas,5.250027,200,success,
1789926820.009950,GET,GET /api/v1/reservas,5.421767,200,success,
1789926820.043430,GET,GET /api/v1/reservas,6.115058,200,success,
1789926820.174293,GET,GET /api/v1/reservas/{id},6.560163,200,success,
1789926820.186562,GET,GET /api/v1/reservas,8.345798,200,success,
1789926820.191828,GET,GET /api/v1/reservas,6.113075,200,success,
1789926820.202762,GET,GET /api/v1/reservas/{id},3.744656,200,success,
1789926820.208582,GET,GET /api/v1/reservas,4.576596,200,success,
1789926820.226912,GET,GET /api/v1/reservas,7.007491,200,success,
1789926820.302129,GET,GET /api/v1/reservas,5.927194,200,success,
1789926820.325872,GET,GET /api/v1/reservas,6.463186,200,success,
1789926820.409748,GET,GET /api/v1/reservas,6.536117,200,success,
1789926820.420384,GET,GET /api/v1/reservas,5.332273,200,success,
1789926820.422457,GET,GET /api/v1/reservas,4.730680,200,success,
1789926820.477524,GET,GET /api/v1/reservas,6.127177,200,success,
1789926820.530232,GET,GET /api/v1/reservas,6.361632,200,success,
1789926820.568914,GET,GET /api/v1/reservas,6.352559,200,success,
1789926820.600511,GET,GET /api/v1/reservas,5.311882,200,success,
1789926820.647443,GET,GET /api/v1/reservas,5.177457,200,success,
1789926820.647827,GET,GET /api/v1/reservas,7.019189,200,success,
1789926820.660434,GET,GET /api/v1/reservas,4.382423,200,success,
1789926820.664763,GET,GET /api/v1/reservas,4.151393,200,success,
1789926820.683896,GET,GET /api/v1/reservas,4.867397,200,success,
1789926820.742299,GET,GET /api/v1/reservas/{id},6.161689,200,success,
1789926820.759856,GET,GET /api/v1/reservas,5.231840,200,success,
1789926820.912899,GET,GET /api/v1/reservas,6.675619,200,success,
1789926821.062968,GET,GET /api/v1/reservas/{id},5.815744,200,success,
1789926821.138650,GET,GET /api/v1/reservas/{id},6.418308,200,success,
1789926821.150506,GET,GET /api/v1/reservas,6.539923,200,success,
1789926821.226037,GET,GET /api/v1/reservas,8.123512,200,success,
1789926821.226231,GET,GET /api/v1/reservas,7.526769,200,success,
1789926821.256476,GET,GET /api/v1/reservas/{id},7.001211,200,success,
1789926821.305811,GET,GET /api/v1/reservas,6.976644,200,success,
1789926821.352283,GET,GET /api/v1/reservas,6.143751,200,success,
1789926821.430623,GET,GET /api/v1/reservas/{id},5.331781,200,success,
1789926821.490775,GET,GET /api/v1/reservas,6.216742,200,success,
1789926821.501326,GET,GET /api/v1/reservas,4.311726,200,success,
1789926821.510050,GET,GET /api/v1/reservas,4.414080,200,success,
1789926821.515490,GET,GET /api/v1/reservas/{id},4.243772,200,success,
1789926821.578161,GET,GET /api/v1/reservas,6.292988,200,success,
1789926821.585881,GET,GET /api/v1/reservas,4.472308,200,success,
1789926821.638518,GET,GET /api/v1/reservas,7.243238,200,success,
1789926821.649487,GET,GET /api/v1/reservas/{id},4.748107,200,success,
1789926821.706530,GET,GET /api/v1/reservas/{id},5.767171,200,success,
1789926821.707670,GET,GET /api/v1/reservas,9.862809,200,success,
1789926821.733445,GET,GET /api/v1/reservas,7.451875,200,success,
1789926821.788332,GET,GET /api/v1/reservas,9.073243,200,success,
1789926821.795166,GET,GET /api/v1/reservas,5.510542,200,success,
1789926821.838517,GET,GET /api/v1/reservas,7.970451,200,success,
1789926821.854579,GET,GET /api/v1/reservas,6.749780,200,success,
1789926821.897661,GET,GET /api/v1/reservas,10.705908,200,success,
1789926822.028713,GET,GET /api/v1/reservas,6.640915,200,success,
1789926822.040956,GET,GET /api/v1/reservas,4.897924,200,success,
1789926822.069135,GET,GET /api/v1/reservas,4.904764,200,success,
1789926822.158755,GET,GET /api/v1/reservas,6.243023,200,success,
1789926822.251646,GET,GET /api/v1/reservas,6.502566,200,success,
1789926822.258469,GET,GET /api/v1/reservas/{id},3.651435,200,success,
1789926822.267841,GET,GET /api/v1/reservas/{id},3.208914,200,success,
1789926822.297211,GET,GET /api/v1/reservas,5.078999,200,success,
1789926822.303289,GET,GET /api/v1/reservas,4.836060,200,success,
1789926822.352284,GET,GET /api/v1/reservas,7.639308,200,success,
1789926822.356024,GET,GET /api/v1/reservas,5.412975,200,success,
1789926822.369727,GET,GET /api/v1/reservas,5.404392,200,success,
1789926822.468325,GET,GET /api/v1/reservas,6.557668,200,success,
1789926822.480196,GET,GET /api/v1/reservas,4.598719,200,success,
1789926822.566008,GET,GET /api/v1/reservas,6.450377,200,success,
1789926822.677229,GET,GET /api/v1/reservas/{id},5.931651,200,success,
1789926822.681801,GET,GET /api/v1/reservas,5.680320,200,success,
1789926822.793804,GET,GET /api/v1/reservas,7.549452,200,success,
1789926822.795362,GET,GET /api/v1/reservas,5.312101,200,success,
1789926822.813059,GET,GET /api/v1/reservas/{id},5.485715,200,success,
1789926822.815191,GET,GET /api/v1/reservas,7.093402,200,success,
1789926822.824463,GET,GET /api/v1/reservas,5.017725,200,success,
1789926822.934269,GET,GET /api/v1/reservas,6.391077,200,success,
1789926822.946334,GET,GET /api/v1/reservas,4.736179,200,success,
1789926822.968830,GET,GET /api/v1/reservas,5.217308,200,success,
1789926823.202239,GET,GET /api/v1/reservas,6.990875,200,success,
1789926823.208108,GET,GET /api/v1/reservas,5.614320,200,success,
1789926823.240458,GET,GET /api/v1/reservas,7.970140,200,success,
1789926823.322514,GET,GET /api/v1/reservas,7.625978,200,success,
1789926823.347855,GET,GET /api/v1/reservas/{id},6.703160,200,success,
1789926823.424886,GET,GET /api/v1/reservas,6.503557,200,success,
1789926823.448711,GET,GET /api/v1/reservas/{id},3.995795,200,success,
1789926823.456684,GET,GET /api/v1/reservas,4.750509,200,success,
1789926823.479969,GET,GET /api/v1/reservas/{id},5.049744,200,success,
1789926823.698539,GET,GET /api/v1/reservas,6.902462,200,success,
1789926823.700837,GET,GET /api/v1/reservas,11.265755,200,success,
1789926823.703758,GET,GET /api/v1/reservas,7.404122,200,success,
1789926823.723661,GET,GET /api/v1/reservas,6.555276,200,success,
1789926823.734551,GET,GET /api/v1/reservas,5.556292,200,success,
1789926823.857885,GET,GET /api/v1/reservas,17.883326,200,success,
1789926823.858115,GET,GET /api/v1/reservas,10.093158,200,success,
1789926823.858508,GET,GET /api/v1/reservas,9.724629,200,success,
1789926823.911191,GET,GET /api/v1/reservas/{id},8.034989,200,success,
1789926823.929646,GET,GET /api/v1/reservas,7.120562,200,success,
1789926823.953079,GET,GET /api/v1/reservas,8.081749,200,success,
1789926823.953236,GET,GET /api/v1/reservas,7.498936,200,success,
1789926824.035619,GET,GET /api/v1/reservas,7.059531,200,success,
1789926824.040051,GET,GET /api/v1/reservas,5.237308,200,success,
1789926824.081627,GET,GET /api/v1/reservas,6.246317,200,success,
1789926824.085380,GET,GET /api/v1/reservas,4.826866,200,success,
1789926824.097597,GET,GET /api/v1/reservas,4.939316,200,success,
1789926824.106019,GET,GET /api/v1/reservas,5.116705,200,success,
1789926824.110535,GET,GET /api/v1/reservas,5.270810,200,success,
1789926824.183590,GET,GET /api/v1/reservas,6.718864,200,success,
1789926824.246583,GET,GET /api/v1/reservas/{id},5.742143,200,success,
1789926824.251920,GET,GET /api/v1/reservas,6.041347,200,success,
1789926824.284213,GET,GET /api/v1/reservas,5.974546,200,success,
1789926824.364691,GET,GET /api/v1/reservas/{id},5.170226,200,success,
1789926824.395094,GET,GET /api/v1/reservas/{id},4.180456,200,success,
1789926824.413409,GET,GET /api/v1/reservas/{id},4.121427,200,success,
1789926824.444304,GET,GET /api/v1/reservas,5.987365,200,success,
1789926824.444705,GET,GET /api/v1/reservas,6.079234,200,success,
1789926824.463625,GET,GET /api/v1/reservas,4.692151,200,success,
1789926824.511887,GET,GET /api/v1/reservas,5.907684,200,success,
1789926824.586912,GET,GET /api/v1/reservas,6.653585,200,success,
1789926824.679127,GET,GET /api/v1/reservas,6.810913,200,success,
1789926824.902975,GET,GET /api/v1/reservas,6.430327,200,success,
1789926824.909119,GET,GET /api/v1/reservas,4.865446,200,success,
1789926824.969777,GET,GET /api/v1/reservas,7.348358,200,success,
1789926825.005966,GET,GET /api/v1/reservas,5.795994,200,success,
1789926825.043622,GET,GET /api/v1/reservas,6.259758,200,success,
1789926825.077187,GET,GET /api/v1/reservas,6.225797,200,success,
1789926825.174316,GET,GET /api/v1/reservas,6.719645,200,success,
1789926825.175848,GET,GET /api/v1/reservas/{id},4.466870,200,success,
1789926825.202362,GET,GET /api/v1/reservas,6.156252,200,success,
1789926825.220426,GET,GET /api/v1/reservas,6.719935,200,success,
1789926825.259994,GET,GET /api/v1/reservas,6.239837,200,success,
1789926825.350429,GET,GET /api/v1/reservas,7.005208,200,success,
1789926825.378843,GET,GET /api/v1/reservas,6.100347,200,success,
1789926825.445303,GET,GET /api/v1/reservas,6.080446,200,success,
1789926825.460652,GET,GET /api/v1/reservas,5.055693,200,success,
1789926825.532044,GET,GET /api/v1/reservas,7.912042,200,success,
1789926825.533664,GET,GET /api/v1/reservas,5.065337,200,success,
1789926825.545199,GET,GET /api/v1/reservas,5.243727,200,success,
1789926825.586334,GET,GET /api/v1/reservas/{id},4.908690,200,success,
1789926825.597742,GET,GET /api/v1/reservas/{id},4.234579,200,success,
1789926825.625539,GET,GET /api/v1/reservas,6.471698,200,success,
1789926825.655483,GET,GET /api/v1/reservas,5.603373,200,success,
1789926825.703206,GET,GET /api/v1/reservas,5.414657,200,success,
1789926825.707778,GET,GET /api/v1/reservas,4.400520,200,success,
1789926825.792054,GET,GET /api/v1/reservas,11.898073,200,success,
1789926825.792688,GET,GET /api/v1/reservas,10.734941,200,success,
1789926825.822141,GET,GET /api/v1/reservas,7.072420,200,success,
1789926825.825616,GET,GET /api/v1/reservas,5.696544,200,success,
1789926825.853936,GET,GET /api/v1/reservas,6.016670,200,success,
1789926825.900514,GET,GET /api/v1/reservas/{id},5.359383,200,success,
1789926825.901718,GET,GET /api/v1/reservas,6.027035,200,success,
1789926825.920591,GET,GET /api/v1/reservas,6.562908,200,success,
1789926825.966950,GET,GET /api/v1/reservas,6.994371,200,success,
1789926826.019377,GET,GET /api/v1/reservas/{id},8.417598,200,success,
1789926826.021306,GET,GET /api/v1/reservas,10.986732,200,success,
1789926826.132840,GET,GET /api/v1/reservas/{id},5.181924,200,success,
1789926826.139707,GET,GET /api/v1/reservas/{id},3.670162,200,success,
1789926826.173644,GET,GET /api/v1/reservas,5.614179,200,success,
1789926826.224113,GET,GET /api/v1/reservas,7.095265,200,success,
1789926826.246156,GET,GET /api/v1/reservas/{id},5.829355,200,success,
1789926826.285239,GET,GET /api/v1/reservas,7.700962,200,success,
1789926826.342507,GET,GET /api/v1/reservas,7.846403,200,success,
1789926826.357974,GET,GET /api/v1/reservas,8.119386,200,success,
1789926826.426753,GET,GET /api/v1/reservas,8.007788,200,success,
1789926826.464247,GET,GET /api/v1/reservas,10.363277,200,success,
1789926826.506223,GET,GET /api/v1/reservas,14.940856,200,success,
1789926826.532329,GET,GET /api/v1/reservas,6.707056,200,success,
1789926826.545354,GET,GET /api/v1/reservas,5.721202,200,success,
1789926826.559111,GET,GET /api/v1/reservas/{id},4.563107,200,success,
1789926826.595506,GET,GET /api/v1/reservas,6.050440,200,success,
1789926826.679518,GET,GET /api/v1/reservas,6.639985,200,success,
1789926826.759863,GET,GET /api/v1/reservas/{id},5.074872,200,success,
1789926826.867792,GET,GET /api/v1/reservas,6.536899,200,success,
1789926826.877409,GET,GET /api/v1/reservas,5.339283,200,success,
1789926826.877732,GET,GET /api/v1/reservas/{id},4.037110,200,success,
1789926826.890858,GET,GET /api/v1/reservas,4.844673,200,success,
1789926826.999935,GET,GET /api/v1/reservas,6.712954,200,success,
1789926827.012519,GET,GET /api/v1/reservas/{id},4.374932,200,success,
1789926827.058560,GET,GET /api/v1/reservas,6.710191,200,success,
1789926827.133156,GET,GET /api/v1/reservas/{id},6.287930,200,success,
1789926827.165241,GET,GET /api/v1/reservas,6.737914,200,success,
1789926827.218827,GET,GET /api/v1/reservas,11.186225,200,success,
1789926827.259812,GET,GET /api/v1/reservas/{id},6.650900,200,success,
1789926827.311252,GET,GET /api/v1/reservas/{id},6.158405,200,success,
1789926827.363174,GET,GET /api/v1/reservas,8.527475,200,success,
1789926827.507259,GET,GET /api/v1/reservas/{id},3.822253,200,success,
1789926827.507826,GET,GET /api/v1/reservas,6.106866,200,success,
1789926827.516933,GET,GET /api/v1/reservas,4.847337,200,success,
1789926827.550488,GET,GET /api/v1/reservas,5.263097,200,success,
1789926827.565499,GET,GET /api/v1/reservas,4.714917,200,success,
1789926827.568678,GET,GET /api/v1/reservas,4.307279,200,success,
1789926827.576061,GET,GET /api/v1/reservas/{id},3.241434,200,success,
1789926827.579086,GET,GET /api/v1/reservas/{id},3.701891,200,success,
1789926827.626470,GET,GET /api/v1/reservas,6.059745,200,success,
1789926827.776578,GET,GET /api/v1/reservas/{id},4.769950,200,success,
1789926827.786694,GET,GET /api/v1/reservas,4.850242,200,success,
1789926827.807758,GET,GET /api/v1/reservas,4.793836,200,success,
1789926827.817725,GET,GET /api/v1/reservas,4.699944,200,success,
1789926827.917409,GET,GET /api/v1/reservas,7.286534,200,success,
1789926827.934960,GET,GET /api/v1/reservas,5.268936,200,success,
1789926827.949476,GET,GET /api/v1/reservas,5.202855,200,success,
1789926828.017655,GET,GET /api/v1/reservas/{id},5.926472,200,success,
1789926828.048728,GET,GET /api/v1/reservas,6.702809,200,success,
1789926828.119960,GET,GET /api/v1/reservas,7.823127,200,success,
1789926828.143897,GET,GET /api/v1/reservas,5.568951,200,success,
1789926828.216006,GET,GET /api/v1/reservas,6.759866,200,success,
1789926828.291204,GET,GET /api/v1/reservas,5.843757,200,success,
1789926828.379841,GET,GET /api/v1/reservas,6.261631,200,success,
1789926828.416661,GET,GET /api/v1/reservas/{id},4.601674,200,success,
1789926828.419136,GET,GET /api/v1/reservas,5.239321,200,success,
1789926828.421319,GET,GET /api/v1/reservas,4.488564,200,success,
1789926828.435127,GET,GET /api/v1/reservas,4.553752,200,success,
1789926828.503144,GET,GET /api/v1/reservas,6.111042,200,success,
1789926828.555187,GET,GET /api/v1/reservas,5.752099,200,success,
1789926828.581197,GET,GET /api/v1/reservas/{id},3.813891,200,success,
1789926828.596975,GET,GET /api/v1/reservas,4.537969,200,success,
1789926828.666811,GET,GET /api/v1/reservas,6.481805,200,success,
1789926828.670288,GET,GET /api/v1/reservas,4.507773,200,success,
1789926828.702669,GET,GET /api/v1/reservas,5.093741,200,success,
1789926828.786091,GET,GET /api/v1/reservas,6.054427,200,success,
1789926828.801532,GET,GET /api/v1/reservas,5.135312,200,success,
1789926828.815678,GET,GET /api/v1/reservas,5.847493,200,success,
1789926828.889018,GET,GET /api/v1/reservas,5.943839,200,success,
1789926828.925380,GET,GET /api/v1/reservas,7.009444,200,success,
1789926829.003275,GET,GET /api/v1/reservas,6.520243,200,success,
1789926829.052083,GET,GET /api/v1/reservas/{id},10.976838,200,success,
1789926829.053184,GET,GET /api/v1/reservas,15.500364,200,success,
1789926829.179747,GET,GET /api/v1/reservas,9.104149,200,success,
1789926829.236399,GET,GET /api/v1/reservas,6.311808,200,success,
1789926829.313800,GET,GET /api/v1/reservas/{id},5.130126,200,success,
1789926829.332555,GET,GET /api/v1/reservas,6.405349,200,success,
1789926829.332906,GET,GET /api/v1/reservas,6.106856,200,success,
1789926829.352167,GET,GET /api/v1/reservas,5.007599,200,success,
1789926829.385900,GET,GET /api/v1/reservas,5.427887,200,success,
1789926829.483615,GET,GET /api/v1/reservas,6.265196,200,success,
1789926829.518894,GET,GET /api/v1/reservas/{id},4.090951,200,success,
1789926829.549802,GET,GET /api/v1/reservas/{id},3.718034,200,success,
1789926829.569046,GET,GET /api/v1/reservas,4.969603,200,success,
1789926829.603736,GET,GET /api/v1/reservas/{id},4.498328,200,success,
1789926829.800403,GET,GET /api/v1/reservas/{id},5.389279,200,success,
1789926829.851485,GET,GET /api/v1/reservas/{id},4.836471,200,success,
1789926829.856130,GET,GET /api/v1/reservas/{id},3.464842,200,success,
1789926829.881714,GET,GET /api/v1/reservas,5.271620,200,success,
1789926829.882148,GET,GET /api/v1/reservas/{id},3.182222,200,success,
1789926829.897951,GET,GET /api/v1/reservas,4.571609,200,success,
1789926829.900931,GET,GET /api/v1/reservas/{id},2.877481,200,success,
1789926829.979872,GET,GET /api/v1/reservas/{id},3.829654,200,success,
1789926829.980345,GET,GET /api/v1/reservas,7.074493,200,success,
1789926829.988060,GET,GET /api/v1/reservas/{id},3.557913,200,success,
1789926830.035558,GET,GET /api/v1/reservas/{id},5.263417,200,success,
1789926830.073223,GET,GET /api/v1/reservas,6.349984,200,success,
1789926830.122831,GET,GET /api/v1/reservas,6.241590,200,success,
1789926830.179647,GET,GET /api/v1/reservas,5.475048,200,success,
1789926830.185726,GET,GET /api/v1/reservas,4.791642,200,success,
1789926830.229544,GET,GET /api/v1/reservas,6.493212,200,success,
1789926830.270499,GET,GET /api/v1/reservas,5.608541,200,success,
1789926830.282238,GET,GET /api/v1/reservas/{id},3.567777,200,success,
1789926830.316360,GET,GET /api/v1/reservas,5.806060,200,success,
1789926830.365865,GET,GET /api/v1/reservas,9.119633,200,success,
1789926830.545563,GET,GET /api/v1/reservas,6.561826,200,success,
1789926830.563640,GET,GET /api/v1/reservas,4.819935,200,success,
1789926830.589629,GET,GET /api/v1/reservas/{id},3.810946,200,success,
1789926830.606217,GET,GET /api/v1/reservas/{id},3.422728,200,success,
1789926830.681694,GET,GET /api/v1/reservas,6.161930,200,success,
1789926830.693033,GET,GET /api/v1/reservas,5.045447,200,success,
1789926830.736034,GET,GET /api/v1/reservas,6.672433,200,success,
1789926830.808560,GET,GET /api/v1/reservas/{id},5.247463,200,success,
1789926830.874493,GET,GET /api/v1/reservas/{id},8.042791,200,success,
1789926830.874902,GET,GET /api/v1/reservas,8.992270,200,success,
1789926830.892455,GET,GET /api/v1/reservas,5.293212,200,success,
1789926830.968721,GET,GET /api/v1/reservas,5.912862,200,success,
1789926831.049205,GET,GET /api/v1/reservas,6.117452,200,success,
1789926831.075827,GET,GET /api/v1/reservas,5.305070,200,success,
1789926831.106674,GET,GET /api/v1/reservas,5.554039,200,success,
1789926831.112769,GET,GET /api/v1/reservas/{id},3.912980,200,success,
1789926831.148424,GET,GET /api/v1/reservas,5.332754,200,success,
1789926831.199914,GET,GET /api/v1/reservas,6.167939,200,success,
1789926831.205703,GET,GET /api/v1/reservas,4.526361,200,success,
1789926831.244086,GET,GET /api/v1/reservas/{id},5.148103,200,success,
1789926831.250129,GET,GET /api/v1/reservas,4.736170,200,success,
1789926831.283401,GET,GET /api/v1/reservas,4.969482,200,success,
1789926831.310819,GET,GET /api/v1/reservas,6.090560,200,success,
1789926831.416622,GET,GET /api/v1/reservas/{id},6.545572,200,success,
1789926831.449177,GET,GET /api/v1/reservas,9.174606,200,success,
1789926831.458671,GET,GET /api/v1/reservas,6.181690,200,success,
1789926831.476764,GET,GET /api/v1/reservas,6.762971,200,success,
1789926831.518214,GET,GET /api/v1/reservas,8.064513,200,success,
1789926831.560302,GET,GET /api/v1/reservas/{id},5.811769,200,success,
1789926831.595621,GET,GET /api/v1/reservas,8.937647,200,success,
1789926831.596689,GET,GET /api/v1/reservas,5.170516,200,success,
1789926831.775090,GET,GET /api/v1/reservas/{id},5.047331,200,success,
1789926831.811660,GET,GET /api/v1/reservas/{id},4.350385,200,success,
1789926831.862703,GET,GET /api/v1/reservas,5.711367,200,success,
1789926831.921911,GET,GET /api/v1/reservas/{id},4.941981,200,success,
1789926831.926095,GET,GET /api/v1/reservas,5.144097,200,success,
1789926831.928334,GET,GET /api/v1/reservas/{id},3.236545,200,success,
1789926832.022556,GET,GET /api/v1/reservas,10.751958,200,success,
1789926832.023258,GET,GET /api/v1/reservas,8.315634,200,success,
1789926832.101727,GET,GET /api/v1/reservas,10.095672,200,success,
1789926832.154720,GET,GET /api/v1/reservas,9.591959,200,success,
1789926832.181115,GET,GET /api/v1/reservas,8.999972,200,success,
1789926832.182808,GET,GET /api/v1/reservas,5.703344,200,success,
1789926832.279323,GET,GET /api/v1/reservas/{id},5.123867,200,success,
1789926832.295544,GET,GET /api/v1/reservas,4.911193,200,success,
1789926832.311553,GET,GET /api/v1/reservas,4.761166,200,success,
1789926832.460541,GET,GET /api/v1/reservas/{id},4.982161,200,success,
1789926832.467593,GET,GET /api/v1/reservas,4.788068,200,success,
1789926832.497594,GET,GET /api/v1/reservas,4.720366,200,success,
1789926832.507000,GET,GET /api/v1/reservas,4.164903,200,success,
1789926832.553331,GET,GET /api/v1/reservas,5.998472,200,success,
1789926832.560211,GET,GET /api/v1/reservas,4.641294,200,success,
1789926832.630494,GET,GET /api/v1/reservas,5.938041,200,success,
1789926832.695338,GET,GET /api/v1/reservas,5.529481,200,success,
1789926832.701599,GET,GET /api/v1/reservas/{id},4.094686,200,success,
1789926832.702597,GET,GET /api/v1/reservas,4.742748,200,success,
1789926832.709717,GET,GET /api/v1/reservas,3.894602,200,success,
1789926832.729370,GET,GET /api/v1/reservas/{id},4.473010,200,success,
1789926832.779245,GET,GET /api/v1/reservas,5.533327,200,success,
1789926832.873839,GET,GET /api/v1/reservas,6.233979,200,success,
1789926832.892282,GET,GET /api/v1/reservas/{id},4.226136,200,success,
1789926832.914441,GET,GET /api/v1/reservas/{id},3.960413,200,success,
1789926832.934226,GET,GET /api/v1/reservas/{id},3.607127,200,success,
1789926832.942997,GET,GET /api/v1/reservas,4.505319,200,success,
1789926833.034302,GET,GET /api/v1/reservas,5.910259,200,success,
1789926833.064458,GET,GET /api/v1/reservas,4.807847,200,success,
1789926833.204827,GET,GET /api/v1/reservas/{id},5.036574,200,success,
1789926833.253830,GET,GET /api/v1/reservas/{id},4.753144,200,success,
1789926833.257715,GET,GET /api/v1/reservas,4.778142,200,success,
1789926833.260601,GET,GET /api/v1/reservas/{id},3.588208,200,success,
1789926833.292321,GET,GET /api/v1/reservas,4.478588,200,success,
1789926833.313233,GET,GET /api/v1/reservas,5.638335,200,success,
1789926833.357630,GET,GET /api/v1/reservas,6.070341,200,success,
1789926833.429196,GET,GET /api/v1/reservas/{id},5.712218,200,success,
1789926833.441254,GET,GET /api/v1/reservas,5.766651,200,success,
1789926833.475778,GET,GET /api/v1/reservas,8.657913,200,success,
1789926833.546107,GET,GET /api/v1/reservas,6.956824,200,success,
1789926833.627326,GET,GET /api/v1/reservas,7.761825,200,success,
1789926833.707654,GET,GET /api/v1/reservas,6.928662,200,success,
1789926833.744821,GET,GET /api/v1/reservas/{id},4.939065,200,success,
1789926833.777020,GET,GET /api/v1/reservas,5.867484,200,success,
1789926833.778459,GET,GET /api/v1/reservas,4.653733,200,success,
1789926833.863791,GET,GET /api/v1/reservas,5.978733,200,success,
1789926833.890888,GET,GET /api/v1/reservas,4.843862,200,success,
1789926834.008078,GET,GET /api/v1/reservas,7.778530,200,success,
1789926834.055197,GET,GET /api/v1/reservas,7.698088,200,success,
1789926834.068733,GET,GET /api/v1/reservas/{id},5.330589,200,success,
1789926834.072843,GET,GET /api/v1/reservas,5.548490,200,success,
1789926834.144687,GET,GET /api/v1/reservas,7.423952,200,success,
1789926834.166212,GET,GET /api/v1/reservas,8.995794,200,success,
1789926834.186650,GET,GET /api/v1/reservas/{id},5.193362,200,success,
1789926834.215379,GET,GET /api/v1/reservas/{id},7.485877,200,success,
1789926834.250453,GET,GET /api/v1/reservas,8.661818,200,success,
1789926834.282141,GET,GET /api/v1/reservas,6.315633,200,success,
1789926834.315900,GET,GET /api/v1/reservas,5.434457,200,success,
1789926834.346516,GET,GET /api/v1/reservas/{id},4.401011,200,success,
1789926834.347408,GET,GET /api/v1/reservas,4.794808,200,success,
1789926834.372153,GET,GET /api/v1/reservas,5.476180,200,success,
1789926834.414136,GET,GET /api/v1/reservas,5.682674,200,success,
1789926834.547723,GET,GET /api/v1/reservas,6.500473,200,success,
1789926834.557587,GET,GET /api/v1/reservas/{id},3.694711,200,success,
1789926834.628798,GET,GET /api/v1/reservas,5.908345,200,success,
1789926834.658486,GET,GET /api/v1/reservas,5.378261,200,success,
1789926834.715039,GET,GET /api/v1/reservas,7.240825,200,success,
1789926834.718765,GET,GET /api/v1/reservas,6.671852,200,success,
1789926834.721673,GET,GET /api/v1/reservas,5.351231,200,success,
1789926834.733523,GET,GET /api/v1/reservas,4.560713,200,success,
1789926834.743786,GET,GET /api/v1/reservas,4.972066,200,success,
1789926834.812004,GET,GET /api/v1/reservas/{id},4.962882,200,success,
1789926834.830551,GET,GET /api/v1/reservas/{id},5.316919,200,success,
1789926834.848996,GET,GET /api/v1/reservas,5.151378,200,success,
1789926834.992049,GET,GET /api/v1/reservas,6.570859,200,success,
1789926835.030035,GET,GET /api/v1/reservas,5.652016,200,success,
1789926835.083029,GET,GET /api/v1/reservas,5.672748,200,success,
1789926835.177028,GET,GET /api/v1/reservas/{id},4.750831,200,success,
1789926835.219690,GET,GET /api/v1/reservas/{id},4.446799,200,success,
1789926835.280586,GET,GET /api/v1/reservas,6.526752,200,success,
1789926835.384304,GET,GET /api/v1/reservas,6.302612,200,success,
1789926835.391285,GET,GET /api/v1/reservas,4.709748,200,success,
1789926835.431818,GET,GET /api/v1/reservas,5.811609,200,success,
1789926835.532822,GET,GET /api/v1/reservas/{id},5.847053,200,success,
1789926835.560830,GET,GET /api/v1/reservas/{id},4.417435,200,success,
1789926835.561322,GET,GET /api/v1/reservas,5.204247,200,success,
1789926835.570848,GET,GET /api/v1/reservas,7.275759,200,success,
1789926835.579042,GET,GET /api/v1/reservas,3.951619,200,success,
1789926835.584239,GET,GET /api/v1/reservas,3.960914,200,success,
1789926835.648854,GET,GET /api/v1/reservas,5.322697,200,success,
1789926835.662716,GET,GET /api/v1/reservas,4.605861,200,success,
1789926835.720939,GET,GET /api/v1/reservas,5.920784,200,success,
1789926835.783033,GET,GET /api/v1/reservas,5.732660,200,success,
1789926835.787697,GET,GET /api/v1/reservas/{id},3.495899,200,success,
1789926835.900777,GET,GET /api/v1/reservas,6.714457,200,success,
1789926835.905240,GET,GET /api/v1/reservas,5.310649,200,success,
1789926835.917744,GET,GET /api/v1/reservas,5.239622,200,success,
1789926835.927253,GET,GET /api/v1/reservas,6.194018,200,success,
1789926835.931062,GET,GET /api/v1/reservas,4.815980,200,success,
1789926835.943179,GET,GET /api/v1/reservas,4.848569,200,success,
1789926836.014384,GET,GET /api/v1/reservas/{id},5.969177,200,success,
1789926836.041161,GET,GET /api/v1/reservas,5.423541,200,success,
1789926836.045796,GET,GET /api/v1/reservas,4.407481,200,success,
1789926836.085190,GET,GET /api/v1/reservas,5.084447,200,success,
1789926836.093961,GET,GET /api/v1/reservas,4.519370,200,success,
1789926836.103237,GET,GET /api/v1/reservas,4.029528,200,success,
1789926836.132623,GET,GET /api/v1/reservas/{id},5.190778,200,success,
1789926836.217835,GET,GET /api/v1/reservas,6.848069,200,success,
1789926836.219022,GET,GET /api/v1/reservas,5.174723,200,success,
1789926836.246591,GET,GET /api/v1/reservas,4.874058,200,success,
1789926836.246952,GET,GET /api/v1/reservas,5.708203,200,success,
1789926836.270526,GET,GET /api/v1/reservas,4.357554,200,success,
1789926836.568564,GET,GET /api/v1/reservas/{id},7.481640,200,success,
1789926836.569192,GET,GET /api/v1/reservas,7.557276,200,success,
1789926836.603074,GET,GET /api/v1/reservas,7.529252,200,success,
1789926836.604169,GET,GET /api/v1/reservas,8.261261,200,success,
1789926836.687498,GET,GET /api/v1/reservas/{id},6.036350,200,success,
1789926836.822264,GET,GET /api/v1/reservas,7.287676,200,success,
1789926836.828366,GET,GET /api/v1/reservas,4.821597,200,success,
1789926836.843138,GET,GET /api/v1/reservas,5.486726,200,success,
1789926836.879947,GET,GET /api/v1/reservas,5.524493,200,success,
1789926836.919954,GET,GET /api/v1/reservas,5.690705,200,success,
1789926836.950481,GET,GET /api/v1/reservas/{id},4.301019,200,success,
1789926836.973450,GET,GET /api/v1/reservas,5.657906,200,success,
1789926836.980161,GET,GET /api/v1/reservas,8.761240,200,success,
1789926836.990830,GET,GET /api/v1/reservas,4.432037,200,success,
1789926837.010264,GET,GET /api/v1/reservas/{id},4.240697,200,success,
1789926837.065717,GET,GET /api/v1/reservas,8.135020,200,success,
1789926837.099474,GET,GET /api/v1/reservas,5.423711,200,success,
1789926837.169686,GET,GET /api/v1/reservas,5.894174,200,success,
1789926837.186512,GET,GET /api/v1/reservas/{id},3.635741,200,success,
1789926837.269724,GET,GET /api/v1/reservas,8.808540,200,success,
1789926837.270249,GET,GET /api/v1/reservas,5.878821,200,success,
1789926837.277386,GET,GET /api/v1/reservas/{id},4.979828,200,success,
1789926837.294336,GET,GET /api/v1/reservas,4.703809,200,success,
1789926837.357538,GET,GET /api/v1/reservas,5.907604,200,success,
1789926837.414621,GET,GET /api/v1/reservas,7.743657,200,success,
1789926837.422879,GET,GET /api/v1/reservas,6.025242,200,success,
1789926837.438067,GET,GET /api/v1/reservas,6.807387,200,success,
1789926837.468942,GET,GET /api/v1/reservas,6.742159,200,success,
1789926837.531843,GET,GET /api/v1/reservas,10.471702,200,success,
1789926837.535443,GET,GET /api/v1/reservas,7.886974,200,success,
1789926837.562608,GET,GET /api/v1/reservas,8.363786,200,success,
1789926837.660749,GET,GET /api/v1/reservas,6.752835,200,success,
1789926837.705261,GET,GET /api/v1/reservas,6.159567,200,success,
1789926837.715764,GET,GET /api/v1/reservas/{id},4.297915,200,success,
1789926837.733641,GET,GET /api/v1/reservas,5.580237,200,success,
1789926837.748670,GET,GET /api/v1/reservas,4.769429,200,success,
1789926837.818625,GET,GET /api/v1/reservas/{id},5.704187,200,success,
1789926837.821005,GET,GET /api/v1/reservas,5.664616,200,success,
1789926837.894092,GET,GET /api/v1/reservas,5.748172,200,success,
1789926837.949246,GET,GET /api/v1/reservas/{id},5.875124,200,success,
1789926837.950060,GET,GET /api/v1/reservas/{id},3.848943,200,success,
1789926837.973911,GET,GET /api/v1/reservas/{id},3.678726,200,success,
1789926838.082371,GET,GET /api/v1/reservas,6.046184,200,success,
1789926838.093407,GET,GET /api/v1/reservas,4.716118,200,success,
1789926838.114677,GET,GET /api/v1/reservas,4.990244,200,success,
1789926838.117786,GET,GET /api/v1/reservas/{id},3.860721,200,success,
1789926838.229359,GET,GET /api/v1/reservas,6.169630,200,success,
1789926838.318539,GET,GET /api/v1/reservas/{id},4.870492,200,success,
1789926838.340097,GET,GET /api/v1/reservas,5.219581,200,success,
1789926838.463278,GET,GET /api/v1/reservas,6.767367,200,success,
1789926838.492256,GET,GET /api/v1/reservas,4.718391,200,success,
1789926838.520294,GET,GET /api/v1/reservas/{id},3.846730,200,success,
1789926838.537772,GET,GET /api/v1/reservas/{id},3.300923,200,success,
1789926838.584063,GET,GET /api/v1/reservas/{id},4.112203,200,success,
1789926838.594390,GET,GET /api/v1/reservas/{id},3.168062,200,success,
1789926838.659486,GET,GET /api/v1/reservas,5.762885,200,success,
1789926838.946024,GET,GET /api/v1/reservas/{id},5.047110,200,success,
1789926838.963329,GET,GET /api/v1/reservas,5.001831,200,success,
1789926838.977527,GET,GET /api/v1/reservas,4.940158,200,success,
1789926839.094576,GET,GET /api/v1/reservas,7.685759,200,success,
1789926839.094814,GET,GET /api/v1/reservas,7.418234,200,success,
1789926839.099949,GET,GET /api/v1/reservas,4.938585,200,success,
1789926839.123145,GET,GET /api/v1/reservas,6.857684,200,success,
1789926839.123950,GET,GET /api/v1/reservas/{id},4.074346,200,success,
1789926839.162170,GET,GET /api/v1/reservas,6.849420,200,success,
1789926839.166203,GET,GET /api/v1/reservas,7.071729,200,success,
1789926839.169221,GET,GET /api/v1/reservas,5.775764,200,success,
1789926839.202864,GET,GET /api/v1/reservas/{id},4.442885,200,success,
1789926839.228501,GET,GET /api/v1/reservas/{id},4.401281,200,success,
1789926839.287140,GET,GET /api/v1/reservas,8.300361,200,success,
1789926839.539782,GET,GET /api/v1/reservas,6.947440,200,success,
1789926839.607727,GET,GET /api/v1/reservas,5.619557,200,success,
1789926839.622778,GET,GET /api/v1/reservas/{id},4.849411,200,success,
1789926839.716442,GET,GET /api/v1/reservas/{id},5.402358,200,success,
1789926839.717524,GET,GET /api/v1/reservas,5.959463,200,success,
1789926839.736569,GET,GET /api/v1/reservas,4.770741,200,success,
1789926839.760391,GET,GET /api/v1/reservas,4.561164,200,success,
1789926839.804506,GET,GET /api/v1/reservas,4.785083,200,success,
1789926839.829465,GET,GET /api/v1/reservas/{id},3.778847,200,success,
1789926839.883005,GET,GET /api/v1/reservas,5.223447,200,success,
1789926839.913630,GET,GET /api/v1/reservas,5.323770,200,success,
1789926839.974641,GET,GET /api/v1/reservas,5.678998,200,success,
1789926839.979059,GET,GET /api/v1/reservas,4.192295,200,success,
1789926839.995493,GET,GET /api/v1/reservas,4.197744,200,success,
1789926840.002428,GET,GET /api/v1/reservas,4.658131,200,success,
1789926840.035650,GET,GET /api/v1/reservas,5.876397,200,success,
1789926840.062833,GET,GET /api/v1/reservas,4.916702,200,success,
1789926840.081730,GET,GET /api/v1/reservas,4.652512,200,success,
1789926840.093860,GET,GET /api/v1/reservas,4.870613,200,success,
1789926840.143582,GET,GET /api/v1/reservas,6.402724,200,success,
1789926840.157881,GET,GET /api/v1/reservas,5.005146,200,success,
1789926840.191729,GET,GET /api/v1/reservas,5.528970,200,success,
1789926840.215935,GET,GET /api/v1/reservas,5.884459,200,success,
1789926840.254452,GET,GET /api/v1/reservas/{id},4.283272,200,success,
1789926840.269200,GET,GET /api/v1/reservas/{id},3.548378,200,success,
1789926840.276979,GET,GET /api/v1/reservas,4.513752,200,success,
1789926840.333325,GET,GET /api/v1/reservas/{id},5.086870,200,success,
1789926840.408032,GET,GET /api/v1/reservas,6.322111,200,success,
1789926840.412565,GET,GET /api/v1/reservas,4.342192,200,success,
1789926840.497669,GET,GET /api/v1/reservas,6.137973,200,success,
1789926840.503438,GET,GET /api/v1/reservas,4.529346,200,success,
1789926840.567241,GET,GET /api/v1/reservas,6.445470,200,success,
1789926840.568771,GET,GET /api/v1/reservas,5.138979,200,success,
1789926840.672190,GET,GET /api/v1/reservas/{id},5.124057,200,success,
1789926840.692197,GET,GET /api/v1/reservas/{id},3.819278,200,success,
1789926840.800778,GET,GET /api/v1/reservas,8.272569,200,success,
1789926840.842424,GET,GET /api/v1/reservas,6.285037,200,success,
1789926840.855797,GET,GET /api/v1/reservas,5.091969,200,success,
1789926840.888971,GET,GET /api/v1/reservas,5.885591,200,success,
1789926840.977105,GET,GET /api/v1/reservas/{id},5.825890,200,success,
1789926841.017295,GET,GET /api/v1/reservas/{id},4.957645,200,success,
1789926841.057265,GET,GET /api/v1/reservas,5.649323,200,success,
1789926841.064011,GET,GET /api/v1/reservas,4.472820,200,success,
1789926841.115709,GET,GET /api/v1/reservas/{id},4.496805,200,success,
1789926841.123906,GET,GET /api/v1/reservas/{id},3.405301,200,success,
1789926841.124354,GET,GET /api/v1/reservas,5.372753,200,success,
1789926841.249786,GET,GET /api/v1/reservas,6.061849,200,success,
1789926841.281201,GET,GET /api/v1/reservas/{id},4.203410,200,success,
1789926841.285961,GET,GET /api/v1/reservas/{id},3.590782,200,success,
1789926841.295419,GET,GET /api/v1/reservas,4.186876,200,success,
1789926841.335500,GET,GET /api/v1/reservas,6.733576,200,success,
1789926841.381487,GET,GET /api/v1/reservas/{id},4.736950,200,success,
1789926841.390829,GET,GET /api/v1/reservas,5.071277,200,success,
1789926841.401455,GET,GET /api/v1/reservas,4.392898,200,success,
1789926841.443518,GET,GET /api/v1/reservas,5.371542,200,success,
1789926841.549719,GET,GET /api/v1/reservas,6.206868,200,success,
1789926841.564606,GET,GET /api/v1/reservas/{id},3.690143,200,success,
1789926841.627948,GET,GET /api/v1/reservas,8.953090,200,success,
1789926841.629975,GET,GET /api/v1/reservas/{id},4.739494,200,success,
1789926841.651941,GET,GET /api/v1/reservas,6.502295,200,success,
1789926841.658565,GET,GET /api/v1/reservas,7.520949,200,success,
1789926841.700599,GET,GET /api/v1/reservas,6.765034,200,success,
1789926841.704502,GET,GET /api/v1/reservas,6.293238,200,success,
1789926841.733403,GET,GET /api/v1/reservas,9.524477,200,success,
1789926841.738777,GET,GET /api/v1/reservas,5.174012,200,success,
1789926841.778310,GET,GET /api/v1/reservas,7.170689,200,success,
1789926841.907389,GET,GET /api/v1/reservas,6.726616,200,success,
1789926842.016712,GET,GET /api/v1/reservas,6.886648,200,success,
1789926842.020309,GET,GET /api/v1/reservas,5.150286,200,success,
1789926842.020770,GET,GET /api/v1/reservas,6.144282,200,success,
1789926842.045484,GET,GET /api/v1/reservas,5.452385,200,success,
1789926842.081468,GET,GET /api/v1/reservas/{id},4.770381,200,success,
1789926842.154806,GET,GET /api/v1/reservas/{id},5.046039,200,success,
1789926842.182322,GET,GET /api/v1/reservas,5.224599,200,success,
1789926842.220807,GET,GET /api/v1/reservas,7.125240,200,success,
1789926842.250853,GET,GET /api/v1/reservas,5.686429,200,success,
1789926842.276102,GET,GET /api/v1/reservas,4.945525,200,success,
1789926842.303221,GET,GET /api/v1/reservas,5.759810,200,success,
1789926842.388192,GET,GET /api/v1/reservas,9.527792,200,success,
1789926842.412853,GET,GET /api/v1/reservas,6.367631,200,success,
1789926842.432623,GET,GET /api/v1/reservas,6.474353,200,success,
1789926842.531757,GET,GET /api/v1/reservas,6.985697,200,success,
1789926842.569906,GET,GET /api/v1/reservas,7.749006,200,success,
1789926842.570348,GET,GET /api/v1/reservas,7.810998,200,success,
1789926842.611922,GET,GET /api/v1/reservas,6.245436,200,success,
1789926842.669631,GET,GET /api/v1/reservas,6.368112,200,success,
1789926842.678167,GET,GET /api/v1/reservas,5.280283,200,success,
1789926842.682511,GET,GET /api/v1/reservas,5.025046,200,success,
1789926842.797978,GET,GET /api/v1/reservas,7.033941,200,success,
1789926842.821262,GET,GET /api/v1/reservas,5.919161,200,success,
1789926842.825076,GET,GET /api/v1/reservas/{id},3.681931,200,success,
1789926842.840186,GET,GET /api/v1/reservas,4.819735,200,success,
1789926842.889952,GET,GET /api/v1/reservas,5.486375,200,success,
1789926842.930409,GET,GET /api/v1/reservas,5.133411,200,success,
1789926842.949564,GET,GET /api/v1/reservas,4.861479,200,success,
1789926842.989095,GET,GET /api/v1/reservas,6.194789,200,success,
1789926843.012284,GET,GET /api/v1/reservas,4.902851,200,success,
1789926843.089049,GET,GET /api/v1/reservas,6.384798,200,success,
1789926843.139472,GET,GET /api/v1/reservas,6.055228,200,success,
1789926843.141953,GET,GET /api/v1/reservas,4.825603,200,success,
1789926843.252511,GET,GET /api/v1/reservas,6.132434,200,success,
1789926843.293871,GET,GET /api/v1/reservas/{id},4.142559,200,success,
1789926843.328744,GET,GET /api/v1/reservas/{id},4.628355,200,success,
1789926843.331679,GET,GET /api/v1/reservas,4.754697,200,success,
1789926843.349256,GET,GET /api/v1/reservas,6.253439,200,success,
1789926843.427093,GET,GET /api/v1/reservas,6.798625,200,success,
1789926843.429569,GET,GET /api/v1/reservas,4.553412,200,success,
1789926843.470451,GET,GET /api/v1/reservas,5.025718,200,success,
1789926843.482314,GET,GET /api/v1/reservas,4.571278,200,success,
1789926843.515712,GET,GET /api/v1/reservas/{id},5.154943,200,success,
1789926843.516428,GET,GET /api/v1/reservas,5.047010,200,success,
1789926843.588619,GET,GET /api/v1/reservas,6.828611,200,success,
1789926843.721475,GET,GET /api/v1/reservas,6.395394,200,success,
1789926843.822309,GET,GET /api/v1/reservas,23.323011,200,success,
1789926843.828135,GET,GET /api/v1/reservas/{id},4.578849,200,success,
1789926843.829174,GET,GET /api/v1/reservas,10.721069,200,success,
1789926843.870129,GET,GET /api/v1/reservas,6.598481,200,success,
1789926843.932069,GET,GET /api/v1/reservas,12.505524,200,success,
1789926843.956012,GET,GET /api/v1/reservas,7.565307,200,success,
1789926843.987166,GET,GET /api/v1/reservas,7.776557,200,success,
1789926844.013459,GET,GET /api/v1/reservas,6.924585,200,success,
1789926844.035386,GET,GET /api/v1/reservas,6.607946,200,success,
1789926844.099825,GET,GET /api/v1/reservas,6.078183,200,success,
1789926844.144443,GET,GET /api/v1/reservas,6.246378,200,success,
1789926844.198332,GET,GET /api/v1/reservas,5.550713,200,success,
1789926844.240062,GET,GET /api/v1/reservas,6.395114,200,success,
1789926844.401570,GET,GET /api/v1/reservas,7.135356,200,success,
1789926844.453052,GET,GET /api/v1/reservas,7.135465,200,success,
1789926844.496509,GET,GET /api/v1/reservas/{id},6.352799,200,success,
1789926844.562658,GET,GET /api/v1/reservas,6.781959,200,success,
1789926844.602537,GET,GET /api/v1/reservas/{id},5.613058,200,success,
1789926844.607069,GET,GET /api/v1/reservas/{id},3.353924,200,success,
1789926844.618112,GET,GET /api/v1/reservas,4.742027,200,success,
1789926844.627920,GET,GET /api/v1/reservas,4.559420,200,success,
1789926844.686962,GET,GET /api/v1/reservas,5.706941,200,success,
1789926844.692828,GET,GET /api/v1/reservas,4.589095,200,success,
1789926844.772404,GET,GET /api/v1/reservas,6.182971,200,success,
1789926844.820190,GET,GET /api/v1/reservas/{id},4.573452,200,success,
1789926844.822020,GET,GET /api/v1/reservas,4.558019,200,success,
1789926844.830366,GET,GET /api/v1/reservas,4.130891,200,success,
1789926844.866245,GET,GET /api/v1/reservas,5.562712,200,success,
1789926844.901541,GET,GET /api/v1/reservas/{id},4.082768,200,success,
1789926844.919055,GET,GET /api/v1/reservas,5.203547,200,success,
1789926844.940136,GET,GET /api/v1/reservas,4.807186,200,success,
1789926845.093260,GET,GET /api/v1/reservas/{id},4.764001,200,success,
1789926845.126619,GET,GET /api/v1/reservas/{id},4.125362,200,success,
1789926845.245586,GET,GET /api/v1/reservas,6.574064,200,success,
1789926845.256733,GET,GET /api/v1/reservas,5.848634,200,success,
1789926845.257596,GET,GET /api/v1/reservas,5.035452,200,success,
1789926845.285918,GET,GET /api/v1/reservas,5.052478,200,success,
1789926845.302686,GET,GET /api/v1/reservas,4.525089,200,success,
1789926845.312718,GET,GET /api/v1/reservas/{id},3.851929,200,success,
1789926845.322587,GET,GET /api/v1/reservas/{id},3.698195,200,success,
1789926845.335376,GET,GET /api/v1/reservas/{id},3.611855,200,success,
1789926845.468307,GET,GET /api/v1/reservas,5.990840,200,success,
1789926845.483317,GET,GET /api/v1/reservas,4.756320,200,success,
1789926845.569863,GET,GET /api/v1/reservas,6.187849,200,success,
1789926845.597171,GET,GET /api/v1/reservas,5.025518,200,success,
1789926845.618590,GET,GET /api/v1/reservas,5.131198,200,success,
1789926845.699092,GET,GET /api/v1/reservas,6.139615,200,success,
1789926845.751367,GET,GET /api/v1/reservas,5.955025,200,success,
1789926845.869891,GET,GET /api/v1/reservas,6.112185,200,success,
1789926845.894940,GET,GET /api/v1/reservas,4.794005,200,success,
1789926845.964056,GET,GET /api/v1/reservas,5.752139,200,success,
1789926845.988213,GET,GET /api/v1/reservas,4.845254,200,success,
1789926845.993862,GET,GET /api/v1/reservas,4.372777,200,success,
1789926845.996289,GET,GET /api/v1/reservas,4.272356,200,success,
1789926846.004490,GET,GET /api/v1/reservas,3.974545,200,success,
1789926846.014895,GET,GET /api/v1/reservas/{id},3.236316,200,success,
1789926846.109007,GET,GET /api/v1/reservas/{id},5.339984,200,success,
1789926846.110374,GET,GET /api/v1/reservas,7.089436,200,success,
1789926846.114722,GET,GET /api/v1/reservas,7.189687,200,success,
1789926846.169104,GET,GET /api/v1/reservas,6.030781,200,success,
1789926846.319602,GET,GET /api/v1/reservas/{id},5.157047,200,success,
1789926846.339207,GET,GET /api/v1/reservas,5.320815,200,success,
1789926846.439675,GET,GET /api/v1/reservas,7.721994,200,success,
1789926846.440387,GET,GET /api/v1/reservas,7.950680,200,success,
1789926846.442850,GET,GET /api/v1/reservas,7.610515,200,success,
1789926846.518212,GET,GET /api/v1/reservas,6.429675,200,success,
1789926846.544794,GET,GET /api/v1/reservas,6.275572,200,success,
1789926846.545212,GET,GET /api/v1/reservas,5.077045,200,success,
1789926846.600120,GET,GET /api/v1/reservas,5.563502,200,success,
1789926846.637188,GET,GET /api/v1/reservas,6.708346,200,success,
1789926846.739486,GET,GET /api/v1/reservas,5.973845,200,success,
1789926846.858631,GET,GET /api/v1/reservas/{id},5.818418,200,success,
1789926846.869872,GET,GET /api/v1/reservas/{id},5.024836,200,success,
1789926846.960179,GET,GET /api/v1/reservas,6.959589,200,success,
1789926847.084558,GET,GET /api/v1/reservas,8.770513,200,success,
1789926847.104285,GET,GET /api/v1/reservas,7.321527,200,success,
1789926847.154620,GET,GET /api/v1/reservas,6.936954,200,success,
1789926847.160136,GET,GET /api/v1/reservas/{id},4.334910,200,success,
1789926847.182732,GET,GET /api/v1/reservas,6.318126,200,success,
1789926847.188277,GET,GET /api/v1/reservas,7.113462,200,success,
1789926847.188664,GET,GET /api/v1/reservas,7.056785,200,success,
1789926847.234325,GET,GET /api/v1/reservas,6.307812,200,success,
1789926847.249605,GET,GET /api/v1/reservas/{id},5.038706,200,success,
1789926847.383969,GET,GET /api/v1/reservas/{id},5.019257,200,success,
1789926847.437203,GET,GET /api/v1/reservas,6.836863,200,success,
1789926847.437390,GET,GET /api/v1/reservas,7.572116,200,success,
1789926847.495549,GET,GET /api/v1/reservas,6.138293,200,success,
1789926847.542311,GET,GET /api/v1/reservas,6.434282,200,success,
1789926847.610704,GET,GET /api/v1/reservas,7.017446,200,success,
1789926847.650362,GET,GET /api/v1/reservas,6.292187,200,success,
1789926847.666829,GET,GET /api/v1/reservas,6.178054,200,success,
1789926847.722493,GET,GET /api/v1/reservas/{id},7.369370,200,success,
1789926847.746142,GET,GET /api/v1/reservas,7.263068,200,success,
1789926847.749144,GET,GET /api/v1/reservas,6.470166,200,success,
1789926847.817108,GET,GET /api/v1/reservas,9.586730,200,success,
1789926847.817728,GET,GET /api/v1/reservas,9.682896,200,success,
1789926847.843578,GET,GET /api/v1/reservas,8.451550,200,success,
1789926847.891005,GET,GET /api/v1/reservas/{id},6.109861,200,success,
1789926847.938181,GET,GET /api/v1/reservas,6.774168,200,success,
1789926847.958942,GET,GET /api/v1/reservas,6.388743,200,success,
1789926847.974219,GET,GET /api/v1/reservas/{id},4.988301,200,success,
1789926847.985234,GET,GET /api/v1/reservas/{id},3.827942,200,success,
1789926848.047283,GET,GET /api/v1/reservas,6.619543,200,success,
1789926848.053238,GET,GET /api/v1/reservas,7.693512,200,success,
1789926848.095143,GET,GET /api/v1/reservas,6.605462,200,success,
1789926848.127110,GET,GET /api/v1/reservas,5.635711,200,success,
1789926848.182142,GET,GET /api/v1/reservas,6.675328,200,success,
1789926848.208783,GET,GET /api/v1/reservas/{id},4.359268,200,success,
1789926848.214877,GET,GET /api/v1/reservas,4.793936,200,success,
1789926848.223843,GET,GET /api/v1/reservas,4.658341,200,success,
1789926848.246390,GET,GET /api/v1/reservas,6.216913,200,success,
1789926848.246857,GET,GET /api/v1/reservas,6.241931,200,success,
1789926848.337148,GET,GET /api/v1/reservas,5.957289,200,success,
1789926848.413520,GET,GET /api/v1/reservas,6.041117,200,success,
1789926848.461379,GET,GET /api/v1/reservas,5.552185,200,success,
1789926848.477840,GET,GET /api/v1/reservas,4.573974,200,success,
1789926848.519964,GET,GET /api/v1/reservas,6.775350,200,success,
1789926848.680315,GET,GET /api/v1/reservas/{id},4.980449,200,success,
1789926848.716580,GET,GET /api/v1/reservas/{id},4.050160,200,success,
1789926848.755756,GET,GET /api/v1/reservas/{id},4.947579,200,success,
1789926848.756419,GET,GET /api/v1/reservas,5.062822,200,success,
1789926848.884213,GET,GET /api/v1/reservas,6.404157,200,success,
1789926848.920067,GET,GET /api/v1/reservas,5.527248,200,success,
1789926848.937500,GET,GET /api/v1/reservas,5.112300,200,success,
1789926848.956374,GET,GET /api/v1/reservas,4.645822,200,success,
1789926849.030913,GET,GET /api/v1/reservas,6.207869,200,success,
1789926849.063496,GET,GET /api/v1/reservas,5.233362,200,success,
1789926849.072305,GET,GET /api/v1/reservas,4.565620,200,success,
1789926849.079794,GET,GET /api/v1/reservas/{id},3.325251,200,success,
1789926849.151977,GET,GET /api/v1/reservas,7.814305,200,success,
1789926849.190383,GET,GET /api/v1/reservas,6.026124,200,success,
1789926849.221777,GET,GET /api/v1/reservas/{id},6.124482,200,success,
1789926849.289051,GET,GET /api/v1/reservas,5.870067,200,success,
1789926849.314732,GET,GET /api/v1/reservas/{id},4.481893,200,success,
1789926849.364827,GET,GET /api/v1/reservas,5.787142,200,success,
1789926849.394054,GET,GET /api/v1/reservas,4.923052,200,success,
1789926849.467190,GET,GET /api/v1/reservas,6.274730,200,success,
1789926849.492997,GET,GET /api/v1/reservas/{id},4.013063,200,success,
1789926849.525928,GET,GET /api/v1/reservas,6.622948,200,success,
1789926849.542330,GET,GET /api/v1/reservas,5.100140,200,success,
1789926849.627499,GET,GET /api/v1/reservas,6.748890,200,success,
1789926849.708915,GET,GET /api/v1/reservas,6.020565,200,success,
1789926849.737717,GET,GET /api/v1/reservas,7.492858,200,success,
1789926849.847973,GET,GET /api/v1/reservas,6.844965,200,success,
1789926849.925436,GET,GET /api/v1/reservas,6.583548,200,success,
1789926849.925812,GET,GET /api/v1/reservas,7.520789,200,success,
1789926850.088253,GET,GET /api/v1/reservas,6.017309,200,success,
1789926850.104068,GET,GET /api/v1/reservas,4.524137,200,success,
1789926850.120725,GET,GET /api/v1/reservas,5.364371,200,success,
1789926850.194460,GET,GET /api/v1/reservas,5.851499,200,success,
1789926850.195067,GET,GET /api/v1/reservas,7.002164,200,success,
1789926850.228968,GET,GET /api/v1/reservas/{id},4.685812,200,success,
1789926850.236779,GET,GET /api/v1/reservas/{id},3.603642,200,success,
1789926850.275283,GET,GET /api/v1/reservas,6.168770,200,success,
1789926850.300174,GET,GET /api/v1/reservas,5.550833,200,success,
1789926850.305326,GET,GET /api/v1/reservas,5.979483,200,success,
1789926850.386731,GET,GET /api/v1/reservas,6.121919,200,success,
1789926850.415053,GET,GET /api/v1/reservas/{id},6.062830,200,success,
1789926850.496510,GET,GET /api/v1/reservas,6.424858,200,success,
1789926850.523559,GET,GET /api/v1/reservas/{id},5.776755,200,success,
1789926850.535878,GET,GET /api/v1/reservas,4.993729,200,success,
1789926850.552129,GET,GET /api/v1/reservas,4.963013,200,success,
1789926850.583144,GET,GET /api/v1/reservas,4.733504,200,success,
1789926850.685900,GET,GET /api/v1/reservas,6.361642,200,success,
1789926850.742162,GET,GET /api/v1/reservas/{id},5.959393,200,success,
1789926850.745206,GET,GET /api/v1/reservas,5.883568,200,success,
1789926850.747259,GET,GET /api/v1/reservas/{id},3.907832,200,success,
1789926850.747603,GET,GET /api/v1/reservas/{id},3.938139,200,success,
1789926850.778593,GET,GET /api/v1/reservas/{id},3.827310,200,success,
1789926850.844907,GET,GET /api/v1/reservas,7.957971,200,success,
1789926850.849916,GET,GET /api/v1/reservas,4.791142,200,success,
1789926850.916822,GET,GET /api/v1/reservas/{id},4.669218,200,success,
1789926850.942379,GET,GET /api/v1/reservas,6.281941,200,success,
1789926850.964773,GET,GET /api/v1/reservas/{id},4.178423,200,success,
1789926850.980747,GET,GET /api/v1/reservas/{id},3.768571,200,success,
1789926850.993465,GET,GET /api/v1/reservas/{id},3.534318,200,success,
1789926851.010794,GET,GET /api/v1/reservas,5.041662,200,success,
1789926851.020288,GET,GET /api/v1/reservas,5.226462,200,success,
1789926851.056875,GET,GET /api/v1/reservas,7.244010,200,success,
1789926851.206375,GET,GET /api/v1/reservas/{id},5.238890,200,success,
1789926851.311752,GET,GET /api/v1/reservas/{id},5.044256,200,success,
1789926851.331344,GET,GET /api/v1/reservas/{id},3.658916,200,success,
1789926851.331780,GET,GET /api/v1/reservas,6.759897,200,success,
1789926851.395970,GET,GET /api/v1/reservas,5.855555,200,success,
1789926851.483361,GET,GET /api/v1/reservas,6.595237,200,success,
1789926851.486044,GET,GET /api/v1/reservas,4.479449,200,success,
1789926851.606677,GET,GET /api/v1/reservas,7.210960,200,success,
1789926851.706703,GET,GET /api/v1/reservas,8.360882,200,success,
1789926851.795883,GET,GET /api/v1/reservas,8.670923,200,success,
1789926851.801658,GET,GET /api/v1/reservas/{id},4.553682,200,success,
1789926851.897248,GET,GET /api/v1/reservas,7.177499,200,success,
1789926851.949521,GET,GET /api/v1/reservas,7.855527,200,success,
1789926851.967089,GET,GET /api/v1/reservas,6.219366,200,success,
1789926851.974332,GET,GET /api/v1/reservas/{id},5.054982,200,success,
1789926852.047586,GET,GET /api/v1/reservas/{id},5.990319,200,success,
1789926852.051387,GET,GET /api/v1/reservas/{id},4.863702,200,success,
1789926852.066446,GET,GET /api/v1/reservas,5.735894,200,success,
1789926852.095495,GET,GET /api/v1/reservas/{id},6.776431,200,success,
1789926852.125432,GET,GET /api/v1/reservas/{id},12.669222,200,success,
1789926852.183317,GET,GET /api/v1/reservas,8.469147,200,success,
1789926852.249946,GET,GET /api/v1/reservas/{id},5.337229,200,success,
1789926852.288460,GET,GET /api/v1/reservas,5.177767,200,success,
1789926852.307250,GET,GET /api/v1/reservas,4.543266,200,success,
1789926852.331887,GET,GET /api/v1/reservas,5.345031,200,success,
1789926852.390524,GET,GET /api/v1/reservas,5.313844,200,success,
1789926852.488815,GET,GET /api/v1/reservas,6.221249,200,success,
1789926852.516504,GET,GET /api/v1/reservas,7.394919,200,success,
1789926852.579578,GET,GET /api/v1/reservas,6.736279,200,success,
1789926852.579927,GET,GET /api/v1/reservas,6.653815,200,success,
1789926852.586946,GET,GET /api/v1/reservas,4.792313,200,success,
1789926852.625823,GET,GET /api/v1/reservas,8.554756,200,success,
1789926852.626550,GET,GET /api/v1/reservas,5.920414,200,success,
1789926852.665762,GET,GET /api/v1/reservas/{id},5.634351,200,success,
1789926852.687006,GET,GET /api/v1/reservas,5.906062,200,success,
1789926852.695179,GET,GET /api/v1/reservas,4.888079,200,success,
1789926852.734882,GET,GET /api/v1/reservas,8.317668,200,success,
1789926852.751228,GET,GET /api/v1/reservas,8.004162,200,success,
1789926852.772052,GET,GET /api/v1/reservas,7.507740,200,success,
1789926852.777073,GET,GET /api/v1/reservas,5.839210,200,success,
1789926852.796966,GET,GET /api/v1/reservas,9.741003,200,success,
1789926852.842261,GET,GET /api/v1/reservas,14.895998,200,success,
1789926852.842475,GET,GET /api/v1/reservas,11.238384,200,success,
1789926852.871054,GET,GET /api/v1/reservas,7.780923,200,success,
1789926852.896791,GET,GET /api/v1/reservas,10.330127,200,success,
1789926852.967573,GET,GET /api/v1/reservas,6.407131,200,success,
1789926852.984381,GET,GET /api/v1/reservas,5.469881,200,success,
1789926853.017000,GET,GET /api/v1/reservas,9.259905,200,success,
1789926853.152403,GET,GET /api/v1/reservas,5.951941,200,success,
1789926853.172248,GET,GET /api/v1/reservas,4.563878,200,success,
1789926853.213042,GET,GET /api/v1/reservas,8.452552,200,success,
1789926853.225842,GET,GET /api/v1/reservas,9.438136,200,success,
1789926853.228260,GET,GET /api/v1/reservas,7.183337,200,success,
1789926853.262131,GET,GET /api/v1/reservas,5.583382,200,success,
1789926853.369628,GET,GET /api/v1/reservas,6.133476,200,success,
1789926853.387060,GET,GET /api/v1/reservas,5.145089,200,success,
1789926853.464712,GET,GET /api/v1/reservas/{id},4.871544,200,success,
1789926853.475694,GET,GET /api/v1/reservas,4.711261,200,success,
1789926853.482380,GET,GET /api/v1/reservas,4.438628,200,success,
1789926853.514769,GET,GET /api/v1/reservas,6.979108,200,success,
1789926853.530227,GET,GET /api/v1/reservas/{id},4.244102,200,success,
1789926853.544142,GET,GET /api/v1/reservas,4.644419,200,success,
1789926853.558790,GET,GET /api/v1/reservas,5.397090,200,success,
1789926853.559148,GET,GET /api/v1/reservas,5.476250,200,success,
1789926853.667020,GET,GET /api/v1/reservas,6.464088,200,success,
1789926853.668064,GET,GET /api/v1/reservas,4.698192,200,success,
1789926853.672809,GET,GET /api/v1/reservas,4.590888,200,success,
1789926853.870375,GET,GET /api/v1/reservas,6.117342,200,success,
1789926853.888203,GET,GET /api/v1/reservas,4.556878,200,success,
1789926853.929851,GET,GET /api/v1/reservas,5.353926,200,success,
1789926853.956391,GET,GET /api/v1/reservas,5.216416,200,success,
1789926854.098174,GET,GET /api/v1/reservas,7.313145,200,success,
1789926854.143314,GET,GET /api/v1/reservas,6.781057,200,success,
1789926854.256184,GET,GET /api/v1/reservas,13.454163,200,success,
1789926854.256402,GET,GET /api/v1/reservas,8.063201,200,success,
1789926854.313006,GET,GET /api/v1/reservas/{id},6.336113,200,success,
1789926854.319931,GET,GET /api/v1/reservas,6.597330,200,success,
1789926854.409803,GET,GET /api/v1/reservas,6.427052,200,success,
1789926854.433501,GET,GET /api/v1/reservas,6.348963,200,success,
1789926854.438325,GET,GET /api/v1/reservas/{id},4.697029,200,success,
1789926854.513956,GET,GET /api/v1/reservas,7.628233,200,success,
1789926854.516685,GET,GET /api/v1/reservas/{id},5.635731,200,success,
1789926854.518279,GET,GET /api/v1/reservas,6.551601,200,success,
1789926854.611293,GET,GET /api/v1/reservas,8.606514,200,success,
1789926854.612039,GET,GET /api/v1/reservas/{id},6.504400,200,success,
1789926854.687273,GET,GET /api/v1/reservas,6.835671,200,success,
1789926854.758758,GET,GET /api/v1/reservas,8.098705,200,success,
1789926854.810636,GET,GET /api/v1/reservas/{id},5.614249,200,success,
1789926854.831480,GET,GET /api/v1/reservas,6.520322,200,success,
1789926854.876870,GET,GET /api/v1/reservas/{id},6.164804,200,success,
1789926854.881350,GET,GET /api/v1/reservas,5.489771,200,success,
1789926854.889081,GET,GET /api/v1/reservas/{id},3.518753,200,success,
1789926854.950451,GET,GET /api/v1/reservas,5.995897,200,success,
1789926854.952789,GET,GET /api/v1/reservas/{id},3.621440,200,success,
1789926854.982118,GET,GET /api/v1/reservas/{id},4.135369,200,success,
1789926855.004062,GET,GET /api/v1/reservas/{id},4.730961,200,success,
1789926855.023168,GET,GET /api/v1/reservas,5.770096,200,success,
1789926855.080510,GET,GET /api/v1/reservas,6.055628,200,success,
1789926855.100752,GET,GET /api/v1/reservas/{id},4.045461,200,success,
1789926855.150499,GET,GET /api/v1/reservas,6.381111,200,success,
1789926855.220952,GET,GET /api/v1/reservas,6.127196,200,success,
1789926855.241239,GET,GET /api/v1/reservas/{id},5.026127,200,success,
1789926855.258497,GET,GET /api/v1/reservas/{id},4.037560,200,success,
1789926855.324614,GET,GET /api/v1/reservas/{id},4.876300,200,success,
1789926855.332545,GET,GET /api/v1/reservas/{id},3.737535,200,success,
1789926855.376841,GET,GET /api/v1/reservas/{id},5.065759,200,success,
1789926855.443238,GET,GET /api/v1/reservas/{id},4.684280,200,success,
1789926855.558334,GET,GET /api/v1/reservas,6.830903,200,success,
1789926855.604596,GET,GET /api/v1/reservas,5.961405,200,success,
1789926855.623358,GET,GET /api/v1/reservas,5.467036,200,success,
1789926855.687090,GET,GET /api/v1/reservas,8.374153,200,success,
1789926855.699603,GET,GET /api/v1/reservas,5.224919,200,success,
1789926855.706483,GET,GET /api/v1/reservas,4.580292,200,success,
1789926855.728734,GET,GET /api/v1/reservas,4.949932,200,success,
1789926855.811834,GET,GET /api/v1/reservas/{id},4.824321,200,success,
1789926855.878980,GET,GET /api/v1/reservas,5.808945,200,success,
1789926855.883497,GET,GET /api/v1/reservas,4.272586,200,success,
1789926855.930321,GET,GET /api/v1/reservas/{id},4.618409,200,success,
1789926855.957922,GET,GET /api/v1/reservas,5.306694,200,success,
1789926856.038522,GET,GET /api/v1/reservas,6.195781,200,success,
1789926856.109590,GET,GET /api/v1/reservas,5.735443,200,success,
1789926856.162779,GET,GET /api/v1/reservas,6.814569,200,success,
1789926856.164849,GET,GET /api/v1/reservas/{id},4.116889,200,success,
1789926856.182877,GET,GET /api/v1/reservas,4.760376,200,success,
1789926856.247898,GET,GET /api/v1/reservas,6.684843,200,success,
1789926856.325391,GET,GET /api/v1/reservas,7.127294,200,success,
1789926856.400071,GET,GET /api/v1/reservas,6.281080,200,success,
1789926856.415015,GET,GET /api/v1/reservas/{id},4.425918,200,success,
1789926856.430669,GET,GET /api/v1/reservas,5.372834,200,success,
1789926856.482293,GET,GET /api/v1/reservas,5.737326,200,success,
1789926856.523048,GET,GET /api/v1/reservas,6.416064,200,success,
1789926856.539449,GET,GET /api/v1/reservas/{id},4.204933,200,success,
1789926856.599295,GET,GET /api/v1/reservas,5.501519,200,success,
1789926856.618426,GET,GET /api/v1/reservas,6.804984,200,success,
1789926856.677329,GET,GET /api/v1/reservas/{id},4.652362,200,success,
1789926856.756624,GET,GET /api/v1/reservas/{id},5.021450,200,success,
1789926856.789002,GET,GET /api/v1/reservas,5.074662,200,success,
1789926856.822499,GET,GET /api/v1/reservas/{id},4.294138,200,success,
1789926856.855139,GET,GET /api/v1/reservas/{id},4.423435,200,success,
1789926856.858172,GET,GET /api/v1/reservas/{id},3.758207,200,success,
1789926856.873082,GET,GET /api/v1/reservas,4.650708,200,success,
1789926856.975654,GET,GET /api/v1/reservas,6.200738,200,success,
1789926856.992686,GET,GET /api/v1/reservas,4.777861,200,success,
1789926857.035141,GET,GET /api/v1/reservas/{id},5.243477,200,success,
1789926857.082221,GET,GET /api/v1/reservas,5.723665,200,success,
1789926857.139516,GET,GET /api/v1/reservas,5.907083,200,success,
1789926857.161926,GET,GET /api/v1/reservas,7.099070,200,success,
1789926857.178806,GET,GET /api/v1/reservas,5.638786,200,success,
1789926857.267954,GET,GET /api/v1/reservas,7.741994,200,success,
1789926857.294049,GET,GET /api/v1/reservas,5.724808,200,success,
1789926857.302742,GET,GET /api/v1/reservas,5.320695,200,success,
1789926857.320853,GET,GET /api/v1/reservas,10.764205,200,success,
1789926857.349775,GET,GET /api/v1/reservas,20.458779,200,success,
1789926857.388764,GET,GET /api/v1/reservas/{id},26.673078,200,success,
1789926857.512057,GET,GET /api/v1/reservas,6.448705,200,success,
1789926857.540809,GET,GET /api/v1/reservas,5.429199,200,success,
1789926857.583237,GET,GET /api/v1/reservas,5.159841,200,success,
1789926857.612822,GET,GET /api/v1/reservas/{id},4.366699,200,success,
1789926857.631524,GET,GET /api/v1/reservas,5.367566,200,success,
1789926857.646443,GET,GET /api/v1/reservas/{id},3.746239,200,success,
1789926857.663305,GET,GET /api/v1/reservas,4.649277,200,success,
1789926857.697814,GET,GET /api/v1/reservas/{id},4.307118,200,success,
1789926857.733842,GET,GET /api/v1/reservas/{id},4.782389,200,success,
1789926857.766010,GET,GET /api/v1/reservas/{id},4.895711,200,success,
1789926857.841855,GET,GET /api/v1/reservas,6.446361,200,success,
1789926857.858539,GET,GET /api/v1/reservas/{id},4.456144,200,success,
1789926857.913673,GET,GET /api/v1/reservas,6.781008,200,success,
1789926857.929489,GET,GET /api/v1/reservas/{id},4.598630,200,success,
1789926857.934110,GET,GET /api/v1/reservas,5.344630,200,success,
1789926858.072520,GET,GET /api/v1/reservas,8.936685,200,success,
1789926858.187683,GET,GET /api/v1/reservas/{id},5.890167,200,success,
1789926858.192402,GET,GET /api/v1/reservas,5.426465,200,success,
1789926858.212757,GET,GET /api/v1/reservas,7.083827,200,success,
1789926858.230669,GET,GET /api/v1/reservas,9.428582,200,success,
1789926858.277219,GET,GET /api/v1/reservas,7.166362,200,success,
1789926858.371121,GET,GET /api/v1/reservas,6.520694,200,success,
1789926858.500189,GET,GET /api/v1/reservas,5.992403,200,success,
1789926858.536226,GET,GET /api/v1/reservas,6.678112,200,success,
1789926858.556177,GET,GET /api/v1/reservas/{id},3.790515,200,success,
1789926858.578046,GET,GET /api/v1/reservas,4.573882,200,success,
1789926858.608242,GET,GET /api/v1/reservas,4.922521,200,success,
1789926858.776960,GET,GET /api/v1/reservas,6.222221,200,success,
1789926858.786682,GET,GET /api/v1/reservas/{id},3.530872,200,success,
1789926858.817677,GET,GET /api/v1/reservas/{id},5.777277,200,success,
1789926858.826242,GET,GET /api/v1/reservas,5.286053,200,success,
1789926858.864525,GET,GET /api/v1/reservas/{id},5.034331,200,success,
1789926858.865174,GET,GET /api/v1/reservas/{id},3.986122,200,success,
1789926858.902600,GET,GET /api/v1/reservas,5.154272,200,success,
1789926858.914470,GET,GET /api/v1/reservas,6.580585,200,success,
1789926858.922030,GET,GET /api/v1/reservas,5.216006,200,success,
1789926858.953796,GET,GET /api/v1/reservas,5.472985,200,success,
1789926859.203710,GET,GET /api/v1/reservas,6.416295,200,success,
1789926859.218088,GET,GET /api/v1/reservas,6.050450,200,success,
1789926859.288153,GET,GET /api/v1/reservas/{id},4.789720,200,success,
1789926859.311498,GET,GET /api/v1/reservas/{id},4.126004,200,success,
1789926859.374095,GET,GET /api/v1/reservas,6.206737,200,success,
1789926859.411566,GET,GET /api/v1/reservas,5.181845,200,success,
1789926859.421314,GET,GET /api/v1/reservas,4.711742,200,success,
1789926859.421487,GET,GET /api/v1/reservas,6.699915,200,success,
1789926859.438870,GET,GET /api/v1/reservas/{id},3.845659,200,success,
1789926859.484878,GET,GET /api/v1/reservas/{id},3.877757,200,success,
1789926859.485883,GET,GET /api/v1/reservas,5.189146,200,success,
1789926859.492944,GET,GET /api/v1/reservas,3.844708,200,success,
1789926859.498200,GET,GET /api/v1/reservas,4.026563,200,success,
1789926859.542850,GET,GET /api/v1/reservas/{id},4.434251,200,success,
1789926859.566035,GET,GET /api/v1/reservas,4.890122,200,success,
1789926859.642243,GET,GET /api/v1/reservas/{id},4.968451,200,success,
1789926859.671643,GET,GET /api/v1/reservas/{id},4.195509,200,success,
1789926859.684145,GET,GET /api/v1/reservas/{id},3.323908,200,success,
1789926859.695908,GET,GET /api/v1/reservas,4.501994,200,success,
1789926859.722556,GET,GET /api/v1/reservas,10.218748,200,success,
1789926859.767763,GET,GET /api/v1/reservas,5.699960,200,success,
1789926859.817778,GET,GET /api/v1/reservas,5.711698,200,success,
1789926859.844716,GET,GET /api/v1/reservas/{id},4.733154,200,success,
1789926859.860628,GET,GET /api/v1/reservas/{id},3.727169,200,success,
1789926859.899648,GET,GET /api/v1/reservas/{id},3.831648,200,success,
1789926859.919279,GET,GET /api/v1/reservas/{id},4.432437,200,success,
1789926859.940800,GET,GET /api/v1/reservas,5.230928,200,success,
1789926860.033750,GET,GET /api/v1/reservas/{id},5.639167,200,success,
1789926860.132113,GET,GET /api/v1/reservas/{id},5.041631,200,success,
1789926860.157038,GET,GET /api/v1/reservas,5.599798,200,success,
1789926860.182570,GET,GET /api/v1/reservas,5.212050,200,success,
1789926860.231278,GET,GET /api/v1/reservas,6.353249,200,success,
1789926860.373538,GET,GET /api/v1/reservas,11.750399,200,success,
1789926860.403076,GET,GET /api/v1/reservas,8.169212,200,success,
1789926860.403527,GET,GET /api/v1/reservas,5.855204,200,success,
1789926860.484550,GET,GET /api/v1/reservas,6.678373,200,success,
1789926860.541857,GET,GET /api/v1/reservas,7.001422,200,success,
1789926860.542309,GET,GET /api/v1/reservas,6.712404,200,success,
1789926860.564079,GET,GET /api/v1/reservas/{id},4.574683,200,success,
1789926860.582095,GET,GET /api/v1/reservas,5.686810,200,success,
1789926860.667766,GET,GET /api/v1/reservas,6.291115,200,success,
1789926860.679459,GET,GET /api/v1/reservas,4.450396,200,success,
1789926860.686014,GET,GET /api/v1/reservas/{id},3.384840,200,success,
1789926860.722688,GET,GET /api/v1/reservas,5.373875,200,success,
1789926860.824664,GET,GET /api/v1/reservas,6.576228,200,success,
1789926860.921554,GET,GET /api/v1/reservas,6.497909,200,success,
1789926860.933743,GET,GET /api/v1/reservas,4.911724,200,success,
1789926861.170824,GET,GET /api/v1/reservas,6.633375,200,success,
1789926861.174072,GET,GET /api/v1/reservas/{id},4.440731,200,success,
1789926861.176878,GET,GET /api/v1/reservas,4.553452,200,success,
1789926861.312331,GET,GET /api/v1/reservas/{id},4.676979,200,success,
1789926861.312715,GET,GET /api/v1/reservas/{id},5.535470,200,success,
1789926861.463436,GET,GET /api/v1/reservas,6.384177,200,success,
1789926861.541297,GET,GET /api/v1/reservas,6.845876,200,success,
1789926861.542136,GET,GET /api/v1/reservas/{id},3.973242,200,success,
1789926861.565096,GET,GET /api/v1/reservas,4.688937,200,success,
1789926861.578798,GET,GET /api/v1/reservas/{id},3.543200,200,success,
1789926861.581416,GET,GET /api/v1/reservas,4.466570,200,success,
1789926861.584148,GET,GET /api/v1/reservas,4.112833,200,success,
1789926861.644518,GET,GET /api/v1/reservas,6.996885,200,success,
1789926861.752807,GET,GET /api/v1/reservas,6.868521,200,success,
1789926861.791503,GET,GET /api/v1/reservas,5.364501,200,success,
1789926861.798350,GET,GET /api/v1/reservas,4.557628,200,success,
1789926861.808596,GET,GET /api/v1/reservas,5.892351,200,success,
1789926861.816492,GET,GET /api/v1/reservas,5.596752,200,success,
1789926861.903813,GET,GET /api/v1/reservas,6.917635,200,success,
1789926861.904746,GET,GET /api/v1/reservas,4.617869,200,success,
1789926862.021032,GET,GET /api/v1/reservas,6.868290,200,success,
1789926862.116817,GET,GET /api/v1/reservas/{id},5.452775,200,success,
1789926862.160759,GET,GET /api/v1/reservas,6.555596,200,success,
1789926862.179577,GET,GET /api/v1/reservas,5.513166,200,success,
1789926862.189706,GET,GET /api/v1/reservas,4.821759,200,success,
1789926862.209437,GET,GET /api/v1/reservas,5.407937,200,success,
1789926862.256461,GET,GET /api/v1/reservas,11.154666,200,success,
1789926862.257007,GET,GET /api/v1/reservas,12.226421,200,success,
1789926862.304765,GET,GET /api/v1/reservas,8.413382,200,success,
1789926862.307460,GET,GET /api/v1/reservas,8.305248,200,success,
1789926862.309546,GET,GET /api/v1/reservas/{id},8.667427,200,success,
1789926862.322999,GET,GET /api/v1/reservas,7.166853,200,success,
1789926862.390894,GET,GET /api/v1/reservas,9.502933,200,success,
1789926862.393561,GET,GET /api/v1/reservas,9.210459,200,success,
1789926862.470911,GET,GET /api/v1/reservas,6.948732,200,success,
1789926862.513389,GET,GET /api/v1/reservas/{id},6.366520,200,success,
1789926862.586578,GET,GET /api/v1/reservas/{id},4.885134,200,success,
1789926862.621603,GET,GET /api/v1/reservas,5.732878,200,success,
1789926862.698731,GET,GET /api/v1/reservas/{id},4.865995,200,success,
1789926862.770293,GET,GET /api/v1/reservas,6.203883,200,success,
1789926862.815191,GET,GET /api/v1/reservas,7.554381,200,success,
1789926862.841254,GET,GET /api/v1/reservas,5.749605,200,success,
1789926862.851204,GET,GET /api/v1/reservas/{id},3.769033,200,success,
1789926862.856735,GET,GET /api/v1/reservas/{id},3.352351,200,success,
1789926862.872351,GET,GET /api/v1/reservas,5.317369,200,success,
1789926862.970693,GET,GET /api/v1/reservas/{id},6.046534,200,success,
1789926862.984930,GET,GET /api/v1/reservas,5.899201,200,success,
1789926862.992569,GET,GET /api/v1/reservas,5.970860,200,success,
1789926863.005527,GET,GET /api/v1/reservas,9.637767,200,success,
1789926863.135459,GET,GET /api/v1/reservas,8.436628,200,success,
1789926863.195257,GET,GET /api/v1/reservas,7.398824,200,success,
1789926863.216326,GET,GET /api/v1/reservas,7.736887,200,success,
1789926863.267681,GET,GET /api/v1/reservas/{id},5.076014,200,success,
1789926863.278926,GET,GET /api/v1/reservas,5.939352,200,success,
1789926863.340852,GET,GET /api/v1/reservas,6.599964,200,success,
1789926863.400572,GET,GET /api/v1/reservas,6.341392,200,success,
1789926863.422036,GET,GET /api/v1/reservas,17.097203,200,success,
1789926863.459842,GET,GET /api/v1/reservas,6.063441,200,success,
1789926863.474001,GET,GET /api/v1/reservas/{id},3.937247,200,success,
1789926863.556772,GET,GET /api/v1/reservas/{id},7.846945,200,success,
1789926863.629637,GET,GET /api/v1/reservas,8.446963,200,success,
1789926863.672538,GET,GET /api/v1/reservas,18.540491,200,success,
1789926863.675225,GET,GET /api/v1/reservas,9.768155,200,success,
1789926863.678107,GET,GET /api/v1/reservas,14.425905,200,success,
1789926863.697608,GET,GET /api/v1/reservas/{id},19.392253,200,success,
1789926863.701268,GET,GET /api/v1/reservas/{id},18.287207,200,success,
1789926863.701501,GET,GET /api/v1/reservas,16.714003,200,success,
1789926863.767817,GET,GET /api/v1/reservas,16.953846,200,success,
1789926863.770762,GET,GET /api/v1/reservas,16.841887,200,success,
1789926863.842432,GET,GET /api/v1/reservas,19.848845,200,success,
1789926863.842932,GET,GET /api/v1/reservas,11.832715,200,success,
1789926863.896481,GET,GET /api/v1/reservas,14.105800,200,success,
1789926863.901898,GET,GET /api/v1/reservas,17.172899,200,success,
1789926863.977418,GET,GET /api/v1/reservas,31.150926,200,success,
1789926864.037176,GET,GET /api/v1/reservas,104.870190,200,success,
1789926864.041566,GET,GET /api/v1/reservas,23.238942,200,success,
1789926864.046863,GET,GET /api/v1/reservas/{id},33.603562,200,success,
1789926864.047600,GET,GET /api/v1/reservas,57.865315,200,success,
1789926864.120257,GET,GET /api/v1/reservas,9.242620,200,success,
1789926864.145540,GET,GET /api/v1/reservas,8.649930,200,success,
1789926864.149090,GET,GET /api/v1/reservas,8.836474,200,success,
1789926864.213606,GET,GET /api/v1/reservas,12.857568,200,success,
1789926864.213856,GET,GET /api/v1/reservas,14.445635,200,success,
1789926864.363075,GET,GET /api/v1/reservas,10.703804,200,success,
1789926864.387406,GET,GET /api/v1/reservas,12.981967,200,success,
1789926864.464437,GET,GET /api/v1/reservas,17.616061,200,success,
1789926864.519974,GET,GET /api/v1/reservas,11.768767,200,success,
1789926864.534364,GET,GET /api/v1/reservas,10.032025,200,success,
1789926864.547717,GET,GET /api/v1/reservas,14.566328,200,success,
1789926864.629089,GET,GET /api/v1/reservas,9.804430,200,success,
1789926864.711468,GET,GET /api/v1/reservas,121.332983,200,success,
1789926864.747134,GET,GET /api/v1/reservas,12.042042,200,success,
1789926864.756739,GET,GET /api/v1/reservas,50.205836,200,success,
1789926864.763755,GET,GET /api/v1/reservas,82.273520,200,success,
1789926864.801475,GET,GET /api/v1/reservas/{id},17.429808,200,success,
1789926864.802910,GET,GET /api/v1/reservas,15.593025,200,success,
1789926864.831960,GET,GET /api/v1/reservas/{id},11.813325,200,success,
1789926864.850634,GET,GET /api/v1/reservas,11.318615,200,success,
1789926864.858659,GET,GET /api/v1/reservas,6.701548,200,success,
1789926864.953265,GET,GET /api/v1/reservas/{id},19.323658,200,success,
1789926865.130140,GET,GET /api/v1/reservas,80.396527,200,success,
1789926865.130815,GET,GET /api/v1/reservas,122.173027,200,success,
1789926865.131246,GET,GET /api/v1/reservas/{id},166.760958,200,success,
1789926865.131759,GET,GET /api/v1/reservas,83.899585,200,success,
1789926865.134861,GET,GET /api/v1/reservas,67.306565,200,success,
1789926865.141028,GET,GET /api/v1/reservas/{id},48.386309,200,success,
1789926865.166408,GET,GET /api/v1/reservas,123.579818,200,success,
1789926865.176792,GET,GET /api/v1/reservas/{id},16.507290,200,success,
1789926865.215689,GET,GET /api/v1/reservas,12.375297,200,success,
1789926865.232878,GET,GET /api/v1/reservas/{id},7.761535,200,success,
1789926865.240641,GET,GET /api/v1/reservas,14.860904,200,success,
1789926865.262791,GET,GET /api/v1/reservas,10.771637,200,success,
1789926865.412218,GET,GET /api/v1/reservas,151.832700,200,success,
1789926865.506074,GET,GET /api/v1/reservas,150.872295,200,success,
1789926865.539196,GET,GET /api/v1/reservas,171.708016,200,success,
1789926865.573335,GET,GET /api/v1/reservas,47.709452,200,success,
1789926865.621248,GET,GET /api/v1/reservas,56.587518,200,success,
1789926865.701461,GET,GET /api/v1/reservas,9.771531,200,success,
1789926865.826184,GET,GET /api/v1/reservas,12.261886,200,success,
1789926865.833024,GET,GET /api/v1/reservas/{id},6.679625,200,success,
1789926865.837110,GET,GET /api/v1/reservas,7.313865,200,success,
1789926865.866357,GET,GET /api/v1/reservas,9.434329,200,success,
1789926865.999718,GET,GET /api/v1/reservas/{id},14.116746,200,success,
1789926866.004972,GET,GET /api/v1/reservas,7.247856,200,success,
1789926866.170200,GET,GET /api/v1/reservas/{id},8.869652,200,success,
1789926866.202883,GET,GET /api/v1/reservas/{id},6.447312,200,success,
1789926866.324464,GET,GET /api/v1/reservas,9.983672,200,success,
1789926866.415628,GET,GET /api/v1/reservas/{id},6.407010,200,success,
1789926866.437915,GET,GET /api/v1/reservas,7.917190,200,success,
1789926866.456799,GET,GET /api/v1/reservas,8.487224,200,success,
1789926866.458866,GET,GET /api/v1/reservas/{id},10.285810,200,success,
1789926866.537294,GET,GET /api/v1/reservas,8.773137,200,success,
1789926866.607713,GET,GET /api/v1/reservas,7.043497,200,success,
1789926866.693357,GET,GET /api/v1/reservas,6.255712,200,success,
1789926866.699558,GET,GET /api/v1/reservas/{id},4.006183,200,success,
1789926866.766849,GET,GET /api/v1/reservas/{id},5.091337,200,success,
1789926866.810860,GET,GET /api/v1/reservas,6.676239,200,success,
1789926866.873917,GET,GET /api/v1/reservas,6.675839,200,success,
1789926866.874416,GET,GET /api/v1/reservas,5.421828,200,success,
1789926866.947209,GET,GET /api/v1/reservas,6.464919,200,success,
1789926867.003662,GET,GET /api/v1/reservas/{id},4.353418,200,success,
1789926867.004417,GET,GET /api/v1/reservas,6.875350,200,success,
1789926867.026032,GET,GET /api/v1/reservas,6.269362,200,success,
1789926867.087813,GET,GET /api/v1/reservas,6.429075,200,success,
1789926867.092783,GET,GET /api/v1/reservas,4.784912,200,success,
1789926867.104839,GET,GET /api/v1/reservas/{id},3.327344,200,success,
1789926867.105153,GET,GET /api/v1/reservas/{id},4.207657,200,success,
1789926867.116282,GET,GET /api/v1/reservas,10.914923,200,success,
1789926867.214450,GET,GET /api/v1/reservas,6.776621,200,success,
1789926867.223217,GET,GET /api/v1/reservas/{id},4.536386,200,success,
1789926867.255917,GET,GET /api/v1/reservas,6.359499,200,success,
1789926867.272092,GET,GET /api/v1/reservas,5.891580,200,success,
1789926867.277324,GET,GET /api/v1/reservas,5.915136,200,success,
1789926867.278281,GET,GET /api/v1/reservas,4.717430,200,success,
1789926867.281534,GET,GET /api/v1/reservas/{id},3.156745,200,success,
1789926867.329721,GET,GET /api/v1/reservas,6.866918,200,success,
1789926867.339650,GET,GET /api/v1/reservas,5.626628,200,success,
1789926867.342646,GET,GET /api/v1/reservas,4.901670,200,success,
1789926867.399635,GET,GET /api/v1/reservas,7.644858,200,success,
1789926867.519637,GET,GET /api/v1/reservas,8.198537,200,success,
1789926867.543252,GET,GET /api/v1/reservas/{id},6.405508,200,success,
1789926867.582118,GET,GET /api/v1/reservas,8.545873,200,success,
1789926867.688442,GET,GET /api/v1/reservas,6.865075,200,success,
1789926867.732102,GET,GET /api/v1/reservas,7.282789,200,success,
1789926867.778762,GET,GET /api/v1/reservas/{id},6.367030,200,success,
1789926867.808400,GET,GET /api/v1/reservas,7.273314,200,success,
1789926867.831885,GET,GET /api/v1/reservas/{id},6.210173,200,success,
1789926867.849960,GET,GET /api/v1/reservas,5.745669,200,success,
1789926867.861450,GET,GET /api/v1/reservas,5.213202,200,success,
1789926867.891979,GET,GET /api/v1/reservas,5.223818,200,success,
1789926868.039122,GET,GET /api/v1/reservas,6.673536,200,success,
1789926868.048425,GET,GET /api/v1/reservas/{id},5.077095,200,success,
1789926868.138374,GET,GET /api/v1/reservas,6.499493,200,success,
1789926868.166137,GET,GET /api/v1/reservas/{id},4.549416,200,success,
1789926868.173007,GET,GET /api/v1/reservas,4.570347,200,success,
1789926868.187871,GET,GET /api/v1/reservas,4.571999,200,success,
1789926868.269886,GET,GET /api/v1/reservas,11.621705,200,success,
1789926868.299757,GET,GET /api/v1/reservas,6.518531,200,success,
1789926868.361241,GET,GET /api/v1/reservas,8.121721,200,success,
1789926868.368160,GET,GET /api/v1/reservas,5.587940,200,success,
1789926868.389880,GET,GET /api/v1/reservas/{id},4.648766,200,success,
1789926868.391208,GET,GET /api/v1/reservas,6.714226,200,success,
1789926868.493823,GET,GET /api/v1/reservas,8.207280,200,success,
1789926868.585907,GET,GET /api/v1/reservas,7.685769,200,success,
1789926868.599093,GET,GET /api/v1/reservas/{id},4.998466,200,success,
1789926868.655614,GET,GET /api/v1/reservas,7.185021,200,success,
1789926868.657749,GET,GET /api/v1/reservas/{id},3.938470,200,success,
1789926868.664952,GET,GET /api/v1/reservas,4.925266,200,success,
1789926868.668283,GET,GET /api/v1/reservas,4.638049,200,success,
1789926868.717200,GET,GET /api/v1/reservas/{id},5.681291,200,success,
1789926868.739442,GET,GET /api/v1/reservas,6.913658,200,success,
1789926868.781774,GET,GET /api/v1/reservas,6.991046,200,success,
1789926868.890722,GET,GET /api/v1/reservas,6.498620,200,success,
1789926868.957575,GET,GET /api/v1/reservas,6.500753,200,success,
1789926868.986682,GET,GET /api/v1/reservas,5.812991,200,success,
1789926869.004167,GET,GET /api/v1/reservas,5.198038,200,success,
1789926869.012710,GET,GET /api/v1/reservas,5.265361,200,success,
1789926869.027411,GET,GET /api/v1/reservas/{id},4.499360,200,success,
1789926869.134292,GET,GET /api/v1/reservas,6.533433,200,success,
1789926869.184326,GET,GET /api/v1/reservas,7.682264,200,success,
1789926869.204262,GET,GET /api/v1/reservas,5.619347,200,success,
1789926869.219518,GET,GET /api/v1/reservas,6.854229,200,success,
1789926869.236227,GET,GET /api/v1/reservas,6.373460,200,success,
1789926869.303811,GET,GET /api/v1/reservas/{id},5.294504,200,success,
1789926869.342215,GET,GET /api/v1/reservas,7.038898,200,success,
1789926869.342600,GET,GET /api/v1/reservas/{id},4.624659,200,success,
1789926869.378105,GET,GET /api/v1/reservas,6.157823,200,success,
1789926869.414418,GET,GET /api/v1/reservas,6.986598,200,success,
1789926869.525810,GET,GET /api/v1/reservas,6.731803,200,success,
1789926869.560571,GET,GET /api/v1/reservas,5.448328,200,success,
1789926869.568088,GET,GET /api/v1/reservas,4.878714,200,success,
1789926869.568508,GET,GET /api/v1/reservas,5.711938,200,success,
1789926869.580823,GET,GET /api/v1/reservas,5.028060,200,success,
1789926869.581713,GET,GET /api/v1/reservas,4.365638,200,success,
1789926869.683125,GET,GET /api/v1/reservas,7.049135,200,success,
1789926869.695830,GET,GET /api/v1/reservas/{id},4.101677,200,success,
1789926869.696153,GET,GET /api/v1/reservas/{id},4.835439,200,success,
1789926869.722800,GET,GET /api/v1/reservas,6.310355,200,success,
1789926869.764885,GET,GET /api/v1/reservas,6.703600,200,success,
1789926869.860198,GET,GET /api/v1/reservas,6.896033,200,success,
1789926869.872791,GET,GET /api/v1/reservas,5.274575,200,success,
1789926869.896180,GET,GET /api/v1/reservas,5.074000,200,success,
1789926869.919037,GET,GET /api/v1/reservas,6.492410,200,success,
1789926869.929228,GET,GET /api/v1/reservas,5.891751,200,success,
1789926869.931370,GET,GET /api/v1/reservas,5.281486,200,success,
1789926870.020683,GET,GET /api/v1/reservas,6.904966,200,success,
1789926870.022741,GET,GET /api/v1/reservas/{id},4.222691,200,success,
1789926870.052516,GET,GET /api/v1/reservas/{id},4.558579,200,success,
1789926870.087285,GET,GET /api/v1/reservas,6.469066,200,success,
1789926870.107488,GET,GET /api/v1/reservas/{id},4.975050,200,success,
1789926870.174070,GET,GET /api/v1/reservas/{id},5.322458,200,success,
1789926870.180215,GET,GET /api/v1/reservas/{id},3.961934,200,success,
1789926870.390392,GET,GET /api/v1/reservas,11.435343,200,success,
1789926870.458121,GET,GET /api/v1/reservas,6.116370,200,success,
1789926870.460640,GET,GET /api/v1/reservas/{id},3.945520,200,success,
1789926870.483729,GET,GET /api/v1/reservas,5.779601,200,success,
1789926870.668972,GET,GET /api/v1/reservas,7.952754,200,success,
1789926870.669700,GET,GET /api/v1/reservas,6.806547,200,success,
1789926870.685913,GET,GET /api/v1/reservas/{id},5.020440,200,success,
1789926870.706603,GET,GET /api/v1/reservas,6.360711,200,success,
1789926870.749836,GET,GET /api/v1/reservas,6.845426,200,success,
1789926870.750942,GET,GET /api/v1/reservas/{id},4.157631,200,success,
1789926870.756857,GET,GET /api/v1/reservas,4.654726,200,success,
1789926870.821489,GET,GET /api/v1/reservas,7.272572,200,success,
1789926870.825901,GET,GET /api/v1/reservas/{id},4.272427,200,success,
1789926870.839489,GET,GET /api/v1/reservas,6.253659,200,success,
1789926870.948339,GET,GET /api/v1/reservas,6.434793,200,success,
1789926870.996028,GET,GET /api/v1/reservas,6.313099,200,success,
1789926871.014634,GET,GET /api/v1/reservas,9.319215,200,success,
1789926871.066619,GET,GET /api/v1/reservas,6.582907,200,success,
1789926871.095316,GET,GET /api/v1/reservas,6.345398,200,success,
1789926871.112117,GET,GET /api/v1/reservas,6.484258,200,success,
1789926871.114352,GET,GET /api/v1/reservas,5.485344,200,success,
1789926871.126249,GET,GET /api/v1/reservas,5.571845,200,success,
1789926871.159585,GET,GET /api/v1/reservas,6.996274,200,success,
1789926871.164486,GET,GET /api/v1/reservas,6.026845,200,success,
1789926871.164877,GET,GET /api/v1/reservas,5.924320,200,success,
1789926871.186633,GET,GET /api/v1/reservas,5.482290,200,success,
1789926871.218416,GET,GET /api/v1/reservas,6.454754,200,success,
1789926871.328861,GET,GET /api/v1/reservas,7.098901,200,success,
1789926871.334091,GET,GET /api/v1/reservas,5.007321,200,success,
1789926871.339019,GET,GET /api/v1/reservas,4.688036,200,success,
1789926871.371586,GET,GET /api/v1/reservas,6.200829,200,success,
1789926871.373007,GET,GET /api/v1/reservas,4.950553,200,success,
1789926871.381909,GET,GET /api/v1/reservas,4.631200,200,success,
1789926871.385223,GET,GET /api/v1/reservas,4.369342,200,success,
1789926871.415717,GET,GET /api/v1/reservas,6.870824,200,success,
1789926871.434409,GET,GET /api/v1/reservas,6.405429,200,success,
1789926871.438056,GET,GET /api/v1/reservas/{id},4.965466,200,success,
1789926871.535090,GET,GET /api/v1/reservas,6.671712,200,success,
1789926871.586762,GET,GET /api/v1/reservas,7.308668,200,success,
1789926871.588888,GET,GET /api/v1/reservas,5.583593,200,success,
1789926871.593959,GET,GET /api/v1/reservas/{id},3.894252,200,success,
1789926871.650597,GET,GET /api/v1/reservas,7.270179,200,success,
1789926871.656464,GET,GET /api/v1/reservas/{id},4.655827,200,success,
1789926871.668458,GET,GET /api/v1/reservas,6.648026,200,success,
1789926871.693825,GET,GET /api/v1/reservas/{id},5.101252,200,success,
1789926871.924567,GET,GET /api/v1/reservas/{id},5.316838,200,success,
1789926871.989318,GET,GET /api/v1/reservas,6.411087,200,success,
1789926871.995644,GET,GET /api/v1/reservas,5.063315,200,success,
1789926872.177797,GET,GET /api/v1/reservas,7.662934,200,success,
1789926872.360331,GET,GET /api/v1/reservas,7.055704,200,success,
1789926872.375962,GET,GET /api/v1/reservas,6.322523,200,success,
1789926872.501143,GET,GET /api/v1/reservas,6.755729,200,success,
1789926872.508955,GET,GET /api/v1/reservas,5.561910,200,success,
1789926872.543116,GET,GET /api/v1/reservas,6.780898,200,success,
1789926872.563377,GET,GET /api/v1/reservas,6.925147,200,success,
1789926872.613447,GET,GET /api/v1/reservas,7.660882,200,success,
1789926872.625815,GET,GET /api/v1/reservas,7.016965,200,success,
1789926872.679063,GET,GET /api/v1/reservas,8.386131,200,success,
1789926872.688086,GET,GET /api/v1/reservas,5.693178,200,success,
1789926872.708367,GET,GET /api/v1/reservas,6.970986,200,success,
1789926872.738432,GET,GET /api/v1/reservas/{id},5.770446,200,success,
1789926872.752814,GET,GET /api/v1/reservas,7.987517,200,success,
1789926872.770505,GET,GET /api/v1/reservas,12.355437,200,success,
1789926872.815362,GET,GET /api/v1/reservas,8.487504,200,success,
1789926872.907429,GET,GET /api/v1/reservas/{id},5.740722,200,success,
1789926872.923022,GET,GET /api/v1/reservas,6.278656,200,success,
1789926872.934074,GET,GET /api/v1/reservas,5.738618,200,success,
1789926872.958535,GET,GET /api/v1/reservas,6.142289,200,success,
1789926873.062938,GET,GET /api/v1/reservas,8.027408,200,success,
1789926873.063404,GET,GET /api/v1/reservas,8.025946,200,success,
1789926873.121364,GET,GET /api/v1/reservas,6.640365,200,success,
1789926873.261818,GET,GET /api/v1/reservas,7.016204,200,success,
1789926873.324443,GET,GET /api/v1/reservas,9.220255,200,success,
1789926873.332044,GET,GET /api/v1/reservas,8.971357,200,success,
1789926873.369632,GET,GET /api/v1/reservas,11.240317,200,success,
1789926873.428548,GET,GET /api/v1/reservas,16.364214,200,success,
1789926873.455462,GET,GET /api/v1/reservas,7.993736,200,success,
1789926873.517643,GET,GET /api/v1/reservas,18.743819,200,success,
1789926873.540697,GET,GET /api/v1/reservas,19.663323,200,success,
1789926873.550345,GET,GET /api/v1/reservas,7.181305,200,success,
1789926873.574439,GET,GET /api/v1/reservas/{id},5.800051,200,success,
1789926873.632835,GET,GET /api/v1/reservas,6.983794,200,success,
1789926873.678400,GET,GET /api/v1/reservas/{id},6.272647,200,success,
1789926873.680278,GET,GET /api/v1/reservas,5.255567,200,success,
1789926873.741351,GET,GET /api/v1/reservas,6.707357,200,success,
1789926873.753357,GET,GET /api/v1/reservas,5.684717,200,success,
1789926873.771109,GET,GET /api/v1/reservas/{id},4.539590,200,success,
1789926873.783135,GET,GET /api/v1/reservas,5.752950,200,success,
1789926873.821243,GET,GET /api/v1/reservas,6.789560,200,success,
1789926873.826155,GET,GET /api/v1/reservas,5.781883,200,success,
1789926873.864118,GET,GET /api/v1/reservas,6.582998,200,success,
1789926873.869771,GET,GET /api/v1/reservas/{id},4.456755,200,success,
1789926873.886809,GET,GET /api/v1/reservas/{id},4.101147,200,success,
1789926873.887286,GET,GET /api/v1/reservas,6.234681,200,success,
1789926873.986807,GET,GET /api/v1/reservas/{id},5.244058,200,success,
1789926873.994059,GET,GET /api/v1/reservas,4.930072,200,success,
1789926874.037825,GET,GET /api/v1/reservas,6.423856,200,success,
1789926874.060605,GET,GET /api/v1/reservas,6.413200,200,success,
1789926874.077242,GET,GET /api/v1/reservas/{id},5.416269,200,success,
1789926874.078058,GET,GET /api/v1/reservas,5.678817,200,success,
1789926874.162517,GET,GET /api/v1/reservas/{id},5.191207,200,success,
1789926874.190670,GET,GET /api/v1/reservas/{id},4.921730,200,success,
1789926874.205626,GET,GET /api/v1/reservas,6.676460,200,success,
1789926874.261576,GET,GET /api/v1/reservas,6.607244,200,success,
1789926874.318831,GET,GET /api/v1/reservas,6.881110,200,success,
1789926874.556468,GET,GET /api/v1/reservas/{id},5.408979,200,success,
1789926874.606921,GET,GET /api/v1/reservas,7.096356,200,success,
1789926874.651704,GET,GET /api/v1/reservas,6.449256,200,success,
1789926874.735703,GET,GET /api/v1/reservas,6.619403,200,success,
1789926874.767593,GET,GET /api/v1/reservas,6.561515,200,success,
1789926874.838894,GET,GET /api/v1/reservas,6.953179,200,success,
1789926874.915642,GET,GET /api/v1/reservas,7.304421,200,success,
1789926874.916117,GET,GET /api/v1/reservas,7.302558,200,success,
1789926874.966029,GET,GET /api/v1/reservas,6.552060,200,success,
1789926875.029712,GET,GET /api/v1/reservas/{id},5.409578,200,success,
1789926875.051414,GET,GET /api/v1/reservas/{id},5.349789,200,success,
1789926875.115147,GET,GET /api/v1/reservas,9.336191,200,success,
1789926875.163064,GET,GET /api/v1/reservas,8.531411,200,success,
1789926875.185887,GET,GET /api/v1/reservas,12.486806,200,success,
1789926875.218063,GET,GET /api/v1/reservas,10.336516,200,success,
1789926875.344558,GET,GET /api/v1/reservas,10.048199,200,success,
1789926875.351645,GET,GET /api/v1/reservas,6.818245,200,success,
1789926875.366535,GET,GET /api/v1/reservas,7.506158,200,success,
1789926875.479190,GET,GET /api/v1/reservas,6.734607,200,success,
1789926875.533106,GET,GET /api/v1/reservas,6.775760,200,success,
1789926875.544253,GET,GET /api/v1/reservas/{id},4.923893,200,success,
1789926875.558458,GET,GET /api/v1/reservas/{id},4.005321,200,success,
1789926875.574758,GET,GET /api/v1/reservas,5.986765,200,success,
1789926875.578655,GET,GET /api/v1/reservas,5.154512,200,success,
1789926875.630654,GET,GET /api/v1/reservas,6.671612,200,success,
1789926875.708421,GET,GET /api/v1/reservas,11.357204,200,success,
1789926875.732581,GET,GET /api/v1/reservas,7.646721,200,success,
1789926875.758592,GET,GET /api/v1/reservas/{id},6.712284,200,success,
1789926875.768310,GET,GET /api/v1/reservas/{id},5.481719,200,success,
1789926875.853484,GET,GET /api/v1/reservas,9.212123,200,success,
1789926875.896749,GET,GET /api/v1/reservas,6.864534,200,success,
1789926875.909339,GET,GET /api/v1/reservas/{id},9.257452,200,success,
1789926875.913905,GET,GET /api/v1/reservas,7.573829,200,success,
1789926875.919124,GET,GET /api/v1/reservas,6.516367,200,success,
1789926875.924247,GET,GET /api/v1/reservas,6.047215,200,success,
1789926876.037631,GET,GET /api/v1/reservas/{id},5.075252,200,success,
1789926876.060047,GET,GET /api/v1/reservas,6.059154,200,success,
1789926876.145055,GET,GET /api/v1/reservas,6.680946,200,success,
1789926876.214531,GET,GET /api/v1/reservas,10.980553,200,success,
1789926876.221168,GET,GET /api/v1/reservas,7.305493,200,success,
1789926876.245972,GET,GET /api/v1/reservas/{id},5.049923,200,success,
1789926876.246654,GET,GET /api/v1/reservas,6.162271,200,success,
1789926876.262392,GET,GET /api/v1/reservas/{id},4.552590,200,success,
1789926876.262887,GET,GET /api/v1/reservas/{id},3.340153,200,success,
1789926876.362557,GET,GET /api/v1/reservas/{id},6.421443,200,success,
1789926876.380487,GET,GET /api/v1/reservas/{id},4.717600,200,success,
1789926876.412176,GET,GET /api/v1/reservas,7.355789,200,success,
1789926876.444868,GET,GET /api/v1/reservas,6.370547,200,success,
1789926876.546733,GET,GET /api/v1/reservas,6.705494,200,success,
1789926876.556324,GET,GET /api/v1/reservas/{id},4.389854,200,success,
1789926876.567491,GET,GET /api/v1/reservas,4.879936,200,success,
1789926876.594381,GET,GET /api/v1/reservas,6.574005,200,success,
1789926876.655447,GET,GET /api/v1/reservas,6.720386,200,success,
1789926876.673315,GET,GET /api/v1/reservas,6.516428,200,success,
1789926876.734107,GET,GET /api/v1/reservas/{id},5.518565,200,success,
1789926876.749733,GET,GET /api/v1/reservas,6.281622,200,success,
1789926876.781384,GET,GET /api/v1/reservas,6.330755,200,success,
1789926876.811709,GET,GET /api/v1/reservas,6.964506,200,success,
1789926876.826717,GET,GET /api/v1/reservas/{id},5.758938,200,success,
1789926876.907206,GET,GET /api/v1/reservas,7.112770,200,success,
1789926877.079318,GET,GET /api/v1/reservas,6.662758,200,success,
1789926877.109979,GET,GET /api/v1/reservas,7.295769,200,success,
1789926877.116753,GET,GET /api/v1/reservas,8.183824,200,success,
1789926877.162099,GET,GET /api/v1/reservas,6.957265,200,success,
1789926877.215348,GET,GET /api/v1/reservas,6.855090,200,success,
1789926877.253704,GET,GET /api/v1/reservas/{id},5.083425,200,success,
1789926877.334381,GET,GET /api/v1/reservas/{id},5.399183,200,success,
1789926877.385074,GET,GET /api/v1/reservas,6.339449,200,success,
1789926877.402184,GET,GET /api/v1/reservas,5.832741,200,success,
1789926877.514929,GET,GET /api/v1/reservas,8.110763,200,success,
1789926877.515375,GET,GET /api/v1/reservas,6.786767,200,success,
1789926877.531555,GET,GET /api/v1/reservas,6.892406,200,success,
1789926877.573577,GET,GET /api/v1/reservas/{id},5.765478,200,success,
1789926877.622940,GET,GET /api/v1/reservas,6.955712,200,success,
1789926877.653798,GET,GET /api/v1/reservas,6.506241,200,success,
1789926877.681325,GET,GET /api/v1/reservas,6.180558,200,success,
1789926877.763139,GET,GET /api/v1/reservas,6.461623,200,success,
1789926877.802896,GET,GET /api/v1/reservas,6.412820,200,success,
1789926877.835195,GET,GET /api/v1/reservas,6.930264,200,success,
1789926877.847520,GET,GET /api/v1/reservas/{id},6.091804,200,success,
1789926877.858104,GET,GET /api/v1/reservas,6.130481,200,success,
1789926877.865534,GET,GET /api/v1/reservas,6.086065,200,success,
1789926877.884569,GET,GET /api/v1/reservas/{id},7.783467,200,success,
1789926877.960168,GET,GET /api/v1/reservas,7.230328,200,success,
1789926878.007079,GET,GET /api/v1/reservas,7.484825,200,success,
1789926878.032633,GET,GET /api/v1/reservas,11.120816,200,success,
1789926878.102704,GET,GET /api/v1/reservas/{id},5.791628,200,success,
1789926878.125055,GET,GET /api/v1/reservas,6.969153,200,success,
1789926878.195931,GET,GET /api/v1/reservas,6.518941,200,success,
1789926878.241753,GET,GET /api/v1/reservas/{id},5.555611,200,success,
1789926878.248687,GET,GET /api/v1/reservas,5.641481,200,success,
1789926878.257787,GET,GET /api/v1/reservas,5.848075,200,success,
1789926878.285487,GET,GET /api/v1/reservas,6.355292,200,success,
1789926878.366307,GET,GET /api/v1/reservas,6.462436,200,success,
1789926878.428360,GET,GET /api/v1/reservas,6.698913,200,success,
1789926878.497339,GET,GET /api/v1/reservas,6.614706,200,success,
1789926878.608796,GET,GET /api/v1/reservas/{id},5.443250,200,success,
1789926878.618628,GET,GET /api/v1/reservas,7.526869,200,success,
1789926878.622548,GET,GET /api/v1/reservas,7.500088,200,success,
1789926878.724825,GET,GET /api/v1/reservas,7.559419,200,success,
1789926878.726084,GET,GET /api/v1/reservas,6.163792,200,success,
1789926878.742737,GET,GET /api/v1/reservas,7.335730,200,success,
1789926878.749378,GET,GET /api/v1/reservas/{id},8.253040,200,success,
1789926878.750013,GET,GET /api/v1/reservas,6.992128,200,success,
1789926878.805048,GET,GET /api/v1/reservas,6.660074,200,success,
1789926878.867126,GET,GET /api/v1/reservas/{id},5.811278,200,success,
1789926878.874092,GET,GET /api/v1/reservas,7.714042,200,success,
1789926878.914581,GET,GET /api/v1/reservas,13.284024,200,success,
1789926878.920404,GET,GET /api/v1/reservas/{id},7.212291,200,success,
1789926878.930146,GET,GET /api/v1/reservas,7.070056,200,success,
1789926878.950656,GET,GET /api/v1/reservas,8.099357,200,success,
1789926878.959265,GET,GET /api/v1/reservas,7.109044,200,success,
1789926878.963004,GET,GET /api/v1/reservas,6.168500,200,success,
1789926879.018493,GET,GET /api/v1/reservas,7.149477,200,success,
1789926879.039437,GET,GET /api/v1/reservas/{id},5.649953,200,success,
1789926879.055112,GET,GET /api/v1/reservas/{id},5.389990,200,success,
1789926879.184126,GET,GET /api/v1/reservas,9.392236,200,success,
1789926879.190378,GET,GET /api/v1/reservas,6.037070,200,success,
1789926879.249748,GET,GET /api/v1/reservas,6.986450,200,success,
1789926879.261856,GET,GET /api/v1/reservas,6.784413,200,success,
1789926879.302917,GET,GET /api/v1/reservas,6.708088,200,success,
1789926879.379717,GET,GET /api/v1/reservas,6.431859,200,success,
1789926879.428360,GET,GET /api/v1/reservas/{id},5.378182,200,success,
1789926879.602345,GET,GET /api/v1/reservas/{id},5.409689,200,success,
1789926879.636260,GET,GET /api/v1/reservas,7.515330,200,success,
1789926879.692534,GET,GET /api/v1/reservas,6.905215,200,success,
1789926879.704676,GET,GET /api/v1/reservas,8.789633,200,success,
1789926879.727754,GET,GET /api/v1/reservas,6.731703,200,success,
1789926879.826198,GET,GET /api/v1/reservas,7.032609,200,success,
1789926879.857601,GET,GET /api/v1/reservas/{id},5.144177,200,success,
1789926879.882082,GET,GET /api/v1/reservas/{id},5.227994,200,success,
1789926879.937669,GET,GET /api/v1/reservas/{id},5.313563,200,success,
1789926879.951739,GET,GET /api/v1/reservas,5.944620,200,success,
1789926879.952231,GET,GET /api/v1/reservas,7.252772,200,success,
1789926879.955457,GET,GET /api/v1/reservas,4.984464,200,success,
1789926879.966283,GET,GET /api/v1/reservas/{id},4.644109,200,success,
1789926880.051301,GET,GET /api/v1/reservas,6.661748,200,success,
1789926880.061993,GET,GET /api/v1/reservas,6.395163,200,success,
1789926880.067041,GET,GET /api/v1/reservas,5.837298,200,success,
1789926880.072448,GET,GET /api/v1/reservas/{id},4.199234,200,success,
1789926880.079819,GET,GET /api/v1/reservas,5.074952,200,success,
1789926880.100771,GET,GET /api/v1/reservas,6.601136,200,success,
1789926880.180715,GET,GET /api/v1/reservas,6.554305,200,success,
1789926880.307237,GET,GET /api/v1/reservas/{id},6.173457,200,success,
1789926880.323406,GET,GET /api/v1/reservas,8.775159,200,success,
1789926880.324003,GET,GET /api/v1/reservas,7.469541,200,success,
1789926880.418891,GET,GET /api/v1/reservas,6.512240,200,success,
1789926880.439083,GET,GET /api/v1/reservas/{id},4.941970,200,success,
1789926880.532683,GET,GET /api/v1/reservas/{id},5.422830,200,success,
1789926880.578686,GET,GET /api/v1/reservas,6.648657,200,success,
1789926880.605338,GET,GET /api/v1/reservas,6.318137,200,success,
1789926880.737546,GET,GET /api/v1/reservas,6.769551,200,success,
1789926880.770481,GET,GET /api/v1/reservas,6.579102,200,success,
1789926880.776754,GET,GET /api/v1/reservas,6.067597,200,success,
1789926880.788407,GET,GET /api/v1/reservas,6.308031,200,success,
1789926880.806687,GET,GET /api/v1/reservas,6.918496,200,success,
1789926880.811060,GET,GET /api/v1/reservas/{id},5.452745,200,success,
1789926880.865948,GET,GET /api/v1/reservas,6.558331,200,success,
1789926880.888511,GET,GET /api/v1/reservas,6.209882,200,success,
1789926880.915116,GET,GET /api/v1/reservas/{id},6.340370,200,success,
1789926880.961117,GET,GET /api/v1/reservas,6.574375,200,success,
1789926880.985700,GET,GET /api/v1/reservas,6.238075,200,success,
1789926881.017478,GET,GET /api/v1/reservas,8.447443,200,success,
1789926881.017896,GET,GET /api/v1/reservas,8.286630,200,success,
1789926881.044607,GET,GET /api/v1/reservas/{id},5.478915,200,success,
1789926881.146514,GET,GET /api/v1/reservas/{id},5.558394,200,success,
1789926881.211799,GET,GET /api/v1/reservas/{id},6.010029,200,success,
1789926881.230284,GET,GET /api/v1/reservas,7.111790,200,success,
1789926881.289705,GET,GET /api/v1/reservas,6.974401,200,success,
1789926881.317478,GET,GET /api/v1/reservas,7.407788,200,success,
1789926881.336061,GET,GET /api/v1/reservas,7.236649,200,success,
1789926881.336525,GET,GET /api/v1/reservas,5.961706,200,success,
1789926881.370321,GET,GET /api/v1/reservas,6.468805,200,success,
1789926881.393483,GET,GET /api/v1/reservas/{id},4.937053,200,success,
1789926881.445918,GET,GET /api/v1/reservas/{id},5.296197,200,success,
1789926881.450521,GET,GET /api/v1/reservas,5.998652,200,success,
1789926881.472364,GET,GET /api/v1/reservas,6.533832,200,success,
1789926881.472860,GET,GET /api/v1/reservas,5.320685,200,success,
1789926881.608923,GET,GET /api/v1/reservas,6.767566,200,success,
1789926881.616846,GET,GET /api/v1/reservas/{id},5.684466,200,success,
1789926881.617893,GET,GET /api/v1/reservas,6.211855,200,success,
1789926881.623199,GET,GET /api/v1/reservas,5.095914,200,success,
1789926881.650762,GET,GET /api/v1/reservas,6.261711,200,success,
1789926881.688775,GET,GET /api/v1/reservas,6.683990,200,success,
1789926881.804492,GET,GET /api/v1/reservas/{id},5.391101,200,success,
1789926881.822421,GET,GET /api/v1/reservas,6.555927,200,success,
1789926881.879868,GET,GET /api/v1/reservas,7.097387,200,success,
1789926881.898360,GET,GET /api/v1/reservas,6.151613,200,success,
1789926881.923482,GET,GET /api/v1/reservas/{id},5.855735,200,success,
1789926881.979450,GET,GET /api/v1/reservas,7.538506,200,success,
1789926882.029758,GET,GET /api/v1/reservas,6.957124,200,success,
1789926882.131602,GET,GET /api/v1/reservas,7.399705,200,success,
1789926882.151325,GET,GET /api/v1/reservas,6.394532,200,success,
1789926882.349896,GET,GET /api/v1/reservas,7.039811,200,success,
1789926882.350893,GET,GET /api/v1/reservas,5.160171,200,success,
1789926882.371979,GET,GET /api/v1/reservas,5.781033,200,success,
1789926882.377288,GET,GET /api/v1/reservas,5.046880,200,success,
1789926882.474720,GET,GET /api/v1/reservas/{id},4.225786,200,success,
1789926882.475461,GET,GET /api/v1/reservas,6.769080,200,success,
1789926882.501364,GET,GET /api/v1/reservas,5.621600,200,success,
1789926882.535204,GET,GET /api/v1/reservas,6.737944,200,success,
1789926882.561679,GET,GET /api/v1/reservas,6.138263,200,success,
1789926882.569105,GET,GET /api/v1/reservas,5.104297,200,success,
1789926882.606961,GET,GET /api/v1/reservas,6.518771,200,success,
1789926882.646264,GET,GET /api/v1/reservas,6.903313,200,success,
1789926882.648530,GET,GET /api/v1/reservas,5.356559,200,success,
1789926882.722627,GET,GET /api/v1/reservas,6.765314,200,success,
1789926882.823231,GET,GET /api/v1/reservas/{id},5.328987,200,success,
1789926882.855969,GET,GET /api/v1/reservas,6.337986,200,success,
1789926882.911411,GET,GET /api/v1/reservas,9.022896,200,success,
1789926882.993346,GET,GET /api/v1/reservas,7.486076,200,success,
1789926883.000610,GET,GET /api/v1/reservas,5.909617,200,success,
1789926883.017543,GET,GET /api/v1/reservas,7.494319,200,success,
1789926883.078318,GET,GET /api/v1/reservas,8.803533,200,success,
1789926883.079435,GET,GET /api/v1/reservas,10.513045,200,success,
1789926883.091242,GET,GET /api/v1/reservas,10.474796,200,success,
1789926883.116059,GET,GET /api/v1/reservas,9.324483,200,success,
1789926883.207291,GET,GET /api/v1/reservas/{id},5.911580,200,success,
1789926883.211021,GET,GET /api/v1/reservas,5.561439,200,success,
1789926883.273459,GET,GET /api/v1/reservas,9.049286,200,success,
1789926883.274075,GET,GET /api/v1/reservas,9.026661,200,success,
1789926883.287025,GET,GET /api/v1/reservas,5.633138,200,success,
1789926883.338099,GET,GET /api/v1/reservas,8.628637,200,success,
1789926883.382527,GET,GET /api/v1/reservas/{id},5.659919,200,success,
1789926883.383645,GET,GET /api/v1/reservas,7.187705,200,success,
1789926883.419434,GET,GET /api/v1/reservas,17.882524,200,success,
1789926883.425921,GET,GET /api/v1/reservas,7.898301,200,success,
1789926883.482186,GET,GET /api/v1/reservas/{id},5.501068,200,success,
1789926883.482509,GET,GET /api/v1/reservas/{id},5.350210,200,success,
1789926883.508487,GET,GET /api/v1/reservas/{id},19.775353,200,success,
1789926883.629556,GET,GET /api/v1/reservas,6.916694,200,success,
1789926883.696125,GET,GET /api/v1/reservas,8.143392,200,success,
1789926883.716449,GET,GET /api/v1/reservas,8.962294,200,success,
1789926883.722284,GET,GET /api/v1/reservas,6.619474,200,success,
1789926883.738056,GET,GET /api/v1/reservas,10.392472,200,success,
1789926883.738442,GET,GET /api/v1/reservas/{id},7.050836,200,success,
1789926883.738697,GET,GET /api/v1/reservas/{id},6.802280,200,success,
1789926883.829863,GET,GET /api/v1/reservas/{id},6.621937,200,success,
1789926884.010778,GET,GET /api/v1/reservas,6.549428,200,success,
1789926884.023481,GET,GET /api/v1/reservas/{id},6.464008,200,success,
1789926884.023944,GET,GET /api/v1/reservas/{id},6.512160,200,success,
1789926884.024405,GET,GET /api/v1/reservas,6.000786,200,success,
1789926884.056749,GET,GET /api/v1/reservas,7.037046,200,success,
1789926884.071039,GET,GET /api/v1/reservas,5.946774,200,success,
1789926884.194419,GET,GET /api/v1/reservas,7.917510,200,success,
1789926884.241166,GET,GET /api/v1/reservas,7.402180,200,success,
1789926884.241649,GET,GET /api/v1/reservas,7.370812,200,success,
1789926884.254217,GET,GET /api/v1/reservas,6.273600,200,success,
1789926884.295464,GET,GET /api/v1/reservas/{id},5.969387,200,success,
1789926884.436571,GET,GET /api/v1/reservas,6.748148,200,success,
1789926884.494845,GET,GET /api/v1/reservas,7.890290,200,success,
1789926884.496565,GET,GET /api/v1/reservas,5.778990,200,success,
1789926884.713025,GET,GET /api/v1/reservas,7.124938,200,success,
1789926884.733516,GET,GET /api/v1/reservas/{id},5.242716,200,success,
1789926884.830308,GET,GET /api/v1/reservas/{id},5.490342,200,success,
1789926884.859499,GET,GET /api/v1/reservas,6.807157,200,success,
1789926884.870083,GET,GET /api/v1/reservas,6.263033,200,success,
1789926884.876605,GET,GET /api/v1/reservas/{id},5.307354,200,success,
1789926884.878069,GET,GET /api/v1/reservas,5.544133,200,success,
1789926884.926347,GET,GET /api/v1/reservas,6.933689,200,success,
1789926884.991552,GET,GET /api/v1/reservas,6.849350,200,success,
1789926885.019502,GET,GET /api/v1/reservas,6.608757,200,success,
1789926885.019925,GET,GET /api/v1/reservas,6.563348,200,success,
1789926885.061936,GET,GET /api/v1/reservas,6.713565,200,success,
1789926885.099945,GET,GET /api/v1/reservas,6.657801,200,success,
1789926885.100403,GET,GET /api/v1/reservas,6.633072,200,success,
1789926885.156376,GET,GET /api/v1/reservas,6.631091,200,success,
1789926885.174444,GET,GET /api/v1/reservas/{id},6.787538,200,success,
1789926885.179685,GET,GET /api/v1/reservas,9.055977,200,success,
1789926885.292583,GET,GET /api/v1/reservas,6.509816,200,success,
1789926885.301067,GET,GET /api/v1/reservas/{id},4.286608,200,success,
1789926885.367627,GET,GET /api/v1/reservas/{id},7.333015,200,success,
1789926885.372163,GET,GET /api/v1/reservas,5.660560,200,success,
1789926885.399122,GET,GET /api/v1/reservas,6.605092,200,success,
1789926885.461209,GET,GET /api/v1/reservas,10.135181,200,success,
1789926885.463177,GET,GET /api/v1/reservas,10.572324,200,success,
1789926885.463368,GET,GET /api/v1/reservas,11.754837,200,success,
1789926885.532400,GET,GET /api/v1/reservas,8.888833,200,success,
1789926885.575062,GET,GET /api/v1/reservas,7.298482,200,success,
1789926885.582858,GET,GET /api/v1/reservas/{id},6.570048,200,success,
1789926885.669884,GET,GET /api/v1/reservas,9.509953,200,success,
1789926885.774024,GET,GET /api/v1/reservas,6.723841,200,success,
1789926885.814839,GET,GET /api/v1/reservas/{id},5.562471,200,success,
1789926885.898926,GET,GET /api/v1/reservas,6.693484,200,success,
1789926885.920519,GET,GET /api/v1/reservas/{id},5.331171,200,success,
1789926885.947217,GET,GET /api/v1/reservas,7.339825,200,success,
1789926885.978719,GET,GET /api/v1/reservas,7.109085,200,success,
1789926885.990834,GET,GET /api/v1/reservas,7.761975,200,success,
1789926885.996053,GET,GET /api/v1/reservas/{id},5.759119,200,success,
1789926886.067566,GET,GET /api/v1/reservas/{id},6.217663,200,success,
1789926886.070208,GET,GET /api/v1/reservas,5.752469,200,success,
1789926886.095885,GET,GET /api/v1/reservas,9.313787,200,success,
1789926886.266762,GET,GET /api/v1/reservas,7.551646,200,success,
1789926886.280920,GET,GET /api/v1/reservas/{id},4.942120,200,success,
1789926886.306716,GET,GET /api/v1/reservas,6.479681,200,success,
1789926886.360752,GET,GET /api/v1/reservas,6.657961,200,success,
1789926886.371332,GET,GET /api/v1/reservas/{id},4.374529,200,success,
1789926886.386718,GET,GET /api/v1/reservas,6.090731,200,success,
1789926886.463069,GET,GET /api/v1/reservas,7.516753,200,success,
1789926886.482711,GET,GET /api/v1/reservas/{id},5.380344,200,success,
1789926886.510001,GET,GET /api/v1/reservas,6.901511,200,success,
1789926886.525559,GET,GET /api/v1/reservas,6.545500,200,success,
1789926886.590156,GET,GET /api/v1/reservas/{id},5.316308,200,success,
1789926886.624874,GET,GET /api/v1/reservas/{id},4.600152,200,success,
1789926886.625443,GET,GET /api/v1/reservas,6.926318,200,success,
1789926886.663107,GET,GET /api/v1/reservas/{id},5.429690,200,success,
1789926886.694217,GET,GET /api/v1/reservas,6.767678,200,success,
1789926886.806305,GET,GET /api/v1/reservas,6.700997,200,success,
1789926886.879213,GET,GET /api/v1/reservas,6.567895,200,success,
1789926886.900434,GET,GET /api/v1/reservas,5.884429,200,success,
1789926886.902093,GET,GET /api/v1/reservas/{id},3.935424,200,success,
1789926886.918940,GET,GET /api/v1/reservas,6.518129,200,success,
1789926887.013092,GET,GET /api/v1/reservas,6.708448,200,success,
1789926887.041112,GET,GET /api/v1/reservas/{id},5.722984,200,success,
1789926887.041878,GET,GET /api/v1/reservas,5.904840,200,success,
1789926887.077776,GET,GET /api/v1/reservas,6.552931,200,success,
1789926887.142004,GET,GET /api/v1/reservas,6.836852,200,success,
1789926887.177940,GET,GET /api/v1/reservas,6.593023,200,success,
1789926887.231639,GET,GET /api/v1/reservas,9.315850,200,success,
1789926887.261252,GET,GET /api/v1/reservas/{id},5.338061,200,success,
1789926887.300065,GET,GET /api/v1/reservas,6.463105,200,success,
1789926887.477582,GET,GET /api/v1/reservas,7.660871,200,success,
1789926887.518812,GET,GET /api/v1/reservas,7.875628,200,success,
1789926887.525296,GET,GET /api/v1/reservas,7.520149,200,success,
1789926887.577205,GET,GET /api/v1/reservas/{id},5.661781,200,success,
1789926887.664162,GET,GET /api/v1/reservas,6.576157,200,success,
1789926887.678362,GET,GET /api/v1/reservas,5.854764,200,success,
1789926887.681133,GET,GET /api/v1/reservas,4.847538,200,success,
1789926887.718562,GET,GET /api/v1/reservas,7.096016,200,success,
1789926887.731770,GET,GET /api/v1/reservas/{id},4.974611,200,success,
1789926887.780217,GET,GET /api/v1/reservas/{id},5.204398,200,success,
1789926887.806556,GET,GET /api/v1/reservas/{id},5.105729,200,success,
1789926887.841343,GET,GET /api/v1/reservas,7.400597,200,success,
1789926887.896193,GET,GET /api/v1/reservas,6.504759,200,success,
1789926887.962585,GET,GET /api/v1/reservas/{id},5.109765,200,success,
1789926888.010897,GET,GET /api/v1/reservas,7.957982,200,success,
1789926888.033497,GET,GET /api/v1/reservas,7.170979,200,success,
1789926888.068233,GET,GET /api/v1/reservas,9.373486,200,success,
1789926888.102133,GET,GET /api/v1/reservas,6.533333,200,success,
1789926888.104703,GET,GET /api/v1/reservas,5.383940,200,success,
1789926888.122124,GET,GET /api/v1/reservas,6.111763,200,success,
1789926888.146696,GET,GET /api/v1/reservas,6.252697,200,success,
1789926888.155385,GET,GET /api/v1/reservas,5.387236,200,success,
1789926888.209342,GET,GET /api/v1/reservas,10.582210,200,success,
1789926888.239377,GET,GET /api/v1/reservas,8.626946,200,success,
1789926888.248845,GET,GET /api/v1/reservas,7.921786,200,success,
1789926888.265922,GET,GET /api/v1/reservas,6.765766,200,success,
1789926888.291334,GET,GET /api/v1/reservas,7.033881,200,success,
1789926888.374080,GET,GET /api/v1/reservas,9.342070,200,success,
1789926888.458413,GET,GET /api/v1/reservas,8.129772,200,success,
1789926888.478107,GET,GET /api/v1/reservas,7.303150,200,success,
1789926888.566756,GET,GET /api/v1/reservas,6.476245,200,success,
1789926888.581199,GET,GET /api/v1/reservas,5.163817,200,success,
1789926888.608347,GET,GET /api/v1/reservas,5.825109,200,success,
1789926888.627405,GET,GET /api/v1/reservas,5.739139,200,success,
1789926888.692315,GET,GET /api/v1/reservas,6.517730,200,success,
1789926888.751793,GET,GET /api/v1/reservas/{id},5.246713,200,success,
1789926888.771584,GET,GET /api/v1/reservas,5.467517,200,success,
1789926888.829047,GET,GET /api/v1/reservas/{id},5.220323,200,success,
1789926888.848017,GET,GET /api/v1/reservas,7.592809,200,success,
1789926888.914033,GET,GET /api/v1/reservas,8.603952,200,success,
1789926888.930037,GET,GET /api/v1/reservas,6.613484,200,success,
1789926888.931184,GET,GET /api/v1/reservas/{id},4.111541,200,success,
1789926888.981218,GET,GET /api/v1/reservas/{id},5.835255,200,success,
1789926889.016364,GET,GET /api/v1/reservas,8.712837,200,success,
1789926889.019808,GET,GET /api/v1/reservas/{id},6.181640,200,success,
1789926889.133205,GET,GET /api/v1/reservas,7.913645,200,success,
1789926889.186181,GET,GET /api/v1/reservas/{id},6.660276,200,success,
1789926889.204534,GET,GET /api/v1/reservas,8.923185,200,success,
1789926889.245532,GET,GET /api/v1/reservas,9.521672,200,success,
1789926889.259774,GET,GET /api/v1/reservas,8.849442,200,success,
1789926889.311790,GET,GET /api/v1/reservas,7.606038,200,success,
1789926889.336708,GET,GET /api/v1/reservas,7.568651,200,success,
1789926889.351481,GET,GET /api/v1/reservas,6.458629,200,success,
1789926889.376916,GET,GET /api/v1/reservas,7.074012,200,success,
1789926889.415198,GET,GET /api/v1/reservas,7.914867,200,success,
1789926889.505454,GET,GET /api/v1/reservas/{id},6.360311,200,success,
1789926889.511309,GET,GET /api/v1/reservas,7.006179,200,success,
1789926889.512347,GET,GET /api/v1/reservas/{id},5.681531,200,success,
1789926889.556755,GET,GET /api/v1/reservas/{id},6.019894,200,success,
1789926889.582214,GET,GET /api/v1/reservas,8.083833,200,success,
1789926889.621441,GET,GET /api/v1/reservas,7.811851,200,success,
1789926889.713840,GET,GET /api/v1/reservas/{id},6.054217,200,success,
1789926889.751549,GET,GET /api/v1/reservas/{id},6.452780,200,success,
1789926889.754904,GET,GET /api/v1/reservas/{id},4.791322,200,success,
1789926889.831636,GET,GET /api/v1/reservas/{id},6.482716,200,success,
1789926889.995817,GET,GET /api/v1/reservas/{id},4.930303,200,success,
1789926890.027480,GET,GET /api/v1/reservas,7.286404,200,success,
1789926890.030261,GET,GET /api/v1/reservas,7.277420,200,success,
1789926890.079632,GET,GET /api/v1/reservas/{id},6.102920,200,success,
1789926890.107128,GET,GET /api/v1/reservas,6.151603,200,success,
1789926890.260159,GET,GET /api/v1/reservas,6.575556,200,success,
1789926890.280785,GET,GET /api/v1/reservas,6.308791,200,success,
1789926890.286317,GET,GET /api/v1/reservas,5.289687,200,success,
1789926890.373896,GET,GET /api/v1/reservas/{id},12.736885,200,success,
1789926890.374285,GET,GET /api/v1/reservas/{id},12.580848,200,success,
1789926890.418639,GET,GET /api/v1/reservas,7.042825,200,success,
1789926890.491641,GET,GET /api/v1/reservas,6.624861,200,success,
1789926890.528794,GET,GET /api/v1/reservas,6.776191,200,success,
1789926890.575416,GET,GET /api/v1/reservas/{id},5.339664,200,success,
1789926890.612193,GET,GET /api/v1/reservas,7.395409,200,success,
1789926890.614724,GET,GET /api/v1/reservas,6.114297,200,success,
1789926890.718145,GET,GET /api/v1/reservas,6.991726,200,success,
1789926890.738432,GET,GET /api/v1/reservas,6.939407,200,success,
1789926890.743049,GET,GET /api/v1/reservas,6.721158,200,success,
1789926890.747249,GET,GET /api/v1/reservas,5.534759,200,success,
1789926890.797659,GET,GET /api/v1/reservas,7.032629,200,success,
1789926890.810058,GET,GET /api/v1/reservas,6.034287,200,success,
1789926890.876941,GET,GET /api/v1/reservas,6.529918,200,success,
1789926890.987844,GET,GET /api/v1/reservas,6.448373,200,success,
1789926891.007632,GET,GET /api/v1/reservas/{id},4.510027,200,success,
1789926891.024107,GET,GET /api/v1/reservas,6.131333,200,success,
1789926891.031438,GET,GET /api/v1/reservas,6.000205,200,success,
1789926891.075525,GET,GET /api/v1/reservas,6.752184,200,success,
1789926891.097626,GET,GET /api/v1/reservas,5.792630,200,success,
1789926891.116432,GET,GET /api/v1/reservas,6.482916,200,success,
1789926891.125287,GET,GET /api/v1/reservas,5.530032,200,success,
1789926891.135571,GET,GET /api/v1/reservas,5.968746,200,success,
1789926891.165789,GET,GET /api/v1/reservas/{id},4.997474,200,success,
1789926891.325769,GET,GET /api/v1/reservas/{id},5.599277,200,success,
1789926891.424305,GET,GET /api/v1/reservas,6.603528,200,success,
1789926891.463402,GET,GET /api/v1/reservas/{id},6.289192,200,success,
1789926891.464138,GET,GET /api/v1/reservas,5.989338,200,success,
1789926891.512183,GET,GET /api/v1/reservas,6.722950,200,success,
1789926891.520305,GET,GET /api/v1/reservas,5.850718,200,success,
1789926891.543200,GET,GET /api/v1/reservas,6.878536,200,success,
1789926891.662035,GET,GET /api/v1/reservas/{id},5.463971,200,success,
1789926891.685314,GET,GET /api/v1/reservas,5.983630,200,success,
1789926891.744468,GET,GET /api/v1/reservas,6.791314,200,success,
1789926891.825272,GET,GET /api/v1/reservas,7.409761,200,success,
1789926891.825720,GET,GET /api/v1/reservas/{id},5.085198,200,success,
1789926891.877537,GET,GET /api/v1/reservas/{id},5.077306,200,success,
1789926891.878048,GET,GET /api/v1/reservas,6.021256,200,success,
1789926891.887465,GET,GET /api/v1/reservas,5.142124,200,success,
1789926891.911811,GET,GET /api/v1/reservas/{id},6.090821,200,success,
1789926891.938997,GET,GET /api/v1/reservas,6.802881,200,success,
1789926891.944226,GET,GET /api/v1/reservas,6.119826,200,success,
1789926891.962565,GET,GET /api/v1/reservas,6.054757,200,success,
1789926892.009843,GET,GET /api/v1/reservas/{id},6.025974,200,success,
1789926892.045868,GET,GET /api/v1/reservas,6.663270,200,success,
1789926892.046351,GET,GET /api/v1/reservas,6.667706,200,success,
1789926892.143534,GET,GET /api/v1/reservas,6.790432,200,success,
1789926892.159409,GET,GET /api/v1/reservas/{id},4.657088,200,success,
1789926892.295565,GET,GET /api/v1/reservas/{id},5.815885,200,success,
1789926892.475737,GET,GET /api/v1/reservas,6.684401,200,success,
1789926892.509673,GET,GET /api/v1/reservas,6.598160,200,success,
1789926892.519276,GET,GET /api/v1/reservas,6.294430,200,success,
1789926892.587048,GET,GET /api/v1/reservas,6.687976,200,success,
1789926892.619036,GET,GET /api/v1/reservas,6.614997,200,success,
1789926892.646205,GET,GET /api/v1/reservas,7.693120,200,success,
1789926892.688053,GET,GET /api/v1/reservas,6.475685,200,success,
1789926892.702955,GET,GET /api/v1/reservas,5.612767,200,success,
1789926892.762084,GET,GET /api/v1/reservas,6.735999,200,success,
1789926892.772335,GET,GET /api/v1/reservas/{id},4.072172,200,success,
1789926892.789929,GET,GET /api/v1/reservas,6.272067,200,success,
1789926892.831820,GET,GET /api/v1/reservas,6.536837,200,success,
1789926892.873515,GET,GET /api/v1/reservas,6.307991,200,success,
1789926892.914555,GET,GET /api/v1/reservas,7.640010,200,success,
1789926892.915588,GET,GET /api/v1/reservas,5.841613,200,success,
1789926892.926845,GET,GET /api/v1/reservas,5.959573,200,success,
1789926892.936647,GET,GET /api/v1/reservas,5.472574,200,success,
1789926893.066574,GET,GET /api/v1/reservas/{id},5.598045,200,success,
1789926893.068877,GET,GET /api/v1/reservas/{id},4.033124,200,success,
1789926893.116880,GET,GET /api/v1/reservas,6.666694,200,success,
1789926893.185761,GET,GET /api/v1/reservas,6.521734,200,success,
1789926893.213032,GET,GET /api/v1/reservas,6.927440,200,success,
1789926893.231217,GET,GET /api/v1/reservas,8.822081,200,success,
1789926893.244305,GET,GET /api/v1/reservas,7.772030,200,success,
1789926893.263877,GET,GET /api/v1/reservas/{id},5.318942,200,success,
1789926893.323270,GET,GET /api/v1/reservas/{id},6.105774,200,success,
1789926893.357384,GET,GET /api/v1/reservas,13.698002,200,success,
1789926893.366079,GET,GET /api/v1/reservas/{id},5.473966,200,success,
1789926893.394023,GET,GET /api/v1/reservas/{id},7.001963,200,success,
1789926893.395759,GET,GET /api/v1/reservas,9.052963,200,success,
1789926893.399490,GET,GET /api/v1/reservas,8.142632,200,success,
1789926893.433829,GET,GET /api/v1/reservas,18.878354,200,success,
1789926893.470170,GET,GET /api/v1/reservas/{id},5.538835,200,success,
1789926893.627108,GET,GET /api/v1/reservas,6.554104,200,success,
1789926893.681757,GET,GET /api/v1/reservas/{id},6.394703,200,success,
1789926893.699801,GET,GET /api/v1/reservas,6.703792,200,success,
1789926893.720707,GET,GET /api/v1/reservas,6.576539,200,success,
1789926893.739629,GET,GET /api/v1/reservas,6.599021,200,success,
1789926893.776655,GET,GET /api/v1/reservas/{id},4.793325,200,success,
1789926893.816860,GET,GET /api/v1/reservas,20.854368,200,success,
1789926893.841041,GET,GET /api/v1/reservas/{id},5.892161,200,success,
1789926893.965867,GET,GET /api/v1/reservas,6.514824,200,success,
1789926894.060272,GET,GET /api/v1/reservas,7.018568,200,success,
1789926894.142499,GET,GET /api/v1/reservas,10.219390,200,success,
1789926894.145728,GET,GET /api/v1/reservas,7.509333,200,success,
1789926894.166093,GET,GET /api/v1/reservas,8.002950,200,success,
1789926894.167135,GET,GET /api/v1/reservas/{id},5.360615,200,success,
1789926894.241263,GET,GET /api/v1/reservas,7.707953,200,success,
1789926894.301198,GET,GET /api/v1/reservas,6.559472,200,success,
1789926894.318421,GET,GET /api/v1/reservas,6.898607,200,success,
1789926894.335873,GET,GET /api/v1/reservas,6.135529,200,success,
1789926894.342149,GET,GET /api/v1/reservas,4.988972,200,success,
1789926894.445026,GET,GET /api/v1/reservas,6.447061,200,success,
1789926894.480207,GET,GET /api/v1/reservas,5.846090,200,success,
1789926894.563479,GET,GET /api/v1/reservas/{id},5.238509,200,success,
1789926894.639432,GET,GET /api/v1/reservas,6.530718,200,success,
1789926894.677647,GET,GET /api/v1/reservas,5.875185,200,success,
1789926894.688725,GET,GET /api/v1/reservas,4.811713,200,success,
1789926894.698550,GET,GET /api/v1/reservas,4.571859,200,success,
1789926894.792650,GET,GET /api/v1/reservas,6.739836,200,success,
1789926894.820574,GET,GET /api/v1/reservas,6.537909,200,success,
1789926894.878431,GET,GET /api/v1/reservas/{id},5.588441,200,success,
1789926894.879216,GET,GET /api/v1/reservas,5.779570,200,success,
1789926894.921540,GET,GET /api/v1/reservas,6.976754,200,success,
1789926894.971346,GET,GET /api/v1/reservas,6.471458,200,success,
1789926894.985113,GET,GET /api/v1/reservas,5.434737,200,success,
1789926895.151195,GET,GET /api/v1/reservas,6.571659,200,success,
1789926895.163418,GET,GET /api/v1/reservas/{id},3.986663,200,success,
1789926895.182419,GET,GET /api/v1/reservas,5.661261,200,success,
1789926895.185408,GET,GET /api/v1/reservas,4.955381,200,success,
1789926895.218338,GET,GET /api/v1/reservas/{id},6.689900,200,success,
1789926895.245764,GET,GET /api/v1/reservas,8.037512,200,success,
1789926895.251457,GET,GET /api/v1/reservas,6.693295,200,success,
1789926895.281592,GET,GET /api/v1/reservas,7.700543,200,success,
1789926895.374839,GET,GET /api/v1/reservas,6.871946,200,success,
1789926895.397616,GET,GET /api/v1/reservas/{id},4.548574,200,success,
1789926895.411594,GET,GET /api/v1/reservas/{id},4.756419,200,success,
1789926895.425963,GET,GET /api/v1/reservas,6.063291,200,success,
1789926895.465223,GET,GET /api/v1/reservas,6.476997,200,success,
1789926895.523340,GET,GET /api/v1/reservas,6.763010,200,success,
1789926895.530975,GET,GET /api/v1/reservas/{id},4.433389,200,success,
1789926895.572603,GET,GET /api/v1/reservas,6.290404,200,success,
1789926895.593637,GET,GET /api/v1/reservas,5.704277,200,success,
1789926895.621500,GET,GET /api/v1/reservas,6.544008,200,success,
1789926895.638326,GET,GET /api/v1/reservas,6.509417,200,success,
1789926895.647316,GET,GET /api/v1/reservas,5.683214,200,success,
1789926895.688956,GET,GET /api/v1/reservas,6.339048,200,success,
1789926895.698132,GET,GET /api/v1/reservas,4.901991,200,success,
1789926895.755352,GET,GET /api/v1/reservas,7.868215,200,success,
1789926895.876164,GET,GET /api/v1/reservas/{id},6.456065,200,success,
1789926895.908318,GET,GET /api/v1/reservas,8.754339,200,success,
1789926895.942329,GET,GET /api/v1/reservas/{id},6.685203,200,success,
1789926895.967327,GET,GET /api/v1/reservas,7.601841,200,success,
1789926895.991239,GET,GET /api/v1/reservas,9.518006,200,success,
1789926896.130895,GET,GET /api/v1/reservas/{id},5.244389,200,success,
1789926896.158679,GET,GET /api/v1/reservas,6.416956,200,success,
1789926896.160078,GET,GET /api/v1/reservas,5.049814,200,success,
1789926896.184588,GET,GET /api/v1/reservas/{id},4.313067,200,success,
1789926896.246875,GET,GET /api/v1/reservas,6.902813,200,success,
1789926896.268841,GET,GET /api/v1/reservas,5.669493,200,success,
1789926896.282362,GET,GET /api/v1/reservas,5.085107,200,success,
1789926896.436356,GET,GET /api/v1/reservas,7.009194,200,success,
1789926896.472209,GET,GET /api/v1/reservas,11.441172,200,success,
1789926896.506168,GET,GET /api/v1/reservas,9.531157,200,success,
1789926896.529820,GET,GET /api/v1/reservas,11.190872,200,success,
1789926896.553462,GET,GET /api/v1/reservas/{id},5.386774,200,success,
1789926896.614575,GET,GET /api/v1/reservas,6.781519,200,success,
1789926896.664473,GET,GET /api/v1/reservas,7.550154,200,success,
1789926896.672644,GET,GET /api/v1/reservas,9.006560,200,success,
1789926896.770177,GET,GET /api/v1/reservas,7.139741,200,success,
1789926896.895490,GET,GET /api/v1/reservas/{id},5.697276,200,success,
1789926896.918147,GET,GET /api/v1/reservas,7.262548,200,success,
1789926896.924761,GET,GET /api/v1/reservas,5.359664,200,success,
1789926896.952381,GET,GET /api/v1/reservas,6.282642,200,success,
1789926896.999776,GET,GET /api/v1/reservas,6.083941,200,success,
1789926897.080570,GET,GET /api/v1/reservas,6.397277,200,success,
1789926897.105892,GET,GET /api/v1/reservas,5.944109,200,success,
1789926897.121383,GET,GET /api/v1/reservas/{id},5.293923,200,success,
1789926897.126608,GET,GET /api/v1/reservas,5.927464,200,success,
1789926897.201517,GET,GET /api/v1/reservas,6.579201,200,success,
1789926897.221611,GET,GET /api/v1/reservas,6.767898,200,success,
1789926897.270611,GET,GET /api/v1/reservas,10.622630,200,success,
1789926897.273089,GET,GET /api/v1/reservas,6.205455,200,success,
1789926897.274012,GET,GET /api/v1/reservas/{id},4.395142,200,success,
1789926897.284071,GET,GET /api/v1/reservas,4.811854,200,success,
1789926897.294220,GET,GET /api/v1/reservas,4.868760,200,success,
1789926897.332263,GET,GET /api/v1/reservas,6.684812,200,success,
1789926897.332688,GET,GET /api/v1/reservas,6.673134,200,success,
1789926897.351616,GET,GET /api/v1/reservas,6.623169,200,success,
1789926897.352429,GET,GET /api/v1/reservas,5.634080,200,success,
1789926897.364722,GET,GET /api/v1/reservas,5.995527,200,success,
1789926897.365234,GET,GET /api/v1/reservas/{id},3.914995,200,success,
1789926897.495428,GET,GET /api/v1/reservas,6.334922,200,success,
1789926897.501337,GET,GET /api/v1/reservas,4.645261,200,success,
1789926897.683731,GET,GET /api/v1/reservas,7.121173,200,success,
1789926897.712336,GET,GET /api/v1/reservas,6.283374,200,success,
1789926897.809362,GET,GET /api/v1/reservas,7.637656,200,success,
1789926897.836169,GET,GET /api/v1/reservas,6.506672,200,success,
1789926897.841376,GET,GET /api/v1/reservas,5.991271,200,success,
1789926897.887489,GET,GET /api/v1/reservas/{id},5.874614,200,success,
1789926897.906808,GET,GET /api/v1/reservas/{id},4.117471,200,success,
1789926898.028737,GET,GET /api/v1/reservas,6.476546,200,success,
1789926898.066079,GET,GET /api/v1/reservas,9.183189,200,success,
1789926898.071003,GET,GET /api/v1/reservas/{id},4.779194,200,success,
1789926898.141025,GET,GET /api/v1/reservas,6.629618,200,success,
1789926898.164950,GET,GET /api/v1/reservas/{id},4.704451,200,success,
1789926898.221045,GET,GET /api/v1/reservas/{id},5.804979,200,success,
1789926898.260188,GET,GET /api/v1/reservas/{id},4.887056,200,success,
1789926898.299712,GET,GET /api/v1/reservas,6.201760,200,success,
1789926898.313514,GET,GET /api/v1/reservas/{id},5.590964,200,success,
1789926898.333072,GET,GET /api/v1/reservas/{id},5.339253,200,success,
1789926898.333972,GET,GET /api/v1/reservas,5.670295,200,success,
1789926898.368131,GET,GET /api/v1/reservas/{id},4.924323,200,success,
1789926898.404235,GET,GET /api/v1/reservas,7.752560,200,success,
1789926898.411144,GET,GET /api/v1/reservas,7.786712,200,success,
1789926898.513737,GET,GET /api/v1/reservas,8.115680,200,success,
1789926898.560359,GET,GET /api/v1/reservas,7.446616,200,success,
1789926898.563764,GET,GET /api/v1/reservas,6.014016,200,success,
1789926898.591921,GET,GET /api/v1/reservas,6.866658,200,success,
1789926898.608013,GET,GET /api/v1/reservas,5.762834,200,success,
1789926898.621908,GET,GET /api/v1/reservas/{id},6.762660,200,success,
1789926898.723860,GET,GET /api/v1/reservas,7.557966,200,success,
1789926898.764635,GET,GET /api/v1/reservas,10.349207,200,success,
1789926898.804465,GET,GET /api/v1/reservas,6.463767,200,success,
1789926898.847064,GET,GET /api/v1/reservas/{id},5.323078,200,success,
1789926898.893577,GET,GET /api/v1/reservas,6.199386,200,success,
1789926899.092269,GET,GET /api/v1/reservas,7.618347,200,success,
1789926899.092512,GET,GET /api/v1/reservas,8.420292,200,success,
1789926899.095299,GET,GET /api/v1/reservas,4.968280,200,success,
1789926899.159034,GET,GET /api/v1/reservas/{id},5.471503,200,success,
1789926899.210357,GET,GET /api/v1/reservas,6.017620,200,success,
1789926899.210587,GET,GET /api/v1/reservas,8.215342,200,success,
1789926899.222354,GET,GET /api/v1/reservas/{id},4.597068,200,success,
1789926899.267780,GET,GET /api/v1/reservas,6.067677,200,success,
1789926899.279346,GET,GET /api/v1/reservas,5.184238,200,success,
1789926899.298615,GET,GET /api/v1/reservas,6.920650,200,success,
1789926899.345141,GET,GET /api/v1/reservas,8.125125,200,success,
1789926899.369912,GET,GET /api/v1/reservas,6.463317,200,success,
1789926899.387130,GET,GET /api/v1/reservas,8.903746,200,success,
1789926899.459847,GET,GET /api/v1/reservas,7.749857,200,success,
1789926899.510681,GET,GET /api/v1/reservas/{id},5.545504,200,success,
1789926899.545254,GET,GET /api/v1/reservas,7.062214,200,success,
1789926899.553205,GET,GET /api/v1/reservas/{id},4.756829,200,success,
1789926899.553525,GET,GET /api/v1/reservas/{id},4.754537,200,success,
1789926899.595740,GET,GET /api/v1/reservas/{id},5.990189,200,success,
1789926899.596254,GET,GET /api/v1/reservas,5.951631,200,success,
1789926899.649299,GET,GET /api/v1/reservas,7.696736,200,success,
1789926899.649856,GET,GET /api/v1/reservas,7.798880,200,success,
1789926899.650270,GET,GET /api/v1/reservas,5.844578,200,success,
1789926899.687004,GET,GET /api/v1/reservas,7.785500,200,success,
1789926899.779855,GET,GET /api/v1/reservas,6.438219,200,success,
1789926899.826879,GET,GET /api/v1/reservas,6.633934,200,success,
1789926899.842489,GET,GET /api/v1/reservas,6.299307,200,success,
1789926899.946457,GET,GET /api/v1/reservas,6.579052,200,success,
1789926899.969810,GET,GET /api/v1/reservas,6.008577,200,success,
1789926900.007739,GET,GET /api/v1/reservas,7.562322,200,success,
1789926900.038937,GET,GET /api/v1/reservas,6.791023,200,success,
1789926900.043803,GET,GET /api/v1/reservas,5.730506,200,success,
1789926900.070348,GET,GET /api/v1/reservas/{id},5.321195,200,success,
1789926900.089032,GET,GET /api/v1/reservas,6.324284,200,success,
1789926900.137218,GET,GET /api/v1/reservas,6.817524,200,success,
1789926900.174163,GET,GET /api/v1/reservas,6.597179,200,success,
1789926900.185831,GET,GET /api/v1/reservas,6.376274,200,success,
1789926900.205451,GET,GET /api/v1/reservas,6.299308,200,success,
1789926900.247131,GET,GET /api/v1/reservas,7.313265,200,success,
1789926900.430623,GET,GET /api/v1/reservas,6.982432,200,success,
1789926900.437065,GET,GET /api/v1/reservas,6.145675,200,success,
1789926900.452610,GET,GET /api/v1/reservas,6.223452,200,success,
1789926900.604771,GET,GET /api/v1/reservas,6.924195,200,success,
1789926900.610311,GET,GET /api/v1/reservas,6.508525,200,success,
1789926900.689051,GET,GET /api/v1/reservas,6.384317,200,success,
1789926900.701734,GET,GET /api/v1/reservas,5.371221,200,success,
1789926900.796616,GET,GET /api/v1/reservas,6.469626,200,success,
1789926900.803752,GET,GET /api/v1/reservas/{id},3.932389,200,success,
1789926900.809115,GET,GET /api/v1/reservas/{id},4.151242,200,success,
1789926900.834424,GET,GET /api/v1/reservas,5.981796,200,success,
1789926900.883779,GET,GET /api/v1/reservas/{id},5.116806,200,success,
1789926900.891185,GET,GET /api/v1/reservas,5.118559,200,success,
1789926900.938643,GET,GET /api/v1/reservas/{id},5.208274,200,success,
1789926901.046853,GET,GET /api/v1/reservas,6.825936,200,success,
1789926901.131792,GET,GET /api/v1/reservas,6.548204,200,success,
1789926901.307811,GET,GET /api/v1/reservas,6.538301,200,success,
1789926901.335773,GET,GET /api/v1/reservas,6.594095,200,success,
1789926901.361070,GET,GET /api/v1/reservas/{id},5.055453,200,success,
1789926901.506361,GET,GET /api/v1/reservas,7.918182,200,success,
1789926901.510877,GET,GET /api/v1/reservas/{id},4.386629,200,success,
1789926901.524531,GET,GET /api/v1/reservas,6.367191,200,success,
1789926901.584286,GET,GET /api/v1/reservas,7.164679,200,success,
1789926901.584811,GET,GET /api/v1/reservas,8.201000,200,success,
1789926901.683569,GET,GET /api/v1/reservas,6.370936,200,success,
1789926901.750469,GET,GET /api/v1/reservas,6.546803,200,success,
1789926901.790359,GET,GET /api/v1/reservas,6.519482,200,success,
1789926901.795351,GET,GET /api/v1/reservas,4.775508,200,success,
1789926901.803486,GET,GET /api/v1/reservas,4.849431,200,success,
1789926901.805881,GET,GET /api/v1/reservas/{id},3.684115,200,success,
1789926901.831334,GET,GET /api/v1/reservas,6.119185,200,success,
1789926901.866670,GET,GET /api/v1/reservas,6.046214,200,success,
1789926901.883470,GET,GET /api/v1/reservas,5.503903,200,success,
1789926901.905968,GET,GET /api/v1/reservas/{id},4.288099,200,success,
1789926901.912458,GET,GET /api/v1/reservas,5.206161,200,success,
1789926901.955080,GET,GET /api/v1/reservas,6.268421,200,success,
1789926901.998705,GET,GET /api/v1/reservas,6.286108,200,success,
1789926902.008881,GET,GET /api/v1/reservas/{id},3.991930,200,success,
1789926902.024758,GET,GET /api/v1/reservas/{id},4.665632,200,success,
1789926902.028063,GET,GET /api/v1/reservas,5.171369,200,success,
1789926902.046322,GET,GET /api/v1/reservas,5.942656,200,success,
1789926902.052562,GET,GET /api/v1/reservas,4.952136,200,success,
1789926902.114217,GET,GET /api/v1/reservas,7.277290,200,success,
1789926902.137792,GET,GET /api/v1/reservas/{id},5.336017,200,success,
1789926902.148458,GET,GET /api/v1/reservas/{id},4.459690,200,success,
1789926902.273517,GET,GET /api/v1/reservas,6.688328,200,success,
1789926902.323308,GET,GET /api/v1/reservas,7.407507,200,success,
1789926902.356483,GET,GET /api/v1/reservas/{id},5.893373,200,success,
1789926902.392201,GET,GET /api/v1/reservas,6.351026,200,success,
1789926902.441386,GET,GET /api/v1/reservas,6.840788,200,success,
1789926902.542120,GET,GET /api/v1/reservas/{id},5.743476,200,success,
1789926902.647840,GET,GET /api/v1/reservas,6.286498,200,success,
1789926902.654767,GET,GET /api/v1/reservas,4.650469,200,success,
1789926902.662887,GET,GET /api/v1/reservas,4.818194,200,success,
1789926902.731872,GET,GET /api/v1/reservas,6.631911,200,success,
1789926902.764413,GET,GET /api/v1/reservas,6.213287,200,success,
1789926902.879371,GET,GET /api/v1/reservas,6.559863,200,success,
1789926902.894323,GET,GET /api/v1/reservas,5.609182,200,success,
1789926902.972414,GET,GET /api/v1/reservas,6.715688,200,success,
1789926903.014799,GET,GET /api/v1/reservas,7.053532,200,success,
1789926903.045675,GET,GET /api/v1/reservas,6.498731,200,success,
1789926903.078328,GET,GET /api/v1/reservas,6.314702,200,success,
1789926903.090594,GET,GET /api/v1/reservas,5.942368,200,success,
1789926903.100279,GET,GET /api/v1/reservas,5.386504,200,success,
1789926903.183739,GET,GET /api/v1/reservas/{id},5.179460,200,success,
1789926903.221316,GET,GET /api/v1/reservas/{id},6.231805,200,success,
1789926903.221887,GET,GET /api/v1/reservas,5.949818,200,success,
1789926903.224029,GET,GET /api/v1/reservas,5.464212,200,success,
1789926903.230322,GET,GET /api/v1/reservas/{id},4.114346,200,success,
1789926903.295890,GET,GET /api/v1/reservas,7.185351,200,success,
1789926903.296724,GET,GET /api/v1/reservas,5.217879,200,success,
1789926903.369646,GET,GET /api/v1/reservas,6.545632,200,success,
1789926903.400078,GET,GET /api/v1/reservas,7.933225,200,success,
1789926903.433131,GET,GET /api/v1/reservas,23.652259,200,success,
1789926903.484205,GET,GET /api/v1/reservas,6.191294,200,success,
1789926903.515025,GET,GET /api/v1/reservas,17.433223,200,success,
1789926903.524742,GET,GET /api/v1/reservas,5.441267,200,success,
1789926903.595160,GET,GET /api/v1/reservas,8.285068,200,success,
1789926903.613292,GET,GET /api/v1/reservas,8.068279,200,success,
1789926903.631763,GET,GET /api/v1/reservas,9.999146,200,success,
1789926903.632258,GET,GET /api/v1/reservas,6.107938,200,success,
1789926903.673609,GET,GET /api/v1/reservas/{id},6.113045,200,success,
1789926903.769385,GET,GET /api/v1/reservas,8.296425,200,success,
1789926903.893656,GET,GET /api/v1/reservas,6.818564,200,success,
1789926903.913626,GET,GET /api/v1/reservas,7.604696,200,success,
1789926903.965061,GET,GET /api/v1/reservas/{id},5.178669,200,success,
1789926904.057923,GET,GET /api/v1/reservas,6.486662,200,success,
1789926904.069670,GET,GET /api/v1/reservas,5.427247,200,success,
1789926904.095876,GET,GET /api/v1/reservas,5.877278,200,success,
1789926904.179991,GET,GET /api/v1/reservas,6.712164,200,success,
1789926904.196284,GET,GET /api/v1/reservas,5.981907,200,success,
1789926904.229753,GET,GET /api/v1/reservas,7.108534,200,success,
1789926904.297678,GET,GET /api/v1/reservas,6.547073,200,success,
1789926904.471357,GET,GET /api/v1/reservas,11.171503,200,success,
1789926904.509620,GET,GET /api/v1/reservas,10.855765,200,success,
1789926904.534354,GET,GET /api/v1/reservas,8.288082,200,success,
1789926904.561952,GET,GET /api/v1/reservas,7.509483,200,success,
1789926904.572215,GET,GET /api/v1/reservas/{id},7.043015,200,success,
1789926904.595337,GET,GET /api/v1/reservas,7.772130,200,success,
1789926904.606029,GET,GET /api/v1/reservas,6.378467,200,success,
1789926904.635215,GET,GET /api/v1/reservas,6.856393,200,success,
1789926904.738570,GET,GET /api/v1/reservas,6.918857,200,success,
1789926904.784927,GET,GET /api/v1/reservas,12.307514,200,success,
1789926904.785637,GET,GET /api/v1/reservas,13.690210,200,success,
1789926904.787232,GET,GET /api/v1/reservas/{id},4.721087,200,success,
1789926904.806592,GET,GET /api/v1/reservas/{id},5.130967,200,success,
1789926904.857169,GET,GET /api/v1/reservas/{id},5.318752,200,success,
1789926904.863894,GET,GET /api/v1/reservas,5.417432,200,success,
1789926904.885723,GET,GET /api/v1/reservas/{id},4.626963,200,success,
1789926904.913180,GET,GET /api/v1/reservas/{id},5.225681,200,success,
1789926904.976892,GET,GET /api/v1/reservas,7.311663,200,success,
1789926905.026224,GET,GET /api/v1/reservas/{id},5.089204,200,success,
1789926905.059776,GET,GET /api/v1/reservas/{id},5.295826,200,success,
1789926905.091234,GET,GET /api/v1/reservas/{id},5.231269,200,success,
1789926905.109626,GET,GET /api/v1/reservas/{id},4.171673,200,success,
1789926905.129459,GET,GET /api/v1/reservas,6.525380,200,success,
1789926905.243257,GET,GET /api/v1/reservas,7.372375,200,success,
1789926905.268252,GET,GET /api/v1/reservas/{id},5.738628,200,success,
1789926905.300286,GET,GET /api/v1/reservas,6.686534,200,success,
1789926905.424488,GET,GET /api/v1/reservas,6.739664,200,success,
1789926905.435865,GET,GET /api/v1/reservas,6.023589,200,success,
1789926905.445820,GET,GET /api/v1/reservas,7.609894,200,success,
1789926905.453272,GET,GET /api/v1/reservas,5.685517,200,success,
1789926905.472778,GET,GET /api/v1/reservas,5.194112,200,success,
1789926905.491962,GET,GET /api/v1/reservas/{id},3.989887,200,success,
1789926905.513921,GET,GET /api/v1/reservas,5.681351,200,success,
1789926905.545654,GET,GET /api/v1/reservas/{id},6.493672,200,success,
1789926905.555693,GET,GET /api/v1/reservas,7.770208,200,success,
1789926905.655885,GET,GET /api/v1/reservas,7.833954,200,success,
1789926905.662173,GET,GET /api/v1/reservas/{id},8.186918,200,success,
1789926905.741066,GET,GET /api/v1/reservas,6.031993,200,success,
1789926905.741486,GET,GET /api/v1/reservas,7.040140,200,success,
1789926905.768206,GET,GET /api/v1/reservas/{id},3.892690,200,success,
1789926905.768956,GET,GET /api/v1/reservas,6.233048,200,success,
1789926905.802378,GET,GET /api/v1/reservas/{id},4.238584,200,success,
1789926905.823128,GET,GET /api/v1/reservas,6.378618,200,success,
1789926905.891821,GET,GET /api/v1/reservas,6.360670,200,success,
1789926905.946468,GET,GET /api/v1/reservas,6.284056,200,success,
1789926906.029277,GET,GET /api/v1/reservas,6.461734,200,success,
1789926906.053528,GET,GET /api/v1/reservas/{id},5.999513,200,success,
1789926906.110569,GET,GET /api/v1/reservas,8.625483,200,success,
1789926906.164719,GET,GET /api/v1/reservas,8.477619,200,success,
1789926906.277771,GET,GET /api/v1/reservas/{id},5.702412,200,success,
1789926906.339312,GET,GET /api/v1/reservas,6.062559,200,success,
1789926906.339528,GET,GET /api/v1/reservas,8.424349,200,success,
1789926906.470116,GET,GET /api/v1/reservas,6.725914,200,success,
1789926906.475789,GET,GET /api/v1/reservas,5.481850,200,success,
1789926906.480253,GET,GET /api/v1/reservas,5.279793,200,success,
1789926906.492626,GET,GET /api/v1/reservas,5.065427,200,success,
1789926906.532580,GET,GET /api/v1/reservas,6.592592,200,success,
1789926906.657481,GET,GET /api/v1/reservas,7.686170,200,success,
1789926906.695183,GET,GET /api/v1/reservas/{id},8.435386,200,success,
1789926906.719554,GET,GET /api/v1/reservas/{id},6.279608,200,success,
1789926906.720219,GET,GET /api/v1/reservas,7.720741,200,success,
1789926906.725799,GET,GET /api/v1/reservas,7.111729,200,success,
1789926906.848621,GET,GET /api/v1/reservas,9.316440,200,success,
1789926906.878777,GET,GET /api/v1/reservas,6.751694,200,success,
1789926906.890343,GET,GET /api/v1/reservas/{id},4.207267,200,success,
1789926906.891533,GET,GET /api/v1/reservas/{id},7.155075,200,success,
1789926906.895264,GET,GET /api/v1/reservas,11.175579,200,success,
1789926906.928347,GET,GET /api/v1/reservas,6.728608,200,success,
1789926906.946695,GET,GET /api/v1/reservas,5.992152,200,success,
1789926906.973942,GET,GET /api/v1/reservas,6.934561,200,success,
1789926907.119668,GET,GET /api/v1/reservas/{id},5.343009,200,success,
1789926907.139164,GET,GET /api/v1/reservas,6.167118,200,success,
1789926907.245058,GET,GET /api/v1/reservas,6.467573,200,success,
1789926907.310727,GET,GET /api/v1/reservas/{id},5.417241,200,success,
1789926907.329048,GET,GET /api/v1/reservas,6.968672,200,success,
1789926907.353693,GET,GET /api/v1/reservas,6.329925,200,success,
1789926907.403792,GET,GET /api/v1/reservas,6.766697,200,success,
1789926907.482936,GET,GET /api/v1/reservas/{id},5.338753,200,success,
1789926907.526542,GET,GET /api/v1/reservas,7.167544,200,success,
1789926907.528830,GET,GET /api/v1/reservas,5.668441,200,success,
1789926907.579833,GET,GET /api/v1/reservas,7.855807,200,success,
1789926907.628850,GET,GET /api/v1/reservas/{id},5.726368,200,success,
1789926907.676792,GET,GET /api/v1/reservas/{id},5.679238,200,success,
1789926907.680519,GET,GET /api/v1/reservas/{id},4.561664,200,success,
1789926907.722738,GET,GET /api/v1/reservas,6.850934,200,success,
1789926907.822237,GET,GET /api/v1/reservas/{id},6.221790,200,success,
1789926907.826893,GET,GET /api/v1/reservas,5.896227,200,success,
1789926907.988096,GET,GET /api/v1/reservas,6.749099,200,success,
1789926907.991819,GET,GET /api/v1/reservas/{id},4.710149,200,success,
1789926908.052036,GET,GET /api/v1/reservas,6.846307,200,success,
1789926908.063805,GET,GET /api/v1/reservas,9.465266,200,success,
1789926908.065213,GET,GET /api/v1/reservas/{id},6.107067,200,success,
1789926908.108078,GET,GET /api/v1/reservas,6.472008,200,success,
1789926908.143172,GET,GET /api/v1/reservas,6.738333,200,success,
1789926908.208214,GET,GET /api/v1/reservas,6.652783,200,success,
1789926908.278897,GET,GET /api/v1/reservas,6.318968,200,success,
1789926908.285017,GET,GET /api/v1/reservas,4.829479,200,success,
1789926908.325005,GET,GET /api/v1/reservas,6.649759,200,success,
1789926908.358427,GET,GET /api/v1/reservas/{id},5.154573,200,success,
1789926908.364512,GET,GET /api/v1/reservas/{id},3.876336,200,success,
1789926908.386078,GET,GET /api/v1/reservas,5.237208,200,success,
1789926908.418842,GET,GET /api/v1/reservas/{id},6.511670,200,success,
1789926908.481001,GET,GET /api/v1/reservas,6.751223,200,success,
1789926908.489474,GET,GET /api/v1/reservas,5.164838,200,success,
1789926908.516809,GET,GET /api/v1/reservas,6.999309,200,success,
1789926908.526089,GET,GET /api/v1/reservas,5.944861,200,success,
1789926908.584069,GET,GET /api/v1/reservas,7.825602,200,success,
1789926908.589704,GET,GET /api/v1/reservas,6.513973,200,success,
1789926908.650473,GET,GET /api/v1/reservas,6.420442,200,success,
1789926908.810481,GET,GET /api/v1/reservas,6.529627,200,success,
1789926908.867042,GET,GET /api/v1/reservas,10.564201,200,success,
1789926908.867660,GET,GET /api/v1/reservas,11.825573,200,success,
1789926908.880598,GET,GET /api/v1/reservas,7.573560,200,success,
1789926908.920203,GET,GET /api/v1/reservas,7.302197,200,success,
1789926908.991448,GET,GET /api/v1/reservas,10.825809,200,success,
1789926909.006700,GET,GET /api/v1/reservas,8.902964,200,success,
1789926909.021740,GET,GET /api/v1/reservas/{id},7.770728,200,success,
1789926909.066373,GET,GET /api/v1/reservas/{id},9.291724,200,success,
1789926909.066975,GET,GET /api/v1/reservas,7.885802,200,success,
1789926909.118030,GET,GET /api/v1/reservas,7.664177,200,success,
1789926909.139236,GET,GET /api/v1/reservas,6.849833,200,success,
1789926909.230175,GET,GET /api/v1/reservas,6.533993,200,success,
1789926909.318192,GET,GET /api/v1/reservas,6.619913,200,success,
1789926909.431121,GET,GET /api/v1/reservas,6.559973,200,success,
1789926909.475517,GET,GET /api/v1/reservas,6.560714,200,success,
1789926909.551166,GET,GET /api/v1/reservas,7.229969,200,success,
1789926909.584728,GET,GET /api/v1/reservas/{id},5.319713,200,success,
1789926909.616507,GET,GET /api/v1/reservas,7.431584,200,success,
1789926909.625071,GET,GET /api/v1/reservas/{id},6.341953,200,success,
1789926909.663327,GET,GET /api/v1/reservas/{id},5.962026,200,success,
1789926909.708082,GET,GET /api/v1/reservas,7.317561,200,success,
1789926909.719834,GET,GET /api/v1/reservas,7.324151,200,success,
1789926909.766725,GET,GET /api/v1/reservas,8.484379,200,success,
1789926909.808080,GET,GET /api/v1/reservas,7.937000,200,success,
1789926909.827905,GET,GET /api/v1/reservas/{id},8.528867,200,success,
1789926909.852972,GET,GET /api/v1/reservas/{id},6.752744,200,success,
1789926909.868907,GET,GET /api/v1/reservas,7.556874,200,success,
1789926909.928627,GET,GET /api/v1/reservas,6.331116,200,success,
1789926910.020824,GET,GET /api/v1/reservas,6.805555,200,success,
1789926910.057336,GET,GET /api/v1/reservas,6.121849,200,success,
1789926910.122216,GET,GET /api/v1/reservas/{id},5.603342,200,success,
1789926910.173745,GET,GET /api/v1/reservas/{id},5.269767,200,success,
1789926910.252760,GET,GET /api/v1/reservas/{id},5.201114,200,success,
1789926910.253548,GET,GET /api/v1/reservas,6.469957,200,success,
1789926910.341689,GET,GET /api/v1/reservas,6.765064,200,success,
1789926910.346254,GET,GET /api/v1/reservas,5.533787,200,success,
1789926910.354142,GET,GET /api/v1/reservas/{id},4.712162,200,success,
1789926910.361117,GET,GET /api/v1/reservas,7.913565,200,success,
1789926910.385525,GET,GET /api/v1/reservas,6.033816,200,success,
1789926910.435922,GET,GET /api/v1/reservas/{id},5.138638,200,success,
1789926910.484389,GET,GET /api/v1/reservas,6.132084,200,success,
1789926910.600206,GET,GET /api/v1/reservas,6.189482,200,success,
1789926910.600582,GET,GET /api/v1/reservas,7.090968,200,success,
1789926910.616605,GET,GET /api/v1/reservas,5.777998,200,success,
1789926910.633567,GET,GET /api/v1/reservas,6.608926,200,success,
1789926910.695629,GET,GET /api/v1/reservas,6.727938,200,success,
1789926910.713768,GET,GET /api/v1/reservas,5.804037,200,success,
1789926910.879875,GET,GET /api/v1/reservas,6.649067,200,success,
1789926910.919765,GET,GET /api/v1/reservas,7.547300,200,success,
1789926910.945511,GET,GET /api/v1/reservas,6.424517,200,success,
1789926911.000830,GET,GET /api/v1/reservas,6.959179,200,success,
1789926911.066662,GET,GET /api/v1/reservas,6.449075,200,success,
1789926911.087593,GET,GET /api/v1/reservas,5.625245,200,success,
1789926911.095798,GET,GET /api/v1/reservas/{id},4.015477,200,success,
1789926911.225129,GET,GET /api/v1/reservas,6.885225,200,success,
1789926911.243593,GET,GET /api/v1/reservas,6.140497,200,success,
1789926911.283686,GET,GET /api/v1/reservas,6.716500,200,success,
1789926911.303383,GET,GET /api/v1/reservas,6.375653,200,success,
1789926911.321815,GET,GET /api/v1/reservas,6.093725,200,success,
1789926911.377685,GET,GET /api/v1/reservas,6.532722,200,success,
1789926911.410905,GET,GET /api/v1/reservas,7.670686,200,success,
1789926911.415470,GET,GET /api/v1/reservas,6.551639,200,success,
1789926911.436404,GET,GET /api/v1/reservas,6.591812,200,success,
1789926911.438062,GET,GET /api/v1/reservas,5.452725,200,success,
1789926911.447674,GET,GET /api/v1/reservas,6.324416,200,success,
1789926911.504044,GET,GET /api/v1/reservas,6.596799,200,success,
1789926911.540951,GET,GET /api/v1/reservas,6.574886,200,success,
1789926911.552369,GET,GET /api/v1/reservas,6.115099,200,success,
1789926911.571204,GET,GET /api/v1/reservas,5.522962,200,success,
1789926911.616151,GET,GET /api/v1/reservas,7.532997,200,success,
1789926911.643955,GET,GET /api/v1/reservas,6.460964,200,success,
1789926911.745240,GET,GET /api/v1/reservas,6.862231,200,success,
1789926911.765365,GET,GET /api/v1/reservas,6.807337,200,success,
1789926911.777641,GET,GET /api/v1/reservas,5.926713,200,success,
1789926911.810144,GET,GET /api/v1/reservas,7.146593,200,success,
1789926911.922207,GET,GET /api/v1/reservas/{id},5.738917,200,success,
1789926911.929066,GET,GET /api/v1/reservas/{id},4.633032,200,success,
1789926911.961331,GET,GET /api/v1/reservas,6.933539,200,success,
1789926911.971457,GET,GET /api/v1/reservas,5.795014,200,success,
1789926912.015299,GET,GET /api/v1/reservas/{id},5.578756,200,success,
1789926912.091841,GET,GET /api/v1/reservas/{id},5.245681,200,success,
1789926912.158826,GET,GET /api/v1/reservas,6.611051,200,success,
1789926912.166462,GET,GET /api/v1/reservas,5.307264,200,success,
1789926912.204549,GET,GET /api/v1/reservas,6.740387,200,success,
1789926912.243608,GET,GET /api/v1/reservas/{id},5.806070,200,success,
1789926912.246526,GET,GET /api/v1/reservas,5.713230,200,success,
1789926912.252418,GET,GET /api/v1/reservas,5.681091,200,success,
1789926912.278864,GET,GET /api/v1/reservas,7.117518,200,success,
1789926912.342813,GET,GET /api/v1/reservas,8.850255,200,success,
1789926912.467031,GET,GET /api/v1/reservas/{id},5.855935,200,success,
1789926912.533796,GET,GET /api/v1/reservas/{id},5.480978,200,success,
1789926912.559165,GET,GET /api/v1/reservas,6.113877,200,success,
1789926912.578883,GET,GET /api/v1/reservas,6.431979,200,success,
1789926912.618968,GET,GET /api/v1/reservas,6.741829,200,success,
1789926912.680915,GET,GET /api/v1/reservas,6.525360,200,success,
1789926912.681359,GET,GET /api/v1/reservas,6.529126,200,success,
1789926912.725417,GET,GET /api/v1/reservas,6.730552,200,success,
1789926912.828336,GET,GET /api/v1/reservas/{id},5.612156,200,success,
1789926912.868291,GET,GET /api/v1/reservas,6.608717,200,success,
1789926912.899570,GET,GET /api/v1/reservas/{id},5.029873,200,success,
1789926913.011406,GET,GET /api/v1/reservas,6.403015,200,success,
1789926913.067247,GET,GET /api/v1/reservas,7.463602,200,success,
1789926913.079136,GET,GET /api/v1/reservas/{id},4.721866,200,success,
1789926913.107901,GET,GET /api/v1/reservas,6.441634,200,success,
1789926913.207257,GET,GET /api/v1/reservas,10.888974,200,success,
1789926913.226215,GET,GET /api/v1/reservas,8.525683,200,success,
1789926913.260916,GET,GET /api/v1/reservas/{id},5.414456,200,success,
1789926913.284730,GET,GET /api/v1/reservas,6.470918,200,success,
1789926913.299236,GET,GET /api/v1/reservas,6.131022,200,success,
1789926913.319970,GET,GET /api/v1/reservas/{id},5.466405,200,success,
1789926913.426070,GET,GET /api/v1/reservas/{id},5.736445,200,success,
1789926913.487051,GET,GET /api/v1/reservas,6.739746,200,success,
1789926913.493413,GET,GET /api/v1/reservas,6.093966,200,success,
1789926913.514014,GET,GET /api/v1/reservas,16.247706,200,success,
1789926913.519430,GET,GET /api/v1/reservas,12.555209,200,success,
1789926913.520633,GET,GET /api/v1/reservas,10.436829,200,success,
1789926913.543411,GET,GET /api/v1/reservas,6.482505,200,success,
1789926913.628513,GET,GET /api/v1/reservas,6.942282,200,success,
1789926913.681633,GET,GET /api/v1/reservas/{id},5.048913,200,success,
1789926913.682256,GET,GET /api/v1/reservas,6.390637,200,success,
1789926913.730344,GET,GET /api/v1/reservas,6.746255,200,success,
1789926913.734557,GET,GET /api/v1/reservas,5.998982,200,success,
1789926913.758320,GET,GET /api/v1/reservas/{id},5.543391,200,success,
1789926913.768576,GET,GET /api/v1/reservas,5.948967,200,success,
1789926913.834548,GET,GET /api/v1/reservas,6.576487,200,success,
1789926913.857690,GET,GET /api/v1/reservas,6.802029,200,success,
1789926913.896578,GET,GET /api/v1/reservas,6.507844,200,success,
1789926913.900049,GET,GET /api/v1/reservas,5.054981,200,success,
1789926913.913478,GET,GET /api/v1/reservas/{id},5.818399,200,success,
1789926913.913999,GET,GET /api/v1/reservas,6.674057,200,success,
1789926913.923334,GET,GET /api/v1/reservas/{id},5.664606,200,success,
1789926913.925918,GET,GET /api/v1/reservas,8.623481,200,success,
1789926913.935999,GET,GET /api/v1/reservas,6.778935,200,success,
1789926913.984029,GET,GET /api/v1/reservas,8.063763,200,success,
1789926913.988185,GET,GET /api/v1/reservas,6.238386,200,success,
1789926913.992570,GET,GET /api/v1/reservas,6.247750,200,success,
1789926913.998455,GET,GET /api/v1/reservas,6.956315,200,success,
1789926914.127655,GET,GET /api/v1/reservas,8.404058,200,success,
1789926914.212286,GET,GET /api/v1/reservas,7.187023,200,success,
1789926914.226308,GET,GET /api/v1/reservas/{id},6.791674,200,success,
1789926914.240979,GET,GET /api/v1/reservas,6.311406,200,success,
1789926914.303971,GET,GET /api/v1/reservas,6.623229,200,success,
1789926914.471797,GET,GET /api/v1/reservas,6.376765,200,success,
1789926914.574780,GET,GET /api/v1/reservas,6.836972,200,success,
1789926914.575100,GET,GET /api/v1/reservas/{id},4.403725,200,success,
1789926914.710661,GET,GET /api/v1/reservas,8.128240,200,success,
1789926914.723874,GET,GET /api/v1/reservas,7.756646,200,success,
1789926914.740550,GET,GET /api/v1/reservas/{id},5.423541,200,success,
1789926914.784689,GET,GET /api/v1/reservas,9.781605,200,success,
1789926914.955374,GET,GET /api/v1/reservas/{id},5.296388,200,success,
1789926915.001950,GET,GET /api/v1/reservas/{id},5.296808,200,success,
1789926915.018045,GET,GET /api/v1/reservas,6.679894,200,success,
1789926915.141227,GET,GET /api/v1/reservas,5.724616,200,success,
1789926915.141695,GET,GET /api/v1/reservas,8.227099,200,success,
1789926915.159195,GET,GET /api/v1/reservas/{id},5.288716,200,success,
1789926915.168646,GET,GET /api/v1/reservas/{id},4.256301,200,success,
1789926915.210598,GET,GET /api/v1/reservas,6.637139,200,success,
1789926915.230428,GET,GET /api/v1/reservas,6.470568,200,success,
1789926915.255115,GET,GET /api/v1/reservas,7.245862,200,success,
1789926915.255619,GET,GET /api/v1/reservas,7.371964,200,success,
1789926915.263317,GET,GET /api/v1/reservas/{id},4.148417,200,success,
1789926915.264450,GET,GET /api/v1/reservas,5.578415,200,success,
1789926915.298465,GET,GET /api/v1/reservas,6.717041,200,success,
1789926915.379072,GET,GET /api/v1/reservas/{id},5.317620,200,success,
1789926915.414762,GET,GET /api/v1/reservas,6.338958,200,success,
1789926915.538761,GET,GET /api/v1/reservas,7.133381,200,success,
1789926915.539208,GET,GET /api/v1/reservas,5.761983,200,success,
1789926915.643692,GET,GET /api/v1/reservas/{id},5.521048,200,success,
1789926915.787698,GET,GET /api/v1/reservas,6.559031,200,success,
1789926915.811651,GET,GET /api/v1/reservas,6.977535,200,success,
1789926915.812078,GET,GET /api/v1/reservas,8.052045,200,success,
1789926915.825247,GET,GET /api/v1/reservas/{id},5.934645,200,success,
1789926915.835759,GET,GET /api/v1/reservas,6.182511,200,success,
1789926915.842151,GET,GET /api/v1/reservas,5.071987,200,success,
1789926915.889132,GET,GET /api/v1/reservas/{id},5.733591,200,success,
1789926915.894850,GET,GET /api/v1/reservas,6.521235,200,success,
1789926915.957366,GET,GET /api/v1/reservas/{id},5.253183,200,success,
1789926916.002442,GET,GET /api/v1/reservas,5.835396,200,success,
1789926916.002702,GET,GET /api/v1/reservas,7.996160,200,success,
1789926916.004730,GET,GET /api/v1/reservas,5.250798,200,success,
1789926916.033237,GET,GET /api/v1/reservas,6.179245,200,success,
1789926916.051601,GET,GET /api/v1/reservas,6.075208,200,success,
1789926916.091333,GET,GET /api/v1/reservas/{id},5.476200,200,success,
1789926916.145435,GET,GET /api/v1/reservas,6.666514,200,success,
1789926916.146464,GET,GET /api/v1/reservas/{id},3.997730,200,success,
1789926916.229247,GET,GET /api/v1/reservas,7.390501,200,success,
1789926916.269594,GET,GET /api/v1/reservas,6.980130,200,success,
1789926916.304203,GET,GET /api/v1/reservas,6.251334,200,success,
1789926916.333357,GET,GET /api/v1/reservas,6.791844,200,success,
1789926916.340799,GET,GET /api/v1/reservas,6.161789,200,success,
1789926916.359403,GET,GET /api/v1/reservas,6.281280,200,success,
1789926916.409735,GET,GET /api/v1/reservas/{id},7.076906,200,success,
1789926916.433161,GET,GET /api/v1/reservas,7.581602,200,success,
1789926916.520695,GET,GET /api/v1/reservas,7.145561,200,success,
1789926916.556252,GET,GET /api/v1/reservas/{id},6.275351,200,success,
1789926916.589710,GET,GET /api/v1/reservas,10.074450,200,success,
1789926916.665133,GET,GET /api/v1/reservas,7.982679,200,success,
1789926916.831000,GET,GET /api/v1/reservas/{id},5.462288,200,success,
1789926916.837949,GET,GET /api/v1/reservas,5.631074,200,success,
1789926916.852422,GET,GET /api/v1/reservas/{id},4.242840,200,success,
1789926916.872772,GET,GET /api/v1/reservas,6.036330,200,success,
1789926917.100215,GET,GET /api/v1/reservas,11.868519,200,success,
1789926917.211614,GET,GET /api/v1/reservas,8.902774,200,success,
1789926917.243953,GET,GET /api/v1/reservas,7.884050,200,success,
1789926917.260508,GET,GET /api/v1/reservas,6.222381,200,success,
1789926917.295376,GET,GET /api/v1/reservas/{id},5.631226,200,success,
1789926917.301363,GET,GET /api/v1/reservas/{id},3.792399,200,success,
1789926917.385291,GET,GET /api/v1/reservas/{id},5.648431,200,success,
1789926917.390484,GET,GET /api/v1/reservas,5.920815,200,success,
1789926917.447687,GET,GET /api/v1/reservas,10.661940,200,success,
1789926917.469292,GET,GET /api/v1/reservas/{id},5.412444,200,success,
1789926917.482309,GET,GET /api/v1/reservas,5.745448,200,success,
1789926917.512505,GET,GET /api/v1/reservas,6.847198,200,success,
1789926917.523877,GET,GET /api/v1/reservas,6.058674,200,success,
1789926917.528953,GET,GET /api/v1/reservas,4.856831,200,success,
1789926917.636618,GET,GET /api/v1/reservas,6.532150,200,success,
1789926917.665510,GET,GET /api/v1/reservas,8.856604,200,success,
1789926917.665931,GET,GET /api/v1/reservas,9.999676,200,success,
1789926917.714733,GET,GET /api/v1/reservas,6.517099,200,success,
1789926917.771859,GET,GET /api/v1/reservas,6.799186,200,success,
1789926917.775483,GET,GET /api/v1/reservas/{id},4.567313,200,success,
1789926917.785801,GET,GET /api/v1/reservas,6.046775,200,success,
1789926917.806197,GET,GET /api/v1/reservas,6.081197,200,success,
1789926917.821265,GET,GET /api/v1/reservas,6.732243,200,success,
1789926917.823372,GET,GET /api/v1/reservas,5.014080,200,success,
1789926917.867831,GET,GET /api/v1/reservas/{id},5.203267,200,success,
1789926917.927815,GET,GET /api/v1/reservas,6.613464,200,success,
1789926918.004717,GET,GET /api/v1/reservas,6.505521,200,success,
1789926918.017131,GET,GET /api/v1/reservas/{id},5.160161,200,success,
1789926918.067523,GET,GET /api/v1/reservas,12.004505,200,success,
1789926918.067735,GET,GET /api/v1/reservas,11.581814,200,success,
1789926918.193524,GET,GET /api/v1/reservas/{id},5.468439,200,success,
1789926918.205022,GET,GET /api/v1/reservas/{id},5.276848,200,success,
1789926918.209804,GET,GET /api/v1/reservas,5.483901,200,success,
1789926918.226295,GET,GET /api/v1/reservas,6.196722,200,success,
1789926918.256844,GET,GET /api/v1/reservas,7.209697,200,success,
1789926918.319520,GET,GET /api/v1/reservas/{id},5.407285,200,success,
1789926918.379005,GET,GET /api/v1/reservas,7.125130,200,success,
1789926918.393277,GET,GET /api/v1/reservas/{id},5.067471,200,success,
1789926918.419934,GET,GET /api/v1/reservas/{id},5.396599,200,success,
1789926918.529120,GET,GET /api/v1/reservas,6.753847,200,success,
1789926918.583933,GET,GET /api/v1/reservas,6.679294,200,success,
1789926918.585063,GET,GET /api/v1/reservas,5.028262,200,success,
1789926918.663959,GET,GET /api/v1/reservas,6.560663,200,success,
1789926918.694319,GET,GET /api/v1/reservas,6.976074,200,success,
1789926918.786302,GET,GET /api/v1/reservas,6.565221,200,success,
1789926918.789933,GET,GET /api/v1/reservas,5.317009,200,success,
1789926918.793569,GET,GET /api/v1/reservas,4.951275,200,success,
1789926918.821355,GET,GET /api/v1/reservas,6.435634,200,success,
1789926918.844486,GET,GET /api/v1/reservas,6.740907,200,success,
1789926918.876550,GET,GET /api/v1/reservas,6.734799,200,success,
1789926918.972272,GET,GET /api/v1/reservas,7.295287,200,success,
1789926918.973722,GET,GET /api/v1/reservas/{id},4.546531,200,success,
1789926919.038691,GET,GET /api/v1/reservas,6.636819,200,success,
1789926919.094523,GET,GET /api/v1/reservas/{id},5.553017,200,success,
1789926919.131518,GET,GET /api/v1/reservas/{id},5.708492,200,success,
1789926919.133590,GET,GET /api/v1/reservas,5.790918,200,success,
1789926919.233429,GET,GET /api/v1/reservas/{id},7.523453,200,success,
1789926919.268274,GET,GET /api/v1/reservas,8.374463,200,success,
1789926919.270167,GET,GET /api/v1/reservas,7.356490,200,success,
1789926919.321596,GET,GET /api/v1/reservas/{id},6.168410,200,success,
1789926919.351934,GET,GET /api/v1/reservas/{id},7.059269,200,success,
1789926919.398814,GET,GET /api/v1/reservas,8.325540,200,success,
1789926919.414834,GET,GET /api/v1/reservas,9.647032,200,success,
1789926919.529845,GET,GET /api/v1/reservas,7.822877,200,success,
1789926919.544649,GET,GET /api/v1/reservas,6.482816,200,success,
1789926919.598712,GET,GET /api/v1/reservas,6.931045,200,success,
1789926919.665787,GET,GET /api/v1/reservas,7.206171,200,success,
1789926919.666261,GET,GET /api/v1/reservas,8.242323,200,success,
1789926919.682049,GET,GET /api/v1/reservas/{id},4.595767,200,success,
1789926919.738706,GET,GET /api/v1/reservas/{id},5.410681,200,success,
1789926919.745068,GET,GET /api/v1/reservas/{id},4.162189,200,success,
1789926919.811699,GET,GET /api/v1/reservas,7.294174,200,success,
1789926919.831633,GET,GET /api/v1/reservas/{id},5.717737,200,success,
1789926919.932063,GET,GET /api/v1/reservas,6.984636,200,success,
1789926919.970757,GET,GET /api/v1/reservas,7.296960,200,success,
1789926919.994193,GET,GET /api/v1/reservas,7.090887,200,success,
1789926920.011556,GET,GET /api/v1/reservas,6.978728,200,success,
1789926920.187587,GET,GET /api/v1/reservas,9.571077,200,success,
1789926920.200512,GET,GET /api/v1/reservas,6.611580,200,success,
1789926920.218514,GET,GET /api/v1/reservas,6.645993,200,success,
1789926920.225457,GET,GET /api/v1/reservas,5.623092,200,success,
1789926920.238433,GET,GET /api/v1/reservas,6.660846,200,success,
1789926920.238860,GET,GET /api/v1/reservas,6.719715,200,success,
1789926920.296130,GET,GET /api/v1/reservas,7.863618,200,success,
1789926920.325511,GET,GET /api/v1/reservas,6.977585,200,success,
1789926920.353375,GET,GET /api/v1/reservas,7.485456,200,success,
1789926920.359817,GET,GET /api/v1/reservas,7.445976,200,success,
1789926920.360535,GET,GET /api/v1/reservas/{id},9.894327,200,success,
1789926920.566256,GET,GET /api/v1/reservas,6.514784,200,success,
1789926920.604979,GET,GET /api/v1/reservas,6.398969,200,success,
1789926920.643687,GET,GET /api/v1/reservas/{id},5.450992,200,success,
1789926920.749752,GET,GET /api/v1/reservas,6.672895,200,success,
1789926920.774026,GET,GET /api/v1/reservas/{id},5.027240,200,success,
1789926920.782228,GET,GET /api/v1/reservas/{id},3.992021,200,success,
1789926920.792958,GET,GET /api/v1/reservas/{id},4.539901,200,success,
1789926920.797733,GET,GET /api/v1/reservas,5.409188,200,success,
1789926920.818439,GET,GET /api/v1/reservas,8.633915,200,success,
1789926920.818908,GET,GET /api/v1/reservas,8.581427,200,success,
1789926920.819266,GET,GET /api/v1/reservas,11.298896,200,success,
1789926920.832881,GET,GET /api/v1/reservas,6.288923,200,success,
1789926920.906636,GET,GET /api/v1/reservas,6.392459,200,success,
1789926920.975517,GET,GET /api/v1/reservas,6.542076,200,success,
1789926921.048671,GET,GET /api/v1/reservas,7.721192,200,success,
1789926921.149912,GET,GET /api/v1/reservas,6.840058,200,success,
1789926921.164842,GET,GET /api/v1/reservas,6.600594,200,success,
1789926921.170641,GET,GET /api/v1/reservas/{id},5.650485,200,success,
1789926921.295961,GET,GET /api/v1/reservas,8.836584,200,success,
1789926921.296665,GET,GET /api/v1/reservas,8.909925,200,success,
1789926921.333689,GET,GET /api/v1/reservas,6.704622,200,success,
1789926921.338788,GET,GET /api/v1/reservas/{id},3.914223,200,success,
1789926921.362827,GET,GET /api/v1/reservas,6.708739,200,success,
1789926921.380193,GET,GET /api/v1/reservas/{id},5.126040,200,success,
1789926921.402602,GET,GET /api/v1/reservas/{id},5.181523,200,success,
1789926921.425621,GET,GET /api/v1/reservas/{id},5.407956,200,success,
1789926921.431020,GET,GET /api/v1/reservas,6.026985,200,success,
1789926921.434456,GET,GET /api/v1/reservas,5.337991,200,success,
1789926921.511240,GET,GET /api/v1/reservas,6.971797,200,success,
1789926921.517338,GET,GET /api/v1/reservas,5.855636,200,success,
1789926921.533591,GET,GET /api/v1/reservas,5.955657,200,success,
1789926921.614151,GET,GET /api/v1/reservas/{id},5.440947,200,success,
1789926921.650421,GET,GET /api/v1/reservas,6.908702,200,success,
1789926921.650838,GET,GET /api/v1/reservas,6.634435,200,success,
1789926921.737972,GET,GET /api/v1/reservas,6.766456,200,success,
1789926921.777510,GET,GET /api/v1/reservas/{id},5.265802,200,success,
1789926921.867340,GET,GET /api/v1/reservas,6.464908,200,success,
1789926922.033352,GET,GET /api/v1/reservas/{id},5.630453,200,success,
1789926922.038797,GET,GET /api/v1/reservas,6.206848,200,success,
1789926922.063768,GET,GET /api/v1/reservas,6.593984,200,success,
1789926922.094789,GET,GET /api/v1/reservas/{id},5.775905,200,success,
1789926922.100065,GET,GET /api/v1/reservas,5.945071,200,success,
1789926922.123233,GET,GET /api/v1/reservas,6.808729,200,success,
1789926922.193620,GET,GET /api/v1/reservas,7.024838,200,success,
1789926922.224839,GET,GET /api/v1/reservas,6.853068,200,success,
1789926922.309377,GET,GET /api/v1/reservas,7.148916,200,success,
1789926922.316448,GET,GET /api/v1/reservas,6.777633,200,success,
1789926922.333709,GET,GET /api/v1/reservas/{id},5.018075,200,success,
1789926922.338309,GET,GET /api/v1/reservas,5.719460,200,success,
1789926922.380329,GET,GET /api/v1/reservas,7.650825,200,success,
1789926922.391387,GET,GET /api/v1/reservas/{id},4.837953,200,success,
1789926922.412323,GET,GET /api/v1/reservas,8.613116,200,success,
1789926922.449963,GET,GET /api/v1/reservas,6.316364,200,success,
1789926922.508962,GET,GET /api/v1/reservas,6.660755,200,success,
1789926922.540538,GET,GET /api/v1/reservas/{id},5.304840,200,success,
1789926922.602695,GET,GET /api/v1/reservas/{id},5.133781,200,success,
1789926922.673190,GET,GET /api/v1/reservas,7.119039,200,success,
1789926922.675665,GET,GET /api/v1/reservas/{id},4.798684,200,success,
1789926922.676537,GET,GET /api/v1/reservas/{id},4.339607,200,success,
1789926922.758313,GET,GET /api/v1/reservas,5.609663,200,success,
1789926922.758700,GET,GET /api/v1/reservas,8.274312,200,success,
1789926922.758873,GET,GET /api/v1/reservas,9.019100,200,success,
1789926922.802147,GET,GET /api/v1/reservas,6.956685,200,success,
1789926922.875156,GET,GET /api/v1/reservas,6.652402,200,success,
1789926922.952844,GET,GET /api/v1/reservas/{id},5.393826,200,success,
1789926922.975372,GET,GET /api/v1/reservas,6.212136,200,success,
1789926923.020232,GET,GET /api/v1/reservas,7.480228,200,success,
1789926923.084021,GET,GET /api/v1/reservas,6.398939,200,success,
1789926923.113922,GET,GET /api/v1/reservas,6.981623,200,success,
1789926923.114526,GET,GET /api/v1/reservas,8.153659,200,success,
1789926923.160149,GET,GET /api/v1/reservas,7.251761,200,success,
1789926923.188316,GET,GET /api/v1/reservas,6.782310,200,success,
1789926923.211965,GET,GET /api/v1/reservas,7.309169,200,success,
1789926923.212503,GET,GET /api/v1/reservas,5.937009,200,success,
1789926923.234692,GET,GET /api/v1/reservas,6.871425,200,success,
1789926923.235229,GET,GET /api/v1/reservas,6.923464,200,success,
1789926923.280518,GET,GET /api/v1/reservas,8.969045,200,success,
1789926923.287147,GET,GET /api/v1/reservas,6.364196,200,success,
1789926923.323118,GET,GET /api/v1/reservas,6.593414,200,success,
1789926923.339697,GET,GET /api/v1/reservas/{id},5.358041,200,success,
1789926923.340254,GET,GET /api/v1/reservas,5.365423,200,success,
1789926923.426773,GET,GET /api/v1/reservas,8.920550,200,success,
1789926923.427162,GET,GET /api/v1/reservas,8.639294,200,success,
1789926923.454069,GET,GET /api/v1/reservas,5.615331,200,success,
1789926923.461081,GET,GET /api/v1/reservas,5.744898,200,success,
1789926923.465486,GET,GET /api/v1/reservas,5.163757,200,success,
1789926923.473830,GET,GET /api/v1/reservas/{id},5.138979,200,success,
1789926923.625182,GET,GET /api/v1/reservas/{id},5.257339,200,success,
1789926923.695204,GET,GET /api/v1/reservas,6.669399,200,success,
1789926923.758128,GET,GET /api/v1/reservas,6.549566,200,success,
1789926923.879222,GET,GET /api/v1/reservas/{id},5.756504,200,success,
1789926923.911558,GET,GET /api/v1/reservas,6.953509,200,success,
1789926924.087703,GET,GET /api/v1/reservas,6.697171,200,success,
1789926924.101651,GET,GET /api/v1/reservas/{id},4.707856,200,success,
1789926924.142684,GET,GET /api/v1/reservas,6.679063,200,success,
1789926924.246001,GET,GET /api/v1/reservas,6.916734,200,success,
1789926924.255708,GET,GET /api/v1/reservas/{id},5.485425,200,success,
1789926924.274940,GET,GET /api/v1/reservas,7.843919,200,success,
1789926924.299111,GET,GET /api/v1/reservas/{id},7.623885,200,success,
1789926924.331882,GET,GET /api/v1/reservas/{id},6.497938,200,success,
1789926924.357702,GET,GET /api/v1/reservas,7.990811,200,success,
1789926924.358338,GET,GET /api/v1/reservas,9.140494,200,success,
1789926924.401223,GET,GET /api/v1/reservas,7.531345,200,success,
1789926924.502718,GET,GET /api/v1/reservas,7.055494,200,success,
1789926924.533343,GET,GET /api/v1/reservas,7.239503,200,success,
1789926924.539235,GET,GET /api/v1/reservas,5.634870,200,success,
1789926924.576329,GET,GET /api/v1/reservas/{id},4.126355,200,success,
1789926924.577006,GET,GET /api/v1/reservas,6.576988,200,success,
1789926924.717425,GET,GET /api/v1/reservas,6.993510,200,success,
1789926924.732120,GET,GET /api/v1/reservas,6.381012,200,success,
1789926924.744122,GET,GET /api/v1/reservas,6.685963,200,success,
1789926924.842099,GET,GET /api/v1/reservas,6.545100,200,success,
1789926924.865858,GET,GET /api/v1/reservas,6.395203,200,success,
1789926924.871182,GET,GET /api/v1/reservas,6.138454,200,success,
1789926924.894765,GET,GET /api/v1/reservas,6.261611,200,success,
1789926924.942611,GET,GET /api/v1/reservas,6.521816,200,success,
1789926924.961129,GET,GET /api/v1/reservas,6.200477,200,success,
1789926924.977334,GET,GET /api/v1/reservas,8.470008,200,success,
1789926924.977901,GET,GET /api/v1/reservas,9.023276,200,success,
1789926925.057882,GET,GET /api/v1/reservas,7.475601,200,success,
1789926925.082411,GET,GET /api/v1/reservas/{id},6.236232,200,success,
1789926925.090831,GET,GET /api/v1/reservas,6.127588,200,success,
1789926925.141305,GET,GET /api/v1/reservas,9.099331,200,success,
1789926925.252923,GET,GET /api/v1/reservas,10.179579,200,success,
1789926925.313699,GET,GET /api/v1/reservas,7.258962,200,success,
1789926925.339599,GET,GET /api/v1/reservas/{id},5.617944,200,success,
1789926925.397223,GET,GET /api/v1/reservas,6.984245,200,success,
1789926925.410271,GET,GET /api/v1/reservas,6.715278,200,success,
1789926925.416161,GET,GET /api/v1/reservas,5.671266,200,success,
1789926925.458201,GET,GET /api/v1/reservas,6.668136,200,success,
1789926925.475410,GET,GET /api/v1/reservas,5.907304,200,success,
1789926925.534321,GET,GET /api/v1/reservas/{id},5.649212,200,success,
1789926925.576871,GET,GET /api/v1/reservas/{id},5.074742,200,success,
1789926925.577249,GET,GET /api/v1/reservas/{id},5.942257,200,success,
1789926925.617363,GET,GET /api/v1/reservas,7.742205,200,success,
1789926925.641249,GET,GET /api/v1/reservas,6.543828,200,success,
1789926925.662530,GET,GET /api/v1/reservas/{id},4.672262,200,success,
1789926925.663493,GET,GET /api/v1/reservas,5.932711,200,success,
1789926925.695166,GET,GET /api/v1/reservas,6.365909,200,success,
1789926925.851684,GET,GET /api/v1/reservas,7.033561,200,success,
1789926925.855856,GET,GET /api/v1/reservas/{id},4.047264,200,success,
1789926925.886898,GET,GET /api/v1/reservas/{id},4.809210,200,success,
1789926925.970974,GET,GET /api/v1/reservas,6.706134,200,success,
1789926926.030754,GET,GET /api/v1/reservas,6.419110,200,success,
1789926926.052097,GET,GET /api/v1/reservas,5.040570,200,success,
1789926926.090592,GET,GET /api/v1/reservas,6.141048,200,success,
1789926926.120064,GET,GET /api/v1/reservas,6.130271,200,success,
1789926926.170830,GET,GET /api/v1/reservas,6.448214,200,success,
1789926926.185610,GET,GET /api/v1/reservas,5.489430,200,success,
1789926926.210660,GET,GET /api/v1/reservas/{id},4.820267,200,success,
1789926926.233186,GET,GET /api/v1/reservas/{id},4.326447,200,success,
1789926926.241536,GET,GET /api/v1/reservas,5.028703,200,success,
1789926926.264050,GET,GET /api/v1/reservas,6.185205,200,success,
1789926926.360031,GET,GET /api/v1/reservas,6.549668,200,success,
1789926926.398574,GET,GET /api/v1/reservas,6.225575,200,success,
1789926926.492643,GET,GET /api/v1/reservas,6.266779,200,success,
1789926926.520693,GET,GET /api/v1/reservas,6.715940,200,success,
1789926926.535627,GET,GET /api/v1/reservas/{id},4.705722,200,success,
1789926926.613152,GET,GET /api/v1/reservas,7.397533,200,success,
1789926926.647015,GET,GET /api/v1/reservas,6.479830,200,success,
1789926926.708122,GET,GET /api/v1/reservas/{id},6.821319,200,success,
1789926926.713364,GET,GET /api/v1/reservas,7.139311,200,success,
1789926926.720286,GET,GET /api/v1/reservas,7.784719,200,success,
1789926926.766372,GET,GET /api/v1/reservas,8.721209,200,success,
1789926926.806286,GET,GET /api/v1/reservas/{id},5.640019,200,success,
1789926926.901167,GET,GET /api/v1/reservas/{id},8.015019,200,success,
1789926926.926205,GET,GET /api/v1/reservas,7.644818,200,success,
1789926926.940411,GET,GET /api/v1/reservas,6.816441,200,success,
1789926926.961271,GET,GET /api/v1/reservas/{id},10.532233,200,success,
1789926927.073203,GET,GET /api/v1/reservas,10.378210,200,success,
1789926927.095037,GET,GET /api/v1/reservas,6.400490,200,success,
1789926927.127684,GET,GET /api/v1/reservas/{id},5.378823,200,success,
1789926927.317967,GET,GET /api/v1/reservas,8.195983,200,success,
1789926927.318667,GET,GET /api/v1/reservas,9.421240,200,success,
1789926927.399143,GET,GET /api/v1/reservas,8.041357,200,success,
1789926927.402968,GET,GET /api/v1/reservas,6.402183,200,success,
1789926927.411182,GET,GET /api/v1/reservas,6.857945,200,success,
1789926927.426533,GET,GET /api/v1/reservas,7.940124,200,success,
1789926927.434857,GET,GET /api/v1/reservas,7.013180,200,success,
1789926927.442724,GET,GET /api/v1/reservas,8.749521,200,success,
1789926927.533762,GET,GET /api/v1/reservas/{id},5.221714,200,success,
1789926927.556437,GET,GET /api/v1/reservas,6.323535,200,success,
1789926927.577504,GET,GET /api/v1/reservas,5.839580,200,success,
1789926927.607224,GET,GET /api/v1/reservas,6.380571,200,success,
1789926927.651847,GET,GET /api/v1/reservas,7.264300,200,success,
1789926927.693402,GET,GET /api/v1/reservas,6.710861,200,success,
1789926927.693897,GET,GET /api/v1/reservas,7.699349,200,success,
1789926927.792066,GET,GET /api/v1/reservas,6.839986,200,success,
1789926927.828466,GET,GET /api/v1/reservas,7.051508,200,success,
1789926927.828884,GET,GET /api/v1/reservas,5.682423,200,success,
1789926927.939942,GET,GET /api/v1/reservas,6.655077,200,success,
1789926927.952388,GET,GET /api/v1/reservas,7.104988,200,success,
1789926927.954464,GET,GET /api/v1/reservas,4.999708,200,success,
1789926927.971895,GET,GET /api/v1/reservas,6.152957,200,success,
1789926927.972883,GET,GET /api/v1/reservas/{id},4.496114,200,success,
1789926928.019971,GET,GET /api/v1/reservas,6.736772,200,success,
1789926928.069978,GET,GET /api/v1/reservas,9.571647,200,success,
1789926928.073206,GET,GET /api/v1/reservas,6.685794,200,success,
1789926928.122307,GET,GET /api/v1/reservas,6.782168,200,success,
1789926928.142713,GET,GET /api/v1/reservas,7.022504,200,success,
1789926928.177450,GET,GET /api/v1/reservas,7.333626,200,success,
1789926928.179543,GET,GET /api/v1/reservas,5.527528,200,success,
1789926928.271600,GET,GET /api/v1/reservas,7.650637,200,success,
1789926928.334721,GET,GET /api/v1/reservas,6.718564,200,success,
1789926928.399553,GET,GET /api/v1/reservas,6.484517,200,success,
1789926928.431813,GET,GET /api/v1/reservas,6.929082,200,success,
1789926928.541772,GET,GET /api/v1/reservas,6.570318,200,success,
1789926928.551514,GET,GET /api/v1/reservas,5.455559,200,success,
1789926928.595017,GET,GET /api/v1/reservas,7.357511,200,success,
1789926928.641325,GET,GET /api/v1/reservas,6.942773,200,success,
1789926928.693325,GET,GET /api/v1/reservas,6.650711,200,success,
1789926928.782575,GET,GET /api/v1/reservas,6.815471,200,success,
1789926928.790227,GET,GET /api/v1/reservas,6.359830,200,success,
1789926928.808605,GET,GET /api/v1/reservas,7.066912,200,success,
1789926928.903738,GET,GET /api/v1/reservas,7.690537,200,success,
1789926928.906553,GET,GET /api/v1/reservas,5.704726,200,success,
1789926928.992805,GET,GET /api/v1/reservas,6.876333,200,success,
1789926929.115003,GET,GET /api/v1/reservas,6.780968,200,success,
1789926929.196817,GET,GET /api/v1/reservas,6.441664,200,success,
1789926929.205292,GET,GET /api/v1/reservas/{id},4.284513,200,success,
1789926929.211120,GET,GET /api/v1/reservas,5.561550,200,success,
1789926929.307360,GET,GET /api/v1/reservas,6.871495,200,success,
1789926929.329668,GET,GET /api/v1/reservas,6.959839,200,success,
1789926929.333736,GET,GET /api/v1/reservas,5.153481,200,success,
1789926929.358376,GET,GET /api/v1/reservas/{id},6.431368,200,success,
1789926929.396849,GET,GET /api/v1/reservas,7.097367,200,success,
1789926929.432887,GET,GET /api/v1/reservas,6.679554,200,success,
1789926929.479353,GET,GET /api/v1/reservas,7.645758,200,success,
1789926929.489568,GET,GET /api/v1/reservas,5.868655,200,success,
1789926929.518760,GET,GET /api/v1/reservas,6.784654,200,success,
1789926929.547912,GET,GET /api/v1/reservas,7.788054,200,success,
1789926929.562155,GET,GET /api/v1/reservas,6.873818,200,success,
1789926929.610514,GET,GET /api/v1/reservas,7.242878,200,success,
1789926929.627513,GET,GET /api/v1/reservas/{id},5.735153,200,success,
1789926929.644069,GET,GET /api/v1/reservas/{id},5.311090,200,success,
1789926929.648570,GET,GET /api/v1/reservas,5.982869,200,success,
1789926929.652039,GET,GET /api/v1/reservas/{id},4.198615,200,success,
1789926929.661781,GET,GET /api/v1/reservas,5.450471,200,success,
1789926929.761564,GET,GET /api/v1/reservas,7.398884,200,success,
1789926929.815497,GET,GET /api/v1/reservas,7.555271,200,success,
1789926929.819868,GET,GET /api/v1/reservas/{id},6.087006,200,success,
1789926929.826865,GET,GET /api/v1/reservas,5.700921,200,success,
1789926929.832872,GET,GET /api/v1/reservas/{id},4.804492,200,success,
1789926929.849774,GET,GET /api/v1/reservas,7.587300,200,success,
1789926929.897541,GET,GET /api/v1/reservas,6.440132,200,success,
1789926929.906199,GET,GET /api/v1/reservas,5.355707,200,success,
1789926929.919142,GET,GET /api/v1/reservas,6.626043,200,success,
1789926929.936327,GET,GET /api/v1/reservas,5.854494,200,success,
1789926929.974344,GET,GET /api/v1/reservas,6.675749,200,success,
1789926929.985469,GET,GET /api/v1/reservas,5.821814,200,success,
1789926930.054767,GET,GET /api/v1/reservas,6.940119,200,success,
1789926930.193721,GET,GET /api/v1/reservas,6.508285,200,success,
1789926930.199705,GET,GET /api/v1/reservas/{id},3.785308,200,success,
1789926930.212007,GET,GET /api/v1/reservas,5.913222,200,success,
1789926930.237014,GET,GET /api/v1/reservas,7.657266,200,success,
1789926930.541805,GET,GET /api/v1/reservas,7.217310,200,success,
1789926930.545410,GET,GET /api/v1/reservas/{id},4.941870,200,success,
1789926930.575920,GET,GET /api/v1/reservas/{id},4.616147,200,success,
1789926930.588117,GET,GET /api/v1/reservas,4.916993,200,success,
1789926930.597146,GET,GET /api/v1/reservas,5.765109,200,success,
1789926930.711771,GET,GET /api/v1/reservas/{id},5.316679,200,success,
1789926930.731747,GET,GET /api/v1/reservas/{id},4.765342,200,success,
1789926930.795819,GET,GET /api/v1/reservas,6.693865,200,success,
1789926930.805940,GET,GET /api/v1/reservas,5.809175,200,success,
1789926930.949532,GET,GET /api/v1/reservas/{id},5.239641,200,success,
1789926930.987041,GET,GET /api/v1/reservas,7.118539,200,success,
1789926930.989017,GET,GET /api/v1/reservas,5.237168,200,success,
1789926931.055011,GET,GET /api/v1/reservas,6.631321,200,success,
1789926931.114608,GET,GET /api/v1/reservas,8.232549,200,success,
1789926931.161362,GET,GET /api/v1/reservas/{id},5.450501,200,success,
1789926931.175839,GET,GET /api/v1/reservas/{id},5.235235,200,success,
1789926931.177865,GET,GET /api/v1/reservas,5.368637,200,success,
1789926931.375760,GET,GET /api/v1/reservas,6.541936,200,success,
1789926931.385677,GET,GET /api/v1/reservas,5.648742,200,success,
1789926931.395362,GET,GET /api/v1/reservas,5.419745,200,success,
1789926931.494895,GET,GET /api/v1/reservas,9.135566,200,success,
1789926931.496716,GET,GET /api/v1/reservas,6.994772,200,success,
1789926931.497229,GET,GET /api/v1/reservas,6.760216,200,success,
1789926931.574771,GET,GET /api/v1/reservas/{id},5.290759,200,success,
1789926931.617931,GET,GET /api/v1/reservas,6.821499,200,success,
1789926931.637585,GET,GET /api/v1/reservas,6.312588,200,success,
1789926931.663061,GET,GET /api/v1/reservas,6.157723,200,success,
1789926931.669054,GET,GET /api/v1/reservas/{id},3.812048,200,success,
1789926931.767602,GET,GET /api/v1/reservas,7.149536,200,success,
1789926931.775199,GET,GET /api/v1/reservas,5.280172,200,success,
1789926931.868341,GET,GET /api/v1/reservas,6.779826,200,success,
1789926931.889882,GET,GET /api/v1/reservas/{id},5.305361,200,success,
1789926931.890517,GET,GET /api/v1/reservas,5.435568,200,success,
1789926931.923693,GET,GET /api/v1/reservas,6.855601,200,success,
1789926931.994275,GET,GET /api/v1/reservas,7.184399,200,success,
1789926932.025359,GET,GET /api/v1/reservas,6.735919,200,success,
1789926932.203141,GET,GET /api/v1/reservas,7.219462,200,success,
1789926932.302618,GET,GET /api/v1/reservas,7.040821,200,success,
1789926932.306014,GET,GET /api/v1/reservas,5.473276,200,success,
1789926932.463453,GET,GET /api/v1/reservas/{id},5.151739,200,success,
1789926932.472426,GET,GET /api/v1/reservas,5.667611,200,success,
1789926932.478363,GET,GET /api/v1/reservas,4.669458,200,success,
1789926932.499993,GET,GET /api/v1/reservas,8.302363,200,success,
1789926932.512175,GET,GET /api/v1/reservas,5.897018,200,success,
1789926932.546266,GET,GET /api/v1/reservas,6.732945,200,success,
1789926932.552753,GET,GET /api/v1/reservas,5.178419,200,success,
1789926932.559038,GET,GET /api/v1/reservas,4.988271,200,success,
1789926932.590468,GET,GET /api/v1/reservas,5.391131,200,success,
1789926932.590885,GET,GET /api/v1/reservas,7.738259,200,success,
1789926932.713687,GET,GET /api/v1/reservas/{id},7.520919,200,success,
1789926932.768866,GET,GET /api/v1/reservas,6.808621,200,success,
1789926932.805121,GET,GET /api/v1/reservas/{id},5.951661,200,success,
1789926932.815911,GET,GET /api/v1/reservas/{id},5.548780,200,success,
1789926932.850844,GET,GET /api/v1/reservas,6.489034,200,success,
1789926932.878826,GET,GET /api/v1/reservas,6.645573,200,success,
1789926932.897418,GET,GET /api/v1/reservas,6.266078,200,success,
1789926932.906695,GET,GET /api/v1/reservas,4.968511,200,success,
1789926932.998263,GET,GET /api/v1/reservas,7.152401,200,success,
1789926933.058230,GET,GET /api/v1/reservas,6.592542,200,success,
1789926933.067557,GET,GET /api/v1/reservas,4.983924,200,success,
1789926933.079864,GET,GET /api/v1/reservas/{id},4.147036,200,success,
1789926933.091280,GET,GET /api/v1/reservas/{id},4.205836,200,success,
1789926933.128388,GET,GET /api/v1/reservas,6.746685,200,success,
1789926933.142290,GET,GET /api/v1/reservas,6.575116,200,success,
1789926933.200973,GET,GET /api/v1/reservas,6.328442,200,success,
1789926933.353327,GET,GET /api/v1/reservas,6.881980,200,success,
1789926933.401524,GET,GET /api/v1/reservas,9.788366,200,success,
1789926933.533499,GET,GET /api/v1/reservas/{id},6.171103,200,success,
1789926933.568075,GET,GET /api/v1/reservas,6.197814,200,success,
1789926933.600178,GET,GET /api/v1/reservas/{id},5.190057,200,success,
1789926933.676180,GET,GET /api/v1/reservas,7.654512,200,success,
1789926933.676588,GET,GET /api/v1/reservas,7.620070,200,success,
1789926933.757111,GET,GET /api/v1/reservas,7.153993,200,success,
1789926933.759838,GET,GET /api/v1/reservas/{id},5.097396,200,success,
1789926933.826066,GET,GET /api/v1/reservas,17.789433,200,success,
1789926933.826513,GET,GET /api/v1/reservas,17.664875,200,success,
1789926933.847429,GET,GET /api/v1/reservas/{id},6.722790,200,success,
1789926933.869972,GET,GET /api/v1/reservas,9.226485,200,success,
1789926933.923036,GET,GET /api/v1/reservas,6.619012,200,success,
1789926933.973122,GET,GET /api/v1/reservas,6.684271,200,success,
1789926933.986250,GET,GET /api/v1/reservas,5.806571,200,success,
1789926933.993263,GET,GET /api/v1/reservas,5.712298,200,success,
1789926934.021182,GET,GET /api/v1/reservas,6.545321,200,success,
1789926934.072941,GET,GET /api/v1/reservas,7.386235,200,success,
1789926934.073391,GET,GET /api/v1/reservas,7.395789,200,success,
1789926934.094817,GET,GET /api/v1/reservas,6.148349,200,success,
1789926934.114212,GET,GET /api/v1/reservas,6.069690,200,success,
1789926934.127532,GET,GET /api/v1/reservas,5.986615,200,success,
1789926934.130435,GET,GET /api/v1/reservas,5.202725,200,success,
1789926934.143184,GET,GET /api/v1/reservas/{id},5.541248,200,success,
1789926934.183269,GET,GET /api/v1/reservas,6.721788,200,success,
1789926934.183791,GET,GET /api/v1/reservas,5.522470,200,success,
1789926934.219827,GET,GET /api/v1/reservas,6.734668,200,success,
1789926934.266306,GET,GET /api/v1/reservas/{id},6.200588,200,success,
1789926934.266803,GET,GET /api/v1/reservas,6.172135,200,success,
1789926934.489312,GET,GET /api/v1/reservas/{id},5.117167,200,success,
1789926934.537256,GET,GET /api/v1/reservas,6.578050,200,success,
1789926934.554776,GET,GET /api/v1/reservas,6.178835,200,success,
1789926934.602754,GET,GET /api/v1/reservas,7.614521,200,success,
1789926934.659507,GET,GET /api/v1/reservas,8.319740,200,success,
1789926934.686827,GET,GET /api/v1/reservas,10.942937,200,success,
1789926934.854798,GET,GET /api/v1/reservas/{id},5.668191,200,success,
1789926934.922907,GET,GET /api/v1/reservas,6.729420,200,success,
1789926934.985780,GET,GET /api/v1/reservas,6.532560,200,success,
1789926935.022326,GET,GET /api/v1/reservas,7.186793,200,success,
1789926935.152184,GET,GET /api/v1/reservas,6.420983,200,success,
1789926935.299227,GET,GET /api/v1/reservas,7.599609,200,success,
1789926935.299726,GET,GET /api/v1/reservas,5.305833,200,success,
1789926935.342658,GET,GET /api/v1/reservas,9.624207,200,success,
1789926935.345279,GET,GET /api/v1/reservas,6.358047,200,success,
1789926935.444825,GET,GET /api/v1/reservas,14.118699,200,success,
1789926935.445969,GET,GET /api/v1/reservas/{id},7.676805,200,success,
1789926935.495754,GET,GET /api/v1/reservas,9.783870,200,success,
1789926935.516000,GET,GET /api/v1/reservas/{id},12.912982,200,success,
1789926935.516603,GET,GET /api/v1/reservas,14.489341,200,success,
1789926935.521083,GET,GET /api/v1/reservas,9.030418,200,success,
1789926935.535009,GET,GET /api/v1/reservas,10.573317,200,success,
1789926935.540483,GET,GET /api/v1/reservas,9.067223,200,success,
1789926935.548603,GET,GET /api/v1/reservas/{id},9.291093,200,success,
1789926935.550868,GET,GET /api/v1/reservas,8.681979,200,success,
1789926935.625793,GET,GET /api/v1/reservas/{id},5.793401,200,success,
1789926935.626251,GET,GET /api/v1/reservas/{id},6.786626,200,success,
1789926935.701136,GET,GET /api/v1/reservas,6.481973,200,success,
1789926935.724225,GET,GET /api/v1/reservas,6.743170,200,success,
1789926935.743465,GET,GET /api/v1/reservas,6.894179,200,success,
1789926935.755163,GET,GET /api/v1/reservas,6.394011,200,success,
1789926935.779093,GET,GET /api/v1/reservas,6.579232,200,success,
1789926935.860930,GET,GET /api/v1/reservas/{id},5.598646,200,success,
1789926935.876828,GET,GET /api/v1/reservas,6.589829,200,success,
1789926935.911211,GET,GET /api/v1/reservas,7.041312,200,success,
1789926935.934297,GET,GET /api/v1/reservas,6.752604,200,success,
1789926935.949488,GET,GET /api/v1/reservas,6.866396,200,success,
1789926935.975023,GET,GET /api/v1/reservas/{id},5.272432,200,success,
1789926936.040166,GET,GET /api/v1/reservas,6.794729,200,success,
1789926936.064355,GET,GET /api/v1/reservas,6.821940,200,success,
1789926936.175872,GET,GET /api/v1/reservas/{id},5.229767,200,success,
1789926936.216520,GET,GET /api/v1/reservas/{id},6.381723,200,success,
1789926936.220573,GET,GET /api/v1/reservas,6.336144,200,success,
1789926936.247275,GET,GET /api/v1/reservas,6.363495,200,success,
1789926936.296912,GET,GET /api/v1/reservas/{id},5.367996,200,success,
1789926936.307642,GET,GET /api/v1/reservas,6.399098,200,success,
1789926936.416161,GET,GET /api/v1/reservas/{id},6.170764,200,success,
1789926936.419390,GET,GET /api/v1/reservas,6.387791,200,success,
1789926936.489860,GET,GET /api/v1/reservas/{id},5.180543,200,success,
1789926936.510547,GET,GET /api/v1/reservas,7.353627,200,success,
1789926936.511067,GET,GET /api/v1/reservas,7.433337,200,success,
1789926936.530223,GET,GET /api/v1/reservas,6.844112,200,success,
1789926936.537763,GET,GET /api/v1/reservas/{id},5.340695,200,success,
1789926936.616102,GET,GET /api/v1/reservas,7.133332,200,success,
1789926936.695803,GET,GET /api/v1/reservas/{id},5.446776,200,success,
1789926936.767448,GET,GET /api/v1/reservas,7.216088,200,success,
1789926936.769619,GET,GET /api/v1/reservas/{id},4.683158,200,success,
1789926936.800308,GET,GET /api/v1/reservas/{id},5.419936,200,success,
1789926936.835716,GET,GET /api/v1/reservas,7.057657,200,success,
1789926936.861201,GET,GET /api/v1/reservas,6.140777,200,success,
1789926936.883762,GET,GET /api/v1/reservas,6.249602,200,success,
1789926936.938714,GET,GET /api/v1/reservas,6.609838,200,success,
1789926937.001913,GET,GET /api/v1/reservas,6.858876,200,success,
1789926937.133200,GET,GET /api/v1/reservas,7.841926,200,success,
1789926937.144217,GET,GET /api/v1/reservas,6.734597,200,success,
1789926937.149682,GET,GET /api/v1/reservas,6.317645,200,success,
1789926937.176967,GET,GET /api/v1/reservas,10.986411,200,success,
1789926937.306751,GET,GET /api/v1/reservas,7.279454,200,success,
1789926937.356892,GET,GET /api/v1/reservas,6.793988,200,success,
1789926937.359392,GET,GET /api/v1/reservas,5.427877,200,success,
1789926937.390150,GET,GET /api/v1/reservas/{id},4.548725,200,success,
1789926937.427794,GET,GET /api/v1/reservas,6.448925,200,success,
1789926937.428004,GET,GET /api/v1/reservas,7.514350,200,success,
1789926937.431182,GET,GET /api/v1/reservas,5.134402,200,success,
1789926937.442717,GET,GET /api/v1/reservas,5.263939,200,success,
1789926937.454297,GET,GET /api/v1/reservas,5.313223,200,success,
1789926937.457549,GET,GET /api/v1/reservas/{id},4.057079,200,success,
1789926937.506138,GET,GET /api/v1/reservas/{id},5.004866,200,success,
1789926937.655687,GET,GET /api/v1/reservas,13.104391,200,success,
1789926937.658176,GET,GET /api/v1/reservas,12.261805,200,success,
1789926937.660260,GET,GET /api/v1/reservas,10.298950,200,success,
1789926937.693859,GET,GET /api/v1/reservas,9.217241,200,success,
1789926937.775153,GET,GET /api/v1/reservas,8.803814,200,success,
1789926937.858157,GET,GET /api/v1/reservas,13.542607,200,success,
1789926937.882264,GET,GET /api/v1/reservas,11.737610,200,success,
1789926937.888751,GET,GET /api/v1/reservas,12.165389,200,success,
1789926937.997757,GET,GET /api/v1/reservas,6.584019,200,success,
1789926938.077081,GET,GET /api/v1/reservas/{id},5.007780,200,success,
1789926938.093537,GET,GET /api/v1/reservas/{id},4.222089,200,success,
1789926938.120895,GET,GET /api/v1/reservas/{id},5.122283,200,success,
1789926938.130894,GET,GET /api/v1/reservas,5.713148,200,success,
1789926938.196760,GET,GET /api/v1/reservas,6.499821,200,success,
1789926938.204259,GET,GET /api/v1/reservas,5.197719,200,success,
1789926938.208192,GET,GET /api/v1/reservas,5.474157,200,success,
1789926938.210171,GET,GET /api/v1/reservas,4.655927,200,success,
1789926938.253083,GET,GET /api/v1/reservas,6.536999,200,success,
1789926938.327914,GET,GET /api/v1/reservas/{id},5.553687,200,success,
1789926938.328654,GET,GET /api/v1/reservas,5.716734,200,success,
1789926938.348067,GET,GET /api/v1/reservas/{id},4.228730,200,success,
1789926938.416797,GET,GET /api/v1/reservas/{id},5.448929,200,success,
1789926938.450941,GET,GET /api/v1/reservas,6.742300,200,success,
1789926938.479042,GET,GET /api/v1/reservas/{id},6.306870,200,success,
1789926938.480022,GET,GET /api/v1/reservas,7.685008,200,success,
1789926938.480405,GET,GET /api/v1/reservas,6.833697,200,success,
1789926938.493348,GET,GET /api/v1/reservas,5.694811,200,success,
1789926938.618701,GET,GET /api/v1/reservas/{id},5.278310,200,success,
1789926938.672478,GET,GET /api/v1/reservas,6.444768,200,success,
1789926938.720813,GET,GET /api/v1/reservas/{id},5.101532,200,success,
1789926938.757325,GET,GET /api/v1/reservas,6.190863,200,success,
1789926938.767972,GET,GET /api/v1/reservas,5.353915,200,success,
1789926938.819707,GET,GET /api/v1/reservas/{id},5.472694,200,success,
1789926938.834391,GET,GET /api/v1/reservas,6.341943,200,success,
1789926938.837228,GET,GET /api/v1/reservas,5.451744,200,success,
1789926938.860030,GET,GET /api/v1/reservas,6.496447,200,success,
1789926938.963535,GET,GET /api/v1/reservas,7.114743,200,success,
1789926938.967216,GET,GET /api/v1/reservas,5.961946,200,success,
1789926938.967628,GET,GET /api/v1/reservas,5.911650,200,success,
1789926939.014714,GET,GET /api/v1/reservas,6.765934,200,success,
1789926939.021416,GET,GET /api/v1/reservas/{id},4.474092,200,success,
1789926939.199018,GET,GET /api/v1/reservas,7.072499,200,success,
1789926939.264934,GET,GET /api/v1/reservas,6.577701,200,success,
1789926939.362730,GET,GET /api/v1/reservas,6.414713,200,success,
1789926939.458481,GET,GET /api/v1/reservas/{id},5.460136,200,success,
1789926939.480602,GET,GET /api/v1/reservas,6.354461,200,success,
1789926939.511305,GET,GET /api/v1/reservas,7.319625,200,success,
1789926939.523021,GET,GET /api/v1/reservas,6.371667,200,success,
1789926939.588258,GET,GET /api/v1/reservas/{id},5.206071,200,success,
1789926939.600326,GET,GET /api/v1/reservas,5.751768,200,success,
1789926939.636580,GET,GET /api/v1/reservas,6.884866,200,success,
1789926939.644251,GET,GET /api/v1/reservas,5.368757,200,success,
1789926939.659786,GET,GET /api/v1/reservas,6.200298,200,success,
1789926939.685424,GET,GET /api/v1/reservas,6.277155,200,success,
1789926939.703611,GET,GET /api/v1/reservas,5.853372,200,success,
1789926939.711684,GET,GET /api/v1/reservas,5.770756,200,success,
1789926939.778368,GET,GET /api/v1/reservas/{id},5.417171,200,success,
1789926939.790087,GET,GET /api/v1/reservas,5.384681,200,success,
1789926939.806786,GET,GET /api/v1/reservas,6.429275,200,success,
1789926939.817368,GET,GET /api/v1/reservas/{id},4.390835,200,success,
1789926939.869221,GET,GET /api/v1/reservas,7.506618,200,success,
1789926939.878808,GET,GET /api/v1/reservas,7.176236,200,success,
1789926939.909728,GET,GET /api/v1/reservas/{id},6.629508,200,success,
1789926939.994761,GET,GET /api/v1/reservas,12.030625,200,success,
1789926940.008249,GET,GET /api/v1/reservas/{id},6.251676,200,success,
1789926940.048175,GET,GET /api/v1/reservas,8.490499,200,success,
1789926940.060336,GET,GET /api/v1/reservas,7.807785,200,success,
1789926940.095599,GET,GET /api/v1/reservas/{id},6.856813,200,success,
1789926940.119104,GET,GET /api/v1/reservas/{id},6.159626,200,success,
1789926940.141935,GET,GET /api/v1/reservas,7.459336,200,success,
1789926940.191695,GET,GET /api/v1/reservas,6.420542,200,success,
1789926940.204205,GET,GET /api/v1/reservas,5.214734,200,success,
1789926940.432067,GET,GET /api/v1/reservas,6.347421,200,success,
1789926940.455782,GET,GET /api/v1/reservas,5.431502,200,success,
1789926940.471733,GET,GET /api/v1/reservas/{id},3.771617,200,success,
1789926940.509790,GET,GET /api/v1/reservas/{id},5.831629,200,success,
1789926940.511704,GET,GET /api/v1/reservas/{id},3.939852,200,success,
1789926940.540623,GET,GET /api/v1/reservas,7.553679,200,success,
1789926940.553193,GET,GET /api/v1/reservas/{id},4.362563,200,success,
1789926940.592091,GET,GET /api/v1/reservas,7.838591,200,success,
1789926940.670786,GET,GET /api/v1/reservas/{id},12.415728,200,success,
1789926940.795860,GET,GET /api/v1/reservas,6.641616,200,success,
1789926940.854750,GET,GET /api/v1/reservas,6.527804,200,success,
1789926940.864887,GET,GET /api/v1/reservas,4.853647,200,success,
1789926940.881866,GET,GET /api/v1/reservas,5.660380,200,success,
1789926940.892179,GET,GET /api/v1/reservas,14.284971,200,success,
1789926940.903709,GET,GET /api/v1/reservas/{id},4.339177,200,success,
1789926940.968117,GET,GET /api/v1/reservas/{id},5.140221,200,success,
1789926940.997408,GET,GET /api/v1/reservas,5.975677,200,success,
1789926941.126162,GET,GET /api/v1/reservas,9.411204,200,success,
1789926941.135152,GET,GET /api/v1/reservas,6.632432,200,success,
1789926941.319353,GET,GET /api/v1/reservas,7.716136,200,success,
1789926941.339951,GET,GET /api/v1/reservas/{id},4.371716,200,success,
1789926941.423333,GET,GET /api/v1/reservas,6.646975,200,success,
1789926941.431063,GET,GET /api/v1/reservas,5.411463,200,success,
1789926941.466681,GET,GET /api/v1/reservas,5.310529,200,success,
1789926941.513452,GET,GET /api/v1/reservas/{id},5.524073,200,success,
1789926941.522721,GET,GET /api/v1/reservas/{id},4.060985,200,success,
1789926941.592542,GET,GET /api/v1/reservas,7.474258,200,success,
1789926941.598273,GET,GET /api/v1/reservas,6.607265,200,success,
1789926941.599001,GET,GET /api/v1/reservas,4.957374,200,success,
1789926941.639720,GET,GET /api/v1/reservas,6.417427,200,success,
1789926941.687779,GET,GET /api/v1/reservas,6.747316,200,success,
1789926941.772553,GET,GET /api/v1/reservas,6.416485,200,success,
1789926941.778711,GET,GET /api/v1/reservas,4.856741,200,success,
1789926941.801618,GET,GET /api/v1/reservas,5.594670,200,success,
1789926941.870140,GET,GET /api/v1/reservas,7.149567,200,success,
1789926941.883731,GET,GET /api/v1/reservas,5.284029,200,success,
1789926941.927047,GET,GET /api/v1/reservas/{id},5.071787,200,success,
1789926941.939178,GET,GET /api/v1/reservas,5.801724,200,success,
1789926941.942838,GET,GET /api/v1/reservas,5.252963,200,success,
1789926941.943256,GET,GET /api/v1/reservas,6.248631,200,success,
1789926942.001145,GET,GET /api/v1/reservas,6.527865,200,success,
1789926942.011974,GET,GET /api/v1/reservas,6.421833,200,success,
1789926942.012544,GET,GET /api/v1/reservas,5.340594,200,success,
1789926942.017456,GET,GET /api/v1/reservas/{id},3.754500,200,success,
1789926942.035862,GET,GET /api/v1/reservas,5.141393,200,success,
1789926942.058336,GET,GET /api/v1/reservas,5.171409,200,success,
1789926942.147440,GET,GET /api/v1/reservas,6.715729,200,success,
1789926942.151838,GET,GET /api/v1/reservas,5.231519,200,success,
1789926942.287342,GET,GET /api/v1/reservas,7.104609,200,success,
1789926942.332619,GET,GET /api/v1/reservas,6.944205,200,success,
1789926942.333002,GET,GET /api/v1/reservas,6.856462,200,success,
1789926942.351160,GET,GET /api/v1/reservas,4.890562,200,success,
1789926942.365455,GET,GET /api/v1/reservas/{id},4.116409,200,success,
1789926942.615210,GET,GET /api/v1/reservas,8.456487,200,success,
1789926942.643285,GET,GET /api/v1/reservas,5.740721,200,success,
1789926942.650128,GET,GET /api/v1/reservas/{id},3.658285,200,success,
1789926942.678706,GET,GET /api/v1/reservas/{id},4.393700,200,success,
1789926942.683356,GET,GET /api/v1/reservas,5.228915,200,success,
1789926942.760018,GET,GET /api/v1/reservas,6.278666,200,success,
1789926942.841914,GET,GET /api/v1/reservas,6.499441,200,success,
1789926942.846927,GET,GET /api/v1/reservas,4.778983,200,success,
1789926942.915847,GET,GET /api/v1/reservas,6.591600,200,success,
1789926942.948774,GET,GET /api/v1/reservas,5.609091,200,success,
1789926942.958914,GET,GET /api/v1/reservas,4.849240,200,success,
1789926942.990366,GET,GET /api/v1/reservas,6.149601,200,success,
1789926943.112231,GET,GET /api/v1/reservas,6.446000,200,success,
1789926943.125693,GET,GET /api/v1/reservas,6.115279,200,success,
1789926943.128642,GET,GET /api/v1/reservas,4.955912,200,success,
1789926943.132885,GET,GET /api/v1/reservas,4.917654,200,success,
1789926943.172173,GET,GET /api/v1/reservas/{id},5.034680,200,success,
1789926943.176200,GET,GET /api/v1/reservas/{id},3.881692,200,success,
1789926943.214138,GET,GET /api/v1/reservas,7.568932,200,success,
1789926943.259831,GET,GET /api/v1/reservas,6.331576,200,success,
1789926943.276618,GET,GET /api/v1/reservas,5.476671,200,success,
1789926943.362217,GET,GET /api/v1/reservas,6.197023,200,success,
1789926943.389967,GET,GET /api/v1/reservas/{id},4.532089,200,success,
1789926943.442713,GET,GET /api/v1/reservas,6.307530,200,success,
1789926943.510231,GET,GET /api/v1/reservas/{id},15.078795,200,success,
1789926943.561707,GET,GET /api/v1/reservas,7.061884,200,success,
1789926943.615355,GET,GET /api/v1/reservas/{id},5.388687,200,success,
1789926943.639545,GET,GET /api/v1/reservas,5.884589,200,success,
1789926943.692708,GET,GET /api/v1/reservas,6.810082,200,success,
1789926943.768469,GET,GET /api/v1/reservas,6.399610,200,success,
1789926943.794657,GET,GET /api/v1/reservas,6.894900,200,success,
1789926943.825758,GET,GET /api/v1/reservas/{id},4.847416,200,success,
1789926943.844118,GET,GET /api/v1/reservas,5.034270,200,success,
1789926943.900297,GET,GET /api/v1/reservas/{id},5.947034,200,success,
1789926943.903653,GET,GET /api/v1/reservas,6.369203,200,success,
1789926943.904105,GET,GET /api/v1/reservas,6.408634,200,success,
1789926943.963106,GET,GET /api/v1/reservas,6.637440,200,success,
1789926944.023919,GET,GET /api/v1/reservas/{id},5.554739,200,success,
1789926944.137170,GET,GET /api/v1/reservas,6.833768,200,success,
1789926944.154726,GET,GET /api/v1/reservas,6.261641,200,success,
1789926944.191225,GET,GET /api/v1/reservas/{id},5.249677,200,success,
1789926944.207426,GET,GET /api/v1/reservas,5.897548,200,success,
1789926944.273509,GET,GET /api/v1/reservas,6.728008,200,success,
1789926944.299906,GET,GET /api/v1/reservas,8.053897,200,success,
1789926944.331934,GET,GET /api/v1/reservas/{id},4.800006,200,success,
1789926944.366101,GET,GET /api/v1/reservas/{id},4.928811,200,success,
1789926944.370903,GET,GET /api/v1/reservas,5.876947,200,success,
1789926944.491732,GET,GET /api/v1/reservas,6.429445,200,success,
1789926944.526561,GET,GET /api/v1/reservas,6.481524,200,success,
1789926944.562906,GET,GET /api/v1/reservas,6.005813,200,success,
1789926944.588091,GET,GET /api/v1/reservas,5.887584,200,success,
1789926944.600579,GET,GET /api/v1/reservas,5.480937,200,success,
1789926944.604148,GET,GET /api/v1/reservas,5.337370,200,success,
1789926944.615746,GET,GET /api/v1/reservas/{id},4.431998,200,success,
1789926944.708012,GET,GET /api/v1/reservas,6.906508,200,success,
1789926944.747684,GET,GET /api/v1/reservas,6.336884,200,success,
1789926944.828932,GET,GET /api/v1/reservas,6.878826,200,success,
1789926944.830022,GET,GET /api/v1/reservas,5.114542,200,success,
1789926944.881531,GET,GET /api/v1/reservas,6.164423,200,success,
1789926944.915902,GET,GET /api/v1/reservas,9.031829,200,success,
1789926944.934513,GET,GET /api/v1/reservas,7.283029,200,success,
1789926944.984167,GET,GET /api/v1/reservas/{id},6.392079,200,success,
1789926944.993135,GET,GET /api/v1/reservas/{id},6.746826,200,success,
1789926945.312421,GET,GET /api/v1/reservas,6.729309,200,success,
1789926945.378449,GET,GET /api/v1/reservas,6.612403,200,success,
1789926945.388744,GET,GET /api/v1/reservas,5.025477,200,success,
1789926945.408412,GET,GET /api/v1/reservas,6.334230,200,success,
1789926945.409246,GET,GET /api/v1/reservas,5.474837,200,success,
1789926945.417554,GET,GET /api/v1/reservas,5.993103,200,success,
1789926945.419241,GET,GET /api/v1/reservas/{id},4.056918,200,success,
1789926945.496078,GET,GET /api/v1/reservas,6.886919,200,success,
1789926945.501550,GET,GET /api/v1/reservas,5.271880,200,success,
1789926945.590170,GET,GET /api/v1/reservas,7.261676,200,success,
1789926945.592191,GET,GET /api/v1/reservas,6.389215,200,success,
1789926945.597577,GET,GET /api/v1/reservas,8.129261,200,success,
1789926945.609229,GET,GET /api/v1/reservas,5.351180,200,success,
1789926945.638298,GET,GET /api/v1/reservas,5.756655,200,success,
1789926945.662007,GET,GET /api/v1/reservas,5.398863,200,success,
1789926945.680825,GET,GET /api/v1/reservas/{id},6.822311,200,success,
1789926945.682232,GET,GET /api/v1/reservas,8.901241,200,success,
1789926945.756609,GET,GET /api/v1/reservas,7.019699,200,success,
1789926945.874100,GET,GET /api/v1/reservas,10.994844,200,success,
1789926945.882044,GET,GET /api/v1/reservas,7.640631,200,success,
1789926945.895922,GET,GET /api/v1/reservas,6.549427,200,success,
1789926945.931812,GET,GET /api/v1/reservas,11.394451,200,success,
1789926945.949140,GET,GET /api/v1/reservas,7.918902,200,success,
1789926945.980232,GET,GET /api/v1/reservas,7.537565,200,success,
1789926945.984441,GET,GET /api/v1/reservas/{id},5.180062,200,success,
1789926945.987144,GET,GET /api/v1/reservas,5.389900,200,success,
1789926946.040270,GET,GET /api/v1/reservas,6.778073,200,success,
1789926946.057599,GET,GET /api/v1/reservas/{id},4.100335,200,success,
1789926946.120281,GET,GET /api/v1/reservas,6.314120,200,success,
1789926946.186998,GET,GET /api/v1/reservas,6.363495,200,success,
1789926946.240133,GET,GET /api/v1/reservas,6.805005,200,success,
1789926946.246349,GET,GET /api/v1/reservas/{id},4.013814,200,success,
1789926946.294581,GET,GET /api/v1/reservas,7.843879,200,success,
1789926946.299952,GET,GET /api/v1/reservas,7.231972,200,success,
1789926946.302642,GET,GET /api/v1/reservas,9.383092,200,success,
1789926946.352648,GET,GET /api/v1/reservas,6.705193,200,success,
1789926946.475785,GET,GET /api/v1/reservas,7.236008,200,success,
1789926946.530613,GET,GET /api/v1/reservas,6.479281,200,success,
1789926946.567672,GET,GET /api/v1/reservas,5.762283,200,success,
1789926946.657307,GET,GET /api/v1/reservas,6.513412,200,success,
1789926946.669926,GET,GET /api/v1/reservas/{id},4.415963,200,success,
1789926946.821698,GET,GET /api/v1/reservas,7.243769,200,success,
1789926946.918303,GET,GET /api/v1/reservas,6.690570,200,success,
1789926946.918824,GET,GET /api/v1/reservas,7.734093,200,success,
1789926946.958788,GET,GET /api/v1/reservas,6.243824,200,success,
1789926946.959145,GET,GET /api/v1/reservas,7.083987,200,success,
1789926947.045699,GET,GET /api/v1/reservas/{id},5.320034,200,success,
1789926947.077350,GET,GET /api/v1/reservas/{id},5.381377,200,success,
1789926947.081324,GET,GET /api/v1/reservas,5.227492,200,success,
1789926947.095744,GET,GET /api/v1/reservas/{id},5.207994,200,success,
1789926947.113674,GET,GET /api/v1/reservas/{id},4.725772,200,success,
1789926947.156923,GET,GET /api/v1/reservas,5.947654,200,success,
1789926947.188633,GET,GET /api/v1/reservas,15.366120,200,success,
1789926947.233486,GET,GET /api/v1/reservas/{id},5.531283,200,success,
1789926947.250803,GET,GET /api/v1/reservas,5.988637,200,success,
1789926947.293376,GET,GET /api/v1/reservas,6.240869,200,success,
1789926947.343451,GET,GET /api/v1/reservas,7.654632,200,success,
1789926947.348022,GET,GET /api/v1/reservas,6.438820,200,success,
1789926947.364624,GET,GET /api/v1/reservas,7.279743,200,success,
1789926947.381190,GET,GET /api/v1/reservas,8.225618,200,success,
1789926947.438742,GET,GET /api/v1/reservas,8.642399,200,success,
1789926947.440112,GET,GET /api/v1/reservas,9.474511,200,success,
1789926947.544897,GET,GET /api/v1/reservas,9.103318,200,success,
1789926947.589512,GET,GET /api/v1/reservas,7.233094,200,success,
1789926947.706903,GET,GET /api/v1/reservas,6.762369,200,success,
1789926947.733259,GET,GET /api/v1/reservas,7.971633,200,success,
1789926947.771909,GET,GET /api/v1/reservas,27.342772,200,success,
1789926947.820854,GET,GET /api/v1/reservas,6.573894,200,success,
1789926947.879939,GET,GET /api/v1/reservas,6.707587,200,success,
1789926947.884515,GET,GET /api/v1/reservas/{id},4.435273,200,success,
1789926947.885092,GET,GET /api/v1/reservas,5.990139,200,success,
1789926947.906727,GET,GET /api/v1/reservas,6.316515,200,success,
1789926947.921165,GET,GET /api/v1/reservas,7.039070,200,success,
1789926947.967034,GET,GET /api/v1/reservas/{id},5.562751,200,success,
1789926948.042808,GET,GET /api/v1/reservas,7.368429,200,success,
1789926948.070626,GET,GET /api/v1/reservas/{id},13.508345,200,success,
1789926948.080807,GET,GET /api/v1/reservas,11.367139,200,success,
1789926948.142272,GET,GET /api/v1/reservas,9.042155,200,success,
1789926948.165964,GET,GET /api/v1/reservas,7.311091,200,success,
1789926948.202923,GET,GET /api/v1/reservas/{id},5.680720,200,success,
1789926948.221548,GET,GET /api/v1/reservas,7.204000,200,success,
1789926948.232676,GET,GET /api/v1/reservas/{id},4.909751,200,success,
1789926948.249072,GET,GET /api/v1/reservas,7.020691,200,success,
1789926948.471823,GET,GET /api/v1/reservas,6.338988,200,success,
1789926948.480550,GET,GET /api/v1/reservas,5.433425,200,success,
1789926948.534053,GET,GET /api/v1/reservas/{id},5.252231,200,success,
1789926948.597083,GET,GET /api/v1/reservas,6.628996,200,success,
1789926948.667844,GET,GET /api/v1/reservas,6.408223,200,success,
1789926948.681769,GET,GET /api/v1/reservas/{id},4.693744,200,success,
1789926948.685850,GET,GET /api/v1/reservas,5.926003,200,success,
1789926948.687140,GET,GET /api/v1/reservas,5.149385,200,success,
1789926948.737314,GET,GET /api/v1/reservas,6.863052,200,success,
1789926948.742551,GET,GET /api/v1/reservas,6.170782,200,success,
1789926948.754861,GET,GET /api/v1/reservas/{id},5.096635,200,success,
1789926948.758075,GET,GET /api/v1/reservas/{id},4.091091,200,success,
1789926948.758383,GET,GET /api/v1/reservas/{id},4.853856,200,success,
1789926948.865817,GET,GET /api/v1/reservas/{id},5.179671,200,success,
1789926948.891116,GET,GET /api/v1/reservas,5.948496,200,success,
1789926948.959311,GET,GET /api/v1/reservas,7.856928,200,success,
1789926948.960230,GET,GET /api/v1/reservas,6.898916,200,success,
1789926948.960598,GET,GET /api/v1/reservas,6.623820,200,success,
1789926948.971914,GET,GET /api/v1/reservas,6.030000,200,success,
1789926948.989950,GET,GET /api/v1/reservas,6.667275,200,success,
1789926948.992384,GET,GET /api/v1/reservas,5.353444,200,success,
1789926949.156122,GET,GET /api/v1/reservas,6.260349,200,success,
1789926949.233413,GET,GET /api/v1/reservas/{id},5.979162,200,success,
1789926949.364938,GET,GET /api/v1/reservas,7.075674,200,success,
1789926949.376306,GET,GET /api/v1/reservas/{id},4.143720,200,success,
1789926949.388733,GET,GET /api/v1/reservas,5.130817,200,success,
1789926949.425673,GET,GET /api/v1/reservas,6.597088,200,success,
1789926949.558646,GET,GET /api/v1/reservas,7.053390,200,success,
1789926949.562679,GET,GET /api/v1/reservas,5.238970,200,success,
1789926949.575073,GET,GET /api/v1/reservas,6.047838,200,success,
1789926949.580659,GET,GET /api/v1/reservas,8.066136,200,success,
1789926949.611780,GET,GET /api/v1/reservas,6.134818,200,success,
1789926949.652344,GET,GET /api/v1/reservas,6.265917,200,success,
1789926949.681506,GET,GET /api/v1/reservas,5.853201,200,success,
1789926949.717829,GET,GET /api/v1/reservas/{id},5.097466,200,success,
1789926949.744040,GET,GET /api/v1/reservas,6.847779,200,success,
1789926949.836325,GET,GET /api/v1/reservas,6.861760,200,success,
1789926950.093923,GET,GET /api/v1/reservas/{id},5.136415,200,success,
1789926950.103933,GET,GET /api/v1/reservas,5.690585,200,success,
1789926950.104325,GET,GET /api/v1/reservas,5.784146,200,success,
1789926950.134701,GET,GET /api/v1/reservas,5.092049,200,success,
1789926950.158536,GET,GET /api/v1/reservas,4.592991,200,success,
1789926950.168052,GET,GET /api/v1/reservas/{id},3.354695,200,success,
1789926950.177547,GET,GET /api/v1/reservas,5.207303,200,success,
1789926950.241219,GET,GET /api/v1/reservas,8.268303,200,success,
1789926950.306679,GET,GET /api/v1/reservas,7.071178,200,success,
1789926950.345281,GET,GET /api/v1/reservas,7.214956,200,success,
1789926950.365058,GET,GET /api/v1/reservas/{id},10.532043,200,success,
1789926950.415960,GET,GET /api/v1/reservas,7.227986,200,success,
1789926950.452719,GET,GET /api/v1/reservas,12.319393,200,success,
1789926950.481795,GET,GET /api/v1/reservas/{id},5.807242,200,success,
1789926950.505747,GET,GET /api/v1/reservas,6.580984,200,success,
1789926950.509425,GET,GET /api/v1/reservas,5.517291,200,success,
1789926950.637210,GET,GET /api/v1/reservas,6.608556,200,success,
1789926950.638378,GET,GET /api/v1/reservas/{id},4.087315,200,success,
1789926950.667950,GET,GET /api/v1/reservas/{id},4.377214,200,success,
1789926950.735607,GET,GET /api/v1/reservas,6.314662,200,success,
1789926950.759854,GET,GET /api/v1/reservas/{id},4.044170,200,success,
1789926950.795065,GET,GET /api/v1/reservas,5.845070,200,success,
1789926950.808510,GET,GET /api/v1/reservas,5.142344,200,success,
1789926950.815329,GET,GET /api/v1/reservas,4.574163,200,success,
1789926950.871152,GET,GET /api/v1/reservas,6.490618,200,success,
1789926950.930734,GET,GET /api/v1/reservas,7.191511,200,success,
1789926950.934077,GET,GET /api/v1/reservas,5.703414,200,success,
1789926950.972939,GET,GET /api/v1/reservas,6.540184,200,success,
1789926951.030346,GET,GET /api/v1/reservas,8.968122,200,success,
1789926951.035574,GET,GET /api/v1/reservas,7.165060,200,success,
1789926951.071112,GET,GET /api/v1/reservas/{id},7.276399,200,success,
1789926951.092957,GET,GET /api/v1/reservas,7.958663,200,success,
1789926951.093202,GET,GET /api/v1/reservas,8.804114,200,success,
1789926951.158459,GET,GET /api/v1/reservas/{id},5.964170,200,success,
1789926951.190199,GET,GET /api/v1/reservas,6.363965,200,success,
1789926951.197123,GET,GET /api/v1/reservas/{id},4.718952,200,success,
1789926951.286888,GET,GET /api/v1/reservas,6.366030,200,success,
1789926951.451663,GET,GET /api/v1/reservas/{id},5.028502,200,success,
1789926951.462669,GET,GET /api/v1/reservas,4.754066,200,success,
1789926951.535543,GET,GET /api/v1/reservas,6.152725,200,success,
1789926951.566926,GET,GET /api/v1/reservas,5.103206,200,success,
1789926951.601568,GET,GET /api/v1/reservas,5.377671,200,success,
1789926951.618683,GET,GET /api/v1/reservas/{id},3.934204,200,success,
1789926951.628411,GET,GET /api/v1/reservas,4.487582,200,success,
1789926951.662345,GET,GET /api/v1/reservas,4.688026,200,success,
1789926952.054552,GET,GET /api/v1/reservas,6.542336,200,success,
1789926952.069818,GET,GET /api/v1/reservas,4.982161,200,success,
1789926952.157471,GET,GET /api/v1/reservas,6.254590,200,success,
1789926952.191029,GET,GET /api/v1/reservas,5.243047,200,success,
1789926952.241610,GET,GET /api/v1/reservas,6.253359,200,success,
1789926952.265065,GET,GET /api/v1/reservas,5.176045,200,success,
1789926952.308180,GET,GET /api/v1/reservas/{id},4.914689,200,success,
1789926952.333667,GET,GET /api/v1/reservas,6.157712,200,success,
1789926952.338090,GET,GET /api/v1/reservas,5.219651,200,success,
1789926952.358068,GET,GET /api/v1/reservas,5.688241,200,success,
1789926952.399059,GET,GET /api/v1/reservas,5.665207,200,success,
1789926952.417774,GET,GET /api/v1/reservas,6.040385,200,success,
1789926952.417950,GET,GET /api/v1/reservas,6.638672,200,success,
1789926952.452140,GET,GET /api/v1/reservas/{id},4.230752,200,success,
1789926952.452631,GET,GET /api/v1/reservas,6.397877,200,success,
1789926952.477775,GET,GET /api/v1/reservas,5.483030,200,success,
1789926952.478205,GET,GET /api/v1/reservas,6.345377,200,success,
1789926952.514042,GET,GET /api/v1/reservas,6.549216,200,success,
1789926952.523134,GET,GET /api/v1/reservas/{id},4.884393,200,success,
1789926952.638354,GET,GET /api/v1/reservas/{id},5.223818,200,success,
1789926952.696289,GET,GET /api/v1/reservas,6.628147,200,success,
1789926952.701083,GET,GET /api/v1/reservas,5.596372,200,success,
1789926952.735133,GET,GET /api/v1/reservas/{id},4.843932,200,success,
1789926952.748872,GET,GET /api/v1/reservas/{id},3.557963,200,success,
1789926952.754740,GET,GET /api/v1/reservas,4.577519,200,success,
1789926952.767694,GET,GET /api/v1/reservas,5.679919,200,success,
1789926952.796321,GET,GET /api/v1/reservas,7.273934,200,success,
1789926952.799427,GET,GET /api/v1/reservas,6.103251,200,success,
1789926952.868218,GET,GET /api/v1/reservas,6.429726,200,success,
1789926952.925345,GET,GET /api/v1/reservas,6.779566,200,success,
1789926952.989848,GET,GET /api/v1/reservas,6.131653,200,success,
1789926953.032284,GET,GET /api/v1/reservas,6.117061,200,success,
1789926953.069457,GET,GET /api/v1/reservas,5.843867,200,success,
1789926953.115191,GET,GET /api/v1/reservas,6.389164,200,success,
1789926953.148114,GET,GET /api/v1/reservas,5.597574,200,success,
1789926953.164275,GET,GET /api/v1/reservas,5.906752,200,success,
1789926953.193517,GET,GET /api/v1/reservas,5.944079,200,success,
1789926953.209419,GET,GET /api/v1/reservas,5.620939,200,success,
1789926953.320087,GET,GET /api/v1/reservas,8.233739,200,success,
1789926953.320914,GET,GET /api/v1/reservas,5.683505,200,success,
1789926953.331279,GET,GET /api/v1/reservas,5.123646,200,success,
1789926953.485828,GET,GET /api/v1/reservas,6.713496,200,success,
1789926953.499358,GET,GET /api/v1/reservas/{id},5.303338,200,success,
1789926953.555972,GET,GET /api/v1/reservas/{id},5.319343,200,success,
1789926953.585294,GET,GET /api/v1/reservas,6.956294,200,success,
1789926953.670934,GET,GET /api/v1/reservas,6.237824,200,success,
1789926953.671371,GET,GET /api/v1/reservas,7.223168,200,success,
1789926953.741092,GET,GET /api/v1/reservas,6.368303,200,success,
1789926953.749128,GET,GET /api/v1/reservas,4.742088,200,success,
1789926953.827602,GET,GET /api/v1/reservas/{id},7.072349,200,success,
1789926953.882051,GET,GET /api/v1/reservas,7.072089,200,success,
1789926953.907844,GET,GET /api/v1/reservas,6.452480,200,success,
1789926953.988543,GET,GET /api/v1/reservas,6.282101,200,success,
1789926954.041693,GET,GET /api/v1/reservas,6.805766,200,success,
1789926954.042353,GET,GET /api/v1/reservas/{id},4.706994,200,success,
1789926954.052060,GET,GET /api/v1/reservas,5.419325,200,success,
1789926954.097455,GET,GET /api/v1/reservas,6.060986,200,success,
1789926954.105263,GET,GET /api/v1/reservas,5.505195,200,success,
1789926954.106341,GET,GET /api/v1/reservas,4.948500,200,success,
1789926954.207213,GET,GET /api/v1/reservas,6.492170,200,success,
1789926954.290160,GET,GET /api/v1/reservas,6.595887,200,success,
1789926954.310029,GET,GET /api/v1/reservas,5.550103,200,success,
1789926954.388088,GET,GET /api/v1/reservas,6.659443,200,success,
1789926954.388585,GET,GET /api/v1/reservas,6.736210,200,success,
1789926954.503925,GET,GET /api/v1/reservas/{id},5.063483,200,success,
1789926954.535138,GET,GET /api/v1/reservas,5.948665,200,success,
1789926954.578274,GET,GET /api/v1/reservas/{id},4.889760,200,success,
1789926954.666581,GET,GET /api/v1/reservas,6.210113,200,success,
1789926954.706316,GET,GET /api/v1/reservas,6.420151,200,success,
1789926954.740946,GET,GET /api/v1/reservas,6.344887,200,success,
1789926954.744406,GET,GET /api/v1/reservas,5.054260,200,success,
1789926954.748345,GET,GET /api/v1/reservas,4.996423,200,success,
1789926954.761919,GET,GET /api/v1/reservas,4.330663,200,success,
1789926954.795816,GET,GET /api/v1/reservas,6.572312,200,success,
1789926954.820920,GET,GET /api/v1/reservas/{id},4.861898,200,success,
1789926954.842656,GET,GET /api/v1/reservas,5.420556,200,success,
1789926954.848532,GET,GET /api/v1/reservas,4.625902,200,success,
1789926954.915365,GET,GET /api/v1/reservas/{id},5.565987,200,success,
1789926955.008257,GET,GET /api/v1/reservas,6.450366,200,success,
1789926955.067305,GET,GET /api/v1/reservas,5.673059,200,success,
1789926955.086292,GET,GET /api/v1/reservas,5.665467,200,success,
1789926955.156916,GET,GET /api/v1/reservas,6.273498,200,success,
1789926955.162667,GET,GET /api/v1/reservas,4.501222,200,success,
1789926955.195338,GET,GET /api/v1/reservas,6.355713,200,success,
1789926955.310108,GET,GET /api/v1/reservas,8.325950,200,success,
1789926955.315566,GET,GET /api/v1/reservas,6.199687,200,success,
1789926955.333364,GET,GET /api/v1/reservas/{id},5.587249,200,success,
1789926955.336403,GET,GET /api/v1/reservas,6.749369,200,success,
1789926955.345517,GET,GET /api/v1/reservas/{id},3.900973,200,success,
1789926955.431057,GET,GET /api/v1/reservas,11.663408,200,success,
1789926955.471542,GET,GET /api/v1/reservas,6.972849,200,success,
1789926955.504958,GET,GET /api/v1/reservas,9.004318,200,success,
1789926955.767619,GET,GET /api/v1/reservas,6.349243,200,success,
1789926955.778503,GET,GET /api/v1/reservas,5.584935,200,success,
1789926955.791434,GET,GET /api/v1/reservas,5.615511,200,success,
1789926955.805037,GET,GET /api/v1/reservas,5.304270,200,success,
1789926955.813850,GET,GET /api/v1/reservas,4.512519,200,success,
1789926955.867738,GET,GET /api/v1/reservas,5.572836,200,success,
1789926955.966499,GET,GET /api/v1/reservas,6.363736,200,success,
1789926955.993119,GET,GET /api/v1/reservas,6.883954,200,success,
1789926956.014788,GET,GET /api/v1/reservas,9.323642,200,success,
1789926956.015808,GET,GET /api/v1/reservas,6.370856,200,success,
1789926956.081162,GET,GET /api/v1/reservas,7.955758,200,success,
1789926956.085274,GET,GET /api/v1/reservas,6.969394,200,success,
1789926956.096190,GET,GET /api/v1/reservas,5.617815,200,success,
1789926956.133536,GET,GET /api/v1/reservas,6.894329,200,success,
1789926956.134175,GET,GET /api/v1/reservas,9.667292,200,success,
1789926956.135617,GET,GET /api/v1/reservas,8.481254,200,success,
1789926956.158049,GET,GET /api/v1/reservas,8.840238,200,success,
1789926956.273559,GET,GET /api/v1/reservas,9.036397,200,success,
1789926956.279364,GET,GET /api/v1/reservas,6.746785,200,success,
1789926956.303276,GET,GET /api/v1/reservas,6.535155,200,success,
1789926956.371582,GET,GET /api/v1/reservas/{id},5.031647,200,success,
1789926956.390906,GET,GET /api/v1/reservas,6.019184,200,success,
1789926956.425344,GET,GET /api/v1/reservas/{id},4.828760,200,success,
1789926956.466837,GET,GET /api/v1/reservas,5.203077,200,success,
1789926956.507344,GET,GET /api/v1/reservas,6.156130,200,success,
1789926956.556087,GET,GET /api/v1/reservas/{id},4.499049,200,success,
1789926956.603922,GET,GET /api/v1/reservas,6.467502,200,success,
1789926956.606395,GET,GET /api/v1/reservas,6.154658,200,success,
1789926956.705193,GET,GET /api/v1/reservas,6.394703,200,success,
1789926956.737093,GET,GET /api/v1/reservas,5.554419,200,success,
1789926956.747591,GET,GET /api/v1/reservas,5.168113,200,success,
1789926956.748537,GET,GET /api/v1/reservas/{id},3.554879,200,success,
1789926956.929367,GET,GET /api/v1/reservas,6.401292,200,success,
1789926956.944390,GET,GET /api/v1/reservas/{id},3.814221,200,success,
1789926956.966419,GET,GET /api/v1/reservas,4.753354,200,success,
1789926956.981709,GET,GET /api/v1/reservas,5.052207,200,success,
1789926956.996343,GET,GET /api/v1/reservas,5.344541,200,success,
1789926956.998615,GET,GET /api/v1/reservas,4.947008,200,success,
1789926957.063642,GET,GET /api/v1/reservas,6.672483,200,success,
1789926957.080661,GET,GET /api/v1/reservas,5.669643,200,success,
1789926957.087275,GET,GET /api/v1/reservas,5.325982,200,success,
1789926957.176161,GET,GET /api/v1/reservas,6.496106,200,success,
1789926957.207788,GET,GET /api/v1/reservas,6.307299,200,success,
1789926957.275695,GET,GET /api/v1/reservas/{id},5.638545,200,success,
1789926957.291850,GET,GET /api/v1/reservas,5.847183,200,success,
1789926957.300663,GET,GET /api/v1/reservas,5.493958,200,success,
1789926957.304328,GET,GET /api/v1/reservas,5.495339,200,success,
1789926957.305492,GET,GET /api/v1/reservas/{id},3.641058,200,success,
1789926957.346083,GET,GET /api/v1/reservas/{id},4.377706,200,success,
1789926957.378117,GET,GET /api/v1/reservas/{id},4.817332,200,success,
1789926957.420609,GET,GET /api/v1/reservas,6.176662,200,success,
1789926957.435030,GET,GET /api/v1/reservas,5.129885,200,success,
1789926957.459892,GET,GET /api/v1/reservas/{id},3.679117,200,success,
1789926957.488839,GET,GET /api/v1/reservas,5.255745,200,success,
1789926957.514070,GET,GET /api/v1/reservas,4.904173,200,success,
1789926957.560684,GET,GET /api/v1/reservas,5.308896,200,success,
1789926957.564836,GET,GET /api/v1/reservas,3.990247,200,success,
1789926957.604019,GET,GET /api/v1/reservas,4.868809,200,success,
1789926957.660064,GET,GET /api/v1/reservas,5.998192,200,success,
1789926957.677551,GET,GET /api/v1/reservas,6.167539,200,success,
1789926957.751347,GET,GET /api/v1/reservas,7.450362,200,success,
1789926957.781655,GET,GET /api/v1/reservas,6.950614,200,success,
1789926957.832432,GET,GET /api/v1/reservas,8.366731,200,success,
1789926957.859403,GET,GET /api/v1/reservas,9.549504,200,success,
1789926957.977239,GET,GET /api/v1/reservas/{id},5.535642,200,success,
1789926958.051016,GET,GET /api/v1/reservas,6.363875,200,success,
1789926958.082188,GET,GET /api/v1/reservas/{id},4.913206,200,success,
1789926958.101847,GET,GET /api/v1/reservas,5.348045,200,success,
1789926958.142062,GET,GET /api/v1/reservas,5.900163,200,success,
1789926958.204319,GET,GET /api/v1/reservas,5.965962,200,success,
1789926958.271261,GET,GET /api/v1/reservas/{id},6.665643,200,success,
1789926958.363971,GET,GET /api/v1/reservas,7.317781,200,success,
1789926958.398676,GET,GET /api/v1/reservas,10.350098,200,success,
1789926958.431612,GET,GET /api/v1/reservas/{id},6.655748,200,success,
1789926958.497480,GET,GET /api/v1/reservas,10.460495,200,success,
1789926958.561691,GET,GET /api/v1/reservas,6.787468,200,success,
1789926958.562140,GET,GET /api/v1/reservas,4.994130,200,success,
1789926958.636345,GET,GET /api/v1/reservas,6.130122,200,success,
1789926958.739186,GET,GET /api/v1/reservas/{id},7.548921,200,success,
1789926958.745178,GET,GET /api/v1/reservas/{id},3.819038,200,success,
1789926958.748236,GET,GET /api/v1/reservas,5.153150,200,success,
1789926958.752187,GET,GET /api/v1/reservas,4.639692,200,success,
1789926958.780843,GET,GET /api/v1/reservas,5.395417,200,success,
1789926958.783826,GET,GET /api/v1/reservas/{id},3.761060,200,success,
1789926958.812424,GET,GET /api/v1/reservas,5.279923,200,success,
1789926958.858311,GET,GET /api/v1/reservas,6.570458,200,success,
1789926958.885247,GET,GET /api/v1/reservas,5.638076,200,success,
1789926959.029756,GET,GET /api/v1/reservas,5.258231,200,success,
1789926959.030155,GET,GET /api/v1/reservas,7.531344,200,success,
1789926959.071437,GET,GET /api/v1/reservas,5.972893,200,success,
1789926959.086243,GET,GET /api/v1/reservas,5.511894,200,success,
1789926959.092343,GET,GET /api/v1/reservas/{id},3.931599,200,success,
1789926959.148155,GET,GET /api/v1/reservas/{id},5.565395,200,success,
1789926959.161241,GET,GET /api/v1/reservas/{id},3.891087,200,success,
1789926959.278340,GET,GET /api/v1/reservas,6.701848,200,success,
1789926959.306062,GET,GET /api/v1/reservas,5.389560,200,success,
1789926959.325805,GET,GET /api/v1/reservas,5.422910,200,success,
1789926959.428525,GET,GET /api/v1/reservas,6.312827,200,success,
1789926959.433299,GET,GET /api/v1/reservas,4.552370,200,success,
1789926959.435872,GET,GET /api/v1/reservas/{id},3.640689,200,success,
1789926959.437782,GET,GET /api/v1/reservas/{id},3.319512,200,success,
1789926959.440567,GET,GET /api/v1/reservas,4.509656,200,success,
1789926959.461928,GET,GET /api/v1/reservas,5.098558,200,success,
1789926959.498064,GET,GET /api/v1/reservas,6.445570,200,success,
1789926959.543647,GET,GET /api/v1/reservas/{id},5.326615,200,success,
1789926959.578878,GET,GET /api/v1/reservas,5.971691,200,success,
1789926959.721481,GET,GET /api/v1/reservas,7.521800,200,success,
1789926959.735668,GET,GET /api/v1/reservas,5.856036,200,success,
1789926959.774566,GET,GET /api/v1/reservas,5.586257,200,success,
1789926959.826120,GET,GET /api/v1/reservas/{id},5.306433,200,success,
1789926959.861043,GET,GET /api/v1/reservas/{id},4.693043,200,success,
1789926959.862467,GET,GET /api/v1/reservas,5.332432,200,success,
1789926959.864980,GET,GET /api/v1/reservas,5.352453,200,success,
1789926959.883831,GET,GET /api/v1/reservas,4.601265,200,success,
1789926959.988329,GET,GET /api/v1/reservas,6.085634,200,success,
1789926960.001761,GET,GET /api/v1/reservas,5.083184,200,success,
1789926960.049885,GET,GET /api/v1/reservas,6.745514,200,success,
1789926960.067843,GET,GET /api/v1/reservas,5.637025,200,success,
1789926960.180791,GET,GET /api/v1/reservas,6.569097,200,success,
1789926960.284218,GET,GET /api/v1/reservas,7.015343,200,success,
1789926960.287504,GET,GET /api/v1/reservas,6.458088,200,success,
1789926960.310015,GET,GET /api/v1/reservas,6.186396,200,success,
1789926960.314948,GET,GET /api/v1/reservas,6.351767,200,success,
1789926960.331000,GET,GET /api/v1/reservas,6.729490,200,success,
1789926960.382626,GET,GET /api/v1/reservas,6.270805,200,success,
1789926960.425761,GET,GET /api/v1/reservas,6.772455,200,success,
1789926960.476103,GET,GET /api/v1/reservas/{id},5.097516,200,success,
1789926960.517211,GET,GET /api/v1/reservas,6.732765,200,success,
1789926960.528134,GET,GET /api/v1/reservas/{id},5.672398,200,success,
1789926960.568523,GET,GET /api/v1/reservas/{id},7.035284,200,success,
1789926960.569977,GET,GET /api/v1/reservas,6.591361,200,success,
1789926960.675744,GET,GET /api/v1/reservas/{id},5.382999,200,success,
1789926960.732405,GET,GET /api/v1/reservas,11.262511,200,success,
1789926960.758324,GET,GET /api/v1/reservas,8.524850,200,success,
1789926960.773162,GET,GET /api/v1/reservas/{id},5.586728,200,success,
1789926960.818713,GET,GET /api/v1/reservas,7.182867,200,success,
1789926960.820814,GET,GET /api/v1/reservas/{id},4.454792,200,success,
1789926960.841242,GET,GET /api/v1/reservas,6.119805,200,success,
1789926960.841634,GET,GET /api/v1/reservas/{id},3.869916,200,success,
1789926960.899738,GET,GET /api/v1/reservas,5.772581,200,success,
1789926960.909466,GET,GET /api/v1/reservas,5.424001,200,success,
1789926960.957868,GET,GET /api/v1/reservas,7.090537,200,success,
1789926960.962204,GET,GET /api/v1/reservas,5.563763,200,success,
1789926960.975058,GET,GET /api/v1/reservas,4.575545,200,success,
1789926960.993895,GET,GET /api/v1/reservas,4.574613,200,success,
1789926961.019901,GET,GET /api/v1/reservas/{id},3.806038,200,success,
1789926961.028530,GET,GET /api/v1/reservas,4.371405,200,success,
1789926961.060711,GET,GET /api/v1/reservas,6.849081,200,success,
1789926961.087269,GET,GET /api/v1/reservas,5.266513,200,success,
1789926961.101272,GET,GET /api/v1/reservas,5.675271,200,success,
1789926961.122907,GET,GET /api/v1/reservas,5.308025,200,success,
1789926961.143207,GET,GET /api/v1/reservas,4.936904,200,success,
1789926961.245820,GET,GET /api/v1/reservas,7.266954,200,success,
1789926961.252040,GET,GET /api/v1/reservas/{id},4.027665,200,success,
1789926961.316625,GET,GET /api/v1/reservas,7.212522,200,success,
1789926961.365119,GET,GET /api/v1/reservas,7.141354,200,success,
1789926961.483121,GET,GET /api/v1/reservas,5.851649,200,success,
1789926961.483674,GET,GET /api/v1/reservas,8.367742,200,success,
1789926961.574017,GET,GET /api/v1/reservas,6.975613,200,success,
1789926961.646659,GET,GET /api/v1/reservas,6.599853,200,success,
1789926961.651596,GET,GET /api/v1/reservas/{id},3.763835,200,success,
1789926961.661162,GET,GET /api/v1/reservas,5.308696,200,success,
1789926961.673121,GET,GET /api/v1/reservas,4.713114,200,success,
1789926961.833725,GET,GET /api/v1/reservas,6.144312,200,success,
1789926961.891485,GET,GET /api/v1/reservas,7.422731,200,success,
1789926961.895448,GET,GET /api/v1/reservas,6.505340,200,success,
1789926961.896686,GET,GET /api/v1/reservas,5.783215,200,success,
1789926961.952709,GET,GET /api/v1/reservas,5.726309,200,success,
1789926961.985356,GET,GET /api/v1/reservas,5.360966,200,success,
1789926961.994386,GET,GET /api/v1/reservas,4.731322,200,success,
1789926962.032205,GET,GET /api/v1/reservas,5.524304,200,success,
1789926962.086552,GET,GET /api/v1/reservas,6.009458,200,success,
1789926962.109468,GET,GET /api/v1/reservas/{id},4.687515,200,success,
1789926962.323562,GET,GET /api/v1/reservas,6.597379,200,success,
1789926962.344619,GET,GET /api/v1/reservas,6.682810,200,success,
1789926962.347232,GET,GET /api/v1/reservas,7.716104,200,success,
1789926962.347649,GET,GET /api/v1/reservas,7.160053,200,success,
1789926962.439181,GET,GET /api/v1/reservas,6.194018,200,success,
1789926962.444973,GET,GET /api/v1/reservas,4.552630,200,success,
1789926962.476359,GET,GET /api/v1/reservas,5.069384,200,success,
1789926962.514866,GET,GET /api/v1/reservas,5.229477,200,success,
1789926962.546098,GET,GET /api/v1/reservas,6.875581,200,success,
1789926962.558533,GET,GET /api/v1/reservas,5.103246,200,success,
1789926962.599240,GET,GET /api/v1/reservas,6.383134,200,success,
1789926962.650431,GET,GET /api/v1/reservas/{id},4.333739,200,success,
1789926962.669839,GET,GET /api/v1/reservas,5.112499,200,success,
1789926962.712093,GET,GET /api/v1/reservas,6.886218,200,success,
1789926962.835809,GET,GET /api/v1/reservas,6.284505,200,success,
1789926962.847486,GET,GET /api/v1/reservas,5.348256,200,success,
1789926962.885077,GET,GET /api/v1/reservas,6.232085,200,success,
1789926962.923080,GET,GET /api/v1/reservas/{id},5.765269,200,success,
1789926962.927896,GET,GET /api/v1/reservas,6.086756,200,success,
1789926962.964408,GET,GET /api/v1/reservas,5.218850,200,success,
1789926962.996130,GET,GET /api/v1/reservas/{id},4.507062,200,success,
1789926963.096160,GET,GET /api/v1/reservas,6.626965,200,success,
1789926963.119694,GET,GET /api/v1/reservas,6.178034,200,success,
1789926963.124889,GET,GET /api/v1/reservas,4.930303,200,success,
1789926963.233787,GET,GET /api/v1/reservas,6.519662,200,success,
1789926963.240751,GET,GET /api/v1/reservas,4.719564,200,success,
1789926963.274408,GET,GET /api/v1/reservas,5.366023,200,success,
1789926963.302215,GET,GET /api/v1/reservas,5.493917,200,success,
1789926963.310010,GET,GET /api/v1/reservas/{id},3.608730,200,success,
1789926963.318704,GET,GET /api/v1/reservas,4.408322,200,success,
1789926963.339444,GET,GET /api/v1/reservas,4.491377,200,success,
1789926963.396825,GET,GET /api/v1/reservas,6.107917,200,success,
1789926963.430319,GET,GET /api/v1/reservas,6.144484,200,success,
1789926963.448364,GET,GET /api/v1/reservas,4.751892,200,success,
1789926963.494243,GET,GET /api/v1/reservas,8.112807,200,success,
1789926963.524551,GET,GET /api/v1/reservas,7.897079,200,success,
1789926963.665920,GET,GET /api/v1/reservas,6.178515,200,success,
1789926963.713342,GET,GET /api/v1/reservas,6.067887,200,success,
1789926963.796852,GET,GET /api/v1/reservas,7.153653,200,success,
1789926963.886935,GET,GET /api/v1/reservas,6.655778,200,success,
1789926963.936341,GET,GET /api/v1/reservas/{id},4.175709,200,success,
1789926963.993258,GET,GET /api/v1/reservas,5.611745,200,success,
1789926964.023292,GET,GET /api/v1/reservas,5.716435,200,success,
1789926964.045627,GET,GET /api/v1/reservas/{id},4.103659,200,success,
1789926964.117454,GET,GET /api/v1/reservas/{id},4.560763,200,success,
1789926964.123737,GET,GET /api/v1/reservas/{id},3.108693,200,success,
1789926964.141536,GET,GET /api/v1/reservas,4.540622,200,success,
1789926964.151962,GET,GET /api/v1/reservas,4.205825,200,success,
1789926964.198414,GET,GET /api/v1/reservas,5.168704,200,success,
1789926964.255589,GET,GET /api/v1/reservas/{id},4.939437,200,success,
1789926964.335202,GET,GET /api/v1/reservas,6.231464,200,success,
1789926964.338363,GET,GET /api/v1/reservas,5.156065,200,success,
1789926964.355994,GET,GET /api/v1/reservas,4.366468,200,success,
1789926964.395346,GET,GET /api/v1/reservas,7.029224,200,success,
1789926964.396647,GET,GET /api/v1/reservas,5.616713,200,success,
1789926964.548246,GET,GET /api/v1/reservas,6.297094,200,success,
1789926964.569567,GET,GET /api/v1/reservas,5.017315,200,success,
1789926964.603532,GET,GET /api/v1/reservas,5.685738,200,success,
1789926964.749846,GET,GET /api/v1/reservas,6.239828,200,success,
1789926964.794676,GET,GET /api/v1/reservas,5.467317,200,success,
1789926964.868200,GET,GET /api/v1/reservas,6.170142,200,success,
1789926964.880348,GET,GET /api/v1/reservas,4.841849,200,success,
1789926964.950550,GET,GET /api/v1/reservas,5.861775,200,success,
1789926964.970050,GET,GET /api/v1/reservas,5.231599,200,success,
1789926964.970812,GET,GET /api/v1/reservas,4.419208,200,success,
1789926965.003476,GET,GET /api/v1/reservas/{id},4.466961,200,success,
1789926965.043548,GET,GET /api/v1/reservas,5.768544,200,success,
1789926965.043907,GET,GET /api/v1/reservas,5.505055,200,success,
1789926965.089167,GET,GET /api/v1/reservas/{id},5.026189,200,success,
1789926965.148960,GET,GET /api/v1/reservas/{id},4.550758,200,success,
1789926965.178113,GET,GET /api/v1/reservas/{id},3.934603,200,success,
1789926965.244123,GET,GET /api/v1/reservas,6.662499,200,success,
1789926965.294630,GET,GET /api/v1/reservas,6.181709,200,success,
1789926965.307098,GET,GET /api/v1/reservas,5.119460,200,success,
1789926965.308045,GET,GET /api/v1/reservas,4.405337,200,success,
1789926965.315615,GET,GET /api/v1/reservas,4.321580,200,success,
1789926965.474174,GET,GET /api/v1/reservas,6.105324,200,success,
1789926965.483320,GET,GET /api/v1/reservas,5.515149,200,success,
1789926965.541522,GET,GET /api/v1/reservas,6.891946,200,success,
1789926965.556154,GET,GET /api/v1/reservas,6.296984,200,success,
1789926965.556617,GET,GET /api/v1/reservas,6.389856,200,success,
1789926965.595408,GET,GET /api/v1/reservas,8.478812,200,success,
1789926965.787061,GET,GET /api/v1/reservas/{id},6.288271,200,success,
1789926965.787436,GET,GET /api/v1/reservas/{id},7.713752,200,success,
1789926965.787914,GET,GET /api/v1/reservas,8.590090,200,success,
1789926965.881560,GET,GET /api/v1/reservas,6.341051,200,success,
1789926965.898418,GET,GET /api/v1/reservas,5.531413,200,success,
1789926965.934080,GET,GET /api/v1/reservas,6.348502,200,success,
1789926965.966096,GET,GET /api/v1/reservas,6.737873,200,success,
1789926965.967541,GET,GET /api/v1/reservas/{id},3.601039,200,success,
1789926966.001156,GET,GET /api/v1/reservas,6.270684,200,success,
1789926966.142760,GET,GET /api/v1/reservas,6.179346,200,success,
1789926966.187734,GET,GET /api/v1/reservas,5.691587,200,success,
1789926966.219754,GET,GET /api/v1/reservas,5.733280,200,success,
1789926966.244687,GET,GET /api/v1/reservas,5.644504,200,success,
1789926966.250201,GET,GET /api/v1/reservas,4.266767,200,success,
1789926966.358763,GET,GET /api/v1/reservas,9.131301,200,success,
1789926966.360583,GET,GET /api/v1/reservas,8.010641,200,success,
1789926966.401866,GET,GET /api/v1/reservas/{id},6.020075,200,success,
1789926966.477932,GET,GET /api/v1/reservas,7.322358,200,success,
1789926966.597822,GET,GET /api/v1/reservas,7.409801,200,success,
1789926966.605817,GET,GET /api/v1/reservas,5.657125,200,success,
1789926966.626094,GET,GET /api/v1/reservas,6.208821,200,success,
1789926966.643111,GET,GET /api/v1/reservas,6.670390,200,success,
1789926966.643524,GET,GET /api/v1/reservas,5.339203,200,success,
1789926966.706509,GET,GET /api/v1/reservas,5.668972,200,success,
1789926966.814739,GET,GET /api/v1/reservas,5.834403,200,success,
1789926966.834818,GET,GET /api/v1/reservas,4.800566,200,success,
1789926966.843283,GET,GET /api/v1/reservas/{id},3.308824,200,success,
1789926966.850756,GET,GET /api/v1/reservas,4.251985,200,success,
1789926966.857264,GET,GET /api/v1/reservas,4.261079,200,success,
1789926966.875030,GET,GET /api/v1/reservas/{id},3.577723,200,success,
1789926966.924063,GET,GET /api/v1/reservas,6.693765,200,success,
1789926966.955588,GET,GET /api/v1/reservas,5.202967,200,success,
1789926967.012106,GET,GET /api/v1/reservas,6.144323,200,success,
1789926967.034457,GET,GET /api/v1/reservas,5.035863,200,success,
1789926967.037662,GET,GET /api/v1/reservas,4.618680,200,success,
1789926967.111298,GET,GET /api/v1/reservas,8.264657,200,success,
1789926967.111760,GET,GET /api/v1/reservas,8.306099,200,success,
1789926967.114135,GET,GET /api/v1/reservas,7.940104,200,success,
1789926967.177171,GET,GET /api/v1/reservas,5.707101,200,success,
1789926967.253575,GET,GET /api/v1/reservas,6.025031,200,success,
1789926967.300442,GET,GET /api/v1/reservas,6.527383,200,success,
1789926967.469919,GET,GET /api/v1/reservas,5.980104,200,success,
1789926967.522007,GET,GET /api/v1/reservas,5.372173,200,success,
1789926967.530558,GET,GET /api/v1/reservas,4.323333,200,success,
1789926967.549068,GET,GET /api/v1/reservas,4.266808,200,success,
1789926967.567543,GET,GET /api/v1/reservas,4.237994,200,success,
1789926967.595913,GET,GET /api/v1/reservas/{id},4.183881,200,success,
1789926967.646354,GET,GET /api/v1/reservas,5.422399,200,success,
1789926967.758449,GET,GET /api/v1/reservas/{id},4.780385,200,success,
1789926967.772630,GET,GET /api/v1/reservas,4.888229,200,success,
1789926967.790101,GET,GET /api/v1/reservas,6.147018,200,success,
1789926967.791712,GET,GET /api/v1/reservas,4.664749,200,success,
1789926967.881971,GET,GET /api/v1/reservas,6.920119,200,success,
1789926967.990485,GET,GET /api/v1/reservas/{id},5.192220,200,success,
1789926968.000256,GET,GET /api/v1/reservas,5.472084,200,success,
1789926968.003846,GET,GET /api/v1/reservas/{id},3.468618,200,success,
1789926968.007122,GET,GET /api/v1/reservas/{id},3.176334,200,success,
1789926968.089248,GET,GET /api/v1/reservas/{id},6.837774,200,success,
1789926968.096583,GET,GET /api/v1/reservas,7.948467,200,success,
1789926968.097094,GET,GET /api/v1/reservas,5.373905,200,success,
1789926968.107706,GET,GET /api/v1/reservas/{id},4.443966,200,success,
1789926968.172110,GET,GET /api/v1/reservas,8.968785,200,success,
1789926968.319416,GET,GET /api/v1/reservas,6.834720,200,success,
1789926968.360218,GET,GET /api/v1/reservas,6.446161,200,success,
1789926968.362230,GET,GET /api/v1/reservas,4.690038,200,success,
1789926968.387939,GET,GET /api/v1/reservas/{id},4.517327,200,success,
1789926968.398829,GET,GET /api/v1/reservas,5.594009,200,success,
1789926968.457947,GET,GET /api/v1/reservas/{id},4.874589,200,success,
1789926968.570420,GET,GET /api/v1/reservas,7.052389,200,success,
1789926968.620844,GET,GET /api/v1/reservas/{id},6.170402,200,success,
1789926968.689249,GET,GET /api/v1/reservas,7.116666,200,success,
1789926968.729686,GET,GET /api/v1/reservas,8.038333,200,success,
1789926968.747386,GET,GET /api/v1/reservas,7.331972,200,success,
1789926968.788043,GET,GET /api/v1/reservas,7.233624,200,success,
1789926968.825177,GET,GET /api/v1/reservas,10.742972,200,success,
1789926968.829038,GET,GET /api/v1/reservas,7.201224,200,success,
1789926968.961211,GET,GET /api/v1/reservas/{id},4.933798,200,success,
1789926968.987100,GET,GET /api/v1/reservas,5.554930,200,success,
1789926969.009884,GET,GET /api/v1/reservas,5.470571,200,success,
1789926969.044191,GET,GET /api/v1/reservas/{id},4.081075,200,success,
1789926969.085241,GET,GET /api/v1/reservas,5.699930,200,success,
1789926969.149244,GET,GET /api/v1/reservas,5.661942,200,success,
1789926969.163207,GET,GET /api/v1/reservas,4.703849,200,success,
1789926969.167423,GET,GET /api/v1/reservas,5.273604,200,success,
1789926969.170692,GET,GET /api/v1/reservas,5.060580,200,success,
1789926969.171805,GET,GET /api/v1/reservas,5.047951,200,success,
1789926969.183152,GET,GET /api/v1/reservas/{id},5.155494,200,success,
1789926969.191073,GET,GET /api/v1/reservas/{id},6.497458,200,success,
1789926969.191318,GET,GET /api/v1/reservas,11.512580,200,success,
1789926969.192099,GET,GET /api/v1/reservas,11.975100,200,success,
1789926969.212389,GET,GET /api/v1/reservas,5.978151,200,success,
1789926969.229918,GET,GET /api/v1/reservas,5.217588,200,success,
1789926969.265902,GET,GET /api/v1/reservas,5.692718,200,success,
1789926969.273769,GET,GET /api/v1/reservas,4.608295,200,success,
1789926969.285691,GET,GET /api/v1/reservas,4.616626,200,success,
1789926969.351711,GET,GET /api/v1/reservas,5.696894,200,success,
1789926969.392060,GET,GET /api/v1/reservas/{id},4.144752,200,success,
1789926969.424587,GET,GET /api/v1/reservas,6.221500,200,success,
1789926969.437716,GET,GET /api/v1/reservas,5.864869,200,success,
1789926969.450435,GET,GET /api/v1/reservas,5.444573,200,success,
1789926969.585721,GET,GET /api/v1/reservas/{id},5.533927,200,success,
1789926969.613811,GET,GET /api/v1/reservas/{id},4.865424,200,success,
1789926969.623955,GET,GET /api/v1/reservas,5.877739,200,success,
1789926969.675531,GET,GET /api/v1/reservas,6.233808,200,success,
1789926969.729115,GET,GET /api/v1/reservas,7.196277,200,success,
1789926969.745132,GET,GET /api/v1/reservas/{id},4.791332,200,success,
1789926969.816849,GET,GET /api/v1/reservas,6.342924,200,success,
1789926969.934474,GET,GET /api/v1/reservas,6.222702,200,success,
1789926969.952156,GET,GET /api/v1/reservas,5.375197,200,success,
1789926969.980917,GET,GET /api/v1/reservas,6.325677,200,success,
1789926969.986291,GET,GET /api/v1/reservas,5.119010,200,success,
1789926970.072348,GET,GET /api/v1/reservas,6.701356,200,success,
1789926970.164954,GET,GET /api/v1/reservas/{id},5.272663,200,success,
1789926970.311669,GET,GET /api/v1/reservas,6.272707,200,success,
1789926970.422002,GET,GET /api/v1/reservas/{id},6.097602,200,success,
1789926970.422386,GET,GET /api/v1/reservas,5.987174,200,success,
1789926970.426187,GET,GET /api/v1/reservas,5.383090,200,success,
1789926970.467110,GET,GET /api/v1/reservas/{id},3.738396,200,success,
1789926970.523284,GET,GET /api/v1/reservas/{id},4.550908,200,success,
1789926970.524137,GET,GET /api/v1/reservas,5.737717,200,success,
1789926970.548841,GET,GET /api/v1/reservas/{id},3.532915,200,success,
1789926970.570380,GET,GET /api/v1/reservas/{id},3.376848,200,success,
1789926970.625635,GET,GET /api/v1/reservas,5.940114,200,success,
1789926970.722138,GET,GET /api/v1/reservas,6.105534,200,success,
1789926970.903845,GET,GET /api/v1/reservas,7.220925,200,success,
1789926970.965582,GET,GET /api/v1/reservas,8.355494,200,success,
1789926970.986500,GET,GET /api/v1/reservas,7.560910,200,success,
1789926971.007542,GET,GET /api/v1/reservas/{id},7.342639,200,success,
1789926971.009291,GET,GET /api/v1/reservas,9.467931,200,success,
1789926971.071201,GET,GET /api/v1/reservas,8.524881,200,success,
1789926971.218067,GET,GET /api/v1/reservas,7.384042,200,success,
1789926971.226160,GET,GET /api/v1/reservas,6.766906,200,success,
1789926971.269646,GET,GET /api/v1/reservas/{id},6.222160,200,success,
1789926971.270427,GET,GET /api/v1/reservas,6.392128,200,success,
1789926971.293161,GET,GET /api/v1/reservas,7.030577,200,success,
1789926971.293741,GET,GET /api/v1/reservas,6.269933,200,success,
1789926971.295300,GET,GET /api/v1/reservas/{id},4.352717,200,success,
1789926971.401627,GET,GET /api/v1/reservas/{id},5.034471,200,success,
1789926971.424376,GET,GET /api/v1/reservas,5.436659,200,success,
1789926971.437256,GET,GET /api/v1/reservas/{id},3.693558,200,success,
1789926971.496428,GET,GET /api/v1/reservas,7.192150,200,success,
1789926971.573825,GET,GET /api/v1/reservas,7.013661,200,success,
1789926971.586588,GET,GET /api/v1/reservas,5.441568,200,success,
1789926971.616943,GET,GET /api/v1/reservas,8.044984,200,success,
1789926971.617434,GET,GET /api/v1/reservas,6.298888,200,success,
1789926971.684666,GET,GET /api/v1/reservas,6.767167,200,success,
1789926971.703645,GET,GET /api/v1/reservas,6.575336,200,success,
1789926971.704157,GET,GET /api/v1/reservas,10.087700,200,success,
1789926971.717015,GET,GET /api/v1/reservas/{id},6.000705,200,success,
1789926971.717160,GET,GET /api/v1/reservas,7.780924,200,success,
1789926971.720435,GET,GET /api/v1/reservas/{id},4.156099,200,success,
1789926971.809591,GET,GET /api/v1/reservas,6.776662,200,success,
1789926971.815568,GET,GET /api/v1/reservas,4.704951,200,success,
1789926971.831367,GET,GET /api/v1/reservas,4.559671,200,success,
1789926971.892220,GET,GET /api/v1/reservas,6.522216,200,success,
1789926971.897475,GET,GET /api/v1/reservas,6.066655,200,success,
1789926971.982316,GET,GET /api/v1/reservas,6.540873,200,success,
1789926972.073126,GET,GET /api/v1/reservas/{id},5.519787,200,success,
1789926972.075833,GET,GET /api/v1/reservas,5.335716,200,success,
1789926972.134273,GET,GET /api/v1/reservas,6.080005,200,success,
1789926972.173843,GET,GET /api/v1/reservas,6.242060,200,success,
1789926972.325680,GET,GET /api/v1/reservas/{id},5.459475,200,success,
1789926972.389974,GET,GET /api/v1/reservas,6.943744,200,success,
1789926972.420596,GET,GET /api/v1/reservas,6.262632,200,success,
1789926972.453380,GET,GET /api/v1/reservas,5.480286,200,success,
1789926972.506849,GET,GET /api/v1/reservas/{id},5.220072,200,success,
1789926972.636758,GET,GET /api/v1/reservas,6.750732,200,success,
1789926972.677787,GET,GET /api/v1/reservas,5.707401,200,success,
1789926972.734112,GET,GET /api/v1/reservas,5.984751,200,success,
1789926972.796047,GET,GET /api/v1/reservas/{id},6.257464,200,success,
1789926972.837117,GET,GET /api/v1/reservas/{id},4.824943,200,success,
1789926972.860626,GET,GET /api/v1/reservas,5.612646,200,success,
1789926972.861199,GET,GET /api/v1/reservas,6.813708,200,success,
1789926972.913169,GET,GET /api/v1/reservas,7.643785,200,success,
1789926972.922361,GET,GET /api/v1/reservas,5.892321,200,success,
1789926973.003442,GET,GET /api/v1/reservas,6.713506,200,success,
1789926973.038895,GET,GET /api/v1/reservas/{id},5.199741,200,success,
1789926973.069098,GET,GET /api/v1/reservas/{id},4.948260,200,success,
1789926973.098273,GET,GET /api/v1/reservas,6.848149,200,success,
1789926973.113184,GET,GET /api/v1/reservas,6.575406,200,success,
1789926973.153488,GET,GET /api/v1/reservas,6.913408,200,success,
1789926973.213360,GET,GET /api/v1/reservas,6.509065,200,success,
1789926973.216315,GET,GET /api/v1/reservas,5.686780,200,success,
1789926973.221031,GET,GET /api/v1/reservas/{id},3.527397,200,success,
1789926973.323966,GET,GET /api/v1/reservas,7.544004,200,success,
1789926973.378324,GET,GET /api/v1/reservas,7.019870,200,success,
1789926973.383828,GET,GET /api/v1/reservas,5.256648,200,success,
1789926973.413133,GET,GET /api/v1/reservas,10.686116,200,success,
1789926973.429729,GET,GET /api/v1/reservas,11.211613,200,success,
1789926973.469998,GET,GET /api/v1/reservas/{id},5.006488,200,success,
1789926973.528589,GET,GET /api/v1/reservas/{id},4.850162,200,success,
1789926973.547271,GET,GET /api/v1/reservas,5.376870,200,success,
1789926973.673619,GET,GET /api/v1/reservas,8.156543,200,success,
1789926973.681862,GET,GET /api/v1/reservas/{id},5.594219,200,success,
1789926973.682675,GET,GET /api/v1/reservas,6.789811,200,success,
1789926973.768051,GET,GET /api/v1/reservas/{id},5.112298,200,success,
1789926973.842204,GET,GET /api/v1/reservas,6.745905,200,success,
1789926973.901522,GET,GET /api/v1/reservas/{id},5.057626,200,success,
1789926973.955474,GET,GET /api/v1/reservas,6.662828,200,success,
1789926973.990178,GET,GET /api/v1/reservas,6.365489,200,success,
1789926974.036052,GET,GET /api/v1/reservas/{id},4.667935,200,success,
1789926974.106054,GET,GET /api/v1/reservas,6.626234,200,success,
1789926974.111339,GET,GET /api/v1/reservas,5.060380,200,success,
1789926974.220300,GET,GET /api/v1/reservas,6.650971,200,success,
1789926974.270945,GET,GET /api/v1/reservas/{id},5.392262,200,success,
1789926974.290248,GET,GET /api/v1/reservas/{id},5.074341,200,success,
1789926974.344947,GET,GET /api/v1/reservas,6.330244,200,success,
1789926974.378454,GET,GET /api/v1/reservas,6.129120,200,success,
1789926974.381876,GET,GET /api/v1/reservas,4.864283,200,success,
1789926974.428306,GET,GET /api/v1/reservas,6.085003,200,success,
1789926974.456291,GET,GET /api/v1/reservas,5.665408,200,success,
1789926974.525918,GET,GET /api/v1/reservas/{id},5.343239,200,success,
1789926974.563062,GET,GET /api/v1/reservas/{id},8.541346,200,success,
1789926974.581902,GET,GET /api/v1/reservas,6.544829,200,success,
1789926974.587195,GET,GET /api/v1/reservas/{id},4.114627,200,success,
1789926974.597159,GET,GET /api/v1/reservas,5.671666,200,success,
1789926974.606571,GET,GET /api/v1/reservas/{id},4.211504,200,success,
1789926974.630528,GET,GET /api/v1/reservas/{id},4.763179,200,success,
1789926974.646720,GET,GET /api/v1/reservas,4.924104,200,success,
1789926974.775443,GET,GET /api/v1/reservas,7.283059,200,success,
1789926974.807275,GET,GET /api/v1/reservas,6.512651,200,success,
1789926974.850786,GET,GET /api/v1/reservas,6.168399,200,success,
1789926974.929423,GET,GET /api/v1/reservas,6.266388,200,success,
1789926974.942677,GET,GET /api/v1/reservas,4.996092,200,success,
1789926974.989280,GET,GET /api/v1/reservas,6.299709,200,success,
1789926974.999881,GET,GET /api/v1/reservas,5.320916,200,success,
1789926975.006165,GET,GET /api/v1/reservas,4.999397,200,success,
1789926975.033881,GET,GET /api/v1/reservas,5.430050,200,success,
1789926975.038275,GET,GET /api/v1/reservas,5.094612,200,success,
1789926975.075002,GET,GET /api/v1/reservas/{id},5.476011,200,success,
1789926975.084548,GET,GET /api/v1/reservas/{id},5.318772,200,success,
1789926975.145064,GET,GET /api/v1/reservas,6.143311,200,success,
1789926975.179273,GET,GET /api/v1/reservas,5.901274,200,success,
1789926975.211572,GET,GET /api/v1/reservas,5.995978,200,success,
1789926975.270715,GET,GET /api/v1/reservas,6.825957,200,success,
1789926975.316745,GET,GET /api/v1/reservas,6.648537,200,success,
1789926975.462635,GET,GET /api/v1/reservas,6.417286,200,success,
1789926975.479481,GET,GET /api/v1/reservas/{id},4.631790,200,success,
1789926975.660046,GET,GET /api/v1/reservas,6.483837,200,success,
1789926975.692613,GET,GET /api/v1/reservas,6.275481,200,success,
1789926975.725222,GET,GET /api/v1/reservas,6.277445,200,success,
1789926975.745929,GET,GET /api/v1/reservas,5.347564,200,success,
1789926975.759039,GET,GET /api/v1/reservas/{id},3.907903,200,success,
1789926975.820835,GET,GET /api/v1/reservas,6.472620,200,success,
1789926975.852795,GET,GET /api/v1/reservas,5.612497,200,success,
1789926975.877371,GET,GET /api/v1/reservas/{id},7.388459,200,success,
1789926975.893306,GET,GET /api/v1/reservas,9.097830,200,success,
1789926975.896307,GET,GET /api/v1/reservas,7.658398,200,success,
1789926975.899831,GET,GET /api/v1/reservas,7.625588,200,success,
1789926976.062714,GET,GET /api/v1/reservas,9.394649,200,success,
1789926976.069071,GET,GET /api/v1/reservas,7.833944,200,success,
1789926976.155774,GET,GET /api/v1/reservas/{id},6.410395,200,success,
1789926976.195531,GET,GET /api/v1/reservas,7.319443,200,success,
1789926976.198644,GET,GET /api/v1/reservas,5.533397,200,success,
1789926976.230443,GET,GET /api/v1/reservas/{id},4.564229,200,success,
1789926976.279522,GET,GET /api/v1/reservas,4.989793,200,success,
1789926976.279929,GET,GET /api/v1/reservas,7.192511,200,success,
1789926976.302089,GET,GET /api/v1/reservas,5.875866,200,success,
1789926976.325789,GET,GET /api/v1/reservas/{id},7.486467,200,success,
1789926976.361003,GET,GET /api/v1/reservas,5.862417,200,success,
1789926976.380828,GET,GET /api/v1/reservas,5.531304,200,success,
1789926976.440342,GET,GET /api/v1/reservas/{id},4.876332,200,success,
1789926976.444340,GET,GET /api/v1/reservas,5.047961,200,success,
1789926976.474643,GET,GET /api/v1/reservas,12.490282,200,success,
1789926976.475136,GET,GET /api/v1/reservas,14.503713,200,success,
1789926976.517161,GET,GET /api/v1/reservas,6.707476,200,success,
1789926976.525234,GET,GET /api/v1/reservas/{id},3.890246,200,success,
1789926976.540269,GET,GET /api/v1/reservas,5.748853,200,success,
1789926976.760714,GET,GET /api/v1/reservas,7.266133,200,success,
1789926976.832734,GET,GET /api/v1/reservas,7.604556,200,success,
1789926976.898010,GET,GET /api/v1/reservas/{id},6.956735,200,success,
1789926976.948519,GET,GET /api/v1/reservas,7.119400,200,success,
1789926976.952786,GET,GET /api/v1/reservas,5.248946,200,success,
1789926976.959632,GET,GET /api/v1/reservas/{id},3.343799,200,success,
1789926976.960747,GET,GET /api/v1/reservas,4.709688,200,success,
1789926976.968048,GET,GET /api/v1/reservas/{id},3.141522,200,success,
1789926976.987587,GET,GET /api/v1/reservas/{id},4.352496,200,success,
1789926977.025807,GET,GET /api/v1/reservas,5.875685,200,success,
1789926977.063218,GET,GET /api/v1/reservas,6.019864,200,success,
1789926977.065609,GET,GET /api/v1/reservas,6.692654,200,success,
1789926977.117435,GET,GET /api/v1/reservas,7.458395,200,success,
1789926977.118533,GET,GET /api/v1/reservas,5.195916,200,success,
1789926977.136130,GET,GET /api/v1/reservas,5.329197,200,success,
1789926977.154329,GET,GET /api/v1/reservas/{id},4.015386,200,success,
1789926977.200695,GET,GET /api/v1/reservas,8.018202,200,success,
1789926977.201156,GET,GET /api/v1/reservas,6.554593,200,success,
1789926977.327888,GET,GET /api/v1/reservas,6.394151,200,success,
1789926977.338864,GET,GET /api/v1/reservas,5.662953,200,success,
1789926977.494298,GET,GET /api/v1/reservas,6.520823,200,success,
1789926977.508317,GET,GET /api/v1/reservas,5.710066,200,success,
1789926977.599298,GET,GET /api/v1/reservas,6.618511,200,success,
1789926977.606788,GET,GET /api/v1/reservas,5.210888,200,success,
1789926977.634744,GET,GET /api/v1/reservas,5.677004,200,success,
1789926977.807706,GET,GET /api/v1/reservas,6.584611,200,success,
1789926977.841613,GET,GET /api/v1/reservas,11.514663,200,success,
1789926977.863194,GET,GET /api/v1/reservas,10.220691,200,success,
1789926977.880845,GET,GET /api/v1/reservas/{id},6.404147,200,success,
1789926977.903230,GET,GET /api/v1/reservas/{id},5.641431,200,success,
1789926977.903965,GET,GET /api/v1/reservas,6.806867,200,success,
1789926977.944108,GET,GET /api/v1/reservas,5.831008,200,success,
1789926977.978611,GET,GET /api/v1/reservas,6.185565,200,success,
1789926978.006058,GET,GET /api/v1/reservas,6.071553,200,success,
1789926978.023760,GET,GET /api/v1/reservas,5.383169,200,success,
1789926978.195820,GET,GET /api/v1/reservas,6.571020,200,success,
1789926978.197933,GET,GET /api/v1/reservas/{id},3.928465,200,success,
1789926978.268887,GET,GET /api/v1/reservas,6.595696,200,success,
1789926978.350349,GET,GET /api/v1/reservas,9.014963,200,success,
1789926978.483711,GET,GET /api/v1/reservas,9.186814,200,success,
1789926978.503029,GET,GET /api/v1/reservas,6.945457,200,success,
1789926978.535166,GET,GET /api/v1/reservas,9.865283,200,success,
1789926978.539223,GET,GET /api/v1/reservas,8.116923,200,success,
1789926978.570150,GET,GET /api/v1/reservas,8.544041,200,success,
1789926978.571735,GET,GET /api/v1/reservas,6.238145,200,success,
1789926978.616771,GET,GET /api/v1/reservas,7.681522,200,success,
1789926978.626368,GET,GET /api/v1/reservas,7.267886,200,success,
1789926978.631971,GET,GET /api/v1/reservas,6.619543,200,success,
1789926978.706280,GET,GET /api/v1/reservas,6.240419,200,success,
1789926978.770970,GET,GET /api/v1/reservas,8.308884,200,success,
1789926978.787933,GET,GET /api/v1/reservas,7.630205,200,success,
1789926978.820719,GET,GET /api/v1/reservas/{id},5.503841,200,success,
1789926978.999259,GET,GET /api/v1/reservas,8.009721,200,success,
1789926979.044061,GET,GET /api/v1/reservas,8.338949,200,success,
1789926979.152581,GET,GET /api/v1/reservas,9.048434,200,success,
1789926979.212216,GET,GET /api/v1/reservas/{id},12.318892,200,success,
1789926979.220282,GET,GET /api/v1/reservas,7.745260,200,success,
1789926979.286054,GET,GET /api/v1/reservas,6.447723,200,success,
1789926979.331198,GET,GET /api/v1/reservas,6.231264,200,success,
1789926979.331704,GET,GET /api/v1/reservas,7.323410,200,success,
1789926979.356298,GET,GET /api/v1/reservas/{id},4.014696,200,success,
1789926979.356600,GET,GET /api/v1/reservas/{id},4.737109,200,success,
1789926979.388005,GET,GET /api/v1/reservas/{id},6.182650,200,success,
1789926979.389273,GET,GET /api/v1/reservas,6.961962,200,success,
1789926979.396479,GET,GET /api/v1/reservas,4.917073,200,success,
1789926979.400583,GET,GET /api/v1/reservas/{id},3.997398,200,success,
1789926979.405613,GET,GET /api/v1/reservas,5.574680,200,success,
1789926979.441653,GET,GET /api/v1/reservas,6.673234,200,success,
1789926979.442681,GET,GET /api/v1/reservas,4.896412,200,success,
1789926979.526228,GET,GET /api/v1/reservas,6.692714,200,success,
1789926979.539745,GET,GET /api/v1/reservas,5.217488,200,success,
1789926979.638938,GET,GET /api/v1/reservas,6.752585,200,success,
1789926979.679635,GET,GET /api/v1/reservas,6.366269,200,success,
1789926979.686114,GET,GET /api/v1/reservas/{id},4.218833,200,success,
1789926979.706764,GET,GET /api/v1/reservas,6.313949,200,success,
1789926979.732650,GET,GET /api/v1/reservas,6.568926,200,success,
1789926979.737698,GET,GET /api/v1/reservas,5.893633,200,success,
1789926979.749043,GET,GET /api/v1/reservas/{id},4.159715,200,success,
1789926979.820905,GET,GET /api/v1/reservas,6.535335,200,success,
1789926979.937763,GET,GET /api/v1/reservas,7.439145,200,success,
1789926979.954585,GET,GET /api/v1/reservas/{id},4.620003,200,success,
1789926979.960863,GET,GET /api/v1/reservas,5.018616,200,success,
1789926980.026285,GET,GET /api/v1/reservas,7.056846,200,success,
1789926980.129455,GET,GET /api/v1/reservas,6.744412,200,success,
1789926980.152527,GET,GET /api/v1/reservas,5.788323,200,success,
1789926980.161136,GET,GET /api/v1/reservas,5.309899,200,success,
1789926980.174423,GET,GET /api/v1/reservas,5.958422,200,success,
1789926980.219095,GET,GET /api/v1/reservas,7.283329,200,success,
1789926980.317029,GET,GET /api/v1/reservas,7.419956,200,success,
1789926980.380652,GET,GET /api/v1/reservas/{id},5.342066,200,success,
1789926980.425535,GET,GET /api/v1/reservas,6.525370,200,success,
1789926980.434455,GET,GET /api/v1/reservas,5.606177,200,success,
1789926980.449391,GET,GET /api/v1/reservas,5.638307,200,success,
1789926980.551425,GET,GET /api/v1/reservas,6.609989,200,success,
1789926980.564364,GET,GET /api/v1/reservas/{id},3.743846,200,success,
1789926980.803543,GET,GET /api/v1/reservas,6.931607,200,success,
1789926980.821597,GET,GET /api/v1/reservas/{id},4.822179,200,success,
1789926980.921575,GET,GET /api/v1/reservas,6.611180,200,success,
1789926980.939753,GET,GET /api/v1/reservas/{id},4.954799,200,success,
1789926981.000847,GET,GET /api/v1/reservas,6.772235,200,success,
1789926981.017021,GET,GET /api/v1/reservas/{id},4.897532,200,success,
1789926981.033437,GET,GET /api/v1/reservas,6.086335,200,success,
1789926981.046294,GET,GET /api/v1/reservas,5.551524,200,success,
1789926981.162905,GET,GET /api/v1/reservas,7.158751,200,success,
1789926981.199828,GET,GET /api/v1/reservas,7.543834,200,success,
1789926981.241085,GET,GET /api/v1/reservas,8.854621,200,success,
1789926981.259643,GET,GET /api/v1/reservas,7.180263,200,success,
1789926981.270961,GET,GET /api/v1/reservas,7.999976,200,success,
1789926981.317437,GET,GET /api/v1/reservas,7.113151,200,success,
1789926981.410680,GET,GET /api/v1/reservas/{id},5.921955,200,success,
1789926981.434642,GET,GET /api/v1/reservas,7.052839,200,success,
1789926981.513240,GET,GET /api/v1/reservas,7.651236,200,success,
1789926981.526207,GET,GET /api/v1/reservas,5.670354,200,success,
1789926981.539439,GET,GET /api/v1/reservas,5.925891,200,success,
1789926981.589344,GET,GET /api/v1/reservas,6.672884,200,success,
1789926981.615684,GET,GET /api/v1/reservas/{id},6.086766,200,success,
1789926981.668179,GET,GET /api/v1/reservas,7.277210,200,success,
1789926981.691639,GET,GET /api/v1/reservas,8.112707,200,success,
1789926981.694159,GET,GET /api/v1/reservas,6.610398,200,success,
1789926981.737569,GET,GET /api/v1/reservas,7.076997,200,success,
1789926981.778510,GET,GET /api/v1/reservas,7.541871,200,success,
1789926981.788664,GET,GET /api/v1/reservas/{id},6.907099,200,success,
1789926981.828436,GET,GET /api/v1/reservas,10.207210,200,success,
1789926981.830368,GET,GET /api/v1/reservas,9.908148,200,success,
1789926981.832059,GET,GET /api/v1/reservas/{id},11.560913,200,success,
1789926981.834342,GET,GET /api/v1/reservas,9.737750,200,success,
1789926981.950661,GET,GET /api/v1/reservas,8.406913,200,success,
1789926981.956561,GET,GET /api/v1/reservas,9.315159,200,success,
1789926981.957422,GET,GET /api/v1/reservas,5.260503,200,success,
1789926981.984186,GET,GET /api/v1/reservas/{id},6.505951,200,success,
1789926981.984762,GET,GET /api/v1/reservas/{id},5.024325,200,success,
1789926982.028352,GET,GET /api/v1/reservas,10.223726,200,success,
1789926982.049205,GET,GET /api/v1/reservas,7.421468,200,success,
1789926982.118329,GET,GET /api/v1/reservas,6.765444,200,success,
1789926982.167827,GET,GET /api/v1/reservas/{id},5.225340,200,success,
1789926982.182628,GET,GET /api/v1/reservas/{id},4.558318,200,success,
1789926982.223123,GET,GET /api/v1/reservas/{id},5.241424,200,success,
1789926982.309373,GET,GET /api/v1/reservas,6.874550,200,success,
1789926982.350670,GET,GET /api/v1/reservas,6.906738,200,success,
1789926982.374565,GET,GET /api/v1/reservas,6.552471,200,success,
1789926982.389961,GET,GET /api/v1/reservas,6.091762,200,success,
1789926982.420027,GET,GET /api/v1/reservas,6.700667,200,success,
1789926982.496663,GET,GET /api/v1/reservas/{id},5.346935,200,success,
1789926982.543656,GET,GET /api/v1/reservas,6.662858,200,success,
1789926982.580813,GET,GET /api/v1/reservas,6.831804,200,success,
1789926982.803819,GET,GET /api/v1/reservas,9.541571,200,success,
1789926982.841589,GET,GET /api/v1/reservas/{id},8.447974,200,success,
1789926982.869507,GET,GET /api/v1/reservas,6.535595,200,success,
1789926982.887534,GET,GET /api/v1/reservas/{id},7.794694,200,success,
1789926982.936371,GET,GET /api/v1/reservas,6.454662,200,success,
1789926982.986222,GET,GET /api/v1/reservas,6.484057,200,success,
1789926982.999204,GET,GET /api/v1/reservas,5.653989,200,success,
1789926983.028665,GET,GET /api/v1/reservas,6.126136,200,success,
1789926983.046273,GET,GET /api/v1/reservas,6.293289,200,success,
1789926983.047566,GET,GET /api/v1/reservas,4.838673,200,success,
1789926983.057458,GET,GET /api/v1/reservas/{id},3.721561,200,success,
1789926983.194591,GET,GET /api/v1/reservas,6.731042,200,success,
1789926983.209128,GET,GET /api/v1/reservas,6.189091,200,success,
1789926983.315109,GET,GET /api/v1/reservas,6.613373,200,success,
1789926983.351570,GET,GET /api/v1/reservas/{id},5.222245,200,success,
1789926983.405215,GET,GET /api/v1/reservas,7.242017,200,success,
1789926983.453505,GET,GET /api/v1/reservas/{id},5.002122,200,success,
1789926983.473274,GET,GET /api/v1/reservas/{id},4.547323,200,success,
1789926983.484104,GET,GET /api/v1/reservas,5.514708,200,success,
1789926983.494667,GET,GET /api/v1/reservas,6.251385,200,success,
1789926983.496129,GET,GET /api/v1/reservas,5.088954,200,success,
1789926983.506022,GET,GET /api/v1/reservas,12.464511,200,success,
1789926983.545779,GET,GET /api/v1/reservas,6.382925,200,success,
1789926983.628420,GET,GET /api/v1/reservas/{id},5.336589,200,success,
1789926983.661751,GET,GET /api/v1/reservas,6.312718,200,success,
1789926983.691177,GET,GET /api/v1/reservas,6.089240,200,success,
1789926983.699657,GET,GET /api/v1/reservas,6.156301,200,success,
1789926983.740162,GET,GET /api/v1/reservas,6.148089,200,success,
1789926983.759520,GET,GET /api/v1/reservas/{id},4.130491,200,success,
1789926983.794434,GET,GET /api/v1/reservas,6.615808,200,success,
1789926983.832204,GET,GET /api/v1/reservas,6.433632,200,success,
1789926983.834572,GET,GET /api/v1/reservas/{id},4.033213,200,success,
1789926983.889260,GET,GET /api/v1/reservas,6.350345,200,success,
1789926983.903704,GET,GET /api/v1/reservas/{id},4.237783,200,success,
1789926983.940141,GET,GET /api/v1/reservas,6.137683,200,success,
1789926984.049226,GET,GET /api/v1/reservas,6.654486,200,success,
1789926984.186291,GET,GET /api/v1/reservas,6.627966,200,success,
1789926984.186684,GET,GET /api/v1/reservas,6.535146,200,success,
1789926984.196960,GET,GET /api/v1/reservas,5.005136,200,success,
1789926984.238485,GET,GET /api/v1/reservas/{id},5.260343,200,success,
1789926984.250703,GET,GET /api/v1/reservas,6.894751,200,success,
1789926984.275705,GET,GET /api/v1/reservas,6.647786,200,success,
1789926984.368052,GET,GET /api/v1/reservas/{id},5.112889,200,success,
1789926984.402548,GET,GET /api/v1/reservas,6.138444,200,success,
1789926984.442911,GET,GET /api/v1/reservas,6.037311,200,success,
1789926984.450817,GET,GET /api/v1/reservas/{id},3.725798,200,success,
1789926984.457470,GET,GET /api/v1/reservas/{id},3.480395,200,success,
1789926984.516955,GET,GET /api/v1/reservas,7.116537,200,success,
1789926984.528743,GET,GET /api/v1/reservas,5.458133,200,success,
1789926984.540952,GET,GET /api/v1/reservas,4.947448,200,success,
1789926984.622849,GET,GET /api/v1/reservas,6.563388,200,success,
1789926984.662599,GET,GET /api/v1/reservas/{id},4.806595,200,success,
1789926984.696418,GET,GET /api/v1/reservas/{id},4.610228,200,success,
1789926984.716840,GET,GET /api/v1/reservas,6.101528,200,success,
1789926984.780945,GET,GET /api/v1/reservas,6.755729,200,success,
1789926984.781271,GET,GET /api/v1/reservas/{id},4.344074,200,success,
1789926984.799378,GET,GET /api/v1/reservas,5.793381,200,success,
1789926984.923422,GET,GET /api/v1/reservas,6.699815,200,success,
1789926984.924872,GET,GET /api/v1/reservas,5.288836,200,success,
1789926984.956951,GET,GET /api/v1/reservas,5.721221,200,success,
1789926984.960665,GET,GET /api/v1/reservas,4.748337,200,success,
1789926984.970579,GET,GET /api/v1/reservas/{id},6.734297,200,success,
1789926984.989488,GET,GET /api/v1/reservas,5.583493,200,success,
1789926985.118416,GET,GET /api/v1/reservas,6.511941,200,success,
1789926985.172552,GET,GET /api/v1/reservas,7.740022,200,success,
1789926985.173774,GET,GET /api/v1/reservas,4.761948,200,success,
1789926985.202941,GET,GET /api/v1/reservas/{id},4.951195,200,success,
1789926985.316165,GET,GET /api/v1/reservas,6.793517,200,success,
1789926985.316505,GET,GET /api/v1/reservas/{id},4.364126,200,success,
1789926985.355257,GET,GET /api/v1/reservas,6.441273,200,success,
1789926985.386699,GET,GET /api/v1/reservas,6.139465,200,success,
1789926985.434268,GET,GET /api/v1/reservas,6.217133,200,success,
1789926985.448381,GET,GET /api/v1/reservas/{id},3.908014,200,success,
1789926985.553383,GET,GET /api/v1/reservas/{id},5.254223,200,success,
1789926985.615311,GET,GET /api/v1/reservas,7.544645,200,success,
1789926985.683615,GET,GET /api/v1/reservas,6.861981,200,success,
1789926985.719073,GET,GET /api/v1/reservas,6.100056,200,success,
1789926985.779187,GET,GET /api/v1/reservas,6.761067,200,success,
1789926985.850628,GET,GET /api/v1/reservas/{id},5.171880,200,success,
1789926985.856867,GET,GET /api/v1/reservas/{id},4.058151,200,success,
1789926985.888382,GET,GET /api/v1/reservas/{id},5.269827,200,success,
1789926985.906996,GET,GET /api/v1/reservas,7.286224,200,success,
1789926985.907327,GET,GET /api/v1/reservas/{id},4.445968,200,success,
1789926985.946616,GET,GET /api/v1/reservas/{id},5.051346,200,success,
1789926986.053633,GET,GET /api/v1/reservas,6.598992,200,success,
1789926986.060846,GET,GET /api/v1/reservas,4.908690,200,success,
1789926986.082075,GET,GET /api/v1/reservas,5.899792,200,success,
1789926986.159717,GET,GET /api/v1/reservas,6.288842,200,success,
1789926986.166734,GET,GET /api/v1/reservas,5.749474,200,success,
1789926986.171484,GET,GET /api/v1/reservas,5.510652,200,success,
1789926986.183571,GET,GET /api/v1/reservas,5.828274,200,success,
1789926986.183862,GET,GET /api/v1/reservas/{id},4.539811,200,success,
1789926986.203715,GET,GET /api/v1/reservas/{id},5.616622,200,success,
1789926986.258932,GET,GET /api/v1/reservas/{id},5.952372,200,success,
1789926986.266586,GET,GET /api/v1/reservas/{id},5.378162,200,success,
1789926986.287257,GET,GET /api/v1/reservas,7.316370,200,success,
1789926986.334169,GET,GET /api/v1/reservas,8.076180,200,success,
1789926986.344553,GET,GET /api/v1/reservas,10.083573,200,success,
1789926986.388480,GET,GET /api/v1/reservas,9.213995,200,success,
1789926986.428416,GET,GET /api/v1/reservas/{id},5.610624,200,success,
1789926986.446542,GET,GET /api/v1/reservas,11.798834,200,success,
1789926986.455247,GET,GET /api/v1/reservas,9.643637,200,success,
1789926986.495087,GET,GET /api/v1/reservas,7.401898,200,success,
1789926986.570361,GET,GET /api/v1/reservas,6.893128,200,success,
1789926986.668849,GET,GET /api/v1/reservas/{id},6.326660,200,success,
1789926986.709702,GET,GET /api/v1/reservas,7.472606,200,success,
1789926986.726534,GET,GET /api/v1/reservas,6.507784,200,success,
1789926986.758100,GET,GET /api/v1/reservas/{id},5.324190,200,success,
1789926986.836056,GET,GET /api/v1/reservas,6.589427,200,success,
1789926986.950221,GET,GET /api/v1/reservas,6.778935,200,success,
1789926986.973276,GET,GET /api/v1/reservas,6.719545,200,success,
1789926987.024468,GET,GET /api/v1/reservas,7.838410,200,success,
1789926987.048285,GET,GET /api/v1/reservas/{id},5.569361,200,success,
1789926987.192839,GET,GET /api/v1/reservas,7.112580,200,success,
1789926987.328481,GET,GET /api/v1/reservas,7.206783,200,success,
1789926987.356828,GET,GET /api/v1/reservas,6.049680,200,success,
1789926987.398499,GET,GET /api/v1/reservas,6.323014,200,success,
1789926987.407128,GET,GET /api/v1/reservas,5.357511,200,success,
1789926987.489020,GET,GET /api/v1/reservas,6.503317,200,success,
1789926987.503621,GET,GET /api/v1/reservas,5.311160,200,success,
1789926987.530162,GET,GET /api/v1/reservas,5.809877,200,success,
1789926987.530664,GET,GET /api/v1/reservas,6.746515,200,success,
1789926987.618654,GET,GET /api/v1/reservas,6.602286,200,success,
1789926987.675448,GET,GET /api/v1/reservas,6.609938,200,success,
1789926987.757533,GET,GET /api/v1/reservas,8.708699,200,success,
1789926987.767617,GET,GET /api/v1/reservas,4.803581,200,success,
1789926987.779434,GET,GET /api/v1/reservas,5.520717,200,success,
1789926987.799705,GET,GET /api/v1/reservas,5.991030,200,success,
1789926987.805537,GET,GET /api/v1/reservas/{id},4.628806,200,success,
1789926987.848559,GET,GET /api/v1/reservas/{id},4.801818,200,success,
1789926987.883621,GET,GET /api/v1/reservas,8.694378,200,success,
1789926987.884496,GET,GET /api/v1/reservas,7.324502,200,success,
1789926987.915147,GET,GET /api/v1/reservas,11.237362,200,success,
1789926987.954269,GET,GET /api/v1/reservas,6.766656,200,success,
1789926987.956357,GET,GET /api/v1/reservas,5.027720,200,success,
1789926987.961780,GET,GET /api/v1/reservas,4.183580,200,success,
1789926987.978152,GET,GET /api/v1/reservas,5.113762,200,success,
1789926987.981219,GET,GET /api/v1/reservas/{id},3.836324,200,success,
1789926988.057410,GET,GET /api/v1/reservas,6.811905,200,success,
1789926988.157566,GET,GET /api/v1/reservas/{id},4.900328,200,success,
1789926988.191605,GET,GET /api/v1/reservas,5.706479,200,success,
1789926988.221129,GET,GET /api/v1/reservas/{id},4.311816,200,success,
1789926988.228694,GET,GET /api/v1/reservas,5.253713,200,success,
1789926988.272301,GET,GET /api/v1/reservas,5.318381,200,success,
1789926988.382928,GET,GET /api/v1/reservas,6.261520,200,success,
1789926988.472388,GET,GET /api/v1/reservas,6.071433,200,success,
1789926988.562357,GET,GET /api/v1/reservas,6.606564,200,success,
1789926988.581061,GET,GET /api/v1/reservas,6.385337,200,success,
1789926988.655246,GET,GET /api/v1/reservas,6.171633,200,success,
1789926988.665173,GET,GET /api/v1/reservas,5.606688,200,success,
1789926988.689308,GET,GET /api/v1/reservas,6.806086,200,success,
1789926988.737806,GET,GET /api/v1/reservas,13.078342,200,success,
1789926988.848651,GET,GET /api/v1/reservas,9.352816,200,success,
1789926988.850444,GET,GET /api/v1/reservas,7.479658,200,success,
1789926988.866386,GET,GET /api/v1/reservas,5.643003,200,success,
1789926988.899061,GET,GET /api/v1/reservas/{id},8.401344,200,success,
1789926988.901802,GET,GET /api/v1/reservas,7.625758,200,success,
1789926988.917114,GET,GET /api/v1/reservas/{id},6.100396,200,success,
1789926989.061589,GET,GET /api/v1/reservas,6.061077,200,success,
1789926989.131785,GET,GET /api/v1/reservas,5.854454,200,success,
1789926989.139505,GET,GET /api/v1/reservas/{id},3.531832,200,success,
1789926989.154079,GET,GET /api/v1/reservas/{id},3.382378,200,success,
1789926989.159589,GET,GET /api/v1/reservas,4.309992,200,success,
1789926989.191578,GET,GET /api/v1/reservas,6.664701,200,success,
1789926989.192215,GET,GET /api/v1/reservas,5.374055,200,success,
1789926989.213332,GET,GET /api/v1/reservas,4.841618,200,success,
1789926989.235960,GET,GET /api/v1/reservas/{id},5.407065,200,success,
1789926989.241004,GET,GET /api/v1/reservas,5.670625,200,success,
1789926989.276938,GET,GET /api/v1/reservas,7.613700,200,success,
1789926989.322230,GET,GET /api/v1/reservas,7.813552,200,success,
1789926989.323056,GET,GET /api/v1/reservas,6.885376,200,success,
1789926989.461077,GET,GET /api/v1/reservas,7.626590,200,success,
1789926989.498000,GET,GET /api/v1/reservas,6.960369,200,success,
1789926989.858659,GET,GET /api/v1/reservas,6.229922,200,success,
1789926989.904365,GET,GET /api/v1/reservas,5.398362,200,success,
1789926989.911752,GET,GET /api/v1/reservas,5.124497,200,success,
1789926989.913853,GET,GET /api/v1/reservas,4.537207,200,success,
1789926989.936462,GET,GET /api/v1/reservas,5.291911,200,success,
1789926989.943000,GET,GET /api/v1/reservas,4.268069,200,success,
1789926989.980536,GET,GET /api/v1/reservas,5.238791,200,success,
1789926990.013463,GET,GET /api/v1/reservas,6.576458,200,success,
1789926990.051383,GET,GET /api/v1/reservas,5.598305,200,success,
1789926990.074999,GET,GET /api/v1/reservas,5.274224,200,success,
1789926990.095978,GET,GET /api/v1/reservas,5.674981,200,success,
1789926990.163207,GET,GET /api/v1/reservas,5.876668,200,success,
1789926990.197154,GET,GET /api/v1/reservas,5.631626,200,success,
1789926990.198634,GET,GET /api/v1/reservas,4.454813,200,success,
1789926990.277020,GET,GET /api/v1/reservas,6.028867,200,success,
1789926990.284732,GET,GET /api/v1/reservas/{id},3.526775,200,success,
1789926990.300588,GET,GET /api/v1/reservas,4.584399,200,success,
1789926990.346181,GET,GET /api/v1/reservas,7.191880,200,success,
1789926990.378459,GET,GET /api/v1/reservas,9.574292,200,success,
1789926990.446491,GET,GET /api/v1/reservas,6.636789,200,success,
1789926990.585154,GET,GET /api/v1/reservas/{id},5.316760,200,success,
1789926990.591159,GET,GET /api/v1/reservas,4.727836,200,success,
1789926990.605230,GET,GET /api/v1/reservas,4.795829,200,success,
1789926990.607832,GET,GET /api/v1/reservas,4.843111,200,success,
1789926990.657444,GET,GET /api/v1/reservas,5.685698,200,success,
1789926990.699553,GET,GET /api/v1/reservas,5.796936,200,success,
1789926990.764876,GET,GET /api/v1/reservas/{id},5.065157,200,success,
1789926990.794638,GET,GET /api/v1/reservas,6.426099,200,success,
1789926990.795112,GET,GET /api/v1/reservas,5.141833,200,success,
1789926990.945379,GET,GET /api/v1/reservas,6.932516,200,success,
1789926990.977925,GET,GET /api/v1/reservas/{id},4.330604,200,success,
1789926991.079553,GET,GET /api/v1/reservas,6.318247,200,success,
1789926991.169718,GET,GET /api/v1/reservas,6.744943,200,success,
1789926991.263365,GET,GET /api/v1/reservas,6.266157,200,success,
1789926991.357146,GET,GET /api/v1/reservas/{id},5.472844,200,success,
1789926991.398122,GET,GET /api/v1/reservas,5.661091,200,success,
1789926991.414924,GET,GET /api/v1/reservas,5.505505,200,success,
1789926991.415788,GET,GET /api/v1/reservas,4.725081,200,success,
1789926991.424870,GET,GET /api/v1/reservas,4.831443,200,success,
1789926991.436360,GET,GET /api/v1/reservas/{id},3.961515,200,success,
1789926991.460202,GET,GET /api/v1/reservas,5.543773,200,success,
1789926991.499556,GET,GET /api/v1/reservas,9.455061,200,success,
1789926991.505741,GET,GET /api/v1/reservas,9.310332,200,success,
1789926991.506003,GET,GET /api/v1/reservas,10.821042,200,success,
1789926991.519578,GET,GET /api/v1/reservas,6.308281,200,success,
1789926991.538296,GET,GET /api/v1/reservas/{id},4.501202,200,success,
1789926991.583049,GET,GET /api/v1/reservas/{id},5.530071,200,success,
1789926991.590101,GET,GET /api/v1/reservas,5.737156,200,success,
1789926991.622355,GET,GET /api/v1/reservas,8.817704,200,success,
1789926991.668114,GET,GET /api/v1/reservas,13.112475,200,success,
1789926991.676687,GET,GET /api/v1/reservas/{id},5.361967,200,success,
1789926991.720838,GET,GET /api/v1/reservas,11.425077,200,success,
1789926991.817713,GET,GET /api/v1/reservas,6.465980,200,success,
1789926991.881643,GET,GET /api/v1/reservas/{id},4.680375,200,success,
1789926991.919566,GET,GET /api/v1/reservas,5.615512,200,success,
1789926991.945027,GET,GET /api/v1/reservas,5.109544,200,success,
1789926991.969012,GET,GET /api/v1/reservas/{id},4.776349,200,success,
1789926991.972347,GET,GET /api/v1/reservas,4.915501,200,success,
1789926991.982858,GET,GET /api/v1/reservas/{id},3.347433,200,success,
1789926991.996482,GET,GET /api/v1/reservas,4.358245,200,success,
1789926992.021412,GET,GET /api/v1/reservas,4.672273,200,success,
1789926992.052449,GET,GET /api/v1/reservas,4.763230,200,success,
1789926992.196142,GET,GET /api/v1/reservas,10.231307,200,success,
1789926992.289231,GET,GET /api/v1/reservas/{id},6.769680,200,success,
1789926992.319044,GET,GET /api/v1/reservas/{id},5.524303,200,success,
1789926992.537393,GET,GET /api/v1/reservas,6.805685,200,success,
1789926992.538522,GET,GET /api/v1/reservas,5.092419,200,success,
1789926992.548525,GET,GET /api/v1/reservas,4.731312,200,success,
1789926992.551201,GET,GET /api/v1/reservas,4.775949,200,success,
1789926992.586602,GET,GET /api/v1/reservas,5.151678,200,success,
1789926992.617979,GET,GET /api/v1/reservas/{id},4.173666,200,success,
1789926992.623366,GET,GET /api/v1/reservas/{id},3.896436,200,success,
1789926992.624648,GET,GET /api/v1/reservas,5.394826,200,success,
1789926992.638133,GET,GET /api/v1/reservas,4.240117,200,success,
1789926992.662411,GET,GET /api/v1/reservas/{id},5.833772,200,success,
1789926992.698196,GET,GET /api/v1/reservas,5.484593,200,success,
1789926992.721215,GET,GET /api/v1/reservas,8.605062,200,success,
1789926992.721792,GET,GET /api/v1/reservas,8.824095,200,success,
1789926992.787674,GET,GET /api/v1/reservas,7.497634,200,success,
1789926992.795191,GET,GET /api/v1/reservas,5.216837,200,success,
1789926992.810404,GET,GET /api/v1/reservas,7.883839,200,success,
1789926992.873010,GET,GET /api/v1/reservas,5.795935,200,success,
1789926993.034924,GET,GET /api/v1/reservas,6.503046,200,success,
1789926993.151150,GET,GET /api/v1/reservas,6.836793,200,success,
1789926993.189549,GET,GET /api/v1/reservas,6.088528,200,success,
1789926993.261365,GET,GET /api/v1/reservas,6.426401,200,success,
1789926993.282257,GET,GET /api/v1/reservas,5.543843,200,success,
1789926993.296571,GET,GET /api/v1/reservas/{id},4.111261,200,success,
1789926993.311437,GET,GET /api/v1/reservas,5.540046,200,success,
1789926993.379504,GET,GET /api/v1/reservas,6.713927,200,success,
1789926993.434087,GET,GET /api/v1/reservas,17.265279,200,success,
1789926993.434632,GET,GET /api/v1/reservas,20.670190,200,success,
1789926993.439464,GET,GET /api/v1/reservas,9.402982,200,success,
1789926993.537208,GET,GET /api/v1/reservas,8.925708,200,success,
1789926993.576266,GET,GET /api/v1/reservas,9.661383,200,success,
1789926993.581907,GET,GET /api/v1/reservas,12.207453,200,success,
1789926993.621228,GET,GET /api/v1/reservas/{id},8.055630,200,success,
1789926993.671949,GET,GET /api/v1/reservas,10.984109,200,success,
1789926993.699207,GET,GET /api/v1/reservas/{id},11.998615,200,success,
1789926993.705260,GET,GET /api/v1/reservas,8.996625,200,success,
1789926993.707124,GET,GET /api/v1/reservas,11.577748,200,success,
1789926993.826478,GET,GET /api/v1/reservas,109.983860,200,success,
1789926993.886462,GET,GET /api/v1/reservas,39.522313,200,success,
1789926993.940796,GET,GET /api/v1/reservas,10.911728,200,success,
1789926993.991203,GET,GET /api/v1/reservas,32.015535,200,success,
1789926994.002668,GET,GET /api/v1/reservas,16.908517,200,success,
1789926994.174393,GET,GET /api/v1/reservas,11.972806,200,success,
1789926994.176631,GET,GET /api/v1/reservas,15.107659,200,success,
1789926994.212144,GET,GET /api/v1/reservas,11.446058,200,success,
1789926994.214946,GET,GET /api/v1/reservas,10.332812,200,success,
1789926994.251258,GET,GET /api/v1/reservas,11.831833,200,success,
1789926994.267235,GET,GET /api/v1/reservas,15.704324,200,success,
1789926994.272513,GET,GET /api/v1/reservas,9.140996,200,success,
1789926994.297066,GET,GET /api/v1/reservas,13.199316,200,success,
1789926994.312658,GET,GET /api/v1/reservas/{id},6.336524,200,success,
1789926994.322272,GET,GET /api/v1/reservas,8.271898,200,success,
1789926994.373980,GET,GET /api/v1/reservas,9.323161,200,success,
1789926994.446348,GET,GET /api/v1/reservas,9.936801,200,success,
1789926994.548617,GET,GET /api/v1/reservas,10.817767,200,success,
1789926994.590313,GET,GET /api/v1/reservas/{id},8.093637,200,success,
1789926994.792491,GET,GET /api/v1/reservas,12.384711,200,success,
1789926994.795702,GET,GET /api/v1/reservas,13.004491,200,success,
1789926994.836004,GET,GET /api/v1/reservas,9.534781,200,success,
1789926994.860333,GET,GET /api/v1/reservas,11.989602,200,success,
1789926994.960159,GET,GET /api/v1/reservas/{id},19.525465,200,success,
1789926994.992735,GET,GET /api/v1/reservas,9.178922,200,success,
1789926995.059887,GET,GET /api/v1/reservas,14.749906,200,success,
1789926995.101105,GET,GET /api/v1/reservas,9.777389,200,success,
1789926995.135880,GET,GET /api/v1/reservas/{id},7.471895,200,success,
1789926995.154537,GET,GET /api/v1/reservas,7.292673,200,success,
1789926995.177298,GET,GET /api/v1/reservas,9.444064,200,success,
1789926995.189111,GET,GET /api/v1/reservas,8.451040,200,success,
1789926995.277107,GET,GET /api/v1/reservas/{id},7.663645,200,success,
1789926995.321446,GET,GET /api/v1/reservas/{id},11.501132,200,success,
1789926995.328059,GET,GET /api/v1/reservas,19.552155,200,success,
1789926995.328611,GET,GET /api/v1/reservas,10.339221,200,success,
1789926995.420269,GET,GET /api/v1/reservas/{id},46.116699,200,success,
1789926995.433390,GET,GET /api/v1/reservas,23.781997,200,success,
1789926995.440534,GET,GET /api/v1/reservas,9.886425,200,success,
1789926995.499153,GET,GET /api/v1/reservas,13.210152,200,success,
1789926995.553387,GET,GET /api/v1/reservas/{id},7.890119,200,success,
1789926995.583778,GET,GET /api/v1/reservas,16.010347,200,success,
1789926995.597956,GET,GET /api/v1/reservas/{id},6.962302,200,success,
1789926995.695383,GET,GET /api/v1/reservas,15.304807,200,success,
1789926995.695891,GET,GET /api/v1/reservas/{id},11.821517,200,success,
1789926995.752411,GET,GET /api/v1/reservas,25.042005,200,success,
1789926995.753160,GET,GET /api/v1/reservas,17.648059,200,success,
1789926995.775254,GET,GET /api/v1/reservas,10.042871,200,success,
1789926995.837391,GET,GET /api/v1/reservas/{id},18.823170,200,success,
1789926995.907604,GET,GET /api/v1/reservas/{id},7.656174,200,success,
1789926995.929240,GET,GET /api/v1/reservas/{id},7.131901,200,success,
1789926996.066152,GET,GET /api/v1/reservas,10.521076,200,success,
1789926996.081965,GET,GET /api/v1/reservas,7.470592,200,success,
1789926996.091652,GET,GET /api/v1/reservas/{id},7.473027,200,success,
1789926996.145812,GET,GET /api/v1/reservas,14.731698,200,success,
1789926996.149910,GET,GET /api/v1/reservas,12.305562,200,success,
1789926996.153435,GET,GET /api/v1/reservas,10.150105,200,success,
1789926996.229426,GET,GET /api/v1/reservas,9.577986,200,success,
1789926996.232308,GET,GET /api/v1/reservas,11.418417,200,success,
1789926996.255033,GET,GET /api/v1/reservas/{id},7.474609,200,success,
1789926996.282286,GET,GET /api/v1/reservas,10.066528,200,success,
1789926996.343015,GET,GET /api/v1/reservas,12.312732,200,success,
1789926996.398526,GET,GET /api/v1/reservas,8.118545,200,success,
1789926996.417464,GET,GET /api/v1/reservas,5.608251,200,success,
1789926996.445659,GET,GET /api/v1/reservas,6.809190,200,success,
1789926996.525604,GET,GET /api/v1/reservas/{id},6.615125,200,success,
1789926996.636204,GET,GET /api/v1/reservas,9.219063,200,success,
1789926996.678944,GET,GET /api/v1/reservas/{id},5.596062,200,success,
1789926996.708211,GET,GET /api/v1/reservas,7.712269,200,success,
1789926996.743725,GET,GET /api/v1/reservas,7.165561,200,success,
1789926996.816008,GET,GET /api/v1/reservas,6.926378,200,success,
1789926996.852672,GET,GET /api/v1/reservas,7.316349,200,success,
1789926996.872641,GET,GET /api/v1/reservas,5.634099,200,success,
1789926996.906137,GET,GET /api/v1/reservas,6.139396,200,success,
1789926996.935875,GET,GET /api/v1/reservas,6.380700,200,success,
1789926996.952456,GET,GET /api/v1/reservas,5.288656,200,success,
1789926996.986509,GET,GET /api/v1/reservas,5.744617,200,success,
1789926997.007488,GET,GET /api/v1/reservas/{id},5.749083,200,success,
1789926997.026113,GET,GET /api/v1/reservas,6.252957,200,success,
1789926997.034902,GET,GET /api/v1/reservas,5.464472,200,success,
1789926997.081178,GET,GET /api/v1/reservas/{id},5.034071,200,success,
1789926997.088346,GET,GET /api/v1/reservas,5.258240,200,success,
1789926997.088720,GET,GET /api/v1/reservas,6.317986,200,success,
1789926997.101891,GET,GET /api/v1/reservas,4.929051,200,success,
1789926997.147588,GET,GET /api/v1/reservas/{id},4.482053,200,success,
1789926997.242322,GET,GET /api/v1/reservas,6.410556,200,success,
1789926997.290428,GET,GET /api/v1/reservas/{id},5.852310,200,success,
1789926997.299628,GET,GET /api/v1/reservas,5.754532,200,success,
1789926997.306220,GET,GET /api/v1/reservas,5.287454,200,success,
1789926997.394222,GET,GET /api/v1/reservas,8.610470,200,success,
1789926997.399102,GET,GET /api/v1/reservas,6.540913,200,success,
1789926997.436004,GET,GET /api/v1/reservas,7.545948,200,success,
1789926997.475490,GET,GET /api/v1/reservas,8.090933,200,success,
1789926997.503785,GET,GET /api/v1/reservas/{id},5.443701,200,success,
1789926997.535476,GET,GET /api/v1/reservas,7.292643,200,success,
1789926997.573899,GET,GET /api/v1/reservas/{id},5.160051,200,success,
1789926997.622343,GET,GET /api/v1/reservas,6.137783,200,success,
1789926997.744002,GET,GET /api/v1/reservas,6.434142,200,success,
1789926997.750937,GET,GET /api/v1/reservas,4.652702,200,success,
1789926997.892070,GET,GET /api/v1/reservas/{id},5.808603,200,success,
1789926997.940015,GET,GET /api/v1/reservas,8.537289,200,success,
1789926998.040502,GET,GET /api/v1/reservas,6.020575,200,success,
1789926998.103495,GET,GET /api/v1/reservas,6.640284,200,success,
1789926998.107424,GET,GET /api/v1/reservas,5.758969,200,success,
1789926998.139543,GET,GET /api/v1/reservas/{id},3.934183,200,success,
1789926998.160540,GET,GET /api/v1/reservas,4.676738,200,success,
1789926998.174500,GET,GET /api/v1/reservas,4.669026,200,success,
1789926998.196345,GET,GET /api/v1/reservas,5.542280,200,success,
1789926998.272949,GET,GET /api/v1/reservas/{id},5.349758,200,success,
1789926998.299662,GET,GET /api/v1/reservas,5.361246,200,success,
1789926998.367657,GET,GET /api/v1/reservas,6.656269,200,success,
1789926998.444911,GET,GET /api/v1/reservas,5.976739,200,success,
1789926998.541318,GET,GET /api/v1/reservas/{id},5.118858,200,success,
1789926998.573172,GET,GET /api/v1/reservas,5.528018,200,success,
1789926998.577253,GET,GET /api/v1/reservas,4.921049,200,success,
1789926998.650010,GET,GET /api/v1/reservas/{id},5.459015,200,success,
1789926998.651202,GET,GET /api/v1/reservas,5.783136,200,success,
1789926998.796960,GET,GET /api/v1/reservas,6.568545,200,success,
1789926998.816285,GET,GET /api/v1/reservas/{id},5.076294,200,success,
1789926998.857820,GET,GET /api/v1/reservas,6.187629,200,success,
1789926998.865446,GET,GET /api/v1/reservas/{id},3.443570,200,success,
1789926998.876419,GET,GET /api/v1/reservas,4.714165,200,success,
1789926998.901606,GET,GET /api/v1/reservas,4.924995,200,success,
1789926998.982844,GET,GET /api/v1/reservas,5.863127,200,success,
1789926999.045980,GET,GET /api/v1/reservas,7.759250,200,success,
1789926999.097769,GET,GET /api/v1/reservas,7.382589,200,success,
1789926999.102705,GET,GET /api/v1/reservas,5.733931,200,success,
1789926999.126863,GET,GET /api/v1/reservas/{id},4.950493,200,success,
1789926999.197304,GET,GET /api/v1/reservas,11.046262,200,success,
1789926999.222036,GET,GET /api/v1/reservas,7.325603,200,success,
1789926999.256836,GET,GET /api/v1/reservas,10.389688,200,success,
1789926999.268645,GET,GET /api/v1/reservas,6.519622,200,success,
1789926999.279469,GET,GET /api/v1/reservas,6.531840,200,success,
1789926999.304817,GET,GET /api/v1/reservas,8.245287,200,success,
1789926999.305524,GET,GET /api/v1/reservas,9.751500,200,success,
1789926999.313094,GET,GET /api/v1/reservas,16.811821,200,success,
1789926999.324157,GET,GET /api/v1/reservas,6.787748,200,success,
1789926999.363942,GET,GET /api/v1/reservas,6.437307,200,success,
1789926999.432810,GET,GET /api/v1/reservas,9.487279,200,success,
1789926999.438721,GET,GET /api/v1/reservas,5.682633,200,success,
1789926999.443641,GET,GET /api/v1/reservas/{id},3.754430,200,success,
1789926999.472489,GET,GET /api/v1/reservas/{id},3.659897,200,success,
1789926999.503662,GET,GET /api/v1/reservas,5.447397,200,success,
1789926999.559783,GET,GET /api/v1/reservas/{id},5.881936,200,success,
1789926999.602850,GET,GET /api/v1/reservas,7.739791,200,success,
1789926999.648858,GET,GET /api/v1/reservas,11.587042,200,success,
1789926999.734806,GET,GET /api/v1/reservas,12.975265,200,success,
1789926999.735698,GET,GET /api/v1/reservas,13.415303,200,success,
1789926999.740357,GET,GET /api/v1/reservas/{id},5.420947,200,success,
1789926999.798054,GET,GET /api/v1/reservas,8.334983,200,success,
1789926999.857553,GET,GET /api/v1/reservas,7.129126,200,success,
1789926999.883811,GET,GET /api/v1/reservas,5.930669,200,success,
1789927000.056459,GET,GET /api/v1/reservas,6.168158,200,success,
1789927000.065157,GET,GET /api/v1/reservas/{id},3.495467,200,success,
1789927000.282535,GET,GET /api/v1/reservas/{id},4.964966,200,success,
1789927000.334790,GET,GET /api/v1/reservas,9.793093,200,success,
1789927000.341266,GET,GET /api/v1/reservas,6.232206,200,success,
1789927000.399458,GET,GET /api/v1/reservas,6.742308,200,success,
1789927000.413249,GET,GET /api/v1/reservas,6.495785,200,success,
1789927000.414306,GET,GET /api/v1/reservas/{id},3.698154,200,success,
1789927000.423773,GET,GET /api/v1/reservas,4.177371,200,success,
1789927000.494606,GET,GET /api/v1/reservas,7.555652,200,success,
1789927000.644199,GET,GET /api/v1/reservas/{id},5.235486,200,success,
1789927000.720688,GET,GET /api/v1/reservas,6.389445,200,success,
1789927000.750143,GET,GET /api/v1/reservas/{id},4.237022,200,success,
1789927000.760308,GET,GET /api/v1/reservas,4.898184,200,success,
1789927000.863178,GET,GET /api/v1/reservas,6.516296,200,success,
1789927000.879234,GET,GET /api/v1/reservas,4.806134,200,success,
1789927000.922219,GET,GET /api/v1/reservas,5.679318,200,success,
1789927000.949610,GET,GET /api/v1/reservas/{id},4.191443,200,success,
1789927000.970000,GET,GET /api/v1/reservas,5.113319,200,success,
1789927000.983797,GET,GET /api/v1/reservas,4.546991,200,success,
1789927000.993323,GET,GET /api/v1/reservas,4.289742,200,success,
1789927001.023774,GET,GET /api/v1/reservas/{id},4.261168,200,success,
1789927001.098619,GET,GET /api/v1/reservas,7.444112,200,success,
1789927001.131319,GET,GET /api/v1/reservas,6.411498,200,success,
1789927001.131669,GET,GET /api/v1/reservas,6.353460,200,success,
1789927001.135666,GET,GET /api/v1/reservas,5.070375,200,success,
1789927001.155765,GET,GET /api/v1/reservas,4.840046,200,success,
1789927001.194063,GET,GET /api/v1/reservas,5.939923,200,success,
1789927001.243031,GET,GET /api/v1/reservas,7.609884,200,success,
1789927001.255243,GET,GET /api/v1/reservas,5.921404,200,success,
1789927001.334065,GET,GET /api/v1/reservas/{id},5.545175,200,success,
1789927001.336417,GET,GET /api/v1/reservas,5.958891,200,success,
1789927001.416226,GET,GET /api/v1/reservas,6.466540,200,success,
1789927001.444886,GET,GET /api/v1/reservas,7.914716,200,success,
1789927001.547137,GET,GET /api/v1/reservas,6.450097,200,success,
1789927001.566703,GET,GET /api/v1/reservas,6.272678,200,success,
1789927001.673333,GET,GET /api/v1/reservas,6.234160,200,success,
1789927001.706597,GET,GET /api/v1/reservas,5.938871,200,success,
1789927001.720933,GET,GET /api/v1/reservas,5.029122,200,success,
1789927001.744919,GET,GET /api/v1/reservas,5.677885,200,success,
1789927001.748458,GET,GET /api/v1/reservas/{id},4.380919,200,success,
1789927001.826548,GET,GET /api/v1/reservas,7.655454,200,success,
1789927001.855294,GET,GET /api/v1/reservas/{id},6.491329,200,success,
1789927001.912044,GET,GET /api/v1/reservas,7.355758,200,success,
1789927001.940346,GET,GET /api/v1/reservas,7.909878,200,success,
1789927001.986858,GET,GET /api/v1/reservas,8.119477,200,success,
1789927002.008053,GET,GET /api/v1/reservas,6.813197,200,success,
1789927002.024786,GET,GET /api/v1/reservas,6.382634,200,success,
1789927002.043895,GET,GET /api/v1/reservas,12.599668,200,success,
1789927002.071684,GET,GET /api/v1/reservas/{id},16.523034,200,success,
1789927002.097263,GET,GET /api/v1/reservas,7.187855,200,success,
1789927002.178270,GET,GET /api/v1/reservas,6.650260,200,success,
1789927002.183261,GET,GET /api/v1/reservas,5.813141,200,success,
1789927002.187809,GET,GET /api/v1/reservas,5.370360,200,success,
1789927002.216049,GET,GET /api/v1/reservas,5.911721,200,success,
1789927002.289700,GET,GET /api/v1/reservas,6.311045,200,success,
1789927002.387133,GET,GET /api/v1/reservas/{id},5.131037,200,success,
1789927002.406864,GET,GET /api/v1/reservas,5.412054,200,success,
1789927002.431616,GET,GET /api/v1/reservas,6.398939,200,success,
1789927002.532172,GET,GET /api/v1/reservas,7.122757,200,success,
1789927002.563277,GET,GET /api/v1/reservas,8.743833,200,success,
1789927002.564299,GET,GET /api/v1/reservas,7.753783,200,success,
1789927002.597345,GET,GET /api/v1/reservas,6.739294,200,success,
1789927002.661275,GET,GET /api/v1/reservas/{id},6.644431,200,success,
1789927002.814843,GET,GET /api/v1/reservas,6.271846,200,success,
1789927002.824033,GET,GET /api/v1/reservas/{id},3.961184,200,success,
1789927002.828654,GET,GET /api/v1/reservas,5.802885,200,success,
1789927002.967160,GET,GET /api/v1/reservas,6.073876,200,success,
1789927003.004468,GET,GET /api/v1/reservas/{id},4.102589,200,success,
1789927003.024582,GET,GET /api/v1/reservas/{id},3.901824,200,success,
1789927003.070602,GET,GET /api/v1/reservas,8.408515,200,success,
1789927003.159954,GET,GET /api/v1/reservas,6.005112,200,success,
1789927003.202292,GET,GET /api/v1/reservas,7.023335,200,success,
1789927003.212677,GET,GET /api/v1/reservas,5.097186,200,success,
1789927003.291654,GET,GET /api/v1/reservas,6.529458,200,success,
1789927003.292154,GET,GET /api/v1/reservas,9.145621,200,success,
1789927003.299913,GET,GET /api/v1/reservas,4.494162,200,success,
1789927003.316463,GET,GET /api/v1/reservas,5.260734,200,success,
1789927003.331309,GET,GET /api/v1/reservas,4.604229,200,success,
1789927003.401796,GET,GET /api/v1/reservas,7.106451,200,success,
1789927003.407643,GET,GET /api/v1/reservas,5.599988,200,success,
1789927003.450383,GET,GET /api/v1/reservas,6.375974,200,success,
1789927003.452866,GET,GET /api/v1/reservas,5.077866,200,success,
1789927003.458474,GET,GET /api/v1/reservas/{id},3.446884,200,success,
1789927003.516649,GET,GET /api/v1/reservas,16.079602,200,success,
1789927003.553395,GET,GET /api/v1/reservas,6.432120,200,success,
1789927003.690903,GET,GET /api/v1/reservas,7.299685,200,success,
1789927003.700940,GET,GET /api/v1/reservas,6.753426,200,success,
1789927003.702201,GET,GET /api/v1/reservas,6.230895,200,success,
1789927003.705499,GET,GET /api/v1/reservas,5.624955,200,success,
1789927003.728432,GET,GET /api/v1/reservas,4.643878,200,success,
1789927003.829821,GET,GET /api/v1/reservas/{id},5.098006,200,success,
1789927003.857077,GET,GET /api/v1/reservas/{id},5.029673,200,success,
1789927003.857611,GET,GET /api/v1/reservas,5.101312,200,success,
1789927003.937124,GET,GET /api/v1/reservas,7.123176,200,success,
1789927003.985936,GET,GET /api/v1/reservas,6.505840,200,success,
1789927004.075554,GET,GET /api/v1/reservas,6.205685,200,success,
1789927004.114277,GET,GET /api/v1/reservas,5.372262,200,success,
1789927004.132255,GET,GET /api/v1/reservas,5.700120,200,success,
1789927004.163120,GET,GET /api/v1/reservas/{id},4.652832,200,success,
1789927004.164620,GET,GET /api/v1/reservas,4.465569,200,success,
1789927004.215173,GET,GET /api/v1/reservas/{id},4.361691,200,success,
1789927004.236230,GET,GET /api/v1/reservas/{id},3.868533,200,success,
1789927004.319880,GET,GET /api/v1/reservas,6.272928,200,success,
1789927004.406510,GET,GET /api/v1/reservas,6.274079,200,success,
1789927004.435812,GET,GET /api/v1/reservas,4.977975,200,success,
1789927004.490845,GET,GET /api/v1/reservas,5.722553,200,success,
1789927004.627787,GET,GET /api/v1/reservas,6.114908,200,success,
1789927004.628163,GET,GET /api/v1/reservas,7.007850,200,success,
1789927004.643353,GET,GET /api/v1/reservas,4.979157,200,success,
1789927004.643723,GET,GET /api/v1/reservas,4.795478,200,success,
1789927004.698915,GET,GET /api/v1/reservas,8.088571,200,success,
1789927004.725013,GET,GET /api/v1/reservas/{id},4.881499,200,success,
1789927004.729623,GET,GET /api/v1/reservas,5.274874,200,success,
1789927004.748850,GET,GET /api/v1/reservas/{id},4.039152,200,success,
1789927004.758413,GET,GET /api/v1/reservas/{id},3.364820,200,success,
1789927004.816752,GET,GET /api/v1/reservas,6.019905,200,success,
1789927004.878367,GET,GET /api/v1/reservas,6.270043,200,success,
1789927004.888473,GET,GET /api/v1/reservas/{id},3.910527,200,success,
1789927005.050053,GET,GET /api/v1/reservas/{id},5.223847,200,success,
1789927005.094389,GET,GET /api/v1/reservas,6.007535,200,success,
1789927005.102597,GET,GET /api/v1/reservas,4.916763,200,success,
1789927005.126026,GET,GET /api/v1/reservas,5.115322,200,success,
1789927005.160234,GET,GET /api/v1/reservas,5.493337,200,success,
1789927005.160600,GET,GET /api/v1/reservas,6.320680,200,success,
1789927005.186824,GET,GET /api/v1/reservas,4.938165,200,success,
1789927005.213901,GET,GET /api/v1/reservas,5.748223,200,success,
1789927005.248322,GET,GET /api/v1/reservas,6.097071,200,success,
1789927005.298838,GET,GET /api/v1/reservas/{id},4.340479,200,success,
1789927005.299134,GET,GET /api/v1/reservas/{id},5.615622,200,success,
1789927005.326182,GET,GET /api/v1/reservas/{id},3.862485,200,success,
1789927005.373901,GET,GET /api/v1/reservas,6.072675,200,success,
1789927005.380246,GET,GET /api/v1/reservas,5.027860,200,success,
1789927005.477517,GET,GET /api/v1/reservas,6.037090,200,success,
1789927005.477941,GET,GET /api/v1/reservas,7.346315,200,success,
1789927005.482642,GET,GET /api/v1/reservas/{id},3.595549,200,success,
1789927005.588810,GET,GET /api/v1/reservas/{id},5.483982,200,success,
1789927005.597549,GET,GET /api/v1/reservas,5.413605,200,success,
1789927005.616811,GET,GET /api/v1/reservas,6.949003,200,success,
1789927005.631364,GET,GET /api/v1/reservas,5.251570,200,success,
1789927005.681590,GET,GET /api/v1/reservas/{id},6.021367,200,success,
1789927005.689567,GET,GET /api/v1/reservas,6.701097,200,success,
1789927005.708112,GET,GET /api/v1/reservas,6.212476,200,success,
1789927005.831568,GET,GET /api/v1/reservas,6.054897,200,success,
1789927005.840439,GET,GET /api/v1/reservas,4.616406,200,success,
1789927005.878924,GET,GET /api/v1/reservas,6.195601,200,success,
1789927005.929843,GET,GET /api/v1/reservas,6.115098,200,success,
1789927005.930244,GET,GET /api/v1/reservas,7.065198,200,success,
1789927006.100571,GET,GET /api/v1/reservas/{id},4.983123,200,success,
1789927006.199966,GET,GET /api/v1/reservas,6.367482,200,success,
1789927006.200447,GET,GET /api/v1/reservas,7.517505,200,success,
1789927006.242249,GET,GET /api/v1/reservas,5.490443,200,success,
1789927006.275771,GET,GET /api/v1/reservas/{id},4.302882,200,success,
1789927006.306350,GET,GET /api/v1/reservas/{id},4.368923,200,success,
1789927006.327120,GET,GET /api/v1/reservas,5.451383,200,success,
1789927006.411481,GET,GET /api/v1/reservas,7.016705,200,success,
1789927006.448462,GET,GET /api/v1/reservas,5.346083,200,success,
1789927006.457624,GET,GET /api/v1/reservas/{id},3.993503,200,success,
1789927006.507683,GET,GET /api/v1/reservas,6.719013,200,success,
1789927006.524569,GET,GET /api/v1/reservas,4.617028,200,success,
1789927006.599866,GET,GET /api/v1/reservas,5.970079,200,success,
1789927006.630258,GET,GET /api/v1/reservas,6.060135,200,success,
1789927006.646944,GET,GET /api/v1/reservas/{id},4.134306,200,success,
1789927006.647581,GET,GET /api/v1/reservas,5.034261,200,success,
1789927006.667804,GET,GET /api/v1/reservas,4.960949,200,success,
1789927006.764209,GET,GET /api/v1/reservas,6.260349,200,success,
1789927006.773273,GET,GET /api/v1/reservas,4.790200,200,success,
1789927006.797741,GET,GET /api/v1/reservas,5.186041,200,success,
1789927006.832118,GET,GET /api/v1/reservas,5.050436,200,success,
1789927006.843467,GET,GET /api/v1/reservas,4.976732,200,success,
1789927006.888610,GET,GET /api/v1/reservas,7.824429,200,success,
1789927006.948075,GET,GET /api/v1/reservas,7.085880,200,success,
1789927006.956395,GET,GET /api/v1/reservas/{id},5.118648,200,success,
1789927006.999051,GET,GET /api/v1/reservas,8.579925,200,success,
1789927007.048764,GET,GET /api/v1/reservas,8.321642,200,success,
1789927007.080910,GET,GET /api/v1/reservas/{id},8.817504,200,success,
1789927007.093879,GET,GET /api/v1/reservas,8.530639,200,success,
1789927007.112792,GET,GET /api/v1/reservas,7.573008,200,success,
1789927007.210509,GET,GET /api/v1/reservas,7.309900,200,success,
1789927007.265421,GET,GET /api/v1/reservas,6.546032,200,success,
1789927007.295286,GET,GET /api/v1/reservas,5.591275,200,success,
1789927007.305774,GET,GET /api/v1/reservas,5.186421,200,success,
1789927007.337818,GET,GET /api/v1/reservas,5.733851,200,success,
1789927007.347529,GET,GET /api/v1/reservas,5.418953,200,success,
1789927007.361534,GET,GET /api/v1/reservas,6.692104,200,success,
1789927007.411559,GET,GET /api/v1/reservas,7.637757,200,success,
1789927007.428788,GET,GET /api/v1/reservas,5.918009,200,success,
1789927007.533854,GET,GET /api/v1/reservas,8.132736,200,success,
1789927007.542501,GET,GET /api/v1/reservas/{id},6.437707,200,success,
1789927007.557269,GET,GET /api/v1/reservas,7.473778,200,success,
1789927007.605334,GET,GET /api/v1/reservas,10.711625,200,success,
1789927007.666054,GET,GET /api/v1/reservas,10.315865,200,success,
1789927007.667192,GET,GET /api/v1/reservas,7.418664,200,success,
1789927007.826640,GET,GET /api/v1/reservas,7.412406,200,success,
1789927007.847516,GET,GET /api/v1/reservas/{id},10.429047,200,success,
1789927007.870817,GET,GET /api/v1/reservas,6.971406,200,success,
1789927007.961754,GET,GET /api/v1/reservas/{id},3.816715,200,success,
1789927007.962267,GET,GET /api/v1/reservas,6.063690,200,success,
1789927008.007180,GET,GET /api/v1/reservas/{id},5.685497,200,success,
1789927008.112897,GET,GET /api/v1/reservas,6.340350,200,success,
1789927008.173753,GET,GET /api/v1/reservas/{id},4.633914,200,success,
1789927008.319936,GET,GET /api/v1/reservas,6.562646,200,success,
1789927008.335604,GET,GET /api/v1/reservas/{id},3.467205,200,success,
1789927008.362373,GET,GET /api/v1/reservas/{id},3.577963,200,success,
1789927008.372318,GET,GET /api/v1/reservas,4.690169,200,success,
1789927008.405535,GET,GET /api/v1/reservas,4.911284,200,success,
1789927008.516851,GET,GET /api/v1/reservas/{id},5.018096,200,success,
1789927008.614259,GET,GET /api/v1/reservas,6.004732,200,success,
1789927008.639509,GET,GET /api/v1/reservas/{id},4.052953,200,success,
1789927008.687757,GET,GET /api/v1/reservas,6.183963,200,success,
1789927008.762264,GET,GET /api/v1/reservas,6.155170,200,success,
1789927008.803228,GET,GET /api/v1/reservas,7.583574,200,success,
1789927008.870766,GET,GET /api/v1/reservas,7.135295,200,success,
1789927008.872935,GET,GET /api/v1/reservas,5.550093,200,success,
1789927008.954494,GET,GET /api/v1/reservas,6.257295,200,success,
1789927009.005446,GET,GET /api/v1/reservas,6.590549,200,success,
1789927009.005875,GET,GET /api/v1/reservas/{id},4.232916,200,success,
1789927009.037903,GET,GET /api/v1/reservas,4.743219,200,success,
1789927009.112371,GET,GET /api/v1/reservas,6.107007,200,success,
1789927009.175261,GET,GET /api/v1/reservas,6.567565,200,success,
1789927009.193630,GET,GET /api/v1/reservas,6.985398,200,success,
1789927009.198386,GET,GET /api/v1/reservas,5.781804,200,success,
1789927009.199006,GET,GET /api/v1/reservas,5.937409,200,success,
1789927009.207627,GET,GET /api/v1/reservas/{id},3.464662,200,success,
1789927009.237973,GET,GET /api/v1/reservas,5.039588,200,success,
1789927009.282430,GET,GET /api/v1/reservas,6.136571,200,success,
1789927009.323292,GET,GET /api/v1/reservas,6.547583,200,success,
1789927009.400308,GET,GET /api/v1/reservas,7.611397,200,success,
1789927009.418629,GET,GET /api/v1/reservas/{id},5.104246,200,success,
1789927009.444945,GET,GET /api/v1/reservas,6.011142,200,success,
1789927009.448093,GET,GET /api/v1/reservas,6.308933,200,success,
1789927009.454994,GET,GET /api/v1/reservas,4.649497,200,success,
1789927009.506293,GET,GET /api/v1/reservas/{id},6.457687,200,success,
1789927009.545206,GET,GET /api/v1/reservas/{id},5.593718,200,success,
1789927009.586898,GET,GET /api/v1/reservas,7.299434,200,success,
1789927009.609683,GET,GET /api/v1/reservas,6.475114,200,success,
1789927009.660865,GET,GET /api/v1/reservas/{id},4.972476,200,success,
1789927009.665465,GET,GET /api/v1/reservas,5.215115,200,success,
1789927009.772610,GET,GET /api/v1/reservas,6.016018,200,success,
1789927009.885306,GET,GET /api/v1/reservas/{id},7.399385,200,success,
1789927009.985705,GET,GET /api/v1/reservas,10.969897,200,success,
1789927010.000086,GET,GET /api/v1/reservas/{id},6.151253,200,success,
1789927010.034440,GET,GET /api/v1/reservas,8.936906,200,success,
1789927010.178325,GET,GET /api/v1/reservas,6.369944,200,success,
1789927010.182548,GET,GET /api/v1/reservas/{id},4.103459,200,success,
1789927010.184942,GET,GET /api/v1/reservas,4.781396,200,success,
1789927010.229152,GET,GET /api/v1/reservas,5.877008,200,success,
1789927010.259480,GET,GET /api/v1/reservas,5.059509,200,success,
1789927010.267254,GET,GET /api/v1/reservas,4.498038,200,success,
1789927010.309357,GET,GET /api/v1/reservas,5.778047,200,success,
1789927010.313189,GET,GET /api/v1/reservas/{id},3.720169,200,success,
1789927010.337640,GET,GET /api/v1/reservas/{id},4.250773,200,success,
1789927010.355107,GET,GET /api/v1/reservas,6.145745,200,success,
1789927010.397078,GET,GET /api/v1/reservas,6.586783,200,success,
1789927010.483454,GET,GET /api/v1/reservas/{id},5.080160,200,success,
1789927010.537801,GET,GET /api/v1/reservas,6.038993,200,success,
1789927010.582801,GET,GET /api/v1/reservas/{id},4.748838,200,success,
1789927010.606133,GET,GET /api/v1/reservas,6.051382,200,success,
1789927010.702308,GET,GET /api/v1/reservas,6.086375,200,success,
1789927010.732528,GET,GET /api/v1/reservas,4.920698,200,success,
1789927010.739942,GET,GET /api/v1/reservas,4.188648,200,success,
1789927010.755545,GET,GET /api/v1/reservas/{id},3.442688,200,success,
1789927010.849737,GET,GET /api/v1/reservas/{id},4.930523,200,success,
1789927010.963871,GET,GET /api/v1/reservas/{id},4.793916,200,success,
1789927010.980630,GET,GET /api/v1/reservas,5.456160,200,success,
1789927011.030411,GET,GET /api/v1/reservas,5.449119,200,success,
1789927011.059472,GET,GET /api/v1/reservas,4.741026,200,success,
1789927011.114244,GET,GET /api/v1/reservas/{id},4.539350,200,success,
1789927011.169054,GET,GET /api/v1/reservas,5.433796,200,success,
1789927011.191889,GET,GET /api/v1/reservas,5.509712,200,success,
1789927011.222207,GET,GET /api/v1/reservas,5.984260,200,success,
1789927011.298473,GET,GET /api/v1/reservas/{id},4.978376,200,success,
1789927011.313396,GET,GET /api/v1/reservas/{id},3.737675,200,success,
1789927011.324769,GET,GET /api/v1/reservas/{id},4.192585,200,success,
1789927011.338635,GET,GET /api/v1/reservas,4.612982,200,success,
1789927011.365704,GET,GET /api/v1/reservas,4.787937,200,success,
1789927011.392340,GET,GET /api/v1/reservas,7.288587,200,success,
1789927011.410483,GET,GET /api/v1/reservas,6.781949,200,success,
1789927011.538748,GET,GET /api/v1/reservas/{id},5.030584,200,success,
1789927011.556081,GET,GET /api/v1/reservas,4.997295,200,success,
1789927011.561679,GET,GET /api/v1/reservas,4.367060,200,success,
1789927011.594603,GET,GET /api/v1/reservas,6.600044,200,success,
1789927011.595162,GET,GET /api/v1/reservas,5.489331,200,success,
1789927011.596495,GET,GET /api/v1/reservas/{id},4.230823,200,success,
1789927011.600052,GET,GET /api/v1/reservas,4.678642,200,success,
1789927011.612831,GET,GET /api/v1/reservas/{id},5.750716,200,success,
1789927011.613923,GET,GET /api/v1/reservas,5.052298,200,success,
1789927011.662328,GET,GET /api/v1/reservas,5.138939,200,success,
1789927011.735726,GET,GET /api/v1/reservas,9.223229,200,success,
1789927011.898283,GET,GET /api/v1/reservas,7.057487,200,success,
1789927011.951142,GET,GET /api/v1/reservas,10.441937,200,success,
1789927011.971088,GET,GET /api/v1/reservas,5.605486,200,success,
1789927012.048390,GET,GET /api/v1/reservas,5.931139,200,success,
1789927012.121474,GET,GET /api/v1/reservas/{id},5.770056,200,success,
1789927012.143843,GET,GET /api/v1/reservas,6.040846,200,success,
1789927012.163183,GET,GET /api/v1/reservas,7.021743,200,success,
1789927012.215518,GET,GET /api/v1/reservas,7.008523,200,success,
1789927012.279652,GET,GET /api/v1/reservas,9.775076,200,success,
1789927012.280123,GET,GET /api/v1/reservas,6.069899,200,success,
1789927012.376437,GET,GET /api/v1/reservas/{id},5.936669,200,success,
1789927012.413479,GET,GET /api/v1/reservas/{id},5.794122,200,success,
1789927012.574936,GET,GET /api/v1/reservas,6.018501,200,success,
1789927012.594181,GET,GET /api/v1/reservas,5.922067,200,success,
1789927012.594730,GET,GET /api/v1/reservas,4.830050,200,success,
1789927012.696187,GET,GET /api/v1/reservas,6.294711,200,success,
1789927012.753046,GET,GET /api/v1/reservas,10.324348,200,success,
1789927012.788629,GET,GET /api/v1/reservas,9.209869,200,success,
1789927012.853334,GET,GET /api/v1/reservas/{id},10.440113,200,success,
1789927012.866371,GET,GET /api/v1/reservas,6.682318,200,success,
1789927012.984097,GET,GET /api/v1/reservas,7.322108,200,success,
1789927012.993556,GET,GET /api/v1/reservas,6.128739,200,success,
1789927013.000053,GET,GET /api/v1/reservas,6.258607,200,success,
1789927013.008502,GET,GET /api/v1/reservas,5.157326,200,success,
1789927013.013180,GET,GET /api/v1/reservas/{id},3.508828,200,success,
1789927013.022117,GET,GET /api/v1/reservas/{id},3.766710,200,success,
1789927013.065941,GET,GET /api/v1/reservas,5.545265,200,success,
1789927013.155139,GET,GET /api/v1/reservas,5.785008,200,success,
1789927013.211814,GET,GET /api/v1/reservas,6.309644,200,success,
1789927013.247979,GET,GET /api/v1/reservas,5.850467,200,success,
1789927013.252603,GET,GET /api/v1/reservas,5.763195,200,success,
1789927013.252954,GET,GET /api/v1/reservas,5.738328,200,success,
1789927013.264662,GET,GET /api/v1/reservas,4.478458,200,success,
1789927013.297170,GET,GET /api/v1/reservas,5.294714,200,success,
1789927013.323515,GET,GET /api/v1/reservas,5.019297,200,success,
1789927013.329758,GET,GET /api/v1/reservas,3.999743,200,success,
1789927013.353808,GET,GET /api/v1/reservas,4.813766,200,success,
1789927013.369411,GET,GET /api/v1/reservas,4.316472,200,success,
1789927013.449712,GET,GET /api/v1/reservas,6.012993,200,success,
1789927013.456313,GET,GET /api/v1/reservas/{id},3.433444,200,success,
1789927013.516231,GET,GET /api/v1/reservas,10.689341,200,success,
1789927013.531284,GET,GET /api/v1/reservas,4.778553,200,success,
1789927013.581679,GET,GET /api/v1/reservas,5.072298,200,success,
1789927013.626065,GET,GET /api/v1/reservas,5.093421,200,success,
1789927013.752254,GET,GET /api/v1/reservas,6.067037,200,success,
1789927013.763192,GET,GET /api/v1/reservas,4.674254,200,success,
1789927013.797407,GET,GET /api/v1/reservas,5.896577,200,success,
1789927013.881046,GET,GET /api/v1/reservas,6.239286,200,success,
1789927013.889136,GET,GET /api/v1/reservas,4.809220,200,success,
1789927013.968940,GET,GET /api/v1/reservas,7.434990,200,success,
1789927014.018824,GET,GET /api/v1/reservas,5.618055,200,success,
1789927014.063264,GET,GET /api/v1/reservas,5.112339,200,success,
1789927014.069789,GET,GET /api/v1/reservas,4.298034,200,success,
1789927014.137029,GET,GET /api/v1/reservas,5.893132,200,success,
1789927014.256537,GET,GET /api/v1/reservas/{id},5.183657,200,success,
1789927014.304568,GET,GET /api/v1/reservas,5.698467,200,success,
1789927014.362550,GET,GET /api/v1/reservas/{id},4.736849,200,success,
1789927014.371780,GET,GET /api/v1/reservas,4.923653,200,success,
1789927014.398961,GET,GET /api/v1/reservas/{id},3.986081,200,success,
1789927014.409040,GET,GET /api/v1/reservas,4.764311,200,success,
1789927014.558158,GET,GET /api/v1/reservas,6.714426,200,success,
1789927014.562268,GET,GET /api/v1/reservas,4.909351,200,success,
1789927014.603379,GET,GET /api/v1/reservas,4.850722,200,success,
1789927014.630255,GET,GET /api/v1/reservas,4.579671,200,success,
1789927014.671449,GET,GET /api/v1/reservas,4.904653,200,success,
1789927014.775487,GET,GET /api/v1/reservas,6.987431,200,success,
1789927014.795552,GET,GET /api/v1/reservas/{id},4.847157,200,success,
1789927014.800085,GET,GET /api/v1/reservas,5.449219,200,success,
1789927014.861029,GET,GET /api/v1/reservas,5.613227,200,success,
1789927014.876724,GET,GET /api/v1/reservas,5.381646,200,success,
1789927014.883814,GET,GET /api/v1/reservas,4.839665,200,success,
1789927014.890349,GET,GET /api/v1/reservas,4.297785,200,success,
1789927014.905221,GET,GET /api/v1/reservas/{id},3.695111,200,success,
1789927014.952342,GET,GET /api/v1/reservas,9.796187,200,success,
1789927015.082048,GET,GET /api/v1/reservas,6.252708,200,success,
1789927015.124711,GET,GET /api/v1/reservas,5.341155,200,success,
1789927015.390524,GET,GET /api/v1/reservas,6.371677,200,success,
1789927015.400717,GET,GET /api/v1/reservas,4.894769,200,success,
1789927015.411550,GET,GET /api/v1/reservas,4.503466,200,success,
1789927015.520605,GET,GET /api/v1/reservas,6.197373,200,success,
1789927015.540000,GET,GET /api/v1/reservas,7.123857,200,success,
1789927015.549793,GET,GET /api/v1/reservas,4.555104,200,success,
1789927015.587311,GET,GET /api/v1/reservas/{id},5.313764,200,success,
1789927015.590458,GET,GET /api/v1/reservas/{id},3.958339,200,success,
1789927015.598173,GET,GET /api/v1/reservas,4.477867,200,success,
1789927015.624568,GET,GET /api/v1/reservas,5.107361,200,success,
1789927015.629786,GET,GET /api/v1/reservas,3.989677,200,success,
1789927015.646359,GET,GET /api/v1/reservas,4.297634,200,success,
1789927015.667158,GET,GET /api/v1/reservas,4.521593,200,success,
1789927015.710057,GET,GET /api/v1/reservas,5.883578,200,success,
1789927015.758875,GET,GET /api/v1/reservas/{id},4.636718,200,success,
1789927015.761787,GET,GET /api/v1/reservas,4.723349,200,success,
1789927015.767206,GET,GET /api/v1/reservas,4.168919,200,success,
1789927015.781638,GET,GET /api/v1/reservas,5.156335,200,success,
1789927015.792254,GET,GET /api/v1/reservas,6.291215,200,success,
1789927015.795421,GET,GET /api/v1/reservas,6.682630,200,success,
1789927015.813748,GET,GET /api/v1/reservas/{id},4.617649,200,success,
1789927015.815828,GET,GET /api/v1/reservas,7.120322,200,success,
1789927015.879465,GET,GET /api/v1/reservas/{id},4.408792,200,success,
1789927015.916737,GET,GET /api/v1/reservas,5.962687,200,success,
1789927015.936643,GET,GET /api/v1/reservas,5.630313,200,success,
1789927016.064963,GET,GET /api/v1/reservas,6.933399,200,success,
1789927016.154914,GET,GET /api/v1/reservas/{id},4.643087,200,success,
1789927016.288768,GET,GET /api/v1/reservas,6.435634,200,success,
1789927016.338659,GET,GET /api/v1/reservas,5.536812,200,success,
1789927016.351023,GET,GET /api/v1/reservas/{id},4.153275,200,success,
1789927016.359674,GET,GET /api/v1/reservas,4.374039,200,success,
1789927016.418908,GET,GET /api/v1/reservas,6.906959,200,success,
1789927016.469268,GET,GET /api/v1/reservas,5.690194,200,success,
1789927016.482750,GET,GET /api/v1/reservas,5.187663,200,success,
1789927016.522451,GET,GET /api/v1/reservas/{id},4.499449,200,success,
1789927016.556832,GET,GET /api/v1/reservas/{id},4.185976,200,success,
1789927016.557922,GET,GET /api/v1/reservas/{id},3.590221,200,success,
1789927016.592385,GET,GET /api/v1/reservas/{id},4.292566,200,success,
1789927016.638194,GET,GET /api/v1/reservas,5.473426,200,success,
1789927016.663515,GET,GET /api/v1/reservas,5.055052,200,success,
1789927016.692955,GET,GET /api/v1/reservas,5.151158,200,success,
1789927016.725241,GET,GET /api/v1/reservas,4.997855,200,success,
1789927016.750906,GET,GET /api/v1/reservas/{id},4.471586,200,success,
1789927016.751846,GET,GET /api/v1/reservas,4.953908,200,success,
1789927016.767407,GET,GET /api/v1/reservas/{id},3.390328,200,success,
1789927017.078520,GET,GET /api/v1/reservas,9.341158,200,success,
1789927017.098193,GET,GET /api/v1/reservas/{id},4.441161,200,success,
1789927017.103139,GET,GET /api/v1/reservas,4.724220,200,success,
1789927017.216600,GET,GET /api/v1/reservas,7.956839,200,success,
1789927017.219607,GET,GET /api/v1/reservas,9.039972,200,success,
1789927017.291356,GET,GET /api/v1/reservas/{id},5.499496,200,success,
1789927017.376859,GET,GET /api/v1/reservas,8.129542,200,success,
1789927017.422844,GET,GET /api/v1/reservas,9.278352,200,success,
1789927017.458036,GET,GET /api/v1/reservas,6.819746,200,success,
1789927017.475231,GET,GET /api/v1/reservas,5.916217,200,success,
1789927017.488141,GET,GET /api/v1/reservas/{id},4.723729,200,success,
1789927017.513381,GET,GET /api/v1/reservas,5.556142,200,success,
1789927017.516807,GET,GET /api/v1/reservas,5.309999,200,success,
1789927017.559138,GET,GET /api/v1/reservas,5.052438,200,success,
1789927017.567796,GET,GET /api/v1/reservas/{id},3.495769,200,success,
1789927017.578486,GET,GET /api/v1/reservas,4.451067,200,success,
1789927017.630853,GET,GET /api/v1/reservas/{id},4.165714,200,success,
1789927017.642268,GET,GET /api/v1/reservas,4.150020,200,success,
1789927017.708912,GET,GET /api/v1/reservas,6.529095,200,success,
1789927017.721138,GET,GET /api/v1/reservas,5.919653,200,success,
1789927017.726070,GET,GET /api/v1/reservas,7.157068,200,success,
1789927017.748529,GET,GET /api/v1/reservas,5.194082,200,success,
1789927017.851902,GET,GET /api/v1/reservas/{id},5.083685,200,success,
1789927017.876348,GET,GET /api/v1/reservas/{id},4.228629,200,success,
1789927017.890644,GET,GET /api/v1/reservas/{id},4.097150,200,success,
1789927018.032595,GET,GET /api/v1/reservas,8.542468,200,success,
1789927018.044090,GET,GET /api/v1/reservas/{id},4.276182,200,success,
1789927018.068906,GET,GET /api/v1/reservas,13.471218,200,success,
1789927018.070194,GET,GET /api/v1/reservas,11.633303,200,success,
1789927018.098490,GET,GET /api/v1/reservas/{id},6.027315,200,success,
1789927018.218277,GET,GET /api/v1/reservas,6.392699,200,success,
1789927018.260024,GET,GET /api/v1/reservas/{id},4.502814,200,success,
1789927018.266110,GET,GET /api/v1/reservas/{id},3.913172,200,success,
1789927018.276315,GET,GET /api/v1/reservas,4.960609,200,success,
1789927018.350763,GET,GET /api/v1/reservas,6.118774,200,success,
1789927018.359349,GET,GET /api/v1/reservas/{id},3.418852,200,success,
1789927018.385444,GET,GET /api/v1/reservas,4.835829,200,success,
1789927018.452337,GET,GET /api/v1/reservas,5.583582,200,success,
1789927018.507499,GET,GET /api/v1/reservas,5.863817,200,success,
1789927018.538955,GET,GET /api/v1/reservas,5.178118,200,success,
1789927018.636331,GET,GET /api/v1/reservas,5.980484,200,success,
1789927018.669637,GET,GET /api/v1/reservas,5.034962,200,success,
1789927018.697953,GET,GET /api/v1/reservas,5.395448,200,success,
1789927018.885931,GET,GET /api/v1/reservas/{id},5.120521,200,success,
1789927018.886662,GET,GET /api/v1/reservas,6.219416,200,success,
1789927018.906712,GET,GET /api/v1/reservas/{id},3.879440,200,success,
1789927018.944223,GET,GET /api/v1/reservas,5.238480,200,success,
1789927018.984797,GET,GET /api/v1/reservas,6.298517,200,success,
1789927018.986820,GET,GET /api/v1/reservas,4.608054,200,success,
1789927018.996659,GET,GET /api/v1/reservas,4.613343,200,success,
1789927019.091337,GET,GET /api/v1/reservas,6.294561,200,success,
1789927019.153230,GET,GET /api/v1/reservas/{id},4.614153,200,success,
1789927019.201410,GET,GET /api/v1/reservas/{id},4.917062,200,success,
1789927019.234299,GET,GET /api/v1/reservas,5.572756,200,success,
1789927019.253384,GET,GET /api/v1/reservas,4.811172,200,success,
1789927019.297006,GET,GET /api/v1/reservas/{id},4.396843,200,success,
1789927019.303116,GET,GET /api/v1/reservas,4.805224,200,success,
1789927019.305179,GET,GET /api/v1/reservas,4.353508,200,success,
1789927019.321330,GET,GET /api/v1/reservas,4.907999,200,success,
1789927019.372788,GET,GET /api/v1/reservas,5.184288,200,success,
1789927019.393927,GET,GET /api/v1/reservas,4.886938,200,success,
1789927019.409936,GET,GET /api/v1/reservas/{id},3.807151,200,success,
1789927019.430595,GET,GET /api/v1/reservas/{id},3.471252,200,success,
1789927019.454528,GET,GET /api/v1/reservas,4.650298,200,success,
1789927019.527589,GET,GET /api/v1/reservas,6.254619,200,success,
1789927019.528451,GET,GET /api/v1/reservas,4.400148,200,success,
1789927019.580122,GET,GET /api/v1/reservas,5.399724,200,success,
1789927019.643881,GET,GET /api/v1/reservas,5.438604,200,success,
1789927019.677658,GET,GET /api/v1/reservas,6.288912,200,success,
1789927019.694940,GET,GET /api/v1/reservas,7.978772,200,success,
1789927019.767167,GET,GET /api/v1/reservas,7.733973,200,success,
1789927019.769966,GET,GET /api/v1/reservas,5.667911,200,success,
1789927020.049663,GET,GET /api/v1/reservas/{id},5.193501,200,success,
1789927020.100220,GET,GET /api/v1/reservas/{id},4.312016,200,success,
1789927020.162183,GET,GET /api/v1/reservas,5.623013,200,success,
1789927020.204472,GET,GET /api/v1/reservas,8.909313,200,success,
1789927020.237038,GET,GET /api/v1/reservas,7.177950,200,success,
1789927020.266599,GET,GET /api/v1/reservas,7.191040,200,success,
1789927020.274287,GET,GET /api/v1/reservas,7.326114,200,success,
1789927020.274867,GET,GET /api/v1/reservas,7.589442,200,success,
1789927020.292217,GET,GET /api/v1/reservas,6.080025,200,success,
1789927020.298837,GET,GET /api/v1/reservas,6.449735,200,success,
1789927020.317041,GET,GET /api/v1/reservas,10.857275,200,success,
1789927020.430178,GET,GET /api/v1/reservas,11.667465,200,success,
1789927020.468630,GET,GET /api/v1/reservas,8.075470,200,success,
1789927020.505660,GET,GET /api/v1/reservas,9.612088,200,success,
1789927020.609316,GET,GET /api/v1/reservas,6.227078,200,success,
1789927020.628307,GET,GET /api/v1/reservas,4.685952,200,success,
1789927020.695793,GET,GET /api/v1/reservas,7.113823,200,success,
1789927020.696224,GET,GET /api/v1/reservas,5.789776,200,success,
1789927020.719830,GET,GET /api/v1/reservas,6.309883,200,success,
1789927020.742867,GET,GET /api/v1/reservas,6.706845,200,success,
1789927020.808495,GET,GET /api/v1/reservas,8.244577,200,success,
1789927020.868228,GET,GET /api/v1/reservas/{id},4.464938,200,success,
1789927020.892250,GET,GET /api/v1/reservas/{id},3.835523,200,success,
1789927020.899801,GET,GET /api/v1/reservas,4.305586,200,success,
1789927020.933166,GET,GET /api/v1/reservas/{id},4.176230,200,success,
1789927020.935890,GET,GET /api/v1/reservas/{id},3.377809,200,success,
1789927020.975163,GET,GET /api/v1/reservas,4.980368,200,success,
1789927021.028584,GET,GET /api/v1/reservas,7.026189,200,success,
1789927021.114967,GET,GET /api/v1/reservas,5.965091,200,success,
1789927021.216168,GET,GET /api/v1/reservas,8.819227,200,success,
1789927021.222669,GET,GET /api/v1/reservas,5.193832,200,success,
1789927021.263891,GET,GET /api/v1/reservas,5.892010,200,success,
1789927021.314734,GET,GET /api/v1/reservas,5.528049,200,success,
1789927021.324085,GET,GET /api/v1/reservas,5.058727,200,success,
1789927021.376532,GET,GET /api/v1/reservas/{id},4.440631,200,success,
1789927021.377032,GET,GET /api/v1/reservas,6.651361,200,success,
1789927021.498203,GET,GET /api/v1/reservas/{id},5.540107,200,success,
1789927021.593726,GET,GET /api/v1/reservas/{id},4.810260,200,success,
1789927021.729512,GET,GET /api/v1/reservas,6.588566,200,success,
1789927021.785279,GET,GET /api/v1/reservas/{id},4.536255,200,success,
1789927021.845086,GET,GET /api/v1/reservas,5.454266,200,success,
1789927021.871373,GET,GET /api/v1/reservas,4.987640,200,success,
1789927021.898032,GET,GET /api/v1/reservas,5.330929,200,success,
1789927021.913131,GET,GET /api/v1/reservas,4.847367,200,success,
1789927021.916966,GET,GET /api/v1/reservas,4.484227,200,success,
1789927021.939715,GET,GET /api/v1/reservas,4.482153,200,success,
1789927022.000221,GET,GET /api/v1/reservas,6.180548,200,success,
1789927022.054144,GET,GET /api/v1/reservas,5.561158,200,success,
1789927022.165002,GET,GET /api/v1/reservas,6.442415,200,success,
1789927022.184252,GET,GET /api/v1/reservas,5.928105,200,success,
1789927022.205461,GET,GET /api/v1/reservas,6.845966,200,success,
1789927022.230093,GET,GET /api/v1/reservas,7.243279,200,success,
1789927022.272715,GET,GET /api/v1/reservas/{id},5.354996,200,success,
1789927022.300203,GET,GET /api/v1/reservas,6.146386,200,success,
1789927022.355370,GET,GET /api/v1/reservas,6.834800,200,success,
1789927022.384501,GET,GET /api/v1/reservas/{id},5.862216,200,success,
1789927022.393443,GET,GET /api/v1/reservas,5.650844,200,success,
1789927022.418453,GET,GET /api/v1/reservas,6.701958,200,success,
1789927022.418955,GET,GET /api/v1/reservas,6.858446,200,success,
1789927022.467343,GET,GET /api/v1/reservas/{id},6.127096,200,success,
1789927022.484339,GET,GET /api/v1/reservas,6.658873,200,success,
1789927022.507744,GET,GET /api/v1/reservas,7.060061,200,success,
1789927022.520611,GET,GET /api/v1/reservas/{id},4.659031,200,success,
1789927022.581233,GET,GET /api/v1/reservas,9.245924,200,success,
1789927022.606339,GET,GET /api/v1/reservas,8.701640,200,success,
1789927022.628482,GET,GET /api/v1/reservas,7.558376,200,success,
1789927022.668205,GET,GET /api/v1/reservas,7.344502,200,success,
1789927022.751318,GET,GET /api/v1/reservas,7.582113,200,success,
1789927022.770063,GET,GET /api/v1/reservas,7.383231,200,success,
1789927022.781943,GET,GET /api/v1/reservas,6.525750,200,success,
1789927022.843753,GET,GET /api/v1/reservas,6.441363,200,success,
1789927022.874764,GET,GET /api/v1/reservas/{id},4.799645,200,success,
1789927022.884786,GET,GET /api/v1/reservas/{id},3.837506,200,success,
1789927022.944464,GET,GET /api/v1/reservas,6.328932,200,success,
1789927022.974375,GET,GET /api/v1/reservas,5.600018,200,success,
1789927022.980445,GET,GET /api/v1/reservas,4.795278,200,success,
1789927023.000230,GET,GET /api/v1/reservas,5.475639,200,success,
1789927023.008524,GET,GET /api/v1/reservas,4.979026,200,success,
1789927023.072414,GET,GET /api/v1/reservas,7.513378,200,success,
1789927023.138105,GET,GET /api/v1/reservas,7.310991,200,success,
1789927023.171213,GET,GET /api/v1/reservas,7.706591,200,success,
1789927023.223268,GET,GET /api/v1/reservas,7.615513,200,success,
1789927023.244528,GET,GET /api/v1/reservas,7.873634,200,success,
1789927023.245103,GET,GET /api/v1/reservas,7.974287,200,success,
1789927023.293049,GET,GET /api/v1/reservas,7.608553,200,success,
1789927023.409045,GET,GET /api/v1/reservas,7.580430,200,success,
1789927023.538058,GET,GET /api/v1/reservas,6.182140,200,success,
1789927023.538885,GET,GET /api/v1/reservas/{id},3.322175,200,success,
1789927023.580482,GET,GET /api/v1/reservas,5.327916,200,success,
1789927023.584568,GET,GET /api/v1/reservas,4.752122,200,success,
1789927023.635951,GET,GET /api/v1/reservas,6.080896,200,success,
1789927023.794198,GET,GET /api/v1/reservas/{id},5.111577,200,success,
1789927023.849621,GET,GET /api/v1/reservas,7.012449,200,success,
1789927023.884741,GET,GET /api/v1/reservas,5.802154,200,success,
1789927023.951978,GET,GET /api/v1/reservas,5.876537,200,success,
1789927024.069692,GET,GET /api/v1/reservas,7.289890,200,success,
1789927024.103966,GET,GET /api/v1/reservas,5.925662,200,success,
1789927024.111166,GET,GET /api/v1/reservas/{id},3.425743,200,success,
1789927024.111497,GET,GET /api/v1/reservas/{id},4.344795,200,success,
1789927024.142686,GET,GET /api/v1/reservas,4.938936,200,success,
1789927024.218356,GET,GET /api/v1/reservas,6.313819,200,success,
1789927024.246290,GET,GET /api/v1/reservas,5.612767,200,success,
1789927024.255288,GET,GET /api/v1/reservas,5.680660,200,success,
1789927024.260289,GET,GET /api/v1/reservas,4.787466,200,success,
1789927024.373097,GET,GET /api/v1/reservas,6.386339,200,success,
1789927024.373547,GET,GET /api/v1/reservas,5.066199,200,success,
1789927024.423286,GET,GET /api/v1/reservas,5.435338,200,success,
1789927024.459519,GET,GET /api/v1/reservas/{id},4.021784,200,success,
1789927024.470781,GET,GET /api/v1/reservas,5.018967,200,success,
1789927024.471159,GET,GET /api/v1/reservas,5.081452,200,success,
1789927024.488160,GET,GET /api/v1/reservas,4.730439,200,success,
1789927024.568714,GET,GET /api/v1/reservas,6.183072,200,success,
1789927024.621829,GET,GET /api/v1/reservas,5.787803,200,success,
1789927024.642640,GET,GET /api/v1/reservas,5.493516,200,success,
1789927024.655956,GET,GET /api/v1/reservas,6.009569,200,success,
1789927024.668110,GET,GET /api/v1/reservas/{id},3.948414,200,success,
1789927024.738555,GET,GET /api/v1/reservas,6.357175,200,success,
1789927024.758773,GET,GET /api/v1/reservas,4.959037,200,success,
1789927024.786826,GET,GET /api/v1/reservas,5.771437,200,success,
1789927024.818444,GET,GET /api/v1/reservas,6.250273,200,success,
1789927024.823509,GET,GET /api/v1/reservas,4.867438,200,success,
1789927024.840763,GET,GET /api/v1/reservas/{id},4.036568,200,success,
1789927024.846695,GET,GET /api/v1/reservas,4.644199,200,success,
1789927024.854816,GET,GET /api/v1/reservas,4.846787,200,success,
1789927024.857804,GET,GET /api/v1/reservas,4.281829,200,success,
1789927024.898580,GET,GET /api/v1/reservas/{id},4.577399,200,success,
1789927024.941356,GET,GET /api/v1/reservas,5.459205,200,success,
1789927024.954005,GET,GET /api/v1/reservas,4.348290,200,success,
1789927024.971647,GET,GET /api/v1/reservas,4.405357,200,success,
1789927025.024738,GET,GET /api/v1/reservas,5.788675,200,success,
1789927025.080641,GET,GET /api/v1/reservas/{id},4.658200,200,success,
1789927025.157890,GET,GET /api/v1/reservas,5.898601,200,success,
1789927025.211012,GET,GET /api/v1/reservas,5.779460,200,success,
1789927025.252979,GET,GET /api/v1/reservas,5.669804,200,success,
1789927025.274511,GET,GET /api/v1/reservas,5.189806,200,success,
1789927025.306374,GET,GET /api/v1/reservas,5.527668,200,success,
1789927025.325323,GET,GET /api/v1/reservas,5.632127,200,success,
1789927025.333137,GET,GET /api/v1/reservas/{id},3.629581,200,success,
1789927025.372614,GET,GET /api/v1/reservas,5.201213,200,success,
1789927025.422632,GET,GET /api/v1/reservas,5.704577,200,success,
1789927025.476545,GET,GET /api/v1/reservas,5.566967,200,success,
1789927025.727931,GET,GET /api/v1/reservas,6.614346,200,success,
1789927025.794188,GET,GET /api/v1/reservas,5.869306,200,success,
1789927025.833488,GET,GET /api/v1/reservas,7.948016,200,success,
1789927025.834012,GET,GET /api/v1/reservas,6.507774,200,success,
1789927025.857308,GET,GET /api/v1/reservas,6.002127,200,success,
1789927025.899758,GET,GET /api/v1/reservas,6.141197,200,success,
1789927025.928306,GET,GET /api/v1/reservas/{id},4.335280,200,success,
1789927025.937072,GET,GET /api/v1/reservas/{id},3.572895,200,success,
1789927026.033233,GET,GET /api/v1/reservas,5.827393,200,success,
1789927026.077592,GET,GET /api/v1/reservas/{id},4.125262,200,success,
1789927026.093642,GET,GET /api/v1/reservas/{id},3.785238,200,success,
1789927026.201380,GET,GET /api/v1/reservas,6.383405,200,success,
1789927026.224170,GET,GET /api/v1/reservas/{id},4.567913,200,success,
1789927026.329869,GET,GET /api/v1/reservas,6.276203,200,success,
1789927026.382779,GET,GET /api/v1/reservas,5.580348,200,success,
1789927026.408386,GET,GET /api/v1/reservas,5.314706,200,success,
1789927026.425237,GET,GET /api/v1/reservas,4.571809,200,success,
1789927026.545892,GET,GET /api/v1/reservas,5.940374,200,success,
1789927026.573537,GET,GET /api/v1/reservas,5.369739,200,success,
1789927026.622444,GET,GET /api/v1/reservas,5.613198,200,success,
1789927026.639645,GET,GET /api/v1/reservas,4.927588,200,success,
1789927026.655788,GET,GET /api/v1/reservas/{id},3.988275,200,success,
1789927026.661633,GET,GET /api/v1/reservas,4.599202,200,success,
1789927026.680692,GET,GET /api/v1/reservas/{id},3.878669,200,success,
1789927026.689774,GET,GET /api/v1/reservas,5.794002,200,success,
1789927026.693508,GET,GET /api/v1/reservas,5.939623,200,success,
1789927026.739030,GET,GET /api/v1/reservas/{id},4.556556,200,success,
1789927026.776742,GET,GET /api/v1/reservas,5.402639,200,success,
1789927026.865275,GET,GET /api/v1/reservas,7.178330,200,success,
1789927026.882997,GET,GET /api/v1/reservas,7.353166,200,success,
1789927026.912434,GET,GET /api/v1/reservas,6.133526,200,success,
1789927026.933059,GET,GET /api/v1/reservas/{id},5.425133,200,success,
1789927026.948347,GET,GET /api/v1/reservas,5.010434,200,success,
1789927026.957324,GET,GET /api/v1/reservas,4.721306,200,success,
1789927026.959073,GET,GET /api/v1/reservas/{id},3.940652,200,success,
1789927027.072721,GET,GET /api/v1/reservas,7.237820,200,success,
1789927027.097215,GET,GET /api/v1/reservas,6.035197,200,success,
1789927027.200724,GET,GET /api/v1/reservas,6.118674,200,success,
1789927027.305309,GET,GET /api/v1/reservas,6.149991,200,success,
1789927027.381757,GET,GET /api/v1/reservas,6.097040,200,success,
1789927027.399479,GET,GET /api/v1/reservas,5.423169,200,success,
1789927027.418527,GET,GET /api/v1/reservas,5.793372,200,success,
1789927027.426979,GET,GET /api/v1/reservas,4.224823,200,success,
1789927027.453074,GET,GET /api/v1/reservas,4.799934,200,success,
1789927027.502242,GET,GET /api/v1/reservas,6.827357,200,success,
1789927027.615015,GET,GET /api/v1/reservas,6.805455,200,success,
1789927027.644040,GET,GET /api/v1/reservas/{id},6.752114,200,success,
1789927027.677473,GET,GET /api/v1/reservas,8.003771,200,success,
1789927027.720881,GET,GET /api/v1/reservas/{id},6.048688,200,success,
1789927027.724275,GET,GET /api/v1/reservas,5.299000,200,success,
1789927027.728741,GET,GET /api/v1/reservas,5.559736,200,success,
1789927027.783039,GET,GET /api/v1/reservas,6.939038,200,success,
1789927027.814817,GET,GET /api/v1/reservas,6.476065,200,success,
1789927027.850601,GET,GET /api/v1/reservas,5.473125,200,success,
1789927027.883087,GET,GET /api/v1/reservas/{id},5.262315,200,success,
1789927027.947467,GET,GET /api/v1/reservas,6.046024,200,success,
1789927027.956244,GET,GET /api/v1/reservas/{id},3.598704,200,success,
1789927028.006999,GET,GET /api/v1/reservas/{id},4.515994,200,success,
1789927028.053844,GET,GET /api/v1/reservas,5.519646,200,success,
1789927028.086735,GET,GET /api/v1/reservas,7.512717,200,success,
1789927028.093621,GET,GET /api/v1/reservas,5.571975,200,success,
1789927028.122505,GET,GET /api/v1/reservas,5.567458,200,success,
1789927028.228775,GET,GET /api/v1/reservas/{id},5.046709,200,success,
1789927028.357438,GET,GET /api/v1/reservas/{id},5.347164,200,success,
1789927028.409278,GET,GET /api/v1/reservas,8.457809,200,success,
1789927028.429204,GET,GET /api/v1/reservas,6.593253,200,success,
1789927028.517565,GET,GET /api/v1/reservas,6.951947,200,success,
1789927028.606312,GET,GET /api/v1/reservas,6.356204,200,success,
1789927028.622408,GET,GET /api/v1/reservas/{id},3.898299,200,success,
1789927028.658812,GET,GET /api/v1/reservas,5.114983,200,success,
1789927028.855949,GET,GET /api/v1/reservas/{id},9.444315,200,success,
1789927028.856680,GET,GET /api/v1/reservas,7.720010,200,success,
1789927028.860792,GET,GET /api/v1/reservas,10.149694,200,success,
1789927028.871505,GET,GET /api/v1/reservas/{id},12.608150,200,success,
1789927028.904928,GET,GET /api/v1/reservas,6.100276,200,success,
1789927028.928416,GET,GET /api/v1/reservas,5.164869,200,success,
1789927028.934421,GET,GET /api/v1/reservas,4.720084,200,success,
1789927028.936906,GET,GET /api/v1/reservas/{id},3.703364,200,success,
1789927028.940671,GET,GET /api/v1/reservas,4.334460,200,success,
1789927028.966340,GET,GET /api/v1/reservas/{id},3.481677,200,success,
1789927028.981553,GET,GET /api/v1/reservas,4.967259,200,success,
1789927029.046947,GET,GET /api/v1/reservas,6.073855,200,success,
1789927029.060926,GET,GET /api/v1/reservas/{id},3.752699,200,success,
1789927029.093285,GET,GET /api/v1/reservas,7.011848,200,success,
1789927029.145160,GET,GET /api/v1/reservas,5.514639,200,success,
1789927029.154688,GET,GET /api/v1/reservas,4.278094,200,success,
1789927029.243262,GET,GET /api/v1/reservas,6.228059,200,success,
1789927029.261426,GET,GET /api/v1/reservas,5.858890,200,success,
1789927029.263833,GET,GET /api/v1/reservas,5.191568,200,success,
1789927029.264194,GET,GET /api/v1/reservas,5.976148,200,success,
1789927029.290190,GET,GET /api/v1/reservas,4.740044,200,success,
1789927029.306865,GET,GET /api/v1/reservas,4.414891,200,success,
1789927029.323609,GET,GET /api/v1/reservas/{id},4.553742,200,success,
1789927029.350653,GET,GET /api/v1/reservas/{id},3.861782,200,success,
1789927029.361197,GET,GET /api/v1/reservas/{id},3.375987,200,success,
1789927029.383553,GET,GET /api/v1/reservas,5.056564,200,success,
1789927029.397781,GET,GET /api/v1/reservas/{id},4.039142,200,success,
1789927029.434013,GET,GET /api/v1/reservas/{id},4.032972,200,success,
1789927029.518173,GET,GET /api/v1/reservas,6.312327,200,success,
1789927029.573288,GET,GET /api/v1/reservas,5.816196,200,success,
1789927029.595937,GET,GET /api/v1/reservas,5.331081,200,success,
1789927029.718072,GET,GET /api/v1/reservas/{id},4.997715,200,success,
1789927029.857714,GET,GET /api/v1/reservas,8.252488,200,success,
1789927029.897586,GET,GET /api/v1/reservas/{id},4.643728,200,success,
1789927029.972757,GET,GET /api/v1/reservas,7.781614,200,success,
1789927029.976701,GET,GET /api/v1/reservas,7.825461,200,success,
1789927029.991183,GET,GET /api/v1/reservas,5.988126,200,success,
1789927030.005319,GET,GET /api/v1/reservas,6.710150,200,success,
1789927030.041440,GET,GET /api/v1/reservas,6.712744,200,success,
1789927030.052265,GET,GET /api/v1/reservas,5.468157,200,success,
1789927030.074061,GET,GET /api/v1/reservas,8.454225,200,success,
1789927030.104728,GET,GET /api/v1/reservas/{id},5.445364,200,success,
1789927030.282140,GET,GET /api/v1/reservas,6.844493,200,success,
1789927030.304741,GET,GET /api/v1/reservas,5.293103,200,success,
1789927030.410933,GET,GET /api/v1/reservas,6.781789,200,success,
1789927030.480903,GET,GET /api/v1/reservas,5.622022,200,success,
1789927030.541955,GET,GET /api/v1/reservas,5.756464,200,success,
1789927030.552614,GET,GET /api/v1/reservas/{id},3.465533,200,success,
1789927030.594591,GET,GET /api/v1/reservas,6.636609,200,success,
1789927030.596145,GET,GET /api/v1/reservas/{id},5.521108,200,success,
1789927030.625220,GET,GET /api/v1/reservas/{id},6.904084,200,success,
1789927030.626041,GET,GET /api/v1/reservas,9.556404,200,success,
1789927030.644409,GET,GET /api/v1/reservas,6.048958,200,success,
1789927030.681058,GET,GET /api/v1/reservas,8.809823,200,success,
1789927030.700178,GET,GET /api/v1/reservas,6.779134,200,success,
1789927030.701973,GET,GET /api/v1/reservas,5.799951,200,success,
1789927030.755874,GET,GET /api/v1/reservas,10.580186,200,success,
1789927030.759380,GET,GET /api/v1/reservas,8.947140,200,success,
1789927030.807016,GET,GET /api/v1/reservas/{id},4.340108,200,success,
1789927030.807840,GET,GET /api/v1/reservas,8.102190,200,success,
1789927030.844187,GET,GET /api/v1/reservas,6.975013,200,success,
1789927030.942667,GET,GET /api/v1/reservas,6.055929,200,success,
1789927030.981163,GET,GET /api/v1/reservas,5.205950,200,success,
1789927031.003499,GET,GET /api/v1/reservas/{id},4.143750,200,success,
1789927031.015489,GET,GET /api/v1/reservas,4.701656,200,success,
1789927031.030261,GET,GET /api/v1/reservas,4.478288,200,success,
1789927031.038778,GET,GET /api/v1/reservas/{id},3.323688,200,success,
1789927031.055960,GET,GET /api/v1/reservas,4.946687,200,success,
1789927031.181238,GET,GET /api/v1/reservas/{id},4.964444,200,success,
1789927031.194165,GET,GET /api/v1/reservas/{id},3.745277,200,success,
1789927031.215785,GET,GET /api/v1/reservas,5.307915,200,success,
1789927031.222360,GET,GET /api/v1/reservas,4.310574,200,success,
1789927031.236077,GET,GET /api/v1/reservas,4.475493,200,success,
1789927031.278534,GET,GET /api/v1/reservas,8.164655,200,success,
1789927031.400502,GET,GET /api/v1/reservas,6.515565,200,success,
1789927031.538059,GET,GET /api/v1/reservas,6.344566,200,success,
1789927031.573388,GET,GET /api/v1/reservas,5.045798,200,success,
1789927031.639972,GET,GET /api/v1/reservas,6.231225,200,success,
1789927031.657037,GET,GET /api/v1/reservas,4.772403,200,success,
1789927031.743853,GET,GET /api/v1/reservas,7.661662,200,success,
1789927031.792289,GET,GET /api/v1/reservas/{id},6.102810,200,success,
1789927031.793111,GET,GET /api/v1/reservas,6.387531,200,success,
1789927031.794112,GET,GET /api/v1/reservas,5.644375,200,success,
1789927031.796014,GET,GET /api/v1/reservas/{id},4.484577,200,success,
1789927031.823218,GET,GET /api/v1/reservas,4.946728,200,success,
1789927031.847315,GET,GET /api/v1/reservas,4.833306,200,success,
1789927031.874733,GET,GET /api/v1/reservas,5.101492,200,success,
1789927031.917609,GET,GET /api/v1/reservas,5.581680,200,success,
1789927031.966558,GET,GET /api/v1/reservas,5.634419,200,success,
1789927031.970040,GET,GET /api/v1/reservas,4.387420,200,success,
1789927031.992235,GET,GET /api/v1/reservas,5.914895,200,success,
1789927032.027901,GET,GET /api/v1/reservas,6.366911,200,success,
1789927032.028288,GET,GET /api/v1/reservas,5.085568,200,success,
1789927032.211762,GET,GET /api/v1/reservas/{id},5.107211,200,success,
1789927032.226660,GET,GET /api/v1/reservas,5.565266,200,success,
1789927032.231478,GET,GET /api/v1/reservas,4.622046,200,success,
1789927032.259206,GET,GET /api/v1/reservas,5.450511,200,success,
1789927032.289914,GET,GET /api/v1/reservas,5.411122,200,success,
1789927032.365184,GET,GET /api/v1/reservas,5.924610,200,success,
1789927032.398309,GET,GET /api/v1/reservas,5.822285,200,success,
1789927032.464188,GET,GET /api/v1/reservas,5.538515,200,success,
1789927032.519255,GET,GET /api/v1/reservas,7.585788,200,success,
1789927032.519747,GET,GET /api/v1/reservas/{id},4.283864,200,success,
1789927032.593801,GET,GET /api/v1/reservas/{id},4.824202,200,success,
1789927032.663190,GET,GET /api/v1/reservas,6.021367,200,success,
1789927032.694718,GET,GET /api/v1/reservas,5.242407,200,success,
1789927032.715020,GET,GET /api/v1/reservas,6.991788,200,success,
1789927032.747466,GET,GET /api/v1/reservas,6.130191,200,success,
1789927032.749365,GET,GET /api/v1/reservas,6.275401,200,success,
1789927032.760556,GET,GET /api/v1/reservas,6.906058,200,success,
1789927032.832261,GET,GET /api/v1/reservas,12.345422,200,success,
1789927032.844393,GET,GET /api/v1/reservas,8.242454,200,success,
1789927032.900502,GET,GET /api/v1/reservas,6.708508,200,success,
1789927032.961827,GET,GET /api/v1/reservas,7.846422,200,success,
1789927033.002344,GET,GET /api/v1/reservas,7.151349,200,success,
1789927033.112043,GET,GET /api/v1/reservas,6.240789,200,success,
1789927033.205806,GET,GET /api/v1/reservas,6.373912,200,success,
1789927033.320665,GET,GET /api/v1/reservas,6.539202,200,success,
1789927033.355451,GET,GET /api/v1/reservas/{id},6.537649,200,success,
1789927033.377532,GET,GET /api/v1/reservas,6.737703,200,success,
1789927033.443665,GET,GET /api/v1/reservas,27.749779,200,success,
1789927033.453264,GET,GET /api/v1/reservas,7.518175,200,success,
1789927033.454021,GET,GET /api/v1/reservas,9.416762,200,success,
1789927033.454331,GET,GET /api/v1/reservas/{id},5.647541,200,success,
1789927033.464159,GET,GET /api/v1/reservas,4.620834,200,success,
1789927033.533331,GET,GET /api/v1/reservas/{id},6.642859,200,success,
1789927033.585490,GET,GET /api/v1/reservas,6.775198,200,success,
1789927033.600733,GET,GET /api/v1/reservas,7.589974,200,success,
1789927033.601218,GET,GET /api/v1/reservas,7.742575,200,success,
1789927033.626323,GET,GET /api/v1/reservas,5.777217,200,success,
1789927033.658731,GET,GET /api/v1/reservas,6.093697,200,success,
1789927033.689013,GET,GET /api/v1/reservas,4.949782,200,success,
1789927033.768271,GET,GET /api/v1/reservas/{id},5.224679,200,success,
1789927033.849460,GET,GET /api/v1/reservas/{id},6.905987,200,success,
1789927033.850173,GET,GET /api/v1/reservas,6.773976,200,success,
1789927033.851137,GET,GET /api/v1/reservas,5.244649,200,success,
1789927033.853910,GET,GET /api/v1/reservas,7.228075,200,success,
1789927033.855873,GET,GET /api/v1/reservas/{id},3.304749,200,success,
1789927033.856145,GET,GET /api/v1/reservas/{id},3.859821,200,success,
1789927033.871614,GET,GET /api/v1/reservas,4.223782,200,success,
1789927033.902240,GET,GET /api/v1/reservas/{id},3.462447,200,success,
1789927033.938196,GET,GET /api/v1/reservas,5.651776,200,success,
1789927033.988062,GET,GET /api/v1/reservas,5.564664,200,success,
1789927033.988449,GET,GET /api/v1/reservas,5.636113,200,success,
1789927034.037941,GET,GET /api/v1/reservas,6.183523,200,success,
1789927034.053880,GET,GET /api/v1/reservas,6.368131,200,success,
1789927034.095475,GET,GET /api/v1/reservas,5.295416,200,success,
1789927034.106219,GET,GET /api/v1/reservas/{id},3.573847,200,success,
1789927034.368197,GET,GET /api/v1/reservas,6.419379,200,success,
1789927034.411434,GET,GET /api/v1/reservas,5.932122,200,success,
1789927034.456832,GET,GET /api/v1/reservas,5.106140,200,success,
1789927034.510650,GET,GET /api/v1/reservas,5.489300,200,success,
1789927034.513551,GET,GET /api/v1/reservas/{id},3.746979,200,success,
1789927034.520861,GET,GET /api/v1/reservas,4.070760,200,success,
1789927034.609800,GET,GET /api/v1/reservas/{id},4.684780,200,success,
1789927034.638032,GET,GET /api/v1/reservas,4.910483,200,success,
1789927034.643391,GET,GET /api/v1/reservas,4.135558,200,success,
1789927034.718293,GET,GET /api/v1/reservas,6.548997,200,success,
1789927034.719509,GET,GET /api/v1/reservas/{id},3.370078,200,success,
1789927034.839934,GET,GET /api/v1/reservas,6.048087,200,success,
1789927034.917966,GET,GET /api/v1/reservas,5.696103,200,success,
1789927034.958195,GET,GET /api/v1/reservas/{id},4.005582,200,success,
1789927034.987207,GET,GET /api/v1/reservas,4.735648,200,success,
1789927035.015040,GET,GET /api/v1/reservas,4.580943,200,success,
1789927035.049381,GET,GET /api/v1/reservas,5.084537,200,success,
1789927035.088574,GET,GET /api/v1/reservas,4.919847,200,success,
1789927035.245265,GET,GET /api/v1/reservas,7.353467,200,success,
1789927035.246891,GET,GET /api/v1/reservas,5.081512,200,success,
1789927035.265660,GET,GET /api/v1/reservas/{id},3.621349,200,success,
1789927035.284581,GET,GET /api/v1/reservas/{id},3.724996,200,success,
1789927035.286511,GET,GET /api/v1/reservas/{id},3.020148,200,success,
1789927035.352471,GET,GET /api/v1/reservas/{id},4.737311,200,success,
1789927035.368598,GET,GET /api/v1/reservas,5.830557,200,success,
1789927035.408434,GET,GET /api/v1/reservas,5.548569,200,success,
1789927035.525422,GET,GET /api/v1/reservas/{id},5.178458,200,success,
1789927035.566161,GET,GET /api/v1/reservas/{id},4.518889,200,success,
1789927035.652588,GET,GET /api/v1/reservas,6.033786,200,success,
1789927035.655837,GET,GET /api/v1/reservas/{id},3.130305,200,success,
1789927035.661051,GET,GET /api/v1/reservas/{id},3.054299,200,success,
1789927035.680641,GET,GET /api/v1/reservas/{id},3.426885,200,success,
1789927035.688953,GET,GET /api/v1/reservas,4.052613,200,success,
1789927035.770762,GET,GET /api/v1/reservas,5.775824,200,success,
1789927035.794636,GET,GET /api/v1/reservas,4.597448,200,success,
1789927035.811369,GET,GET /api/v1/reservas,4.489424,200,success,
1789927035.935075,GET,GET /api/v1/reservas,6.271165,200,success,
1789927035.935461,GET,GET /api/v1/reservas,6.280439,200,success,
1789927035.965825,GET,GET /api/v1/reservas,5.070015,200,success,
1789927035.967621,GET,GET /api/v1/reservas/{id},3.313082,200,success,
1789927035.987303,GET,GET /api/v1/reservas/{id},3.507737,200,success,
1789927036.112224,GET,GET /api/v1/reservas/{id},4.727886,200,success,
1789927036.125059,GET,GET /api/v1/reservas,4.534402,200,success,
1789927036.167385,GET,GET /api/v1/reservas,5.054440,200,success,
1789927036.249513,GET,GET /api/v1/reservas,5.767883,200,success,
1789927036.277838,GET,GET /api/v1/reservas,5.009723,200,success,
1789927036.293698,GET,GET /api/v1/reservas/{id},3.663613,200,success,
1789927036.345085,GET,GET /api/v1/reservas/{id},4.178604,200,success,
1789927036.375419,GET,GET /api/v1/reservas,5.062984,200,success,
1789927036.430829,GET,GET /api/v1/reservas/{id},4.193105,200,success,
1789927036.442038,GET,GET /api/v1/reservas,4.658000,200,success,
1789927036.445735,GET,GET /api/v1/reservas,4.266597,200,success,
1789927036.473620,GET,GET /api/v1/reservas,5.596182,200,success,
1789927036.499098,GET,GET /api/v1/reservas/{id},4.279396,200,success,
1789927036.542460,GET,GET /api/v1/reservas/{id},4.149128,200,success,
1789927036.562212,GET,GET /api/v1/reservas,4.476505,200,success,
1789927036.570356,GET,GET /api/v1/reservas,3.934833,200,success,
1789927036.598438,GET,GET /api/v1/reservas,4.821699,200,success,
1789927036.642050,GET,GET /api/v1/reservas,5.307134,200,success,
1789927036.654666,GET,GET /api/v1/reservas,4.345788,200,success,
1789927036.659970,GET,GET /api/v1/reservas,4.067686,200,success,
1789927036.715414,GET,GET /api/v1/reservas,6.164042,200,success,
1789927036.748244,GET,GET /api/v1/reservas,7.476262,200,success,
1789927036.762947,GET,GET /api/v1/reservas,8.420273,200,success,
1789927036.819846,GET,GET /api/v1/reservas,5.588029,200,success,
1789927036.829785,GET,GET /api/v1/reservas,4.689116,200,success,
1789927036.833903,GET,GET /api/v1/reservas/{id},2.968249,200,success,
1789927036.846427,GET,GET /api/v1/reservas/{id},3.350288,200,success,
1789927036.853900,GET,GET /api/v1/reservas,4.207898,200,success,
1789927036.859102,GET,GET /api/v1/reservas/{id},3.049562,200,success,
1789927036.994298,GET,GET /api/v1/reservas/{id},4.876170,200,success,
1789927036.997891,GET,GET /api/v1/reservas,4.582926,200,success,
1789927037.021802,GET,GET /api/v1/reservas,4.627984,200,success,
1789927037.044662,GET,GET /api/v1/reservas,4.542215,200,success,
1789927037.056155,GET,GET /api/v1/reservas,4.266267,200,success,
1789927037.090976,GET,GET /api/v1/reservas,5.504604,200,success,
1789927037.134489,GET,GET /api/v1/reservas,5.212821,200,success,
1789927037.242698,GET,GET /api/v1/reservas/{id},4.919656,200,success,
1789927037.268424,GET,GET /api/v1/reservas,5.404551,200,success,
1789927037.355668,GET,GET /api/v1/reservas/{id},6.487543,200,success,
1789927037.356057,GET,GET /api/v1/reservas,7.299985,200,success,
1789927037.381131,GET,GET /api/v1/reservas,5.767942,200,success,
1789927037.464854,GET,GET /api/v1/reservas/{id},5.457601,200,success,
1789927037.483122,GET,GET /api/v1/reservas,4.911675,200,success,
1789927037.485948,GET,GET /api/v1/reservas,4.211944,200,success,
1789927037.562387,GET,GET /api/v1/reservas,5.762524,200,success,
1789927037.625432,GET,GET /api/v1/reservas,5.707180,200,success,
1789927037.627548,GET,GET /api/v1/reservas,4.102227,200,success,
1789927037.692904,GET,GET /api/v1/reservas,6.029127,200,success,
1789927037.693939,GET,GET /api/v1/reservas,4.324974,200,success,
1789927037.695832,GET,GET /api/v1/reservas,4.657800,200,success,
1789927037.731718,GET,GET /api/v1/reservas,4.842450,200,success,
1789927037.774904,GET,GET /api/v1/reservas/{id},3.987673,200,success,
1789927037.828013,GET,GET /api/v1/reservas/{id},4.795598,200,success,
1789927037.865407,GET,GET /api/v1/reservas/{id},6.161569,200,success,
1789927037.902420,GET,GET /api/v1/reservas,6.668857,200,success,
1789927038.048451,GET,GET /api/v1/reservas/{id},5.669142,200,success,
1789927038.116627,GET,GET /api/v1/reservas,7.794774,200,success,
1789927038.175236,GET,GET /api/v1/reservas/{id},5.293632,200,success,
1789927038.211394,GET,GET /api/v1/reservas,5.874964,200,success,
1789927038.224348,GET,GET /api/v1/reservas,6.681947,200,success,
1789927038.231189,GET,GET /api/v1/reservas/{id},3.655490,200,success,
1789927038.383789,GET,GET /api/v1/reservas,6.265677,200,success,
1789927038.405252,GET,GET /api/v1/reservas,5.198498,200,success,
1789927038.429256,GET,GET /api/v1/reservas,4.743601,200,success,
1789927038.453025,GET,GET /api/v1/reservas,4.509284,200,success,
1789927038.487428,GET,GET /api/v1/reservas,5.134352,200,success,
1789927038.562368,GET,GET /api/v1/reservas,6.615137,200,success,
1789927038.591701,GET,GET /api/v1/reservas,5.989999,200,success,
1789927038.623605,GET,GET /api/v1/reservas,6.539752,200,success,
1789927038.658133,GET,GET /api/v1/reservas/{id},5.283157,200,success,
1789927038.695495,GET,GET /api/v1/reservas,6.989034,200,success,
1789927038.703470,GET,GET /api/v1/reservas/{id},4.736339,200,success,
1789927038.842341,GET,GET /api/v1/reservas,6.517549,200,success,
1789927038.878639,GET,GET /api/v1/reservas,5.980224,200,success,
1789927038.879658,GET,GET /api/v1/reservas/{id},4.347730,200,success,
1789927038.908234,GET,GET /api/v1/reservas,6.321551,200,success,
1789927038.948056,GET,GET /api/v1/reservas,5.509150,200,success,
1789927038.964955,GET,GET /api/v1/reservas,4.637869,200,success,
1789927038.976625,GET,GET /api/v1/reservas/{id},3.489819,200,success,
1789927039.001794,GET,GET /api/v1/reservas,4.902861,200,success,
1789927039.021732,GET,GET /api/v1/reservas,4.632902,200,success,
1789927039.062766,GET,GET /api/v1/reservas,4.748328,200,success,
1789927039.084576,GET,GET /api/v1/reservas,4.552380,200,success,
1789927039.089529,GET,GET /api/v1/reservas/{id},3.311880,200,success,
1789927039.090206,GET,GET /api/v1/reservas,4.394600,200,success,
1789927039.162901,GET,GET /api/v1/reservas,5.361936,200,success,
1789927039.196793,GET,GET /api/v1/reservas,5.561419,200,success,
1789927039.230998,GET,GET /api/v1/reservas/{id},3.982796,200,success,
1789927039.336334,GET,GET /api/v1/reservas,5.973754,200,success,
1789927039.373649,GET,GET /api/v1/reservas/{id},4.123541,200,success,
1789927039.442436,GET,GET /api/v1/reservas,6.423245,200,success,
1789927039.576205,GET,GET /api/v1/reservas/{id},5.001350,200,success,
1789927039.580342,GET,GET /api/v1/reservas,4.716348,200,success,
1789927039.592799,GET,GET /api/v1/reservas,4.244814,200,success,
1789927039.683712,GET,GET /api/v1/reservas/{id},4.651099,200,success,
1789927039.732730,GET,GET /api/v1/reservas,5.470752,200,success,
1789927039.733158,GET,GET /api/v1/reservas,6.325267,200,success,
1789927039.745971,GET,GET /api/v1/reservas,6.041187,200,success,
1789927039.789243,GET,GET /api/v1/reservas/{id},4.056308,200,success,
1789927039.838620,GET,GET /api/v1/reservas,5.065067,200,success,
1789927039.892118,GET,GET /api/v1/reservas,5.190497,200,success,
1789927039.918274,GET,GET /api/v1/reservas,4.847046,200,success,
1789927039.930446,GET,GET /api/v1/reservas,4.859526,200,success,
1789927039.944379,GET,GET /api/v1/reservas,4.686753,200,success,
1789927039.959858,GET,GET /api/v1/reservas,4.253286,200,success,
1789927040.039393,GET,GET /api/v1/reservas,6.189681,200,success,
1789927040.157893,GET,GET /api/v1/reservas/{id},5.162935,200,success,
1789927040.171231,GET,GET /api/v1/reservas,5.029653,200,success,
1789927040.237041,GET,GET /api/v1/reservas,6.476155,200,success,
1789927040.238822,GET,GET /api/v1/reservas,4.429515,200,success,
1789927040.266304,GET,GET /api/v1/reservas,5.188944,200,success,
1789927040.267684,GET,GET /api/v1/reservas,4.992196,200,success,
1789927040.300248,GET,GET /api/v1/reservas,7.253964,200,success,
1789927040.322793,GET,GET /api/v1/reservas,6.220608,200,success,
1789927040.460428,GET,GET /api/v1/reservas,8.168671,200,success,
1789927040.561049,GET,GET /api/v1/reservas,7.158990,200,success,
1789927040.612291,GET,GET /api/v1/reservas,6.865206,200,success,
1789927040.612737,GET,GET /api/v1/reservas,4.532811,200,success,
1789927040.618391,GET,GET /api/v1/reservas,4.438538,200,success,
1789927040.798645,GET,GET /api/v1/reservas,7.028072,200,success,
1789927040.807297,GET,GET /api/v1/reservas,5.362838,200,success,
1789927040.855382,GET,GET /api/v1/reservas,5.733931,200,success,
1789927040.863370,GET,GET /api/v1/reservas,4.703309,200,success,
1789927040.865166,GET,GET /api/v1/reservas,4.940468,200,success,
1789927040.882929,GET,GET /api/v1/reservas,4.496747,200,success,
1789927040.886954,GET,GET /api/v1/reservas,4.911655,200,success,
1789927040.946377,GET,GET /api/v1/reservas,8.959100,200,success,
1789927041.010778,GET,GET /api/v1/reservas,7.003255,200,success,
1789927041.025111,GET,GET /api/v1/reservas,5.991130,200,success,
1789927041.028911,GET,GET /api/v1/reservas,6.114007,200,success,
1789927041.087388,GET,GET /api/v1/reservas,14.064157,200,success,
1789927041.117495,GET,GET /api/v1/reservas,6.734267,200,success,
1789927041.221504,GET,GET /api/v1/reservas,6.570037,200,success,
1789927041.226537,GET,GET /api/v1/reservas,4.816080,200,success,
1789927041.247641,GET,GET /api/v1/reservas,4.852675,200,success,
1789927041.305394,GET,GET /api/v1/reservas,5.446335,200,success,
1789927041.328130,GET,GET /api/v1/reservas,4.480341,200,success,
1789927041.339710,GET,GET /api/v1/reservas,4.350284,200,success,
1789927041.516367,GET,GET /api/v1/reservas,6.840568,200,success,
1789927041.572677,GET,GET /api/v1/reservas,6.021265,200,success,
1789927041.677762,GET,GET /api/v1/reservas/{id},4.805764,200,success,
1789927041.684559,GET,GET /api/v1/reservas/{id},3.490460,200,success,
1789927041.699563,GET,GET /api/v1/reservas,4.777291,200,success,
1789927041.730224,GET,GET /api/v1/reservas/{id},3.717144,200,success,
1789927041.785555,GET,GET /api/v1/reservas,6.997164,200,success,
1789927041.785973,GET,GET /api/v1/reservas,4.743050,200,success,
1789927041.806814,GET,GET /api/v1/reservas,7.610044,200,success,
1789927041.938502,GET,GET /api/v1/reservas,6.270804,200,success,
1789927041.938908,GET,GET /api/v1/reservas,5.760181,200,success,
1789927041.970845,GET,GET /api/v1/reservas/{id},3.767200,200,success,
1789927042.005096,GET,GET /api/v1/reservas,4.924554,200,success,
1789927042.024633,GET,GET /api/v1/reservas/{id},3.344009,200,success,
1789927042.051585,GET,GET /api/v1/reservas,4.687916,200,success,
1789927042.072476,GET,GET /api/v1/reservas,4.634694,200,success,
1789927042.092349,GET,GET /api/v1/reservas/{id},3.692818,200,success,
1789927042.099317,GET,GET /api/v1/reservas,4.719733,200,success,
1789927042.099780,GET,GET /api/v1/reservas/{id},3.697513,200,success,
1789927042.104745,GET,GET /api/v1/reservas/{id},2.832373,200,success,
1789927042.169461,GET,GET /api/v1/reservas,5.436791,200,success,
1789927042.201544,GET,GET /api/v1/reservas/{id},3.895394,200,success,
1789927042.230730,GET,GET /api/v1/reservas,4.937573,200,success,
1789927042.249508,GET,GET /api/v1/reservas/{id},3.594668,200,success,
1789927042.267205,GET,GET /api/v1/reservas,4.422153,200,success,
1789927042.293407,GET,GET /api/v1/reservas,4.903963,200,success,
1789927042.375396,GET,GET /api/v1/reservas,5.614089,200,success,
1789927042.406676,GET,GET /api/v1/reservas/{id},3.545084,200,success,
1789927042.406964,GET,GET /api/v1/reservas/{id},4.383685,200,success,
1789927042.481036,GET,GET /api/v1/reservas,5.735634,200,success,
1789927042.486412,GET,GET /api/v1/reservas,4.142779,200,success,
1789927042.489352,GET,GET /api/v1/reservas/{id},3.619937,200,success,
1789927042.491979,GET,GET /api/v1/reservas/{id},3.252299,200,success,
1789927042.507558,GET,GET /api/v1/reservas,4.333999,200,success,
1789927042.599140,GET,GET /api/v1/reservas,6.228099,200,success,
1789927042.724161,GET,GET /api/v1/reservas,6.606823,200,success,
1789927042.753253,GET,GET /api/v1/reservas/{id},3.903516,200,success,
1789927042.820416,GET,GET /api/v1/reservas/{id},4.934529,200,success,
1789927042.955049,GET,GET /api/v1/reservas,6.211415,200,success,
1789927042.986458,GET,GET /api/v1/reservas,5.135684,200,success,
1789927043.022776,GET,GET /api/v1/reservas,5.057015,200,success,
1789927043.027906,GET,GET /api/v1/reservas,3.843596,200,success,
1789927043.075620,GET,GET /api/v1/reservas,5.444521,200,success,
1789927043.093556,GET,GET /api/v1/reservas,4.727766,200,success,
1789927043.104455,GET,GET /api/v1/reservas,4.620453,200,success,
1789927043.148675,GET,GET /api/v1/reservas/{id},5.987105,200,success,
1789927043.240066,GET,GET /api/v1/reservas/{id},5.722974,200,success,
1789927043.244210,GET,GET /api/v1/reservas,8.196794,200,success,
1789927043.438056,GET,GET /api/v1/reservas,13.355023,200,success,
1789927043.442506,GET,GET /api/v1/reservas,5.531904,200,success,
1789927043.520925,GET,GET /api/v1/reservas,6.557550,200,success,
1789927043.683380,GET,GET /api/v1/reservas,8.059645,200,success,
1789927043.762315,GET,GET /api/v1/reservas,7.529182,200,success,
1789927043.767082,GET,GET /api/v1/reservas,7.319453,200,success,
1789927043.812629,GET,GET /api/v1/reservas,10.151857,200,success,
1789927043.822739,GET,GET /api/v1/reservas,15.757633,200,success,
1789927043.847673,GET,GET /api/v1/reservas,9.452558,200,success,
1789927043.858829,GET,GET /api/v1/reservas,6.841309,200,success,
1789927043.866855,GET,GET /api/v1/reservas,6.783822,200,success,
1789927043.896181,GET,GET /api/v1/reservas,6.947700,200,success,
1789927043.991267,GET,GET /api/v1/reservas,7.606268,200,success,
1789927043.994874,GET,GET /api/v1/reservas,5.484582,200,success,
1789927044.004611,GET,GET /api/v1/reservas/{id},3.555719,200,success,
1789927044.018321,GET,GET /api/v1/reservas,4.435454,200,success,
1789927044.043082,GET,GET /api/v1/reservas,4.437466,200,success,
1789927044.115021,GET,GET /api/v1/reservas/{id},4.683168,200,success,
1789927044.121888,GET,GET /api/v1/reservas,4.634214,200,success,
1789927044.239517,GET,GET /api/v1/reservas,6.278136,200,success,
1789927044.244231,GET,GET /api/v1/reservas/{id},3.529149,200,success,
1789927044.302057,GET,GET /api/v1/reservas/{id},4.604640,200,success,
1789927044.326793,GET,GET /api/v1/reservas/{id},3.556530,200,success,
1789927044.350751,GET,GET /api/v1/reservas,4.701356,200,success,
1789927044.450101,GET,GET /api/v1/reservas,5.925151,200,success,
1789927044.486356,GET,GET /api/v1/reservas,4.991816,200,success,
1789927044.547313,GET,GET /api/v1/reservas,5.601650,200,success,
1789927044.586893,GET,GET /api/v1/reservas,5.283668,200,success,
1789927044.651718,GET,GET /api/v1/reservas,5.501528,200,success,
1789927044.663137,GET,GET /api/v1/reservas/{id},3.257778,200,success,
1789927044.707415,GET,GET /api/v1/reservas,5.009683,200,success,
1789927044.757659,GET,GET /api/v1/reservas,5.240102,200,success,
1789927044.779397,GET,GET /api/v1/reservas/{id},3.563742,200,success,
1789927044.826307,GET,GET /api/v1/reservas,5.598296,200,success,
1789927044.838599,GET,GET /api/v1/reservas,5.031116,200,success,
1789927044.897460,GET,GET /api/v1/reservas,5.506104,200,success,
1789927044.947449,GET,GET /api/v1/reservas,5.713560,200,success,
1789927044.962916,GET,GET /api/v1/reservas,4.255209,200,success,
1789927045.075219,GET,GET /api/v1/reservas,5.932533,200,success,
1789927045.085114,GET,GET /api/v1/reservas/{id},3.697143,200,success,
1789927045.112097,GET,GET /api/v1/reservas,4.701146,200,success,
1789927045.152445,GET,GET /api/v1/reservas,5.039738,200,success,
1789927045.153233,GET,GET /api/v1/reservas/{id},3.276665,200,success,
1789927045.170183,GET,GET /api/v1/reservas,4.698171,200,success,
1789927045.277249,GET,GET /api/v1/reservas/{id},4.783080,200,success,
1789927045.317953,GET,GET /api/v1/reservas,5.395417,200,success,
1789927045.370695,GET,GET /api/v1/reservas/{id},4.489816,200,success,
1789927045.372414,GET,GET /api/v1/reservas/{id},3.462359,200,success,
1789927045.376498,GET,GET /api/v1/reservas,4.527513,200,success,
1789927045.416736,GET,GET /api/v1/reservas,4.934119,200,success,
1789927045.424241,GET,GET /api/v1/reservas,4.275622,200,success,
1789927045.449323,GET,GET /api/v1/reservas/{id},3.917969,200,success,
1789927045.506738,GET,GET /api/v1/reservas/{id},4.217351,200,success,
1789927045.539052,GET,GET /api/v1/reservas/{id},3.727229,200,success,
1789927045.549685,GET,GET /api/v1/reservas,4.400450,200,success,
1789927045.571720,GET,GET /api/v1/reservas,4.797000,200,success,
1789927045.572097,GET,GET /api/v1/reservas,4.639221,200,success,
1789927045.639928,GET,GET /api/v1/reservas,5.527789,200,success,
1789927045.640511,GET,GET /api/v1/reservas,4.392137,200,success,
1789927045.743256,GET,GET /api/v1/reservas,5.709204,200,success,
1789927045.815506,GET,GET /api/v1/reservas,5.897078,200,success,
1789927045.824155,GET,GET /api/v1/reservas,4.375081,200,success,
1789927045.825352,GET,GET /api/v1/reservas/{id},3.112276,200,success,
1789927045.850063,GET,GET /api/v1/reservas,4.457957,200,success,
1789927045.854673,GET,GET /api/v1/reservas,4.462354,200,success,
1789927045.923276,GET,GET /api/v1/reservas,7.250540,200,success,
1789927045.930255,GET,GET /api/v1/reservas,4.685290,200,success,
1789927045.944961,GET,GET /api/v1/reservas,4.431928,200,success,
1789927045.957625,GET,GET /api/v1/reservas/{id},3.480065,200,success,
1789927045.967287,GET,GET /api/v1/reservas,4.433270,200,success,
1789927046.011272,GET,GET /api/v1/reservas/{id},3.802834,200,success,
1789927046.044029,GET,GET /api/v1/reservas/{id},3.536570,200,success,
1789927046.157137,GET,GET /api/v1/reservas,5.698277,200,success,
1789927046.194844,GET,GET /api/v1/reservas,5.378582,200,success,
1789927046.198409,GET,GET /api/v1/reservas,4.470486,200,success,
1789927046.267118,GET,GET /api/v1/reservas,5.371121,200,success,
1789927046.368625,GET,GET /api/v1/reservas,6.115279,200,success,
1789927046.373315,GET,GET /api/v1/reservas/{id},3.519844,200,success,
1789927046.466799,GET,GET /api/v1/reservas,5.746850,200,success,
1789927046.539860,GET,GET /api/v1/reservas,5.692919,200,success,
1789927046.596521,GET,GET /api/v1/reservas,5.365162,200,success,
1789927046.635687,GET,GET /api/v1/reservas/{id},3.973772,200,success,
1789927046.740788,GET,GET /api/v1/reservas,6.868200,200,success,
1789927046.741201,GET,GET /api/v1/reservas,6.887960,200,success,
1789927046.979786,GET,GET /api/v1/reservas,6.092776,200,success,
1789927046.988562,GET,GET /api/v1/reservas/{id},3.598756,200,success,
1789927047.023917,GET,GET /api/v1/reservas,5.085829,200,success,
1789927047.082369,GET,GET /api/v1/reservas,7.106391,200,success,
1789927047.160926,GET,GET /api/v1/reservas,6.227448,200,success,
1789927047.164861,GET,GET /api/v1/reservas/{id},4.730339,200,success,
1789927047.167485,GET,GET /api/v1/reservas,5.086299,200,success,
1789927047.178956,GET,GET /api/v1/reservas/{id},3.309606,200,success,
1789927047.188576,GET,GET /api/v1/reservas,4.362873,200,success,
1789927047.191705,GET,GET /api/v1/reservas,3.989778,200,success,
1789927047.258493,GET,GET /api/v1/reservas/{id},4.766575,200,success,
1789927047.262157,GET,GET /api/v1/reservas,10.124375,200,success,
1789927047.316867,GET,GET /api/v1/reservas,5.419213,200,success,
1789927047.353025,GET,GET /api/v1/reservas,4.872375,200,success,
1789927047.433962,GET,GET /api/v1/reservas/{id},4.696749,200,success,
1789927047.461572,GET,GET /api/v1/reservas,5.327915,200,success,
1789927047.483373,GET,GET /api/v1/reservas/{id},3.598824,200,success,
1789927047.491674,GET,GET /api/v1/reservas/{id},3.140740,200,success,
1789927047.528905,GET,GET /api/v1/reservas/{id},3.624574,200,success,
1789927047.541191,GET,GET /api/v1/reservas/{id},3.131877,200,success,
1789927047.571828,GET,GET /api/v1/reservas/{id},3.465533,200,success,
1789927047.601676,GET,GET /api/v1/reservas,4.598660,200,success,
1789927047.612955,GET,GET /api/v1/reservas/{id},3.122152,200,success,
1789927047.684003,GET,GET /api/v1/reservas,5.686088,200,success,
1789927047.698639,GET,GET /api/v1/reservas,4.356002,200,success,
1789927047.778405,GET,GET /api/v1/reservas,5.677465,200,success,
1789927047.783798,GET,GET /api/v1/reservas,4.129740,200,success,
1789927047.827063,GET,GET /api/v1/reservas,4.986358,200,success,
1789927047.840586,GET,GET /api/v1/reservas/{id},3.381335,200,success,
1789927047.925696,GET,GET /api/v1/reservas,5.763966,200,success,
1789927047.932178,GET,GET /api/v1/reservas/{id},3.316036,200,success,
1789927047.951944,GET,GET /api/v1/reservas/{id},3.606576,200,success,
1789927047.975848,GET,GET /api/v1/reservas,4.660604,200,success,
1789927048.052496,GET,GET /api/v1/reservas/{id},4.402883,200,success,
1789927048.136861,GET,GET /api/v1/reservas,5.953584,200,success,
1789927048.172471,GET,GET /api/v1/reservas/{id},5.350120,200,success,
1789927048.207126,GET,GET /api/v1/reservas,7.297320,200,success,
1789927048.227156,GET,GET /api/v1/reservas,6.770151,200,success,
1789927048.241462,GET,GET /api/v1/reservas/{id},5.102194,200,success,
1789927048.258245,GET,GET /api/v1/reservas,8.459502,200,success,
1789927048.260304,GET,GET /api/v1/reservas,6.710441,200,success,
1789927048.313275,GET,GET /api/v1/reservas,8.027076,200,success,
1789927048.313634,GET,GET /api/v1/reservas/{id},5.763526,200,success,
1789927048.313796,GET,GET /api/v1/reservas,9.203660,200,success,
1789927048.421672,GET,GET /api/v1/reservas,6.952287,200,success,
1789927048.422118,GET,GET /api/v1/reservas,7.970350,200,success,
1789927048.490726,GET,GET /api/v1/reservas,6.276913,200,success,
1789927048.554744,GET,GET /api/v1/reservas,5.684345,200,success,
1789927048.586236,GET,GET /api/v1/reservas,5.237659,200,success,
1789927048.629740,GET,GET /api/v1/reservas,5.238019,200,success,
1789927048.679069,GET,GET /api/v1/reservas/{id},4.121517,200,success,
1789927048.763572,GET,GET /api/v1/reservas,6.379118,200,success,
1789927048.770873,GET,GET /api/v1/reservas/{id},4.121647,200,success,
1789927048.814340,GET,GET /api/v1/reservas,5.173781,200,success,
1789927048.966922,GET,GET /api/v1/reservas,8.122031,200,success,
1789927048.989414,GET,GET /api/v1/reservas/{id},4.275600,200,success,
1789927049.052591,GET,GET /api/v1/reservas,8.761550,200,success,
1789927049.078061,GET,GET /api/v1/reservas,8.037211,200,success,
1789927049.097553,GET,GET /api/v1/reservas,6.192826,200,success,
1789927049.215200,GET,GET /api/v1/reservas,6.239588,200,success,
1789927049.251508,GET,GET /api/v1/reservas/{id},4.095467,200,success,
1789927049.279227,GET,GET /api/v1/reservas/{id},3.530682,200,success,
1789927049.323943,GET,GET /api/v1/reservas,5.409259,200,success,
1789927049.405056,GET,GET /api/v1/reservas,5.730726,200,success,
1789927049.420168,GET,GET /api/v1/reservas,4.842028,200,success,
1789927049.448099,GET,GET /api/v1/reservas,5.638055,200,success,
1789927049.483144,GET,GET /api/v1/reservas,5.720712,200,success,
1789927049.486677,GET,GET /api/v1/reservas,4.564578,200,success,
1789927049.571654,GET,GET /api/v1/reservas,6.209451,200,success,
1789927049.572051,GET,GET /api/v1/reservas,4.912195,200,success,
1789927049.581316,GET,GET /api/v1/reservas,4.061926,200,success,
1789927049.612283,GET,GET /api/v1/reservas,4.725381,200,success,
1789927049.644408,GET,GET /api/v1/reservas,4.859466,200,success,
1789927049.672380,GET,GET /api/v1/reservas,4.724571,200,success,
1789927049.683768,GET,GET /api/v1/reservas,4.110371,200,success,
1789927049.710510,GET,GET /api/v1/reservas,4.475273,200,success,
1789927049.791186,GET,GET /api/v1/reservas,5.545745,200,success,
1789927049.805865,GET,GET /api/v1/reservas/{id},3.485493,200,success,
1789927049.831765,GET,GET /api/v1/reservas,5.569261,200,success,
1789927049.873354,GET,GET /api/v1/reservas,6.271205,200,success,
1789927049.927703,GET,GET /api/v1/reservas/{id},4.689578,200,success,
1789927049.928025,GET,GET /api/v1/reservas/{id},5.429579,200,success,
1789927050.055252,GET,GET /api/v1/reservas,5.831027,200,success,
1789927050.120070,GET,GET /api/v1/reservas/{id},4.551478,200,success,
1789927050.120662,GET,GET /api/v1/reservas/{id},3.441507,200,success,
1789927050.123342,GET,GET /api/v1/reservas/{id},3.164145,200,success,
1789927050.132701,GET,GET /api/v1/reservas,4.137472,200,success,
1789927050.215034,GET,GET /api/v1/reservas,6.011663,200,success,
1789927050.234850,GET,GET /api/v1/reservas/{id},3.613266,200,success,
1789927050.257665,GET,GET /api/v1/reservas,4.556526,200,success,
1789927050.327912,GET,GET /api/v1/reservas,5.926914,200,success,
1789927050.330320,GET,GET /api/v1/reservas,4.558980,200,success,
1789927050.393273,GET,GET /api/v1/reservas,10.597152,200,success,
1789927050.416366,GET,GET /api/v1/reservas,8.324407,200,success,
1789927050.445327,GET,GET /api/v1/reservas,5.650175,200,success,
1789927050.575477,GET,GET /api/v1/reservas,5.731256,200,success,
1789927050.646591,GET,GET /api/v1/reservas,6.799736,200,success,
1789927050.702155,GET,GET /api/v1/reservas/{id},7.332052,200,success,
1789927050.707924,GET,GET /api/v1/reservas,5.547489,200,success,
1789927050.730054,GET,GET /api/v1/reservas,5.803416,200,success,
1789927050.736652,GET,GET /api/v1/reservas,5.299513,200,success,
1789927050.775697,GET,GET /api/v1/reservas,7.684568,200,success,
1789927050.805944,GET,GET /api/v1/reservas,8.030331,200,success,
1789927051.018280,GET,GET /api/v1/reservas/{id},4.817662,200,success,
1789927051.040448,GET,GET /api/v1/reservas,4.874418,200,success,
1789927051.132397,GET,GET /api/v1/reservas,5.566667,200,success,
1789927051.151551,GET,GET /api/v1/reservas,4.885024,200,success,
1789927051.152346,GET,GET /api/v1/reservas,4.107535,200,success,
1789927051.178184,GET,GET /api/v1/reservas,4.585580,200,success,
1789927051.199611,GET,GET /api/v1/reservas,4.200236,200,success,
1789927051.206760,GET,GET /api/v1/reservas,3.947634,200,success,
1789927051.230736,GET,GET /api/v1/reservas,5.680590,200,success,
1789927051.248927,GET,GET /api/v1/reservas,5.869897,200,success,
1789927051.274600,GET,GET /api/v1/reservas/{id},5.461598,200,success,
1789927051.291656,GET,GET /api/v1/reservas,5.750666,200,success,
1789927051.305006,GET,GET /api/v1/reservas,5.047290,200,success,
1789927051.365148,GET,GET /api/v1/reservas,8.794249,200,success,
1789927051.423680,GET,GET /api/v1/reservas,8.156703,200,success,
1789927051.530791,GET,GET /api/v1/reservas,8.477329,200,success,
1789927051.544801,GET,GET /api/v1/reservas/{id},4.791893,200,success,
1789927051.567669,GET,GET /api/v1/reservas,4.549786,200,success,
1789927051.590326,GET,GET /api/v1/reservas/{id},3.484531,200,success,
1789927051.620291,GET,GET /api/v1/reservas/{id},3.792527,200,success,
1789927051.622451,GET,GET /api/v1/reservas,4.283081,200,success,
1789927051.638853,GET,GET /api/v1/reservas/{id},3.277788,200,success,
1789927051.651021,GET,GET /api/v1/reservas/{id},3.000959,200,success,
1789927051.690968,GET,GET /api/v1/reservas,4.690058,200,success,
1789927051.712555,GET,GET /api/v1/reservas/{id},3.399283,200,success,
1789927051.936793,GET,GET /api/v1/reservas,6.048338,200,success,
1789927051.939775,GET,GET /api/v1/reservas/{id},4.249011,200,success,
1789927051.946045,GET,GET /api/v1/reservas,4.029298,200,success,
1789927051.969519,GET,GET /api/v1/reservas/{id},3.307563,200,success,
1789927052.054810,GET,GET /api/v1/reservas,5.925682,200,success,
1789927052.057630,GET,GET /api/v1/reservas/{id},3.630112,200,success,
1789927052.087571,GET,GET /api/v1/reservas,4.688006,200,success,
1789927052.153092,GET,GET /api/v1/reservas/{id},4.310714,200,success,
1789927052.220438,GET,GET /api/v1/reservas/{id},5.104786,200,success,
1789927052.307554,GET,GET /api/v1/reservas/{id},4.839976,200,success,
1789927052.311285,GET,GET /api/v1/reservas,4.691922,200,success,
1789927052.355940,GET,GET /api/v1/reservas/{id},4.441152,200,success,
1789927052.423631,GET,GET /api/v1/reservas/{id},4.458258,200,success,
1789927052.441776,GET,GET /api/v1/reservas,4.890543,200,success,
1789927052.465674,GET,GET /api/v1/reservas,4.648545,200,success,
1789927052.496647,GET,GET /api/v1/reservas/{id},3.796224,200,success,
1789927052.518181,GET,GET /api/v1/reservas/{id},3.668410,200,success,
1789927052.518351,GET,GET /api/v1/reservas,5.470311,200,success,
1789927052.538721,GET,GET /api/v1/reservas/{id},3.221303,200,success,
1789927052.592247,GET,GET /api/v1/reservas,5.271771,200,success,
1789927052.638497,GET,GET /api/v1/reservas/{id},4.047364,200,success,
1789927052.666529,GET,GET /api/v1/reservas,4.732574,200,success,
1789927052.749342,GET,GET /api/v1/reservas/{id},4.512600,200,success,
1789927052.775041,GET,GET /api/v1/reservas,5.363519,200,success,
1789927052.800606,GET,GET /api/v1/reservas/{id},4.349322,200,success,
1789927052.832443,GET,GET /api/v1/reservas,5.522911,200,success,
1789927052.909571,GET,GET /api/v1/reservas,8.815671,200,success,
1789927053.061819,GET,GET /api/v1/reservas/{id},4.901028,200,success,
1789927053.112379,GET,GET /api/v1/reservas/{id},3.693458,200,success,
1789927053.113383,GET,GET /api/v1/reservas,5.241905,200,success,
1789927053.126605,GET,GET /api/v1/reservas/{id},3.055220,200,success,
1789927053.211308,GET,GET /api/v1/reservas/{id},4.480872,200,success,
1789927053.270222,GET,GET /api/v1/reservas/{id},9.715585,200,success,
1789927053.273574,GET,GET /api/v1/reservas/{id},4.883762,200,success,
1789927053.286814,GET,GET /api/v1/reservas,4.969251,200,success,
1789927053.324487,GET,GET /api/v1/reservas,5.373995,200,success,
1789927053.385239,GET,GET /api/v1/reservas/{id},5.497672,200,success,
1789927053.411245,GET,GET /api/v1/reservas,6.664902,200,success,
1789927053.459391,GET,GET /api/v1/reservas,6.754648,200,success,
1789927053.500315,GET,GET /api/v1/reservas/{id},8.678003,200,success,
1789927053.511702,GET,GET /api/v1/reservas,11.018320,200,success,
1789927053.551224,GET,GET /api/v1/reservas,6.989134,200,success,
1789927053.566672,GET,GET /api/v1/reservas,5.147972,200,success,
1789927053.572430,GET,GET /api/v1/reservas,4.455993,200,success,
1789927053.598303,GET,GET /api/v1/reservas,6.529105,200,success,
1789927053.634060,GET,GET /api/v1/reservas,9.342039,200,success,
1789927053.706994,GET,GET /api/v1/reservas,7.570694,200,success,
1789927053.879229,GET,GET /api/v1/reservas,6.007976,200,success,
1789927053.883633,GET,GET /api/v1/reservas,4.232314,200,success,
1789927053.889260,GET,GET /api/v1/reservas,4.432628,200,success,
1789927053.913581,GET,GET /api/v1/reservas/{id},4.166414,200,success,
1789927053.917786,GET,GET /api/v1/reservas,4.700635,200,success,
1789927054.065828,GET,GET /api/v1/reservas/{id},5.718998,200,success,
1789927054.158362,GET,GET /api/v1/reservas,10.045426,200,success,
1789927054.171076,GET,GET /api/v1/reservas,5.335697,200,success,
1789927054.194227,GET,GET /api/v1/reservas/{id},4.943613,200,success,
1789927054.197455,GET,GET /api/v1/reservas,5.254373,200,success,
1789927054.207061,GET,GET /api/v1/reservas,5.291491,200,success,
1789927054.259247,GET,GET /api/v1/reservas,17.802463,200,success,
1789927054.311954,GET,GET /api/v1/reservas,7.362549,200,success,
1789927054.359924,GET,GET /api/v1/reservas,5.632838,200,success,
1789927054.409335,GET,GET /api/v1/reservas/{id},4.207638,200,success,
1789927054.442523,GET,GET /api/v1/reservas,4.910674,200,success,
1789927054.475495,GET,GET /api/v1/reservas,4.706994,200,success,
1789927054.483684,GET,GET /api/v1/reservas,3.914173,200,success,
1789927054.509766,GET,GET /api/v1/reservas/{id},3.910396,200,success,
1789927054.513659,GET,GET /api/v1/reservas,4.387490,200,success,
1789927054.519756,GET,GET /api/v1/reservas,3.892269,200,success,
1789927054.541390,GET,GET /api/v1/reservas,4.409793,200,success,
1789927054.558155,GET,GET /api/v1/reservas,4.535844,200,success,
1789927054.589027,GET,GET /api/v1/reservas,4.585570,200,success,
1789927054.691681,GET,GET /api/v1/reservas,6.369503,200,success,
1789927054.703470,GET,GET /api/v1/reservas,4.490276,200,success,
1789927054.705683,GET,GET /api/v1/reservas/{id},3.207641,200,success,
1789927054.751780,GET,GET /api/v1/reservas,5.075943,200,success,
1789927054.800254,GET,GET /api/v1/reservas,5.193281,200,success,
1789927054.880995,GET,GET /api/v1/reservas/{id},4.456725,200,success,
1789927054.920854,GET,GET /api/v1/reservas,5.570844,200,success,
1789927054.957678,GET,GET /api/v1/reservas,5.604064,200,success,
1789927055.019449,GET,GET /api/v1/reservas,5.448268,200,success,
1789927055.084315,GET,GET /api/v1/reservas,5.504333,200,success,
1789927055.215955,GET,GET /api/v1/reservas,6.190072,200,success,
1789927055.223951,GET,GET /api/v1/reservas,4.743320,200,success,
1789927055.264862,GET,GET /api/v1/reservas/{id},4.709508,200,success,
1789927055.286000,GET,GET /api/v1/reservas,4.797471,200,success,
1789927055.329320,GET,GET /api/v1/reservas/{id},4.118382,200,success,
1789927055.369697,GET,GET /api/v1/reservas,5.101812,200,success,
1789927055.475106,GET,GET /api/v1/reservas,6.028146,200,success,
1789927055.560937,GET,GET /api/v1/reservas/{id},7.618838,200,success,
1789927055.561560,GET,GET /api/v1/reservas,8.567655,200,success,
1789927055.562049,GET,GET /api/v1/reservas,10.184758,200,success,
1789927055.562441,GET,GET /api/v1/reservas/{id},10.233230,200,success,
1789927055.562869,GET,GET /api/v1/reservas,5.945282,200,success,
1789927055.610645,GET,GET /api/v1/reservas,5.467667,200,success,
1789927055.648096,GET,GET /api/v1/reservas,9.139023,200,success,
1789927055.698492,GET,GET /api/v1/reservas,6.094908,200,success,
1789927055.729936,GET,GET /api/v1/reservas/{id},3.472143,200,success,
1789927055.730186,GET,GET /api/v1/reservas,6.382163,200,success,
1789927055.740912,GET,GET /api/v1/reservas,4.475914,200,success,
1789927055.799752,GET,GET /api/v1/reservas,5.901255,200,success,
1789927055.828413,GET,GET /api/v1/reservas,8.376896,200,success,
1789927055.885458,GET,GET /api/v1/reservas,5.769064,200,success,
1789927055.894947,GET,GET /api/v1/reservas,5.191229,200,success,
1789927055.912778,GET,GET /api/v1/reservas,6.563969,200,success,
1789927055.945940,GET,GET /api/v1/reservas,7.841746,200,success,
1789927055.950568,GET,GET /api/v1/reservas,5.586537,200,success,
1789927056.136821,GET,GET /api/v1/reservas,5.854965,200,success,
1789927056.181431,GET,GET /api/v1/reservas,5.306282,200,success,
1789927056.185204,GET,GET /api/v1/reservas,4.427722,200,success,
1789927056.196702,GET,GET /api/v1/reservas,4.249852,200,success,
1789927056.219543,GET,GET /api/v1/reservas,4.553782,200,success,
1789927056.264041,GET,GET /api/v1/reservas,5.179170,200,success,
1789927056.283856,GET,GET /api/v1/reservas/{id},3.621959,200,success,
1789927056.319538,GET,GET /api/v1/reservas,5.411453,200,success,
1789927056.390524,GET,GET /api/v1/reservas,5.652817,200,success,
1789927056.468042,GET,GET /api/v1/reservas,5.835264,200,success,
1789927056.561211,GET,GET /api/v1/reservas,5.775193,200,success,
1789927056.572864,GET,GET /api/v1/reservas,4.411546,200,success,
1789927056.575232,GET,GET /api/v1/reservas,4.196682,200,success,
1789927056.596811,GET,GET /api/v1/reservas/{id},3.416958,200,success,
1789927056.647494,GET,GET /api/v1/reservas,5.356318,200,success,
1789927056.697907,GET,GET /api/v1/reservas,5.145549,200,success,
1789927056.771645,GET,GET /api/v1/reservas,5.634581,200,success,
1789927056.818229,GET,GET /api/v1/reservas,5.255487,200,success,
1789927056.831860,GET,GET /api/v1/reservas,4.372567,200,success,
1789927056.843930,GET,GET /api/v1/reservas,4.778243,200,success,
1789927056.878527,GET,GET /api/v1/reservas,5.311331,200,success,
1789927056.884457,GET,GET /api/v1/reservas,4.656648,200,success,
1789927056.947177,GET,GET /api/v1/reservas,6.392019,200,success,
1789927057.074306,GET,GET /api/v1/reservas,8.752607,200,success,
1789927057.109396,GET,GET /api/v1/reservas,5.733460,200,success,
1789927057.126227,GET,GET /api/v1/reservas/{id},3.638614,200,success,
1789927057.133784,GET,GET /api/v1/reservas,4.325947,200,success,
1789927057.143254,GET,GET /api/v1/reservas,4.248309,200,success,
1789927057.147087,GET,GET /api/v1/reservas,4.483856,200,success,
1789927057.164731,GET,GET /api/v1/reservas,4.416193,200,success,
1789927057.183242,GET,GET /api/v1/reservas/{id},3.352622,200,success,
1789927057.247010,GET,GET /api/v1/reservas,5.451263,200,success,
1789927057.291362,GET,GET /api/v1/reservas,5.035282,200,success,
1789927057.295859,GET,GET /api/v1/reservas/{id},3.318049,200,success,
1789927057.342891,GET,GET /api/v1/reservas,5.719289,200,success,
1789927057.356852,GET,GET /api/v1/reservas,4.715937,200,success,
1789927057.370492,GET,GET /api/v1/reservas,4.353529,200,success,
1789927057.495689,GET,GET /api/v1/reservas,5.892642,200,success,
1789927057.591220,GET,GET /api/v1/reservas/{id},4.865625,200,success,
1789927057.594064,GET,GET /api/v1/reservas/{id},3.516921,200,success,
1789927057.619976,GET,GET /api/v1/reservas,4.670369,200,success,
1789927057.676664,GET,GET /api/v1/reservas/{id},4.451187,200,success,
1789927057.768529,GET,GET /api/v1/reservas/{id},4.812714,200,success,
1789927057.785658,GET,GET /api/v1/reservas,4.856541,200,success,
1789927057.800394,GET,GET /api/v1/reservas,4.473691,200,success,
1789927057.897773,GET,GET /api/v1/reservas,6.005642,200,success,
1789927057.944510,GET,GET /api/v1/reservas,5.404421,200,success,
1789927057.954029,GET,GET /api/v1/reservas/{id},3.342887,200,success,
1789927057.968581,GET,GET /api/v1/reservas,4.304725,200,success,
1789927058.112220,GET,GET /api/v1/reservas,6.298126,200,success,
1789927058.132128,GET,GET /api/v1/reservas,4.612682,200,success,
1789927058.171313,GET,GET /api/v1/reservas,4.914049,200,success,
1789927058.174515,GET,GET /api/v1/reservas/{id},3.067779,200,success,
1789927058.190555,GET,GET /api/v1/reservas,4.743820,200,success,
1789927058.229833,GET,GET /api/v1/reservas/{id},5.025638,200,success,
1789927058.286760,GET,GET /api/v1/reservas,5.606678,200,success,
1789927058.409820,GET,GET /api/v1/reservas,6.638112,200,success,
1789927058.491959,GET,GET /api/v1/reservas/{id},5.868335,200,success,
1789927058.509680,GET,GET /api/v1/reservas/{id},4.492079,200,success,
1789927058.533448,GET,GET /api/v1/reservas/{id},4.556376,200,success,
1789927058.575534,GET,GET /api/v1/reservas,7.569452,200,success,
1789927058.599101,GET,GET /api/v1/reservas,6.129821,200,success,
1789927058.718058,GET,GET /api/v1/reservas,10.767129,200,success,
1789927058.746640,GET,GET /api/v1/reservas,8.180320,200,success,
1789927058.749418,GET,GET /api/v1/reservas,6.099765,200,success,
1789927058.751833,GET,GET /api/v1/reservas,6.094276,200,success,
1789927058.757570,GET,GET /api/v1/reservas/{id},3.550852,200,success,
1789927058.828675,GET,GET /api/v1/reservas,5.749454,200,success,
1789927058.839312,GET,GET /api/v1/reservas,4.367819,200,success,
1789927058.869490,GET,GET /api/v1/reservas,4.884463,200,success,
1789927058.876816,GET,GET /api/v1/reservas,4.093534,200,success,
1789927058.885343,GET,GET /api/v1/reservas,4.303041,200,success,
1789927058.922747,GET,GET /api/v1/reservas,8.118625,200,success,
1789927058.927779,GET,GET /api/v1/reservas,6.548506,200,success,
1789927058.946380,GET,GET /api/v1/reservas,7.299234,200,success,
1789927058.962114,GET,GET /api/v1/reservas,6.401433,200,success,
1789927058.970022,GET,GET /api/v1/reservas,9.631979,200,success,
1789927059.042910,GET,GET /api/v1/reservas/{id},4.630668,200,success,
1789927059.064033,GET,GET /api/v1/reservas,4.824152,200,success,
1789927059.115228,GET,GET /api/v1/reservas/{id},3.990409,200,success,
1789927059.126536,GET,GET /api/v1/reservas/{id},3.131526,200,success,
1789927059.152466,GET,GET /api/v1/reservas,4.674615,200,success,
1789927059.311291,GET,GET /api/v1/reservas/{id},5.472214,200,success,
1789927059.392526,GET,GET /api/v1/reservas,6.820288,200,success,
1789927059.425225,GET,GET /api/v1/reservas,10.948765,200,success,
1789927059.463844,GET,GET /api/v1/reservas/{id},5.335527,200,success,
1789927059.529602,GET,GET /api/v1/reservas,5.953034,200,success,
1789927059.531793,GET,GET /api/v1/reservas,4.519009,200,success,
1789927059.589854,GET,GET /api/v1/reservas,5.789625,200,success,
1789927059.590675,GET,GET /api/v1/reservas/{id},3.946922,200,success,
1789927059.624538,GET,GET /api/v1/reservas,4.628726,200,success,
1789927059.642284,GET,GET /api/v1/reservas,4.526281,200,success,
1789927059.669370,GET,GET /api/v1/reservas,4.825885,200,success,
1789927059.739118,GET,GET /api/v1/reservas,5.391282,200,success,
1789927059.765656,GET,GET /api/v1/reservas,4.538549,200,success,
1789927059.789424,GET,GET /api/v1/reservas,4.506470,200,success,
1789927059.831501,GET,GET /api/v1/reservas/{id},3.883266,200,success,
1789927059.849047,GET,GET /api/v1/reservas/{id},3.370749,200,success,
1789927059.876210,GET,GET /api/v1/reservas,4.910662,200,success,
1789927059.884485,GET,GET /api/v1/reservas,4.046863,200,success,
1789927059.948213,GET,GET /api/v1/reservas/{id},4.520531,200,success,
1789927059.969888,GET,GET /api/v1/reservas/{id},3.496350,200,success,
1789927060.005302,GET,GET /api/v1/reservas,5.098267,200,success,
1789927060.041285,GET,GET /api/v1/reservas/{id},3.770896,200,success,
1789927060.205630,GET,GET /api/v1/reservas,5.890919,200,success,
1789927060.280331,GET,GET /api/v1/reservas,6.380912,200,success,
1789927060.284192,GET,GET /api/v1/reservas,4.470997,200,success,
1789927060.328907,GET,GET /api/v1/reservas,5.428758,200,success,
1789927060.358679,GET,GET /api/v1/reservas,8.443608,200,success,
1789927060.523114,GET,GET /api/v1/reservas,5.913372,200,success,
1789927060.632097,GET,GET /api/v1/reservas,5.578355,200,success,
1789927060.653860,GET,GET /api/v1/reservas,4.512370,200,success,
1789927060.678520,GET,GET /api/v1/reservas,4.413048,200,success,
1789927060.723748,GET,GET /api/v1/reservas/{id},4.044530,200,success,
1789927060.776499,GET,GET /api/v1/reservas,5.742274,200,success,
1789927060.776876,GET,GET /api/v1/reservas,4.403104,200,success,
1789927060.809715,GET,GET /api/v1/reservas,4.596297,200,success,
1789927060.829259,GET,GET /api/v1/reservas,4.283782,200,success,
1789927060.836454,GET,GET /api/v1/reservas,3.950508,200,success,
1789927060.845664,GET,GET /api/v1/reservas,4.003497,200,success,
1789927060.969089,GET,GET /api/v1/reservas,7.922438,200,success,
1789927060.982824,GET,GET /api/v1/reservas,8.401193,200,success,
1789927060.983264,GET,GET /api/v1/reservas/{id},5.188555,200,success,
1789927061.115716,GET,GET /api/v1/reservas,8.930305,200,success,
1789927061.117850,GET,GET /api/v1/reservas/{id},6.069550,200,success,
1789927061.119522,GET,GET /api/v1/reservas,7.181504,200,success,
1789927061.123793,GET,GET /api/v1/reservas,5.713190,200,success,
1789927061.126570,GET,GET /api/v1/reservas,5.788573,200,success,
1789927061.161000,GET,GET /api/v1/reservas,14.685709,200,success,
1789927061.168117,GET,GET /api/v1/reservas,6.831966,200,success,
1789927061.205299,GET,GET /api/v1/reservas,9.648924,200,success,
1789927061.206864,GET,GET /api/v1/reservas,8.324267,200,success,
1789927061.223281,GET,GET /api/v1/reservas,5.170207,200,success,
1789927061.271893,GET,GET /api/v1/reservas/{id},4.390134,200,success,
1789927061.341648,GET,GET /api/v1/reservas,6.410917,200,success,
1789927061.359866,GET,GET /api/v1/reservas,4.903751,200,success,
1789927061.464373,GET,GET /api/v1/reservas,5.776826,200,success,
1789927061.469747,GET,GET /api/v1/reservas,4.148137,200,success,
1789927061.477898,GET,GET /api/v1/reservas,4.905675,200,success,
1789927061.480054,GET,GET /api/v1/reservas/{id},3.082001,200,success,
1789927061.487281,GET,GET /api/v1/reservas,3.978080,200,success,
1789927061.515344,GET,GET /api/v1/reservas,4.817472,200,success,
1789927061.669150,GET,GET /api/v1/reservas,6.915693,200,success,
1789927061.720277,GET,GET /api/v1/reservas/{id},5.913513,200,success,
1789927061.753415,GET,GET /api/v1/reservas,16.607993,200,success,
1789927061.905194,GET,GET /api/v1/reservas,6.313739,200,success,
1789927061.916131,GET,GET /api/v1/reservas,4.661164,200,success,
1789927061.990975,GET,GET /api/v1/reservas,5.511604,200,success,
1789927062.026414,GET,GET /api/v1/reservas,5.113681,200,success,
1789927062.082953,GET,GET /api/v1/reservas,5.197958,200,success,
1789927062.099603,GET,GET /api/v1/reservas,4.344064,200,success,
1789927062.114149,GET,GET /api/v1/reservas/{id},3.369578,200,success,
1789927062.164324,GET,GET /api/v1/reservas/{id},3.960432,200,success,
1789927062.198006,GET,GET /api/v1/reservas/{id},3.489870,200,success,
1789927062.220744,GET,GET /api/v1/reservas,4.500402,200,success,
1789927062.231649,GET,GET /api/v1/reservas,4.677300,200,success,
1789927062.241945,GET,GET /api/v1/reservas,4.038751,200,success,
1789927062.304479,GET,GET /api/v1/reservas,5.220062,200,success,
1789927062.368218,GET,GET /api/v1/reservas,5.404641,200,success,
1789927062.377622,GET,GET /api/v1/reservas,4.165914,200,success,
1789927062.415679,GET,GET /api/v1/reservas,4.779615,200,success,
1789927062.465142,GET,GET /api/v1/reservas,7.081083,200,success,
1789927062.466075,GET,GET /api/v1/reservas/{id},4.304294,200,success,
1789927062.519725,GET,GET /api/v1/reservas,5.374146,200,success,
1789927062.544391,GET,GET /api/v1/reservas/{id},3.493215,200,success,
1789927062.579802,GET,GET /api/v1/reservas,5.106039,200,success,
1789927062.582286,GET,GET /api/v1/reservas,4.000153,200,success,
1789927062.672950,GET,GET /api/v1/reservas/{id},4.411737,200,success,
1789927062.684119,GET,GET /api/v1/reservas/{id},2.990883,200,success,
1789927062.894354,GET,GET /api/v1/reservas,5.996679,200,success,
1789927062.952947,GET,GET /api/v1/reservas/{id},5.358752,200,success,
1789927062.974753,GET,GET /api/v1/reservas/{id},4.590318,200,success,
1789927063.008026,GET,GET /api/v1/reservas/{id},4.061185,200,success,
1789927063.038635,GET,GET /api/v1/reservas,5.276488,200,success,
1789927063.043090,GET,GET /api/v1/reservas,4.239757,200,success,
1789927063.126032,GET,GET /api/v1/reservas,5.584074,200,success,
1789927063.243480,GET,GET /api/v1/reservas,6.033164,200,success,
1789927063.254303,GET,GET /api/v1/reservas/{id},3.642471,200,success,
1789927063.262256,GET,GET /api/v1/reservas,4.679132,200,success,
1789927063.264630,GET,GET /api/v1/reservas,4.486681,200,success,
1789927063.369577,GET,GET /api/v1/reservas/{id},4.672392,200,success,
1789927063.379464,GET,GET /api/v1/reservas,4.617988,200,success,
1789927063.401118,GET,GET /api/v1/reservas,4.380830,200,success,
1789927063.432364,GET,GET /api/v1/reservas,9.857911,200,success,
1789927063.453429,GET,GET /api/v1/reservas,4.764862,200,success,
1789927063.533121,GET,GET /api/v1/reservas,5.878400,200,success,
1789927063.585574,GET,GET /api/v1/reservas,5.176886,200,success,
1789927063.599107,GET,GET /api/v1/reservas,4.298083,200,success,
1789927063.626135,GET,GET /api/v1/reservas,4.743039,200,success,
1789927063.644633,GET,GET /api/v1/reservas/{id},3.332992,200,success,
1789927063.656048,GET,GET /api/v1/reservas,4.163830,200,success,
1789927063.671519,GET,GET /api/v1/reservas,4.246326,200,success,
1789927063.756335,GET,GET /api/v1/reservas/{id},5.561269,200,success,
1789927063.802503,GET,GET /api/v1/reservas/{id},5.939772,200,success,
1789927063.831257,GET,GET /api/v1/reservas/{id},17.152687,200,success,
1789927063.891408,GET,GET /api/v1/reservas,6.809561,200,success,
1789927063.911916,GET,GET /api/v1/reservas,10.213891,200,success,
1789927063.927305,GET,GET /api/v1/reservas/{id},5.196836,200,success,
1789927063.936631,GET,GET /api/v1/reservas,6.007676,200,success,
1789927063.975853,GET,GET /api/v1/reservas/{id},8.930356,200,success,
1789927064.080482,GET,GET /api/v1/reservas,6.069250,200,success,
1789927064.163466,GET,GET /api/v1/reservas,7.606820,200,success,
1789927064.169374,GET,GET /api/v1/reservas,7.067803,200,success,
1789927064.171140,GET,GET /api/v1/reservas/{id},4.038070,200,success,
1789927064.288449,GET,GET /api/v1/reservas/{id},5.029022,200,success,
1789927064.302576,GET,GET /api/v1/reservas/{id},3.922895,200,success,
1789927064.306174,GET,GET /api/v1/reservas,4.794829,200,success,
1789927064.396690,GET,GET /api/v1/reservas,7.109545,200,success,
1789927064.410341,GET,GET /api/v1/reservas/{id},7.445164,200,success,
1789927064.425162,GET,GET /api/v1/reservas,5.523502,200,success,
1789927064.525282,GET,GET /api/v1/reservas,9.491927,200,success,
1789927064.527905,GET,GET /api/v1/reservas,9.383724,200,success,
1789927064.533928,GET,GET /api/v1/reservas/{id},4.515875,200,success,
1789927064.534421,GET,GET /api/v1/reservas,7.841986,200,success,
1789927064.547339,GET,GET /api/v1/reservas,5.633599,200,success,
1789927064.651928,GET,GET /api/v1/reservas,6.197353,200,success,
1789927064.661391,GET,GET /api/v1/reservas,7.218620,200,success,
1789927064.725497,GET,GET /api/v1/reservas,5.717556,200,success,
1789927064.771693,GET,GET /api/v1/reservas,5.173561,200,success,
1789927064.815441,GET,GET /api/v1/reservas,5.488038,200,success,
1789927064.820883,GET,GET /api/v1/reservas,4.223802,200,success,
1789927064.878471,GET,GET /api/v1/reservas,5.274165,200,success,
1789927064.901043,GET,GET /api/v1/reservas,4.313317,200,success,
1789927064.910320,GET,GET /api/v1/reservas,4.066032,200,success,
1789927064.944292,GET,GET /api/v1/reservas/{id},3.790556,200,success,
1789927064.949226,GET,GET /api/v1/reservas,4.729097,200,success,
1789927065.032330,GET,GET /api/v1/reservas,7.941848,200,success,
1789927065.032840,GET,GET /api/v1/reservas,9.282128,200,success,
1789927065.033163,GET,GET /api/v1/reservas/{id},5.387255,200,success,
1789927065.073371,GET,GET /api/v1/reservas,4.952375,200,success,
1789927065.100205,GET,GET /api/v1/reservas/{id},3.635329,200,success,
1789927065.124635,GET,GET /api/v1/reservas/{id},3.262394,200,success,
1789927065.177274,GET,GET /api/v1/reservas,5.358742,200,success,
1789927065.184851,GET,GET /api/v1/reservas/{id},3.393624,200,success,
1789927065.193142,GET,GET /api/v1/reservas/{id},3.139759,200,success,
1789927065.235588,GET,GET /api/v1/reservas/{id},4.260407,200,success,
1789927065.258506,GET,GET /api/v1/reservas,5.615962,200,success,
1789927065.300136,GET,GET /api/v1/reservas,5.285250,200,success,
1789927065.406919,GET,GET /api/v1/reservas,6.398127,200,success,
1789927065.409101,GET,GET /api/v1/reservas,4.739583,200,success,
1789927065.624695,GET,GET /api/v1/reservas/{id},4.841629,200,success,
1789927065.630386,GET,GET /api/v1/reservas,4.409353,200,success,
1789927065.754494,GET,GET /api/v1/reservas,5.708041,200,success,
1789927065.818800,GET,GET /api/v1/reservas/{id},4.402843,200,success,
1789927065.852353,GET,GET /api/v1/reservas,5.250488,200,success,
1789927065.881512,GET,GET /api/v1/reservas/{id},3.955566,200,success,
1789927065.950284,GET,GET /api/v1/reservas/{id},4.577948,200,success,
1789927065.952938,GET,GET /api/v1/reservas,4.365938,200,success,
1789927065.977777,GET,GET /api/v1/reservas,6.569497,200,success,
1789927066.074148,GET,GET /api/v1/reservas,5.994506,200,success,
1789927066.091954,GET,GET /api/v1/reservas,4.512649,200,success,
1789927066.175339,GET,GET /api/v1/reservas,6.003981,200,success,
1789927066.249561,GET,GET /api/v1/reservas,5.850978,200,success,
1789927066.262389,GET,GET /api/v1/reservas,4.552060,200,success,
1789927066.309750,GET,GET /api/v1/reservas/{id},4.154988,200,success,
1789927066.327739,GET,GET /api/v1/reservas,4.685731,200,success,
1789927066.331123,GET,GET /api/v1/reservas,4.418066,200,success,
1789927066.404322,GET,GET /api/v1/reservas,5.882115,200,success,
1789927066.422097,GET,GET /api/v1/reservas/{id},3.594418,200,success,
1789927066.509905,GET,GET /api/v1/reservas,6.113236,200,success,
1789927066.544356,GET,GET /api/v1/reservas,5.137487,200,success,
1789927066.547523,GET,GET /api/v1/reservas/{id},3.053168,200,success,
1789927066.584451,GET,GET /api/v1/reservas/{id},3.743805,200,success,
1789927066.640112,GET,GET /api/v1/reservas,5.370960,200,success,
1789927066.707626,GET,GET /api/v1/reservas/{id},4.290243,200,success,
1789927066.723340,GET,GET /api/v1/reservas,4.439049,200,success,
1789927066.742134,GET,GET /api/v1/reservas,4.518748,200,success,
1789927066.785331,GET,GET /api/v1/reservas,5.172691,200,success,
1789927066.797418,GET,GET /api/v1/reservas/{id},3.903867,200,success,
1789927066.834370,GET,GET /api/v1/reservas/{id},3.775122,200,success,
1789927066.859460,GET,GET /api/v1/reservas/{id},3.591243,200,success,
1789927066.860557,GET,GET /api/v1/reservas,4.897764,200,success,
1789927066.915327,GET,GET /api/v1/reservas,5.486746,200,success,
1789927066.951109,GET,GET /api/v1/reservas,5.464632,200,success,
1789927066.951579,GET,GET /api/v1/reservas,5.586437,200,success,
1789927066.987331,GET,GET /api/v1/reservas,5.472194,200,success,
1789927066.989308,GET,GET /api/v1/reservas,4.776420,200,success,
1789927067.003005,GET,GET /api/v1/reservas,4.448722,200,success,
1789927067.087581,GET,GET /api/v1/reservas,6.271546,200,success,
1789927067.201289,GET,GET /api/v1/reservas/{id},5.385964,200,success,
1789927067.211240,GET,GET /api/v1/reservas/{id},3.746308,200,success,
1789927067.259082,GET,GET /api/v1/reservas,5.512475,200,success,
1789927067.269060,GET,GET /api/v1/reservas,4.685763,200,success,
1789927067.322015,GET,GET /api/v1/reservas,5.637756,200,success,
1789927067.399717,GET,GET /api/v1/reservas/{id},6.465149,200,success,
1789927067.415912,GET,GET /api/v1/reservas,6.861951,200,success,
1789927067.419726,GET,GET /api/v1/reservas,5.542750,200,success,
1789927067.511906,GET,GET /api/v1/reservas,5.800842,200,success,
1789927067.513832,GET,GET /api/v1/reservas/{id},3.051435,200,success,
1789927067.545537,GET,GET /api/v1/reservas,5.055553,200,success,
1789927067.615090,GET,GET /api/v1/reservas/{id},4.340889,200,success,
1789927067.638072,GET,GET /api/v1/reservas,4.673123,200,success,
1789927067.677208,GET,GET /api/v1/reservas,4.873377,200,success,
1789927067.711238,GET,GET /api/v1/reservas,4.788468,200,success,
1789927067.719472,GET,GET /api/v1/reservas,4.988681,200,success,
1789927067.783760,GET,GET /api/v1/reservas/{id},4.313348,200,success,
1789927067.872931,GET,GET /api/v1/reservas,5.804118,200,success,
1789927067.951911,GET,GET /api/v1/reservas,5.620910,200,success,
1789927068.082391,GET,GET /api/v1/reservas,6.189021,200,success,
1789927068.192073,GET,GET /api/v1/reservas,7.234185,200,success,
1789927068.192573,GET,GET /api/v1/reservas,7.280486,200,success,
1789927068.193817,GET,GET /api/v1/reservas,4.435714,200,success,
1789927068.195311,GET,GET /api/v1/reservas,4.357284,200,success,
1789927068.274410,GET,GET /api/v1/reservas,6.778795,200,success,
1789927068.287234,GET,GET /api/v1/reservas/{id},3.633617,200,success,
1789927068.317115,GET,GET /api/v1/reservas/{id},3.684425,200,success,
1789927068.342886,GET,GET /api/v1/reservas,4.515483,200,success,
1789927068.386345,GET,GET /api/v1/reservas/{id},3.553937,200,success,
1789927068.386769,GET,GET /api/v1/reservas,5.617275,200,success,
1789927068.432911,GET,GET /api/v1/reservas,4.866296,200,success,
1789927068.442096,GET,GET /api/v1/reservas/{id},3.039647,200,success,
1789927068.455466,GET,GET /api/v1/reservas,4.144662,200,success,
1789927068.544388,GET,GET /api/v1/reservas/{id},4.663398,200,success,
1789927068.553039,GET,GET /api/v1/reservas,4.323634,200,success,
1789927068.574593,GET,GET /api/v1/reservas,4.304103,200,success,
1789927068.645668,GET,GET /api/v1/reservas,5.765148,200,success,
1789927068.656709,GET,GET /api/v1/reservas,4.793516,200,success,
1789927068.699050,GET,GET /api/v1/reservas,5.031316,200,success,
1789927068.823233,GET,GET /api/v1/reservas,11.120446,200,success,
1789927068.856314,GET,GET /api/v1/reservas,9.615895,200,success,
1789927068.857026,GET,GET /api/v1/reservas,6.663019,200,success,
1789927068.921370,GET,GET /api/v1/reservas,6.976954,200,success,
1789927069.003806,GET,GET /api/v1/reservas,9.138282,200,success,
1789927069.004705,GET,GET /api/v1/reservas,10.860340,200,success,
1789927069.075210,GET,GET /api/v1/reservas,7.166291,200,success,
1789927069.117037,GET,GET /api/v1/reservas,8.400602,200,success,
1789927069.158915,GET,GET /api/v1/reservas/{id},4.647053,200,success,
1789927069.175856,GET,GET /api/v1/reservas,5.632196,200,success,
1789927069.186827,GET,GET /api/v1/reservas,6.639964,200,success,
1789927069.203465,GET,GET /api/v1/reservas,5.290709,200,success,
1789927069.283149,GET,GET /api/v1/reservas,6.307520,200,success,
1789927069.326003,GET,GET /api/v1/reservas,5.518154,200,success,
1789927069.332332,GET,GET /api/v1/reservas,4.095678,200,success,
1789927069.393728,GET,GET /api/v1/reservas/{id},4.178794,200,success,
1789927069.412651,GET,GET /api/v1/reservas,4.659542,200,success,
1789927069.429198,GET,GET /api/v1/reservas,4.322512,200,success,
1789927069.559341,GET,GET /api/v1/reservas,7.131300,200,success,
1789927069.592734,GET,GET /api/v1/reservas,6.944075,200,success,
1789927069.619393,GET,GET /api/v1/reservas,6.357506,200,success,
1789927069.684947,GET,GET /api/v1/reservas,8.158397,200,success,
1789927069.791799,GET,GET /api/v1/reservas,6.378587,200,success,
1789927069.865132,GET,GET /api/v1/reservas,5.932362,200,success,
1789927069.879373,GET,GET /api/v1/reservas,4.960368,200,success,
1789927070.004694,GET,GET /api/v1/reservas,5.930699,200,success,
1789927070.028806,GET,GET /api/v1/reservas,4.793536,200,success,
1789927070.031075,GET,GET /api/v1/reservas/{id},3.555780,200,success,
1789927070.044131,GET,GET /api/v1/reservas,4.738351,200,success,
1789927070.081383,GET,GET /api/v1/reservas,4.985467,200,success,
1789927070.106865,GET,GET /api/v1/reservas/{id},4.277613,200,success,
1789927070.146824,GET,GET /api/v1/reservas/{id},3.762573,200,success,
1789927070.191342,GET,GET /api/v1/reservas/{id},4.345095,200,success,
1789927070.204325,GET,GET /api/v1/reservas,4.735928,200,success,
1789927070.252169,GET,GET /api/v1/reservas,5.507198,200,success,
1789927070.349635,GET,GET /api/v1/reservas,7.048924,200,success,
1789927070.363526,GET,GET /api/v1/reservas/{id},7.668893,200,success,
1789927070.375129,GET,GET /api/v1/reservas,9.625980,200,success,
1789927070.375618,GET,GET /api/v1/reservas,10.752587,200,success,
1789927070.424829,GET,GET /api/v1/reservas,5.886001,200,success,
1789927070.455153,GET,GET /api/v1/reservas,9.906145,200,success,
1789927070.458768,GET,GET /api/v1/reservas/{id},5.226220,200,success,
1789927070.460563,GET,GET /api/v1/reservas/{id},4.223742,200,success,
1789927070.566760,GET,GET /api/v1/reservas,5.846452,200,success,
1789927070.696945,GET,GET /api/v1/reservas,5.774422,200,success,
1789927070.702811,GET,GET /api/v1/reservas,4.618080,200,success,
1789927070.716463,GET,GET /api/v1/reservas,4.390464,200,success,
1789927070.748662,GET,GET /api/v1/reservas,4.916361,200,success,
1789927070.772552,GET,GET /api/v1/reservas/{id},3.974324,200,success,
1789927070.821540,GET,GET /api/v1/reservas,5.706089,200,success,
1789927071.000005,GET,GET /api/v1/reservas/{id},5.073060,200,success,
1789927071.052358,GET,GET /api/v1/reservas/{id},4.107625,200,success,
1789927071.055483,GET,GET /api/v1/reservas/{id},3.028489,200,success,
1789927071.063980,GET,GET /api/v1/reservas,4.268730,200,success,
1789927071.084099,GET,GET /api/v1/reservas,4.792704,200,success,
1789927071.089479,GET,GET /api/v1/reservas/{id},3.891638,200,success,
1789927071.090265,GET,GET /api/v1/reservas,4.883322,200,success,
1789927071.111362,GET,GET /api/v1/reservas,4.841848,200,success,
1789927071.121112,GET,GET /api/v1/reservas,4.515233,200,success,
1789927071.125373,GET,GET /api/v1/reservas,4.099533,200,success,
1789927071.128714,GET,GET /api/v1/reservas/{id},3.248454,200,success,
1789927071.209585,GET,GET /api/v1/reservas/{id},4.636027,200,success,
1789927071.256949,GET,GET /api/v1/reservas,7.013671,200,success,
1789927071.264264,GET,GET /api/v1/reservas/{id},4.129750,200,success,
1789927071.284030,GET,GET /api/v1/reservas,6.458879,200,success,
1789927071.307154,GET,GET /api/v1/reservas,7.784179,200,success,
1789927071.334172,GET,GET /api/v1/reservas,5.704686,200,success,
1789927071.345241,GET,GET /api/v1/reservas,5.780591,200,success,
1789927071.366508,GET,GET /api/v1/reservas,6.868891,200,success,
1789927071.383206,GET,GET /api/v1/reservas,5.389819,200,success,
1789927071.517483,GET,GET /api/v1/reservas,7.406546,200,success,
1789927071.521194,GET,GET /api/v1/reservas/{id},4.583937,200,success,
1789927071.727090,GET,GET /api/v1/reservas,5.920633,200,success,
1789927071.798874,GET,GET /api/v1/reservas,5.702053,200,success,
1789927071.819230,GET,GET /api/v1/reservas,5.058397,200,success,
1789927072.002718,GET,GET /api/v1/reservas,7.032699,200,success,
1789927072.049995,GET,GET /api/v1/reservas/{id},10.018686,200,success,
1789927072.057405,GET,GET /api/v1/reservas,8.313811,200,success,
1789927072.146308,GET,GET /api/v1/reservas,6.567204,200,success,
1789927072.160155,GET,GET /api/v1/reservas/{id},4.649047,200,success,
1789927072.224154,GET,GET /api/v1/reservas,6.661146,200,success,
1789927072.231107,GET,GET /api/v1/reservas,4.650669,200,success,
1789927072.246946,GET,GET /api/v1/reservas,4.571088,200,success,
1789927072.292351,GET,GET /api/v1/reservas,5.126140,200,success,
1789927072.323935,GET,GET /api/v1/reservas,6.282573,200,success,
1789927072.427310,GET,GET /api/v1/reservas,5.961156,200,success,
1789927072.449040,GET,GET /api/v1/reservas,4.417906,200,success,
1789927072.458460,GET,GET /api/v1/reservas/{id},3.258639,200,success,
1789927072.469694,GET,GET /api/v1/reservas,4.009918,200,success,
1789927072.503495,GET,GET /api/v1/reservas,4.524659,200,success,
1789927072.509572,GET,GET /api/v1/reservas/{id},2.923351,200,success,
1789927072.542645,GET,GET /api/v1/reservas,4.836059,200,success,
1789927072.561626,GET,GET /api/v1/reservas,4.691030,200,success,
1789927072.612223,GET,GET /api/v1/reservas,5.297569,200,success,
1789927072.775430,GET,GET /api/v1/reservas,5.950789,200,success,
1789927072.806209,GET,GET /api/v1/reservas,8.452191,200,success,
1789927072.820961,GET,GET /api/v1/reservas,5.467767,200,success,
1789927072.871796,GET,GET /api/v1/reservas,5.508209,200,success,
1789927072.899342,GET,GET /api/v1/reservas,5.238890,200,success,
1789927072.913318,GET,GET /api/v1/reservas,5.626908,200,success,
1789927072.914565,GET,GET /api/v1/reservas,5.305241,200,success,
1789927072.946583,GET,GET /api/v1/reservas/{id},3.864287,200,success,
1789927072.948545,GET,GET /api/v1/reservas,4.097380,200,success,
1789927072.952500,GET,GET /api/v1/reservas,3.819099,200,success,
1789927072.980295,GET,GET /api/v1/reservas,5.521799,200,success,
1789927072.991010,GET,GET /api/v1/reservas,5.387376,200,success,
1789927073.000139,GET,GET /api/v1/reservas/{id},3.937047,200,success,
1789927073.034801,GET,GET /api/v1/reservas,5.307856,200,success,
1789927073.051002,GET,GET /api/v1/reservas,4.863371,200,success,
1789927073.086686,GET,GET /api/v1/reservas,5.374125,200,success,
1789927073.180384,GET,GET /api/v1/reservas,6.341001,200,success,
1789927073.198186,GET,GET /api/v1/reservas/{id},3.616941,200,success,
1789927073.225103,GET,GET /api/v1/reservas,4.635816,200,success,
1789927073.384621,GET,GET /api/v1/reservas,6.080396,200,success,
1789927073.394507,GET,GET /api/v1/reservas,4.631300,200,success,
1789927073.435397,GET,GET /api/v1/reservas,17.360412,200,success,
1789927073.439116,GET,GET /api/v1/reservas/{id},5.843708,200,success,
1789927073.439933,GET,GET /api/v1/reservas,4.956824,200,success,
1789927073.463523,GET,GET /api/v1/reservas/{id},3.423057,200,success,
1789927073.470214,GET,GET /api/v1/reservas,4.449684,200,success,
1789927073.514112,GET,GET /api/v1/reservas,12.845609,200,success,
1789927073.561578,GET,GET /api/v1/reservas/{id},4.725182,200,success,
1789927073.590419,GET,GET /api/v1/reservas/{id},3.636672,200,success,
1789927073.682437,GET,GET /api/v1/reservas,6.640374,200,success,
1789927073.707572,GET,GET /api/v1/reservas,4.856080,200,success,
1789927073.799845,GET,GET /api/v1/reservas,6.119666,200,success,
1789927073.850931,GET,GET /api/v1/reservas/{id},4.846516,200,success,
1789927073.916775,GET,GET /api/v1/reservas/{id},5.148093,200,success,
1789927073.917696,GET,GET /api/v1/reservas,6.421062,200,success,
1789927073.984853,GET,GET /api/v1/reservas,5.829205,200,success,
1789927073.987114,GET,GET /api/v1/reservas/{id},3.432853,200,success,
1789927074.112157,GET,GET /api/v1/reservas,7.608201,200,success,
1789927074.263083,GET,GET /api/v1/reservas,15.468205,200,success,
1789927074.374851,GET,GET /api/v1/reservas,7.331021,200,success,
1789927074.383871,GET,GET /api/v1/reservas,4.741617,200,success,
1789927074.393343,GET,GET /api/v1/reservas,4.243171,200,success,
1789927074.438852,GET,GET /api/v1/reservas/{id},3.652857,200,success,
1789927074.439207,GET,GET /api/v1/reservas/{id},4.686234,200,success,
1789927074.493373,GET,GET /api/v1/reservas/{id},3.984880,200,success,
1789927074.575459,GET,GET /api/v1/reservas,5.720690,200,success,
1789927074.583799,GET,GET /api/v1/reservas,4.116359,200,success,
1789927074.665122,GET,GET /api/v1/reservas,8.933069,200,success,
1789927074.694518,GET,GET /api/v1/reservas,6.040826,200,success,
1789927074.720267,GET,GET /api/v1/reservas/{id},4.527722,200,success,
1789927074.731325,GET,GET /api/v1/reservas,5.743095,200,success,
1789927074.792817,GET,GET /api/v1/reservas/{id},6.318486,200,success,
1789927074.826976,GET,GET /api/v1/reservas,6.774147,200,success,
1789927074.853320,GET,GET /api/v1/reservas,9.941348,200,success,
1789927074.898721,GET,GET /api/v1/reservas,7.013400,200,success,
1789927074.903768,GET,GET /api/v1/reservas,4.822370,200,success,
1789927074.968540,GET,GET /api/v1/reservas/{id},4.546802,200,success,
1789927074.979486,GET,GET /api/v1/reservas,4.683569,200,success,
1789927074.994314,GET,GET /api/v1/reservas,4.572731,200,success,
1789927075.012859,GET,GET /api/v1/reservas/{id},3.408426,200,success,
1789927075.070575,GET,GET /api/v1/reservas,5.404783,200,success,
1789927075.095467,GET,GET /api/v1/reservas/{id},3.695781,200,success,
1789927075.097443,GET,GET /api/v1/reservas/{id},3.068861,200,success,
1789927075.106649,GET,GET /api/v1/reservas,3.988916,200,success,
1789927075.200858,GET,GET /api/v1/reservas,5.881374,200,success,
1789927075.213355,GET,GET /api/v1/reservas,4.201258,200,success,
1789927075.281479,GET,GET /api/v1/reservas/{id},4.872375,200,success,
1789927075.380419,GET,GET /api/v1/reservas,6.577799,200,success,
1789927075.415946,GET,GET /api/v1/reservas,5.221454,200,success,
1789927075.511074,GET,GET /api/v1/reservas/{id},4.833476,200,success,
1789927075.520168,GET,GET /api/v1/reservas,4.790141,200,success,
1789927075.554036,GET,GET /api/v1/reservas,5.119248,200,success,
1789927075.596386,GET,GET /api/v1/reservas,5.102133,200,success,
1789927075.643645,GET,GET /api/v1/reservas,4.993769,200,success,
1789927075.677692,GET,GET /api/v1/reservas,4.763700,200,success,
1789927075.730300,GET,GET /api/v1/reservas,5.297570,200,success,
1789927075.747952,GET,GET /api/v1/reservas,4.366549,200,success,
1789927075.755267,GET,GET /api/v1/reservas,4.093775,200,success,
1789927075.823715,GET,GET /api/v1/reservas/{id},4.538999,200,success,
1789927075.849075,GET,GET /api/v1/reservas,5.044095,200,success,
1789927075.927152,GET,GET /api/v1/reservas/{id},4.895640,200,success,
1789927075.931307,GET,GET /api/v1/reservas,4.702558,200,success,
1789927076.026067,GET,GET /api/v1/reservas,7.370041,200,success,
1789927076.040473,GET,GET /api/v1/reservas,5.099839,200,success,
1789927076.085009,GET,GET /api/v1/reservas,5.218700,200,success,
1789927076.111854,GET,GET /api/v1/reservas/{id},3.648319,200,success,
1789927076.129708,GET,GET /api/v1/reservas,4.536565,200,success,
1789927076.145782,GET,GET /api/v1/reservas,4.803700,200,success,
1789927076.172689,GET,GET /api/v1/reservas,4.659542,200,success,
1789927076.245843,GET,GET /api/v1/reservas,5.821052,200,success,
1789927076.285648,GET,GET /api/v1/reservas,5.465744,200,success,
1789927076.317541,GET,GET /api/v1/reservas,6.593995,200,success,
1789927076.342032,GET,GET /api/v1/reservas/{id},4.268179,200,success,
1789927076.413615,GET,GET /api/v1/reservas,6.225175,200,success,
1789927076.425290,GET,GET /api/v1/reservas,4.432708,200,success,
1789927076.439450,GET,GET /api/v1/reservas,4.900719,200,success,
1789927076.505424,GET,GET /api/v1/reservas/{id},4.369734,200,success,
1789927076.568468,GET,GET /api/v1/reservas,5.702653,200,success,
1789927076.593030,GET,GET /api/v1/reservas/{id},4.364586,200,success,
1789927076.611018,GET,GET /api/v1/reservas,4.679523,200,success,
1789927076.701165,GET,GET /api/v1/reservas,5.800641,200,success,
1789927076.719068,GET,GET /api/v1/reservas,4.627014,200,success,
1789927076.748196,GET,GET /api/v1/reservas,4.879816,200,success,
1789927076.763634,GET,GET /api/v1/reservas,4.216310,200,success,
1789927076.850952,GET,GET /api/v1/reservas,6.220178,200,success,
1789927076.909839,GET,GET /api/v1/reservas,5.506046,200,success,
1789927076.959282,GET,GET /api/v1/reservas/{id},4.229751,200,success,
1789927076.977513,GET,GET /api/v1/reservas,4.965667,200,success,
1789927077.019736,GET,GET /api/v1/reservas,4.969442,200,success,
1789927077.055705,GET,GET /api/v1/reservas,4.672723,200,success,
1789927077.149086,GET,GET /api/v1/reservas,6.015278,200,success,
1789927077.169651,GET,GET /api/v1/reservas,4.332126,200,success,
1789927077.178588,GET,GET /api/v1/reservas,4.690059,200,success,
1789927077.180531,GET,GET /api/v1/reservas,4.112352,200,success,
1789927077.213647,GET,GET /api/v1/reservas,4.869061,200,success,
1789927077.239843,GET,GET /api/v1/reservas,4.912816,200,success,
1789927077.334054,GET,GET /api/v1/reservas/{id},4.940688,200,success,
1789927077.422710,GET,GET /api/v1/reservas,6.248430,200,success,
1789927077.460419,GET,GET /api/v1/reservas,5.394727,200,success,
1789927077.488320,GET,GET /api/v1/reservas,4.645422,200,success,
1789927077.500017,GET,GET /api/v1/reservas,4.423385,200,success,
1789927077.507418,GET,GET /api/v1/reservas,5.177767,200,success,
1789927077.557658,GET,GET /api/v1/reservas,5.498534,200,success,
1789927077.559502,GET,GET /api/v1/reservas,4.665712,200,success,
1789927077.564124,GET,GET /api/v1/reservas,5.174453,200,success,
1789927077.565216,GET,GET /api/v1/reservas,4.321701,200,success,
1789927077.609242,GET,GET /api/v1/reservas/{id},3.844276,200,success,
1789927077.627938,GET,GET /api/v1/reservas,4.430805,200,success,
1789927077.633383,GET,GET /api/v1/reservas,4.222671,200,success,
1789927077.634862,GET,GET /api/v1/reservas,4.201938,200,success,
1789927077.671958,GET,GET /api/v1/reservas,4.845234,200,success,
1789927077.680033,GET,GET /api/v1/reservas,3.826659,200,success,
1789927077.700710,GET,GET /api/v1/reservas,4.401140,200,success,
1789927077.715251,GET,GET /api/v1/reservas,4.295480,200,success,
1789927077.748060,GET,GET /api/v1/reservas,5.120481,200,success,
1789927077.748419,GET,GET /api/v1/reservas,5.945913,200,success,
1789927077.754398,GET,GET /api/v1/reservas,3.783455,200,success,
1789927077.795231,GET,GET /api/v1/reservas/{id},3.921003,200,success,
1789927077.822334,GET,GET /api/v1/reservas/{id},3.904498,200,success,
1789927077.867719,GET,GET /api/v1/reservas/{id},4.179675,200,success,
1789927077.889827,GET,GET /api/v1/reservas/{id},3.907003,200,success,
1789927078.077165,GET,GET /api/v1/reservas,7.843147,200,success,
1789927078.222197,GET,GET /api/v1/reservas,6.523707,200,success,
1789927078.273190,GET,GET /api/v1/reservas/{id},6.729910,200,success,
1789927078.390037,GET,GET /api/v1/reservas,6.431067,200,success,
1789927078.578281,GET,GET /api/v1/reservas/{id},4.986979,200,success,
1789927078.615083,GET,GET /api/v1/reservas,5.470101,200,success,
1789927078.629025,GET,GET /api/v1/reservas,4.633863,200,success,
1789927078.664088,GET,GET /api/v1/reservas,4.752604,200,success,
1789927078.715383,GET,GET /api/v1/reservas,5.018196,200,success,
1789927078.721585,GET,GET /api/v1/reservas,3.970528,200,success,
1789927078.797655,GET,GET /api/v1/reservas,6.039825,200,success,
1789927078.823006,GET,GET /api/v1/reservas/{id},4.137150,200,success,
1789927078.915713,GET,GET /api/v1/reservas/{id},5.406484,200,success,
1789927078.916091,GET,GET /api/v1/reservas/{id},4.907008,200,success,
1789927078.980010,GET,GET /api/v1/reservas,6.594034,200,success,
1789927078.980681,GET,GET /api/v1/reservas,5.618627,200,success,
1789927078.988388,GET,GET /api/v1/reservas/{id},3.574537,200,success,
1789927079.068237,GET,GET /api/v1/reservas,6.517468,200,success,
1789927079.085279,GET,GET /api/v1/reservas,5.697485,200,success,
1789927079.122542,GET,GET /api/v1/reservas,8.926990,200,success,
1789927079.149749,GET,GET /api/v1/reservas,5.880173,200,success,
1789927079.165858,GET,GET /api/v1/reservas,5.751868,200,success,
1789927079.232437,GET,GET /api/v1/reservas/{id},6.283904,200,success,
1789927079.245012,GET,GET /api/v1/reservas,6.216112,200,success,
1789927079.308114,GET,GET /api/v1/reservas,8.709671,200,success,
1789927079.333649,GET,GET /api/v1/reservas,8.133097,200,success,
1789927079.337089,GET,GET /api/v1/reservas/{id},5.656253,200,success,
1789927079.428335,GET,GET /api/v1/reservas,6.914170,200,success,
1789927079.464906,GET,GET /api/v1/reservas,5.276829,200,success,
1789927079.474635,GET,GET /api/v1/reservas,4.482664,200,success,
1789927079.595667,GET,GET /api/v1/reservas,6.201369,200,success,
1789927079.618151,GET,GET /api/v1/reservas,5.198098,200,success,
1789927079.619969,GET,GET /api/v1/reservas,4.374942,200,success,
1789927079.652157,GET,GET /api/v1/reservas,4.893066,200,success,
1789927079.665865,GET,GET /api/v1/reservas,4.469474,200,success,
1789927079.775348,GET,GET /api/v1/reservas,6.116510,200,success,
1789927079.796968,GET,GET /api/v1/reservas,5.325371,200,success,
1789927079.816134,GET,GET /api/v1/reservas,5.837778,200,success,
1789927079.834345,GET,GET /api/v1/reservas,5.897689,200,success,
1789927079.857479,GET,GET /api/v1/reservas,6.830052,200,success,
1789927079.944533,GET,GET /api/v1/reservas,7.682934,200,success,
1789927080.015449,GET,GET /api/v1/reservas,8.538833,200,success,
1789927080.023552,GET,GET /api/v1/reservas,5.767572,200,success,
1789927080.153507,GET,GET /api/v1/reservas,6.509817,200,success,
1789927080.158350,GET,GET /api/v1/reservas,4.648746,200,success,
1789927080.178640,GET,GET /api/v1/reservas,5.023935,200,success,
1789927080.184257,GET,GET /api/v1/reservas/{id},3.448337,200,success,
1789927080.239837,GET,GET /api/v1/reservas/{id},5.337190,200,success,
1789927080.240808,GET,GET /api/v1/reservas,5.811028,200,success,
1789927080.346730,GET,GET /api/v1/reservas,7.525457,200,success,
1789927080.362793,GET,GET /api/v1/reservas,15.805566,200,success,
1789927080.396486,GET,GET /api/v1/reservas,7.281868,200,success,
1789927080.427756,GET,GET /api/v1/reservas,5.969087,200,success,
1789927080.460693,GET,GET /api/v1/reservas/{id},4.724290,200,success,
1789927080.473366,GET,GET /api/v1/reservas,5.301635,200,success,
1789927080.534499,GET,GET /api/v1/reservas,6.769200,200,success,
1789927080.534829,GET,GET /api/v1/reservas/{id},4.375591,200,success,
1789927080.619271,GET,GET /api/v1/reservas,5.162083,200,success,
1789927080.619443,GET,GET /api/v1/reservas,7.318242,200,success,
1789927080.732255,GET,GET /api/v1/reservas,6.420120,200,success,
1789927080.735255,GET,GET /api/v1/reservas,4.625740,200,success,
1789927080.836416,GET,GET /api/v1/reservas,6.014547,200,success,
1789927080.852303,GET,GET /api/v1/reservas/{id},3.712097,200,success,
1789927080.920259,GET,GET /api/v1/reservas,5.621160,200,success,
1789927081.009609,GET,GET /api/v1/reservas/{id},5.047010,200,success,
1789927081.033805,GET,GET /api/v1/reservas,5.901424,200,success,
1789927081.034220,GET,GET /api/v1/reservas,5.878110,200,success,
1789927081.087268,GET,GET /api/v1/reservas,6.745514,200,success,
1789927081.087632,GET,GET /api/v1/reservas,6.699275,200,success,
1789927081.089077,GET,GET /api/v1/reservas/{id},5.043886,200,success,
1789927081.090755,GET,GET /api/v1/reservas,5.740381,200,success,
1789927081.103209,GET,GET /api/v1/reservas,4.213897,200,success,
1789927081.162837,GET,GET /api/v1/reservas,5.322787,200,success,
1789927081.191398,GET,GET /api/v1/reservas,5.269496,200,success,
1789927081.231391,GET,GET /api/v1/reservas,5.709684,200,success,
1789927081.241421,GET,GET /api/v1/reservas,4.754566,200,success,
1789927081.299392,GET,GET /api/v1/reservas,5.639968,200,success,
1789927081.317906,GET,GET /api/v1/reservas,5.187263,200,success,
1789927081.334432,GET,GET /api/v1/reservas,5.212100,200,success,
1789927081.346675,GET,GET /api/v1/reservas/{id},10.049121,200,success,
1789927081.390551,GET,GET /api/v1/reservas/{id},4.656998,200,success,
1789927081.456684,GET,GET /api/v1/reservas,6.400301,200,success,
1789927081.601960,GET,GET /api/v1/reservas,7.429020,200,success,
1789927081.623861,GET,GET /api/v1/reservas,7.595884,200,success,
1789927081.635266,GET,GET /api/v1/reservas,7.082825,200,success,
1789927081.678589,GET,GET /api/v1/reservas/{id},5.442098,200,success,
1789927081.679466,GET,GET /api/v1/reservas,7.844099,200,success,
1789927081.696976,GET,GET /api/v1/reservas/{id},4.323082,200,success,
1789927081.758718,GET,GET /api/v1/reservas,8.281202,200,success,
1789927081.785517,GET,GET /api/v1/reservas/{id},5.561569,200,success,
1789927081.789952,GET,GET /api/v1/reservas,5.986213,200,success,
1789927081.804012,GET,GET /api/v1/reservas,8.489608,200,success,
1789927081.869109,GET,GET /api/v1/reservas,7.683706,200,success,
1789927081.969662,GET,GET /api/v1/reservas,7.110226,200,success,
1789927082.033809,GET,GET /api/v1/reservas,5.796126,200,success,
1789927082.085202,GET,GET /api/v1/reservas,10.038905,200,success,
1789927082.283147,GET,GET /api/v1/reservas,7.404494,200,success,
1789927082.311779,GET,GET /api/v1/reservas,6.328633,200,success,
1789927082.328694,GET,GET /api/v1/reservas/{id},6.701687,200,success,
1789927082.377350,GET,GET /api/v1/reservas,17.247952,200,success,
1789927082.396524,GET,GET /api/v1/reservas/{id},7.910290,200,success,
1789927082.411608,GET,GET /api/v1/reservas/{id},5.856607,200,success,
1789927082.429537,GET,GET /api/v1/reservas/{id},5.698247,200,success,
1789927082.475090,GET,GET /api/v1/reservas,7.162426,200,success,
1789927082.516909,GET,GET /api/v1/reservas/{id},4.582736,200,success,
1789927082.647451,GET,GET /api/v1/reservas,6.097181,200,success,
1789927082.650204,GET,GET /api/v1/reservas,5.077646,200,success,
1789927082.721608,GET,GET /api/v1/reservas,7.104739,200,success,
1789927082.734999,GET,GET /api/v1/reservas,5.077215,200,success,
1789927082.772921,GET,GET /api/v1/reservas,5.594129,200,success,
1789927082.789726,GET,GET /api/v1/reservas,5.624054,200,success,
1789927082.792277,GET,GET /api/v1/reservas/{id},3.651625,200,success,
1789927082.902149,GET,GET /api/v1/reservas/{id},4.587674,200,success,
1789927082.928682,GET,GET /api/v1/reservas,5.215304,200,success,
1789927082.955640,GET,GET /api/v1/reservas/{id},3.768793,200,success,
1789927083.001207,GET,GET /api/v1/reservas,5.254744,200,success,
1789927083.028497,GET,GET /api/v1/reservas,6.872807,200,success,
1789927083.055753,GET,GET /api/v1/reservas/{id},5.047429,200,success,
1789927083.062671,GET,GET /api/v1/reservas,4.639602,200,success,
1789927083.072435,GET,GET /api/v1/reservas/{id},3.597793,200,success,
1789927083.114950,GET,GET /api/v1/reservas,5.221404,200,success,
1789927083.121536,GET,GET /api/v1/reservas,4.339768,200,success,
1789927083.276740,GET,GET /api/v1/reservas/{id},4.878714,200,success,
1789927083.344921,GET,GET /api/v1/reservas,5.853242,200,success,
1789927083.383551,GET,GET /api/v1/reservas/{id},4.433529,200,success,
1789927083.389173,GET,GET /api/v1/reservas,6.268391,200,success,
1789927083.412343,GET,GET /api/v1/reservas,5.892782,200,success,
1789927083.437484,GET,GET /api/v1/reservas,6.683801,200,success,
1789927083.532665,GET,GET /api/v1/reservas/{id},4.886917,200,success,
1789927083.619077,GET,GET /api/v1/reservas/{id},4.726013,200,success,
1789927083.701593,GET,GET /api/v1/reservas,6.133867,200,success,
1789927083.722787,GET,GET /api/v1/reservas,4.914439,200,success,
1789927083.740876,GET,GET /api/v1/reservas,4.840627,200,success,
1789927083.782970,GET,GET /api/v1/reservas/{id},4.191854,200,success,
1789927083.797868,GET,GET /api/v1/reservas/{id},3.697505,200,success,
1789927083.864557,GET,GET /api/v1/reservas,6.331175,200,success,
1789927083.912001,GET,GET /api/v1/reservas,6.083080,200,success,
1789927083.920905,GET,GET /api/v1/reservas,4.651560,200,success,
1789927083.935631,GET,GET /api/v1/reservas/{id},3.558603,200,success,
1789927083.985544,GET,GET /api/v1/reservas,15.617891,200,success,
1789927083.989161,GET,GET /api/v1/reservas,5.406204,200,success,
1789927083.995251,GET,GET /api/v1/reservas,4.820266,200,success,
1789927084.004257,GET,GET /api/v1/reservas/{id},3.830846,200,success,
1789927084.096167,GET,GET /api/v1/reservas,6.505491,200,success,
1789927084.096561,GET,GET /api/v1/reservas,5.157066,200,success,
1789927084.240507,GET,GET /api/v1/reservas,7.554620,200,success,
1789927084.255136,GET,GET /api/v1/reservas,6.299539,200,success,
1789927084.262188,GET,GET /api/v1/reservas,4.733646,200,success,
1789927084.266712,GET,GET /api/v1/reservas,5.566888,200,success,
1789927084.267089,GET,GET /api/v1/reservas,5.598456,200,success,
1789927084.391073,GET,GET /api/v1/reservas,8.599143,200,success,
1789927084.404191,GET,GET /api/v1/reservas,5.758669,200,success,
1789927084.432510,GET,GET /api/v1/reservas,6.943023,200,success,
1789927084.490446,GET,GET /api/v1/reservas,6.608787,200,success,
1789927084.524828,GET,GET /api/v1/reservas/{id},6.133846,200,success,
1789927084.537545,GET,GET /api/v1/reservas/{id},5.488448,200,success,
1789927084.538270,GET,GET /api/v1/reservas/{id},4.385757,200,success,
1789927084.581593,GET,GET /api/v1/reservas,9.928287,200,success,
1789927084.582057,GET,GET /api/v1/reservas,7.880054,200,success,
1789927084.591301,GET,GET /api/v1/reservas/{id},4.086053,200,success,
1789927084.645552,GET,GET /api/v1/reservas,6.872377,200,success,
1789927084.752075,GET,GET /api/v1/reservas,6.190734,200,success,
1789927084.799514,GET,GET /api/v1/reservas/{id},4.475414,200,success,
1789927084.887881,GET,GET /api/v1/reservas,5.985422,200,success,
1789927084.950381,GET,GET /api/v1/reservas,7.120732,200,success,
1789927084.995081,GET,GET /api/v1/reservas,8.242444,200,success,
1789927085.086338,GET,GET /api/v1/reservas,9.589686,200,success,
1789927085.122664,GET,GET /api/v1/reservas,7.898902,200,success,
1789927085.186681,GET,GET /api/v1/reservas,6.646283,200,success,
1789927085.368616,GET,GET /api/v1/reservas,6.456235,200,success,
1789927085.405740,GET,GET /api/v1/reservas,6.785775,200,success,
1789927085.407661,GET,GET /api/v1/reservas,6.014846,200,success,
1789927085.476606,GET,GET /api/v1/reservas,5.595291,200,success,
1789927085.537328,GET,GET /api/v1/reservas,6.380592,200,success,
1789927085.537699,GET,GET /api/v1/reservas,5.017416,200,success,
1789927085.597662,GET,GET /api/v1/reservas,5.677826,200,success,
1789927085.600170,GET,GET /api/v1/reservas/{id},3.552955,200,success,
1789927085.619481,GET,GET /api/v1/reservas,4.976833,200,success,
1789927085.629128,GET,GET /api/v1/reservas/{id},3.464460,200,success,
1789927085.637552,GET,GET /api/v1/reservas/{id},3.266159,200,success,
1789927085.642744,GET,GET /api/v1/reservas,5.773941,200,success,
1789927085.643659,GET,GET /api/v1/reservas/{id},4.776249,200,success,
1789927085.714054,GET,GET /api/v1/reservas,6.035949,200,success,
1789927085.718518,GET,GET /api/v1/reservas,5.203327,200,success,
1789927085.721276,GET,GET /api/v1/reservas/{id},4.541294,200,success,
1789927085.722205,GET,GET /api/v1/reservas,5.722243,200,success,
1789927085.744076,GET,GET /api/v1/reservas,4.593833,200,success,
1789927085.786304,GET,GET /api/v1/reservas,6.896303,200,success,
1789927085.790719,GET,GET /api/v1/reservas,7.752709,200,success,
1789927085.823445,GET,GET /api/v1/reservas,5.418602,200,success,
1789927085.832310,GET,GET /api/v1/reservas,4.616877,200,success,
1789927085.866803,GET,GET /api/v1/reservas,5.194704,200,success,
1789927085.927590,GET,GET /api/v1/reservas,5.466665,200,success,
1789927085.973499,GET,GET /api/v1/reservas,5.573577,200,success,
1789927086.007329,GET,GET /api/v1/reservas,5.515950,200,success,
1789927086.023450,GET,GET /api/v1/reservas/{id},3.883366,200,success,
1789927086.033533,GET,GET /api/v1/reservas/{id},3.897427,200,success,
1789927086.051844,GET,GET /api/v1/reservas/{id},4.091491,200,success,
1789927086.097816,GET,GET /api/v1/reservas,5.660300,200,success,
1789927086.109520,GET,GET /api/v1/reservas,5.441828,200,success,
1789927086.134455,GET,GET /api/v1/reservas/{id},3.749013,200,success,
1789927086.164420,GET,GET /api/v1/reservas/{id},3.777015,200,success,
1789927086.241822,GET,GET /api/v1/reservas,6.045643,200,success,
1789927086.290755,GET,GET /api/v1/reservas,5.616933,200,success,
1789927086.318476,GET,GET /api/v1/reservas/{id},4.505068,200,success,
1789927086.461846,GET,GET /api/v1/reservas,6.599913,200,success,
1789927086.463948,GET,GET /api/v1/reservas,4.939326,200,success,
1789927086.489159,GET,GET /api/v1/reservas/{id},4.001094,200,success,
1789927086.553490,GET,GET /api/v1/reservas,5.957560,200,success,
1789927086.559172,GET,GET /api/v1/reservas,6.865676,200,success,
1789927086.564533,GET,GET /api/v1/reservas,6.395784,200,success,
1789927086.599576,GET,GET /api/v1/reservas,5.781684,200,success,
1789927086.644870,GET,GET /api/v1/reservas,5.974905,200,success,
1789927086.699911,GET,GET /api/v1/reservas,5.712769,200,success,
1789927086.732971,GET,GET /api/v1/reservas,5.745859,200,success,
1789927086.735499,GET,GET /api/v1/reservas,5.556061,200,success,
1789927086.863798,GET,GET /api/v1/reservas,6.142440,200,success,
1789927086.875396,GET,GET /api/v1/reservas,5.284879,200,success,
1789927087.009255,GET,GET /api/v1/reservas,6.411306,200,success,
1789927087.009751,GET,GET /api/v1/reservas,6.481654,200,success,
1789927087.041175,GET,GET /api/v1/reservas,5.084837,200,success,
1789927087.045968,GET,GET /api/v1/reservas/{id},3.619667,200,success,
1789927087.050074,GET,GET /api/v1/reservas,4.630730,200,success,
1789927087.107218,GET,GET /api/v1/reservas,5.840653,200,success,
1789927087.243781,GET,GET /api/v1/reservas/{id},5.217018,200,success,
1789927087.252743,GET,GET /api/v1/reservas,4.695637,200,success,
1789927087.339267,GET,GET /api/v1/reservas,6.160748,200,success,
1789927087.368705,GET,GET /api/v1/reservas,5.132409,200,success,
1789927087.388424,GET,GET /api/v1/reservas,4.461762,200,success,
1789927087.449425,GET,GET /api/v1/reservas,5.697335,200,success,
1789927087.527664,GET,GET /api/v1/reservas,5.908325,200,success,
1789927087.547489,GET,GET /api/v1/reservas,5.134152,200,success,
1789927087.556142,GET,GET /api/v1/reservas,4.385566,200,success,
1789927087.626380,GET,GET /api/v1/reservas,5.893102,200,success,
1789927087.689524,GET,GET /api/v1/reservas,5.794211,200,success,
1789927087.746164,GET,GET /api/v1/reservas,5.302818,200,success,
1789927087.766895,GET,GET /api/v1/reservas,4.489897,200,success,
1789927087.778539,GET,GET /api/v1/reservas,4.379859,200,success,
1789927087.821655,GET,GET /api/v1/reservas/{id},6.219226,200,success,
1789927087.822502,GET,GET /api/v1/reservas,5.225230,200,success,
1789927087.855634,GET,GET /api/v1/reservas,4.851122,200,success,
1789927087.982689,GET,GET /api/v1/reservas,6.599683,200,success,
1789927087.983353,GET,GET /api/v1/reservas/{id},3.539024,200,success,
1789927088.091813,GET,GET /api/v1/reservas/{id},5.179441,200,success,
1789927088.146605,GET,GET /api/v1/reservas,5.458413,200,success,
1789927088.155261,GET,GET /api/v1/reservas,4.396553,200,success,
1789927088.165591,GET,GET /api/v1/reservas,4.103440,200,success,
1789927088.177126,GET,GET /api/v1/reservas,4.308781,200,success,
1789927088.194677,GET,GET /api/v1/reservas,4.294740,200,success,
1789927088.245597,GET,GET /api/v1/reservas,5.618646,200,success,
1789927088.386929,GET,GET /api/v1/reservas/{id},4.993789,200,success,
1789927088.389223,GET,GET /api/v1/reservas/{id},3.463050,200,success,
1789927088.440760,GET,GET /api/v1/reservas,5.274153,200,success,
1789927088.479470,GET,GET /api/v1/reservas,5.406694,200,success,
1789927088.509695,GET,GET /api/v1/reservas/{id},4.023778,200,success,
1789927088.528787,GET,GET /api/v1/reservas,4.825605,200,success,
1789927088.577174,GET,GET /api/v1/reservas/{id},4.182269,200,success,
1789927088.630722,GET,GET /api/v1/reservas/{id},4.346437,200,success,
1789927088.672217,GET,GET /api/v1/reservas,5.216126,200,success,
1789927088.704663,GET,GET /api/v1/reservas,5.145969,200,success,
1789927088.716738,GET,GET /api/v1/reservas,4.791683,200,success,
1789927088.719675,GET,GET /api/v1/reservas/{id},3.623451,200,success,
1789927088.744817,GET,GET /api/v1/reservas,4.874950,200,success,
1789927088.878366,GET,GET /api/v1/reservas,6.419670,200,success,
1789927088.893038,GET,GET /api/v1/reservas,5.332273,200,success,
1789927088.893816,GET,GET /api/v1/reservas,4.428812,200,success,
1789927088.936202,GET,GET /api/v1/reservas,5.116876,200,success,
1789927088.967669,GET,GET /api/v1/reservas,5.129545,200,success,
1789927088.969571,GET,GET /api/v1/reservas,4.411977,200,success,
1789927089.017109,GET,GET /api/v1/reservas,5.238790,200,success,
1789927089.090897,GET,GET /api/v1/reservas,7.402100,200,success,
1789927089.146439,GET,GET /api/v1/reservas,6.176471,200,success,
1789927089.215924,GET,GET /api/v1/reservas,6.130171,200,success,
1789927089.270319,GET,GET /api/v1/reservas/{id},4.711952,200,success,
1789927089.271385,GET,GET /api/v1/reservas,6.115460,200,success,
1789927089.294534,GET,GET /api/v1/reservas,4.858574,200,success,
1789927089.324119,GET,GET /api/v1/reservas,5.860884,200,success,
1789927089.324469,GET,GET /api/v1/reservas,6.686986,200,success,
1789927089.328437,GET,GET /api/v1/reservas,5.023664,200,success,
1789927089.340661,GET,GET /api/v1/reservas,5.006689,200,success,
1789927089.348074,GET,GET /api/v1/reservas,4.156931,200,success,
1789927089.443511,GET,GET /api/v1/reservas,7.017957,200,success,
1789927089.603698,GET,GET /api/v1/reservas,8.071123,200,success,
1789927089.606814,GET,GET /api/v1/reservas/{id},6.393620,200,success,
1789927089.624655,GET,GET /api/v1/reservas/{id},16.658980,200,success,
1789927089.643362,GET,GET /api/v1/reservas,7.356430,200,success,
1789927089.660339,GET,GET /api/v1/reservas,9.520059,200,success,
1789927089.746293,GET,GET /api/v1/reservas,6.537770,200,success,
1789927089.754449,GET,GET /api/v1/reservas,4.838404,200,success,
1789927089.849705,GET,GET /api/v1/reservas,6.184553,200,success,
1789927089.877147,GET,GET /api/v1/reservas,5.184388,200,success,
1789927089.900390,GET,GET /api/v1/reservas,4.968420,200,success,
1789927089.915525,GET,GET /api/v1/reservas,4.875319,200,success,
1789927090.030766,GET,GET /api/v1/reservas,5.884239,200,success,
1789927090.045692,GET,GET /api/v1/reservas/{id},3.729972,200,success,
1789927090.078637,GET,GET /api/v1/reservas,17.670813,200,success,
1789927090.105140,GET,GET /api/v1/reservas/{id},5.296107,200,success,
1789927090.118750,GET,GET /api/v1/reservas,6.335422,200,success,
1789927090.154705,GET,GET /api/v1/reservas,8.614436,200,success,
1789927090.160949,GET,GET /api/v1/reservas,7.838230,200,success,
1789927090.161158,GET,GET /api/v1/reservas,9.175658,200,success,
1789927090.161515,GET,GET /api/v1/reservas,8.790574,200,success,
1789927090.180244,GET,GET /api/v1/reservas,5.499797,200,success,
1789927090.219399,GET,GET /api/v1/reservas,6.861109,200,success,
1789927090.306110,GET,GET /api/v1/reservas,8.206057,200,success,
1789927090.324846,GET,GET /api/v1/reservas,8.346851,200,success,
1789927090.518321,GET,GET /api/v1/reservas,6.021125,200,success,
1789927090.707079,GET,GET /api/v1/reservas,6.316845,200,success,
1789927090.782097,GET,GET /api/v1/reservas,5.657866,200,success,
1789927090.800550,GET,GET /api/v1/reservas,4.479458,200,success,
1789927090.845356,GET,GET /api/v1/reservas,5.502831,200,success,
1789927090.876920,GET,GET /api/v1/reservas,5.264550,200,success,
1789927090.930670,GET,GET /api/v1/reservas,5.463382,200,success,
1789927090.942091,GET,GET /api/v1/reservas,4.172915,200,success,
1789927090.948342,GET,GET /api/v1/reservas,4.037069,200,success,
1789927090.957750,GET,GET /api/v1/reservas,7.200844,200,success,
1789927090.961781,GET,GET /api/v1/reservas,3.867903,200,success,
1789927091.113115,GET,GET /api/v1/reservas,5.847193,200,success,
1789927091.129134,GET,GET /api/v1/reservas,4.742128,200,success,
1789927091.148827,GET,GET /api/v1/reservas/{id},3.514016,200,success,
1789927091.195253,GET,GET /api/v1/reservas,5.140712,200,success,
1789927091.274439,GET,GET /api/v1/reservas,5.799940,200,success,
1789927091.362746,GET,GET /api/v1/reservas,8.000707,200,success,
1789927091.402758,GET,GET /api/v1/reservas,5.714491,200,success,
1789927091.425379,GET,GET /api/v1/reservas,5.369158,200,success,
1789927091.427215,GET,GET /api/v1/reservas,4.376914,200,success,
1789927091.454420,GET,GET /api/v1/reservas,4.627383,200,success,
1789927091.500844,GET,GET /api/v1/reservas,5.149955,200,success,
1789927091.536199,GET,GET /api/v1/reservas,5.024816,200,success,
1789927091.562564,GET,GET /api/v1/reservas,4.678432,200,success,
1789927091.592424,GET,GET /api/v1/reservas,4.579130,200,success,
1789927091.617179,GET,GET /api/v1/reservas,4.539551,200,success,
1789927091.661479,GET,GET /api/v1/reservas,5.029624,200,success,
1789927091.671283,GET,GET /api/v1/reservas,4.522656,200,success,
1789927091.690888,GET,GET /api/v1/reservas,9.182857,200,success,
1789927091.691420,GET,GET /api/v1/reservas,6.372999,200,success,
1789927091.695130,GET,GET /api/v1/reservas/{id},3.624442,200,success,
1789927091.743090,GET,GET /api/v1/reservas,5.633039,200,success,
1789927091.775949,GET,GET /api/v1/reservas,5.568570,200,success,
1789927091.812161,GET,GET /api/v1/reservas,5.194092,200,success,
1789927091.816211,GET,GET /api/v1/reservas,4.692682,200,success,
1789927091.948632,GET,GET /api/v1/reservas,7.988829,200,success,
1789927091.948969,GET,GET /api/v1/reservas/{id},5.628963,200,success,
1789927092.007371,GET,GET /api/v1/reservas,8.883615,200,success,
1789927092.065872,GET,GET /api/v1/reservas,7.807084,200,success,
1789927092.084196,GET,GET /api/v1/reservas,6.972378,200,success,
1789927092.156520,GET,GET /api/v1/reservas,6.942593,200,success,
1789927092.181209,GET,GET /api/v1/reservas,6.363214,200,success,
1789927092.185213,GET,GET /api/v1/reservas,4.981831,200,success,
1789927092.185827,GET,GET /api/v1/reservas,6.271065,200,success,
1789927092.193296,GET,GET /api/v1/reservas,7.271071,200,success,
1789927092.282085,GET,GET /api/v1/reservas/{id},5.505194,200,success,
1789927092.313493,GET,GET /api/v1/reservas/{id},4.196460,200,success,
1789927092.314801,GET,GET /api/v1/reservas,5.066920,200,success,
1789927092.351102,GET,GET /api/v1/reservas,5.043645,200,success,
1789927092.382261,GET,GET /api/v1/reservas,4.910904,200,success,
1789927092.428366,GET,GET /api/v1/reservas,5.784708,200,success,
1789927092.457283,GET,GET /api/v1/reservas,4.640804,200,success,
1789927092.487689,GET,GET /api/v1/reservas,5.147102,200,success,
1789927092.488036,GET,GET /api/v1/reservas,4.959526,200,success,
1789927092.562005,GET,GET /api/v1/reservas/{id},5.715913,200,success,
1789927092.572892,GET,GET /api/v1/reservas,6.581665,200,success,
1789927092.609616,GET,GET /api/v1/reservas,9.349250,200,success,
1789927092.609783,GET,GET /api/v1/reservas,9.196399,200,success,
1789927092.628109,GET,GET /api/v1/reservas,6.010972,200,success,
1789927092.660698,GET,GET /api/v1/reservas/{id},7.256538,200,success,
1789927092.786800,GET,GET /api/v1/reservas,7.760803,200,success,
1789927092.787415,GET,GET /api/v1/reservas,10.366602,200,success,
1789927092.867488,GET,GET /api/v1/reservas/{id},4.692613,200,success,
1789927092.927525,GET,GET /api/v1/reservas,5.668301,200,success,
1789927092.972313,GET,GET /api/v1/reservas/{id},4.181728,200,success,
1789927092.972614,GET,GET /api/v1/reservas/{id},4.893067,200,success,
1789927092.997597,GET,GET /api/v1/reservas,4.770241,200,success,
1789927093.214011,GET,GET /api/v1/reservas,5.930909,200,success,
1789927093.221416,GET,GET /api/v1/reservas,4.146485,200,success,
1789927093.313516,GET,GET /api/v1/reservas,5.727141,200,success,
1789927093.434849,GET,GET /api/v1/reservas/{id},8.705355,200,success,
1789927093.605962,GET,GET /api/v1/reservas,6.178413,200,success,
1789927093.613819,GET,GET /api/v1/reservas,4.587663,200,success,
1789927093.646641,GET,GET /api/v1/reservas/{id},3.647278,200,success,
1789927093.710738,GET,GET /api/v1/reservas,5.797257,200,success,
1789927093.754342,GET,GET /api/v1/reservas,5.333244,200,success,
1789927093.758649,GET,GET /api/v1/reservas/{id},3.139348,200,success,
1789927093.766495,GET,GET /api/v1/reservas/{id},4.722339,200,success,
1789927093.769136,GET,GET /api/v1/reservas,6.183792,200,success,
1789927093.787063,GET,GET /api/v1/reservas,4.648076,200,success,
1789927093.827349,GET,GET /api/v1/reservas/{id},6.198304,200,success,
1789927093.830724,GET,GET /api/v1/reservas/{id},3.265349,200,success,
1789927093.833399,GET,GET /api/v1/reservas,4.259746,200,success,
1789927093.905138,GET,GET /api/v1/reservas,6.376775,200,success,
1789927093.916800,GET,GET /api/v1/reservas,5.336088,200,success,
1789927093.923873,GET,GET /api/v1/reservas,4.795649,200,success,
1789927093.942011,GET,GET /api/v1/reservas,4.820056,200,success,
1789927093.962053,GET,GET /api/v1/reservas/{id},3.879180,200,success,
1789927093.962974,GET,GET /api/v1/reservas,4.432308,200,success,
1789927093.974247,GET,GET /api/v1/reservas/{id},3.109173,200,success,
1789927093.997384,GET,GET /api/v1/reservas,4.898495,200,success,
1789927094.026518,GET,GET /api/v1/reservas,4.834918,200,success,
1789927094.129796,GET,GET /api/v1/reservas,5.858580,200,success,
1789927094.132736,GET,GET /api/v1/reservas,4.052392,200,success,
1789927094.157935,GET,GET /api/v1/reservas,4.936742,200,success,
1789927094.201625,GET,GET /api/v1/reservas,5.371441,200,success,
1789927094.296685,GET,GET /api/v1/reservas,6.730031,200,success,
1789927094.304501,GET,GET /api/v1/reservas/{id},3.618525,200,success,
1789927094.311656,GET,GET /api/v1/reservas,4.876601,200,success,
1789927094.312362,GET,GET /api/v1/reservas/{id},3.101760,200,success,
1789927094.321963,GET,GET /api/v1/reservas,4.372829,200,success,
1789927094.387572,GET,GET /api/v1/reservas/{id},4.372537,200,success,
1789927094.482583,GET,GET /api/v1/reservas,5.629121,200,success,
1789927094.489927,GET,GET /api/v1/reservas/{id},3.181401,200,success,
1789927094.522948,GET,GET /api/v1/reservas,4.770802,200,success,
1789927094.553729,GET,GET /api/v1/reservas,4.526881,200,success,
1789927094.573326,GET,GET /api/v1/reservas,4.381712,200,success,
1789927094.642050,GET,GET /api/v1/reservas/{id},4.500972,200,success,
1789927094.662624,GET,GET /api/v1/reservas/{id},3.388557,200,success,
1789927094.704941,GET,GET /api/v1/reservas,5.977420,200,success,
1789927094.806557,GET,GET /api/v1/reservas,7.166352,200,success,
1789927094.877449,GET,GET /api/v1/reservas,7.204630,200,success,
1789927094.933574,GET,GET /api/v1/reservas/{id},10.417939,200,success,
1789927094.989580,GET,GET /api/v1/reservas,7.585357,200,success,
1789927095.005115,GET,GET /api/v1/reservas,5.195245,200,success,
1789927095.025185,GET,GET /api/v1/reservas/{id},3.852961,200,success,
1789927095.036685,GET,GET /api/v1/reservas,5.210156,200,success,
1789927095.037118,GET,GET /api/v1/reservas,5.374135,200,success,
1789927095.110801,GET,GET /api/v1/reservas/{id},4.456585,200,success,
1789927095.130904,GET,GET /api/v1/reservas,4.810391,200,success,
1789927095.133803,GET,GET /api/v1/reservas,4.140375,200,success,
1789927095.147957,GET,GET /api/v1/reservas,3.901202,200,success,
1789927095.192370,GET,GET /api/v1/reservas,5.129605,200,success,
1789927095.288190,GET,GET /api/v1/reservas,7.404693,200,success,
1789927095.423793,GET,GET /api/v1/reservas,8.229153,200,success,
1789927095.459048,GET,GET /api/v1/reservas,6.836042,200,success,
1789927095.492606,GET,GET /api/v1/reservas/{id},5.292431,200,success,
1789927095.501565,GET,GET /api/v1/reservas,5.644906,200,success,
1789927095.526696,GET,GET /api/v1/reservas,4.869040,200,success,
1789927095.651031,GET,GET /api/v1/reservas,8.539973,200,success,
1789927095.687484,GET,GET /api/v1/reservas,5.126340,200,success,
1789927095.745279,GET,GET /api/v1/reservas,5.471773,200,success,
1789927095.772397,GET,GET /api/v1/reservas/{id},3.912962,200,success,
1789927095.847310,GET,GET /api/v1/reservas,5.774903,200,success,
1789927095.885548,GET,GET /api/v1/reservas/{id},4.032322,200,success,
1789927095.934196,GET,GET /api/v1/reservas,5.323579,200,success,
1789927095.940564,GET,GET /api/v1/reservas,4.154236,200,success,
1789927095.986896,GET,GET /api/v1/reservas,5.025648,200,success,
1789927096.025342,GET,GET /api/v1/reservas,5.119399,200,success,
1789927096.087076,GET,GET /api/v1/reservas/{id},5.395248,200,success,
1789927096.095190,GET,GET /api/v1/reservas/{id},3.898849,200,success,
1789927096.126127,GET,GET /api/v1/reservas,5.582512,200,success,
1789927096.213502,GET,GET /api/v1/reservas,6.015127,200,success,
1789927096.254026,GET,GET /api/v1/reservas,5.209846,200,success,
1789927096.292162,GET,GET /api/v1/reservas,4.870001,200,success,
1789927096.327533,GET,GET /api/v1/reservas,5.100330,200,success,
1789927096.359658,GET,GET /api/v1/reservas/{id},3.926941,200,success,
1789927096.403051,GET,GET /api/v1/reservas,5.069624,200,success,
1789927096.475161,GET,GET /api/v1/reservas/{id},4.719363,200,success,
1789927096.475696,GET,GET /api/v1/reservas,6.945958,200,success,
1789927096.522853,GET,GET /api/v1/reservas,5.832971,200,success,
1789927096.530790,GET,GET /api/v1/reservas,4.661566,200,success,
1789927096.543370,GET,GET /api/v1/reservas,4.346137,200,success,
1789927096.550790,GET,GET /api/v1/reservas,4.166605,200,success,
1789927096.593774,GET,GET /api/v1/reservas,4.713565,200,success,
1789927096.610601,GET,GET /api/v1/reservas,4.575184,200,success,
1789927096.685560,GET,GET /api/v1/reservas/{id},5.729564,200,success,
1789927096.732797,GET,GET /api/v1/reservas,5.924520,200,success,
1789927096.761584,GET,GET /api/v1/reservas,5.464282,200,success,
1789927096.784512,GET,GET /api/v1/reservas/{id},3.747530,200,success,
1789927096.799973,GET,GET /api/v1/reservas/{id},3.543732,200,success,
1789927096.813914,GET,GET /api/v1/reservas,4.673163,200,success,
1789927096.875769,GET,GET /api/v1/reservas,5.560107,200,success,
1789927096.886258,GET,GET /api/v1/reservas,4.256983,200,success,
1789927096.930678,GET,GET /api/v1/reservas/{id},4.233887,200,success,
1789927096.934553,GET,GET /api/v1/reservas,4.381731,200,success,
1789927096.963554,GET,GET /api/v1/reservas,4.762849,200,success,
1789927097.028742,GET,GET /api/v1/reservas,5.896947,200,success,
1789927097.029106,GET,GET /api/v1/reservas,5.837097,200,success,
1789927097.046639,GET,GET /api/v1/reservas,4.312957,200,success,
1789927097.066373,GET,GET /api/v1/reservas,4.501082,200,success,
1789927097.182279,GET,GET /api/v1/reservas,6.537598,200,success,
1789927097.221879,GET,GET /api/v1/reservas,6.253749,200,success,
1789927097.331226,GET,GET /api/v1/reservas,5.951221,200,success,
1789927097.347893,GET,GET /api/v1/reservas,6.368452,200,success,
1789927097.403084,GET,GET /api/v1/reservas/{id},4.959998,200,success,
1789927097.455826,GET,GET /api/v1/reservas/{id},4.494162,200,success,
1789927097.489326,GET,GET /api/v1/reservas,5.193802,200,success,
1789927097.536750,GET,GET /api/v1/reservas/{id},4.222430,200,success,
1789927097.578704,GET,GET /api/v1/reservas,5.257508,200,success,
1789927097.604094,GET,GET /api/v1/reservas,5.069314,200,success,
1789927097.669247,GET,GET /api/v1/reservas,5.806060,200,success,
1789927097.748598,GET,GET /api/v1/reservas,5.974335,200,success,
1789927097.795173,GET,GET /api/v1/reservas/{id},4.366908,200,success,
1789927097.797887,GET,GET /api/v1/reservas/{id},3.373563,200,success,
1789927097.806456,GET,GET /api/v1/reservas,4.328721,200,success,
1789927097.837281,GET,GET /api/v1/reservas,4.543707,200,success,
1789927097.880606,GET,GET /api/v1/reservas/{id},4.174718,200,success,
1789927097.891056,GET,GET /api/v1/reservas,4.176941,200,success,
1789927097.993355,GET,GET /api/v1/reservas/{id},5.020610,200,success,
1789927097.997188,GET,GET /api/v1/reservas,6.002398,200,success,
1789927097.997881,GET,GET /api/v1/reservas,4.333918,200,success,
1789927098.069321,GET,GET /api/v1/reservas,7.117618,200,success,
1789927098.091286,GET,GET /api/v1/reservas,5.628160,200,success,
1789927098.119536,GET,GET /api/v1/reservas,4.981661,200,success,
1789927098.136174,GET,GET /api/v1/reservas,4.359918,200,success,
1789927098.168917,GET,GET /api/v1/reservas,4.503776,200,success,
1789927098.193916,GET,GET /api/v1/reservas,4.729629,200,success,
1789927098.273016,GET,GET /api/v1/reservas,5.724095,200,success,
1789927098.309602,GET,GET /api/v1/reservas,5.307685,200,success,
1789927098.313345,GET,GET /api/v1/reservas,4.434371,200,success,
1789927098.353932,GET,GET /api/v1/reservas,6.261741,200,success,
1789927098.408209,GET,GET /api/v1/reservas,5.880714,200,success,
1789927098.411296,GET,GET /api/v1/reservas,5.270087,200,success,
1789927098.541652,GET,GET /api/v1/reservas,5.966944,200,success,
1789927098.602209,GET,GET /api/v1/reservas/{id},4.325666,200,success,
1789927098.800190,GET,GET /api/v1/reservas,6.551610,200,success,
1789927098.862055,GET,GET /api/v1/reservas,6.511079,200,success,
1789927098.952104,GET,GET /api/v1/reservas/{id},4.762279,200,success,
1789927098.969631,GET,GET /api/v1/reservas,5.214063,200,success,
1789927098.973692,GET,GET /api/v1/reservas,4.816781,200,success,
1789927098.994148,GET,GET /api/v1/reservas,5.192650,200,success,
1789927099.021127,GET,GET /api/v1/reservas,4.707444,200,success,
1789927099.065591,GET,GET /api/v1/reservas,5.164818,200,success,
1789927099.080282,GET,GET /api/v1/reservas,4.434041,200,success,
1789927099.135023,GET,GET /api/v1/reservas,6.403556,200,success,
1789927099.148846,GET,GET /api/v1/reservas,5.545034,200,success,
1789927099.167190,GET,GET /api/v1/reservas,5.026839,200,success,
1789927099.172850,GET,GET /api/v1/reservas,4.396234,200,success,
1789927099.233165,GET,GET /api/v1/reservas,5.946062,200,success,
1789927099.349295,GET,GET /api/v1/reservas/{id},4.807017,200,success,
1789927099.354827,GET,GET /api/v1/reservas,4.276191,200,success,
1789927099.376777,GET,GET /api/v1/reservas/{id},3.766279,200,success,
1789927099.399348,GET,GET /api/v1/reservas,5.278090,200,success,
1789927099.411968,GET,GET /api/v1/reservas,5.381286,200,success,
1789927099.413541,GET,GET /api/v1/reservas,5.362468,200,success,
1789927099.454251,GET,GET /api/v1/reservas,9.426407,200,success,
1789927099.481349,GET,GET /api/v1/reservas,5.788814,200,success,
1789927099.570598,GET,GET /api/v1/reservas,6.404678,200,success,
1789927099.597575,GET,GET /api/v1/reservas,5.696845,200,success,
1789927099.652531,GET,GET /api/v1/reservas/{id},4.730951,200,success,
1789927099.661881,GET,GET /api/v1/reservas,5.060440,200,success,
1789927099.720046,GET,GET /api/v1/reservas,5.856327,200,success,
1789927099.729703,GET,GET /api/v1/reservas,4.400930,200,success,
1789927099.857096,GET,GET /api/v1/reservas/{id},5.550152,200,success,
1789927099.882665,GET,GET /api/v1/reservas,6.268952,200,success,
1789927099.887516,GET,GET /api/v1/reservas/{id},5.628171,200,success,
1789927099.928700,GET,GET /api/v1/reservas,6.820257,200,success,
1789927099.982579,GET,GET /api/v1/reservas/{id},5.604304,200,success,
1789927100.028588,GET,GET /api/v1/reservas,8.557940,200,success,
1789927100.029065,GET,GET /api/v1/reservas,6.873307,200,success,
1789927100.038525,GET,GET /api/v1/reservas,5.180423,200,success,
1789927100.081957,GET,GET /api/v1/reservas,6.099284,200,success,
1789927100.135726,GET,GET /api/v1/reservas/{id},4.522574,200,success,
1789927100.138614,GET,GET /api/v1/reservas,4.598851,200,success,
1789927100.151353,GET,GET /api/v1/reservas,4.454913,200,success,
1789927100.153305,GET,GET /api/v1/reservas/{id},2.950122,200,success,
1789927100.185208,GET,GET /api/v1/reservas,4.663278,200,success,
1789927100.192348,GET,GET /api/v1/reservas,3.933292,200,success,
1789927100.230344,GET,GET /api/v1/reservas/{id},3.820961,200,success,
1789927100.334642,GET,GET /api/v1/reservas/{id},5.009834,200,success,
1789927100.345682,GET,GET /api/v1/reservas,4.730069,200,success,
1789927100.465862,GET,GET /api/v1/reservas,7.711558,200,success,
1789927100.471365,GET,GET /api/v1/reservas,5.272692,200,success,
1789927100.500025,GET,GET /api/v1/reservas,6.319537,200,success,
1789927100.527628,GET,GET /api/v1/reservas,7.266784,200,success,
1789927100.527783,GET,GET /api/v1/reservas,7.124788,200,success,
1789927100.531022,GET,GET /api/v1/reservas,5.066730,200,success,
1789927100.685466,GET,GET /api/v1/reservas,6.964576,200,success,
1789927100.733608,GET,GET /api/v1/reservas,6.791724,200,success,
1789927100.755445,GET,GET /api/v1/reservas,4.563247,200,success,
1789927100.822872,GET,GET /api/v1/reservas,5.381867,200,success,
1789927100.867365,GET,GET /api/v1/reservas,5.174662,200,success,
1789927101.021818,GET,GET /api/v1/reservas,6.039153,200,success,
1789927101.052926,GET,GET /api/v1/reservas/{id},3.891478,200,success,
1789927101.078216,GET,GET /api/v1/reservas,5.047430,200,success,
1789927101.150839,GET,GET /api/v1/reservas/{id},4.432729,200,success,
1789927101.157194,GET,GET /api/v1/reservas,4.079593,200,success,
1789927101.185768,GET,GET /api/v1/reservas/{id},3.403029,200,success,
1789927101.205704,GET,GET /api/v1/reservas,5.655441,200,success,
1789927101.213331,GET,GET /api/v1/reservas,4.351446,200,success,
1789927101.248340,GET,GET /api/v1/reservas,4.756329,200,success,
