Timestamp,User Count,Type,Name,Requests/s,Failures/s,50%,66%,75%,80%,90%,95%,98%,99%,99.9%,99.99%,100%,Total Request Count,Total Failure Count,Total Median Response Time,Total Average Response Time,Total Min Response Time,Total Max Response Time,Total Average Content Size
1789925186,0,,Aggregated,0.000000,0.000000,N/A,N/A,N/A,N/A,N/A,N/A,N/A,N/A,N/A,N/A,N/A,0,0,0,0.0,0,0,0
1789925187,10,GET,GET /api/v1/reservas,0.000000,0.000000,0,0,0,0,0,0,0,0,0,0,0,8,0,12,16.772372748164344,9.930110987625085,43.52531999757048,8965.0
1789925187,10,POST,POST /api/v1/auth/login,0.000000,0.000000,0,0,0,0,0,0,0,0,0,0,0,9,0,850.0,844.0451564464537,445.2963610092411,992.4719059927156,1622.0
1789925187,10,,Aggregated,0.000000,0.000000,0,0,0,0,0,0,0,0,0,0,0,17,0,450.0,454.7403170590234,9.930110987625085,992.4719059927156,5077.529411764706
1789925188,20,GET,GET /api/v1/reservas,0.000000,0.000000,12,14,14,15,19,44,44,44,44,44,44,14,0,11,14.296635714085173,8.816973990178667,43.52531999757048,8965.0
1789925188,20,POST,POST /api/v1/auth/login,0.000000,0.000000,950,950,970,970,990,1000,1000,1000,1000,1000,1000,14,0,890.0,872.6792013590706,445.2963610092411,1035.1446040003793,1622.0
1789925188,20,,Aggregated,0.000000,0.000000,740,850,950,950,970,990,1000,1000,1000,1000,1000,28,0,44,443.4879185365779,8.816973990178667,1035.1446040003793,5293.5
1789925189,30,GET,GET /api/v1/reservas,0.000000,0.000000,12,15,17,19,37,37,44,44,44,44,44,23,0,12,15.759203825323114,8.284657000331208,43.52531999757048,8965.0
1789925189,30,GET,GET /api/v1/reservas/{id},0.000000,0.000000,0,0,0,0,0,0,0,0,0,0,0,1,0,6.865225994260982,6.865225994260982,6.865225994260982,6.865225994260982,442.0
1789925189,30,POST,POST /api/v1/auth/login,0.000000,0.000000,970,1000,1100,1100,1500,1500,1500,1500,1500,1500,1500,20,0,950.0,1000.9083657016163,445.2963610092411,1499.2953309993027,1622.0
1789925189,30,,Aggregated,0.000000,0.000000,37,850,950,970,1100,1400,1500,1500,1500,1500,1500,44,0,37,463.3521415456595,6.865225994260982,1499.2953309993027,5433.568181818182
1789925190,40,GET,GET /api/v1/reservas,5.000000,0.000000,12,15,17,19,31,37,44,44,44,44,44,37,0,11,15.016272512258258,7.491604003007524,43.52531999757048,8965.0
1789925190,40,GET,GET /api/v1/reservas/{id},0.000000,0.000000,7,7,8,8,8,8,8,8,8,8,8,5,0,7,6.772980003734119,5.8018740091938525,7.901517004938796,442.0
1789925190,40,POST,POST /api/v1/auth/login,5.000000,0.000000,1000,1100,1500,1600,1800,1900,1900,1900,1900,1900,1900,28,0,1000.0,1171.4117878228924,445.2963610092411,1925.8054380043177,1622.0
1789925190,40,,Aggregated,10.000000,0.000000,20,840,970,1000,1500,1800,1900,1900,1900,1900,1900,70,0,19,476.98567202876023,5.8018740091938525,1925.8054380043177,5419.0142857142855
1789925191,50,GET,GET /api/v1/reservas,7.666667,0.000000,11,15,17,20,37,44,44,46,46,46,46,52,0,11,15.82291422975966,7.254865995491855,46.442120990832336,8965.0
1789925191,50,GET,GET /api/v1/reservas/{id},0.333333,0.000000,7,7,8,8,22,22,22,22,22,22,22,7,0,7,8.944498718067605,5.8018740091938525,21.545916999457404,442.0
1789925191,50,POST,POST /api/v1/auth/login,6.666667,0.000000,1100,1600,1700,1800,1900,2000,2200,2200,2200,2200,2200,35,0,1100.0,1305.762544886342,445.2963610092411,2218.0921279941685,1622.0
1789925191,50,,Aggregated,14.666667,0.000000,20,840,990,1100,1700,1900,2000,2200,2200,2200,2200,94,0,19,495.60736278719094,5.8018740091938525,2218.0921279941685,5596.212765957447
1789925192,50,GET,GET /api/v1/reservas,7.250000,0.000000,12,16,21,27,38,44,48,110,110,110,110,80,0,11,17.648561174610222,6.580062996363267,110.56835600174963,8965.0
1789925192,50,GET,GET /api/v1/reservas/{id},0.750000,0.000000,7,8,9,10,22,22,22,22,22,22,22,10,0,7,8.790985401719809,5.8018740091938525,21.545916999457404,442.0
1789925192,50,POST,POST /api/v1/auth/login,5.750000,0.000000,1600,1800,1800,1900,2100,2200,2300,2300,2300,2300,2300,50,0,1500.0,1477.9047070807428,445.2963610092411,2304.906449993723,1622.0
1789925192,50,,Aggregated,13.750000,0.000000,22,840,1000,1500,1800,2000,2200,2200,2300,2300,2300,140,0,21,538.5359293001654,5.8018740091938525,2304.906449993723,5733.714285714285
1789925193,50,GET,GET /api/v1/reservas,9.400000,0.000000,10,14,17,21,37,44,48,110,110,110,110,98,0,10,15.557849224079495,5.208604008657858,110.56835600174963,8965.0
1789925193,50,GET,GET /api/v1/reservas/{id},1.400000,0.000000,6,7,7,8,10,22,22,22,22,22,22,18,0,6,6.865411223164604,3.4865149937104434,21.545916999457404,442.0
1789925193,50,POST,POST /api/v1/auth/login,6.400000,0.000000,1600,1800,1800,1900,2100,2200,2300,2300,2300,2300,2300,50,0,1500.0,1477.9047070807428,445.2963610092411,2304.906449993723,1622.0
1789925193,50,,Aggregated,17.200000,0.000000,14,38,950,1100,1800,1900,2200,2200,2300,2300,2300,166,0,14,455.08121674707166,3.4865149937104434,2304.906449993723,5829.0722891566265
1789925194,50,GET,GET /api/v1/reservas,11.500000,0.000000,9,12,15,18,30,41,46,48,110,110,110,115,0,9,14.217485738892877,5.111988008138724,110.56835600174963,8965.0
1789925194,50,GET,GET /api/v1/reservas/{id},1.666667,0.000000,5,7,7,8,10,22,22,22,22,22,22,21,0,5,6.493061286164448,3.4865149937104434,21.545916999457404,442.0
1789925194,50,POST,POST /api/v1/auth/login,7.333333,0.000000,1600,1800,1800,1900,2100,2200,2300,2300,2300,2300,2300,50,0,1500.0,1477.9047070807428,445.2963610092411,2304.906449993723,1622.0
1789925194,50,,Aggregated,20.500000,0.000000,11,29,840,1000,1700,1900,2200,2200,2300,2300,2300,186,0,11,406.80968011300683,3.4865149937104434,2304.906449993723,6028.801075268817
1789925195,50,GET,GET /api/v1/reservas,13.285714,0.000000,9,10,14,16,29,38,46,48,110,110,110,136,0,9,13.208105271748055,5.111988008138724,110.56835600174963,8965.0
1789925195,50,GET,GET /api/v1/reservas/{id},2.142857,0.000000,5,6,7,7,9,10,22,22,22,22,22,25,0,5,6.172465000418015,3.4865149937104434,21.545916999457404,442.0
1789925195,50,POST,POST /api/v1/auth/login,7.142857,0.000000,1600,1800,1800,1900,2100,2200,2300,2300,2300,2300,2300,50,0,1500.0,1477.9047070807428,445.2963610092411,2304.906449993723,1622.0
1789925195,50,,Aggregated,22.571429,0.000000,10,19,44,950,1700,1900,2100,2200,2300,2300,2300,211,0,10,359.45900140286886,3.4865149937104434,2304.906449993723,6215.118483412322
1789925196,50,GET,GET /api/v1/reservas,13.125000,0.000000,8,10,12,15,27,38,44,48,110,110,110,156,0,8,12.320421685637065,4.99718300125096,110.56835600174963,8965.0
1789925196,50,GET,GET /api/v1/reservas/{id},2.625000,0.000000,5,5,7,7,9,10,22,22,22,22,22,29,0,5,5.933714207615061,3.4865149937104434,21.545916999457404,442.0
1789925196,50,POST,POST /api/v1/auth/login,6.250000,0.000000,1600,1800,1800,1900,2100,2200,2300,2300,2300,2300,2300,50,0,1500.0,1477.9047070807428,445.2963610092411,2304.906449993723,1622.0
1789925196,50,,Aggregated,22.000000,0.000000,9,15,37,840,1600,1900,2100,2200,2300,2300,2300,235,0,9,323.35871850645685,3.4865149937104434,2304.906449993723,6350.885106382979
1789925197,50,GET,GET /api/v1/reservas,14.666667,0.000000,8,9,10,13,24,37,44,48,110,110,110,176,0,8,11.712957096361523,4.701915997429751,110.56835600174963,8965.0
1789925197,50,GET,GET /api/v1/reservas/{id},2.666667,0.000000,5,5,7,7,8,10,22,22,22,22,22,33,0,5,5.834964515419085,3.4865149937104434,21.545916999457404,442.0
1789925197,50,POST,POST /api/v1/auth/login,5.555556,0.000000,1700,1800,1900,2000,2200,2200,2300,2300,2300,2300,2300,50,0,1500.0,1477.9047070807428,445.2963610092411,2304.906449993723,1622.0
1789925197,50,,Aggregated,22.888889,0.000000,8,10,21,37,1600,1900,2100,2200,2300,2300,2300,259,0,8,294.0126240617977,3.4865149937104434,2304.906449993723,6461.490347490348
1789925198,50,GET,GET /api/v1/reservas,14.600000,0.000000,7,8,10,10,18,30,44,48,110,110,110,197,0,8,11.110819126659564,4.701915997429751,110.56835600174963,8965.0
1789925198,50,GET,GET /api/v1/reservas/{id},2.900000,0.000000,5,6,6,7,8,10,22,22,22,22,22,35,0,5,5.831468628769342,3.4865149937104434,21.545916999457404,442.0
1789925198,50,POST,POST /api/v1/auth/login,5.000000,0.000000,1800,1900,2000,2100,2200,2200,2300,2300,2300,2300,2300,50,0,1500.0,1477.9047070807428,445.2963610092411,2304.906449993723,1622.0
1789925198,50,,Aggregated,22.500000,0.000000,7,9,12,21,1600,1900,2100,2200,2300,2300,2300,282,0,8,270.52541887941845,3.4865149937104434,2304.906449993723,6605.230496453901
1789925199,50,GET,GET /api/v1/reservas,16.800000,0.000000,7,8,9,10,16,29,44,48,110,110,110,217,0,7,10.72518645130175,4.213515989249572,110.56835600174963,8965.0
1789925199,50,GET,GET /api/v1/reservas/{id},3.300000,0.000000,5,5,6,6,7,9,22,22,22,22,22,46,0,5,5.518023674085271,3.338529000757262,21.545916999457404,442.0
1789925199,50,POST,POST /api/v1/auth/login,4.900000,0.000000,1800,1900,2000,2100,2200,2200,2300,2300,2300,2300,2300,50,0,1500.0,1477.9047070807428,445.2963610092411,2304.906449993723,1622.0
1789925199,50,,Aggregated,25.000000,0.000000,7,8,10,13,1400,1800,2100,2200,2300,2300,2300,313,0,8,244.33364186254806,3.338529000757262,2304.906449993723,6539.415335463259
1789925200,50,GET,GET /api/v1/reservas,17.800000,0.000000,7,7,8,9,12,27,41,48,110,110,110,228,0,7,10.52658497339284,4.213515989249572,110.56835600174963,8965.0
1789925200,50,GET,GET /api/v1/reservas/{id},3.400000,0.000000,5,5,5,6,6,7,10,10,10,10,10,54,0,5,5.440480722528365,3.338529000757262,21.545916999457404,442.0
1789925200,50,POST,POST /api/v1/auth/login,4.000000,0.000000,1800,1900,2100,2100,2200,2300,2300,2300,2300,2300,2300,50,0,1500.0,1477.9047070807428,445.2963610092411,2304.906449993723,1622.0
1789925200,50,,Aggregated,25.200000,0.000000,6,7,9,10,30,1700,2100,2200,2300,2300,2300,332,0,7,230.69000809333505,3.338529000757262,2304.906449993723,6472.855421686747
1789925201,50,GET,GET /api/v1/reservas,18.900000,0.000000,6,7,7,8,10,12,29,41,110,110,110,247,0,7,10.152321315508596,4.213515989249572,110.56835600174963,8965.0
1789925201,50,GET,GET /api/v1/reservas/{id},3.900000,0.000000,5,5,5,5,6,7,10,10,10,10,10,59,0,5,5.547541576946722,3.338529000757262,21.545916999457404,442.0
1789925201,50,POST,POST /api/v1/auth/login,3.000000,0.000000,1800,1800,1900,1900,1900,1900,1900,1900,1900,1900,1900,50,0,1500.0,1477.9047070807428,445.2963610092411,2304.906449993723,1622.0
1789925201,50,,Aggregated,25.800000,0.000000,6,7,7,8,10,17,1800,1800,1900,1900,1900,356,0,7,215.53416761799895,3.338529000757262,2304.906449993723,6521.16011235955
1789925202,50,GET,GET /api/v1/reservas,19.200000,0.000000,6,7,7,7,8,10,11,12,13,13,13,268,0,7,9.880275324589935,4.213515989249572,110.56835600174963,8965.0
1789925202,50,GET,GET /api/v1/reservas/{id},4.800000,0.000000,5,5,5,6,6,7,10,10,10,10,10,65,0,5,5.492853739325745,3.338529000757262,21.545916999457404,442.0
1789925202,50,POST,POST /api/v1/auth/login,2.700000,0.000000,1800,1800,1900,1900,1900,1900,1900,1900,1900,1900,1900,50,0,1500.0,1477.9047070807428,445.2963610092411,2304.906449993723,1622.0
1789925202,50,,Aggregated,26.700000,0.000000,6,7,7,7,8,10,10,12,13,13,13,383,0,7,200.78377189055723,3.338529000757262,2304.906449993723,6559.921671018276
1789925203,50,GET,GET /api/v1/reservas,19.300000,0.000000,6,7,7,7,9,10,12,12,13,13,13,285,0,7,9.6757402876392,4.213515989249572,110.56835600174963,8965.0
1789925203,50,GET,GET /api/v1/reservas/{id},5.100000,0.000000,5,5,5,6,6,8,10,10,10,10,10,71,0,5,5.4579773529606515,3.338529000757262,21.545916999457404,442.0
1789925203,50,POST,POST /api/v1/auth/login,1.800000,0.000000,1800,1800,1900,1900,1900,1900,1900,1900,1900,1900,1900,50,0,1500.0,1477.9047070807428,445.2963610092411,2304.906449993723,1622.0
1789925203,50,,Aggregated,26.200000,0.000000,6,7,7,7,8,10,11,12,13,13,13,406,0,7,189.75452642382888,3.338529000757262,2304.906449993723,6570.214285714285
1789925204,50,GET,GET /api/v1/reservas,19.000000,0.000000,6,7,7,7,8,10,12,14,20,20,20,301,0,7,9.584210053058435,4.027293995022774,110.56835600174963,8965.0
1789925204,50,GET,GET /api/v1/reservas/{id},5.300000,0.000000,5,5,6,6,8,9,10,11,11,11,11,78,0,5,5.642731577935569,3.338529000757262,21.545916999457404,442.0
1789925204,50,POST,POST /api/v1/auth/login,0.600000,0.000000,1800,1800,1900,1900,1900,1900,1900,1900,1900,1900,1900,50,0,1500.0,1477.9047070807428,445.2963610092411,2304.906449993723,1622.0
1789925204,50,,Aggregated,24.900000,0.000000,6,7,7,7,8,10,12,12,20,20,20,429,0,7,180.00050266453778,3.338529000757262,2304.906449993723,6559.53613053613
1789925205,50,GET,GET /api/v1/reservas,18.400000,0.000000,6,7,8,8,12,18,23,28,37,37,37,320,0,7,10.061481453203669,4.027293995022774,110.56835600174963,8965.0
1789925205,50,GET,GET /api/v1/reservas/{id},5.400000,0.000000,5,6,6,8,9,11,12,17,17,17,17,82,0,5,5.906154781369856,3.338529000757262,21.545916999457404,442.0
1789925205,50,POST,POST /api/v1/auth/login,0.000000,0.000000,1800,1800,1900,1900,1900,1900,1900,1900,1900,1900,1900,50,0,1500.0,1477.9047070807428,445.2963610092411,2304.906449993723,1622.0
1789925205,50,,Aggregated,23.800000,0.000000,6,7,8,8,11,17,21,27,37,37,37,452,0,7,171.67967723702355,3.338529000757262,2304.906449993723,6606.513274336283
1789925206,50,GET,GET /api/v1/reservas,19.500000,0.000000,7,8,10,11,14,21,34,36,37,37,37,341,0,7,10.398980337461385,4.027293995022774,110.56835600174963,8965.0
1789925206,50,GET,GET /api/v1/reservas/{id},5.400000,0.000000,6,6,8,9,12,14,17,46,46,46,46,89,0,5,6.669374225822047,3.338529000757262,46.022774011362344,442.0
1789925206,50,POST,POST /api/v1/auth/login,0.000000,0.000000,1800,1800,1900,1900,1900,1900,1900,1900,1900,1900,1900,50,0,1500.0,1477.9047070807428,445.2963610092411,2304.906449993723,1622.0
1789925206,50,,Aggregated,24.900000,0.000000,6,8,9,10,14,20,34,36,46,46,46,480,0,7,162.5726290733534,3.338529000757262,2304.906449993723,6619.797916666666
1789925207,50,GET,GET /api/v1/reservas,18.000000,0.000000,7,8,11,12,19,25,36,36,37,37,37,355,0,7,10.555105659418778,4.027293995022774,110.56835600174963,8965.0
1789925207,50,GET,GET /api/v1/reservas/{id},5.700000,0.000000,5,6,8,9,11,13,17,46,46,46,46,95,0,5,6.63633777998927,3.338529000757262,46.022774011362344,442.0
1789925207,50,POST,POST /api/v1/auth/login,0.000000,0.000000,1800,1800,1900,1900,1900,1900,1900,1900,1900,1900,1900,50,0,1500.0,1477.9047070807428,445.2963610092411,2304.906449993723,1622.0
1789925207,50,,Aggregated,23.700000,0.000000,7,8,10,11,17,24,36,36,46,46,46,500,0,7,156.54549990445958,3.338529000757262,2304.906449993723,6611.33
1789925208,50,GET,GET /api/v1/reservas,18.800000,0.000000,7,9,11,12,19,25,36,36,37,37,37,380,0,7,10.315597839699445,4.027293995022774,110.56835600174963,8965.0
1789925208,50,GET,GET /api/v1/reservas/{id},5.700000,0.000000,5,8,8,9,12,14,17,46,46,46,46,98,0,5,6.57512888886101,3.338529000757262,46.022774011362344,442.0
1789925208,50,POST,POST /api/v1/auth/login,0.000000,0.000000,1800,1800,1900,1900,1900,1900,1900,1900,1900,1900,1900,50,0,1500.0,1477.9047070807428,445.2963610092411,2304.906449993723,1622.0
1789925208,50,,Aggregated,24.500000,0.000000,7,8,10,11,17,24,36,36,46,46,46,528,0,7,148.59758553831688,3.338529000757262,2304.906449993723,6687.719696969697
1789925209,50,GET,GET /api/v1/reservas,17.900000,0.000000,7,9,11,12,18,25,36,36,37,37,37,397,0,7,10.168612889417092,4.027293995022774,110.56835600174963,8965.0
1789925209,50,GET,GET /api/v1/reservas/{id},5.800000,0.000000,6,8,9,10,12,14,17,46,46,46,46,104,0,5,6.518512020333079,3.2333810086129233,46.022774011362344,442.0
1789925209,50,POST,POST /api/v1/auth/login,0.000000,0.000000,1800,1800,1900,1900,1900,1900,1900,1900,1900,1900,1900,50,0,1500.0,1477.9047070807428,445.2963610092411,2304.906449993723,1622.0
1789925209,50,,Aggregated,23.700000,0.000000,7,8,10,11,17,24,36,36,46,46,46,551,0,7,142.66805793330374,3.2333810086129233,2304.906449993723,6689.969147005445
1789925210,50,GET,GET /api/v1/reservas,18.400000,0.000000,7,9,11,12,18,25,36,36,37,37,37,414,0,7,10.011733835998918,4.027293995022774,110.56835600174963,8965.0
1789925210,50,GET,GET /api/v1/reservas/{id},6.400000,0.000000,6,8,9,9,12,14,17,46,46,46,46,109,0,5,6.42702092751412,3.2333810086129233,46.022774011362344,442.0
1789925210,50,POST,POST /api/v1/auth/login,0.000000,0.000000,0,0,0,0,0,0,0,0,0,0,0,50,0,1500.0,1477.9047070807428,445.2963610092411,2304.906449993723,1622.0
1789925210,50,,Aggregated,24.800000,0.000000,7,9,10,11,17,24,36,36,46,46,46,573,0,7,137.41821717842885,3.2333810086129233,2304.906449993723,6702.945898778359
1789925211,50,GET,GET /api/v1/reservas,18.000000,0.000000,7,9,11,12,18,25,36,36,37,37,37,432,0,7,9.852605963075163,4.027293995022774,110.56835600174963,8965.0
1789925211,50,GET,GET /api/v1/reservas/{id},6.100000,0.000000,5,8,9,9,12,14,17,46,46,46,46,115,0,5,6.332376261707395,3.2333810086129233,46.022774011362344,442.0
1789925211,50,POST,POST /api/v1/auth/login,0.000000,0.000000,0,0,0,0,0,0,0,0,0,0,0,50,0,1500.0,1477.9047070807428,445.2963610092411,2304.906449993723,1622.0
1789925211,50,,Aggregated,24.100000,0.000000,7,9,10,11,17,24,36,36,46,46,46,597,0,7,132.12694204385588,3.2333810086129233,2304.906449993723,6708.22445561139
1789925212,50,GET,GET /api/v1/reservas,18.700000,0.000000,7,9,11,12,18,25,36,36,37,37,37,456,0,7,9.706769605416635,4.027293995022774,110.56835600174963,8965.0
1789925212,50,GET,GET /api/v1/reservas/{id},5.700000,0.000000,6,8,9,10,12,14,17,46,46,46,46,121,0,5,6.3136719345944465,3.2333810086129233,46.022774011362344,442.0
1789925212,50,POST,POST /api/v1/auth/login,0.000000,0.000000,0,0,0,0,0,0,0,0,0,0,0,50,0,1500.0,1477.9047070807428,445.2963610092411,2304.906449993723,1622.0
1789925212,50,,Aggregated,24.400000,0.000000,7,9,10,11,14,24,36,36,46,46,46,627,0,7,126.13313652024411,3.2333810086129233,2304.906449993723,6734.6443381180225
1789925213,50,GET,GET /api/v1/reservas,19.000000,0.000000,7,9,11,12,18,25,36,36,37,37,37,472,0,7,9.646705667564984,4.027293995022774,110.56835600174963,8965.0
1789925213,50,GET,GET /api/v1/reservas/{id},5.400000,0.000000,5,7,9,10,12,14,46,46,46,46,46,125,0,5,6.25300070468802,3.2333810086129233,46.022774011362344,442.0
1789925213,50,POST,POST /api/v1/auth/login,0.000000,0.000000,0,0,0,0,0,0,0,0,0,0,0,50,0,1500.0,1477.9047070807428,445.2963610092411,2304.906449993723,1622.0
1789925213,50,,Aggregated,24.400000,0.000000,7,9,10,11,17,24,36,36,46,46,46,647,0,7,122.45765922289615,3.2333810086129233,2304.906449993723,6750.896445131376
1789925214,50,GET,GET /api/v1/reservas,19.000000,0.000000,7,8,10,11,14,21,36,36,37,37,37,495,0,7,9.515390264880468,4.027293995022774,110.56835600174963,8965.0
1789925214,50,GET,GET /api/v1/reservas/{id},5.500000,0.000000,5,6,6,8,11,13,46,46,46,46,46,130,0,5,6.164005154502005,3.2333810086129233,46.022774011362344,442.0
1789925214,50,POST,POST /api/v1/auth/login,0.000000,0.000000,0,0,0,0,0,0,0,0,0,0,0,50,0,1500.0,1477.9047070807428,445.2963610092411,2304.906449993723,1622.0
1789925214,50,,Aggregated,24.500000,0.000000,6,8,9,10,13,21,36,36,46,46,46,675,0,7,117.63951734109368,3.2333810086129233,2304.906449993723,6779.607407407408
1789925215,50,GET,GET /api/v1/reservas,19.100000,0.000000,6,7,8,9,12,20,34,36,36,36,36,509,0,7,9.430198298810893,4.027293995022774,110.56835600174963,8965.0
1789925215,50,GET,GET /api/v1/reservas/{id},5.400000,0.000000,5,5,6,6,10,11,46,46,46,46,46,135,0,5,6.126155422707261,3.2333810086129233,46.022774011362344,442.0
1789925215,50,POST,POST /api/v1/auth/login,0.000000,0.000000,0,0,0,0,0,0,0,0,0,0,0,50,0,1500.0,1477.9047070807428,445.2963610092411,2304.906449993723,1622.0
1789925215,50,,Aggregated,24.500000,0.000000,6,7,8,8,11,17,34,36,46,46,46,694,0,7,114.58535629711436,3.2333810086129233,2304.906449993723,6778.033141210374
1789925216,50,GET,GET /api/v1/reservas,18.800000,0.000000,6,7,7,8,9,11,14,17,19,19,19,536,0,7,9.297599238990772,3.973932994995266,110.56835600174963,8965.0
1789925216,50,GET,GET /api/v1/reservas/{id},5.300000,0.000000,5,5,5,5,6,7,10,11,11,11,11,143,0,5,6.056516371029136,3.2333810086129233,46.022774011362344,442.0
1789925216,50,POST,POST /api/v1/auth/login,0.000000,0.000000,0,0,0,0,0,0,0,0,0,0,0,50,0,1500.0,1477.9047070807428,445.2963610092411,2304.906449993723,1622.0
1789925216,50,,Aggregated,24.100000,0.000000,6,7,7,7,9,10,13,14,19,19,19,729,0,7,109.38934209491545,3.2333810086129233,2304.906449993723,6789.500685871056
1789925217,50,GET,GET /api/v1/reservas,19.300000,0.000000,6,7,7,8,9,11,13,17,19,19,19,550,0,7,9.217740718370557,3.973932994995266,110.56835600174963,8965.0
1789925217,50,GET,GET /api/v1/reservas/{id},5.300000,0.000000,5,5,5,5,6,7,10,11,11,11,11,149,0,5,5.979133423065435,3.2333810086129233,46.022774011362344,442.0
1789925217,50,POST,POST /api/v1/auth/login,0.000000,0.000000,0,0,0,0,0,0,0,0,0,0,0,50,0,1500.0,1477.9047070807428,445.2963610092411,2304.906449993723,1622.0
1789925217,50,,Aggregated,24.600000,0.000000,6,7,7,7,9,10,13,14,19,19,19,749,0,7,106.61666706165246,3.2333810086129233,2304.906449993723,6779.316421895861
1789925218,50,GET,GET /api/v1/reservas,18.900000,0.000000,6,7,7,8,9,10,13,17,19,19,19,571,0,7,9.14207734694605,3.973932994995266,110.56835600174963,8965.0
1789925218,50,GET,GET /api/v1/reservas/{id},5.600000,0.000000,5,5,5,5,6,6,7,10,10,10,10,152,0,5,5.949478664804605,3.2333810086129233,46.022774011362344,442.0
1789925218,50,POST,POST /api/v1/auth/login,0.000000,0.000000,0,0,0,0,0,0,0,0,0,0,0,50,0,1500.0,1477.9047070807428,445.2963610092411,2304.906449993723,1622.0
1789925218,50,,Aggregated,24.500000,0.000000,6,7,7,7,9,10,13,14,19,19,19,773,0,7,103.51834705846524,3.2333810086129233,2304.906449993723,6814.099611901682
1789925219,50,GET,GET /api/v1/reservas,19.300000,0.000000,6,7,7,8,9,10,13,17,19,19,19,590,0,7,9.049971291713488,3.973932994995266,110.56835600174963,8965.0
1789925219,50,GET,GET /api/v1/reservas/{id},5.600000,0.000000,5,5,5,5,6,9,9,10,10,10,10,162,0,5,5.918040679481002,3.2333810086129233,46.022774011362344,442.0
1789925219,50,POST,POST /api/v1/auth/login,0.000000,0.000000,0,0,0,0,0,0,0,0,0,0,0,50,0,1500.0,1477.9047070807428,445.2963610092411,2304.906449993723,1622.0
1789925219,50,,Aggregated,24.900000,0.000000,6,7,7,7,9,10,13,14,19,19,19,802,0,7,99.99182170352123,3.2333810086129233,2304.906449993723,6785.6034912718205
1789925220,50,GET,GET /api/v1/reservas,19.400000,0.000000,6,7,8,8,9,10,13,17,19,19,19,610,0,7,8.984856927942973,3.973932994995266,110.56835600174963,8965.0
1789925220,50,GET,GET /api/v1/reservas/{id},5.300000,0.000000,5,5,5,5,6,9,9,10,10,10,10,166,0,5,5.892361494370999,3.2333810086129233,46.022774011362344,442.0
1789925220,50,POST,POST /api/v1/auth/login,0.000000,0.000000,0,0,0,0,0,0,0,0,0,0,0,50,0,1500.0,1477.9047070807428,445.2963610092411,2304.906449993723,1622.0
1789925220,50,,Aggregated,24.700000,0.000000,6,7,7,8,9,10,13,14,19,19,19,826,0,7,97.28102916240671,3.2333810086129233,2304.906449993723,6807.653753026634
1789925221,50,GET,GET /api/v1/reservas,18.900000,0.000000,6,7,7,8,9,10,13,17,19,19,19,630,0,7,8.903948838165629,3.973932994995266,110.56835600174963,8965.0
1789925221,50,GET,GET /api/v1/reservas/{id},5.700000,0.000000,5,5,5,5,6,7,9,9,9,9,9,173,0,5,5.853036353115606,3.2333810086129233,46.022774011362344,442.0
1789925221,50,POST,POST /api/v1/auth/login,0.000000,0.000000,0,0,0,0,0,0,0,0,0,0,0,50,0,1500.0,1477.9047070807428,445.2963610092411,2304.906449993723,1622.0
1789925221,50,,Aggregated,24.600000,0.000000,6,7,7,7,9,9,12,13,19,19,19,853,0,7,94.39308137300175,3.2333810086129233,2304.906449993723,6805.997655334115
1789925222,50,GET,GET /api/v1/reservas,19.600000,0.000000,6,7,7,8,9,10,13,20,23,23,23,652,0,7,8.868529751603678,3.973932994995266,110.56835600174963,8965.0
1789925222,50,GET,GET /api/v1/reservas/{id},5.700000,0.000000,5,5,5,5,6,7,9,9,9,9,9,177,0,5,5.82422002312059,3.2333810086129233,46.022774011362344,442.0
1789925222,50,POST,POST /api/v1/auth/login,0.000000,0.000000,0,0,0,0,0,0,0,0,0,0,0,50,0,1500.0,1477.9047070807428,445.2963610092411,2304.906449993723,1622.0
1789925222,50,,Aggregated,25.300000,0.000000,6,7,7,7,9,9,12,19,23,23,23,879,0,7,91.81843423910703,3.2333810086129233,2304.906449993723,6831.0739476678045
1789925223,50,GET,GET /api/v1/reservas,19.500000,0.000000,6,7,7,8,9,10,12,20,23,23,23,671,0,7,8.8251846752337,3.973932994995266,110.56835600174963,8965.0
1789925223,50,GET,GET /api/v1/reservas/{id},5.900000,0.000000,5,5,5,6,7,9,9,10,10,10,10,184,0,5,5.852025451531517,3.2333810086129233,46.022774011362344,442.0
1789925223,50,POST,POST /api/v1/auth/login,0.000000,0.000000,0,0,0,0,0,0,0,0,0,0,0,50,0,1500.0,1477.9047070807428,445.2963610092411,2304.906449993723,1622.0
1789925223,50,,Aggregated,25.400000,0.000000,6,7,7,8,9,10,12,12,23,23,23,905,0,7,89.38531155160304,3.2333810086129233,2304.906449993723,6826.45635359116
1789925224,50,GET,GET /api/v1/reservas,19.500000,0.000000,6,7,8,8,9,10,12,20,23,23,23,685,0,7,8.774871408920667,3.973932994995266,110.56835600174963,8965.0
1789925224,50,GET,GET /api/v1/reservas/{id},5.600000,0.000000,5,5,5,6,7,9,9,10,10,10,10,193,0,5,5.7730262803059755,3.2333810086129233,46.022774011362344,442.0
1789925224,50,POST,POST /api/v1/auth/login,0.000000,0.000000,0,0,0,0,0,0,0,0,0,0,0,50,0,1500.0,1477.9047070807428,445.2963610092411,2304.906449993723,1622.0
1789925224,50,,Aggregated,25.100000,0.000000,6,7,7,8,9,10,12,12,23,23,23,928,0,7,87.3062676091022,3.2333810086129233,2304.906449993723,6796.800646551724
1789925225,50,GET,GET /api/v1/reservas,19.200000,0.000000,6,7,7,8,9,9,12,20,23,23,23,704,0,7,8.699746494481918,3.973932994995266,110.56835600174963,8965.0
1789925225,50,GET,GET /api/v1/reservas/{id},5.800000,0.000000,4,5,5,5,7,9,9,10,10,10,10,199,0,5,5.71994234713604,3.2333810086129233,46.022774011362344,442.0
1789925225,50,POST,POST /api/v1/auth/login,0.000000,0.000000,0,0,0,0,0,0,0,0,0,0,0,50,0,1500.0,1477.9047070807428,445.2963610092411,2304.906449993723,1622.0
1789925225,50,,Aggregated,25.000000,0.000000,6,7,7,7,9,9,11,12,23,23,23,953,0,6,85.16067724368571,3.2333810086129233,2304.906449993723,6800.01888772298
1789925226,50,GET,GET /api/v1/reservas,19.200000,0.000000,6,7,7,8,9,9,12,20,23,23,23,723,0,7,8.636069788578524,3.973932994995266,110.56835600174963,8965.0
1789925226,50,GET,GET /api/v1/reservas/{id},6.200000,0.000000,4,5,5,6,7,9,9,10,10,10,10,202,0,5,5.707679109288827,3.2333810086129233,46.022774011362344,442.0
1789925226,50,POST,POST /api/v1/auth/login,0.000000,0.000000,0,0,0,0,0,0,0,0,0,0,0,50,0,1500.0,1477.9047070807428,445.2963610092411,2304.906449993723,1622.0
1789925226,50,,Aggregated,25.400000,0.000000,6,7,7,7,9,9,11,12,23,23,23,975,0,6,83.37647691410847,3.2333810086129233,2304.906449993723,6822.6451282051285
1789925227,50,GET,GET /api/v1/reservas,19.000000,0.000000,6,7,7,8,8,9,11,20,23,23,23,743,0,7,8.582472827903329,3.973932994995266,110.56835600174963,8965.0
1789925227,50,GET,GET /api/v1/reservas/{id},6.100000,0.000000,5,5,5,6,7,9,9,10,10,10,10,206,0,5,5.694252772124493,3.2333810086129233,46.022774011362344,442.0
1789925227,50,POST,POST /api/v1/auth/login,0.000000,0.000000,0,0,0,0,0,0,0,0,0,0,0,50,0,1500.0,1477.9047070807428,445.2963610092411,2304.906449993723,1622.0
1789925227,50,,Aggregated,25.100000,0.000000,6,7,7,7,8,9,10,12,23,23,23,999,0,6,81.52655529151848,3.2333810086129233,2304.906449993723,6839.986986986987
1789925228,50,GET,GET /api/v1/reservas,19.100000,0.000000,6,7,7,8,9,9,12,20,23,23,23,759,0,7,8.55627775377697,3.973932994995266,110.56835600174963,8965.0
1789925228,50,GET,GET /api/v1/reservas/{id},5.900000,0.000000,5,5,5,5,7,7,9,10,10,10,10,215,0,5,5.666328911929456,3.2333810086129233,46.022774011362344,442.0
1789925228,50,POST,POST /api/v1/auth/login,0.000000,0.000000,0,0,0,0,0,0,0,0,0,0,0,50,0,1500.0,1477.9047070807428,445.2963610092411,2304.906449993723,1622.0
1789925228,50,,Aggregated,25.000000,0.000000,6,7,7,7,8,9,11,12,23,23,23,1024,0,6,79.69503016134638,3.2333810086129233,2304.906449993723,6816.9580078125
1789925229,50,GET,GET /api/v1/reservas,19.700000,0.000000,7,7,7,8,9,10,12,20,23,23,23,782,0,7,8.522461055141703,3.973932994995266,110.56835600174963,8965.0
1789925229,50,GET,GET /api/v1/reservas/{id},5.900000,0.000000,5,5,5,5,7,7,9,10,10,10,10,219,0,5,5.651459328965263,3.2333810086129233,46.022774011362344,442.0
1789925229,50,POST,POST /api/v1/auth/login,0.000000,0.000000,0,0,0,0,0,0,0,0,0,0,0,50,0,1500.0,1477.9047070807428,445.2963610092411,2304.906449993723,1622.0
1789925229,50,,Aggregated,25.600000,0.000000,6,7,7,7,9,10,11,12,23,23,23,1051,0,6,77.82822977374057,3.2333810086129233,2304.906449993723,6839.703139866793
1789925230,50,GET,GET /api/v1/reservas,18.800000,0.000000,7,7,8,8,9,10,12,20,23,23,23,805,0,7,8.487076413859642,3.973932994995266,110.56835600174963,8965.0
1789925230,50,GET,GET /api/v1/reservas/{id},6.200000,0.000000,5,5,5,5,7,7,10,10,10,10,10,221,0,5,5.643705633701757,3.2333810086129233,46.022774011362344,442.0
1789925230,50,POST,POST /api/v1/auth/login,0.000000,0.000000,0,0,0,0,0,0,0,0,0,0,0,50,0,1500.0,1477.9047070807428,445.2963610092411,2304.906449993723,1622.0
1789925230,50,,Aggregated,25.000000,0.000000,6,7,7,8,9,10,12,14,23,23,23,1076,0,6,76.184563951898,3.2333810086129233,2304.906449993723,6873.240706319702
1789925231,50,GET,GET /api/v1/reservas,19.300000,0.000000,7,7,8,8,10,11,14,22,23,23,23,827,0,7,8.504494604787073,3.973932994995266,110.56835600174963,8965.0
1789925231,50,GET,GET /api/v1/reservas/{id},5.900000,0.000000,5,5,5,5,7,7,10,10,10,10,10,224,0,5,5.631163031531677,3.2333810086129233,46.022774011362344,442.0
1789925231,50,POST,POST /api/v1/auth/login,0.000000,0.000000,0,0,0,0,0,0,0,0,0,0,0,50,0,1500.0,1477.9047070807428,445.2963610092411,2304.906449993723,1622.0
1789925231,50,,Aggregated,25.200000,0.000000,6,7,8,8,9,11,14,20,23,23,23,1101,0,6,74.65016613193383,3.2333810086129233,2304.906449993723,6897.514078110808
1789925232,50,GET,GET /api/v1/reservas,19.500000,0.000000,7,7,8,8,9,10,13,14,22,22,22,841,0,7,8.482448260631942,3.973932994995266,110.56835600174963,8965.0
1789925232,50,GET,GET /api/v1/reservas/{id},5.400000,0.000000,5,5,5,5,6,7,9,9,9,9,9,230,0,5,5.641663778553029,3.2333810086129233,46.022774011362344,442.0
1789925232,50,POST,POST /api/v1/auth/login,0.000000,0.000000,0,0,0,0,0,0,0,0,0,0,0,50,0,1500.0,1477.9047070807428,445.2963610092411,2304.906449993723,1622.0
1789925232,50,,Aggregated,24.900000,0.000000,6,7,8,8,9,10,12,14,22,22,22,1121,0,6,73.44028279241374,3.2333810086129233,2304.906449993723,6888.78233719893
1789925233,50,GET,GET /api/v1/reservas,19.200000,0.000000,7,7,8,8,10,12,14,25,27,27,27,867,0,7,8.478362016325319,3.973932994995266,110.56835600174963,8965.0
1789925233,50,GET,GET /api/v1/reservas/{id},5.300000,0.000000,5,5,5,6,6,7,10,10,10,10,10,236,0,5,5.657538271499739,3.2333810086129233,46.022774011362344,442.0
1789925233,50,POST,POST /api/v1/auth/login,0.000000,0.000000,0,0,0,0,0,0,0,0,0,0,0,50,0,1500.0,1477.9047070807428,445.2963610092411,2304.906449993723,1622.0
1789925233,50,,Aggregated,24.500000,0.000000,6,7,8,8,9,11,14,22,27,27,27,1153,0,6,71.62285711558121,3.2333810086129233,2304.906449993723,6902.052905464007
1789925234,50,GET,GET /api/v1/reservas,19.000000,0.000000,7,7,8,8,10,12,14,25,27,27,27,878,0,7,8.456567858915552,3.973932994995266,110.56835600174963,8965.0
1789925234,50,GET,GET /api/v1/reservas/{id},5.600000,0.000000,5,5,6,6,8,10,20,20,20,20,20,244,0,5,5.758261610801545,3.2333810086129233,46.022774011362344,442.0
1789925234,50,POST,POST /api/v1/auth/login,0.000000,0.000000,0,0,0,0,0,0,0,0,0,0,0,50,0,1500.0,1477.9047070807428,445.2963610092411,2304.906449993723,1622.0
1789925234,50,,Aggregated,24.600000,0.000000,6,7,8,8,10,12,19,22,27,27,27,1172,0,6,70.58457147372063,3.2333810086129233,2304.906449993723,6877.319112627986
1789925235,50,GET,GET /api/v1/reservas,19.900000,0.000000,7,7,8,8,10,12,14,25,27,27,27,901,0,7,8.392941772570957,3.973932994995266,110.56835600174963,8965.0
1789925235,50,GET,GET /api/v1/reservas/{id},5.200000,0.000000,5,5,6,6,8,10,20,20,20,20,20,250,0,5,5.726559636124875,3.2333810086129233,46.022774011362344,442.0
1789925235,50,POST,POST /api/v1/auth/login,0.000000,0.000000,0,0,0,0,0,0,0,0,0,0,0,50,0,1500.0,1477.9047070807428,445.2963610092411,2304.906449993723,1622.0
1789925235,50,,Aggregated,25.100000,0.000000,6,7,8,8,10,12,19,22,27,27,27,1201,0,6,69.01658268122797,3.2333810086129233,2304.906449993723,6885.14987510408
1789925236,50,GET,GET /api/v1/reservas,19.100000,0.000000,7,7,8,8,10,12,14,25,27,27,27,916,0,7,8.3613345306659,3.973932994995266,110.56835600174963,8965.0
1789925236,50,GET,GET /api/v1/reservas/{id},5.200000,0.000000,5,5,6,6,8,10,20,20,20,20,20,255,0,5,5.698401317760513,3.2333810086129233,46.022774011362344,442.0
1789925236,50,POST,POST /api/v1/auth/login,0.000000,0.000000,0,0,0,0,0,0,0,0,0,0,0,50,0,1500.0,1477.9047070807428,445.2963610092411,2304.906449993723,1622.0
1789925236,50,,Aggregated,24.300000,0.000000,6,7,8,8,10,12,19,22,27,27,27,1221,0,6,67.98305497146276,3.2333810086129233,2304.906449993723,6884.316134316135
1789925237,50,GET,GET /api/v1/reservas,19.700000,0.000000,7,7,8,8,10,12,14,25,27,27,27,932,0,7,8.317640626717727,3.973932994995266,110.56835600174963,8965.0
1789925237,50,GET,GET /api/v1/reservas/{id},5.200000,0.000000,5,5,6,6,8,10,20,20,20,20,20,262,0,5,5.672417649008842,3.2333810086129233,46.022774011362344,442.0
1789925237,50,POST,POST /api/v1/auth/login,0.000000,0.000000,0,0,0,0,0,0,0,0,0,0,0,50,0,1500.0,1477.9047070807428,445.2963610092411,2304.906449993723,1622.0
1789925237,50,,Aggregated,24.900000,0.000000,6,7,8,8,10,11,19,22,27,27,27,1244,0,6,66.82753202747458,3.2333810086129233,2304.906449993723,6874.826366559486
1789925238,50,GET,GET /api/v1/reservas,19.900000,0.000000,6,7,8,8,9,12,14,25,27,27,27,952,0,7,8.268316404480304,3.973932994995266,110.56835600174963,8965.0
1789925238,50,GET,GET /api/v1/reservas/{id},5.300000,0.000000,5,5,6,6,8,10,20,20,20,20,20,265,0,5,5.660314052991727,3.2333810086129233,46.022774011362344,442.0
1789925238,50,POST,POST /api/v1/auth/login,0.000000,0.000000,0,0,0,0,0,0,0,0,0,0,0,50,0,1500.0,1477.9047070807428,445.2963610092411,2304.906449993723,1622.0
1789925238,50,,Aggregated,25.200000,0.000000,6,7,7,8,9,11,19,22,27,27,27,1267,0,6,65.71953890698121,3.2333810086129233,2304.906449993723,6892.5887924230465
1789925239,50,GET,GET /api/v1/reservas,18.800000,0.000000,6,7,7,8,9,11,14,25,27,27,27,968,0,7,8.239467289291678,3.973932994995266,110.56835600174963,8965.0
1789925239,50,GET,GET /api/v1/reservas/{id},5.400000,0.000000,5,5,5,6,7,10,19,20,20,20,20,272,0,5,5.633720941445705,3.1435650016646832,46.022774011362344,442.0
1789925239,50,POST,POST /api/v1/auth/login,0.000000,0.000000,0,0,0,0,0,0,0,0,0,0,0,50,0,1500.0,1477.9047070807428,445.2963610092411,2304.906449993723,1622.0
1789925239,50,,Aggregated,24.200000,0.000000,6,7,7,8,9,11,19,22,27,27,27,1290,0,6,64.65380758615869,3.1435650016646832,2304.906449993723,6883.289922480621
1789925240,50,GET,GET /api/v1/reservas,19.300000,0.000000,6,7,7,8,9,11,13,25,27,27,27,984,0,7,8.225800769310823,3.973932994995266,110.56835600174963,8965.0
1789925240,50,GET,GET /api/v1/reservas/{id},5.000000,0.000000,5,5,5,6,7,10,19,20,20,20,20,283,0,5,5.580977947225337,3.1435650016646832,46.022774011362344,442.0
1789925240,50,POST,POST /api/v1/auth/login,0.000000,0.000000,0,0,0,0,0,0,0,0,0,0,0,50,0,1500.0,1477.9047070807428,445.2963610092411,2304.906449993723,1622.0
1789925240,50,,Aggregated,24.300000,0.000000,6,7,7,7,9,11,14,20,27,27,27,1317,0,6,63.45394082771736,3.1435650016646832,2304.906449993723,6854.780561883068
1789925241,50,GET,GET /api/v1/reservas,19.000000,0.000000,6,7,7,7,9,11,12,25,27,27,27,1000,0,7,8.207224739977391,3.973932994995266,110.56835600174963,8965.0
1789925241,50,GET,GET /api/v1/reservas/{id},5.200000,0.000000,5,5,5,5,8,10,19,20,20,20,20,287,0,5,5.585107700613276,3.1435650016646832,46.022774011362344,442.0
1789925241,50,POST,POST /api/v1/auth/login,0.000000,0.000000,0,0,0,0,0,0,0,0,0,0,0,50,0,1500.0,1477.9047070807428,445.2963610092411,2304.906449993723,1622.0
1789925241,50,,Aggregated,24.200000,0.000000,6,6,7,7,8,10,12,20,27,27,27,1337,0,6,62.60687060889345,3.1435650016646832,2304.906449993723,6860.848167539267
1789925242,50,GET,GET /api/v1/reservas,17.900000,0.000000,6,7,7,7,8,10,11,25,27,27,27,1021,0,7,8.158398266397343,3.973932994995266,110.56835600174963,8965.0
1789925242,50,GET,GET /api/v1/reservas/{id},6.200000,0.000000,5,5,5,5,6,8,19,20,20,20,20,294,0,5,5.55169778253541,3.1435650016646832,46.022774011362344,442.0
1789925242,50,POST,POST /api/v1/auth/login,0.000000,0.000000,0,0,0,0,0,0,0,0,0,0,0,50,0,1500.0,1477.9047070807428,445.2963610092411,2304.906449993723,1622.0
1789925242,50,,Aggregated,24.100000,0.000000,6,6,7,7,8,10,12,20,27,27,27,1365,0,6,61.43381621398845,3.1435650016646832,2304.906449993723,6860.302564102564
1789925243,50,GET,GET /api/v1/reservas,17.600000,0.000000,6,6,7,7,8,9,11,11,12,12,12,1041,0,7,8.120837784816796,3.973932994995266,110.56835600174963,8965.0
1789925243,50,GET,GET /api/v1/reservas/{id},6.300000,0.000000,4,5,5,5,5,6,8,8,8,8,8,296,0,5,5.554423885375916,3.1435650016646832,46.022774011362344,442.0
1789925243,50,POST,POST /api/v1/auth/login,0.000000,0.000000,0,0,0,0,0,0,0,0,0,0,0,50,0,1500.0,1477.9047070807428,445.2963610092411,2304.906449993723,1622.0
1789925243,50,,Aggregated,23.900000,0.000000,6,6,7,7,8,9,10,11,12,12,12,1387,0,6,60.55741669654124,3.1435650016646832,2304.906449993723,6881.396539293439
1789925244,50,GET,GET /api/v1/reservas,18.100000,0.000000,6,6,7,7,8,9,11,11,12,12,12,1064,0,7,8.077222407891007,3.973932994995266,110.56835600174963,8965.0
1789925244,50,GET,GET /api/v1/reservas/{id},6.000000,0.000000,5,5,5,5,6,8,8,12,12,12,12,305,0,5,5.566499088785886,3.1435650016646832,46.022774011362344,442.0
1789925244,50,POST,POST /api/v1/auth/login,0.000000,0.000000,0,0,0,0,0,0,0,0,0,0,0,50,0,1500.0,1477.9047070807428,445.2963610092411,2304.906449993723,1622.0
1789925244,50,,Aggregated,24.100000,0.000000,6,6,7,7,8,9,11,11,12,12,12,1419,0,6,59.32852869493507,3.1435650016646832,2304.906449993723,6874.326990838619
1789925245,50,GET,GET /api/v1/reservas,17.700000,0.000000,6,7,7,7,8,9,11,11,12,12,12,1074,0,7,8.055077509306265,3.973932994995266,110.56835600174963,8965.0
1789925245,50,GET,GET /api/v1/reservas/{id},6.300000,0.000000,5,5,5,5,6,8,8,12,12,12,12,314,0,5,5.53022110532557,3.1435650016646832,46.022774011362344,442.0
1789925245,50,POST,POST /api/v1/auth/login,0.000000,0.000000,0,0,0,0,0,0,0,0,0,0,0,50,0,1500.0,1477.9047070807428,445.2963610092411,2304.906449993723,1622.0
1789925245,50,,Aggregated,24.000000,0.000000,6,6,7,7,8,9,11,11,12,12,12,1438,0,6,58.611180824829134,3.1435650016646832,2304.906449993723,6848.607788595271
1789925246,50,GET,GET /api/v1/reservas,18.100000,0.000000,6,6,7,7,8,9,11,11,12,12,12,1092,0,7,8.019382358981648,3.973932994995266,110.56835600174963,8965.0
1789925246,50,GET,GET /api/v1/reservas/{id},5.900000,0.000000,5,5,5,5,6,8,8,12,12,12,12,321,0,5,5.508689950334526,3.1435650016646832,46.022774011362344,442.0
1789925246,50,POST,POST /api/v1/auth/login,0.000000,0.000000,0,0,0,0,0,0,0,0,0,0,0,50,0,1500.0,1477.9047070807428,445.2963610092411,2304.906449993723,1622.0
1789925246,50,,Aggregated,24.000000,0.000000,6,6,7,7,8,9,11,11,12,12,12,1463,0,6,57.703821164800054,3.1435650016646832,2304.906449993723,6843.993164730007
1789925247,50,GET,GET /api/v1/reservas,17.600000,0.000000,6,7,7,8,9,10,11,12,12,12,12,1107,0,7,8.016922519455097,3.973932994995266,110.56835600174963,8965.0
1789925247,50,GET,GET /api/v1/reservas/{id},6.300000,0.000000,5,5,5,5,6,8,8,12,12,12,12,328,0,5,5.502519579350497,3.1435650016646832,46.022774011362344,442.0
1789925247,50,POST,POST /api/v1/auth/login,0.000000,0.000000,0,0,0,0,0,0,0,0,0,0,0,50,0,1500.0,1477.9047070807428,445.2963610092411,2304.906449993723,1622.0
1789925247,50,,Aggregated,23.900000,0.000000,6,6,7,7,8,9,11,12,12,12,12,1485,0,6,56.952723909158856,3.1435650016646832,2304.906449993723,6835.239730639731
1789925248,50,GET,GET /api/v1/reservas,16.900000,0.000000,6,7,7,7,9,10,11,12,12,12,12,1126,0,7,7.986453992969499,3.973932994995266,110.56835600174963,8965.0
1789925248,50,GET,GET /api/v1/reservas/{id},6.300000,0.000000,5,5,5,5,6,8,8,12,12,12,12,336,0,5,5.48262002684212,3.1435650016646832,46.022774011362344,442.0
1789925248,50,POST,POST /api/v1/auth/login,0.000000,0.000000,0,0,0,0,0,0,0,0,0,0,0,50,0,1500.0,1477.9047070807428,445.2963610092411,2304.906449993723,1622.0
1789925248,50,,Aggregated,23.200000,0.000000,6,6,7,7,8,9,11,12,12,12,12,1512,0,6,56.038454285145335,3.1435650016646832,2304.906449993723,6828.175925925926
1789925249,50,GET,GET /api/v1/reservas,17.800000,0.000000,6,7,7,7,9,10,11,12,13,13,13,1148,0,7,7.969258265751933,3.973932994995266,110.56835600174963,8965.0
1789925249,50,GET,GET /api/v1/reservas/{id},6.500000,0.000000,5,5,5,6,6,8,8,12,12,12,12,339,0,5,5.4737134306649695,3.1435650016646832,46.022774011362344,442.0
1789925249,50,POST,POST /api/v1/auth/login,0.000000,0.000000,0,0,0,0,0,0,0,0,0,0,0,50,0,1500.0,1477.9047070807428,445.2963610092411,2304.906449993723,1622.0
1789925249,50,,Aggregated,24.300000,0.000000,6,6,7,7,8,9,11,12,13,13,13,1537,0,6,55.23717156546245,3.1435650016646832,2304.906449993723,6846.296681847755
1789925250,50,GET,GET /api/v1/reservas,17.100000,0.000000,6,6,7,7,9,10,11,12,13,13,13,1163,0,7,7.953772856473526,3.973932994995266,110.56835600174963,8965.0
1789925250,50,GET,GET /api/v1/reservas/{id},7.100000,0.000000,5,5,5,6,6,8,8,12,12,12,12,345,0,5,5.466513689843587,3.1435650016646832,46.022774011362344,442.0
1789925250,50,POST,POST /api/v1/auth/login,0.000000,0.000000,0,0,0,0,0,0,0,0,0,0,0,50,0,1500.0,1477.9047070807428,445.2963610092411,2304.906449993723,1622.0
1789925250,50,,Aggregated,24.200000,0.000000,6,6,7,7,8,9,11,12,13,13,13,1558,0,6,54.57729166181765,3.1435650016646832,2304.906449993723,6842.031450577663
1789925251,50,GET,GET /api/v1/reservas,17.700000,0.000000,6,7,8,8,9,11,12,13,25,25,25,1188,0,7,7.973124320770305,3.973932994995266,110.56835600174963,8965.0
1789925251,50,GET,GET /api/v1/reservas/{id},6.800000,0.000000,5,5,5,6,6,8,12,21,21,21,21,349,0,5,5.500803994244021,3.1435650016646832,46.022774011362344,442.0
1789925251,50,POST,POST /api/v1/auth/login,0.000000,0.000000,0,0,0,0,0,0,0,0,0,0,0,50,0,1500.0,1477.9047070807428,445.2963610092411,2304.906449993723,1622.0
1789925251,50,,Aggregated,24.500000,0.000000,6,6,7,8,9,10,12,13,25,25,25,1587,0,6,53.741076018338646,3.1435650016646832,2304.906449993723,6859.343415248897
1789925252,50,GET,GET /api/v1/reservas,17.800000,0.000000,6,7,8,8,9,10,11,13,25,25,25,1204,0,7,7.953467173663806,3.973932994995266,110.56835600174963,8965.0
1789925252,50,GET,GET /api/v1/reservas/{id},6.400000,0.000000,5,5,6,6,6,8,12,21,21,21,21,356,0,5,5.492005918486949,3.1435650016646832,46.022774011362344,442.0
1789925252,50,POST,POST /api/v1/auth/login,0.000000,0.000000,0,0,0,0,0,0,0,0,0,0,0,50,0,1500.0,1477.9047070807428,445.2963610092411,2304.906449993723,1622.0
1789925252,50,,Aggregated,24.200000,0.000000,6,6,7,8,9,10,12,13,25,25,25,1610,0,6,53.059853377707896,3.1435650016646832,2304.906449993723,6852.367701863354
1789925253,50,GET,GET /api/v1/reservas,18.500000,0.000000,6,7,8,8,9,11,12,16,25,25,25,1221,0,7,7.941233896870428,3.973932994995266,110.56835600174963,8965.0
1789925253,50,GET,GET /api/v1/reservas/{id},6.000000,0.000000,5,5,5,6,6,7,8,21,21,21,21,361,0,5,5.480774216054955,3.1435650016646832,46.022774011362344,442.0
1789925253,50,POST,POST /api/v1/auth/login,0.000000,0.000000,0,0,0,0,0,0,0,0,0,0,0,50,0,1500.0,1477.9047070807428,445.2963610092411,2304.906449993723,1622.0
1789925253,50,,Aggregated,24.500000,0.000000,6,6,7,8,9,10,12,16,25,25,25,1632,0,6,52.43262342776457,3.1435650016646832,2304.906449993723,6854.734681372549
1789925254,50,GET,GET /api/v1/reservas,18.000000,0.000000,6,7,8,8,9,11,12,16,25,25,25,1242,0,7,7.922285538704409,3.973932994995266,110.56835600174963,8965.0
1789925254,50,GET,GET /api/v1/reservas/{id},6.300000,0.000000,5,5,5,6,6,7,8,21,21,21,21,367,0,5,5.468914108974187,3.1435650016646832,46.022774011362344,442.0
1789925254,50,POST,POST /api/v1/auth/login,0.000000,0.000000,0,0,0,0,0,0,0,0,0,0,0,50,0,1500.0,1477.9047070807428,445.2963610092411,2304.906449993723,1622.0
1789925254,50,,Aggregated,24.300000,0.000000,6,7,7,8,9,10,12,16,25,25,25,1659,0,6,51.68282427432281,3.1435650016646832,2304.906449993723,6858.2543701024715
1789925255,50,GET,GET /api/v1/reservas,18.000000,0.000000,7,7,8,8,9,11,12,16,25,25,25,1266,0,7,7.9008730774714815,3.973932994995266,110.56835600174963,8965.0
1789925255,50,GET,GET /api/v1/reservas/{id},6.500000,0.000000,5,5,6,6,6,7,8,21,21,21,21,375,0,5,5.457627298659645,3.1435650016646832,46.022774011362344,442.0
1789925255,50,POST,POST /api/v1/auth/login,0.000000,0.000000,0,0,0,0,0,0,0,0,0,0,0,50,0,1500.0,1477.9047070807428,445.2963610092411,2304.906449993723,1622.0
1789925255,50,,Aggregated,24.500000,0.000000,6,7,7,8,9,10,12,16,25,25,25,1691,0,6,50.824571796045774,3.1435650016646832,2304.906449993723,6857.800118273211
1789925256,50,GET,GET /api/v1/reservas,18.400000,0.000000,7,7,8,8,9,11,11,16,25,25,25,1280,0,7,7.88931827662509,3.973932994995266,110.56835600174963,8965.0
1789925256,50,GET,GET /api/v1/reservas/{id},6.400000,0.000000,5,5,6,6,6,8,9,21,21,21,21,383,0,5,5.448687402090767,3.1435650016646832,46.022774011362344,442.0
1789925256,50,POST,POST /api/v1/auth/login,0.000000,0.000000,0,0,0,0,0,0,0,0,0,0,0,50,0,1500.0,1477.9047070807428,445.2963610092411,2304.906449993723,1622.0
1789925256,50,,Aggregated,24.800000,0.000000,6,7,7,8,9,10,11,16,25,25,25,1713,0,6,50.25126095920491,3.1435650016646832,2304.906449993723,6845.058960887332
1789925257,50,GET,GET /api/v1/reservas,18.900000,0.000000,7,7,8,8,9,11,13,25,32,32,32,1299,0,7,7.897917382650148,3.973932994995266,110.56835600174963,8965.0
1789925257,50,GET,GET /api/v1/reservas/{id},6.200000,0.000000,5,5,6,6,6,8,9,21,21,21,21,391,0,5,5.446240363252239,3.1435650016646832,46.022774011362344,442.0
1789925257,50,POST,POST /api/v1/auth/login,0.000000,0.000000,0,0,0,0,0,0,0,0,0,0,0,50,0,1500.0,1477.9047070807428,445.2963610092411,2304.906449993723,1622.0
1789925257,50,,Aggregated,25.100000,0.000000,6,7,8,8,9,10,13,21,32,32,32,1740,0,6,49.58856897478811,3.1435650016646832,2304.906449993723,6838.768390804597
1789925258,50,GET,GET /api/v1/reservas,19.400000,0.000000,7,7,8,8,9,11,13,25,32,32,32,1318,0,7,7.8682721320570455,3.973932994995266,110.56835600174963,8965.0
1789925258,50,GET,GET /api/v1/reservas/{id},6.100000,0.000000,5,5,6,6,6,8,9,21,21,21,21,395,0,5,5.436960977275231,3.1435650016646832,46.022774011362344,442.0
1789925258,50,POST,POST /api/v1/auth/login,0.000000,0.000000,0,0,0,0,0,0,0,0,0,0,0,50,0,1500.0,1477.9047070807428,445.2963610092411,2304.906449993723,1622.0
1789925258,50,,Aggregated,25.500000,0.000000,6,7,7,8,9,10,13,21,32,32,32,1763,0,6,49.0148710210505,3.1435650016646832,2304.906449993723,6847.169597277368
1789925259,50,GET,GET /api/v1/reservas,18.500000,0.000000,7,7,8,8,9,10,13,25,32,32,32,1341,0,7,7.85928717596921,3.973932994995266,110.56835600174963,8965.0
1789925259,50,GET,GET /api/v1/reservas/{id},6.400000,0.000000,5,5,6,6,6,8,9,21,21,21,21,397,0,5,5.43566435020973,3.1435650016646832,46.022774011362344,442.0
1789925259,50,POST,POST /api/v1/auth/login,0.000000,0.000000,0,0,0,0,0,0,0,0,0,0,0,50,0,1500.0,1477.9047070807428,445.2963610092411,2304.906449993723,1622.0
1789925259,50,,Aggregated,24.900000,0.000000,6,7,8,8,9,10,13,21,32,32,32,1788,0,6,48.42980883895141,3.1435650016646832,2304.906449993723,6867.247762863534
1789925260,50,GET,GET /api/v1/reservas,19.200000,0.000000,7,7,8,8,9,10,12,16,32,32,32,1362,0,7,7.8543792635691485,3.973932994995266,110.56835600174963,8965.0
1789925260,50,GET,GET /api/v1/reservas/{id},5.900000,0.000000,5,5,6,6,7,8,8,9,9,9,9,403,0,5,5.443198962911858,3.1435650016646832,46.022774011362344,442.0
1789925260,50,POST,POST /api/v1/auth/login,0.000000,0.000000,0,0,0,0,0,0,0,0,0,0,0,50,0,1500.0,1477.9047070807428,445.2963610092411,2304.906449993723,1622.0
1789925260,50,,Aggregated,25.100000,0.000000,6,7,7,8,9,10,11,13,32,32,32,1815,0,6,47.81625845348309,3.1435650016646832,2304.906449993723,6870.278787878788
1789925261,50,GET,GET /api/v1/reservas,19.500000,0.000000,7,7,8,8,9,10,12,16,32,32,32,1379,0,7,7.846254662061775,3.973932994995266,110.56835600174963,8965.0
1789925261,50,GET,GET /api/v1/reservas/{id},6.000000,0.000000,5,6,6,6,7,8,8,9,9,9,9,406,0,5,5.452878982889044,3.1435650016646832,46.022774011362344,442.0
1789925261,50,POST,POST /api/v1/auth/login,0.000000,0.000000,0,0,0,0,0,0,0,0,0,0,0,50,0,1500.0,1477.9047070807428,445.2963610092411,2304.906449993723,1622.0
1789925261,50,,Aggregated,25.500000,0.000000,6,7,8,8,8,10,11,13,32,32,32,1835,0,6,47.37280076298271,3.1435650016646832,2304.906449993723,6879.1754768392375
1789925262,50,GET,GET /api/v1/reservas,19.700000,0.000000,7,8,8,8,9,11,12,16,32,32,32,1401,0,7,7.852348348287517,3.973932994995266,110.56835600174963,8965.0
1789925262,50,GET,GET /api/v1/reservas/{id},5.300000,0.000000,5,6,6,6,7,9,9,12,12,12,12,415,0,5,5.475147927799879,3.1435650016646832,46.022774011362344,442.0
1789925262,50,POST,POST /api/v1/auth/login,0.000000,0.000000,0,0,0,0,0,0,0,0,0,0,0,50,0,1500.0,1477.9047070807428,445.2963610092411,2304.906449993723,1622.0
1789925262,50,,Aggregated,25.000000,0.000000,7,7,8,8,9,11,12,13,32,32,32,1866,0,6,46.71412742766608,3.1435650016646832,2304.906449993723,6872.7197213290465
1789925263,50,GET,GET /api/v1/reservas,19.700000,0.000000,7,8,8,8,9,11,12,13,32,32,32,1423,0,7,7.83536496064935,3.973932994995266,110.56835600174963,8965.0
1789925263,50,GET,GET /api/v1/reservas/{id},5.700000,0.000000,5,6,6,6,7,9,9,12,12,12,12,418,0,5,5.475945478553369,3.1435650016646832,46.022774011362344,442.0
1789925263,50,POST,POST /api/v1/auth/login,0.000000,0.000000,0,0,0,0,0,0,0,0,0,0,0,50,0,1500.0,1477.9047070807428,445.2963610092411,2304.906449993723,1622.0
1789925263,50,,Aggregated,25.400000,0.000000,6,7,8,8,9,10,12,12,32,32,32,1891,0,6,46.18397932473637,3.1435650016646832,2304.906449993723,6886.85933368588
1789925264,50,GET,GET /api/v1/reservas,20.000000,0.000000,7,8,8,8,10,11,12,14,32,32,32,1444,0,7,7.835289122589746,3.973932994995266,110.56835600174963,8965.0
1789925264,50,GET,GET /api/v1/reservas/{id},5.900000,0.000000,5,6,6,6,8,9,11,12,12,12,12,423,0,5,5.482742234181897,3.1435650016646832,46.022774011362344,442.0
1789925264,50,POST,POST /api/v1/auth/login,0.000000,0.000000,0,0,0,0,0,0,0,0,0,0,0,50,0,1500.0,1477.9047070807428,445.2963610092411,2304.906449993723,1622.0
1789925264,50,,Aggregated,25.900000,0.000000,7,7,8,8,9,11,12,13,32,32,32,1917,0,6,45.65915118002904,3.1435650016646832,2304.906449993723,6892.814814814815
1789925265,50,GET,GET /api/v1/reservas,20.000000,0.000000,7,8,8,8,10,11,12,14,32,32,32,1457,0,7,7.834425897739557,3.973932994995266,110.56835600174963,8965.0
1789925265,50,GET,GET /api/v1/reservas/{id},5.700000,0.000000,6,6,6,6,8,9,11,12,12,12,12,434,0,5,5.488164981635081,3.1435650016646832,46.022774011362344,442.0
1789925265,50,POST,POST /api/v1/auth/login,0.000000,0.000000,0,0,0,0,0,0,0,0,0,0,0,50,0,1500.0,1477.9047070807428,445.2963610092411,2304.906449993723,1622.0
1789925265,50,,Aggregated,25.700000,0.000000,7,7,8,8,9,11,12,13,32,32,32,1941,0,6,45.178700406529266,3.1435650016646832,2304.906449993723,6870.135497166409
1789925266,50,GET,GET /api/v1/reservas,20.200000,0.000000,7,8,8,8,10,11,12,13,14,14,14,1474,0,7,7.824413706900759,3.973932994995266,110.56835600174963,8965.0
1789925266,50,GET,GET /api/v1/reservas/{id},5.500000,0.000000,5,6,6,6,8,9,11,12,12,12,12,442,0,5,5.481658187814424,3.1435650016646832,46.022774011362344,442.0
1789925266,50,POST,POST /api/v1/auth/login,0.000000,0.000000,0,0,0,0,0,0,0,0,0,0,0,50,0,1500.0,1477.9047070807428,445.2963610092411,2304.906449993723,1622.0
1789925266,50,,Aggregated,25.700000,0.000000,7,7,8,8,9,11,12,12,14,14,14,1966,0,6,44.685307261964816,3.1435650016646832,2304.906449993723,6862.092573753815
1789925267,50,GET,GET /api/v1/reservas,19.200000,0.000000,7,8,8,8,10,10,12,13,14,14,14,1492,0,7,7.8127018350739705,3.973932994995266,110.56835600174963,8965.0
1789925267,50,GET,GET /api/v1/reservas/{id},5.600000,0.000000,6,6,6,6,8,11,12,15,15,15,15,446,0,5,5.50220341036919,3.1435650016646832,46.022774011362344,442.0
1789925267,50,POST,POST /api/v1/auth/login,0.000000,0.000000,0,0,0,0,0,0,0,0,0,0,0,50,0,1500.0,1477.9047070807428,445.2963610092411,2304.906449993723,1622.0
1789925267,50,,Aggregated,24.800000,0.000000,7,7,8,8,10,11,12,13,15,15,15,1988,0,6,44.26849557997594,3.1435650016646832,2304.906449993723,6868.215291750503
1789925268,50,GET,GET /api/v1/reservas,18.700000,0.000000,7,8,8,8,10,11,12,13,14,14,14,1510,0,7,7.804220182763718,3.973932994995266,110.56835600174963,8965.0
1789925268,50,GET,GET /api/v1/reservas/{id},6.000000,0.000000,6,6,6,6,8,11,12,15,15,15,15,451,0,5,5.507284822645845,3.1435650016646832,46.022774011362344,442.0
1789925268,50,POST,POST /api/v1/auth/login,0.000000,0.000000,0,0,0,0,0,0,0,0,0,0,0,50,0,1500.0,1477.9047070807428,445.2963610092411,2304.906449993723,1622.0
1789925268,50,,Aggregated,24.700000,0.000000,7,7,8,8,9,11,12,13,15,15,15,2011,0,6,43.84057348832602,3.1435650016646832,2304.906449993723,6871.005469915465
1789925269,50,GET,GET /api/v1/reservas,19.900000,0.000000,7,8,8,8,9,10,11,12,14,14,14,1527,0,7,7.800661430892153,3.973932994995266,110.56835600174963,8965.0
1789925269,50,GET,GET /api/v1/reservas/{id},5.400000,0.000000,6,6,6,6,8,9,12,15,15,15,15,461,0,5,5.505531804824002,3.1435650016646832,46.022774011362344,442.0
1789925269,50,POST,POST /api/v1/auth/login,0.000000,0.000000,0,0,0,0,0,0,0,0,0,0,0,50,0,1500.0,1477.9047070807428,445.2963610092411,2304.906449993723,1622.0
1789925269,50,,Aggregated,25.300000,0.000000,7,7,8,8,9,10,12,12,15,15,15,2038,0,6,43.3488201771508,3.1435650016646832,2304.906449993723,6856.926889106968
1789925270,50,GET,GET /api/v1/reservas,19.300000,0.000000,7,8,8,8,9,10,11,12,14,14,14,1537,0,7,7.79972518866004,3.973932994995266,110.56835600174963,8965.0
1789925270,50,GET,GET /api/v1/reservas/{id},5.600000,0.000000,6,6,6,6,8,9,12,15,15,15,15,468,0,5,5.525510846250382,3.1435650016646832,46.022774011362344,442.0
1789925270,50,POST,POST /api/v1/auth/login,0.000000,0.000000,0,0,0,0,0,0,0,0,0,0,0,50,0,1500.0,1477.9047070807428,445.2963610092411,2304.906449993723,1622.0
1789925270,50,,Aggregated,24.900000,0.000000,7,7,8,8,9,10,12,12,15,15,15,2055,0,6,43.0507795839673,3.1435650016646832,2304.906449993723,6845.333819951338
1789925271,50,GET,GET /api/v1/reservas,18.300000,0.000000,7,8,8,8,9,10,10,11,14,14,14,1554,0,7,7.793749246441105,3.973932994995266,110.56835600174963,8965.0
1789925271,50,GET,GET /api/v1/reservas/{id},5.700000,0.000000,6,6,6,6,7,9,11,15,15,15,15,481,0,5,5.530276201783269,3.1435650016646832,46.022774011362344,442.0
1789925271,50,POST,POST /api/v1/auth/login,0.000000,0.000000,0,0,0,0,0,0,0,0,0,0,0,50,0,1500.0,1477.9047070807428,445.2963610092411,2304.906449993723,1622.0
1789925271,50,,Aggregated,24.000000,0.000000,7,7,8,8,9,9,10,11,15,15,15,2085,0,6,42.52603574871193,3.1435650016646832,2304.906449993723,6822.6916067146285
1789925272,50,GET,GET /api/v1/reservas,18.200000,0.000000,7,8,8,8,9,10,11,12,14,14,14,1574,0,7,7.799460805562476,3.973932994995266,110.56835600174963,8965.0
1789925272,50,GET,GET /api/v1/reservas/{id},6.700000,0.000000,6,6,6,6,7,9,11,15,15,15,15,485,0,5,5.5305506268962645,3.1435650016646832,46.022774011362344,442.0
1789925272,50,POST,POST /api/v1/auth/login,0.000000,0.000000,0,0,0,0,0,0,0,0,0,0,0,50,0,1500.0,1477.9047070807428,445.2963610092411,2304.906449993723,1622.0
1789925272,50,,Aggregated,24.900000,0.000000,7,7,8,8,9,10,11,12,15,15,15,2109,0,6,42.13082205596831,3.1435650016646832,2304.906449993723,6830.905642484589
1789925273,50,GET,GET /api/v1/reservas,17.400000,0.000000,7,8,8,8,9,10,12,12,14,14,14,1588,0,7,7.797116400452665,3.973932994995266,110.56835600174963,8965.0
1789925273,50,GET,GET /api/v1/reservas/{id},7.300000,0.000000,6,6,6,6,7,9,14,15,15,15,15,492,0,5,5.5474325956488535,3.1435650016646832,46.022774011362344,442.0
1789925273,50,POST,POST /api/v1/auth/login,0.000000,0.000000,0,0,0,0,0,0,0,0,0,0,0,50,0,1500.0,1477.9047070807428,445.2963610092411,2304.906449993723,1622.0
1789925273,50,,Aggregated,24.700000,0.000000,7,7,8,8,9,10,12,14,15,15,15,2130,0,6,41.787038983575215,3.1435650016646832,2304.906449993723,6823.936150234742
1789925274,50,GET,GET /api/v1/reservas,16.900000,0.000000,7,8,8,8,10,12,12,14,25,25,25,1609,0,7,7.823447290188769,3.973932994995266,110.56835600174963,8965.0
1789925274,50,GET,GET /api/v1/reservas/{id},7.000000,0.000000,6,6,6,6,7,9,14,15,15,15,15,499,0,5,5.562968903953976,3.1435650016646832,46.022774011362344,442.0
1789925274,50,POST,POST /api/v1/auth/login,0.000000,0.000000,0,0,0,0,0,0,0,0,0,0,0,50,0,1500.0,1477.9047070807428,445.2963610092411,2304.906449993723,1622.0
1789925274,50,,Aggregated,23.900000,0.000000,7,8,8,8,9,11,14,14,25,25,25,2158,0,6,41.361947880919324,3.1435650016646832,2304.906449993723,6824.069972196478
1789925275,50,GET,GET /api/v1/reservas,16.600000,0.000000,7,8,8,9,10,11,12,14,25,25,25,1629,0,7,7.82509857700495,3.973932994995266,110.56835600174963,8965.0
1789925275,50,GET,GET /api/v1/reservas/{id},7.000000,0.000000,6,6,6,7,7,9,14,15,15,15,15,504,0,5,5.5618453374163,3.1435650016646832,46.022774011362344,442.0
1789925275,50,POST,POST /api/v1/auth/login,0.000000,0.000000,0,0,0,0,0,0,0,0,0,0,0,50,0,1500.0,1477.9047070807428,445.2963610092411,2304.906449993723,1622.0
1789925275,50,,Aggregated,23.600000,0.000000,7,8,8,8,9,11,14,14,25,25,25,2183,0,6,40.973655971615216,3.1435650016646832,2304.906449993723,6829.066880439762
1789925276,50,GET,GET /api/v1/reservas,16.500000,0.000000,8,8,8,9,10,11,12,14,25,25,25,1652,0,7,7.819930447291086,3.973932994995266,110.56835600174963,8965.0
1789925276,50,GET,GET /api/v1/reservas/{id},7.600000,0.000000,6,6,6,7,7,9,14,15,15,15,15,510,0,5,5.562587774600651,3.1435650016646832,46.022774011362344,442.0
1789925276,50,POST,POST /api/v1/auth/login,0.000000,0.000000,0,0,0,0,0,0,0,0,0,0,0,50,0,1500.0,1477.9047070807428,445.2963610092411,2304.906449993723,1622.0
1789925276,50,,Aggregated,24.100000,0.000000,7,8,8,8,9,11,14,14,25,25,25,2212,0,6,40.52924060488623,3.1435650016646832,2304.906449993723,6833.951175406872
1789925277,50,GET,GET /api/v1/reservas,17.200000,0.000000,8,8,8,9,10,11,12,14,25,25,25,1672,0,7,7.822611071705151,3.973932994995266,110.56835600174963,8965.0
1789925277,50,GET,GET /api/v1/reservas/{id},7.400000,0.000000,6,6,6,7,7,8,12,14,14,14,14,516,0,5,5.56037222678108,3.1435650016646832,46.022774011362344,442.0
1789925277,50,POST,POST /api/v1/auth/login,0.000000,0.000000,0,0,0,0,0,0,0,0,0,0,0,50,0,1500.0,1477.9047070807428,445.2963610092411,2304.906449993723,1622.0
1789925277,50,,Aggregated,24.600000,0.000000,7,8,8,8,9,11,12,14,25,25,25,2238,0,6,40.144679684963,3.1435650016646832,2304.906449993723,6835.8588025022345
1789925278,50,GET,GET /api/v1/reservas,17.900000,0.000000,8,8,8,8,10,11,12,14,25,25,25,1691,0,7,7.816167952034882,3.973932994995266,110.56835600174963,8965.0
1789925278,50,GET,GET /api/v1/reservas/{id},7.000000,0.000000,6,6,6,7,7,8,12,14,14,14,14,522,0,5,5.561229722240719,3.1435650016646832,46.022774011362344,442.0
1789925278,50,POST,POST /api/v1/auth/login,0.000000,0.000000,0,0,0,0,0,0,0,0,0,0,0,50,0,1500.0,1477.9047070807428,445.2963610092411,2304.906449993723,1622.0
1789925278,50,,Aggregated,24.900000,0.000000,7,8,8,8,9,11,12,14,25,25,25,2263,0,6,39.776993935456375,3.1435650016646832,2304.906449993723,6836.7825894829875
1789925279,50,GET,GET /api/v1/reservas,17.200000,0.000000,8,8,8,9,10,12,14,14,25,25,25,1709,0,7,7.812881592676197,3.973932994995266,110.56835600174963,8965.0
1789925279,50,GET,GET /api/v1/reservas/{id},7.100000,0.000000,6,6,6,6,7,7,12,14,14,14,14,531,0,5,5.566005764608912,3.1435650016646832,46.022774011362344,442.0
1789925279,50,POST,POST /api/v1/auth/login,0.000000,0.000000,0,0,0,0,0,0,0,0,0,0,0,50,0,1500.0,1477.9047070807428,445.2963610092411,2304.906449993723,1622.0
1789925279,50,,Aggregated,24.300000,0.000000,7,8,8,8,9,11,14,14,25,25,25,2290,0,6,39.38995592005593,3.1435650016646832,2304.906449993723,6828.378602620087
1789925280,50,GET,GET /api/v1/reservas,17.900000,0.000000,8,8,8,9,10,12,14,14,25,25,25,1729,0,7,7.8157917171120275,3.973932994995266,110.56835600174963,8965.0
1789925280,50,GET,GET /api/v1/reservas/{id},7.200000,0.000000,6,6,6,6,7,9,12,14,14,14,14,537,0,5,5.574563080064468,3.1435650016646832,46.022774011362344,442.0
1789925280,50,POST,POST /api/v1/auth/login,0.000000,0.000000,0,0,0,0,0,0,0,0,0,0,0,50,0,1500.0,1477.9047070807428,445.2963610092411,2304.906449993723,1622.0
1789925280,50,,Aggregated,25.100000,0.000000,7,8,8,8,10,12,14,14,25,25,25,2316,0,6,39.03379948485253,3.1435650016646832,2304.906449993723,6830.284542314335
1789925281,50,GET,GET /api/v1/reservas,18.400000,0.000000,8,8,8,9,10,11,14,14,25,25,25,1748,0,7,7.821178167578348,3.973932994995266,110.56835600174963,8965.0
1789925281,50,GET,GET /api/v1/reservas/{id},7.200000,0.000000,6,6,6,6,7,8,12,14,14,14,14,543,0,5,5.575812777122063,3.1435650016646832,46.022774011362344,442.0
1789925281,50,POST,POST /api/v1/auth/login,0.000000,0.000000,0,0,0,0,0,0,0,0,0,0,0,50,0,1500.0,1477.9047070807428,445.2963610092411,2304.906449993723,1622.0
1789925281,50,,Aggregated,25.600000,0.000000,7,8,8,8,9,11,14,14,25,25,25,2341,0,6,38.698983822700285,3.1435650016646832,2304.906449993723,6831.237078171722
1789925282,50,GET,GET /api/v1/reservas,18.600000,0.000000,8,8,9,9,10,12,14,15,25,25,25,1767,0,7,7.836284385363905,3.973932994995266,110.56835600174963,8965.0
1789925282,50,GET,GET /api/v1/reservas/{id},7.000000,0.000000,6,6,6,6,7,9,12,14,14,14,14,553,0,5,5.58963561299843,3.1435650016646832,46.022774011362344,442.0
1789925282,50,POST,POST /api/v1/auth/login,0.000000,0.000000,0,0,0,0,0,0,0,0,0,0,0,50,0,1500.0,1477.9047070807428,445.2963610092411,2304.906449993723,1622.0
1789925282,50,,Aggregated,25.600000,0.000000,7,8,8,9,10,12,14,14,25,25,25,2370,0,6,38.32616808310687,3.1435650016646832,2304.906449993723,6821.384388185654
1789925283,50,GET,GET /api/v1/reservas,19.400000,0.000000,8,8,8,9,10,11,13,14,15,15,15,1788,0,7,7.832567188462648,3.973932994995266,110.56835600174963,8965.0
1789925283,50,GET,GET /api/v1/reservas/{id},6.400000,0.000000,6,6,6,6,7,8,9,11,11,11,11,556,0,5,5.592939233799547,3.1435650016646832,46.022774011362344,442.0
1789925283,50,POST,POST /api/v1/auth/login,0.000000,0.000000,0,0,0,0,0,0,0,0,0,0,0,50,0,1500.0,1477.9047070807428,445.2963610092411,2304.906449993723,1622.0
1789925283,50,,Aggregated,25.800000,0.000000,7,8,8,8,9,10,12,14,15,15,15,2394,0,6,38.01568074394357,3.1435650016646832,2304.906449993723,6832.193817878028
1789925284,50,GET,GET /api/v1/reservas,19.500000,0.000000,8,8,8,9,10,12,14,15,24,24,24,1802,0,7,7.84345659542888,3.973932994995266,110.56835600174963,8965.0
1789925284,50,GET,GET /api/v1/reservas/{id},6.600000,0.000000,6,6,6,6,7,8,9,11,11,11,11,561,0,5,5.597302438485819,3.1435650016646832,46.022774011362344,442.0
1789925284,50,POST,POST /api/v1/auth/login,0.000000,0.000000,0,0,0,0,0,0,0,0,0,0,0,50,0,1500.0,1477.9047070807428,445.2963610092411,2304.906449993723,1622.0
1789925284,50,,Aggregated,26.100000,0.000000,7,8,8,8,9,11,14,14,24,24,24,2413,0,6,37.78252416369272,3.1435650016646832,2304.906449993723,6831.326978864484
1789925285,50,GET,GET /api/v1/reservas,19.900000,0.000000,8,8,8,9,10,12,14,15,24,24,24,1827,0,7,7.841968547322351,3.973932994995266,110.56835600174963,8965.0
1789925285,50,GET,GET /api/v1/reservas/{id},6.700000,0.000000,6,6,6,6,7,8,9,11,11,11,11,567,0,5,5.600742054663802,3.1435650016646832,46.022774011362344,442.0
1789925285,50,POST,POST /api/v1/auth/login,0.000000,0.000000,0,0,0,0,0,0,0,0,0,0,0,50,0,1500.0,1477.9047070807428,445.2963610092411,2304.906449993723,1622.0
1789925285,50,,Aggregated,26.600000,0.000000,7,8,8,8,9,11,14,14,24,24,24,2444,0,6,37.396944613334476,3.1435650016646832,2304.906449993723,6837.466857610475
1789925286,50,GET,GET /api/v1/reservas,19.400000,0.000000,8,8,8,9,10,12,14,15,24,24,24,1846,0,7,7.834114018400863,3.973932994995266,110.56835600174963,8965.0
1789925286,50,GET,GET /api/v1/reservas/{id},6.300000,0.000000,6,6,6,6,7,8,9,11,11,11,11,575,0,5,5.60365847997752,3.1435650016646832,46.022774011362344,442.0
1789925286,50,POST,POST /api/v1/auth/login,0.000000,0.000000,0,0,0,0,0,0,0,0,0,0,0,50,0,1500.0,1477.9047070807428,445.2963610092411,2304.906449993723,1622.0
1789925286,50,,Aggregated,25.700000,0.000000,7,8,8,8,9,11,14,14,24,24,24,2471,0,6,37.061559473084664,3.1435650016646832,2304.906449993723,6833.120194253339
1789925287,50,GET,GET /api/v1/reservas,19.500000,0.000000,8,8,8,9,10,12,14,15,24,24,24,1868,0,7,7.824267855972153,3.973932994995266,110.56835600174963,8965.0
1789925287,50,GET,GET /api/v1/reservas/{id},6.200000,0.000000,6,6,6,6,7,8,9,11,11,11,11,582,0,5,5.600782577323454,3.1435650016646832,46.022774011362344,442.0
1789925287,50,POST,POST /api/v1/auth/login,0.000000,0.000000,0,0,0,0,0,0,0,0,0,0,0,50,0,1500.0,1477.9047070807428,445.2963610092411,2304.906449993723,1622.0
1789925287,50,,Aggregated,25.700000,0.000000,7,8,8,8,9,11,14,14,24,24,24,2500,0,6,36.70824926759815,3.1435650016646832,2304.906449993723,6833.9856
1789925288,50,GET,GET /api/v1/reservas,19.800000,0.000000,8,8,8,9,10,12,14,15,24,24,24,1885,0,7,7.819453723060427,3.973932994995266,110.56835600174963,8965.0
1789925288,50,GET,GET /api/v1/reservas/{id},6.500000,0.000000,6,6,6,7,8,8,9,11,11,11,11,586,0,5,5.599130353238354,3.1435650016646832,46.022774011362344,442.0
1789925288,50,POST,POST /api/v1/auth/login,0.000000,0.000000,0,0,0,0,0,0,0,0,0,0,0,50,0,1500.0,1477.9047070807428,445.2963610092411,2304.906449993723,1622.0
1789925288,50,,Aggregated,26.300000,0.000000,7,8,8,8,9,11,13,14,24,24,24,2521,0,6,36.460133284015754,3.1435650016646832,2304.906449993723,6838.213804046013
1789925289,50,GET,GET /api/v1/reservas,19.600000,0.000000,8,8,8,9,9,12,14,15,24,24,24,1904,0,7,7.8093947431625566,3.973932994995266,110.56835600174963,8965.0
1789925289,50,GET,GET /api/v1/reservas/{id},6.300000,0.000000,6,6,6,7,8,8,9,11,11,11,11,594,0,5,5.596571151503857,3.1435650016646832,46.022774011362344,442.0
1789925289,50,POST,POST /api/v1/auth/login,0.000000,0.000000,0,0,0,0,0,0,0,0,0,0,0,50,0,1500.0,1477.9047070807428,445.2963610092411,2304.906449993723,1622.0
1789925289,50,,Aggregated,25.900000,0.000000,7,8,8,8,9,11,13,14,24,24,24,2548,0,6,36.14155659694346,3.1435650016646832,2304.906449993723,6833.990580847723
1789925290,50,GET,GET /api/v1/reservas,19.500000,0.000000,7,8,8,8,9,12,14,15,24,24,24,1923,0,7,7.801797953176395,3.973932994995266,110.56835600174963,8965.0
1789925290,50,GET,GET /api/v1/reservas/{id},6.300000,0.000000,5,6,6,7,7,8,8,11,11,11,11,600,0,5,5.590286104998086,3.1435650016646832,46.022774011362344,442.0
1789925290,50,POST,POST /api/v1/auth/login,0.000000,0.000000,0,0,0,0,0,0,0,0,0,0,0,50,0,1500.0,1477.9047070807428,445.2963610092411,2304.906449993723,1622.0
1789925290,50,,Aggregated,25.800000,0.000000,7,8,8,8,9,11,14,14,24,24,24,2573,0,6,35.853969872131444,3.1435650016646832,2304.906449993723,6834.821220365332
1789925291,50,GET,GET /api/v1/reservas,19.200000,0.000000,7,8,8,8,9,10,13,14,24,24,24,1946,0,7,7.7969227743901355,3.973932994995266,110.56835600174963,8965.0
1789925291,50,GET,GET /api/v1/reservas/{id},6.400000,0.000000,6,6,6,7,8,8,11,12,12,12,12,607,0,5,5.597246736404102,3.1435650016646832,46.022774011362344,442.0
1789925291,50,POST,POST /api/v1/auth/login,0.000000,0.000000,0,0,0,0,0,0,0,0,0,0,0,50,0,1500.0,1477.9047070807428,445.2963610092411,2304.906449993723,1622.0
1789925291,50,,Aggregated,25.600000,0.000000,7,8,8,8,9,10,13,14,24,24,24,2603,0,6,35.522695290817374,3.1435650016646832,2304.906449993723,6836.451786400307
1789925292,50,GET,GET /api/v1/reservas,19.200000,0.000000,7,8,8,8,9,10,13,14,24,24,24,1964,0,7,7.797223100804853,3.973932994995266,110.56835600174963,8965.0
1789925292,50,GET,GET /api/v1/reservas/{id},6.300000,0.000000,6,6,6,7,7,8,8,12,12,12,12,613,0,5,5.602219238185831,3.1435650016646832,46.022774011362344,442.0
1789925292,50,POST,POST /api/v1/auth/login,0.000000,0.000000,0,0,0,0,0,0,0,0,0,0,0,50,0,1500.0,1477.9047070807428,445.2963610092411,2304.906449993723,1622.0
1789925292,50,,Aggregated,25.500000,0.000000,7,7,8,8,9,10,12,14,24,24,24,2627,0,6,35.26575634450924,3.1435650016646832,2304.906449993723,6836.431671107727
1789925293,50,GET,GET /api/v1/reservas,19.300000,0.000000,7,8,8,8,9,10,11,13,14,14,14,1975,0,7,7.7912734313926935,3.973932994995266,110.56835600174963,8965.0
1789925293,50,GET,GET /api/v1/reservas/{id},6.200000,0.000000,6,6,6,7,7,8,8,12,12,12,12,619,0,5,5.605930176119528,3.1435650016646832,46.022774011362344,442.0
1789925293,50,POST,POST /api/v1/auth/login,0.000000,0.000000,0,0,0,0,0,0,0,0,0,0,0,50,0,1500.0,1477.9047070807428,445.2963610092411,2304.906449993723,1622.0
1789925293,50,,Aggregated,25.500000,0.000000,7,7,8,8,9,10,11,12,14,14,14,2644,0,6,35.08058667173059,3.1435650016646832,2304.906449993723,6830.776475037822
1789925294,50,GET,GET /api/v1/reservas,19.800000,0.000000,7,8,8,8,9,10,11,14,17,17,17,1998,0,7,7.784881278769593,3.973932994995266,110.56835600174963,8965.0
1789925294,50,GET,GET /api/v1/reservas/{id},6.100000,0.000000,5,6,6,6,7,7,8,12,12,12,12,625,0,5,5.605853243195452,3.1435650016646832,46.022774011362344,442.0
1789925294,50,POST,POST /api/v1/auth/login,0.000000,0.000000,0,0,0,0,0,0,0,0,0,0,0,50,0,1500.0,1477.9047070807428,445.2963610092411,2304.906449993723,1622.0
1789925294,50,,Aggregated,25.900000,0.000000,7,7,8,8,9,9,11,13,17,17,17,2673,0,6,34.77481721886118,3.1435650016646832,2304.906449993723,6834.799850355406
1789925295,50,GET,GET /api/v1/reservas,18.600000,0.000000,7,8,8,8,9,10,11,14,17,17,17,2020,0,7,7.782290660406493,3.973932994995266,110.56835600174963,8965.0
1789925295,50,GET,GET /api/v1/reservas/{id},6.300000,0.000000,5,6,6,6,7,7,8,12,12,12,12,627,0,5,5.606702945747137,3.1435650016646832,46.022774011362344,442.0
1789925295,50,POST,POST /api/v1/auth/login,0.000000,0.000000,0,0,0,0,0,0,0,0,0,0,0,50,0,1500.0,1477.9047070807428,445.2963610092411,2304.906449993723,1622.0
1789925295,50,,Aggregated,24.900000,0.000000,7,7,8,8,9,10,11,13,17,17,17,2697,0,6,34.531281140171195,3.1435650016646832,2304.906449993723,6847.435669262143
1789925296,50,GET,GET /api/v1/reservas,19.400000,0.000000,7,7,8,8,9,10,11,14,17,17,17,2036,0,7,7.774462239210236,3.973932994995266,110.56835600174963,8965.0
1789925296,50,GET,GET /api/v1/reservas/{id},6.400000,0.000000,5,6,6,6,7,7,8,12,12,12,12,634,0,5,5.6022481560827915,3.1435650016646832,46.022774011362344,442.0
1789925296,50,POST,POST /api/v1/auth/login,0.000000,0.000000,0,0,0,0,0,0,0,0,0,0,0,50,0,1500.0,1477.9047070807428,445.2963610092411,2304.906449993723,1622.0
1789925296,50,,Aggregated,25.800000,0.000000,7,7,8,8,9,10,11,13,17,17,17,2720,0,6,34.29259772206826,3.1435650016646832,2304.906449993723,6843.407352941176
1789925297,50,GET,GET /api/v1/reservas,19.400000,0.000000,7,7,8,8,9,10,11,14,17,17,17,2055,0,7,7.766120825785692,3.973932994995266,110.56835600174963,8965.0
1789925297,50,GET,GET /api/v1/reservas/{id},6.200000,0.000000,5,6,6,6,7,7,8,12,12,12,12,641,0,5,5.596639605229226,3.1435650016646832,46.022774011362344,442.0
1789925297,50,POST,POST /api/v1/auth/login,0.000000,0.000000,0,0,0,0,0,0,0,0,0,0,0,50,0,1500.0,1477.9047070807428,445.2963610092411,2304.906449993723,1622.0
1789925297,50,,Aggregated,25.600000,0.000000,7,7,7,8,9,10,11,13,17,17,17,2746,0,6,34.02842667078612,3.1435650016646832,2304.906449993723,6841.768754552076
1789925298,50,GET,GET /api/v1/reservas,18.700000,0.000000,7,7,8,8,9,10,11,14,17,17,17,2072,0,7,7.755989716694774,3.973932994995266,110.56835600174963,8965.0
1789925298,50,GET,GET /api/v1/reservas/{id},5.800000,0.000000,5,6,6,6,7,8,8,12,12,12,12,645,0,5,5.602768387545312,3.1435650016646832,46.022774011362344,442.0
1789925298,50,POST,POST /api/v1/auth/login,0.000000,0.000000,0,0,0,0,0,0,0,0,0,0,0,50,0,1500.0,1477.9047070807428,445.2963610092411,2304.906449993723,1622.0
1789925298,50,,Aggregated,24.500000,0.000000,7,7,8,8,9,10,11,13,17,17,17,2767,0,6,33.81981628369911,3.1435650016646832,2304.906449993723,6845.561980484279
1789925299,50,GET,GET /api/v1/reservas,19.000000,0.000000,7,7,8,8,9,10,11,14,17,17,17,2094,0,7,7.745879274128224,3.973932994995266,110.56835600174963,8965.0
1789925299,50,GET,GET /api/v1/reservas/{id},5.900000,0.000000,5,6,6,6,7,8,8,12,12,12,12,650,0,5,5.597802118393772,3.1435650016646832,46.022774011362344,442.0
1789925299,50,POST,POST /api/v1/auth/login,0.000000,0.000000,0,0,0,0,0,0,0,0,0,0,0,50,0,1500.0,1477.9047070807428,445.2963610092411,2304.906449993723,1622.0
1789925299,50,,Aggregated,24.900000,0.000000,7,7,8,8,9,10,11,13,17,17,17,2794,0,6,33.5553607483957,3.1435650016646832,2304.906449993723,6850.79098067287
1789925300,50,GET,GET /api/v1/reservas,18.600000,0.000000,7,7,8,8,9,10,10,13,17,17,17,2114,0,7,7.740889394982051,3.973932994995266,110.56835600174963,8965.0
1789925300,50,GET,GET /api/v1/reservas/{id},5.900000,0.000000,5,6,6,6,7,8,8,12,12,12,12,654,0,5,5.5937357537469055,3.1435650016646832,46.022774011362344,442.0
1789925300,50,POST,POST /api/v1/auth/login,0.000000,0.000000,0,0,0,0,0,0,0,0,0,0,0,50,0,1500.0,1477.9047070807428,445.2963610092411,2304.906449993723,1622.0
1789925300,50,,Aggregated,24.500000,0.000000,7,7,7,8,9,10,10,12,17,17,17,2818,0,6,33.32781359757973,3.1435650016646832,2304.906449993723,6856.69907735983
1789925301,50,GET,GET /api/v1/reservas,18.900000,0.000000,7,7,8,8,9,10,10,13,17,17,17,2135,0,7,7.734708973312635,3.973932994995266,110.56835600174963,8965.0
1789925301,50,GET,GET /api/v1/reservas/{id},5.800000,0.000000,5,6,6,6,7,8,8,8,8,8,8,659,0,5,5.5945678391053635,3.1435650016646832,46.022774011362344,442.0
1789925301,50,POST,POST /api/v1/auth/login,0.000000,0.000000,0,0,0,0,0,0,0,0,0,0,0,50,0,1500.0,1477.9047070807428,445.2963610092411,2304.906449993723,1622.0
1789925301,50,,Aggregated,24.700000,0.000000,7,7,7,8,8,9,10,13,17,17,17,2844,0,6,33.08567483053096,3.1435650016646832,2304.906449993723,6860.989099859353
1789925302,50,GET,GET /api/v1/reservas,19.000000,0.000000,7,7,8,8,9,9,10,13,17,17,17,2149,0,7,7.7253427115037585,3.973932994995266,110.56835600174963,8965.0
1789925302,50,GET,GET /api/v1/reservas/{id},5.500000,0.000000,5,6,6,6,7,8,8,8,8,8,8,665,0,5,5.5912559638867725,3.1435650016646832,46.022774011362344,442.0
1789925302,50,POST,POST /api/v1/auth/login,0.000000,0.000000,0,0,0,0,0,0,0,0,0,0,0,50,0,1500.0,1477.9047070807428,445.2963610092411,2304.906449993723,1622.0
1789925302,50,,Aggregated,24.500000,0.000000,6,7,7,8,8,9,10,13,17,17,17,2864,0,6,32.89636245008499,3.1435650016646832,2304.906449993723,6857.826466480447
1789925303,50,GET,GET /api/v1/reservas,18.500000,0.000000,7,7,8,8,9,9,10,13,13,13,13,2170,0,7,7.710481039147818,3.973932994995266,110.56835600174963,8965.0
1789925303,50,GET,GET /api/v1/reservas/{id},5.300000,0.000000,5,5,6,6,6,8,8,9,9,9,9,675,0,5,5.579558451836756,3.1435650016646832,46.022774011362344,442.0
1789925303,50,POST,POST /api/v1/auth/login,0.000000,0.000000,0,0,0,0,0,0,0,0,0,0,0,50,0,1500.0,1477.9047070807428,445.2963610092411,2304.906449993723,1622.0
1789925303,50,,Aggregated,23.800000,0.000000,6,7,7,8,8,9,10,10,13,13,13,2895,0,6,32.605589348524255,3.1435650016646832,2304.906449993723,6850.949913644215
1789925304,50,GET,GET /api/v1/reservas,18.600000,0.000000,7,7,8,8,8,9,10,13,13,13,13,2184,0,7,7.697898151541217,3.973932994995266,110.56835600174963,8965.0
1789925304,50,GET,GET /api/v1/reservas/{id},5.400000,0.000000,5,5,6,6,6,8,8,9,9,9,9,682,0,5,5.57072951168295,3.1435650016646832,46.022774011362344,442.0
1789925304,50,POST,POST /api/v1/auth/login,0.000000,0.000000,0,0,0,0,0,0,0,0,0,0,0,50,0,1500.0,1477.9047070807428,445.2963610092411,2304.906449993723,1622.0
1789925304,50,,Aggregated,24.000000,0.000000,6,7,7,8,8,9,10,10,13,13,13,2916,0,6,32.409699054859715,3.1435650016646832,2304.906449993723,6845.714677640603
1789925305,50,GET,GET /api/v1/reservas,19.200000,0.000000,6,7,7,8,8,9,10,10,13,13,13,2203,0,7,7.687539067606582,3.973932994995266,110.56835600174963,8965.0
1789925305,50,GET,GET /api/v1/reservas/{id},5.500000,0.000000,5,5,6,6,7,8,8,9,9,9,9,690,0,5,5.569297618796185,3.1435650016646832,46.022774011362344,442.0
1789925305,50,POST,POST /api/v1/auth/login,0.000000,0.000000,0,0,0,0,0,0,0,0,0,0,0,50,0,1500.0,1477.9047070807428,445.2963610092411,2304.906449993723,1622.0
1789925305,50,,Aggregated,24.700000,0.000000,6,7,7,7,8,9,10,10,13,13,13,2943,0,6,32.169112904160315,3.1435650016646832,2304.906449993723,6841.989466530751
1789925306,50,GET,GET /api/v1/reservas,18.600000,0.000000,6,7,7,8,8,9,11,13,19,19,19,2228,0,7,7.68216258255238,3.973932994995266,110.56835600174963,8965.0
1789925306,50,GET,GET /api/v1/reservas/{id},5.500000,0.000000,5,5,6,6,7,8,9,9,9,9,9,697,0,5,5.5705883916308085,3.1435650016646832,46.022774011362344,442.0
1789925306,50,POST,POST /api/v1/auth/login,0.000000,0.000000,0,0,0,0,0,0,0,0,0,0,0,50,0,1500.0,1477.9047070807428,445.2963610092411,2304.906449993723,1622.0
1789925306,50,,Aggregated,24.100000,0.000000,6,7,7,7,8,9,10,11,19,19,19,2975,0,6,31.897073511573282,3.1435650016646832,2304.906449993723,6844.771092436975
1789925307,50,GET,GET /api/v1/reservas,18.300000,0.000000,6,7,7,8,8,9,11,13,19,19,19,2240,0,7,7.672515451304207,3.973932994995266,110.56835600174963,8965.0
1789925307,50,GET,GET /api/v1/reservas/{id},6.200000,0.000000,5,5,5,6,7,8,9,9,9,9,9,703,0,5,5.5635966528899266,3.1435650016646832,46.022774011362344,442.0
1789925307,50,POST,POST /api/v1/auth/login,0.000000,0.000000,0,0,0,0,0,0,0,0,0,0,0,50,0,1500.0,1477.9047070807428,445.2963610092411,2304.906449993723,1622.0
1789925307,50,,Aggregated,24.500000,0.000000,6,7,7,7,8,9,10,11,19,19,19,2993,0,6,31.738348951533638,3.1435650016646832,2304.906449993723,6840.436351486803
1789925308,50,GET,GET /api/v1/reservas,18.800000,0.000000,6,7,7,7,8,9,11,13,19,19,19,2256,0,7,7.660915660864625,3.973932994995266,110.56835600174963,8965.0
1789925308,50,GET,GET /api/v1/reservas/{id},6.300000,0.000000,5,5,5,6,7,8,9,9,9,9,9,707,0,5,5.551934554425195,3.1435650016646832,46.022774011362344,442.0
1789925308,50,POST,POST /api/v1/auth/login,0.000000,0.000000,0,0,0,0,0,0,0,0,0,0,0,50,0,1500.0,1477.9047070807428,445.2963610092411,2304.906449993723,1622.0
1789925308,50,,Aggregated,25.100000,0.000000,6,7,7,7,8,9,10,11,19,19,19,3013,0,6,31.564380622278907,3.1435650016646832,2304.906449993723,6843.224029206771
1789925309,50,GET,GET /api/v1/reservas,18.700000,0.000000,6,7,7,7,8,9,11,13,19,19,19,2279,0,7,7.643677426032463,3.973932994995266,110.56835600174963,8965.0
1789925309,50,GET,GET /api/v1/reservas/{id},6.400000,0.000000,5,5,5,6,7,8,9,9,9,9,9,713,0,5,5.544903914452802,3.1435650016646832,46.022774011362344,442.0
1789925309,50,POST,POST /api/v1/auth/login,0.000000,0.000000,0,0,0,0,0,0,0,0,0,0,0,50,0,1500.0,1477.9047070807428,445.2963610092411,2304.906449993723,1622.0
1789925309,50,,Aggregated,25.100000,0.000000,6,6,7,7,8,9,10,11,19,19,19,3042,0,6,31.31778195232412,3.1435650016646832,2304.906449993723,6846.640696909928
1789925310,50,GET,GET /api/v1/reservas,18.600000,0.000000,6,7,7,7,8,9,10,11,19,19,19,2298,0,7,7.639819340274492,3.973932994995266,110.56835600174963,8965.0
1789925310,50,GET,GET /api/v1/reservas/{id},6.400000,0.000000,5,5,5,6,7,8,9,9,9,9,9,715,0,5,5.542795374843787,3.1435650016646832,46.022774011362344,442.0
1789925310,50,POST,POST /api/v1/auth/login,0.000000,0.000000,0,0,0,0,0,0,0,0,0,0,0,50,0,1500.0,1477.9047070807428,445.2963610092411,2304.906449993723,1622.0
1789925310,50,,Aggregated,25.000000,0.000000,6,6,7,7,8,9,10,11,19,19,19,3063,0,6,31.150714623245587,3.1435650016646832,2304.906449993723,6855.599085863532
1789925311,50,GET,GET /api/v1/reservas,18.400000,0.000000,6,7,7,8,9,9,11,15,19,19,19,2319,0,7,7.639242779187326,3.973932994995266,110.56835600174963,8965.0
1789925311,50,GET,GET /api/v1/reservas/{id},6.200000,0.000000,5,5,5,6,7,9,9,9,9,9,9,722,0,5,5.544322728514129,3.1435650016646832,46.022774011362344,442.0
1789925311,50,POST,POST /api/v1/auth/login,0.000000,0.000000,0,0,0,0,0,0,0,0,0,0,0,50,0,1500.0,1477.9047070807428,445.2963610092411,2304.906449993723,1622.0
1789925311,50,,Aggregated,24.600000,0.000000,6,7,7,7,8,9,10,11,19,19,19,3091,0,6,30.932915033633048,3.1435650016646832,2304.906449993723,6855.405693950178
1789925312,50,GET,GET /api/v1/reservas,18.900000,0.000000,6,7,7,8,9,9,11,15,19,19,19,2339,0,7,7.635456067513682,3.973932994995266,110.56835600174963,8965.0
1789925312,50,GET,GET /api/v1/reservas/{id},6.200000,0.000000,5,5,5,6,7,8,9,9,9,9,9,732,0,5,5.546717202119768,3.1435650016646832,46.022774011362344,442.0
1789925312,50,POST,POST /api/v1/auth/login,0.000000,0.000000,0,0,0,0,0,0,0,0,0,0,0,50,0,1500.0,1477.9047070807428,445.2963610092411,2304.906449993723,1622.0
1789925312,50,,Aggregated,25.100000,0.000000,6,7,7,7,8,9,10,11,19,19,19,3121,0,6,30.70002053441311,3.1435650016646832,2304.906449993723,6848.375200256328
1789925313,50,GET,GET /api/v1/reservas,18.900000,0.000000,7,7,8,8,9,10,11,19,20,20,20,2352,0,7,7.642612567145321,3.973932994995266,110.56835600174963,8965.0
1789925313,50,GET,GET /api/v1/reservas/{id},6.300000,0.000000,5,5,6,7,7,9,9,9,9,9,9,738,0,5,5.551380159837026,3.1435650016646832,46.022774011362344,442.0
1789925313,50,POST,POST /api/v1/auth/login,0.000000,0.000000,0,0,0,0,0,0,0,0,0,0,0,50,0,1500.0,1477.9047070807428,445.2963610092411,2304.906449993723,1622.0
1789925313,50,,Aggregated,25.200000,0.000000,6,7,7,8,9,9,11,15,20,20,20,3140,0,6,30.56292314328747,3.1435650016646832,2304.906449993723,6844.896815286625
1789925314,50,GET,GET /api/v1/reservas,18.600000,0.000000,7,7,8,8,9,10,15,19,20,20,20,2372,0,7,7.640148185042719,3.973932994995266,110.56835600174963,8965.0
1789925314,50,GET,GET /api/v1/reservas/{id},6.200000,0.000000,5,5,6,6,7,9,9,9,9,9,9,745,0,5,5.549018739546093,3.1435650016646832,46.022774011362344,442.0
1789925314,50,POST,POST /api/v1/auth/login,0.000000,0.000000,0,0,0,0,0,0,0,0,0,0,0,50,0,1500.0,1477.9047070807428,445.2963610092411,2304.906449993723,1622.0
1789925314,50,,Aggregated,24.800000,0.000000,6,7,7,8,9,9,11,15,20,20,20,3167,0,6,30.360494414247018,3.1435650016646832,2304.906449993723,6844.133249131671
1789925315,50,GET,GET /api/v1/reservas,18.600000,0.000000,7,7,8,8,9,10,12,15,20,20,20,2389,0,7,7.644596030524756,3.973932994995266,110.56835600174963,8965.0
1789925315,50,GET,GET /api/v1/reservas/{id},6.200000,0.000000,5,5,6,6,7,9,9,9,9,9,9,752,0,5,5.55354822866301,3.1435650016646832,46.022774011362344,442.0
1789925315,50,POST,POST /api/v1/auth/login,0.000000,0.000000,0,0,0,0,0,0,0,0,0,0,0,50,0,1500.0,1477.9047070807428,445.2963610092411,2304.906449993723,1622.0
1789925315,50,,Aggregated,24.800000,0.000000,6,7,7,8,9,10,11,15,20,20,20,3191,0,6,30.18942135346768,3.1435650016646832,2304.906449993723,6841.387966154811
1789925316,50,GET,GET /api/v1/reservas,18.300000,0.000000,7,7,8,8,9,11,14,15,20,20,20,2411,0,7,7.640402285745835,3.973932994995266,110.56835600174963,8965.0
1789925316,50,GET,GET /api/v1/reservas/{id},6.400000,0.000000,5,6,6,6,7,9,9,9,9,9,9,758,0,5,5.553465459023824,3.1435650016646832,46.022774011362344,442.0
1789925316,50,POST,POST /api/v1/auth/login,0.000000,0.000000,0,0,0,0,0,0,0,0,0,0,0,50,0,1500.0,1477.9047070807428,445.2963610092411,2304.906449993723,1622.0
1789925316,50,,Aggregated,24.700000,0.000000,7,7,8,8,9,10,12,15,20,20,20,3219,0,6,29.986260355051385,3.1435650016646832,2304.906449993723,6843.973594283939
1789925317,50,GET,GET /api/v1/reservas,18.600000,0.000000,7,7,8,8,9,11,14,15,20,20,20,2426,0,7,7.634955722136981,3.973932994995266,110.56835600174963,8965.0
1789925317,50,GET,GET /api/v1/reservas/{id},6.000000,0.000000,5,6,6,6,7,9,9,9,9,9,9,763,0,5,5.556819703708999,3.1435650016646832,46.022774011362344,442.0
1789925317,50,POST,POST /api/v1/auth/login,0.000000,0.000000,0,0,0,0,0,0,0,0,0,0,0,50,0,1500.0,1477.9047070807428,445.2963610092411,2304.906449993723,1622.0
1789925317,50,,Aggregated,24.600000,0.000000,7,7,8,8,9,10,12,15,20,20,20,3239,0,6,29.841769487456443,3.1435650016646832,2304.906449993723,6843.913553565915
1789925318,50,GET,GET /api/v1/reservas,18.500000,0.000000,7,7,8,8,9,11,14,15,20,20,20,2446,0,7,7.62676224036122,3.973932994995266,110.56835600174963,8965.0
1789925318,50,GET,GET /api/v1/reservas/{id},6.000000,0.000000,5,6,6,6,7,9,9,9,9,9,9,769,0,5,5.551655929678989,3.1435650016646832,46.022774011362344,442.0
1789925318,50,POST,POST /api/v1/auth/login,0.000000,0.000000,0,0,0,0,0,0,0,0,0,0,0,50,0,1500.0,1477.9047070807428,445.2963610092411,2304.906449993723,1622.0
1789925318,50,,Aggregated,24.500000,0.000000,7,7,8,8,9,10,12,15,20,20,20,3265,0,6,29.653757795982795,3.1435650016646832,2304.906449993723,6845.141807044411
1789925319,50,GET,GET /api/v1/reservas,18.500000,0.000000,7,8,8,8,9,11,14,15,20,20,20,2472,0,7,7.619158056593168,3.973932994995266,110.56835600174963,8965.0
1789925319,50,GET,GET /api/v1/reservas/{id},6.100000,0.000000,5,6,6,6,7,9,9,9,9,9,9,773,0,5,5.553795165471332,3.1435650016646832,46.022774011362344,442.0
1789925319,50,POST,POST /api/v1/auth/login,0.000000,0.000000,0,0,0,0,0,0,0,0,0,0,0,50,0,1500.0,1477.9047070807428,445.2963610092411,2304.906449993723,1622.0
1789925319,50,,Aggregated,24.600000,0.000000,7,7,8,8,9,10,12,15,20,20,20,3295,0,6,29.445486413609952,3.1435650016646832,2304.906449993723,6854.095902883157
1789925320,50,GET,GET /api/v1/reservas,18.800000,0.000000,7,8,8,8,10,11,14,15,20,20,20,2489,0,7,7.6127481032159166,3.973932994995266,110.56835600174963,8965.0
1789925320,50,GET,GET /api/v1/reservas/{id},6.200000,0.000000,5,6,6,6,7,9,9,9,9,9,9,776,0,5,5.553930793671638,3.1435650016646832,46.022774011362344,442.0
1789925320,50,POST,POST /api/v1/auth/login,0.000000,0.000000,0,0,0,0,0,0,0,0,0,0,0,50,0,1500.0,1477.9047070807428,445.2963610092411,2304.906449993723,1622.0
1789925320,50,,Aggregated,25.000000,0.000000,7,7,8,8,9,10,12,15,20,20,20,3315,0,6,29.307154050929334,3.1435650016646832,2304.906449993723,6859.118250377074
1789925321,50,GET,GET /api/v1/reservas,18.900000,0.000000,7,7,8,8,9,11,12,15,20,20,20,2507,0,7,7.608267496963892,3.973932994995266,110.56835600174963,8965.0
1789925321,50,GET,GET /api/v1/reservas/{id},6.200000,0.000000,5,6,6,6,7,9,9,9,9,9,9,784,0,5,5.548864922089631,3.1435650016646832,46.022774011362344,442.0
1789925321,50,POST,POST /api/v1/auth/login,0.000000,0.000000,0,0,0,0,0,0,0,0,0,0,0,50,0,1500.0,1477.9047070807428,445.2963610092411,2304.906449993723,1622.0
1789925321,50,,Aggregated,25.100000,0.000000,7,7,8,8,9,10,12,14,20,20,20,3341,0,6,29.128845276217866,3.1435650016646832,2304.906449993723,6855.098174199342
1789925322,50,GET,GET /api/v1/reservas,18.800000,0.000000,7,7,8,8,9,10,12,14,15,15,15,2521,0,7,7.604327323228285,3.973932994995266,110.56835600174963,8965.0
1789925322,50,GET,GET /api/v1/reservas/{id},6.100000,0.000000,5,6,6,6,7,9,9,9,9,9,9,791,0,5,5.547204930398569,3.1435650016646832,46.022774011362344,442.0
1789925322,50,POST,POST /api/v1/auth/login,0.000000,0.000000,0,0,0,0,0,0,0,0,0,0,0,50,0,1500.0,1477.9047070807428,445.2963610092411,2304.906449993723,1622.0
1789925322,50,,Aggregated,24.900000,0.000000,7,7,8,8,9,10,11,12,15,15,15,3362,0,6,28.986788707864637,3.1435650016646832,2304.906449993723,6850.531528851874
1789925323,50,GET,GET /api/v1/reservas,18.800000,0.000000,7,7,8,8,9,11,12,13,14,14,14,2538,0,7,7.607188914431021,3.973932994995266,110.56835600174963,8965.0
1789925323,50,GET,GET /api/v1/reservas/{id},6.300000,0.000000,5,6,6,6,7,9,9,9,9,9,9,798,0,5,5.547986037524874,3.1435650016646832,46.022774011362344,442.0
1789925323,50,POST,POST /api/v1/auth/login,0.000000,0.000000,0,0,0,0,0,0,0,0,0,0,0,50,0,1500.0,1477.9047070807428,445.2963610092411,2304.906449993723,1622.0
1789925323,50,,Aggregated,25.100000,0.000000,7,7,8,8,9,10,11,12,14,14,14,3386,0,6,28.833305870291767,3.1435650016646832,2304.906449993723,6847.898995865327
1789925324,50,GET,GET /api/v1/reservas,18.400000,0.000000,7,7,8,8,9,11,12,13,14,14,14,2559,0,7,7.599828140587901,3.973932994995266,110.56835600174963,8965.0
1789925324,50,GET,GET /api/v1/reservas/{id},6.200000,0.000000,5,6,6,6,7,9,9,9,9,9,9,806,0,5,5.54083251977058,3.1435650016646832,46.022774011362344,442.0
1789925324,50,POST,POST /api/v1/auth/login,0.000000,0.000000,0,0,0,0,0,0,0,0,0,0,0,50,0,1500.0,1477.9047070807428,445.2963610092411,2304.906449993723,1622.0
1789925324,50,,Aggregated,24.600000,0.000000,6,7,8,8,9,10,11,12,14,14,14,3415,0,6,28.641026816028308,3.1435650016646832,2304.906449993723,6845.911273792094
1789925325,50,GET,GET /api/v1/reservas,18.500000,0.000000,7,7,8,8,9,10,11,13,14,14,14,2585,0,7,7.5937020594812115,3.973932994995266,110.56835600174963,8965.0
1789925325,50,GET,GET /api/v1/reservas/{id},6.000000,0.000000,5,6,6,6,7,8,9,9,9,9,9,809,0,5,5.539189045651607,3.1435650016646832,46.022774011362344,442.0
1789925325,50,POST,POST /api/v1/auth/login,0.000000,0.000000,0,0,0,0,0,0,0,0,0,0,0,50,0,1500.0,1477.9047070807428,445.2963610092411,2304.906449993723,1622.0
1789925325,50,,Aggregated,24.500000,0.000000,6,7,7,8,8,9,11,12,14,14,14,3444,0,6,28.457072913974514,3.1435650016646832,2304.906449993723,6856.330720092915
1789925326,50,GET,GET /api/v1/reservas,18.900000,0.000000,7,7,8,8,9,10,11,12,13,13,13,2603,0,7,7.591783197754901,3.973932994995266,110.56835600174963,8965.0
1789925326,50,GET,GET /api/v1/reservas/{id},5.900000,0.000000,5,5,6,6,6,8,9,9,9,9,9,812,0,5,5.535050268375872,3.1435650016646832,46.022774011362344,442.0
1789925326,50,POST,POST /api/v1/auth/login,0.000000,0.000000,0,0,0,0,0,0,0,0,0,0,0,50,0,1500.0,1477.9047070807428,445.2963610092411,2304.906449993723,1622.0
1789925326,50,,Aggregated,24.800000,0.000000,7,7,8,8,8,9,11,11,13,13,13,3465,0,6,28.32643804782521,3.1435650016646832,2304.906449993723,6861.731313131313
1789925327,50,GET,GET /api/v1/reservas,18.900000,0.000000,7,7,8,8,9,10,11,13,17,17,17,2623,0,7,7.591742023935403,3.973932994995266,110.56835600174963,8965.0
1789925327,50,GET,GET /api/v1/reservas/{id},5.900000,0.000000,5,5,6,6,7,8,9,9,9,9,9,814,0,5,5.537754168212802,3.1435650016646832,46.022774011362344,442.0
1789925327,50,POST,POST /api/v1/auth/login,0.000000,0.000000,0,0,0,0,0,0,0,0,0,0,0,50,0,1500.0,1477.9047070807428,445.2963610092411,2304.906449993723,1622.0
1789925327,50,,Aggregated,24.800000,0.000000,7,7,8,8,8,10,11,12,17,17,17,3487,0,6,28.19504060101661,3.1435650016646832,2304.906449993723,6870.1127043303695
1789925328,50,GET,GET /api/v1/reservas,19.200000,0.000000,7,7,8,8,9,10,11,13,17,17,17,2644,0,7,7.5854112691862925,3.973932994995266,110.56835600174963,8965.0
1789925328,50,GET,GET /api/v1/reservas/{id},5.600000,0.000000,5,5,6,6,7,8,8,8,8,8,8,821,0,5,5.538030379921443,3.1435650016646832,46.022774011362344,442.0
1789925328,50,POST,POST /api/v1/auth/login,0.000000,0.000000,0,0,0,0,0,0,0,0,0,0,0,50,0,1500.0,1477.9047070807428,445.2963610092411,2304.906449993723,1622.0
1789925328,50,,Aggregated,24.800000,0.000000,7,7,8,8,8,9,11,11,17,17,17,3515,0,6,28.022129642014566,3.1435650016646832,2304.906449993723,6869.827027027027
1789925329,50,GET,GET /api/v1/reservas,19.200000,0.000000,7,7,8,8,9,10,11,13,17,17,17,2658,0,7,7.584535309146279,3.973932994995266,110.56835600174963,8965.0
1789925329,50,GET,GET /api/v1/reservas/{id},5.200000,0.000000,5,5,6,6,7,8,8,8,8,8,8,823,0,5,5.538272371699237,3.1435650016646832,46.022774011362344,442.0
1789925329,50,POST,POST /api/v1/auth/login,0.000000,0.000000,0,0,0,0,0,0,0,0,0,0,0,50,0,1500.0,1477.9047070807428,445.2963610092411,2304.906449993723,1622.0
1789925329,50,,Aggregated,24.400000,0.000000,7,7,8,8,8,10,11,11,17,17,17,3531,0,6,27.92776221117429,3.1435650016646832,2304.906449993723,6874.493344661569
1789925330,50,GET,GET /api/v1/reservas,19.400000,0.000000,7,7,8,8,9,10,11,13,17,17,17,2685,0,7,7.575337069904262,3.973932994995266,110.56835600174963,8965.0
1789925330,50,GET,GET /api/v1/reservas/{id},4.800000,0.000000,5,5,6,6,8,8,8,8,8,8,8,830,0,5,5.533100873374251,3.1435650016646832,46.022774011362344,442.0
1789925330,50,POST,POST /api/v1/auth/login,0.000000,0.000000,0,0,0,0,0,0,0,0,0,0,0,50,0,1500.0,1477.9047070807428,445.2963610092411,2304.906449993723,1622.0
1789925330,50,,Aggregated,24.200000,0.000000,7,7,8,8,8,10,11,11,17,17,17,3565,0,6,27.72159582373933,3.1435650016646832,2304.906449993723,6877.695652173913
1789925331,50,GET,GET /api/v1/reservas,19.600000,0.000000,7,7,8,8,9,10,11,13,17,17,17,2703,0,7,7.570080392048796,3.973932994995266,110.56835600174963,8965.0
1789925331,50,GET,GET /api/v1/reservas/{id},5.000000,0.000000,5,5,5,6,7,8,8,8,8,8,8,832,0,5,5.531828764315623,3.1435650016646832,46.022774011362344,442.0
1789925331,50,POST,POST /api/v1/auth/login,0.000000,0.000000,0,0,0,0,0,0,0,0,0,0,0,50,0,1500.0,1477.9047070807428,445.2963610092411,2304.906449993723,1622.0
1789925331,50,,Aggregated,24.600000,0.000000,7,7,8,8,8,10,11,11,17,17,17,3585,0,6,27.603805909527374,3.1435650016646832,2304.906449993723,6884.585495118549
1789925332,50,GET,GET /api/v1/reservas,19.300000,0.000000,7,7,8,8,8,10,11,11,17,17,17,2716,0,7,7.567592147177825,3.973932994995266,110.56835600174963,8965.0
1789925332,50,GET,GET /api/v1/reservas/{id},5.100000,0.000000,5,5,6,6,8,8,9,9,9,9,9,838,0,5,5.534939150265385,3.1435650016646832,46.022774011362344,442.0
1789925332,50,POST,POST /api/v1/auth/login,0.000000,0.000000,0,0,0,0,0,0,0,0,0,0,0,50,0,1500.0,1477.9047070807428,445.2963610092411,2304.906449993723,1622.0
1789925332,50,,Aggregated,24.400000,0.000000,7,7,8,8,8,9,11,11,17,17,17,3604,0,6,27.49364445995963,3.1435650016646832,2304.906449993723,6881.364039955605
1789925333,50,GET,GET /api/v1/reservas,19.400000,0.000000,7,7,8,8,9,10,13,17,21,21,21,2737,0,7,7.572276275752131,3.973932994995266,110.56835600174963,8965.0
1789925333,50,GET,GET /api/v1/reservas/{id},5.000000,0.000000,5,5,6,6,8,9,17,17,17,17,17,847,0,5,5.5512249892879355,3.1435650016646832,46.022774011362344,442.0
1789925333,50,POST,POST /api/v1/auth/login,0.000000,0.000000,0,0,0,0,0,0,0,0,0,0,0,50,0,1500.0,1477.9047070807428,445.2963610092411,2304.906449993723,1622.0
1789925333,50,,Aggregated,24.400000,0.000000,7,7,8,8,8,10,13,17,21,21,21,3634,0,6,27.33143728307584,3.1435650016646832,2304.906449993723,6877.457072096863
1789925334,50,GET,GET /api/v1/reservas,19.700000,0.000000,7,8,8,8,11,21,62,130,150,150,150,2754,0,7,7.779237555811089,3.973932994995266,153.42335699824616,8965.0
1789925334,50,GET,GET /api/v1/reservas/{id},4.900000,0.000000,5,6,7,8,9,34,110,110,110,110,110,853,0,5,5.768924003444035,3.1435650016646832,112.66157700447366,442.0
1789925334,50,POST,POST /api/v1/auth/login,0.000000,0.000000,0,0,0,0,0,0,0,0,0,0,0,50,0,1500.0,1477.9047070807428,445.2963610092411,2304.906449993723,1622.0
1789925334,50,,Aggregated,24.600000,0.000000,7,7,8,8,11,22,62,110,150,150,150,3657,0,6,27.410486124604496,3.1435650016646832,2304.906449993723,6876.6026797921795
1789925335,50,GET,GET /api/v1/reservas,19.800000,0.000000,7,8,10,11,21,29,62,130,150,150,150,2774,0,7,7.861492767725318,3.973932994995266,153.42335699824616,8965.0
1789925335,50,GET,GET /api/v1/reservas/{id},4.900000,0.000000,5,7,8,9,21,44,110,110,110,110,110,859,0,5,5.839733523757135,3.1435650016646832,112.66157700447366,442.0
1789925335,50,POST,POST /api/v1/auth/login,0.000000,0.000000,0,0,0,0,0,0,0,0,0,0,0,50,0,1500.0,1477.9047070807428,445.2963610092411,2304.906449993723,1622.0
1789925335,50,,Aggregated,24.700000,0.000000,7,8,9,10,21,34,62,110,150,150,150,3683,0,6,27.34709405066917,3.1435650016646832,2304.906449993723,6877.460765680152
1789925336,50,GET,GET /api/v1/reservas,19.900000,0.000000,7,9,10,13,22,37,62,130,150,150,150,2790,0,7,7.9011262066991526,3.973932994995266,153.42335699824616,8965.0
1789925336,50,GET,GET /api/v1/reservas/{id},4.900000,0.000000,6,8,9,9,20,44,52,110,110,110,110,865,0,5,5.869305807985419,3.1435650016646832,112.66157700447366,442.0
1789925336,50,POST,POST /api/v1/auth/login,0.000000,0.000000,0,0,0,0,0,0,0,0,0,0,0,50,0,1500.0,1477.9047070807428,445.2963610092411,2304.906449993723,1622.0
1789925336,50,,Aggregated,24.800000,0.000000,7,8,10,11,21,37,62,110,150,150,150,3705,0,7,27.264865585596535,3.1435650016646832,2304.906449993723,6876.053981106613
1789925337,50,GET,GET /api/v1/reservas,19.500000,0.000000,7,9,11,13,22,37,62,130,150,150,150,2810,0,7,7.910743911271696,3.973932994995266,153.42335699824616,8965.0
1789925337,50,GET,GET /api/v1/reservas/{id},4.800000,0.000000,6,8,9,9,20,44,52,110,110,110,110,872,0,5,5.888429644349118,3.1435650016646832,112.66157700447366,442.0
1789925337,50,POST,POST /api/v1/auth/login,0.000000,0.000000,0,0,0,0,0,0,0,0,0,0,0,50,0,1500.0,1477.9047070807428,445.2963610092411,2304.906449993723,1622.0
1789925337,50,,Aggregated,24.300000,0.000000,7,9,10,12,22,37,62,110,150,150,150,3732,0,7,27.13267320326448,3.1435650016646832,2304.906449993723,6875.180600214362
1789925338,50,GET,GET /api/v1/reservas,18.800000,0.000000,7,9,11,13,22,37,62,130,150,150,150,2830,0,7,7.9013450783179655,3.973932994995266,153.42335699824616,8965.0
1789925338,50,GET,GET /api/v1/reservas/{id},5.400000,0.000000,6,7,8,9,20,44,52,110,110,110,110,879,0,5,5.879346966835913,3.1435650016646832,112.66157700447366,442.0
1789925338,50,POST,POST /api/v1/auth/login,0.000000,0.000000,0,0,0,0,0,0,0,0,0,0,0,50,0,1500.0,1477.9047070807428,445.2963610092411,2304.906449993723,1622.0
1789925338,50,,Aggregated,24.200000,0.000000,7,9,10,12,22,37,62,110,150,150,150,3759,0,7,26.981640837862663,3.1435650016646832,2304.906449993723,6874.319765895185
1789925339,50,GET,GET /api/v1/reservas,18.900000,0.000000,7,9,11,13,22,37,62,130,150,150,150,2852,0,7,7.8927946110187195,3.973932994995266,153.42335699824616,8965.0
1789925339,50,GET,GET /api/v1/reservas/{id},5.700000,0.000000,6,8,9,9,20,44,52,110,110,110,110,884,0,5,5.8833281141171145,3.1435650016646832,112.66157700447366,442.0
1789925339,50,POST,POST /api/v1/auth/login,0.000000,0.000000,0,0,0,0,0,0,0,0,0,0,0,50,0,1500.0,1477.9047070807428,445.2963610092411,2304.906449993723,1622.0
1789925339,50,,Aggregated,24.600000,0.000000,7,9,10,12,22,37,62,110,150,150,150,3786,0,7,26.837387120322784,3.1435650016646832,2304.906449993723,6877.973586899102
1789925340,50,GET,GET /api/v1/reservas,18.700000,0.000000,7,9,11,13,22,37,62,130,150,150,150,2869,0,7,7.883719788649928,3.973932994995266,153.42335699824616,8965.0
1789925340,50,GET,GET /api/v1/reservas/{id},5.800000,0.000000,6,7,9,9,20,44,52,110,110,110,110,888,0,5,5.880114613581362,3.1435650016646832,112.66157700447366,442.0
1789925340,50,POST,POST /api/v1/auth/login,0.000000,0.000000,0,0,0,0,0,0,0,0,0,0,0,50,0,1500.0,1477.9047070807428,445.2963610092411,2304.906449993723,1622.0
1789925340,50,,Aggregated,24.500000,0.000000,7,9,10,12,22,37,62,110,150,150,150,3807,0,7,26.723186026933025,3.1435650016646832,2304.906449993723,6880.530864197531
1789925341,50,GET,GET /api/v1/reservas,18.800000,0.000000,7,9,11,13,22,32,62,130,150,150,150,2891,0,7,7.875579705171767,3.973932994995266,153.42335699824616,8965.0
1789925341,50,GET,GET /api/v1/reservas/{id},5.800000,0.000000,6,7,9,9,20,44,52,110,110,110,110,890,0,5,5.877362852661054,3.1435650016646832,112.66157700447366,442.0
1789925341,50,POST,POST /api/v1/auth/login,0.000000,0.000000,0,0,0,0,0,0,0,0,0,0,0,50,0,1500.0,1477.9047070807428,445.2963610092411,2304.906449993723,1622.0
1789925341,50,,Aggregated,24.600000,0.000000,7,9,10,12,22,37,62,110,150,150,150,3831,0,7,26.597334696047263,3.1435650016646832,2304.906449993723,6889.139911250326
1789925342,50,GET,GET /api/v1/reservas,18.500000,0.000000,7,9,10,13,22,32,62,130,150,150,150,2915,0,7,7.868467885648431,3.973932994995266,153.42335699824616,8965.0
1789925342,50,GET,GET /api/v1/reservas/{id},5.800000,0.000000,7,8,9,9,20,44,52,110,110,110,110,895,0,5,5.8851408925981845,3.1435650016646832,112.66157700447366,442.0
1789925342,50,POST,POST /api/v1/auth/login,0.000000,0.000000,0,0,0,0,0,0,0,0,0,0,0,50,0,1500.0,1477.9047070807428,445.2963610092411,2304.906449993723,1622.0
1789925342,50,,Aggregated,24.300000,0.000000,7,9,10,12,22,37,62,110,150,150,150,3860,0,7,26.45052340403567,3.1435650016646832,2304.906449993723,6893.695595854922
1789925343,50,GET,GET /api/v1/reservas,19.000000,0.000000,7,8,9,10,17,24,37,59,150,150,150,2932,0,7,7.8610892901507565,3.973932994995266,153.42335699824616,8965.0
1789925343,50,GET,GET /api/v1/reservas/{id},5.600000,0.000000,6,8,9,9,20,44,110,110,110,110,110,900,0,5,5.889067560993782,3.1435650016646832,112.66157700447366,442.0
1789925343,50,POST,POST /api/v1/auth/login,0.000000,0.000000,0,0,0,0,0,0,0,0,0,0,0,50,0,1500.0,1477.9047070807428,445.2963610092411,2304.906449993723,1622.0
1789925343,50,,Aggregated,24.600000,0.000000,7,8,9,10,17,24,44,59,150,150,150,3882,0,7,26.337998443496538,3.1435650016646832,2304.906449993723,6894.456465739309
1789925344,50,GET,GET /api/v1/reservas,19.100000,0.000000,7,7,8,9,13,19,27,39,59,59,59,2951,0,7,7.854173000581332,3.973932994995266,153.42335699824616,8965.0
1789925344,50,GET,GET /api/v1/reservas/{id},5.500000,0.000000,6,7,8,9,12,20,21,44,44,44,44,906,0,5,5.886883146665239,3.1435650016646832,112.66157700447366,442.0
1789925344,50,POST,POST /api/v1/auth/login,0.000000,0.000000,0,0,0,0,0,0,0,0,0,0,0,50,0,1500.0,1477.9047070807428,445.2963610092411,2304.906449993723,1622.0
1789925344,50,,Aggregated,24.600000,0.000000,7,7,8,9,13,20,27,39,59,59,59,3907,0,6,26.211009984548593,3.1435650016646832,2304.906449993723,6894.616585615562
1789925345,50,GET,GET /api/v1/reservas,19.800000,0.000000,7,7,8,8,10,11,15,22,24,24,24,2973,0,7,7.84840997401061,3.973932994995266,153.42335699824616,8965.0
1789925345,50,GET,GET /api/v1/reservas/{id},5.200000,0.000000,5,6,7,7,9,12,19,19,19,19,19,912,0,5,5.8878116204683915,3.1435650016646832,112.66157700447366,442.0
1789925345,50,POST,POST /api/v1/auth/login,0.000000,0.000000,0,0,0,0,0,0,0,0,0,0,0,50,0,1500.0,1477.9047070807428,445.2963610092411,2304.906449993723,1622.0
1789925345,50,,Aggregated,25.000000,0.000000,6,7,8,8,9,11,15,19,24,24,24,3935,0,6,26.07325092875168,3.1435650016646832,2304.906449993723,6896.352986022872
1789925346,50,GET,GET /api/v1/reservas,19.600000,0.000000,6,7,8,8,9,10,11,11,12,12,12,2990,0,7,7.84373000527173,3.973932994995266,153.42335699824616,8965.0
1789925346,50,GET,GET /api/v1/reservas/{id},5.400000,0.000000,5,6,6,6,9,12,13,13,13,13,13,916,0,5,5.8845866341387865,3.1435650016646832,112.66157700447366,442.0
1789925346,50,POST,POST /api/v1/auth/login,0.000000,0.000000,0,0,0,0,0,0,0,0,0,0,0,50,0,1500.0,1477.9047070807428,445.2963610092411,2304.906449993723,1622.0
1789925346,50,,Aggregated,25.000000,0.000000,6,7,7,8,9,10,11,12,13,13,13,3956,0,6,25.97023999663062,3.1435650016646832,2304.906449993723,6898.7163801820025
1789925347,50,GET,GET /api/v1/reservas,20.100000,0.000000,6,7,8,8,9,10,11,13,19,19,19,3014,0,7,7.843002632636954,3.973932994995266,153.42335699824616,8965.0
1789925347,50,GET,GET /api/v1/reservas/{id},5.700000,0.000000,5,6,6,7,9,12,17,17,17,17,17,924,0,5,5.892150575612965,3.1435650016646832,112.66157700447366,442.0
1789925347,50,POST,POST /api/v1/auth/login,0.000000,0.000000,0,0,0,0,0,0,0,0,0,0,0,50,0,1500.0,1477.9047070807428,445.2963610092411,2304.906449993723,1622.0
1789925347,50,,Aggregated,25.800000,0.000000,6,7,8,8,9,10,12,13,19,19,19,3988,0,6,25.82206429806201,3.1435650016646832,2304.906449993723,6898.199097291876
1789925348,50,GET,GET /api/v1/reservas,20.400000,0.000000,7,7,8,8,9,10,11,13,19,19,19,3028,0,7,7.835659153158834,3.973932994995266,153.42335699824616,8965.0
1789925348,50,GET,GET /api/v1/reservas/{id},5.000000,0.000000,5,6,6,7,9,12,17,17,17,17,17,928,0,5,5.88970677571179,3.1435650016646832,112.66157700447366,442.0
1789925348,50,POST,POST /api/v1/auth/login,0.000000,0.000000,0,0,0,0,0,0,0,0,0,0,0,50,0,1500.0,1477.9047070807428,445.2963610092411,2304.906449993723,1622.0
1789925348,50,,Aggregated,25.400000,0.000000,6,7,8,8,9,11,12,13,19,19,19,4006,0,6,25.73321496696521,3.1435650016646832,2304.906449993723,6898.975536694958
1789925349,50,GET,GET /api/v1/reservas,20.000000,0.000000,7,7,8,8,9,10,11,13,19,19,19,3050,0,7,7.82368082253999,3.973932994995266,153.42335699824616,8965.0
1789925349,50,GET,GET /api/v1/reservas/{id},5.200000,0.000000,5,5,6,6,9,12,17,17,17,17,17,934,0,5,5.882926436659767,3.1435650016646832,112.66157700447366,442.0
1789925349,50,POST,POST /api/v1/auth/login,0.000000,0.000000,0,0,0,0,0,0,0,0,0,0,0,50,0,1500.0,1477.9047070807428,445.2963610092411,2304.906449993723,1622.0
1789925349,50,,Aggregated,25.200000,0.000000,6,7,7,8,9,10,12,13,19,19,19,4034,0,6,25.59546731646612,3.1435650016646832,2304.906449993723,6900.639067922657
1789925350,50,GET,GET /api/v1/reservas,20.700000,0.000000,7,7,8,8,9,10,11,13,19,19,19,3067,0,7,7.821280067746302,3.973932994995266,153.42335699824616,8965.0
1789925350,50,GET,GET /api/v1/reservas/{id},5.100000,0.000000,5,5,6,6,8,12,13,17,17,17,17,939,0,5,5.879193644128101,3.1435650016646832,112.66157700447366,442.0
1789925350,50,POST,POST /api/v1/auth/login,0.000000,0.000000,0,0,0,0,0,0,0,0,0,0,0,50,0,1500.0,1477.9047070807428,445.2963610092411,2304.906449993723,1622.0
1789925350,50,,Aggregated,25.800000,0.000000,6,7,8,8,9,11,12,13,19,19,19,4056,0,6,25.49400003788248,3.1435650016646832,2304.906449993723,6901.329635108481
1789925351,50,GET,GET /api/v1/reservas,19.500000,0.000000,7,7,8,8,9,10,11,13,19,19,19,3090,0,7,7.810138682765105,3.973932994995266,153.42335699824616,8965.0
1789925351,50,GET,GET /api/v1/reservas/{id},5.000000,0.000000,5,5,6,6,8,12,13,17,17,17,17,946,0,5,5.872055444865557,3.1435650016646832,112.66157700447366,442.0
1789925351,50,POST,POST /api/v1/auth/login,0.000000,0.000000,0,0,0,0,0,0,0,0,0,0,0,50,0,1500.0,1477.9047070807428,445.2963610092411,2304.906449993723,1622.0
1789925351,50,,Aggregated,24.500000,0.000000,6,7,7,8,9,10,12,13,19,19,19,4086,0,6,25.350839044205614,3.1435650016646832,2304.906449993723,6901.880078316201
1789925352,50,GET,GET /api/v1/reservas,20.400000,0.000000,6,7,8,8,9,11,13,17,19,19,19,3108,0,7,7.808671233181426,3.973932994995266,153.42335699824616,8965.0
1789925352,50,GET,GET /api/v1/reservas/{id},5.000000,0.000000,5,5,6,6,8,12,13,17,17,17,17,953,0,5,5.876834231713671,3.1435650016646832,112.66157700447366,442.0
1789925352,50,POST,POST /api/v1/auth/login,0.000000,0.000000,0,0,0,0,0,0,0,0,0,0,0,50,0,1500.0,1477.9047070807428,445.2963610092411,2304.906449993723,1622.0
1789925352,50,,Aggregated,25.400000,0.000000,6,7,7,8,9,11,13,17,19,19,19,4111,0,6,25.240868053901274,3.1435650016646832,2304.906449993723,6899.913889564583
1789925353,50,GET,GET /api/v1/reservas,19.200000,0.000000,6,7,8,8,9,10,13,17,19,19,19,3126,0,7,7.801607585973071,3.973932994995266,153.42335699824616,8965.0
1789925353,50,GET,GET /api/v1/reservas/{id},5.400000,0.000000,5,5,6,6,7,11,12,17,17,17,17,957,0,5,5.872798334189682,3.1435650016646832,112.66157700447366,442.0
1789925353,50,POST,POST /api/v1/auth/login,0.000000,0.000000,0,0,0,0,0,0,0,0,0,0,0,50,0,1500.0,1477.9047070807428,445.2963610092411,2304.906449993723,1622.0
1789925353,50,,Aggregated,24.600000,0.000000,6,7,7,8,9,11,13,17,19,19,19,4133,0,6,25.139929512124,3.1435650016646832,2304.906449993723,6902.657633680135
1789925354,50,GET,GET /api/v1/reservas,19.700000,0.000000,6,7,7,8,9,10,13,17,19,19,19,3147,0,7,7.793814376462177,3.973932994995266,153.42335699824616,8965.0
1789925354,50,GET,GET /api/v1/reservas/{id},5.700000,0.000000,5,6,6,6,6,8,11,17,17,17,17,965,0,5,5.86667289927848,3.1435650016646832,112.66157700447366,442.0
1789925354,50,POST,POST /api/v1/auth/login,0.000000,0.000000,0,0,0,0,0,0,0,0,0,0,0,50,0,1500.0,1477.9047070807428,445.2963610092411,2304.906449993723,1622.0
1789925354,50,,Aggregated,25.400000,0.000000,6,7,7,8,9,10,13,17,19,19,19,4162,0,6,25.00809912171248,3.1435650016646832,2304.906449993723,6900.645122537242
1789925355,50,GET,GET /api/v1/reservas,19.200000,0.000000,6,7,7,8,9,10,13,17,19,19,19,3158,0,7,7.790082475534558,3.973932994995266,153.42335699824616,8965.0
1789925355,50,GET,GET /api/v1/reservas/{id},5.800000,0.000000,5,6,6,6,6,8,11,17,17,17,17,973,0,5,5.86495983330241,3.1435650016646832,112.66157700447366,442.0
1789925355,50,POST,POST /api/v1/auth/login,0.000000,0.000000,0,0,0,0,0,0,0,0,0,0,0,50,0,1500.0,1477.9047070807428,445.2963610092411,2304.906449993723,1622.0
1789925355,50,,Aggregated,25.000000,0.000000,6,7,7,7,8,10,13,17,19,19,19,4181,0,6,24.922966211331865,3.1435650016646832,2304.906449993723,6893.718249222674
1789925356,50,GET,GET /api/v1/reservas,18.900000,0.000000,6,7,7,7,8,10,11,14,17,17,17,3178,0,7,7.783041353596416,3.973932994995266,153.42335699824616,8965.0
1789925356,50,GET,GET /api/v1/reservas/{id},5.600000,0.000000,5,6,6,6,6,7,7,11,11,11,11,975,0,5,5.863811270578597,3.1435650016646832,112.66157700447366,442.0
1789925356,50,POST,POST /api/v1/auth/login,0.000000,0.000000,0,0,0,0,0,0,0,0,0,0,0,50,0,1500.0,1477.9047070807428,445.2963610092411,2304.906449993723,1622.0
1789925356,50,,Aggregated,24.500000,0.000000,6,7,7,7,8,9,11,13,17,17,17,4203,0,6,24.826780101018482,3.1435650016646832,2304.906449993723,6900.504401617892
1789925357,50,GET,GET /api/v1/reservas,19.100000,0.000000,6,7,7,7,8,10,11,14,17,17,17,3198,0,7,7.775685176571622,3.973932994995266,153.42335699824616,8965.0
1789925357,50,GET,GET /api/v1/reservas/{id},5.700000,0.000000,5,5,6,6,6,7,8,11,11,11,11,985,0,5,5.855572858703002,3.1435650016646832,112.66157700447366,442.0
1789925357,50,POST,POST /api/v1/auth/login,0.000000,0.000000,0,0,0,0,0,0,0,0,0,0,0,50,0,1500.0,1477.9047070807428,445.2963610092411,2304.906449993723,1622.0
1789925357,50,,Aggregated,24.800000,0.000000,6,7,7,7,8,9,11,13,17,17,17,4233,0,6,24.693979639625713,3.1435650016646832,2304.906449993723,6895.00118119537
1789925358,50,GET,GET /api/v1/reservas,18.300000,0.000000,6,7,7,7,8,10,11,14,17,17,17,3217,0,7,7.7677160073616704,3.973932994995266,153.42335699824616,8965.0
1789925358,50,GET,GET /api/v1/reservas/{id},5.900000,0.000000,5,6,6,6,6,7,8,11,11,11,11,989,0,5,5.8519364659464,3.1435650016646832,112.66157700447366,442.0
1789925358,50,POST,POST /api/v1/auth/login,0.000000,0.000000,0,0,0,0,0,0,0,0,0,0,0,50,0,1500.0,1477.9047070807428,445.2963610092411,2304.906449993723,1622.0
1789925358,50,,Aggregated,24.200000,0.000000,6,7,7,7,8,10,11,13,17,17,17,4256,0,6,24.593877564506727,3.1435650016646832,2304.906449993723,6898.177396616541
1789925359,50,GET,GET /api/v1/reservas,19.000000,0.000000,6,7,7,7,8,10,11,14,17,17,17,3238,0,7,7.756003632394525,3.973932994995266,153.42335699824616,8965.0
1789925359,50,GET,GET /api/v1/reservas/{id},5.600000,0.000000,5,5,6,6,6,7,8,11,11,11,11,998,0,5,5.837232101012142,3.1435650016646832,112.66157700447366,442.0
1789925359,50,POST,POST /api/v1/auth/login,0.000000,0.000000,0,0,0,0,0,0,0,0,0,0,0,50,0,1500.0,1477.9047070807428,445.2963610092411,2304.906449993723,1622.0
1789925359,50,,Aggregated,24.600000,0.000000,6,6,7,7,8,9,11,13,17,17,17,4286,0,6,24.459806988460272,3.1435650016646832,2304.906449993723,6894.7470835277645
1789925360,50,GET,GET /api/v1/reservas,18.100000,0.000000,6,7,7,7,8,10,13,14,17,17,17,3257,0,7,7.754723855298862,3.973932994995266,153.42335699824616,8965.0
1789925360,50,GET,GET /api/v1/reservas/{id},6.100000,0.000000,5,5,6,6,6,7,8,11,11,11,11,1003,0,5,5.83321153620817,3.1435650016646832,112.66157700447366,442.0
1789925360,50,POST,POST /api/v1/auth/login,0.000000,0.000000,0,0,0,0,0,0,0,0,0,0,0,50,0,1500.0,1477.9047070807428,445.2963610092411,2304.906449993723,1622.0
1789925360,50,,Aggregated,24.200000,0.000000,6,7,7,7,8,10,11,13,17,17,17,4310,0,6,24.362664065327685,3.1435650016646832,2304.906449993723,6896.387703016241
1789925361,50,GET,GET /api/v1/reservas,18.400000,0.000000,6,7,7,7,9,10,13,14,17,17,17,3274,0,7,7.750122234488292,3.973932994995266,153.42335699824616,8965.0
1789925361,50,GET,GET /api/v1/reservas/{id},6.300000,0.000000,5,5,6,6,6,7,8,11,11,11,11,1006,0,5,5.830758821884486,3.1435650016646832,112.66157700447366,442.0
1789925361,50,POST,POST /api/v1/auth/login,0.000000,0.000000,0,0,0,0,0,0,0,0,0,0,0,50,0,1500.0,1477.9047070807428,445.2963610092411,2304.906449993723,1622.0
1789925361,50,,Aggregated,24.700000,0.000000,6,7,7,7,8,10,11,13,17,17,17,4330,0,6,24.28057249990014,3.1435650016646832,2304.906449993723,6900.037413394919
1789925362,50,GET,GET /api/v1/reservas,18.400000,0.000000,6,7,7,7,8,10,11,13,14,14,14,3301,0,7,7.738183199265125,3.973932994995266,153.42335699824616,8965.0
1789925362,50,GET,GET /api/v1/reservas/{id},6.500000,0.000000,5,5,5,6,6,7,7,8,8,8,8,1008,0,5,5.828595389709609,3.1435650016646832,112.66157700447366,442.0
1789925362,50,POST,POST /api/v1/auth/login,0.000000,0.000000,0,0,0,0,0,0,0,0,0,0,0,50,0,1500.0,1477.9047070807428,445.2963610092411,2304.906449993723,1622.0
1789925362,50,,Aggregated,24.900000,0.000000,6,7,7,7,8,9,11,11,14,14,14,4359,0,6,24.160174867547283,3.1435650016646832,2304.906449993723,6909.864877265428
1789925363,50,GET,GET /api/v1/reservas,19.100000,0.000000,6,7,7,7,8,9,11,11,13,13,13,3320,0,7,7.731162551731742,3.973932994995266,153.42335699824616,8965.0
1789925363,50,GET,GET /api/v1/reservas/{id},6.200000,0.000000,5,5,5,6,6,7,8,10,10,10,10,1015,0,5,5.830219072740515,3.1435650016646832,112.66157700447366,442.0
1789925363,50,POST,POST /api/v1/auth/login,0.000000,0.000000,0,0,0,0,0,0,0,0,0,0,0,50,0,1500.0,1477.9047070807428,445.2963610092411,2304.906449993723,1622.0
1789925363,50,,Aggregated,25.300000,0.000000,6,7,7,7,8,9,10,11,13,13,13,4385,0,6,24.054815823174035,3.1435650016646832,2304.906449993723,6908.444697833524
1789925364,50,GET,GET /api/v1/reservas,18.700000,0.000000,6,7,7,7,8,9,11,11,13,13,13,3332,0,7,7.727475607671655,3.973932994995266,153.42335699824616,8965.0
1789925364,50,GET,GET /api/v1/reservas/{id},5.900000,0.000000,5,5,5,6,7,9,10,16,16,16,16,1020,0,5,5.840892424320748,3.1435650016646832,112.66157700447366,442.0
1789925364,50,POST,POST /api/v1/auth/login,0.000000,0.000000,0,0,0,0,0,0,0,0,0,0,0,50,0,1500.0,1477.9047070807428,445.2963610092411,2304.906449993723,1622.0
1789925364,50,,Aggregated,24.600000,0.000000,6,7,7,7,8,9,11,11,16,16,16,4402,0,6,23.989299034894653,3.1435650016646832,2304.906449993723,6906.70604270786
1789925365,50,GET,GET /api/v1/reservas,19.200000,0.000000,6,7,7,7,8,10,11,12,13,13,13,3354,0,7,7.7238449316460915,3.973932994995266,153.42335699824616,8965.0
1789925365,50,GET,GET /api/v1/reservas/{id},5.700000,0.000000,5,5,5,6,7,9,10,16,16,16,16,1028,0,5,5.8345973004094605,3.1435650016646832,112.66157700447366,442.0
1789925365,50,POST,POST /api/v1/auth/login,0.000000,0.000000,0,0,0,0,0,0,0,0,0,0,0,50,0,1500.0,1477.9047070807428,445.2963610092411,2304.906449993723,1622.0
1789925365,50,,Aggregated,24.900000,0.000000,6,7,7,7,8,10,11,12,16,16,16,4432,0,6,23.87161039702145,3.1435650016646832,2304.906449993723,6905.254061371841
1789925366,50,GET,GET /api/v1/reservas,19.400000,0.000000,6,7,7,7,8,9,11,12,13,13,13,3373,0,7,7.715544526155406,3.973932994995266,153.42335699824616,8965.0
1789925366,50,GET,GET /api/v1/reservas/{id},5.500000,0.000000,5,5,5,6,7,9,10,16,16,16,16,1032,0,5,5.830721225607675,3.1435650016646832,112.66157700447366,442.0
1789925366,50,POST,POST /api/v1/auth/login,0.000000,0.000000,0,0,0,0,0,0,0,0,0,0,0,50,0,1500.0,1477.9047070807428,445.2963610092411,2304.906449993723,1622.0
1789925366,50,,Aggregated,24.900000,0.000000,6,7,7,7,8,9,11,12,16,16,16,4455,0,6,23.7793650607377,3.1435650016646832,2304.906449993723,6908.235465768799
1789925367,50,GET,GET /api/v1/reservas,18.800000,0.000000,6,7,7,7,8,9,11,12,13,13,13,3393,0,7,7.710415884095727,3.973932994995266,153.42335699824616,8965.0
1789925367,50,GET,GET /api/v1/reservas/{id},5.600000,0.000000,5,5,5,6,6,9,16,16,16,16,16,1034,0,5,5.829591508550575,3.1435650016646832,112.66157700447366,442.0
1789925367,50,POST,POST /api/v1/auth/login,0.000000,0.000000,0,0,0,0,0,0,0,0,0,0,0,50,0,1500.0,1477.9047070807428,445.2963610092411,2304.906449993723,1622.0
1789925367,50,,Aggregated,24.400000,0.000000,6,7,7,7,8,9,11,12,16,16,16,4477,0,6,23.69543758512737,3.1435650016646832,2304.906449993723,6914.534956444048
1789925368,50,GET,GET /api/v1/reservas,19.100000,0.000000,6,7,7,8,9,11,13,20,24,24,24,3415,0,7,7.7182797806001355,3.973932994995266,153.42335699824616,8965.0
1789925368,50,GET,GET /api/v1/reservas/{id},5.700000,0.000000,5,5,5,6,6,9,16,16,16,16,16,1036,0,5,5.828139732470336,3.1435650016646832,112.66157700447366,442.0
1789925368,50,POST,POST /api/v1/auth/login,0.000000,0.000000,0,0,0,0,0,0,0,0,0,0,0,50,0,1500.0,1477.9047070807428,445.2963610092411,2304.906449993723,1622.0
1789925368,50,,Aggregated,24.800000,0.000000,6,7,7,7,9,11,13,17,24,24,24,4501,0,6,23.614999681765358,3.1435650016646832,2304.906449993723,6921.681181959564
1789925369,50,GET,GET /api/v1/reservas,19.000000,0.000000,6,7,7,8,9,11,13,20,24,24,24,3438,0,7,7.707211161954872,3.973932994995266,153.42335699824616,8965.0
1789925369,50,GET,GET /api/v1/reservas/{id},5.500000,0.000000,5,5,5,6,6,9,16,16,16,16,16,1043,0,5,5.817450056419429,3.1435650016646832,112.66157700447366,442.0
1789925369,50,POST,POST /api/v1/auth/login,0.000000,0.000000,0,0,0,0,0,0,0,0,0,0,0,50,0,1500.0,1477.9047070807428,445.2963610092411,2304.906449993723,1622.0
1789925369,50,,Aggregated,24.500000,0.000000,6,7,7,7,9,11,13,17,24,24,24,4531,0,6,23.49596727823515,3.1435650016646832,2304.906449993723,6922.042816155374
1789925370,50,GET,GET /api/v1/reservas,19.800000,0.000000,6,7,7,7,9,11,14,20,24,24,24,3457,0,7,7.703044977081731,3.973932994995266,153.42335699824616,8965.0
1789925370,50,GET,GET /api/v1/reservas/{id},4.800000,0.000000,5,5,5,6,7,9,16,16,16,16,16,1049,0,5,5.812631411661813,3.1435650016646832,112.66157700447366,442.0
1789925370,50,POST,POST /api/v1/auth/login,0.000000,0.000000,0,0,0,0,0,0,0,0,0,0,0,50,0,1500.0,1477.9047070807428,445.2963610092411,2304.906449993723,1622.0
1789925370,50,,Aggregated,24.600000,0.000000,6,7,7,7,9,11,14,17,24,24,24,4556,0,6,23.402570717875754,3.1435650016646832,2304.906449993723,6922.028753292362
1789925371,50,GET,GET /api/v1/reservas,20.400000,0.000000,6,7,7,7,9,11,14,20,24,24,24,3474,0,7,7.693861710646489,3.973932994995266,153.42335699824616,8965.0
1789925371,50,GET,GET /api/v1/reservas/{id},4.500000,0.000000,5,5,5,6,7,9,16,16,16,16,16,1054,0,5,5.80783168863639,3.1435650016646832,112.66157700447366,442.0
1789925371,50,POST,POST /api/v1/auth/login,0.000000,0.000000,0,0,0,0,0,0,0,0,0,0,0,50,0,1500.0,1477.9047070807428,445.2963610092411,2304.906449993723,1622.0
1789925371,50,,Aggregated,24.900000,0.000000,6,7,7,7,9,10,14,17,24,24,24,4578,0,6,23.316986792626867,3.1435650016646832,2304.906449993723,6922.537789427698
1789925372,50,GET,GET /api/v1/reservas,19.900000,0.000000,6,7,7,7,9,11,14,20,24,24,24,3498,0,7,7.6820463132579615,3.973932994995266,153.42335699824616,8965.0
1789925372,50,GET,GET /api/v1/reservas/{id},4.500000,0.000000,5,5,5,5,6,9,16,16,16,16,16,1057,0,5,5.8043646015351955,3.1435650016646832,112.66157700447366,442.0
1789925372,50,POST,POST /api/v1/auth/login,0.000000,0.000000,0,0,0,0,0,0,0,0,0,0,0,50,0,1500.0,1477.9047070807428,445.2963610092411,2304.906449993723,1622.0
1789925372,50,,Aggregated,24.400000,0.000000,6,6,7,7,8,10,14,17,24,24,24,4605,0,6,23.214385828802648,3.1435650016646832,2304.906449993723,6928.960694896851
1789925373,50,GET,GET /api/v1/reservas,20.000000,0.000000,6,7,7,7,9,11,14,20,24,24,24,3517,0,7,7.674056029506703,3.973932994995266,153.42335699824616,8965.0
1789925373,50,GET,GET /api/v1/reservas/{id},4.800000,0.000000,5,5,5,5,7,9,16,16,16,16,16,1064,0,5,5.797642774255076,3.1435650016646832,112.66157700447366,442.0
1789925373,50,POST,POST /api/v1/auth/login,0.000000,0.000000,0,0,0,0,0,0,0,0,0,0,0,50,0,1500.0,1477.9047070807428,445.2963610092411,2304.906449993723,1622.0
1789925373,50,,Aggregated,24.800000,0.000000,6,6,7,7,9,10,14,17,24,24,24,4631,0,6,23.116731229026044,3.1435650016646832,2304.906449993723,6927.508745411358
1789925374,50,GET,GET /api/v1/reservas,19.900000,0.000000,6,7,7,7,9,11,14,20,24,24,24,3530,0,7,7.670139988035785,3.973932994995266,153.42335699824616,8965.0
1789925374,50,GET,GET /api/v1/reservas/{id},4.900000,0.000000,5,5,5,5,6,7,9,9,9,9,9,1070,0,5,5.79452713346,3.1435650016646832,112.66157700447366,442.0
1789925374,50,POST,POST /api/v1/auth/login,0.000000,0.000000,0,0,0,0,0,0,0,0,0,0,0,50,0,1500.0,1477.9047070807428,445.2963610092411,2304.906449993723,1622.0
1789925374,50,,Aggregated,24.800000,0.000000,6,6,7,7,8,10,14,17,24,24,24,4650,0,6,23.047521192388313,3.1435650016646832,2304.906449993723,6924.836559139785
1789925375,50,GET,GET /api/v1/reservas,19.300000,0.000000,6,7,7,7,9,10,14,20,24,24,24,3550,0,7,7.665982888679473,3.973932994995266,153.42335699824616,8965.0
1789925375,50,GET,GET /api/v1/reservas/{id},5.300000,0.000000,5,5,5,5,7,8,9,9,9,9,9,1079,0,5,5.788031755131993,3.1435650016646832,112.66157700447366,442.0
1789925375,50,POST,POST /api/v1/auth/login,0.000000,0.000000,0,0,0,0,0,0,0,0,0,0,0,50,0,1500.0,1477.9047070807428,445.2963610092411,2304.906449993723,1622.0
1789925375,50,,Aggregated,24.600000,0.000000,6,6,7,7,8,9,14,17,24,24,24,4679,0,6,22.943954022790486,3.1435650016646832,2304.906449993723,6921.087411840137
1789925376,50,GET,GET /api/v1/reservas,19.300000,0.000000,6,7,7,7,9,10,14,20,24,24,24,3562,0,7,7.6606253963591,3.973932994995266,153.42335699824616,8965.0
1789925376,50,GET,GET /api/v1/reservas/{id},5.300000,0.000000,4,5,5,5,7,8,8,9,9,9,9,1087,0,5,5.778916916096597,3.1435650016646832,112.66157700447366,442.0
1789925376,50,POST,POST /api/v1/auth/login,0.000000,0.000000,0,0,0,0,0,0,0,0,0,0,0,50,0,1500.0,1477.9047070807428,445.2963610092411,2304.906449993723,1622.0
1789925376,50,,Aggregated,24.600000,0.000000,6,6,7,7,8,9,14,17,24,24,24,4699,0,6,22.86956069454464,3.1435650016646832,2304.906449993723,6915.276441796127
1789925377,50,GET,GET /api/v1/reservas,19.600000,0.000000,6,6,7,7,8,9,12,14,14,14,14,3587,0,7,7.651774128757475,3.973932994995266,153.42335699824616,8965.0
1789925377,50,GET,GET /api/v1/reservas/{id},5.000000,0.000000,4,5,5,5,7,8,8,9,9,9,9,1093,0,5,5.773339194689464,3.1435650016646832,112.66157700447366,442.0
1789925377,50,POST,POST /api/v1/auth/login,0.000000,0.000000,0,0,0,0,0,0,0,0,0,0,0,50,0,1500.0,1477.9047070807428,445.2963610092411,2304.906449993723,1622.0
1789925377,50,,Aggregated,24.600000,0.000000,6,6,7,7,8,9,9,14,14,14,14,4730,0,6,22.75949448069467,3.1435650016646832,2304.906449993723,6917.898731501057
1789925378,50,GET,GET /api/v1/reservas,19.800000,0.000000,6,7,7,7,8,9,14,14,14,14,14,3608,0,7,7.650439324245876,3.973932994995266,153.42335699824616,8965.0
1789925378,50,GET,GET /api/v1/reservas/{id},5.100000,0.000000,4,5,5,5,7,8,8,9,9,9,9,1094,0,5,5.77386004003863,3.1435650016646832,112.66157700447366,442.0
1789925378,50,POST,POST /api/v1/auth/login,0.000000,0.000000,0,0,0,0,0,0,0,0,0,0,0,50,0,1500.0,1477.9047070807428,445.2963610092411,2304.906449993723,1622.0
1789925378,50,,Aggregated,24.900000,0.000000,6,6,7,7,8,9,13,14,14,14,14,4752,0,6,22.68826248310575,3.1435650016646832,2304.906449993723,6925.5824915824915
1789925379,50,GET,GET /api/v1/reservas,19.300000,0.000000,6,7,7,7,9,10,14,14,14,14,14,3625,0,7,7.649323763285667,3.973932994995266,153.42335699824616,8965.0
1789925379,50,GET,GET /api/v1/reservas/{id},5.700000,0.000000,5,5,6,6,7,8,8,9,9,9,9,1100,0,5,5.771570248008092,3.1435650016646832,112.66157700447366,442.0
1789925379,50,POST,POST /api/v1/auth/login,0.000000,0.000000,0,0,0,0,0,0,0,0,0,0,0,50,0,1500.0,1477.9047070807428,445.2963610092411,2304.906449993723,1622.0
1789925379,50,,Aggregated,25.000000,0.000000,6,6,7,7,8,9,13,14,14,14,14,4775,0,6,22.61209660078672,3.1435650016646832,2304.906449993723,6924.696335078534
1789925380,50,GET,GET /api/v1/reservas,19.100000,0.000000,6,7,7,7,8,10,12,14,14,14,14,3641,0,7,7.643350246618016,3.973932994995266,153.42335699824616,8965.0
1789925380,50,GET,GET /api/v1/reservas/{id},5.800000,0.000000,5,5,6,6,7,8,8,8,8,8,8,1107,0,5,5.770348580668755,3.1435650016646832,112.66157700447366,442.0
1789925380,50,POST,POST /api/v1/auth/login,0.000000,0.000000,0,0,0,0,0,0,0,0,0,0,0,50,0,1500.0,1477.9047070807428,445.2963610092411,2304.906449993723,1622.0
1789925380,50,,Aggregated,24.900000,0.000000,6,6,7,7,8,9,12,13,14,14,14,4798,0,6,22.532815648347988,3.1435650016646832,2304.906449993723,6922.04230929554
1789925381,50,GET,GET /api/v1/reservas,18.800000,0.000000,6,7,7,7,9,10,12,14,14,14,14,3655,0,7,7.638853527476537,3.973932994995266,153.42335699824616,8965.0
1789925381,50,GET,GET /api/v1/reservas/{id},5.800000,0.000000,5,5,6,6,7,8,8,8,8,8,8,1114,0,5,5.764622821192938,3.1435650016646832,112.66157700447366,442.0
1789925381,50,POST,POST /api/v1/auth/login,0.000000,0.000000,0,0,0,0,0,0,0,0,0,0,0,50,0,1500.0,1477.9047070807428,445.2963610092411,2304.906449993723,1622.0
1789925381,50,,Aggregated,24.600000,0.000000,6,7,7,7,8,9,12,13,14,14,14,4819,0,6,22.460476202484504,3.1435650016646832,2304.906449993723,6918.5646399667985
1789925382,50,GET,GET /api/v1/reservas,18.400000,0.000000,6,7,7,7,9,10,12,14,14,14,14,3674,0,7,7.629764409613236,3.973932994995266,153.42335699824616,8965.0
1789925382,50,GET,GET /api/v1/reservas/{id},6.100000,0.000000,5,5,6,6,7,8,8,10,10,10,10,1122,0,5,5.761254503397494,3.1435650016646832,112.66157700447366,442.0
1789925382,50,POST,POST /api/v1/auth/login,0.000000,0.000000,0,0,0,0,0,0,0,0,0,0,0,50,0,1500.0,1477.9047070807428,445.2963610092411,2304.906449993723,1622.0
1789925382,50,,Aggregated,24.500000,0.000000,6,7,7,7,8,9,12,13,14,14,14,4846,0,6,22.367131107669863,3.1435650016646832,2304.906449993723,6915.896409409823
1789925383,50,GET,GET /api/v1/reservas,18.400000,0.000000,6,7,7,7,9,11,14,18,21,21,21,3692,0,7,7.629584024082879,3.973932994995266,153.42335699824616,8965.0
1789925383,50,GET,GET /api/v1/reservas/{id},5.900000,0.000000,5,5,6,6,6,8,8,10,10,10,10,1130,0,5,5.753405406013589,3.1435650016646832,112.66157700447366,442.0
1789925383,50,POST,POST /api/v1/auth/login,0.000000,0.000000,0,0,0,0,0,0,0,0,0,0,0,50,0,1500.0,1477.9047070807428,445.2963610092411,2304.906449993723,1622.0
1789925383,50,,Aggregated,24.300000,0.000000,6,7,7,7,8,10,13,14,21,21,21,4872,0,6,22.28345806234534,3.1435650016646832,2304.906449993723,6912.836617405583
1789925384,50,GET,GET /api/v1/reservas,17.900000,0.000000,6,7,7,7,8,11,14,18,21,21,21,3708,0,7,7.622364519404991,3.973932994995266,153.42335699824616,8965.0
1789925384,50,GET,GET /api/v1/reservas/{id},6.200000,0.000000,5,5,6,6,6,8,9,10,10,10,10,1137,0,5,5.751104807208715,3.1435650016646832,112.66157700447366,442.0
1789925384,50,POST,POST /api/v1/auth/login,0.000000,0.000000,0,0,0,0,0,0,0,0,0,0,0,50,0,1500.0,1477.9047070807428,445.2963610092411,2304.906449993723,1622.0
1789925384,50,,Aggregated,24.100000,0.000000,6,6,7,7,8,10,13,14,21,21,21,4895,0,6,22.20591811190749,3.1435650016646832,2304.906449993723,6910.290909090909
1789925385,50,GET,GET /api/v1/reservas,18.100000,0.000000,6,7,7,7,8,10,13,18,21,21,21,3731,0,7,7.616455474133231,3.973932994995266,153.42335699824616,8965.0
1789925385,50,GET,GET /api/v1/reservas/{id},6.000000,0.000000,5,5,6,6,6,7,9,10,10,10,10,1138,0,5,5.750886349547929,3.1435650016646832,112.66157700447366,442.0
1789925385,50,POST,POST /api/v1/auth/login,0.000000,0.000000,0,0,0,0,0,0,0,0,0,0,0,50,0,1500.0,1477.9047070807428,445.2963610092411,2304.906449993723,1622.0
1789925385,50,,Aggregated,24.100000,0.000000,6,7,7,7,8,10,12,14,21,21,21,4919,0,6,22.129851472619183,3.1435650016646832,2304.906449993723,6918.5832486277695
1789925386,50,GET,GET /api/v1/reservas,17.600000,0.000000,6,7,7,7,8,11,13,18,21,21,21,3749,0,7,7.613740160039944,3.973932994995266,153.42335699824616,8965.0
1789925386,50,GET,GET /api/v1/reservas/{id},6.500000,0.000000,5,5,6,6,6,7,10,10,10,10,10,1140,0,5,5.750280554205171,3.1435650016646832,112.66157700447366,442.0
1789925386,50,POST,POST /api/v1/auth/login,0.000000,0.000000,0,0,0,0,0,0,0,0,0,0,0,50,0,1500.0,1477.9047070807428,445.2963610092411,2304.906449993723,1622.0
1789925386,50,,Aggregated,24.100000,0.000000,6,7,7,7,8,10,12,14,21,21,21,4939,0,6,22.068124528410767,3.1435650016646832,2304.906449993723,6923.418708240534
1789925387,50,GET,GET /api/v1/reservas,18.000000,0.000000,6,7,7,7,8,10,12,18,21,21,21,3769,0,7,7.606839394533172,3.973932994995266,153.42335699824616,8965.0
1789925387,50,GET,GET /api/v1/reservas/{id},6.200000,0.000000,5,5,6,6,6,7,9,10,10,10,10,1148,0,5,5.747126312545121,3.1435650016646832,112.66157700447366,442.0
1789925387,50,POST,POST /api/v1/auth/login,0.000000,0.000000,0,0,0,0,0,0,0,0,0,0,0,50,0,1500.0,1477.9047070807428,445.2963610092411,2304.906449993723,1622.0
1789925387,50,,Aggregated,24.200000,0.000000,6,7,7,7,8,9,11,14,21,21,21,4967,0,6,21.977675465841447,3.1435650016646832,2304.906449993723,6921.200120797262
1789925388,50,GET,GET /api/v1/reservas,18.500000,0.000000,6,7,7,7,8,10,15,18,21,21,21,3788,0,7,7.608660864038166,3.973932994995266,153.42335699824616,8965.0
1789925388,50,GET,GET /api/v1/reservas/{id},5.700000,0.000000,5,5,6,6,6,7,9,10,10,10,10,1151,0,5,5.743491553266446,3.1435650016646832,112.66157700447366,442.0
1789925388,50,POST,POST /api/v1/auth/login,0.000000,0.000000,0,0,0,0,0,0,0,0,0,0,0,50,0,1500.0,1477.9047070807428,445.2963610092411,2304.906449993723,1622.0
1789925388,50,,Aggregated,24.200000,0.000000,6,7,7,7,8,10,14,16,21,21,21,4989,0,6,21.91373050407364,3.1435650016646832,2304.906449993723,6925.087592703949
1789925389,50,GET,GET /api/v1/reservas,19.000000,0.000000,6,7,7,7,8,8,15,18,21,21,21,3805,0,7,7.603500496436085,3.973932994995266,153.42335699824616,8965.0
1789925389,50,GET,GET /api/v1/reservas/{id},5.300000,0.000000,5,5,5,5,6,9,10,10,10,10,10,1160,0,5,5.738859571384041,3.1435650016646832,112.66157700447366,442.0
1789925389,50,POST,POST /api/v1/auth/login,0.000000,0.000000,0,0,0,0,0,0,0,0,0,0,0,50,0,1500.0,1477.9047070807428,445.2963610092411,2304.906449993723,1622.0
1789925389,50,,Aggregated,24.300000,0.000000,6,7,7,7,8,8,14,16,21,21,21,5015,0,6,21.831232671142956,3.1435650016646832,2304.906449993723,6920.367896311067
1789925390,50,GET,GET /api/v1/reservas,18.400000,0.000000,6,7,7,7,8,8,15,18,21,21,21,3822,0,7,7.597532103083265,3.973932994995266,153.42335699824616,8965.0
1789925390,50,GET,GET /api/v1/reservas/{id},5.800000,0.000000,5,5,5,5,6,9,10,10,10,10,10,1164,0,5,5.7347642189025585,3.1435650016646832,112.66157700447366,442.0
1789925390,50,POST,POST /api/v1/auth/login,0.000000,0.000000,0,0,0,0,0,0,0,0,0,0,0,50,0,1500.0,1477.9047070807428,445.2963610092411,2304.906449993723,1622.0
1789925390,50,,Aggregated,24.200000,0.000000,6,7,7,7,8,8,14,16,21,21,21,5036,0,6,21.764946108582993,3.1435650016646832,2304.906449993723,6922.124305003971
1789925391,50,GET,GET /api/v1/reservas,18.500000,0.000000,6,7,7,7,8,8,15,18,21,21,21,3842,0,7,7.590672595242576,3.973932994995266,153.42335699824616,8965.0
1789925391,50,GET,GET /api/v1/reservas/{id},5.900000,0.000000,5,5,5,6,7,8,9,10,10,10,10,1173,0,5,5.735132944424683,3.1435650016646832,112.66157700447366,442.0
1789925391,50,POST,POST /api/v1/auth/login,0.000000,0.000000,0,0,0,0,0,0,0,0,0,0,0,50,0,1500.0,1477.9047070807428,445.2963610092411,2304.906449993723,1622.0
1789925391,50,,Aggregated,24.400000,0.000000,6,7,7,7,8,8,14,16,21,21,21,5065,0,6,21.67540185760499,3.1435650016646832,2304.906449993723,6918.676406712734
1789925392,50,GET,GET /api/v1/reservas,18.900000,0.000000,6,7,7,7,8,8,15,18,21,21,21,3857,0,7,7.5850947049352175,3.973932994995266,153.42335699824616,8965.0
1789925392,50,GET,GET /api/v1/reservas/{id},5.600000,0.000000,5,5,5,6,7,8,9,10,10,10,10,1181,0,5,5.728900149729967,3.1435650016646832,112.66157700447366,442.0
1789925392,50,POST,POST /api/v1/auth/login,0.000000,0.000000,0,0,0,0,0,0,0,0,0,0,0,50,0,1500.0,1477.9047070807428,445.2963610092411,2304.906449993723,1622.0
1789925392,50,,Aggregated,24.500000,0.000000,6,7,7,7,8,8,14,16,21,21,21,5088,0,6,21.603140076219216,3.1435650016646832,2304.906449993723,6914.5257468553455
1789925393,50,GET,GET /api/v1/reservas,18.100000,0.000000,6,7,7,7,8,8,14,16,16,16,16,3879,0,7,7.580040859220232,3.973932994995266,153.42335699824616,8965.0
1789925393,50,GET,GET /api/v1/reservas/{id},6.000000,0.000000,5,5,5,6,6,7,8,10,10,10,10,1187,0,5,5.724773185191128,3.1435650016646832,112.66157700447366,442.0
1789925393,50,POST,POST /api/v1/auth/login,0.000000,0.000000,0,0,0,0,0,0,0,0,0,0,0,50,0,1500.0,1477.9047070807428,445.2963610092411,2304.906449993723,1622.0
1789925393,50,,Aggregated,24.100000,0.000000,6,7,7,7,8,8,12,15,16,16,16,5116,0,6,21.51945262270803,3.1435650016646832,2304.906449993723,6915.752345582487
1789925394,50,GET,GET /api/v1/reservas,18.700000,0.000000,6,7,7,7,8,10,14,16,16,16,16,3896,0,7,7.579748513065224,3.973932994995266,153.42335699824616,8965.0
1789925394,50,GET,GET /api/v1/reservas/{id},5.900000,0.000000,5,5,5,6,7,7,8,10,10,10,10,1194,0,5,5.721780791328993,3.1435650016646832,112.66157700447366,442.0
1789925394,50,POST,POST /api/v1/auth/login,0.000000,0.000000,0,0,0,0,0,0,0,0,0,0,0,50,0,1500.0,1477.9047070807428,445.2963610092411,2304.906449993723,1622.0
1789925394,50,,Aggregated,24.600000,0.000000,6,7,7,7,8,9,12,15,16,16,16,5140,0,6,21.450922534199623,3.1435650016646832,2304.906449993723,6913.713618677043
1789925395,50,GET,GET /api/v1/reservas,18.400000,0.000000,6,7,7,7,8,10,14,16,16,16,16,3914,0,7,7.575471194650721,3.973932994995266,153.42335699824616,8965.0
1789925395,50,GET,GET /api/v1/reservas/{id},6.000000,0.000000,5,5,5,6,6,7,8,10,10,10,10,1200,0,5,5.719559532384058,3.1435650016646832,112.66157700447366,442.0
1789925395,50,POST,POST /api/v1/auth/login,0.000000,0.000000,0,0,0,0,0,0,0,0,0,0,0,50,0,1500.0,1477.9047070807428,445.2963610092411,2304.906449993723,1622.0
1789925395,50,,Aggregated,24.400000,0.000000,6,7,7,7,8,10,12,15,16,16,16,5164,0,6,21.380538545461064,3.1435650016646832,2304.906449993723,6913.344306738962
1789925396,50,GET,GET /api/v1/reservas,19.000000,0.000000,6,7,7,7,8,10,14,16,16,16,16,3933,0,7,7.570867446710185,3.973932994995266,153.42335699824616,8965.0
1789925396,50,GET,GET /api/v1/reservas/{id},5.600000,0.000000,5,5,5,6,7,7,8,10,10,10,10,1204,0,5,5.718913027292282,3.1435650016646832,112.66157700447366,442.0
1789925396,50,POST,POST /api/v1/auth/login,0.000000,0.000000,0,0,0,0,0,0,0,0,0,0,0,50,0,1500.0,1477.9047070807428,445.2963610092411,2304.906449993723,1622.0
1789925396,50,,Aggregated,24.600000,0.000000,6,7,7,7,8,10,12,15,16,16,16,5187,0,6,21.31425261361253,3.1435650016646832,2304.906449993723,6915.869095816464
1789925397,50,GET,GET /api/v1/reservas,18.200000,0.000000,6,7,7,7,8,10,12,15,16,16,16,3956,0,7,7.5606634400780734,3.973932994995266,153.42335699824616,8965.0
1789925397,50,GET,GET /api/v1/reservas/{id},6.000000,0.000000,5,5,5,6,7,7,8,10,10,10,10,1210,0,5,5.71440857922185,3.1435650016646832,112.66157700447366,442.0
1789925397,50,POST,POST /api/v1/auth/login,0.000000,0.000000,0,0,0,0,0,0,0,0,0,0,0,50,0,1500.0,1477.9047070807428,445.2963610092411,2304.906449993723,1622.0
1789925397,50,,Aggregated,24.200000,0.000000,6,6,7,7,8,9,11,12,16,16,16,5216,0,6,21.226927588927232,3.1435650016646832,2304.906449993723,6917.457822085889
1789925398,50,GET,GET /api/v1/reservas,18.600000,0.000000,6,7,7,7,8,10,11,12,16,16,16,3972,0,7,7.55870808080789,3.973932994995266,153.42335699824616,8965.0
1789925398,50,GET,GET /api/v1/reservas/{id},6.300000,0.000000,5,5,6,6,7,7,8,9,9,9,9,1215,0,5,5.717313107689498,3.1435650016646832,112.66157700447366,442.0
1789925398,50,POST,POST /api/v1/auth/login,0.000000,0.000000,0,0,0,0,0,0,0,0,0,0,0,50,0,1500.0,1477.9047070807428,445.2963610092411,2304.906449993723,1622.0
1789925398,50,,Aggregated,24.900000,0.000000,6,6,7,7,8,9,10,12,16,16,16,5237,0,6,21.169554950706285,3.1435650016646832,2304.906449993723,6917.5310292152
1789925399,50,GET,GET /api/v1/reservas,17.800000,0.000000,6,7,7,7,8,10,11,12,16,16,16,3989,0,7,7.55436521081705,3.973932994995266,153.42335699824616,8965.0
1789925399,50,GET,GET /api/v1/reservas/{id},6.300000,0.000000,5,5,6,6,7,7,8,9,9,9,9,1225,0,5,5.7152903214814526,3.1435650016646832,112.66157700447366,442.0
1789925399,50,POST,POST /api/v1/auth/login,0.000000,0.000000,0,0,0,0,0,0,0,0,0,0,0,50,0,1500.0,1477.9047070807428,445.2963610092411,2304.906449993723,1622.0
1789925399,50,,Aggregated,24.100000,0.000000,6,6,7,7,8,9,10,12,16,16,16,5264,0,6,21.09248267929353,3.1435650016646832,2304.906449993723,6911.841755319149
1789925400,50,GET,GET /api/v1/reservas,18.300000,0.000000,6,7,7,7,8,10,12,13,16,16,16,4002,0,7,7.55347442602873,3.973932994995266,153.42335699824616,8965.0
1789925400,50,GET,GET /api/v1/reservas/{id},6.200000,0.000000,5,5,6,6,6,7,8,9,9,9,9,1235,0,5,5.710569501058896,3.1435650016646832,112.66157700447366,442.0
1789925400,50,POST,POST /api/v1/auth/login,0.000000,0.000000,0,0,0,0,0,0,0,0,0,0,0,50,0,1500.0,1477.9047070807428,445.2963610092411,2304.906449993723,1622.0
1789925400,50,,Aggregated,24.500000,0.000000,6,7,7,7,8,10,11,12,16,16,16,5287,0,6,21.028332389031938,3.1435650016646832,2304.906449993723,6904.652922262152
1789925401,50,GET,GET /api/v1/reservas,18.300000,0.000000,6,7,7,7,9,10,12,13,16,16,16,4015,0,7,7.552994031373992,3.973932994995266,153.42335699824616,8965.0
1789925401,50,GET,GET /api/v1/reservas/{id},6.600000,0.000000,5,5,6,6,7,7,8,9,9,9,9,1245,0,5,5.709204894614904,3.1435650016646832,112.66157700447366,442.0
1789925401,50,POST,POST /api/v1/auth/login,0.000000,0.000000,0,0,0,0,0,0,0,0,0,0,0,50,0,1500.0,1477.9047070807428,445.2963610092411,2304.906449993723,1622.0
1789925401,50,,Aggregated,24.900000,0.000000,6,7,7,7,8,10,10,12,16,16,16,5310,0,6,20.96581289713734,3.1435650016646832,2304.906449993723,6897.526365348399
1789925402,50,GET,GET /api/v1/reservas,17.200000,0.000000,6,7,7,8,9,10,12,13,16,16,16,4032,0,7,7.547797373497757,3.973932994995266,153.42335699824616,8965.0
1789925402,50,GET,GET /api/v1/reservas/{id},6.600000,0.000000,5,5,6,6,7,7,8,9,9,9,9,1252,0,5,5.704159209084066,3.1435650016646832,112.66157700447366,442.0
1789925402,50,POST,POST /api/v1/auth/login,0.000000,0.000000,0,0,0,0,0,0,0,0,0,0,0,50,0,1500.0,1477.9047070807428,445.2963610092411,2304.906449993723,1622.0
1789925402,50,,Aggregated,23.800000,0.000000,6,7,7,7,8,10,10,12,16,16,16,5334,0,6,20.89793057625672,3.1435650016646832,2304.906449993723,6895.643794525684
1789925403,50,GET,GET /api/v1/reservas,17.400000,0.000000,6,7,7,7,8,10,10,13,17,17,17,4048,0,7,7.54496935990649,3.973932994995266,153.42335699824616,8965.0
1789925403,50,GET,GET /api/v1/reservas/{id},7.000000,0.000000,5,5,6,6,7,7,8,9,9,9,9,1259,0,5,5.697185892592416,3.1435650016646832,112.66157700447366,442.0
1789925403,50,POST,POST /api/v1/auth/login,0.000000,0.000000,0,0,0,0,0,0,0,0,0,0,0,50,0,1500.0,1477.9047070807428,445.2963610092411,2304.906449993723,1622.0
1789925403,50,,Aggregated,24.400000,0.000000,6,7,7,7,8,9,10,12,17,17,17,5357,0,6,20.83442754558754,3.1435650016646832,2304.906449993723,6893.3914504386785
1789925404,50,GET,GET /api/v1/reservas,17.000000,0.000000,6,7,7,7,9,10,12,13,17,17,17,4068,0,7,7.542829986207887,3.973932994995266,153.42335699824616,8965.0
1789925404,50,GET,GET /api/v1/reservas/{id},7.200000,0.000000,5,5,6,6,7,7,8,9,9,9,9,1267,0,5,5.6930166470172106,3.1435650016646832,112.66157700447366,442.0
1789925404,50,POST,POST /api/v1/auth/login,0.000000,0.000000,0,0,0,0,0,0,0,0,0,0,0,50,0,1500.0,1477.9047070807428,445.2963610092411,2304.906449993723,1622.0
1789925404,50,,Aggregated,24.200000,0.000000,6,7,7,7,8,9,10,13,17,17,17,5385,0,6,20.759985112293712,3.1435650016646832,2304.906449993723,6891.501207056639
1789925405,50,GET,GET /api/v1/reservas,16.900000,0.000000,6,7,7,7,9,10,13,13,17,17,17,4086,0,7,7.539495245938157,3.973932994995266,153.42335699824616,8965.0
1789925405,50,GET,GET /api/v1/reservas/{id},7.300000,0.000000,5,5,6,6,7,7,8,9,9,9,9,1270,0,5,5.6918944549443395,3.1435650016646832,112.66157700447366,442.0
1789925405,50,POST,POST /api/v1/auth/login,0.000000,0.000000,0,0,0,0,0,0,0,0,0,0,0,50,0,1500.0,1477.9047070807428,445.2963610092411,2304.906449993723,1622.0
1789925405,50,,Aggregated,24.200000,0.000000,6,7,7,7,8,9,11,13,17,17,17,5406,0,6,20.704831462582273,3.1435650016646832,2304.906449993723,6894.826119126896
1789925406,50,GET,GET /api/v1/reservas,17.000000,0.000000,7,7,7,7,9,10,13,13,17,17,17,4108,0,7,7.5343678166612085,3.973932994995266,153.42335699824616,8965.0
1789925406,50,GET,GET /api/v1/reservas/{id},7.200000,0.000000,5,5,6,6,7,8,9,9,9,9,9,1278,0,5,5.693484879321005,3.1435650016646832,112.66157700447366,442.0
1789925406,50,POST,POST /api/v1/auth/login,0.000000,0.000000,0,0,0,0,0,0,0,0,0,0,0,50,0,1500.0,1477.9047070807428,445.2963610092411,2304.906449993723,1622.0
1789925406,50,,Aggregated,24.200000,0.000000,6,7,7,7,8,9,11,13,17,17,17,5436,0,6,20.62595511785387,3.1435650016646832,2304.906449993723,6893.70787343635
1789925407,50,GET,GET /api/v1/reservas,17.400000,0.000000,6,7,7,7,8,10,13,17,22,22,22,4127,0,7,7.530195581743683,3.973932994995266,153.42335699824616,8965.0
1789925407,50,GET,GET /api/v1/reservas/{id},7.200000,0.000000,5,5,5,6,7,7,8,9,9,9,9,1284,0,5,5.689240055907365,3.1435650016646832,112.66157700447366,442.0
1789925407,50,POST,POST /api/v1/auth/login,0.000000,0.000000,0,0,0,0,0,0,0,0,0,0,0,50,0,1500.0,1477.9047070807428,445.2963610092411,2304.906449993723,1622.0
1789925407,50,,Aggregated,24.600000,0.000000,6,7,7,7,8,9,13,13,22,22,22,5461,0,6,20.559849249529094,3.1435650016646832,2304.906449993723,6893.825856070317
1789925408,50,GET,GET /api/v1/reservas,17.100000,0.000000,6,7,7,7,8,10,13,17,22,22,22,4145,0,7,7.52514944917638,3.973932994995266,153.42335699824616,8965.0
1789925408,50,GET,GET /api/v1/reservas/{id},7.000000,0.000000,5,5,5,6,6,7,8,9,9,9,9,1287,0,5,5.687631937674183,3.1435650016646832,112.66157700447366,442.0
1789925408,50,POST,POST /api/v1/auth/login,0.000000,0.000000,0,0,0,0,0,0,0,0,0,0,0,50,0,1500.0,1477.9047070807428,445.2963610092411,2304.906449993723,1622.0
1789925408,50,,Aggregated,24.100000,0.000000,6,7,7,7,8,9,13,13,22,22,22,5482,0,6,20.504735885563647,3.1435650016646832,2304.906449993723,6897.095767967895
1789925409,50,GET,GET /api/v1/reservas,17.500000,0.000000,6,7,7,7,9,10,13,17,22,22,22,4164,0,7,7.520518171426598,3.973932994995266,153.42335699824616,8965.0
1789925409,50,GET,GET /api/v1/reservas/{id},7.400000,0.000000,5,5,5,6,6,7,8,9,9,9,9,1299,0,5,5.677386440919318,3.1435650016646832,112.66157700447366,442.0
1789925409,50,POST,POST /api/v1/auth/login,0.000000,0.000000,0,0,0,0,0,0,0,0,0,0,0,50,0,1500.0,1477.9047070807428,445.2963610092411,2304.906449993723,1622.0
1789925409,50,,Aggregated,24.900000,0.000000,6,7,7,7,8,9,13,13,22,22,22,5513,0,6,20.421838927373788,3.1435650016646832,2304.906449993723,6890.171957192091
1789925410,50,GET,GET /api/v1/reservas,17.700000,0.000000,6,7,7,7,9,10,13,17,22,22,22,4174,0,7,7.518133789853263,3.973932994995266,153.42335699824616,8965.0
1789925410,50,GET,GET /api/v1/reservas/{id},7.200000,0.000000,5,5,5,6,6,7,8,9,9,9,9,1305,0,5,5.6739122189659,3.1435650016646832,112.66157700447366,442.0
1789925410,50,POST,POST /api/v1/auth/login,0.000000,0.000000,0,0,0,0,0,0,0,0,0,0,0,50,0,1500.0,1477.9047070807428,445.2963610092411,2304.906449993723,1622.0
1789925410,50,,Aggregated,24.900000,0.000000,6,7,7,7,8,9,11,13,22,22,22,5529,0,6,20.37988447072439,3.1435650016646832,2304.906449993723,6886.927111593416
1789925411,50,GET,GET /api/v1/reservas,17.100000,0.000000,6,7,7,7,8,10,13,17,22,22,22,4197,0,7,7.509404065491216,3.973932994995266,153.42335699824616,8965.0
1789925411,50,GET,GET /api/v1/reservas/{id},7.100000,0.000000,5,5,5,5,6,7,8,9,9,9,9,1312,0,5,5.6666658176321265,3.1435650016646832,112.66157700447366,442.0
1789925411,50,POST,POST /api/v1/auth/login,0.000000,0.000000,0,0,0,0,0,0,0,0,0,0,0,50,0,1500.0,1477.9047070807428,445.2963610092411,2304.906449993723,1622.0
1789925411,50,,Aggregated,24.200000,0.000000,6,6,7,7,8,9,11,13,22,22,22,5559,0,6,20.29985065113098,3.1435650016646832,2304.906449993723,6887.409426155783
1789925412,50,GET,GET /api/v1/reservas,17.800000,0.000000,6,7,7,7,9,10,13,17,22,22,22,4217,0,7,7.507864404035759,3.973932994995266,153.42335699824616,8965.0
1789925412,50,GET,GET /api/v1/reservas/{id},7.100000,0.000000,5,5,5,6,6,7,8,9,9,9,9,1316,0,5,5.664598300698228,3.1435650016646832,112.66157700447366,442.0
1789925412,50,POST,POST /api/v1/auth/login,0.000000,0.000000,0,0,0,0,0,0,0,0,0,0,0,50,0,1500.0,1477.9047070807428,445.2963610092411,2304.906449993723,1622.0
1789925412,50,,Aggregated,24.900000,0.000000,6,6,7,7,8,10,12,13,22,22,22,5583,0,6,20.24189699258012,3.1435650016646832,2304.906449993723,6890.234103528569
1789925413,50,GET,GET /api/v1/reservas,18.100000,0.000000,6,7,7,7,9,11,16,22,23,23,23,4240,0,7,7.508947067415064,3.973932994995266,153.42335699824616,8965.0
1789925413,50,GET,GET /api/v1/reservas/{id},6.500000,0.000000,5,5,5,6,6,7,9,19,19,19,19,1322,0,5,5.671073086781243,3.1435650016646832,112.66157700447366,442.0
1789925413,50,POST,POST /api/v1/auth/login,0.000000,0.000000,0,0,0,0,0,0,0,0,0,0,0,50,0,1500.0,1477.9047070807428,445.2963610092411,2304.906449993723,1622.0
1789925413,50,,Aggregated,24.600000,0.000000,6,6,7,7,8,10,16,22,23,23,23,5612,0,6,20.176466418496403,3.1435650016646832,2304.906449993723,6891.84319315752
1789925414,50,GET,GET /api/v1/reservas,18.700000,0.000000,6,7,7,7,8,10,16,22,23,23,23,4264,0,7,7.500276743616691,3.973932994995266,153.42335699824616,8965.0
1789925414,50,GET,GET /api/v1/reservas/{id},6.500000,0.000000,5,5,6,6,7,7,9,19,19,19,19,1324,0,5,5.67029425054873,3.1435650016646832,112.66157700447366,442.0
1789925414,50,POST,POST /api/v1/auth/login,0.000000,0.000000,0,0,0,0,0,0,0,0,0,0,0,50,0,1500.0,1477.9047070807428,445.2963610092411,2304.906449993723,1622.0
1789925414,50,,Aggregated,25.200000,0.000000,6,6,7,7,8,10,16,22,23,23,23,5638,0,6,20.110657143764673,3.1435650016646832,2304.906449993723,6898.380276693863
1789925415,50,GET,GET /api/v1/reservas,18.800000,0.000000,6,7,7,7,8,10,16,22,23,23,23,4281,0,7,7.49569440008745,3.973932994995266,153.42335699824616,8965.0
1789925415,50,GET,GET /api/v1/reservas/{id},6.200000,0.000000,5,5,6,6,7,7,9,19,19,19,19,1328,0,5,5.6701045276599595,3.1435650016646832,112.66157700447366,442.0
1789925415,50,POST,POST /api/v1/auth/login,0.000000,0.000000,0,0,0,0,0,0,0,0,0,0,0,50,0,1500.0,1477.9047070807428,445.2963610092411,2304.906449993723,1622.0
1789925415,50,,Aggregated,25.000000,0.000000,6,6,7,7,8,9,16,22,23,23,23,5659,0,6,20.059056704990976,3.1435650016646832,2304.906449993723,6900.024916062908
1789925416,50,GET,GET /api/v1/reservas,19.000000,0.000000,6,6,7,7,8,10,12,22,23,23,23,4301,0,7,7.489906011561085,3.973932994995266,153.42335699824616,8965.0
1789925416,50,GET,GET /api/v1/reservas/{id},6.100000,0.000000,5,5,5,6,6,7,7,19,19,19,19,1334,0,5,5.667259927855272,3.1435650016646832,112.66157700447366,442.0
1789925416,50,POST,POST /api/v1/auth/login,0.000000,0.000000,0,0,0,0,0,0,0,0,0,0,0,50,0,1500.0,1477.9047070807428,445.2963610092411,2304.906449993723,1622.0
1789925416,50,,Aggregated,25.100000,0.000000,6,6,7,7,7,9,12,19,23,23,23,5685,0,6,19.994625479950802,3.1435650016646832,2304.906449993723,6900.473702726473
1789925417,50,GET,GET /api/v1/reservas,19.900000,0.000000,6,7,7,7,8,10,12,22,23,23,23,4322,0,7,7.486329594802266,3.973932994995266,153.42335699824616,8965.0
1789925417,50,GET,GET /api/v1/reservas/{id},5.600000,0.000000,5,5,5,6,6,7,7,19,19,19,19,1342,0,5,5.664688315031819,3.1435650016646832,112.66157700447366,442.0
1789925417,50,POST,POST /api/v1/auth/login,0.000000,0.000000,0,0,0,0,0,0,0,0,0,0,0,50,0,1500.0,1477.9047070807428,445.2963610092411,2304.906449993723,1622.0
1789925417,50,,Aggregated,25.500000,0.000000,6,6,7,7,8,10,12,19,23,23,23,5714,0,6,19.925299891765004,3.1435650016646832,2304.906449993723,6899.018900945047
1789925418,50,GET,GET /api/v1/reservas,18.700000,0.000000,6,7,7,7,9,10,12,22,23,23,23,4340,0,7,7.485473795092776,3.973932994995266,153.42335699824616,8965.0
1789925418,50,GET,GET /api/v1/reservas/{id},6.100000,0.000000,5,5,6,6,6,7,7,19,19,19,19,1347,0,5,5.663122308649916,3.1435650016646832,112.66157700447366,442.0
1789925418,50,POST,POST /api/v1/auth/login,0.000000,0.000000,0,0,0,0,0,0,0,0,0,0,0,50,0,1500.0,1477.9047070807428,445.2963610092411,2304.906449993723,1622.0
1789925418,50,,Aggregated,24.800000,0.000000,6,6,7,7,8,9,12,19,23,23,23,5737,0,6,19.872828547061395,3.1435650016646832,2304.906449993723,6899.873453024229
1789925419,50,GET,GET /api/v1/reservas,19.200000,0.000000,6,7,7,7,8,10,12,22,23,23,23,4360,0,7,7.479543963914076,3.973932994995266,153.42335699824616,8965.0
1789925419,50,GET,GET /api/v1/reservas/{id},5.600000,0.000000,5,5,6,6,6,7,9,19,19,19,19,1350,0,5,5.665594087967528,3.1435650016646832,112.66157700447366,442.0
1789925419,50,POST,POST /api/v1/auth/login,0.000000,0.000000,0,0,0,0,0,0,0,0,0,0,0,50,0,1500.0,1477.9047070807428,445.2963610092411,2304.906449993723,1622.0
1789925419,50,,Aggregated,24.800000,0.000000,6,6,7,7,8,9,12,19,23,23,23,5760,0,6,19.818506780461576,3.1435650016646832,2304.906449993723,6903.680555555556
1789925420,50,GET,GET /api/v1/reservas,19.000000,0.000000,6,7,7,7,8,10,12,22,23,23,23,4378,0,7,7.474523465427884,3.973932994995266,153.42335699824616,8965.0
1789925420,50,GET,GET /api/v1/reservas/{id},5.700000,0.000000,5,5,6,6,6,7,19,19,19,19,19,1356,0,5,5.659522384778678,3.1435650016646832,112.66157700447366,442.0
1789925420,50,POST,POST /api/v1/auth/login,0.000000,0.000000,0,0,0,0,0,0,0,0,0,0,0,50,0,1500.0,1477.9047070807428,445.2963610092411,2304.906449993723,1622.0
1789925420,50,,Aggregated,24.700000,0.000000,6,6,7,7,8,9,12,19,23,23,23,5784,0,6,19.760202531023566,3.1435650016646832,2304.906449993723,6903.392461964038
1789925421,50,GET,GET /api/v1/reservas,19.900000,0.000000,6,7,7,7,8,9,12,22,23,23,23,4396,0,7,7.467167390039402,3.973932994995266,153.42335699824616,8965.0
1789925421,50,GET,GET /api/v1/reservas/{id},5.700000,0.000000,5,5,6,6,6,7,19,19,19,19,19,1361,0,5,5.65588255236885,3.1435650016646832,112.66157700447366,442.0
1789925421,50,POST,POST /api/v1/auth/login,0.000000,0.000000,0,0,0,0,0,0,0,0,0,0,0,50,0,1500.0,1477.9047070807428,445.2963610092411,2304.906449993723,1622.0
1789925421,50,,Aggregated,25.600000,0.000000,6,6,7,7,8,9,12,19,23,23,23,5807,0,6,19.703557663927047,3.1435650016646832,2304.906449993723,6904.219390390907
1789925422,50,GET,GET /api/v1/reservas,19.500000,0.000000,6,7,7,7,8,9,12,22,23,23,23,4414,0,7,7.462283350609521,3.973932994995266,153.42335699824616,8965.0
1789925422,50,GET,GET /api/v1/reservas/{id},5.400000,0.000000,5,5,5,6,6,7,19,19,19,19,19,1368,0,5,5.649845762975168,3.1435650016646832,112.66157700447366,442.0
1789925422,50,POST,POST /api/v1/auth/login,0.000000,0.000000,0,0,0,0,0,0,0,0,0,0,0,50,0,1500.0,1477.9047070807428,445.2963610092411,2304.906449993723,1622.0
1789925422,50,,Aggregated,24.900000,0.000000,6,6,7,7,8,9,12,19,23,23,23,5832,0,6,19.64381739838436,3.1435650016646832,2304.906449993723,6902.823388203018
1789925423,50,GET,GET /api/v1/reservas,19.700000,0.000000,6,6,7,7,8,9,11,12,16,16,16,4440,0,7,7.4536193798652475,3.973932994995266,153.42335699824616,8965.0
1789925423,50,GET,GET /api/v1/reservas/{id},5.200000,0.000000,5,5,5,6,6,7,13,13,13,13,13,1372,0,5,5.651975746896816,3.1435650016646832,112.66157700447366,442.0
1789925423,50,POST,POST /api/v1/auth/login,0.000000,0.000000,0,0,0,0,0,0,0,0,0,0,0,50,0,1500.0,1477.9047070807428,445.2963610092411,2304.906449993723,1622.0
1789925423,50,,Aggregated,24.900000,0.000000,6,6,7,7,8,9,11,12,16,16,16,5862,0,6,19.574175388157844,3.1435650016646832,2304.906449993723,6907.561241896963
1789925424,50,GET,GET /api/v1/reservas,19.800000,0.000000,6,6,7,7,8,9,11,12,16,16,16,4460,0,7,7.446473596332153,3.973932994995266,153.42335699824616,8965.0
1789925424,50,GET,GET /api/v1/reservas/{id},4.900000,0.000000,5,5,5,6,6,6,9,13,13,13,13,1376,0,5,5.649485294873367,3.1435650016646832,112.66157700447366,442.0
1789925424,50,POST,POST /api/v1/auth/login,0.000000,0.000000,0,0,0,0,0,0,0,0,0,0,0,50,0,1500.0,1477.9047070807428,445.2963610092411,2304.906449993723,1622.0
1789925424,50,,Aggregated,24.700000,0.000000,6,6,6,7,8,9,11,12,16,16,16,5886,0,6,19.51753302062934,3.1435650016646832,2304.906449993723,6910.158341828067
1789925425,50,GET,GET /api/v1/reservas,19.600000,0.000000,6,6,7,7,8,9,10,12,16,16,16,4478,0,7,7.441404719650532,3.973932994995266,153.42335699824616,8965.0
1789925425,50,GET,GET /api/v1/reservas/{id},5.200000,0.000000,5,5,5,6,6,6,13,13,13,13,13,1377,0,5,5.648182460959354,3.1435650016646832,112.66157700447366,442.0
1789925425,50,POST,POST /api/v1/auth/login,0.000000,0.000000,0,0,0,0,0,0,0,0,0,0,0,50,0,1500.0,1477.9047070807428,445.2963610092411,2304.906449993723,1622.0
1789925425,50,,Aggregated,24.800000,0.000000,6,6,6,7,8,9,10,12,16,16,16,5905,0,6,19.474240971612744,3.1435650016646832,2304.906449993723,6915.3266723116
1789925426,50,GET,GET /api/v1/reservas,20.000000,0.000000,6,6,7,7,8,9,9,10,16,16,16,4495,0,7,7.434789756521711,3.973932994995266,153.42335699824616,8965.0
1789925426,50,GET,GET /api/v1/reservas/{id},5.200000,0.000000,5,5,5,6,6,8,9,13,13,13,13,1387,0,5,5.643153708545567,3.1435650016646832,112.66157700447366,442.0
1789925426,50,POST,POST /api/v1/auth/login,0.000000,0.000000,0,0,0,0,0,0,0,0,0,0,0,50,0,1500.0,1477.9047070807428,445.2963610092411,2304.906449993723,1622.0
1789925426,50,,Aggregated,25.200000,0.000000,6,6,6,7,8,9,9,10,16,16,16,5932,0,6,19.410261210949923,3.1435650016646832,2304.906449993723,6910.288098449089
1789925427,50,GET,GET /api/v1/reservas,19.300000,0.000000,6,6,7,7,8,9,10,16,23,23,23,4518,0,7,7.432914401410409,3.973932994995266,153.42335699824616,8965.0
1789925427,50,GET,GET /api/v1/reservas/{id},5.100000,0.000000,5,5,6,6,6,9,13,17,17,17,17,1393,0,5,5.648988925180216,3.1435650016646832,112.66157700447366,442.0
1789925427,50,POST,POST /api/v1/auth/login,0.000000,0.000000,0,0,0,0,0,0,0,0,0,0,0,50,0,1500.0,1477.9047070807428,445.2963610092411,2304.906449993723,1622.0
1789925427,50,,Aggregated,24.400000,0.000000,6,6,7,7,8,9,11,16,23,23,23,5961,0,6,19.35013994168519,3.1435650016646832,2304.906449993723,6911.705418553934
1789925428,50,GET,GET /api/v1/reservas,20.100000,0.000000,6,6,7,7,8,8,10,16,23,23,23,4531,0,7,7.42842131816008,3.973932994995266,153.42335699824616,8965.0
1789925428,50,GET,GET /api/v1/reservas/{id},5.000000,0.000000,5,5,5,6,6,9,13,17,17,17,17,1403,0,5,5.643041108170918,3.1435650016646832,112.66157700447366,442.0
1789925428,50,POST,POST /api/v1/auth/login,0.000000,0.000000,0,0,0,0,0,0,0,0,0,0,0,50,0,1500.0,1477.9047070807428,445.2963610092411,2304.906449993723,1622.0
1789925428,50,,Aggregated,25.100000,0.000000,6,6,6,7,8,8,11,16,23,23,23,5984,0,6,19.29655732309229,3.1435650016646832,2304.906449993723,6905.354445187166
1789925429,50,GET,GET /api/v1/reservas,19.600000,0.000000,6,6,7,7,8,8,10,16,23,23,23,4546,0,7,7.4246222157,3.973932994995266,153.42335699824616,8965.0
1789925429,50,GET,GET /api/v1/reservas/{id},5.300000,0.000000,5,5,6,6,7,8,13,17,17,17,17,1412,0,5,5.644072171938955,3.1435650016646832,112.66157700447366,442.0
1789925429,50,POST,POST /api/v1/auth/login,0.000000,0.000000,0,0,0,0,0,0,0,0,0,0,0,50,0,1500.0,1477.9047070807428,445.2963610092411,2304.906449993723,1622.0
1789925429,50,,Aggregated,24.900000,0.000000,6,6,6,7,8,8,11,16,23,23,23,6008,0,6,19.24384118731477,3.1435650016646832,2304.906449993723,6900.814580559254
1789925430,50,GET,GET /api/v1/reservas,19.200000,0.000000,6,6,7,7,8,8,11,23,24,24,24,4564,0,7,7.421139531896038,3.973932994995266,153.42335699824616,8965.0
1789925430,50,GET,GET /api/v1/reservas/{id},5.600000,0.000000,5,5,6,6,6,8,13,17,17,17,17,1419,0,5,5.641143643965474,3.1435650016646832,112.66157700447366,442.0
1789925430,50,POST,POST /api/v1/auth/login,0.000000,0.000000,0,0,0,0,0,0,0,0,0,0,0,50,0,1500.0,1477.9047070807428,445.2963610092411,2304.906449993723,1622.0
1789925430,50,,Aggregated,24.800000,0.000000,6,6,6,7,8,8,13,17,24,24,24,6033,0,6,19.18947439224228,3.1435650016646832,2304.906449993723,6899.479197745732
1789925431,50,GET,GET /api/v1/reservas,18.600000,0.000000,6,6,7,7,8,8,11,23,24,24,24,4578,0,7,7.415646920613199,3.973932994995266,153.42335699824616,8965.0
1789925431,50,GET,GET /api/v1/reservas/{id},5.700000,0.000000,5,5,6,6,6,8,13,17,17,17,17,1427,0,5,5.634178443446843,3.1435650016646832,112.66157700447366,442.0
1789925431,50,POST,POST /api/v1/auth/login,0.000000,0.000000,0,0,0,0,0,0,0,0,0,0,0,50,0,1500.0,1477.9047070807428,445.2963610092411,2304.906449993723,1622.0
1789925431,50,,Aggregated,24.300000,0.000000,6,6,6,7,7,8,13,17,24,24,24,6055,0,6,19.138569710223454,3.1435650016646832,2304.906449993723,6895.7232039636665
1789925432,50,GET,GET /api/v1/reservas,19.300000,0.000000,6,6,7,7,8,9,16,23,24,24,24,4596,0,7,7.4139658110440685,3.973932994995266,153.42335699824616,8965.0
1789925432,50,GET,GET /api/v1/reservas/{id},6.300000,0.000000,5,5,6,6,7,8,17,17,17,17,17,1436,0,5,5.639855084114453,3.1435650016646832,112.66157700447366,442.0
1789925432,50,POST,POST /api/v1/auth/login,0.000000,0.000000,0,0,0,0,0,0,0,0,0,0,0,50,0,1500.0,1477.9047070807428,445.2963610092411,2304.906449993723,1622.0
1789925432,50,,Aggregated,25.600000,0.000000,6,6,6,7,8,9,16,17,24,24,24,6082,0,6,19.083961545936212,3.1435650016646832,2304.906449993723,6892.29727063466
1789925433,50,GET,GET /api/v1/reservas,18.900000,0.000000,6,6,7,7,8,9,16,23,24,24,24,4611,0,7,7.411774679582101,3.973932994995266,153.42335699824616,8965.0
1789925433,50,GET,GET /api/v1/reservas/{id},6.300000,0.000000,5,5,6,6,7,8,17,17,17,17,17,1440,0,5,5.636570586648304,3.1435650016646832,112.66157700447366,442.0
1789925433,50,POST,POST /api/v1/auth/login,0.000000,0.000000,0,0,0,0,0,0,0,0,0,0,0,50,0,1500.0,1477.9047070807428,445.2963610092411,2304.906449993723,1622.0
1789925433,50,,Aggregated,25.200000,0.000000,6,6,6,7,8,9,16,17,24,24,24,6101,0,6,19.04402393810257,3.1435650016646832,2304.906449993723,6893.1642353712505
1789925434,50,GET,GET /api/v1/reservas,18.200000,0.000000,6,6,6,7,8,9,16,23,24,24,24,4637,0,7,7.4013213591754266,3.973932994995266,153.42335699824616,8965.0
1789925434,50,GET,GET /api/v1/reservas/{id},6.700000,0.000000,5,5,6,6,7,8,17,17,17,17,17,1445,0,5,5.630754548645414,3.1435650016646832,112.66157700447366,442.0
1789925434,50,POST,POST /api/v1/auth/login,0.000000,0.000000,0,0,0,0,0,0,0,0,0,0,0,50,0,1500.0,1477.9047070807428,445.2963610092411,2304.906449993723,1622.0
1789925434,50,,Aggregated,24.900000,0.000000,5,6,6,6,8,9,16,17,24,24,24,6132,0,6,18.97449491508908,3.1435650016646832,2304.906449993723,6896.688682322244
1789925435,50,GET,GET /api/v1/reservas,18.100000,0.000000,6,6,7,7,8,9,16,23,24,24,24,4657,0,7,7.396477633998062,3.973932994995266,153.42335699824616,8965.0
1789925435,50,GET,GET /api/v1/reservas/{id},6.600000,0.000000,5,5,6,6,7,8,17,17,17,17,17,1448,0,5,5.630457350000233,3.1435650016646832,112.66157700447366,442.0
1789925435,50,POST,POST /api/v1/auth/login,0.000000,0.000000,0,0,0,0,0,0,0,0,0,0,0,50,0,1500.0,1477.9047070807428,445.2963610092411,2304.906449993723,1622.0
1789925435,50,,Aggregated,24.700000,0.000000,6,6,6,7,8,9,16,17,24,24,24,6155,0,6,18.926650518012423,3.1435650016646832,2304.906449993723,6900.263363119415
1789925436,50,GET,GET /api/v1/reservas,17.800000,0.000000,6,6,7,7,8,10,16,23,24,24,24,4678,0,7,7.390696926997377,3.973932994995266,153.42335699824616,8965.0
1789925436,50,GET,GET /api/v1/reservas/{id},6.900000,0.000000,5,5,5,6,7,8,17,17,17,17,17,1454,0,5,5.626502173176203,3.1435650016646832,112.66157700447366,442.0
1789925436,50,POST,POST /api/v1/auth/login,0.000000,0.000000,0,0,0,0,0,0,0,0,0,0,0,50,0,1500.0,1477.9047070807428,445.2963610092411,2304.906449993723,1622.0
1789925436,50,,Aggregated,24.700000,0.000000,6,6,6,7,8,9,16,17,24,24,24,6182,0,6,18.86927365550454,3.1435650016646832,2304.906449993723,6901.0090585571015
1789925437,50,GET,GET /api/v1/reservas,17.400000,0.000000,6,6,6,7,8,9,13,16,24,24,24,4700,0,7,7.386675673720249,3.973932994995266,153.42335699824616,8965.0
1789925437,50,GET,GET /api/v1/reservas/{id},7.100000,0.000000,5,5,5,6,7,8,8,17,17,17,17,1461,0,5,5.6189498691304065,3.1435650016646832,112.66157700447366,442.0
1789925437,50,POST,POST /api/v1/auth/login,0.000000,0.000000,0,0,0,0,0,0,0,0,0,0,0,50,0,1500.0,1477.9047070807428,445.2963610092411,2304.906449993723,1622.0
1789925437,50,,Aggregated,24.500000,0.000000,5,6,6,6,8,9,13,16,24,24,24,6211,0,6,18.808870838725138,3.1435650016646832,2304.906449993723,6901.040412171953
1789925438,50,GET,GET /api/v1/reservas,18.300000,0.000000,6,6,6,7,8,9,13,16,24,24,24,4715,0,7,7.3831758176996045,3.973932994995266,153.42335699824616,8965.0
1789925438,50,GET,GET /api/v1/reservas/{id},6.900000,0.000000,5,5,5,5,7,8,8,17,17,17,17,1467,0,5,5.615274937823891,3.1435650016646832,112.66157700447366,442.0
1789925438,50,POST,POST /api/v1/auth/login,0.000000,0.000000,0,0,0,0,0,0,0,0,0,0,0,50,0,1500.0,1477.9047070807428,445.2963610092411,2304.906449993723,1622.0
1789925438,50,,Aggregated,25.200000,0.000000,6,6,6,7,8,9,13,16,24,24,24,6232,0,6,18.76516650646316,3.1435650016646832,2304.906449993723,6899.789634146341
1789925439,50,GET,GET /api/v1/reservas,18.100000,0.000000,6,6,7,7,8,9,13,16,24,24,24,4737,0,7,7.378921402460488,3.973932994995266,153.42335699824616,8965.0
1789925439,50,GET,GET /api/v1/reservas/{id},6.900000,0.000000,5,5,5,5,6,8,8,17,17,17,17,1474,0,5,5.612811482220185,3.1435650016646832,112.66157700447366,442.0
1789925439,50,POST,POST /api/v1/auth/login,0.000000,0.000000,0,0,0,0,0,0,0,0,0,0,0,50,0,1500.0,1477.9047070807428,445.2963610092411,2304.906449993723,1622.0
1789925439,50,,Aggregated,25.000000,0.000000,6,6,6,7,8,9,13,16,24,24,24,6261,0,6,18.706671484153492,3.1435650016646832,2304.906449993723,6899.826385561412
1789925440,50,GET,GET /api/v1/reservas,18.600000,0.000000,6,6,7,7,8,9,13,16,16,16,16,4755,0,7,7.375516109454978,3.973932994995266,153.42335699824616,8965.0
1789925440,50,GET,GET /api/v1/reservas/{id},6.400000,0.000000,5,5,5,5,6,8,9,17,17,17,17,1483,0,5,5.612740080793192,3.1435650016646832,112.66157700447366,442.0
1789925440,50,POST,POST /api/v1/auth/login,0.000000,0.000000,0,0,0,0,0,0,0,0,0,0,0,50,0,1500.0,1477.9047070807428,445.2963610092411,2304.906449993723,1622.0
1789925440,50,,Aggregated,25.000000,0.000000,6,6,6,7,8,9,13,16,17,17,17,6288,0,6,18.65291157670354,3.1435650016646832,2304.906449993723,6896.495069974555
1789925441,50,GET,GET /api/v1/reservas,18.800000,0.000000,6,6,7,7,8,9,13,16,16,16,16,4775,0,7,7.369800434857412,3.973932994995266,153.42335699824616,8965.0
1789925441,50,GET,GET /api/v1/reservas/{id},6.200000,0.000000,5,5,5,6,6,8,9,17,17,17,17,1493,0,5,5.606548921518169,3.126689000055194,112.66157700447366,442.0
1789925441,50,POST,POST /api/v1/auth/login,0.000000,0.000000,0,0,0,0,0,0,0,0,0,0,0,50,0,1500.0,1477.9047070807428,445.2963610092411,2304.906449993723,1622.0
1789925441,50,,Aggregated,25.000000,0.000000,6,6,6,7,8,9,12,16,17,17,17,6318,0,6,18.590789802201314,3.126689000055194,2304.906449993723,6892.827002215891
1789925442,50,GET,GET /api/v1/reservas,18.600000,0.000000,6,6,7,7,8,9,12,13,16,16,16,4791,0,7,7.3655802716442835,3.973932994995266,153.42335699824616,8965.0
1789925442,50,GET,GET /api/v1/reservas/{id},6.300000,0.000000,5,5,5,5,6,7,8,9,9,9,9,1494,0,5,5.6056777549035,3.126689000055194,112.66157700447366,442.0
1789925442,50,POST,POST /api/v1/auth/login,0.000000,0.000000,0,0,0,0,0,0,0,0,0,0,0,50,0,1500.0,1477.9047070807428,445.2963610092411,2304.906449993723,1622.0
1789925442,50,,Aggregated,24.900000,0.000000,6,6,6,7,8,9,11,13,16,16,16,6335,0,6,18.55700284156444,3.126689000055194,2304.906449993723,6897.042304656669
1789925443,50,GET,GET /api/v1/reservas,18.700000,0.000000,6,6,7,7,8,10,13,13,15,15,15,4816,0,7,7.365581082100421,3.973932994995266,153.42335699824616,8965.0
1789925443,50,GET,GET /api/v1/reservas/{id},6.300000,0.000000,5,5,5,6,6,8,8,9,9,9,9,1498,0,5,5.602985432460324,3.126689000055194,112.66157700447366,442.0
1789925443,50,POST,POST /api/v1/auth/login,0.000000,0.000000,0,0,0,0,0,0,0,0,0,0,0,50,0,1500.0,1477.9047070807428,445.2963610092411,2304.906449993723,1622.0
1789925443,50,,Aggregated,25.000000,0.000000,6,6,7,7,8,9,13,13,15,15,15,6364,0,6,18.5042655599086,3.126689000055194,2304.906449993723,6901.10873664362
1789925444,50,GET,GET /api/v1/reservas,19.500000,0.000000,6,6,7,7,8,10,13,15,20,20,20,4832,0,7,7.362969107078918,3.973932994995266,153.42335699824616,8965.0
1789925444,50,GET,GET /api/v1/reservas/{id},6.300000,0.000000,5,5,5,5,6,8,8,9,9,9,9,1503,0,5,5.598095689168422,3.126689000055194,112.66157700447366,442.0
1789925444,50,POST,POST /api/v1/auth/login,0.000000,0.000000,0,0,0,0,0,0,0,0,0,0,0,50,0,1500.0,1477.9047070807428,445.2963610092411,2304.906449993723,1622.0
1789925444,50,,Aggregated,25.800000,0.000000,6,6,7,7,8,9,13,13,20,20,20,6385,0,6,18.46312292878036,3.126689000055194,2304.906449993723,6901.222552858261
1789925445,50,GET,GET /api/v1/reservas,19.700000,0.000000,6,7,7,7,9,10,13,15,20,20,20,4849,0,7,7.359909613809646,3.973932994995266,153.42335699824616,8965.0
1789925445,50,GET,GET /api/v1/reservas/{id},5.800000,0.000000,5,5,5,6,7,9,11,12,12,12,12,1515,0,5,5.604155069836047,3.126689000055194,112.66157700447366,442.0
1789925445,50,POST,POST /api/v1/auth/login,0.000000,0.000000,0,0,0,0,0,0,0,0,0,0,0,50,0,1500.0,1477.9047070807428,445.2963610092411,2304.906449993723,1622.0
1789925445,50,,Aggregated,25.500000,0.000000,6,6,7,7,8,10,13,13,20,20,20,6414,0,6,18.408751481478287,3.126689000055194,2304.906449993723,6894.6078889928285
1789925446,50,GET,GET /api/v1/reservas,19.800000,0.000000,6,7,7,7,8,10,13,15,20,20,20,4866,0,7,7.354873127707476,3.973932994995266,153.42335699824616,8965.0
1789925446,50,GET,GET /api/v1/reservas/{id},5.700000,0.000000,5,5,6,6,7,9,11,12,12,12,12,1520,0,5,5.605628240003793,3.126689000055194,112.66157700447366,442.0
1789925446,50,POST,POST /api/v1/auth/login,0.000000,0.000000,0,0,0,0,0,0,0,0,0,0,0,50,0,1500.0,1477.9047070807428,445.2963610092411,2304.906449993723,1622.0
1789925446,50,,Aggregated,25.500000,0.000000,6,6,7,7,8,10,13,13,20,20,20,6436,0,6,18.36615955846294,3.126689000055194,2304.906449993723,6895.063704164077
1789925447,50,GET,GET /api/v1/reservas,19.700000,0.000000,6,7,7,7,8,10,13,15,20,20,20,4884,0,7,7.350516228379659,3.973932994995266,153.42335699824616,8965.0
1789925447,50,GET,GET /api/v1/reservas/{id},5.900000,0.000000,5,5,6,6,8,9,11,12,12,12,12,1527,0,5,5.6035372834143695,3.126689000055194,112.66157700447366,442.0
1789925447,50,POST,POST /api/v1/auth/login,0.000000,0.000000,0,0,0,0,0,0,0,0,0,0,0,50,0,1500.0,1477.9047070807428,445.2963610092411,2304.906449993723,1622.0
1789925447,50,,Aggregated,25.600000,0.000000,6,6,7,7,8,9,13,13,20,20,20,6461,0,6,18.317869996164237,3.126689000055194,2304.906449993723,6893.839034205232
1789925448,50,GET,GET /api/v1/reservas,18.300000,0.000000,6,6,7,7,8,9,13,15,20,20,20,4907,0,7,7.34238692427442,3.973932994995266,153.42335699824616,8965.0
1789925448,50,GET,GET /api/v1/reservas/{id},6.500000,0.000000,5,5,6,6,8,9,11,12,12,12,12,1529,0,5,5.6038432280958475,3.126689000055194,112.66157700447366,442.0
1789925448,50,POST,POST /api/v1/auth/login,0.000000,0.000000,0,0,0,0,0,0,0,0,0,0,0,50,0,1500.0,1477.9047070807428,445.2963610092411,2304.906449993723,1622.0
1789925448,50,,Aggregated,24.800000,0.000000,6,6,7,7,8,9,13,13,20,20,20,6486,0,6,18.268980001111668,3.126689000055194,2304.906449993723,6899.194110391612
1789925449,50,GET,GET /api/v1/reservas,18.700000,0.000000,6,6,7,7,8,10,13,15,20,20,20,4925,0,7,7.33777515927618,3.973932994995266,153.42335699824616,8965.0
1789925449,50,GET,GET /api/v1/reservas/{id},6.800000,0.000000,5,5,6,6,8,11,12,13,13,13,13,1535,0,5,5.608178789419098,3.126689000055194,112.66157700447366,442.0
1789925449,50,POST,POST /api/v1/auth/login,0.000000,0.000000,0,0,0,0,0,0,0,0,0,0,0,50,0,1500.0,1477.9047070807428,445.2963610092411,2304.906449993723,1622.0
1789925449,50,,Aggregated,25.500000,0.000000,6,6,7,7,8,10,13,14,20,20,20,6510,0,6,18.224628641356475,3.126689000055194,2304.906449993723,6898.954685099847
1789925450,50,GET,GET /api/v1/reservas,18.400000,0.000000,6,6,7,7,8,10,13,15,20,20,20,4943,0,7,7.336145804051381,3.973932994995266,153.42335699824616,8965.0
1789925450,50,GET,GET /api/v1/reservas/{id},6.500000,0.000000,5,6,6,7,8,11,12,13,13,13,13,1539,0,5,5.60766560348284,3.126689000055194,112.66157700447366,442.0
1789925450,50,POST,POST /api/v1/auth/login,0.000000,0.000000,0,0,0,0,0,0,0,0,0,0,0,50,0,1500.0,1477.9047070807428,445.2963610092411,2304.906449993723,1622.0
1789925450,50,,Aggregated,24.900000,0.000000,6,6,7,7,8,10,13,14,20,20,20,6532,0,6,18.18554828953203,3.126689000055194,2304.906449993723,6900.6939681567665
1789925451,50,GET,GET /api/v1/reservas,18.600000,0.000000,6,6,7,7,8,10,13,15,20,20,20,4961,0,7,7.329352638862016,3.973932994995266,153.42335699824616,8965.0
1789925451,50,GET,GET /api/v1/reservas/{id},6.300000,0.000000,5,5,6,6,8,11,12,13,13,13,13,1549,0,5,5.597713097334426,2.9305210046004504,112.66157700447366,442.0
1789925451,50,POST,POST /api/v1/auth/login,0.000000,0.000000,0,0,0,0,0,0,0,0,0,0,0,50,0,1500.0,1477.9047070807428,445.2963610092411,2304.906449993723,1622.0
1789925451,50,,Aggregated,24.900000,0.000000,6,6,7,7,8,10,13,14,20,20,20,6560,0,6,18.12911758890284,2.9305210046004504,2304.906449993723,6896.512652439024
1789925452,50,GET,GET /api/v1/reservas,18.900000,0.000000,6,6,6,7,8,9,11,15,20,20,20,4979,0,7,7.323975512638489,3.973932994995266,153.42335699824616,8965.0
1789925452,50,GET,GET /api/v1/reservas/{id},5.700000,0.000000,5,5,6,6,7,10,12,13,13,13,13,1556,0,5,5.592105913099864,2.9305210046004504,112.66157700447366,442.0
1789925452,50,POST,POST /api/v1/auth/login,0.000000,0.000000,0,0,0,0,0,0,0,0,0,0,0,50,0,1500.0,1477.9047070807428,445.2963610092411,2304.906449993723,1622.0
1789925452,50,,Aggregated,24.600000,0.000000,6,6,6,7,8,9,12,14,20,20,20,6585,0,6,18.080884773310185,2.9305210046004504,2304.906449993723,6895.305542900532
1789925453,50,GET,GET /api/v1/reservas,19.300000,0.000000,6,6,7,7,8,10,11,14,18,18,18,4996,0,7,7.325438645599495,3.973932994995266,153.42335699824616,8965.0
1789925453,50,GET,GET /api/v1/reservas/{id},5.700000,0.000000,5,5,6,6,8,10,12,13,13,13,13,1562,0,5,5.589959944171546,2.9305210046004504,112.66157700447366,442.0
1789925453,50,POST,POST /api/v1/auth/login,0.000000,0.000000,0,0,0,0,0,0,0,0,0,0,0,50,0,1500.0,1477.9047070807428,445.2963610092411,2304.906449993723,1622.0
1789925453,50,,Aggregated,25.000000,0.000000,6,6,6,7,8,10,12,13,18,18,18,6608,0,6,18.042470378366854,2.9305210046004504,2304.906449993723,6894.770581113801
1789925454,50,GET,GET /api/v1/reservas,18.600000,0.000000,6,6,7,7,8,10,12,14,18,18,18,5020,0,7,7.317361906258968,3.973932994995266,153.42335699824616,8965.0
1789925454,50,GET,GET /api/v1/reservas/{id},5.800000,0.000000,5,5,6,6,8,10,12,13,13,13,13,1567,0,5,5.586410468927051,2.9305210046004504,112.66157700447366,442.0
1789925454,50,POST,POST /api/v1/auth/login,0.000000,0.000000,0,0,0,0,0,0,0,0,0,0,0,50,0,1500.0,1477.9047070807428,445.2963610092411,2304.906449993723,1622.0
1789925454,50,,Aggregated,24.400000,0.000000,6,6,6,7,8,10,12,13,18,18,18,6637,0,6,17.987388477966828,2.9305210046004504,2304.906449993723,6897.395510019587
1789925455,50,GET,GET /api/v1/reservas,18.400000,0.000000,6,6,7,7,8,10,12,14,18,18,18,5044,0,7,7.311266412451483,3.973932994995266,153.42335699824616,8965.0
1789925455,50,GET,GET /api/v1/reservas/{id},6.200000,0.000000,5,5,6,6,7,8,9,13,13,13,13,1569,0,5,5.586611463230814,2.9305210046004504,112.66157700447366,442.0
1789925455,50,POST,POST /api/v1/auth/login,0.000000,0.000000,0,0,0,0,0,0,0,0,0,0,0,50,0,1500.0,1477.9047070807428,445.2963610092411,2304.906449993723,1622.0
1789925455,50,,Aggregated,24.600000,0.000000,6,6,6,7,8,9,12,13,18,18,18,6663,0,6,17.940665844852404,2.9305210046004504,2304.906449993723,6902.905297913852
1789925456,50,GET,GET /api/v1/reservas,18.200000,0.000000,6,6,7,7,8,10,12,14,18,18,18,5062,0,7,7.306334713431324,3.973932994995266,153.42335699824616,8965.0
1789925456,50,GET,GET /api/v1/reservas/{id},6.400000,0.000000,4,5,5,6,7,8,13,13,13,13,13,1575,0,5,5.5800304513069845,2.9305210046004504,112.66157700447366,442.0
1789925456,50,POST,POST /api/v1/auth/login,0.000000,0.000000,0,0,0,0,0,0,0,0,0,0,0,50,0,1500.0,1477.9047070807428,445.2963610092411,2304.906449993723,1622.0
1789925456,50,,Aggregated,24.600000,0.000000,6,6,6,7,8,9,12,13,18,18,18,6687,0,6,17.89568560404292,2.9305210046004504,2304.906449993723,6902.658890384328
1789925457,50,GET,GET /api/v1/reservas,18.700000,0.000000,6,6,7,7,8,10,12,14,18,18,18,5077,0,7,7.303577441867209,3.973932994995266,153.42335699824616,8965.0
1789925457,50,GET,GET /api/v1/reservas/{id},6.200000,0.000000,4,5,5,6,7,8,9,13,13,13,13,1582,0,5,5.576291210380885,2.9305210046004504,112.66157700447366,442.0
1789925457,50,POST,POST /api/v1/auth/login,0.000000,0.000000,0,0,0,0,0,0,0,0,0,0,0,50,0,1500.0,1477.9047070807428,445.2963610092411,2304.906449993723,1622.0
1789925457,50,,Aggregated,24.900000,0.000000,5,6,6,7,8,9,12,13,18,18,18,6709,0,6,17.856191790314433,2.9305210046004504,2304.906449993723,6900.5289909077355
1789925458,50,GET,GET /api/v1/reservas,20.000000,0.000000,6,6,7,7,8,10,14,16,18,18,18,5103,0,7,7.300774695940024,3.973932994995266,153.42335699824616,8965.0
1789925458,50,GET,GET /api/v1/reservas/{id},5.400000,0.000000,4,5,5,5,7,9,13,16,16,16,16,1590,0,5,5.578775354606135,2.9305210046004504,112.66157700447366,442.0
1789925458,50,POST,POST /api/v1/auth/login,0.000000,0.000000,0,0,0,0,0,0,0,0,0,0,0,50,0,1500.0,1477.9047070807428,445.2963610092411,2304.906449993723,1622.0
1789925458,50,,Aggregated,25.400000,0.000000,6,6,6,7,8,10,13,16,18,18,18,6743,0,6,17.799398107851527,2.9305210046004504,2304.906449993723,6900.826783330862
1789925459,50,GET,GET /api/v1/reservas,19.900000,0.000000,6,6,7,7,8,10,13,16,18,18,18,5119,0,7,7.295489250312854,3.973932994995266,153.42335699824616,8965.0
1789925459,50,GET,GET /api/v1/reservas/{id},5.000000,0.000000,4,5,5,5,6,8,9,16,16,16,16,1597,0,5,5.576193433214281,2.9305210046004504,112.66157700447366,442.0
1789925459,50,POST,POST /api/v1/auth/login,0.000000,0.000000,0,0,0,0,0,0,0,0,0,0,0,50,0,1500.0,1477.9047070807428,445.2963610092411,2304.906449993723,1622.0
1789925459,50,,Aggregated,24.900000,0.000000,5,6,6,7,8,9,13,16,18,18,18,6766,0,6,17.757319795925486,2.9305210046004504,2304.906449993723,6899.025864617203
1789925460,50,GET,GET /api/v1/reservas,19.200000,0.000000,6,6,7,7,8,10,14,16,18,18,18,5139,0,7,7.295173068758659,3.973932994995266,153.42335699824616,8965.0
1789925460,50,GET,GET /api/v1/reservas/{id},5.600000,0.000000,4,5,5,5,6,8,10,16,16,16,16,1602,0,5,5.576286878187623,2.9305210046004504,112.66157700447366,442.0
1789925460,50,POST,POST /api/v1/auth/login,0.000000,0.000000,0,0,0,0,0,0,0,0,0,0,0,50,0,1500.0,1477.9047070807428,445.2963610092411,2304.906449993723,1622.0
1789925460,50,,Aggregated,24.800000,0.000000,5,6,6,7,8,9,14,16,18,18,18,6791,0,6,17.71732312372912,2.9305210046004504,2304.906449993723,6900.35620674422
1789925461,50,GET,GET /api/v1/reservas,19.500000,0.000000,6,6,7,7,8,10,14,16,18,18,18,5157,0,6,7.290134118352138,3.973932994995266,153.42335699824616,8965.0
1789925461,50,GET,GET /api/v1/reservas/{id},6.000000,0.000000,5,5,5,5,6,9,10,16,16,16,16,1609,0,5,5.571486377163421,2.9305210046004504,112.66157700447366,442.0
1789925461,50,POST,POST /api/v1/auth/login,0.000000,0.000000,0,0,0,0,0,0,0,0,0,0,0,50,0,1500.0,1477.9047070807428,445.2963610092411,2304.906449993723,1622.0
1789925461,50,,Aggregated,25.500000,0.000000,6,6,6,7,8,9,14,16,18,18,18,6816,0,6,17.672385355521577,2.9305210046004504,2304.906449993723,6899.175909624413
1789925462,50,GET,GET /api/v1/reservas,19.400000,0.000000,6,6,7,7,8,10,14,16,18,18,18,5177,0,6,7.28315119496835,3.973932994995266,153.42335699824616,8965.0
1789925462,50,GET,GET /api/v1/reservas/{id},6.300000,0.000000,5,5,5,5,6,9,10,16,16,16,16,1614,0,5,5.566813091623691,2.9305210046004504,112.66157700447366,442.0
1789925462,50,POST,POST /api/v1/auth/login,0.000000,0.000000,0,0,0,0,0,0,0,0,0,0,0,50,0,1500.0,1477.9047070807428,445.2963610092411,2304.906449993723,1622.0
1789925462,50,,Aggregated,25.700000,0.000000,6,6,6,7,8,9,13,16,18,18,18,6841,0,6,17.62680096773409,2.9305210046004504,2304.906449993723,6900.495980119866
1789925463,50,GET,GET /api/v1/reservas,19.200000,0.000000,6,6,7,7,8,16,24,27,32,32,32,5197,0,6,7.30661564601938,3.973932994995266,153.42335699824616,8965.0
1789925463,50,GET,GET /api/v1/reservas/{id},6.200000,0.000000,5,5,5,5,8,10,16,33,33,33,33,1620,0,5,5.584177846223027,2.9305210046004504,112.66157700447366,442.0
1789925463,50,POST,POST /api/v1/auth/login,0.000000,0.000000,0,0,0,0,0,0,0,0,0,0,0,50,0,1500.0,1477.9047070807428,445.2963610092411,2304.906449993723,1622.0
1789925463,50,,Aggregated,25.400000,0.000000,6,6,7,7,8,14,24,27,33,33,33,6867,0,6,17.60799256986765,2.9305210046004504,2304.906449993723,6900.865734673074
1789925464,50,GET,GET /api/v1/reservas,19.900000,0.000000,6,7,8,8,14,23,31,32,41,41,41,5218,0,6,7.3449891510896945,3.973932994995266,153.42335699824616,8965.0
1789925464,50,GET,GET /api/v1/reservas/{id},5.900000,0.000000,5,5,5,6,10,12,16,33,33,33,33,1624,0,5,5.5956291883559945,2.9305210046004504,112.66157700447366,442.0
1789925464,50,POST,POST /api/v1/auth/login,0.000000,0.000000,0,0,0,0,0,0,0,0,0,0,0,50,0,1500.0,1477.9047070807428,445.2963610092411,2304.906449993723,1622.0
1789925464,50,,Aggregated,25.800000,0.000000,6,6,8,8,13,21,31,32,41,41,41,6892,0,6,17.601377038060548,2.9305210046004504,2304.906449993723,6903.406558328496
1789925465,50,GET,GET /api/v1/reservas,19.900000,0.000000,6,8,9,11,16,23,31,32,41,41,41,5243,0,7,7.363003017813589,3.973932994995266,153.42335699824616,8965.0
1789925465,50,GET,GET /api/v1/reservas/{id},6.000000,0.000000,5,5,6,8,11,16,16,33,33,33,33,1629,0,5,5.610103132536245,2.9305210046004504,112.66157700447366,442.0
1789925465,50,POST,POST /api/v1/auth/login,0.000000,0.000000,0,0,0,0,0,0,0,0,0,0,0,50,0,1500.0,1477.9047070807428,445.2963610092411,2304.906449993723,1622.0
1789925465,50,,Aggregated,25.900000,0.000000,6,8,8,10,15,21,31,32,41,41,41,6922,0,6,17.572712825676874,2.9305210046004504,2304.906449993723,6906.185062120774
1789925466,50,GET,GET /api/v1/reservas,20.200000,0.000000,7,8,11,13,18,24,32,39,41,41,41,5262,0,7,7.383229573047777,3.9695969899185,153.42335699824616,8965.0
1789925466,50,GET,GET /api/v1/reservas/{id},5.700000,0.000000,5,5,8,10,12,16,21,33,33,33,33,1635,0,5,5.628380032960433,2.9305210046004504,112.66157700447366,442.0
1789925466,50,POST,POST /api/v1/auth/login,0.000000,0.000000,0,0,0,0,0,0,0,0,0,0,0,50,0,1500.0,1477.9047070807428,445.2963610092411,2304.906449993723,1622.0
1789925466,50,,Aggregated,25.900000,0.000000,6,8,10,12,16,23,31,33,41,41,41,6947,0,6,17.554079562588868,2.9305210046004504,2304.906449993723,6906.2329062904855
1789925467,50,GET,GET /api/v1/reservas,20.100000,0.000000,7,8,10,12,18,24,32,39,41,41,41,5281,0,7,7.3794107597759595,3.9695969899185,153.42335699824616,8965.0
1789925467,50,GET,GET /api/v1/reservas/{id},5.900000,0.000000,5,5,8,10,12,16,21,33,33,33,33,1637,0,5,5.627282793462181,2.9305210046004504,112.66157700447366,442.0
1789925467,50,POST,POST /api/v1/auth/login,0.000000,0.000000,0,0,0,0,0,0,0,0,0,0,0,50,0,1500.0,1477.9047070807428,445.2963610092411,2304.906449993723,1622.0
1789925467,50,,Aggregated,26.000000,0.000000,6,8,10,11,15,23,31,33,41,41,41,6968,0,6,17.519771169533808,2.9305210046004504,2304.906449993723,6909.991245694604
1789925468,50,GET,GET /api/v1/reservas,19.700000,0.000000,7,8,10,12,18,24,32,39,41,41,41,5303,0,7,7.373852552390884,3.9695969899185,153.42335699824616,8965.0
1789925468,50,GET,GET /api/v1/reservas/{id},6.000000,0.000000,5,6,9,10,12,16,33,33,33,33,33,1640,0,5,5.625764595065337,2.9305210046004504,112.66157700447366,442.0
1789925468,50,POST,POST /api/v1/auth/login,0.000000,0.000000,0,0,0,0,0,0,0,0,0,0,0,50,0,1500.0,1477.9047070807428,445.2963610092411,2304.906449993723,1622.0
1789925468,50,,Aggregated,25.700000,0.000000,6,8,10,11,16,23,32,33,41,41,41,6993,0,6,17.47819667886074,2.9305210046004504,2304.906449993723,6913.681538681539
1789925469,50,GET,GET /api/v1/reservas,19.600000,0.000000,7,8,10,12,18,24,32,39,41,41,41,5324,0,7,7.366167285746941,3.9695969899185,153.42335699824616,8965.0
1789925469,50,GET,GET /api/v1/reservas/{id},6.000000,0.000000,5,6,9,10,12,16,33,33,33,33,33,1648,0,5,5.6203348712920915,2.9305210046004504,112.66157700447366,442.0
1789925469,50,POST,POST /api/v1/auth/login,0.000000,0.000000,0,0,0,0,0,0,0,0,0,0,0,50,0,1500.0,1477.9047070807428,445.2963610092411,2304.906449993723,1622.0
1789925469,50,,Aggregated,25.600000,0.000000,6,8,10,11,16,23,32,33,41,41,41,7022,0,6,17.42737423116537,2.9305210046004504,2304.906449993723,6912.4431785816005
1789925470,50,GET,GET /api/v1/reservas,20.600000,0.000000,6,8,10,12,18,24,31,32,41,41,41,5347,0,7,7.360842830063725,3.9695969899185,153.42335699824616,8965.0
1789925470,50,GET,GET /api/v1/reservas/{id},5.600000,0.000000,5,5,8,10,12,16,21,33,33,33,33,1654,0,5,5.616701180094931,2.9305210046004504,112.66157700447366,442.0
1789925470,50,POST,POST /api/v1/auth/login,0.000000,0.000000,0,0,0,0,0,0,0,0,0,0,0,50,0,1500.0,1477.9047070807428,445.2963610092411,2304.906449993723,1622.0
1789925470,50,,Aggregated,26.200000,0.000000,6,8,10,11,15,23,31,33,41,41,41,7051,0,6,17.379617886578483,2.9305210046004504,2304.906449993723,6913.6325343922845
1789925471,50,GET,GET /api/v1/reservas,20.100000,0.000000,7,8,10,12,18,24,32,39,41,41,41,5362,0,6,7.3577848394860865,3.9695969899185,153.42335699824616,8965.0
1789925471,50,GET,GET /api/v1/reservas/{id},5.100000,0.000000,5,6,8,10,12,16,33,33,33,33,33,1659,0,5,5.6144425846092325,2.9305210046004504,112.66157700447366,442.0
1789925471,50,POST,POST /api/v1/auth/login,0.000000,0.000000,0,0,0,0,0,0,0,0,0,0,0,50,0,1500.0,1477.9047070807428,445.2963610092411,2304.906449993723,1622.0
1789925471,50,,Aggregated,25.200000,0.000000,6,8,10,11,16,23,32,33,41,41,41,7071,0,6,17.347198120665855,2.9305210046004504,2304.906449993723,6913.408004525527
1789925472,50,GET,GET /api/v1/reservas,20.600000,0.000000,7,8,10,12,18,24,31,32,41,41,41,5385,0,6,7.350679320584703,3.9507890032837167,153.42335699824616,8965.0
1789925472,50,GET,GET /api/v1/reservas/{id},5.100000,0.000000,5,6,9,10,12,16,33,33,33,33,33,1667,0,5,5.611125840948982,2.9305210046004504,112.66157700447366,442.0
1789925472,50,POST,POST /api/v1/auth/login,0.000000,0.000000,0,0,0,0,0,0,0,0,0,0,0,50,0,1500.0,1477.9047070807428,445.2963610092411,2304.906449993723,1622.0
1789925472,50,,Aggregated,25.700000,0.000000,6,8,10,11,15,23,31,33,41,41,41,7102,0,6,17.29546469617681,2.9305210046004504,2304.906449993723,6912.762461278513
1789925473,50,GET,GET /api/v1/reservas,20.900000,0.000000,6,7,9,10,14,18,31,39,41,41,41,5399,0,6,7.348245369569902,3.9507890032837167,153.42335699824616,8965.0
1789925473,50,GET,GET /api/v1/reservas/{id},5.300000,0.000000,5,6,7,8,12,14,16,21,21,21,21,1673,0,5,5.6096877763855,2.9305210046004504,112.66157700447366,442.0
1789925473,50,POST,POST /api/v1/auth/login,0.000000,0.000000,0,0,0,0,0,0,0,0,0,0,0,50,0,1500.0,1477.9047070807428,445.2963610092411,2304.906449993723,1622.0
1789925473,50,,Aggregated,26.200000,0.000000,6,7,8,9,13,16,26,32,41,41,41,7122,0,6,17.26388932241477,2.9305210046004504,2304.906449993723,6911.345268183095
1789925474,50,GET,GET /api/v1/reservas,20.400000,0.000000,6,7,7,8,10,15,21,26,39,39,39,5422,0,6,7.344563585626054,3.9507890032837167,153.42335699824616,8965.0
1789925474,50,GET,GET /api/v1/reservas/{id},5.000000,0.000000,5,5,6,6,9,12,14,21,21,21,21,1678,0,5,5.605630108390986,2.9305210046004504,112.66157700447366,442.0
1789925474,50,POST,POST /api/v1/auth/login,0.000000,0.000000,0,0,0,0,0,0,0,0,0,0,0,50,0,1500.0,1477.9047070807428,445.2963610092411,2304.906449993723,1622.0
1789925474,50,,Aggregated,25.400000,0.000000,6,7,7,8,10,14,21,22,39,39,39,7150,0,6,17.220098802403033,2.9305210046004504,2304.906449993723,6913.427412587413
1789925475,50,GET,GET /api/v1/reservas,21.000000,0.000000,6,6,7,7,9,10,17,22,26,26,26,5445,0,6,7.339541336510923,3.9507890032837167,153.42335699824616,8965.0
1789925475,50,GET,GET /api/v1/reservas/{id},5.100000,0.000000,4,5,5,5,6,9,12,14,14,14,14,1685,0,5,5.599950326930315,2.9305210046004504,112.66157700447366,442.0
1789925475,50,POST,POST /api/v1/auth/login,0.000000,0.000000,0,0,0,0,0,0,0,0,0,0,0,50,0,1500.0,1477.9047070807428,445.2963610092411,2304.906449993723,1622.0
1789925475,50,,Aggregated,26.100000,0.000000,5,6,6,7,8,10,14,22,26,26,26,7180,0,6,17.171999196687562,2.9305210046004504,2304.906449993723,6913.690111420613
1789925476,50,GET,GET /api/v1/reservas,20.100000,0.000000,6,6,7,7,7,9,11,17,22,22,22,5458,0,6,7.337606540543369,3.9507890032837167,153.42335699824616,8965.0
1789925476,50,GET,GET /api/v1/reservas/{id},5.200000,0.000000,4,5,5,5,6,6,8,9,9,9,9,1689,0,5,5.598994934808503,2.9305210046004504,112.66157700447366,442.0
1789925476,50,POST,POST /api/v1/auth/login,0.000000,0.000000,0,0,0,0,0,0,0,0,0,0,0,50,0,1500.0,1477.9047070807428,445.2963610092411,2304.906449993723,1622.0
1789925476,50,,Aggregated,25.300000,0.000000,6,6,6,7,7,9,10,12,22,22,22,7197,0,6,17.14611564502076,2.9305210046004504,2304.906449993723,6913.798527164096
1789925477,50,GET,GET /api/v1/reservas,20.200000,0.000000,6,6,7,7,8,9,11,17,22,22,22,5482,0,6,7.333125099837697,3.9507890032837167,153.42335699824616,8965.0
1789925477,50,GET,GET /api/v1/reservas/{id},5.100000,0.000000,5,5,5,5,6,8,8,9,9,9,9,1695,0,5,5.598321588724374,2.9305210046004504,112.66157700447366,442.0
1789925477,50,POST,POST /api/v1/auth/login,0.000000,0.000000,0,0,0,0,0,0,0,0,0,0,0,50,0,1500.0,1477.9047070807428,445.2963610092411,2304.906449993723,1622.0
1789925477,50,,Aggregated,25.300000,0.000000,6,6,6,7,7,9,10,12,22,22,22,7227,0,6,17.100398816138814,2.9305210046004504,2304.906449993723,6915.237304552373
1789925478,50,GET,GET /api/v1/reservas,19.700000,0.000000,6,6,7,7,8,9,11,17,22,22,22,5496,0,6,7.329725921086982,3.9507890032837167,153.42335699824616,8965.0
1789925478,50,GET,GET /api/v1/reservas/{id},5.700000,0.000000,5,5,5,5,6,8,8,9,9,9,9,1699,0,5,5.598169330119283,2.9305210046004504,112.66157700447366,442.0
1789925478,50,POST,POST /api/v1/auth/login,0.000000,0.000000,0,0,0,0,0,0,0,0,0,0,0,50,0,1500.0,1477.9047070807428,445.2963610092411,2304.906449993723,1622.0
1789925478,50,,Aggregated,25.400000,0.000000,6,6,6,7,7,9,10,12,22,22,22,7245,0,6,17.072560208171684,2.9305210046004504,2304.906449993723,6915.624292615597
1789925479,50,GET,GET /api/v1/reservas,19.900000,0.000000,6,6,7,7,8,9,11,17,22,22,22,5525,0,6,7.320352791549377,3.9507890032837167,153.42335699824616,8965.0
1789925479,50,GET,GET /api/v1/reservas/{id},5.400000,0.000000,5,5,5,5,6,8,8,9,9,9,9,1703,0,5,5.595227433280381,2.9305210046004504,112.66157700447366,442.0
1789925479,50,POST,POST /api/v1/auth/login,0.000000,0.000000,0,0,0,0,0,0,0,0,0,0,0,50,0,1500.0,1477.9047070807428,445.2963610092411,2304.906449993723,1622.0
1789925479,50,,Aggregated,25.300000,0.000000,6,6,6,7,8,9,10,12,22,22,22,7278,0,6,17.019628585631207,2.9305210046004504,2304.906449993723,6920.232344050563
1789925480,50,GET,GET /api/v1/reservas,19.600000,0.000000,6,6,6,7,8,9,12,17,22,22,22,5541,0,6,7.31761468151698,3.9507890032837167,153.42335699824616,8965.0
1789925480,50,GET,GET /api/v1/reservas/{id},5.600000,0.000000,5,5,5,5,6,8,8,9,9,9,9,1708,0,5,5.592710998165789,2.9305210046004504,112.66157700447366,442.0
1789925480,50,POST,POST /api/v1/auth/login,0.000000,0.000000,0,0,0,0,0,0,0,0,0,0,0,50,0,1500.0,1477.9047070807428,445.2963610092411,2304.906449993723,1622.0
1789925480,50,,Aggregated,25.200000,0.000000,6,6,6,7,7,8,11,12,22,22,22,7299,0,6,16.98787350173858,2.9305210046004504,2304.906449993723,6920.276887244828
1789925481,50,GET,GET /api/v1/reservas,19.800000,0.000000,6,6,7,7,8,10,12,17,22,22,22,5558,0,6,7.315892961369955,3.9507890032837167,153.42335699824616,8965.0
1789925481,50,GET,GET /api/v1/reservas/{id},5.700000,0.000000,5,5,5,5,6,8,8,9,9,9,9,1711,0,5,5.5935114137267705,2.9305210046004504,112.66157700447366,442.0
1789925481,50,POST,POST /api/v1/auth/login,0.000000,0.000000,0,0,0,0,0,0,0,0,0,0,0,50,0,1500.0,1477.9047070807428,445.2963610092411,2304.906449993723,1622.0
1789925481,50,,Aggregated,25.500000,0.000000,6,6,6,7,8,9,12,12,22,22,22,7319,0,6,16.959621049626705,2.9305210046004504,2304.906449993723,6922.370815685203
