[2026-09-20 17:26:26,267] pfc-pruebas-e1/INFO/locust.main: Run time limit set to 300 seconds
[2026-09-20 17:26:26,268] pfc-pruebas-e1/INFO/locust.main: Starting Locust 2.31.6
Type     Name                                                                          # reqs      # fails |    Avg     Min     Max    Med |   req/s  failures/s
--------|----------------------------------------------------------------------------|-------|-------------|-------|-------|-------|-------|--------|-----------
--------|----------------------------------------------------------------------------|-------|-------------|-------|-------|-------|-------|--------|-----------
         Aggregated                                                                         0     0(0.00%) |      0       0       0      0 |    0.00        0.00

[2026-09-20 17:26:26,269] pfc-pruebas-e1/INFO/locust.runners: Ramping to 50 users at a rate of 10.00 per second
Type     Name                                                                          # reqs      # fails |    Avg     Min     Max    Med |   req/s  failures/s
--------|----------------------------------------------------------------------------|-------|-------------|-------|-------|-------|-------|--------|-----------
GET      GET /api/v1/reservas                                                              14     0(0.00%) |     14       8      43     11 |    0.00        0.00
POST     POST /api/v1/auth/login                                                           14     0(0.00%) |    872     445    1035    890 |    0.00        0.00
--------|----------------------------------------------------------------------------|-------|-------------|-------|-------|-------|-------|--------|-----------
         Aggregated                                                                        28     0(0.00%) |    443       8    1035     44 |    0.00        0.00

Type     Name                                                                          # reqs      # fails |    Avg     Min     Max    Med |   req/s  failures/s
--------|----------------------------------------------------------------------------|-------|-------------|-------|-------|-------|-------|--------|-----------
GET      GET /api/v1/reservas                                                              37     0(0.00%) |     15       7      43     11 |    5.00        0.00
GET      GET /api/v1/reservas/{id}                                                          5     0(0.00%) |      6       5       7      7 |    0.00        0.00
POST     POST /api/v1/auth/login                                                           28     0(0.00%) |   1171     445    1925   1000 |    5.00        0.00
--------|----------------------------------------------------------------------------|-------|-------------|-------|-------|-------|-------|--------|-----------
         Aggregated                                                                        70     0(0.00%) |    476       5    1925     19 |   10.00        0.00

[2026-09-20 17:26:30,275] pfc-pruebas-e1/INFO/locust.runners: All users spawned: {"ReservasUser": 50} (50 total users)
Type     Name                                                                          # reqs      # fails |    Avg     Min     Max    Med |   req/s  failures/s
--------|----------------------------------------------------------------------------|-------|-------------|-------|-------|-------|-------|--------|-----------
GET      GET /api/v1/reservas                                                              79     0(0.00%) |     17       6     110     12 |    7.25        0.00
GET      GET /api/v1/reservas/{id}                                                         10     0(0.00%) |      8       5      21      7 |    0.75        0.00
POST     POST /api/v1/auth/login                                                           50     0(0.00%) |   1477     445    2304   1500 |    5.75        0.00
--------|----------------------------------------------------------------------------|-------|-------------|-------|-------|-------|-------|--------|-----------
         Aggregated                                                                       139     0(0.00%) |    542       5    2304     22 |   13.75        0.00

Type     Name                                                                          # reqs      # fails |    Avg     Min     Max    Med |   req/s  failures/s
--------|----------------------------------------------------------------------------|-------|-------------|-------|-------|-------|-------|--------|-----------
GET      GET /api/v1/reservas                                                             114     0(0.00%) |     14       5     110      9 |   11.50        0.00
GET      GET /api/v1/reservas/{id}                                                         21     0(0.00%) |      6       3      21      5 |    1.67        0.00
POST     POST /api/v1/auth/login                                                           50     0(0.00%) |   1477     445    2304   1500 |    7.33        0.00
--------|----------------------------------------------------------------------------|-------|-------------|-------|-------|-------|-------|--------|-----------
         Aggregated                                                                       185     0(0.00%) |    408       3    2304     11 |   20.50        0.00

Type     Name                                                                          # reqs      # fails |    Avg     Min     Max    Med |   req/s  failures/s
--------|----------------------------------------------------------------------------|-------|-------------|-------|-------|-------|-------|--------|-----------
GET      GET /api/v1/reservas                                                             153     0(0.00%) |     12       4     110      8 |   13.12        0.00
GET      GET /api/v1/reservas/{id}                                                         29     0(0.00%) |      5       3      21      5 |    2.62        0.00
POST     POST /api/v1/auth/login                                                           50     0(0.00%) |   1477     445    2304   1500 |    6.25        0.00
--------|----------------------------------------------------------------------------|-------|-------------|-------|-------|-------|-------|--------|-----------
         Aggregated                                                                       232     0(0.00%) |    327       3    2304      9 |   22.00        0.00

Type     Name                                                                          # reqs      # fails |    Avg     Min     Max    Med |   req/s  failures/s
--------|----------------------------------------------------------------------------|-------|-------------|-------|-------|-------|-------|--------|-----------
GET      GET /api/v1/reservas                                                             196     0(0.00%) |     11       4     110      8 |   14.60        0.00
GET      GET /api/v1/reservas/{id}                                                         35     0(0.00%) |      5       3      21      5 |    2.90        0.00
POST     POST /api/v1/auth/login                                                           50     0(0.00%) |   1477     445    2304   1500 |    5.00        0.00
--------|----------------------------------------------------------------------------|-------|-------------|-------|-------|-------|-------|--------|-----------
         Aggregated                                                                       281     0(0.00%) |    271       3    2304      8 |   22.50        0.00

Type     Name                                                                          # reqs      # fails |    Avg     Min     Max    Med |   req/s  failures/s
--------|----------------------------------------------------------------------------|-------|-------------|-------|-------|-------|-------|--------|-----------
GET      GET /api/v1/reservas                                                             227     0(0.00%) |     10       4     110      7 |   17.80        0.00
GET      GET /api/v1/reservas/{id}                                                         54     0(0.00%) |      5       3      21      5 |    3.40        0.00
POST     POST /api/v1/auth/login                                                           50     0(0.00%) |   1477     445    2304   1500 |    4.00        0.00
--------|----------------------------------------------------------------------------|-------|-------------|-------|-------|-------|-------|--------|-----------
         Aggregated                                                                       331     0(0.00%) |    231       3    2304      7 |   25.20        0.00

Type     Name                                                                          # reqs      # fails |    Avg     Min     Max    Med |   req/s  failures/s
--------|----------------------------------------------------------------------------|-------|-------------|-------|-------|-------|-------|--------|-----------
GET      GET /api/v1/reservas                                                             268     0(0.00%) |      9       4     110      7 |   19.20        0.00
GET      GET /api/v1/reservas/{id}                                                         65     0(0.00%) |      5       3      21      5 |    4.80        0.00
POST     POST /api/v1/auth/login                                                           50     0(0.00%) |   1477     445    2304   1500 |    2.70        0.00
--------|----------------------------------------------------------------------------|-------|-------------|-------|-------|-------|-------|--------|-----------
         Aggregated                                                                       383     0(0.00%) |    200       3    2304      7 |   26.70        0.00

Type     Name                                                                          # reqs      # fails |    Avg     Min     Max    Med |   req/s  failures/s
--------|----------------------------------------------------------------------------|-------|-------------|-------|-------|-------|-------|--------|-----------
GET      GET /api/v1/reservas                                                             300     0(0.00%) |      9       4     110      7 |   19.00        0.00
GET      GET /api/v1/reservas/{id}                                                         78     0(0.00%) |      5       3      21      5 |    5.30        0.00
POST     POST /api/v1/auth/login                                                           50     0(0.00%) |   1477     445    2304   1500 |    0.60        0.00
--------|----------------------------------------------------------------------------|-------|-------------|-------|-------|-------|-------|--------|-----------
         Aggregated                                                                       428     0(0.00%) |    180       3    2304      7 |   24.90        0.00

Type     Name                                                                          # reqs      # fails |    Avg     Min     Max    Med |   req/s  failures/s
--------|----------------------------------------------------------------------------|-------|-------------|-------|-------|-------|-------|--------|-----------
GET      GET /api/v1/reservas                                                             340     0(0.00%) |     10       4     110      7 |   19.50        0.00
GET      GET /api/v1/reservas/{id}                                                         89     0(0.00%) |      6       3      46      5 |    5.40        0.00
POST     POST /api/v1/auth/login                                                           50     0(0.00%) |   1477     445    2304   1500 |    0.00        0.00
--------|----------------------------------------------------------------------------|-------|-------------|-------|-------|-------|-------|--------|-----------
         Aggregated                                                                       479     0(0.00%) |    162       3    2304      7 |   24.90        0.00

Type     Name                                                                          # reqs      # fails |    Avg     Min     Max    Med |   req/s  failures/s
--------|----------------------------------------------------------------------------|-------|-------------|-------|-------|-------|-------|--------|-----------
GET      GET /api/v1/reservas                                                             379     0(0.00%) |     10       4     110      7 |   18.80        0.00
GET      GET /api/v1/reservas/{id}                                                         98     0(0.00%) |      6       3      46      5 |    5.70        0.00
POST     POST /api/v1/auth/login                                                           50     0(0.00%) |   1477     445    2304   1500 |    0.00        0.00
--------|----------------------------------------------------------------------------|-------|-------------|-------|-------|-------|-------|--------|-----------
         Aggregated                                                                       527     0(0.00%) |    148       3    2304      7 |   24.50        0.00

Type     Name                                                                          # reqs      # fails |    Avg     Min     Max    Med |   req/s  failures/s
--------|----------------------------------------------------------------------------|-------|-------------|-------|-------|-------|-------|--------|-----------
GET      GET /api/v1/reservas                                                             414     0(0.00%) |     10       4     110      7 |   18.40        0.00
GET      GET /api/v1/reservas/{id}                                                        109     0(0.00%) |      6       3      46      5 |    6.40        0.00
POST     POST /api/v1/auth/login                                                           50     0(0.00%) |   1477     445    2304   1500 |    0.00        0.00
--------|----------------------------------------------------------------------------|-------|-------------|-------|-------|-------|-------|--------|-----------
         Aggregated                                                                       573     0(0.00%) |    137       3    2304      7 |   24.80        0.00

Type     Name                                                                          # reqs      # fails |    Avg     Min     Max    Med |   req/s  failures/s
--------|----------------------------------------------------------------------------|-------|-------------|-------|-------|-------|-------|--------|-----------
GET      GET /api/v1/reservas                                                             454     0(0.00%) |      9       4     110      7 |   18.70        0.00
GET      GET /api/v1/reservas/{id}                                                        121     0(0.00%) |      6       3      46      5 |    5.70        0.00
POST     POST /api/v1/auth/login                                                           50     0(0.00%) |   1477     445    2304   1500 |    0.00        0.00
--------|----------------------------------------------------------------------------|-------|-------------|-------|-------|-------|-------|--------|-----------
         Aggregated                                                                       625     0(0.00%) |    126       3    2304      7 |   24.40        0.00

Type     Name                                                                          # reqs      # fails |    Avg     Min     Max    Med |   req/s  failures/s
--------|----------------------------------------------------------------------------|-------|-------------|-------|-------|-------|-------|--------|-----------
GET      GET /api/v1/reservas                                                             495     0(0.00%) |      9       4     110      7 |   19.00        0.00
GET      GET /api/v1/reservas/{id}                                                        129     0(0.00%) |      6       3      46      5 |    5.50        0.00
POST     POST /api/v1/auth/login                                                           50     0(0.00%) |   1477     445    2304   1500 |    0.00        0.00
--------|----------------------------------------------------------------------------|-------|-------------|-------|-------|-------|-------|--------|-----------
         Aggregated                                                                       674     0(0.00%) |    117       3    2304      7 |   24.50        0.00

Type     Name                                                                          # reqs      # fails |    Avg     Min     Max    Med |   req/s  failures/s
--------|----------------------------------------------------------------------------|-------|-------------|-------|-------|-------|-------|--------|-----------
GET      GET /api/v1/reservas                                                             536     0(0.00%) |      9       3     110      7 |   18.80        0.00
GET      GET /api/v1/reservas/{id}                                                        143     0(0.00%) |      6       3      46      5 |    5.30        0.00
POST     POST /api/v1/auth/login                                                           50     0(0.00%) |   1477     445    2304   1500 |    0.00        0.00
--------|----------------------------------------------------------------------------|-------|-------------|-------|-------|-------|-------|--------|-----------
         Aggregated                                                                       729     0(0.00%) |    109       3    2304      7 |   24.10        0.00

Type     Name                                                                          # reqs      # fails |    Avg     Min     Max    Med |   req/s  failures/s
--------|----------------------------------------------------------------------------|-------|-------------|-------|-------|-------|-------|--------|-----------
GET      GET /api/v1/reservas                                                             571     0(0.00%) |      9       3     110      7 |   18.90        0.00
GET      GET /api/v1/reservas/{id}                                                        151     0(0.00%) |      5       3      46      5 |    5.60        0.00
POST     POST /api/v1/auth/login                                                           50     0(0.00%) |   1477     445    2304   1500 |    0.00        0.00
--------|----------------------------------------------------------------------------|-------|-------------|-------|-------|-------|-------|--------|-----------
         Aggregated                                                                       772     0(0.00%) |    103       3    2304      7 |   24.50        0.00

Type     Name                                                                          # reqs      # fails |    Avg     Min     Max    Med |   req/s  failures/s
--------|----------------------------------------------------------------------------|-------|-------------|-------|-------|-------|-------|--------|-----------
GET      GET /api/v1/reservas                                                             610     0(0.00%) |      8       3     110      7 |   19.40        0.00
GET      GET /api/v1/reservas/{id}                                                        166     0(0.00%) |      5       3      46      5 |    5.30        0.00
POST     POST /api/v1/auth/login                                                           50     0(0.00%) |   1477     445    2304   1500 |    0.00        0.00
--------|----------------------------------------------------------------------------|-------|-------------|-------|-------|-------|-------|--------|-----------
         Aggregated                                                                       826     0(0.00%) |     97       3    2304      7 |   24.70        0.00

Type     Name                                                                          # reqs      # fails |    Avg     Min     Max    Med |   req/s  failures/s
--------|----------------------------------------------------------------------------|-------|-------------|-------|-------|-------|-------|--------|-----------
GET      GET /api/v1/reservas                                                             651     0(0.00%) |      8       3     110      7 |   19.60        0.00
GET      GET /api/v1/reservas/{id}                                                        177     0(0.00%) |      5       3      46      5 |    5.70        0.00
POST     POST /api/v1/auth/login                                                           50     0(0.00%) |   1477     445    2304   1500 |    0.00        0.00
--------|----------------------------------------------------------------------------|-------|-------------|-------|-------|-------|-------|--------|-----------
         Aggregated                                                                       878     0(0.00%) |     91       3    2304      7 |   25.30        0.00

Type     Name                                                                          # reqs      # fails |    Avg     Min     Max    Med |   req/s  failures/s
--------|----------------------------------------------------------------------------|-------|-------------|-------|-------|-------|-------|--------|-----------
GET      GET /api/v1/reservas                                                             685     0(0.00%) |      8       3     110      7 |   19.50        0.00
GET      GET /api/v1/reservas/{id}                                                        193     0(0.00%) |      5       3      46      5 |    5.60        0.00
POST     POST /api/v1/auth/login                                                           50     0(0.00%) |   1477     445    2304   1500 |    0.00        0.00
--------|----------------------------------------------------------------------------|-------|-------------|-------|-------|-------|-------|--------|-----------
         Aggregated                                                                       928     0(0.00%) |     87       3    2304      7 |   25.10        0.00

Type     Name                                                                          # reqs      # fails |    Avg     Min     Max    Med |   req/s  failures/s
--------|----------------------------------------------------------------------------|-------|-------------|-------|-------|-------|-------|--------|-----------
GET      GET /api/v1/reservas                                                             720     0(0.00%) |      8       3     110      7 |   19.20        0.00
GET      GET /api/v1/reservas/{id}                                                        202     0(0.00%) |      5       3      46      5 |    6.20        0.00
POST     POST /api/v1/auth/login                                                           50     0(0.00%) |   1477     445    2304   1500 |    0.00        0.00
--------|----------------------------------------------------------------------------|-------|-------------|-------|-------|-------|-------|--------|-----------
         Aggregated                                                                       972     0(0.00%) |     83       3    2304      6 |   25.40        0.00

Type     Name                                                                          # reqs      # fails |    Avg     Min     Max    Med |   req/s  failures/s
--------|----------------------------------------------------------------------------|-------|-------------|-------|-------|-------|-------|--------|-----------
GET      GET /api/v1/reservas                                                             759     0(0.00%) |      8       3     110      7 |   19.10        0.00
GET      GET /api/v1/reservas/{id}                                                        214     0(0.00%) |      5       3      46      5 |    5.90        0.00
POST     POST /api/v1/auth/login                                                           50     0(0.00%) |   1477     445    2304   1500 |    0.00        0.00
--------|----------------------------------------------------------------------------|-------|-------------|-------|-------|-------|-------|--------|-----------
         Aggregated                                                                      1023     0(0.00%) |     79       3    2304      6 |   25.00        0.00

Type     Name                                                                          # reqs      # fails |    Avg     Min     Max    Med |   req/s  failures/s
--------|----------------------------------------------------------------------------|-------|-------------|-------|-------|-------|-------|--------|-----------
GET      GET /api/v1/reservas                                                             805     0(0.00%) |      8       3     110      7 |   18.80        0.00
GET      GET /api/v1/reservas/{id}                                                        221     0(0.00%) |      5       3      46      5 |    6.20        0.00
POST     POST /api/v1/auth/login                                                           50     0(0.00%) |   1477     445    2304   1500 |    0.00        0.00
--------|----------------------------------------------------------------------------|-------|-------------|-------|-------|-------|-------|--------|-----------
         Aggregated                                                                      1076     0(0.00%) |     76       3    2304      6 |   25.00        0.00

Type     Name                                                                          # reqs      # fails |    Avg     Min     Max    Med |   req/s  failures/s
--------|----------------------------------------------------------------------------|-------|-------------|-------|-------|-------|-------|--------|-----------
GET      GET /api/v1/reservas                                                             839     0(0.00%) |      8       3     110      7 |   19.50        0.00
GET      GET /api/v1/reservas/{id}                                                        230     0(0.00%) |      5       3      46      5 |    5.40        0.00
POST     POST /api/v1/auth/login                                                           50     0(0.00%) |   1477     445    2304   1500 |    0.00        0.00
--------|----------------------------------------------------------------------------|-------|-------------|-------|-------|-------|-------|--------|-----------
         Aggregated                                                                      1119     0(0.00%) |     73       3    2304      6 |   24.90        0.00

Type     Name                                                                          # reqs      # fails |    Avg     Min     Max    Med |   req/s  failures/s
--------|----------------------------------------------------------------------------|-------|-------------|-------|-------|-------|-------|--------|-----------
GET      GET /api/v1/reservas                                                             878     0(0.00%) |      8       3     110      7 |   19.00        0.00
GET      GET /api/v1/reservas/{id}                                                        243     0(0.00%) |      5       3      46      5 |    5.60        0.00
POST     POST /api/v1/auth/login                                                           50     0(0.00%) |   1477     445    2304   1500 |    0.00        0.00
--------|----------------------------------------------------------------------------|-------|-------------|-------|-------|-------|-------|--------|-----------
         Aggregated                                                                      1171     0(0.00%) |     70       3    2304      6 |   24.60        0.00

Type     Name                                                                          # reqs      # fails |    Avg     Min     Max    Med |   req/s  failures/s
--------|----------------------------------------------------------------------------|-------|-------------|-------|-------|-------|-------|--------|-----------
GET      GET /api/v1/reservas                                                             916     0(0.00%) |      8       3     110      7 |   19.10        0.00
GET      GET /api/v1/reservas/{id}                                                        255     0(0.00%) |      5       3      46      5 |    5.20        0.00
POST     POST /api/v1/auth/login                                                           50     0(0.00%) |   1477     445    2304   1500 |    0.00        0.00
--------|----------------------------------------------------------------------------|-------|-------------|-------|-------|-------|-------|--------|-----------
         Aggregated                                                                      1221     0(0.00%) |     67       3    2304      6 |   24.30        0.00

Type     Name                                                                          # reqs      # fails |    Avg     Min     Max    Med |   req/s  failures/s
--------|----------------------------------------------------------------------------|-------|-------------|-------|-------|-------|-------|--------|-----------
GET      GET /api/v1/reservas                                                             951     0(0.00%) |      8       3     110      7 |   19.90        0.00
GET      GET /api/v1/reservas/{id}                                                        265     0(0.00%) |      5       3      46      5 |    5.30        0.00
POST     POST /api/v1/auth/login                                                           50     0(0.00%) |   1477     445    2304   1500 |    0.00        0.00
--------|----------------------------------------------------------------------------|-------|-------------|-------|-------|-------|-------|--------|-----------
         Aggregated                                                                      1266     0(0.00%) |     65       3    2304      6 |   25.20        0.00

Type     Name                                                                          # reqs      # fails |    Avg     Min     Max    Med |   req/s  failures/s
--------|----------------------------------------------------------------------------|-------|-------------|-------|-------|-------|-------|--------|-----------
GET      GET /api/v1/reservas                                                             984     0(0.00%) |      8       3     110      7 |   19.30        0.00
GET      GET /api/v1/reservas/{id}                                                        283     0(0.00%) |      5       3      46      5 |    5.00        0.00
POST     POST /api/v1/auth/login                                                           50     0(0.00%) |   1477     445    2304   1500 |    0.00        0.00
--------|----------------------------------------------------------------------------|-------|-------------|-------|-------|-------|-------|--------|-----------
         Aggregated                                                                      1317     0(0.00%) |     63       3    2304      6 |   24.30        0.00

Type     Name                                                                          # reqs      # fails |    Avg     Min     Max    Med |   req/s  failures/s
--------|----------------------------------------------------------------------------|-------|-------------|-------|-------|-------|-------|--------|-----------
GET      GET /api/v1/reservas                                                            1020     0(0.00%) |      8       3     110      7 |   17.90        0.00
GET      GET /api/v1/reservas/{id}                                                        293     0(0.00%) |      5       3      46      5 |    6.20        0.00
POST     POST /api/v1/auth/login                                                           50     0(0.00%) |   1477     445    2304   1500 |    0.00        0.00
--------|----------------------------------------------------------------------------|-------|-------------|-------|-------|-------|-------|--------|-----------
         Aggregated                                                                      1363     0(0.00%) |     61       3    2304      6 |   24.10        0.00

Type     Name                                                                          # reqs      # fails |    Avg     Min     Max    Med |   req/s  failures/s
--------|----------------------------------------------------------------------------|-------|-------------|-------|-------|-------|-------|--------|-----------
GET      GET /api/v1/reservas                                                            1062     0(0.00%) |      8       3     110      7 |   18.10        0.00
GET      GET /api/v1/reservas/{id}                                                        304     0(0.00%) |      5       3      46      5 |    6.00        0.00
POST     POST /api/v1/auth/login                                                           50     0(0.00%) |   1477     445    2304   1500 |    0.00        0.00
--------|----------------------------------------------------------------------------|-------|-------------|-------|-------|-------|-------|--------|-----------
         Aggregated                                                                      1416     0(0.00%) |     59       3    2304      6 |   24.10        0.00

Type     Name                                                                          # reqs      # fails |    Avg     Min     Max    Med |   req/s  failures/s
--------|----------------------------------------------------------------------------|-------|-------------|-------|-------|-------|-------|--------|-----------
GET      GET /api/v1/reservas                                                            1091     0(0.00%) |      8       3     110      7 |   18.10        0.00
GET      GET /api/v1/reservas/{id}                                                        321     0(0.00%) |      5       3      46      5 |    5.90        0.00
POST     POST /api/v1/auth/login                                                           50     0(0.00%) |   1477     445    2304   1500 |    0.00        0.00
--------|----------------------------------------------------------------------------|-------|-------------|-------|-------|-------|-------|--------|-----------
         Aggregated                                                                      1462     0(0.00%) |     57       3    2304      6 |   24.00        0.00

Type     Name                                                                          # reqs      # fails |    Avg     Min     Max    Med |   req/s  failures/s
--------|----------------------------------------------------------------------------|-------|-------------|-------|-------|-------|-------|--------|-----------
GET      GET /api/v1/reservas                                                            1123     0(0.00%) |      7       3     110      7 |   16.90        0.00
GET      GET /api/v1/reservas/{id}                                                        336     0(0.00%) |      5       3      46      5 |    6.30        0.00
POST     POST /api/v1/auth/login                                                           50     0(0.00%) |   1477     445    2304   1500 |    0.00        0.00
--------|----------------------------------------------------------------------------|-------|-------------|-------|-------|-------|-------|--------|-----------
         Aggregated                                                                      1509     0(0.00%) |     56       3    2304      6 |   23.20        0.00

Type     Name                                                                          # reqs      # fails |    Avg     Min     Max    Med |   req/s  failures/s
--------|----------------------------------------------------------------------------|-------|-------------|-------|-------|-------|-------|--------|-----------
GET      GET /api/v1/reservas                                                            1161     0(0.00%) |      7       3     110      7 |   17.10        0.00
GET      GET /api/v1/reservas/{id}                                                        345     0(0.00%) |      5       3      46      5 |    7.10        0.00
POST     POST /api/v1/auth/login                                                           50     0(0.00%) |   1477     445    2304   1500 |    0.00        0.00
--------|----------------------------------------------------------------------------|-------|-------------|-------|-------|-------|-------|--------|-----------
         Aggregated                                                                      1556     0(0.00%) |     54       3    2304      6 |   24.20        0.00

Type     Name                                                                          # reqs      # fails |    Avg     Min     Max    Med |   req/s  failures/s
--------|----------------------------------------------------------------------------|-------|-------------|-------|-------|-------|-------|--------|-----------
GET      GET /api/v1/reservas                                                            1203     0(0.00%) |      7       3     110      7 |   17.80        0.00
GET      GET /api/v1/reservas/{id}                                                        354     0(0.00%) |      5       3      46      5 |    6.40        0.00
POST     POST /api/v1/auth/login                                                           50     0(0.00%) |   1477     445    2304   1500 |    0.00        0.00
--------|----------------------------------------------------------------------------|-------|-------------|-------|-------|-------|-------|--------|-----------
         Aggregated                                                                      1607     0(0.00%) |     53       3    2304      6 |   24.20        0.00

Type     Name                                                                          # reqs      # fails |    Avg     Min     Max    Med |   req/s  failures/s
--------|----------------------------------------------------------------------------|-------|-------------|-------|-------|-------|-------|--------|-----------
GET      GET /api/v1/reservas                                                            1240     0(0.00%) |      7       3     110      7 |   18.00        0.00
GET      GET /api/v1/reservas/{id}                                                        367     0(0.00%) |      5       3      46      5 |    6.30        0.00
POST     POST /api/v1/auth/login                                                           50     0(0.00%) |   1477     445    2304   1500 |    0.00        0.00
--------|----------------------------------------------------------------------------|-------|-------------|-------|-------|-------|-------|--------|-----------
         Aggregated                                                                      1657     0(0.00%) |     51       3    2304      6 |   24.30        0.00

Type     Name                                                                          # reqs      # fails |    Avg     Min     Max    Med |   req/s  failures/s
--------|----------------------------------------------------------------------------|-------|-------------|-------|-------|-------|-------|--------|-----------
GET      GET /api/v1/reservas                                                            1279     0(0.00%) |      7       3     110      7 |   18.40        0.00
GET      GET /api/v1/reservas/{id}                                                        381     0(0.00%) |      5       3      46      5 |    6.40        0.00
POST     POST /api/v1/auth/login                                                           50     0(0.00%) |   1477     445    2304   1500 |    0.00        0.00
--------|----------------------------------------------------------------------------|-------|-------------|-------|-------|-------|-------|--------|-----------
         Aggregated                                                                      1710     0(0.00%) |     50       3    2304      6 |   24.80        0.00

Type     Name                                                                          # reqs      # fails |    Avg     Min     Max    Med |   req/s  failures/s
--------|----------------------------------------------------------------------------|-------|-------------|-------|-------|-------|-------|--------|-----------
GET      GET /api/v1/reservas                                                            1316     0(0.00%) |      7       3     110      7 |   19.40        0.00
GET      GET /api/v1/reservas/{id}                                                        395     0(0.00%) |      5       3      46      5 |    6.10        0.00
POST     POST /api/v1/auth/login                                                           50     0(0.00%) |   1477     445    2304   1500 |    0.00        0.00
--------|----------------------------------------------------------------------------|-------|-------------|-------|-------|-------|-------|--------|-----------
         Aggregated                                                                      1761     0(0.00%) |     49       3    2304      6 |   25.50        0.00

Type     Name                                                                          # reqs      # fails |    Avg     Min     Max    Med |   req/s  failures/s
--------|----------------------------------------------------------------------------|-------|-------------|-------|-------|-------|-------|--------|-----------
GET      GET /api/v1/reservas                                                            1361     0(0.00%) |      7       3     110      7 |   19.20        0.00
GET      GET /api/v1/reservas/{id}                                                        401     0(0.00%) |      5       3      46      5 |    5.90        0.00
POST     POST /api/v1/auth/login                                                           50     0(0.00%) |   1477     445    2304   1500 |    0.00        0.00
--------|----------------------------------------------------------------------------|-------|-------------|-------|-------|-------|-------|--------|-----------
         Aggregated                                                                      1812     0(0.00%) |     47       3    2304      6 |   25.10        0.00

Type     Name                                                                          # reqs      # fails |    Avg     Min     Max    Med |   req/s  failures/s
--------|----------------------------------------------------------------------------|-------|-------------|-------|-------|-------|-------|--------|-----------
GET      GET /api/v1/reservas                                                            1398     0(0.00%) |      7       3     110      7 |   19.70        0.00
GET      GET /api/v1/reservas/{id}                                                        414     0(0.00%) |      5       3      46      5 |    5.30        0.00
POST     POST /api/v1/auth/login                                                           50     0(0.00%) |   1477     445    2304   1500 |    0.00        0.00
--------|----------------------------------------------------------------------------|-------|-------------|-------|-------|-------|-------|--------|-----------
         Aggregated                                                                      1862     0(0.00%) |     46       3    2304      6 |   25.00        0.00

Type     Name                                                                          # reqs      # fails |    Avg     Min     Max    Med |   req/s  failures/s
--------|----------------------------------------------------------------------------|-------|-------------|-------|-------|-------|-------|--------|-----------
GET      GET /api/v1/reservas                                                            1443     0(0.00%) |      7       3     110      7 |   20.00        0.00
GET      GET /api/v1/reservas/{id}                                                        422     0(0.00%) |      5       3      46      5 |    5.90        0.00
POST     POST /api/v1/auth/login                                                           50     0(0.00%) |   1477     445    2304   1500 |    0.00        0.00
--------|----------------------------------------------------------------------------|-------|-------------|-------|-------|-------|-------|--------|-----------
         Aggregated                                                                      1915     0(0.00%) |     45       3    2304      6 |   25.90        0.00

Type     Name                                                                          # reqs      # fails |    Avg     Min     Max    Med |   req/s  failures/s
--------|----------------------------------------------------------------------------|-------|-------------|-------|-------|-------|-------|--------|-----------
GET      GET /api/v1/reservas                                                            1471     0(0.00%) |      7       3     110      7 |   20.20        0.00
GET      GET /api/v1/reservas/{id}                                                        440     0(0.00%) |      5       3      46      5 |    5.50        0.00
POST     POST /api/v1/auth/login                                                           50     0(0.00%) |   1477     445    2304   1500 |    0.00        0.00
--------|----------------------------------------------------------------------------|-------|-------------|-------|-------|-------|-------|--------|-----------
         Aggregated                                                                      1961     0(0.00%) |     44       3    2304      6 |   25.70        0.00

Type     Name                                                                          # reqs      # fails |    Avg     Min     Max    Med |   req/s  failures/s
--------|----------------------------------------------------------------------------|-------|-------------|-------|-------|-------|-------|--------|-----------
GET      GET /api/v1/reservas                                                            1510     0(0.00%) |      7       3     110      7 |   18.70        0.00
GET      GET /api/v1/reservas/{id}                                                        451     0(0.00%) |      5       3      46      5 |    6.00        0.00
POST     POST /api/v1/auth/login                                                           50     0(0.00%) |   1477     445    2304   1500 |    0.00        0.00
--------|----------------------------------------------------------------------------|-------|-------------|-------|-------|-------|-------|--------|-----------
         Aggregated                                                                      2011     0(0.00%) |     43       3    2304      6 |   24.70        0.00

Type     Name                                                                          # reqs      # fails |    Avg     Min     Max    Med |   req/s  failures/s
--------|----------------------------------------------------------------------------|-------|-------------|-------|-------|-------|-------|--------|-----------
GET      GET /api/v1/reservas                                                            1536     0(0.00%) |      7       3     110      7 |   19.30        0.00
GET      GET /api/v1/reservas/{id}                                                        467     0(0.00%) |      5       3      46      5 |    5.60        0.00
POST     POST /api/v1/auth/login                                                           50     0(0.00%) |   1477     445    2304   1500 |    0.00        0.00
--------|----------------------------------------------------------------------------|-------|-------------|-------|-------|-------|-------|--------|-----------
         Aggregated                                                                      2053     0(0.00%) |     43       3    2304      6 |   24.90        0.00

Type     Name                                                                          # reqs      # fails |    Avg     Min     Max    Med |   req/s  failures/s
--------|----------------------------------------------------------------------------|-------|-------------|-------|-------|-------|-------|--------|-----------
GET      GET /api/v1/reservas                                                            1573     0(0.00%) |      7       3     110      7 |   18.20        0.00
GET      GET /api/v1/reservas/{id}                                                        485     0(0.00%) |      5       3      46      5 |    6.70        0.00
POST     POST /api/v1/auth/login                                                           50     0(0.00%) |   1477     445    2304   1500 |    0.00        0.00
--------|----------------------------------------------------------------------------|-------|-------------|-------|-------|-------|-------|--------|-----------
         Aggregated                                                                      2108     0(0.00%) |     42       3    2304      6 |   24.90        0.00

Type     Name                                                                          # reqs      # fails |    Avg     Min     Max    Med |   req/s  failures/s
--------|----------------------------------------------------------------------------|-------|-------------|-------|-------|-------|-------|--------|-----------
GET      GET /api/v1/reservas                                                            1607     0(0.00%) |      7       3     110      7 |   16.90        0.00
GET      GET /api/v1/reservas/{id}                                                        498     0(0.00%) |      5       3      46      5 |    7.00        0.00
POST     POST /api/v1/auth/login                                                           50     0(0.00%) |   1477     445    2304   1500 |    0.00        0.00
--------|----------------------------------------------------------------------------|-------|-------------|-------|-------|-------|-------|--------|-----------
         Aggregated                                                                      2155     0(0.00%) |     41       3    2304      6 |   23.90        0.00

Type     Name                                                                          # reqs      # fails |    Avg     Min     Max    Med |   req/s  failures/s
--------|----------------------------------------------------------------------------|-------|-------------|-------|-------|-------|-------|--------|-----------
GET      GET /api/v1/reservas                                                            1647     0(0.00%) |      7       3     110      7 |   16.50        0.00
GET      GET /api/v1/reservas/{id}                                                        509     0(0.00%) |      5       3      46      5 |    7.60        0.00
POST     POST /api/v1/auth/login                                                           50     0(0.00%) |   1477     445    2304   1500 |    0.00        0.00
--------|----------------------------------------------------------------------------|-------|-------------|-------|-------|-------|-------|--------|-----------
         Aggregated                                                                      2206     0(0.00%) |     40       3    2304      6 |   24.10        0.00

Type     Name                                                                          # reqs      # fails |    Avg     Min     Max    Med |   req/s  failures/s
--------|----------------------------------------------------------------------------|-------|-------------|-------|-------|-------|-------|--------|-----------
GET      GET /api/v1/reservas                                                            1688     0(0.00%) |      7       3     110      7 |   17.90        0.00
GET      GET /api/v1/reservas/{id}                                                        521     0(0.00%) |      5       3      46      5 |    7.00        0.00
POST     POST /api/v1/auth/login                                                           50     0(0.00%) |   1477     445    2304   1500 |    0.00        0.00
--------|----------------------------------------------------------------------------|-------|-------------|-------|-------|-------|-------|--------|-----------
         Aggregated                                                                      2259     0(0.00%) |     39       3    2304      6 |   24.90        0.00

Type     Name                                                                          # reqs      # fails |    Avg     Min     Max    Med |   req/s  failures/s
--------|----------------------------------------------------------------------------|-------|-------------|-------|-------|-------|-------|--------|-----------
GET      GET /api/v1/reservas                                                            1727     0(0.00%) |      7       3     110      7 |   17.90        0.00
GET      GET /api/v1/reservas/{id}                                                        535     0(0.00%) |      5       3      46      5 |    7.20        0.00
POST     POST /api/v1/auth/login                                                           50     0(0.00%) |   1477     445    2304   1500 |    0.00        0.00
--------|----------------------------------------------------------------------------|-------|-------------|-------|-------|-------|-------|--------|-----------
         Aggregated                                                                      2312     0(0.00%) |     39       3    2304      6 |   25.10        0.00

Type     Name                                                                          # reqs      # fails |    Avg     Min     Max    Med |   req/s  failures/s
--------|----------------------------------------------------------------------------|-------|-------------|-------|-------|-------|-------|--------|-----------
GET      GET /api/v1/reservas                                                            1763     0(0.00%) |      7       3     110      7 |   18.60        0.00
GET      GET /api/v1/reservas/{id}                                                        551     0(0.00%) |      5       3      46      5 |    7.00        0.00
POST     POST /api/v1/auth/login                                                           50     0(0.00%) |   1477     445    2304   1500 |    0.00        0.00
--------|----------------------------------------------------------------------------|-------|-------------|-------|-------|-------|-------|--------|-----------
         Aggregated                                                                      2364     0(0.00%) |     38       3    2304      6 |   25.60        0.00

Type     Name                                                                          # reqs      # fails |    Avg     Min     Max    Med |   req/s  failures/s
--------|----------------------------------------------------------------------------|-------|-------------|-------|-------|-------|-------|--------|-----------
GET      GET /api/v1/reservas                                                            1800     0(0.00%) |      7       3     110      7 |   19.50        0.00
GET      GET /api/v1/reservas/{id}                                                        561     0(0.00%) |      5       3      46      5 |    6.60        0.00
POST     POST /api/v1/auth/login                                                           50     0(0.00%) |   1477     445    2304   1500 |    0.00        0.00
--------|----------------------------------------------------------------------------|-------|-------------|-------|-------|-------|-------|--------|-----------
         Aggregated                                                                      2411     0(0.00%) |     37       3    2304      6 |   26.10        0.00

Type     Name                                                                          # reqs      # fails |    Avg     Min     Max    Med |   req/s  failures/s
--------|----------------------------------------------------------------------------|-------|-------------|-------|-------|-------|-------|--------|-----------
GET      GET /api/v1/reservas                                                            1845     0(0.00%) |      7       3     110      7 |   19.40        0.00
GET      GET /api/v1/reservas/{id}                                                        574     0(0.00%) |      5       3      46      5 |    6.30        0.00
POST     POST /api/v1/auth/login                                                           50     0(0.00%) |   1477     445    2304   1500 |    0.00        0.00
--------|----------------------------------------------------------------------------|-------|-------------|-------|-------|-------|-------|--------|-----------
         Aggregated                                                                      2469     0(0.00%) |     37       3    2304      6 |   25.70        0.00

Type     Name                                                                          # reqs      # fails |    Avg     Min     Max    Med |   req/s  failures/s
--------|----------------------------------------------------------------------------|-------|-------------|-------|-------|-------|-------|--------|-----------
GET      GET /api/v1/reservas                                                            1884     0(0.00%) |      7       3     110      7 |   19.80        0.00
GET      GET /api/v1/reservas/{id}                                                        586     0(0.00%) |      5       3      46      5 |    6.50        0.00
POST     POST /api/v1/auth/login                                                           50     0(0.00%) |   1477     445    2304   1500 |    0.00        0.00
--------|----------------------------------------------------------------------------|-------|-------------|-------|-------|-------|-------|--------|-----------
         Aggregated                                                                      2520     0(0.00%) |     36       3    2304      6 |   26.30        0.00

Type     Name                                                                          # reqs      # fails |    Avg     Min     Max    Med |   req/s  failures/s
--------|----------------------------------------------------------------------------|-------|-------------|-------|-------|-------|-------|--------|-----------
GET      GET /api/v1/reservas                                                            1921     0(0.00%) |      7       3     110      7 |   19.50        0.00
GET      GET /api/v1/reservas/{id}                                                        600     0(0.00%) |      5       3      46      5 |    6.30        0.00
POST     POST /api/v1/auth/login                                                           50     0(0.00%) |   1477     445    2304   1500 |    0.00        0.00
--------|----------------------------------------------------------------------------|-------|-------------|-------|-------|-------|-------|--------|-----------
         Aggregated                                                                      2571     0(0.00%) |     35       3    2304      6 |   25.80        0.00

Type     Name                                                                          # reqs      # fails |    Avg     Min     Max    Med |   req/s  failures/s
--------|----------------------------------------------------------------------------|-------|-------------|-------|-------|-------|-------|--------|-----------
GET      GET /api/v1/reservas                                                            1962     0(0.00%) |      7       3     110      7 |   19.20        0.00
GET      GET /api/v1/reservas/{id}                                                        611     0(0.00%) |      5       3      46      5 |    6.30        0.00
POST     POST /api/v1/auth/login                                                           50     0(0.00%) |   1477     445    2304   1500 |    0.00        0.00
--------|----------------------------------------------------------------------------|-------|-------------|-------|-------|-------|-------|--------|-----------
         Aggregated                                                                      2623     0(0.00%) |     35       3    2304      6 |   25.50        0.00

Type     Name                                                                          # reqs      # fails |    Avg     Min     Max    Med |   req/s  failures/s
--------|----------------------------------------------------------------------------|-------|-------------|-------|-------|-------|-------|--------|-----------
GET      GET /api/v1/reservas                                                            1995     0(0.00%) |      7       3     110      7 |   19.80        0.00
GET      GET /api/v1/reservas/{id}                                                        625     0(0.00%) |      5       3      46      5 |    6.10        0.00
POST     POST /api/v1/auth/login                                                           50     0(0.00%) |   1477     445    2304   1500 |    0.00        0.00
--------|----------------------------------------------------------------------------|-------|-------------|-------|-------|-------|-------|--------|-----------
         Aggregated                                                                      2670     0(0.00%) |     34       3    2304      6 |   25.90        0.00

Type     Name                                                                          # reqs      # fails |    Avg     Min     Max    Med |   req/s  failures/s
--------|----------------------------------------------------------------------------|-------|-------------|-------|-------|-------|-------|--------|-----------
GET      GET /api/v1/reservas                                                            2032     0(0.00%) |      7       3     110      7 |   19.40        0.00
GET      GET /api/v1/reservas/{id}                                                        633     0(0.00%) |      5       3      46      5 |    6.40        0.00
POST     POST /api/v1/auth/login                                                           50     0(0.00%) |   1477     445    2304   1500 |    0.00        0.00
--------|----------------------------------------------------------------------------|-------|-------------|-------|-------|-------|-------|--------|-----------
         Aggregated                                                                      2715     0(0.00%) |     34       3    2304      6 |   25.80        0.00

Type     Name                                                                          # reqs      # fails |    Avg     Min     Max    Med |   req/s  failures/s
--------|----------------------------------------------------------------------------|-------|-------------|-------|-------|-------|-------|--------|-----------
GET      GET /api/v1/reservas                                                            2071     0(0.00%) |      7       3     110      7 |   18.70        0.00
GET      GET /api/v1/reservas/{id}                                                        645     0(0.00%) |      5       3      46      5 |    5.80        0.00
POST     POST /api/v1/auth/login                                                           50     0(0.00%) |   1477     445    2304   1500 |    0.00        0.00
--------|----------------------------------------------------------------------------|-------|-------------|-------|-------|-------|-------|--------|-----------
         Aggregated                                                                      2766     0(0.00%) |     33       3    2304      6 |   24.50        0.00

Type     Name                                                                          # reqs      # fails |    Avg     Min     Max    Med |   req/s  failures/s
--------|----------------------------------------------------------------------------|-------|-------------|-------|-------|-------|-------|--------|-----------
GET      GET /api/v1/reservas                                                            2110     0(0.00%) |      7       3     110      7 |   18.60        0.00
GET      GET /api/v1/reservas/{id}                                                        654     0(0.00%) |      5       3      46      5 |    5.90        0.00
POST     POST /api/v1/auth/login                                                           50     0(0.00%) |   1477     445    2304   1500 |    0.00        0.00
--------|----------------------------------------------------------------------------|-------|-------------|-------|-------|-------|-------|--------|-----------
         Aggregated                                                                      2814     0(0.00%) |     33       3    2304      6 |   24.50        0.00

Type     Name                                                                          # reqs      # fails |    Avg     Min     Max    Med |   req/s  failures/s
--------|----------------------------------------------------------------------------|-------|-------------|-------|-------|-------|-------|--------|-----------
GET      GET /api/v1/reservas                                                            2146     0(0.00%) |      7       3     110      7 |   19.00        0.00
GET      GET /api/v1/reservas/{id}                                                        664     0(0.00%) |      5       3      46      5 |    5.50        0.00
POST     POST /api/v1/auth/login                                                           50     0(0.00%) |   1477     445    2304   1500 |    0.00        0.00
--------|----------------------------------------------------------------------------|-------|-------------|-------|-------|-------|-------|--------|-----------
         Aggregated                                                                      2860     0(0.00%) |     32       3    2304      6 |   24.50        0.00

Type     Name                                                                          # reqs      # fails |    Avg     Min     Max    Med |   req/s  failures/s
--------|----------------------------------------------------------------------------|-------|-------------|-------|-------|-------|-------|--------|-----------
GET      GET /api/v1/reservas                                                            2184     0(0.00%) |      7       3     110      7 |   18.60        0.00
GET      GET /api/v1/reservas/{id}                                                        680     0(0.00%) |      5       3      46      5 |    5.40        0.00
POST     POST /api/v1/auth/login                                                           50     0(0.00%) |   1477     445    2304   1500 |    0.00        0.00
--------|----------------------------------------------------------------------------|-------|-------------|-------|-------|-------|-------|--------|-----------
         Aggregated                                                                      2914     0(0.00%) |     32       3    2304      6 |   24.00        0.00

Type     Name                                                                          # reqs      # fails |    Avg     Min     Max    Med |   req/s  failures/s
--------|----------------------------------------------------------------------------|-------|-------------|-------|-------|-------|-------|--------|-----------
GET      GET /api/v1/reservas                                                            2224     0(0.00%) |      7       3     110      7 |   18.60        0.00
GET      GET /api/v1/reservas/{id}                                                        696     0(0.00%) |      5       3      46      5 |    5.50        0.00
POST     POST /api/v1/auth/login                                                           50     0(0.00%) |   1477     445    2304   1500 |    0.00        0.00
--------|----------------------------------------------------------------------------|-------|-------------|-------|-------|-------|-------|--------|-----------
         Aggregated                                                                      2970     0(0.00%) |     31       3    2304      6 |   24.10        0.00

Type     Name                                                                          # reqs      # fails |    Avg     Min     Max    Med |   req/s  failures/s
--------|----------------------------------------------------------------------------|-------|-------------|-------|-------|-------|-------|--------|-----------
GET      GET /api/v1/reservas                                                            2256     0(0.00%) |      7       3     110      7 |   18.80        0.00
GET      GET /api/v1/reservas/{id}                                                        707     0(0.00%) |      5       3      46      5 |    6.30        0.00
POST     POST /api/v1/auth/login                                                           50     0(0.00%) |   1477     445    2304   1500 |    0.00        0.00
--------|----------------------------------------------------------------------------|-------|-------------|-------|-------|-------|-------|--------|-----------
         Aggregated                                                                      3013     0(0.00%) |     31       3    2304      6 |   25.10        0.00

Type     Name                                                                          # reqs      # fails |    Avg     Min     Max    Med |   req/s  failures/s
--------|----------------------------------------------------------------------------|-------|-------------|-------|-------|-------|-------|--------|-----------
GET      GET /api/v1/reservas                                                            2296     0(0.00%) |      7       3     110      7 |   18.60        0.00
GET      GET /api/v1/reservas/{id}                                                        715     0(0.00%) |      5       3      46      5 |    6.40        0.00
POST     POST /api/v1/auth/login                                                           50     0(0.00%) |   1477     445    2304   1500 |    0.00        0.00
--------|----------------------------------------------------------------------------|-------|-------------|-------|-------|-------|-------|--------|-----------
         Aggregated                                                                      3061     0(0.00%) |     31       3    2304      6 |   25.00        0.00

Type     Name                                                                          # reqs      # fails |    Avg     Min     Max    Med |   req/s  failures/s
--------|----------------------------------------------------------------------------|-------|-------------|-------|-------|-------|-------|--------|-----------
GET      GET /api/v1/reservas                                                            2338     0(0.00%) |      7       3     110      7 |   18.90        0.00
GET      GET /api/v1/reservas/{id}                                                        732     0(0.00%) |      5       3      46      5 |    6.20        0.00
POST     POST /api/v1/auth/login                                                           50     0(0.00%) |   1477     445    2304   1500 |    0.00        0.00
--------|----------------------------------------------------------------------------|-------|-------------|-------|-------|-------|-------|--------|-----------
         Aggregated                                                                      3120     0(0.00%) |     30       3    2304      6 |   25.10        0.00

Type     Name                                                                          # reqs      # fails |    Avg     Min     Max    Med |   req/s  failures/s
--------|----------------------------------------------------------------------------|-------|-------------|-------|-------|-------|-------|--------|-----------
GET      GET /api/v1/reservas                                                            2365     0(0.00%) |      7       3     110      7 |   18.60        0.00
GET      GET /api/v1/reservas/{id}                                                        745     0(0.00%) |      5       3      46      5 |    6.20        0.00
POST     POST /api/v1/auth/login                                                           50     0(0.00%) |   1477     445    2304   1500 |    0.00        0.00
--------|----------------------------------------------------------------------------|-------|-------------|-------|-------|-------|-------|--------|-----------
         Aggregated                                                                      3160     0(0.00%) |     30       3    2304      6 |   24.80        0.00

Type     Name                                                                          # reqs      # fails |    Avg     Min     Max    Med |   req/s  failures/s
--------|----------------------------------------------------------------------------|-------|-------------|-------|-------|-------|-------|--------|-----------
GET      GET /api/v1/reservas                                                            2406     0(0.00%) |      7       3     110      7 |   18.30        0.00
GET      GET /api/v1/reservas/{id}                                                        757     0(0.00%) |      5       3      46      5 |    6.40        0.00
POST     POST /api/v1/auth/login                                                           50     0(0.00%) |   1477     445    2304   1500 |    0.00        0.00
--------|----------------------------------------------------------------------------|-------|-------------|-------|-------|-------|-------|--------|-----------
         Aggregated                                                                      3213     0(0.00%) |     30       3    2304      6 |   24.70        0.00

Type     Name                                                                          # reqs      # fails |    Avg     Min     Max    Med |   req/s  failures/s
--------|----------------------------------------------------------------------------|-------|-------------|-------|-------|-------|-------|--------|-----------
GET      GET /api/v1/reservas                                                            2445     0(0.00%) |      7       3     110      7 |   18.50        0.00
GET      GET /api/v1/reservas/{id}                                                        769     0(0.00%) |      5       3      46      5 |    6.00        0.00
POST     POST /api/v1/auth/login                                                           50     0(0.00%) |   1477     445    2304   1500 |    0.00        0.00
--------|----------------------------------------------------------------------------|-------|-------------|-------|-------|-------|-------|--------|-----------
         Aggregated                                                                      3264     0(0.00%) |     29       3    2304      6 |   24.50        0.00

Type     Name                                                                          # reqs      # fails |    Avg     Min     Max    Med |   req/s  failures/s
--------|----------------------------------------------------------------------------|-------|-------------|-------|-------|-------|-------|--------|-----------
GET      GET /api/v1/reservas                                                            2486     0(0.00%) |      7       3     110      7 |   18.80        0.00
GET      GET /api/v1/reservas/{id}                                                        776     0(0.00%) |      5       3      46      5 |    6.20        0.00
POST     POST /api/v1/auth/login                                                           50     0(0.00%) |   1477     445    2304   1500 |    0.00        0.00
--------|----------------------------------------------------------------------------|-------|-------------|-------|-------|-------|-------|--------|-----------
         Aggregated                                                                      3312     0(0.00%) |     29       3    2304      6 |   25.00        0.00

Type     Name                                                                          # reqs      # fails |    Avg     Min     Max    Med |   req/s  failures/s
--------|----------------------------------------------------------------------------|-------|-------------|-------|-------|-------|-------|--------|-----------
GET      GET /api/v1/reservas                                                            2519     0(0.00%) |      7       3     110      7 |   18.80        0.00
GET      GET /api/v1/reservas/{id}                                                        789     0(0.00%) |      5       3      46      5 |    6.10        0.00
POST     POST /api/v1/auth/login                                                           50     0(0.00%) |   1477     445    2304   1500 |    0.00        0.00
--------|----------------------------------------------------------------------------|-------|-------------|-------|-------|-------|-------|--------|-----------
         Aggregated                                                                      3358     0(0.00%) |     29       3    2304      6 |   24.90        0.00

Type     Name                                                                          # reqs      # fails |    Avg     Min     Max    Med |   req/s  failures/s
--------|----------------------------------------------------------------------------|-------|-------------|-------|-------|-------|-------|--------|-----------
GET      GET /api/v1/reservas                                                            2555     0(0.00%) |      7       3     110      7 |   18.40        0.00
GET      GET /api/v1/reservas/{id}                                                        804     0(0.00%) |      5       3      46      5 |    6.20        0.00
POST     POST /api/v1/auth/login                                                           50     0(0.00%) |   1477     445    2304   1500 |    0.00        0.00
--------|----------------------------------------------------------------------------|-------|-------------|-------|-------|-------|-------|--------|-----------
         Aggregated                                                                      3409     0(0.00%) |     28       3    2304      6 |   24.60        0.00

Type     Name                                                                          # reqs      # fails |    Avg     Min     Max    Med |   req/s  failures/s
--------|----------------------------------------------------------------------------|-------|-------------|-------|-------|-------|-------|--------|-----------
GET      GET /api/v1/reservas                                                            2598     0(0.00%) |      7       3     110      7 |   18.90        0.00
GET      GET /api/v1/reservas/{id}                                                        812     0(0.00%) |      5       3      46      5 |    5.90        0.00
POST     POST /api/v1/auth/login                                                           50     0(0.00%) |   1477     445    2304   1500 |    0.00        0.00
--------|----------------------------------------------------------------------------|-------|-------------|-------|-------|-------|-------|--------|-----------
         Aggregated                                                                      3460     0(0.00%) |     28       3    2304      6 |   24.80        0.00

Type     Name                                                                          # reqs      # fails |    Avg     Min     Max    Med |   req/s  failures/s
--------|----------------------------------------------------------------------------|-------|-------------|-------|-------|-------|-------|--------|-----------
GET      GET /api/v1/reservas                                                            2640     0(0.00%) |      7       3     110      7 |   19.20        0.00
GET      GET /api/v1/reservas/{id}                                                        819     0(0.00%) |      5       3      46      5 |    5.60        0.00
POST     POST /api/v1/auth/login                                                           50     0(0.00%) |   1477     445    2304   1500 |    0.00        0.00
--------|----------------------------------------------------------------------------|-------|-------------|-------|-------|-------|-------|--------|-----------
         Aggregated                                                                      3509     0(0.00%) |     28       3    2304      6 |   24.80        0.00

Type     Name                                                                          # reqs      # fails |    Avg     Min     Max    Med |   req/s  failures/s
--------|----------------------------------------------------------------------------|-------|-------------|-------|-------|-------|-------|--------|-----------
GET      GET /api/v1/reservas                                                            2682     0(0.00%) |      7       3     110      7 |   19.40        0.00
GET      GET /api/v1/reservas/{id}                                                        829     0(0.00%) |      5       3      46      5 |    4.80        0.00
POST     POST /api/v1/auth/login                                                           50     0(0.00%) |   1477     445    2304   1500 |    0.00        0.00
--------|----------------------------------------------------------------------------|-------|-------------|-------|-------|-------|-------|--------|-----------
         Aggregated                                                                      3561     0(0.00%) |     27       3    2304      6 |   24.20        0.00

Type     Name                                                                          # reqs      # fails |    Avg     Min     Max    Med |   req/s  failures/s
--------|----------------------------------------------------------------------------|-------|-------------|-------|-------|-------|-------|--------|-----------
GET      GET /api/v1/reservas                                                            2715     0(0.00%) |      7       3     110      7 |   19.30        0.00
GET      GET /api/v1/reservas/{id}                                                        836     0(0.00%) |      5       3      46      5 |    5.10        0.00
POST     POST /api/v1/auth/login                                                           50     0(0.00%) |   1477     445    2304   1500 |    0.00        0.00
--------|----------------------------------------------------------------------------|-------|-------------|-------|-------|-------|-------|--------|-----------
         Aggregated                                                                      3601     0(0.00%) |     27       3    2304      6 |   24.40        0.00

Type     Name                                                                          # reqs      # fails |    Avg     Min     Max    Med |   req/s  failures/s
--------|----------------------------------------------------------------------------|-------|-------------|-------|-------|-------|-------|--------|-----------
GET      GET /api/v1/reservas                                                            2752     0(0.00%) |      7       3     153      7 |   19.70        0.00
GET      GET /api/v1/reservas/{id}                                                        852     0(0.00%) |      5       3     112      5 |    4.90        0.00
POST     POST /api/v1/auth/login                                                           50     0(0.00%) |   1477     445    2304   1500 |    0.00        0.00
--------|----------------------------------------------------------------------------|-------|-------------|-------|-------|-------|-------|--------|-----------
         Aggregated                                                                      3654     0(0.00%) |     27       3    2304      6 |   24.60        0.00

Type     Name                                                                          # reqs      # fails |    Avg     Min     Max    Med |   req/s  failures/s
--------|----------------------------------------------------------------------------|-------|-------------|-------|-------|-------|-------|--------|-----------
GET      GET /api/v1/reservas                                                            2788     0(0.00%) |      7       3     153      7 |   19.90        0.00
GET      GET /api/v1/reservas/{id}                                                        865     0(0.00%) |      5       3     112      5 |    4.90        0.00
POST     POST /api/v1/auth/login                                                           50     0(0.00%) |   1477     445    2304   1500 |    0.00        0.00
--------|----------------------------------------------------------------------------|-------|-------------|-------|-------|-------|-------|--------|-----------
         Aggregated                                                                      3703     0(0.00%) |     27       3    2304      7 |   24.80        0.00

Type     Name                                                                          # reqs      # fails |    Avg     Min     Max    Med |   req/s  failures/s
--------|----------------------------------------------------------------------------|-------|-------------|-------|-------|-------|-------|--------|-----------
GET      GET /api/v1/reservas                                                            2825     0(0.00%) |      7       3     153      7 |   18.80        0.00
GET      GET /api/v1/reservas/{id}                                                        879     0(0.00%) |      5       3     112      5 |    5.40        0.00
POST     POST /api/v1/auth/login                                                           50     0(0.00%) |   1477     445    2304   1500 |    0.00        0.00
--------|----------------------------------------------------------------------------|-------|-------------|-------|-------|-------|-------|--------|-----------
         Aggregated                                                                      3754     0(0.00%) |     27       3    2304      7 |   24.20        0.00

Type     Name                                                                          # reqs      # fails |    Avg     Min     Max    Med |   req/s  failures/s
--------|----------------------------------------------------------------------------|-------|-------------|-------|-------|-------|-------|--------|-----------
GET      GET /api/v1/reservas                                                            2865     0(0.00%) |      7       3     153      7 |   18.70        0.00
GET      GET /api/v1/reservas/{id}                                                        887     0(0.00%) |      5       3     112      5 |    5.80        0.00
POST     POST /api/v1/auth/login                                                           50     0(0.00%) |   1477     445    2304   1500 |    0.00        0.00
--------|----------------------------------------------------------------------------|-------|-------------|-------|-------|-------|-------|--------|-----------
         Aggregated                                                                      3802     0(0.00%) |     26       3    2304      7 |   24.50        0.00

Type     Name                                                                          # reqs      # fails |    Avg     Min     Max    Med |   req/s  failures/s
--------|----------------------------------------------------------------------------|-------|-------------|-------|-------|-------|-------|--------|-----------
GET      GET /api/v1/reservas                                                            2911     0(0.00%) |      7       3     153      7 |   18.50        0.00
GET      GET /api/v1/reservas/{id}                                                        894     0(0.00%) |      5       3     112      5 |    5.80        0.00
POST     POST /api/v1/auth/login                                                           50     0(0.00%) |   1477     445    2304   1500 |    0.00        0.00
--------|----------------------------------------------------------------------------|-------|-------------|-------|-------|-------|-------|--------|-----------
         Aggregated                                                                      3855     0(0.00%) |     26       3    2304      7 |   24.30        0.00

Type     Name                                                                          # reqs      # fails |    Avg     Min     Max    Med |   req/s  failures/s
--------|----------------------------------------------------------------------------|-------|-------------|-------|-------|-------|-------|--------|-----------
GET      GET /api/v1/reservas                                                            2949     0(0.00%) |      7       3     153      7 |   19.10        0.00
GET      GET /api/v1/reservas/{id}                                                        904     0(0.00%) |      5       3     112      5 |    5.50        0.00
POST     POST /api/v1/auth/login                                                           50     0(0.00%) |   1477     445    2304   1500 |    0.00        0.00
--------|----------------------------------------------------------------------------|-------|-------------|-------|-------|-------|-------|--------|-----------
         Aggregated                                                                      3903     0(0.00%) |     26       3    2304      6 |   24.60        0.00

Type     Name                                                                          # reqs      # fails |    Avg     Min     Max    Med |   req/s  failures/s
--------|----------------------------------------------------------------------------|-------|-------------|-------|-------|-------|-------|--------|-----------
GET      GET /api/v1/reservas                                                            2988     0(0.00%) |      7       3     153      7 |   19.60        0.00
GET      GET /api/v1/reservas/{id}                                                        916     0(0.00%) |      5       3     112      5 |    5.40        0.00
POST     POST /api/v1/auth/login                                                           50     0(0.00%) |   1477     445    2304   1500 |    0.00        0.00
--------|----------------------------------------------------------------------------|-------|-------------|-------|-------|-------|-------|--------|-----------
         Aggregated                                                                      3954     0(0.00%) |     25       3    2304      6 |   25.00        0.00

Type     Name                                                                          # reqs      # fails |    Avg     Min     Max    Med |   req/s  failures/s
--------|----------------------------------------------------------------------------|-------|-------------|-------|-------|-------|-------|--------|-----------
GET      GET /api/v1/reservas                                                            3027     0(0.00%) |      7       3     153      7 |   20.40        0.00
GET      GET /api/v1/reservas/{id}                                                        928     0(0.00%) |      5       3     112      5 |    5.00        0.00
POST     POST /api/v1/auth/login                                                           50     0(0.00%) |   1477     445    2304   1500 |    0.00        0.00
--------|----------------------------------------------------------------------------|-------|-------------|-------|-------|-------|-------|--------|-----------
         Aggregated                                                                      4005     0(0.00%) |     25       3    2304      6 |   25.40        0.00

Type     Name                                                                          # reqs      # fails |    Avg     Min     Max    Med |   req/s  failures/s
--------|----------------------------------------------------------------------------|-------|-------------|-------|-------|-------|-------|--------|-----------
GET      GET /api/v1/reservas                                                            3066     0(0.00%) |      7       3     153      7 |   20.70        0.00
GET      GET /api/v1/reservas/{id}                                                        937     0(0.00%) |      5       3     112      5 |    5.10        0.00
POST     POST /api/v1/auth/login                                                           50     0(0.00%) |   1477     445    2304   1500 |    0.00        0.00
--------|----------------------------------------------------------------------------|-------|-------------|-------|-------|-------|-------|--------|-----------
         Aggregated                                                                      4053     0(0.00%) |     25       3    2304      6 |   25.80        0.00

Type     Name                                                                          # reqs      # fails |    Avg     Min     Max    Med |   req/s  failures/s
--------|----------------------------------------------------------------------------|-------|-------------|-------|-------|-------|-------|--------|-----------
GET      GET /api/v1/reservas                                                            3102     0(0.00%) |      7       3     153      7 |   20.40        0.00
GET      GET /api/v1/reservas/{id}                                                        951     0(0.00%) |      5       3     112      5 |    5.00        0.00
POST     POST /api/v1/auth/login                                                           50     0(0.00%) |   1477     445    2304   1500 |    0.00        0.00
--------|----------------------------------------------------------------------------|-------|-------------|-------|-------|-------|-------|--------|-----------
         Aggregated                                                                      4103     0(0.00%) |     25       3    2304      6 |   25.40        0.00

Type     Name                                                                          # reqs      # fails |    Avg     Min     Max    Med |   req/s  failures/s
--------|----------------------------------------------------------------------------|-------|-------------|-------|-------|-------|-------|--------|-----------
GET      GET /api/v1/reservas                                                            3144     0(0.00%) |      7       3     153      7 |   19.70        0.00
GET      GET /api/v1/reservas/{id}                                                        965     0(0.00%) |      5       3     112      5 |    5.70        0.00
POST     POST /api/v1/auth/login                                                           50     0(0.00%) |   1477     445    2304   1500 |    0.00        0.00
--------|----------------------------------------------------------------------------|-------|-------------|-------|-------|-------|-------|--------|-----------
         Aggregated                                                                      4159     0(0.00%) |     25       3    2304      6 |   25.40        0.00

Type     Name                                                                          # reqs      # fails |    Avg     Min     Max    Med |   req/s  failures/s
--------|----------------------------------------------------------------------------|-------|-------------|-------|-------|-------|-------|--------|-----------
GET      GET /api/v1/reservas                                                            3177     0(0.00%) |      7       3     153      7 |   18.90        0.00
GET      GET /api/v1/reservas/{id}                                                        974     0(0.00%) |      5       3     112      5 |    5.60        0.00
POST     POST /api/v1/auth/login                                                           50     0(0.00%) |   1477     445    2304   1500 |    0.00        0.00
--------|----------------------------------------------------------------------------|-------|-------------|-------|-------|-------|-------|--------|-----------
         Aggregated                                                                      4201     0(0.00%) |     24       3    2304      6 |   24.50        0.00

Type     Name                                                                          # reqs      # fails |    Avg     Min     Max    Med |   req/s  failures/s
--------|----------------------------------------------------------------------------|-------|-------------|-------|-------|-------|-------|--------|-----------
GET      GET /api/v1/reservas                                                            3216     0(0.00%) |      7       3     153      7 |   18.30        0.00
GET      GET /api/v1/reservas/{id}                                                        988     0(0.00%) |      5       3     112      5 |    5.90        0.00
POST     POST /api/v1/auth/login                                                           50     0(0.00%) |   1477     445    2304   1500 |    0.00        0.00
--------|----------------------------------------------------------------------------|-------|-------------|-------|-------|-------|-------|--------|-----------
         Aggregated                                                                      4254     0(0.00%) |     24       3    2304      6 |   24.20        0.00

Type     Name                                                                          # reqs      # fails |    Avg     Min     Max    Med |   req/s  failures/s
--------|----------------------------------------------------------------------------|-------|-------------|-------|-------|-------|-------|--------|-----------
GET      GET /api/v1/reservas                                                            3256     0(0.00%) |      7       3     153      7 |   18.10        0.00
GET      GET /api/v1/reservas/{id}                                                       1003     0(0.00%) |      5       3     112      5 |    6.10        0.00
POST     POST /api/v1/auth/login                                                           50     0(0.00%) |   1477     445    2304   1500 |    0.00        0.00
--------|----------------------------------------------------------------------------|-------|-------------|-------|-------|-------|-------|--------|-----------
         Aggregated                                                                      4309     0(0.00%) |     24       3    2304      6 |   24.20        0.00

Type     Name                                                                          # reqs      # fails |    Avg     Min     Max    Med |   req/s  failures/s
--------|----------------------------------------------------------------------------|-------|-------------|-------|-------|-------|-------|--------|-----------
GET      GET /api/v1/reservas                                                            3296     0(0.00%) |      7       3     153      7 |   18.40        0.00
GET      GET /api/v1/reservas/{id}                                                       1008     0(0.00%) |      5       3     112      5 |    6.50        0.00
POST     POST /api/v1/auth/login                                                           50     0(0.00%) |   1477     445    2304   1500 |    0.00        0.00
--------|----------------------------------------------------------------------------|-------|-------------|-------|-------|-------|-------|--------|-----------
         Aggregated                                                                      4354     0(0.00%) |     24       3    2304      6 |   24.90        0.00

Type     Name                                                                          # reqs      # fails |    Avg     Min     Max    Med |   req/s  failures/s
--------|----------------------------------------------------------------------------|-------|-------------|-------|-------|-------|-------|--------|-----------
GET      GET /api/v1/reservas                                                            3330     0(0.00%) |      7       3     153      7 |   18.70        0.00
GET      GET /api/v1/reservas/{id}                                                       1018     0(0.00%) |      5       3     112      5 |    5.90        0.00
POST     POST /api/v1/auth/login                                                           50     0(0.00%) |   1477     445    2304   1500 |    0.00        0.00
--------|----------------------------------------------------------------------------|-------|-------------|-------|-------|-------|-------|--------|-----------
         Aggregated                                                                      4398     0(0.00%) |     24       3    2304      6 |   24.60        0.00

Type     Name                                                                          # reqs      # fails |    Avg     Min     Max    Med |   req/s  failures/s
--------|----------------------------------------------------------------------------|-------|-------------|-------|-------|-------|-------|--------|-----------
GET      GET /api/v1/reservas                                                            3366     0(0.00%) |      7       3     153      7 |   19.40        0.00
GET      GET /api/v1/reservas/{id}                                                       1031     0(0.00%) |      5       3     112      5 |    5.50        0.00
POST     POST /api/v1/auth/login                                                           50     0(0.00%) |   1477     445    2304   1500 |    0.00        0.00
--------|----------------------------------------------------------------------------|-------|-------------|-------|-------|-------|-------|--------|-----------
         Aggregated                                                                      4447     0(0.00%) |     23       3    2304      6 |   24.90        0.00

Type     Name                                                                          # reqs      # fails |    Avg     Min     Max    Med |   req/s  failures/s
--------|----------------------------------------------------------------------------|-------|-------------|-------|-------|-------|-------|--------|-----------
GET      GET /api/v1/reservas                                                            3413     0(0.00%) |      7       3     153      7 |   19.10        0.00
GET      GET /api/v1/reservas/{id}                                                       1035     0(0.00%) |      5       3     112      5 |    5.70        0.00
POST     POST /api/v1/auth/login                                                           50     0(0.00%) |   1477     445    2304   1500 |    0.00        0.00
--------|----------------------------------------------------------------------------|-------|-------------|-------|-------|-------|-------|--------|-----------
         Aggregated                                                                      4498     0(0.00%) |     23       3    2304      6 |   24.80        0.00

Type     Name                                                                          # reqs      # fails |    Avg     Min     Max    Med |   req/s  failures/s
--------|----------------------------------------------------------------------------|-------|-------------|-------|-------|-------|-------|--------|-----------
GET      GET /api/v1/reservas                                                            3450     0(0.00%) |      7       3     153      7 |   19.80        0.00
GET      GET /api/v1/reservas/{id}                                                       1048     0(0.00%) |      5       3     112      5 |    4.80        0.00
POST     POST /api/v1/auth/login                                                           50     0(0.00%) |   1477     445    2304   1500 |    0.00        0.00
--------|----------------------------------------------------------------------------|-------|-------------|-------|-------|-------|-------|--------|-----------
         Aggregated                                                                      4548     0(0.00%) |     23       3    2304      6 |   24.60        0.00

Type     Name                                                                          # reqs      # fails |    Avg     Min     Max    Med |   req/s  failures/s
--------|----------------------------------------------------------------------------|-------|-------------|-------|-------|-------|-------|--------|-----------
GET      GET /api/v1/reservas                                                            3494     0(0.00%) |      7       3     153      7 |   19.90        0.00
GET      GET /api/v1/reservas/{id}                                                       1057     0(0.00%) |      5       3     112      5 |    4.50        0.00
POST     POST /api/v1/auth/login                                                           50     0(0.00%) |   1477     445    2304   1500 |    0.00        0.00
--------|----------------------------------------------------------------------------|-------|-------------|-------|-------|-------|-------|--------|-----------
         Aggregated                                                                      4601     0(0.00%) |     23       3    2304      6 |   24.40        0.00

Type     Name                                                                          # reqs      # fails |    Avg     Min     Max    Med |   req/s  failures/s
--------|----------------------------------------------------------------------------|-------|-------------|-------|-------|-------|-------|--------|-----------
GET      GET /api/v1/reservas                                                            3526     0(0.00%) |      7       3     153      7 |   19.90        0.00
GET      GET /api/v1/reservas/{id}                                                       1070     0(0.00%) |      5       3     112      5 |    4.90        0.00
POST     POST /api/v1/auth/login                                                           50     0(0.00%) |   1477     445    2304   1500 |    0.00        0.00
--------|----------------------------------------------------------------------------|-------|-------------|-------|-------|-------|-------|--------|-----------
         Aggregated                                                                      4646     0(0.00%) |     23       3    2304      6 |   24.80        0.00

Type     Name                                                                          # reqs      # fails |    Avg     Min     Max    Med |   req/s  failures/s
--------|----------------------------------------------------------------------------|-------|-------------|-------|-------|-------|-------|--------|-----------
GET      GET /api/v1/reservas                                                            3560     0(0.00%) |      7       3     153      7 |   19.30        0.00
GET      GET /api/v1/reservas/{id}                                                       1087     0(0.00%) |      5       3     112      5 |    5.30        0.00
POST     POST /api/v1/auth/login                                                           50     0(0.00%) |   1477     445    2304   1500 |    0.00        0.00
--------|----------------------------------------------------------------------------|-------|-------------|-------|-------|-------|-------|--------|-----------
         Aggregated                                                                      4697     0(0.00%) |     22       3    2304      6 |   24.60        0.00

Type     Name                                                                          # reqs      # fails |    Avg     Min     Max    Med |   req/s  failures/s
--------|----------------------------------------------------------------------------|-------|-------------|-------|-------|-------|-------|--------|-----------
GET      GET /api/v1/reservas                                                            3605     0(0.00%) |      7       3     153      7 |   19.80        0.00
GET      GET /api/v1/reservas/{id}                                                       1094     0(0.00%) |      5       3     112      5 |    5.10        0.00
POST     POST /api/v1/auth/login                                                           50     0(0.00%) |   1477     445    2304   1500 |    0.00        0.00
--------|----------------------------------------------------------------------------|-------|-------------|-------|-------|-------|-------|--------|-----------
         Aggregated                                                                      4749     0(0.00%) |     22       3    2304      6 |   24.90        0.00

Type     Name                                                                          # reqs      # fails |    Avg     Min     Max    Med |   req/s  failures/s
--------|----------------------------------------------------------------------------|-------|-------------|-------|-------|-------|-------|--------|-----------
GET      GET /api/v1/reservas                                                            3636     0(0.00%) |      7       3     153      7 |   19.10        0.00
GET      GET /api/v1/reservas/{id}                                                       1107     0(0.00%) |      5       3     112      5 |    5.80        0.00
POST     POST /api/v1/auth/login                                                           50     0(0.00%) |   1477     445    2304   1500 |    0.00        0.00
--------|----------------------------------------------------------------------------|-------|-------------|-------|-------|-------|-------|--------|-----------
         Aggregated                                                                      4793     0(0.00%) |     22       3    2304      6 |   24.90        0.00

Type     Name                                                                          # reqs      # fails |    Avg     Min     Max    Med |   req/s  failures/s
--------|----------------------------------------------------------------------------|-------|-------------|-------|-------|-------|-------|--------|-----------
GET      GET /api/v1/reservas                                                            3671     0(0.00%) |      7       3     153      7 |   18.40        0.00
GET      GET /api/v1/reservas/{id}                                                       1121     0(0.00%) |      5       3     112      5 |    6.10        0.00
POST     POST /api/v1/auth/login                                                           50     0(0.00%) |   1477     445    2304   1500 |    0.00        0.00
--------|----------------------------------------------------------------------------|-------|-------------|-------|-------|-------|-------|--------|-----------
         Aggregated                                                                      4842     0(0.00%) |     22       3    2304      6 |   24.50        0.00

Type     Name                                                                          # reqs      # fails |    Avg     Min     Max    Med |   req/s  failures/s
--------|----------------------------------------------------------------------------|-------|-------------|-------|-------|-------|-------|--------|-----------
GET      GET /api/v1/reservas                                                            3701     0(0.00%) |      7       3     153      7 |   17.90        0.00
GET      GET /api/v1/reservas/{id}                                                       1135     0(0.00%) |      5       3     112      5 |    6.20        0.00
POST     POST /api/v1/auth/login                                                           50     0(0.00%) |   1477     445    2304   1500 |    0.00        0.00
--------|----------------------------------------------------------------------------|-------|-------------|-------|-------|-------|-------|--------|-----------
         Aggregated                                                                      4886     0(0.00%) |     22       3    2304      6 |   24.10        0.00

Type     Name                                                                          # reqs      # fails |    Avg     Min     Max    Med |   req/s  failures/s
--------|----------------------------------------------------------------------------|-------|-------------|-------|-------|-------|-------|--------|-----------
GET      GET /api/v1/reservas                                                            3746     0(0.00%) |      7       3     153      7 |   17.60        0.00
GET      GET /api/v1/reservas/{id}                                                       1139     0(0.00%) |      5       3     112      5 |    6.50        0.00
POST     POST /api/v1/auth/login                                                           50     0(0.00%) |   1477     445    2304   1500 |    0.00        0.00
--------|----------------------------------------------------------------------------|-------|-------------|-------|-------|-------|-------|--------|-----------
         Aggregated                                                                      4935     0(0.00%) |     22       3    2304      6 |   24.10        0.00

Type     Name                                                                          # reqs      # fails |    Avg     Min     Max    Med |   req/s  failures/s
--------|----------------------------------------------------------------------------|-------|-------------|-------|-------|-------|-------|--------|-----------
GET      GET /api/v1/reservas                                                            3786     0(0.00%) |      7       3     153      7 |   18.50        0.00
GET      GET /api/v1/reservas/{id}                                                       1151     0(0.00%) |      5       3     112      5 |    5.70        0.00
POST     POST /api/v1/auth/login                                                           50     0(0.00%) |   1477     445    2304   1500 |    0.00        0.00
--------|----------------------------------------------------------------------------|-------|-------------|-------|-------|-------|-------|--------|-----------
         Aggregated                                                                      4987     0(0.00%) |     21       3    2304      6 |   24.20        0.00

Type     Name                                                                          # reqs      # fails |    Avg     Min     Max    Med |   req/s  failures/s
--------|----------------------------------------------------------------------------|-------|-------------|-------|-------|-------|-------|--------|-----------
GET      GET /api/v1/reservas                                                            3821     0(0.00%) |      7       3     153      7 |   18.40        0.00
GET      GET /api/v1/reservas/{id}                                                       1163     0(0.00%) |      5       3     112      5 |    5.80        0.00
POST     POST /api/v1/auth/login                                                           50     0(0.00%) |   1477     445    2304   1500 |    0.00        0.00
--------|----------------------------------------------------------------------------|-------|-------------|-------|-------|-------|-------|--------|-----------
         Aggregated                                                                      5034     0(0.00%) |     21       3    2304      6 |   24.20        0.00

Type     Name                                                                          # reqs      # fails |    Avg     Min     Max    Med |   req/s  failures/s
--------|----------------------------------------------------------------------------|-------|-------------|-------|-------|-------|-------|--------|-----------
GET      GET /api/v1/reservas                                                            3855     0(0.00%) |      7       3     153      7 |   18.90        0.00
GET      GET /api/v1/reservas/{id}                                                       1179     0(0.00%) |      5       3     112      5 |    5.60        0.00
POST     POST /api/v1/auth/login                                                           50     0(0.00%) |   1477     445    2304   1500 |    0.00        0.00
--------|----------------------------------------------------------------------------|-------|-------------|-------|-------|-------|-------|--------|-----------
         Aggregated                                                                      5084     0(0.00%) |     21       3    2304      6 |   24.50        0.00

Type     Name                                                                          # reqs      # fails |    Avg     Min     Max    Med |   req/s  failures/s
--------|----------------------------------------------------------------------------|-------|-------------|-------|-------|-------|-------|--------|-----------
GET      GET /api/v1/reservas                                                            3892     0(0.00%) |      7       3     153      7 |   18.70        0.00
GET      GET /api/v1/reservas/{id}                                                       1194     0(0.00%) |      5       3     112      5 |    5.90        0.00
POST     POST /api/v1/auth/login                                                           50     0(0.00%) |   1477     445    2304   1500 |    0.00        0.00
--------|----------------------------------------------------------------------------|-------|-------------|-------|-------|-------|-------|--------|-----------
         Aggregated                                                                      5136     0(0.00%) |     21       3    2304      6 |   24.60        0.00

Type     Name                                                                          # reqs      # fails |    Avg     Min     Max    Med |   req/s  failures/s
--------|----------------------------------------------------------------------------|-------|-------------|-------|-------|-------|-------|--------|-----------
GET      GET /api/v1/reservas                                                            3932     0(0.00%) |      7       3     153      7 |   19.00        0.00
GET      GET /api/v1/reservas/{id}                                                       1204     0(0.00%) |      5       3     112      5 |    5.60        0.00
POST     POST /api/v1/auth/login                                                           50     0(0.00%) |   1477     445    2304   1500 |    0.00        0.00
--------|----------------------------------------------------------------------------|-------|-------------|-------|-------|-------|-------|--------|-----------
         Aggregated                                                                      5186     0(0.00%) |     21       3    2304      6 |   24.60        0.00

Type     Name                                                                          # reqs      # fails |    Avg     Min     Max    Med |   req/s  failures/s
--------|----------------------------------------------------------------------------|-------|-------------|-------|-------|-------|-------|--------|-----------
GET      GET /api/v1/reservas                                                            3966     0(0.00%) |      7       3     153      7 |   18.60        0.00
GET      GET /api/v1/reservas/{id}                                                       1214     0(0.00%) |      5       3     112      5 |    6.30        0.00
POST     POST /api/v1/auth/login                                                           50     0(0.00%) |   1477     445    2304   1500 |    0.00        0.00
--------|----------------------------------------------------------------------------|-------|-------------|-------|-------|-------|-------|--------|-----------
         Aggregated                                                                      5230     0(0.00%) |     21       3    2304      6 |   24.90        0.00

Type     Name                                                                          # reqs      # fails |    Avg     Min     Max    Med |   req/s  failures/s
--------|----------------------------------------------------------------------------|-------|-------------|-------|-------|-------|-------|--------|-----------
GET      GET /api/v1/reservas                                                            3996     0(0.00%) |      7       3     153      7 |   18.30        0.00
GET      GET /api/v1/reservas/{id}                                                       1231     0(0.00%) |      5       3     112      5 |    6.20        0.00
POST     POST /api/v1/auth/login                                                           50     0(0.00%) |   1477     445    2304   1500 |    0.00        0.00
--------|----------------------------------------------------------------------------|-------|-------------|-------|-------|-------|-------|--------|-----------
         Aggregated                                                                      5277     0(0.00%) |     21       3    2304      6 |   24.50        0.00

Type     Name                                                                          # reqs      # fails |    Avg     Min     Max    Med |   req/s  failures/s
--------|----------------------------------------------------------------------------|-------|-------------|-------|-------|-------|-------|--------|-----------
GET      GET /api/v1/reservas                                                            4027     0(0.00%) |      7       3     153      7 |   17.20        0.00
GET      GET /api/v1/reservas/{id}                                                       1252     0(0.00%) |      5       3     112      5 |    6.60        0.00
POST     POST /api/v1/auth/login                                                           50     0(0.00%) |   1477     445    2304   1500 |    0.00        0.00
--------|----------------------------------------------------------------------------|-------|-------------|-------|-------|-------|-------|--------|-----------
         Aggregated                                                                      5329     0(0.00%) |     20       3    2304      6 |   23.80        0.00

Type     Name                                                                          # reqs      # fails |    Avg     Min     Max    Med |   req/s  failures/s
--------|----------------------------------------------------------------------------|-------|-------------|-------|-------|-------|-------|--------|-----------
GET      GET /api/v1/reservas                                                            4066     0(0.00%) |      7       3     153      7 |   17.00        0.00
GET      GET /api/v1/reservas/{id}                                                       1264     0(0.00%) |      5       3     112      5 |    7.20        0.00
POST     POST /api/v1/auth/login                                                           50     0(0.00%) |   1477     445    2304   1500 |    0.00        0.00
--------|----------------------------------------------------------------------------|-------|-------------|-------|-------|-------|-------|--------|-----------
         Aggregated                                                                      5380     0(0.00%) |     20       3    2304      6 |   24.20        0.00

Type     Name                                                                          # reqs      # fails |    Avg     Min     Max    Med |   req/s  failures/s
--------|----------------------------------------------------------------------------|-------|-------------|-------|-------|-------|-------|--------|-----------
GET      GET /api/v1/reservas                                                            4103     0(0.00%) |      7       3     153      7 |   17.00        0.00
GET      GET /api/v1/reservas/{id}                                                       1273     0(0.00%) |      5       3     112      5 |    7.20        0.00
POST     POST /api/v1/auth/login                                                           50     0(0.00%) |   1477     445    2304   1500 |    0.00        0.00
--------|----------------------------------------------------------------------------|-------|-------------|-------|-------|-------|-------|--------|-----------
         Aggregated                                                                      5426     0(0.00%) |     20       3    2304      6 |   24.20        0.00

Type     Name                                                                          # reqs      # fails |    Avg     Min     Max    Med |   req/s  failures/s
--------|----------------------------------------------------------------------------|-------|-------------|-------|-------|-------|-------|--------|-----------
GET      GET /api/v1/reservas                                                            4142     0(0.00%) |      7       3     153      7 |   17.10        0.00
GET      GET /api/v1/reservas/{id}                                                       1287     0(0.00%) |      5       3     112      5 |    7.00        0.00
POST     POST /api/v1/auth/login                                                           50     0(0.00%) |   1477     445    2304   1500 |    0.00        0.00
--------|----------------------------------------------------------------------------|-------|-------------|-------|-------|-------|-------|--------|-----------
         Aggregated                                                                      5479     0(0.00%) |     20       3    2304      6 |   24.10        0.00

Type     Name                                                                          # reqs      # fails |    Avg     Min     Max    Med |   req/s  failures/s
--------|----------------------------------------------------------------------------|-------|-------------|-------|-------|-------|-------|--------|-----------
GET      GET /api/v1/reservas                                                            4171     0(0.00%) |      7       3     153      7 |   17.70        0.00
GET      GET /api/v1/reservas/{id}                                                       1303     0(0.00%) |      5       3     112      5 |    7.20        0.00
POST     POST /api/v1/auth/login                                                           50     0(0.00%) |   1477     445    2304   1500 |    0.00        0.00
--------|----------------------------------------------------------------------------|-------|-------------|-------|-------|-------|-------|--------|-----------
         Aggregated                                                                      5524     0(0.00%) |     20       3    2304      6 |   24.90        0.00

Type     Name                                                                          # reqs      # fails |    Avg     Min     Max    Med |   req/s  failures/s
--------|----------------------------------------------------------------------------|-------|-------------|-------|-------|-------|-------|--------|-----------
GET      GET /api/v1/reservas                                                            4215     0(0.00%) |      7       3     153      7 |   17.80        0.00
GET      GET /api/v1/reservas/{id}                                                       1315     0(0.00%) |      5       3     112      5 |    7.10        0.00
POST     POST /api/v1/auth/login                                                           50     0(0.00%) |   1477     445    2304   1500 |    0.00        0.00
--------|----------------------------------------------------------------------------|-------|-------------|-------|-------|-------|-------|--------|-----------
         Aggregated                                                                      5580     0(0.00%) |     20       3    2304      6 |   24.90        0.00

Type     Name                                                                          # reqs      # fails |    Avg     Min     Max    Med |   req/s  failures/s
--------|----------------------------------------------------------------------------|-------|-------------|-------|-------|-------|-------|--------|-----------
GET      GET /api/v1/reservas                                                            4257     0(0.00%) |      7       3     153      7 |   18.70        0.00
GET      GET /api/v1/reservas/{id}                                                       1324     0(0.00%) |      5       3     112      5 |    6.50        0.00
POST     POST /api/v1/auth/login                                                           50     0(0.00%) |   1477     445    2304   1500 |    0.00        0.00
--------|----------------------------------------------------------------------------|-------|-------------|-------|-------|-------|-------|--------|-----------
         Aggregated                                                                      5631     0(0.00%) |     20       3    2304      6 |   25.20        0.00

Type     Name                                                                          # reqs      # fails |    Avg     Min     Max    Med |   req/s  failures/s
--------|----------------------------------------------------------------------------|-------|-------------|-------|-------|-------|-------|--------|-----------
GET      GET /api/v1/reservas                                                            4291     0(0.00%) |      7       3     153      7 |   19.00        0.00
GET      GET /api/v1/reservas/{id}                                                       1334     0(0.00%) |      5       3     112      5 |    6.10        0.00
POST     POST /api/v1/auth/login                                                           50     0(0.00%) |   1477     445    2304   1500 |    0.00        0.00
--------|----------------------------------------------------------------------------|-------|-------------|-------|-------|-------|-------|--------|-----------
         Aggregated                                                                      5675     0(0.00%) |     20       3    2304      6 |   25.10        0.00

Type     Name                                                                          # reqs      # fails |    Avg     Min     Max    Med |   req/s  failures/s
--------|----------------------------------------------------------------------------|-------|-------------|-------|-------|-------|-------|--------|-----------
GET      GET /api/v1/reservas                                                            4334     0(0.00%) |      7       3     153      7 |   18.70        0.00
GET      GET /api/v1/reservas/{id}                                                       1345     0(0.00%) |      5       3     112      5 |    6.10        0.00
POST     POST /api/v1/auth/login                                                           50     0(0.00%) |   1477     445    2304   1500 |    0.00        0.00
--------|----------------------------------------------------------------------------|-------|-------------|-------|-------|-------|-------|--------|-----------
         Aggregated                                                                      5729     0(0.00%) |     19       3    2304      6 |   24.80        0.00

Type     Name                                                                          # reqs      # fails |    Avg     Min     Max    Med |   req/s  failures/s
--------|----------------------------------------------------------------------------|-------|-------------|-------|-------|-------|-------|--------|-----------
GET      GET /api/v1/reservas                                                            4374     0(0.00%) |      7       3     153      7 |   19.00        0.00
GET      GET /api/v1/reservas/{id}                                                       1354     0(0.00%) |      5       3     112      5 |    5.70        0.00
POST     POST /api/v1/auth/login                                                           50     0(0.00%) |   1477     445    2304   1500 |    0.00        0.00
--------|----------------------------------------------------------------------------|-------|-------------|-------|-------|-------|-------|--------|-----------
         Aggregated                                                                      5778     0(0.00%) |     19       3    2304      6 |   24.70        0.00

Type     Name                                                                          # reqs      # fails |    Avg     Min     Max    Med |   req/s  failures/s
--------|----------------------------------------------------------------------------|-------|-------------|-------|-------|-------|-------|--------|-----------
GET      GET /api/v1/reservas                                                            4412     0(0.00%) |      7       3     153      7 |   19.50        0.00
GET      GET /api/v1/reservas/{id}                                                       1366     0(0.00%) |      5       3     112      5 |    5.40        0.00
POST     POST /api/v1/auth/login                                                           50     0(0.00%) |   1477     445    2304   1500 |    0.00        0.00
--------|----------------------------------------------------------------------------|-------|-------------|-------|-------|-------|-------|--------|-----------
         Aggregated                                                                      5828     0(0.00%) |     19       3    2304      6 |   24.90        0.00

Type     Name                                                                          # reqs      # fails |    Avg     Min     Max    Med |   req/s  failures/s
--------|----------------------------------------------------------------------------|-------|-------------|-------|-------|-------|-------|--------|-----------
GET      GET /api/v1/reservas                                                            4457     0(0.00%) |      7       3     153      7 |   19.80        0.00
GET      GET /api/v1/reservas/{id}                                                       1374     0(0.00%) |      5       3     112      5 |    4.90        0.00
POST     POST /api/v1/auth/login                                                           50     0(0.00%) |   1477     445    2304   1500 |    0.00        0.00
--------|----------------------------------------------------------------------------|-------|-------------|-------|-------|-------|-------|--------|-----------
         Aggregated                                                                      5881     0(0.00%) |     19       3    2304      6 |   24.70        0.00

Type     Name                                                                          # reqs      # fails |    Avg     Min     Max    Med |   req/s  failures/s
--------|----------------------------------------------------------------------------|-------|-------------|-------|-------|-------|-------|--------|-----------
GET      GET /api/v1/reservas                                                            4492     0(0.00%) |      7       3     153      7 |   20.00        0.00
GET      GET /api/v1/reservas/{id}                                                       1385     0(0.00%) |      5       3     112      5 |    5.20        0.00
POST     POST /api/v1/auth/login                                                           50     0(0.00%) |   1477     445    2304   1500 |    0.00        0.00
--------|----------------------------------------------------------------------------|-------|-------------|-------|-------|-------|-------|--------|-----------
         Aggregated                                                                      5927     0(0.00%) |     19       3    2304      6 |   25.20        0.00

Type     Name                                                                          # reqs      # fails |    Avg     Min     Max    Med |   req/s  failures/s
--------|----------------------------------------------------------------------------|-------|-------------|-------|-------|-------|-------|--------|-----------
GET      GET /api/v1/reservas                                                            4524     0(0.00%) |      7       3     153      7 |   20.10        0.00
GET      GET /api/v1/reservas/{id}                                                       1401     0(0.00%) |      5       3     112      5 |    5.00        0.00
POST     POST /api/v1/auth/login                                                           50     0(0.00%) |   1477     445    2304   1500 |    0.00        0.00
--------|----------------------------------------------------------------------------|-------|-------------|-------|-------|-------|-------|--------|-----------
         Aggregated                                                                      5975     0(0.00%) |     19       3    2304      6 |   25.10        0.00

Type     Name                                                                          # reqs      # fails |    Avg     Min     Max    Med |   req/s  failures/s
--------|----------------------------------------------------------------------------|-------|-------------|-------|-------|-------|-------|--------|-----------
GET      GET /api/v1/reservas                                                            4559     0(0.00%) |      7       3     153      7 |   19.20        0.00
GET      GET /api/v1/reservas/{id}                                                       1417     0(0.00%) |      5       3     112      5 |    5.60        0.00
POST     POST /api/v1/auth/login                                                           50     0(0.00%) |   1477     445    2304   1500 |    0.00        0.00
--------|----------------------------------------------------------------------------|-------|-------------|-------|-------|-------|-------|--------|-----------
         Aggregated                                                                      6026     0(0.00%) |     19       3    2304      6 |   24.80        0.00

Type     Name                                                                          # reqs      # fails |    Avg     Min     Max    Med |   req/s  failures/s
--------|----------------------------------------------------------------------------|-------|-------------|-------|-------|-------|-------|--------|-----------
GET      GET /api/v1/reservas                                                            4595     0(0.00%) |      7       3     153      7 |   19.30        0.00
GET      GET /api/v1/reservas/{id}                                                       1434     0(0.00%) |      5       3     112      5 |    6.30        0.00
POST     POST /api/v1/auth/login                                                           50     0(0.00%) |   1477     445    2304   1500 |    0.00        0.00
--------|----------------------------------------------------------------------------|-------|-------------|-------|-------|-------|-------|--------|-----------
         Aggregated                                                                      6079     0(0.00%) |     19       3    2304      6 |   25.60        0.00

Type     Name                                                                          # reqs      # fails |    Avg     Min     Max    Med |   req/s  failures/s
--------|----------------------------------------------------------------------------|-------|-------------|-------|-------|-------|-------|--------|-----------
GET      GET /api/v1/reservas                                                            4631     0(0.00%) |      7       3     153      7 |   18.20        0.00
GET      GET /api/v1/reservas/{id}                                                       1444     0(0.00%) |      5       3     112      5 |    6.70        0.00
POST     POST /api/v1/auth/login                                                           50     0(0.00%) |   1477     445    2304   1500 |    0.00        0.00
--------|----------------------------------------------------------------------------|-------|-------------|-------|-------|-------|-------|--------|-----------
         Aggregated                                                                      6125     0(0.00%) |     18       3    2304      6 |   24.90        0.00

Type     Name                                                                          # reqs      # fails |    Avg     Min     Max    Med |   req/s  failures/s
--------|----------------------------------------------------------------------------|-------|-------------|-------|-------|-------|-------|--------|-----------
GET      GET /api/v1/reservas                                                            4675     0(0.00%) |      7       3     153      7 |   17.80        0.00
GET      GET /api/v1/reservas/{id}                                                       1453     0(0.00%) |      5       3     112      5 |    6.90        0.00
POST     POST /api/v1/auth/login                                                           50     0(0.00%) |   1477     445    2304   1500 |    0.00        0.00
--------|----------------------------------------------------------------------------|-------|-------------|-------|-------|-------|-------|--------|-----------
         Aggregated                                                                      6178     0(0.00%) |     18       3    2304      6 |   24.70        0.00

Type     Name                                                                          # reqs      # fails |    Avg     Min     Max    Med |   req/s  failures/s
--------|----------------------------------------------------------------------------|-------|-------------|-------|-------|-------|-------|--------|-----------
GET      GET /api/v1/reservas                                                            4712     0(0.00%) |      7       3     153      7 |   18.30        0.00
GET      GET /api/v1/reservas/{id}                                                       1466     0(0.00%) |      5       3     112      5 |    6.90        0.00
POST     POST /api/v1/auth/login                                                           50     0(0.00%) |   1477     445    2304   1500 |    0.00        0.00
--------|----------------------------------------------------------------------------|-------|-------------|-------|-------|-------|-------|--------|-----------
         Aggregated                                                                      6228     0(0.00%) |     18       3    2304      6 |   25.20        0.00

Type     Name                                                                          # reqs      # fails |    Avg     Min     Max    Med |   req/s  failures/s
--------|----------------------------------------------------------------------------|-------|-------------|-------|-------|-------|-------|--------|-----------
GET      GET /api/v1/reservas                                                            4748     0(0.00%) |      7       3     153      7 |   18.60        0.00
GET      GET /api/v1/reservas/{id}                                                       1480     0(0.00%) |      5       3     112      5 |    6.40        0.00
POST     POST /api/v1/auth/login                                                           50     0(0.00%) |   1477     445    2304   1500 |    0.00        0.00
--------|----------------------------------------------------------------------------|-------|-------------|-------|-------|-------|-------|--------|-----------
         Aggregated                                                                      6278     0(0.00%) |     18       3    2304      6 |   25.00        0.00

Type     Name                                                                          # reqs      # fails |    Avg     Min     Max    Med |   req/s  failures/s
--------|----------------------------------------------------------------------------|-------|-------------|-------|-------|-------|-------|--------|-----------
GET      GET /api/v1/reservas                                                            4789     0(0.00%) |      7       3     153      7 |   18.60        0.00
GET      GET /api/v1/reservas/{id}                                                       1494     0(0.00%) |      5       3     112      5 |    6.30        0.00
POST     POST /api/v1/auth/login                                                           50     0(0.00%) |   1477     445    2304   1500 |    0.00        0.00
--------|----------------------------------------------------------------------------|-------|-------------|-------|-------|-------|-------|--------|-----------
         Aggregated                                                                      6333     0(0.00%) |     18       3    2304      6 |   24.90        0.00

Type     Name                                                                          # reqs      # fails |    Avg     Min     Max    Med |   req/s  failures/s
--------|----------------------------------------------------------------------------|-------|-------------|-------|-------|-------|-------|--------|-----------
GET      GET /api/v1/reservas                                                            4826     0(0.00%) |      7       3     153      7 |   19.50        0.00
GET      GET /api/v1/reservas/{id}                                                       1502     0(0.00%) |      5       3     112      5 |    6.30        0.00
POST     POST /api/v1/auth/login                                                           50     0(0.00%) |   1477     445    2304   1500 |    0.00        0.00
--------|----------------------------------------------------------------------------|-------|-------------|-------|-------|-------|-------|--------|-----------
         Aggregated                                                                      6378     0(0.00%) |     18       3    2304      6 |   25.80        0.00

Type     Name                                                                          # reqs      # fails |    Avg     Min     Max    Med |   req/s  failures/s
--------|----------------------------------------------------------------------------|-------|-------------|-------|-------|-------|-------|--------|-----------
GET      GET /api/v1/reservas                                                            4861     0(0.00%) |      7       3     153      7 |   19.80        0.00
GET      GET /api/v1/reservas/{id}                                                       1517     0(0.00%) |      5       3     112      5 |    5.70        0.00
POST     POST /api/v1/auth/login                                                           50     0(0.00%) |   1477     445    2304   1500 |    0.00        0.00
--------|----------------------------------------------------------------------------|-------|-------------|-------|-------|-------|-------|--------|-----------
         Aggregated                                                                      6428     0(0.00%) |     18       3    2304      6 |   25.50        0.00

Type     Name                                                                          # reqs      # fails |    Avg     Min     Max    Med |   req/s  failures/s
--------|----------------------------------------------------------------------------|-------|-------------|-------|-------|-------|-------|--------|-----------
GET      GET /api/v1/reservas                                                            4903     0(0.00%) |      7       3     153      7 |   18.30        0.00
GET      GET /api/v1/reservas/{id}                                                       1529     0(0.00%) |      5       3     112      5 |    6.50        0.00
POST     POST /api/v1/auth/login                                                           50     0(0.00%) |   1477     445    2304   1500 |    0.00        0.00
--------|----------------------------------------------------------------------------|-------|-------------|-------|-------|-------|-------|--------|-----------
         Aggregated                                                                      6482     0(0.00%) |     18       3    2304      6 |   24.80        0.00

Type     Name                                                                          # reqs      # fails |    Avg     Min     Max    Med |   req/s  failures/s
--------|----------------------------------------------------------------------------|-------|-------------|-------|-------|-------|-------|--------|-----------
GET      GET /api/v1/reservas                                                            4940     0(0.00%) |      7       3     153      7 |   18.40        0.00
GET      GET /api/v1/reservas/{id}                                                       1539     0(0.00%) |      5       3     112      5 |    6.50        0.00
POST     POST /api/v1/auth/login                                                           50     0(0.00%) |   1477     445    2304   1500 |    0.00        0.00
--------|----------------------------------------------------------------------------|-------|-------------|-------|-------|-------|-------|--------|-----------
         Aggregated                                                                      6529     0(0.00%) |     18       3    2304      6 |   24.90        0.00

Type     Name                                                                          # reqs      # fails |    Avg     Min     Max    Med |   req/s  failures/s
--------|----------------------------------------------------------------------------|-------|-------------|-------|-------|-------|-------|--------|-----------
GET      GET /api/v1/reservas                                                            4974     0(0.00%) |      7       3     153      7 |   18.90        0.00
GET      GET /api/v1/reservas/{id}                                                       1554     0(0.00%) |      5       2     112      5 |    5.70        0.00
POST     POST /api/v1/auth/login                                                           50     0(0.00%) |   1477     445    2304   1500 |    0.00        0.00
--------|----------------------------------------------------------------------------|-------|-------------|-------|-------|-------|-------|--------|-----------
         Aggregated                                                                      6578     0(0.00%) |     18       2    2304      6 |   24.60        0.00

Type     Name                                                                          # reqs      # fails |    Avg     Min     Max    Med |   req/s  failures/s
--------|----------------------------------------------------------------------------|-------|-------------|-------|-------|-------|-------|--------|-----------
GET      GET /api/v1/reservas                                                            5017     0(0.00%) |      7       3     153      7 |   18.60        0.00
GET      GET /api/v1/reservas/{id}                                                       1567     0(0.00%) |      5       2     112      5 |    5.80        0.00
POST     POST /api/v1/auth/login                                                           50     0(0.00%) |   1477     445    2304   1500 |    0.00        0.00
--------|----------------------------------------------------------------------------|-------|-------------|-------|-------|-------|-------|--------|-----------
         Aggregated                                                                      6634     0(0.00%) |     17       2    2304      6 |   24.40        0.00

Type     Name                                                                          # reqs      # fails |    Avg     Min     Max    Med |   req/s  failures/s
--------|----------------------------------------------------------------------------|-------|-------------|-------|-------|-------|-------|--------|-----------
GET      GET /api/v1/reservas                                                            5057     0(0.00%) |      7       3     153      7 |   18.20        0.00
GET      GET /api/v1/reservas/{id}                                                       1575     0(0.00%) |      5       2     112      5 |    6.40        0.00
POST     POST /api/v1/auth/login                                                           50     0(0.00%) |   1477     445    2304   1500 |    0.00        0.00
--------|----------------------------------------------------------------------------|-------|-------------|-------|-------|-------|-------|--------|-----------
         Aggregated                                                                      6682     0(0.00%) |     17       2    2304      6 |   24.60        0.00

Type     Name                                                                          # reqs      # fails |    Avg     Min     Max    Med |   req/s  failures/s
--------|----------------------------------------------------------------------------|-------|-------------|-------|-------|-------|-------|--------|-----------
GET      GET /api/v1/reservas                                                            5096     0(0.00%) |      7       3     153      7 |   20.00        0.00
GET      GET /api/v1/reservas/{id}                                                       1587     0(0.00%) |      5       2     112      5 |    5.40        0.00
POST     POST /api/v1/auth/login                                                           50     0(0.00%) |   1477     445    2304   1500 |    0.00        0.00
--------|----------------------------------------------------------------------------|-------|-------------|-------|-------|-------|-------|--------|-----------
         Aggregated                                                                      6733     0(0.00%) |     17       2    2304      6 |   25.40        0.00

Type     Name                                                                          # reqs      # fails |    Avg     Min     Max    Med |   req/s  failures/s
--------|----------------------------------------------------------------------------|-------|-------------|-------|-------|-------|-------|--------|-----------
GET      GET /api/v1/reservas                                                            5134     0(0.00%) |      7       3     153      7 |   19.20        0.00
GET      GET /api/v1/reservas/{id}                                                       1601     0(0.00%) |      5       2     112      5 |    5.60        0.00
POST     POST /api/v1/auth/login                                                           50     0(0.00%) |   1477     445    2304   1500 |    0.00        0.00
--------|----------------------------------------------------------------------------|-------|-------------|-------|-------|-------|-------|--------|-----------
         Aggregated                                                                      6785     0(0.00%) |     17       2    2304      6 |   24.80        0.00

Type     Name                                                                          # reqs      # fails |    Avg     Min     Max    Med |   req/s  failures/s
--------|----------------------------------------------------------------------------|-------|-------------|-------|-------|-------|-------|--------|-----------
GET      GET /api/v1/reservas                                                            5175     0(0.00%) |      7       3     153      6 |   19.40        0.00
GET      GET /api/v1/reservas/{id}                                                       1613     0(0.00%) |      5       2     112      5 |    6.30        0.00
POST     POST /api/v1/auth/login                                                           50     0(0.00%) |   1477     445    2304   1500 |    0.00        0.00
--------|----------------------------------------------------------------------------|-------|-------------|-------|-------|-------|-------|--------|-----------
         Aggregated                                                                      6838     0(0.00%) |     17       2    2304      6 |   25.70        0.00

Type     Name                                                                          # reqs      # fails |    Avg     Min     Max    Med |   req/s  failures/s
--------|----------------------------------------------------------------------------|-------|-------------|-------|-------|-------|-------|--------|-----------
GET      GET /api/v1/reservas                                                            5215     0(0.00%) |      7       3     153      6 |   19.90        0.00
GET      GET /api/v1/reservas/{id}                                                       1624     0(0.00%) |      5       2     112      5 |    5.90        0.00
POST     POST /api/v1/auth/login                                                           50     0(0.00%) |   1477     445    2304   1500 |    0.00        0.00
--------|----------------------------------------------------------------------------|-------|-------------|-------|-------|-------|-------|--------|-----------
         Aggregated                                                                      6889     0(0.00%) |     17       2    2304      6 |   25.80        0.00

Type     Name                                                                          # reqs      # fails |    Avg     Min     Max    Med |   req/s  failures/s
--------|----------------------------------------------------------------------------|-------|-------------|-------|-------|-------|-------|--------|-----------
GET      GET /api/v1/reservas                                                            5256     0(0.00%) |      7       3     153      7 |   20.20        0.00
GET      GET /api/v1/reservas/{id}                                                       1632     0(0.00%) |      5       2     112      5 |    5.70        0.00
POST     POST /api/v1/auth/login                                                           50     0(0.00%) |   1477     445    2304   1500 |    0.00        0.00
--------|----------------------------------------------------------------------------|-------|-------------|-------|-------|-------|-------|--------|-----------
         Aggregated                                                                      6938     0(0.00%) |     17       2    2304      6 |   25.90        0.00

Type     Name                                                                          # reqs      # fails |    Avg     Min     Max    Med |   req/s  failures/s
--------|----------------------------------------------------------------------------|-------|-------------|-------|-------|-------|-------|--------|-----------
GET      GET /api/v1/reservas                                                            5300     0(0.00%) |      7       3     153      7 |   19.70        0.00
GET      GET /api/v1/reservas/{id}                                                       1639     0(0.00%) |      5       2     112      5 |    6.00        0.00
POST     POST /api/v1/auth/login                                                           50     0(0.00%) |   1477     445    2304   1500 |    0.00        0.00
--------|----------------------------------------------------------------------------|-------|-------------|-------|-------|-------|-------|--------|-----------
         Aggregated                                                                      6989     0(0.00%) |     17       2    2304      6 |   25.70        0.00

Type     Name                                                                          # reqs      # fails |    Avg     Min     Max    Med |   req/s  failures/s
--------|----------------------------------------------------------------------------|-------|-------------|-------|-------|-------|-------|--------|-----------
GET      GET /api/v1/reservas                                                            5339     0(0.00%) |      7       3     153      7 |   20.60        0.00
GET      GET /api/v1/reservas/{id}                                                       1653     0(0.00%) |      5       2     112      5 |    5.60        0.00
POST     POST /api/v1/auth/login                                                           50     0(0.00%) |   1477     445    2304   1500 |    0.00        0.00
--------|----------------------------------------------------------------------------|-------|-------------|-------|-------|-------|-------|--------|-----------
         Aggregated                                                                      7042     0(0.00%) |     17       2    2304      6 |   26.20        0.00

Type     Name                                                                          # reqs      # fails |    Avg     Min     Max    Med |   req/s  failures/s
--------|----------------------------------------------------------------------------|-------|-------------|-------|-------|-------|-------|--------|-----------
GET      GET /api/v1/reservas                                                            5384     0(0.00%) |      7       3     153      6 |   20.60        0.00
GET      GET /api/v1/reservas/{id}                                                       1664     0(0.00%) |      5       2     112      5 |    5.10        0.00
POST     POST /api/v1/auth/login                                                           50     0(0.00%) |   1477     445    2304   1500 |    0.00        0.00
--------|----------------------------------------------------------------------------|-------|-------------|-------|-------|-------|-------|--------|-----------
         Aggregated                                                                      7098     0(0.00%) |     17       2    2304      6 |   25.70        0.00

Type     Name                                                                          # reqs      # fails |    Avg     Min     Max    Med |   req/s  failures/s
--------|----------------------------------------------------------------------------|-------|-------------|-------|-------|-------|-------|--------|-----------
GET      GET /api/v1/reservas                                                            5418     0(0.00%) |      7       3     153      6 |   20.40        0.00
GET      GET /api/v1/reservas/{id}                                                       1675     0(0.00%) |      5       2     112      5 |    5.00        0.00
POST     POST /api/v1/auth/login                                                           50     0(0.00%) |   1477     445    2304   1500 |    0.00        0.00
--------|----------------------------------------------------------------------------|-------|-------------|-------|-------|-------|-------|--------|-----------
         Aggregated                                                                      7143     0(0.00%) |     17       2    2304      6 |   25.40        0.00

Type     Name                                                                          # reqs      # fails |    Avg     Min     Max    Med |   req/s  failures/s
--------|----------------------------------------------------------------------------|-------|-------------|-------|-------|-------|-------|--------|-----------
GET      GET /api/v1/reservas                                                            5453     0(0.00%) |      7       3     153      6 |   20.10        0.00
GET      GET /api/v1/reservas/{id}                                                       1689     0(0.00%) |      5       2     112      5 |    5.20        0.00
POST     POST /api/v1/auth/login                                                           50     0(0.00%) |   1477     445    2304   1500 |    0.00        0.00
--------|----------------------------------------------------------------------------|-------|-------------|-------|-------|-------|-------|--------|-----------
         Aggregated                                                                      7192     0(0.00%) |     17       2    2304      6 |   25.30        0.00

Type     Name                                                                          # reqs      # fails |    Avg     Min     Max    Med |   req/s  failures/s
--------|----------------------------------------------------------------------------|-------|-------------|-------|-------|-------|-------|--------|-----------
GET      GET /api/v1/reservas                                                            5493     0(0.00%) |      7       3     153      6 |   19.70        0.00
GET      GET /api/v1/reservas/{id}                                                       1697     0(0.00%) |      5       2     112      5 |    5.70        0.00
POST     POST /api/v1/auth/login                                                           50     0(0.00%) |   1477     445    2304   1500 |    0.00        0.00
--------|----------------------------------------------------------------------------|-------|-------------|-------|-------|-------|-------|--------|-----------
         Aggregated                                                                      7240     0(0.00%) |     17       2    2304      6 |   25.40        0.00

Type     Name                                                                          # reqs      # fails |    Avg     Min     Max    Med |   req/s  failures/s
--------|----------------------------------------------------------------------------|-------|-------------|-------|-------|-------|-------|--------|-----------
GET      GET /api/v1/reservas                                                            5536     0(0.00%) |      7       3     153      6 |   19.60        0.00
GET      GET /api/v1/reservas/{id}                                                       1705     0(0.00%) |      5       2     112      5 |    5.60        0.00
POST     POST /api/v1/auth/login                                                           50     0(0.00%) |   1477     445    2304   1500 |    0.00        0.00
--------|----------------------------------------------------------------------------|-------|-------------|-------|-------|-------|-------|--------|-----------
         Aggregated                                                                      7291     0(0.00%) |     16       2    2304      6 |   25.20        0.00

Type     Name                                                                          # reqs      # fails |    Avg     Min     Max    Med |   req/s  failures/s
--------|----------------------------------------------------------------------------|-------|-------------|-------|-------|-------|-------|--------|-----------
GET      GET /api/v1/reservas                                                            5577     0(0.00%) |      7       3     153      6 |   19.80        0.00
GET      GET /api/v1/reservas/{id}                                                       1712     0(0.00%) |      5       2     112      5 |    5.40        0.00
POST     POST /api/v1/auth/login                                                           50     0(0.00%) |   1477     445    2304   1500 |    0.00        0.00
--------|----------------------------------------------------------------------------|-------|-------------|-------|-------|-------|-------|--------|-----------
         Aggregated                                                                      7339     0(0.00%) |     16       2    2304      6 |   25.20        0.00

Type     Name                                                                          # reqs      # fails |    Avg     Min     Max    Med |   req/s  failures/s
--------|----------------------------------------------------------------------------|-------|-------------|-------|-------|-------|-------|--------|-----------
GET      GET /api/v1/reservas                                                            5611     0(0.00%) |      7       3     153      6 |   19.30        0.00
GET      GET /api/v1/reservas/{id}                                                       1725     0(0.00%) |      5       2     112      5 |    5.20        0.00
POST     POST /api/v1/auth/login                                                           50     0(0.00%) |   1477     445    2304   1500 |    0.00        0.00
--------|----------------------------------------------------------------------------|-------|-------------|-------|-------|-------|-------|--------|-----------
         Aggregated                                                                      7386     0(0.00%) |     16       2    2304      6 |   24.50        0.00

[2026-09-20 17:31:26,138] pfc-pruebas-e1/INFO/locust.main: --run-time limit reached, shutting down
[2026-09-20 17:31:26,238] pfc-pruebas-e1/INFO/locust.main: writing html report to file: /home/ubuntu/PFC_ISSUE32/experimentos/resultados/raw/eficiencia_nominal_50u_5m_poblada/rep-01/locust-report.html
[2026-09-20 17:31:26,240] pfc-pruebas-e1/INFO/locust.main: Shutting down (exit code 0)
Type     Name                                                                          # reqs      # fails |    Avg     Min     Max    Med |   req/s  failures/s
--------|----------------------------------------------------------------------------|-------|-------------|-------|-------|-------|-------|--------|-----------
GET      GET /api/v1/reservas                                                            5644     0(0.00%) |      7       3     153      6 |   18.82        0.00
GET      GET /api/v1/reservas/{id}                                                       1737     0(0.00%) |      5       2     112      5 |    5.79        0.00
POST     POST /api/v1/auth/login                                                           50     0(0.00%) |   1477     445    2304   1500 |    0.17        0.00
--------|----------------------------------------------------------------------------|-------|-------------|-------|-------|-------|-------|--------|-----------
         Aggregated                                                                      7431     0(0.00%) |     16       2    2304      6 |   24.78        0.00

Response time percentiles (approximated)
Type     Name                                                                                  50%    66%    75%    80%    90%    95%    98%    99%  99.9% 99.99%   100% # reqs
--------|--------------------------------------------------------------------------------|--------|------|------|------|------|------|------|------|------|------|------|------
GET      GET /api/v1/reservas                                                                    6      7      8      8      9     12     18     24     59    150    150   5644
GET      GET /api/v1/reservas/{id}                                                               5      5      6      6      7      9     12     17     52    110    110   1737
POST     POST /api/v1/auth/login                                                              1600   1800   1800   1900   2100   2200   2300   2300   2300   2300   2300     50
--------|--------------------------------------------------------------------------------|--------|------|------|------|------|------|------|------|------|------|------|------
         Aggregated                                                                              6      7      7      8      9     12     21     37   2000   2300   2300   7431

