timestamp_epoch,request_type,name,response_time_ms,status_code,outcome,error
1789925018.499794,POST,POST /api/v1/auth/login,481.394658,200,success,
1789925018.510044,GET,GET /api/v1/reservas,9.990483,200,success,
1789925018.879021,POST,POST /api/v1/auth/login,854.046788,200,success,
1789925018.889854,GET,GET /api/v1/reservas,10.118185,200,success,
1789925018.899290,POST,POST /api/v1/auth/login,872.317140,200,success,
1789925018.907008,GET,GET /api/v1/reservas,7.511405,200,success,
1789925018.926927,POST,POST /api/v1/auth/login,902.784950,200,success,
1789925018.955216,GET,GET /api/v1/reservas,28.055903,200,success,
1789925018.979362,POST,POST /api/v1/auth/login,953.745078,200,success,
1789925018.980854,POST,POST /api/v1/auth/login,957.197421,200,success,
1789925018.990232,GET,GET /api/v1/reservas,9.191040,200,success,
1789925018.992125,GET,GET /api/v1/reservas,12.545916,200,success,
1789925019.048456,POST,POST /api/v1/auth/login,1023.179949,200,success,
1789925019.051167,POST,POST /api/v1/auth/login,1023.871136,200,success,
1789925019.074656,GET,GET /api/v1/reservas,25.948289,200,success,
1789925019.080161,GET,GET /api/v1/reservas,28.807572,200,success,
1789925019.192516,POST,POST /api/v1/auth/login,1167.933489,200,success,
1789925019.196774,POST,POST /api/v1/auth/login,1170.860675,200,success,
1789925019.200558,GET,GET /api/v1/reservas,7.855686,200,success,
1789925019.206824,GET,GET /api/v1/reservas,9.876489,200,success,
1789925019.908264,POST,POST /api/v1/auth/login,876.354339,200,success,
1789925019.916871,GET,GET /api/v1/reservas,8.366040,200,success,
1789925020.095670,GET,GET /api/v1/reservas,7.971673,200,success,
1789925020.116765,POST,POST /api/v1/auth/login,1096.931913,200,success,
1789925020.118051,GET,GET /api/v1/reservas,7.032199,200,success,
1789925020.124033,GET,GET /api/v1/reservas,7.051788,200,success,
1789925020.154896,POST,POST /api/v1/auth/login,1124.292232,200,success,
1789925020.162745,GET,GET /api/v1/reservas,7.660280,200,success,
1789925020.180721,POST,POST /api/v1/auth/login,1147.160223,200,success,
1789925020.188082,GET,GET /api/v1/reservas,6.153117,200,success,
1789925020.202034,GET,GET /api/v1/reservas,5.651165,200,success,
1789925020.252639,POST,POST /api/v1/auth/login,1219.428509,200,success,
1789925020.270579,GET,GET /api/v1/reservas,17.731445,200,success,
1789925020.270972,POST,POST /api/v1/auth/login,1237.059921,200,success,
1789925020.271438,POST,POST /api/v1/auth/login,1239.137991,200,success,
1789925020.280481,GET,GET /api/v1/reservas,8.874761,200,success,
1789925020.280718,GET,GET /api/v1/reservas,9.587822,200,success,
1789925020.302832,POST,POST /api/v1/auth/login,1271.303735,200,success,
1789925020.309168,GET,GET /api/v1/reservas,6.146706,200,success,
1789925020.352234,POST,POST /api/v1/auth/login,1319.538732,200,success,
1789925020.373857,GET,GET /api/v1/reservas,21.410441,200,success,
1789925020.470742,POST,POST /api/v1/auth/login,1439.619547,200,success,
1789925020.472044,GET,GET /api/v1/reservas,10.646677,200,success,
1789925020.476920,GET,GET /api/v1/reservas,5.984250,200,success,
1789925020.836259,GET,GET /api/v1/reservas/{id},7.657055,200,success,
1789925020.965242,POST,POST /api/v1/auth/login,941.728746,200,success,
1789925020.973483,GET,GET /api/v1/reservas,8.020447,200,success,
1789925021.035531,POST,POST /api/v1/auth/login,1012.350254,200,success,
1789925021.041573,POST,POST /api/v1/auth/login,1017.778683,200,success,
1789925021.050554,GET,GET /api/v1/reservas,8.784225,200,success,
1789925021.051820,GET,GET /api/v1/reservas,16.082245,200,success,
1789925021.137606,GET,GET /api/v1/reservas,7.392284,200,success,
1789925021.174700,POST,POST /api/v1/auth/login,1153.378347,200,success,
1789925021.182391,GET,GET /api/v1/reservas,7.475560,200,success,
1789925021.184393,POST,POST /api/v1/auth/login,1163.631488,200,success,
1789925021.190954,GET,GET /api/v1/reservas,6.362613,200,success,
1789925021.203462,POST,POST /api/v1/auth/login,1178.400633,200,success,
1789925021.210247,GET,GET /api/v1/reservas,9.973627,200,success,
1789925021.211371,GET,GET /api/v1/reservas,7.726131,200,success,
1789925021.223016,GET,GET /api/v1/reservas,7.303228,200,success,
1789925021.233032,POST,POST /api/v1/auth/login,1208.638293,200,success,
1789925021.242218,GET,GET /api/v1/reservas,8.974283,200,success,
1789925021.258831,POST,POST /api/v1/auth/login,1236.987070,200,success,
1789925021.262027,POST,POST /api/v1/auth/login,1237.305904,200,success,
1789925021.269543,GET,GET /api/v1/reservas,10.514747,200,success,
1789925021.270317,GET,GET /api/v1/reservas,8.124474,200,success,
1789925021.350996,GET,GET /api/v1/reservas,8.231957,200,success,
1789925021.412485,GET,GET /api/v1/reservas/{id},8.215812,200,success,
1789925021.422400,POST,POST /api/v1/auth/login,1398.299508,200,success,
1789925021.429420,GET,GET /api/v1/reservas,6.819185,200,success,
1789925021.433863,GET,GET /api/v1/reservas,6.586192,200,success,
1789925021.563024,GET,GET /api/v1/reservas,11.608926,200,success,
1789925021.581193,GET,GET /api/v1/reservas,5.875706,200,success,
1789925021.603754,GET,GET /api/v1/reservas/{id},4.369662,200,success,
1789925021.882591,GET,GET /api/v1/reservas,11.155248,200,success,
1789925021.903336,POST,POST /api/v1/auth/login,879.052058,200,success,
1789925021.908273,GET,GET /api/v1/reservas,10.074459,200,success,
1789925021.910790,GET,GET /api/v1/reservas,7.244420,200,success,
1789925021.994521,POST,POST /api/v1/auth/login,969.834104,200,success,
1789925021.995966,POST,POST /api/v1/auth/login,973.137390,200,success,
1789925022.007414,GET,GET /api/v1/reservas,11.238914,200,success,
1789925022.008028,GET,GET /api/v1/reservas,13.299327,200,success,
1789925022.069880,GET,GET /api/v1/reservas/{id},11.938455,200,success,
1789925022.197082,GET,GET /api/v1/reservas,8.812647,200,success,
1789925022.227493,GET,GET /api/v1/reservas,10.777625,200,success,
1789925022.230016,GET,GET /api/v1/reservas,11.428482,200,success,
1789925022.284945,POST,POST /api/v1/auth/login,1258.758228,200,success,
1789925022.295197,GET,GET /api/v1/reservas,9.814395,200,success,
1789925022.332117,GET,GET /api/v1/reservas,7.563363,200,success,
1789925022.393102,GET,GET /api/v1/reservas/{id},5.747071,200,success,
1789925022.418495,GET,GET /api/v1/reservas,6.074536,200,success,
1789925022.465333,GET,GET /api/v1/reservas,8.480763,200,success,
1789925022.474350,POST,POST /api/v1/auth/login,1450.459496,200,success,
1789925022.481206,GET,GET /api/v1/reservas,6.645513,200,success,
1789925022.680100,POST,POST /api/v1/auth/login,1654.650563,200,success,
1789925022.704876,POST,POST /api/v1/auth/login,1678.334099,200,success,
1789925022.718208,GET,GET /api/v1/reservas,13.877394,200,success,
1789925022.718711,GET,GET /api/v1/reservas,38.423837,200,success,
1789925022.719254,POST,POST /api/v1/auth/login,1693.451282,200,success,
1789925022.725840,GET,GET /api/v1/reservas,6.392138,200,success,
1789925022.729740,GET,GET /api/v1/reservas,24.689512,200,success,
1789925022.733891,GET,GET /api/v1/reservas,30.066271,200,success,
1789925022.739478,GET,GET /api/v1/reservas,6.298887,200,success,
1789925022.793296,GET,GET /api/v1/reservas,9.469974,200,success,
1789925022.815523,POST,POST /api/v1/auth/login,1792.048564,200,success,
1789925022.862411,GET,GET /api/v1/reservas/{id},48.323493,200,success,
1789925022.863028,GET,GET /api/v1/reservas,47.228032,200,success,
1789925022.990788,GET,GET /api/v1/reservas,32.091049,200,success,
1789925023.079923,GET,GET /api/v1/reservas/{id},5.796276,200,success,
1789925023.101845,GET,GET /api/v1/reservas,14.580609,200,success,
1789925023.105679,GET,GET /api/v1/reservas/{id},6.452369,200,success,
1789925023.228152,GET,GET /api/v1/reservas,8.037843,200,success,
1789925023.243212,POST,POST /api/v1/auth/login,1186.529233,200,success,
1789925023.250550,GET,GET /api/v1/reservas,7.118259,200,success,
1789925023.259160,POST,POST /api/v1/auth/login,1231.307904,200,success,
1789925023.275416,GET,GET /api/v1/reservas,16.029776,200,success,
1789925023.279538,GET,GET /api/v1/reservas,13.654255,200,success,
1789925023.363436,POST,POST /api/v1/auth/login,1336.601363,200,success,
1789925023.380677,GET,GET /api/v1/reservas,17.005305,200,success,
1789925023.381060,POST,POST /api/v1/auth/login,2356.022315,200,success,
1789925023.381848,GET,GET /api/v1/reservas,36.965929,200,success,
1789925023.406104,GET,GET /api/v1/reservas,24.845768,200,success,
1789925023.442316,GET,GET /api/v1/reservas/{id},6.938296,200,success,
1789925023.453361,GET,GET /api/v1/reservas,6.736130,200,success,
1789925023.473022,GET,GET /api/v1/reservas,5.245340,200,success,
1789925023.508548,GET,GET /api/v1/reservas,6.208821,200,success,
1789925023.556363,GET,GET /api/v1/reservas/{id},7.571936,200,success,
1789925023.556506,POST,POST /api/v1/auth/login,1529.098137,200,success,
1789925023.567238,GET,GET /api/v1/reservas,10.535358,200,success,
1789925023.599105,POST,POST /api/v1/auth/login,1569.421865,200,success,
1789925023.603819,POST,POST /api/v1/auth/login,1574.540703,200,success,
1789925023.627100,GET,GET /api/v1/reservas,23.070818,200,success,
1789925023.627300,GET,GET /api/v1/reservas,28.031648,200,success,
1789925023.627736,GET,GET /api/v1/reservas,46.188827,200,success,
1789925023.666118,POST,POST /api/v1/auth/login,1609.095187,200,success,
1789925023.669791,POST,POST /api/v1/auth/login,1639.740965,200,success,
1789925023.681861,GET,GET /api/v1/reservas,15.555418,200,success,
1789925023.682662,GET,GET /api/v1/reservas,12.726109,200,success,
1789925023.684161,POST,POST /api/v1/auth/login,1626.678166,200,success,
1789925023.698261,POST,POST /api/v1/auth/login,1642.228135,200,success,
1789925023.699925,GET,GET /api/v1/reservas,15.507735,200,success,
1789925023.722371,GET,GET /api/v1/reservas,23.808916,200,success,
1789925023.745444,GET,GET /api/v1/reservas,24.173119,200,success,
1789925023.753124,GET,GET /api/v1/reservas,19.118417,200,success,
1789925023.903528,GET,GET /api/v1/reservas,8.746667,200,success,
1789925023.904611,GET,GET /api/v1/reservas,8.934962,200,success,
1789925023.908823,GET,GET /api/v1/reservas,9.654564,200,success,
1789925023.915962,GET,GET /api/v1/reservas,12.204708,200,success,
1789925023.994820,GET,GET /api/v1/reservas,7.445896,200,success,
1789925023.999226,GET,GET /api/v1/reservas,5.629474,200,success,
1789925024.057255,GET,GET /api/v1/reservas,6.612503,200,success,
1789925024.116570,GET,GET /api/v1/reservas,6.858816,200,success,
1789925024.183903,GET,GET /api/v1/reservas,7.051688,200,success,
1789925024.192765,GET,GET /api/v1/reservas,4.573401,200,success,
1789925024.224551,GET,GET /api/v1/reservas,5.498354,200,success,
1789925024.246255,GET,GET /api/v1/reservas,5.395417,200,success,
1789925024.280475,GET,GET /api/v1/reservas,6.797543,200,success,
1789925024.301888,GET,GET /api/v1/reservas/{id},5.210586,200,success,
1789925024.340829,GET,GET /api/v1/reservas,5.632837,200,success,
1789925024.367847,GET,GET /api/v1/reservas,4.770170,200,success,
1789925024.428804,GET,GET /api/v1/reservas/{id},4.697939,200,success,
1789925024.435447,GET,GET /api/v1/reservas/{id},3.472133,200,success,
1789925024.526304,GET,GET /api/v1/reservas,7.416060,200,success,
1789925024.547535,GET,GET /api/v1/reservas,5.967945,200,success,
1789925024.637582,GET,GET /api/v1/reservas,6.671662,200,success,
1789925024.744134,GET,GET /api/v1/reservas,6.057471,200,success,
1789925024.809634,GET,GET /api/v1/reservas,6.151124,200,success,
1789925024.884199,GET,GET /api/v1/reservas,7.110146,200,success,
1789925024.985840,GET,GET /api/v1/reservas,6.273839,200,success,
1789925025.043877,GET,GET /api/v1/reservas,5.975246,200,success,
1789925025.072270,GET,GET /api/v1/reservas,6.052503,200,success,
1789925025.075906,GET,GET /api/v1/reservas,4.694675,200,success,
1789925025.115566,GET,GET /api/v1/reservas,5.374035,200,success,
1789925025.127623,GET,GET /api/v1/reservas,4.800435,200,success,
1789925025.141845,GET,GET /api/v1/reservas,6.933709,200,success,
1789925025.142434,GET,GET /api/v1/reservas,7.197368,200,success,
1789925025.152024,GET,GET /api/v1/reservas,7.284079,200,success,
1789925025.184361,GET,GET /api/v1/reservas/{id},4.120185,200,success,
1789925025.265782,GET,GET /api/v1/reservas/{id},5.145209,200,success,
1789925025.269621,GET,GET /api/v1/reservas,5.047591,200,success,
1789925025.283914,GET,GET /api/v1/reservas,6.033024,200,success,
1789925025.291598,GET,GET /api/v1/reservas/{id},3.510391,200,success,
1789925025.306657,GET,GET /api/v1/reservas/{id},3.879150,200,success,
1789925025.349729,GET,GET /api/v1/reservas,11.702818,200,success,
1789925025.426648,GET,GET /api/v1/reservas,6.546522,200,success,
1789925025.470253,GET,GET /api/v1/reservas,6.307139,200,success,
1789925025.490016,GET,GET /api/v1/reservas/{id},4.533050,200,success,
1789925025.552032,GET,GET /api/v1/reservas/{id},4.931504,200,success,
1789925025.552976,GET,GET /api/v1/reservas,7.592567,200,success,
1789925025.570102,GET,GET /api/v1/reservas,5.822514,200,success,
1789925025.584387,GET,GET /api/v1/reservas,5.036073,200,success,
1789925025.639083,GET,GET /api/v1/reservas,6.338317,200,success,
1789925025.665953,GET,GET /api/v1/reservas,5.527948,200,success,
1789925025.678626,GET,GET /api/v1/reservas,6.290494,200,success,
1789925025.809627,GET,GET /api/v1/reservas,7.562862,200,success,
1789925025.813083,GET,GET /api/v1/reservas/{id},4.376023,200,success,
1789925026.092557,GET,GET /api/v1/reservas/{id},6.118434,200,success,
1789925026.124059,GET,GET /api/v1/reservas,7.117207,200,success,
1789925026.135864,GET,GET /api/v1/reservas,5.493497,200,success,
1789925026.155649,GET,GET /api/v1/reservas,7.438994,200,success,
1789925026.165263,GET,GET /api/v1/reservas,6.285977,200,success,
1789925026.232288,GET,GET /api/v1/reservas,7.688994,200,success,
1789925026.237410,GET,GET /api/v1/reservas/{id},3.944739,200,success,
1789925026.264689,GET,GET /api/v1/reservas,5.010584,200,success,
1789925026.312591,GET,GET /api/v1/reservas,7.506487,200,success,
1789925026.324099,GET,GET /api/v1/reservas,5.209096,200,success,
1789925026.340290,GET,GET /api/v1/reservas,5.951570,200,success,
1789925026.389869,GET,GET /api/v1/reservas,12.290267,200,success,
1789925026.398563,GET,GET /api/v1/reservas,4.430014,200,success,
1789925026.408976,GET,GET /api/v1/reservas,4.188218,200,success,
1789925026.430543,GET,GET /api/v1/reservas/{id},3.376638,200,success,
1789925026.456546,GET,GET /api/v1/reservas,4.769888,200,success,
1789925026.459850,GET,GET /api/v1/reservas/{id},3.221384,200,success,
1789925026.515445,GET,GET /api/v1/reservas,7.160953,200,success,
1789925026.613755,GET,GET /api/v1/reservas,6.947340,200,success,
1789925026.627464,GET,GET /api/v1/reservas,4.479229,200,success,
1789925026.680231,GET,GET /api/v1/reservas,5.330339,200,success,
1789925026.682612,GET,GET /api/v1/reservas,4.051682,200,success,
1789925026.705136,GET,GET /api/v1/reservas,7.152761,200,success,
1789925026.730174,GET,GET /api/v1/reservas,8.646605,200,success,
1789925026.794515,GET,GET /api/v1/reservas,7.972274,200,success,
1789925026.855332,GET,GET /api/v1/reservas,8.427834,200,success,
1789925026.888090,GET,GET /api/v1/reservas/{id},6.228179,200,success,
1789925026.978623,GET,GET /api/v1/reservas/{id},6.238024,200,success,
1789925027.005040,GET,GET /api/v1/reservas,7.066630,200,success,
1789925027.026246,GET,GET /api/v1/reservas,6.858606,200,success,
1789925027.104551,GET,GET /api/v1/reservas/{id},5.313684,200,success,
1789925027.113867,GET,GET /api/v1/reservas/{id},4.113124,200,success,
1789925027.127705,GET,GET /api/v1/reservas/{id},3.661500,200,success,
1789925027.178716,GET,GET /api/v1/reservas,5.708814,200,success,
1789925027.219361,GET,GET /api/v1/reservas/{id},5.405031,200,success,
1789925027.366459,GET,GET /api/v1/reservas,8.430668,200,success,
1789925027.367685,GET,GET /api/v1/reservas,9.127845,200,success,
1789925027.371528,GET,GET /api/v1/reservas,6.132455,200,success,
1789925027.416534,GET,GET /api/v1/reservas,5.725478,200,success,
1789925027.436393,GET,GET /api/v1/reservas,4.592291,200,success,
1789925027.544529,GET,GET /api/v1/reservas,5.691687,200,success,
1789925027.582575,GET,GET /api/v1/reservas/{id},3.862635,200,success,
1789925027.625655,GET,GET /api/v1/reservas/{id},4.891634,200,success,
1789925027.629100,GET,GET /api/v1/reservas,5.538424,200,success,
1789925027.638368,GET,GET /api/v1/reservas,5.052717,200,success,
1789925027.676630,GET,GET /api/v1/reservas,5.013349,200,success,
1789925027.762914,GET,GET /api/v1/reservas/{id},5.009103,200,success,
1789925027.792023,GET,GET /api/v1/reservas,4.806816,200,success,
1789925027.857210,GET,GET /api/v1/reservas,6.823552,200,success,
1789925027.889715,GET,GET /api/v1/reservas,5.657095,200,success,
1789925027.890277,GET,GET /api/v1/reservas,6.598342,200,success,
1789925027.927618,GET,GET /api/v1/reservas,5.059979,200,success,
1789925028.004436,GET,GET /api/v1/reservas,6.436255,200,success,
1789925028.015246,GET,GET /api/v1/reservas,4.529564,200,success,
1789925028.025134,GET,GET /api/v1/reservas/{id},3.397520,200,success,
1789925028.078309,GET,GET /api/v1/reservas,7.223369,200,success,
1789925028.107582,GET,GET /api/v1/reservas,5.587078,200,success,
1789925028.108001,GET,GET /api/v1/reservas,6.447913,200,success,
1789925028.123898,GET,GET /api/v1/reservas,4.677659,200,success,
1789925028.147527,GET,GET /api/v1/reservas/{id},3.466355,200,success,
1789925028.187776,GET,GET /api/v1/reservas,4.959587,200,success,
1789925028.201458,GET,GET /api/v1/reservas,4.435033,200,success,
1789925028.223781,GET,GET /api/v1/reservas,5.054661,200,success,
1789925028.253217,GET,GET /api/v1/reservas,6.151163,200,success,
1789925028.285573,GET,GET /api/v1/reservas/{id},4.049518,200,success,
1789925028.291867,GET,GET /api/v1/reservas/{id},3.137626,200,success,
1789925028.448283,GET,GET /api/v1/reservas/{id},4.296242,200,success,
1789925028.448709,GET,GET /api/v1/reservas,6.446992,200,success,
1789925028.501127,GET,GET /api/v1/reservas,6.047255,200,success,
1789925028.528063,GET,GET /api/v1/reservas/{id},3.750134,200,success,
1789925028.648592,GET,GET /api/v1/reservas,7.151148,200,success,
1789925028.715585,GET,GET /api/v1/reservas,6.493503,200,success,
1789925028.730829,GET,GET /api/v1/reservas,4.968880,200,success,
1789925028.786949,GET,GET /api/v1/reservas/{id},4.883641,200,success,
1789925028.796485,GET,GET /api/v1/reservas,6.225757,200,success,
1789925028.855876,GET,GET /api/v1/reservas,7.836518,200,success,
1789925028.884007,GET,GET /api/v1/reservas,6.789080,200,success,
1789925028.972654,GET,GET /api/v1/reservas,6.292678,200,success,
1789925029.012801,GET,GET /api/v1/reservas/{id},3.956546,200,success,
1789925029.095576,GET,GET /api/v1/reservas,6.497848,200,success,
1789925029.112740,GET,GET /api/v1/reservas,4.871794,200,success,
1789925029.143251,GET,GET /api/v1/reservas,6.197424,200,success,
1789925029.162236,GET,GET /api/v1/reservas,4.706113,200,success,
1789925029.175843,GET,GET /api/v1/reservas,5.350681,200,success,
1789925029.196584,GET,GET /api/v1/reservas/{id},3.586596,200,success,
1789925029.201778,GET,GET /api/v1/reservas/{id},3.042600,200,success,
1789925029.212360,GET,GET /api/v1/reservas/{id},3.420785,200,success,
1789925029.227921,GET,GET /api/v1/reservas,5.296818,200,success,
1789925029.256077,GET,GET /api/v1/reservas,4.885094,200,success,
1789925029.308260,GET,GET /api/v1/reservas,6.763812,200,success,
1789925029.328268,GET,GET /api/v1/reservas,4.746354,200,success,
1789925029.379843,GET,GET /api/v1/reservas/{id},7.377943,200,success,
1789925029.440089,GET,GET /api/v1/reservas,6.890053,200,success,
1789925029.449351,GET,GET /api/v1/reservas/{id},4.074606,200,success,
1789925029.477441,GET,GET /api/v1/reservas/{id},6.869582,200,success,
1789925029.547883,GET,GET /api/v1/reservas,8.969144,200,success,
1789925029.554055,GET,GET /api/v1/reservas,7.048854,200,success,
1789925029.591851,GET,GET /api/v1/reservas/{id},5.567027,200,success,
1789925029.657837,GET,GET /api/v1/reservas,6.635137,200,success,
1789925029.679781,GET,GET /api/v1/reservas,8.610450,200,success,
1789925029.734181,GET,GET /api/v1/reservas,6.922412,200,success,
1789925029.851552,GET,GET /api/v1/reservas,6.926288,200,success,
1789925029.852215,GET,GET /api/v1/reservas,5.858641,200,success,
1789925029.897796,GET,GET /api/v1/reservas,5.193731,200,success,
1789925029.969042,GET,GET /api/v1/reservas,5.877037,200,success,
1789925030.006543,GET,GET /api/v1/reservas/{id},4.305967,200,success,
1789925030.174828,GET,GET /api/v1/reservas/{id},4.762308,200,success,
1789925030.194806,GET,GET /api/v1/reservas,5.725327,200,success,
1789925030.217942,GET,GET /api/v1/reservas,4.872915,200,success,
1789925030.242345,GET,GET /api/v1/reservas/{id},4.208930,200,success,
1789925030.273511,GET,GET /api/v1/reservas/{id},3.981044,200,success,
1789925030.310094,GET,GET /api/v1/reservas,5.170667,200,success,
1789925030.327925,GET,GET /api/v1/reservas,4.559250,200,success,
1789925030.370671,GET,GET /api/v1/reservas,11.462523,200,success,
1789925030.375395,GET,GET /api/v1/reservas/{id},5.333104,200,success,
1789925030.389783,GET,GET /api/v1/reservas/{id},4.209210,200,success,
1789925030.412941,GET,GET /api/v1/reservas,5.870958,200,success,
1789925030.483608,GET,GET /api/v1/reservas/{id},4.417706,200,success,
1789925030.493439,GET,GET /api/v1/reservas,4.484427,200,success,
1789925030.520415,GET,GET /api/v1/reservas/{id},3.803525,200,success,
1789925030.526221,GET,GET /api/v1/reservas/{id},3.658785,200,success,
1789925030.589823,GET,GET /api/v1/reservas,5.316598,200,success,
1789925030.607569,GET,GET /api/v1/reservas,5.472555,200,success,
1789925030.609786,GET,GET /api/v1/reservas/{id},3.211417,200,success,
1789925030.652221,GET,GET /api/v1/reservas,5.141292,200,success,
1789925030.690255,GET,GET /api/v1/reservas,5.783856,200,success,
1789925030.693191,GET,GET /api/v1/reservas/{id},4.039983,200,success,
1789925030.702390,GET,GET /api/v1/reservas,3.989778,200,success,
1789925030.851906,GET,GET /api/v1/reservas,7.107432,200,success,
1789925030.894276,GET,GET /api/v1/reservas,5.926323,200,success,
1789925030.894693,GET,GET /api/v1/reservas,4.666263,200,success,
1789925030.906286,GET,GET /api/v1/reservas,4.374280,200,success,
1789925030.970242,GET,GET /api/v1/reservas,5.631486,200,success,
1789925031.037829,GET,GET /api/v1/reservas,7.244801,200,success,
1789925031.119834,GET,GET /api/v1/reservas/{id},4.619452,200,success,
1789925031.221256,GET,GET /api/v1/reservas,7.017747,200,success,
1789925031.226810,GET,GET /api/v1/reservas,4.325244,200,success,
1789925031.270535,GET,GET /api/v1/reservas/{id},4.540612,200,success,
1789925031.273064,GET,GET /api/v1/reservas,4.285635,200,success,
1789925031.328903,GET,GET /api/v1/reservas,5.444802,200,success,
1789925031.356954,GET,GET /api/v1/reservas/{id},3.862224,200,success,
1789925031.361242,GET,GET /api/v1/reservas,5.410029,200,success,
1789925031.404846,GET,GET /api/v1/reservas,6.300529,200,success,
1789925031.406315,GET,GET /api/v1/reservas,4.686464,200,success,
1789925031.516437,GET,GET /api/v1/reservas,5.715883,200,success,
1789925031.546402,GET,GET /api/v1/reservas,4.699533,200,success,
1789925031.668650,GET,GET /api/v1/reservas,6.855591,200,success,
1789925031.737907,GET,GET /api/v1/reservas,5.828133,200,success,
1789925031.787822,GET,GET /api/v1/reservas,6.609397,200,success,
1789925031.789531,GET,GET /api/v1/reservas,4.670418,200,success,
1789925031.796836,GET,GET /api/v1/reservas,4.055687,200,success,
1789925031.856603,GET,GET /api/v1/reservas,5.454568,200,success,
1789925031.869794,GET,GET /api/v1/reservas,4.895581,200,success,
1789925031.975796,GET,GET /api/v1/reservas/{id},4.657669,200,success,
1789925032.063071,GET,GET /api/v1/reservas,6.872997,200,success,
1789925032.074206,GET,GET /api/v1/reservas,4.561173,200,success,
1789925032.074641,GET,GET /api/v1/reservas,5.315907,200,success,
1789925032.124242,GET,GET /api/v1/reservas,5.190837,200,success,
1789925032.190662,GET,GET /api/v1/reservas,6.078132,200,success,
1789925032.190955,GET,GET /api/v1/reservas/{id},4.721607,200,success,
1789925032.427651,GET,GET /api/v1/reservas,10.987404,200,success,
1789925032.429780,GET,GET /api/v1/reservas,7.626910,200,success,
1789925032.433189,GET,GET /api/v1/reservas/{id},4.138823,200,success,
1789925032.459948,GET,GET /api/v1/reservas/{id},5.532015,200,success,
1789925032.499902,GET,GET /api/v1/reservas/{id},5.519806,200,success,
1789925032.506999,GET,GET /api/v1/reservas/{id},3.902806,200,success,
1789925032.610553,GET,GET /api/v1/reservas,6.154469,200,success,
1789925032.660185,GET,GET /api/v1/reservas,6.349133,200,success,
1789925032.688274,GET,GET /api/v1/reservas,4.846455,200,success,
1789925032.728093,GET,GET /api/v1/reservas,5.431481,200,success,
1789925032.763288,GET,GET /api/v1/reservas,4.944114,200,success,
1789925032.821755,GET,GET /api/v1/reservas,7.148374,200,success,
1789925032.826505,GET,GET /api/v1/reservas,4.552820,200,success,
1789925032.832917,GET,GET /api/v1/reservas,4.189831,200,success,
1789925032.838916,GET,GET /api/v1/reservas/{id},3.852789,200,success,
1789925032.863435,GET,GET /api/v1/reservas,5.227153,200,success,
1789925032.910294,GET,GET /api/v1/reservas/{id},4.510547,200,success,
1789925032.944663,GET,GET /api/v1/reservas,5.077456,200,success,
1789925032.989623,GET,GET /api/v1/reservas,5.642091,200,success,
1789925032.992930,GET,GET /api/v1/reservas,5.257359,200,success,
1789925033.011917,GET,GET /api/v1/reservas,7.703627,200,success,
1789925033.042387,GET,GET /api/v1/reservas/{id},5.750707,200,success,
1789925033.067758,GET,GET /api/v1/reservas,6.036620,200,success,
1789925033.119712,GET,GET /api/v1/reservas,5.545916,200,success,
1789925033.131742,GET,GET /api/v1/reservas,5.776136,200,success,
1789925033.142311,GET,GET /api/v1/reservas/{id},3.408837,200,success,
1789925033.161174,GET,GET /api/v1/reservas,4.594633,200,success,
1789925033.203695,GET,GET /api/v1/reservas,6.241299,200,success,
1789925033.211506,GET,GET /api/v1/reservas,4.555134,200,success,
1789925033.358121,GET,GET /api/v1/reservas,7.133823,200,success,
1789925033.434864,GET,GET /api/v1/reservas,8.339870,200,success,
1789925033.462509,GET,GET /api/v1/reservas,7.250560,200,success,
1789925033.549145,GET,GET /api/v1/reservas,8.928734,200,success,
1789925033.605790,GET,GET /api/v1/reservas,8.312810,200,success,
1789925033.606415,GET,GET /api/v1/reservas/{id},4.103660,200,success,
1789925033.631582,GET,GET /api/v1/reservas,4.880557,200,success,
1789925033.633374,GET,GET /api/v1/reservas/{id},3.133639,200,success,
1789925033.641370,GET,GET /api/v1/reservas,5.750456,200,success,
1789925033.719501,GET,GET /api/v1/reservas,18.655887,200,success,
1789925033.724685,GET,GET /api/v1/reservas/{id},5.888465,200,success,
1789925033.763404,GET,GET /api/v1/reservas/{id},4.512740,200,success,
1789925033.834009,GET,GET /api/v1/reservas/{id},5.345501,200,success,
1789925033.883533,GET,GET /api/v1/reservas,6.197013,200,success,
1789925033.943125,GET,GET /api/v1/reservas,5.974165,200,success,
1789925033.990113,GET,GET /api/v1/reservas,5.610103,200,success,
1789925034.009501,GET,GET /api/v1/reservas,6.073586,200,success,
1789925034.049338,GET,GET /api/v1/reservas,8.119557,200,success,
1789925034.123634,GET,GET /api/v1/reservas,7.791329,200,success,
1789925034.200130,GET,GET /api/v1/reservas,8.064773,200,success,
1789925034.222638,GET,GET /api/v1/reservas,7.147684,200,success,
1789925034.273226,GET,GET /api/v1/reservas,8.186439,200,success,
1789925034.337797,GET,GET /api/v1/reservas,6.091092,200,success,
1789925034.381292,GET,GET /api/v1/reservas,5.174453,200,success,
1789925034.514279,GET,GET /api/v1/reservas/{id},3.770134,200,success,
1789925034.515942,GET,GET /api/v1/reservas,7.147213,200,success,
1789925034.568272,GET,GET /api/v1/reservas/{id},4.125002,200,success,
1789925034.607388,GET,GET /api/v1/reservas/{id},3.914834,200,success,
1789925034.734558,GET,GET /api/v1/reservas,6.670902,200,success,
1789925034.744537,GET,GET /api/v1/reservas,5.517123,200,success,
1789925034.759736,GET,GET /api/v1/reservas,4.958046,200,success,
1789925034.798063,GET,GET /api/v1/reservas,5.032858,200,success,
1789925034.858074,GET,GET /api/v1/reservas,6.676519,200,success,
1789925034.943187,GET,GET /api/v1/reservas/{id},4.749118,200,success,
1789925035.005444,GET,GET /api/v1/reservas,6.447562,200,success,
1789925035.005651,GET,GET /api/v1/reservas,7.171249,200,success,
1789925035.023025,GET,GET /api/v1/reservas,6.133837,200,success,
1789925035.055178,GET,GET /api/v1/reservas/{id},3.782031,200,success,
1789925035.055962,GET,GET /api/v1/reservas,5.081541,200,success,
1789925035.127048,GET,GET /api/v1/reservas/{id},4.708287,200,success,
1789925035.134489,GET,GET /api/v1/reservas/{id},3.278889,200,success,
1789925035.195362,GET,GET /api/v1/reservas,6.552382,200,success,
1789925035.205976,GET,GET /api/v1/reservas/{id},3.444201,200,success,
1789925035.217393,GET,GET /api/v1/reservas/{id},3.234863,200,success,
1789925035.221324,GET,GET /api/v1/reservas,4.520603,200,success,
1789925035.229087,GET,GET /api/v1/reservas,5.514248,200,success,
1789925035.250190,GET,GET /api/v1/reservas/{id},3.912930,200,success,
1789925035.277081,GET,GET /api/v1/reservas/{id},3.696963,200,success,
1789925035.323285,GET,GET /api/v1/reservas,5.774542,200,success,
1789925035.378164,GET,GET /api/v1/reservas,6.577269,200,success,
1789925035.390864,GET,GET /api/v1/reservas/{id},3.532844,200,success,
1789925035.457089,GET,GET /api/v1/reservas,5.828995,200,success,
1789925035.465597,GET,GET /api/v1/reservas,4.268940,200,success,
1789925035.491611,GET,GET /api/v1/reservas,4.751462,200,success,
1789925035.509451,GET,GET /api/v1/reservas,5.492083,200,success,
1789925035.802248,GET,GET /api/v1/reservas,6.133746,200,success,
1789925035.857847,GET,GET /api/v1/reservas,5.264791,200,success,
1789925035.865159,GET,GET /api/v1/reservas,4.058101,200,success,
1789925035.873598,GET,GET /api/v1/reservas,6.181730,200,success,
1789925035.874762,GET,GET /api/v1/reservas,4.769730,200,success,
1789925035.885188,GET,GET /api/v1/reservas,4.184362,200,success,
1789925035.928885,GET,GET /api/v1/reservas,5.315817,200,success,
1789925035.936806,GET,GET /api/v1/reservas,5.682773,200,success,
1789925035.949565,GET,GET /api/v1/reservas/{id},3.585965,200,success,
1789925036.045876,GET,GET /api/v1/reservas,5.934705,200,success,
1789925036.054508,GET,GET /api/v1/reservas,4.417875,200,success,
1789925036.069183,GET,GET /api/v1/reservas,4.416995,200,success,
1789925036.073502,GET,GET /api/v1/reservas,6.130692,200,success,
1789925036.088030,GET,GET /api/v1/reservas/{id},3.368035,200,success,
1789925036.141965,GET,GET /api/v1/reservas,5.515350,200,success,
1789925036.158681,GET,GET /api/v1/reservas,4.456305,200,success,
1789925036.169166,GET,GET /api/v1/reservas,5.248015,200,success,
1789925036.337426,GET,GET /api/v1/reservas,12.160060,200,success,
1789925036.352768,GET,GET /api/v1/reservas,7.009284,200,success,
1789925036.362491,GET,GET /api/v1/reservas,5.417331,200,success,
1789925036.381952,GET,GET /api/v1/reservas,8.155341,200,success,
1789925036.473718,GET,GET /api/v1/reservas/{id},5.423390,200,success,
1789925036.515607,GET,GET /api/v1/reservas/{id},5.437922,200,success,
1789925036.537306,GET,GET /api/v1/reservas,5.387437,200,success,
1789925036.572608,GET,GET /api/v1/reservas,5.029994,200,success,
1789925036.656690,GET,GET /api/v1/reservas,7.724799,200,success,
1789925036.709275,GET,GET /api/v1/reservas,5.819912,200,success,
1789925036.709634,GET,GET /api/v1/reservas,6.692273,200,success,
1789925036.740497,GET,GET /api/v1/reservas,5.589712,200,success,
1789925036.820852,GET,GET /api/v1/reservas,6.993430,200,success,
1789925036.869080,GET,GET /api/v1/reservas,6.831163,200,success,
1789925036.874163,GET,GET /api/v1/reservas,6.166516,200,success,
1789925036.877286,GET,GET /api/v1/reservas,5.915195,200,success,
1789925036.946261,GET,GET /api/v1/reservas,10.545003,200,success,
1789925036.978913,GET,GET /api/v1/reservas/{id},4.400240,200,success,
1789925037.010613,GET,GET /api/v1/reservas,5.388197,200,success,
1789925037.024712,GET,GET /api/v1/reservas/{id},4.896662,200,success,
1789925037.119889,GET,GET /api/v1/reservas,7.002043,200,success,
1789925037.140204,GET,GET /api/v1/reservas/{id},7.086611,200,success,
1789925037.172823,GET,GET /api/v1/reservas,8.324457,200,success,
1789925037.226631,GET,GET /api/v1/reservas,9.109216,200,success,
1789925037.230149,GET,GET /api/v1/reservas,8.809092,200,success,
1789925037.230599,GET,GET /api/v1/reservas,8.674277,200,success,
1789925037.251759,GET,GET /api/v1/reservas,7.387187,200,success,
1789925037.252137,GET,GET /api/v1/reservas,8.306900,200,success,
1789925037.294756,GET,GET /api/v1/reservas,7.324211,200,success,
1789925037.428751,GET,GET /api/v1/reservas,7.551095,200,success,
1789925037.433128,GET,GET /api/v1/reservas,5.080370,200,success,
1789925037.513482,GET,GET /api/v1/reservas,6.077812,200,success,
1789925037.551729,GET,GET /api/v1/reservas,4.907799,200,success,
1789925037.650178,GET,GET /api/v1/reservas,7.930289,200,success,
1789925037.728748,GET,GET /api/v1/reservas,7.077768,200,success,
1789925037.764496,GET,GET /api/v1/reservas,5.423780,200,success,
1789925037.764894,GET,GET /api/v1/reservas/{id},3.249565,200,success,
1789925037.809838,GET,GET /api/v1/reservas,5.643304,200,success,
1789925037.888525,GET,GET /api/v1/reservas,8.185758,200,success,
1789925038.146024,GET,GET /api/v1/reservas,6.262352,200,success,
1789925038.187465,GET,GET /api/v1/reservas/{id},4.238224,200,success,
1789925038.253464,GET,GET /api/v1/reservas,5.688291,200,success,
1789925038.293264,GET,GET /api/v1/reservas,6.501785,200,success,
1789925038.296339,GET,GET /api/v1/reservas,5.849635,200,success,
1789925038.299625,GET,GET /api/v1/reservas/{id},6.201990,200,success,
1789925038.312280,GET,GET /api/v1/reservas/{id},3.484171,200,success,
1789925038.332295,GET,GET /api/v1/reservas,4.745132,200,success,
1789925038.371479,GET,GET /api/v1/reservas,5.916427,200,success,
1789925038.380792,GET,GET /api/v1/reservas,4.087385,200,success,
1789925038.502451,GET,GET /api/v1/reservas,6.240167,200,success,
1789925038.502785,GET,GET /api/v1/reservas/{id},3.926731,200,success,
1789925038.553377,GET,GET /api/v1/reservas,6.179807,200,success,
1789925038.647435,GET,GET /api/v1/reservas/{id},4.783550,200,success,
1789925038.665924,GET,GET /api/v1/reservas/{id},3.309746,200,success,
1789925038.675042,GET,GET /api/v1/reservas/{id},2.974759,200,success,
1789925038.718839,GET,GET /api/v1/reservas/{id},4.502786,200,success,
1789925038.722855,GET,GET /api/v1/reservas,4.773676,200,success,
1789925038.724287,GET,GET /api/v1/reservas/{id},3.243667,200,success,
1789925038.772727,GET,GET /api/v1/reservas,5.192320,200,success,
1789925038.824122,GET,GET /api/v1/reservas,6.549817,200,success,
1789925038.824544,GET,GET /api/v1/reservas,7.564646,200,success,
1789925038.867857,GET,GET /api/v1/reservas,6.042249,200,success,
1789925038.928073,GET,GET /api/v1/reservas,5.721643,200,success,
1789925038.973901,GET,GET /api/v1/reservas,5.516942,200,success,
1789925039.013892,GET,GET /api/v1/reservas/{id},4.782448,200,success,
1789925039.022782,GET,GET /api/v1/reservas,4.616978,200,success,
1789925039.082501,GET,GET /api/v1/reservas,7.763838,200,success,
1789925039.144869,GET,GET /api/v1/reservas,5.924479,200,success,
1789925039.231897,GET,GET /api/v1/reservas,7.675644,200,success,
1789925039.250083,GET,GET /api/v1/reservas,5.860183,200,success,
1789925039.283329,GET,GET /api/v1/reservas/{id},4.048877,200,success,
1789925039.318334,GET,GET /api/v1/reservas,6.264275,200,success,
1789925039.318729,GET,GET /api/v1/reservas,7.134574,200,success,
1789925039.348565,GET,GET /api/v1/reservas,6.574715,200,success,
1789925039.371732,GET,GET /api/v1/reservas,4.919928,200,success,
1789925039.379562,GET,GET /api/v1/reservas,4.564689,200,success,
1789925039.382509,GET,GET /api/v1/reservas/{id},5.033969,200,success,
1789925039.383518,GET,GET /api/v1/reservas,5.188264,200,success,
1789925039.440216,GET,GET /api/v1/reservas,5.413625,200,success,
1789925039.456305,GET,GET /api/v1/reservas,4.793947,200,success,
1789925039.458225,GET,GET /api/v1/reservas,4.090280,200,success,
1789925039.500449,GET,GET /api/v1/reservas,6.904455,200,success,
1789925039.523800,GET,GET /api/v1/reservas,4.980940,200,success,
1789925039.608037,GET,GET /api/v1/reservas/{id},5.004405,200,success,
1789925039.617215,GET,GET /api/v1/reservas,4.895469,200,success,
1789925039.657840,GET,GET /api/v1/reservas,6.305478,200,success,
1789925039.688420,GET,GET /api/v1/reservas,7.235847,200,success,
1789925039.773001,GET,GET /api/v1/reservas,8.072576,200,success,
1789925039.797050,GET,GET /api/v1/reservas,6.698504,200,success,
1789925039.813503,GET,GET /api/v1/reservas/{id},5.241044,200,success,
1789925039.835600,GET,GET /api/v1/reservas/{id},4.890122,200,success,
1789925039.836052,GET,GET /api/v1/reservas/{id},4.937654,200,success,
1789925039.895044,GET,GET /api/v1/reservas/{id},5.757516,200,success,
1789925039.928365,GET,GET /api/v1/reservas,7.814946,200,success,
1789925039.943907,GET,GET /api/v1/reservas,8.207079,200,success,
1789925040.003126,GET,GET /api/v1/reservas,6.806987,200,success,
1789925040.039600,GET,GET /api/v1/reservas,7.355098,200,success,
1789925040.127574,GET,GET /api/v1/reservas,9.795587,200,success,
1789925040.313792,GET,GET /api/v1/reservas,6.735359,200,success,
1789925040.359274,GET,GET /api/v1/reservas,11.860106,200,success,
1789925040.438101,GET,GET /api/v1/reservas,6.440261,200,success,
1789925040.564172,GET,GET /api/v1/reservas/{id},5.602312,200,success,
1789925040.600231,GET,GET /api/v1/reservas,8.705265,200,success,
1789925040.606373,GET,GET /api/v1/reservas,7.060541,200,success,
1789925040.615973,GET,GET /api/v1/reservas,6.288661,200,success,
1789925040.705535,GET,GET /api/v1/reservas,7.177459,200,success,
1789925040.805567,GET,GET /api/v1/reservas,7.451945,200,success,
1789925040.862957,GET,GET /api/v1/reservas,8.045725,200,success,
1789925040.876395,GET,GET /api/v1/reservas/{id},5.159250,200,success,
1789925040.881520,GET,GET /api/v1/reservas,6.377336,200,success,
1789925040.944038,GET,GET /api/v1/reservas/{id},5.088672,200,success,
1789925041.030834,GET,GET /api/v1/reservas,6.436626,200,success,
1789925041.068532,GET,GET /api/v1/reservas,6.751683,200,success,
1789925041.072215,GET,GET /api/v1/reservas,4.682367,200,success,
1789925041.139493,GET,GET /api/v1/reservas,6.805775,200,success,
1789925041.145925,GET,GET /api/v1/reservas,7.337030,200,success,
1789925041.234505,GET,GET /api/v1/reservas,6.174169,200,success,
1789925041.250039,GET,GET /api/v1/reservas,5.213923,200,success,
1789925041.256966,GET,GET /api/v1/reservas,4.649146,200,success,
1789925041.270710,GET,GET /api/v1/reservas/{id},4.549576,200,success,
1789925041.314878,GET,GET /api/v1/reservas,7.791899,200,success,
1789925041.412261,GET,GET /api/v1/reservas,7.870330,200,success,
1789925041.413384,GET,GET /api/v1/reservas,5.142114,200,success,
1789925041.440039,GET,GET /api/v1/reservas,5.364160,200,success,
1789925041.440681,GET,GET /api/v1/reservas,4.337594,200,success,
1789925041.444998,GET,GET /api/v1/reservas,6.179174,200,success,
1789925041.457784,GET,GET /api/v1/reservas,4.536997,200,success,
1789925041.526572,GET,GET /api/v1/reservas,6.458308,200,success,
1789925041.536688,GET,GET /api/v1/reservas,5.838539,200,success,
1789925041.538039,GET,GET /api/v1/reservas,4.601235,200,success,
1789925041.580143,GET,GET /api/v1/reservas/{id},3.925360,200,success,
1789925041.685147,GET,GET /api/v1/reservas/{id},4.785193,200,success,
1789925041.747698,GET,GET /api/v1/reservas,7.144698,200,success,
1789925041.762993,GET,GET /api/v1/reservas,5.025987,200,success,
1789925041.881143,GET,GET /api/v1/reservas,6.721167,200,success,
1789925041.884036,GET,GET /api/v1/reservas,4.837412,200,success,
1789925041.894897,GET,GET /api/v1/reservas/{id},3.687088,200,success,
1789925041.985507,GET,GET /api/v1/reservas,7.160784,200,success,
1789925042.010308,GET,GET /api/v1/reservas,5.483832,200,success,
1789925042.017749,GET,GET /api/v1/reservas,4.179655,200,success,
1789925042.043476,GET,GET /api/v1/reservas/{id},4.169309,200,success,
1789925042.094816,GET,GET /api/v1/reservas,6.387993,200,success,
1789925042.108204,GET,GET /api/v1/reservas,6.080706,200,success,
1789925042.110143,GET,GET /api/v1/reservas/{id},4.862631,200,success,
1789925042.111421,GET,GET /api/v1/reservas,6.680105,200,success,
1789925042.135291,GET,GET /api/v1/reservas,5.529932,200,success,
1789925042.184456,GET,GET /api/v1/reservas,5.844359,200,success,
1789925042.202609,GET,GET /api/v1/reservas,5.829175,200,success,
1789925042.230785,GET,GET /api/v1/reservas/{id},4.927108,200,success,
1789925042.234601,GET,GET /api/v1/reservas,5.811860,200,success,
1789925042.304184,GET,GET /api/v1/reservas/{id},5.340024,200,success,
1789925042.312060,GET,GET /api/v1/reservas/{id},3.695401,200,success,
1789925042.347967,GET,GET /api/v1/reservas,7.446756,200,success,
1789925042.474790,GET,GET /api/v1/reservas/{id},5.472775,200,success,
1789925042.582597,GET,GET /api/v1/reservas,7.276708,200,success,
1789925042.599375,GET,GET /api/v1/reservas,8.471681,200,success,
1789925042.622202,GET,GET /api/v1/reservas,7.476071,200,success,
1789925042.678407,GET,GET /api/v1/reservas,8.833269,200,success,
1789925042.680429,GET,GET /api/v1/reservas,10.411580,200,success,
1789925042.760371,GET,GET /api/v1/reservas,9.761636,200,success,
1789925042.760687,GET,GET /api/v1/reservas,15.206677,200,success,
1789925042.848049,GET,GET /api/v1/reservas,7.932793,200,success,
1789925042.941510,GET,GET /api/v1/reservas/{id},5.086189,200,success,
1789925042.972097,GET,GET /api/v1/reservas,6.267249,200,success,
1789925042.981809,GET,GET /api/v1/reservas,4.471958,200,success,
1789925043.059787,GET,GET /api/v1/reservas/{id},4.716708,200,success,
1789925043.129735,GET,GET /api/v1/reservas/{id},5.736965,200,success,
1789925043.134386,GET,GET /api/v1/reservas,5.383129,200,success,
1789925043.219136,GET,GET /api/v1/reservas,6.363284,200,success,
1789925043.228939,GET,GET /api/v1/reservas,4.550907,200,success,
1789925043.249187,GET,GET /api/v1/reservas/{id},3.462047,200,success,
1789925043.250157,GET,GET /api/v1/reservas,5.960293,200,success,
1789925043.269777,GET,GET /api/v1/reservas/{id},3.454396,200,success,
1789925043.284478,GET,GET /api/v1/reservas,4.451086,200,success,
1789925043.409742,GET,GET /api/v1/reservas,15.558021,200,success,
1789925043.520257,GET,GET /api/v1/reservas,6.083630,200,success,
1789925043.526200,GET,GET /api/v1/reservas,5.732257,200,success,
1789925043.673795,GET,GET /api/v1/reservas,8.040367,200,success,
1789925043.722810,GET,GET /api/v1/reservas,16.556965,200,success,
1789925043.746027,GET,GET /api/v1/reservas,9.699261,200,success,
1789925043.762662,GET,GET /api/v1/reservas/{id},4.397255,200,success,
1789925043.836180,GET,GET /api/v1/reservas/{id},6.222632,200,success,
1789925043.849496,GET,GET /api/v1/reservas/{id},8.096642,200,success,
1789925043.870482,GET,GET /api/v1/reservas,7.642584,200,success,
1789925043.896735,GET,GET /api/v1/reservas/{id},7.009564,200,success,
1789925043.955831,GET,GET /api/v1/reservas,6.576087,200,success,
1789925044.004434,GET,GET /api/v1/reservas/{id},4.334780,200,success,
1789925044.036996,GET,GET /api/v1/reservas,5.250428,200,success,
1789925044.071665,GET,GET /api/v1/reservas/{id},3.865680,200,success,
1789925044.104575,GET,GET /api/v1/reservas,6.606504,200,success,
1789925044.170535,GET,GET /api/v1/reservas/{id},4.626362,200,success,
1789925044.188601,GET,GET /api/v1/reservas,4.798022,200,success,
1789925044.235466,GET,GET /api/v1/reservas,6.584080,200,success,
1789925044.293681,GET,GET /api/v1/reservas,5.897029,200,success,
1789925044.305959,GET,GET /api/v1/reservas/{id},4.071101,200,success,
1789925044.370957,GET,GET /api/v1/reservas/{id},5.632827,200,success,
1789925044.403825,GET,GET /api/v1/reservas/{id},5.610043,200,success,
1789925044.414232,GET,GET /api/v1/reservas,7.050787,200,success,
1789925044.433908,GET,GET /api/v1/reservas,5.352262,200,success,
1789925044.481449,GET,GET /api/v1/reservas,8.171985,200,success,
1789925044.488179,GET,GET /api/v1/reservas,5.426395,200,success,
1789925044.507121,GET,GET /api/v1/reservas/{id},7.736446,200,success,
1789925044.564592,GET,GET /api/v1/reservas/{id},7.052829,200,success,
1789925044.574705,GET,GET /api/v1/reservas/{id},4.875811,200,success,
1789925044.615704,GET,GET /api/v1/reservas,6.639954,200,success,
1789925044.695253,GET,GET /api/v1/reservas/{id},5.270798,200,success,
1789925044.825925,GET,GET /api/v1/reservas,6.173366,200,success,
1789925044.828628,GET,GET /api/v1/reservas,4.525560,200,success,
1789925044.873436,GET,GET /api/v1/reservas,6.524799,200,success,
1789925044.891311,GET,GET /api/v1/reservas,5.546776,200,success,
1789925044.902425,GET,GET /api/v1/reservas/{id},3.936186,200,success,
1789925044.941405,GET,GET /api/v1/reservas,5.536282,200,success,
1789925045.016425,GET,GET /api/v1/reservas/{id},4.753645,200,success,
1789925045.043928,GET,GET /api/v1/reservas,6.191805,200,success,
1789925045.131975,GET,GET /api/v1/reservas/{id},5.181974,200,success,
1789925045.147376,GET,GET /api/v1/reservas,5.032418,200,success,
1789925045.225980,GET,GET /api/v1/reservas/{id},5.350330,200,success,
1789925045.263973,GET,GET /api/v1/reservas/{id},4.759303,200,success,
1789925045.278511,GET,GET /api/v1/reservas,5.151877,200,success,
1789925045.378083,GET,GET /api/v1/reservas,6.064511,200,success,
1789925045.398586,GET,GET /api/v1/reservas,5.191068,200,success,
1789925045.439498,GET,GET /api/v1/reservas,7.575523,200,success,
1789925045.449625,GET,GET /api/v1/reservas,4.876050,200,success,
1789925045.466666,GET,GET /api/v1/reservas/{id},3.854983,200,success,
1789925045.490873,GET,GET /api/v1/reservas,4.914078,200,success,
1789925045.494208,GET,GET /api/v1/reservas,4.629116,200,success,
1789925045.510602,GET,GET /api/v1/reservas/{id},4.217402,200,success,
1789925045.522305,GET,GET /api/v1/reservas,5.423019,200,success,
1789925045.624260,GET,GET /api/v1/reservas,5.753110,200,success,
1789925045.624701,GET,GET /api/v1/reservas,6.966238,200,success,
1789925045.655770,GET,GET /api/v1/reservas,4.799745,200,success,
1789925045.682583,GET,GET /api/v1/reservas,4.569185,200,success,
1789925045.693175,GET,GET /api/v1/reservas,4.367470,200,success,
1789925045.734559,GET,GET /api/v1/reservas/{id},5.180262,200,success,
1789925045.783653,GET,GET /api/v1/reservas/{id},4.859255,200,success,
1789925045.838924,GET,GET /api/v1/reservas,5.938720,200,success,
1789925045.883249,GET,GET /api/v1/reservas/{id},4.117180,200,success,
1789925045.929725,GET,GET /api/v1/reservas/{id},4.267578,200,success,
1789925045.968188,GET,GET /api/v1/reservas,5.041021,200,success,
1789925045.990596,GET,GET /api/v1/reservas,6.131734,200,success,
1789925046.039274,GET,GET /api/v1/reservas,6.376726,200,success,
1789925046.092743,GET,GET /api/v1/reservas,5.535670,200,success,
1789925046.170608,GET,GET /api/v1/reservas,7.393326,200,success,
1789925046.171307,GET,GET /api/v1/reservas,4.421992,200,success,
1789925046.186034,GET,GET /api/v1/reservas,4.463246,200,success,
1789925046.215677,GET,GET /api/v1/reservas/{id},4.434361,200,success,
1789925046.226493,GET,GET /api/v1/reservas,4.549917,200,success,
1789925046.285638,GET,GET /api/v1/reservas,6.829391,200,success,
1789925046.314457,GET,GET /api/v1/reservas,5.517112,200,success,
1789925046.319335,GET,GET /api/v1/reservas,4.697179,200,success,
1789925046.333592,GET,GET /api/v1/reservas,4.967429,200,success,
1789925046.444779,GET,GET /api/v1/reservas/{id},9.860234,200,success,
1789925046.451012,GET,GET /api/v1/reservas,7.010536,200,success,
1789925046.589243,GET,GET /api/v1/reservas,9.651999,200,success,
1789925046.676345,GET,GET /api/v1/reservas,7.661483,200,success,
1789925046.683821,GET,GET /api/v1/reservas,9.283841,200,success,
1789925046.730808,GET,GET /api/v1/reservas,10.519114,200,success,
1789925046.731222,GET,GET /api/v1/reservas/{id},14.151920,200,success,
1789925046.771808,GET,GET /api/v1/reservas/{id},6.215932,200,success,
1789925046.815187,GET,GET /api/v1/reservas,6.993120,200,success,
1789925046.833168,GET,GET /api/v1/reservas,6.662099,200,success,
1789925046.867846,GET,GET /api/v1/reservas/{id},4.476325,200,success,
1789925046.926180,GET,GET /api/v1/reservas,6.010649,200,success,
1789925046.933514,GET,GET /api/v1/reservas,5.029674,200,success,
1789925046.952623,GET,GET /api/v1/reservas,6.700446,200,success,
1789925046.985473,GET,GET /api/v1/reservas/{id},4.647514,200,success,
1789925047.022430,GET,GET /api/v1/reservas,5.633898,200,success,
1789925047.077520,GET,GET /api/v1/reservas/{id},4.255490,200,success,
1789925047.119395,GET,GET /api/v1/reservas,6.586173,200,success,
1789925047.171948,GET,GET /api/v1/reservas/{id},4.242430,200,success,
1789925047.284403,GET,GET /api/v1/reservas,7.129617,200,success,
1789925047.329060,GET,GET /api/v1/reservas,6.304075,200,success,
1789925047.431039,GET,GET /api/v1/reservas/{id},5.529951,200,success,
1789925047.471086,GET,GET /api/v1/reservas,7.672118,200,success,
1789925047.515026,GET,GET /api/v1/reservas/{id},7.613769,200,success,
1789925047.570099,GET,GET /api/v1/reservas,6.560534,200,success,
1789925047.631847,GET,GET /api/v1/reservas,6.419971,200,success,
1789925047.642214,GET,GET /api/v1/reservas,5.054782,200,success,
1789925047.665517,GET,GET /api/v1/reservas/{id},4.118903,200,success,
1789925047.668209,GET,GET /api/v1/reservas,6.354171,200,success,
1789925047.675626,GET,GET /api/v1/reservas,4.179815,200,success,
1789925047.694301,GET,GET /api/v1/reservas,5.433125,200,success,
1789925047.739800,GET,GET /api/v1/reservas,5.228885,200,success,
1789925047.797978,GET,GET /api/v1/reservas/{id},4.858214,200,success,
1789925047.802448,GET,GET /api/v1/reservas/{id},3.276105,200,success,
1789925047.852341,GET,GET /api/v1/reservas,5.570474,200,success,
1789925047.879686,GET,GET /api/v1/reservas,6.086907,200,success,
1789925047.898453,GET,GET /api/v1/reservas,6.442255,200,success,
1789925047.911408,GET,GET /api/v1/reservas,6.648808,200,success,
1789925048.015068,GET,GET /api/v1/reservas,6.152967,200,success,
1789925048.117396,GET,GET /api/v1/reservas/{id},4.705943,200,success,
1789925048.221114,GET,GET /api/v1/reservas,6.207949,200,success,
1789925048.252610,GET,GET /api/v1/reservas,6.203793,200,success,
1789925048.309746,GET,GET /api/v1/reservas,6.780047,200,success,
1789925048.314045,GET,GET /api/v1/reservas,6.230995,200,success,
1789925048.317765,GET,GET /api/v1/reservas,4.774937,200,success,
1789925048.368154,GET,GET /api/v1/reservas/{id},5.054130,200,success,
1789925048.418150,GET,GET /api/v1/reservas,5.655681,200,success,
1789925048.427702,GET,GET /api/v1/reservas/{id},3.387363,200,success,
1789925048.441968,GET,GET /api/v1/reservas,5.984882,200,success,
1789925048.472183,GET,GET /api/v1/reservas,4.947959,200,success,
1789925048.479369,GET,GET /api/v1/reservas,3.959431,200,success,
1789925048.487816,GET,GET /api/v1/reservas,4.173795,200,success,
1789925048.497455,GET,GET /api/v1/reservas,4.408111,200,success,
1789925048.526648,GET,GET /api/v1/reservas,4.959346,200,success,
1789925048.609704,GET,GET /api/v1/reservas,7.550544,200,success,
1789925048.654159,GET,GET /api/v1/reservas,5.176746,200,success,
1789925048.686714,GET,GET /api/v1/reservas,7.177979,200,success,
1789925048.688140,GET,GET /api/v1/reservas,5.099479,200,success,
1789925048.690652,GET,GET /api/v1/reservas,5.994776,200,success,
1789925048.693567,GET,GET /api/v1/reservas,4.218583,200,success,
1789925048.708099,GET,GET /api/v1/reservas,4.257974,200,success,
1789925048.799815,GET,GET /api/v1/reservas,7.279033,200,success,
1789925048.894412,GET,GET /api/v1/reservas/{id},5.281055,200,success,
1789925048.897922,GET,GET /api/v1/reservas,4.869351,200,success,
1789925048.912846,GET,GET /api/v1/reservas,4.679393,200,success,
1789925048.951963,GET,GET /api/v1/reservas/{id},4.202180,200,success,
1789925048.952444,GET,GET /api/v1/reservas,6.281451,200,success,
1789925049.151624,GET,GET /api/v1/reservas,7.137778,200,success,
1789925049.191109,GET,GET /api/v1/reservas,5.160031,200,success,
1789925049.204026,GET,GET /api/v1/reservas,6.638421,200,success,
1789925049.208360,GET,GET /api/v1/reservas,5.044165,200,success,
1789925049.225229,GET,GET /api/v1/reservas,5.601961,200,success,
1789925049.263601,GET,GET /api/v1/reservas,5.117106,200,success,
1789925049.292165,GET,GET /api/v1/reservas/{id},4.354620,200,success,
1789925049.385519,GET,GET /api/v1/reservas,7.830879,200,success,
1789925049.485176,GET,GET /api/v1/reservas,6.231585,200,success,
1789925049.503850,GET,GET /api/v1/reservas,5.379704,200,success,
1789925049.551980,GET,GET /api/v1/reservas,5.795344,200,success,
1789925049.579708,GET,GET /api/v1/reservas/{id},4.526440,200,success,
1789925049.585114,GET,GET /api/v1/reservas/{id},3.252000,200,success,
1789925049.606071,GET,GET /api/v1/reservas,5.684165,200,success,
1789925049.660564,GET,GET /api/v1/reservas/{id},4.284854,200,success,
1789925049.684633,GET,GET /api/v1/reservas,5.829426,200,success,
1789925049.730468,GET,GET /api/v1/reservas,5.562040,200,success,
1789925049.733792,GET,GET /api/v1/reservas/{id},4.056599,200,success,
1789925049.905903,GET,GET /api/v1/reservas,6.525932,200,success,
1789925049.907514,GET,GET /api/v1/reservas,6.385678,200,success,
1789925049.913404,GET,GET /api/v1/reservas,5.697847,200,success,
1789925049.943468,GET,GET /api/v1/reservas,4.764261,200,success,
1789925050.012796,GET,GET /api/v1/reservas,5.910018,200,success,
1789925050.027641,GET,GET /api/v1/reservas,4.571388,200,success,
1789925050.065175,GET,GET /api/v1/reservas/{id},4.348452,200,success,
1789925050.090474,GET,GET /api/v1/reservas,5.951301,200,success,
1789925050.153944,GET,GET /api/v1/reservas,8.098294,200,success,
1789925050.201017,GET,GET /api/v1/reservas,6.662107,200,success,
1789925050.228432,GET,GET /api/v1/reservas,8.078495,200,success,
1789925050.238843,GET,GET /api/v1/reservas/{id},6.190082,200,success,
1789925050.257487,GET,GET /api/v1/reservas/{id},6.412480,200,success,
1789925050.308943,GET,GET /api/v1/reservas,7.065309,200,success,
1789925050.315631,GET,GET /api/v1/reservas,6.034046,200,success,
1789925050.316400,GET,GET /api/v1/reservas,7.235157,200,success,
1789925050.342679,GET,GET /api/v1/reservas/{id},11.890933,200,success,
1789925050.347672,GET,GET /api/v1/reservas,7.761925,200,success,
1789925050.369287,GET,GET /api/v1/reservas,10.107441,200,success,
1789925050.399729,GET,GET /api/v1/reservas,9.049796,200,success,
1789925050.419504,GET,GET /api/v1/reservas/{id},4.536316,200,success,
1789925050.473313,GET,GET /api/v1/reservas,6.541145,200,success,
1789925050.526240,GET,GET /api/v1/reservas,5.623212,200,success,
1789925050.529881,GET,GET /api/v1/reservas,5.574238,200,success,
1789925050.605693,GET,GET /api/v1/reservas/{id},4.472199,200,success,
1789925050.632964,GET,GET /api/v1/reservas,5.972913,200,success,
1789925050.726162,GET,GET /api/v1/reservas,6.074276,200,success,
1789925050.726579,GET,GET /api/v1/reservas,7.294046,200,success,
1789925050.743610,GET,GET /api/v1/reservas/{id},3.877876,200,success,
1789925050.775022,GET,GET /api/v1/reservas/{id},4.123681,200,success,
1789925050.777035,GET,GET /api/v1/reservas,5.692828,200,success,
1789925050.857208,GET,GET /api/v1/reservas,5.847923,200,success,
1789925050.871325,GET,GET /api/v1/reservas/{id},3.938780,200,success,
1789925050.933815,GET,GET /api/v1/reservas,6.174419,200,success,
1789925050.998649,GET,GET /api/v1/reservas,6.430507,200,success,
1789925051.059045,GET,GET /api/v1/reservas/{id},5.387115,200,success,
1789925051.256052,GET,GET /api/v1/reservas,8.390727,200,success,
1789925051.369652,GET,GET /api/v1/reservas,9.045420,200,success,
1789925051.399138,GET,GET /api/v1/reservas,8.112135,200,success,
1789925051.405666,GET,GET /api/v1/reservas,5.200533,200,success,
1789925051.542251,GET,GET /api/v1/reservas,7.141113,200,success,
1789925051.556683,GET,GET /api/v1/reservas,5.184688,200,success,
1789925051.563979,GET,GET /api/v1/reservas,4.075407,200,success,
1789925051.582542,GET,GET /api/v1/reservas,5.302506,200,success,
1789925051.597198,GET,GET /api/v1/reservas/{id},3.488117,200,success,
1789925051.614958,GET,GET /api/v1/reservas,5.514969,200,success,
1789925051.667332,GET,GET /api/v1/reservas/{id},4.164902,200,success,
1789925051.709745,GET,GET /api/v1/reservas,6.140366,200,success,
1789925051.785090,GET,GET /api/v1/reservas,5.869196,200,success,
1789925051.791123,GET,GET /api/v1/reservas/{id},3.863475,200,success,
1789925051.840712,GET,GET /api/v1/reservas,5.317149,200,success,
1789925051.865931,GET,GET /api/v1/reservas,5.932773,200,success,
1789925051.921707,GET,GET /api/v1/reservas/{id},4.559381,200,success,
1789925051.943839,GET,GET /api/v1/reservas,5.876057,200,success,
1789925051.954131,GET,GET /api/v1/reservas,6.000684,200,success,
1789925051.956293,GET,GET /api/v1/reservas,4.643027,200,success,
1789925052.014031,GET,GET /api/v1/reservas,6.413631,200,success,
1789925052.045567,GET,GET /api/v1/reservas/{id},3.931007,200,success,
1789925052.100888,GET,GET /api/v1/reservas,6.377306,200,success,
1789925052.139277,GET,GET /api/v1/reservas,6.078402,200,success,
1789925052.140409,GET,GET /api/v1/reservas,5.484013,200,success,
1789925052.143282,GET,GET /api/v1/reservas,4.872765,200,success,
1789925052.199015,GET,GET /api/v1/reservas,6.367441,200,success,
1789925052.315403,GET,GET /api/v1/reservas,6.004851,200,success,
1789925052.361184,GET,GET /api/v1/reservas/{id},4.459879,200,success,
1789925052.396070,GET,GET /api/v1/reservas,5.567028,200,success,
1789925052.527019,GET,GET /api/v1/reservas,7.527970,200,success,
1789925052.596205,GET,GET /api/v1/reservas,6.777032,200,success,
1789925052.613306,GET,GET /api/v1/reservas/{id},3.922125,200,success,
1789925052.626815,GET,GET /api/v1/reservas,5.276508,200,success,
1789925052.684515,GET,GET /api/v1/reservas,5.393665,200,success,
1789925052.740299,GET,GET /api/v1/reservas,6.481503,200,success,
1789925052.785017,GET,GET /api/v1/reservas,5.274504,200,success,
1789925052.814929,GET,GET /api/v1/reservas,6.599813,200,success,
1789925052.824050,GET,GET /api/v1/reservas,4.887990,200,success,
1789925052.832036,GET,GET /api/v1/reservas/{id},3.823305,200,success,
1789925052.842586,GET,GET /api/v1/reservas,4.311205,200,success,
1789925052.883882,GET,GET /api/v1/reservas,6.018933,200,success,
1789925052.897508,GET,GET /api/v1/reservas,5.225811,200,success,
1789925052.908707,GET,GET /api/v1/reservas/{id},5.986503,200,success,
1789925052.920739,GET,GET /api/v1/reservas,6.703380,200,success,
1789925053.056969,GET,GET /api/v1/reservas/{id},7.205812,200,success,
1789925053.065892,GET,GET /api/v1/reservas,9.976091,200,success,
1789925053.091793,GET,GET /api/v1/reservas,7.566027,200,success,
1789925053.108815,GET,GET /api/v1/reservas/{id},5.783567,200,success,
1789925053.156172,GET,GET /api/v1/reservas,7.951782,200,success,
1789925053.157929,GET,GET /api/v1/reservas,6.795640,200,success,
1789925053.286068,GET,GET /api/v1/reservas/{id},4.824292,200,success,
1789925053.325446,GET,GET /api/v1/reservas,19.029643,200,success,
1789925053.339406,GET,GET /api/v1/reservas,5.649452,200,success,
1789925053.346726,GET,GET /api/v1/reservas/{id},4.165064,200,success,
1789925053.349530,GET,GET /api/v1/reservas/{id},3.371580,200,success,
1789925053.463291,GET,GET /api/v1/reservas,7.282188,200,success,
1789925053.467099,GET,GET /api/v1/reservas,5.254785,200,success,
1789925053.486791,GET,GET /api/v1/reservas/{id},3.522129,200,success,
1789925053.511828,GET,GET /api/v1/reservas/{id},3.868784,200,success,
1789925053.623427,GET,GET /api/v1/reservas/{id},7.200544,200,success,
1789925053.630597,GET,GET /api/v1/reservas/{id},3.991739,200,success,
1789925053.748314,GET,GET /api/v1/reservas/{id},5.426265,200,success,
1789925053.768058,GET,GET /api/v1/reservas,6.315101,200,success,
1789925053.768814,GET,GET /api/v1/reservas/{id},3.533637,200,success,
1789925053.826734,GET,GET /api/v1/reservas,6.604220,200,success,
1789925053.852870,GET,GET /api/v1/reservas,4.855730,200,success,
1789925054.042795,GET,GET /api/v1/reservas,8.310967,200,success,
1789925054.052703,GET,GET /api/v1/reservas,6.570759,200,success,
1789925054.065625,GET,GET /api/v1/reservas,6.782130,200,success,
1789925054.094027,GET,GET /api/v1/reservas/{id},7.077117,200,success,
1789925054.110583,GET,GET /api/v1/reservas/{id},5.269637,200,success,
1789925054.215624,GET,GET /api/v1/reservas/{id},6.597880,200,success,
1789925054.248461,GET,GET /api/v1/reservas,6.474552,200,success,
1789925054.380780,GET,GET /api/v1/reservas,7.737408,200,success,
1789925054.398026,GET,GET /api/v1/reservas,8.452070,200,success,
1789925054.408108,GET,GET /api/v1/reservas,8.720577,200,success,
1789925054.422522,GET,GET /api/v1/reservas,5.101503,200,success,
1789925054.461831,GET,GET /api/v1/reservas,6.009178,200,success,
1789925054.465191,GET,GET /api/v1/reservas,4.289190,200,success,
1789925054.484748,GET,GET /api/v1/reservas,5.332271,200,success,
1789925054.523193,GET,GET /api/v1/reservas,5.185520,200,success,
1789925054.553636,GET,GET /api/v1/reservas/{id},4.256872,200,success,
1789925054.672081,GET,GET /api/v1/reservas,8.913431,200,success,
1789925054.720075,GET,GET /api/v1/reservas,6.671533,200,success,
1789925054.738527,GET,GET /api/v1/reservas,8.991839,200,success,
1789925054.782279,GET,GET /api/v1/reservas/{id},6.389844,200,success,
1789925054.801410,GET,GET /api/v1/reservas,10.545964,200,success,
1789925054.858408,GET,GET /api/v1/reservas/{id},5.706470,200,success,
1789925054.890167,GET,GET /api/v1/reservas,12.321325,200,success,
1789925055.024942,GET,GET /api/v1/reservas/{id},5.238971,200,success,
1789925055.170962,GET,GET /api/v1/reservas,6.986620,200,success,
1789925055.194448,GET,GET /api/v1/reservas,5.138998,200,success,
1789925055.200446,GET,GET /api/v1/reservas/{id},3.856044,200,success,
1789925055.235050,GET,GET /api/v1/reservas,10.277197,200,success,
1789925055.286000,GET,GET /api/v1/reservas,6.596940,200,success,
1789925055.298857,GET,GET /api/v1/reservas/{id},4.659903,200,success,
1789925055.396182,GET,GET /api/v1/reservas,6.788067,200,success,
1789925055.397146,GET,GET /api/v1/reservas,6.050861,200,success,
1789925055.447666,GET,GET /api/v1/reservas,5.182726,200,success,
1789925055.497427,GET,GET /api/v1/reservas,6.468935,200,success,
1789925055.646786,GET,GET /api/v1/reservas/{id},4.903521,200,success,
1789925055.654427,GET,GET /api/v1/reservas,5.356168,200,success,
1789925055.689541,GET,GET /api/v1/reservas/{id},3.912850,200,success,
1789925055.707596,GET,GET /api/v1/reservas,5.790306,200,success,
1789925055.793164,GET,GET /api/v1/reservas,6.141078,200,success,
1789925055.805916,GET,GET /api/v1/reservas,6.462375,200,success,
1789925055.809373,GET,GET /api/v1/reservas/{id},4.376152,200,success,
1789925055.819180,GET,GET /api/v1/reservas,4.526990,200,success,
1789925055.840925,GET,GET /api/v1/reservas,5.506726,200,success,
1789925055.847185,GET,GET /api/v1/reservas,4.011650,200,success,
1789925055.880570,GET,GET /api/v1/reservas,6.101518,200,success,
1789925055.892882,GET,GET /api/v1/reservas,5.069944,200,success,
1789925055.919825,GET,GET /api/v1/reservas/{id},4.391346,200,success,
1789925055.921293,GET,GET /api/v1/reservas,6.146988,200,success,
1789925055.933787,GET,GET /api/v1/reservas,5.231369,200,success,
1789925055.937936,GET,GET /api/v1/reservas,4.840126,200,success,
1789925055.951428,GET,GET /api/v1/reservas,5.228215,200,success,
1789925055.991284,GET,GET /api/v1/reservas,5.441918,200,success,
1789925056.000576,GET,GET /api/v1/reservas/{id},4.097991,200,success,
1789925056.043342,GET,GET /api/v1/reservas,6.446220,200,success,
1789925056.226315,GET,GET /api/v1/reservas/{id},4.907969,200,success,
1789925056.263030,GET,GET /api/v1/reservas,6.374632,200,success,
1789925056.288111,GET,GET /api/v1/reservas/{id},3.890857,200,success,
1789925056.300478,GET,GET /api/v1/reservas,6.077621,200,success,
1789925056.318820,GET,GET /api/v1/reservas,5.072669,200,success,
1789925056.323241,GET,GET /api/v1/reservas,5.095693,200,success,
1789925056.385223,GET,GET /api/v1/reservas/{id},5.641951,200,success,
1789925056.481360,GET,GET /api/v1/reservas/{id},5.851559,200,success,
1789925056.516595,GET,GET /api/v1/reservas,5.890708,200,success,
1789925056.544241,GET,GET /api/v1/reservas,6.341452,200,success,
1789925056.555084,GET,GET /api/v1/reservas,4.561784,200,success,
1789925056.627245,GET,GET /api/v1/reservas,6.710792,200,success,
1789925056.734921,GET,GET /api/v1/reservas,6.278236,200,success,
1789925056.871166,GET,GET /api/v1/reservas,9.653671,200,success,
1789925056.876511,GET,GET /api/v1/reservas,6.260349,200,success,
1789925056.895079,GET,GET /api/v1/reservas/{id},5.349568,200,success,
1789925057.017822,GET,GET /api/v1/reservas,7.188497,200,success,
1789925057.029159,GET,GET /api/v1/reservas,5.997901,200,success,
1789925057.078324,GET,GET /api/v1/reservas/{id},5.939103,200,success,
1789925057.136807,GET,GET /api/v1/reservas,8.071824,200,success,
1789925057.150871,GET,GET /api/v1/reservas/{id},4.790070,200,success,
1789925057.184452,GET,GET /api/v1/reservas,7.107192,200,success,
1789925057.230484,GET,GET /api/v1/reservas/{id},4.787287,200,success,
1789925057.318026,GET,GET /api/v1/reservas,7.167333,200,success,
1789925057.351123,GET,GET /api/v1/reservas,6.770212,200,success,
1789925057.414295,GET,GET /api/v1/reservas,6.745684,200,success,
1789925057.489502,GET,GET /api/v1/reservas,6.845315,200,success,
1789925057.514875,GET,GET /api/v1/reservas/{id},4.181037,200,success,
1789925057.576941,GET,GET /api/v1/reservas,6.757101,200,success,
1789925057.591973,GET,GET /api/v1/reservas,5.720070,200,success,
1789925057.617117,GET,GET /api/v1/reservas,6.747276,200,success,
1789925057.647815,GET,GET /api/v1/reservas,7.402370,200,success,
1789925057.686177,GET,GET /api/v1/reservas,8.013827,200,success,
1789925057.705250,GET,GET /api/v1/reservas,9.760615,200,success,
1789925057.712120,GET,GET /api/v1/reservas,10.258558,200,success,
1789925057.713022,GET,GET /api/v1/reservas,6.458519,200,success,
1789925057.754259,GET,GET /api/v1/reservas,8.032083,200,success,
1789925057.754479,GET,GET /api/v1/reservas,12.166831,200,success,
1789925057.915749,GET,GET /api/v1/reservas,8.071404,200,success,
1789925057.916282,GET,GET /api/v1/reservas,9.254147,200,success,
1789925058.005100,GET,GET /api/v1/reservas,6.258205,200,success,
1789925058.018974,GET,GET /api/v1/reservas,5.581829,200,success,
1789925058.043844,GET,GET /api/v1/reservas,5.250868,200,success,
1789925058.046472,GET,GET /api/v1/reservas,6.365728,200,success,
1789925058.056717,GET,GET /api/v1/reservas,5.007139,200,success,
1789925058.072261,GET,GET /api/v1/reservas,5.703154,200,success,
1789925058.159589,GET,GET /api/v1/reservas/{id},5.060871,200,success,
1789925058.172443,GET,GET /api/v1/reservas/{id},3.333142,200,success,
1789925058.174979,GET,GET /api/v1/reservas,6.108459,200,success,
1789925058.253563,GET,GET /api/v1/reservas,6.213417,200,success,
1789925058.256663,GET,GET /api/v1/reservas,5.531784,200,success,
1789925058.278431,GET,GET /api/v1/reservas/{id},3.594798,200,success,
1789925058.340329,GET,GET /api/v1/reservas,6.580624,200,success,
1789925058.422880,GET,GET /api/v1/reservas,7.088604,200,success,
1789925058.423353,GET,GET /api/v1/reservas,5.817718,200,success,
1789925058.430160,GET,GET /api/v1/reservas,4.596917,200,success,
1789925058.459449,GET,GET /api/v1/reservas/{id},4.116119,200,success,
1789925058.501241,GET,GET /api/v1/reservas,6.456095,200,success,
1789925058.504182,GET,GET /api/v1/reservas,5.727079,200,success,
1789925058.535422,GET,GET /api/v1/reservas,4.952076,200,success,
1789925058.629759,GET,GET /api/v1/reservas/{id},4.963112,200,success,
1789925058.705207,GET,GET /api/v1/reservas/{id},5.210096,200,success,
1789925058.730743,GET,GET /api/v1/reservas,5.253101,200,success,
1789925058.871569,GET,GET /api/v1/reservas,7.330641,200,success,
1789925058.890567,GET,GET /api/v1/reservas,5.670415,200,success,
1789925058.961768,GET,GET /api/v1/reservas,6.836451,200,success,
1789925058.981139,GET,GET /api/v1/reservas,5.075953,200,success,
1789925059.053536,GET,GET /api/v1/reservas,7.038008,200,success,
1789925059.139522,GET,GET /api/v1/reservas,5.991662,200,success,
1789925059.239206,GET,GET /api/v1/reservas,7.209567,200,success,
1789925059.241576,GET,GET /api/v1/reservas,5.794674,200,success,
1789925059.246683,GET,GET /api/v1/reservas/{id},3.960222,200,success,
1789925059.253271,GET,GET /api/v1/reservas,4.328009,200,success,
1789925059.269711,GET,GET /api/v1/reservas/{id},3.273963,200,success,
1789925059.298563,GET,GET /api/v1/reservas,6.543699,200,success,
1789925059.299276,GET,GET /api/v1/reservas/{id},3.728661,200,success,
1789925059.323124,GET,GET /api/v1/reservas,6.554965,200,success,
1789925059.356260,GET,GET /api/v1/reservas/{id},3.944979,200,success,
1789925059.422810,GET,GET /api/v1/reservas,9.097008,200,success,
1789925059.423164,GET,GET /api/v1/reservas/{id},5.794592,200,success,
1789925059.430345,GET,GET /api/v1/reservas/{id},4.034515,200,success,
1789925059.447304,GET,GET /api/v1/reservas,4.686623,200,success,
1789925059.471407,GET,GET /api/v1/reservas/{id},3.923467,200,success,
1789925059.492928,GET,GET /api/v1/reservas,6.265637,200,success,
1789925059.498636,GET,GET /api/v1/reservas,6.350595,200,success,
1789925059.520850,GET,GET /api/v1/reservas/{id},4.020124,200,success,
1789925059.546959,GET,GET /api/v1/reservas,4.830291,200,success,
1789925059.621351,GET,GET /api/v1/reservas,6.930654,200,success,
1789925059.763978,GET,GET /api/v1/reservas,6.196302,200,success,
1789925059.856808,GET,GET /api/v1/reservas/{id},5.457762,200,success,
1789925059.877367,GET,GET /api/v1/reservas,5.248566,200,success,
1789925059.900031,GET,GET /api/v1/reservas/{id},4.449714,200,success,
1789925060.039590,GET,GET /api/v1/reservas,6.047096,200,success,
1789925060.052820,GET,GET /api/v1/reservas,5.211389,200,success,
1789925060.053553,GET,GET /api/v1/reservas,6.316324,200,success,
1789925060.108311,GET,GET /api/v1/reservas,6.834219,200,success,
1789925060.128291,GET,GET /api/v1/reservas,5.730445,200,success,
1789925060.274467,GET,GET /api/v1/reservas,7.654232,200,success,
1789925060.324930,GET,GET /api/v1/reservas,6.164484,200,success,
1789925060.333865,GET,GET /api/v1/reservas,4.675096,200,success,
1789925060.347097,GET,GET /api/v1/reservas,5.954415,200,success,
1789925060.352765,GET,GET /api/v1/reservas,4.411776,200,success,
1789925060.379903,GET,GET /api/v1/reservas,7.783027,200,success,
1789925060.399246,GET,GET /api/v1/reservas,5.913923,200,success,
1789925060.465422,GET,GET /api/v1/reservas,9.754846,200,success,
1789925060.481179,GET,GET /api/v1/reservas/{id},6.534413,200,success,
1789925060.492696,GET,GET /api/v1/reservas,7.181276,200,success,
1789925060.504439,GET,GET /api/v1/reservas/{id},5.583213,200,success,
1789925060.573663,GET,GET /api/v1/reservas,8.775741,200,success,
1789925060.615337,GET,GET /api/v1/reservas,11.081777,200,success,
1789925060.652745,GET,GET /api/v1/reservas/{id},7.125560,200,success,
1789925060.694555,GET,GET /api/v1/reservas,7.467787,200,success,
1789925060.801491,GET,GET /api/v1/reservas,6.354902,200,success,
1789925060.858295,GET,GET /api/v1/reservas,9.106192,200,success,
1789925060.906885,GET,GET /api/v1/reservas,6.295993,200,success,
1789925060.921103,GET,GET /api/v1/reservas,5.911439,200,success,
1789925060.943859,GET,GET /api/v1/reservas,4.506792,200,success,
1789925061.009704,GET,GET /api/v1/reservas,7.402770,200,success,
1789925061.010873,GET,GET /api/v1/reservas,5.914795,200,success,
1789925061.014921,GET,GET /api/v1/reservas,4.994359,200,success,
1789925061.022000,GET,GET /api/v1/reservas,4.854688,200,success,
1789925061.033710,GET,GET /api/v1/reservas/{id},3.551042,200,success,
1789925061.062123,GET,GET /api/v1/reservas,6.099946,200,success,
1789925061.065713,GET,GET /api/v1/reservas,5.080450,200,success,
1789925061.073702,GET,GET /api/v1/reservas,4.644279,200,success,
1789925061.111816,GET,GET /api/v1/reservas,7.865200,200,success,
1789925061.145759,GET,GET /api/v1/reservas/{id},4.718812,200,success,
1789925061.161883,GET,GET /api/v1/reservas,4.852936,200,success,
1789925061.222111,GET,GET /api/v1/reservas,6.797743,200,success,
1789925061.250513,GET,GET /api/v1/reservas,5.098258,200,success,
1789925061.275793,GET,GET /api/v1/reservas/{id},4.103740,200,success,
1789925061.287325,GET,GET /api/v1/reservas/{id},3.372892,200,success,
1789925061.373806,GET,GET /api/v1/reservas,6.142170,200,success,
1789925061.384787,GET,GET /api/v1/reservas,5.695442,200,success,
1789925061.405683,GET,GET /api/v1/reservas,7.483783,200,success,
1789925061.406086,GET,GET /api/v1/reservas,7.586118,200,success,
1789925061.464604,GET,GET /api/v1/reservas,9.201226,200,success,
1789925061.549337,GET,GET /api/v1/reservas,5.592556,200,success,
1789925061.549740,GET,GET /api/v1/reservas,6.839257,200,success,
1789925061.556951,GET,GET /api/v1/reservas,5.016854,200,success,
1789925061.676299,GET,GET /api/v1/reservas,5.862415,200,success,
1789925061.714998,GET,GET /api/v1/reservas,6.363145,200,success,
1789925061.767693,GET,GET /api/v1/reservas,5.418322,200,success,
1789925061.806900,GET,GET /api/v1/reservas,6.797242,200,success,
1789925061.865919,GET,GET /api/v1/reservas,5.695102,200,success,
1789925061.871836,GET,GET /api/v1/reservas/{id},3.749513,200,success,
1789925061.954866,GET,GET /api/v1/reservas,6.684072,200,success,
1789925062.038434,GET,GET /api/v1/reservas,7.100202,200,success,
1789925062.077615,GET,GET /api/v1/reservas,5.851689,200,success,
1789925062.083842,GET,GET /api/v1/reservas,4.998246,200,success,
1789925062.138607,GET,GET /api/v1/reservas,5.426855,200,success,
1789925062.203544,GET,GET /api/v1/reservas,7.485786,200,success,
1789925062.228159,GET,GET /api/v1/reservas,6.306378,200,success,
1789925062.245274,GET,GET /api/v1/reservas,4.862580,200,success,
1789925062.361357,GET,GET /api/v1/reservas,6.756490,200,success,
1789925062.426639,GET,GET /api/v1/reservas,5.821803,200,success,
1789925062.453855,GET,GET /api/v1/reservas,5.957570,200,success,
1789925062.497609,GET,GET /api/v1/reservas,5.432042,200,success,
1789925062.596344,GET,GET /api/v1/reservas,6.337204,200,success,
1789925062.609818,GET,GET /api/v1/reservas/{id},4.278575,200,success,
1789925062.718256,GET,GET /api/v1/reservas,7.019310,200,success,
1789925062.736164,GET,GET /api/v1/reservas,5.617805,200,success,
1789925062.774138,GET,GET /api/v1/reservas,5.656903,200,success,
1789925062.784199,GET,GET /api/v1/reservas/{id},3.884297,200,success,
1789925062.789876,GET,GET /api/v1/reservas,6.268782,200,success,
1789925062.793812,GET,GET /api/v1/reservas,6.137633,200,success,
1789925062.803728,GET,GET /api/v1/reservas,5.625967,200,success,
1789925062.849886,GET,GET /api/v1/reservas/{id},4.956924,200,success,
1789925062.919273,GET,GET /api/v1/reservas,6.046955,200,success,
1789925063.041108,GET,GET /api/v1/reservas,6.972207,200,success,
1789925063.059046,GET,GET /api/v1/reservas/{id},3.731075,200,success,
1789925063.105799,GET,GET /api/v1/reservas/{id},4.746024,200,success,
1789925063.133366,GET,GET /api/v1/reservas,6.270675,200,success,
1789925063.219918,GET,GET /api/v1/reservas,8.099016,200,success,
1789925063.234172,GET,GET /api/v1/reservas,7.929298,200,success,
1789925063.234668,GET,GET /api/v1/reservas,6.818224,200,success,
1789925063.254404,GET,GET /api/v1/reservas/{id},7.542442,200,success,
1789925063.281861,GET,GET /api/v1/reservas,7.332844,200,success,
1789925063.282539,GET,GET /api/v1/reservas,14.843318,200,success,
1789925063.385370,GET,GET /api/v1/reservas,8.331448,200,success,
1789925063.400679,GET,GET /api/v1/reservas/{id},9.060212,200,success,
1789925063.430130,GET,GET /api/v1/reservas,14.774654,200,success,
1789925063.438498,GET,GET /api/v1/reservas,13.892737,200,success,
1789925063.458019,GET,GET /api/v1/reservas,12.835986,200,success,
1789925063.503352,GET,GET /api/v1/reservas/{id},6.054646,200,success,
1789925063.512781,GET,GET /api/v1/reservas,6.123962,200,success,
1789925063.532606,GET,GET /api/v1/reservas,6.558932,200,success,
1789925063.568599,GET,GET /api/v1/reservas,6.605381,200,success,
1789925063.571457,GET,GET /api/v1/reservas,5.338272,200,success,
1789925063.572106,GET,GET /api/v1/reservas,6.512721,200,success,
1789925063.610296,GET,GET /api/v1/reservas,6.736530,200,success,
1789925063.616660,GET,GET /api/v1/reservas,7.229377,200,success,
1789925063.616979,GET,GET /api/v1/reservas/{id},4.204132,200,success,
1789925063.739496,GET,GET /api/v1/reservas,7.213724,200,success,
1789925063.781763,GET,GET /api/v1/reservas/{id},4.070058,200,success,
1789925063.795958,GET,GET /api/v1/reservas,5.913883,200,success,
1789925063.811960,GET,GET /api/v1/reservas,4.727847,200,success,
1789925063.870559,GET,GET /api/v1/reservas,5.259111,200,success,
1789925063.967664,GET,GET /api/v1/reservas,6.749319,200,success,
1789925064.013728,GET,GET /api/v1/reservas,9.554992,200,success,
1789925064.047489,GET,GET /api/v1/reservas,6.409946,200,success,
1789925064.100044,GET,GET /api/v1/reservas,5.583253,200,success,
1789925064.131663,GET,GET /api/v1/reservas,6.341382,200,success,
1789925064.157048,GET,GET /api/v1/reservas,5.091968,200,success,
1789925064.173159,GET,GET /api/v1/reservas/{id},3.939230,200,success,
1789925064.205719,GET,GET /api/v1/reservas,5.146670,200,success,
1789925064.271699,GET,GET /api/v1/reservas,9.608893,200,success,
1789925064.307705,GET,GET /api/v1/reservas,7.687341,200,success,
1789925064.346088,GET,GET /api/v1/reservas,7.985374,200,success,
1789925064.373427,GET,GET /api/v1/reservas/{id},6.048508,200,success,
1789925064.448590,GET,GET /api/v1/reservas,10.629050,200,success,
1789925064.460835,GET,GET /api/v1/reservas,7.666209,200,success,
1789925064.506441,GET,GET /api/v1/reservas,9.217391,200,success,
1789925064.569391,GET,GET /api/v1/reservas,7.176958,200,success,
1789925064.598832,GET,GET /api/v1/reservas/{id},4.240728,200,success,
1789925064.669059,GET,GET /api/v1/reservas,6.869432,200,success,
1789925064.849772,GET,GET /api/v1/reservas,7.108915,200,success,
1789925064.913969,GET,GET /api/v1/reservas,7.836037,200,success,
1789925064.945548,GET,GET /api/v1/reservas,5.237899,200,success,
1789925065.027484,GET,GET /api/v1/reservas,9.394920,200,success,
1789925065.028555,GET,GET /api/v1/reservas,6.459250,200,success,
1789925065.035536,GET,GET /api/v1/reservas,5.728253,200,success,
1789925065.067754,GET,GET /api/v1/reservas,6.924496,200,success,
1789925065.095979,GET,GET /api/v1/reservas/{id},8.221781,200,success,
1789925065.098361,GET,GET /api/v1/reservas,9.960767,200,success,
1789925065.115553,GET,GET /api/v1/reservas/{id},4.980950,200,success,
1789925065.174929,GET,GET /api/v1/reservas,7.988719,200,success,
1789925065.287609,GET,GET /api/v1/reservas,6.994382,200,success,
1789925065.288067,GET,GET /api/v1/reservas,5.751127,200,success,
1789925065.322301,GET,GET /api/v1/reservas,5.934445,200,success,
1789925065.365633,GET,GET /api/v1/reservas/{id},5.112729,200,success,
1789925065.378001,GET,GET /api/v1/reservas,5.058426,200,success,
1789925065.406319,GET,GET /api/v1/reservas,9.986267,200,success,
1789925065.406773,GET,GET /api/v1/reservas,8.134910,200,success,
1789925065.422431,GET,GET /api/v1/reservas,6.349084,200,success,
1789925065.546238,GET,GET /api/v1/reservas,7.421780,200,success,
1789925065.551855,GET,GET /api/v1/reservas,5.446475,200,success,
1789925065.572581,GET,GET /api/v1/reservas,5.449510,200,success,
1789925065.722465,GET,GET /api/v1/reservas,6.369875,200,success,
1789925065.765396,GET,GET /api/v1/reservas,6.585361,200,success,
1789925065.897238,GET,GET /api/v1/reservas,6.392759,200,success,
1789925065.923853,GET,GET /api/v1/reservas,6.306698,200,success,
1789925065.929362,GET,GET /api/v1/reservas,4.267939,200,success,
1789925065.936784,GET,GET /api/v1/reservas,5.197859,200,success,
1789925065.953678,GET,GET /api/v1/reservas,4.621805,200,success,
1789925065.977838,GET,GET /api/v1/reservas,4.907758,200,success,
1789925066.047296,GET,GET /api/v1/reservas/{id},5.103996,200,success,
1789925066.086453,GET,GET /api/v1/reservas,6.172506,200,success,
1789925066.116962,GET,GET /api/v1/reservas,7.210189,200,success,
1789925066.171143,GET,GET /api/v1/reservas,6.863793,200,success,
1789925066.203450,GET,GET /api/v1/reservas,5.973083,200,success,
1789925066.229602,GET,GET /api/v1/reservas,4.891965,200,success,
1789925066.247802,GET,GET /api/v1/reservas/{id},4.028677,200,success,
1789925066.268720,GET,GET /api/v1/reservas,4.670830,200,success,
1789925066.308334,GET,GET /api/v1/reservas,6.315783,200,success,
1789925066.319072,GET,GET /api/v1/reservas/{id},3.556461,200,success,
1789925066.327760,GET,GET /api/v1/reservas/{id},3.528228,200,success,
1789925066.404678,GET,GET /api/v1/reservas/{id},4.674414,200,success,
1789925066.439708,GET,GET /api/v1/reservas/{id},4.810511,200,success,
1789925066.532168,GET,GET /api/v1/reservas/{id},5.185710,200,success,
1789925066.557210,GET,GET /api/v1/reservas,5.725227,200,success,
1789925066.574168,GET,GET /api/v1/reservas,5.665828,200,success,
1789925066.724092,GET,GET /api/v1/reservas,7.368208,200,success,
1789925066.733819,GET,GET /api/v1/reservas,5.424653,200,success,
1789925066.734524,GET,GET /api/v1/reservas,5.839931,200,success,
1789925066.840909,GET,GET /api/v1/reservas,6.941200,200,success,
1789925066.921007,GET,GET /api/v1/reservas/{id},4.825675,200,success,
1789925066.942812,GET,GET /api/v1/reservas/{id},6.595606,200,success,
1789925067.012346,GET,GET /api/v1/reservas,6.075207,200,success,
1789925067.031826,GET,GET /api/v1/reservas,6.175750,200,success,
1789925067.035926,GET,GET /api/v1/reservas,4.745603,200,success,
1789925067.068861,GET,GET /api/v1/reservas/{id},3.748451,200,success,
1789925067.090835,GET,GET /api/v1/reservas,6.074967,200,success,
1789925067.125216,GET,GET /api/v1/reservas/{id},4.160666,200,success,
1789925067.219308,GET,GET /api/v1/reservas,9.641033,200,success,
1789925067.234057,GET,GET /api/v1/reservas/{id},6.492391,200,success,
1789925067.285293,GET,GET /api/v1/reservas/{id},7.974677,200,success,
1789925067.291276,GET,GET /api/v1/reservas/{id},4.781978,200,success,
1789925067.408100,GET,GET /api/v1/reservas/{id},6.500984,200,success,
1789925067.443095,GET,GET /api/v1/reservas,8.115420,200,success,
1789925067.446297,GET,GET /api/v1/reservas,7.944992,200,success,
1789925067.447241,GET,GET /api/v1/reservas,8.366200,200,success,
1789925067.479175,GET,GET /api/v1/reservas,6.653615,200,success,
1789925067.512613,GET,GET /api/v1/reservas,8.150223,200,success,
1789925067.523473,GET,GET /api/v1/reservas,4.613103,200,success,
1789925067.613033,GET,GET /api/v1/reservas,7.173202,200,success,
1789925067.660288,GET,GET /api/v1/reservas,5.984230,200,success,
1789925067.679518,GET,GET /api/v1/reservas/{id},4.049608,200,success,
1789925067.772970,GET,GET /api/v1/reservas,8.072827,200,success,
1789925067.820905,GET,GET /api/v1/reservas,5.485544,200,success,
1789925067.948298,GET,GET /api/v1/reservas/{id},5.078127,200,success,
1789925067.955171,GET,GET /api/v1/reservas,5.476912,200,success,
1789925067.975868,GET,GET /api/v1/reservas/{id},4.494952,200,success,
1789925068.002923,GET,GET /api/v1/reservas,10.605885,200,success,
1789925068.008437,GET,GET /api/v1/reservas,7.994277,200,success,
1789925068.065018,GET,GET /api/v1/reservas/{id},5.513517,200,success,
1789925068.112606,GET,GET /api/v1/reservas/{id},5.688422,200,success,
1789925068.194709,GET,GET /api/v1/reservas/{id},6.814969,200,success,
1789925068.228527,GET,GET /api/v1/reservas/{id},8.454884,200,success,
1789925068.244628,GET,GET /api/v1/reservas,11.688205,200,success,
1789925068.276748,GET,GET /api/v1/reservas/{id},6.871685,200,success,
1789925068.472363,GET,GET /api/v1/reservas,7.040350,200,success,
1789925068.507797,GET,GET /api/v1/reservas,5.147052,200,success,
1789925068.562788,GET,GET /api/v1/reservas,6.675348,200,success,
1789925068.565107,GET,GET /api/v1/reservas,5.302186,200,success,
1789925068.576042,GET,GET /api/v1/reservas/{id},3.761911,200,success,
1789925068.606594,GET,GET /api/v1/reservas,5.268094,200,success,
1789925068.640079,GET,GET /api/v1/reservas,6.101758,200,success,
1789925068.648604,GET,GET /api/v1/reservas,5.277278,200,success,
1789925068.650257,GET,GET /api/v1/reservas,4.421181,200,success,
1789925068.659660,GET,GET /api/v1/reservas,4.199325,200,success,
1789925068.782231,GET,GET /api/v1/reservas/{id},5.300694,200,success,
1789925068.848705,GET,GET /api/v1/reservas,6.013354,200,success,
1789925068.879146,GET,GET /api/v1/reservas,6.165024,200,success,
1789925068.903920,GET,GET /api/v1/reservas,5.615983,200,success,
1789925068.904387,GET,GET /api/v1/reservas,6.967360,200,success,
1789925069.007451,GET,GET /api/v1/reservas,9.670196,200,success,
1789925069.080775,GET,GET /api/v1/reservas,10.801421,200,success,
1789925069.092955,GET,GET /api/v1/reservas,5.907614,200,success,
1789925069.129045,GET,GET /api/v1/reservas/{id},4.828477,200,success,
1789925069.211818,GET,GET /api/v1/reservas,7.415639,200,success,
1789925069.297698,GET,GET /api/v1/reservas,5.770005,200,success,
1789925069.298146,GET,GET /api/v1/reservas,8.051954,200,success,
1789925069.320350,GET,GET /api/v1/reservas,4.941500,200,success,
1789925069.339135,GET,GET /api/v1/reservas,5.514318,200,success,
1789925069.388367,GET,GET /api/v1/reservas,5.943439,200,success,
1789925069.440101,GET,GET /api/v1/reservas,6.304335,200,success,
1789925069.511921,GET,GET /api/v1/reservas,7.398613,200,success,
1789925069.512401,GET,GET /api/v1/reservas,7.550423,200,success,
1789925069.691530,GET,GET /api/v1/reservas/{id},5.694170,200,success,
1789925069.693798,GET,GET /api/v1/reservas,6.078913,200,success,
1789925069.772056,GET,GET /api/v1/reservas,5.901925,200,success,
1789925069.840599,GET,GET /api/v1/reservas/{id},6.160887,200,success,
1789925069.843874,GET,GET /api/v1/reservas,6.436425,200,success,
1789925069.897378,GET,GET /api/v1/reservas,6.154067,200,success,
1789925069.920412,GET,GET /api/v1/reservas,6.694888,200,success,
1789925069.944719,GET,GET /api/v1/reservas,4.985317,200,success,
1789925069.991888,GET,GET /api/v1/reservas,6.852957,200,success,
1789925069.999346,GET,GET /api/v1/reservas,5.167121,200,success,
1789925070.002500,GET,GET /api/v1/reservas,5.712748,200,success,
1789925070.006031,GET,GET /api/v1/reservas,5.392633,200,success,
1789925070.120813,GET,GET /api/v1/reservas,8.255063,200,success,
1789925070.142005,GET,GET /api/v1/reservas,6.828941,200,success,
1789925070.153083,GET,GET /api/v1/reservas/{id},4.880947,200,success,
1789925070.154014,GET,GET /api/v1/reservas,5.274904,200,success,
1789925070.160700,GET,GET /api/v1/reservas,4.425237,200,success,
1789925070.183788,GET,GET /api/v1/reservas,5.855424,200,success,
1789925070.309087,GET,GET /api/v1/reservas,6.772645,200,success,
1789925070.369045,GET,GET /api/v1/reservas/{id},10.690013,200,success,
1789925070.421576,GET,GET /api/v1/reservas,6.160918,200,success,
1789925070.442677,GET,GET /api/v1/reservas,5.807302,200,success,
1789925070.463659,GET,GET /api/v1/reservas,4.674786,200,success,
1789925070.528406,GET,GET /api/v1/reservas,5.408437,200,success,
1789925070.577075,GET,GET /api/v1/reservas,6.355502,200,success,
1789925070.660263,GET,GET /api/v1/reservas,6.764733,200,success,
1789925070.807512,GET,GET /api/v1/reservas/{id},6.945577,200,success,
1789925070.829897,GET,GET /api/v1/reservas,6.879748,200,success,
1789925070.875797,GET,GET /api/v1/reservas,9.546510,200,success,
1789925070.942451,GET,GET /api/v1/reservas,8.210615,200,success,
1789925070.969141,GET,GET /api/v1/reservas,8.350617,200,success,
1789925071.012243,GET,GET /api/v1/reservas,7.731349,200,success,
1789925071.039836,GET,GET /api/v1/reservas,7.184029,200,success,
1789925071.104261,GET,GET /api/v1/reservas,6.391066,200,success,
1789925071.126046,GET,GET /api/v1/reservas/{id},5.555630,200,success,
1789925071.196474,GET,GET /api/v1/reservas,6.039934,200,success,
1789925071.213262,GET,GET /api/v1/reservas,5.484142,200,success,
1789925071.214088,GET,GET /api/v1/reservas,5.961745,200,success,
1789925071.221283,GET,GET /api/v1/reservas,4.949392,200,success,
1789925071.310730,GET,GET /api/v1/reservas,7.109206,200,success,
1789925071.369494,GET,GET /api/v1/reservas,7.453257,200,success,
1789925071.413321,GET,GET /api/v1/reservas,6.500863,200,success,
1789925071.424965,GET,GET /api/v1/reservas,5.269347,200,success,
1789925071.434488,GET,GET /api/v1/reservas,6.231785,200,success,
1789925071.610071,GET,GET /api/v1/reservas/{id},5.221444,200,success,
1789925071.649615,GET,GET /api/v1/reservas,5.153561,200,success,
1789925071.662226,GET,GET /api/v1/reservas,5.368517,200,success,
1789925071.733887,GET,GET /api/v1/reservas,6.346800,200,success,
1789925071.738298,GET,GET /api/v1/reservas,5.108213,200,success,
1789925071.779064,GET,GET /api/v1/reservas,6.472901,200,success,
1789925071.788352,GET,GET /api/v1/reservas,5.057165,200,success,
1789925071.817652,GET,GET /api/v1/reservas/{id},4.109198,200,success,
1789925071.929288,GET,GET /api/v1/reservas/{id},5.235025,200,success,
1789925071.936310,GET,GET /api/v1/reservas,4.774757,200,success,
1789925071.944720,GET,GET /api/v1/reservas/{id},3.243106,200,success,
1789925072.023230,GET,GET /api/v1/reservas/{id},5.253804,200,success,
1789925072.123738,GET,GET /api/v1/reservas,5.976748,200,success,
1789925072.163467,GET,GET /api/v1/reservas/{id},4.504298,200,success,
1789925072.186125,GET,GET /api/v1/reservas,5.363348,200,success,
1789925072.242164,GET,GET /api/v1/reservas,7.555652,200,success,
1789925072.242769,GET,GET /api/v1/reservas,7.771199,200,success,
1789925072.270247,GET,GET /api/v1/reservas,5.180472,200,success,
1789925072.323481,GET,GET /api/v1/reservas/{id},5.013629,200,success,
1789925072.405611,GET,GET /api/v1/reservas,7.781204,200,success,
1789925072.452299,GET,GET /api/v1/reservas,6.275812,200,success,
1789925072.471836,GET,GET /api/v1/reservas,5.264428,200,success,
1789925072.490711,GET,GET /api/v1/reservas,4.629727,200,success,
1789925072.505395,GET,GET /api/v1/reservas/{id},3.497401,200,success,
1789925072.526557,GET,GET /api/v1/reservas,5.924519,200,success,
1789925072.534958,GET,GET /api/v1/reservas,9.019240,200,success,
1789925072.599087,GET,GET /api/v1/reservas,7.202868,200,success,
1789925072.599611,GET,GET /api/v1/reservas,8.306029,200,success,
1789925072.604626,GET,GET /api/v1/reservas,6.959890,200,success,
1789925072.620751,GET,GET /api/v1/reservas,5.845730,200,success,
1789925072.632411,GET,GET /api/v1/reservas/{id},3.395225,200,success,
1789925072.646420,GET,GET /api/v1/reservas/{id},3.842784,200,success,
1789925072.658891,GET,GET /api/v1/reservas,5.235285,200,success,
1789925072.708711,GET,GET /api/v1/reservas/{id},4.623548,200,success,
1789925072.814629,GET,GET /api/v1/reservas,7.556843,200,success,
1789925072.990166,GET,GET /api/v1/reservas,5.989768,200,success,
1789925073.090163,GET,GET /api/v1/reservas,7.443201,200,success,
1789925073.093584,GET,GET /api/v1/reservas,7.147333,200,success,
1789925073.158264,GET,GET /api/v1/reservas/{id},4.451558,200,success,
1789925073.167688,GET,GET /api/v1/reservas,4.140555,200,success,
1789925073.176742,GET,GET /api/v1/reservas,5.809346,200,success,
1789925073.196444,GET,GET /api/v1/reservas,5.415568,200,success,
1789925073.199776,GET,GET /api/v1/reservas,6.048758,200,success,
1789925073.203283,GET,GET /api/v1/reservas,4.584107,200,success,
1789925073.232559,GET,GET /api/v1/reservas,5.915896,200,success,
1789925073.268589,GET,GET /api/v1/reservas,5.754632,200,success,
1789925073.386099,GET,GET /api/v1/reservas,7.196327,200,success,
1789925073.465578,GET,GET /api/v1/reservas,7.002973,200,success,
1789925073.602835,GET,GET /api/v1/reservas,8.814140,200,success,
1789925073.613120,GET,GET /api/v1/reservas/{id},5.049613,200,success,
1789925073.709779,GET,GET /api/v1/reservas,13.001136,200,success,
1789925073.725561,GET,GET /api/v1/reservas,9.433419,200,success,
1789925073.731253,GET,GET /api/v1/reservas,10.294133,200,success,
1789925073.743515,GET,GET /api/v1/reservas,16.611338,200,success,
1789925073.766547,GET,GET /api/v1/reservas/{id},6.163973,200,success,
1789925073.768720,GET,GET /api/v1/reservas,8.817354,200,success,
1789925073.809832,GET,GET /api/v1/reservas,10.794611,200,success,
1789925073.838610,GET,GET /api/v1/reservas,7.307326,200,success,
1789925073.915685,GET,GET /api/v1/reservas,7.720311,200,success,
1789925073.938711,GET,GET /api/v1/reservas,5.768534,200,success,
1789925073.960407,GET,GET /api/v1/reservas,5.458513,200,success,
1789925073.991265,GET,GET /api/v1/reservas,5.547138,200,success,
1789925073.992854,GET,GET /api/v1/reservas,5.489029,200,success,
1789925074.046850,GET,GET /api/v1/reservas/{id},5.694381,200,success,
1789925074.106439,GET,GET /api/v1/reservas,6.116641,200,success,
1789925074.136470,GET,GET /api/v1/reservas,4.710570,200,success,
1789925074.193567,GET,GET /api/v1/reservas,7.822677,200,success,
1789925074.266800,GET,GET /api/v1/reservas/{id},4.873937,200,success,
1789925074.273777,GET,GET /api/v1/reservas,5.707722,200,success,
1789925074.282114,GET,GET /api/v1/reservas,5.055523,200,success,
1789925074.320484,GET,GET /api/v1/reservas,6.087216,200,success,
1789925074.448117,GET,GET /api/v1/reservas/{id},5.205941,200,success,
1789925074.452573,GET,GET /api/v1/reservas/{id},3.302797,200,success,
1789925074.481629,GET,GET /api/v1/reservas/{id},3.896967,200,success,
1789925074.489504,GET,GET /api/v1/reservas,4.609126,200,success,
1789925074.575546,GET,GET /api/v1/reservas/{id},6.785805,200,success,
1789925074.590843,GET,GET /api/v1/reservas/{id},5.104277,200,success,
1789925074.663254,GET,GET /api/v1/reservas,10.086197,200,success,
1789925074.663735,GET,GET /api/v1/reservas/{id},8.601787,200,success,
1789925074.751342,GET,GET /api/v1/reservas,10.748852,200,success,
1789925074.751595,GET,GET /api/v1/reservas,15.488876,200,success,
1789925074.822790,GET,GET /api/v1/reservas/{id},5.955837,200,success,
1789925074.897022,GET,GET /api/v1/reservas,7.771219,200,success,
1789925074.925461,GET,GET /api/v1/reservas,6.155539,200,success,
1789925074.950540,GET,GET /api/v1/reservas,5.825310,200,success,
1789925074.979864,GET,GET /api/v1/reservas,5.084236,200,success,
1789925075.113922,GET,GET /api/v1/reservas,6.909843,200,success,
1789925075.158370,GET,GET /api/v1/reservas,6.132284,200,success,
1789925075.239254,GET,GET /api/v1/reservas,6.556718,200,success,
1789925075.287273,GET,GET /api/v1/reservas,7.713481,200,success,
1789925075.293830,GET,GET /api/v1/reservas,7.373446,200,success,
1789925075.347113,GET,GET /api/v1/reservas,6.916173,200,success,
1789925075.405913,GET,GET /api/v1/reservas,13.456926,200,success,
1789925075.417587,GET,GET /api/v1/reservas/{id},19.064646,200,success,
1789925075.421401,GET,GET /api/v1/reservas,23.316010,200,success,
1789925075.421581,GET,GET /api/v1/reservas,24.020327,200,success,
1789925075.426258,GET,GET /api/v1/reservas,11.074125,200,success,
1789925075.515974,GET,GET /api/v1/reservas,6.302483,200,success,
1789925075.516209,GET,GET /api/v1/reservas,9.520080,200,success,
1789925075.533601,GET,GET /api/v1/reservas,8.141509,200,success,
1789925075.608021,GET,GET /api/v1/reservas,8.013397,200,success,
1789925075.612343,GET,GET /api/v1/reservas,6.474964,200,success,
1789925075.627489,GET,GET /api/v1/reservas/{id},3.954233,200,success,
1789925075.658061,GET,GET /api/v1/reservas,6.189001,200,success,
1789925075.701880,GET,GET /api/v1/reservas,6.514183,200,success,
1789925075.722951,GET,GET /api/v1/reservas,8.765185,200,success,
1789925075.725771,GET,GET /api/v1/reservas,6.837303,200,success,
1789925075.726604,GET,GET /api/v1/reservas/{id},5.947655,200,success,
1789925075.779433,GET,GET /api/v1/reservas,7.562221,200,success,
1789925075.926395,GET,GET /api/v1/reservas/{id},5.522611,200,success,
1789925075.931020,GET,GET /api/v1/reservas/{id},3.441436,200,success,
1789925075.977729,GET,GET /api/v1/reservas/{id},4.523577,200,success,
1789925075.989422,GET,GET /api/v1/reservas,5.446725,200,success,
1789925076.105026,GET,GET /api/v1/reservas/{id},5.070885,200,success,
1789925076.134543,GET,GET /api/v1/reservas,5.191749,200,success,
1789925076.206523,GET,GET /api/v1/reservas,5.655642,200,success,
1789925076.253459,GET,GET /api/v1/reservas/{id},4.655195,200,success,
1789925076.290348,GET,GET /api/v1/reservas,5.604905,200,success,
1789925076.348026,GET,GET /api/v1/reservas,6.380261,200,success,
1789925076.389647,GET,GET /api/v1/reservas,5.358262,200,success,
1789925076.399804,GET,GET /api/v1/reservas/{id},3.991910,200,success,
1789925076.428007,GET,GET /api/v1/reservas/{id},4.010077,200,success,
1789925076.443666,GET,GET /api/v1/reservas,5.319052,200,success,
1789925076.493371,GET,GET /api/v1/reservas,5.385192,200,success,
1789925076.502304,GET,GET /api/v1/reservas,5.670775,200,success,
1789925076.515024,GET,GET /api/v1/reservas,5.453065,200,success,
1789925076.536056,GET,GET /api/v1/reservas/{id},3.861183,200,success,
1789925076.550617,GET,GET /api/v1/reservas,4.333408,200,success,
1789925076.568314,GET,GET /api/v1/reservas/{id},3.526465,200,success,
1789925076.584473,GET,GET /api/v1/reservas/{id},3.981394,200,success,
1789925076.592082,GET,GET /api/v1/reservas/{id},3.438632,200,success,
1789925076.595801,GET,GET /api/v1/reservas,5.499726,200,success,
1789925076.613438,GET,GET /api/v1/reservas/{id},3.483008,200,success,
1789925076.623898,GET,GET /api/v1/reservas,5.206422,200,success,
1789925076.645829,GET,GET /api/v1/reservas,5.591765,200,success,
1789925076.667235,GET,GET /api/v1/reservas,6.119494,200,success,
1789925076.668062,GET,GET /api/v1/reservas,5.351331,200,success,
1789925076.669762,GET,GET /api/v1/reservas,5.494588,200,success,
1789925076.736021,GET,GET /api/v1/reservas,6.912207,200,success,
1789925076.780679,GET,GET /api/v1/reservas/{id},4.459038,200,success,
1789925076.852065,GET,GET /api/v1/reservas,5.920453,200,success,
1789925076.862604,GET,GET /api/v1/reservas,4.269251,200,success,
1789925076.870034,GET,GET /api/v1/reservas/{id},4.269401,200,success,
1789925076.874534,GET,GET /api/v1/reservas,5.170837,200,success,
1789925076.887047,GET,GET /api/v1/reservas,5.226362,200,success,
1789925076.923606,GET,GET /api/v1/reservas,5.249757,200,success,
1789925076.967947,GET,GET /api/v1/reservas/{id},6.092764,200,success,
1789925076.971996,GET,GET /api/v1/reservas,7.151610,200,success,
1789925076.978098,GET,GET /api/v1/reservas,6.850163,200,success,
1789925076.981920,GET,GET /api/v1/reservas/{id},4.630148,200,success,
1789925077.033566,GET,GET /api/v1/reservas/{id},7.386554,200,success,
1789925077.189406,GET,GET /api/v1/reservas,7.551877,200,success,
1789925077.252341,GET,GET /api/v1/reservas,7.478394,200,success,
1789925077.255827,GET,GET /api/v1/reservas,5.160612,200,success,
1789925077.293311,GET,GET /api/v1/reservas,6.146106,200,success,
1789925077.359833,GET,GET /api/v1/reservas,7.191580,200,success,
1789925077.460310,GET,GET /api/v1/reservas,5.970860,200,success,
1789925077.563704,GET,GET /api/v1/reservas,7.985353,200,success,
1789925077.578146,GET,GET /api/v1/reservas,6.976964,200,success,
1789925077.617483,GET,GET /api/v1/reservas,10.981995,200,success,
1789925077.804498,GET,GET /api/v1/reservas,7.385935,200,success,
1789925077.818618,GET,GET /api/v1/reservas,6.801409,200,success,
1789925077.832766,GET,GET /api/v1/reservas,4.881148,200,success,
1789925077.853996,GET,GET /api/v1/reservas/{id},3.933701,200,success,
