Timestamp,User Count,Type,Name,Requests/s,Failures/s,50%,66%,75%,80%,90%,95%,98%,99%,99.9%,99.99%,100%,Total Request Count,Total Failure Count,Total Median Response Time,Total Average Response Time,Total Min Response Time,Total Max Response Time,Total Average Content Size
1789927171,0,,Aggregated,0.000000,0.000000,N/A,N/A,N/A,N/A,N/A,N/A,N/A,N/A,N/A,N/A,N/A,0,0,0,0.0,0,0,0
1789927172,10,GET,GET /api/v1/reservas,0.000000,0.000000,0,0,0,0,0,0,0,0,0,0,0,1,0,9.248418005881831,9.248418005881831,9.248418005881831,9.248418005881831,8965.0
1789927172,10,POST,POST /api/v1/auth/login,0.000000,0.000000,0,0,0,0,0,0,0,0,0,0,0,2,0,792.2298000048613,867.8397000039695,792.2298000048613,943.4496000030776,1622.0
1789927172,10,,Aggregated,0.000000,0.000000,0,0,0,0,0,0,0,0,0,0,0,3,0,790.0,581.6426060046069,9.248418005881831,943.4496000030776,4069.6666666666665
1789927173,20,GET,GET /api/v1/reservas,0.000000,0.000000,0,0,0,0,0,0,0,0,0,0,0,10,0,9,19.059726102568675,7.100421003997326,85.87697200709954,8965.0
1789927173,20,POST,POST /api/v1/auth/login,0.000000,0.000000,0,0,0,0,0,0,0,0,0,0,0,10,0,1200.0,1193.5716214997228,792.2298000048613,1469.9207459925674,1622.0
1789927173,20,,Aggregated,0.000000,0.000000,790,1100,1300,1300,1400,1500,1500,1500,1500,1500,1500,20,0,86,606.3156738011457,7.100421003997326,1469.9207459925674,5293.5
1789927174,30,GET,GET /api/v1/reservas,0.000000,0.000000,8,9,10,10,12,23,23,23,23,23,23,21,0,8,13.102399286470332,5.124667004565708,85.87697200709954,8965.0
1789927174,30,GET,GET /api/v1/reservas/{id},0.000000,0.000000,0,0,0,0,0,0,0,0,0,0,0,1,0,9.91828300175257,9.91828300175257,9.91828300175257,9.91828300175257,442.0
1789927174,30,POST,POST /api/v1/auth/login,0.000000,0.000000,1300,1400,1500,1500,1800,1900,1900,1900,1900,1900,1900,19,0,1300.0,1284.4249925815109,792.2298000048613,1942.7160170016577,1622.0
1789927174,30,,Aggregated,0.000000,0.000000,23,1100,1200,1300,1400,1500,1900,1900,1900,1900,1900,41,0,23,602.1742323674716,5.124667004565708,1942.7160170016577,5354.268292682927
1789927175,40,GET,GET /api/v1/reservas,2.000000,0.000000,8,9,10,11,14,27,38,38,38,38,38,37,0,8,12.486164027437995,5.124667004565708,85.87697200709954,8965.0
1789927175,40,GET,GET /api/v1/reservas/{id},0.000000,0.000000,0,0,0,0,0,0,0,0,0,0,0,3,0,14,14.231904332215587,9.91828300175257,18.691599994781427,442.0
1789927175,40,POST,POST /api/v1/auth/login,2.000000,0.000000,1500,1700,1800,1900,1900,2000,2000,2000,2000,2000,2000,29,0,1400.0,1446.7906877263008,792.2298000048613,2045.4465439979685,1622.0
1789927175,40,,Aggregated,4.000000,0.000000,19,1100,1300,1400,1800,1900,2000,2000,2000,2000,2000,69,0,19,615.3857061749939,5.124667004565708,2045.4465439979685,5508.246376811594
1789927176,50,GET,GET /api/v1/reservas,3.666667,0.000000,8,9,10,11,14,32,38,47,47,47,47,55,0,8,12.001577599916015,5.008380991057493,85.87697200709954,8965.0
1789927176,50,GET,GET /api/v1/reservas/{id},0.000000,0.000000,10,10,14,14,19,19,19,19,19,19,19,7,0,10,10.131158140471339,5.176976002985612,18.691599994781427,442.0
1789927176,50,POST,POST /api/v1/auth/login,3.666667,0.000000,1500,1800,1900,1900,1900,2000,2000,2000,2000,2000,2000,37,0,1500.0,1512.9783578123424,792.2298000048613,2045.4465439979685,1622.0
1789927176,50,,Aggregated,7.333333,0.000000,12,1000,1300,1500,1800,1900,2000,2000,2000,2000,2000,99,0,12,572.8404455963167,5.008380991057493,2045.4465439979685,5618.010101010101
1789927177,50,GET,GET /api/v1/reservas,6.000000,0.000000,8,9,11,12,15,27,38,47,47,47,47,79,0,8,11.194143670314888,4.8180019948631525,85.87697200709954,8965.0
1789927177,50,GET,GET /api/v1/reservas/{id},0.250000,0.000000,7,10,14,19,32,32,32,32,32,32,32,10,0,7,11.563910997938365,5.176976002985612,31.72237001126632,442.0
1789927177,50,POST,POST /api/v1/auth/login,5.000000,0.000000,1500,1800,1900,1900,2000,2000,2100,2100,2100,2100,2100,50,0,1500.0,1530.0452338409377,792.2298000048613,2097.246796009131,1622.0
1789927177,50,,Aggregated,11.250000,0.000000,12,1000,1300,1500,1800,1900,2000,2100,2100,2100,2100,139,0,12,557.5700586473464,4.8180019948631525,2097.246796009131,5710.46762589928
1789927178,50,GET,GET /api/v1/reservas,7.800000,0.000000,7,8,10,11,14,23,38,47,47,47,47,97,0,8,10.26105513368954,4.071891002240591,85.87697200709954,8965.0
1789927178,50,GET,GET /api/v1/reservas/{id},0.800000,0.000000,7,7,14,14,19,32,32,32,32,32,32,13,0,7,9.986563997629743,3.7639439979102463,31.72237001126632,442.0
1789927178,50,POST,POST /api/v1/auth/login,6.000000,0.000000,1500,1800,1900,1900,2000,2000,2100,2100,2100,2100,2100,50,0,1500.0,1530.0452338409377,792.2298000048613,2097.246796009131,1622.0
1789927178,50,,Aggregated,14.600000,0.000000,10,32,1200,1400,1800,1900,2000,2100,2100,2100,2100,160,0,10,485.17130857489974,3.7639439979102463,2097.246796009131,5977.81875
1789927179,50,GET,GET /api/v1/reservas,10.166667,0.000000,7,8,9,10,13,21,32,38,47,47,47,121,0,7,9.272993289098752,4.071891002240591,85.87697200709954,8965.0
1789927179,50,GET,GET /api/v1/reservas/{id},1.166667,0.000000,6,7,7,10,19,32,32,32,32,32,32,18,0,6,8.35191433159505,3.4750659979181364,31.72237001126632,442.0
1789927179,50,POST,POST /api/v1/auth/login,6.666667,0.000000,1500,1800,1900,1900,2000,2000,2100,2100,2100,2100,2100,50,0,1500.0,1530.0452338409377,792.2298000048613,2097.246796009131,1622.0
1789927179,50,,Aggregated,18.000000,0.000000,8,14,1000,1300,1600,1900,2000,2100,2100,2100,2100,189,0,8,411.50597004230974,3.4750659979181364,2097.246796009131,6210.693121693122
1789927180,50,GET,GET /api/v1/reservas,11.571429,0.000000,7,8,8,9,12,16,32,38,47,47,47,140,0,7,8.907542214209181,3.9619049930479378,85.87697200709954,8965.0
1789927180,50,GET,GET /api/v1/reservas/{id},1.428571,0.000000,5,6,7,7,14,19,32,32,32,32,32,25,0,5,7.148664559354074,3.1362229929072782,31.72237001126632,442.0
1789927180,50,POST,POST /api/v1/auth/login,7.142857,0.000000,1500,1800,1900,1900,2000,2000,2100,2100,2100,2100,2100,50,0,1500.0,1530.0452338409377,792.2298000048613,2097.246796009131,1622.0
1789927180,50,,Aggregated,20.142857,0.000000,8,11,32,1200,1500,1900,2000,2000,2100,2100,2100,215,0,8,362.4559730977675,3.1362229929072782,2097.246796009131,6266.279069767442
1789927181,50,GET,GET /api/v1/reservas,12.500000,0.000000,6,7,8,9,12,15,27,38,47,47,47,159,0,6,8.464001188876178,3.9619049930479378,85.87697200709954,8965.0
1789927181,50,GET,GET /api/v1/reservas/{id},1.625000,0.000000,5,5,6,7,14,19,32,32,32,32,32,31,0,5,6.642766934331326,3.1362229929072782,31.72237001126632,442.0
1789927181,50,POST,POST /api/v1/auth/login,6.250000,0.000000,1500,1800,1900,1900,2000,2000,2100,2100,2100,2100,2100,50,0,1500.0,1530.0452338409377,792.2298000048613,2097.246796009131,1622.0
1789927181,50,,Aggregated,20.375000,0.000000,7,10,19,1000,1500,1900,2000,2000,2100,2100,2100,240,0,7,325.2248485668436,3.1362229929072782,2097.246796009131,6334.320833333333
1789927182,50,GET,GET /api/v1/reservas,13.555556,0.000000,6,7,8,8,12,15,27,38,47,47,47,180,0,6,8.13939832821941,3.9619049930479378,85.87697200709954,8965.0
1789927182,50,GET,GET /api/v1/reservas/{id},2.111111,0.000000,4,5,6,7,10,19,32,32,32,32,32,38,0,4,6.330866735018055,3.1362229929072782,31.72237001126632,442.0
1789927182,50,POST,POST /api/v1/auth/login,5.555556,0.000000,1500,1800,1900,1900,2000,2000,2100,2100,2100,2100,2100,50,0,1500.0,1530.0452338409377,792.2298000048613,2097.246796009131,1622.0
1789927182,50,,Aggregated,21.222222,0.000000,7,8,12,23,1500,1800,2000,2000,2100,2100,2100,268,0,7,291.8206206233473,3.1362229929072782,2097.246796009131,6386.55223880597
1789927183,50,GET,GET /api/v1/reservas,14.400000,0.000000,6,7,8,8,12,15,27,38,47,47,47,204,0,6,8.207308313941729,3.9619049930479378,85.87697200709954,8965.0
1789927183,50,GET,GET /api/v1/reservas/{id},2.600000,0.000000,4,5,6,7,10,19,32,32,32,32,32,39,0,4,6.340897793192058,3.1362229929072782,31.72237001126632,442.0
1789927183,50,POST,POST /api/v1/auth/login,5.000000,0.000000,1600,1800,1900,1900,2000,2100,2100,2100,2100,2100,2100,50,0,1500.0,1530.0452338409377,792.2298000048613,2097.246796009131,1622.0
1789927183,50,,Aggregated,22.000000,0.000000,6,8,10,14,1400,1800,2000,2000,2100,2100,2100,293,0,7,267.6581829420665,3.1362229929072782,2097.246796009131,6577.467576791809
1789927184,50,GET,GET /api/v1/reservas,16.000000,0.000000,6,7,8,8,12,15,27,38,47,47,47,219,0,6,8.050762456985293,3.9619049930479378,85.87697200709954,8965.0
1789927184,50,GET,GET /api/v1/reservas/{id},3.300000,0.000000,4,5,6,6,9,14,32,32,32,32,32,47,0,4,5.895883125436314,3.1362229929072782,31.72237001126632,442.0
1789927184,50,POST,POST /api/v1/auth/login,5.000000,0.000000,1700,1800,1900,1900,2000,2100,2100,2100,2100,2100,2100,50,0,1500.0,1530.0452338409377,792.2298000048613,2097.246796009131,1622.0
1789927184,50,,Aggregated,24.300000,0.000000,6,7,9,11,1200,1700,1900,2000,2100,2100,2100,316,0,6,248.55216828171572,3.1362229929072782,2097.246796009131,6535.471518987341
1789927185,50,GET,GET /api/v1/reservas,17.700000,0.000000,6,7,7,8,10,13,17,21,32,32,32,247,0,6,7.830293247179761,3.9619049930479378,85.87697200709954,8965.0
1789927185,50,GET,GET /api/v1/reservas/{id},3.800000,0.000000,4,5,6,6,7,9,32,32,32,32,32,51,0,4,5.846344566545632,3.1362229929072782,31.72237001126632,442.0
1789927185,50,POST,POST /api/v1/auth/login,4.600000,0.000000,1600,1800,1900,1900,2100,2100,2100,2100,2100,2100,2100,50,0,1500.0,1530.0452338409377,792.2298000048613,2097.246796009131,1622.0
1789927185,50,,Aggregated,26.100000,0.000000,6,7,8,9,15,1500,1900,2000,2100,2100,2100,348,0,6,226.24858533619,3.1362229929072782,2097.246796009131,6660.91091954023
1789927186,50,GET,GET /api/v1/reservas,19.400000,0.000000,6,6,7,7,9,12,17,21,26,26,26,259,0,6,7.705444254971767,3.9619049930479378,85.87697200709954,8965.0
1789927186,50,GET,GET /api/v1/reservas/{id},4.000000,0.000000,4,5,5,5,7,7,32,32,32,32,32,55,0,4,5.713841325963255,3.1362229929072782,31.72237001126632,442.0
1789927186,50,POST,POST /api/v1/auth/login,3.900000,0.000000,1500,1500,1500,1600,1600,1600,1600,1600,1600,1600,1600,50,0,1500.0,1530.0452338409377,792.2298000048613,2097.246796009131,1622.0
1789927186,50,,Aggregated,27.300000,0.000000,6,6,7,7,10,21,1400,1500,1600,1600,1600,364,0,6,216.51712370058394,3.1362229929072782,2097.246796009131,6668.530219780219
1789927187,50,GET,GET /api/v1/reservas,19.700000,0.000000,6,6,6,7,8,9,15,21,26,26,26,281,0,6,7.548659658392981,3.9619049930479378,85.87697200709954,8965.0
1789927187,50,GET,GET /api/v1/reservas/{id},4.600000,0.000000,4,4,5,5,6,7,7,9,9,9,9,64,0,4,5.4939485617069295,3.1362229929072782,31.72237001126632,442.0
1789927187,50,POST,POST /api/v1/auth/login,3.000000,0.000000,1500,1500,1500,1600,1600,1600,1600,1600,1600,1600,1600,50,0,1500.0,1530.0452338409377,792.2298000048613,2097.246796009131,1622.0
1789927187,50,,Aggregated,27.300000,0.000000,5,6,6,7,7,9,12,17,26,26,26,395,0,6,199.93682978229,3.1362229929072782,2097.246796009131,6654.564556962026
1789927188,50,GET,GET /api/v1/reservas,21.200000,0.000000,6,6,7,7,8,9,14,17,26,26,26,302,0,6,7.468882867594601,3.9619049930479378,85.87697200709954,8965.0
1789927188,50,GET,GET /api/v1/reservas/{id},4.700000,0.000000,4,5,5,5,6,7,9,9,9,9,9,67,0,4,5.506060417192474,3.1362229929072782,31.72237001126632,442.0
1789927188,50,POST,POST /api/v1/auth/login,2.000000,0.000000,1500,1500,1500,1600,1600,1600,1600,1600,1600,1600,1600,50,0,1500.0,1530.0452338409377,792.2298000048613,2097.246796009131,1622.0
1789927188,50,,Aggregated,27.900000,0.000000,5,6,6,7,8,9,12,17,26,26,26,419,0,6,188.84670731745192,3.1362229929072782,2097.246796009131,6725.880668257757
1789927189,50,GET,GET /api/v1/reservas,20.300000,0.000000,6,6,7,7,8,10,14,17,26,26,26,325,0,6,7.3251304339814505,3.9619049930479378,85.87697200709954,8965.0
1789927189,50,GET,GET /api/v1/reservas/{id},4.900000,0.000000,4,5,5,5,6,7,9,9,9,9,9,72,0,4,5.394641582622878,3.1362229929072782,31.72237001126632,442.0
1789927189,50,POST,POST /api/v1/auth/login,1.000000,0.000000,1500,1500,1500,1600,1600,1600,1600,1600,1600,1600,1600,50,0,1500.0,1530.0452338409377,792.2298000048613,2097.246796009131,1622.0
1789927189,50,,Aggregated,26.200000,0.000000,5,6,6,7,8,9,12,17,26,26,26,447,0,6,177.34081270031254,3.1362229929072782,2097.246796009131,6770.8031319910515
1789927190,50,GET,GET /api/v1/reservas,20.200000,0.000000,6,6,7,7,8,9,14,21,26,26,26,343,0,6,7.219408755360372,3.9619049930479378,85.87697200709954,8965.0
1789927190,50,GET,GET /api/v1/reservas/{id},5.400000,0.000000,4,5,5,5,6,7,9,9,9,9,9,79,0,4,5.257676834832948,3.1362229929072782,31.72237001126632,442.0
1789927190,50,POST,POST /api/v1/auth/login,0.000000,0.000000,1500,1500,1500,1600,1600,1600,1600,1600,1600,1600,1600,50,0,1500.0,1530.0452338409377,792.2298000048613,2097.246796009131,1622.0
1789927190,50,,Aggregated,25.600000,0.000000,5,6,6,7,7,9,11,17,26,26,26,472,0,6,168.20736306162564,3.1362229929072782,2097.246796009131,6760.620762711865
1789927191,50,GET,GET /api/v1/reservas,20.700000,0.000000,6,6,6,7,8,9,12,17,26,26,26,361,0,6,7.102679759413945,3.9619049930479378,85.87697200709954,8965.0
1789927191,50,GET,GET /api/v1/reservas/{id},5.500000,0.000000,4,4,5,5,6,7,9,9,9,9,9,86,0,4,5.171582220206146,3.1362229929072782,31.72237001126632,442.0
1789927191,50,POST,POST /api/v1/auth/login,0.000000,0.000000,1500,1500,1500,1600,1600,1600,1600,1600,1600,1600,1600,50,0,1500.0,1530.0452338409377,792.2298000048613,2097.246796009131,1622.0
1789927191,50,,Aggregated,26.200000,0.000000,5,6,6,7,7,9,11,17,26,26,26,497,0,6,159.98206268839647,3.1362229929072782,2097.246796009131,6751.46277665996
1789927192,50,GET,GET /api/v1/reservas,20.500000,0.000000,5,6,6,7,7,9,14,21,26,26,26,380,0,6,6.991523271464853,3.9619049930479378,85.87697200709954,8965.0
1789927192,50,GET,GET /api/v1/reservas/{id},5.300000,0.000000,4,5,5,5,6,6,7,9,9,9,9,93,0,4,5.105107408066991,3.1362229929072782,31.72237001126632,442.0
1789927192,50,POST,POST /api/v1/auth/login,0.000000,0.000000,1500,1500,1500,1600,1600,1600,1600,1600,1600,1600,1600,50,0,1500.0,1530.0452338409377,792.2298000048613,2097.246796009131,1622.0
1789927192,50,,Aggregated,25.800000,0.000000,5,6,6,6,7,9,11,17,26,26,26,523,0,6,152.26350960641255,3.1362229929072782,2097.246796009131,6747.4302103250475
1789927193,50,GET,GET /api/v1/reservas,20.200000,0.000000,5,6,6,7,7,9,12,13,13,13,13,398,0,6,7.014926538070553,3.9619049930479378,85.87697200709954,8965.0
1789927193,50,GET,GET /api/v1/reservas/{id},5.300000,0.000000,4,5,5,5,6,7,9,9,9,9,9,103,0,4,5.135646659837927,3.0819610110484064,31.72237001126632,442.0
1789927193,50,POST,POST /api/v1/auth/login,0.000000,0.000000,1500,1500,1500,1600,1600,1600,1600,1600,1600,1600,1600,50,0,1500.0,1530.0452338409377,792.2298000048613,2097.246796009131,1622.0
1789927193,50,,Aggregated,25.500000,0.000000,5,6,6,6,7,9,10,12,13,13,13,551,0,6,144.86964439230903,3.0819610110484064,2097.246796009131,6705.437386569873
1789927194,50,GET,GET /api/v1/reservas,20.200000,0.000000,5,6,6,7,8,9,12,13,13,13,13,417,0,6,6.963758573479888,3.9619049930479378,85.87697200709954,8965.0
1789927194,50,GET,GET /api/v1/reservas/{id},5.600000,0.000000,4,5,5,5,6,7,9,9,9,9,9,108,0,4,5.090618277285507,3.0819610110484064,31.72237001126632,442.0
1789927194,50,POST,POST /api/v1/auth/login,0.000000,0.000000,1500,1500,1500,1600,1600,1600,1600,1600,1600,1600,1600,50,0,1500.0,1530.0452338409377,792.2298000048613,2097.246796009131,1622.0
1789927194,50,,Aggregated,25.800000,0.000000,5,6,6,6,7,9,10,12,13,13,13,575,0,6,139.05380137588668,3.0819610110484064,2097.246796009131,6725.63652173913
1789927195,50,GET,GET /api/v1/reservas,20.100000,0.000000,5,6,6,6,7,8,12,13,13,13,13,432,0,6,6.923080403086917,3.9619049930479378,85.87697200709954,8965.0
1789927195,50,GET,GET /api/v1/reservas/{id},5.500000,0.000000,4,5,5,5,6,7,9,9,9,9,9,116,0,4,5.03973337906465,3.0819610110484064,31.72237001126632,442.0
1789927195,50,POST,POST /api/v1/auth/login,0.000000,0.000000,0,0,0,0,0,0,0,0,0,0,0,50,0,1500.0,1530.0452338409377,792.2298000048613,2097.246796009131,1622.0
1789927195,50,,Aggregated,25.600000,0.000000,5,6,6,6,7,8,11,12,13,13,13,598,0,6,133.90909949523734,3.0819610110484064,2097.246796009131,6697.745819397994
1789927196,50,GET,GET /api/v1/reservas,19.600000,0.000000,5,6,6,6,7,8,12,13,13,13,13,455,0,6,6.834020672921235,3.9619049930479378,85.87697200709954,8965.0
1789927196,50,GET,GET /api/v1/reservas/{id},6.400000,0.000000,4,5,5,5,6,8,9,9,9,9,9,122,0,4,5.055287622676811,3.03090299712494,31.72237001126632,442.0
1789927196,50,POST,POST /api/v1/auth/login,0.000000,0.000000,0,0,0,0,0,0,0,0,0,0,0,50,0,1500.0,1530.0452338409377,792.2298000048613,2097.246796009131,1622.0
1789927196,50,,Aggregated,26.000000,0.000000,5,6,6,6,7,8,10,12,13,13,13,627,0,6,127.95611832247627,3.03090299712494,2097.246796009131,6721.051036682616
1789927197,50,GET,GET /api/v1/reservas,19.700000,0.000000,5,6,6,6,7,8,12,13,13,13,13,468,0,6,6.798763340133846,3.9619049930479378,85.87697200709954,8965.0
1789927197,50,GET,GET /api/v1/reservas/{id},6.300000,0.000000,4,5,5,5,6,8,9,9,9,9,9,128,0,4,5.013561679220402,3.03090299712494,31.72237001126632,442.0
1789927197,50,POST,POST /api/v1/auth/login,0.000000,0.000000,0,0,0,0,0,0,0,0,0,0,0,50,0,1500.0,1530.0452338409377,792.2298000048613,2097.246796009131,1622.0
1789927197,50,,Aggregated,26.000000,0.000000,5,6,6,6,7,8,11,12,13,13,13,646,0,6,124.34337280212034,3.03090299712494,2097.246796009131,6707.888544891641
1789927198,50,GET,GET /api/v1/reservas,18.200000,0.000000,5,6,6,6,8,8,12,13,13,13,13,491,0,6,6.760419454509032,3.9619049930479378,85.87697200709954,8965.0
1789927198,50,GET,GET /api/v1/reservas/{id},6.600000,0.000000,4,5,5,5,6,7,9,9,9,9,9,134,0,4,4.998329006927783,3.03090299712494,31.72237001126632,442.0
1789927198,50,POST,POST /api/v1/auth/login,0.000000,0.000000,0,0,0,0,0,0,0,0,0,0,0,50,0,1500.0,1530.0452338409377,792.2298000048613,2097.246796009131,1622.0
1789927198,50,,Aggregated,24.800000,0.000000,5,6,6,6,7,8,10,12,13,13,13,675,0,6,119.24652404613207,3.03090299712494,2097.246796009131,6729.100740740741
1789927199,50,GET,GET /api/v1/reservas,19.200000,0.000000,5,6,6,6,8,8,10,13,13,13,13,507,0,6,6.713236706513688,3.9619049930479378,85.87697200709954,8965.0
1789927199,50,GET,GET /api/v1/reservas/{id},6.700000,0.000000,4,5,5,5,6,7,9,9,9,9,9,141,0,4,4.954456120105262,3.03090299712494,31.72237001126632,442.0
1789927199,50,POST,POST /api/v1/auth/login,0.000000,0.000000,0,0,0,0,0,0,0,0,0,0,0,50,0,1500.0,1530.0452338409377,792.2298000048613,2097.246796009131,1622.0
1789927199,50,,Aggregated,25.900000,0.000000,5,6,6,6,7,8,10,12,13,13,13,698,0,6,115.47915618221228,3.03090299712494,2097.246796009131,6717.30229226361
1789927200,50,GET,GET /api/v1/reservas,18.500000,0.000000,5,6,6,6,8,9,12,13,13,13,13,523,0,6,6.707086030979922,3.9619049930479378,85.87697200709954,8965.0
1789927200,50,GET,GET /api/v1/reservas/{id},6.500000,0.000000,4,5,5,5,6,7,9,9,9,9,9,147,0,4,4.933389951969928,3.03090299712494,31.72237001126632,442.0
1789927200,50,POST,POST /api/v1/auth/login,0.000000,0.000000,0,0,0,0,0,0,0,0,0,0,0,50,0,1500.0,1530.0452338409377,792.2298000048613,2097.246796009131,1622.0
1789927200,50,,Aggregated,25.000000,0.000000,5,6,6,6,8,8,10,12,13,13,13,720,0,6,112.13232779054023,3.03090299712494,2097.246796009131,6714.956944444444
1789927201,50,GET,GET /api/v1/reservas,18.500000,0.000000,5,6,6,6,8,9,12,13,13,13,13,538,0,6,6.666437028226707,3.9619049930479378,85.87697200709954,8965.0
1789927201,50,GET,GET /api/v1/reservas/{id},6.600000,0.000000,4,5,5,5,6,7,9,9,9,9,9,155,0,4,4.875375625523438,3.0077789997449145,31.72237001126632,442.0
1789927201,50,POST,POST /api/v1/auth/login,0.000000,0.000000,0,0,0,0,0,0,0,0,0,0,0,50,0,1500.0,1530.0452338409377,792.2298000048613,2097.246796009131,1622.0
1789927201,50,,Aggregated,25.100000,0.000000,5,6,6,6,8,8,10,12,13,13,13,743,0,6,108.80819385624359,3.0077789997449145,2097.246796009131,6692.839838492598
1789927202,50,GET,GET /api/v1/reservas,18.200000,0.000000,5,6,6,7,8,8,12,13,13,13,13,555,0,6,6.625115431017695,3.848652995657176,85.87697200709954,8965.0
1789927202,50,GET,GET /api/v1/reservas/{id},6.900000,0.000000,4,5,5,5,6,7,9,9,9,9,9,162,0,4,4.8422665985762485,3.0077789997449145,31.72237001126632,442.0
1789927202,50,POST,POST /api/v1/auth/login,0.000000,0.000000,0,0,0,0,0,0,0,0,0,0,0,50,0,1500.0,1530.0452338409377,792.2298000048613,2097.246796009131,1622.0
1789927202,50,,Aggregated,25.100000,0.000000,5,6,6,6,8,8,10,12,13,13,13,767,0,6,105.558863031592,3.0077789997449145,2097.246796009131,6686.152542372882
1789927203,50,GET,GET /api/v1/reservas,17.800000,0.000000,5,6,6,6,8,10,12,16,26,26,26,578,0,6,6.661910661215254,3.848652995657176,85.87697200709954,8965.0
1789927203,50,GET,GET /api/v1/reservas/{id},6.900000,0.000000,4,5,5,5,6,9,10,12,12,12,12,169,0,4,4.945598484999252,3.0077789997449145,31.72237001126632,442.0
1789927203,50,POST,POST /api/v1/auth/login,0.000000,0.000000,0,0,0,0,0,0,0,0,0,0,0,50,0,1500.0,1530.0452338409377,792.2298000048613,2097.246796009131,1622.0
1789927203,50,,Aggregated,24.700000,0.000000,5,6,6,6,7,9,12,13,26,26,26,797,0,6,101.86781957113448,3.0077789997449145,2097.246796009131,6697.074027603513
1789927204,50,GET,GET /api/v1/reservas,18.000000,0.000000,5,6,6,7,8,9,12,16,26,26,26,592,0,6,6.643820968157662,3.848652995657176,85.87697200709954,8965.0
1789927204,50,GET,GET /api/v1/reservas/{id},6.700000,0.000000,4,5,5,6,7,9,10,12,12,12,12,178,0,4,4.965192055852241,3.0077789997449145,31.72237001126632,442.0
1789927204,50,POST,POST /api/v1/auth/login,0.000000,0.000000,0,0,0,0,0,0,0,0,0,0,0,50,0,1500.0,1530.0452338409377,792.2298000048613,2097.246796009131,1622.0
1789927204,50,,Aggregated,24.700000,0.000000,5,6,6,6,7,9,12,13,26,26,26,820,0,6,99.1697657208999,3.0077789997449145,2097.246796009131,6667.141463414634
1789927205,50,GET,GET /api/v1/reservas,17.500000,0.000000,5,6,6,7,7,9,12,16,26,26,26,607,0,6,6.608765594940479,3.848652995657176,85.87697200709954,8965.0
1789927205,50,GET,GET /api/v1/reservas/{id},7.000000,0.000000,4,5,5,6,7,8,10,12,12,12,12,189,0,4,4.935451253827306,3.0077789997449145,31.72237001126632,442.0
1789927205,50,POST,POST /api/v1/auth/login,0.000000,0.000000,0,0,0,0,0,0,0,0,0,0,0,50,0,1500.0,1530.0452338409377,792.2298000048613,2097.246796009131,1622.0
1789927205,50,,Aggregated,24.500000,0.000000,5,6,6,6,7,8,12,13,26,26,26,846,0,5,96.27255637724483,3.0077789997449145,2097.246796009131,6626.9420803782505
1789927206,50,GET,GET /api/v1/reservas,17.700000,0.000000,5,6,6,7,8,10,12,16,26,26,26,627,0,6,6.5800577944829355,3.848652995657176,85.87697200709954,8965.0
1789927206,50,GET,GET /api/v1/reservas/{id},6.600000,0.000000,4,5,5,6,7,8,10,12,12,12,12,196,0,4,4.919817647941254,3.0077789997449145,31.72237001126632,442.0
1789927206,50,POST,POST /api/v1/auth/login,0.000000,0.000000,0,0,0,0,0,0,0,0,0,0,0,50,0,1500.0,1530.0452338409377,792.2298000048613,2097.246796009131,1622.0
1789927206,50,,Aggregated,24.300000,0.000000,5,6,6,6,7,9,12,13,26,26,26,873,0,5,93.46190399562906,3.0077789997449145,2097.246796009131,6630.912943871706
1789927207,50,GET,GET /api/v1/reservas,17.500000,0.000000,5,6,6,7,8,10,12,16,26,26,26,642,0,6,6.5417492088241245,3.848652995657176,85.87697200709954,8965.0
1789927207,50,GET,GET /api/v1/reservas/{id},6.800000,0.000000,4,5,5,6,7,8,10,12,12,12,12,205,0,4,4.89488275595316,3.0077789997449145,31.72237001126632,442.0
1789927207,50,POST,POST /api/v1/auth/login,0.000000,0.000000,0,0,0,0,0,0,0,0,0,0,0,50,0,1500.0,1530.0452338409377,792.2298000048613,2097.246796009131,1622.0
1789927207,50,,Aggregated,24.300000,0.000000,5,6,6,6,7,9,12,13,26,26,26,897,0,5,91.08753138136274,3.0077789997449145,2097.246796009131,6607.848383500557
1789927208,50,GET,GET /api/v1/reservas,17.700000,0.000000,5,6,6,7,8,10,12,16,26,26,26,659,0,6,6.536534658658081,3.848652995657176,85.87697200709954,8965.0
1789927208,50,GET,GET /api/v1/reservas/{id},7.200000,0.000000,4,5,5,6,7,8,10,12,12,12,12,210,0,4,4.907435657029661,3.0077789997449145,31.72237001126632,442.0
1789927208,50,POST,POST /api/v1/auth/login,0.000000,0.000000,0,0,0,0,0,0,0,0,0,0,0,50,0,1500.0,1530.0452338409377,792.2298000048613,2097.246796009131,1622.0
1789927208,50,,Aggregated,24.900000,0.000000,5,6,6,6,7,9,12,13,26,26,26,919,0,5,89.05375355830118,3.0077789997449145,2097.246796009131,6617.905331882481
1789927209,50,GET,GET /api/v1/reservas,17.200000,0.000000,5,6,6,6,8,10,12,16,26,26,26,678,0,6,6.503232093019669,3.848652995657176,85.87697200709954,8965.0
1789927209,50,GET,GET /api/v1/reservas/{id},7.400000,0.000000,4,5,5,6,7,8,10,12,12,12,12,214,0,4,4.896441560576422,3.0077789997449145,31.72237001126632,442.0
1789927209,50,POST,POST /api/v1/auth/login,0.000000,0.000000,0,0,0,0,0,0,0,0,0,0,0,50,0,1500.0,1530.0452338409377,792.2298000048613,2097.246796009131,1622.0
1789927209,50,,Aggregated,24.600000,0.000000,5,6,6,6,7,9,12,13,26,26,26,942,0,5,87.00561735146239,3.0077789997449145,2097.246796009131,6639.0212314225055
1789927210,50,GET,GET /api/v1/reservas,17.500000,0.000000,5,6,6,6,7,9,11,16,26,26,26,703,0,6,6.462261963068179,3.848652995657176,85.87697200709954,8965.0
1789927210,50,GET,GET /api/v1/reservas/{id},7.700000,0.000000,4,5,5,6,7,8,10,12,12,12,12,220,0,4,4.87669490440484,2.92510399594903,31.72237001126632,442.0
1789927210,50,POST,POST /api/v1/auth/login,0.000000,0.000000,0,0,0,0,0,0,0,0,0,0,0,50,0,1500.0,1530.0452338409377,792.2298000048613,2097.246796009131,1622.0
1789927210,50,,Aggregated,25.200000,0.000000,5,6,6,6,7,8,10,13,26,26,26,973,0,5,84.39681883972547,2.92510399594903,2097.246796009131,6660.570400822199
1789927211,50,GET,GET /api/v1/reservas,17.000000,0.000000,5,6,6,6,7,8,11,16,26,26,26,726,0,6,6.432270573086673,3.848652995657176,85.87697200709954,8965.0
1789927211,50,GET,GET /api/v1/reservas/{id},7.600000,0.000000,4,5,5,6,7,8,10,12,12,12,12,222,0,4,4.8667073467046835,2.92510399594903,31.72237001126632,442.0
1789927211,50,POST,POST /api/v1/auth/login,0.000000,0.000000,0,0,0,0,0,0,0,0,0,0,0,50,0,1500.0,1530.0452338409377,792.2298000048613,2097.246796009131,1622.0
1789927211,50,,Aggregated,24.600000,0.000000,5,6,6,6,7,8,11,13,26,26,26,998,0,5,82.41733382672972,2.92510399594903,2097.246796009131,6701.216432865732
1789927212,50,GET,GET /api/v1/reservas,16.900000,0.000000,5,6,6,6,7,8,11,16,26,26,26,746,0,6,6.394037801730846,3.848652995657176,85.87697200709954,8965.0
1789927212,50,GET,GET /api/v1/reservas/{id},7.400000,0.000000,4,5,5,6,7,8,10,12,12,12,12,232,0,4,4.824193245565703,2.92510399594903,31.72237001126632,442.0
1789927212,50,POST,POST /api/v1/auth/login,0.000000,0.000000,0,0,0,0,0,0,0,0,0,0,0,50,0,1500.0,1530.0452338409377,792.2298000048613,2097.246796009131,1622.0
1789927212,50,,Aggregated,24.300000,0.000000,5,6,6,6,7,8,10,13,26,26,26,1028,0,5,80.14730226177952,2.92510399594903,2097.246796009131,6684.371595330739
1789927213,50,GET,GET /api/v1/reservas,17.900000,0.000000,5,6,6,6,7,8,10,16,24,24,24,766,0,6,6.417085389125948,3.848652995657176,85.87697200709954,8965.0
1789927213,50,GET,GET /api/v1/reservas/{id},7.200000,0.000000,4,5,5,5,6,7,7,8,8,8,8,236,0,4,4.832209648218665,2.92510399594903,31.72237001126632,442.0
1789927213,50,POST,POST /api/v1/auth/login,0.000000,0.000000,0,0,0,0,0,0,0,0,0,0,0,50,0,1500.0,1530.0452338409377,792.2298000048613,2097.246796009131,1622.0
1789927213,50,,Aggregated,25.100000,0.000000,5,6,6,6,7,8,10,11,24,24,24,1052,0,5,78.47732944590966,2.92510399594903,2097.246796009131,6703.994296577946
1789927214,50,GET,GET /api/v1/reservas,18.700000,0.000000,5,6,6,6,7,9,10,16,24,24,24,787,0,6,6.406125574318865,3.848652995657176,85.87697200709954,8965.0
1789927214,50,GET,GET /api/v1/reservas/{id},6.600000,0.000000,4,5,5,5,6,6,7,8,8,8,8,242,0,4,4.829727520640413,2.92510399594903,31.72237001126632,442.0
1789927214,50,POST,POST /api/v1/auth/login,0.000000,0.000000,0,0,0,0,0,0,0,0,0,0,0,50,0,1500.0,1530.0452338409377,792.2298000048613,2097.246796009131,1622.0
1789927214,50,,Aggregated,25.300000,0.000000,5,6,6,6,7,8,10,11,24,24,24,1079,0,5,76.65679015665506,2.92510399594903,2097.246796009131,6713.177942539388
1789927215,50,GET,GET /api/v1/reservas,19.200000,0.000000,5,6,6,6,8,9,10,16,24,24,24,808,0,6,6.394613400957631,3.848652995657176,85.87697200709954,8965.0
1789927215,50,GET,GET /api/v1/reservas/{id},6.900000,0.000000,4,5,5,5,6,7,8,10,10,10,10,250,0,4,4.838484631909523,2.92510399594903,31.72237001126632,442.0
1789927215,50,POST,POST /api/v1/auth/login,0.000000,0.000000,0,0,0,0,0,0,0,0,0,0,0,50,0,1500.0,1530.0452338409377,792.2298000048613,2097.246796009131,1622.0
1789927215,50,,Aggregated,26.100000,0.000000,5,6,6,6,7,8,10,11,24,24,24,1108,0,5,74.80029826534118,2.92510399594903,2097.246796009131,6710.577617328519
1789927216,50,GET,GET /api/v1/reservas,19.100000,0.000000,5,6,6,7,8,9,11,16,24,24,24,824,0,6,6.401333140778114,3.848652995657176,85.87697200709954,8965.0
1789927216,50,GET,GET /api/v1/reservas/{id},6.800000,0.000000,4,5,5,5,7,8,8,10,10,10,10,256,0,4,4.852093242107003,2.92510399594903,31.72237001126632,442.0
1789927216,50,POST,POST /api/v1/auth/login,0.000000,0.000000,0,0,0,0,0,0,0,0,0,0,0,50,0,1500.0,1530.0452338409377,792.2298000048613,2097.246796009131,1622.0
1789927216,50,,Aggregated,25.900000,0.000000,5,6,6,6,8,8,10,11,24,24,24,1130,0,5,73.46822661064375,2.92510399594903,2097.246796009131,6709.214159292035
1789927217,50,GET,GET /api/v1/reservas,19.400000,0.000000,6,6,6,7,8,9,10,11,24,24,24,845,0,6,6.3820930023384195,3.848652995657176,85.87697200709954,8965.0
1789927217,50,GET,GET /api/v1/reservas/{id},6.700000,0.000000,4,5,5,6,7,8,8,10,10,10,10,260,0,4,4.849051173033121,2.92510399594903,31.72237001126632,442.0
1789927217,50,POST,POST /api/v1/auth/login,0.000000,0.000000,0,0,0,0,0,0,0,0,0,0,0,50,0,1500.0,1530.0452338409377,792.2298000048613,2097.246796009131,1622.0
1789927217,50,,Aggregated,26.100000,0.000000,5,6,6,6,8,9,10,11,24,24,24,1155,0,5,71.99643600347312,2.92510399594903,2097.246796009131,6728.523809523809
1789927218,50,GET,GET /api/v1/reservas,19.900000,0.000000,5,6,6,6,8,9,11,11,24,24,24,868,0,6,6.36960512327504,3.848652995657176,85.87697200709954,8965.0
1789927218,50,GET,GET /api/v1/reservas/{id},6.100000,0.000000,4,5,5,5,7,8,8,10,10,10,10,264,0,4,4.843832106030966,2.92510399594903,31.72237001126632,442.0
1789927218,50,POST,POST /api/v1/auth/login,0.000000,0.000000,0,0,0,0,0,0,0,0,0,0,0,50,0,1500.0,1530.0452338409377,792.2298000048613,2097.246796009131,1622.0
1789927218,50,,Aggregated,26.000000,0.000000,5,6,6,6,8,8,10,11,24,24,24,1182,0,5,70.4821071193247,2.92510399594903,2097.246796009131,6750.7681895093065
1789927219,50,GET,GET /api/v1/reservas,19.900000,0.000000,5,6,6,7,8,9,11,11,24,24,24,882,0,6,6.35868020858518,3.848652995657176,85.87697200709954,8965.0
1789927219,50,GET,GET /api/v1/reservas/{id},6.000000,0.000000,4,5,5,6,7,8,8,10,10,10,10,270,0,4,4.843555085136797,2.92510399594903,31.72237001126632,442.0
1789927219,50,POST,POST /api/v1/auth/login,0.000000,0.000000,0,0,0,0,0,0,0,0,0,0,0,50,0,1500.0,1530.0452338409377,792.2298000048613,2097.246796009131,1622.0
1789927219,50,,Aggregated,25.900000,0.000000,5,6,6,6,8,9,10,11,24,24,24,1202,0,5,69.39964850998831,2.92510399594903,2097.246796009131,6745.066555740433
1789927220,50,GET,GET /api/v1/reservas,20.300000,0.000000,5,6,6,7,8,9,11,11,24,24,24,908,0,6,6.326934297329085,3.848652995657176,85.87697200709954,8965.0
1789927220,50,GET,GET /api/v1/reservas/{id},5.400000,0.000000,4,5,5,6,7,8,8,10,10,10,10,280,0,4,4.834706524966999,2.92510399594903,31.72237001126632,442.0
1789927220,50,POST,POST /api/v1/auth/login,0.000000,0.000000,0,0,0,0,0,0,0,0,0,0,0,50,0,1500.0,1530.0452338409377,792.2298000048613,2097.246796009131,1622.0
1789927220,50,,Aggregated,25.700000,0.000000,5,6,6,6,8,9,10,11,24,24,24,1238,0,5,67.52894657593897,2.92510399594903,2097.246796009131,6740.775444264944
1789927221,50,GET,GET /api/v1/reservas,20.700000,0.000000,5,6,6,7,8,10,11,16,24,24,24,922,0,6,6.317156630122116,3.848652995657176,85.87697200709954,8965.0
1789927221,50,GET,GET /api/v1/reservas/{id},5.500000,0.000000,4,5,5,6,7,7,8,10,10,10,10,284,0,4,4.8220250985612205,2.92510399594903,31.72237001126632,442.0
1789927221,50,POST,POST /api/v1/auth/login,0.000000,0.000000,0,0,0,0,0,0,0,0,0,0,0,50,0,1500.0,1530.0452338409377,792.2298000048613,2097.246796009131,1622.0
1789927221,50,,Aggregated,26.200000,0.000000,5,6,6,6,8,9,10,11,24,24,24,1256,0,5,66.63705034475387,2.92510399594903,2097.246796009131,6745.50796178344
1789927222,50,GET,GET /api/v1/reservas,20.400000,0.000000,6,6,6,7,8,10,11,16,24,24,24,940,0,6,6.303957768079968,3.848652995657176,85.87697200709954,8965.0
1789927222,50,GET,GET /api/v1/reservas/{id},5.600000,0.000000,4,5,5,6,7,8,8,10,10,10,10,290,0,4,4.801224431089238,2.92510399594903,31.72237001126632,442.0
1789927222,50,POST,POST /api/v1/auth/login,0.000000,0.000000,0,0,0,0,0,0,0,0,0,0,0,50,0,1500.0,1530.0452338409377,792.2298000048613,2097.246796009131,1622.0
1789927222,50,,Aggregated,26.000000,0.000000,5,6,6,7,8,9,11,11,24,24,24,1280,0,5,65.48463834301401,2.92510399594903,2097.246796009131,6747.171875
1789927223,50,GET,GET /api/v1/reservas,20.600000,0.000000,5,6,6,7,8,9,10,11,11,11,11,956,0,6,6.287432253153977,3.848652995657176,85.87697200709954,8965.0
1789927223,50,GET,GET /api/v1/reservas/{id},6.000000,0.000000,4,5,5,5,7,8,10,11,11,11,11,301,0,4,4.801419149611247,2.92510399594903,31.72237001126632,442.0
1789927223,50,POST,POST /api/v1/auth/login,0.000000,0.000000,0,0,0,0,0,0,0,0,0,0,0,50,0,1500.0,1530.0452338409377,792.2298000048613,2097.246796009131,1622.0
1789927223,50,,Aggregated,26.600000,0.000000,5,6,6,6,8,8,10,11,11,11,11,1307,0,5,64.23739410106738,2.92510399594903,2097.246796009131,6721.256312165264
1789927224,50,GET,GET /api/v1/reservas,19.600000,0.000000,6,6,6,7,8,9,10,11,12,12,12,972,0,6,6.298927142031021,3.848652995657176,85.87697200709954,8965.0
1789927224,50,GET,GET /api/v1/reservas/{id},6.200000,0.000000,4,5,5,6,7,9,11,11,11,11,11,307,0,4,4.834025153182659,2.92510399594903,31.72237001126632,442.0
1789927224,50,POST,POST /api/v1/auth/login,0.000000,0.000000,0,0,0,0,0,0,0,0,0,0,0,50,0,1500.0,1530.0452338409377,792.2298000048613,2097.246796009131,1622.0
1789927224,50,,Aggregated,25.800000,0.000000,5,6,6,7,8,9,11,11,12,12,12,1329,0,5,63.287332276996324,2.92510399594903,2097.246796009131,6719.920240782543
1789927225,50,GET,GET /api/v1/reservas,19.200000,0.000000,5,6,6,6,8,9,10,11,12,12,12,989,0,6,6.276602140578127,3.848652995657176,85.87697200709954,8965.0
1789927225,50,GET,GET /api/v1/reservas/{id},5.800000,0.000000,4,5,5,5,7,8,11,11,11,11,11,313,0,4,4.819480297337926,2.92510399594903,31.72237001126632,442.0
1789927225,50,POST,POST /api/v1/auth/login,0.000000,0.000000,0,0,0,0,0,0,0,0,0,0,0,50,0,1500.0,1530.0452338409377,792.2298000048613,2097.246796009131,1622.0
1789927225,50,,Aggregated,25.000000,0.000000,5,6,6,6,8,9,11,11,12,12,12,1352,0,5,62.291655726438925,2.92510399594903,2097.246796009131,6720.289201183432
1789927226,50,GET,GET /api/v1/reservas,18.800000,0.000000,6,6,6,7,8,10,11,12,28,28,28,1004,0,6,6.313140306828648,3.848652995657176,85.87697200709954,8965.0
1789927226,50,GET,GET /api/v1/reservas/{id},6.300000,0.000000,4,5,5,5,7,9,11,11,11,11,11,324,0,4,4.852364611221596,2.92510399594903,31.72237001126632,442.0
1789927226,50,POST,POST /api/v1/auth/login,0.000000,0.000000,0,0,0,0,0,0,0,0,0,0,0,50,0,1500.0,1530.0452338409377,792.2298000048613,2097.246796009131,1622.0
1789927226,50,,Aggregated,25.100000,0.000000,5,6,6,6,8,9,11,12,28,28,28,1378,0,5,61.257489618387986,2.92510399594903,2097.246796009131,6694.606676342525
1789927227,50,GET,GET /api/v1/reservas,18.500000,0.000000,5,6,6,6,8,10,12,17,28,28,28,1022,0,6,6.3002168346799445,3.848652995657176,85.87697200709954,8965.0
1789927227,50,GET,GET /api/v1/reservas/{id},6.300000,0.000000,5,5,5,5,6,9,11,11,11,11,11,330,0,4,4.84568643353696,2.92510399594903,31.72237001126632,442.0
1789927227,50,POST,POST /api/v1/auth/login,0.000000,0.000000,0,0,0,0,0,0,0,0,0,0,0,50,0,1500.0,1530.0452338409377,792.2298000048613,2097.246796009131,1622.0
1789927227,50,,Aggregated,24.800000,0.000000,5,6,6,6,7,9,11,12,28,28,28,1402,0,5,60.29968603434878,2.92510399594903,2097.246796009131,6696.997146932953
1789927228,50,GET,GET /api/v1/reservas,18.100000,0.000000,5,6,6,6,7,10,12,17,28,28,28,1040,0,6,6.281077766372898,3.848652995657176,85.87697200709954,8965.0
1789927228,50,GET,GET /api/v1/reservas/{id},6.300000,0.000000,4,5,5,5,6,9,11,11,11,11,11,337,0,4,4.838869187138693,2.92510399594903,31.72237001126632,442.0
1789927228,50,POST,POST /api/v1/auth/login,0.000000,0.000000,0,0,0,0,0,0,0,0,0,0,0,50,0,1500.0,1530.0452338409377,792.2298000048613,2097.246796009131,1622.0
1789927228,50,,Aggregated,24.400000,0.000000,5,6,6,6,7,9,11,12,28,28,28,1427,0,5,59.33096109680479,2.92510399594903,2097.246796009131,6694.922214435879
1789927229,50,GET,GET /api/v1/reservas,17.700000,0.000000,5,6,6,7,8,10,12,17,28,28,28,1063,0,6,6.295284450606457,3.848652995657176,85.87697200709954,8965.0
1789927229,50,GET,GET /api/v1/reservas/{id},6.700000,0.000000,4,5,5,5,7,9,11,11,11,11,11,339,0,4,4.837639826141466,2.92510399594903,31.72237001126632,442.0
1789927229,50,POST,POST /api/v1/auth/login,0.000000,0.000000,0,0,0,0,0,0,0,0,0,0,0,50,0,1500.0,1530.0452338409377,792.2298000048613,2097.246796009131,1622.0
1789927229,50,,Aggregated,24.400000,0.000000,5,6,6,6,8,10,12,14,28,28,28,1452,0,5,58.42569487885916,2.92510399594903,2097.246796009131,6722.267906336088
1789927230,50,GET,GET /api/v1/reservas,17.900000,0.000000,5,6,6,7,8,11,12,17,28,28,28,1083,0,6,6.277053236374129,3.848652995657176,85.87697200709954,8965.0
1789927230,50,GET,GET /api/v1/reservas/{id},7.000000,0.000000,4,5,5,5,7,9,11,11,11,11,11,345,0,4,4.836229756651648,2.92510399594903,31.72237001126632,442.0
1789927230,50,POST,POST /api/v1/auth/login,0.000000,0.000000,0,0,0,0,0,0,0,0,0,0,0,50,0,1500.0,1530.0452338409377,792.2298000048613,2097.246796009131,1622.0
1789927230,50,,Aggregated,24.900000,0.000000,5,6,6,6,8,10,12,14,28,28,28,1478,0,5,57.48904574633619,2.92510399594903,2097.246796009131,6727.121109607578
1789927231,50,GET,GET /api/v1/reservas,17.100000,0.000000,5,6,6,6,8,11,12,17,28,28,28,1100,0,6,6.257637473635524,3.848652995657176,85.87697200709954,8965.0
1789927231,50,GET,GET /api/v1/reservas/{id},7.300000,0.000000,4,5,5,5,7,9,11,11,11,11,11,354,0,4,4.8103841527438815,2.92510399594903,31.72237001126632,442.0
1789927231,50,POST,POST /api/v1/auth/login,0.000000,0.000000,0,0,0,0,0,0,0,0,0,0,0,50,0,1500.0,1530.0452338409377,792.2298000048613,2097.246796009131,1622.0
1789927231,50,,Aggregated,24.400000,0.000000,5,6,6,6,8,10,12,14,28,28,28,1504,0,5,56.574826398349266,2.92510399594903,2097.246796009131,6714.80585106383
1789927232,50,GET,GET /api/v1/reservas,18.100000,0.000000,5,6,6,6,8,11,12,17,28,28,28,1115,0,6,6.245641764151579,3.848652995657176,85.87697200709954,8965.0
1789927232,50,GET,GET /api/v1/reservas/{id},6.900000,0.000000,5,5,5,5,6,9,11,11,11,11,11,362,0,4,4.809997353792186,2.92510399594903,31.72237001126632,442.0
1789927232,50,POST,POST /api/v1/auth/login,0.000000,0.000000,0,0,0,0,0,0,0,0,0,0,0,50,0,1500.0,1530.0452338409377,792.2298000048613,2097.246796009131,1622.0
1789927232,50,,Aggregated,25.000000,0.000000,5,6,6,6,8,10,12,14,28,28,28,1527,0,5,55.80050510880725,2.92510399594903,2097.246796009131,6704.046496398167
1789927233,50,GET,GET /api/v1/reservas,17.500000,0.000000,5,6,6,6,8,11,17,22,28,28,28,1133,0,6,6.257334157147602,3.848652995657176,85.87697200709954,8965.0
1789927233,50,GET,GET /api/v1/reservas/{id},6.500000,0.000000,5,5,5,6,7,9,11,14,14,14,14,365,0,4,4.833211657776153,2.92510399594903,31.72237001126632,442.0
1789927233,50,POST,POST /api/v1/auth/login,0.000000,0.000000,0,0,0,0,0,0,0,0,0,0,0,50,0,1500.0,1530.0452338409377,792.2298000048613,2097.246796009131,1622.0
1789927233,50,,Aggregated,24.000000,0.000000,5,6,6,6,8,11,14,20,28,28,28,1548,0,5,55.139498415493165,2.92510399594903,2097.246796009131,6718.200904392765
1789927234,50,GET,GET /api/v1/reservas,17.600000,0.000000,5,6,6,6,8,11,17,22,28,28,28,1155,0,6,6.259523413836496,3.848652995657176,85.87697200709954,8965.0
1789927234,50,GET,GET /api/v1/reservas/{id},7.200000,0.000000,5,5,5,6,6,8,9,14,14,14,14,370,0,4,4.839451081352308,2.92510399594903,31.72237001126632,442.0
1789927234,50,POST,POST /api/v1/auth/login,0.000000,0.000000,0,0,0,0,0,0,0,0,0,0,0,50,0,1500.0,1530.0452338409377,792.2298000048613,2097.246796009131,1622.0
1789927234,50,,Aggregated,24.800000,0.000000,5,6,6,6,8,10,14,20,28,28,28,1575,0,5,54.30006865722438,2.92510399594903,2097.246796009131,6729.660317460318
1789927235,50,GET,GET /api/v1/reservas,17.600000,0.000000,5,6,6,7,9,11,17,22,28,28,28,1181,0,6,6.248645471632922,3.8055179902585223,85.87697200709954,8965.0
1789927235,50,GET,GET /api/v1/reservas/{id},7.200000,0.000000,5,5,5,6,7,9,9,14,14,14,14,373,0,4,4.840121997598978,2.92510399594903,31.72237001126632,442.0
1789927235,50,POST,POST /api/v1/auth/login,0.000000,0.000000,0,0,0,0,0,0,0,0,0,0,0,50,0,1500.0,1530.0452338409377,792.2298000048613,2097.246796009131,1622.0
1789927235,50,,Aggregated,24.800000,0.000000,5,6,6,6,8,11,14,20,28,28,28,1604,0,5,53.42099594710086,2.92510399594903,2097.246796009131,6754.134039900249
1789927236,50,GET,GET /api/v1/reservas,17.800000,0.000000,5,6,6,6,8,10,14,20,22,22,22,1197,0,6,6.237692434447502,3.8055179902585223,85.87697200709954,8965.0
1789927236,50,GET,GET /api/v1/reservas/{id},6.400000,0.000000,4,5,5,5,6,8,8,14,14,14,14,377,0,4,4.827479193983254,2.92510399594903,31.72237001126632,442.0
1789927236,50,POST,POST /api/v1/auth/login,0.000000,0.000000,0,0,0,0,0,0,0,0,0,0,0,50,0,1500.0,1530.0452338409377,792.2298000048613,2097.246796009131,1622.0
1789927236,50,,Aggregated,24.200000,0.000000,5,6,6,6,7,9,14,17,22,22,22,1624,0,5,52.82557832032773,2.92510399594903,2097.246796009131,6760.368842364532
1789927237,50,GET,GET /api/v1/reservas,18.300000,0.000000,5,6,6,6,8,9,12,20,22,22,22,1212,0,6,6.227856284690746,3.8055179902585223,85.87697200709954,8965.0
1789927237,50,GET,GET /api/v1/reservas/{id},6.200000,0.000000,4,5,5,5,6,7,8,14,14,14,14,392,0,4,4.808282069183295,2.92510399594903,31.72237001126632,442.0
1789927237,50,POST,POST /api/v1/auth/login,0.000000,0.000000,0,0,0,0,0,0,0,0,0,0,0,50,0,1500.0,1530.0452338409377,792.2298000048613,2097.246796009131,1622.0
1789927237,50,,Aggregated,24.500000,0.000000,5,6,6,6,8,9,12,14,22,22,22,1654,0,5,51.956027859862104,2.92510399594903,2097.246796009131,6723.061668681983
1789927238,50,GET,GET /api/v1/reservas,19.200000,0.000000,5,6,6,7,8,9,12,20,22,22,22,1229,0,6,6.216380733959593,3.8055179902585223,85.87697200709954,8965.0
1789927238,50,GET,GET /api/v1/reservas/{id},6.000000,0.000000,4,5,5,5,6,8,8,14,14,14,14,396,0,4,4.801616033114672,2.92510399594903,31.72237001126632,442.0
1789927238,50,POST,POST /api/v1/auth/login,0.000000,0.000000,0,0,0,0,0,0,0,0,0,0,0,50,0,1500.0,1530.0452338409377,792.2298000048613,2097.246796009131,1622.0
1789927238,50,,Aggregated,25.200000,0.000000,5,6,6,6,8,9,12,14,22,22,22,1675,0,5,51.36933347056515,2.92510399594903,2097.246796009131,6730.816119402985
1789927239,50,GET,GET /api/v1/reservas,19.400000,0.000000,5,6,6,7,7,9,12,20,22,22,22,1250,0,6,6.219048879214097,3.8055179902585223,85.87697200709954,8965.0
1789927239,50,GET,GET /api/v1/reservas/{id},5.300000,0.000000,4,5,5,5,6,8,8,14,14,14,14,400,0,4,4.793489285293617,2.92510399594903,31.72237001126632,442.0
1789927239,50,POST,POST /api/v1/auth/login,0.000000,0.000000,0,0,0,0,0,0,0,0,0,0,0,50,0,1500.0,1530.0452338409377,792.2298000048613,2097.246796009131,1622.0
1789927239,50,,Aggregated,24.700000,0.000000,5,6,6,6,7,9,12,14,22,22,22,1700,0,5,50.70204029716586,2.92510399594903,2097.246796009131,6743.617647058823
1789927240,50,GET,GET /api/v1/reservas,18.900000,0.000000,5,6,6,7,8,9,12,20,22,22,22,1270,0,6,6.2222836731990805,3.8055179902585223,85.87697200709954,8965.0
1789927240,50,GET,GET /api/v1/reservas/{id},6.200000,0.000000,4,5,5,5,6,7,8,14,14,14,14,402,0,4,4.790347736609453,2.92510399594903,31.72237001126632,442.0
1789927240,50,POST,POST /api/v1/auth/login,0.000000,0.000000,0,0,0,0,0,0,0,0,0,0,0,50,0,1500.0,1530.0452338409377,792.2298000048613,2097.246796009131,1622.0
1789927240,50,,Aggregated,25.100000,0.000000,5,6,6,6,7,9,12,14,22,22,22,1722,0,5,50.133729237588106,2.92510399594903,2097.246796009131,6762.098722415795
1789927241,50,GET,GET /api/v1/reservas,18.900000,0.000000,5,6,6,7,8,9,12,20,22,22,22,1291,0,6,6.210744779184208,3.8055179902585223,85.87697200709954,8965.0
1789927241,50,GET,GET /api/v1/reservas/{id},5.800000,0.000000,4,5,5,5,6,7,8,14,14,14,14,408,0,4,4.773703828701115,2.92510399594903,31.72237001126632,442.0
1789927241,50,POST,POST /api/v1/auth/login,0.000000,0.000000,0,0,0,0,0,0,0,0,0,0,0,50,0,1500.0,1530.0452338409377,792.2298000048613,2097.246796009131,1622.0
1789927241,50,,Aggregated,24.700000,0.000000,5,6,6,7,7,9,12,14,22,22,22,1749,0,5,49.438538801648804,2.92510399594903,2097.246796009131,6766.867352773013
1789927242,50,GET,GET /api/v1/reservas,18.800000,0.000000,5,6,6,7,8,9,12,20,22,22,22,1309,0,6,6.196898509508334,3.803683997830376,85.87697200709954,8965.0
1789927242,50,GET,GET /api/v1/reservas/{id},6.000000,0.000000,4,5,5,5,6,7,8,14,14,14,14,413,0,4,4.767012714568162,2.92510399594903,31.72237001126632,442.0
1789927242,50,POST,POST /api/v1/auth/login,0.000000,0.000000,0,0,0,0,0,0,0,0,0,0,0,50,0,1500.0,1530.0452338409377,792.2298000048613,2097.246796009131,1622.0
1789927242,50,,Aggregated,24.800000,0.000000,5,6,6,7,7,9,12,14,22,22,22,1772,0,5,48.86161291879794,2.92510399594903,2097.246796009131,6771.349322799097
1789927243,50,GET,GET /api/v1/reservas,18.700000,0.000000,5,6,7,7,9,9,12,12,16,16,16,1330,0,6,6.202628211999274,3.803683997830376,85.87697200709954,8965.0
1789927243,50,GET,GET /api/v1/reservas/{id},5.800000,0.000000,4,5,5,5,6,8,10,20,20,20,20,416,0,4,4.811618274323757,2.92510399594903,31.72237001126632,442.0
1789927243,50,POST,POST /api/v1/auth/login,0.000000,0.000000,0,0,0,0,0,0,0,0,0,0,0,50,0,1500.0,1530.0452338409377,792.2298000048613,2097.246796009131,1622.0
1789927243,50,,Aggregated,24.500000,0.000000,5,6,6,7,8,9,12,12,20,20,20,1796,0,5,48.303669496728624,2.92510399594903,2097.246796009131,6786.426503340757
1789927244,50,GET,GET /api/v1/reservas,19.000000,0.000000,5,6,7,7,11,16,36,59,76,76,76,1349,0,6,6.446889131164694,3.803683997830376,85.87697200709954,8965.0
1789927244,50,GET,GET /api/v1/reservas/{id},5.300000,0.000000,4,5,5,6,10,60,110,140,140,140,140,422,0,4,5.552456206413122,2.92510399594903,138.90227999945637,442.0
1789927244,50,POST,POST /api/v1/auth/login,0.000000,0.000000,0,0,0,0,0,0,0,0,0,0,0,50,0,1500.0,1530.0452338409377,792.2298000048613,2097.246796009131,1622.0
1789927244,50,,Aggregated,24.300000,0.000000,5,6,7,7,11,18,59,76,140,140,140,1821,0,5,48.0737241345933,2.92510399594903,2097.246796009131,6788.253157605711
1789927245,50,GET,GET /api/v1/reservas,19.400000,0.000000,6,7,8,10,19,35,59,76,140,140,140,1368,0,6,6.791538699494408,3.803683997830376,141.49748299678322,8965.0
1789927245,50,GET,GET /api/v1/reservas/{id},5.200000,0.000000,4,5,6,7,26,63,110,140,140,140,140,428,0,4,5.845027046965459,2.92510399594903,138.90227999945637,442.0
1789927245,50,POST,POST /api/v1/auth/login,0.000000,0.000000,0,0,0,0,0,0,0,0,0,0,0,50,0,1500.0,1530.0452338409377,792.2298000048613,2097.246796009131,1622.0
1789927245,50,,Aggregated,24.600000,0.000000,6,7,8,9,19,40,63,110,140,140,140,1846,0,5,47.830313222674135,2.92510399594903,2097.246796009131,6790.030335861322
1789927246,50,GET,GET /api/v1/reservas,19.500000,0.000000,6,8,11,12,23,49,60,76,140,140,140,1385,0,6,7.000566645416545,3.803683997830376,141.49748299678322,8965.0
1789927246,50,GET,GET /api/v1/reservas/{id},5.200000,0.000000,5,6,7,13,29,63,110,140,140,140,140,434,0,4,5.947110488713603,2.92510399594903,138.90227999945637,442.0
1789927246,50,POST,POST /api/v1/auth/login,0.000000,0.000000,0,0,0,0,0,0,0,0,0,0,0,50,0,1500.0,1530.0452338409377,792.2298000048613,2097.246796009131,1622.0
1789927246,50,,Aggregated,24.700000,0.000000,6,7,10,13,26,52,63,110,140,140,140,1869,0,5,47.50085203212975,2.92510399594903,2097.246796009131,6789.434456928839
1789927247,50,GET,GET /api/v1/reservas,19.500000,0.000000,7,9,12,15,37,59,86,95,140,140,140,1401,0,6,7.287173495273708,3.803683997830376,141.49748299678322,8965.0
1789927247,50,GET,GET /api/v1/reservas/{id},5.300000,0.000000,6,7,11,17,40,94,110,140,140,140,140,446,0,4,6.142307365743335,2.92510399594903,138.90227999945637,442.0
1789927247,50,POST,POST /api/v1/auth/login,0.000000,0.000000,0,0,0,0,0,0,0,0,0,0,0,50,0,1500.0,1530.0452338409377,792.2298000048613,2097.246796009131,1622.0
1789927247,50,,Aggregated,24.800000,0.000000,6,9,12,15,37,60,94,110,140,140,140,1897,0,5,47.1539593273837,2.92510399594903,2097.246796009131,6767.631523458092
1789927248,50,GET,GET /api/v1/reservas,18.600000,0.000000,6,9,12,15,37,59,86,95,140,140,140,1415,0,6,7.266673703789842,3.803683997830376,141.49748299678322,8965.0
1789927248,50,GET,GET /api/v1/reservas/{id},5.600000,0.000000,5,7,10,15,40,94,110,140,140,140,140,456,0,4,6.096010342413424,2.92510399594903,138.90227999945637,442.0
1789927248,50,POST,POST /api/v1/auth/login,0.000000,0.000000,0,0,0,0,0,0,0,0,0,0,0,50,0,1500.0,1530.0452338409377,792.2298000048613,2097.246796009131,1622.0
1789927248,50,,Aggregated,24.200000,0.000000,6,9,12,15,37,60,94,110,140,140,140,1921,0,5,46.62383430455494,2.92510399594903,2097.246796009131,6750.716814159292
1789927249,50,GET,GET /api/v1/reservas,18.700000,0.000000,6,10,12,16,41,59,86,95,140,140,140,1429,0,6,7.258824756392375,3.803683997830376,141.49748299678322,8965.0
1789927249,50,GET,GET /api/v1/reservas/{id},5.700000,0.000000,5,7,9,11,29,63,110,140,140,140,140,466,0,4,6.065516895139909,2.92510399594903,138.90227999945637,442.0
1789927249,50,POST,POST /api/v1/auth/login,0.000000,0.000000,0,0,0,0,0,0,0,0,0,0,0,50,0,1500.0,1530.0452338409377,792.2298000048613,2097.246796009131,1622.0
1789927249,50,,Aggregated,24.400000,0.000000,6,9,12,15,37,60,94,110,140,140,140,1945,0,5,46.119101872527914,2.92510399594903,2097.246796009131,6734.219537275064
1789927250,50,GET,GET /api/v1/reservas,18.900000,0.000000,6,9,12,16,41,59,86,95,140,140,140,1450,0,6,7.241163019207306,3.803683997830376,141.49748299678322,8965.0
1789927250,50,GET,GET /api/v1/reservas/{id},5.400000,0.000000,5,7,9,11,29,63,110,140,140,140,140,473,0,4,6.0511999664484595,2.92510399594903,138.90227999945637,442.0
1789927250,50,POST,POST /api/v1/auth/login,0.000000,0.000000,0,0,0,0,0,0,0,0,0,0,0,50,0,1500.0,1530.0452338409377,792.2298000048613,2097.246796009131,1622.0
1789927250,50,,Aggregated,24.300000,0.000000,6,9,11,15,37,60,94,110,140,140,140,1973,0,5,45.546966879892345,2.92510399594903,2097.246796009131,6735.63912823112
1789927251,50,GET,GET /api/v1/reservas,18.600000,0.000000,6,10,12,16,41,59,86,95,140,140,140,1467,0,6,7.214515417037835,3.803683997830376,141.49748299678322,8965.0
1789927251,50,GET,GET /api/v1/reservas/{id},6.100000,0.000000,5,6,9,10,26,63,110,140,140,140,140,481,0,4,6.015690226904591,2.92510399594903,138.90227999945637,442.0
1789927251,50,POST,POST /api/v1/auth/login,0.000000,0.000000,0,0,0,0,0,0,0,0,0,0,0,50,0,1500.0,1530.0452338409377,792.2298000048613,2097.246796009131,1622.0
1789927251,50,,Aggregated,24.700000,0.000000,6,8,11,15,37,60,94,110,140,140,140,1998,0,5,45.03478619018143,2.92510399594903,2097.246796009131,6729.407907907908
1789927252,50,GET,GET /api/v1/reservas,17.900000,0.000000,6,9,12,16,41,59,86,95,140,140,140,1488,0,6,7.182534801632824,3.803683997830376,141.49748299678322,8965.0
1789927252,50,GET,GET /api/v1/reservas/{id},6.700000,0.000000,5,7,9,11,29,63,110,140,140,140,140,484,0,4,6.005033692462882,2.92510399594903,138.90227999945637,442.0
1789927252,50,POST,POST /api/v1/auth/login,0.000000,0.000000,0,0,0,0,0,0,0,0,0,0,0,50,0,1500.0,1530.0452338409377,792.2298000048613,2097.246796009131,1622.0
1789927252,50,,Aggregated,24.600000,0.000000,6,9,11,15,37,60,94,110,140,140,140,2022,0,5,44.55801670822382,2.92510399594903,2097.246796009131,6743.297725024728
1789927253,50,GET,GET /api/v1/reservas,17.900000,0.000000,6,10,13,17,41,59,86,95,140,140,140,1505,0,6,7.173271322807768,3.803683997830376,141.49748299678322,8965.0
1789927253,50,GET,GET /api/v1/reservas/{id},7.000000,0.000000,5,6,7,9,26,63,110,140,140,140,140,492,0,4,5.990921272669079,2.92510399594903,138.90227999945637,442.0
1789927253,50,POST,POST /api/v1/auth/login,0.000000,0.000000,0,0,0,0,0,0,0,0,0,0,0,50,0,1500.0,1530.0452338409377,792.2298000048613,2097.246796009131,1622.0
1789927253,50,,Aggregated,24.900000,0.000000,6,8,11,15,37,60,94,110,140,140,140,2047,0,5,44.08674562727199,2.92510399594903,2097.246796009131,6737.122129946263
1789927254,50,GET,GET /api/v1/reservas,17.600000,0.000000,6,7,10,12,28,56,86,95,140,140,140,1524,0,6,7.153574822745466,3.803683997830376,141.49748299678322,8965.0
1789927254,50,GET,GET /api/v1/reservas/{id},7.200000,0.000000,4,5,6,7,13,26,63,94,94,94,94,497,0,4,5.966323921859819,2.92510399594903,138.90227999945637,442.0
1789927254,50,POST,POST /api/v1/auth/login,0.000000,0.000000,0,0,0,0,0,0,0,0,0,0,0,50,0,1500.0,1530.0452338409377,792.2298000048613,2097.246796009131,1622.0
1789927254,50,,Aggregated,24.800000,0.000000,6,6,8,10,22,52,86,94,140,140,140,2071,0,5,43.63571835397166,2.92510399594903,2097.246796009131,6742.363109608885
1789927255,50,GET,GET /api/v1/reservas,17.700000,0.000000,6,6,7,8,12,42,74,93,95,95,95,1541,0,6,7.140187938945954,3.803683997830376,141.49748299678322,8965.0
1789927255,50,GET,GET /api/v1/reservas/{id},7.000000,0.000000,4,5,6,6,9,13,15,94,94,94,94,507,0,4,5.946729211401905,2.92510399594903,138.90227999945637,442.0
1789927255,50,POST,POST /api/v1/auth/login,0.000000,0.000000,0,0,0,0,0,0,0,0,0,0,0,50,0,1500.0,1530.0452338409377,792.2298000048613,2097.246796009131,1622.0
1789927255,50,,Aggregated,24.700000,0.000000,5,6,7,7,12,28,60,93,95,95,95,2098,0,5,43.145988091584066,2.92510399594903,2097.246796009131,6730.3427073403245
1789927256,50,GET,GET /api/v1/reservas,17.600000,0.000000,5,6,6,7,9,11,74,93,95,95,95,1556,0,6,7.126724379110449,3.803683997830376,141.49748299678322,8965.0
1789927256,50,GET,GET /api/v1/reservas/{id},7.500000,0.000000,4,5,5,6,7,9,13,94,94,94,94,513,0,4,5.924066173843812,2.92510399594903,138.90227999945637,442.0
1789927256,50,POST,POST /api/v1/auth/login,0.000000,0.000000,0,0,0,0,0,0,0,0,0,0,0,50,0,1500.0,1530.0452338409377,792.2298000048613,2097.246796009131,1622.0
1789927256,50,,Aggregated,25.100000,0.000000,5,6,6,6,8,11,74,93,95,95,95,2119,0,5,42.77040621667042,2.92510399594903,2097.246796009131,6728.355828220859
1789927257,50,GET,GET /api/v1/reservas,17.500000,0.000000,5,6,6,6,8,9,10,15,15,15,15,1576,0,6,7.110716175051733,3.803683997830376,141.49748299678322,8965.0
1789927257,50,GET,GET /api/v1/reservas/{id},7.400000,0.000000,4,4,5,5,6,7,9,13,13,13,13,517,0,4,5.919026311782389,2.92510399594903,138.90227999945637,442.0
1789927257,50,POST,POST /api/v1/auth/login,0.000000,0.000000,0,0,0,0,0,0,0,0,0,0,0,50,0,1500.0,1530.0452338409377,792.2298000048613,2097.246796009131,1622.0
1789927257,50,,Aggregated,24.900000,0.000000,5,6,6,6,7,9,10,13,15,15,15,2143,0,5,42.355990194642985,2.92510399594903,2097.246796009131,6737.49603359776
1789927258,50,GET,GET /api/v1/reservas,17.300000,0.000000,5,6,6,6,8,9,10,15,15,15,15,1593,0,6,7.091075014974863,3.803683997830376,141.49748299678322,8965.0
1789927258,50,GET,GET /api/v1/reservas/{id},7.800000,0.000000,4,5,5,5,7,7,9,13,13,13,13,523,0,4,5.907600600790833,2.92510399594903,138.90227999945637,442.0
1789927258,50,POST,POST /api/v1/auth/login,0.000000,0.000000,0,0,0,0,0,0,0,0,0,0,0,50,0,1500.0,1530.0452338409377,792.2298000048613,2097.246796009131,1622.0
1789927258,50,,Aggregated,25.100000,0.000000,5,6,6,6,7,9,10,13,15,15,15,2166,0,5,41.96122774936078,2.92510399594903,2097.246796009131,6737.539704524469
1789927259,50,GET,GET /api/v1/reservas,17.100000,0.000000,5,6,6,6,7,9,10,15,15,15,15,1608,0,6,7.087104864360154,3.803683997830376,141.49748299678322,8965.0
1789927259,50,GET,GET /api/v1/reservas/{id},7.900000,0.000000,4,5,5,5,7,7,12,13,13,13,13,532,0,4,5.900583855664013,2.92510399594903,138.90227999945637,442.0
1789927259,50,POST,POST /api/v1/auth/login,0.000000,0.000000,0,0,0,0,0,0,0,0,0,0,0,50,0,1500.0,1530.0452338409377,792.2298000048613,2097.246796009131,1622.0
1789927259,50,,Aggregated,25.000000,0.000000,5,6,6,6,7,8,11,13,15,15,15,2190,0,5,41.56960590189556,2.92510399594903,2097.246796009131,6726.924200913242
1789927260,50,GET,GET /api/v1/reservas,17.300000,0.000000,5,6,6,7,8,9,11,15,15,15,15,1625,0,6,7.0822529488314805,3.803683997830376,141.49748299678322,8965.0
1789927260,50,GET,GET /api/v1/reservas/{id},7.100000,0.000000,4,5,5,5,7,7,12,13,13,13,13,538,0,4,5.892226630512393,2.92510399594903,138.90227999945637,442.0
1789927260,50,POST,POST /api/v1/auth/login,0.000000,0.000000,0,0,0,0,0,0,0,0,0,0,0,50,0,1500.0,1530.0452338409377,792.2298000048613,2097.246796009131,1622.0
1789927260,50,,Aggregated,24.400000,0.000000,5,6,6,6,7,9,12,13,15,15,15,2213,0,5,41.20241331274908,2.92510399594903,2097.246796009131,6727.076818798012
1789927261,50,GET,GET /api/v1/reservas,17.800000,0.000000,5,6,6,7,8,9,11,15,15,15,15,1644,0,6,7.0659267237454415,3.803683997830376,141.49748299678322,8965.0
1789927261,50,GET,GET /api/v1/reservas/{id},6.600000,0.000000,4,5,5,5,7,7,12,13,13,13,13,543,0,4,5.873202276641235,2.92510399594903,138.90227999945637,442.0
1789927261,50,POST,POST /api/v1/auth/login,0.000000,0.000000,0,0,0,0,0,0,0,0,0,0,0,50,0,1500.0,1530.0452338409377,792.2298000048613,2097.246796009131,1622.0
1789927261,50,,Aggregated,24.400000,0.000000,5,6,6,7,8,9,12,13,15,15,15,2237,0,5,40.817073787259986,2.92510399594903,2097.246796009131,6732.0366562360305
1789927262,50,GET,GET /api/v1/reservas,17.800000,0.000000,5,6,6,7,8,9,11,15,15,15,15,1661,0,6,7.049131457459292,3.803683997830376,141.49748299678322,8965.0
1789927262,50,GET,GET /api/v1/reservas/{id},6.500000,0.000000,4,5,5,5,7,7,12,13,13,13,13,551,0,4,5.847688624704005,2.92510399594903,138.90227999945637,442.0
1789927262,50,POST,POST /api/v1/auth/login,0.000000,0.000000,0,0,0,0,0,0,0,0,0,0,0,50,0,1500.0,1530.0452338409377,792.2298000048613,2097.246796009131,1622.0
1789927262,50,,Aggregated,24.300000,0.000000,5,6,6,7,8,9,12,13,15,15,15,2262,0,5,40.42128447175008,2.92510399594903,2097.246796009131,6726.572502210433
1789927263,50,GET,GET /api/v1/reservas,17.500000,0.000000,5,6,6,7,8,9,11,11,12,12,12,1682,0,6,7.0296374422438666,3.803683997830376,141.49748299678322,8965.0
1789927263,50,GET,GET /api/v1/reservas/{id},6.500000,0.000000,4,5,5,5,7,7,8,12,12,12,12,556,0,4,5.831075951777584,2.92510399594903,138.90227999945637,442.0
1789927263,50,POST,POST /api/v1/auth/login,0.000000,0.000000,0,0,0,0,0,0,0,0,0,0,0,50,0,1500.0,1530.0452338409377,792.2298000048613,2097.246796009131,1622.0
1789927263,50,,Aggregated,24.000000,0.000000,5,6,6,7,7,9,11,11,12,12,12,2288,0,5,40.02106210624537,2.92510399594903,2097.246796009131,6733.383741258741
1789927264,50,GET,GET /api/v1/reservas,17.700000,0.000000,5,6,6,7,8,9,11,11,12,12,12,1703,0,6,7.007261837865578,3.803683997830376,141.49748299678322,8965.0
1789927264,50,GET,GET /api/v1/reservas/{id},6.200000,0.000000,4,5,5,5,7,7,8,12,12,12,12,560,0,4,5.818607889627207,2.92510399594903,138.90227999945637,442.0
1789927264,50,POST,POST /api/v1/auth/login,0.000000,0.000000,0,0,0,0,0,0,0,0,0,0,0,50,0,1500.0,1530.0452338409377,792.2298000048613,2097.246796009131,1622.0
1789927264,50,,Aggregated,23.900000,0.000000,5,6,6,7,7,8,11,11,12,12,12,2313,0,5,39.64290921751976,2.92510399594903,2097.246796009131,6742.7648076091655
1789927265,50,GET,GET /api/v1/reservas,17.300000,0.000000,5,6,6,7,8,9,11,11,12,12,12,1713,0,6,7.001136482123887,3.803683997830376,141.49748299678322,8965.0
1789927265,50,GET,GET /api/v1/reservas/{id},6.700000,0.000000,4,5,5,5,6,7,8,12,12,12,12,572,0,4,5.78883341293769,2.92510399594903,138.90227999945637,442.0
1789927265,50,POST,POST /api/v1/auth/login,0.000000,0.000000,0,0,0,0,0,0,0,0,0,0,0,50,0,1500.0,1530.0452338409377,792.2298000048613,2097.246796009131,1622.0
1789927265,50,,Aggregated,24.000000,0.000000,5,6,6,6,7,8,11,11,12,12,12,2335,0,5,39.317525138383495,2.92510399594903,2097.246796009131,6719.901070663812
1789927266,50,GET,GET /api/v1/reservas,17.600000,0.000000,5,6,6,7,8,9,11,11,12,12,12,1739,0,6,6.985661867658418,3.803683997830376,141.49748299678322,8965.0
1789927266,50,GET,GET /api/v1/reservas/{id},6.400000,0.000000,4,5,5,5,6,7,8,12,12,12,12,579,0,4,5.770120551259359,2.92510399594903,138.90227999945637,442.0
1789927266,50,POST,POST /api/v1/auth/login,0.000000,0.000000,0,0,0,0,0,0,0,0,0,0,0,50,0,1500.0,1530.0452338409377,792.2298000048613,2097.246796009131,1622.0
1789927266,50,,Aggregated,24.000000,0.000000,5,6,6,6,7,8,11,11,12,12,12,2368,0,5,38.84764673947806,2.92510399594903,2097.246796009131,6725.993665540541
1789927267,50,GET,GET /api/v1/reservas,17.900000,0.000000,5,6,6,7,8,9,11,11,12,12,12,1757,0,6,6.974970094386054,3.803683997830376,141.49748299678322,8965.0
1789927267,50,GET,GET /api/v1/reservas/{id},6.300000,0.000000,4,5,5,5,6,7,8,12,12,12,12,585,0,4,5.758261378072441,2.92510399594903,138.90227999945637,442.0
1789927267,50,POST,POST /api/v1/auth/login,0.000000,0.000000,0,0,0,0,0,0,0,0,0,0,0,50,0,1500.0,1530.0452338409377,792.2298000048613,2097.246796009131,1622.0
1789927267,50,,Aggregated,24.200000,0.000000,5,6,6,6,7,8,11,11,12,12,12,2392,0,5,38.51415846741453,2.92510399594903,2097.246796009131,6727.079849498327
1789927268,50,GET,GET /api/v1/reservas,17.200000,0.000000,5,6,6,7,8,9,11,11,12,12,12,1779,0,6,6.958568403513044,3.803683997830376,141.49748299678322,8965.0
1789927268,50,GET,GET /api/v1/reservas/{id},6.500000,0.000000,4,5,5,5,6,6,8,12,12,12,12,590,0,4,5.747784993520511,2.92510399594903,138.90227999945637,442.0
1789927268,50,POST,POST /api/v1/auth/login,0.000000,0.000000,0,0,0,0,0,0,0,0,0,0,0,50,0,1500.0,1530.0452338409377,792.2298000048613,2097.246796009131,1622.0
1789927268,50,,Aggregated,23.700000,0.000000,5,6,6,6,7,8,11,11,12,12,12,2419,0,5,38.144997117847744,2.92510399594903,2097.246796009131,6734.441918147995
1789927269,50,GET,GET /api/v1/reservas,18.300000,0.000000,5,6,6,6,8,9,11,11,12,12,12,1796,0,6,6.94632651385455,3.803683997830376,141.49748299678322,8965.0
1789927269,50,GET,GET /api/v1/reservas/{id},6.600000,0.000000,4,5,5,5,6,6,6,8,8,8,8,597,0,4,5.726693591571544,2.92510399594903,138.90227999945637,442.0
1789927269,50,POST,POST /api/v1/auth/login,0.000000,0.000000,0,0,0,0,0,0,0,0,0,0,0,50,0,1500.0,1530.0452338409377,792.2298000048613,2097.246796009131,1622.0
1789927269,50,,Aggregated,24.900000,0.000000,5,6,6,6,7,8,11,11,12,12,12,2443,0,5,37.820998847768266,2.92510399594903,2097.246796009131,6731.933688088416
1789927270,50,GET,GET /api/v1/reservas,18.100000,0.000000,5,6,6,6,8,9,11,11,11,11,11,1811,0,6,6.94195678567412,3.803683997830376,141.49748299678322,8965.0
1789927270,50,GET,GET /api/v1/reservas/{id},6.800000,0.000000,4,5,5,5,6,7,9,10,10,10,10,610,0,4,5.727465947818958,2.92510399594903,138.90227999945637,442.0
1789927270,50,POST,POST /api/v1/auth/login,0.000000,0.000000,0,0,0,0,0,0,0,0,0,0,0,50,0,1500.0,1530.0452338409377,792.2298000048613,2097.246796009131,1622.0
1789927270,50,,Aggregated,24.900000,0.000000,5,6,6,6,7,9,10,11,11,11,11,2471,0,5,37.46171576652055,2.92510399594903,2097.246796009131,6712.397814649939
1789927271,50,GET,GET /api/v1/reservas,18.700000,0.000000,5,6,6,6,7,9,11,11,11,11,11,1832,0,6,6.922924930615695,3.803683997830376,141.49748299678322,8965.0
1789927271,50,GET,GET /api/v1/reservas/{id},6.700000,0.000000,4,5,5,5,6,7,9,10,10,10,10,614,0,4,5.716797254378763,2.92510399594903,138.90227999945637,442.0
1789927271,50,POST,POST /api/v1/auth/login,0.000000,0.000000,0,0,0,0,0,0,0,0,0,0,0,50,0,1500.0,1530.0452338409377,792.2298000048613,2097.246796009131,1622.0
1789927271,50,,Aggregated,25.400000,0.000000,5,6,6,6,7,8,10,11,11,11,11,2496,0,5,37.137489454777004,2.92510399594903,2097.246796009131,6721.301282051282
1789927272,50,GET,GET /api/v1/reservas,18.800000,0.000000,5,6,6,6,8,9,11,11,11,11,11,1845,0,6,6.9132914205336045,3.803683997830376,141.49748299678322,8965.0
1789927272,50,GET,GET /api/v1/reservas/{id},6.500000,0.000000,4,5,5,5,6,7,9,10,10,10,10,621,0,4,5.695739365820195,2.92510399594903,138.90227999945637,442.0
1789927272,50,POST,POST /api/v1/auth/login,0.000000,0.000000,0,0,0,0,0,0,0,0,0,0,0,50,0,1500.0,1530.0452338409377,792.2298000048613,2097.246796009131,1622.0
1789927272,50,,Aggregated,25.300000,0.000000,5,6,6,6,7,8,10,11,11,11,11,2516,0,5,36.8816925711867,2.92510399594903,2097.246796009131,6715.424085850556
1789927273,50,GET,GET /api/v1/reservas,18.600000,0.000000,5,6,6,6,8,9,11,14,16,16,16,1864,0,6,6.914028990259626,3.803683997830376,141.49748299678322,8965.0
1789927273,50,GET,GET /api/v1/reservas/{id},7.200000,0.000000,4,5,5,5,6,8,10,10,10,10,10,631,0,4,5.685810930519579,2.9221289878478274,138.90227999945637,442.0
1789927273,50,POST,POST /api/v1/auth/login,0.000000,0.000000,0,0,0,0,0,0,0,0,0,0,0,50,0,1500.0,1530.0452338409377,792.2298000048613,2097.246796009131,1622.0
1789927273,50,,Aggregated,25.800000,0.000000,5,6,6,6,8,9,11,11,16,16,16,2545,0,5,36.53350036426274,2.9221289878478274,2097.246796009131,6707.568565815324
1789927274,50,GET,GET /api/v1/reservas,18.800000,0.000000,5,6,6,6,8,10,11,14,16,16,16,1883,0,6,6.895851376436159,3.803683997830376,141.49748299678322,8965.0
1789927274,50,GET,GET /api/v1/reservas/{id},7.100000,0.000000,4,5,5,6,6,9,10,10,10,10,10,635,0,4,5.684509208127049,2.9221289878478274,138.90227999945637,442.0
1789927274,50,POST,POST /api/v1/auth/login,0.000000,0.000000,0,0,0,0,0,0,0,0,0,0,0,50,0,1500.0,1530.0452338409377,792.2298000048613,2097.246796009131,1622.0
1789927274,50,,Aggregated,25.900000,0.000000,5,6,6,6,8,9,11,11,16,16,16,2568,0,5,36.25265310788039,2.9221289878478274,2097.246796009131,6714.511292834891
1789927276,50,GET,GET /api/v1/reservas,18.400000,0.000000,5,6,6,6,8,9,11,14,16,16,16,1904,0,6,6.88228203665965,3.803683997830376,141.49748299678322,8965.0
1789927276,50,GET,GET /api/v1/reservas/{id},7.000000,0.000000,4,5,5,6,7,9,10,10,10,10,10,640,0,4,5.679090314310997,2.9221289878478274,138.90227999945637,442.0
1789927276,50,POST,POST /api/v1/auth/login,0.000000,0.000000,0,0,0,0,0,0,0,0,0,0,0,50,0,1500.0,1530.0452338409377,792.2298000048613,2097.246796009131,1622.0
1789927276,50,,Aggregated,25.400000,0.000000,5,6,6,6,8,9,10,11,16,16,16,2594,0,5,35.94477428334846,2.9221289878478274,2097.246796009131,6720.639938319198
1789927277,50,GET,GET /api/v1/reservas,18.200000,0.000000,5,6,6,6,8,9,11,14,16,16,16,1929,0,6,6.870827253393977,3.803683997830376,141.49748299678322,8965.0
1789927277,50,GET,GET /api/v1/reservas/{id},7.500000,0.000000,4,5,6,6,8,9,10,10,10,10,10,644,0,4,5.669873795262032,2.9221289878478274,138.90227999945637,442.0
1789927277,50,POST,POST /api/v1/auth/login,0.000000,0.000000,0,0,0,0,0,0,0,0,0,0,0,50,0,1500.0,1530.0452338409377,792.2298000048613,2097.246796009131,1622.0
1789927277,50,,Aggregated,25.700000,0.000000,5,6,6,6,8,9,10,11,16,16,16,2623,0,5,35.61093640411461,2.9221289878478274,2097.246796009131,6732.456347693481
1789927278,50,GET,GET /api/v1/reservas,19.100000,0.000000,5,6,6,6,8,9,10,14,16,16,16,1948,0,6,6.852940413157551,3.803683997830376,141.49748299678322,8965.0
1789927278,50,GET,GET /api/v1/reservas/{id},6.800000,0.000000,4,5,5,6,7,9,10,10,10,10,10,651,0,4,5.648775567059561,2.908056994783692,138.90227999945637,442.0
1789927278,50,POST,POST /api/v1/auth/login,0.000000,0.000000,0,0,0,0,0,0,0,0,0,0,0,50,0,1500.0,1530.0452338409377,792.2298000048613,2097.246796009131,1622.0
1789927278,50,,Aggregated,25.900000,0.000000,5,6,6,6,8,9,10,11,16,16,16,2649,0,5,35.30733956626409,2.908056994783692,2097.246796009131,6731.846734616836
1789927279,50,GET,GET /api/v1/reservas,19.100000,0.000000,5,6,6,7,8,9,11,14,16,16,16,1965,0,6,6.851788686926692,3.803683997830376,141.49748299678322,8965.0
1789927279,50,GET,GET /api/v1/reservas/{id},6.800000,0.000000,4,5,6,6,8,9,10,10,10,10,10,653,0,4,5.650293398397129,2.908056994783692,138.90227999945637,442.0
1789927279,50,POST,POST /api/v1/auth/login,0.000000,0.000000,0,0,0,0,0,0,0,0,0,0,0,50,0,1500.0,1530.0452338409377,792.2298000048613,2097.246796009131,1622.0
1789927279,50,,Aggregated,25.900000,0.000000,5,6,6,6,8,9,11,12,16,16,16,2668,0,5,35.103323857200586,2.908056994783692,2097.246796009131,6741.360944527736
1789927280,50,GET,GET /api/v1/reservas,19.000000,0.000000,5,6,6,6,8,9,11,14,16,16,16,1988,0,6,6.835758930959474,3.803683997830376,141.49748299678322,8965.0
1789927280,50,GET,GET /api/v1/reservas/{id},6.600000,0.000000,4,4,5,5,6,8,10,10,10,10,10,659,0,4,5.6382149440884355,2.908056994783692,138.90227999945637,442.0
1789927280,50,POST,POST /api/v1/auth/login,0.000000,0.000000,0,0,0,0,0,0,0,0,0,0,0,50,0,1500.0,1530.0452338409377,792.2298000048613,2097.246796009131,1622.0
1789927280,50,,Aggregated,25.600000,0.000000,5,6,6,6,8,9,11,12,16,16,16,2697,0,5,34.782103854263475,2.908056994783692,2097.246796009131,6746.309974045235
1789927281,50,GET,GET /api/v1/reservas,19.000000,0.000000,5,6,6,7,8,9,11,14,16,16,16,2010,0,6,6.825289661109631,3.803683997830376,141.49748299678322,8965.0
1789927281,50,GET,GET /api/v1/reservas/{id},6.600000,0.000000,4,4,5,6,6,8,9,10,10,10,10,667,0,4,5.628424090178121,2.908056994783692,138.90227999945637,442.0
1789927281,50,POST,POST /api/v1/auth/login,0.000000,0.000000,0,0,0,0,0,0,0,0,0,0,0,50,0,1500.0,1530.0452338409377,792.2298000048613,2097.246796009131,1622.0
1789927281,50,,Aggregated,25.600000,0.000000,5,6,6,6,8,9,11,12,16,16,16,2727,0,5,34.46103878952184,2.908056994783692,2097.246796009131,6745.714704803814
1789927282,50,GET,GET /api/v1/reservas,18.500000,0.000000,5,6,6,7,8,9,11,14,16,16,16,2021,0,6,6.820557860874505,3.803683997830376,141.49748299678322,8965.0
1789927282,50,GET,GET /api/v1/reservas/{id},6.300000,0.000000,4,5,5,6,8,9,10,11,11,11,11,676,0,4,5.61945697805619,2.8830710070906207,138.90227999945637,442.0
1789927282,50,POST,POST /api/v1/auth/login,0.000000,0.000000,0,0,0,0,0,0,0,0,0,0,0,50,0,1500.0,1530.0452338409377,792.2298000048613,2097.246796009131,1622.0
1789927282,50,,Aggregated,24.800000,0.000000,5,6,6,7,8,9,11,12,16,16,16,2747,0,5,34.25022280525673,2.8830710070906207,2097.246796009131,6733.948671277758
1789927283,50,GET,GET /api/v1/reservas,19.900000,0.000000,5,6,6,6,8,9,10,11,12,12,12,2043,0,5,6.800125202055958,3.803683997830376,141.49748299678322,8965.0
1789927283,50,GET,GET /api/v1/reservas/{id},5.700000,0.000000,4,5,5,5,6,8,9,11,11,11,11,683,0,4,5.59931114808749,2.8830710070906207,138.90227999945637,442.0
1789927283,50,POST,POST /api/v1/auth/login,0.000000,0.000000,0,0,0,0,0,0,0,0,0,0,0,50,0,1500.0,1530.0452338409377,792.2298000048613,2097.246796009131,1622.0
1789927283,50,,Aggregated,25.600000,0.000000,5,6,6,6,8,9,10,11,12,12,12,2776,0,5,33.940650934434785,2.8830710070906207,2097.246796009131,6735.764048991355
1789927284,50,GET,GET /api/v1/reservas,19.900000,0.000000,5,6,6,7,8,9,11,14,15,15,15,2057,0,5,6.797994501596101,3.803683997830376,141.49748299678322,8965.0
1789927284,50,GET,GET /api/v1/reservas/{id},5.700000,0.000000,4,4,5,5,6,8,8,11,11,11,11,687,0,4,5.589480222902854,2.8830710070906207,138.90227999945637,442.0
1789927284,50,POST,POST /api/v1/auth/login,0.000000,0.000000,0,0,0,0,0,0,0,0,0,0,0,50,0,1500.0,1530.0452338409377,792.2298000048613,2097.246796009131,1622.0
1789927284,50,,Aggregated,25.600000,0.000000,5,6,6,6,8,9,11,12,15,15,15,2794,0,5,33.760096383308635,2.8830710070906207,2097.246796009131,6737.923765211167
1789927285,50,GET,GET /api/v1/reservas,18.900000,0.000000,5,6,6,6,8,9,11,14,15,15,15,2081,0,5,6.7751739143820995,3.803683997830376,141.49748299678322,8965.0
1789927285,50,GET,GET /api/v1/reservas/{id},6.200000,0.000000,4,4,5,5,6,7,8,11,11,11,11,695,0,4,5.572800703783077,2.8830710070906207,138.90227999945637,442.0
1789927285,50,POST,POST /api/v1/auth/login,0.000000,0.000000,0,0,0,0,0,0,0,0,0,0,0,50,0,1500.0,1530.0452338409377,792.2298000048613,2097.246796009131,1622.0
1789927285,50,,Aggregated,25.100000,0.000000,5,5,6,6,7,9,11,12,15,15,15,2826,0,5,33.43046535633591,2.8830710070906207,2097.246796009131,6739.014508138712
1789927286,50,GET,GET /api/v1/reservas,19.700000,0.000000,5,6,6,6,7,9,11,14,15,15,15,2091,0,5,6.768558792838555,3.803683997830376,141.49748299678322,8965.0
1789927286,50,GET,GET /api/v1/reservas/{id},6.200000,0.000000,4,5,5,5,6,7,8,11,11,11,11,704,0,4,5.556844562678717,2.8830710070906207,138.90227999945637,442.0
1789927286,50,POST,POST /api/v1/auth/login,0.000000,0.000000,0,0,0,0,0,0,0,0,0,0,0,50,0,1500.0,1530.0452338409377,792.2298000048613,2097.246796009131,1622.0
1789927286,50,,Aggregated,25.900000,0.000000,5,5,6,6,7,8,11,12,15,15,15,2845,0,5,33.23983715289916,2.8830710070906207,2097.246796009131,6726.918453427065
1789927287,50,GET,GET /api/v1/reservas,19.300000,0.000000,5,6,6,6,7,9,11,14,15,15,15,2108,0,5,6.760040176877444,3.803683997830376,141.49748299678322,8965.0
1789927287,50,GET,GET /api/v1/reservas/{id},5.600000,0.000000,4,5,5,5,6,6,8,11,11,11,11,712,0,4,5.544287205195993,2.8830710070906207,138.90227999945637,442.0
1789927287,50,POST,POST /api/v1/auth/login,0.000000,0.000000,0,0,0,0,0,0,0,0,0,0,0,50,0,1500.0,1530.0452338409377,792.2298000048613,2097.246796009131,1622.0
1789927287,50,,Aggregated,24.900000,0.000000,5,5,6,6,7,8,11,12,15,15,15,2870,0,5,32.99650135017564,2.8830710070906207,2097.246796009131,6722.656445993031
1789927288,50,GET,GET /api/v1/reservas,19.800000,0.000000,5,6,6,6,7,8,9,14,15,15,15,2129,0,5,6.751406968431482,3.803683997830376,141.49748299678322,8965.0
1789927288,50,GET,GET /api/v1/reservas/{id},6.000000,0.000000,4,5,5,5,6,7,9,11,11,11,11,718,0,4,5.538579924937634,2.8830710070906207,138.90227999945637,442.0
1789927288,50,POST,POST /api/v1/auth/login,0.000000,0.000000,0,0,0,0,0,0,0,0,0,0,0,50,0,1500.0,1530.0452338409377,792.2298000048613,2097.246796009131,1622.0
1789927288,50,,Aggregated,25.800000,0.000000,5,5,6,6,7,8,9,11,15,15,15,2897,0,5,32.74170090229297,2.8830710070906207,2097.246796009131,6725.903003106662
1789927289,50,GET,GET /api/v1/reservas,17.900000,0.000000,5,6,6,7,7,9,9,14,15,15,15,2147,0,5,6.750502367390074,3.803683997830376,141.49748299678322,8965.0
1789927289,50,GET,GET /api/v1/reservas/{id},6.800000,0.000000,4,5,5,5,6,7,9,11,11,11,11,721,0,4,5.5354088420316705,2.8830710070906207,138.90227999945637,442.0
1789927289,50,POST,POST /api/v1/auth/login,0.000000,0.000000,0,0,0,0,0,0,0,0,0,0,0,50,0,1500.0,1530.0452338409377,792.2298000048613,2097.246796009131,1622.0
1789927289,50,,Aggregated,24.700000,0.000000,5,6,6,6,7,8,9,11,15,15,15,2918,0,5,32.55196026385819,2.8830710070906207,2097.246796009131,6733.254626456477
1789927290,50,GET,GET /api/v1/reservas,17.900000,0.000000,5,6,6,6,7,8,9,14,15,15,15,2166,0,5,6.737664679489354,3.803683997830376,141.49748299678322,8965.0
1789927290,50,GET,GET /api/v1/reservas/{id},6.800000,0.000000,4,5,5,5,5,7,9,11,11,11,11,725,0,4,5.527365775317243,2.8830710070906207,138.90227999945637,442.0
1789927290,50,POST,POST /api/v1/auth/login,0.000000,0.000000,0,0,0,0,0,0,0,0,0,0,0,50,0,1500.0,1530.0452338409377,792.2298000048613,2097.246796009131,1622.0
1789927290,50,,Aggregated,24.700000,0.000000,5,6,6,6,7,8,9,11,15,15,15,2941,0,5,32.33709064091324,2.8830710070906207,2097.246796009131,6739.115946956817
1789927291,50,GET,GET /api/v1/reservas,18.200000,0.000000,5,6,6,6,7,8,9,15,19,19,19,2188,0,5,6.728202389740795,3.69357799354475,141.49748299678322,8965.0
1789927291,50,GET,GET /api/v1/reservas/{id},6.700000,0.000000,4,5,5,5,5,7,7,9,9,9,9,728,0,4,5.523156765275917,2.8830710070906207,138.90227999945637,442.0
1789927291,50,POST,POST /api/v1/auth/login,0.000000,0.000000,0,0,0,0,0,0,0,0,0,0,0,50,0,1500.0,1530.0452338409377,792.2298000048613,2097.246796009131,1622.0
1789927291,50,,Aggregated,24.900000,0.000000,5,6,6,6,7,8,9,14,19,19,19,2966,0,5,32.1120791119085,2.8830710070906207,2097.246796009131,6749.256911665543
1789927292,50,GET,GET /api/v1/reservas,17.900000,0.000000,5,6,6,7,7,9,10,15,19,19,19,2206,0,5,6.725514592811932,3.69357799354475,141.49748299678322,8965.0
1789927292,50,GET,GET /api/v1/reservas/{id},6.600000,0.000000,4,5,5,5,6,7,7,9,9,9,9,736,0,4,5.5230644173048935,2.8830710070906207,138.90227999945637,442.0
1789927292,50,POST,POST /api/v1/auth/login,0.000000,0.000000,0,0,0,0,0,0,0,0,0,0,0,50,0,1500.0,1530.0452338409377,792.2298000048613,2097.246796009131,1622.0
1789927292,50,,Aggregated,24.500000,0.000000,5,6,6,6,7,8,10,14,19,19,19,2992,0,5,31.886270820496794,2.8830710070906207,2097.246796009131,6745.722593582887
1789927293,50,GET,GET /api/v1/reservas,17.900000,0.000000,5,6,6,6,7,8,10,10,19,19,19,2224,0,5,6.7135728762380715,3.69357799354475,141.49748299678322,8965.0
1789927293,50,GET,GET /api/v1/reservas/{id},6.600000,0.000000,4,5,5,5,6,7,7,9,9,9,9,743,0,4,5.509237132084081,2.8830710070906207,138.90227999945637,442.0
1789927293,50,POST,POST /api/v1/auth/login,0.000000,0.000000,0,0,0,0,0,0,0,0,0,0,0,50,0,1500.0,1530.0452338409377,792.2298000048613,2097.246796009131,1622.0
1789927293,50,,Aggregated,24.500000,0.000000,5,6,6,6,7,8,9,10,19,19,19,3017,0,5,31.662781225700638,2.8830710070906207,2097.246796009131,6744.337421279417
1789927294,50,GET,GET /api/v1/reservas,18.400000,0.000000,6,6,6,7,7,9,10,10,19,19,19,2241,0,5,6.703791666570695,3.69357799354475,141.49748299678322,8965.0
1789927294,50,GET,GET /api/v1/reservas/{id},6.000000,0.000000,4,5,5,6,6,7,8,9,9,9,9,750,0,4,5.503373540161799,2.8830710070906207,138.90227999945637,442.0
1789927294,50,POST,POST /api/v1/auth/login,0.000000,0.000000,0,0,0,0,0,0,0,0,0,0,0,50,0,1500.0,1530.0452338409377,792.2298000048613,2097.246796009131,1622.0
1789927294,50,,Aggregated,24.400000,0.000000,5,6,6,6,7,8,10,10,19,19,19,3041,0,5,31.454452144673844,2.8830710070906207,2097.246796009131,6742.244327523841
1789927295,50,GET,GET /api/v1/reservas,18.200000,0.000000,6,6,6,7,7,8,10,10,19,19,19,2259,0,5,6.6919011535049195,3.69357799354475,141.49748299678322,8965.0
1789927295,50,GET,GET /api/v1/reservas/{id},6.000000,0.000000,4,5,5,6,6,7,8,9,9,9,9,757,0,4,5.490413626321146,2.8830710070906207,138.90227999945637,442.0
1789927295,50,POST,POST /api/v1/auth/login,0.000000,0.000000,0,0,0,0,0,0,0,0,0,0,0,50,0,1500.0,1530.0452338409377,792.2298000048613,2097.246796009131,1622.0
1789927295,50,,Aggregated,24.200000,0.000000,5,6,6,6,7,8,10,10,19,19,19,3066,0,5,31.237935261885063,2.8830710070906207,2097.246796009131,6740.909654272668
1789927296,50,GET,GET /api/v1/reservas,18.200000,0.000000,5,6,6,6,7,8,10,10,19,19,19,2276,0,5,6.680125228369677,3.69357799354475,141.49748299678322,8965.0
1789927296,50,GET,GET /api/v1/reservas/{id},6.000000,0.000000,4,5,5,5,6,7,8,9,9,9,9,763,0,4,5.478194642391363,2.8830710070906207,138.90227999945637,442.0
1789927296,50,POST,POST /api/v1/auth/login,0.000000,0.000000,0,0,0,0,0,0,0,0,0,0,0,50,0,1500.0,1530.0452338409377,792.2298000048613,2097.246796009131,1622.0
1789927296,50,,Aggregated,24.200000,0.000000,5,6,6,6,7,8,10,10,19,19,19,3089,0,5,31.041142513422106,2.8830710070906207,2097.246796009131,6740.9148591777275
1789927297,50,GET,GET /api/v1/reservas,18.200000,0.000000,5,6,6,6,7,9,10,10,19,19,19,2295,0,5,6.676548779852057,3.69357799354475,141.49748299678322,8965.0
1789927297,50,GET,GET /api/v1/reservas/{id},6.200000,0.000000,4,5,5,5,6,7,7,8,8,8,8,769,0,4,5.472556824630286,2.8830710070906207,138.90227999945637,442.0
1789927297,50,POST,POST /api/v1/auth/login,0.000000,0.000000,0,0,0,0,0,0,0,0,0,0,0,50,0,1500.0,1530.0452338409377,792.2298000048613,2097.246796009131,1622.0
1789927297,50,,Aggregated,24.400000,0.000000,5,6,6,6,7,9,10,10,19,19,19,3114,0,5,30.839222010259487,2.8830710070906207,2097.246796009131,6742.348426461143
1789927298,50,GET,GET /api/v1/reservas,18.500000,0.000000,5,6,6,6,8,10,12,15,19,19,19,2315,0,5,6.685569694066585,3.69357799354475,141.49748299678322,8965.0
1789927298,50,GET,GET /api/v1/reservas/{id},5.900000,0.000000,4,5,5,6,7,10,10,10,10,10,10,778,0,4,5.483927889612586,2.8830710070906207,138.90227999945637,442.0
1789927298,50,POST,POST /api/v1/auth/login,0.000000,0.000000,0,0,0,0,0,0,0,0,0,0,0,50,0,1500.0,1530.0452338409377,792.2298000048613,2097.246796009131,1622.0
1789927298,50,,Aggregated,24.400000,0.000000,5,6,6,6,8,10,10,12,19,19,19,3143,0,5,30.622288078883113,2.8830710070906207,2097.246796009131,6738.450843143493
1789927299,50,GET,GET /api/v1/reservas,18.700000,0.000000,5,6,6,7,9,10,12,15,19,19,19,2329,0,5,6.682987363569453,3.69357799354475,141.49748299678322,8965.0
1789927299,50,GET,GET /api/v1/reservas/{id},5.700000,0.000000,4,5,5,6,7,10,10,10,10,10,10,784,0,4,5.477484671097713,2.8830710070906207,138.90227999945637,442.0
1789927299,50,POST,POST /api/v1/auth/login,0.000000,0.000000,0,0,0,0,0,0,0,0,0,0,0,50,0,1500.0,1530.0452338409377,792.2298000048613,2097.246796009131,1622.0
1789927299,50,,Aggregated,24.400000,0.000000,5,6,6,6,8,10,10,12,19,19,19,3163,0,5,30.4651556256531,2.8830710070906207,2097.246796009131,6736.361998103067
1789927300,50,GET,GET /api/v1/reservas,18.700000,0.000000,5,6,6,7,9,10,12,15,18,18,18,2356,0,5,6.677977525376508,3.69357799354475,141.49748299678322,8965.0
1789927300,50,GET,GET /api/v1/reservas/{id},5.700000,0.000000,4,5,5,6,7,9,10,10,10,10,10,789,0,4,5.474315148446867,2.8830710070906207,138.90227999945637,442.0
1789927300,50,POST,POST /api/v1/auth/login,0.000000,0.000000,0,0,0,0,0,0,0,0,0,0,0,50,0,1500.0,1530.0452338409377,792.2298000048613,2097.246796009131,1622.0
1789927300,50,,Aggregated,24.400000,0.000000,5,6,6,7,9,10,12,12,18,18,18,3195,0,5,30.22059824537043,2.8830710070906207,2097.246796009131,6745.3452269170575
1789927301,50,GET,GET /api/v1/reservas,18.100000,0.000000,5,6,6,6,8,10,12,15,18,18,18,2372,0,5,6.668743966187303,3.69357799354475,141.49748299678322,8965.0
1789927301,50,GET,GET /api/v1/reservas/{id},6.300000,0.000000,4,5,5,6,7,10,10,10,10,10,10,794,0,4,5.469707609718767,2.8830710070906207,138.90227999945637,442.0
1789927301,50,POST,POST /api/v1/auth/login,0.000000,0.000000,0,0,0,0,0,0,0,0,0,0,0,50,0,1500.0,1530.0452338409377,792.2298000048613,2097.246796009131,1622.0
1789927301,50,,Aggregated,24.400000,0.000000,5,6,6,6,8,10,12,12,18,18,18,3216,0,5,30.057049198370606,2.8830710070906207,2097.246796009131,6746.588308457712
1789927302,50,GET,GET /api/v1/reservas,18.100000,0.000000,5,6,6,7,9,10,15,17,18,18,18,2390,0,5,6.671240074380065,3.69357799354475,141.49748299678322,8965.0
1789927302,50,GET,GET /api/v1/reservas/{id},6.300000,0.000000,4,5,5,6,7,10,10,10,10,10,10,802,0,4,5.458965405371526,2.8830710070906207,138.90227999945637,442.0
1789927302,50,POST,POST /api/v1/auth/login,0.000000,0.000000,0,0,0,0,0,0,0,0,0,0,0,50,0,1500.0,1530.0452338409377,792.2298000048613,2097.246796009131,1622.0
1789927302,50,,Aggregated,24.400000,0.000000,5,6,6,7,9,10,12,16,18,18,18,3242,0,5,29.865705035448244,2.8830710070906207,2097.246796009131,6743.34793337446
1789927303,50,GET,GET /api/v1/reservas,19.000000,0.000000,5,6,6,7,9,10,15,17,18,18,18,2411,0,5,6.659489630757289,3.69357799354475,141.49748299678322,8965.0
1789927303,50,GET,GET /api/v1/reservas/{id},6.400000,0.000000,4,5,5,6,7,10,10,10,10,10,10,809,0,4,5.447188383341728,2.8830710070906207,138.90227999945637,442.0
1789927303,50,POST,POST /api/v1/auth/login,0.000000,0.000000,0,0,0,0,0,0,0,0,0,0,0,50,0,1500.0,1530.0452338409377,792.2298000048613,2097.246796009131,1622.0
1789927303,50,,Aggregated,25.400000,0.000000,5,6,6,6,8,10,12,16,18,18,18,3270,0,5,29.652925563891795,2.8830710070906207,2097.246796009131,6744.12629969419
1789927304,50,GET,GET /api/v1/reservas,18.500000,0.000000,5,6,6,7,9,11,15,17,18,18,18,2429,0,5,6.65302403447954,3.69357799354475,141.49748299678322,8965.0
1789927304,50,GET,GET /api/v1/reservas/{id},6.600000,0.000000,4,5,5,6,7,10,10,14,14,14,14,819,0,4,5.4411388340672495,2.8830710070906207,138.90227999945637,442.0
1789927304,50,POST,POST /api/v1/auth/login,0.000000,0.000000,0,0,0,0,0,0,0,0,0,0,0,50,0,1500.0,1530.0452338409377,792.2298000048613,2097.246796009131,1622.0
1789927304,50,,Aggregated,25.100000,0.000000,5,6,6,7,9,10,14,16,18,18,18,3298,0,5,29.447771308944443,2.8830710070906207,2097.246796009131,6737.138568829594
1789927305,50,GET,GET /api/v1/reservas,18.500000,0.000000,5,6,6,7,9,11,15,17,18,18,18,2442,0,5,6.644659792293554,3.69357799354475,141.49748299678322,8965.0
1789927305,50,GET,GET /api/v1/reservas/{id},6.600000,0.000000,4,5,5,6,7,10,10,14,14,14,14,823,0,4,5.436631069356097,2.8830710070906207,138.90227999945637,442.0
1789927305,50,POST,POST /api/v1/auth/login,0.000000,0.000000,0,0,0,0,0,0,0,0,0,0,0,50,0,1500.0,1530.0452338409377,792.2298000048613,2097.246796009131,1622.0
1789927305,50,,Aggregated,25.100000,0.000000,5,6,6,7,9,10,14,16,18,18,18,3315,0,5,29.322132209625284,2.8830710070906207,2097.246796009131,6738.279336349925
1789927306,50,GET,GET /api/v1/reservas,18.700000,0.000000,5,6,6,7,8,11,15,17,18,18,18,2462,0,5,6.636702681483646,3.69357799354475,141.49748299678322,8965.0
1789927306,50,GET,GET /api/v1/reservas/{id},6.600000,0.000000,4,5,5,6,7,10,10,14,14,14,14,826,0,4,5.430920582437171,2.8830710070906207,138.90227999945637,442.0
1789927306,50,POST,POST /api/v1/auth/login,0.000000,0.000000,0,0,0,0,0,0,0,0,0,0,0,50,0,1500.0,1530.0452338409377,792.2298000048613,2097.246796009131,1622.0
1789927306,50,,Aggregated,25.300000,0.000000,5,6,6,7,8,10,14,16,18,18,18,3338,0,5,29.157508716283022,2.8830710070906207,2097.246796009131,6745.962252846016
1789927307,50,GET,GET /api/v1/reservas,18.700000,0.000000,5,6,6,6,7,9,12,17,18,18,18,2487,0,5,6.619857983453925,3.69357799354475,141.49748299678322,8965.0
1789927307,50,GET,GET /api/v1/reservas/{id},7.000000,0.000000,4,5,5,5,6,7,9,14,14,14,14,828,0,4,5.428365068947435,2.8830710070906207,138.90227999945637,442.0
1789927307,50,POST,POST /api/v1/auth/login,0.000000,0.000000,0,0,0,0,0,0,0,0,0,0,0,50,0,1500.0,1530.0452338409377,792.2298000048613,2097.246796009131,1622.0
1789927307,50,,Aggregated,25.700000,0.000000,5,6,6,6,7,8,12,16,18,18,18,3365,0,5,28.96301181990647,2.8830710070906207,2097.246796009131,6758.701634472511
1789927308,50,GET,GET /api/v1/reservas,18.500000,0.000000,5,6,6,6,7,8,12,17,18,18,18,2503,0,5,6.6144206523753875,3.69357799354475,141.49748299678322,8965.0
1789927308,50,GET,GET /api/v1/reservas/{id},6.600000,0.000000,4,5,5,6,7,7,9,14,14,14,14,838,0,4,5.425370262658195,2.8830710070906207,138.90227999945637,442.0
1789927308,50,POST,POST /api/v1/auth/login,0.000000,0.000000,0,0,0,0,0,0,0,0,0,0,0,50,0,1500.0,1530.0452338409377,792.2298000048613,2097.246796009131,1622.0
1789927308,50,,Aggregated,25.100000,0.000000,5,6,6,6,7,8,12,16,18,18,18,3391,0,5,28.78343169125628,2.8830710070906207,2097.246796009131,6750.483928044824
1789927309,50,GET,GET /api/v1/reservas,19.200000,0.000000,5,6,6,6,7,8,11,16,17,17,17,2523,0,5,6.613339099427805,3.69357799354475,141.49748299678322,8965.0
1789927309,50,GET,GET /api/v1/reservas/{id},5.900000,0.000000,4,5,5,5,7,7,8,14,14,14,14,844,0,4,5.419721412440013,2.8830710070906207,138.90227999945637,442.0
1789927309,50,POST,POST /api/v1/auth/login,0.000000,0.000000,0,0,0,0,0,0,0,0,0,0,0,50,0,1500.0,1530.0452338409377,792.2298000048613,2097.246796009131,1622.0
1789927309,50,,Aggregated,25.100000,0.000000,5,6,6,6,7,8,11,14,17,17,17,3417,0,5,28.61046564588897,2.8830710070906207,2097.246796009131,6752.368451858355
1789927310,50,GET,GET /api/v1/reservas,18.900000,0.000000,5,6,6,6,7,9,11,16,17,17,17,2540,0,5,6.611423733413648,3.69357799354475,141.49748299678322,8965.0
1789927310,50,GET,GET /api/v1/reservas/{id},6.200000,0.000000,4,5,5,5,7,8,9,14,14,14,14,852,0,4,5.420371194923747,2.8830710070906207,138.90227999945637,442.0
1789927310,50,POST,POST /api/v1/auth/login,0.000000,0.000000,0,0,0,0,0,0,0,0,0,0,0,50,0,1500.0,1530.0452338409377,792.2298000048613,2097.246796009131,1622.0
1789927310,50,,Aggregated,25.100000,0.000000,5,6,6,6,7,8,11,14,17,17,17,3442,0,5,28.446668864901973,2.8830710070906207,2097.246796009131,6748.6298663567695
1789927311,50,GET,GET /api/v1/reservas,19.400000,0.000000,5,6,6,6,7,8,10,11,14,14,14,2562,0,5,6.60110128920365,3.69357799354475,141.49748299678322,8965.0
1789927311,50,GET,GET /api/v1/reservas/{id},6.100000,0.000000,4,5,5,5,7,8,9,14,14,14,14,858,0,4,5.413746087518678,2.8830710070906207,138.90227999945637,442.0
1789927311,50,POST,POST /api/v1/auth/login,0.000000,0.000000,0,0,0,0,0,0,0,0,0,0,0,50,0,1500.0,1530.0452338409377,792.2298000048613,2097.246796009131,1622.0
1789927311,50,,Aggregated,25.500000,0.000000,5,6,6,6,7,8,10,11,14,14,14,3470,0,5,28.25915773431633,2.8830710070906207,2097.246796009131,6751.776945244957
1789927312,50,GET,GET /api/v1/reservas,18.300000,0.000000,5,6,6,7,7,8,11,11,14,14,14,2584,0,5,6.5935243954964475,3.69357799354475,141.49748299678322,8965.0
1789927312,50,GET,GET /api/v1/reservas/{id},6.300000,0.000000,5,5,5,6,7,9,9,14,14,14,14,862,0,4,5.4217957680808055,2.8830710070906207,138.90227999945637,442.0
1789927312,50,POST,POST /api/v1/auth/login,0.000000,0.000000,0,0,0,0,0,0,0,0,0,0,0,50,0,1500.0,1530.0452338409377,792.2298000048613,2097.246796009131,1622.0
1789927312,50,,Aggregated,24.600000,0.000000,5,6,6,6,7,8,11,11,14,14,14,3496,0,5,28.09311117908906,2.8830710070906207,2097.246796009131,6758.485125858124
1789927313,50,GET,GET /api/v1/reservas,18.300000,0.000000,5,6,6,7,8,8,11,12,14,14,14,2602,0,5,6.591740067247872,3.69357799354475,141.49748299678322,8965.0
1789927313,50,GET,GET /api/v1/reservas/{id},6.300000,0.000000,5,5,6,6,7,8,9,9,9,9,9,868,0,4,5.415326898715304,2.8830710070906207,138.90227999945637,442.0
1789927313,50,POST,POST /api/v1/auth/login,0.000000,0.000000,0,0,0,0,0,0,0,0,0,0,0,50,0,1500.0,1530.0452338409377,792.2298000048613,2097.246796009131,1622.0
1789927313,50,,Aggregated,24.600000,0.000000,5,6,6,7,7,8,10,11,14,14,14,3520,0,5,27.941611674747367,2.8830710070906207,2097.246796009131,6759.001704545454
1789927314,50,GET,GET /api/v1/reservas,19.400000,0.000000,5,6,6,7,8,8,12,14,20,20,20,2620,0,5,6.590791802280378,3.69357799354475,141.49748299678322,8965.0
1789927314,50,GET,GET /api/v1/reservas/{id},5.900000,0.000000,5,5,5,6,7,8,9,9,9,9,9,876,0,4,5.404160997830863,2.8830710070906207,138.90227999945637,442.0
1789927314,50,POST,POST /api/v1/auth/login,0.000000,0.000000,0,0,0,0,0,0,0,0,0,0,0,50,0,1500.0,1530.0452338409377,792.2298000048613,2097.246796009131,1622.0
1789927314,50,,Aggregated,25.300000,0.000000,5,6,6,7,8,8,11,14,20,20,20,3546,0,5,27.77895692276405,2.8830710070906207,2097.246796009131,6755.948110547095
1789927315,50,GET,GET /api/v1/reservas,19.100000,0.000000,5,6,6,7,8,8,12,14,20,20,20,2639,0,5,6.577596226220089,3.69357799354475,141.49748299678322,8965.0
1789927315,50,GET,GET /api/v1/reservas/{id},5.900000,0.000000,5,5,5,6,7,8,9,9,9,9,9,884,0,4,5.392846049890644,2.8830710070906207,138.90227999945637,442.0
1789927315,50,POST,POST /api/v1/auth/login,0.000000,0.000000,0,0,0,0,0,0,0,0,0,0,0,50,0,1500.0,1530.0452338409377,792.2298000048613,2097.246796009131,1622.0
1789927315,50,,Aggregated,25.000000,0.000000,5,6,6,7,7,8,11,14,20,20,20,3573,0,5,27.603642328895894,2.8830710070906207,2097.246796009131,6753.558074447244
1789927316,50,GET,GET /api/v1/reservas,19.100000,0.000000,5,6,6,7,8,9,12,14,20,20,20,2655,0,5,6.573312291899597,3.69357799354475,141.49748299678322,8965.0
1789927316,50,GET,GET /api/v1/reservas/{id},5.900000,0.000000,5,5,5,6,7,8,9,9,9,9,9,889,0,4,5.385664025980548,2.8830710070906207,138.90227999945637,442.0
1789927316,50,POST,POST /api/v1/auth/login,0.000000,0.000000,0,0,0,0,0,0,0,0,0,0,0,50,0,1500.0,1530.0452338409377,792.2298000048613,2097.246796009131,1622.0
1789927316,50,,Aggregated,25.000000,0.000000,5,6,6,7,8,8,11,14,20,20,20,3594,0,5,27.4741962009285,2.8830710070906207,2097.246796009131,6754.622426265999
1789927317,50,GET,GET /api/v1/reservas,19.700000,0.000000,5,6,6,7,8,10,14,19,20,20,20,2674,0,5,6.569408587891761,3.69357799354475,141.49748299678322,8965.0
1789927317,50,GET,GET /api/v1/reservas/{id},5.900000,0.000000,4,5,5,5,7,8,9,9,9,9,9,898,0,4,5.366614405463117,2.8830710070906207,138.90227999945637,442.0
1789927317,50,POST,POST /api/v1/auth/login,0.000000,0.000000,0,0,0,0,0,0,0,0,0,0,0,50,0,1500.0,1530.0452338409377,792.2298000048613,2097.246796009131,1622.0
1789927317,50,,Aggregated,25.600000,0.000000,5,6,6,6,7,9,12,14,20,20,20,3622,0,5,27.302065155211302,2.8830710070906207,2097.246796009131,6750.531750414136
1789927318,50,GET,GET /api/v1/reservas,19.300000,0.000000,5,6,6,7,8,9,12,19,20,20,20,2690,0,5,6.571180368410112,3.69357799354475,141.49748299678322,8965.0
1789927318,50,GET,GET /api/v1/reservas/{id},6.300000,0.000000,4,5,5,5,6,8,9,9,9,9,9,902,0,4,5.359700666408844,2.8830710070906207,138.90227999945637,442.0
1789927318,50,POST,POST /api/v1/auth/login,0.000000,0.000000,0,0,0,0,0,0,0,0,0,0,0,50,0,1500.0,1530.0452338409377,792.2298000048613,2097.246796009131,1622.0
1789927318,50,,Aggregated,25.600000,0.000000,5,6,6,6,8,8,12,14,20,20,20,3642,0,5,27.18648733777344,2.8830710070906207,2097.246796009131,6753.331685886876
1789927319,50,GET,GET /api/v1/reservas,18.400000,0.000000,5,6,6,6,8,8,12,19,20,20,20,2707,0,5,6.565129967872742,3.69357799354475,141.49748299678322,8965.0
1789927319,50,GET,GET /api/v1/reservas/{id},7.000000,0.000000,4,5,5,5,6,7,8,9,9,9,9,910,0,4,5.35093544735151,2.8830710070906207,138.90227999945637,442.0
1789927319,50,POST,POST /api/v1/auth/login,0.000000,0.000000,0,0,0,0,0,0,0,0,0,0,0,50,0,1500.0,1530.0452338409377,792.2298000048613,2097.246796009131,1622.0
1789927319,50,,Aggregated,25.400000,0.000000,5,6,6,6,7,8,12,14,20,20,20,3667,0,5,27.036656605445398,2.8830710070906207,2097.246796009131,6749.815925824925
1789927320,50,GET,GET /api/v1/reservas,18.600000,0.000000,5,6,6,7,8,10,12,19,20,20,20,2726,0,5,6.569599256797952,3.69357799354475,141.49748299678322,8965.0
1789927320,50,GET,GET /api/v1/reservas/{id},6.400000,0.000000,4,5,5,5,6,6,8,9,9,9,9,921,0,4,5.342038839416635,2.8830710070906207,138.90227999945637,442.0
1789927320,50,POST,POST /api/v1/auth/login,0.000000,0.000000,0,0,0,0,0,0,0,0,0,0,0,50,0,1500.0,1530.0452338409377,792.2298000048613,2097.246796009131,1622.0
1789927320,50,,Aggregated,25.000000,0.000000,5,6,6,6,8,9,12,14,20,20,20,3697,0,5,26.868002985442473,2.8830710070906207,2097.246796009131,6742.432242358669
1789927321,50,GET,GET /api/v1/reservas,18.400000,0.000000,5,6,6,7,8,10,12,19,20,20,20,2745,0,5,6.560202921673491,3.69357799354475,141.49748299678322,8965.0
1789927321,50,GET,GET /api/v1/reservas/{id},6.600000,0.000000,4,5,5,5,6,6,6,9,9,9,9,927,0,4,5.333698037847276,2.8830710070906207,138.90227999945637,442.0
1789927321,50,POST,POST /api/v1/auth/login,0.000000,0.000000,0,0,0,0,0,0,0,0,0,0,0,50,0,1500.0,1530.0452338409377,792.2298000048613,2097.246796009131,1622.0
1789927321,50,,Aggregated,25.000000,0.000000,5,6,6,6,7,8,12,14,20,20,20,3722,0,5,26.72067619374665,2.8830710070906207,2097.246796009131,6743.621440085975
1789927322,50,GET,GET /api/v1/reservas,18.600000,0.000000,5,6,6,6,8,9,12,19,20,20,20,2764,0,5,6.551303047753867,3.69357799354475,141.49748299678322,8965.0
1789927322,50,GET,GET /api/v1/reservas/{id},6.900000,0.000000,4,4,5,5,5,6,6,6,6,6,6,931,0,4,5.329726618784905,2.8830710070906207,138.90227999945637,442.0
1789927322,50,POST,POST /api/v1/auth/login,0.000000,0.000000,0,0,0,0,0,0,0,0,0,0,0,50,0,1500.0,1530.0452338409377,792.2298000048613,2097.246796009131,1622.0
1789927322,50,,Aggregated,25.500000,0.000000,5,6,6,6,7,8,11,14,20,20,20,3745,0,5,26.587994338618778,2.8830710070906207,2097.246796009131,6748.160747663552
1789927323,50,GET,GET /api/v1/reservas,18.500000,0.000000,6,6,7,7,8,10,13,19,19,19,19,2782,0,5,6.568270881019329,3.69357799354475,141.49748299678322,8965.0
1789927323,50,GET,GET /api/v1/reservas/{id},6.800000,0.000000,4,5,5,5,5,6,7,8,8,8,8,939,0,4,5.328611103396668,2.8830710070906207,138.90227999945637,442.0
1789927323,50,POST,POST /api/v1/auth/login,0.000000,0.000000,0,0,0,0,0,0,0,0,0,0,0,50,0,1500.0,1530.0452338409377,792.2298000048613,2097.246796009131,1622.0
1789927323,50,,Aggregated,25.300000,0.000000,5,6,6,6,8,10,12,14,19,19,19,3771,0,5,26.459495388260972,2.8830710070906207,2097.246796009131,6745.364094404667
1789927324,50,GET,GET /api/v1/reservas,17.700000,0.000000,6,6,7,7,8,10,13,19,19,19,19,2802,0,5,6.557424058534436,3.69357799354475,141.49748299678322,8965.0
1789927324,50,GET,GET /api/v1/reservas/{id},6.900000,0.000000,4,5,5,5,6,6,8,10,10,10,10,945,0,4,5.328352768380668,2.8830710070906207,138.90227999945637,442.0
1789927324,50,POST,POST /api/v1/auth/login,0.000000,0.000000,0,0,0,0,0,0,0,0,0,0,0,50,0,1500.0,1530.0452338409377,792.2298000048613,2097.246796009131,1622.0
1789927324,50,,Aggregated,24.600000,0.000000,5,6,6,6,8,10,12,14,19,19,19,3797,0,5,26.31326238350806,2.8830710070906207,2097.246796009131,6747.095075059257
1789927325,50,GET,GET /api/v1/reservas,17.900000,0.000000,6,6,7,7,8,10,13,19,19,19,19,2819,0,5,6.553052190865753,3.69357799354475,141.49748299678322,8965.0
1789927325,50,GET,GET /api/v1/reservas/{id},6.900000,0.000000,4,5,5,5,6,7,8,10,10,10,10,948,0,4,5.325812134084455,2.8830710070906207,138.90227999945637,442.0
1789927325,50,POST,POST /api/v1/auth/login,0.000000,0.000000,0,0,0,0,0,0,0,0,0,0,0,50,0,1500.0,1530.0452338409377,792.2298000048613,2097.246796009131,1622.0
1789927325,50,,Aggregated,24.800000,0.000000,5,6,6,7,8,10,12,14,19,19,19,3817,0,5,26.204921593190857,2.8830710070906207,2097.246796009131,6752.017553052136
1789927326,50,GET,GET /api/v1/reservas,18.200000,0.000000,6,6,7,7,8,10,13,19,19,19,19,2839,0,5,6.543786601638827,3.69357799354475,141.49748299678322,8965.0
1789927326,50,GET,GET /api/v1/reservas/{id},6.800000,0.000000,4,5,5,5,6,7,8,10,10,10,10,954,0,4,5.318906438279828,2.8830710070906207,138.90227999945637,442.0
1789927326,50,POST,POST /api/v1/auth/login,0.000000,0.000000,0,0,0,0,0,0,0,0,0,0,0,50,0,1500.0,1530.0452338409377,792.2298000048613,2097.246796009131,1622.0
1789927326,50,,Aggregated,25.000000,0.000000,5,6,6,7,8,10,12,14,19,19,19,3843,0,5,26.061490657355833,2.8830710070906207,2097.246796009131,6753.682799895914
1789927327,50,GET,GET /api/v1/reservas,17.900000,0.000000,5,6,6,7,8,10,12,14,19,19,19,2858,0,5,6.534118776076984,3.69357799354475,141.49748299678322,8965.0
1789927327,50,GET,GET /api/v1/reservas/{id},6.600000,0.000000,4,5,5,5,6,7,8,10,10,10,10,959,0,4,5.312365079384804,2.8830710070906207,138.90227999945637,442.0
1789927327,50,POST,POST /api/v1/auth/login,0.000000,0.000000,0,0,0,0,0,0,0,0,0,0,0,50,0,1500.0,1530.0452338409377,792.2298000048613,2097.246796009131,1622.0
1789927327,50,,Aggregated,24.500000,0.000000,5,6,6,6,8,9,12,13,19,19,19,3867,0,5,25.930005499147903,2.8830710070906207,2097.246796009131,6756.386863201448
1789927328,50,GET,GET /api/v1/reservas,18.300000,0.000000,5,6,6,7,8,10,12,14,19,19,19,2872,0,5,6.529842861081481,3.69357799354475,141.49748299678322,8965.0
1789927328,50,GET,GET /api/v1/reservas/{id},6.500000,0.000000,4,5,5,5,6,7,8,10,10,10,10,967,0,4,5.3086774251563424,2.8830710070906207,138.90227999945637,442.0
1789927328,50,POST,POST /api/v1/auth/login,0.000000,0.000000,0,0,0,0,0,0,0,0,0,0,0,50,0,1500.0,1530.0452338409377,792.2298000048613,2097.246796009131,1622.0
1789927328,50,,Aggregated,24.800000,0.000000,5,6,6,6,8,9,12,13,19,19,19,3889,0,5,25.81369541249655,2.8830710070906207,2097.246796009131,6751.348418616611
1789927329,50,GET,GET /api/v1/reservas,18.300000,0.000000,5,6,6,6,8,9,12,14,19,19,19,2888,0,5,6.528396620834174,3.69357799354475,141.49748299678322,8965.0
1789927329,50,GET,GET /api/v1/reservas/{id},6.500000,0.000000,4,5,5,5,6,7,8,10,10,10,10,974,0,4,5.304580753745279,2.8830710070906207,138.90227999945637,442.0
1789927329,50,POST,POST /api/v1/auth/login,0.000000,0.000000,0,0,0,0,0,0,0,0,0,0,0,50,0,1500.0,1530.0452338409377,792.2298000048613,2097.246796009131,1622.0
1789927329,50,,Aggregated,24.800000,0.000000,5,6,6,6,8,9,12,13,19,19,19,3912,0,5,25.6960462134877,2.8830710070906207,2097.246796009131,6749.1124744376275
1789927330,50,GET,GET /api/v1/reservas,18.200000,0.000000,5,6,6,7,8,9,12,14,19,19,19,2908,0,5,6.526843369663408,3.69357799354475,141.49748299678322,8965.0
1789927330,50,GET,GET /api/v1/reservas/{id},6.400000,0.000000,4,5,5,5,7,8,9,10,10,10,10,982,0,4,5.303520689552575,2.8830710070906207,138.90227999945637,442.0
1789927330,50,POST,POST /api/v1/auth/login,0.000000,0.000000,0,0,0,0,0,0,0,0,0,0,0,50,0,1500.0,1530.0452338409377,792.2298000048613,2097.246796009131,1622.0
1789927330,50,,Aggregated,24.600000,0.000000,5,6,6,7,8,9,12,13,19,19,19,3940,0,5,25.555933890398148,2.8830710070906207,2097.246796009131,6747.554314720812
1789927331,50,GET,GET /api/v1/reservas,18.200000,0.000000,5,6,6,7,8,9,12,14,19,19,19,2929,0,5,6.520626994876149,3.69357799354475,141.49748299678322,8965.0
1789927331,50,GET,GET /api/v1/reservas/{id},6.400000,0.000000,4,5,5,5,7,8,9,10,10,10,10,987,0,4,5.298829268642419,2.8830710070906207,138.90227999945637,442.0
1789927331,50,POST,POST /api/v1/auth/login,0.000000,0.000000,0,0,0,0,0,0,0,0,0,0,0,50,0,1500.0,1530.0452338409377,792.2298000048613,2097.246796009131,1622.0
1789927331,50,,Aggregated,24.600000,0.000000,5,6,6,7,8,9,12,13,19,19,19,3966,0,5,25.423883673270094,2.8830710070906207,2097.246796009131,6751.346192637418
1789927332,50,GET,GET /api/v1/reservas,18.000000,0.000000,5,6,6,6,7,8,9,11,12,12,12,2951,0,5,6.508634671297182,3.69357799354475,141.49748299678322,8965.0
1789927332,50,GET,GET /api/v1/reservas/{id},6.100000,0.000000,4,5,5,5,6,8,9,10,10,10,10,994,0,4,5.290607497138458,2.8830710070906207,138.90227999945637,442.0
1789927332,50,POST,POST /api/v1/auth/login,0.000000,0.000000,0,0,0,0,0,0,0,0,0,0,0,50,0,1500.0,1530.0452338409377,792.2298000048613,2097.246796009131,1622.0
1789927332,50,,Aggregated,24.100000,0.000000,5,6,6,6,7,8,9,10,12,12,12,3995,0,5,25.273618638097748,2.8830710070906207,2097.246796009131,6752.481351689612
1789927333,50,GET,GET /api/v1/reservas,18.300000,0.000000,5,6,6,7,8,9,11,12,19,19,19,2973,0,5,6.517275506239552,3.69357799354475,141.49748299678322,8965.0
1789927333,50,GET,GET /api/v1/reservas/{id},6.100000,0.000000,4,5,5,5,6,7,8,9,9,9,9,1000,0,4,5.285432612145087,2.8830710070906207,138.90227999945637,442.0
1789927333,50,POST,POST /api/v1/auth/login,0.000000,0.000000,0,0,0,0,0,0,0,0,0,0,0,50,0,1500.0,1530.0452338409377,792.2298000048613,2097.246796009131,1622.0
1789927333,50,,Aggregated,24.400000,0.000000,5,6,6,6,8,8,11,12,19,19,19,4023,0,5,25.14629738609052,2.8830710070906207,2097.246796009131,6755.169028088491
1789927334,50,GET,GET /api/v1/reservas,18.600000,0.000000,5,6,6,7,8,9,11,12,19,19,19,2988,0,5,6.511656409321578,3.69357799354475,141.49748299678322,8965.0
1789927334,50,GET,GET /api/v1/reservas/{id},6.400000,0.000000,4,5,5,5,6,7,8,9,9,9,9,1007,0,4,5.275033751875809,2.8830710070906207,138.90227999945637,442.0
1789927334,50,POST,POST /api/v1/auth/login,0.000000,0.000000,0,0,0,0,0,0,0,0,0,0,0,50,0,1500.0,1530.0452338409377,792.2298000048613,2097.246796009131,1622.0
1789927334,50,,Aggregated,25.000000,0.000000,5,6,6,6,7,8,11,11,19,19,19,4045,0,5,25.036106311801905,2.8830710070906207,2097.246796009131,6752.438566131026
1789927335,50,GET,GET /api/v1/reservas,19.000000,0.000000,5,6,6,7,8,9,11,12,19,19,19,2998,0,5,6.508951060730941,3.69357799354475,141.49748299678322,8965.0
1789927335,50,GET,GET /api/v1/reservas/{id},6.100000,0.000000,4,5,5,5,6,6,8,9,9,9,9,1017,0,4,5.2633933098714305,2.8830710070906207,138.90227999945637,442.0
1789927335,50,POST,POST /api/v1/auth/login,0.000000,0.000000,0,0,0,0,0,0,0,0,0,0,0,50,0,1500.0,1530.0452338409377,792.2298000048613,2097.246796009131,1622.0
1789927335,50,,Aggregated,25.100000,0.000000,5,6,6,6,7,8,11,11,19,19,19,4065,0,5,24.937015490346248,2.8830710070906207,2097.246796009131,6742.357687576876
1789927336,50,GET,GET /api/v1/reservas,18.500000,0.000000,5,6,6,7,8,9,11,12,19,19,19,3024,0,5,6.49516425532749,3.69357799354475,141.49748299678322,8965.0
1789927336,50,GET,GET /api/v1/reservas/{id},6.300000,0.000000,4,5,5,5,6,6,8,9,9,9,9,1025,0,4,5.25353718648392,2.8830710070906207,138.90227999945637,442.0
1789927336,50,POST,POST /api/v1/auth/login,0.000000,0.000000,0,0,0,0,0,0,0,0,0,0,0,50,0,1500.0,1530.0452338409377,792.2298000048613,2097.246796009131,1622.0
1789927336,50,,Aggregated,24.800000,0.000000,5,6,6,6,7,8,11,11,19,19,19,4099,0,5,24.76909344140113,2.8830710070906207,2097.246796009131,6744.159551110027
1789927337,50,GET,GET /api/v1/reservas,17.800000,0.000000,5,6,6,7,8,9,11,12,19,19,19,3036,0,5,6.491001240814924,3.69357799354475,141.49748299678322,8965.0
1789927337,50,GET,GET /api/v1/reservas/{id},6.700000,0.000000,4,5,5,5,6,6,8,9,9,9,9,1030,0,4,5.247846965195421,2.8830710070906207,138.90227999945637,442.0
1789927337,50,POST,POST /api/v1/auth/login,0.000000,0.000000,0,0,0,0,0,0,0,0,0,0,0,50,0,1500.0,1530.0452338409377,792.2298000048613,2097.246796009131,1622.0
1789927337,50,,Aggregated,24.500000,0.000000,5,6,6,6,7,8,11,11,19,19,19,4116,0,5,24.687615119852353,2.8830710070906207,2097.246796009131,6742.978620019437
1789927338,50,GET,GET /api/v1/reservas,18.500000,0.000000,5,6,6,7,7,8,11,12,19,19,19,3058,0,5,6.4839512041079805,3.69357799354475,141.49748299678322,8965.0
1789927338,50,GET,GET /api/v1/reservas/{id},7.000000,0.000000,4,5,5,5,6,6,9,10,10,10,10,1036,0,4,5.250469753997959,2.8830710070906207,138.90227999945637,442.0
1789927338,50,POST,POST /api/v1/auth/login,0.000000,0.000000,0,0,0,0,0,0,0,0,0,0,0,50,0,1500.0,1530.0452338409377,792.2298000048613,2097.246796009131,1622.0
1789927338,50,,Aggregated,25.500000,0.000000,5,6,6,6,7,8,10,11,19,19,19,4144,0,5,24.55831832513296,2.8830710070906207,2097.246796009131,6745.652027027027
1789927339,50,GET,GET /api/v1/reservas,18.500000,0.000000,5,6,6,6,7,9,11,14,19,19,19,3077,0,5,6.483966683838412,3.69357799354475,141.49748299678322,8965.0
1789927339,50,GET,GET /api/v1/reservas/{id},7.000000,0.000000,4,5,5,5,6,6,8,10,10,10,10,1042,0,4,5.246950108590898,2.8830710070906207,138.90227999945637,442.0
1789927339,50,POST,POST /api/v1/auth/login,0.000000,0.000000,0,0,0,0,0,0,0,0,0,0,0,50,0,1500.0,1530.0452338409377,792.2298000048613,2097.246796009131,1622.0
1789927339,50,,Aggregated,25.500000,0.000000,5,6,6,6,7,9,11,12,19,19,19,4169,0,5,24.447289323907267,2.8830710070906207,2097.246796009131,6746.694411129767
1789927340,50,GET,GET /api/v1/reservas,18.200000,0.000000,5,6,6,6,7,9,11,14,19,19,19,3090,0,5,6.47918208646151,3.69357799354475,141.49748299678322,8965.0
1789927340,50,GET,GET /api/v1/reservas/{id},7.000000,0.000000,4,5,5,5,6,6,8,10,10,10,10,1049,0,4,5.244303634079498,2.8830710070906207,138.90227999945637,442.0
1789927340,50,POST,POST /api/v1/auth/login,0.000000,0.000000,0,0,0,0,0,0,0,0,0,0,0,50,0,1500.0,1530.0452338409377,792.2298000048613,2097.246796009131,1622.0
1789927340,50,,Aggregated,25.200000,0.000000,5,6,6,6,7,9,11,12,19,19,19,4189,0,5,24.355265899107746,2.8830710070906207,2097.246796009131,6743.04320840296
1789927341,50,GET,GET /api/v1/reservas,18.900000,0.000000,5,6,6,7,8,10,12,15,19,19,19,3111,0,5,6.47986030832841,3.69357799354475,141.49748299678322,8965.0
1789927341,50,GET,GET /api/v1/reservas/{id},6.800000,0.000000,4,5,5,5,6,8,12,16,16,16,16,1058,0,4,5.258469643832835,2.8830710070906207,138.90227999945637,442.0
1789927341,50,POST,POST /api/v1/auth/login,0.000000,0.000000,0,0,0,0,0,0,0,0,0,0,0,50,0,1500.0,1530.0452338409377,792.2298000048613,2097.246796009131,1622.0
1789927341,50,,Aggregated,25.700000,0.000000,5,6,6,6,8,10,12,15,19,19,19,4219,0,5,24.22957288324999,2.8830710070906207,2097.246796009131,6740.661531168524
1789927342,50,GET,GET /api/v1/reservas,18.400000,0.000000,5,6,6,7,7,9,11,14,15,15,15,3127,0,5,6.476044510141425,3.69357799354475,141.49748299678322,8965.0
1789927342,50,GET,GET /api/v1/reservas/{id},6.700000,0.000000,4,5,5,5,6,8,12,16,16,16,16,1066,0,4,5.252257830377731,2.8830710070906207,138.90227999945637,442.0
1789927342,50,POST,POST /api/v1/auth/login,0.000000,0.000000,0,0,0,0,0,0,0,0,0,0,0,50,0,1500.0,1530.0452338409377,792.2298000048613,2097.246796009131,1622.0
1789927342,50,,Aggregated,25.100000,0.000000,5,6,6,6,7,9,12,14,16,16,16,4243,0,5,24.12249816696719,2.8830710070906207,2097.246796009131,6737.173462172991
1789927343,50,GET,GET /api/v1/reservas,18.400000,0.000000,5,6,6,7,7,9,12,14,15,15,15,3143,0,5,6.47724389569987,3.69357799354475,141.49748299678322,8965.0
1789927343,50,GET,GET /api/v1/reservas/{id},6.700000,0.000000,5,5,5,5,6,8,12,16,16,16,16,1072,0,4,5.246933434869761,2.8830710070906207,138.90227999945637,442.0
1789927343,50,POST,POST /api/v1/auth/login,0.000000,0.000000,0,0,0,0,0,0,0,0,0,0,0,50,0,1500.0,1530.0452338409377,792.2298000048613,2097.246796009131,1622.0
1789927343,50,,Aggregated,25.100000,0.000000,5,6,6,6,7,9,12,14,16,16,16,4265,0,5,24.029297045348642,2.8830710070906207,2097.246796009131,6736.675029308323
1789927344,50,GET,GET /api/v1/reservas,17.700000,0.000000,5,6,7,7,9,11,14,16,17,17,17,3161,0,5,6.487995717862209,3.69357799354475,141.49748299678322,8965.0
1789927344,50,GET,GET /api/v1/reservas/{id},7.100000,0.000000,5,5,5,6,7,10,16,17,17,17,17,1079,0,4,5.259955991808851,2.8830710070906207,138.90227999945637,442.0
1789927344,50,POST,POST /api/v1/auth/login,0.000000,0.000000,0,0,0,0,0,0,0,0,0,0,0,50,0,1500.0,1530.0452338409377,792.2298000048613,2097.246796009131,1622.0
1789927344,50,,Aggregated,24.800000,0.000000,5,6,6,7,9,11,15,16,17,17,17,4290,0,5,23.936202487499088,2.8830710070906207,2097.246796009131,6735.753613053613
1789927345,50,GET,GET /api/v1/reservas,17.200000,0.000000,5,6,7,7,9,11,14,16,17,17,17,3184,0,5,6.477223577952206,3.69357799354475,141.49748299678322,8965.0
1789927345,50,GET,GET /api/v1/reservas/{id},7.400000,0.000000,5,5,5,6,7,10,16,17,17,17,17,1085,0,4,5.251460974354164,2.8830710070906207,138.90227999945637,442.0
1789927345,50,POST,POST /api/v1/auth/login,0.000000,0.000000,0,0,0,0,0,0,0,0,0,0,0,50,0,1500.0,1530.0452338409377,792.2298000048613,2097.246796009131,1622.0
1789927345,50,,Aggregated,24.600000,0.000000,5,6,6,7,9,11,15,16,17,17,17,4319,0,5,23.807264811627917,2.8830710070906207,2097.246796009131,6738.881685575365
1789927346,50,GET,GET /api/v1/reservas,17.400000,0.000000,5,6,7,7,9,11,14,16,17,17,17,3204,0,5,6.47075187896533,3.69357799354475,141.49748299678322,8965.0
1789927346,50,GET,GET /api/v1/reservas/{id},7.100000,0.000000,5,5,6,6,8,12,16,17,17,17,17,1089,0,4,5.249360918449139,2.8830710070906207,138.90227999945637,442.0
1789927346,50,POST,POST /api/v1/auth/login,0.000000,0.000000,0,0,0,0,0,0,0,0,0,0,0,50,0,1500.0,1530.0452338409377,792.2298000048613,2097.246796009131,1622.0
1789927346,50,,Aggregated,24.500000,0.000000,5,6,6,7,9,11,15,16,17,17,17,4343,0,5,23.705066717117873,2.8830710070906207,2097.246796009131,6743.333640340778
1789927347,50,GET,GET /api/v1/reservas,18.700000,0.000000,5,6,7,7,9,11,14,16,17,17,17,3225,0,5,6.463721670447704,3.69357799354475,141.49748299678322,8965.0
1789927347,50,GET,GET /api/v1/reservas/{id},7.000000,0.000000,5,5,5,6,7,12,16,17,17,17,17,1092,0,4,5.247491781299506,2.8830710070906207,138.90227999945637,442.0
1789927347,50,POST,POST /api/v1/auth/login,0.000000,0.000000,0,0,0,0,0,0,0,0,0,0,0,50,0,1500.0,1530.0452338409377,792.2298000048613,2097.246796009131,1622.0
1789927347,50,,Aggregated,25.700000,0.000000,5,6,6,7,8,11,15,16,17,17,17,4367,0,5,23.603852783242452,2.8830710070906207,2097.246796009131,6749.688344401191
1789927348,50,GET,GET /api/v1/reservas,17.800000,0.000000,5,6,6,7,8,10,14,16,17,17,17,3244,0,5,6.4560504738521995,3.69357799354475,141.49748299678322,8965.0
1789927348,50,GET,GET /api/v1/reservas/{id},6.200000,0.000000,5,5,5,6,6,12,16,17,17,17,17,1097,0,4,5.241979237176489,2.8830710070906207,138.90227999945637,442.0
1789927348,50,POST,POST /api/v1/auth/login,0.000000,0.000000,0,0,0,0,0,0,0,0,0,0,0,50,0,1500.0,1530.0452338409377,792.2298000048613,2097.246796009131,1622.0
1789927348,50,,Aggregated,24.000000,0.000000,5,6,6,6,8,10,15,16,17,17,17,4391,0,5,23.501740071146898,2.8830710070906207,2097.246796009131,6752.091550899568
1789927349,50,GET,GET /api/v1/reservas,18.900000,0.000000,5,6,6,7,8,10,14,16,17,17,17,3263,0,5,6.455995778462853,3.69357799354475,141.49748299678322,8965.0
1789927349,50,GET,GET /api/v1/reservas/{id},6.100000,0.000000,5,5,5,6,7,12,16,17,17,17,17,1101,0,4,5.24364213458295,2.8830710070906207,138.90227999945637,442.0
1789927349,50,POST,POST /api/v1/auth/login,0.000000,0.000000,0,0,0,0,0,0,0,0,0,0,0,50,0,1500.0,1530.0452338409377,792.2298000048613,2097.246796009131,1622.0
1789927349,50,,Aggregated,25.000000,0.000000,5,6,6,7,8,10,15,16,17,17,17,4414,0,5,23.412194360522655,2.8830710070906207,2097.246796009131,6755.898731309469
1789927350,50,GET,GET /api/v1/reservas,19.000000,0.000000,5,6,6,7,8,10,12,16,17,17,17,3283,0,5,6.452728275083179,3.69357799354475,141.49748299678322,8965.0
1789927350,50,GET,GET /api/v1/reservas/{id},6.000000,0.000000,4,5,5,5,6,7,17,17,17,17,17,1106,0,4,5.237900592389038,2.8830710070906207,138.90227999945637,442.0
1789927350,50,POST,POST /api/v1/auth/login,0.000000,0.000000,0,0,0,0,0,0,0,0,0,0,0,50,0,1500.0,1530.0452338409377,792.2298000048613,2097.246796009131,1622.0
1789927350,50,,Aggregated,25.000000,0.000000,5,6,6,6,8,9,12,16,17,17,17,4439,0,5,23.311486072162026,2.8830710070906207,2097.246796009131,6758.740031538635
1789927351,50,GET,GET /api/v1/reservas,19.000000,0.000000,6,6,7,7,9,11,14,17,19,19,19,3300,0,5,6.461827100327795,3.69357799354475,141.49748299678322,8965.0
1789927351,50,GET,GET /api/v1/reservas/{id},6.000000,0.000000,4,5,5,6,8,11,17,17,17,17,17,1111,0,4,5.251305061379388,2.8830710070906207,138.90227999945637,442.0
1789927351,50,POST,POST /api/v1/auth/login,0.000000,0.000000,0,0,0,0,0,0,0,0,0,0,0,50,0,1500.0,1530.0452338409377,792.2298000048613,2097.246796009131,1622.0
1789927351,50,,Aggregated,25.000000,0.000000,5,6,6,7,8,11,14,17,19,19,19,4461,0,5,23.23705246499016,2.8830710070906207,2097.246796009131,6760.0676978256
1789927352,50,GET,GET /api/v1/reservas,19.100000,0.000000,6,6,6,7,8,10,14,17,19,19,19,3322,0,5,6.456926295637401,3.69357799354475,141.49748299678322,8965.0
1789927352,50,GET,GET /api/v1/reservas/{id},5.700000,0.000000,4,5,5,5,8,11,17,17,17,17,17,1120,0,4,5.239739924270127,2.8830710070906207,138.90227999945637,442.0
1789927352,50,POST,POST /api/v1/auth/login,0.000000,0.000000,0,0,0,0,0,0,0,0,0,0,0,50,0,1500.0,1530.0452338409377,792.2298000048613,2097.246796009131,1622.0
1789927352,50,,Aggregated,24.800000,0.000000,5,6,6,7,8,10,14,17,19,19,19,4492,0,5,23.112350748294052,2.8830710070906207,2097.246796009131,6758.207925200356
1789927353,50,GET,GET /api/v1/reservas,19.100000,0.000000,6,6,6,6,8,9,10,12,19,19,19,3335,0,5,6.453309721154415,3.69357799354475,141.49748299678322,8965.0
1789927353,50,GET,GET /api/v1/reservas/{id},5.400000,0.000000,4,5,5,5,6,8,14,14,14,14,14,1127,0,4,5.235277046289372,2.8830710070906207,138.90227999945637,442.0
1789927353,50,POST,POST /api/v1/auth/login,0.000000,0.000000,0,0,0,0,0,0,0,0,0,0,0,50,0,1500.0,1530.0452338409377,792.2298000048613,2097.246796009131,1622.0
1789927353,50,,Aggregated,24.500000,0.000000,5,6,6,6,7,9,11,12,19,19,19,4512,0,5,23.03284726136192,2.8830710070906207,2097.246796009131,6754.767065602837
1789927354,50,GET,GET /api/v1/reservas,19.500000,0.000000,6,6,7,7,9,10,12,18,19,19,19,3357,0,5,6.463357587737157,3.69357799354475,141.49748299678322,8965.0
1789927354,50,GET,GET /api/v1/reservas/{id},5.400000,0.000000,4,5,5,6,11,14,15,15,15,15,15,1134,0,4,5.2575140715812,2.8830710070906207,138.90227999945637,442.0
1789927354,50,POST,POST /api/v1/auth/login,0.000000,0.000000,0,0,0,0,0,0,0,0,0,0,0,50,0,1500.0,1530.0452338409377,792.2298000048613,2097.246796009131,1622.0
1789927354,50,,Aggregated,24.900000,0.000000,5,6,6,7,9,10,14,15,19,19,19,4541,0,5,22.9380696038876,2.8830710070906207,2097.246796009131,6755.743889011231
1789927355,50,GET,GET /api/v1/reservas,19.200000,0.000000,6,6,7,7,9,10,12,18,19,19,19,3373,0,5,6.458507200123433,3.69357799354475,141.49748299678322,8965.0
1789927355,50,GET,GET /api/v1/reservas/{id},5.400000,0.000000,4,5,5,6,8,14,14,15,15,15,15,1141,0,4,5.2520278108432334,2.8830710070906207,138.90227999945637,442.0
1789927355,50,POST,POST /api/v1/auth/login,0.000000,0.000000,0,0,0,0,0,0,0,0,0,0,0,50,0,1500.0,1530.0452338409377,792.2298000048613,2097.246796009131,1622.0
1789927355,50,,Aggregated,24.600000,0.000000,5,6,6,7,9,10,14,15,19,19,19,4564,0,5,22.848240624503802,2.8830710070906207,2097.246796009131,6753.805214723926
1789927356,50,GET,GET /api/v1/reservas,19.500000,0.000000,6,6,7,7,9,10,12,18,19,19,19,3389,0,5,6.456916707586729,3.69357799354475,141.49748299678322,8965.0
1789927356,50,GET,GET /api/v1/reservas/{id},5.300000,0.000000,4,5,5,6,8,14,14,15,15,15,15,1145,0,4,5.249169102336654,2.8830710070906207,138.90227999945637,442.0
1789927356,50,POST,POST /api/v1/auth/login,0.000000,0.000000,0,0,0,0,0,0,0,0,0,0,0,50,0,1500.0,1530.0452338409377,792.2298000048613,2097.246796009131,1622.0
1789927356,50,,Aggregated,24.800000,0.000000,6,6,7,7,9,11,14,15,19,19,19,4584,0,5,22.773789493070197,2.8830710070906207,2097.246796009131,6756.015488656196
1789927357,50,GET,GET /api/v1/reservas,18.800000,0.000000,6,6,7,7,9,10,12,18,19,19,19,3412,0,5,6.449786008798718,3.69357799354475,141.49748299678322,8965.0
1789927357,50,GET,GET /api/v1/reservas/{id},5.600000,0.000000,4,5,5,6,8,14,14,15,15,15,15,1150,0,4,5.24196935144415,2.8830710070906207,138.90227999945637,442.0
1789927357,50,POST,POST /api/v1/auth/login,0.000000,0.000000,0,0,0,0,0,0,0,0,0,0,0,50,0,1500.0,1530.0452338409377,792.2298000048613,2097.246796009131,1622.0
1789927357,50,,Aggregated,24.400000,0.000000,6,6,7,7,9,11,14,15,19,19,19,4612,0,5,22.66634785521008,2.8830710070906207,2097.246796009131,6760.186470078057
1789927358,50,GET,GET /api/v1/reservas,18.700000,0.000000,6,6,7,7,9,10,12,18,19,19,19,3433,0,5,6.443155158762717,3.69357799354475,141.49748299678322,8965.0
1789927358,50,GET,GET /api/v1/reservas/{id},5.800000,0.000000,4,5,5,5,8,14,14,15,15,15,15,1154,0,4,5.237396235826532,2.8830710070906207,138.90227999945637,442.0
1789927358,50,POST,POST /api/v1/auth/login,0.000000,0.000000,0,0,0,0,0,0,0,0,0,0,0,50,0,1500.0,1530.0452338409377,792.2298000048613,2097.246796009131,1622.0
1789927358,50,,Aggregated,24.500000,0.000000,5,6,6,7,9,11,14,15,19,19,19,4637,0,5,22.571828468454413,2.8830710070906207,2097.246796009131,6764.72137157645
1789927359,50,GET,GET /api/v1/reservas,18.600000,0.000000,6,6,6,7,9,10,12,18,19,19,19,3453,0,5,6.4386470399634055,3.69357799354475,141.49748299678322,8965.0
1789927359,50,GET,GET /api/v1/reservas/{id},5.900000,0.000000,4,5,5,5,8,14,14,15,15,15,15,1162,0,4,5.231815641265537,2.8830710070906207,138.90227999945637,442.0
1789927359,50,POST,POST /api/v1/auth/login,0.000000,0.000000,0,0,0,0,0,0,0,0,0,0,0,50,0,1500.0,1530.0452338409377,792.2298000048613,2097.246796009131,1622.0
1789927359,50,,Aggregated,24.500000,0.000000,5,6,6,7,9,11,14,15,19,19,19,4665,0,5,22.468227158883405,2.8830710070906207,2097.246796009131,6763.311682743837
1789927360,50,GET,GET /api/v1/reservas,18.600000,0.000000,6,6,6,7,8,9,11,14,18,18,18,3469,0,5,6.4373543594662355,3.69357799354475,141.49748299678322,8965.0
1789927360,50,GET,GET /api/v1/reservas/{id},5.900000,0.000000,4,5,5,5,6,11,14,15,15,15,15,1167,0,4,5.230825665080082,2.8830710070906207,138.90227999945637,442.0
1789927360,50,POST,POST /api/v1/auth/login,0.000000,0.000000,0,0,0,0,0,0,0,0,0,0,0,50,0,1500.0,1530.0452338409377,792.2298000048613,2097.246796009131,1622.0
1789927360,50,,Aggregated,24.500000,0.000000,5,6,6,6,8,9,11,14,18,18,18,4686,0,5,22.393900451597037,2.8830710070906207,2097.246796009131,6764.084293640632
1789927361,50,GET,GET /api/v1/reservas,19.100000,0.000000,6,6,6,7,9,10,11,14,18,18,18,3482,0,5,6.440851616305303,3.69357799354475,141.49748299678322,8965.0
1789927361,50,GET,GET /api/v1/reservas/{id},6.000000,0.000000,5,5,5,6,8,14,15,15,15,15,15,1178,0,4,5.240557680115205,2.8830710070906207,138.90227999945637,442.0
1789927361,50,POST,POST /api/v1/auth/login,0.000000,0.000000,0,0,0,0,0,0,0,0,0,0,0,50,0,1500.0,1530.0452338409377,792.2298000048613,2097.246796009131,1622.0
1789927361,50,,Aggregated,25.100000,0.000000,5,6,6,7,8,10,14,15,18,18,18,4710,0,5,22.314794897494195,2.8830710070906207,2097.246796009131,6755.394055201698
1789927362,50,GET,GET /api/v1/reservas,18.900000,0.000000,6,6,7,8,9,10,11,14,18,18,18,3497,0,5,6.447487868733685,3.69357799354475,141.49748299678322,8965.0
1789927362,50,GET,GET /api/v1/reservas/{id},6.100000,0.000000,5,5,5,6,8,14,15,15,15,15,15,1184,0,4,5.240498734086007,2.8830710070906207,138.90227999945637,442.0
1789927362,50,POST,POST /api/v1/auth/login,0.000000,0.000000,0,0,0,0,0,0,0,0,0,0,0,50,0,1500.0,1530.0452338409377,792.2298000048613,2097.246796009131,1622.0
1789927362,50,,Aggregated,25.000000,0.000000,6,6,7,7,9,10,14,15,18,18,18,4731,0,5,22.247701811491527,2.8830710070906207,2097.246796009131,6754.3929401817795
1789927363,50,GET,GET /api/v1/reservas,18.100000,0.000000,6,6,7,7,9,9,10,11,12,12,12,3520,0,5,6.446735168744701,3.69357799354475,141.49748299678322,8965.0
1789927363,50,GET,GET /api/v1/reservas/{id},6.500000,0.000000,5,5,5,6,8,10,12,15,15,15,15,1191,0,4,5.248890040435212,2.8830710070906207,138.90227999945637,442.0
1789927363,50,POST,POST /api/v1/auth/login,0.000000,0.000000,0,0,0,0,0,0,0,0,0,0,0,50,0,1500.0,1530.0452338409377,792.2298000048613,2097.246796009131,1622.0
1789927363,50,,Aggregated,24.600000,0.000000,6,6,6,7,8,9,11,12,15,15,15,4761,0,5,22.14790958289993,2.8830710070906207,2097.246796009131,6755.791220331863
1789927364,50,GET,GET /api/v1/reservas,17.700000,0.000000,6,6,7,8,9,10,11,12,14,14,14,3535,0,5,6.453386415829362,3.69357799354475,141.49748299678322,8965.0
1789927364,50,GET,GET /api/v1/reservas/{id},6.400000,0.000000,5,5,6,6,8,10,12,15,15,15,15,1197,0,4,5.250106447901687,2.8830710070906207,138.90227999945637,442.0
1789927364,50,POST,POST /api/v1/auth/login,0.000000,0.000000,0,0,0,0,0,0,0,0,0,0,0,50,0,1500.0,1530.0452338409377,792.2298000048613,2097.246796009131,1622.0
1789927364,50,,Aggregated,24.100000,0.000000,6,6,7,7,9,10,11,12,15,15,15,4782,0,5,22.082676723158094,2.8830710070906207,2097.246796009131,6754.799038059389
1789927365,50,GET,GET /api/v1/reservas,18.500000,0.000000,6,6,7,8,9,10,11,12,14,14,14,3552,0,5,6.448365386547864,3.69357799354475,141.49748299678322,8965.0
1789927365,50,GET,GET /api/v1/reservas/{id},6.300000,0.000000,5,5,5,6,8,10,12,15,15,15,15,1204,0,4,5.2452160084084065,2.8830710070906207,138.90227999945637,442.0
1789927365,50,POST,POST /api/v1/auth/login,0.000000,0.000000,0,0,0,0,0,0,0,0,0,0,0,50,0,1500.0,1530.0452338409377,792.2298000048613,2097.246796009131,1622.0
1789927365,50,,Aggregated,24.800000,0.000000,6,6,7,7,9,10,11,12,15,15,15,4806,0,5,21.997939163376742,2.8830710070906207,2097.246796009131,6753.422388680816
1789927366,50,GET,GET /api/v1/reservas,17.500000,0.000000,6,6,7,8,9,10,11,12,14,14,14,3570,0,5,6.4465340686272645,3.69357799354475,141.49748299678322,8965.0
1789927366,50,GET,GET /api/v1/reservas/{id},6.400000,0.000000,5,5,6,6,8,10,12,15,15,15,15,1214,0,4,5.241592914464709,2.8830710070906207,138.90227999945637,442.0
1789927366,50,POST,POST /api/v1/auth/login,0.000000,0.000000,0,0,0,0,0,0,0,0,0,0,0,50,0,1500.0,1530.0452338409377,792.2298000048613,2097.246796009131,1622.0
1789927366,50,,Aggregated,23.900000,0.000000,6,6,7,7,9,10,11,12,15,15,15,4834,0,5,21.903120007283075,2.8830710070906207,2097.246796009131,6748.601158460902
1789927367,50,GET,GET /api/v1/reservas,17.900000,0.000000,6,6,7,8,9,10,11,12,14,14,14,3585,0,5,6.443074751459257,3.69357799354475,141.49748299678322,8965.0
1789927367,50,GET,GET /api/v1/reservas/{id},6.000000,0.000000,5,5,6,6,8,10,12,15,15,15,15,1221,0,4,5.236851199149927,2.8830710070906207,138.90227999945637,442.0
1789927367,50,POST,POST /api/v1/auth/login,0.000000,0.000000,0,0,0,0,0,0,0,0,0,0,0,50,0,1500.0,1530.0452338409377,792.2298000048613,2097.246796009131,1622.0
1789927367,50,,Aggregated,23.900000,0.000000,6,6,7,7,9,10,11,12,15,15,15,4856,0,5,21.827611200615813,2.8830710070906207,2097.246796009131,6746.3564662273475
1789927368,50,GET,GET /api/v1/reservas,18.200000,0.000000,6,6,7,8,9,10,11,12,14,14,14,3606,0,5,6.436752162222936,3.69357799354475,141.49748299678322,8965.0
1789927368,50,GET,GET /api/v1/reservas/{id},6.800000,0.000000,5,5,6,6,8,10,12,15,15,15,15,1228,0,4,5.230781017248166,2.8830710070906207,138.90227999945637,442.0
1789927368,50,POST,POST /api/v1/auth/login,0.000000,0.000000,0,0,0,0,0,0,0,0,0,0,0,50,0,1500.0,1530.0452338409377,792.2298000048613,2097.246796009131,1622.0
1789927368,50,,Aggregated,25.000000,0.000000,6,6,7,7,9,10,11,12,15,15,15,4884,0,5,21.731488345250522,2.8830710070906207,2097.246796009131,6746.860360360361
1789927369,50,GET,GET /api/v1/reservas,17.300000,0.000000,6,6,7,8,9,10,11,12,14,14,14,3620,0,5,6.433271736183811,3.69357799354475,141.49748299678322,8965.0
1789927369,50,GET,GET /api/v1/reservas/{id},7.100000,0.000000,5,5,6,6,8,10,12,15,15,15,15,1233,0,4,5.225234595462582,2.8830710070906207,138.90227999945637,442.0
1789927369,50,POST,POST /api/v1/auth/login,0.000000,0.000000,0,0,0,0,0,0,0,0,0,0,0,50,0,1500.0,1530.0452338409377,792.2298000048613,2097.246796009131,1622.0
1789927369,50,,Aggregated,24.400000,0.000000,6,6,7,7,9,10,11,12,15,15,15,4903,0,5,21.667024196050917,2.8830710070906207,2097.246796009131,6746.764429940852
1789927370,50,GET,GET /api/v1/reservas,17.300000,0.000000,6,6,7,7,9,10,11,12,14,14,14,3640,0,5,6.4302069348731505,3.69357799354475,141.49748299678322,8965.0
1789927370,50,GET,GET /api/v1/reservas/{id},7.500000,0.000000,5,5,5,6,8,10,10,12,12,12,12,1236,0,4,5.224133342395527,2.8830710070906207,138.90227999945637,442.0
1789927370,50,POST,POST /api/v1/auth/login,0.000000,0.000000,0,0,0,0,0,0,0,0,0,0,0,50,0,1500.0,1530.0452338409377,792.2298000048613,2097.246796009131,1622.0
1789927370,50,,Aggregated,24.800000,0.000000,6,6,7,7,8,10,11,12,14,14,14,4926,0,5,21.59261951810516,2.8830710070906207,2097.246796009131,6751.930978481527
1789927371,50,GET,GET /api/v1/reservas,16.700000,0.000000,6,6,7,7,8,10,11,13,14,14,14,3668,0,5,6.428092706623299,3.69357799354475,141.49748299678322,8965.0
1789927371,50,GET,GET /api/v1/reservas/{id},7.200000,0.000000,5,5,5,6,7,9,10,12,12,12,12,1241,0,4,5.223496917977695,2.8830710070906207,138.90227999945637,442.0
1789927371,50,POST,POST /api/v1/auth/login,0.000000,0.000000,0,0,0,0,0,0,0,0,0,0,0,50,0,1500.0,1530.0452338409377,792.2298000048613,2097.246796009131,1622.0
1789927371,50,,Aggregated,23.900000,0.000000,5,6,6,7,8,10,11,12,14,14,14,4959,0,5,21.488781087951494,2.8830710070906207,2097.246796009131,6758.064529138939
1789927372,50,GET,GET /api/v1/reservas,16.900000,0.000000,6,6,6,7,8,10,11,13,14,14,14,3687,0,5,6.4273840162468545,3.69357799354475,141.49748299678322,8965.0
1789927372,50,GET,GET /api/v1/reservas/{id},6.800000,0.000000,4,5,5,5,6,8,9,10,10,10,10,1243,0,4,5.221380822368289,2.8830710070906207,138.90227999945637,442.0
1789927372,50,POST,POST /api/v1/auth/login,0.000000,0.000000,0,0,0,0,0,0,0,0,0,0,0,50,0,1500.0,1530.0452338409377,792.2298000048613,2097.246796009131,1622.0
1789927372,50,,Aggregated,23.700000,0.000000,5,6,6,6,8,9,10,11,14,14,14,4980,0,5,21.42373552653671,2.8830710070906207,2097.246796009131,6763.9479919678715
1789927373,50,GET,GET /api/v1/reservas,18.100000,0.000000,6,6,6,7,8,10,10,11,13,13,13,3705,0,5,6.422536202944254,3.69357799354475,141.49748299678322,8965.0
1789927373,50,GET,GET /api/v1/reservas/{id},6.500000,0.000000,4,5,5,5,6,6,9,10,10,10,10,1252,0,4,5.21204906485604,2.8830710070906207,138.90227999945637,442.0
1789927373,50,POST,POST /api/v1/auth/login,0.000000,0.000000,0,0,0,0,0,0,0,0,0,0,0,50,0,1500.0,1530.0452338409377,792.2298000048613,2097.246796009131,1622.0
1789927373,50,,Aggregated,24.600000,0.000000,5,6,6,6,8,9,10,11,13,13,13,5007,0,5,21.334780058549054,2.8830710070906207,2097.246796009131,6760.497104054324
1789927374,50,GET,GET /api/v1/reservas,18.100000,0.000000,5,6,6,7,8,9,10,13,16,16,16,3722,0,5,6.422864328563625,3.69357799354475,141.49748299678322,8965.0
1789927374,50,GET,GET /api/v1/reservas/{id},6.500000,0.000000,4,5,5,6,8,10,11,29,29,29,29,1260,0,4,5.243026202538564,2.8830710070906207,138.90227999945637,442.0
1789927374,50,POST,POST /api/v1/auth/login,0.000000,0.000000,0,0,0,0,0,0,0,0,0,0,0,50,0,1500.0,1530.0452338409377,792.2298000048613,2097.246796009131,1622.0
1789927374,50,,Aggregated,24.600000,0.000000,5,6,6,7,8,9,10,13,29,29,29,5032,0,5,21.266767833497475,2.8830710070906207,2097.246796009131,6757.8994435612085
1789927375,50,GET,GET /api/v1/reservas,18.400000,0.000000,6,6,7,8,10,16,58,88,100,100,100,3741,0,5,6.531510827298926,3.69357799354475,141.49748299678322,8965.0
1789927375,50,GET,GET /api/v1/reservas/{id},5.900000,0.000000,4,5,6,6,9,22,29,120,120,120,120,1263,0,4,5.3601862099807915,2.8830710070906207,138.90227999945637,442.0
1789927375,50,POST,POST /api/v1/auth/login,0.000000,0.000000,0,0,0,0,0,0,0,0,0,0,0,50,0,1500.0,1530.0452338409377,792.2298000048613,2097.246796009131,1622.0
1789927375,50,,Aggregated,24.300000,0.000000,5,6,7,8,10,17,58,88,120,120,120,5054,0,5,21.311151341546875,2.8830710070906207,2097.246796009131,6762.44776414721
1789927376,50,GET,GET /api/v1/reservas,19.200000,0.000000,6,7,8,9,14,27,58,88,100,100,100,3764,0,6,6.586624249194832,3.69357799354475,141.49748299678322,8965.0
1789927376,50,GET,GET /api/v1/reservas/{id},6.500000,0.000000,5,5,7,8,14,22,120,120,120,120,120,1268,0,4,5.371332939428939,2.8830710070906207,138.90227999945637,442.0
1789927376,50,POST,POST /api/v1/auth/login,0.000000,0.000000,0,0,0,0,0,0,0,0,0,0,0,50,0,1500.0,1530.0452338409377,792.2298000048613,2097.246796009131,1622.0
1789927376,50,,Aggregated,25.700000,0.000000,6,7,8,9,14,27,58,88,120,120,120,5082,0,5,21.272169526409314,2.8830710070906207,2097.246796009131,6766.197560015742
1789927377,50,GET,GET /api/v1/reservas,18.600000,0.000000,6,7,8,10,14,32,58,88,100,100,100,3781,0,6,6.596304118744328,3.69357799354475,141.49748299678322,8965.0
1789927377,50,GET,GET /api/v1/reservas/{id},6.200000,0.000000,5,7,8,9,14,22,120,120,120,120,120,1275,0,4,5.3780914887822435,2.8830710070906207,138.90227999945637,442.0
1789927377,50,POST,POST /api/v1/auth/login,0.000000,0.000000,0,0,0,0,0,0,0,0,0,0,0,50,0,1500.0,1530.0452338409377,792.2298000048613,2097.246796009131,1622.0
1789927377,50,,Aggregated,24.800000,0.000000,6,7,8,9,14,28,58,88,120,120,120,5106,0,5,21.2103318083072,2.8830710070906207,2097.246796009131,6764.848217783
1789927378,50,GET,GET /api/v1/reservas,19.200000,0.000000,6,8,9,10,14,32,58,88,100,100,100,3798,0,6,6.59676142759499,3.69357799354475,141.49748299678322,8965.0
1789927378,50,GET,GET /api/v1/reservas/{id},5.400000,0.000000,5,6,8,9,11,22,29,120,120,120,120,1283,0,4,5.374306288537107,2.8830710070906207,138.90227999945637,442.0
1789927378,50,POST,POST /api/v1/auth/login,0.000000,0.000000,0,0,0,0,0,0,0,0,0,0,0,50,0,1500.0,1530.0452338409377,792.2298000048613,2097.246796009131,1622.0
1789927378,50,,Aggregated,24.600000,0.000000,6,7,8,9,14,28,58,88,120,120,120,5131,0,5,21.13661987180779,2.8830710070906207,2097.246796009131,6762.279477684662
1789927379,50,GET,GET /api/v1/reservas,19.700000,0.000000,6,8,9,10,14,28,58,88,100,100,100,3819,0,6,6.591747112853065,3.69357799354475,141.49748299678322,8965.0
1789927379,50,GET,GET /api/v1/reservas/{id},5.400000,0.000000,5,6,8,9,11,22,29,120,120,120,120,1286,0,4,5.373236671995649,2.8830710070906207,138.90227999945637,442.0
1789927379,50,POST,POST /api/v1/auth/login,0.000000,0.000000,0,0,0,0,0,0,0,0,0,0,0,50,0,1500.0,1530.0452338409377,792.2298000048613,2097.246796009131,1622.0
1789927379,50,,Aggregated,25.100000,0.000000,6,7,8,9,14,28,58,88,120,120,120,5155,0,5,21.06423400120643,2.8830710070906207,2097.246796009131,6767.574587778856
1789927380,50,GET,GET /api/v1/reservas,19.200000,0.000000,6,7,8,10,14,32,58,88,100,100,100,3840,0,6,6.5839556695247365,3.69357799354475,141.49748299678322,8965.0
1789927380,50,GET,GET /api/v1/reservas/{id},5.300000,0.000000,5,6,8,8,11,22,29,120,120,120,120,1293,0,4,5.374342789009594,2.8830710070906207,138.90227999945637,442.0
1789927380,50,POST,POST /api/v1/auth/login,0.000000,0.000000,0,0,0,0,0,0,0,0,0,0,0,50,0,1500.0,1530.0452338409377,792.2298000048613,2097.246796009131,1622.0
1789927380,50,,Aggregated,24.500000,0.000000,6,7,8,9,14,28,58,88,120,120,120,5183,0,5,20.97890732957964,2.8830710070906207,2097.246796009131,6767.93478680301
1789927381,50,GET,GET /api/v1/reservas,19.700000,0.000000,6,7,8,10,14,32,58,88,100,100,100,3853,0,6,6.58341829120228,3.69357799354475,141.49748299678322,8965.0
1789927381,50,GET,GET /api/v1/reservas/{id},5.300000,0.000000,5,6,7,8,11,22,29,120,120,120,120,1301,0,4,5.367592336040589,2.8830710070906207,138.90227999945637,442.0
1789927381,50,POST,POST /api/v1/auth/login,0.000000,0.000000,0,0,0,0,0,0,0,0,0,0,0,50,0,1500.0,1530.0452338409377,792.2298000048613,2097.246796009131,1622.0
1789927381,50,,Aggregated,25.000000,0.000000,6,7,8,9,14,28,58,88,120,120,120,5204,0,5,20.916873558270193,2.8830710070906207,2097.246796009131,6763.69850115296
1789927382,50,GET,GET /api/v1/reservas,20.100000,0.000000,6,8,9,10,16,32,58,88,100,100,100,3872,0,6,6.585987018850063,3.69357799354475,141.49748299678322,8965.0
1789927382,50,GET,GET /api/v1/reservas/{id},5.600000,0.000000,6,6,7,8,10,19,29,120,120,120,120,1310,0,4,5.3674621688369095,2.8830710070906207,138.90227999945637,442.0
1789927382,50,POST,POST /api/v1/auth/login,0.000000,0.000000,0,0,0,0,0,0,0,0,0,0,0,50,0,1500.0,1530.0452338409377,792.2298000048613,2097.246796009131,1622.0
1789927382,50,,Aggregated,25.700000,0.000000,6,7,8,9,14,28,58,88,120,120,120,5232,0,5,20.839942444612134,2.8830710070906207,2097.246796009131,6760.818042813456
1789927383,50,GET,GET /api/v1/reservas,18.800000,0.000000,6,7,9,10,14,32,58,88,100,100,100,3885,0,6,6.582753076451049,3.69357799354475,141.49748299678322,8965.0
1789927383,50,GET,GET /api/v1/reservas/{id},5.800000,0.000000,5,6,6,6,9,19,22,120,120,120,120,1317,0,4,5.362397866495871,2.8830710070906207,138.90227999945637,442.0
1789927383,50,POST,POST /api/v1/auth/login,0.000000,0.000000,0,0,0,0,0,0,0,0,0,0,0,50,0,1500.0,1530.0452338409377,792.2298000048613,2097.246796009131,1622.0
1789927383,50,,Aggregated,24.600000,0.000000,6,7,8,9,14,28,58,88,120,120,120,5252,0,5,20.780376120379717,2.8830710070906207,2097.246796009131,6757.852056359482
1789927384,50,GET,GET /api/v1/reservas,18.600000,0.000000,6,7,7,8,11,14,32,42,43,43,43,3909,0,6,6.577294806353988,3.69357799354475,141.49748299678322,8965.0
1789927384,50,GET,GET /api/v1/reservas/{id},6.500000,0.000000,5,6,6,6,8,10,12,14,14,14,14,1323,0,4,5.361342341019188,2.8830710070906207,138.90227999945637,442.0
1789927384,50,POST,POST /api/v1/auth/login,0.000000,0.000000,0,0,0,0,0,0,0,0,0,0,0,50,0,1500.0,1530.0452338409377,792.2298000048613,2097.246796009131,1622.0
1789927384,50,,Aggregated,25.100000,0.000000,6,6,7,8,10,13,28,39,43,43,43,5282,0,5,20.694048278540897,2.8830710070906207,2097.246796009131,6760.706361226808
1789927385,50,GET,GET /api/v1/reservas,17.700000,0.000000,6,6,7,7,8,10,12,16,42,42,42,3933,0,6,6.5749140628166876,3.69357799354475,141.49748299678322,8965.0
1789927385,50,GET,GET /api/v1/reservas/{id},6.800000,0.000000,5,6,6,6,8,9,10,12,12,12,12,1325,0,4,5.362903951076387,2.8830710070906207,138.90227999945637,442.0
1789927385,50,POST,POST /api/v1/auth/login,0.000000,0.000000,0,0,0,0,0,0,0,0,0,0,0,50,0,1500.0,1530.0452338409377,792.2298000048613,2097.246796009131,1622.0
1789927385,50,,Aggregated,24.500000,0.000000,6,6,7,7,8,9,12,14,42,42,42,5308,0,5,20.623068281138117,2.8830710070906207,2097.246796009131,6768.292200452148
1789927386,50,GET,GET /api/v1/reservas,18.500000,0.000000,6,6,7,7,8,9,11,12,16,16,16,3958,0,6,6.5695500439736465,3.69357799354475,141.49748299678322,8965.0
1789927386,50,GET,GET /api/v1/reservas/{id},6.200000,0.000000,5,5,6,6,6,7,8,12,12,12,12,1327,0,4,5.360659492977094,2.8830710070906207,138.90227999945637,442.0
1789927386,50,POST,POST /api/v1/auth/login,0.000000,0.000000,0,0,0,0,0,0,0,0,0,0,0,50,0,1500.0,1530.0452338409377,792.2298000048613,2097.246796009131,1622.0
1789927386,50,,Aggregated,24.700000,0.000000,5,6,6,7,8,9,11,12,16,16,16,5335,0,5,20.5469795526289,2.8830710070906207,2097.246796009131,6776.214432989691
1789927387,50,GET,GET /api/v1/reservas,19.400000,0.000000,5,6,6,7,8,9,11,12,16,16,16,3977,0,6,6.564417607249473,3.69357799354475,141.49748299678322,8965.0
1789927387,50,GET,GET /api/v1/reservas/{id},6.200000,0.000000,5,5,6,6,6,7,12,12,12,12,12,1330,0,4,5.358090280580135,2.8830710070906207,138.90227999945637,442.0
1789927387,50,POST,POST /api/v1/auth/login,0.000000,0.000000,0,0,0,0,0,0,0,0,0,0,0,50,0,1500.0,1530.0452338409377,792.2298000048613,2097.246796009131,1622.0
1789927387,50,,Aggregated,25.600000,0.000000,5,6,6,7,8,9,11,12,16,16,16,5357,0,5,20.484452228719363,2.8830710070906207,2097.246796009131,6780.4302781407505
1789927388,50,GET,GET /api/v1/reservas,18.900000,0.000000,5,6,6,7,8,9,11,12,16,16,16,3992,0,6,6.56088089654113,3.69357799354475,141.49748299678322,8965.0
1789927388,50,GET,GET /api/v1/reservas/{id},6.000000,0.000000,5,5,6,6,6,7,8,12,12,12,12,1340,0,4,5.348864536692906,2.8830710070906207,138.90227999945637,442.0
1789927388,50,POST,POST /api/v1/auth/login,0.000000,0.000000,0,0,0,0,0,0,0,0,0,0,0,50,0,1500.0,1530.0452338409377,792.2298000048613,2097.246796009131,1622.0
1789927388,50,,Aggregated,24.900000,0.000000,5,6,6,7,7,9,11,12,16,16,16,5382,0,5,20.412630380937863,2.8830710070906207,2097.246796009131,6774.741731698254
1789927389,50,GET,GET /api/v1/reservas,19.400000,0.000000,6,6,6,7,8,9,11,12,16,16,16,4015,0,6,6.55364984756476,3.69357799354475,141.49748299678322,8965.0
1789927389,50,GET,GET /api/v1/reservas/{id},5.400000,0.000000,4,5,5,6,6,7,8,12,12,12,12,1344,0,4,5.343344176448487,2.8830710070906207,138.90227999945637,442.0
1789927389,50,POST,POST /api/v1/auth/login,0.000000,0.000000,0,0,0,0,0,0,0,0,0,0,0,50,0,1500.0,1530.0452338409377,792.2298000048613,2097.246796009131,1622.0
1789927389,50,,Aggregated,24.800000,0.000000,5,6,6,7,7,9,11,12,16,16,16,5409,0,5,20.33585143338254,2.8830710070906207,2097.246796009131,6779.371972638196
1789927390,50,GET,GET /api/v1/reservas,19.500000,0.000000,6,6,7,7,8,9,11,16,16,16,16,4033,0,6,6.554872060495594,3.69357799354475,141.49748299678322,8965.0
1789927390,50,GET,GET /api/v1/reservas/{id},5.800000,0.000000,4,5,5,6,7,8,12,12,12,12,12,1348,0,4,5.347197239727382,2.8830710070906207,138.90227999945637,442.0
1789927390,50,POST,POST /api/v1/auth/login,0.000000,0.000000,0,0,0,0,0,0,0,0,0,0,0,50,0,1500.0,1530.0452338409377,792.2298000048613,2097.246796009131,1622.0
1789927390,50,,Aggregated,25.300000,0.000000,5,6,6,7,8,9,11,12,16,16,16,5431,0,5,20.280994769136093,2.8830710070906207,2097.246796009131,6781.9482599889525
1789927391,50,GET,GET /api/v1/reservas,19.200000,0.000000,6,6,6,7,8,9,10,12,16,16,16,4054,0,6,6.551965951651662,3.69357799354475,141.49748299678322,8965.0
1789927391,50,GET,GET /api/v1/reservas/{id},5.900000,0.000000,4,5,5,5,7,8,12,12,12,12,12,1354,0,4,5.343911975745213,2.8830710070906207,138.90227999945637,442.0
1789927391,50,POST,POST /api/v1/auth/login,0.000000,0.000000,0,0,0,0,0,0,0,0,0,0,0,50,0,1500.0,1530.0452338409377,792.2298000048613,2097.246796009131,1622.0
1789927391,50,,Aggregated,25.100000,0.000000,5,6,6,7,7,9,10,12,16,16,16,5458,0,5,20.20879231865184,2.8830710070906207,2097.246796009131,6783.3781604983515
1789927392,50,GET,GET /api/v1/reservas,19.100000,0.000000,6,6,7,7,8,9,16,17,21,21,21,4069,0,6,6.56316316294023,3.69357799354475,141.49748299678322,8965.0
1789927392,50,GET,GET /api/v1/reservas/{id},5.600000,0.000000,4,5,5,6,7,8,12,12,12,12,12,1358,0,4,5.344552063448828,2.8830710070906207,138.90227999945637,442.0
1789927392,50,POST,POST /api/v1/auth/login,0.000000,0.000000,0,0,0,0,0,0,0,0,0,0,0,50,0,1500.0,1530.0452338409377,792.2298000048613,2097.246796009131,1622.0
1789927392,50,,Aggregated,24.700000,0.000000,5,6,6,7,8,9,16,17,21,21,21,5477,0,5,20.16901119302797,2.8830710070906207,2097.246796009131,6784.7217454811025
1789927393,50,GET,GET /api/v1/reservas,20.000000,0.000000,6,6,6,7,8,9,16,17,21,21,21,4092,0,6,6.556351132457934,3.69357799354475,141.49748299678322,8965.0
1789927393,50,GET,GET /api/v1/reservas/{id},5.300000,0.000000,4,5,5,5,7,8,8,8,8,8,8,1368,0,4,5.33478517407711,2.8830710070906207,138.90227999945637,442.0
1789927393,50,POST,POST /api/v1/auth/login,0.000000,0.000000,0,0,0,0,0,0,0,0,0,0,0,50,0,1500.0,1530.0452338409377,792.2298000048613,2097.246796009131,1622.0
1789927393,50,,Aggregated,25.300000,0.000000,5,6,6,7,8,9,16,17,21,21,21,5510,0,5,20.07782879205122,2.8830710070906207,2097.246796009131,6782.311433756806
1789927394,50,GET,GET /api/v1/reservas,19.400000,0.000000,6,6,6,7,8,10,16,17,21,21,21,4109,0,6,6.552325140433937,3.69357799354475,141.49748299678322,8965.0
1789927394,50,GET,GET /api/v1/reservas/{id},4.800000,0.000000,4,5,5,5,6,7,8,8,8,8,8,1372,0,4,5.332430678662187,2.8830710070906207,138.90227999945637,442.0
1789927394,50,POST,POST /api/v1/auth/login,0.000000,0.000000,0,0,0,0,0,0,0,0,0,0,0,50,0,1500.0,1530.0452338409377,792.2298000048613,2097.246796009131,1622.0
1789927394,50,,Aggregated,24.200000,0.000000,5,6,6,6,8,9,16,17,21,21,21,5531,0,5,20.02203228805179,2.8830710070906207,2097.246796009131,6784.434821912855
1789927395,50,GET,GET /api/v1/reservas,20.900000,0.000000,6,6,6,6,7,9,16,17,21,21,21,4130,0,6,6.545587362966514,3.69357799354475,141.49748299678322,8965.0
1789927395,50,GET,GET /api/v1/reservas/{id},5.000000,0.000000,4,5,5,5,6,7,8,8,8,8,8,1374,0,4,5.329508187131617,2.8830710070906207,138.90227999945637,442.0
1789927395,50,POST,POST /api/v1/auth/login,0.000000,0.000000,0,0,0,0,0,0,0,0,0,0,0,50,0,1500.0,1530.0452338409377,792.2298000048613,2097.246796009131,1622.0
1789927395,50,,Aggregated,25.900000,0.000000,5,6,6,6,7,8,16,17,21,21,21,5554,0,5,19.960079537309586,2.8830710070906207,2097.246796009131,6790.395750810227
1789927396,50,GET,GET /api/v1/reservas,19.600000,0.000000,6,6,6,7,8,11,16,17,21,21,21,4152,0,6,6.549800129347741,3.69357799354475,141.49748299678322,8965.0
1789927396,50,GET,GET /api/v1/reservas/{id},4.800000,0.000000,4,5,5,5,7,7,8,8,8,8,8,1378,0,4,5.3283931082144145,2.8830710070906207,138.90227999945637,442.0
1789927396,50,POST,POST /api/v1/auth/login,0.000000,0.000000,0,0,0,0,0,0,0,0,0,0,0,50,0,1500.0,1530.0452338409377,792.2298000048613,2097.246796009131,1622.0
1789927396,50,,Aggregated,24.400000,0.000000,5,6,6,7,8,10,16,17,21,21,21,5580,0,5,19.89956228175953,2.8830710070906207,2097.246796009131,6794.4186379928315
1789927397,50,GET,GET /api/v1/reservas,19.600000,0.000000,6,6,6,7,8,11,16,17,21,21,21,4168,0,6,6.545762068870426,3.69357799354475,141.49748299678322,8965.0
1789927397,50,GET,GET /api/v1/reservas/{id},4.800000,0.000000,4,5,5,5,7,7,8,8,8,8,8,1386,0,4,5.321068487810119,2.8830710070906207,138.90227999945637,442.0
1789927397,50,POST,POST /api/v1/auth/login,0.000000,0.000000,0,0,0,0,0,0,0,0,0,0,0,50,0,1500.0,1530.0452338409377,792.2298000048613,2097.246796009131,1622.0
1789927397,50,,Aggregated,24.400000,0.000000,5,6,6,7,8,10,16,17,21,21,21,5604,0,5,19.835831356032056,2.8830710070906207,2097.246796009131,6791.547466095646
1789927398,50,GET,GET /api/v1/reservas,19.900000,0.000000,6,6,6,7,8,11,16,17,21,21,21,4184,0,6,6.541047391026665,3.69357799354475,141.49748299678322,8965.0
1789927398,50,GET,GET /api/v1/reservas/{id},5.100000,0.000000,4,5,5,5,7,7,8,8,8,8,8,1393,0,4,5.315262081919452,2.8830710070906207,138.90227999945637,442.0
1789927398,50,POST,POST /api/v1/auth/login,0.000000,0.000000,0,0,0,0,0,0,0,0,0,0,0,50,0,1500.0,1530.0452338409377,792.2298000048613,2097.246796009131,1622.0
1789927398,50,,Aggregated,25.000000,0.000000,5,6,6,7,8,10,16,17,21,21,21,5627,0,5,19.775042483777547,2.8830710070906207,2097.246796009131,6789.828683134885
1789927399,50,GET,GET /api/v1/reservas,19.100000,0.000000,5,6,6,7,8,10,16,17,21,21,21,4208,0,6,6.533043741457642,3.69357799354475,141.49748299678322,8965.0
1789927399,50,GET,GET /api/v1/reservas/{id},5.600000,0.000000,4,5,5,5,6,7,8,8,8,8,8,1401,0,4,5.30725512141312,2.8830710070906207,138.90227999945637,442.0
1789927399,50,POST,POST /api/v1/auth/login,0.000000,0.000000,0,0,0,0,0,0,0,0,0,0,0,50,0,1500.0,1530.0452338409377,792.2298000048613,2097.246796009131,1622.0
1789927399,50,,Aggregated,24.700000,0.000000,5,6,6,6,8,9,13,17,21,21,21,5659,0,5,19.690541470436546,2.8830710070906207,2097.246796009131,6790.079872769041
1789927400,50,GET,GET /api/v1/reservas,19.100000,0.000000,5,6,6,7,8,10,16,17,21,21,21,4223,0,6,6.534698226621117,3.69357799354475,141.49748299678322,8965.0
1789927400,50,GET,GET /api/v1/reservas/{id},5.300000,0.000000,4,4,5,5,5,6,7,8,8,8,8,1406,0,4,5.303663335785112,2.8830710070906207,138.90227999945637,442.0
1789927400,50,POST,POST /api/v1/auth/login,0.000000,0.000000,0,0,0,0,0,0,0,0,0,0,0,50,0,1500.0,1530.0452338409377,792.2298000048613,2097.246796009131,1622.0
1789927400,50,,Aggregated,24.400000,0.000000,5,6,6,6,8,10,13,17,21,21,21,5679,0,5,19.64346591885574,2.8830710070906207,2097.246796009131,6790.235428772671
1789927401,50,GET,GET /api/v1/reservas,19.800000,0.000000,5,6,6,7,8,9,12,13,17,17,17,4247,0,6,6.530535868143038,3.69357799354475,141.49748299678322,8965.0
1789927401,50,GET,GET /api/v1/reservas/{id},5.700000,0.000000,4,4,5,5,5,6,7,8,8,8,8,1413,0,4,5.301140648340384,2.8830710070906207,138.90227999945637,442.0
1789927401,50,POST,POST /api/v1/auth/login,0.000000,0.000000,0,0,0,0,0,0,0,0,0,0,0,50,0,1500.0,1530.0452338409377,792.2298000048613,2097.246796009131,1622.0
1789927401,50,,Aggregated,25.500000,0.000000,5,6,6,6,8,8,11,12,17,17,17,5710,0,5,19.567068171655926,2.8830710070906207,2097.246796009131,6791.593870402802
1789927402,50,GET,GET /api/v1/reservas,19.100000,0.000000,5,6,6,7,8,9,11,12,13,13,13,4261,0,6,6.528095314709916,3.69357799354475,141.49748299678322,8965.0
1789927402,50,GET,GET /api/v1/reservas/{id},5.700000,0.000000,4,5,5,5,5,6,6,7,7,7,7,1419,0,4,5.296880726647462,2.8830710070906207,138.90227999945637,442.0
1789927402,50,POST,POST /api/v1/auth/login,0.000000,0.000000,0,0,0,0,0,0,0,0,0,0,0,50,0,1500.0,1530.0452338409377,792.2298000048613,2097.246796009131,1622.0
1789927402,50,,Aggregated,24.800000,0.000000,5,6,6,6,7,8,10,12,13,13,13,5730,0,5,19.51740830351459,2.8830710070906207,2097.246796009131,6790.255322862129
1789927403,50,GET,GET /api/v1/reservas,19.400000,0.000000,5,6,6,7,8,9,10,12,13,13,13,4281,0,6,6.522742261851041,3.69357799354475,141.49748299678322,8965.0
1789927403,50,GET,GET /api/v1/reservas/{id},5.900000,0.000000,4,4,5,5,5,6,6,7,7,7,7,1423,0,4,5.295358151878091,2.8830710070906207,138.90227999945637,442.0
1789927403,50,POST,POST /api/v1/auth/login,0.000000,0.000000,0,0,0,0,0,0,0,0,0,0,0,50,0,1500.0,1530.0452338409377,792.2298000048613,2097.246796009131,1622.0
1789927403,50,,Aggregated,25.300000,0.000000,5,6,6,6,7,8,10,11,13,13,13,5754,0,5,19.458014592484137,2.8830710070906207,2097.246796009131,6793.40128606187
1789927404,50,GET,GET /api/v1/reservas,19.400000,0.000000,5,6,6,7,8,9,10,12,13,13,13,4304,0,6,6.51659745701898,3.69357799354475,141.49748299678322,8965.0
1789927404,50,GET,GET /api/v1/reservas/{id},6.300000,0.000000,4,5,5,5,6,6,7,12,12,12,12,1427,0,4,5.297724143040273,2.8830710070906207,138.90227999945637,442.0
1789927404,50,POST,POST /api/v1/auth/login,0.000000,0.000000,0,0,0,0,0,0,0,0,0,0,0,50,0,1500.0,1530.0452338409377,792.2298000048613,2097.246796009131,1622.0
1789927404,50,,Aggregated,25.700000,0.000000,5,6,6,6,8,8,10,12,13,13,13,5781,0,5,19.392760681400286,2.8830710070906207,2097.246796009131,6797.646427953641
1789927405,50,GET,GET /api/v1/reservas,18.700000,0.000000,5,6,6,6,7,8,9,10,10,10,10,4325,0,6,6.509884837920632,3.69357799354475,141.49748299678322,8965.0
1789927405,50,GET,GET /api/v1/reservas/{id},5.600000,0.000000,4,5,5,5,6,6,6,12,12,12,12,1432,0,4,5.29469394073381,2.8830710070906207,138.90227999945637,442.0
1789927405,50,POST,POST /api/v1/auth/login,0.000000,0.000000,0,0,0,0,0,0,0,0,0,0,0,50,0,1500.0,1530.0452338409377,792.2298000048613,2097.246796009131,1622.0
1789927405,50,,Aggregated,24.300000,0.000000,5,6,6,6,7,8,9,10,12,12,12,5807,0,5,19.328313301047775,2.8830710070906207,2097.246796009131,6800.011882211124
1789927406,50,GET,GET /api/v1/reservas,19.700000,0.000000,5,6,6,7,7,8,9,10,10,10,10,4345,0,6,6.509923936718254,3.69357799354475,141.49748299678322,8965.0
1789927406,50,GET,GET /api/v1/reservas/{id},5.700000,0.000000,4,5,5,5,6,6,10,12,12,12,12,1438,0,4,5.296341804699274,2.8830710070906207,138.90227999945637,442.0
1789927406,50,POST,POST /api/v1/auth/login,0.000000,0.000000,0,0,0,0,0,0,0,0,0,0,0,50,0,1500.0,1530.0452338409377,792.2298000048613,2097.246796009131,1622.0
1789927406,50,,Aggregated,25.400000,0.000000,5,6,6,6,7,8,10,10,12,12,12,5833,0,5,19.270361857062447,2.8830710070906207,2097.246796009131,6800.895079718841
1789927407,50,GET,GET /api/v1/reservas,19.600000,0.000000,5,6,6,7,7,8,9,10,10,10,10,4363,0,6,6.504584205129119,3.69357799354475,141.49748299678322,8965.0
1789927407,50,GET,GET /api/v1/reservas/{id},5.700000,0.000000,4,5,5,5,6,6,10,12,12,12,12,1445,0,4,5.2893466146374415,2.841106994310394,138.90227999945637,442.0
1789927407,50,POST,POST /api/v1/auth/login,0.000000,0.000000,0,0,0,0,0,0,0,0,0,0,0,50,0,1500.0,1530.0452338409377,792.2298000048613,2097.246796009131,1622.0
1789927407,50,,Aggregated,25.300000,0.000000,5,6,6,6,7,8,10,10,12,12,12,5858,0,5,19.208751867049564,2.841106994310394,2097.246796009131,6799.946227381359
1789927408,50,GET,GET /api/v1/reservas,19.000000,0.000000,5,6,6,7,8,9,10,10,10,10,10,4380,0,6,6.501287468490441,3.69357799354475,141.49748299678322,8965.0
1789927408,50,GET,GET /api/v1/reservas/{id},6.000000,0.000000,4,5,5,5,6,6,12,12,12,12,12,1450,0,4,5.286573486298258,2.841106994310394,138.90227999945637,442.0
1789927408,50,POST,POST /api/v1/auth/login,0.000000,0.000000,0,0,0,0,0,0,0,0,0,0,0,50,0,1500.0,1530.0452338409377,792.2298000048613,2097.246796009131,1622.0
1789927408,50,,Aggregated,25.000000,0.000000,5,6,6,6,7,8,10,10,12,12,12,5880,0,5,19.157046319586307,2.841106994310394,2097.246796009131,6800.799319727891
1789927409,50,GET,GET /api/v1/reservas,19.900000,0.000000,5,6,6,7,7,9,9,10,10,10,10,4401,0,6,6.4991356144023635,3.69357799354475,141.49748299678322,8965.0
1789927409,50,GET,GET /api/v1/reservas/{id},5.900000,0.000000,4,5,5,5,6,6,12,12,12,12,12,1452,0,4,5.285465979422526,2.841106994310394,138.90227999945637,442.0
1789927409,50,POST,POST /api/v1/auth/login,0.000000,0.000000,0,0,0,0,0,0,0,0,0,0,0,50,0,1500.0,1530.0452338409377,792.2298000048613,2097.246796009131,1622.0
1789927409,50,,Aggregated,25.800000,0.000000,5,6,6,6,7,8,10,10,12,12,12,5903,0,5,19.105447083373402,2.841106994310394,2097.246796009131,6806.3440623411825
1789927410,50,GET,GET /api/v1/reservas,19.700000,0.000000,5,6,6,7,7,9,10,10,11,11,11,4424,0,6,6.497681046111561,3.69357799354475,141.49748299678322,8965.0
1789927410,50,GET,GET /api/v1/reservas/{id},5.600000,0.000000,4,5,5,5,6,6,12,12,12,12,12,1456,0,4,5.282338127841825,2.841106994310394,138.90227999945637,442.0
1789927410,50,POST,POST /api/v1/auth/login,0.000000,0.000000,0,0,0,0,0,0,0,0,0,0,0,50,0,1500.0,1530.0452338409377,792.2298000048613,2097.246796009131,1622.0
1789927410,50,,Aggregated,25.300000,0.000000,5,6,6,6,7,9,10,10,12,12,12,5930,0,5,19.045377226674894,2.841106994310394,2097.246796009131,6810.4236087689715
1789927411,50,GET,GET /api/v1/reservas,18.700000,0.000000,5,6,6,7,7,9,10,10,11,11,11,4435,0,6,6.496733928066726,3.69357799354475,141.49748299678322,8965.0
1789927411,50,GET,GET /api/v1/reservas/{id},5.100000,0.000000,5,5,6,6,7,10,17,17,17,17,17,1462,0,4,5.2938177572816825,2.841106994310394,138.90227999945637,442.0
1789927411,50,POST,POST /api/v1/auth/login,0.000000,0.000000,0,0,0,0,0,0,0,0,0,0,0,50,0,1500.0,1530.0452338409377,792.2298000048613,2097.246796009131,1622.0
1789927411,50,,Aggregated,23.800000,0.000000,5,6,6,7,7,9,10,11,17,17,17,5947,0,5,19.010398221652704,2.841106994310394,2097.246796009131,6807.983689255087
1789927412,50,GET,GET /api/v1/reservas,19.800000,0.000000,5,6,6,7,7,9,10,10,11,11,11,4465,0,6,6.488942123178684,3.69357799354475,141.49748299678322,8965.0
1789927412,50,GET,GET /api/v1/reservas/{id},5.200000,0.000000,5,5,5,6,7,10,17,17,17,17,17,1468,0,4,5.29057884615047,2.841106994310394,138.90227999945637,442.0
1789927412,50,POST,POST /api/v1/auth/login,0.000000,0.000000,0,0,0,0,0,0,0,0,0,0,0,50,0,1500.0,1530.0452338409377,792.2298000048613,2097.246796009131,1622.0
1789927412,50,,Aggregated,25.000000,0.000000,5,6,6,6,7,9,10,11,17,17,17,5983,0,5,18.927286982816078,2.841106994310394,2097.246796009131,6812.415343473174
1789927413,50,GET,GET /api/v1/reservas,18.900000,0.000000,6,6,7,7,8,9,10,11,18,18,18,4479,0,6,6.491821453230482,3.69357799354475,141.49748299678322,8965.0
1789927413,50,GET,GET /api/v1/reservas/{id},5.000000,0.000000,5,5,5,6,7,8,17,17,17,17,17,1473,0,4,5.28934158800552,2.841106994310394,138.90227999945637,442.0
1789927413,50,POST,POST /api/v1/auth/login,0.000000,0.000000,0,0,0,0,0,0,0,0,0,0,0,50,0,1500.0,1530.0452338409377,792.2298000048613,2097.246796009131,1622.0
1789927413,50,,Aggregated,23.900000,0.000000,5,6,6,7,8,9,10,11,18,18,18,6002,0,5,18.88875877044291,2.841106994310394,2097.246796009131,6812.129456847718
1789927414,50,GET,GET /api/v1/reservas,20.200000,0.000000,6,6,7,7,8,9,10,11,18,18,18,4498,0,6,6.487152207870655,3.69357799354475,141.49748299678322,8965.0
1789927414,50,GET,GET /api/v1/reservas/{id},4.800000,0.000000,4,5,5,5,7,8,10,17,17,17,17,1483,0,4,5.280070482880466,2.841106994310394,138.90227999945637,442.0
1789927414,50,POST,POST /api/v1/auth/login,0.000000,0.000000,0,0,0,0,0,0,0,0,0,0,0,50,0,1500.0,1530.0452338409377,792.2298000048613,2097.246796009131,1622.0
1789927414,50,,Aggregated,25.000000,0.000000,5,6,6,7,8,9,10,11,18,18,18,6031,0,5,18.821392281406204,2.841106994310394,2097.246796009131,6808.349527441552
1789927415,50,GET,GET /api/v1/reservas,19.800000,0.000000,6,6,6,7,7,9,10,11,18,18,18,4514,0,6,6.483358840718856,3.69357799354475,141.49748299678322,8965.0
1789927415,50,GET,GET /api/v1/reservas/{id},4.900000,0.000000,4,5,5,5,6,8,8,17,17,17,17,1489,0,4,5.276219395630886,2.841106994310394,138.90227999945637,442.0
1789927415,50,POST,POST /api/v1/auth/login,0.000000,0.000000,0,0,0,0,0,0,0,0,0,0,0,50,0,1500.0,1530.0452338409377,792.2298000048613,2097.246796009131,1622.0
1789927415,50,,Aggregated,24.700000,0.000000,5,6,6,6,7,9,10,11,18,18,18,6053,0,5,18.771589984990285,2.841106994310394,2097.246796009131,6807.739633239716
1789927416,50,GET,GET /api/v1/reservas,19.300000,0.000000,5,6,6,7,7,9,10,11,18,18,18,4531,0,6,6.4775456881457485,3.69357799354475,141.49748299678322,8965.0
1789927416,50,GET,GET /api/v1/reservas/{id},5.300000,0.000000,4,5,5,5,7,8,17,17,17,17,17,1493,0,4,5.2726471634972025,2.841106994310394,138.90227999945637,442.0
1789927416,50,POST,POST /api/v1/auth/login,0.000000,0.000000,0,0,0,0,0,0,0,0,0,0,0,50,0,1500.0,1530.0452338409377,792.2298000048613,2097.246796009131,1622.0
1789927416,50,,Aggregated,24.600000,0.000000,5,6,6,6,7,9,10,11,18,18,18,6074,0,5,18.723095722775206,2.841106994310394,2097.246796009131,6809.585281527823
1789927417,50,GET,GET /api/v1/reservas,18.800000,0.000000,6,6,6,7,8,10,11,12,18,18,18,4554,0,6,6.480797214749795,3.69357799354475,141.49748299678322,8965.0
1789927417,50,GET,GET /api/v1/reservas/{id},5.800000,0.000000,4,5,5,5,7,8,17,17,17,17,17,1498,0,4,5.270549525448587,2.841106994310394,138.90227999945637,442.0
1789927417,50,POST,POST /api/v1/auth/login,0.000000,0.000000,0,0,0,0,0,0,0,0,0,0,0,50,0,1500.0,1530.0452338409377,792.2298000048613,2097.246796009131,1622.0
1789927417,50,,Aggregated,24.600000,0.000000,5,6,6,6,8,9,11,12,18,18,18,6102,0,5,18.667829465280143,2.841106994310394,2097.246796009131,6812.491969845953
1789927418,50,GET,GET /api/v1/reservas,19.000000,0.000000,6,6,6,7,8,9,11,12,18,18,18,4574,0,6,6.475536123298476,3.69357799354475,141.49748299678322,8965.0
1789927418,50,GET,GET /api/v1/reservas/{id},5.600000,0.000000,4,5,5,5,6,8,8,17,17,17,17,1505,0,4,5.264537138272653,2.841106994310394,138.90227999945637,442.0
1789927418,50,POST,POST /api/v1/auth/login,0.000000,0.000000,0,0,0,0,0,0,0,0,0,0,0,50,0,1500.0,1530.0452338409377,792.2298000048613,2097.246796009131,1622.0
1789927418,50,,Aggregated,24.600000,0.000000,5,6,6,6,8,9,11,12,18,18,18,6129,0,5,18.607357205598703,2.841106994310394,2097.246796009131,6812.240169685104
1789927419,50,GET,GET /api/v1/reservas,18.800000,0.000000,5,6,6,6,8,9,11,12,18,18,18,4594,0,6,6.470118518498223,3.69357799354475,141.49748299678322,8965.0
1789927419,50,GET,GET /api/v1/reservas/{id},5.200000,0.000000,4,5,5,5,6,8,8,17,17,17,17,1510,0,4,5.26201660336814,2.841106994310394,138.90227999945637,442.0
1789927419,50,POST,POST /api/v1/auth/login,0.000000,0.000000,0,0,0,0,0,0,0,0,0,0,0,50,0,1500.0,1530.0452338409377,792.2298000048613,2097.246796009131,1622.0
1789927419,50,,Aggregated,24.000000,0.000000,5,6,6,6,7,9,11,12,18,18,18,6154,0,5,18.55242626537433,2.841106994310394,2097.246796009131,6814.060773480663
1789927420,50,GET,GET /api/v1/reservas,19.400000,0.000000,5,6,6,6,8,9,11,12,18,18,18,4610,0,6,6.466517871584255,3.69357799354475,141.49748299678322,8965.0
1789927420,50,GET,GET /api/v1/reservas/{id},5.400000,0.000000,4,4,5,5,5,7,7,8,8,8,8,1516,0,4,5.256492829854962,2.841106994310394,138.90227999945637,442.0
1789927420,50,POST,POST /api/v1/auth/login,0.000000,0.000000,0,0,0,0,0,0,0,0,0,0,0,50,0,1500.0,1530.0452338409377,792.2298000048613,2097.246796009131,1622.0
1789927420,50,,Aggregated,24.800000,0.000000,5,6,6,6,7,9,11,11,18,18,18,6176,0,5,18.50416972313964,2.841106994310394,2097.246796009131,6813.44268134715
1789927421,50,GET,GET /api/v1/reservas,19.700000,0.000000,5,6,6,6,8,9,11,12,18,18,18,4634,0,5,6.462446039917979,3.69357799354475,141.49748299678322,8965.0
1789927421,50,GET,GET /api/v1/reservas/{id},5.700000,0.000000,4,4,5,5,5,6,6,8,8,8,8,1519,0,4,5.255254246251581,2.841106994310394,138.90227999945637,442.0
1789927421,50,POST,POST /api/v1/auth/login,0.000000,0.000000,0,0,0,0,0,0,0,0,0,0,0,50,0,1500.0,1530.0452338409377,792.2298000048613,2097.246796009131,1622.0
1789927421,50,,Aggregated,25.400000,0.000000,5,6,6,6,7,8,11,11,18,18,18,6203,0,5,18.44784263115959,2.841106994310394,2097.246796009131,6818.685797194906
1789927422,50,GET,GET /api/v1/reservas,18.700000,0.000000,5,6,6,6,7,8,10,11,12,12,12,4650,0,5,6.461136390314868,3.69357799354475,141.49748299678322,8965.0
1789927422,50,GET,GET /api/v1/reservas/{id},5.800000,0.000000,4,5,5,5,5,5,6,6,6,6,6,1528,0,4,5.250358323996926,2.841106994310394,138.90227999945637,442.0
1789927422,50,POST,POST /api/v1/auth/login,0.000000,0.000000,0,0,0,0,0,0,0,0,0,0,0,50,0,1500.0,1530.0452338409377,792.2298000048613,2097.246796009131,1622.0
1789927422,50,,Aggregated,24.500000,0.000000,5,5,6,6,7,8,10,11,12,12,12,6228,0,5,18.395808193011934,2.841106994310394,2097.246796009131,6814.984906872191
1789927423,50,GET,GET /api/v1/reservas,19.700000,0.000000,5,6,6,7,8,10,11,12,14,14,14,4669,0,6,6.465214604618598,3.69357799354475,141.49748299678322,8965.0
1789927423,50,GET,GET /api/v1/reservas/{id},5.700000,0.000000,4,5,5,5,5,6,6,10,10,10,10,1536,0,4,5.251633157579742,2.841106994310394,138.90227999945637,442.0
1789927423,50,POST,POST /api/v1/auth/login,0.000000,0.000000,0,0,0,0,0,0,0,0,0,0,0,50,0,1500.0,1530.0452338409377,792.2298000048613,2097.246796009131,1622.0
1789927423,50,,Aggregated,25.400000,0.000000,5,6,6,6,7,9,11,11,14,14,14,6255,0,5,18.346100273549737,2.841106994310394,2097.246796009131,6813.36482813749
1789927424,50,GET,GET /api/v1/reservas,18.700000,0.000000,5,6,6,7,8,10,11,12,14,14,14,4689,0,6,6.459465937720452,3.69357799354475,141.49748299678322,8965.0
1789927424,50,GET,GET /api/v1/reservas/{id},6.000000,0.000000,4,5,5,5,5,6,6,10,10,10,10,1542,0,4,5.247170380713408,2.841106994310394,138.90227999945637,442.0
1789927424,50,POST,POST /api/v1/auth/login,0.000000,0.000000,0,0,0,0,0,0,0,0,0,0,0,50,0,1500.0,1530.0452338409377,792.2298000048613,2097.246796009131,1622.0
1789927424,50,,Aggregated,24.700000,0.000000,5,6,6,6,7,9,11,11,14,14,14,6281,0,5,18.290373220996365,2.841106994310394,2097.246796009131,6814.129756408215
1789927425,50,GET,GET /api/v1/reservas,18.800000,0.000000,5,6,6,7,8,10,11,12,14,14,14,4710,0,5,6.452439635031933,3.69357799354475,141.49748299678322,8965.0
1789927425,50,GET,GET /api/v1/reservas/{id},6.500000,0.000000,4,5,5,5,5,6,6,10,10,10,10,1549,0,4,5.242792367373021,2.841106994310394,138.90227999945637,442.0
1789927425,50,POST,POST /api/v1/auth/login,0.000000,0.000000,0,0,0,0,0,0,0,0,0,0,0,50,0,1500.0,1530.0452338409377,792.2298000048613,2097.246796009131,1622.0
1789927425,50,,Aggregated,25.300000,0.000000,5,6,6,6,7,9,11,11,14,14,14,6309,0,5,18.230200943114298,2.841106994310394,2097.246796009131,6814.219052147725
1789927426,50,GET,GET /api/v1/reservas,18.900000,0.000000,5,6,6,7,7,8,10,11,14,14,14,4728,0,5,6.449777667500224,3.69357799354475,141.49748299678322,8965.0
1789927426,50,GET,GET /api/v1/reservas/{id},6.100000,0.000000,4,5,5,5,5,6,6,10,10,10,10,1553,0,4,5.239650854510369,2.841106994310394,138.90227999945637,442.0
1789927426,50,POST,POST /api/v1/auth/login,0.000000,0.000000,0,0,0,0,0,0,0,0,0,0,0,50,0,1500.0,1530.0452338409377,792.2298000048613,2097.246796009131,1622.0
1789927426,50,,Aggregated,25.000000,0.000000,5,5,6,6,7,8,10,11,14,14,14,6331,0,5,18.18575079466791,2.841106994310394,2097.246796009131,6816.308008213552
1789927427,50,GET,GET /api/v1/reservas,19.800000,0.000000,5,6,7,7,8,10,13,14,18,18,18,4749,0,5,6.456798788365731,3.69357799354475,141.49748299678322,8965.0
1789927427,50,GET,GET /api/v1/reservas/{id},5.900000,0.000000,4,5,5,5,6,10,11,31,31,31,31,1559,0,4,5.256833988497233,2.841106994310394,138.90227999945637,442.0
1789927427,50,POST,POST /api/v1/auth/login,0.000000,0.000000,0,0,0,0,0,0,0,0,0,0,0,50,0,1500.0,1530.0452338409377,792.2298000048613,2097.246796009131,1622.0
1789927427,50,,Aggregated,25.700000,0.000000,5,6,6,7,8,10,13,14,31,31,31,6358,0,5,18.14422826770414,2.841106994310394,2097.246796009131,6817.389587920729
1789927428,50,GET,GET /api/v1/reservas,19.500000,0.000000,5,6,7,7,8,10,13,14,18,18,18,4764,0,5,6.4548158010069185,3.69357799354475,141.49748299678322,8965.0
1789927428,50,GET,GET /api/v1/reservas/{id},5.800000,0.000000,4,5,5,5,5,10,11,31,31,31,31,1563,0,4,5.255331984041178,2.841106994310394,138.90227999945637,442.0
1789927428,50,POST,POST /api/v1/auth/login,0.000000,0.000000,0,0,0,0,0,0,0,0,0,0,0,50,0,1500.0,1530.0452338409377,792.2298000048613,2097.246796009131,1622.0
1789927428,50,,Aggregated,25.300000,0.000000,5,6,6,7,8,10,13,14,31,31,31,6377,0,5,18.106803835518303,2.841106994310394,2097.246796009131,6818.442214207307
1789927429,50,GET,GET /api/v1/reservas,19.500000,0.000000,5,6,7,7,8,10,13,14,18,18,18,4782,0,5,6.450075398778343,3.69357799354475,141.49748299678322,8965.0
1789927429,50,GET,GET /api/v1/reservas/{id},6.300000,0.000000,4,5,5,5,5,10,11,31,31,31,31,1572,0,4,5.248286807267176,2.841106994310394,138.90227999945637,442.0
1789927429,50,POST,POST /api/v1/auth/login,0.000000,0.000000,0,0,0,0,0,0,0,0,0,0,0,50,0,1500.0,1530.0452338409377,792.2298000048613,2097.246796009131,1622.0
1789927429,50,,Aggregated,25.800000,0.000000,5,6,6,7,8,10,13,14,31,31,31,6404,0,5,18.050722846662854,2.841106994310394,2097.246796009131,6815.514366021237
1789927430,50,GET,GET /api/v1/reservas,18.800000,0.000000,5,6,6,7,8,10,13,14,18,18,18,4800,0,5,6.446317899578086,3.69357799354475,141.49748299678322,8965.0
1789927430,50,GET,GET /api/v1/reservas/{id},6.100000,0.000000,4,5,5,5,5,6,11,31,31,31,31,1579,0,4,5.242652241289164,2.841106994310394,138.90227999945637,442.0
1789927430,50,POST,POST /api/v1/auth/login,0.000000,0.000000,0,0,0,0,0,0,0,0,0,0,0,50,0,1500.0,1530.0452338409377,792.2298000048613,2097.246796009131,1622.0
1789927430,50,,Aggregated,24.900000,0.000000,5,6,6,6,7,10,13,14,31,31,31,6429,0,5,18.000114403331356,2.841106994310394,2097.246796009131,6814.592938248561
1789927431,50,GET,GET /api/v1/reservas,18.900000,0.000000,5,6,6,7,8,10,13,14,18,18,18,4820,0,5,6.441182514315199,3.69357799354475,141.49748299678322,8965.0
1789927431,50,GET,GET /api/v1/reservas/{id},5.800000,0.000000,4,5,5,5,8,10,11,31,31,31,31,1587,0,4,5.246914346570284,2.841106994310394,138.90227999945637,442.0
1789927431,50,POST,POST /api/v1/auth/login,0.000000,0.000000,0,0,0,0,0,0,0,0,0,0,0,50,0,1500.0,1530.0452338409377,792.2298000048613,2097.246796009131,1622.0
1789927431,50,,Aggregated,24.700000,0.000000,5,6,6,6,8,10,13,14,31,31,31,6457,0,5,17.945735555064765,2.841106994310394,2097.246796009131,6813.3582158897325
1789927432,50,GET,GET /api/v1/reservas,19.000000,0.000000,5,6,6,6,8,10,12,13,18,18,18,4839,0,5,6.4391391118038115,3.69357799354475,141.49748299678322,8965.0
1789927432,50,GET,GET /api/v1/reservas/{id},6.400000,0.000000,4,5,5,5,6,9,11,31,31,31,31,1592,0,4,5.243077733673579,2.841106994310394,138.90227999945637,442.0
1789927432,50,POST,POST /api/v1/auth/login,0.000000,0.000000,0,0,0,0,0,0,0,0,0,0,0,50,0,1500.0,1530.0452338409377,792.2298000048613,2097.246796009131,1622.0
1789927432,50,,Aggregated,25.400000,0.000000,5,6,6,6,8,10,12,13,31,31,31,6481,0,5,17.899743188716844,2.841106994310394,2097.246796009131,6814.7506557629995
1789927433,50,GET,GET /api/v1/reservas,18.400000,0.000000,5,6,6,6,8,9,12,13,18,18,18,4853,0,5,6.44020571626132,3.69357799354475,141.49748299678322,8965.0
1789927433,50,GET,GET /api/v1/reservas/{id},6.700000,0.000000,4,5,5,5,7,9,11,31,31,31,31,1601,0,4,5.242554260480207,2.841106994310394,138.90227999945637,442.0
1789927433,50,POST,POST /api/v1/auth/login,0.000000,0.000000,0,0,0,0,0,0,0,0,0,0,0,50,0,1500.0,1530.0452338409377,792.2298000048613,2097.246796009131,1622.0
1789927433,50,,Aggregated,25.100000,0.000000,5,6,6,6,8,9,12,13,31,31,31,6504,0,5,17.858227153150658,2.841106994310394,2097.246796009131,6810.560731857318
1789927434,50,GET,GET /api/v1/reservas,18.700000,0.000000,5,6,6,7,9,10,13,18,24,24,24,4874,0,5,6.4438638450947785,3.69357799354475,141.49748299678322,8965.0
1789927434,50,GET,GET /api/v1/reservas/{id},6.500000,0.000000,4,5,5,5,6,8,11,31,31,31,31,1608,0,4,5.239022060343257,2.841106994310394,138.90227999945637,442.0
1789927434,50,POST,POST /api/v1/auth/login,0.000000,0.000000,0,0,0,0,0,0,0,0,0,0,0,50,0,1500.0,1530.0452338409377,792.2298000048613,2097.246796009131,1622.0
1789927434,50,,Aggregated,25.200000,0.000000,5,6,6,6,8,10,13,18,31,31,31,6532,0,5,17.80985939162137,2.841106994310394,2097.246796009131,6810.662278015921
1789927435,50,GET,GET /api/v1/reservas,18.600000,0.000000,5,6,6,7,9,10,13,18,24,24,24,4894,0,5,6.440693728643282,3.69357799354475,141.49748299678322,8965.0
1789927435,50,GET,GET /api/v1/reservas/{id},6.000000,0.000000,4,5,5,5,6,8,11,31,31,31,31,1613,0,4,5.235824996908426,2.841106994310394,138.90227999945637,442.0
1789927435,50,POST,POST /api/v1/auth/login,0.000000,0.000000,0,0,0,0,0,0,0,0,0,0,0,50,0,1500.0,1530.0452338409377,792.2298000048613,2097.246796009131,1622.0
1789927435,50,,Aggregated,24.600000,0.000000,5,6,6,7,8,10,13,18,31,31,31,6557,0,5,17.76245272533787,2.841106994310394,2097.246796009131,6812.377001677596
1789927436,50,GET,GET /api/v1/reservas,18.400000,0.000000,5,6,6,6,7,9,10,15,24,24,24,4910,0,5,6.436897472090438,3.69357799354475,141.49748299678322,8965.0
1789927436,50,GET,GET /api/v1/reservas/{id},6.300000,0.000000,4,5,5,5,6,8,8,9,9,9,9,1617,0,4,5.232429147200358,2.841106994310394,138.90227999945637,442.0
1789927436,50,POST,POST /api/v1/auth/login,0.000000,0.000000,0,0,0,0,0,0,0,0,0,0,0,50,0,1500.0,1530.0452338409377,792.2298000048613,2097.246796009131,1622.0
1789927436,50,,Aggregated,24.700000,0.000000,5,6,6,6,7,8,10,10,24,24,24,6577,0,5,17.723622656383444,2.841106994310394,2097.246796009131,6813.739394860879
1789927437,50,GET,GET /api/v1/reservas,18.000000,0.000000,5,6,6,7,8,10,13,24,24,24,24,4932,0,5,6.4399992826396435,3.69357799354475,141.49748299678322,8965.0
1789927437,50,GET,GET /api/v1/reservas/{id},6.500000,0.000000,4,5,5,5,7,8,9,10,10,10,10,1623,0,4,5.233961271737313,2.841106994310394,138.90227999945637,442.0
1789927437,50,POST,POST /api/v1/auth/login,0.000000,0.000000,0,0,0,0,0,0,0,0,0,0,0,50,0,1500.0,1530.0452338409377,792.2298000048613,2097.246796009131,1622.0
1789927437,50,,Aggregated,24.500000,0.000000,5,6,6,6,8,9,10,15,24,24,24,6605,0,5,17.67737430704849,2.841106994310394,2097.246796009131,6815.116729750189
1789927438,50,GET,GET /api/v1/reservas,18.200000,0.000000,5,6,6,7,8,10,13,24,24,24,24,4946,0,5,6.437463721382022,3.69357799354475,141.49748299678322,8965.0
1789927438,50,GET,GET /api/v1/reservas/{id},6.500000,0.000000,4,5,5,5,6,8,9,10,10,10,10,1631,0,4,5.2284143439721475,2.841106994310394,138.90227999945637,442.0
1789927438,50,POST,POST /api/v1/auth/login,0.000000,0.000000,0,0,0,0,0,0,0,0,0,0,0,50,0,1500.0,1530.0452338409377,792.2298000048613,2097.246796009131,1622.0
1789927438,50,,Aggregated,24.700000,0.000000,5,6,6,6,8,9,10,15,24,24,24,6627,0,5,17.635355523316875,2.841106994310394,2097.246796009131,6811.964991700619
1789927439,50,GET,GET /api/v1/reservas,18.000000,0.000000,5,6,6,7,8,10,13,24,24,24,24,4964,0,5,6.432208372264172,3.6228899989509955,141.49748299678322,8965.0
1789927439,50,GET,GET /api/v1/reservas/{id},6.300000,0.000000,4,5,5,5,7,8,9,10,10,10,10,1637,0,4,5.224850945648392,2.841106994310394,138.90227999945637,442.0
1789927439,50,POST,POST /api/v1/auth/login,0.000000,0.000000,0,0,0,0,0,0,0,0,0,0,0,50,0,1500.0,1530.0452338409377,792.2298000048613,2097.246796009131,1622.0
1789927439,50,,Aggregated,24.300000,0.000000,5,6,6,6,8,9,10,15,24,24,24,6651,0,5,17.589058043902067,2.841106994310394,2097.246796009131,6812.045406705759
1789927440,50,GET,GET /api/v1/reservas,18.000000,0.000000,5,6,6,7,8,10,13,24,24,24,24,4986,0,5,6.429070984739749,3.6228899989509955,141.49748299678322,8965.0
1789927440,50,GET,GET /api/v1/reservas/{id},6.700000,0.000000,4,5,5,5,6,7,7,10,10,10,10,1645,0,4,5.218244680857405,2.841106994310394,138.90227999945637,442.0
1789927440,50,POST,POST /api/v1/auth/login,0.000000,0.000000,0,0,0,0,0,0,0,0,0,0,0,50,0,1500.0,1530.0452338409377,792.2298000048613,2097.246796009131,1622.0
1789927440,50,,Aggregated,24.700000,0.000000,5,6,6,6,7,9,11,15,24,24,24,6681,0,5,17.533546193978403,2.841106994310394,2097.246796009131,6811.507259392307
1789927441,50,GET,GET /api/v1/reservas,18.100000,0.000000,5,6,6,7,9,10,18,24,26,26,26,5008,0,5,6.436125361205676,3.6228899989509955,141.49748299678322,8965.0
1789927441,50,GET,GET /api/v1/reservas/{id},7.000000,0.000000,4,5,5,5,6,7,7,10,10,10,10,1650,0,4,5.216004511519603,2.841106994310394,138.90227999945637,442.0
1789927441,50,POST,POST /api/v1/auth/login,0.000000,0.000000,0,0,0,0,0,0,0,0,0,0,0,50,0,1500.0,1530.0452338409377,792.2298000048613,2097.246796009131,1622.0
1789927441,50,,Aggregated,25.100000,0.000000,5,6,6,6,8,10,17,24,26,26,26,6708,0,5,17.492663229721565,2.841106994310394,2097.246796009131,6813.8223017292785
1789927442,50,GET,GET /api/v1/reservas,18.300000,0.000000,5,6,6,7,9,10,18,24,26,26,26,5024,0,5,6.4341316339465315,3.6228899989509955,141.49748299678322,8965.0
1789927442,50,GET,GET /api/v1/reservas/{id},6.400000,0.000000,4,5,5,5,6,7,7,10,10,10,10,1654,0,4,5.215147834342562,2.841106994310394,138.90227999945637,442.0
1789927442,50,POST,POST /api/v1/auth/login,0.000000,0.000000,0,0,0,0,0,0,0,0,0,0,0,50,0,1500.0,1530.0452338409377,792.2298000048613,2097.246796009131,1622.0
1789927442,50,,Aggregated,24.700000,0.000000,5,6,6,6,8,10,17,24,26,26,26,6728,0,5,17.457371215665408,2.841106994310394,2097.246796009131,6815.149821640904
1789927443,50,GET,GET /api/v1/reservas,18.700000,0.000000,5,6,6,6,9,10,17,24,26,26,26,5042,0,5,6.432330122353,3.6228899989509955,141.49748299678322,8965.0
1789927443,50,GET,GET /api/v1/reservas/{id},6.400000,0.000000,4,5,5,5,6,7,7,10,10,10,10,1664,0,4,5.212797502412496,2.841106994310394,138.90227999945637,442.0
1789927443,50,POST,POST /api/v1/auth/login,0.000000,0.000000,0,0,0,0,0,0,0,0,0,0,0,50,0,1500.0,1530.0452338409377,792.2298000048613,2097.246796009131,1622.0
1789927443,50,,Aggregated,25.100000,0.000000,5,6,6,6,7,10,13,18,26,26,26,6756,0,5,17.407958142830832,2.841106994310394,2097.246796009131,6811.444345766726
1789927444,50,GET,GET /api/v1/reservas,18.600000,0.000000,6,6,6,7,9,11,18,24,26,26,26,5060,0,5,6.4385740059144245,3.6228899989509955,141.49748299678322,8965.0
1789927444,50,GET,GET /api/v1/reservas/{id},6.100000,0.000000,4,5,5,5,6,7,7,10,10,10,10,1672,0,4,5.210585337321669,2.841106994310394,138.90227999945637,442.0
1789927444,50,POST,POST /api/v1/auth/login,0.000000,0.000000,0,0,0,0,0,0,0,0,0,0,0,50,0,1500.0,1530.0452338409377,792.2298000048613,2097.246796009131,1622.0
1789927444,50,,Aggregated,24.700000,0.000000,5,6,6,6,8,10,17,21,26,26,26,6782,0,5,17.36855571306041,2.841106994310394,2097.246796009131,6809.6467118844
1789927445,50,GET,GET /api/v1/reservas,19.000000,0.000000,6,6,6,7,9,11,18,24,26,26,26,5080,0,5,6.4341667147482084,3.6228899989509955,141.49748299678322,8965.0
1789927445,50,GET,GET /api/v1/reservas/{id},6.500000,0.000000,4,5,5,5,6,7,7,10,10,10,10,1676,0,4,5.207230054295782,2.841106994310394,138.90227999945637,442.0
1789927445,50,POST,POST /api/v1/auth/login,0.000000,0.000000,0,0,0,0,0,0,0,0,0,0,0,50,0,1500.0,1530.0452338409377,792.2298000048613,2097.246796009131,1622.0
1789927445,50,,Aggregated,25.500000,0.000000,5,6,6,6,8,10,17,21,26,26,26,6806,0,5,17.325175752860346,2.841106994310394,2097.246796009131,6812.238025271819
1789927446,50,GET,GET /api/v1/reservas,19.100000,0.000000,6,6,6,7,9,10,17,21,26,26,26,5107,0,5,6.4280927444614475,3.6228899989509955,141.49748299678322,8965.0
1789927446,50,GET,GET /api/v1/reservas/{id},6.500000,0.000000,4,5,5,5,6,7,7,10,10,10,10,1681,0,4,5.205053020230451,2.841106994310394,138.90227999945637,442.0
1789927446,50,POST,POST /api/v1/auth/login,0.000000,0.000000,0,0,0,0,0,0,0,0,0,0,0,50,0,1500.0,1530.0452338409377,792.2298000048613,2097.246796009131,1622.0
1789927446,50,,Aggregated,25.600000,0.000000,5,6,6,6,8,10,14,18,26,26,26,6838,0,5,17.26824005045611,2.841106994310394,2097.246796009131,6816.080286633519
1789927447,50,GET,GET /api/v1/reservas,18.800000,0.000000,5,6,6,6,8,10,17,21,26,26,26,5124,0,5,6.424070236523457,3.6228899989509955,141.49748299678322,8965.0
1789927447,50,GET,GET /api/v1/reservas/{id},6.300000,0.000000,4,5,5,5,6,6,7,7,7,7,7,1687,0,4,5.200842754581982,2.841106994310394,138.90227999945637,442.0
1789927447,50,POST,POST /api/v1/auth/login,0.000000,0.000000,0,0,0,0,0,0,0,0,0,0,0,50,0,1500.0,1530.0452338409377,792.2298000048613,2097.246796009131,1622.0
1789927447,50,,Aggregated,25.100000,0.000000,5,6,6,6,7,9,14,18,26,26,26,6861,0,5,17.226791912399488,2.841106994310394,2097.246796009131,6815.830636933391
1789927448,50,GET,GET /api/v1/reservas,19.700000,0.000000,5,6,6,7,9,11,17,21,26,26,26,5145,0,5,6.426104536049015,3.6228899989509955,141.49748299678322,8965.0
1789927448,50,GET,GET /api/v1/reservas/{id},6.400000,0.000000,4,5,5,5,6,8,8,9,9,9,9,1694,0,4,5.2041848517985,2.841106994310394,138.90227999945637,442.0
1789927448,50,POST,POST /api/v1/auth/login,0.000000,0.000000,0,0,0,0,0,0,0,0,0,0,0,50,0,1500.0,1530.0452338409377,792.2298000048613,2097.246796009131,1622.0
1789927448,50,,Aggregated,26.100000,0.000000,5,6,6,6,8,10,14,18,26,26,26,6889,0,5,17.183982968350374,2.841106994310394,2097.246796009131,6815.905501524169
1789927449,50,GET,GET /api/v1/reservas,19.500000,0.000000,6,6,6,7,9,11,17,21,26,26,26,5161,0,5,6.422522381313531,3.6228899989509955,141.49748299678322,8965.0
1789927449,50,GET,GET /api/v1/reservas/{id},6.400000,0.000000,4,5,5,5,6,8,8,9,9,9,9,1698,0,4,5.202103837426339,2.841106994310394,138.90227999945637,442.0
1789927449,50,POST,POST /api/v1/auth/login,0.000000,0.000000,0,0,0,0,0,0,0,0,0,0,0,50,0,1500.0,1530.0452338409377,792.2298000048613,2097.246796009131,1622.0
1789927449,50,,Aggregated,25.900000,0.000000,5,6,6,6,8,10,14,18,26,26,26,6909,0,5,17.14894659400144,2.841106994310394,2097.246796009131,6817.192213055435
1789927450,50,GET,GET /api/v1/reservas,19.800000,0.000000,6,6,6,7,8,10,13,14,21,21,21,5181,0,5,6.419206249554125,3.6228899989509955,141.49748299678322,8965.0
1789927450,50,GET,GET /api/v1/reservas/{id},6.100000,0.000000,4,5,5,5,6,8,8,9,9,9,9,1703,0,4,5.198042134446266,2.841106994310394,138.90227999945637,442.0
1789927450,50,POST,POST /api/v1/auth/login,0.000000,0.000000,0,0,0,0,0,0,0,0,0,0,0,50,0,1500.0,1530.0452338409377,792.2298000048613,2097.246796009131,1622.0
1789927450,50,,Aggregated,25.900000,0.000000,5,6,6,6,8,10,11,14,21,21,21,6934,0,5,17.10591794432489,2.841106994310394,2097.246796009131,6818.790164407268
1789927451,50,GET,GET /api/v1/reservas,19.600000,0.000000,6,6,6,6,8,11,13,14,21,21,21,5200,0,5,6.417205247100635,3.6228899989509955,141.49748299678322,8965.0
1789927451,50,GET,GET /api/v1/reservas/{id},6.100000,0.000000,4,5,5,5,6,8,8,9,9,9,9,1707,0,4,5.195869265949271,2.841106994310394,138.90227999945637,442.0
1789927451,50,POST,POST /api/v1/auth/login,0.000000,0.000000,0,0,0,0,0,0,0,0,0,0,0,50,0,1500.0,1530.0452338409377,792.2298000048613,2097.246796009131,1622.0
1789927451,50,,Aggregated,25.700000,0.000000,5,6,6,6,7,10,11,14,21,21,21,6957,0,5,17.067856520618886,2.841106994310394,2097.246796009131,6820.98519476786
1789927452,50,GET,GET /api/v1/reservas,19.700000,0.000000,5,6,6,6,7,10,14,21,21,21,21,5225,0,5,6.4171724824784055,3.6228899989509955,141.49748299678322,8965.0
1789927452,50,GET,GET /api/v1/reservas/{id},6.100000,0.000000,4,4,5,5,6,8,8,9,9,9,9,1713,0,4,5.193624371856489,2.841106994310394,138.90227999945637,442.0
1789927452,50,POST,POST /api/v1/auth/login,0.000000,0.000000,0,0,0,0,0,0,0,0,0,0,0,50,0,1500.0,1530.0452338409377,792.2298000048613,2097.246796009131,1622.0
1789927452,50,,Aggregated,25.800000,0.000000,5,6,6,6,7,10,13,14,21,21,21,6988,0,5,17.018984897250533,2.841106994310394,2097.246796009131,6823.1784487693185
1789927453,50,GET,GET /api/v1/reservas,19.400000,0.000000,5,6,6,6,7,8,11,14,21,21,21,5242,0,5,6.4155786362013965,3.6228899989509955,141.49748299678322,8965.0
1789927453,50,GET,GET /api/v1/reservas/{id},5.600000,0.000000,4,4,5,5,6,8,9,9,9,9,9,1718,0,4,5.19247341733556,2.841106994310394,138.90227999945637,442.0
1789927453,50,POST,POST /api/v1/auth/login,0.000000,0.000000,0,0,0,0,0,0,0,0,0,0,0,50,0,1500.0,1530.0452338409377,792.2298000048613,2097.246796009131,1622.0
1789927453,50,,Aggregated,25.000000,0.000000,5,6,6,6,7,8,11,11,21,21,21,7010,0,5,16.983365796575907,2.841106994310394,2097.246796009131,6823.821112696149
1789927454,50,GET,GET /api/v1/reservas,20.100000,0.000000,6,6,6,7,8,10,15,20,21,21,21,5260,0,5,6.4230163600675345,3.6228899989509955,141.49748299678322,8965.0
1789927454,50,GET,GET /api/v1/reservas/{id},6.000000,0.000000,4,5,5,5,6,8,8,9,9,9,9,1726,0,4,5.192170688863382,2.841106994310394,138.90227999945637,442.0
1789927454,50,POST,POST /api/v1/auth/login,0.000000,0.000000,0,0,0,0,0,0,0,0,0,0,0,50,0,1500.0,1530.0452338409377,792.2298000048613,2097.246796009131,1622.0
1789927454,50,,Aggregated,26.100000,0.000000,5,6,6,6,8,10,14,17,21,21,21,7036,0,5,16.948410226688505,2.841106994310394,2097.246796009131,6822.0426378624215
1789927455,50,GET,GET /api/v1/reservas,20.100000,0.000000,6,6,6,7,8,11,15,20,21,21,21,5275,0,5,6.420024703684378,3.6228899989509955,141.49748299678322,8965.0
1789927455,50,GET,GET /api/v1/reservas/{id},5.500000,0.000000,4,5,5,5,6,8,8,9,9,9,9,1733,0,4,5.1882947639816654,2.841106994310394,138.90227999945637,442.0
1789927455,50,POST,POST /api/v1/auth/login,0.000000,0.000000,0,0,0,0,0,0,0,0,0,0,0,50,0,1500.0,1530.0452338409377,792.2298000048613,2097.246796009131,1622.0
1789927455,50,,Aggregated,25.600000,0.000000,5,6,6,6,8,10,14,17,21,21,21,7058,0,5,16.911193940204335,2.841106994310394,2097.246796009131,6820.269339756305
1789927456,50,GET,GET /api/v1/reservas,19.600000,0.000000,6,6,6,7,8,11,15,20,21,21,21,5298,0,5,6.414340481487124,3.6228899989509955,141.49748299678322,8965.0
1789927456,50,GET,GET /api/v1/reservas/{id},5.600000,0.000000,4,5,5,5,6,8,9,9,9,9,9,1736,0,4,5.186603281091446,2.841106994310394,138.90227999945637,442.0
1789927456,50,POST,POST /api/v1/auth/login,0.000000,0.000000,0,0,0,0,0,0,0,0,0,0,0,50,0,1500.0,1530.0452338409377,792.2298000048613,2097.246796009131,1622.0
1789927456,50,,Aggregated,25.200000,0.000000,5,6,6,6,8,10,14,17,21,21,21,7084,0,5,16.867501532882613,2.841106994310394,2097.246796009131,6824.53162055336
1789927457,50,GET,GET /api/v1/reservas,19.800000,0.000000,6,6,6,6,7,8,15,20,21,21,21,5317,0,5,6.410889191627024,3.6228899989509955,141.49748299678322,8965.0
1789927457,50,GET,GET /api/v1/reservas/{id},5.700000,0.000000,4,5,5,5,6,6,7,7,7,7,7,1740,0,4,5.185311341951949,2.841106994310394,138.90227999945637,442.0
1789927457,50,POST,POST /api/v1/auth/login,0.000000,0.000000,0,0,0,0,0,0,0,0,0,0,0,50,0,1500.0,1530.0452338409377,792.2298000048613,2097.246796009131,1622.0
1789927457,50,,Aggregated,25.500000,0.000000,5,6,6,6,7,8,11,17,21,21,21,7107,0,5,16.830083193882672,2.841106994310394,2097.246796009131,6826.661741944562
1789927458,50,GET,GET /api/v1/reservas,18.900000,0.000000,6,6,6,7,8,10,17,20,21,21,21,5339,0,5,6.413389645229552,3.6228899989509955,141.49748299678322,8965.0
1789927458,50,GET,GET /api/v1/reservas/{id},5.500000,0.000000,5,5,5,5,6,6,7,7,7,7,7,1744,0,4,5.186563182912632,2.841106994310394,138.90227999945637,442.0
1789927458,50,POST,POST /api/v1/auth/login,0.000000,0.000000,0,0,0,0,0,0,0,0,0,0,0,50,0,1500.0,1530.0452338409377,792.2298000048613,2097.246796009131,1622.0
1789927458,50,,Aggregated,24.400000,0.000000,5,6,6,6,7,8,15,18,21,21,21,7133,0,5,16.793595289349096,2.841106994310394,2097.246796009131,6829.676573671667
1789927459,50,GET,GET /api/v1/reservas,19.400000,0.000000,6,6,6,7,8,10,18,20,21,21,21,5363,0,5,6.410245495033494,3.6228899989509955,141.49748299678322,8965.0
1789927459,50,GET,GET /api/v1/reservas/{id},5.300000,0.000000,5,5,5,5,6,6,7,7,7,7,7,1747,0,4,5.184451696040049,2.841106994310394,138.90227999945637,442.0
1789927459,50,POST,POST /api/v1/auth/login,0.000000,0.000000,0,0,0,0,0,0,0,0,0,0,0,50,0,1500.0,1530.0452338409377,792.2298000048613,2097.246796009131,1622.0
1789927459,50,,Aggregated,24.700000,0.000000,5,6,6,6,7,9,17,19,21,21,21,7160,0,5,16.751067792582887,2.841106994310394,2097.246796009131,6834.157681564246
1789927460,50,GET,GET /api/v1/reservas,19.200000,0.000000,6,6,6,7,8,10,18,20,21,21,21,5376,0,5,6.4073278673450185,3.6228899989509955,141.49748299678322,8965.0
1789927460,50,GET,GET /api/v1/reservas/{id},5.100000,0.000000,5,5,5,5,6,6,7,7,7,7,7,1754,0,4,5.18113527479474,2.841106994310394,138.90227999945637,442.0
1789927460,50,POST,POST /api/v1/auth/login,0.000000,0.000000,0,0,0,0,0,0,0,0,0,0,0,50,0,1500.0,1530.0452338409377,792.2298000048613,2097.246796009131,1622.0
1789927460,50,,Aggregated,24.300000,0.000000,5,6,6,6,7,8,17,19,21,21,21,7180,0,5,16.71807347895316,2.841106994310394,2097.246796009131,6831.783844011142
1789927461,50,GET,GET /api/v1/reservas,20.000000,0.000000,5,6,6,6,7,9,17,19,20,20,20,5395,0,5,6.402483257987585,3.6228899989509955,141.49748299678322,8965.0
1789927461,50,GET,GET /api/v1/reservas/{id},4.900000,0.000000,4,5,5,5,6,6,7,7,7,7,7,1763,0,4,5.174371552447523,2.841106994310394,138.90227999945637,442.0
1789927461,50,POST,POST /api/v1/auth/login,0.000000,0.000000,0,0,0,0,0,0,0,0,0,0,0,50,0,1500.0,1530.0452338409377,792.2298000048613,2097.246796009131,1622.0
1789927461,50,,Aggregated,24.900000,0.000000,5,6,6,6,7,8,15,18,20,20,20,7208,0,5,16.67120920031283,2.841106994310394,2097.246796009131,6829.428551609323
1789927462,50,GET,GET /api/v1/reservas,19.700000,0.000000,5,6,6,7,8,10,17,19,20,20,20,5414,0,5,6.4023737631693285,3.6228899989509955,141.49748299678322,8965.0
1789927462,50,GET,GET /api/v1/reservas/{id},4.800000,0.000000,4,5,5,5,6,6,6,7,7,7,7,1767,0,4,5.173631978474426,2.841106994310394,138.90227999945637,442.0
1789927462,50,POST,POST /api/v1/auth/login,0.000000,0.000000,0,0,0,0,0,0,0,0,0,0,0,50,0,1500.0,1530.0452338409377,792.2298000048613,2097.246796009131,1622.0
1789927462,50,,Aggregated,24.500000,0.000000,5,6,6,6,7,8,15,18,20,20,20,7231,0,5,16.63760488892407,2.841106994310394,2097.246796009131,6831.5065689392895
1789927463,50,GET,GET /api/v1/reservas,19.300000,0.000000,5,6,6,6,7,8,10,18,19,19,19,5439,0,5,6.399841571210792,3.6228899989509955,141.49748299678322,8965.0
1789927463,50,GET,GET /api/v1/reservas/{id},5.500000,0.000000,4,5,5,5,6,6,7,7,7,7,7,1771,0,4,5.1725438294448045,2.841106994310394,138.90227999945637,442.0
1789927463,50,POST,POST /api/v1/auth/login,0.000000,0.000000,0,0,0,0,0,0,0,0,0,0,0,50,0,1500.0,1530.0452338409377,792.2298000048613,2097.246796009131,1622.0
1789927463,50,,Aggregated,24.800000,0.000000,5,6,6,6,7,8,10,11,19,19,19,7260,0,5,16.593880870497127,2.841106994310394,2097.246796009131,6835.332920110192
1789927464,50,GET,GET /api/v1/reservas,18.700000,0.000000,5,6,6,6,7,8,11,18,19,19,19,5455,0,5,6.399112204916192,3.6228899989509955,141.49748299678322,8965.0
1789927464,50,GET,GET /api/v1/reservas/{id},5.300000,0.000000,4,5,5,5,6,6,7,7,7,7,7,1775,0,4,5.170859239403565,2.841106994310394,138.90227999945637,442.0
1789927464,50,POST,POST /api/v1/auth/login,0.000000,0.000000,0,0,0,0,0,0,0,0,0,0,0,50,0,1500.0,1530.0452338409377,792.2298000048613,2097.246796009131,1622.0
1789927464,50,,Aggregated,24.000000,0.000000,5,6,6,6,7,8,10,15,19,19,19,7280,0,5,16.56424367030303,2.841106994310394,2097.246796009131,6836.500686813187
1789927465,50,GET,GET /api/v1/reservas,19.300000,0.000000,5,6,6,7,8,9,11,18,19,19,19,5472,0,5,6.397201856876106,3.6228899989509955,141.49748299678322,8965.0
1789927465,50,GET,GET /api/v1/reservas/{id},5.200000,0.000000,4,5,5,5,6,6,7,7,7,7,7,1784,0,4,5.16697684357871,2.841106994310394,138.90227999945637,442.0
1789927465,50,POST,POST /api/v1/auth/login,0.000000,0.000000,0,0,0,0,0,0,0,0,0,0,0,50,0,1500.0,1530.0452338409377,792.2298000048613,2097.246796009131,1622.0
1789927465,50,,Aggregated,24.500000,0.000000,5,6,6,6,7,8,10,15,19,19,19,7306,0,5,16.524176969862765,2.841106994310394,2097.246796009131,6833.576238707911
1789927466,50,GET,GET /api/v1/reservas,19.700000,0.000000,5,6,6,7,8,9,11,18,19,19,19,5490,0,5,6.394262021092697,3.6228899989509955,141.49748299678322,8965.0
1789927466,50,GET,GET /api/v1/reservas/{id},4.900000,0.000000,4,5,5,5,6,6,7,7,7,7,7,1789,0,4,5.164396523178101,2.841106994310394,138.90227999945637,442.0
1789927466,50,POST,POST /api/v1/auth/login,0.000000,0.000000,0,0,0,0,0,0,0,0,0,0,0,50,0,1500.0,1530.0452338409377,792.2298000048613,2097.246796009131,1622.0
1789927466,50,,Aggregated,24.600000,0.000000,5,6,6,6,7,8,10,15,19,19,19,7329,0,5,16.48872500584137,2.841106994310394,2097.246796009131,6834.450538954837
1789927467,50,GET,GET /api/v1/reservas,19.300000,0.000000,5,6,6,6,7,8,10,15,19,19,19,5513,0,5,6.388664149966154,3.6228899989509955,141.49748299678322,8965.0
1789927467,50,GET,GET /api/v1/reservas/{id},4.700000,0.000000,4,5,5,5,5,6,6,6,6,6,6,1793,0,4,5.162244082538048,2.841106994310394,138.90227999945637,442.0
1789927467,50,POST,POST /api/v1/auth/login,0.000000,0.000000,0,0,0,0,0,0,0,0,0,0,0,50,0,1500.0,1530.0452338409377,792.2298000048613,2097.246796009131,1622.0
1789927467,50,,Aggregated,24.000000,0.000000,5,5,6,6,7,8,9,11,19,19,19,7356,0,5,16.446284773083335,2.841106994310394,2097.246796009131,6837.6360793909735
