timestamp_epoch,request_type,name,response_time_ms,status_code,outcome,error
1789927172.658144,POST,POST /api/v1/auth/login,792.229800,200,success,
1789927172.667649,GET,GET /api/v1/reservas,9.248418,200,success,
1789927172.815325,POST,POST /api/v1/auth/login,943.449600,200,success,
1789927172.900521,POST,POST /api/v1/auth/login,1029.729421,200,success,
1789927172.901427,GET,GET /api/v1/reservas,85.876972,200,success,
1789927172.910185,GET,GET /api/v1/reservas,9.467610,200,success,
1789927172.968537,POST,POST /api/v1/auth/login,1099.542764,200,success,
1789927172.988696,GET,GET /api/v1/reservas,19.938120,200,success,
1789927173.028280,POST,POST /api/v1/auth/login,1158.146529,200,success,
1789927173.051936,GET,GET /api/v1/reservas,23.430512,200,success,
1789927173.194209,POST,POST /api/v1/auth/login,1322.007107,200,success,
1789927173.202921,GET,GET /api/v1/reservas,8.483678,200,success,
1789927173.210723,POST,POST /api/v1/auth/login,1341.249963,200,success,
1789927173.212954,POST,POST /api/v1/auth/login,1344.469613,200,success,
1789927173.220740,GET,GET /api/v1/reservas,9.809388,200,success,
1789927173.222876,GET,GET /api/v1/reservas,9.731349,200,success,
1789927173.304770,POST,POST /api/v1/auth/login,1434.970672,200,success,
1789927173.312084,GET,GET /api/v1/reservas,7.100421,200,success,
1789927173.340411,POST,POST /api/v1/auth/login,1469.920746,200,success,
1789927173.348129,GET,GET /api/v1/reservas,7.510793,200,success,
1789927173.896439,POST,POST /api/v1/auth/login,997.603949,200,success,
1789927173.908356,GET,GET /api/v1/reservas,11.667894,200,success,
1789927174.027098,POST,POST /api/v1/auth/login,1127.867876,200,success,
1789927174.034520,GET,GET /api/v1/reservas,7.210298,200,success,
1789927174.044523,GET,GET /api/v1/reservas,7.724257,200,success,
1789927174.069930,POST,POST /api/v1/auth/login,1172.067098,200,success,
1789927174.076538,GET,GET /api/v1/reservas,6.398539,200,success,
1789927174.078791,POST,POST /api/v1/auth/login,1179.281272,200,success,
1789927174.084087,GET,GET /api/v1/reservas,5.124667,200,success,
1789927174.268175,POST,POST /api/v1/auth/login,1369.636678,200,success,
1789927174.277803,GET,GET /api/v1/reservas,9.410633,200,success,
1789927174.285395,POST,POST /api/v1/auth/login,1409.296149,200,success,
1789927174.291507,GET,GET /api/v1/reservas,5.908517,200,success,
1789927174.353347,POST,POST /api/v1/auth/login,1476.679038,200,success,
1789927174.360278,GET,GET /api/v1/reservas,6.726164,200,success,
1789927174.690179,POST,POST /api/v1/auth/login,1793.210567,200,success,
1789927174.698469,GET,GET /api/v1/reservas,8.073587,200,success,
1789927174.726351,GET,GET /api/v1/reservas,9.540721,200,success,
1789927174.746486,GET,GET /api/v1/reservas/{id},9.918283,200,success,
1789927174.840228,POST,POST /api/v1/auth/login,1942.716017,200,success,
1789927174.847199,GET,GET /api/v1/reservas,6.767847,200,success,
1789927174.895338,GET,GET /api/v1/reservas,6.932658,200,success,
1789927174.943672,POST,POST /api/v1/auth/login,2045.446544,200,success,
1789927174.951433,GET,GET /api/v1/reservas,7.552768,200,success,
1789927174.960197,GET,GET /api/v1/reservas,7.481920,200,success,
1789927175.080217,GET,GET /api/v1/reservas,8.604591,200,success,
1789927175.187760,POST,POST /api/v1/auth/login,1294.271248,200,success,
1789927175.195152,GET,GET /api/v1/reservas,7.171981,200,success,
1789927175.238119,GET,GET /api/v1/reservas/{id},18.691600,200,success,
1789927175.290542,GET,GET /api/v1/reservas,38.028679,200,success,
1789927175.436207,POST,POST /api/v1/auth/login,1543.052280,200,success,
1789927175.447198,GET,GET /api/v1/reservas,10.750945,200,success,
1789927175.488717,POST,POST /api/v1/auth/login,1594.911650,200,success,
1789927175.496292,GET,GET /api/v1/reservas,7.352153,200,success,
1789927175.546841,POST,POST /api/v1/auth/login,1654.068073,200,success,
1789927175.553589,GET,GET /api/v1/reservas,6.543238,200,success,
1789927175.681835,POST,POST /api/v1/auth/login,1789.683030,200,success,
1789927175.700327,POST,POST /api/v1/auth/login,1805.620235,200,success,
1789927175.709555,GET,GET /api/v1/reservas,27.499119,200,success,
1789927175.710769,GET,GET /api/v1/reservas,10.969446,200,success,
1789927175.713506,GET,GET /api/v1/reservas/{id},14.085830,200,success,
1789927175.714373,GET,GET /api/v1/reservas,13.897364,200,success,
1789927175.743883,GET,GET /api/v1/reservas,6.233067,200,success,
1789927175.792097,POST,POST /api/v1/auth/login,1896.984513,200,success,
1789927175.799163,GET,GET /api/v1/reservas,6.876092,200,success,
1789927175.842767,POST,POST /api/v1/auth/login,1948.647327,200,success,
1789927175.851358,GET,GET /api/v1/reservas,8.400201,200,success,
1789927175.867204,GET,GET /api/v1/reservas,12.543462,200,success,
1789927175.875574,POST,POST /api/v1/auth/login,1980.170185,200,success,
1789927175.922582,GET,GET /api/v1/reservas,46.823808,200,success,
1789927175.937514,POST,POST /api/v1/auth/login,2043.104023,200,success,
1789927175.944563,GET,GET /api/v1/reservas,6.832375,200,success,
1789927175.971959,GET,GET /api/v1/reservas/{id},5.176976,200,success,
1789927176.111150,POST,POST /api/v1/auth/login,1230.570299,200,success,
1789927176.119146,GET,GET /api/v1/reservas,7.782966,200,success,
1789927176.121310,GET,GET /api/v1/reservas,5.008381,200,success,
1789927176.307549,GET,GET /api/v1/reservas/{id},5.869997,200,success,
1789927176.330096,POST,POST /api/v1/auth/login,1451.211007,200,success,
1789927176.362708,GET,GET /api/v1/reservas,32.401500,200,success,
1789927176.411190,GET,GET /api/v1/reservas,12.115092,200,success,
1789927176.417893,GET,GET /api/v1/reservas,8.736882,200,success,
1789927176.506453,GET,GET /api/v1/reservas,7.196428,200,success,
1789927176.558540,GET,GET /api/v1/reservas,6.757511,200,success,
1789927176.588179,POST,POST /api/v1/auth/login,1707.911271,200,success,
1789927176.595449,GET,GET /api/v1/reservas/{id},6.748578,200,success,
1789927176.596364,GET,GET /api/v1/reservas,7.986645,200,success,
1789927176.657165,GET,GET /api/v1/reservas,6.474113,200,success,
1789927176.669456,GET,GET /api/v1/reservas,5.014250,200,success,
1789927176.727874,POST,POST /api/v1/auth/login,1849.798234,200,success,
1789927176.734185,GET,GET /api/v1/reservas,6.104372,200,success,
1789927176.734548,GET,GET /api/v1/reservas/{id},10.426843,200,success,
1789927176.769998,POST,POST /api/v1/auth/login,1890.622370,200,success,
1789927176.778194,GET,GET /api/v1/reservas,7.978393,200,success,
1789927176.782343,POST,POST /api/v1/auth/login,1903.793855,200,success,
1789927176.787971,GET,GET /api/v1/reservas,5.440085,200,success,
1789927176.822510,GET,GET /api/v1/reservas,13.207819,200,success,
1789927176.827181,POST,POST /api/v1/auth/login,1946.258236,200,success,
1789927176.833673,GET,GET /api/v1/reservas,6.300299,200,success,
1789927176.863909,GET,GET /api/v1/reservas,5.937780,200,success,
1789927176.902096,POST,POST /api/v1/auth/login,2022.408064,200,success,
1789927176.909393,GET,GET /api/v1/reservas,7.041604,200,success,
1789927176.932187,POST,POST /api/v1/auth/login,2050.677401,200,success,
1789927176.941198,GET,GET /api/v1/reservas,8.793558,200,success,
1789927176.960024,GET,GET /api/v1/reservas,7.511525,200,success,
1789927176.960608,GET,GET /api/v1/reservas,7.688172,200,success,
1789927176.977501,GET,GET /api/v1/reservas,6.302653,200,success,
1789927176.978472,POST,POST /api/v1/auth/login,2097.246796,200,success,
1789927176.983468,GET,GET /api/v1/reservas,4.818002,200,success,
1789927177.053463,GET,GET /api/v1/reservas,7.655594,200,success,
1789927177.099616,GET,GET /api/v1/reservas,9.713042,200,success,
1789927177.100273,POST,POST /api/v1/auth/login,1200.398278,200,success,
1789927177.106764,GET,GET /api/v1/reservas,6.293148,200,success,
1789927177.133013,POST,POST /api/v1/auth/login,1234.645136,200,success,
1789927177.141164,GET,GET /api/v1/reservas,7.939705,200,success,
1789927177.323203,POST,POST /api/v1/auth/login,1425.263349,200,success,
1789927177.325354,POST,POST /api/v1/auth/login,1425.740703,200,success,
1789927177.335774,GET,GET /api/v1/reservas,12.310348,200,success,
1789927177.339682,GET,GET /api/v1/reservas,14.022674,200,success,
1789927177.348564,POST,POST /api/v1/auth/login,1469.218290,200,success,
1789927177.358392,GET,GET /api/v1/reservas,9.609034,200,success,
1789927177.360926,POST,POST /api/v1/auth/login,1439.306794,200,success,
1789927177.371425,POST,POST /api/v1/auth/login,1472.722281,200,success,
1789927177.372413,GET,GET /api/v1/reservas/{id},5.773712,200,success,
1789927177.378510,GET,GET /api/v1/reservas,6.771653,200,success,
1789927177.380496,POST,POST /api/v1/auth/login,1501.644088,200,success,
1789927177.381815,GET,GET /api/v1/reservas,20.703209,200,success,
1789927177.387582,GET,GET /api/v1/reservas,6.906539,200,success,
1789927177.446580,GET,GET /api/v1/reservas/{id},31.722370,200,success,
1789927177.447168,GET,GET /api/v1/reservas,15.829142,200,success,
1789927177.489145,POST,POST /api/v1/auth/login,1590.124915,200,success,
1789927177.492001,POST,POST /api/v1/auth/login,1592.666358,200,success,
1789927177.500429,GET,GET /api/v1/reservas,11.040244,200,success,
1789927177.506960,GET,GET /api/v1/reservas,14.765610,200,success,
1789927177.527372,GET,GET /api/v1/reservas,11.083589,200,success,
1789927177.619006,GET,GET /api/v1/reservas/{id},7.224921,200,success,
1789927177.729048,GET,GET /api/v1/reservas,6.638291,200,success,
1789927177.756949,GET,GET /api/v1/reservas,7.576183,200,success,
1789927177.825632,GET,GET /api/v1/reservas,8.268522,200,success,
1789927177.839890,GET,GET /api/v1/reservas,4.968541,200,success,
1789927177.894019,GET,GET /api/v1/reservas,11.978877,200,success,
1789927177.935075,GET,GET /api/v1/reservas,6.685422,200,success,
1789927178.125948,GET,GET /api/v1/reservas,6.406240,200,success,
1789927178.177785,GET,GET /api/v1/reservas/{id},6.608828,200,success,
1789927178.178391,GET,GET /api/v1/reservas,9.124620,200,success,
1789927178.201649,GET,GET /api/v1/reservas,4.964375,200,success,
1789927178.274933,GET,GET /api/v1/reservas,7.960966,200,success,
1789927178.276671,GET,GET /api/v1/reservas,5.785329,200,success,
1789927178.278477,GET,GET /api/v1/reservas,5.845159,200,success,
1789927178.292418,GET,GET /api/v1/reservas/{id},3.763944,200,success,
1789927178.320624,GET,GET /api/v1/reservas,4.896512,200,success,
1789927178.354635,GET,GET /api/v1/reservas/{id},3.813450,200,success,
1789927178.390137,GET,GET /api/v1/reservas,5.182124,200,success,
1789927178.526753,GET,GET /api/v1/reservas,6.223943,200,success,
1789927178.677348,GET,GET /api/v1/reservas,6.179066,200,success,
1789927178.708785,GET,GET /api/v1/reservas,5.167502,200,success,
1789927178.717530,GET,GET /api/v1/reservas,4.504467,200,success,
1789927178.827863,GET,GET /api/v1/reservas,5.950319,200,success,
1789927178.844749,GET,GET /api/v1/reservas,5.634380,200,success,
1789927178.857436,GET,GET /api/v1/reservas,4.423806,200,success,
1789927178.865758,GET,GET /api/v1/reservas,4.071891,200,success,
1789927178.887163,GET,GET /api/v1/reservas,5.130456,200,success,
1789927178.922727,GET,GET /api/v1/reservas,4.902030,200,success,
1789927178.923126,GET,GET /api/v1/reservas,5.723444,200,success,
1789927179.047721,GET,GET /api/v1/reservas,6.190273,200,success,
1789927179.058156,GET,GET /api/v1/reservas,5.058137,200,success,
1789927179.071753,GET,GET /api/v1/reservas,4.355461,200,success,
1789927179.105858,GET,GET /api/v1/reservas,4.821307,200,success,
1789927179.154546,GET,GET /api/v1/reservas,5.338702,200,success,
1789927179.171197,GET,GET /api/v1/reservas/{id},3.475066,200,success,
1789927179.177238,GET,GET /api/v1/reservas,4.808828,200,success,
1789927179.225163,GET,GET /api/v1/reservas,5.614761,200,success,
1789927179.253282,GET,GET /api/v1/reservas,4.850021,200,success,
1789927179.312841,GET,GET /api/v1/reservas/{id},4.342583,200,success,
1789927179.339072,GET,GET /api/v1/reservas/{id},4.030419,200,success,
1789927179.437608,GET,GET /api/v1/reservas,9.232072,200,success,
1789927179.445787,GET,GET /api/v1/reservas/{id},3.997029,200,success,
1789927179.448503,GET,GET /api/v1/reservas,4.972246,200,success,
1789927179.481589,GET,GET /api/v1/reservas,4.809750,200,success,
1789927179.495165,GET,GET /api/v1/reservas,4.316282,200,success,
1789927179.604173,GET,GET /api/v1/reservas,5.642833,200,success,
1789927179.629298,GET,GET /api/v1/reservas,5.831459,200,success,
1789927179.629726,GET,GET /api/v1/reservas,5.939371,200,success,
1789927179.657683,GET,GET /api/v1/reservas,4.720334,200,success,
1789927179.694063,GET,GET /api/v1/reservas,5.108353,200,success,
1789927179.794014,GET,GET /api/v1/reservas/{id},4.664029,200,success,
1789927179.801736,GET,GET /api/v1/reservas,4.440680,200,success,
1789927179.805437,GET,GET /api/v1/reservas,4.616958,200,success,
1789927179.840541,GET,GET /api/v1/reservas,4.859586,200,success,
1789927179.874647,GET,GET /api/v1/reservas,5.426496,200,success,
1789927179.902362,GET,GET /api/v1/reservas/{id},3.890456,200,success,
1789927179.907846,GET,GET /api/v1/reservas,4.243652,200,success,
1789927180.008703,GET,GET /api/v1/reservas,6.482475,200,success,
1789927180.015675,GET,GET /api/v1/reservas,4.703720,200,success,
1789927180.030834,GET,GET /api/v1/reservas,7.865742,200,success,
1789927180.129215,GET,GET /api/v1/reservas,5.978371,200,success,
1789927180.200202,GET,GET /api/v1/reservas,5.641461,200,success,
1789927180.217924,GET,GET /api/v1/reservas/{id},3.542469,200,success,
1789927180.244760,GET,GET /api/v1/reservas,4.569115,200,success,
1789927180.255104,GET,GET /api/v1/reservas,4.098291,200,success,
1789927180.341282,GET,GET /api/v1/reservas/{id},4.894890,200,success,
1789927180.368351,GET,GET /api/v1/reservas,14.703615,200,success,
1789927180.369000,GET,GET /api/v1/reservas,11.616877,200,success,
1789927180.383595,GET,GET /api/v1/reservas/{id},4.391835,200,success,
1789927180.407420,GET,GET /api/v1/reservas,6.492430,200,success,
1789927180.456878,GET,GET /api/v1/reservas/{id},4.244804,200,success,
1789927180.498363,GET,GET /api/v1/reservas/{id},4.281479,200,success,
1789927180.573816,GET,GET /api/v1/reservas,6.688488,200,success,
1789927180.574076,GET,GET /api/v1/reservas,7.421268,200,success,
1789927180.581260,GET,GET /api/v1/reservas,3.961905,200,success,
1789927180.692765,GET,GET /api/v1/reservas,6.112153,200,success,
1789927180.729472,GET,GET /api/v1/reservas,8.382665,200,success,
1789927180.730624,GET,GET /api/v1/reservas,5.491312,200,success,
1789927180.847789,GET,GET /api/v1/reservas,5.786772,200,success,
1789927180.869845,GET,GET /api/v1/reservas,4.783410,200,success,
1789927180.875141,GET,GET /api/v1/reservas/{id},3.136223,200,success,
1789927180.914766,GET,GET /api/v1/reservas/{id},3.833401,200,success,
1789927180.933570,GET,GET /api/v1/reservas,4.525970,200,success,
1789927180.944061,GET,GET /api/v1/reservas,4.242340,200,success,
1789927180.967875,GET,GET /api/v1/reservas,4.573512,200,success,
1789927180.996574,GET,GET /api/v1/reservas,4.444887,200,success,
1789927181.068648,GET,GET /api/v1/reservas/{id},4.823822,200,success,
1789927181.149608,GET,GET /api/v1/reservas,5.600659,200,success,
1789927181.266581,GET,GET /api/v1/reservas,6.601847,200,success,
1789927181.270948,GET,GET /api/v1/reservas,5.112739,200,success,
1789927181.305091,GET,GET /api/v1/reservas/{id},3.916786,200,success,
1789927181.329162,GET,GET /api/v1/reservas,4.805163,200,success,
1789927181.425640,GET,GET /api/v1/reservas,7.140603,200,success,
1789927181.426587,GET,GET /api/v1/reservas,4.795159,200,success,
1789927181.432155,GET,GET /api/v1/reservas,4.322281,200,success,
1789927181.449670,GET,GET /api/v1/reservas/{id},4.353198,200,success,
1789927181.510201,GET,GET /api/v1/reservas,7.221975,200,success,
1789927181.615254,GET,GET /api/v1/reservas/{id},4.755248,200,success,
1789927181.650971,GET,GET /api/v1/reservas,5.426575,200,success,
1789927181.654996,GET,GET /api/v1/reservas,4.769419,200,success,
1789927181.697453,GET,GET /api/v1/reservas,5.183506,200,success,
1789927181.702655,GET,GET /api/v1/reservas,3.980312,200,success,
1789927181.726967,GET,GET /api/v1/reservas,5.030715,200,success,
1789927181.754484,GET,GET /api/v1/reservas,5.207544,200,success,
1789927181.804524,GET,GET /api/v1/reservas,5.735073,200,success,
1789927181.843265,GET,GET /api/v1/reservas/{id},5.526706,200,success,
1789927181.920920,GET,GET /api/v1/reservas,5.666778,200,success,
1789927181.934953,GET,GET /api/v1/reservas/{id},3.856074,200,success,
1789927181.988307,GET,GET /api/v1/reservas/{id},4.137070,200,success,
1789927182.004642,GET,GET /api/v1/reservas,5.035553,200,success,
1789927182.023745,GET,GET /api/v1/reservas,5.849716,200,success,
1789927182.037838,GET,GET /api/v1/reservas/{id},4.908559,200,success,
1789927182.040697,GET,GET /api/v1/reservas,4.906456,200,success,
1789927182.105820,GET,GET /api/v1/reservas,5.790305,200,success,
1789927182.119397,GET,GET /api/v1/reservas,4.362772,200,success,
1789927182.153357,GET,GET /api/v1/reservas,4.703038,200,success,
1789927182.167133,GET,GET /api/v1/reservas,4.534062,200,success,
1789927182.216799,GET,GET /api/v1/reservas,5.393895,200,success,
1789927182.305284,GET,GET /api/v1/reservas,6.100226,200,success,
1789927182.324026,GET,GET /api/v1/reservas,4.466460,200,success,
1789927182.403389,GET,GET /api/v1/reservas,6.008367,200,success,
1789927182.414578,GET,GET /api/v1/reservas,4.894920,200,success,
1789927182.415897,GET,GET /api/v1/reservas,4.593261,200,success,
1789927182.456285,GET,GET /api/v1/reservas/{id},4.187787,200,success,
1789927182.472084,GET,GET /api/v1/reservas,4.506289,200,success,
1789927182.490624,GET,GET /api/v1/reservas,5.250278,200,success,
1789927182.505301,GET,GET /api/v1/reservas/{id},4.486039,200,success,
1789927182.515111,GET,GET /api/v1/reservas/{id},3.625294,200,success,
1789927182.570890,GET,GET /api/v1/reservas,6.451758,200,success,
1789927182.664788,GET,GET /api/v1/reservas,9.408631,200,success,
1789927182.769435,GET,GET /api/v1/reservas,8.166598,200,success,
1789927182.812204,GET,GET /api/v1/reservas/{id},9.446338,200,success,
1789927182.836257,GET,GET /api/v1/reservas,6.660686,200,success,
1789927182.879211,GET,GET /api/v1/reservas,6.565461,200,success,
1789927182.943078,GET,GET /api/v1/reservas,5.794132,200,success,
1789927183.033184,GET,GET /api/v1/reservas,5.743125,200,success,
1789927183.044627,GET,GET /api/v1/reservas,4.186385,200,success,
1789927183.057541,GET,GET /api/v1/reservas,4.683407,200,success,
1789927183.071319,GET,GET /api/v1/reservas,4.472429,200,success,
1789927183.158638,GET,GET /api/v1/reservas,5.989919,200,success,
1789927183.162504,GET,GET /api/v1/reservas,4.578289,200,success,
1789927183.177237,GET,GET /api/v1/reservas,4.476234,200,success,
1789927183.261228,GET,GET /api/v1/reservas/{id},6.722078,200,success,
1789927183.288373,GET,GET /api/v1/reservas,6.781800,200,success,
1789927183.290730,GET,GET /api/v1/reservas,6.401343,200,success,
1789927183.299075,GET,GET /api/v1/reservas,8.693557,200,success,
1789927183.321204,GET,GET /api/v1/reservas,6.795029,200,success,
1789927183.338048,GET,GET /api/v1/reservas,6.493922,200,success,
1789927183.347685,GET,GET /api/v1/reservas,6.329424,200,success,
1789927183.426412,GET,GET /api/v1/reservas,10.178888,200,success,
1789927183.426666,GET,GET /api/v1/reservas,16.630446,200,success,
1789927183.457495,GET,GET /api/v1/reservas,21.498145,200,success,
1789927183.500710,GET,GET /api/v1/reservas,7.805410,200,success,
1789927183.512091,GET,GET /api/v1/reservas,10.007378,200,success,
1789927183.533562,GET,GET /api/v1/reservas,26.478642,200,success,
1789927183.540566,GET,GET /api/v1/reservas,8.536540,200,success,
1789927183.621832,GET,GET /api/v1/reservas,6.931256,200,success,
1789927183.699952,GET,GET /api/v1/reservas,5.782844,200,success,
1789927183.832484,GET,GET /api/v1/reservas,13.930653,200,success,
1789927183.989658,GET,GET /api/v1/reservas/{id},3.438281,200,success,
1789927183.990511,GET,GET /api/v1/reservas,6.552142,200,success,
1789927184.024477,GET,GET /api/v1/reservas,4.687986,200,success,
1789927184.053318,GET,GET /api/v1/reservas,4.587094,200,success,
1789927184.064755,GET,GET /api/v1/reservas/{id},3.272560,200,success,
1789927184.073478,GET,GET /api/v1/reservas/{id},3.576901,200,success,
1789927184.105222,GET,GET /api/v1/reservas/{id},3.548828,200,success,
1789927184.241929,GET,GET /api/v1/reservas,6.288061,200,success,
1789927184.377222,GET,GET /api/v1/reservas,6.867910,200,success,
1789927184.450349,GET,GET /api/v1/reservas,5.778818,200,success,
1789927184.456759,GET,GET /api/v1/reservas/{id},3.243916,200,success,
1789927184.511271,GET,GET /api/v1/reservas,5.242415,200,success,
1789927184.568944,GET,GET /api/v1/reservas,5.372743,200,success,
1789927184.595676,GET,GET /api/v1/reservas/{id},4.505540,200,success,
1789927184.605975,GET,GET /api/v1/reservas,5.981045,200,success,
1789927184.609320,GET,GET /api/v1/reservas,6.649499,200,success,
1789927184.616067,GET,GET /api/v1/reservas/{id},3.571113,200,success,
1789927184.677322,GET,GET /api/v1/reservas,5.944730,200,success,
1789927184.758650,GET,GET /api/v1/reservas/{id},4.654354,200,success,
1789927184.759747,GET,GET /api/v1/reservas,6.111122,200,success,
1789927184.814583,GET,GET /api/v1/reservas,6.532480,200,success,
1789927184.819624,GET,GET /api/v1/reservas,5.816346,200,success,
1789927184.852353,GET,GET /api/v1/reservas,6.413691,200,success,
1789927184.936229,GET,GET /api/v1/reservas,6.824353,200,success,
1789927184.939709,GET,GET /api/v1/reservas,5.501739,200,success,
1789927185.056114,GET,GET /api/v1/reservas,8.964868,200,success,
1789927185.062580,GET,GET /api/v1/reservas,7.364903,200,success,
1789927185.106400,GET,GET /api/v1/reservas,7.454278,200,success,
1789927185.120069,GET,GET /api/v1/reservas,5.337160,200,success,
1789927185.131430,GET,GET /api/v1/reservas,6.019613,200,success,
1789927185.132785,GET,GET /api/v1/reservas,5.739018,200,success,
1789927185.163956,GET,GET /api/v1/reservas,4.897062,200,success,
1789927185.179701,GET,GET /api/v1/reservas,4.485478,200,success,
1789927185.196460,GET,GET /api/v1/reservas,4.515194,200,success,
1789927185.205285,GET,GET /api/v1/reservas,4.572710,200,success,
1789927185.219072,GET,GET /api/v1/reservas,4.513781,200,success,
1789927185.265707,GET,GET /api/v1/reservas,5.350670,200,success,
1789927185.279441,GET,GET /api/v1/reservas,4.437406,200,success,
1789927185.284921,GET,GET /api/v1/reservas,4.248209,200,success,
1789927185.294205,GET,GET /api/v1/reservas,4.084892,200,success,
1789927185.306234,GET,GET /api/v1/reservas,4.762128,200,success,
1789927185.317127,GET,GET /api/v1/reservas,4.592341,200,success,
1789927185.365890,GET,GET /api/v1/reservas/{id},5.522150,200,success,
1789927185.394583,GET,GET /api/v1/reservas,5.377379,200,success,
1789927185.537631,GET,GET /api/v1/reservas,8.704514,200,success,
1789927185.559606,GET,GET /api/v1/reservas,6.628446,200,success,
1789927185.583470,GET,GET /api/v1/reservas,8.545702,200,success,
1789927185.671228,GET,GET /api/v1/reservas/{id},6.434693,200,success,
1789927185.676397,GET,GET /api/v1/reservas,6.508214,200,success,
1789927185.698036,GET,GET /api/v1/reservas,9.131031,200,success,
1789927185.756328,GET,GET /api/v1/reservas,9.892734,200,success,
1789927185.758684,GET,GET /api/v1/reservas,7.312682,200,success,
1789927185.797028,GET,GET /api/v1/reservas/{id},5.102815,200,success,
1789927185.828223,GET,GET /api/v1/reservas/{id},3.997408,200,success,
1789927185.867717,GET,GET /api/v1/reservas,5.198949,200,success,
1789927185.899000,GET,GET /api/v1/reservas,4.897043,200,success,
1789927185.939854,GET,GET /api/v1/reservas,5.568119,200,success,
1789927185.942480,GET,GET /api/v1/reservas,4.518088,200,success,
1789927185.946276,GET,GET /api/v1/reservas,4.413429,200,success,
1789927186.050301,GET,GET /api/v1/reservas/{id},4.775108,200,success,
1789927186.083639,GET,GET /api/v1/reservas,5.010875,200,success,
1789927186.100173,GET,GET /api/v1/reservas,4.270433,200,success,
1789927186.179296,GET,GET /api/v1/reservas,5.783576,200,success,
1789927186.229115,GET,GET /api/v1/reservas,5.509471,200,success,
1789927186.241672,GET,GET /api/v1/reservas,4.327639,200,success,
1789927186.259329,GET,GET /api/v1/reservas/{id},3.490331,200,success,
1789927186.303243,GET,GET /api/v1/reservas/{id},3.719677,200,success,
1789927186.524315,GET,GET /api/v1/reservas,6.774459,200,success,
1789927186.575634,GET,GET /api/v1/reservas/{id},4.112584,200,success,
1789927186.734318,GET,GET /api/v1/reservas,6.243804,200,success,
1789927186.743890,GET,GET /api/v1/reservas,4.310694,200,success,
1789927186.908401,GET,GET /api/v1/reservas,7.031758,200,success,
1789927186.910553,GET,GET /api/v1/reservas,7.490323,200,success,
1789927186.923046,GET,GET /api/v1/reservas,4.253086,200,success,
1789927186.937801,GET,GET /api/v1/reservas,5.471552,200,success,
1789927186.938206,GET,GET /api/v1/reservas,5.650014,200,success,
1789927186.948596,GET,GET /api/v1/reservas/{id},3.238249,200,success,
1789927187.021026,GET,GET /api/v1/reservas,6.098204,200,success,
1789927187.097688,GET,GET /api/v1/reservas,6.317205,200,success,
1789927187.200550,GET,GET /api/v1/reservas,6.437698,200,success,
1789927187.232666,GET,GET /api/v1/reservas,5.783686,200,success,
1789927187.235279,GET,GET /api/v1/reservas,4.754396,200,success,
1789927187.241645,GET,GET /api/v1/reservas,4.146956,200,success,
1789927187.252517,GET,GET /api/v1/reservas/{id},3.709301,200,success,
1789927187.273557,GET,GET /api/v1/reservas,4.757450,200,success,
1789927187.328326,GET,GET /api/v1/reservas,5.476280,200,success,
1789927187.332706,GET,GET /api/v1/reservas,5.125258,200,success,
1789927187.335018,GET,GET /api/v1/reservas/{id},3.344199,200,success,
1789927187.377112,GET,GET /api/v1/reservas,5.785921,200,success,
1789927187.443866,GET,GET /api/v1/reservas/{id},4.518049,200,success,
1789927187.497270,GET,GET /api/v1/reservas/{id},4.155028,200,success,
1789927187.498307,GET,GET /api/v1/reservas,6.122470,200,success,
1789927187.498698,GET,GET /api/v1/reservas,6.123101,200,success,
1789927187.535809,GET,GET /api/v1/reservas/{id},3.924948,200,success,
1789927187.543161,GET,GET /api/v1/reservas/{id},3.203436,200,success,
1789927187.581420,GET,GET /api/v1/reservas,4.968660,200,success,
1789927187.591673,GET,GET /api/v1/reservas,4.018841,200,success,
1789927187.597927,GET,GET /api/v1/reservas,4.048596,200,success,
1789927187.807960,GET,GET /api/v1/reservas/{id},5.608641,200,success,
1789927187.811161,GET,GET /api/v1/reservas,6.742810,200,success,
1789927187.858363,GET,GET /api/v1/reservas,8.859037,200,success,
1789927187.885700,GET,GET /api/v1/reservas/{id},5.649584,200,success,
1789927187.920233,GET,GET /api/v1/reservas,7.318934,200,success,
1789927187.982810,GET,GET /api/v1/reservas,9.197781,200,success,
1789927188.009145,GET,GET /api/v1/reservas,6.699715,200,success,
1789927188.009267,GET,GET /api/v1/reservas/{id},9.208076,200,success,
1789927188.012123,GET,GET /api/v1/reservas,7.417423,200,success,
1789927188.027368,GET,GET /api/v1/reservas,6.879797,200,success,
1789927188.087092,GET,GET /api/v1/reservas,10.827802,200,success,
1789927188.112222,GET,GET /api/v1/reservas,5.794353,200,success,
1789927188.157311,GET,GET /api/v1/reservas,7.721914,200,success,
1789927188.297906,GET,GET /api/v1/reservas,6.136942,200,success,
1789927188.301044,GET,GET /api/v1/reservas,4.478698,200,success,
1789927188.390262,GET,GET /api/v1/reservas,5.844659,200,success,
1789927188.431692,GET,GET /api/v1/reservas,5.117416,200,success,
1789927188.460279,GET,GET /api/v1/reservas,5.337059,200,success,
1789927188.502533,GET,GET /api/v1/reservas,4.987890,200,success,
1789927188.536653,GET,GET /api/v1/reservas/{id},4.905264,200,success,
1789927188.630171,GET,GET /api/v1/reservas,6.150301,200,success,
1789927188.652957,GET,GET /api/v1/reservas,4.532129,200,success,
1789927188.658302,GET,GET /api/v1/reservas/{id},3.180000,200,success,
1789927188.670609,GET,GET /api/v1/reservas,7.008643,200,success,
1789927188.695346,GET,GET /api/v1/reservas,6.364556,200,success,
1789927188.763365,GET,GET /api/v1/reservas,5.678838,200,success,
1789927188.798756,GET,GET /api/v1/reservas,5.079028,200,success,
1789927188.862924,GET,GET /api/v1/reservas,5.855384,200,success,
1789927188.894855,GET,GET /api/v1/reservas,5.647709,200,success,
1789927188.900140,GET,GET /api/v1/reservas,4.051501,200,success,
1789927188.921288,GET,GET /api/v1/reservas,4.879265,200,success,
1789927188.937196,GET,GET /api/v1/reservas,4.610218,200,success,
1789927188.957442,GET,GET /api/v1/reservas/{id},4.076949,200,success,
1789927188.990778,GET,GET /api/v1/reservas,5.071417,200,success,
1789927189.033962,GET,GET /api/v1/reservas/{id},3.983737,200,success,
1789927189.051461,GET,GET /api/v1/reservas/{id},3.305982,200,success,
1789927189.200103,GET,GET /api/v1/reservas,6.168539,200,success,
1789927189.214266,GET,GET /api/v1/reservas,4.862449,200,success,
1789927189.231364,GET,GET /api/v1/reservas,4.826094,200,success,
1789927189.248168,GET,GET /api/v1/reservas/{id},3.629971,200,success,
1789927189.254665,GET,GET /api/v1/reservas,4.270052,200,success,
1789927189.262299,GET,GET /api/v1/reservas,4.400560,200,success,
1789927189.283114,GET,GET /api/v1/reservas,12.031426,200,success,
1789927189.326836,GET,GET /api/v1/reservas,7.397261,200,success,
1789927189.358360,GET,GET /api/v1/reservas,5.196856,200,success,
1789927189.375021,GET,GET /api/v1/reservas,4.382162,200,success,
1789927189.505572,GET,GET /api/v1/reservas,6.117192,200,success,
1789927189.555150,GET,GET /api/v1/reservas,5.281836,200,success,
1789927189.574145,GET,GET /api/v1/reservas,4.673154,200,success,
1789927189.585293,GET,GET /api/v1/reservas,5.884278,200,success,
1789927189.618556,GET,GET /api/v1/reservas,5.001992,200,success,
1789927189.698314,GET,GET /api/v1/reservas/{id},4.511507,200,success,
1789927189.716220,GET,GET /api/v1/reservas,4.591078,200,success,
1789927189.722162,GET,GET /api/v1/reservas,4.692292,200,success,
1789927189.792024,GET,GET /api/v1/reservas,6.502626,200,success,
1789927189.798794,GET,GET /api/v1/reservas,4.524808,200,success,
1789927189.901091,GET,GET /api/v1/reservas,6.482264,200,success,
1789927189.926417,GET,GET /api/v1/reservas,5.065698,200,success,
1789927190.024979,GET,GET /api/v1/reservas,6.215310,200,success,
1789927190.027259,GET,GET /api/v1/reservas,4.707875,200,success,
1789927190.051278,GET,GET /api/v1/reservas/{id},3.759618,200,success,
1789927190.111176,GET,GET /api/v1/reservas,5.596633,200,success,
1789927190.146632,GET,GET /api/v1/reservas,5.155264,200,success,
1789927190.184903,GET,GET /api/v1/reservas,5.007219,200,success,
1789927190.225270,GET,GET /api/v1/reservas,5.054341,200,success,
1789927190.232214,GET,GET /api/v1/reservas,4.689677,200,success,
1789927190.249817,GET,GET /api/v1/reservas/{id},3.441436,200,success,
1789927190.287934,GET,GET /api/v1/reservas,4.840777,200,success,
1789927190.296367,GET,GET /api/v1/reservas/{id},3.251017,200,success,
1789927190.318676,GET,GET /api/v1/reservas/{id},4.131483,200,success,
1789927190.450050,GET,GET /api/v1/reservas,7.082554,200,success,
1789927190.455926,GET,GET /api/v1/reservas/{id},3.681139,200,success,
1789927190.461137,GET,GET /api/v1/reservas/{id},3.999662,200,success,
1789927190.532088,GET,GET /api/v1/reservas,5.619437,200,success,
1789927190.587011,GET,GET /api/v1/reservas,5.578154,200,success,
1789927190.684968,GET,GET /api/v1/reservas/{id},4.677921,200,success,
1789927190.728480,GET,GET /api/v1/reservas,5.177058,200,success,
1789927190.735842,GET,GET /api/v1/reservas,4.115128,200,success,
1789927190.760795,GET,GET /api/v1/reservas,4.693685,200,success,
1789927190.777547,GET,GET /api/v1/reservas,4.498098,200,success,
1789927190.894937,GET,GET /api/v1/reservas,6.010640,200,success,
1789927190.903932,GET,GET /api/v1/reservas,4.162149,200,success,
1789927190.933704,GET,GET /api/v1/reservas,4.563346,200,success,
1789927190.970672,GET,GET /api/v1/reservas,4.685692,200,success,
1789927191.159887,GET,GET /api/v1/reservas/{id},4.875729,200,success,
1789927191.165463,GET,GET /api/v1/reservas,4.273848,200,success,
1789927191.231031,GET,GET /api/v1/reservas/{id},4.338045,200,success,
1789927191.235436,GET,GET /api/v1/reservas,4.210822,200,success,
1789927191.274544,GET,GET /api/v1/reservas/{id},3.918150,200,success,
1789927191.343035,GET,GET /api/v1/reservas/{id},5.197448,200,success,
1789927191.349684,GET,GET /api/v1/reservas,5.324000,200,success,
1789927191.382759,GET,GET /api/v1/reservas,5.750456,200,success,
1789927191.409804,GET,GET /api/v1/reservas,5.741242,200,success,
1789927191.410261,GET,GET /api/v1/reservas,5.841364,200,success,
1789927191.443187,GET,GET /api/v1/reservas/{id},3.760901,200,success,
1789927191.479434,GET,GET /api/v1/reservas/{id},4.053995,200,success,
1789927191.494337,GET,GET /api/v1/reservas,4.661695,200,success,
1789927191.515074,GET,GET /api/v1/reservas,4.485168,200,success,
1789927191.533576,GET,GET /api/v1/reservas,4.271343,200,success,
1789927191.542799,GET,GET /api/v1/reservas,4.010649,200,success,
1789927191.584126,GET,GET /api/v1/reservas,5.029783,200,success,
1789927191.658003,GET,GET /api/v1/reservas,5.521879,200,success,
1789927191.663505,GET,GET /api/v1/reservas,4.248759,200,success,
1789927191.735473,GET,GET /api/v1/reservas,5.646568,200,success,
1789927191.747904,GET,GET /api/v1/reservas/{id},3.255333,200,success,
1789927191.801572,GET,GET /api/v1/reservas,5.381427,200,success,
1789927191.898070,GET,GET /api/v1/reservas/{id},5.522590,200,success,
1789927191.900765,GET,GET /api/v1/reservas/{id},3.280712,200,success,
1789927191.930398,GET,GET /api/v1/reservas/{id},3.468468,200,success,
1789927191.994658,GET,GET /api/v1/reservas,5.919992,200,success,
1789927192.006242,GET,GET /api/v1/reservas,4.346258,200,success,
1789927192.038087,GET,GET /api/v1/reservas/{id},3.654268,200,success,
1789927192.132358,GET,GET /api/v1/reservas,5.923838,200,success,
1789927192.195401,GET,GET /api/v1/reservas/{id},4.804993,200,success,
1789927192.214261,GET,GET /api/v1/reservas,4.592010,200,success,
1789927192.251400,GET,GET /api/v1/reservas,4.857293,200,success,
1789927192.287395,GET,GET /api/v1/reservas,4.737691,200,success,
1789927192.319482,GET,GET /api/v1/reservas,4.801417,200,success,
1789927192.336352,GET,GET /api/v1/reservas,4.630488,200,success,
1789927192.433671,GET,GET /api/v1/reservas,5.962518,200,success,
1789927192.548143,GET,GET /api/v1/reservas,6.091273,200,success,
1789927192.550114,GET,GET /api/v1/reservas,4.297214,200,success,
1789927192.565514,GET,GET /api/v1/reservas,4.144601,200,success,
1789927192.586140,GET,GET /api/v1/reservas,4.398606,200,success,
1789927192.599556,GET,GET /api/v1/reservas,4.183000,200,success,
1789927192.608441,GET,GET /api/v1/reservas,4.629897,200,success,
1789927192.617919,GET,GET /api/v1/reservas,4.260558,200,success,
1789927192.621835,GET,GET /api/v1/reservas,4.570036,200,success,
1789927192.729062,GET,GET /api/v1/reservas/{id},4.943242,200,success,
1789927192.769614,GET,GET /api/v1/reservas/{id},4.344645,200,success,
1789927192.819732,GET,GET /api/v1/reservas,5.821343,200,success,
1789927192.830527,GET,GET /api/v1/reservas,4.543417,200,success,
1789927192.931084,GET,GET /api/v1/reservas,8.530639,200,success,
1789927192.950327,GET,GET /api/v1/reservas,5.916337,200,success,
1789927193.145742,GET,GET /api/v1/reservas,7.902819,200,success,
1789927193.154072,GET,GET /api/v1/reservas,7.841925,200,success,
1789927193.174711,GET,GET /api/v1/reservas/{id},5.391472,200,success,
1789927193.182212,GET,GET /api/v1/reservas,5.185890,200,success,
1789927193.228014,GET,GET /api/v1/reservas/{id},5.566478,200,success,
1789927193.228124,GET,GET /api/v1/reservas/{id},3.886260,200,success,
1789927193.232332,GET,GET /api/v1/reservas/{id},3.081961,200,success,
1789927193.320100,GET,GET /api/v1/reservas,6.408763,200,success,
1789927193.366379,GET,GET /api/v1/reservas/{id},4.071712,200,success,
1789927193.440293,GET,GET /api/v1/reservas/{id},8.627426,200,success,
1789927193.445093,GET,GET /api/v1/reservas,4.578559,200,success,
1789927193.503874,GET,GET /api/v1/reservas/{id},7.699160,200,success,
1789927193.504805,GET,GET /api/v1/reservas,13.398769,200,success,
1789927193.506677,GET,GET /api/v1/reservas,13.062278,200,success,
1789927193.573763,GET,GET /api/v1/reservas/{id},4.835449,200,success,
1789927193.582338,GET,GET /api/v1/reservas,4.290613,200,success,
1789927193.608765,GET,GET /api/v1/reservas,5.172239,200,success,
1789927193.634954,GET,GET /api/v1/reservas,5.870126,200,success,
1789927193.641127,GET,GET /api/v1/reservas/{id},3.974204,200,success,
1789927193.679061,GET,GET /api/v1/reservas,7.570173,200,success,
1789927193.689182,GET,GET /api/v1/reservas,5.842626,200,success,
1789927193.725755,GET,GET /api/v1/reservas,8.240651,200,success,
1789927193.756123,GET,GET /api/v1/reservas,5.994696,200,success,
1789927193.770130,GET,GET /api/v1/reservas,7.551756,200,success,
1789927193.782395,GET,GET /api/v1/reservas/{id},7.062495,200,success,
1789927193.805563,GET,GET /api/v1/reservas,11.803060,200,success,
1789927193.921935,GET,GET /api/v1/reservas,6.729379,200,success,
1789927193.925510,GET,GET /api/v1/reservas/{id},3.440584,200,success,
1789927193.946858,GET,GET /api/v1/reservas,8.041788,200,success,
1789927193.982184,GET,GET /api/v1/reservas,5.915486,200,success,
1789927194.037222,GET,GET /api/v1/reservas/{id},4.797081,200,success,
1789927194.072868,GET,GET /api/v1/reservas,5.296809,200,success,
1789927194.137772,GET,GET /api/v1/reservas,5.556702,200,success,
1789927194.191319,GET,GET /api/v1/reservas,5.265821,200,success,
1789927194.206748,GET,GET /api/v1/reservas,4.184522,200,success,
1789927194.214270,GET,GET /api/v1/reservas,4.260778,200,success,
1789927194.288345,GET,GET /api/v1/reservas,5.735724,200,success,
1789927194.345109,GET,GET /api/v1/reservas/{id},4.547402,200,success,
1789927194.362915,GET,GET /api/v1/reservas,4.515734,200,success,
1789927194.434904,GET,GET /api/v1/reservas,5.653468,200,success,
1789927194.542461,GET,GET /api/v1/reservas,6.170932,200,success,
1789927194.548865,GET,GET /api/v1/reservas,4.142779,200,success,
1789927194.587805,GET,GET /api/v1/reservas/{id},4.367790,200,success,
1789927194.588586,GET,GET /api/v1/reservas,5.463000,200,success,
1789927194.627144,GET,GET /api/v1/reservas,6.229463,200,success,
1789927194.732508,GET,GET /api/v1/reservas,5.950480,200,success,
1789927194.762357,GET,GET /api/v1/reservas/{id},3.662311,200,success,
1789927194.794444,GET,GET /api/v1/reservas,4.805974,200,success,
1789927194.885509,GET,GET /api/v1/reservas,9.714604,200,success,
1789927194.885862,GET,GET /api/v1/reservas,8.313120,200,success,
1789927194.923728,GET,GET /api/v1/reservas/{id},3.446423,200,success,
1789927194.924413,GET,GET /api/v1/reservas,5.660439,200,success,
1789927194.933724,GET,GET /api/v1/reservas/{id},3.161952,200,success,
1789927195.004947,GET,GET /api/v1/reservas,5.911700,200,success,
1789927195.052525,GET,GET /api/v1/reservas/{id},4.383163,200,success,
1789927195.056600,GET,GET /api/v1/reservas,4.625321,200,success,
1789927195.108968,GET,GET /api/v1/reservas,5.088813,200,success,
1789927195.132945,GET,GET /api/v1/reservas,4.679113,200,success,
1789927195.149506,GET,GET /api/v1/reservas,5.279873,200,success,
1789927195.170162,GET,GET /api/v1/reservas/{id},5.433836,200,success,
1789927195.185066,GET,GET /api/v1/reservas,5.582251,200,success,
1789927195.193587,GET,GET /api/v1/reservas,6.228500,200,success,
1789927195.204006,GET,GET /api/v1/reservas/{id},4.250973,200,success,
1789927195.267002,GET,GET /api/v1/reservas,7.421229,200,success,
1789927195.318515,GET,GET /api/v1/reservas,8.047678,200,success,
1789927195.400439,GET,GET /api/v1/reservas,7.488499,200,success,
1789927195.520885,GET,GET /api/v1/reservas,6.052634,200,success,
1789927195.593030,GET,GET /api/v1/reservas,5.801864,200,success,
1789927195.614980,GET,GET /api/v1/reservas,4.680354,200,success,
1789927195.684823,GET,GET /api/v1/reservas/{id},4.585291,200,success,
1789927195.686427,GET,GET /api/v1/reservas,4.335141,200,success,
1789927195.734483,GET,GET /api/v1/reservas/{id},3.868373,200,success,
1789927195.870496,GET,GET /api/v1/reservas/{id},5.692287,200,success,
1789927195.910336,GET,GET /api/v1/reservas,6.379439,200,success,
1789927195.982889,GET,GET /api/v1/reservas/{id},9.179252,200,success,
1789927196.003825,GET,GET /api/v1/reservas/{id},5.647861,200,success,
1789927196.034975,GET,GET /api/v1/reservas/{id},6.870173,200,success,
1789927196.049328,GET,GET /api/v1/reservas,7.012689,200,success,
1789927196.101816,GET,GET /api/v1/reservas,6.076220,200,success,
1789927196.188060,GET,GET /api/v1/reservas,5.832420,200,success,
1789927196.213466,GET,GET /api/v1/reservas,5.119349,200,success,
1789927196.213813,GET,GET /api/v1/reservas,5.126059,200,success,
1789927196.251881,GET,GET /api/v1/reservas,4.829679,200,success,
1789927196.289869,GET,GET /api/v1/reservas,4.705432,200,success,
1789927196.293014,GET,GET /api/v1/reservas/{id},3.030903,200,success,
1789927196.300229,GET,GET /api/v1/reservas,3.993853,200,success,
1789927196.313937,GET,GET /api/v1/reservas,4.448522,200,success,
1789927196.352069,GET,GET /api/v1/reservas,4.826737,200,success,
1789927196.363746,GET,GET /api/v1/reservas,4.431266,200,success,
1789927196.369149,GET,GET /api/v1/reservas,4.165052,200,success,
1789927196.388653,GET,GET /api/v1/reservas/{id},3.338270,200,success,
1789927196.412428,GET,GET /api/v1/reservas,4.527763,200,success,
1789927196.455757,GET,GET /api/v1/reservas,6.017521,200,success,
1789927196.496549,GET,GET /api/v1/reservas,5.507096,200,success,
1789927196.545026,GET,GET /api/v1/reservas/{id},4.069559,200,success,
1789927196.598599,GET,GET /api/v1/reservas,5.295587,200,success,
1789927196.605882,GET,GET /api/v1/reservas,4.026783,200,success,
1789927196.713557,GET,GET /api/v1/reservas,6.314360,200,success,
1789927196.768245,GET,GET /api/v1/reservas,5.378632,200,success,
1789927196.794160,GET,GET /api/v1/reservas,4.663589,200,success,
1789927196.846754,GET,GET /api/v1/reservas,5.331512,200,success,
1789927196.867715,GET,GET /api/v1/reservas,4.699112,200,success,
1789927196.995001,GET,GET /api/v1/reservas/{id},4.965245,200,success,
1789927196.995811,GET,GET /api/v1/reservas,5.244279,200,success,
1789927197.000175,GET,GET /api/v1/reservas/{id},3.226209,200,success,
1789927197.046337,GET,GET /api/v1/reservas,5.822195,200,success,
1789927197.088040,GET,GET /api/v1/reservas,8.332660,200,success,
1789927197.131577,GET,GET /api/v1/reservas/{id},4.319927,200,success,
1789927197.168041,GET,GET /api/v1/reservas,5.759960,200,success,
1789927197.168386,GET,GET /api/v1/reservas,6.590419,200,success,
1789927197.302637,GET,GET /api/v1/reservas,5.925621,200,success,
1789927197.391864,GET,GET /api/v1/reservas,5.850847,200,success,
1789927197.399244,GET,GET /api/v1/reservas,4.096548,200,success,
1789927197.433517,GET,GET /api/v1/reservas,4.837672,200,success,
1789927197.479691,GET,GET /api/v1/reservas/{id},3.974574,200,success,
1789927197.508791,GET,GET /api/v1/reservas,4.845445,200,success,
1789927197.528237,GET,GET /api/v1/reservas,4.194628,200,success,
1789927197.557500,GET,GET /api/v1/reservas,4.986769,200,success,
1789927197.642050,GET,GET /api/v1/reservas/{id},5.281355,200,success,
1789927197.828399,GET,GET /api/v1/reservas,5.854794,200,success,
1789927197.837801,GET,GET /api/v1/reservas/{id},3.223495,200,success,
1789927197.910499,GET,GET /api/v1/reservas/{id},4.514252,200,success,
1789927198.046894,GET,GET /api/v1/reservas,6.872987,200,success,
1789927198.051901,GET,GET /api/v1/reservas,5.871920,200,success,
1789927198.061824,GET,GET /api/v1/reservas/{id},3.762944,200,success,
1789927198.093297,GET,GET /api/v1/reservas,8.025593,200,success,
1789927198.094075,GET,GET /api/v1/reservas,6.243723,200,success,
1789927198.141034,GET,GET /api/v1/reservas,6.631982,200,success,
1789927198.161808,GET,GET /api/v1/reservas,5.458894,200,success,
1789927198.186172,GET,GET /api/v1/reservas/{id},6.112295,200,success,
1789927198.277342,GET,GET /api/v1/reservas,6.766576,200,success,
1789927198.308461,GET,GET /api/v1/reservas,7.675814,200,success,
1789927198.365452,GET,GET /api/v1/reservas,9.560579,200,success,
1789927198.381216,GET,GET /api/v1/reservas,5.462148,200,success,
1789927198.408964,GET,GET /api/v1/reservas/{id},4.540362,200,success,
1789927198.521797,GET,GET /api/v1/reservas/{id},5.487077,200,success,
1789927198.575516,GET,GET /api/v1/reservas,6.308001,200,success,
1789927198.600028,GET,GET /api/v1/reservas,5.222785,200,success,
1789927198.680104,GET,GET /api/v1/reservas,5.701151,200,success,
1789927198.687421,GET,GET /api/v1/reservas,4.084921,200,success,
1789927198.740276,GET,GET /api/v1/reservas,7.528450,200,success,
1789927198.741759,GET,GET /api/v1/reservas,5.856617,200,success,
1789927198.742131,GET,GET /api/v1/reservas,6.655297,200,success,
1789927198.749309,GET,GET /api/v1/reservas,3.983127,200,success,
1789927198.775653,GET,GET /api/v1/reservas,5.095473,200,success,
1789927198.778603,GET,GET /api/v1/reservas/{id},3.623262,200,success,
1789927198.831382,GET,GET /api/v1/reservas,5.471844,200,success,
1789927198.835297,GET,GET /api/v1/reservas,4.685341,200,success,
1789927198.846692,GET,GET /api/v1/reservas,4.136451,200,success,
1789927198.850346,GET,GET /api/v1/reservas,4.245035,200,success,
1789927198.948231,GET,GET /api/v1/reservas,5.944419,200,success,
1789927199.070077,GET,GET /api/v1/reservas,6.509987,200,success,
1789927199.071908,GET,GET /api/v1/reservas,4.564678,200,success,
1789927199.104814,GET,GET /api/v1/reservas/{id},3.740900,200,success,
1789927199.114133,GET,GET /api/v1/reservas,4.032011,200,success,
1789927199.213722,GET,GET /api/v1/reservas,6.245315,200,success,
1789927199.297062,GET,GET /api/v1/reservas/{id},5.073650,200,success,
1789927199.311980,GET,GET /api/v1/reservas,4.646062,200,success,
1789927199.350480,GET,GET /api/v1/reservas,6.147488,200,success,
1789927199.351256,GET,GET /api/v1/reservas,4.831322,200,success,
1789927199.356532,GET,GET /api/v1/reservas,4.054606,200,success,
1789927199.377098,GET,GET /api/v1/reservas/{id},3.397320,200,success,
1789927199.389571,GET,GET /api/v1/reservas,4.223222,200,success,
1789927199.428798,GET,GET /api/v1/reservas,4.954620,200,success,
1789927199.506740,GET,GET /api/v1/reservas,7.604256,200,success,
1789927199.561345,GET,GET /api/v1/reservas/{id},4.380730,200,success,
1789927199.572815,GET,GET /api/v1/reservas,4.224583,200,success,
1789927199.707937,GET,GET /api/v1/reservas/{id},4.878824,200,success,
1789927199.719579,GET,GET /api/v1/reservas/{id},3.428387,200,success,
1789927199.725419,GET,GET /api/v1/reservas,4.587523,200,success,
1789927199.753500,GET,GET /api/v1/reservas/{id},3.902415,200,success,
1789927199.808657,GET,GET /api/v1/reservas,5.873974,200,success,
1789927199.810259,GET,GET /api/v1/reservas,5.800992,200,success,
1789927199.925400,GET,GET /api/v1/reservas,5.775914,200,success,
1789927199.949924,GET,GET /api/v1/reservas,5.209024,200,success,
1789927200.052689,GET,GET /api/v1/reservas,10.277637,200,success,
1789927200.058771,GET,GET /api/v1/reservas,7.611237,200,success,
1789927200.200587,GET,GET /api/v1/reservas/{id},5.456149,200,success,
1789927200.203601,GET,GET /api/v1/reservas,5.554269,200,success,
1789927200.209659,GET,GET /api/v1/reservas,4.782419,200,success,
1789927200.358737,GET,GET /api/v1/reservas,11.618961,200,success,
1789927200.384297,GET,GET /api/v1/reservas,10.191236,200,success,
1789927200.476836,GET,GET /api/v1/reservas/{id},5.244009,200,success,
1789927200.507277,GET,GET /api/v1/reservas,6.087587,200,success,
1789927200.507718,GET,GET /api/v1/reservas/{id},3.878468,200,success,
1789927200.535826,GET,GET /api/v1/reservas/{id},3.932540,200,success,
1789927200.573734,GET,GET /api/v1/reservas,5.604575,200,success,
1789927200.588977,GET,GET /api/v1/reservas,4.974199,200,success,
1789927200.628304,GET,GET /api/v1/reservas,6.012913,200,success,
1789927200.647717,GET,GET /api/v1/reservas,5.125929,200,success,
1789927200.767179,GET,GET /api/v1/reservas,6.074177,200,success,
1789927200.792187,GET,GET /api/v1/reservas,4.711881,200,success,
1789927200.797912,GET,GET /api/v1/reservas/{id},3.592014,200,success,
1789927200.882684,GET,GET /api/v1/reservas/{id},4.526830,200,success,
1789927200.903568,GET,GET /api/v1/reservas,4.583026,200,success,
1789927200.929469,GET,GET /api/v1/reservas,5.014400,200,success,
1789927200.929776,GET,GET /api/v1/reservas/{id},3.854703,200,success,
1789927201.004663,GET,GET /api/v1/reservas,5.518935,200,success,
1789927201.025379,GET,GET /api/v1/reservas,4.440340,200,success,
1789927201.097254,GET,GET /api/v1/reservas,5.567347,200,success,
1789927201.112751,GET,GET /api/v1/reservas/{id},3.322295,200,success,
1789927201.157669,GET,GET /api/v1/reservas/{id},3.728221,200,success,
1789927201.206411,GET,GET /api/v1/reservas,5.464843,200,success,
1789927201.210587,GET,GET /api/v1/reservas/{id},3.021549,200,success,
1789927201.239886,GET,GET /api/v1/reservas,5.029582,200,success,
1789927201.242729,GET,GET /api/v1/reservas/{id},3.558113,200,success,
1789927201.247950,GET,GET /api/v1/reservas,3.985430,200,success,
1789927201.348327,GET,GET /api/v1/reservas,6.958847,200,success,
1789927201.348705,GET,GET /api/v1/reservas/{id},5.529040,200,success,
1789927201.371038,GET,GET /api/v1/reservas,5.047571,200,success,
1789927201.399649,GET,GET /api/v1/reservas,5.333714,200,success,
1789927201.690305,GET,GET /api/v1/reservas,6.079465,200,success,
1789927201.697479,GET,GET /api/v1/reservas/{id},3.007779,200,success,
1789927201.737190,GET,GET /api/v1/reservas,5.396288,200,success,
1789927201.773877,GET,GET /api/v1/reservas/{id},4.453199,200,success,
1789927201.816418,GET,GET /api/v1/reservas,5.225861,200,success,
1789927201.855536,GET,GET /api/v1/reservas,4.867918,200,success,
1789927201.891269,GET,GET /api/v1/reservas,4.806586,200,success,
1789927201.945322,GET,GET /api/v1/reservas,5.164788,200,success,
1789927201.949588,GET,GET /api/v1/reservas/{id},4.158103,200,success,
1789927201.959431,GET,GET /api/v1/reservas,4.572360,200,success,
1789927201.963211,GET,GET /api/v1/reservas,4.481672,200,success,
1789927201.999896,GET,GET /api/v1/reservas,5.440026,200,success,
1789927202.026752,GET,GET /api/v1/reservas/{id},3.689062,200,success,
1789927202.041258,GET,GET /api/v1/reservas,5.224008,200,success,
1789927202.057101,GET,GET /api/v1/reservas,5.443110,200,success,
1789927202.118784,GET,GET /api/v1/reservas,7.334066,200,success,
1789927202.140061,GET,GET /api/v1/reservas/{id},4.072413,200,success,
1789927202.153634,GET,GET /api/v1/reservas/{id},3.402627,200,success,
1789927202.186288,GET,GET /api/v1/reservas,5.340545,200,success,
1789927202.228317,GET,GET /api/v1/reservas/{id},4.805314,200,success,
1789927202.367563,GET,GET /api/v1/reservas,7.806161,200,success,
1789927202.461770,GET,GET /api/v1/reservas,5.845650,200,success,
1789927202.570762,GET,GET /api/v1/reservas/{id},4.684299,200,success,
1789927202.613269,GET,GET /api/v1/reservas/{id},3.952149,200,success,
1789927202.614583,GET,GET /api/v1/reservas,5.550894,200,success,
1789927202.619644,GET,GET /api/v1/reservas,3.848653,200,success,
1789927202.634245,GET,GET /api/v1/reservas,4.350274,200,success,
1789927202.636322,GET,GET /api/v1/reservas,3.895415,200,success,
1789927202.684824,GET,GET /api/v1/reservas,5.200833,200,success,
1789927202.703447,GET,GET /api/v1/reservas,4.363594,200,success,
1789927202.878420,GET,GET /api/v1/reservas,6.533894,200,success,
1789927202.960071,GET,GET /api/v1/reservas,5.728483,200,success,
1789927202.969627,GET,GET /api/v1/reservas/{id},3.375326,200,success,
1789927202.978935,GET,GET /api/v1/reservas,4.085612,200,success,
1789927203.027780,GET,GET /api/v1/reservas,6.553252,200,success,
1789927203.028215,GET,GET /api/v1/reservas/{id},4.440271,200,success,
1789927203.031669,GET,GET /api/v1/reservas,5.351492,200,success,
1789927203.081529,GET,GET /api/v1/reservas/{id},5.629842,200,success,
1789927203.117960,GET,GET /api/v1/reservas,5.137997,200,success,
1789927203.226669,GET,GET /api/v1/reservas,7.291522,200,success,
1789927203.230522,GET,GET /api/v1/reservas,5.212810,200,success,
1789927203.240450,GET,GET /api/v1/reservas,5.669493,200,success,
1789927203.256332,GET,GET /api/v1/reservas,5.612286,200,success,
1789927203.299497,GET,GET /api/v1/reservas,6.838414,200,success,
1789927203.335091,GET,GET /api/v1/reservas/{id},11.924675,200,success,
1789927203.336177,GET,GET /api/v1/reservas,13.391848,200,success,
1789927203.434245,GET,GET /api/v1/reservas,25.655195,200,success,
1789927203.446338,GET,GET /api/v1/reservas/{id},9.605109,200,success,
1789927203.446823,GET,GET /api/v1/reservas,15.534936,200,success,
1789927203.455754,GET,GET /api/v1/reservas/{id},7.757057,200,success,
1789927203.505659,GET,GET /api/v1/reservas/{id},8.626675,200,success,
1789927203.583678,GET,GET /api/v1/reservas,6.603348,200,success,
1789927203.651626,GET,GET /api/v1/reservas,5.613469,200,success,
1789927203.733126,GET,GET /api/v1/reservas,6.123452,200,success,
1789927203.761069,GET,GET /api/v1/reservas,4.659582,200,success,
1789927203.794274,GET,GET /api/v1/reservas,4.996563,200,success,
1789927203.804762,GET,GET /api/v1/reservas,5.216376,200,success,
1789927203.851993,GET,GET /api/v1/reservas,8.178696,200,success,
1789927203.854108,GET,GET /api/v1/reservas,10.905569,200,success,
1789927203.891783,GET,GET /api/v1/reservas,5.018847,200,success,
1789927203.897281,GET,GET /api/v1/reservas,4.266056,200,success,
1789927203.999885,GET,GET /api/v1/reservas/{id},6.751512,200,success,
1789927204.001548,GET,GET /api/v1/reservas/{id},4.370906,200,success,
1789927204.031807,GET,GET /api/v1/reservas/{id},5.039709,200,success,
1789927204.154055,GET,GET /api/v1/reservas/{id},6.874211,200,success,
1789927204.162805,GET,GET /api/v1/reservas/{id},6.554865,200,success,
1789927204.186774,GET,GET /api/v1/reservas/{id},5.747692,200,success,
1789927204.187641,GET,GET /api/v1/reservas,6.022008,200,success,
1789927204.206502,GET,GET /api/v1/reservas,6.543308,200,success,
1789927204.215765,GET,GET /api/v1/reservas,5.956789,200,success,
1789927204.228044,GET,GET /api/v1/reservas,8.932530,200,success,
1789927204.249203,GET,GET /api/v1/reservas,6.766986,200,success,
1789927204.306905,GET,GET /api/v1/reservas,6.333909,200,success,
1789927204.313864,GET,GET /api/v1/reservas,4.703709,200,success,
1789927204.511240,GET,GET /api/v1/reservas,6.065293,200,success,
1789927204.517446,GET,GET /api/v1/reservas,3.967263,200,success,
1789927204.542176,GET,GET /api/v1/reservas,4.498928,200,success,
1789927204.577230,GET,GET /api/v1/reservas,4.792974,200,success,
1789927204.663511,GET,GET /api/v1/reservas,6.903204,200,success,
1789927204.670666,GET,GET /api/v1/reservas,5.848485,200,success,
1789927204.686174,GET,GET /api/v1/reservas,5.222265,200,success,
1789927204.689552,GET,GET /api/v1/reservas/{id},3.287533,200,success,
1789927204.757283,GET,GET /api/v1/reservas/{id},4.499880,200,success,
1789927204.901477,GET,GET /api/v1/reservas/{id},4.871734,200,success,
1789927204.939574,GET,GET /api/v1/reservas,5.202765,200,success,
1789927205.004047,GET,GET /api/v1/reservas/{id},4.263412,200,success,
1789927205.017637,GET,GET /api/v1/reservas,4.334670,200,success,
1789927205.047653,GET,GET /api/v1/reservas/{id},3.825709,200,success,
1789927205.080316,GET,GET /api/v1/reservas,5.342247,200,success,
1789927205.082916,GET,GET /api/v1/reservas/{id},4.350834,200,success,
1789927205.110105,GET,GET /api/v1/reservas,5.868195,200,success,
1789927205.110289,GET,GET /api/v1/reservas,5.754262,200,success,
1789927205.143519,GET,GET /api/v1/reservas,4.993068,200,success,
1789927205.166210,GET,GET /api/v1/reservas,5.397560,200,success,
1789927205.168138,GET,GET /api/v1/reservas/{id},3.764305,200,success,
1789927205.170547,GET,GET /api/v1/reservas,4.138041,200,success,
1789927205.297620,GET,GET /api/v1/reservas/{id},4.863381,200,success,
1789927205.324728,GET,GET /api/v1/reservas/{id},3.923838,200,success,
1789927205.348954,GET,GET /api/v1/reservas,4.968691,200,success,
1789927205.413861,GET,GET /api/v1/reservas,5.543582,200,success,
1789927205.437042,GET,GET /api/v1/reservas,4.871783,200,success,
1789927205.534893,GET,GET /api/v1/reservas/{id},5.535610,200,success,
1789927205.653131,GET,GET /api/v1/reservas/{id},5.882596,200,success,
1789927205.764222,GET,GET /api/v1/reservas,6.666614,200,success,
1789927205.774316,GET,GET /api/v1/reservas,4.783861,200,success,
1789927205.801529,GET,GET /api/v1/reservas,4.925435,200,success,
1789927205.818650,GET,GET /api/v1/reservas/{id},3.935354,200,success,
1789927205.848671,GET,GET /api/v1/reservas/{id},3.836174,200,success,
1789927205.901278,GET,GET /api/v1/reservas/{id},4.814888,200,success,
1789927205.910157,GET,GET /api/v1/reservas,5.587929,200,success,
1789927205.936299,GET,GET /api/v1/reservas,5.125027,200,success,
1789927205.946869,GET,GET /api/v1/reservas,4.290103,200,success,
1789927205.982892,GET,GET /api/v1/reservas,4.768328,200,success,
1789927206.003788,GET,GET /api/v1/reservas/{id},3.721301,200,success,
1789927206.015279,GET,GET /api/v1/reservas/{id},3.303408,200,success,
1789927206.024911,GET,GET /api/v1/reservas,4.398856,200,success,
1789927206.031672,GET,GET /api/v1/reservas,4.497368,200,success,
1789927206.031961,GET,GET /api/v1/reservas/{id},3.335316,200,success,
1789927206.134368,GET,GET /api/v1/reservas/{id},6.291796,200,success,
1789927206.136867,GET,GET /api/v1/reservas,10.492063,200,success,
1789927206.146434,GET,GET /api/v1/reservas,5.283206,200,success,
1789927206.246660,GET,GET /api/v1/reservas,9.859975,200,success,
1789927206.350045,GET,GET /api/v1/reservas,6.834769,200,success,
1789927206.385370,GET,GET /api/v1/reservas,5.984380,200,success,
1789927206.395508,GET,GET /api/v1/reservas,4.839665,200,success,
1789927206.416798,GET,GET /api/v1/reservas,4.999688,200,success,
1789927206.488230,GET,GET /api/v1/reservas/{id},7.235808,200,success,
1789927206.489434,GET,GET /api/v1/reservas/{id},4.410024,200,success,
1789927206.523118,GET,GET /api/v1/reservas,5.441638,200,success,
1789927206.566107,GET,GET /api/v1/reservas,5.696423,200,success,
1789927206.576461,GET,GET /api/v1/reservas/{id},3.186319,200,success,
1789927206.593154,GET,GET /api/v1/reservas,4.427420,200,success,
1789927206.613147,GET,GET /api/v1/reservas,4.731461,200,success,
1789927206.688285,GET,GET /api/v1/reservas,5.837949,200,success,
1789927206.761349,GET,GET /api/v1/reservas,5.748904,200,success,
1789927206.845512,GET,GET /api/v1/reservas,5.754171,200,success,
1789927206.899347,GET,GET /api/v1/reservas,5.164127,200,success,
1789927206.972114,GET,GET /api/v1/reservas,5.841143,200,success,
1789927206.975558,GET,GET /api/v1/reservas/{id},6.730181,200,success,
1789927207.070953,GET,GET /api/v1/reservas,6.020265,200,success,
1789927207.110921,GET,GET /api/v1/reservas/{id},4.693374,200,success,
1789927207.144593,GET,GET /api/v1/reservas,5.361567,200,success,
1789927207.251075,GET,GET /api/v1/reservas,6.073055,200,success,
1789927207.353497,GET,GET /api/v1/reservas,6.046705,200,success,
1789927207.395761,GET,GET /api/v1/reservas,4.999387,200,success,
1789927207.419043,GET,GET /api/v1/reservas/{id},4.100034,200,success,
1789927207.438690,GET,GET /api/v1/reservas/{id},3.476400,200,success,
1789927207.454484,GET,GET /api/v1/reservas,4.549485,200,success,
1789927207.458285,GET,GET /api/v1/reservas,4.376825,200,success,
1789927207.493192,GET,GET /api/v1/reservas,4.622496,200,success,
1789927207.521943,GET,GET /api/v1/reservas,4.503837,200,success,
1789927207.548637,GET,GET /api/v1/reservas,4.422103,200,success,
1789927207.558815,GET,GET /api/v1/reservas,3.953633,200,success,
1789927207.604843,GET,GET /api/v1/reservas/{id},3.833981,200,success,
1789927207.610140,GET,GET /api/v1/reservas,4.062398,200,success,
1789927207.626505,GET,GET /api/v1/reservas/{id},3.196465,200,success,
1789927207.641851,GET,GET /api/v1/reservas,4.123029,200,success,
1789927207.721716,GET,GET /api/v1/reservas/{id},4.668006,200,success,
1789927207.736593,GET,GET /api/v1/reservas/{id},3.698606,200,success,
1789927207.820565,GET,GET /api/v1/reservas/{id},4.769659,200,success,
1789927207.860027,GET,GET /api/v1/reservas,5.150827,200,success,
1789927207.954135,GET,GET /api/v1/reservas/{id},4.810542,200,success,
1789927207.961762,GET,GET /api/v1/reservas,4.373540,200,success,
1789927208.048643,GET,GET /api/v1/reservas,6.553403,200,success,
1789927208.122257,GET,GET /api/v1/reservas/{id},4.205736,200,success,
1789927208.123158,GET,GET /api/v1/reservas,5.611185,200,success,
1789927208.123726,GET,GET /api/v1/reservas,6.752194,200,success,
1789927208.136241,GET,GET /api/v1/reservas,4.280408,200,success,
1789927208.298874,GET,GET /api/v1/reservas,6.226437,200,success,
1789927208.346673,GET,GET /api/v1/reservas/{id},4.584298,200,success,
1789927208.348222,GET,GET /api/v1/reservas,4.381421,200,success,
1789927208.353306,GET,GET /api/v1/reservas,3.880051,200,success,
1789927208.373721,GET,GET /api/v1/reservas,6.120677,200,success,
1789927208.517337,GET,GET /api/v1/reservas,7.247244,200,success,
1789927208.531194,GET,GET /api/v1/reservas,7.519287,200,success,
1789927208.533187,GET,GET /api/v1/reservas,6.804153,200,success,
1789927208.560258,GET,GET /api/v1/reservas/{id},5.816837,200,success,
1789927208.580706,GET,GET /api/v1/reservas,6.163281,200,success,
1789927208.625666,GET,GET /api/v1/reservas/{id},7.693110,200,success,
1789927208.713481,GET,GET /api/v1/reservas,6.433380,200,success,
1789927208.744893,GET,GET /api/v1/reservas,9.008012,200,success,
1789927208.798965,GET,GET /api/v1/reservas,8.729631,200,success,
1789927208.840056,GET,GET /api/v1/reservas,7.689044,200,success,
1789927208.956683,GET,GET /api/v1/reservas,6.493281,200,success,
1789927208.970207,GET,GET /api/v1/reservas,6.206368,200,success,
1789927208.995951,GET,GET /api/v1/reservas,6.417367,200,success,
1789927209.012384,GET,GET /api/v1/reservas,6.133516,200,success,
1789927209.017593,GET,GET /api/v1/reservas,5.962898,200,success,
1789927209.019305,GET,GET /api/v1/reservas,4.464076,200,success,
1789927209.047364,GET,GET /api/v1/reservas,4.796941,200,success,
1789927209.079547,GET,GET /api/v1/reservas/{id},3.985921,200,success,
1789927209.112827,GET,GET /api/v1/reservas,5.006318,200,success,
1789927209.131525,GET,GET /api/v1/reservas,4.407911,200,success,
1789927209.159448,GET,GET /api/v1/reservas/{id},3.747751,200,success,
1789927209.168966,GET,GET /api/v1/reservas,4.269762,200,success,
1789927209.232189,GET,GET /api/v1/reservas,5.858260,200,success,
1789927209.253512,GET,GET /api/v1/reservas,5.058608,200,success,
1789927209.257588,GET,GET /api/v1/reservas,4.685661,200,success,
1789927209.261447,GET,GET /api/v1/reservas,4.514903,200,success,
1789927209.394447,GET,GET /api/v1/reservas/{id},4.682327,200,success,
1789927209.401943,GET,GET /api/v1/reservas,4.250743,200,success,
1789927209.424625,GET,GET /api/v1/reservas,4.446630,200,success,
1789927209.506666,GET,GET /api/v1/reservas/{id},4.861007,200,success,
1789927209.596235,GET,GET /api/v1/reservas,6.164023,200,success,
1789927209.774719,GET,GET /api/v1/reservas,6.034407,200,success,
1789927209.871511,GET,GET /api/v1/reservas,6.443346,200,success,
1789927209.931928,GET,GET /api/v1/reservas/{id},4.201878,200,success,
1789927210.022464,GET,GET /api/v1/reservas,6.668578,200,success,
1789927210.022638,GET,GET /api/v1/reservas,7.424172,200,success,
1789927210.106874,GET,GET /api/v1/reservas,5.920193,200,success,
1789927210.130661,GET,GET /api/v1/reservas,4.525700,200,success,
1789927210.139281,GET,GET /api/v1/reservas,4.396563,200,success,
1789927210.150079,GET,GET /api/v1/reservas,4.536445,200,success,
1789927210.198452,GET,GET /api/v1/reservas,5.081282,200,success,
1789927210.273709,GET,GET /api/v1/reservas,5.884990,200,success,
1789927210.275592,GET,GET /api/v1/reservas,4.109559,200,success,
1789927210.317503,GET,GET /api/v1/reservas,5.619438,200,success,
1789927210.379857,GET,GET /api/v1/reservas,7.976739,200,success,
1789927210.408232,GET,GET /api/v1/reservas,6.045594,200,success,
1789927210.423398,GET,GET /api/v1/reservas,5.896848,200,success,
1789927210.444613,GET,GET /api/v1/reservas,4.906136,200,success,
1789927210.447652,GET,GET /api/v1/reservas,4.288480,200,success,
1789927210.463427,GET,GET /api/v1/reservas,4.499991,200,success,
1789927210.466560,GET,GET /api/v1/reservas,4.117721,200,success,
1789927210.529187,GET,GET /api/v1/reservas,5.407255,200,success,
1789927210.577411,GET,GET /api/v1/reservas/{id},4.007894,200,success,
1789927210.628333,GET,GET /api/v1/reservas,6.619061,200,success,
1789927210.630569,GET,GET /api/v1/reservas,5.043555,200,success,
1789927210.631397,GET,GET /api/v1/reservas/{id},5.126581,200,success,
1789927210.631727,GET,GET /api/v1/reservas/{id},5.164318,200,success,
1789927210.683944,GET,GET /api/v1/reservas,4.950242,200,success,
1789927210.715162,GET,GET /api/v1/reservas,4.896691,200,success,
1789927210.734955,GET,GET /api/v1/reservas/{id},3.608610,200,success,
1789927210.742053,GET,GET /api/v1/reservas/{id},2.925104,200,success,
1789927210.759004,GET,GET /api/v1/reservas,4.692752,200,success,
1789927210.762857,GET,GET /api/v1/reservas,4.411005,200,success,
1789927210.891119,GET,GET /api/v1/reservas,5.859811,200,success,
1789927211.028111,GET,GET /api/v1/reservas,6.004230,200,success,
1789927211.039879,GET,GET /api/v1/reservas,4.487982,200,success,
1789927211.045284,GET,GET /api/v1/reservas/{id},3.228584,200,success,
1789927211.089068,GET,GET /api/v1/reservas,5.419334,200,success,
1789927211.186139,GET,GET /api/v1/reservas,5.670054,200,success,
1789927211.273228,GET,GET /api/v1/reservas,5.719509,200,success,
1789927211.305321,GET,GET /api/v1/reservas,4.870992,200,success,
1789927211.319048,GET,GET /api/v1/reservas,4.466200,200,success,
1789927211.365220,GET,GET /api/v1/reservas,5.869866,200,success,
1789927211.376782,GET,GET /api/v1/reservas,4.286667,200,success,
1789927211.416234,GET,GET /api/v1/reservas,5.146611,200,success,
1789927211.441724,GET,GET /api/v1/reservas/{id},4.307568,200,success,
1789927211.447106,GET,GET /api/v1/reservas,4.101276,200,success,
1789927211.524333,GET,GET /api/v1/reservas,6.866508,200,success,
1789927211.541681,GET,GET /api/v1/reservas,5.082614,200,success,
1789927211.651277,GET,GET /api/v1/reservas,6.187909,200,success,
1789927211.653183,GET,GET /api/v1/reservas,5.362859,200,success,
1789927211.742397,GET,GET /api/v1/reservas,7.942829,200,success,
1789927211.787057,GET,GET /api/v1/reservas,7.294507,200,success,
1789927211.787455,GET,GET /api/v1/reservas,5.795904,200,success,
1789927211.834698,GET,GET /api/v1/reservas,4.991335,200,success,
1789927211.845726,GET,GET /api/v1/reservas,7.768254,200,success,
1789927211.861321,GET,GET /api/v1/reservas,4.368011,200,success,
1789927211.886756,GET,GET /api/v1/reservas,4.531528,200,success,
1789927211.909631,GET,GET /api/v1/reservas,4.623297,200,success,
1789927211.938213,GET,GET /api/v1/reservas,4.681985,200,success,
1789927211.966149,GET,GET /api/v1/reservas,4.671300,200,success,
1789927211.995196,GET,GET /api/v1/reservas,4.734717,200,success,
1789927212.011854,GET,GET /api/v1/reservas,4.422893,200,success,
1789927212.047391,GET,GET /api/v1/reservas/{id},4.294879,200,success,
1789927212.090870,GET,GET /api/v1/reservas,6.103049,200,success,
1789927212.091436,GET,GET /api/v1/reservas,4.930223,200,success,
1789927212.155500,GET,GET /api/v1/reservas,6.764122,200,success,
1789927212.172415,GET,GET /api/v1/reservas/{id},3.727750,200,success,
1789927212.185094,GET,GET /api/v1/reservas,4.405778,200,success,
1789927212.192506,GET,GET /api/v1/reservas,4.195981,200,success,
1789927212.212083,GET,GET /api/v1/reservas,4.303593,200,success,
1789927212.280766,GET,GET /api/v1/reservas,5.389779,200,success,
1789927212.287123,GET,GET /api/v1/reservas/{id},3.178478,200,success,
1789927212.289846,GET,GET /api/v1/reservas/{id},3.348205,200,success,
1789927212.348502,GET,GET /api/v1/reservas/{id},4.452448,200,success,
1789927212.354164,GET,GET /api/v1/reservas,4.411226,200,success,
1789927212.377185,GET,GET /api/v1/reservas,4.740134,200,success,
1789927212.409164,GET,GET /api/v1/reservas,5.645167,200,success,
1789927212.412145,GET,GET /api/v1/reservas/{id},3.831768,200,success,
1789927212.421567,GET,GET /api/v1/reservas,4.186635,200,success,
1789927212.477414,GET,GET /api/v1/reservas,5.534709,200,success,
1789927212.483085,GET,GET /api/v1/reservas,4.432399,200,success,
1789927212.652459,GET,GET /api/v1/reservas/{id},5.018697,200,success,
1789927212.699446,GET,GET /api/v1/reservas/{id},3.771035,200,success,
1789927212.753706,GET,GET /api/v1/reservas/{id},4.058050,200,success,
1789927212.765973,GET,GET /api/v1/reservas/{id},3.122492,200,success,
1789927212.855314,GET,GET /api/v1/reservas,5.959572,200,success,
1789927212.906253,GET,GET /api/v1/reservas,5.612607,200,success,
1789927212.910467,GET,GET /api/v1/reservas,4.997895,200,success,
1789927212.964530,GET,GET /api/v1/reservas,5.188453,200,success,
1789927212.989966,GET,GET /api/v1/reservas,5.153011,200,success,
1789927212.998170,GET,GET /api/v1/reservas,3.968294,200,success,
1789927213.014618,GET,GET /api/v1/reservas,4.247778,200,success,
1789927213.151911,GET,GET /api/v1/reservas,5.857869,200,success,
1789927213.159208,GET,GET /api/v1/reservas,4.045251,200,success,
1789927213.317516,GET,GET /api/v1/reservas,5.857477,200,success,
1789927213.339579,GET,GET /api/v1/reservas/{id},3.868923,200,success,
1789927213.351376,GET,GET /api/v1/reservas,4.548794,200,success,
1789927213.431531,GET,GET /api/v1/reservas,16.331264,200,success,
1789927213.450598,GET,GET /api/v1/reservas/{id},4.832815,200,success,
1789927213.457760,GET,GET /api/v1/reservas,4.889080,200,success,
1789927213.486088,GET,GET /api/v1/reservas,5.014330,200,success,
1789927213.528100,GET,GET /api/v1/reservas,10.654919,200,success,
1789927213.570734,GET,GET /api/v1/reservas,5.317870,200,success,
1789927213.611246,GET,GET /api/v1/reservas/{id},6.249752,200,success,
1789927213.628645,GET,GET /api/v1/reservas,6.094076,200,success,
1789927213.639859,GET,GET /api/v1/reservas,5.905420,200,success,
1789927213.659831,GET,GET /api/v1/reservas,5.636492,200,success,
1789927213.686953,GET,GET /api/v1/reservas,5.812739,200,success,
1789927213.732214,GET,GET /api/v1/reservas,9.924312,200,success,
1789927213.752719,GET,GET /api/v1/reservas/{id},6.237154,200,success,
1789927213.850622,GET,GET /api/v1/reservas,24.084384,200,success,
1789927213.864978,GET,GET /api/v1/reservas,7.003395,200,success,
1789927213.939916,GET,GET /api/v1/reservas/{id},5.637135,200,success,
1789927213.950243,GET,GET /api/v1/reservas,6.006073,200,success,
1789927213.971198,GET,GET /api/v1/reservas,6.612263,200,success,
1789927213.983588,GET,GET /api/v1/reservas,5.072909,200,success,
1789927213.991414,GET,GET /api/v1/reservas/{id},3.628010,200,success,
1789927214.045669,GET,GET /api/v1/reservas,4.978166,200,success,
1789927214.077938,GET,GET /api/v1/reservas,5.005847,200,success,
1789927214.095712,GET,GET /api/v1/reservas,4.494943,200,success,
1789927214.158757,GET,GET /api/v1/reservas,5.738258,200,success,
1789927214.161618,GET,GET /api/v1/reservas,4.928420,200,success,
1789927214.224437,GET,GET /api/v1/reservas,5.503131,200,success,
1789927214.236331,GET,GET /api/v1/reservas/{id},3.710213,200,success,
1789927214.253640,GET,GET /api/v1/reservas/{id},4.106043,200,success,
1789927214.282032,GET,GET /api/v1/reservas,5.058638,200,success,
1789927214.357555,GET,GET /api/v1/reservas/{id},6.259396,200,success,
1789927214.369121,GET,GET /api/v1/reservas,8.168601,200,success,
1789927214.409194,GET,GET /api/v1/reservas,9.691659,200,success,
1789927214.423052,GET,GET /api/v1/reservas,6.545231,200,success,
1789927214.446948,GET,GET /api/v1/reservas,5.576522,200,success,
1789927214.523376,GET,GET /api/v1/reservas,7.020461,200,success,
1789927214.542663,GET,GET /api/v1/reservas/{id},5.051786,200,success,
1789927214.565747,GET,GET /api/v1/reservas,9.458537,200,success,
1789927214.759209,GET,GET /api/v1/reservas,6.094197,200,success,
1789927214.810709,GET,GET /api/v1/reservas,5.212008,200,success,
1789927214.819690,GET,GET /api/v1/reservas,4.706233,200,success,
1789927214.821154,GET,GET /api/v1/reservas,4.653353,200,success,
1789927214.907109,GET,GET /api/v1/reservas,5.607969,200,success,
1789927214.941713,GET,GET /api/v1/reservas/{id},3.798496,200,success,
1789927214.969338,GET,GET /api/v1/reservas/{id},3.464341,200,success,
1789927214.980587,GET,GET /api/v1/reservas/{id},3.093539,200,success,
1789927215.007569,GET,GET /api/v1/reservas,4.735278,200,success,
1789927215.089670,GET,GET /api/v1/reservas,5.729964,200,success,
1789927215.146094,GET,GET /api/v1/reservas,5.115023,200,success,
1789927215.278219,GET,GET /api/v1/reservas/{id},4.812734,200,success,
1789927215.376434,GET,GET /api/v1/reservas/{id},4.900126,200,success,
1789927215.397203,GET,GET /api/v1/reservas,5.467457,200,success,
1789927215.453959,GET,GET /api/v1/reservas,5.452985,200,success,
1789927215.460617,GET,GET /api/v1/reservas,4.404406,200,success,
1789927215.497969,GET,GET /api/v1/reservas,5.065658,200,success,
1789927215.531974,GET,GET /api/v1/reservas/{id},3.799499,200,success,
1789927215.545625,GET,GET /api/v1/reservas,4.394540,200,success,
1789927215.570903,GET,GET /api/v1/reservas,5.025346,200,success,
1789927215.597952,GET,GET /api/v1/reservas,4.805453,200,success,
1789927215.611635,GET,GET /api/v1/reservas,4.406148,200,success,
1789927215.641396,GET,GET /api/v1/reservas,4.520701,200,success,
1789927215.665261,GET,GET /api/v1/reservas,4.593663,200,success,
1789927215.739871,GET,GET /api/v1/reservas,6.244986,200,success,
1789927215.757516,GET,GET /api/v1/reservas,8.251176,200,success,
1789927215.772468,GET,GET /api/v1/reservas/{id},6.876923,200,success,
1789927215.772993,GET,GET /api/v1/reservas,10.028380,200,success,
1789927215.773301,GET,GET /api/v1/reservas/{id},10.081440,200,success,
1789927215.777964,GET,GET /api/v1/reservas,7.640069,200,success,
1789927215.798375,GET,GET /api/v1/reservas,7.097708,200,success,
1789927215.881299,GET,GET /api/v1/reservas,7.504755,200,success,
1789927215.909357,GET,GET /api/v1/reservas,8.248111,200,success,
1789927215.919276,GET,GET /api/v1/reservas,6.494994,200,success,
1789927215.943277,GET,GET /api/v1/reservas,7.972783,200,success,
1789927216.078326,GET,GET /api/v1/reservas,6.590850,200,success,
1789927216.121706,GET,GET /api/v1/reservas,6.018282,200,success,
1789927216.124723,GET,GET /api/v1/reservas/{id},3.958730,200,success,
1789927216.140028,GET,GET /api/v1/reservas/{id},3.145638,200,success,
1789927216.177837,GET,GET /api/v1/reservas/{id},3.634078,200,success,
1789927216.235483,GET,GET /api/v1/reservas,5.350109,200,success,
1789927216.340977,GET,GET /api/v1/reservas,6.095098,200,success,
1789927216.351529,GET,GET /api/v1/reservas,4.295761,200,success,
1789927216.446544,GET,GET /api/v1/reservas,7.626439,200,success,
1789927216.530099,GET,GET /api/v1/reservas/{id},8.096712,200,success,
1789927216.593158,GET,GET /api/v1/reservas,5.705979,200,success,
1789927216.593622,GET,GET /api/v1/reservas,8.161752,200,success,
1789927216.605558,GET,GET /api/v1/reservas,9.449482,200,success,
1789927216.635525,GET,GET /api/v1/reservas/{id},7.086881,200,success,
1789927216.635944,GET,GET /api/v1/reservas,8.052175,200,success,
1789927216.703549,GET,GET /api/v1/reservas,11.274629,200,success,
1789927216.704082,GET,GET /api/v1/reservas/{id},6.592673,200,success,
1789927216.753284,GET,GET /api/v1/reservas,5.858210,200,success,
1789927216.827842,GET,GET /api/v1/reservas,6.210454,200,success,
1789927216.857713,GET,GET /api/v1/reservas,4.586982,200,success,
1789927216.885876,GET,GET /api/v1/reservas,4.601895,200,success,
1789927216.938848,GET,GET /api/v1/reservas/{id},4.164040,200,success,
1789927216.964858,GET,GET /api/v1/reservas,4.732543,200,success,
1789927216.987132,GET,GET /api/v1/reservas,5.004125,200,success,
1789927216.999806,GET,GET /api/v1/reservas,4.466138,200,success,
1789927217.086335,GET,GET /api/v1/reservas,7.139691,200,success,
1789927217.101339,GET,GET /api/v1/reservas,5.607138,200,success,
1789927217.140719,GET,GET /api/v1/reservas,5.047490,200,success,
1789927217.206976,GET,GET /api/v1/reservas/{id},7.996910,200,success,
1789927217.208105,GET,GET /api/v1/reservas,8.474465,200,success,
1789927217.268418,GET,GET /api/v1/reservas,5.987555,200,success,
1789927217.299524,GET,GET /api/v1/reservas,4.786826,200,success,
1789927217.328438,GET,GET /api/v1/reservas,4.658612,200,success,
1789927217.386590,GET,GET /api/v1/reservas,5.853763,200,success,
1789927217.456963,GET,GET /api/v1/reservas,6.058083,200,success,
1789927217.487237,GET,GET /api/v1/reservas,4.970694,200,success,
1789927217.499627,GET,GET /api/v1/reservas,4.154727,200,success,
1789927217.521384,GET,GET /api/v1/reservas,4.516967,200,success,
1789927217.594203,GET,GET /api/v1/reservas,5.506406,200,success,
1789927217.676230,GET,GET /api/v1/reservas,5.676674,200,success,
1789927217.692620,GET,GET /api/v1/reservas,4.150301,200,success,
1789927217.704041,GET,GET /api/v1/reservas/{id},3.266481,200,success,
1789927217.756734,GET,GET /api/v1/reservas,5.378371,200,success,
1789927217.803426,GET,GET /api/v1/reservas,10.345841,200,success,
1789927217.837396,GET,GET /api/v1/reservas,5.653669,200,success,
1789927217.843755,GET,GET /api/v1/reservas/{id},3.190004,200,success,
1789927217.981928,GET,GET /api/v1/reservas,5.858038,200,success,
1789927218.053166,GET,GET /api/v1/reservas,7.431353,200,success,
1789927218.053354,GET,GET /api/v1/reservas,8.134890,200,success,
1789927218.053520,GET,GET /api/v1/reservas,6.129591,200,success,
1789927218.054976,GET,GET /api/v1/reservas/{id},4.919346,200,success,
1789927218.105088,GET,GET /api/v1/reservas,5.736073,200,success,
1789927218.142492,GET,GET /api/v1/reservas,5.099029,200,success,
1789927218.145252,GET,GET /api/v1/reservas,4.177882,200,success,
1789927218.146730,GET,GET /api/v1/reservas/{id},3.067579,200,success,
1789927218.163297,GET,GET /api/v1/reservas,4.347299,200,success,
1789927218.251670,GET,GET /api/v1/reservas/{id},5.104608,200,success,
1789927218.295651,GET,GET /api/v1/reservas,5.668181,200,success,
1789927218.328797,GET,GET /api/v1/reservas,4.864883,200,success,
1789927218.416121,GET,GET /api/v1/reservas,5.904209,200,success,
1789927218.469791,GET,GET /api/v1/reservas,5.313784,200,success,
1789927218.490508,GET,GET /api/v1/reservas,4.466990,200,success,
1789927218.560538,GET,GET /api/v1/reservas,5.701022,200,success,
1789927218.581180,GET,GET /api/v1/reservas,4.395641,200,success,
1789927218.595791,GET,GET /api/v1/reservas,5.392543,200,success,
1789927218.596127,GET,GET /api/v1/reservas,5.452024,200,success,
1789927218.631136,GET,GET /api/v1/reservas,4.760726,200,success,
1789927218.687025,GET,GET /api/v1/reservas,6.569226,200,success,
1789927218.705146,GET,GET /api/v1/reservas/{id},4.926838,200,success,
1789927218.732170,GET,GET /api/v1/reservas,5.701111,200,success,
1789927218.766323,GET,GET /api/v1/reservas,5.800432,200,success,
1789927218.844751,GET,GET /api/v1/reservas,10.964467,200,success,
1789927218.904259,GET,GET /api/v1/reservas,8.079266,200,success,
1789927218.937300,GET,GET /api/v1/reservas/{id},6.200458,200,success,
1789927218.995305,GET,GET /api/v1/reservas,8.677382,200,success,
1789927219.102009,GET,GET /api/v1/reservas,8.196624,200,success,
1789927219.180021,GET,GET /api/v1/reservas/{id},5.544904,200,success,
1789927219.240039,GET,GET /api/v1/reservas,6.625693,200,success,
1789927219.352157,GET,GET /api/v1/reservas/{id},4.803881,200,success,
1789927219.356824,GET,GET /api/v1/reservas,4.441212,200,success,
1789927219.359892,GET,GET /api/v1/reservas,4.005832,200,success,
1789927219.365446,GET,GET /api/v1/reservas,4.305817,200,success,
1789927219.390189,GET,GET /api/v1/reservas,4.507011,200,success,
1789927219.416880,GET,GET /api/v1/reservas,4.486751,200,success,
1789927219.435390,GET,GET /api/v1/reservas/{id},3.321585,200,success,
1789927219.486015,GET,GET /api/v1/reservas,5.307695,200,success,
1789927219.530518,GET,GET /api/v1/reservas,5.181713,200,success,
1789927219.614400,GET,GET /api/v1/reservas,6.492820,200,success,
1789927219.622025,GET,GET /api/v1/reservas,4.391487,200,success,
1789927219.664659,GET,GET /api/v1/reservas/{id},4.429745,200,success,
1789927219.697537,GET,GET /api/v1/reservas,6.541675,200,success,
1789927219.727274,GET,GET /api/v1/reservas,6.376985,200,success,
1789927219.921783,GET,GET /api/v1/reservas/{id},4.687624,200,success,
1789927219.967661,GET,GET /api/v1/reservas/{id},4.077419,200,success,
1789927220.003258,GET,GET /api/v1/reservas,5.279873,200,success,
1789927220.115552,GET,GET /api/v1/reservas/{id},5.070666,200,success,
1789927220.116952,GET,GET /api/v1/reservas,4.570016,200,success,
1789927220.192858,GET,GET /api/v1/reservas,6.539723,200,success,
1789927220.193460,GET,GET /api/v1/reservas,5.450060,200,success,
1789927220.194719,GET,GET /api/v1/reservas,5.958260,200,success,
1789927220.208436,GET,GET /api/v1/reservas,4.483316,200,success,
1789927220.223183,GET,GET /api/v1/reservas/{id},6.586282,200,success,
1789927220.315503,GET,GET /api/v1/reservas,8.965228,200,success,
1789927220.317894,GET,GET /api/v1/reservas,5.516671,200,success,
1789927220.398119,GET,GET /api/v1/reservas,6.837953,200,success,
1789927220.425297,GET,GET /api/v1/reservas/{id},5.921966,200,success,
1789927220.425643,GET,GET /api/v1/reservas/{id},4.386518,200,success,
1789927220.431670,GET,GET /api/v1/reservas,4.757270,200,success,
1789927220.497751,GET,GET /api/v1/reservas,5.751598,200,success,
1789927220.512600,GET,GET /api/v1/reservas,4.574012,200,success,
1789927220.517948,GET,GET /api/v1/reservas,4.109859,200,success,
1789927220.539583,GET,GET /api/v1/reservas/{id},3.448176,200,success,
1789927220.546714,GET,GET /api/v1/reservas,3.908693,200,success,
1789927220.558581,GET,GET /api/v1/reservas,4.610348,200,success,
1789927220.565030,GET,GET /api/v1/reservas,4.191433,200,success,
1789927220.570700,GET,GET /api/v1/reservas/{id},3.510240,200,success,
1789927220.589381,GET,GET /api/v1/reservas,4.449164,200,success,
1789927220.637638,GET,GET /api/v1/reservas,4.993478,200,success,
1789927220.643885,GET,GET /api/v1/reservas,3.986202,200,success,
1789927220.648072,GET,GET /api/v1/reservas/{id},3.023862,200,success,
1789927220.664182,GET,GET /api/v1/reservas,4.823772,200,success,
1789927220.702771,GET,GET /api/v1/reservas,5.306423,200,success,
1789927220.778245,GET,GET /api/v1/reservas,7.141875,200,success,
1789927220.782127,GET,GET /api/v1/reservas/{id},4.854048,200,success,
1789927220.793483,GET,GET /api/v1/reservas,5.032698,200,success,
1789927220.804202,GET,GET /api/v1/reservas,4.448273,200,success,
1789927220.880301,GET,GET /api/v1/reservas,5.752699,200,success,
1789927220.922592,GET,GET /api/v1/reservas/{id},5.078777,200,success,
1789927220.923070,GET,GET /api/v1/reservas,5.061501,200,success,
1789927220.929696,GET,GET /api/v1/reservas,4.411025,200,success,
1789927221.102468,GET,GET /api/v1/reservas,6.192866,200,success,
1789927221.169459,GET,GET /api/v1/reservas,5.606798,200,success,
1789927221.292297,GET,GET /api/v1/reservas,6.495776,200,success,
1789927221.348172,GET,GET /api/v1/reservas,5.536782,200,success,
1789927221.461310,GET,GET /api/v1/reservas,5.766751,200,success,
1789927221.479110,GET,GET /api/v1/reservas,4.548864,200,success,
1789927221.494569,GET,GET /api/v1/reservas,4.231414,200,success,
1789927221.532598,GET,GET /api/v1/reservas/{id},3.851778,200,success,
1789927221.575930,GET,GET /api/v1/reservas,5.029734,200,success,
1789927221.631222,GET,GET /api/v1/reservas/{id},4.105722,200,success,
1789927221.680395,GET,GET /api/v1/reservas/{id},3.969226,200,success,
1789927221.694155,GET,GET /api/v1/reservas,4.497857,200,success,
1789927221.729144,GET,GET /api/v1/reservas/{id},3.810575,200,success,
1789927221.796938,GET,GET /api/v1/reservas,5.506236,200,success,
1789927221.864822,GET,GET /api/v1/reservas,10.493876,200,success,
1789927221.891638,GET,GET /api/v1/reservas,6.134418,200,success,
1789927221.892383,GET,GET /api/v1/reservas,5.109674,200,success,
1789927221.939261,GET,GET /api/v1/reservas,5.045948,200,success,
1789927221.985262,GET,GET /api/v1/reservas,5.740061,200,success,
1789927221.987712,GET,GET /api/v1/reservas,4.946678,200,success,
1789927222.025610,GET,GET /api/v1/reservas,7.525836,200,success,
1789927222.055568,GET,GET /api/v1/reservas,5.641160,200,success,
1789927222.248909,GET,GET /api/v1/reservas,6.905596,200,success,
1789927222.273487,GET,GET /api/v1/reservas,6.229152,200,success,
1789927222.274172,GET,GET /api/v1/reservas,5.149805,200,success,
1789927222.314851,GET,GET /api/v1/reservas,5.460947,200,success,
1789927222.325948,GET,GET /api/v1/reservas/{id},3.876205,200,success,
1789927222.326965,GET,GET /api/v1/reservas/{id},3.224527,200,success,
1789927222.410555,GET,GET /api/v1/reservas,6.204665,200,success,
1789927222.435546,GET,GET /api/v1/reservas,4.690710,200,success,
1789927222.499701,GET,GET /api/v1/reservas,5.809756,200,success,
1789927222.500161,GET,GET /api/v1/reservas,4.583456,200,success,
1789927222.533139,GET,GET /api/v1/reservas/{id},3.812408,200,success,
1789927222.603570,GET,GET /api/v1/reservas/{id},4.212054,200,success,
1789927222.679769,GET,GET /api/v1/reservas,6.843752,200,success,
1789927222.700204,GET,GET /api/v1/reservas,5.158829,200,success,
1789927222.738435,GET,GET /api/v1/reservas,4.961670,200,success,
1789927222.772415,GET,GET /api/v1/reservas,4.689658,200,success,
1789927222.785108,GET,GET /api/v1/reservas/{id},3.512003,200,success,
1789927222.837573,GET,GET /api/v1/reservas/{id},4.262760,200,success,
1789927222.911649,GET,GET /api/v1/reservas,5.714210,200,success,
1789927222.987147,GET,GET /api/v1/reservas,5.559567,200,success,
1789927223.022636,GET,GET /api/v1/reservas,5.195345,200,success,
1789927223.069048,GET,GET /api/v1/reservas/{id},4.141908,200,success,
1789927223.110459,GET,GET /api/v1/reservas,5.106880,200,success,
1789927223.180276,GET,GET /api/v1/reservas,5.495048,200,success,
1789927223.200832,GET,GET /api/v1/reservas/{id},3.382628,200,success,
1789927223.254813,GET,GET /api/v1/reservas/{id},4.716951,200,success,
1789927223.277477,GET,GET /api/v1/reservas,5.332242,200,success,
1789927223.390535,GET,GET /api/v1/reservas,5.694180,200,success,
1789927223.427666,GET,GET /api/v1/reservas/{id},10.901843,200,success,
1789927223.580735,GET,GET /api/v1/reservas/{id},4.695377,200,success,
1789927223.627066,GET,GET /api/v1/reservas,7.002394,200,success,
1789927223.627923,GET,GET /api/v1/reservas,7.392644,200,success,
1789927223.650861,GET,GET /api/v1/reservas,5.663484,200,success,
1789927223.694422,GET,GET /api/v1/reservas/{id},4.315351,200,success,
1789927223.696240,GET,GET /api/v1/reservas/{id},3.472073,200,success,
1789927223.700323,GET,GET /api/v1/reservas,4.642876,200,success,
1789927223.745712,GET,GET /api/v1/reservas,5.129705,200,success,
1789927223.748598,GET,GET /api/v1/reservas/{id},3.556200,200,success,
1789927223.772276,GET,GET /api/v1/reservas/{id},3.506725,200,success,
1789927223.789835,GET,GET /api/v1/reservas,4.248800,200,success,
1789927223.801304,GET,GET /api/v1/reservas,4.249762,200,success,
1789927223.807666,GET,GET /api/v1/reservas,4.112504,200,success,
1789927223.838203,GET,GET /api/v1/reservas/{id},5.291059,200,success,
1789927223.845372,GET,GET /api/v1/reservas,4.884394,200,success,
1789927223.905458,GET,GET /api/v1/reservas,5.355107,200,success,
1789927223.926570,GET,GET /api/v1/reservas/{id},4.891964,200,success,
1789927223.958586,GET,GET /api/v1/reservas,5.998261,200,success,
1789927224.023655,GET,GET /api/v1/reservas/{id},4.843071,200,success,
1789927224.025297,GET,GET /api/v1/reservas,8.344547,200,success,
1789927224.052825,GET,GET /api/v1/reservas,6.259237,200,success,
1789927224.053253,GET,GET /api/v1/reservas,4.921039,200,success,
1789927224.068577,GET,GET /api/v1/reservas/{id},5.130747,200,success,
1789927224.083859,GET,GET /api/v1/reservas,5.993905,200,success,
1789927224.293850,GET,GET /api/v1/reservas,6.519881,200,success,
1789927224.406719,GET,GET /api/v1/reservas,6.467753,200,success,
1789927224.423320,GET,GET /api/v1/reservas,4.348261,200,success,
1789927224.524099,GET,GET /api/v1/reservas,6.384958,200,success,
1789927224.526679,GET,GET /api/v1/reservas,4.243201,200,success,
1789927224.642277,GET,GET /api/v1/reservas,8.282523,200,success,
1789927224.658830,GET,GET /api/v1/reservas/{id},4.308410,200,success,
1789927224.678297,GET,GET /api/v1/reservas,6.144002,200,success,
1789927224.727165,GET,GET /api/v1/reservas/{id},8.615800,200,success,
1789927224.782367,GET,GET /api/v1/reservas,11.810702,200,success,
1789927224.782894,GET,GET /api/v1/reservas,9.518437,200,success,
1789927224.800342,GET,GET /api/v1/reservas/{id},5.253382,200,success,
1789927224.836270,GET,GET /api/v1/reservas/{id},10.667148,200,success,
1789927224.885595,GET,GET /api/v1/reservas,9.883610,200,success,
1789927224.905603,GET,GET /api/v1/reservas,6.651631,200,success,
1789927224.962484,GET,GET /api/v1/reservas/{id},4.982713,200,success,
1789927225.013477,GET,GET /api/v1/reservas,5.641720,200,success,
1789927225.037586,GET,GET /api/v1/reservas,4.863391,200,success,
1789927225.047302,GET,GET /api/v1/reservas/{id},3.564873,200,success,
1789927225.056606,GET,GET /api/v1/reservas,4.021436,200,success,
1789927225.072248,GET,GET /api/v1/reservas,4.402513,200,success,
1789927225.105733,GET,GET /api/v1/reservas,5.183386,200,success,
1789927225.107001,GET,GET /api/v1/reservas,4.874849,200,success,
1789927225.188778,GET,GET /api/v1/reservas,5.480017,200,success,
1789927225.293819,GET,GET /api/v1/reservas/{id},4.744871,200,success,
1789927225.321112,GET,GET /api/v1/reservas,4.965637,200,success,
1789927225.382679,GET,GET /api/v1/reservas,5.275275,200,success,
1789927225.517063,GET,GET /api/v1/reservas,5.942197,200,success,
1789927225.537879,GET,GET /api/v1/reservas,4.562365,200,success,
1789927225.567965,GET,GET /api/v1/reservas,4.816840,200,success,
1789927225.673051,GET,GET /api/v1/reservas,5.679989,200,success,
1789927225.682453,GET,GET /api/v1/reservas,4.158322,200,success,
1789927225.745848,GET,GET /api/v1/reservas/{id},4.177222,200,success,
1789927225.758643,GET,GET /api/v1/reservas/{id},3.586396,200,success,
1789927225.802968,GET,GET /api/v1/reservas/{id},3.395536,200,success,
1789927225.803492,GET,GET /api/v1/reservas,5.541389,200,success,
1789927225.843549,GET,GET /api/v1/reservas,4.796630,200,success,
1789927225.898075,GET,GET /api/v1/reservas,4.796379,200,success,
1789927225.982312,GET,GET /api/v1/reservas,5.335918,200,success,
1789927226.083728,GET,GET /api/v1/reservas,6.032562,200,success,
1789927226.094459,GET,GET /api/v1/reservas/{id},9.488792,200,success,
1789927226.137803,GET,GET /api/v1/reservas/{id},6.301851,200,success,
1789927226.139387,GET,GET /api/v1/reservas,7.241987,200,success,
1789927226.150555,GET,GET /api/v1/reservas/{id},3.980963,200,success,
1789927226.160569,GET,GET /api/v1/reservas,5.742484,200,success,
1789927226.163496,GET,GET /api/v1/reservas,4.988291,200,success,
1789927226.227822,GET,GET /api/v1/reservas/{id},5.076835,200,success,
1789927226.248950,GET,GET /api/v1/reservas/{id},8.703682,200,success,
1789927226.282200,GET,GET /api/v1/reservas,11.846806,200,success,
1789927226.287076,GET,GET /api/v1/reservas,10.623241,200,success,
1789927226.328497,GET,GET /api/v1/reservas,28.081353,200,success,
1789927226.354805,GET,GET /api/v1/reservas,10.933152,200,success,
1789927226.355141,GET,GET /api/v1/reservas/{id},6.229552,200,success,
1789927226.459128,GET,GET /api/v1/reservas,6.591089,200,success,
1789927226.500427,GET,GET /api/v1/reservas/{id},4.079554,200,success,
1789927226.525275,GET,GET /api/v1/reservas/{id},3.661961,200,success,
1789927226.571508,GET,GET /api/v1/reservas/{id},5.034670,200,success,
1789927226.573926,GET,GET /api/v1/reservas,6.202580,200,success,
1789927226.667638,GET,GET /api/v1/reservas,6.302664,200,success,
1789927226.698801,GET,GET /api/v1/reservas,5.838279,200,success,
1789927226.825826,GET,GET /api/v1/reservas/{id},5.681672,200,success,
1789927226.845481,GET,GET /api/v1/reservas/{id},5.429269,200,success,
1789927226.850909,GET,GET /api/v1/reservas,9.085540,200,success,
1789927226.882565,GET,GET /api/v1/reservas,5.987405,200,success,
1789927227.005478,GET,GET /api/v1/reservas,17.231438,200,success,
1789927227.112014,GET,GET /api/v1/reservas,6.656990,200,success,
1789927227.184888,GET,GET /api/v1/reservas/{id},4.631780,200,success,
1789927227.269179,GET,GET /api/v1/reservas,5.892231,200,success,
1789927227.325136,GET,GET /api/v1/reservas,5.595901,200,success,
1789927227.349401,GET,GET /api/v1/reservas/{id},5.053029,200,success,
1789927227.351463,GET,GET /api/v1/reservas,5.251369,200,success,
1789927227.353791,GET,GET /api/v1/reservas,5.058006,200,success,
1789927227.403003,GET,GET /api/v1/reservas/{id},4.985828,200,success,
1789927227.423850,GET,GET /api/v1/reservas,5.569491,200,success,
1789927227.425747,GET,GET /api/v1/reservas/{id},3.450650,200,success,
1789927227.537796,GET,GET /api/v1/reservas/{id},4.789740,200,success,
1789927227.542163,GET,GET /api/v1/reservas,4.192995,200,success,
1789927227.567063,GET,GET /api/v1/reservas,4.642386,200,success,
1789927227.573220,GET,GET /api/v1/reservas,3.926442,200,success,
1789927227.585558,GET,GET /api/v1/reservas,4.087325,200,success,
1789927227.600964,GET,GET /api/v1/reservas,4.121787,200,success,
1789927227.607087,GET,GET /api/v1/reservas,3.877176,200,success,
1789927227.661336,GET,GET /api/v1/reservas,4.954238,200,success,
1789927227.668724,GET,GET /api/v1/reservas,4.156190,200,success,
1789927227.704911,GET,GET /api/v1/reservas/{id},3.999362,200,success,
1789927227.707818,GET,GET /api/v1/reservas,4.180657,200,success,
1789927227.775591,GET,GET /api/v1/reservas,5.428929,200,success,
1789927227.838522,GET,GET /api/v1/reservas,5.605186,200,success,
1789927227.943750,GET,GET /api/v1/reservas,5.924278,200,success,
1789927227.955530,GET,GET /api/v1/reservas,5.171167,200,success,
1789927227.955918,GET,GET /api/v1/reservas,5.967425,200,success,
1789927228.117999,GET,GET /api/v1/reservas/{id},4.852776,200,success,
1789927228.142148,GET,GET /api/v1/reservas,4.857913,200,success,
1789927228.257536,GET,GET /api/v1/reservas,5.997440,200,success,
1789927228.315029,GET,GET /api/v1/reservas/{id},4.252426,200,success,
1789927228.341103,GET,GET /api/v1/reservas,4.793966,200,success,
1789927228.347795,GET,GET /api/v1/reservas,4.459059,200,success,
1789927228.348980,GET,GET /api/v1/reservas,4.092773,200,success,
1789927228.374593,GET,GET /api/v1/reservas/{id},3.420886,200,success,
1789927228.488929,GET,GET /api/v1/reservas,6.919809,200,success,
1789927228.573862,GET,GET /api/v1/reservas,6.501013,200,success,
1789927228.581705,GET,GET /api/v1/reservas,4.576245,200,success,
1789927228.639204,GET,GET /api/v1/reservas/{id},4.282351,200,success,
1789927228.662198,GET,GET /api/v1/reservas,4.712553,200,success,
1789927228.667429,GET,GET /api/v1/reservas,4.002707,200,success,
1789927228.721768,GET,GET /api/v1/reservas,5.065398,200,success,
1789927228.751180,GET,GET /api/v1/reservas,5.168914,200,success,
1789927228.808429,GET,GET /api/v1/reservas,5.904369,200,success,
1789927228.809636,GET,GET /api/v1/reservas,4.493560,200,success,
1789927228.838800,GET,GET /api/v1/reservas,4.890683,200,success,
1789927228.870836,GET,GET /api/v1/reservas/{id},6.823583,200,success,
1789927228.905342,GET,GET /api/v1/reservas/{id},4.281180,200,success,
1789927228.921241,GET,GET /api/v1/reservas/{id},3.709191,200,success,
1789927228.973377,GET,GET /api/v1/reservas/{id},4.282380,200,success,
1789927229.013922,GET,GET /api/v1/reservas,5.259181,200,success,
1789927229.137565,GET,GET /api/v1/reservas,9.293246,200,success,
1789927229.156348,GET,GET /api/v1/reservas,5.478905,200,success,
1789927229.207584,GET,GET /api/v1/reservas/{id},4.978605,200,success,
1789927229.208370,GET,GET /api/v1/reservas,7.689225,200,success,
1789927229.302225,GET,GET /api/v1/reservas,14.402730,200,success,
1789927229.333342,GET,GET /api/v1/reservas,7.719450,200,success,
1789927229.376487,GET,GET /api/v1/reservas,8.785816,200,success,
1789927229.381599,GET,GET /api/v1/reservas,6.413901,200,success,
1789927229.433240,GET,GET /api/v1/reservas,10.282064,200,success,
1789927229.452476,GET,GET /api/v1/reservas,10.847662,200,success,
1789927229.475331,GET,GET /api/v1/reservas,6.454694,200,success,
1789927229.496547,GET,GET /api/v1/reservas,10.939350,200,success,
1789927229.518431,GET,GET /api/v1/reservas,6.578771,200,success,
1789927229.627151,GET,GET /api/v1/reservas,6.300790,200,success,
1789927229.631739,GET,GET /api/v1/reservas,4.404265,200,success,
1789927229.638335,GET,GET /api/v1/reservas,4.337955,200,success,
1789927229.686631,GET,GET /api/v1/reservas,5.026940,200,success,
1789927229.692110,GET,GET /api/v1/reservas,4.216792,200,success,
1789927229.696224,GET,GET /api/v1/reservas,3.972231,200,success,
1789927229.802665,GET,GET /api/v1/reservas,6.060296,200,success,
1789927229.822721,GET,GET /api/v1/reservas,4.778653,200,success,
1789927229.856567,GET,GET /api/v1/reservas,4.592270,200,success,
1789927229.917056,GET,GET /api/v1/reservas,5.731307,200,success,
1789927229.948311,GET,GET /api/v1/reservas/{id},4.438427,200,success,
1789927230.027457,GET,GET /api/v1/reservas,5.818940,200,success,
1789927230.040354,GET,GET /api/v1/reservas,4.637809,200,success,
1789927230.046620,GET,GET /api/v1/reservas,4.054545,200,success,
1789927230.063155,GET,GET /api/v1/reservas,4.278514,200,success,
1789927230.172569,GET,GET /api/v1/reservas,6.058132,200,success,
1789927230.209899,GET,GET /api/v1/reservas,5.039808,200,success,
1789927230.262363,GET,GET /api/v1/reservas,5.174773,200,success,
1789927230.276895,GET,GET /api/v1/reservas,4.282271,200,success,
1789927230.284228,GET,GET /api/v1/reservas/{id},3.178867,200,success,
1789927230.347969,GET,GET /api/v1/reservas,6.885837,200,success,
1789927230.348452,GET,GET /api/v1/reservas,7.912793,200,success,
1789927230.376148,GET,GET /api/v1/reservas/{id},8.007867,200,success,
1789927230.385303,GET,GET /api/v1/reservas/{id},3.948195,200,success,
1789927230.394606,GET,GET /api/v1/reservas,4.986849,200,success,
1789927230.432573,GET,GET /api/v1/reservas,5.662052,200,success,
1789927230.469106,GET,GET /api/v1/reservas,5.220172,200,success,
1789927230.525848,GET,GET /api/v1/reservas/{id},4.532008,200,success,
1789927230.585416,GET,GET /api/v1/reservas,5.223797,200,success,
1789927230.602363,GET,GET /api/v1/reservas,4.661354,200,success,
1789927230.605450,GET,GET /api/v1/reservas,4.146174,200,success,
1789927230.682119,GET,GET /api/v1/reservas/{id},4.434001,200,success,
1789927230.765228,GET,GET /api/v1/reservas,5.771789,200,success,
1789927230.829150,GET,GET /api/v1/reservas,5.604825,200,success,
1789927230.854451,GET,GET /api/v1/reservas,5.023824,200,success,
1789927230.924498,GET,GET /api/v1/reservas,5.717026,200,success,
1789927230.984056,GET,GET /api/v1/reservas,5.601750,200,success,
1789927231.078951,GET,GET /api/v1/reservas/{id},4.621835,200,success,
1789927231.091696,GET,GET /api/v1/reservas,4.438598,200,success,
1789927231.098134,GET,GET /api/v1/reservas,4.144801,200,success,
1789927231.100509,GET,GET /api/v1/reservas,4.024580,200,success,
1789927231.227936,GET,GET /api/v1/reservas,6.166186,200,success,
1789927231.334155,GET,GET /api/v1/reservas,5.821945,200,success,
1789927231.471360,GET,GET /api/v1/reservas/{id},5.856917,200,success,
1789927231.514913,GET,GET /api/v1/reservas/{id},4.310573,200,success,
1789927231.522394,GET,GET /api/v1/reservas,5.206541,200,success,
1789927231.536958,GET,GET /api/v1/reservas,4.318365,200,success,
1789927231.553361,GET,GET /api/v1/reservas,4.159485,200,success,
1789927231.567829,GET,GET /api/v1/reservas/{id},3.306462,200,success,
1789927231.667008,GET,GET /api/v1/reservas,5.788853,200,success,
1789927231.670177,GET,GET /api/v1/reservas/{id},3.073078,200,success,
1789927231.674390,GET,GET /api/v1/reservas/{id},3.068271,200,success,
1789927231.769764,GET,GET /api/v1/reservas,6.024290,200,success,
1789927231.796781,GET,GET /api/v1/reservas,4.737531,200,success,
1789927231.805278,GET,GET /api/v1/reservas,4.225184,200,success,
1789927231.809226,GET,GET /api/v1/reservas,4.629958,200,success,
1789927231.814429,GET,GET /api/v1/reservas/{id},3.047358,200,success,
1789927231.842218,GET,GET /api/v1/reservas,4.516756,200,success,
1789927231.863184,GET,GET /api/v1/reservas/{id},3.753930,200,success,
1789927231.906465,GET,GET /api/v1/reservas,5.297369,200,success,
1789927231.910961,GET,GET /api/v1/reservas/{id},3.338300,200,success,
1789927231.941617,GET,GET /api/v1/reservas,6.250374,200,success,
1789927231.942673,GET,GET /api/v1/reservas/{id},4.772904,200,success,
1789927231.956557,GET,GET /api/v1/reservas/{id},3.720579,200,success,
1789927231.989636,GET,GET /api/v1/reservas,4.813777,200,success,
1789927232.014945,GET,GET /api/v1/reservas,5.006769,200,success,
1789927232.028849,GET,GET /api/v1/reservas,4.578880,200,success,
1789927232.098029,GET,GET /api/v1/reservas,5.820982,200,success,
1789927232.163076,GET,GET /api/v1/reservas,5.685247,200,success,
1789927232.240281,GET,GET /api/v1/reservas,6.832505,200,success,
1789927232.257231,GET,GET /api/v1/reservas,4.679173,200,success,
1789927232.270972,GET,GET /api/v1/reservas,4.508434,200,success,
1789927232.392259,GET,GET /api/v1/reservas/{id},4.967478,200,success,
1789927232.496182,GET,GET /api/v1/reservas/{id},4.600733,200,success,
1789927232.548622,GET,GET /api/v1/reservas,5.149514,200,success,
1789927232.564590,GET,GET /api/v1/reservas,4.733014,200,success,
1789927232.650356,GET,GET /api/v1/reservas/{id},4.513851,200,success,
1789927232.686013,GET,GET /api/v1/reservas,5.344761,200,success,
1789927232.768995,GET,GET /api/v1/reservas/{id},5.700239,200,success,
1789927232.805815,GET,GET /api/v1/reservas/{id},5.579736,200,success,
1789927232.809326,GET,GET /api/v1/reservas,7.107503,200,success,
1789927232.812108,GET,GET /api/v1/reservas/{id},4.487532,200,success,
1789927232.812921,GET,GET /api/v1/reservas,5.810347,200,success,
1789927232.870538,GET,GET /api/v1/reservas,5.333423,200,success,
1789927232.919907,GET,GET /api/v1/reservas,5.085017,200,success,
1789927232.943706,GET,GET /api/v1/reservas,4.536285,200,success,
1789927232.983885,GET,GET /api/v1/reservas,4.915531,200,success,
1789927233.033363,GET,GET /api/v1/reservas,5.193281,200,success,
1789927233.045877,GET,GET /api/v1/reservas,4.255810,200,success,
1789927233.216564,GET,GET /api/v1/reservas,6.222361,200,success,
1789927233.257045,GET,GET /api/v1/reservas,5.165760,200,success,
1789927233.287333,GET,GET /api/v1/reservas,5.009744,200,success,
1789927233.307731,GET,GET /api/v1/reservas,5.136897,200,success,
1789927233.362264,GET,GET /api/v1/reservas,5.239621,200,success,
1789927233.368711,GET,GET /api/v1/reservas,4.198683,200,success,
1789927233.445346,GET,GET /api/v1/reservas/{id},14.365363,200,success,
1789927233.464149,GET,GET /api/v1/reservas/{id},4.523887,200,success,
1789927233.508399,GET,GET /api/v1/reservas,5.923678,200,success,
1789927233.530361,GET,GET /api/v1/reservas,21.735694,200,success,
1789927233.537571,GET,GET /api/v1/reservas/{id},4.013963,200,success,
1789927233.601473,GET,GET /api/v1/reservas,5.562942,200,success,
1789927233.669594,GET,GET /api/v1/reservas,6.769760,200,success,
1789927233.712161,GET,GET /api/v1/reservas,5.255576,200,success,
1789927233.729000,GET,GET /api/v1/reservas,4.555484,200,success,
1789927233.831205,GET,GET /api/v1/reservas,19.793521,200,success,
1789927233.919199,GET,GET /api/v1/reservas,6.198405,200,success,
1789927233.978697,GET,GET /api/v1/reservas,5.558706,200,success,
1789927233.990318,GET,GET /api/v1/reservas,4.363163,200,success,
1789927234.048268,GET,GET /api/v1/reservas,5.687930,200,success,
1789927234.053385,GET,GET /api/v1/reservas,6.384726,200,success,
1789927234.058692,GET,GET /api/v1/reservas,4.047476,200,success,
1789927234.111146,GET,GET /api/v1/reservas,5.127351,200,success,
1789927234.141752,GET,GET /api/v1/reservas,5.303329,200,success,
1789927234.150391,GET,GET /api/v1/reservas,4.391837,200,success,
1789927234.174217,GET,GET /api/v1/reservas,4.532370,200,success,
1789927234.210893,GET,GET /api/v1/reservas/{id},4.495934,200,success,
1789927234.261350,GET,GET /api/v1/reservas,10.116694,200,success,
1789927234.346995,GET,GET /api/v1/reservas,12.210957,200,success,
1789927234.361208,GET,GET /api/v1/reservas,6.992829,200,success,
1789927234.373903,GET,GET /api/v1/reservas/{id},7.511544,200,success,
1789927234.379579,GET,GET /api/v1/reservas,9.323561,200,success,
1789927234.383194,GET,GET /api/v1/reservas,5.907995,200,success,
1789927234.459621,GET,GET /api/v1/reservas,7.077047,200,success,
1789927234.479657,GET,GET /api/v1/reservas,8.708610,200,success,
1789927234.500104,GET,GET /api/v1/reservas,7.108144,200,success,
1789927234.634072,GET,GET /api/v1/reservas,6.594565,200,success,
1789927234.691229,GET,GET /api/v1/reservas,5.839851,200,success,
1789927234.793297,GET,GET /api/v1/reservas/{id},5.761643,200,success,
1789927234.799521,GET,GET /api/v1/reservas,4.896851,200,success,
1789927234.875699,GET,GET /api/v1/reservas/{id},4.910483,200,success,
1789927234.880225,GET,GET /api/v1/reservas,5.044276,200,success,
1789927234.909225,GET,GET /api/v1/reservas/{id},3.795041,200,success,
1789927234.937516,GET,GET /api/v1/reservas,4.971675,200,success,
1789927235.015693,GET,GET /api/v1/reservas,7.031267,200,success,
1789927235.028022,GET,GET /api/v1/reservas,4.902991,200,success,
1789927235.067865,GET,GET /api/v1/reservas,8.557580,200,success,
1789927235.109673,GET,GET /api/v1/reservas,12.432513,200,success,
1789927235.155713,GET,GET /api/v1/reservas,8.642659,200,success,
1789927235.167674,GET,GET /api/v1/reservas/{id},6.754648,200,success,
1789927235.196454,GET,GET /api/v1/reservas,6.406491,200,success,
1789927235.242725,GET,GET /api/v1/reservas,7.930380,200,success,
1789927235.267047,GET,GET /api/v1/reservas,5.993074,200,success,
1789927235.314723,GET,GET /api/v1/reservas,6.336804,200,success,
1789927235.317480,GET,GET /api/v1/reservas,4.398446,200,success,
1789927235.320174,GET,GET /api/v1/reservas,4.176069,200,success,
1789927235.375523,GET,GET /api/v1/reservas/{id},4.153015,200,success,
1789927235.391342,GET,GET /api/v1/reservas,4.573692,200,success,
1789927235.402743,GET,GET /api/v1/reservas,4.167908,200,success,
1789927235.452106,GET,GET /api/v1/reservas,5.999263,200,success,
1789927235.458486,GET,GET /api/v1/reservas,5.075172,200,success,
1789927235.468761,GET,GET /api/v1/reservas,5.011505,200,success,
1789927235.511240,GET,GET /api/v1/reservas,5.161824,200,success,
1789927235.522662,GET,GET /api/v1/reservas,4.195569,200,success,
1789927235.653039,GET,GET /api/v1/reservas,5.986063,200,success,
1789927235.703414,GET,GET /api/v1/reservas,5.074301,200,success,
1789927235.727163,GET,GET /api/v1/reservas,4.492809,200,success,
1789927235.730438,GET,GET /api/v1/reservas,4.160466,200,success,
1789927235.766940,GET,GET /api/v1/reservas,5.246963,200,success,
1789927235.799141,GET,GET /api/v1/reservas,4.839195,200,success,
1789927235.804193,GET,GET /api/v1/reservas,3.805518,200,success,
1789927235.862770,GET,GET /api/v1/reservas,5.302237,200,success,
1789927235.899325,GET,GET /api/v1/reservas/{id},3.860942,200,success,
1789927235.959436,GET,GET /api/v1/reservas,5.210467,200,success,
1789927236.077924,GET,GET /api/v1/reservas,6.106746,200,success,
1789927236.087353,GET,GET /api/v1/reservas/{id},4.205884,200,success,
1789927236.101731,GET,GET /api/v1/reservas,5.087521,200,success,
1789927236.105675,GET,GET /api/v1/reservas/{id},3.824367,200,success,
1789927236.161079,GET,GET /api/v1/reservas,6.089529,200,success,
1789927236.165924,GET,GET /api/v1/reservas,4.616186,200,success,
1789927236.169447,GET,GET /api/v1/reservas,4.529526,200,success,
1789927236.196313,GET,GET /api/v1/reservas,4.617999,200,success,
1789927236.346612,GET,GET /api/v1/reservas,5.912130,200,success,
1789927236.413424,GET,GET /api/v1/reservas,5.481818,200,success,
1789927236.426875,GET,GET /api/v1/reservas,4.209481,200,success,
1789927236.465220,GET,GET /api/v1/reservas,8.062040,200,success,
1789927236.469435,GET,GET /api/v1/reservas,7.038298,200,success,
1789927236.887769,GET,GET /api/v1/reservas,6.247779,200,success,
1789927236.894507,GET,GET /api/v1/reservas,4.451977,200,success,
1789927236.905450,GET,GET /api/v1/reservas,4.676369,200,success,
1789927236.906514,GET,GET /api/v1/reservas/{id},3.247233,200,success,
1789927236.924318,GET,GET /api/v1/reservas,4.529676,200,success,
1789927236.934804,GET,GET /api/v1/reservas/{id},3.316667,200,success,
1789927236.954901,GET,GET /api/v1/reservas,4.231493,200,success,
1789927237.013346,GET,GET /api/v1/reservas/{id},4.238403,200,success,
1789927237.041685,GET,GET /api/v1/reservas,5.051607,200,success,
1789927237.059492,GET,GET /api/v1/reservas,4.506891,200,success,
1789927237.113152,GET,GET /api/v1/reservas/{id},6.397105,200,success,
1789927237.147440,GET,GET /api/v1/reservas/{id},5.053799,200,success,
1789927237.159247,GET,GET /api/v1/reservas/{id},4.600312,200,success,
1789927237.209965,GET,GET /api/v1/reservas,9.353837,200,success,
1789927237.242271,GET,GET /api/v1/reservas,7.912783,200,success,
1789927237.370161,GET,GET /api/v1/reservas/{id},5.646239,200,success,
1789927237.403682,GET,GET /api/v1/reservas/{id},4.319125,200,success,
1789927237.452253,GET,GET /api/v1/reservas,5.275126,200,success,
1789927237.468095,GET,GET /api/v1/reservas,4.539399,200,success,
1789927237.534046,GET,GET /api/v1/reservas/{id},4.725073,200,success,
1789927237.569786,GET,GET /api/v1/reservas,5.424551,200,success,
1789927237.572809,GET,GET /api/v1/reservas/{id},3.873951,200,success,
1789927237.586583,GET,GET /api/v1/reservas,4.522585,200,success,
1789927237.634002,GET,GET /api/v1/reservas,5.109084,200,success,
1789927237.656560,GET,GET /api/v1/reservas/{id},3.408005,200,success,
1789927237.674166,GET,GET /api/v1/reservas/{id},3.434135,200,success,
1789927237.697013,GET,GET /api/v1/reservas/{id},3.639566,200,success,
1789927237.728715,GET,GET /api/v1/reservas,5.364231,200,success,
1789927237.737321,GET,GET /api/v1/reservas,4.350113,200,success,
1789927237.752100,GET,GET /api/v1/reservas/{id},3.602952,200,success,
1789927237.850226,GET,GET /api/v1/reservas/{id},4.868008,200,success,
1789927237.875304,GET,GET /api/v1/reservas,6.863833,200,success,
1789927237.879553,GET,GET /api/v1/reservas,4.843621,200,success,
1789927237.884074,GET,GET /api/v1/reservas/{id},3.387975,200,success,
1789927237.893608,GET,GET /api/v1/reservas,4.294819,200,success,
1789927237.914873,GET,GET /api/v1/reservas/{id},3.692267,200,success,
1789927237.965037,GET,GET /api/v1/reservas,5.250498,200,success,
1789927237.975398,GET,GET /api/v1/reservas,4.139535,200,success,
1789927238.102926,GET,GET /api/v1/reservas,7.096877,200,success,
1789927238.103289,GET,GET /api/v1/reservas,7.058117,200,success,
1789927238.122295,GET,GET /api/v1/reservas,4.775247,200,success,
1789927238.199874,GET,GET /api/v1/reservas,6.204654,200,success,
1789927238.345089,GET,GET /api/v1/reservas,6.749271,200,success,
1789927238.352795,GET,GET /api/v1/reservas,4.463776,200,success,
1789927238.534105,GET,GET /api/v1/reservas/{id},4.949952,200,success,
1789927238.626071,GET,GET /api/v1/reservas/{id},4.684299,200,success,
1789927238.629589,GET,GET /api/v1/reservas,4.321010,200,success,
1789927238.655197,GET,GET /api/v1/reservas/{id},3.435947,200,success,
1789927238.717027,GET,GET /api/v1/reservas,5.490622,200,success,
1789927238.752037,GET,GET /api/v1/reservas,4.730679,200,success,
1789927238.777820,GET,GET /api/v1/reservas,4.519029,200,success,
1789927238.811524,GET,GET /api/v1/reservas/{id},3.523180,200,success,
1789927238.830157,GET,GET /api/v1/reservas,4.401020,200,success,
1789927238.861344,GET,GET /api/v1/reservas,4.918946,200,success,
1789927238.875817,GET,GET /api/v1/reservas,4.232536,200,success,
1789927238.909006,GET,GET /api/v1/reservas,6.734597,200,success,
1789927238.917150,GET,GET /api/v1/reservas,6.683691,200,success,
1789927239.041342,GET,GET /api/v1/reservas,6.142410,200,success,
1789927239.065329,GET,GET /api/v1/reservas,4.670930,200,success,
1789927239.206093,GET,GET /api/v1/reservas,6.313630,200,success,
1789927239.208270,GET,GET /api/v1/reservas,4.721256,200,success,
1789927239.232251,GET,GET /api/v1/reservas,4.724240,200,success,
1789927239.251870,GET,GET /api/v1/reservas,4.410765,200,success,
1789927239.257141,GET,GET /api/v1/reservas,4.028787,200,success,
1789927239.286009,GET,GET /api/v1/reservas,4.576546,200,success,
1789927239.291533,GET,GET /api/v1/reservas/{id},3.519845,200,success,
1789927239.292062,GET,GET /api/v1/reservas,4.822349,200,success,
1789927239.381798,GET,GET /api/v1/reservas/{id},5.534208,200,success,
1789927239.427780,GET,GET /api/v1/reservas,6.604780,200,success,
1789927239.470742,GET,GET /api/v1/reservas,6.644691,200,success,
1789927239.546408,GET,GET /api/v1/reservas,8.245116,200,success,
1789927239.582974,GET,GET /api/v1/reservas,11.173777,200,success,
1789927239.649607,GET,GET /api/v1/reservas,9.107273,200,success,
1789927239.674726,GET,GET /api/v1/reservas,9.389131,200,success,
1789927239.776803,GET,GET /api/v1/reservas,6.583819,200,success,
1789927239.817246,GET,GET /api/v1/reservas,7.083717,200,success,
1789927239.828815,GET,GET /api/v1/reservas,6.254210,200,success,
1789927239.830028,GET,GET /api/v1/reservas/{id},3.704656,200,success,
1789927239.832117,GET,GET /api/v1/reservas/{id},3.197056,200,success,
1789927239.873743,GET,GET /api/v1/reservas,7.275356,200,success,
1789927239.921727,GET,GET /api/v1/reservas,6.197724,200,success,
1789927239.922164,GET,GET /api/v1/reservas,4.908670,200,success,
1789927239.960824,GET,GET /api/v1/reservas,4.797341,200,success,
1789927240.090014,GET,GET /api/v1/reservas,5.826441,200,success,
1789927240.103689,GET,GET /api/v1/reservas,4.411647,200,success,
1789927240.131629,GET,GET /api/v1/reservas,4.674144,200,success,
1789927240.167808,GET,GET /api/v1/reservas,4.908499,200,success,
1789927240.227660,GET,GET /api/v1/reservas,5.524032,200,success,
1789927240.229645,GET,GET /api/v1/reservas/{id},3.883856,200,success,
1789927240.258581,GET,GET /api/v1/reservas,4.650939,200,success,
1789927240.296193,GET,GET /api/v1/reservas,5.321727,200,success,
1789927240.362412,GET,GET /api/v1/reservas,8.844695,200,success,
1789927240.364446,GET,GET /api/v1/reservas,10.356147,200,success,
1789927240.395376,GET,GET /api/v1/reservas,6.622288,200,success,
1789927240.434926,GET,GET /api/v1/reservas,7.182527,200,success,
1789927240.457901,GET,GET /api/v1/reservas,5.653418,200,success,
1789927240.524544,GET,GET /api/v1/reservas/{id},4.440220,200,success,
1789927240.581899,GET,GET /api/v1/reservas,6.024231,200,success,
1789927240.640542,GET,GET /api/v1/reservas,5.360184,200,success,
1789927240.659483,GET,GET /api/v1/reservas,4.643428,200,success,
1789927240.748951,GET,GET /api/v1/reservas,6.089559,200,success,
1789927240.760610,GET,GET /api/v1/reservas,4.397816,200,success,
1789927240.841423,GET,GET /api/v1/reservas,12.437741,200,success,
1789927240.848699,GET,GET /api/v1/reservas,10.762362,200,success,
1789927240.975533,GET,GET /api/v1/reservas,5.767372,200,success,
1789927240.991136,GET,GET /api/v1/reservas/{id},3.431782,200,success,
1789927241.119031,GET,GET /api/v1/reservas,5.567649,200,success,
1789927241.151154,GET,GET /api/v1/reservas,4.842440,200,success,
1789927241.173896,GET,GET /api/v1/reservas,4.492750,200,success,
1789927241.176096,GET,GET /api/v1/reservas,4.112533,200,success,
1789927241.190568,GET,GET /api/v1/reservas,4.235240,200,success,
1789927241.306461,GET,GET /api/v1/reservas/{id},4.612822,200,success,
1789927241.420047,GET,GET /api/v1/reservas,7.208617,200,success,
1789927241.420373,GET,GET /api/v1/reservas,7.101874,200,success,
1789927241.434790,GET,GET /api/v1/reservas,4.199755,200,success,
1789927241.462638,GET,GET /api/v1/reservas/{id},3.683183,200,success,
1789927241.493634,GET,GET /api/v1/reservas,4.729909,200,success,
1789927241.498883,GET,GET /api/v1/reservas,4.027645,200,success,
1789927241.514262,GET,GET /api/v1/reservas/{id},3.212779,200,success,
1789927241.524965,GET,GET /api/v1/reservas,4.481803,200,success,
1789927241.562934,GET,GET /api/v1/reservas,5.681461,200,success,
1789927241.576535,GET,GET /api/v1/reservas,5.336689,200,success,
1789927241.582279,GET,GET /api/v1/reservas,6.516567,200,success,
1789927241.621614,GET,GET /api/v1/reservas,5.049644,200,success,
1789927241.631218,GET,GET /api/v1/reservas/{id},3.435096,200,success,
1789927241.732369,GET,GET /api/v1/reservas,5.794694,200,success,
1789927241.753139,GET,GET /api/v1/reservas/{id},3.575710,200,success,
1789927241.787933,GET,GET /api/v1/reservas,9.277401,200,success,
1789927241.788491,GET,GET /api/v1/reservas,6.191365,200,success,
1789927241.799157,GET,GET /api/v1/reservas,6.386940,200,success,
1789927241.800457,GET,GET /api/v1/reservas,4.768897,200,success,
1789927241.984167,GET,GET /api/v1/reservas/{id},4.978777,200,success,
1789927242.015061,GET,GET /api/v1/reservas,4.609005,200,success,
1789927242.118042,GET,GET /api/v1/reservas/{id},4.676718,200,success,
1789927242.150872,GET,GET /api/v1/reservas/{id},3.626436,200,success,
1789927242.208637,GET,GET /api/v1/reservas,5.442119,200,success,
1789927242.275778,GET,GET /api/v1/reservas,5.792149,200,success,
1789927242.309629,GET,GET /api/v1/reservas,5.527719,200,success,
1789927242.349040,GET,GET /api/v1/reservas,5.091728,200,success,
1789927242.360658,GET,GET /api/v1/reservas,4.388312,200,success,
1789927242.388525,GET,GET /api/v1/reservas/{id},3.687049,200,success,
1789927242.542754,GET,GET /api/v1/reservas,5.795093,200,success,
1789927242.589002,GET,GET /api/v1/reservas,4.958645,200,success,
1789927242.655357,GET,GET /api/v1/reservas/{id},4.136109,200,success,
1789927242.713305,GET,GET /api/v1/reservas,6.100366,200,success,
1789927242.713809,GET,GET /api/v1/reservas,4.469385,200,success,
1789927242.764753,GET,GET /api/v1/reservas,5.682713,200,success,
1789927242.809213,GET,GET /api/v1/reservas,7.118969,200,success,
1789927242.836647,GET,GET /api/v1/reservas,6.093545,200,success,
1789927242.876886,GET,GET /api/v1/reservas,4.945796,200,success,
1789927242.892518,GET,GET /api/v1/reservas,4.384596,200,success,
1789927242.897567,GET,GET /api/v1/reservas,3.803684,200,success,
1789927242.931683,GET,GET /api/v1/reservas,4.846055,200,success,
1789927242.947554,GET,GET /api/v1/reservas,4.618760,200,success,
1789927242.960844,GET,GET /api/v1/reservas,4.536056,200,success,
1789927242.962243,GET,GET /api/v1/reservas,4.352888,200,success,
1789927242.996086,GET,GET /api/v1/reservas/{id},3.677124,200,success,
1789927243.042221,GET,GET /api/v1/reservas,4.861578,200,success,
1789927243.054648,GET,GET /api/v1/reservas,4.175229,200,success,
1789927243.081367,GET,GET /api/v1/reservas,4.504728,200,success,
1789927243.144966,GET,GET /api/v1/reservas,5.286593,200,success,
1789927243.257121,GET,GET /api/v1/reservas,5.754472,200,success,
1789927243.264794,GET,GET /api/v1/reservas,4.431246,200,success,
1789927243.460532,GET,GET /api/v1/reservas,6.257905,200,success,
1789927243.551998,GET,GET /api/v1/reservas,6.975582,200,success,
1789927243.552704,GET,GET /api/v1/reservas,5.702092,200,success,
1789927243.553060,GET,GET /api/v1/reservas,6.079745,200,success,
1789927243.631861,GET,GET /api/v1/reservas,5.475349,200,success,
1789927243.653521,GET,GET /api/v1/reservas,4.421521,200,success,
1789927243.729620,GET,GET /api/v1/reservas,5.749204,200,success,
1789927243.746799,GET,GET /api/v1/reservas,4.852525,200,success,
1789927243.829090,GET,GET /api/v1/reservas,15.869963,200,success,
1789927243.836097,GET,GET /api/v1/reservas/{id},19.571564,200,success,
1789927243.847001,GET,GET /api/v1/reservas/{id},9.608263,200,success,
1789927243.861356,GET,GET /api/v1/reservas,8.991719,200,success,
1789927243.869379,GET,GET /api/v1/reservas,9.323983,200,success,
1789927243.943111,GET,GET /api/v1/reservas,8.720717,200,success,
1789927243.945182,GET,GET /api/v1/reservas,11.432278,200,success,
1789927243.986939,GET,GET /api/v1/reservas/{id},6.857043,200,success,
1789927244.015584,GET,GET /api/v1/reservas,19.099168,200,success,
1789927244.076353,GET,GET /api/v1/reservas/{id},59.569117,200,success,
1789927244.092796,GET,GET /api/v1/reservas,58.989518,200,success,
1789927244.093199,GET,GET /api/v1/reservas/{id},18.073714,200,success,
1789927244.093617,GET,GET /api/v1/reservas,17.898618,200,success,
1789927244.116461,GET,GET /api/v1/reservas,22.636179,200,success,
1789927244.145363,GET,GET /api/v1/reservas,9.566049,200,success,
1789927244.149767,GET,GET /api/v1/reservas,6.124182,200,success,
1789927244.179099,GET,GET /api/v1/reservas/{id},7.106622,200,success,
1789927244.208399,GET,GET /api/v1/reservas,6.964316,200,success,
1789927244.384079,GET,GET /api/v1/reservas,11.336112,200,success,
1789927244.406276,GET,GET /api/v1/reservas,8.148901,200,success,
1789927244.453088,GET,GET /api/v1/reservas,27.041607,200,success,
1789927244.578909,GET,GET /api/v1/reservas,18.434411,200,success,
1789927244.659834,GET,GET /api/v1/reservas,36.490277,200,success,
1789927244.674581,GET,GET /api/v1/reservas,14.436481,200,success,
1789927244.697448,GET,GET /api/v1/reservas,14.533577,200,success,
1789927244.710479,GET,GET /api/v1/reservas,12.737876,200,success,
1789927244.710992,GET,GET /api/v1/reservas,12.543191,200,success,
1789927244.853531,GET,GET /api/v1/reservas,75.846478,200,success,
1789927244.853661,GET,GET /api/v1/reservas/{id},110.994541,200,success,
1789927244.853746,GET,GET /api/v1/reservas/{id},138.902280,200,success,
1789927244.877599,GET,GET /api/v1/reservas,58.660390,200,success,
1789927244.904835,GET,GET /api/v1/reservas,15.870585,200,success,
1789927244.965261,GET,GET /api/v1/reservas/{id},40.200331,200,success,
1789927244.995143,GET,GET /api/v1/reservas,6.617880,200,success,
1789927245.026429,GET,GET /api/v1/reservas,48.801417,200,success,
1789927245.078833,GET,GET /api/v1/reservas,52.078122,200,success,
1789927245.079470,GET,GET /api/v1/reservas,19.264168,200,success,
1789927245.081165,GET,GET /api/v1/reservas,21.926463,200,success,
1789927245.145700,GET,GET /api/v1/reservas,10.192708,200,success,
1789927245.192554,GET,GET /api/v1/reservas,26.480575,200,success,
1789927245.209203,GET,GET /api/v1/reservas,10.987674,200,success,
1789927245.244096,GET,GET /api/v1/reservas/{id},16.643246,200,success,
1789927245.245624,GET,GET /api/v1/reservas,7.642494,200,success,
1789927245.332093,GET,GET /api/v1/reservas,19.666618,200,success,
1789927245.333026,GET,GET /api/v1/reservas,34.812345,200,success,
1789927245.333860,GET,GET /api/v1/reservas,22.349274,200,success,
1789927245.371873,GET,GET /api/v1/reservas/{id},25.784411,200,success,
1789927245.518187,GET,GET /api/v1/reservas,141.497483,200,success,
1789927245.557875,GET,GET /api/v1/reservas,57.073675,200,success,
1789927245.643116,GET,GET /api/v1/reservas/{id},62.877011,200,success,
1789927245.643770,GET,GET /api/v1/reservas,14.513908,200,success,
1789927245.662642,GET,GET /api/v1/reservas,9.543656,200,success,
1789927245.663883,GET,GET /api/v1/reservas,7.751850,200,success,
1789927245.685839,GET,GET /api/v1/reservas/{id},5.740410,200,success,
1789927245.739426,GET,GET /api/v1/reservas/{id},7.289648,200,success,
1789927245.864941,GET,GET /api/v1/reservas,21.673620,200,success,
1789927245.886393,GET,GET /api/v1/reservas,61.097573,200,success,
1789927245.970701,GET,GET /api/v1/reservas/{id},29.488926,200,success,
1789927246.014422,GET,GET /api/v1/reservas,59.997045,200,success,
1789927246.016331,GET,GET /api/v1/reservas,41.312206,200,success,
1789927246.026418,GET,GET /api/v1/reservas,41.925415,200,success,
1789927246.107234,GET,GET /api/v1/reservas,12.453276,200,success,
1789927246.144368,GET,GET /api/v1/reservas/{id},12.890849,200,success,
1789927246.221032,GET,GET /api/v1/reservas,41.756529,200,success,
1789927246.257482,GET,GET /api/v1/reservas,11.643027,200,success,
1789927246.328208,GET,GET /api/v1/reservas/{id},15.093718,200,success,
1789927246.329740,GET,GET /api/v1/reservas,27.531729,200,success,
1789927246.387544,GET,GET /api/v1/reservas,20.343033,200,success,
1789927246.387712,GET,GET /api/v1/reservas,55.593692,200,success,
1789927246.416828,GET,GET /api/v1/reservas/{id},9.105280,200,success,
1789927246.434216,GET,GET /api/v1/reservas,17.101290,200,success,
1789927246.618415,GET,GET /api/v1/reservas,11.677981,200,success,
1789927246.633637,GET,GET /api/v1/reservas,9.436462,200,success,
1789927246.702930,GET,GET /api/v1/reservas/{id},6.037750,200,success,
1789927246.736289,GET,GET /api/v1/reservas,12.956857,200,success,
1789927246.777355,GET,GET /api/v1/reservas,11.686844,200,success,
1789927246.791929,GET,GET /api/v1/reservas,10.235153,200,success,
1789927246.844087,GET,GET /api/v1/reservas,7.735313,200,success,
1789927246.906027,GET,GET /api/v1/reservas,11.574011,200,success,
1789927246.938036,GET,GET /api/v1/reservas/{id},6.757853,200,success,
1789927247.057767,GET,GET /api/v1/reservas,74.076334,200,success,
1789927247.061418,GET,GET /api/v1/reservas/{id},94.045401,200,success,
1789927247.081021,GET,GET /api/v1/reservas,85.939845,200,success,
1789927247.081508,GET,GET /api/v1/reservas,93.434175,200,success,
1789927247.085491,GET,GET /api/v1/reservas,36.952328,200,success,
1789927247.114465,GET,GET /api/v1/reservas,95.464623,200,success,
1789927247.117427,GET,GET /api/v1/reservas,55.778862,200,success,
1789927247.140502,GET,GET /api/v1/reservas/{id},5.869405,200,success,
1789927247.176558,GET,GET /api/v1/reservas,9.608262,200,success,
1789927247.181390,GET,GET /api/v1/reservas/{id},7.057526,200,success,
1789927247.189639,GET,GET /api/v1/reservas,8.822172,200,success,
1789927247.196263,GET,GET /api/v1/reservas,6.224645,200,success,
1789927247.230170,GET,GET /api/v1/reservas/{id},8.601658,200,success,
1789927247.431678,GET,GET /api/v1/reservas,7.008262,200,success,
1789927247.436167,GET,GET /api/v1/reservas/{id},4.360028,200,success,
1789927247.455766,GET,GET /api/v1/reservas,6.261280,200,success,
1789927247.474185,GET,GET /api/v1/reservas/{id},4.215038,200,success,
1789927247.481578,GET,GET /api/v1/reservas,5.088042,200,success,
1789927247.555933,GET,GET /api/v1/reservas/{id},6.108970,200,success,
1789927247.571157,GET,GET /api/v1/reservas,10.885549,200,success,
1789927247.760435,GET,GET /api/v1/reservas/{id},4.826374,200,success,
1789927247.794924,GET,GET /api/v1/reservas,5.196766,200,success,
1789927247.833676,GET,GET /api/v1/reservas/{id},10.545663,200,success,
1789927247.834002,GET,GET /api/v1/reservas/{id},5.114432,200,success,
1789927247.871862,GET,GET /api/v1/reservas,5.581230,200,success,
1789927247.923815,GET,GET /api/v1/reservas,7.222888,200,success,
1789927247.925566,GET,GET /api/v1/reservas/{id},3.900411,200,success,
1789927247.960535,GET,GET /api/v1/reservas/{id},3.778227,200,success,
1789927247.991436,GET,GET /api/v1/reservas,4.783971,200,success,
1789927247.998864,GET,GET /api/v1/reservas,4.193786,200,success,
1789927248.010518,GET,GET /api/v1/reservas,4.389553,200,success,
1789927248.013232,GET,GET /api/v1/reservas/{id},3.354354,200,success,
1789927248.032520,GET,GET /api/v1/reservas/{id},3.118838,200,success,
1789927248.099706,GET,GET /api/v1/reservas,5.854063,200,success,
1789927248.182439,GET,GET /api/v1/reservas/{id},4.484707,200,success,
1789927248.216786,GET,GET /api/v1/reservas,5.080831,200,success,
1789927248.222943,GET,GET /api/v1/reservas/{id},3.005616,200,success,
1789927248.279307,GET,GET /api/v1/reservas,5.097936,200,success,
1789927248.297097,GET,GET /api/v1/reservas,4.498069,200,success,
1789927248.428380,GET,GET /api/v1/reservas,5.866852,200,success,
1789927248.438939,GET,GET /api/v1/reservas,4.311195,200,success,
1789927248.549115,GET,GET /api/v1/reservas/{id},4.894969,200,success,
1789927248.611053,GET,GET /api/v1/reservas/{id},4.699503,200,success,
1789927248.655473,GET,GET /api/v1/reservas,5.136816,200,success,
1789927248.670020,GET,GET /api/v1/reservas/{id},3.359582,200,success,
1789927248.797527,GET,GET /api/v1/reservas,6.096841,200,success,
1789927248.834946,GET,GET /api/v1/reservas/{id},4.204584,200,success,
1789927248.841460,GET,GET /api/v1/reservas/{id},3.339942,200,success,
1789927248.916776,GET,GET /api/v1/reservas,6.954530,200,success,
1789927248.932830,GET,GET /api/v1/reservas/{id},5.849536,200,success,
1789927248.957174,GET,GET /api/v1/reservas,5.994105,200,success,
1789927248.959742,GET,GET /api/v1/reservas,4.754676,200,success,
1789927248.988497,GET,GET /api/v1/reservas/{id},3.822524,200,success,
1789927249.040108,GET,GET /api/v1/reservas,5.317259,200,success,
1789927249.050613,GET,GET /api/v1/reservas,4.250333,200,success,
1789927249.099885,GET,GET /api/v1/reservas/{id},4.093314,200,success,
1789927249.133849,GET,GET /api/v1/reservas/{id},3.756954,200,success,
1789927249.147652,GET,GET /api/v1/reservas/{id},3.617283,200,success,
1789927249.196178,GET,GET /api/v1/reservas,8.162822,200,success,
1789927249.296595,GET,GET /api/v1/reservas,5.993084,200,success,
1789927249.335617,GET,GET /api/v1/reservas/{id},3.821632,200,success,
1789927249.418488,GET,GET /api/v1/reservas/{id},4.617949,200,success,
1789927249.486437,GET,GET /api/v1/reservas,5.591926,200,success,
1789927249.506082,GET,GET /api/v1/reservas,5.014581,200,success,
1789927249.506430,GET,GET /api/v1/reservas,5.759880,200,success,
1789927249.573066,GET,GET /api/v1/reservas,5.341876,200,success,
1789927249.584456,GET,GET /api/v1/reservas,4.160787,200,success,
1789927249.617551,GET,GET /api/v1/reservas,4.842509,200,success,
1789927249.658870,GET,GET /api/v1/reservas/{id},4.112904,200,success,
1789927249.726423,GET,GET /api/v1/reservas,8.160248,200,success,
1789927249.750083,GET,GET /api/v1/reservas,7.372544,200,success,
1789927249.792715,GET,GET /api/v1/reservas,11.304634,200,success,
1789927249.799044,GET,GET /api/v1/reservas/{id},4.122168,200,success,
1789927249.844114,GET,GET /api/v1/reservas/{id},5.804998,200,success,
1789927249.907376,GET,GET /api/v1/reservas/{id},8.980431,200,success,
1789927249.911875,GET,GET /api/v1/reservas,9.244803,200,success,
1789927249.978225,GET,GET /api/v1/reservas/{id},7.541370,200,success,
1789927249.992785,GET,GET /api/v1/reservas,9.912914,200,success,
1789927250.007561,GET,GET /api/v1/reservas,8.395746,200,success,
1789927250.023682,GET,GET /api/v1/reservas,6.810191,200,success,
1789927250.047485,GET,GET /api/v1/reservas,6.495986,200,success,
1789927250.129153,GET,GET /api/v1/reservas/{id},6.370246,200,success,
1789927250.131454,GET,GET /api/v1/reservas,5.632417,200,success,
1789927250.147954,GET,GET /api/v1/reservas,6.188069,200,success,
1789927250.233147,GET,GET /api/v1/reservas,6.772734,200,success,
1789927250.248876,GET,GET /api/v1/reservas,5.429749,200,success,
1789927250.272965,GET,GET /api/v1/reservas,4.825593,200,success,
1789927250.279329,GET,GET /api/v1/reservas,4.088457,200,success,
1789927250.364050,GET,GET /api/v1/reservas,10.314173,200,success,
1789927250.434478,GET,GET /api/v1/reservas,6.072263,200,success,
1789927250.444456,GET,GET /api/v1/reservas/{id},4.782619,200,success,
1789927250.462884,GET,GET /api/v1/reservas,6.154728,200,success,
1789927250.502821,GET,GET /api/v1/reservas,6.597249,200,success,
1789927250.641261,GET,GET /api/v1/reservas,5.995577,200,success,
1789927250.651267,GET,GET /api/v1/reservas,4.701566,200,success,
1789927250.693785,GET,GET /api/v1/reservas,5.210948,200,success,
1789927250.806676,GET,GET /api/v1/reservas/{id},5.566627,200,success,
1789927250.825933,GET,GET /api/v1/reservas/{id},4.057440,200,success,
1789927250.864882,GET,GET /api/v1/reservas/{id},3.744516,200,success,
1789927250.899708,GET,GET /api/v1/reservas/{id},3.623893,200,success,
1789927250.945344,GET,GET /api/v1/reservas,5.319833,200,success,
1789927250.947651,GET,GET /api/v1/reservas,4.045371,200,success,
1789927250.954730,GET,GET /api/v1/reservas,3.861432,200,success,
1789927250.961938,GET,GET /api/v1/reservas,4.000805,200,success,
1789927251.003125,GET,GET /api/v1/reservas,5.129906,200,success,
1789927251.168445,GET,GET /api/v1/reservas,5.873914,200,success,
1789927251.178788,GET,GET /api/v1/reservas,4.103319,200,success,
1789927251.189137,GET,GET /api/v1/reservas,4.132032,200,success,
1789927251.208776,GET,GET /api/v1/reservas/{id},3.481487,200,success,
1789927251.248330,GET,GET /api/v1/reservas/{id},4.369712,200,success,
1789927251.264239,GET,GET /api/v1/reservas,4.619242,200,success,
1789927251.266561,GET,GET /api/v1/reservas/{id},3.456058,200,success,
1789927251.276595,GET,GET /api/v1/reservas,4.750721,200,success,
1789927251.375681,GET,GET /api/v1/reservas/{id},4.811764,200,success,
1789927251.391331,GET,GET /api/v1/reservas,5.343980,200,success,
1789927251.393600,GET,GET /api/v1/reservas,4.997445,200,success,
1789927251.396621,GET,GET /api/v1/reservas/{id},4.109919,200,success,
1789927251.473689,GET,GET /api/v1/reservas,5.685447,200,success,
1789927251.502502,GET,GET /api/v1/reservas,4.550347,200,success,
1789927251.575510,GET,GET /api/v1/reservas,5.680310,200,success,
1789927251.595492,GET,GET /api/v1/reservas,4.731231,200,success,
1789927251.629464,GET,GET /api/v1/reservas,4.703268,200,success,
1789927251.641822,GET,GET /api/v1/reservas,4.147706,200,success,
1789927251.664677,GET,GET /api/v1/reservas,4.602715,200,success,
1789927251.740420,GET,GET /api/v1/reservas/{id},4.482134,200,success,
1789927251.762007,GET,GET /api/v1/reservas/{id},3.399222,200,success,
1789927251.775390,GET,GET /api/v1/reservas/{id},3.219119,200,success,
1789927251.833067,GET,GET /api/v1/reservas,5.363079,200,success,
1789927251.929750,GET,GET /api/v1/reservas,5.593077,200,success,
1789927252.072198,GET,GET /api/v1/reservas,6.218065,200,success,
1789927252.105213,GET,GET /api/v1/reservas,4.732773,200,success,
1789927252.111574,GET,GET /api/v1/reservas,4.082338,200,success,
1789927252.164015,GET,GET /api/v1/reservas,5.155825,200,success,
1789927252.184606,GET,GET /api/v1/reservas,4.330915,200,success,
1789927252.195125,GET,GET /api/v1/reservas,4.240817,200,success,
1789927252.204432,GET,GET /api/v1/reservas,4.080464,200,success,
1789927252.286561,GET,GET /api/v1/reservas,6.712845,200,success,
1789927252.305808,GET,GET /api/v1/reservas,4.948662,200,success,
1789927252.320975,GET,GET /api/v1/reservas,4.872105,200,success,
1789927252.325122,GET,GET /api/v1/reservas,5.276127,200,success,
1789927252.338087,GET,GET /api/v1/reservas,4.699343,200,success,
1789927252.354708,GET,GET /api/v1/reservas,4.388702,200,success,
1789927252.461190,GET,GET /api/v1/reservas/{id},5.200213,200,success,
1789927252.461748,GET,GET /api/v1/reservas/{id},3.015421,200,success,
1789927252.468381,GET,GET /api/v1/reservas,4.383113,200,success,
1789927252.508912,GET,GET /api/v1/reservas,5.225961,200,success,
1789927252.631795,GET,GET /api/v1/reservas/{id},4.673674,200,success,
1789927252.644566,GET,GET /api/v1/reservas,4.511317,200,success,
1789927252.754737,GET,GET /api/v1/reservas,5.798178,200,success,
1789927252.778301,GET,GET /api/v1/reservas,4.324665,200,success,
1789927252.815975,GET,GET /api/v1/reservas,5.383650,200,success,
1789927252.847180,GET,GET /api/v1/reservas,4.901328,200,success,
1789927252.922192,GET,GET /api/v1/reservas,5.650475,200,success,
1789927253.047160,GET,GET /api/v1/reservas/{id},4.899486,200,success,
1789927253.054342,GET,GET /api/v1/reservas/{id},2.998545,200,success,
1789927253.065060,GET,GET /api/v1/reservas/{id},3.567808,200,success,
1789927253.094261,GET,GET /api/v1/reservas,4.902800,200,success,
1789927253.127479,GET,GET /api/v1/reservas/{id},4.003297,200,success,
1789927253.187584,GET,GET /api/v1/reservas,5.785859,200,success,
1789927253.209336,GET,GET /api/v1/reservas,4.510978,200,success,
1789927253.265756,GET,GET /api/v1/reservas,5.141033,200,success,
1789927253.285432,GET,GET /api/v1/reservas/{id},3.488377,200,success,
1789927253.362148,GET,GET /api/v1/reservas,5.348608,200,success,
1789927253.389225,GET,GET /api/v1/reservas/{id},4.490456,200,success,
1789927253.390282,GET,GET /api/v1/reservas,5.875394,200,success,
1789927253.390798,GET,GET /api/v1/reservas/{id},4.388270,200,success,
1789927253.447592,GET,GET /api/v1/reservas,15.193528,200,success,
1789927253.448842,GET,GET /api/v1/reservas/{id},13.260720,200,success,
1789927253.527461,GET,GET /api/v1/reservas,15.260870,200,success,
1789927253.625762,GET,GET /api/v1/reservas,5.931391,200,success,
1789927253.638277,GET,GET /api/v1/reservas,4.266336,200,success,
1789927253.641119,GET,GET /api/v1/reservas,4.526520,200,success,
1789927253.660633,GET,GET /api/v1/reservas,4.308951,200,success,
1789927253.812592,GET,GET /api/v1/reservas,6.486752,200,success,
1789927253.873771,GET,GET /api/v1/reservas,5.829365,200,success,
1789927253.905108,GET,GET /api/v1/reservas,5.022462,200,success,
1789927253.937885,GET,GET /api/v1/reservas,5.474106,200,success,
1789927253.938355,GET,GET /api/v1/reservas,4.296603,200,success,
1789927253.987086,GET,GET /api/v1/reservas,5.618226,200,success,
1789927254.001971,GET,GET /api/v1/reservas,5.608751,200,success,
1789927254.033951,GET,GET /api/v1/reservas,4.693164,200,success,
1789927254.039309,GET,GET /api/v1/reservas,4.119584,200,success,
1789927254.114186,GET,GET /api/v1/reservas,5.554819,200,success,
1789927254.154103,GET,GET /api/v1/reservas,5.591886,200,success,
1789927254.214446,GET,GET /api/v1/reservas,6.060465,200,success,
1789927254.246106,GET,GET /api/v1/reservas,5.359974,200,success,
1789927254.293897,GET,GET /api/v1/reservas,5.515160,200,success,
1789927254.389614,GET,GET /api/v1/reservas,6.346990,200,success,
1789927254.414479,GET,GET /api/v1/reservas,4.603237,200,success,
1789927254.428949,GET,GET /api/v1/reservas/{id},3.303928,200,success,
1789927254.435227,GET,GET /api/v1/reservas,4.019052,200,success,
1789927254.522516,GET,GET /api/v1/reservas,5.966783,200,success,
1789927254.528929,GET,GET /api/v1/reservas/{id},3.243366,200,success,
1789927254.578205,GET,GET /api/v1/reservas/{id},4.062728,200,success,
1789927254.628724,GET,GET /api/v1/reservas,5.240934,200,success,
1789927254.708712,GET,GET /api/v1/reservas,5.639317,200,success,
1789927254.717199,GET,GET /api/v1/reservas,4.255469,200,success,
1789927254.732960,GET,GET /api/v1/reservas/{id},3.594098,200,success,
1789927254.761776,GET,GET /api/v1/reservas,5.518495,200,success,
1789927254.927549,GET,GET /api/v1/reservas,9.302340,200,success,
1789927254.928303,GET,GET /api/v1/reservas,7.260043,200,success,
1789927254.942018,GET,GET /api/v1/reservas/{id},3.525603,200,success,
1789927254.993359,GET,GET /api/v1/reservas,5.339183,200,success,
1789927255.059809,GET,GET /api/v1/reservas/{id},7.188495,200,success,
1789927255.063817,GET,GET /api/v1/reservas/{id},5.794612,200,success,
1789927255.079741,GET,GET /api/v1/reservas/{id},4.728406,200,success,
1789927255.093184,GET,GET /api/v1/reservas,6.138564,200,success,
1789927255.101192,GET,GET /api/v1/reservas,4.707826,200,success,
1789927255.142965,GET,GET /api/v1/reservas,5.483521,200,success,
1789927255.151550,GET,GET /api/v1/reservas,4.331315,200,success,
1789927255.183787,GET,GET /api/v1/reservas,4.987799,200,success,
1789927255.208267,GET,GET /api/v1/reservas/{id},4.290474,200,success,
1789927255.228431,GET,GET /api/v1/reservas/{id},5.948336,200,success,
1789927255.279598,GET,GET /api/v1/reservas/{id},6.904555,200,success,
1789927255.310197,GET,GET /api/v1/reservas,9.226233,200,success,
1789927255.336214,GET,GET /api/v1/reservas,6.697462,200,success,
1789927255.420334,GET,GET /api/v1/reservas,7.712509,200,success,
1789927255.521564,GET,GET /api/v1/reservas,6.816442,200,success,
1789927255.615709,GET,GET /api/v1/reservas,7.744889,200,success,
1789927255.627463,GET,GET /api/v1/reservas/{id},3.574859,200,success,
1789927255.670390,GET,GET /api/v1/reservas,5.649223,200,success,
1789927255.702465,GET,GET /api/v1/reservas/{id},3.883104,200,success,
1789927255.728355,GET,GET /api/v1/reservas/{id},3.707960,200,success,
1789927255.765781,GET,GET /api/v1/reservas,5.125859,200,success,
1789927255.793342,GET,GET /api/v1/reservas,5.234043,200,success,
1789927255.794393,GET,GET /api/v1/reservas/{id},3.707920,200,success,
1789927255.852109,GET,GET /api/v1/reservas,5.385913,200,success,
1789927255.933667,GET,GET /api/v1/reservas,5.779699,200,success,
1789927255.961532,GET,GET /api/v1/reservas,4.621104,200,success,
1789927256.091955,GET,GET /api/v1/reservas,7.270469,200,success,
1789927256.095949,GET,GET /api/v1/reservas,6.329954,200,success,
1789927256.127428,GET,GET /api/v1/reservas,7.101353,200,success,
1789927256.135085,GET,GET /api/v1/reservas,5.337660,200,success,
1789927256.143301,GET,GET /api/v1/reservas,4.864014,200,success,
1789927256.253838,GET,GET /api/v1/reservas,9.131300,200,success,
1789927256.370410,GET,GET /api/v1/reservas/{id},5.203906,200,success,
1789927256.447462,GET,GET /api/v1/reservas,5.689433,200,success,
1789927256.500145,GET,GET /api/v1/reservas,5.379203,200,success,
1789927256.532022,GET,GET /api/v1/reservas/{id},3.665115,200,success,
1789927256.579418,GET,GET /api/v1/reservas,5.088883,200,success,
1789927256.609202,GET,GET /api/v1/reservas/{id},3.607439,200,success,
1789927256.631793,GET,GET /api/v1/reservas,4.354509,200,success,
1789927256.657596,GET,GET /api/v1/reservas,4.553562,200,success,
1789927256.763744,GET,GET /api/v1/reservas,6.730341,200,success,
1789927256.771563,GET,GET /api/v1/reservas/{id},3.637562,200,success,
1789927256.784326,GET,GET /api/v1/reservas,4.493912,200,success,
1789927256.859911,GET,GET /api/v1/reservas/{id},4.356894,200,success,
1789927256.881630,GET,GET /api/v1/reservas,4.488563,200,success,
1789927256.938280,GET,GET /api/v1/reservas,5.340364,200,success,
1789927256.956059,GET,GET /api/v1/reservas/{id},3.583321,200,success,
1789927257.044796,GET,GET /api/v1/reservas/{id},4.700455,200,success,
1789927257.059618,GET,GET /api/v1/reservas,4.531758,200,success,
1789927257.084835,GET,GET /api/v1/reservas,6.893858,200,success,
1789927257.098113,GET,GET /api/v1/reservas,7.934836,200,success,
1789927257.099825,GET,GET /api/v1/reservas/{id},3.727660,200,success,
1789927257.116619,GET,GET /api/v1/reservas,4.550608,200,success,
1789927257.124151,GET,GET /api/v1/reservas,4.268521,200,success,
1789927257.131740,GET,GET /api/v1/reservas,4.345587,200,success,
1789927257.144106,GET,GET /api/v1/reservas,4.137110,200,success,
1789927257.163665,GET,GET /api/v1/reservas,4.331996,200,success,
1789927257.173591,GET,GET /api/v1/reservas,4.711020,200,success,
1789927257.179974,GET,GET /api/v1/reservas,4.178182,200,success,
1789927257.226662,GET,GET /api/v1/reservas,5.419033,200,success,
1789927257.362154,GET,GET /api/v1/reservas,9.033062,200,success,
1789927257.368286,GET,GET /api/v1/reservas,7.245292,200,success,
1789927257.372180,GET,GET /api/v1/reservas/{id},5.380895,200,success,
1789927257.394402,GET,GET /api/v1/reservas,5.882727,200,success,
1789927257.416545,GET,GET /api/v1/reservas,5.847563,200,success,
1789927257.469385,GET,GET /api/v1/reservas,8.524691,200,success,
1789927257.522676,GET,GET /api/v1/reservas,7.865691,200,success,
1789927257.670201,GET,GET /api/v1/reservas,6.131293,200,success,
1789927257.688003,GET,GET /api/v1/reservas,4.513342,200,success,
1789927257.724260,GET,GET /api/v1/reservas,6.959388,200,success,
1789927257.911899,GET,GET /api/v1/reservas/{id},7.281646,200,success,
1789927258.084348,GET,GET /api/v1/reservas,9.062035,200,success,
1789927258.113027,GET,GET /api/v1/reservas,5.317199,200,success,
1789927258.199085,GET,GET /api/v1/reservas,5.730946,200,success,
1789927258.271930,GET,GET /api/v1/reservas/{id},4.588975,200,success,
1789927258.278638,GET,GET /api/v1/reservas,4.437186,200,success,
1789927258.284978,GET,GET /api/v1/reservas/{id},3.186580,200,success,
1789927258.331095,GET,GET /api/v1/reservas/{id},3.939822,200,success,
1789927258.353247,GET,GET /api/v1/reservas,4.880928,200,success,
1789927258.515437,GET,GET /api/v1/reservas,5.755273,200,success,
1789927258.526204,GET,GET /api/v1/reservas,4.509655,200,success,
1789927258.526831,GET,GET /api/v1/reservas,4.640875,200,success,
1789927258.537452,GET,GET /api/v1/reservas,4.384957,200,success,
1789927258.579576,GET,GET /api/v1/reservas,4.864823,200,success,
1789927258.650277,GET,GET /api/v1/reservas/{id},7.448539,200,success,
1789927258.678816,GET,GET /api/v1/reservas/{id},4.329282,200,success,
1789927258.745125,GET,GET /api/v1/reservas/{id},6.045313,200,success,
1789927258.745613,GET,GET /api/v1/reservas,6.022759,200,success,
1789927258.746592,GET,GET /api/v1/reservas,6.828700,200,success,
1789927258.756317,GET,GET /api/v1/reservas,4.516216,200,success,
1789927258.757511,GET,GET /api/v1/reservas,4.142359,200,success,
1789927258.791508,GET,GET /api/v1/reservas,4.712973,200,success,
1789927258.818365,GET,GET /api/v1/reservas,4.614284,200,success,
1789927258.866856,GET,GET /api/v1/reservas,5.172639,200,success,
1789927259.044109,GET,GET /api/v1/reservas,5.989758,200,success,
1789927259.055638,GET,GET /api/v1/reservas,4.256512,200,success,
1789927259.205802,GET,GET /api/v1/reservas,8.168972,200,success,
1789927259.207357,GET,GET /api/v1/reservas,10.698707,200,success,
1789927259.207757,GET,GET /api/v1/reservas/{id},11.791252,200,success,
1789927259.218955,GET,GET /api/v1/reservas/{id},4.012832,200,success,
1789927259.237674,GET,GET /api/v1/reservas,5.426005,200,success,
1789927259.260957,GET,GET /api/v1/reservas/{id},5.088062,200,success,
1789927259.288205,GET,GET /api/v1/reservas,6.904344,200,success,
1789927259.295805,GET,GET /api/v1/reservas/{id},4.422513,200,success,
1789927259.308815,GET,GET /api/v1/reservas,5.710515,200,success,
1789927259.351415,GET,GET /api/v1/reservas,6.245817,200,success,
1789927259.519833,GET,GET /api/v1/reservas,6.895761,200,success,
1789927259.526137,GET,GET /api/v1/reservas/{id},4.092983,200,success,
1789927259.561619,GET,GET /api/v1/reservas,6.161489,200,success,
1789927259.575079,GET,GET /api/v1/reservas,5.137217,200,success,
1789927259.602644,GET,GET /api/v1/reservas/{id},4.346899,200,success,
1789927259.657083,GET,GET /api/v1/reservas/{id},5.190126,200,success,
1789927259.665108,GET,GET /api/v1/reservas/{id},3.835603,200,success,
1789927259.709959,GET,GET /api/v1/reservas,8.492702,200,success,
1789927259.725807,GET,GET /api/v1/reservas/{id},6.655227,200,success,
1789927259.808497,GET,GET /api/v1/reservas,7.215577,200,success,
1789927259.810969,GET,GET /api/v1/reservas,5.730225,200,success,
1789927259.965856,GET,GET /api/v1/reservas,6.948522,200,success,
1789927260.008106,GET,GET /api/v1/reservas,6.864244,200,success,
1789927260.028826,GET,GET /api/v1/reservas,5.369148,200,success,
1789927260.034261,GET,GET /api/v1/reservas,4.183771,200,success,
1789927260.079075,GET,GET /api/v1/reservas,5.488318,200,success,
1789927260.160766,GET,GET /api/v1/reservas/{id},5.420206,200,success,
1789927260.178755,GET,GET /api/v1/reservas,6.563609,200,success,
1789927260.262858,GET,GET /api/v1/reservas/{id},7.699590,200,success,
1789927260.280672,GET,GET /api/v1/reservas,8.431238,200,success,
1789927260.414934,GET,GET /api/v1/reservas,11.741697,200,success,
1789927260.490606,GET,GET /api/v1/reservas,8.021878,200,success,
1789927260.567658,GET,GET /api/v1/reservas,6.555004,200,success,
1789927260.568153,GET,GET /api/v1/reservas,10.183285,200,success,
1789927260.609121,GET,GET /api/v1/reservas/{id},5.720611,200,success,
1789927260.614615,GET,GET /api/v1/reservas,6.559723,200,success,
1789927260.640611,GET,GET /api/v1/reservas,5.693370,200,success,
1789927260.679330,GET,GET /api/v1/reservas/{id},4.510496,200,success,
1789927260.694362,GET,GET /api/v1/reservas,4.776330,200,success,
1789927260.725648,GET,GET /api/v1/reservas/{id},4.085653,200,success,
1789927260.815048,GET,GET /api/v1/reservas,6.039154,200,success,
1789927260.821688,GET,GET /api/v1/reservas/{id},3.470760,200,success,
1789927260.871621,GET,GET /api/v1/reservas,5.625988,200,success,
1789927260.899649,GET,GET /api/v1/reservas,4.781717,200,success,
1789927260.975703,GET,GET /api/v1/reservas,5.717946,200,success,
1789927261.033854,GET,GET /api/v1/reservas,5.155324,200,success,
1789927261.134022,GET,GET /api/v1/reservas,5.754301,200,success,
1789927261.150704,GET,GET /api/v1/reservas,4.407050,200,success,
1789927261.169382,GET,GET /api/v1/reservas/{id},3.516200,200,success,
1789927261.232068,GET,GET /api/v1/reservas,5.335136,200,success,
1789927261.244498,GET,GET /api/v1/reservas,4.182670,200,success,
1789927261.276930,GET,GET /api/v1/reservas,5.194502,200,success,
1789927261.319187,GET,GET /api/v1/reservas,4.960518,200,success,
1789927261.350998,GET,GET /api/v1/reservas,5.506296,200,success,
1789927261.382627,GET,GET /api/v1/reservas,5.320074,200,success,
1789927261.410272,GET,GET /api/v1/reservas,11.383593,200,success,
1789927261.487334,GET,GET /api/v1/reservas,6.717432,200,success,
1789927261.532962,GET,GET /api/v1/reservas,5.315958,200,success,
1789927261.644786,GET,GET /api/v1/reservas/{id},4.518620,200,success,
1789927261.659196,GET,GET /api/v1/reservas/{id},3.244769,200,success,
1789927261.678896,GET,GET /api/v1/reservas,5.401217,200,success,
1789927261.697956,GET,GET /api/v1/reservas,4.809028,200,success,
1789927261.705698,GET,GET /api/v1/reservas,4.497837,200,success,
1789927261.750349,GET,GET /api/v1/reservas/{id},4.432758,200,success,
1789927261.752036,GET,GET /api/v1/reservas/{id},3.418562,200,success,
1789927261.799741,GET,GET /api/v1/reservas,5.409479,200,success,
1789927261.815351,GET,GET /api/v1/reservas,4.370064,200,success,
1789927261.882502,GET,GET /api/v1/reservas,7.797970,200,success,
1789927261.929958,GET,GET /api/v1/reservas,6.204043,200,success,
1789927262.114557,GET,GET /api/v1/reservas,6.396354,200,success,
1789927262.120282,GET,GET /api/v1/reservas/{id},3.541648,200,success,
1789927262.147643,GET,GET /api/v1/reservas,5.056714,200,success,
1789927262.150429,GET,GET /api/v1/reservas/{id},3.549039,200,success,
1789927262.167578,GET,GET /api/v1/reservas,4.369713,200,success,
1789927262.167913,GET,GET /api/v1/reservas,5.268596,200,success,
1789927262.220786,GET,GET /api/v1/reservas,6.548346,200,success,
1789927262.228636,GET,GET /api/v1/reservas,5.381857,200,success,
1789927262.242623,GET,GET /api/v1/reservas/{id},3.802213,200,success,
1789927262.253056,GET,GET /api/v1/reservas/{id},3.269685,200,success,
1789927262.327977,GET,GET /api/v1/reservas/{id},5.682963,200,success,
1789927262.401873,GET,GET /api/v1/reservas,6.521464,200,success,
1789927262.410663,GET,GET /api/v1/reservas,4.531047,200,success,
1789927262.441494,GET,GET /api/v1/reservas,4.542233,200,success,
1789927262.524670,GET,GET /api/v1/reservas,5.811858,200,success,
1789927262.624727,GET,GET /api/v1/reservas,5.711006,200,success,
1789927262.669459,GET,GET /api/v1/reservas/{id},4.511858,200,success,
1789927262.736125,GET,GET /api/v1/reservas,5.309317,200,success,
1789927262.811197,GET,GET /api/v1/reservas/{id},5.008692,200,success,
1789927262.812131,GET,GET /api/v1/reservas,6.628876,200,success,
1789927262.888741,GET,GET /api/v1/reservas/{id},3.561498,200,success,
1789927262.889316,GET,GET /api/v1/reservas,5.867473,200,success,
1789927262.903083,GET,GET /api/v1/reservas,4.219536,200,success,
1789927262.903393,GET,GET /api/v1/reservas,4.877914,200,success,
1789927262.960859,GET,GET /api/v1/reservas,5.181513,200,success,
1789927263.012026,GET,GET /api/v1/reservas,5.137787,200,success,
1789927263.017287,GET,GET /api/v1/reservas,4.027294,200,success,
1789927263.034167,GET,GET /api/v1/reservas/{id},3.697335,200,success,
1789927263.119186,GET,GET /api/v1/reservas/{id},4.747345,200,success,
1789927263.209606,GET,GET /api/v1/reservas,6.056099,200,success,
1789927263.277559,GET,GET /api/v1/reservas,5.611885,200,success,
1789927263.295498,GET,GET /api/v1/reservas,4.631880,200,success,
1789927263.302955,GET,GET /api/v1/reservas/{id},3.300813,200,success,
1789927263.331997,GET,GET /api/v1/reservas,4.740244,200,success,
1789927263.358117,GET,GET /api/v1/reservas,4.862009,200,success,
1789927263.389866,GET,GET /api/v1/reservas,5.481918,200,success,
1789927263.390952,GET,GET /api/v1/reservas,4.905185,200,success,
1789927263.392323,GET,GET /api/v1/reservas,4.689488,200,success,
1789927263.407748,GET,GET /api/v1/reservas,4.197041,200,success,
1789927263.514157,GET,GET /api/v1/reservas,10.974214,200,success,
1789927263.649601,GET,GET /api/v1/reservas,6.005893,200,success,
1789927263.654811,GET,GET /api/v1/reservas,3.971138,200,success,
1789927263.696411,GET,GET /api/v1/reservas,4.914398,200,success,
1789927263.696803,GET,GET /api/v1/reservas,5.759119,200,success,
1789927263.720770,GET,GET /api/v1/reservas,4.706694,200,success,
1789927263.780347,GET,GET /api/v1/reservas,7.250930,200,success,
1789927263.780713,GET,GET /api/v1/reservas,5.836977,200,success,
1789927263.856293,GET,GET /api/v1/reservas,6.225956,200,success,
1789927263.911186,GET,GET /api/v1/reservas/{id},4.679092,200,success,
1789927263.923939,GET,GET /api/v1/reservas/{id},3.577212,200,success,
1789927263.968500,GET,GET /api/v1/reservas,5.256678,200,success,
1789927264.011787,GET,GET /api/v1/reservas/{id},4.658440,200,success,
1789927264.056316,GET,GET /api/v1/reservas,5.237468,200,success,
1789927264.068370,GET,GET /api/v1/reservas,4.509736,200,success,
1789927264.068793,GET,GET /api/v1/reservas,5.235265,200,success,
1789927264.088891,GET,GET /api/v1/reservas,4.868759,200,success,
1789927264.113093,GET,GET /api/v1/reservas,4.879065,200,success,
1789927264.113915,GET,GET /api/v1/reservas,4.177522,200,success,
1789927264.184527,GET,GET /api/v1/reservas,5.320344,200,success,
1789927264.360932,GET,GET /api/v1/reservas,6.015066,200,success,
1789927264.371737,GET,GET /api/v1/reservas/{id},3.594728,200,success,
1789927264.392398,GET,GET /api/v1/reservas/{id},3.485353,200,success,
1789927264.493829,GET,GET /api/v1/reservas,6.062460,200,success,
1789927264.501100,GET,GET /api/v1/reservas,4.925025,200,success,
1789927264.530046,GET,GET /api/v1/reservas,7.655223,200,success,
1789927264.549296,GET,GET /api/v1/reservas,5.004586,200,success,
1789927264.595569,GET,GET /api/v1/reservas,4.992727,200,success,
1789927264.605147,GET,GET /api/v1/reservas,4.340629,200,success,
1789927264.631074,GET,GET /api/v1/reservas,4.657420,200,success,
1789927264.639353,GET,GET /api/v1/reservas,4.051871,200,success,
1789927264.709960,GET,GET /api/v1/reservas,7.289568,200,success,
1789927264.844879,GET,GET /api/v1/reservas/{id},4.603668,200,success,
1789927264.881035,GET,GET /api/v1/reservas,4.854688,200,success,
1789927264.887321,GET,GET /api/v1/reservas,4.029717,200,success,
1789927264.940780,GET,GET /api/v1/reservas,6.188289,200,success,
1789927264.970259,GET,GET /api/v1/reservas,5.221304,200,success,
1789927264.989213,GET,GET /api/v1/reservas,4.673845,200,success,
1789927265.002064,GET,GET /api/v1/reservas/{id},3.680428,200,success,
1789927265.112045,GET,GET /api/v1/reservas/{id},4.644820,200,success,
1789927265.197477,GET,GET /api/v1/reservas/{id},5.168533,200,success,
1789927265.199656,GET,GET /api/v1/reservas,4.535034,200,success,
1789927265.344997,GET,GET /api/v1/reservas/{id},5.001000,200,success,
1789927265.346972,GET,GET /api/v1/reservas,4.608334,200,success,
1789927265.434689,GET,GET /api/v1/reservas/{id},4.454301,200,success,
1789927265.535843,GET,GET /api/v1/reservas,7.721703,200,success,
1789927265.563957,GET,GET /api/v1/reservas/{id},5.864819,200,success,
1789927265.591264,GET,GET /api/v1/reservas,5.974045,200,success,
1789927265.599450,GET,GET /api/v1/reservas/{id},3.994044,200,success,
1789927265.640372,GET,GET /api/v1/reservas/{id},4.669588,200,success,
1789927265.660479,GET,GET /api/v1/reservas,5.756515,200,success,
1789927265.701148,GET,GET /api/v1/reservas,7.237189,200,success,
1789927265.778657,GET,GET /api/v1/reservas,8.513364,200,success,
1789927265.836066,GET,GET /api/v1/reservas/{id},5.196345,200,success,
1789927265.854971,GET,GET /api/v1/reservas/{id},3.714080,200,success,
1789927265.857010,GET,GET /api/v1/reservas/{id},3.103123,200,success,
1789927265.865516,GET,GET /api/v1/reservas,4.270934,200,success,
1789927265.944132,GET,GET /api/v1/reservas/{id},3.301213,200,success,
1789927265.944532,GET,GET /api/v1/reservas,6.288921,200,success,
1789927266.013972,GET,GET /api/v1/reservas/{id},4.571119,200,success,
1789927266.025607,GET,GET /api/v1/reservas,4.369894,200,success,
1789927266.037831,GET,GET /api/v1/reservas,3.992511,200,success,
1789927266.066849,GET,GET /api/v1/reservas,4.775508,200,success,
1789927266.068688,GET,GET /api/v1/reservas,4.017409,200,success,
1789927266.084143,GET,GET /api/v1/reservas/{id},3.303628,200,success,
1789927266.146490,GET,GET /api/v1/reservas,5.661620,200,success,
1789927266.146893,GET,GET /api/v1/reservas,6.543847,200,success,
1789927266.174734,GET,GET /api/v1/reservas,4.623538,200,success,
1789927266.232379,GET,GET /api/v1/reservas/{id},4.410194,200,success,
1789927266.232821,GET,GET /api/v1/reservas/{id},3.174462,200,success,
1789927266.267220,GET,GET /api/v1/reservas,5.156545,200,success,
1789927266.416451,GET,GET /api/v1/reservas,7.658519,200,success,
1789927266.463554,GET,GET /api/v1/reservas,6.776280,200,success,
1789927266.467102,GET,GET /api/v1/reservas,5.423491,200,success,
1789927266.490885,GET,GET /api/v1/reservas,5.488178,200,success,
1789927266.567595,GET,GET /api/v1/reservas,8.317877,200,success,
1789927266.582206,GET,GET /api/v1/reservas/{id},5.387836,200,success,
1789927266.612038,GET,GET /api/v1/reservas,10.689482,200,success,
1789927266.612251,GET,GET /api/v1/reservas,10.616921,200,success,
1789927266.613719,GET,GET /api/v1/reservas/{id},5.415968,200,success,
1789927266.641262,GET,GET /api/v1/reservas,6.233679,200,success,
1789927266.668889,GET,GET /api/v1/reservas,6.245125,200,success,
1789927266.677214,GET,GET /api/v1/reservas,5.040539,200,success,
1789927266.683807,GET,GET /api/v1/reservas/{id},3.423880,200,success,
1789927266.744559,GET,GET /api/v1/reservas,7.359084,200,success,
1789927266.748163,GET,GET /api/v1/reservas,4.919616,200,success,
1789927266.765940,GET,GET /api/v1/reservas,4.504978,200,success,
1789927266.801967,GET,GET /api/v1/reservas,4.767997,200,success,
1789927266.912137,GET,GET /api/v1/reservas,6.368462,200,success,
1789927266.932026,GET,GET /api/v1/reservas,5.571914,200,success,
1789927266.936557,GET,GET /api/v1/reservas,5.251519,200,success,
1789927266.940589,GET,GET /api/v1/reservas,4.744661,200,success,
1789927267.037482,GET,GET /api/v1/reservas/{id},4.962091,200,success,
1789927267.058022,GET,GET /api/v1/reservas/{id},3.340472,200,success,
1789927267.096201,GET,GET /api/v1/reservas,6.861020,200,success,
1789927267.153883,GET,GET /api/v1/reservas/{id},4.425558,200,success,
1789927267.166172,GET,GET /api/v1/reservas,4.943202,200,success,
1789927267.231069,GET,GET /api/v1/reservas/{id},4.654384,200,success,
1789927267.241099,GET,GET /api/v1/reservas,4.716789,200,success,
1789927267.271239,GET,GET /api/v1/reservas,4.851133,200,success,
1789927267.276771,GET,GET /api/v1/reservas,4.270693,200,success,
1789927267.418311,GET,GET /api/v1/reservas,6.195851,200,success,
1789927267.513482,GET,GET /api/v1/reservas,5.783305,200,success,
1789927267.562210,GET,GET /api/v1/reservas,5.451844,200,success,
1789927267.578826,GET,GET /api/v1/reservas,4.378526,200,success,
1789927267.634958,GET,GET /api/v1/reservas,6.792865,200,success,
1789927267.664390,GET,GET /api/v1/reservas,6.094416,200,success,
1789927267.733365,GET,GET /api/v1/reservas,9.574992,200,success,
1789927267.802269,GET,GET /api/v1/reservas,8.889113,200,success,
1789927267.804665,GET,GET /api/v1/reservas,5.445254,200,success,
1789927267.838825,GET,GET /api/v1/reservas/{id},5.873762,200,success,
1789927267.900195,GET,GET /api/v1/reservas,6.993970,200,success,
1789927267.918250,GET,GET /api/v1/reservas/{id},4.426840,200,success,
1789927267.926054,GET,GET /api/v1/reservas,5.453065,200,success,
1789927267.926999,GET,GET /api/v1/reservas,4.819043,200,success,
1789927267.947732,GET,GET /api/v1/reservas,5.441387,200,success,
1789927268.144547,GET,GET /api/v1/reservas,7.631647,200,success,
1789927268.230605,GET,GET /api/v1/reservas,7.663376,200,success,
1789927268.235559,GET,GET /api/v1/reservas,6.082178,200,success,
1789927268.268826,GET,GET /api/v1/reservas,10.741411,200,success,
1789927268.305233,GET,GET /api/v1/reservas/{id},6.117272,200,success,
1789927268.307222,GET,GET /api/v1/reservas,5.234915,200,success,
1789927268.316170,GET,GET /api/v1/reservas,5.677345,200,success,
1789927268.316498,GET,GET /api/v1/reservas/{id},3.533426,200,success,
1789927268.372243,GET,GET /api/v1/reservas,5.426524,200,success,
1789927268.411341,GET,GET /api/v1/reservas,5.795513,200,success,
1789927268.417116,GET,GET /api/v1/reservas,4.486110,200,success,
1789927268.462772,GET,GET /api/v1/reservas,5.347414,200,success,
1789927268.478036,GET,GET /api/v1/reservas,4.972537,200,success,
1789927268.510284,GET,GET /api/v1/reservas/{id},4.054525,200,success,
1789927268.529391,GET,GET /api/v1/reservas,4.823942,200,success,
1789927268.562731,GET,GET /api/v1/reservas,5.027431,200,success,
1789927268.589183,GET,GET /api/v1/reservas,5.201954,200,success,
1789927268.617915,GET,GET /api/v1/reservas,4.491758,200,success,
1789927268.662180,GET,GET /api/v1/reservas,4.971475,200,success,
1789927268.781398,GET,GET /api/v1/reservas,5.832480,200,success,
1789927268.785686,GET,GET /api/v1/reservas,4.118302,200,success,
1789927268.803635,GET,GET /api/v1/reservas,4.685842,200,success,
1789927268.875581,GET,GET /api/v1/reservas,5.612236,200,success,
1789927268.907853,GET,GET /api/v1/reservas/{id},5.060190,200,success,
1789927268.911443,GET,GET /api/v1/reservas,5.749455,200,success,
1789927268.922463,GET,GET /api/v1/reservas/{id},3.844827,200,success,
1789927268.942415,GET,GET /api/v1/reservas,4.696889,200,success,
1789927268.994629,GET,GET /api/v1/reservas,5.878400,200,success,
1789927269.078261,GET,GET /api/v1/reservas,6.230883,200,success,
1789927269.087184,GET,GET /api/v1/reservas/{id},3.720629,200,success,
1789927269.130966,GET,GET /api/v1/reservas,5.444992,200,success,
1789927269.135640,GET,GET /api/v1/reservas,5.482299,200,success,
1789927269.141231,GET,GET /api/v1/reservas/{id},3.425602,200,success,
1789927269.200686,GET,GET /api/v1/reservas,10.127339,200,success,
1789927269.211885,GET,GET /api/v1/reservas,4.915029,200,success,
1789927269.270786,GET,GET /api/v1/reservas,5.567668,200,success,
1789927269.297743,GET,GET /api/v1/reservas,4.686673,200,success,
1789927269.327882,GET,GET /api/v1/reservas,4.889019,200,success,
1789927269.411135,GET,GET /api/v1/reservas,5.869257,200,success,
1789927269.430102,GET,GET /api/v1/reservas/{id},3.767700,200,success,
1789927269.513136,GET,GET /api/v1/reservas,5.672487,200,success,
1789927269.523613,GET,GET /api/v1/reservas/{id},3.299241,200,success,
1789927269.573742,GET,GET /api/v1/reservas/{id},3.938089,200,success,
1789927269.647621,GET,GET /api/v1/reservas,5.568079,200,success,
1789927269.698358,GET,GET /api/v1/reservas,5.419315,200,success,
1789927269.775115,GET,GET /api/v1/reservas/{id},5.518925,200,success,
1789927269.839075,GET,GET /api/v1/reservas,5.603523,200,success,
1789927269.850969,GET,GET /api/v1/reservas,4.650078,200,success,
1789927269.951095,GET,GET /api/v1/reservas,6.200107,200,success,
1789927269.984279,GET,GET /api/v1/reservas/{id},3.972742,200,success,
1789927269.990611,GET,GET /api/v1/reservas,4.104081,200,success,
1789927270.043768,GET,GET /api/v1/reservas,5.121592,200,success,
1789927270.049271,GET,GET /api/v1/reservas,4.259066,200,success,
1789927270.111923,GET,GET /api/v1/reservas,5.353995,200,success,
1789927270.207427,GET,GET /api/v1/reservas,6.103280,200,success,
1789927270.216088,GET,GET /api/v1/reservas/{id},3.473494,200,success,
1789927270.280053,GET,GET /api/v1/reservas,5.640921,200,success,
1789927270.308481,GET,GET /api/v1/reservas,5.137256,200,success,
1789927270.309723,GET,GET /api/v1/reservas/{id},3.389316,200,success,
1789927270.319289,GET,GET /api/v1/reservas,4.345657,200,success,
1789927270.324675,GET,GET /api/v1/reservas/{id},3.231198,200,success,
1789927270.367479,GET,GET /api/v1/reservas/{id},8.581337,200,success,
1789927270.452793,GET,GET /api/v1/reservas,6.913548,200,success,
1789927270.541900,GET,GET /api/v1/reservas/{id},5.839351,200,success,
1789927270.593782,GET,GET /api/v1/reservas,7.512506,200,success,
1789927270.653255,GET,GET /api/v1/reservas,7.951852,200,success,
1789927270.653558,GET,GET /api/v1/reservas/{id},10.439834,200,success,
1789927270.722610,GET,GET /api/v1/reservas/{id},5.803005,200,success,
1789927270.735732,GET,GET /api/v1/reservas,8.785375,200,success,
1789927270.736602,GET,GET /api/v1/reservas,9.292054,200,success,
1789927270.751551,GET,GET /api/v1/reservas/{id},5.765340,200,success,
1789927270.764581,GET,GET /api/v1/reservas,5.729515,200,success,
1789927270.783667,GET,GET /api/v1/reservas,6.781618,200,success,
1789927270.793724,GET,GET /api/v1/reservas/{id},4.847837,200,success,
1789927270.855458,GET,GET /api/v1/reservas,7.353085,200,success,
1789927270.867949,GET,GET /api/v1/reservas/{id},7.182336,200,success,
1789927270.870886,GET,GET /api/v1/reservas/{id},7.479486,200,success,
1789927270.968079,GET,GET /api/v1/reservas/{id},4.910634,200,success,
1789927270.993258,GET,GET /api/v1/reservas/{id},3.974986,200,success,
1789927271.027870,GET,GET /api/v1/reservas,5.375688,200,success,
1789927271.030912,GET,GET /api/v1/reservas/{id},3.824386,200,success,
1789927271.072561,GET,GET /api/v1/reservas,5.363179,200,success,
1789927271.112293,GET,GET /api/v1/reservas,5.433876,200,success,
1789927271.122266,GET,GET /api/v1/reservas,4.705201,200,success,
1789927271.185683,GET,GET /api/v1/reservas,7.041613,200,success,
1789927271.188926,GET,GET /api/v1/reservas,5.322407,200,success,
1789927271.210731,GET,GET /api/v1/reservas,4.552339,200,success,
1789927271.230266,GET,GET /api/v1/reservas/{id},3.366953,200,success,
1789927271.378670,GET,GET /api/v1/reservas,6.035829,200,success,
1789927271.417666,GET,GET /api/v1/reservas/{id},4.357675,200,success,
1789927271.418825,GET,GET /api/v1/reservas,5.903258,200,success,
1789927271.465308,GET,GET /api/v1/reservas,5.173693,200,success,
1789927271.509009,GET,GET /api/v1/reservas,5.377671,200,success,
1789927271.573020,GET,GET /api/v1/reservas,5.655382,200,success,
1789927271.579485,GET,GET /api/v1/reservas,4.191103,200,success,
1789927271.681579,GET,GET /api/v1/reservas/{id},4.810272,200,success,
1789927271.686156,GET,GET /api/v1/reservas,4.338766,200,success,
1789927271.715235,GET,GET /api/v1/reservas,4.771743,200,success,
1789927271.744189,GET,GET /api/v1/reservas,4.672371,200,success,
1789927271.746561,GET,GET /api/v1/reservas,4.434261,200,success,
1789927271.775441,GET,GET /api/v1/reservas,5.581459,200,success,
1789927271.820363,GET,GET /api/v1/reservas,5.632427,200,success,
1789927271.913579,GET,GET /api/v1/reservas,6.471078,200,success,
1789927271.947753,GET,GET /api/v1/reservas,4.881390,200,success,
1789927272.040836,GET,GET /api/v1/reservas,6.005472,200,success,
1789927272.055709,GET,GET /api/v1/reservas,7.513699,200,success,
1789927272.100674,GET,GET /api/v1/reservas,5.689173,200,success,
1789927272.151276,GET,GET /api/v1/reservas,5.323949,200,success,
1789927272.156915,GET,GET /api/v1/reservas/{id},3.441927,200,success,
1789927272.244102,GET,GET /api/v1/reservas,5.834463,200,success,
1789927272.302882,GET,GET /api/v1/reservas,5.490111,200,success,
1789927272.352070,GET,GET /api/v1/reservas,5.883067,200,success,
1789927272.399685,GET,GET /api/v1/reservas,5.354997,200,success,
1789927272.527830,GET,GET /api/v1/reservas,5.753851,200,success,
1789927272.578288,GET,GET /api/v1/reservas/{id},4.252826,200,success,
1789927272.658110,GET,GET /api/v1/reservas/{id},4.577297,200,success,
1789927272.679952,GET,GET /api/v1/reservas,4.553161,200,success,
1789927272.752616,GET,GET /api/v1/reservas/{id},4.414260,200,success,
1789927272.759784,GET,GET /api/v1/reservas/{id},3.009651,200,success,
1789927272.815520,GET,GET /api/v1/reservas,5.449299,200,success,
1789927272.835353,GET,GET /api/v1/reservas/{id},3.651314,200,success,
1789927272.845109,GET,GET /api/v1/reservas/{id},3.593357,200,success,
1789927272.847916,GET,GET /api/v1/reservas,4.692743,200,success,
1789927272.882877,GET,GET /api/v1/reservas,4.680213,200,success,
1789927273.093423,GET,GET /api/v1/reservas,6.331567,200,success,
1789927273.096356,GET,GET /api/v1/reservas/{id},3.746818,200,success,
1789927273.113888,GET,GET /api/v1/reservas/{id},3.831117,200,success,
1789927273.114939,GET,GET /api/v1/reservas,5.281744,200,success,
1789927273.148955,GET,GET /api/v1/reservas/{id},3.868884,200,success,
1789927273.170092,GET,GET /api/v1/reservas,5.794773,200,success,
1789927273.186064,GET,GET /api/v1/reservas/{id},8.400662,200,success,
1789927273.187207,GET,GET /api/v1/reservas,9.829928,200,success,
1789927273.272897,GET,GET /api/v1/reservas/{id},4.442853,200,success,
1789927273.285708,GET,GET /api/v1/reservas,4.516725,200,success,
1789927273.311002,GET,GET /api/v1/reservas,4.953958,200,success,
1789927273.311804,GET,GET /api/v1/reservas/{id},3.273522,200,success,
1789927273.316873,GET,GET /api/v1/reservas/{id},2.922129,200,success,
1789927273.345911,GET,GET /api/v1/reservas,4.735869,200,success,
1789927273.357703,GET,GET /api/v1/reservas,4.536515,200,success,
1789927273.363938,GET,GET /api/v1/reservas,4.016838,200,success,
1789927273.433186,GET,GET /api/v1/reservas,8.902613,200,success,
1789927273.444345,GET,GET /api/v1/reservas,14.137057,200,success,
1789927273.515357,GET,GET /api/v1/reservas/{id},9.713903,200,success,
1789927273.530674,GET,GET /api/v1/reservas,5.973053,200,success,
1789927273.565351,GET,GET /api/v1/reservas,11.328751,200,success,
1789927273.647177,GET,GET /api/v1/reservas,5.462229,200,success,
1789927273.670226,GET,GET /api/v1/reservas,4.754686,200,success,
1789927273.672162,GET,GET /api/v1/reservas,4.073474,200,success,
1789927273.726712,GET,GET /api/v1/reservas/{id},4.366628,200,success,
1789927273.836303,GET,GET /api/v1/reservas,16.222168,200,success,
1789927273.853660,GET,GET /api/v1/reservas/{id},6.126035,200,success,
1789927273.858386,GET,GET /api/v1/reservas,5.944048,200,success,
1789927273.951127,GET,GET /api/v1/reservas,5.931371,200,success,
1789927274.001879,GET,GET /api/v1/reservas,5.450151,200,success,
1789927274.051347,GET,GET /api/v1/reservas,5.168704,200,success,
1789927274.107366,GET,GET /api/v1/reservas,5.733379,200,success,
1789927274.142779,GET,GET /api/v1/reservas,5.113360,200,success,
1789927274.290454,GET,GET /api/v1/reservas/{id},5.321556,200,success,
1789927274.309849,GET,GET /api/v1/reservas,5.081111,200,success,
1789927274.355311,GET,GET /api/v1/reservas/{id},4.245525,200,success,
1789927274.372494,GET,GET /api/v1/reservas,4.894187,200,success,
1789927274.436758,GET,GET /api/v1/reservas,5.969658,200,success,
1789927274.444018,GET,GET /api/v1/reservas,4.001514,200,success,
1789927274.469860,GET,GET /api/v1/reservas,4.572009,200,success,
1789927274.497616,GET,GET /api/v1/reservas,4.478929,200,success,
1789927274.507035,GET,GET /api/v1/reservas,6.110041,200,success,
1789927274.508476,GET,GET /api/v1/reservas,5.075072,200,success,
1789927274.566965,GET,GET /api/v1/reservas,5.207262,200,success,
1789927274.709424,GET,GET /api/v1/reservas,6.123992,200,success,
1789927274.713333,GET,GET /api/v1/reservas,4.587162,200,success,
1789927274.733869,GET,GET /api/v1/reservas,4.271674,200,success,
1789927274.744681,GET,GET /api/v1/reservas,4.545539,200,success,
1789927274.905225,GET,GET /api/v1/reservas,6.101177,200,success,
1789927274.934168,GET,GET /api/v1/reservas,4.653183,200,success,
1789927274.944513,GET,GET /api/v1/reservas/{id},3.189555,200,success,
1789927274.995872,GET,GET /api/v1/reservas/{id},9.160014,200,success,
1789927275.010015,GET,GET /api/v1/reservas,4.983973,200,success,
1789927275.077832,GET,GET /api/v1/reservas,5.492885,200,success,
1789927275.151672,GET,GET /api/v1/reservas/{id},4.587653,200,success,
1789927275.181283,GET,GET /api/v1/reservas/{id},3.415347,200,success,
1789927275.201046,GET,GET /api/v1/reservas,4.476585,200,success,
1789927275.276289,GET,GET /api/v1/reservas,5.878890,200,success,
1789927275.316476,GET,GET /api/v1/reservas,4.901729,200,success,
1789927275.364514,GET,GET /api/v1/reservas,7.684115,200,success,
1789927275.513253,GET,GET /api/v1/reservas/{id},5.398693,200,success,
1789927275.515439,GET,GET /api/v1/reservas,4.662597,200,success,
1789927275.538263,GET,GET /api/v1/reservas,4.586932,200,success,
1789927275.543473,GET,GET /api/v1/reservas,3.993583,200,success,
1789927275.555138,GET,GET /api/v1/reservas/{id},3.511723,200,success,
1789927275.588451,GET,GET /api/v1/reservas,5.034941,200,success,
1789927275.592237,GET,GET /api/v1/reservas,4.486420,200,success,
1789927275.617285,GET,GET /api/v1/reservas,4.786865,200,success,
1789927275.652391,GET,GET /api/v1/reservas,4.839826,200,success,
1789927275.657971,GET,GET /api/v1/reservas,4.297864,200,success,
1789927275.659547,GET,GET /api/v1/reservas,4.364456,200,success,
1789927275.811119,GET,GET /api/v1/reservas,6.458319,200,success,
1789927275.811325,GET,GET /api/v1/reservas,7.459015,200,success,
1789927275.849824,GET,GET /api/v1/reservas,8.248822,200,success,
1789927275.884610,GET,GET /api/v1/reservas,6.468595,200,success,
1789927275.894958,GET,GET /api/v1/reservas/{id},8.041038,200,success,
1789927275.931843,GET,GET /api/v1/reservas,6.049990,200,success,
1789927275.984261,GET,GET /api/v1/reservas,9.820454,200,success,
1789927276.031199,GET,GET /api/v1/reservas,8.720376,200,success,
1789927276.042763,GET,GET /api/v1/reservas,6.259847,200,success,
1789927276.075217,GET,GET /api/v1/reservas,8.089231,200,success,
1789927276.076995,GET,GET /api/v1/reservas,5.363649,200,success,
1789927276.120257,GET,GET /api/v1/reservas,7.517122,200,success,
1789927276.204620,GET,GET /api/v1/reservas,6.006984,200,success,
1789927276.213111,GET,GET /api/v1/reservas,4.228500,200,success,
1789927276.342582,GET,GET /api/v1/reservas,6.185746,200,success,
1789927276.378829,GET,GET /api/v1/reservas,4.936692,200,success,
1789927276.397651,GET,GET /api/v1/reservas/{id},3.648149,200,success,
1789927276.421417,GET,GET /api/v1/reservas,4.456935,200,success,
1789927276.428569,GET,GET /api/v1/reservas/{id},2.989350,200,success,
1789927276.466930,GET,GET /api/v1/reservas/{id},4.165243,200,success,
1789927276.474207,GET,GET /api/v1/reservas,4.976723,200,success,
1789927276.603259,GET,GET /api/v1/reservas,5.631665,200,success,
1789927276.610974,GET,GET /api/v1/reservas,4.405478,200,success,
1789927276.614548,GET,GET /api/v1/reservas,4.507111,200,success,
1789927276.658632,GET,GET /api/v1/reservas,4.814587,200,success,
1789927276.668969,GET,GET /api/v1/reservas,4.078522,200,success,
1789927276.678808,GET,GET /api/v1/reservas,4.570016,200,success,
1789927276.681760,GET,GET /api/v1/reservas,4.580292,200,success,
1789927276.726585,GET,GET /api/v1/reservas,8.537269,200,success,
1789927276.729866,GET,GET /api/v1/reservas/{id},5.978181,200,success,
1789927276.801971,GET,GET /api/v1/reservas,7.735044,200,success,
1789927276.876070,GET,GET /api/v1/reservas,8.692114,200,success,
1789927276.894109,GET,GET /api/v1/reservas,7.256518,200,success,
1789927276.914186,GET,GET /api/v1/reservas,5.774442,200,success,
1789927276.981159,GET,GET /api/v1/reservas,7.587770,200,success,
1789927276.985429,GET,GET /api/v1/reservas,5.048141,200,success,
1789927277.282007,GET,GET /api/v1/reservas,6.267380,200,success,
1789927277.313008,GET,GET /api/v1/reservas/{id},3.785288,200,success,
1789927277.327849,GET,GET /api/v1/reservas,4.580723,200,success,
1789927277.447622,GET,GET /api/v1/reservas,6.399620,200,success,
1789927277.461043,GET,GET /api/v1/reservas,4.744192,200,success,
1789927277.461658,GET,GET /api/v1/reservas,5.786070,200,success,
1789927277.463433,GET,GET /api/v1/reservas,5.538464,200,success,
1789927277.469488,GET,GET /api/v1/reservas/{id},2.908057,200,success,
1789927277.488131,GET,GET /api/v1/reservas,4.382493,200,success,
1789927277.514965,GET,GET /api/v1/reservas,4.545129,200,success,
1789927277.539743,GET,GET /api/v1/reservas,4.502105,200,success,
1789927277.544915,GET,GET /api/v1/reservas,3.954815,200,success,
1789927277.619558,GET,GET /api/v1/reservas/{id},4.426570,200,success,
1789927277.627132,GET,GET /api/v1/reservas,4.322481,200,success,
1789927277.657892,GET,GET /api/v1/reservas,4.505849,200,success,
1789927277.671257,GET,GET /api/v1/reservas,4.086634,200,success,
1789927277.691993,GET,GET /api/v1/reservas,4.461411,200,success,
1789927277.704340,GET,GET /api/v1/reservas,4.111882,200,success,
1789927277.712668,GET,GET /api/v1/reservas/{id},3.175242,200,success,
1789927277.719671,GET,GET /api/v1/reservas,4.767605,200,success,
1789927277.736481,GET,GET /api/v1/reservas,4.524627,200,success,
1789927277.786710,GET,GET /api/v1/reservas/{id},4.017480,200,success,
1789927277.824478,GET,GET /api/v1/reservas,5.479004,200,success,
1789927277.898139,GET,GET /api/v1/reservas/{id},4.425318,200,success,
1789927277.909537,GET,GET /api/v1/reservas/{id},3.216215,200,success,
1789927278.001980,GET,GET /api/v1/reservas,8.741669,200,success,
1789927278.015619,GET,GET /api/v1/reservas,6.326790,200,success,
1789927278.040261,GET,GET /api/v1/reservas,5.354747,200,success,
1789927278.062845,GET,GET /api/v1/reservas,5.292602,200,success,
1789927278.094537,GET,GET /api/v1/reservas,12.330128,200,success,
1789927278.158730,GET,GET /api/v1/reservas/{id},5.904009,200,success,
1789927278.186557,GET,GET /api/v1/reservas,9.461751,200,success,
1789927278.204211,GET,GET /api/v1/reservas,6.315602,200,success,
1789927278.414724,GET,GET /api/v1/reservas,6.970855,200,success,
1789927278.451855,GET,GET /api/v1/reservas,6.798495,200,success,
1789927278.463009,GET,GET /api/v1/reservas,6.815850,200,success,
1789927278.547647,GET,GET /api/v1/reservas/{id},6.384686,200,success,
1789927278.571708,GET,GET /api/v1/reservas,10.690463,200,success,
1789927278.622274,GET,GET /api/v1/reservas,6.201770,200,success,
1789927278.637286,GET,GET /api/v1/reservas,4.724692,200,success,
1789927278.747564,GET,GET /api/v1/reservas,5.895515,200,success,
1789927278.776559,GET,GET /api/v1/reservas,4.725893,200,success,
1789927278.912269,GET,GET /api/v1/reservas,7.263268,200,success,
1789927278.954505,GET,GET /api/v1/reservas,4.943583,200,success,
1789927278.960878,GET,GET /api/v1/reservas,4.124841,200,success,
1789927279.032741,GET,GET /api/v1/reservas,7.742446,200,success,
1789927279.035167,GET,GET /api/v1/reservas,6.299288,200,success,
1789927279.057620,GET,GET /api/v1/reservas,6.043570,200,success,
1789927279.089131,GET,GET /api/v1/reservas,5.171819,200,success,
1789927279.135461,GET,GET /api/v1/reservas,5.036343,200,success,
1789927279.149422,GET,GET /api/v1/reservas,4.673112,200,success,
1789927279.178232,GET,GET /api/v1/reservas/{id},3.627027,200,success,
1789927279.191413,GET,GET /api/v1/reservas,4.918425,200,success,
1789927279.200571,GET,GET /api/v1/reservas/{id},5.996288,200,success,
1789927279.230258,GET,GET /api/v1/reservas,7.300044,200,success,
1789927279.245133,GET,GET /api/v1/reservas,5.575129,200,success,
1789927279.287481,GET,GET /api/v1/reservas,5.046399,200,success,
1789927279.322935,GET,GET /api/v1/reservas,5.164988,200,success,
1789927279.354172,GET,GET /api/v1/reservas,4.924283,200,success,
1789927279.361603,GET,GET /api/v1/reservas/{id},3.260111,200,success,
1789927279.390462,GET,GET /api/v1/reservas,4.604810,200,success,
1789927279.468355,GET,GET /api/v1/reservas,5.583243,200,success,
1789927279.544046,GET,GET /api/v1/reservas/{id},4.450886,200,success,
1789927279.550390,GET,GET /api/v1/reservas,4.109919,200,success,
1789927279.610108,GET,GET /api/v1/reservas,5.385452,200,success,
1789927279.634867,GET,GET /api/v1/reservas/{id},3.580357,200,success,
1789927279.642083,GET,GET /api/v1/reservas,3.960863,200,success,
1789927279.690658,GET,GET /api/v1/reservas,5.281696,200,success,
1789927279.772946,GET,GET /api/v1/reservas/{id},5.027390,200,success,
1789927279.802107,GET,GET /api/v1/reservas,6.830703,200,success,
1789927279.817374,GET,GET /api/v1/reservas,5.966233,200,success,
1789927279.903453,GET,GET /api/v1/reservas,5.732278,200,success,
1789927279.922010,GET,GET /api/v1/reservas,4.865304,200,success,
1789927280.000829,GET,GET /api/v1/reservas,5.507638,200,success,
1789927280.017042,GET,GET /api/v1/reservas,6.827399,200,success,
1789927280.022661,GET,GET /api/v1/reservas,4.386869,200,success,
1789927280.089020,GET,GET /api/v1/reservas,6.018432,200,success,
1789927280.091318,GET,GET /api/v1/reservas,4.638130,200,success,
1789927280.132635,GET,GET /api/v1/reservas,5.041380,200,success,
1789927280.163635,GET,GET /api/v1/reservas/{id},3.815704,200,success,
1789927280.184508,GET,GET /api/v1/reservas,4.605529,200,success,
1789927280.223572,GET,GET /api/v1/reservas,4.777621,200,success,
1789927280.247275,GET,GET /api/v1/reservas,4.449854,200,success,
1789927280.324513,GET,GET /api/v1/reservas/{id},4.996253,200,success,
1789927280.325483,GET,GET /api/v1/reservas,5.438604,200,success,
1789927280.362478,GET,GET /api/v1/reservas/{id},7.788746,200,success,
1789927280.374207,GET,GET /api/v1/reservas,7.092310,200,success,
1789927280.411119,GET,GET /api/v1/reservas,6.562045,200,success,
1789927280.411480,GET,GET /api/v1/reservas,6.021287,200,success,
1789927280.418748,GET,GET /api/v1/reservas,4.062168,200,success,
1789927280.433591,GET,GET /api/v1/reservas,4.553662,200,success,
1789927280.436625,GET,GET /api/v1/reservas,3.984710,200,success,
1789927280.524489,GET,GET /api/v1/reservas,6.528616,200,success,
1789927280.524883,GET,GET /api/v1/reservas,5.129443,200,success,
1789927280.546655,GET,GET /api/v1/reservas/{id},3.591694,200,success,
1789927280.575534,GET,GET /api/v1/reservas,4.604900,200,success,
1789927280.581654,GET,GET /api/v1/reservas/{id},2.967308,200,success,
1789927280.799117,GET,GET /api/v1/reservas,6.908731,200,success,
1789927280.843783,GET,GET /api/v1/reservas,7.319474,200,success,
1789927280.871349,GET,GET /api/v1/reservas/{id},5.363849,200,success,
1789927280.886546,GET,GET /api/v1/reservas/{id},4.010589,200,success,
1789927280.926840,GET,GET /api/v1/reservas/{id},6.041077,200,success,
1789927280.994366,GET,GET /api/v1/reservas,9.382291,200,success,
1789927280.995210,GET,GET /api/v1/reservas,11.010009,200,success,
1789927281.120891,GET,GET /api/v1/reservas,8.824244,200,success,
1789927281.147384,GET,GET /api/v1/reservas/{id},11.279866,200,success,
1789927281.193218,GET,GET /api/v1/reservas/{id},6.575697,200,success,
1789927281.220303,GET,GET /api/v1/reservas,7.775014,200,success,
1789927281.332333,GET,GET /api/v1/reservas/{id},4.775067,200,success,
1789927281.358495,GET,GET /api/v1/reservas,4.841979,200,success,
1789927281.378259,GET,GET /api/v1/reservas,4.469174,200,success,
1789927281.381228,GET,GET /api/v1/reservas/{id},2.883071,200,success,
1789927281.436487,GET,GET /api/v1/reservas/{id},4.067225,200,success,
1789927281.641023,GET,GET /api/v1/reservas,7.019630,200,success,
1789927281.641638,GET,GET /api/v1/reservas,5.856516,200,success,
1789927281.703133,GET,GET /api/v1/reservas,5.169986,200,success,
1789927281.759008,GET,GET /api/v1/reservas,7.575342,200,success,
1789927281.784285,GET,GET /api/v1/reservas,4.967709,200,success,
1789927281.798944,GET,GET /api/v1/reservas,4.384605,200,success,
1789927281.835002,GET,GET /api/v1/reservas/{id},3.840009,200,success,
1789927281.918912,GET,GET /api/v1/reservas/{id},5.261374,200,success,
1789927281.944807,GET,GET /api/v1/reservas,4.631019,200,success,
1789927281.952975,GET,GET /api/v1/reservas/{id},3.015200,200,success,
1789927281.958036,GET,GET /api/v1/reservas/{id},2.896540,200,success,
1789927282.041814,GET,GET /api/v1/reservas,5.669093,200,success,
1789927282.062577,GET,GET /api/v1/reservas/{id},3.566525,200,success,
1789927282.081171,GET,GET /api/v1/reservas,4.317974,200,success,
1789927282.157475,GET,GET /api/v1/reservas,5.976869,200,success,
1789927282.197139,GET,GET /api/v1/reservas,5.348427,200,success,
1789927282.197521,GET,GET /api/v1/reservas,5.438153,200,success,
1789927282.231556,GET,GET /api/v1/reservas,4.796700,200,success,
1789927282.258633,GET,GET /api/v1/reservas,4.821848,200,success,
1789927282.298973,GET,GET /api/v1/reservas,5.011546,200,success,
1789927282.318842,GET,GET /api/v1/reservas/{id},3.686598,200,success,
1789927282.326365,GET,GET /api/v1/reservas,4.263772,200,success,
1789927282.346927,GET,GET /api/v1/reservas,4.299828,200,success,
1789927282.461525,GET,GET /api/v1/reservas,6.264524,200,success,
1789927282.483135,GET,GET /api/v1/reservas/{id},4.415252,200,success,
1789927282.517105,GET,GET /api/v1/reservas/{id},3.781091,200,success,
1789927282.535972,GET,GET /api/v1/reservas,4.615886,200,success,
1789927282.554355,GET,GET /api/v1/reservas,4.148578,200,success,
1789927282.564655,GET,GET /api/v1/reservas,4.092643,200,success,
1789927282.585203,GET,GET /api/v1/reservas/{id},3.382638,200,success,
1789927282.592768,GET,GET /api/v1/reservas,4.321500,200,success,
1789927282.615263,GET,GET /api/v1/reservas/{id},3.333093,200,success,
1789927282.656240,GET,GET /api/v1/reservas,4.715146,200,success,
1789927282.668645,GET,GET /api/v1/reservas,4.141347,200,success,
1789927282.689229,GET,GET /api/v1/reservas/{id},3.411400,200,success,
1789927282.693377,GET,GET /api/v1/reservas,3.980342,200,success,
1789927282.756908,GET,GET /api/v1/reservas,5.204369,200,success,
1789927282.785777,GET,GET /api/v1/reservas,5.612537,200,success,
1789927282.964195,GET,GET /api/v1/reservas,5.945602,200,success,
1789927283.002810,GET,GET /api/v1/reservas,5.321667,200,success,
1789927283.060158,GET,GET /api/v1/reservas,5.369678,200,success,
1789927283.177774,GET,GET /api/v1/reservas,6.191264,200,success,
1789927283.210879,GET,GET /api/v1/reservas/{id},3.905780,200,success,
1789927283.301177,GET,GET /api/v1/reservas,5.938241,200,success,
1789927283.320712,GET,GET /api/v1/reservas,5.229816,200,success,
1789927283.323388,GET,GET /api/v1/reservas,4.277673,200,success,
1789927283.411300,GET,GET /api/v1/reservas/{id},4.652541,200,success,
1789927283.418616,GET,GET /api/v1/reservas/{id},3.150155,200,success,
1789927283.423264,GET,GET /api/v1/reservas,4.484297,200,success,
1789927283.528448,GET,GET /api/v1/reservas,13.739204,200,success,
1789927283.535836,GET,GET /api/v1/reservas,5.082193,200,success,
1789927283.715319,GET,GET /api/v1/reservas,6.029098,200,success,
1789927283.755031,GET,GET /api/v1/reservas,5.419054,200,success,
1789927283.755127,GET,GET /api/v1/reservas/{id},3.934923,200,success,
1789927283.775054,GET,GET /api/v1/reservas,4.677560,200,success,
1789927283.777105,GET,GET /api/v1/reservas,4.205625,200,success,
1789927283.837706,GET,GET /api/v1/reservas,14.602663,200,success,
1789927283.901636,GET,GET /api/v1/reservas,5.572536,200,success,
1789927284.038077,GET,GET /api/v1/reservas,5.816637,200,success,
1789927284.064037,GET,GET /api/v1/reservas,5.618826,200,success,
1789927284.066051,GET,GET /api/v1/reservas,5.080841,200,success,
1789927284.085185,GET,GET /api/v1/reservas,4.851984,200,success,
1789927284.086042,GET,GET /api/v1/reservas,4.200016,200,success,
1789927284.122057,GET,GET /api/v1/reservas,4.761777,200,success,
1789927284.133486,GET,GET /api/v1/reservas,4.161597,200,success,
1789927284.162454,GET,GET /api/v1/reservas,4.724000,200,success,
1789927284.239588,GET,GET /api/v1/reservas/{id},4.891434,200,success,
1789927284.241060,GET,GET /api/v1/reservas,4.504447,200,success,
1789927284.275164,GET,GET /api/v1/reservas/{id},3.918130,200,success,
1789927284.285467,GET,GET /api/v1/reservas/{id},3.138167,200,success,
1789927284.365673,GET,GET /api/v1/reservas,5.839620,200,success,
1789927284.369142,GET,GET /api/v1/reservas,4.559781,200,success,
1789927284.377069,GET,GET /api/v1/reservas/{id},3.768932,200,success,
1789927284.428571,GET,GET /api/v1/reservas,5.193772,200,success,
1789927284.442675,GET,GET /api/v1/reservas,4.854318,200,success,
1789927284.451311,GET,GET /api/v1/reservas,4.412929,200,success,
1789927284.458866,GET,GET /api/v1/reservas,4.313088,200,success,
1789927284.568213,GET,GET /api/v1/reservas/{id},5.059157,200,success,
1789927284.569979,GET,GET /api/v1/reservas,4.968951,200,success,
1789927284.596913,GET,GET /api/v1/reservas,4.649937,200,success,
1789927284.666761,GET,GET /api/v1/reservas,5.545325,200,success,
1789927284.785046,GET,GET /api/v1/reservas/{id},4.968572,200,success,
1789927284.788395,GET,GET /api/v1/reservas,4.443665,200,success,
1789927284.808387,GET,GET /api/v1/reservas,4.725192,200,success,
1789927284.820670,GET,GET /api/v1/reservas,4.049978,200,success,
1789927284.881396,GET,GET /api/v1/reservas,5.474439,200,success,
1789927284.903195,GET,GET /api/v1/reservas/{id},3.608499,200,success,
1789927284.906430,GET,GET /api/v1/reservas,4.126244,200,success,
1789927284.934521,GET,GET /api/v1/reservas,4.784862,200,success,
1789927284.947457,GET,GET /api/v1/reservas/{id},3.770685,200,success,
1789927285.028073,GET,GET /api/v1/reservas,6.440972,200,success,
1789927285.068269,GET,GET /api/v1/reservas,5.872099,200,success,
1789927285.100440,GET,GET /api/v1/reservas,4.856910,200,success,
1789927285.193377,GET,GET /api/v1/reservas/{id},4.672902,200,success,
1789927285.247155,GET,GET /api/v1/reservas/{id},4.533802,200,success,
1789927285.282624,GET,GET /api/v1/reservas,5.138819,200,success,
1789927285.415967,GET,GET /api/v1/reservas/{id},5.025137,200,success,
1789927285.416690,GET,GET /api/v1/reservas,5.173001,200,success,
1789927285.525727,GET,GET /api/v1/reservas/{id},4.771022,200,success,
1789927285.554629,GET,GET /api/v1/reservas/{id},3.714600,200,success,
1789927285.602753,GET,GET /api/v1/reservas/{id},3.931189,200,success,
1789927285.628602,GET,GET /api/v1/reservas,4.577648,200,success,
1789927285.653190,GET,GET /api/v1/reservas/{id},3.413653,200,success,
1789927285.683775,GET,GET /api/v1/reservas,5.286261,200,success,
1789927285.716256,GET,GET /api/v1/reservas,5.211279,200,success,
1789927285.716574,GET,GET /api/v1/reservas/{id},3.928514,200,success,
1789927285.771399,GET,GET /api/v1/reservas,5.505323,200,success,
1789927285.853627,GET,GET /api/v1/reservas,5.857208,200,success,
1789927285.968309,GET,GET /api/v1/reservas/{id},4.931264,200,success,
1789927286.030801,GET,GET /api/v1/reservas/{id},4.483325,200,success,
1789927286.059104,GET,GET /api/v1/reservas,4.957073,200,success,
1789927286.075844,GET,GET /api/v1/reservas,4.462504,200,success,
1789927286.101681,GET,GET /api/v1/reservas,4.586713,200,success,
1789927286.165524,GET,GET /api/v1/reservas,7.486437,200,success,
1789927286.221306,GET,GET /api/v1/reservas,7.401589,200,success,
1789927286.280187,GET,GET /api/v1/reservas,6.519401,200,success,
1789927286.286891,GET,GET /api/v1/reservas,4.415323,200,success,
1789927286.313770,GET,GET /api/v1/reservas,7.540379,200,success,
1789927286.332626,GET,GET /api/v1/reservas/{id},4.652993,200,success,
1789927286.447037,GET,GET /api/v1/reservas,7.029334,200,success,
1789927286.476183,GET,GET /api/v1/reservas/{id},5.898079,200,success,
1789927286.490500,GET,GET /api/v1/reservas/{id},4.124372,200,success,
1789927286.574588,GET,GET /api/v1/reservas,5.755263,200,success,
1789927286.647511,GET,GET /api/v1/reservas,5.597524,200,success,
1789927286.716314,GET,GET /api/v1/reservas,5.471072,200,success,
1789927286.730297,GET,GET /api/v1/reservas,4.738323,200,success,
1789927286.744812,GET,GET /api/v1/reservas,4.261799,200,success,
1789927286.775699,GET,GET /api/v1/reservas,4.630989,200,success,
1789927286.810977,GET,GET /api/v1/reservas,6.958919,200,success,
1789927286.845338,GET,GET /api/v1/reservas/{id},4.106053,200,success,
1789927286.920836,GET,GET /api/v1/reservas/{id},4.951635,200,success,
1789927286.921713,GET,GET /api/v1/reservas,5.295615,200,success,
1789927286.965872,GET,GET /api/v1/reservas/{id},3.979592,200,success,
1789927286.979379,GET,GET /api/v1/reservas/{id},3.317869,200,success,
1789927287.060977,GET,GET /api/v1/reservas,9.212012,200,success,
1789927287.071217,GET,GET /api/v1/reservas,5.897228,200,success,
1789927287.104064,GET,GET /api/v1/reservas,7.483132,200,success,
1789927287.135141,GET,GET /api/v1/reservas,6.721928,200,success,
1789927287.138816,GET,GET /api/v1/reservas/{id},4.586741,200,success,
1789927287.246969,GET,GET /api/v1/reservas,7.698399,200,success,
1789927287.280281,GET,GET /api/v1/reservas,6.933548,200,success,
1789927287.311805,GET,GET /api/v1/reservas,6.162942,200,success,
1789927287.316745,GET,GET /api/v1/reservas,4.730771,200,success,
1789927287.325224,GET,GET /api/v1/reservas,6.199106,200,success,
1789927287.337891,GET,GET /api/v1/reservas,4.392587,200,success,
1789927287.350652,GET,GET /api/v1/reservas,4.492599,200,success,
1789927287.354189,GET,GET /api/v1/reservas,4.388481,200,success,
1789927287.381177,GET,GET /api/v1/reservas/{id},3.763393,200,success,
1789927287.416343,GET,GET /api/v1/reservas,4.889420,200,success,
1789927287.480144,GET,GET /api/v1/reservas/{id},4.585460,200,success,
1789927287.504772,GET,GET /api/v1/reservas/{id},9.008704,200,success,
1789927287.512789,GET,GET /api/v1/reservas,5.704365,200,success,
1789927287.541788,GET,GET /api/v1/reservas,5.711507,200,success,
1789927287.574336,GET,GET /api/v1/reservas,5.240863,200,success,
1789927287.672791,GET,GET /api/v1/reservas,6.075768,200,success,
1789927287.831701,GET,GET /api/v1/reservas,6.483095,200,success,
1789927287.856957,GET,GET /api/v1/reservas,4.954258,200,success,
1789927287.895360,GET,GET /api/v1/reservas,5.095483,200,success,
1789927287.898179,GET,GET /api/v1/reservas/{id},3.532604,200,success,
1789927287.939471,GET,GET /api/v1/reservas/{id},3.690994,200,success,
1789927287.975844,GET,GET /api/v1/reservas,5.113251,200,success,
1789927288.039338,GET,GET /api/v1/reservas,6.705754,200,success,
1789927288.039741,GET,GET /api/v1/reservas,8.890104,200,success,
1789927288.095962,GET,GET /api/v1/reservas,5.911009,200,success,
1789927288.120139,GET,GET /api/v1/reservas,4.837773,200,success,
1789927288.214456,GET,GET /api/v1/reservas,5.931231,200,success,
1789927288.251863,GET,GET /api/v1/reservas/{id},4.196731,200,success,
1789927288.403439,GET,GET /api/v1/reservas,8.116331,200,success,
1789927288.429548,GET,GET /api/v1/reservas/{id},6.871715,200,success,
1789927288.450241,GET,GET /api/v1/reservas,7.103637,200,success,
1789927288.659230,GET,GET /api/v1/reservas,6.480411,200,success,
1789927288.693238,GET,GET /api/v1/reservas,7.682524,200,success,
1789927288.734368,GET,GET /api/v1/reservas,6.769299,200,success,
1789927288.782412,GET,GET /api/v1/reservas,8.507345,200,success,
1789927288.805585,GET,GET /api/v1/reservas,6.827878,200,success,
1789927288.811233,GET,GET /api/v1/reservas,5.407596,200,success,
1789927288.833375,GET,GET /api/v1/reservas,6.851665,200,success,
1789927288.959809,GET,GET /api/v1/reservas,7.000471,200,success,
1789927288.959954,GET,GET /api/v1/reservas,6.703180,200,success,
1789927288.992833,GET,GET /api/v1/reservas,5.649502,200,success,
1789927288.994042,GET,GET /api/v1/reservas,4.207437,200,success,
1789927289.006467,GET,GET /api/v1/reservas/{id},3.260943,200,success,
1789927289.114684,GET,GET /api/v1/reservas/{id},5.255225,200,success,
1789927289.117510,GET,GET /api/v1/reservas,5.174633,200,success,
1789927289.151212,GET,GET /api/v1/reservas,5.406395,200,success,
1789927289.173001,GET,GET /api/v1/reservas/{id},3.606607,200,success,
1789927289.176757,GET,GET /api/v1/reservas,4.662888,200,success,
1789927289.216732,GET,GET /api/v1/reservas,5.685748,200,success,
1789927289.229475,GET,GET /api/v1/reservas,4.456615,200,success,
1789927289.280278,GET,GET /api/v1/reservas,5.503381,200,success,
1789927289.284378,GET,GET /api/v1/reservas,4.852084,200,success,
1789927289.318345,GET,GET /api/v1/reservas,4.700364,200,success,
1789927289.393220,GET,GET /api/v1/reservas,5.548099,200,success,
1789927289.494144,GET,GET /api/v1/reservas,6.112964,200,success,
1789927289.556850,GET,GET /api/v1/reservas/{id},4.455013,200,success,
1789927289.634764,GET,GET /api/v1/reservas,5.566687,200,success,
1789927289.638923,GET,GET /api/v1/reservas/{id},2.993567,200,success,
1789927289.680125,GET,GET /api/v1/reservas,5.847182,200,success,
1789927289.681262,GET,GET /api/v1/reservas,4.425948,200,success,
1789927289.766562,GET,GET /api/v1/reservas,5.961426,200,success,
1789927289.804034,GET,GET /api/v1/reservas,5.182385,200,success,
1789927289.839140,GET,GET /api/v1/reservas,5.764998,200,success,
1789927289.855006,GET,GET /api/v1/reservas,5.529741,200,success,
1789927289.949661,GET,GET /api/v1/reservas,5.822926,200,success,
1789927289.961128,GET,GET /api/v1/reservas,4.248649,200,success,
1789927290.031750,GET,GET /api/v1/reservas,5.666398,200,success,
1789927290.069994,GET,GET /api/v1/reservas,4.914089,200,success,
1789927290.107057,GET,GET /api/v1/reservas,4.789850,200,success,
1789927290.167850,GET,GET /api/v1/reservas,5.462198,200,success,
1789927290.171582,GET,GET /api/v1/reservas,4.519840,200,success,
1789927290.175439,GET,GET /api/v1/reservas,3.693578,200,success,
1789927290.228874,GET,GET /api/v1/reservas,5.186771,200,success,
1789927290.245201,GET,GET /api/v1/reservas,5.064356,200,success,
1789927290.246881,GET,GET /api/v1/reservas,4.164021,200,success,
1789927290.269652,GET,GET /api/v1/reservas,4.530257,200,success,
1789927290.287166,GET,GET /api/v1/reservas,4.255550,200,success,
1789927290.291165,GET,GET /api/v1/reservas,3.825648,200,success,
1789927290.296309,GET,GET /api/v1/reservas/{id},3.002050,200,success,
1789927290.375789,GET,GET /api/v1/reservas,18.558228,200,success,
1789927290.383754,GET,GET /api/v1/reservas,7.689013,200,success,
1789927290.388903,GET,GET /api/v1/reservas,6.091473,200,success,
1789927290.454906,GET,GET /api/v1/reservas,5.682693,200,success,
1789927290.595836,GET,GET /api/v1/reservas,6.481013,200,success,
1789927290.627228,GET,GET /api/v1/reservas,5.066509,200,success,
1789927290.707180,GET,GET /api/v1/reservas/{id},6.686634,200,success,
1789927290.813747,GET,GET /api/v1/reservas,5.410971,200,success,
1789927290.814198,GET,GET /api/v1/reservas,6.670370,200,success,
1789927290.862543,GET,GET /api/v1/reservas,5.056293,200,success,
1789927290.895565,GET,GET /api/v1/reservas,4.746014,200,success,
1789927290.913560,GET,GET /api/v1/reservas/{id},3.829254,200,success,
1789927291.046661,GET,GET /api/v1/reservas,6.000305,200,success,
1789927291.120796,GET,GET /api/v1/reservas,6.750733,200,success,
1789927291.125848,GET,GET /api/v1/reservas,5.901144,200,success,
1789927291.141519,GET,GET /api/v1/reservas/{id},5.469910,200,success,
1789927291.149430,GET,GET /api/v1/reservas,5.606147,200,success,
1789927291.165589,GET,GET /api/v1/reservas,5.854002,200,success,
1789927291.208638,GET,GET /api/v1/reservas/{id},4.832464,200,success,
1789927291.306427,GET,GET /api/v1/reservas,10.335745,200,success,
1789927291.309057,GET,GET /api/v1/reservas/{id},5.864379,200,success,
1789927291.371452,GET,GET /api/v1/reservas,9.931243,200,success,
1789927291.375496,GET,GET /api/v1/reservas/{id},6.980210,200,success,
1789927291.393388,GET,GET /api/v1/reservas/{id},5.663744,200,success,
1789927291.454882,GET,GET /api/v1/reservas/{id},6.219567,200,success,
1789927291.473393,GET,GET /api/v1/reservas,10.184906,200,success,
1789927291.564136,GET,GET /api/v1/reservas,7.298102,200,success,
1789927291.584119,GET,GET /api/v1/reservas,7.625798,200,success,
1789927291.586638,GET,GET /api/v1/reservas/{id},4.396604,200,success,
1789927291.662569,GET,GET /api/v1/reservas/{id},4.690408,200,success,
1789927291.690795,GET,GET /api/v1/reservas,4.940318,200,success,
1789927291.699233,GET,GET /api/v1/reservas,4.205123,200,success,
1789927291.844644,GET,GET /api/v1/reservas,5.990800,200,success,
1789927291.862086,GET,GET /api/v1/reservas,5.170958,200,success,
1789927291.935773,GET,GET /api/v1/reservas,5.661260,200,success,
1789927291.946163,GET,GET /api/v1/reservas,4.150531,200,success,
1789927291.991359,GET,GET /api/v1/reservas,4.929913,200,success,
1789927292.022243,GET,GET /api/v1/reservas,4.641335,200,success,
1789927292.051267,GET,GET /api/v1/reservas/{id},4.181468,200,success,
1789927292.168170,GET,GET /api/v1/reservas,6.500864,200,success,
1789927292.192487,GET,GET /api/v1/reservas,4.988941,200,success,
1789927292.259964,GET,GET /api/v1/reservas,6.138835,200,success,
1789927292.261119,GET,GET /api/v1/reservas,4.543346,200,success,
1789927292.314445,GET,GET /api/v1/reservas/{id},4.126616,200,success,
1789927292.328846,GET,GET /api/v1/reservas/{id},3.233220,200,success,
1789927292.364753,GET,GET /api/v1/reservas,5.595010,200,success,
1789927292.425188,GET,GET /api/v1/reservas,6.052244,200,success,
1789927292.535430,GET,GET /api/v1/reservas,5.808323,200,success,
1789927292.560380,GET,GET /api/v1/reservas,4.664190,200,success,
1789927292.567107,GET,GET /api/v1/reservas,4.462204,200,success,
1789927292.615543,GET,GET /api/v1/reservas,5.162485,200,success,
1789927292.662743,GET,GET /api/v1/reservas,4.923102,200,success,
1789927292.741650,GET,GET /api/v1/reservas,5.546456,200,success,
1789927292.747036,GET,GET /api/v1/reservas,4.095608,200,success,
1789927292.766690,GET,GET /api/v1/reservas/{id},3.495719,200,success,
1789927292.770720,GET,GET /api/v1/reservas/{id},2.883981,200,success,
1789927292.805777,GET,GET /api/v1/reservas/{id},5.810527,200,success,
1789927292.809915,GET,GET /api/v1/reservas,6.962173,200,success,
1789927292.810508,GET,GET /api/v1/reservas,5.628321,200,success,
1789927292.854957,GET,GET /api/v1/reservas,5.175895,200,success,
1789927292.931865,GET,GET /api/v1/reservas/{id},4.656247,200,success,
1789927292.938358,GET,GET /api/v1/reservas,4.248109,200,success,
1789927292.944566,GET,GET /api/v1/reservas,4.004779,200,success,
1789927293.035464,GET,GET /api/v1/reservas/{id},4.906316,200,success,
1789927293.036920,GET,GET /api/v1/reservas,4.583938,200,success,
1789927293.037708,GET,GET /api/v1/reservas/{id},3.962065,200,success,
1789927293.069432,GET,GET /api/v1/reservas,4.445848,200,success,
1789927293.131228,GET,GET /api/v1/reservas,5.474549,200,success,
1789927293.140103,GET,GET /api/v1/reservas,4.544958,200,success,
1789927293.145657,GET,GET /api/v1/reservas/{id},3.382446,200,success,
1789927293.207174,GET,GET /api/v1/reservas,6.195921,200,success,
1789927293.499120,GET,GET /api/v1/reservas/{id},8.446572,200,success,
1789927293.513145,GET,GET /api/v1/reservas/{id},6.230524,200,success,
1789927293.559491,GET,GET /api/v1/reservas,5.971591,200,success,
1789927293.577517,GET,GET /api/v1/reservas,4.745964,200,success,
1789927293.600165,GET,GET /api/v1/reservas/{id},3.503100,200,success,
1789927293.697389,GET,GET /api/v1/reservas,5.854723,200,success,
1789927293.740093,GET,GET /api/v1/reservas,5.389468,200,success,
1789927293.745754,GET,GET /api/v1/reservas,4.400288,200,success,
1789927293.839034,GET,GET /api/v1/reservas,9.778601,200,success,
1789927293.842894,GET,GET /api/v1/reservas,5.563151,200,success,
1789927293.846843,GET,GET /api/v1/reservas,5.481588,200,success,
1789927293.878870,GET,GET /api/v1/reservas,4.751933,200,success,
1789927293.988890,GET,GET /api/v1/reservas,6.125865,200,success,
1789927294.016819,GET,GET /api/v1/reservas/{id},3.735943,200,success,
1789927294.024671,GET,GET /api/v1/reservas,4.528513,200,success,
1789927294.026025,GET,GET /api/v1/reservas,4.374149,200,success,
1789927294.131793,GET,GET /api/v1/reservas,5.747852,200,success,
1789927294.204143,GET,GET /api/v1/reservas,6.007886,200,success,
1789927294.211082,GET,GET /api/v1/reservas,4.642718,200,success,
1789927294.258140,GET,GET /api/v1/reservas,5.723746,200,success,
1789927294.303607,GET,GET /api/v1/reservas,5.195454,200,success,
1789927294.352176,GET,GET /api/v1/reservas,5.278301,200,success,
1789927294.389978,GET,GET /api/v1/reservas/{id},4.588535,200,success,
1789927294.394592,GET,GET /api/v1/reservas,5.362888,200,success,
1789927294.394977,GET,GET /api/v1/reservas,5.469139,200,success,
1789927294.422930,GET,GET /api/v1/reservas/{id},3.775012,200,success,
1789927294.449491,GET,GET /api/v1/reservas,5.322897,200,success,
1789927294.476321,GET,GET /api/v1/reservas/{id},3.649061,200,success,
1789927294.508426,GET,GET /api/v1/reservas,4.779603,200,success,
1789927294.526212,GET,GET /api/v1/reservas/{id},3.608299,200,success,
1789927294.589216,GET,GET /api/v1/reservas,5.697116,200,success,
1789927294.655734,GET,GET /api/v1/reservas/{id},4.294269,200,success,
1789927294.773787,GET,GET /api/v1/reservas/{id},4.734806,200,success,
1789927294.862056,GET,GET /api/v1/reservas,5.847584,200,success,
1789927294.929998,GET,GET /api/v1/reservas,5.613127,200,success,
1789927294.959600,GET,GET /api/v1/reservas,5.346413,200,success,
1789927294.959888,GET,GET /api/v1/reservas/{id},4.062978,200,success,
1789927294.978919,GET,GET /api/v1/reservas,4.792945,200,success,
1789927294.979910,GET,GET /api/v1/reservas,4.235018,200,success,
1789927295.015893,GET,GET /api/v1/reservas,4.710810,200,success,
1789927295.024188,GET,GET /api/v1/reservas,4.034084,200,success,
1789927295.043431,GET,GET /api/v1/reservas,5.280794,200,success,
1789927295.047921,GET,GET /api/v1/reservas,6.129871,200,success,
1789927295.054530,GET,GET /api/v1/reservas,5.362358,200,success,
1789927295.067878,GET,GET /api/v1/reservas,5.099369,200,success,
1789927295.096334,GET,GET /api/v1/reservas,5.134382,200,success,
1789927295.128453,GET,GET /api/v1/reservas/{id},3.919180,200,success,
1789927295.135613,GET,GET /api/v1/reservas/{id},2.995350,200,success,
1789927295.144164,GET,GET /api/v1/reservas,4.322823,200,success,
1789927295.150617,GET,GET /api/v1/reservas,4.200297,200,success,
1789927295.180448,GET,GET /api/v1/reservas,4.596587,200,success,
1789927295.237680,GET,GET /api/v1/reservas,5.922006,200,success,
1789927295.256743,GET,GET /api/v1/reservas,4.800606,200,success,
1789927295.306551,GET,GET /api/v1/reservas,5.477142,200,success,
1789927295.348722,GET,GET /api/v1/reservas/{id},3.993552,200,success,
1789927295.464730,GET,GET /api/v1/reservas/{id},4.817982,200,success,
1789927295.533614,GET,GET /api/v1/reservas,5.553517,200,success,
1789927295.725191,GET,GET /api/v1/reservas,6.081286,200,success,
1789927295.754174,GET,GET /api/v1/reservas,5.670725,200,success,
1789927295.763171,GET,GET /api/v1/reservas,4.741175,200,success,
1789927295.768642,GET,GET /api/v1/reservas/{id},3.302325,200,success,
1789927295.781109,GET,GET /api/v1/reservas,4.193667,200,success,
1789927295.883967,GET,GET /api/v1/reservas/{id},4.591008,200,success,
1789927295.893658,GET,GET /api/v1/reservas,4.393709,200,success,
1789927296.106136,GET,GET /api/v1/reservas/{id},4.932546,200,success,
1789927296.127158,GET,GET /api/v1/reservas,4.719673,200,success,
1789927296.206128,GET,GET /api/v1/reservas,5.595251,200,success,
1789927296.253557,GET,GET /api/v1/reservas,5.133891,200,success,
1789927296.283702,GET,GET /api/v1/reservas/{id},3.960032,200,success,
1789927296.336969,GET,GET /api/v1/reservas,5.963629,200,success,
1789927296.472794,GET,GET /api/v1/reservas,6.365719,200,success,
1789927296.493013,GET,GET /api/v1/reservas,6.863412,200,success,
1789927296.507792,GET,GET /api/v1/reservas,8.521696,200,success,
1789927296.588698,GET,GET /api/v1/reservas/{id},5.624475,200,success,
1789927296.593216,GET,GET /api/v1/reservas,6.171493,200,success,
1789927296.631364,GET,GET /api/v1/reservas,8.730582,200,success,
1789927296.724311,GET,GET /api/v1/reservas,10.045977,200,success,
1789927296.752971,GET,GET /api/v1/reservas/{id},5.400966,200,success,
1789927296.775828,GET,GET /api/v1/reservas,10.481937,200,success,
1789927296.842308,GET,GET /api/v1/reservas,8.123692,200,success,
1789927296.887234,GET,GET /api/v1/reservas/{id},4.447029,200,success,
1789927296.890457,GET,GET /api/v1/reservas,4.841438,200,success,
1789927296.912804,GET,GET /api/v1/reservas/{id},4.168638,200,success,
1789927296.916843,GET,GET /api/v1/reservas,4.691832,200,success,
1789927296.924733,GET,GET /api/v1/reservas,4.627293,200,success,
1789927296.925176,GET,GET /api/v1/reservas,4.574313,200,success,
1789927296.936488,GET,GET /api/v1/reservas,4.094235,200,success,
1789927296.975535,GET,GET /api/v1/reservas,4.812465,200,success,
1789927296.996131,GET,GET /api/v1/reservas,4.355902,200,success,
1789927297.151629,GET,GET /api/v1/reservas/{id},5.479445,200,success,
1789927297.159966,GET,GET /api/v1/reservas,5.958701,200,success,
1789927297.175746,GET,GET /api/v1/reservas,5.451062,200,success,
1789927297.201108,GET,GET /api/v1/reservas,6.028848,200,success,
1789927297.228819,GET,GET /api/v1/reservas,6.415234,200,success,
1789927297.277673,GET,GET /api/v1/reservas,6.535387,200,success,
1789927297.300844,GET,GET /api/v1/reservas/{id},4.954599,200,success,
1789927297.308303,GET,GET /api/v1/reservas,5.148123,200,success,
1789927297.383815,GET,GET /api/v1/reservas,8.161900,200,success,
1789927297.384136,GET,GET /api/v1/reservas/{id},6.731093,200,success,
1789927297.416696,GET,GET /api/v1/reservas,7.465305,200,success,
1789927297.417399,GET,GET /api/v1/reservas,15.015468,200,success,
1789927297.458245,GET,GET /api/v1/reservas/{id},10.102943,200,success,
1789927297.512763,GET,GET /api/v1/reservas,9.117589,200,success,
1789927297.572545,GET,GET /api/v1/reservas/{id},10.484331,200,success,
1789927297.574927,GET,GET /api/v1/reservas,9.757288,200,success,
1789927297.617648,GET,GET /api/v1/reservas/{id},9.503714,200,success,
1789927297.633391,GET,GET /api/v1/reservas,8.563248,200,success,
1789927297.661956,GET,GET /api/v1/reservas,11.710830,200,success,
1789927297.702052,GET,GET /api/v1/reservas,12.358062,200,success,
1789927297.704164,GET,GET /api/v1/reservas,7.522230,200,success,
1789927297.745362,GET,GET /api/v1/reservas,9.845262,200,success,
1789927297.929358,GET,GET /api/v1/reservas,6.198165,200,success,
1789927297.944232,GET,GET /api/v1/reservas,4.616598,200,success,
1789927297.956820,GET,GET /api/v1/reservas,4.317545,200,success,
1789927297.985974,GET,GET /api/v1/reservas/{id},3.972560,200,success,
1789927298.006712,GET,GET /api/v1/reservas/{id},3.549010,200,success,
1789927298.009115,GET,GET /api/v1/reservas,4.227547,200,success,
1789927298.027606,GET,GET /api/v1/reservas/{id},3.322005,200,success,
1789927298.100478,GET,GET /api/v1/reservas,5.833501,200,success,
1789927298.113300,GET,GET /api/v1/reservas/{id},3.624343,200,success,
1789927298.152476,GET,GET /api/v1/reservas,4.886346,200,success,
1789927298.330785,GET,GET /api/v1/reservas,5.898410,200,success,
1789927298.346355,GET,GET /api/v1/reservas/{id},3.389058,200,success,
1789927298.368181,GET,GET /api/v1/reservas,4.598611,200,success,
1789927298.417738,GET,GET /api/v1/reservas,5.299412,200,success,
1789927298.424145,GET,GET /api/v1/reservas/{id},3.247822,200,success,
1789927298.464319,GET,GET /api/v1/reservas,4.884433,200,success,
1789927298.603426,GET,GET /api/v1/reservas,8.650251,200,success,
1789927298.623725,GET,GET /api/v1/reservas,7.003114,200,success,
1789927298.682972,GET,GET /api/v1/reservas/{id},5.015782,200,success,
1789927298.724455,GET,GET /api/v1/reservas,7.091439,200,success,
1789927298.763470,GET,GET /api/v1/reservas,7.621902,200,success,
1789927298.784485,GET,GET /api/v1/reservas,6.661137,200,success,
1789927298.880910,GET,GET /api/v1/reservas,6.020054,200,success,
1789927298.898767,GET,GET /api/v1/reservas/{id},3.654699,200,success,
1789927298.934907,GET,GET /api/v1/reservas,4.856641,200,success,
1789927299.000087,GET,GET /api/v1/reservas/{id},8.920380,200,success,
1789927299.005576,GET,GET /api/v1/reservas,8.278477,200,success,
1789927299.062581,GET,GET /api/v1/reservas,6.663339,200,success,
1789927299.070559,GET,GET /api/v1/reservas,4.741777,200,success,
1789927299.077015,GET,GET /api/v1/reservas,5.191058,200,success,
1789927299.084108,GET,GET /api/v1/reservas,4.828508,200,success,
1789927299.147146,GET,GET /api/v1/reservas,11.801277,200,success,
1789927299.215813,GET,GET /api/v1/reservas,18.333487,200,success,
1789927299.236007,GET,GET /api/v1/reservas/{id},5.905871,200,success,
1789927299.294943,GET,GET /api/v1/reservas,6.573774,200,success,
1789927299.300477,GET,GET /api/v1/reservas,5.290189,200,success,
1789927299.402580,GET,GET /api/v1/reservas/{id},4.806224,200,success,
1789927299.407444,GET,GET /api/v1/reservas,4.652922,200,success,
1789927299.424744,GET,GET /api/v1/reservas,5.033419,200,success,
1789927299.435523,GET,GET /api/v1/reservas,4.556726,200,success,
1789927299.441950,GET,GET /api/v1/reservas,4.184843,200,success,
1789927299.453559,GET,GET /api/v1/reservas/{id},6.427482,200,success,
1789927299.491915,GET,GET /api/v1/reservas,5.052948,200,success,
1789927299.504875,GET,GET /api/v1/reservas,4.707846,200,success,
1789927299.564767,GET,GET /api/v1/reservas,5.565005,200,success,
1789927299.565086,GET,GET /api/v1/reservas/{id},4.300258,200,success,
1789927299.615622,GET,GET /api/v1/reservas,6.241059,200,success,
1789927299.635906,GET,GET /api/v1/reservas,4.988101,200,success,
1789927299.654392,GET,GET /api/v1/reservas,4.257023,200,success,
1789927299.689284,GET,GET /api/v1/reservas,4.612020,200,success,
1789927299.711365,GET,GET /api/v1/reservas,4.792193,200,success,
1789927299.716005,GET,GET /api/v1/reservas/{id},3.446835,200,success,
1789927299.781783,GET,GET /api/v1/reservas,5.463190,200,success,
1789927299.838536,GET,GET /api/v1/reservas,7.427458,200,success,
1789927299.880313,GET,GET /api/v1/reservas,10.423999,200,success,
1789927299.882854,GET,GET /api/v1/reservas,6.885356,200,success,
1789927299.903374,GET,GET /api/v1/reservas,5.233192,200,success,
1789927299.928454,GET,GET /api/v1/reservas,5.783327,200,success,
1789927299.966134,GET,GET /api/v1/reservas,5.353444,200,success,
1789927300.100300,GET,GET /api/v1/reservas,6.053294,200,success,
1789927300.235767,GET,GET /api/v1/reservas,6.067356,200,success,
1789927300.274326,GET,GET /api/v1/reservas/{id},4.365566,200,success,
1789927300.361562,GET,GET /api/v1/reservas/{id},6.885506,200,success,
1789927300.398364,GET,GET /api/v1/reservas,6.467814,200,success,
1789927300.404594,GET,GET /api/v1/reservas,4.907938,200,success,
1789927300.420524,GET,GET /api/v1/reservas,4.649248,200,success,
1789927300.489485,GET,GET /api/v1/reservas,5.646728,200,success,
1789927300.519427,GET,GET /api/v1/reservas/{id},4.748267,200,success,
1789927300.576585,GET,GET /api/v1/reservas,5.834163,200,success,
1789927300.578925,GET,GET /api/v1/reservas,4.512049,200,success,
1789927300.589795,GET,GET /api/v1/reservas,4.662768,200,success,
1789927300.658471,GET,GET /api/v1/reservas/{id},4.453509,200,success,
1789927300.722451,GET,GET /api/v1/reservas,5.630945,200,success,
1789927300.818616,GET,GET /api/v1/reservas,5.791076,200,success,
1789927300.851798,GET,GET /api/v1/reservas,4.892846,200,success,
1789927300.896062,GET,GET /api/v1/reservas,4.971865,200,success,
1789927300.937372,GET,GET /api/v1/reservas,5.059138,200,success,
1789927300.971420,GET,GET /api/v1/reservas,4.791702,200,success,
1789927301.019683,GET,GET /api/v1/reservas,5.006708,200,success,
1789927301.028128,GET,GET /api/v1/reservas/{id},3.260342,200,success,
1789927301.058511,GET,GET /api/v1/reservas/{id},3.516981,200,success,
1789927301.067945,GET,GET /api/v1/reservas,4.173726,200,success,
1789927301.104964,GET,GET /api/v1/reservas/{id},3.858218,200,success,
1789927301.112085,GET,GET /api/v1/reservas/{id},2.953706,200,success,
1789927301.163525,GET,GET /api/v1/reservas,5.145189,200,success,
1789927301.184383,GET,GET /api/v1/reservas,4.607763,200,success,
1789927301.210279,GET,GET /api/v1/reservas,4.627043,200,success,
1789927301.257676,GET,GET /api/v1/reservas,5.118980,200,success,
1789927301.283378,GET,GET /api/v1/reservas/{id},3.517401,200,success,
1789927301.321521,GET,GET /api/v1/reservas,4.854386,200,success,
1789927301.351509,GET,GET /api/v1/reservas,4.728887,200,success,
1789927301.397821,GET,GET /api/v1/reservas,5.013519,200,success,
1789927301.412321,GET,GET /api/v1/reservas/{id},3.330538,200,success,
1789927301.445552,GET,GET /api/v1/reservas,5.904349,200,success,
1789927301.524639,GET,GET /api/v1/reservas,10.708201,200,success,
1789927301.530434,GET,GET /api/v1/reservas,7.398854,200,success,
1789927301.554283,GET,GET /api/v1/reservas,5.490362,200,success,
1789927301.640418,GET,GET /api/v1/reservas,15.569708,200,success,
1789927301.685110,GET,GET /api/v1/reservas,17.245900,200,success,
1789927301.776789,GET,GET /api/v1/reservas/{id},7.339074,200,success,
1789927301.858126,GET,GET /api/v1/reservas,6.892066,200,success,
1789927301.870898,GET,GET /api/v1/reservas,7.440408,200,success,
1789927301.888657,GET,GET /api/v1/reservas/{id},5.523862,200,success,
1789927301.936600,GET,GET /api/v1/reservas/{id},5.102633,200,success,
1789927301.957026,GET,GET /api/v1/reservas,6.129761,200,success,
1789927301.961268,GET,GET /api/v1/reservas,4.953988,200,success,
1789927302.123660,GET,GET /api/v1/reservas,6.181199,200,success,
1789927302.186601,GET,GET /api/v1/reservas/{id},4.693154,200,success,
1789927302.189296,GET,GET /api/v1/reservas,4.545930,200,success,
1789927302.224562,GET,GET /api/v1/reservas,4.981311,200,success,
1789927302.267794,GET,GET /api/v1/reservas,4.972396,200,success,
1789927302.404624,GET,GET /api/v1/reservas,6.385928,200,success,
1789927302.415092,GET,GET /api/v1/reservas,5.031116,200,success,
1789927302.415776,GET,GET /api/v1/reservas/{id},3.260942,200,success,
1789927302.425303,GET,GET /api/v1/reservas,5.250457,200,success,
1789927302.429452,GET,GET /api/v1/reservas,5.761782,200,success,
1789927302.441209,GET,GET /api/v1/reservas/{id},5.574970,200,success,
1789927302.463274,GET,GET /api/v1/reservas,5.764366,200,success,
1789927302.468100,GET,GET /api/v1/reservas,5.596954,200,success,
1789927302.475200,GET,GET /api/v1/reservas,5.786381,200,success,
1789927302.479577,GET,GET /api/v1/reservas,6.617651,200,success,
1789927302.494224,GET,GET /api/v1/reservas,4.391326,200,success,
1789927302.519853,GET,GET /api/v1/reservas,4.386439,200,success,
1789927302.543008,GET,GET /api/v1/reservas,4.866186,200,success,
1789927302.556254,GET,GET /api/v1/reservas,4.950563,200,success,
1789927302.579257,GET,GET /api/v1/reservas/{id},5.425463,200,success,
1789927302.579830,GET,GET /api/v1/reservas,6.279167,200,success,
1789927302.702959,GET,GET /api/v1/reservas,5.748624,200,success,
1789927302.708370,GET,GET /api/v1/reservas,4.160226,200,success,
1789927302.712717,GET,GET /api/v1/reservas/{id},3.189534,200,success,
1789927302.922146,GET,GET /api/v1/reservas,5.883969,200,success,
1789927302.926361,GET,GET /api/v1/reservas/{id},3.048301,200,success,
1789927302.959047,GET,GET /api/v1/reservas/{id},3.492783,200,success,
1789927302.967505,GET,GET /api/v1/reservas,4.223751,200,success,
1789927303.045520,GET,GET /api/v1/reservas,5.683173,200,success,
1789927303.228530,GET,GET /api/v1/reservas,6.492811,200,success,
1789927303.261579,GET,GET /api/v1/reservas,4.767065,200,success,
1789927303.276128,GET,GET /api/v1/reservas,4.292657,200,success,
1789927303.313216,GET,GET /api/v1/reservas/{id},3.886911,200,success,
1789927303.344508,GET,GET /api/v1/reservas,4.984834,200,success,
1789927303.372245,GET,GET /api/v1/reservas/{id},3.561018,200,success,
1789927303.410365,GET,GET /api/v1/reservas,4.859435,200,success,
1789927303.495122,GET,GET /api/v1/reservas/{id},5.492004,200,success,
1789927303.508363,GET,GET /api/v1/reservas,4.939497,200,success,
1789927303.531856,GET,GET /api/v1/reservas/{id},14.274576,200,success,
1789927303.532636,GET,GET /api/v1/reservas,9.446358,200,success,
1789927303.574186,GET,GET /api/v1/reservas,5.282005,200,success,
1789927303.588617,GET,GET /api/v1/reservas/{id},3.257858,200,success,
1789927303.595819,GET,GET /api/v1/reservas/{id},3.054750,200,success,
1789927303.608249,GET,GET /api/v1/reservas,4.164182,200,success,
1789927303.642293,GET,GET /api/v1/reservas,4.794106,200,success,
1789927303.649750,GET,GET /api/v1/reservas/{id},3.297728,200,success,
1789927303.676855,GET,GET /api/v1/reservas/{id},3.944529,200,success,
1789927303.699521,GET,GET /api/v1/reservas/{id},3.462808,200,success,
1789927303.707087,GET,GET /api/v1/reservas,4.299567,200,success,
1789927303.745197,GET,GET /api/v1/reservas,4.851313,200,success,
1789927303.813283,GET,GET /api/v1/reservas,5.747151,200,success,
1789927303.843737,GET,GET /api/v1/reservas,11.401330,200,success,
1789927303.895274,GET,GET /api/v1/reservas/{id},5.285121,200,success,
1789927304.000750,GET,GET /api/v1/reservas,6.665172,200,success,
1789927304.001149,GET,GET /api/v1/reservas,6.605662,200,success,
1789927304.034309,GET,GET /api/v1/reservas,4.889562,200,success,
1789927304.104859,GET,GET /api/v1/reservas,5.527278,200,success,
1789927304.112181,GET,GET /api/v1/reservas,4.043279,200,success,
1789927304.147495,GET,GET /api/v1/reservas,5.421087,200,success,
1789927304.257969,GET,GET /api/v1/reservas/{id},5.171619,200,success,
1789927304.302919,GET,GET /api/v1/reservas,5.629342,200,success,
1789927304.358518,GET,GET /api/v1/reservas,5.327224,200,success,
1789927304.424357,GET,GET /api/v1/reservas,5.517874,200,success,
1789927304.440861,GET,GET /api/v1/reservas,4.274729,200,success,
1789927304.546858,GET,GET /api/v1/reservas,5.650745,200,success,
1789927304.551031,GET,GET /api/v1/reservas,3.991470,200,success,
1789927304.661144,GET,GET /api/v1/reservas,5.758498,200,success,
1789927304.690561,GET,GET /api/v1/reservas/{id},4.228098,200,success,
1789927304.694329,GET,GET /api/v1/reservas,4.740024,200,success,
1789927304.747816,GET,GET /api/v1/reservas,5.253092,200,success,
1789927304.897081,GET,GET /api/v1/reservas/{id},4.931064,200,success,
1789927304.936299,GET,GET /api/v1/reservas,4.929191,200,success,
1789927304.970214,GET,GET /api/v1/reservas/{id},3.723884,200,success,
1789927305.053552,GET,GET /api/v1/reservas,6.175660,200,success,
1789927305.148858,GET,GET /api/v1/reservas,5.995587,200,success,
1789927305.160032,GET,GET /api/v1/reservas,4.852946,200,success,
1789927305.176733,GET,GET /api/v1/reservas,5.432254,200,success,
1789927305.180171,GET,GET /api/v1/reservas/{id},4.282350,200,success,
1789927305.220050,GET,GET /api/v1/reservas,5.961496,200,success,
1789927305.270950,GET,GET /api/v1/reservas,7.546938,200,success,
1789927305.279238,GET,GET /api/v1/reservas,6.955322,200,success,
1789927305.283326,GET,GET /api/v1/reservas,5.049052,200,success,
1789927305.287455,GET,GET /api/v1/reservas,4.928569,200,success,
1789927305.346196,GET,GET /api/v1/reservas,6.427912,200,success,
1789927305.364265,GET,GET /api/v1/reservas,6.081657,200,success,
1789927305.386393,GET,GET /api/v1/reservas,4.846666,200,success,
1789927305.395782,GET,GET /api/v1/reservas,4.134237,200,success,
1789927305.429038,GET,GET /api/v1/reservas,5.999704,200,success,
1789927305.475267,GET,GET /api/v1/reservas,4.977264,200,success,
1789927305.530661,GET,GET /api/v1/reservas,5.113761,200,success,
1789927305.726377,GET,GET /api/v1/reservas,6.225235,200,success,
1789927305.808100,GET,GET /api/v1/reservas,6.327912,200,success,
1789927305.830892,GET,GET /api/v1/reservas/{id},3.603421,200,success,
1789927305.847605,GET,GET /api/v1/reservas,4.462924,200,success,
1789927305.888494,GET,GET /api/v1/reservas/{id},3.707260,200,success,
1789927305.976078,GET,GET /api/v1/reservas,5.807693,200,success,
1789927306.077037,GET,GET /api/v1/reservas,5.832239,200,success,
1789927306.081144,GET,GET /api/v1/reservas,3.939852,200,success,
1789927306.125684,GET,GET /api/v1/reservas/{id},4.338876,200,success,
1789927306.143614,GET,GET /api/v1/reservas,4.654145,200,success,
1789927306.209962,GET,GET /api/v1/reservas,6.019503,200,success,
1789927306.210346,GET,GET /api/v1/reservas,4.248569,200,success,
1789927306.281972,GET,GET /api/v1/reservas/{id},4.407000,200,success,
1789927306.332730,GET,GET /api/v1/reservas,5.454908,200,success,
1789927306.336887,GET,GET /api/v1/reservas,4.908661,200,success,
1789927306.354446,GET,GET /api/v1/reservas,4.271744,200,success,
1789927306.362672,GET,GET /api/v1/reservas,4.003287,200,success,
1789927306.375991,GET,GET /api/v1/reservas,4.077760,200,success,
1789927306.436547,GET,GET /api/v1/reservas,5.268125,200,success,
1789927306.452278,GET,GET /api/v1/reservas,4.457687,200,success,
1789927306.499418,GET,GET /api/v1/reservas,5.803637,200,success,
1789927306.513545,GET,GET /api/v1/reservas,4.832625,200,success,
1789927306.532711,GET,GET /api/v1/reservas,4.890853,200,success,
1789927306.535681,GET,GET /api/v1/reservas,5.233993,200,success,
1789927306.564483,GET,GET /api/v1/reservas,4.555635,200,success,
1789927306.574723,GET,GET /api/v1/reservas,4.022657,200,success,
1789927306.599432,GET,GET /api/v1/reservas,4.448543,200,success,
1789927306.638032,GET,GET /api/v1/reservas,5.341977,200,success,
1789927306.657608,GET,GET /api/v1/reservas,4.331786,200,success,
1789927306.746845,GET,GET /api/v1/reservas,5.902566,200,success,
1789927306.769861,GET,GET /api/v1/reservas,4.706774,200,success,
1789927306.819075,GET,GET /api/v1/reservas,5.791949,200,success,
1789927306.933197,GET,GET /api/v1/reservas,7.025328,200,success,
1789927307.071211,GET,GET /api/v1/reservas,7.344060,200,success,
1789927307.149722,GET,GET /api/v1/reservas,6.124352,200,success,
1789927307.186635,GET,GET /api/v1/reservas,5.603934,200,success,
1789927307.194567,GET,GET /api/v1/reservas,4.685922,200,success,
1789927307.200635,GET,GET /api/v1/reservas,4.786685,200,success,
1789927307.207332,GET,GET /api/v1/reservas,4.432559,200,success,
1789927307.296094,GET,GET /api/v1/reservas,5.873732,200,success,
1789927307.296471,GET,GET /api/v1/reservas,6.832085,200,success,
1789927307.308903,GET,GET /api/v1/reservas,4.218674,200,success,
1789927307.414267,GET,GET /api/v1/reservas,6.057201,200,success,
1789927307.425048,GET,GET /api/v1/reservas/{id},3.590903,200,success,
1789927307.566491,GET,GET /api/v1/reservas,5.997230,200,success,
1789927307.668360,GET,GET /api/v1/reservas/{id},4.654184,200,success,
1789927307.690270,GET,GET /api/v1/reservas,4.594223,200,success,
1789927307.725123,GET,GET /api/v1/reservas,4.591680,200,success,
1789927307.757914,GET,GET /api/v1/reservas/{id},4.596627,200,success,
1789927307.800913,GET,GET /api/v1/reservas/{id},6.789611,200,success,
1789927307.801297,GET,GET /api/v1/reservas/{id},6.703200,200,success,
1789927307.845657,GET,GET /api/v1/reservas/{id},4.690680,200,success,
1789927307.872256,GET,GET /api/v1/reservas/{id},4.398567,200,success,
1789927307.882002,GET,GET /api/v1/reservas,5.431913,200,success,
1789927307.904458,GET,GET /api/v1/reservas/{id},6.140006,200,success,
1789927307.904907,GET,GET /api/v1/reservas/{id},4.902731,200,success,
1789927307.972166,GET,GET /api/v1/reservas,8.134850,200,success,
1789927307.980136,GET,GET /api/v1/reservas,7.598988,200,success,
1789927307.999684,GET,GET /api/v1/reservas/{id},5.307494,200,success,
1789927308.076245,GET,GET /api/v1/reservas,11.238523,200,success,
1789927308.104731,GET,GET /api/v1/reservas,7.077416,200,success,
1789927308.180591,GET,GET /api/v1/reservas,14.493066,200,success,
1789927308.210793,GET,GET /api/v1/reservas,4.914489,200,success,
1789927308.232510,GET,GET /api/v1/reservas/{id},3.521808,200,success,
1789927308.235927,GET,GET /api/v1/reservas,4.277553,200,success,
1789927308.242233,GET,GET /api/v1/reservas,5.046509,200,success,
1789927308.244529,GET,GET /api/v1/reservas,5.786401,200,success,
1789927308.332564,GET,GET /api/v1/reservas,6.705053,200,success,
1789927308.366847,GET,GET /api/v1/reservas,4.916281,200,success,
1789927308.491015,GET,GET /api/v1/reservas,5.750856,200,success,
1789927308.496442,GET,GET /api/v1/reservas,4.151233,200,success,
1789927308.500891,GET,GET /api/v1/reservas,4.444546,200,success,
1789927308.503058,GET,GET /api/v1/reservas,4.173785,200,success,
1789927308.507161,GET,GET /api/v1/reservas/{id},2.958274,200,success,
1789927308.513278,GET,GET /api/v1/reservas,3.902255,200,success,
1789927308.539124,GET,GET /api/v1/reservas/{id},3.668420,200,success,
1789927308.713357,GET,GET /api/v1/reservas/{id},4.862921,200,success,
1789927308.760068,GET,GET /api/v1/reservas,5.360504,200,success,
1789927308.855885,GET,GET /api/v1/reservas,6.461653,200,success,
1789927308.931274,GET,GET /api/v1/reservas,7.000049,200,success,
1789927308.938791,GET,GET /api/v1/reservas/{id},4.295109,200,success,
1789927308.980506,GET,GET /api/v1/reservas/{id},8.478060,200,success,
1789927308.980996,GET,GET /api/v1/reservas,7.872322,200,success,
1789927308.981361,GET,GET /api/v1/reservas,8.711984,200,success,
1789927309.025037,GET,GET /api/v1/reservas,7.275177,200,success,
1789927309.095288,GET,GET /api/v1/reservas,7.080171,200,success,
1789927309.129583,GET,GET /api/v1/reservas,7.912422,200,success,
1789927309.155930,GET,GET /api/v1/reservas,9.594051,200,success,
1789927309.175911,GET,GET /api/v1/reservas/{id},8.706286,200,success,
1789927309.182513,GET,GET /api/v1/reservas/{id},5.342727,200,success,
1789927309.232124,GET,GET /api/v1/reservas,6.227629,200,success,
1789927309.260500,GET,GET /api/v1/reservas,5.093380,200,success,
1789927309.340319,GET,GET /api/v1/reservas/{id},5.554198,200,success,
1789927309.369877,GET,GET /api/v1/reservas/{id},5.336820,200,success,
1789927309.391596,GET,GET /api/v1/reservas/{id},4.512119,200,success,
1789927309.394850,GET,GET /api/v1/reservas,5.966553,200,success,
1789927309.454787,GET,GET /api/v1/reservas,7.547750,200,success,
1789927309.477378,GET,GET /api/v1/reservas/{id},5.295135,200,success,
1789927309.540304,GET,GET /api/v1/reservas/{id},5.601080,200,success,
1789927309.561310,GET,GET /api/v1/reservas,6.664281,200,success,
1789927309.742046,GET,GET /api/v1/reservas,6.255021,200,success,
1789927309.749792,GET,GET /api/v1/reservas/{id},3.563021,200,success,
1789927309.787520,GET,GET /api/v1/reservas,5.413836,200,success,
1789927309.787935,GET,GET /api/v1/reservas,4.240937,200,success,
1789927309.911646,GET,GET /api/v1/reservas,7.385524,200,success,
1789927309.919308,GET,GET /api/v1/reservas,5.380014,200,success,
1789927309.932802,GET,GET /api/v1/reservas,7.242587,200,success,
1789927309.942641,GET,GET /api/v1/reservas,5.570973,200,success,
1789927309.972774,GET,GET /api/v1/reservas,4.871513,200,success,
1789927310.015183,GET,GET /api/v1/reservas,5.115093,200,success,
1789927310.064417,GET,GET /api/v1/reservas,5.206231,200,success,
1789927310.104785,GET,GET /api/v1/reservas/{id},4.168338,200,success,
1789927310.158461,GET,GET /api/v1/reservas,5.372633,200,success,
1789927310.161624,GET,GET /api/v1/reservas/{id},3.066398,200,success,
1789927310.199039,GET,GET /api/v1/reservas,5.111467,200,success,
1789927310.209954,GET,GET /api/v1/reservas,4.670768,200,success,
1789927310.330897,GET,GET /api/v1/reservas,6.555907,200,success,
1789927310.400007,GET,GET /api/v1/reservas,6.742689,200,success,
1789927310.417479,GET,GET /api/v1/reservas,5.182205,200,success,
1789927310.432249,GET,GET /api/v1/reservas,4.525709,200,success,
1789927310.443733,GET,GET /api/v1/reservas,5.239231,200,success,
1789927310.456703,GET,GET /api/v1/reservas,4.718842,200,success,
1789927310.508498,GET,GET /api/v1/reservas,5.465123,200,success,
1789927310.526279,GET,GET /api/v1/reservas/{id},3.595008,200,success,
1789927310.570823,GET,GET /api/v1/reservas/{id},4.346267,200,success,
1789927310.580786,GET,GET /api/v1/reservas,4.665232,200,success,
1789927310.647189,GET,GET /api/v1/reservas/{id},7.125379,200,success,
1789927310.652700,GET,GET /api/v1/reservas,7.530123,200,success,
1789927310.656109,GET,GET /api/v1/reservas,7.557074,200,success,
1789927310.697129,GET,GET /api/v1/reservas,5.678237,200,success,
1789927310.724402,GET,GET /api/v1/reservas,5.012106,200,success,
1789927310.772142,GET,GET /api/v1/reservas,5.397621,200,success,
1789927310.818670,GET,GET /api/v1/reservas,5.230438,200,success,
1789927310.881443,GET,GET /api/v1/reservas/{id},4.536495,200,success,
1789927310.993786,GET,GET /api/v1/reservas,5.940223,200,success,
1789927311.018941,GET,GET /api/v1/reservas,4.892094,200,success,
1789927311.024388,GET,GET /api/v1/reservas,4.187748,200,success,
1789927311.037747,GET,GET /api/v1/reservas,4.123519,200,success,
1789927311.177372,GET,GET /api/v1/reservas,6.526651,200,success,
1789927311.177725,GET,GET /api/v1/reservas,5.105068,200,success,
1789927311.183699,GET,GET /api/v1/reservas,4.723820,200,success,
1789927311.185115,GET,GET /api/v1/reservas,4.921970,200,success,
1789927311.219412,GET,GET /api/v1/reservas,4.997655,200,success,
1789927311.251758,GET,GET /api/v1/reservas,5.071297,200,success,
1789927311.285059,GET,GET /api/v1/reservas,5.908215,200,success,
1789927311.338791,GET,GET /api/v1/reservas,5.435279,200,success,
1789927311.383337,GET,GET /api/v1/reservas,5.208323,200,success,
1789927311.415666,GET,GET /api/v1/reservas,5.029403,200,success,
1789927311.521644,GET,GET /api/v1/reservas,6.556298,200,success,
1789927311.522263,GET,GET /api/v1/reservas,4.420319,200,success,
1789927311.593113,GET,GET /api/v1/reservas/{id},4.604598,200,success,
1789927311.595910,GET,GET /api/v1/reservas,4.553782,200,success,
1789927311.603123,GET,GET /api/v1/reservas,3.976297,200,success,
1789927311.738418,GET,GET /api/v1/reservas,5.928715,200,success,
1789927311.757360,GET,GET /api/v1/reservas,4.658020,200,success,
1789927311.762162,GET,GET /api/v1/reservas,4.598019,200,success,
1789927311.764645,GET,GET /api/v1/reservas,4.539580,200,success,
1789927311.799913,GET,GET /api/v1/reservas,6.994761,200,success,
1789927311.827203,GET,GET /api/v1/reservas,7.977401,200,success,
1789927311.877861,GET,GET /api/v1/reservas/{id},7.024927,200,success,
1789927311.923663,GET,GET /api/v1/reservas,11.097420,200,success,
1789927311.992717,GET,GET /api/v1/reservas/{id},8.258899,200,success,
1789927311.994862,GET,GET /api/v1/reservas,7.417242,200,success,
1789927312.018834,GET,GET /api/v1/reservas/{id},8.705385,200,success,
1789927312.084830,GET,GET /api/v1/reservas,7.577765,200,success,
1789927312.133253,GET,GET /api/v1/reservas,7.903509,200,success,
1789927312.147869,GET,GET /api/v1/reservas,6.271395,200,success,
1789927312.194214,GET,GET /api/v1/reservas/{id},6.068698,200,success,
1789927312.194526,GET,GET /api/v1/reservas/{id},5.756876,200,success,
1789927312.229387,GET,GET /api/v1/reservas,11.520932,200,success,
1789927312.242463,GET,GET /api/v1/reservas,7.723386,200,success,
1789927312.278256,GET,GET /api/v1/reservas,6.482786,200,success,
1789927312.354547,GET,GET /api/v1/reservas,5.917470,200,success,
1789927312.389266,GET,GET /api/v1/reservas,5.487787,200,success,
1789927312.420233,GET,GET /api/v1/reservas/{id},3.765817,200,success,
1789927312.497353,GET,GET /api/v1/reservas,6.758714,200,success,
1789927312.524801,GET,GET /api/v1/reservas,5.144668,200,success,
1789927312.574292,GET,GET /api/v1/reservas,5.202835,200,success,
1789927312.579698,GET,GET /api/v1/reservas/{id},3.931039,200,success,
1789927312.580204,GET,GET /api/v1/reservas,4.640163,200,success,
1789927312.646909,GET,GET /api/v1/reservas/{id},4.500862,200,success,
1789927312.650952,GET,GET /api/v1/reservas/{id},2.892504,200,success,
1789927312.684060,GET,GET /api/v1/reservas,4.826636,200,success,
1789927312.700655,GET,GET /api/v1/reservas,4.351055,200,success,
1789927312.757203,GET,GET /api/v1/reservas,5.277279,200,success,
1789927312.872378,GET,GET /api/v1/reservas,6.272877,200,success,
1789927312.872891,GET,GET /api/v1/reservas,7.313234,200,success,
1789927312.918572,GET,GET /api/v1/reservas,5.368126,200,success,
1789927313.078555,GET,GET /api/v1/reservas/{id},4.853176,200,success,
1789927313.081359,GET,GET /api/v1/reservas,4.879236,200,success,
1789927313.137734,GET,GET /api/v1/reservas,5.100432,200,success,
1789927313.145008,GET,GET /api/v1/reservas/{id},3.107230,200,success,
1789927313.189228,GET,GET /api/v1/reservas,4.991256,200,success,
1789927313.292219,GET,GET /api/v1/reservas,5.597614,200,success,
1789927313.301649,GET,GET /api/v1/reservas,4.186816,200,success,
1789927313.306865,GET,GET /api/v1/reservas,3.974205,200,success,
1789927313.364146,GET,GET /api/v1/reservas/{id},4.062056,200,success,
1789927313.393910,GET,GET /api/v1/reservas,4.503367,200,success,
1789927313.477953,GET,GET /api/v1/reservas/{id},4.761337,200,success,
1789927313.504354,GET,GET /api/v1/reservas,5.114331,200,success,
1789927313.533489,GET,GET /api/v1/reservas,19.581439,200,success,
1789927313.611400,GET,GET /api/v1/reservas/{id},4.649316,200,success,
1789927313.670399,GET,GET /api/v1/reservas,5.661321,200,success,
1789927313.689273,GET,GET /api/v1/reservas,4.588205,200,success,
1789927313.721323,GET,GET /api/v1/reservas/{id},3.848884,200,success,
1789927313.727029,GET,GET /api/v1/reservas,4.427210,200,success,
1789927313.736016,GET,GET /api/v1/reservas/{id},3.791897,200,success,
1789927313.758245,GET,GET /api/v1/reservas,6.941240,200,success,
1789927313.771616,GET,GET /api/v1/reservas,5.076605,200,success,
1789927313.837114,GET,GET /api/v1/reservas,14.121563,200,success,
1789927313.881974,GET,GET /api/v1/reservas,5.525886,200,success,
1789927313.952076,GET,GET /api/v1/reservas/{id},4.467390,200,success,
1789927313.995448,GET,GET /api/v1/reservas,6.060826,200,success,
1789927314.009583,GET,GET /api/v1/reservas,5.835315,200,success,
1789927314.059443,GET,GET /api/v1/reservas,5.522109,200,success,
1789927314.062527,GET,GET /api/v1/reservas/{id},3.901092,200,success,
1789927314.089274,GET,GET /api/v1/reservas/{id},3.565583,200,success,
1789927314.104729,GET,GET /api/v1/reservas,4.185113,200,success,
1789927314.116038,GET,GET /api/v1/reservas,4.062037,200,success,
1789927314.180693,GET,GET /api/v1/reservas,5.293824,200,success,
1789927314.239290,GET,GET /api/v1/reservas,5.278591,200,success,
1789927314.264231,GET,GET /api/v1/reservas/{id},4.753044,200,success,
1789927314.266462,GET,GET /api/v1/reservas,4.817813,200,success,
1789927314.290189,GET,GET /api/v1/reservas,4.465799,200,success,
1789927314.316974,GET,GET /api/v1/reservas,4.519500,200,success,
1789927314.462948,GET,GET /api/v1/reservas/{id},4.637779,200,success,
1789927314.470469,GET,GET /api/v1/reservas,4.236631,200,success,
1789927314.533172,GET,GET /api/v1/reservas,5.382177,200,success,
1789927314.571370,GET,GET /api/v1/reservas,4.928230,200,success,
1789927314.609512,GET,GET /api/v1/reservas,4.850331,200,success,
1789927314.619819,GET,GET /api/v1/reservas,4.050509,200,success,
1789927314.674601,GET,GET /api/v1/reservas,5.486235,200,success,
1789927314.706482,GET,GET /api/v1/reservas/{id},3.702252,200,success,
1789927314.727656,GET,GET /api/v1/reservas,4.869580,200,success,
1789927314.739197,GET,GET /api/v1/reservas,4.299937,200,success,
1789927314.749473,GET,GET /api/v1/reservas,4.031711,200,success,
1789927314.900549,GET,GET /api/v1/reservas/{id},4.762788,200,success,
1789927314.930530,GET,GET /api/v1/reservas,4.661376,200,success,
1789927314.954256,GET,GET /api/v1/reservas,5.460416,200,success,
1789927315.015693,GET,GET /api/v1/reservas/{id},4.196160,200,success,
1789927315.051616,GET,GET /api/v1/reservas/{id},3.712176,200,success,
1789927315.078614,GET,GET /api/v1/reservas,6.421463,200,success,
1789927315.079087,GET,GET /api/v1/reservas,10.544342,200,success,
1789927315.085277,GET,GET /api/v1/reservas,3.988605,200,success,
1789927315.132349,GET,GET /api/v1/reservas/{id},4.877934,200,success,
1789927315.150443,GET,GET /api/v1/reservas,5.806941,200,success,
1789927315.204072,GET,GET /api/v1/reservas/{id},4.415512,200,success,
1789927315.310489,GET,GET /api/v1/reservas,6.025904,200,success,
1789927315.325704,GET,GET /api/v1/reservas,5.520438,200,success,
1789927315.326059,GET,GET /api/v1/reservas,6.325528,200,success,
1789927315.347618,GET,GET /api/v1/reservas/{id},3.398231,200,success,
1789927315.364865,GET,GET /api/v1/reservas,4.661996,200,success,
1789927315.365206,GET,GET /api/v1/reservas,5.385122,200,success,
1789927315.446087,GET,GET /api/v1/reservas/{id},4.649066,200,success,
1789927315.489581,GET,GET /api/v1/reservas,5.190267,200,success,
1789927315.607143,GET,GET /api/v1/reservas,6.202711,200,success,
1789927315.619567,GET,GET /api/v1/reservas/{id},3.238668,200,success,
1789927315.746946,GET,GET /api/v1/reservas,6.002338,200,success,
1789927315.821421,GET,GET /api/v1/reservas,6.091603,200,success,
1789927315.848038,GET,GET /api/v1/reservas,5.302627,200,success,
1789927315.849039,GET,GET /api/v1/reservas,4.651991,200,success,
1789927315.939632,GET,GET /api/v1/reservas,5.745818,200,success,
1789927316.069871,GET,GET /api/v1/reservas,6.079494,200,success,
1789927316.076244,GET,GET /api/v1/reservas/{id},3.176995,200,success,
1789927316.107388,GET,GET /api/v1/reservas,4.864503,200,success,
1789927316.129202,GET,GET /api/v1/reservas,4.547743,200,success,
1789927316.202052,GET,GET /api/v1/reservas,5.521099,200,success,
1789927316.233241,GET,GET /api/v1/reservas,4.928380,200,success,
1789927316.245855,GET,GET /api/v1/reservas/{id},3.432443,200,success,
1789927316.309684,GET,GET /api/v1/reservas,5.483442,200,success,
1789927316.359936,GET,GET /api/v1/reservas,4.972065,200,success,
1789927316.390014,GET,GET /api/v1/reservas,4.803631,200,success,
1789927316.391734,GET,GET /api/v1/reservas/{id},3.361805,200,success,
1789927316.394280,GET,GET /api/v1/reservas/{id},3.103794,200,success,
1789927316.412609,GET,GET /api/v1/reservas/{id},3.160680,200,success,
1789927316.477383,GET,GET /api/v1/reservas,5.471553,200,success,
1789927316.487745,GET,GET /api/v1/reservas/{id},3.190205,200,success,
1789927316.559393,GET,GET /api/v1/reservas,6.301030,200,success,
1789927316.561227,GET,GET /api/v1/reservas/{id},3.523150,200,success,
1789927316.565495,GET,GET /api/v1/reservas,4.808269,200,success,
1789927316.599560,GET,GET /api/v1/reservas,4.812114,200,success,
1789927316.658103,GET,GET /api/v1/reservas,5.223868,200,success,
1789927316.698192,GET,GET /api/v1/reservas,4.829891,200,success,
1789927316.758834,GET,GET /api/v1/reservas,7.359565,200,success,
1789927316.821090,GET,GET /api/v1/reservas/{id},5.003243,200,success,
1789927316.881994,GET,GET /api/v1/reservas,5.555510,200,success,
1789927316.891883,GET,GET /api/v1/reservas/{id},3.412102,200,success,
1789927317.008071,GET,GET /api/v1/reservas,5.788533,200,success,
1789927317.036916,GET,GET /api/v1/reservas,18.594273,200,success,
1789927317.053668,GET,GET /api/v1/reservas,4.509466,200,success,
1789927317.101627,GET,GET /api/v1/reservas,12.413866,200,success,
1789927317.102124,GET,GET /api/v1/reservas,9.170530,200,success,
1789927317.122561,GET,GET /api/v1/reservas,7.110677,200,success,
1789927317.176351,GET,GET /api/v1/reservas,7.418103,200,success,
1789927317.196470,GET,GET /api/v1/reservas,5.751887,200,success,
1789927317.296580,GET,GET /api/v1/reservas,7.678799,200,success,
1789927317.326068,GET,GET /api/v1/reservas,8.108500,200,success,
1789927317.363570,GET,GET /api/v1/reservas,8.154650,200,success,
1789927317.380623,GET,GET /api/v1/reservas,7.444384,200,success,
1789927317.432385,GET,GET /api/v1/reservas,6.394733,200,success,
1789927317.529743,GET,GET /api/v1/reservas,5.948185,200,success,
1789927317.535954,GET,GET /api/v1/reservas/{id},3.043944,200,success,
1789927317.605664,GET,GET /api/v1/reservas/{id},4.456585,200,success,
1789927317.609947,GET,GET /api/v1/reservas,4.882480,200,success,
1789927317.613199,GET,GET /api/v1/reservas,4.106965,200,success,
1789927317.637830,GET,GET /api/v1/reservas/{id},3.470501,200,success,
1789927317.894215,GET,GET /api/v1/reservas,5.858480,200,success,
1789927317.945116,GET,GET /api/v1/reservas/{id},4.259235,200,success,
1789927317.949461,GET,GET /api/v1/reservas,4.157591,200,success,
1789927318.009057,GET,GET /api/v1/reservas,5.276797,200,success,
1789927318.165326,GET,GET /api/v1/reservas/{id},5.950980,200,success,
1789927318.167746,GET,GET /api/v1/reservas/{id},4.411666,200,success,
1789927318.181135,GET,GET /api/v1/reservas,6.130723,200,success,
1789927318.187804,GET,GET /api/v1/reservas/{id},4.492499,200,success,
1789927318.256167,GET,GET /api/v1/reservas,6.931065,200,success,
1789927318.271681,GET,GET /api/v1/reservas,6.215811,200,success,
1789927318.278884,GET,GET /api/v1/reservas,4.915491,200,success,
1789927318.302692,GET,GET /api/v1/reservas/{id},5.507106,200,success,
1789927318.319183,GET,GET /api/v1/reservas,6.171354,200,success,
1789927318.330122,GET,GET /api/v1/reservas,5.597393,200,success,
1789927318.332420,GET,GET /api/v1/reservas,5.279593,200,success,
1789927318.463230,GET,GET /api/v1/reservas,6.459530,200,success,
1789927318.467315,GET,GET /api/v1/reservas,4.783099,200,success,
1789927318.514876,GET,GET /api/v1/reservas,5.312742,200,success,
1789927318.521306,GET,GET /api/v1/reservas/{id},3.266310,200,success,
1789927318.599400,GET,GET /api/v1/reservas,5.757297,200,success,
1789927318.614911,GET,GET /api/v1/reservas/{id},3.338941,200,success,
1789927318.638648,GET,GET /api/v1/reservas,4.489304,200,success,
1789927318.663312,GET,GET /api/v1/reservas,5.350350,200,success,
1789927318.786160,GET,GET /api/v1/reservas,6.450997,200,success,
1789927318.818188,GET,GET /api/v1/reservas,4.727134,200,success,
1789927318.853592,GET,GET /api/v1/reservas,5.127142,200,success,
1789927318.863234,GET,GET /api/v1/reservas/{id},3.474586,200,success,
1789927318.982998,GET,GET /api/v1/reservas/{id},4.459168,200,success,
1789927319.025956,GET,GET /api/v1/reservas,5.632607,200,success,
1789927319.113914,GET,GET /api/v1/reservas,5.872611,200,success,
1789927319.121487,GET,GET /api/v1/reservas/{id},3.398010,200,success,
1789927319.137134,GET,GET /api/v1/reservas/{id},3.468417,200,success,
1789927319.197130,GET,GET /api/v1/reservas,7.865882,200,success,
1789927319.205187,GET,GET /api/v1/reservas,7.766290,200,success,
1789927319.219796,GET,GET /api/v1/reservas,7.304481,200,success,
1789927319.236340,GET,GET /api/v1/reservas,10.195442,200,success,
1789927319.240417,GET,GET /api/v1/reservas,7.569774,200,success,
1789927319.292909,GET,GET /api/v1/reservas,6.160267,200,success,
1789927319.325474,GET,GET /api/v1/reservas/{id},6.336675,200,success,
1789927319.440361,GET,GET /api/v1/reservas/{id},5.553758,200,success,
1789927319.473912,GET,GET /api/v1/reservas,10.205358,200,success,
1789927319.477481,GET,GET /api/v1/reservas/{id},4.409934,200,success,
1789927319.498268,GET,GET /api/v1/reservas,6.461473,200,success,
1789927319.500628,GET,GET /api/v1/reservas/{id},4.114826,200,success,
1789927319.518040,GET,GET /api/v1/reservas,5.080330,200,success,
1789927319.533783,GET,GET /api/v1/reservas/{id},4.554113,200,success,
1789927319.549708,GET,GET /api/v1/reservas,4.669116,200,success,
1789927319.587102,GET,GET /api/v1/reservas,7.062173,200,success,
1789927319.641045,GET,GET /api/v1/reservas,9.600151,200,success,
1789927319.685378,GET,GET /api/v1/reservas/{id},5.088953,200,success,
1789927319.714217,GET,GET /api/v1/reservas/{id},4.591189,200,success,
1789927319.736489,GET,GET /api/v1/reservas,5.991282,200,success,
1789927319.755225,GET,GET /api/v1/reservas,7.423081,200,success,
1789927319.773170,GET,GET /api/v1/reservas/{id},4.733043,200,success,
1789927319.817897,GET,GET /api/v1/reservas,7.364001,200,success,
1789927319.819905,GET,GET /api/v1/reservas/{id},4.417596,200,success,
1789927319.890428,GET,GET /api/v1/reservas,7.132850,200,success,
1789927319.994379,GET,GET /api/v1/reservas,6.073815,200,success,
1789927320.027839,GET,GET /api/v1/reservas,7.122374,200,success,
1789927320.079458,GET,GET /api/v1/reservas/{id},4.606441,200,success,
1789927320.098845,GET,GET /api/v1/reservas,5.111787,200,success,
1789927320.118200,GET,GET /api/v1/reservas,5.111118,200,success,
1789927320.178367,GET,GET /api/v1/reservas,5.782594,200,success,
1789927320.310104,GET,GET /api/v1/reservas,6.281461,200,success,
1789927320.378650,GET,GET /api/v1/reservas,8.179567,200,success,
1789927320.389629,GET,GET /api/v1/reservas,4.702998,200,success,
1789927320.519794,GET,GET /api/v1/reservas/{id},4.851203,200,success,
1789927320.530646,GET,GET /api/v1/reservas,4.551539,200,success,
1789927320.602600,GET,GET /api/v1/reservas,5.645657,200,success,
1789927320.660033,GET,GET /api/v1/reservas,5.117055,200,success,
1789927320.692189,GET,GET /api/v1/reservas/{id},3.962345,200,success,
1789927320.726816,GET,GET /api/v1/reservas,5.328717,200,success,
1789927320.729359,GET,GET /api/v1/reservas,5.258060,200,success,
1789927320.820693,GET,GET /api/v1/reservas,5.986413,200,success,
1789927320.825472,GET,GET /api/v1/reservas/{id},3.584903,200,success,
1789927320.851706,GET,GET /api/v1/reservas,4.979827,200,success,
1789927320.877521,GET,GET /api/v1/reservas/{id},3.635942,200,success,
1789927320.888090,GET,GET /api/v1/reservas,4.288970,200,success,
1789927320.925487,GET,GET /api/v1/reservas,5.082894,200,success,
1789927320.948334,GET,GET /api/v1/reservas,4.582786,200,success,
1789927320.961759,GET,GET /api/v1/reservas,4.204633,200,success,
1789927320.988383,GET,GET /api/v1/reservas,4.394051,200,success,
1789927321.020248,GET,GET /api/v1/reservas/{id},3.679476,200,success,
1789927321.039979,GET,GET /api/v1/reservas,4.439319,200,success,
1789927321.124561,GET,GET /api/v1/reservas,5.588679,200,success,
1789927321.192815,GET,GET /api/v1/reservas,6.903674,200,success,
1789927321.229515,GET,GET /api/v1/reservas/{id},5.435949,200,success,
1789927321.247056,GET,GET /api/v1/reservas,5.244299,200,success,
1789927321.252417,GET,GET /api/v1/reservas/{id},3.859949,200,success,
1789927321.253393,GET,GET /api/v1/reservas,5.106139,200,success,
1789927321.258714,GET,GET /api/v1/reservas,4.109669,200,success,
1789927321.276147,GET,GET /api/v1/reservas,4.191012,200,success,
1789927321.306313,GET,GET /api/v1/reservas,4.915730,200,success,
1789927321.317686,GET,GET /api/v1/reservas,4.146125,200,success,
1789927321.487213,GET,GET /api/v1/reservas,9.038139,200,success,
1789927321.528136,GET,GET /api/v1/reservas/{id},4.695187,200,success,
1789927321.572931,GET,GET /api/v1/reservas,5.492875,200,success,
1789927321.584885,GET,GET /api/v1/reservas,4.668096,200,success,
1789927321.716339,GET,GET /api/v1/reservas,6.074998,200,success,
1789927321.823970,GET,GET /api/v1/reservas,6.228961,200,success,
1789927321.824812,GET,GET /api/v1/reservas,4.334870,200,success,
1789927321.951711,GET,GET /api/v1/reservas,5.776075,200,success,
1789927321.994222,GET,GET /api/v1/reservas,5.245210,200,success,
1789927322.018065,GET,GET /api/v1/reservas/{id},3.646316,200,success,
1789927322.033626,GET,GET /api/v1/reservas,4.273657,200,success,
1789927322.039156,GET,GET /api/v1/reservas,4.311865,200,success,
1789927322.051776,GET,GET /api/v1/reservas,4.394531,200,success,
1789927322.086912,GET,GET /api/v1/reservas,5.166421,200,success,
1789927322.122444,GET,GET /api/v1/reservas/{id},4.318846,200,success,
1789927322.175218,GET,GET /api/v1/reservas,7.392275,200,success,
1789927322.236678,GET,GET /api/v1/reservas,9.054624,200,success,
1789927322.237842,GET,GET /api/v1/reservas,8.411128,200,success,
1789927322.252402,GET,GET /api/v1/reservas,6.897545,200,success,
1789927322.356478,GET,GET /api/v1/reservas,13.488614,200,success,
1789927322.358095,GET,GET /api/v1/reservas,9.998193,200,success,
1789927322.361728,GET,GET /api/v1/reservas,7.558917,200,success,
1789927322.404878,GET,GET /api/v1/reservas,18.748937,200,success,
1789927322.440391,GET,GET /api/v1/reservas,8.114909,200,success,
1789927322.508845,GET,GET /api/v1/reservas,14.042775,200,success,
1789927322.509395,GET,GET /api/v1/reservas,11.603467,200,success,
1789927322.539155,GET,GET /api/v1/reservas/{id},6.511419,200,success,
1789927322.571166,GET,GET /api/v1/reservas,11.596807,200,success,
1789927322.614515,GET,GET /api/v1/reservas/{id},8.053717,200,success,
1789927322.669508,GET,GET /api/v1/reservas,5.657144,200,success,
1789927322.669938,GET,GET /api/v1/reservas,8.127679,200,success,
1789927322.813833,GET,GET /api/v1/reservas,8.498570,200,success,
1789927322.820257,GET,GET /api/v1/reservas/{id},4.241227,200,success,
1789927322.886554,GET,GET /api/v1/reservas/{id},5.063003,200,success,
1789927322.886834,GET,GET /api/v1/reservas/{id},4.939717,200,success,
1789927322.990092,GET,GET /api/v1/reservas,5.868093,200,success,
1789927323.027138,GET,GET /api/v1/reservas/{id},4.841207,200,success,
1789927323.030035,GET,GET /api/v1/reservas/{id},3.621208,200,success,
1789927323.049209,GET,GET /api/v1/reservas,4.901869,200,success,
1789927323.113546,GET,GET /api/v1/reservas/{id},4.353609,200,success,
1789927323.133659,GET,GET /api/v1/reservas,4.853235,200,success,
1789927323.180061,GET,GET /api/v1/reservas,5.083585,200,success,
1789927323.218365,GET,GET /api/v1/reservas/{id},4.096659,200,success,
1789927323.232716,GET,GET /api/v1/reservas,5.031676,200,success,
1789927323.234055,GET,GET /api/v1/reservas,4.355712,200,success,
1789927323.280361,GET,GET /api/v1/reservas,5.050285,200,success,
1789927323.307322,GET,GET /api/v1/reservas,4.690609,200,success,
1789927323.356194,GET,GET /api/v1/reservas,5.556281,200,success,
1789927323.471537,GET,GET /api/v1/reservas,5.949097,200,success,
1789927323.477858,GET,GET /api/v1/reservas,4.092133,200,success,
1789927323.484067,GET,GET /api/v1/reservas,3.971780,200,success,
1789927323.505760,GET,GET /api/v1/reservas,5.432564,200,success,
1789927323.531137,GET,GET /api/v1/reservas/{id},10.118616,200,success,
1789927323.553485,GET,GET /api/v1/reservas,5.019508,200,success,
1789927323.584428,GET,GET /api/v1/reservas,4.652571,200,success,
1789927323.593938,GET,GET /api/v1/reservas,4.257342,200,success,
1789927323.648454,GET,GET /api/v1/reservas,5.228084,200,success,
1789927323.765888,GET,GET /api/v1/reservas,6.026755,200,success,
1789927323.794335,GET,GET /api/v1/reservas/{id},4.243672,200,success,
1789927323.798205,GET,GET /api/v1/reservas,4.428963,200,success,
1789927323.914135,GET,GET /api/v1/reservas/{id},5.623304,200,success,
1789927323.918837,GET,GET /api/v1/reservas,4.460050,200,success,
1789927323.979191,GET,GET /api/v1/reservas,5.601671,200,success,
1789927324.023354,GET,GET /api/v1/reservas/{id},3.291680,200,success,
1789927324.024741,GET,GET /api/v1/reservas,7.230720,200,success,
1789927324.070830,GET,GET /api/v1/reservas,6.765294,200,success,
1789927324.088099,GET,GET /api/v1/reservas/{id},4.084241,200,success,
1789927324.100289,GET,GET /api/v1/reservas,4.900808,200,success,
1789927324.116314,GET,GET /api/v1/reservas,4.703529,200,success,
1789927324.144397,GET,GET /api/v1/reservas,4.794496,200,success,
1789927324.174236,GET,GET /api/v1/reservas,4.542094,200,success,
1789927324.293899,GET,GET /api/v1/reservas,6.280820,200,success,
1789927324.302714,GET,GET /api/v1/reservas,4.578521,200,success,
1789927324.379061,GET,GET /api/v1/reservas,5.980174,200,success,
1789927324.463961,GET,GET /api/v1/reservas/{id},4.630758,200,success,
1789927324.515699,GET,GET /api/v1/reservas,5.413406,200,success,
1789927324.637186,GET,GET /api/v1/reservas,12.116695,200,success,
1789927324.684687,GET,GET /api/v1/reservas,7.144118,200,success,
1789927324.685929,GET,GET /api/v1/reservas,4.711611,200,success,
1789927324.699924,GET,GET /api/v1/reservas,4.788017,200,success,
1789927324.704048,GET,GET /api/v1/reservas,4.704771,200,success,
1789927324.813265,GET,GET /api/v1/reservas,5.838469,200,success,
1789927324.992008,GET,GET /api/v1/reservas/{id},4.861538,200,success,
1789927324.992971,GET,GET /api/v1/reservas,6.255372,200,success,
1789927325.048936,GET,GET /api/v1/reservas,5.633719,200,success,
1789927325.079779,GET,GET /api/v1/reservas/{id},4.407520,200,success,
1789927325.081096,GET,GET /api/v1/reservas,6.000546,200,success,
1789927325.142816,GET,GET /api/v1/reservas/{id},4.529165,200,success,
1789927325.180118,GET,GET /api/v1/reservas/{id},5.077286,200,success,
1789927325.229182,GET,GET /api/v1/reservas,5.723475,200,success,
1789927325.233809,GET,GET /api/v1/reservas,4.406399,200,success,
1789927325.395090,GET,GET /api/v1/reservas,5.817167,200,success,
1789927325.441823,GET,GET /api/v1/reservas/{id},4.500532,200,success,
1789927325.452656,GET,GET /api/v1/reservas,4.595525,200,success,
1789927325.457924,GET,GET /api/v1/reservas,4.035486,200,success,
1789927325.554052,GET,GET /api/v1/reservas,5.744847,200,success,
1789927325.597223,GET,GET /api/v1/reservas,5.866180,200,success,
1789927325.659837,GET,GET /api/v1/reservas,8.233068,200,success,
1789927325.699359,GET,GET /api/v1/reservas,5.198129,200,success,
1789927325.712100,GET,GET /api/v1/reservas,4.443706,200,success,
1789927325.761827,GET,GET /api/v1/reservas,5.456450,200,success,
1789927325.774670,GET,GET /api/v1/reservas,4.622516,200,success,
1789927325.818274,GET,GET /api/v1/reservas,5.320545,200,success,
1789927325.840217,GET,GET /api/v1/reservas,4.665762,200,success,
1789927325.850600,GET,GET /api/v1/reservas/{id},3.228623,200,success,
1789927325.875393,GET,GET /api/v1/reservas/{id},3.623713,200,success,
1789927325.885106,GET,GET /api/v1/reservas,4.428682,200,success,
1789927325.895902,GET,GET /api/v1/reservas,4.517097,200,success,
1789927325.942882,GET,GET /api/v1/reservas,5.313734,200,success,
1789927325.962837,GET,GET /api/v1/reservas,4.668395,200,success,
1789927326.034918,GET,GET /api/v1/reservas,5.698327,200,success,
1789927326.089356,GET,GET /api/v1/reservas,5.353494,200,success,
1789927326.122450,GET,GET /api/v1/reservas/{id},3.899951,200,success,
1789927326.144516,GET,GET /api/v1/reservas,4.779554,200,success,
1789927326.156080,GET,GET /api/v1/reservas,4.289041,200,success,
1789927326.172630,GET,GET /api/v1/reservas,4.313809,200,success,
1789927326.183116,GET,GET /api/v1/reservas,4.209780,200,success,
1789927326.234582,GET,GET /api/v1/reservas/{id},4.282730,200,success,
1789927326.326726,GET,GET /api/v1/reservas,5.795945,200,success,
1789927326.387487,GET,GET /api/v1/reservas,5.360035,200,success,
1789927326.431966,GET,GET /api/v1/reservas,5.149215,200,success,
1789927326.436192,GET,GET /api/v1/reservas/{id},3.048000,200,success,
1789927326.454798,GET,GET /api/v1/reservas,4.327609,200,success,
1789927326.467075,GET,GET /api/v1/reservas,4.036648,200,success,
1789927326.596888,GET,GET /api/v1/reservas,6.410567,200,success,
1789927326.670524,GET,GET /api/v1/reservas,5.298000,200,success,
1789927326.686187,GET,GET /api/v1/reservas,4.374060,200,success,
1789927326.790236,GET,GET /api/v1/reservas,5.652648,200,success,
1789927326.872310,GET,GET /api/v1/reservas,6.690942,200,success,
1789927326.875609,GET,GET /api/v1/reservas/{id},4.113735,200,success,
1789927326.936299,GET,GET /api/v1/reservas,6.051763,200,success,
1789927326.937484,GET,GET /api/v1/reservas,4.539901,200,success,
1789927326.976666,GET,GET /api/v1/reservas/{id},4.976953,200,success,
1789927327.002157,GET,GET /api/v1/reservas,5.202965,200,success,
1789927327.028342,GET,GET /api/v1/reservas,4.865324,200,success,
1789927327.085309,GET,GET /api/v1/reservas,6.870714,200,success,
1789927327.085468,GET,GET /api/v1/reservas,5.416910,200,success,
1789927327.103794,GET,GET /api/v1/reservas,5.062623,200,success,
1789927327.178946,GET,GET /api/v1/reservas/{id},4.891754,200,success,
1789927327.199094,GET,GET /api/v1/reservas,4.831422,200,success,
1789927327.250048,GET,GET /api/v1/reservas/{id},4.751862,200,success,
1789927327.288288,GET,GET /api/v1/reservas,4.978616,200,success,
1789927327.363160,GET,GET /api/v1/reservas,5.543812,200,success,
1789927327.443973,GET,GET /api/v1/reservas/{id},5.542180,200,success,
1789927327.467454,GET,GET /api/v1/reservas/{id},4.278234,200,success,
1789927327.474882,GET,GET /api/v1/reservas/{id},4.263543,200,success,
1789927327.554402,GET,GET /api/v1/reservas,7.127463,200,success,
1789927327.660156,GET,GET /api/v1/reservas,8.299899,200,success,
1789927327.663215,GET,GET /api/v1/reservas,5.512876,200,success,
1789927327.703878,GET,GET /api/v1/reservas/{id},7.021212,200,success,
1789927327.794201,GET,GET /api/v1/reservas,5.944109,200,success,
1789927327.842581,GET,GET /api/v1/reservas/{id},4.155289,200,success,
1789927327.906400,GET,GET /api/v1/reservas,5.484522,200,success,
1789927327.918121,GET,GET /api/v1/reservas,4.430315,200,success,
1789927327.967879,GET,GET /api/v1/reservas,5.029374,200,success,
1789927328.003114,GET,GET /api/v1/reservas/{id},4.028885,200,success,
1789927328.030077,GET,GET /api/v1/reservas,4.664580,200,success,
1789927328.099066,GET,GET /api/v1/reservas,5.873152,200,success,
1789927328.105810,GET,GET /api/v1/reservas/{id},3.567176,200,success,
1789927328.129884,GET,GET /api/v1/reservas,4.787146,200,success,
1789927328.201831,GET,GET /api/v1/reservas/{id},4.703669,200,success,
1789927328.251708,GET,GET /api/v1/reservas,5.522410,200,success,
1789927328.273674,GET,GET /api/v1/reservas,4.678862,200,success,
1789927328.320332,GET,GET /api/v1/reservas,5.362498,200,success,
1789927328.487283,GET,GET /api/v1/reservas/{id},5.562932,200,success,
1789927328.523819,GET,GET /api/v1/reservas,9.007292,200,success,
1789927328.528233,GET,GET /api/v1/reservas,8.936704,200,success,
1789927328.597459,GET,GET /api/v1/reservas/{id},5.950529,200,success,
1789927328.602193,GET,GET /api/v1/reservas,5.457031,200,success,
1789927328.607118,GET,GET /api/v1/reservas/{id},5.680339,200,success,
1789927328.650316,GET,GET /api/v1/reservas,6.849882,200,success,
1789927328.726254,GET,GET /api/v1/reservas,7.623765,200,success,
1789927328.728581,GET,GET /api/v1/reservas,5.026018,200,success,
1789927328.775859,GET,GET /api/v1/reservas,10.957058,200,success,
1789927328.781703,GET,GET /api/v1/reservas/{id},3.668480,200,success,
1789927328.818924,GET,GET /api/v1/reservas/{id},4.037459,200,success,
1789927328.841733,GET,GET /api/v1/reservas,4.534834,200,success,
1789927328.936021,GET,GET /api/v1/reservas,5.936858,200,success,
1789927328.955973,GET,GET /api/v1/reservas,4.700885,200,success,
1789927328.997328,GET,GET /api/v1/reservas,5.046349,200,success,
1789927329.122977,GET,GET /api/v1/reservas/{id},4.698932,200,success,
1789927329.184755,GET,GET /api/v1/reservas,5.454327,200,success,
1789927329.215169,GET,GET /api/v1/reservas,6.045974,200,success,
1789927329.218609,GET,GET /api/v1/reservas,4.727996,200,success,
1789927329.402141,GET,GET /api/v1/reservas,6.094006,200,success,
1789927329.419040,GET,GET /api/v1/reservas,4.616527,200,success,
1789927329.437763,GET,GET /api/v1/reservas,4.483605,200,success,
1789927329.445156,GET,GET /api/v1/reservas/{id},3.242984,200,success,
1789927329.475812,GET,GET /api/v1/reservas,5.385082,200,success,
1789927329.557036,GET,GET /api/v1/reservas,6.834420,200,success,
1789927329.650859,GET,GET /api/v1/reservas,7.391713,200,success,
1789927329.652566,GET,GET /api/v1/reservas/{id},4.154586,200,success,
1789927329.669350,GET,GET /api/v1/reservas/{id},4.200297,200,success,
1789927329.669672,GET,GET /api/v1/reservas,6.818554,200,success,
1789927329.709901,GET,GET /api/v1/reservas,7.905202,200,success,
1789927329.715381,GET,GET /api/v1/reservas/{id},7.598257,200,success,
1789927329.716286,GET,GET /api/v1/reservas,7.380366,200,success,
1789927329.732063,GET,GET /api/v1/reservas,8.170202,200,success,
1789927329.742786,GET,GET /api/v1/reservas,6.412159,200,success,
1789927329.782699,GET,GET /api/v1/reservas,7.609543,200,success,
1789927329.811795,GET,GET /api/v1/reservas/{id},8.842673,200,success,
1789927329.816028,GET,GET /api/v1/reservas/{id},4.088267,200,success,
1789927329.938302,GET,GET /api/v1/reservas,6.863904,200,success,
1789927329.968731,GET,GET /api/v1/reservas,5.729143,200,success,
1789927329.973431,GET,GET /api/v1/reservas/{id},4.569667,200,success,
1789927330.045650,GET,GET /api/v1/reservas,6.822821,200,success,
1789927330.058714,GET,GET /api/v1/reservas,5.713039,200,success,
1789927330.065595,GET,GET /api/v1/reservas,5.592495,200,success,
1789927330.137068,GET,GET /api/v1/reservas,8.185287,200,success,
1789927330.162781,GET,GET /api/v1/reservas/{id},5.310719,200,success,
1789927330.164731,GET,GET /api/v1/reservas,5.270689,200,success,
1789927330.194352,GET,GET /api/v1/reservas,8.266008,200,success,
1789927330.197530,GET,GET /api/v1/reservas,6.474673,200,success,
1789927330.211509,GET,GET /api/v1/reservas,6.658612,200,success,
1789927330.320084,GET,GET /api/v1/reservas,7.138239,200,success,
1789927330.321291,GET,GET /api/v1/reservas,5.617174,200,success,
1789927330.397095,GET,GET /api/v1/reservas,6.404166,200,success,
1789927330.444257,GET,GET /api/v1/reservas/{id},4.916531,200,success,
1789927330.461473,GET,GET /api/v1/reservas,5.866101,200,success,
1789927330.514826,GET,GET /api/v1/reservas,6.017001,200,success,
1789927330.535764,GET,GET /api/v1/reservas,5.664325,200,success,
1789927330.550458,GET,GET /api/v1/reservas/{id},3.514576,200,success,
1789927330.557776,GET,GET /api/v1/reservas,4.078763,200,success,
1789927330.600174,GET,GET /api/v1/reservas,5.139140,200,success,
1789927330.631115,GET,GET /api/v1/reservas,4.656338,200,success,
1789927330.752178,GET,GET /api/v1/reservas/{id},4.770280,200,success,
1789927330.777173,GET,GET /api/v1/reservas,4.695486,200,success,
1789927330.833661,GET,GET /api/v1/reservas,5.191108,200,success,
1789927330.850207,GET,GET /api/v1/reservas/{id},3.375065,200,success,
1789927330.882144,GET,GET /api/v1/reservas,4.625421,200,success,
1789927330.916959,GET,GET /api/v1/reservas,4.560472,200,success,
1789927330.939529,GET,GET /api/v1/reservas,4.295862,200,success,
1789927331.030647,GET,GET /api/v1/reservas,5.774832,200,success,
1789927331.042208,GET,GET /api/v1/reservas,4.276252,200,success,
1789927331.089029,GET,GET /api/v1/reservas/{id},3.895274,200,success,
1789927331.094543,GET,GET /api/v1/reservas,4.227538,200,success,
1789927331.124227,GET,GET /api/v1/reservas,4.446329,200,success,
1789927331.137619,GET,GET /api/v1/reservas,4.148758,200,success,
1789927331.179608,GET,GET /api/v1/reservas/{id},3.808222,200,success,
1789927331.186992,GET,GET /api/v1/reservas,4.107365,200,success,
1789927331.282163,GET,GET /api/v1/reservas,5.848444,200,success,
1789927331.311396,GET,GET /api/v1/reservas,4.953699,200,success,
1789927331.323046,GET,GET /api/v1/reservas/{id},3.477220,200,success,
1789927331.353456,GET,GET /api/v1/reservas,5.118667,200,success,
1789927331.391649,GET,GET /api/v1/reservas,4.914549,200,success,
1789927331.442998,GET,GET /api/v1/reservas,5.017164,200,success,
1789927331.523864,GET,GET /api/v1/reservas,6.489856,200,success,
1789927331.540315,GET,GET /api/v1/reservas,5.122264,200,success,
1789927331.636116,GET,GET /api/v1/reservas/{id},4.529195,200,success,
1789927331.648142,GET,GET /api/v1/reservas,4.716768,200,success,
1789927331.689794,GET,GET /api/v1/reservas/{id},5.437692,200,success,
1789927331.691438,GET,GET /api/v1/reservas,6.537569,200,success,
1789927331.729731,GET,GET /api/v1/reservas/{id},4.102438,200,success,
1789927331.745755,GET,GET /api/v1/reservas,4.725922,200,success,
1789927331.773602,GET,GET /api/v1/reservas/{id},3.669323,200,success,
1789927331.817677,GET,GET /api/v1/reservas,5.771969,200,success,
1789927331.863239,GET,GET /api/v1/reservas,5.268435,200,success,
1789927331.948078,GET,GET /api/v1/reservas,5.691116,200,success,
1789927331.999175,GET,GET /api/v1/reservas,4.823700,200,success,
1789927332.019784,GET,GET /api/v1/reservas,4.334150,200,success,
1789927332.027878,GET,GET /api/v1/reservas,3.849364,200,success,
1789927332.037132,GET,GET /api/v1/reservas,4.003658,200,success,
1789927332.050321,GET,GET /api/v1/reservas,3.947163,200,success,
1789927332.151085,GET,GET /api/v1/reservas,5.742244,200,success,
1789927332.239186,GET,GET /api/v1/reservas/{id},4.824263,200,success,
1789927332.259228,GET,GET /api/v1/reservas,4.753385,200,success,
1789927332.329072,GET,GET /api/v1/reservas,5.482681,200,success,
1789927332.332203,GET,GET /api/v1/reservas/{id},3.994504,200,success,
1789927332.370966,GET,GET /api/v1/reservas,5.461798,200,success,
1789927332.407043,GET,GET /api/v1/reservas,4.792774,200,success,
1789927332.475801,GET,GET /api/v1/reservas,5.419754,200,success,
1789927332.495133,GET,GET /api/v1/reservas,5.046720,200,success,
1789927332.555563,GET,GET /api/v1/reservas,10.018164,200,success,
1789927332.579613,GET,GET /api/v1/reservas,10.746938,200,success,
1789927332.583565,GET,GET /api/v1/reservas,7.645318,200,success,
1789927332.638314,GET,GET /api/v1/reservas,6.412359,200,success,
1789927332.640575,GET,GET /api/v1/reservas,5.907854,200,success,
1789927332.659005,GET,GET /api/v1/reservas/{id},4.211914,200,success,
1789927332.779486,GET,GET /api/v1/reservas,19.022742,200,success,
1789927332.783079,GET,GET /api/v1/reservas,12.076093,200,success,
1789927332.825096,GET,GET /api/v1/reservas,10.682572,200,success,
1789927332.825846,GET,GET /api/v1/reservas,9.195788,200,success,
1789927332.851266,GET,GET /api/v1/reservas,8.040427,200,success,
1789927332.920771,GET,GET /api/v1/reservas/{id},6.199136,200,success,
1789927332.957127,GET,GET /api/v1/reservas,6.982193,200,success,
1789927332.973861,GET,GET /api/v1/reservas,7.759010,200,success,
1789927332.977629,GET,GET /api/v1/reservas,6.216161,200,success,
1789927333.012010,GET,GET /api/v1/reservas,6.048537,200,success,
1789927333.026762,GET,GET /api/v1/reservas,5.425653,200,success,
1789927333.045893,GET,GET /api/v1/reservas/{id},3.934403,200,success,
1789927333.054459,GET,GET /api/v1/reservas/{id},3.404540,200,success,
1789927333.125832,GET,GET /api/v1/reservas,6.196122,200,success,
1789927333.132488,GET,GET /api/v1/reservas/{id},3.487156,200,success,
1789927333.170538,GET,GET /api/v1/reservas,4.749379,200,success,
1789927333.184157,GET,GET /api/v1/reservas,4.346798,200,success,
1789927333.268147,GET,GET /api/v1/reservas,5.597703,200,success,
1789927333.327967,GET,GET /api/v1/reservas,5.489310,200,success,
1789927333.383375,GET,GET /api/v1/reservas/{id},4.175549,200,success,
1789927333.431890,GET,GET /api/v1/reservas,7.174554,200,success,
1789927333.486145,GET,GET /api/v1/reservas,5.928957,200,success,
1789927333.619718,GET,GET /api/v1/reservas,6.147107,200,success,
1789927333.637436,GET,GET /api/v1/reservas,4.430525,200,success,
1789927333.691029,GET,GET /api/v1/reservas/{id},4.394902,200,success,
1789927333.703625,GET,GET /api/v1/reservas/{id},3.434225,200,success,
1789927333.775161,GET,GET /api/v1/reservas/{id},4.337454,200,success,
1789927333.782795,GET,GET /api/v1/reservas,4.341050,200,success,
1789927333.801234,GET,GET /api/v1/reservas/{id},3.269495,200,success,
1789927333.855663,GET,GET /api/v1/reservas,6.158043,200,success,
1789927333.915439,GET,GET /api/v1/reservas,5.421006,200,success,
1789927333.938451,GET,GET /api/v1/reservas,4.693504,200,success,
1789927333.939642,GET,GET /api/v1/reservas/{id},3.427595,200,success,
1789927334.011600,GET,GET /api/v1/reservas,5.252761,200,success,
1789927334.059974,GET,GET /api/v1/reservas,5.042452,200,success,
1789927334.106638,GET,GET /api/v1/reservas/{id},5.081632,200,success,
1789927334.152557,GET,GET /api/v1/reservas,5.570383,200,success,
1789927334.154146,GET,GET /api/v1/reservas/{id},3.519825,200,success,
1789927334.165214,GET,GET /api/v1/reservas,4.790170,200,success,
1789927334.231082,GET,GET /api/v1/reservas,6.545080,200,success,
1789927334.275503,GET,GET /api/v1/reservas,5.137887,200,success,
1789927334.352271,GET,GET /api/v1/reservas/{id},5.522109,200,success,
1789927334.432428,GET,GET /api/v1/reservas/{id},4.959468,200,success,
1789927334.444879,GET,GET /api/v1/reservas/{id},3.282564,200,success,
1789927334.466945,GET,GET /api/v1/reservas,4.793835,200,success,
1789927334.544739,GET,GET /api/v1/reservas/{id},4.536707,200,success,
1789927334.680619,GET,GET /api/v1/reservas/{id},3.770726,200,success,
1789927334.681680,GET,GET /api/v1/reservas/{id},3.303407,200,success,
1789927334.682049,GET,GET /api/v1/reservas,6.894329,200,success,
1789927334.768471,GET,GET /api/v1/reservas,6.087767,200,success,
1789927334.894633,GET,GET /api/v1/reservas,5.778980,200,success,
1789927335.008273,GET,GET /api/v1/reservas,6.269622,200,success,
1789927335.009268,GET,GET /api/v1/reservas/{id},3.549769,200,success,
1789927335.030850,GET,GET /api/v1/reservas/{id},3.385801,200,success,
1789927335.078291,GET,GET /api/v1/reservas,5.137876,200,success,
1789927335.169180,GET,GET /api/v1/reservas,5.764357,200,success,
1789927335.181847,GET,GET /api/v1/reservas,4.426148,200,success,
1789927335.187730,GET,GET /api/v1/reservas/{id},3.719678,200,success,
1789927335.194949,GET,GET /api/v1/reservas,4.948299,200,success,
1789927335.203729,GET,GET /api/v1/reservas,4.513191,200,success,
1789927335.280394,GET,GET /api/v1/reservas,7.322068,200,success,
1789927335.365231,GET,GET /api/v1/reservas/{id},4.739433,200,success,
1789927335.366255,GET,GET /api/v1/reservas,7.490322,200,success,
1789927335.372935,GET,GET /api/v1/reservas,4.475492,200,success,
1789927335.382620,GET,GET /api/v1/reservas/{id},3.521678,200,success,
1789927335.445513,GET,GET /api/v1/reservas/{id},4.678060,200,success,
1789927335.448014,GET,GET /api/v1/reservas,4.363113,200,success,
1789927335.462888,GET,GET /api/v1/reservas,4.648936,200,success,
1789927335.466493,GET,GET /api/v1/reservas,4.220317,200,success,
1789927335.479827,GET,GET /api/v1/reservas,4.081797,200,success,
1789927335.494243,GET,GET /api/v1/reservas,4.195629,200,success,
1789927335.511626,GET,GET /api/v1/reservas,4.157813,200,success,
1789927335.587667,GET,GET /api/v1/reservas,5.723426,200,success,
1789927335.616616,GET,GET /api/v1/reservas,4.687214,200,success,
1789927335.630104,GET,GET /api/v1/reservas/{id},3.322286,200,success,
1789927335.634055,GET,GET /api/v1/reservas,3.763013,200,success,
1789927335.644252,GET,GET /api/v1/reservas,3.985590,200,success,
1789927335.699668,GET,GET /api/v1/reservas,5.158619,200,success,
1789927335.728600,GET,GET /api/v1/reservas,4.667265,200,success,
1789927335.772742,GET,GET /api/v1/reservas/{id},3.953793,200,success,
1789927335.788606,GET,GET /api/v1/reservas,4.577848,200,success,
1789927335.815767,GET,GET /api/v1/reservas,4.853587,200,success,
1789927335.827999,GET,GET /api/v1/reservas,4.981049,200,success,
1789927335.888633,GET,GET /api/v1/reservas,5.294765,200,success,
1789927335.939090,GET,GET /api/v1/reservas,5.163726,200,success,
1789927335.968326,GET,GET /api/v1/reservas/{id},4.656518,200,success,
1789927335.968813,GET,GET /api/v1/reservas,4.736920,200,success,
1789927336.027467,GET,GET /api/v1/reservas,5.340924,200,success,
1789927336.042078,GET,GET /api/v1/reservas/{id},3.413174,200,success,
1789927336.092067,GET,GET /api/v1/reservas,5.599567,200,success,
1789927336.092555,GET,GET /api/v1/reservas,7.200353,200,success,
1789927336.237948,GET,GET /api/v1/reservas/{id},5.048672,200,success,
1789927336.282657,GET,GET /api/v1/reservas,5.365803,200,success,
1789927336.368698,GET,GET /api/v1/reservas,6.651411,200,success,
1789927336.529303,GET,GET /api/v1/reservas,6.136551,200,success,
1789927336.543188,GET,GET /api/v1/reservas/{id},3.692195,200,success,
1789927336.675049,GET,GET /api/v1/reservas/{id},4.544407,200,success,
1789927336.837615,GET,GET /api/v1/reservas,6.145404,200,success,
1789927336.868055,GET,GET /api/v1/reservas,5.138288,200,success,
1789927336.870698,GET,GET /api/v1/reservas,4.187467,200,success,
1789927336.879896,GET,GET /api/v1/reservas,3.958760,200,success,
1789927336.906893,GET,GET /api/v1/reservas/{id},3.519324,200,success,
1789927336.919352,GET,GET /api/v1/reservas,4.189681,200,success,
1789927336.953134,GET,GET /api/v1/reservas/{id},3.602160,200,success,
1789927337.060532,GET,GET /api/v1/reservas,6.028107,200,success,
1789927337.070542,GET,GET /api/v1/reservas,4.701667,200,success,
1789927337.119766,GET,GET /api/v1/reservas,5.928225,200,success,
1789927337.158020,GET,GET /api/v1/reservas,4.937353,200,success,
1789927337.294071,GET,GET /api/v1/reservas/{id},4.712032,200,success,
1789927337.307028,GET,GET /api/v1/reservas,4.637679,200,success,
1789927337.326829,GET,GET /api/v1/reservas/{id},9.625238,200,success,
1789927337.330268,GET,GET /api/v1/reservas/{id},4.183210,200,success,
1789927337.336126,GET,GET /api/v1/reservas,4.549666,200,success,
1789927337.344319,GET,GET /api/v1/reservas,4.914999,200,success,
1789927337.348905,GET,GET /api/v1/reservas,5.268986,200,success,
1789927337.402816,GET,GET /api/v1/reservas,6.593103,200,success,
1789927337.449203,GET,GET /api/v1/reservas/{id},4.155429,200,success,
1789927337.474096,GET,GET /api/v1/reservas,4.612462,200,success,
1789927337.538973,GET,GET /api/v1/reservas,5.584505,200,success,
1789927337.545720,GET,GET /api/v1/reservas,4.467692,200,success,
1789927337.547111,GET,GET /api/v1/reservas,4.408672,200,success,
1789927337.678118,GET,GET /api/v1/reservas,5.597443,200,success,
1789927337.690451,GET,GET /api/v1/reservas,4.060845,200,success,
1789927337.709416,GET,GET /api/v1/reservas,4.709638,200,success,
1789927337.800552,GET,GET /api/v1/reservas/{id},5.853311,200,success,
1789927337.811592,GET,GET /api/v1/reservas/{id},5.675071,200,success,
1789927337.815795,GET,GET /api/v1/reservas,5.874313,200,success,
1789927337.885039,GET,GET /api/v1/reservas,6.889552,200,success,
1789927337.904907,GET,GET /api/v1/reservas,6.495815,200,success,
1789927338.002898,GET,GET /api/v1/reservas,8.665174,200,success,
1789927338.039390,GET,GET /api/v1/reservas,7.055344,200,success,
1789927338.043117,GET,GET /api/v1/reservas,4.894379,200,success,
1789927338.057157,GET,GET /api/v1/reservas,4.770150,200,success,
1789927338.068515,GET,GET /api/v1/reservas,6.327020,200,success,
1789927338.135921,GET,GET /api/v1/reservas,6.077592,200,success,
1789927338.138014,GET,GET /api/v1/reservas/{id},3.463980,200,success,
1789927338.173081,GET,GET /api/v1/reservas,4.753034,200,success,
1789927338.200027,GET,GET /api/v1/reservas,4.643498,200,success,
1789927338.217163,GET,GET /api/v1/reservas,4.863471,200,success,
1789927338.236123,GET,GET /api/v1/reservas,4.705282,200,success,
1789927338.343083,GET,GET /api/v1/reservas,6.574384,200,success,
1789927338.348605,GET,GET /api/v1/reservas/{id},3.345881,200,success,
1789927338.433760,GET,GET /api/v1/reservas,5.802023,200,success,
1789927338.454592,GET,GET /api/v1/reservas,4.551829,200,success,
1789927338.461877,GET,GET /api/v1/reservas/{id},3.127130,200,success,
1789927338.495878,GET,GET /api/v1/reservas,4.732783,200,success,
1789927338.544258,GET,GET /api/v1/reservas,5.082433,200,success,
1789927338.631166,GET,GET /api/v1/reservas,5.538405,200,success,
1789927338.701084,GET,GET /api/v1/reservas/{id},4.665281,200,success,
1789927338.721329,GET,GET /api/v1/reservas,5.928816,200,success,
1789927338.786449,GET,GET /api/v1/reservas,6.748859,200,success,
1789927338.855345,GET,GET /api/v1/reservas,8.517570,200,success,
1789927338.913535,GET,GET /api/v1/reservas,8.821610,200,success,
1789927338.918293,GET,GET /api/v1/reservas/{id},8.352749,200,success,
1789927338.921643,GET,GET /api/v1/reservas/{id},4.880327,200,success,
1789927338.926622,GET,GET /api/v1/reservas,6.027406,200,success,
1789927338.930333,GET,GET /api/v1/reservas,5.243457,200,success,
1789927338.955479,GET,GET /api/v1/reservas,10.708050,200,success,
1789927338.989156,GET,GET /api/v1/reservas,13.922202,200,success,
1789927339.165187,GET,GET /api/v1/reservas/{id},4.910503,200,success,
1789927339.180134,GET,GET /api/v1/reservas,4.663359,200,success,
1789927339.279691,GET,GET /api/v1/reservas/{id},6.258716,200,success,
1789927339.280072,GET,GET /api/v1/reservas/{id},6.087777,200,success,
1789927339.288714,GET,GET /api/v1/reservas,5.382378,200,success,
1789927339.339828,GET,GET /api/v1/reservas,5.783917,200,success,
1789927339.367086,GET,GET /api/v1/reservas,4.916401,200,success,
1789927339.545820,GET,GET /api/v1/reservas,6.264535,200,success,
1789927339.558324,GET,GET /api/v1/reservas,4.265345,200,success,
1789927339.585119,GET,GET /api/v1/reservas/{id},3.625515,200,success,
1789927339.692849,GET,GET /api/v1/reservas/{id},4.450665,200,success,
1789927339.704441,GET,GET /api/v1/reservas,4.303664,200,success,
1789927339.724201,GET,GET /api/v1/reservas,4.504827,200,success,
1789927339.734995,GET,GET /api/v1/reservas,4.554343,200,success,
1789927339.768130,GET,GET /api/v1/reservas/{id},3.944699,200,success,
1789927339.840038,GET,GET /api/v1/reservas/{id},4.674624,200,success,
1789927339.840870,GET,GET /api/v1/reservas,4.693073,200,success,
1789927339.958450,GET,GET /api/v1/reservas,6.687015,200,success,
1789927339.966309,GET,GET /api/v1/reservas,5.526867,200,success,
1789927340.003573,GET,GET /api/v1/reservas,7.961437,200,success,
1789927340.100288,GET,GET /api/v1/reservas/{id},5.405713,200,success,
1789927340.123578,GET,GET /api/v1/reservas,6.936424,200,success,
1789927340.183684,GET,GET /api/v1/reservas,6.706053,200,success,
1789927340.198525,GET,GET /api/v1/reservas,4.549636,200,success,
1789927340.223617,GET,GET /api/v1/reservas,4.801417,200,success,
1789927340.287968,GET,GET /api/v1/reservas,8.736892,200,success,
1789927340.291047,GET,GET /api/v1/reservas/{id},5.146419,200,success,
1789927340.294101,GET,GET /api/v1/reservas/{id},3.719316,200,success,
1789927340.305760,GET,GET /api/v1/reservas/{id},4.838352,200,success,
1789927340.306487,GET,GET /api/v1/reservas,7.106150,200,success,
1789927340.331340,GET,GET /api/v1/reservas,5.555810,200,success,
1789927340.355031,GET,GET /api/v1/reservas/{id},6.422444,200,success,
1789927340.364680,GET,GET /api/v1/reservas,7.323721,200,success,
1789927340.393152,GET,GET /api/v1/reservas/{id},12.024506,200,success,
1789927340.393615,GET,GET /api/v1/reservas/{id},15.572673,200,success,
1789927340.400566,GET,GET /api/v1/reservas,14.510663,200,success,
1789927340.424149,GET,GET /api/v1/reservas,12.249526,200,success,
1789927340.465745,GET,GET /api/v1/reservas,9.220326,200,success,
1789927340.635131,GET,GET /api/v1/reservas,6.889361,200,success,
1789927340.653870,GET,GET /api/v1/reservas,5.437440,200,success,
1789927340.696138,GET,GET /api/v1/reservas,4.999426,200,success,
1789927340.705401,GET,GET /api/v1/reservas,4.013052,200,success,
1789927340.744646,GET,GET /api/v1/reservas,4.992558,200,success,
1789927340.782742,GET,GET /api/v1/reservas,4.807528,200,success,
1789927340.927884,GET,GET /api/v1/reservas/{id},4.809510,200,success,
1789927340.943929,GET,GET /api/v1/reservas,4.785734,200,success,
1789927340.962391,GET,GET /api/v1/reservas,4.240608,200,success,
1789927341.004544,GET,GET /api/v1/reservas,4.890112,200,success,
1789927341.050036,GET,GET /api/v1/reservas/{id},4.247438,200,success,
1789927341.083763,GET,GET /api/v1/reservas,5.420335,200,success,
1789927341.092945,GET,GET /api/v1/reservas,4.948490,200,success,
1789927341.123740,GET,GET /api/v1/reservas/{id},3.622161,200,success,
1789927341.157920,GET,GET /api/v1/reservas,4.930844,200,success,
1789927341.186745,GET,GET /api/v1/reservas,4.536055,200,success,
1789927341.366356,GET,GET /api/v1/reservas,6.163802,200,success,
1789927341.372453,GET,GET /api/v1/reservas,3.856785,200,success,
1789927341.385753,GET,GET /api/v1/reservas,4.085472,200,success,
1789927341.422935,GET,GET /api/v1/reservas,4.923482,200,success,
1789927341.573134,GET,GET /api/v1/reservas/{id},4.840757,200,success,
1789927341.594066,GET,GET /api/v1/reservas/{id},3.738055,200,success,
1789927341.682504,GET,GET /api/v1/reservas,6.077521,200,success,
1789927341.712592,GET,GET /api/v1/reservas/{id},3.896065,200,success,
1789927341.742282,GET,GET /api/v1/reservas/{id},4.506791,200,success,
1789927341.774171,GET,GET /api/v1/reservas,7.536443,200,success,
1789927341.783945,GET,GET /api/v1/reservas,5.465985,200,success,
1789927341.806979,GET,GET /api/v1/reservas,6.687226,200,success,
1789927341.826012,GET,GET /api/v1/reservas/{id},5.781974,200,success,
1789927341.836297,GET,GET /api/v1/reservas/{id},4.107235,200,success,
1789927341.876270,GET,GET /api/v1/reservas,6.671161,200,success,
1789927341.995005,GET,GET /api/v1/reservas,7.178160,200,success,
1789927342.005392,GET,GET /api/v1/reservas,5.062123,200,success,
1789927342.043423,GET,GET /api/v1/reservas,7.593548,200,success,
1789927342.073621,GET,GET /api/v1/reservas/{id},4.952926,200,success,
1789927342.089012,GET,GET /api/v1/reservas,6.028667,200,success,
1789927342.112580,GET,GET /api/v1/reservas,5.246302,200,success,
1789927342.127552,GET,GET /api/v1/reservas,4.667093,200,success,
1789927342.156654,GET,GET /api/v1/reservas,4.855108,200,success,
1789927342.211855,GET,GET /api/v1/reservas,5.880873,200,success,
1789927342.261286,GET,GET /api/v1/reservas,5.137267,200,success,
1789927342.418573,GET,GET /api/v1/reservas/{id},4.938877,200,success,
1789927342.440383,GET,GET /api/v1/reservas,6.470998,200,success,
1789927342.488890,GET,GET /api/v1/reservas,5.190308,200,success,
1789927342.545440,GET,GET /api/v1/reservas,5.245131,200,success,
1789927342.632939,GET,GET /api/v1/reservas,11.807416,200,success,
1789927342.633276,GET,GET /api/v1/reservas,11.912975,200,success,
1789927342.635434,GET,GET /api/v1/reservas,7.287745,200,success,
1789927342.640773,GET,GET /api/v1/reservas/{id},3.199348,200,success,
1789927342.644887,GET,GET /api/v1/reservas/{id},2.979937,200,success,
1789927342.708563,GET,GET /api/v1/reservas,5.357451,200,success,
1789927342.737676,GET,GET /api/v1/reservas,4.870522,200,success,
1789927342.792475,GET,GET /api/v1/reservas/{id},4.585181,200,success,
1789927342.893435,GET,GET /api/v1/reservas,6.551599,200,success,
1789927342.931832,GET,GET /api/v1/reservas,7.059299,200,success,
1789927342.934200,GET,GET /api/v1/reservas/{id},5.615982,200,success,
1789927342.966373,GET,GET /api/v1/reservas,9.846294,200,success,
1789927342.988093,GET,GET /api/v1/reservas/{id},4.486470,200,success,
1789927343.097691,GET,GET /api/v1/reservas/{id},17.224917,200,success,
1789927343.105467,GET,GET /api/v1/reservas,13.834218,200,success,
1789927343.135808,GET,GET /api/v1/reservas,7.746881,200,success,
1789927343.142593,GET,GET /api/v1/reservas,7.535451,200,success,
1789927343.169347,GET,GET /api/v1/reservas,9.377754,200,success,
1789927343.197681,GET,GET /api/v1/reservas,17.324447,200,success,
1789927343.198512,GET,GET /api/v1/reservas/{id},4.660363,200,success,
1789927343.282259,GET,GET /api/v1/reservas/{id},7.112079,200,success,
1789927343.350036,GET,GET /api/v1/reservas,7.775805,200,success,
1789927343.350489,GET,GET /api/v1/reservas,10.186449,200,success,
1789927343.419865,GET,GET /api/v1/reservas,7.011287,200,success,
1789927343.424124,GET,GET /api/v1/reservas,5.191227,200,success,
1789927343.447031,GET,GET /api/v1/reservas/{id},9.685029,200,success,
1789927343.457679,GET,GET /api/v1/reservas,16.146923,200,success,
1789927343.534795,GET,GET /api/v1/reservas,10.720438,200,success,
1789927343.542142,GET,GET /api/v1/reservas/{id},4.159304,200,success,
1789927343.712583,GET,GET /api/v1/reservas,6.121459,200,success,
1789927343.724164,GET,GET /api/v1/reservas/{id},3.410169,200,success,
1789927343.775383,GET,GET /api/v1/reservas,5.940013,200,success,
1789927343.775746,GET,GET /api/v1/reservas,5.975577,200,success,
1789927343.807956,GET,GET /api/v1/reservas,4.933237,200,success,
1789927343.813422,GET,GET /api/v1/reservas,4.190651,200,success,
1789927343.895700,GET,GET /api/v1/reservas,5.920133,200,success,
1789927344.013934,GET,GET /api/v1/reservas/{id},4.528012,200,success,
1789927344.023895,GET,GET /api/v1/reservas,4.644950,200,success,
1789927344.155038,GET,GET /api/v1/reservas,6.038843,200,success,
1789927344.180045,GET,GET /api/v1/reservas,4.725833,200,success,
1789927344.208104,GET,GET /api/v1/reservas,4.773535,200,success,
1789927344.228130,GET,GET /api/v1/reservas,4.723399,200,success,
1789927344.268939,GET,GET /api/v1/reservas,5.528950,200,success,
1789927344.286584,GET,GET /api/v1/reservas,4.392898,200,success,
1789927344.307600,GET,GET /api/v1/reservas,4.768547,200,success,
1789927344.356505,GET,GET /api/v1/reservas,5.578945,200,success,
1789927344.359634,GET,GET /api/v1/reservas,4.036909,200,success,
1789927344.382484,GET,GET /api/v1/reservas,4.595776,200,success,
1789927344.387667,GET,GET /api/v1/reservas/{id},3.008359,200,success,
1789927344.405174,GET,GET /api/v1/reservas/{id},3.345270,200,success,
1789927344.408583,GET,GET /api/v1/reservas,4.121707,200,success,
1789927344.449610,GET,GET /api/v1/reservas,5.783126,200,success,
1789927344.471561,GET,GET /api/v1/reservas/{id},3.766939,200,success,
1789927344.498709,GET,GET /api/v1/reservas,4.888620,200,success,
1789927344.618927,GET,GET /api/v1/reservas,5.907965,200,success,
1789927344.630683,GET,GET /api/v1/reservas/{id},3.566796,200,success,
1789927344.636148,GET,GET /api/v1/reservas,4.234178,200,success,
1789927344.661436,GET,GET /api/v1/reservas,5.009462,200,success,
1789927344.690516,GET,GET /api/v1/reservas/{id},4.874628,200,success,
1789927344.705202,GET,GET /api/v1/reservas,5.411451,200,success,
1789927344.714888,GET,GET /api/v1/reservas,4.411997,200,success,
1789927344.768354,GET,GET /api/v1/reservas,5.186151,200,success,
1789927344.793230,GET,GET /api/v1/reservas,4.601784,200,success,
1789927344.941634,GET,GET /api/v1/reservas,5.982948,200,success,
1789927344.944099,GET,GET /api/v1/reservas/{id},3.780650,200,success,
1789927344.954613,GET,GET /api/v1/reservas,5.274324,200,success,
1789927345.001883,GET,GET /api/v1/reservas,4.948060,200,success,
1789927345.110600,GET,GET /api/v1/reservas/{id},4.648307,200,success,
1789927345.180667,GET,GET /api/v1/reservas,5.738838,200,success,
1789927345.247018,GET,GET /api/v1/reservas,6.944155,200,success,
1789927345.319529,GET,GET /api/v1/reservas,6.134588,200,success,
1789927345.327218,GET,GET /api/v1/reservas,4.438788,200,success,
1789927345.417593,GET,GET /api/v1/reservas,6.012512,200,success,
1789927345.484873,GET,GET /api/v1/reservas,6.020265,200,success,
1789927345.538770,GET,GET /api/v1/reservas,5.575912,200,success,
1789927345.661096,GET,GET /api/v1/reservas,5.916637,200,success,
1789927345.667682,GET,GET /api/v1/reservas,4.347039,200,success,
1789927345.687223,GET,GET /api/v1/reservas,4.287578,200,success,
1789927345.743828,GET,GET /api/v1/reservas,5.317229,200,success,
1789927345.748734,GET,GET /api/v1/reservas,4.680353,200,success,
1789927345.825010,GET,GET /api/v1/reservas,5.876716,200,success,
1789927345.861379,GET,GET /api/v1/reservas,5.083936,200,success,
1789927345.867695,GET,GET /api/v1/reservas,4.098953,200,success,
1789927345.877095,GET,GET /api/v1/reservas,4.170081,200,success,
1789927345.949827,GET,GET /api/v1/reservas,5.402628,200,success,
1789927346.007671,GET,GET /api/v1/reservas/{id},4.595225,200,success,
1789927346.018955,GET,GET /api/v1/reservas,4.998446,200,success,
1789927346.023123,GET,GET /api/v1/reservas/{id},5.657084,200,success,
1789927346.060135,GET,GET /api/v1/reservas/{id},3.818267,200,success,
1789927346.070449,GET,GET /api/v1/reservas,6.020206,200,success,
1789927346.089511,GET,GET /api/v1/reservas,7.744288,200,success,
1789927346.111821,GET,GET /api/v1/reservas,6.290544,200,success,
1789927346.188927,GET,GET /api/v1/reservas,5.735674,200,success,
1789927346.250615,GET,GET /api/v1/reservas,5.353455,200,success,
1789927346.303262,GET,GET /api/v1/reservas,5.348547,200,success,
1789927346.342462,GET,GET /api/v1/reservas/{id},4.002626,200,success,
1789927346.412327,GET,GET /api/v1/reservas/{id},4.625321,200,success,
1789927346.422243,GET,GET /api/v1/reservas,4.655376,200,success,
1789927346.455427,GET,GET /api/v1/reservas,4.926287,200,success,
1789927346.474256,GET,GET /api/v1/reservas,4.576957,200,success,
1789927346.576484,GET,GET /api/v1/reservas,5.828494,200,success,
1789927346.599236,GET,GET /api/v1/reservas,4.451007,200,success,
1789927346.684386,GET,GET /api/v1/reservas,5.835685,200,success,
1789927346.687274,GET,GET /api/v1/reservas,4.998156,200,success,
1789927346.772426,GET,GET /api/v1/reservas,5.777878,200,success,
1789927346.806923,GET,GET /api/v1/reservas,5.177657,200,success,
1789927346.837081,GET,GET /api/v1/reservas,4.852425,200,success,
1789927346.848505,GET,GET /api/v1/reservas,5.172910,200,success,
1789927346.853683,GET,GET /api/v1/reservas,6.404137,200,success,
1789927346.900283,GET,GET /api/v1/reservas,4.985737,200,success,
1789927346.931269,GET,GET /api/v1/reservas,4.703649,200,success,
1789927346.965190,GET,GET /api/v1/reservas,4.631530,200,success,
1789927347.039079,GET,GET /api/v1/reservas,7.502000,200,success,
1789927347.042318,GET,GET /api/v1/reservas,6.005262,200,success,
1789927347.084582,GET,GET /api/v1/reservas/{id},5.079038,200,success,
1789927347.120244,GET,GET /api/v1/reservas,5.584604,200,success,
1789927347.144242,GET,GET /api/v1/reservas,4.746093,200,success,
1789927347.178228,GET,GET /api/v1/reservas/{id},3.806259,200,success,
1789927347.222477,GET,GET /api/v1/reservas,4.970473,200,success,
1789927347.373939,GET,GET /api/v1/reservas,5.559806,200,success,
1789927347.374685,GET,GET /api/v1/reservas,6.845595,200,success,
1789927347.432076,GET,GET /api/v1/reservas,6.038082,200,success,
1789927347.541498,GET,GET /api/v1/reservas,6.027547,200,success,
1789927347.563306,GET,GET /api/v1/reservas,4.557248,200,success,
1789927347.643545,GET,GET /api/v1/reservas,5.925281,200,success,
1789927347.648835,GET,GET /api/v1/reservas,4.073634,200,success,
1789927347.687895,GET,GET /api/v1/reservas,4.788778,200,success,
1789927347.725262,GET,GET /api/v1/reservas,5.074191,200,success,
1789927347.735924,GET,GET /api/v1/reservas,4.404466,200,success,
1789927347.752460,GET,GET /api/v1/reservas,4.261218,200,success,
1789927347.756375,GET,GET /api/v1/reservas,4.614294,200,success,
1789927347.829008,GET,GET /api/v1/reservas/{id},4.392337,200,success,
1789927347.863176,GET,GET /api/v1/reservas/{id},3.978990,200,success,
1789927347.919141,GET,GET /api/v1/reservas,5.638656,200,success,
1789927347.986616,GET,GET /api/v1/reservas/{id},4.774936,200,success,
1789927347.990731,GET,GET /api/v1/reservas,5.032818,200,success,
1789927347.992342,GET,GET /api/v1/reservas,4.474010,200,success,
1789927348.032896,GET,GET /api/v1/reservas,5.308556,200,success,
1789927348.043299,GET,GET /api/v1/reservas/{id},3.237676,200,success,
1789927348.109655,GET,GET /api/v1/reservas/{id},7.398073,200,success,
1789927348.115263,GET,GET /api/v1/reservas,7.104218,200,success,
1789927348.188288,GET,GET /api/v1/reservas,8.684593,200,success,
1789927348.190586,GET,GET /api/v1/reservas,5.964741,200,success,
1789927348.225434,GET,GET /api/v1/reservas,10.489899,200,success,
1789927348.255339,GET,GET /api/v1/reservas/{id},5.656654,200,success,
1789927348.282427,GET,GET /api/v1/reservas,8.658884,200,success,
1789927348.283708,GET,GET /api/v1/reservas,6.933409,200,success,
1789927348.394297,GET,GET /api/v1/reservas,6.222681,200,success,
1789927348.430659,GET,GET /api/v1/reservas,5.055833,200,success,
1789927348.527917,GET,GET /api/v1/reservas,5.876136,200,success,
1789927348.548017,GET,GET /api/v1/reservas,4.830671,200,success,
1789927348.620897,GET,GET /api/v1/reservas,5.565345,200,success,
1789927348.623236,GET,GET /api/v1/reservas,4.181138,200,success,
1789927348.687845,GET,GET /api/v1/reservas/{id},4.384406,200,success,
1789927348.696808,GET,GET /api/v1/reservas,4.705751,200,success,
1789927348.731159,GET,GET /api/v1/reservas,7.052310,200,success,
1789927348.860696,GET,GET /api/v1/reservas,6.142860,200,success,
1789927348.914425,GET,GET /api/v1/reservas,6.418949,200,success,
1789927348.974077,GET,GET /api/v1/reservas,5.348566,200,success,
1789927349.036745,GET,GET /api/v1/reservas,6.327430,200,success,
1789927349.083480,GET,GET /api/v1/reservas/{id},5.359634,200,success,
1789927349.099811,GET,GET /api/v1/reservas,6.923074,200,success,
1789927349.132896,GET,GET /api/v1/reservas,7.669885,200,success,
1789927349.220215,GET,GET /api/v1/reservas,8.930435,200,success,
1789927349.276200,GET,GET /api/v1/reservas,7.575111,200,success,
1789927349.347868,GET,GET /api/v1/reservas,8.248582,200,success,
1789927349.377382,GET,GET /api/v1/reservas,6.199495,200,success,
1789927349.393530,GET,GET /api/v1/reservas,4.848779,200,success,
1789927349.409454,GET,GET /api/v1/reservas/{id},3.732197,200,success,
1789927349.412554,GET,GET /api/v1/reservas,4.102308,200,success,
1789927349.434359,GET,GET /api/v1/reservas,4.565079,200,success,
1789927349.443005,GET,GET /api/v1/reservas,4.375883,200,success,
1789927349.443790,GET,GET /api/v1/reservas/{id},3.729754,200,success,
1789927349.497046,GET,GET /api/v1/reservas/{id},4.056087,200,success,
1789927349.510712,GET,GET /api/v1/reservas,4.411747,200,success,
1789927349.574422,GET,GET /api/v1/reservas,5.395107,200,success,
1789927349.607526,GET,GET /api/v1/reservas,4.819956,200,success,
1789927349.617172,GET,GET /api/v1/reservas,4.415672,200,success,
1789927349.640393,GET,GET /api/v1/reservas,4.976733,200,success,
1789927349.755773,GET,GET /api/v1/reservas,5.997550,200,success,
1789927349.783850,GET,GET /api/v1/reservas/{id},3.876416,200,success,
1789927349.842563,GET,GET /api/v1/reservas/{id},4.473611,200,success,
1789927349.913875,GET,GET /api/v1/reservas,6.982974,200,success,
1789927349.949722,GET,GET /api/v1/reservas,6.512170,200,success,
1789927350.028864,GET,GET /api/v1/reservas,5.844268,200,success,
1789927350.094949,GET,GET /api/v1/reservas,7.706781,200,success,
1789927350.103128,GET,GET /api/v1/reservas,4.814187,200,success,
1789927350.170482,GET,GET /api/v1/reservas,6.247129,200,success,
1789927350.236592,GET,GET /api/v1/reservas/{id},13.851925,200,success,
1789927350.255980,GET,GET /api/v1/reservas,7.759561,200,success,
1789927350.308381,GET,GET /api/v1/reservas,7.010967,200,success,
1789927350.345418,GET,GET /api/v1/reservas,10.613136,200,success,
1789927350.363063,GET,GET /api/v1/reservas,19.223586,200,success,
1789927350.385290,GET,GET /api/v1/reservas,11.670820,200,success,
1789927350.388763,GET,GET /api/v1/reservas/{id},11.319187,200,success,
1789927350.405828,GET,GET /api/v1/reservas,9.629235,200,success,
1789927350.454790,GET,GET /api/v1/reservas,6.578550,200,success,
1789927350.468916,GET,GET /api/v1/reservas,5.799850,200,success,
1789927350.478142,GET,GET /api/v1/reservas,9.423252,200,success,
1789927350.544978,GET,GET /api/v1/reservas,7.454329,200,success,
1789927350.545404,GET,GET /api/v1/reservas,6.015438,200,success,
1789927350.593040,GET,GET /api/v1/reservas,6.299417,200,success,
1789927350.713700,GET,GET /api/v1/reservas,7.271110,200,success,
1789927350.763040,GET,GET /api/v1/reservas/{id},8.066617,200,success,
1789927350.862560,GET,GET /api/v1/reservas,7.166552,200,success,
1789927350.876793,GET,GET /api/v1/reservas,5.911982,200,success,
1789927350.917767,GET,GET /api/v1/reservas,5.647590,200,success,
1789927350.930562,GET,GET /api/v1/reservas/{id},3.599385,200,success,
1789927350.978025,GET,GET /api/v1/reservas/{id},4.244754,200,success,
1789927351.148611,GET,GET /api/v1/reservas,6.218886,200,success,
1789927351.150345,GET,GET /api/v1/reservas/{id},3.280021,200,success,
1789927351.168009,GET,GET /api/v1/reservas,4.394731,200,success,
1789927351.208470,GET,GET /api/v1/reservas,5.168654,200,success,
1789927351.228598,GET,GET /api/v1/reservas/{id},3.956156,200,success,
1789927351.371361,GET,GET /api/v1/reservas,6.351306,200,success,
1789927351.474387,GET,GET /api/v1/reservas,7.603654,200,success,
1789927351.474874,GET,GET /api/v1/reservas,7.561771,200,success,
1789927351.481625,GET,GET /api/v1/reservas/{id},3.574839,200,success,
1789927351.486111,GET,GET /api/v1/reservas/{id},4.392528,200,success,
1789927351.495230,GET,GET /api/v1/reservas/{id},3.947734,200,success,
1789927351.532327,GET,GET /api/v1/reservas/{id},3.905158,200,success,
1789927351.567321,GET,GET /api/v1/reservas,5.677866,200,success,
1789927351.576724,GET,GET /api/v1/reservas,5.131898,200,success,
1789927351.593392,GET,GET /api/v1/reservas/{id},3.492093,200,success,
1789927351.680844,GET,GET /api/v1/reservas,6.060896,200,success,
1789927351.710460,GET,GET /api/v1/reservas,5.303028,200,success,
1789927351.731020,GET,GET /api/v1/reservas,5.262958,200,success,
1789927351.744102,GET,GET /api/v1/reservas,4.822289,200,success,
1789927351.744497,GET,GET /api/v1/reservas,4.700123,200,success,
1789927351.786598,GET,GET /api/v1/reservas/{id},3.926572,200,success,
1789927351.879798,GET,GET /api/v1/reservas,5.833602,200,success,
1789927351.920497,GET,GET /api/v1/reservas,5.077506,200,success,
1789927351.961133,GET,GET /api/v1/reservas,8.853008,200,success,
1789927351.963654,GET,GET /api/v1/reservas,6.707316,200,success,
1789927351.964551,GET,GET /api/v1/reservas,4.910833,200,success,
1789927351.994522,GET,GET /api/v1/reservas,4.671781,200,success,
1789927352.007711,GET,GET /api/v1/reservas,4.907098,200,success,
1789927352.012526,GET,GET /api/v1/reservas,6.136141,200,success,
1789927352.013490,GET,GET /api/v1/reservas,4.524378,200,success,
1789927352.050473,GET,GET /api/v1/reservas/{id},3.833691,200,success,
1789927352.179431,GET,GET /api/v1/reservas,5.779981,200,success,
1789927352.188757,GET,GET /api/v1/reservas,5.039619,200,success,
1789927352.212526,GET,GET /api/v1/reservas,5.451874,200,success,
1789927352.424540,GET,GET /api/v1/reservas,6.546863,200,success,
1789927352.428979,GET,GET /api/v1/reservas,5.172270,200,success,
1789927352.513157,GET,GET /api/v1/reservas,5.787411,200,success,
1789927352.586970,GET,GET /api/v1/reservas/{id},4.574874,200,success,
1789927352.595723,GET,GET /api/v1/reservas,4.460111,200,success,
1789927352.611293,GET,GET /api/v1/reservas/{id},3.357487,200,success,
1789927352.658082,GET,GET /api/v1/reservas,6.469556,200,success,
1789927352.743159,GET,GET /api/v1/reservas/{id},4.809309,200,success,
1789927352.749004,GET,GET /api/v1/reservas,4.578459,200,success,
1789927352.817766,GET,GET /api/v1/reservas/{id},5.504983,200,success,
1789927352.869845,GET,GET /api/v1/reservas,5.737816,200,success,
1789927352.882266,GET,GET /api/v1/reservas,5.150717,200,success,
1789927352.918524,GET,GET /api/v1/reservas,5.998952,200,success,
1789927352.951390,GET,GET /api/v1/reservas/{id},4.688316,200,success,
1789927352.962036,GET,GET /api/v1/reservas/{id},3.778227,200,success,
1789927352.963416,GET,GET /api/v1/reservas,5.705137,200,success,
1789927353.090642,GET,GET /api/v1/reservas/{id},4.935320,200,success,
1789927353.148371,GET,GET /api/v1/reservas,5.689164,200,success,
1789927353.153778,GET,GET /api/v1/reservas,4.123289,200,success,
1789927353.307224,GET,GET /api/v1/reservas,8.083572,200,success,
1789927353.325316,GET,GET /api/v1/reservas,5.749234,200,success,
1789927353.351347,GET,GET /api/v1/reservas,8.617191,200,success,
1789927353.358021,GET,GET /api/v1/reservas/{id},4.476055,200,success,
1789927353.427535,GET,GET /api/v1/reservas,8.089440,200,success,
1789927353.494904,GET,GET /api/v1/reservas,11.018770,200,success,
1789927353.509360,GET,GET /api/v1/reservas,10.135472,200,success,
1789927353.519580,GET,GET /api/v1/reservas,13.651261,200,success,
1789927353.520202,GET,GET /api/v1/reservas,9.560851,200,success,
1789927353.574997,GET,GET /api/v1/reservas/{id},15.495396,200,success,
1789927353.576676,GET,GET /api/v1/reservas,9.815236,200,success,
1789927353.578219,GET,GET /api/v1/reservas,17.996226,200,success,
1789927353.641317,GET,GET /api/v1/reservas/{id},13.834178,200,success,
1789927353.641753,GET,GET /api/v1/reservas/{id},11.100045,200,success,
1789927353.658471,GET,GET /api/v1/reservas,7.403951,200,success,
1789927353.738161,GET,GET /api/v1/reservas,9.137259,200,success,
1789927353.771704,GET,GET /api/v1/reservas,7.165740,200,success,
1789927353.845070,GET,GET /api/v1/reservas,7.922146,200,success,
1789927353.850660,GET,GET /api/v1/reservas,5.365993,200,success,
1789927353.866685,GET,GET /api/v1/reservas,4.775779,200,success,
1789927353.899245,GET,GET /api/v1/reservas,5.291739,200,success,
1789927353.933807,GET,GET /api/v1/reservas,5.255886,200,success,
1789927354.008359,GET,GET /api/v1/reservas,5.770316,200,success,
1789927354.025098,GET,GET /api/v1/reservas/{id},8.001818,200,success,
1789927354.050395,GET,GET /api/v1/reservas/{id},5.058947,200,success,
1789927354.057761,GET,GET /api/v1/reservas,5.084987,200,success,
1789927354.058079,GET,GET /api/v1/reservas/{id},3.897287,200,success,
1789927354.194398,GET,GET /api/v1/reservas,6.189381,200,success,
1789927354.202430,GET,GET /api/v1/reservas/{id},3.844567,200,success,
1789927354.230935,GET,GET /api/v1/reservas/{id},4.293467,200,success,
1789927354.251759,GET,GET /api/v1/reservas/{id},4.614855,200,success,
1789927354.311683,GET,GET /api/v1/reservas,5.606617,200,success,
1789927354.427202,GET,GET /api/v1/reservas,6.139786,200,success,
1789927354.522506,GET,GET /api/v1/reservas,5.906182,200,success,
1789927354.596621,GET,GET /api/v1/reservas,5.756164,200,success,
1789927354.601072,GET,GET /api/v1/reservas,4.272897,200,success,
1789927354.634341,GET,GET /api/v1/reservas/{id},4.075828,200,success,
1789927354.645064,GET,GET /api/v1/reservas,4.437416,200,success,
1789927354.714143,GET,GET /api/v1/reservas,5.777236,200,success,
1789927354.729700,GET,GET /api/v1/reservas,4.930133,200,success,
1789927354.730132,GET,GET /api/v1/reservas,5.736335,200,success,
1789927354.740334,GET,GET /api/v1/reservas,3.981044,200,success,
1789927354.781661,GET,GET /api/v1/reservas,5.024385,200,success,
1789927354.851427,GET,GET /api/v1/reservas/{id},4.568325,200,success,
1789927354.923328,GET,GET /api/v1/reservas,5.562630,200,success,
1789927354.939793,GET,GET /api/v1/reservas/{id},4.282272,200,success,
1789927354.945243,GET,GET /api/v1/reservas,6.950655,200,success,
1789927354.989337,GET,GET /api/v1/reservas/{id},4.863461,200,success,
1789927355.020549,GET,GET /api/v1/reservas,4.925987,200,success,
1789927355.097775,GET,GET /api/v1/reservas,5.856516,200,success,
1789927355.287868,GET,GET /api/v1/reservas,8.933380,200,success,
1789927355.290072,GET,GET /api/v1/reservas/{id},5.533046,200,success,
1789927355.294632,GET,GET /api/v1/reservas,6.164814,200,success,
1789927355.297152,GET,GET /api/v1/reservas,5.802686,200,success,
1789927355.346260,GET,GET /api/v1/reservas,10.791175,200,success,
1789927355.356266,GET,GET /api/v1/reservas,4.739574,200,success,
1789927355.465053,GET,GET /api/v1/reservas,6.414383,200,success,
1789927355.485815,GET,GET /api/v1/reservas/{id},3.573706,200,success,
1789927355.557187,GET,GET /api/v1/reservas,6.031051,200,success,
1789927355.566868,GET,GET /api/v1/reservas,4.426829,200,success,
1789927355.658029,GET,GET /api/v1/reservas,5.802625,200,success,
1789927355.763943,GET,GET /api/v1/reservas,6.003470,200,success,
1789927355.764330,GET,GET /api/v1/reservas,6.984036,200,success,
1789927355.873717,GET,GET /api/v1/reservas,6.069830,200,success,
1789927355.874439,GET,GET /api/v1/reservas,4.963924,200,success,
1789927355.878358,GET,GET /api/v1/reservas,4.454142,200,success,
1789927355.921674,GET,GET /api/v1/reservas,5.038746,200,success,
1789927355.962393,GET,GET /api/v1/reservas/{id},4.092092,200,success,
1789927356.002068,GET,GET /api/v1/reservas,5.325271,200,success,
1789927356.065866,GET,GET /api/v1/reservas/{id},4.536046,200,success,
1789927356.122925,GET,GET /api/v1/reservas,10.052416,200,success,
1789927356.123399,GET,GET /api/v1/reservas,7.902847,200,success,
1789927356.265239,GET,GET /api/v1/reservas,6.421903,200,success,
1789927356.291605,GET,GET /api/v1/reservas,5.092098,200,success,
1789927356.319852,GET,GET /api/v1/reservas,4.947508,200,success,
1789927356.320240,GET,GET /api/v1/reservas,4.825995,200,success,
1789927356.345925,GET,GET /api/v1/reservas/{id},3.504482,200,success,
1789927356.356468,GET,GET /api/v1/reservas,4.304154,200,success,
1789927356.370876,GET,GET /api/v1/reservas/{id},3.253873,200,success,
1789927356.383459,GET,GET /api/v1/reservas,4.339597,200,success,
1789927356.462625,GET,GET /api/v1/reservas,5.823796,200,success,
1789927356.483426,GET,GET /api/v1/reservas/{id},3.604523,200,success,
1789927356.536905,GET,GET /api/v1/reservas,5.173341,200,success,
1789927356.563532,GET,GET /api/v1/reservas,5.326363,200,success,
1789927356.569080,GET,GET /api/v1/reservas,4.258234,200,success,
1789927356.574437,GET,GET /api/v1/reservas,4.095656,200,success,
1789927356.576903,GET,GET /api/v1/reservas,4.083229,200,success,
1789927356.688069,GET,GET /api/v1/reservas,5.788533,200,success,
1789927356.694430,GET,GET /api/v1/reservas,4.125323,200,success,
1789927356.715413,GET,GET /api/v1/reservas/{id},3.783905,200,success,
1789927356.756084,GET,GET /api/v1/reservas,5.357190,200,success,
1789927356.762640,GET,GET /api/v1/reservas,4.273437,200,success,
1789927356.888047,GET,GET /api/v1/reservas,5.964019,200,success,
1789927356.955216,GET,GET /api/v1/reservas,5.514158,200,success,
1789927356.971231,GET,GET /api/v1/reservas/{id},3.819349,200,success,
1789927357.007792,GET,GET /api/v1/reservas,5.280003,200,success,
1789927357.029936,GET,GET /api/v1/reservas,4.834567,200,success,
1789927357.107705,GET,GET /api/v1/reservas,6.394773,200,success,
1789927357.116780,GET,GET /api/v1/reservas,4.824964,200,success,
1789927357.218843,GET,GET /api/v1/reservas,6.638702,200,success,
1789927357.312521,GET,GET /api/v1/reservas,6.301281,200,success,
1789927357.372467,GET,GET /api/v1/reservas,5.605346,200,success,
1789927357.385075,GET,GET /api/v1/reservas/{id},3.434074,200,success,
1789927357.419230,GET,GET /api/v1/reservas,4.865354,200,success,
1789927357.445117,GET,GET /api/v1/reservas/{id},3.697635,200,success,
1789927357.464307,GET,GET /api/v1/reservas,4.925696,200,success,
1789927357.475762,GET,GET /api/v1/reservas,4.234909,200,success,
1789927357.504203,GET,GET /api/v1/reservas,5.150076,200,success,
1789927357.528147,GET,GET /api/v1/reservas,4.657389,200,success,
1789927357.550844,GET,GET /api/v1/reservas,4.449383,200,success,
1789927357.564307,GET,GET /api/v1/reservas,4.239656,200,success,
1789927357.573681,GET,GET /api/v1/reservas/{id},3.202814,200,success,
1789927357.595371,GET,GET /api/v1/reservas,4.443475,200,success,
1789927357.604699,GET,GET /api/v1/reservas,4.093174,200,success,
1789927357.760377,GET,GET /api/v1/reservas,6.385258,200,success,
1789927357.794888,GET,GET /api/v1/reservas,5.226912,200,success,
1789927357.924951,GET,GET /api/v1/reservas,6.665293,200,success,
1789927357.936920,GET,GET /api/v1/reservas,4.695357,200,success,
1789927357.951579,GET,GET /api/v1/reservas,4.398546,200,success,
1789927358.002350,GET,GET /api/v1/reservas/{id},5.355979,200,success,
1789927358.003301,GET,GET /api/v1/reservas,9.024288,200,success,
1789927358.004374,GET,GET /api/v1/reservas,6.672893,200,success,
1789927358.043829,GET,GET /api/v1/reservas,5.183846,200,success,
1789927358.126181,GET,GET /api/v1/reservas,6.189260,200,success,
1789927358.128314,GET,GET /api/v1/reservas,4.601343,200,success,
1789927358.176166,GET,GET /api/v1/reservas,5.536962,200,success,
1789927358.261341,GET,GET /api/v1/reservas,5.818569,200,success,
1789927358.290529,GET,GET /api/v1/reservas,4.873857,200,success,
1789927358.385346,GET,GET /api/v1/reservas,6.443107,200,success,
1789927358.427642,GET,GET /api/v1/reservas,5.953313,200,success,
1789927358.460583,GET,GET /api/v1/reservas/{id},5.430020,200,success,
1789927358.474208,GET,GET /api/v1/reservas,6.220097,200,success,
1789927358.478160,GET,GET /api/v1/reservas/{id},3.834102,200,success,
1789927358.491389,GET,GET /api/v1/reservas,4.963993,200,success,
1789927358.518036,GET,GET /api/v1/reservas/{id},4.917644,200,success,
1789927358.619879,GET,GET /api/v1/reservas,8.379421,200,success,
1789927358.679621,GET,GET /api/v1/reservas/{id},5.451673,200,success,
1789927358.696222,GET,GET /api/v1/reservas,6.282893,200,success,
1789927358.706865,GET,GET /api/v1/reservas,5.368067,200,success,
1789927358.734356,GET,GET /api/v1/reservas,6.156783,200,success,
1789927358.801998,GET,GET /api/v1/reservas/{id},3.588709,200,success,
1789927358.802695,GET,GET /api/v1/reservas,6.031342,200,success,
1789927358.846056,GET,GET /api/v1/reservas,5.056503,200,success,
1789927358.860022,GET,GET /api/v1/reservas/{id},3.767681,200,success,
1789927358.898503,GET,GET /api/v1/reservas,5.185739,200,success,
1789927358.921583,GET,GET /api/v1/reservas,4.812454,200,success,
1789927358.958127,GET,GET /api/v1/reservas,5.281665,200,success,
1789927358.962099,GET,GET /api/v1/reservas,4.595025,200,success,
1789927359.025559,GET,GET /api/v1/reservas/{id},4.247088,200,success,
1789927359.077951,GET,GET /api/v1/reservas/{id},4.177602,200,success,
1789927359.110826,GET,GET /api/v1/reservas,5.546176,200,success,
1789927359.168602,GET,GET /api/v1/reservas,5.675262,200,success,
1789927359.229766,GET,GET /api/v1/reservas/{id},4.931855,200,success,
1789927359.286936,GET,GET /api/v1/reservas,5.818738,200,success,
1789927359.310295,GET,GET /api/v1/reservas,6.068980,200,success,
1789927359.388956,GET,GET /api/v1/reservas,8.278728,200,success,
1789927359.407639,GET,GET /api/v1/reservas,8.290155,200,success,
1789927359.456290,GET,GET /api/v1/reservas,7.329240,200,success,
1789927359.503316,GET,GET /api/v1/reservas,6.655428,200,success,
1789927359.525511,GET,GET /api/v1/reservas,5.852089,200,success,
1789927359.555216,GET,GET /api/v1/reservas/{id},5.481107,200,success,
1789927359.655833,GET,GET /api/v1/reservas/{id},6.295792,200,success,
1789927359.690270,GET,GET /api/v1/reservas,7.067080,200,success,
1789927359.695530,GET,GET /api/v1/reservas,5.024335,200,success,
1789927359.703285,GET,GET /api/v1/reservas,5.471403,200,success,
1789927359.715818,GET,GET /api/v1/reservas,6.237835,200,success,
1789927359.742879,GET,GET /api/v1/reservas,5.732028,200,success,
1789927359.785645,GET,GET /api/v1/reservas/{id},4.530616,200,success,
1789927359.831866,GET,GET /api/v1/reservas,5.897849,200,success,
1789927359.842827,GET,GET /api/v1/reservas/{id},3.764406,200,success,
1789927359.855517,GET,GET /api/v1/reservas,4.454251,200,success,
1789927359.882464,GET,GET /api/v1/reservas,4.680643,200,success,
1789927360.171933,GET,GET /api/v1/reservas/{id},4.925105,200,success,
1789927360.184495,GET,GET /api/v1/reservas/{id},3.351931,200,success,
1789927360.191619,GET,GET /api/v1/reservas/{id},2.971062,200,success,
1789927360.194667,GET,GET /api/v1/reservas/{id},2.961589,200,success,
1789927360.259535,GET,GET /api/v1/reservas,5.529391,200,success,
1789927360.309241,GET,GET /api/v1/reservas,5.358181,200,success,
1789927360.355543,GET,GET /api/v1/reservas/{id},5.061782,200,success,
1789927360.394838,GET,GET /api/v1/reservas,5.962236,200,success,
1789927360.466899,GET,GET /api/v1/reservas/{id},14.775174,200,success,
1789927360.512421,GET,GET /api/v1/reservas,6.195719,200,success,
1789927360.579843,GET,GET /api/v1/reservas,9.040833,200,success,
1789927360.682661,GET,GET /api/v1/reservas/{id},5.541320,200,success,
1789927360.708339,GET,GET /api/v1/reservas,7.261447,200,success,
1789927360.763747,GET,GET /api/v1/reservas,8.610260,200,success,
1789927360.770041,GET,GET /api/v1/reservas,10.866469,200,success,
1789927360.776576,GET,GET /api/v1/reservas,6.313280,200,success,
1789927360.793164,GET,GET /api/v1/reservas,9.243531,200,success,
1789927360.906167,GET,GET /api/v1/reservas/{id},6.659003,200,success,
1789927360.945123,GET,GET /api/v1/reservas,7.606449,200,success,
1789927360.951313,GET,GET /api/v1/reservas,4.877532,200,success,
1789927360.961140,GET,GET /api/v1/reservas/{id},5.324691,200,success,
1789927361.013224,GET,GET /api/v1/reservas/{id},9.860354,200,success,
1789927361.053674,GET,GET /api/v1/reservas,8.997727,200,success,
1789927361.102543,GET,GET /api/v1/reservas/{id},7.571385,200,success,
1789927361.223955,GET,GET /api/v1/reservas,7.119911,200,success,
1789927361.231041,GET,GET /api/v1/reservas,5.792470,200,success,
1789927361.261430,GET,GET /api/v1/reservas,5.115915,200,success,
1789927361.294600,GET,GET /api/v1/reservas/{id},3.970679,200,success,
1789927361.295670,GET,GET /api/v1/reservas/{id},3.405222,200,success,
1789927361.344309,GET,GET /api/v1/reservas,6.296404,200,success,
1789927361.357375,GET,GET /api/v1/reservas/{id},4.870802,200,success,
1789927361.486452,GET,GET /api/v1/reservas,9.594992,200,success,
1789927361.560446,GET,GET /api/v1/reservas,8.629229,200,success,
1789927361.580759,GET,GET /api/v1/reservas/{id},5.096735,200,success,
1789927361.582005,GET,GET /api/v1/reservas,5.790326,200,success,
1789927361.700606,GET,GET /api/v1/reservas,9.169038,200,success,
1789927361.716220,GET,GET /api/v1/reservas,7.233714,200,success,
1789927361.726063,GET,GET /api/v1/reservas,6.519051,200,success,
1789927361.813338,GET,GET /api/v1/reservas,10.027949,200,success,
1789927361.832563,GET,GET /api/v1/reservas,7.834645,200,success,
1789927361.840637,GET,GET /api/v1/reservas,9.326126,200,success,
1789927361.840842,GET,GET /api/v1/reservas,9.067153,200,success,
1789927361.840937,GET,GET /api/v1/reservas/{id},8.247080,200,success,
1789927362.039836,GET,GET /api/v1/reservas,12.302826,200,success,
1789927362.104937,GET,GET /api/v1/reservas/{id},5.783036,200,success,
1789927362.183934,GET,GET /api/v1/reservas,7.522822,200,success,
1789927362.286002,GET,GET /api/v1/reservas/{id},5.730186,200,success,
1789927362.306930,GET,GET /api/v1/reservas,10.093118,200,success,
1789927362.307708,GET,GET /api/v1/reservas/{id},12.125198,200,success,
1789927362.340064,GET,GET /api/v1/reservas,6.963574,200,success,
1789927362.360418,GET,GET /api/v1/reservas,7.005338,200,success,
1789927362.410086,GET,GET /api/v1/reservas,7.284150,200,success,
1789927362.448132,GET,GET /api/v1/reservas,6.620075,200,success,
1789927362.525695,GET,GET /api/v1/reservas,8.199847,200,success,
1789927362.543550,GET,GET /api/v1/reservas/{id},7.193993,200,success,
1789927362.544318,GET,GET /api/v1/reservas/{id},8.415044,200,success,
1789927362.579859,GET,GET /api/v1/reservas,8.192888,200,success,
1789927362.589020,GET,GET /api/v1/reservas,6.813678,200,success,
1789927362.594289,GET,GET /api/v1/reservas,6.131153,200,success,
1789927362.653548,GET,GET /api/v1/reservas,5.905200,200,success,
1789927362.684796,GET,GET /api/v1/reservas,6.944976,200,success,
1789927362.704403,GET,GET /api/v1/reservas,6.282091,200,success,
1789927362.710604,GET,GET /api/v1/reservas,5.952843,200,success,
1789927362.710939,GET,GET /api/v1/reservas,5.946944,200,success,
1789927362.726617,GET,GET /api/v1/reservas,4.468603,200,success,
1789927362.766280,GET,GET /api/v1/reservas,5.388438,200,success,
1789927362.775277,GET,GET /api/v1/reservas,4.697830,200,success,
1789927362.850876,GET,GET /api/v1/reservas,6.238225,200,success,
1789927362.856161,GET,GET /api/v1/reservas,5.056283,200,success,
1789927362.857058,GET,GET /api/v1/reservas,4.387761,200,success,
1789927362.973536,GET,GET /api/v1/reservas/{id},5.187522,200,success,
1789927362.977950,GET,GET /api/v1/reservas,4.972456,200,success,
1789927362.994798,GET,GET /api/v1/reservas,4.574424,200,success,
1789927363.075743,GET,GET /api/v1/reservas/{id},4.676087,200,success,
1789927363.093291,GET,GET /api/v1/reservas/{id},3.349507,200,success,
1789927363.156932,GET,GET /api/v1/reservas,5.572105,200,success,
1789927363.232737,GET,GET /api/v1/reservas,6.458860,200,success,
1789927363.276023,GET,GET /api/v1/reservas,4.956782,200,success,
1789927363.401323,GET,GET /api/v1/reservas,5.916077,200,success,
1789927363.449735,GET,GET /api/v1/reservas,13.502365,200,success,
1789927363.537440,GET,GET /api/v1/reservas,6.238816,200,success,
1789927363.540567,GET,GET /api/v1/reservas,4.435093,200,success,
1789927363.622379,GET,GET /api/v1/reservas/{id},4.568865,200,success,
1789927363.714938,GET,GET /api/v1/reservas,9.130879,200,success,
1789927363.741567,GET,GET /api/v1/reservas/{id},4.410875,200,success,
1789927363.801863,GET,GET /api/v1/reservas/{id},8.057031,200,success,
1789927363.803297,GET,GET /api/v1/reservas,8.207100,200,success,
1789927363.813760,GET,GET /api/v1/reservas/{id},5.257159,200,success,
1789927363.959117,GET,GET /api/v1/reservas,7.843519,200,success,
1789927364.013659,GET,GET /api/v1/reservas,10.138187,200,success,
1789927364.031603,GET,GET /api/v1/reservas,10.536300,200,success,
1789927364.035672,GET,GET /api/v1/reservas,11.173867,200,success,
1789927364.041035,GET,GET /api/v1/reservas,6.214829,200,success,
1789927364.049308,GET,GET /api/v1/reservas/{id},5.096494,200,success,
1789927364.101134,GET,GET /api/v1/reservas/{id},5.558956,200,success,
1789927364.122335,GET,GET /api/v1/reservas,9.888407,200,success,
1789927364.185864,GET,GET /api/v1/reservas,7.443120,200,success,
1789927364.311485,GET,GET /api/v1/reservas/{id},5.355677,200,success,
1789927364.315800,GET,GET /api/v1/reservas,4.915680,200,success,
1789927364.341434,GET,GET /api/v1/reservas/{id},3.454195,200,success,
1789927364.402944,GET,GET /api/v1/reservas/{id},4.296413,200,success,
1789927364.413947,GET,GET /api/v1/reservas,4.713424,200,success,
1789927364.438167,GET,GET /api/v1/reservas,4.923843,200,success,
1789927364.448871,GET,GET /api/v1/reservas,4.466369,200,success,
1789927364.528041,GET,GET /api/v1/reservas/{id},4.931714,200,success,
1789927364.560075,GET,GET /api/v1/reservas,7.685579,200,success,
1789927364.563947,GET,GET /api/v1/reservas,5.714371,200,success,
1789927364.596471,GET,GET /api/v1/reservas,6.170081,200,success,
1789927364.629683,GET,GET /api/v1/reservas,4.902460,200,success,
1789927364.643332,GET,GET /api/v1/reservas,4.390985,200,success,
1789927364.755486,GET,GET /api/v1/reservas,5.857728,200,success,
1789927364.868098,GET,GET /api/v1/reservas,6.206116,200,success,
1789927364.874250,GET,GET /api/v1/reservas,4.905335,200,success,
1789927364.899214,GET,GET /api/v1/reservas,4.723851,200,success,
1789927364.924031,GET,GET /api/v1/reservas,4.533500,200,success,
1789927365.022832,GET,GET /api/v1/reservas/{id},4.541443,200,success,
1789927365.044823,GET,GET /api/v1/reservas,5.637544,200,success,
1789927365.077606,GET,GET /api/v1/reservas/{id},4.537297,200,success,
1789927365.080717,GET,GET /api/v1/reservas/{id},3.745917,200,success,
1789927365.091686,GET,GET /api/v1/reservas,4.682887,200,success,
1789927365.135504,GET,GET /api/v1/reservas,5.776876,200,success,
1789927365.159793,GET,GET /api/v1/reservas,5.005837,200,success,
1789927365.173287,GET,GET /api/v1/reservas,5.177378,200,success,
1789927365.174107,GET,GET /api/v1/reservas/{id},3.467676,200,success,
1789927365.238054,GET,GET /api/v1/reservas/{id},3.905670,200,success,
1789927365.239600,GET,GET /api/v1/reservas/{id},10.268273,200,success,
1789927365.260221,GET,GET /api/v1/reservas,7.347766,200,success,
1789927365.265158,GET,GET /api/v1/reservas/{id},3.766017,200,success,
1789927365.354853,GET,GET /api/v1/reservas,7.291891,200,success,
1789927365.417747,GET,GET /api/v1/reservas,6.494113,200,success,
1789927365.447454,GET,GET /api/v1/reservas,8.802331,200,success,
1789927365.447689,GET,GET /api/v1/reservas,9.624227,200,success,
1789927365.472445,GET,GET /api/v1/reservas/{id},5.547518,200,success,
1789927365.475422,GET,GET /api/v1/reservas,5.538114,200,success,
1789927365.502449,GET,GET /api/v1/reservas,5.758048,200,success,
1789927365.520011,GET,GET /api/v1/reservas,5.244338,200,success,
1789927365.570512,GET,GET /api/v1/reservas,6.184003,200,success,
1789927365.590531,GET,GET /api/v1/reservas/{id},3.832921,200,success,
1789927365.646384,GET,GET /api/v1/reservas,5.549771,200,success,
1789927365.652919,GET,GET /api/v1/reservas,4.284914,200,success,
1789927365.660510,GET,GET /api/v1/reservas,4.323232,200,success,
1789927365.765906,GET,GET /api/v1/reservas,6.046794,200,success,
1789927365.805853,GET,GET /api/v1/reservas/{id},4.745573,200,success,
1789927365.909711,GET,GET /api/v1/reservas,6.489796,200,success,
1789927365.920565,GET,GET /api/v1/reservas,4.593343,200,success,
1789927365.936700,GET,GET /api/v1/reservas/{id},3.951539,200,success,
1789927366.038218,GET,GET /api/v1/reservas/{id},4.814436,200,success,
1789927366.059180,GET,GET /api/v1/reservas/{id},3.754101,200,success,
1789927366.167293,GET,GET /api/v1/reservas,5.986934,200,success,
1789927366.218862,GET,GET /api/v1/reservas,5.242986,200,success,
1789927366.483885,GET,GET /api/v1/reservas/{id},5.559096,200,success,
1789927366.489455,GET,GET /api/v1/reservas,5.332724,200,success,
1789927366.504685,GET,GET /api/v1/reservas,4.971326,200,success,
1789927366.522830,GET,GET /api/v1/reservas,5.518584,200,success,
1789927366.522975,GET,GET /api/v1/reservas,6.058593,200,success,
1789927366.547837,GET,GET /api/v1/reservas,4.604439,200,success,
1789927366.608157,GET,GET /api/v1/reservas,5.954255,200,success,
1789927366.608539,GET,GET /api/v1/reservas/{id},3.704535,200,success,
1789927366.726060,GET,GET /api/v1/reservas,6.130331,200,success,
1789927366.738955,GET,GET /api/v1/reservas,5.189596,200,success,
1789927366.739446,GET,GET /api/v1/reservas,6.113897,200,success,
1789927366.769581,GET,GET /api/v1/reservas/{id},3.952891,200,success,
1789927366.777136,GET,GET /api/v1/reservas/{id},3.423148,200,success,
1789927366.797613,GET,GET /api/v1/reservas,5.205470,200,success,
1789927366.850978,GET,GET /api/v1/reservas/{id},6.130532,200,success,
1789927366.949440,GET,GET /api/v1/reservas/{id},4.744722,200,success,
1789927366.962014,GET,GET /api/v1/reservas/{id},3.386592,200,success,
1789927367.019785,GET,GET /api/v1/reservas,5.452214,200,success,
1789927367.064083,GET,GET /api/v1/reservas,4.965828,200,success,
1789927367.111973,GET,GET /api/v1/reservas,7.569182,200,success,
1789927367.129895,GET,GET /api/v1/reservas,5.593458,200,success,
1789927367.209515,GET,GET /api/v1/reservas/{id},5.421777,200,success,
1789927367.210654,GET,GET /api/v1/reservas,8.413803,200,success,
1789927367.245341,GET,GET /api/v1/reservas,5.418604,200,success,
1789927367.309950,GET,GET /api/v1/reservas/{id},4.394160,200,success,
1789927367.337449,GET,GET /api/v1/reservas,5.201705,200,success,
1789927367.408107,GET,GET /api/v1/reservas,7.310751,200,success,
1789927367.409255,GET,GET /api/v1/reservas,5.522048,200,success,
1789927367.482025,GET,GET /api/v1/reservas,5.445905,200,success,
1789927367.486289,GET,GET /api/v1/reservas,4.102017,200,success,
1789927367.547669,GET,GET /api/v1/reservas/{id},4.181638,200,success,
1789927367.593486,GET,GET /api/v1/reservas,5.526707,200,success,
1789927367.606127,GET,GET /api/v1/reservas,4.343875,200,success,
1789927367.630068,GET,GET /api/v1/reservas,4.694296,200,success,
1789927367.703660,GET,GET /api/v1/reservas/{id},4.366378,200,success,
1789927367.720251,GET,GET /api/v1/reservas,5.293062,200,success,
1789927367.752349,GET,GET /api/v1/reservas,4.831793,200,success,
1789927367.804145,GET,GET /api/v1/reservas,5.490682,200,success,
1789927367.824393,GET,GET /api/v1/reservas/{id},4.059694,200,success,
1789927367.828636,GET,GET /api/v1/reservas/{id},3.081792,200,success,
1789927367.839013,GET,GET /api/v1/reservas,4.139103,200,success,
1789927367.868002,GET,GET /api/v1/reservas,4.701606,200,success,
1789927367.920821,GET,GET /api/v1/reservas,5.530993,200,success,
1789927367.972492,GET,GET /api/v1/reservas,5.892420,200,success,
1789927367.996402,GET,GET /api/v1/reservas/{id},3.698336,200,success,
1789927368.042856,GET,GET /api/v1/reservas,5.179560,200,success,
1789927368.053256,GET,GET /api/v1/reservas,4.143130,200,success,
1789927368.107286,GET,GET /api/v1/reservas,5.729795,200,success,
1789927368.133821,GET,GET /api/v1/reservas/{id},3.648420,200,success,
1789927368.154509,GET,GET /api/v1/reservas,4.387650,200,success,
1789927368.167887,GET,GET /api/v1/reservas/{id},3.251939,200,success,
1789927368.178802,GET,GET /api/v1/reservas,4.648035,200,success,
1789927368.209979,GET,GET /api/v1/reservas,4.904312,200,success,
1789927368.217694,GET,GET /api/v1/reservas,4.296362,200,success,
1789927368.232237,GET,GET /api/v1/reservas,4.274449,200,success,
1789927368.256160,GET,GET /api/v1/reservas,4.627224,200,success,
1789927368.355521,GET,GET /api/v1/reservas,5.976088,200,success,
1789927368.395021,GET,GET /api/v1/reservas,5.211730,200,success,
1789927368.421176,GET,GET /api/v1/reservas/{id},4.090390,200,success,
1789927368.457932,GET,GET /api/v1/reservas,5.486487,200,success,
1789927368.519721,GET,GET /api/v1/reservas,5.464512,200,success,
1789927368.615710,GET,GET /api/v1/reservas/{id},4.700645,200,success,
1789927368.800205,GET,GET /api/v1/reservas,7.965072,200,success,
1789927368.834373,GET,GET /api/v1/reservas,6.730211,200,success,
1789927368.953959,GET,GET /api/v1/reservas,7.126671,200,success,
1789927369.076841,GET,GET /api/v1/reservas,6.416585,200,success,
1789927369.085685,GET,GET /api/v1/reservas/{id},3.623773,200,success,
1789927369.156353,GET,GET /api/v1/reservas,5.650464,200,success,
1789927369.165827,GET,GET /api/v1/reservas,4.252926,200,success,
1789927369.219483,GET,GET /api/v1/reservas,6.292457,200,success,
1789927369.220661,GET,GET /api/v1/reservas,4.743540,200,success,
1789927369.278924,GET,GET /api/v1/reservas/{id},5.050785,200,success,
1789927369.279476,GET,GET /api/v1/reservas/{id},3.879009,200,success,
1789927369.286935,GET,GET /api/v1/reservas,4.200817,200,success,
1789927369.364021,GET,GET /api/v1/reservas,5.706640,200,success,
1789927369.373600,GET,GET /api/v1/reservas,4.345376,200,success,
1789927369.382318,GET,GET /api/v1/reservas,4.509786,200,success,
1789927369.408454,GET,GET /api/v1/reservas,5.799691,200,success,
1789927369.415015,GET,GET /api/v1/reservas,5.261785,200,success,
1789927369.425951,GET,GET /api/v1/reservas,5.653929,200,success,
1789927369.435644,GET,GET /api/v1/reservas,5.430351,200,success,
1789927369.460209,GET,GET /api/v1/reservas,7.266555,200,success,
1789927369.468419,GET,GET /api/v1/reservas,8.946420,200,success,
1789927369.564705,GET,GET /api/v1/reservas,5.907173,200,success,
1789927369.613613,GET,GET /api/v1/reservas,6.604620,200,success,
1789927369.727824,GET,GET /api/v1/reservas,6.803351,200,success,
1789927369.761863,GET,GET /api/v1/reservas,6.730902,200,success,
1789927370.001765,GET,GET /api/v1/reservas,7.882478,200,success,
1789927370.030423,GET,GET /api/v1/reservas/{id},5.384761,200,success,
1789927370.083290,GET,GET /api/v1/reservas,5.520297,200,success,
1789927370.170594,GET,GET /api/v1/reservas,6.082648,200,success,
1789927370.188692,GET,GET /api/v1/reservas,4.842009,200,success,
1789927370.192942,GET,GET /api/v1/reservas,5.374345,200,success,
1789927370.193943,GET,GET /api/v1/reservas,4.913808,200,success,
1789927370.209648,GET,GET /api/v1/reservas/{id},3.573036,200,success,
1789927370.213136,GET,GET /api/v1/reservas,4.340078,200,success,
1789927370.222619,GET,GET /api/v1/reservas,4.226796,200,success,
1789927370.366015,GET,GET /api/v1/reservas/{id},9.033202,200,success,
1789927370.371064,GET,GET /api/v1/reservas,9.589435,200,success,
1789927370.406387,GET,GET /api/v1/reservas/{id},5.112609,200,success,
1789927370.417605,GET,GET /api/v1/reservas,4.893446,200,success,
1789927370.431498,GET,GET /api/v1/reservas,4.622025,200,success,
1789927370.460627,GET,GET /api/v1/reservas,5.823847,200,success,
1789927370.463621,GET,GET /api/v1/reservas,5.124416,200,success,
1789927370.529002,GET,GET /api/v1/reservas,6.029810,200,success,
1789927370.535120,GET,GET /api/v1/reservas,4.868349,200,success,
1789927370.539526,GET,GET /api/v1/reservas,5.069975,200,success,
1789927370.542804,GET,GET /api/v1/reservas,4.232274,200,success,
1789927370.557179,GET,GET /api/v1/reservas,5.138749,200,success,
1789927370.562902,GET,GET /api/v1/reservas,4.474782,200,success,
1789927370.571299,GET,GET /api/v1/reservas,4.167156,200,success,
1789927370.667410,GET,GET /api/v1/reservas,5.741232,200,success,
1789927370.703477,GET,GET /api/v1/reservas/{id},3.864137,200,success,
1789927370.743279,GET,GET /api/v1/reservas,5.492475,200,success,
1789927370.763224,GET,GET /api/v1/reservas/{id},3.747880,200,success,
1789927370.790452,GET,GET /api/v1/reservas,4.971536,200,success,
1789927370.975514,GET,GET /api/v1/reservas,8.568096,200,success,
1789927371.023798,GET,GET /api/v1/reservas,7.892443,200,success,
1789927371.025792,GET,GET /api/v1/reservas,8.040878,200,success,
1789927371.070881,GET,GET /api/v1/reservas,8.127529,200,success,
1789927371.071322,GET,GET /api/v1/reservas,10.187090,200,success,
1789927371.071488,GET,GET /api/v1/reservas,13.380500,200,success,
1789927371.086864,GET,GET /api/v1/reservas,6.075078,200,success,
1789927371.254312,GET,GET /api/v1/reservas,7.969930,200,success,
1789927371.275465,GET,GET /api/v1/reservas,6.804593,200,success,
1789927371.336412,GET,GET /api/v1/reservas,7.583895,200,success,
1789927371.444002,GET,GET /api/v1/reservas,9.463754,200,success,
1789927371.444157,GET,GET /api/v1/reservas,10.433795,200,success,
1789927371.465216,GET,GET /api/v1/reservas,6.800547,200,success,
1789927371.467606,GET,GET /api/v1/reservas,4.448672,200,success,
1789927371.547779,GET,GET /api/v1/reservas,6.804924,200,success,
1789927371.563779,GET,GET /api/v1/reservas,5.705958,200,success,
1789927371.623350,GET,GET /api/v1/reservas/{id},4.348010,200,success,
1789927371.660679,GET,GET /api/v1/reservas,5.034309,200,success,
1789927371.678860,GET,GET /api/v1/reservas,4.927588,200,success,
1789927371.688451,GET,GET /api/v1/reservas,4.312888,200,success,
1789927371.737898,GET,GET /api/v1/reservas,6.137212,200,success,
1789927371.758351,GET,GET /api/v1/reservas,5.185409,200,success,
1789927371.765014,GET,GET /api/v1/reservas/{id},3.468677,200,success,
1789927371.808696,GET,GET /api/v1/reservas,5.408347,200,success,
1789927371.868664,GET,GET /api/v1/reservas,5.670423,200,success,
1789927372.022467,GET,GET /api/v1/reservas,6.608146,200,success,
1789927372.079933,GET,GET /api/v1/reservas,5.162665,200,success,
1789927372.126324,GET,GET /api/v1/reservas,5.057765,200,success,
1789927372.147167,GET,GET /api/v1/reservas,4.814077,200,success,
1789927372.170179,GET,GET /api/v1/reservas,4.772604,200,success,
1789927372.182555,GET,GET /api/v1/reservas/{id},3.219810,200,success,
1789927372.265458,GET,GET /api/v1/reservas,5.609692,200,success,
1789927372.314890,GET,GET /api/v1/reservas/{id},4.210091,200,success,
1789927372.336147,GET,GET /api/v1/reservas/{id},4.056979,200,success,
1789927372.390038,GET,GET /api/v1/reservas/{id},4.688146,200,success,
1789927372.390322,GET,GET /api/v1/reservas/{id},4.511478,200,success,
1789927372.474535,GET,GET /api/v1/reservas,5.865851,200,success,
1789927372.559345,GET,GET /api/v1/reservas,6.318778,200,success,
1789927372.571042,GET,GET /api/v1/reservas,4.421301,200,success,
1789927372.581496,GET,GET /api/v1/reservas,4.201039,200,success,
1789927372.594273,GET,GET /api/v1/reservas,4.494191,200,success,
1789927372.620412,GET,GET /api/v1/reservas,4.844844,200,success,
1789927372.676712,GET,GET /api/v1/reservas,5.980465,200,success,
1789927372.728730,GET,GET /api/v1/reservas,8.651493,200,success,
1789927372.803313,GET,GET /api/v1/reservas,7.208285,200,success,
1789927372.811494,GET,GET /api/v1/reservas,4.911374,200,success,
1789927372.835697,GET,GET /api/v1/reservas,4.940098,200,success,
1789927372.888731,GET,GET /api/v1/reservas,5.691547,200,success,
1789927372.891946,GET,GET /api/v1/reservas,5.127121,200,success,
1789927372.995928,GET,GET /api/v1/reservas,5.593778,200,success,
1789927373.006488,GET,GET /api/v1/reservas,4.285226,200,success,
1789927373.097438,GET,GET /api/v1/reservas/{id},4.708757,200,success,
1789927373.101999,GET,GET /api/v1/reservas/{id},3.351750,200,success,
1789927373.103523,GET,GET /api/v1/reservas/{id},3.329657,200,success,
1789927373.119914,GET,GET /api/v1/reservas/{id},3.232399,200,success,
1789927373.171648,GET,GET /api/v1/reservas,5.622001,200,success,
1789927373.174750,GET,GET /api/v1/reservas,4.114837,200,success,
1789927373.187551,GET,GET /api/v1/reservas,4.593011,200,success,
1789927373.268047,GET,GET /api/v1/reservas,6.142811,200,success,
1789927373.292455,GET,GET /api/v1/reservas,5.099580,200,success,
1789927373.324865,GET,GET /api/v1/reservas,5.136506,200,success,
1789927373.354108,GET,GET /api/v1/reservas,4.941510,200,success,
1789927373.385420,GET,GET /api/v1/reservas,5.014461,200,success,
1789927373.405270,GET,GET /api/v1/reservas,4.573541,200,success,
1789927373.428178,GET,GET /api/v1/reservas,4.639883,200,success,
1789927373.456380,GET,GET /api/v1/reservas/{id},10.708450,200,success,
1789927373.461693,GET,GET /api/v1/reservas,6.820427,200,success,
1789927373.481486,GET,GET /api/v1/reservas,4.531128,200,success,
1789927373.594377,GET,GET /api/v1/reservas/{id},28.598455,200,success,
1789927373.648300,GET,GET /api/v1/reservas/{id},6.639153,200,success,
1789927373.670463,GET,GET /api/v1/reservas/{id},4.954279,200,success,
1789927373.728800,GET,GET /api/v1/reservas/{id},6.100357,200,success,
1789927373.729006,GET,GET /api/v1/reservas/{id},9.306184,200,success,
1789927373.746995,GET,GET /api/v1/reservas,7.719430,200,success,
1789927373.770762,GET,GET /api/v1/reservas/{id},7.612789,200,success,
1789927373.776329,GET,GET /api/v1/reservas,7.988017,200,success,
1789927373.776895,GET,GET /api/v1/reservas,8.212818,200,success,
1789927373.815913,GET,GET /api/v1/reservas/{id},6.807919,200,success,
1789927373.870792,GET,GET /api/v1/reservas,9.490084,200,success,
1789927373.989812,GET,GET /api/v1/reservas,15.764354,200,success,
1789927374.167513,GET,GET /api/v1/reservas,42.657245,200,success,
1789927374.209910,GET,GET /api/v1/reservas,13.998867,200,success,
1789927374.463688,GET,GET /api/v1/reservas,10.409016,200,success,
1789927374.473905,GET,GET /api/v1/reservas,9.642114,200,success,
1789927374.519828,GET,GET /api/v1/reservas,21.551334,200,success,
1789927374.533531,GET,GET /api/v1/reservas/{id},19.125598,200,success,
1789927374.588488,GET,GET /api/v1/reservas,17.492163,200,success,
1789927374.677258,GET,GET /api/v1/reservas,63.196585,200,success,
1789927374.746122,GET,GET /api/v1/reservas,102.168283,200,success,
1789927374.766280,GET,GET /api/v1/reservas/{id},123.061731,200,success,
1789927374.859898,GET,GET /api/v1/reservas,27.336553,200,success,
1789927374.864320,GET,GET /api/v1/reservas,87.681676,200,success,
1789927374.869685,GET,GET /api/v1/reservas,58.376289,200,success,
1789927374.897429,GET,GET /api/v1/reservas/{id},21.514839,200,success,
1789927374.917153,GET,GET /api/v1/reservas,14.355920,200,success,
1789927374.926034,GET,GET /api/v1/reservas,7.483052,200,success,
1789927374.982879,GET,GET /api/v1/reservas,10.448427,200,success,
1789927375.000613,GET,GET /api/v1/reservas,7.410302,200,success,
1789927375.016332,GET,GET /api/v1/reservas,7.328517,200,success,
1789927375.030494,GET,GET /api/v1/reservas,5.844829,200,success,
1789927375.062596,GET,GET /api/v1/reservas,9.658249,200,success,
1789927375.106452,GET,GET /api/v1/reservas,11.441553,200,success,
1789927375.221463,GET,GET /api/v1/reservas,10.359812,200,success,
1789927375.222317,GET,GET /api/v1/reservas/{id},4.980889,200,success,
1789927375.265201,GET,GET /api/v1/reservas/{id},13.618591,200,success,
1789927375.308429,GET,GET /api/v1/reservas/{id},7.967527,200,success,
1789927375.332855,GET,GET /api/v1/reservas,13.070150,200,success,
1789927375.387835,GET,GET /api/v1/reservas,27.630198,200,success,
1789927375.421240,GET,GET /api/v1/reservas,9.001934,200,success,
1789927375.429741,GET,GET /api/v1/reservas,8.134519,200,success,
1789927375.450143,GET,GET /api/v1/reservas,7.022985,200,success,
1789927375.494741,GET,GET /api/v1/reservas,8.515006,200,success,
1789927375.583546,GET,GET /api/v1/reservas,12.376568,200,success,
1789927375.584141,GET,GET /api/v1/reservas,12.149305,200,success,
1789927375.635474,GET,GET /api/v1/reservas,11.881518,200,success,
1789927375.655272,GET,GET /api/v1/reservas,13.455244,200,success,
1789927375.718327,GET,GET /api/v1/reservas,13.670470,200,success,
1789927375.810711,GET,GET /api/v1/reservas,32.396592,200,success,
1789927375.814794,GET,GET /api/v1/reservas,25.324894,200,success,
1789927375.815891,GET,GET /api/v1/reservas,39.237971,200,success,
1789927375.817654,GET,GET /api/v1/reservas,42.993774,200,success,
1789927375.829742,GET,GET /api/v1/reservas,24.430719,200,success,
1789927375.914366,GET,GET /api/v1/reservas,6.056279,200,success,
1789927375.915653,GET,GET /api/v1/reservas,9.588042,200,success,
1789927375.920768,GET,GET /api/v1/reservas,6.128349,200,success,
1789927375.952139,GET,GET /api/v1/reservas,5.101061,200,success,
1789927376.024278,GET,GET /api/v1/reservas/{id},5.076124,200,success,
1789927376.052824,GET,GET /api/v1/reservas/{id},9.291853,200,success,
1789927376.064292,GET,GET /api/v1/reservas,13.557008,200,success,
1789927376.087190,GET,GET /api/v1/reservas,5.589271,200,success,
1789927376.188227,GET,GET /api/v1/reservas/{id},9.251453,200,success,
1789927376.200529,GET,GET /api/v1/reservas,6.979329,200,success,
1789927376.212692,GET,GET /api/v1/reservas,4.903032,200,success,
1789927376.285627,GET,GET /api/v1/reservas,6.590689,200,success,
1789927376.335803,GET,GET /api/v1/reservas,6.817583,200,success,
1789927376.403828,GET,GET /api/v1/reservas,41.596637,200,success,
1789927376.497042,GET,GET /api/v1/reservas/{id},5.893663,200,success,
1789927376.532124,GET,GET /api/v1/reservas,5.750346,200,success,
1789927376.538076,GET,GET /api/v1/reservas,4.655616,200,success,
1789927376.580541,GET,GET /api/v1/reservas,5.163596,200,success,
1789927376.596758,GET,GET /api/v1/reservas,4.927298,200,success,
1789927376.605958,GET,GET /api/v1/reservas,4.920558,200,success,
1789927376.655428,GET,GET /api/v1/reservas/{id},10.203766,200,success,
1789927376.679791,GET,GET /api/v1/reservas/{id},8.125195,200,success,
1789927376.710859,GET,GET /api/v1/reservas,7.728094,200,success,
1789927376.741579,GET,GET /api/v1/reservas,7.294096,200,success,
1789927376.744355,GET,GET /api/v1/reservas,7.177078,200,success,
1789927376.750937,GET,GET /api/v1/reservas/{id},3.425071,200,success,
1789927376.820925,GET,GET /api/v1/reservas,10.613397,200,success,
1789927376.834483,GET,GET /api/v1/reservas/{id},4.321931,200,success,
1789927376.864709,GET,GET /api/v1/reservas/{id},4.995402,200,success,
1789927376.945586,GET,GET /api/v1/reservas,7.121754,200,success,
1789927377.032348,GET,GET /api/v1/reservas,8.379441,200,success,
1789927377.142753,GET,GET /api/v1/reservas,7.953655,200,success,
1789927377.208936,GET,GET /api/v1/reservas,6.960931,200,success,
1789927377.236588,GET,GET /api/v1/reservas,7.386385,200,success,
1789927377.238866,GET,GET /api/v1/reservas,11.589046,200,success,
1789927377.266869,GET,GET /api/v1/reservas,5.679258,200,success,
1789927377.433944,GET,GET /api/v1/reservas,6.121699,200,success,
1789927377.434326,GET,GET /api/v1/reservas,7.060481,200,success,
1789927377.455298,GET,GET /api/v1/reservas/{id},4.803560,200,success,
1789927377.470511,GET,GET /api/v1/reservas,5.704175,200,success,
1789927377.471231,GET,GET /api/v1/reservas,8.212928,200,success,
1789927377.471707,GET,GET /api/v1/reservas,9.110639,200,success,
1789927377.503300,GET,GET /api/v1/reservas/{id},4.389843,200,success,
1789927377.550337,GET,GET /api/v1/reservas/{id},5.817127,200,success,
1789927377.551441,GET,GET /api/v1/reservas,4.969953,200,success,
1789927377.568870,GET,GET /api/v1/reservas/{id},4.230002,200,success,
1789927377.623806,GET,GET /api/v1/reservas,7.549062,200,success,
1789927377.778545,GET,GET /api/v1/reservas/{id},6.417036,200,success,
1789927377.799688,GET,GET /api/v1/reservas/{id},3.944849,200,success,
1789927377.829033,GET,GET /api/v1/reservas,6.009239,200,success,
1789927377.829512,GET,GET /api/v1/reservas,6.110011,200,success,
1789927377.886424,GET,GET /api/v1/reservas,6.557590,200,success,
1789927378.002841,GET,GET /api/v1/reservas/{id},4.736199,200,success,
1789927378.014906,GET,GET /api/v1/reservas,4.753214,200,success,
1789927378.029903,GET,GET /api/v1/reservas/{id},3.829704,200,success,
1789927378.051733,GET,GET /api/v1/reservas,4.590598,200,success,
1789927378.113573,GET,GET /api/v1/reservas,5.508820,200,success,
1789927378.191537,GET,GET /api/v1/reservas,5.815094,200,success,
1789927378.311908,GET,GET /api/v1/reservas,6.500082,200,success,
1789927378.313177,GET,GET /api/v1/reservas,8.284436,200,success,
1789927378.389432,GET,GET /api/v1/reservas,5.943418,200,success,
1789927378.404765,GET,GET /api/v1/reservas,5.077406,200,success,
1789927378.405125,GET,GET /api/v1/reservas,5.143767,200,success,
1789927378.453927,GET,GET /api/v1/reservas,5.548339,200,success,
1789927378.552281,GET,GET /api/v1/reservas,8.976976,200,success,
1789927378.591835,GET,GET /api/v1/reservas/{id},4.343333,200,success,
1789927378.639632,GET,GET /api/v1/reservas,5.461267,200,success,
1789927378.658202,GET,GET /api/v1/reservas,5.262987,200,success,
1789927378.660253,GET,GET /api/v1/reservas,4.641775,200,success,
1789927378.675798,GET,GET /api/v1/reservas,4.323753,200,success,
1789927378.768498,GET,GET /api/v1/reservas,7.322057,200,success,
1789927378.792007,GET,GET /api/v1/reservas,5.192641,200,success,
1789927378.844832,GET,GET /api/v1/reservas/{id},5.604985,200,success,
1789927378.845908,GET,GET /api/v1/reservas,4.861308,200,success,
1789927378.856370,GET,GET /api/v1/reservas,4.236271,200,success,
1789927378.872931,GET,GET /api/v1/reservas,4.317094,200,success,
1789927378.912709,GET,GET /api/v1/reservas,5.499926,200,success,
1789927379.047815,GET,GET /api/v1/reservas/{id},4.799074,200,success,
1789927379.056350,GET,GET /api/v1/reservas,5.220451,200,success,
1789927379.073371,GET,GET /api/v1/reservas,6.731102,200,success,
1789927379.077670,GET,GET /api/v1/reservas,5.022172,200,success,
1789927379.160869,GET,GET /api/v1/reservas/{id},6.041848,200,success,
1789927379.220169,GET,GET /api/v1/reservas/{id},6.022949,200,success,
1789927379.270414,GET,GET /api/v1/reservas,7.885563,200,success,
1789927379.290057,GET,GET /api/v1/reservas,6.311546,200,success,
1789927379.364949,GET,GET /api/v1/reservas,6.520182,200,success,
1789927379.442044,GET,GET /api/v1/reservas/{id},5.747752,200,success,
1789927379.461423,GET,GET /api/v1/reservas,6.048246,200,success,
1789927379.466770,GET,GET /api/v1/reservas/{id},4.149029,200,success,
1789927379.485075,GET,GET /api/v1/reservas,4.948199,200,success,
1789927379.510291,GET,GET /api/v1/reservas,4.928018,200,success,
1789927379.624446,GET,GET /api/v1/reservas,5.794022,200,success,
1789927379.723584,GET,GET /api/v1/reservas,5.747181,200,success,
1789927379.801719,GET,GET /api/v1/reservas/{id},4.867767,200,success,
1789927379.809443,GET,GET /api/v1/reservas,4.471638,200,success,
1789927379.814689,GET,GET /api/v1/reservas,4.003188,200,success,
1789927379.821590,GET,GET /api/v1/reservas,4.648736,200,success,
1789927379.833862,GET,GET /api/v1/reservas,4.052922,200,success,
1789927379.848839,GET,GET /api/v1/reservas,4.693032,200,success,
1789927379.867547,GET,GET /api/v1/reservas,4.454843,200,success,
1789927379.894207,GET,GET /api/v1/reservas,4.440480,200,success,
1789927379.909794,GET,GET /api/v1/reservas,4.338135,200,success,
1789927379.939014,GET,GET /api/v1/reservas,4.944454,200,success,
1789927379.961031,GET,GET /api/v1/reservas,4.740004,200,success,
1789927379.991146,GET,GET /api/v1/reservas,5.449308,200,success,
1789927379.992691,GET,GET /api/v1/reservas,4.329102,200,success,
1789927380.094912,GET,GET /api/v1/reservas/{id},5.936217,200,success,
1789927380.125463,GET,GET /api/v1/reservas/{id},6.277304,200,success,
1789927380.127822,GET,GET /api/v1/reservas,5.758748,200,success,
1789927380.283081,GET,GET /api/v1/reservas,6.968121,200,success,
1789927380.284183,GET,GET /api/v1/reservas,11.074726,200,success,
1789927380.286882,GET,GET /api/v1/reservas,8.910565,200,success,
1789927380.340611,GET,GET /api/v1/reservas,8.341153,200,success,
1789927380.405504,GET,GET /api/v1/reservas/{id},5.607319,200,success,
1789927380.412222,GET,GET /api/v1/reservas,5.423751,200,success,
1789927380.422746,GET,GET /api/v1/reservas,5.233262,200,success,
1789927380.479880,GET,GET /api/v1/reservas/{id},4.885044,200,success,
1789927380.519855,GET,GET /api/v1/reservas,5.650805,200,success,
1789927380.560419,GET,GET /api/v1/reservas/{id},4.342531,200,success,
1789927380.609931,GET,GET /api/v1/reservas,5.203587,200,success,
1789927380.634593,GET,GET /api/v1/reservas/{id},3.493574,200,success,
1789927380.863962,GET,GET /api/v1/reservas/{id},4.960249,200,success,
1789927380.867809,GET,GET /api/v1/reservas,4.929172,200,success,
1789927380.911311,GET,GET /api/v1/reservas,5.196597,200,success,
1789927380.947726,GET,GET /api/v1/reservas/{id},4.210612,200,success,
1789927381.028786,GET,GET /api/v1/reservas,5.720501,200,success,
1789927381.041043,GET,GET /api/v1/reservas,4.935992,200,success,
1789927381.052469,GET,GET /api/v1/reservas/{id},3.271418,200,success,
1789927381.138770,GET,GET /api/v1/reservas,5.932673,200,success,
1789927381.141018,GET,GET /api/v1/reservas/{id},3.441656,200,success,
1789927381.179091,GET,GET /api/v1/reservas,4.938044,200,success,
1789927381.216223,GET,GET /api/v1/reservas/{id},5.886913,200,success,
1789927381.249493,GET,GET /api/v1/reservas,6.889203,200,success,
1789927381.257861,GET,GET /api/v1/reservas,6.178304,200,success,
1789927381.281825,GET,GET /api/v1/reservas,5.616032,200,success,
1789927381.310793,GET,GET /api/v1/reservas,5.671296,200,success,
1789927381.319064,GET,GET /api/v1/reservas,4.996654,200,success,
1789927381.349586,GET,GET /api/v1/reservas,7.214664,200,success,
1789927381.429170,GET,GET /api/v1/reservas,8.110111,200,success,
1789927381.450608,GET,GET /api/v1/reservas,11.074927,200,success,
1789927381.454802,GET,GET /api/v1/reservas,6.605311,200,success,
1789927381.485422,GET,GET /api/v1/reservas,16.200564,200,success,
1789927381.490443,GET,GET /api/v1/reservas/{id},7.312984,200,success,
1789927381.545342,GET,GET /api/v1/reservas,9.518326,200,success,
1789927381.568301,GET,GET /api/v1/reservas/{id},5.814193,200,success,
1789927381.612180,GET,GET /api/v1/reservas/{id},6.643770,200,success,
1789927381.664511,GET,GET /api/v1/reservas,6.946198,200,success,
1789927381.672648,GET,GET /api/v1/reservas/{id},3.931548,200,success,
1789927381.722789,GET,GET /api/v1/reservas/{id},5.872521,200,success,
1789927381.795185,GET,GET /api/v1/reservas,7.029374,200,success,
1789927381.885673,GET,GET /api/v1/reservas,9.047193,200,success,
1789927381.887147,GET,GET /api/v1/reservas,5.550913,200,success,
1789927381.893182,GET,GET /api/v1/reservas/{id},4.865685,200,success,
1789927381.904130,GET,GET /api/v1/reservas,4.366819,200,success,
1789927382.037540,GET,GET /api/v1/reservas/{id},4.683769,200,success,
1789927382.039730,GET,GET /api/v1/reservas/{id},3.126429,200,success,
1789927382.047834,GET,GET /api/v1/reservas,4.837983,200,success,
1789927382.048746,GET,GET /api/v1/reservas,4.239145,200,success,
1789927382.182302,GET,GET /api/v1/reservas/{id},5.398593,200,success,
1789927382.293427,GET,GET /api/v1/reservas/{id},4.828930,200,success,
1789927382.328280,GET,GET /api/v1/reservas/{id},3.665395,200,success,
1789927382.335910,GET,GET /api/v1/reservas,4.398107,200,success,
1789927382.350873,GET,GET /api/v1/reservas,5.680580,200,success,
1789927382.363058,GET,GET /api/v1/reservas/{id},3.984108,200,success,
1789927382.381671,GET,GET /api/v1/reservas,5.309016,200,success,
1789927382.476599,GET,GET /api/v1/reservas,6.592221,200,success,
1789927382.518389,GET,GET /api/v1/reservas,5.457682,200,success,
1789927382.578099,GET,GET /api/v1/reservas,5.386875,200,success,
1789927382.662089,GET,GET /api/v1/reservas,5.629694,200,success,
1789927382.757970,GET,GET /api/v1/reservas,7.414678,200,success,
1789927382.853233,GET,GET /api/v1/reservas/{id},4.929592,200,success,
1789927382.877341,GET,GET /api/v1/reservas,4.836449,200,success,
1789927382.993339,GET,GET /api/v1/reservas/{id},4.787727,200,success,
1789927383.001141,GET,GET /api/v1/reservas,5.543262,200,success,
1789927383.043270,GET,GET /api/v1/reservas,5.811789,200,success,
1789927383.103238,GET,GET /api/v1/reservas,5.649903,200,success,
1789927383.106652,GET,GET /api/v1/reservas/{id},3.308204,200,success,
1789927383.147292,GET,GET /api/v1/reservas,5.343709,200,success,
1789927383.230397,GET,GET /api/v1/reservas,5.961976,200,success,
1789927383.244878,GET,GET /api/v1/reservas,5.202274,200,success,
1789927383.251589,GET,GET /api/v1/reservas/{id},3.529710,200,success,
1789927383.287938,GET,GET /api/v1/reservas/{id},4.158252,200,success,
1789927383.299510,GET,GET /api/v1/reservas,5.269468,200,success,
1789927383.305774,GET,GET /api/v1/reservas,8.944257,200,success,
1789927383.359958,GET,GET /api/v1/reservas,5.891279,200,success,
1789927383.377685,GET,GET /api/v1/reservas,5.425383,200,success,
1789927383.381735,GET,GET /api/v1/reservas,4.810450,200,success,
1789927383.390575,GET,GET /api/v1/reservas,4.611840,200,success,
1789927383.393646,GET,GET /api/v1/reservas/{id},3.788821,200,success,
1789927383.424872,GET,GET /api/v1/reservas,4.939497,200,success,
1789927383.471373,GET,GET /api/v1/reservas,6.582738,200,success,
1789927383.471735,GET,GET /api/v1/reservas,7.554701,200,success,
1789927383.505270,GET,GET /api/v1/reservas,5.270698,200,success,
1789927383.538963,GET,GET /api/v1/reservas,6.364556,200,success,
1789927383.556860,GET,GET /api/v1/reservas/{id},3.702332,200,success,
1789927383.559774,GET,GET /api/v1/reservas,3.901393,200,success,
1789927383.680734,GET,GET /api/v1/reservas,6.545481,200,success,
1789927383.682204,GET,GET /api/v1/reservas,4.299927,200,success,
1789927383.736755,GET,GET /api/v1/reservas,5.264910,200,success,
1789927383.754738,GET,GET /api/v1/reservas,4.739934,200,success,
1789927383.762128,GET,GET /api/v1/reservas,4.158773,200,success,
1789927383.838499,GET,GET /api/v1/reservas/{id},11.513540,200,success,
1789927383.858208,GET,GET /api/v1/reservas,6.312537,200,success,
1789927383.879117,GET,GET /api/v1/reservas,5.590073,200,success,
1789927383.927139,GET,GET /api/v1/reservas,6.708909,200,success,
1789927384.042388,GET,GET /api/v1/reservas,6.452291,200,success,
1789927384.131608,GET,GET /api/v1/reservas,5.846351,200,success,
1789927384.144874,GET,GET /api/v1/reservas/{id},4.085272,200,success,
1789927384.245746,GET,GET /api/v1/reservas/{id},4.859195,200,success,
1789927384.273578,GET,GET /api/v1/reservas,6.380150,200,success,
1789927384.325794,GET,GET /api/v1/reservas,7.839040,200,success,
1789927384.346021,GET,GET /api/v1/reservas/{id},7.932623,200,success,
1789927384.346786,GET,GET /api/v1/reservas,8.069290,200,success,
1789927384.385684,GET,GET /api/v1/reservas,5.557894,200,success,
1789927384.388468,GET,GET /api/v1/reservas,4.632702,200,success,
1789927384.486142,GET,GET /api/v1/reservas,7.237750,200,success,
1789927384.486362,GET,GET /api/v1/reservas,6.986540,200,success,
1789927384.492884,GET,GET /api/v1/reservas,4.289010,200,success,
1789927384.536329,GET,GET /api/v1/reservas,5.159049,200,success,
1789927384.614115,GET,GET /api/v1/reservas,6.419910,200,success,
1789927384.615392,GET,GET /api/v1/reservas,4.925195,200,success,
1789927384.672055,GET,GET /api/v1/reservas,5.321175,200,success,
1789927384.696829,GET,GET /api/v1/reservas,4.519379,200,success,
1789927384.720627,GET,GET /api/v1/reservas,4.513270,200,success,
1789927384.746972,GET,GET /api/v1/reservas,5.064637,200,success,
1789927384.800663,GET,GET /api/v1/reservas,5.391542,200,success,
1789927384.823845,GET,GET /api/v1/reservas,4.883182,200,success,
1789927384.827648,GET,GET /api/v1/reservas,4.415863,200,success,
1789927384.845208,GET,GET /api/v1/reservas,4.290933,200,success,
1789927384.895608,GET,GET /api/v1/reservas,7.107743,200,success,
1789927384.974015,GET,GET /api/v1/reservas,8.739937,200,success,
1789927385.014530,GET,GET /api/v1/reservas,9.074864,200,success,
1789927385.062919,GET,GET /api/v1/reservas,8.025604,200,success,
1789927385.104956,GET,GET /api/v1/reservas,9.646952,200,success,
1789927385.176712,GET,GET /api/v1/reservas,9.059531,200,success,
1789927385.176912,GET,GET /api/v1/reservas,11.545129,200,success,
1789927385.287524,GET,GET /api/v1/reservas,6.273228,200,success,
1789927385.321321,GET,GET /api/v1/reservas,5.455839,200,success,
1789927385.322830,GET,GET /api/v1/reservas,4.339928,200,success,
1789927385.336347,GET,GET /api/v1/reservas,4.256541,200,success,
1789927385.419810,GET,GET /api/v1/reservas,7.111408,200,success,
1789927385.435115,GET,GET /api/v1/reservas,5.998011,200,success,
1789927385.474785,GET,GET /api/v1/reservas,5.354386,200,success,
1789927385.638288,GET,GET /api/v1/reservas,6.057781,200,success,
1789927385.752655,GET,GET /api/v1/reservas,5.953243,200,success,
1789927385.768565,GET,GET /api/v1/reservas/{id},3.725507,200,success,
1789927385.784132,GET,GET /api/v1/reservas,5.310038,200,success,
1789927385.884403,GET,GET /api/v1/reservas,7.854024,200,success,
1789927385.885814,GET,GET /api/v1/reservas,5.341146,200,success,
1789927385.901049,GET,GET /api/v1/reservas,4.931505,200,success,
1789927385.946585,GET,GET /api/v1/reservas,5.260503,200,success,
1789927385.953562,GET,GET /api/v1/reservas,4.744992,200,success,
1789927385.965947,GET,GET /api/v1/reservas,4.120947,200,success,
1789927386.033322,GET,GET /api/v1/reservas,5.655882,200,success,
1789927386.033708,GET,GET /api/v1/reservas,5.690134,200,success,
1789927386.048341,GET,GET /api/v1/reservas,4.382352,200,success,
1789927386.064035,GET,GET /api/v1/reservas,4.451328,200,success,
1789927386.099231,GET,GET /api/v1/reservas/{id},4.021905,200,success,
1789927386.107526,GET,GET /api/v1/reservas,5.017635,200,success,
1789927386.120196,GET,GET /api/v1/reservas,4.442302,200,success,
1789927386.138963,GET,GET /api/v1/reservas,4.534252,200,success,
1789927386.168029,GET,GET /api/v1/reservas,5.038236,200,success,
1789927386.385004,GET,GET /api/v1/reservas,6.449165,200,success,
1789927386.429357,GET,GET /api/v1/reservas,5.054120,200,success,
1789927386.498503,GET,GET /api/v1/reservas,5.815595,200,success,
1789927386.551977,GET,GET /api/v1/reservas,5.187412,200,success,
1789927386.630052,GET,GET /api/v1/reservas,5.698106,200,success,
1789927386.634472,GET,GET /api/v1/reservas/{id},3.260150,200,success,
1789927386.645285,GET,GET /api/v1/reservas,4.537306,200,success,
1789927386.672305,GET,GET /api/v1/reservas,4.752322,200,success,
1789927386.691669,GET,GET /api/v1/reservas,5.093290,200,success,
1789927386.708353,GET,GET /api/v1/reservas/{id},5.085679,200,success,
1789927386.709434,GET,GET /api/v1/reservas,6.482846,200,success,
1789927386.767305,GET,GET /api/v1/reservas,6.557760,200,success,
1789927386.772361,GET,GET /api/v1/reservas,4.831333,200,success,
1789927386.837592,GET,GET /api/v1/reservas,6.889281,200,success,
1789927386.936058,GET,GET /api/v1/reservas,5.739509,200,success,
1789927386.964847,GET,GET /api/v1/reservas,7.537695,200,success,
1789927387.013362,GET,GET /api/v1/reservas,5.210909,200,success,
1789927387.038168,GET,GET /api/v1/reservas,4.504218,200,success,
1789927387.051735,GET,GET /api/v1/reservas,4.343964,200,success,
1789927387.084677,GET,GET /api/v1/reservas,4.686683,200,success,
1789927387.127206,GET,GET /api/v1/reservas/{id},4.319097,200,success,
1789927387.185380,GET,GET /api/v1/reservas,7.127584,200,success,
1789927387.221173,GET,GET /api/v1/reservas,6.468674,200,success,
1789927387.221815,GET,GET /api/v1/reservas,6.730602,200,success,
1789927387.303725,GET,GET /api/v1/reservas,6.531921,200,success,
1789927387.317085,GET,GET /api/v1/reservas,5.016874,200,success,
1789927387.327921,GET,GET /api/v1/reservas/{id},3.652627,200,success,
1789927387.406848,GET,GET /api/v1/reservas/{id},4.679163,200,success,
1789927387.408894,GET,GET /api/v1/reservas/{id},2.986066,200,success,
1789927387.413482,GET,GET /api/v1/reservas/{id},3.435687,200,success,
1789927387.460714,GET,GET /api/v1/reservas,4.975061,200,success,
1789927387.500129,GET,GET /api/v1/reservas/{id},4.216871,200,success,
1789927387.531221,GET,GET /api/v1/reservas/{id},3.879580,200,success,
1789927387.558063,GET,GET /api/v1/reservas/{id},3.651745,200,success,
1789927387.570964,GET,GET /api/v1/reservas,4.612591,200,success,
1789927387.624235,GET,GET /api/v1/reservas,5.942887,200,success,
1789927387.638615,GET,GET /api/v1/reservas,5.107922,200,success,
1789927387.706766,GET,GET /api/v1/reservas/{id},5.893863,200,success,
1789927387.800206,GET,GET /api/v1/reservas,6.083130,200,success,
1789927387.822231,GET,GET /api/v1/reservas,4.707525,200,success,
1789927387.835962,GET,GET /api/v1/reservas,4.455844,200,success,
1789927387.914145,GET,GET /api/v1/reservas,5.793471,200,success,
1789927387.951965,GET,GET /api/v1/reservas/{id},4.607364,200,success,
1789927388.017229,GET,GET /api/v1/reservas,5.549541,200,success,
1789927388.056799,GET,GET /api/v1/reservas,5.244088,200,success,
1789927388.076220,GET,GET /api/v1/reservas/{id},4.215440,200,success,
1789927388.171324,GET,GET /api/v1/reservas,5.906182,200,success,
1789927388.206684,GET,GET /api/v1/reservas,5.100090,200,success,
1789927388.263107,GET,GET /api/v1/reservas,6.060455,200,success,
1789927388.329146,GET,GET /api/v1/reservas,5.649984,200,success,
1789927388.396305,GET,GET /api/v1/reservas,5.798568,200,success,
1789927388.398098,GET,GET /api/v1/reservas/{id},3.936667,200,success,
1789927388.476009,GET,GET /api/v1/reservas,5.539015,200,success,
1789927388.483218,GET,GET /api/v1/reservas/{id},3.045667,200,success,
1789927388.521330,GET,GET /api/v1/reservas,4.833386,200,success,
1789927388.579474,GET,GET /api/v1/reservas,5.820061,200,success,
1789927388.697542,GET,GET /api/v1/reservas,5.703524,200,success,
1789927388.710227,GET,GET /api/v1/reservas,4.452508,200,success,
1789927388.812318,GET,GET /api/v1/reservas,6.702148,200,success,
1789927388.836596,GET,GET /api/v1/reservas,4.954239,200,success,
1789927388.877621,GET,GET /api/v1/reservas,5.703105,200,success,
1789927388.951161,GET,GET /api/v1/reservas,6.199195,200,success,
1789927388.963976,GET,GET /api/v1/reservas/{id},3.636952,200,success,
1789927388.967112,GET,GET /api/v1/reservas,4.096259,200,success,
1789927388.974169,GET,GET /api/v1/reservas,3.831247,200,success,
1789927388.996699,GET,GET /api/v1/reservas/{id},3.356808,200,success,
1789927389.073918,GET,GET /api/v1/reservas,6.911775,200,success,
1789927389.074370,GET,GET /api/v1/reservas,5.575490,200,success,
1789927389.075912,GET,GET /api/v1/reservas,4.547342,200,success,
1789927389.078278,GET,GET /api/v1/reservas,5.045168,200,success,
1789927389.088570,GET,GET /api/v1/reservas,4.104492,200,success,
1789927389.097782,GET,GET /api/v1/reservas,3.961274,200,success,
1789927389.154442,GET,GET /api/v1/reservas,5.372092,200,success,
1789927389.252292,GET,GET /api/v1/reservas,5.807873,200,success,
1789927389.256790,GET,GET /api/v1/reservas,4.306718,200,success,
1789927389.286791,GET,GET /api/v1/reservas,4.759514,200,success,
1789927389.297296,GET,GET /api/v1/reservas,4.290162,200,success,
1789927389.394301,GET,GET /api/v1/reservas,8.611913,200,success,
1789927389.418459,GET,GET /api/v1/reservas,7.854836,200,success,
1789927389.418781,GET,GET /api/v1/reservas,7.123146,200,success,
1789927389.526092,GET,GET /api/v1/reservas,9.888497,200,success,
1789927389.576187,GET,GET /api/v1/reservas,15.678814,200,success,
1789927389.583231,GET,GET /api/v1/reservas/{id},5.846271,200,success,
1789927389.585670,GET,GET /api/v1/reservas,7.492065,200,success,
1789927389.629475,GET,GET /api/v1/reservas/{id},6.576277,200,success,
1789927389.682699,GET,GET /api/v1/reservas,6.842952,200,success,
1789927389.739497,GET,GET /api/v1/reservas,6.480483,200,success,
1789927389.744596,GET,GET /api/v1/reservas,5.857509,200,success,
1789927389.914193,GET,GET /api/v1/reservas/{id},6.205315,200,success,
1789927389.950264,GET,GET /api/v1/reservas,5.781603,200,success,
1789927389.954276,GET,GET /api/v1/reservas,4.706724,200,success,
1789927390.016284,GET,GET /api/v1/reservas,5.311351,200,success,
1789927390.053455,GET,GET /api/v1/reservas,4.873718,200,success,
1789927390.149538,GET,GET /api/v1/reservas,7.227004,200,success,
1789927390.149653,GET,GET /api/v1/reservas/{id},7.939443,200,success,
1789927390.203652,GET,GET /api/v1/reservas,5.889607,200,success,
1789927390.264246,GET,GET /api/v1/reservas,6.225486,200,success,
1789927390.299189,GET,GET /api/v1/reservas,6.657380,200,success,
1789927390.322053,GET,GET /api/v1/reservas,6.551440,200,success,
1789927390.396179,GET,GET /api/v1/reservas/{id},6.842321,200,success,
1789927390.400599,GET,GET /api/v1/reservas/{id},4.283241,200,success,
1789927390.487292,GET,GET /api/v1/reservas,9.145302,200,success,
1789927390.509540,GET,GET /api/v1/reservas,5.902836,200,success,
1789927390.568685,GET,GET /api/v1/reservas,8.756241,200,success,
1789927390.574492,GET,GET /api/v1/reservas,6.921601,200,success,
1789927390.587897,GET,GET /api/v1/reservas,6.119606,200,success,
1789927390.657054,GET,GET /api/v1/reservas,7.751247,200,success,
1789927390.657433,GET,GET /api/v1/reservas/{id},4.421503,200,success,
1789927390.669120,GET,GET /api/v1/reservas,5.403279,200,success,
1789927390.729239,GET,GET /api/v1/reservas/{id},4.877402,200,success,
1789927390.791618,GET,GET /api/v1/reservas,6.028166,200,success,
1789927390.829978,GET,GET /api/v1/reservas,5.063585,200,success,
1789927390.932504,GET,GET /api/v1/reservas,6.136160,200,success,
1789927390.937056,GET,GET /api/v1/reservas,4.323914,200,success,
1789927390.941354,GET,GET /api/v1/reservas,4.134766,200,success,
1789927390.993842,GET,GET /api/v1/reservas,5.203738,200,success,
1789927391.033224,GET,GET /api/v1/reservas,5.066369,200,success,
1789927391.052260,GET,GET /api/v1/reservas/{id},3.824677,200,success,
1789927391.059811,GET,GET /api/v1/reservas/{id},3.385792,200,success,
1789927391.101331,GET,GET /api/v1/reservas,5.233142,200,success,
1789927391.115939,GET,GET /api/v1/reservas,4.365567,200,success,
1789927391.138173,GET,GET /api/v1/reservas,4.991516,200,success,
1789927391.272166,GET,GET /api/v1/reservas,5.857558,200,success,
1789927391.356381,GET,GET /api/v1/reservas,5.822955,200,success,
1789927391.476654,GET,GET /api/v1/reservas,5.889227,200,success,
1789927391.496508,GET,GET /api/v1/reservas,4.598029,200,success,
1789927391.535836,GET,GET /api/v1/reservas,5.084537,200,success,
1789927391.758173,GET,GET /api/v1/reservas,9.868227,200,success,
1789927391.822681,GET,GET /api/v1/reservas,21.075604,200,success,
1789927391.823537,GET,GET /api/v1/reservas,15.624551,200,success,
1789927391.824238,GET,GET /api/v1/reservas,17.057653,200,success,
1789927391.932178,GET,GET /api/v1/reservas/{id},6.179907,200,success,
1789927391.974756,GET,GET /api/v1/reservas,6.253538,200,success,
1789927391.985862,GET,GET /api/v1/reservas/{id},3.931128,200,success,
1789927392.002631,GET,GET /api/v1/reservas,7.464133,200,success,
1789927392.009663,GET,GET /api/v1/reservas/{id},3.844548,200,success,
1789927392.040388,GET,GET /api/v1/reservas/{id},8.289304,200,success,
1789927392.057678,GET,GET /api/v1/reservas,7.941446,200,success,
1789927392.098472,GET,GET /api/v1/reservas,16.864751,200,success,
1789927392.105336,GET,GET /api/v1/reservas,6.555365,200,success,
1789927392.135558,GET,GET /api/v1/reservas,7.883368,200,success,
1789927392.187016,GET,GET /api/v1/reservas,7.093913,200,success,
1789927392.258309,GET,GET /api/v1/reservas,6.905427,200,success,
1789927392.260598,GET,GET /api/v1/reservas,4.881969,200,success,
1789927392.279737,GET,GET /api/v1/reservas,4.497857,200,success,
1789927392.294183,GET,GET /api/v1/reservas,4.191353,200,success,
1789927392.390532,GET,GET /api/v1/reservas,5.980064,200,success,
1789927392.410451,GET,GET /api/v1/reservas,4.645200,200,success,
1789927392.447795,GET,GET /api/v1/reservas,6.060606,200,success,
1789927392.448283,GET,GET /api/v1/reservas/{id},3.940423,200,success,
1789927392.450703,GET,GET /api/v1/reservas/{id},3.831087,200,success,
1789927392.489061,GET,GET /api/v1/reservas/{id},4.171563,200,success,
1789927392.499423,GET,GET /api/v1/reservas/{id},3.177016,200,success,
1789927392.540573,GET,GET /api/v1/reservas,4.880567,200,success,
1789927392.584919,GET,GET /api/v1/reservas,5.080510,200,success,
1789927392.599788,GET,GET /api/v1/reservas,4.613301,200,success,
1789927392.607504,GET,GET /api/v1/reservas/{id},3.538034,200,success,
1789927392.615157,GET,GET /api/v1/reservas,4.430114,200,success,
1789927392.647226,GET,GET /api/v1/reservas,4.826195,200,success,
1789927392.681104,GET,GET /api/v1/reservas,5.552326,200,success,
1789927392.698308,GET,GET /api/v1/reservas,4.955982,200,success,
1789927392.761381,GET,GET /api/v1/reservas,5.762213,200,success,
1789927392.772277,GET,GET /api/v1/reservas/{id},3.701680,200,success,
1789927392.826890,GET,GET /api/v1/reservas,6.283493,200,success,
1789927392.848403,GET,GET /api/v1/reservas/{id},4.299126,200,success,
1789927392.854215,GET,GET /api/v1/reservas/{id},3.623611,200,success,
1789927392.895850,GET,GET /api/v1/reservas,5.340224,200,success,
1789927392.958389,GET,GET /api/v1/reservas,6.217193,200,success,
1789927392.966913,GET,GET /api/v1/reservas,5.213872,200,success,
1789927392.967715,GET,GET /api/v1/reservas,4.419399,200,success,
1789927393.064672,GET,GET /api/v1/reservas/{id},4.698151,200,success,
1789927393.095867,GET,GET /api/v1/reservas,4.905415,200,success,
1789927393.114479,GET,GET /api/v1/reservas,6.340731,200,success,
1789927393.114726,GET,GET /api/v1/reservas/{id},5.103725,200,success,
1789927393.214840,GET,GET /api/v1/reservas,5.940483,200,success,
1789927393.453767,GET,GET /api/v1/reservas,12.487277,200,success,
1789927393.494725,GET,GET /api/v1/reservas,5.614880,200,success,
1789927393.500082,GET,GET /api/v1/reservas,4.078641,200,success,
1789927393.552337,GET,GET /api/v1/reservas,5.942247,200,success,
1789927393.656609,GET,GET /api/v1/reservas,5.887473,200,success,
1789927393.715659,GET,GET /api/v1/reservas/{id},4.854306,200,success,
1789927393.718877,GET,GET /api/v1/reservas,5.178138,200,success,
1789927393.722926,GET,GET /api/v1/reservas,4.646332,200,success,
1789927393.850015,GET,GET /api/v1/reservas/{id},4.767825,200,success,
1789927393.934271,GET,GET /api/v1/reservas,5.911259,200,success,
1789927393.951568,GET,GET /api/v1/reservas,4.993297,200,success,
1789927393.958153,GET,GET /api/v1/reservas,4.304204,200,success,
1789927394.040784,GET,GET /api/v1/reservas,5.904950,200,success,
1789927394.083957,GET,GET /api/v1/reservas,4.877753,200,success,
1789927394.095676,GET,GET /api/v1/reservas,4.419389,200,success,
1789927394.108958,GET,GET /api/v1/reservas,5.022913,200,success,
1789927394.112791,GET,GET /api/v1/reservas,4.500862,200,success,
1789927394.133278,GET,GET /api/v1/reservas,5.205070,200,success,
1789927394.147173,GET,GET /api/v1/reservas/{id},4.670759,200,success,
1789927394.165191,GET,GET /api/v1/reservas/{id},3.815883,200,success,
1789927394.169111,GET,GET /api/v1/reservas,4.949141,200,success,
1789927394.185718,GET,GET /api/v1/reservas/{id},3.445182,200,success,
1789927394.222800,GET,GET /api/v1/reservas,4.822970,200,success,
1789927394.441221,GET,GET /api/v1/reservas,5.929787,200,success,
1789927394.467180,GET,GET /api/v1/reservas,4.668115,200,success,
1789927394.511303,GET,GET /api/v1/reservas,4.860357,200,success,
1789927394.558245,GET,GET /api/v1/reservas,5.621530,200,success,
1789927394.561318,GET,GET /api/v1/reservas,4.011140,200,success,
1789927394.611819,GET,GET /api/v1/reservas,5.230718,200,success,
1789927394.638927,GET,GET /api/v1/reservas,4.852715,200,success,
1789927394.686827,GET,GET /api/v1/reservas,5.600819,200,success,
1789927394.709338,GET,GET /api/v1/reservas,5.213482,200,success,
1789927394.755019,GET,GET /api/v1/reservas,6.365097,200,success,
1789927394.755191,GET,GET /api/v1/reservas,6.191434,200,success,
1789927394.858557,GET,GET /api/v1/reservas,6.028478,200,success,
1789927394.932542,GET,GET /api/v1/reservas,5.627120,200,success,
1789927394.940385,GET,GET /api/v1/reservas,4.581213,200,success,
1789927394.961521,GET,GET /api/v1/reservas,4.868959,200,success,
1789927395.028391,GET,GET /api/v1/reservas,5.533847,200,success,
1789927395.036777,GET,GET /api/v1/reservas/{id},3.204176,200,success,
1789927395.095659,GET,GET /api/v1/reservas,5.549461,200,success,
1789927395.111401,GET,GET /api/v1/reservas,4.484417,200,success,
1789927395.144479,GET,GET /api/v1/reservas,4.781007,200,success,
1789927395.238300,GET,GET /api/v1/reservas,6.588225,200,success,
1789927395.257008,GET,GET /api/v1/reservas,8.351979,200,success,
1789927395.257553,GET,GET /api/v1/reservas,6.149400,200,success,
1789927395.289166,GET,GET /api/v1/reservas,8.315304,200,success,
1789927395.337460,GET,GET /api/v1/reservas,7.907035,200,success,
1789927395.422457,GET,GET /api/v1/reservas,10.584702,200,success,
1789927395.426609,GET,GET /api/v1/reservas,7.571415,200,success,
1789927395.544378,GET,GET /api/v1/reservas/{id},7.449181,200,success,
1789927395.592216,GET,GET /api/v1/reservas,12.256226,200,success,
1789927395.592403,GET,GET /api/v1/reservas,13.470837,200,success,
1789927395.598467,GET,GET /api/v1/reservas,10.196244,200,success,
1789927395.622362,GET,GET /api/v1/reservas,9.127344,200,success,
1789927395.670815,GET,GET /api/v1/reservas/{id},5.183648,200,success,
1789927395.706566,GET,GET /api/v1/reservas,5.387776,200,success,
1789927395.713230,GET,GET /api/v1/reservas,4.393509,200,success,
1789927395.758725,GET,GET /api/v1/reservas,5.231770,200,success,
1789927395.789731,GET,GET /api/v1/reservas,4.709017,200,success,
1789927395.823494,GET,GET /api/v1/reservas,6.422895,200,success,
1789927395.827175,GET,GET /api/v1/reservas,7.400737,200,success,
1789927395.864765,GET,GET /api/v1/reservas,5.334014,200,success,
1789927395.867619,GET,GET /api/v1/reservas/{id},3.571543,200,success,
1789927395.873304,GET,GET /api/v1/reservas,4.441000,200,success,
1789927395.922064,GET,GET /api/v1/reservas,6.407441,200,success,
1789927396.076125,GET,GET /api/v1/reservas,6.107738,200,success,
1789927396.096905,GET,GET /api/v1/reservas/{id},3.577082,200,success,
1789927396.141335,GET,GET /api/v1/reservas,5.139720,200,success,
1789927396.174272,GET,GET /api/v1/reservas,4.875630,200,success,
1789927396.183703,GET,GET /api/v1/reservas/{id},3.279651,200,success,
1789927396.205622,GET,GET /api/v1/reservas,4.650819,200,success,
1789927396.219506,GET,GET /api/v1/reservas,4.621665,200,success,
1789927396.273268,GET,GET /api/v1/reservas/{id},4.542455,200,success,
1789927396.350785,GET,GET /api/v1/reservas/{id},5.245050,200,success,
1789927396.365299,GET,GET /api/v1/reservas,5.194964,200,success,
1789927396.494423,GET,GET /api/v1/reservas,6.678452,200,success,
1789927396.510586,GET,GET /api/v1/reservas/{id},3.964149,200,success,
1789927396.545624,GET,GET /api/v1/reservas/{id},3.838257,200,success,
1789927396.578045,GET,GET /api/v1/reservas,10.118856,200,success,
1789927396.645883,GET,GET /api/v1/reservas,5.512235,200,success,
1789927396.655678,GET,GET /api/v1/reservas,4.560492,200,success,
1789927396.755133,GET,GET /api/v1/reservas,6.057130,200,success,
1789927396.907712,GET,GET /api/v1/reservas/{id},4.815698,200,success,
1789927396.913609,GET,GET /api/v1/reservas,4.606232,200,success,
1789927396.949543,GET,GET /api/v1/reservas,4.668436,200,success,
1789927396.968116,GET,GET /api/v1/reservas/{id},3.405761,200,success,
1789927396.994970,GET,GET /api/v1/reservas,4.604299,200,success,
1789927397.012534,GET,GET /api/v1/reservas/{id},3.384200,200,success,
1789927397.070514,GET,GET /api/v1/reservas,5.612917,200,success,
1789927397.077108,GET,GET /api/v1/reservas,4.289262,200,success,
1789927397.103425,GET,GET /api/v1/reservas,6.994691,200,success,
1789927397.116604,GET,GET /api/v1/reservas,4.920086,200,success,
1789927397.210149,GET,GET /api/v1/reservas,7.214135,200,success,
1789927397.252388,GET,GET /api/v1/reservas/{id},4.990494,200,success,
1789927397.365229,GET,GET /api/v1/reservas/{id},5.501749,200,success,
1789927397.388473,GET,GET /api/v1/reservas/{id},4.037610,200,success,
1789927397.396028,GET,GET /api/v1/reservas,5.265290,200,success,
1789927397.405886,GET,GET /api/v1/reservas,4.616477,200,success,
1789927397.414458,GET,GET /api/v1/reservas,4.327759,200,success,
1789927397.542778,GET,GET /api/v1/reservas,6.033574,200,success,
1789927397.598749,GET,GET /api/v1/reservas,5.628812,200,success,
1789927397.611438,GET,GET /api/v1/reservas,4.409173,200,success,
1789927397.663625,GET,GET /api/v1/reservas/{id},3.992130,200,success,
1789927397.720779,GET,GET /api/v1/reservas,5.846351,200,success,
1789927397.810928,GET,GET /api/v1/reservas,6.741026,200,success,
1789927397.811316,GET,GET /api/v1/reservas/{id},3.481617,200,success,
1789927397.816541,GET,GET /api/v1/reservas,4.008586,200,success,
1789927397.845805,GET,GET /api/v1/reservas,4.987520,200,success,
1789927397.852231,GET,GET /api/v1/reservas/{id},3.260482,200,success,
1789927397.905707,GET,GET /api/v1/reservas,5.194183,200,success,
1789927397.973167,GET,GET /api/v1/reservas,6.151073,200,success,
1789927398.016654,GET,GET /api/v1/reservas/{id},3.895074,200,success,
1789927398.026282,GET,GET /api/v1/reservas,4.379718,200,success,
1789927398.030599,GET,GET /api/v1/reservas,4.158293,200,success,
1789927398.110995,GET,GET /api/v1/reservas,6.044011,200,success,
1789927398.203185,GET,GET /api/v1/reservas/{id},5.121422,200,success,
1789927398.238042,GET,GET /api/v1/reservas,5.559436,200,success,
1789927398.291584,GET,GET /api/v1/reservas,5.219642,200,success,
1789927398.319624,GET,GET /api/v1/reservas,4.751042,200,success,
1789927398.328979,GET,GET /api/v1/reservas,4.131641,200,success,
1789927398.343576,GET,GET /api/v1/reservas,4.341541,200,success,
1789927398.369208,GET,GET /api/v1/reservas/{id},3.467305,200,success,
1789927398.377481,GET,GET /api/v1/reservas/{id},3.122032,200,success,
1789927398.378861,GET,GET /api/v1/reservas/{id},2.991663,200,success,
1789927398.396084,GET,GET /api/v1/reservas,4.926287,200,success,
1789927398.396754,GET,GET /api/v1/reservas,4.103129,200,success,
1789927398.582930,GET,GET /api/v1/reservas,6.690571,200,success,
1789927398.600048,GET,GET /api/v1/reservas/{id},3.906671,200,success,
1789927398.621035,GET,GET /api/v1/reservas,4.689717,200,success,
1789927398.650550,GET,GET /api/v1/reservas/{id},4.329392,200,success,
1789927398.676783,GET,GET /api/v1/reservas,4.962992,200,success,
1789927398.776957,GET,GET /api/v1/reservas,5.803207,200,success,
1789927398.817529,GET,GET /api/v1/reservas,5.259811,200,success,
1789927398.826222,GET,GET /api/v1/reservas,4.446019,200,success,
1789927398.853054,GET,GET /api/v1/reservas,5.558094,200,success,
1789927398.876183,GET,GET /api/v1/reservas,4.829709,200,success,
1789927398.913911,GET,GET /api/v1/reservas,6.431688,200,success,
1789927398.917518,GET,GET /api/v1/reservas/{id},4.529666,200,success,
1789927398.928537,GET,GET /api/v1/reservas/{id},3.836194,200,success,
1789927398.929760,GET,GET /api/v1/reservas,4.648566,200,success,
1789927398.938441,GET,GET /api/v1/reservas,4.430987,200,success,
1789927398.939728,GET,GET /api/v1/reservas,4.158803,200,success,
1789927398.953037,GET,GET /api/v1/reservas,4.059312,200,success,
1789927398.982079,GET,GET /api/v1/reservas,7.744157,200,success,
1789927398.994299,GET,GET /api/v1/reservas,4.930012,200,success,
1789927399.086006,GET,GET /api/v1/reservas,6.298697,200,success,
1789927399.111666,GET,GET /api/v1/reservas,5.330720,200,success,
1789927399.252160,GET,GET /api/v1/reservas,6.293058,200,success,
1789927399.262044,GET,GET /api/v1/reservas,4.558219,200,success,
1789927399.361287,GET,GET /api/v1/reservas,5.844018,200,success,
1789927399.435933,GET,GET /api/v1/reservas/{id},4.379618,200,success,
1789927399.471825,GET,GET /api/v1/reservas/{id},3.677193,200,success,
1789927399.552480,GET,GET /api/v1/reservas,7.279755,200,success,
1789927399.598065,GET,GET /api/v1/reservas,5.254816,200,success,
1789927399.669187,GET,GET /api/v1/reservas,5.795743,200,success,
1789927399.872785,GET,GET /api/v1/reservas,8.170143,200,success,
1789927399.873108,GET,GET /api/v1/reservas,10.411770,200,success,
1789927399.873521,GET,GET /api/v1/reservas,7.146472,200,success,
1789927399.877719,GET,GET /api/v1/reservas,7.500187,200,success,
1789927399.887852,GET,GET /api/v1/reservas,6.874410,200,success,
1789927399.974393,GET,GET /api/v1/reservas,9.138430,200,success,
1789927399.994157,GET,GET /api/v1/reservas,6.897213,200,success,
1789927399.999667,GET,GET /api/v1/reservas/{id},4.315411,200,success,
1789927400.005693,GET,GET /api/v1/reservas/{id},3.845058,200,success,
1789927400.076113,GET,GET /api/v1/reservas,7.992934,200,success,
1789927400.088606,GET,GET /api/v1/reservas/{id},5.268945,200,success,
1789927400.121718,GET,GET /api/v1/reservas,5.825379,200,success,
1789927400.254334,GET,GET /api/v1/reservas/{id},6.406840,200,success,
1789927400.327809,GET,GET /api/v1/reservas,6.098484,200,success,
1789927400.328870,GET,GET /api/v1/reservas,4.429253,200,success,
1789927400.332647,GET,GET /api/v1/reservas,4.356072,200,success,
1789927400.344959,GET,GET /api/v1/reservas,4.075117,200,success,
1789927400.355862,GET,GET /api/v1/reservas,5.625496,200,success,
1789927400.386245,GET,GET /api/v1/reservas,6.088508,200,success,
1789927400.397214,GET,GET /api/v1/reservas/{id},3.789504,200,success,
1789927400.409168,GET,GET /api/v1/reservas,4.677399,200,success,
1789927400.455486,GET,GET /api/v1/reservas/{id},4.119483,200,success,
1789927400.463608,GET,GET /api/v1/reservas,4.838593,200,success,
1789927400.466793,GET,GET /api/v1/reservas,4.424536,200,success,
1789927400.515945,GET,GET /api/v1/reservas,4.898073,200,success,
1789927400.535765,GET,GET /api/v1/reservas,4.504357,200,success,
1789927400.590485,GET,GET /api/v1/reservas,5.413575,200,success,
1789927400.655520,GET,GET /api/v1/reservas,5.684776,200,success,
1789927400.770508,GET,GET /api/v1/reservas,7.530504,200,success,
1789927400.785423,GET,GET /api/v1/reservas,6.580735,200,success,
1789927400.826071,GET,GET /api/v1/reservas,6.274891,200,success,
1789927400.851538,GET,GET /api/v1/reservas,7.115544,200,success,
1789927400.853654,GET,GET /api/v1/reservas,8.456017,200,success,
1789927400.886972,GET,GET /api/v1/reservas,8.803523,200,success,
1789927400.945773,GET,GET /api/v1/reservas,8.366902,200,success,
1789927400.960567,GET,GET /api/v1/reservas/{id},5.533317,200,success,
1789927400.994588,GET,GET /api/v1/reservas/{id},5.235325,200,success,
1789927400.995176,GET,GET /api/v1/reservas,6.298967,200,success,
1789927401.012722,GET,GET /api/v1/reservas,5.254754,200,success,
1789927401.031023,GET,GET /api/v1/reservas,4.999768,200,success,
1789927401.093728,GET,GET /api/v1/reservas/{id},4.489875,200,success,
1789927401.123904,GET,GET /api/v1/reservas/{id},3.986742,200,success,
1789927401.132501,GET,GET /api/v1/reservas,4.359377,200,success,
1789927401.212525,GET,GET /api/v1/reservas,5.896487,200,success,
1789927401.218037,GET,GET /api/v1/reservas,4.234649,200,success,
1789927401.256602,GET,GET /api/v1/reservas/{id},4.361001,200,success,
1789927401.297969,GET,GET /api/v1/reservas/{id},4.117941,200,success,
1789927401.339339,GET,GET /api/v1/reservas,5.074100,200,success,
1789927401.371373,GET,GET /api/v1/reservas/{id},3.840961,200,success,
1789927401.445550,GET,GET /api/v1/reservas,5.804828,200,success,
1789927401.467356,GET,GET /api/v1/reservas/{id},3.615830,200,success,
1789927401.530875,GET,GET /api/v1/reservas,5.212120,200,success,
1789927401.572945,GET,GET /api/v1/reservas,4.792365,200,success,
1789927401.596093,GET,GET /api/v1/reservas,4.852355,200,success,
1789927401.630679,GET,GET /api/v1/reservas,5.251970,200,success,
1789927401.644784,GET,GET /api/v1/reservas/{id},4.919426,200,success,
1789927401.719210,GET,GET /api/v1/reservas,6.095659,200,success,
1789927401.719608,GET,GET /api/v1/reservas,4.807948,200,success,
1789927401.836778,GET,GET /api/v1/reservas/{id},4.906856,200,success,
1789927401.950510,GET,GET /api/v1/reservas,6.898486,200,success,
1789927402.001438,GET,GET /api/v1/reservas,7.028432,200,success,
1789927402.043054,GET,GET /api/v1/reservas,7.965854,200,success,
1789927402.142529,GET,GET /api/v1/reservas,7.113051,200,success,
1789927402.264751,GET,GET /api/v1/reservas/{id},6.132605,200,success,
1789927402.322760,GET,GET /api/v1/reservas,7.664567,200,success,
1789927402.385188,GET,GET /api/v1/reservas,7.077568,200,success,
1789927402.460359,GET,GET /api/v1/reservas,6.750752,200,success,
1789927402.499731,GET,GET /api/v1/reservas/{id},5.100020,200,success,
1789927402.512779,GET,GET /api/v1/reservas,5.702995,200,success,
1789927402.518835,GET,GET /api/v1/reservas,4.796500,200,success,
1789927402.531726,GET,GET /api/v1/reservas/{id},3.750705,200,success,
1789927402.559857,GET,GET /api/v1/reservas,4.875219,200,success,
1789927402.584923,GET,GET /api/v1/reservas,4.774657,200,success,
1789927402.667963,GET,GET /api/v1/reservas,6.683460,200,success,
1789927402.721812,GET,GET /api/v1/reservas,5.486576,200,success,
1789927402.738180,GET,GET /api/v1/reservas,5.102804,200,success,
1789927402.774295,GET,GET /api/v1/reservas,4.813557,200,success,
1789927402.779489,GET,GET /api/v1/reservas,3.920171,200,success,
1789927402.785105,GET,GET /api/v1/reservas,4.346728,200,success,
1789927402.789523,GET,GET /api/v1/reservas,4.223881,200,success,
1789927402.854764,GET,GET /api/v1/reservas,5.892701,200,success,
1789927402.995027,GET,GET /api/v1/reservas,5.820642,200,success,
1789927403.015037,GET,GET /api/v1/reservas,4.724291,200,success,
1789927403.059300,GET,GET /api/v1/reservas/{id},4.037569,200,success,
1789927403.104792,GET,GET /api/v1/reservas,5.141513,200,success,
1789927403.139542,GET,GET /api/v1/reservas,5.438173,200,success,
1789927403.142125,GET,GET /api/v1/reservas,4.408732,200,success,
1789927403.199683,GET,GET /api/v1/reservas,5.536562,200,success,
1789927403.202965,GET,GET /api/v1/reservas/{id},4.141678,200,success,
1789927403.221603,GET,GET /api/v1/reservas,5.362398,200,success,
1789927403.261950,GET,GET /api/v1/reservas,6.048107,200,success,
1789927403.262294,GET,GET /api/v1/reservas/{id},4.713324,200,success,
1789927403.282527,GET,GET /api/v1/reservas,4.955090,200,success,
1789927403.306470,GET,GET /api/v1/reservas,5.632406,200,success,
1789927403.341783,GET,GET /api/v1/reservas,5.012026,200,success,
1789927403.506365,GET,GET /api/v1/reservas,6.134428,200,success,
1789927403.535417,GET,GET /api/v1/reservas,9.159824,200,success,
1789927403.678909,GET,GET /api/v1/reservas,6.032674,200,success,
1789927403.698976,GET,GET /api/v1/reservas/{id},3.856845,200,success,
1789927403.732212,GET,GET /api/v1/reservas,4.957003,200,success,
1789927403.747621,GET,GET /api/v1/reservas,4.177592,200,success,
1789927403.752714,GET,GET /api/v1/reservas,3.887764,200,success,
1789927403.805370,GET,GET /api/v1/reservas,5.356690,200,success,
1789927403.825182,GET,GET /api/v1/reservas,5.509421,200,success,
1789927403.846954,GET,GET /api/v1/reservas/{id},11.845855,200,success,
1789927403.856769,GET,GET /api/v1/reservas,4.483705,200,success,
1789927403.857275,GET,GET /api/v1/reservas,6.072694,200,success,
1789927403.909555,GET,GET /api/v1/reservas,5.019369,200,success,
1789927403.922938,GET,GET /api/v1/reservas,4.117291,200,success,
1789927403.943595,GET,GET /api/v1/reservas,4.421291,200,success,
1789927404.051232,GET,GET /api/v1/reservas,5.764737,200,success,
1789927404.141114,GET,GET /api/v1/reservas,6.450646,200,success,
1789927404.145091,GET,GET /api/v1/reservas,4.797631,200,success,
1789927404.179041,GET,GET /api/v1/reservas,4.686483,200,success,
1789927404.218760,GET,GET /api/v1/reservas,4.803261,200,success,
1789927404.249350,GET,GET /api/v1/reservas,5.291140,200,success,
1789927404.377661,GET,GET /api/v1/reservas,5.901535,200,success,
1789927404.388205,GET,GET /api/v1/reservas,4.294870,200,success,
1789927404.439277,GET,GET /api/v1/reservas/{id},5.861064,200,success,
1789927404.439650,GET,GET /api/v1/reservas/{id},4.415292,200,success,
1789927404.457607,GET,GET /api/v1/reservas,4.727505,200,success,
1789927404.598679,GET,GET /api/v1/reservas/{id},4.751782,200,success,
1789927404.633363,GET,GET /api/v1/reservas,5.385983,200,success,
1789927404.672862,GET,GET /api/v1/reservas,7.219062,200,success,
1789927404.691978,GET,GET /api/v1/reservas,4.899104,200,success,
1789927404.699324,GET,GET /api/v1/reservas,4.094215,200,success,
1789927404.763291,GET,GET /api/v1/reservas,5.645566,200,success,
1789927404.788404,GET,GET /api/v1/reservas,4.828439,200,success,
1789927404.839579,GET,GET /api/v1/reservas,6.772855,200,success,
1789927404.860438,GET,GET /api/v1/reservas,5.515959,200,success,
1789927404.883736,GET,GET /api/v1/reservas,4.984143,200,success,
1789927404.934366,GET,GET /api/v1/reservas,5.321635,200,success,
1789927404.967455,GET,GET /api/v1/reservas,4.814878,200,success,
1789927404.990364,GET,GET /api/v1/reservas,4.633603,200,success,
1789927404.998825,GET,GET /api/v1/reservas,4.206214,200,success,
1789927405.039756,GET,GET /api/v1/reservas/{id},3.746608,200,success,
1789927405.063317,GET,GET /api/v1/reservas/{id},3.374625,200,success,
1789927405.076899,GET,GET /api/v1/reservas,4.308730,200,success,
1789927405.133555,GET,GET /api/v1/reservas,5.343379,200,success,
1789927405.160647,GET,GET /api/v1/reservas,4.824393,200,success,
1789927405.209273,GET,GET /api/v1/reservas,5.576422,200,success,
1789927405.285737,GET,GET /api/v1/reservas,6.106165,200,success,
1789927405.339710,GET,GET /api/v1/reservas,5.671877,200,success,
1789927405.360170,GET,GET /api/v1/reservas,5.166070,200,success,
1789927405.413093,GET,GET /api/v1/reservas/{id},5.264470,200,success,
1789927405.414184,GET,GET /api/v1/reservas,6.726866,200,success,
1789927405.427035,GET,GET /api/v1/reservas,4.580863,200,success,
1789927405.428129,GET,GET /api/v1/reservas,4.140406,200,success,
1789927405.479548,GET,GET /api/v1/reservas,5.106699,200,success,
1789927405.508612,GET,GET /api/v1/reservas,6.767448,200,success,
1789927405.583046,GET,GET /api/v1/reservas,6.052413,200,success,
1789927405.588928,GET,GET /api/v1/reservas/{id},3.686007,200,success,
1789927405.606052,GET,GET /api/v1/reservas,4.816890,200,success,
1789927405.641134,GET,GET /api/v1/reservas/{id},3.889375,200,success,
1789927405.763863,GET,GET /api/v1/reservas/{id},6.454092,200,success,
1789927405.795542,GET,GET /api/v1/reservas,10.313061,200,success,
1789927405.795750,GET,GET /api/v1/reservas,8.453022,200,success,
1789927405.861914,GET,GET /api/v1/reservas,9.807705,200,success,
1789927405.900397,GET,GET /api/v1/reservas/{id},10.164776,200,success,
1789927405.981251,GET,GET /api/v1/reservas,9.412766,200,success,
1789927406.020668,GET,GET /api/v1/reservas,9.001222,200,success,
1789927406.022399,GET,GET /api/v1/reservas,6.561155,200,success,
1789927406.071861,GET,GET /api/v1/reservas,6.121218,200,success,
1789927406.103799,GET,GET /api/v1/reservas,5.585995,200,success,
1789927406.104248,GET,GET /api/v1/reservas,4.399318,200,success,
1789927406.181170,GET,GET /api/v1/reservas/{id},4.679072,200,success,
1789927406.186886,GET,GET /api/v1/reservas/{id},2.841107,200,success,
1789927406.203799,GET,GET /api/v1/reservas,4.686713,200,success,
1789927406.252769,GET,GET /api/v1/reservas,6.654667,200,success,
1789927406.324891,GET,GET /api/v1/reservas,5.734813,200,success,
1789927406.349694,GET,GET /api/v1/reservas,4.552580,200,success,
1789927406.410483,GET,GET /api/v1/reservas/{id},4.567162,200,success,
1789927406.419836,GET,GET /api/v1/reservas/{id},3.175503,200,success,
1789927406.445923,GET,GET /api/v1/reservas,4.834909,200,success,
1789927406.617753,GET,GET /api/v1/reservas,6.395453,200,success,
1789927406.623487,GET,GET /api/v1/reservas,4.471247,200,success,
1789927406.631148,GET,GET /api/v1/reservas,4.365767,200,success,
1789927406.652506,GET,GET /api/v1/reservas,5.059779,200,success,
1789927406.716727,GET,GET /api/v1/reservas,6.865996,200,success,
1789927406.717081,GET,GET /api/v1/reservas/{id},4.480941,200,success,
1789927406.793934,GET,GET /api/v1/reservas,4.770982,200,success,
1789927406.794344,GET,GET /api/v1/reservas,7.032769,200,success,
1789927406.806376,GET,GET /api/v1/reservas/{id},3.868304,200,success,
1789927406.890596,GET,GET /api/v1/reservas,5.855194,200,success,
1789927406.901995,GET,GET /api/v1/reservas,4.146083,200,success,
1789927406.905064,GET,GET /api/v1/reservas/{id},2.977563,200,success,
1789927406.918455,GET,GET /api/v1/reservas,4.148377,200,success,
1789927406.942325,GET,GET /api/v1/reservas,4.609587,200,success,
1789927406.956050,GET,GET /api/v1/reservas,4.461291,200,success,
1789927406.988582,GET,GET /api/v1/reservas,5.235175,200,success,
1789927407.087935,GET,GET /api/v1/reservas/{id},5.055763,200,success,
1789927407.232712,GET,GET /api/v1/reservas,6.509617,200,success,
1789927407.285592,GET,GET /api/v1/reservas,6.671902,200,success,
1789927407.286935,GET,GET /api/v1/reservas,9.940737,200,success,
1789927407.409188,GET,GET /api/v1/reservas,5.842785,200,success,
1789927407.468377,GET,GET /api/v1/reservas/{id},4.968530,200,success,
1789927407.494613,GET,GET /api/v1/reservas,4.946207,200,success,
1789927407.532594,GET,GET /api/v1/reservas,4.745863,200,success,
1789927407.600219,GET,GET /api/v1/reservas,5.332863,200,success,
1789927407.625139,GET,GET /api/v1/reservas,4.636498,200,success,
1789927407.669629,GET,GET /api/v1/reservas,6.140787,200,success,
1789927407.681890,GET,GET /api/v1/reservas,4.969162,200,success,
1789927407.776813,GET,GET /api/v1/reservas/{id},4.658110,200,success,
1789927407.787827,GET,GET /api/v1/reservas,4.721916,200,success,
1789927407.813091,GET,GET /api/v1/reservas/{id},5.036373,200,success,
1789927407.813715,GET,GET /api/v1/reservas,5.145739,200,success,
1789927407.880571,GET,GET /api/v1/reservas,5.545125,200,success,
1789927407.894366,GET,GET /api/v1/reservas,4.515114,200,success,
1789927407.979167,GET,GET /api/v1/reservas,6.429275,200,success,
1789927408.034966,GET,GET /api/v1/reservas/{id},4.227667,200,success,
1789927408.052852,GET,GET /api/v1/reservas,4.581475,200,success,
1789927408.097633,GET,GET /api/v1/reservas,5.463160,200,success,
1789927408.107331,GET,GET /api/v1/reservas/{id},3.535017,200,success,
1789927408.214602,GET,GET /api/v1/reservas,6.662719,200,success,
1789927408.214773,GET,GET /api/v1/reservas,7.334717,200,success,
1789927408.313219,GET,GET /api/v1/reservas,6.081818,200,success,
1789927408.385458,GET,GET /api/v1/reservas/{id},4.984084,200,success,
1789927408.456450,GET,GET /api/v1/reservas,5.636173,200,success,
1789927408.571635,GET,GET /api/v1/reservas,5.796466,200,success,
1789927408.723382,GET,GET /api/v1/reservas,6.329604,200,success,
1789927408.773757,GET,GET /api/v1/reservas,5.061261,200,success,
1789927408.798846,GET,GET /api/v1/reservas,4.870001,200,success,
1789927408.823623,GET,GET /api/v1/reservas,4.496816,200,success,
1789927408.873794,GET,GET /api/v1/reservas/{id},3.980963,200,success,
1789927408.881474,GET,GET /api/v1/reservas,4.433340,200,success,
1789927408.887759,GET,GET /api/v1/reservas,4.071441,200,success,
1789927408.902179,GET,GET /api/v1/reservas,4.183831,200,success,
1789927408.980476,GET,GET /api/v1/reservas,5.904369,200,success,
1789927409.000682,GET,GET /api/v1/reservas,6.857093,200,success,
1789927409.005347,GET,GET /api/v1/reservas,7.144148,200,success,
1789927409.006903,GET,GET /api/v1/reservas,5.981717,200,success,
1789927409.023684,GET,GET /api/v1/reservas,5.491584,200,success,
1789927409.041507,GET,GET /api/v1/reservas,6.442765,200,success,
1789927409.055068,GET,GET /api/v1/reservas,5.846732,200,success,
1789927409.092676,GET,GET /api/v1/reservas,9.259243,200,success,
1789927409.166291,GET,GET /api/v1/reservas,9.170889,200,success,
1789927409.213763,GET,GET /api/v1/reservas,11.467851,200,success,
1789927409.229213,GET,GET /api/v1/reservas,7.106811,200,success,
1789927409.258803,GET,GET /api/v1/reservas,7.258742,200,success,
1789927409.326042,GET,GET /api/v1/reservas,8.734458,200,success,
1789927409.347714,GET,GET /api/v1/reservas,6.353059,200,success,
1789927409.350864,GET,GET /api/v1/reservas,4.737791,200,success,
1789927409.365574,GET,GET /api/v1/reservas,4.464056,200,success,
1789927409.388234,GET,GET /api/v1/reservas,5.416309,200,success,
1789927409.388509,GET,GET /api/v1/reservas/{id},4.134026,200,success,
1789927409.513434,GET,GET /api/v1/reservas/{id},4.632041,200,success,
1789927409.591332,GET,GET /api/v1/reservas,7.543544,200,success,
1789927409.608702,GET,GET /api/v1/reservas,5.056835,200,success,
1789927409.624600,GET,GET /api/v1/reservas,4.659312,200,success,
1789927409.645503,GET,GET /api/v1/reservas,4.624228,200,success,
1789927409.684613,GET,GET /api/v1/reservas/{id},3.913502,200,success,
1789927409.715694,GET,GET /api/v1/reservas,4.801968,200,success,
1789927409.744738,GET,GET /api/v1/reservas,4.761727,200,success,
1789927409.801460,GET,GET /api/v1/reservas,5.418574,200,success,
1789927409.834584,GET,GET /api/v1/reservas,4.827047,200,success,
1789927409.866679,GET,GET /api/v1/reservas/{id},3.908143,200,success,
1789927409.909615,GET,GET /api/v1/reservas,5.609532,200,success,
1789927409.931206,GET,GET /api/v1/reservas,7.271892,200,success,
1789927410.045008,GET,GET /api/v1/reservas,6.930755,200,success,
1789927410.101373,GET,GET /api/v1/reservas,7.003064,200,success,
1789927410.124711,GET,GET /api/v1/reservas,5.983780,200,success,
1789927410.137335,GET,GET /api/v1/reservas,7.316089,200,success,
1789927410.163357,GET,GET /api/v1/reservas,5.697685,200,success,
1789927410.189210,GET,GET /api/v1/reservas/{id},5.616853,200,success,
1789927410.263556,GET,GET /api/v1/reservas/{id},6.079365,200,success,
1789927410.282417,GET,GET /api/v1/reservas/{id},16.632169,200,success,
1789927410.323897,GET,GET /api/v1/reservas/{id},5.919683,200,success,
1789927410.355808,GET,GET /api/v1/reservas/{id},7.686771,200,success,
1789927410.398606,GET,GET /api/v1/reservas,6.400020,200,success,
1789927410.443165,GET,GET /api/v1/reservas,5.217257,200,success,
1789927410.475078,GET,GET /api/v1/reservas,7.538366,200,success,
1789927410.551590,GET,GET /api/v1/reservas,6.059404,200,success,
1789927410.668003,GET,GET /api/v1/reservas,5.977460,200,success,
1789927410.677247,GET,GET /api/v1/reservas,4.935660,200,success,
1789927410.690362,GET,GET /api/v1/reservas,4.834256,200,success,
1789927410.955068,GET,GET /api/v1/reservas,6.240860,200,success,
1789927410.961681,GET,GET /api/v1/reservas,4.339527,200,success,
1789927411.029207,GET,GET /api/v1/reservas,10.183485,200,success,
1789927411.031640,GET,GET /api/v1/reservas/{id},6.542406,200,success,
1789927411.045524,GET,GET /api/v1/reservas,5.547728,200,success,
1789927411.239074,GET,GET /api/v1/reservas,6.971847,200,success,
1789927411.258053,GET,GET /api/v1/reservas/{id},4.769780,200,success,
1789927411.264349,GET,GET /api/v1/reservas,5.008882,200,success,
1789927411.276657,GET,GET /api/v1/reservas,8.039134,200,success,
1789927411.311539,GET,GET /api/v1/reservas,8.529918,200,success,
1789927411.316950,GET,GET /api/v1/reservas,8.948904,200,success,
1789927411.317655,GET,GET /api/v1/reservas/{id},7.196026,200,success,
1789927411.323114,GET,GET /api/v1/reservas,5.924559,200,success,
1789927411.382113,GET,GET /api/v1/reservas,5.652487,200,success,
1789927411.384677,GET,GET /api/v1/reservas,4.526991,200,success,
1789927411.402334,GET,GET /api/v1/reservas,4.409714,200,success,
1789927411.445255,GET,GET /api/v1/reservas/{id},3.728070,200,success,
1789927411.502806,GET,GET /api/v1/reservas,6.255702,200,success,
1789927411.513701,GET,GET /api/v1/reservas,4.614665,200,success,
1789927411.525328,GET,GET /api/v1/reservas,4.421602,200,success,
1789927411.554172,GET,GET /api/v1/reservas,4.606131,200,success,
1789927411.623101,GET,GET /api/v1/reservas,5.551756,200,success,
1789927411.662658,GET,GET /api/v1/reservas/{id},4.347779,200,success,
1789927411.670217,GET,GET /api/v1/reservas,4.300527,200,success,
1789927411.698042,GET,GET /api/v1/reservas/{id},3.645196,200,success,
1789927411.754887,GET,GET /api/v1/reservas,5.545134,200,success,
1789927411.797345,GET,GET /api/v1/reservas,5.169716,200,success,
1789927411.834619,GET,GET /api/v1/reservas,5.017675,200,success,
1789927411.842111,GET,GET /api/v1/reservas,4.216661,200,success,
1789927411.917469,GET,GET /api/v1/reservas,5.689323,200,success,
1789927411.923033,GET,GET /api/v1/reservas,4.319437,200,success,
1789927411.939505,GET,GET /api/v1/reservas,4.217632,200,success,
1789927411.956365,GET,GET /api/v1/reservas,4.591981,200,success,
1789927411.957382,GET,GET /api/v1/reservas,4.095598,200,success,
1789927411.994949,GET,GET /api/v1/reservas,4.898664,200,success,
1789927412.009518,GET,GET /api/v1/reservas,4.327810,200,success,
1789927412.027184,GET,GET /api/v1/reservas,4.406469,200,success,
1789927412.039675,GET,GET /api/v1/reservas/{id},3.321334,200,success,
1789927412.067002,GET,GET /api/v1/reservas,5.060471,200,success,
1789927412.135890,GET,GET /api/v1/reservas,5.604405,200,success,
1789927412.156359,GET,GET /api/v1/reservas,5.187814,200,success,
1789927412.348113,GET,GET /api/v1/reservas,11.013062,200,success,
1789927412.445805,GET,GET /api/v1/reservas,8.256084,200,success,
1789927412.486954,GET,GET /api/v1/reservas,6.748287,200,success,
1789927412.533681,GET,GET /api/v1/reservas/{id},4.478288,200,success,
1789927412.567772,GET,GET /api/v1/reservas,5.758548,200,success,
1789927412.645747,GET,GET /api/v1/reservas,8.568417,200,success,
1789927412.657575,GET,GET /api/v1/reservas,5.538134,200,success,
1789927412.772965,GET,GET /api/v1/reservas,6.979610,200,success,
1789927412.820313,GET,GET /api/v1/reservas,17.938699,200,success,
1789927412.850154,GET,GET /api/v1/reservas/{id},7.577536,200,success,
1789927412.855823,GET,GET /api/v1/reservas,7.294046,200,success,
1789927412.868088,GET,GET /api/v1/reservas,7.263259,200,success,
1789927412.869915,GET,GET /api/v1/reservas/{id},5.248765,200,success,
1789927413.055219,GET,GET /api/v1/reservas,5.972853,200,success,
1789927413.061513,GET,GET /api/v1/reservas,4.021195,200,success,
1789927413.069128,GET,GET /api/v1/reservas,4.397405,200,success,
1789927413.070189,GET,GET /api/v1/reservas/{id},3.978771,200,success,
1789927413.087734,GET,GET /api/v1/reservas/{id},3.347053,200,success,
1789927413.091080,GET,GET /api/v1/reservas,3.992110,200,success,
1789927413.194494,GET,GET /api/v1/reservas,6.060255,200,success,
1789927413.205400,GET,GET /api/v1/reservas,4.624589,200,success,
1789927413.282700,GET,GET /api/v1/reservas,5.979092,200,success,
1789927413.374967,GET,GET /api/v1/reservas,5.879351,200,success,
1789927413.385363,GET,GET /api/v1/reservas,7.124728,200,success,
1789927413.399953,GET,GET /api/v1/reservas,4.354199,200,success,
1789927413.420644,GET,GET /api/v1/reservas/{id},3.486593,200,success,
1789927413.434397,GET,GET /api/v1/reservas/{id},3.572926,200,success,
1789927413.507035,GET,GET /api/v1/reservas,6.227499,200,success,
1789927413.543954,GET,GET /api/v1/reservas/{id},4.676979,200,success,
1789927413.558152,GET,GET /api/v1/reservas,4.893056,200,success,
1789927413.574953,GET,GET /api/v1/reservas,4.537607,200,success,
1789927413.652768,GET,GET /api/v1/reservas,6.443806,200,success,
1789927413.663056,GET,GET /api/v1/reservas/{id},4.095147,200,success,
1789927413.682358,GET,GET /api/v1/reservas,5.000749,200,success,
1789927413.711345,GET,GET /api/v1/reservas,5.668682,200,success,
1789927413.770014,GET,GET /api/v1/reservas,5.331831,200,success,
1789927413.773328,GET,GET /api/v1/reservas/{id},3.206529,200,success,
1789927413.889280,GET,GET /api/v1/reservas/{id},4.651379,200,success,
1789927413.917596,GET,GET /api/v1/reservas,5.006447,200,success,
1789927413.941314,GET,GET /api/v1/reservas/{id},3.517311,200,success,
1789927414.044839,GET,GET /api/v1/reservas,5.742544,200,success,
1789927414.049338,GET,GET /api/v1/reservas,4.294078,200,success,
1789927414.120022,GET,GET /api/v1/reservas,6.313329,200,success,
1789927414.121669,GET,GET /api/v1/reservas/{id},4.358537,200,success,
1789927414.122481,GET,GET /api/v1/reservas,4.731832,200,success,
1789927414.155331,GET,GET /api/v1/reservas/{id},3.674839,200,success,
1789927414.177430,GET,GET /api/v1/reservas/{id},3.904127,200,success,
1789927414.179379,GET,GET /api/v1/reservas,4.128668,200,success,
1789927414.198023,GET,GET /api/v1/reservas,4.397455,200,success,
1789927414.246557,GET,GET /api/v1/reservas/{id},4.352156,200,success,
1789927414.354769,GET,GET /api/v1/reservas/{id},4.924935,200,success,
1789927414.389032,GET,GET /api/v1/reservas,5.939572,200,success,
1789927414.389388,GET,GET /api/v1/reservas,5.934255,200,success,
1789927414.498333,GET,GET /api/v1/reservas,6.570659,200,success,
1789927414.510138,GET,GET /api/v1/reservas/{id},5.591554,200,success,
1789927414.541503,GET,GET /api/v1/reservas,5.968365,200,success,
1789927414.555150,GET,GET /api/v1/reservas/{id},3.459704,200,success,
1789927414.611100,GET,GET /api/v1/reservas,5.608791,200,success,
1789927414.640373,GET,GET /api/v1/reservas,4.971356,200,success,
1789927414.651885,GET,GET /api/v1/reservas/{id},3.334003,200,success,
1789927414.704495,GET,GET /api/v1/reservas,5.313684,200,success,
1789927414.727315,GET,GET /api/v1/reservas,4.576907,200,success,
1789927414.791187,GET,GET /api/v1/reservas,5.545125,200,success,
1789927414.924416,GET,GET /api/v1/reservas,5.801684,200,success,
1789927414.948385,GET,GET /api/v1/reservas,4.695767,200,success,
1789927415.054736,GET,GET /api/v1/reservas,5.996578,200,success,
1789927415.077252,GET,GET /api/v1/reservas/{id},4.283802,200,success,
1789927415.132203,GET,GET /api/v1/reservas,5.631606,200,success,
1789927415.177821,GET,GET /api/v1/reservas,5.311471,200,success,
1789927415.179529,GET,GET /api/v1/reservas,4.407901,200,success,
1789927415.205086,GET,GET /api/v1/reservas,4.559120,200,success,
1789927415.450006,GET,GET /api/v1/reservas/{id},4.686754,200,success,
1789927415.532471,GET,GET /api/v1/reservas,7.085869,200,success,
1789927415.557298,GET,GET /api/v1/reservas,6.485679,200,success,
1789927415.600953,GET,GET /api/v1/reservas,5.329288,200,success,
1789927415.603885,GET,GET /api/v1/reservas,4.568504,200,success,
1789927415.609197,GET,GET /api/v1/reservas/{id},3.144156,200,success,
1789927415.615874,GET,GET /api/v1/reservas,4.416263,200,success,
1789927415.669447,GET,GET /api/v1/reservas,5.242376,200,success,
1789927415.678819,GET,GET /api/v1/reservas,4.119844,200,success,
1789927415.693315,GET,GET /api/v1/reservas,4.268199,200,success,
1789927415.703676,GET,GET /api/v1/reservas,4.130340,200,success,
1789927415.739569,GET,GET /api/v1/reservas,4.650568,200,success,
1789927415.796192,GET,GET /api/v1/reservas,5.306242,200,success,
1789927415.843007,GET,GET /api/v1/reservas,5.494649,200,success,
1789927415.859885,GET,GET /api/v1/reservas/{id},3.699837,200,success,
1789927415.876531,GET,GET /api/v1/reservas,4.397585,200,success,
1789927415.937002,GET,GET /api/v1/reservas/{id},4.240788,200,success,
1789927415.948741,GET,GET /api/v1/reservas,4.454200,200,success,
1789927415.959074,GET,GET /api/v1/reservas,4.045492,200,success,
1789927416.026118,GET,GET /api/v1/reservas,5.323488,200,success,
1789927416.203128,GET,GET /api/v1/reservas,8.632204,200,success,
1789927416.212737,GET,GET /api/v1/reservas/{id},5.423630,200,success,
1789927416.229500,GET,GET /api/v1/reservas,11.210812,200,success,
1789927416.235018,GET,GET /api/v1/reservas,12.171798,200,success,
1789927416.257754,GET,GET /api/v1/reservas,11.217252,200,success,
1789927416.266571,GET,GET /api/v1/reservas,7.508341,200,success,
1789927416.280432,GET,GET /api/v1/reservas,9.189849,200,success,
1789927416.313263,GET,GET /api/v1/reservas,10.423429,200,success,
1789927416.379673,GET,GET /api/v1/reservas,9.950221,200,success,
1789927416.427203,GET,GET /api/v1/reservas/{id},5.274294,200,success,
1789927416.439978,GET,GET /api/v1/reservas,6.447472,200,success,
1789927416.500875,GET,GET /api/v1/reservas,5.578895,200,success,
1789927416.527487,GET,GET /api/v1/reservas,6.261080,200,success,
1789927416.581184,GET,GET /api/v1/reservas,5.345702,200,success,
1789927416.616634,GET,GET /api/v1/reservas,5.128112,200,success,
1789927416.639588,GET,GET /api/v1/reservas,4.665391,200,success,
1789927416.697258,GET,GET /api/v1/reservas,5.355476,200,success,
1789927416.767014,GET,GET /api/v1/reservas,5.421858,200,success,
1789927416.798714,GET,GET /api/v1/reservas,6.351106,200,success,
1789927416.866268,GET,GET /api/v1/reservas,6.148709,200,success,
1789927416.903665,GET,GET /api/v1/reservas,6.102971,200,success,
1789927416.959717,GET,GET /api/v1/reservas,5.723686,200,success,
1789927416.961973,GET,GET /api/v1/reservas/{id},3.356617,200,success,
1789927417.028455,GET,GET /api/v1/reservas,6.145554,200,success,
1789927417.028831,GET,GET /api/v1/reservas,4.431136,200,success,
1789927417.053446,GET,GET /api/v1/reservas,4.379949,200,success,
1789927417.094055,GET,GET /api/v1/reservas/{id},4.372717,200,success,
1789927417.170122,GET,GET /api/v1/reservas/{id},4.793716,200,success,
1789927417.236364,GET,GET /api/v1/reservas/{id},4.283964,200,success,
1789927417.304347,GET,GET /api/v1/reservas,6.737341,200,success,
1789927417.304863,GET,GET /api/v1/reservas,8.187591,200,success,
1789927417.312106,GET,GET /api/v1/reservas,4.963353,200,success,
1789927417.352082,GET,GET /api/v1/reservas/{id},4.805082,200,success,
1789927417.401884,GET,GET /api/v1/reservas,5.498062,200,success,
1789927417.424417,GET,GET /api/v1/reservas,5.210808,200,success,
1789927417.425268,GET,GET /api/v1/reservas,4.489706,200,success,
1789927417.434766,GET,GET /api/v1/reservas,4.242471,200,success,
1789927417.437223,GET,GET /api/v1/reservas,4.156099,200,success,
1789927417.582654,GET,GET /api/v1/reservas,5.999944,200,success,
1789927417.591012,GET,GET /api/v1/reservas,4.077450,200,success,
1789927417.627106,GET,GET /api/v1/reservas,4.699273,200,success,
1789927417.627509,GET,GET /api/v1/reservas,6.246196,200,success,
1789927417.640846,GET,GET /api/v1/reservas/{id},3.187041,200,success,
1789927417.667784,GET,GET /api/v1/reservas,4.633203,200,success,
1789927417.802250,GET,GET /api/v1/reservas,6.040596,200,success,
1789927417.859202,GET,GET /api/v1/reservas,5.528028,200,success,
1789927417.917314,GET,GET /api/v1/reservas,5.766561,200,success,
1789927417.947451,GET,GET /api/v1/reservas/{id},3.941424,200,success,
1789927417.968436,GET,GET /api/v1/reservas,4.725462,200,success,
1789927417.977020,GET,GET /api/v1/reservas,4.340458,200,success,
1789927418.106828,GET,GET /api/v1/reservas/{id},5.100711,200,success,
1789927418.133623,GET,GET /api/v1/reservas,5.466075,200,success,
1789927418.144461,GET,GET /api/v1/reservas,4.543035,200,success,
1789927418.152018,GET,GET /api/v1/reservas/{id},3.376197,200,success,
1789927418.168343,GET,GET /api/v1/reservas/{id},3.150785,200,success,
1789927418.209600,GET,GET /api/v1/reservas,5.176476,200,success,
1789927418.238901,GET,GET /api/v1/reservas,4.983623,200,success,
1789927418.353761,GET,GET /api/v1/reservas/{id},5.566146,200,success,
1789927418.410281,GET,GET /api/v1/reservas,6.175120,200,success,
1789927418.420233,GET,GET /api/v1/reservas,4.662036,200,success,
1789927418.433805,GET,GET /api/v1/reservas,4.298626,200,success,
1789927418.542050,GET,GET /api/v1/reservas,7.774103,200,success,
1789927418.620370,GET,GET /api/v1/reservas,5.974215,200,success,
1789927418.632352,GET,GET /api/v1/reservas/{id},3.779479,200,success,
1789927418.676100,GET,GET /api/v1/reservas,5.444041,200,success,
1789927418.688051,GET,GET /api/v1/reservas,4.683458,200,success,
1789927418.695701,GET,GET /api/v1/reservas/{id},3.484451,200,success,
1789927418.723264,GET,GET /api/v1/reservas,5.269626,200,success,
1789927418.725127,GET,GET /api/v1/reservas,4.484306,200,success,
1789927418.730400,GET,GET /api/v1/reservas,4.063448,200,success,
1789927418.738914,GET,GET /api/v1/reservas,4.297272,200,success,
1789927418.756468,GET,GET /api/v1/reservas,4.307709,200,success,
1789927418.835357,GET,GET /api/v1/reservas,6.597370,200,success,
1789927418.916449,GET,GET /api/v1/reservas/{id},4.812044,200,success,
1789927418.960051,GET,GET /api/v1/reservas,5.277007,200,success,
1789927419.018040,GET,GET /api/v1/reservas,5.674090,200,success,
1789927419.113220,GET,GET /api/v1/reservas/{id},4.874558,200,success,
1789927419.139849,GET,GET /api/v1/reservas,5.339883,200,success,
1789927419.148516,GET,GET /api/v1/reservas,4.388381,200,success,
1789927419.190551,GET,GET /api/v1/reservas,5.751456,200,success,
1789927419.219170,GET,GET /api/v1/reservas/{id},4.411526,200,success,
1789927419.265765,GET,GET /api/v1/reservas,5.273142,200,success,
1789927419.286580,GET,GET /api/v1/reservas,4.539721,200,success,
1789927419.316519,GET,GET /api/v1/reservas,4.691942,200,success,
1789927419.382281,GET,GET /api/v1/reservas,6.406069,200,success,
1789927419.405311,GET,GET /api/v1/reservas/{id},3.829904,200,success,
1789927419.571462,GET,GET /api/v1/reservas,6.722499,200,success,
1789927419.626333,GET,GET /api/v1/reservas,7.531496,200,success,
1789927419.702293,GET,GET /api/v1/reservas,6.567364,200,success,
1789927419.779253,GET,GET /api/v1/reservas,5.625637,200,success,
1789927419.862521,GET,GET /api/v1/reservas,5.869426,200,success,
1789927419.879633,GET,GET /api/v1/reservas,4.827957,200,success,
1789927419.935262,GET,GET /api/v1/reservas,5.350399,200,success,
1789927419.966164,GET,GET /api/v1/reservas/{id},3.717645,200,success,
1789927419.974498,GET,GET /api/v1/reservas/{id},3.179709,200,success,
1789927419.992513,GET,GET /api/v1/reservas,4.351204,200,success,
1789927420.039766,GET,GET /api/v1/reservas,4.973517,200,success,
1789927420.089514,GET,GET /api/v1/reservas,5.427366,200,success,
1789927420.096226,GET,GET /api/v1/reservas,4.431417,200,success,
1789927420.143375,GET,GET /api/v1/reservas/{id},3.943447,200,success,
1789927420.154010,GET,GET /api/v1/reservas,4.333758,200,success,
1789927420.202333,GET,GET /api/v1/reservas/{id},4.115828,200,success,
1789927420.209947,GET,GET /api/v1/reservas,4.546842,200,success,
1789927420.222788,GET,GET /api/v1/reservas,4.555254,200,success,
1789927420.294034,GET,GET /api/v1/reservas,5.161233,200,success,
1789927420.294447,GET,GET /api/v1/reservas,7.334596,200,success,
1789927420.297776,GET,GET /api/v1/reservas,4.882700,200,success,
1789927420.315501,GET,GET /api/v1/reservas,4.460090,200,success,
1789927420.335140,GET,GET /api/v1/reservas,6.310674,200,success,
1789927420.341629,GET,GET /api/v1/reservas,5.200983,200,success,
1789927420.396024,GET,GET /api/v1/reservas,7.042364,200,success,
1789927420.449471,GET,GET /api/v1/reservas,7.040031,200,success,
1789927420.524829,GET,GET /api/v1/reservas,7.987957,200,success,
1789927420.525006,GET,GET /api/v1/reservas,7.634242,200,success,
1789927420.558230,GET,GET /api/v1/reservas,7.879222,200,success,
1789927420.651582,GET,GET /api/v1/reservas,7.039359,200,success,
1789927420.693687,GET,GET /api/v1/reservas/{id},4.884643,200,success,
1789927420.799135,GET,GET /api/v1/reservas,6.122259,200,success,
1789927420.830105,GET,GET /api/v1/reservas/{id},4.763971,200,success,
1789927420.832445,GET,GET /api/v1/reservas,4.338987,200,success,
1789927420.863579,GET,GET /api/v1/reservas,4.889071,200,success,
1789927420.899525,GET,GET /api/v1/reservas,4.683259,200,success,
1789927420.938200,GET,GET /api/v1/reservas,5.405043,200,success,
1789927420.984545,GET,GET /api/v1/reservas,5.074692,200,success,
1789927421.043024,GET,GET /api/v1/reservas/{id},4.239456,200,success,
1789927421.062365,GET,GET /api/v1/reservas,4.984154,200,success,
1789927421.062967,GET,GET /api/v1/reservas,4.097771,200,success,
1789927421.096102,GET,GET /api/v1/reservas,4.854679,200,success,
1789927421.130187,GET,GET /api/v1/reservas,4.802099,200,success,
1789927421.206440,GET,GET /api/v1/reservas,6.888010,200,success,
1789927421.280349,GET,GET /api/v1/reservas/{id},4.683108,200,success,
1789927421.383016,GET,GET /api/v1/reservas/{id},5.297459,200,success,
1789927421.401960,GET,GET /api/v1/reservas,5.643843,200,success,
1789927421.461250,GET,GET /api/v1/reservas,6.909944,200,success,
1789927421.473680,GET,GET /api/v1/reservas/{id},4.223792,200,success,
1789927421.477343,GET,GET /api/v1/reservas/{id},3.546837,200,success,
1789927421.511961,GET,GET /api/v1/reservas,8.246699,200,success,
1789927421.529551,GET,GET /api/v1/reservas,7.225731,200,success,
1789927421.584237,GET,GET /api/v1/reservas,7.309339,200,success,
1789927421.588323,GET,GET /api/v1/reservas/{id},5.078727,200,success,
1789927421.590647,GET,GET /api/v1/reservas,4.927839,200,success,
1789927421.692934,GET,GET /api/v1/reservas/{id},5.000660,200,success,
1789927421.747692,GET,GET /api/v1/reservas,5.399534,200,success,
1789927421.782644,GET,GET /api/v1/reservas,5.616263,200,success,
1789927421.784944,GET,GET /api/v1/reservas,5.229666,200,success,
1789927421.830242,GET,GET /api/v1/reservas/{id},5.050906,200,success,
1789927421.830994,GET,GET /api/v1/reservas,4.965245,200,success,
1789927421.904417,GET,GET /api/v1/reservas,6.070851,200,success,
1789927421.942011,GET,GET /api/v1/reservas,5.282616,200,success,
1789927421.946552,GET,GET /api/v1/reservas/{id},3.379512,200,success,
1789927422.053417,GET,GET /api/v1/reservas,6.074848,200,success,
1789927422.071170,GET,GET /api/v1/reservas/{id},3.555318,200,success,
1789927422.090116,GET,GET /api/v1/reservas,4.646722,200,success,
1789927422.120284,GET,GET /api/v1/reservas,6.872116,200,success,
1789927422.250268,GET,GET /api/v1/reservas/{id},4.947058,200,success,
1789927422.256765,GET,GET /api/v1/reservas,5.232671,200,success,
1789927422.314494,GET,GET /api/v1/reservas,5.421236,200,success,
1789927422.342557,GET,GET /api/v1/reservas/{id},3.873611,200,success,
1789927422.416891,GET,GET /api/v1/reservas,5.999353,200,success,
1789927422.422671,GET,GET /api/v1/reservas/{id},3.599896,200,success,
1789927422.472026,GET,GET /api/v1/reservas/{id},4.131252,200,success,
1789927422.475148,GET,GET /api/v1/reservas,4.443474,200,success,
1789927422.574805,GET,GET /api/v1/reservas,8.108681,200,success,
1789927422.634423,GET,GET /api/v1/reservas,14.186662,200,success,
1789927422.733735,GET,GET /api/v1/reservas/{id},6.249512,200,success,
1789927422.734561,GET,GET /api/v1/reservas,7.635463,200,success,
1789927422.808320,GET,GET /api/v1/reservas/{id},10.482980,200,success,
1789927422.817772,GET,GET /api/v1/reservas,7.067031,200,success,
1789927422.933564,GET,GET /api/v1/reservas,7.434499,200,success,
1789927422.945244,GET,GET /api/v1/reservas,5.356628,200,success,
1789927422.967404,GET,GET /api/v1/reservas/{id},5.539696,200,success,
1789927422.968897,GET,GET /api/v1/reservas,7.317070,200,success,
1789927422.971811,GET,GET /api/v1/reservas/{id},5.137006,200,success,
1789927422.973851,GET,GET /api/v1/reservas,6.224374,200,success,
1789927422.996912,GET,GET /api/v1/reservas,6.719134,200,success,
1789927423.036120,GET,GET /api/v1/reservas,9.841806,200,success,
1789927423.038791,GET,GET /api/v1/reservas,10.604413,200,success,
1789927423.043868,GET,GET /api/v1/reservas,5.899822,200,success,
1789927423.098278,GET,GET /api/v1/reservas,11.004068,200,success,
1789927423.123270,GET,GET /api/v1/reservas,6.630330,200,success,
1789927423.205374,GET,GET /api/v1/reservas,6.676059,200,success,
1789927423.275311,GET,GET /api/v1/reservas,5.671066,200,success,
1789927423.330899,GET,GET /api/v1/reservas/{id},4.375201,200,success,
1789927423.346657,GET,GET /api/v1/reservas/{id},3.559584,200,success,
1789927423.353554,GET,GET /api/v1/reservas,4.647574,200,success,
1789927423.376299,GET,GET /api/v1/reservas/{id},3.565885,200,success,
1789927423.500283,GET,GET /api/v1/reservas/{id},4.776009,200,success,
1789927423.583911,GET,GET /api/v1/reservas,6.254600,200,success,
1789927423.638789,GET,GET /api/v1/reservas,5.561429,200,success,
1789927423.652862,GET,GET /api/v1/reservas,4.797772,200,success,
1789927423.659073,GET,GET /api/v1/reservas,3.960763,200,success,
1789927423.721522,GET,GET /api/v1/reservas/{id},4.221118,200,success,
1789927423.777356,GET,GET /api/v1/reservas,5.520326,200,success,
1789927423.786939,GET,GET /api/v1/reservas,4.349713,200,success,
1789927423.849460,GET,GET /api/v1/reservas,10.126718,200,success,
1789927423.856405,GET,GET /api/v1/reservas,4.717951,200,success,
1789927423.957627,GET,GET /api/v1/reservas,6.788258,200,success,
1789927423.959032,GET,GET /api/v1/reservas,4.473811,200,success,
1789927423.989109,GET,GET /api/v1/reservas,4.792183,200,success,
1789927424.034446,GET,GET /api/v1/reservas/{id},4.130400,200,success,
1789927424.044066,GET,GET /api/v1/reservas,4.324083,200,success,
1789927424.055585,GET,GET /api/v1/reservas,4.271203,200,success,
1789927424.063811,GET,GET /api/v1/reservas,4.015596,200,success,
1789927424.074097,GET,GET /api/v1/reservas,4.007224,200,success,
1789927424.103729,GET,GET /api/v1/reservas,4.406419,200,success,
1789927424.107909,GET,GET /api/v1/reservas,4.018751,200,success,
1789927424.177851,GET,GET /api/v1/reservas,5.643353,200,success,
1789927424.209727,GET,GET /api/v1/reservas,5.603142,200,success,
1789927424.263539,GET,GET /api/v1/reservas,5.505004,200,success,
1789927424.272157,GET,GET /api/v1/reservas,4.373289,200,success,
1789927424.332796,GET,GET /api/v1/reservas,5.337880,200,success,
1789927424.364229,GET,GET /api/v1/reservas/{id},4.224743,200,success,
1789927424.374561,GET,GET /api/v1/reservas,5.051707,200,success,
1789927424.375235,GET,GET /api/v1/reservas,4.210403,200,success,
1789927424.383616,GET,GET /api/v1/reservas,4.138923,200,success,
1789927424.459272,GET,GET /api/v1/reservas,5.355216,200,success,
1789927424.537451,GET,GET /api/v1/reservas/{id},4.914729,200,success,
1789927424.545567,GET,GET /api/v1/reservas,4.851172,200,success,
1789927424.579542,GET,GET /api/v1/reservas/{id},3.790014,200,success,
1789927424.608381,GET,GET /api/v1/reservas/{id},3.657363,200,success,
1789927424.633499,GET,GET /api/v1/reservas,4.828058,200,success,
1789927424.676645,GET,GET /api/v1/reservas,4.903612,200,success,
1789927424.748614,GET,GET /api/v1/reservas/{id},4.741195,200,success,
1789927424.781241,GET,GET /api/v1/reservas,5.308056,200,success,
1789927424.808746,GET,GET /api/v1/reservas,5.209556,200,success,
1789927424.938924,GET,GET /api/v1/reservas,6.737101,200,success,
1789927424.945693,GET,GET /api/v1/reservas,4.468372,200,success,
1789927424.952044,GET,GET /api/v1/reservas,4.099884,200,success,
1789927424.967889,GET,GET /api/v1/reservas,4.565519,200,success,
1789927424.971019,GET,GET /api/v1/reservas,4.159184,200,success,
1789927424.989872,GET,GET /api/v1/reservas,4.592011,200,success,
1789927425.034091,GET,GET /api/v1/reservas/{id},4.009407,200,success,
1789927425.118002,GET,GET /api/v1/reservas/{id},4.611199,200,success,
1789927425.132186,GET,GET /api/v1/reservas,4.883522,200,success,
1789927425.141846,GET,GET /api/v1/reservas,4.373288,200,success,
1789927425.215318,GET,GET /api/v1/reservas,8.576780,200,success,
1789927425.215813,GET,GET /api/v1/reservas,9.625820,200,success,
1789927425.301242,GET,GET /api/v1/reservas,6.042979,200,success,
1789927425.317511,GET,GET /api/v1/reservas,4.997615,200,success,
1789927425.322484,GET,GET /api/v1/reservas,4.795358,200,success,
1789927425.384131,GET,GET /api/v1/reservas,6.303393,200,success,
1789927425.437417,GET,GET /api/v1/reservas,5.945280,200,success,
1789927425.469152,GET,GET /api/v1/reservas,5.435338,200,success,
1789927425.487665,GET,GET /api/v1/reservas,5.234995,200,success,
1789927425.719556,GET,GET /api/v1/reservas,6.386760,200,success,
1789927425.721327,GET,GET /api/v1/reservas/{id},3.379111,200,success,
1789927425.738573,GET,GET /api/v1/reservas,5.003133,200,success,
1789927425.811330,GET,GET /api/v1/reservas/{id},4.516706,200,success,
1789927425.834311,GET,GET /api/v1/reservas,4.702258,200,success,
1789927425.871675,GET,GET /api/v1/reservas,5.077506,200,success,
1789927425.886426,GET,GET /api/v1/reservas,4.499360,200,success,
1789927425.907227,GET,GET /api/v1/reservas,4.563056,200,success,
1789927426.011696,GET,GET /api/v1/reservas/{id},4.794156,200,success,
1789927426.026283,GET,GET /api/v1/reservas/{id},3.402427,200,success,
1789927426.090065,GET,GET /api/v1/reservas,5.444232,200,success,
1789927426.197075,GET,GET /api/v1/reservas,6.576628,200,success,
1789927426.197578,GET,GET /api/v1/reservas,4.347640,200,success,
1789927426.247626,GET,GET /api/v1/reservas/{id},3.975766,200,success,
1789927426.281708,GET,GET /api/v1/reservas,4.797401,200,success,
1789927426.342579,GET,GET /api/v1/reservas/{id},4.632170,200,success,
1789927426.351687,GET,GET /api/v1/reservas,4.831292,200,success,
1789927426.401376,GET,GET /api/v1/reservas,5.371962,200,success,
1789927426.430601,GET,GET /api/v1/reservas,5.901024,200,success,
1789927426.456187,GET,GET /api/v1/reservas,7.853524,200,success,
1789927426.516390,GET,GET /api/v1/reservas/{id},10.908053,200,success,
1789927426.529370,GET,GET /api/v1/reservas,12.734001,200,success,
1789927426.547550,GET,GET /api/v1/reservas,5.857798,200,success,
1789927426.641071,GET,GET /api/v1/reservas,12.877709,200,success,
1789927426.641651,GET,GET /api/v1/reservas,12.350138,200,success,
1789927426.662358,GET,GET /api/v1/reservas,9.389682,200,success,
1789927426.736215,GET,GET /api/v1/reservas,11.408562,200,success,
1789927426.736516,GET,GET /api/v1/reservas,17.756653,200,success,
1789927426.773775,GET,GET /api/v1/reservas/{id},30.907795,200,success,
1789927426.782263,GET,GET /api/v1/reservas,7.041412,200,success,
1789927426.814841,GET,GET /api/v1/reservas,9.167996,200,success,
1789927426.832311,GET,GET /api/v1/reservas,9.060312,200,success,
1789927426.837744,GET,GET /api/v1/reservas/{id},4.249972,200,success,
1789927426.918922,GET,GET /api/v1/reservas,6.447662,200,success,
1789927426.921758,GET,GET /api/v1/reservas,4.535624,200,success,
1789927426.959952,GET,GET /api/v1/reservas,4.893416,200,success,
1789927426.978697,GET,GET /api/v1/reservas/{id},3.552655,200,success,
1789927427.021129,GET,GET /api/v1/reservas,5.158208,200,success,
1789927427.035433,GET,GET /api/v1/reservas,5.031415,200,success,
1789927427.180205,GET,GET /api/v1/reservas,6.322843,200,success,
1789927427.247845,GET,GET /api/v1/reservas,6.232027,200,success,
1789927427.272753,GET,GET /api/v1/reservas,5.626178,200,success,
1789927427.331201,GET,GET /api/v1/reservas/{id},5.219561,200,success,
1789927427.357163,GET,GET /api/v1/reservas,8.643680,200,success,
1789927427.382448,GET,GET /api/v1/reservas,5.925151,200,success,
1789927427.510849,GET,GET /api/v1/reservas/{id},5.077456,200,success,
1789927427.516564,GET,GET /api/v1/reservas,6.232046,200,success,
1789927427.557015,GET,GET /api/v1/reservas,5.140882,200,success,
1789927427.568743,GET,GET /api/v1/reservas,4.490476,200,success,
1789927427.589522,GET,GET /api/v1/reservas,4.508093,200,success,
1789927427.640916,GET,GET /api/v1/reservas/{id},4.190562,200,success,
1789927427.807461,GET,GET /api/v1/reservas,6.111383,200,success,
1789927427.845191,GET,GET /api/v1/reservas/{id},4.192124,200,success,
1789927427.845855,GET,GET /api/v1/reservas,5.124117,200,success,
1789927427.941046,GET,GET /api/v1/reservas,5.808504,200,success,
1789927428.022581,GET,GET /api/v1/reservas,5.764237,200,success,
1789927428.059653,GET,GET /api/v1/reservas,4.747025,200,success,
1789927428.123917,GET,GET /api/v1/reservas,5.911350,200,success,
1789927428.167382,GET,GET /api/v1/reservas,7.139881,200,success,
1789927428.236977,GET,GET /api/v1/reservas,7.039329,200,success,
1789927428.273511,GET,GET /api/v1/reservas/{id},4.300468,200,success,
1789927428.352534,GET,GET /api/v1/reservas/{id},4.752925,200,success,
1789927428.372937,GET,GET /api/v1/reservas,5.135634,200,success,
1789927428.377307,GET,GET /api/v1/reservas,4.997795,200,success,
1789927428.378379,GET,GET /api/v1/reservas/{id},3.091686,200,success,
1789927428.435214,GET,GET /api/v1/reservas,5.556842,200,success,
1789927428.485825,GET,GET /api/v1/reservas,5.325272,200,success,
1789927428.492030,GET,GET /api/v1/reservas,3.939671,200,success,
1789927428.528465,GET,GET /api/v1/reservas,5.163656,200,success,
1789927428.646645,GET,GET /api/v1/reservas,5.766490,200,success,
1789927428.687012,GET,GET /api/v1/reservas,5.053318,200,success,
1789927428.697393,GET,GET /api/v1/reservas,4.170382,200,success,
1789927428.710701,GET,GET /api/v1/reservas,4.084030,200,success,
1789927428.754051,GET,GET /api/v1/reservas,5.053159,200,success,
1789927428.782151,GET,GET /api/v1/reservas,4.816811,200,success,
1789927428.842922,GET,GET /api/v1/reservas/{id},4.541143,200,success,
1789927428.896711,GET,GET /api/v1/reservas,5.428608,200,success,
1789927428.972691,GET,GET /api/v1/reservas,5.601560,200,success,
1789927429.036582,GET,GET /api/v1/reservas/{id},4.655145,200,success,
1789927429.064868,GET,GET /api/v1/reservas,5.966332,200,success,
1789927429.065213,GET,GET /api/v1/reservas/{id},3.706988,200,success,
1789927429.096265,GET,GET /api/v1/reservas/{id},3.884647,200,success,
1789927429.129813,GET,GET /api/v1/reservas,5.211630,200,success,
1789927429.139235,GET,GET /api/v1/reservas/{id},3.243886,200,success,
1789927429.178756,GET,GET /api/v1/reservas,5.207562,200,success,
1789927429.179109,GET,GET /api/v1/reservas/{id},4.046082,200,success,
1789927429.282449,GET,GET /api/v1/reservas,5.902196,200,success,
1789927429.354627,GET,GET /api/v1/reservas,5.821895,200,success,
1789927429.367279,GET,GET /api/v1/reservas,4.419909,200,success,
1789927429.377506,GET,GET /api/v1/reservas,4.004589,200,success,
1789927429.385978,GET,GET /api/v1/reservas/{id},3.317478,200,success,
1789927429.424280,GET,GET /api/v1/reservas/{id},4.090410,200,success,
1789927429.478732,GET,GET /api/v1/reservas/{id},4.237653,200,success,
1789927429.484379,GET,GET /api/v1/reservas,4.396643,200,success,
1789927429.537631,GET,GET /api/v1/reservas,5.520396,200,success,
1789927429.537976,GET,GET /api/v1/reservas,6.360090,200,success,
1789927429.563980,GET,GET /api/v1/reservas/{id},3.819890,200,success,
1789927429.626020,GET,GET /api/v1/reservas/{id},4.986738,200,success,
1789927429.626527,GET,GET /api/v1/reservas,7.214544,200,success,
1789927429.692811,GET,GET /api/v1/reservas,5.952783,200,success,
1789927429.792651,GET,GET /api/v1/reservas,6.475515,200,success,
1789927429.792972,GET,GET /api/v1/reservas,5.064856,200,success,
1789927429.861695,GET,GET /api/v1/reservas,5.406354,200,success,
1789927429.928308,GET,GET /api/v1/reservas,5.299021,200,success,
1789927429.939608,GET,GET /api/v1/reservas/{id},3.132208,200,success,
1789927429.948072,GET,GET /api/v1/reservas,4.200977,200,success,
1789927430.016438,GET,GET /api/v1/reservas,5.625696,200,success,
1789927430.032971,GET,GET /api/v1/reservas,5.223727,200,success,
1789927430.097096,GET,GET /api/v1/reservas,5.766199,200,success,
1789927430.149970,GET,GET /api/v1/reservas/{id},4.256651,200,success,
1789927430.150773,GET,GET /api/v1/reservas,5.409971,200,success,
1789927430.221871,GET,GET /api/v1/reservas,5.794982,200,success,
1789927430.230687,GET,GET /api/v1/reservas,4.537547,200,success,
1789927430.285280,GET,GET /api/v1/reservas,5.301195,200,success,
1789927430.420506,GET,GET /api/v1/reservas/{id},4.919486,200,success,
1789927430.463005,GET,GET /api/v1/reservas,5.197438,200,success,
1789927430.486286,GET,GET /api/v1/reservas,5.020279,200,success,
1789927430.497784,GET,GET /api/v1/reservas,4.270053,200,success,
1789927430.514415,GET,GET /api/v1/reservas/{id},3.463459,200,success,
1789927430.526920,GET,GET /api/v1/reservas,4.276882,200,success,
1789927430.550743,GET,GET /api/v1/reservas,4.572370,200,success,
1789927430.574553,GET,GET /api/v1/reservas,5.507657,200,success,
1789927430.582651,GET,GET /api/v1/reservas,5.809986,200,success,
1789927430.611828,GET,GET /api/v1/reservas,4.894800,200,success,
1789927430.651331,GET,GET /api/v1/reservas/{id},8.260321,200,success,
1789927430.692008,GET,GET /api/v1/reservas/{id},9.432817,200,success,
1789927430.799922,GET,GET /api/v1/reservas/{id},7.604735,200,success,
1789927430.840046,GET,GET /api/v1/reservas/{id},5.831569,200,success,
1789927430.882674,GET,GET /api/v1/reservas,8.240620,200,success,
1789927430.902313,GET,GET /api/v1/reservas,6.326879,200,success,
1789927430.999647,GET,GET /api/v1/reservas,6.957846,200,success,
1789927431.042471,GET,GET /api/v1/reservas/{id},4.612550,200,success,
1789927431.047504,GET,GET /api/v1/reservas,4.813776,200,success,
1789927431.056886,GET,GET /api/v1/reservas,4.134356,200,success,
1789927431.081757,GET,GET /api/v1/reservas,4.620133,200,success,
1789927431.160568,GET,GET /api/v1/reservas/{id},4.580242,200,success,
1789927431.172500,GET,GET /api/v1/reservas,4.657499,200,success,
1789927431.173864,GET,GET /api/v1/reservas,4.515243,200,success,
1789927431.212842,GET,GET /api/v1/reservas,4.724260,200,success,
1789927431.336015,GET,GET /api/v1/reservas,5.995737,200,success,
1789927431.377665,GET,GET /api/v1/reservas,5.337650,200,success,
1789927431.391308,GET,GET /api/v1/reservas/{id},3.472373,200,success,
1789927431.492323,GET,GET /api/v1/reservas/{id},4.728346,200,success,
1789927431.508412,GET,GET /api/v1/reservas,4.787606,200,success,
1789927431.540571,GET,GET /api/v1/reservas/{id},3.966271,200,success,
1789927431.580945,GET,GET /api/v1/reservas,5.101613,200,success,
1789927431.633561,GET,GET /api/v1/reservas,5.307734,200,success,
1789927431.655532,GET,GET /api/v1/reservas/{id},3.792247,200,success,
1789927431.713050,GET,GET /api/v1/reservas,7.152632,200,success,
1789927431.769891,GET,GET /api/v1/reservas,8.467073,200,success,
1789927431.770404,GET,GET /api/v1/reservas/{id},4.167447,200,success,
1789927431.784828,GET,GET /api/v1/reservas,6.122500,200,success,
1789927431.794100,GET,GET /api/v1/reservas,4.961711,200,success,
1789927431.866996,GET,GET /api/v1/reservas,8.763362,200,success,
1789927431.894179,GET,GET /api/v1/reservas,6.829222,200,success,
1789927431.934605,GET,GET /api/v1/reservas,8.663340,200,success,
1789927431.986234,GET,GET /api/v1/reservas,6.295863,200,success,
1789927431.993484,GET,GET /api/v1/reservas,4.992146,200,success,
1789927432.012290,GET,GET /api/v1/reservas,4.571849,200,success,
1789927432.017631,GET,GET /api/v1/reservas,4.090118,200,success,
1789927432.071266,GET,GET /api/v1/reservas,5.345111,200,success,
1789927432.103258,GET,GET /api/v1/reservas,4.725132,200,success,
1789927432.136524,GET,GET /api/v1/reservas,4.984044,200,success,
1789927432.256583,GET,GET /api/v1/reservas/{id},4.917583,200,success,
1789927432.296223,GET,GET /api/v1/reservas,5.334916,200,success,
1789927432.347934,GET,GET /api/v1/reservas,5.428849,200,success,
1789927432.402693,GET,GET /api/v1/reservas,5.436250,200,success,
1789927432.431967,GET,GET /api/v1/reservas,4.990303,200,success,
1789927432.560551,GET,GET /api/v1/reservas,6.147377,200,success,
1789927432.626396,GET,GET /api/v1/reservas/{id},4.609246,200,success,
1789927432.636588,GET,GET /api/v1/reservas,4.914368,200,success,
1789927432.654371,GET,GET /api/v1/reservas/{id},3.608468,200,success,
1789927432.752577,GET,GET /api/v1/reservas,5.845551,200,success,
1789927432.804456,GET,GET /api/v1/reservas,6.503056,200,success,
1789927432.806349,GET,GET /api/v1/reservas/{id},4.665211,200,success,
1789927432.859113,GET,GET /api/v1/reservas,5.429249,200,success,
1789927432.950454,GET,GET /api/v1/reservas,10.180460,200,success,
1789927433.003007,GET,GET /api/v1/reservas/{id},6.271085,200,success,
1789927433.014453,GET,GET /api/v1/reservas/{id},4.206756,200,success,
1789927433.044259,GET,GET /api/v1/reservas/{id},5.552065,200,success,
1789927433.068425,GET,GET /api/v1/reservas/{id},6.918076,200,success,
1789927433.068840,GET,GET /api/v1/reservas/{id},5.601129,200,success,
1789927433.085582,GET,GET /api/v1/reservas,10.389177,200,success,
1789927433.154311,GET,GET /api/v1/reservas,9.304883,200,success,
1789927433.154898,GET,GET /api/v1/reservas,7.477052,200,success,
1789927433.219189,GET,GET /api/v1/reservas,7.942688,200,success,
1789927433.223400,GET,GET /api/v1/reservas/{id},5.308786,200,success,
1789927433.289325,GET,GET /api/v1/reservas,7.568121,200,success,
1789927433.353329,GET,GET /api/v1/reservas,8.624632,200,success,
1789927433.390830,GET,GET /api/v1/reservas,8.108620,200,success,
1789927433.412712,GET,GET /api/v1/reservas,7.492065,200,success,
1789927433.416533,GET,GET /api/v1/reservas,7.424673,200,success,
1789927433.461390,GET,GET /api/v1/reservas,24.442277,200,success,
1789927433.466399,GET,GET /api/v1/reservas,15.323856,200,success,
1789927433.480120,GET,GET /api/v1/reservas,6.915863,200,success,
1789927433.544420,GET,GET /api/v1/reservas/{id},6.008126,200,success,
1789927433.616836,GET,GET /api/v1/reservas,6.070220,200,success,
1789927433.710954,GET,GET /api/v1/reservas,5.787872,200,success,
1789927433.744259,GET,GET /api/v1/reservas,5.007630,200,success,
1789927433.750839,GET,GET /api/v1/reservas,4.318025,200,success,
1789927433.863518,GET,GET /api/v1/reservas,6.297705,200,success,
1789927433.954636,GET,GET /api/v1/reservas/{id},4.870152,200,success,
1789927434.054526,GET,GET /api/v1/reservas,6.089149,200,success,
1789927434.075603,GET,GET /api/v1/reservas,4.800335,200,success,
1789927434.087870,GET,GET /api/v1/reservas,4.988802,200,success,
1789927434.093091,GET,GET /api/v1/reservas,5.016844,200,success,
1789927434.107379,GET,GET /api/v1/reservas/{id},4.110149,200,success,
1789927434.108287,GET,GET /api/v1/reservas,4.617458,200,success,
1789927434.147601,GET,GET /api/v1/reservas/{id},4.121176,200,success,
1789927434.150267,GET,GET /api/v1/reservas/{id},3.292100,200,success,
1789927434.165525,GET,GET /api/v1/reservas,4.972537,200,success,
1789927434.168045,GET,GET /api/v1/reservas,3.976367,200,success,
1789927434.180507,GET,GET /api/v1/reservas/{id},3.307613,200,success,
1789927434.219049,GET,GET /api/v1/reservas,5.230989,200,success,
1789927434.288847,GET,GET /api/v1/reservas,6.638010,200,success,
1789927434.300330,GET,GET /api/v1/reservas/{id},4.254368,200,success,
1789927434.302603,GET,GET /api/v1/reservas/{id},3.731045,200,success,
1789927434.309473,GET,GET /api/v1/reservas,4.613273,200,success,
1789927434.325490,GET,GET /api/v1/reservas,4.758482,200,success,
1789927434.327079,GET,GET /api/v1/reservas,4.771172,200,success,
1789927434.411139,GET,GET /api/v1/reservas/{id},4.800777,200,success,
1789927434.439454,GET,GET /api/v1/reservas,5.003363,200,success,
1789927434.462648,GET,GET /api/v1/reservas,4.952195,200,success,
1789927434.571868,GET,GET /api/v1/reservas,6.822150,200,success,
1789927434.656108,GET,GET /api/v1/reservas,5.828724,200,success,
1789927434.698582,GET,GET /api/v1/reservas,7.315638,200,success,
1789927434.698974,GET,GET /api/v1/reservas,9.626481,200,success,
1789927434.714307,GET,GET /api/v1/reservas,5.072559,200,success,
1789927434.720944,GET,GET /api/v1/reservas/{id},3.471131,200,success,
1789927434.744076,GET,GET /api/v1/reservas,4.831712,200,success,
1789927434.790297,GET,GET /api/v1/reservas,4.954338,200,success,
1789927434.810233,GET,GET /api/v1/reservas,4.657239,200,success,
1789927435.022423,GET,GET /api/v1/reservas/{id},4.780926,200,success,
1789927435.029354,GET,GET /api/v1/reservas,4.641305,200,success,
1789927435.070767,GET,GET /api/v1/reservas,5.108562,200,success,
1789927435.084874,GET,GET /api/v1/reservas,5.857698,200,success,
1789927435.168844,GET,GET /api/v1/reservas,6.601967,200,success,
1789927435.169222,GET,GET /api/v1/reservas,6.570529,200,success,
1789927435.186215,GET,GET /api/v1/reservas,4.737330,200,success,
1789927435.284752,GET,GET /api/v1/reservas,6.265847,200,success,
1789927435.305956,GET,GET /api/v1/reservas,4.920999,200,success,
1789927435.353642,GET,GET /api/v1/reservas,5.380505,200,success,
1789927435.371274,GET,GET /api/v1/reservas/{id},3.460545,200,success,
1789927435.412755,GET,GET /api/v1/reservas,5.203696,200,success,
1789927435.565536,GET,GET /api/v1/reservas,6.309323,200,success,
1789927435.617013,GET,GET /api/v1/reservas/{id},5.212220,200,success,
1789927435.659114,GET,GET /api/v1/reservas,5.735473,200,success,
1789927435.794371,GET,GET /api/v1/reservas,5.843737,200,success,
1789927435.906180,GET,GET /api/v1/reservas,6.376114,200,success,
1789927435.908593,GET,GET /api/v1/reservas,4.055897,200,success,
1789927435.925220,GET,GET /api/v1/reservas/{id},3.465363,200,success,
1789927435.929357,GET,GET /api/v1/reservas,3.981976,200,success,
1789927435.958358,GET,GET /api/v1/reservas,4.733294,200,success,
1789927435.969384,GET,GET /api/v1/reservas,3.811597,200,success,
1789927435.989263,GET,GET /api/v1/reservas,4.612441,200,success,
1789927436.079035,GET,GET /api/v1/reservas,6.012904,200,success,
1789927436.147192,GET,GET /api/v1/reservas,5.809826,200,success,
1789927436.196857,GET,GET /api/v1/reservas,5.357851,200,success,
1789927436.207348,GET,GET /api/v1/reservas/{id},3.314083,200,success,
1789927436.263897,GET,GET /api/v1/reservas,5.491074,200,success,
1789927436.329799,GET,GET /api/v1/reservas,5.572826,200,success,
1789927436.344779,GET,GET /api/v1/reservas,4.724851,200,success,
1789927436.386030,GET,GET /api/v1/reservas/{id},4.035537,200,success,
1789927436.452647,GET,GET /api/v1/reservas/{id},4.399719,200,success,
1789927436.462246,GET,GET /api/v1/reservas,4.357815,200,success,
1789927436.477558,GET,GET /api/v1/reservas,4.087085,200,success,
1789927436.512593,GET,GET /api/v1/reservas/{id},3.858629,200,success,
1789927436.536581,GET,GET /api/v1/reservas,4.753264,200,success,
1789927436.619628,GET,GET /api/v1/reservas/{id},4.790621,200,success,
1789927436.631476,GET,GET /api/v1/reservas,4.581143,200,success,
1789927436.731355,GET,GET /api/v1/reservas,6.468234,200,success,
1789927436.733914,GET,GET /api/v1/reservas,4.273939,200,success,
1789927436.742162,GET,GET /api/v1/reservas,4.001295,200,success,
1789927436.798612,GET,GET /api/v1/reservas/{id},7.260835,200,success,
1789927436.821065,GET,GET /api/v1/reservas,5.121602,200,success,
1789927436.828032,GET,GET /api/v1/reservas,4.672903,200,success,
1789927436.860169,GET,GET /api/v1/reservas,6.773096,200,success,
1789927436.875614,GET,GET /api/v1/reservas,6.111824,200,success,
1789927436.925974,GET,GET /api/v1/reservas,23.948828,200,success,
1789927436.963933,GET,GET /api/v1/reservas,9.569063,200,success,
1789927437.041130,GET,GET /api/v1/reservas,12.666938,200,success,
1789927437.049726,GET,GET /api/v1/reservas,8.319680,200,success,
1789927437.062434,GET,GET /api/v1/reservas,6.355413,200,success,
1789927437.093252,GET,GET /api/v1/reservas/{id},9.535872,200,success,
1789927437.097693,GET,GET /api/v1/reservas,6.286549,200,success,
1789927437.117847,GET,GET /api/v1/reservas,8.602007,200,success,
1789927437.190430,GET,GET /api/v1/reservas,10.170445,200,success,
1789927437.266026,GET,GET /api/v1/reservas,9.116376,200,success,
1789927437.341482,GET,GET /api/v1/reservas/{id},5.137005,200,success,
1789927437.352398,GET,GET /api/v1/reservas/{id},3.723183,200,success,
1789927437.383613,GET,GET /api/v1/reservas,5.921274,200,success,
1789927437.388538,GET,GET /api/v1/reservas,5.562030,200,success,
1789927437.438361,GET,GET /api/v1/reservas,5.478714,200,success,
1789927437.537375,GET,GET /api/v1/reservas/{id},4.705082,200,success,
1789927437.565421,GET,GET /api/v1/reservas,4.756510,200,success,
1789927437.582770,GET,GET /api/v1/reservas,4.116860,200,success,
1789927437.622841,GET,GET /api/v1/reservas/{id},3.891959,200,success,
1789927437.642386,GET,GET /api/v1/reservas/{id},3.375075,200,success,
1789927437.726583,GET,GET /api/v1/reservas,5.839851,200,success,
1789927437.797218,GET,GET /api/v1/reservas/{id},4.403604,200,success,
1789927437.959909,GET,GET /api/v1/reservas,6.292117,200,success,
1789927437.967448,GET,GET /api/v1/reservas/{id},3.352682,200,success,
1789927438.030243,GET,GET /api/v1/reservas/{id},4.236061,200,success,
1789927438.055485,GET,GET /api/v1/reservas,4.936422,200,success,
1789927438.100911,GET,GET /api/v1/reservas,6.090602,200,success,
1789927438.106935,GET,GET /api/v1/reservas,4.763900,200,success,
1789927438.123807,GET,GET /api/v1/reservas,4.610688,200,success,
1789927438.194486,GET,GET /api/v1/reservas,5.353334,200,success,
1789927438.224525,GET,GET /api/v1/reservas,4.780426,200,success,
1789927438.237727,GET,GET /api/v1/reservas,4.176029,200,success,
1789927438.286039,GET,GET /api/v1/reservas/{id},4.118862,200,success,
1789927438.299759,GET,GET /api/v1/reservas,5.010224,200,success,
1789927438.300174,GET,GET /api/v1/reservas,5.896337,200,success,
1789927438.415112,GET,GET /api/v1/reservas/{id},4.669778,200,success,
1789927438.509193,GET,GET /api/v1/reservas,5.705197,200,success,
1789927438.551448,GET,GET /api/v1/reservas,4.979388,200,success,
1789927438.646305,GET,GET /api/v1/reservas/{id},4.605199,200,success,
1789927438.647628,GET,GET /api/v1/reservas,4.769930,200,success,
1789927438.651238,GET,GET /api/v1/reservas,4.239596,200,success,
1789927438.656097,GET,GET /api/v1/reservas,3.622890,200,success,
1789927438.671333,GET,GET /api/v1/reservas,4.015165,200,success,
1789927438.690610,GET,GET /api/v1/reservas/{id},3.093789,200,success,
1789927438.743010,GET,GET /api/v1/reservas,5.066860,200,success,
1789927438.852632,GET,GET /api/v1/reservas,6.285426,200,success,
1789927438.889086,GET,GET /api/v1/reservas/{id},5.208604,200,success,
1789927438.894362,GET,GET /api/v1/reservas,5.048282,200,success,
1789927438.898335,GET,GET /api/v1/reservas/{id},3.840971,200,success,
1789927438.952801,GET,GET /api/v1/reservas,6.135018,200,success,
1789927438.962228,GET,GET /api/v1/reservas,5.097576,200,success,
1789927439.061118,GET,GET /api/v1/reservas,5.516271,200,success,
1789927439.100470,GET,GET /api/v1/reservas,5.063925,200,success,
1789927439.154763,GET,GET /api/v1/reservas,4.996192,200,success,
1789927439.161192,GET,GET /api/v1/reservas,4.162488,200,success,
1789927439.240172,GET,GET /api/v1/reservas/{id},4.953668,200,success,
1789927439.250004,GET,GET /api/v1/reservas,4.566571,200,success,
1789927439.256283,GET,GET /api/v1/reservas/{id},3.117254,200,success,
1789927439.276258,GET,GET /api/v1/reservas,4.734206,200,success,
1789927439.299463,GET,GET /api/v1/reservas,4.937363,200,success,
1789927439.320089,GET,GET /api/v1/reservas,4.341350,200,success,
1789927439.355902,GET,GET /api/v1/reservas,4.566761,200,success,
1789927439.361211,GET,GET /api/v1/reservas/{id},3.155813,200,success,
1789927439.429905,GET,GET /api/v1/reservas,5.395087,200,success,
1789927439.517326,GET,GET /api/v1/reservas,6.074607,200,success,
1789927439.521712,GET,GET /api/v1/reservas/{id},3.216034,200,success,
1789927439.562943,GET,GET /api/v1/reservas,4.964866,200,success,
1789927439.689373,GET,GET /api/v1/reservas,7.005549,200,success,
1789927439.697311,GET,GET /api/v1/reservas,8.995113,200,success,
1789927439.702144,GET,GET /api/v1/reservas,11.037189,200,success,
1789927439.797835,GET,GET /api/v1/reservas/{id},4.650048,200,success,
1789927439.798315,GET,GET /api/v1/reservas,6.813577,200,success,
1789927439.812187,GET,GET /api/v1/reservas,4.659612,200,success,
1789927439.989168,GET,GET /api/v1/reservas,4.717560,200,success,
1789927439.989536,GET,GET /api/v1/reservas,6.991297,200,success,
1789927440.030171,GET,GET /api/v1/reservas,5.884129,200,success,
1789927440.034535,GET,GET /api/v1/reservas/{id},5.621450,200,success,
1789927440.035482,GET,GET /api/v1/reservas,5.995607,200,success,
1789927440.036364,GET,GET /api/v1/reservas,5.649082,200,success,
1789927440.049851,GET,GET /api/v1/reservas,4.262801,200,success,
1789927440.156696,GET,GET /api/v1/reservas,5.494207,200,success,
1789927440.159900,GET,GET /api/v1/reservas/{id},3.104026,200,success,
1789927440.175163,GET,GET /api/v1/reservas/{id},3.113209,200,success,
1789927440.190713,GET,GET /api/v1/reservas,4.295480,200,success,
1789927440.204426,GET,GET /api/v1/reservas,4.483556,200,success,
1789927440.249579,GET,GET /api/v1/reservas,5.107191,200,success,
1789927440.332063,GET,GET /api/v1/reservas,6.116641,200,success,
1789927440.360392,GET,GET /api/v1/reservas,17.012986,200,success,
1789927440.376858,GET,GET /api/v1/reservas,26.100459,200,success,
1789927440.377478,GET,GET /api/v1/reservas,17.873079,200,success,
1789927440.417048,GET,GET /api/v1/reservas,8.159667,200,success,
1789927440.417294,GET,GET /api/v1/reservas,5.468368,200,success,
1789927440.441293,GET,GET /api/v1/reservas/{id},3.824957,200,success,
1789927440.542970,GET,GET /api/v1/reservas/{id},4.470617,200,success,
1789927440.558784,GET,GET /api/v1/reservas,4.503585,200,success,
1789927440.576475,GET,GET /api/v1/reservas,4.426348,200,success,
1789927440.615729,GET,GET /api/v1/reservas,4.973999,200,success,
1789927440.692779,GET,GET /api/v1/reservas/{id},4.794507,200,success,
1789927440.728446,GET,GET /api/v1/reservas,5.376650,200,success,
1789927440.799518,GET,GET /api/v1/reservas,5.757196,200,success,
1789927440.812551,GET,GET /api/v1/reservas,4.768348,200,success,
1789927440.895606,GET,GET /api/v1/reservas,5.714050,200,success,
1789927440.926662,GET,GET /api/v1/reservas/{id},3.856786,200,success,
1789927440.935302,GET,GET /api/v1/reservas,4.395312,200,success,
1789927441.039536,GET,GET /api/v1/reservas,7.853814,200,success,
1789927441.062295,GET,GET /api/v1/reservas,6.413680,200,success,
1789927441.100652,GET,GET /api/v1/reservas,6.004180,200,success,
1789927441.126418,GET,GET /api/v1/reservas,6.462465,200,success,
1789927441.203460,GET,GET /api/v1/reservas,9.619130,200,success,
1789927441.206300,GET,GET /api/v1/reservas,9.083648,200,success,
1789927441.213929,GET,GET /api/v1/reservas/{id},5.448077,200,success,
1789927441.215958,GET,GET /api/v1/reservas,5.577083,200,success,
1789927441.241839,GET,GET /api/v1/reservas,6.713186,200,success,
1789927441.252107,GET,GET /api/v1/reservas/{id},5.080841,200,success,
1789927441.385138,GET,GET /api/v1/reservas/{id},4.865134,200,success,
1789927441.437343,GET,GET /api/v1/reservas/{id},3.996737,200,success,
1789927441.444648,GET,GET /api/v1/reservas,4.079624,200,success,
1789927441.526538,GET,GET /api/v1/reservas,6.522376,200,success,
1789927441.526925,GET,GET /api/v1/reservas,5.159079,200,success,
1789927441.554748,GET,GET /api/v1/reservas,4.599701,200,success,
1789927441.573426,GET,GET /api/v1/reservas,4.467161,200,success,
1789927441.783322,GET,GET /api/v1/reservas,6.442184,200,success,
1789927441.831800,GET,GET /api/v1/reservas,5.169645,200,success,
1789927441.836893,GET,GET /api/v1/reservas,3.879841,200,success,
1789927441.928563,GET,GET /api/v1/reservas,5.954425,200,success,
1789927441.936932,GET,GET /api/v1/reservas,4.110089,200,success,
1789927441.944174,GET,GET /api/v1/reservas,4.005531,200,success,
1789927442.002520,GET,GET /api/v1/reservas,6.587745,200,success,
1789927442.046245,GET,GET /api/v1/reservas/{id},5.504362,200,success,
1789927442.065753,GET,GET /api/v1/reservas,6.159296,200,success,
1789927442.184635,GET,GET /api/v1/reservas,9.419687,200,success,
1789927442.223720,GET,GET /api/v1/reservas,9.691950,200,success,
1789927442.237117,GET,GET /api/v1/reservas/{id},7.157819,200,success,
1789927442.278655,GET,GET /api/v1/reservas,7.171319,200,success,
1789927442.286256,GET,GET /api/v1/reservas/{id},4.398135,200,success,
1789927442.345945,GET,GET /api/v1/reservas/{id},5.409239,200,success,
1789927442.424416,GET,GET /api/v1/reservas,6.086595,200,success,
1789927442.536816,GET,GET /api/v1/reservas/{id},5.095303,200,success,
1789927442.567448,GET,GET /api/v1/reservas,5.304569,200,success,
1789927442.571940,GET,GET /api/v1/reservas,4.320329,200,success,
1789927442.592705,GET,GET /api/v1/reservas,4.510215,200,success,
1789927442.690826,GET,GET /api/v1/reservas,5.734302,200,success,
1789927442.755574,GET,GET /api/v1/reservas,5.348847,200,success,
1789927442.818700,GET,GET /api/v1/reservas,5.779990,200,success,
1789927442.826867,GET,GET /api/v1/reservas/{id},5.946303,200,success,
1789927442.834940,GET,GET /api/v1/reservas,8.784034,200,success,
1789927442.842165,GET,GET /api/v1/reservas,4.959126,200,success,
1789927442.853754,GET,GET /api/v1/reservas/{id},3.402517,200,success,
1789927442.876396,GET,GET /api/v1/reservas/{id},3.467785,200,success,
1789927442.902388,GET,GET /api/v1/reservas,5.681561,200,success,
1789927442.930951,GET,GET /api/v1/reservas,5.247273,200,success,
1789927442.937279,GET,GET /api/v1/reservas,4.084301,200,success,
1789927442.993867,GET,GET /api/v1/reservas,11.160346,200,success,
1789927442.996258,GET,GET /api/v1/reservas,8.068149,200,success,
1789927443.009227,GET,GET /api/v1/reservas/{id},4.809810,200,success,
1789927443.074268,GET,GET /api/v1/reservas/{id},4.771272,200,success,
1789927443.078968,GET,GET /api/v1/reservas,4.494632,200,success,
1789927443.155864,GET,GET /api/v1/reservas,5.533607,200,success,
1789927443.184857,GET,GET /api/v1/reservas/{id},3.782343,200,success,
1789927443.200603,GET,GET /api/v1/reservas,4.461953,200,success,
1789927443.236848,GET,GET /api/v1/reservas,7.913795,200,success,
1789927443.237368,GET,GET /api/v1/reservas,6.621256,200,success,
1789927443.252697,GET,GET /api/v1/reservas,6.032494,200,success,
1789927443.267823,GET,GET /api/v1/reservas,5.782734,200,success,
1789927443.303725,GET,GET /api/v1/reservas,8.567915,200,success,
1789927443.310668,GET,GET /api/v1/reservas,5.632327,200,success,
1789927443.344868,GET,GET /api/v1/reservas,6.865246,200,success,
1789927443.377722,GET,GET /api/v1/reservas,7.479165,200,success,
1789927443.448313,GET,GET /api/v1/reservas,13.185686,200,success,
1789927443.540020,GET,GET /api/v1/reservas,21.235285,200,success,
1789927443.543768,GET,GET /api/v1/reservas,13.760697,200,success,
1789927443.599108,GET,GET /api/v1/reservas/{id},6.010750,200,success,
1789927443.605295,GET,GET /api/v1/reservas,5.929387,200,success,
1789927443.670805,GET,GET /api/v1/reservas/{id},7.246604,200,success,
1789927443.688948,GET,GET /api/v1/reservas/{id},3.947934,200,success,
1789927443.730022,GET,GET /api/v1/reservas/{id},5.782313,200,success,
1789927443.801450,GET,GET /api/v1/reservas,7.041282,200,success,
1789927443.833786,GET,GET /api/v1/reservas,9.938383,200,success,
1789927443.938939,GET,GET /api/v1/reservas/{id},4.837021,200,success,
1789927443.974578,GET,GET /api/v1/reservas,5.310469,200,success,
1789927444.034868,GET,GET /api/v1/reservas,5.504163,200,success,
1789927444.068898,GET,GET /api/v1/reservas,4.749429,200,success,
1789927444.074170,GET,GET /api/v1/reservas/{id},3.100028,200,success,
1789927444.080314,GET,GET /api/v1/reservas/{id},2.984133,200,success,
1789927444.132615,GET,GET /api/v1/reservas/{id},4.094857,200,success,
1789927444.178745,GET,GET /api/v1/reservas,5.826280,200,success,
1789927444.252483,GET,GET /api/v1/reservas,6.639253,200,success,
1789927444.285887,GET,GET /api/v1/reservas,5.145378,200,success,
1789927444.294518,GET,GET /api/v1/reservas/{id},3.453995,200,success,
1789927444.369514,GET,GET /api/v1/reservas,5.633528,200,success,
1789927444.468702,GET,GET /api/v1/reservas,5.876247,200,success,
1789927444.502891,GET,GET /api/v1/reservas,4.928260,200,success,
1789927444.522570,GET,GET /api/v1/reservas,4.430695,200,success,
1789927444.526175,GET,GET /api/v1/reservas,4.426439,200,success,
1789927444.573552,GET,GET /api/v1/reservas,6.057271,200,success,
1789927444.623785,GET,GET /api/v1/reservas,5.928235,200,success,
1789927444.634387,GET,GET /api/v1/reservas,4.339898,200,success,
1789927444.676443,GET,GET /api/v1/reservas,4.795078,200,success,
1789927444.709360,GET,GET /api/v1/reservas/{id},3.734510,200,success,
1789927444.720710,GET,GET /api/v1/reservas,5.093430,200,success,
1789927444.725121,GET,GET /api/v1/reservas,5.001260,200,success,
1789927444.732001,GET,GET /api/v1/reservas,4.615125,200,success,
1789927444.755124,GET,GET /api/v1/reservas/{id},3.948044,200,success,
1789927444.873444,GET,GET /api/v1/reservas,5.932712,200,success,
1789927444.957732,GET,GET /api/v1/reservas,5.864368,200,success,
1789927445.002209,GET,GET /api/v1/reservas,5.194484,200,success,
1789927445.029491,GET,GET /api/v1/reservas/{id},4.082338,200,success,
1789927445.030473,GET,GET /api/v1/reservas,4.654926,200,success,
1789927445.103464,GET,GET /api/v1/reservas,5.673810,200,success,
1789927445.209055,GET,GET /api/v1/reservas,6.152044,200,success,
1789927445.256641,GET,GET /api/v1/reservas,5.518684,200,success,
1789927445.260959,GET,GET /api/v1/reservas,5.130437,200,success,
1789927445.265182,GET,GET /api/v1/reservas,4.818855,200,success,
1789927445.380565,GET,GET /api/v1/reservas,5.972091,200,success,
1789927445.463857,GET,GET /api/v1/reservas,5.942337,200,success,
1789927445.503339,GET,GET /api/v1/reservas,5.171769,200,success,
1789927445.544431,GET,GET /api/v1/reservas/{id},3.887783,200,success,
1789927445.565448,GET,GET /api/v1/reservas/{id},4.475704,200,success,
1789927445.567365,GET,GET /api/v1/reservas,6.629148,200,success,
1789927445.592998,GET,GET /api/v1/reservas/{id},6.422554,200,success,
1789927445.628266,GET,GET /api/v1/reservas,6.963575,200,success,
1789927445.638067,GET,GET /api/v1/reservas,7.367697,200,success,
1789927445.650466,GET,GET /api/v1/reservas,6.041718,200,success,
1789927445.667633,GET,GET /api/v1/reservas,4.897874,200,success,
1789927445.710799,GET,GET /api/v1/reservas/{id},3.956898,200,success,
1789927445.717511,GET,GET /api/v1/reservas,4.442754,200,success,
1789927445.752664,GET,GET /api/v1/reservas,4.892936,200,success,
1789927445.761549,GET,GET /api/v1/reservas,4.637790,200,success,
1789927445.775121,GET,GET /api/v1/reservas,4.339928,200,success,
1789927445.789486,GET,GET /api/v1/reservas,5.065238,200,success,
1789927445.790229,GET,GET /api/v1/reservas,4.245054,200,success,
1789927445.827441,GET,GET /api/v1/reservas,4.945165,200,success,
1789927445.868104,GET,GET /api/v1/reservas,5.357810,200,success,
1789927445.869709,GET,GET /api/v1/reservas,4.324144,200,success,
1789927445.890922,GET,GET /api/v1/reservas,4.986337,200,success,
1789927445.932135,GET,GET /api/v1/reservas,4.960118,200,success,
1789927445.971347,GET,GET /api/v1/reservas,4.892345,200,success,
1789927445.977832,GET,GET /api/v1/reservas,4.222199,200,success,
1789927446.019747,GET,GET /api/v1/reservas,5.186181,200,success,
1789927446.041570,GET,GET /api/v1/reservas/{id},3.633617,200,success,
1789927446.174067,GET,GET /api/v1/reservas,6.070312,200,success,
1789927446.229084,GET,GET /api/v1/reservas,5.680239,200,success,
1789927446.290056,GET,GET /api/v1/reservas,5.837538,200,success,
1789927446.351784,GET,GET /api/v1/reservas/{id},4.505078,200,success,
1789927446.386328,GET,GET /api/v1/reservas,5.192940,200,success,
1789927446.400246,GET,GET /api/v1/reservas,4.681495,200,success,
1789927446.485506,GET,GET /api/v1/reservas,5.894474,200,success,
1789927446.578066,GET,GET /api/v1/reservas,6.177674,200,success,
1789927446.600164,GET,GET /api/v1/reservas,4.790110,200,success,
1789927446.655531,GET,GET /api/v1/reservas/{id},4.160677,200,success,
1789927446.660967,GET,GET /api/v1/reservas,4.171172,200,success,
1789927446.709550,GET,GET /api/v1/reservas,5.250488,200,success,
1789927446.732498,GET,GET /api/v1/reservas,4.677770,200,success,
1789927446.787710,GET,GET /api/v1/reservas,5.235124,200,success,
1789927446.787895,GET,GET /api/v1/reservas,6.141328,200,success,
1789927446.789205,GET,GET /api/v1/reservas,4.273907,200,success,
1789927446.799004,GET,GET /api/v1/reservas,4.570357,200,success,
1789927446.912063,GET,GET /api/v1/reservas,6.424197,200,success,
1789927446.936952,GET,GET /api/v1/reservas/{id},3.697173,200,success,
1789927446.976055,GET,GET /api/v1/reservas/{id},3.899030,200,success,
1789927446.993560,GET,GET /api/v1/reservas/{id},3.332771,200,success,
1789927447.040887,GET,GET /api/v1/reservas,5.062913,200,success,
1789927447.094773,GET,GET /api/v1/reservas,5.580679,200,success,
1789927447.135519,GET,GET /api/v1/reservas/{id},4.532871,200,success,
1789927447.156497,GET,GET /api/v1/reservas,4.704080,200,success,
1789927447.313119,GET,GET /api/v1/reservas/{id},8.336285,200,success,
1789927447.372333,GET,GET /api/v1/reservas/{id},7.905393,200,success,
1789927447.455566,GET,GET /api/v1/reservas,13.818084,200,success,
1789927447.480558,GET,GET /api/v1/reservas/{id},9.415190,200,success,
1789927447.484373,GET,GET /api/v1/reservas,11.057399,200,success,
1789927447.486826,GET,GET /api/v1/reservas,10.501266,200,success,
1789927447.487538,GET,GET /api/v1/reservas,11.032953,200,success,
1789927447.609747,GET,GET /api/v1/reservas,9.754976,200,success,
1789927447.669221,GET,GET /api/v1/reservas,7.141785,200,success,
1789927447.673389,GET,GET /api/v1/reservas,4.939166,200,success,
1789927447.700437,GET,GET /api/v1/reservas,4.790981,200,success,
1789927447.784765,GET,GET /api/v1/reservas,6.032133,200,success,
1789927447.836428,GET,GET /api/v1/reservas,5.343219,200,success,
1789927447.852178,GET,GET /api/v1/reservas,4.501182,200,success,
1789927447.870690,GET,GET /api/v1/reservas,4.238344,200,success,
1789927447.883083,GET,GET /api/v1/reservas/{id},4.209160,200,success,
1789927447.950712,GET,GET /api/v1/reservas,8.306029,200,success,
1789927447.953636,GET,GET /api/v1/reservas,7.527078,200,success,
1789927448.009835,GET,GET /api/v1/reservas,5.400165,200,success,
1789927448.069320,GET,GET /api/v1/reservas/{id},4.229071,200,success,
1789927448.077132,GET,GET /api/v1/reservas,4.506140,200,success,
1789927448.099721,GET,GET /api/v1/reservas/{id},4.387990,200,success,
1789927448.125041,GET,GET /api/v1/reservas,5.003123,200,success,
1789927448.139784,GET,GET /api/v1/reservas/{id},3.584323,200,success,
1789927448.145451,GET,GET /api/v1/reservas,4.431947,200,success,
1789927448.180418,GET,GET /api/v1/reservas,4.702288,200,success,
1789927448.214831,GET,GET /api/v1/reservas,6.103310,200,success,
1789927448.231369,GET,GET /api/v1/reservas,6.240378,200,success,
1789927448.266837,GET,GET /api/v1/reservas,5.163567,200,success,
1789927448.321547,GET,GET /api/v1/reservas/{id},4.466601,200,success,
1789927448.395427,GET,GET /api/v1/reservas,5.511393,200,success,
1789927448.406044,GET,GET /api/v1/reservas,4.368961,200,success,
1789927448.472588,GET,GET /api/v1/reservas/{id},4.331706,200,success,
1789927448.516304,GET,GET /api/v1/reservas,5.422058,200,success,
1789927448.591847,GET,GET /api/v1/reservas/{id},4.293818,200,success,
1789927448.632941,GET,GET /api/v1/reservas,4.853737,200,success,
1789927448.717811,GET,GET /api/v1/reservas,5.502571,200,success,
1789927448.735581,GET,GET /api/v1/reservas,4.522323,200,success,
1789927448.796638,GET,GET /api/v1/reservas,5.779299,200,success,
1789927448.803326,GET,GET /api/v1/reservas,4.378055,200,success,
1789927448.947429,GET,GET /api/v1/reservas,5.798228,200,success,
1789927448.981816,GET,GET /api/v1/reservas/{id},4.191052,200,success,
1789927448.996653,GET,GET /api/v1/reservas,4.540311,200,success,
1789927449.025668,GET,GET /api/v1/reservas,5.736223,200,success,
1789927449.058806,GET,GET /api/v1/reservas,5.822043,200,success,
1789927449.178193,GET,GET /api/v1/reservas,5.987004,200,success,
1789927449.192520,GET,GET /api/v1/reservas,5.031527,200,success,
1789927449.214747,GET,GET /api/v1/reservas,5.912872,200,success,
1789927449.296120,GET,GET /api/v1/reservas,6.195070,200,success,
1789927449.316927,GET,GET /api/v1/reservas,4.576867,200,success,
1789927449.386698,GET,GET /api/v1/reservas,5.468378,200,success,
1789927449.420597,GET,GET /api/v1/reservas/{id},3.709482,200,success,
1789927449.458052,GET,GET /api/v1/reservas/{id},4.247337,200,success,
1789927449.501619,GET,GET /api/v1/reservas,5.285411,200,success,
1789927449.519471,GET,GET /api/v1/reservas,4.601816,200,success,
1789927449.555419,GET,GET /api/v1/reservas/{id},3.758757,200,success,
1789927449.578298,GET,GET /api/v1/reservas,4.631800,200,success,
1789927449.583528,GET,GET /api/v1/reservas,4.000885,200,success,
1789927449.668839,GET,GET /api/v1/reservas,6.513062,200,success,
1789927449.669047,GET,GET /api/v1/reservas,7.189477,200,success,
1789927449.671507,GET,GET /api/v1/reservas,4.434352,200,success,
1789927449.744695,GET,GET /api/v1/reservas,6.861359,200,success,
1789927449.777010,GET,GET /api/v1/reservas/{id},4.080465,200,success,
1789927449.784477,GET,GET /api/v1/reservas/{id},3.297398,200,success,
1789927449.798317,GET,GET /api/v1/reservas,4.553741,200,success,
1789927449.811269,GET,GET /api/v1/reservas,4.696759,200,success,
1789927449.846210,GET,GET /api/v1/reservas,5.673189,200,success,
1789927449.906920,GET,GET /api/v1/reservas,5.429769,200,success,
1789927450.099940,GET,GET /api/v1/reservas,10.134560,200,success,
1789927450.113167,GET,GET /api/v1/reservas,4.892375,200,success,
1789927450.171044,GET,GET /api/v1/reservas,5.562691,200,success,
1789927450.224263,GET,GET /api/v1/reservas,5.881534,200,success,
1789927450.225770,GET,GET /api/v1/reservas,4.686474,200,success,
1789927450.299516,GET,GET /api/v1/reservas,5.632076,200,success,
1789927450.305841,GET,GET /api/v1/reservas,5.075341,200,success,
1789927450.342300,GET,GET /api/v1/reservas,6.133687,200,success,
1789927450.350496,GET,GET /api/v1/reservas/{id},4.000474,200,success,
1789927450.355399,GET,GET /api/v1/reservas,5.429520,200,success,
1789927450.429183,GET,GET /api/v1/reservas,6.428574,200,success,
1789927450.453553,GET,GET /api/v1/reservas,6.052974,200,success,
1789927450.570771,GET,GET /api/v1/reservas/{id},4.886576,200,success,
1789927450.588261,GET,GET /api/v1/reservas,5.174503,200,success,
1789927450.630301,GET,GET /api/v1/reservas,5.730555,200,success,
1789927450.658695,GET,GET /api/v1/reservas,5.120431,200,success,
1789927450.785155,GET,GET /api/v1/reservas,6.164713,200,success,
1789927450.817319,GET,GET /api/v1/reservas,4.905406,200,success,
1789927450.860628,GET,GET /api/v1/reservas,5.013579,200,success,
1789927450.879332,GET,GET /api/v1/reservas,4.418968,200,success,
1789927450.885757,GET,GET /api/v1/reservas,5.180281,200,success,
1789927451.037961,GET,GET /api/v1/reservas,10.736734,200,success,
1789927451.040476,GET,GET /api/v1/reservas,5.339322,200,success,
1789927451.057286,GET,GET /api/v1/reservas/{id},4.598960,200,success,
1789927451.107507,GET,GET /api/v1/reservas,5.871829,200,success,
1789927451.195451,GET,GET /api/v1/reservas,6.091302,200,success,
1789927451.195825,GET,GET /api/v1/reservas,7.059911,200,success,
1789927451.214574,GET,GET /api/v1/reservas/{id},3.597072,200,success,
1789927451.274123,GET,GET /api/v1/reservas/{id},3.758146,200,success,
1789927451.274572,GET,GET /api/v1/reservas,5.911640,200,success,
1789927451.321661,GET,GET /api/v1/reservas,5.781312,200,success,
1789927451.388259,GET,GET /api/v1/reservas,7.202206,200,success,
1789927451.396033,GET,GET /api/v1/reservas,5.441879,200,success,
1789927451.439248,GET,GET /api/v1/reservas/{id},4.983143,200,success,
1789927451.478710,GET,GET /api/v1/reservas,21.088593,200,success,
1789927451.510336,GET,GET /api/v1/reservas,7.210027,200,success,
1789927451.560960,GET,GET /api/v1/reservas,7.687091,200,success,
1789927451.561198,GET,GET /api/v1/reservas,8.468425,200,success,
1789927451.605687,GET,GET /api/v1/reservas,7.193693,200,success,
1789927451.619437,GET,GET /api/v1/reservas/{id},6.508565,200,success,
1789927451.621550,GET,GET /api/v1/reservas,5.520858,200,success,
1789927451.645315,GET,GET /api/v1/reservas,5.450701,200,success,
1789927451.688950,GET,GET /api/v1/reservas/{id},4.431697,200,success,
1789927451.722330,GET,GET /api/v1/reservas,5.074291,200,success,
1789927451.776918,GET,GET /api/v1/reservas,5.311390,200,success,
1789927451.798623,GET,GET /api/v1/reservas,4.447581,200,success,
1789927451.805057,GET,GET /api/v1/reservas/{id},4.279656,200,success,
1789927451.823442,GET,GET /api/v1/reservas,6.068528,200,success,
1789927451.844189,GET,GET /api/v1/reservas,6.343415,200,success,
1789927451.879949,GET,GET /api/v1/reservas,5.474948,200,success,
1789927451.897889,GET,GET /api/v1/reservas,4.674916,200,success,
1789927451.911570,GET,GET /api/v1/reservas,4.115147,200,success,
1789927451.920123,GET,GET /api/v1/reservas,4.329061,200,success,
1789927451.931644,GET,GET /api/v1/reservas/{id},3.368505,200,success,
1789927451.995634,GET,GET /api/v1/reservas,5.671405,200,success,
1789927452.034400,GET,GET /api/v1/reservas,5.051837,200,success,
1789927452.134047,GET,GET /api/v1/reservas,6.228891,200,success,
1789927452.179382,GET,GET /api/v1/reservas,5.052838,200,success,
1789927452.230134,GET,GET /api/v1/reservas,5.458263,200,success,
1789927452.317060,GET,GET /api/v1/reservas,5.805469,200,success,
1789927452.331563,GET,GET /api/v1/reservas/{id},5.316158,200,success,
1789927452.365387,GET,GET /api/v1/reservas,8.486953,200,success,
1789927452.401122,GET,GET /api/v1/reservas,6.377696,200,success,
1789927452.439943,GET,GET /api/v1/reservas,6.499231,200,success,
1789927452.563440,GET,GET /api/v1/reservas,6.958717,200,success,
1789927452.596857,GET,GET /api/v1/reservas,7.035543,200,success,
1789927452.673509,GET,GET /api/v1/reservas,6.245425,200,success,
1789927452.687159,GET,GET /api/v1/reservas,5.337489,200,success,
1789927452.754023,GET,GET /api/v1/reservas,5.529290,200,success,
1789927452.765023,GET,GET /api/v1/reservas,4.697500,200,success,
1789927452.800976,GET,GET /api/v1/reservas,6.303824,200,success,
1789927452.802469,GET,GET /api/v1/reservas,5.053569,200,success,
1789927452.847737,GET,GET /api/v1/reservas/{id},4.655495,200,success,
1789927452.847828,GET,GET /api/v1/reservas/{id},5.178179,200,success,
1789927452.850577,GET,GET /api/v1/reservas,5.704266,200,success,
1789927452.897923,GET,GET /api/v1/reservas,5.065097,200,success,
1789927452.909061,GET,GET /api/v1/reservas,4.848639,200,success,
1789927453.031539,GET,GET /api/v1/reservas/{id},5.175474,200,success,
1789927453.089726,GET,GET /api/v1/reservas,5.828545,200,success,
1789927453.129976,GET,GET /api/v1/reservas,4.959737,200,success,
1789927453.142821,GET,GET /api/v1/reservas/{id},3.665476,200,success,
1789927453.260850,GET,GET /api/v1/reservas/{id},4.923443,200,success,
1789927453.280910,GET,GET /api/v1/reservas/{id},3.851898,200,success,
1789927453.426705,GET,GET /api/v1/reservas,6.331677,200,success,
1789927453.450850,GET,GET /api/v1/reservas,14.799882,200,success,
1789927453.458693,GET,GET /api/v1/reservas,19.529470,200,success,
1789927453.471541,GET,GET /api/v1/reservas,5.552916,200,success,
1789927453.534140,GET,GET /api/v1/reservas,16.871601,200,success,
1789927453.557336,GET,GET /api/v1/reservas,5.877517,200,success,
1789927453.576027,GET,GET /api/v1/reservas/{id},4.487551,200,success,
1789927453.589904,GET,GET /api/v1/reservas/{id},5.682783,200,success,
1789927453.614291,GET,GET /api/v1/reservas,7.059320,200,success,
1789927453.634311,GET,GET /api/v1/reservas/{id},4.820386,200,success,
1789927453.738920,GET,GET /api/v1/reservas,8.143312,200,success,
1789927453.742298,GET,GET /api/v1/reservas/{id},5.514217,200,success,
1789927453.743516,GET,GET /api/v1/reservas,7.543524,200,success,
1789927453.930582,GET,GET /api/v1/reservas/{id},6.057692,200,success,
1789927453.931112,GET,GET /api/v1/reservas,8.091544,200,success,
1789927453.947945,GET,GET /api/v1/reservas,4.861168,200,success,
1789927454.053654,GET,GET /api/v1/reservas,6.724412,200,success,
1789927454.068248,GET,GET /api/v1/reservas,10.140019,200,success,
1789927454.113819,GET,GET /api/v1/reservas/{id},5.679308,200,success,
1789927454.133681,GET,GET /api/v1/reservas,6.519491,200,success,
1789927454.151297,GET,GET /api/v1/reservas,7.293443,200,success,
1789927454.180347,GET,GET /api/v1/reservas,7.649204,200,success,
1789927454.224281,GET,GET /api/v1/reservas,6.543327,200,success,
1789927454.236634,GET,GET /api/v1/reservas,5.071016,200,success,
1789927454.314855,GET,GET /api/v1/reservas,7.015774,200,success,
1789927454.352683,GET,GET /api/v1/reservas,5.438673,200,success,
1789927454.353256,GET,GET /api/v1/reservas/{id},3.470239,200,success,
1789927454.449183,GET,GET /api/v1/reservas,5.588641,200,success,
1789927454.471119,GET,GET /api/v1/reservas,4.640403,200,success,
1789927454.523573,GET,GET /api/v1/reservas/{id},4.246827,200,success,
1789927454.526183,GET,GET /api/v1/reservas,5.099951,200,success,
1789927454.538532,GET,GET /api/v1/reservas,4.132183,200,success,
1789927454.565395,GET,GET /api/v1/reservas,4.591148,200,success,
1789927454.568514,GET,GET /api/v1/reservas,4.121877,200,success,
1789927454.587941,GET,GET /api/v1/reservas/{id},4.248410,200,success,
1789927454.613796,GET,GET /api/v1/reservas/{id},4.617539,200,success,
1789927454.627156,GET,GET /api/v1/reservas,5.076364,200,success,
1789927454.757344,GET,GET /api/v1/reservas/{id},4.879796,200,success,
1789927454.786855,GET,GET /api/v1/reservas,5.211299,200,success,
1789927454.799600,GET,GET /api/v1/reservas,4.487361,200,success,
1789927454.936466,GET,GET /api/v1/reservas,6.835901,200,success,
1789927454.936873,GET,GET /api/v1/reservas,7.888957,200,success,
1789927454.982308,GET,GET /api/v1/reservas,5.130786,200,success,
1789927454.998933,GET,GET /api/v1/reservas/{id},3.448206,200,success,
1789927455.059561,GET,GET /api/v1/reservas,5.304940,200,success,
1789927455.208620,GET,GET /api/v1/reservas/{id},4.717200,200,success,
1789927455.274523,GET,GET /api/v1/reservas/{id},4.902660,200,success,
1789927455.313730,GET,GET /api/v1/reservas,5.907704,200,success,
1789927455.351862,GET,GET /api/v1/reservas,5.796436,200,success,
1789927455.371690,GET,GET /api/v1/reservas,5.521258,200,success,
1789927455.372346,GET,GET /api/v1/reservas,5.855756,200,success,
1789927455.390898,GET,GET /api/v1/reservas,4.314519,200,success,
1789927455.420707,GET,GET /api/v1/reservas,4.534052,200,success,
1789927455.428608,GET,GET /api/v1/reservas,4.682547,200,success,
1789927455.449173,GET,GET /api/v1/reservas,4.329482,200,success,
1789927455.542173,GET,GET /api/v1/reservas,5.625446,200,success,
1789927455.583276,GET,GET /api/v1/reservas,4.840547,200,success,
1789927455.636767,GET,GET /api/v1/reservas,5.188424,200,success,
1789927455.673253,GET,GET /api/v1/reservas,6.208780,200,success,
1789927455.759418,GET,GET /api/v1/reservas,5.761422,200,success,
1789927455.774205,GET,GET /api/v1/reservas,4.476084,200,success,
1789927455.780361,GET,GET /api/v1/reservas,3.932991,200,success,
1789927455.789900,GET,GET /api/v1/reservas/{id},3.384430,200,success,
1789927455.804735,GET,GET /api/v1/reservas,4.596246,200,success,
1789927455.848825,GET,GET /api/v1/reservas,4.828519,200,success,
1789927455.950923,GET,GET /api/v1/reservas,5.708241,200,success,
1789927456.017923,GET,GET /api/v1/reservas/{id},4.341380,200,success,
1789927456.049314,GET,GET /api/v1/reservas,5.104777,200,success,
1789927456.064884,GET,GET /api/v1/reservas,4.320068,200,success,
1789927456.148894,GET,GET /api/v1/reservas,5.686529,200,success,
1789927456.158552,GET,GET /api/v1/reservas,4.403164,200,success,
1789927456.232739,GET,GET /api/v1/reservas,5.922567,200,success,
1789927456.260647,GET,GET /api/v1/reservas,5.797447,200,success,
1789927456.263231,GET,GET /api/v1/reservas,5.643214,200,success,
1789927456.264176,GET,GET /api/v1/reservas,4.901318,200,success,
1789927456.297816,GET,GET /api/v1/reservas,5.360504,200,success,
1789927456.315379,GET,GET /api/v1/reservas/{id},4.357335,200,success,
1789927456.380619,GET,GET /api/v1/reservas,5.921675,200,success,
1789927456.489887,GET,GET /api/v1/reservas,6.850293,200,success,
1789927456.534316,GET,GET /api/v1/reservas,6.093135,200,success,
1789927456.600102,GET,GET /api/v1/reservas/{id},4.529024,200,success,
1789927456.610269,GET,GET /api/v1/reservas,4.721876,200,success,
1789927456.622207,GET,GET /api/v1/reservas,4.652311,200,success,
1789927456.662448,GET,GET /api/v1/reservas,4.956612,200,success,
1789927456.735454,GET,GET /api/v1/reservas,5.701952,200,success,
1789927456.768528,GET,GET /api/v1/reservas,4.798292,200,success,
1789927456.801885,GET,GET /api/v1/reservas/{id},6.176222,200,success,
1789927456.827416,GET,GET /api/v1/reservas,5.237919,200,success,
1789927456.861326,GET,GET /api/v1/reservas,4.577718,200,success,
1789927456.932515,GET,GET /api/v1/reservas,5.547437,200,success,
1789927456.979010,GET,GET /api/v1/reservas,5.189886,200,success,
1789927456.993682,GET,GET /api/v1/reservas,4.430065,200,success,
1789927457.010290,GET,GET /api/v1/reservas/{id},3.435858,200,success,
1789927457.086597,GET,GET /api/v1/reservas,6.003230,200,success,
1789927457.201185,GET,GET /api/v1/reservas,7.137077,200,success,
1789927457.289829,GET,GET /api/v1/reservas,6.446761,200,success,
1789927457.382639,GET,GET /api/v1/reservas,6.455424,200,success,
1789927457.526793,GET,GET /api/v1/reservas,6.773026,200,success,
1789927457.574317,GET,GET /api/v1/reservas,5.232851,200,success,
1789927457.587457,GET,GET /api/v1/reservas,4.837532,200,success,
1789927457.606129,GET,GET /api/v1/reservas,5.366474,200,success,
1789927457.705266,GET,GET /api/v1/reservas,9.996522,200,success,
1789927457.717718,GET,GET /api/v1/reservas,8.288113,200,success,
1789927457.725217,GET,GET /api/v1/reservas/{id},7.336860,200,success,
1789927457.743021,GET,GET /api/v1/reservas,9.388471,200,success,
1789927457.811936,GET,GET /api/v1/reservas,7.487539,200,success,
1789927457.825327,GET,GET /api/v1/reservas,7.695774,200,success,
1789927457.834527,GET,GET /api/v1/reservas/{id},4.988521,200,success,
1789927457.882809,GET,GET /api/v1/reservas,17.783373,200,success,
1789927457.937901,GET,GET /api/v1/reservas,9.687422,200,success,
1789927458.008081,GET,GET /api/v1/reservas/{id},5.905902,200,success,
1789927458.011617,GET,GET /api/v1/reservas,6.057782,200,success,
1789927458.038456,GET,GET /api/v1/reservas,5.543143,200,success,
1789927458.053569,GET,GET /api/v1/reservas,4.808317,200,success,
1789927458.071249,GET,GET /api/v1/reservas,5.419033,200,success,
1789927458.080707,GET,GET /api/v1/reservas,5.144738,200,success,
1789927458.111775,GET,GET /api/v1/reservas,5.757416,200,success,
1789927458.126610,GET,GET /api/v1/reservas,4.571799,200,success,
1789927458.185518,GET,GET /api/v1/reservas/{id},4.693173,200,success,
1789927458.186466,GET,GET /api/v1/reservas,5.136435,200,success,
1789927458.246306,GET,GET /api/v1/reservas,6.511539,200,success,
1789927458.289642,GET,GET /api/v1/reservas,5.197879,200,success,
1789927458.325584,GET,GET /api/v1/reservas,5.667970,200,success,
1789927458.424938,GET,GET /api/v1/reservas,5.952061,200,success,
1789927458.427028,GET,GET /api/v1/reservas,4.267639,200,success,
1789927458.518260,GET,GET /api/v1/reservas,5.892111,200,success,
1789927458.588293,GET,GET /api/v1/reservas,5.703955,200,success,
1789927458.614848,GET,GET /api/v1/reservas,19.309967,200,success,
1789927458.639961,GET,GET /api/v1/reservas,4.815568,200,success,
1789927458.647532,GET,GET /api/v1/reservas/{id},3.387695,200,success,
1789927458.666354,GET,GET /api/v1/reservas,4.577038,200,success,
1789927458.671515,GET,GET /api/v1/reservas,3.891448,200,success,
1789927458.716719,GET,GET /api/v1/reservas/{id},4.055937,200,success,
1789927458.748034,GET,GET /api/v1/reservas,5.027489,200,success,
1789927458.761714,GET,GET /api/v1/reservas,4.440359,200,success,
1789927458.764124,GET,GET /api/v1/reservas,4.290173,200,success,
1789927458.802203,GET,GET /api/v1/reservas,4.839425,200,success,
1789927458.816726,GET,GET /api/v1/reservas,5.235566,200,success,
1789927458.828469,GET,GET /api/v1/reservas,4.472509,200,success,
1789927458.868713,GET,GET /api/v1/reservas,5.917439,200,success,
1789927458.878334,GET,GET /api/v1/reservas/{id},4.427290,200,success,
1789927459.002059,GET,GET /api/v1/reservas,6.317845,200,success,
1789927459.025971,GET,GET /api/v1/reservas,4.635666,200,success,
1789927459.118606,GET,GET /api/v1/reservas,6.235982,200,success,
1789927459.120735,GET,GET /api/v1/reservas,4.643327,200,success,
1789927459.128653,GET,GET /api/v1/reservas,4.665682,200,success,
1789927459.129028,GET,GET /api/v1/reservas,4.541173,200,success,
1789927459.253932,GET,GET /api/v1/reservas,6.521003,200,success,
1789927459.272221,GET,GET /api/v1/reservas,5.243147,200,success,
1789927459.285650,GET,GET /api/v1/reservas,5.162615,200,success,
1789927459.316489,GET,GET /api/v1/reservas,5.543713,200,success,
1789927459.334292,GET,GET /api/v1/reservas,4.564709,200,success,
1789927459.368830,GET,GET /api/v1/reservas,5.323830,200,success,
1789927459.407913,GET,GET /api/v1/reservas,4.798033,200,success,
1789927459.576374,GET,GET /api/v1/reservas,5.998381,200,success,
1789927459.615494,GET,GET /api/v1/reservas,4.838924,200,success,
1789927459.712468,GET,GET /api/v1/reservas/{id},4.695277,200,success,
1789927459.777330,GET,GET /api/v1/reservas/{id},5.516472,200,success,
1789927459.839017,GET,GET /api/v1/reservas/{id},4.413409,200,success,
1789927459.969032,GET,GET /api/v1/reservas,5.570474,200,success,
1789927459.975473,GET,GET /api/v1/reservas/{id},3.270868,200,success,
1789927459.999833,GET,GET /api/v1/reservas,5.056935,200,success,
1789927460.002503,GET,GET /api/v1/reservas,5.183757,200,success,
1789927460.015122,GET,GET /api/v1/reservas,4.002015,200,success,
1789927460.033897,GET,GET /api/v1/reservas/{id},3.604092,200,success,
1789927460.094605,GET,GET /api/v1/reservas,6.361492,200,success,
1789927460.143723,GET,GET /api/v1/reservas/{id},4.932996,200,success,
1789927460.193973,GET,GET /api/v1/reservas/{id},4.041045,200,success,
1789927460.273187,GET,GET /api/v1/reservas,6.072453,200,success,
1789927460.326923,GET,GET /api/v1/reservas,5.403830,200,success,
1789927460.328480,GET,GET /api/v1/reservas,4.337554,200,success,
1789927460.567153,GET,GET /api/v1/reservas/{id},5.251339,200,success,
1789927460.570035,GET,GET /api/v1/reservas/{id},3.601959,200,success,
1789927460.609806,GET,GET /api/v1/reservas,5.491774,200,success,
1789927460.613391,GET,GET /api/v1/reservas/{id},3.484672,200,success,
1789927460.628376,GET,GET /api/v1/reservas,4.679051,200,success,
1789927460.644033,GET,GET /api/v1/reservas/{id},3.475147,200,success,
1789927460.690698,GET,GET /api/v1/reservas/{id},4.467111,200,success,
1789927460.692730,GET,GET /api/v1/reservas,4.762559,200,success,
1789927460.764065,GET,GET /api/v1/reservas,6.012073,200,success,
1789927460.817951,GET,GET /api/v1/reservas,5.550843,200,success,
1789927460.819294,GET,GET /api/v1/reservas,4.236411,200,success,
1789927460.826855,GET,GET /api/v1/reservas/{id},3.402728,200,success,
1789927460.914171,GET,GET /api/v1/reservas,6.028808,200,success,
1789927460.940146,GET,GET /api/v1/reservas,4.727104,200,success,
1789927460.983977,GET,GET /api/v1/reservas,5.565616,200,success,
1789927461.009784,GET,GET /api/v1/reservas/{id},3.596772,200,success,
1789927461.066095,GET,GET /api/v1/reservas,5.956128,200,success,
1789927461.066541,GET,GET /api/v1/reservas,4.766795,200,success,
1789927461.116612,GET,GET /api/v1/reservas,4.770631,200,success,
1789927461.129273,GET,GET /api/v1/reservas,4.423013,200,success,
1789927461.163231,GET,GET /api/v1/reservas,4.702557,200,success,
1789927461.175673,GET,GET /api/v1/reservas,4.194548,200,success,
1789927461.198352,GET,GET /api/v1/reservas/{id},3.495849,200,success,
1789927461.201482,GET,GET /api/v1/reservas,3.920814,200,success,
1789927461.243589,GET,GET /api/v1/reservas/{id},3.930198,200,success,
1789927461.318274,GET,GET /api/v1/reservas,6.591280,200,success,
1789927461.322508,GET,GET /api/v1/reservas,5.036363,200,success,
1789927461.486146,GET,GET /api/v1/reservas/{id},5.380755,200,success,
1789927461.486420,GET,GET /api/v1/reservas/{id},5.195514,200,success,
1789927461.515093,GET,GET /api/v1/reservas/{id},3.512293,200,success,
1789927461.584066,GET,GET /api/v1/reservas,5.637596,200,success,
1789927461.619652,GET,GET /api/v1/reservas,5.325011,200,success,
1789927461.681366,GET,GET /api/v1/reservas,6.400521,200,success,
1789927461.809382,GET,GET /api/v1/reservas,7.635182,200,success,
1789927461.819823,GET,GET /api/v1/reservas,7.142296,200,success,
1789927461.820722,GET,GET /api/v1/reservas,5.155244,200,success,
1789927461.862523,GET,GET /api/v1/reservas,8.234030,200,success,
1789927461.873837,GET,GET /api/v1/reservas,9.936259,200,success,
1789927461.874104,GET,GET /api/v1/reservas,7.845991,200,success,
1789927461.876647,GET,GET /api/v1/reservas,6.748388,200,success,
1789927461.942779,GET,GET /api/v1/reservas,7.297080,200,success,
1789927462.010839,GET,GET /api/v1/reservas/{id},5.302097,200,success,
1789927462.036106,GET,GET /api/v1/reservas,4.970303,200,success,
1789927462.081510,GET,GET /api/v1/reservas,5.106871,200,success,
1789927462.126676,GET,GET /api/v1/reservas,5.856356,200,success,
1789927462.128667,GET,GET /api/v1/reservas,5.137386,200,success,
1789927462.163656,GET,GET /api/v1/reservas,4.741387,200,success,
1789927462.255287,GET,GET /api/v1/reservas,6.256833,200,success,
1789927462.311954,GET,GET /api/v1/reservas,5.494959,200,success,
1789927462.314502,GET,GET /api/v1/reservas,4.359749,200,success,
1789927462.331536,GET,GET /api/v1/reservas,4.767687,200,success,
1789927462.400286,GET,GET /api/v1/reservas,5.421567,200,success,
1789927462.433521,GET,GET /api/v1/reservas,4.971505,200,success,
1789927462.479054,GET,GET /api/v1/reservas,5.235795,200,success,
1789927462.510726,GET,GET /api/v1/reservas,5.342838,200,success,
1789927462.550376,GET,GET /api/v1/reservas,5.341366,200,success,
1789927462.596057,GET,GET /api/v1/reservas,6.365539,200,success,
1789927462.636040,GET,GET /api/v1/reservas,5.652327,200,success,
1789927462.734339,GET,GET /api/v1/reservas/{id},5.994566,200,success,
1789927462.743179,GET,GET /api/v1/reservas,7.489791,200,success,
1789927462.754647,GET,GET /api/v1/reservas,5.466075,200,success,
1789927462.772118,GET,GET /api/v1/reservas,5.141473,200,success,
1789927462.795170,GET,GET /api/v1/reservas,7.676705,200,success,
1789927462.900110,GET,GET /api/v1/reservas,11.483484,200,success,
1789927462.925063,GET,GET /api/v1/reservas,7.553168,200,success,
1789927462.946004,GET,GET /api/v1/reservas,5.612647,200,success,
1789927462.955192,GET,GET /api/v1/reservas,4.900597,200,success,
1789927462.962374,GET,GET /api/v1/reservas,4.868810,200,success,
1789927463.006017,GET,GET /api/v1/reservas,5.312542,200,success,
1789927463.017772,GET,GET /api/v1/reservas,4.483996,200,success,
1789927463.052320,GET,GET /api/v1/reservas,6.283764,200,success,
1789927463.101964,GET,GET /api/v1/reservas/{id},4.419479,200,success,
1789927463.139857,GET,GET /api/v1/reservas,5.530232,200,success,
1789927463.156093,GET,GET /api/v1/reservas/{id},4.018581,200,success,
1789927463.194625,GET,GET /api/v1/reservas,6.181138,200,success,
1789927463.207283,GET,GET /api/v1/reservas,5.348998,200,success,
1789927463.243840,GET,GET /api/v1/reservas/{id},4.334790,200,success,
1789927463.285939,GET,GET /api/v1/reservas,5.024876,200,success,
1789927463.315965,GET,GET /api/v1/reservas,4.760175,200,success,
1789927463.402810,GET,GET /api/v1/reservas/{id},4.556767,200,success,
1789927463.459919,GET,GET /api/v1/reservas,14.742666,200,success,
1789927463.512671,GET,GET /api/v1/reservas/{id},4.537588,200,success,
1789927463.659246,GET,GET /api/v1/reservas,6.125314,200,success,
1789927463.667866,GET,GET /api/v1/reservas,4.365427,200,success,
1789927463.695824,GET,GET /api/v1/reservas,4.650780,200,success,
1789927463.721666,GET,GET /api/v1/reservas,4.505630,200,success,
1789927463.724704,GET,GET /api/v1/reservas,4.007855,200,success,
1789927463.741031,GET,GET /api/v1/reservas,4.115277,200,success,
1789927463.753392,GET,GET /api/v1/reservas,4.130560,200,success,
1789927463.764715,GET,GET /api/v1/reservas/{id},3.164107,200,success,
1789927463.977709,GET,GET /api/v1/reservas,6.503978,200,success,
1789927464.034873,GET,GET /api/v1/reservas,7.980396,200,success,
1789927464.100192,GET,GET /api/v1/reservas,6.927099,200,success,
1789927464.168329,GET,GET /api/v1/reservas,7.727592,200,success,
1789927464.208516,GET,GET /api/v1/reservas,5.848013,200,success,
1789927464.247844,GET,GET /api/v1/reservas,7.003134,200,success,
1789927464.256513,GET,GET /api/v1/reservas/{id},5.441566,200,success,
1789927464.282095,GET,GET /api/v1/reservas,6.327570,200,success,
1789927464.294043,GET,GET /api/v1/reservas,5.288666,200,success,
1789927464.309630,GET,GET /api/v1/reservas/{id},5.381757,200,success,
1789927464.387124,GET,GET /api/v1/reservas,8.734959,200,success,
1789927464.411513,GET,GET /api/v1/reservas/{id},6.114096,200,success,
1789927464.465490,GET,GET /api/v1/reservas,7.559999,200,success,
1789927464.559599,GET,GET /api/v1/reservas,6.671762,200,success,
1789927464.585939,GET,GET /api/v1/reservas/{id},4.131943,200,success,
1789927464.600682,GET,GET /api/v1/reservas,4.464696,200,success,
1789927464.640863,GET,GET /api/v1/reservas,5.867973,200,success,
1789927464.656481,GET,GET /api/v1/reservas/{id},5.340735,200,success,
1789927464.665217,GET,GET /api/v1/reservas,5.436440,200,success,
1789927464.777936,GET,GET /api/v1/reservas,6.799917,200,success,
1789927464.778400,GET,GET /api/v1/reservas,7.746521,200,success,
1789927464.802079,GET,GET /api/v1/reservas,4.429603,200,success,
1789927464.824908,GET,GET /api/v1/reservas,4.600052,200,success,
1789927465.069774,GET,GET /api/v1/reservas/{id},5.443481,200,success,
1789927465.082280,GET,GET /api/v1/reservas/{id},3.294574,200,success,
1789927465.116472,GET,GET /api/v1/reservas,4.921970,200,success,
1789927465.119503,GET,GET /api/v1/reservas/{id},2.939185,200,success,
1789927465.130761,GET,GET /api/v1/reservas/{id},3.077284,200,success,
1789927465.165898,GET,GET /api/v1/reservas,5.836966,200,success,
1789927465.168156,GET,GET /api/v1/reservas,4.543295,200,success,
1789927465.175424,GET,GET /api/v1/reservas,4.050569,200,success,
1789927465.215750,GET,GET /api/v1/reservas,5.050525,200,success,
1789927465.236839,GET,GET /api/v1/reservas/{id},3.888484,200,success,
1789927465.315801,GET,GET /api/v1/reservas,5.834744,200,success,
1789927465.365399,GET,GET /api/v1/reservas,5.269648,200,success,
1789927465.395590,GET,GET /api/v1/reservas/{id},3.992020,200,success,
1789927465.434139,GET,GET /api/v1/reservas,5.281426,200,success,
1789927465.437977,GET,GET /api/v1/reservas,4.514221,200,success,
1789927465.456293,GET,GET /api/v1/reservas,4.074255,200,success,
1789927465.670333,GET,GET /api/v1/reservas,6.593834,200,success,
1789927465.680285,GET,GET /api/v1/reservas,4.692482,200,success,
1789927465.744881,GET,GET /api/v1/reservas,8.267040,200,success,
1789927465.755872,GET,GET /api/v1/reservas,5.673899,200,success,
1789927465.791063,GET,GET /api/v1/reservas/{id},3.969748,200,success,
1789927465.807006,GET,GET /api/v1/reservas,4.670358,200,success,
1789927465.844970,GET,GET /api/v1/reservas,4.717289,200,success,
1789927465.935839,GET,GET /api/v1/reservas/{id},4.614163,200,success,
1789927465.968046,GET,GET /api/v1/reservas,4.880618,200,success,
1789927465.987082,GET,GET /api/v1/reservas,4.765683,200,success,
1789927466.004027,GET,GET /api/v1/reservas,4.630208,200,success,
1789927466.075400,GET,GET /api/v1/reservas/{id},5.111598,200,success,
1789927466.077221,GET,GET /api/v1/reservas,7.370421,200,success,
1789927466.079058,GET,GET /api/v1/reservas/{id},3.531162,200,success,
1789927466.081552,GET,GET /api/v1/reservas,5.114882,200,success,
1789927466.153654,GET,GET /api/v1/reservas,5.749224,200,success,
1789927466.225894,GET,GET /api/v1/reservas,6.909703,200,success,
1789927466.268927,GET,GET /api/v1/reservas,5.767772,200,success,
1789927466.285362,GET,GET /api/v1/reservas,4.229540,200,success,
1789927466.321565,GET,GET /api/v1/reservas/{id},4.023268,200,success,
1789927466.332540,GET,GET /api/v1/reservas,4.417535,200,success,
1789927466.332906,GET,GET /api/v1/reservas,5.129185,200,success,
1789927466.371280,GET,GET /api/v1/reservas,5.108963,200,success,
1789927466.432027,GET,GET /api/v1/reservas,5.423450,200,success,
1789927466.477723,GET,GET /api/v1/reservas,5.394656,200,success,
1789927466.521028,GET,GET /api/v1/reservas,5.014120,200,success,
1789927466.534307,GET,GET /api/v1/reservas,4.946207,200,success,
1789927466.536250,GET,GET /api/v1/reservas,4.353118,200,success,
1789927466.602931,GET,GET /api/v1/reservas,5.365892,200,success,
1789927466.631837,GET,GET /api/v1/reservas,4.632251,200,success,
1789927466.656754,GET,GET /api/v1/reservas,4.637670,200,success,
1789927466.702867,GET,GET /api/v1/reservas,4.835298,200,success,
1789927466.776036,GET,GET /api/v1/reservas,5.818049,200,success,
1789927466.838800,GET,GET /api/v1/reservas,5.429620,200,success,
1789927466.890291,GET,GET /api/v1/reservas/{id},4.240838,200,success,
1789927466.982852,GET,GET /api/v1/reservas,5.881295,200,success,
1789927467.075835,GET,GET /api/v1/reservas/{id},4.720214,200,success,
1789927467.088667,GET,GET /api/v1/reservas,4.541744,200,success,
1789927467.142914,GET,GET /api/v1/reservas,5.896526,200,success,
1789927467.145497,GET,GET /api/v1/reservas/{id},3.813940,200,success,
1789927467.159272,GET,GET /api/v1/reservas,4.513242,200,success,
1789927467.214082,GET,GET /api/v1/reservas,5.476881,200,success,
1789927467.217994,GET,GET /api/v1/reservas,4.673985,200,success,
1789927467.241962,GET,GET /api/v1/reservas,4.719964,200,success,
1789927467.285431,GET,GET /api/v1/reservas,5.379122,200,success,
1789927467.382557,GET,GET /api/v1/reservas,7.216297,200,success,
1789927467.383049,GET,GET /api/v1/reservas,8.251406,200,success,
1789927467.391704,GET,GET /api/v1/reservas,5.638706,200,success,
1789927467.392220,GET,GET /api/v1/reservas,6.921111,200,success,
1789927467.400293,GET,GET /api/v1/reservas,6.816191,200,success,
1789927467.437107,GET,GET /api/v1/reservas,5.512575,200,success,
1789927467.479332,GET,GET /api/v1/reservas,4.961570,200,success,
1789927467.512639,GET,GET /api/v1/reservas/{id},4.978104,200,success,
1789927467.522146,GET,GET /api/v1/reservas,5.150497,200,success,
1789927467.545662,GET,GET /api/v1/reservas,5.232851,200,success,
1789927467.554056,GET,GET /api/v1/reservas,4.132984,200,success,
1789927467.609799,GET,GET /api/v1/reservas,5.439675,200,success,
1789927467.658287,GET,GET /api/v1/reservas,5.199100,200,success,
1789927467.744593,GET,GET /api/v1/reservas,5.942798,200,success,
1789927467.751316,GET,GET /api/v1/reservas/{id},3.546295,200,success,
1789927467.877522,GET,GET /api/v1/reservas/{id},4.903412,200,success,
1789927467.879939,GET,GET /api/v1/reservas,4.430535,200,success,
1789927467.898398,GET,GET /api/v1/reservas/{id},3.332991,200,success,
1789927467.903685,GET,GET /api/v1/reservas,4.065852,200,success,
1789927467.945027,GET,GET /api/v1/reservas/{id},4.144543,200,success,
1789927467.975283,GET,GET /api/v1/reservas,5.958081,200,success,
1789927468.084949,GET,GET /api/v1/reservas/{id},9.891282,200,success,
1789927468.091081,GET,GET /api/v1/reservas,6.958987,200,success,
1789927468.109626,GET,GET /api/v1/reservas,9.118681,200,success,
1789927468.138640,GET,GET /api/v1/reservas,10.568578,200,success,
1789927468.174375,GET,GET /api/v1/reservas,9.252894,200,success,
1789927468.192929,GET,GET /api/v1/reservas,8.189322,200,success,
1789927468.213369,GET,GET /api/v1/reservas,8.028960,200,success,
1789927468.281750,GET,GET /api/v1/reservas,9.584667,200,success,
1789927468.302360,GET,GET /api/v1/reservas/{id},8.250795,200,success,
1789927468.319995,GET,GET /api/v1/reservas,8.280521,200,success,
1789927468.330041,GET,GET /api/v1/reservas,8.622779,200,success,
1789927468.386104,GET,GET /api/v1/reservas,7.710116,200,success,
1789927468.412068,GET,GET /api/v1/reservas/{id},4.953297,200,success,
1789927468.412441,GET,GET /api/v1/reservas/{id},6.121158,200,success,
1789927468.437708,GET,GET /api/v1/reservas,4.982902,200,success,
1789927468.545738,GET,GET /api/v1/reservas,6.635517,200,success,
1789927468.655062,GET,GET /api/v1/reservas,5.879452,200,success,
1789927468.670046,GET,GET /api/v1/reservas,4.658421,200,success,
1789927468.735866,GET,GET /api/v1/reservas/{id},4.577709,200,success,
1789927468.755007,GET,GET /api/v1/reservas/{id},3.924547,200,success,
1789927468.759357,GET,GET /api/v1/reservas,4.924785,200,success,
1789927468.837242,GET,GET /api/v1/reservas,6.486872,200,success,
1789927468.943795,GET,GET /api/v1/reservas,6.141238,200,success,
1789927468.969043,GET,GET /api/v1/reservas,4.939366,200,success,
1789927468.981730,GET,GET /api/v1/reservas,4.436264,200,success,
1789927469.031094,GET,GET /api/v1/reservas,5.072759,200,success,
1789927469.116970,GET,GET /api/v1/reservas,6.489927,200,success,
1789927469.136069,GET,GET /api/v1/reservas,4.787556,200,success,
1789927469.149135,GET,GET /api/v1/reservas,4.800095,200,success,
1789927469.201879,GET,GET /api/v1/reservas,7.410582,200,success,
1789927469.234474,GET,GET /api/v1/reservas/{id},4.371856,200,success,
1789927469.260667,GET,GET /api/v1/reservas/{id},3.984038,200,success,
1789927469.263623,GET,GET /api/v1/reservas,4.764232,200,success,
1789927469.331965,GET,GET /api/v1/reservas/{id},4.425027,200,success,
1789927469.440257,GET,GET /api/v1/reservas,5.877789,200,success,
1789927469.462341,GET,GET /api/v1/reservas,4.811543,200,success,
1789927469.596376,GET,GET /api/v1/reservas/{id},5.722384,200,success,
1789927469.665628,GET,GET /api/v1/reservas/{id},4.951224,200,success,
1789927469.666471,GET,GET /api/v1/reservas,5.325151,200,success,
1789927469.695379,GET,GET /api/v1/reservas,4.669598,200,success,
1789927469.720201,GET,GET /api/v1/reservas,4.553312,200,success,
1789927469.738972,GET,GET /api/v1/reservas,4.573943,200,success,
1789927469.754786,GET,GET /api/v1/reservas/{id},3.619206,200,success,
1789927469.829587,GET,GET /api/v1/reservas,6.439660,200,success,
1789927469.830298,GET,GET /api/v1/reservas,5.386464,200,success,
1789927469.849363,GET,GET /api/v1/reservas,4.863251,200,success,
1789927469.888753,GET,GET /api/v1/reservas,5.105949,200,success,
1789927470.008581,GET,GET /api/v1/reservas,6.426961,200,success,
1789927470.024599,GET,GET /api/v1/reservas/{id},4.342953,200,success,
1789927470.032318,GET,GET /api/v1/reservas,4.471608,200,success,
1789927470.092475,GET,GET /api/v1/reservas,5.850567,200,success,
1789927470.096452,GET,GET /api/v1/reservas,4.731190,200,success,
1789927470.234963,GET,GET /api/v1/reservas,6.132053,200,success,
1789927470.261262,GET,GET /api/v1/reservas/{id},4.075086,200,success,
1789927470.265183,GET,GET /api/v1/reservas/{id},3.827682,200,success,
1789927470.265887,GET,GET /api/v1/reservas,5.129224,200,success,
1789927470.315097,GET,GET /api/v1/reservas,5.148774,200,success,
1789927470.329717,GET,GET /api/v1/reservas,4.360378,200,success,
1789927470.353384,GET,GET /api/v1/reservas/{id},4.487772,200,success,
1789927470.398238,GET,GET /api/v1/reservas,6.476566,200,success,
1789927470.486021,GET,GET /api/v1/reservas,5.904299,200,success,
1789927470.486389,GET,GET /api/v1/reservas,6.816031,200,success,
1789927470.494588,GET,GET /api/v1/reservas,3.947453,200,success,
1789927470.543197,GET,GET /api/v1/reservas,7.259523,200,success,
1789927470.570889,GET,GET /api/v1/reservas,5.317670,200,success,
1789927470.648379,GET,GET /api/v1/reservas/{id},5.231319,200,success,
1789927470.752445,GET,GET /api/v1/reservas,6.658432,200,success,
1789927470.757135,GET,GET /api/v1/reservas,5.486075,200,success,
1789927470.768047,GET,GET /api/v1/reservas,4.632972,200,success,
1789927470.782552,GET,GET /api/v1/reservas,4.254789,200,success,
1789927470.888590,GET,GET /api/v1/reservas/{id},4.753986,200,success,
1789927470.901461,GET,GET /api/v1/reservas/{id},3.686697,200,success,
1789927471.033957,GET,GET /api/v1/reservas/{id},4.702978,200,success,
1789927471.034808,GET,GET /api/v1/reservas,5.942136,200,success,
1789927471.083466,GET,GET /api/v1/reservas,5.378060,200,success,
1789927471.170872,GET,GET /api/v1/reservas,6.017220,200,success,
1789927471.191670,GET,GET /api/v1/reservas,4.530197,200,success,
1789927471.289384,GET,GET /api/v1/reservas/{id},4.652102,200,success,
1789927471.345950,GET,GET /api/v1/reservas/{id},4.340459,200,success,
1789927471.372728,GET,GET /api/v1/reservas,5.470041,200,success,
1789927471.440754,GET,GET /api/v1/reservas,9.720262,200,success,
1789927471.442318,GET,GET /api/v1/reservas/{id},5.280504,200,success,
1789927471.464376,GET,GET /api/v1/reservas,5.758408,200,success,
1789927471.509272,GET,GET /api/v1/reservas/{id},4.673423,200,success,
1789927471.517905,GET,GET /api/v1/reservas,5.357830,200,success,
1789927471.551199,GET,GET /api/v1/reservas,5.040590,200,success,
1789927471.570142,GET,GET /api/v1/reservas,4.694145,200,success,
1789927471.605245,GET,GET /api/v1/reservas/{id},3.909295,200,success,
1789927471.635753,GET,GET /api/v1/reservas,5.236937,200,success,
1789927471.732702,GET,GET /api/v1/reservas,6.551210,200,success,
