[2026-09-20 17:59:31,863] pfc-pruebas-e1/INFO/locust.main: Run time limit set to 300 seconds
[2026-09-20 17:59:31,864] pfc-pruebas-e1/INFO/locust.main: Starting Locust 2.31.6
Type     Name                                                                          # reqs      # fails |    Avg     Min     Max    Med |   req/s  failures/s
--------|----------------------------------------------------------------------------|-------|-------------|-------|-------|-------|-------|--------|-----------
--------|----------------------------------------------------------------------------|-------|-------------|-------|-------|-------|-------|--------|-----------
         Aggregated                                                                         0     0(0.00%) |      0       0       0      0 |    0.00        0.00

[2026-09-20 17:59:31,865] pfc-pruebas-e1/INFO/locust.runners: Ramping to 50 users at a rate of 10.00 per second
Type     Name                                                                          # reqs      # fails |    Avg     Min     Max    Med |   req/s  failures/s
--------|----------------------------------------------------------------------------|-------|-------------|-------|-------|-------|-------|--------|-----------
GET      GET /api/v1/reservas                                                              10     0(0.00%) |     19       7      85      9 |    0.00        0.00
POST     POST /api/v1/auth/login                                                           10     0(0.00%) |   1193     792    1469   1200 |    0.00        0.00
--------|----------------------------------------------------------------------------|-------|-------------|-------|-------|-------|-------|--------|-----------
         Aggregated                                                                        20     0(0.00%) |    606       7    1469     86 |    0.00        0.00

Type     Name                                                                          # reqs      # fails |    Avg     Min     Max    Med |   req/s  failures/s
--------|----------------------------------------------------------------------------|-------|-------------|-------|-------|-------|-------|--------|-----------
GET      GET /api/v1/reservas                                                              36     0(0.00%) |     12       5      85      8 |    2.00        0.00
GET      GET /api/v1/reservas/{id}                                                          3     0(0.00%) |     14       9      18     14 |    0.00        0.00
POST     POST /api/v1/auth/login                                                           28     0(0.00%) |   1427     792    2045   1400 |    2.00        0.00
--------|----------------------------------------------------------------------------|-------|-------------|-------|-------|-------|-------|--------|-----------
         Aggregated                                                                        67     0(0.00%) |    604       5    2045     19 |    4.00        0.00

[2026-09-20 17:59:35,878] pfc-pruebas-e1/INFO/locust.runners: All users spawned: {"ReservasUser": 50} (50 total users)
Type     Name                                                                          # reqs      # fails |    Avg     Min     Max    Med |   req/s  failures/s
--------|----------------------------------------------------------------------------|-------|-------------|-------|-------|-------|-------|--------|-----------
GET      GET /api/v1/reservas                                                              79     0(0.00%) |     11       4      85      8 |    6.00        0.00
GET      GET /api/v1/reservas/{id}                                                         10     0(0.00%) |     11       5      31      7 |    0.25        0.00
POST     POST /api/v1/auth/login                                                           50     0(0.00%) |   1530     792    2097   1500 |    5.00        0.00
--------|----------------------------------------------------------------------------|-------|-------------|-------|-------|-------|-------|--------|-----------
         Aggregated                                                                       139     0(0.00%) |    557       4    2097     12 |   11.25        0.00

Type     Name                                                                          # reqs      # fails |    Avg     Min     Max    Med |   req/s  failures/s
--------|----------------------------------------------------------------------------|-------|-------------|-------|-------|-------|-------|--------|-----------
GET      GET /api/v1/reservas                                                             120     0(0.00%) |      9       4      85      7 |   10.17        0.00
GET      GET /api/v1/reservas/{id}                                                         18     0(0.00%) |      8       3      31      6 |    1.17        0.00
POST     POST /api/v1/auth/login                                                           50     0(0.00%) |   1530     792    2097   1500 |    6.67        0.00
--------|----------------------------------------------------------------------------|-------|-------------|-------|-------|-------|-------|--------|-----------
         Aggregated                                                                       188     0(0.00%) |    413       3    2097      8 |   18.00        0.00

Type     Name                                                                          # reqs      # fails |    Avg     Min     Max    Med |   req/s  failures/s
--------|----------------------------------------------------------------------------|-------|-------------|-------|-------|-------|-------|--------|-----------
GET      GET /api/v1/reservas                                                             159     0(0.00%) |      8       3      85      6 |   12.50        0.00
GET      GET /api/v1/reservas/{id}                                                         31     0(0.00%) |      6       3      31      5 |    1.62        0.00
POST     POST /api/v1/auth/login                                                           50     0(0.00%) |   1530     792    2097   1500 |    6.25        0.00
--------|----------------------------------------------------------------------------|-------|-------------|-------|-------|-------|-------|--------|-----------
         Aggregated                                                                       240     0(0.00%) |    325       3    2097      7 |   20.38        0.00

Type     Name                                                                          # reqs      # fails |    Avg     Min     Max    Med |   req/s  failures/s
--------|----------------------------------------------------------------------------|-------|-------------|-------|-------|-------|-------|--------|-----------
GET      GET /api/v1/reservas                                                             204     0(0.00%) |      8       3      85      6 |   14.40        0.00
GET      GET /api/v1/reservas/{id}                                                         39     0(0.00%) |      6       3      31      4 |    2.60        0.00
POST     POST /api/v1/auth/login                                                           50     0(0.00%) |   1530     792    2097   1500 |    5.00        0.00
--------|----------------------------------------------------------------------------|-------|-------------|-------|-------|-------|-------|--------|-----------
         Aggregated                                                                       293     0(0.00%) |    267       3    2097      7 |   22.00        0.00

Type     Name                                                                          # reqs      # fails |    Avg     Min     Max    Med |   req/s  failures/s
--------|----------------------------------------------------------------------------|-------|-------------|-------|-------|-------|-------|--------|-----------
GET      GET /api/v1/reservas                                                             247     0(0.00%) |      7       3      85      6 |   17.70        0.00
GET      GET /api/v1/reservas/{id}                                                         51     0(0.00%) |      5       3      31      4 |    3.80        0.00
POST     POST /api/v1/auth/login                                                           50     0(0.00%) |   1530     792    2097   1500 |    4.60        0.00
--------|----------------------------------------------------------------------------|-------|-------------|-------|-------|-------|-------|--------|-----------
         Aggregated                                                                       348     0(0.00%) |    226       3    2097      6 |   26.10        0.00

Type     Name                                                                          # reqs      # fails |    Avg     Min     Max    Med |   req/s  failures/s
--------|----------------------------------------------------------------------------|-------|-------------|-------|-------|-------|-------|--------|-----------
GET      GET /api/v1/reservas                                                             281     0(0.00%) |      7       3      85      6 |   19.70        0.00
GET      GET /api/v1/reservas/{id}                                                         63     0(0.00%) |      5       3      31      4 |    4.60        0.00
POST     POST /api/v1/auth/login                                                           50     0(0.00%) |   1530     792    2097   1500 |    3.00        0.00
--------|----------------------------------------------------------------------------|-------|-------------|-------|-------|-------|-------|--------|-----------
         Aggregated                                                                       394     0(0.00%) |    200       3    2097      6 |   27.30        0.00

Type     Name                                                                          # reqs      # fails |    Avg     Min     Max    Med |   req/s  failures/s
--------|----------------------------------------------------------------------------|-------|-------------|-------|-------|-------|-------|--------|-----------
GET      GET /api/v1/reservas                                                             325     0(0.00%) |      7       3      85      6 |   20.30        0.00
GET      GET /api/v1/reservas/{id}                                                         72     0(0.00%) |      5       3      31      4 |    4.90        0.00
POST     POST /api/v1/auth/login                                                           50     0(0.00%) |   1530     792    2097   1500 |    1.00        0.00
--------|----------------------------------------------------------------------------|-------|-------------|-------|-------|-------|-------|--------|-----------
         Aggregated                                                                       447     0(0.00%) |    177       3    2097      6 |   26.20        0.00

Type     Name                                                                          # reqs      # fails |    Avg     Min     Max    Med |   req/s  failures/s
--------|----------------------------------------------------------------------------|-------|-------------|-------|-------|-------|-------|--------|-----------
GET      GET /api/v1/reservas                                                             361     0(0.00%) |      7       3      85      6 |   20.70        0.00
GET      GET /api/v1/reservas/{id}                                                         86     0(0.00%) |      5       3      31      4 |    5.50        0.00
POST     POST /api/v1/auth/login                                                           50     0(0.00%) |   1530     792    2097   1500 |    0.00        0.00
--------|----------------------------------------------------------------------------|-------|-------------|-------|-------|-------|-------|--------|-----------
         Aggregated                                                                       497     0(0.00%) |    159       3    2097      6 |   26.20        0.00

Type     Name                                                                          # reqs      # fails |    Avg     Min     Max    Med |   req/s  failures/s
--------|----------------------------------------------------------------------------|-------|-------------|-------|-------|-------|-------|--------|-----------
GET      GET /api/v1/reservas                                                             398     0(0.00%) |      7       3      85      6 |   20.20        0.00
GET      GET /api/v1/reservas/{id}                                                        103     0(0.00%) |      5       3      31      4 |    5.30        0.00
POST     POST /api/v1/auth/login                                                           50     0(0.00%) |   1530     792    2097   1500 |    0.00        0.00
--------|----------------------------------------------------------------------------|-------|-------------|-------|-------|-------|-------|--------|-----------
         Aggregated                                                                       551     0(0.00%) |    144       3    2097      6 |   25.50        0.00

Type     Name                                                                          # reqs      # fails |    Avg     Min     Max    Med |   req/s  failures/s
--------|----------------------------------------------------------------------------|-------|-------------|-------|-------|-------|-------|--------|-----------
GET      GET /api/v1/reservas                                                             432     0(0.00%) |      6       3      85      6 |   20.10        0.00
GET      GET /api/v1/reservas/{id}                                                        116     0(0.00%) |      5       3      31      4 |    5.50        0.00
POST     POST /api/v1/auth/login                                                           50     0(0.00%) |   1530     792    2097   1500 |    0.00        0.00
--------|----------------------------------------------------------------------------|-------|-------------|-------|-------|-------|-------|--------|-----------
         Aggregated                                                                       598     0(0.00%) |    133       3    2097      6 |   25.60        0.00

Type     Name                                                                          # reqs      # fails |    Avg     Min     Max    Med |   req/s  failures/s
--------|----------------------------------------------------------------------------|-------|-------------|-------|-------|-------|-------|--------|-----------
GET      GET /api/v1/reservas                                                             468     0(0.00%) |      6       3      85      6 |   19.70        0.00
GET      GET /api/v1/reservas/{id}                                                        128     0(0.00%) |      5       3      31      4 |    6.30        0.00
POST     POST /api/v1/auth/login                                                           50     0(0.00%) |   1530     792    2097   1500 |    0.00        0.00
--------|----------------------------------------------------------------------------|-------|-------------|-------|-------|-------|-------|--------|-----------
         Aggregated                                                                       646     0(0.00%) |    124       3    2097      6 |   26.00        0.00

Type     Name                                                                          # reqs      # fails |    Avg     Min     Max    Med |   req/s  failures/s
--------|----------------------------------------------------------------------------|-------|-------------|-------|-------|-------|-------|--------|-----------
GET      GET /api/v1/reservas                                                             507     0(0.00%) |      6       3      85      6 |   19.20        0.00
GET      GET /api/v1/reservas/{id}                                                        141     0(0.00%) |      4       3      31      4 |    6.70        0.00
POST     POST /api/v1/auth/login                                                           50     0(0.00%) |   1530     792    2097   1500 |    0.00        0.00
--------|----------------------------------------------------------------------------|-------|-------------|-------|-------|-------|-------|--------|-----------
         Aggregated                                                                       698     0(0.00%) |    115       3    2097      6 |   25.90        0.00

Type     Name                                                                          # reqs      # fails |    Avg     Min     Max    Med |   req/s  failures/s
--------|----------------------------------------------------------------------------|-------|-------------|-------|-------|-------|-------|--------|-----------
GET      GET /api/v1/reservas                                                             537     0(0.00%) |      6       3      85      6 |   18.50        0.00
GET      GET /api/v1/reservas/{id}                                                        155     0(0.00%) |      4       3      31      4 |    6.60        0.00
POST     POST /api/v1/auth/login                                                           50     0(0.00%) |   1530     792    2097   1500 |    0.00        0.00
--------|----------------------------------------------------------------------------|-------|-------------|-------|-------|-------|-------|--------|-----------
         Aggregated                                                                       742     0(0.00%) |    108       3    2097      6 |   25.10        0.00

Type     Name                                                                          # reqs      # fails |    Avg     Min     Max    Med |   req/s  failures/s
--------|----------------------------------------------------------------------------|-------|-------------|-------|-------|-------|-------|--------|-----------
GET      GET /api/v1/reservas                                                             576     0(0.00%) |      6       3      85      6 |   17.80        0.00
GET      GET /api/v1/reservas/{id}                                                        169     0(0.00%) |      4       3      31      4 |    6.90        0.00
POST     POST /api/v1/auth/login                                                           50     0(0.00%) |   1530     792    2097   1500 |    0.00        0.00
--------|----------------------------------------------------------------------------|-------|-------------|-------|-------|-------|-------|--------|-----------
         Aggregated                                                                       795     0(0.00%) |    102       3    2097      6 |   24.70        0.00

Type     Name                                                                          # reqs      # fails |    Avg     Min     Max    Med |   req/s  failures/s
--------|----------------------------------------------------------------------------|-------|-------------|-------|-------|-------|-------|--------|-----------
GET      GET /api/v1/reservas                                                             606     0(0.00%) |      6       3      85      6 |   17.50        0.00
GET      GET /api/v1/reservas/{id}                                                        188     0(0.00%) |      4       3      31      4 |    7.00        0.00
POST     POST /api/v1/auth/login                                                           50     0(0.00%) |   1530     792    2097   1500 |    0.00        0.00
--------|----------------------------------------------------------------------------|-------|-------------|-------|-------|-------|-------|--------|-----------
         Aggregated                                                                       844     0(0.00%) |     96       3    2097      5 |   24.50        0.00

Type     Name                                                                          # reqs      # fails |    Avg     Min     Max    Med |   req/s  failures/s
--------|----------------------------------------------------------------------------|-------|-------------|-------|-------|-------|-------|--------|-----------
GET      GET /api/v1/reservas                                                             642     0(0.00%) |      6       3      85      6 |   17.50        0.00
GET      GET /api/v1/reservas/{id}                                                        205     0(0.00%) |      4       3      31      4 |    6.80        0.00
POST     POST /api/v1/auth/login                                                           50     0(0.00%) |   1530     792    2097   1500 |    0.00        0.00
--------|----------------------------------------------------------------------------|-------|-------------|-------|-------|-------|-------|--------|-----------
         Aggregated                                                                       897     0(0.00%) |     91       3    2097      5 |   24.30        0.00

Type     Name                                                                          # reqs      # fails |    Avg     Min     Max    Med |   req/s  failures/s
--------|----------------------------------------------------------------------------|-------|-------------|-------|-------|-------|-------|--------|-----------
GET      GET /api/v1/reservas                                                             678     0(0.00%) |      6       3      85      6 |   17.20        0.00
GET      GET /api/v1/reservas/{id}                                                        214     0(0.00%) |      4       3      31      4 |    7.40        0.00
POST     POST /api/v1/auth/login                                                           50     0(0.00%) |   1530     792    2097   1500 |    0.00        0.00
--------|----------------------------------------------------------------------------|-------|-------------|-------|-------|-------|-------|--------|-----------
         Aggregated                                                                       942     0(0.00%) |     87       3    2097      5 |   24.60        0.00

Type     Name                                                                          # reqs      # fails |    Avg     Min     Max    Med |   req/s  failures/s
--------|----------------------------------------------------------------------------|-------|-------------|-------|-------|-------|-------|--------|-----------
GET      GET /api/v1/reservas                                                             724     0(0.00%) |      6       3      85      6 |   17.00        0.00
GET      GET /api/v1/reservas/{id}                                                        222     0(0.00%) |      4       2      31      4 |    7.60        0.00
POST     POST /api/v1/auth/login                                                           50     0(0.00%) |   1530     792    2097   1500 |    0.00        0.00
--------|----------------------------------------------------------------------------|-------|-------------|-------|-------|-------|-------|--------|-----------
         Aggregated                                                                       996     0(0.00%) |     82       2    2097      5 |   24.60        0.00

Type     Name                                                                          # reqs      # fails |    Avg     Min     Max    Med |   req/s  failures/s
--------|----------------------------------------------------------------------------|-------|-------------|-------|-------|-------|-------|--------|-----------
GET      GET /api/v1/reservas                                                             766     0(0.00%) |      6       3      85      6 |   17.90        0.00
GET      GET /api/v1/reservas/{id}                                                        236     0(0.00%) |      4       2      31      4 |    7.20        0.00
POST     POST /api/v1/auth/login                                                           50     0(0.00%) |   1530     792    2097   1500 |    0.00        0.00
--------|----------------------------------------------------------------------------|-------|-------------|-------|-------|-------|-------|--------|-----------
         Aggregated                                                                      1052     0(0.00%) |     78       2    2097      5 |   25.10        0.00

Type     Name                                                                          # reqs      # fails |    Avg     Min     Max    Med |   req/s  failures/s
--------|----------------------------------------------------------------------------|-------|-------------|-------|-------|-------|-------|--------|-----------
GET      GET /api/v1/reservas                                                             806     0(0.00%) |      6       3      85      6 |   19.20        0.00
GET      GET /api/v1/reservas/{id}                                                        250     0(0.00%) |      4       2      31      4 |    6.90        0.00
POST     POST /api/v1/auth/login                                                           50     0(0.00%) |   1530     792    2097   1500 |    0.00        0.00
--------|----------------------------------------------------------------------------|-------|-------------|-------|-------|-------|-------|--------|-----------
         Aggregated                                                                      1106     0(0.00%) |     74       2    2097      5 |   26.10        0.00

Type     Name                                                                          # reqs      # fails |    Avg     Min     Max    Med |   req/s  failures/s
--------|----------------------------------------------------------------------------|-------|-------------|-------|-------|-------|-------|--------|-----------
GET      GET /api/v1/reservas                                                             845     0(0.00%) |      6       3      85      6 |   19.40        0.00
GET      GET /api/v1/reservas/{id}                                                        260     0(0.00%) |      4       2      31      4 |    6.70        0.00
POST     POST /api/v1/auth/login                                                           50     0(0.00%) |   1530     792    2097   1500 |    0.00        0.00
--------|----------------------------------------------------------------------------|-------|-------------|-------|-------|-------|-------|--------|-----------
         Aggregated                                                                      1155     0(0.00%) |     71       2    2097      5 |   26.10        0.00

Type     Name                                                                          # reqs      # fails |    Avg     Min     Max    Med |   req/s  failures/s
--------|----------------------------------------------------------------------------|-------|-------------|-------|-------|-------|-------|--------|-----------
GET      GET /api/v1/reservas                                                             882     0(0.00%) |      6       3      85      6 |   19.90        0.00
GET      GET /api/v1/reservas/{id}                                                        269     0(0.00%) |      4       2      31      4 |    6.00        0.00
POST     POST /api/v1/auth/login                                                           50     0(0.00%) |   1530     792    2097   1500 |    0.00        0.00
--------|----------------------------------------------------------------------------|-------|-------------|-------|-------|-------|-------|--------|-----------
         Aggregated                                                                      1201     0(0.00%) |     69       2    2097      5 |   25.90        0.00

Type     Name                                                                          # reqs      # fails |    Avg     Min     Max    Med |   req/s  failures/s
--------|----------------------------------------------------------------------------|-------|-------------|-------|-------|-------|-------|--------|-----------
GET      GET /api/v1/reservas                                                             920     0(0.00%) |      6       3      85      6 |   20.70        0.00
GET      GET /api/v1/reservas/{id}                                                        284     0(0.00%) |      4       2      31      4 |    5.50        0.00
POST     POST /api/v1/auth/login                                                           50     0(0.00%) |   1530     792    2097   1500 |    0.00        0.00
--------|----------------------------------------------------------------------------|-------|-------------|-------|-------|-------|-------|--------|-----------
         Aggregated                                                                      1254     0(0.00%) |     66       2    2097      5 |   26.20        0.00

Type     Name                                                                          # reqs      # fails |    Avg     Min     Max    Med |   req/s  failures/s
--------|----------------------------------------------------------------------------|-------|-------------|-------|-------|-------|-------|--------|-----------
GET      GET /api/v1/reservas                                                             955     0(0.00%) |      6       3      85      6 |   20.60        0.00
GET      GET /api/v1/reservas/{id}                                                        300     0(0.00%) |      4       2      31      4 |    6.00        0.00
POST     POST /api/v1/auth/login                                                           50     0(0.00%) |   1530     792    2097   1500 |    0.00        0.00
--------|----------------------------------------------------------------------------|-------|-------------|-------|-------|-------|-------|--------|-----------
         Aggregated                                                                      1305     0(0.00%) |     64       2    2097      5 |   26.60        0.00

Type     Name                                                                          # reqs      # fails |    Avg     Min     Max    Med |   req/s  failures/s
--------|----------------------------------------------------------------------------|-------|-------------|-------|-------|-------|-------|--------|-----------
GET      GET /api/v1/reservas                                                             988     0(0.00%) |      6       3      85      6 |   19.20        0.00
GET      GET /api/v1/reservas/{id}                                                        313     0(0.00%) |      4       2      31      4 |    5.80        0.00
POST     POST /api/v1/auth/login                                                           50     0(0.00%) |   1530     792    2097   1500 |    0.00        0.00
--------|----------------------------------------------------------------------------|-------|-------------|-------|-------|-------|-------|--------|-----------
         Aggregated                                                                      1351     0(0.00%) |     62       2    2097      5 |   25.00        0.00

Type     Name                                                                          # reqs      # fails |    Avg     Min     Max    Med |   req/s  failures/s
--------|----------------------------------------------------------------------------|-------|-------------|-------|-------|-------|-------|--------|-----------
GET      GET /api/v1/reservas                                                            1022     0(0.00%) |      6       3      85      6 |   18.50        0.00
GET      GET /api/v1/reservas/{id}                                                        330     0(0.00%) |      4       2      31      4 |    6.30        0.00
POST     POST /api/v1/auth/login                                                           50     0(0.00%) |   1530     792    2097   1500 |    0.00        0.00
--------|----------------------------------------------------------------------------|-------|-------------|-------|-------|-------|-------|--------|-----------
         Aggregated                                                                      1402     0(0.00%) |     60       2    2097      5 |   24.80        0.00

Type     Name                                                                          # reqs      # fails |    Avg     Min     Max    Med |   req/s  failures/s
--------|----------------------------------------------------------------------------|-------|-------------|-------|-------|-------|-------|--------|-----------
GET      GET /api/v1/reservas                                                            1062     0(0.00%) |      6       3      85      6 |   17.70        0.00
GET      GET /api/v1/reservas/{id}                                                        339     0(0.00%) |      4       2      31      4 |    6.70        0.00
POST     POST /api/v1/auth/login                                                           50     0(0.00%) |   1530     792    2097   1500 |    0.00        0.00
--------|----------------------------------------------------------------------------|-------|-------------|-------|-------|-------|-------|--------|-----------
         Aggregated                                                                      1451     0(0.00%) |     58       2    2097      5 |   24.40        0.00

Type     Name                                                                          # reqs      # fails |    Avg     Min     Max    Med |   req/s  failures/s
--------|----------------------------------------------------------------------------|-------|-------------|-------|-------|-------|-------|--------|-----------
GET      GET /api/v1/reservas                                                            1098     0(0.00%) |      6       3      85      6 |   17.10        0.00
GET      GET /api/v1/reservas/{id}                                                        353     0(0.00%) |      4       2      31      4 |    7.30        0.00
POST     POST /api/v1/auth/login                                                           50     0(0.00%) |   1530     792    2097   1500 |    0.00        0.00
--------|----------------------------------------------------------------------------|-------|-------------|-------|-------|-------|-------|--------|-----------
         Aggregated                                                                      1501     0(0.00%) |     56       2    2097      5 |   24.40        0.00

Type     Name                                                                          # reqs      # fails |    Avg     Min     Max    Med |   req/s  failures/s
--------|----------------------------------------------------------------------------|-------|-------------|-------|-------|-------|-------|--------|-----------
GET      GET /api/v1/reservas                                                            1132     0(0.00%) |      6       3      85      6 |   17.50        0.00
GET      GET /api/v1/reservas/{id}                                                        365     0(0.00%) |      4       2      31      4 |    6.50        0.00
POST     POST /api/v1/auth/login                                                           50     0(0.00%) |   1530     792    2097   1500 |    0.00        0.00
--------|----------------------------------------------------------------------------|-------|-------------|-------|-------|-------|-------|--------|-----------
         Aggregated                                                                      1547     0(0.00%) |     55       2    2097      5 |   24.00        0.00

Type     Name                                                                          # reqs      # fails |    Avg     Min     Max    Med |   req/s  failures/s
--------|----------------------------------------------------------------------------|-------|-------------|-------|-------|-------|-------|--------|-----------
GET      GET /api/v1/reservas                                                            1181     0(0.00%) |      6       3      85      6 |   17.60        0.00
GET      GET /api/v1/reservas/{id}                                                        372     0(0.00%) |      4       2      31      4 |    7.20        0.00
POST     POST /api/v1/auth/login                                                           50     0(0.00%) |   1530     792    2097   1500 |    0.00        0.00
--------|----------------------------------------------------------------------------|-------|-------------|-------|-------|-------|-------|--------|-----------
         Aggregated                                                                      1603     0(0.00%) |     53       2    2097      5 |   24.80        0.00

Type     Name                                                                          # reqs      # fails |    Avg     Min     Max    Med |   req/s  failures/s
--------|----------------------------------------------------------------------------|-------|-------------|-------|-------|-------|-------|--------|-----------
GET      GET /api/v1/reservas                                                            1212     0(0.00%) |      6       3      85      6 |   18.30        0.00
GET      GET /api/v1/reservas/{id}                                                        391     0(0.00%) |      4       2      31      4 |    6.20        0.00
POST     POST /api/v1/auth/login                                                           50     0(0.00%) |   1530     792    2097   1500 |    0.00        0.00
--------|----------------------------------------------------------------------------|-------|-------------|-------|-------|-------|-------|--------|-----------
         Aggregated                                                                      1653     0(0.00%) |     51       2    2097      5 |   24.50        0.00

Type     Name                                                                          # reqs      # fails |    Avg     Min     Max    Med |   req/s  failures/s
--------|----------------------------------------------------------------------------|-------|-------------|-------|-------|-------|-------|--------|-----------
GET      GET /api/v1/reservas                                                            1248     0(0.00%) |      6       3      85      6 |   19.40        0.00
GET      GET /api/v1/reservas/{id}                                                        400     0(0.00%) |      4       2      31      4 |    5.30        0.00
POST     POST /api/v1/auth/login                                                           50     0(0.00%) |   1530     792    2097   1500 |    0.00        0.00
--------|----------------------------------------------------------------------------|-------|-------------|-------|-------|-------|-------|--------|-----------
         Aggregated                                                                      1698     0(0.00%) |     50       2    2097      5 |   24.70        0.00

Type     Name                                                                          # reqs      # fails |    Avg     Min     Max    Med |   req/s  failures/s
--------|----------------------------------------------------------------------------|-------|-------------|-------|-------|-------|-------|--------|-----------
GET      GET /api/v1/reservas                                                            1291     0(0.00%) |      6       3      85      6 |   18.90        0.00
GET      GET /api/v1/reservas/{id}                                                        408     0(0.00%) |      4       2      31      4 |    5.80        0.00
POST     POST /api/v1/auth/login                                                           50     0(0.00%) |   1530     792    2097   1500 |    0.00        0.00
--------|----------------------------------------------------------------------------|-------|-------------|-------|-------|-------|-------|--------|-----------
         Aggregated                                                                      1749     0(0.00%) |     49       2    2097      5 |   24.70        0.00

Type     Name                                                                          # reqs      # fails |    Avg     Min     Max    Med |   req/s  failures/s
--------|----------------------------------------------------------------------------|-------|-------------|-------|-------|-------|-------|--------|-----------
GET      GET /api/v1/reservas                                                            1328     0(0.00%) |      6       3      85      6 |   18.70        0.00
GET      GET /api/v1/reservas/{id}                                                        416     0(0.00%) |      4       2      31      4 |    5.80        0.00
POST     POST /api/v1/auth/login                                                           50     0(0.00%) |   1530     792    2097   1500 |    0.00        0.00
--------|----------------------------------------------------------------------------|-------|-------------|-------|-------|-------|-------|--------|-----------
         Aggregated                                                                      1794     0(0.00%) |     48       2    2097      5 |   24.50        0.00

Type     Name                                                                          # reqs      # fails |    Avg     Min     Max    Med |   req/s  failures/s
--------|----------------------------------------------------------------------------|-------|-------------|-------|-------|-------|-------|--------|-----------
GET      GET /api/v1/reservas                                                            1368     0(0.00%) |      6       3     141      6 |   19.40        0.00
GET      GET /api/v1/reservas/{id}                                                        428     0(0.00%) |      5       2     138      4 |    5.20        0.00
POST     POST /api/v1/auth/login                                                           50     0(0.00%) |   1530     792    2097   1500 |    0.00        0.00
--------|----------------------------------------------------------------------------|-------|-------------|-------|-------|-------|-------|--------|-----------
         Aggregated                                                                      1846     0(0.00%) |     47       2    2097      5 |   24.60        0.00

Type     Name                                                                          # reqs      # fails |    Avg     Min     Max    Med |   req/s  failures/s
--------|----------------------------------------------------------------------------|-------|-------------|-------|-------|-------|-------|--------|-----------
GET      GET /api/v1/reservas                                                            1400     0(0.00%) |      7       3     141      6 |   19.50        0.00
GET      GET /api/v1/reservas/{id}                                                        444     0(0.00%) |      6       2     138      4 |    5.30        0.00
POST     POST /api/v1/auth/login                                                           50     0(0.00%) |   1530     792    2097   1500 |    0.00        0.00
--------|----------------------------------------------------------------------------|-------|-------------|-------|-------|-------|-------|--------|-----------
         Aggregated                                                                      1894     0(0.00%) |     47       2    2097      5 |   24.80        0.00

Type     Name                                                                          # reqs      # fails |    Avg     Min     Max    Med |   req/s  failures/s
--------|----------------------------------------------------------------------------|-------|-------------|-------|-------|-------|-------|--------|-----------
GET      GET /api/v1/reservas                                                            1428     0(0.00%) |      7       3     141      6 |   18.70        0.00
GET      GET /api/v1/reservas/{id}                                                        465     0(0.00%) |      6       2     138      4 |    5.70        0.00
POST     POST /api/v1/auth/login                                                           50     0(0.00%) |   1530     792    2097   1500 |    0.00        0.00
--------|----------------------------------------------------------------------------|-------|-------------|-------|-------|-------|-------|--------|-----------
         Aggregated                                                                      1943     0(0.00%) |     46       2    2097      5 |   24.40        0.00

Type     Name                                                                          # reqs      # fails |    Avg     Min     Max    Med |   req/s  failures/s
--------|----------------------------------------------------------------------------|-------|-------------|-------|-------|-------|-------|--------|-----------
GET      GET /api/v1/reservas                                                            1466     0(0.00%) |      7       3     141      6 |   18.60        0.00
GET      GET /api/v1/reservas/{id}                                                        481     0(0.00%) |      6       2     138      4 |    6.10        0.00
POST     POST /api/v1/auth/login                                                           50     0(0.00%) |   1530     792    2097   1500 |    0.00        0.00
--------|----------------------------------------------------------------------------|-------|-------------|-------|-------|-------|-------|--------|-----------
         Aggregated                                                                      1997     0(0.00%) |     45       2    2097      5 |   24.70        0.00

Type     Name                                                                          # reqs      # fails |    Avg     Min     Max    Med |   req/s  failures/s
--------|----------------------------------------------------------------------------|-------|-------------|-------|-------|-------|-------|--------|-----------
GET      GET /api/v1/reservas                                                            1502     0(0.00%) |      7       3     141      6 |   17.90        0.00
GET      GET /api/v1/reservas/{id}                                                        492     0(0.00%) |      5       2     138      4 |    7.00        0.00
POST     POST /api/v1/auth/login                                                           50     0(0.00%) |   1530     792    2097   1500 |    0.00        0.00
--------|----------------------------------------------------------------------------|-------|-------------|-------|-------|-------|-------|--------|-----------
         Aggregated                                                                      2044     0(0.00%) |     44       2    2097      5 |   24.90        0.00

Type     Name                                                                          # reqs      # fails |    Avg     Min     Max    Med |   req/s  failures/s
--------|----------------------------------------------------------------------------|-------|-------------|-------|-------|-------|-------|--------|-----------
GET      GET /api/v1/reservas                                                            1539     0(0.00%) |      7       3     141      6 |   17.70        0.00
GET      GET /api/v1/reservas/{id}                                                        507     0(0.00%) |      5       2     138      4 |    7.00        0.00
POST     POST /api/v1/auth/login                                                           50     0(0.00%) |   1530     792    2097   1500 |    0.00        0.00
--------|----------------------------------------------------------------------------|-------|-------------|-------|-------|-------|-------|--------|-----------
         Aggregated                                                                      2096     0(0.00%) |     43       2    2097      5 |   24.70        0.00

Type     Name                                                                          # reqs      # fails |    Avg     Min     Max    Med |   req/s  failures/s
--------|----------------------------------------------------------------------------|-------|-------------|-------|-------|-------|-------|--------|-----------
GET      GET /api/v1/reservas                                                            1576     0(0.00%) |      7       3     141      6 |   17.50        0.00
GET      GET /api/v1/reservas/{id}                                                        516     0(0.00%) |      5       2     138      4 |    7.40        0.00
POST     POST /api/v1/auth/login                                                           50     0(0.00%) |   1530     792    2097   1500 |    0.00        0.00
--------|----------------------------------------------------------------------------|-------|-------------|-------|-------|-------|-------|--------|-----------
         Aggregated                                                                      2142     0(0.00%) |     42       2    2097      5 |   24.90        0.00

Type     Name                                                                          # reqs      # fails |    Avg     Min     Max    Med |   req/s  failures/s
--------|----------------------------------------------------------------------------|-------|-------------|-------|-------|-------|-------|--------|-----------
GET      GET /api/v1/reservas                                                            1607     0(0.00%) |      7       3     141      6 |   17.10        0.00
GET      GET /api/v1/reservas/{id}                                                        532     0(0.00%) |      5       2     138      4 |    7.90        0.00
POST     POST /api/v1/auth/login                                                           50     0(0.00%) |   1530     792    2097   1500 |    0.00        0.00
--------|----------------------------------------------------------------------------|-------|-------------|-------|-------|-------|-------|--------|-----------
         Aggregated                                                                      2189     0(0.00%) |     41       2    2097      5 |   25.00        0.00

Type     Name                                                                          # reqs      # fails |    Avg     Min     Max    Med |   req/s  failures/s
--------|----------------------------------------------------------------------------|-------|-------------|-------|-------|-------|-------|--------|-----------
GET      GET /api/v1/reservas                                                            1643     0(0.00%) |      7       3     141      6 |   17.80        0.00
GET      GET /api/v1/reservas/{id}                                                        543     0(0.00%) |      5       2     138      4 |    6.60        0.00
POST     POST /api/v1/auth/login                                                           50     0(0.00%) |   1530     792    2097   1500 |    0.00        0.00
--------|----------------------------------------------------------------------------|-------|-------------|-------|-------|-------|-------|--------|-----------
         Aggregated                                                                      2236     0(0.00%) |     40       2    2097      5 |   24.40        0.00

Type     Name                                                                          # reqs      # fails |    Avg     Min     Max    Med |   req/s  failures/s
--------|----------------------------------------------------------------------------|-------|-------------|-------|-------|-------|-------|--------|-----------
GET      GET /api/v1/reservas                                                            1681     0(0.00%) |      7       3     141      6 |   17.50        0.00
GET      GET /api/v1/reservas/{id}                                                        554     0(0.00%) |      5       2     138      4 |    6.50        0.00
POST     POST /api/v1/auth/login                                                           50     0(0.00%) |   1530     792    2097   1500 |    0.00        0.00
--------|----------------------------------------------------------------------------|-------|-------------|-------|-------|-------|-------|--------|-----------
         Aggregated                                                                      2285     0(0.00%) |     40       2    2097      5 |   24.00        0.00

Type     Name                                                                          # reqs      # fails |    Avg     Min     Max    Med |   req/s  failures/s
--------|----------------------------------------------------------------------------|-------|-------------|-------|-------|-------|-------|--------|-----------
GET      GET /api/v1/reservas                                                            1712     0(0.00%) |      7       3     141      6 |   17.30        0.00
GET      GET /api/v1/reservas/{id}                                                        571     0(0.00%) |      5       2     138      4 |    6.70        0.00
POST     POST /api/v1/auth/login                                                           50     0(0.00%) |   1530     792    2097   1500 |    0.00        0.00
--------|----------------------------------------------------------------------------|-------|-------------|-------|-------|-------|-------|--------|-----------
         Aggregated                                                                      2333     0(0.00%) |     39       2    2097      5 |   24.00        0.00

Type     Name                                                                          # reqs      # fails |    Avg     Min     Max    Med |   req/s  failures/s
--------|----------------------------------------------------------------------------|-------|-------------|-------|-------|-------|-------|--------|-----------
GET      GET /api/v1/reservas                                                            1754     0(0.00%) |      6       3     141      6 |   17.90        0.00
GET      GET /api/v1/reservas/{id}                                                        584     0(0.00%) |      5       2     138      4 |    6.30        0.00
POST     POST /api/v1/auth/login                                                           50     0(0.00%) |   1530     792    2097   1500 |    0.00        0.00
--------|----------------------------------------------------------------------------|-------|-------------|-------|-------|-------|-------|--------|-----------
         Aggregated                                                                      2388     0(0.00%) |     38       2    2097      5 |   24.20        0.00

Type     Name                                                                          # reqs      # fails |    Avg     Min     Max    Med |   req/s  failures/s
--------|----------------------------------------------------------------------------|-------|-------------|-------|-------|-------|-------|--------|-----------
GET      GET /api/v1/reservas                                                            1794     0(0.00%) |      6       3     141      6 |   18.30        0.00
GET      GET /api/v1/reservas/{id}                                                        596     0(0.00%) |      5       2     138      4 |    6.60        0.00
POST     POST /api/v1/auth/login                                                           50     0(0.00%) |   1530     792    2097   1500 |    0.00        0.00
--------|----------------------------------------------------------------------------|-------|-------------|-------|-------|-------|-------|--------|-----------
         Aggregated                                                                      2440     0(0.00%) |     37       2    2097      5 |   24.90        0.00

Type     Name                                                                          # reqs      # fails |    Avg     Min     Max    Med |   req/s  failures/s
--------|----------------------------------------------------------------------------|-------|-------------|-------|-------|-------|-------|--------|-----------
GET      GET /api/v1/reservas                                                            1830     0(0.00%) |      6       3     141      6 |   18.70        0.00
GET      GET /api/v1/reservas/{id}                                                        614     0(0.00%) |      5       2     138      4 |    6.70        0.00
POST     POST /api/v1/auth/login                                                           50     0(0.00%) |   1530     792    2097   1500 |    0.00        0.00
--------|----------------------------------------------------------------------------|-------|-------------|-------|-------|-------|-------|--------|-----------
         Aggregated                                                                      2494     0(0.00%) |     37       2    2097      5 |   25.40        0.00

Type     Name                                                                          # reqs      # fails |    Avg     Min     Max    Med |   req/s  failures/s
--------|----------------------------------------------------------------------------|-------|-------------|-------|-------|-------|-------|--------|-----------
GET      GET /api/v1/reservas                                                            1863     0(0.00%) |      6       3     141      6 |   18.60        0.00
GET      GET /api/v1/reservas/{id}                                                        631     0(0.00%) |      5       2     138      4 |    7.20        0.00
POST     POST /api/v1/auth/login                                                           50     0(0.00%) |   1530     792    2097   1500 |    0.00        0.00
--------|----------------------------------------------------------------------------|-------|-------------|-------|-------|-------|-------|--------|-----------
         Aggregated                                                                      2544     0(0.00%) |     36       2    2097      5 |   25.80        0.00

Type     Name                                                                          # reqs      # fails |    Avg     Min     Max    Med |   req/s  failures/s
--------|----------------------------------------------------------------------------|-------|-------------|-------|-------|-------|-------|--------|-----------
GET      GET /api/v1/reservas                                                            1902     0(0.00%) |      6       3     141      6 |   18.40        0.00
GET      GET /api/v1/reservas/{id}                                                        640     0(0.00%) |      5       2     138      4 |    7.00        0.00
POST     POST /api/v1/auth/login                                                           50     0(0.00%) |   1530     792    2097   1500 |    0.00        0.00
--------|----------------------------------------------------------------------------|-------|-------------|-------|-------|-------|-------|--------|-----------
         Aggregated                                                                      2592     0(0.00%) |     35       2    2097      5 |   25.40        0.00

Type     Name                                                                          # reqs      # fails |    Avg     Min     Max    Med |   req/s  failures/s
--------|----------------------------------------------------------------------------|-------|-------------|-------|-------|-------|-------|--------|-----------
GET      GET /api/v1/reservas                                                            1947     0(0.00%) |      6       3     141      6 |   17.90        0.00
GET      GET /api/v1/reservas/{id}                                                        651     0(0.00%) |      5       2     138      4 |    7.50        0.00
POST     POST /api/v1/auth/login                                                           50     0(0.00%) |   1530     792    2097   1500 |    0.00        0.00
--------|----------------------------------------------------------------------------|-------|-------------|-------|-------|-------|-------|--------|-----------
         Aggregated                                                                      2648     0(0.00%) |     35       2    2097      5 |   25.40        0.00

Type     Name                                                                          # reqs      # fails |    Avg     Min     Max    Med |   req/s  failures/s
--------|----------------------------------------------------------------------------|-------|-------------|-------|-------|-------|-------|--------|-----------
GET      GET /api/v1/reservas                                                            1986     0(0.00%) |      6       3     141      6 |   19.00        0.00
GET      GET /api/v1/reservas/{id}                                                        659     0(0.00%) |      5       2     138      4 |    6.50        0.00
POST     POST /api/v1/auth/login                                                           50     0(0.00%) |   1530     792    2097   1500 |    0.00        0.00
--------|----------------------------------------------------------------------------|-------|-------------|-------|-------|-------|-------|--------|-----------
         Aggregated                                                                      2695     0(0.00%) |     34       2    2097      5 |   25.50        0.00

Type     Name                                                                          # reqs      # fails |    Avg     Min     Max    Med |   req/s  failures/s
--------|----------------------------------------------------------------------------|-------|-------------|-------|-------|-------|-------|--------|-----------
GET      GET /api/v1/reservas                                                            2020     0(0.00%) |      6       3     141      6 |   18.50        0.00
GET      GET /api/v1/reservas/{id}                                                        673     0(0.00%) |      5       2     138      4 |    6.30        0.00
POST     POST /api/v1/auth/login                                                           50     0(0.00%) |   1530     792    2097   1500 |    0.00        0.00
--------|----------------------------------------------------------------------------|-------|-------------|-------|-------|-------|-------|--------|-----------
         Aggregated                                                                      2743     0(0.00%) |     34       2    2097      5 |   24.80        0.00

Type     Name                                                                          # reqs      # fails |    Avg     Min     Max    Med |   req/s  failures/s
--------|----------------------------------------------------------------------------|-------|-------------|-------|-------|-------|-------|--------|-----------
GET      GET /api/v1/reservas                                                            2057     0(0.00%) |      6       3     141      5 |   19.90        0.00
GET      GET /api/v1/reservas/{id}                                                        687     0(0.00%) |      5       2     138      4 |    5.70        0.00
POST     POST /api/v1/auth/login                                                           50     0(0.00%) |   1530     792    2097   1500 |    0.00        0.00
--------|----------------------------------------------------------------------------|-------|-------------|-------|-------|-------|-------|--------|-----------
         Aggregated                                                                      2794     0(0.00%) |     33       2    2097      5 |   25.60        0.00

Type     Name                                                                          # reqs      # fails |    Avg     Min     Max    Med |   req/s  failures/s
--------|----------------------------------------------------------------------------|-------|-------------|-------|-------|-------|-------|--------|-----------
GET      GET /api/v1/reservas                                                            2091     0(0.00%) |      6       3     141      5 |   19.70        0.00
GET      GET /api/v1/reservas/{id}                                                        703     0(0.00%) |      5       2     138      4 |    6.20        0.00
POST     POST /api/v1/auth/login                                                           50     0(0.00%) |   1530     792    2097   1500 |    0.00        0.00
--------|----------------------------------------------------------------------------|-------|-------------|-------|-------|-------|-------|--------|-----------
         Aggregated                                                                      2844     0(0.00%) |     33       2    2097      5 |   25.90        0.00

Type     Name                                                                          # reqs      # fails |    Avg     Min     Max    Med |   req/s  failures/s
--------|----------------------------------------------------------------------------|-------|-------------|-------|-------|-------|-------|--------|-----------
GET      GET /api/v1/reservas                                                            2128     0(0.00%) |      6       3     141      5 |   19.80        0.00
GET      GET /api/v1/reservas/{id}                                                        717     0(0.00%) |      5       2     138      4 |    6.00        0.00
POST     POST /api/v1/auth/login                                                           50     0(0.00%) |   1530     792    2097   1500 |    0.00        0.00
--------|----------------------------------------------------------------------------|-------|-------------|-------|-------|-------|-------|--------|-----------
         Aggregated                                                                      2895     0(0.00%) |     32       2    2097      5 |   25.80        0.00

Type     Name                                                                          # reqs      # fails |    Avg     Min     Max    Med |   req/s  failures/s
--------|----------------------------------------------------------------------------|-------|-------------|-------|-------|-------|-------|--------|-----------
GET      GET /api/v1/reservas                                                            2164     0(0.00%) |      6       3     141      5 |   17.90        0.00
GET      GET /api/v1/reservas/{id}                                                        725     0(0.00%) |      5       2     138      4 |    6.80        0.00
POST     POST /api/v1/auth/login                                                           50     0(0.00%) |   1530     792    2097   1500 |    0.00        0.00
--------|----------------------------------------------------------------------------|-------|-------------|-------|-------|-------|-------|--------|-----------
         Aggregated                                                                      2939     0(0.00%) |     32       2    2097      5 |   24.70        0.00

Type     Name                                                                          # reqs      # fails |    Avg     Min     Max    Med |   req/s  failures/s
--------|----------------------------------------------------------------------------|-------|-------------|-------|-------|-------|-------|--------|-----------
GET      GET /api/v1/reservas                                                            2202     0(0.00%) |      6       3     141      5 |   18.20        0.00
GET      GET /api/v1/reservas/{id}                                                        736     0(0.00%) |      5       2     138      4 |    6.70        0.00
POST     POST /api/v1/auth/login                                                           50     0(0.00%) |   1530     792    2097   1500 |    0.00        0.00
--------|----------------------------------------------------------------------------|-------|-------------|-------|-------|-------|-------|--------|-----------
         Aggregated                                                                      2988     0(0.00%) |     31       2    2097      5 |   24.90        0.00

Type     Name                                                                          # reqs      # fails |    Avg     Min     Max    Med |   req/s  failures/s
--------|----------------------------------------------------------------------------|-------|-------------|-------|-------|-------|-------|--------|-----------
GET      GET /api/v1/reservas                                                            2238     0(0.00%) |      6       3     141      5 |   17.80        0.00
GET      GET /api/v1/reservas/{id}                                                        749     0(0.00%) |      5       2     138      4 |    6.10        0.00
POST     POST /api/v1/auth/login                                                           50     0(0.00%) |   1530     792    2097   1500 |    0.00        0.00
--------|----------------------------------------------------------------------------|-------|-------------|-------|-------|-------|-------|--------|-----------
         Aggregated                                                                      3037     0(0.00%) |     31       2    2097      5 |   23.90        0.00

Type     Name                                                                          # reqs      # fails |    Avg     Min     Max    Med |   req/s  failures/s
--------|----------------------------------------------------------------------------|-------|-------------|-------|-------|-------|-------|--------|-----------
GET      GET /api/v1/reservas                                                            2276     0(0.00%) |      6       3     141      5 |   18.20        0.00
GET      GET /api/v1/reservas/{id}                                                        763     0(0.00%) |      5       2     138      4 |    6.00        0.00
POST     POST /api/v1/auth/login                                                           50     0(0.00%) |   1530     792    2097   1500 |    0.00        0.00
--------|----------------------------------------------------------------------------|-------|-------------|-------|-------|-------|-------|--------|-----------
         Aggregated                                                                      3089     0(0.00%) |     31       2    2097      5 |   24.20        0.00

Type     Name                                                                          # reqs      # fails |    Avg     Min     Max    Med |   req/s  failures/s
--------|----------------------------------------------------------------------------|-------|-------------|-------|-------|-------|-------|--------|-----------
GET      GET /api/v1/reservas                                                            2311     0(0.00%) |      6       3     141      5 |   17.60        0.00
GET      GET /api/v1/reservas/{id}                                                        775     0(0.00%) |      5       2     138      4 |    6.20        0.00
POST     POST /api/v1/auth/login                                                           50     0(0.00%) |   1530     792    2097   1500 |    0.00        0.00
--------|----------------------------------------------------------------------------|-------|-------------|-------|-------|-------|-------|--------|-----------
         Aggregated                                                                      3136     0(0.00%) |     30       2    2097      5 |   23.80        0.00

Type     Name                                                                          # reqs      # fails |    Avg     Min     Max    Med |   req/s  failures/s
--------|----------------------------------------------------------------------------|-------|-------------|-------|-------|-------|-------|--------|-----------
GET      GET /api/v1/reservas                                                            2354     0(0.00%) |      6       3     141      5 |   18.70        0.00
GET      GET /api/v1/reservas/{id}                                                        789     0(0.00%) |      5       2     138      4 |    5.70        0.00
POST     POST /api/v1/auth/login                                                           50     0(0.00%) |   1530     792    2097   1500 |    0.00        0.00
--------|----------------------------------------------------------------------------|-------|-------------|-------|-------|-------|-------|--------|-----------
         Aggregated                                                                      3193     0(0.00%) |     30       2    2097      5 |   24.40        0.00

Type     Name                                                                          # reqs      # fails |    Avg     Min     Max    Med |   req/s  failures/s
--------|----------------------------------------------------------------------------|-------|-------------|-------|-------|-------|-------|--------|-----------
GET      GET /api/v1/reservas                                                            2388     0(0.00%) |      6       3     141      5 |   18.10        0.00
GET      GET /api/v1/reservas/{id}                                                        801     0(0.00%) |      5       2     138      4 |    6.30        0.00
POST     POST /api/v1/auth/login                                                           50     0(0.00%) |   1530     792    2097   1500 |    0.00        0.00
--------|----------------------------------------------------------------------------|-------|-------------|-------|-------|-------|-------|--------|-----------
         Aggregated                                                                      3239     0(0.00%) |     29       2    2097      5 |   24.40        0.00

Type     Name                                                                          # reqs      # fails |    Avg     Min     Max    Med |   req/s  failures/s
--------|----------------------------------------------------------------------------|-------|-------------|-------|-------|-------|-------|--------|-----------
GET      GET /api/v1/reservas                                                            2426     0(0.00%) |      6       3     141      5 |   18.30        0.00
GET      GET /api/v1/reservas/{id}                                                        819     0(0.00%) |      5       2     138      4 |    6.50        0.00
POST     POST /api/v1/auth/login                                                           50     0(0.00%) |   1530     792    2097   1500 |    0.00        0.00
--------|----------------------------------------------------------------------------|-------|-------------|-------|-------|-------|-------|--------|-----------
         Aggregated                                                                      3295     0(0.00%) |     29       2    2097      5 |   24.80        0.00

Type     Name                                                                          # reqs      # fails |    Avg     Min     Max    Med |   req/s  failures/s
--------|----------------------------------------------------------------------------|-------|-------------|-------|-------|-------|-------|--------|-----------
GET      GET /api/v1/reservas                                                            2461     0(0.00%) |      6       3     141      5 |   18.70        0.00
GET      GET /api/v1/reservas/{id}                                                        826     0(0.00%) |      5       2     138      4 |    6.60        0.00
POST     POST /api/v1/auth/login                                                           50     0(0.00%) |   1530     792    2097   1500 |    0.00        0.00
--------|----------------------------------------------------------------------------|-------|-------------|-------|-------|-------|-------|--------|-----------
         Aggregated                                                                      3337     0(0.00%) |     29       2    2097      5 |   25.30        0.00

Type     Name                                                                          # reqs      # fails |    Avg     Min     Max    Med |   req/s  failures/s
--------|----------------------------------------------------------------------------|-------|-------------|-------|-------|-------|-------|--------|-----------
GET      GET /api/v1/reservas                                                            2501     0(0.00%) |      6       3     141      5 |   18.50        0.00
GET      GET /api/v1/reservas/{id}                                                        837     0(0.00%) |      5       2     138      4 |    6.60        0.00
POST     POST /api/v1/auth/login                                                           50     0(0.00%) |   1530     792    2097   1500 |    0.00        0.00
--------|----------------------------------------------------------------------------|-------|-------------|-------|-------|-------|-------|--------|-----------
         Aggregated                                                                      3388     0(0.00%) |     28       2    2097      5 |   25.10        0.00

Type     Name                                                                          # reqs      # fails |    Avg     Min     Max    Med |   req/s  failures/s
--------|----------------------------------------------------------------------------|-------|-------------|-------|-------|-------|-------|--------|-----------
GET      GET /api/v1/reservas                                                            2536     0(0.00%) |      6       3     141      5 |   19.20        0.00
GET      GET /api/v1/reservas/{id}                                                        852     0(0.00%) |      5       2     138      4 |    5.90        0.00
POST     POST /api/v1/auth/login                                                           50     0(0.00%) |   1530     792    2097   1500 |    0.00        0.00
--------|----------------------------------------------------------------------------|-------|-------------|-------|-------|-------|-------|--------|-----------
         Aggregated                                                                      3438     0(0.00%) |     28       2    2097      5 |   25.10        0.00

Type     Name                                                                          # reqs      # fails |    Avg     Min     Max    Med |   req/s  failures/s
--------|----------------------------------------------------------------------------|-------|-------------|-------|-------|-------|-------|--------|-----------
GET      GET /api/v1/reservas                                                            2583     0(0.00%) |      6       3     141      5 |   19.40        0.00
GET      GET /api/v1/reservas/{id}                                                        860     0(0.00%) |      5       2     138      4 |    6.10        0.00
POST     POST /api/v1/auth/login                                                           50     0(0.00%) |   1530     792    2097   1500 |    0.00        0.00
--------|----------------------------------------------------------------------------|-------|-------------|-------|-------|-------|-------|--------|-----------
         Aggregated                                                                      3493     0(0.00%) |     28       2    2097      5 |   25.50        0.00

Type     Name                                                                          # reqs      # fails |    Avg     Min     Max    Med |   req/s  failures/s
--------|----------------------------------------------------------------------------|-------|-------------|-------|-------|-------|-------|--------|-----------
GET      GET /api/v1/reservas                                                            2618     0(0.00%) |      6       3     141      5 |   18.80        0.00
GET      GET /api/v1/reservas/{id}                                                        875     0(0.00%) |      5       2     138      4 |    6.50        0.00
POST     POST /api/v1/auth/login                                                           50     0(0.00%) |   1530     792    2097   1500 |    0.00        0.00
--------|----------------------------------------------------------------------------|-------|-------------|-------|-------|-------|-------|--------|-----------
         Aggregated                                                                      3543     0(0.00%) |     27       2    2097      5 |   25.30        0.00

Type     Name                                                                          # reqs      # fails |    Avg     Min     Max    Med |   req/s  failures/s
--------|----------------------------------------------------------------------------|-------|-------------|-------|-------|-------|-------|--------|-----------
GET      GET /api/v1/reservas                                                            2654     0(0.00%) |      6       3     141      5 |   19.10        0.00
GET      GET /api/v1/reservas/{id}                                                        889     0(0.00%) |      5       2     138      4 |    5.90        0.00
POST     POST /api/v1/auth/login                                                           50     0(0.00%) |   1530     792    2097   1500 |    0.00        0.00
--------|----------------------------------------------------------------------------|-------|-------------|-------|-------|-------|-------|--------|-----------
         Aggregated                                                                      3593     0(0.00%) |     27       2    2097      5 |   25.00        0.00

Type     Name                                                                          # reqs      # fails |    Avg     Min     Max    Med |   req/s  failures/s
--------|----------------------------------------------------------------------------|-------|-------------|-------|-------|-------|-------|--------|-----------
GET      GET /api/v1/reservas                                                            2688     0(0.00%) |      6       3     141      5 |   19.70        0.00
GET      GET /api/v1/reservas/{id}                                                        901     0(0.00%) |      5       2     138      4 |    5.90        0.00
POST     POST /api/v1/auth/login                                                           50     0(0.00%) |   1530     792    2097   1500 |    0.00        0.00
--------|----------------------------------------------------------------------------|-------|-------------|-------|-------|-------|-------|--------|-----------
         Aggregated                                                                      3639     0(0.00%) |     27       2    2097      5 |   25.60        0.00

Type     Name                                                                          # reqs      # fails |    Avg     Min     Max    Med |   req/s  failures/s
--------|----------------------------------------------------------------------------|-------|-------------|-------|-------|-------|-------|--------|-----------
GET      GET /api/v1/reservas                                                            2724     0(0.00%) |      6       3     141      5 |   18.40        0.00
GET      GET /api/v1/reservas/{id}                                                        921     0(0.00%) |      5       2     138      4 |    7.00        0.00
POST     POST /api/v1/auth/login                                                           50     0(0.00%) |   1530     792    2097   1500 |    0.00        0.00
--------|----------------------------------------------------------------------------|-------|-------------|-------|-------|-------|-------|--------|-----------
         Aggregated                                                                      3695     0(0.00%) |     26       2    2097      5 |   25.40        0.00

Type     Name                                                                          # reqs      # fails |    Avg     Min     Max    Med |   req/s  failures/s
--------|----------------------------------------------------------------------------|-------|-------------|-------|-------|-------|-------|--------|-----------
GET      GET /api/v1/reservas                                                            2759     0(0.00%) |      6       3     141      5 |   18.40        0.00
GET      GET /api/v1/reservas/{id}                                                        930     0(0.00%) |      5       2     138      4 |    6.60        0.00
POST     POST /api/v1/auth/login                                                           50     0(0.00%) |   1530     792    2097   1500 |    0.00        0.00
--------|----------------------------------------------------------------------------|-------|-------------|-------|-------|-------|-------|--------|-----------
         Aggregated                                                                      3739     0(0.00%) |     26       2    2097      5 |   25.00        0.00

Type     Name                                                                          # reqs      # fails |    Avg     Min     Max    Med |   req/s  failures/s
--------|----------------------------------------------------------------------------|-------|-------------|-------|-------|-------|-------|--------|-----------
GET      GET /api/v1/reservas                                                            2800     0(0.00%) |      6       3     141      5 |   18.50        0.00
GET      GET /api/v1/reservas/{id}                                                        944     0(0.00%) |      5       2     138      4 |    6.80        0.00
POST     POST /api/v1/auth/login                                                           50     0(0.00%) |   1530     792    2097   1500 |    0.00        0.00
--------|----------------------------------------------------------------------------|-------|-------------|-------|-------|-------|-------|--------|-----------
         Aggregated                                                                      3794     0(0.00%) |     26       2    2097      5 |   25.30        0.00

Type     Name                                                                          # reqs      # fails |    Avg     Min     Max    Med |   req/s  failures/s
--------|----------------------------------------------------------------------------|-------|-------------|-------|-------|-------|-------|--------|-----------
GET      GET /api/v1/reservas                                                            2836     0(0.00%) |      6       3     141      5 |   17.90        0.00
GET      GET /api/v1/reservas/{id}                                                        954     0(0.00%) |      5       2     138      4 |    6.90        0.00
POST     POST /api/v1/auth/login                                                           50     0(0.00%) |   1530     792    2097   1500 |    0.00        0.00
--------|----------------------------------------------------------------------------|-------|-------------|-------|-------|-------|-------|--------|-----------
         Aggregated                                                                      3840     0(0.00%) |     26       2    2097      5 |   24.80        0.00

Type     Name                                                                          # reqs      # fails |    Avg     Min     Max    Med |   req/s  failures/s
--------|----------------------------------------------------------------------------|-------|-------------|-------|-------|-------|-------|--------|-----------
GET      GET /api/v1/reservas                                                            2870     0(0.00%) |      6       3     141      5 |   17.90        0.00
GET      GET /api/v1/reservas/{id}                                                        966     0(0.00%) |      5       2     138      4 |    6.60        0.00
POST     POST /api/v1/auth/login                                                           50     0(0.00%) |   1530     792    2097   1500 |    0.00        0.00
--------|----------------------------------------------------------------------------|-------|-------------|-------|-------|-------|-------|--------|-----------
         Aggregated                                                                      3886     0(0.00%) |     25       2    2097      5 |   24.50        0.00

Type     Name                                                                          # reqs      # fails |    Avg     Min     Max    Med |   req/s  failures/s
--------|----------------------------------------------------------------------------|-------|-------------|-------|-------|-------|-------|--------|-----------
GET      GET /api/v1/reservas                                                            2904     0(0.00%) |      6       3     141      5 |   18.50        0.00
GET      GET /api/v1/reservas/{id}                                                        981     0(0.00%) |      5       2     138      4 |    6.10        0.00
POST     POST /api/v1/auth/login                                                           50     0(0.00%) |   1530     792    2097   1500 |    0.00        0.00
--------|----------------------------------------------------------------------------|-------|-------------|-------|-------|-------|-------|--------|-----------
         Aggregated                                                                      3935     0(0.00%) |     25       2    2097      5 |   24.60        0.00

Type     Name                                                                          # reqs      # fails |    Avg     Min     Max    Med |   req/s  failures/s
--------|----------------------------------------------------------------------------|-------|-------------|-------|-------|-------|-------|--------|-----------
GET      GET /api/v1/reservas                                                            2945     0(0.00%) |      6       3     141      5 |   18.20        0.00
GET      GET /api/v1/reservas/{id}                                                        994     0(0.00%) |      5       2     138      4 |    6.40        0.00
POST     POST /api/v1/auth/login                                                           50     0(0.00%) |   1530     792    2097   1500 |    0.00        0.00
--------|----------------------------------------------------------------------------|-------|-------------|-------|-------|-------|-------|--------|-----------
         Aggregated                                                                      3989     0(0.00%) |     25       2    2097      5 |   24.60        0.00

Type     Name                                                                          # reqs      # fails |    Avg     Min     Max    Med |   req/s  failures/s
--------|----------------------------------------------------------------------------|-------|-------------|-------|-------|-------|-------|--------|-----------
GET      GET /api/v1/reservas                                                            2986     0(0.00%) |      6       3     141      5 |   18.30        0.00
GET      GET /api/v1/reservas/{id}                                                       1007     0(0.00%) |      5       2     138      4 |    6.10        0.00
POST     POST /api/v1/auth/login                                                           50     0(0.00%) |   1530     792    2097   1500 |    0.00        0.00
--------|----------------------------------------------------------------------------|-------|-------------|-------|-------|-------|-------|--------|-----------
         Aggregated                                                                      4043     0(0.00%) |     25       2    2097      5 |   24.40        0.00

Type     Name                                                                          # reqs      # fails |    Avg     Min     Max    Med |   req/s  failures/s
--------|----------------------------------------------------------------------------|-------|-------------|-------|-------|-------|-------|--------|-----------
GET      GET /api/v1/reservas                                                            3022     0(0.00%) |      6       3     141      5 |   19.00        0.00
GET      GET /api/v1/reservas/{id}                                                       1023     0(0.00%) |      5       2     138      4 |    6.10        0.00
POST     POST /api/v1/auth/login                                                           50     0(0.00%) |   1530     792    2097   1500 |    0.00        0.00
--------|----------------------------------------------------------------------------|-------|-------------|-------|-------|-------|-------|--------|-----------
         Aggregated                                                                      4095     0(0.00%) |     24       2    2097      5 |   25.10        0.00

Type     Name                                                                          # reqs      # fails |    Avg     Min     Max    Med |   req/s  failures/s
--------|----------------------------------------------------------------------------|-------|-------------|-------|-------|-------|-------|--------|-----------
GET      GET /api/v1/reservas                                                            3053     0(0.00%) |      6       3     141      5 |   17.80        0.00
GET      GET /api/v1/reservas/{id}                                                       1036     0(0.00%) |      5       2     138      4 |    6.70        0.00
POST     POST /api/v1/auth/login                                                           50     0(0.00%) |   1530     792    2097   1500 |    0.00        0.00
--------|----------------------------------------------------------------------------|-------|-------------|-------|-------|-------|-------|--------|-----------
         Aggregated                                                                      4139     0(0.00%) |     24       2    2097      5 |   24.50        0.00

Type     Name                                                                          # reqs      # fails |    Avg     Min     Max    Med |   req/s  failures/s
--------|----------------------------------------------------------------------------|-------|-------------|-------|-------|-------|-------|--------|-----------
GET      GET /api/v1/reservas                                                            3087     0(0.00%) |      6       3     141      5 |   17.80        0.00
GET      GET /api/v1/reservas/{id}                                                       1049     0(0.00%) |      5       2     138      4 |    7.10        0.00
POST     POST /api/v1/auth/login                                                           50     0(0.00%) |   1530     792    2097   1500 |    0.00        0.00
--------|----------------------------------------------------------------------------|-------|-------------|-------|-------|-------|-------|--------|-----------
         Aggregated                                                                      4186     0(0.00%) |     24       2    2097      5 |   24.90        0.00

Type     Name                                                                          # reqs      # fails |    Avg     Min     Max    Med |   req/s  failures/s
--------|----------------------------------------------------------------------------|-------|-------------|-------|-------|-------|-------|--------|-----------
GET      GET /api/v1/reservas                                                            3123     0(0.00%) |      6       3     141      5 |   18.90        0.00
GET      GET /api/v1/reservas/{id}                                                       1065     0(0.00%) |      5       2     138      4 |    6.80        0.00
POST     POST /api/v1/auth/login                                                           50     0(0.00%) |   1530     792    2097   1500 |    0.00        0.00
--------|----------------------------------------------------------------------------|-------|-------------|-------|-------|-------|-------|--------|-----------
         Aggregated                                                                      4238     0(0.00%) |     24       2    2097      5 |   25.70        0.00

Type     Name                                                                          # reqs      # fails |    Avg     Min     Max    Med |   req/s  failures/s
--------|----------------------------------------------------------------------------|-------|-------------|-------|-------|-------|-------|--------|-----------
GET      GET /api/v1/reservas                                                            3160     0(0.00%) |      6       3     141      5 |   18.20        0.00
GET      GET /api/v1/reservas/{id}                                                       1078     0(0.00%) |      5       2     138      4 |    7.00        0.00
POST     POST /api/v1/auth/login                                                           50     0(0.00%) |   1530     792    2097   1500 |    0.00        0.00
--------|----------------------------------------------------------------------------|-------|-------------|-------|-------|-------|-------|--------|-----------
         Aggregated                                                                      4288     0(0.00%) |     23       2    2097      5 |   25.20        0.00

Type     Name                                                                          # reqs      # fails |    Avg     Min     Max    Med |   req/s  failures/s
--------|----------------------------------------------------------------------------|-------|-------------|-------|-------|-------|-------|--------|-----------
GET      GET /api/v1/reservas                                                            3200     0(0.00%) |      6       3     141      5 |   17.20        0.00
GET      GET /api/v1/reservas/{id}                                                       1086     0(0.00%) |      5       2     138      4 |    7.40        0.00
POST     POST /api/v1/auth/login                                                           50     0(0.00%) |   1530     792    2097   1500 |    0.00        0.00
--------|----------------------------------------------------------------------------|-------|-------------|-------|-------|-------|-------|--------|-----------
         Aggregated                                                                      4336     0(0.00%) |     23       2    2097      5 |   24.60        0.00

Type     Name                                                                          # reqs      # fails |    Avg     Min     Max    Med |   req/s  failures/s
--------|----------------------------------------------------------------------------|-------|-------------|-------|-------|-------|-------|--------|-----------
GET      GET /api/v1/reservas                                                            3241     0(0.00%) |      6       3     141      5 |   18.70        0.00
GET      GET /api/v1/reservas/{id}                                                       1095     0(0.00%) |      5       2     138      4 |    7.00        0.00
POST     POST /api/v1/auth/login                                                           50     0(0.00%) |   1530     792    2097   1500 |    0.00        0.00
--------|----------------------------------------------------------------------------|-------|-------------|-------|-------|-------|-------|--------|-----------
         Aggregated                                                                      4386     0(0.00%) |     23       2    2097      5 |   25.70        0.00

Type     Name                                                                          # reqs      # fails |    Avg     Min     Max    Med |   req/s  failures/s
--------|----------------------------------------------------------------------------|-------|-------------|-------|-------|-------|-------|--------|-----------
GET      GET /api/v1/reservas                                                            3279     0(0.00%) |      6       3     141      5 |   18.90        0.00
GET      GET /api/v1/reservas/{id}                                                       1106     0(0.00%) |      5       2     138      4 |    6.10        0.00
POST     POST /api/v1/auth/login                                                           50     0(0.00%) |   1530     792    2097   1500 |    0.00        0.00
--------|----------------------------------------------------------------------------|-------|-------------|-------|-------|-------|-------|--------|-----------
         Aggregated                                                                      4435     0(0.00%) |     23       2    2097      5 |   25.00        0.00

Type     Name                                                                          # reqs      # fails |    Avg     Min     Max    Med |   req/s  failures/s
--------|----------------------------------------------------------------------------|-------|-------------|-------|-------|-------|-------|--------|-----------
GET      GET /api/v1/reservas                                                            3315     0(0.00%) |      6       3     141      5 |   18.40        0.00
GET      GET /api/v1/reservas/{id}                                                       1119     0(0.00%) |      5       2     138      4 |    5.80        0.00
POST     POST /api/v1/auth/login                                                           50     0(0.00%) |   1530     792    2097   1500 |    0.00        0.00
--------|----------------------------------------------------------------------------|-------|-------------|-------|-------|-------|-------|--------|-----------
         Aggregated                                                                      4484     0(0.00%) |     23       2    2097      5 |   24.20        0.00

Type     Name                                                                          # reqs      # fails |    Avg     Min     Max    Med |   req/s  failures/s
--------|----------------------------------------------------------------------------|-------|-------------|-------|-------|-------|-------|--------|-----------
GET      GET /api/v1/reservas                                                            3355     0(0.00%) |      6       3     141      5 |   19.10        0.00
GET      GET /api/v1/reservas/{id}                                                       1131     0(0.00%) |      5       2     138      4 |    5.40        0.00
POST     POST /api/v1/auth/login                                                           50     0(0.00%) |   1530     792    2097   1500 |    0.00        0.00
--------|----------------------------------------------------------------------------|-------|-------------|-------|-------|-------|-------|--------|-----------
         Aggregated                                                                      4536     0(0.00%) |     22       2    2097      5 |   24.50        0.00

Type     Name                                                                          # reqs      # fails |    Avg     Min     Max    Med |   req/s  failures/s
--------|----------------------------------------------------------------------------|-------|-------------|-------|-------|-------|-------|--------|-----------
GET      GET /api/v1/reservas                                                            3388     0(0.00%) |      6       3     141      5 |   19.20        0.00
GET      GET /api/v1/reservas/{id}                                                       1143     0(0.00%) |      5       2     138      4 |    5.40        0.00
POST     POST /api/v1/auth/login                                                           50     0(0.00%) |   1530     792    2097   1500 |    0.00        0.00
--------|----------------------------------------------------------------------------|-------|-------------|-------|-------|-------|-------|--------|-----------
         Aggregated                                                                      4581     0(0.00%) |     22       2    2097      5 |   24.60        0.00

Type     Name                                                                          # reqs      # fails |    Avg     Min     Max    Med |   req/s  failures/s
--------|----------------------------------------------------------------------------|-------|-------------|-------|-------|-------|-------|--------|-----------
GET      GET /api/v1/reservas                                                            3430     0(0.00%) |      6       3     141      5 |   18.80        0.00
GET      GET /api/v1/reservas/{id}                                                       1153     0(0.00%) |      5       2     138      4 |    5.60        0.00
POST     POST /api/v1/auth/login                                                           50     0(0.00%) |   1530     792    2097   1500 |    0.00        0.00
--------|----------------------------------------------------------------------------|-------|-------------|-------|-------|-------|-------|--------|-----------
         Aggregated                                                                      4633     0(0.00%) |     22       2    2097      5 |   24.40        0.00

Type     Name                                                                          # reqs      # fails |    Avg     Min     Max    Med |   req/s  failures/s
--------|----------------------------------------------------------------------------|-------|-------------|-------|-------|-------|-------|--------|-----------
GET      GET /api/v1/reservas                                                            3469     0(0.00%) |      6       3     141      5 |   18.60        0.00
GET      GET /api/v1/reservas/{id}                                                       1167     0(0.00%) |      5       2     138      4 |    5.90        0.00
POST     POST /api/v1/auth/login                                                           50     0(0.00%) |   1530     792    2097   1500 |    0.00        0.00
--------|----------------------------------------------------------------------------|-------|-------------|-------|-------|-------|-------|--------|-----------
         Aggregated                                                                      4686     0(0.00%) |     22       2    2097      5 |   24.50        0.00

Type     Name                                                                          # reqs      # fails |    Avg     Min     Max    Med |   req/s  failures/s
--------|----------------------------------------------------------------------------|-------|-------------|-------|-------|-------|-------|--------|-----------
GET      GET /api/v1/reservas                                                            3496     0(0.00%) |      6       3     141      5 |   19.10        0.00
GET      GET /api/v1/reservas/{id}                                                       1183     0(0.00%) |      5       2     138      4 |    6.00        0.00
POST     POST /api/v1/auth/login                                                           50     0(0.00%) |   1530     792    2097   1500 |    0.00        0.00
--------|----------------------------------------------------------------------------|-------|-------------|-------|-------|-------|-------|--------|-----------
         Aggregated                                                                      4729     0(0.00%) |     22       2    2097      5 |   25.10        0.00

Type     Name                                                                          # reqs      # fails |    Avg     Min     Max    Med |   req/s  failures/s
--------|----------------------------------------------------------------------------|-------|-------------|-------|-------|-------|-------|--------|-----------
GET      GET /api/v1/reservas                                                            3529     0(0.00%) |      6       3     141      5 |   18.10        0.00
GET      GET /api/v1/reservas/{id}                                                       1195     0(0.00%) |      5       2     138      4 |    6.50        0.00
POST     POST /api/v1/auth/login                                                           50     0(0.00%) |   1530     792    2097   1500 |    0.00        0.00
--------|----------------------------------------------------------------------------|-------|-------------|-------|-------|-------|-------|--------|-----------
         Aggregated                                                                      4774     0(0.00%) |     22       2    2097      5 |   24.60        0.00

Type     Name                                                                          # reqs      # fails |    Avg     Min     Max    Med |   req/s  failures/s
--------|----------------------------------------------------------------------------|-------|-------------|-------|-------|-------|-------|--------|-----------
GET      GET /api/v1/reservas                                                            3570     0(0.00%) |      6       3     141      5 |   18.50        0.00
GET      GET /api/v1/reservas/{id}                                                       1212     0(0.00%) |      5       2     138      4 |    6.30        0.00
POST     POST /api/v1/auth/login                                                           50     0(0.00%) |   1530     792    2097   1500 |    0.00        0.00
--------|----------------------------------------------------------------------------|-------|-------------|-------|-------|-------|-------|--------|-----------
         Aggregated                                                                      4832     0(0.00%) |     21       2    2097      5 |   24.80        0.00

Type     Name                                                                          # reqs      # fails |    Avg     Min     Max    Med |   req/s  failures/s
--------|----------------------------------------------------------------------------|-------|-------------|-------|-------|-------|-------|--------|-----------
GET      GET /api/v1/reservas                                                            3602     0(0.00%) |      6       3     141      5 |   17.90        0.00
GET      GET /api/v1/reservas/{id}                                                       1227     0(0.00%) |      5       2     138      4 |    6.00        0.00
POST     POST /api/v1/auth/login                                                           50     0(0.00%) |   1530     792    2097   1500 |    0.00        0.00
--------|----------------------------------------------------------------------------|-------|-------------|-------|-------|-------|-------|--------|-----------
         Aggregated                                                                      4879     0(0.00%) |     21       2    2097      5 |   23.90        0.00

Type     Name                                                                          # reqs      # fails |    Avg     Min     Max    Med |   req/s  failures/s
--------|----------------------------------------------------------------------------|-------|-------------|-------|-------|-------|-------|--------|-----------
GET      GET /api/v1/reservas                                                            3638     0(0.00%) |      6       3     141      5 |   17.30        0.00
GET      GET /api/v1/reservas/{id}                                                       1235     0(0.00%) |      5       2     138      4 |    7.10        0.00
POST     POST /api/v1/auth/login                                                           50     0(0.00%) |   1530     792    2097   1500 |    0.00        0.00
--------|----------------------------------------------------------------------------|-------|-------------|-------|-------|-------|-------|--------|-----------
         Aggregated                                                                      4923     0(0.00%) |     21       2    2097      5 |   24.40        0.00

Type     Name                                                                          # reqs      # fails |    Avg     Min     Max    Med |   req/s  failures/s
--------|----------------------------------------------------------------------------|-------|-------------|-------|-------|-------|-------|--------|-----------
GET      GET /api/v1/reservas                                                            3684     0(0.00%) |      6       3     141      5 |   16.70        0.00
GET      GET /api/v1/reservas/{id}                                                       1243     0(0.00%) |      5       2     138      4 |    7.20        0.00
POST     POST /api/v1/auth/login                                                           50     0(0.00%) |   1530     792    2097   1500 |    0.00        0.00
--------|----------------------------------------------------------------------------|-------|-------------|-------|-------|-------|-------|--------|-----------
         Aggregated                                                                      4977     0(0.00%) |     21       2    2097      5 |   23.90        0.00

Type     Name                                                                          # reqs      # fails |    Avg     Min     Max    Med |   req/s  failures/s
--------|----------------------------------------------------------------------------|-------|-------------|-------|-------|-------|-------|--------|-----------
GET      GET /api/v1/reservas                                                            3721     0(0.00%) |      6       3     141      5 |   18.10        0.00
GET      GET /api/v1/reservas/{id}                                                       1260     0(0.00%) |      5       2     138      4 |    6.50        0.00
POST     POST /api/v1/auth/login                                                           50     0(0.00%) |   1530     792    2097   1500 |    0.00        0.00
--------|----------------------------------------------------------------------------|-------|-------------|-------|-------|-------|-------|--------|-----------
         Aggregated                                                                      5031     0(0.00%) |     21       2    2097      5 |   24.60        0.00

Type     Name                                                                          # reqs      # fails |    Avg     Min     Max    Med |   req/s  failures/s
--------|----------------------------------------------------------------------------|-------|-------------|-------|-------|-------|-------|--------|-----------
GET      GET /api/v1/reservas                                                            3762     0(0.00%) |      6       3     141      6 |   18.40        0.00
GET      GET /api/v1/reservas/{id}                                                       1266     0(0.00%) |      5       2     138      4 |    5.90        0.00
POST     POST /api/v1/auth/login                                                           50     0(0.00%) |   1530     792    2097   1500 |    0.00        0.00
--------|----------------------------------------------------------------------------|-------|-------------|-------|-------|-------|-------|--------|-----------
         Aggregated                                                                      5078     0(0.00%) |     21       2    2097      5 |   24.30        0.00

Type     Name                                                                          # reqs      # fails |    Avg     Min     Max    Med |   req/s  failures/s
--------|----------------------------------------------------------------------------|-------|-------------|-------|-------|-------|-------|--------|-----------
GET      GET /api/v1/reservas                                                            3795     0(0.00%) |      6       3     141      6 |   18.60        0.00
GET      GET /api/v1/reservas/{id}                                                       1281     0(0.00%) |      5       2     138      4 |    6.20        0.00
POST     POST /api/v1/auth/login                                                           50     0(0.00%) |   1530     792    2097   1500 |    0.00        0.00
--------|----------------------------------------------------------------------------|-------|-------------|-------|-------|-------|-------|--------|-----------
         Aggregated                                                                      5126     0(0.00%) |     21       2    2097      5 |   24.80        0.00

Type     Name                                                                          # reqs      # fails |    Avg     Min     Max    Med |   req/s  failures/s
--------|----------------------------------------------------------------------------|-------|-------------|-------|-------|-------|-------|--------|-----------
GET      GET /api/v1/reservas                                                            3837     0(0.00%) |      6       3     141      6 |   19.70        0.00
GET      GET /api/v1/reservas/{id}                                                       1291     0(0.00%) |      5       2     138      4 |    5.40        0.00
POST     POST /api/v1/auth/login                                                           50     0(0.00%) |   1530     792    2097   1500 |    0.00        0.00
--------|----------------------------------------------------------------------------|-------|-------------|-------|-------|-------|-------|--------|-----------
         Aggregated                                                                      5178     0(0.00%) |     20       2    2097      5 |   25.10        0.00

Type     Name                                                                          # reqs      # fails |    Avg     Min     Max    Med |   req/s  failures/s
--------|----------------------------------------------------------------------------|-------|-------------|-------|-------|-------|-------|--------|-----------
GET      GET /api/v1/reservas                                                            3870     0(0.00%) |      6       3     141      6 |   19.70        0.00
GET      GET /api/v1/reservas/{id}                                                       1308     0(0.00%) |      5       2     138      4 |    5.30        0.00
POST     POST /api/v1/auth/login                                                           50     0(0.00%) |   1530     792    2097   1500 |    0.00        0.00
--------|----------------------------------------------------------------------------|-------|-------------|-------|-------|-------|-------|--------|-----------
         Aggregated                                                                      5228     0(0.00%) |     20       2    2097      5 |   25.00        0.00

Type     Name                                                                          # reqs      # fails |    Avg     Min     Max    Med |   req/s  failures/s
--------|----------------------------------------------------------------------------|-------|-------------|-------|-------|-------|-------|--------|-----------
GET      GET /api/v1/reservas                                                            3907     0(0.00%) |      6       3     141      6 |   18.80        0.00
GET      GET /api/v1/reservas/{id}                                                       1322     0(0.00%) |      5       2     138      4 |    5.80        0.00
POST     POST /api/v1/auth/login                                                           50     0(0.00%) |   1530     792    2097   1500 |    0.00        0.00
--------|----------------------------------------------------------------------------|-------|-------------|-------|-------|-------|-------|--------|-----------
         Aggregated                                                                      5279     0(0.00%) |     20       2    2097      5 |   24.60        0.00

Type     Name                                                                          # reqs      # fails |    Avg     Min     Max    Med |   req/s  failures/s
--------|----------------------------------------------------------------------------|-------|-------------|-------|-------|-------|-------|--------|-----------
GET      GET /api/v1/reservas                                                            3951     0(0.00%) |      6       3     141      6 |   17.70        0.00
GET      GET /api/v1/reservas/{id}                                                       1326     0(0.00%) |      5       2     138      4 |    6.80        0.00
POST     POST /api/v1/auth/login                                                           50     0(0.00%) |   1530     792    2097   1500 |    0.00        0.00
--------|----------------------------------------------------------------------------|-------|-------------|-------|-------|-------|-------|--------|-----------
         Aggregated                                                                      5327     0(0.00%) |     20       2    2097      5 |   24.50        0.00

Type     Name                                                                          # reqs      # fails |    Avg     Min     Max    Med |   req/s  failures/s
--------|----------------------------------------------------------------------------|-------|-------------|-------|-------|-------|-------|--------|-----------
GET      GET /api/v1/reservas                                                            3990     0(0.00%) |      6       3     141      6 |   19.40        0.00
GET      GET /api/v1/reservas/{id}                                                       1339     0(0.00%) |      5       2     138      4 |    6.20        0.00
POST     POST /api/v1/auth/login                                                           50     0(0.00%) |   1530     792    2097   1500 |    0.00        0.00
--------|----------------------------------------------------------------------------|-------|-------------|-------|-------|-------|-------|--------|-----------
         Aggregated                                                                      5379     0(0.00%) |     20       2    2097      5 |   25.60        0.00

Type     Name                                                                          # reqs      # fails |    Avg     Min     Max    Med |   req/s  failures/s
--------|----------------------------------------------------------------------------|-------|-------------|-------|-------|-------|-------|--------|-----------
GET      GET /api/v1/reservas                                                            4030     0(0.00%) |      6       3     141      6 |   19.40        0.00
GET      GET /api/v1/reservas/{id}                                                       1347     0(0.00%) |      5       2     138      4 |    5.40        0.00
POST     POST /api/v1/auth/login                                                           50     0(0.00%) |   1530     792    2097   1500 |    0.00        0.00
--------|----------------------------------------------------------------------------|-------|-------------|-------|-------|-------|-------|--------|-----------
         Aggregated                                                                      5427     0(0.00%) |     20       2    2097      5 |   24.80        0.00

Type     Name                                                                          # reqs      # fails |    Avg     Min     Max    Med |   req/s  failures/s
--------|----------------------------------------------------------------------------|-------|-------------|-------|-------|-------|-------|--------|-----------
GET      GET /api/v1/reservas                                                            4063     0(0.00%) |      6       3     141      6 |   19.20        0.00
GET      GET /api/v1/reservas/{id}                                                       1355     0(0.00%) |      5       2     138      4 |    5.90        0.00
POST     POST /api/v1/auth/login                                                           50     0(0.00%) |   1530     792    2097   1500 |    0.00        0.00
--------|----------------------------------------------------------------------------|-------|-------------|-------|-------|-------|-------|--------|-----------
         Aggregated                                                                      5468     0(0.00%) |     20       2    2097      5 |   25.10        0.00

Type     Name                                                                          # reqs      # fails |    Avg     Min     Max    Med |   req/s  failures/s
--------|----------------------------------------------------------------------------|-------|-------------|-------|-------|-------|-------|--------|-----------
GET      GET /api/v1/reservas                                                            4103     0(0.00%) |      6       3     141      6 |   20.00        0.00
GET      GET /api/v1/reservas/{id}                                                       1370     0(0.00%) |      5       2     138      4 |    5.30        0.00
POST     POST /api/v1/auth/login                                                           50     0(0.00%) |   1530     792    2097   1500 |    0.00        0.00
--------|----------------------------------------------------------------------------|-------|-------------|-------|-------|-------|-------|--------|-----------
         Aggregated                                                                      5523     0(0.00%) |     20       2    2097      5 |   25.30        0.00

Type     Name                                                                          # reqs      # fails |    Avg     Min     Max    Med |   req/s  failures/s
--------|----------------------------------------------------------------------------|-------|-------------|-------|-------|-------|-------|--------|-----------
GET      GET /api/v1/reservas                                                            4150     0(0.00%) |      6       3     141      6 |   20.90        0.00
GET      GET /api/v1/reservas/{id}                                                       1377     0(0.00%) |      5       2     138      4 |    5.00        0.00
POST     POST /api/v1/auth/login                                                           50     0(0.00%) |   1530     792    2097   1500 |    0.00        0.00
--------|----------------------------------------------------------------------------|-------|-------------|-------|-------|-------|-------|--------|-----------
         Aggregated                                                                      5577     0(0.00%) |     19       2    2097      5 |   25.90        0.00

Type     Name                                                                          # reqs      # fails |    Avg     Min     Max    Med |   req/s  failures/s
--------|----------------------------------------------------------------------------|-------|-------------|-------|-------|-------|-------|--------|-----------
GET      GET /api/v1/reservas                                                            4181     0(0.00%) |      6       3     141      6 |   19.60        0.00
GET      GET /api/v1/reservas/{id}                                                       1392     0(0.00%) |      5       2     138      4 |    4.80        0.00
POST     POST /api/v1/auth/login                                                           50     0(0.00%) |   1530     792    2097   1500 |    0.00        0.00
--------|----------------------------------------------------------------------------|-------|-------------|-------|-------|-------|-------|--------|-----------
         Aggregated                                                                      5623     0(0.00%) |     19       2    2097      5 |   24.40        0.00

Type     Name                                                                          # reqs      # fails |    Avg     Min     Max    Med |   req/s  failures/s
--------|----------------------------------------------------------------------------|-------|-------------|-------|-------|-------|-------|--------|-----------
GET      GET /api/v1/reservas                                                            4220     0(0.00%) |      6       3     141      6 |   19.10        0.00
GET      GET /api/v1/reservas/{id}                                                       1403     0(0.00%) |      5       2     138      4 |    5.60        0.00
POST     POST /api/v1/auth/login                                                           50     0(0.00%) |   1530     792    2097   1500 |    0.00        0.00
--------|----------------------------------------------------------------------------|-------|-------------|-------|-------|-------|-------|--------|-----------
         Aggregated                                                                      5673     0(0.00%) |     19       2    2097      5 |   24.70        0.00

Type     Name                                                                          # reqs      # fails |    Avg     Min     Max    Med |   req/s  failures/s
--------|----------------------------------------------------------------------------|-------|-------------|-------|-------|-------|-------|--------|-----------
GET      GET /api/v1/reservas                                                            4258     0(0.00%) |      6       3     141      6 |   19.80        0.00
GET      GET /api/v1/reservas/{id}                                                       1419     0(0.00%) |      5       2     138      4 |    5.70        0.00
POST     POST /api/v1/auth/login                                                           50     0(0.00%) |   1530     792    2097   1500 |    0.00        0.00
--------|----------------------------------------------------------------------------|-------|-------------|-------|-------|-------|-------|--------|-----------
         Aggregated                                                                      5727     0(0.00%) |     19       2    2097      5 |   25.50        0.00

Type     Name                                                                          # reqs      # fails |    Avg     Min     Max    Med |   req/s  failures/s
--------|----------------------------------------------------------------------------|-------|-------------|-------|-------|-------|-------|--------|-----------
GET      GET /api/v1/reservas                                                            4300     0(0.00%) |      6       3     141      6 |   19.40        0.00
GET      GET /api/v1/reservas/{id}                                                       1427     0(0.00%) |      5       2     138      4 |    5.90        0.00
POST     POST /api/v1/auth/login                                                           50     0(0.00%) |   1530     792    2097   1500 |    0.00        0.00
--------|----------------------------------------------------------------------------|-------|-------------|-------|-------|-------|-------|--------|-----------
         Aggregated                                                                      5777     0(0.00%) |     19       2    2097      5 |   25.30        0.00

Type     Name                                                                          # reqs      # fails |    Avg     Min     Max    Med |   req/s  failures/s
--------|----------------------------------------------------------------------------|-------|-------------|-------|-------|-------|-------|--------|-----------
GET      GET /api/v1/reservas                                                            4339     0(0.00%) |      6       3     141      6 |   18.70        0.00
GET      GET /api/v1/reservas/{id}                                                       1437     0(0.00%) |      5       2     138      4 |    5.60        0.00
POST     POST /api/v1/auth/login                                                           50     0(0.00%) |   1530     792    2097   1500 |    0.00        0.00
--------|----------------------------------------------------------------------------|-------|-------------|-------|-------|-------|-------|--------|-----------
         Aggregated                                                                      5826     0(0.00%) |     19       2    2097      5 |   24.30        0.00

Type     Name                                                                          # reqs      # fails |    Avg     Min     Max    Med |   req/s  failures/s
--------|----------------------------------------------------------------------------|-------|-------------|-------|-------|-------|-------|--------|-----------
GET      GET /api/v1/reservas                                                            4378     0(0.00%) |      6       3     141      6 |   19.60        0.00
GET      GET /api/v1/reservas/{id}                                                       1448     0(0.00%) |      5       2     138      4 |    5.70        0.00
POST     POST /api/v1/auth/login                                                           50     0(0.00%) |   1530     792    2097   1500 |    0.00        0.00
--------|----------------------------------------------------------------------------|-------|-------------|-------|-------|-------|-------|--------|-----------
         Aggregated                                                                      5876     0(0.00%) |     19       2    2097      5 |   25.30        0.00

Type     Name                                                                          # reqs      # fails |    Avg     Min     Max    Med |   req/s  failures/s
--------|----------------------------------------------------------------------------|-------|-------------|-------|-------|-------|-------|--------|-----------
GET      GET /api/v1/reservas                                                            4419     0(0.00%) |      6       3     141      6 |   19.90        0.00
GET      GET /api/v1/reservas/{id}                                                       1456     0(0.00%) |      5       2     138      4 |    5.90        0.00
POST     POST /api/v1/auth/login                                                           50     0(0.00%) |   1530     792    2097   1500 |    0.00        0.00
--------|----------------------------------------------------------------------------|-------|-------------|-------|-------|-------|-------|--------|-----------
         Aggregated                                                                      5925     0(0.00%) |     19       2    2097      5 |   25.80        0.00

Type     Name                                                                          # reqs      # fails |    Avg     Min     Max    Med |   req/s  failures/s
--------|----------------------------------------------------------------------------|-------|-------------|-------|-------|-------|-------|--------|-----------
GET      GET /api/v1/reservas                                                            4459     0(0.00%) |      6       3     141      6 |   18.70        0.00
GET      GET /api/v1/reservas/{id}                                                       1467     0(0.00%) |      5       2     138      4 |    5.10        0.00
POST     POST /api/v1/auth/login                                                           50     0(0.00%) |   1530     792    2097   1500 |    0.00        0.00
--------|----------------------------------------------------------------------------|-------|-------------|-------|-------|-------|-------|--------|-----------
         Aggregated                                                                      5976     0(0.00%) |     18       2    2097      5 |   23.80        0.00

Type     Name                                                                          # reqs      # fails |    Avg     Min     Max    Med |   req/s  failures/s
--------|----------------------------------------------------------------------------|-------|-------------|-------|-------|-------|-------|--------|-----------
GET      GET /api/v1/reservas                                                            4493     0(0.00%) |      6       3     141      6 |   18.90        0.00
GET      GET /api/v1/reservas/{id}                                                       1480     0(0.00%) |      5       2     138      4 |    5.00        0.00
POST     POST /api/v1/auth/login                                                           50     0(0.00%) |   1530     792    2097   1500 |    0.00        0.00
--------|----------------------------------------------------------------------------|-------|-------------|-------|-------|-------|-------|--------|-----------
         Aggregated                                                                      6023     0(0.00%) |     18       2    2097      5 |   23.90        0.00

Type     Name                                                                          # reqs      # fails |    Avg     Min     Max    Med |   req/s  failures/s
--------|----------------------------------------------------------------------------|-------|-------------|-------|-------|-------|-------|--------|-----------
GET      GET /api/v1/reservas                                                            4530     0(0.00%) |      6       3     141      6 |   19.80        0.00
GET      GET /api/v1/reservas/{id}                                                       1493     0(0.00%) |      5       2     138      4 |    4.90        0.00
POST     POST /api/v1/auth/login                                                           50     0(0.00%) |   1530     792    2097   1500 |    0.00        0.00
--------|----------------------------------------------------------------------------|-------|-------------|-------|-------|-------|-------|--------|-----------
         Aggregated                                                                      6073     0(0.00%) |     18       2    2097      5 |   24.70        0.00

Type     Name                                                                          # reqs      # fails |    Avg     Min     Max    Med |   req/s  failures/s
--------|----------------------------------------------------------------------------|-------|-------------|-------|-------|-------|-------|--------|-----------
GET      GET /api/v1/reservas                                                            4572     0(0.00%) |      6       3     141      6 |   18.80        0.00
GET      GET /api/v1/reservas/{id}                                                       1502     0(0.00%) |      5       2     138      4 |    5.80        0.00
POST     POST /api/v1/auth/login                                                           50     0(0.00%) |   1530     792    2097   1500 |    0.00        0.00
--------|----------------------------------------------------------------------------|-------|-------------|-------|-------|-------|-------|--------|-----------
         Aggregated                                                                      6124     0(0.00%) |     18       2    2097      5 |   24.60        0.00

Type     Name                                                                          # reqs      # fails |    Avg     Min     Max    Med |   req/s  failures/s
--------|----------------------------------------------------------------------------|-------|-------------|-------|-------|-------|-------|--------|-----------
GET      GET /api/v1/reservas                                                            4605     0(0.00%) |      6       3     141      6 |   18.80        0.00
GET      GET /api/v1/reservas/{id}                                                       1514     0(0.00%) |      5       2     138      4 |    5.20        0.00
POST     POST /api/v1/auth/login                                                           50     0(0.00%) |   1530     792    2097   1500 |    0.00        0.00
--------|----------------------------------------------------------------------------|-------|-------------|-------|-------|-------|-------|--------|-----------
         Aggregated                                                                      6169     0(0.00%) |     18       2    2097      5 |   24.00        0.00

Type     Name                                                                          # reqs      # fails |    Avg     Min     Max    Med |   req/s  failures/s
--------|----------------------------------------------------------------------------|-------|-------------|-------|-------|-------|-------|--------|-----------
GET      GET /api/v1/reservas                                                            4647     0(0.00%) |      6       3     141      5 |   19.70        0.00
GET      GET /api/v1/reservas/{id}                                                       1527     0(0.00%) |      5       2     138      4 |    5.70        0.00
POST     POST /api/v1/auth/login                                                           50     0(0.00%) |   1530     792    2097   1500 |    0.00        0.00
--------|----------------------------------------------------------------------------|-------|-------------|-------|-------|-------|-------|--------|-----------
         Aggregated                                                                      6224     0(0.00%) |     18       2    2097      5 |   25.40        0.00

Type     Name                                                                          # reqs      # fails |    Avg     Min     Max    Med |   req/s  failures/s
--------|----------------------------------------------------------------------------|-------|-------------|-------|-------|-------|-------|--------|-----------
GET      GET /api/v1/reservas                                                            4681     0(0.00%) |      6       3     141      6 |   19.70        0.00
GET      GET /api/v1/reservas/{id}                                                       1541     0(0.00%) |      5       2     138      4 |    5.70        0.00
POST     POST /api/v1/auth/login                                                           50     0(0.00%) |   1530     792    2097   1500 |    0.00        0.00
--------|----------------------------------------------------------------------------|-------|-------------|-------|-------|-------|-------|--------|-----------
         Aggregated                                                                      6272     0(0.00%) |     18       2    2097      5 |   25.40        0.00

Type     Name                                                                          # reqs      # fails |    Avg     Min     Max    Med |   req/s  failures/s
--------|----------------------------------------------------------------------------|-------|-------------|-------|-------|-------|-------|--------|-----------
GET      GET /api/v1/reservas                                                            4725     0(0.00%) |      6       3     141      5 |   18.80        0.00
GET      GET /api/v1/reservas/{id}                                                       1551     0(0.00%) |      5       2     138      4 |    6.50        0.00
POST     POST /api/v1/auth/login                                                           50     0(0.00%) |   1530     792    2097   1500 |    0.00        0.00
--------|----------------------------------------------------------------------------|-------|-------------|-------|-------|-------|-------|--------|-----------
         Aggregated                                                                      6326     0(0.00%) |     18       2    2097      5 |   25.30        0.00

Type     Name                                                                          # reqs      # fails |    Avg     Min     Max    Med |   req/s  failures/s
--------|----------------------------------------------------------------------------|-------|-------------|-------|-------|-------|-------|--------|-----------
GET      GET /api/v1/reservas                                                            4760     0(0.00%) |      6       3     141      5 |   19.80        0.00
GET      GET /api/v1/reservas/{id}                                                       1563     0(0.00%) |      5       2     138      4 |    5.90        0.00
POST     POST /api/v1/auth/login                                                           50     0(0.00%) |   1530     792    2097   1500 |    0.00        0.00
--------|----------------------------------------------------------------------------|-------|-------------|-------|-------|-------|-------|--------|-----------
         Aggregated                                                                      6373     0(0.00%) |     18       2    2097      5 |   25.70        0.00

Type     Name                                                                          # reqs      # fails |    Avg     Min     Max    Med |   req/s  failures/s
--------|----------------------------------------------------------------------------|-------|-------------|-------|-------|-------|-------|--------|-----------
GET      GET /api/v1/reservas                                                            4796     0(0.00%) |      6       3     141      5 |   19.50        0.00
GET      GET /api/v1/reservas/{id}                                                       1578     0(0.00%) |      5       2     138      4 |    6.30        0.00
POST     POST /api/v1/auth/login                                                           50     0(0.00%) |   1530     792    2097   1500 |    0.00        0.00
--------|----------------------------------------------------------------------------|-------|-------------|-------|-------|-------|-------|--------|-----------
         Aggregated                                                                      6424     0(0.00%) |     18       2    2097      5 |   25.80        0.00

Type     Name                                                                          # reqs      # fails |    Avg     Min     Max    Med |   req/s  failures/s
--------|----------------------------------------------------------------------------|-------|-------------|-------|-------|-------|-------|--------|-----------
GET      GET /api/v1/reservas                                                            4833     0(0.00%) |      6       3     141      5 |   18.90        0.00
GET      GET /api/v1/reservas/{id}                                                       1592     0(0.00%) |      5       2     138      4 |    5.80        0.00
POST     POST /api/v1/auth/login                                                           50     0(0.00%) |   1530     792    2097   1500 |    0.00        0.00
--------|----------------------------------------------------------------------------|-------|-------------|-------|-------|-------|-------|--------|-----------
         Aggregated                                                                      6475     0(0.00%) |     17       2    2097      5 |   24.70        0.00

Type     Name                                                                          # reqs      # fails |    Avg     Min     Max    Med |   req/s  failures/s
--------|----------------------------------------------------------------------------|-------|-------------|-------|-------|-------|-------|--------|-----------
GET      GET /api/v1/reservas                                                            4866     0(0.00%) |      6       3     141      5 |   18.40        0.00
GET      GET /api/v1/reservas/{id}                                                       1604     0(0.00%) |      5       2     138      4 |    6.70        0.00
POST     POST /api/v1/auth/login                                                           50     0(0.00%) |   1530     792    2097   1500 |    0.00        0.00
--------|----------------------------------------------------------------------------|-------|-------------|-------|-------|-------|-------|--------|-----------
         Aggregated                                                                      6520     0(0.00%) |     17       2    2097      5 |   25.10        0.00

Type     Name                                                                          # reqs      # fails |    Avg     Min     Max    Med |   req/s  failures/s
--------|----------------------------------------------------------------------------|-------|-------------|-------|-------|-------|-------|--------|-----------
GET      GET /api/v1/reservas                                                            4907     0(0.00%) |      6       3     141      5 |   18.60        0.00
GET      GET /api/v1/reservas/{id}                                                       1616     0(0.00%) |      5       2     138      4 |    6.00        0.00
POST     POST /api/v1/auth/login                                                           50     0(0.00%) |   1530     792    2097   1500 |    0.00        0.00
--------|----------------------------------------------------------------------------|-------|-------------|-------|-------|-------|-------|--------|-----------
         Aggregated                                                                      6573     0(0.00%) |     17       2    2097      5 |   24.60        0.00

Type     Name                                                                          # reqs      # fails |    Avg     Min     Max    Med |   req/s  failures/s
--------|----------------------------------------------------------------------------|-------|-------------|-------|-------|-------|-------|--------|-----------
GET      GET /api/v1/reservas                                                            4940     0(0.00%) |      6       3     141      5 |   18.00        0.00
GET      GET /api/v1/reservas/{id}                                                       1630     0(0.00%) |      5       2     138      4 |    6.50        0.00
POST     POST /api/v1/auth/login                                                           50     0(0.00%) |   1530     792    2097   1500 |    0.00        0.00
--------|----------------------------------------------------------------------------|-------|-------------|-------|-------|-------|-------|--------|-----------
         Aggregated                                                                      6620     0(0.00%) |     17       2    2097      5 |   24.50        0.00

Type     Name                                                                          # reqs      # fails |    Avg     Min     Max    Med |   req/s  failures/s
--------|----------------------------------------------------------------------------|-------|-------------|-------|-------|-------|-------|--------|-----------
GET      GET /api/v1/reservas                                                            4979     0(0.00%) |      6       3     141      5 |   18.00        0.00
GET      GET /api/v1/reservas/{id}                                                       1642     0(0.00%) |      5       2     138      4 |    6.30        0.00
POST     POST /api/v1/auth/login                                                           50     0(0.00%) |   1530     792    2097   1500 |    0.00        0.00
--------|----------------------------------------------------------------------------|-------|-------------|-------|-------|-------|-------|--------|-----------
         Aggregated                                                                      6671     0(0.00%) |     17       2    2097      5 |   24.30        0.00

Type     Name                                                                          # reqs      # fails |    Avg     Min     Max    Med |   req/s  failures/s
--------|----------------------------------------------------------------------------|-------|-------------|-------|-------|-------|-------|--------|-----------
GET      GET /api/v1/reservas                                                            5020     0(0.00%) |      6       3     141      5 |   18.10        0.00
GET      GET /api/v1/reservas/{id}                                                       1653     0(0.00%) |      5       2     138      4 |    7.00        0.00
POST     POST /api/v1/auth/login                                                           50     0(0.00%) |   1530     792    2097   1500 |    0.00        0.00
--------|----------------------------------------------------------------------------|-------|-------------|-------|-------|-------|-------|--------|-----------
         Aggregated                                                                      6723     0(0.00%) |     17       2    2097      5 |   25.10        0.00

Type     Name                                                                          # reqs      # fails |    Avg     Min     Max    Med |   req/s  failures/s
--------|----------------------------------------------------------------------------|-------|-------------|-------|-------|-------|-------|--------|-----------
GET      GET /api/v1/reservas                                                            5057     0(0.00%) |      6       3     141      5 |   18.70        0.00
GET      GET /api/v1/reservas/{id}                                                       1669     0(0.00%) |      5       2     138      4 |    6.40        0.00
POST     POST /api/v1/auth/login                                                           50     0(0.00%) |   1530     792    2097   1500 |    0.00        0.00
--------|----------------------------------------------------------------------------|-------|-------------|-------|-------|-------|-------|--------|-----------
         Aggregated                                                                      6776     0(0.00%) |     17       2    2097      5 |   25.10        0.00

Type     Name                                                                          # reqs      # fails |    Avg     Min     Max    Med |   req/s  failures/s
--------|----------------------------------------------------------------------------|-------|-------------|-------|-------|-------|-------|--------|-----------
GET      GET /api/v1/reservas                                                            5104     0(0.00%) |      6       3     141      5 |   19.00        0.00
GET      GET /api/v1/reservas/{id}                                                       1680     0(0.00%) |      5       2     138      4 |    6.50        0.00
POST     POST /api/v1/auth/login                                                           50     0(0.00%) |   1530     792    2097   1500 |    0.00        0.00
--------|----------------------------------------------------------------------------|-------|-------------|-------|-------|-------|-------|--------|-----------
         Aggregated                                                                      6834     0(0.00%) |     17       2    2097      5 |   25.50        0.00

Type     Name                                                                          # reqs      # fails |    Avg     Min     Max    Med |   req/s  failures/s
--------|----------------------------------------------------------------------------|-------|-------------|-------|-------|-------|-------|--------|-----------
GET      GET /api/v1/reservas                                                            5138     0(0.00%) |      6       3     141      5 |   18.80        0.00
GET      GET /api/v1/reservas/{id}                                                       1691     0(0.00%) |      5       2     138      4 |    6.30        0.00
POST     POST /api/v1/auth/login                                                           50     0(0.00%) |   1530     792    2097   1500 |    0.00        0.00
--------|----------------------------------------------------------------------------|-------|-------------|-------|-------|-------|-------|--------|-----------
         Aggregated                                                                      6879     0(0.00%) |     17       2    2097      5 |   25.10        0.00

Type     Name                                                                          # reqs      # fails |    Avg     Min     Max    Med |   req/s  failures/s
--------|----------------------------------------------------------------------------|-------|-------------|-------|-------|-------|-------|--------|-----------
GET      GET /api/v1/reservas                                                            5176     0(0.00%) |      6       3     141      5 |   19.50        0.00
GET      GET /api/v1/reservas/{id}                                                       1703     0(0.00%) |      5       2     138      4 |    6.40        0.00
POST     POST /api/v1/auth/login                                                           50     0(0.00%) |   1530     792    2097   1500 |    0.00        0.00
--------|----------------------------------------------------------------------------|-------|-------------|-------|-------|-------|-------|--------|-----------
         Aggregated                                                                      6929     0(0.00%) |     17       2    2097      5 |   25.90        0.00

Type     Name                                                                          # reqs      # fails |    Avg     Min     Max    Med |   req/s  failures/s
--------|----------------------------------------------------------------------------|-------|-------------|-------|-------|-------|-------|--------|-----------
GET      GET /api/v1/reservas                                                            5221     0(0.00%) |      6       3     141      5 |   19.60        0.00
GET      GET /api/v1/reservas/{id}                                                       1713     0(0.00%) |      5       2     138      4 |    6.10        0.00
POST     POST /api/v1/auth/login                                                           50     0(0.00%) |   1530     792    2097   1500 |    0.00        0.00
--------|----------------------------------------------------------------------------|-------|-------------|-------|-------|-------|-------|--------|-----------
         Aggregated                                                                      6984     0(0.00%) |     17       2    2097      5 |   25.70        0.00

Type     Name                                                                          # reqs      # fails |    Avg     Min     Max    Med |   req/s  failures/s
--------|----------------------------------------------------------------------------|-------|-------------|-------|-------|-------|-------|--------|-----------
GET      GET /api/v1/reservas                                                            5253     0(0.00%) |      6       3     141      5 |   19.40        0.00
GET      GET /api/v1/reservas/{id}                                                       1725     0(0.00%) |      5       2     138      4 |    5.60        0.00
POST     POST /api/v1/auth/login                                                           50     0(0.00%) |   1530     792    2097   1500 |    0.00        0.00
--------|----------------------------------------------------------------------------|-------|-------------|-------|-------|-------|-------|--------|-----------
         Aggregated                                                                      7028     0(0.00%) |     16       2    2097      5 |   25.00        0.00

Type     Name                                                                          # reqs      # fails |    Avg     Min     Max    Med |   req/s  failures/s
--------|----------------------------------------------------------------------------|-------|-------------|-------|-------|-------|-------|--------|-----------
GET      GET /api/v1/reservas                                                            5293     0(0.00%) |      6       3     141      5 |   20.10        0.00
GET      GET /api/v1/reservas/{id}                                                       1735     0(0.00%) |      5       2     138      4 |    5.50        0.00
POST     POST /api/v1/auth/login                                                           50     0(0.00%) |   1530     792    2097   1500 |    0.00        0.00
--------|----------------------------------------------------------------------------|-------|-------------|-------|-------|-------|-------|--------|-----------
         Aggregated                                                                      7078     0(0.00%) |     16       2    2097      5 |   25.60        0.00

Type     Name                                                                          # reqs      # fails |    Avg     Min     Max    Med |   req/s  failures/s
--------|----------------------------------------------------------------------------|-------|-------------|-------|-------|-------|-------|--------|-----------
GET      GET /api/v1/reservas                                                            5330     0(0.00%) |      6       3     141      5 |   19.80        0.00
GET      GET /api/v1/reservas/{id}                                                       1742     0(0.00%) |      5       2     138      4 |    5.70        0.00
POST     POST /api/v1/auth/login                                                           50     0(0.00%) |   1530     792    2097   1500 |    0.00        0.00
--------|----------------------------------------------------------------------------|-------|-------------|-------|-------|-------|-------|--------|-----------
         Aggregated                                                                      7122     0(0.00%) |     16       2    2097      5 |   25.50        0.00

Type     Name                                                                          # reqs      # fails |    Avg     Min     Max    Med |   req/s  failures/s
--------|----------------------------------------------------------------------------|-------|-------------|-------|-------|-------|-------|--------|-----------
GET      GET /api/v1/reservas                                                            5374     0(0.00%) |      6       3     141      5 |   19.20        0.00
GET      GET /api/v1/reservas/{id}                                                       1751     0(0.00%) |      5       2     138      4 |    5.10        0.00
POST     POST /api/v1/auth/login                                                           50     0(0.00%) |   1530     792    2097   1500 |    0.00        0.00
--------|----------------------------------------------------------------------------|-------|-------------|-------|-------|-------|-------|--------|-----------
         Aggregated                                                                      7175     0(0.00%) |     16       2    2097      5 |   24.30        0.00

Type     Name                                                                          # reqs      # fails |    Avg     Min     Max    Med |   req/s  failures/s
--------|----------------------------------------------------------------------------|-------|-------------|-------|-------|-------|-------|--------|-----------
GET      GET /api/v1/reservas                                                            5408     0(0.00%) |      6       3     141      5 |   20.00        0.00
GET      GET /api/v1/reservas/{id}                                                       1766     0(0.00%) |      5       2     138      4 |    4.90        0.00
POST     POST /api/v1/auth/login                                                           50     0(0.00%) |   1530     792    2097   1500 |    0.00        0.00
--------|----------------------------------------------------------------------------|-------|-------------|-------|-------|-------|-------|--------|-----------
         Aggregated                                                                      7224     0(0.00%) |     16       2    2097      5 |   24.90        0.00

Type     Name                                                                          # reqs      # fails |    Avg     Min     Max    Med |   req/s  failures/s
--------|----------------------------------------------------------------------------|-------|-------------|-------|-------|-------|-------|--------|-----------
GET      GET /api/v1/reservas                                                            5450     0(0.00%) |      6       3     141      5 |   19.30        0.00
GET      GET /api/v1/reservas/{id}                                                       1774     0(0.00%) |      5       2     138      4 |    5.50        0.00
POST     POST /api/v1/auth/login                                                           50     0(0.00%) |   1530     792    2097   1500 |    0.00        0.00
--------|----------------------------------------------------------------------------|-------|-------------|-------|-------|-------|-------|--------|-----------
         Aggregated                                                                      7274     0(0.00%) |     16       2    2097      5 |   24.80        0.00

Type     Name                                                                          # reqs      # fails |    Avg     Min     Max    Med |   req/s  failures/s
--------|----------------------------------------------------------------------------|-------|-------------|-------|-------|-------|-------|--------|-----------
GET      GET /api/v1/reservas                                                            5486     0(0.00%) |      6       3     141      5 |   19.70        0.00
GET      GET /api/v1/reservas/{id}                                                       1787     0(0.00%) |      5       2     138      4 |    4.90        0.00
POST     POST /api/v1/auth/login                                                           50     0(0.00%) |   1530     792    2097   1500 |    0.00        0.00
--------|----------------------------------------------------------------------------|-------|-------------|-------|-------|-------|-------|--------|-----------
         Aggregated                                                                      7323     0(0.00%) |     16       2    2097      5 |   24.60        0.00

Type     Name                                                                          # reqs      # fails |    Avg     Min     Max    Med |   req/s  failures/s
--------|----------------------------------------------------------------------------|-------|-------------|-------|-------|-------|-------|--------|-----------
GET      GET /api/v1/reservas                                                            5530     0(0.00%) |      6       3     141      5 |   19.30        0.00
GET      GET /api/v1/reservas/{id}                                                       1798     0(0.00%) |      5       2     138      4 |    4.70        0.00
POST     POST /api/v1/auth/login                                                           50     0(0.00%) |   1530     792    2097   1500 |    0.00        0.00
--------|----------------------------------------------------------------------------|-------|-------------|-------|-------|-------|-------|--------|-----------
         Aggregated                                                                      7378     0(0.00%) |     16       2    2097      5 |   24.00        0.00

Type     Name                                                                          # reqs      # fails |    Avg     Min     Max    Med |   req/s  failures/s
--------|----------------------------------------------------------------------------|-------|-------------|-------|-------|-------|-------|--------|-----------
GET      GET /api/v1/reservas                                                            5566     0(0.00%) |      6       3     141      5 |   20.00        0.00
GET      GET /api/v1/reservas/{id}                                                       1810     0(0.00%) |      5       2     138      4 |    5.60        0.00
POST     POST /api/v1/auth/login                                                           50     0(0.00%) |   1530     792    2097   1500 |    0.00        0.00
--------|----------------------------------------------------------------------------|-------|-------------|-------|-------|-------|-------|--------|-----------
         Aggregated                                                                      7426     0(0.00%) |     16       2    2097      5 |   25.60        0.00

[2026-09-20 18:04:31,733] pfc-pruebas-e1/INFO/locust.main: --run-time limit reached, shutting down
[2026-09-20 18:04:31,832] pfc-pruebas-e1/INFO/locust.main: writing html report to file: /home/ubuntu/PFC_ISSUE32/experimentos/resultados/raw/eficiencia_nominal_50u_5m_poblada/rep-05/locust-report.html
[2026-09-20 18:04:31,834] pfc-pruebas-e1/INFO/locust.main: Shutting down (exit code 0)
Type     Name                                                                          # reqs      # fails |    Avg     Min     Max    Med |   req/s  failures/s
--------|----------------------------------------------------------------------------|-------|-------------|-------|-------|-------|-------|--------|-----------
GET      GET /api/v1/reservas                                                            5595     0(0.00%) |      6       3     141      5 |   18.66        0.00
GET      GET /api/v1/reservas/{id}                                                       1823     0(0.00%) |      5       2     138      4 |    6.08        0.00
POST     POST /api/v1/auth/login                                                           50     0(0.00%) |   1530     792    2097   1500 |    0.17        0.00
--------|----------------------------------------------------------------------------|-------|-------------|-------|-------|-------|-------|--------|-----------
         Aggregated                                                                      7468     0(0.00%) |     16       2    2097      5 |   24.90        0.00

Response time percentiles (approximated)
Type     Name                                                                                  50%    66%    75%    80%    90%    95%    98%    99%  99.9% 99.99%   100% # reqs
--------|--------------------------------------------------------------------------------|--------|------|------|------|------|------|------|------|------|------|------|------
GET      GET /api/v1/reservas                                                                    5      6      6      7      8     10     15     22     86    140    140   5595
GET      GET /api/v1/reservas/{id}                                                               4      5      5      5      7      8     12     17    120    140    140   1823
POST     POST /api/v1/auth/login                                                              1500   1700   1800   1900   2000   2000   2100   2100   2100   2100   2100     50
--------|--------------------------------------------------------------------------------|--------|------|------|------|------|------|------|------|------|------|------|------
         Aggregated                                                                              5      6      6      7      8     10     18     52   1900   2100   2100   7468

