[2026-09-20 18:12:20,446] pfc-pruebas-e1/INFO/locust.main: Run time limit set to 300 seconds
[2026-09-20 18:12:20,447] pfc-pruebas-e1/INFO/locust.main: Starting Locust 2.31.6
Type     Name                                                                          # reqs      # fails |    Avg     Min     Max    Med |   req/s  failures/s
--------|----------------------------------------------------------------------------|-------|-------------|-------|-------|-------|-------|--------|-----------
--------|----------------------------------------------------------------------------|-------|-------------|-------|-------|-------|-------|--------|-----------
         Aggregated                                                                         0     0(0.00%) |      0       0       0      0 |    0.00        0.00

[2026-09-20 18:12:20,448] pfc-pruebas-e1/INFO/locust.runners: Ramping to 50 users at a rate of 10.00 per second
Type     Name                                                                          # reqs      # fails |    Avg     Min     Max    Med |   req/s  failures/s
--------|----------------------------------------------------------------------------|-------|-------------|-------|-------|-------|-------|--------|-----------
GET      GET /api/v1/reservas                                                              12     0(0.00%) |      9       6      14      8 |    0.00        0.00
POST     POST /api/v1/auth/login                                                           12     0(0.00%) |   1252     687    1909   1200 |    0.00        0.00
--------|----------------------------------------------------------------------------|-------|-------------|-------|-------|-------|-------|--------|-----------
         Aggregated                                                                        24     0(0.00%) |    630       6    1909     15 |    0.00        0.00

Type     Name                                                                          # reqs      # fails |    Avg     Min     Max    Med |   req/s  failures/s
--------|----------------------------------------------------------------------------|-------|-------------|-------|-------|-------|-------|--------|-----------
GET      GET /api/v1/reservas                                                              36     0(0.00%) |     15       5      97      8 |    3.00        0.00
GET      GET /api/v1/reservas/{id}                                                          2     0(0.00%) |      6       4       8      5 |    0.00        0.00
POST     POST /api/v1/auth/login                                                           27     0(0.00%) |   1491     687    2486   1600 |    3.00        0.00
--------|----------------------------------------------------------------------------|-------|-------------|-------|-------|-------|-------|--------|-----------
         Aggregated                                                                        65     0(0.00%) |    628       4    2486     31 |    6.00        0.00

[2026-09-20 18:12:24,453] pfc-pruebas-e1/INFO/locust.runners: All users spawned: {"ReservasUser": 50} (50 total users)
Type     Name                                                                          # reqs      # fails |    Avg     Min     Max    Med |   req/s  failures/s
--------|----------------------------------------------------------------------------|-------|-------------|-------|-------|-------|-------|--------|-----------
GET      GET /api/v1/reservas                                                              78     0(0.00%) |     21       4     151      8 |    7.50        0.00
GET      GET /api/v1/reservas/{id}                                                          9     0(0.00%) |      6       4       9      6 |    0.50        0.00
POST     POST /api/v1/auth/login                                                           50     0(0.00%) |   1623     687    2694   1600 |    5.50        0.00
--------|----------------------------------------------------------------------------|-------|-------------|-------|-------|-------|-------|--------|-----------
         Aggregated                                                                       137     0(0.00%) |    605       4    2694     21 |   13.50        0.00

Type     Name                                                                          # reqs      # fails |    Avg     Min     Max    Med |   req/s  failures/s
--------|----------------------------------------------------------------------------|-------|-------------|-------|-------|-------|-------|--------|-----------
GET      GET /api/v1/reservas                                                             109     0(0.00%) |     17       3     151      8 |   11.00        0.00
GET      GET /api/v1/reservas/{id}                                                         24     0(0.00%) |      5       3      10      5 |    1.33        0.00
POST     POST /api/v1/auth/login                                                           50     0(0.00%) |   1623     687    2694   1600 |    7.50        0.00
--------|----------------------------------------------------------------------------|-------|-------------|-------|-------|-------|-------|--------|-----------
         Aggregated                                                                       183     0(0.00%) |    454       3    2694      9 |   19.83        0.00

Type     Name                                                                          # reqs      # fails |    Avg     Min     Max    Med |   req/s  failures/s
--------|----------------------------------------------------------------------------|-------|-------------|-------|-------|-------|-------|--------|-----------
GET      GET /api/v1/reservas                                                             150     0(0.00%) |     14       3     151      7 |   12.62        0.00
GET      GET /api/v1/reservas/{id}                                                         34     0(0.00%) |      5       3      10      5 |    2.50        0.00
POST     POST /api/v1/auth/login                                                           50     0(0.00%) |   1623     687    2694   1600 |    6.25        0.00
--------|----------------------------------------------------------------------------|-------|-------------|-------|-------|-------|-------|--------|-----------
         Aggregated                                                                       234     0(0.00%) |    356       3    2694      8 |   21.38        0.00

Type     Name                                                                          # reqs      # fails |    Avg     Min     Max    Med |   req/s  failures/s
--------|----------------------------------------------------------------------------|-------|-------------|-------|-------|-------|-------|--------|-----------
GET      GET /api/v1/reservas                                                             191     0(0.00%) |     12       3     151      7 |   14.00        0.00
GET      GET /api/v1/reservas/{id}                                                         41     0(0.00%) |      5       3      10      5 |    3.10        0.00
POST     POST /api/v1/auth/login                                                           50     0(0.00%) |   1623     687    2694   1600 |    5.00        0.00
--------|----------------------------------------------------------------------------|-------|-------------|-------|-------|-------|-------|--------|-----------
         Aggregated                                                                       282     0(0.00%) |    297       3    2694      7 |   22.10        0.00

Type     Name                                                                          # reqs      # fails |    Avg     Min     Max    Med |   req/s  failures/s
--------|----------------------------------------------------------------------------|-------|-------------|-------|-------|-------|-------|--------|-----------
GET      GET /api/v1/reservas                                                             224     0(0.00%) |     11       3     151      7 |   17.70        0.00
GET      GET /api/v1/reservas/{id}                                                         58     0(0.00%) |      5       2      10      4 |    3.60        0.00
POST     POST /api/v1/auth/login                                                           50     0(0.00%) |   1623     687    2694   1600 |    4.40        0.00
--------|----------------------------------------------------------------------------|-------|-------------|-------|-------|-------|-------|--------|-----------
         Aggregated                                                                       332     0(0.00%) |    253       2    2694      7 |   25.70        0.00

Type     Name                                                                          # reqs      # fails |    Avg     Min     Max    Med |   req/s  failures/s
--------|----------------------------------------------------------------------------|-------|-------------|-------|-------|-------|-------|--------|-----------
GET      GET /api/v1/reservas                                                             261     0(0.00%) |     10       3     151      6 |   18.80        0.00
GET      GET /api/v1/reservas/{id}                                                         71     0(0.00%) |      4       2      10      4 |    4.80        0.00
POST     POST /api/v1/auth/login                                                           50     0(0.00%) |   1623     687    2694   1600 |    2.80        0.00
--------|----------------------------------------------------------------------------|-------|-------------|-------|-------|-------|-------|--------|-----------
         Aggregated                                                                       382     0(0.00%) |    220       2    2694      6 |   26.40        0.00

Type     Name                                                                          # reqs      # fails |    Avg     Min     Max    Med |   req/s  failures/s
--------|----------------------------------------------------------------------------|-------|-------------|-------|-------|-------|-------|--------|-----------
GET      GET /api/v1/reservas                                                             301     0(0.00%) |     10       3     151      6 |   18.40        0.00
GET      GET /api/v1/reservas/{id}                                                         79     0(0.00%) |      4       2      10      4 |    5.90        0.00
POST     POST /api/v1/auth/login                                                           50     0(0.00%) |   1623     687    2694   1600 |    0.50        0.00
--------|----------------------------------------------------------------------------|-------|-------------|-------|-------|-------|-------|--------|-----------
         Aggregated                                                                       430     0(0.00%) |    196       2    2694      6 |   24.80        0.00

Type     Name                                                                          # reqs      # fails |    Avg     Min     Max    Med |   req/s  failures/s
--------|----------------------------------------------------------------------------|-------|-------------|-------|-------|-------|-------|--------|-----------
GET      GET /api/v1/reservas                                                             344     0(0.00%) |      9       3     151      6 |   19.10        0.00
GET      GET /api/v1/reservas/{id}                                                         91     0(0.00%) |      4       2      10      4 |    5.80        0.00
POST     POST /api/v1/auth/login                                                           50     0(0.00%) |   1623     687    2694   1600 |    0.00        0.00
--------|----------------------------------------------------------------------------|-------|-------------|-------|-------|-------|-------|--------|-----------
         Aggregated                                                                       485     0(0.00%) |    175       2    2694      6 |   24.90        0.00

Type     Name                                                                          # reqs      # fails |    Avg     Min     Max    Med |   req/s  failures/s
--------|----------------------------------------------------------------------------|-------|-------------|-------|-------|-------|-------|--------|-----------
GET      GET /api/v1/reservas                                                             379     0(0.00%) |      9       3     151      6 |   19.70        0.00
GET      GET /api/v1/reservas/{id}                                                        104     0(0.00%) |      4       2      10      4 |    5.50        0.00
POST     POST /api/v1/auth/login                                                           50     0(0.00%) |   1623     687    2694   1600 |    0.00        0.00
--------|----------------------------------------------------------------------------|-------|-------------|-------|-------|-------|-------|--------|-----------
         Aggregated                                                                       533     0(0.00%) |    159       2    2694      6 |   25.20        0.00

Type     Name                                                                          # reqs      # fails |    Avg     Min     Max    Med |   req/s  failures/s
--------|----------------------------------------------------------------------------|-------|-------------|-------|-------|-------|-------|--------|-----------
GET      GET /api/v1/reservas                                                             419     0(0.00%) |      9       3     151      6 |   18.90        0.00
GET      GET /api/v1/reservas/{id}                                                        115     0(0.00%) |      4       2      21      4 |    6.50        0.00
POST     POST /api/v1/auth/login                                                           50     0(0.00%) |   1623     687    2694   1600 |    0.00        0.00
--------|----------------------------------------------------------------------------|-------|-------------|-------|-------|-------|-------|--------|-----------
         Aggregated                                                                       584     0(0.00%) |    146       2    2694      6 |   25.40        0.00

Type     Name                                                                          # reqs      # fails |    Avg     Min     Max    Med |   req/s  failures/s
--------|----------------------------------------------------------------------------|-------|-------------|-------|-------|-------|-------|--------|-----------
GET      GET /api/v1/reservas                                                             456     0(0.00%) |      8       3     151      6 |   19.00        0.00
GET      GET /api/v1/reservas/{id}                                                        127     0(0.00%) |      4       2      21      4 |    6.30        0.00
POST     POST /api/v1/auth/login                                                           50     0(0.00%) |   1623     687    2694   1600 |    0.00        0.00
--------|----------------------------------------------------------------------------|-------|-------------|-------|-------|-------|-------|--------|-----------
         Aggregated                                                                       633     0(0.00%) |    135       2    2694      6 |   25.30        0.00

Type     Name                                                                          # reqs      # fails |    Avg     Min     Max    Med |   req/s  failures/s
--------|----------------------------------------------------------------------------|-------|-------------|-------|-------|-------|-------|--------|-----------
GET      GET /api/v1/reservas                                                             495     0(0.00%) |      8       3     151      6 |   19.90        0.00
GET      GET /api/v1/reservas/{id}                                                        139     0(0.00%) |      4       2      21      4 |    5.20        0.00
POST     POST /api/v1/auth/login                                                           50     0(0.00%) |   1623     687    2694   1600 |    0.00        0.00
--------|----------------------------------------------------------------------------|-------|-------------|-------|-------|-------|-------|--------|-----------
         Aggregated                                                                       684     0(0.00%) |    126       2    2694      6 |   25.10        0.00

Type     Name                                                                          # reqs      # fails |    Avg     Min     Max    Med |   req/s  failures/s
--------|----------------------------------------------------------------------------|-------|-------------|-------|-------|-------|-------|--------|-----------
GET      GET /api/v1/reservas                                                             530     0(0.00%) |      8       3     151      6 |   19.20        0.00
GET      GET /api/v1/reservas/{id}                                                        149     0(0.00%) |      4       2      21      4 |    5.60        0.00
POST     POST /api/v1/auth/login                                                           50     0(0.00%) |   1623     687    2694   1600 |    0.00        0.00
--------|----------------------------------------------------------------------------|-------|-------------|-------|-------|-------|-------|--------|-----------
         Aggregated                                                                       729     0(0.00%) |    118       2    2694      6 |   24.80        0.00

Type     Name                                                                          # reqs      # fails |    Avg     Min     Max    Med |   req/s  failures/s
--------|----------------------------------------------------------------------------|-------|-------------|-------|-------|-------|-------|--------|-----------
GET      GET /api/v1/reservas                                                             563     0(0.00%) |      8       3     151      6 |   18.30        0.00
GET      GET /api/v1/reservas/{id}                                                        160     0(0.00%) |      4       2      21      4 |    6.20        0.00
POST     POST /api/v1/auth/login                                                           50     0(0.00%) |   1623     687    2694   1600 |    0.00        0.00
--------|----------------------------------------------------------------------------|-------|-------------|-------|-------|-------|-------|--------|-----------
         Aggregated                                                                       773     0(0.00%) |    112       2    2694      6 |   24.50        0.00

Type     Name                                                                          # reqs      # fails |    Avg     Min     Max    Med |   req/s  failures/s
--------|----------------------------------------------------------------------------|-------|-------------|-------|-------|-------|-------|--------|-----------
GET      GET /api/v1/reservas                                                             601     0(0.00%) |      8       3     151      6 |   18.50        0.00
GET      GET /api/v1/reservas/{id}                                                        177     0(0.00%) |      4       2      21      4 |    5.60        0.00
POST     POST /api/v1/auth/login                                                           50     0(0.00%) |   1623     687    2694   1600 |    0.00        0.00
--------|----------------------------------------------------------------------------|-------|-------------|-------|-------|-------|-------|--------|-----------
         Aggregated                                                                       828     0(0.00%) |    105       2    2694      6 |   24.10        0.00

Type     Name                                                                          # reqs      # fails |    Avg     Min     Max    Med |   req/s  failures/s
--------|----------------------------------------------------------------------------|-------|-------------|-------|-------|-------|-------|--------|-----------
GET      GET /api/v1/reservas                                                             636     0(0.00%) |      8       3     151      6 |   18.70        0.00
GET      GET /api/v1/reservas/{id}                                                        189     0(0.00%) |      4       2      21      4 |    6.00        0.00
POST     POST /api/v1/auth/login                                                           50     0(0.00%) |   1623     687    2694   1600 |    0.00        0.00
--------|----------------------------------------------------------------------------|-------|-------------|-------|-------|-------|-------|--------|-----------
         Aggregated                                                                       875     0(0.00%) |     99       2    2694      6 |   24.70        0.00

Type     Name                                                                          # reqs      # fails |    Avg     Min     Max    Med |   req/s  failures/s
--------|----------------------------------------------------------------------------|-------|-------------|-------|-------|-------|-------|--------|-----------
GET      GET /api/v1/reservas                                                             676     0(0.00%) |      8       3     151      6 |   18.40        0.00
GET      GET /api/v1/reservas/{id}                                                        200     0(0.00%) |      4       2      21      4 |    6.60        0.00
POST     POST /api/v1/auth/login                                                           50     0(0.00%) |   1623     687    2694   1600 |    0.00        0.00
--------|----------------------------------------------------------------------------|-------|-------------|-------|-------|-------|-------|--------|-----------
         Aggregated                                                                       926     0(0.00%) |     94       2    2694      6 |   25.00        0.00

Type     Name                                                                          # reqs      # fails |    Avg     Min     Max    Med |   req/s  failures/s
--------|----------------------------------------------------------------------------|-------|-------------|-------|-------|-------|-------|--------|-----------
GET      GET /api/v1/reservas                                                             709     0(0.00%) |      8       3     151      6 |   18.40        0.00
GET      GET /api/v1/reservas/{id}                                                        217     0(0.00%) |      4       2      21      4 |    6.40        0.00
POST     POST /api/v1/auth/login                                                           50     0(0.00%) |   1623     687    2694   1600 |    0.00        0.00
--------|----------------------------------------------------------------------------|-------|-------------|-------|-------|-------|-------|--------|-----------
         Aggregated                                                                       976     0(0.00%) |     90       2    2694      5 |   24.80        0.00

Type     Name                                                                          # reqs      # fails |    Avg     Min     Max    Med |   req/s  failures/s
--------|----------------------------------------------------------------------------|-------|-------------|-------|-------|-------|-------|--------|-----------
GET      GET /api/v1/reservas                                                             747     0(0.00%) |      7       3     151      6 |   18.20        0.00
GET      GET /api/v1/reservas/{id}                                                        227     0(0.00%) |      4       2      21      4 |    6.40        0.00
POST     POST /api/v1/auth/login                                                           50     0(0.00%) |   1623     687    2694   1600 |    0.00        0.00
--------|----------------------------------------------------------------------------|-------|-------------|-------|-------|-------|-------|--------|-----------
         Aggregated                                                                      1024     0(0.00%) |     86       2    2694      5 |   24.60        0.00

Type     Name                                                                          # reqs      # fails |    Avg     Min     Max    Med |   req/s  failures/s
--------|----------------------------------------------------------------------------|-------|-------------|-------|-------|-------|-------|--------|-----------
GET      GET /api/v1/reservas                                                             781     0(0.00%) |      7       3     151      6 |   17.90        0.00
GET      GET /api/v1/reservas/{id}                                                        239     0(0.00%) |      4       2      21      4 |    6.70        0.00
POST     POST /api/v1/auth/login                                                           50     0(0.00%) |   1623     687    2694   1600 |    0.00        0.00
--------|----------------------------------------------------------------------------|-------|-------------|-------|-------|-------|-------|--------|-----------
         Aggregated                                                                      1070     0(0.00%) |     82       2    2694      5 |   24.60        0.00

Type     Name                                                                          # reqs      # fails |    Avg     Min     Max    Med |   req/s  failures/s
--------|----------------------------------------------------------------------------|-------|-------------|-------|-------|-------|-------|--------|-----------
GET      GET /api/v1/reservas                                                             820     0(0.00%) |      7       3     151      6 |   17.90        0.00
GET      GET /api/v1/reservas/{id}                                                        252     0(0.00%) |      4       2      21      4 |    6.30        0.00
POST     POST /api/v1/auth/login                                                           50     0(0.00%) |   1623     687    2694   1600 |    0.00        0.00
--------|----------------------------------------------------------------------------|-------|-------------|-------|-------|-------|-------|--------|-----------
         Aggregated                                                                      1122     0(0.00%) |     79       2    2694      5 |   24.20        0.00

Type     Name                                                                          # reqs      # fails |    Avg     Min     Max    Med |   req/s  failures/s
--------|----------------------------------------------------------------------------|-------|-------------|-------|-------|-------|-------|--------|-----------
GET      GET /api/v1/reservas                                                             856     0(0.00%) |      7       3     151      6 |   17.40        0.00
GET      GET /api/v1/reservas/{id}                                                        271     0(0.00%) |      4       2      21      4 |    6.60        0.00
POST     POST /api/v1/auth/login                                                           50     0(0.00%) |   1623     687    2694   1600 |    0.00        0.00
--------|----------------------------------------------------------------------------|-------|-------------|-------|-------|-------|-------|--------|-----------
         Aggregated                                                                      1177     0(0.00%) |     75       2    2694      5 |   24.00        0.00

Type     Name                                                                          # reqs      # fails |    Avg     Min     Max    Med |   req/s  failures/s
--------|----------------------------------------------------------------------------|-------|-------------|-------|-------|-------|-------|--------|-----------
GET      GET /api/v1/reservas                                                             889     0(0.00%) |      7       3     151      6 |   18.20        0.00
GET      GET /api/v1/reservas/{id}                                                        281     0(0.00%) |      4       2      21      4 |    6.30        0.00
POST     POST /api/v1/auth/login                                                           50     0(0.00%) |   1623     687    2694   1600 |    0.00        0.00
--------|----------------------------------------------------------------------------|-------|-------------|-------|-------|-------|-------|--------|-----------
         Aggregated                                                                      1220     0(0.00%) |     73       2    2694      5 |   24.50        0.00

Type     Name                                                                          # reqs      # fails |    Avg     Min     Max    Med |   req/s  failures/s
--------|----------------------------------------------------------------------------|-------|-------------|-------|-------|-------|-------|--------|-----------
GET      GET /api/v1/reservas                                                             926     0(0.00%) |      7       3     151      6 |   18.00        0.00
GET      GET /api/v1/reservas/{id}                                                        296     0(0.00%) |      4       2      21      4 |    6.60        0.00
POST     POST /api/v1/auth/login                                                           50     0(0.00%) |   1623     687    2694   1600 |    0.00        0.00
--------|----------------------------------------------------------------------------|-------|-------------|-------|-------|-------|-------|--------|-----------
         Aggregated                                                                      1272     0(0.00%) |     70       2    2694      5 |   24.60        0.00

Type     Name                                                                          # reqs      # fails |    Avg     Min     Max    Med |   req/s  failures/s
--------|----------------------------------------------------------------------------|-------|-------------|-------|-------|-------|-------|--------|-----------
GET      GET /api/v1/reservas                                                             966     0(0.00%) |      7       3     151      6 |   17.90        0.00
GET      GET /api/v1/reservas/{id}                                                        306     0(0.00%) |      4       2      21      4 |    6.90        0.00
POST     POST /api/v1/auth/login                                                           50     0(0.00%) |   1623     687    2694   1600 |    0.00        0.00
--------|----------------------------------------------------------------------------|-------|-------------|-------|-------|-------|-------|--------|-----------
         Aggregated                                                                      1322     0(0.00%) |     68       2    2694      5 |   24.80        0.00

Type     Name                                                                          # reqs      # fails |    Avg     Min     Max    Med |   req/s  failures/s
--------|----------------------------------------------------------------------------|-------|-------------|-------|-------|-------|-------|--------|-----------
GET      GET /api/v1/reservas                                                            1003     0(0.00%) |      7       3     151      6 |   18.10        0.00
GET      GET /api/v1/reservas/{id}                                                        321     0(0.00%) |      4       2      21      4 |    6.80        0.00
POST     POST /api/v1/auth/login                                                           50     0(0.00%) |   1623     687    2694   1600 |    0.00        0.00
--------|----------------------------------------------------------------------------|-------|-------------|-------|-------|-------|-------|--------|-----------
         Aggregated                                                                      1374     0(0.00%) |     65       2    2694      5 |   24.90        0.00

Type     Name                                                                          # reqs      # fails |    Avg     Min     Max    Med |   req/s  failures/s
--------|----------------------------------------------------------------------------|-------|-------------|-------|-------|-------|-------|--------|-----------
GET      GET /api/v1/reservas                                                            1037     0(0.00%) |      7       3     151      6 |   18.10        0.00
GET      GET /api/v1/reservas/{id}                                                        332     0(0.00%) |      4       2      21      4 |    6.70        0.00
POST     POST /api/v1/auth/login                                                           50     0(0.00%) |   1623     687    2694   1600 |    0.00        0.00
--------|----------------------------------------------------------------------------|-------|-------------|-------|-------|-------|-------|--------|-----------
         Aggregated                                                                      1419     0(0.00%) |     63       2    2694      5 |   24.80        0.00

Type     Name                                                                          # reqs      # fails |    Avg     Min     Max    Med |   req/s  failures/s
--------|----------------------------------------------------------------------------|-------|-------------|-------|-------|-------|-------|--------|-----------
GET      GET /api/v1/reservas                                                            1083     0(0.00%) |      7       3     151      6 |   17.80        0.00
GET      GET /api/v1/reservas/{id}                                                        341     0(0.00%) |      4       2      21      4 |    6.80        0.00
POST     POST /api/v1/auth/login                                                           50     0(0.00%) |   1623     687    2694   1600 |    0.00        0.00
--------|----------------------------------------------------------------------------|-------|-------------|-------|-------|-------|-------|--------|-----------
         Aggregated                                                                      1474     0(0.00%) |     61       2    2694      5 |   24.60        0.00

Type     Name                                                                          # reqs      # fails |    Avg     Min     Max    Med |   req/s  failures/s
--------|----------------------------------------------------------------------------|-------|-------------|-------|-------|-------|-------|--------|-----------
GET      GET /api/v1/reservas                                                            1123     0(0.00%) |      7       3     151      6 |   19.30        0.00
GET      GET /api/v1/reservas/{id}                                                        350     0(0.00%) |      4       2      21      4 |    6.00        0.00
POST     POST /api/v1/auth/login                                                           50     0(0.00%) |   1623     687    2694   1600 |    0.00        0.00
--------|----------------------------------------------------------------------------|-------|-------------|-------|-------|-------|-------|--------|-----------
         Aggregated                                                                      1523     0(0.00%) |     59       2    2694      5 |   25.30        0.00

Type     Name                                                                          # reqs      # fails |    Avg     Min     Max    Med |   req/s  failures/s
--------|----------------------------------------------------------------------------|-------|-------------|-------|-------|-------|-------|--------|-----------
GET      GET /api/v1/reservas                                                            1155     0(0.00%) |      7       3     151      6 |   20.10        0.00
GET      GET /api/v1/reservas/{id}                                                        364     0(0.00%) |      4       2      21      4 |    5.50        0.00
POST     POST /api/v1/auth/login                                                           50     0(0.00%) |   1623     687    2694   1600 |    0.00        0.00
--------|----------------------------------------------------------------------------|-------|-------------|-------|-------|-------|-------|--------|-----------
         Aggregated                                                                      1569     0(0.00%) |     58       2    2694      5 |   25.60        0.00

Type     Name                                                                          # reqs      # fails |    Avg     Min     Max    Med |   req/s  failures/s
--------|----------------------------------------------------------------------------|-------|-------------|-------|-------|-------|-------|--------|-----------
GET      GET /api/v1/reservas                                                            1193     0(0.00%) |      7       3     151      6 |   19.60        0.00
GET      GET /api/v1/reservas/{id}                                                        378     0(0.00%) |      4       2      21      4 |    5.70        0.00
POST     POST /api/v1/auth/login                                                           50     0(0.00%) |   1623     687    2694   1600 |    0.00        0.00
--------|----------------------------------------------------------------------------|-------|-------------|-------|-------|-------|-------|--------|-----------
         Aggregated                                                                      1621     0(0.00%) |     56       2    2694      5 |   25.30        0.00

Type     Name                                                                          # reqs      # fails |    Avg     Min     Max    Med |   req/s  failures/s
--------|----------------------------------------------------------------------------|-------|-------------|-------|-------|-------|-------|--------|-----------
GET      GET /api/v1/reservas                                                            1232     0(0.00%) |      7       3     151      6 |   19.80        0.00
GET      GET /api/v1/reservas/{id}                                                        393     0(0.00%) |      4       2      21      4 |    5.90        0.00
POST     POST /api/v1/auth/login                                                           50     0(0.00%) |   1623     687    2694   1600 |    0.00        0.00
--------|----------------------------------------------------------------------------|-------|-------------|-------|-------|-------|-------|--------|-----------
         Aggregated                                                                      1675     0(0.00%) |     54       2    2694      5 |   25.70        0.00

Type     Name                                                                          # reqs      # fails |    Avg     Min     Max    Med |   req/s  failures/s
--------|----------------------------------------------------------------------------|-------|-------------|-------|-------|-------|-------|--------|-----------
GET      GET /api/v1/reservas                                                            1267     0(0.00%) |      7       3     151      6 |   19.70        0.00
GET      GET /api/v1/reservas/{id}                                                        408     0(0.00%) |      4       2      21      4 |    5.80        0.00
POST     POST /api/v1/auth/login                                                           50     0(0.00%) |   1623     687    2694   1600 |    0.00        0.00
--------|----------------------------------------------------------------------------|-------|-------------|-------|-------|-------|-------|--------|-----------
         Aggregated                                                                      1725     0(0.00%) |     53       2    2694      5 |   25.50        0.00

Type     Name                                                                          # reqs      # fails |    Avg     Min     Max    Med |   req/s  failures/s
--------|----------------------------------------------------------------------------|-------|-------------|-------|-------|-------|-------|--------|-----------
GET      GET /api/v1/reservas                                                            1306     0(0.00%) |      7       3     151      6 |   18.20        0.00
GET      GET /api/v1/reservas/{id}                                                        423     0(0.00%) |      4       2      21      4 |    6.60        0.00
POST     POST /api/v1/auth/login                                                           50     0(0.00%) |   1623     687    2694   1600 |    0.00        0.00
--------|----------------------------------------------------------------------------|-------|-------------|-------|-------|-------|-------|--------|-----------
         Aggregated                                                                      1779     0(0.00%) |     51       2    2694      5 |   24.80        0.00

Type     Name                                                                          # reqs      # fails |    Avg     Min     Max    Med |   req/s  failures/s
--------|----------------------------------------------------------------------------|-------|-------------|-------|-------|-------|-------|--------|-----------
GET      GET /api/v1/reservas                                                            1344     0(0.00%) |      7       3     151      6 |   18.20        0.00
GET      GET /api/v1/reservas/{id}                                                        431     0(0.00%) |      4       2      21      4 |    7.00        0.00
POST     POST /api/v1/auth/login                                                           50     0(0.00%) |   1623     687    2694   1600 |    0.00        0.00
--------|----------------------------------------------------------------------------|-------|-------------|-------|-------|-------|-------|--------|-----------
         Aggregated                                                                      1825     0(0.00%) |     51       2    2694      5 |   25.20        0.00

Type     Name                                                                          # reqs      # fails |    Avg     Min     Max    Med |   req/s  failures/s
--------|----------------------------------------------------------------------------|-------|-------------|-------|-------|-------|-------|--------|-----------
GET      GET /api/v1/reservas                                                            1376     0(0.00%) |      7       3     153      6 |   18.00        0.00
GET      GET /api/v1/reservas/{id}                                                        446     0(0.00%) |      5       2      86      4 |    6.70        0.00
POST     POST /api/v1/auth/login                                                           50     0(0.00%) |   1623     687    2694   1600 |    0.00        0.00
--------|----------------------------------------------------------------------------|-------|-------------|-------|-------|-------|-------|--------|-----------
         Aggregated                                                                      1872     0(0.00%) |     50       2    2694      5 |   24.70        0.00

Type     Name                                                                          # reqs      # fails |    Avg     Min     Max    Med |   req/s  failures/s
--------|----------------------------------------------------------------------------|-------|-------------|-------|-------|-------|-------|--------|-----------
GET      GET /api/v1/reservas                                                            1417     0(0.00%) |      8       3     153      6 |   18.00        0.00
GET      GET /api/v1/reservas/{id}                                                        458     0(0.00%) |      5       2      86      4 |    6.70        0.00
POST     POST /api/v1/auth/login                                                           50     0(0.00%) |   1623     687    2694   1600 |    0.00        0.00
--------|----------------------------------------------------------------------------|-------|-------------|-------|-------|-------|-------|--------|-----------
         Aggregated                                                                      1925     0(0.00%) |     49       2    2694      5 |   24.70        0.00

Type     Name                                                                          # reqs      # fails |    Avg     Min     Max    Med |   req/s  failures/s
--------|----------------------------------------------------------------------------|-------|-------------|-------|-------|-------|-------|--------|-----------
GET      GET /api/v1/reservas                                                            1453     0(0.00%) |      8       3     153      6 |   18.10        0.00
GET      GET /api/v1/reservas/{id}                                                        473     0(0.00%) |      5       2      86      4 |    6.90        0.00
POST     POST /api/v1/auth/login                                                           50     0(0.00%) |   1623     687    2694   1600 |    0.00        0.00
--------|----------------------------------------------------------------------------|-------|-------------|-------|-------|-------|-------|--------|-----------
         Aggregated                                                                      1976     0(0.00%) |     48       2    2694      5 |   25.00        0.00

Type     Name                                                                          # reqs      # fails |    Avg     Min     Max    Med |   req/s  failures/s
--------|----------------------------------------------------------------------------|-------|-------------|-------|-------|-------|-------|--------|-----------
GET      GET /api/v1/reservas                                                            1489     0(0.00%) |      7       3     153      6 |   18.90        0.00
GET      GET /api/v1/reservas/{id}                                                        489     0(0.00%) |      5       2      86      4 |    6.60        0.00
POST     POST /api/v1/auth/login                                                           50     0(0.00%) |   1623     687    2694   1600 |    0.00        0.00
--------|----------------------------------------------------------------------------|-------|-------------|-------|-------|-------|-------|--------|-----------
         Aggregated                                                                      2028     0(0.00%) |     47       2    2694      5 |   25.50        0.00

Type     Name                                                                          # reqs      # fails |    Avg     Min     Max    Med |   req/s  failures/s
--------|----------------------------------------------------------------------------|-------|-------------|-------|-------|-------|-------|--------|-----------
GET      GET /api/v1/reservas                                                            1523     0(0.00%) |      7       3     153      6 |   18.10        0.00
GET      GET /api/v1/reservas/{id}                                                        503     0(0.00%) |      5       2      86      4 |    6.90        0.00
POST     POST /api/v1/auth/login                                                           50     0(0.00%) |   1623     687    2694   1600 |    0.00        0.00
--------|----------------------------------------------------------------------------|-------|-------------|-------|-------|-------|-------|--------|-----------
         Aggregated                                                                      2076     0(0.00%) |     46       2    2694      5 |   25.00        0.00

Type     Name                                                                          # reqs      # fails |    Avg     Min     Max    Med |   req/s  failures/s
--------|----------------------------------------------------------------------------|-------|-------------|-------|-------|-------|-------|--------|-----------
GET      GET /api/v1/reservas                                                            1560     0(0.00%) |      7       3     153      6 |   18.20        0.00
GET      GET /api/v1/reservas/{id}                                                        523     0(0.00%) |      5       2      86      4 |    7.20        0.00
POST     POST /api/v1/auth/login                                                           50     0(0.00%) |   1623     687    2694   1600 |    0.00        0.00
--------|----------------------------------------------------------------------------|-------|-------------|-------|-------|-------|-------|--------|-----------
         Aggregated                                                                      2133     0(0.00%) |     45       2    2694      5 |   25.40        0.00

Type     Name                                                                          # reqs      # fails |    Avg     Min     Max    Med |   req/s  failures/s
--------|----------------------------------------------------------------------------|-------|-------------|-------|-------|-------|-------|--------|-----------
GET      GET /api/v1/reservas                                                            1589     0(0.00%) |      7       3     153      6 |   18.70        0.00
GET      GET /api/v1/reservas/{id}                                                        539     0(0.00%) |      5       2      86      4 |    7.10        0.00
POST     POST /api/v1/auth/login                                                           50     0(0.00%) |   1623     687    2694   1600 |    0.00        0.00
--------|----------------------------------------------------------------------------|-------|-------------|-------|-------|-------|-------|--------|-----------
         Aggregated                                                                      2178     0(0.00%) |     44       2    2694      5 |   25.80        0.00

Type     Name                                                                          # reqs      # fails |    Avg     Min     Max    Med |   req/s  failures/s
--------|----------------------------------------------------------------------------|-------|-------------|-------|-------|-------|-------|--------|-----------
GET      GET /api/v1/reservas                                                            1629     0(0.00%) |      7       3     153      6 |   17.70        0.00
GET      GET /api/v1/reservas/{id}                                                        552     0(0.00%) |      5       2      86      4 |    8.00        0.00
POST     POST /api/v1/auth/login                                                           50     0(0.00%) |   1623     687    2694   1600 |    0.00        0.00
--------|----------------------------------------------------------------------------|-------|-------------|-------|-------|-------|-------|--------|-----------
         Aggregated                                                                      2231     0(0.00%) |     43       2    2694      5 |   25.70        0.00

Type     Name                                                                          # reqs      # fails |    Avg     Min     Max    Med |   req/s  failures/s
--------|----------------------------------------------------------------------------|-------|-------------|-------|-------|-------|-------|--------|-----------
GET      GET /api/v1/reservas                                                            1666     0(0.00%) |      7       3     153      6 |   17.60        0.00
GET      GET /api/v1/reservas/{id}                                                        566     0(0.00%) |      5       2      86      4 |    7.80        0.00
POST     POST /api/v1/auth/login                                                           50     0(0.00%) |   1623     687    2694   1600 |    0.00        0.00
--------|----------------------------------------------------------------------------|-------|-------------|-------|-------|-------|-------|--------|-----------
         Aggregated                                                                      2282     0(0.00%) |     42       2    2694      5 |   25.40        0.00

Type     Name                                                                          # reqs      # fails |    Avg     Min     Max    Med |   req/s  failures/s
--------|----------------------------------------------------------------------------|-------|-------------|-------|-------|-------|-------|--------|-----------
GET      GET /api/v1/reservas                                                            1702     0(0.00%) |      7       3     153      6 |   17.30        0.00
GET      GET /api/v1/reservas/{id}                                                        577     0(0.00%) |      5       2      86      4 |    7.60        0.00
POST     POST /api/v1/auth/login                                                           50     0(0.00%) |   1623     687    2694   1600 |    0.00        0.00
--------|----------------------------------------------------------------------------|-------|-------------|-------|-------|-------|-------|--------|-----------
         Aggregated                                                                      2329     0(0.00%) |     41       2    2694      5 |   24.90        0.00

Type     Name                                                                          # reqs      # fails |    Avg     Min     Max    Med |   req/s  failures/s
--------|----------------------------------------------------------------------------|-------|-------------|-------|-------|-------|-------|--------|-----------
GET      GET /api/v1/reservas                                                            1740     0(0.00%) |      7       3     153      6 |   18.00        0.00
GET      GET /api/v1/reservas/{id}                                                        591     0(0.00%) |      5       2      86      4 |    7.60        0.00
POST     POST /api/v1/auth/login                                                           50     0(0.00%) |   1623     687    2694   1600 |    0.00        0.00
--------|----------------------------------------------------------------------------|-------|-------------|-------|-------|-------|-------|--------|-----------
         Aggregated                                                                      2381     0(0.00%) |     40       2    2694      5 |   25.60        0.00

Type     Name                                                                          # reqs      # fails |    Avg     Min     Max    Med |   req/s  failures/s
--------|----------------------------------------------------------------------------|-------|-------------|-------|-------|-------|-------|--------|-----------
GET      GET /api/v1/reservas                                                            1774     0(0.00%) |      7       3     153      6 |   17.90        0.00
GET      GET /api/v1/reservas/{id}                                                        606     0(0.00%) |      5       2      86      4 |    7.20        0.00
POST     POST /api/v1/auth/login                                                           50     0(0.00%) |   1623     687    2694   1600 |    0.00        0.00
--------|----------------------------------------------------------------------------|-------|-------------|-------|-------|-------|-------|--------|-----------
         Aggregated                                                                      2430     0(0.00%) |     40       2    2694      5 |   25.10        0.00

Type     Name                                                                          # reqs      # fails |    Avg     Min     Max    Med |   req/s  failures/s
--------|----------------------------------------------------------------------------|-------|-------------|-------|-------|-------|-------|--------|-----------
GET      GET /api/v1/reservas                                                            1815     0(0.00%) |      7       3     153      6 |   18.00        0.00
GET      GET /api/v1/reservas/{id}                                                        619     0(0.00%) |      5       2      86      4 |    6.70        0.00
POST     POST /api/v1/auth/login                                                           50     0(0.00%) |   1623     687    2694   1600 |    0.00        0.00
--------|----------------------------------------------------------------------------|-------|-------------|-------|-------|-------|-------|--------|-----------
         Aggregated                                                                      2484     0(0.00%) |     39       2    2694      5 |   24.70        0.00

Type     Name                                                                          # reqs      # fails |    Avg     Min     Max    Med |   req/s  failures/s
--------|----------------------------------------------------------------------------|-------|-------------|-------|-------|-------|-------|--------|-----------
GET      GET /api/v1/reservas                                                            1859     0(0.00%) |      7       3     153      6 |   18.30        0.00
GET      GET /api/v1/reservas/{id}                                                        632     0(0.00%) |      5       2      86      4 |    6.70        0.00
POST     POST /api/v1/auth/login                                                           50     0(0.00%) |   1623     687    2694   1600 |    0.00        0.00
--------|----------------------------------------------------------------------------|-------|-------------|-------|-------|-------|-------|--------|-----------
         Aggregated                                                                      2541     0(0.00%) |     38       2    2694      5 |   25.00        0.00

Type     Name                                                                          # reqs      # fails |    Avg     Min     Max    Med |   req/s  failures/s
--------|----------------------------------------------------------------------------|-------|-------------|-------|-------|-------|-------|--------|-----------
GET      GET /api/v1/reservas                                                            1892     0(0.00%) |      7       3     153      6 |   19.10        0.00
GET      GET /api/v1/reservas/{id}                                                        643     0(0.00%) |      5       2      86      4 |    6.60        0.00
POST     POST /api/v1/auth/login                                                           50     0(0.00%) |   1623     687    2694   1600 |    0.00        0.00
--------|----------------------------------------------------------------------------|-------|-------------|-------|-------|-------|-------|--------|-----------
         Aggregated                                                                      2585     0(0.00%) |     38       2    2694      5 |   25.70        0.00

Type     Name                                                                          # reqs      # fails |    Avg     Min     Max    Med |   req/s  failures/s
--------|----------------------------------------------------------------------------|-------|-------------|-------|-------|-------|-------|--------|-----------
GET      GET /api/v1/reservas                                                            1934     0(0.00%) |      7       3     153      6 |   18.70        0.00
GET      GET /api/v1/reservas/{id}                                                        651     0(0.00%) |      5       2      86      4 |    6.30        0.00
POST     POST /api/v1/auth/login                                                           50     0(0.00%) |   1623     687    2694   1600 |    0.00        0.00
--------|----------------------------------------------------------------------------|-------|-------------|-------|-------|-------|-------|--------|-----------
         Aggregated                                                                      2635     0(0.00%) |     37       2    2694      5 |   25.00        0.00

Type     Name                                                                          # reqs      # fails |    Avg     Min     Max    Med |   req/s  failures/s
--------|----------------------------------------------------------------------------|-------|-------------|-------|-------|-------|-------|--------|-----------
GET      GET /api/v1/reservas                                                            1968     0(0.00%) |      7       3     153      6 |   18.90        0.00
GET      GET /api/v1/reservas/{id}                                                        666     0(0.00%) |      5       2      86      4 |    6.30        0.00
POST     POST /api/v1/auth/login                                                           50     0(0.00%) |   1623     687    2694   1600 |    0.00        0.00
--------|----------------------------------------------------------------------------|-------|-------------|-------|-------|-------|-------|--------|-----------
         Aggregated                                                                      2684     0(0.00%) |     36       2    2694      5 |   25.20        0.00

Type     Name                                                                          # reqs      # fails |    Avg     Min     Max    Med |   req/s  failures/s
--------|----------------------------------------------------------------------------|-------|-------------|-------|-------|-------|-------|--------|-----------
GET      GET /api/v1/reservas                                                            2004     0(0.00%) |      7       3     153      6 |   19.30        0.00
GET      GET /api/v1/reservas/{id}                                                        682     0(0.00%) |      5       2      86      4 |    6.10        0.00
POST     POST /api/v1/auth/login                                                           50     0(0.00%) |   1623     687    2694   1600 |    0.00        0.00
--------|----------------------------------------------------------------------------|-------|-------------|-------|-------|-------|-------|--------|-----------
         Aggregated                                                                      2736     0(0.00%) |     36       2    2694      5 |   25.40        0.00

Type     Name                                                                          # reqs      # fails |    Avg     Min     Max    Med |   req/s  failures/s
--------|----------------------------------------------------------------------------|-------|-------------|-------|-------|-------|-------|--------|-----------
GET      GET /api/v1/reservas                                                            2032     0(0.00%) |      7       3     153      6 |   18.60        0.00
GET      GET /api/v1/reservas/{id}                                                        697     0(0.00%) |      5       2      86      4 |    6.30        0.00
POST     POST /api/v1/auth/login                                                           50     0(0.00%) |   1623     687    2694   1600 |    0.00        0.00
--------|----------------------------------------------------------------------------|-------|-------------|-------|-------|-------|-------|--------|-----------
         Aggregated                                                                      2779     0(0.00%) |     35       2    2694      5 |   24.90        0.00

Type     Name                                                                          # reqs      # fails |    Avg     Min     Max    Med |   req/s  failures/s
--------|----------------------------------------------------------------------------|-------|-------------|-------|-------|-------|-------|--------|-----------
GET      GET /api/v1/reservas                                                            2072     0(0.00%) |      7       3     153      6 |   18.50        0.00
GET      GET /api/v1/reservas/{id}                                                        707     0(0.00%) |      5       2      86      4 |    6.30        0.00
POST     POST /api/v1/auth/login                                                           50     0(0.00%) |   1623     687    2694   1600 |    0.00        0.00
--------|----------------------------------------------------------------------------|-------|-------------|-------|-------|-------|-------|--------|-----------
         Aggregated                                                                      2829     0(0.00%) |     35       2    2694      5 |   24.80        0.00

Type     Name                                                                          # reqs      # fails |    Avg     Min     Max    Med |   req/s  failures/s
--------|----------------------------------------------------------------------------|-------|-------------|-------|-------|-------|-------|--------|-----------
GET      GET /api/v1/reservas                                                            2113     0(0.00%) |      7       3     153      6 |   18.20        0.00
GET      GET /api/v1/reservas/{id}                                                        719     0(0.00%) |      5       2      86      4 |    6.50        0.00
POST     POST /api/v1/auth/login                                                           50     0(0.00%) |   1623     687    2694   1600 |    0.00        0.00
--------|----------------------------------------------------------------------------|-------|-------------|-------|-------|-------|-------|--------|-----------
         Aggregated                                                                      2882     0(0.00%) |     34       2    2694      5 |   24.70        0.00

Type     Name                                                                          # reqs      # fails |    Avg     Min     Max    Med |   req/s  failures/s
--------|----------------------------------------------------------------------------|-------|-------------|-------|-------|-------|-------|--------|-----------
GET      GET /api/v1/reservas                                                            2148     0(0.00%) |      7       3     153      6 |   18.30        0.00
GET      GET /api/v1/reservas/{id}                                                        729     0(0.00%) |      5       2      86      4 |    6.70        0.00
POST     POST /api/v1/auth/login                                                           50     0(0.00%) |   1623     687    2694   1600 |    0.00        0.00
--------|----------------------------------------------------------------------------|-------|-------------|-------|-------|-------|-------|--------|-----------
         Aggregated                                                                      2927     0(0.00%) |     34       2    2694      5 |   25.00        0.00

Type     Name                                                                          # reqs      # fails |    Avg     Min     Max    Med |   req/s  failures/s
--------|----------------------------------------------------------------------------|-------|-------------|-------|-------|-------|-------|--------|-----------
GET      GET /api/v1/reservas                                                            2188     0(0.00%) |      7       3     153      6 |   18.20        0.00
GET      GET /api/v1/reservas/{id}                                                        739     0(0.00%) |      5       2      86      4 |    6.10        0.00
POST     POST /api/v1/auth/login                                                           50     0(0.00%) |   1623     687    2694   1600 |    0.00        0.00
--------|----------------------------------------------------------------------------|-------|-------------|-------|-------|-------|-------|--------|-----------
         Aggregated                                                                      2977     0(0.00%) |     33       2    2694      5 |   24.30        0.00

Type     Name                                                                          # reqs      # fails |    Avg     Min     Max    Med |   req/s  failures/s
--------|----------------------------------------------------------------------------|-------|-------------|-------|-------|-------|-------|--------|-----------
GET      GET /api/v1/reservas                                                            2229     0(0.00%) |      7       3     153      6 |   18.80        0.00
GET      GET /api/v1/reservas/{id}                                                        748     0(0.00%) |      5       2      86      4 |    5.90        0.00
POST     POST /api/v1/auth/login                                                           50     0(0.00%) |   1623     687    2694   1600 |    0.00        0.00
--------|----------------------------------------------------------------------------|-------|-------------|-------|-------|-------|-------|--------|-----------
         Aggregated                                                                      3027     0(0.00%) |     33       2    2694      5 |   24.70        0.00

Type     Name                                                                          # reqs      # fails |    Avg     Min     Max    Med |   req/s  failures/s
--------|----------------------------------------------------------------------------|-------|-------------|-------|-------|-------|-------|--------|-----------
GET      GET /api/v1/reservas                                                            2270     0(0.00%) |      7       3     153      6 |   19.20        0.00
GET      GET /api/v1/reservas/{id}                                                        758     0(0.00%) |      5       2      86      4 |    5.30        0.00
POST     POST /api/v1/auth/login                                                           50     0(0.00%) |   1623     687    2694   1600 |    0.00        0.00
--------|----------------------------------------------------------------------------|-------|-------------|-------|-------|-------|-------|--------|-----------
         Aggregated                                                                      3078     0(0.00%) |     32       2    2694      5 |   24.50        0.00

Type     Name                                                                          # reqs      # fails |    Avg     Min     Max    Med |   req/s  failures/s
--------|----------------------------------------------------------------------------|-------|-------------|-------|-------|-------|-------|--------|-----------
GET      GET /api/v1/reservas                                                            2303     0(0.00%) |      7       3     153      6 |   19.40        0.00
GET      GET /api/v1/reservas/{id}                                                        774     0(0.00%) |      5       2      86      4 |    5.30        0.00
POST     POST /api/v1/auth/login                                                           50     0(0.00%) |   1623     687    2694   1600 |    0.00        0.00
--------|----------------------------------------------------------------------------|-------|-------------|-------|-------|-------|-------|--------|-----------
         Aggregated                                                                      3127     0(0.00%) |     32       2    2694      5 |   24.70        0.00

Type     Name                                                                          # reqs      # fails |    Avg     Min     Max    Med |   req/s  failures/s
--------|----------------------------------------------------------------------------|-------|-------------|-------|-------|-------|-------|--------|-----------
GET      GET /api/v1/reservas                                                            2344     0(0.00%) |      7       3     153      6 |   18.70        0.00
GET      GET /api/v1/reservas/{id}                                                        786     0(0.00%) |      5       2      86      4 |    5.40        0.00
POST     POST /api/v1/auth/login                                                           50     0(0.00%) |   1623     687    2694   1600 |    0.00        0.00
--------|----------------------------------------------------------------------------|-------|-------------|-------|-------|-------|-------|--------|-----------
         Aggregated                                                                      3180     0(0.00%) |     32       2    2694      5 |   24.10        0.00

Type     Name                                                                          # reqs      # fails |    Avg     Min     Max    Med |   req/s  failures/s
--------|----------------------------------------------------------------------------|-------|-------------|-------|-------|-------|-------|--------|-----------
GET      GET /api/v1/reservas                                                            2379     0(0.00%) |      7       3     153      6 |   19.50        0.00
GET      GET /api/v1/reservas/{id}                                                        802     0(0.00%) |      5       2      86      4 |    5.60        0.00
POST     POST /api/v1/auth/login                                                           50     0(0.00%) |   1623     687    2694   1600 |    0.00        0.00
--------|----------------------------------------------------------------------------|-------|-------------|-------|-------|-------|-------|--------|-----------
         Aggregated                                                                      3231     0(0.00%) |     31       2    2694      5 |   25.10        0.00

Type     Name                                                                          # reqs      # fails |    Avg     Min     Max    Med |   req/s  failures/s
--------|----------------------------------------------------------------------------|-------|-------------|-------|-------|-------|-------|--------|-----------
GET      GET /api/v1/reservas                                                            2416     0(0.00%) |      7       3     153      6 |   19.00        0.00
GET      GET /api/v1/reservas/{id}                                                        811     0(0.00%) |      5       2      86      4 |    6.10        0.00
POST     POST /api/v1/auth/login                                                           50     0(0.00%) |   1623     687    2694   1600 |    0.00        0.00
--------|----------------------------------------------------------------------------|-------|-------------|-------|-------|-------|-------|--------|-----------
         Aggregated                                                                      3277     0(0.00%) |     31       2    2694      5 |   25.10        0.00

Type     Name                                                                          # reqs      # fails |    Avg     Min     Max    Med |   req/s  failures/s
--------|----------------------------------------------------------------------------|-------|-------------|-------|-------|-------|-------|--------|-----------
GET      GET /api/v1/reservas                                                            2452     0(0.00%) |      7       3     153      6 |   18.40        0.00
GET      GET /api/v1/reservas/{id}                                                        828     0(0.00%) |      5       2      86      4 |    6.50        0.00
POST     POST /api/v1/auth/login                                                           50     0(0.00%) |   1623     687    2694   1600 |    0.00        0.00
--------|----------------------------------------------------------------------------|-------|-------------|-------|-------|-------|-------|--------|-----------
         Aggregated                                                                      3330     0(0.00%) |     30       2    2694      5 |   24.90        0.00

Type     Name                                                                          # reqs      # fails |    Avg     Min     Max    Med |   req/s  failures/s
--------|----------------------------------------------------------------------------|-------|-------------|-------|-------|-------|-------|--------|-----------
GET      GET /api/v1/reservas                                                            2487     0(0.00%) |      7       3     153      6 |   18.90        0.00
GET      GET /api/v1/reservas/{id}                                                        846     0(0.00%) |      5       2      86      4 |    6.70        0.00
POST     POST /api/v1/auth/login                                                           50     0(0.00%) |   1623     687    2694   1600 |    0.00        0.00
--------|----------------------------------------------------------------------------|-------|-------------|-------|-------|-------|-------|--------|-----------
         Aggregated                                                                      3383     0(0.00%) |     30       2    2694      5 |   25.60        0.00

Type     Name                                                                          # reqs      # fails |    Avg     Min     Max    Med |   req/s  failures/s
--------|----------------------------------------------------------------------------|-------|-------------|-------|-------|-------|-------|--------|-----------
GET      GET /api/v1/reservas                                                            2526     0(0.00%) |      7       3     153      6 |   18.80        0.00
GET      GET /api/v1/reservas/{id}                                                        858     0(0.00%) |      5       2      86      4 |    6.80        0.00
POST     POST /api/v1/auth/login                                                           50     0(0.00%) |   1623     687    2694   1600 |    0.00        0.00
--------|----------------------------------------------------------------------------|-------|-------------|-------|-------|-------|-------|--------|-----------
         Aggregated                                                                      3434     0(0.00%) |     30       2    2694      5 |   25.60        0.00

Type     Name                                                                          # reqs      # fails |    Avg     Min     Max    Med |   req/s  failures/s
--------|----------------------------------------------------------------------------|-------|-------------|-------|-------|-------|-------|--------|-----------
GET      GET /api/v1/reservas                                                            2559     0(0.00%) |      7       3     153      6 |   18.30        0.00
GET      GET /api/v1/reservas/{id}                                                        873     0(0.00%) |      5       2      86      4 |    7.50        0.00
POST     POST /api/v1/auth/login                                                           50     0(0.00%) |   1623     687    2694   1600 |    0.00        0.00
--------|----------------------------------------------------------------------------|-------|-------------|-------|-------|-------|-------|--------|-----------
         Aggregated                                                                      3482     0(0.00%) |     29       2    2694      5 |   25.80        0.00

Type     Name                                                                          # reqs      # fails |    Avg     Min     Max    Med |   req/s  failures/s
--------|----------------------------------------------------------------------------|-------|-------------|-------|-------|-------|-------|--------|-----------
GET      GET /api/v1/reservas                                                            2590     0(0.00%) |      7       3     153      6 |   18.10        0.00
GET      GET /api/v1/reservas/{id}                                                        892     0(0.00%) |      4       2      86      4 |    7.00        0.00
POST     POST /api/v1/auth/login                                                           50     0(0.00%) |   1623     687    2694   1600 |    0.00        0.00
--------|----------------------------------------------------------------------------|-------|-------------|-------|-------|-------|-------|--------|-----------
         Aggregated                                                                      3532     0(0.00%) |     29       2    2694      5 |   25.10        0.00

Type     Name                                                                          # reqs      # fails |    Avg     Min     Max    Med |   req/s  failures/s
--------|----------------------------------------------------------------------------|-------|-------------|-------|-------|-------|-------|--------|-----------
GET      GET /api/v1/reservas                                                            2629     0(0.00%) |      6       3     153      6 |   18.20        0.00
GET      GET /api/v1/reservas/{id}                                                        904     0(0.00%) |      4       2      86      4 |    7.50        0.00
POST     POST /api/v1/auth/login                                                           50     0(0.00%) |   1623     687    2694   1600 |    0.00        0.00
--------|----------------------------------------------------------------------------|-------|-------------|-------|-------|-------|-------|--------|-----------
         Aggregated                                                                      3583     0(0.00%) |     29       2    2694      5 |   25.70        0.00

Type     Name                                                                          # reqs      # fails |    Avg     Min     Max    Med |   req/s  failures/s
--------|----------------------------------------------------------------------------|-------|-------------|-------|-------|-------|-------|--------|-----------
GET      GET /api/v1/reservas                                                            2668     0(0.00%) |      6       3     153      6 |   17.40        0.00
GET      GET /api/v1/reservas/{id}                                                        913     0(0.00%) |      4       2      86      4 |    7.60        0.00
POST     POST /api/v1/auth/login                                                           50     0(0.00%) |   1623     687    2694   1600 |    0.00        0.00
--------|----------------------------------------------------------------------------|-------|-------------|-------|-------|-------|-------|--------|-----------
         Aggregated                                                                      3631     0(0.00%) |     28       2    2694      5 |   25.00        0.00

Type     Name                                                                          # reqs      # fails |    Avg     Min     Max    Med |   req/s  failures/s
--------|----------------------------------------------------------------------------|-------|-------------|-------|-------|-------|-------|--------|-----------
GET      GET /api/v1/reservas                                                            2708     0(0.00%) |      6       3     153      6 |   18.10        0.00
GET      GET /api/v1/reservas/{id}                                                        929     0(0.00%) |      4       2      86      4 |    7.20        0.00
POST     POST /api/v1/auth/login                                                           50     0(0.00%) |   1623     687    2694   1600 |    0.00        0.00
--------|----------------------------------------------------------------------------|-------|-------------|-------|-------|-------|-------|--------|-----------
         Aggregated                                                                      3687     0(0.00%) |     28       2    2694      5 |   25.30        0.00

Type     Name                                                                          # reqs      # fails |    Avg     Min     Max    Med |   req/s  failures/s
--------|----------------------------------------------------------------------------|-------|-------------|-------|-------|-------|-------|--------|-----------
GET      GET /api/v1/reservas                                                            2754     0(0.00%) |      6       3     153      6 |   18.20        0.00
GET      GET /api/v1/reservas/{id}                                                        936     0(0.00%) |      4       2      86      4 |    6.70        0.00
POST     POST /api/v1/auth/login                                                           50     0(0.00%) |   1623     687    2694   1600 |    0.00        0.00
--------|----------------------------------------------------------------------------|-------|-------------|-------|-------|-------|-------|--------|-----------
         Aggregated                                                                      3740     0(0.00%) |     28       2    2694      5 |   24.90        0.00

Type     Name                                                                          # reqs      # fails |    Avg     Min     Max    Med |   req/s  failures/s
--------|----------------------------------------------------------------------------|-------|-------------|-------|-------|-------|-------|--------|-----------
GET      GET /api/v1/reservas                                                            2790     0(0.00%) |      6       3     153      6 |   18.90        0.00
GET      GET /api/v1/reservas/{id}                                                        945     0(0.00%) |      4       2      86      4 |    6.70        0.00
POST     POST /api/v1/auth/login                                                           50     0(0.00%) |   1623     687    2694   1600 |    0.00        0.00
--------|----------------------------------------------------------------------------|-------|-------------|-------|-------|-------|-------|--------|-----------
         Aggregated                                                                      3785     0(0.00%) |     27       2    2694      5 |   25.60        0.00

Type     Name                                                                          # reqs      # fails |    Avg     Min     Max    Med |   req/s  failures/s
--------|----------------------------------------------------------------------------|-------|-------------|-------|-------|-------|-------|--------|-----------
GET      GET /api/v1/reservas                                                            2835     0(0.00%) |      6       3     153      6 |   19.50        0.00
GET      GET /api/v1/reservas/{id}                                                        956     0(0.00%) |      4       2      86      4 |    5.60        0.00
POST     POST /api/v1/auth/login                                                           50     0(0.00%) |   1623     687    2694   1600 |    0.00        0.00
--------|----------------------------------------------------------------------------|-------|-------------|-------|-------|-------|-------|--------|-----------
         Aggregated                                                                      3841     0(0.00%) |     27       2    2694      5 |   25.10        0.00

Type     Name                                                                          # reqs      # fails |    Avg     Min     Max    Med |   req/s  failures/s
--------|----------------------------------------------------------------------------|-------|-------------|-------|-------|-------|-------|--------|-----------
GET      GET /api/v1/reservas                                                            2871     0(0.00%) |      6       3     153      6 |   20.40        0.00
GET      GET /api/v1/reservas/{id}                                                        965     0(0.00%) |      4       2      86      4 |    5.20        0.00
POST     POST /api/v1/auth/login                                                           50     0(0.00%) |   1623     687    2694   1600 |    0.00        0.00
--------|----------------------------------------------------------------------------|-------|-------------|-------|-------|-------|-------|--------|-----------
         Aggregated                                                                      3886     0(0.00%) |     27       2    2694      5 |   25.60        0.00

Type     Name                                                                          # reqs      # fails |    Avg     Min     Max    Med |   req/s  failures/s
--------|----------------------------------------------------------------------------|-------|-------------|-------|-------|-------|-------|--------|-----------
GET      GET /api/v1/reservas                                                            2912     0(0.00%) |      6       3     153      6 |   20.50        0.00
GET      GET /api/v1/reservas/{id}                                                        976     0(0.00%) |      4       2      86      4 |    5.10        0.00
POST     POST /api/v1/auth/login                                                           50     0(0.00%) |   1623     687    2694   1600 |    0.00        0.00
--------|----------------------------------------------------------------------------|-------|-------------|-------|-------|-------|-------|--------|-----------
         Aggregated                                                                      3938     0(0.00%) |     26       2    2694      5 |   25.60        0.00

Type     Name                                                                          # reqs      # fails |    Avg     Min     Max    Med |   req/s  failures/s
--------|----------------------------------------------------------------------------|-------|-------------|-------|-------|-------|-------|--------|-----------
GET      GET /api/v1/reservas                                                            2944     0(0.00%) |      6       3     153      6 |   20.40        0.00
GET      GET /api/v1/reservas/{id}                                                        990     0(0.00%) |      4       2      86      4 |    4.80        0.00
POST     POST /api/v1/auth/login                                                           50     0(0.00%) |   1623     687    2694   1600 |    0.00        0.00
--------|----------------------------------------------------------------------------|-------|-------------|-------|-------|-------|-------|--------|-----------
         Aggregated                                                                      3984     0(0.00%) |     26       2    2694      5 |   25.20        0.00

Type     Name                                                                          # reqs      # fails |    Avg     Min     Max    Med |   req/s  failures/s
--------|----------------------------------------------------------------------------|-------|-------------|-------|-------|-------|-------|--------|-----------
GET      GET /api/v1/reservas                                                            2984     0(0.00%) |      6       3     153      6 |   19.80        0.00
GET      GET /api/v1/reservas/{id}                                                       1004     0(0.00%) |      4       2      86      4 |    5.50        0.00
POST     POST /api/v1/auth/login                                                           50     0(0.00%) |   1623     687    2694   1600 |    0.00        0.00
--------|----------------------------------------------------------------------------|-------|-------------|-------|-------|-------|-------|--------|-----------
         Aggregated                                                                      4038     0(0.00%) |     26       2    2694      5 |   25.30        0.00

Type     Name                                                                          # reqs      # fails |    Avg     Min     Max    Med |   req/s  failures/s
--------|----------------------------------------------------------------------------|-------|-------------|-------|-------|-------|-------|--------|-----------
GET      GET /api/v1/reservas                                                            3021     0(0.00%) |      6       3     153      6 |   18.80        0.00
GET      GET /api/v1/reservas/{id}                                                       1014     0(0.00%) |      4       2      86      4 |    5.80        0.00
POST     POST /api/v1/auth/login                                                           50     0(0.00%) |   1623     687    2694   1600 |    0.00        0.00
--------|----------------------------------------------------------------------------|-------|-------------|-------|-------|-------|-------|--------|-----------
         Aggregated                                                                      4085     0(0.00%) |     26       2    2694      5 |   24.60        0.00

Type     Name                                                                          # reqs      # fails |    Avg     Min     Max    Med |   req/s  failures/s
--------|----------------------------------------------------------------------------|-------|-------------|-------|-------|-------|-------|--------|-----------
GET      GET /api/v1/reservas                                                            3062     0(0.00%) |      6       3     153      6 |   18.90        0.00
GET      GET /api/v1/reservas/{id}                                                       1029     0(0.00%) |      4       2      86      4 |    6.20        0.00
POST     POST /api/v1/auth/login                                                           50     0(0.00%) |   1623     687    2694   1600 |    0.00        0.00
--------|----------------------------------------------------------------------------|-------|-------------|-------|-------|-------|-------|--------|-----------
         Aggregated                                                                      4141     0(0.00%) |     25       2    2694      5 |   25.10        0.00

Type     Name                                                                          # reqs      # fails |    Avg     Min     Max    Med |   req/s  failures/s
--------|----------------------------------------------------------------------------|-------|-------------|-------|-------|-------|-------|--------|-----------
GET      GET /api/v1/reservas                                                            3101     0(0.00%) |      6       3     153      6 |   18.50        0.00
GET      GET /api/v1/reservas/{id}                                                       1039     0(0.00%) |      4       2      86      4 |    6.50        0.00
POST     POST /api/v1/auth/login                                                           50     0(0.00%) |   1623     687    2694   1600 |    0.00        0.00
--------|----------------------------------------------------------------------------|-------|-------------|-------|-------|-------|-------|--------|-----------
         Aggregated                                                                      4190     0(0.00%) |     25       2    2694      5 |   25.00        0.00

Type     Name                                                                          # reqs      # fails |    Avg     Min     Max    Med |   req/s  failures/s
--------|----------------------------------------------------------------------------|-------|-------------|-------|-------|-------|-------|--------|-----------
GET      GET /api/v1/reservas                                                            3151     0(0.00%) |      6       3     153      6 |   18.70        0.00
GET      GET /api/v1/reservas/{id}                                                       1047     0(0.00%) |      4       2      86      4 |    6.60        0.00
POST     POST /api/v1/auth/login                                                           50     0(0.00%) |   1623     687    2694   1600 |    0.00        0.00
--------|----------------------------------------------------------------------------|-------|-------------|-------|-------|-------|-------|--------|-----------
         Aggregated                                                                      4248     0(0.00%) |     25       2    2694      5 |   25.30        0.00

Type     Name                                                                          # reqs      # fails |    Avg     Min     Max    Med |   req/s  failures/s
--------|----------------------------------------------------------------------------|-------|-------------|-------|-------|-------|-------|--------|-----------
GET      GET /api/v1/reservas                                                            3183     0(0.00%) |      6       3     153      6 |   19.90        0.00
GET      GET /api/v1/reservas/{id}                                                       1061     0(0.00%) |      4       2      86      4 |    5.50        0.00
POST     POST /api/v1/auth/login                                                           50     0(0.00%) |   1623     687    2694   1600 |    0.00        0.00
--------|----------------------------------------------------------------------------|-------|-------------|-------|-------|-------|-------|--------|-----------
         Aggregated                                                                      4294     0(0.00%) |     25       2    2694      5 |   25.40        0.00

Type     Name                                                                          # reqs      # fails |    Avg     Min     Max    Med |   req/s  failures/s
--------|----------------------------------------------------------------------------|-------|-------------|-------|-------|-------|-------|--------|-----------
GET      GET /api/v1/reservas                                                            3215     0(0.00%) |      6       3     153      6 |   20.20        0.00
GET      GET /api/v1/reservas/{id}                                                       1077     0(0.00%) |      4       2      86      4 |    5.30        0.00
POST     POST /api/v1/auth/login                                                           50     0(0.00%) |   1623     687    2694   1600 |    0.00        0.00
--------|----------------------------------------------------------------------------|-------|-------------|-------|-------|-------|-------|--------|-----------
         Aggregated                                                                      4342     0(0.00%) |     24       2    2694      5 |   25.50        0.00

Type     Name                                                                          # reqs      # fails |    Avg     Min     Max    Med |   req/s  failures/s
--------|----------------------------------------------------------------------------|-------|-------------|-------|-------|-------|-------|--------|-----------
GET      GET /api/v1/reservas                                                            3257     0(0.00%) |      6       3     153      6 |   19.30        0.00
GET      GET /api/v1/reservas/{id}                                                       1087     0(0.00%) |      4       2      86      4 |    6.00        0.00
POST     POST /api/v1/auth/login                                                           50     0(0.00%) |   1623     687    2694   1600 |    0.00        0.00
--------|----------------------------------------------------------------------------|-------|-------------|-------|-------|-------|-------|--------|-----------
         Aggregated                                                                      4394     0(0.00%) |     24       2    2694      5 |   25.30        0.00

Type     Name                                                                          # reqs      # fails |    Avg     Min     Max    Med |   req/s  failures/s
--------|----------------------------------------------------------------------------|-------|-------------|-------|-------|-------|-------|--------|-----------
GET      GET /api/v1/reservas                                                            3288     0(0.00%) |      6       3     153      6 |   19.50        0.00
GET      GET /api/v1/reservas/{id}                                                       1100     0(0.00%) |      4       2      86      4 |    5.70        0.00
POST     POST /api/v1/auth/login                                                           50     0(0.00%) |   1623     687    2694   1600 |    0.00        0.00
--------|----------------------------------------------------------------------------|-------|-------------|-------|-------|-------|-------|--------|-----------
         Aggregated                                                                      4438     0(0.00%) |     24       2    2694      5 |   25.20        0.00

Type     Name                                                                          # reqs      # fails |    Avg     Min     Max    Med |   req/s  failures/s
--------|----------------------------------------------------------------------------|-------|-------------|-------|-------|-------|-------|--------|-----------
GET      GET /api/v1/reservas                                                            3329     0(0.00%) |      6       3     153      6 |   19.40        0.00
GET      GET /api/v1/reservas/{id}                                                       1113     0(0.00%) |      4       2      86      4 |    6.00        0.00
POST     POST /api/v1/auth/login                                                           50     0(0.00%) |   1623     687    2694   1600 |    0.00        0.00
--------|----------------------------------------------------------------------------|-------|-------------|-------|-------|-------|-------|--------|-----------
         Aggregated                                                                      4492     0(0.00%) |     24       2    2694      5 |   25.40        0.00

Type     Name                                                                          # reqs      # fails |    Avg     Min     Max    Med |   req/s  failures/s
--------|----------------------------------------------------------------------------|-------|-------------|-------|-------|-------|-------|--------|-----------
GET      GET /api/v1/reservas                                                            3366     0(0.00%) |      6       3     153      6 |   18.10        0.00
GET      GET /api/v1/reservas/{id}                                                       1128     0(0.00%) |      4       2      86      4 |    6.30        0.00
POST     POST /api/v1/auth/login                                                           50     0(0.00%) |   1623     687    2694   1600 |    0.00        0.00
--------|----------------------------------------------------------------------------|-------|-------------|-------|-------|-------|-------|--------|-----------
         Aggregated                                                                      4544     0(0.00%) |     24       2    2694      5 |   24.40        0.00

Type     Name                                                                          # reqs      # fails |    Avg     Min     Max    Med |   req/s  failures/s
--------|----------------------------------------------------------------------------|-------|-------------|-------|-------|-------|-------|--------|-----------
GET      GET /api/v1/reservas                                                            3403     0(0.00%) |      6       3     153      6 |   18.40        0.00
GET      GET /api/v1/reservas/{id}                                                       1145     0(0.00%) |      4       2      86      4 |    7.00        0.00
POST     POST /api/v1/auth/login                                                           50     0(0.00%) |   1623     687    2694   1600 |    0.00        0.00
--------|----------------------------------------------------------------------------|-------|-------------|-------|-------|-------|-------|--------|-----------
         Aggregated                                                                      4598     0(0.00%) |     23       2    2694      5 |   25.40        0.00

Type     Name                                                                          # reqs      # fails |    Avg     Min     Max    Med |   req/s  failures/s
--------|----------------------------------------------------------------------------|-------|-------------|-------|-------|-------|-------|--------|-----------
GET      GET /api/v1/reservas                                                            3440     0(0.00%) |      6       3     153      6 |   18.60        0.00
GET      GET /api/v1/reservas/{id}                                                       1158     0(0.00%) |      4       2      86      4 |    6.70        0.00
POST     POST /api/v1/auth/login                                                           50     0(0.00%) |   1623     687    2694   1600 |    0.00        0.00
--------|----------------------------------------------------------------------------|-------|-------------|-------|-------|-------|-------|--------|-----------
         Aggregated                                                                      4648     0(0.00%) |     23       2    2694      5 |   25.30        0.00

Type     Name                                                                          # reqs      # fails |    Avg     Min     Max    Med |   req/s  failures/s
--------|----------------------------------------------------------------------------|-------|-------------|-------|-------|-------|-------|--------|-----------
GET      GET /api/v1/reservas                                                            3474     0(0.00%) |      6       3     153      6 |   18.40        0.00
GET      GET /api/v1/reservas/{id}                                                       1177     0(0.00%) |      4       2      86      4 |    7.00        0.00
POST     POST /api/v1/auth/login                                                           50     0(0.00%) |   1623     687    2694   1600 |    0.00        0.00
--------|----------------------------------------------------------------------------|-------|-------------|-------|-------|-------|-------|--------|-----------
         Aggregated                                                                      4701     0(0.00%) |     23       2    2694      5 |   25.40        0.00

Type     Name                                                                          # reqs      # fails |    Avg     Min     Max    Med |   req/s  failures/s
--------|----------------------------------------------------------------------------|-------|-------------|-------|-------|-------|-------|--------|-----------
GET      GET /api/v1/reservas                                                            3509     0(0.00%) |      6       3     153      6 |   18.10        0.00
GET      GET /api/v1/reservas/{id}                                                       1194     0(0.00%) |      4       2      86      4 |    7.60        0.00
POST     POST /api/v1/auth/login                                                           50     0(0.00%) |   1623     687    2694   1600 |    0.00        0.00
--------|----------------------------------------------------------------------------|-------|-------------|-------|-------|-------|-------|--------|-----------
         Aggregated                                                                      4753     0(0.00%) |     23       2    2694      5 |   25.70        0.00

Type     Name                                                                          # reqs      # fails |    Avg     Min     Max    Med |   req/s  failures/s
--------|----------------------------------------------------------------------------|-------|-------------|-------|-------|-------|-------|--------|-----------
GET      GET /api/v1/reservas                                                            3546     0(0.00%) |      6       3     153      6 |   18.30        0.00
GET      GET /api/v1/reservas/{id}                                                       1205     0(0.00%) |      4       2      86      4 |    8.30        0.00
POST     POST /api/v1/auth/login                                                           50     0(0.00%) |   1623     687    2694   1600 |    0.00        0.00
--------|----------------------------------------------------------------------------|-------|-------------|-------|-------|-------|-------|--------|-----------
         Aggregated                                                                      4801     0(0.00%) |     23       2    2694      5 |   26.60        0.00

Type     Name                                                                          # reqs      # fails |    Avg     Min     Max    Med |   req/s  failures/s
--------|----------------------------------------------------------------------------|-------|-------------|-------|-------|-------|-------|--------|-----------
GET      GET /api/v1/reservas                                                            3586     0(0.00%) |      6       3     153      6 |   18.20        0.00
GET      GET /api/v1/reservas/{id}                                                       1218     0(0.00%) |      4       2      86      4 |    8.20        0.00
POST     POST /api/v1/auth/login                                                           50     0(0.00%) |   1623     687    2694   1600 |    0.00        0.00
--------|----------------------------------------------------------------------------|-------|-------------|-------|-------|-------|-------|--------|-----------
         Aggregated                                                                      4854     0(0.00%) |     22       2    2694      5 |   26.40        0.00

Type     Name                                                                          # reqs      # fails |    Avg     Min     Max    Med |   req/s  failures/s
--------|----------------------------------------------------------------------------|-------|-------------|-------|-------|-------|-------|--------|-----------
GET      GET /api/v1/reservas                                                            3616     0(0.00%) |      6       3     153      6 |   18.30        0.00
GET      GET /api/v1/reservas/{id}                                                       1233     0(0.00%) |      4       2      86      4 |    7.50        0.00
POST     POST /api/v1/auth/login                                                           50     0(0.00%) |   1623     687    2694   1600 |    0.00        0.00
--------|----------------------------------------------------------------------------|-------|-------------|-------|-------|-------|-------|--------|-----------
         Aggregated                                                                      4899     0(0.00%) |     22       2    2694      5 |   25.80        0.00

Type     Name                                                                          # reqs      # fails |    Avg     Min     Max    Med |   req/s  failures/s
--------|----------------------------------------------------------------------------|-------|-------------|-------|-------|-------|-------|--------|-----------
GET      GET /api/v1/reservas                                                            3650     0(0.00%) |      6       3     153      6 |   18.20        0.00
GET      GET /api/v1/reservas/{id}                                                       1247     0(0.00%) |      4       2      86      4 |    7.50        0.00
POST     POST /api/v1/auth/login                                                           50     0(0.00%) |   1623     687    2694   1600 |    0.00        0.00
--------|----------------------------------------------------------------------------|-------|-------------|-------|-------|-------|-------|--------|-----------
         Aggregated                                                                      4947     0(0.00%) |     22       2    2694      5 |   25.70        0.00

Type     Name                                                                          # reqs      # fails |    Avg     Min     Max    Med |   req/s  failures/s
--------|----------------------------------------------------------------------------|-------|-------------|-------|-------|-------|-------|--------|-----------
GET      GET /api/v1/reservas                                                            3686     0(0.00%) |      6       3     153      6 |   17.80        0.00
GET      GET /api/v1/reservas/{id}                                                       1258     0(0.00%) |      4       2      86      4 |    6.90        0.00
POST     POST /api/v1/auth/login                                                           50     0(0.00%) |   1623     687    2694   1600 |    0.00        0.00
--------|----------------------------------------------------------------------------|-------|-------------|-------|-------|-------|-------|--------|-----------
         Aggregated                                                                      4994     0(0.00%) |     22       2    2694      5 |   24.70        0.00

Type     Name                                                                          # reqs      # fails |    Avg     Min     Max    Med |   req/s  failures/s
--------|----------------------------------------------------------------------------|-------|-------------|-------|-------|-------|-------|--------|-----------
GET      GET /api/v1/reservas                                                            3720     0(0.00%) |      6       3     153      6 |   17.50        0.00
GET      GET /api/v1/reservas/{id}                                                       1277     0(0.00%) |      4       2      86      4 |    6.30        0.00
POST     POST /api/v1/auth/login                                                           50     0(0.00%) |   1623     687    2694   1600 |    0.00        0.00
--------|----------------------------------------------------------------------------|-------|-------------|-------|-------|-------|-------|--------|-----------
         Aggregated                                                                      5047     0(0.00%) |     22       2    2694      5 |   23.80        0.00

Type     Name                                                                          # reqs      # fails |    Avg     Min     Max    Med |   req/s  failures/s
--------|----------------------------------------------------------------------------|-------|-------------|-------|-------|-------|-------|--------|-----------
GET      GET /api/v1/reservas                                                            3758     0(0.00%) |      6       3     153      6 |   17.00        0.00
GET      GET /api/v1/reservas/{id}                                                       1286     0(0.00%) |      4       2      86      4 |    6.70        0.00
POST     POST /api/v1/auth/login                                                           50     0(0.00%) |   1623     687    2694   1600 |    0.00        0.00
--------|----------------------------------------------------------------------------|-------|-------------|-------|-------|-------|-------|--------|-----------
         Aggregated                                                                      5094     0(0.00%) |     22       2    2694      5 |   23.70        0.00

Type     Name                                                                          # reqs      # fails |    Avg     Min     Max    Med |   req/s  failures/s
--------|----------------------------------------------------------------------------|-------|-------------|-------|-------|-------|-------|--------|-----------
GET      GET /api/v1/reservas                                                            3798     0(0.00%) |      6       3     163      6 |   17.70        0.00
GET      GET /api/v1/reservas/{id}                                                       1297     0(0.00%) |      5       2     133      4 |    6.60        0.00
POST     POST /api/v1/auth/login                                                           50     0(0.00%) |   1623     687    2694   1600 |    0.00        0.00
--------|----------------------------------------------------------------------------|-------|-------------|-------|-------|-------|-------|--------|-----------
         Aggregated                                                                      5145     0(0.00%) |     22       2    2694      5 |   24.30        0.00

Type     Name                                                                          # reqs      # fails |    Avg     Min     Max    Med |   req/s  failures/s
--------|----------------------------------------------------------------------------|-------|-------------|-------|-------|-------|-------|--------|-----------
GET      GET /api/v1/reservas                                                            3835     0(0.00%) |      6       3     163      6 |   17.70        0.00
GET      GET /api/v1/reservas/{id}                                                       1309     0(0.00%) |      5       2     133      4 |    6.50        0.00
POST     POST /api/v1/auth/login                                                           50     0(0.00%) |   1623     687    2694   1600 |    0.00        0.00
--------|----------------------------------------------------------------------------|-------|-------------|-------|-------|-------|-------|--------|-----------
         Aggregated                                                                      5194     0(0.00%) |     22       2    2694      5 |   24.20        0.00

Type     Name                                                                          # reqs      # fails |    Avg     Min     Max    Med |   req/s  failures/s
--------|----------------------------------------------------------------------------|-------|-------------|-------|-------|-------|-------|--------|-----------
GET      GET /api/v1/reservas                                                            3878     0(0.00%) |      6       3     163      6 |   18.30        0.00
GET      GET /api/v1/reservas/{id}                                                       1317     0(0.00%) |      5       2     133      4 |    6.30        0.00
POST     POST /api/v1/auth/login                                                           50     0(0.00%) |   1623     687    2694   1600 |    0.00        0.00
--------|----------------------------------------------------------------------------|-------|-------------|-------|-------|-------|-------|--------|-----------
         Aggregated                                                                      5245     0(0.00%) |     21       2    2694      5 |   24.60        0.00

Type     Name                                                                          # reqs      # fails |    Avg     Min     Max    Med |   req/s  failures/s
--------|----------------------------------------------------------------------------|-------|-------------|-------|-------|-------|-------|--------|-----------
GET      GET /api/v1/reservas                                                            3912     0(0.00%) |      6       3     163      6 |   19.20        0.00
GET      GET /api/v1/reservas/{id}                                                       1329     0(0.00%) |      5       2     133      4 |    5.90        0.00
POST     POST /api/v1/auth/login                                                           50     0(0.00%) |   1623     687    2694   1600 |    0.00        0.00
--------|----------------------------------------------------------------------------|-------|-------------|-------|-------|-------|-------|--------|-----------
         Aggregated                                                                      5291     0(0.00%) |     21       2    2694      5 |   25.10        0.00

Type     Name                                                                          # reqs      # fails |    Avg     Min     Max    Med |   req/s  failures/s
--------|----------------------------------------------------------------------------|-------|-------------|-------|-------|-------|-------|--------|-----------
GET      GET /api/v1/reservas                                                            3954     0(0.00%) |      6       3     163      6 |   19.60        0.00
GET      GET /api/v1/reservas/{id}                                                       1340     0(0.00%) |      5       2     133      4 |    5.40        0.00
POST     POST /api/v1/auth/login                                                           50     0(0.00%) |   1623     687    2694   1600 |    0.00        0.00
--------|----------------------------------------------------------------------------|-------|-------------|-------|-------|-------|-------|--------|-----------
         Aggregated                                                                      5344     0(0.00%) |     21       2    2694      5 |   25.00        0.00

Type     Name                                                                          # reqs      # fails |    Avg     Min     Max    Med |   req/s  failures/s
--------|----------------------------------------------------------------------------|-------|-------------|-------|-------|-------|-------|--------|-----------
GET      GET /api/v1/reservas                                                            3994     0(0.00%) |      6       3     163      6 |   19.20        0.00
GET      GET /api/v1/reservas/{id}                                                       1350     0(0.00%) |      5       2     133      4 |    5.50        0.00
POST     POST /api/v1/auth/login                                                           50     0(0.00%) |   1623     687    2694   1600 |    0.00        0.00
--------|----------------------------------------------------------------------------|-------|-------------|-------|-------|-------|-------|--------|-----------
         Aggregated                                                                      5394     0(0.00%) |     21       2    2694      5 |   24.70        0.00

Type     Name                                                                          # reqs      # fails |    Avg     Min     Max    Med |   req/s  failures/s
--------|----------------------------------------------------------------------------|-------|-------------|-------|-------|-------|-------|--------|-----------
GET      GET /api/v1/reservas                                                            4033     0(0.00%) |      6       3     163      6 |   19.30        0.00
GET      GET /api/v1/reservas/{id}                                                       1364     0(0.00%) |      5       2     133      4 |    5.30        0.00
POST     POST /api/v1/auth/login                                                           50     0(0.00%) |   1623     687    2694   1600 |    0.00        0.00
--------|----------------------------------------------------------------------------|-------|-------------|-------|-------|-------|-------|--------|-----------
         Aggregated                                                                      5447     0(0.00%) |     21       2    2694      5 |   24.60        0.00

Type     Name                                                                          # reqs      # fails |    Avg     Min     Max    Med |   req/s  failures/s
--------|----------------------------------------------------------------------------|-------|-------------|-------|-------|-------|-------|--------|-----------
GET      GET /api/v1/reservas                                                            4072     0(0.00%) |      6       3     163      6 |   19.50        0.00
GET      GET /api/v1/reservas/{id}                                                       1374     0(0.00%) |      5       2     133      4 |    5.20        0.00
POST     POST /api/v1/auth/login                                                           50     0(0.00%) |   1623     687    2694   1600 |    0.00        0.00
--------|----------------------------------------------------------------------------|-------|-------------|-------|-------|-------|-------|--------|-----------
         Aggregated                                                                      5496     0(0.00%) |     21       2    2694      5 |   24.70        0.00

Type     Name                                                                          # reqs      # fails |    Avg     Min     Max    Med |   req/s  failures/s
--------|----------------------------------------------------------------------------|-------|-------------|-------|-------|-------|-------|--------|-----------
GET      GET /api/v1/reservas                                                            4116     0(0.00%) |      6       3     163      6 |   19.80        0.00
GET      GET /api/v1/reservas/{id}                                                       1386     0(0.00%) |      5       2     133      4 |    5.80        0.00
POST     POST /api/v1/auth/login                                                           50     0(0.00%) |   1623     687    2694   1600 |    0.00        0.00
--------|----------------------------------------------------------------------------|-------|-------------|-------|-------|-------|-------|--------|-----------
         Aggregated                                                                      5552     0(0.00%) |     21       2    2694      5 |   25.60        0.00

Type     Name                                                                          # reqs      # fails |    Avg     Min     Max    Med |   req/s  failures/s
--------|----------------------------------------------------------------------------|-------|-------------|-------|-------|-------|-------|--------|-----------
GET      GET /api/v1/reservas                                                            4153     0(0.00%) |      6       3     163      6 |   20.30        0.00
GET      GET /api/v1/reservas/{id}                                                       1401     0(0.00%) |      5       2     133      4 |    5.70        0.00
POST     POST /api/v1/auth/login                                                           50     0(0.00%) |   1623     687    2694   1600 |    0.00        0.00
--------|----------------------------------------------------------------------------|-------|-------------|-------|-------|-------|-------|--------|-----------
         Aggregated                                                                      5604     0(0.00%) |     20       2    2694      5 |   26.00        0.00

Type     Name                                                                          # reqs      # fails |    Avg     Min     Max    Med |   req/s  failures/s
--------|----------------------------------------------------------------------------|-------|-------------|-------|-------|-------|-------|--------|-----------
GET      GET /api/v1/reservas                                                            4192     0(0.00%) |      6       3     163      6 |   19.80        0.00
GET      GET /api/v1/reservas/{id}                                                       1412     0(0.00%) |      5       2     133      4 |    5.90        0.00
POST     POST /api/v1/auth/login                                                           50     0(0.00%) |   1623     687    2694   1600 |    0.00        0.00
--------|----------------------------------------------------------------------------|-------|-------------|-------|-------|-------|-------|--------|-----------
         Aggregated                                                                      5654     0(0.00%) |     20       2    2694      5 |   25.70        0.00

Type     Name                                                                          # reqs      # fails |    Avg     Min     Max    Med |   req/s  failures/s
--------|----------------------------------------------------------------------------|-------|-------------|-------|-------|-------|-------|--------|-----------
GET      GET /api/v1/reservas                                                            4223     0(0.00%) |      6       3     163      6 |   19.80        0.00
GET      GET /api/v1/reservas/{id}                                                       1428     0(0.00%) |      5       2     133      4 |    6.30        0.00
POST     POST /api/v1/auth/login                                                           50     0(0.00%) |   1623     687    2694   1600 |    0.00        0.00
--------|----------------------------------------------------------------------------|-------|-------------|-------|-------|-------|-------|--------|-----------
         Aggregated                                                                      5701     0(0.00%) |     20       2    2694      5 |   26.10        0.00

Type     Name                                                                          # reqs      # fails |    Avg     Min     Max    Med |   req/s  failures/s
--------|----------------------------------------------------------------------------|-------|-------------|-------|-------|-------|-------|--------|-----------
GET      GET /api/v1/reservas                                                            4255     0(0.00%) |      6       3     163      6 |   19.20        0.00
GET      GET /api/v1/reservas/{id}                                                       1440     0(0.00%) |      5       2     133      4 |    6.60        0.00
POST     POST /api/v1/auth/login                                                           50     0(0.00%) |   1623     687    2694   1600 |    0.00        0.00
--------|----------------------------------------------------------------------------|-------|-------------|-------|-------|-------|-------|--------|-----------
         Aggregated                                                                      5745     0(0.00%) |     20       2    2694      5 |   25.80        0.00

Type     Name                                                                          # reqs      # fails |    Avg     Min     Max    Med |   req/s  failures/s
--------|----------------------------------------------------------------------------|-------|-------------|-------|-------|-------|-------|--------|-----------
GET      GET /api/v1/reservas                                                            4294     0(0.00%) |      6       3     163      6 |   17.70        0.00
GET      GET /api/v1/reservas/{id}                                                       1455     0(0.00%) |      5       2     133      4 |    6.80        0.00
POST     POST /api/v1/auth/login                                                           50     0(0.00%) |   1623     687    2694   1600 |    0.00        0.00
--------|----------------------------------------------------------------------------|-------|-------------|-------|-------|-------|-------|--------|-----------
         Aggregated                                                                      5799     0(0.00%) |     20       2    2694      5 |   24.50        0.00

Type     Name                                                                          # reqs      # fails |    Avg     Min     Max    Med |   req/s  failures/s
--------|----------------------------------------------------------------------------|-------|-------------|-------|-------|-------|-------|--------|-----------
GET      GET /api/v1/reservas                                                            4330     0(0.00%) |      6       3     163      6 |   17.70        0.00
GET      GET /api/v1/reservas/{id}                                                       1471     0(0.00%) |      5       2     133      4 |    6.70        0.00
POST     POST /api/v1/auth/login                                                           50     0(0.00%) |   1623     687    2694   1600 |    0.00        0.00
--------|----------------------------------------------------------------------------|-------|-------------|-------|-------|-------|-------|--------|-----------
         Aggregated                                                                      5851     0(0.00%) |     20       2    2694      5 |   24.40        0.00

Type     Name                                                                          # reqs      # fails |    Avg     Min     Max    Med |   req/s  failures/s
--------|----------------------------------------------------------------------------|-------|-------------|-------|-------|-------|-------|--------|-----------
GET      GET /api/v1/reservas                                                            4361     0(0.00%) |      6       3     163      6 |   17.50        0.00
GET      GET /api/v1/reservas/{id}                                                       1486     0(0.00%) |      5       2     133      4 |    7.00        0.00
POST     POST /api/v1/auth/login                                                           50     0(0.00%) |   1623     687    2694   1600 |    0.00        0.00
--------|----------------------------------------------------------------------------|-------|-------------|-------|-------|-------|-------|--------|-----------
         Aggregated                                                                      5897     0(0.00%) |     20       2    2694      5 |   24.50        0.00

Type     Name                                                                          # reqs      # fails |    Avg     Min     Max    Med |   req/s  failures/s
--------|----------------------------------------------------------------------------|-------|-------------|-------|-------|-------|-------|--------|-----------
GET      GET /api/v1/reservas                                                            4396     0(0.00%) |      6       3     163      6 |   17.50        0.00
GET      GET /api/v1/reservas/{id}                                                       1505     0(0.00%) |      5       2     133      4 |    7.30        0.00
POST     POST /api/v1/auth/login                                                           50     0(0.00%) |   1623     687    2694   1600 |    0.00        0.00
--------|----------------------------------------------------------------------------|-------|-------------|-------|-------|-------|-------|--------|-----------
         Aggregated                                                                      5951     0(0.00%) |     19       2    2694      5 |   24.80        0.00

Type     Name                                                                          # reqs      # fails |    Avg     Min     Max    Med |   req/s  failures/s
--------|----------------------------------------------------------------------------|-------|-------------|-------|-------|-------|-------|--------|-----------
GET      GET /api/v1/reservas                                                            4429     0(0.00%) |      6       3     163      6 |   17.40        0.00
GET      GET /api/v1/reservas/{id}                                                       1525     0(0.00%) |      5       2     133      4 |    7.80        0.00
POST     POST /api/v1/auth/login                                                           50     0(0.00%) |   1623     687    2694   1600 |    0.00        0.00
--------|----------------------------------------------------------------------------|-------|-------------|-------|-------|-------|-------|--------|-----------
         Aggregated                                                                      6004     0(0.00%) |     19       2    2694      5 |   25.20        0.00

Type     Name                                                                          # reqs      # fails |    Avg     Min     Max    Med |   req/s  failures/s
--------|----------------------------------------------------------------------------|-------|-------------|-------|-------|-------|-------|--------|-----------
GET      GET /api/v1/reservas                                                            4469     0(0.00%) |      6       3     163      6 |   17.90        0.00
GET      GET /api/v1/reservas/{id}                                                       1537     0(0.00%) |      5       2     133      4 |    7.90        0.00
POST     POST /api/v1/auth/login                                                           50     0(0.00%) |   1623     687    2694   1600 |    0.00        0.00
--------|----------------------------------------------------------------------------|-------|-------------|-------|-------|-------|-------|--------|-----------
         Aggregated                                                                      6056     0(0.00%) |     19       2    2694      5 |   25.80        0.00

Type     Name                                                                          # reqs      # fails |    Avg     Min     Max    Med |   req/s  failures/s
--------|----------------------------------------------------------------------------|-------|-------------|-------|-------|-------|-------|--------|-----------
GET      GET /api/v1/reservas                                                            4512     0(0.00%) |      6       3     163      6 |   17.60        0.00
GET      GET /api/v1/reservas/{id}                                                       1545     0(0.00%) |      5       2     133      4 |    8.60        0.00
POST     POST /api/v1/auth/login                                                           50     0(0.00%) |   1623     687    2694   1600 |    0.00        0.00
--------|----------------------------------------------------------------------------|-------|-------------|-------|-------|-------|-------|--------|-----------
         Aggregated                                                                      6107     0(0.00%) |     19       2    2694      5 |   26.20        0.00

Type     Name                                                                          # reqs      # fails |    Avg     Min     Max    Med |   req/s  failures/s
--------|----------------------------------------------------------------------------|-------|-------------|-------|-------|-------|-------|--------|-----------
GET      GET /api/v1/reservas                                                            4544     0(0.00%) |      6       3     163      6 |   18.20        0.00
GET      GET /api/v1/reservas/{id}                                                       1554     0(0.00%) |      5       2     133      4 |    7.40        0.00
POST     POST /api/v1/auth/login                                                           50     0(0.00%) |   1623     687    2694   1600 |    0.00        0.00
--------|----------------------------------------------------------------------------|-------|-------------|-------|-------|-------|-------|--------|-----------
         Aggregated                                                                      6148     0(0.00%) |     19       2    2694      5 |   25.60        0.00

Type     Name                                                                          # reqs      # fails |    Avg     Min     Max    Med |   req/s  failures/s
--------|----------------------------------------------------------------------------|-------|-------------|-------|-------|-------|-------|--------|-----------
GET      GET /api/v1/reservas                                                            4582     0(0.00%) |      6       3     163      6 |   18.30        0.00
GET      GET /api/v1/reservas/{id}                                                       1570     0(0.00%) |      5       2     133      4 |    7.00        0.00
POST     POST /api/v1/auth/login                                                           50     0(0.00%) |   1623     687    2694   1600 |    0.00        0.00
--------|----------------------------------------------------------------------------|-------|-------------|-------|-------|-------|-------|--------|-----------
         Aggregated                                                                      6202     0(0.00%) |     19       2    2694      5 |   25.30        0.00

Type     Name                                                                          # reqs      # fails |    Avg     Min     Max    Med |   req/s  failures/s
--------|----------------------------------------------------------------------------|-------|-------------|-------|-------|-------|-------|--------|-----------
GET      GET /api/v1/reservas                                                            4619     0(0.00%) |      6       3     163      6 |   18.60        0.00
GET      GET /api/v1/reservas/{id}                                                       1584     0(0.00%) |      5       2     133      4 |    6.30        0.00
POST     POST /api/v1/auth/login                                                           50     0(0.00%) |   1623     687    2694   1600 |    0.00        0.00
--------|----------------------------------------------------------------------------|-------|-------------|-------|-------|-------|-------|--------|-----------
         Aggregated                                                                      6253     0(0.00%) |     19       2    2694      5 |   24.90        0.00

Type     Name                                                                          # reqs      # fails |    Avg     Min     Max    Med |   req/s  failures/s
--------|----------------------------------------------------------------------------|-------|-------------|-------|-------|-------|-------|--------|-----------
GET      GET /api/v1/reservas                                                            4658     0(0.00%) |      6       3     163      6 |   18.50        0.00
GET      GET /api/v1/reservas/{id}                                                       1596     0(0.00%) |      5       2     133      4 |    6.40        0.00
POST     POST /api/v1/auth/login                                                           50     0(0.00%) |   1623     687    2694   1600 |    0.00        0.00
--------|----------------------------------------------------------------------------|-------|-------------|-------|-------|-------|-------|--------|-----------
         Aggregated                                                                      6304     0(0.00%) |     19       2    2694      5 |   24.90        0.00

Type     Name                                                                          # reqs      # fails |    Avg     Min     Max    Med |   req/s  failures/s
--------|----------------------------------------------------------------------------|-------|-------------|-------|-------|-------|-------|--------|-----------
GET      GET /api/v1/reservas                                                            4693     0(0.00%) |      6       3     163      6 |   18.80        0.00
GET      GET /api/v1/reservas/{id}                                                       1609     0(0.00%) |      5       2     133      4 |    5.60        0.00
POST     POST /api/v1/auth/login                                                           50     0(0.00%) |   1623     687    2694   1600 |    0.00        0.00
--------|----------------------------------------------------------------------------|-------|-------------|-------|-------|-------|-------|--------|-----------
         Aggregated                                                                      6352     0(0.00%) |     19       2    2694      5 |   24.40        0.00

Type     Name                                                                          # reqs      # fails |    Avg     Min     Max    Med |   req/s  failures/s
--------|----------------------------------------------------------------------------|-------|-------------|-------|-------|-------|-------|--------|-----------
GET      GET /api/v1/reservas                                                            4730     0(0.00%) |      6       3     163      6 |   18.70        0.00
GET      GET /api/v1/reservas/{id}                                                       1623     0(0.00%) |      5       2     133      4 |    6.80        0.00
POST     POST /api/v1/auth/login                                                           50     0(0.00%) |   1623     687    2694   1600 |    0.00        0.00
--------|----------------------------------------------------------------------------|-------|-------------|-------|-------|-------|-------|--------|-----------
         Aggregated                                                                      6403     0(0.00%) |     18       2    2694      5 |   25.50        0.00

Type     Name                                                                          # reqs      # fails |    Avg     Min     Max    Med |   req/s  failures/s
--------|----------------------------------------------------------------------------|-------|-------------|-------|-------|-------|-------|--------|-----------
GET      GET /api/v1/reservas                                                            4766     0(0.00%) |      6       3     163      6 |   18.50        0.00
GET      GET /api/v1/reservas/{id}                                                       1638     0(0.00%) |      5       2     133      4 |    6.60        0.00
POST     POST /api/v1/auth/login                                                           50     0(0.00%) |   1623     687    2694   1600 |    0.00        0.00
--------|----------------------------------------------------------------------------|-------|-------------|-------|-------|-------|-------|--------|-----------
         Aggregated                                                                      6454     0(0.00%) |     18       2    2694      5 |   25.10        0.00

Type     Name                                                                          # reqs      # fails |    Avg     Min     Max    Med |   req/s  failures/s
--------|----------------------------------------------------------------------------|-------|-------------|-------|-------|-------|-------|--------|-----------
GET      GET /api/v1/reservas                                                            4803     0(0.00%) |      6       3     163      6 |   18.30        0.00
GET      GET /api/v1/reservas/{id}                                                       1649     0(0.00%) |      5       2     133      4 |    7.20        0.00
POST     POST /api/v1/auth/login                                                           50     0(0.00%) |   1623     687    2694   1600 |    0.00        0.00
--------|----------------------------------------------------------------------------|-------|-------------|-------|-------|-------|-------|--------|-----------
         Aggregated                                                                      6502     0(0.00%) |     18       2    2694      5 |   25.50        0.00

Type     Name                                                                          # reqs      # fails |    Avg     Min     Max    Med |   req/s  failures/s
--------|----------------------------------------------------------------------------|-------|-------------|-------|-------|-------|-------|--------|-----------
GET      GET /api/v1/reservas                                                            4840     0(0.00%) |      6       3     163      6 |   18.30        0.00
GET      GET /api/v1/reservas/{id}                                                       1658     0(0.00%) |      5       2     133      4 |    6.30        0.00
POST     POST /api/v1/auth/login                                                           50     0(0.00%) |   1623     687    2694   1600 |    0.00        0.00
--------|----------------------------------------------------------------------------|-------|-------------|-------|-------|-------|-------|--------|-----------
         Aggregated                                                                      6548     0(0.00%) |     18       2    2694      5 |   24.60        0.00

Type     Name                                                                          # reqs      # fails |    Avg     Min     Max    Med |   req/s  failures/s
--------|----------------------------------------------------------------------------|-------|-------------|-------|-------|-------|-------|--------|-----------
GET      GET /api/v1/reservas                                                            4882     0(0.00%) |      6       3     163      6 |   18.40        0.00
GET      GET /api/v1/reservas/{id}                                                       1670     0(0.00%) |      5       2     133      4 |    6.50        0.00
POST     POST /api/v1/auth/login                                                           50     0(0.00%) |   1623     687    2694   1600 |    0.00        0.00
--------|----------------------------------------------------------------------------|-------|-------------|-------|-------|-------|-------|--------|-----------
         Aggregated                                                                      6602     0(0.00%) |     18       2    2694      5 |   24.90        0.00

Type     Name                                                                          # reqs      # fails |    Avg     Min     Max    Med |   req/s  failures/s
--------|----------------------------------------------------------------------------|-------|-------------|-------|-------|-------|-------|--------|-----------
GET      GET /api/v1/reservas                                                            4915     0(0.00%) |      6       3     163      6 |   18.20        0.00
GET      GET /api/v1/reservas/{id}                                                       1681     0(0.00%) |      5       2     133      4 |    6.00        0.00
POST     POST /api/v1/auth/login                                                           50     0(0.00%) |   1623     687    2694   1600 |    0.00        0.00
--------|----------------------------------------------------------------------------|-------|-------------|-------|-------|-------|-------|--------|-----------
         Aggregated                                                                      6646     0(0.00%) |     18       2    2694      5 |   24.20        0.00

Type     Name                                                                          # reqs      # fails |    Avg     Min     Max    Med |   req/s  failures/s
--------|----------------------------------------------------------------------------|-------|-------------|-------|-------|-------|-------|--------|-----------
GET      GET /api/v1/reservas                                                            4950     0(0.00%) |      6       3     163      6 |   18.00        0.00
GET      GET /api/v1/reservas/{id}                                                       1691     0(0.00%) |      5       2     133      4 |    5.80        0.00
POST     POST /api/v1/auth/login                                                           50     0(0.00%) |   1623     687    2694   1600 |    0.00        0.00
--------|----------------------------------------------------------------------------|-------|-------------|-------|-------|-------|-------|--------|-----------
         Aggregated                                                                      6691     0(0.00%) |     18       2    2694      5 |   23.80        0.00

Type     Name                                                                          # reqs      # fails |    Avg     Min     Max    Med |   req/s  failures/s
--------|----------------------------------------------------------------------------|-------|-------------|-------|-------|-------|-------|--------|-----------
GET      GET /api/v1/reservas                                                            4991     0(0.00%) |      6       3     163      6 |   18.60        0.00
GET      GET /api/v1/reservas/{id}                                                       1700     0(0.00%) |      5       2     133      4 |    5.20        0.00
POST     POST /api/v1/auth/login                                                           50     0(0.00%) |   1623     687    2694   1600 |    0.00        0.00
--------|----------------------------------------------------------------------------|-------|-------------|-------|-------|-------|-------|--------|-----------
         Aggregated                                                                      6741     0(0.00%) |     18       2    2694      5 |   23.80        0.00

Type     Name                                                                          # reqs      # fails |    Avg     Min     Max    Med |   req/s  failures/s
--------|----------------------------------------------------------------------------|-------|-------------|-------|-------|-------|-------|--------|-----------
GET      GET /api/v1/reservas                                                            5030     0(0.00%) |      6       3     163      6 |   19.30        0.00
GET      GET /api/v1/reservas/{id}                                                       1711     0(0.00%) |      5       2     133      4 |    5.10        0.00
POST     POST /api/v1/auth/login                                                           50     0(0.00%) |   1623     687    2694   1600 |    0.00        0.00
--------|----------------------------------------------------------------------------|-------|-------------|-------|-------|-------|-------|--------|-----------
         Aggregated                                                                      6791     0(0.00%) |     18       2    2694      5 |   24.40        0.00

Type     Name                                                                          # reqs      # fails |    Avg     Min     Max    Med |   req/s  failures/s
--------|----------------------------------------------------------------------------|-------|-------------|-------|-------|-------|-------|--------|-----------
GET      GET /api/v1/reservas                                                            5069     0(0.00%) |      6       3     163      6 |   18.90        0.00
GET      GET /api/v1/reservas/{id}                                                       1720     0(0.00%) |      5       2     133      4 |    5.50        0.00
POST     POST /api/v1/auth/login                                                           50     0(0.00%) |   1623     687    2694   1600 |    0.00        0.00
--------|----------------------------------------------------------------------------|-------|-------------|-------|-------|-------|-------|--------|-----------
         Aggregated                                                                      6839     0(0.00%) |     18       2    2694      5 |   24.40        0.00

Type     Name                                                                          # reqs      # fails |    Avg     Min     Max    Med |   req/s  failures/s
--------|----------------------------------------------------------------------------|-------|-------------|-------|-------|-------|-------|--------|-----------
GET      GET /api/v1/reservas                                                            5112     0(0.00%) |      6       3     163      6 |   18.90        0.00
GET      GET /api/v1/reservas/{id}                                                       1730     0(0.00%) |      5       2     133      4 |    5.10        0.00
POST     POST /api/v1/auth/login                                                           50     0(0.00%) |   1623     687    2694   1600 |    0.00        0.00
--------|----------------------------------------------------------------------------|-------|-------------|-------|-------|-------|-------|--------|-----------
         Aggregated                                                                      6892     0(0.00%) |     18       2    2694      5 |   24.00        0.00

Type     Name                                                                          # reqs      # fails |    Avg     Min     Max    Med |   req/s  failures/s
--------|----------------------------------------------------------------------------|-------|-------------|-------|-------|-------|-------|--------|-----------
GET      GET /api/v1/reservas                                                            5150     0(0.00%) |      6       3     163      6 |   19.80        0.00
GET      GET /api/v1/reservas/{id}                                                       1742     0(0.00%) |      5       2     133      4 |    4.90        0.00
POST     POST /api/v1/auth/login                                                           50     0(0.00%) |   1623     687    2694   1600 |    0.00        0.00
--------|----------------------------------------------------------------------------|-------|-------------|-------|-------|-------|-------|--------|-----------
         Aggregated                                                                      6942     0(0.00%) |     17       2    2694      5 |   24.70        0.00

Type     Name                                                                          # reqs      # fails |    Avg     Min     Max    Med |   req/s  failures/s
--------|----------------------------------------------------------------------------|-------|-------------|-------|-------|-------|-------|--------|-----------
GET      GET /api/v1/reservas                                                            5190     0(0.00%) |      6       3     163      6 |   20.00        0.00
GET      GET /api/v1/reservas/{id}                                                       1752     0(0.00%) |      5       2     133      4 |    4.90        0.00
POST     POST /api/v1/auth/login                                                           50     0(0.00%) |   1623     687    2694   1600 |    0.00        0.00
--------|----------------------------------------------------------------------------|-------|-------------|-------|-------|-------|-------|--------|-----------
         Aggregated                                                                      6992     0(0.00%) |     17       2    2694      5 |   24.90        0.00

Type     Name                                                                          # reqs      # fails |    Avg     Min     Max    Med |   req/s  failures/s
--------|----------------------------------------------------------------------------|-------|-------------|-------|-------|-------|-------|--------|-----------
GET      GET /api/v1/reservas                                                            5227     0(0.00%) |      6       3     163      6 |   19.20        0.00
GET      GET /api/v1/reservas/{id}                                                       1762     0(0.00%) |      5       2     133      4 |    5.40        0.00
POST     POST /api/v1/auth/login                                                           50     0(0.00%) |   1623     687    2694   1600 |    0.00        0.00
--------|----------------------------------------------------------------------------|-------|-------------|-------|-------|-------|-------|--------|-----------
         Aggregated                                                                      7039     0(0.00%) |     17       2    2694      5 |   24.60        0.00

Type     Name                                                                          # reqs      # fails |    Avg     Min     Max    Med |   req/s  failures/s
--------|----------------------------------------------------------------------------|-------|-------------|-------|-------|-------|-------|--------|-----------
GET      GET /api/v1/reservas                                                            5263     0(0.00%) |      6       3     163      6 |   19.50        0.00
GET      GET /api/v1/reservas/{id}                                                       1774     0(0.00%) |      5       2     133      4 |    4.90        0.00
POST     POST /api/v1/auth/login                                                           50     0(0.00%) |   1623     687    2694   1600 |    0.00        0.00
--------|----------------------------------------------------------------------------|-------|-------------|-------|-------|-------|-------|--------|-----------
         Aggregated                                                                      7087     0(0.00%) |     17       2    2694      5 |   24.40        0.00

Type     Name                                                                          # reqs      # fails |    Avg     Min     Max    Med |   req/s  failures/s
--------|----------------------------------------------------------------------------|-------|-------------|-------|-------|-------|-------|--------|-----------
GET      GET /api/v1/reservas                                                            5303     0(0.00%) |      6       3     163      6 |   19.90        0.00
GET      GET /api/v1/reservas/{id}                                                       1789     0(0.00%) |      5       2     133      4 |    5.10        0.00
POST     POST /api/v1/auth/login                                                           50     0(0.00%) |   1623     687    2694   1600 |    0.00        0.00
--------|----------------------------------------------------------------------------|-------|-------------|-------|-------|-------|-------|--------|-----------
         Aggregated                                                                      7142     0(0.00%) |     17       2    2694      5 |   25.00        0.00

Type     Name                                                                          # reqs      # fails |    Avg     Min     Max    Med |   req/s  failures/s
--------|----------------------------------------------------------------------------|-------|-------------|-------|-------|-------|-------|--------|-----------
GET      GET /api/v1/reservas                                                            5330     0(0.00%) |      6       3     163      6 |   18.80        0.00
GET      GET /api/v1/reservas/{id}                                                       1807     0(0.00%) |      5       2     133      4 |    5.90        0.00
POST     POST /api/v1/auth/login                                                           50     0(0.00%) |   1623     687    2694   1600 |    0.00        0.00
--------|----------------------------------------------------------------------------|-------|-------------|-------|-------|-------|-------|--------|-----------
         Aggregated                                                                      7187     0(0.00%) |     17       2    2694      5 |   24.70        0.00

Type     Name                                                                          # reqs      # fails |    Avg     Min     Max    Med |   req/s  failures/s
--------|----------------------------------------------------------------------------|-------|-------------|-------|-------|-------|-------|--------|-----------
GET      GET /api/v1/reservas                                                            5372     0(0.00%) |      6       3     163      6 |   18.50        0.00
GET      GET /api/v1/reservas/{id}                                                       1819     0(0.00%) |      5       2     133      4 |    6.30        0.00
POST     POST /api/v1/auth/login                                                           50     0(0.00%) |   1623     687    2694   1600 |    0.00        0.00
--------|----------------------------------------------------------------------------|-------|-------------|-------|-------|-------|-------|--------|-----------
         Aggregated                                                                      7241     0(0.00%) |     17       2    2694      5 |   24.80        0.00

Type     Name                                                                          # reqs      # fails |    Avg     Min     Max    Med |   req/s  failures/s
--------|----------------------------------------------------------------------------|-------|-------------|-------|-------|-------|-------|--------|-----------
GET      GET /api/v1/reservas                                                            5414     0(0.00%) |      6       3     163      6 |   19.00        0.00
GET      GET /api/v1/reservas/{id}                                                       1828     0(0.00%) |      5       2     133      4 |    6.70        0.00
POST     POST /api/v1/auth/login                                                           50     0(0.00%) |   1623     687    2694   1600 |    0.00        0.00
--------|----------------------------------------------------------------------------|-------|-------------|-------|-------|-------|-------|--------|-----------
         Aggregated                                                                      7292     0(0.00%) |     17       2    2694      5 |   25.70        0.00

Type     Name                                                                          # reqs      # fails |    Avg     Min     Max    Med |   req/s  failures/s
--------|----------------------------------------------------------------------------|-------|-------------|-------|-------|-------|-------|--------|-----------
GET      GET /api/v1/reservas                                                            5456     0(0.00%) |      6       3     163      6 |   18.70        0.00
GET      GET /api/v1/reservas/{id}                                                       1835     0(0.00%) |      5       2     133      4 |    6.50        0.00
POST     POST /api/v1/auth/login                                                           50     0(0.00%) |   1623     687    2694   1600 |    0.00        0.00
--------|----------------------------------------------------------------------------|-------|-------------|-------|-------|-------|-------|--------|-----------
         Aggregated                                                                      7341     0(0.00%) |     17       2    2694      5 |   25.20        0.00

Type     Name                                                                          # reqs      # fails |    Avg     Min     Max    Med |   req/s  failures/s
--------|----------------------------------------------------------------------------|-------|-------------|-------|-------|-------|-------|--------|-----------
GET      GET /api/v1/reservas                                                            5497     0(0.00%) |      6       3     163      6 |   18.80        0.00
GET      GET /api/v1/reservas/{id}                                                       1848     0(0.00%) |      4       2     133      4 |    6.30        0.00
POST     POST /api/v1/auth/login                                                           50     0(0.00%) |   1623     687    2694   1600 |    0.00        0.00
--------|----------------------------------------------------------------------------|-------|-------------|-------|-------|-------|-------|--------|-----------
         Aggregated                                                                      7395     0(0.00%) |     17       2    2694      5 |   25.10        0.00

Type     Name                                                                          # reqs      # fails |    Avg     Min     Max    Med |   req/s  failures/s
--------|----------------------------------------------------------------------------|-------|-------------|-------|-------|-------|-------|--------|-----------
GET      GET /api/v1/reservas                                                            5527     0(0.00%) |      6       3     163      6 |   19.10        0.00
GET      GET /api/v1/reservas/{id}                                                       1864     0(0.00%) |      4       2     133      4 |    6.10        0.00
POST     POST /api/v1/auth/login                                                           50     0(0.00%) |   1623     687    2694   1600 |    0.00        0.00
--------|----------------------------------------------------------------------------|-------|-------------|-------|-------|-------|-------|--------|-----------
         Aggregated                                                                      7441     0(0.00%) |     17       2    2694      5 |   25.20        0.00

[2026-09-20 18:17:20,254] pfc-pruebas-e1/INFO/locust.main: --run-time limit reached, shutting down
[2026-09-20 18:17:20,353] pfc-pruebas-e1/INFO/locust.main: writing html report to file: /home/ubuntu/PFC_ISSUE32/experimentos/resultados/raw/eficiencia_nominal_50u_5m_poblada/rep-07/locust-report.html
[2026-09-20 18:17:20,356] pfc-pruebas-e1/INFO/locust.main: Shutting down (exit code 0)
Type     Name                                                                          # reqs      # fails |    Avg     Min     Max    Med |   req/s  failures/s
--------|----------------------------------------------------------------------------|-------|-------------|-------|-------|-------|-------|--------|-----------
GET      GET /api/v1/reservas                                                            5555     0(0.00%) |      6       3     163      6 |   18.53        0.00
GET      GET /api/v1/reservas/{id}                                                       1879     0(0.00%) |      4       2     133      4 |    6.27        0.00
POST     POST /api/v1/auth/login                                                           50     0(0.00%) |   1623     687    2694   1600 |    0.17        0.00
--------|----------------------------------------------------------------------------|-------|-------------|-------|-------|-------|-------|--------|-----------
         Aggregated                                                                      7484     0(0.00%) |     17       2    2694      5 |   24.96        0.00

Response time percentiles (approximated)
Type     Name                                                                                  50%    66%    75%    80%    90%    95%    98%    99%  99.9% 99.99%   100% # reqs
--------|--------------------------------------------------------------------------------|--------|------|------|------|------|------|------|------|------|------|------|------
GET      GET /api/v1/reservas                                                                    6      6      7      7      8     11     17     30    110    160    160   5555
GET      GET /api/v1/reservas/{id}                                                               4      5      5      5      6      8     11     13    110    130    130   1879
POST     POST /api/v1/auth/login                                                              1600   1800   1900   2000   2300   2400   2700   2700   2700   2700   2700     50
--------|--------------------------------------------------------------------------------|--------|------|------|------|------|------|------|------|------|------|------|------
         Aggregated                                                                              5      6      6      7      8     11     19     65   2100   2700   2700   7484

