timestamp_epoch,request_type,name,response_time_ms,status_code,outcome,error
1789927941.274310,POST,POST /api/v1/auth/login,817.523754,200,success,
1789927941.275259,POST,POST /api/v1/auth/login,817.345303,200,success,
1789927941.286160,GET,GET /api/v1/reservas,10.676552,200,success,
1789927941.289126,GET,GET /api/v1/reservas,14.597425,200,success,
1789927941.396626,POST,POST /api/v1/auth/login,939.278612,200,success,
1789927941.404081,GET,GET /api/v1/reservas,7.238400,200,success,
1789927941.625470,POST,POST /api/v1/auth/login,1176.047652,200,success,
1789927941.635424,GET,GET /api/v1/reservas,9.744329,200,success,
1789927941.842323,POST,POST /api/v1/auth/login,1381.257888,200,success,
1789927941.849456,GET,GET /api/v1/reservas,6.926479,200,success,
1789927941.957085,POST,POST /api/v1/auth/login,1498.266915,200,success,
1789927941.965003,GET,GET /api/v1/reservas,7.699410,200,success,
1789927942.013716,POST,POST /api/v1/auth/login,1555.338035,200,success,
1789927942.026142,GET,GET /api/v1/reservas,12.212380,200,success,
1789927942.063318,POST,POST /api/v1/auth/login,1604.079210,200,success,
1789927942.070924,GET,GET /api/v1/reservas,7.402569,200,success,
1789927942.139419,POST,POST /api/v1/auth/login,687.501766,200,success,
1789927942.142387,POST,POST /api/v1/auth/login,1680.464975,200,success,
1789927942.149096,GET,GET /api/v1/reservas,9.472567,200,success,
1789927942.153615,GET,GET /api/v1/reservas,11.061115,200,success,
1789927942.365448,POST,POST /api/v1/auth/login,1909.343174,200,success,
1789927942.372877,GET,GET /api/v1/reservas,7.229146,200,success,
1789927942.412147,POST,POST /api/v1/auth/login,959.507862,200,success,
1789927942.419860,GET,GET /api/v1/reservas,7.507128,200,success,
1789927942.541396,POST,POST /api/v1/auth/login,1090.159675,200,success,
1789927942.547989,GET,GET /api/v1/reservas,6.357546,200,success,
1789927942.580290,POST,POST /api/v1/auth/login,1126.424760,200,success,
1789927942.587552,GET,GET /api/v1/reservas,7.045398,200,success,
1789927942.866077,GET,GET /api/v1/reservas,12.026438,200,success,
1789927943.008851,POST,POST /api/v1/auth/login,1558.669634,200,success,
1789927943.017480,GET,GET /api/v1/reservas,8.395304,200,success,
1789927943.063996,GET,GET /api/v1/reservas,8.120628,200,success,
1789927943.132238,POST,POST /api/v1/auth/login,1679.981922,200,success,
1789927943.141357,GET,GET /api/v1/reservas,8.910325,200,success,
1789927943.166512,GET,GET /api/v1/reservas/{id},4.942511,200,success,
1789927943.322023,GET,GET /api/v1/reservas/{id},8.124223,200,success,
1789927943.351507,POST,POST /api/v1/auth/login,1899.924488,200,success,
1789927943.388677,GET,GET /api/v1/reservas,36.960950,200,success,
1789927943.389040,POST,POST /api/v1/auth/login,934.177509,200,success,
1789927943.397063,GET,GET /api/v1/reservas,7.799282,200,success,
1789927943.412137,POST,POST /api/v1/auth/login,1958.040493,200,success,
1789927943.443419,GET,GET /api/v1/reservas,31.070734,200,success,
1789927943.444035,GET,GET /api/v1/reservas,35.673780,200,success,
1789927943.478066,POST,POST /api/v1/auth/login,2027.345615,200,success,
1789927943.493695,GET,GET /api/v1/reservas,15.424668,200,success,
1789927943.674572,GET,GET /api/v1/reservas,97.170847,200,success,
1789927943.676498,GET,GET /api/v1/reservas,32.941178,200,success,
1789927943.723844,GET,GET /api/v1/reservas,9.014644,200,success,
1789927943.832016,POST,POST /api/v1/auth/login,1380.682877,200,success,
1789927943.839582,GET,GET /api/v1/reservas,7.343540,200,success,
1789927943.941103,POST,POST /api/v1/auth/login,2486.592654,200,success,
1789927943.948839,GET,GET /api/v1/reservas,7.521280,200,success,
1789927943.967693,GET,GET /api/v1/reservas,6.529096,200,success,
1789927943.994640,GET,GET /api/v1/reservas,5.659629,200,success,
1789927944.161085,POST,POST /api/v1/auth/login,1705.555172,200,success,
1789927944.169055,GET,GET /api/v1/reservas,7.724277,200,success,
1789927944.235280,POST,POST /api/v1/auth/login,1781.097018,200,success,
1789927944.250536,GET,GET /api/v1/reservas,15.034116,200,success,
1789927944.263416,POST,POST /api/v1/auth/login,1808.929612,200,success,
1789927944.313176,GET,GET /api/v1/reservas,49.551563,200,success,
1789927944.320376,GET,GET /api/v1/reservas,8.129542,200,success,
1789927944.333190,POST,POST /api/v1/auth/login,1877.971156,200,success,
1789927944.339995,GET,GET /api/v1/reservas,6.600364,200,success,
1789927944.385082,POST,POST /api/v1/auth/login,1931.223046,200,success,
1789927944.391691,GET,GET /api/v1/reservas,6.410897,200,success,
1789927944.511108,POST,POST /api/v1/auth/login,2059.267087,200,success,
1789927944.520590,GET,GET /api/v1/reservas,9.278032,200,success,
1789927944.585585,POST,POST /api/v1/auth/login,1132.602053,200,success,
1789927944.593292,GET,GET /api/v1/reservas,7.497583,200,success,
1789927944.662906,GET,GET /api/v1/reservas,8.165175,200,success,
1789927944.718161,GET,GET /api/v1/reservas/{id},6.684411,200,success,
1789927944.727952,POST,POST /api/v1/auth/login,1273.692517,200,success,
1789927944.771071,GET,GET /api/v1/reservas,42.896306,200,success,
1789927944.771421,GET,GET /api/v1/reservas/{id},8.430988,200,success,
1789927944.821501,GET,GET /api/v1/reservas/{id},4.874218,200,success,
1789927944.846534,POST,POST /api/v1/auth/login,2393.328028,200,success,
1789927944.907791,GET,GET /api/v1/reservas,61.024070,200,success,
1789927944.954602,GET,GET /api/v1/reservas,7.463461,200,success,
1789927944.984167,POST,POST /api/v1/auth/login,1530.577436,200,success,
1789927945.136949,GET,GET /api/v1/reservas,151.470096,200,success,
1789927945.192075,POST,POST /api/v1/auth/login,2694.607474,200,success,
1789927945.193357,POST,POST /api/v1/auth/login,1738.501627,200,success,
1789927945.242847,GET,GET /api/v1/reservas,49.301154,200,success,
1789927945.276149,GET,GET /api/v1/reservas,106.101173,200,success,
1789927945.276753,GET,GET /api/v1/reservas,139.128982,200,success,
1789927945.276917,GET,GET /api/v1/reservas,84.654206,200,success,
1789927945.277255,POST,POST /api/v1/auth/login,1824.928031,200,success,
1789927945.278021,GET,GET /api/v1/reservas,36.863462,200,success,
1789927945.283769,GET,GET /api/v1/reservas,6.362343,200,success,
1789927945.345320,GET,GET /api/v1/reservas/{id},6.351066,200,success,
1789927945.408418,GET,GET /api/v1/reservas,7.187924,200,success,
1789927945.484571,GET,GET /api/v1/reservas,6.545031,200,success,
1789927945.527850,GET,GET /api/v1/reservas,6.624842,200,success,
1789927945.531703,POST,POST /api/v1/auth/login,2077.826637,200,success,
1789927945.537954,GET,GET /api/v1/reservas,6.068648,200,success,
1789927945.614760,POST,POST /api/v1/auth/login,2161.472905,200,success,
1789927945.621722,GET,GET /api/v1/reservas,6.753247,200,success,
1789927945.653662,GET,GET /api/v1/reservas,6.635558,200,success,
1789927945.714232,GET,GET /api/v1/reservas,52.141047,200,success,
1789927945.779550,GET,GET /api/v1/reservas,65.010353,200,success,
1789927945.780510,POST,POST /api/v1/auth/login,2328.682368,200,success,
1789927945.781644,POST,POST /api/v1/auth/login,2327.110074,200,success,
1789927945.782294,POST,POST /api/v1/auth/login,1323.220204,200,success,
1789927945.782915,POST,POST /api/v1/auth/login,1326.868444,200,success,
1789927945.797688,GET,GET /api/v1/reservas,15.840898,200,success,
1789927945.798251,GET,GET /api/v1/reservas,17.566684,200,success,
1789927945.800019,GET,GET /api/v1/reservas,20.189080,200,success,
1789927945.800517,GET,GET /api/v1/reservas,18.060514,200,success,
1789927945.803828,GET,GET /api/v1/reservas,20.751712,200,success,
1789927945.825227,POST,POST /api/v1/auth/login,1369.797099,200,success,
1789927945.826118,POST,POST /api/v1/auth/login,2373.447535,200,success,
1789927945.852044,GET,GET /api/v1/reservas,26.588790,200,success,
1789927945.852511,GET,GET /api/v1/reservas/{id},9.420328,200,success,
1789927945.853354,GET,GET /api/v1/reservas,27.058822,200,success,
1789927945.860696,GET,GET /api/v1/reservas,9.743888,200,success,
1789927945.872664,POST,POST /api/v1/auth/login,1416.920461,200,success,
1789927945.879287,GET,GET /api/v1/reservas,6.443697,200,success,
1789927945.916911,GET,GET /api/v1/reservas/{id},5.154733,200,success,
1789927945.996059,POST,POST /api/v1/auth/login,1542.611395,200,success,
1789927946.002471,POST,POST /api/v1/auth/login,1547.377399,200,success,
1789927946.004667,GET,GET /api/v1/reservas,8.394363,200,success,
1789927946.008891,GET,GET /api/v1/reservas,6.205346,200,success,
1789927946.031209,POST,POST /api/v1/auth/login,1574.119800,200,success,
1789927946.032264,GET,GET /api/v1/reservas,11.139123,200,success,
1789927946.033493,GET,GET /api/v1/reservas,14.307226,200,success,
1789927946.039208,GET,GET /api/v1/reservas,7.810137,200,success,
1789927946.069088,POST,POST /api/v1/auth/login,1610.391908,200,success,
1789927946.077697,GET,GET /api/v1/reservas,8.404609,200,success,
1789927946.078755,POST,POST /api/v1/auth/login,1620.365925,200,success,
1789927946.086312,GET,GET /api/v1/reservas,7.392524,200,success,
1789927946.092192,GET,GET /api/v1/reservas,6.691501,200,success,
1789927946.110129,POST,POST /api/v1/auth/login,1652.028664,200,success,
1789927946.116273,GET,GET /api/v1/reservas,5.953853,200,success,
1789927946.153088,GET,GET /api/v1/reservas/{id},5.565576,200,success,
1789927946.359647,GET,GET /api/v1/reservas,6.225336,200,success,
1789927946.401335,GET,GET /api/v1/reservas,5.411602,200,success,
1789927946.405103,GET,GET /api/v1/reservas,4.430404,200,success,
1789927946.487623,GET,GET /api/v1/reservas,6.049619,200,success,
1789927946.638499,GET,GET /api/v1/reservas/{id},4.677400,200,success,
1789927946.638711,GET,GET /api/v1/reservas,8.675930,200,success,
1789927946.746927,GET,GET /api/v1/reservas/{id},4.952807,200,success,
1789927946.879702,GET,GET /api/v1/reservas,6.374351,200,success,
1789927946.889508,GET,GET /api/v1/reservas,4.569416,200,success,
1789927946.938363,GET,GET /api/v1/reservas,5.184657,200,success,
1789927946.980596,GET,GET /api/v1/reservas/{id},4.024941,200,success,
1789927947.032009,GET,GET /api/v1/reservas,6.083290,200,success,
1789927947.032507,GET,GET /api/v1/reservas,4.889411,200,success,
1789927947.093652,GET,GET /api/v1/reservas,6.423546,200,success,
1789927947.095319,GET,GET /api/v1/reservas,8.507896,200,success,
1789927947.095931,GET,GET /api/v1/reservas,6.703381,200,success,
1789927947.097085,GET,GET /api/v1/reservas,8.197464,200,success,
1789927947.112570,GET,GET /api/v1/reservas/{id},3.327544,200,success,
1789927947.195021,GET,GET /api/v1/reservas/{id},5.165560,200,success,
1789927947.321260,GET,GET /api/v1/reservas,6.807638,200,success,
1789927947.348337,GET,GET /api/v1/reservas/{id},3.888123,200,success,
1789927947.351464,GET,GET /api/v1/reservas,4.265165,200,success,
1789927947.354486,GET,GET /api/v1/reservas,3.913202,200,success,
1789927947.380318,GET,GET /api/v1/reservas/{id},3.666687,200,success,
1789927947.384804,GET,GET /api/v1/reservas,4.943993,200,success,
1789927947.419072,GET,GET /api/v1/reservas,4.975881,200,success,
1789927947.475431,GET,GET /api/v1/reservas,5.361777,200,success,
1789927947.495421,GET,GET /api/v1/reservas,5.716314,200,success,
1789927947.599429,GET,GET /api/v1/reservas,6.667035,200,success,
1789927947.602250,GET,GET /api/v1/reservas/{id},3.553635,200,success,
1789927947.667349,GET,GET /api/v1/reservas/{id},7.628602,200,success,
1789927947.669104,GET,GET /api/v1/reservas,8.946300,200,success,
1789927947.728703,GET,GET /api/v1/reservas/{id},10.331299,200,success,
1789927947.782961,GET,GET /api/v1/reservas,16.713843,200,success,
1789927947.877322,GET,GET /api/v1/reservas,55.965234,200,success,
1789927947.916460,GET,GET /api/v1/reservas/{id},6.851024,200,success,
1789927947.977520,GET,GET /api/v1/reservas,7.695644,200,success,
1789927948.023582,GET,GET /api/v1/reservas,6.760177,200,success,
1789927948.041790,GET,GET /api/v1/reservas,5.898320,200,success,
1789927948.066589,GET,GET /api/v1/reservas/{id},3.622962,200,success,
1789927948.192486,GET,GET /api/v1/reservas,6.478379,200,success,
1789927948.205307,GET,GET /api/v1/reservas,4.553832,200,success,
1789927948.217660,GET,GET /api/v1/reservas/{id},3.189283,200,success,
1789927948.288491,GET,GET /api/v1/reservas,5.525865,200,success,
1789927948.327371,GET,GET /api/v1/reservas,6.560895,200,success,
1789927948.328366,GET,GET /api/v1/reservas,7.255387,200,success,
1789927948.381010,GET,GET /api/v1/reservas,5.371861,200,success,
1789927948.403591,GET,GET /api/v1/reservas/{id},3.405281,200,success,
1789927948.427208,GET,GET /api/v1/reservas/{id},3.450660,200,success,
1789927948.524802,GET,GET /api/v1/reservas,7.986525,200,success,
1789927948.531583,GET,GET /api/v1/reservas/{id},9.153653,200,success,
1789927948.533867,GET,GET /api/v1/reservas,10.932470,200,success,
1789927948.534606,GET,GET /api/v1/reservas,4.783579,200,success,
1789927948.615191,GET,GET /api/v1/reservas,12.924689,200,success,
1789927948.671505,GET,GET /api/v1/reservas/{id},5.066008,200,success,
1789927948.758678,GET,GET /api/v1/reservas,6.808800,200,success,
1789927948.787312,GET,GET /api/v1/reservas/{id},8.373090,200,success,
1789927948.796455,GET,GET /api/v1/reservas,6.809541,200,success,
1789927948.955823,GET,GET /api/v1/reservas,5.919492,200,success,
1789927948.969563,GET,GET /api/v1/reservas,5.461027,200,success,
1789927948.996505,GET,GET /api/v1/reservas,6.674777,200,success,
1789927949.000840,GET,GET /api/v1/reservas,5.386364,200,success,
1789927949.048433,GET,GET /api/v1/reservas,5.261424,200,success,
1789927949.063857,GET,GET /api/v1/reservas,4.192574,200,success,
1789927949.087038,GET,GET /api/v1/reservas,4.891183,200,success,
1789927949.107665,GET,GET /api/v1/reservas/{id},3.450711,200,success,
1789927949.142699,GET,GET /api/v1/reservas,4.765533,200,success,
1789927949.208485,GET,GET /api/v1/reservas,6.427282,200,success,
1789927949.230092,GET,GET /api/v1/reservas/{id},6.415985,200,success,
1789927949.282766,GET,GET /api/v1/reservas,6.377385,200,success,
1789927949.286693,GET,GET /api/v1/reservas,4.597768,200,success,
1789927949.297941,GET,GET /api/v1/reservas,4.991124,200,success,
1789927949.315124,GET,GET /api/v1/reservas,4.892846,200,success,
1789927949.434396,GET,GET /api/v1/reservas,5.864488,200,success,
1789927949.450910,GET,GET /api/v1/reservas,4.276813,200,success,
1789927949.472331,GET,GET /api/v1/reservas,4.458758,200,success,
1789927949.585569,GET,GET /api/v1/reservas,5.883426,200,success,
1789927949.610320,GET,GET /api/v1/reservas/{id},3.557512,200,success,
1789927949.653609,GET,GET /api/v1/reservas,5.018717,200,success,
1789927949.738606,GET,GET /api/v1/reservas,6.664732,200,success,
1789927949.749020,GET,GET /api/v1/reservas/{id},3.266872,200,success,
1789927949.770945,GET,GET /api/v1/reservas,5.684646,200,success,
1789927949.820238,GET,GET /api/v1/reservas,6.981833,200,success,
1789927949.911843,GET,GET /api/v1/reservas,6.215130,200,success,
1789927949.978698,GET,GET /api/v1/reservas,6.083290,200,success,
1789927949.979100,GET,GET /api/v1/reservas,6.963805,200,success,
1789927949.989848,GET,GET /api/v1/reservas,4.512038,200,success,
1789927950.000701,GET,GET /api/v1/reservas,4.582496,200,success,
1789927950.002483,GET,GET /api/v1/reservas/{id},3.861513,200,success,
1789927950.035420,GET,GET /api/v1/reservas/{id},3.748321,200,success,
1789927950.066423,GET,GET /api/v1/reservas/{id},3.821122,200,success,
1789927950.157598,GET,GET /api/v1/reservas,5.828704,200,success,
1789927950.216266,GET,GET /api/v1/reservas,6.337285,200,success,
1789927950.224442,GET,GET /api/v1/reservas,5.894614,200,success,
1789927950.225923,GET,GET /api/v1/reservas,4.802940,200,success,
1789927950.248323,GET,GET /api/v1/reservas,5.143986,200,success,
1789927950.333107,GET,GET /api/v1/reservas,8.725786,200,success,
1789927950.333880,GET,GET /api/v1/reservas,10.209544,200,success,
1789927950.339499,GET,GET /api/v1/reservas,7.318573,200,success,
1789927950.411927,GET,GET /api/v1/reservas,6.999289,200,success,
1789927950.499049,GET,GET /api/v1/reservas,6.703259,200,success,
1789927950.514577,GET,GET /api/v1/reservas/{id},7.215627,200,success,
1789927950.515619,GET,GET /api/v1/reservas,7.761683,200,success,
1789927950.540403,GET,GET /api/v1/reservas,6.435844,200,success,
1789927950.566525,GET,GET /api/v1/reservas,7.776326,200,success,
1789927950.586867,GET,GET /api/v1/reservas,6.041256,200,success,
1789927950.659142,GET,GET /api/v1/reservas,9.790910,200,success,
1789927950.670015,GET,GET /api/v1/reservas,9.574542,200,success,
1789927950.685265,GET,GET /api/v1/reservas,6.942373,200,success,
1789927950.704078,GET,GET /api/v1/reservas,5.546336,200,success,
1789927950.724842,GET,GET /api/v1/reservas,5.465794,200,success,
1789927950.742539,GET,GET /api/v1/reservas/{id},4.485609,200,success,
1789927950.795205,GET,GET /api/v1/reservas,7.303539,200,success,
1789927950.801732,GET,GET /api/v1/reservas,6.264364,200,success,
1789927950.889254,GET,GET /api/v1/reservas,7.143667,200,success,
1789927951.092554,GET,GET /api/v1/reservas,7.902367,200,success,
1789927951.137740,GET,GET /api/v1/reservas,4.892445,200,success,
1789927951.154197,GET,GET /api/v1/reservas,4.188979,200,success,
1789927951.163477,GET,GET /api/v1/reservas,4.065042,200,success,
1789927951.274901,GET,GET /api/v1/reservas,6.054537,200,success,
1789927951.343895,GET,GET /api/v1/reservas,5.677415,200,success,
1789927951.402511,GET,GET /api/v1/reservas,5.316038,200,success,
1789927951.419207,GET,GET /api/v1/reservas,5.379113,200,success,
1789927951.483659,GET,GET /api/v1/reservas,6.087095,200,success,
1789927951.486033,GET,GET /api/v1/reservas,4.703298,200,success,
1789927951.601359,GET,GET /api/v1/reservas,5.942246,200,success,
1789927951.640358,GET,GET /api/v1/reservas,5.753390,200,success,
1789927951.753800,GET,GET /api/v1/reservas,6.153927,200,success,
1789927951.921134,GET,GET /api/v1/reservas,5.841864,200,success,
1789927951.935218,GET,GET /api/v1/reservas,4.840235,200,success,
1789927951.946526,GET,GET /api/v1/reservas,5.032659,200,success,
1789927951.947611,GET,GET /api/v1/reservas,4.228299,200,success,
1789927951.981182,GET,GET /api/v1/reservas,5.330720,200,success,
1789927951.984876,GET,GET /api/v1/reservas,4.406479,200,success,
1789927951.997254,GET,GET /api/v1/reservas,4.122398,200,success,
1789927952.008605,GET,GET /api/v1/reservas,4.130561,200,success,
1789927952.099147,GET,GET /api/v1/reservas/{id},4.783230,200,success,
1789927952.099822,GET,GET /api/v1/reservas,5.872671,200,success,
1789927952.121874,GET,GET /api/v1/reservas,4.793175,200,success,
1789927952.136314,GET,GET /api/v1/reservas/{id},3.262293,200,success,
1789927952.156966,GET,GET /api/v1/reservas,4.413249,200,success,
1789927952.181083,GET,GET /api/v1/reservas,4.813647,200,success,
1789927952.183060,GET,GET /api/v1/reservas,4.182840,200,success,
1789927952.255267,GET,GET /api/v1/reservas/{id},4.960538,200,success,
1789927952.296914,GET,GET /api/v1/reservas,5.357110,200,success,
1789927952.422570,GET,GET /api/v1/reservas,6.251556,200,success,
1789927952.444891,GET,GET /api/v1/reservas/{id},4.113615,200,success,
1789927952.445246,GET,GET /api/v1/reservas/{id},3.861793,200,success,
1789927952.458874,GET,GET /api/v1/reservas,5.059289,200,success,
1789927952.459226,GET,GET /api/v1/reservas,5.183015,200,success,
1789927952.466035,GET,GET /api/v1/reservas/{id},3.619236,200,success,
1789927952.518369,GET,GET /api/v1/reservas/{id},4.138402,200,success,
1789927952.560947,GET,GET /api/v1/reservas,5.316708,200,success,
1789927952.564516,GET,GET /api/v1/reservas,4.242930,200,success,
1789927952.594774,GET,GET /api/v1/reservas,5.935946,200,success,
1789927952.596810,GET,GET /api/v1/reservas,4.378677,200,success,
1789927952.635644,GET,GET /api/v1/reservas,6.541023,200,success,
1789927952.695954,GET,GET /api/v1/reservas,6.981341,200,success,
1789927952.715673,GET,GET /api/v1/reservas,5.358962,200,success,
1789927952.724672,GET,GET /api/v1/reservas/{id},3.843406,200,success,
1789927952.747645,GET,GET /api/v1/reservas,4.716388,200,success,
1789927952.787402,GET,GET /api/v1/reservas/{id},5.565795,200,success,
1789927952.848217,GET,GET /api/v1/reservas/{id},4.552851,200,success,
1789927952.874032,GET,GET /api/v1/reservas/{id},4.599481,200,success,
1789927953.036641,GET,GET /api/v1/reservas,6.162890,200,success,
1789927953.036942,GET,GET /api/v1/reservas/{id},3.826920,200,success,
1789927953.070247,GET,GET /api/v1/reservas,5.004064,200,success,
1789927953.076009,GET,GET /api/v1/reservas,4.487131,200,success,
1789927953.111799,GET,GET /api/v1/reservas,5.523321,200,success,
1789927953.172538,GET,GET /api/v1/reservas,5.374155,200,success,
1789927953.198148,GET,GET /api/v1/reservas,5.339433,200,success,
1789927953.206505,GET,GET /api/v1/reservas,4.136349,200,success,
1789927953.241452,GET,GET /api/v1/reservas/{id},3.760690,200,success,
1789927953.548145,GET,GET /api/v1/reservas,10.838587,200,success,
1789927953.669645,GET,GET /api/v1/reservas,7.101834,200,success,
1789927953.737225,GET,GET /api/v1/reservas,7.260755,200,success,
1789927953.829751,GET,GET /api/v1/reservas,10.037493,200,success,
1789927953.868551,GET,GET /api/v1/reservas,20.200056,200,success,
1789927953.889083,GET,GET /api/v1/reservas,13.000084,200,success,
1789927953.928205,GET,GET /api/v1/reservas,9.719501,200,success,
1789927953.928954,GET,GET /api/v1/reservas,8.761930,200,success,
1789927953.951050,GET,GET /api/v1/reservas,7.678648,200,success,
1789927953.957901,GET,GET /api/v1/reservas,9.477725,200,success,
1789927953.997704,GET,GET /api/v1/reservas/{id},8.550851,200,success,
1789927954.028560,GET,GET /api/v1/reservas/{id},9.419066,200,success,
1789927954.031178,GET,GET /api/v1/reservas,8.032534,200,success,
1789927954.037585,GET,GET /api/v1/reservas/{id},4.246687,200,success,
1789927954.075093,GET,GET /api/v1/reservas/{id},5.308466,200,success,
1789927954.085432,GET,GET /api/v1/reservas,5.027740,200,success,
1789927954.098437,GET,GET /api/v1/reservas,4.726944,200,success,
1789927954.222760,GET,GET /api/v1/reservas,5.903157,200,success,
1789927954.248701,GET,GET /api/v1/reservas,5.688782,200,success,
1789927954.261930,GET,GET /api/v1/reservas/{id},4.057450,200,success,
1789927954.279552,GET,GET /api/v1/reservas/{id},3.438000,200,success,
1789927954.317542,GET,GET /api/v1/reservas/{id},3.797065,200,success,
1789927954.320538,GET,GET /api/v1/reservas/{id},2.895127,200,success,
1789927954.330623,GET,GET /api/v1/reservas,4.851353,200,success,
1789927954.363485,GET,GET /api/v1/reservas/{id},3.693248,200,success,
1789927954.462016,GET,GET /api/v1/reservas,5.682824,200,success,
1789927954.476295,GET,GET /api/v1/reservas,4.337915,200,success,
1789927954.503102,GET,GET /api/v1/reservas,4.534493,200,success,
1789927954.525647,GET,GET /api/v1/reservas,4.280889,200,success,
1789927954.587248,GET,GET /api/v1/reservas/{id},4.393850,200,success,
1789927954.665488,GET,GET /api/v1/reservas/{id},5.034550,200,success,
1789927954.686351,GET,GET /api/v1/reservas,4.579571,200,success,
1789927954.696710,GET,GET /api/v1/reservas/{id},3.193309,200,success,
1789927954.784618,GET,GET /api/v1/reservas/{id},5.653949,200,success,
1789927954.787765,GET,GET /api/v1/reservas,5.886122,200,success,
1789927954.845448,GET,GET /api/v1/reservas,5.349919,200,success,
1789927954.874361,GET,GET /api/v1/reservas,4.661635,200,success,
1789927954.896959,GET,GET /api/v1/reservas/{id},4.415622,200,success,
1789927954.907304,GET,GET /api/v1/reservas,6.038102,200,success,
1789927954.912310,GET,GET /api/v1/reservas,4.806004,200,success,
1789927954.928195,GET,GET /api/v1/reservas,4.616888,200,success,
1789927955.056575,GET,GET /api/v1/reservas,5.964100,200,success,
1789927955.066355,GET,GET /api/v1/reservas,4.531188,200,success,
1789927955.162357,GET,GET /api/v1/reservas/{id},4.719293,200,success,
1789927955.235392,GET,GET /api/v1/reservas/{id},4.771371,200,success,
1789927955.251097,GET,GET /api/v1/reservas,5.412203,200,success,
1789927955.267056,GET,GET /api/v1/reservas,4.671369,200,success,
1789927955.289262,GET,GET /api/v1/reservas,4.921840,200,success,
1789927955.292723,GET,GET /api/v1/reservas,4.752814,200,success,
1789927955.318801,GET,GET /api/v1/reservas,4.822238,200,success,
1789927955.329374,GET,GET /api/v1/reservas/{id},3.403699,200,success,
1789927955.408452,GET,GET /api/v1/reservas,5.741423,200,success,
1789927955.446733,GET,GET /api/v1/reservas,5.965883,200,success,
1789927955.490201,GET,GET /api/v1/reservas,5.185529,200,success,
1789927955.543617,GET,GET /api/v1/reservas,5.106319,200,success,
1789927955.551386,GET,GET /api/v1/reservas,4.551889,200,success,
1789927955.589628,GET,GET /api/v1/reservas,4.958435,200,success,
1789927955.652621,GET,GET /api/v1/reservas/{id},4.778453,200,success,
1789927955.890090,GET,GET /api/v1/reservas,5.920964,200,success,
1789927955.999634,GET,GET /api/v1/reservas,6.198094,200,success,
1789927956.018247,GET,GET /api/v1/reservas/{id},3.431791,200,success,
1789927956.031766,GET,GET /api/v1/reservas,5.285000,200,success,
1789927956.088118,GET,GET /api/v1/reservas/{id},4.148918,200,success,
1789927956.112023,GET,GET /api/v1/reservas,4.634605,200,success,
1789927956.172814,GET,GET /api/v1/reservas,5.507228,200,success,
1789927956.178926,GET,GET /api/v1/reservas,3.906101,200,success,
1789927956.220478,GET,GET /api/v1/reservas,5.252090,200,success,
1789927956.269917,GET,GET /api/v1/reservas/{id},4.235260,200,success,
1789927956.310372,GET,GET /api/v1/reservas,5.169737,200,success,
1789927956.353769,GET,GET /api/v1/reservas,5.116174,200,success,
1789927956.371195,GET,GET /api/v1/reservas/{id},3.255805,200,success,
1789927956.382001,GET,GET /api/v1/reservas,4.573692,200,success,
1789927956.390105,GET,GET /api/v1/reservas,3.891117,200,success,
1789927956.396828,GET,GET /api/v1/reservas,4.500541,200,success,
1789927956.446030,GET,GET /api/v1/reservas,4.861658,200,success,
1789927956.487532,GET,GET /api/v1/reservas,5.130125,200,success,
1789927956.488604,GET,GET /api/v1/reservas,4.586832,200,success,
1789927956.734102,GET,GET /api/v1/reservas,6.079014,200,success,
1789927956.773384,GET,GET /api/v1/reservas/{id},4.078142,200,success,
1789927956.802235,GET,GET /api/v1/reservas,5.520428,200,success,
1789927956.809708,GET,GET /api/v1/reservas,4.542014,200,success,
1789927956.810173,GET,GET /api/v1/reservas,5.683744,200,success,
1789927956.842229,GET,GET /api/v1/reservas,4.815088,200,success,
1789927956.873099,GET,GET /api/v1/reservas,6.562537,200,success,
1789927956.881038,GET,GET /api/v1/reservas,5.607830,200,success,
1789927956.898301,GET,GET /api/v1/reservas/{id},4.067526,200,success,
1789927956.905146,GET,GET /api/v1/reservas,4.564118,200,success,
1789927956.914084,GET,GET /api/v1/reservas,5.578286,200,success,
1789927956.924101,GET,GET /api/v1/reservas,4.782318,200,success,
1789927956.928709,GET,GET /api/v1/reservas,4.370194,200,success,
1789927956.931305,GET,GET /api/v1/reservas,4.496296,200,success,
1789927956.959072,GET,GET /api/v1/reservas,4.477035,200,success,
1789927956.990914,GET,GET /api/v1/reservas,4.591269,200,success,
1789927957.033026,GET,GET /api/v1/reservas,4.771041,200,success,
1789927957.057237,GET,GET /api/v1/reservas/{id},4.016358,200,success,
1789927957.061376,GET,GET /api/v1/reservas/{id},2.978143,200,success,
1789927957.139599,GET,GET /api/v1/reservas/{id},4.969272,200,success,
1789927957.151080,GET,GET /api/v1/reservas,5.195735,200,success,
1789927957.161793,GET,GET /api/v1/reservas,4.476606,200,success,
1789927957.241012,GET,GET /api/v1/reservas,5.853943,200,success,
1789927957.323899,GET,GET /api/v1/reservas,6.548985,200,success,
1789927957.377437,GET,GET /api/v1/reservas,5.258770,200,success,
1789927957.404365,GET,GET /api/v1/reservas,4.673903,200,success,
1789927957.536563,GET,GET /api/v1/reservas,7.129417,200,success,
1789927957.557396,GET,GET /api/v1/reservas/{id},3.611354,200,success,
1789927957.607828,GET,GET /api/v1/reservas,5.160241,200,success,
1789927957.771366,GET,GET /api/v1/reservas,6.132034,200,success,
1789927957.783382,GET,GET /api/v1/reservas,4.728437,200,success,
1789927957.807923,GET,GET /api/v1/reservas,5.234404,200,success,
1789927957.815303,GET,GET /api/v1/reservas/{id},4.180126,200,success,
1789927957.866088,GET,GET /api/v1/reservas,5.458323,200,success,
1789927957.949010,GET,GET /api/v1/reservas,6.152946,200,success,
1789927957.950201,GET,GET /api/v1/reservas,7.833052,200,success,
1789927958.058569,GET,GET /api/v1/reservas,6.995712,200,success,
1789927958.136505,GET,GET /api/v1/reservas/{id},5.642713,200,success,
1789927958.167289,GET,GET /api/v1/reservas,10.390207,200,success,
1789927958.196012,GET,GET /api/v1/reservas,8.291738,200,success,
1789927958.201914,GET,GET /api/v1/reservas,5.655011,200,success,
1789927958.261665,GET,GET /api/v1/reservas,8.386230,200,success,
1789927958.315239,GET,GET /api/v1/reservas,7.199533,200,success,
1789927958.341935,GET,GET /api/v1/reservas,5.377140,200,success,
1789927958.443193,GET,GET /api/v1/reservas,5.870527,200,success,
1789927958.448883,GET,GET /api/v1/reservas,4.471367,200,success,
1789927958.473552,GET,GET /api/v1/reservas/{id},3.456709,200,success,
1789927958.510658,GET,GET /api/v1/reservas,4.843340,200,success,
1789927958.525156,GET,GET /api/v1/reservas/{id},3.366403,200,success,
1789927958.528433,GET,GET /api/v1/reservas,4.014344,200,success,
1789927958.606647,GET,GET /api/v1/reservas,5.883308,200,success,
1789927958.655872,GET,GET /api/v1/reservas,4.932737,200,success,
1789927958.715286,GET,GET /api/v1/reservas/{id},4.195108,200,success,
1789927958.762299,GET,GET /api/v1/reservas,5.743926,200,success,
1789927958.869133,GET,GET /api/v1/reservas,6.388863,200,success,
1789927958.931529,GET,GET /api/v1/reservas,7.010345,200,success,
1789927958.950936,GET,GET /api/v1/reservas,6.081828,200,success,
1789927958.993181,GET,GET /api/v1/reservas,6.856752,200,success,
1789927959.028597,GET,GET /api/v1/reservas,10.987584,200,success,
1789927959.065821,GET,GET /api/v1/reservas,6.820067,200,success,
1789927959.074865,GET,GET /api/v1/reservas,5.753710,200,success,
1789927959.087351,GET,GET /api/v1/reservas,9.182887,200,success,
1789927959.088959,GET,GET /api/v1/reservas,9.133834,200,success,
1789927959.112855,GET,GET /api/v1/reservas,6.557819,200,success,
1789927959.115596,GET,GET /api/v1/reservas,5.561369,200,success,
1789927959.119946,GET,GET /api/v1/reservas,5.039268,200,success,
1789927959.153165,GET,GET /api/v1/reservas,5.783155,200,success,
1789927959.206760,GET,GET /api/v1/reservas,5.306062,200,success,
1789927959.247625,GET,GET /api/v1/reservas,5.538975,200,success,
1789927959.318709,GET,GET /api/v1/reservas,5.777457,200,success,
1789927959.319023,GET,GET /api/v1/reservas/{id},4.408542,200,success,
1789927959.325300,GET,GET /api/v1/reservas,4.065101,200,success,
1789927959.366838,GET,GET /api/v1/reservas,6.216112,200,success,
1789927959.410230,GET,GET /api/v1/reservas,6.034968,200,success,
1789927959.431356,GET,GET /api/v1/reservas,4.837252,200,success,
1789927959.435172,GET,GET /api/v1/reservas,4.490506,200,success,
1789927959.458964,GET,GET /api/v1/reservas,4.529114,200,success,
1789927959.506002,GET,GET /api/v1/reservas,6.089260,200,success,
1789927959.583828,GET,GET /api/v1/reservas,6.464437,200,success,
1789927959.626971,GET,GET /api/v1/reservas,4.846677,200,success,
1789927959.634210,GET,GET /api/v1/reservas/{id},3.067158,200,success,
1789927959.684326,GET,GET /api/v1/reservas/{id},3.241444,200,success,
1789927959.685009,GET,GET /api/v1/reservas,5.539787,200,success,
1789927959.689324,GET,GET /api/v1/reservas,4.816710,200,success,
1789927959.774605,GET,GET /api/v1/reservas,5.905170,200,success,
1789927959.877099,GET,GET /api/v1/reservas,6.104622,200,success,
1789927959.882682,GET,GET /api/v1/reservas,4.347570,200,success,
1789927959.890954,GET,GET /api/v1/reservas,4.055046,200,success,
1789927959.948321,GET,GET /api/v1/reservas/{id},4.152974,200,success,
1789927960.049458,GET,GET /api/v1/reservas,5.754431,200,success,
1789927960.131376,GET,GET /api/v1/reservas/{id},4.641375,200,success,
1789927960.202666,GET,GET /api/v1/reservas/{id},5.035252,200,success,
1789927960.265395,GET,GET /api/v1/reservas/{id},4.492689,200,success,
1789927960.289341,GET,GET /api/v1/reservas,4.671471,200,success,
1789927960.313045,GET,GET /api/v1/reservas,4.437225,200,success,
1789927960.324100,GET,GET /api/v1/reservas,4.794938,200,success,
1789927960.334443,GET,GET /api/v1/reservas,4.101256,200,success,
1789927960.344061,GET,GET /api/v1/reservas,4.378907,200,success,
1789927960.357444,GET,GET /api/v1/reservas/{id},4.188569,200,success,
1789927960.386426,GET,GET /api/v1/reservas/{id},4.748346,200,success,
1789927960.401112,GET,GET /api/v1/reservas,5.343529,200,success,
1789927960.460131,GET,GET /api/v1/reservas/{id},4.458768,200,success,
1789927960.473719,GET,GET /api/v1/reservas,4.360028,200,success,
1789927960.539575,GET,GET /api/v1/reservas,5.565014,200,success,
1789927960.660129,GET,GET /api/v1/reservas,9.299946,200,success,
1789927960.661645,GET,GET /api/v1/reservas,15.644261,200,success,
1789927960.725844,GET,GET /api/v1/reservas/{id},5.916568,200,success,
1789927960.756827,GET,GET /api/v1/reservas/{id},9.581723,200,success,
1789927960.758192,GET,GET /api/v1/reservas,11.994159,200,success,
1789927960.785408,GET,GET /api/v1/reservas/{id},6.007825,200,success,
1789927960.839124,GET,GET /api/v1/reservas,9.343060,200,success,
1789927960.925521,GET,GET /api/v1/reservas,6.972798,200,success,
1789927960.929158,GET,GET /api/v1/reservas/{id},4.595666,200,success,
1789927961.041747,GET,GET /api/v1/reservas,7.202477,200,success,
1789927961.241834,GET,GET /api/v1/reservas,7.569984,200,success,
1789927961.249031,GET,GET /api/v1/reservas,4.885164,200,success,
1789927961.262652,GET,GET /api/v1/reservas,5.301725,200,success,
1789927961.304825,GET,GET /api/v1/reservas/{id},3.975815,200,success,
1789927961.338827,GET,GET /api/v1/reservas/{id},3.803385,200,success,
1789927961.359346,GET,GET /api/v1/reservas,5.279372,200,success,
1789927961.372822,GET,GET /api/v1/reservas,4.215520,200,success,
1789927961.403712,GET,GET /api/v1/reservas/{id},3.714631,200,success,
1789927961.442136,GET,GET /api/v1/reservas,5.142856,200,success,
1789927961.478942,GET,GET /api/v1/reservas,4.910633,200,success,
1789927961.505169,GET,GET /api/v1/reservas,4.964794,200,success,
1789927961.546345,GET,GET /api/v1/reservas,4.909440,200,success,
1789927961.553379,GET,GET /api/v1/reservas,3.815614,200,success,
1789927961.574017,GET,GET /api/v1/reservas,4.360258,200,success,
1789927961.582161,GET,GET /api/v1/reservas,3.905239,200,success,
1789927961.644759,GET,GET /api/v1/reservas/{id},4.391246,200,success,
1789927961.691135,GET,GET /api/v1/reservas,5.060950,200,success,
1789927961.709468,GET,GET /api/v1/reservas,4.072413,200,success,
1789927961.736882,GET,GET /api/v1/reservas,6.096951,200,success,
1789927961.756705,GET,GET /api/v1/reservas,5.530102,200,success,
1789927961.797219,GET,GET /api/v1/reservas,5.225139,200,success,
1789927961.873113,GET,GET /api/v1/reservas,5.515590,200,success,
1789927961.907581,GET,GET /api/v1/reservas,7.111679,200,success,
1789927961.969731,GET,GET /api/v1/reservas,5.784827,200,success,
1789927961.972004,GET,GET /api/v1/reservas/{id},3.317499,200,success,
1789927962.077083,GET,GET /api/v1/reservas/{id},4.803841,200,success,
1789927962.095577,GET,GET /api/v1/reservas/{id},3.289746,200,success,
1789927962.122880,GET,GET /api/v1/reservas,5.040018,200,success,
1789927962.124639,GET,GET /api/v1/reservas,4.205714,200,success,
1789927962.157644,GET,GET /api/v1/reservas,4.755116,200,success,
1789927962.187515,GET,GET /api/v1/reservas/{id},3.692266,200,success,
1789927962.321249,GET,GET /api/v1/reservas,7.309929,200,success,
1789927962.345623,GET,GET /api/v1/reservas,8.043350,200,success,
1789927962.378693,GET,GET /api/v1/reservas,5.728051,200,success,
1789927962.383779,GET,GET /api/v1/reservas,7.139482,200,success,
1789927962.496188,GET,GET /api/v1/reservas/{id},4.916471,200,success,
1789927962.580541,GET,GET /api/v1/reservas,6.021366,200,success,
1789927962.622255,GET,GET /api/v1/reservas,6.436035,200,success,
1789927962.626586,GET,GET /api/v1/reservas,5.160861,200,success,
1789927962.710294,GET,GET /api/v1/reservas/{id},8.437148,200,success,
1789927962.710630,GET,GET /api/v1/reservas,6.794528,200,success,
1789927962.750238,GET,GET /api/v1/reservas,5.309126,200,success,
1789927962.792176,GET,GET /api/v1/reservas,5.611285,200,success,
1789927962.807227,GET,GET /api/v1/reservas,7.741082,200,success,
1789927962.819386,GET,GET /api/v1/reservas,4.908740,200,success,
1789927962.862936,GET,GET /api/v1/reservas,6.223522,200,success,
1789927962.863324,GET,GET /api/v1/reservas,4.971464,200,success,
1789927962.866092,GET,GET /api/v1/reservas/{id},3.990638,200,success,
1789927962.915617,GET,GET /api/v1/reservas/{id},4.310033,200,success,
1789927962.998811,GET,GET /api/v1/reservas,5.786510,200,success,
1789927963.009146,GET,GET /api/v1/reservas,4.060154,200,success,
1789927963.017435,GET,GET /api/v1/reservas,4.004729,200,success,
1789927963.022501,GET,GET /api/v1/reservas,3.855093,200,success,
1789927963.083446,GET,GET /api/v1/reservas,5.660339,200,success,
1789927963.113281,GET,GET /api/v1/reservas,4.591128,200,success,
1789927963.169451,GET,GET /api/v1/reservas/{id},3.963277,200,success,
1789927963.393878,GET,GET /api/v1/reservas/{id},5.151358,200,success,
1789927963.397085,GET,GET /api/v1/reservas,4.466960,200,success,
1789927963.402930,GET,GET /api/v1/reservas,4.607443,200,success,
1789927963.439005,GET,GET /api/v1/reservas,4.767546,200,success,
1789927963.461278,GET,GET /api/v1/reservas,5.040479,200,success,
1789927963.470621,GET,GET /api/v1/reservas/{id},3.186180,200,success,
1789927963.591224,GET,GET /api/v1/reservas,6.550319,200,success,
1789927963.681240,GET,GET /api/v1/reservas/{id},5.716505,200,success,
1789927963.698561,GET,GET /api/v1/reservas,5.997692,200,success,
1789927963.873262,GET,GET /api/v1/reservas/{id},21.190296,200,success,
1789927963.895124,GET,GET /api/v1/reservas,23.244722,200,success,
1789927963.895615,GET,GET /api/v1/reservas,17.602109,200,success,
1789927963.912721,GET,GET /api/v1/reservas,5.720340,200,success,
1789927963.913171,GET,GET /api/v1/reservas,8.318598,200,success,
1789927963.920198,GET,GET /api/v1/reservas,4.781327,200,success,
1789927963.935953,GET,GET /api/v1/reservas,6.483447,200,success,
1789927963.943630,GET,GET /api/v1/reservas,4.393550,200,success,
1789927964.008602,GET,GET /api/v1/reservas/{id},4.689046,200,success,
1789927964.032830,GET,GET /api/v1/reservas/{id},4.015285,200,success,
1789927964.033799,GET,GET /api/v1/reservas,4.550898,200,success,
1789927964.055753,GET,GET /api/v1/reservas,4.687965,200,success,
1789927964.082374,GET,GET /api/v1/reservas,4.379176,200,success,
1789927964.103973,GET,GET /api/v1/reservas,5.330589,200,success,
1789927964.203193,GET,GET /api/v1/reservas,6.801509,200,success,
1789927964.215070,GET,GET /api/v1/reservas,8.550108,200,success,
1789927964.216424,GET,GET /api/v1/reservas,8.301803,200,success,
1789927964.217272,GET,GET /api/v1/reservas,6.532813,200,success,
1789927964.347715,GET,GET /api/v1/reservas,13.095508,200,success,
1789927964.417365,GET,GET /api/v1/reservas,6.286598,200,success,
1789927964.440369,GET,GET /api/v1/reservas,4.748737,200,success,
1789927964.476679,GET,GET /api/v1/reservas,4.647764,200,success,
1789927964.517738,GET,GET /api/v1/reservas,5.135544,200,success,
1789927964.572323,GET,GET /api/v1/reservas,5.314165,200,success,
1789927964.699481,GET,GET /api/v1/reservas,5.773921,200,success,
1789927964.754047,GET,GET /api/v1/reservas,5.260483,200,success,
1789927964.759196,GET,GET /api/v1/reservas,3.925050,200,success,
1789927964.801403,GET,GET /api/v1/reservas,4.964234,200,success,
1789927964.834746,GET,GET /api/v1/reservas,5.072748,200,success,
1789927964.860669,GET,GET /api/v1/reservas/{id},3.745907,200,success,
1789927964.875295,GET,GET /api/v1/reservas,4.384315,200,success,
1789927964.965826,GET,GET /api/v1/reservas,8.580726,200,success,
1789927965.029049,GET,GET /api/v1/reservas,5.859450,200,success,
1789927965.045693,GET,GET /api/v1/reservas/{id},3.450690,200,success,
1789927965.079103,GET,GET /api/v1/reservas,5.094381,200,success,
1789927965.090614,GET,GET /api/v1/reservas,4.280088,200,success,
1789927965.149192,GET,GET /api/v1/reservas,5.274415,200,success,
1789927965.193717,GET,GET /api/v1/reservas,5.219060,200,success,
1789927965.205162,GET,GET /api/v1/reservas,4.215079,200,success,
1789927965.264382,GET,GET /api/v1/reservas,6.882701,200,success,
1789927965.298683,GET,GET /api/v1/reservas,5.038987,200,success,
1789927965.305122,GET,GET /api/v1/reservas,4.168077,200,success,
1789927965.327915,GET,GET /api/v1/reservas/{id},3.621007,200,success,
1789927965.340572,GET,GET /api/v1/reservas,5.409379,200,success,
1789927965.424646,GET,GET /api/v1/reservas,6.732685,200,success,
1789927965.467255,GET,GET /api/v1/reservas,4.998315,200,success,
1789927965.494876,GET,GET /api/v1/reservas,4.731863,200,success,
1789927965.568116,GET,GET /api/v1/reservas,5.871270,200,success,
1789927965.606843,GET,GET /api/v1/reservas,5.422940,200,success,
1789927965.646091,GET,GET /api/v1/reservas,5.903097,200,success,
1789927965.752348,GET,GET /api/v1/reservas/{id},4.951735,200,success,
1789927965.772458,GET,GET /api/v1/reservas,4.831443,200,success,
1789927965.838687,GET,GET /api/v1/reservas,5.895275,200,success,
1789927965.875922,GET,GET /api/v1/reservas,4.969653,200,success,
1789927965.926060,GET,GET /api/v1/reservas,5.804276,200,success,
1789927966.004593,GET,GET /api/v1/reservas,6.197444,200,success,
1789927966.008444,GET,GET /api/v1/reservas,4.614864,200,success,
1789927966.056752,GET,GET /api/v1/reservas,6.003880,200,success,
1789927966.104900,GET,GET /api/v1/reservas/{id},3.941535,200,success,
1789927966.125798,GET,GET /api/v1/reservas/{id},3.721952,200,success,
1789927966.146342,GET,GET /api/v1/reservas,6.278065,200,success,
1789927966.275911,GET,GET /api/v1/reservas/{id},12.367986,200,success,
1789927966.283563,GET,GET /api/v1/reservas/{id},3.457041,200,success,
1789927966.287361,GET,GET /api/v1/reservas,60.641252,200,success,
1789927966.292380,GET,GET /api/v1/reservas/{id},3.870026,200,success,
1789927966.360032,GET,GET /api/v1/reservas/{id},4.400850,200,success,
1789927966.391808,GET,GET /api/v1/reservas,8.509738,200,success,
1789927966.394674,GET,GET /api/v1/reservas,7.765429,200,success,
1789927966.451809,GET,GET /api/v1/reservas/{id},5.531093,200,success,
1789927966.452099,GET,GET /api/v1/reservas/{id},6.252487,200,success,
1789927966.473316,GET,GET /api/v1/reservas,9.862778,200,success,
1789927966.474046,GET,GET /api/v1/reservas,13.243303,200,success,
1789927966.521017,GET,GET /api/v1/reservas,14.026839,200,success,
1789927966.528447,GET,GET /api/v1/reservas,8.657922,200,success,
1789927966.547308,GET,GET /api/v1/reservas,14.601992,200,success,
1789927966.555087,GET,GET /api/v1/reservas,9.728234,200,success,
1789927966.556631,GET,GET /api/v1/reservas,13.362704,200,success,
1789927966.736387,GET,GET /api/v1/reservas,12.307975,200,success,
1789927966.786334,GET,GET /api/v1/reservas,5.609372,200,success,
1789927966.828749,GET,GET /api/v1/reservas,7.105039,200,success,
1789927966.922635,GET,GET /api/v1/reservas,8.520945,200,success,
1789927966.975171,GET,GET /api/v1/reservas,17.253501,200,success,
1789927967.013332,GET,GET /api/v1/reservas,10.878528,200,success,
1789927967.094226,GET,GET /api/v1/reservas,11.551368,200,success,
1789927967.144973,GET,GET /api/v1/reservas,16.427759,200,success,
1789927967.152519,GET,GET /api/v1/reservas,8.380112,200,success,
1789927967.214756,GET,GET /api/v1/reservas,7.682954,200,success,
1789927967.273173,GET,GET /api/v1/reservas,13.119214,200,success,
1789927967.279199,GET,GET /api/v1/reservas/{id},3.852840,200,success,
1789927967.432134,GET,GET /api/v1/reservas/{id},6.704131,200,success,
1789927967.449541,GET,GET /api/v1/reservas,8.153488,200,success,
1789927967.592725,GET,GET /api/v1/reservas,9.012540,200,success,
1789927967.643220,GET,GET /api/v1/reservas,12.173271,200,success,
1789927967.649365,GET,GET /api/v1/reservas,7.183698,200,success,
1789927967.726784,GET,GET /api/v1/reservas/{id},4.165824,200,success,
1789927967.761961,GET,GET /api/v1/reservas,5.862906,200,success,
1789927967.765765,GET,GET /api/v1/reservas,4.985196,200,success,
1789927967.776653,GET,GET /api/v1/reservas/{id},4.698562,200,success,
1789927967.793686,GET,GET /api/v1/reservas/{id},3.837076,200,success,
1789927967.805059,GET,GET /api/v1/reservas,5.055964,200,success,
1789927967.817513,GET,GET /api/v1/reservas/{id},4.274368,200,success,
1789927967.830627,GET,GET /api/v1/reservas/{id},3.939010,200,success,
1789927967.845656,GET,GET /api/v1/reservas,18.530435,200,success,
1789927967.939843,GET,GET /api/v1/reservas,16.850259,200,success,
1789927967.992652,GET,GET /api/v1/reservas,8.517690,200,success,
1789927968.028131,GET,GET /api/v1/reservas,15.229112,200,success,
1789927968.030552,GET,GET /api/v1/reservas,10.988765,200,success,
1789927968.036021,GET,GET /api/v1/reservas,6.643499,200,success,
1789927968.099536,GET,GET /api/v1/reservas,8.210293,200,success,
1789927968.172463,GET,GET /api/v1/reservas,9.580510,200,success,
1789927968.181886,GET,GET /api/v1/reservas,5.151007,200,success,
1789927968.187757,GET,GET /api/v1/reservas/{id},3.689782,200,success,
1789927968.197159,GET,GET /api/v1/reservas/{id},3.227722,200,success,
1789927968.239621,GET,GET /api/v1/reservas/{id},5.279601,200,success,
1789927968.249857,GET,GET /api/v1/reservas/{id},4.065672,200,success,
1789927968.253853,GET,GET /api/v1/reservas,7.610175,200,success,
1789927968.260699,GET,GET /api/v1/reservas,4.621785,200,success,
1789927968.299514,GET,GET /api/v1/reservas,5.555851,200,success,
1789927968.330071,GET,GET /api/v1/reservas,12.340634,200,success,
1789927968.433544,GET,GET /api/v1/reservas/{id},6.175680,200,success,
1789927968.460152,GET,GET /api/v1/reservas,18.240096,200,success,
1789927968.474673,GET,GET /api/v1/reservas,12.729263,200,success,
1789927968.482053,GET,GET /api/v1/reservas,11.417886,200,success,
1789927968.513355,GET,GET /api/v1/reservas,42.303327,200,success,
1789927968.522297,GET,GET /api/v1/reservas,9.882528,200,success,
1789927968.622708,GET,GET /api/v1/reservas,6.194960,200,success,
1789927968.623054,GET,GET /api/v1/reservas,8.413653,200,success,
1789927968.809897,GET,GET /api/v1/reservas/{id},6.548856,200,success,
1789927968.928148,GET,GET /api/v1/reservas/{id},4.929232,200,success,
1789927968.955384,GET,GET /api/v1/reservas/{id},4.056077,200,success,
1789927969.146036,GET,GET /api/v1/reservas,6.166236,200,success,
1789927969.166912,GET,GET /api/v1/reservas,5.558104,200,success,
1789927969.194812,GET,GET /api/v1/reservas,5.611585,200,success,
1789927969.299120,GET,GET /api/v1/reservas/{id},5.952241,200,success,
1789927969.313938,GET,GET /api/v1/reservas,7.434058,200,success,
1789927969.360351,GET,GET /api/v1/reservas/{id},9.107464,200,success,
1789927969.379331,GET,GET /api/v1/reservas/{id},5.695824,200,success,
1789927969.424028,GET,GET /api/v1/reservas,9.241347,200,success,
1789927969.494227,GET,GET /api/v1/reservas,6.769080,200,success,
1789927969.498974,GET,GET /api/v1/reservas,5.667880,200,success,
1789927969.525766,GET,GET /api/v1/reservas,4.848308,200,success,
1789927969.532779,GET,GET /api/v1/reservas,4.807137,200,success,
1789927969.537094,GET,GET /api/v1/reservas,5.239882,200,success,
1789927969.538522,GET,GET /api/v1/reservas,4.332546,200,success,
1789927969.541233,GET,GET /api/v1/reservas,3.994214,200,success,
1789927969.617102,GET,GET /api/v1/reservas,5.537463,200,success,
1789927969.712104,GET,GET /api/v1/reservas,5.641932,200,success,
1789927969.787734,GET,GET /api/v1/reservas/{id},4.437367,200,success,
1789927969.805921,GET,GET /api/v1/reservas,7.877009,200,success,
1789927969.829481,GET,GET /api/v1/reservas/{id},4.369624,200,success,
1789927969.832146,GET,GET /api/v1/reservas,5.196206,200,success,
1789927969.909912,GET,GET /api/v1/reservas/{id},4.536016,200,success,
1789927969.958462,GET,GET /api/v1/reservas,6.214309,200,success,
1789927969.959002,GET,GET /api/v1/reservas,6.426180,200,success,
1789927969.959348,GET,GET /api/v1/reservas,6.552011,200,success,
1789927970.007917,GET,GET /api/v1/reservas,5.313254,200,success,
1789927970.033936,GET,GET /api/v1/reservas,4.730079,200,success,
1789927970.064868,GET,GET /api/v1/reservas,4.721176,200,success,
1789927970.087792,GET,GET /api/v1/reservas,4.665000,200,success,
1789927970.096706,GET,GET /api/v1/reservas/{id},3.756074,200,success,
1789927970.186607,GET,GET /api/v1/reservas,6.550108,200,success,
1789927970.206053,GET,GET /api/v1/reservas,5.169375,200,success,
1789927970.223766,GET,GET /api/v1/reservas,4.430926,200,success,
1789927970.411818,GET,GET /api/v1/reservas,4.727145,200,success,
1789927970.412203,GET,GET /api/v1/reservas,7.039980,200,success,
1789927970.454138,GET,GET /api/v1/reservas,5.672067,200,success,
1789927970.527185,GET,GET /api/v1/reservas,5.684796,200,success,
1789927970.552817,GET,GET /api/v1/reservas/{id},3.464440,200,success,
1789927970.562070,GET,GET /api/v1/reservas,4.008926,200,success,
1789927970.593048,GET,GET /api/v1/reservas,4.692943,200,success,
1789927970.596063,GET,GET /api/v1/reservas,4.126454,200,success,
1789927970.602653,GET,GET /api/v1/reservas,4.355291,200,success,
1789927970.708631,GET,GET /api/v1/reservas/{id},4.713794,200,success,
1789927970.778635,GET,GET /api/v1/reservas/{id},4.757320,200,success,
1789927970.829302,GET,GET /api/v1/reservas,5.277007,200,success,
1789927970.891137,GET,GET /api/v1/reservas,5.363018,200,success,
1789927970.891530,GET,GET /api/v1/reservas,6.968562,200,success,
1789927970.980818,GET,GET /api/v1/reservas,6.944065,200,success,
1789927971.014018,GET,GET /api/v1/reservas/{id},4.959286,200,success,
1789927971.057856,GET,GET /api/v1/reservas,6.484358,200,success,
1789927971.133724,GET,GET /api/v1/reservas,7.517323,200,success,
1789927971.169830,GET,GET /api/v1/reservas,8.730593,200,success,
1789927971.195731,GET,GET /api/v1/reservas,6.573483,200,success,
1789927971.227432,GET,GET /api/v1/reservas/{id},5.471863,200,success,
1789927971.299083,GET,GET /api/v1/reservas/{id},5.401166,200,success,
1789927971.380245,GET,GET /api/v1/reservas,13.758783,200,success,
1789927971.434173,GET,GET /api/v1/reservas,10.530862,200,success,
1789927971.479693,GET,GET /api/v1/reservas/{id},5.870468,200,success,
1789927971.490200,GET,GET /api/v1/reservas,7.197148,200,success,
1789927971.519431,GET,GET /api/v1/reservas,6.865735,200,success,
1789927971.548677,GET,GET /api/v1/reservas,7.903298,200,success,
1789927971.549170,GET,GET /api/v1/reservas,5.561950,200,success,
1789927971.710162,GET,GET /api/v1/reservas,7.544054,200,success,
1789927971.711997,GET,GET /api/v1/reservas,5.082434,200,success,
1789927971.869595,GET,GET /api/v1/reservas,6.152164,200,success,
1789927971.889260,GET,GET /api/v1/reservas,5.330980,200,success,
1789927971.892066,GET,GET /api/v1/reservas,4.530265,200,success,
1789927971.894170,GET,GET /api/v1/reservas,4.750541,200,success,
1789927971.911927,GET,GET /api/v1/reservas,4.520221,200,success,
1789927971.939763,GET,GET /api/v1/reservas,4.595776,200,success,
1789927971.956273,GET,GET /api/v1/reservas/{id},3.347774,200,success,
1789927972.090865,GET,GET /api/v1/reservas,6.200108,200,success,
1789927972.092922,GET,GET /api/v1/reservas/{id},3.517842,200,success,
1789927972.127725,GET,GET /api/v1/reservas,4.546670,200,success,
1789927972.141142,GET,GET /api/v1/reservas/{id},3.252570,200,success,
1789927972.166820,GET,GET /api/v1/reservas,4.445327,200,success,
1789927972.175197,GET,GET /api/v1/reservas,4.133956,200,success,
1789927972.218397,GET,GET /api/v1/reservas/{id},4.027414,200,success,
1789927972.261286,GET,GET /api/v1/reservas,5.613228,200,success,
1789927972.409050,GET,GET /api/v1/reservas,6.354760,200,success,
1789927972.495233,GET,GET /api/v1/reservas/{id},4.519521,200,success,
1789927972.500680,GET,GET /api/v1/reservas,4.202109,200,success,
1789927972.539601,GET,GET /api/v1/reservas,4.976552,200,success,
1789927972.585897,GET,GET /api/v1/reservas,5.029363,200,success,
1789927972.630878,GET,GET /api/v1/reservas,4.717310,200,success,
1789927972.638137,GET,GET /api/v1/reservas/{id},3.087741,200,success,
1789927972.742980,GET,GET /api/v1/reservas,6.465018,200,success,
1789927972.756050,GET,GET /api/v1/reservas/{id},4.816630,200,success,
1789927972.773029,GET,GET /api/v1/reservas/{id},3.769703,200,success,
1789927972.798546,GET,GET /api/v1/reservas,6.179416,200,success,
1789927972.828932,GET,GET /api/v1/reservas,5.029984,200,success,
1789927972.847563,GET,GET /api/v1/reservas/{id},4.412047,200,success,
1789927972.870070,GET,GET /api/v1/reservas,5.211560,200,success,
1789927972.870492,GET,GET /api/v1/reservas,5.298880,200,success,
1789927972.897464,GET,GET /api/v1/reservas,4.718682,200,success,
1789927972.906520,GET,GET /api/v1/reservas,4.801358,200,success,
1789927972.981773,GET,GET /api/v1/reservas/{id},4.985076,200,success,
1789927973.036809,GET,GET /api/v1/reservas,5.726128,200,success,
1789927973.049566,GET,GET /api/v1/reservas,4.483505,200,success,
1789927973.105441,GET,GET /api/v1/reservas,5.577423,200,success,
1789927973.114778,GET,GET /api/v1/reservas,4.068326,200,success,
1789927973.141717,GET,GET /api/v1/reservas,4.692372,200,success,
1789927973.153128,GET,GET /api/v1/reservas/{id},3.255413,200,success,
1789927973.184884,GET,GET /api/v1/reservas,4.501343,200,success,
1789927973.203214,GET,GET /api/v1/reservas,5.044455,200,success,
1789927973.204052,GET,GET /api/v1/reservas/{id},3.297838,200,success,
1789927973.225600,GET,GET /api/v1/reservas,6.221350,200,success,
1789927973.264422,GET,GET /api/v1/reservas,5.512305,200,success,
1789927973.310772,GET,GET /api/v1/reservas,5.071517,200,success,
1789927973.317136,GET,GET /api/v1/reservas,4.114887,200,success,
1789927973.392776,GET,GET /api/v1/reservas,5.338471,200,success,
1789927973.407618,GET,GET /api/v1/reservas/{id},3.659858,200,success,
1789927973.411374,GET,GET /api/v1/reservas,4.757420,200,success,
1789927973.437192,GET,GET /api/v1/reservas,4.598129,200,success,
1789927973.510817,GET,GET /api/v1/reservas,9.228476,200,success,
1789927973.522968,GET,GET /api/v1/reservas,15.485120,200,success,
1789927973.533653,GET,GET /api/v1/reservas,12.555489,200,success,
1789927973.545880,GET,GET /api/v1/reservas/{id},4.055797,200,success,
1789927973.590195,GET,GET /api/v1/reservas/{id},4.595865,200,success,
1789927973.590491,GET,GET /api/v1/reservas/{id},5.376459,200,success,
1789927973.740683,GET,GET /api/v1/reservas,5.818649,200,success,
1789927973.795339,GET,GET /api/v1/reservas,5.338622,200,success,
1789927973.812101,GET,GET /api/v1/reservas,4.475744,200,success,
1789927973.884545,GET,GET /api/v1/reservas/{id},5.171488,200,success,
1789927973.930679,GET,GET /api/v1/reservas,5.836636,200,success,
1789927974.000675,GET,GET /api/v1/reservas,7.700001,200,success,
1789927974.001103,GET,GET /api/v1/reservas,7.494609,200,success,
1789927974.059943,GET,GET /api/v1/reservas/{id},10.618433,200,success,
1789927974.062053,GET,GET /api/v1/reservas,8.405901,200,success,
1789927974.098897,GET,GET /api/v1/reservas,9.518057,200,success,
1789927974.140376,GET,GET /api/v1/reservas/{id},7.232903,200,success,
1789927974.284574,GET,GET /api/v1/reservas/{id},4.847337,200,success,
1789927974.305618,GET,GET /api/v1/reservas,4.737861,200,success,
1789927974.326267,GET,GET /api/v1/reservas/{id},3.472522,200,success,
1789927974.432260,GET,GET /api/v1/reservas,6.542736,200,success,
1789927974.479659,GET,GET /api/v1/reservas/{id},5.434597,200,success,
1789927974.561870,GET,GET /api/v1/reservas,7.964691,200,success,
1789927974.569113,GET,GET /api/v1/reservas,5.905942,200,success,
1789927974.631031,GET,GET /api/v1/reservas/{id},5.640558,200,success,
1789927974.662252,GET,GET /api/v1/reservas,7.835566,200,success,
1789927974.735300,GET,GET /api/v1/reservas/{id},4.774176,200,success,
1789927974.801352,GET,GET /api/v1/reservas,5.699839,200,success,
1789927974.819071,GET,GET /api/v1/reservas,4.425768,200,success,
1789927974.824789,GET,GET /api/v1/reservas,4.504458,200,success,
1789927974.846422,GET,GET /api/v1/reservas,5.365553,200,success,
1789927974.878289,GET,GET /api/v1/reservas/{id},3.686748,200,success,
1789927974.945054,GET,GET /api/v1/reservas,5.438944,200,success,
1789927975.003082,GET,GET /api/v1/reservas/{id},5.788903,200,success,
1789927975.068168,GET,GET /api/v1/reservas,5.699469,200,success,
1789927975.068536,GET,GET /api/v1/reservas,5.449159,200,success,
1789927975.085196,GET,GET /api/v1/reservas,4.423514,200,success,
1789927975.124188,GET,GET /api/v1/reservas/{id},3.797426,200,success,
1789927975.140176,GET,GET /api/v1/reservas,4.748067,200,success,
1789927975.140529,GET,GET /api/v1/reservas,4.816670,200,success,
1789927975.153867,GET,GET /api/v1/reservas,4.133495,200,success,
1789927975.156507,GET,GET /api/v1/reservas/{id},3.298279,200,success,
1789927975.239468,GET,GET /api/v1/reservas,6.565581,200,success,
1789927975.251374,GET,GET /api/v1/reservas,4.644950,200,success,
1789927975.289607,GET,GET /api/v1/reservas,4.978746,200,success,
1789927975.326897,GET,GET /api/v1/reservas,5.032548,200,success,
1789927975.391721,GET,GET /api/v1/reservas,5.506927,200,success,
1789927975.447842,GET,GET /api/v1/reservas,5.820171,200,success,
1789927975.509792,GET,GET /api/v1/reservas,5.315306,200,success,
1789927975.515029,GET,GET /api/v1/reservas,3.975956,200,success,
1789927975.641053,GET,GET /api/v1/reservas,5.907073,200,success,
1789927975.646904,GET,GET /api/v1/reservas,4.354429,200,success,
1789927975.647265,GET,GET /api/v1/reservas,5.001771,200,success,
1789927975.720073,GET,GET /api/v1/reservas,5.466516,200,success,
1789927975.738778,GET,GET /api/v1/reservas/{id},3.525834,200,success,
1789927975.756713,GET,GET /api/v1/reservas,4.683889,200,success,
1789927975.766205,GET,GET /api/v1/reservas,4.252305,200,success,
1789927975.792108,GET,GET /api/v1/reservas,4.617639,200,success,
1789927975.820522,GET,GET /api/v1/reservas,5.153060,200,success,
1789927975.922052,GET,GET /api/v1/reservas,6.105354,200,success,
1789927975.986696,GET,GET /api/v1/reservas,5.339544,200,success,
1789927976.039010,GET,GET /api/v1/reservas,6.025392,200,success,
1789927976.041885,GET,GET /api/v1/reservas/{id},4.176490,200,success,
1789927976.142006,GET,GET /api/v1/reservas/{id},4.830962,200,success,
1789927976.156330,GET,GET /api/v1/reservas/{id},3.129273,200,success,
1789927976.365434,GET,GET /api/v1/reservas/{id},4.705452,200,success,
1789927976.461424,GET,GET /api/v1/reservas,6.650320,200,success,
1789927976.462762,GET,GET /api/v1/reservas,4.190711,200,success,
1789927976.481618,GET,GET /api/v1/reservas,4.252926,200,success,
1789927976.498018,GET,GET /api/v1/reservas/{id},3.259019,200,success,
1789927976.547772,GET,GET /api/v1/reservas/{id},3.904438,200,success,
1789927976.564281,GET,GET /api/v1/reservas,5.243828,200,success,
1789927976.565254,GET,GET /api/v1/reservas,4.667125,200,success,
1789927976.589000,GET,GET /api/v1/reservas,4.486850,200,success,
1789927976.648178,GET,GET /api/v1/reservas,5.867113,200,success,
1789927976.715811,GET,GET /api/v1/reservas,5.330359,200,success,
1789927976.751044,GET,GET /api/v1/reservas,4.871604,200,success,
1789927976.779289,GET,GET /api/v1/reservas,6.005993,200,success,
1789927976.916763,GET,GET /api/v1/reservas/{id},5.186511,200,success,
1789927976.936851,GET,GET /api/v1/reservas,4.818683,200,success,
1789927976.950201,GET,GET /api/v1/reservas,4.114907,200,success,
1789927977.033116,GET,GET /api/v1/reservas/{id},4.670259,200,success,
1789927977.040603,GET,GET /api/v1/reservas,4.206677,200,success,
1789927977.082225,GET,GET /api/v1/reservas,5.322548,200,success,
1789927977.083635,GET,GET /api/v1/reservas,5.062604,200,success,
1789927977.110324,GET,GET /api/v1/reservas,4.445589,200,success,
1789927977.130035,GET,GET /api/v1/reservas/{id},4.929091,200,success,
1789927977.143493,GET,GET /api/v1/reservas,5.168944,200,success,
1789927977.169729,GET,GET /api/v1/reservas,4.941039,200,success,
1789927977.230911,GET,GET /api/v1/reservas,5.865871,200,success,
1789927977.233583,GET,GET /api/v1/reservas,4.806114,200,success,
1789927977.239343,GET,GET /api/v1/reservas,4.547492,200,success,
1789927977.289349,GET,GET /api/v1/reservas,6.663540,200,success,
1789927977.299862,GET,GET /api/v1/reservas,5.180693,200,success,
1789927977.358349,GET,GET /api/v1/reservas,6.169311,200,success,
1789927977.358807,GET,GET /api/v1/reservas,6.242471,200,success,
1789927977.510942,GET,GET /api/v1/reservas/{id},4.802909,200,success,
1789927977.539632,GET,GET /api/v1/reservas,4.778683,200,success,
1789927977.563297,GET,GET /api/v1/reservas,4.426109,200,success,
1789927977.655512,GET,GET /api/v1/reservas/{id},4.140756,200,success,
1789927977.655756,GET,GET /api/v1/reservas,7.103257,200,success,
1789927977.657975,GET,GET /api/v1/reservas,4.960969,200,success,
1789927977.713541,GET,GET /api/v1/reservas,5.243477,200,success,
1789927977.776351,GET,GET /api/v1/reservas,6.525921,200,success,
1789927977.776681,GET,GET /api/v1/reservas,6.467903,200,success,
1789927977.798396,GET,GET /api/v1/reservas/{id},3.546956,200,success,
1789927977.823761,GET,GET /api/v1/reservas,7.034582,200,success,
1789927977.842107,GET,GET /api/v1/reservas,5.035803,200,success,
1789927977.914489,GET,GET /api/v1/reservas/{id},5.134793,200,success,
1789927978.048513,GET,GET /api/v1/reservas,6.608275,200,success,
1789927978.070277,GET,GET /api/v1/reservas,4.502154,200,success,
1789927978.135507,GET,GET /api/v1/reservas/{id},5.009172,200,success,
1789927978.146580,GET,GET /api/v1/reservas,4.799464,200,success,
1789927978.157099,GET,GET /api/v1/reservas,4.274919,200,success,
1789927978.193923,GET,GET /api/v1/reservas/{id},3.631985,200,success,
1789927978.331367,GET,GET /api/v1/reservas,6.033455,200,success,
1789927978.432659,GET,GET /api/v1/reservas,5.928495,200,success,
1789927978.441132,GET,GET /api/v1/reservas,4.253728,200,success,
1789927978.448508,GET,GET /api/v1/reservas,4.131813,200,success,
1789927978.468313,GET,GET /api/v1/reservas,4.556506,200,success,
1789927978.501341,GET,GET /api/v1/reservas,4.769738,200,success,
1789927978.563509,GET,GET /api/v1/reservas/{id},4.270454,200,success,
1789927978.579028,GET,GET /api/v1/reservas,4.247587,200,success,
1789927978.602871,GET,GET /api/v1/reservas,4.614194,200,success,
1789927978.612180,GET,GET /api/v1/reservas/{id},3.142483,200,success,
1789927978.711389,GET,GET /api/v1/reservas,7.876968,200,success,
1789927978.778816,GET,GET /api/v1/reservas,9.051178,200,success,
1789927978.941556,GET,GET /api/v1/reservas,10.254762,200,success,
1789927978.942014,GET,GET /api/v1/reservas,10.204917,200,success,
1789927978.949332,GET,GET /api/v1/reservas/{id},4.171683,200,success,
1789927978.983048,GET,GET /api/v1/reservas/{id},5.485223,200,success,
1789927978.984483,GET,GET /api/v1/reservas,4.977113,200,success,
1789927979.118433,GET,GET /api/v1/reservas/{id},4.629757,200,success,
1789927979.220997,GET,GET /api/v1/reservas,6.227139,200,success,
1789927979.232619,GET,GET /api/v1/reservas,7.305674,200,success,
1789927979.260819,GET,GET /api/v1/reservas,5.872201,200,success,
1789927979.261294,GET,GET /api/v1/reservas,4.660484,200,success,
1789927979.311391,GET,GET /api/v1/reservas,5.776285,200,success,
1789927979.368112,GET,GET /api/v1/reservas/{id},5.463802,200,success,
1789927979.416963,GET,GET /api/v1/reservas,5.538354,200,success,
1789927979.425426,GET,GET /api/v1/reservas,4.206285,200,success,
1789927979.441960,GET,GET /api/v1/reservas,5.250598,200,success,
1789927979.457704,GET,GET /api/v1/reservas,5.442369,200,success,
1789927979.492935,GET,GET /api/v1/reservas/{id},4.039223,200,success,
1789927979.529581,GET,GET /api/v1/reservas,7.388840,200,success,
1789927979.539539,GET,GET /api/v1/reservas,5.717326,200,success,
1789927979.583799,GET,GET /api/v1/reservas/{id},5.045167,200,success,
1789927979.717505,GET,GET /api/v1/reservas/{id},5.359253,200,success,
1789927979.901064,GET,GET /api/v1/reservas,6.036679,200,success,
1789927979.911652,GET,GET /api/v1/reservas,5.294294,200,success,
1789927979.911843,GET,GET /api/v1/reservas,5.203908,200,success,
1789927979.921632,GET,GET /api/v1/reservas/{id},3.646087,200,success,
1789927979.922646,GET,GET /api/v1/reservas,4.263853,200,success,
1789927979.928299,GET,GET /api/v1/reservas,4.160767,200,success,
1789927979.928630,GET,GET /api/v1/reservas,4.801617,200,success,
1789927979.974719,GET,GET /api/v1/reservas/{id},3.919090,200,success,
1789927979.981909,GET,GET /api/v1/reservas/{id},3.038285,200,success,
1789927980.001051,GET,GET /api/v1/reservas,4.865976,200,success,
1789927980.026004,GET,GET /api/v1/reservas/{id},4.693533,200,success,
1789927980.059025,GET,GET /api/v1/reservas/{id},4.769780,200,success,
1789927980.081666,GET,GET /api/v1/reservas,9.307697,200,success,
1789927980.090020,GET,GET /api/v1/reservas,6.008246,200,success,
1789927980.145108,GET,GET /api/v1/reservas/{id},4.828148,200,success,
1789927980.151586,GET,GET /api/v1/reservas,7.438976,200,success,
1789927980.211116,GET,GET /api/v1/reservas,6.188530,200,success,
1789927980.275979,GET,GET /api/v1/reservas/{id},4.621896,200,success,
1789927980.386451,GET,GET /api/v1/reservas/{id},5.217819,200,success,
1789927980.392202,GET,GET /api/v1/reservas,4.471346,200,success,
1789927980.440870,GET,GET /api/v1/reservas,5.372263,200,success,
1789927980.483768,GET,GET /api/v1/reservas,4.942581,200,success,
1789927980.543623,GET,GET /api/v1/reservas,5.852651,200,success,
1789927980.576218,GET,GET /api/v1/reservas,5.290609,200,success,
1789927980.611161,GET,GET /api/v1/reservas,5.643995,200,success,
1789927980.618764,GET,GET /api/v1/reservas/{id},3.435517,200,success,
1789927980.624686,GET,GET /api/v1/reservas/{id},3.765268,200,success,
1789927980.635691,GET,GET /api/v1/reservas,4.782248,200,success,
1789927980.661073,GET,GET /api/v1/reservas,5.125079,200,success,
1789927980.725528,GET,GET /api/v1/reservas,6.128759,200,success,
1789927980.736184,GET,GET /api/v1/reservas,4.385137,200,success,
1789927980.768042,GET,GET /api/v1/reservas,5.540658,200,success,
1789927980.770782,GET,GET /api/v1/reservas,4.656918,200,success,
1789927980.841934,GET,GET /api/v1/reservas/{id},4.900126,200,success,
1789927980.853264,GET,GET /api/v1/reservas,5.008531,200,success,
1789927980.908615,GET,GET /api/v1/reservas,5.822565,200,success,
1789927980.960975,GET,GET /api/v1/reservas,6.048797,200,success,
1789927980.991663,GET,GET /api/v1/reservas,5.381406,200,success,
1789927981.050556,GET,GET /api/v1/reservas/{id},4.651359,200,success,
1789927981.055793,GET,GET /api/v1/reservas,4.983274,200,success,
1789927981.059163,GET,GET /api/v1/reservas,4.872817,200,success,
1789927981.130043,GET,GET /api/v1/reservas,5.554969,200,success,
1789927981.195187,GET,GET /api/v1/reservas,5.825340,200,success,
1789927981.273599,GET,GET /api/v1/reservas/{id},5.156886,200,success,
1789927981.390251,GET,GET /api/v1/reservas,7.204669,200,success,
1789927981.425765,GET,GET /api/v1/reservas,8.083261,200,success,
1789927981.451509,GET,GET /api/v1/reservas,12.321957,200,success,
1789927981.451957,GET,GET /api/v1/reservas,12.364811,200,success,
1789927981.542256,GET,GET /api/v1/reservas/{id},7.056415,200,success,
1789927981.544610,GET,GET /api/v1/reservas,6.230303,200,success,
1789927981.587173,GET,GET /api/v1/reservas,6.181919,200,success,
1789927981.783443,GET,GET /api/v1/reservas,12.750395,200,success,
1789927981.813799,GET,GET /api/v1/reservas,9.038310,200,success,
1789927981.960118,GET,GET /api/v1/reservas/{id},4.978346,200,success,
1789927981.973966,GET,GET /api/v1/reservas,4.588264,200,success,
1789927982.013759,GET,GET /api/v1/reservas,5.501478,200,success,
1789927982.035588,GET,GET /api/v1/reservas/{id},3.640387,200,success,
1789927982.046217,GET,GET /api/v1/reservas,4.379077,200,success,
1789927982.078152,GET,GET /api/v1/reservas/{id},3.755822,200,success,
1789927982.172136,GET,GET /api/v1/reservas,5.649372,200,success,
1789927982.185524,GET,GET /api/v1/reservas,5.114882,200,success,
1789927982.216431,GET,GET /api/v1/reservas,5.593909,200,success,
1789927982.244064,GET,GET /api/v1/reservas,5.327395,200,success,
1789927982.303677,GET,GET /api/v1/reservas,5.303619,200,success,
1789927982.313233,GET,GET /api/v1/reservas,4.324124,200,success,
1789927982.318571,GET,GET /api/v1/reservas,4.115087,200,success,
1789927982.340665,GET,GET /api/v1/reservas,4.830351,200,success,
1789927982.416732,GET,GET /api/v1/reservas,5.729203,200,success,
1789927982.424245,GET,GET /api/v1/reservas/{id},3.329636,200,success,
1789927982.467753,GET,GET /api/v1/reservas,5.235946,200,success,
1789927982.529264,GET,GET /api/v1/reservas/{id},4.297823,200,success,
1789927982.546617,GET,GET /api/v1/reservas,4.500481,200,success,
1789927982.592168,GET,GET /api/v1/reservas/{id},4.342501,200,success,
1789927982.631523,GET,GET /api/v1/reservas,5.038156,200,success,
1789927982.733474,GET,GET /api/v1/reservas,5.579045,200,success,
1789927982.758791,GET,GET /api/v1/reservas/{id},4.114065,200,success,
1789927982.875492,GET,GET /api/v1/reservas,6.266207,200,success,
1789927982.882014,GET,GET /api/v1/reservas,4.273607,200,success,
1789927982.901730,GET,GET /api/v1/reservas,5.485564,200,success,
1789927982.967091,GET,GET /api/v1/reservas,6.023249,200,success,
1789927982.997693,GET,GET /api/v1/reservas,5.291049,200,success,
1789927983.018528,GET,GET /api/v1/reservas,4.876982,200,success,
1789927983.018763,GET,GET /api/v1/reservas,6.797253,200,success,
1789927983.021313,GET,GET /api/v1/reservas,5.082794,200,success,
1789927983.038907,GET,GET /api/v1/reservas,5.352293,200,success,
1789927983.053509,GET,GET /api/v1/reservas,4.350373,200,success,
1789927983.121183,GET,GET /api/v1/reservas,6.354982,200,success,
1789927983.141185,GET,GET /api/v1/reservas,5.687410,200,success,
1789927983.158040,GET,GET /api/v1/reservas,4.587933,200,success,
1789927983.215930,GET,GET /api/v1/reservas,5.581410,200,success,
1789927983.271516,GET,GET /api/v1/reservas,5.241465,200,success,
1789927983.357512,GET,GET /api/v1/reservas,5.649502,200,success,
1789927983.367905,GET,GET /api/v1/reservas,4.141406,200,success,
1789927983.441805,GET,GET /api/v1/reservas,5.590704,200,success,
1789927983.498976,GET,GET /api/v1/reservas/{id},3.966763,200,success,
1789927983.528254,GET,GET /api/v1/reservas/{id},11.201838,200,success,
1789927983.541393,GET,GET /api/v1/reservas,7.255938,200,success,
1789927983.575797,GET,GET /api/v1/reservas/{id},9.873094,200,success,
1789927983.609568,GET,GET /api/v1/reservas,5.395798,200,success,
1789927983.616951,GET,GET /api/v1/reservas/{id},3.210166,200,success,
1789927983.682628,GET,GET /api/v1/reservas,5.322677,200,success,
1789927983.840706,GET,GET /api/v1/reservas,6.611651,200,success,
1789927983.841083,GET,GET /api/v1/reservas/{id},4.311284,200,success,
1789927983.853122,GET,GET /api/v1/reservas,6.949483,200,success,
1789927983.925463,GET,GET /api/v1/reservas/{id},5.062734,200,success,
1789927984.090286,GET,GET /api/v1/reservas,6.340520,200,success,
1789927984.104663,GET,GET /api/v1/reservas,4.109249,200,success,
1789927984.136581,GET,GET /api/v1/reservas,4.659383,200,success,
1789927984.165386,GET,GET /api/v1/reservas/{id},3.631204,200,success,
1789927984.188104,GET,GET /api/v1/reservas/{id},3.537491,200,success,
1789927984.220181,GET,GET /api/v1/reservas,4.801287,200,success,
1789927984.247701,GET,GET /api/v1/reservas,4.895769,200,success,
1789927984.248193,GET,GET /api/v1/reservas,5.753349,200,success,
1789927984.253232,GET,GET /api/v1/reservas/{id},3.885389,200,success,
1789927984.338357,GET,GET /api/v1/reservas,8.730203,200,success,
1789927984.501734,GET,GET /api/v1/reservas/{id},6.482415,200,success,
1789927984.640057,GET,GET /api/v1/reservas,6.028057,200,success,
1789927984.718721,GET,GET /api/v1/reservas/{id},4.417004,200,success,
1789927984.741443,GET,GET /api/v1/reservas,6.431969,200,success,
1789927984.768966,GET,GET /api/v1/reservas,6.101638,200,success,
1789927984.780269,GET,GET /api/v1/reservas/{id},4.085291,200,success,
1789927984.800529,GET,GET /api/v1/reservas,5.955967,200,success,
1789927984.886127,GET,GET /api/v1/reservas,8.238186,200,success,
1789927984.891079,GET,GET /api/v1/reservas,6.148078,200,success,
1789927984.951387,GET,GET /api/v1/reservas,6.917375,200,success,
1789927984.965205,GET,GET /api/v1/reservas,9.171009,200,success,
1789927984.974455,GET,GET /api/v1/reservas,6.951096,200,success,
1789927984.976622,GET,GET /api/v1/reservas,6.573683,200,success,
1789927984.995671,GET,GET /api/v1/reservas,5.768132,200,success,
1789927985.013203,GET,GET /api/v1/reservas/{id},6.322533,200,success,
1789927985.046013,GET,GET /api/v1/reservas,7.284051,200,success,
1789927985.068187,GET,GET /api/v1/reservas/{id},3.961685,200,success,
1789927985.103230,GET,GET /api/v1/reservas,5.721262,200,success,
1789927985.152800,GET,GET /api/v1/reservas/{id},4.907499,200,success,
1789927985.153915,GET,GET /api/v1/reservas,6.327781,200,success,
1789927985.168655,GET,GET /api/v1/reservas,4.472167,200,success,
1789927985.183319,GET,GET /api/v1/reservas/{id},3.500476,200,success,
1789927985.195932,GET,GET /api/v1/reservas/{id},3.439612,200,success,
1789927985.287842,GET,GET /api/v1/reservas/{id},3.870527,200,success,
1789927985.288247,GET,GET /api/v1/reservas,6.972378,200,success,
1789927985.328173,GET,GET /api/v1/reservas/{id},3.735702,200,success,
1789927985.366344,GET,GET /api/v1/reservas,4.895920,200,success,
1789927985.406471,GET,GET /api/v1/reservas/{id},3.936545,200,success,
1789927985.414451,GET,GET /api/v1/reservas,4.744250,200,success,
1789927985.443012,GET,GET /api/v1/reservas,5.215775,200,success,
1789927985.459764,GET,GET /api/v1/reservas/{id},4.218233,200,success,
1789927985.491847,GET,GET /api/v1/reservas,4.865845,200,success,
1789927985.536197,GET,GET /api/v1/reservas,6.012914,200,success,
1789927985.781424,GET,GET /api/v1/reservas,6.706975,200,success,
1789927985.845325,GET,GET /api/v1/reservas,5.577394,200,success,
1789927985.861052,GET,GET /api/v1/reservas,4.471117,200,success,
1789927985.917911,GET,GET /api/v1/reservas,5.552336,200,success,
1789927985.920384,GET,GET /api/v1/reservas,4.361039,200,success,
1789927986.004580,GET,GET /api/v1/reservas,5.843737,200,success,
1789927986.038557,GET,GET /api/v1/reservas,4.695046,200,success,
1789927986.150925,GET,GET /api/v1/reservas,6.007665,200,success,
1789927986.164840,GET,GET /api/v1/reservas,4.634895,200,success,
1789927986.188824,GET,GET /api/v1/reservas,4.736238,200,success,
1789927986.272907,GET,GET /api/v1/reservas,5.710405,200,success,
1789927986.281662,GET,GET /api/v1/reservas,4.511127,200,success,
1789927986.293939,GET,GET /api/v1/reservas,4.056007,200,success,
1789927986.304569,GET,GET /api/v1/reservas,4.404486,200,success,
1789927986.334654,GET,GET /api/v1/reservas,6.776611,200,success,
1789927986.379838,GET,GET /api/v1/reservas/{id},4.929130,200,success,
1789927986.418152,GET,GET /api/v1/reservas,5.976248,200,success,
1789927986.418526,GET,GET /api/v1/reservas,4.713474,200,success,
1789927986.451878,GET,GET /api/v1/reservas,5.118438,200,success,
1789927986.483297,GET,GET /api/v1/reservas,4.719734,200,success,
1789927986.495906,GET,GET /api/v1/reservas/{id},3.436659,200,success,
1789927986.544880,GET,GET /api/v1/reservas,5.045187,200,success,
1789927986.548864,GET,GET /api/v1/reservas/{id},2.828908,200,success,
1789927986.566456,GET,GET /api/v1/reservas/{id},3.420534,200,success,
1789927986.569713,GET,GET /api/v1/reservas,3.974123,200,success,
1789927986.643691,GET,GET /api/v1/reservas,5.672657,200,success,
1789927986.697149,GET,GET /api/v1/reservas,5.123755,200,success,
1789927986.723557,GET,GET /api/v1/reservas,5.098127,200,success,
1789927986.737181,GET,GET /api/v1/reservas,5.354316,200,success,
1789927986.783327,GET,GET /api/v1/reservas,5.856606,200,success,
1789927986.882456,GET,GET /api/v1/reservas/{id},5.825289,200,success,
1789927986.900740,GET,GET /api/v1/reservas,4.964985,200,success,
1789927986.993793,GET,GET /api/v1/reservas,5.674071,200,success,
1789927987.150435,GET,GET /api/v1/reservas,6.189882,200,success,
1789927987.161295,GET,GET /api/v1/reservas,4.596688,200,success,
1789927987.168748,GET,GET /api/v1/reservas/{id},3.291599,200,success,
1789927987.176038,GET,GET /api/v1/reservas/{id},3.131236,200,success,
1789927987.184306,GET,GET /api/v1/reservas,4.042767,200,success,
1789927987.233432,GET,GET /api/v1/reservas/{id},3.921635,200,success,
1789927987.346738,GET,GET /api/v1/reservas,6.920650,200,success,
1789927987.351651,GET,GET /api/v1/reservas,5.863287,200,success,
1789927987.481386,GET,GET /api/v1/reservas,7.314546,200,success,
1789927987.484133,GET,GET /api/v1/reservas,7.201877,200,success,
1789927987.539550,GET,GET /api/v1/reservas,6.101548,200,success,
1789927987.547347,GET,GET /api/v1/reservas/{id},3.635130,200,success,
1789927987.679814,GET,GET /api/v1/reservas,6.182401,200,success,
1789927987.690407,GET,GET /api/v1/reservas,4.357534,200,success,
1789927987.697908,GET,GET /api/v1/reservas,4.278264,200,success,
1789927987.721342,GET,GET /api/v1/reservas,5.208484,200,success,
1789927987.818880,GET,GET /api/v1/reservas,7.152090,200,success,
1789927987.838713,GET,GET /api/v1/reservas,6.507343,200,success,
1789927987.839803,GET,GET /api/v1/reservas,5.869677,200,success,
1789927987.863073,GET,GET /api/v1/reservas,7.938913,200,success,
1789927987.891034,GET,GET /api/v1/reservas/{id},4.689929,200,success,
1789927987.919696,GET,GET /api/v1/reservas,5.338922,200,success,
1789927987.946582,GET,GET /api/v1/reservas,6.552661,200,success,
1789927987.947765,GET,GET /api/v1/reservas,5.067651,200,success,
1789927987.961166,GET,GET /api/v1/reservas,6.171163,200,success,
1789927988.007726,GET,GET /api/v1/reservas/{id},4.358236,200,success,
1789927988.079963,GET,GET /api/v1/reservas/{id},4.970614,200,success,
1789927988.085196,GET,GET /api/v1/reservas/{id},4.013043,200,success,
1789927988.085712,GET,GET /api/v1/reservas/{id},3.499555,200,success,
1789927988.197286,GET,GET /api/v1/reservas/{id},4.517897,200,success,
1789927988.198347,GET,GET /api/v1/reservas,6.283153,200,success,
1789927988.214333,GET,GET /api/v1/reservas,4.732983,200,success,
1789927988.233349,GET,GET /api/v1/reservas,4.728347,200,success,
1789927988.243277,GET,GET /api/v1/reservas/{id},4.739764,200,success,
1789927988.290875,GET,GET /api/v1/reservas,5.284498,200,success,
1789927988.310153,GET,GET /api/v1/reservas/{id},3.401315,200,success,
1789927988.310470,GET,GET /api/v1/reservas,5.327095,200,success,
1789927988.349171,GET,GET /api/v1/reservas,5.385592,200,success,
1789927988.380929,GET,GET /api/v1/reservas/{id},4.545110,200,success,
1789927988.429298,GET,GET /api/v1/reservas/{id},4.199064,200,success,
1789927988.465894,GET,GET /api/v1/reservas/{id},4.382042,200,success,
1789927988.515597,GET,GET /api/v1/reservas/{id},4.070930,200,success,
1789927988.530509,GET,GET /api/v1/reservas,4.620513,200,success,
1789927988.666493,GET,GET /api/v1/reservas,6.775049,200,success,
1789927988.702472,GET,GET /api/v1/reservas,5.689253,200,success,
1789927988.724304,GET,GET /api/v1/reservas/{id},3.649922,200,success,
1789927988.727388,GET,GET /api/v1/reservas/{id},2.991444,200,success,
1789927988.765510,GET,GET /api/v1/reservas,7.782886,200,success,
1789927989.005073,GET,GET /api/v1/reservas,8.986199,200,success,
1789927989.114665,GET,GET /api/v1/reservas,9.041924,200,success,
1789927989.169705,GET,GET /api/v1/reservas,8.616369,200,success,
1789927989.184630,GET,GET /api/v1/reservas,8.569578,200,success,
1789927989.251719,GET,GET /api/v1/reservas,14.605827,200,success,
1789927989.257250,GET,GET /api/v1/reservas/{id},7.536132,200,success,
1789927989.391578,GET,GET /api/v1/reservas,6.884344,200,success,
1789927989.391971,GET,GET /api/v1/reservas,6.471608,200,success,
1789927989.413178,GET,GET /api/v1/reservas,4.961420,200,success,
1789927989.444823,GET,GET /api/v1/reservas,5.347876,200,success,
1789927989.478063,GET,GET /api/v1/reservas,7.911039,200,success,
1789927989.479029,GET,GET /api/v1/reservas,7.184859,200,success,
1789927989.504022,GET,GET /api/v1/reservas/{id},5.784087,200,success,
1789927989.527565,GET,GET /api/v1/reservas,5.257319,200,success,
1789927989.534447,GET,GET /api/v1/reservas/{id},3.692928,200,success,
1789927989.564126,GET,GET /api/v1/reservas,5.518124,200,success,
1789927989.646146,GET,GET /api/v1/reservas,7.569312,200,success,
1789927989.686555,GET,GET /api/v1/reservas,6.059615,200,success,
1789927989.716221,GET,GET /api/v1/reservas,5.338752,200,success,
1789927989.781902,GET,GET /api/v1/reservas,8.332068,200,success,
1789927989.839603,GET,GET /api/v1/reservas,7.269829,200,success,
1789927989.877551,GET,GET /api/v1/reservas,8.531150,200,success,
1789927989.897812,GET,GET /api/v1/reservas,6.941029,200,success,
1789927989.932503,GET,GET /api/v1/reservas/{id},6.394532,200,success,
1789927989.956876,GET,GET /api/v1/reservas,6.074778,200,success,
1789927989.981105,GET,GET /api/v1/reservas,9.872683,200,success,
1789927990.017702,GET,GET /api/v1/reservas,7.175816,200,success,
1789927990.018362,GET,GET /api/v1/reservas,9.889239,200,success,
1789927990.227123,GET,GET /api/v1/reservas,6.414813,200,success,
1789927990.246073,GET,GET /api/v1/reservas/{id},4.746054,200,success,
1789927990.251184,GET,GET /api/v1/reservas/{id},3.906981,200,success,
1789927990.254932,GET,GET /api/v1/reservas,4.886877,200,success,
1789927990.308094,GET,GET /api/v1/reservas,5.819951,200,success,
1789927990.309360,GET,GET /api/v1/reservas,4.428041,200,success,
1789927990.346276,GET,GET /api/v1/reservas,6.620124,200,success,
1789927990.437675,GET,GET /api/v1/reservas/{id},5.109975,200,success,
1789927990.502493,GET,GET /api/v1/reservas,5.667790,200,success,
1789927990.570466,GET,GET /api/v1/reservas/{id},4.824183,200,success,
1789927990.604682,GET,GET /api/v1/reservas,4.910633,200,success,
1789927990.672166,GET,GET /api/v1/reservas/{id},4.245574,200,success,
1789927990.703868,GET,GET /api/v1/reservas,5.430901,200,success,
1789927990.714911,GET,GET /api/v1/reservas,4.731371,200,success,
1789927990.717467,GET,GET /api/v1/reservas,4.753284,200,success,
1789927990.721620,GET,GET /api/v1/reservas/{id},3.005166,200,success,
1789927990.753754,GET,GET /api/v1/reservas,4.857542,200,success,
1789927990.774628,GET,GET /api/v1/reservas,4.638250,200,success,
1789927990.786098,GET,GET /api/v1/reservas/{id},3.304028,200,success,
1789927990.801609,GET,GET /api/v1/reservas,4.281630,200,success,
1789927990.816211,GET,GET /api/v1/reservas,4.375632,200,success,
1789927990.907217,GET,GET /api/v1/reservas/{id},4.747656,200,success,
1789927990.938828,GET,GET /api/v1/reservas,5.291930,200,success,
1789927990.990719,GET,GET /api/v1/reservas,5.560728,200,success,
1789927990.992037,GET,GET /api/v1/reservas,4.189200,200,success,
1789927990.997151,GET,GET /api/v1/reservas/{id},2.971084,200,success,
1789927991.018026,GET,GET /api/v1/reservas,4.599060,200,success,
1789927991.081900,GET,GET /api/v1/reservas,5.530292,200,success,
1789927991.249556,GET,GET /api/v1/reservas/{id},5.423049,200,success,
1789927991.261440,GET,GET /api/v1/reservas,4.565161,200,success,
1789927991.283112,GET,GET /api/v1/reservas,4.400901,200,success,
1789927991.288553,GET,GET /api/v1/reservas/{id},3.281444,200,success,
1789927991.333273,GET,GET /api/v1/reservas,5.432585,200,success,
1789927991.422062,GET,GET /api/v1/reservas/{id},4.528744,200,success,
1789927991.455689,GET,GET /api/v1/reservas,5.332983,200,success,
1789927991.472211,GET,GET /api/v1/reservas/{id},3.362397,200,success,
1789927991.529697,GET,GET /api/v1/reservas,6.212586,200,success,
1789927991.530061,GET,GET /api/v1/reservas,6.182980,200,success,
1789927991.618480,GET,GET /api/v1/reservas,7.245131,200,success,
1789927991.689076,GET,GET /api/v1/reservas,7.191180,200,success,
1789927991.829358,GET,GET /api/v1/reservas,13.184844,200,success,
1789927991.829833,GET,GET /api/v1/reservas,14.345744,200,success,
1789927991.837478,GET,GET /api/v1/reservas,20.465389,200,success,
1789927991.843473,GET,GET /api/v1/reservas/{id},10.391630,200,success,
1789927991.937004,GET,GET /api/v1/reservas/{id},7.212231,200,success,
1789927991.958113,GET,GET /api/v1/reservas,6.704643,200,success,
1789927992.007999,GET,GET /api/v1/reservas,8.393261,200,success,
1789927992.021291,GET,GET /api/v1/reservas,6.976794,200,success,
1789927992.054169,GET,GET /api/v1/reservas,7.594430,200,success,
1789927992.079693,GET,GET /api/v1/reservas,6.256362,200,success,
1789927992.092337,GET,GET /api/v1/reservas/{id},7.440407,200,success,
1789927992.101536,GET,GET /api/v1/reservas,5.867234,200,success,
1789927992.141194,GET,GET /api/v1/reservas,8.933671,200,success,
1789927992.213794,GET,GET /api/v1/reservas,9.188497,200,success,
1789927992.232231,GET,GET /api/v1/reservas,7.095314,200,success,
1789927992.246645,GET,GET /api/v1/reservas,6.057401,200,success,
1789927992.270653,GET,GET /api/v1/reservas,6.687546,200,success,
1789927992.399838,GET,GET /api/v1/reservas/{id},4.876381,200,success,
1789927992.425527,GET,GET /api/v1/reservas/{id},3.466754,200,success,
1789927992.459726,GET,GET /api/v1/reservas,4.926757,200,success,
1789927992.494496,GET,GET /api/v1/reservas/{id},4.133134,200,success,
1789927992.495973,GET,GET /api/v1/reservas,5.155844,200,success,
1789927992.515315,GET,GET /api/v1/reservas,5.063114,200,success,
1789927992.655957,GET,GET /api/v1/reservas,7.565496,200,success,
1789927992.690513,GET,GET /api/v1/reservas,5.203116,200,success,
1789927992.738066,GET,GET /api/v1/reservas,5.234313,200,success,
1789927992.802558,GET,GET /api/v1/reservas,8.132717,200,success,
1789927992.815286,GET,GET /api/v1/reservas/{id},6.502365,200,success,
1789927992.830371,GET,GET /api/v1/reservas,5.171468,200,success,
1789927992.840671,GET,GET /api/v1/reservas,5.031526,200,success,
1789927992.856340,GET,GET /api/v1/reservas,4.408392,200,success,
1789927992.860046,GET,GET /api/v1/reservas/{id},3.621569,200,success,
1789927992.935695,GET,GET /api/v1/reservas/{id},4.416484,200,success,
1789927992.946634,GET,GET /api/v1/reservas,4.649156,200,success,
1789927992.987881,GET,GET /api/v1/reservas,4.948791,200,success,
1789927993.000433,GET,GET /api/v1/reservas,4.301200,200,success,
1789927993.081491,GET,GET /api/v1/reservas,5.713058,200,success,
1789927993.125648,GET,GET /api/v1/reservas/{id},3.960753,200,success,
1789927993.143846,GET,GET /api/v1/reservas,4.943422,200,success,
1789927993.178275,GET,GET /api/v1/reservas,5.113200,200,success,
1789927993.180039,GET,GET /api/v1/reservas/{id},3.289486,200,success,
1789927993.376510,GET,GET /api/v1/reservas,5.986524,200,success,
1789927993.496421,GET,GET /api/v1/reservas/{id},4.606803,200,success,
1789927993.564766,GET,GET /api/v1/reservas,11.068516,200,success,
1789927993.572386,GET,GET /api/v1/reservas,20.742428,200,success,
1789927993.572847,GET,GET /api/v1/reservas,23.381668,200,success,
1789927993.632449,GET,GET /api/v1/reservas,6.294029,200,success,
1789927993.716370,GET,GET /api/v1/reservas,5.550913,200,success,
1789927993.742304,GET,GET /api/v1/reservas,4.592551,200,success,
1789927993.752684,GET,GET /api/v1/reservas,4.127325,200,success,
1789927993.779372,GET,GET /api/v1/reservas,4.444406,200,success,
1789927993.786298,GET,GET /api/v1/reservas/{id},3.759910,200,success,
1789927993.791551,GET,GET /api/v1/reservas,4.021556,200,success,
1789927993.878222,GET,GET /api/v1/reservas,17.290296,200,success,
1789927993.887756,GET,GET /api/v1/reservas,5.270669,200,success,
1789927993.937423,GET,GET /api/v1/reservas,5.331580,200,success,
1789927993.970925,GET,GET /api/v1/reservas,5.189035,200,success,
1789927994.003868,GET,GET /api/v1/reservas,6.623189,200,success,
1789927994.025993,GET,GET /api/v1/reservas,5.824989,200,success,
1789927994.055033,GET,GET /api/v1/reservas/{id},3.829135,200,success,
1789927994.081131,GET,GET /api/v1/reservas,4.780316,200,success,
1789927994.105891,GET,GET /api/v1/reservas,4.517808,200,success,
1789927994.153364,GET,GET /api/v1/reservas,5.198799,200,success,
1789927994.157121,GET,GET /api/v1/reservas,4.370013,200,success,
1789927994.178730,GET,GET /api/v1/reservas,4.352707,200,success,
1789927994.227237,GET,GET /api/v1/reservas,5.251450,200,success,
1789927994.309910,GET,GET /api/v1/reservas,6.322081,200,success,
1789927994.358223,GET,GET /api/v1/reservas,5.031305,200,success,
1789927994.434664,GET,GET /api/v1/reservas/{id},5.192681,200,success,
1789927994.435275,GET,GET /api/v1/reservas,5.339192,200,success,
1789927994.475565,GET,GET /api/v1/reservas,5.037806,200,success,
1789927994.632277,GET,GET /api/v1/reservas/{id},5.650634,200,success,
1789927994.652806,GET,GET /api/v1/reservas/{id},4.303082,200,success,
1789927994.817208,GET,GET /api/v1/reservas,7.941838,200,success,
1789927994.817619,GET,GET /api/v1/reservas,7.892241,200,success,
1789927994.853586,GET,GET /api/v1/reservas/{id},4.779553,200,success,
1789927994.902384,GET,GET /api/v1/reservas,5.498534,200,success,
1789927994.942638,GET,GET /api/v1/reservas/{id},4.049899,200,success,
1789927994.948168,GET,GET /api/v1/reservas/{id},5.430671,200,success,
1789927994.978671,GET,GET /api/v1/reservas,5.237338,200,success,
1789927994.988220,GET,GET /api/v1/reservas,4.290642,200,success,
1789927995.051480,GET,GET /api/v1/reservas,7.955247,200,success,
1789927995.092835,GET,GET /api/v1/reservas/{id},6.104662,200,success,
1789927995.094156,GET,GET /api/v1/reservas,6.846536,200,success,
1789927995.115406,GET,GET /api/v1/reservas/{id},4.052382,200,success,
1789927995.198194,GET,GET /api/v1/reservas,9.405436,200,success,
1789927995.205575,GET,GET /api/v1/reservas,9.383873,200,success,
1789927995.205949,GET,GET /api/v1/reservas,6.521754,200,success,
1789927995.206264,GET,GET /api/v1/reservas/{id},10.652766,200,success,
1789927995.270724,GET,GET /api/v1/reservas,7.157759,200,success,
1789927995.278223,GET,GET /api/v1/reservas,6.220518,200,success,
1789927995.282629,GET,GET /api/v1/reservas,5.396429,200,success,
1789927995.294915,GET,GET /api/v1/reservas/{id},4.115618,200,success,
1789927995.349032,GET,GET /api/v1/reservas/{id},6.846106,200,success,
1789927995.549702,GET,GET /api/v1/reservas/{id},4.860998,200,success,
1789927995.569779,GET,GET /api/v1/reservas,4.810541,200,success,
1789927995.591630,GET,GET /api/v1/reservas,4.580582,200,success,
1789927995.622029,GET,GET /api/v1/reservas,5.156476,200,success,
1789927995.668239,GET,GET /api/v1/reservas,4.940478,200,success,
1789927995.747323,GET,GET /api/v1/reservas/{id},4.831041,200,success,
1789927995.815972,GET,GET /api/v1/reservas,6.335153,200,success,
1789927995.840461,GET,GET /api/v1/reservas,6.142810,200,success,
1789927995.864034,GET,GET /api/v1/reservas,5.239381,200,success,
1789927995.866553,GET,GET /api/v1/reservas,4.454691,200,success,
1789927996.003919,GET,GET /api/v1/reservas,5.947164,200,success,
1789927996.013365,GET,GET /api/v1/reservas/{id},3.242955,200,success,
1789927996.017424,GET,GET /api/v1/reservas,4.608045,200,success,
1789927996.020408,GET,GET /api/v1/reservas,4.616708,200,success,
1789927996.051408,GET,GET /api/v1/reservas,4.758753,200,success,
1789927996.170689,GET,GET /api/v1/reservas,5.864228,200,success,
1789927996.210754,GET,GET /api/v1/reservas/{id},3.863176,200,success,
1789927996.297781,GET,GET /api/v1/reservas,5.685838,200,success,
1789927996.307397,GET,GET /api/v1/reservas,4.388682,200,success,
1789927996.313624,GET,GET /api/v1/reservas/{id},3.067549,200,success,
1789927996.318765,GET,GET /api/v1/reservas,3.888243,200,success,
1789927996.325265,GET,GET /api/v1/reservas,4.231974,200,success,
1789927996.360759,GET,GET /api/v1/reservas,5.203947,200,success,
1789927996.361901,GET,GET /api/v1/reservas,4.776189,200,success,
1789927996.385616,GET,GET /api/v1/reservas,4.494233,200,success,
1789927996.411971,GET,GET /api/v1/reservas,4.735497,200,success,
1789927996.412586,GET,GET /api/v1/reservas,5.709314,200,success,
1789927996.430181,GET,GET /api/v1/reservas,4.360880,200,success,
1789927996.557862,GET,GET /api/v1/reservas/{id},5.174553,200,success,
1789927996.569090,GET,GET /api/v1/reservas,4.941350,200,success,
1789927996.649342,GET,GET /api/v1/reservas,5.933122,200,success,
1789927996.694135,GET,GET /api/v1/reservas,5.465124,200,success,
1789927996.765258,GET,GET /api/v1/reservas,5.770005,200,success,
1789927996.814789,GET,GET /api/v1/reservas/{id},4.312257,200,success,
1789927996.850066,GET,GET /api/v1/reservas,7.949859,200,success,
1789927996.864935,GET,GET /api/v1/reservas,7.565336,200,success,
1789927996.870104,GET,GET /api/v1/reservas,6.040896,200,success,
1789927996.910566,GET,GET /api/v1/reservas,5.130707,200,success,
1789927997.021662,GET,GET /api/v1/reservas/{id},4.792595,200,success,
1789927997.074372,GET,GET /api/v1/reservas,5.390611,200,success,
1789927997.095163,GET,GET /api/v1/reservas,4.500350,200,success,
1789927997.151118,GET,GET /api/v1/reservas,5.612327,200,success,
1789927997.176247,GET,GET /api/v1/reservas,4.868499,200,success,
1789927997.347428,GET,GET /api/v1/reservas,6.718484,200,success,
1789927997.399179,GET,GET /api/v1/reservas,5.445854,200,success,
1789927997.453709,GET,GET /api/v1/reservas,5.240042,200,success,
1789927997.467250,GET,GET /api/v1/reservas,4.318797,200,success,
1789927997.479670,GET,GET /api/v1/reservas,4.200096,200,success,
1789927997.525593,GET,GET /api/v1/reservas/{id},6.769671,200,success,
1789927997.535400,GET,GET /api/v1/reservas,4.558129,200,success,
1789927997.583583,GET,GET /api/v1/reservas,5.229536,200,success,
1789927997.622817,GET,GET /api/v1/reservas,4.986407,200,success,
1789927997.645475,GET,GET /api/v1/reservas/{id},3.489167,200,success,
1789927997.684514,GET,GET /api/v1/reservas,4.755238,200,success,
1789927997.689810,GET,GET /api/v1/reservas/{id},3.088220,200,success,
1789927997.711814,GET,GET /api/v1/reservas/{id},3.490270,200,success,
1789927997.715116,GET,GET /api/v1/reservas,5.073399,200,success,
1789927997.747232,GET,GET /api/v1/reservas,5.797938,200,success,
1789927997.789525,GET,GET /api/v1/reservas,4.992706,200,success,
1789927997.874727,GET,GET /api/v1/reservas,16.475512,200,success,
1789927997.939087,GET,GET /api/v1/reservas/{id},5.093590,200,success,
1789927998.012589,GET,GET /api/v1/reservas,6.172154,200,success,
1789927998.042390,GET,GET /api/v1/reservas/{id},3.592054,200,success,
1789927998.077750,GET,GET /api/v1/reservas,5.089844,200,success,
1789927998.088669,GET,GET /api/v1/reservas,4.662166,200,success,
1789927998.090310,GET,GET /api/v1/reservas,4.698381,200,success,
1789927998.151311,GET,GET /api/v1/reservas,5.695552,200,success,
1789927998.191464,GET,GET /api/v1/reservas/{id},3.949656,200,success,
1789927998.234515,GET,GET /api/v1/reservas/{id},3.872750,200,success,
1789927998.238945,GET,GET /api/v1/reservas,4.251244,200,success,
1789927998.246620,GET,GET /api/v1/reservas,4.402352,200,success,
1789927998.253294,GET,GET /api/v1/reservas,4.416013,200,success,
1789927998.256553,GET,GET /api/v1/reservas,4.112683,200,success,
1789927998.521509,GET,GET /api/v1/reservas,5.932071,200,success,
1789927998.545195,GET,GET /api/v1/reservas/{id},3.502899,200,success,
1789927998.601357,GET,GET /api/v1/reservas,5.221354,200,success,
1789927998.637030,GET,GET /api/v1/reservas,5.365543,200,success,
1789927998.637842,GET,GET /api/v1/reservas,4.590367,200,success,
1789927998.652190,GET,GET /api/v1/reservas,4.106024,200,success,
1789927998.709686,GET,GET /api/v1/reservas,6.483447,200,success,
1789927998.722542,GET,GET /api/v1/reservas,4.563096,200,success,
1789927998.847953,GET,GET /api/v1/reservas,7.085859,200,success,
1789927998.852479,GET,GET /api/v1/reservas,5.379363,200,success,
1789927998.933602,GET,GET /api/v1/reservas,5.801464,200,success,
1789927998.943384,GET,GET /api/v1/reservas,4.547102,200,success,
1789927998.963562,GET,GET /api/v1/reservas,4.914108,200,success,
1789927999.005745,GET,GET /api/v1/reservas,4.924925,200,success,
1789927999.060632,GET,GET /api/v1/reservas,5.583473,200,success,
1789927999.082519,GET,GET /api/v1/reservas,4.615045,200,success,
1789927999.088281,GET,GET /api/v1/reservas,4.497567,200,success,
1789927999.089521,GET,GET /api/v1/reservas,4.179335,200,success,
1789927999.109302,GET,GET /api/v1/reservas,4.550536,200,success,
1789927999.144740,GET,GET /api/v1/reservas,5.175134,200,success,
1789927999.146473,GET,GET /api/v1/reservas,5.238049,200,success,
1789927999.218467,GET,GET /api/v1/reservas,5.656895,200,success,
1789927999.228562,GET,GET /api/v1/reservas,5.762574,200,success,
1789927999.263439,GET,GET /api/v1/reservas/{id},4.622607,200,success,
1789927999.283007,GET,GET /api/v1/reservas,5.228544,200,success,
1789927999.309818,GET,GET /api/v1/reservas,5.506987,200,success,
1789927999.329974,GET,GET /api/v1/reservas/{id},3.969937,200,success,
1789927999.414474,GET,GET /api/v1/reservas,7.070346,200,success,
1789927999.492948,GET,GET /api/v1/reservas,7.105109,200,success,
1789927999.540688,GET,GET /api/v1/reservas,9.306906,200,success,
1789927999.594865,GET,GET /api/v1/reservas/{id},7.592938,200,success,
1789927999.646392,GET,GET /api/v1/reservas,8.809612,200,success,
1789927999.646731,GET,GET /api/v1/reservas/{id},7.326425,200,success,
1789927999.647084,GET,GET /api/v1/reservas,9.402241,200,success,
1789927999.666788,GET,GET /api/v1/reservas,4.481833,200,success,
1789927999.701803,GET,GET /api/v1/reservas,4.744772,200,success,
1789927999.764145,GET,GET /api/v1/reservas,6.072053,200,success,
1789927999.810879,GET,GET /api/v1/reservas,5.432433,200,success,
1789927999.835330,GET,GET /api/v1/reservas,5.133631,200,success,
1789927999.863798,GET,GET /api/v1/reservas,7.136246,200,success,
1789927999.942782,GET,GET /api/v1/reservas,6.578751,200,success,
1789927999.956012,GET,GET /api/v1/reservas,4.947089,200,success,
1789927999.966788,GET,GET /api/v1/reservas,5.510082,200,success,
1789927999.979889,GET,GET /api/v1/reservas/{id},3.921533,200,success,
1789928000.005056,GET,GET /api/v1/reservas,4.865925,200,success,
1789928000.064036,GET,GET /api/v1/reservas,5.626558,200,success,
1789928000.068677,GET,GET /api/v1/reservas/{id},3.471212,200,success,
1789928000.108151,GET,GET /api/v1/reservas/{id},4.256310,200,success,
1789928000.145574,GET,GET /api/v1/reservas,5.098848,200,success,
1789928000.231918,GET,GET /api/v1/reservas,6.960529,200,success,
1789928000.287427,GET,GET /api/v1/reservas,7.098359,200,success,
1789928000.340560,GET,GET /api/v1/reservas/{id},10.718606,200,success,
1789928000.385887,GET,GET /api/v1/reservas,9.392555,200,success,
1789928000.386644,GET,GET /api/v1/reservas,11.655696,200,success,
1789928000.387064,GET,GET /api/v1/reservas,11.499559,200,success,
1789928000.539533,GET,GET /api/v1/reservas,6.164274,200,success,
1789928000.608292,GET,GET /api/v1/reservas,5.726740,200,success,
1789928000.628149,GET,GET /api/v1/reservas,4.568584,200,success,
1789928000.700369,GET,GET /api/v1/reservas,5.890728,200,success,
1789928000.727485,GET,GET /api/v1/reservas,4.842490,200,success,
1789928000.789042,GET,GET /api/v1/reservas,6.213197,200,success,
1789928000.830300,GET,GET /api/v1/reservas,4.987660,200,success,
1789928000.911887,GET,GET /api/v1/reservas,6.227599,200,success,
1789928000.919472,GET,GET /api/v1/reservas,4.345136,200,success,
1789928000.952015,GET,GET /api/v1/reservas/{id},3.944599,200,success,
1789928000.952972,GET,GET /api/v1/reservas,5.251279,200,success,
1789928000.979185,GET,GET /api/v1/reservas,7.825570,200,success,
1789928000.979595,GET,GET /api/v1/reservas,7.460488,200,success,
1789928001.044244,GET,GET /api/v1/reservas/{id},4.445558,200,success,
1789928001.066262,GET,GET /api/v1/reservas,4.740606,200,success,
1789928001.112005,GET,GET /api/v1/reservas,5.453816,200,success,
1789928001.157145,GET,GET /api/v1/reservas/{id},3.944699,200,success,
1789928001.209620,GET,GET /api/v1/reservas,6.160677,200,success,
1789928001.256874,GET,GET /api/v1/reservas,4.980168,200,success,
1789928001.360267,GET,GET /api/v1/reservas,6.008386,200,success,
1789928001.444003,GET,GET /api/v1/reservas,6.392359,200,success,
1789928001.454299,GET,GET /api/v1/reservas,4.046453,200,success,
1789928001.460388,GET,GET /api/v1/reservas,3.871037,200,success,
1789928001.477793,GET,GET /api/v1/reservas,4.172094,200,success,
1789928001.513788,GET,GET /api/v1/reservas/{id},3.816985,200,success,
1789928001.537350,GET,GET /api/v1/reservas/{id},3.386012,200,success,
1789928001.548997,GET,GET /api/v1/reservas,4.321739,200,success,
1789928001.565054,GET,GET /api/v1/reservas,4.140315,200,success,
1789928001.581573,GET,GET /api/v1/reservas,4.295070,200,success,
1789928001.604208,GET,GET /api/v1/reservas,4.361161,200,success,
1789928001.628487,GET,GET /api/v1/reservas,6.998757,200,success,
1789928001.628809,GET,GET /api/v1/reservas,4.794056,200,success,
1789928001.648643,GET,GET /api/v1/reservas,4.574914,200,success,
1789928001.663468,GET,GET /api/v1/reservas/{id},3.657103,200,success,
1789928001.675127,GET,GET /api/v1/reservas,6.342223,200,success,
1789928001.693227,GET,GET /api/v1/reservas/{id},3.907733,200,success,
1789928001.703344,GET,GET /api/v1/reservas,4.843692,200,success,
1789928001.792670,GET,GET /api/v1/reservas,6.022739,200,success,
1789928001.824756,GET,GET /api/v1/reservas,4.805223,200,success,
1789928001.959107,GET,GET /api/v1/reservas,6.906239,200,success,
1789928002.048278,GET,GET /api/v1/reservas,8.751444,200,success,
1789928002.104599,GET,GET /api/v1/reservas,8.737773,200,success,
1789928002.217031,GET,GET /api/v1/reservas,6.954090,200,success,
1789928002.229463,GET,GET /api/v1/reservas,6.099986,200,success,
1789928002.267251,GET,GET /api/v1/reservas/{id},5.568399,200,success,
1789928002.268098,GET,GET /api/v1/reservas,5.877448,200,success,
1789928002.418094,GET,GET /api/v1/reservas/{id},5.654801,200,success,
1789928002.433524,GET,GET /api/v1/reservas,8.094949,200,success,
1789928002.447891,GET,GET /api/v1/reservas,6.079044,200,success,
1789928002.612613,GET,GET /api/v1/reservas,6.894499,200,success,
1789928002.629436,GET,GET /api/v1/reservas,4.548664,200,success,
1789928002.683500,GET,GET /api/v1/reservas,4.791462,200,success,
1789928002.744889,GET,GET /api/v1/reservas,6.083941,200,success,
1789928002.790892,GET,GET /api/v1/reservas,6.639744,200,success,
1789928002.814562,GET,GET /api/v1/reservas/{id},4.450044,200,success,
1789928002.914946,GET,GET /api/v1/reservas,5.994896,200,success,
1789928002.927831,GET,GET /api/v1/reservas/{id},3.665296,200,success,
1789928002.969033,GET,GET /api/v1/reservas/{id},3.966461,200,success,
1789928002.982959,GET,GET /api/v1/reservas,4.650609,200,success,
1789928003.047868,GET,GET /api/v1/reservas,5.574498,200,success,
1789928003.089965,GET,GET /api/v1/reservas/{id},3.888353,200,success,
1789928003.118922,GET,GET /api/v1/reservas,4.671751,200,success,
1789928003.125102,GET,GET /api/v1/reservas,3.934884,200,success,
1789928003.173480,GET,GET /api/v1/reservas,5.093209,200,success,
1789928003.198182,GET,GET /api/v1/reservas/{id},3.516730,200,success,
1789928003.222062,GET,GET /api/v1/reservas,4.608855,200,success,
1789928003.288918,GET,GET /api/v1/reservas,5.561050,200,success,
1789928003.295665,GET,GET /api/v1/reservas,4.473039,200,success,
1789928003.298243,GET,GET /api/v1/reservas/{id},3.606967,200,success,
1789928003.306556,GET,GET /api/v1/reservas,4.097460,200,success,
1789928003.350939,GET,GET /api/v1/reservas,5.115434,200,success,
1789928003.381957,GET,GET /api/v1/reservas,4.741497,200,success,
1789928003.415852,GET,GET /api/v1/reservas/{id},3.689131,200,success,
1789928003.427331,GET,GET /api/v1/reservas,4.197061,200,success,
1789928003.483530,GET,GET /api/v1/reservas,6.840848,200,success,
1789928003.561034,GET,GET /api/v1/reservas/{id},8.191696,200,success,
1789928003.588809,GET,GET /api/v1/reservas,6.473881,200,success,
1789928003.589056,GET,GET /api/v1/reservas/{id},4.992497,200,success,
1789928003.630837,GET,GET /api/v1/reservas,5.516802,200,success,
1789928003.640027,GET,GET /api/v1/reservas,3.944879,200,success,
1789928003.670152,GET,GET /api/v1/reservas/{id},3.947963,200,success,
1789928003.694899,GET,GET /api/v1/reservas,4.488293,200,success,
1789928003.748251,GET,GET /api/v1/reservas/{id},4.150260,200,success,
1789928003.753668,GET,GET /api/v1/reservas,4.180076,200,success,
1789928003.837844,GET,GET /api/v1/reservas,5.814203,200,success,
1789928003.873012,GET,GET /api/v1/reservas,18.797189,200,success,
1789928003.956454,GET,GET /api/v1/reservas,6.066214,200,success,
1789928003.993790,GET,GET /api/v1/reservas,5.073379,200,success,
1789928004.004219,GET,GET /api/v1/reservas/{id},3.243847,200,success,
1789928004.010539,GET,GET /api/v1/reservas,4.064710,200,success,
1789928004.263920,GET,GET /api/v1/reservas/{id},4.934348,200,success,
1789928004.340030,GET,GET /api/v1/reservas,6.729029,200,success,
1789928004.375023,GET,GET /api/v1/reservas/{id},3.785268,200,success,
1789928004.390650,GET,GET /api/v1/reservas,4.392928,200,success,
1789928004.403881,GET,GET /api/v1/reservas,3.985902,200,success,
1789928004.526856,GET,GET /api/v1/reservas,6.189171,200,success,
1789928004.528083,GET,GET /api/v1/reservas,4.641976,200,success,
1789928004.540550,GET,GET /api/v1/reservas,4.242951,200,success,
1789928004.586441,GET,GET /api/v1/reservas,4.976734,200,success,
1789928004.621998,GET,GET /api/v1/reservas,5.254153,200,success,
1789928004.622394,GET,GET /api/v1/reservas,5.346093,200,success,
1789928004.640856,GET,GET /api/v1/reservas/{id},3.306942,200,success,
1789928004.652244,GET,GET /api/v1/reservas,4.159774,200,success,
1789928004.655865,GET,GET /api/v1/reservas,4.276932,200,success,
1789928004.712706,GET,GET /api/v1/reservas/{id},4.617708,200,success,
1789928004.713836,GET,GET /api/v1/reservas,5.244509,200,success,
1789928004.714821,GET,GET /api/v1/reservas/{id},3.655561,200,success,
1789928004.724586,GET,GET /api/v1/reservas,4.539230,200,success,
1789928004.798909,GET,GET /api/v1/reservas,6.013194,200,success,
1789928004.799195,GET,GET /api/v1/reservas/{id},3.547838,200,success,
1789928004.916450,GET,GET /api/v1/reservas,7.856537,200,success,
1789928004.997683,GET,GET /api/v1/reservas,9.414169,200,success,
1789928004.999119,GET,GET /api/v1/reservas,6.899838,200,success,
1789928005.029464,GET,GET /api/v1/reservas,8.024132,200,success,
1789928005.099618,GET,GET /api/v1/reservas,13.767487,200,success,
1789928005.142709,GET,GET /api/v1/reservas/{id},5.869537,200,success,
1789928005.146490,GET,GET /api/v1/reservas,5.647971,200,success,
1789928005.208308,GET,GET /api/v1/reservas/{id},4.606392,200,success,
1789928005.208603,GET,GET /api/v1/reservas/{id},3.159769,200,success,
1789928005.229180,GET,GET /api/v1/reservas/{id},3.428907,200,success,
1789928005.239486,GET,GET /api/v1/reservas/{id},4.142479,200,success,
1789928005.246197,GET,GET /api/v1/reservas,4.442935,200,success,
1789928005.270003,GET,GET /api/v1/reservas,4.543245,200,success,
1789928005.311366,GET,GET /api/v1/reservas,5.069364,200,success,
1789928005.322937,GET,GET /api/v1/reservas/{id},4.390274,200,success,
1789928005.409688,GET,GET /api/v1/reservas,7.343721,200,success,
1789928005.412218,GET,GET /api/v1/reservas/{id},6.150942,200,success,
1789928005.574657,GET,GET /api/v1/reservas,8.678784,200,success,
1789928005.593132,GET,GET /api/v1/reservas,7.587761,200,success,
1789928005.594011,GET,GET /api/v1/reservas,9.041083,200,success,
1789928005.608155,GET,GET /api/v1/reservas,5.871168,200,success,
1789928005.650435,GET,GET /api/v1/reservas,6.911436,200,success,
1789928005.686891,GET,GET /api/v1/reservas,6.137443,200,success,
1789928005.731372,GET,GET /api/v1/reservas,5.179590,200,success,
1789928005.833396,GET,GET /api/v1/reservas/{id},4.731771,200,success,
1789928005.840880,GET,GET /api/v1/reservas,5.215084,200,success,
1789928005.895029,GET,GET /api/v1/reservas,5.813701,200,success,
1789928005.937957,GET,GET /api/v1/reservas/{id},4.671440,200,success,
1789928005.956452,GET,GET /api/v1/reservas,5.165739,200,success,
1789928006.004033,GET,GET /api/v1/reservas,5.247724,200,success,
1789928006.061795,GET,GET /api/v1/reservas,5.410150,200,success,
1789928006.062184,GET,GET /api/v1/reservas,5.193021,200,success,
1789928006.154769,GET,GET /api/v1/reservas,6.260509,200,success,
1789928006.194373,GET,GET /api/v1/reservas,5.285761,200,success,
1789928006.216737,GET,GET /api/v1/reservas/{id},4.150091,200,success,
1789928006.254524,GET,GET /api/v1/reservas,6.409886,200,success,
1789928006.283821,GET,GET /api/v1/reservas,5.980274,200,success,
1789928006.503183,GET,GET /api/v1/reservas,8.359721,200,success,
1789928006.544619,GET,GET /api/v1/reservas/{id},4.229260,200,success,
1789928006.549470,GET,GET /api/v1/reservas,4.669347,200,success,
1789928006.582072,GET,GET /api/v1/reservas/{id},3.712718,200,success,
1789928006.629954,GET,GET /api/v1/reservas,5.610053,200,success,
1789928006.665791,GET,GET /api/v1/reservas,4.598849,200,success,
1789928006.728158,GET,GET /api/v1/reservas,7.023535,200,success,
1789928006.752515,GET,GET /api/v1/reservas,6.012553,200,success,
1789928006.762179,GET,GET /api/v1/reservas/{id},3.476549,200,success,
1789928006.870700,GET,GET /api/v1/reservas,6.122860,200,success,
1789928006.883545,GET,GET /api/v1/reservas,5.262926,200,success,
1789928006.905066,GET,GET /api/v1/reservas,6.200907,200,success,
1789928006.909641,GET,GET /api/v1/reservas/{id},4.462373,200,success,
1789928006.942268,GET,GET /api/v1/reservas,5.318801,200,success,
1789928007.029308,GET,GET /api/v1/reservas,5.706850,200,success,
1789928007.057131,GET,GET /api/v1/reservas,4.574773,200,success,
1789928007.090167,GET,GET /api/v1/reservas,4.751070,200,success,
1789928007.174179,GET,GET /api/v1/reservas,6.654696,200,success,
1789928007.245073,GET,GET /api/v1/reservas/{id},5.653319,200,success,
1789928007.245920,GET,GET /api/v1/reservas,4.652443,200,success,
1789928007.249159,GET,GET /api/v1/reservas/{id},3.164536,200,success,
1789928007.252810,GET,GET /api/v1/reservas,4.161937,200,success,
1789928007.274005,GET,GET /api/v1/reservas,4.915660,200,success,
1789928007.379511,GET,GET /api/v1/reservas,6.131984,200,success,
1789928007.379884,GET,GET /api/v1/reservas,4.701015,200,success,
1789928007.430060,GET,GET /api/v1/reservas,5.869586,200,success,
1789928007.433082,GET,GET /api/v1/reservas,4.196791,200,success,
1789928007.467944,GET,GET /api/v1/reservas,4.572219,200,success,
1789928007.470149,GET,GET /api/v1/reservas/{id},3.274953,200,success,
1789928007.492870,GET,GET /api/v1/reservas,4.464938,200,success,
1789928007.545489,GET,GET /api/v1/reservas/{id},4.392487,200,success,
1789928007.546731,GET,GET /api/v1/reservas,4.378216,200,success,
1789928007.597968,GET,GET /api/v1/reservas,5.289878,200,success,
1789928007.632017,GET,GET /api/v1/reservas,4.760366,200,success,
1789928007.717082,GET,GET /api/v1/reservas,6.681927,200,success,
1789928007.717474,GET,GET /api/v1/reservas,4.422323,200,success,
1789928007.823008,GET,GET /api/v1/reservas,6.230794,200,success,
1789928007.836709,GET,GET /api/v1/reservas/{id},3.517021,200,success,
1789928007.927805,GET,GET /api/v1/reservas,8.625343,200,success,
1789928007.931514,GET,GET /api/v1/reservas,6.544490,200,success,
1789928007.990669,GET,GET /api/v1/reservas,5.827251,200,success,
1789928008.009371,GET,GET /api/v1/reservas,4.442192,200,success,
1789928008.032658,GET,GET /api/v1/reservas,5.028301,200,success,
1789928008.092168,GET,GET /api/v1/reservas/{id},4.312036,200,success,
1789928008.137964,GET,GET /api/v1/reservas,5.506687,200,success,
1789928008.153838,GET,GET /api/v1/reservas/{id},3.671926,200,success,
1789928008.246308,GET,GET /api/v1/reservas,6.088649,200,success,
1789928008.253225,GET,GET /api/v1/reservas,4.689799,200,success,
1789928008.353503,GET,GET /api/v1/reservas/{id},5.002673,200,success,
1789928008.353820,GET,GET /api/v1/reservas/{id},3.476148,200,success,
1789928008.370512,GET,GET /api/v1/reservas/{id},3.527035,200,success,
1789928008.434119,GET,GET /api/v1/reservas,6.311828,200,success,
1789928008.434406,GET,GET /api/v1/reservas/{id},3.901824,200,success,
1789928008.467561,GET,GET /api/v1/reservas,4.894988,200,success,
1789928008.618344,GET,GET /api/v1/reservas,6.274059,200,success,
1789928008.674387,GET,GET /api/v1/reservas/{id},3.835093,200,success,
1789928008.679594,GET,GET /api/v1/reservas,3.976718,200,success,
1789928008.814470,GET,GET /api/v1/reservas,6.454463,200,success,
1789928008.814814,GET,GET /api/v1/reservas/{id},4.113644,200,success,
1789928008.870533,GET,GET /api/v1/reservas,5.402208,200,success,
1789928008.893480,GET,GET /api/v1/reservas,4.673593,200,success,
1789928008.906091,GET,GET /api/v1/reservas/{id},3.439614,200,success,
1789928008.912527,GET,GET /api/v1/reservas,5.216607,200,success,
1789928008.943648,GET,GET /api/v1/reservas,4.883731,200,success,
1789928008.965504,GET,GET /api/v1/reservas/{id},3.692866,200,success,
1789928009.040749,GET,GET /api/v1/reservas,5.919351,200,success,
1789928009.057345,GET,GET /api/v1/reservas,4.334510,200,success,
1789928009.085410,GET,GET /api/v1/reservas,4.777220,200,success,
1789928009.105340,GET,GET /api/v1/reservas,4.657750,200,success,
1789928009.309720,GET,GET /api/v1/reservas,8.859397,200,success,
1789928009.310451,GET,GET /api/v1/reservas,7.704968,200,success,
1789928009.368595,GET,GET /api/v1/reservas/{id},4.923894,200,success,
1789928009.450051,GET,GET /api/v1/reservas/{id},5.172470,200,success,
1789928009.488282,GET,GET /api/v1/reservas,5.914935,200,success,
1789928009.513713,GET,GET /api/v1/reservas,5.147991,200,success,
1789928009.536018,GET,GET /api/v1/reservas/{id},9.093694,200,success,
1789928009.536912,GET,GET /api/v1/reservas,7.954756,200,success,
1789928009.541673,GET,GET /api/v1/reservas,6.885857,200,success,
1789928009.585510,GET,GET /api/v1/reservas,9.762006,200,success,
1789928009.590080,GET,GET /api/v1/reservas,7.540228,200,success,
1789928009.617073,GET,GET /api/v1/reservas/{id},4.774466,200,success,
1789928009.778207,GET,GET /api/v1/reservas/{id},5.743235,200,success,
1789928009.804358,GET,GET /api/v1/reservas,8.785305,200,success,
1789928009.854268,GET,GET /api/v1/reservas/{id},7.612758,200,success,
1789928009.856258,GET,GET /api/v1/reservas,8.245739,200,success,
1789928009.913365,GET,GET /api/v1/reservas/{id},5.819570,200,success,
1789928009.943436,GET,GET /api/v1/reservas,7.720382,200,success,
1789928009.964329,GET,GET /api/v1/reservas,5.587268,200,success,
1789928009.974669,GET,GET /api/v1/reservas,5.044626,200,success,
1789928009.993087,GET,GET /api/v1/reservas,5.133802,200,success,
1789928010.022478,GET,GET /api/v1/reservas/{id},4.201888,200,success,
1789928010.027910,GET,GET /api/v1/reservas,4.190221,200,success,
1789928010.031757,GET,GET /api/v1/reservas,4.492398,200,success,
1789928010.048449,GET,GET /api/v1/reservas/{id},3.509560,200,success,
1789928010.082142,GET,GET /api/v1/reservas,5.435097,200,success,
1789928010.092131,GET,GET /api/v1/reservas,4.708707,200,success,
1789928010.107762,GET,GET /api/v1/reservas,4.379388,200,success,
1789928010.158781,GET,GET /api/v1/reservas/{id},6.669039,200,success,
1789928010.162346,GET,GET /api/v1/reservas,5.738216,200,success,
1789928010.208732,GET,GET /api/v1/reservas,5.118217,200,success,
1789928010.248241,GET,GET /api/v1/reservas,5.204739,200,success,
1789928010.250736,GET,GET /api/v1/reservas,3.998852,200,success,
1789928010.297109,GET,GET /api/v1/reservas/{id},4.188869,200,success,
1789928010.370354,GET,GET /api/v1/reservas,14.876128,200,success,
1789928010.512951,GET,GET /api/v1/reservas,6.249331,200,success,
1789928010.681218,GET,GET /api/v1/reservas,11.920889,200,success,
1789928010.728556,GET,GET /api/v1/reservas,9.811761,200,success,
1789928010.731452,GET,GET /api/v1/reservas,5.472274,200,success,
1789928010.761211,GET,GET /api/v1/reservas,7.417682,200,success,
1789928010.806394,GET,GET /api/v1/reservas/{id},4.962222,200,success,
1789928010.829073,GET,GET /api/v1/reservas/{id},3.737375,200,success,
1789928010.829467,GET,GET /api/v1/reservas,5.803896,200,success,
1789928010.932546,GET,GET /api/v1/reservas,5.737897,200,success,
1789928010.994297,GET,GET /api/v1/reservas,5.448288,200,success,
1789928011.030625,GET,GET /api/v1/reservas,5.047921,200,success,
1789928011.066697,GET,GET /api/v1/reservas,4.800536,200,success,
1789928011.080510,GET,GET /api/v1/reservas,4.543216,200,success,
1789928011.093092,GET,GET /api/v1/reservas/{id},3.422297,200,success,
1789928011.117914,GET,GET /api/v1/reservas,4.553883,200,success,
1789928011.165249,GET,GET /api/v1/reservas,5.061761,200,success,
1789928011.171551,GET,GET /api/v1/reservas/{id},3.152959,200,success,
1789928011.174532,GET,GET /api/v1/reservas,4.547633,200,success,
1789928011.231273,GET,GET /api/v1/reservas,5.443840,200,success,
1789928011.303071,GET,GET /api/v1/reservas,5.458483,200,success,
1789928011.339611,GET,GET /api/v1/reservas,5.248556,200,success,
1789928011.382017,GET,GET /api/v1/reservas,5.088152,200,success,
1789928011.382658,GET,GET /api/v1/reservas/{id},3.188161,200,success,
1789928011.444933,GET,GET /api/v1/reservas,5.999603,200,success,
1789928011.474499,GET,GET /api/v1/reservas,5.249967,200,success,
1789928011.486273,GET,GET /api/v1/reservas,4.523987,200,success,
1789928011.494372,GET,GET /api/v1/reservas,4.840918,200,success,
1789928011.656037,GET,GET /api/v1/reservas/{id},4.620233,200,success,
1789928011.693321,GET,GET /api/v1/reservas,5.000099,200,success,
1789928011.701620,GET,GET /api/v1/reservas,4.059342,200,success,
1789928011.733360,GET,GET /api/v1/reservas,5.494699,200,success,
1789928011.737084,GET,GET /api/v1/reservas,4.556656,200,success,
1789928011.776664,GET,GET /api/v1/reservas,5.305041,200,success,
1789928011.778376,GET,GET /api/v1/reservas/{id},3.407705,200,success,
1789928011.820785,GET,GET /api/v1/reservas/{id},4.214988,200,success,
1789928011.823538,GET,GET /api/v1/reservas/{id},3.441156,200,success,
1789928011.840774,GET,GET /api/v1/reservas,4.964755,200,success,
1789928011.842743,GET,GET /api/v1/reservas,4.401992,200,success,
1789928011.870318,GET,GET /api/v1/reservas,4.349482,200,success,
1789928011.952556,GET,GET /api/v1/reservas,6.881029,200,success,
1789928011.960247,GET,GET /api/v1/reservas/{id},5.473586,200,success,
1789928012.176505,GET,GET /api/v1/reservas/{id},4.846036,200,success,
1789928012.185657,GET,GET /api/v1/reservas,5.836787,200,success,
1789928012.251904,GET,GET /api/v1/reservas/{id},4.999657,200,success,
1789928012.283362,GET,GET /api/v1/reservas,6.123421,200,success,
1789928012.331967,GET,GET /api/v1/reservas,7.226353,200,success,
1789928012.340532,GET,GET /api/v1/reservas/{id},5.340274,200,success,
1789928012.376258,GET,GET /api/v1/reservas,12.024635,200,success,
1789928012.381552,GET,GET /api/v1/reservas,7.462841,200,success,
1789928012.385506,GET,GET /api/v1/reservas/{id},9.129938,200,success,
1789928012.413959,GET,GET /api/v1/reservas,13.098112,200,success,
1789928012.423031,GET,GET /api/v1/reservas,6.763482,200,success,
1789928012.448373,GET,GET /api/v1/reservas/{id},6.114136,200,success,
1789928012.467756,GET,GET /api/v1/reservas,7.008483,200,success,
1789928012.713921,GET,GET /api/v1/reservas,7.254626,200,success,
1789928012.752425,GET,GET /api/v1/reservas/{id},5.999403,200,success,
1789928012.819112,GET,GET /api/v1/reservas,13.280508,200,success,
1789928012.825752,GET,GET /api/v1/reservas,15.147960,200,success,
1789928012.826088,GET,GET /api/v1/reservas/{id},10.569169,200,success,
1789928012.883408,GET,GET /api/v1/reservas,10.936125,200,success,
1789928012.977566,GET,GET /api/v1/reservas,6.776160,200,success,
1789928012.994439,GET,GET /api/v1/reservas,4.583366,200,success,
1789928013.087787,GET,GET /api/v1/reservas,6.014566,200,success,
1789928013.111630,GET,GET /api/v1/reservas/{id},3.638425,200,success,
1789928013.130176,GET,GET /api/v1/reservas,4.256080,200,success,
1789928013.156790,GET,GET /api/v1/reservas,4.356603,200,success,
1789928013.181186,GET,GET /api/v1/reservas,4.175678,200,success,
1789928013.228342,GET,GET /api/v1/reservas,4.905355,200,success,
1789928013.269601,GET,GET /api/v1/reservas,4.992997,200,success,
1789928013.351390,GET,GET /api/v1/reservas,5.476820,200,success,
1789928013.378296,GET,GET /api/v1/reservas,4.638090,200,success,
1789928013.426586,GET,GET /api/v1/reservas,5.032207,200,success,
1789928013.437765,GET,GET /api/v1/reservas,3.918840,200,success,
1789928013.535732,GET,GET /api/v1/reservas,7.536693,200,success,
1789928013.592432,GET,GET /api/v1/reservas,7.201986,200,success,
1789928013.614381,GET,GET /api/v1/reservas,6.597750,200,success,
1789928013.627732,GET,GET /api/v1/reservas,9.027542,200,success,
1789928013.640191,GET,GET /api/v1/reservas,8.072024,200,success,
1789928013.640648,GET,GET /api/v1/reservas,8.217635,200,success,
1789928013.701797,GET,GET /api/v1/reservas/{id},6.910044,200,success,
1789928013.718199,GET,GET /api/v1/reservas,10.065084,200,success,
1789928013.718449,GET,GET /api/v1/reservas,9.885613,200,success,
1789928013.734761,GET,GET /api/v1/reservas/{id},7.049896,200,success,
1789928013.999315,GET,GET /api/v1/reservas,9.044959,200,success,
1789928014.007296,GET,GET /api/v1/reservas/{id},6.772104,200,success,
1789928014.055087,GET,GET /api/v1/reservas,12.543831,200,success,
1789928014.055665,GET,GET /api/v1/reservas,17.031595,200,success,
1789928014.067573,GET,GET /api/v1/reservas,9.619380,200,success,
1789928014.120705,GET,GET /api/v1/reservas/{id},5.891920,200,success,
1789928014.316625,GET,GET /api/v1/reservas,56.760619,200,success,
1789928014.318973,GET,GET /api/v1/reservas,49.513415,200,success,
1789928014.320784,GET,GET /api/v1/reservas,103.981160,200,success,
1789928014.322326,GET,GET /api/v1/reservas,109.106988,200,success,
1789928014.330970,GET,GET /api/v1/reservas,78.568533,200,success,
1789928014.331456,GET,GET /api/v1/reservas,38.310746,200,success,
1789928014.333159,GET,GET /api/v1/reservas,26.138596,200,success,
1789928014.403306,GET,GET /api/v1/reservas,9.760704,200,success,
1789928014.414505,GET,GET /api/v1/reservas/{id},5.016854,200,success,
1789928014.429955,GET,GET /api/v1/reservas,7.462561,200,success,
1789928014.430435,GET,GET /api/v1/reservas,12.654359,200,success,
1789928014.521716,GET,GET /api/v1/reservas,11.279376,200,success,
1789928014.539034,GET,GET /api/v1/reservas,9.955298,200,success,
1789928014.586408,GET,GET /api/v1/reservas/{id},10.646677,200,success,
1789928014.603148,GET,GET /api/v1/reservas,9.406677,200,success,
1789928014.664603,GET,GET /api/v1/reservas/{id},10.109452,200,success,
1789928014.667669,GET,GET /api/v1/reservas,15.181290,200,success,
1789928014.753773,GET,GET /api/v1/reservas,12.778188,200,success,
1789928014.756820,GET,GET /api/v1/reservas/{id},6.674838,200,success,
1789928014.789596,GET,GET /api/v1/reservas,10.442418,200,success,
1789928014.804289,GET,GET /api/v1/reservas,11.053854,200,success,
1789928014.839786,GET,GET /api/v1/reservas,33.152889,200,success,
1789928014.881610,GET,GET /api/v1/reservas/{id},10.473896,200,success,
1789928014.936443,GET,GET /api/v1/reservas/{id},8.578802,200,success,
1789928014.995016,GET,GET /api/v1/reservas,9.125070,200,success,
1789928015.024050,GET,GET /api/v1/reservas,12.610975,200,success,
1789928015.024194,GET,GET /api/v1/reservas/{id},7.951532,200,success,
1789928015.088467,GET,GET /api/v1/reservas,17.902595,200,success,
1789928015.122511,GET,GET /api/v1/reservas,9.315880,200,success,
1789928015.192678,GET,GET /api/v1/reservas/{id},57.863591,200,success,
1789928015.208822,GET,GET /api/v1/reservas,18.997884,200,success,
1789928015.241472,GET,GET /api/v1/reservas,31.122652,200,success,
1789928015.441471,GET,GET /api/v1/reservas,31.541676,200,success,
1789928015.447271,GET,GET /api/v1/reservas,18.724971,200,success,
1789928015.508009,GET,GET /api/v1/reservas,39.331433,200,success,
1789928015.544133,GET,GET /api/v1/reservas/{id},86.646496,200,success,
1789928015.555006,GET,GET /api/v1/reservas,40.386192,200,success,
1789928015.584624,GET,GET /api/v1/reservas,10.249415,200,success,
1789928015.614153,GET,GET /api/v1/reservas/{id},7.301527,200,success,
1789928015.722873,GET,GET /api/v1/reservas,13.264964,200,success,
1789928015.798122,GET,GET /api/v1/reservas/{id},34.407249,200,success,
1789928015.798258,GET,GET /api/v1/reservas/{id},41.144601,200,success,
1789928015.800696,GET,GET /api/v1/reservas,41.525428,200,success,
1789928015.837045,GET,GET /api/v1/reservas/{id},6.141670,200,success,
1789928015.883133,GET,GET /api/v1/reservas,31.775460,200,success,
1789928015.998798,GET,GET /api/v1/reservas/{id},13.350826,200,success,
1789928016.011578,GET,GET /api/v1/reservas,50.897824,200,success,
1789928016.027763,GET,GET /api/v1/reservas,28.706530,200,success,
1789928016.062510,GET,GET /api/v1/reservas,24.397058,200,success,
1789928016.117207,GET,GET /api/v1/reservas,70.056171,200,success,
1789928016.154318,GET,GET /api/v1/reservas,87.374689,200,success,
1789928016.154733,GET,GET /api/v1/reservas/{id},84.772034,200,success,
1789928016.360766,GET,GET /api/v1/reservas,153.603540,200,success,
1789928016.366518,GET,GET /api/v1/reservas,44.106931,200,success,
1789928016.396753,GET,GET /api/v1/reservas/{id},11.666102,200,success,
1789928016.397327,GET,GET /api/v1/reservas,14.491303,200,success,
1789928016.409476,GET,GET /api/v1/reservas,8.832607,200,success,
1789928016.412522,GET,GET /api/v1/reservas,6.138534,200,success,
1789928016.588399,GET,GET /api/v1/reservas/{id},4.957995,200,success,
1789928016.604750,GET,GET /api/v1/reservas,5.068412,200,success,
1789928016.658733,GET,GET /api/v1/reservas/{id},4.765754,200,success,
1789928016.671731,GET,GET /api/v1/reservas,5.726269,200,success,
1789928016.689633,GET,GET /api/v1/reservas,4.616016,200,success,
1789928016.706206,GET,GET /api/v1/reservas,5.317400,200,success,
1789928016.727344,GET,GET /api/v1/reservas,6.847908,200,success,
1789928016.727848,GET,GET /api/v1/reservas,6.919519,200,success,
1789928016.747166,GET,GET /api/v1/reservas,5.068423,200,success,
1789928016.759329,GET,GET /api/v1/reservas/{id},3.993522,200,success,
1789928016.805170,GET,GET /api/v1/reservas,5.529930,200,success,
1789928016.824671,GET,GET /api/v1/reservas,5.222315,200,success,
1789928016.851881,GET,GET /api/v1/reservas/{id},4.000112,200,success,
1789928016.933678,GET,GET /api/v1/reservas,7.436481,200,success,
1789928016.950427,GET,GET /api/v1/reservas/{id},5.527357,200,success,
1789928017.016231,GET,GET /api/v1/reservas/{id},5.977009,200,success,
1789928017.018142,GET,GET /api/v1/reservas,8.378729,200,success,
1789928017.031465,GET,GET /api/v1/reservas,6.058793,200,success,
1789928017.034372,GET,GET /api/v1/reservas/{id},3.654820,200,success,
1789928017.094618,GET,GET /api/v1/reservas,19.918329,200,success,
1789928017.097512,GET,GET /api/v1/reservas,5.143336,200,success,
1789928017.126439,GET,GET /api/v1/reservas,6.631221,200,success,
1789928017.277493,GET,GET /api/v1/reservas,6.581285,200,success,
1789928017.331420,GET,GET /api/v1/reservas,6.533101,200,success,
1789928017.367044,GET,GET /api/v1/reservas,7.299184,200,success,
1789928017.384526,GET,GET /api/v1/reservas,5.176897,200,success,
1789928017.437889,GET,GET /api/v1/reservas,6.043330,200,success,
1789928017.449628,GET,GET /api/v1/reservas,4.467411,200,success,
1789928017.564222,GET,GET /api/v1/reservas,36.452570,200,success,
1789928017.564579,GET,GET /api/v1/reservas,9.104280,200,success,
1789928017.564716,GET,GET /api/v1/reservas,64.792613,200,success,
1789928017.636265,GET,GET /api/v1/reservas,43.505279,200,success,
1789928017.644348,GET,GET /api/v1/reservas/{id},3.906521,200,success,
1789928017.644637,GET,GET /api/v1/reservas/{id},3.666217,200,success,
1789928017.701295,GET,GET /api/v1/reservas,5.388777,200,success,
1789928017.732795,GET,GET /api/v1/reservas,5.178991,200,success,
1789928017.853532,GET,GET /api/v1/reservas,44.320884,200,success,
1789928017.854177,GET,GET /api/v1/reservas,28.145689,200,success,
1789928017.947084,GET,GET /api/v1/reservas/{id},4.650659,200,success,
1789928017.991183,GET,GET /api/v1/reservas,8.715239,200,success,
1789928018.087462,GET,GET /api/v1/reservas/{id},4.970032,200,success,
1789928018.098602,GET,GET /api/v1/reservas,4.872146,200,success,
1789928018.159630,GET,GET /api/v1/reservas,7.703325,200,success,
1789928018.220191,GET,GET /api/v1/reservas,5.422489,200,success,
1789928018.220744,GET,GET /api/v1/reservas,7.835256,200,success,
1789928018.236630,GET,GET /api/v1/reservas,4.616517,200,success,
1789928018.304067,GET,GET /api/v1/reservas/{id},5.208845,200,success,
1789928018.308835,GET,GET /api/v1/reservas,5.510201,200,success,
1789928018.320446,GET,GET /api/v1/reservas,5.303899,200,success,
1789928018.345690,GET,GET /api/v1/reservas,4.965445,200,success,
1789928018.376827,GET,GET /api/v1/reservas,5.854834,200,success,
1789928018.383603,GET,GET /api/v1/reservas,4.520723,200,success,
1789928018.435903,GET,GET /api/v1/reservas,5.019317,200,success,
1789928018.495872,GET,GET /api/v1/reservas,5.220973,200,success,
1789928018.535771,GET,GET /api/v1/reservas,4.619351,200,success,
1789928018.566617,GET,GET /api/v1/reservas,4.608674,200,success,
1789928018.584759,GET,GET /api/v1/reservas,4.892335,200,success,
1789928018.592081,GET,GET /api/v1/reservas,4.072361,200,success,
1789928018.618772,GET,GET /api/v1/reservas,4.468592,200,success,
1789928018.633447,GET,GET /api/v1/reservas,4.454962,200,success,
1789928018.672299,GET,GET /api/v1/reservas/{id},3.665426,200,success,
1789928018.699261,GET,GET /api/v1/reservas,4.667985,200,success,
1789928018.737529,GET,GET /api/v1/reservas,4.964605,200,success,
1789928018.741637,GET,GET /api/v1/reservas/{id},2.954769,200,success,
1789928018.826560,GET,GET /api/v1/reservas/{id},4.673653,200,success,
1789928018.860387,GET,GET /api/v1/reservas,5.524652,200,success,
1789928018.974667,GET,GET /api/v1/reservas,5.873312,200,success,
1789928018.979088,GET,GET /api/v1/reservas/{id},3.208323,200,success,
1789928019.144013,GET,GET /api/v1/reservas/{id},4.560422,200,success,
1789928019.205899,GET,GET /api/v1/reservas,4.541462,200,success,
1789928019.206324,GET,GET /api/v1/reservas,7.041552,200,success,
1789928019.207084,GET,GET /api/v1/reservas/{id},6.165625,200,success,
1789928019.387125,GET,GET /api/v1/reservas/{id},5.673970,200,success,
1789928019.402978,GET,GET /api/v1/reservas,5.535520,200,success,
1789928019.601730,GET,GET /api/v1/reservas,8.074278,200,success,
1789928019.606316,GET,GET /api/v1/reservas,7.702374,200,success,
1789928019.607129,GET,GET /api/v1/reservas,6.203361,200,success,
1789928019.618626,GET,GET /api/v1/reservas/{id},6.368512,200,success,
1789928019.619288,GET,GET /api/v1/reservas,9.881677,200,success,
1789928019.632268,GET,GET /api/v1/reservas,5.622151,200,success,
1789928019.688303,GET,GET /api/v1/reservas/{id},5.791918,200,success,
1789928019.712182,GET,GET /api/v1/reservas,5.557082,200,success,
1789928019.764491,GET,GET /api/v1/reservas,5.983870,200,success,
1789928019.773330,GET,GET /api/v1/reservas,5.540798,200,success,
1789928019.773725,GET,GET /api/v1/reservas/{id},4.333518,200,success,
1789928019.782715,GET,GET /api/v1/reservas/{id},3.825619,200,success,
1789928019.793688,GET,GET /api/v1/reservas,5.689813,200,success,
1789928019.796309,GET,GET /api/v1/reservas,5.275566,200,success,
1789928019.801282,GET,GET /api/v1/reservas,4.765082,200,success,
1789928019.875177,GET,GET /api/v1/reservas,7.536513,200,success,
1789928019.905605,GET,GET /api/v1/reservas,6.163513,200,success,
1789928019.924240,GET,GET /api/v1/reservas/{id},4.430776,200,success,
1789928019.950949,GET,GET /api/v1/reservas,7.388357,200,success,
1789928019.988363,GET,GET /api/v1/reservas,9.046431,200,success,
1789928020.021502,GET,GET /api/v1/reservas,12.893852,200,success,
1789928020.110837,GET,GET /api/v1/reservas,7.859893,200,success,
1789928020.125832,GET,GET /api/v1/reservas,9.664869,200,success,
1789928020.132910,GET,GET /api/v1/reservas,7.977672,200,success,
1789928020.136976,GET,GET /api/v1/reservas,7.651266,200,success,
1789928020.164319,GET,GET /api/v1/reservas,9.983451,200,success,
1789928020.165878,GET,GET /api/v1/reservas/{id},8.800068,200,success,
1789928020.310471,GET,GET /api/v1/reservas/{id},5.333664,200,success,
1789928020.385690,GET,GET /api/v1/reservas/{id},4.941740,200,success,
1789928020.486252,GET,GET /api/v1/reservas,5.786010,200,success,
1789928020.504690,GET,GET /api/v1/reservas,4.787246,200,success,
1789928020.505266,GET,GET /api/v1/reservas,5.060609,200,success,
1789928020.511439,GET,GET /api/v1/reservas/{id},3.019366,200,success,
1789928020.525806,GET,GET /api/v1/reservas,4.101066,200,success,
1789928020.545195,GET,GET /api/v1/reservas/{id},3.223676,200,success,
1789928020.616153,GET,GET /api/v1/reservas/{id},4.371535,200,success,
1789928020.616482,GET,GET /api/v1/reservas/{id},5.117527,200,success,
1789928020.723061,GET,GET /api/v1/reservas,6.204203,200,success,
1789928020.770766,GET,GET /api/v1/reservas,5.360885,200,success,
1789928020.778011,GET,GET /api/v1/reservas,4.962271,200,success,
1789928020.814519,GET,GET /api/v1/reservas,6.174088,200,success,
1789928020.864424,GET,GET /api/v1/reservas,7.572117,200,success,
1789928020.996548,GET,GET /api/v1/reservas,12.279501,200,success,
1789928020.998245,GET,GET /api/v1/reservas/{id},6.169541,200,success,
1789928021.030088,GET,GET /api/v1/reservas,7.409851,200,success,
1789928021.082716,GET,GET /api/v1/reservas/{id},5.330299,200,success,
1789928021.095327,GET,GET /api/v1/reservas/{id},4.400771,200,success,
1789928021.125652,GET,GET /api/v1/reservas/{id},4.131322,200,success,
1789928021.137537,GET,GET /api/v1/reservas,4.640794,200,success,
1789928021.312130,GET,GET /api/v1/reservas/{id},5.214643,200,success,
1789928021.324442,GET,GET /api/v1/reservas,4.992337,200,success,
1789928021.377401,GET,GET /api/v1/reservas,5.677305,200,success,
1789928021.394908,GET,GET /api/v1/reservas,4.269141,200,success,
1789928021.433103,GET,GET /api/v1/reservas,4.916602,200,success,
1789928021.474245,GET,GET /api/v1/reservas,4.817491,200,success,
1789928021.501028,GET,GET /api/v1/reservas,4.483475,200,success,
1789928021.560390,GET,GET /api/v1/reservas,5.124707,200,success,
1789928021.634060,GET,GET /api/v1/reservas,6.403846,200,success,
1789928021.635250,GET,GET /api/v1/reservas,7.258882,200,success,
1789928021.655892,GET,GET /api/v1/reservas,4.425968,200,success,
1789928021.680311,GET,GET /api/v1/reservas,4.189910,200,success,
1789928021.686490,GET,GET /api/v1/reservas,3.935636,200,success,
1789928021.694566,GET,GET /api/v1/reservas,3.867272,200,success,
1789928021.768354,GET,GET /api/v1/reservas,5.456050,200,success,
1789928021.803280,GET,GET /api/v1/reservas/{id},3.731736,200,success,
1789928021.817870,GET,GET /api/v1/reservas/{id},3.427625,200,success,
1789928021.820572,GET,GET /api/v1/reservas/{id},3.312050,200,success,
1789928021.856117,GET,GET /api/v1/reservas,5.306343,200,success,
1789928021.861180,GET,GET /api/v1/reservas/{id},3.896616,200,success,
1789928021.921887,GET,GET /api/v1/reservas/{id},4.499589,200,success,
1789928022.003460,GET,GET /api/v1/reservas,9.205242,200,success,
1789928022.023571,GET,GET /api/v1/reservas,5.788713,200,success,
1789928022.027274,GET,GET /api/v1/reservas,4.710690,200,success,
1789928022.030628,GET,GET /api/v1/reservas/{id},4.059984,200,success,
1789928022.274349,GET,GET /api/v1/reservas,6.166366,200,success,
1789928022.280575,GET,GET /api/v1/reservas,3.962746,200,success,
1789928022.312566,GET,GET /api/v1/reservas/{id},3.808702,200,success,
1789928022.356049,GET,GET /api/v1/reservas,5.173541,200,success,
1789928022.376573,GET,GET /api/v1/reservas,4.284334,200,success,
1789928022.385929,GET,GET /api/v1/reservas,4.143259,200,success,
1789928022.446471,GET,GET /api/v1/reservas,5.270888,200,success,
1789928022.453603,GET,GET /api/v1/reservas,3.907121,200,success,
1789928022.555925,GET,GET /api/v1/reservas,5.575721,200,success,
1789928022.575698,GET,GET /api/v1/reservas,4.518918,200,success,
1789928022.584502,GET,GET /api/v1/reservas,4.583106,200,success,
1789928022.660352,GET,GET /api/v1/reservas,7.125380,200,success,
1789928022.817914,GET,GET /api/v1/reservas,12.439725,200,success,
1789928022.819360,GET,GET /api/v1/reservas,20.100035,200,success,
1789928022.827271,GET,GET /api/v1/reservas,9.067414,200,success,
1789928022.896491,GET,GET /api/v1/reservas,6.874359,200,success,
1789928022.930549,GET,GET /api/v1/reservas,12.569260,200,success,
1789928022.981181,GET,GET /api/v1/reservas/{id},7.342569,200,success,
1789928023.004158,GET,GET /api/v1/reservas/{id},16.734212,200,success,
1789928023.010129,GET,GET /api/v1/reservas,14.142966,200,success,
1789928023.012792,GET,GET /api/v1/reservas,13.982473,200,success,
1789928023.052553,GET,GET /api/v1/reservas/{id},5.528770,200,success,
1789928023.099103,GET,GET /api/v1/reservas/{id},10.315565,200,success,
1789928023.099772,GET,GET /api/v1/reservas/{id},5.692868,200,success,
1789928023.123116,GET,GET /api/v1/reservas/{id},6.130121,200,success,
1789928023.129028,GET,GET /api/v1/reservas,7.323771,200,success,
1789928023.244021,GET,GET /api/v1/reservas/{id},5.654821,200,success,
1789928023.311776,GET,GET /api/v1/reservas,5.451342,200,success,
1789928023.334328,GET,GET /api/v1/reservas,5.261385,200,success,
1789928023.378705,GET,GET /api/v1/reservas/{id},4.170812,200,success,
1789928023.388967,GET,GET /api/v1/reservas/{id},3.110294,200,success,
1789928023.471729,GET,GET /api/v1/reservas,5.413476,200,success,
1789928023.496545,GET,GET /api/v1/reservas/{id},3.635831,200,success,
1789928023.528856,GET,GET /api/v1/reservas/{id},10.116152,200,success,
1789928023.588427,GET,GET /api/v1/reservas,6.177954,200,success,
1789928023.654807,GET,GET /api/v1/reservas,5.320313,200,success,
1789928023.707775,GET,GET /api/v1/reservas,5.684606,200,success,
1789928023.720679,GET,GET /api/v1/reservas,6.685102,200,success,
1789928023.835123,GET,GET /api/v1/reservas,6.029398,200,success,
1789928023.929618,GET,GET /api/v1/reservas,6.107527,200,success,
1789928023.974853,GET,GET /api/v1/reservas,4.962300,200,success,
1789928023.983834,GET,GET /api/v1/reservas,4.739174,200,success,
1789928023.985741,GET,GET /api/v1/reservas,4.692272,200,success,
1789928024.032306,GET,GET /api/v1/reservas,5.253613,200,success,
1789928024.074438,GET,GET /api/v1/reservas,5.812921,200,success,
1789928024.083877,GET,GET /api/v1/reservas,5.177607,200,success,
1789928024.115265,GET,GET /api/v1/reservas,5.106920,200,success,
1789928024.136477,GET,GET /api/v1/reservas,4.900657,200,success,
1789928024.163704,GET,GET /api/v1/reservas/{id},4.034024,200,success,
1789928024.176100,GET,GET /api/v1/reservas/{id},7.197959,200,success,
1789928024.220611,GET,GET /api/v1/reservas,5.215726,200,success,
1789928024.313873,GET,GET /api/v1/reservas,5.863637,200,success,
1789928024.338921,GET,GET /api/v1/reservas/{id},3.843034,200,success,
1789928024.387416,GET,GET /api/v1/reservas,5.154973,200,success,
1789928024.410266,GET,GET /api/v1/reservas,4.585231,200,success,
1789928024.487010,GET,GET /api/v1/reservas,6.371067,200,success,
1789928024.506197,GET,GET /api/v1/reservas,4.520983,200,success,
1789928024.586481,GET,GET /api/v1/reservas,5.931871,200,success,
1789928024.611813,GET,GET /api/v1/reservas,5.237769,200,success,
1789928024.621121,GET,GET /api/v1/reservas/{id},3.151206,200,success,
1789928024.652969,GET,GET /api/v1/reservas,4.595095,200,success,
1789928024.705255,GET,GET /api/v1/reservas,4.973769,200,success,
1789928024.779115,GET,GET /api/v1/reservas,5.488609,200,success,
1789928024.787359,GET,GET /api/v1/reservas,4.012431,200,success,
1789928024.800770,GET,GET /api/v1/reservas/{id},3.258458,200,success,
1789928024.890013,GET,GET /api/v1/reservas,5.832560,200,success,
1789928024.897397,GET,GET /api/v1/reservas/{id},3.213630,200,success,
1789928024.916088,GET,GET /api/v1/reservas,4.384666,200,success,
1789928024.943033,GET,GET /api/v1/reservas,4.698171,200,success,
1789928024.980123,GET,GET /api/v1/reservas/{id},3.909885,200,success,
1789928025.028045,GET,GET /api/v1/reservas,5.600399,200,success,
1789928025.031128,GET,GET /api/v1/reservas,4.072523,200,success,
1789928025.038564,GET,GET /api/v1/reservas,4.191633,200,success,
1789928025.081161,GET,GET /api/v1/reservas,5.330710,200,success,
1789928025.142624,GET,GET /api/v1/reservas/{id},4.239715,200,success,
1789928025.215281,GET,GET /api/v1/reservas,9.101455,200,success,
1789928025.252256,GET,GET /api/v1/reservas/{id},4.735557,200,success,
1789928025.263029,GET,GET /api/v1/reservas/{id},3.583611,200,success,
1789928025.285711,GET,GET /api/v1/reservas/{id},3.504992,200,success,
1789928025.382123,GET,GET /api/v1/reservas/{id},5.135864,200,success,
1789928025.391551,GET,GET /api/v1/reservas,6.088709,200,success,
1789928025.401679,GET,GET /api/v1/reservas,4.861799,200,success,
1789928025.463683,GET,GET /api/v1/reservas/{id},4.771513,200,success,
1789928025.470547,GET,GET /api/v1/reservas/{id},3.677554,200,success,
1789928025.560834,GET,GET /api/v1/reservas,5.933443,200,success,
1789928025.567106,GET,GET /api/v1/reservas,4.965677,200,success,
1789928025.598917,GET,GET /api/v1/reservas,4.704080,200,success,
1789928025.615523,GET,GET /api/v1/reservas,4.357154,200,success,
1789928025.637052,GET,GET /api/v1/reservas,4.279276,200,success,
1789928025.655432,GET,GET /api/v1/reservas,4.146024,200,success,
1789928025.660578,GET,GET /api/v1/reservas,3.944038,200,success,
1789928025.802590,GET,GET /api/v1/reservas,6.636859,200,success,
1789928025.838003,GET,GET /api/v1/reservas,5.076844,200,success,
1789928025.847898,GET,GET /api/v1/reservas,4.596216,200,success,
1789928025.885795,GET,GET /api/v1/reservas,8.463488,200,success,
1789928025.927764,GET,GET /api/v1/reservas,6.650881,200,success,
1789928025.955446,GET,GET /api/v1/reservas,6.400652,200,success,
1789928025.988555,GET,GET /api/v1/reservas/{id},6.854700,200,success,
1789928026.056520,GET,GET /api/v1/reservas/{id},8.674447,200,success,
1789928026.056937,GET,GET /api/v1/reservas/{id},5.976228,200,success,
1789928026.104352,GET,GET /api/v1/reservas/{id},9.191702,200,success,
1789928026.109696,GET,GET /api/v1/reservas,5.726990,200,success,
1789928026.121658,GET,GET /api/v1/reservas,5.623323,200,success,
1789928026.170678,GET,GET /api/v1/reservas,6.681687,200,success,
1789928026.185728,GET,GET /api/v1/reservas,4.779725,200,success,
1789928026.200267,GET,GET /api/v1/reservas,4.303202,200,success,
1789928026.222451,GET,GET /api/v1/reservas/{id},4.013022,200,success,
1789928026.252382,GET,GET /api/v1/reservas,4.676307,200,success,
1789928026.272841,GET,GET /api/v1/reservas/{id},3.288714,200,success,
1789928026.312633,GET,GET /api/v1/reservas/{id},3.596902,200,success,
1789928026.334613,GET,GET /api/v1/reservas,4.723709,200,success,
1789928026.418483,GET,GET /api/v1/reservas/{id},7.534830,200,success,
1789928026.437776,GET,GET /api/v1/reservas/{id},7.068813,200,success,
1789928026.500237,GET,GET /api/v1/reservas,9.036266,200,success,
1789928026.524872,GET,GET /api/v1/reservas/{id},4.785052,200,success,
1789928026.619659,GET,GET /api/v1/reservas,6.974411,200,success,
1789928026.711347,GET,GET /api/v1/reservas,7.262287,200,success,
1789928027.011516,GET,GET /api/v1/reservas,6.814328,200,success,
1789928027.064348,GET,GET /api/v1/reservas/{id},4.595074,200,success,
1789928027.106749,GET,GET /api/v1/reservas/{id},4.193826,200,success,
1789928027.153210,GET,GET /api/v1/reservas,6.142981,200,success,
1789928027.153601,GET,GET /api/v1/reservas,6.144863,200,success,
1789928027.159945,GET,GET /api/v1/reservas/{id},3.197276,200,success,
1789928027.166144,GET,GET /api/v1/reservas,3.939911,200,success,
1789928027.172877,GET,GET /api/v1/reservas,4.483936,200,success,
1789928027.201015,GET,GET /api/v1/reservas/{id},3.922605,200,success,
1789928027.227593,GET,GET /api/v1/reservas/{id},4.374211,200,success,
1789928027.261813,GET,GET /api/v1/reservas,5.885601,200,success,
1789928027.262559,GET,GET /api/v1/reservas,4.966468,200,success,
1789928027.266245,GET,GET /api/v1/reservas,4.276792,200,success,
1789928027.375294,GET,GET /api/v1/reservas,6.638151,200,success,
1789928027.479584,GET,GET /api/v1/reservas,5.881914,200,success,
1789928027.492070,GET,GET /api/v1/reservas/{id},3.308244,200,success,
1789928027.499170,GET,GET /api/v1/reservas/{id},2.948138,200,success,
1789928027.511374,GET,GET /api/v1/reservas/{id},3.054459,200,success,
1789928027.549939,GET,GET /api/v1/reservas,5.312192,200,success,
1789928027.552659,GET,GET /api/v1/reservas/{id},3.466774,200,success,
1789928027.564895,GET,GET /api/v1/reservas,4.008887,200,success,
1789928027.605659,GET,GET /api/v1/reservas,4.680354,200,success,
1789928027.640437,GET,GET /api/v1/reservas,4.530136,200,success,
1789928027.699661,GET,GET /api/v1/reservas,4.947379,200,success,
1789928027.780618,GET,GET /api/v1/reservas,5.619377,200,success,
1789928027.792117,GET,GET /api/v1/reservas/{id},3.332792,200,success,
1789928027.851040,GET,GET /api/v1/reservas/{id},4.725351,200,success,
1789928027.887081,GET,GET /api/v1/reservas,4.728958,200,success,
1789928027.907439,GET,GET /api/v1/reservas,5.100701,200,success,
1789928027.922917,GET,GET /api/v1/reservas,4.248890,200,success,
1789928027.938396,GET,GET /api/v1/reservas/{id},3.315395,200,success,
1789928027.995911,GET,GET /api/v1/reservas,6.178305,200,success,
1789928028.031025,GET,GET /api/v1/reservas/{id},4.908209,200,success,
1789928028.037281,GET,GET /api/v1/reservas,4.968761,200,success,
1789928028.113875,GET,GET /api/v1/reservas,6.206928,200,success,
1789928028.130509,GET,GET /api/v1/reservas,5.335456,200,success,
1789928028.139181,GET,GET /api/v1/reservas/{id},3.509850,200,success,
1789928028.216031,GET,GET /api/v1/reservas,6.485929,200,success,
1789928028.217736,GET,GET /api/v1/reservas,4.458837,200,success,
1789928028.232610,GET,GET /api/v1/reservas/{id},3.751637,200,success,
1789928028.467100,GET,GET /api/v1/reservas,5.966883,200,success,
1789928028.535542,GET,GET /api/v1/reservas,6.730191,200,success,
1789928028.535892,GET,GET /api/v1/reservas,6.712284,200,success,
1789928028.546064,GET,GET /api/v1/reservas,3.938089,200,success,
1789928028.614482,GET,GET /api/v1/reservas/{id},4.466240,200,success,
1789928028.653378,GET,GET /api/v1/reservas/{id},3.701410,200,success,
1789928028.704385,GET,GET /api/v1/reservas/{id},3.793400,200,success,
1789928028.728292,GET,GET /api/v1/reservas,4.645551,200,success,
1789928028.827429,GET,GET /api/v1/reservas,5.759619,200,success,
1789928028.889376,GET,GET /api/v1/reservas,5.633068,200,success,
1789928028.898494,GET,GET /api/v1/reservas,4.869049,200,success,
1789928029.043677,GET,GET /api/v1/reservas,5.829185,200,success,
1789928029.056616,GET,GET /api/v1/reservas,4.651440,200,success,
1789928029.097096,GET,GET /api/v1/reservas,5.148293,200,success,
1789928029.099800,GET,GET /api/v1/reservas,4.237844,200,success,
1789928029.158973,GET,GET /api/v1/reservas,5.887965,200,success,
1789928029.183867,GET,GET /api/v1/reservas/{id},3.689262,200,success,
1789928029.201619,GET,GET /api/v1/reservas,4.498568,200,success,
1789928029.230965,GET,GET /api/v1/reservas,6.062478,200,success,
1789928029.277057,GET,GET /api/v1/reservas,5.765880,200,success,
1789928029.309260,GET,GET /api/v1/reservas,4.918904,200,success,
1789928029.349754,GET,GET /api/v1/reservas,5.178769,200,success,
1789928029.371711,GET,GET /api/v1/reservas,4.695086,200,success,
1789928029.402642,GET,GET /api/v1/reservas/{id},3.726238,200,success,
1789928029.420410,GET,GET /api/v1/reservas/{id},3.593527,200,success,
1789928029.452545,GET,GET /api/v1/reservas,4.822249,200,success,
1789928029.462806,GET,GET /api/v1/reservas,5.011646,200,success,
1789928029.497957,GET,GET /api/v1/reservas,4.894309,200,success,
1789928029.514339,GET,GET /api/v1/reservas,5.132430,200,success,
1789928029.693557,GET,GET /api/v1/reservas/{id},5.082363,200,success,
1789928029.739142,GET,GET /api/v1/reservas,5.244059,200,success,
1789928029.787448,GET,GET /api/v1/reservas/{id},4.095668,200,success,
1789928029.805838,GET,GET /api/v1/reservas,5.106339,200,success,
1789928029.806698,GET,GET /api/v1/reservas,4.402203,200,success,
1789928029.839525,GET,GET /api/v1/reservas,4.587773,200,success,
1789928029.851784,GET,GET /api/v1/reservas,4.991105,200,success,
1789928029.853727,GET,GET /api/v1/reservas,4.347539,200,success,
1789928029.872845,GET,GET /api/v1/reservas,5.463360,200,success,
1789928029.873292,GET,GET /api/v1/reservas,6.310654,200,success,
1789928029.874442,GET,GET /api/v1/reservas,4.449644,200,success,
1789928029.882471,GET,GET /api/v1/reservas/{id},3.868974,200,success,
1789928029.900547,GET,GET /api/v1/reservas,4.789009,200,success,
1789928029.965908,GET,GET /api/v1/reservas,6.040716,200,success,
1789928030.066542,GET,GET /api/v1/reservas/{id},5.323659,200,success,
1789928030.079180,GET,GET /api/v1/reservas,5.304870,200,success,
1789928030.094216,GET,GET /api/v1/reservas,4.744130,200,success,
1789928030.200130,GET,GET /api/v1/reservas,6.498420,200,success,
1789928030.200674,GET,GET /api/v1/reservas,5.309387,200,success,
1789928030.231534,GET,GET /api/v1/reservas,5.573537,200,success,
1789928030.236786,GET,GET /api/v1/reservas,4.028416,200,success,
1789928030.319179,GET,GET /api/v1/reservas/{id},5.134773,200,success,
1789928030.386011,GET,GET /api/v1/reservas,13.449805,200,success,
1789928030.386416,GET,GET /api/v1/reservas/{id},8.419101,200,success,
1789928030.490860,GET,GET /api/v1/reservas/{id},5.536711,200,success,
1789928030.500371,GET,GET /api/v1/reservas,7.174334,200,success,
1789928030.514868,GET,GET /api/v1/reservas/{id},5.282877,200,success,
1789928030.674062,GET,GET /api/v1/reservas/{id},4.997775,200,success,
1789928030.786109,GET,GET /api/v1/reservas,7.700892,200,success,
1789928030.790481,GET,GET /api/v1/reservas,5.489110,200,success,
1789928030.807176,GET,GET /api/v1/reservas/{id},4.498098,200,success,
1789928030.916537,GET,GET /api/v1/reservas,7.983690,200,success,
1789928030.968004,GET,GET /api/v1/reservas/{id},4.240727,200,success,
1789928031.052172,GET,GET /api/v1/reservas,5.797898,200,success,
1789928031.137863,GET,GET /api/v1/reservas,8.326129,200,success,
1789928031.138286,GET,GET /api/v1/reservas,6.375944,200,success,
1789928031.177615,GET,GET /api/v1/reservas,8.016641,200,success,
1789928031.224575,GET,GET /api/v1/reservas,7.661482,200,success,
1789928031.246835,GET,GET /api/v1/reservas,5.919872,200,success,
1789928031.279509,GET,GET /api/v1/reservas/{id},5.404422,200,success,
1789928031.317488,GET,GET /api/v1/reservas/{id},8.688288,200,success,
1789928031.318819,GET,GET /api/v1/reservas,7.700812,200,success,
1789928031.345925,GET,GET /api/v1/reservas,9.739221,200,success,
1789928031.548394,GET,GET /api/v1/reservas,5.948967,200,success,
1789928031.557597,GET,GET /api/v1/reservas,3.975445,200,success,
1789928031.565713,GET,GET /api/v1/reservas,3.867562,200,success,
1789928031.596539,GET,GET /api/v1/reservas,4.585000,200,success,
1789928031.659276,GET,GET /api/v1/reservas/{id},4.780326,200,success,
1789928031.659843,GET,GET /api/v1/reservas,4.877874,200,success,
1789928031.665920,GET,GET /api/v1/reservas/{id},2.934978,200,success,
1789928031.681197,GET,GET /api/v1/reservas/{id},3.135613,200,success,
1789928031.726862,GET,GET /api/v1/reservas,5.421927,200,success,
1789928031.805291,GET,GET /api/v1/reservas/{id},5.170987,200,success,
1789928031.825867,GET,GET /api/v1/reservas/{id},3.380925,200,success,
1789928031.867296,GET,GET /api/v1/reservas,5.113221,200,success,
1789928031.885214,GET,GET /api/v1/reservas,4.616367,200,success,
1789928031.916497,GET,GET /api/v1/reservas,4.942271,200,success,
1789928031.920336,GET,GET /api/v1/reservas,4.470747,200,success,
1789928031.947706,GET,GET /api/v1/reservas,5.129374,200,success,
1789928032.001720,GET,GET /api/v1/reservas,5.691876,200,success,
1789928032.025912,GET,GET /api/v1/reservas/{id},4.952737,200,success,
1789928032.047375,GET,GET /api/v1/reservas,11.170671,200,success,
1789928032.047914,GET,GET /api/v1/reservas,6.091031,200,success,
1789928032.104401,GET,GET /api/v1/reservas/{id},4.287428,200,success,
1789928032.157909,GET,GET /api/v1/reservas,5.218499,200,success,
1789928032.192435,GET,GET /api/v1/reservas,4.845603,200,success,
1789928032.192783,GET,GET /api/v1/reservas,5.646337,200,success,
1789928032.252469,GET,GET /api/v1/reservas,5.391071,200,success,
1789928032.263944,GET,GET /api/v1/reservas,4.243702,200,success,
1789928032.266832,GET,GET /api/v1/reservas/{id},3.581007,200,success,
1789928032.285541,GET,GET /api/v1/reservas,4.452748,200,success,
1789928032.335007,GET,GET /api/v1/reservas,5.146080,200,success,
1789928032.367893,GET,GET /api/v1/reservas,5.228765,200,success,
1789928032.368260,GET,GET /api/v1/reservas,6.027174,200,success,
1789928032.400162,GET,GET /api/v1/reservas,4.634695,200,success,
1789928032.487308,GET,GET /api/v1/reservas,6.736430,200,success,
1789928032.494972,GET,GET /api/v1/reservas/{id},3.475257,200,success,
1789928032.501386,GET,GET /api/v1/reservas,4.139173,200,success,
1789928032.552685,GET,GET /api/v1/reservas,5.012587,200,success,
1789928032.571338,GET,GET /api/v1/reservas,4.392067,200,success,
1789928032.605361,GET,GET /api/v1/reservas,4.759294,200,success,
1789928032.627121,GET,GET /api/v1/reservas,4.440490,200,success,
1789928032.628806,GET,GET /api/v1/reservas/{id},3.670823,200,success,
1789928032.654479,GET,GET /api/v1/reservas,4.445158,200,success,
1789928032.729207,GET,GET /api/v1/reservas/{id},4.498739,200,success,
1789928032.748725,GET,GET /api/v1/reservas/{id},3.338469,200,success,
1789928032.760309,GET,GET /api/v1/reservas,4.351575,200,success,
1789928033.085441,GET,GET /api/v1/reservas,6.613453,200,success,
1789928033.215811,GET,GET /api/v1/reservas,7.548190,200,success,
1789928033.278782,GET,GET /api/v1/reservas/{id},5.666128,200,success,
1789928033.288386,GET,GET /api/v1/reservas,6.263544,200,success,
1789928033.308030,GET,GET /api/v1/reservas,6.256632,200,success,
1789928033.313018,GET,GET /api/v1/reservas,5.612857,200,success,
1789928033.339445,GET,GET /api/v1/reservas,8.087638,200,success,
1789928033.431232,GET,GET /api/v1/reservas,10.049531,200,success,
1789928033.433567,GET,GET /api/v1/reservas,5.477371,200,success,
1789928033.479502,GET,GET /api/v1/reservas,7.481400,200,success,
1789928033.494460,GET,GET /api/v1/reservas,6.609267,200,success,
1789928033.519647,GET,GET /api/v1/reservas,11.589374,200,success,
1789928033.580240,GET,GET /api/v1/reservas,14.150087,200,success,
1789928033.584090,GET,GET /api/v1/reservas/{id},5.562280,200,success,
1789928033.613218,GET,GET /api/v1/reservas,5.878870,200,success,
1789928033.644581,GET,GET /api/v1/reservas/{id},4.182339,200,success,
1789928033.644871,GET,GET /api/v1/reservas/{id},4.135939,200,success,
1789928033.687082,GET,GET /api/v1/reservas/{id},4.020913,200,success,
1789928033.690120,GET,GET /api/v1/reservas,4.316873,200,success,
1789928033.721118,GET,GET /api/v1/reservas,4.716869,200,success,
1789928033.748914,GET,GET /api/v1/reservas,4.549846,200,success,
1789928033.758735,GET,GET /api/v1/reservas,4.562075,200,success,
1789928033.760719,GET,GET /api/v1/reservas,3.997839,200,success,
1789928033.896110,GET,GET /api/v1/reservas,5.931881,200,success,
1789928033.914975,GET,GET /api/v1/reservas,4.564798,200,success,
1789928033.976802,GET,GET /api/v1/reservas/{id},4.588115,200,success,
1789928034.056274,GET,GET /api/v1/reservas,6.101348,200,success,
1789928034.110724,GET,GET /api/v1/reservas,5.139580,200,success,
1789928034.167857,GET,GET /api/v1/reservas,5.856808,200,success,
1789928034.183794,GET,GET /api/v1/reservas,4.667134,200,success,
1789928034.246615,GET,GET /api/v1/reservas,5.521659,200,success,
1789928034.255032,GET,GET /api/v1/reservas,6.112845,200,success,
1789928034.325067,GET,GET /api/v1/reservas,6.663499,200,success,
1789928034.395960,GET,GET /api/v1/reservas,5.539136,200,success,
1789928034.464400,GET,GET /api/v1/reservas,6.081298,200,success,
1789928034.488176,GET,GET /api/v1/reservas/{id},3.577122,200,success,
1789928034.514476,GET,GET /api/v1/reservas,4.621916,200,success,
1789928034.664750,GET,GET /api/v1/reservas,6.047395,200,success,
1789928034.672016,GET,GET /api/v1/reservas,4.014205,200,success,
1789928034.688550,GET,GET /api/v1/reservas,4.303843,200,success,
1789928034.704101,GET,GET /api/v1/reservas,4.304003,200,success,
1789928034.745677,GET,GET /api/v1/reservas,5.298231,200,success,
1789928034.773081,GET,GET /api/v1/reservas,5.115364,200,success,
1789928034.775562,GET,GET /api/v1/reservas/{id},3.066608,200,success,
1789928034.812334,GET,GET /api/v1/reservas/{id},3.597382,200,success,
1789928034.827259,GET,GET /api/v1/reservas,4.701947,200,success,
1789928034.843654,GET,GET /api/v1/reservas/{id},3.241372,200,success,
1789928034.863449,GET,GET /api/v1/reservas,4.539450,200,success,
1789928034.879006,GET,GET /api/v1/reservas,4.298235,200,success,
1789928034.909206,GET,GET /api/v1/reservas,4.944195,200,success,
1789928034.933191,GET,GET /api/v1/reservas,4.735968,200,success,
1789928034.978616,GET,GET /api/v1/reservas/{id},4.229560,200,success,
1789928034.994922,GET,GET /api/v1/reservas/{id},3.141481,200,success,
1789928035.025483,GET,GET /api/v1/reservas,5.256987,200,success,
1789928035.168933,GET,GET /api/v1/reservas,6.025273,200,success,
1789928035.185598,GET,GET /api/v1/reservas/{id},3.490111,200,success,
1789928035.287167,GET,GET /api/v1/reservas,8.161029,200,success,
1789928035.325980,GET,GET /api/v1/reservas,5.508299,200,success,
1789928035.352463,GET,GET /api/v1/reservas/{id},3.885559,200,success,
1789928035.353343,GET,GET /api/v1/reservas,5.049623,200,success,
1789928035.423206,GET,GET /api/v1/reservas,5.507478,200,success,
1789928035.437855,GET,GET /api/v1/reservas,4.417015,200,success,
1789928035.452827,GET,GET /api/v1/reservas,4.722958,200,success,
1789928035.465389,GET,GET /api/v1/reservas/{id},3.416128,200,success,
1789928035.510838,GET,GET /api/v1/reservas,4.878315,200,success,
1789928035.516778,GET,GET /api/v1/reservas,4.684000,200,success,
1789928035.647936,GET,GET /api/v1/reservas,6.008646,200,success,
1789928035.711564,GET,GET /api/v1/reservas,5.272841,200,success,
1789928035.744848,GET,GET /api/v1/reservas,5.028912,200,success,
1789928035.793056,GET,GET /api/v1/reservas,4.948351,200,success,
1789928035.816958,GET,GET /api/v1/reservas,4.627334,200,success,
1789928035.859295,GET,GET /api/v1/reservas,5.061000,200,success,
1789928035.876133,GET,GET /api/v1/reservas,4.597710,200,success,
1789928035.888502,GET,GET /api/v1/reservas/{id},3.208773,200,success,
1789928035.965896,GET,GET /api/v1/reservas,6.073896,200,success,
1789928035.996766,GET,GET /api/v1/reservas/{id},3.669421,200,success,
1789928036.102079,GET,GET /api/v1/reservas,5.911720,200,success,
1789928036.141349,GET,GET /api/v1/reservas/{id},4.053293,200,success,
1789928036.216443,GET,GET /api/v1/reservas,7.698708,200,success,
1789928036.219031,GET,GET /api/v1/reservas,6.044200,200,success,
1789928036.226051,GET,GET /api/v1/reservas,5.735403,200,success,
1789928036.266191,GET,GET /api/v1/reservas,7.812260,200,success,
1789928036.322003,GET,GET /api/v1/reservas/{id},6.534264,200,success,
1789928036.388087,GET,GET /api/v1/reservas,10.827500,200,success,
1789928036.452961,GET,GET /api/v1/reservas,6.484228,200,success,
1789928036.469188,GET,GET /api/v1/reservas,4.945355,200,success,
1789928036.479872,GET,GET /api/v1/reservas/{id},3.505403,200,success,
1789928036.484308,GET,GET /api/v1/reservas/{id},3.268813,200,success,
1789928036.509032,GET,GET /api/v1/reservas,5.049713,200,success,
1789928036.541162,GET,GET /api/v1/reservas,4.848619,200,success,
1789928036.567924,GET,GET /api/v1/reservas/{id},3.578624,200,success,
1789928036.571163,GET,GET /api/v1/reservas,4.150310,200,success,
1789928036.602932,GET,GET /api/v1/reservas/{id},3.596862,200,success,
1789928036.721716,GET,GET /api/v1/reservas/{id},7.678137,200,success,
1789928036.748133,GET,GET /api/v1/reservas,6.056680,200,success,
1789928036.827456,GET,GET /api/v1/reservas,7.965633,200,success,
1789928036.873179,GET,GET /api/v1/reservas,7.347496,200,success,
1789928036.883019,GET,GET /api/v1/reservas,6.527713,200,success,
1789928036.913279,GET,GET /api/v1/reservas/{id},7.008693,200,success,
1789928037.006639,GET,GET /api/v1/reservas/{id},6.046374,200,success,
1789928037.030303,GET,GET /api/v1/reservas,7.362289,200,success,
1789928037.050509,GET,GET /api/v1/reservas,4.929682,200,success,
1789928037.053777,GET,GET /api/v1/reservas/{id},3.180270,200,success,
1789928037.118471,GET,GET /api/v1/reservas,6.346829,200,success,
1789928037.119877,GET,GET /api/v1/reservas,4.066283,200,success,
1789928037.136146,GET,GET /api/v1/reservas,8.984587,200,success,
1789928037.190388,GET,GET /api/v1/reservas,5.917850,200,success,
1789928037.222846,GET,GET /api/v1/reservas/{id},5.207201,200,success,
1789928037.316398,GET,GET /api/v1/reservas,6.139766,200,success,
1789928037.319272,GET,GET /api/v1/reservas,4.301779,200,success,
1789928037.369487,GET,GET /api/v1/reservas,4.943893,200,success,
1789928037.379860,GET,GET /api/v1/reservas,4.155868,200,success,
1789928037.464653,GET,GET /api/v1/reservas,6.438719,200,success,
1789928037.500641,GET,GET /api/v1/reservas,4.685172,200,success,
1789928037.569365,GET,GET /api/v1/reservas/{id},4.519080,200,success,
1789928037.628723,GET,GET /api/v1/reservas/{id},4.188558,200,success,
1789928037.685437,GET,GET /api/v1/reservas,5.427515,200,success,
1789928037.813561,GET,GET /api/v1/reservas/{id},4.920117,200,success,
1789928037.844785,GET,GET /api/v1/reservas/{id},3.437600,200,success,
1789928037.844966,GET,GET /api/v1/reservas,6.121408,200,success,
1789928037.846532,GET,GET /api/v1/reservas/{id},3.552335,200,success,
1789928037.902532,GET,GET /api/v1/reservas,5.694420,200,success,
1789928037.936651,GET,GET /api/v1/reservas,4.857943,200,success,
1789928038.017338,GET,GET /api/v1/reservas,9.368399,200,success,
1789928038.111126,GET,GET /api/v1/reservas,6.370976,200,success,
1789928038.128789,GET,GET /api/v1/reservas,6.214298,200,success,
1789928038.129234,GET,GET /api/v1/reservas,7.873914,200,success,
1789928038.152917,GET,GET /api/v1/reservas/{id},3.525142,200,success,
1789928038.180469,GET,GET /api/v1/reservas,5.242947,200,success,
1789928038.216815,GET,GET /api/v1/reservas,6.057161,200,success,
1789928038.323436,GET,GET /api/v1/reservas,11.184522,200,success,
1789928038.329153,GET,GET /api/v1/reservas,8.435665,200,success,
1789928038.353893,GET,GET /api/v1/reservas/{id},4.542696,200,success,
1789928038.366677,GET,GET /api/v1/reservas/{id},3.606337,200,success,
1789928038.399403,GET,GET /api/v1/reservas,5.423541,200,success,
1789928038.399806,GET,GET /api/v1/reservas,4.204562,200,success,
1789928038.414760,GET,GET /api/v1/reservas,4.733816,200,success,
1789928038.505121,GET,GET /api/v1/reservas,6.516546,200,success,
1789928038.505542,GET,GET /api/v1/reservas,6.571420,200,success,
1789928038.517771,GET,GET /api/v1/reservas,4.007655,200,success,
1789928038.523292,GET,GET /api/v1/reservas,4.278244,200,success,
1789928038.524729,GET,GET /api/v1/reservas,4.183361,200,success,
1789928038.637083,GET,GET /api/v1/reservas,6.158153,200,success,
1789928038.637864,GET,GET /api/v1/reservas/{id},3.283767,200,success,
1789928038.702398,GET,GET /api/v1/reservas,5.241264,200,success,
1789928038.725264,GET,GET /api/v1/reservas,4.596186,200,success,
1789928038.857462,GET,GET /api/v1/reservas,5.720071,200,success,
1789928038.857910,GET,GET /api/v1/reservas,7.270169,200,success,
1789928038.871198,GET,GET /api/v1/reservas/{id},3.135322,200,success,
1789928038.875262,GET,GET /api/v1/reservas/{id},2.923322,200,success,
1789928038.888805,GET,GET /api/v1/reservas,4.305996,200,success,
1789928038.917543,GET,GET /api/v1/reservas/{id},3.561097,200,success,
1789928038.964155,GET,GET /api/v1/reservas,5.273944,200,success,
1789928038.969296,GET,GET /api/v1/reservas,3.915224,200,success,
1789928038.978492,GET,GET /api/v1/reservas,3.965500,200,success,
1789928038.996755,GET,GET /api/v1/reservas,5.041781,200,success,
1789928039.017660,GET,GET /api/v1/reservas,4.666984,200,success,
1789928039.030105,GET,GET /api/v1/reservas/{id},3.258359,200,success,
1789928039.089958,GET,GET /api/v1/reservas,5.530944,200,success,
1789928039.178647,GET,GET /api/v1/reservas,6.276973,200,success,
1789928039.227663,GET,GET /api/v1/reservas,5.735432,200,success,
1789928039.257497,GET,GET /api/v1/reservas,5.515288,200,success,
1789928039.261034,GET,GET /api/v1/reservas,5.280524,200,success,
1789928039.365733,GET,GET /api/v1/reservas,6.327802,200,success,
1789928039.437105,GET,GET /api/v1/reservas,7.026219,200,success,
1789928039.528945,GET,GET /api/v1/reservas,6.443476,200,success,
1789928039.565014,GET,GET /api/v1/reservas/{id},3.842073,200,success,
1789928039.641401,GET,GET /api/v1/reservas/{id},4.388562,200,success,
1789928039.681672,GET,GET /api/v1/reservas,5.006398,200,success,
1789928039.701295,GET,GET /api/v1/reservas/{id},5.418843,200,success,
1789928039.715548,GET,GET /api/v1/reservas,4.937153,200,success,
1789928039.824020,GET,GET /api/v1/reservas/{id},5.167301,200,success,
1789928039.895525,GET,GET /api/v1/reservas,6.143712,200,success,
1789928039.927153,GET,GET /api/v1/reservas,5.293252,200,success,
1789928039.945878,GET,GET /api/v1/reservas,5.407326,200,success,
1789928039.946495,GET,GET /api/v1/reservas,4.415402,200,success,
1789928039.978620,GET,GET /api/v1/reservas,4.889741,200,success,
1789928040.079561,GET,GET /api/v1/reservas,6.589517,200,success,
1789928040.121628,GET,GET /api/v1/reservas/{id},4.817241,200,success,
1789928040.130677,GET,GET /api/v1/reservas,4.759574,200,success,
1789928040.152348,GET,GET /api/v1/reservas,5.383980,200,success,
1789928040.185820,GET,GET /api/v1/reservas,5.173231,200,success,
1789928040.205163,GET,GET /api/v1/reservas,5.041301,200,success,
1789928040.251089,GET,GET /api/v1/reservas/{id},4.706914,200,success,
1789928040.265431,GET,GET /api/v1/reservas,5.058376,200,success,
1789928040.278585,GET,GET /api/v1/reservas,4.879115,200,success,
1789928040.284018,GET,GET /api/v1/reservas,4.189930,200,success,
1789928040.347886,GET,GET /api/v1/reservas,6.513992,200,success,
1789928040.416222,GET,GET /api/v1/reservas/{id},5.067851,200,success,
1789928040.429149,GET,GET /api/v1/reservas/{id},3.739568,200,success,
1789928040.491500,GET,GET /api/v1/reservas,5.698056,200,success,
1789928040.537511,GET,GET /api/v1/reservas/{id},4.422003,200,success,
1789928040.551350,GET,GET /api/v1/reservas,4.548955,200,success,
1789928040.554647,GET,GET /api/v1/reservas,4.287548,200,success,
1789928040.564942,GET,GET /api/v1/reservas,4.066513,200,success,
1789928040.573672,GET,GET /api/v1/reservas,7.553930,200,success,
1789928040.594869,GET,GET /api/v1/reservas,4.972295,200,success,
1789928040.622374,GET,GET /api/v1/reservas,4.481632,200,success,
1789928040.749264,GET,GET /api/v1/reservas/{id},5.564764,200,success,
1789928040.824908,GET,GET /api/v1/reservas/{id},5.764738,200,success,
1789928040.827933,GET,GET /api/v1/reservas/{id},3.709122,200,success,
1789928040.850326,GET,GET /api/v1/reservas,7.059660,200,success,
1789928040.894127,GET,GET /api/v1/reservas/{id},5.495509,200,success,
1789928040.939031,GET,GET /api/v1/reservas,10.506624,200,success,
1789928040.942170,GET,GET /api/v1/reservas,6.466882,200,success,
1789928040.952615,GET,GET /api/v1/reservas,5.180442,200,success,
1789928040.957440,GET,GET /api/v1/reservas,5.587258,200,success,
1789928041.019327,GET,GET /api/v1/reservas,5.524022,200,success,
1789928041.031839,GET,GET /api/v1/reservas/{id},3.316847,200,success,
1789928041.035432,GET,GET /api/v1/reservas,4.295209,200,success,
1789928041.057903,GET,GET /api/v1/reservas/{id},3.317109,200,success,
1789928041.158633,GET,GET /api/v1/reservas/{id},5.000789,200,success,
1789928041.159932,GET,GET /api/v1/reservas,6.707575,200,success,
1789928041.192889,GET,GET /api/v1/reservas,4.680995,200,success,
1789928041.235980,GET,GET /api/v1/reservas,4.853427,200,success,
1789928041.303860,GET,GET /api/v1/reservas,5.547037,200,success,
1789928041.315409,GET,GET /api/v1/reservas/{id},3.360092,200,success,
1789928041.358929,GET,GET /api/v1/reservas,5.206452,200,success,
1789928041.371033,GET,GET /api/v1/reservas/{id},3.897427,200,success,
1789928041.394644,GET,GET /api/v1/reservas,5.354475,200,success,
1789928041.471688,GET,GET /api/v1/reservas,8.662449,200,success,
1789928041.483437,GET,GET /api/v1/reservas,8.291217,200,success,
1789928041.496314,GET,GET /api/v1/reservas,9.546720,200,success,
1789928041.568481,GET,GET /api/v1/reservas,6.791133,200,success,
1789928041.854363,GET,GET /api/v1/reservas,6.166296,200,success,
1789928041.917950,GET,GET /api/v1/reservas,6.246819,200,success,
1789928041.922071,GET,GET /api/v1/reservas,4.775849,200,success,
1789928041.925833,GET,GET /api/v1/reservas,4.477887,200,success,
1789928041.941098,GET,GET /api/v1/reservas,5.017154,200,success,
1789928042.021586,GET,GET /api/v1/reservas,6.139475,200,success,
1789928042.060745,GET,GET /api/v1/reservas,6.780107,200,success,
1789928042.067811,GET,GET /api/v1/reservas,5.769275,200,success,
1789928042.087366,GET,GET /api/v1/reservas/{id},4.396694,200,success,
1789928042.105537,GET,GET /api/v1/reservas,4.872064,200,success,
1789928042.143964,GET,GET /api/v1/reservas,8.066897,200,success,
1789928042.172704,GET,GET /api/v1/reservas,5.412353,200,success,
1789928042.191408,GET,GET /api/v1/reservas,5.378882,200,success,
1789928042.320822,GET,GET /api/v1/reservas,5.980374,200,success,
1789928042.352201,GET,GET /api/v1/reservas,6.037611,200,success,
1789928042.363210,GET,GET /api/v1/reservas/{id},3.821171,200,success,
1789928042.391819,GET,GET /api/v1/reservas,5.317419,200,success,
1789928042.434229,GET,GET /api/v1/reservas,5.119900,200,success,
1789928042.450706,GET,GET /api/v1/reservas,4.202750,200,success,
1789928042.454902,GET,GET /api/v1/reservas/{id},3.050964,200,success,
1789928042.462065,GET,GET /api/v1/reservas,3.945641,200,success,
1789928042.479354,GET,GET /api/v1/reservas,4.064911,200,success,
1789928042.496122,GET,GET /api/v1/reservas,4.500021,200,success,
1789928042.496593,GET,GET /api/v1/reservas,4.718863,200,success,
1789928042.506196,GET,GET /api/v1/reservas,4.002217,200,success,
1789928042.515318,GET,GET /api/v1/reservas,3.906242,200,success,
1789928042.636335,GET,GET /api/v1/reservas,5.878950,200,success,
1789928042.678439,GET,GET /api/v1/reservas/{id},3.891518,200,success,
1789928042.707465,GET,GET /api/v1/reservas,4.765453,200,success,
1789928042.726539,GET,GET /api/v1/reservas,4.815820,200,success,
1789928042.733003,GET,GET /api/v1/reservas/{id},3.292661,200,success,
1789928042.791269,GET,GET /api/v1/reservas/{id},7.027341,200,success,
1789928042.820061,GET,GET /api/v1/reservas/{id},4.564829,200,success,
1789928043.103106,GET,GET /api/v1/reservas/{id},4.620573,200,success,
1789928043.122161,GET,GET /api/v1/reservas,4.721708,200,success,
1789928043.146314,GET,GET /api/v1/reservas,4.887006,200,success,
1789928043.287193,GET,GET /api/v1/reservas/{id},5.554549,200,success,
1789928043.356709,GET,GET /api/v1/reservas,7.096907,200,success,
1789928043.393090,GET,GET /api/v1/reservas,5.989538,200,success,
1789928043.487166,GET,GET /api/v1/reservas,13.477418,200,success,
1789928043.495424,GET,GET /api/v1/reservas,6.940609,200,success,
1789928043.517322,GET,GET /api/v1/reservas,8.724773,200,success,
1789928043.546683,GET,GET /api/v1/reservas,9.966586,200,success,
1789928043.630284,GET,GET /api/v1/reservas,10.501977,200,success,
1789928043.711156,GET,GET /api/v1/reservas,7.445095,200,success,
1789928043.722055,GET,GET /api/v1/reservas,5.584965,200,success,
1789928043.745333,GET,GET /api/v1/reservas,5.949027,200,success,
1789928043.888905,GET,GET /api/v1/reservas/{id},10.207341,200,success,
1789928043.897440,GET,GET /api/v1/reservas,6.231124,200,success,
1789928043.913564,GET,GET /api/v1/reservas,7.698088,200,success,
1789928043.951909,GET,GET /api/v1/reservas,9.631918,200,success,
1789928043.952388,GET,GET /api/v1/reservas,9.649084,200,success,
1789928044.006071,GET,GET /api/v1/reservas,6.324597,200,success,
1789928044.012857,GET,GET /api/v1/reservas,4.520011,200,success,
1789928044.030598,GET,GET /api/v1/reservas/{id},3.561467,200,success,
1789928044.083198,GET,GET /api/v1/reservas,5.300103,200,success,
1789928044.092132,GET,GET /api/v1/reservas,4.660604,200,success,
1789928044.114181,GET,GET /api/v1/reservas,4.781477,200,success,
1789928044.126732,GET,GET /api/v1/reservas,4.295861,200,success,
1789928044.156401,GET,GET /api/v1/reservas,4.413930,200,success,
1789928044.183025,GET,GET /api/v1/reservas,4.364605,200,success,
1789928044.188061,GET,GET /api/v1/reservas,3.795773,200,success,
1789928044.201958,GET,GET /api/v1/reservas/{id},3.739889,200,success,
1789928044.224886,GET,GET /api/v1/reservas,4.639071,200,success,
1789928044.326361,GET,GET /api/v1/reservas,6.106345,200,success,
1789928044.401214,GET,GET /api/v1/reservas,6.476176,200,success,
1789928044.407931,GET,GET /api/v1/reservas/{id},3.546987,200,success,
1789928044.497953,GET,GET /api/v1/reservas/{id},4.791954,200,success,
1789928044.515043,GET,GET /api/v1/reservas,4.435263,200,success,
1789928044.551575,GET,GET /api/v1/reservas,5.236767,200,success,
1789928044.551976,GET,GET /api/v1/reservas,5.321415,200,success,
1789928044.574536,GET,GET /api/v1/reservas/{id},3.392631,200,success,
1789928044.777770,GET,GET /api/v1/reservas,6.040295,200,success,
1789928044.821772,GET,GET /api/v1/reservas/{id},4.797341,200,success,
1789928044.823005,GET,GET /api/v1/reservas,5.512686,200,success,
1789928044.969219,GET,GET /api/v1/reservas,5.766881,200,success,
1789928044.979259,GET,GET /api/v1/reservas/{id},3.858909,200,success,
1789928044.983487,GET,GET /api/v1/reservas,4.732784,200,success,
1789928044.991765,GET,GET /api/v1/reservas,4.046012,200,success,
1789928045.032032,GET,GET /api/v1/reservas,4.975982,200,success,
1789928045.112018,GET,GET /api/v1/reservas,5.619808,200,success,
1789928045.116153,GET,GET /api/v1/reservas,4.966877,200,success,
1789928045.119098,GET,GET /api/v1/reservas,4.623888,200,success,
1789928045.194277,GET,GET /api/v1/reservas,5.805488,200,success,
1789928045.196688,GET,GET /api/v1/reservas,4.483896,200,success,
1789928045.204044,GET,GET /api/v1/reservas/{id},3.182513,200,success,
1789928045.231539,GET,GET /api/v1/reservas,5.173230,200,success,
1789928045.310131,GET,GET /api/v1/reservas,6.205504,200,success,
1789928045.326459,GET,GET /api/v1/reservas,5.029393,200,success,
1789928045.405163,GET,GET /api/v1/reservas,6.338348,200,success,
1789928045.410511,GET,GET /api/v1/reservas/{id},3.185838,200,success,
1789928045.503290,GET,GET /api/v1/reservas,6.083502,200,success,
1789928045.541542,GET,GET /api/v1/reservas,4.972056,200,success,
1789928045.550814,GET,GET /api/v1/reservas,4.049768,200,success,
1789928045.630549,GET,GET /api/v1/reservas,5.572296,200,success,
1789928045.661250,GET,GET /api/v1/reservas/{id},3.517651,200,success,
1789928045.748273,GET,GET /api/v1/reservas,5.651005,200,success,
1789928045.840915,GET,GET /api/v1/reservas,6.300210,200,success,
1789928045.881723,GET,GET /api/v1/reservas,5.488479,200,success,
1789928045.882312,GET,GET /api/v1/reservas,4.424926,200,success,
1789928045.898292,GET,GET /api/v1/reservas/{id},3.810305,200,success,
1789928045.929528,GET,GET /api/v1/reservas,4.978255,200,success,
1789928045.957688,GET,GET /api/v1/reservas,4.881309,200,success,
1789928045.974393,GET,GET /api/v1/reservas,4.428013,200,success,
1789928046.016141,GET,GET /api/v1/reservas,5.477592,200,success,
1789928046.091996,GET,GET /api/v1/reservas,6.510508,200,success,
1789928046.092458,GET,GET /api/v1/reservas,6.507383,200,success,
1789928046.129468,GET,GET /api/v1/reservas,4.720495,200,success,
1789928046.138347,GET,GET /api/v1/reservas,4.618800,200,success,
1789928046.243633,GET,GET /api/v1/reservas,5.909266,200,success,
1789928046.284345,GET,GET /api/v1/reservas,5.409469,200,success,
1789928046.341047,GET,GET /api/v1/reservas,5.373164,200,success,
1789928046.352401,GET,GET /api/v1/reservas,4.131463,200,success,
1789928046.391543,GET,GET /api/v1/reservas,5.833391,200,success,
1789928046.392406,GET,GET /api/v1/reservas,4.139895,200,success,
1789928046.424151,GET,GET /api/v1/reservas/{id},3.577803,200,success,
1789928046.434481,GET,GET /api/v1/reservas,4.070780,200,success,
1789928046.446901,GET,GET /api/v1/reservas,5.211810,200,success,
1789928046.590398,GET,GET /api/v1/reservas,9.613171,200,success,
1789928046.592073,GET,GET /api/v1/reservas,10.667088,200,success,
1789928046.640865,GET,GET /api/v1/reservas,7.990391,200,success,
1789928046.663514,GET,GET /api/v1/reservas/{id},5.396440,200,success,
1789928046.710071,GET,GET /api/v1/reservas,7.151199,200,success,
1789928046.762860,GET,GET /api/v1/reservas/{id},5.469560,200,success,
1789928046.902235,GET,GET /api/v1/reservas,5.922656,200,success,
1789928046.959265,GET,GET /api/v1/reservas,5.705778,200,success,
1789928047.026049,GET,GET /api/v1/reservas,5.430131,200,success,
1789928047.154156,GET,GET /api/v1/reservas/{id},12.625536,200,success,
1789928047.156644,GET,GET /api/v1/reservas,8.057693,200,success,
1789928047.202297,GET,GET /api/v1/reservas/{id},5.383649,200,success,
1789928047.252949,GET,GET /api/v1/reservas,7.249718,200,success,
1789928047.284714,GET,GET /api/v1/reservas/{id},5.474046,200,success,
1789928047.286784,GET,GET /api/v1/reservas/{id},3.712737,200,success,
1789928047.400937,GET,GET /api/v1/reservas/{id},4.844472,200,success,
1789928047.416061,GET,GET /api/v1/reservas,4.806204,200,success,
1789928047.418136,GET,GET /api/v1/reservas,4.380098,200,success,
1789928047.465464,GET,GET /api/v1/reservas,5.035361,200,success,
1789928047.532970,GET,GET /api/v1/reservas/{id},4.272486,200,success,
1789928047.549603,GET,GET /api/v1/reservas,4.363763,200,success,
1789928047.557682,GET,GET /api/v1/reservas,3.859439,200,success,
1789928047.587632,GET,GET /api/v1/reservas,4.674935,200,success,
1789928047.592733,GET,GET /api/v1/reservas,3.883687,200,success,
1789928047.661304,GET,GET /api/v1/reservas,5.544243,200,success,
1789928047.711887,GET,GET /api/v1/reservas,5.276528,200,success,
1789928047.715459,GET,GET /api/v1/reservas,4.204773,200,success,
1789928047.727848,GET,GET /api/v1/reservas/{id},3.234102,200,success,
1789928047.774062,GET,GET /api/v1/reservas,4.900388,200,success,
1789928047.813701,GET,GET /api/v1/reservas,5.337541,200,success,
1789928047.817947,GET,GET /api/v1/reservas,4.924354,200,success,
1789928047.823970,GET,GET /api/v1/reservas/{id},4.876922,200,success,
1789928047.838630,GET,GET /api/v1/reservas/{id},3.480825,200,success,
1789928047.880147,GET,GET /api/v1/reservas/{id},4.326337,200,success,
1789928047.997203,GET,GET /api/v1/reservas/{id},4.755487,200,success,
1789928048.008285,GET,GET /api/v1/reservas,4.789529,200,success,
1789928048.036688,GET,GET /api/v1/reservas,5.131497,200,success,
1789928048.061805,GET,GET /api/v1/reservas,4.811292,200,success,
1789928048.076029,GET,GET /api/v1/reservas,5.780391,200,success,
1789928048.114896,GET,GET /api/v1/reservas/{id},4.618300,200,success,
1789928048.178926,GET,GET /api/v1/reservas,5.692518,200,success,
1789928048.213115,GET,GET /api/v1/reservas,4.926597,200,success,
1789928048.227735,GET,GET /api/v1/reservas/{id},3.459674,200,success,
1789928048.346205,GET,GET /api/v1/reservas,6.061337,200,success,
1789928048.391521,GET,GET /api/v1/reservas,5.038797,200,success,
1789928048.396618,GET,GET /api/v1/reservas,3.850075,200,success,
1789928048.408460,GET,GET /api/v1/reservas,4.588535,200,success,
1789928048.412107,GET,GET /api/v1/reservas,4.692423,200,success,
1789928048.430652,GET,GET /api/v1/reservas,4.327618,200,success,
1789928048.558386,GET,GET /api/v1/reservas,5.904559,200,success,
1789928048.568710,GET,GET /api/v1/reservas,4.095778,200,success,
1789928048.635188,GET,GET /api/v1/reservas,5.437601,200,success,
1789928048.653455,GET,GET /api/v1/reservas,4.979217,200,success,
1789928048.686563,GET,GET /api/v1/reservas,4.851453,200,success,
1789928048.744788,GET,GET /api/v1/reservas,5.953684,200,success,
1789928048.745118,GET,GET /api/v1/reservas/{id},3.667268,200,success,
1789928048.768658,GET,GET /api/v1/reservas/{id},3.379132,200,success,
1789928048.789017,GET,GET /api/v1/reservas/{id},3.166468,200,success,
1789928048.836336,GET,GET /api/v1/reservas/{id},4.127956,200,success,
1789928048.886090,GET,GET /api/v1/reservas,5.421608,200,success,
1789928048.905934,GET,GET /api/v1/reservas,4.599391,200,success,
1789928048.976920,GET,GET /api/v1/reservas,6.659364,200,success,
1789928048.987505,GET,GET /api/v1/reservas,4.330394,200,success,
1789928049.005601,GET,GET /api/v1/reservas,4.864754,200,success,
1789928049.079373,GET,GET /api/v1/reservas/{id},4.530617,200,success,
1789928049.165455,GET,GET /api/v1/reservas,6.631902,200,success,
1789928049.199571,GET,GET /api/v1/reservas/{id},6.893979,200,success,
1789928049.336236,GET,GET /api/v1/reservas,6.220057,200,success,
1789928049.338119,GET,GET /api/v1/reservas/{id},3.417480,200,success,
1789928049.372156,GET,GET /api/v1/reservas,4.773825,200,success,
1789928049.397182,GET,GET /api/v1/reservas/{id},3.847362,200,success,
1789928049.402723,GET,GET /api/v1/reservas,4.315852,200,success,
1789928049.435979,GET,GET /api/v1/reservas,4.962973,200,success,
1789928049.520149,GET,GET /api/v1/reservas/{id},4.893676,200,success,
1789928049.522830,GET,GET /api/v1/reservas/{id},3.314243,200,success,
1789928049.604115,GET,GET /api/v1/reservas,5.898450,200,success,
1789928049.618527,GET,GET /api/v1/reservas/{id},3.236074,200,success,
1789928049.643431,GET,GET /api/v1/reservas,4.909421,200,success,
1789928049.755090,GET,GET /api/v1/reservas,8.172777,200,success,
1789928049.765497,GET,GET /api/v1/reservas,5.068703,200,success,
1789928049.980764,GET,GET /api/v1/reservas/{id},5.859832,200,success,
1789928049.982690,GET,GET /api/v1/reservas,5.724907,200,success,
1789928049.984348,GET,GET /api/v1/reservas,4.745973,200,success,
1789928049.995979,GET,GET /api/v1/reservas,4.371836,200,success,
1789928050.010583,GET,GET /api/v1/reservas/{id},3.416148,200,success,
1789928050.044896,GET,GET /api/v1/reservas,5.977409,200,success,
1789928050.051404,GET,GET /api/v1/reservas/{id},3.338519,200,success,
1789928050.095958,GET,GET /api/v1/reservas,5.271850,200,success,
1789928050.135669,GET,GET /api/v1/reservas,7.366856,200,success,
1789928050.148426,GET,GET /api/v1/reservas,6.654946,200,success,
1789928050.149848,GET,GET /api/v1/reservas,8.816904,200,success,
1789928050.174540,GET,GET /api/v1/reservas,6.301390,200,success,
1789928050.236320,GET,GET /api/v1/reservas,6.448394,200,success,
1789928050.240489,GET,GET /api/v1/reservas,5.654901,200,success,
1789928050.286823,GET,GET /api/v1/reservas/{id},4.123520,200,success,
1789928050.294110,GET,GET /api/v1/reservas,4.999897,200,success,
1789928050.300850,GET,GET /api/v1/reservas,4.516345,200,success,
1789928050.358730,GET,GET /api/v1/reservas/{id},5.665006,200,success,
1789928050.383161,GET,GET /api/v1/reservas,6.058964,200,success,
1789928050.414111,GET,GET /api/v1/reservas,5.627409,200,success,
1789928050.418573,GET,GET /api/v1/reservas,4.270633,200,success,
1789928050.555816,GET,GET /api/v1/reservas,6.053876,200,success,
1789928050.583580,GET,GET /api/v1/reservas,4.510646,200,success,
1789928050.649082,GET,GET /api/v1/reservas,10.424379,200,success,
1789928050.691847,GET,GET /api/v1/reservas,5.470412,200,success,
1789928050.701390,GET,GET /api/v1/reservas,4.320679,200,success,
1789928050.812295,GET,GET /api/v1/reservas/{id},4.619181,200,success,
1789928050.835375,GET,GET /api/v1/reservas,4.768558,200,success,
1789928050.838205,GET,GET /api/v1/reservas,4.062337,200,success,
1789928050.867941,GET,GET /api/v1/reservas,4.499700,200,success,
1789928050.873031,GET,GET /api/v1/reservas,3.828122,200,success,
1789928050.974093,GET,GET /api/v1/reservas,6.604701,200,success,
1789928051.145886,GET,GET /api/v1/reservas/{id},6.597160,200,success,
1789928051.147525,GET,GET /api/v1/reservas,9.948959,200,success,
1789928051.176172,GET,GET /api/v1/reservas,6.316535,200,success,
1789928051.231586,GET,GET /api/v1/reservas,7.015132,200,success,
1789928051.245005,GET,GET /api/v1/reservas,5.098968,200,success,
1789928051.294892,GET,GET /api/v1/reservas,5.559246,200,success,
1789928051.343457,GET,GET /api/v1/reservas,5.262586,200,success,
1789928051.382678,GET,GET /api/v1/reservas,4.945225,200,success,
1789928051.416744,GET,GET /api/v1/reservas,4.770892,200,success,
1789928051.443569,GET,GET /api/v1/reservas,4.570157,200,success,
1789928051.591695,GET,GET /api/v1/reservas/{id},4.810030,200,success,
1789928051.618409,GET,GET /api/v1/reservas/{id},3.528828,200,success,
1789928051.636462,GET,GET /api/v1/reservas/{id},3.142753,200,success,
1789928051.678389,GET,GET /api/v1/reservas/{id},3.743574,200,success,
1789928051.742914,GET,GET /api/v1/reservas/{id},4.288780,200,success,
1789928051.755397,GET,GET /api/v1/reservas,5.199281,200,success,
1789928051.782499,GET,GET /api/v1/reservas/{id},4.899686,200,success,
1789928051.865033,GET,GET /api/v1/reservas,8.131695,200,success,
1789928051.877571,GET,GET /api/v1/reservas,5.227093,200,success,
1789928051.914880,GET,GET /api/v1/reservas,7.933554,200,success,
1789928051.931352,GET,GET /api/v1/reservas/{id},6.237554,200,success,
1789928051.964198,GET,GET /api/v1/reservas,8.410667,200,success,
1789928051.999683,GET,GET /api/v1/reservas/{id},6.230774,200,success,
1789928052.033896,GET,GET /api/v1/reservas,6.820418,200,success,
1789928052.095200,GET,GET /api/v1/reservas/{id},6.001376,200,success,
1789928052.100117,GET,GET /api/v1/reservas,5.601239,200,success,
1789928052.153719,GET,GET /api/v1/reservas/{id},4.403274,200,success,
1789928052.212196,GET,GET /api/v1/reservas/{id},4.256262,200,success,
1789928052.280828,GET,GET /api/v1/reservas/{id},4.413249,200,success,
1789928052.356946,GET,GET /api/v1/reservas,5.734271,200,success,
1789928052.364168,GET,GET /api/v1/reservas,4.941039,200,success,
1789928052.499195,GET,GET /api/v1/reservas/{id},4.700343,200,success,
1789928052.531743,GET,GET /api/v1/reservas,4.859426,200,success,
1789928052.591226,GET,GET /api/v1/reservas/{id},4.138934,200,success,
1789928052.591633,GET,GET /api/v1/reservas,5.636633,200,success,
1789928052.608207,GET,GET /api/v1/reservas/{id},3.415728,200,success,
1789928052.611717,GET,GET /api/v1/reservas,4.232474,200,success,
1789928052.650461,GET,GET /api/v1/reservas,4.763119,200,success,
1789928052.687386,GET,GET /api/v1/reservas/{id},3.747540,200,success,
1789928052.753553,GET,GET /api/v1/reservas,5.831889,200,success,
1789928052.859353,GET,GET /api/v1/reservas,7.426737,200,success,
1789928052.886687,GET,GET /api/v1/reservas,6.011541,200,success,
1789928052.889410,GET,GET /api/v1/reservas,5.027049,200,success,
1789928052.890545,GET,GET /api/v1/reservas,4.489424,200,success,
1789928052.921625,GET,GET /api/v1/reservas,4.812944,200,success,
1789928052.986286,GET,GET /api/v1/reservas/{id},4.433619,200,success,
1789928052.997854,GET,GET /api/v1/reservas,4.322572,200,success,
1789928053.011854,GET,GET /api/v1/reservas,4.733544,200,success,
1789928053.020386,GET,GET /api/v1/reservas,4.967279,200,success,
1789928053.020523,GET,GET /api/v1/reservas,5.444763,200,success,
1789928053.077242,GET,GET /api/v1/reservas,6.352858,200,success,
1789928053.111789,GET,GET /api/v1/reservas,5.268465,200,success,
1789928053.179588,GET,GET /api/v1/reservas,5.495470,200,success,
1789928053.243226,GET,GET /api/v1/reservas/{id},4.394520,200,success,
1789928053.250422,GET,GET /api/v1/reservas,4.903763,200,success,
1789928053.366697,GET,GET /api/v1/reservas,5.872491,200,success,
1789928053.511621,GET,GET /api/v1/reservas,6.454362,200,success,
1789928053.551761,GET,GET /api/v1/reservas,6.752424,200,success,
1789928053.582408,GET,GET /api/v1/reservas,6.273899,200,success,
1789928053.608589,GET,GET /api/v1/reservas,4.884052,200,success,
1789928053.624148,GET,GET /api/v1/reservas/{id},4.387821,200,success,
1789928053.636055,GET,GET /api/v1/reservas,4.880308,200,success,
1789928053.710234,GET,GET /api/v1/reservas/{id},5.903057,200,success,
1789928053.769995,GET,GET /api/v1/reservas,7.303970,200,success,
1789928053.816517,GET,GET /api/v1/reservas,9.105972,200,success,
1789928053.817484,GET,GET /api/v1/reservas,6.094658,200,success,
1789928053.887536,GET,GET /api/v1/reservas,17.176934,200,success,
1789928053.913124,GET,GET /api/v1/reservas,6.216712,200,success,
1789928053.934714,GET,GET /api/v1/reservas,5.281885,200,success,
1789928054.033706,GET,GET /api/v1/reservas,6.639424,200,success,
1789928054.037768,GET,GET /api/v1/reservas/{id},3.923928,200,success,
1789928054.073266,GET,GET /api/v1/reservas,6.148179,200,success,
1789928054.174310,GET,GET /api/v1/reservas,7.628583,200,success,
1789928054.219866,GET,GET /api/v1/reservas,7.164479,200,success,
1789928054.222838,GET,GET /api/v1/reservas,5.186952,200,success,
1789928054.235276,GET,GET /api/v1/reservas/{id},4.261259,200,success,
1789928054.267280,GET,GET /api/v1/reservas,6.675367,200,success,
1789928054.276262,GET,GET /api/v1/reservas/{id},3.788683,200,success,
1789928054.308838,GET,GET /api/v1/reservas,5.267004,200,success,
1789928054.344420,GET,GET /api/v1/reservas,5.212460,200,success,
1789928054.409428,GET,GET /api/v1/reservas,6.662809,200,success,
1789928054.409891,GET,GET /api/v1/reservas,5.413416,200,success,
1789928054.511497,GET,GET /api/v1/reservas,5.840583,200,success,
1789928054.534564,GET,GET /api/v1/reservas,4.822139,200,success,
1789928054.537346,GET,GET /api/v1/reservas/{id},3.507156,200,success,
1789928054.611031,GET,GET /api/v1/reservas/{id},4.439329,200,success,
1789928054.719122,GET,GET /api/v1/reservas,5.944490,200,success,
1789928054.731734,GET,GET /api/v1/reservas,4.380549,200,success,
1789928054.762586,GET,GET /api/v1/reservas/{id},3.674359,200,success,
1789928054.819153,GET,GET /api/v1/reservas,5.293053,200,success,
1789928054.841902,GET,GET /api/v1/reservas,4.493050,200,success,
1789928054.926898,GET,GET /api/v1/reservas,5.678026,200,success,
1789928055.011946,GET,GET /api/v1/reservas/{id},4.792153,200,success,
1789928055.038965,GET,GET /api/v1/reservas,4.713043,200,success,
1789928055.056632,GET,GET /api/v1/reservas,4.351315,200,success,
1789928055.081264,GET,GET /api/v1/reservas,4.389523,200,success,
1789928055.117394,GET,GET /api/v1/reservas,4.868330,200,success,
1789928055.206513,GET,GET /api/v1/reservas,5.797617,200,success,
1789928055.311019,GET,GET /api/v1/reservas,7.089656,200,success,
1789928055.339375,GET,GET /api/v1/reservas,7.011137,200,success,
1789928055.388538,GET,GET /api/v1/reservas,5.800111,200,success,
1789928055.486859,GET,GET /api/v1/reservas,6.530608,200,success,
1789928055.487017,GET,GET /api/v1/reservas,5.010485,200,success,
1789928055.515676,GET,GET /api/v1/reservas,4.449134,200,success,
1789928055.542335,GET,GET /api/v1/reservas,4.419659,200,success,
1789928055.547465,GET,GET /api/v1/reservas/{id},2.988639,200,success,
1789928055.568546,GET,GET /api/v1/reservas,4.835769,200,success,
1789928055.590253,GET,GET /api/v1/reservas,4.456735,200,success,
1789928055.631683,GET,GET /api/v1/reservas/{id},3.872009,200,success,
1789928055.633210,GET,GET /api/v1/reservas,5.710656,200,success,
1789928055.646501,GET,GET /api/v1/reservas,5.049544,200,success,
1789928055.648267,GET,GET /api/v1/reservas,4.335981,200,success,
1789928055.659835,GET,GET /api/v1/reservas,4.316443,200,success,
1789928055.669255,GET,GET /api/v1/reservas,4.183772,200,success,
1789928055.738763,GET,GET /api/v1/reservas/{id},4.287347,200,success,
1789928055.784052,GET,GET /api/v1/reservas,5.986473,200,success,
1789928055.784400,GET,GET /api/v1/reservas,4.711822,200,success,
1789928055.852263,GET,GET /api/v1/reservas/{id},4.638110,200,success,
1789928055.861606,GET,GET /api/v1/reservas,7.018216,200,success,
1789928055.900525,GET,GET /api/v1/reservas,5.570943,200,success,
1789928055.901036,GET,GET /api/v1/reservas/{id},3.367734,200,success,
1789928055.918713,GET,GET /api/v1/reservas/{id},3.521067,200,success,
1789928055.993945,GET,GET /api/v1/reservas,5.873752,200,success,
1789928055.995007,GET,GET /api/v1/reservas,4.206165,200,success,
1789928056.037038,GET,GET /api/v1/reservas/{id},3.849044,200,success,
1789928056.078292,GET,GET /api/v1/reservas,4.938665,200,success,
1789928056.167140,GET,GET /api/v1/reservas,6.472640,200,success,
1789928056.170532,GET,GET /api/v1/reservas,4.306176,200,success,
1789928056.366875,GET,GET /api/v1/reservas,5.881906,200,success,
1789928056.375523,GET,GET /api/v1/reservas,4.404707,200,success,
1789928056.404592,GET,GET /api/v1/reservas,4.814056,200,success,
1789928056.407017,GET,GET /api/v1/reservas,4.169549,200,success,
1789928056.454443,GET,GET /api/v1/reservas,5.116234,200,success,
1789928056.479692,GET,GET /api/v1/reservas/{id},4.050659,200,success,
1789928056.503061,GET,GET /api/v1/reservas,6.034377,200,success,
1789928056.529431,GET,GET /api/v1/reservas/{id},3.789995,200,success,
1789928056.571105,GET,GET /api/v1/reservas,5.368115,200,success,
1789928056.571387,GET,GET /api/v1/reservas/{id},3.099518,200,success,
1789928056.727072,GET,GET /api/v1/reservas,6.445429,200,success,
1789928056.737063,GET,GET /api/v1/reservas,4.675657,200,success,
1789928056.896758,GET,GET /api/v1/reservas,7.907235,200,success,
1789928056.925009,GET,GET /api/v1/reservas,6.884124,200,success,
1789928056.978314,GET,GET /api/v1/reservas,7.848665,200,success,
1789928056.987441,GET,GET /api/v1/reservas,10.102572,200,success,
1789928056.999135,GET,GET /api/v1/reservas/{id},5.477823,200,success,
1789928057.032371,GET,GET /api/v1/reservas,5.924058,200,success,
1789928057.083790,GET,GET /api/v1/reservas/{id},5.151939,200,success,
1789928057.120519,GET,GET /api/v1/reservas,7.361217,200,success,
1789928057.123811,GET,GET /api/v1/reservas,6.656449,200,success,
1789928057.124262,GET,GET /api/v1/reservas,7.682865,200,success,
1789928057.128878,GET,GET /api/v1/reservas,5.810226,200,success,
1789928057.215948,GET,GET /api/v1/reservas,6.679275,200,success,
1789928057.237199,GET,GET /api/v1/reservas,5.901895,200,success,
1789928057.283604,GET,GET /api/v1/reservas,5.082223,200,success,
1789928057.300163,GET,GET /api/v1/reservas,4.291685,200,success,
1789928057.313793,GET,GET /api/v1/reservas,4.349091,200,success,
1789928057.331138,GET,GET /api/v1/reservas,4.104371,200,success,
1789928057.476937,GET,GET /api/v1/reservas/{id},5.466445,200,success,
1789928057.559001,GET,GET /api/v1/reservas,7.626409,200,success,
1789928057.631821,GET,GET /api/v1/reservas/{id},6.533143,200,success,
1789928057.632900,GET,GET /api/v1/reservas,5.601329,200,success,
1789928057.706790,GET,GET /api/v1/reservas,5.666268,200,success,
1789928057.712688,GET,GET /api/v1/reservas,4.646272,200,success,
1789928057.885041,GET,GET /api/v1/reservas,5.887213,200,success,
1789928057.958470,GET,GET /api/v1/reservas,6.103540,200,success,
1789928057.972332,GET,GET /api/v1/reservas,7.620921,200,success,
1789928058.029142,GET,GET /api/v1/reservas,5.452774,200,success,
1789928058.120770,GET,GET /api/v1/reservas,9.217991,200,success,
1789928058.148087,GET,GET /api/v1/reservas/{id},4.573923,200,success,
1789928058.148828,GET,GET /api/v1/reservas,5.711207,200,success,
1789928058.173595,GET,GET /api/v1/reservas/{id},3.587477,200,success,
1789928058.193074,GET,GET /api/v1/reservas/{id},3.301164,200,success,
1789928058.266106,GET,GET /api/v1/reservas,5.663394,200,success,
1789928058.314692,GET,GET /api/v1/reservas,5.276838,200,success,
1789928058.366241,GET,GET /api/v1/reservas,5.243247,200,success,
1789928058.385914,GET,GET /api/v1/reservas,4.418387,200,success,
1789928058.446398,GET,GET /api/v1/reservas,5.196527,200,success,
1789928058.477507,GET,GET /api/v1/reservas,5.807322,200,success,
1789928058.478431,GET,GET /api/v1/reservas/{id},3.200742,200,success,
1789928058.493802,GET,GET /api/v1/reservas,4.129740,200,success,
1789928058.555597,GET,GET /api/v1/reservas,5.115704,200,success,
1789928058.583827,GET,GET /api/v1/reservas,4.953377,200,success,
1789928058.629183,GET,GET /api/v1/reservas,5.093169,200,success,
1789928058.634462,GET,GET /api/v1/reservas,4.021416,200,success,
1789928058.692454,GET,GET /api/v1/reservas/{id},7.474830,200,success,
1789928058.693234,GET,GET /api/v1/reservas,8.049099,200,success,
1789928058.727134,GET,GET /api/v1/reservas/{id},4.659171,200,success,
1789928058.766038,GET,GET /api/v1/reservas,5.570653,200,success,
1789928058.783681,GET,GET /api/v1/reservas,4.399148,200,success,
1789928058.794036,GET,GET /api/v1/reservas,4.139524,200,success,
1789928058.815012,GET,GET /api/v1/reservas,4.681676,200,success,
1789928058.826468,GET,GET /api/v1/reservas,4.209590,200,success,
1789928058.900764,GET,GET /api/v1/reservas,5.984711,200,success,
1789928058.914732,GET,GET /api/v1/reservas/{id},3.772979,200,success,
1789928058.926237,GET,GET /api/v1/reservas/{id},3.342516,200,success,
1789928058.972467,GET,GET /api/v1/reservas,4.954940,200,success,
1789928059.017400,GET,GET /api/v1/reservas,5.621300,200,success,
1789928059.059787,GET,GET /api/v1/reservas,5.066620,200,success,
1789928059.212248,GET,GET /api/v1/reservas,6.036089,200,success,
1789928059.286646,GET,GET /api/v1/reservas,6.013684,200,success,
1789928059.300385,GET,GET /api/v1/reservas,4.496826,200,success,
1789928059.328069,GET,GET /api/v1/reservas,5.386794,200,success,
1789928059.336465,GET,GET /api/v1/reservas,4.132443,200,success,
1789928059.367382,GET,GET /api/v1/reservas,4.662206,200,success,
1789928059.381783,GET,GET /api/v1/reservas/{id},3.225941,200,success,
1789928059.456936,GET,GET /api/v1/reservas,5.434227,200,success,
1789928059.457279,GET,GET /api/v1/reservas,6.271866,200,success,
1789928059.491205,GET,GET /api/v1/reservas,4.665372,200,success,
1789928059.531160,GET,GET /api/v1/reservas/{id},3.765777,200,success,
1789928059.570743,GET,GET /api/v1/reservas,5.264489,200,success,
1789928059.572287,GET,GET /api/v1/reservas/{id},3.229174,200,success,
1789928059.580638,GET,GET /api/v1/reservas,4.110170,200,success,
1789928059.589808,GET,GET /api/v1/reservas,3.924659,200,success,
1789928059.691639,GET,GET /api/v1/reservas,5.771579,200,success,
1789928059.730076,GET,GET /api/v1/reservas,5.177577,200,success,
1789928059.807332,GET,GET /api/v1/reservas,5.920192,200,success,
1789928059.876975,GET,GET /api/v1/reservas/{id},4.392247,200,success,
1789928059.972900,GET,GET /api/v1/reservas,6.550638,200,success,
1789928059.977476,GET,GET /api/v1/reservas,5.357070,200,success,
1789928060.010684,GET,GET /api/v1/reservas/{id},4.014915,200,success,
1789928060.049550,GET,GET /api/v1/reservas/{id},4.639312,200,success,
1789928060.074901,GET,GET /api/v1/reservas,5.060600,200,success,
1789928060.085845,GET,GET /api/v1/reservas,4.675106,200,success,
1789928060.191824,GET,GET /api/v1/reservas,6.593323,200,success,
1789928060.192180,GET,GET /api/v1/reservas,6.565411,200,success,
1789928060.206639,GET,GET /api/v1/reservas,4.243051,200,success,
1789928060.233558,GET,GET /api/v1/reservas,4.653313,200,success,
1789928060.249497,GET,GET /api/v1/reservas,4.671169,200,success,
1789928060.430110,GET,GET /api/v1/reservas,6.154448,200,success,
1789928060.454447,GET,GET /api/v1/reservas,4.993498,200,success,
1789928060.548046,GET,GET /api/v1/reservas,6.488914,200,success,
1789928060.573778,GET,GET /api/v1/reservas,4.444066,200,success,
1789928060.585930,GET,GET /api/v1/reservas,3.928253,200,success,
1789928060.766656,GET,GET /api/v1/reservas,6.598022,200,success,
1789928060.781386,GET,GET /api/v1/reservas,4.448462,200,success,
1789928060.796694,GET,GET /api/v1/reservas,4.078581,200,success,
1789928060.806043,GET,GET /api/v1/reservas,4.091422,200,success,
1789928060.869441,GET,GET /api/v1/reservas/{id},4.178404,200,success,
1789928060.889399,GET,GET /api/v1/reservas,5.639689,200,success,
1789928060.891799,GET,GET /api/v1/reservas,4.382683,200,success,
1789928060.955040,GET,GET /api/v1/reservas,5.938501,200,success,
1789928061.018282,GET,GET /api/v1/reservas,5.458752,200,success,
1789928061.018735,GET,GET /api/v1/reservas,6.410736,200,success,
1789928061.058020,GET,GET /api/v1/reservas,5.015202,200,success,
1789928061.159816,GET,GET /api/v1/reservas,6.454602,200,success,
1789928061.164474,GET,GET /api/v1/reservas,5.312171,200,success,
1789928061.165609,GET,GET /api/v1/reservas,4.389142,200,success,
1789928061.205708,GET,GET /api/v1/reservas/{id},3.904708,200,success,
1789928061.262334,GET,GET /api/v1/reservas,5.304560,200,success,
1789928061.313659,GET,GET /api/v1/reservas,6.824293,200,success,
1789928061.410625,GET,GET /api/v1/reservas,7.543644,200,success,
1789928061.444321,GET,GET /api/v1/reservas,8.213669,200,success,
1789928061.449730,GET,GET /api/v1/reservas/{id},5.267163,200,success,
1789928061.535333,GET,GET /api/v1/reservas,7.151228,200,success,
1789928061.535711,GET,GET /api/v1/reservas/{id},4.681435,200,success,
1789928061.568617,GET,GET /api/v1/reservas,6.595066,200,success,
1789928061.578659,GET,GET /api/v1/reservas,4.753915,200,success,
1789928061.692576,GET,GET /api/v1/reservas/{id},4.857622,200,success,
1789928061.732936,GET,GET /api/v1/reservas,6.032233,200,success,
1789928061.742245,GET,GET /api/v1/reservas,5.005377,200,success,
1789928061.750708,GET,GET /api/v1/reservas,4.185073,200,success,
1789928061.767382,GET,GET /api/v1/reservas/{id},3.505934,200,success,
1789928061.782285,GET,GET /api/v1/reservas,4.664169,200,success,
1789928061.841849,GET,GET /api/v1/reservas,5.263367,200,success,
1789928061.856382,GET,GET /api/v1/reservas,4.269101,200,success,
1789928061.897635,GET,GET /api/v1/reservas,4.979517,200,success,
1789928061.904116,GET,GET /api/v1/reservas,4.217993,200,success,
1789928061.928202,GET,GET /api/v1/reservas,4.833836,200,success,
1789928062.014446,GET,GET /api/v1/reservas,5.902537,200,success,
1789928062.021901,GET,GET /api/v1/reservas,4.207747,200,success,
1789928062.043499,GET,GET /api/v1/reservas,4.346508,200,success,
1789928062.130661,GET,GET /api/v1/reservas,9.799963,200,success,
1789928062.259581,GET,GET /api/v1/reservas/{id},7.176607,200,success,
1789928062.266840,GET,GET /api/v1/reservas,8.247700,200,success,
1789928062.305113,GET,GET /api/v1/reservas,7.872892,200,success,
1789928062.323296,GET,GET /api/v1/reservas/{id},9.942970,200,success,
1789928062.346776,GET,GET /api/v1/reservas,8.116151,200,success,
1789928062.385583,GET,GET /api/v1/reservas,7.427457,200,success,
1789928062.431940,GET,GET /api/v1/reservas,6.029819,200,success,
1789928062.434649,GET,GET /api/v1/reservas/{id},3.752096,200,success,
1789928062.554305,GET,GET /api/v1/reservas,5.733900,200,success,
1789928062.580549,GET,GET /api/v1/reservas,4.989092,200,success,
1789928062.627633,GET,GET /api/v1/reservas,4.812725,200,success,
1789928062.729340,GET,GET /api/v1/reservas/{id},4.796610,200,success,
1789928062.733467,GET,GET /api/v1/reservas/{id},2.989841,200,success,
1789928062.846514,GET,GET /api/v1/reservas,6.657460,200,success,
1789928062.891080,GET,GET /api/v1/reservas,6.249141,200,success,
1789928062.891432,GET,GET /api/v1/reservas,6.185436,200,success,
1789928062.906217,GET,GET /api/v1/reservas,4.527432,200,success,
1789928062.956665,GET,GET /api/v1/reservas,6.102088,200,success,
1789928063.060780,GET,GET /api/v1/reservas,5.738128,200,success,
1789928063.067271,GET,GET /api/v1/reservas,4.200036,200,success,
1789928063.069948,GET,GET /api/v1/reservas/{id},3.456068,200,success,
1789928063.114937,GET,GET /api/v1/reservas,5.630074,200,success,
1789928063.154079,GET,GET /api/v1/reservas/{id},3.922456,200,success,
1789928063.196676,GET,GET /api/v1/reservas/{id},4.391056,200,success,
1789928063.284049,GET,GET /api/v1/reservas,5.988136,200,success,
1789928063.292331,GET,GET /api/v1/reservas,4.046903,200,success,
1789928063.298685,GET,GET /api/v1/reservas,4.109880,200,success,
1789928063.391022,GET,GET /api/v1/reservas,5.932272,200,success,
1789928063.393124,GET,GET /api/v1/reservas,4.344946,200,success,
1789928063.421948,GET,GET /api/v1/reservas/{id},3.651454,200,success,
1789928063.434338,GET,GET /api/v1/reservas,4.145503,200,success,
1789928063.451891,GET,GET /api/v1/reservas,4.331595,200,success,
1789928063.541565,GET,GET /api/v1/reservas,6.273068,200,success,
1789928063.549512,GET,GET /api/v1/reservas/{id},4.445457,200,success,
1789928063.550043,GET,GET /api/v1/reservas,5.201324,200,success,
1789928063.561322,GET,GET /api/v1/reservas,8.988764,200,success,
1789928063.636614,GET,GET /api/v1/reservas,5.878059,200,success,
1789928063.655866,GET,GET /api/v1/reservas/{id},3.368685,200,success,
1789928063.748124,GET,GET /api/v1/reservas,5.899412,200,success,
1789928063.769629,GET,GET /api/v1/reservas,5.256467,200,success,
1789928063.811005,GET,GET /api/v1/reservas,5.099138,200,success,
1789928063.846093,GET,GET /api/v1/reservas,4.780626,200,success,
1789928063.874343,GET,GET /api/v1/reservas,14.529151,200,success,
1789928063.966211,GET,GET /api/v1/reservas/{id},6.546442,200,success,
1789928064.011279,GET,GET /api/v1/reservas,6.712663,200,success,
1789928064.070511,GET,GET /api/v1/reservas,9.620040,200,success,
1789928064.092427,GET,GET /api/v1/reservas,8.547975,200,success,
1789928064.093065,GET,GET /api/v1/reservas,6.286729,200,success,
1789928064.124615,GET,GET /api/v1/reservas,8.501154,200,success,
1789928064.128210,GET,GET /api/v1/reservas,9.810089,200,success,
1789928064.159029,GET,GET /api/v1/reservas/{id},5.564364,200,success,
1789928064.222221,GET,GET /api/v1/reservas,6.791593,200,success,
1789928064.270344,GET,GET /api/v1/reservas,6.650330,200,success,
1789928064.270900,GET,GET /api/v1/reservas,5.584053,200,success,
1789928064.289181,GET,GET /api/v1/reservas,5.959443,200,success,
1789928064.306542,GET,GET /api/v1/reservas,10.067388,200,success,
1789928064.366283,GET,GET /api/v1/reservas,7.387066,200,success,
1789928064.392252,GET,GET /api/v1/reservas,6.626424,200,success,
1789928064.467339,GET,GET /api/v1/reservas,8.175992,200,success,
1789928064.584860,GET,GET /api/v1/reservas,6.650430,200,success,
1789928064.588833,GET,GET /api/v1/reservas/{id},3.866551,200,success,
1789928064.611083,GET,GET /api/v1/reservas,4.915230,200,success,
1789928064.611886,GET,GET /api/v1/reservas,4.149930,200,success,
1789928064.634452,GET,GET /api/v1/reservas,4.295279,200,success,
1789928064.673158,GET,GET /api/v1/reservas,4.697770,200,success,
1789928064.751797,GET,GET /api/v1/reservas,7.279703,200,success,
1789928064.752268,GET,GET /api/v1/reservas,7.378614,200,success,
1789928064.763574,GET,GET /api/v1/reservas,4.089859,200,success,
1789928064.874605,GET,GET /api/v1/reservas/{id},4.739122,200,success,
1789928064.920693,GET,GET /api/v1/reservas/{id},3.886530,200,success,
1789928065.025794,GET,GET /api/v1/reservas/{id},4.794858,200,success,
1789928065.058478,GET,GET /api/v1/reservas,5.337239,200,success,
1789928065.075162,GET,GET /api/v1/reservas,4.436926,200,success,
1789928065.108369,GET,GET /api/v1/reservas/{id},4.033143,200,success,
1789928065.112405,GET,GET /api/v1/reservas/{id},2.895589,200,success,
1789928065.188443,GET,GET /api/v1/reservas,5.707160,200,success,
1789928065.242970,GET,GET /api/v1/reservas,6.230453,200,success,
1789928065.255802,GET,GET /api/v1/reservas,4.564288,200,success,
1789928065.269422,GET,GET /api/v1/reservas/{id},3.427596,200,success,
1789928065.287967,GET,GET /api/v1/reservas/{id},3.379492,200,success,
1789928065.322447,GET,GET /api/v1/reservas/{id},4.257542,200,success,
1789928065.326746,GET,GET /api/v1/reservas,4.919146,200,success,
1789928065.425740,GET,GET /api/v1/reservas/{id},4.771202,200,success,
1789928065.460685,GET,GET /api/v1/reservas/{id},3.761531,200,success,
1789928065.477523,GET,GET /api/v1/reservas,4.563457,200,success,
1789928065.505544,GET,GET /api/v1/reservas,4.751271,200,success,
1789928065.592622,GET,GET /api/v1/reservas/{id},4.797423,200,success,
1789928065.633273,GET,GET /api/v1/reservas,5.323018,200,success,
1789928065.782354,GET,GET /api/v1/reservas,6.916783,200,success,
1789928065.782535,GET,GET /api/v1/reservas,5.905620,200,success,
1789928065.848309,GET,GET /api/v1/reservas,5.469189,200,success,
1789928065.868389,GET,GET /api/v1/reservas,4.806756,200,success,
1789928065.896279,GET,GET /api/v1/reservas/{id},3.693038,200,success,
1789928066.073515,GET,GET /api/v1/reservas/{id},5.002081,200,success,
1789928066.158727,GET,GET /api/v1/reservas,5.839210,200,success,
1789928066.179862,GET,GET /api/v1/reservas,4.835079,200,success,
1789928066.206764,GET,GET /api/v1/reservas,4.646913,200,success,
1789928066.213198,GET,GET /api/v1/reservas,4.183040,200,success,
1789928066.242082,GET,GET /api/v1/reservas/{id},3.699767,200,success,
1789928066.283292,GET,GET /api/v1/reservas,4.898724,200,success,
1789928066.321499,GET,GET /api/v1/reservas/{id},4.002256,200,success,
1789928066.338245,GET,GET /api/v1/reservas,4.506161,200,success,
1789928066.374950,GET,GET /api/v1/reservas,5.442038,200,success,
1789928066.375355,GET,GET /api/v1/reservas,5.451844,200,success,
1789928066.387685,GET,GET /api/v1/reservas,4.112443,200,success,
1789928066.400120,GET,GET /api/v1/reservas,5.200953,200,success,
1789928066.439188,GET,GET /api/v1/reservas,4.789760,200,success,
1789928066.498876,GET,GET /api/v1/reservas,5.409438,200,success,
1789928066.612059,GET,GET /api/v1/reservas,6.378408,200,success,
1789928066.633787,GET,GET /api/v1/reservas,4.443144,200,success,
1789928066.639933,GET,GET /api/v1/reservas/{id},3.004483,200,success,
1789928066.698035,GET,GET /api/v1/reservas,5.136425,200,success,
1789928066.756578,GET,GET /api/v1/reservas,5.250248,200,success,
1789928066.820889,GET,GET /api/v1/reservas,5.998201,200,success,
1789928066.876237,GET,GET /api/v1/reservas,9.009826,200,success,
1789928066.891328,GET,GET /api/v1/reservas,4.800105,200,success,
1789928066.924315,GET,GET /api/v1/reservas,4.718611,200,success,
1789928066.930838,GET,GET /api/v1/reservas,4.303313,200,success,
1789928066.989441,GET,GET /api/v1/reservas,6.248831,200,success,
1789928067.080181,GET,GET /api/v1/reservas,7.403631,200,success,
1789928067.094181,GET,GET /api/v1/reservas,5.737406,200,success,
1789928067.193141,GET,GET /api/v1/reservas,8.104995,200,success,
1789928067.219265,GET,GET /api/v1/reservas/{id},8.838947,200,success,
1789928067.304033,GET,GET /api/v1/reservas,8.282463,200,success,
1789928067.306228,GET,GET /api/v1/reservas/{id},5.715833,200,success,
1789928067.309184,GET,GET /api/v1/reservas,6.229542,200,success,
1789928067.326814,GET,GET /api/v1/reservas,6.314161,200,success,
1789928067.386804,GET,GET /api/v1/reservas,5.671046,200,success,
1789928067.418615,GET,GET /api/v1/reservas,5.158438,200,success,
1789928067.418749,GET,GET /api/v1/reservas,5.721973,200,success,
1789928067.428593,GET,GET /api/v1/reservas/{id},3.718596,200,success,
1789928067.460365,GET,GET /api/v1/reservas/{id},3.585325,200,success,
1789928067.513618,GET,GET /api/v1/reservas/{id},4.056368,200,success,
1789928067.574778,GET,GET /api/v1/reservas/{id},5.934905,200,success,
1789928067.645216,GET,GET /api/v1/reservas,6.077992,200,success,
1789928067.707737,GET,GET /api/v1/reservas,6.490588,200,success,
1789928067.733556,GET,GET /api/v1/reservas,6.503427,200,success,
1789928067.801639,GET,GET /api/v1/reservas,10.258538,200,success,
1789928067.802176,GET,GET /api/v1/reservas,11.291244,200,success,
1789928067.822835,GET,GET /api/v1/reservas,7.338893,200,success,
1789928067.838925,GET,GET /api/v1/reservas,7.742646,200,success,
1789928067.851621,GET,GET /api/v1/reservas,8.439080,200,success,
1789928067.916088,GET,GET /api/v1/reservas,7.796506,200,success,
1789928067.981441,GET,GET /api/v1/reservas,6.974931,200,success,
1789928067.990509,GET,GET /api/v1/reservas,4.704249,200,success,
1789928068.058203,GET,GET /api/v1/reservas,6.343445,200,success,
1789928068.059575,GET,GET /api/v1/reservas,4.001304,200,success,
1789928068.092600,GET,GET /api/v1/reservas,4.746643,200,success,
1789928068.112640,GET,GET /api/v1/reservas,4.788628,200,success,
1789928068.148364,GET,GET /api/v1/reservas,8.415484,200,success,
1789928068.149690,GET,GET /api/v1/reservas,6.825526,200,success,
1789928068.176741,GET,GET /api/v1/reservas/{id},3.866299,200,success,
1789928068.210083,GET,GET /api/v1/reservas,5.014821,200,success,
1789928068.246514,GET,GET /api/v1/reservas,6.136331,200,success,
1789928068.260543,GET,GET /api/v1/reservas/{id},3.856374,200,success,
1789928068.285109,GET,GET /api/v1/reservas/{id},3.393433,200,success,
1789928068.405313,GET,GET /api/v1/reservas,5.799029,200,success,
1789928068.463723,GET,GET /api/v1/reservas/{id},4.211964,200,success,
1789928068.501579,GET,GET /api/v1/reservas/{id},3.663403,200,success,
1789928068.508057,GET,GET /api/v1/reservas,4.912886,200,success,
1789928068.508433,GET,GET /api/v1/reservas,5.627769,200,success,
1789928068.607011,GET,GET /api/v1/reservas/{id},4.886336,200,success,
1789928068.687850,GET,GET /api/v1/reservas,5.758789,200,success,
1789928068.760076,GET,GET /api/v1/reservas,5.868064,200,success,
1789928068.769513,GET,GET /api/v1/reservas/{id},3.261422,200,success,
1789928068.845279,GET,GET /api/v1/reservas/{id},4.526972,200,success,
1789928068.919955,GET,GET /api/v1/reservas,6.295462,200,success,
1789928068.921815,GET,GET /api/v1/reservas,4.416795,200,success,
1789928068.958892,GET,GET /api/v1/reservas,4.797461,200,success,
1789928069.022671,GET,GET /api/v1/reservas/{id},4.560132,200,success,
1789928069.118152,GET,GET /api/v1/reservas/{id},5.176445,200,success,
1789928069.198703,GET,GET /api/v1/reservas,13.192096,200,success,
1789928069.237686,GET,GET /api/v1/reservas,8.675068,200,success,
1789928069.255141,GET,GET /api/v1/reservas,5.120610,200,success,
1789928069.257110,GET,GET /api/v1/reservas/{id},3.534789,200,success,
1789928069.279696,GET,GET /api/v1/reservas/{id},3.413825,200,success,
1789928069.290033,GET,GET /api/v1/reservas/{id},3.184758,200,success,
1789928069.334268,GET,GET /api/v1/reservas,4.933877,200,success,
1789928069.343792,GET,GET /api/v1/reservas/{id},3.357349,200,success,
1789928069.363725,GET,GET /api/v1/reservas/{id},3.767020,200,success,
1789928069.366350,GET,GET /api/v1/reservas/{id},3.180541,200,success,
1789928069.384325,GET,GET /api/v1/reservas,4.659643,200,success,
1789928069.402462,GET,GET /api/v1/reservas,4.887427,200,success,
1789928069.444854,GET,GET /api/v1/reservas,5.112540,200,success,
1789928069.500256,GET,GET /api/v1/reservas,5.082153,200,success,
1789928069.547607,GET,GET /api/v1/reservas,5.036303,200,success,
1789928069.587125,GET,GET /api/v1/reservas,5.239251,200,success,
1789928069.588082,GET,GET /api/v1/reservas/{id},3.623842,200,success,
1789928069.639313,GET,GET /api/v1/reservas,4.966047,200,success,
1789928069.655797,GET,GET /api/v1/reservas,4.486890,200,success,
1789928069.710693,GET,GET /api/v1/reservas,5.596542,200,success,
1789928069.713567,GET,GET /api/v1/reservas,4.807826,200,success,
1789928069.717375,GET,GET /api/v1/reservas,4.423874,200,success,
1789928069.785507,GET,GET /api/v1/reservas,5.783285,200,success,
1789928069.785887,GET,GET /api/v1/reservas,4.486951,200,success,
1789928069.835028,GET,GET /api/v1/reservas,6.751643,200,success,
1789928069.877506,GET,GET /api/v1/reservas,5.140972,200,success,
1789928069.936471,GET,GET /api/v1/reservas,5.523591,200,success,
1789928070.029758,GET,GET /api/v1/reservas,6.889863,200,success,
1789928070.101559,GET,GET /api/v1/reservas/{id},5.492565,200,success,
1789928070.103614,GET,GET /api/v1/reservas,4.690009,200,success,
1789928070.109053,GET,GET /api/v1/reservas,4.202621,200,success,
1789928070.175568,GET,GET /api/v1/reservas/{id},4.296542,200,success,
1789928070.218479,GET,GET /api/v1/reservas,7.594130,200,success,
1789928070.230157,GET,GET /api/v1/reservas/{id},3.485122,200,success,
1789928070.243104,GET,GET /api/v1/reservas,4.663939,200,success,
1789928070.270063,GET,GET /api/v1/reservas,4.661536,200,success,
1789928070.415192,GET,GET /api/v1/reservas,13.595856,200,success,
1789928070.444739,GET,GET /api/v1/reservas,9.112802,200,success,
1789928070.505956,GET,GET /api/v1/reservas/{id},4.647103,200,success,
1789928070.509759,GET,GET /api/v1/reservas,5.631987,200,success,
1789928070.510128,GET,GET /api/v1/reservas,5.766489,200,success,
1789928070.607024,GET,GET /api/v1/reservas,6.115217,200,success,
1789928070.701814,GET,GET /api/v1/reservas,5.716836,200,success,
1789928070.715322,GET,GET /api/v1/reservas/{id},3.325551,200,success,
1789928070.795635,GET,GET /api/v1/reservas,5.958951,200,success,
1789928070.833187,GET,GET /api/v1/reservas,5.239190,200,success,
1789928070.838614,GET,GET /api/v1/reservas,4.185764,200,success,
1789928070.884728,GET,GET /api/v1/reservas,4.843812,200,success,
1789928070.916839,GET,GET /api/v1/reservas,4.833546,200,success,
1789928070.923422,GET,GET /api/v1/reservas,4.325356,200,success,
1789928070.936172,GET,GET /api/v1/reservas,4.485098,200,success,
1789928070.991019,GET,GET /api/v1/reservas/{id},5.628842,200,success,
1789928071.007150,GET,GET /api/v1/reservas,6.790801,200,success,
1789928071.094300,GET,GET /api/v1/reservas/{id},4.797552,200,success,
1789928071.129355,GET,GET /api/v1/reservas,4.758483,200,success,
1789928071.194960,GET,GET /api/v1/reservas/{id},4.378587,200,success,
1789928071.227383,GET,GET /api/v1/reservas,5.109865,200,success,
1789928071.262042,GET,GET /api/v1/reservas,4.979788,200,success,
1789928071.262452,GET,GET /api/v1/reservas,5.806821,200,success,
1789928071.326954,GET,GET /api/v1/reservas,6.191034,200,success,
1789928071.429256,GET,GET /api/v1/reservas,5.904930,200,success,
1789928071.452108,GET,GET /api/v1/reservas/{id},3.660228,200,success,
1789928071.519288,GET,GET /api/v1/reservas,5.829406,200,success,
1789928071.530278,GET,GET /api/v1/reservas,4.725482,200,success,
1789928071.534176,GET,GET /api/v1/reservas,5.012788,200,success,
1789928071.550390,GET,GET /api/v1/reservas,4.946507,200,success,
1789928071.579514,GET,GET /api/v1/reservas,5.829666,200,success,
1789928071.598651,GET,GET /api/v1/reservas,5.873112,200,success,
1789928071.607903,GET,GET /api/v1/reservas/{id},4.067986,200,success,
1789928071.641038,GET,GET /api/v1/reservas,6.801559,200,success,
1789928071.830935,GET,GET /api/v1/reservas,7.346805,200,success,
1789928071.837706,GET,GET /api/v1/reservas,5.455789,200,success,
1789928071.863682,GET,GET /api/v1/reservas/{id},4.754717,200,success,
1789928071.943591,GET,GET /api/v1/reservas/{id},4.645291,200,success,
1789928072.083926,GET,GET /api/v1/reservas,6.897575,200,success,
1789928072.084501,GET,GET /api/v1/reservas,7.013740,200,success,
1789928072.140470,GET,GET /api/v1/reservas,5.673660,200,success,
1789928072.209449,GET,GET /api/v1/reservas/{id},8.671012,200,success,
1789928072.246630,GET,GET /api/v1/reservas,8.848511,200,success,
1789928072.247578,GET,GET /api/v1/reservas,5.071576,200,success,
1789928072.254765,GET,GET /api/v1/reservas,5.918100,200,success,
1789928072.257409,GET,GET /api/v1/reservas,4.447661,200,success,
1789928072.277210,GET,GET /api/v1/reservas,4.542135,200,success,
1789928072.290550,GET,GET /api/v1/reservas,4.108748,200,success,
1789928072.332632,GET,GET /api/v1/reservas,4.797141,200,success,
1789928072.355557,GET,GET /api/v1/reservas,5.621270,200,success,
1789928072.509207,GET,GET /api/v1/reservas,8.081859,200,success,
1789928072.533012,GET,GET /api/v1/reservas,5.954725,200,success,
1789928072.552541,GET,GET /api/v1/reservas/{id},5.315256,200,success,
1789928072.583511,GET,GET /api/v1/reservas,9.633912,200,success,
1789928072.645557,GET,GET /api/v1/reservas,9.635214,200,success,
1789928072.662509,GET,GET /api/v1/reservas/{id},4.941749,200,success,
1789928072.677923,GET,GET /api/v1/reservas/{id},5.223758,200,success,
1789928072.684849,GET,GET /api/v1/reservas,5.686338,200,success,
1789928072.727816,GET,GET /api/v1/reservas,5.652327,200,success,
1789928072.804350,GET,GET /api/v1/reservas/{id},5.265971,200,success,
1789928072.814322,GET,GET /api/v1/reservas/{id},3.773780,200,success,
1789928072.900616,GET,GET /api/v1/reservas/{id},5.071417,200,success,
1789928072.987915,GET,GET /api/v1/reservas,5.974215,200,success,
1789928073.035755,GET,GET /api/v1/reservas,5.530282,200,success,
1789928073.056476,GET,GET /api/v1/reservas,4.452899,200,success,
1789928073.117915,GET,GET /api/v1/reservas/{id},5.267683,200,success,
1789928073.132611,GET,GET /api/v1/reservas,5.413815,200,success,
1789928073.148840,GET,GET /api/v1/reservas,4.906087,200,success,
1789928073.168858,GET,GET /api/v1/reservas,4.733815,200,success,
1789928073.177578,GET,GET /api/v1/reservas,4.472579,200,success,
1789928073.207474,GET,GET /api/v1/reservas/{id},3.705335,200,success,
1789928073.223085,GET,GET /api/v1/reservas/{id},6.402855,200,success,
1789928073.257268,GET,GET /api/v1/reservas,5.853672,200,success,
1789928073.303543,GET,GET /api/v1/reservas,5.013860,200,success,
1789928073.311810,GET,GET /api/v1/reservas,4.003658,200,success,
1789928073.367238,GET,GET /api/v1/reservas,5.128682,200,success,
1789928073.395621,GET,GET /api/v1/reservas,5.082964,200,success,
1789928073.396781,GET,GET /api/v1/reservas,4.658400,200,success,
1789928073.479364,GET,GET /api/v1/reservas,6.248171,200,success,
1789928073.483612,GET,GET /api/v1/reservas/{id},3.084455,200,success,
1789928073.489825,GET,GET /api/v1/reservas,3.963257,200,success,
1789928073.497165,GET,GET /api/v1/reservas,4.133325,200,success,
1789928073.501481,GET,GET /api/v1/reservas,4.861087,200,success,
1789928073.531848,GET,GET /api/v1/reservas/{id},13.136240,200,success,
1789928073.531976,GET,GET /api/v1/reservas/{id},12.731257,200,success,
1789928073.579977,GET,GET /api/v1/reservas,6.677210,200,success,
1789928073.605087,GET,GET /api/v1/reservas,4.813406,200,success,
1789928073.608914,GET,GET /api/v1/reservas,4.472098,200,success,
1789928073.767298,GET,GET /api/v1/reservas,6.301411,200,success,
1789928073.767904,GET,GET /api/v1/reservas,4.130491,200,success,
1789928073.805301,GET,GET /api/v1/reservas/{id},4.217512,200,success,
1789928073.879604,GET,GET /api/v1/reservas,14.632087,200,success,
1789928073.963945,GET,GET /api/v1/reservas,5.959052,200,success,
1789928074.038975,GET,GET /api/v1/reservas,6.532161,200,success,
1789928074.039387,GET,GET /api/v1/reservas,6.556417,200,success,
1789928074.097942,GET,GET /api/v1/reservas/{id},4.357264,200,success,
1789928074.100645,GET,GET /api/v1/reservas/{id},3.337117,200,success,
1789928074.127256,GET,GET /api/v1/reservas/{id},3.433634,200,success,
1789928074.164192,GET,GET /api/v1/reservas/{id},3.746759,200,success,
1789928074.177931,GET,GET /api/v1/reservas,4.501392,200,success,
1789928074.287932,GET,GET /api/v1/reservas,7.615012,200,success,
1789928074.316269,GET,GET /api/v1/reservas,5.993224,200,success,
1789928074.332532,GET,GET /api/v1/reservas,5.949838,200,success,
1789928074.377823,GET,GET /api/v1/reservas,5.939282,200,success,
1789928074.541031,GET,GET /api/v1/reservas,7.171559,200,success,
1789928074.605721,GET,GET /api/v1/reservas,7.294016,200,success,
1789928074.609402,GET,GET /api/v1/reservas,7.108444,200,success,
1789928074.613148,GET,GET /api/v1/reservas,6.052434,200,success,
1789928074.710963,GET,GET /api/v1/reservas,7.366225,200,success,
1789928074.717455,GET,GET /api/v1/reservas,5.172630,200,success,
1789928074.798529,GET,GET /api/v1/reservas/{id},5.970790,200,success,
1789928074.799119,GET,GET /api/v1/reservas,13.662548,200,success,
1789928074.799582,GET,GET /api/v1/reservas,20.803821,200,success,
1789928074.808557,GET,GET /api/v1/reservas,6.693375,200,success,
1789928074.826443,GET,GET /api/v1/reservas,7.544084,200,success,
1789928074.867639,GET,GET /api/v1/reservas/{id},11.876399,200,success,
1789928074.869690,GET,GET /api/v1/reservas/{id},7.528791,200,success,
1789928075.070353,GET,GET /api/v1/reservas,6.149100,200,success,
1789928075.108776,GET,GET /api/v1/reservas/{id},15.194580,200,success,
1789928075.123537,GET,GET /api/v1/reservas,4.491928,200,success,
1789928075.138190,GET,GET /api/v1/reservas,4.426429,200,success,
1789928075.144569,GET,GET /api/v1/reservas,4.129088,200,success,
1789928075.177320,GET,GET /api/v1/reservas/{id},3.558554,200,success,
1789928075.200028,GET,GET /api/v1/reservas,4.431437,200,success,
1789928075.238062,GET,GET /api/v1/reservas,6.726145,200,success,
1789928075.311918,GET,GET /api/v1/reservas/{id},4.617539,200,success,
1789928075.332268,GET,GET /api/v1/reservas,5.057104,200,success,
1789928075.335520,GET,GET /api/v1/reservas,4.723138,200,success,
1789928075.343855,GET,GET /api/v1/reservas,4.084139,200,success,
1789928075.413996,GET,GET /api/v1/reservas,5.769554,200,success,
1789928075.446005,GET,GET /api/v1/reservas,5.687030,200,success,
1789928075.530036,GET,GET /api/v1/reservas/{id},4.423234,200,success,
1789928075.701621,GET,GET /api/v1/reservas,4.555755,200,success,
1789928075.701999,GET,GET /api/v1/reservas,6.731222,200,success,
1789928075.725691,GET,GET /api/v1/reservas,4.427090,200,success,
1789928075.783020,GET,GET /api/v1/reservas,5.020439,200,success,
1789928075.830187,GET,GET /api/v1/reservas/{id},3.958360,200,success,
1789928075.867115,GET,GET /api/v1/reservas/{id},3.742081,200,success,
1789928075.900139,GET,GET /api/v1/reservas,4.798574,200,success,
1789928075.906452,GET,GET /api/v1/reservas,4.054406,200,success,
1789928075.932263,GET,GET /api/v1/reservas/{id},3.684244,200,success,
1789928075.952896,GET,GET /api/v1/reservas/{id},3.466415,200,success,
1789928076.019793,GET,GET /api/v1/reservas,5.589042,200,success,
1789928076.055878,GET,GET /api/v1/reservas/{id},5.854252,200,success,
1789928076.085299,GET,GET /api/v1/reservas/{id},4.212785,200,success,
1789928076.174418,GET,GET /api/v1/reservas,5.732919,200,success,
1789928076.200248,GET,GET /api/v1/reservas,4.543577,200,success,
1789928076.269968,GET,GET /api/v1/reservas/{id},4.484156,200,success,
1789928076.308132,GET,GET /api/v1/reservas/{id},3.957068,200,success,
1789928076.338381,GET,GET /api/v1/reservas,4.991616,200,success,
1789928076.387115,GET,GET /api/v1/reservas,5.388707,200,success,
1789928076.392627,GET,GET /api/v1/reservas/{id},3.343528,200,success,
1789928076.394783,GET,GET /api/v1/reservas/{id},2.959887,200,success,
1789928076.401103,GET,GET /api/v1/reservas,4.060153,200,success,
1789928076.404946,GET,GET /api/v1/reservas,3.704274,200,success,
1789928076.455256,GET,GET /api/v1/reservas/{id},4.126344,200,success,
1789928076.509888,GET,GET /api/v1/reservas,5.298481,200,success,
1789928076.680480,GET,GET /api/v1/reservas,6.990635,200,success,
1789928076.680748,GET,GET /api/v1/reservas/{id},3.563791,200,success,
1789928076.686885,GET,GET /api/v1/reservas,3.947222,200,success,
1789928076.713693,GET,GET /api/v1/reservas/{id},3.624863,200,success,
1789928076.785304,GET,GET /api/v1/reservas/{id},4.382002,200,success,
1789928076.799226,GET,GET /api/v1/reservas,4.634815,200,success,
1789928076.872047,GET,GET /api/v1/reservas,6.468934,200,success,
1789928076.936827,GET,GET /api/v1/reservas/{id},4.550407,200,success,
1789928076.974087,GET,GET /api/v1/reservas,4.932055,200,success,
1789928077.081934,GET,GET /api/v1/reservas/{id},4.638050,200,success,
1789928077.170639,GET,GET /api/v1/reservas,8.247681,200,success,
1789928077.171629,GET,GET /api/v1/reservas,7.280925,200,success,
1789928077.185878,GET,GET /api/v1/reservas,4.984345,200,success,
1789928077.223063,GET,GET /api/v1/reservas,5.434938,200,success,
1789928077.223451,GET,GET /api/v1/reservas,6.325557,200,success,
1789928077.249339,GET,GET /api/v1/reservas,4.619731,200,success,
1789928077.318023,GET,GET /api/v1/reservas/{id},4.418236,200,success,
1789928077.333009,GET,GET /api/v1/reservas,4.675527,200,success,
1789928077.372514,GET,GET /api/v1/reservas,6.219877,200,success,
1789928077.380100,GET,GET /api/v1/reservas/{id},5.421837,200,success,
1789928077.384835,GET,GET /api/v1/reservas,4.533500,200,success,
1789928077.423519,GET,GET /api/v1/reservas,6.362814,200,success,
1789928077.559198,GET,GET /api/v1/reservas,8.225807,200,success,
1789928077.566223,GET,GET /api/v1/reservas,5.702823,200,success,
1789928077.610393,GET,GET /api/v1/reservas,6.802560,200,success,
1789928077.631664,GET,GET /api/v1/reservas,5.932761,200,success,
1789928077.676136,GET,GET /api/v1/reservas,5.331470,200,success,
1789928077.681465,GET,GET /api/v1/reservas/{id},3.174933,200,success,
1789928077.688353,GET,GET /api/v1/reservas,4.663278,200,success,
1789928077.742855,GET,GET /api/v1/reservas,5.234434,200,success,
1789928077.759375,GET,GET /api/v1/reservas,4.301029,200,success,
1789928077.819516,GET,GET /api/v1/reservas,5.843527,200,success,
1789928077.845172,GET,GET /api/v1/reservas/{id},4.481753,200,success,
1789928077.846017,GET,GET /api/v1/reservas,4.834548,200,success,
1789928077.889372,GET,GET /api/v1/reservas,5.058077,200,success,
1789928077.904723,GET,GET /api/v1/reservas,7.107322,200,success,
1789928077.920182,GET,GET /api/v1/reservas/{id},4.221058,200,success,
1789928077.923455,GET,GET /api/v1/reservas,4.247879,200,success,
1789928077.938920,GET,GET /api/v1/reservas,4.240858,200,success,
1789928078.007672,GET,GET /api/v1/reservas,7.434859,200,success,
1789928078.035968,GET,GET /api/v1/reservas,6.940499,200,success,
1789928078.082069,GET,GET /api/v1/reservas,8.734569,200,success,
1789928078.088087,GET,GET /api/v1/reservas,5.764899,200,success,
1789928078.101420,GET,GET /api/v1/reservas,5.057705,200,success,
1789928078.210023,GET,GET /api/v1/reservas,7.250229,200,success,
1789928078.259914,GET,GET /api/v1/reservas/{id},6.022889,200,success,
1789928078.261659,GET,GET /api/v1/reservas,8.220149,200,success,
1789928078.269400,GET,GET /api/v1/reservas/{id},3.554547,200,success,
1789928078.331393,GET,GET /api/v1/reservas,5.635482,200,success,
1789928078.423781,GET,GET /api/v1/reservas,5.996880,200,success,
1789928078.425693,GET,GET /api/v1/reservas,4.167357,200,success,
1789928078.555131,GET,GET /api/v1/reservas,5.618015,200,success,
1789928078.576944,GET,GET /api/v1/reservas/{id},3.644022,200,success,
1789928078.600892,GET,GET /api/v1/reservas,4.706914,200,success,
1789928078.718997,GET,GET /api/v1/reservas,5.966794,200,success,
1789928078.777443,GET,GET /api/v1/reservas/{id},4.226846,200,success,
1789928078.799819,GET,GET /api/v1/reservas,5.122393,200,success,
1789928078.845586,GET,GET /api/v1/reservas/{id},4.569395,200,success,
1789928078.872611,GET,GET /api/v1/reservas,6.696229,200,success,
1789928078.882534,GET,GET /api/v1/reservas/{id},3.736694,200,success,
1789928078.896079,GET,GET /api/v1/reservas,6.225596,200,success,
1789928078.898225,GET,GET /api/v1/reservas,4.682867,200,success,
1789928078.902622,GET,GET /api/v1/reservas/{id},3.233050,200,success,
1789928079.053845,GET,GET /api/v1/reservas,5.882907,200,success,
1789928079.093912,GET,GET /api/v1/reservas,12.060359,200,success,
1789928079.122640,GET,GET /api/v1/reservas,5.389979,200,success,
1789928079.136835,GET,GET /api/v1/reservas,4.945566,200,success,
1789928079.173779,GET,GET /api/v1/reservas,4.676098,200,success,
1789928079.180916,GET,GET /api/v1/reservas,3.881763,200,success,
1789928079.182909,GET,GET /api/v1/reservas/{id},3.449538,200,success,
1789928079.243319,GET,GET /api/v1/reservas,5.973704,200,success,
1789928079.294199,GET,GET /api/v1/reservas,5.546456,200,success,
1789928079.306140,GET,GET /api/v1/reservas,4.633903,200,success,
1789928079.320162,GET,GET /api/v1/reservas,4.772873,200,success,
1789928079.393948,GET,GET /api/v1/reservas,5.482700,200,success,
1789928079.418783,GET,GET /api/v1/reservas,4.560292,200,success,
1789928079.429115,GET,GET /api/v1/reservas/{id},3.165277,200,success,
1789928079.606164,GET,GET /api/v1/reservas/{id},4.819444,200,success,
1789928079.643370,GET,GET /api/v1/reservas,4.939687,200,success,
1789928079.653786,GET,GET /api/v1/reservas,4.192074,200,success,
1789928079.898670,GET,GET /api/v1/reservas/{id},5.181044,200,success,
1789928079.899377,GET,GET /api/v1/reservas,6.399649,200,success,
1789928079.919427,GET,GET /api/v1/reservas,4.771993,200,success,
1789928079.930776,GET,GET /api/v1/reservas/{id},3.222354,200,success,
1789928079.984996,GET,GET /api/v1/reservas,4.943072,200,success,
1789928080.047781,GET,GET /api/v1/reservas/{id},4.576827,200,success,
1789928080.113548,GET,GET /api/v1/reservas,5.439265,200,success,
1789928080.124950,GET,GET /api/v1/reservas,4.153816,200,success,
1789928080.134216,GET,GET /api/v1/reservas,3.976367,200,success,
1789928080.137448,GET,GET /api/v1/reservas,4.684880,200,success,
1789928080.233236,GET,GET /api/v1/reservas/{id},4.533762,200,success,
1789928080.293884,GET,GET /api/v1/reservas,5.324219,200,success,
1789928080.386402,GET,GET /api/v1/reservas,6.167639,200,success,
1789928080.395391,GET,GET /api/v1/reservas/{id},3.798678,200,success,
1789928080.407340,GET,GET /api/v1/reservas,5.663564,200,success,
1789928080.443444,GET,GET /api/v1/reservas,4.828437,200,success,
1789928080.454041,GET,GET /api/v1/reservas/{id},3.438642,200,success,
1789928080.457685,GET,GET /api/v1/reservas,4.143610,200,success,
1789928080.485525,GET,GET /api/v1/reservas/{id},3.358009,200,success,
1789928080.535732,GET,GET /api/v1/reservas/{id},3.600096,200,success,
1789928080.547482,GET,GET /api/v1/reservas,4.466379,200,success,
1789928080.567461,GET,GET /api/v1/reservas,4.734846,200,success,
1789928080.589199,GET,GET /api/v1/reservas,4.517818,200,success,
1789928080.614389,GET,GET /api/v1/reservas/{id},4.020134,200,success,
1789928080.615222,GET,GET /api/v1/reservas,4.405788,200,success,
1789928080.624653,GET,GET /api/v1/reservas,4.177943,200,success,
1789928080.630060,GET,GET /api/v1/reservas/{id},3.260061,200,success,
1789928080.657704,GET,GET /api/v1/reservas,4.405036,200,success,
1789928080.784763,GET,GET /api/v1/reservas,5.786259,200,success,
1789928080.812535,GET,GET /api/v1/reservas/{id},3.603593,200,success,
1789928080.859435,GET,GET /api/v1/reservas/{id},3.708210,200,success,
1789928080.897563,GET,GET /api/v1/reservas,4.869761,200,success,
1789928080.937730,GET,GET /api/v1/reservas,4.867948,200,success,
1789928080.940768,GET,GET /api/v1/reservas,4.291135,200,success,
1789928080.972473,GET,GET /api/v1/reservas,4.423694,200,success,
1789928081.076784,GET,GET /api/v1/reservas,6.916534,200,success,
1789928081.089999,GET,GET /api/v1/reservas,4.874508,200,success,
1789928081.170944,GET,GET /api/v1/reservas,5.586516,200,success,
1789928081.200037,GET,GET /api/v1/reservas,4.824713,200,success,
1789928081.232749,GET,GET /api/v1/reservas,4.478468,200,success,
1789928081.270684,GET,GET /api/v1/reservas/{id},3.751627,200,success,
1789928081.317709,GET,GET /api/v1/reservas/{id},3.815753,200,success,
1789928081.455923,GET,GET /api/v1/reservas,5.806671,200,success,
1789928081.476624,GET,GET /api/v1/reservas,4.423465,200,success,
1789928081.580471,GET,GET /api/v1/reservas/{id},4.577468,200,success,
1789928081.620689,GET,GET /api/v1/reservas,4.945606,200,success,
1789928081.651555,GET,GET /api/v1/reservas,4.617068,200,success,
1789928081.660967,GET,GET /api/v1/reservas,4.199114,200,success,
1789928081.733351,GET,GET /api/v1/reservas/{id},4.456965,200,success,
1789928081.769258,GET,GET /api/v1/reservas/{id},3.711276,200,success,
1789928081.777910,GET,GET /api/v1/reservas,4.387790,200,success,
1789928081.826791,GET,GET /api/v1/reservas,5.586767,200,success,
1789928081.830545,GET,GET /api/v1/reservas,5.670876,200,success,
1789928081.864632,GET,GET /api/v1/reservas/{id},3.913882,200,success,
1789928081.883763,GET,GET /api/v1/reservas,5.778228,200,success,
1789928081.889961,GET,GET /api/v1/reservas,5.988638,200,success,
1789928081.916113,GET,GET /api/v1/reservas,8.807339,200,success,
1789928081.977354,GET,GET /api/v1/reservas/{id},5.981937,200,success,
1789928082.024693,GET,GET /api/v1/reservas/{id},6.103472,200,success,
1789928082.024886,GET,GET /api/v1/reservas/{id},5.808474,200,success,
1789928082.134499,GET,GET /api/v1/reservas,11.205834,200,success,
1789928082.134847,GET,GET /api/v1/reservas/{id},5.867011,200,success,
1789928082.153377,GET,GET /api/v1/reservas,6.199116,200,success,
1789928082.172499,GET,GET /api/v1/reservas/{id},3.921884,200,success,
1789928082.275187,GET,GET /api/v1/reservas,6.320830,200,success,
1789928082.356135,GET,GET /api/v1/reservas/{id},4.729278,200,success,
1789928082.378021,GET,GET /api/v1/reservas/{id},3.667388,200,success,
1789928082.421606,GET,GET /api/v1/reservas,5.304049,200,success,
1789928082.446690,GET,GET /api/v1/reservas/{id},3.898849,200,success,
1789928082.557219,GET,GET /api/v1/reservas,5.700630,200,success,
1789928082.599763,GET,GET /api/v1/reservas,5.284320,200,success,
1789928082.653901,GET,GET /api/v1/reservas/{id},3.942094,200,success,
1789928082.710970,GET,GET /api/v1/reservas/{id},4.121026,200,success,
1789928082.722792,GET,GET /api/v1/reservas/{id},3.630902,200,success,
1789928082.751945,GET,GET /api/v1/reservas,7.876979,200,success,
1789928082.819906,GET,GET /api/v1/reservas,7.564405,200,success,
1789928082.833294,GET,GET /api/v1/reservas/{id},4.177652,200,success,
1789928082.847927,GET,GET /api/v1/reservas/{id},4.422523,200,success,
1789928082.869292,GET,GET /api/v1/reservas,6.055358,200,success,
1789928082.945660,GET,GET /api/v1/reservas/{id},11.073464,200,success,
1789928083.005351,GET,GET /api/v1/reservas,7.273896,200,success,
1789928083.073184,GET,GET /api/v1/reservas,6.425599,200,success,
1789928083.099504,GET,GET /api/v1/reservas,6.000846,200,success,
1789928083.099941,GET,GET /api/v1/reservas,4.807506,200,success,
1789928083.169418,GET,GET /api/v1/reservas,6.094026,200,success,
1789928083.248976,GET,GET /api/v1/reservas,6.168950,200,success,
1789928083.407291,GET,GET /api/v1/reservas,5.935056,200,success,
1789928083.409167,GET,GET /api/v1/reservas/{id},4.103189,200,success,
1789928083.420546,GET,GET /api/v1/reservas,4.123219,200,success,
1789928083.445938,GET,GET /api/v1/reservas,5.163095,200,success,
1789928083.508972,GET,GET /api/v1/reservas,5.697595,200,success,
1789928083.543391,GET,GET /api/v1/reservas,6.061427,200,success,
1789928083.608046,GET,GET /api/v1/reservas,6.237404,200,success,
1789928083.662841,GET,GET /api/v1/reservas,5.449370,200,success,
1789928083.692420,GET,GET /api/v1/reservas,4.595966,200,success,
1789928083.736567,GET,GET /api/v1/reservas,4.863100,200,success,
1789928083.857552,GET,GET /api/v1/reservas,8.032364,200,success,
1789928083.858049,GET,GET /api/v1/reservas,9.073893,200,success,
1789928083.858512,GET,GET /api/v1/reservas,8.795641,200,success,
1789928083.858926,GET,GET /api/v1/reservas,6.376815,200,success,
1789928083.913551,GET,GET /api/v1/reservas,6.307069,200,success,
1789928083.936677,GET,GET /api/v1/reservas,4.860606,200,success,
1789928083.954726,GET,GET /api/v1/reservas,6.797032,200,success,
1789928083.963245,GET,GET /api/v1/reservas,4.327049,200,success,
1789928083.972104,GET,GET /api/v1/reservas,4.611670,200,success,
1789928083.988602,GET,GET /api/v1/reservas/{id},3.345060,200,success,
1789928084.041671,GET,GET /api/v1/reservas,5.752399,200,success,
1789928084.045141,GET,GET /api/v1/reservas,4.483956,200,success,
1789928084.087917,GET,GET /api/v1/reservas,5.500827,200,success,
1789928084.127070,GET,GET /api/v1/reservas,4.840956,200,success,
1789928084.168078,GET,GET /api/v1/reservas/{id},3.814111,200,success,
1789928084.258581,GET,GET /api/v1/reservas/{id},5.296668,200,success,
1789928084.295964,GET,GET /api/v1/reservas,5.095584,200,success,
1789928084.351857,GET,GET /api/v1/reservas/{id},4.221408,200,success,
1789928084.353267,GET,GET /api/v1/reservas,5.973654,200,success,
1789928084.370842,GET,GET /api/v1/reservas,4.307798,200,success,
1789928084.383743,GET,GET /api/v1/reservas/{id},3.177445,200,success,
1789928084.383893,GET,GET /api/v1/reservas,4.828438,200,success,
1789928084.394632,GET,GET /api/v1/reservas,4.512470,200,success,
1789928084.416301,GET,GET /api/v1/reservas,4.439018,200,success,
1789928084.539240,GET,GET /api/v1/reservas,6.233648,200,success,
1789928084.539374,GET,GET /api/v1/reservas,7.304420,200,success,
1789928084.572320,GET,GET /api/v1/reservas,5.695422,200,success,
1789928084.620273,GET,GET /api/v1/reservas/{id},5.708303,200,success,
1789928084.630761,GET,GET /api/v1/reservas/{id},4.264994,200,success,
1789928084.689881,GET,GET /api/v1/reservas,6.682229,200,success,
1789928084.697289,GET,GET /api/v1/reservas,5.084086,200,success,
1789928084.827366,GET,GET /api/v1/reservas,9.444194,200,success,
1789928084.855113,GET,GET /api/v1/reservas,6.332728,200,success,
1789928084.879151,GET,GET /api/v1/reservas,5.712339,200,success,
1789928084.975152,GET,GET /api/v1/reservas/{id},5.696904,200,success,
1789928085.011224,GET,GET /api/v1/reservas,6.734417,200,success,
1789928085.028147,GET,GET /api/v1/reservas,5.619317,200,success,
1789928085.055676,GET,GET /api/v1/reservas,6.217604,200,success,
1789928085.078013,GET,GET /api/v1/reservas,6.014917,200,success,
1789928085.103385,GET,GET /api/v1/reservas,7.046179,200,success,
1789928085.113398,GET,GET /api/v1/reservas,6.645673,200,success,
1789928085.138662,GET,GET /api/v1/reservas,8.890174,200,success,
1789928085.180216,GET,GET /api/v1/reservas,7.190999,200,success,
1789928085.233298,GET,GET /api/v1/reservas,6.685383,200,success,
1789928085.297207,GET,GET /api/v1/reservas,6.568975,200,success,
1789928085.306893,GET,GET /api/v1/reservas,4.405167,200,success,
1789928085.334599,GET,GET /api/v1/reservas/{id},4.106374,200,success,
1789928085.335360,GET,GET /api/v1/reservas,5.187742,200,success,
1789928085.397818,GET,GET /api/v1/reservas,7.140483,200,success,
1789928085.408750,GET,GET /api/v1/reservas,5.630984,200,success,
1789928085.423107,GET,GET /api/v1/reservas,5.041721,200,success,
1789928085.447487,GET,GET /api/v1/reservas,5.690766,200,success,
1789928085.449525,GET,GET /api/v1/reservas,8.130934,200,success,
1789928085.500186,GET,GET /api/v1/reservas,5.052419,200,success,
1789928085.558714,GET,GET /api/v1/reservas/{id},4.304043,200,success,
1789928085.575418,GET,GET /api/v1/reservas,4.450766,200,success,
1789928085.676207,GET,GET /api/v1/reservas,5.733580,200,success,
1789928085.689859,GET,GET /api/v1/reservas,4.414080,200,success,
1789928085.721831,GET,GET /api/v1/reservas/{id},3.781361,200,success,
1789928085.763921,GET,GET /api/v1/reservas/{id},3.909436,200,success,
1789928085.906214,GET,GET /api/v1/reservas,5.907183,200,success,
1789928085.986362,GET,GET /api/v1/reservas,5.784738,200,success,
1789928086.053317,GET,GET /api/v1/reservas,5.625486,200,success,
1789928086.086576,GET,GET /api/v1/reservas,4.951715,200,success,
1789928086.171861,GET,GET /api/v1/reservas,5.933023,200,success,
1789928086.184642,GET,GET /api/v1/reservas,4.503687,200,success,
1789928086.189111,GET,GET /api/v1/reservas,5.370760,200,success,
1789928086.189498,GET,GET /api/v1/reservas,5.464062,200,success,
1789928086.197955,GET,GET /api/v1/reservas,4.209710,200,success,
1789928086.220709,GET,GET /api/v1/reservas/{id},3.561338,200,success,
1789928086.377888,GET,GET /api/v1/reservas/{id},4.803020,200,success,
1789928086.434562,GET,GET /api/v1/reservas,5.364421,200,success,
1789928086.544142,GET,GET /api/v1/reservas,5.743575,200,success,
1789928086.561656,GET,GET /api/v1/reservas,15.288822,200,success,
1789928086.650169,GET,GET /api/v1/reservas/{id},4.822059,200,success,
1789928086.650923,GET,GET /api/v1/reservas,5.946502,200,success,
1789928086.662203,GET,GET /api/v1/reservas,4.044530,200,success,
1789928086.672922,GET,GET /api/v1/reservas,5.227042,200,success,
1789928086.673252,GET,GET /api/v1/reservas,5.861344,200,success,
1789928086.676829,GET,GET /api/v1/reservas,4.450084,200,success,
1789928086.697578,GET,GET /api/v1/reservas,5.484852,200,success,
1789928086.697858,GET,GET /api/v1/reservas/{id},3.278097,200,success,
1789928086.768448,GET,GET /api/v1/reservas,6.250504,200,success,
1789928086.791620,GET,GET /api/v1/reservas,4.903742,200,success,
1789928086.796708,GET,GET /api/v1/reservas,4.926455,200,success,
1789928086.800967,GET,GET /api/v1/reservas,4.892896,200,success,
1789928086.802350,GET,GET /api/v1/reservas,4.232185,200,success,
1789928086.857519,GET,GET /api/v1/reservas/{id},3.985621,200,success,
1789928086.896369,GET,GET /api/v1/reservas/{id},3.662311,200,success,
1789928086.925455,GET,GET /api/v1/reservas,4.787296,200,success,
1789928086.972266,GET,GET /api/v1/reservas,6.451028,200,success,
1789928087.004313,GET,GET /api/v1/reservas/{id},3.834021,200,success,
1789928087.033464,GET,GET /api/v1/reservas,4.875680,200,success,
1789928087.073886,GET,GET /api/v1/reservas/{id},4.193666,200,success,
1789928087.090821,GET,GET /api/v1/reservas,4.679782,200,success,
1789928087.194881,GET,GET /api/v1/reservas,6.661537,200,success,
1789928087.219087,GET,GET /api/v1/reservas/{id},5.965451,200,success,
1789928087.264223,GET,GET /api/v1/reservas,5.797045,200,success,
1789928087.340606,GET,GET /api/v1/reservas,6.025022,200,success,
1789928087.371541,GET,GET /api/v1/reservas,5.605856,200,success,
1789928087.380019,GET,GET /api/v1/reservas/{id},4.258003,200,success,
1789928087.455026,GET,GET /api/v1/reservas,5.625727,200,success,
1789928087.609957,GET,GET /api/v1/reservas,6.511249,200,success,
1789928087.617454,GET,GET /api/v1/reservas,5.167011,200,success,
1789928087.622513,GET,GET /api/v1/reservas,5.805930,200,success,
1789928087.651476,GET,GET /api/v1/reservas,5.644084,200,success,
1789928087.722949,GET,GET /api/v1/reservas,7.325843,200,success,
1789928087.739098,GET,GET /api/v1/reservas,5.706679,200,success,
1789928087.786704,GET,GET /api/v1/reservas,10.246731,200,success,
1789928087.786898,GET,GET /api/v1/reservas,8.373351,200,success,
1789928087.804639,GET,GET /api/v1/reservas/{id},4.551158,200,success,
1789928087.848354,GET,GET /api/v1/reservas/{id},6.461823,200,success,
1789928088.011879,GET,GET /api/v1/reservas,7.082054,200,success,
1789928088.023483,GET,GET /api/v1/reservas/{id},3.416959,200,success,
1789928088.117213,GET,GET /api/v1/reservas/{id},5.432654,200,success,
1789928088.133909,GET,GET /api/v1/reservas,5.374596,200,success,
1789928088.188712,GET,GET /api/v1/reservas,5.495529,200,success,
1789928088.215397,GET,GET /api/v1/reservas/{id},5.481578,200,success,
1789928088.237775,GET,GET /api/v1/reservas,6.107918,200,success,
1789928088.245127,GET,GET /api/v1/reservas,7.987937,200,success,
1789928088.293754,GET,GET /api/v1/reservas,5.297749,200,success,
1789928088.346318,GET,GET /api/v1/reservas,7.217589,200,success,
1789928088.451623,GET,GET /api/v1/reservas/{id},5.981986,200,success,
1789928088.459282,GET,GET /api/v1/reservas,5.361336,200,success,
1789928088.466048,GET,GET /api/v1/reservas/{id},4.567212,200,success,
1789928088.514395,GET,GET /api/v1/reservas,6.977215,200,success,
1789928088.518518,GET,GET /api/v1/reservas/{id},4.004750,200,success,
1789928088.518685,GET,GET /api/v1/reservas,7.437954,200,success,
1789928088.544719,GET,GET /api/v1/reservas/{id},11.569255,200,success,
1789928088.545249,GET,GET /api/v1/reservas,12.528738,200,success,
1789928088.574654,GET,GET /api/v1/reservas,7.099470,200,success,
1789928088.580838,GET,GET /api/v1/reservas,4.889770,200,success,
1789928088.598096,GET,GET /api/v1/reservas,4.928150,200,success,
1789928088.760054,GET,GET /api/v1/reservas,5.832720,200,success,
1789928088.770460,GET,GET /api/v1/reservas,4.165994,200,success,
1789928088.842336,GET,GET /api/v1/reservas,5.552205,200,success,
1789928088.894755,GET,GET /api/v1/reservas/{id},4.203221,200,success,
1789928088.967891,GET,GET /api/v1/reservas,5.821614,200,success,
1789928088.994656,GET,GET /api/v1/reservas,4.518869,200,success,
1789928089.047306,GET,GET /api/v1/reservas,5.394276,200,success,
1789928089.078829,GET,GET /api/v1/reservas,5.244309,200,success,
1789928089.116958,GET,GET /api/v1/reservas,4.805453,200,success,
1789928089.123726,GET,GET /api/v1/reservas,4.511177,200,success,
1789928089.167574,GET,GET /api/v1/reservas,5.555941,200,success,
1789928089.188406,GET,GET /api/v1/reservas/{id},3.687230,200,success,
1789928089.192123,GET,GET /api/v1/reservas,4.729868,200,success,
1789928089.240407,GET,GET /api/v1/reservas,6.997696,200,success,
1789928089.356779,GET,GET /api/v1/reservas,5.941775,200,success,
1789928089.364807,GET,GET /api/v1/reservas,4.789129,200,success,
1789928089.430434,GET,GET /api/v1/reservas,5.320234,200,success,
1789928089.548527,GET,GET /api/v1/reservas,6.743161,200,success,
1789928089.560884,GET,GET /api/v1/reservas,4.102728,200,success,
1789928089.601019,GET,GET /api/v1/reservas,4.833887,200,success,
1789928089.639341,GET,GET /api/v1/reservas,5.017054,200,success,
1789928089.680349,GET,GET /api/v1/reservas,5.728413,200,success,
1789928089.688420,GET,GET /api/v1/reservas,3.853341,200,success,
1789928089.728353,GET,GET /api/v1/reservas,4.689968,200,success,
1789928089.745808,GET,GET /api/v1/reservas/{id},3.287212,200,success,
1789928089.788716,GET,GET /api/v1/reservas/{id},3.718706,200,success,
1789928089.833812,GET,GET /api/v1/reservas,4.826185,200,success,
1789928089.907761,GET,GET /api/v1/reservas/{id},4.690840,200,success,
1789928089.931293,GET,GET /api/v1/reservas,5.251871,200,success,
1789928089.965124,GET,GET /api/v1/reservas,4.540952,200,success,
1789928089.982634,GET,GET /api/v1/reservas,4.279136,200,success,
1789928089.993916,GET,GET /api/v1/reservas,4.045402,200,success,
1789928090.021897,GET,GET /api/v1/reservas,4.738882,200,success,
1789928090.076540,GET,GET /api/v1/reservas,5.369529,200,success,
1789928090.200292,GET,GET /api/v1/reservas,6.340350,200,success,
1789928090.222857,GET,GET /api/v1/reservas,4.301671,200,success,
1789928090.295941,GET,GET /api/v1/reservas,5.764897,200,success,
1789928090.311823,GET,GET /api/v1/reservas/{id},3.686958,200,success,
1789928090.314698,GET,GET /api/v1/reservas,4.838013,200,success,
1789928090.334291,GET,GET /api/v1/reservas,4.311895,200,success,
1789928090.357928,GET,GET /api/v1/reservas,6.331245,200,success,
1789928090.432112,GET,GET /api/v1/reservas,4.946718,200,success,
1789928090.432503,GET,GET /api/v1/reservas,7.259884,200,success,
1789928090.436996,GET,GET /api/v1/reservas,4.292986,200,success,
1789928090.438620,GET,GET /api/v1/reservas,4.482373,200,success,
1789928090.477802,GET,GET /api/v1/reservas,4.918444,200,success,
1789928090.510466,GET,GET /api/v1/reservas,6.072444,200,success,
1789928090.511524,GET,GET /api/v1/reservas,4.473991,200,success,
1789928090.538884,GET,GET /api/v1/reservas,4.756349,200,success,
1789928090.566785,GET,GET /api/v1/reservas,5.574219,200,success,
1789928090.671233,GET,GET /api/v1/reservas,6.008126,200,success,
1789928090.688142,GET,GET /api/v1/reservas,4.619361,200,success,
1789928090.760546,GET,GET /api/v1/reservas,6.060926,200,success,
1789928090.760922,GET,GET /api/v1/reservas,6.020564,200,success,
1789928090.830476,GET,GET /api/v1/reservas,6.199516,200,success,
1789928090.871955,GET,GET /api/v1/reservas,10.140069,200,success,
1789928090.873133,GET,GET /api/v1/reservas,7.702474,200,success,
1789928090.900026,GET,GET /api/v1/reservas,4.636738,200,success,
1789928090.965717,GET,GET /api/v1/reservas,5.388386,200,success,
1789928090.992512,GET,GET /api/v1/reservas,4.535885,200,success,
1789928091.122102,GET,GET /api/v1/reservas,6.184424,200,success,
1789928091.137117,GET,GET /api/v1/reservas,4.700244,200,success,
1789928091.197668,GET,GET /api/v1/reservas,5.219872,200,success,
1789928091.258431,GET,GET /api/v1/reservas,5.449720,200,success,
1789928091.270942,GET,GET /api/v1/reservas,5.273634,200,success,
1789928091.278837,GET,GET /api/v1/reservas,4.643257,200,success,
1789928091.279180,GET,GET /api/v1/reservas/{id},3.548778,200,success,
1789928091.347313,GET,GET /api/v1/reservas,5.832661,200,success,
1789928091.378306,GET,GET /api/v1/reservas/{id},3.791466,200,success,
1789928091.449773,GET,GET /api/v1/reservas/{id},3.431501,200,success,
1789928091.450329,GET,GET /api/v1/reservas,5.697254,200,success,
1789928091.455516,GET,GET /api/v1/reservas,3.965830,200,success,
1789928091.499663,GET,GET /api/v1/reservas,4.895941,200,success,
1789928091.536539,GET,GET /api/v1/reservas/{id},3.679647,200,success,
1789928091.657667,GET,GET /api/v1/reservas,5.751408,200,success,
1789928091.686368,GET,GET /api/v1/reservas,4.673713,200,success,
1789928091.709945,GET,GET /api/v1/reservas,4.316893,200,success,
1789928091.745847,GET,GET /api/v1/reservas,4.637649,200,success,
1789928091.752123,GET,GET /api/v1/reservas/{id},3.128812,200,success,
1789928091.896291,GET,GET /api/v1/reservas,5.754191,200,success,
1789928092.032777,GET,GET /api/v1/reservas,6.048758,200,success,
1789928092.048740,GET,GET /api/v1/reservas,4.703439,200,success,
1789928092.074593,GET,GET /api/v1/reservas,4.589847,200,success,
1789928092.112617,GET,GET /api/v1/reservas,4.748166,200,success,
1789928092.194625,GET,GET /api/v1/reservas/{id},4.752854,200,success,
1789928092.321865,GET,GET /api/v1/reservas/{id},5.899162,200,success,
1789928092.369060,GET,GET /api/v1/reservas,8.549468,200,success,
1789928092.382204,GET,GET /api/v1/reservas,5.865770,200,success,
1789928092.418425,GET,GET /api/v1/reservas,13.891705,200,success,
1789928092.418841,GET,GET /api/v1/reservas/{id},4.494001,200,success,
1789928092.471203,GET,GET /api/v1/reservas/{id},10.081941,200,success,
1789928092.484435,GET,GET /api/v1/reservas,6.873247,200,success,
1789928092.512319,GET,GET /api/v1/reservas,6.522836,200,success,
1789928092.530178,GET,GET /api/v1/reservas/{id},5.186311,200,success,
1789928092.534719,GET,GET /api/v1/reservas,5.132039,200,success,
1789928092.602638,GET,GET /api/v1/reservas,5.614659,200,success,
1789928092.663721,GET,GET /api/v1/reservas,5.796696,200,success,
1789928092.663977,GET,GET /api/v1/reservas/{id},3.413825,200,success,
1789928092.703654,GET,GET /api/v1/reservas,4.688527,200,success,
1789928092.752184,GET,GET /api/v1/reservas,5.240193,200,success,
1789928092.799255,GET,GET /api/v1/reservas,5.745478,200,success,
1789928092.909259,GET,GET /api/v1/reservas/{id},4.693344,200,success,
1789928092.932054,GET,GET /api/v1/reservas/{id},3.599235,200,success,
1789928092.943644,GET,GET /api/v1/reservas,4.352186,200,success,
1789928092.954313,GET,GET /api/v1/reservas,4.428521,200,success,
1789928092.962476,GET,GET /api/v1/reservas,3.936065,200,success,
1789928093.070267,GET,GET /api/v1/reservas,7.364994,200,success,
1789928093.105916,GET,GET /api/v1/reservas,7.315788,200,success,
1789928093.117536,GET,GET /api/v1/reservas,6.253599,200,success,
1789928093.135062,GET,GET /api/v1/reservas,5.229646,200,success,
1789928093.174809,GET,GET /api/v1/reservas,6.423766,200,success,
1789928093.214020,GET,GET /api/v1/reservas,8.294591,200,success,
1789928093.315318,GET,GET /api/v1/reservas,11.871724,200,success,
1789928093.360969,GET,GET /api/v1/reservas,7.309249,200,success,
1789928093.406090,GET,GET /api/v1/reservas,9.733212,200,success,
1789928093.408955,GET,GET /api/v1/reservas,7.789376,200,success,
1789928093.419408,GET,GET /api/v1/reservas,5.199510,200,success,
1789928093.427907,GET,GET /api/v1/reservas,5.194643,200,success,
1789928093.431911,GET,GET /api/v1/reservas,6.628326,200,success,
1789928093.448048,GET,GET /api/v1/reservas,4.878705,200,success,
1789928093.550767,GET,GET /api/v1/reservas,6.308682,200,success,
1789928093.573699,GET,GET /api/v1/reservas,17.179498,200,success,
1789928093.599398,GET,GET /api/v1/reservas,5.347075,200,success,
1789928093.648708,GET,GET /api/v1/reservas,5.021101,200,success,
1789928093.711279,GET,GET /api/v1/reservas,6.488865,200,success,
1789928093.762815,GET,GET /api/v1/reservas,5.217678,200,success,
1789928093.838809,GET,GET /api/v1/reservas,5.636833,200,success,
1789928093.882199,GET,GET /api/v1/reservas,8.670171,200,success,
1789928093.897382,GET,GET /api/v1/reservas,4.880947,200,success,
1789928093.931583,GET,GET /api/v1/reservas/{id},3.996216,200,success,
1789928093.946390,GET,GET /api/v1/reservas,4.505558,200,success,
1789928093.947434,GET,GET /api/v1/reservas/{id},3.095601,200,success,
1789928093.971957,GET,GET /api/v1/reservas/{id},3.358341,200,success,
1789928094.005281,GET,GET /api/v1/reservas,5.033038,200,success,
1789928094.124599,GET,GET /api/v1/reservas,5.862927,200,success,
1789928094.244514,GET,GET /api/v1/reservas/{id},4.619422,200,success,
1789928094.253695,GET,GET /api/v1/reservas,4.860206,200,success,
1789928094.276301,GET,GET /api/v1/reservas,5.351291,200,success,
1789928094.290827,GET,GET /api/v1/reservas,4.284764,200,success,
1789928094.299277,GET,GET /api/v1/reservas,4.242420,200,success,
1789928094.321281,GET,GET /api/v1/reservas,4.739114,200,success,
1789928094.335871,GET,GET /api/v1/reservas,4.355631,200,success,
1789928094.345214,GET,GET /api/v1/reservas/{id},3.168903,200,success,
1789928094.365807,GET,GET /api/v1/reservas,4.359738,200,success,
1789928094.387154,GET,GET /api/v1/reservas,5.084026,200,success,
1789928094.394366,GET,GET /api/v1/reservas/{id},3.065226,200,success,
1789928094.401516,GET,GET /api/v1/reservas,3.887432,200,success,
1789928094.441710,GET,GET /api/v1/reservas,4.923362,200,success,
1789928094.473533,GET,GET /api/v1/reservas/{id},3.637964,200,success,
1789928094.529256,GET,GET /api/v1/reservas/{id},4.066635,200,success,
1789928094.578737,GET,GET /api/v1/reservas,5.170587,200,success,
1789928094.671699,GET,GET /api/v1/reservas,5.610504,200,success,
1789928094.767609,GET,GET /api/v1/reservas,5.804017,200,success,
1789928094.918291,GET,GET /api/v1/reservas,7.195766,200,success,
1789928094.968631,GET,GET /api/v1/reservas,6.971076,200,success,
1789928095.013741,GET,GET /api/v1/reservas,7.682334,200,success,
1789928095.020681,GET,GET /api/v1/reservas,5.594109,200,success,
1789928095.036246,GET,GET /api/v1/reservas,8.696741,200,success,
1789928095.071606,GET,GET /api/v1/reservas,9.006300,200,success,
1789928095.095018,GET,GET /api/v1/reservas,8.569588,200,success,
1789928095.161764,GET,GET /api/v1/reservas,7.340997,200,success,
1789928095.282664,GET,GET /api/v1/reservas,7.425255,200,success,
1789928095.284470,GET,GET /api/v1/reservas,5.336948,200,success,
1789928095.341663,GET,GET /api/v1/reservas,7.867025,200,success,
1789928095.343220,GET,GET /api/v1/reservas,6.566563,200,success,
1789928095.363278,GET,GET /api/v1/reservas/{id},4.863000,200,success,
1789928095.430652,GET,GET /api/v1/reservas,7.936148,200,success,
1789928095.451491,GET,GET /api/v1/reservas,11.820926,200,success,
1789928095.521485,GET,GET /api/v1/reservas,8.204365,200,success,
1789928095.553921,GET,GET /api/v1/reservas/{id},5.181173,200,success,
1789928095.600641,GET,GET /api/v1/reservas,5.376399,200,success,
1789928095.643960,GET,GET /api/v1/reservas,5.052038,200,success,
1789928095.679689,GET,GET /api/v1/reservas,5.456620,200,success,
1789928095.684455,GET,GET /api/v1/reservas,4.599332,200,success,
1789928095.695861,GET,GET /api/v1/reservas,4.886776,200,success,
1789928095.696210,GET,GET /api/v1/reservas,5.558324,200,success,
1789928095.736835,GET,GET /api/v1/reservas,5.377821,200,success,
1789928095.790221,GET,GET /api/v1/reservas,5.086249,200,success,
1789928095.797457,GET,GET /api/v1/reservas/{id},3.067289,200,success,
1789928095.868288,GET,GET /api/v1/reservas,5.496480,200,success,
1789928095.900041,GET,GET /api/v1/reservas/{id},3.557121,200,success,
1789928095.930079,GET,GET /api/v1/reservas/{id},3.854622,200,success,
1789928095.932389,GET,GET /api/v1/reservas,4.493030,200,success,
1789928095.955222,GET,GET /api/v1/reservas,4.566651,200,success,
1789928095.990141,GET,GET /api/v1/reservas,4.653193,200,success,
1789928096.159310,GET,GET /api/v1/reservas,6.746786,200,success,
1789928096.182192,GET,GET /api/v1/reservas,4.585030,200,success,
1789928096.261765,GET,GET /api/v1/reservas/{id},5.349958,200,success,
1789928096.332338,GET,GET /api/v1/reservas,6.192957,200,success,
1789928096.418776,GET,GET /api/v1/reservas,6.048697,200,success,
1789928096.447904,GET,GET /api/v1/reservas,4.872725,200,success,
1789928096.450741,GET,GET /api/v1/reservas/{id},4.067726,200,success,
1789928096.493969,GET,GET /api/v1/reservas,4.944043,200,success,
1789928096.508450,GET,GET /api/v1/reservas/{id},3.277808,200,success,
1789928096.584697,GET,GET /api/v1/reservas,5.505684,200,success,
1789928096.609468,GET,GET /api/v1/reservas,4.515073,200,success,
1789928096.633131,GET,GET /api/v1/reservas/{id},3.497341,200,success,
1789928096.842399,GET,GET /api/v1/reservas/{id},5.003323,200,success,
1789928096.847063,GET,GET /api/v1/reservas,4.445288,200,success,
1789928096.878610,GET,GET /api/v1/reservas,5.278120,200,success,
1789928096.884684,GET,GET /api/v1/reservas,3.856545,200,success,
1789928096.898011,GET,GET /api/v1/reservas,4.102599,200,success,
1789928096.914148,GET,GET /api/v1/reservas,4.883171,200,success,
1789928096.920362,GET,GET /api/v1/reservas,4.003759,200,success,
1789928097.014457,GET,GET /api/v1/reservas,5.724606,200,success,
1789928097.049657,GET,GET /api/v1/reservas,5.910038,200,success,
1789928097.055890,GET,GET /api/v1/reservas,4.006593,200,success,
1789928097.125424,GET,GET /api/v1/reservas,6.197182,200,success,
1789928097.127038,GET,GET /api/v1/reservas,4.677799,200,success,
1789928097.144714,GET,GET /api/v1/reservas/{id},4.491938,200,success,
1789928097.175038,GET,GET /api/v1/reservas,5.023384,200,success,
1789928097.210490,GET,GET /api/v1/reservas,5.174642,200,success,
1789928097.214378,GET,GET /api/v1/reservas,4.554673,200,success,
1789928097.230916,GET,GET /api/v1/reservas,4.260637,200,success,
1789928097.289734,GET,GET /api/v1/reservas,5.529210,200,success,
1789928097.305575,GET,GET /api/v1/reservas,4.558578,200,success,
1789928097.414713,GET,GET /api/v1/reservas/{id},4.919237,200,success,
1789928097.515472,GET,GET /api/v1/reservas,6.365339,200,success,
1789928097.664720,GET,GET /api/v1/reservas,5.862796,200,success,
1789928097.698384,GET,GET /api/v1/reservas,4.657169,200,success,
1789928097.734395,GET,GET /api/v1/reservas,4.759433,200,success,
1789928097.770293,GET,GET /api/v1/reservas/{id},3.711686,200,success,
1789928097.846344,GET,GET /api/v1/reservas,5.712869,200,success,
1789928097.866520,GET,GET /api/v1/reservas,4.922161,200,success,
1789928097.886657,GET,GET /api/v1/reservas,4.920497,200,success,
1789928097.928732,GET,GET /api/v1/reservas,4.761978,200,success,
1789928097.936195,GET,GET /api/v1/reservas,4.231374,200,success,
1789928097.947623,GET,GET /api/v1/reservas,4.217532,200,success,
1789928097.983407,GET,GET /api/v1/reservas,6.516356,200,success,
1789928097.984869,GET,GET /api/v1/reservas/{id},4.334680,200,success,
1789928097.991376,GET,GET /api/v1/reservas,5.200282,200,success,
1789928098.018978,GET,GET /api/v1/reservas,6.288140,200,success,
1789928098.033252,GET,GET /api/v1/reservas,5.932251,200,success,
1789928098.073035,GET,GET /api/v1/reservas,6.436876,200,success,
1789928098.144069,GET,GET /api/v1/reservas,6.656149,200,success,
1789928098.153373,GET,GET /api/v1/reservas/{id},6.095479,200,success,
1789928098.176598,GET,GET /api/v1/reservas,8.857655,200,success,
1789928098.217783,GET,GET /api/v1/reservas,6.854600,200,success,
1789928098.242753,GET,GET /api/v1/reservas,7.627551,200,success,
1789928098.288754,GET,GET /api/v1/reservas,5.657175,200,success,
1789928098.304126,GET,GET /api/v1/reservas,5.070686,200,success,
1789928098.307266,GET,GET /api/v1/reservas/{id},4.218564,200,success,
1789928098.358717,GET,GET /api/v1/reservas/{id},4.248769,200,success,
1789928098.360483,GET,GET /api/v1/reservas,4.244073,200,success,
1789928098.414683,GET,GET /api/v1/reservas/{id},4.004069,200,success,
1789928098.448406,GET,GET /api/v1/reservas/{id},3.539074,200,success,
1789928098.640661,GET,GET /api/v1/reservas/{id},5.440655,200,success,
1789928098.645808,GET,GET /api/v1/reservas/{id},3.943787,200,success,
1789928098.662172,GET,GET /api/v1/reservas/{id},5.180461,200,success,
1789928098.670775,GET,GET /api/v1/reservas,7.283480,200,success,
1789928098.672371,GET,GET /api/v1/reservas,5.210627,200,success,
1789928098.682980,GET,GET /api/v1/reservas/{id},3.437760,200,success,
1789928098.702790,GET,GET /api/v1/reservas/{id},4.625391,200,success,
1789928098.847520,GET,GET /api/v1/reservas,11.268379,200,success,
1789928098.854449,GET,GET /api/v1/reservas,7.804039,200,success,
1789928098.922307,GET,GET /api/v1/reservas/{id},5.071006,200,success,
1789928098.923242,GET,GET /api/v1/reservas,6.418829,200,success,
1789928099.020798,GET,GET /api/v1/reservas,6.173317,200,success,
1789928099.046880,GET,GET /api/v1/reservas/{id},4.875279,200,success,
1789928099.080738,GET,GET /api/v1/reservas/{id},5.608090,200,success,
1789928099.091861,GET,GET /api/v1/reservas/{id},4.906467,200,success,
1789928099.094622,GET,GET /api/v1/reservas,5.788944,200,success,
1789928099.104439,GET,GET /api/v1/reservas,4.545880,200,success,
1789928099.151328,GET,GET /api/v1/reservas,5.593127,200,success,
1789928099.220398,GET,GET /api/v1/reservas,5.735624,200,success,
1789928099.230432,GET,GET /api/v1/reservas,5.749044,200,success,
1789928099.308782,GET,GET /api/v1/reservas,7.012447,200,success,
1789928099.334045,GET,GET /api/v1/reservas,4.939287,200,success,
1789928099.366533,GET,GET /api/v1/reservas,5.203056,200,success,
1789928099.370817,GET,GET /api/v1/reservas,4.921649,200,success,
1789928099.395624,GET,GET /api/v1/reservas,4.545430,200,success,
1789928099.415165,GET,GET /api/v1/reservas/{id},3.360594,200,success,
1789928099.420161,GET,GET /api/v1/reservas/{id},2.840496,200,success,
1789928099.484404,GET,GET /api/v1/reservas,5.954304,200,success,
1789928099.491271,GET,GET /api/v1/reservas,5.592525,200,success,
1789928099.600528,GET,GET /api/v1/reservas,5.847012,200,success,
1789928099.710787,GET,GET /api/v1/reservas,6.074798,200,success,
1789928099.711145,GET,GET /api/v1/reservas/{id},3.739157,200,success,
1789928099.732630,GET,GET /api/v1/reservas/{id},3.334835,200,success,
1789928099.795055,GET,GET /api/v1/reservas,6.079454,200,success,
1789928099.808764,GET,GET /api/v1/reservas/{id},4.504017,200,success,
1789928099.819296,GET,GET /api/v1/reservas,5.263487,200,success,
1789928099.883398,GET,GET /api/v1/reservas,6.810412,200,success,
1789928099.967749,GET,GET /api/v1/reservas,5.930239,200,success,
1789928099.970193,GET,GET /api/v1/reservas,4.643909,200,success,
1789928100.118905,GET,GET /api/v1/reservas,6.282982,200,success,
1789928100.337230,GET,GET /api/v1/reservas,6.881360,200,success,
1789928100.337639,GET,GET /api/v1/reservas,6.882452,200,success,
1789928100.449064,GET,GET /api/v1/reservas,6.037620,200,success,
1789928100.506040,GET,GET /api/v1/reservas,6.273368,200,success,
1789928100.508110,GET,GET /api/v1/reservas,5.585436,200,success,
1789928100.518079,GET,GET /api/v1/reservas,4.691891,200,success,
1789928100.647388,GET,GET /api/v1/reservas,6.488133,200,success,
1789928100.672117,GET,GET /api/v1/reservas,5.415258,200,success,
1789928100.704326,GET,GET /api/v1/reservas,6.114648,200,success,
1789928100.736084,GET,GET /api/v1/reservas,5.447156,200,success,
1789928100.759109,GET,GET /api/v1/reservas,4.732854,200,success,
1789928100.790126,GET,GET /api/v1/reservas/{id},3.818898,200,success,
1789928100.793886,GET,GET /api/v1/reservas,4.890513,200,success,
1789928100.814634,GET,GET /api/v1/reservas,4.466550,200,success,
1789928100.836212,GET,GET /api/v1/reservas/{id},3.403318,200,success,
1789928100.842515,GET,GET /api/v1/reservas,4.063740,200,success,
1789928100.857438,GET,GET /api/v1/reservas,4.659924,200,success,
1789928100.871423,GET,GET /api/v1/reservas/{id},3.728151,200,success,
1789928100.926038,GET,GET /api/v1/reservas,5.275706,200,success,
1789928100.939632,GET,GET /api/v1/reservas,4.329621,200,success,
1789928100.986658,GET,GET /api/v1/reservas,5.753811,200,success,
1789928100.994002,GET,GET /api/v1/reservas/{id},3.172579,200,success,
1789928101.038443,GET,GET /api/v1/reservas/{id},4.222550,200,success,
1789928101.042706,GET,GET /api/v1/reservas,4.765263,200,success,
1789928101.080758,GET,GET /api/v1/reservas/{id},7.810179,200,success,
1789928101.084391,GET,GET /api/v1/reservas,8.548546,200,success,
1789928101.157794,GET,GET /api/v1/reservas,6.003789,200,success,
1789928101.174885,GET,GET /api/v1/reservas,4.807096,200,success,
1789928101.224457,GET,GET /api/v1/reservas,5.235736,200,success,
1789928101.456768,GET,GET /api/v1/reservas,6.871856,200,success,
1789928101.458445,GET,GET /api/v1/reservas,4.747125,200,success,
1789928101.554839,GET,GET /api/v1/reservas,6.059534,200,success,
1789928101.640769,GET,GET /api/v1/reservas/{id},4.725472,200,success,
1789928101.678910,GET,GET /api/v1/reservas,4.882390,200,success,
1789928101.738371,GET,GET /api/v1/reservas,5.422718,200,success,
1789928101.857593,GET,GET /api/v1/reservas/{id},5.930029,200,success,
1789928101.858561,GET,GET /api/v1/reservas,6.303444,200,success,
1789928101.915178,GET,GET /api/v1/reservas,5.328305,200,success,
1789928101.925782,GET,GET /api/v1/reservas/{id},3.427505,200,success,
1789928101.933566,GET,GET /api/v1/reservas,4.513031,200,success,
1789928102.023342,GET,GET /api/v1/reservas,6.425790,200,success,
1789928102.046516,GET,GET /api/v1/reservas,4.859185,200,success,
1789928102.047539,GET,GET /api/v1/reservas/{id},3.344729,200,success,
1789928102.053276,GET,GET /api/v1/reservas,4.479389,200,success,
1789928102.063999,GET,GET /api/v1/reservas,4.479860,200,success,
1789928102.097605,GET,GET /api/v1/reservas,5.327144,200,success,
1789928102.106311,GET,GET /api/v1/reservas,4.474492,200,success,
1789928102.193007,GET,GET /api/v1/reservas/{id},5.406814,200,success,
1789928102.219350,GET,GET /api/v1/reservas,6.056350,200,success,
1789928102.238648,GET,GET /api/v1/reservas/{id},4.112383,200,success,
1789928102.259869,GET,GET /api/v1/reservas,4.945586,200,success,
1789928102.303345,GET,GET /api/v1/reservas,8.107789,200,success,
1789928102.312294,GET,GET /api/v1/reservas,6.544829,200,success,
1789928102.351379,GET,GET /api/v1/reservas,6.683029,200,success,
1789928102.392718,GET,GET /api/v1/reservas,6.015047,200,success,
1789928102.413901,GET,GET /api/v1/reservas,5.864288,200,success,
1789928102.417284,GET,GET /api/v1/reservas/{id},4.329933,200,success,
1789928102.427831,GET,GET /api/v1/reservas/{id},3.368175,200,success,
1789928102.470278,GET,GET /api/v1/reservas,5.116326,200,success,
1789928102.492929,GET,GET /api/v1/reservas,4.371135,200,success,
1789928102.542618,GET,GET /api/v1/reservas,5.044045,200,success,
1789928102.584506,GET,GET /api/v1/reservas,6.553723,200,success,
1789928102.696227,GET,GET /api/v1/reservas/{id},8.393892,200,success,
1789928102.735529,GET,GET /api/v1/reservas,9.598427,200,success,
1789928102.783630,GET,GET /api/v1/reservas,10.728081,200,success,
1789928102.792961,GET,GET /api/v1/reservas/{id},8.112765,200,success,
1789928102.811560,GET,GET /api/v1/reservas,8.246999,200,success,
1789928102.850406,GET,GET /api/v1/reservas,6.530548,200,success,
1789928102.865680,GET,GET /api/v1/reservas/{id},4.076188,200,success,
1789928102.921561,GET,GET /api/v1/reservas,5.499235,200,success,
1789928102.965800,GET,GET /api/v1/reservas,6.918486,200,success,
1789928102.967440,GET,GET /api/v1/reservas,4.774707,200,success,
1789928103.129629,GET,GET /api/v1/reservas,6.733926,200,success,
1789928103.142498,GET,GET /api/v1/reservas/{id},4.657759,200,success,
1789928103.147163,GET,GET /api/v1/reservas,5.146349,200,success,
1789928103.147608,GET,GET /api/v1/reservas,6.000445,200,success,
1789928103.279091,GET,GET /api/v1/reservas,6.051952,200,success,
1789928103.324156,GET,GET /api/v1/reservas,5.751758,200,success,
1789928103.336822,GET,GET /api/v1/reservas,4.429113,200,success,
1789928103.353363,GET,GET /api/v1/reservas,4.277322,200,success,
1789928103.437849,GET,GET /api/v1/reservas,7.086160,200,success,
1789928103.455731,GET,GET /api/v1/reservas/{id},4.642836,200,success,
1789928103.500836,GET,GET /api/v1/reservas/{id},4.884102,200,success,
1789928103.514376,GET,GET /api/v1/reservas/{id},5.319382,200,success,
1789928103.532365,GET,GET /api/v1/reservas/{id},14.756126,200,success,
1789928103.550635,GET,GET /api/v1/reservas,9.025230,200,success,
1789928103.762074,GET,GET /api/v1/reservas,6.168220,200,success,
1789928103.798281,GET,GET /api/v1/reservas,4.890342,200,success,
1789928103.809391,GET,GET /api/v1/reservas,4.861137,200,success,
1789928103.821882,GET,GET /api/v1/reservas,4.239535,200,success,
1789928103.883554,GET,GET /api/v1/reservas,6.326549,200,success,
1789928103.912286,GET,GET /api/v1/reservas/{id},4.538439,200,success,
1789928103.928901,GET,GET /api/v1/reservas/{id},3.434535,200,success,
1789928103.947334,GET,GET /api/v1/reservas,5.125139,200,success,
1789928103.948356,GET,GET /api/v1/reservas,4.619903,200,success,
1789928103.964892,GET,GET /api/v1/reservas,4.300809,200,success,
1789928103.971111,GET,GET /api/v1/reservas,3.983878,200,success,
1789928103.981173,GET,GET /api/v1/reservas,3.843186,200,success,
1789928104.002801,GET,GET /api/v1/reservas,4.399899,200,success,
1789928104.115135,GET,GET /api/v1/reservas,5.889767,200,success,
1789928104.159668,GET,GET /api/v1/reservas,5.230398,200,success,
1789928104.170793,GET,GET /api/v1/reservas,4.897323,200,success,
1789928104.232280,GET,GET /api/v1/reservas,5.165549,200,success,
1789928104.242672,GET,GET /api/v1/reservas,4.154738,200,success,
1789928104.261546,GET,GET /api/v1/reservas,4.638841,200,success,
1789928104.297784,GET,GET /api/v1/reservas,4.943002,200,success,
1789928104.428607,GET,GET /api/v1/reservas,10.388416,200,success,
1789928104.548868,GET,GET /api/v1/reservas/{id},5.507107,200,success,
1789928104.551621,GET,GET /api/v1/reservas/{id},3.388886,200,success,
1789928104.573610,GET,GET /api/v1/reservas,7.709214,200,success,
1789928104.576875,GET,GET /api/v1/reservas/{id},4.145663,200,success,
1789928104.722554,GET,GET /api/v1/reservas,6.340771,200,success,
1789928104.751609,GET,GET /api/v1/reservas,4.784282,200,success,
1789928104.776454,GET,GET /api/v1/reservas/{id},3.675100,200,success,
1789928104.886646,GET,GET /api/v1/reservas,5.809956,200,success,
1789928104.932831,GET,GET /api/v1/reservas,5.860743,200,success,
1789928104.990722,GET,GET /api/v1/reservas,5.548389,200,success,
1789928105.010429,GET,GET /api/v1/reservas,4.454462,200,success,
1789928105.129243,GET,GET /api/v1/reservas/{id},5.279713,200,success,
1789928105.142727,GET,GET /api/v1/reservas,5.174202,200,success,
1789928105.161823,GET,GET /api/v1/reservas,4.821278,200,success,
1789928105.184711,GET,GET /api/v1/reservas,4.606352,200,success,
1789928105.247926,GET,GET /api/v1/reservas,8.831756,200,success,
1789928105.250704,GET,GET /api/v1/reservas,6.075147,200,success,
1789928105.251635,GET,GET /api/v1/reservas,7.410542,200,success,
1789928105.344487,GET,GET /api/v1/reservas,7.296098,200,success,
1789928105.367234,GET,GET /api/v1/reservas,7.023465,200,success,
1789928105.396023,GET,GET /api/v1/reservas,7.440678,200,success,
1789928105.397032,GET,GET /api/v1/reservas,6.622327,200,success,
1789928105.432632,GET,GET /api/v1/reservas,7.265582,200,success,
1789928105.435895,GET,GET /api/v1/reservas/{id},5.605506,200,success,
1789928105.467690,GET,GET /api/v1/reservas,8.411189,200,success,
1789928105.500076,GET,GET /api/v1/reservas,9.400419,200,success,
1789928105.500902,GET,GET /api/v1/reservas/{id},5.966464,200,success,
1789928105.523598,GET,GET /api/v1/reservas,9.377483,200,success,
1789928105.525231,GET,GET /api/v1/reservas,7.190147,200,success,
1789928105.554853,GET,GET /api/v1/reservas,6.341351,200,success,
1789928105.603322,GET,GET /api/v1/reservas/{id},5.224639,200,success,
1789928105.682953,GET,GET /api/v1/reservas/{id},7.340446,200,success,
1789928105.683332,GET,GET /api/v1/reservas/{id},4.766635,200,success,
1789928105.700069,GET,GET /api/v1/reservas,5.441537,200,success,
1789928105.759708,GET,GET /api/v1/reservas,8.247049,200,success,
1789928105.781201,GET,GET /api/v1/reservas,8.164584,200,success,
1789928105.879050,GET,GET /api/v1/reservas/{id},5.491193,200,success,
1789928105.910094,GET,GET /api/v1/reservas,6.696028,200,success,
1789928105.914422,GET,GET /api/v1/reservas/{id},4.192374,200,success,
1789928105.917600,GET,GET /api/v1/reservas/{id},3.858549,200,success,
1789928105.937692,GET,GET /api/v1/reservas,4.839946,200,success,
1789928105.943921,GET,GET /api/v1/reservas,4.947889,200,success,
1789928106.017703,GET,GET /api/v1/reservas/{id},5.545515,200,success,
1789928106.018443,GET,GET /api/v1/reservas,5.043233,200,success,
1789928106.044421,GET,GET /api/v1/reservas,4.710619,200,success,
1789928106.056265,GET,GET /api/v1/reservas,4.600493,200,success,
1789928106.097457,GET,GET /api/v1/reservas,4.906997,200,success,
1789928106.152811,GET,GET /api/v1/reservas,5.065467,200,success,
1789928106.172264,GET,GET /api/v1/reservas,4.219565,200,success,
1789928106.280205,GET,GET /api/v1/reservas/{id},4.648276,200,success,
1789928106.306192,GET,GET /api/v1/reservas,4.676939,200,success,
1789928106.408963,GET,GET /api/v1/reservas,5.906001,200,success,
1789928106.409418,GET,GET /api/v1/reservas,6.867629,200,success,
1789928106.427891,GET,GET /api/v1/reservas,4.251594,200,success,
1789928106.462825,GET,GET /api/v1/reservas,4.712853,200,success,
1789928106.473970,GET,GET /api/v1/reservas,4.900507,200,success,
1789928106.534797,GET,GET /api/v1/reservas,5.153742,200,success,
1789928106.626788,GET,GET /api/v1/reservas,5.632487,200,success,
1789928106.646840,GET,GET /api/v1/reservas,4.800816,200,success,
1789928106.792294,GET,GET /api/v1/reservas,6.318636,200,success,
1789928106.813439,GET,GET /api/v1/reservas,4.867127,200,success,
1789928106.863046,GET,GET /api/v1/reservas,6.281521,200,success,
1789928106.889305,GET,GET /api/v1/reservas,4.969101,200,success,
1789928106.970257,GET,GET /api/v1/reservas,5.582710,200,success,
1789928107.036178,GET,GET /api/v1/reservas,5.584333,200,success,
1789928107.134007,GET,GET /api/v1/reservas,6.406670,200,success,
1789928107.213223,GET,GET /api/v1/reservas,5.836707,200,success,
1789928107.230288,GET,GET /api/v1/reservas,4.794357,200,success,
1789928107.260212,GET,GET /api/v1/reservas/{id},3.723553,200,success,
1789928107.290001,GET,GET /api/v1/reservas,5.439735,200,success,
1789928107.297677,GET,GET /api/v1/reservas,5.394516,200,success,
1789928107.315647,GET,GET /api/v1/reservas,5.695863,200,success,
1789928107.368846,GET,GET /api/v1/reservas/{id},4.968360,200,success,
1789928107.428442,GET,GET /api/v1/reservas/{id},4.349933,200,success,
1789928107.439639,GET,GET /api/v1/reservas/{id},3.036954,200,success,
1789928107.471325,GET,GET /api/v1/reservas/{id},3.514127,200,success,
1789928107.484846,GET,GET /api/v1/reservas,4.283603,200,success,
1789928107.529090,GET,GET /api/v1/reservas,4.945716,200,success,
1789928107.535489,GET,GET /api/v1/reservas,4.171683,200,success,
1789928107.582697,GET,GET /api/v1/reservas/{id},4.019021,200,success,
1789928107.674813,GET,GET /api/v1/reservas,5.744587,200,success,
1789928107.707420,GET,GET /api/v1/reservas/{id},3.657383,200,success,
1789928107.736388,GET,GET /api/v1/reservas,4.690989,200,success,
1789928107.846531,GET,GET /api/v1/reservas,4.717921,200,success,
1789928107.847030,GET,GET /api/v1/reservas,8.177133,200,success,
1789928107.852871,GET,GET /api/v1/reservas,7.210879,200,success,
1789928107.860275,GET,GET /api/v1/reservas,4.141617,200,success,
1789928107.867765,GET,GET /api/v1/reservas,4.242990,200,success,
1789928107.915700,GET,GET /api/v1/reservas,6.640514,200,success,
1789928107.919196,GET,GET /api/v1/reservas,4.489385,200,success,
1789928107.960042,GET,GET /api/v1/reservas/{id},4.636827,200,success,
1789928108.017952,GET,GET /api/v1/reservas,5.604444,200,success,
1789928108.065629,GET,GET /api/v1/reservas/{id},4.439418,200,success,
1789928108.073600,GET,GET /api/v1/reservas,4.728216,200,success,
1789928108.109675,GET,GET /api/v1/reservas,4.823961,200,success,
1789928108.128168,GET,GET /api/v1/reservas,7.155175,200,success,
1789928108.179701,GET,GET /api/v1/reservas/{id},4.303894,200,success,
1789928108.191457,GET,GET /api/v1/reservas,4.455693,200,success,
1789928108.194592,GET,GET /api/v1/reservas,4.092383,200,success,
1789928108.260324,GET,GET /api/v1/reservas,5.434827,200,success,
1789928108.304449,GET,GET /api/v1/reservas,8.618873,200,success,
1789928108.321757,GET,GET /api/v1/reservas,9.972045,200,success,
1789928108.325321,GET,GET /api/v1/reservas,11.522855,200,success,
1789928108.413350,GET,GET /api/v1/reservas,7.588220,200,success,
1789928108.507076,GET,GET /api/v1/reservas,7.301226,200,success,
1789928108.550153,GET,GET /api/v1/reservas,7.193032,200,success,
1789928108.550618,GET,GET /api/v1/reservas,7.163508,200,success,
1789928108.576118,GET,GET /api/v1/reservas/{id},4.321110,200,success,
1789928108.614791,GET,GET /api/v1/reservas,5.353994,200,success,
1789928108.657405,GET,GET /api/v1/reservas,5.327514,200,success,
1789928108.726081,GET,GET /api/v1/reservas,5.592016,200,success,
1789928108.735403,GET,GET /api/v1/reservas,4.116989,200,success,
1789928108.739159,GET,GET /api/v1/reservas,4.332687,200,success,
1789928108.750358,GET,GET /api/v1/reservas,3.968895,200,success,
1789928108.889303,GET,GET /api/v1/reservas/{id},4.640654,200,success,
1789928108.927433,GET,GET /api/v1/reservas,6.742929,200,success,
1789928109.029536,GET,GET /api/v1/reservas,7.749465,200,success,
1789928109.032878,GET,GET /api/v1/reservas/{id},4.308200,200,success,
1789928109.077960,GET,GET /api/v1/reservas,7.736295,200,success,
1789928109.085783,GET,GET /api/v1/reservas,5.508960,200,success,
1789928109.180554,GET,GET /api/v1/reservas,7.354127,200,success,
1789928109.243941,GET,GET /api/v1/reservas,9.989540,200,success,
1789928109.277497,GET,GET /api/v1/reservas,5.245460,200,success,
1789928109.316063,GET,GET /api/v1/reservas,7.237359,200,success,
1789928109.329300,GET,GET /api/v1/reservas,5.887935,200,success,
1789928109.369876,GET,GET /api/v1/reservas,6.222130,200,success,
1789928109.416025,GET,GET /api/v1/reservas,5.829776,200,success,
1789928109.438465,GET,GET /api/v1/reservas/{id},4.246998,200,success,
1789928109.505969,GET,GET /api/v1/reservas,6.142120,200,success,
1789928109.506930,GET,GET /api/v1/reservas,4.399648,200,success,
1789928109.537838,GET,GET /api/v1/reservas,4.635004,200,success,
1789928109.601203,GET,GET /api/v1/reservas,8.016781,200,success,
1789928109.617209,GET,GET /api/v1/reservas,4.696268,200,success,
1789928109.619267,GET,GET /api/v1/reservas,4.170020,200,success,
1789928109.623536,GET,GET /api/v1/reservas/{id},3.120419,200,success,
1789928109.682039,GET,GET /api/v1/reservas,5.214924,200,success,
1789928109.708390,GET,GET /api/v1/reservas,4.423004,200,success,
1789928109.721033,GET,GET /api/v1/reservas,4.391135,200,success,
1789928109.741802,GET,GET /api/v1/reservas,4.510856,200,success,
1789928109.762947,GET,GET /api/v1/reservas,4.900638,200,success,
1789928109.763251,GET,GET /api/v1/reservas/{id},3.652246,200,success,
1789928109.903519,GET,GET /api/v1/reservas,5.880142,200,success,
1789928109.917270,GET,GET /api/v1/reservas,4.467752,200,success,
1789928109.928444,GET,GET /api/v1/reservas,4.877472,200,success,
1789928109.944534,GET,GET /api/v1/reservas,5.759480,200,success,
1789928109.997357,GET,GET /api/v1/reservas,5.494107,200,success,
1789928110.017680,GET,GET /api/v1/reservas,5.048652,200,success,
1789928110.044812,GET,GET /api/v1/reservas,4.848749,200,success,
1789928110.116909,GET,GET /api/v1/reservas,5.734672,200,success,
1789928110.131026,GET,GET /api/v1/reservas,4.854648,200,success,
1789928110.157777,GET,GET /api/v1/reservas/{id},3.559846,200,success,
1789928110.208155,GET,GET /api/v1/reservas,5.075333,200,success,
1789928110.215574,GET,GET /api/v1/reservas,4.204583,200,success,
1789928110.264151,GET,GET /api/v1/reservas,5.305832,200,success,
1789928110.284088,GET,GET /api/v1/reservas,4.657459,200,success,
1789928110.290335,GET,GET /api/v1/reservas,4.022387,200,success,
1789928110.316663,GET,GET /api/v1/reservas,5.075904,200,success,
1789928110.319895,GET,GET /api/v1/reservas/{id},4.701716,200,success,
1789928110.335718,GET,GET /api/v1/reservas,4.557247,200,success,
1789928110.387032,GET,GET /api/v1/reservas,8.911368,200,success,
1789928110.401391,GET,GET /api/v1/reservas,6.064492,200,success,
1789928110.445009,GET,GET /api/v1/reservas,5.323228,200,success,
1789928110.472315,GET,GET /api/v1/reservas,5.001280,200,success,
1789928110.556098,GET,GET /api/v1/reservas,6.640784,200,success,
1789928110.580676,GET,GET /api/v1/reservas,5.299081,200,success,
1789928110.581029,GET,GET /api/v1/reservas,5.300964,200,success,
1789928110.634394,GET,GET /api/v1/reservas,5.101633,200,success,
1789928110.650096,GET,GET /api/v1/reservas,4.436615,200,success,
1789928110.701565,GET,GET /api/v1/reservas,5.158148,200,success,
1789928110.748717,GET,GET /api/v1/reservas,6.132204,200,success,
1789928110.811048,GET,GET /api/v1/reservas/{id},5.110396,200,success,
1789928110.997248,GET,GET /api/v1/reservas,5.720570,200,success,
1789928111.083663,GET,GET /api/v1/reservas,6.011301,200,success,
1789928111.095583,GET,GET /api/v1/reservas,5.611274,200,success,
1789928111.182612,GET,GET /api/v1/reservas/{id},4.750200,200,success,
1789928111.184581,GET,GET /api/v1/reservas/{id},2.911151,200,success,
1789928111.289578,GET,GET /api/v1/reservas,5.636412,200,success,
1789928111.389582,GET,GET /api/v1/reservas,5.727009,200,success,
1789928111.473612,GET,GET /api/v1/reservas,5.676133,200,success,
1789928111.483118,GET,GET /api/v1/reservas,4.224352,200,success,
1789928111.594130,GET,GET /api/v1/reservas/{id},4.722859,200,success,
1789928111.652624,GET,GET /api/v1/reservas,5.202445,200,success,
1789928111.697855,GET,GET /api/v1/reservas,4.953488,200,success,
1789928111.825863,GET,GET /api/v1/reservas,5.885209,200,success,
1789928111.865155,GET,GET /api/v1/reservas,5.019868,200,success,
1789928111.888305,GET,GET /api/v1/reservas/{id},4.015936,200,success,
1789928111.889440,GET,GET /api/v1/reservas,4.740174,200,success,
1789928111.954261,GET,GET /api/v1/reservas,5.525896,200,success,
1789928112.014929,GET,GET /api/v1/reservas,5.364159,200,success,
1789928112.067494,GET,GET /api/v1/reservas,5.212069,200,success,
1789928112.076340,GET,GET /api/v1/reservas/{id},3.676191,200,success,
1789928112.113315,GET,GET /api/v1/reservas/{id},3.789684,200,success,
1789928112.145034,GET,GET /api/v1/reservas/{id},3.526014,200,success,
1789928112.166180,GET,GET /api/v1/reservas,4.856681,200,success,
1789928112.166995,GET,GET /api/v1/reservas/{id},3.217337,200,success,
1789928112.210960,GET,GET /api/v1/reservas/{id},3.770074,200,success,
1789928112.288359,GET,GET /api/v1/reservas,6.047525,200,success,
1789928112.292163,GET,GET /api/v1/reservas,4.494011,200,success,
1789928112.351015,GET,GET /api/v1/reservas/{id},6.077511,200,success,
1789928112.352181,GET,GET /api/v1/reservas,7.653671,200,success,
1789928112.361304,GET,GET /api/v1/reservas/{id},3.954294,200,success,
1789928112.368145,GET,GET /api/v1/reservas,4.537948,200,success,
1789928112.399455,GET,GET /api/v1/reservas/{id},4.106184,200,success,
1789928112.407466,GET,GET /api/v1/reservas,4.733274,200,success,
1789928112.474564,GET,GET /api/v1/reservas,5.782735,200,success,
1789928112.508149,GET,GET /api/v1/reservas,5.267394,200,success,
1789928112.510193,GET,GET /api/v1/reservas,4.686623,200,success,
1789928112.514488,GET,GET /api/v1/reservas/{id},3.154101,200,success,
1789928112.519063,GET,GET /api/v1/reservas,4.997995,200,success,
1789928112.534705,GET,GET /api/v1/reservas/{id},3.148173,200,success,
1789928112.626078,GET,GET /api/v1/reservas,5.992623,200,success,
1789928112.652198,GET,GET /api/v1/reservas,4.243432,200,success,
1789928112.652584,GET,GET /api/v1/reservas,5.278900,200,success,
1789928112.685483,GET,GET /api/v1/reservas,4.651310,200,success,
1789928112.707832,GET,GET /api/v1/reservas/{id},4.185444,200,success,
1789928112.736857,GET,GET /api/v1/reservas,4.747967,200,success,
1789928112.798482,GET,GET /api/v1/reservas/{id},8.338038,200,success,
1789928112.798586,GET,GET /api/v1/reservas/{id},8.025826,200,success,
1789928112.850542,GET,GET /api/v1/reservas/{id},5.251961,200,success,
1789928112.852088,GET,GET /api/v1/reservas,7.185330,200,success,
1789928112.854216,GET,GET /api/v1/reservas,4.974680,200,success,
1789928112.915017,GET,GET /api/v1/reservas,9.390422,200,success,
1789928112.920795,GET,GET /api/v1/reservas,8.085526,200,success,
1789928112.944125,GET,GET /api/v1/reservas,6.984817,200,success,
1789928112.989861,GET,GET /api/v1/reservas,6.428914,200,success,
1789928113.014615,GET,GET /api/v1/reservas,6.413180,200,success,
1789928113.035100,GET,GET /api/v1/reservas,7.081083,200,success,
1789928113.097776,GET,GET /api/v1/reservas/{id},5.394056,200,success,
1789928113.294754,GET,GET /api/v1/reservas,8.445641,200,success,
1789928113.374472,GET,GET /api/v1/reservas,6.342042,200,success,
1789928113.424011,GET,GET /api/v1/reservas/{id},4.305435,200,success,
1789928113.488623,GET,GET /api/v1/reservas/{id},4.384566,200,success,
1789928113.511023,GET,GET /api/v1/reservas,5.079910,200,success,
1789928113.537206,GET,GET /api/v1/reservas/{id},10.403658,200,success,
1789928113.537944,GET,GET /api/v1/reservas,9.189318,200,success,
1789928113.550778,GET,GET /api/v1/reservas,4.559290,200,success,
1789928113.607954,GET,GET /api/v1/reservas,6.868069,200,success,
1789928113.613688,GET,GET /api/v1/reservas/{id},5.170858,200,success,
1789928113.613948,GET,GET /api/v1/reservas/{id},5.876987,200,success,
1789928113.729393,GET,GET /api/v1/reservas,6.282832,200,success,
1789928113.740919,GET,GET /api/v1/reservas,5.239552,200,success,
1789928113.925250,GET,GET /api/v1/reservas/{id},7.940144,200,success,
1789928113.965193,GET,GET /api/v1/reservas,7.542562,200,success,
1789928113.975948,GET,GET /api/v1/reservas/{id},4.544497,200,success,
1789928114.097051,GET,GET /api/v1/reservas/{id},4.783510,200,success,
1789928114.116732,GET,GET /api/v1/reservas,5.392493,200,success,
1789928114.125103,GET,GET /api/v1/reservas,4.090450,200,success,
1789928114.143749,GET,GET /api/v1/reservas,4.399468,200,success,
1789928114.147826,GET,GET /api/v1/reservas/{id},2.923421,200,success,
1789928114.157776,GET,GET /api/v1/reservas,4.699893,200,success,
1789928114.274150,GET,GET /api/v1/reservas,6.951216,200,success,
1789928114.274304,GET,GET /api/v1/reservas,6.691313,200,success,
1789928114.287212,GET,GET /api/v1/reservas,5.349357,200,success,
1789928114.287707,GET,GET /api/v1/reservas,6.160767,200,success,
1789928114.361869,GET,GET /api/v1/reservas/{id},4.935451,200,success,
1789928114.453164,GET,GET /api/v1/reservas,5.966994,200,success,
1789928114.474938,GET,GET /api/v1/reservas,4.494942,200,success,
1789928114.539943,GET,GET /api/v1/reservas/{id},4.339367,200,success,
1789928114.578037,GET,GET /api/v1/reservas,5.771237,200,success,
1789928114.616276,GET,GET /api/v1/reservas,4.981380,200,success,
1789928114.627620,GET,GET /api/v1/reservas,5.057726,200,success,
1789928114.674484,GET,GET /api/v1/reservas,5.597664,200,success,
1789928114.707391,GET,GET /api/v1/reservas,4.650528,200,success,
1789928114.771749,GET,GET /api/v1/reservas/{id},4.307689,200,success,
1789928114.802505,GET,GET /api/v1/reservas,5.479976,200,success,
1789928114.811864,GET,GET /api/v1/reservas,4.139473,200,success,
1789928114.871493,GET,GET /api/v1/reservas,5.289386,200,success,
1789928114.929430,GET,GET /api/v1/reservas,5.610403,200,success,
1789928114.979775,GET,GET /api/v1/reservas/{id},4.137080,200,success,
1789928114.988258,GET,GET /api/v1/reservas/{id},3.321304,200,success,
1789928115.051934,GET,GET /api/v1/reservas,6.339448,200,success,
1789928115.105299,GET,GET /api/v1/reservas,6.000074,200,success,
1789928115.136702,GET,GET /api/v1/reservas,5.116205,200,success,
1789928115.149287,GET,GET /api/v1/reservas,4.315491,200,success,
1789928115.165657,GET,GET /api/v1/reservas,5.117617,200,success,
1789928115.169477,GET,GET /api/v1/reservas,4.422142,200,success,
1789928115.182764,GET,GET /api/v1/reservas,4.063579,200,success,
1789928115.254480,GET,GET /api/v1/reservas,6.381021,200,success,
1789928115.283746,GET,GET /api/v1/reservas,4.991596,200,success,
1789928115.395587,GET,GET /api/v1/reservas,6.426500,200,success,
1789928115.398296,GET,GET /api/v1/reservas,5.371782,200,success,
1789928115.409876,GET,GET /api/v1/reservas,4.347840,200,success,
1789928115.462533,GET,GET /api/v1/reservas,5.349367,200,success,
1789928115.563937,GET,GET /api/v1/reservas,8.692104,200,success,
1789928115.586101,GET,GET /api/v1/reservas,5.779149,200,success,
1789928115.599769,GET,GET /api/v1/reservas/{id},4.458909,200,success,
1789928115.604139,GET,GET /api/v1/reservas,6.066014,200,success,
1789928115.772941,GET,GET /api/v1/reservas,8.117153,200,success,
1789928115.774853,GET,GET /api/v1/reservas,5.301004,200,success,
1789928115.796974,GET,GET /api/v1/reservas,8.777905,200,success,
1789928115.815860,GET,GET /api/v1/reservas,7.528340,200,success,
1789928115.841952,GET,GET /api/v1/reservas/{id},4.841467,200,success,
1789928115.863781,GET,GET /api/v1/reservas,5.506256,200,success,
1789928115.869580,GET,GET /api/v1/reservas/{id},3.607328,200,success,
1789928116.051286,GET,GET /api/v1/reservas/{id},6.469615,200,success,
1789928116.066036,GET,GET /api/v1/reservas,7.394438,200,success,
1789928116.085933,GET,GET /api/v1/reservas,8.563209,200,success,
1789928116.190031,GET,GET /api/v1/reservas,6.655718,200,success,
1789928116.191928,GET,GET /api/v1/reservas/{id},3.627687,200,success,
1789928116.261875,GET,GET /api/v1/reservas,5.605316,200,success,
1789928116.314289,GET,GET /api/v1/reservas,5.116445,200,success,
1789928116.356644,GET,GET /api/v1/reservas,5.046709,200,success,
1789928116.377814,GET,GET /api/v1/reservas,4.927308,200,success,
1789928116.393092,GET,GET /api/v1/reservas,6.910513,200,success,
1789928116.395558,GET,GET /api/v1/reservas,4.601054,200,success,
1789928116.477537,GET,GET /api/v1/reservas,6.597810,200,success,
1789928116.489633,GET,GET /api/v1/reservas/{id},4.903372,200,success,
1789928116.525784,GET,GET /api/v1/reservas,5.466846,200,success,
1789928116.526163,GET,GET /api/v1/reservas,6.285837,200,success,
1789928116.576961,GET,GET /api/v1/reservas,5.134561,200,success,
1789928116.685684,GET,GET /api/v1/reservas,6.334622,200,success,
1789928116.691012,GET,GET /api/v1/reservas/{id},3.154812,200,success,
1789928116.718483,GET,GET /api/v1/reservas,5.219030,200,success,
1789928116.725535,GET,GET /api/v1/reservas,4.844552,200,success,
1789928116.729701,GET,GET /api/v1/reservas,5.366134,200,success,
1789928116.732440,GET,GET /api/v1/reservas,4.692653,200,success,
1789928116.811217,GET,GET /api/v1/reservas/{id},4.541233,200,success,
1789928116.844347,GET,GET /api/v1/reservas,4.824903,200,success,
1789928116.901577,GET,GET /api/v1/reservas,5.929408,200,success,
1789928116.914511,GET,GET /api/v1/reservas/{id},3.764697,200,success,
1789928116.966773,GET,GET /api/v1/reservas/{id},4.069317,200,success,
1789928116.972059,GET,GET /api/v1/reservas/{id},3.124576,200,success,
1789928116.978952,GET,GET /api/v1/reservas,4.617838,200,success,
1789928116.980609,GET,GET /api/v1/reservas,4.595665,200,success,
1789928116.994864,GET,GET /api/v1/reservas,4.022076,200,success,
1789928117.006433,GET,GET /api/v1/reservas,4.326106,200,success,
1789928117.147253,GET,GET /api/v1/reservas,7.014382,200,success,
1789928117.193381,GET,GET /api/v1/reservas/{id},4.910833,200,success,
1789928117.215476,GET,GET /api/v1/reservas,5.765769,200,success,
1789928117.252793,GET,GET /api/v1/reservas/{id},4.137711,200,success,
1789928117.256050,GET,GET /api/v1/reservas/{id},3.168172,200,success,
1789928117.393455,GET,GET /api/v1/reservas,5.997600,200,success,
1789928117.470517,GET,GET /api/v1/reservas,6.683951,200,success,
1789928117.519781,GET,GET /api/v1/reservas/{id},4.025131,200,success,
1789928117.532585,GET,GET /api/v1/reservas,4.534923,200,success,
1789928117.561345,GET,GET /api/v1/reservas,4.553992,200,success,
1789928117.569186,GET,GET /api/v1/reservas,7.686250,200,success,
1789928117.576666,GET,GET /api/v1/reservas,4.269090,200,success,
1789928117.686742,GET,GET /api/v1/reservas,5.755203,200,success,
1789928117.788723,GET,GET /api/v1/reservas,5.919482,200,success,
1789928117.887603,GET,GET /api/v1/reservas/{id},4.686282,200,success,
1789928117.979127,GET,GET /api/v1/reservas,6.182822,200,success,
1789928117.983782,GET,GET /api/v1/reservas,5.413334,200,success,
1789928117.991239,GET,GET /api/v1/reservas,4.227117,200,success,
1789928117.994997,GET,GET /api/v1/reservas,4.320179,200,success,
1789928118.067173,GET,GET /api/v1/reservas,5.847122,200,success,
1789928118.081815,GET,GET /api/v1/reservas/{id},3.451211,200,success,
1789928118.117118,GET,GET /api/v1/reservas,8.996416,200,success,
1789928118.120921,GET,GET /api/v1/reservas,5.130124,200,success,
1789928118.296748,GET,GET /api/v1/reservas,6.401322,200,success,
1789928118.388706,GET,GET /api/v1/reservas/{id},4.679332,200,success,
1789928118.459483,GET,GET /api/v1/reservas/{id},4.534122,200,success,
1789928118.491108,GET,GET /api/v1/reservas,5.377560,200,success,
1789928118.551903,GET,GET /api/v1/reservas,5.081963,200,success,
1789928118.567455,GET,GET /api/v1/reservas/{id},3.377229,200,success,
1789928118.572559,GET,GET /api/v1/reservas,3.855014,200,success,
1789928118.577573,GET,GET /api/v1/reservas,3.852298,200,success,
1789928118.588301,GET,GET /api/v1/reservas,5.471963,200,success,
1789928118.592079,GET,GET /api/v1/reservas,5.616702,200,success,
1789928118.666787,GET,GET /api/v1/reservas/{id},5.446144,200,success,
1789928118.693923,GET,GET /api/v1/reservas,5.820972,200,success,
1789928118.725419,GET,GET /api/v1/reservas/{id},5.470892,200,success,
1789928118.735734,GET,GET /api/v1/reservas,7.928978,200,success,
1789928118.769744,GET,GET /api/v1/reservas,7.680351,200,success,
1789928118.853817,GET,GET /api/v1/reservas,9.573170,200,success,
1789928118.874676,GET,GET /api/v1/reservas,6.578872,200,success,
1789928118.915475,GET,GET /api/v1/reservas,6.095369,200,success,
1789928118.915842,GET,GET /api/v1/reservas,6.933229,200,success,
1789928118.934706,GET,GET /api/v1/reservas/{id},3.699637,200,success,
1789928119.033567,GET,GET /api/v1/reservas,6.456817,200,success,
1789928119.045831,GET,GET /api/v1/reservas,6.891006,200,success,
1789928119.048186,GET,GET /api/v1/reservas,6.404847,200,success,
1789928119.048653,GET,GET /api/v1/reservas,6.503347,200,success,
1789928119.077106,GET,GET /api/v1/reservas/{id},3.633587,200,success,
1789928119.077870,GET,GET /api/v1/reservas,5.945041,200,success,
1789928119.091711,GET,GET /api/v1/reservas,4.576668,200,success,
1789928119.111873,GET,GET /api/v1/reservas,4.907187,200,success,
1789928119.309276,GET,GET /api/v1/reservas,8.941853,200,success,
1789928119.344680,GET,GET /api/v1/reservas,8.459822,200,success,
1789928119.348202,GET,GET /api/v1/reservas,10.205809,200,success,
1789928119.356128,GET,GET /api/v1/reservas,11.929401,200,success,
1789928119.395233,GET,GET /api/v1/reservas,7.066180,200,success,
1789928119.406798,GET,GET /api/v1/reservas,6.233858,200,success,
1789928119.595121,GET,GET /api/v1/reservas/{id},4.934048,200,success,
1789928119.708378,GET,GET /api/v1/reservas,5.882215,200,success,
1789928119.713725,GET,GET /api/v1/reservas,4.117671,200,success,
1789928119.786115,GET,GET /api/v1/reservas,5.392874,200,success,
1789928119.902730,GET,GET /api/v1/reservas/{id},4.335201,200,success,
1789928119.922234,GET,GET /api/v1/reservas/{id},3.315765,200,success,
1789928119.931301,GET,GET /api/v1/reservas,4.830200,200,success,
1789928120.060882,GET,GET /api/v1/reservas,6.164613,200,success,
1789928120.095994,GET,GET /api/v1/reservas,5.692277,200,success,
1789928120.096547,GET,GET /api/v1/reservas/{id},4.650639,200,success,
1789928120.105291,GET,GET /api/v1/reservas,4.455913,200,success,
1789928120.106584,GET,GET /api/v1/reservas/{id},3.287042,200,success,
1789928120.116216,GET,GET /api/v1/reservas,4.383524,200,success,
1789928120.118874,GET,GET /api/v1/reservas/{id},3.339130,200,success,
1789928120.316892,GET,GET /api/v1/reservas,6.599733,200,success,
1789928120.358728,GET,GET /api/v1/reservas/{id},7.623635,200,success,
1789928120.360401,GET,GET /api/v1/reservas,7.478275,200,success,
1789928120.374580,GET,GET /api/v1/reservas,10.830866,200,success,
1789928120.389433,GET,GET /api/v1/reservas,5.573467,200,success,
1789928120.407056,GET,GET /api/v1/reservas,5.299993,200,success,
1789928120.413557,GET,GET /api/v1/reservas,4.271654,200,success,
1789928120.452785,GET,GET /api/v1/reservas,5.953935,200,success,
1789928120.493466,GET,GET /api/v1/reservas/{id},4.112684,200,success,
1789928120.495330,GET,GET /api/v1/reservas,4.231003,200,success,
1789928120.560124,GET,GET /api/v1/reservas/{id},4.184652,200,success,
1789928120.575751,GET,GET /api/v1/reservas,4.380750,200,success,
1789928120.631603,GET,GET /api/v1/reservas,5.574269,200,success,
1789928120.668043,GET,GET /api/v1/reservas,4.560252,200,success,
1789928120.668464,GET,GET /api/v1/reservas,5.588771,200,success,
1789928120.695359,GET,GET /api/v1/reservas,4.607353,200,success,
1789928120.705609,GET,GET /api/v1/reservas,4.018300,200,success,
1789928120.802117,GET,GET /api/v1/reservas/{id},4.468473,200,success,
1789928120.846483,GET,GET /api/v1/reservas,5.039890,200,success,
1789928120.872176,GET,GET /api/v1/reservas/{id},4.172794,200,success,
1789928120.872445,GET,GET /api/v1/reservas/{id},4.781778,200,success,
1789928120.898034,GET,GET /api/v1/reservas/{id},3.429688,200,success,
1789928120.941761,GET,GET /api/v1/reservas,5.435729,200,success,
1789928120.956332,GET,GET /api/v1/reservas,4.308341,200,success,
1789928120.968719,GET,GET /api/v1/reservas,4.136901,200,success,
1789928121.013355,GET,GET /api/v1/reservas,5.332452,200,success,
1789928121.033038,GET,GET /api/v1/reservas,4.394340,200,success,
1789928121.050507,GET,GET /api/v1/reservas,4.200337,200,success,
1789928121.099274,GET,GET /api/v1/reservas,5.472685,200,success,
1789928121.106759,GET,GET /api/v1/reservas,5.249896,200,success,
1789928121.107511,GET,GET /api/v1/reservas,4.428041,200,success,
1789928121.222996,GET,GET /api/v1/reservas,6.088768,200,success,
1789928121.233897,GET,GET /api/v1/reservas,4.651160,200,success,
1789928121.235824,GET,GET /api/v1/reservas,3.997108,200,success,
1789928121.244540,GET,GET /api/v1/reservas,4.468954,200,success,
1789928121.311125,GET,GET /api/v1/reservas,5.236467,200,success,
1789928121.332153,GET,GET /api/v1/reservas,4.810451,200,success,
1789928121.575575,GET,GET /api/v1/reservas/{id},5.139409,200,success,
1789928121.575911,GET,GET /api/v1/reservas/{id},5.020459,200,success,
1789928121.729610,GET,GET /api/v1/reservas,6.491759,200,success,
1789928121.733380,GET,GET /api/v1/reservas,4.508184,200,success,
1789928121.741610,GET,GET /api/v1/reservas/{id},3.073559,200,success,
1789928121.747609,GET,GET /api/v1/reservas/{id},2.843059,200,success,
1789928121.810967,GET,GET /api/v1/reservas,6.022148,200,success,
1789928121.825829,GET,GET /api/v1/reservas,4.586311,200,success,
1789928122.008052,GET,GET /api/v1/reservas/{id},4.869360,200,success,
1789928122.016955,GET,GET /api/v1/reservas,4.616417,200,success,
1789928122.030474,GET,GET /api/v1/reservas/{id},3.316287,200,success,
1789928122.033436,GET,GET /api/v1/reservas/{id},2.877270,200,success,
1789928122.095247,GET,GET /api/v1/reservas,5.501719,200,success,
1789928122.111679,GET,GET /api/v1/reservas,10.087608,200,success,
1789928122.181378,GET,GET /api/v1/reservas,7.041282,200,success,
1789928122.219834,GET,GET /api/v1/reservas/{id},4.238103,200,success,
1789928122.237521,GET,GET /api/v1/reservas/{id},3.509780,200,success,
1789928122.274318,GET,GET /api/v1/reservas,5.502630,200,success,
1789928122.294774,GET,GET /api/v1/reservas,5.122934,200,success,
1789928122.317134,GET,GET /api/v1/reservas/{id},4.141978,200,success,
1789928122.344654,GET,GET /api/v1/reservas,6.260168,200,success,
1789928122.350660,GET,GET /api/v1/reservas,4.770500,200,success,
1789928122.364460,GET,GET /api/v1/reservas,4.565399,200,success,
1789928122.386497,GET,GET /api/v1/reservas,5.738016,200,success,
1789928122.430296,GET,GET /api/v1/reservas,5.477542,200,success,
1789928122.582207,GET,GET /api/v1/reservas,5.986073,200,success,
1789928122.627780,GET,GET /api/v1/reservas,5.266381,200,success,
1789928122.645292,GET,GET /api/v1/reservas,4.259736,200,success,
1789928122.696665,GET,GET /api/v1/reservas,5.106520,200,success,
1789928122.704865,GET,GET /api/v1/reservas/{id},3.035149,200,success,
1789928122.800182,GET,GET /api/v1/reservas/{id},6.285637,200,success,
1789928122.808526,GET,GET /api/v1/reservas,6.045834,200,success,
1789928122.861576,GET,GET /api/v1/reservas/{id},4.826425,200,success,
1789928122.862725,GET,GET /api/v1/reservas,5.481418,200,success,
1789928122.897816,GET,GET /api/v1/reservas,4.839876,200,success,
1789928122.944141,GET,GET /api/v1/reservas/{id},4.101066,200,success,
1789928122.952260,GET,GET /api/v1/reservas,4.893968,200,success,
1789928122.996805,GET,GET /api/v1/reservas,5.235715,200,success,
1789928123.016727,GET,GET /api/v1/reservas/{id},3.730013,200,success,
1789928123.080772,GET,GET /api/v1/reservas,5.669293,200,success,
1789928123.093066,GET,GET /api/v1/reservas,6.967391,200,success,
1789928123.121633,GET,GET /api/v1/reservas/{id},4.368020,200,success,
1789928123.208939,GET,GET /api/v1/reservas,7.912151,200,success,
1789928123.211707,GET,GET /api/v1/reservas/{id},4.807707,200,success,
1789928123.252164,GET,GET /api/v1/reservas,6.972999,200,success,
1789928123.341206,GET,GET /api/v1/reservas/{id},7.704548,200,success,
1789928123.425082,GET,GET /api/v1/reservas,7.444202,200,success,
1789928123.435789,GET,GET /api/v1/reservas/{id},4.506820,200,success,
1789928123.442202,GET,GET /api/v1/reservas/{id},6.298077,200,success,
1789928123.495706,GET,GET /api/v1/reservas/{id},5.255166,200,success,
1789928123.537025,GET,GET /api/v1/reservas,10.588228,200,success,
1789928123.538181,GET,GET /api/v1/reservas,21.148584,200,success,
1789928123.545380,GET,GET /api/v1/reservas,4.935821,200,success,
1789928123.579193,GET,GET /api/v1/reservas,22.497840,200,success,
1789928123.580963,GET,GET /api/v1/reservas/{id},7.459867,200,success,
1789928123.581654,GET,GET /api/v1/reservas,7.501039,200,success,
1789928123.616360,GET,GET /api/v1/reservas,5.044666,200,success,
1789928123.616507,GET,GET /api/v1/reservas,5.641841,200,success,
1789928123.667961,GET,GET /api/v1/reservas,5.196726,200,success,
1789928123.728195,GET,GET /api/v1/reservas/{id},4.219425,200,success,
1789928123.745781,GET,GET /api/v1/reservas,4.347720,200,success,
1789928123.753137,GET,GET /api/v1/reservas,4.129820,200,success,
1789928123.795492,GET,GET /api/v1/reservas,5.069634,200,success,
1789928124.038669,GET,GET /api/v1/reservas/{id},5.733500,200,success,
1789928124.039546,GET,GET /api/v1/reservas,6.068768,200,success,
1789928124.041941,GET,GET /api/v1/reservas,4.373760,200,success,
1789928124.096028,GET,GET /api/v1/reservas,6.760025,200,success,
1789928124.108035,GET,GET /api/v1/reservas,5.671336,200,success,
1789928124.146158,GET,GET /api/v1/reservas,5.816456,200,success,
1789928124.174004,GET,GET /api/v1/reservas/{id},4.631199,200,success,
1789928124.200183,GET,GET /api/v1/reservas/{id},6.979849,200,success,
1789928124.275863,GET,GET /api/v1/reservas/{id},8.382826,200,success,
1789928124.276385,GET,GET /api/v1/reservas,5.339593,200,success,
1789928124.276886,GET,GET /api/v1/reservas,7.446366,200,success,
1789928124.292746,GET,GET /api/v1/reservas,5.564123,200,success,
1789928124.371403,GET,GET /api/v1/reservas,7.270820,200,success,
1789928124.452953,GET,GET /api/v1/reservas,6.150703,200,success,
1789928124.455709,GET,GET /api/v1/reservas,4.109939,200,success,
1789928124.460900,GET,GET /api/v1/reservas,3.980142,200,success,
1789928124.586323,GET,GET /api/v1/reservas/{id},4.688296,200,success,
1789928124.615531,GET,GET /api/v1/reservas,5.897528,200,success,
1789928124.617769,GET,GET /api/v1/reservas/{id},4.551589,200,success,
1789928124.638819,GET,GET /api/v1/reservas,4.799865,200,success,
1789928124.683692,GET,GET /api/v1/reservas,6.555946,200,success,
1789928124.688242,GET,GET /api/v1/reservas,5.385983,200,success,
1789928124.722772,GET,GET /api/v1/reservas,5.223126,200,success,
1789928124.754014,GET,GET /api/v1/reservas,6.156922,200,success,
1789928124.758666,GET,GET /api/v1/reservas,5.443401,200,success,
1789928124.769658,GET,GET /api/v1/reservas,4.719063,200,success,
1789928124.796625,GET,GET /api/v1/reservas,4.695367,200,success,
1789928124.852313,GET,GET /api/v1/reservas,5.369228,200,success,
1789928124.929972,GET,GET /api/v1/reservas,7.290621,200,success,
1789928124.930614,GET,GET /api/v1/reservas,7.522932,200,success,
1789928125.069071,GET,GET /api/v1/reservas,6.031542,200,success,
1789928125.078245,GET,GET /api/v1/reservas/{id},3.952341,200,success,
1789928125.084810,GET,GET /api/v1/reservas/{id},3.382497,200,success,
1789928125.229589,GET,GET /api/v1/reservas/{id},5.442158,200,success,
1789928125.235557,GET,GET /api/v1/reservas,5.708361,200,success,
1789928125.264967,GET,GET /api/v1/reservas,5.105888,200,success,
1789928125.285786,GET,GET /api/v1/reservas,4.552169,200,success,
1789928125.302760,GET,GET /api/v1/reservas/{id},3.793800,200,success,
1789928125.324007,GET,GET /api/v1/reservas,5.965983,200,success,
1789928125.408375,GET,GET /api/v1/reservas/{id},5.109364,200,success,
1789928125.417480,GET,GET /api/v1/reservas,10.305790,200,success,
1789928125.474404,GET,GET /api/v1/reservas,29.605231,200,success,
1789928125.706379,GET,GET /api/v1/reservas/{id},5.301516,200,success,
1789928125.710520,GET,GET /api/v1/reservas,4.729089,200,success,
1789928125.779357,GET,GET /api/v1/reservas/{id},4.712853,200,success,
1789928125.843203,GET,GET /api/v1/reservas,6.535195,200,success,
1789928125.904697,GET,GET /api/v1/reservas,8.113928,200,success,
1789928125.908087,GET,GET /api/v1/reservas,6.711623,200,success,
1789928125.910956,GET,GET /api/v1/reservas,6.030770,200,success,
1789928125.921243,GET,GET /api/v1/reservas,4.992277,200,success,
1789928125.931451,GET,GET /api/v1/reservas,6.939298,200,success,
1789928126.002424,GET,GET /api/v1/reservas,7.595632,200,success,
1789928126.020823,GET,GET /api/v1/reservas,9.604016,200,success,
1789928126.039222,GET,GET /api/v1/reservas,6.060786,200,success,
1789928126.064039,GET,GET /api/v1/reservas,7.218740,200,success,
1789928126.115280,GET,GET /api/v1/reservas/{id},6.977325,200,success,
1789928126.145061,GET,GET /api/v1/reservas/{id},4.544408,200,success,
1789928126.163405,GET,GET /api/v1/reservas,6.055848,200,success,
1789928126.183656,GET,GET /api/v1/reservas,4.934219,200,success,
1789928126.268323,GET,GET /api/v1/reservas,9.299324,200,success,
1789928126.276864,GET,GET /api/v1/reservas,6.242502,200,success,
1789928126.290303,GET,GET /api/v1/reservas/{id},4.224914,200,success,
1789928126.345061,GET,GET /api/v1/reservas,6.395164,200,success,
1789928126.384312,GET,GET /api/v1/reservas,7.788294,200,success,
1789928126.507633,GET,GET /api/v1/reservas/{id},5.049523,200,success,
1789928126.532833,GET,GET /api/v1/reservas,5.879632,200,success,
1789928126.554166,GET,GET /api/v1/reservas,4.696128,200,success,
1789928126.569508,GET,GET /api/v1/reservas/{id},3.189374,200,success,
1789928126.719365,GET,GET /api/v1/reservas/{id},4.553772,200,success,
1789928126.745851,GET,GET /api/v1/reservas/{id},3.543931,200,success,
1789928126.830596,GET,GET /api/v1/reservas,6.372178,200,success,
1789928126.932931,GET,GET /api/v1/reservas,5.946513,200,success,
1789928126.961041,GET,GET /api/v1/reservas,7.794764,200,success,
1789928126.976328,GET,GET /api/v1/reservas,4.999207,200,success,
1789928127.031098,GET,GET /api/v1/reservas,5.427456,200,success,
1789928127.035041,GET,GET /api/v1/reservas,4.693173,200,success,
1789928127.054191,GET,GET /api/v1/reservas,4.897612,200,success,
1789928127.069188,GET,GET /api/v1/reservas/{id},3.827071,200,success,
1789928127.072103,GET,GET /api/v1/reservas/{id},4.163110,200,success,
1789928127.111728,GET,GET /api/v1/reservas/{id},4.443744,200,success,
1789928127.198212,GET,GET /api/v1/reservas,6.111563,200,success,
1789928127.215254,GET,GET /api/v1/reservas,4.749169,200,success,
1789928127.230314,GET,GET /api/v1/reservas,4.808147,200,success,
1789928127.251199,GET,GET /api/v1/reservas,4.660644,200,success,
1789928127.260341,GET,GET /api/v1/reservas,3.937838,200,success,
1789928127.284720,GET,GET /api/v1/reservas,5.143745,200,success,
1789928127.287564,GET,GET /api/v1/reservas/{id},3.487375,200,success,
1789928127.320243,GET,GET /api/v1/reservas/{id},3.501337,200,success,
1789928127.325421,GET,GET /api/v1/reservas/{id},3.021700,200,success,
1789928127.356144,GET,GET /api/v1/reservas,5.441618,200,success,
1789928127.365738,GET,GET /api/v1/reservas,5.329629,200,success,
1789928127.387440,GET,GET /api/v1/reservas,7.390340,200,success,
1789928127.422684,GET,GET /api/v1/reservas/{id},4.040104,200,success,
1789928127.446582,GET,GET /api/v1/reservas/{id},3.718175,200,success,
1789928127.448604,GET,GET /api/v1/reservas/{id},3.086028,200,success,
1789928127.499192,GET,GET /api/v1/reservas,5.297688,200,success,
1789928127.531039,GET,GET /api/v1/reservas/{id},3.675410,200,success,
1789928127.542585,GET,GET /api/v1/reservas/{id},3.387885,200,success,
1789928127.560373,GET,GET /api/v1/reservas,4.530576,200,success,
1789928127.597968,GET,GET /api/v1/reservas,5.355917,200,success,
1789928127.610318,GET,GET /api/v1/reservas,4.097771,200,success,
1789928127.662756,GET,GET /api/v1/reservas,5.123586,200,success,
1789928127.668957,GET,GET /api/v1/reservas,3.984198,200,success,
1789928127.837586,GET,GET /api/v1/reservas/{id},3.437049,200,success,
1789928127.838622,GET,GET /api/v1/reservas,6.223943,200,success,
1789928128.045635,GET,GET /api/v1/reservas/{id},4.637569,200,success,
1789928128.136363,GET,GET /api/v1/reservas,6.312398,200,success,
1789928128.145819,GET,GET /api/v1/reservas,5.165569,200,success,
1789928128.147832,GET,GET /api/v1/reservas,4.515383,200,success,
1789928128.165155,GET,GET /api/v1/reservas,5.030594,200,success,
1789928128.188310,GET,GET /api/v1/reservas/{id},3.948384,200,success,
1789928128.314586,GET,GET /api/v1/reservas,5.837748,200,success,
1789928128.386746,GET,GET /api/v1/reservas,6.863233,200,success,
1789928128.402616,GET,GET /api/v1/reservas,4.622796,200,success,
1789928128.406874,GET,GET /api/v1/reservas/{id},3.883456,200,success,
1789928128.407875,GET,GET /api/v1/reservas,5.075662,200,success,
1789928128.423930,GET,GET /api/v1/reservas,4.813665,200,success,
1789928128.472112,GET,GET /api/v1/reservas/{id},4.003267,200,success,
1789928128.516564,GET,GET /api/v1/reservas,5.147452,200,success,
1789928128.554346,GET,GET /api/v1/reservas,5.068623,200,success,
1789928128.555227,GET,GET /api/v1/reservas/{id},3.441095,200,success,
1789928128.563298,GET,GET /api/v1/reservas,3.870325,200,success,
1789928128.568366,GET,GET /api/v1/reservas/{id},2.928989,200,success,
1789928128.572315,GET,GET /api/v1/reservas,3.802233,200,success,
1789928128.692463,GET,GET /api/v1/reservas,5.779129,200,success,
1789928128.715231,GET,GET /api/v1/reservas,4.509284,200,success,
1789928128.720429,GET,GET /api/v1/reservas,3.984580,200,success,
1789928128.754011,GET,GET /api/v1/reservas/{id},3.675030,200,success,
1789928128.805241,GET,GET /api/v1/reservas/{id},4.030950,200,success,
1789928128.814934,GET,GET /api/v1/reservas,4.414100,200,success,
1789928128.816323,GET,GET /api/v1/reservas/{id},3.336547,200,success,
1789928128.844508,GET,GET /api/v1/reservas,5.936467,200,success,
1789928128.855995,GET,GET /api/v1/reservas/{id},3.308534,200,success,
1789928128.887368,GET,GET /api/v1/reservas,6.082149,200,success,
1789928128.890125,GET,GET /api/v1/reservas,6.092854,200,success,
1789928128.913449,GET,GET /api/v1/reservas,6.950264,200,success,
1789928129.077623,GET,GET /api/v1/reservas/{id},5.468769,200,success,
1789928129.105161,GET,GET /api/v1/reservas,11.170069,200,success,
1789928129.130391,GET,GET /api/v1/reservas,6.841659,200,success,
1789928129.144835,GET,GET /api/v1/reservas/{id},4.221277,200,success,
1789928129.161721,GET,GET /api/v1/reservas,5.568600,200,success,
1789928129.201533,GET,GET /api/v1/reservas,5.515580,200,success,
1789928129.302525,GET,GET /api/v1/reservas/{id},4.721276,200,success,
1789928129.324518,GET,GET /api/v1/reservas,4.699663,200,success,
1789928129.343746,GET,GET /api/v1/reservas,4.985806,200,success,
1789928129.497012,GET,GET /api/v1/reservas/{id},4.914228,200,success,
1789928129.553957,GET,GET /api/v1/reservas,6.602327,200,success,
1789928129.572691,GET,GET /api/v1/reservas,5.402689,200,success,
1789928129.692955,GET,GET /api/v1/reservas/{id},6.927871,200,success,
1789928129.695228,GET,GET /api/v1/reservas/{id},4.591630,200,success,
1789928129.742924,GET,GET /api/v1/reservas/{id},6.243824,200,success,
1789928129.883608,GET,GET /api/v1/reservas,6.268571,200,success,
1789928129.896250,GET,GET /api/v1/reservas/{id},3.463559,200,success,
1789928129.903500,GET,GET /api/v1/reservas,4.008054,200,success,
1789928129.938942,GET,GET /api/v1/reservas,5.207343,200,success,
1789928129.959957,GET,GET /api/v1/reservas,4.781827,200,success,
1789928129.976845,GET,GET /api/v1/reservas,4.600753,200,success,
1789928129.987738,GET,GET /api/v1/reservas,4.664610,200,success,
1789928129.998048,GET,GET /api/v1/reservas,4.067306,200,success,
1789928130.040293,GET,GET /api/v1/reservas,5.918320,200,success,
1789928130.178222,GET,GET /api/v1/reservas,6.511579,200,success,
1789928130.178594,GET,GET /api/v1/reservas,6.456847,200,success,
1789928130.192379,GET,GET /api/v1/reservas/{id},3.314715,200,success,
1789928130.193271,GET,GET /api/v1/reservas,4.437646,200,success,
1789928130.220958,GET,GET /api/v1/reservas/{id},3.520125,200,success,
1789928130.258479,GET,GET /api/v1/reservas,5.246321,200,success,
1789928130.383056,GET,GET /api/v1/reservas/{id},5.258871,200,success,
1789928130.405152,GET,GET /api/v1/reservas,5.767221,200,success,
1789928130.444659,GET,GET /api/v1/reservas,5.194533,200,success,
1789928130.449463,GET,GET /api/v1/reservas,6.324486,200,success,
1789928130.492026,GET,GET /api/v1/reservas,4.921930,200,success,
1789928130.722709,GET,GET /api/v1/reservas/{id},4.799906,200,success,
1789928130.728226,GET,GET /api/v1/reservas,4.259736,200,success,
1789928130.881728,GET,GET /api/v1/reservas,6.277104,200,success,
1789928130.890247,GET,GET /api/v1/reservas/{id},3.343608,200,success,
1789928130.942490,GET,GET /api/v1/reservas/{id},4.050539,200,success,
1789928130.957406,GET,GET /api/v1/reservas,4.645511,200,success,
1789928130.965766,GET,GET /api/v1/reservas,5.068111,200,success,
1789928130.968468,GET,GET /api/v1/reservas,6.217073,200,success,
1789928130.968817,GET,GET /api/v1/reservas,5.079659,200,success,
1789928131.004128,GET,GET /api/v1/reservas,6.002728,200,success,
1789928131.017465,GET,GET /api/v1/reservas/{id},4.745382,200,success,
1789928131.018492,GET,GET /api/v1/reservas,6.064342,200,success,
1789928131.126428,GET,GET /api/v1/reservas,6.559431,200,success,
1789928131.198012,GET,GET /api/v1/reservas/{id},4.839305,200,success,
1789928131.199136,GET,GET /api/v1/reservas,6.368783,200,success,
1789928131.244866,GET,GET /api/v1/reservas/{id},4.533942,200,success,
1789928131.246173,GET,GET /api/v1/reservas,5.347266,200,success,
1789928131.251279,GET,GET /api/v1/reservas/{id},2.965525,200,success,
1789928131.391625,GET,GET /api/v1/reservas,5.945232,200,success,
1789928131.405707,GET,GET /api/v1/reservas,4.826855,200,success,
1789928131.478258,GET,GET /api/v1/reservas,6.245777,200,success,
1789928131.514023,GET,GET /api/v1/reservas,5.460106,200,success,
1789928131.524771,GET,GET /api/v1/reservas,4.486530,200,success,
1789928131.604522,GET,GET /api/v1/reservas,5.414386,200,success,
1789928131.675065,GET,GET /api/v1/reservas/{id},4.311415,200,success,
1789928131.701473,GET,GET /api/v1/reservas/{id},4.235380,200,success,
1789928131.704542,GET,GET /api/v1/reservas/{id},3.580457,200,success,
1789928131.706611,GET,GET /api/v1/reservas,6.410356,200,success,
1789928131.826599,GET,GET /api/v1/reservas,5.836005,200,success,
1789928131.839262,GET,GET /api/v1/reservas,4.377956,200,success,
1789928131.860564,GET,GET /api/v1/reservas,5.061031,200,success,
1789928131.872906,GET,GET /api/v1/reservas,4.087886,200,success,
1789928131.885285,GET,GET /api/v1/reservas,4.164643,200,success,
1789928131.901240,GET,GET /api/v1/reservas,4.722728,200,success,
1789928131.906420,GET,GET /api/v1/reservas,3.939150,200,success,
1789928131.938672,GET,GET /api/v1/reservas,4.956823,200,success,
1789928131.941261,GET,GET /api/v1/reservas,4.976131,200,success,
1789928131.953741,GET,GET /api/v1/reservas,4.269822,200,success,
1789928132.020347,GET,GET /api/v1/reservas,5.310769,200,success,
1789928132.048005,GET,GET /api/v1/reservas,5.318902,200,success,
1789928132.125885,GET,GET /api/v1/reservas,5.563072,200,success,
1789928132.184032,GET,GET /api/v1/reservas,5.807182,200,success,
1789928132.265125,GET,GET /api/v1/reservas,6.700025,200,success,
1789928132.306664,GET,GET /api/v1/reservas,6.263864,200,success,
1789928132.309561,GET,GET /api/v1/reservas,4.776770,200,success,
1789928132.427268,GET,GET /api/v1/reservas,7.293706,200,success,
1789928132.440563,GET,GET /api/v1/reservas,4.995191,200,success,
1789928132.530705,GET,GET /api/v1/reservas/{id},4.756780,200,success,
1789928132.582669,GET,GET /api/v1/reservas/{id},4.289953,200,success,
1789928132.594463,GET,GET /api/v1/reservas,4.535235,200,success,
1789928132.617741,GET,GET /api/v1/reservas,4.993909,200,success,
1789928132.653610,GET,GET /api/v1/reservas/{id},3.685457,200,success,
1789928132.721212,GET,GET /api/v1/reservas,6.273628,200,success,
1789928132.747072,GET,GET /api/v1/reservas,4.827858,200,success,
1789928132.844453,GET,GET /api/v1/reservas,6.007715,200,success,
1789928132.877904,GET,GET /api/v1/reservas,5.142655,200,success,
1789928132.895892,GET,GET /api/v1/reservas/{id},3.823865,200,success,
1789928132.899928,GET,GET /api/v1/reservas,4.652771,200,success,
1789928132.960846,GET,GET /api/v1/reservas,6.653724,200,success,
1789928133.018945,GET,GET /api/v1/reservas,5.775324,200,success,
1789928133.047601,GET,GET /api/v1/reservas,5.349517,200,success,
1789928133.106460,GET,GET /api/v1/reservas/{id},4.651690,200,success,
1789928133.115605,GET,GET /api/v1/reservas,4.898293,200,success,
1789928133.199369,GET,GET /api/v1/reservas/{id},4.508514,200,success,
1789928133.215341,GET,GET /api/v1/reservas,4.698181,200,success,
1789928133.267857,GET,GET /api/v1/reservas,5.241595,200,success,
1789928133.301708,GET,GET /api/v1/reservas/{id},3.641449,200,success,
1789928133.407087,GET,GET /api/v1/reservas,5.967385,200,success,
1789928133.416085,GET,GET /api/v1/reservas,4.630429,200,success,
1789928133.422580,GET,GET /api/v1/reservas,4.242521,200,success,
1789928133.504581,GET,GET /api/v1/reservas,5.611425,200,success,
1789928133.526120,GET,GET /api/v1/reservas/{id},12.348066,200,success,
1789928133.544979,GET,GET /api/v1/reservas,14.360505,200,success,
1789928133.545470,GET,GET /api/v1/reservas,13.065733,200,success,
1789928133.604114,GET,GET /api/v1/reservas/{id},6.223833,200,success,
1789928133.648514,GET,GET /api/v1/reservas,7.015243,200,success,
1789928133.680921,GET,GET /api/v1/reservas/{id},5.181554,200,success,
1789928133.696589,GET,GET /api/v1/reservas,5.382929,200,success,
1789928133.724815,GET,GET /api/v1/reservas,6.918986,200,success,
1789928133.731228,GET,GET /api/v1/reservas,6.184934,200,success,
1789928133.848005,GET,GET /api/v1/reservas,8.346811,200,success,
1789928133.887769,GET,GET /api/v1/reservas,8.776131,200,success,
1789928133.917479,GET,GET /api/v1/reservas/{id},3.647148,200,success,
1789928133.917939,GET,GET /api/v1/reservas,5.832380,200,success,
1789928133.955891,GET,GET /api/v1/reservas/{id},3.772058,200,success,
1789928133.960716,GET,GET /api/v1/reservas,4.619451,200,success,
1789928133.979728,GET,GET /api/v1/reservas,4.758932,200,success,
1789928134.041405,GET,GET /api/v1/reservas,6.353730,200,success,
1789928134.159409,GET,GET /api/v1/reservas,6.610580,200,success,
1789928134.170135,GET,GET /api/v1/reservas,4.469854,200,success,
1789928134.197690,GET,GET /api/v1/reservas/{id},5.371690,200,success,
1789928134.221142,GET,GET /api/v1/reservas,5.108002,200,success,
1789928134.237159,GET,GET /api/v1/reservas,4.736169,200,success,
1789928134.297050,GET,GET /api/v1/reservas,6.574645,200,success,
1789928134.320038,GET,GET /api/v1/reservas/{id},3.805598,200,success,
1789928134.329653,GET,GET /api/v1/reservas,4.379747,200,success,
1789928134.380069,GET,GET /api/v1/reservas,5.876958,200,success,
1789928134.463357,GET,GET /api/v1/reservas,7.866713,200,success,
1789928134.476835,GET,GET /api/v1/reservas,5.153470,200,success,
1789928134.496487,GET,GET /api/v1/reservas,5.317129,200,success,
1789928134.525224,GET,GET /api/v1/reservas,8.380893,200,success,
1789928134.722457,GET,GET /api/v1/reservas,6.293308,200,success,
1789928134.804349,GET,GET /api/v1/reservas,5.787721,200,success,
1789928134.889544,GET,GET /api/v1/reservas,5.834373,200,success,
1789928134.894925,GET,GET /api/v1/reservas,4.120245,200,success,
1789928134.977193,GET,GET /api/v1/reservas/{id},5.018025,200,success,
1789928134.991546,GET,GET /api/v1/reservas/{id},3.184616,200,success,
1789928135.012144,GET,GET /api/v1/reservas/{id},3.427475,200,success,
1789928135.066531,GET,GET /api/v1/reservas,6.078753,200,success,
1789928135.091483,GET,GET /api/v1/reservas,5.627219,200,success,
1789928135.148493,GET,GET /api/v1/reservas,5.644225,200,success,
1789928135.149918,GET,GET /api/v1/reservas/{id},3.450459,200,success,
1789928135.180968,GET,GET /api/v1/reservas,4.802669,200,success,
1789928135.232241,GET,GET /api/v1/reservas,8.923905,200,success,
1789928135.232759,GET,GET /api/v1/reservas,7.428008,200,success,
1789928135.257771,GET,GET /api/v1/reservas/{id},3.844167,200,success,
1789928135.287161,GET,GET /api/v1/reservas,5.089615,200,success,
1789928135.295782,GET,GET /api/v1/reservas/{id},3.458732,200,success,
1789928135.319538,GET,GET /api/v1/reservas,7.482230,200,success,
1789928135.370869,GET,GET /api/v1/reservas/{id},4.136299,200,success,
1789928135.381332,GET,GET /api/v1/reservas,4.206996,200,success,
1789928135.465214,GET,GET /api/v1/reservas,5.561819,200,success,
1789928135.553557,GET,GET /api/v1/reservas,6.645182,200,success,
1789928135.610250,GET,GET /api/v1/reservas,6.386129,200,success,
1789928135.624827,GET,GET /api/v1/reservas,5.303939,200,success,
1789928135.646810,GET,GET /api/v1/reservas,5.701061,200,success,
1789928135.648312,GET,GET /api/v1/reservas/{id},3.245339,200,success,
1789928135.707843,GET,GET /api/v1/reservas,5.249397,200,success,
1789928135.740952,GET,GET /api/v1/reservas/{id},3.916245,200,success,
1789928135.810966,GET,GET /api/v1/reservas,5.705056,200,success,
1789928135.846206,GET,GET /api/v1/reservas/{id},4.037710,200,success,
1789928135.856045,GET,GET /api/v1/reservas,4.588636,200,success,
1789928135.878372,GET,GET /api/v1/reservas,5.056685,200,success,
1789928135.880081,GET,GET /api/v1/reservas,4.146204,200,success,
1789928135.903493,GET,GET /api/v1/reservas,5.171939,200,success,
1789928135.936401,GET,GET /api/v1/reservas,4.662827,200,success,
1789928135.969463,GET,GET /api/v1/reservas/{id},3.893632,200,success,
1789928136.106007,GET,GET /api/v1/reservas/{id},5.216456,200,success,
1789928136.201032,GET,GET /api/v1/reservas,7.570113,200,success,
1789928136.253420,GET,GET /api/v1/reservas/{id},5.110106,200,success,
1789928136.279286,GET,GET /api/v1/reservas/{id},4.644940,200,success,
1789928136.328318,GET,GET /api/v1/reservas,6.718573,200,success,
1789928136.431551,GET,GET /api/v1/reservas/{id},5.915185,200,success,
1789928136.451816,GET,GET /api/v1/reservas,7.837339,200,success,
1789928136.473296,GET,GET /api/v1/reservas,6.130652,200,success,
1789928136.517525,GET,GET /api/v1/reservas,7.856638,200,success,
1789928136.571491,GET,GET /api/v1/reservas/{id},7.144188,200,success,
1789928136.572821,GET,GET /api/v1/reservas,7.683556,200,success,
1789928136.633757,GET,GET /api/v1/reservas,11.485858,200,success,
1789928136.688102,GET,GET /api/v1/reservas,6.999158,200,success,
1789928136.783612,GET,GET /api/v1/reservas,10.793989,200,success,
1789928136.835543,GET,GET /api/v1/reservas,6.554664,200,success,
1789928136.840570,GET,GET /api/v1/reservas,4.795890,200,success,
1789928136.865810,GET,GET /api/v1/reservas,4.950473,200,success,
1789928136.896915,GET,GET /api/v1/reservas/{id},3.874672,200,success,
1789928136.959339,GET,GET /api/v1/reservas,6.144964,200,success,
1789928137.022484,GET,GET /api/v1/reservas,6.809871,200,success,
1789928137.074480,GET,GET /api/v1/reservas,6.676639,200,success,
1789928137.078665,GET,GET /api/v1/reservas/{id},5.392144,200,success,
1789928137.108580,GET,GET /api/v1/reservas,4.612129,200,success,
1789928137.122258,GET,GET /api/v1/reservas/{id},3.513114,200,success,
1789928137.152219,GET,GET /api/v1/reservas,5.598456,200,success,
1789928137.191864,GET,GET /api/v1/reservas/{id},4.432307,200,success,
1789928137.192734,GET,GET /api/v1/reservas,4.595956,200,success,
1789928137.280882,GET,GET /api/v1/reservas/{id},4.906847,200,success,
1789928137.302152,GET,GET /api/v1/reservas,4.973127,200,success,
1789928137.322121,GET,GET /api/v1/reservas/{id},3.786580,200,success,
1789928137.366567,GET,GET /api/v1/reservas,5.177618,200,success,
1789928137.459586,GET,GET /api/v1/reservas/{id},4.753505,200,success,
1789928137.484761,GET,GET /api/v1/reservas,4.926277,200,success,
1789928137.532494,GET,GET /api/v1/reservas,5.416890,200,success,
1789928137.600141,GET,GET /api/v1/reservas,5.343528,200,success,
1789928137.612683,GET,GET /api/v1/reservas,4.260748,200,success,
1789928137.668766,GET,GET /api/v1/reservas,5.675321,200,success,
1789928137.776399,GET,GET /api/v1/reservas,6.550549,200,success,
1789928137.780100,GET,GET /api/v1/reservas,4.432798,200,success,
1789928137.790402,GET,GET /api/v1/reservas/{id},3.153861,200,success,
1789928137.801075,GET,GET /api/v1/reservas,4.394281,200,success,
1789928137.837954,GET,GET /api/v1/reservas,5.576261,200,success,
1789928137.880805,GET,GET /api/v1/reservas,5.510252,200,success,
1789928137.973405,GET,GET /api/v1/reservas,6.222141,200,success,
1789928138.007283,GET,GET /api/v1/reservas,5.569100,200,success,
1789928138.076020,GET,GET /api/v1/reservas/{id},4.408031,200,success,
1789928138.132233,GET,GET /api/v1/reservas,6.873098,200,success,
1789928138.147124,GET,GET /api/v1/reservas/{id},3.690915,200,success,
1789928138.218613,GET,GET /api/v1/reservas/{id},4.263733,200,success,
1789928138.241903,GET,GET /api/v1/reservas,4.900949,200,success,
1789928138.254289,GET,GET /api/v1/reservas/{id},3.219549,200,success,
1789928138.316228,GET,GET /api/v1/reservas,5.607169,200,success,
1789928138.402794,GET,GET /api/v1/reservas/{id},5.271750,200,success,
1789928138.422290,GET,GET /api/v1/reservas,6.204474,200,success,
1789928138.455764,GET,GET /api/v1/reservas,5.211890,200,success,
1789928138.509141,GET,GET /api/v1/reservas,5.077495,200,success,
1789928138.518191,GET,GET /api/v1/reservas,3.821082,200,success,
1789928138.639518,GET,GET /api/v1/reservas,6.633164,200,success,
1789928138.653235,GET,GET /api/v1/reservas,4.468272,200,success,
1789928138.656864,GET,GET /api/v1/reservas,4.248399,200,success,
1789928138.691437,GET,GET /api/v1/reservas,5.287523,200,success,
1789928138.734631,GET,GET /api/v1/reservas,4.900267,200,success,
1789928138.870618,GET,GET /api/v1/reservas/{id},4.914438,200,success,
1789928138.873281,GET,GET /api/v1/reservas,4.770531,200,success,
1789928138.877495,GET,GET /api/v1/reservas,4.847506,200,success,
1789928138.925307,GET,GET /api/v1/reservas,5.537853,200,success,
1789928138.934678,GET,GET /api/v1/reservas,4.137741,200,success,
1789928138.971347,GET,GET /api/v1/reservas,5.384161,200,success,
1789928139.080247,GET,GET /api/v1/reservas,6.479830,200,success,
1789928139.080702,GET,GET /api/v1/reservas,5.243627,200,success,
1789928139.113188,GET,GET /api/v1/reservas/{id},4.323183,200,success,
1789928139.181952,GET,GET /api/v1/reservas/{id},4.531229,200,success,
1789928139.192152,GET,GET /api/v1/reservas,5.860252,200,success,
1789928139.215508,GET,GET /api/v1/reservas,7.030726,200,success,
1789928139.251276,GET,GET /api/v1/reservas/{id},10.491211,200,success,
1789928139.251728,GET,GET /api/v1/reservas/{id},6.635997,200,success,
1789928139.275544,GET,GET /api/v1/reservas,6.520602,200,success,
1789928139.304106,GET,GET /api/v1/reservas,6.211334,200,success,
1789928139.338624,GET,GET /api/v1/reservas/{id},6.254831,200,success,
1789928139.369719,GET,GET /api/v1/reservas,11.733815,200,success,
1789928139.386595,GET,GET /api/v1/reservas,7.509612,200,success,
1789928139.429778,GET,GET /api/v1/reservas,9.801796,200,success,
1789928139.447230,GET,GET /api/v1/reservas,11.017460,200,success,
1789928139.496437,GET,GET /api/v1/reservas,8.806747,200,success,
1789928139.684670,GET,GET /api/v1/reservas/{id},4.839576,200,success,
1789928139.765592,GET,GET /api/v1/reservas,5.739399,200,success,
1789928139.800950,GET,GET /api/v1/reservas,5.107462,200,success,
1789928139.871090,GET,GET /api/v1/reservas,7.750847,200,success,
1789928139.948269,GET,GET /api/v1/reservas,6.796852,200,success,
1789928140.035256,GET,GET /api/v1/reservas,10.550741,200,success,
1789928140.088388,GET,GET /api/v1/reservas,7.717798,200,success,
1789928140.143560,GET,GET /api/v1/reservas,9.308209,200,success,
1789928140.180380,GET,GET /api/v1/reservas,6.516887,200,success,
1789928140.189906,GET,GET /api/v1/reservas,5.285911,200,success,
1789928140.193028,GET,GET /api/v1/reservas/{id},3.846020,200,success,
1789928140.219779,GET,GET /api/v1/reservas,4.507392,200,success,
1789928140.246697,GET,GET /api/v1/reservas,4.672021,200,success,
1789928140.322799,GET,GET /api/v1/reservas/{id},4.853847,200,success,
1789928140.351643,GET,GET /api/v1/reservas/{id},3.656943,200,success,
1789928140.390613,GET,GET /api/v1/reservas,6.623529,200,success,
1789928140.390941,GET,GET /api/v1/reservas/{id},4.270943,200,success,
1789928140.418074,GET,GET /api/v1/reservas,4.874348,200,success,
1789928140.425448,GET,GET /api/v1/reservas,5.086529,200,success,
1789928140.426808,GET,GET /api/v1/reservas,4.366127,200,success,
1789928140.571709,GET,GET /api/v1/reservas/{id},5.775303,200,success,
1789928140.572245,GET,GET /api/v1/reservas,5.718868,200,success,
1789928140.611117,GET,GET /api/v1/reservas/{id},4.692252,200,success,
1789928140.612523,GET,GET /api/v1/reservas,5.544443,200,success,
1789928140.637800,GET,GET /api/v1/reservas,5.066139,200,success,
1789928140.695338,GET,GET /api/v1/reservas/{id},4.341951,200,success,
1789928140.725476,GET,GET /api/v1/reservas,4.835889,200,success,
1789928140.816648,GET,GET /api/v1/reservas/{id},5.115293,200,success,
1789928140.818622,GET,GET /api/v1/reservas,5.093260,200,success,
1789928140.821894,GET,GET /api/v1/reservas/{id},3.175072,200,success,
1789928140.900799,GET,GET /api/v1/reservas,6.593663,200,success,
1789928140.960455,GET,GET /api/v1/reservas/{id},4.422813,200,success,
1789928140.999811,GET,GET /api/v1/reservas,5.078007,200,success,
1789928141.017591,GET,GET /api/v1/reservas/{id},3.591674,200,success,
1789928141.079073,GET,GET /api/v1/reservas,6.124312,200,success,
1789928141.152151,GET,GET /api/v1/reservas,5.675782,200,success,
1789928141.213814,GET,GET /api/v1/reservas/{id},4.421341,200,success,
1789928141.238590,GET,GET /api/v1/reservas,5.476382,200,success,
1789928141.262077,GET,GET /api/v1/reservas,5.180332,200,success,
1789928141.385483,GET,GET /api/v1/reservas,5.998361,200,success,
1789928141.442955,GET,GET /api/v1/reservas,5.193052,200,success,
1789928141.509832,GET,GET /api/v1/reservas,5.563694,200,success,
1789928141.564482,GET,GET /api/v1/reservas,5.308956,200,success,
1789928141.571014,GET,GET /api/v1/reservas/{id},3.358230,200,success,
1789928141.578254,GET,GET /api/v1/reservas,4.013192,200,success,
1789928141.596904,GET,GET /api/v1/reservas,4.405577,200,success,
1789928141.622900,GET,GET /api/v1/reservas/{id},3.825669,200,success,
1789928141.628307,GET,GET /api/v1/reservas,4.174097,200,success,
1789928141.662251,GET,GET /api/v1/reservas,4.668116,200,success,
1789928141.728688,GET,GET /api/v1/reservas,6.143311,200,success,
1789928141.804822,GET,GET /api/v1/reservas/{id},5.098898,200,success,
1789928141.828692,GET,GET /api/v1/reservas,4.596206,200,success,
1789928141.972588,GET,GET /api/v1/reservas/{id},4.580502,200,success,
1789928141.992336,GET,GET /api/v1/reservas/{id},3.604874,200,success,
1789928142.050453,GET,GET /api/v1/reservas,5.794141,200,success,
1789928142.073093,GET,GET /api/v1/reservas,5.339893,200,success,
1789928142.081043,GET,GET /api/v1/reservas/{id},3.786049,200,success,
1789928142.137633,GET,GET /api/v1/reservas,5.256328,200,success,
1789928142.165734,GET,GET /api/v1/reservas,5.450552,200,success,
1789928142.166186,GET,GET /api/v1/reservas,6.294690,200,success,
1789928142.180770,GET,GET /api/v1/reservas/{id},3.422747,200,success,
1789928142.197653,GET,GET /api/v1/reservas,4.618601,200,success,
1789928142.240880,GET,GET /api/v1/reservas,4.974700,200,success,
1789928142.286303,GET,GET /api/v1/reservas,5.097936,200,success,
1789928142.316193,GET,GET /api/v1/reservas/{id},3.687310,200,success,
1789928142.373696,GET,GET /api/v1/reservas,5.176606,200,success,
1789928142.407679,GET,GET /api/v1/reservas,4.732324,200,success,
1789928142.443043,GET,GET /api/v1/reservas/{id},4.186055,200,success,
1789928142.458768,GET,GET /api/v1/reservas,6.901551,200,success,
1789928142.472879,GET,GET /api/v1/reservas,5.806129,200,success,
1789928142.505556,GET,GET /api/v1/reservas/{id},4.475222,200,success,
1789928142.506401,GET,GET /api/v1/reservas/{id},3.636522,200,success,
1789928142.541310,GET,GET /api/v1/reservas,5.676804,200,success,
1789928142.619549,GET,GET /api/v1/reservas/{id},4.602365,200,success,
1789928142.630022,GET,GET /api/v1/reservas,4.179144,200,success,
1789928142.680066,GET,GET /api/v1/reservas,5.705367,200,success,
1789928142.792903,GET,GET /api/v1/reservas,6.657501,200,success,
1789928142.798787,GET,GET /api/v1/reservas,4.601204,200,success,
1789928142.846626,GET,GET /api/v1/reservas,7.536963,200,success,
1789928142.995728,GET,GET /api/v1/reservas,6.622587,200,success,
1789928143.002497,GET,GET /api/v1/reservas,4.510127,200,success,
1789928143.033663,GET,GET /api/v1/reservas,5.872171,200,success,
1789928143.047631,GET,GET /api/v1/reservas,5.680770,200,success,
1789928143.061481,GET,GET /api/v1/reservas,6.549697,200,success,
1789928143.156495,GET,GET /api/v1/reservas,6.642508,200,success,
1789928143.171437,GET,GET /api/v1/reservas,4.650679,200,success,
1789928143.190016,GET,GET /api/v1/reservas/{id},3.381075,200,success,
1789928143.237302,GET,GET /api/v1/reservas/{id},4.055416,200,success,
1789928143.275657,GET,GET /api/v1/reservas,5.068892,200,success,
1789928143.297839,GET,GET /api/v1/reservas,4.941059,200,success,
1789928143.480370,GET,GET /api/v1/reservas,6.096750,200,success,
1789928143.514067,GET,GET /api/v1/reservas/{id},4.474432,200,success,
1789928143.581686,GET,GET /api/v1/reservas,17.912139,200,success,
1789928143.654058,GET,GET /api/v1/reservas,6.902852,200,success,
1789928143.656951,GET,GET /api/v1/reservas,5.847803,200,success,
1789928143.698261,GET,GET /api/v1/reservas,8.801530,200,success,
1789928143.698479,GET,GET /api/v1/reservas,11.161547,200,success,
1789928143.702876,GET,GET /api/v1/reservas,6.056480,200,success,
1789928143.708499,GET,GET /api/v1/reservas/{id},6.518440,200,success,
1789928143.726050,GET,GET /api/v1/reservas,10.225828,200,success,
1789928143.738545,GET,GET /api/v1/reservas,9.048916,200,success,
1789928143.771540,GET,GET /api/v1/reservas,6.686866,200,success,
1789928143.771726,GET,GET /api/v1/reservas,15.895051,200,success,
1789928143.772795,GET,GET /api/v1/reservas,14.563544,200,success,
1789928143.773451,GET,GET /api/v1/reservas,15.664421,200,success,
1789928143.776867,GET,GET /api/v1/reservas,15.561816,200,success,
1789928143.818167,GET,GET /api/v1/reservas,7.904010,200,success,
1789928143.861461,GET,GET /api/v1/reservas,9.967246,200,success,
1789928143.917057,GET,GET /api/v1/reservas,10.180269,200,success,
1789928144.118077,GET,GET /api/v1/reservas/{id},14.541530,200,success,
1789928144.124751,GET,GET /api/v1/reservas,10.365189,200,success,
1789928144.197107,GET,GET /api/v1/reservas,16.836118,200,success,
1789928144.253190,GET,GET /api/v1/reservas/{id},23.902477,200,success,
1789928144.276379,GET,GET /api/v1/reservas,55.904852,200,success,
1789928144.315094,GET,GET /api/v1/reservas/{id},27.403464,200,success,
1789928144.316168,GET,GET /api/v1/reservas,39.358624,200,success,
1789928144.344591,GET,GET /api/v1/reservas,36.486580,200,success,
1789928144.370465,GET,GET /api/v1/reservas,70.982666,200,success,
1789928144.371161,GET,GET /api/v1/reservas,93.844956,200,success,
1789928144.541474,GET,GET /api/v1/reservas/{id},13.053895,200,success,
1789928144.573338,GET,GET /api/v1/reservas,13.008976,200,success,
1789928144.579156,GET,GET /api/v1/reservas,9.924783,200,success,
1789928144.631053,GET,GET /api/v1/reservas,15.536508,200,success,
1789928144.642913,GET,GET /api/v1/reservas,6.664421,200,success,
1789928144.775190,GET,GET /api/v1/reservas,67.906242,200,success,
1789928144.874410,GET,GET /api/v1/reservas,64.827746,200,success,
1789928144.918266,GET,GET /api/v1/reservas/{id},133.839063,200,success,
1789928144.956827,GET,GET /api/v1/reservas/{id},46.699561,200,success,
1789928145.111510,GET,GET /api/v1/reservas,163.833595,200,success,
1789928145.112066,GET,GET /api/v1/reservas,157.121362,200,success,
1789928145.112517,GET,GET /api/v1/reservas,88.008070,200,success,
1789928145.112847,GET,GET /api/v1/reservas/{id},48.957022,200,success,
1789928145.113278,GET,GET /api/v1/reservas/{id},109.157025,200,success,
1789928145.227846,GET,GET /api/v1/reservas,88.178547,200,success,
1789928145.228493,GET,GET /api/v1/reservas,81.843225,200,success,
1789928145.369248,GET,GET /api/v1/reservas,17.197396,200,success,
1789928145.370774,GET,GET /api/v1/reservas,12.208875,200,success,
1789928145.370869,GET,GET /api/v1/reservas/{id},16.644548,200,success,
1789928145.395622,GET,GET /api/v1/reservas,8.415345,200,success,
1789928145.445251,GET,GET /api/v1/reservas,9.251853,200,success,
1789928145.456189,GET,GET /api/v1/reservas,7.591926,200,success,
1789928145.582952,GET,GET /api/v1/reservas,12.806370,200,success,
1789928145.614815,GET,GET /api/v1/reservas,12.917439,200,success,
1789928145.616319,GET,GET /api/v1/reservas,19.025707,200,success,
1789928145.616521,GET,GET /api/v1/reservas,12.464172,200,success,
1789928145.637538,GET,GET /api/v1/reservas,12.687771,200,success,
1789928145.800550,GET,GET /api/v1/reservas,40.923366,200,success,
1789928145.808022,GET,GET /api/v1/reservas/{id},32.127964,200,success,
1789928145.810587,GET,GET /api/v1/reservas,31.984437,200,success,
1789928145.818749,GET,GET /api/v1/reservas,14.605517,200,success,
1789928145.879889,GET,GET /api/v1/reservas,10.772688,200,success,
1789928145.900726,GET,GET /api/v1/reservas,10.447564,200,success,
1789928145.904910,GET,GET /api/v1/reservas/{id},7.878400,200,success,
1789928145.909736,GET,GET /api/v1/reservas,8.700316,200,success,
1789928145.930260,GET,GET /api/v1/reservas/{id},13.354151,200,success,
1789928145.937922,GET,GET /api/v1/reservas,10.790715,200,success,
1789928145.958923,GET,GET /api/v1/reservas,9.679671,200,success,
1789928145.961906,GET,GET /api/v1/reservas,9.019531,200,success,
1789928146.002234,GET,GET /api/v1/reservas/{id},12.096204,200,success,
1789928146.033521,GET,GET /api/v1/reservas/{id},6.959708,200,success,
1789928146.166796,GET,GET /api/v1/reservas,15.399230,200,success,
1789928146.172237,GET,GET /api/v1/reservas,9.158422,200,success,
1789928146.191805,GET,GET /api/v1/reservas/{id},9.319175,200,success,
1789928146.272164,GET,GET /api/v1/reservas,15.463427,200,success,
1789928146.275941,GET,GET /api/v1/reservas,12.443540,200,success,
1789928146.320717,GET,GET /api/v1/reservas,11.423544,200,success,
1789928146.353661,GET,GET /api/v1/reservas,9.663326,200,success,
1789928146.383163,GET,GET /api/v1/reservas,12.154892,200,success,
1789928146.414286,GET,GET /api/v1/reservas,10.686187,200,success,
1789928146.484348,GET,GET /api/v1/reservas,18.623757,200,success,
1789928146.509123,GET,GET /api/v1/reservas,11.180866,200,success,
1789928146.631105,GET,GET /api/v1/reservas,16.900084,200,success,
1789928146.631915,GET,GET /api/v1/reservas,14.567740,200,success,
1789928146.662347,GET,GET /api/v1/reservas,8.094228,200,success,
1789928146.690037,GET,GET /api/v1/reservas,8.319109,200,success,
1789928146.717925,GET,GET /api/v1/reservas,7.833634,200,success,
1789928146.729593,GET,GET /api/v1/reservas,7.568731,200,success,
1789928146.750186,GET,GET /api/v1/reservas,22.954361,200,success,
1789928146.893635,GET,GET /api/v1/reservas/{id},12.868424,200,success,
1789928146.895537,GET,GET /api/v1/reservas,15.494805,200,success,
1789928146.953794,GET,GET /api/v1/reservas,9.754534,200,success,
1789928146.960038,GET,GET /api/v1/reservas,7.333315,200,success,
1789928147.053397,GET,GET /api/v1/reservas,10.002500,200,success,
1789928147.066979,GET,GET /api/v1/reservas,9.211772,200,success,
1789928147.074769,GET,GET /api/v1/reservas/{id},5.581099,200,success,
1789928147.119218,GET,GET /api/v1/reservas,7.070396,200,success,
1789928147.126245,GET,GET /api/v1/reservas/{id},3.840852,200,success,
1789928147.142807,GET,GET /api/v1/reservas/{id},6.371367,200,success,
1789928147.308348,GET,GET /api/v1/reservas,6.087516,200,success,
1789928147.330709,GET,GET /api/v1/reservas,5.081872,200,success,
1789928147.361124,GET,GET /api/v1/reservas,6.128118,200,success,
1789928147.470223,GET,GET /api/v1/reservas,6.680585,200,success,
1789928147.497689,GET,GET /api/v1/reservas,7.150988,200,success,
1789928147.510154,GET,GET /api/v1/reservas,5.180582,200,success,
1789928147.556466,GET,GET /api/v1/reservas,5.969628,200,success,
1789928147.620996,GET,GET /api/v1/reservas,6.169771,200,success,
1789928147.670518,GET,GET /api/v1/reservas/{id},4.307969,200,success,
1789928147.684845,GET,GET /api/v1/reservas/{id},3.162112,200,success,
1789928147.698001,GET,GET /api/v1/reservas/{id},2.981058,200,success,
1789928147.713461,GET,GET /api/v1/reservas/{id},3.291569,200,success,
1789928147.723248,GET,GET /api/v1/reservas,4.512139,200,success,
1789928147.782691,GET,GET /api/v1/reservas,5.274164,200,success,
1789928147.811423,GET,GET /api/v1/reservas,5.481568,200,success,
1789928147.853712,GET,GET /api/v1/reservas,5.030555,200,success,
1789928147.909302,GET,GET /api/v1/reservas,5.275897,200,success,
1789928147.963578,GET,GET /api/v1/reservas,5.963618,200,success,
1789928148.052029,GET,GET /api/v1/reservas/{id},5.156095,200,success,
1789928148.111694,GET,GET /api/v1/reservas/{id},4.430325,200,success,
1789928148.113220,GET,GET /api/v1/reservas/{id},3.179540,200,success,
1789928148.143424,GET,GET /api/v1/reservas/{id},5.007580,200,success,
1789928148.144346,GET,GET /api/v1/reservas,5.440805,200,success,
1789928148.226110,GET,GET /api/v1/reservas,6.381262,200,success,
1789928148.230801,GET,GET /api/v1/reservas,4.519300,200,success,
1789928148.244516,GET,GET /api/v1/reservas,4.495804,200,success,
1789928148.254696,GET,GET /api/v1/reservas,4.916482,200,success,
1789928148.279504,GET,GET /api/v1/reservas,4.508724,200,success,
1789928148.290854,GET,GET /api/v1/reservas,4.119524,200,success,
1789928148.375319,GET,GET /api/v1/reservas,7.124407,200,success,
1789928148.504108,GET,GET /api/v1/reservas,6.346370,200,success,
1789928148.521920,GET,GET /api/v1/reservas,4.508434,200,success,
1789928148.594567,GET,GET /api/v1/reservas/{id},4.981421,200,success,
1789928148.616951,GET,GET /api/v1/reservas,5.118098,200,success,
1789928148.660512,GET,GET /api/v1/reservas,5.254254,200,success,
1789928148.677154,GET,GET /api/v1/reservas,4.404126,200,success,
1789928148.726124,GET,GET /api/v1/reservas,5.667159,200,success,
1789928148.749923,GET,GET /api/v1/reservas,4.540412,200,success,
1789928148.764311,GET,GET /api/v1/reservas/{id},3.385211,200,success,
1789928148.795956,GET,GET /api/v1/reservas,5.372183,200,success,
1789928148.827054,GET,GET /api/v1/reservas,4.824613,200,success,
1789928148.833306,GET,GET /api/v1/reservas,4.035326,200,success,
1789928148.849404,GET,GET /api/v1/reservas,4.802098,200,success,
1789928148.894530,GET,GET /api/v1/reservas,5.807783,200,success,
1789928148.939102,GET,GET /api/v1/reservas,5.262726,200,success,
1789928149.118102,GET,GET /api/v1/reservas,6.499131,200,success,
1789928149.134164,GET,GET /api/v1/reservas,5.746019,200,success,
1789928149.164106,GET,GET /api/v1/reservas,5.643193,200,success,
1789928149.252849,GET,GET /api/v1/reservas,6.349724,200,success,
1789928149.328300,GET,GET /api/v1/reservas,6.118073,200,success,
1789928149.340062,GET,GET /api/v1/reservas,4.487512,200,success,
1789928149.345272,GET,GET /api/v1/reservas,3.993944,200,success,
1789928149.398567,GET,GET /api/v1/reservas,5.992713,200,success,
1789928149.426249,GET,GET /api/v1/reservas,5.358913,200,success,
1789928149.453204,GET,GET /api/v1/reservas,4.699442,200,success,
1789928149.488515,GET,GET /api/v1/reservas,6.051922,200,success,
1789928149.560927,GET,GET /api/v1/reservas,9.046682,200,success,
1789928149.600862,GET,GET /api/v1/reservas,6.567563,200,success,
1789928149.610144,GET,GET /api/v1/reservas,5.958961,200,success,
1789928149.783599,GET,GET /api/v1/reservas,6.990145,200,success,
1789928149.838697,GET,GET /api/v1/reservas,5.757086,200,success,
1789928149.878043,GET,GET /api/v1/reservas,5.040860,200,success,
1789928149.883188,GET,GET /api/v1/reservas,3.922446,200,success,
1789928149.898556,GET,GET /api/v1/reservas/{id},3.208934,200,success,
1789928149.921145,GET,GET /api/v1/reservas/{id},3.393514,200,success,
1789928149.936268,GET,GET /api/v1/reservas,4.842879,200,success,
1789928149.957070,GET,GET /api/v1/reservas,4.541524,200,success,
1789928149.975618,GET,GET /api/v1/reservas,4.306207,200,success,
1789928150.062268,GET,GET /api/v1/reservas,6.280669,200,success,
1789928150.123913,GET,GET /api/v1/reservas,6.303874,200,success,
1789928150.146787,GET,GET /api/v1/reservas,4.621364,200,success,
1789928150.173901,GET,GET /api/v1/reservas,5.862026,200,success,
1789928150.206866,GET,GET /api/v1/reservas,5.651576,200,success,
1789928150.257927,GET,GET /api/v1/reservas,6.669097,200,success,
1789928150.262132,GET,GET /api/v1/reservas/{id},4.027064,200,success,
1789928150.314810,GET,GET /api/v1/reservas/{id},5.382919,200,success,
1789928150.315824,GET,GET /api/v1/reservas,8.330626,200,success,
1789928150.335081,GET,GET /api/v1/reservas,6.893758,200,success,
1789928150.378992,GET,GET /api/v1/reservas,17.381044,200,success,
1789928150.494887,GET,GET /api/v1/reservas,7.013440,200,success,
1789928150.510320,GET,GET /api/v1/reservas/{id},4.229750,200,success,
1789928150.519974,GET,GET /api/v1/reservas/{id},3.481736,200,success,
1789928150.543953,GET,GET /api/v1/reservas,4.707876,200,success,
1789928150.583849,GET,GET /api/v1/reservas,5.225690,200,success,
1789928150.672647,GET,GET /api/v1/reservas/{id},4.518720,200,success,
1789928150.692332,GET,GET /api/v1/reservas/{id},3.502408,200,success,
1789928150.723572,GET,GET /api/v1/reservas,4.954930,200,success,
1789928150.730279,GET,GET /api/v1/reservas,4.469683,200,success,
1789928150.746732,GET,GET /api/v1/reservas,4.192124,200,success,
1789928150.772538,GET,GET /api/v1/reservas,4.615476,200,success,
1789928150.815838,GET,GET /api/v1/reservas/{id},4.107105,200,success,
1789928150.834437,GET,GET /api/v1/reservas,4.332026,200,success,
1789928150.879870,GET,GET /api/v1/reservas/{id},4.246236,200,success,
1789928150.916251,GET,GET /api/v1/reservas,5.105348,200,success,
1789928150.945020,GET,GET /api/v1/reservas,4.475854,200,success,
1789928150.993366,GET,GET /api/v1/reservas/{id},4.766896,200,success,
1789928151.118221,GET,GET /api/v1/reservas,6.471388,200,success,
1789928151.145255,GET,GET /api/v1/reservas/{id},3.822673,200,success,
1789928151.228380,GET,GET /api/v1/reservas,6.652062,200,success,
1789928151.294065,GET,GET /api/v1/reservas/{id},4.445959,200,success,
1789928151.336516,GET,GET /api/v1/reservas,5.114001,200,success,
1789928151.361494,GET,GET /api/v1/reservas,5.711005,200,success,
1789928151.372582,GET,GET /api/v1/reservas,5.756094,200,success,
1789928151.414821,GET,GET /api/v1/reservas,5.865029,200,success,
1789928151.437142,GET,GET /api/v1/reservas,5.073480,200,success,
1789928151.564255,GET,GET /api/v1/reservas,5.740450,200,success,
1789928151.578693,GET,GET /api/v1/reservas,4.174266,200,success,
1789928151.666877,GET,GET /api/v1/reservas,5.820392,200,success,
1789928151.680945,GET,GET /api/v1/reservas,4.828629,200,success,
1789928151.688004,GET,GET /api/v1/reservas,3.831828,200,success,
1789928151.751729,GET,GET /api/v1/reservas,5.406384,200,success,
1789928151.761743,GET,GET /api/v1/reservas,4.762228,200,success,
1789928151.787443,GET,GET /api/v1/reservas,6.523357,200,success,
1789928151.855582,GET,GET /api/v1/reservas,5.778999,200,success,
1789928151.929557,GET,GET /api/v1/reservas/{id},4.732573,200,success,
1789928151.959294,GET,GET /api/v1/reservas,5.438522,200,success,
1789928152.128463,GET,GET /api/v1/reservas,6.688187,200,success,
1789928152.128815,GET,GET /api/v1/reservas/{id},3.355936,200,success,
1789928152.167768,GET,GET /api/v1/reservas,4.720745,200,success,
1789928152.192970,GET,GET /api/v1/reservas,4.955872,200,success,
1789928152.241239,GET,GET /api/v1/reservas,4.981991,200,success,
1789928152.291971,GET,GET /api/v1/reservas,5.456911,200,success,
1789928152.337652,GET,GET /api/v1/reservas,5.400475,200,success,
1789928152.367484,GET,GET /api/v1/reservas,4.584739,200,success,
1789928152.372566,GET,GET /api/v1/reservas,3.853871,200,success,
1789928152.465757,GET,GET /api/v1/reservas/{id},4.899205,200,success,
1789928152.468292,GET,GET /api/v1/reservas/{id},3.624253,200,success,
1789928152.493606,GET,GET /api/v1/reservas,5.021310,200,success,
1789928152.507273,GET,GET /api/v1/reservas/{id},4.477266,200,success,
1789928152.553043,GET,GET /api/v1/reservas/{id},4.522564,200,success,
1789928152.611804,GET,GET /api/v1/reservas,5.474138,200,success,
1789928152.642690,GET,GET /api/v1/reservas,5.595091,200,success,
1789928152.643086,GET,GET /api/v1/reservas,4.398517,200,success,
1789928152.660480,GET,GET /api/v1/reservas,4.176991,200,success,
1789928152.689425,GET,GET /api/v1/reservas,4.697120,200,success,
1789928152.711855,GET,GET /api/v1/reservas,4.187366,200,success,
1789928152.732319,GET,GET /api/v1/reservas,4.210321,200,success,
1789928152.737224,GET,GET /api/v1/reservas,4.727736,200,success,
1789928152.741400,GET,GET /api/v1/reservas,3.966221,200,success,
1789928152.785639,GET,GET /api/v1/reservas/{id},4.135508,200,success,
1789928152.819972,GET,GET /api/v1/reservas,5.069003,200,success,
1789928152.851601,GET,GET /api/v1/reservas,5.300784,200,success,
1789928152.852118,GET,GET /api/v1/reservas/{id},3.296678,200,success,
1789928152.921149,GET,GET /api/v1/reservas,5.675182,200,success,
1789928152.943062,GET,GET /api/v1/reservas,4.607464,200,success,
1789928152.996055,GET,GET /api/v1/reservas,5.725949,200,success,
1789928153.084852,GET,GET /api/v1/reservas/{id},7.525496,200,success,
1789928153.093021,GET,GET /api/v1/reservas,5.810146,200,success,
1789928153.227767,GET,GET /api/v1/reservas,6.287369,200,success,
1789928153.229739,GET,GET /api/v1/reservas,4.421481,200,success,
1789928153.380424,GET,GET /api/v1/reservas,6.225205,200,success,
1789928153.391840,GET,GET /api/v1/reservas,4.171673,200,success,
1789928153.530772,GET,GET /api/v1/reservas,17.511081,200,success,
1789928153.569712,GET,GET /api/v1/reservas,14.573459,200,success,
1789928153.579150,GET,GET /api/v1/reservas,8.108511,200,success,
1789928153.585045,GET,GET /api/v1/reservas,4.644740,200,success,
1789928153.599918,GET,GET /api/v1/reservas/{id},3.715762,200,success,
1789928153.655325,GET,GET /api/v1/reservas,5.095282,200,success,
1789928153.713926,GET,GET /api/v1/reservas,5.281225,200,success,
1789928153.730361,GET,GET /api/v1/reservas,4.194508,200,success,
1789928153.795067,GET,GET /api/v1/reservas,5.521018,200,success,
1789928153.802263,GET,GET /api/v1/reservas/{id},3.038484,200,success,
1789928153.846343,GET,GET /api/v1/reservas/{id},3.893451,200,success,
1789928153.887247,GET,GET /api/v1/reservas,8.560996,200,success,
1789928153.928710,GET,GET /api/v1/reservas,5.417621,200,success,
1789928153.929157,GET,GET /api/v1/reservas,6.621846,200,success,
1789928153.975807,GET,GET /api/v1/reservas/{id},3.761192,200,success,
1789928153.976235,GET,GET /api/v1/reservas,5.829265,200,success,
1789928154.048360,GET,GET /api/v1/reservas,5.776575,200,success,
1789928154.114166,GET,GET /api/v1/reservas/{id},4.548885,200,success,
1789928154.154039,GET,GET /api/v1/reservas,5.557263,200,success,
1789928154.161576,GET,GET /api/v1/reservas,4.253106,200,success,
1789928154.173275,GET,GET /api/v1/reservas,4.422573,200,success,
1789928154.175592,GET,GET /api/v1/reservas,4.194738,200,success,
1789928154.215693,GET,GET /api/v1/reservas,7.784319,200,success,
1789928154.216199,GET,GET /api/v1/reservas,5.510362,200,success,
1789928154.306500,GET,GET /api/v1/reservas,5.915766,200,success,
1789928154.328790,GET,GET /api/v1/reservas,5.031266,200,success,
1789928154.387530,GET,GET /api/v1/reservas,5.450201,200,success,
1789928154.422554,GET,GET /api/v1/reservas/{id},3.835743,200,success,
1789928154.500691,GET,GET /api/v1/reservas,5.781733,200,success,
1789928154.541904,GET,GET /api/v1/reservas/{id},4.006713,200,success,
1789928154.599902,GET,GET /api/v1/reservas,8.256994,200,success,
1789928154.632754,GET,GET /api/v1/reservas,6.514504,200,success,
1789928154.668526,GET,GET /api/v1/reservas,6.456175,200,success,
1789928154.763153,GET,GET /api/v1/reservas,8.183994,200,success,
1789928154.792641,GET,GET /api/v1/reservas,6.965877,200,success,
1789928154.807995,GET,GET /api/v1/reservas/{id},7.121785,200,success,
1789928154.842859,GET,GET /api/v1/reservas,7.461409,200,success,
1789928154.844596,GET,GET /api/v1/reservas/{id},4.492229,200,success,
1789928154.893496,GET,GET /api/v1/reservas/{id},4.674335,200,success,
1789928154.901347,GET,GET /api/v1/reservas,4.563807,200,success,
1789928154.905671,GET,GET /api/v1/reservas/{id},3.165317,200,success,
1789928154.952077,GET,GET /api/v1/reservas,5.077306,200,success,
1789928155.054577,GET,GET /api/v1/reservas/{id},5.200313,200,success,
1789928155.070441,GET,GET /api/v1/reservas,5.520918,200,success,
1789928155.078721,GET,GET /api/v1/reservas,4.986028,200,success,
1789928155.080406,GET,GET /api/v1/reservas,4.091621,200,success,
1789928155.084769,GET,GET /api/v1/reservas/{id},3.214412,200,success,
1789928155.088650,GET,GET /api/v1/reservas,4.499299,200,success,
1789928155.110526,GET,GET /api/v1/reservas,4.613992,200,success,
1789928155.175228,GET,GET /api/v1/reservas,5.446185,200,success,
1789928155.232617,GET,GET /api/v1/reservas,6.052414,200,success,
1789928155.283587,GET,GET /api/v1/reservas,7.624036,200,success,
1789928155.328779,GET,GET /api/v1/reservas,7.732459,200,success,
1789928155.360630,GET,GET /api/v1/reservas,6.500261,200,success,
1789928155.418410,GET,GET /api/v1/reservas,8.395836,200,success,
1789928155.420734,GET,GET /api/v1/reservas/{id},4.769780,200,success,
1789928155.441587,GET,GET /api/v1/reservas,6.502886,200,success,
1789928155.632241,GET,GET /api/v1/reservas,8.329724,200,success,
1789928155.695025,GET,GET /api/v1/reservas,6.414512,200,success,
1789928155.729633,GET,GET /api/v1/reservas,5.341335,200,success,
1789928155.775712,GET,GET /api/v1/reservas,5.012477,200,success,
1789928155.814046,GET,GET /api/v1/reservas,5.050946,200,success,
1789928155.861478,GET,GET /api/v1/reservas,6.130221,200,success,
1789928155.865236,GET,GET /api/v1/reservas,4.517447,200,success,
1789928156.020250,GET,GET /api/v1/reservas/{id},4.697571,200,success,
1789928156.042244,GET,GET /api/v1/reservas,5.686219,200,success,
1789928156.137686,GET,GET /api/v1/reservas,7.038087,200,success,
1789928156.184239,GET,GET /api/v1/reservas/{id},4.332977,200,success,
1789928156.309606,GET,GET /api/v1/reservas,5.934695,200,success,
1789928156.312442,GET,GET /api/v1/reservas,3.998700,200,success,
1789928156.336042,GET,GET /api/v1/reservas,4.351876,200,success,
1789928156.354429,GET,GET /api/v1/reservas,5.099750,200,success,
1789928156.356019,GET,GET /api/v1/reservas,4.142298,200,success,
1789928156.400511,GET,GET /api/v1/reservas/{id},4.305866,200,success,
1789928156.403668,GET,GET /api/v1/reservas,4.695345,200,success,
1789928156.404503,GET,GET /api/v1/reservas,4.603778,200,success,
1789928156.421171,GET,GET /api/v1/reservas,4.447442,200,success,
1789928156.484863,GET,GET /api/v1/reservas,5.386824,200,success,
1789928156.503167,GET,GET /api/v1/reservas,5.026809,200,success,
1789928156.528951,GET,GET /api/v1/reservas,4.515844,200,success,
1789928156.551492,GET,GET /api/v1/reservas,4.275289,200,success,
1789928156.672765,GET,GET /api/v1/reservas,5.894173,200,success,
1789928156.676883,GET,GET /api/v1/reservas/{id},2.966827,200,success,
1789928156.712935,GET,GET /api/v1/reservas/{id},3.863716,200,success,
1789928156.720225,GET,GET /api/v1/reservas,4.069088,200,success,
1789928156.724287,GET,GET /api/v1/reservas,3.889816,200,success,
1789928156.750000,GET,GET /api/v1/reservas/{id},3.481296,200,success,
1789928156.828609,GET,GET /api/v1/reservas,6.472561,200,success,
1789928156.851296,GET,GET /api/v1/reservas,4.454831,200,success,
1789928156.870042,GET,GET /api/v1/reservas,4.492920,200,success,
1789928156.883620,GET,GET /api/v1/reservas,4.322151,200,success,
1789928156.928280,GET,GET /api/v1/reservas,5.374046,200,success,
1789928156.932193,GET,GET /api/v1/reservas,4.603446,200,success,
1789928156.993534,GET,GET /api/v1/reservas,8.003711,200,success,
1789928156.993998,GET,GET /api/v1/reservas,7.904100,200,success,
1789928156.997338,GET,GET /api/v1/reservas,5.058708,200,success,
1789928157.039955,GET,GET /api/v1/reservas,11.992836,200,success,
1789928157.044508,GET,GET /api/v1/reservas,10.311519,200,success,
1789928157.114598,GET,GET /api/v1/reservas,6.695699,200,success,
1789928157.153028,GET,GET /api/v1/reservas/{id},7.850609,200,success,
1789928157.257424,GET,GET /api/v1/reservas,10.870116,200,success,
1789928157.273904,GET,GET /api/v1/reservas/{id},6.254058,200,success,
1789928157.291802,GET,GET /api/v1/reservas/{id},6.676399,200,success,
1789928157.441255,GET,GET /api/v1/reservas,7.041743,200,success,
1789928157.445920,GET,GET /api/v1/reservas,4.424416,200,success,
1789928157.456572,GET,GET /api/v1/reservas,5.391492,200,success,
1789928157.571189,GET,GET /api/v1/reservas,6.202381,200,success,
1789928157.631754,GET,GET /api/v1/reservas/{id},4.325537,200,success,
1789928157.650462,GET,GET /api/v1/reservas,4.434391,200,success,
1789928157.696105,GET,GET /api/v1/reservas,5.352793,200,success,
1789928157.884123,GET,GET /api/v1/reservas,5.684285,200,success,
1789928157.914564,GET,GET /api/v1/reservas,5.183426,200,success,
1789928157.968887,GET,GET /api/v1/reservas,6.020746,200,success,
1789928158.014916,GET,GET /api/v1/reservas,4.770661,200,success,
1789928158.021115,GET,GET /api/v1/reservas,3.959462,200,success,
1789928158.072695,GET,GET /api/v1/reservas/{id},10.395236,200,success,
1789928158.079319,GET,GET /api/v1/reservas,4.348211,200,success,
1789928158.162673,GET,GET /api/v1/reservas/{id},5.079319,200,success,
1789928158.164612,GET,GET /api/v1/reservas/{id},3.247692,200,success,
1789928158.196751,GET,GET /api/v1/reservas,4.855038,200,success,
1789928158.248384,GET,GET /api/v1/reservas,5.335798,200,success,
1789928158.257330,GET,GET /api/v1/reservas,4.728658,200,success,
1789928158.327464,GET,GET /api/v1/reservas/{id},4.894959,200,success,
1789928158.381536,GET,GET /api/v1/reservas,5.744347,200,success,
1789928158.394930,GET,GET /api/v1/reservas,5.064106,200,success,
1789928158.401700,GET,GET /api/v1/reservas,4.502053,200,success,
1789928158.412669,GET,GET /api/v1/reservas,6.636219,200,success,
1789928158.435815,GET,GET /api/v1/reservas,5.834763,200,success,
1789928158.454155,GET,GET /api/v1/reservas/{id},4.138463,200,success,
1789928158.456433,GET,GET /api/v1/reservas/{id},4.644789,200,success,
1789928158.509642,GET,GET /api/v1/reservas,5.897379,200,success,
1789928158.518766,GET,GET /api/v1/reservas,4.831664,200,success,
1789928158.529879,GET,GET /api/v1/reservas/{id},3.946943,200,success,
1789928158.595787,GET,GET /api/v1/reservas,5.362528,200,success,
1789928158.596226,GET,GET /api/v1/reservas,7.628713,200,success,
1789928158.648625,GET,GET /api/v1/reservas,5.151458,200,success,
1789928158.652792,GET,GET /api/v1/reservas/{id},3.015150,200,success,
1789928158.694861,GET,GET /api/v1/reservas,4.775178,200,success,
1789928158.702955,GET,GET /api/v1/reservas,3.864127,200,success,
1789928158.745119,GET,GET /api/v1/reservas,4.844792,200,success,
1789928158.847960,GET,GET /api/v1/reservas/{id},4.775569,200,success,
1789928158.868834,GET,GET /api/v1/reservas,4.626612,200,success,
1789928158.962733,GET,GET /api/v1/reservas,6.043030,200,success,
1789928158.963081,GET,GET /api/v1/reservas,6.941600,200,success,
1789928158.974360,GET,GET /api/v1/reservas/{id},3.135392,200,success,
1789928158.984129,GET,GET /api/v1/reservas,4.490356,200,success,
1789928159.065962,GET,GET /api/v1/reservas,5.480917,200,success,
1789928159.109122,GET,GET /api/v1/reservas/{id},4.915470,200,success,
1789928159.110956,GET,GET /api/v1/reservas,4.932525,200,success,
1789928159.148309,GET,GET /api/v1/reservas,5.066648,200,success,
1789928159.251905,GET,GET /api/v1/reservas,6.185536,200,success,
1789928159.257634,GET,GET /api/v1/reservas,4.459820,200,success,
1789928159.272347,GET,GET /api/v1/reservas,4.471467,200,success,
1789928159.305425,GET,GET /api/v1/reservas,4.809720,200,success,
1789928159.339425,GET,GET /api/v1/reservas,4.710820,200,success,
1789928159.414329,GET,GET /api/v1/reservas,5.599777,200,success,
1789928159.439095,GET,GET /api/v1/reservas/{id},3.580928,200,success,
1789928159.487613,GET,GET /api/v1/reservas,6.214919,200,success,
1789928159.487957,GET,GET /api/v1/reservas/{id},3.676132,200,success,
1789928159.561012,GET,GET /api/v1/reservas,5.711928,200,success,
1789928159.570920,GET,GET /api/v1/reservas,4.652501,200,success,
1789928159.611157,GET,GET /api/v1/reservas,4.946727,200,success,
1789928159.646750,GET,GET /api/v1/reservas,6.283263,200,success,
1789928159.660212,GET,GET /api/v1/reservas,5.160742,200,success,
1789928159.668724,GET,GET /api/v1/reservas,5.220342,200,success,
1789928159.798476,GET,GET /api/v1/reservas,6.498320,200,success,
1789928159.843108,GET,GET /api/v1/reservas,9.215908,200,success,
1789928159.863285,GET,GET /api/v1/reservas,7.575943,200,success,
1789928159.916214,GET,GET /api/v1/reservas/{id},7.674452,200,success,
1789928159.957549,GET,GET /api/v1/reservas,7.001732,200,success,
1789928159.978726,GET,GET /api/v1/reservas,6.838094,200,success,
1789928159.990553,GET,GET /api/v1/reservas,6.362734,200,success,
1789928160.024498,GET,GET /api/v1/reservas/{id},5.669313,200,success,
1789928160.077345,GET,GET /api/v1/reservas/{id},8.524410,200,success,
1789928160.078112,GET,GET /api/v1/reservas,8.598312,200,success,
1789928160.086526,GET,GET /api/v1/reservas,5.120751,200,success,
1789928160.096721,GET,GET /api/v1/reservas,5.926122,200,success,
1789928160.119283,GET,GET /api/v1/reservas,7.263048,200,success,
1789928160.215431,GET,GET /api/v1/reservas,6.780647,200,success,
1789928160.395314,GET,GET /api/v1/reservas,6.426851,200,success,
1789928160.473737,GET,GET /api/v1/reservas/{id},5.159069,200,success,
1789928160.548339,GET,GET /api/v1/reservas,7.930660,200,success,
1789928160.566921,GET,GET /api/v1/reservas,7.753522,200,success,
1789928160.569963,GET,GET /api/v1/reservas,5.982367,200,success,
1789928160.643788,GET,GET /api/v1/reservas,7.425815,200,success,
1789928160.663432,GET,GET /api/v1/reservas/{id},8.298408,200,success,
1789928160.696234,GET,GET /api/v1/reservas,9.298665,200,success,
1789928160.724603,GET,GET /api/v1/reservas,7.939364,200,success,
1789928160.857771,GET,GET /api/v1/reservas/{id},4.873747,200,success,
1789928160.905319,GET,GET /api/v1/reservas,5.242827,200,success,
1789928160.924114,GET,GET /api/v1/reservas,4.471838,200,success,
1789928160.967702,GET,GET /api/v1/reservas,5.284980,200,success,
1789928160.971182,GET,GET /api/v1/reservas,5.129405,200,success,
1789928160.977936,GET,GET /api/v1/reservas,4.495263,200,success,
1789928160.979348,GET,GET /api/v1/reservas,4.363874,200,success,
1789928161.010315,GET,GET /api/v1/reservas/{id},4.145073,200,success,
1789928161.010692,GET,GET /api/v1/reservas,6.119285,200,success,
1789928161.011477,GET,GET /api/v1/reservas/{id},4.666923,200,success,
1789928161.105634,GET,GET /api/v1/reservas,5.759940,200,success,
1789928161.145314,GET,GET /api/v1/reservas,5.358562,200,success,
1789928161.148487,GET,GET /api/v1/reservas,4.828689,200,success,
1789928161.196768,GET,GET /api/v1/reservas,5.024275,200,success,
1789928161.238994,GET,GET /api/v1/reservas,4.942521,200,success,
1789928161.288292,GET,GET /api/v1/reservas,5.031376,200,success,
1789928161.325608,GET,GET /api/v1/reservas/{id},4.131642,200,success,
1789928161.347225,GET,GET /api/v1/reservas/{id},3.440834,200,success,
1789928161.378866,GET,GET /api/v1/reservas,5.345342,200,success,
1789928161.380617,GET,GET /api/v1/reservas,4.502324,200,success,
1789928161.385032,GET,GET /api/v1/reservas,4.949992,200,success,
1789928161.420149,GET,GET /api/v1/reservas,4.832935,200,success,
1789928161.479649,GET,GET /api/v1/reservas,6.175280,200,success,
1789928161.586787,GET,GET /api/v1/reservas,9.799422,200,success,
1789928161.593634,GET,GET /api/v1/reservas,4.554513,200,success,
1789928161.616890,GET,GET /api/v1/reservas,5.005867,200,success,
1789928161.654802,GET,GET /api/v1/reservas,4.657829,200,success,
1789928161.667254,GET,GET /api/v1/reservas,4.211103,200,success,
1789928161.679632,GET,GET /api/v1/reservas,4.157100,200,success,
1789928161.757212,GET,GET /api/v1/reservas,6.228810,200,success,
1789928161.812364,GET,GET /api/v1/reservas/{id},4.106034,200,success,
1789928161.820161,GET,GET /api/v1/reservas,4.536506,200,success,
1789928161.902283,GET,GET /api/v1/reservas,5.765659,200,success,
1789928161.923112,GET,GET /api/v1/reservas/{id},3.634328,200,success,
1789928161.987819,GET,GET /api/v1/reservas,5.376438,200,success,
1789928161.996064,GET,GET /api/v1/reservas,3.994023,200,success,
1789928162.029009,GET,GET /api/v1/reservas,4.687615,200,success,
1789928162.034866,GET,GET /api/v1/reservas,4.603478,200,success,
1789928162.081124,GET,GET /api/v1/reservas/{id},4.681716,200,success,
1789928162.081439,GET,GET /api/v1/reservas/{id},5.430070,200,success,
1789928162.137061,GET,GET /api/v1/reservas,5.325071,200,success,
1789928162.174330,GET,GET /api/v1/reservas,4.964814,200,success,
1789928162.235123,GET,GET /api/v1/reservas,6.449105,200,success,
1789928162.376686,GET,GET /api/v1/reservas,12.205960,200,success,
1789928162.401902,GET,GET /api/v1/reservas,7.716426,200,success,
1789928162.402382,GET,GET /api/v1/reservas,12.397019,200,success,
1789928162.407274,GET,GET /api/v1/reservas,6.367141,200,success,
1789928162.474046,GET,GET /api/v1/reservas/{id},4.532829,200,success,
1789928162.489672,GET,GET /api/v1/reservas/{id},3.444301,200,success,
1789928162.544163,GET,GET /api/v1/reservas,7.139310,200,success,
1789928162.577186,GET,GET /api/v1/reservas,6.142791,200,success,
1789928162.684648,GET,GET /api/v1/reservas,7.036205,200,success,
1789928162.686968,GET,GET /api/v1/reservas,5.528320,200,success,
1789928162.797394,GET,GET /api/v1/reservas/{id},5.284900,200,success,
1789928162.813629,GET,GET /api/v1/reservas,4.960809,200,success,
1789928162.835931,GET,GET /api/v1/reservas,4.997344,200,success,
1789928162.866608,GET,GET /api/v1/reservas,5.369779,200,success,
1789928162.876113,GET,GET /api/v1/reservas,4.250152,200,success,
1789928162.893863,GET,GET /api/v1/reservas/{id},3.573335,200,success,
1789928163.014176,GET,GET /api/v1/reservas,5.920984,200,success,
1789928163.141089,GET,GET /api/v1/reservas,6.487301,200,success,
1789928163.150788,GET,GET /api/v1/reservas,4.446329,200,success,
1789928163.166250,GET,GET /api/v1/reservas/{id},3.296166,200,success,
1789928163.306276,GET,GET /api/v1/reservas/{id},4.711501,200,success,
1789928163.309169,GET,GET /api/v1/reservas/{id},2.794826,200,success,
1789928163.340425,GET,GET /api/v1/reservas,4.996182,200,success,
1789928163.384517,GET,GET /api/v1/reservas,4.823120,200,success,
1789928163.441826,GET,GET /api/v1/reservas,6.962913,200,success,
1789928163.516431,GET,GET /api/v1/reservas,6.250213,200,success,
1789928163.537239,GET,GET /api/v1/reservas,19.367745,200,success,
1789928163.538236,GET,GET /api/v1/reservas,19.859059,200,success,
1789928163.614876,GET,GET /api/v1/reservas,6.274088,200,success,
1789928163.623643,GET,GET /api/v1/reservas,5.484742,200,success,
1789928163.641590,GET,GET /api/v1/reservas/{id},3.765026,200,success,
1789928163.723220,GET,GET /api/v1/reservas/{id},5.352042,200,success,
1789928163.757635,GET,GET /api/v1/reservas,5.128814,200,success,
1789928163.774226,GET,GET /api/v1/reservas,4.324364,200,success,
1789928163.889084,GET,GET /api/v1/reservas,9.205212,200,success,
1789928163.894616,GET,GET /api/v1/reservas/{id},3.342967,200,success,
1789928163.911587,GET,GET /api/v1/reservas,4.708286,200,success,
1789928163.931341,GET,GET /api/v1/reservas/{id},3.578834,200,success,
1789928163.944249,GET,GET /api/v1/reservas,4.653704,200,success,
1789928163.945865,GET,GET /api/v1/reservas,4.745572,200,success,
1789928163.977965,GET,GET /api/v1/reservas,4.847207,200,success,
1789928163.987395,GET,GET /api/v1/reservas/{id},3.250536,200,success,
1789928164.039807,GET,GET /api/v1/reservas,5.093330,200,success,
1789928164.068941,GET,GET /api/v1/reservas/{id},3.926842,200,success,
1789928164.142259,GET,GET /api/v1/reservas,5.949518,200,success,
1789928164.148906,GET,GET /api/v1/reservas/{id},3.467505,200,success,
1789928164.190467,GET,GET /api/v1/reservas,5.251279,200,success,
1789928164.199806,GET,GET /api/v1/reservas,5.081050,200,success,
1789928164.200211,GET,GET /api/v1/reservas,5.189715,200,success,
1789928164.233958,GET,GET /api/v1/reservas/{id},3.568839,200,success,
1789928164.253261,GET,GET /api/v1/reservas,5.027019,200,success,
1789928164.268107,GET,GET /api/v1/reservas/{id},3.663483,200,success,
1789928164.279557,GET,GET /api/v1/reservas/{id},3.282315,200,success,
1789928164.379796,GET,GET /api/v1/reservas,5.887825,200,success,
1789928164.437427,GET,GET /api/v1/reservas,5.294374,200,success,
1789928164.474533,GET,GET /api/v1/reservas,4.828368,200,success,
1789928164.522079,GET,GET /api/v1/reservas,5.231609,200,success,
1789928164.532267,GET,GET /api/v1/reservas,4.953177,200,success,
1789928164.553867,GET,GET /api/v1/reservas,4.348973,200,success,
1789928164.618928,GET,GET /api/v1/reservas,5.399453,200,success,
1789928164.632121,GET,GET /api/v1/reservas,3.973663,200,success,
1789928164.645537,GET,GET /api/v1/reservas/{id},3.267302,200,success,
1789928164.662131,GET,GET /api/v1/reservas,4.344354,200,success,
1789928164.774958,GET,GET /api/v1/reservas/{id},4.559040,200,success,
1789928164.962823,GET,GET /api/v1/reservas/{id},5.669732,200,success,
1789928164.971516,GET,GET /api/v1/reservas,5.405212,200,success,
1789928164.994354,GET,GET /api/v1/reservas,5.528119,200,success,
1789928165.004643,GET,GET /api/v1/reservas,4.953809,200,success,
1789928165.036864,GET,GET /api/v1/reservas,7.778099,200,success,
1789928165.107727,GET,GET /api/v1/reservas/{id},5.596312,200,success,
1789928165.143209,GET,GET /api/v1/reservas,9.119832,200,success,
1789928165.199969,GET,GET /api/v1/reservas,6.398848,200,success,
1789928165.322449,GET,GET /api/v1/reservas/{id},5.206843,200,success,
1789928165.330266,GET,GET /api/v1/reservas,4.556506,200,success,
1789928165.442562,GET,GET /api/v1/reservas/{id},5.011145,200,success,
1789928165.506036,GET,GET /api/v1/reservas,5.781592,200,success,
1789928165.557218,GET,GET /api/v1/reservas,5.854383,200,success,
1789928165.558153,GET,GET /api/v1/reservas,4.155439,200,success,
1789928165.570654,GET,GET /api/v1/reservas/{id},3.338821,200,success,
1789928165.612124,GET,GET /api/v1/reservas,6.194719,200,success,
1789928165.642021,GET,GET /api/v1/reservas,8.494934,200,success,
1789928165.650069,GET,GET /api/v1/reservas,5.751497,200,success,
1789928165.709047,GET,GET /api/v1/reservas,10.776814,200,success,
1789928165.720361,GET,GET /api/v1/reservas,9.986675,200,success,
1789928165.796021,GET,GET /api/v1/reservas,7.831921,200,success,
1789928165.837056,GET,GET /api/v1/reservas/{id},5.806720,200,success,
1789928165.842442,GET,GET /api/v1/reservas,6.212004,200,success,
1789928165.866359,GET,GET /api/v1/reservas,9.595212,200,success,
1789928165.883739,GET,GET /api/v1/reservas,6.378008,200,success,
1789928165.928839,GET,GET /api/v1/reservas,9.692299,200,success,
1789928165.929842,GET,GET /api/v1/reservas/{id},4.920728,200,success,
1789928165.934742,GET,GET /api/v1/reservas,6.408764,200,success,
1789928165.939283,GET,GET /api/v1/reservas,5.216566,200,success,
1789928165.947782,GET,GET /api/v1/reservas,4.258805,200,success,
1789928166.001801,GET,GET /api/v1/reservas,5.717516,200,success,
1789928166.084844,GET,GET /api/v1/reservas,5.682252,200,success,
1789928166.116345,GET,GET /api/v1/reservas,5.175866,200,success,
1789928166.148172,GET,GET /api/v1/reservas,5.496571,200,success,
1789928166.201308,GET,GET /api/v1/reservas,5.862706,200,success,
1789928166.228260,GET,GET /api/v1/reservas,4.685322,200,success,
1789928166.269394,GET,GET /api/v1/reservas,5.815265,200,success,
1789928166.271591,GET,GET /api/v1/reservas,4.337284,200,success,
1789928166.282960,GET,GET /api/v1/reservas/{id},3.214302,200,success,
1789928166.299665,GET,GET /api/v1/reservas,4.439809,200,success,
1789928166.346781,GET,GET /api/v1/reservas/{id},3.927993,200,success,
1789928166.382841,GET,GET /api/v1/reservas,4.790260,200,success,
1789928166.415665,GET,GET /api/v1/reservas,4.585700,200,success,
1789928166.465638,GET,GET /api/v1/reservas,5.680509,200,success,
1789928166.532345,GET,GET /api/v1/reservas,5.390229,200,success,
1789928166.584167,GET,GET /api/v1/reservas,5.108583,200,success,
1789928166.649855,GET,GET /api/v1/reservas,5.390420,200,success,
1789928166.694427,GET,GET /api/v1/reservas,5.246152,200,success,
1789928166.763916,GET,GET /api/v1/reservas,5.193691,200,success,
1789928166.931262,GET,GET /api/v1/reservas/{id},5.171679,200,success,
1789928166.932629,GET,GET /api/v1/reservas/{id},3.779279,200,success,
1789928166.932924,GET,GET /api/v1/reservas/{id},4.851964,200,success,
1789928167.081729,GET,GET /api/v1/reservas,6.411988,200,success,
1789928167.122168,GET,GET /api/v1/reservas,5.096375,200,success,
1789928167.202478,GET,GET /api/v1/reservas,5.961706,200,success,
1789928167.234980,GET,GET /api/v1/reservas,5.202396,200,success,
1789928167.248589,GET,GET /api/v1/reservas,4.366647,200,success,
1789928167.313279,GET,GET /api/v1/reservas,6.333780,200,success,
1789928167.342589,GET,GET /api/v1/reservas/{id},5.650214,200,success,
1789928167.454912,GET,GET /api/v1/reservas,8.833459,200,success,
1789928167.455359,GET,GET /api/v1/reservas/{id},5.407215,200,success,
1789928167.479183,GET,GET /api/v1/reservas,7.488670,200,success,
1789928167.499263,GET,GET /api/v1/reservas,6.676651,200,success,
1789928167.551667,GET,GET /api/v1/reservas,11.890392,200,success,
1789928167.636591,GET,GET /api/v1/reservas/{id},6.611380,200,success,
1789928167.643765,GET,GET /api/v1/reservas,6.892616,200,success,
1789928167.674716,GET,GET /api/v1/reservas/{id},6.703210,200,success,
1789928167.689316,GET,GET /api/v1/reservas,6.273607,200,success,
1789928167.743052,GET,GET /api/v1/reservas,11.380229,200,success,
1789928167.743811,GET,GET /api/v1/reservas/{id},6.956113,200,success,
1789928167.764147,GET,GET /api/v1/reservas/{id},6.100526,200,success,
1789928167.789292,GET,GET /api/v1/reservas,12.857988,200,success,
1789928167.825337,GET,GET /api/v1/reservas,8.688669,200,success,
1789928167.857699,GET,GET /api/v1/reservas/{id},12.562229,200,success,
1789928167.910595,GET,GET /api/v1/reservas,6.566422,200,success,
1789928167.935036,GET,GET /api/v1/reservas/{id},4.223693,200,success,
1789928168.013500,GET,GET /api/v1/reservas,6.116150,200,success,
1789928168.019690,GET,GET /api/v1/reservas/{id},2.995971,200,success,
1789928168.103257,GET,GET /api/v1/reservas,6.220138,200,success,
1789928168.228901,GET,GET /api/v1/reservas,6.221190,200,success,
1789928168.240479,GET,GET /api/v1/reservas,4.300439,200,success,
1789928168.301614,GET,GET /api/v1/reservas/{id},4.927068,200,success,
1789928168.302335,GET,GET /api/v1/reservas,5.114321,200,success,
1789928168.320072,GET,GET /api/v1/reservas,4.467671,200,success,
1789928168.320777,GET,GET /api/v1/reservas/{id},3.745136,200,success,
1789928168.360596,GET,GET /api/v1/reservas/{id},3.630242,200,success,
1789928168.418612,GET,GET /api/v1/reservas,5.724938,200,success,
1789928168.426939,GET,GET /api/v1/reservas/{id},3.161322,200,success,
1789928168.533597,GET,GET /api/v1/reservas,9.230140,200,success,
1789928168.535371,GET,GET /api/v1/reservas,6.054918,200,success,
1789928168.548719,GET,GET /api/v1/reservas,5.090465,200,success,
1789928168.555118,GET,GET /api/v1/reservas,4.109238,200,success,
1789928168.659410,GET,GET /api/v1/reservas/{id},4.715267,200,success,
1789928168.698283,GET,GET /api/v1/reservas/{id},3.677534,200,success,
1789928168.729813,GET,GET /api/v1/reservas,6.182811,200,success,
1789928168.785280,GET,GET /api/v1/reservas,6.123411,200,success,
1789928168.811192,GET,GET /api/v1/reservas,4.825084,200,success,
1789928168.817750,GET,GET /api/v1/reservas,4.317525,200,success,
1789928168.887460,GET,GET /api/v1/reservas,5.392644,200,success,
1789928168.942771,GET,GET /api/v1/reservas/{id},4.099103,200,success,
1789928168.965189,GET,GET /api/v1/reservas,5.201965,200,success,
1789928168.987837,GET,GET /api/v1/reservas,4.417115,200,success,
1789928169.051603,GET,GET /api/v1/reservas,6.529407,200,success,
1789928169.075281,GET,GET /api/v1/reservas/{id},3.475307,200,success,
1789928169.135385,GET,GET /api/v1/reservas/{id},4.877252,200,success,
1789928169.175645,GET,GET /api/v1/reservas,4.967750,200,success,
1789928169.217060,GET,GET /api/v1/reservas/{id},4.089458,200,success,
1789928169.235631,GET,GET /api/v1/reservas/{id},4.379748,200,success,
1789928169.315962,GET,GET /api/v1/reservas,6.964405,200,success,
1789928169.316440,GET,GET /api/v1/reservas,6.723721,200,success,
1789928169.386094,GET,GET /api/v1/reservas/{id},4.446259,200,success,
1789928169.449899,GET,GET /api/v1/reservas,5.484093,200,success,
1789928169.469568,GET,GET /api/v1/reservas,4.409233,200,success,
1789928169.619452,GET,GET /api/v1/reservas,6.581305,200,success,
1789928169.624086,GET,GET /api/v1/reservas,4.434132,200,success,
1789928169.750552,GET,GET /api/v1/reservas,6.056580,200,success,
1789928169.787686,GET,GET /api/v1/reservas/{id},3.939491,200,success,
1789928169.855912,GET,GET /api/v1/reservas,6.099365,200,success,
1789928169.869772,GET,GET /api/v1/reservas/{id},3.697364,200,success,
1789928169.876168,GET,GET /api/v1/reservas,4.137041,200,success,
1789928169.936502,GET,GET /api/v1/reservas/{id},4.114486,200,success,
1789928169.971810,GET,GET /api/v1/reservas,4.996803,200,success,
1789928170.022157,GET,GET /api/v1/reservas,5.015001,200,success,
1789928170.056287,GET,GET /api/v1/reservas,4.833676,200,success,
1789928170.062525,GET,GET /api/v1/reservas,3.974684,200,success,
1789928170.087231,GET,GET /api/v1/reservas,4.467782,200,success,
1789928170.123507,GET,GET /api/v1/reservas,4.979727,200,success,
1789928170.161062,GET,GET /api/v1/reservas/{id},5.336788,200,success,
1789928170.168596,GET,GET /api/v1/reservas,7.290540,200,success,
1789928170.200547,GET,GET /api/v1/reservas,7.650615,200,success,
1789928170.246391,GET,GET /api/v1/reservas,6.528715,200,success,
1789928170.252592,GET,GET /api/v1/reservas,4.942351,200,success,
1789928170.278148,GET,GET /api/v1/reservas,7.263819,200,success,
1789928170.351819,GET,GET /api/v1/reservas,13.278986,200,success,
1789928170.463288,GET,GET /api/v1/reservas,6.026464,200,success,
1789928170.516061,GET,GET /api/v1/reservas,5.094181,200,success,
1789928170.573184,GET,GET /api/v1/reservas,5.415649,200,success,
1789928170.581448,GET,GET /api/v1/reservas/{id},3.110423,200,success,
1789928170.671108,GET,GET /api/v1/reservas,6.299809,200,success,
1789928170.735246,GET,GET /api/v1/reservas,5.794393,200,success,
1789928170.763824,GET,GET /api/v1/reservas,5.259051,200,success,
1789928170.801402,GET,GET /api/v1/reservas,5.439043,200,success,
1789928170.823242,GET,GET /api/v1/reservas,4.591119,200,success,
1789928170.849851,GET,GET /api/v1/reservas,6.253518,200,success,
1789928170.870875,GET,GET /api/v1/reservas/{id},5.825580,200,success,
1789928171.024070,GET,GET /api/v1/reservas,7.618988,200,success,
1789928171.040302,GET,GET /api/v1/reservas,6.829392,200,success,
1789928171.046876,GET,GET /api/v1/reservas,5.276248,200,success,
1789928171.067183,GET,GET /api/v1/reservas,7.991493,200,success,
1789928171.071123,GET,GET /api/v1/reservas/{id},8.020977,200,success,
1789928171.071216,GET,GET /api/v1/reservas/{id},7.785470,200,success,
1789928171.094724,GET,GET /api/v1/reservas,8.195872,200,success,
1789928171.096485,GET,GET /api/v1/reservas,5.945942,200,success,
1789928171.117095,GET,GET /api/v1/reservas/{id},5.366875,200,success,
1789928171.167856,GET,GET /api/v1/reservas/{id},4.531227,200,success,
1789928171.190825,GET,GET /api/v1/reservas/{id},3.777696,200,success,
1789928171.243547,GET,GET /api/v1/reservas,5.399243,200,success,
1789928171.329675,GET,GET /api/v1/reservas,5.772309,200,success,
1789928171.337139,GET,GET /api/v1/reservas,4.213967,200,success,
1789928171.461369,GET,GET /api/v1/reservas/{id},4.937874,200,success,
1789928171.542478,GET,GET /api/v1/reservas,5.754061,200,success,
1789928171.584543,GET,GET /api/v1/reservas,7.763948,200,success,
1789928171.595399,GET,GET /api/v1/reservas,4.567763,200,success,
1789928171.623850,GET,GET /api/v1/reservas,5.197288,200,success,
1789928171.695499,GET,GET /api/v1/reservas/{id},4.402583,200,success,
1789928171.702610,GET,GET /api/v1/reservas,4.886877,200,success,
1789928171.706425,GET,GET /api/v1/reservas,4.603267,200,success,
1789928171.711344,GET,GET /api/v1/reservas,5.656804,200,success,
1789928171.711765,GET,GET /api/v1/reservas,5.734891,200,success,
1789928171.802567,GET,GET /api/v1/reservas,6.601776,200,success,
1789928171.808654,GET,GET /api/v1/reservas,4.849650,200,success,
1789928171.855333,GET,GET /api/v1/reservas,5.404070,200,success,
1789928171.942593,GET,GET /api/v1/reservas,7.801345,200,success,
1789928172.004691,GET,GET /api/v1/reservas,5.776396,200,success,
1789928172.025308,GET,GET /api/v1/reservas/{id},3.421215,200,success,
1789928172.036648,GET,GET /api/v1/reservas,4.071871,200,success,
1789928172.116750,GET,GET /api/v1/reservas,5.751437,200,success,
1789928172.159230,GET,GET /api/v1/reservas,5.170076,200,success,
1789928172.177931,GET,GET /api/v1/reservas/{id},3.525564,200,success,
1789928172.202751,GET,GET /api/v1/reservas,4.578279,200,success,
1789928172.253269,GET,GET /api/v1/reservas,5.262315,200,success,
1789928172.326036,GET,GET /api/v1/reservas/{id},4.505538,200,success,
1789928172.380894,GET,GET /api/v1/reservas,6.554854,200,success,
1789928172.407900,GET,GET /api/v1/reservas,4.761798,200,success,
1789928172.443876,GET,GET /api/v1/reservas,4.720845,200,success,
1789928172.463272,GET,GET /api/v1/reservas,4.162940,200,success,
1789928172.482728,GET,GET /api/v1/reservas/{id},3.296516,200,success,
1789928172.507364,GET,GET /api/v1/reservas/{id},3.464992,200,success,
1789928172.548651,GET,GET /api/v1/reservas/{id},4.105863,200,success,
1789928172.550469,GET,GET /api/v1/reservas,4.205704,200,success,
1789928172.583113,GET,GET /api/v1/reservas,6.938465,200,success,
1789928172.655954,GET,GET /api/v1/reservas/{id},4.567934,200,success,
1789928172.709354,GET,GET /api/v1/reservas,6.054968,200,success,
1789928172.709878,GET,GET /api/v1/reservas/{id},3.036763,200,success,
1789928172.752183,GET,GET /api/v1/reservas,5.009683,200,success,
1789928172.761634,GET,GET /api/v1/reservas,4.201628,200,success,
1789928172.861456,GET,GET /api/v1/reservas/{id},5.707220,200,success,
1789928172.994567,GET,GET /api/v1/reservas,5.703264,200,success,
1789928173.029532,GET,GET /api/v1/reservas,4.704911,200,success,
1789928173.038832,GET,GET /api/v1/reservas,4.044080,200,success,
1789928173.081361,GET,GET /api/v1/reservas/{id},4.320288,200,success,
1789928173.083375,GET,GET /api/v1/reservas,4.541132,200,success,
1789928173.114511,GET,GET /api/v1/reservas,4.870803,200,success,
1789928173.180138,GET,GET /api/v1/reservas/{id},4.405667,200,success,
1789928173.322756,GET,GET /api/v1/reservas/{id},5.288065,200,success,
1789928173.376813,GET,GET /api/v1/reservas,7.323039,200,success,
1789928173.377239,GET,GET /api/v1/reservas,8.221771,200,success,
1789928173.377843,GET,GET /api/v1/reservas,5.709975,200,success,
1789928173.380127,GET,GET /api/v1/reservas/{id},4.181578,200,success,
1789928173.439654,GET,GET /api/v1/reservas,5.232280,200,success,
1789928173.509866,GET,GET /api/v1/reservas,6.863823,200,success,
1789928173.515354,GET,GET /api/v1/reservas/{id},4.283042,200,success,
1789928173.524945,GET,GET /api/v1/reservas,10.226521,200,success,
1789928173.534115,GET,GET /api/v1/reservas,13.869771,200,success,
1789928173.544089,GET,GET /api/v1/reservas,8.510578,200,success,
1789928173.579231,GET,GET /api/v1/reservas/{id},5.681111,200,success,
1789928173.587739,GET,GET /api/v1/reservas/{id},3.352521,200,success,
1789928173.713046,GET,GET /api/v1/reservas,5.875004,200,success,
1789928173.720237,GET,GET /api/v1/reservas,3.958199,200,success,
1789928173.738742,GET,GET /api/v1/reservas,5.296226,200,success,
1789928173.796011,GET,GET /api/v1/reservas,5.970399,200,success,
1789928173.849591,GET,GET /api/v1/reservas,5.278049,200,success,
1789928173.926944,GET,GET /api/v1/reservas/{id},5.072778,200,success,
1789928174.048109,GET,GET /api/v1/reservas/{id},4.839636,200,success,
1789928174.067940,GET,GET /api/v1/reservas,4.550647,200,success,
1789928174.083160,GET,GET /api/v1/reservas,4.422042,200,success,
1789928174.083881,GET,GET /api/v1/reservas,5.646348,200,success,
1789928174.087742,GET,GET /api/v1/reservas,4.427611,200,success,
1789928174.117666,GET,GET /api/v1/reservas,4.699643,200,success,
1789928174.146324,GET,GET /api/v1/reservas/{id},3.489579,200,success,
1789928174.161084,GET,GET /api/v1/reservas,4.479059,200,success,
1789928174.217465,GET,GET /api/v1/reservas/{id},4.183641,200,success,
1789928174.262100,GET,GET /api/v1/reservas,5.293353,200,success,
1789928174.263957,GET,GET /api/v1/reservas/{id},3.467276,200,success,
1789928174.380962,GET,GET /api/v1/reservas,7.604625,200,success,
1789928174.438882,GET,GET /api/v1/reservas,5.586057,200,success,
1789928174.444834,GET,GET /api/v1/reservas,4.723299,200,success,
1789928174.512206,GET,GET /api/v1/reservas/{id},4.082838,200,success,
1789928174.512691,GET,GET /api/v1/reservas,6.526112,200,success,
1789928174.513076,GET,GET /api/v1/reservas,5.187682,200,success,
1789928174.526472,GET,GET /api/v1/reservas,4.185333,200,success,
1789928174.551212,GET,GET /api/v1/reservas,4.476404,200,success,
1789928174.595872,GET,GET /api/v1/reservas,5.006318,200,success,
1789928174.669972,GET,GET /api/v1/reservas,5.786450,200,success,
1789928174.673813,GET,GET /api/v1/reservas,4.510977,200,success,
1789928174.704386,GET,GET /api/v1/reservas,5.327835,200,success,
1789928174.746418,GET,GET /api/v1/reservas/{id},3.826861,200,success,
1789928174.980931,GET,GET /api/v1/reservas,6.142210,200,success,
1789928175.011316,GET,GET /api/v1/reservas/{id},4.203020,200,success,
1789928175.016387,GET,GET /api/v1/reservas/{id},2.930341,200,success,
1789928175.022522,GET,GET /api/v1/reservas/{id},2.978995,200,success,
1789928175.026389,GET,GET /api/v1/reservas/{id},2.737830,200,success,
1789928175.044930,GET,GET /api/v1/reservas,4.283833,200,success,
1789928175.105581,GET,GET /api/v1/reservas,6.365839,200,success,
1789928175.109642,GET,GET /api/v1/reservas,4.785443,200,success,
1789928175.152799,GET,GET /api/v1/reservas,4.907247,200,success,
1789928175.170504,GET,GET /api/v1/reservas,4.425378,200,success,
1789928175.183972,GET,GET /api/v1/reservas,4.216099,200,success,
1789928175.306405,GET,GET /api/v1/reservas/{id},6.109050,200,success,
1789928175.373484,GET,GET /api/v1/reservas/{id},7.330581,200,success,
1789928175.409854,GET,GET /api/v1/reservas,7.994838,200,success,
1789928175.432086,GET,GET /api/v1/reservas,6.821970,200,success,
1789928175.470065,GET,GET /api/v1/reservas,7.579277,200,success,
1789928175.472321,GET,GET /api/v1/reservas,5.030455,200,success,
1789928175.584197,GET,GET /api/v1/reservas,6.119365,200,success,
1789928175.600081,GET,GET /api/v1/reservas,4.571339,200,success,
1789928175.611770,GET,GET /api/v1/reservas,4.421601,200,success,
1789928175.646709,GET,GET /api/v1/reservas,4.690620,200,success,
1789928175.650611,GET,GET /api/v1/reservas,3.741591,200,success,
1789928175.677169,GET,GET /api/v1/reservas/{id},3.395718,200,success,
1789928175.771888,GET,GET /api/v1/reservas/{id},5.445984,200,success,
1789928175.853307,GET,GET /api/v1/reservas/{id},5.133521,200,success,
1789928175.853608,GET,GET /api/v1/reservas/{id},5.006438,200,success,
1789928175.882272,GET,GET /api/v1/reservas/{id},3.496620,200,success,
1789928175.899935,GET,GET /api/v1/reservas,4.400600,200,success,
1789928175.951036,GET,GET /api/v1/reservas,6.782471,200,success,
1789928175.954645,GET,GET /api/v1/reservas,5.566107,200,success,
1789928175.999757,GET,GET /api/v1/reservas,8.751815,200,success,
1789928176.050552,GET,GET /api/v1/reservas/{id},5.548680,200,success,
1789928176.064782,GET,GET /api/v1/reservas,7.894696,200,success,
1789928176.068070,GET,GET /api/v1/reservas/{id},6.503327,200,success,
1789928176.150679,GET,GET /api/v1/reservas,8.214110,200,success,
1789928176.206036,GET,GET /api/v1/reservas/{id},6.051932,200,success,
1789928176.325162,GET,GET /api/v1/reservas,6.664421,200,success,
1789928176.327146,GET,GET /api/v1/reservas,4.872905,200,success,
1789928176.379473,GET,GET /api/v1/reservas,5.061221,200,success,
1789928176.505083,GET,GET /api/v1/reservas,6.186587,200,success,
1789928176.547503,GET,GET /api/v1/reservas,5.129123,200,success,
1789928176.581109,GET,GET /api/v1/reservas/{id},3.955896,200,success,
1789928176.609913,GET,GET /api/v1/reservas/{id},3.624404,200,success,
1789928176.676094,GET,GET /api/v1/reservas,5.852000,200,success,
1789928176.741250,GET,GET /api/v1/reservas/{id},4.894830,200,success,
1789928176.742156,GET,GET /api/v1/reservas,5.321816,200,success,
1789928176.773198,GET,GET /api/v1/reservas,4.801056,200,success,
1789928176.793979,GET,GET /api/v1/reservas,5.474327,200,success,
1789928176.796024,GET,GET /api/v1/reservas,3.987353,200,success,
1789928176.819132,GET,GET /api/v1/reservas,5.059630,200,success,
1789928176.839743,GET,GET /api/v1/reservas/{id},3.441426,200,success,
1789928176.894677,GET,GET /api/v1/reservas,5.613088,200,success,
1789928177.004632,GET,GET /api/v1/reservas/{id},4.657859,200,success,
1789928177.035408,GET,GET /api/v1/reservas/{id},7.520188,200,success,
1789928177.036163,GET,GET /api/v1/reservas,7.607741,200,success,
1789928177.056136,GET,GET /api/v1/reservas,6.639012,200,success,
1789928177.089054,GET,GET /api/v1/reservas,6.515295,200,success,
1789928177.096469,GET,GET /api/v1/reservas/{id},5.194853,200,success,
1789928177.139294,GET,GET /api/v1/reservas,6.516827,200,success,
1789928177.178384,GET,GET /api/v1/reservas,5.750525,200,success,
1789928177.236316,GET,GET /api/v1/reservas/{id},5.657845,200,success,
1789928177.246799,GET,GET /api/v1/reservas,5.208224,200,success,
1789928177.268634,GET,GET /api/v1/reservas,5.545815,200,success,
1789928177.277071,GET,GET /api/v1/reservas/{id},3.297618,200,success,
1789928177.331539,GET,GET /api/v1/reservas,5.152037,200,success,
1789928177.341409,GET,GET /api/v1/reservas,4.601856,200,success,
1789928177.400492,GET,GET /api/v1/reservas,6.718233,200,success,
1789928177.444744,GET,GET /api/v1/reservas/{id},4.041856,200,success,
1789928177.476637,GET,GET /api/v1/reservas,4.627163,200,success,
1789928177.521700,GET,GET /api/v1/reservas,4.782960,200,success,
1789928177.583328,GET,GET /api/v1/reservas,6.916453,200,success,
1789928177.673184,GET,GET /api/v1/reservas/{id},5.551834,200,success,
1789928177.724174,GET,GET /api/v1/reservas,7.661151,200,success,
1789928177.732622,GET,GET /api/v1/reservas,5.154232,200,success,
1789928177.784479,GET,GET /api/v1/reservas,8.486864,200,success,
1789928177.814337,GET,GET /api/v1/reservas,7.471434,200,success,
1789928177.898032,GET,GET /api/v1/reservas/{id},5.397351,200,success,
1789928177.918771,GET,GET /api/v1/reservas/{id},4.504266,200,success,
1789928177.959578,GET,GET /api/v1/reservas,8.446683,200,success,
1789928177.967502,GET,GET /api/v1/reservas/{id},6.730171,200,success,
1789928177.977781,GET,GET /api/v1/reservas/{id},5.069473,200,success,
1789928178.095042,GET,GET /api/v1/reservas/{id},6.017401,200,success,
1789928178.128125,GET,GET /api/v1/reservas,17.609340,200,success,
1789928178.143278,GET,GET /api/v1/reservas,9.616245,200,success,
1789928178.154041,GET,GET /api/v1/reservas,7.401438,200,success,
1789928178.222317,GET,GET /api/v1/reservas/{id},6.986578,200,success,
1789928178.225569,GET,GET /api/v1/reservas,7.104388,200,success,
1789928178.227741,GET,GET /api/v1/reservas/{id},4.190692,200,success,
1789928178.289636,GET,GET /api/v1/reservas,6.081407,200,success,
1789928178.292772,GET,GET /api/v1/reservas,9.723607,200,success,
1789928178.299013,GET,GET /api/v1/reservas,3.998660,200,success,
1789928178.354607,GET,GET /api/v1/reservas,5.294605,200,success,
1789928178.374976,GET,GET /api/v1/reservas,5.089804,200,success,
1789928178.435394,GET,GET /api/v1/reservas/{id},4.176450,200,success,
1789928178.531928,GET,GET /api/v1/reservas,7.196839,200,success,
1789928178.591897,GET,GET /api/v1/reservas/{id},4.300118,200,success,
1789928178.597634,GET,GET /api/v1/reservas,4.457256,200,success,
1789928178.601062,GET,GET /api/v1/reservas/{id},3.327142,200,success,
1789928178.605453,GET,GET /api/v1/reservas,4.817753,200,success,
1789928178.686109,GET,GET /api/v1/reservas/{id},4.414842,200,success,
1789928178.700550,GET,GET /api/v1/reservas,4.169981,200,success,
1789928178.706825,GET,GET /api/v1/reservas,4.060734,200,success,
1789928178.746080,GET,GET /api/v1/reservas/{id},6.055929,200,success,
1789928178.778138,GET,GET /api/v1/reservas,5.751817,200,success,
1789928178.799062,GET,GET /api/v1/reservas,4.651751,200,success,
1789928178.949806,GET,GET /api/v1/reservas/{id},4.596326,200,success,
1789928178.975672,GET,GET /api/v1/reservas,5.593728,200,success,
1789928178.989310,GET,GET /api/v1/reservas,4.349692,200,success,
1789928179.010951,GET,GET /api/v1/reservas/{id},3.469629,200,success,
1789928179.108087,GET,GET /api/v1/reservas/{id},5.725628,200,success,
1789928179.108451,GET,GET /api/v1/reservas/{id},4.335119,200,success,
1789928179.208488,GET,GET /api/v1/reservas,6.695088,200,success,
1789928179.220295,GET,GET /api/v1/reservas,6.494634,200,success,
1789928179.220922,GET,GET /api/v1/reservas,6.774748,200,success,
1789928179.224393,GET,GET /api/v1/reservas,5.561670,200,success,
1789928179.349680,GET,GET /api/v1/reservas,5.870647,200,success,
1789928179.359151,GET,GET /api/v1/reservas,4.222649,200,success,
1789928179.387084,GET,GET /api/v1/reservas,4.671079,200,success,
1789928179.402440,GET,GET /api/v1/reservas,4.084710,200,success,
1789928179.450965,GET,GET /api/v1/reservas,5.230568,200,success,
1789928179.718379,GET,GET /api/v1/reservas/{id},4.955741,200,success,
1789928179.720252,GET,GET /api/v1/reservas/{id},3.023642,200,success,
1789928179.750313,GET,GET /api/v1/reservas,4.781316,200,success,
1789928179.761593,GET,GET /api/v1/reservas/{id},3.112899,200,success,
1789928179.783614,GET,GET /api/v1/reservas,4.723559,200,success,
1789928179.788322,GET,GET /api/v1/reservas,5.846321,200,success,
1789928179.882349,GET,GET /api/v1/reservas,5.885561,200,success,
1789928179.920460,GET,GET /api/v1/reservas/{id},3.899860,200,success,
1789928179.944083,GET,GET /api/v1/reservas/{id},3.474637,200,success,
1789928179.953357,GET,GET /api/v1/reservas,4.031381,200,success,
1789928179.966233,GET,GET /api/v1/reservas,4.639632,200,success,
1789928179.971776,GET,GET /api/v1/reservas,4.272697,200,success,
1789928179.975208,GET,GET /api/v1/reservas,5.106620,200,success,
1789928180.082732,GET,GET /api/v1/reservas,6.119505,200,success,
1789928180.136261,GET,GET /api/v1/reservas/{id},4.278465,200,success,
1789928180.141845,GET,GET /api/v1/reservas,4.339307,200,success,
1789928180.199806,GET,GET /api/v1/reservas,7.642543,200,success,
1789928180.217773,GET,GET /api/v1/reservas,5.593917,200,success,
1789928180.247260,GET,GET /api/v1/reservas/{id},4.277394,200,success,
1789928180.258770,GET,GET /api/v1/reservas/{id},3.332751,200,success,
1789928180.278694,GET,GET /api/v1/reservas,4.667585,200,success,
1789928180.283899,GET,GET /api/v1/reservas,5.004725,200,success,
1789928180.284550,GET,GET /api/v1/reservas/{id},3.226360,200,success,
1789928180.320842,GET,GET /api/v1/reservas,5.044926,200,success,
1789928180.430276,GET,GET /api/v1/reservas/{id},5.135915,200,success,
1789928180.492963,GET,GET /api/v1/reservas/{id},6.439449,200,success,
1789928180.513168,GET,GET /api/v1/reservas,7.730786,200,success,
1789928180.533150,GET,GET /api/v1/reservas/{id},5.771367,200,success,
1789928180.602018,GET,GET /api/v1/reservas,8.068238,200,success,
1789928180.635800,GET,GET /api/v1/reservas/{id},7.498785,200,success,
1789928180.681483,GET,GET /api/v1/reservas,8.268221,200,success,
1789928180.701830,GET,GET /api/v1/reservas,8.999580,200,success,
1789928180.714548,GET,GET /api/v1/reservas,8.334482,200,success,
1789928180.734911,GET,GET /api/v1/reservas,7.987977,200,success,
1789928180.798535,GET,GET /api/v1/reservas/{id},5.409980,200,success,
1789928180.850761,GET,GET /api/v1/reservas,6.768058,200,success,
1789928180.894629,GET,GET /api/v1/reservas,9.500229,200,success,
1789928180.905142,GET,GET /api/v1/reservas,6.137532,200,success,
1789928181.054887,GET,GET /api/v1/reservas,6.328732,200,success,
1789928181.057837,GET,GET /api/v1/reservas,4.401621,200,success,
1789928181.076607,GET,GET /api/v1/reservas/{id},3.599035,200,success,
1789928181.096665,GET,GET /api/v1/reservas,4.776200,200,success,
1789928181.101189,GET,GET /api/v1/reservas,5.168243,200,success,
1789928181.160386,GET,GET /api/v1/reservas/{id},6.984966,200,success,
1789928181.222145,GET,GET /api/v1/reservas,7.362490,200,success,
1789928181.256573,GET,GET /api/v1/reservas,7.079520,200,success,
1789928181.256946,GET,GET /api/v1/reservas/{id},4.869361,200,success,
1789928181.265859,GET,GET /api/v1/reservas,4.669467,200,success,
1789928181.326521,GET,GET /api/v1/reservas/{id},8.364397,200,success,
1789928181.333899,GET,GET /api/v1/reservas,8.336434,200,success,
1789928181.347587,GET,GET /api/v1/reservas,8.269493,200,success,
1789928181.348204,GET,GET /api/v1/reservas,8.356927,200,success,
1789928181.357101,GET,GET /api/v1/reservas,5.642192,200,success,
1789928181.371671,GET,GET /api/v1/reservas,7.242297,200,success,
1789928181.375326,GET,GET /api/v1/reservas,6.117812,200,success,
1789928181.411856,GET,GET /api/v1/reservas/{id},8.255262,200,success,
1789928181.459642,GET,GET /api/v1/reservas,6.431358,200,success,
1789928181.508214,GET,GET /api/v1/reservas,5.250047,200,success,
1789928181.522735,GET,GET /api/v1/reservas/{id},3.350648,200,success,
1789928181.536950,GET,GET /api/v1/reservas,4.701375,200,success,
1789928181.537353,GET,GET /api/v1/reservas,4.396504,200,success,
1789928181.577388,GET,GET /api/v1/reservas/{id},3.866401,200,success,
1789928181.723386,GET,GET /api/v1/reservas,7.568220,200,success,
1789928181.803083,GET,GET /api/v1/reservas,19.356968,200,success,
1789928181.877563,GET,GET /api/v1/reservas,6.363304,200,success,
1789928181.880399,GET,GET /api/v1/reservas,4.390624,200,success,
1789928181.966645,GET,GET /api/v1/reservas,5.874674,200,success,
1789928181.993564,GET,GET /api/v1/reservas/{id},3.719257,200,success,
1789928182.050355,GET,GET /api/v1/reservas,5.496391,200,success,
1789928182.065845,GET,GET /api/v1/reservas/{id},3.987784,200,success,
1789928182.066855,GET,GET /api/v1/reservas,5.202664,200,success,
1789928182.101632,GET,GET /api/v1/reservas,4.502734,200,success,
1789928182.129480,GET,GET /api/v1/reservas,4.563106,200,success,
1789928182.248873,GET,GET /api/v1/reservas,5.992422,200,success,
1789928182.277908,GET,GET /api/v1/reservas,4.759244,200,success,
1789928182.331298,GET,GET /api/v1/reservas/{id},4.191643,200,success,
1789928182.340318,GET,GET /api/v1/reservas,4.781828,200,success,
1789928182.387548,GET,GET /api/v1/reservas,5.882015,200,success,
1789928182.446502,GET,GET /api/v1/reservas,5.651646,200,success,
1789928182.452979,GET,GET /api/v1/reservas,4.224914,200,success,
1789928182.578815,GET,GET /api/v1/reservas,5.943938,200,success,
1789928182.599123,GET,GET /api/v1/reservas,5.017014,200,success,
1789928182.668309,GET,GET /api/v1/reservas,5.874704,200,success,
1789928182.700357,GET,GET /api/v1/reservas,4.769459,200,success,
1789928182.760664,GET,GET /api/v1/reservas,6.006344,200,success,
1789928182.783255,GET,GET /api/v1/reservas,5.295195,200,success,
1789928182.832851,GET,GET /api/v1/reservas,5.436549,200,success,
1789928182.875951,GET,GET /api/v1/reservas,6.733085,200,success,
1789928182.900464,GET,GET /api/v1/reservas,5.182234,200,success,
1789928182.913792,GET,GET /api/v1/reservas,5.086539,200,success,
1789928182.930639,GET,GET /api/v1/reservas,4.587834,200,success,
1789928183.036126,GET,GET /api/v1/reservas,6.080947,200,success,
1789928183.117131,GET,GET /api/v1/reservas,5.612258,200,success,
1789928183.189235,GET,GET /api/v1/reservas,5.774321,200,success,
1789928183.208158,GET,GET /api/v1/reservas,4.662067,200,success,
1789928183.229724,GET,GET /api/v1/reservas,4.331715,200,success,
1789928183.252123,GET,GET /api/v1/reservas,5.154803,200,success,
1789928183.264665,GET,GET /api/v1/reservas/{id},3.365942,200,success,
1789928183.442165,GET,GET /api/v1/reservas,6.019154,200,success,
1789928183.556185,GET,GET /api/v1/reservas,6.594194,200,success,
1789928183.581898,GET,GET /api/v1/reservas,13.255631,200,success,
1789928183.583773,GET,GET /api/v1/reservas,6.899578,200,success,
1789928183.589135,GET,GET /api/v1/reservas,4.132233,200,success,
1789928183.615367,GET,GET /api/v1/reservas,4.962953,200,success,
1789928183.626583,GET,GET /api/v1/reservas/{id},3.061229,200,success,
1789928183.653260,GET,GET /api/v1/reservas,4.407861,200,success,
1789928183.686164,GET,GET /api/v1/reservas,4.606312,200,success,
1789928183.755939,GET,GET /api/v1/reservas,5.453335,200,success,
1789928183.834647,GET,GET /api/v1/reservas/{id},4.561433,200,success,
1789928183.897959,GET,GET /api/v1/reservas,25.718210,200,success,
1789928183.901696,GET,GET /api/v1/reservas,10.484170,200,success,
1789928183.964077,GET,GET /api/v1/reservas,6.072944,200,success,
1789928184.044856,GET,GET /api/v1/reservas,6.404136,200,success,
1789928184.087160,GET,GET /api/v1/reservas,4.978205,200,success,
1789928184.117053,GET,GET /api/v1/reservas,4.614565,200,success,
1789928184.136878,GET,GET /api/v1/reservas,4.591319,200,success,
1789928184.200552,GET,GET /api/v1/reservas,5.347144,200,success,
1789928184.271867,GET,GET /api/v1/reservas,5.991561,200,success,
1789928184.272255,GET,GET /api/v1/reservas,5.724627,200,success,
1789928184.275019,GET,GET /api/v1/reservas/{id},3.955886,200,success,
1789928184.279041,GET,GET /api/v1/reservas/{id},2.892484,200,success,
1789928184.295617,GET,GET /api/v1/reservas,4.305687,200,success,
1789928184.300898,GET,GET /api/v1/reservas/{id},3.128582,200,success,
1789928184.304683,GET,GET /api/v1/reservas,4.300228,200,success,
1789928184.348918,GET,GET /api/v1/reservas,4.966447,200,success,
1789928184.356631,GET,GET /api/v1/reservas,4.504737,200,success,
1789928184.395630,GET,GET /api/v1/reservas,4.751722,200,success,
1789928184.416340,GET,GET /api/v1/reservas,4.475553,200,success,
1789928184.434480,GET,GET /api/v1/reservas,4.898715,200,success,
1789928184.440747,GET,GET /api/v1/reservas/{id},3.115292,200,success,
1789928184.531492,GET,GET /api/v1/reservas/{id},7.483723,200,success,
1789928184.566881,GET,GET /api/v1/reservas,5.076624,200,success,
1789928184.662009,GET,GET /api/v1/reservas,5.754381,200,success,
1789928184.668232,GET,GET /api/v1/reservas/{id},3.060739,200,success,
1789928184.702688,GET,GET /api/v1/reservas,5.190918,200,success,
1789928184.877533,GET,GET /api/v1/reservas/{id},4.667124,200,success,
1789928184.899627,GET,GET /api/v1/reservas,4.833165,200,success,
1789928184.931834,GET,GET /api/v1/reservas,4.951684,200,success,
1789928184.967485,GET,GET /api/v1/reservas,5.369948,200,success,
1789928184.982173,GET,GET /api/v1/reservas,4.419017,200,success,
1789928185.025586,GET,GET /api/v1/reservas,5.152870,200,success,
1789928185.110014,GET,GET /api/v1/reservas,6.039184,200,success,
1789928185.125915,GET,GET /api/v1/reservas,4.627474,200,success,
1789928185.246006,GET,GET /api/v1/reservas,5.785137,200,success,
1789928185.251587,GET,GET /api/v1/reservas/{id},3.410449,200,success,
1789928185.266322,GET,GET /api/v1/reservas,4.510927,200,success,
1789928185.367260,GET,GET /api/v1/reservas/{id},4.659062,200,success,
1789928185.490158,GET,GET /api/v1/reservas/{id},4.594063,200,success,
1789928185.502838,GET,GET /api/v1/reservas/{id},3.160120,200,success,
1789928185.541301,GET,GET /api/v1/reservas,6.145103,200,success,
1789928185.560038,GET,GET /api/v1/reservas,6.414823,200,success,
1789928185.560434,GET,GET /api/v1/reservas,6.543317,200,success,
1789928185.576874,GET,GET /api/v1/reservas,5.153441,200,success,
1789928185.594651,GET,GET /api/v1/reservas,8.474434,200,success,
1789928185.643275,GET,GET /api/v1/reservas,8.247922,200,success,
1789928185.663244,GET,GET /api/v1/reservas,7.607310,200,success,
1789928185.674629,GET,GET /api/v1/reservas,8.110943,200,success,
1789928185.757895,GET,GET /api/v1/reservas,9.872684,200,success,
1789928185.796821,GET,GET /api/v1/reservas,8.438710,200,success,
1789928185.796967,GET,GET /api/v1/reservas,10.811076,200,success,
1789928185.827973,GET,GET /api/v1/reservas,9.758119,200,success,
1789928185.844917,GET,GET /api/v1/reservas/{id},4.722477,200,success,
1789928185.966880,GET,GET /api/v1/reservas/{id},4.659933,200,success,
1789928185.999423,GET,GET /api/v1/reservas,5.211578,200,success,
1789928186.055850,GET,GET /api/v1/reservas,5.135944,200,success,
1789928186.125588,GET,GET /api/v1/reservas,5.372303,200,success,
1789928186.267097,GET,GET /api/v1/reservas,6.050350,200,success,
1789928186.276918,GET,GET /api/v1/reservas,5.513115,200,success,
1789928186.318431,GET,GET /api/v1/reservas,6.188750,200,success,
1789928186.463372,GET,GET /api/v1/reservas,7.441510,200,success,
1789928186.492788,GET,GET /api/v1/reservas,8.024302,200,success,
1789928186.513407,GET,GET /api/v1/reservas/{id},7.391642,200,success,
1789928186.595751,GET,GET /api/v1/reservas,6.374622,200,success,
1789928186.633592,GET,GET /api/v1/reservas,5.546356,200,success,
1789928186.674209,GET,GET /api/v1/reservas,5.329757,200,success,
1789928186.685661,GET,GET /api/v1/reservas,4.239746,200,success,
1789928186.691815,GET,GET /api/v1/reservas,3.916196,200,success,
1789928186.714581,GET,GET /api/v1/reservas,4.535553,200,success,
1789928186.776904,GET,GET /api/v1/reservas,5.021280,200,success,
1789928186.795456,GET,GET /api/v1/reservas,4.267929,200,success,
1789928186.824895,GET,GET /api/v1/reservas/{id},6.464868,200,success,
1789928186.853410,GET,GET /api/v1/reservas,5.247394,200,success,
1789928186.877602,GET,GET /api/v1/reservas,4.872705,200,success,
1789928186.919030,GET,GET /api/v1/reservas,5.138147,200,success,
1789928186.922023,GET,GET /api/v1/reservas/{id},3.725527,200,success,
1789928186.928118,GET,GET /api/v1/reservas,4.819926,200,success,
1789928186.948630,GET,GET /api/v1/reservas,4.288670,200,success,
1789928186.956808,GET,GET /api/v1/reservas/{id},3.020699,200,success,
1789928187.022683,GET,GET /api/v1/reservas,5.577013,200,success,
1789928187.023643,GET,GET /api/v1/reservas/{id},3.908724,200,success,
1789928187.135063,GET,GET /api/v1/reservas,6.040104,200,success,
1789928187.139632,GET,GET /api/v1/reservas,5.346083,200,success,
1789928187.153689,GET,GET /api/v1/reservas,6.713546,200,success,
1789928187.156835,GET,GET /api/v1/reservas/{id},3.972351,200,success,
1789928187.178709,GET,GET /api/v1/reservas,4.601053,200,success,
1789928187.219792,GET,GET /api/v1/reservas,4.780546,200,success,
1789928187.308265,GET,GET /api/v1/reservas/{id},5.195785,200,success,
1789928187.423402,GET,GET /api/v1/reservas,5.749014,200,success,
1789928187.468550,GET,GET /api/v1/reservas/{id},3.931850,200,success,
1789928187.503633,GET,GET /api/v1/reservas,4.793615,200,success,
1789928187.555104,GET,GET /api/v1/reservas/{id},4.261108,200,success,
1789928187.559225,GET,GET /api/v1/reservas,4.625811,200,success,
1789928187.678454,GET,GET /api/v1/reservas,5.937179,200,success,
1789928187.756316,GET,GET /api/v1/reservas,6.512550,200,success,
1789928187.773458,GET,GET /api/v1/reservas/{id},5.951850,200,success,
1789928187.787529,GET,GET /api/v1/reservas/{id},3.905940,200,success,
1789928187.818861,GET,GET /api/v1/reservas,5.044636,200,success,
1789928187.843307,GET,GET /api/v1/reservas,5.161131,200,success,
1789928187.881700,GET,GET /api/v1/reservas,6.087236,200,success,
1789928187.924164,GET,GET /api/v1/reservas,6.131073,200,success,
1789928188.016595,GET,GET /api/v1/reservas/{id},8.116421,200,success,
1789928188.018154,GET,GET /api/v1/reservas,8.961803,200,success,
1789928188.066166,GET,GET /api/v1/reservas,6.600063,200,success,
1789928188.080178,GET,GET /api/v1/reservas/{id},5.666117,200,success,
1789928188.141098,GET,GET /api/v1/reservas,10.386603,200,success,
1789928188.149173,GET,GET /api/v1/reservas,5.749765,200,success,
1789928188.183623,GET,GET /api/v1/reservas,9.860444,200,success,
1789928188.238692,GET,GET /api/v1/reservas/{id},6.686676,200,success,
1789928188.239990,GET,GET /api/v1/reservas,8.962365,200,success,
1789928188.287409,GET,GET /api/v1/reservas,9.094525,200,success,
1789928188.320804,GET,GET /api/v1/reservas/{id},6.155499,200,success,
1789928188.342894,GET,GET /api/v1/reservas,5.764026,200,success,
1789928188.418435,GET,GET /api/v1/reservas,9.162387,200,success,
1789928188.513659,GET,GET /api/v1/reservas,11.776959,200,success,
1789928188.514078,GET,GET /api/v1/reservas/{id},7.006029,200,success,
1789928188.551838,GET,GET /api/v1/reservas/{id},5.546467,200,success,
1789928188.594976,GET,GET /api/v1/reservas/{id},7.182466,200,success,
1789928188.595473,GET,GET /api/v1/reservas,8.815822,200,success,
1789928188.599396,GET,GET /api/v1/reservas,6.098663,200,success,
1789928188.633383,GET,GET /api/v1/reservas,4.738312,200,success,
1789928188.656544,GET,GET /api/v1/reservas,4.864844,200,success,
1789928188.685453,GET,GET /api/v1/reservas/{id},3.713539,200,success,
1789928188.738752,GET,GET /api/v1/reservas,5.970660,200,success,
1789928188.868813,GET,GET /api/v1/reservas,6.737622,200,success,
1789928188.945712,GET,GET /api/v1/reservas,5.549440,200,success,
1789928188.951937,GET,GET /api/v1/reservas,3.958490,200,success,
1789928189.061281,GET,GET /api/v1/reservas,5.974124,200,success,
1789928189.068108,GET,GET /api/v1/reservas,4.590146,200,success,
1789928189.071299,GET,GET /api/v1/reservas/{id},4.321841,200,success,
1789928189.081509,GET,GET /api/v1/reservas/{id},3.048109,200,success,
1789928189.093145,GET,GET /api/v1/reservas,4.401271,200,success,
1789928189.261879,GET,GET /api/v1/reservas,6.354962,200,success,
1789928189.329561,GET,GET /api/v1/reservas/{id},4.450225,200,success,
1789928189.366805,GET,GET /api/v1/reservas,4.943613,200,success,
1789928189.386514,GET,GET /api/v1/reservas/{id},3.533917,200,success,
1789928189.402068,GET,GET /api/v1/reservas,4.288129,200,success,
1789928189.439753,GET,GET /api/v1/reservas,5.433424,200,success,
1789928189.511535,GET,GET /api/v1/reservas,5.469680,200,success,
1789928189.515642,GET,GET /api/v1/reservas/{id},2.953607,200,success,
1789928189.598331,GET,GET /api/v1/reservas,6.327080,200,success,
1789928189.599218,GET,GET /api/v1/reservas,4.462864,200,success,
1789928189.616785,GET,GET /api/v1/reservas/{id},3.418471,200,success,
1789928189.695201,GET,GET /api/v1/reservas/{id},3.442247,200,success,
1789928189.695701,GET,GET /api/v1/reservas,5.607069,200,success,
1789928189.736601,GET,GET /api/v1/reservas/{id},3.727380,200,success,
1789928189.776684,GET,GET /api/v1/reservas,4.824472,200,success,
1789928189.780839,GET,GET /api/v1/reservas/{id},3.002100,200,success,
1789928189.786209,GET,GET /api/v1/reservas,4.155328,200,success,
1789928189.816967,GET,GET /api/v1/reservas/{id},3.574618,200,success,
1789928189.849833,GET,GET /api/v1/reservas,4.806324,200,success,
1789928189.880661,GET,GET /api/v1/reservas,4.558489,200,success,
1789928189.944598,GET,GET /api/v1/reservas,5.596703,200,success,
1789928190.040006,GET,GET /api/v1/reservas,6.034086,200,success,
1789928190.044029,GET,GET /api/v1/reservas,4.703640,200,success,
1789928190.064735,GET,GET /api/v1/reservas,4.476045,200,success,
1789928190.105931,GET,GET /api/v1/reservas,4.900527,200,success,
1789928190.122537,GET,GET /api/v1/reservas,4.356613,200,success,
1789928190.182122,GET,GET /api/v1/reservas/{id},4.366649,200,success,
1789928190.188486,GET,GET /api/v1/reservas,4.118412,200,success,
1789928190.246866,GET,GET /api/v1/reservas,7.040551,200,success,
1789928190.370132,GET,GET /api/v1/reservas,16.165852,200,success,
1789928190.376857,GET,GET /api/v1/reservas,13.626574,200,success,
1789928190.432155,GET,GET /api/v1/reservas,5.920033,200,success,
1789928190.439681,GET,GET /api/v1/reservas/{id},3.358470,200,success,
1789928190.475919,GET,GET /api/v1/reservas,4.937784,200,success,
1789928190.500940,GET,GET /api/v1/reservas,4.450995,200,success,
1789928190.559546,GET,GET /api/v1/reservas,5.337289,200,success,
1789928190.614646,GET,GET /api/v1/reservas,5.469129,200,success,
1789928190.658942,GET,GET /api/v1/reservas,5.020720,200,success,
1789928190.681591,GET,GET /api/v1/reservas,4.400289,200,success,
1789928190.699337,GET,GET /api/v1/reservas,4.490496,200,success,
1789928190.707770,GET,GET /api/v1/reservas/{id},3.281374,200,success,
1789928190.728224,GET,GET /api/v1/reservas,5.116296,200,success,
1789928190.729754,GET,GET /api/v1/reservas,4.143440,200,success,
1789928190.822187,GET,GET /api/v1/reservas/{id},7.193743,200,success,
1789928190.849203,GET,GET /api/v1/reservas,7.667310,200,success,
1789928190.886318,GET,GET /api/v1/reservas,9.819032,200,success,
1789928190.911147,GET,GET /api/v1/reservas,6.497518,200,success,
1789928190.993372,GET,GET /api/v1/reservas,6.782991,200,success,
1789928191.035624,GET,GET /api/v1/reservas,10.846940,200,success,
1789928191.038515,GET,GET /api/v1/reservas,7.771439,200,success,
1789928191.058589,GET,GET /api/v1/reservas,6.768118,200,success,
1789928191.197159,GET,GET /api/v1/reservas,6.094116,200,success,
1789928191.250636,GET,GET /api/v1/reservas/{id},4.252456,200,success,
1789928191.326960,GET,GET /api/v1/reservas,5.975086,200,success,
1789928191.355920,GET,GET /api/v1/reservas/{id},3.747830,200,success,
1789928191.378539,GET,GET /api/v1/reservas,4.342322,200,success,
1789928191.410520,GET,GET /api/v1/reservas,4.721516,200,success,
1789928191.495665,GET,GET /api/v1/reservas,7.764919,200,success,
1789928191.503721,GET,GET /api/v1/reservas,5.989768,200,success,
1789928191.517742,GET,GET /api/v1/reservas/{id},6.768800,200,success,
1789928191.580656,GET,GET /api/v1/reservas,8.580746,200,success,
1789928191.609024,GET,GET /api/v1/reservas,7.033661,200,success,
1789928191.618592,GET,GET /api/v1/reservas,10.855854,200,success,
1789928191.637674,GET,GET /api/v1/reservas,7.746800,200,success,
1789928191.645039,GET,GET /api/v1/reservas/{id},4.148979,200,success,
1789928191.734909,GET,GET /api/v1/reservas,10.396258,200,success,
1789928191.760037,GET,GET /api/v1/reservas,7.744989,200,success,
1789928191.904161,GET,GET /api/v1/reservas,5.881274,200,success,
1789928191.947468,GET,GET /api/v1/reservas/{id},4.103500,200,success,
1789928191.977852,GET,GET /api/v1/reservas,5.110946,200,success,
1789928191.986214,GET,GET /api/v1/reservas,4.105182,200,success,
1789928192.018236,GET,GET /api/v1/reservas,4.759644,200,success,
1789928192.026569,GET,GET /api/v1/reservas,4.062638,200,success,
1789928192.034582,GET,GET /api/v1/reservas,4.791773,200,success,
1789928192.213392,GET,GET /api/v1/reservas,7.329118,200,success,
1789928192.220560,GET,GET /api/v1/reservas/{id},3.985721,200,success,
1789928192.227284,GET,GET /api/v1/reservas,5.415648,200,success,
1789928192.255356,GET,GET /api/v1/reservas/{id},3.862815,200,success,
1789928192.261783,GET,GET /api/v1/reservas,5.176195,200,success,
1789928192.286062,GET,GET /api/v1/reservas,5.006679,200,success,
1789928192.289879,GET,GET /api/v1/reservas,4.524548,200,success,
1789928192.311020,GET,GET /api/v1/reservas,4.876541,200,success,
1789928192.368924,GET,GET /api/v1/reservas/{id},4.682257,200,success,
1789928192.414028,GET,GET /api/v1/reservas,5.754372,200,success,
1789928192.467455,GET,GET /api/v1/reservas/{id},4.225585,200,success,
1789928192.475706,GET,GET /api/v1/reservas,4.025371,200,success,
1789928192.560557,GET,GET /api/v1/reservas/{id},4.597709,200,success,
1789928192.589598,GET,GET /api/v1/reservas,5.321676,200,success,
1789928192.676391,GET,GET /api/v1/reservas,7.396129,200,success,
1789928192.721126,GET,GET /api/v1/reservas,5.348205,200,success,
1789928192.730755,GET,GET /api/v1/reservas/{id},3.442137,200,success,
1789928192.747388,GET,GET /api/v1/reservas,4.384726,200,success,
1789928192.768069,GET,GET /api/v1/reservas/{id},3.500986,200,success,
1789928192.906359,GET,GET /api/v1/reservas,6.058482,200,success,
1789928192.916398,GET,GET /api/v1/reservas,4.797331,200,success,
1789928192.920705,GET,GET /api/v1/reservas/{id},3.147380,200,success,
1789928192.923619,GET,GET /api/v1/reservas,4.444526,200,success,
1789928192.925941,GET,GET /api/v1/reservas,4.019651,200,success,
1789928193.022781,GET,GET /api/v1/reservas,6.470166,200,success,
1789928193.029417,GET,GET /api/v1/reservas/{id},3.433915,200,success,
1789928193.060349,GET,GET /api/v1/reservas/{id},3.742192,200,success,
1789928193.131194,GET,GET /api/v1/reservas,5.510913,200,success,
1789928193.141681,GET,GET /api/v1/reservas/{id},3.316526,200,success,
1789928193.202952,GET,GET /api/v1/reservas/{id},4.056498,200,success,
1789928193.351158,GET,GET /api/v1/reservas/{id},4.849560,200,success,
1789928193.381956,GET,GET /api/v1/reservas/{id},3.612385,200,success,
1789928193.415382,GET,GET /api/v1/reservas,5.133450,200,success,
1789928193.462508,GET,GET /api/v1/reservas,5.852892,200,success,
1789928193.475997,GET,GET /api/v1/reservas,4.223082,200,success,
1789928193.580557,GET,GET /api/v1/reservas,17.989285,200,success,
1789928193.593686,GET,GET /api/v1/reservas/{id},12.981326,200,success,
1789928193.599630,GET,GET /api/v1/reservas,7.655392,200,success,
1789928193.617395,GET,GET /api/v1/reservas,4.516987,200,success,
1789928193.650347,GET,GET /api/v1/reservas,4.679764,200,success,
1789928193.656711,GET,GET /api/v1/reservas,4.811573,200,success,
1789928193.657176,GET,GET /api/v1/reservas,5.589822,200,success,
1789928193.680002,GET,GET /api/v1/reservas,4.550747,200,success,
1789928193.687218,GET,GET /api/v1/reservas,4.000022,200,success,
1789928193.770187,GET,GET /api/v1/reservas/{id},4.700314,200,success,
1789928193.773802,GET,GET /api/v1/reservas,4.435093,200,success,
1789928193.777816,GET,GET /api/v1/reservas,3.819991,200,success,
1789928193.812438,GET,GET /api/v1/reservas,5.320955,200,success,
1789928193.876272,GET,GET /api/v1/reservas,11.610338,200,success,
1789928193.959575,GET,GET /api/v1/reservas,5.914354,200,success,
1789928193.982733,GET,GET /api/v1/reservas,4.881669,200,success,
1789928193.983047,GET,GET /api/v1/reservas/{id},3.631144,200,success,
1789928194.023190,GET,GET /api/v1/reservas,4.869741,200,success,
1789928194.049879,GET,GET /api/v1/reservas,5.408817,200,success,
1789928194.080705,GET,GET /api/v1/reservas,4.527943,200,success,
1789928194.174736,GET,GET /api/v1/reservas,5.651546,200,success,
1789928194.245835,GET,GET /api/v1/reservas,5.773761,200,success,
1789928194.396126,GET,GET /api/v1/reservas,6.835530,200,success,
1789928194.396488,GET,GET /api/v1/reservas,6.822070,200,success,
1789928194.498316,GET,GET /api/v1/reservas,6.498459,200,success,
1789928194.518900,GET,GET /api/v1/reservas/{id},3.399662,200,success,
1789928194.573187,GET,GET /api/v1/reservas,5.943047,200,success,
1789928194.580110,GET,GET /api/v1/reservas,4.645711,200,success,
1789928194.597818,GET,GET /api/v1/reservas,4.434833,200,success,
1789928194.607222,GET,GET /api/v1/reservas/{id},3.232369,200,success,
1789928194.696302,GET,GET /api/v1/reservas/{id},4.388081,200,success,
1789928194.697161,GET,GET /api/v1/reservas,5.602251,200,success,
1789928194.789581,GET,GET /api/v1/reservas,6.084974,200,success,
1789928194.872537,GET,GET /api/v1/reservas/{id},4.913016,200,success,
1789928194.894211,GET,GET /api/v1/reservas,6.402853,200,success,
1789928194.898659,GET,GET /api/v1/reservas,5.889697,200,success,
1789928194.942914,GET,GET /api/v1/reservas/{id},4.043869,200,success,
1789928194.972920,GET,GET /api/v1/reservas,4.751302,200,success,
1789928194.997289,GET,GET /api/v1/reservas,5.124568,200,success,
1789928195.031349,GET,GET /api/v1/reservas,4.775959,200,success,
1789928195.071113,GET,GET /api/v1/reservas,5.435369,200,success,
1789928195.072757,GET,GET /api/v1/reservas,4.462403,200,success,
1789928195.126577,GET,GET /api/v1/reservas,5.527638,200,success,
1789928195.278840,GET,GET /api/v1/reservas/{id},5.002973,200,success,
1789928195.296617,GET,GET /api/v1/reservas/{id},3.554186,200,success,
1789928195.329956,GET,GET /api/v1/reservas,5.075482,200,success,
1789928195.346632,GET,GET /api/v1/reservas,4.391947,200,success,
1789928195.435607,GET,GET /api/v1/reservas,5.630474,200,success,
1789928195.475836,GET,GET /api/v1/reservas/{id},4.017790,200,success,
1789928195.485273,GET,GET /api/v1/reservas,4.202500,200,success,
1789928195.490372,GET,GET /api/v1/reservas,3.889555,200,success,
1789928195.537557,GET,GET /api/v1/reservas,5.613538,200,success,
1789928195.547771,GET,GET /api/v1/reservas,4.992726,200,success,
1789928195.646378,GET,GET /api/v1/reservas,6.261410,200,success,
1789928195.658198,GET,GET /api/v1/reservas,4.538710,200,success,
1789928195.692940,GET,GET /api/v1/reservas,5.465224,200,success,
1789928195.699250,GET,GET /api/v1/reservas,4.043519,200,success,
1789928195.807478,GET,GET /api/v1/reservas/{id},4.928951,200,success,
1789928195.817166,GET,GET /api/v1/reservas,4.422572,200,success,
1789928195.833675,GET,GET /api/v1/reservas/{id},3.524702,200,success,
1789928195.845077,GET,GET /api/v1/reservas,5.111818,200,success,
1789928195.900419,GET,GET /api/v1/reservas,9.111168,200,success,
1789928195.900938,GET,GET /api/v1/reservas,18.524787,200,success,
1789928195.957977,GET,GET /api/v1/reservas,10.645925,200,success,
1789928195.990123,GET,GET /api/v1/reservas/{id},10.881904,200,success,
1789928196.015060,GET,GET /api/v1/reservas,7.524414,200,success,
1789928196.124074,GET,GET /api/v1/reservas,7.518325,200,success,
1789928196.187968,GET,GET /api/v1/reservas/{id},6.113396,200,success,
1789928196.188776,GET,GET /api/v1/reservas,7.338292,200,success,
1789928196.267288,GET,GET /api/v1/reservas,6.191625,200,success,
1789928196.336020,GET,GET /api/v1/reservas,5.382047,200,success,
1789928196.373840,GET,GET /api/v1/reservas,7.530905,200,success,
1789928196.382422,GET,GET /api/v1/reservas,4.331766,200,success,
1789928196.444875,GET,GET /api/v1/reservas/{id},4.880778,200,success,
1789928196.445320,GET,GET /api/v1/reservas,5.671827,200,success,
1789928196.493544,GET,GET /api/v1/reservas/{id},4.024880,200,success,
1789928196.526350,GET,GET /api/v1/reservas/{id},3.618565,200,success,
1789928196.613227,GET,GET /api/v1/reservas,8.102750,200,success,
1789928196.658726,GET,GET /api/v1/reservas/{id},5.255295,200,success,
1789928196.698082,GET,GET /api/v1/reservas,6.023309,200,success,
1789928196.707239,GET,GET /api/v1/reservas,5.850398,200,success,
1789928196.712321,GET,GET /api/v1/reservas,4.881749,200,success,
1789928196.799935,GET,GET /api/v1/reservas/{id},6.382483,200,success,
1789928196.835409,GET,GET /api/v1/reservas/{id},6.133266,200,success,
1789928196.945084,GET,GET /api/v1/reservas/{id},5.370130,200,success,
1789928197.001797,GET,GET /api/v1/reservas,5.413354,200,success,
1789928197.029960,GET,GET /api/v1/reservas,4.872575,200,success,
1789928197.043453,GET,GET /api/v1/reservas,4.234098,200,success,
1789928197.091853,GET,GET /api/v1/reservas,5.094822,200,success,
1789928197.176272,GET,GET /api/v1/reservas,6.022367,200,success,
1789928197.178786,GET,GET /api/v1/reservas/{id},3.891338,200,success,
1789928197.179419,GET,GET /api/v1/reservas/{id},4.151443,200,success,
1789928197.210536,GET,GET /api/v1/reservas,4.829459,200,success,
1789928197.240560,GET,GET /api/v1/reservas,4.760315,200,success,
1789928197.356791,GET,GET /api/v1/reservas,5.823266,200,success,
1789928197.426216,GET,GET /api/v1/reservas,6.110152,200,success,
1789928197.448046,GET,GET /api/v1/reservas,4.574092,200,success,
1789928197.496235,GET,GET /api/v1/reservas,4.885896,200,success,
1789928197.517798,GET,GET /api/v1/reservas,4.295510,200,success,
1789928197.526169,GET,GET /api/v1/reservas/{id},3.214352,200,success,
1789928197.583781,GET,GET /api/v1/reservas,7.342188,200,success,
1789928197.602205,GET,GET /api/v1/reservas/{id},4.224774,200,success,
1789928197.675037,GET,GET /api/v1/reservas,7.450052,200,success,
1789928197.697179,GET,GET /api/v1/reservas,5.831288,200,success,
1789928197.724851,GET,GET /api/v1/reservas,5.407026,200,success,
1789928197.727100,GET,GET /api/v1/reservas,4.916052,200,success,
1789928197.729228,GET,GET /api/v1/reservas,5.398141,200,success,
1789928197.758483,GET,GET /api/v1/reservas,4.981561,200,success,
1789928197.781158,GET,GET /api/v1/reservas/{id},4.479219,200,success,
1789928197.781687,GET,GET /api/v1/reservas/{id},3.634227,200,success,
1789928197.799951,GET,GET /api/v1/reservas,5.006418,200,success,
1789928197.834158,GET,GET /api/v1/reservas,5.851398,200,success,
1789928197.841787,GET,GET /api/v1/reservas/{id},3.462158,200,success,
1789928197.912496,GET,GET /api/v1/reservas/{id},4.489054,200,success,
1789928197.942290,GET,GET /api/v1/reservas/{id},3.595830,200,success,
1789928198.023905,GET,GET /api/v1/reservas,6.244094,200,success,
1789928198.044654,GET,GET /api/v1/reservas,4.434541,200,success,
1789928198.086125,GET,GET /api/v1/reservas/{id},4.276912,200,success,
1789928198.206894,GET,GET /api/v1/reservas,6.347079,200,success,
1789928198.209750,GET,GET /api/v1/reservas/{id},3.645515,200,success,
1789928198.221131,GET,GET /api/v1/reservas,4.101196,200,success,
1789928198.265953,GET,GET /api/v1/reservas,5.511063,200,success,
1789928198.377822,GET,GET /api/v1/reservas,7.299753,200,success,
1789928198.389202,GET,GET /api/v1/reservas,9.061644,200,success,
1789928198.394366,GET,GET /api/v1/reservas,4.924855,200,success,
1789928198.448121,GET,GET /api/v1/reservas,6.369234,200,success,
1789928198.466684,GET,GET /api/v1/reservas,6.473751,200,success,
1789928198.542963,GET,GET /api/v1/reservas,6.914320,200,success,
1789928198.602385,GET,GET /api/v1/reservas/{id},8.577561,200,success,
1789928198.607263,GET,GET /api/v1/reservas/{id},5.748323,200,success,
1789928198.632308,GET,GET /api/v1/reservas,10.701489,200,success,
1789928198.745099,GET,GET /api/v1/reservas,8.207590,200,success,
1789928198.909078,GET,GET /api/v1/reservas/{id},5.498724,200,success,
1789928198.956754,GET,GET /api/v1/reservas,5.379874,200,success,
1789928198.980701,GET,GET /api/v1/reservas,4.651601,200,success,
1789928199.025218,GET,GET /api/v1/reservas,5.208864,200,success,
1789928199.062659,GET,GET /api/v1/reservas,5.143955,200,success,
1789928199.131725,GET,GET /api/v1/reservas,5.730085,200,success,
1789928199.139517,GET,GET /api/v1/reservas,4.533471,200,success,
1789928199.180536,GET,GET /api/v1/reservas,5.696454,200,success,
1789928199.201941,GET,GET /api/v1/reservas,5.117015,200,success,
1789928199.229435,GET,GET /api/v1/reservas,5.200513,200,success,
1789928199.254226,GET,GET /api/v1/reservas,6.468313,200,success,
1789928199.298641,GET,GET /api/v1/reservas,5.125719,200,success,
1789928199.346011,GET,GET /api/v1/reservas,5.062834,200,success,
1789928199.370864,GET,GET /api/v1/reservas,5.562731,200,success,
1789928199.371295,GET,GET /api/v1/reservas,4.355592,200,success,
1789928199.399496,GET,GET /api/v1/reservas,4.909552,200,success,
1789928199.400082,GET,GET /api/v1/reservas/{id},4.023799,200,success,
1789928199.424298,GET,GET /api/v1/reservas,4.946176,200,success,
1789928199.507276,GET,GET /api/v1/reservas/{id},4.708647,200,success,
1789928199.627388,GET,GET /api/v1/reservas,5.739419,200,success,
1789928199.701223,GET,GET /api/v1/reservas,5.508308,200,success,
1789928199.710577,GET,GET /api/v1/reservas/{id},3.192719,200,success,
1789928199.739422,GET,GET /api/v1/reservas,4.593031,200,success,
1789928199.819208,GET,GET /api/v1/reservas,5.444612,200,success,
1789928199.848240,GET,GET /api/v1/reservas,4.909191,200,success,
1789928199.941086,GET,GET /api/v1/reservas/{id},4.582615,200,success,
1789928200.025114,GET,GET /api/v1/reservas,6.640084,200,success,
1789928200.027855,GET,GET /api/v1/reservas,4.633844,200,success,
1789928200.064096,GET,GET /api/v1/reservas/{id},3.380804,200,success,
1789928200.064478,GET,GET /api/v1/reservas,5.350259,200,success,
1789928200.140300,GET,GET /api/v1/reservas,5.499575,200,success,
1789928200.199639,GET,GET /api/v1/reservas,6.008837,200,success,
1789928200.203305,GET,GET /api/v1/reservas,5.948866,200,success,
1789928200.231341,GET,GET /api/v1/reservas,4.739703,200,success,
1789928200.247929,GET,GET /api/v1/reservas,4.352397,200,success,
1789928200.333924,GET,GET /api/v1/reservas/{id},4.802779,200,success,
1789928200.350553,GET,GET /api/v1/reservas/{id},3.439674,200,success,
1789928200.362912,GET,GET /api/v1/reservas,7.056405,200,success,
1789928200.391847,GET,GET /api/v1/reservas,7.566938,200,success,
1789928200.400382,GET,GET /api/v1/reservas,7.154804,200,success,
1789928200.412884,GET,GET /api/v1/reservas,8.223083,200,success,
1789928200.423052,GET,GET /api/v1/reservas,4.849721,200,success,
1789928200.511484,GET,GET /api/v1/reservas,5.645658,200,success,
1789928200.561811,GET,GET /api/v1/reservas/{id},4.126434,200,success,
1789928200.607368,GET,GET /api/v1/reservas/{id},4.918025,200,success,
1789928200.626570,GET,GET /api/v1/reservas,5.870788,200,success,
1789928200.746463,GET,GET /api/v1/reservas,6.463787,200,success,
1789928200.755063,GET,GET /api/v1/reservas,5.247974,200,success,
1789928200.792182,GET,GET /api/v1/reservas,5.796374,200,success,
1789928200.843398,GET,GET /api/v1/reservas/{id},4.114957,200,success,
1789928200.934549,GET,GET /api/v1/reservas,5.801663,200,success,
1789928200.952182,GET,GET /api/v1/reservas,4.350405,200,success,
1789928200.989723,GET,GET /api/v1/reservas,5.279833,200,success,
1789928200.999175,GET,GET /api/v1/reservas,4.182359,200,success,
1789928201.002051,GET,GET /api/v1/reservas,4.515223,200,success,
1789928201.006224,GET,GET /api/v1/reservas,4.791122,200,success,
1789928201.067852,GET,GET /api/v1/reservas,5.359243,200,success,
1789928201.153692,GET,GET /api/v1/reservas,8.379029,200,success,
1789928201.190085,GET,GET /api/v1/reservas,8.047076,200,success,
1789928201.192108,GET,GET /api/v1/reservas,6.198354,200,success,
1789928201.207600,GET,GET /api/v1/reservas,5.160481,200,success,
1789928201.213318,GET,GET /api/v1/reservas,5.508419,200,success,
1789928201.306536,GET,GET /api/v1/reservas/{id},6.911145,200,success,
1789928201.362674,GET,GET /api/v1/reservas/{id},7.726079,200,success,
1789928201.363377,GET,GET /api/v1/reservas,7.689324,200,success,
1789928201.399402,GET,GET /api/v1/reservas,6.754868,200,success,
1789928201.409778,GET,GET /api/v1/reservas,6.103029,200,success,
1789928201.430493,GET,GET /api/v1/reservas,5.458452,200,success,
1789928201.466791,GET,GET /api/v1/reservas,5.014761,200,success,
1789928201.481052,GET,GET /api/v1/reservas,4.983894,200,success,
1789928201.541433,GET,GET /api/v1/reservas/{id},4.165684,200,success,
1789928201.645651,GET,GET /api/v1/reservas,5.856857,200,success,
1789928201.655051,GET,GET /api/v1/reservas,4.160777,200,success,
1789928201.752937,GET,GET /api/v1/reservas/{id},4.620944,200,success,
1789928201.814914,GET,GET /api/v1/reservas,7.551335,200,success,
1789928201.864864,GET,GET /api/v1/reservas,6.643540,200,success,
1789928201.914423,GET,GET /api/v1/reservas/{id},6.300860,200,success,
1789928201.933283,GET,GET /api/v1/reservas,7.506788,200,success,
1789928201.944513,GET,GET /api/v1/reservas,8.622067,200,success,
1789928202.043733,GET,GET /api/v1/reservas,8.780469,200,success,
1789928202.081716,GET,GET /api/v1/reservas,8.679135,200,success,
1789928202.083564,GET,GET /api/v1/reservas,8.635188,200,success,
1789928202.107932,GET,GET /api/v1/reservas,6.033044,200,success,
1789928202.108329,GET,GET /api/v1/reservas/{id},4.768678,200,success,
1789928202.133286,GET,GET /api/v1/reservas,4.665100,200,success,
1789928202.196971,GET,GET /api/v1/reservas,5.331130,200,success,
1789928202.244261,GET,GET /api/v1/reservas/{id},4.063189,200,success,
1789928202.395471,GET,GET /api/v1/reservas,5.780471,200,success,
1789928202.461238,GET,GET /api/v1/reservas,5.468709,200,success,
1789928202.525760,GET,GET /api/v1/reservas,5.238530,200,success,
1789928202.638124,GET,GET /api/v1/reservas/{id},4.672353,200,success,
1789928202.679106,GET,GET /api/v1/reservas,5.648031,200,success,
1789928202.722531,GET,GET /api/v1/reservas,6.120367,200,success,
1789928202.747852,GET,GET /api/v1/reservas,5.051255,200,success,
1789928202.786923,GET,GET /api/v1/reservas,5.801264,200,success,
1789928202.845421,GET,GET /api/v1/reservas/{id},4.446008,200,success,
1789928202.887589,GET,GET /api/v1/reservas,5.858220,200,success,
1789928202.906448,GET,GET /api/v1/reservas,6.372187,200,success,
1789928202.947081,GET,GET /api/v1/reservas,5.332322,200,success,
1789928202.957608,GET,GET /api/v1/reservas,4.302030,200,success,
1789928202.979319,GET,GET /api/v1/reservas/{id},3.576441,200,success,
1789928203.043822,GET,GET /api/v1/reservas/{id},4.302090,200,success,
1789928203.049481,GET,GET /api/v1/reservas,4.388913,200,success,
1789928203.075210,GET,GET /api/v1/reservas/{id},3.527566,200,success,
1789928203.176394,GET,GET /api/v1/reservas,5.819400,200,success,
1789928203.210060,GET,GET /api/v1/reservas,5.394005,200,success,
1789928203.304122,GET,GET /api/v1/reservas,5.744467,200,success,
1789928203.316726,GET,GET /api/v1/reservas/{id},3.427885,200,success,
1789928203.318495,GET,GET /api/v1/reservas/{id},3.637523,200,success,
1789928203.429318,GET,GET /api/v1/reservas,6.431558,200,success,
1789928203.464268,GET,GET /api/v1/reservas/{id},3.753408,200,success,
1789928203.508118,GET,GET /api/v1/reservas,5.511264,200,success,
1789928203.541280,GET,GET /api/v1/reservas,21.359394,200,success,
1789928203.573545,GET,GET /api/v1/reservas,14.725629,200,success,
1789928203.581163,GET,GET /api/v1/reservas,14.694272,200,success,
1789928203.590489,GET,GET /api/v1/reservas/{id},4.126775,200,success,
1789928203.620816,GET,GET /api/v1/reservas,7.588421,200,success,
1789928203.652338,GET,GET /api/v1/reservas,6.149601,200,success,
1789928203.660466,GET,GET /api/v1/reservas,4.811732,200,success,
1789928203.707072,GET,GET /api/v1/reservas/{id},4.400500,200,success,
1789928203.708170,GET,GET /api/v1/reservas,4.784082,200,success,
1789928203.741917,GET,GET /api/v1/reservas,5.499476,200,success,
1789928203.805980,GET,GET /api/v1/reservas,5.687180,200,success,
1789928203.892305,GET,GET /api/v1/reservas,11.990694,200,success,
1789928203.943087,GET,GET /api/v1/reservas,5.470361,200,success,
1789928203.995128,GET,GET /api/v1/reservas,5.673099,200,success,
1789928203.996389,GET,GET /api/v1/reservas,4.357204,200,success,
1789928204.024705,GET,GET /api/v1/reservas,5.071616,200,success,
1789928204.060621,GET,GET /api/v1/reservas/{id},4.323573,200,success,
1789928204.061721,GET,GET /api/v1/reservas,5.762474,200,success,
1789928204.065759,GET,GET /api/v1/reservas,4.932676,200,success,
1789928204.106498,GET,GET /api/v1/reservas,5.437451,200,success,
1789928204.138468,GET,GET /api/v1/reservas,4.711311,200,success,
1789928204.166688,GET,GET /api/v1/reservas,4.976263,200,success,
1789928204.223552,GET,GET /api/v1/reservas,6.574304,200,success,
1789928204.278853,GET,GET /api/v1/reservas,5.977580,200,success,
1789928204.314188,GET,GET /api/v1/reservas,5.022754,200,success,
1789928204.358694,GET,GET /api/v1/reservas,5.227934,200,success,
1789928204.368920,GET,GET /api/v1/reservas,3.987775,200,success,
1789928204.401785,GET,GET /api/v1/reservas/{id},3.702442,200,success,
1789928204.447054,GET,GET /api/v1/reservas,4.967759,200,success,
1789928204.475644,GET,GET /api/v1/reservas,5.350870,200,success,
1789928204.506591,GET,GET /api/v1/reservas,4.673202,200,success,
1789928204.511956,GET,GET /api/v1/reservas,4.151642,200,success,
1789928204.671686,GET,GET /api/v1/reservas,5.848414,200,success,
1789928204.680180,GET,GET /api/v1/reservas,4.223822,200,success,
1789928204.849161,GET,GET /api/v1/reservas,6.662959,200,success,
1789928204.939324,GET,GET /api/v1/reservas,5.792259,200,success,
1789928205.027403,GET,GET /api/v1/reservas/{id},4.808968,200,success,
1789928205.072366,GET,GET /api/v1/reservas/{id},4.708967,200,success,
1789928205.106478,GET,GET /api/v1/reservas,5.797257,200,success,
1789928205.124432,GET,GET /api/v1/reservas,5.614270,200,success,
1789928205.201584,GET,GET /api/v1/reservas/{id},4.899195,200,success,
1789928205.245456,GET,GET /api/v1/reservas/{id},4.640724,200,success,
1789928205.320668,GET,GET /api/v1/reservas,5.876938,200,success,
1789928205.385223,GET,GET /api/v1/reservas,6.228410,200,success,
1789928205.395037,GET,GET /api/v1/reservas,5.517843,200,success,
1789928205.438169,GET,GET /api/v1/reservas,5.842455,200,success,
1789928205.470639,GET,GET /api/v1/reservas,5.177367,200,success,
1789928205.513724,GET,GET /api/v1/reservas/{id},4.495214,200,success,
1789928205.571767,GET,GET /api/v1/reservas,8.720396,200,success,
1789928205.580395,GET,GET /api/v1/reservas,4.372778,200,success,
1789928205.588168,GET,GET /api/v1/reservas/{id},3.609611,200,success,
1789928205.625326,GET,GET /api/v1/reservas,4.914579,200,success,
1789928205.732136,GET,GET /api/v1/reservas/{id},4.540912,200,success,
1789928205.759277,GET,GET /api/v1/reservas,4.866075,200,success,
1789928205.827405,GET,GET /api/v1/reservas,5.797607,200,success,
1789928205.861460,GET,GET /api/v1/reservas,4.970433,200,success,
1789928205.870003,GET,GET /api/v1/reservas,4.257573,200,success,
1789928205.926842,GET,GET /api/v1/reservas,6.520592,200,success,
1789928205.952182,GET,GET /api/v1/reservas,5.035573,200,success,
1789928206.016112,GET,GET /api/v1/reservas,5.557805,200,success,
1789928206.028502,GET,GET /api/v1/reservas,5.085198,200,success,
1789928206.106512,GET,GET /api/v1/reservas/{id},4.763230,200,success,
1789928206.124780,GET,GET /api/v1/reservas/{id},3.418962,200,success,
1789928206.125180,GET,GET /api/v1/reservas,5.403580,200,success,
1789928206.141545,GET,GET /api/v1/reservas,4.158342,200,success,
1789928206.155549,GET,GET /api/v1/reservas,4.722988,200,success,
1789928206.206330,GET,GET /api/v1/reservas,5.453586,200,success,
1789928206.290106,GET,GET /api/v1/reservas,7.375058,200,success,
1789928206.311635,GET,GET /api/v1/reservas,6.234969,200,success,
1789928206.333883,GET,GET /api/v1/reservas,5.925130,200,success,
1789928206.374004,GET,GET /api/v1/reservas,6.763481,200,success,
1789928206.397975,GET,GET /api/v1/reservas,6.661867,200,success,
1789928206.413280,GET,GET /api/v1/reservas,7.960114,200,success,
1789928206.444361,GET,GET /api/v1/reservas,6.745083,200,success,
1789928206.453976,GET,GET /api/v1/reservas/{id},4.870232,200,success,
1789928206.506144,GET,GET /api/v1/reservas/{id},6.883934,200,success,
1789928206.640334,GET,GET /api/v1/reservas/{id},5.374326,200,success,
1789928206.682124,GET,GET /api/v1/reservas/{id},4.566341,200,success,
1789928206.691147,GET,GET /api/v1/reservas,4.735998,200,success,
1789928206.843479,GET,GET /api/v1/reservas/{id},5.999764,200,success,
1789928206.847490,GET,GET /api/v1/reservas,6.140357,200,success,
1789928206.857926,GET,GET /api/v1/reservas,4.175868,200,success,
1789928206.931151,GET,GET /api/v1/reservas,6.904405,200,success,
1789928206.989354,GET,GET /api/v1/reservas,7.843748,200,success,
1789928207.037649,GET,GET /api/v1/reservas,7.924061,200,success,
1789928207.104260,GET,GET /api/v1/reservas,7.229157,200,success,
1789928207.226960,GET,GET /api/v1/reservas,7.230389,200,success,
1789928207.255483,GET,GET /api/v1/reservas,5.196527,200,success,
1789928207.264565,GET,GET /api/v1/reservas,4.789469,200,success,
1789928207.265678,GET,GET /api/v1/reservas,4.314429,200,success,
1789928207.281258,GET,GET /api/v1/reservas,4.350023,200,success,
1789928207.337578,GET,GET /api/v1/reservas,7.016755,200,success,
1789928207.371615,GET,GET /api/v1/reservas,8.640376,200,success,
1789928207.458016,GET,GET /api/v1/reservas,6.010840,200,success,
1789928207.466229,GET,GET /api/v1/reservas,3.950778,200,success,
1789928207.489877,GET,GET /api/v1/reservas,5.371632,200,success,
1789928207.529945,GET,GET /api/v1/reservas,4.785223,200,success,
1789928207.617694,GET,GET /api/v1/reservas,6.392890,200,success,
1789928207.618078,GET,GET /api/v1/reservas,4.939246,200,success,
1789928207.723336,GET,GET /api/v1/reservas,5.878259,200,success,
1789928207.795709,GET,GET /api/v1/reservas,7.027011,200,success,
1789928207.824269,GET,GET /api/v1/reservas/{id},4.373678,200,success,
1789928207.837749,GET,GET /api/v1/reservas,5.220953,200,success,
1789928207.841399,GET,GET /api/v1/reservas,4.300417,200,success,
1789928207.896122,GET,GET /api/v1/reservas,5.605787,200,success,
1789928207.913780,GET,GET /api/v1/reservas/{id},4.489174,200,success,
1789928207.914706,GET,GET /api/v1/reservas,4.992808,200,success,
1789928207.921868,GET,GET /api/v1/reservas/{id},3.016452,200,success,
1789928207.939296,GET,GET /api/v1/reservas/{id},3.256687,200,success,
1789928208.013020,GET,GET /api/v1/reservas,5.385553,200,success,
1789928208.042867,GET,GET /api/v1/reservas/{id},3.631826,200,success,
1789928208.075031,GET,GET /api/v1/reservas,4.843451,200,success,
1789928208.211017,GET,GET /api/v1/reservas,6.523577,200,success,
1789928208.219539,GET,GET /api/v1/reservas/{id},3.341213,200,success,
1789928208.270075,GET,GET /api/v1/reservas,5.216286,200,success,
1789928208.341904,GET,GET /api/v1/reservas/{id},4.591028,200,success,
1789928208.358696,GET,GET /api/v1/reservas,4.548114,200,success,
1789928208.381929,GET,GET /api/v1/reservas,5.006658,200,success,
1789928208.388946,GET,GET /api/v1/reservas,3.813439,200,success,
1789928208.432003,GET,GET /api/v1/reservas,4.821448,200,success,
1789928208.441372,GET,GET /api/v1/reservas,4.150491,200,success,
1789928208.605505,GET,GET /api/v1/reservas,6.134558,200,success,
1789928208.616241,GET,GET /api/v1/reservas,7.437231,200,success,
1789928208.721055,GET,GET /api/v1/reservas,10.027448,200,success,
1789928208.756678,GET,GET /api/v1/reservas,6.305667,200,success,
1789928208.765001,GET,GET /api/v1/reservas,5.008051,200,success,
1789928208.811969,GET,GET /api/v1/reservas,12.451894,200,success,
1789928208.815126,GET,GET /api/v1/reservas,9.755575,200,success,
1789928208.869935,GET,GET /api/v1/reservas,7.668594,200,success,
1789928208.918207,GET,GET /api/v1/reservas/{id},10.971989,200,success,
1789928208.921419,GET,GET /api/v1/reservas,13.422834,200,success,
1789928208.964066,GET,GET /api/v1/reservas,10.167019,200,success,
1789928208.967235,GET,GET /api/v1/reservas,8.321632,200,success,
1789928209.033483,GET,GET /api/v1/reservas,8.913981,200,success,
1789928209.058445,GET,GET /api/v1/reservas,6.725684,200,success,
1789928209.058865,GET,GET /api/v1/reservas,6.694446,200,success,
1789928209.079530,GET,GET /api/v1/reservas,8.166707,200,success,
1789928209.128457,GET,GET /api/v1/reservas,7.491846,200,success,
1789928209.185446,GET,GET /api/v1/reservas,8.590921,200,success,
1789928209.214328,GET,GET /api/v1/reservas/{id},5.622802,200,success,
1789928209.254686,GET,GET /api/v1/reservas,11.985416,200,success,
1789928209.270087,GET,GET /api/v1/reservas,5.118708,200,success,
1789928209.285385,GET,GET /api/v1/reservas,5.001481,200,success,
1789928209.286422,GET,GET /api/v1/reservas,4.493049,200,success,
1789928209.304052,GET,GET /api/v1/reservas,4.353808,200,success,
1789928209.313374,GET,GET /api/v1/reservas/{id},3.164306,200,success,
1789928209.439556,GET,GET /api/v1/reservas,5.710185,200,success,
1789928209.476390,GET,GET /api/v1/reservas,6.466391,200,success,
1789928209.506226,GET,GET /api/v1/reservas,5.501219,200,success,
1789928209.515819,GET,GET /api/v1/reservas,4.333268,200,success,
1789928209.572437,GET,GET /api/v1/reservas,5.309687,200,success,
1789928209.749203,GET,GET /api/v1/reservas/{id},4.894518,200,success,
1789928209.749949,GET,GET /api/v1/reservas,6.073776,200,success,
1789928209.769725,GET,GET /api/v1/reservas/{id},3.576571,200,success,
1789928209.902022,GET,GET /api/v1/reservas,6.034856,200,success,
1789928209.918301,GET,GET /api/v1/reservas,5.008541,200,success,
1789928209.942247,GET,GET /api/v1/reservas,4.631430,200,success,
1789928209.945122,GET,GET /api/v1/reservas,3.917057,200,success,
1789928210.012346,GET,GET /api/v1/reservas,5.900964,200,success,
1789928210.022830,GET,GET /api/v1/reservas,4.227478,200,success,
1789928210.052622,GET,GET /api/v1/reservas/{id},3.616111,200,success,
1789928210.205236,GET,GET /api/v1/reservas,6.169020,200,success,
1789928210.207999,GET,GET /api/v1/reservas,4.092032,200,success,
1789928210.228053,GET,GET /api/v1/reservas,4.774066,200,success,
1789928210.231173,GET,GET /api/v1/reservas,4.331656,200,success,
1789928210.233696,GET,GET /api/v1/reservas,4.439178,200,success,
1789928210.240974,GET,GET /api/v1/reservas/{id},3.127290,200,success,
1789928210.289151,GET,GET /api/v1/reservas/{id},3.965340,200,success,
1789928210.345053,GET,GET /api/v1/reservas/{id},4.684080,200,success,
1789928210.407183,GET,GET /api/v1/reservas,6.764903,200,success,
1789928210.529699,GET,GET /api/v1/reservas,5.768915,200,success,
1789928210.641380,GET,GET /api/v1/reservas,5.871760,200,success,
1789928210.676348,GET,GET /api/v1/reservas,4.703489,200,success,
1789928210.737771,GET,GET /api/v1/reservas/{id},4.251394,200,success,
1789928210.786851,GET,GET /api/v1/reservas,5.796717,200,success,
1789928210.833135,GET,GET /api/v1/reservas,4.974621,200,success,
1789928210.860113,GET,GET /api/v1/reservas/{id},3.957588,200,success,
1789928210.910519,GET,GET /api/v1/reservas/{id},4.203320,200,success,
1789928210.917824,GET,GET /api/v1/reservas,4.054856,200,success,
1789928210.959979,GET,GET /api/v1/reservas,4.869621,200,success,
1789928211.030608,GET,GET /api/v1/reservas,5.306763,200,success,
1789928211.044708,GET,GET /api/v1/reservas/{id},3.912631,200,success,
1789928211.147550,GET,GET /api/v1/reservas/{id},4.550607,200,success,
1789928211.172544,GET,GET /api/v1/reservas,4.714085,200,success,
1789928211.184776,GET,GET /api/v1/reservas,4.012390,200,success,
1789928211.199099,GET,GET /api/v1/reservas/{id},3.170396,200,success,
1789928211.221928,GET,GET /api/v1/reservas,4.562195,200,success,
1789928211.281792,GET,GET /api/v1/reservas,5.602732,200,success,
1789928211.282224,GET,GET /api/v1/reservas,5.643483,200,success,
1789928211.320315,GET,GET /api/v1/reservas/{id},3.913923,200,success,
1789928211.392177,GET,GET /api/v1/reservas,5.554629,200,success,
1789928211.404885,GET,GET /api/v1/reservas,5.399894,200,success,
1789928211.407864,GET,GET /api/v1/reservas,4.827536,200,success,
1789928211.476425,GET,GET /api/v1/reservas,7.175866,200,success,
1789928211.476774,GET,GET /api/v1/reservas/{id},4.650879,200,success,
1789928211.484018,GET,GET /api/v1/reservas,5.958492,200,success,
1789928211.503102,GET,GET /api/v1/reservas,5.772299,200,success,
1789928211.571012,GET,GET /api/v1/reservas,7.527639,200,success,
1789928211.589432,GET,GET /api/v1/reservas/{id},6.170812,200,success,
1789928211.600462,GET,GET /api/v1/reservas,7.715214,200,success,
1789928211.616496,GET,GET /api/v1/reservas,6.676529,200,success,
1789928211.653246,GET,GET /api/v1/reservas/{id},5.499065,200,success,
1789928211.715156,GET,GET /api/v1/reservas,6.514334,200,success,
1789928211.768926,GET,GET /api/v1/reservas,6.404788,200,success,
1789928211.769503,GET,GET /api/v1/reservas,4.310483,200,success,
1789928211.776656,GET,GET /api/v1/reservas,3.939851,200,success,
1789928211.792046,GET,GET /api/v1/reservas,4.153775,200,success,
1789928211.840598,GET,GET /api/v1/reservas,5.262716,200,success,
1789928211.876756,GET,GET /api/v1/reservas/{id},4.174207,200,success,
1789928211.933356,GET,GET /api/v1/reservas,5.313974,200,success,
1789928211.980886,GET,GET /api/v1/reservas,5.220543,200,success,
1789928212.095460,GET,GET /api/v1/reservas,6.238395,200,success,
1789928212.209008,GET,GET /api/v1/reservas,7.096676,200,success,
1789928212.239094,GET,GET /api/v1/reservas,10.645174,200,success,
1789928212.243202,GET,GET /api/v1/reservas,6.116110,200,success,
1789928212.390352,GET,GET /api/v1/reservas,6.693535,200,success,
1789928212.476576,GET,GET /api/v1/reservas,15.851354,200,success,
1789928212.476948,GET,GET /api/v1/reservas,22.158474,200,success,
1789928212.503402,GET,GET /api/v1/reservas,5.169756,200,success,
1789928212.532634,GET,GET /api/v1/reservas,15.273849,200,success,
1789928212.532773,GET,GET /api/v1/reservas,25.157220,200,success,
1789928212.580365,GET,GET /api/v1/reservas,5.312101,200,success,
1789928212.608355,GET,GET /api/v1/reservas,4.692332,200,success,
1789928212.641359,GET,GET /api/v1/reservas,4.746103,200,success,
1789928212.861480,GET,GET /api/v1/reservas,6.629798,200,success,
1789928212.881811,GET,GET /api/v1/reservas,6.031592,200,success,
1789928212.908746,GET,GET /api/v1/reservas,8.579082,200,success,
1789928212.938578,GET,GET /api/v1/reservas/{id},4.580973,200,success,
1789928212.957126,GET,GET /api/v1/reservas,5.270619,200,success,
1789928213.000405,GET,GET /api/v1/reservas,5.000579,200,success,
1789928213.156851,GET,GET /api/v1/reservas/{id},5.045878,200,success,
1789928213.174739,GET,GET /api/v1/reservas,4.571529,200,success,
1789928213.181475,GET,GET /api/v1/reservas,4.491607,200,success,
1789928213.185583,GET,GET /api/v1/reservas,3.925660,200,success,
1789928213.195787,GET,GET /api/v1/reservas,3.980213,200,success,
1789928213.251388,GET,GET /api/v1/reservas/{id},4.438198,200,success,
1789928213.283208,GET,GET /api/v1/reservas,6.498559,200,success,
1789928213.287797,GET,GET /api/v1/reservas,5.408517,200,success,
1789928213.322243,GET,GET /api/v1/reservas/{id},4.247297,200,success,
1789928213.336632,GET,GET /api/v1/reservas,5.069804,200,success,
1789928213.338977,GET,GET /api/v1/reservas,4.786835,200,success,
1789928213.375080,GET,GET /api/v1/reservas,4.823811,200,success,
1789928213.548464,GET,GET /api/v1/reservas,5.919432,200,success,
1789928213.583823,GET,GET /api/v1/reservas,17.504381,200,success,
1789928213.584341,GET,GET /api/v1/reservas,17.588288,200,success,
1789928213.584781,GET,GET /api/v1/reservas,12.625676,200,success,
1789928213.603333,GET,GET /api/v1/reservas/{id},4.382463,200,success,
1789928213.746437,GET,GET /api/v1/reservas/{id},4.776970,200,success,
1789928213.758212,GET,GET /api/v1/reservas,4.481112,200,success,
1789928213.799341,GET,GET /api/v1/reservas/{id},3.932991,200,success,
1789928213.855871,GET,GET /api/v1/reservas/{id},4.301250,200,success,
1789928213.867258,GET,GET /api/v1/reservas,5.111228,200,success,
1789928213.921092,GET,GET /api/v1/reservas,6.470668,200,success,
1789928213.921858,GET,GET /api/v1/reservas,5.432123,200,success,
1789928213.939606,GET,GET /api/v1/reservas,4.476094,200,success,
1789928214.010612,GET,GET /api/v1/reservas,5.713019,200,success,
1789928214.115471,GET,GET /api/v1/reservas/{id},4.565409,200,success,
1789928214.125409,GET,GET /api/v1/reservas,4.662246,200,success,
1789928214.153392,GET,GET /api/v1/reservas,4.718812,200,success,
1789928214.170162,GET,GET /api/v1/reservas,4.503686,200,success,
1789928214.174675,GET,GET /api/v1/reservas,5.096755,200,success,
1789928214.207757,GET,GET /api/v1/reservas,4.811723,200,success,
1789928214.234212,GET,GET /api/v1/reservas,5.205910,200,success,
1789928214.263475,GET,GET /api/v1/reservas,5.001501,200,success,
1789928214.333921,GET,GET /api/v1/reservas,8.137493,200,success,
1789928214.355803,GET,GET /api/v1/reservas,4.620773,200,success,
1789928214.396358,GET,GET /api/v1/reservas,5.275767,200,success,
1789928214.404779,GET,GET /api/v1/reservas,4.158043,200,success,
1789928214.452146,GET,GET /api/v1/reservas,5.101213,200,success,
1789928214.619943,GET,GET /api/v1/reservas,5.912211,200,success,
1789928214.651092,GET,GET /api/v1/reservas,4.822118,200,success,
1789928214.654937,GET,GET /api/v1/reservas,5.046879,200,success,
1789928214.655295,GET,GET /api/v1/reservas/{id},3.044483,200,success,
1789928214.668482,GET,GET /api/v1/reservas/{id},3.031566,200,success,
1789928214.677703,GET,GET /api/v1/reservas,3.961114,200,success,
1789928214.756769,GET,GET /api/v1/reservas,5.697525,200,success,
1789928214.814529,GET,GET /api/v1/reservas,5.439425,200,success,
1789928214.872232,GET,GET /api/v1/reservas,5.597073,200,success,
1789928214.883716,GET,GET /api/v1/reservas,4.224053,200,success,
1789928214.888770,GET,GET /api/v1/reservas,3.836215,200,success,
1789928214.938164,GET,GET /api/v1/reservas/{id},4.203672,200,success,
1789928215.008195,GET,GET /api/v1/reservas,5.691386,200,success,
1789928215.011239,GET,GET /api/v1/reservas,4.073404,200,success,
1789928215.088344,GET,GET /api/v1/reservas,5.762083,200,success,
1789928215.156011,GET,GET /api/v1/reservas,5.312532,200,success,
1789928215.212952,GET,GET /api/v1/reservas,5.610133,200,success,
1789928215.265524,GET,GET /api/v1/reservas,6.201380,200,success,
1789928215.312148,GET,GET /api/v1/reservas,5.339213,200,success,
1789928215.335558,GET,GET /api/v1/reservas,5.096154,200,success,
1789928215.337539,GET,GET /api/v1/reservas/{id},3.490039,200,success,
1789928215.426726,GET,GET /api/v1/reservas,5.781573,200,success,
1789928215.428895,GET,GET /api/v1/reservas/{id},3.292140,200,success,
1789928215.521768,GET,GET /api/v1/reservas,7.141585,200,success,
1789928215.539371,GET,GET /api/v1/reservas,5.321305,200,success,
1789928215.582619,GET,GET /api/v1/reservas,5.004154,200,success,
1789928215.622262,GET,GET /api/v1/reservas,5.400475,200,success,
1789928215.691669,GET,GET /api/v1/reservas,6.065553,200,success,
1789928215.713186,GET,GET /api/v1/reservas,4.224874,200,success,
1789928215.732946,GET,GET /api/v1/reservas,4.521061,200,success,
1789928215.741843,GET,GET /api/v1/reservas,4.666773,200,success,
1789928215.752190,GET,GET /api/v1/reservas,4.136440,200,success,
1789928215.842396,GET,GET /api/v1/reservas,5.819731,200,success,
1789928215.893337,GET,GET /api/v1/reservas,5.809205,200,success,
1789928215.967715,GET,GET /api/v1/reservas,8.009499,200,success,
1789928215.977288,GET,GET /api/v1/reservas,5.294314,200,success,
1789928215.980330,GET,GET /api/v1/reservas/{id},3.865488,200,success,
1789928216.020031,GET,GET /api/v1/reservas,5.415137,200,success,
1789928216.057023,GET,GET /api/v1/reservas/{id},3.769332,200,success,
1789928216.100189,GET,GET /api/v1/reservas/{id},3.958570,200,success,
1789928216.121076,GET,GET /api/v1/reservas,4.578840,200,success,
1789928216.130315,GET,GET /api/v1/reservas,4.005711,200,success,
1789928216.143409,GET,GET /api/v1/reservas,4.834679,200,success,
1789928216.184022,GET,GET /api/v1/reservas,5.337961,200,success,
1789928216.238482,GET,GET /api/v1/reservas,5.190447,200,success,
1789928216.284493,GET,GET /api/v1/reservas,5.679578,200,success,
1789928216.320700,GET,GET /api/v1/reservas,4.931564,200,success,
1789928216.360331,GET,GET /api/v1/reservas,5.362658,200,success,
1789928216.403454,GET,GET /api/v1/reservas,4.857832,200,success,
1789928216.461091,GET,GET /api/v1/reservas,5.318651,200,success,
1789928216.478548,GET,GET /api/v1/reservas/{id},3.289516,200,success,
1789928216.526584,GET,GET /api/v1/reservas/{id},3.849705,200,success,
1789928216.538690,GET,GET /api/v1/reservas,4.862249,200,success,
1789928216.608564,GET,GET /api/v1/reservas,6.991146,200,success,
1789928216.674023,GET,GET /api/v1/reservas,7.104378,200,success,
1789928216.683548,GET,GET /api/v1/reservas,6.264754,200,success,
1789928216.773940,GET,GET /api/v1/reservas,7.024867,200,success,
1789928216.800205,GET,GET /api/v1/reservas,7.801625,200,success,
1789928216.808244,GET,GET /api/v1/reservas,6.692755,200,success,
1789928216.882663,GET,GET /api/v1/reservas,6.004851,200,success,
1789928216.887897,GET,GET /api/v1/reservas,3.993814,200,success,
1789928217.021225,GET,GET /api/v1/reservas,5.880584,200,success,
1789928217.037769,GET,GET /api/v1/reservas,4.274520,200,success,
1789928217.095346,GET,GET /api/v1/reservas,5.291299,200,success,
1789928217.099955,GET,GET /api/v1/reservas/{id},3.430510,200,success,
1789928217.101268,GET,GET /api/v1/reservas/{id},3.202855,200,success,
1789928217.111326,GET,GET /api/v1/reservas,4.474092,200,success,
1789928217.111695,GET,GET /api/v1/reservas,5.228584,200,success,
1789928217.134579,GET,GET /api/v1/reservas,4.663830,200,success,
1789928217.157156,GET,GET /api/v1/reservas,5.288275,200,success,
1789928217.253295,GET,GET /api/v1/reservas,6.716930,200,success,
1789928217.326555,GET,GET /api/v1/reservas,6.927850,200,success,
1789928217.454995,GET,GET /api/v1/reservas,9.037426,200,success,
1789928217.460105,GET,GET /api/v1/reservas/{id},3.910177,200,success,
1789928217.560351,GET,GET /api/v1/reservas/{id},4.949322,200,success,
1789928217.576963,GET,GET /api/v1/reservas,12.404441,200,success,
1789928217.577347,GET,GET /api/v1/reservas,14.778128,200,success,
1789928217.626890,GET,GET /api/v1/reservas,4.562926,200,success,
1789928217.627077,GET,GET /api/v1/reservas,6.458560,200,success,
1789928217.676649,GET,GET /api/v1/reservas,5.278871,200,success,
1789928217.678289,GET,GET /api/v1/reservas,5.280192,200,success,
1789928217.699967,GET,GET /api/v1/reservas,4.438436,200,success,
1789928217.724495,GET,GET /api/v1/reservas/{id},5.313824,200,success,
1789928217.814781,GET,GET /api/v1/reservas,5.903087,200,success,
1789928217.936575,GET,GET /api/v1/reservas,6.428093,200,success,
1789928217.937023,GET,GET /api/v1/reservas,5.195444,200,success,
1789928217.944241,GET,GET /api/v1/reservas,3.999352,200,success,
1789928217.971920,GET,GET /api/v1/reservas/{id},3.502679,200,success,
1789928217.978042,GET,GET /api/v1/reservas/{id},2.960398,200,success,
1789928218.008800,GET,GET /api/v1/reservas/{id},3.585014,200,success,
1789928218.034643,GET,GET /api/v1/reservas,4.586482,200,success,
1789928218.060313,GET,GET /api/v1/reservas/{id},3.481676,200,success,
1789928218.141241,GET,GET /api/v1/reservas,6.562526,200,success,
1789928218.167448,GET,GET /api/v1/reservas,4.891304,200,success,
1789928218.170429,GET,GET /api/v1/reservas,4.208859,200,success,
1789928218.190252,GET,GET /api/v1/reservas,4.566382,200,success,
1789928218.192689,GET,GET /api/v1/reservas,4.424325,200,success,
1789928218.257426,GET,GET /api/v1/reservas/{id},4.504337,200,success,
1789928218.277405,GET,GET /api/v1/reservas,4.699962,200,success,
1789928218.393479,GET,GET /api/v1/reservas/{id},4.764242,200,success,
1789928218.455248,GET,GET /api/v1/reservas,5.445474,200,success,
1789928218.467822,GET,GET /api/v1/reservas,4.308159,200,success,
1789928218.544558,GET,GET /api/v1/reservas/{id},4.479840,200,success,
1789928218.584711,GET,GET /api/v1/reservas,4.879605,200,success,
1789928218.590974,GET,GET /api/v1/reservas,4.020483,200,success,
1789928218.803491,GET,GET /api/v1/reservas,5.982627,200,success,
1789928218.817099,GET,GET /api/v1/reservas,4.328881,200,success,
1789928218.836729,GET,GET /api/v1/reservas/{id},3.462587,200,success,
1789928218.891099,GET,GET /api/v1/reservas,5.221284,200,success,
1789928219.046509,GET,GET /api/v1/reservas,8.911977,200,success,
1789928219.048582,GET,GET /api/v1/reservas,7.320455,200,success,
1789928219.068191,GET,GET /api/v1/reservas,6.246016,200,success,
1789928219.072307,GET,GET /api/v1/reservas,5.719318,200,success,
1789928219.090341,GET,GET /api/v1/reservas,5.746320,200,success,
1789928219.122563,GET,GET /api/v1/reservas,7.953444,200,success,
1789928219.134460,GET,GET /api/v1/reservas,5.582191,200,success,
1789928219.156718,GET,GET /api/v1/reservas/{id},4.064842,200,success,
1789928219.279670,GET,GET /api/v1/reservas,9.387457,200,success,
1789928219.282971,GET,GET /api/v1/reservas/{id},5.933272,200,success,
1789928219.324075,GET,GET /api/v1/reservas,10.813020,200,success,
1789928219.325597,GET,GET /api/v1/reservas,11.785333,200,success,
1789928219.326484,GET,GET /api/v1/reservas/{id},10.044374,200,success,
1789928219.356540,GET,GET /api/v1/reservas,9.109116,200,success,
1789928219.367909,GET,GET /api/v1/reservas/{id},4.185324,200,success,
1789928219.393093,GET,GET /api/v1/reservas,7.868065,200,success,
1789928219.485116,GET,GET /api/v1/reservas,7.566749,200,success,
1789928219.522441,GET,GET /api/v1/reservas,9.223129,200,success,
1789928219.618429,GET,GET /api/v1/reservas,6.605551,200,success,
1789928219.647213,GET,GET /api/v1/reservas/{id},3.591894,200,success,
1789928219.751132,GET,GET /api/v1/reservas/{id},4.648566,200,success,
1789928219.810783,GET,GET /api/v1/reservas,5.332312,200,success,
1789928219.863299,GET,GET /api/v1/reservas,5.228595,200,success,
1789928219.872516,GET,GET /api/v1/reservas/{id},3.044194,200,success,
1789928219.937539,GET,GET /api/v1/reservas,5.722213,200,success,
1789928219.946763,GET,GET /api/v1/reservas,3.961994,200,success,
1789928220.005852,GET,GET /api/v1/reservas,6.647606,200,success,
1789928220.008933,GET,GET /api/v1/reservas,6.007465,200,success,
1789928220.027489,GET,GET /api/v1/reservas,5.299071,200,success,
1789928220.047706,GET,GET /api/v1/reservas/{id},4.025471,200,success,
1789928220.075342,GET,GET /api/v1/reservas,5.331671,200,success,
1789928220.098004,GET,GET /api/v1/reservas,5.345892,200,success,
1789928220.107406,GET,GET /api/v1/reservas,5.097777,200,success,
1789928220.175331,GET,GET /api/v1/reservas,6.582497,200,success,
1789928220.201527,GET,GET /api/v1/reservas,5.884518,200,success,
1789928220.205295,GET,GET /api/v1/reservas,4.902671,200,success,
1789928220.291096,GET,GET /api/v1/reservas,6.412840,200,success,
1789928220.393924,GET,GET /api/v1/reservas,6.415314,200,success,
1789928220.484730,GET,GET /api/v1/reservas,5.944379,200,success,
1789928220.485133,GET,GET /api/v1/reservas,6.878135,200,success,
1789928220.496868,GET,GET /api/v1/reservas,4.485759,200,success,
1789928220.500192,GET,GET /api/v1/reservas/{id},4.380350,200,success,
1789928220.501583,GET,GET /api/v1/reservas,5.347416,200,success,
1789928220.556758,GET,GET /api/v1/reservas,4.898255,200,success,
1789928220.682347,GET,GET /api/v1/reservas,5.824587,200,success,
1789928220.705592,GET,GET /api/v1/reservas/{id},4.033463,200,success,
1789928220.743905,GET,GET /api/v1/reservas,5.988897,200,success,
1789928220.744996,GET,GET /api/v1/reservas/{id},4.481582,200,success,
1789928220.745930,GET,GET /api/v1/reservas,4.984214,200,success,
1789928220.800277,GET,GET /api/v1/reservas/{id},4.157682,200,success,
1789928220.831286,GET,GET /api/v1/reservas/{id},3.808523,200,success,
1789928220.848043,GET,GET /api/v1/reservas/{id},3.570983,200,success,
1789928220.854319,GET,GET /api/v1/reservas,5.010594,200,success,
1789928220.997420,GET,GET /api/v1/reservas,6.822972,200,success,
1789928221.070493,GET,GET /api/v1/reservas,5.730115,200,success,
1789928221.092857,GET,GET /api/v1/reservas,5.077225,200,success,
1789928221.111032,GET,GET /api/v1/reservas,5.874794,200,success,
1789928221.154624,GET,GET /api/v1/reservas,6.272827,200,success,
1789928221.223951,GET,GET /api/v1/reservas,6.010509,200,success,
1789928221.314315,GET,GET /api/v1/reservas,7.968978,200,success,
1789928221.365569,GET,GET /api/v1/reservas,7.893073,200,success,
1789928221.385689,GET,GET /api/v1/reservas,5.846521,200,success,
1789928221.476405,GET,GET /api/v1/reservas/{id},10.429788,200,success,
1789928221.476529,GET,GET /api/v1/reservas/{id},8.403437,200,success,
1789928221.485756,GET,GET /api/v1/reservas,4.931304,200,success,
1789928221.516001,GET,GET /api/v1/reservas,4.954729,200,success,
1789928221.554975,GET,GET /api/v1/reservas,5.683284,200,success,
1789928221.657050,GET,GET /api/v1/reservas,5.742973,200,success,
1789928221.681740,GET,GET /api/v1/reservas/{id},3.514246,200,success,
1789928221.706756,GET,GET /api/v1/reservas,4.759384,200,success,
1789928221.776372,GET,GET /api/v1/reservas,8.256204,200,success,
1789928221.798948,GET,GET /api/v1/reservas,6.210763,200,success,
1789928221.859837,GET,GET /api/v1/reservas,8.128700,200,success,
1789928221.883770,GET,GET /api/v1/reservas,8.328673,200,success,
1789928221.899541,GET,GET /api/v1/reservas,7.433936,200,success,
1789928221.918396,GET,GET /api/v1/reservas,6.531489,200,success,
1789928221.935793,GET,GET /api/v1/reservas,6.072073,200,success,
1789928222.019588,GET,GET /api/v1/reservas,6.396095,200,success,
1789928222.051873,GET,GET /api/v1/reservas,5.921585,200,success,
1789928222.114010,GET,GET /api/v1/reservas/{id},5.878891,200,success,
1789928222.115154,GET,GET /api/v1/reservas,5.778929,200,success,
1789928222.115588,GET,GET /api/v1/reservas,5.945511,200,success,
1789928222.128133,GET,GET /api/v1/reservas/{id},3.390168,200,success,
1789928222.145426,GET,GET /api/v1/reservas,5.036284,200,success,
1789928222.152821,GET,GET /api/v1/reservas,4.151422,200,success,
1789928222.171670,GET,GET /api/v1/reservas,4.567562,200,success,
1789928222.175488,GET,GET /api/v1/reservas,4.783750,200,success,
1789928222.184096,GET,GET /api/v1/reservas,4.326467,200,success,
1789928222.293486,GET,GET /api/v1/reservas,6.015648,200,success,
1789928222.453683,GET,GET /api/v1/reservas,7.768514,200,success,
1789928222.552095,GET,GET /api/v1/reservas,6.965737,200,success,
1789928222.619375,GET,GET /api/v1/reservas,10.310257,200,success,
1789928222.711308,GET,GET /api/v1/reservas,7.494950,200,success,
1789928222.736346,GET,GET /api/v1/reservas/{id},4.805253,200,success,
1789928222.752202,GET,GET /api/v1/reservas/{id},4.588966,200,success,
1789928222.767385,GET,GET /api/v1/reservas/{id},4.997765,200,success,
1789928222.809328,GET,GET /api/v1/reservas,7.603285,200,success,
1789928222.863352,GET,GET /api/v1/reservas,5.680290,200,success,
1789928222.897715,GET,GET /api/v1/reservas,5.244008,200,success,
1789928222.957349,GET,GET /api/v1/reservas,8.347942,200,success,
1789928222.983522,GET,GET /api/v1/reservas/{id},4.957955,200,success,
1789928223.000254,GET,GET /api/v1/reservas,5.462019,200,success,
1789928223.004680,GET,GET /api/v1/reservas,5.189325,200,success,
1789928223.034704,GET,GET /api/v1/reservas/{id},3.850986,200,success,
1789928223.045246,GET,GET /api/v1/reservas,4.289652,200,success,
1789928223.077229,GET,GET /api/v1/reservas,4.732964,200,success,
1789928223.171152,GET,GET /api/v1/reservas,6.566743,200,success,
1789928223.247083,GET,GET /api/v1/reservas,5.574759,200,success,
1789928223.359349,GET,GET /api/v1/reservas,5.902036,200,success,
1789928223.369369,GET,GET /api/v1/reservas,4.794897,200,success,
1789928223.377409,GET,GET /api/v1/reservas,3.836184,200,success,
1789928223.388975,GET,GET /api/v1/reservas,4.336763,200,success,
1789928223.390979,GET,GET /api/v1/reservas,4.867548,200,success,
1789928223.404422,GET,GET /api/v1/reservas,4.168137,200,success,
1789928223.500904,GET,GET /api/v1/reservas,6.118324,200,success,
1789928223.516812,GET,GET /api/v1/reservas,4.632271,200,success,
1789928223.534727,GET,GET /api/v1/reservas,14.610644,200,success,
1789928223.556170,GET,GET /api/v1/reservas,6.049479,200,success,
1789928223.607571,GET,GET /api/v1/reservas,7.019078,200,success,
1789928223.691343,GET,GET /api/v1/reservas/{id},5.471733,200,success,
1789928223.739472,GET,GET /api/v1/reservas,5.799511,200,success,
1789928223.756742,GET,GET /api/v1/reservas,5.021391,200,success,
1789928223.782632,GET,GET /api/v1/reservas/{id},4.713754,200,success,
1789928223.783941,GET,GET /api/v1/reservas,4.329172,200,success,
1789928223.841362,GET,GET /api/v1/reservas,5.162565,200,success,
1789928223.890136,GET,GET /api/v1/reservas,8.261001,200,success,
1789928223.927697,GET,GET /api/v1/reservas/{id},4.347590,200,success,
1789928224.043073,GET,GET /api/v1/reservas,5.949818,200,success,
1789928224.108546,GET,GET /api/v1/reservas/{id},5.205050,200,success,
1789928224.119135,GET,GET /api/v1/reservas/{id},3.396339,200,success,
1789928224.177421,GET,GET /api/v1/reservas/{id},4.068005,200,success,
1789928224.187028,GET,GET /api/v1/reservas,4.296312,200,success,
1789928224.226675,GET,GET /api/v1/reservas,5.362809,200,success,
1789928224.282242,GET,GET /api/v1/reservas,6.261180,200,success,
1789928224.354166,GET,GET /api/v1/reservas,5.563172,200,success,
1789928224.367631,GET,GET /api/v1/reservas,4.228219,200,success,
1789928224.384171,GET,GET /api/v1/reservas,6.261110,200,success,
1789928224.502563,GET,GET /api/v1/reservas,6.007685,200,success,
1789928224.546581,GET,GET /api/v1/reservas/{id},3.822834,200,success,
1789928224.589165,GET,GET /api/v1/reservas/{id},3.940402,200,success,
1789928224.616018,GET,GET /api/v1/reservas/{id},3.652055,200,success,
1789928224.632685,GET,GET /api/v1/reservas,4.406338,200,success,
1789928224.648751,GET,GET /api/v1/reservas,4.801127,200,success,
1789928224.704228,GET,GET /api/v1/reservas,6.192626,200,success,
1789928224.704893,GET,GET /api/v1/reservas,6.438728,200,success,
1789928224.709488,GET,GET /api/v1/reservas,5.096715,200,success,
1789928224.724120,GET,GET /api/v1/reservas,4.362602,200,success,
1789928224.748894,GET,GET /api/v1/reservas,4.515435,200,success,
1789928224.773881,GET,GET /api/v1/reservas/{id},3.795473,200,success,
1789928224.803706,GET,GET /api/v1/reservas,5.561699,200,success,
1789928224.915711,GET,GET /api/v1/reservas,5.820162,200,success,
1789928225.060647,GET,GET /api/v1/reservas,6.526752,200,success,
1789928225.091817,GET,GET /api/v1/reservas,4.819866,200,success,
1789928225.102979,GET,GET /api/v1/reservas/{id},3.981123,200,success,
1789928225.226567,GET,GET /api/v1/reservas,7.156636,200,success,
1789928225.241442,GET,GET /api/v1/reservas/{id},4.615615,200,success,
1789928225.261601,GET,GET /api/v1/reservas,5.835604,200,success,
1789928225.263483,GET,GET /api/v1/reservas,5.093220,200,success,
1789928225.312137,GET,GET /api/v1/reservas,7.390542,200,success,
1789928225.330220,GET,GET /api/v1/reservas,4.825374,200,success,
1789928225.380286,GET,GET /api/v1/reservas,5.769324,200,success,
1789928225.382075,GET,GET /api/v1/reservas/{id},3.895875,200,success,
1789928225.415958,GET,GET /api/v1/reservas,4.634595,200,success,
1789928225.422203,GET,GET /api/v1/reservas,4.007835,200,success,
1789928225.488592,GET,GET /api/v1/reservas/{id},4.159175,200,success,
1789928225.499949,GET,GET /api/v1/reservas/{id},3.194382,200,success,
1789928225.594521,GET,GET /api/v1/reservas,6.181289,200,success,
1789928225.595369,GET,GET /api/v1/reservas,4.382472,200,success,
1789928225.615021,GET,GET /api/v1/reservas,4.398126,200,success,
1789928225.665887,GET,GET /api/v1/reservas,5.566908,200,success,
1789928225.668911,GET,GET /api/v1/reservas,3.980483,200,success,
1789928225.809781,GET,GET /api/v1/reservas/{id},4.576277,200,success,
1789928225.895374,GET,GET /api/v1/reservas/{id},4.425218,200,success,
1789928225.938748,GET,GET /api/v1/reservas/{id},4.172624,200,success,
1789928225.939785,GET,GET /api/v1/reservas,4.533761,200,success,
1789928226.049129,GET,GET /api/v1/reservas,5.986323,200,success,
1789928226.070887,GET,GET /api/v1/reservas,5.476782,200,success,
1789928226.074725,GET,GET /api/v1/reservas,4.957273,200,success,
1789928226.115248,GET,GET /api/v1/reservas,5.257058,200,success,
1789928226.126757,GET,GET /api/v1/reservas/{id},3.345040,200,success,
1789928226.156125,GET,GET /api/v1/reservas,5.044646,200,success,
1789928226.156734,GET,GET /api/v1/reservas,4.108537,200,success,
1789928226.214228,GET,GET /api/v1/reservas,4.531820,200,success,
1789928226.214661,GET,GET /api/v1/reservas,6.683099,200,success,
1789928226.251791,GET,GET /api/v1/reservas,4.883692,200,success,
1789928226.309818,GET,GET /api/v1/reservas,5.747632,200,success,
1789928226.335877,GET,GET /api/v1/reservas/{id},3.871298,200,success,
1789928226.339816,GET,GET /api/v1/reservas,4.510998,200,success,
1789928226.373461,GET,GET /api/v1/reservas/{id},3.478172,200,success,
1789928226.379101,GET,GET /api/v1/reservas,4.420851,200,success,
1789928226.430051,GET,GET /api/v1/reservas,4.686142,200,success,
1789928226.448448,GET,GET /api/v1/reservas/{id},3.249765,200,success,
1789928226.523576,GET,GET /api/v1/reservas,5.822975,200,success,
1789928226.542734,GET,GET /api/v1/reservas,4.920418,200,success,
1789928226.606845,GET,GET /api/v1/reservas,5.348848,200,success,
1789928226.667027,GET,GET /api/v1/reservas/{id},3.946321,200,success,
1789928226.704153,GET,GET /api/v1/reservas,4.870912,200,success,
1789928226.708263,GET,GET /api/v1/reservas/{id},2.963192,200,success,
1789928226.720321,GET,GET /api/v1/reservas,4.798693,200,success,
1789928226.748928,GET,GET /api/v1/reservas/{id},3.422617,200,success,
1789928226.777732,GET,GET /api/v1/reservas,4.531788,200,success,
1789928226.834309,GET,GET /api/v1/reservas,5.269616,200,success,
1789928226.914947,GET,GET /api/v1/reservas/{id},6.877394,200,success,
1789928226.915807,GET,GET /api/v1/reservas,7.094924,200,success,
1789928226.922978,GET,GET /api/v1/reservas,4.898614,200,success,
1789928226.954571,GET,GET /api/v1/reservas,7.265793,200,success,
1789928226.956358,GET,GET /api/v1/reservas,6.246208,200,success,
1789928226.962001,GET,GET /api/v1/reservas,4.378807,200,success,
1789928227.009485,GET,GET /api/v1/reservas/{id},8.259639,200,success,
1789928227.140305,GET,GET /api/v1/reservas,8.891817,200,success,
1789928227.176636,GET,GET /api/v1/reservas,7.495650,200,success,
1789928227.176996,GET,GET /api/v1/reservas,22.374492,200,success,
1789928227.285146,GET,GET /api/v1/reservas,6.743030,200,success,
1789928227.331527,GET,GET /api/v1/reservas/{id},4.174918,200,success,
1789928227.357830,GET,GET /api/v1/reservas,5.051616,200,success,
1789928227.361594,GET,GET /api/v1/reservas,4.338486,200,success,
1789928227.365246,GET,GET /api/v1/reservas/{id},3.567286,200,success,
1789928227.429596,GET,GET /api/v1/reservas/{id},4.151783,200,success,
1789928227.573948,GET,GET /api/v1/reservas/{id},6.004041,200,success,
1789928227.636910,GET,GET /api/v1/reservas,6.568585,200,success,
1789928227.671782,GET,GET /api/v1/reservas,8.555948,200,success,
1789928227.714233,GET,GET /api/v1/reservas,10.047219,200,success,
1789928227.782877,GET,GET /api/v1/reservas/{id},8.339931,200,success,
1789928227.880253,GET,GET /api/v1/reservas/{id},5.272290,200,success,
1789928227.885066,GET,GET /api/v1/reservas,6.158664,200,success,
1789928227.925482,GET,GET /api/v1/reservas,5.120662,200,success,
1789928227.947124,GET,GET /api/v1/reservas,4.397395,200,success,
1789928227.997777,GET,GET /api/v1/reservas,5.388988,200,success,
1789928228.094908,GET,GET /api/v1/reservas,5.766860,200,success,
1789928228.109107,GET,GET /api/v1/reservas,4.902972,200,success,
1789928228.226417,GET,GET /api/v1/reservas/{id},4.997124,200,success,
1789928228.229744,GET,GET /api/v1/reservas/{id},3.215734,200,success,
1789928228.245523,GET,GET /api/v1/reservas,6.487823,200,success,
1789928228.248247,GET,GET /api/v1/reservas/{id},3.764246,200,success,
1789928228.301803,GET,GET /api/v1/reservas/{id},4.364765,200,success,
1789928228.341623,GET,GET /api/v1/reservas/{id},3.633606,200,success,
1789928228.365764,GET,GET /api/v1/reservas,4.848368,200,success,
1789928228.469544,GET,GET /api/v1/reservas/{id},4.539891,200,success,
1789928228.491164,GET,GET /api/v1/reservas/{id},3.440464,200,success,
1789928228.598569,GET,GET /api/v1/reservas,6.614887,200,success,
1789928228.668169,GET,GET /api/v1/reservas/{id},4.379008,200,success,
1789928228.725483,GET,GET /api/v1/reservas/{id},5.137827,200,success,
1789928228.729199,GET,GET /api/v1/reservas/{id},4.411296,200,success,
1789928228.764532,GET,GET /api/v1/reservas,5.040761,200,success,
1789928228.845560,GET,GET /api/v1/reservas,5.668812,200,success,
1789928228.862270,GET,GET /api/v1/reservas/{id},3.520717,200,success,
1789928228.868174,GET,GET /api/v1/reservas,4.648475,200,success,
1789928228.876008,GET,GET /api/v1/reservas,4.588275,200,success,
1789928228.884216,GET,GET /api/v1/reservas/{id},3.066027,200,success,
1789928228.905837,GET,GET /api/v1/reservas,4.387260,200,success,
1789928228.935570,GET,GET /api/v1/reservas,5.479054,200,success,
1789928228.937689,GET,GET /api/v1/reservas,4.547182,200,success,
1789928229.005285,GET,GET /api/v1/reservas/{id},4.369033,200,success,
1789928229.046040,GET,GET /api/v1/reservas,6.384075,200,success,
1789928229.054289,GET,GET /api/v1/reservas/{id},5.037545,200,success,
1789928229.146567,GET,GET /api/v1/reservas,5.896727,200,success,
1789928229.159099,GET,GET /api/v1/reservas,4.266216,200,success,
1789928229.205117,GET,GET /api/v1/reservas,5.718887,200,success,
1789928229.205544,GET,GET /api/v1/reservas,4.487511,200,success,
1789928229.213949,GET,GET /api/v1/reservas,4.166284,200,success,
1789928229.230434,GET,GET /api/v1/reservas,4.224223,200,success,
1789928229.234267,GET,GET /api/v1/reservas,4.514031,200,success,
1789928229.265099,GET,GET /api/v1/reservas,5.511384,200,success,
1789928229.285501,GET,GET /api/v1/reservas,5.140892,200,success,
1789928229.291127,GET,GET /api/v1/reservas,6.273849,200,success,
1789928229.291262,GET,GET /api/v1/reservas,5.639627,200,success,
1789928229.312741,GET,GET /api/v1/reservas/{id},3.335546,200,success,
1789928229.329883,GET,GET /api/v1/reservas,4.911985,200,success,
1789928229.369024,GET,GET /api/v1/reservas,5.810447,200,success,
1789928229.381107,GET,GET /api/v1/reservas,4.777110,200,success,
1789928229.389922,GET,GET /api/v1/reservas,5.531284,200,success,
1789928229.405864,GET,GET /api/v1/reservas,5.679989,200,success,
1789928229.447969,GET,GET /api/v1/reservas,6.734868,200,success,
1789928229.448400,GET,GET /api/v1/reservas/{id},4.360259,200,success,
1789928229.720942,GET,GET /api/v1/reservas,6.958286,200,success,
1789928229.749534,GET,GET /api/v1/reservas,7.188836,200,success,
1789928229.791879,GET,GET /api/v1/reservas,8.928182,200,success,
1789928229.809514,GET,GET /api/v1/reservas/{id},7.414017,200,success,
1789928229.849871,GET,GET /api/v1/reservas,17.949004,200,success,
1789928229.898777,GET,GET /api/v1/reservas,7.204030,200,success,
1789928229.902352,GET,GET /api/v1/reservas,5.037365,200,success,
1789928229.926084,GET,GET /api/v1/reservas,6.416054,200,success,
1789928229.960083,GET,GET /api/v1/reservas,5.719118,200,success,
1789928230.038050,GET,GET /api/v1/reservas,5.608891,200,success,
1789928230.076185,GET,GET /api/v1/reservas,5.854173,200,success,
1789928230.145826,GET,GET /api/v1/reservas/{id},4.413319,200,success,
1789928230.258046,GET,GET /api/v1/reservas,5.778068,200,success,
1789928230.391909,GET,GET /api/v1/reservas/{id},5.531934,200,success,
1789928230.417815,GET,GET /api/v1/reservas,5.600367,200,success,
1789928230.433851,GET,GET /api/v1/reservas,4.772273,200,success,
1789928230.516752,GET,GET /api/v1/reservas,6.180297,200,success,
1789928230.517148,GET,GET /api/v1/reservas,6.216973,200,success,
1789928230.567558,GET,GET /api/v1/reservas,5.157717,200,success,
1789928230.596695,GET,GET /api/v1/reservas,4.455794,200,success,
1789928230.619365,GET,GET /api/v1/reservas,4.439169,200,success,
1789928230.640519,GET,GET /api/v1/reservas,4.916370,200,success,
1789928230.664288,GET,GET /api/v1/reservas,4.493511,200,success,
1789928230.674572,GET,GET /api/v1/reservas,4.048055,200,success,
1789928230.700318,GET,GET /api/v1/reservas/{id},3.576921,200,success,
1789928230.784598,GET,GET /api/v1/reservas,5.922458,200,success,
1789928230.794633,GET,GET /api/v1/reservas/{id},3.864187,200,success,
1789928230.884691,GET,GET /api/v1/reservas,5.868404,200,success,
1789928230.892396,GET,GET /api/v1/reservas/{id},3.553506,200,success,
1789928230.893355,GET,GET /api/v1/reservas/{id},2.983512,200,success,
1789928230.896215,GET,GET /api/v1/reservas,4.380781,200,success,
1789928230.941351,GET,GET /api/v1/reservas,4.875519,200,success,
1789928231.065620,GET,GET /api/v1/reservas,5.902857,200,success,
1789928231.094561,GET,GET /api/v1/reservas,4.650859,200,success,
1789928231.102557,GET,GET /api/v1/reservas,4.608786,200,success,
1789928231.240875,GET,GET /api/v1/reservas,5.912621,200,success,
1789928231.287767,GET,GET /api/v1/reservas,5.372082,200,success,
1789928231.288839,GET,GET /api/v1/reservas,5.001301,200,success,
1789928231.301750,GET,GET /api/v1/reservas,4.693273,200,success,
1789928231.305114,GET,GET /api/v1/reservas,4.432938,200,success,
1789928231.316494,GET,GET /api/v1/reservas,5.115703,200,success,
1789928231.318371,GET,GET /api/v1/reservas,4.477627,200,success,
1789928231.385377,GET,GET /api/v1/reservas/{id},4.806415,200,success,
1789928231.397937,GET,GET /api/v1/reservas,4.309320,200,success,
1789928231.431677,GET,GET /api/v1/reservas/{id},3.561068,200,success,
1789928231.582718,GET,GET /api/v1/reservas,7.638728,200,success,
1789928231.587115,GET,GET /api/v1/reservas,8.147428,200,success,
1789928231.589921,GET,GET /api/v1/reservas,8.330586,200,success,
1789928231.597539,GET,GET /api/v1/reservas,4.381891,200,success,
1789928231.660741,GET,GET /api/v1/reservas,5.856637,200,success,
1789928231.779997,GET,GET /api/v1/reservas,5.791097,200,success,
1789928231.808029,GET,GET /api/v1/reservas,4.770070,200,success,
1789928231.839649,GET,GET /api/v1/reservas,5.009012,200,success,
1789928231.840068,GET,GET /api/v1/reservas,5.783816,200,success,
1789928231.967969,GET,GET /api/v1/reservas,5.678036,200,success,
1789928232.046676,GET,GET /api/v1/reservas,7.249047,200,success,
1789928232.141394,GET,GET /api/v1/reservas,7.309109,200,success,
1789928232.144954,GET,GET /api/v1/reservas,5.871579,200,success,
1789928232.235737,GET,GET /api/v1/reservas/{id},6.475886,200,success,
1789928232.236480,GET,GET /api/v1/reservas,5.603263,200,success,
1789928232.243245,GET,GET /api/v1/reservas,5.353042,200,success,
1789928232.272150,GET,GET /api/v1/reservas,7.573499,200,success,
1789928232.281849,GET,GET /api/v1/reservas,5.390420,200,success,
1789928232.447342,GET,GET /api/v1/reservas,6.093695,200,success,
1789928232.460704,GET,GET /api/v1/reservas,5.114653,200,success,
1789928232.462379,GET,GET /api/v1/reservas,4.201377,200,success,
1789928232.488002,GET,GET /api/v1/reservas,4.342281,200,success,
1789928232.524916,GET,GET /api/v1/reservas/{id},3.735031,200,success,
1789928232.542037,GET,GET /api/v1/reservas,4.834667,200,success,
1789928232.582955,GET,GET /api/v1/reservas/{id},3.734681,200,success,
1789928232.656029,GET,GET /api/v1/reservas,5.328276,200,success,
1789928232.674621,GET,GET /api/v1/reservas,4.350003,200,success,
1789928232.693489,GET,GET /api/v1/reservas,4.677829,200,success,
1789928232.758380,GET,GET /api/v1/reservas/{id},4.677358,200,success,
1789928232.770565,GET,GET /api/v1/reservas/{id},3.993392,200,success,
1789928232.849583,GET,GET /api/v1/reservas,7.670937,200,success,
1789928232.881787,GET,GET /api/v1/reservas,10.859469,200,success,
1789928232.922889,GET,GET /api/v1/reservas,10.522137,200,success,
1789928232.935301,GET,GET /api/v1/reservas,9.022545,200,success,
1789928232.950884,GET,GET /api/v1/reservas,7.299434,200,success,
1789928232.992548,GET,GET /api/v1/reservas,8.279960,200,success,
1789928233.021458,GET,GET /api/v1/reservas/{id},5.654651,200,success,
1789928233.082149,GET,GET /api/v1/reservas,11.212825,200,success,
1789928233.099699,GET,GET /api/v1/reservas,7.174585,200,success,
1789928233.232154,GET,GET /api/v1/reservas,5.955496,200,success,
1789928233.236376,GET,GET /api/v1/reservas,4.021244,200,success,
1789928233.252647,GET,GET /api/v1/reservas,4.983763,200,success,
1789928233.256279,GET,GET /api/v1/reservas,5.040248,200,success,
1789928233.284714,GET,GET /api/v1/reservas,5.137577,200,success,
1789928233.302268,GET,GET /api/v1/reservas,5.274064,200,success,
1789928233.383164,GET,GET /api/v1/reservas,5.554869,200,success,
1789928233.458749,GET,GET /api/v1/reservas/{id},4.882470,200,success,
1789928233.459627,GET,GET /api/v1/reservas,6.167167,200,success,
1789928233.542781,GET,GET /api/v1/reservas,16.725810,200,success,
1789928233.595437,GET,GET /api/v1/reservas,7.341828,200,success,
1789928233.595809,GET,GET /api/v1/reservas,4.953999,200,success,
1789928233.663379,GET,GET /api/v1/reservas,5.287353,200,success,
1789928233.754907,GET,GET /api/v1/reservas,6.164834,200,success,
1789928233.764174,GET,GET /api/v1/reservas,5.982717,200,success,
1789928233.764603,GET,GET /api/v1/reservas,6.117371,200,success,
1789928233.791226,GET,GET /api/v1/reservas,4.396344,200,success,
1789928233.886366,GET,GET /api/v1/reservas,19.747310,200,success,
1789928233.913092,GET,GET /api/v1/reservas/{id},4.512720,200,success,
1789928233.977737,GET,GET /api/v1/reservas,6.323955,200,success,
1789928234.032289,GET,GET /api/v1/reservas,5.266913,200,success,
1789928234.103682,GET,GET /api/v1/reservas,6.050249,200,success,
1789928234.104357,GET,GET /api/v1/reservas,4.047174,200,success,
1789928234.114775,GET,GET /api/v1/reservas,4.210862,200,success,
1789928234.166648,GET,GET /api/v1/reservas,5.566006,200,success,
1789928234.180203,GET,GET /api/v1/reservas,4.320859,200,success,
1789928234.199650,GET,GET /api/v1/reservas,4.216631,200,success,
1789928234.210213,GET,GET /api/v1/reservas,4.297322,200,success,
1789928234.211908,GET,GET /api/v1/reservas,4.398777,200,success,
1789928234.260323,GET,GET /api/v1/reservas/{id},4.220015,200,success,
1789928234.318121,GET,GET /api/v1/reservas,5.486005,200,success,
1789928234.358252,GET,GET /api/v1/reservas,4.872655,200,success,
1789928234.377199,GET,GET /api/v1/reservas,4.739383,200,success,
1789928234.380929,GET,GET /api/v1/reservas,4.369883,200,success,
1789928234.530035,GET,GET /api/v1/reservas/{id},4.775688,200,success,
1789928234.607682,GET,GET /api/v1/reservas,5.874914,200,success,
1789928234.661883,GET,GET /api/v1/reservas/{id},4.010288,200,success,
1789928234.753723,GET,GET /api/v1/reservas/{id},4.583527,200,success,
1789928234.810055,GET,GET /api/v1/reservas/{id},4.114296,200,success,
1789928234.981535,GET,GET /api/v1/reservas,6.128980,200,success,
1789928235.011678,GET,GET /api/v1/reservas,4.869261,200,success,
1789928235.034542,GET,GET /api/v1/reservas/{id},3.663963,200,success,
1789928235.095797,GET,GET /api/v1/reservas,5.958141,200,success,
1789928235.149834,GET,GET /api/v1/reservas/{id},4.800186,200,success,
1789928235.160275,GET,GET /api/v1/reservas,5.152219,200,success,
1789928235.194819,GET,GET /api/v1/reservas,6.239868,200,success,
1789928235.195799,GET,GET /api/v1/reservas,4.626623,200,success,
1789928235.232095,GET,GET /api/v1/reservas,5.011726,200,success,
1789928235.266592,GET,GET /api/v1/reservas,5.222135,200,success,
1789928235.299207,GET,GET /api/v1/reservas,5.304019,200,success,
1789928235.300806,GET,GET /api/v1/reservas/{id},3.326993,200,success,
1789928235.310087,GET,GET /api/v1/reservas/{id},3.127891,200,success,
1789928235.321680,GET,GET /api/v1/reservas,4.376192,200,success,
1789928235.346244,GET,GET /api/v1/reservas,6.273809,200,success,
1789928235.410860,GET,GET /api/v1/reservas/{id},5.371911,200,success,
1789928235.446122,GET,GET /api/v1/reservas,4.975902,200,success,
1789928235.451256,GET,GET /api/v1/reservas,3.916878,200,success,
1789928235.492482,GET,GET /api/v1/reservas,4.978765,200,success,
1789928235.503153,GET,GET /api/v1/reservas,4.462343,200,success,
1789928235.517781,GET,GET /api/v1/reservas,4.358455,200,success,
1789928235.542396,GET,GET /api/v1/reservas/{id},3.449157,200,success,
1789928235.581585,GET,GET /api/v1/reservas,4.883702,200,success,
1789928235.604401,GET,GET /api/v1/reservas,4.532450,200,success,
1789928235.715431,GET,GET /api/v1/reservas,5.625686,200,success,
1789928235.770406,GET,GET /api/v1/reservas,5.642882,200,success,
1789928235.816758,GET,GET /api/v1/reservas,5.025917,200,success,
1789928235.822724,GET,GET /api/v1/reservas/{id},3.786590,200,success,
1789928235.839459,GET,GET /api/v1/reservas/{id},3.558454,200,success,
1789928235.933911,GET,GET /api/v1/reservas,5.855033,200,success,
1789928236.004942,GET,GET /api/v1/reservas,5.688862,200,success,
1789928236.019149,GET,GET /api/v1/reservas,5.825109,200,success,
1789928236.024566,GET,GET /api/v1/reservas,5.137536,200,success,
1789928236.070692,GET,GET /api/v1/reservas,5.803716,200,success,
1789928236.077036,GET,GET /api/v1/reservas,4.070239,200,success,
1789928236.081131,GET,GET /api/v1/reservas/{id},2.952225,200,success,
1789928236.086782,GET,GET /api/v1/reservas,4.413809,200,success,
1789928236.166629,GET,GET /api/v1/reservas,5.520928,200,success,
1789928236.191489,GET,GET /api/v1/reservas,4.595194,200,success,
1789928236.263276,GET,GET /api/v1/reservas,5.459054,200,success,
1789928236.313663,GET,GET /api/v1/reservas,5.100099,200,success,
1789928236.351743,GET,GET /api/v1/reservas,4.807867,200,success,
1789928236.358693,GET,GET /api/v1/reservas,4.686123,200,success,
1789928236.378969,GET,GET /api/v1/reservas,4.656008,200,success,
1789928236.379356,GET,GET /api/v1/reservas,5.444312,200,success,
1789928236.451152,GET,GET /api/v1/reservas,5.465163,200,success,
1789928236.471255,GET,GET /api/v1/reservas,5.807703,200,success,
1789928236.535084,GET,GET /api/v1/reservas,5.490131,200,success,
1789928236.544516,GET,GET /api/v1/reservas/{id},3.864577,200,success,
1789928236.546168,GET,GET /api/v1/reservas,5.841174,200,success,
1789928236.637746,GET,GET /api/v1/reservas,5.856206,200,success,
1789928236.766921,GET,GET /api/v1/reservas,5.765829,200,success,
1789928236.877731,GET,GET /api/v1/reservas,6.418277,200,success,
1789928236.897389,GET,GET /api/v1/reservas,4.616888,200,success,
1789928236.945770,GET,GET /api/v1/reservas,5.108172,200,success,
1789928237.009503,GET,GET /api/v1/reservas,6.370135,200,success,
1789928237.009877,GET,GET /api/v1/reservas,5.079169,200,success,
1789928237.071604,GET,GET /api/v1/reservas,5.407045,200,success,
1789928237.101447,GET,GET /api/v1/reservas,4.580764,200,success,
1789928237.113354,GET,GET /api/v1/reservas/{id},3.784336,200,success,
1789928237.152696,GET,GET /api/v1/reservas,7.652579,200,success,
1789928237.193127,GET,GET /api/v1/reservas,6.084091,200,success,
1789928237.228710,GET,GET /api/v1/reservas,10.361965,200,success,
1789928237.229267,GET,GET /api/v1/reservas,7.644466,200,success,
1789928237.271482,GET,GET /api/v1/reservas,7.846643,200,success,
1789928237.288424,GET,GET /api/v1/reservas,7.573459,200,success,
1789928237.335080,GET,GET /api/v1/reservas,8.796213,200,success,
1789928237.386848,GET,GET /api/v1/reservas,8.319340,200,success,
1789928237.403277,GET,GET /api/v1/reservas/{id},7.193323,200,success,
1789928237.412876,GET,GET /api/v1/reservas/{id},6.373831,200,success,
1789928237.481611,GET,GET /api/v1/reservas/{id},5.476270,200,success,
1789928237.561968,GET,GET /api/v1/reservas,5.976549,200,success,
1789928237.585226,GET,GET /api/v1/reservas/{id},4.052753,200,success,
1789928237.586079,GET,GET /api/v1/reservas,4.234398,200,success,
1789928237.624618,GET,GET /api/v1/reservas,5.277238,200,success,
1789928237.723259,GET,GET /api/v1/reservas/{id},4.376574,200,success,
1789928237.811561,GET,GET /api/v1/reservas,6.922131,200,success,
1789928237.843258,GET,GET /api/v1/reservas,6.344456,200,success,
1789928237.851867,GET,GET /api/v1/reservas,6.312317,200,success,
1789928237.863114,GET,GET /api/v1/reservas,5.930410,200,success,
1789928237.864439,GET,GET /api/v1/reservas/{id},3.708010,200,success,
1789928237.951853,GET,GET /api/v1/reservas/{id},6.343545,200,success,
1789928238.028493,GET,GET /api/v1/reservas/{id},8.331858,200,success,
1789928238.028868,GET,GET /api/v1/reservas/{id},4.350664,200,success,
1789928238.036939,GET,GET /api/v1/reservas,5.790166,200,success,
1789928238.047769,GET,GET /api/v1/reservas,6.482034,200,success,
1789928238.049556,GET,GET /api/v1/reservas/{id},4.712403,200,success,
1789928238.091112,GET,GET /api/v1/reservas/{id},6.270624,200,success,
1789928238.098339,GET,GET /api/v1/reservas/{id},4.021886,200,success,
1789928238.165145,GET,GET /api/v1/reservas,6.401072,200,success,
1789928238.234980,GET,GET /api/v1/reservas,5.508199,200,success,
1789928238.252968,GET,GET /api/v1/reservas,5.316158,200,success,
1789928238.253356,GET,GET /api/v1/reservas,6.126195,200,success,
1789928238.322064,GET,GET /api/v1/reservas/{id},4.537407,200,success,
1789928238.556233,GET,GET /api/v1/reservas/{id},4.735347,200,success,
1789928238.568553,GET,GET /api/v1/reservas/{id},3.146038,200,success,
1789928238.593453,GET,GET /api/v1/reservas,4.628435,200,success,
1789928238.746583,GET,GET /api/v1/reservas/{id},4.803772,200,success,
1789928238.785697,GET,GET /api/v1/reservas/{id},5.894174,200,success,
1789928238.849121,GET,GET /api/v1/reservas/{id},5.163997,200,success,
1789928238.852600,GET,GET /api/v1/reservas,5.609542,200,success,
1789928238.904795,GET,GET /api/v1/reservas,8.084163,200,success,
1789928238.932735,GET,GET /api/v1/reservas/{id},4.700255,200,success,
1789928238.962993,GET,GET /api/v1/reservas,5.909957,200,success,
1789928239.003342,GET,GET /api/v1/reservas/{id},4.155849,200,success,
1789928239.052490,GET,GET /api/v1/reservas/{id},3.937959,200,success,
1789928239.058919,GET,GET /api/v1/reservas,4.165352,200,success,
1789928239.091683,GET,GET /api/v1/reservas,4.523576,200,success,
1789928239.130123,GET,GET /api/v1/reservas/{id},4.248789,200,success,
1789928239.132550,GET,GET /api/v1/reservas,4.851563,200,success,
1789928239.145899,GET,GET /api/v1/reservas/{id},4.185143,200,success,
1789928239.156369,GET,GET /api/v1/reservas,4.237933,200,success,
1789928239.239069,GET,GET /api/v1/reservas/{id},5.466275,200,success,
1789928239.256712,GET,GET /api/v1/reservas,6.253758,200,success,
1789928239.271278,GET,GET /api/v1/reservas,5.300304,200,success,
1789928239.319887,GET,GET /api/v1/reservas,5.296828,200,success,
1789928239.334548,GET,GET /api/v1/reservas/{id},3.488547,200,success,
1789928239.451248,GET,GET /api/v1/reservas/{id},4.419388,200,success,
1789928239.510833,GET,GET /api/v1/reservas,5.283137,200,success,
1789928239.578642,GET,GET /api/v1/reservas,5.448328,200,success,
1789928239.613533,GET,GET /api/v1/reservas,4.605521,200,success,
1789928239.620818,GET,GET /api/v1/reservas,4.060896,200,success,
1789928239.710074,GET,GET /api/v1/reservas,6.860417,200,success,
1789928239.727818,GET,GET /api/v1/reservas/{id},4.542085,200,success,
1789928239.762450,GET,GET /api/v1/reservas,8.248541,200,success,
1789928239.767058,GET,GET /api/v1/reservas,5.498143,200,success,
1789928239.775937,GET,GET /api/v1/reservas,5.567870,200,success,
1789928239.877728,GET,GET /api/v1/reservas,8.397147,200,success,
1789928239.889623,GET,GET /api/v1/reservas,6.622318,200,success,
1789928239.926901,GET,GET /api/v1/reservas,8.035890,200,success,
1789928240.005497,GET,GET /api/v1/reservas/{id},7.341457,200,success,
1789928240.025076,GET,GET /api/v1/reservas,8.738755,200,success,
1789928240.027195,GET,GET /api/v1/reservas/{id},4.488123,200,success,
1789928240.098777,GET,GET /api/v1/reservas,7.188806,200,success,
1789928240.127636,GET,GET /api/v1/reservas,12.419154,200,success,
1789928240.210894,GET,GET /api/v1/reservas,6.868851,200,success,
1789928240.226590,GET,GET /api/v1/reservas,6.392789,200,success,
1789928240.241906,GET,GET /api/v1/reservas,5.031126,200,success,
1789928240.249765,GET,GET /api/v1/reservas/{id},3.686858,200,success,
