Timestamp,User Count,Type,Name,Requests/s,Failures/s,50%,66%,75%,80%,90%,95%,98%,99%,99.9%,99.99%,100%,Total Request Count,Total Failure Count,Total Median Response Time,Total Average Response Time,Total Min Response Time,Total Max Response Time,Total Average Content Size
1789927940,0,,Aggregated,0.000000,0.000000,N/A,N/A,N/A,N/A,N/A,N/A,N/A,N/A,N/A,N/A,N/A,0,0,0,0.0,0,0,0
1789927941,10,GET,GET /api/v1/reservas,0.000000,0.000000,0,0,0,0,0,0,0,0,0,0,0,3,0,11,10.83745900541544,7.23840000864584,14.597425004467368,8965.0
1789927941,10,POST,POST /api/v1/auth/login,0.000000,0.000000,0,0,0,0,0,0,0,0,0,0,0,3,0,820.0,858.0492230006106,817.3453030030942,939.2786120006349,1622.0
1789927941,10,,Aggregated,0.000000,0.000000,0,0,0,0,0,0,0,0,0,0,0,6,0,15,434.443341003013,7.23840000864584,939.2786120006349,5293.5
1789927942,20,GET,GET /api/v1/reservas,0.000000,0.000000,0,0,0,0,0,0,0,0,0,0,0,12,0,8,9.313958335648445,6.92647899268195,14.597425004467368,8965.0
1789927942,20,POST,POST /api/v1/auth/login,0.000000,0.000000,0,0,0,0,0,0,0,0,0,0,0,12,0,1200.0,1252.1629288360903,687.5017660058802,1909.3431740038795,1622.0
1789927942,20,,Aggregated,0.000000,0.000000,690,940,1400,1500,1600,1700,1900,1900,1900,1900,1900,24,0,15,630.7384435858694,6.92647899268195,1909.3431740038795,5293.5
1789927943,30,GET,GET /api/v1/reservas,0.000000,0.000000,9,11,12,12,36,37,37,37,37,37,37,22,0,8,12.460358409787824,6.357545993523672,36.96095000486821,8965.0
1789927943,30,GET,GET /api/v1/reservas/{id},0.000000,0.000000,0,0,0,0,0,0,0,0,0,0,0,2,0,5,6.533367006340995,4.942511004628614,8.124223008053377,442.0
1789927943,30,POST,POST /api/v1/auth/login,0.000000,0.000000,1600,1700,1700,1900,1900,2000,2000,2000,2000,2000,2000,19,0,1400.0,1330.1754540543218,687.5017660058802,1958.040492987493,1622.0
1789927943,30,,Aggregated,0.000000,0.000000,31,940,1200,1500,1700,1900,2000,2000,2000,2000,2000,43,0,31,594.4308894432588,4.942511004628614,1958.040492987493,5324.0
1789927944,40,GET,GET /api/v1/reservas,3.000000,0.000000,8,11,15,31,37,50,97,97,97,97,97,36,0,8,15.255097945353352,5.659628994180821,97.17084700241685,8965.0
1789927944,40,GET,GET /api/v1/reservas/{id},0.000000,0.000000,0,0,0,0,0,0,0,0,0,0,0,2,0,5,6.533367006340995,4.942511004628614,8.124223008053377,442.0
1789927944,40,POST,POST /api/v1/auth/login,3.000000,0.000000,1700,1800,1900,1900,2000,2000,2500,2500,2500,2500,2500,27,0,1600.0,1491.5826213713174,687.5017660058802,2486.5926539932843,1622.0
1789927944,40,,Aggregated,6.000000,0.000000,31,940,1400,1600,1900,1900,2000,2500,2500,2500,2500,65,0,31,628.2304774933996,4.942511004628614,2486.5926539932843,5652.584615384615
1789927945,50,GET,GET /api/v1/reservas,5.000000,0.000000,9,15,37,43,85,110,150,150,150,150,150,50,0,9,25.331549861002713,5.659628994180821,151.47009599604644,8965.0
1789927945,50,GET,GET /api/v1/reservas/{id},0.000000,0.000000,7,7,8,8,8,8,8,8,8,8,8,6,0,6,6.567902833921835,4.874217993346974,8.430988003965467,442.0
1789927945,50,POST,POST /api/v1/auth/login,4.666667,0.000000,1700,1900,1900,2000,2400,2500,2700,2700,2700,2700,2700,35,0,1600.0,1569.149572286655,687.5017660058802,2694.6074739971664,1622.0
1789927945,50,,Aggregated,9.666667,0.000000,37,940,1400,1600,1900,2000,2500,2700,2700,2700,2700,91,0,37,617.8705487921603,4.874217993346974,2694.6074739971664,5578.813186813187
1789927946,50,GET,GET /api/v1/reservas,7.500000,0.000000,8,15,27,33,52,97,140,150,150,150,150,78,0,8,21.42264523121039,4.4304039911367,151.47009599604644,8965.0
1789927946,50,GET,GET /api/v1/reservas/{id},0.500000,0.000000,6,7,8,8,9,9,9,9,9,9,9,9,0,6,6.616450443592233,4.874217993346974,9.420328002306633,442.0
1789927946,50,POST,POST /api/v1/auth/login,5.500000,0.000000,1700,1900,2000,2100,2300,2400,2700,2700,2700,2700,2700,50,0,1600.0,1623.4495169619913,687.5017660058802,2694.6074739971664,1622.0
1789927946,50,,Aggregated,13.500000,0.000000,21,930,1400,1600,1900,2200,2400,2500,2700,2700,2700,137,0,21,605.1313155483672,4.4304039911367,2694.6074739971664,5725.167883211679
1789927947,50,GET,GET /api/v1/reservas,8.400000,0.000000,8,11,18,27,50,85,140,150,150,150,150,94,0,8,18.803523064212023,3.9132020028773695,151.47009599604644,8965.0
1789927947,50,GET,GET /api/v1/reservas/{id},1.000000,0.000000,5,6,6,7,8,9,9,9,9,9,9,16,0,5,5.578194748522947,3.3275439927820116,9.420328002306633,442.0
1789927947,50,POST,POST /api/v1/auth/login,6.400000,0.000000,1700,1900,2000,2100,2300,2400,2700,2700,2700,2700,2700,50,0,1600.0,1623.4495169619913,687.5017660058802,2694.6074739971664,1622.0
1789927947,50,,Aggregated,15.800000,0.000000,11,85,1300,1500,1800,2100,2400,2500,2700,2700,2700,160,0,11,518.9328633256991,3.3275439927820116,2694.6074739971664,5818.0125
1789927948,50,GET,GET /api/v1/reservas,11.000000,0.000000,8,9,15,20,49,65,110,140,150,150,150,109,0,8,17.642220468078783,3.9132020028773695,151.47009599604644,8965.0
1789927948,50,GET,GET /api/v1/reservas/{id},1.333333,0.000000,5,6,7,7,8,9,10,10,10,10,10,24,0,5,5.470160915744297,3.1892830011202022,10.331299010431394,442.0
1789927948,50,POST,POST /api/v1/auth/login,7.500000,0.000000,1700,1900,2000,2100,2300,2400,2700,2700,2700,2700,2700,50,0,1600.0,1623.4495169619913,687.5017660058802,2694.6074739971664,1622.0
1789927948,50,,Aggregated,19.833333,0.000000,9,37,940,1400,1700,2000,2400,2500,2700,2700,2700,183,0,9,454.79104776556295,3.1892830011202022,2694.6074739971664,5840.945355191257
1789927949,50,GET,GET /api/v1/reservas,11.857143,0.000000,7,8,12,16,37,61,110,140,150,150,150,130,0,7,15.79405934641657,3.9132020028773695,151.47009599604644,8965.0
1789927949,50,GET,GET /api/v1/reservas/{id},1.714286,0.000000,5,6,7,8,9,9,10,10,10,10,10,29,0,5,5.646320999246733,3.1892830011202022,10.331299010431394,442.0
1789927949,50,POST,POST /api/v1/auth/login,7.142857,0.000000,1700,1900,2000,2100,2300,2400,2700,2700,2700,2700,2700,50,0,1600.0,1623.4495169619913,687.5017660058802,2694.6074739971664,1622.0
1789927949,50,,Aggregated,20.714286,0.000000,8,18,110,1100,1700,2000,2300,2400,2700,2700,2700,209,0,8,398.9925687660855,3.1892830011202022,2694.6074739971664,6025.684210526316
1789927950,50,GET,GET /api/v1/reservas,12.625000,0.000000,7,8,10,13,36,56,110,140,150,150,150,150,0,7,14.516915380275654,3.9132020028773695,151.47009599604644,8965.0
1789927950,50,GET,GET /api/v1/reservas/{id},2.500000,0.000000,5,6,7,7,8,9,10,10,10,10,10,34,0,5,5.352901440774611,3.1892830011202022,10.331299010431394,442.0
1789927950,50,POST,POST /api/v1/auth/login,6.250000,0.000000,1700,1900,2000,2100,2300,2400,2700,2700,2700,2700,2700,50,0,1600.0,1623.4495169619913,687.5017660058802,2694.6074739971664,1622.0
1789927950,50,,Aggregated,21.375000,0.000000,8,13,52,930,1600,1900,2300,2400,2700,2700,2700,234,0,8,356.97440941934724,3.1892830011202022,2694.6074739971664,6157.598290598291
1789927951,50,GET,GET /api/v1/reservas,13.111111,0.000000,7,8,9,11,31,52,97,140,150,150,150,171,0,7,13.530778573442669,3.9132020028773695,151.47009599604644,8965.0
1789927951,50,GET,GET /api/v1/reservas/{id},3.000000,0.000000,5,6,7,7,8,9,10,10,10,10,10,36,0,5,5.380552360293223,3.1892830011202022,10.331299010431394,442.0
1789927951,50,POST,POST /api/v1/auth/login,5.555556,0.000000,1700,1900,2000,2100,2300,2400,2700,2700,2700,2700,2700,50,0,1600.0,1623.4495169619913,687.5017660058802,2694.6074739971664,1622.0
1789927951,50,,Aggregated,21.666667,0.000000,7,9,27,85,1600,1900,2300,2400,2700,2700,2700,257,0,7,325.60287497715495,3.1892830011202022,2694.6074739971664,6342.517509727626
1789927952,50,GET,GET /api/v1/reservas,14.000000,0.000000,6,7,8,9,27,52,97,140,150,150,150,193,0,7,12.571310150449724,3.9132020028773695,151.47009599604644,8965.0
1789927952,50,GET,GET /api/v1/reservas/{id},3.100000,0.000000,5,5,6,7,8,9,10,10,10,10,10,41,0,5,5.236130584352195,3.1892830011202022,10.331299010431394,442.0
1789927952,50,POST,POST /api/v1/auth/login,5.000000,0.000000,1700,1900,2100,2100,2400,2500,2700,2700,2700,2700,2700,50,0,1600.0,1623.4495169619913,687.5017660058802,2694.6074739971664,1622.0
1789927952,50,,Aggregated,22.100000,0.000000,7,8,14,36,1500,1900,2300,2400,2700,2700,2700,284,0,7,295.1176762714606,3.1892830011202022,2694.6074739971664,6441.7852112676055
1789927953,50,GET,GET /api/v1/reservas,16.300000,0.000000,6,7,8,8,18,50,85,140,150,150,150,208,0,6,12.046933543178266,3.9132020028773695,151.47009599604644,8965.0
1789927953,50,GET,GET /api/v1/reservas/{id},3.600000,0.000000,4,5,6,6,8,9,10,10,10,10,10,49,0,5,5.073227243716543,3.1892830011202022,10.331299010431394,442.0
1789927953,50,POST,POST /api/v1/auth/login,5.000000,0.000000,1700,1900,2100,2200,2400,2400,2700,2700,2700,2700,2700,50,0,1600.0,1623.4495169619913,687.5017660058802,2694.6074739971664,1622.0
1789927953,50,,Aggregated,24.900000,0.000000,6,7,9,13,1300,1800,2200,2400,2700,2700,2700,307,0,7,273.3772839088689,3.1892830011202022,2694.6074739971664,6408.723127035831
1789927954,50,GET,GET /api/v1/reservas,17.700000,0.000000,6,7,8,8,14,27,85,140,150,150,150,225,0,7,11.776676106641794,3.9132020028773695,151.47009599604644,8965.0
1789927954,50,GET,GET /api/v1/reservas/{id},3.600000,0.000000,4,5,5,6,8,9,9,10,10,10,10,58,0,4,5.068863705924616,2.8951269923709333,10.331299010431394,442.0
1789927954,50,POST,POST /api/v1/auth/login,4.400000,0.000000,1700,1800,2200,2300,2400,2700,2700,2700,2700,2700,2700,50,0,1600.0,1623.4495169619913,687.5017660058802,2694.6074739971664,1622.0
1789927954,50,,Aggregated,25.700000,0.000000,6,7,8,9,49,1500,2100,2300,2700,2700,2700,333,0,7,252.60126746858137,2.8951269923709333,2694.6074739971664,6377.960960960961
1789927955,50,GET,GET /api/v1/reservas,18.600000,0.000000,6,6,7,7,9,11,14,20,56,56,56,244,0,6,11.252568524543646,3.9132020028773695,151.47009599604644,8965.0
1789927955,50,GET,GET /api/v1/reservas/{id},4.700000,0.000000,4,5,5,6,8,9,9,10,10,10,10,66,0,4,4.993632393465801,2.8951269923709333,10.331299010431394,442.0
1789927955,50,POST,POST /api/v1/auth/login,3.600000,0.000000,1600,1600,1600,1700,1700,1700,1700,1700,1700,1700,1700,50,0,1600.0,1623.4495169619913,687.5017660058802,2694.6074739971664,1622.0
1789927955,50,,Aggregated,26.900000,0.000000,5,6,7,7,9,11,1500,1600,1700,1700,1700,360,0,6,234.0213397390471,2.8951269923709333,2694.6074739971664,6382.5888888888885
1789927956,50,GET,GET /api/v1/reservas,18.800000,0.000000,6,6,7,7,8,10,13,20,56,56,56,261,0,6,10.84385399610318,3.891116997692734,151.47009599604644,8965.0
1789927956,50,GET,GET /api/v1/reservas/{id},4.800000,0.000000,4,5,5,5,8,9,9,10,10,10,10,71,0,4,4.921548802267865,2.8951269923709333,10.331299010431394,442.0
1789927956,50,POST,POST /api/v1/auth/login,2.800000,0.000000,1600,1600,1600,1700,1700,1700,1700,1700,1700,1700,1700,50,0,1600.0,1623.4495169619913,687.5017660058802,2694.6074739971664,1622.0
1789927956,50,,Aggregated,26.400000,0.000000,5,6,6,7,8,10,13,17,56,56,56,382,0,6,220.81715106294115,2.8951269923709333,2694.6074739971664,6419.7565445026175
1789927957,50,GET,GET /api/v1/reservas,19.300000,0.000000,5,6,6,7,8,10,11,13,20,20,20,284,0,6,10.381732408398381,3.891116997692734,151.47009599604644,8965.0
1789927957,50,GET,GET /api/v1/reservas/{id},5.800000,0.000000,4,4,5,5,6,9,9,9,9,9,9,76,0,4,4.862360605138268,2.8951269923709333,10.331299010431394,442.0
1789927957,50,POST,POST /api/v1/auth/login,1.800000,0.000000,1600,1600,1600,1700,1700,1700,1700,1700,1700,1700,1700,50,0,1600.0,1623.4495169619913,687.5017660058802,2694.6074739971664,1622.0
1789927957,50,,Aggregated,26.900000,0.000000,5,6,6,6,7,9,11,13,20,20,20,410,0,6,206.0742128245737,2.8951269923709333,2694.6074739971664,6489.639024390244
1789927958,50,GET,GET /api/v1/reservas,18.400000,0.000000,5,6,6,7,8,9,10,13,20,20,20,301,0,6,10.162386455021233,3.891116997692734,151.47009599604644,8965.0
1789927958,50,GET,GET /api/v1/reservas/{id},5.900000,0.000000,4,4,5,5,6,7,9,9,9,9,9,79,0,4,4.8477670757683535,2.8951269923709333,10.331299010431394,442.0
1789927958,50,POST,POST /api/v1/auth/login,0.500000,0.000000,1600,1600,1600,1700,1700,1700,1700,1700,1700,1700,1700,50,0,1600.0,1623.4495169619913,687.5017660058802,2694.6074739971664,1622.0
1789927958,50,,Aggregated,24.800000,0.000000,5,6,6,6,7,9,10,11,20,20,20,430,0,6,196.77750644196897,2.8951269923709333,2694.6074739971664,6545.3093023255815
1789927959,50,GET,GET /api/v1/reservas,19.400000,0.000000,5,6,6,7,8,10,11,13,20,20,20,328,0,6,9.82392989623427,3.891116997692734,151.47009599604644,8965.0
1789927959,50,GET,GET /api/v1/reservas/{id},6.100000,0.000000,4,4,5,5,6,7,9,9,9,9,9,83,0,4,4.800004349510937,2.8951269923709333,10.331299010431394,442.0
1789927959,50,POST,POST /api/v1/auth/login,0.000000,0.000000,1600,1600,1600,1700,1700,1700,1700,1700,1700,1700,1700,50,0,1600.0,1623.4495169619913,687.5017660058802,2694.6074739971664,1622.0
1789927959,50,,Aggregated,25.500000,0.000000,5,6,6,6,8,9,10,11,20,20,20,461,0,6,183.93302649690634,2.8951269923709333,2694.6074739971664,6634.069414316703
1789927960,50,GET,GET /api/v1/reservas,19.100000,0.000000,5,6,6,6,7,9,11,13,20,20,20,344,0,6,9.604360587027893,3.891116997692734,151.47009599604644,8965.0
1789927960,50,GET,GET /api/v1/reservas/{id},5.800000,0.000000,4,4,5,5,5,6,9,9,9,9,9,92,0,4,4.743771043254326,2.8951269923709333,10.331299010431394,442.0
1789927960,50,POST,POST /api/v1/auth/login,0.000000,0.000000,1600,1600,1600,1700,1700,1700,1700,1700,1700,1700,1700,50,0,1600.0,1623.4495169619913,687.5017660058802,2694.6074739971664,1622.0
1789927960,50,,Aggregated,24.900000,0.000000,5,6,6,6,7,9,10,11,20,20,20,486,0,6,174.7177012880999,2.8951269923709333,2694.6074739971664,6596.139917695473
1789927961,50,GET,GET /api/v1/reservas,19.200000,0.000000,5,6,6,7,8,10,12,16,20,20,20,358,0,6,9.515855882470314,3.891116997692734,151.47009599604644,8965.0
1789927961,50,GET,GET /api/v1/reservas/{id},5.500000,0.000000,4,5,5,5,6,6,9,10,10,10,10,99,0,4,4.788106555357867,2.8951269923709333,10.331299010431394,442.0
1789927961,50,POST,POST /api/v1/auth/login,0.000000,0.000000,1600,1600,1600,1700,1700,1700,1700,1700,1700,1700,1700,50,0,1600.0,1623.4495169619913,687.5017660058802,2694.6074739971664,1622.0
1789927961,50,,Aggregated,24.700000,0.000000,5,6,6,6,8,9,11,13,20,20,20,507,0,6,167.75774122880546,2.8951269923709333,2694.6074739971664,6576.58382642998
1789927962,50,GET,GET /api/v1/reservas,19.700000,0.000000,5,6,6,7,8,10,12,16,20,20,20,379,0,6,9.288025580224947,3.8156140071805567,151.47009599604644,8965.0
1789927962,50,GET,GET /api/v1/reservas/{id},5.500000,0.000000,4,4,5,5,6,9,9,10,10,10,10,104,0,4,4.745357182540689,2.8951269923709333,10.331299010431394,442.0
1789927962,50,POST,POST /api/v1/auth/login,0.000000,0.000000,1600,1600,1600,1700,1700,1700,1700,1700,1700,1700,1700,50,0,1600.0,1623.4495169619913,687.5017660058802,2694.6074739971664,1622.0
1789927962,50,,Aggregated,25.200000,0.000000,5,6,6,6,8,9,11,13,20,20,20,533,0,6,159.82392999997947,2.8951269923709333,2694.6074739971664,6613.138836772983
1789927963,50,GET,GET /api/v1/reservas,18.800000,0.000000,5,6,6,6,7,8,10,12,16,16,16,399,0,6,9.088170638999127,3.8156140071805567,151.47009599604644,8965.0
1789927963,50,GET,GET /api/v1/reservas/{id},6.000000,0.000000,4,4,5,5,6,6,9,10,10,10,10,111,0,4,4.7520022702441125,2.8951269923709333,10.331299010431394,442.0
1789927963,50,POST,POST /api/v1/auth/login,0.000000,0.000000,1600,1600,1600,1700,1700,1700,1700,1700,1700,1700,1700,50,0,1600.0,1623.4495169619913,687.5017660058802,2694.6074739971664,1622.0
1789927963,50,,Aggregated,24.800000,0.000000,5,6,6,6,7,8,10,11,16,16,16,560,0,6,152.3680860447452,2.8951269923709333,2694.6074739971664,6619.994642857143
1789927964,50,GET,GET /api/v1/reservas,18.900000,0.000000,5,6,6,7,8,9,13,18,23,23,23,420,0,6,9.017108707069253,3.8156140071805567,151.47009599604644,8965.0
1789927964,50,GET,GET /api/v1/reservas/{id},6.500000,0.000000,4,5,5,5,6,8,10,21,21,21,21,115,0,4,4.896377252146562,2.8951269923709333,21.19029599998612,442.0
1789927964,50,POST,POST /api/v1/auth/login,0.000000,0.000000,0,0,0,0,0,0,0,0,0,0,0,50,0,1600.0,1623.4495169619913,687.5017660058802,2694.6074739971664,1622.0
1789927964,50,,Aggregated,25.400000,0.000000,5,6,6,6,7,9,13,18,23,23,23,585,0,6,146.1927263060949,2.8951269923709333,2694.6074739971664,6661.931623931624
1789927965,50,GET,GET /api/v1/reservas,18.900000,0.000000,5,6,6,7,8,9,13,18,23,23,23,441,0,6,8.840747074747528,3.8156140071805567,151.47009599604644,8965.0
1789927965,50,GET,GET /api/v1/reservas/{id},6.100000,0.000000,4,4,5,5,6,8,10,21,21,21,21,118,0,4,4.863567694960462,2.8951269923709333,21.19029599998612,442.0
1789927965,50,POST,POST /api/v1/auth/login,0.000000,0.000000,0,0,0,0,0,0,0,0,0,0,0,50,0,1600.0,1623.4495169619913,687.5017660058802,2694.6074739971664,1622.0
1789927965,50,,Aggregated,25.000000,0.000000,5,6,6,6,7,9,13,18,23,23,23,609,0,6,140.63242413147546,2.8951269923709333,2694.6074739971664,6710.707717569787
1789927966,50,GET,GET /api/v1/reservas,19.000000,0.000000,6,6,6,7,8,10,16,23,61,61,61,458,0,6,8.876235873264811,3.8156140071805567,151.47009599604644,8965.0
1789927966,50,GET,GET /api/v1/reservas/{id},6.300000,0.000000,4,5,5,5,6,10,12,21,21,21,21,127,0,4,4.900753488452504,2.8951269923709333,21.19029599998612,442.0
1789927966,50,POST,POST /api/v1/auth/login,0.000000,0.000000,0,0,0,0,0,0,0,0,0,0,0,50,0,1600.0,1623.4495169619913,687.5017660058802,2694.6074739971664,1622.0
1789927966,50,,Aggregated,25.300000,0.000000,5,6,6,7,8,10,16,21,61,61,61,635,0,6,135.21289381273752,2.8951269923709333,2694.6074739971664,6682.211023622047
1789927967,50,GET,GET /api/v1/reservas,19.400000,0.000000,6,6,7,8,10,13,17,23,61,61,61,475,0,6,8.953018896771889,3.8156140071805567,151.47009599604644,8965.0
1789927967,50,GET,GET /api/v1/reservas/{id},5.300000,0.000000,4,5,5,6,6,10,12,21,21,21,21,129,0,4,4.906609798704866,2.8951269923709333,21.19029599998612,442.0
1789927967,50,POST,POST /api/v1/auth/login,0.000000,0.000000,0,0,0,0,0,0,0,0,0,0,0,50,0,1600.0,1623.4495169619913,687.5017660058802,2694.6074739971664,1622.0
1789927967,50,,Aggregated,24.700000,0.000000,5,6,7,7,9,13,17,21,61,61,61,654,0,6,131.58732796345436,2.8951269923709333,2694.6074739971664,6722.466360856269
1789927968,50,GET,GET /api/v1/reservas,19.900000,0.000000,6,7,8,9,12,15,18,23,61,61,61,497,0,6,8.992303442520322,3.8156140071805567,151.47009599604644,8965.0
1789927968,50,GET,GET /api/v1/reservas/{id},5.200000,0.000000,4,5,5,5,6,10,12,21,21,21,21,139,0,4,4.865510511277377,2.8951269923709333,21.19029599998612,442.0
1789927968,50,POST,POST /api/v1/auth/login,0.000000,0.000000,0,0,0,0,0,0,0,0,0,0,0,50,0,1600.0,1623.4495169619913,687.5017660058802,2694.6074739971664,1622.0
1789927968,50,,Aggregated,25.100000,0.000000,5,6,7,8,11,14,18,21,61,61,61,686,0,6,125.82792510218619,2.8951269923709333,2694.6074739971664,6702.832361516035
1789927969,50,GET,GET /api/v1/reservas,19.100000,0.000000,6,7,8,9,13,16,19,42,61,61,61,508,0,6,9.020507025460697,3.8156140071805567,151.47009599604644,8965.0
1789927969,50,GET,GET /api/v1/reservas/{id},5.400000,0.000000,4,5,6,6,7,10,12,21,21,21,21,145,0,4,4.914452793510181,2.8951269923709333,21.19029599998612,442.0
1789927969,50,POST,POST /api/v1/auth/login,0.000000,0.000000,0,0,0,0,0,0,0,0,0,0,0,50,0,1600.0,1623.4495169619913,687.5017660058802,2694.6074739971664,1622.0
1789927969,50,,Aggregated,24.500000,0.000000,6,6,7,8,12,15,19,23,61,61,61,703,0,6,122.99785074266369,2.8951269923709333,2694.6074739971664,6684.793741109531
1789927970,50,GET,GET /api/v1/reservas,19.200000,0.000000,6,7,8,9,12,16,19,42,61,61,61,530,0,6,8.871894105522067,3.8156140071805567,151.47009599604644,8965.0
1789927970,50,GET,GET /api/v1/reservas/{id},5.600000,0.000000,4,5,5,6,7,9,12,21,21,21,21,149,0,4,4.897280107779685,2.8951269923709333,21.19029599998612,442.0
1789927970,50,POST,POST /api/v1/auth/login,0.000000,0.000000,0,0,0,0,0,0,0,0,0,0,0,50,0,1600.0,1623.4495169619913,687.5017660058802,2694.6074739971664,1622.0
1789927970,50,,Aggregated,24.800000,0.000000,6,6,7,8,11,15,19,23,61,61,61,729,0,6,118.79873039792241,2.8951269923709333,2694.6074739971664,6719.352537722908
1789927971,50,GET,GET /api/v1/reservas,19.100000,0.000000,6,7,8,9,13,16,19,42,61,61,61,546,0,6,8.810105289233636,3.8156140071805567,151.47009599604644,8965.0
1789927971,50,GET,GET /api/v1/reservas/{id},6.000000,0.000000,4,5,5,6,7,9,12,21,21,21,21,156,0,4,4.899570981088357,2.8951269923709333,21.19029599998612,442.0
1789927971,50,POST,POST /api/v1/auth/login,0.000000,0.000000,0,0,0,0,0,0,0,0,0,0,0,50,0,1600.0,1623.4495169619913,687.5017660058802,2694.6074739971664,1622.0
1789927971,50,,Aggregated,25.100000,0.000000,6,7,7,8,12,15,19,23,61,61,61,752,0,6,115.35522128865813,2.8951269923709333,2694.6074739971664,6708.699468085107
1789927972,50,GET,GET /api/v1/reservas,18.300000,0.000000,6,7,8,9,13,16,19,42,61,61,61,564,0,6,8.70328202814459,3.8156140071805567,151.47009599604644,8965.0
1789927972,50,GET,GET /api/v1/reservas/{id},6.200000,0.000000,4,5,5,6,6,9,12,21,21,21,21,161,0,4,4.8633428203355615,2.8951269923709333,21.19029599998612,442.0
1789927972,50,POST,POST /api/v1/auth/login,0.000000,0.000000,0,0,0,0,0,0,0,0,0,0,0,50,0,1600.0,1623.4495169619913,687.5017660058802,2694.6074739971664,1622.0
1789927972,50,,Aggregated,24.500000,0.000000,6,6,7,8,12,15,19,23,61,61,61,775,0,6,112.0827420723189,2.8951269923709333,2694.6074739971664,6720.673548387097
1789927973,50,GET,GET /api/v1/reservas,18.800000,0.000000,6,7,8,9,12,14,18,42,61,61,61,589,0,6,8.556902026964142,3.8156140071805567,151.47009599604644,8965.0
1789927973,50,GET,GET /api/v1/reservas/{id},5.600000,0.000000,4,5,5,5,6,7,9,12,12,12,12,169,0,4,4.818239645462775,2.8951269923709333,21.19029599998612,442.0
1789927973,50,POST,POST /api/v1/auth/login,0.000000,0.000000,0,0,0,0,0,0,0,0,0,0,0,50,0,1600.0,1623.4495169619913,687.5017660058802,2694.6074739971664,1622.0
1789927973,50,,Aggregated,24.400000,0.000000,5,6,7,8,11,13,17,19,61,61,61,808,0,6,107.70640302235725,2.8951269923709333,2694.6074739971664,6727.949257425743
1789927974,50,GET,GET /api/v1/reservas,18.500000,0.000000,6,7,8,9,12,15,18,42,61,61,61,601,0,6,8.542304024796277,3.8156140071805567,151.47009599604644,8965.0
1789927974,50,GET,GET /api/v1/reservas/{id},5.600000,0.000000,4,5,5,5,6,7,11,12,12,12,12,178,0,4,4.860044388019406,2.8951269923709333,21.19029599998612,442.0
1789927974,50,POST,POST /api/v1/auth/login,0.000000,0.000000,0,0,0,0,0,0,0,0,0,0,0,50,0,1600.0,1623.4495169619913,687.5017660058802,2694.6074739971664,1622.0
1789927974,50,,Aggregated,24.100000,0.000000,5,6,7,8,11,14,17,19,61,61,61,829,0,6,105.15257957547597,2.8951269923709333,2694.6074739971664,6692.088057901085
1789927975,50,GET,GET /api/v1/reservas,18.400000,0.000000,6,7,8,9,12,15,18,42,61,61,61,623,0,6,8.430459131447472,3.8156140071805567,151.47009599604644,8965.0
1789927975,50,GET,GET /api/v1/reservas/{id},5.800000,0.000000,4,5,5,6,6,7,11,12,12,12,12,184,0,4,4.848228212327029,2.8951269923709333,21.19029599998612,442.0
1789927975,50,POST,POST /api/v1/auth/login,0.000000,0.000000,0,0,0,0,0,0,0,0,0,0,0,50,0,1600.0,1623.4495169619913,687.5017660058802,2694.6074739971664,1622.0
1789927975,50,,Aggregated,24.200000,0.000000,5,6,7,8,11,14,17,19,61,61,61,857,0,6,101.88649460683725,2.8951269923709333,2694.6074739971664,6706.677946324387
1789927976,50,GET,GET /api/v1/reservas,18.700000,0.000000,6,6,7,8,11,13,17,19,42,42,42,637,0,6,8.35820560110002,3.8156140071805567,151.47009599604644,8965.0
1789927976,50,GET,GET /api/v1/reservas/{id},6.000000,0.000000,4,5,5,5,6,7,9,11,11,11,11,190,0,4,4.819479058220933,2.8951269923709333,21.19029599998612,442.0
1789927976,50,POST,POST /api/v1/auth/login,0.000000,0.000000,0,0,0,0,0,0,0,0,0,0,0,50,0,1600.0,1623.4495169619913,687.5017660058802,2694.6074739971664,1622.0
1789927976,50,,Aggregated,24.700000,0.000000,5,6,7,7,9,12,16,18,42,42,42,877,0,6,99.67201121671864,2.8951269923709333,2694.6074739971664,6699.868871151653
1789927977,50,GET,GET /api/v1/reservas,18.000000,0.000000,5,6,7,7,8,11,15,18,42,42,42,659,0,6,8.25220989817697,3.8156140071805567,151.47009599604644,8965.0
1789927977,50,GET,GET /api/v1/reservas/{id},6.500000,0.000000,5,5,5,5,6,7,9,11,11,11,11,195,0,4,4.816380661810772,2.8951269923709333,21.19029599998612,442.0
1789927977,50,POST,POST /api/v1/auth/login,0.000000,0.000000,0,0,0,0,0,0,0,0,0,0,0,50,0,1600.0,1623.4495169619913,687.5017660058802,2694.6074739971664,1622.0
1789927977,50,,Aggregated,24.500000,0.000000,5,6,6,7,8,11,14,15,42,42,42,904,0,6,96.84720840713638,2.8951269923709333,2694.6074739971664,6720.381637168141
1789927978,50,GET,GET /api/v1/reservas,18.400000,0.000000,5,6,6,6,7,8,11,14,15,15,15,678,0,6,8.170562793397185,3.8156140071805567,151.47009599604644,8965.0
1789927978,50,GET,GET /api/v1/reservas/{id},6.600000,0.000000,5,5,5,5,6,7,9,11,11,11,11,200,0,4,4.803289455376216,2.8951269923709333,21.19029599998612,442.0
1789927978,50,POST,POST /api/v1/auth/login,0.000000,0.000000,0,0,0,0,0,0,0,0,0,0,0,50,0,1600.0,1623.4495169619913,687.5017660058802,2694.6074739971664,1622.0
1789927978,50,,Aggregated,25.000000,0.000000,5,6,6,6,7,8,11,13,15,15,15,928,0,6,94.47497339773503,2.8951269923709333,2694.6074739971664,6732.510775862069
1789927979,50,GET,GET /api/v1/reservas,17.800000,0.000000,5,6,6,7,8,9,11,14,15,15,15,694,0,6,8.128454873103665,3.8156140071805567,151.47009599604644,8965.0
1789927979,50,GET,GET /api/v1/reservas/{id},6.500000,0.000000,5,5,5,5,5,6,7,11,11,11,11,207,0,4,4.791596695960157,2.8951269923709333,21.19029599998612,442.0
1789927979,50,POST,POST /api/v1/auth/login,0.000000,0.000000,0,0,0,0,0,0,0,0,0,0,0,50,0,1600.0,1623.4495169619913,687.5017660058802,2694.6074739971664,1622.0
1789927979,50,,Aggregated,24.300000,0.000000,5,5,6,6,7,8,11,13,15,15,15,951,0,6,92.32963622092247,2.8951269923709333,2694.6074739971664,6723.768664563618
1789927980,50,GET,GET /api/v1/reservas,18.400000,0.000000,5,6,6,6,8,9,11,14,15,15,15,710,0,6,8.07409940970386,3.8156140071805567,151.47009599604644,8965.0
1789927980,50,GET,GET /api/v1/reservas/{id},6.400000,0.000000,5,5,5,5,5,6,7,11,11,11,11,217,0,4,4.778799880604466,2.8951269923709333,21.19029599998612,442.0
1789927980,50,POST,POST /api/v1/auth/login,0.000000,0.000000,0,0,0,0,0,0,0,0,0,0,0,50,0,1600.0,1623.4495169619913,687.5017660058802,2694.6074739971664,1622.0
1789927980,50,,Aggregated,24.800000,0.000000,5,5,6,6,7,9,11,13,15,15,15,977,0,5,90.01237052515914,2.8951269923709333,2694.6074739971664,6696.17604912999
1789927981,50,GET,GET /api/v1/reservas,18.400000,0.000000,5,6,6,6,7,9,12,13,15,15,15,731,0,6,8.021188826119769,3.8156140071805567,151.47009599604644,8965.0
1789927981,50,GET,GET /api/v1/reservas/{id},6.200000,0.000000,5,5,5,5,5,6,7,11,11,11,11,222,0,4,4.769859144486159,2.8951269923709333,21.19029599998612,442.0
1789927981,50,POST,POST /api/v1/auth/login,0.000000,0.000000,0,0,0,0,0,0,0,0,0,0,0,50,0,1600.0,1623.4495169619913,687.5017660058802,2694.6074739971664,1622.0
1789927981,50,,Aggregated,24.600000,0.000000,5,5,6,6,7,8,11,12,15,15,15,1003,0,5,87.83137947165409,2.8951269923709333,2694.6074739971664,6712.501495513459
1789927982,50,GET,GET /api/v1/reservas,18.200000,0.000000,5,6,6,6,8,9,12,13,15,15,15,748,0,6,7.972436719133586,3.8156140071805567,151.47009599604644,8965.0
1789927982,50,GET,GET /api/v1/reservas/{id},6.400000,0.000000,5,5,5,5,5,6,7,11,11,11,11,228,0,4,4.763013855584799,2.8951269923709333,21.19029599998612,442.0
1789927982,50,POST,POST /api/v1/auth/login,0.000000,0.000000,0,0,0,0,0,0,0,0,0,0,0,50,0,1600.0,1623.4495169619913,687.5017660058802,2694.6074739971664,1622.0
1789927982,50,,Aggregated,24.600000,0.000000,5,5,6,6,7,9,12,13,15,15,15,1026,0,5,85.98618486655441,2.8951269923709333,2694.6074739971664,6713.153996101364
1789927983,50,GET,GET /api/v1/reservas,18.400000,0.000000,5,6,6,6,7,9,10,12,13,13,13,769,0,6,7.900044903598462,3.8156140071805567,151.47009599604644,8965.0
1789927983,50,GET,GET /api/v1/reservas/{id},6.800000,0.000000,5,5,5,5,6,7,11,11,11,11,11,232,0,4,4.782725543416996,2.8951269923709333,21.19029599998612,442.0
1789927983,50,POST,POST /api/v1/auth/login,0.000000,0.000000,0,0,0,0,0,0,0,0,0,0,0,50,0,1600.0,1623.4495169619913,687.5017660058802,2694.6074739971664,1622.0
1789927983,50,,Aggregated,25.200000,0.000000,5,6,6,6,7,8,11,12,13,13,13,1051,0,5,84.06965052810611,2.8951269923709333,2694.6074739971664,6734.280685061846
1789927984,50,GET,GET /api/v1/reservas,17.900000,0.000000,5,6,6,6,7,9,10,12,13,13,13,781,0,6,7.869346783464839,3.8156140071805567,151.47009599604644,8965.0
1789927984,50,GET,GET /api/v1/reservas/{id},6.700000,0.000000,4,5,5,5,5,7,10,11,11,11,11,240,0,4,4.789942096067534,2.8951269923709333,21.19029599998612,442.0
1789927984,50,POST,POST /api/v1/auth/login,0.000000,0.000000,0,0,0,0,0,0,0,0,0,0,0,50,0,1600.0,1623.4495169619913,687.5017660058802,2694.6074739971664,1622.0
1789927984,50,,Aggregated,24.600000,0.000000,5,5,6,6,7,8,10,12,13,13,13,1071,0,5,82.60319494775146,2.8951269923709333,2694.6074739971664,6712.273576097105
1789927985,50,GET,GET /api/v1/reservas,18.200000,0.000000,5,6,6,6,7,9,10,12,13,13,13,801,0,6,7.82864476518052,3.8156140071805567,151.47009599604644,8965.0
1789927985,50,GET,GET /api/v1/reservas/{id},6.400000,0.000000,4,5,5,5,5,6,10,11,11,11,11,251,0,4,4.7648653788172055,2.8951269923709333,21.19029599998612,442.0
1789927985,50,POST,POST /api/v1/auth/login,0.000000,0.000000,0,0,0,0,0,0,0,0,0,0,0,50,0,1600.0,1623.4495169619913,687.5017660058802,2694.6074739971664,1622.0
1789927985,50,,Aggregated,24.600000,0.000000,5,6,6,6,7,9,10,12,13,13,13,1102,0,5,80.4348471098841,2.8951269923709333,2694.6074739971664,6690.568965517241
1789927986,50,GET,GET /api/v1/reservas,17.900000,0.000000,5,6,6,6,7,9,10,12,13,13,13,821,0,6,7.765323194740658,3.8156140071805567,151.47009599604644,8965.0
1789927986,50,GET,GET /api/v1/reservas/{id},6.300000,0.000000,4,5,5,5,5,6,10,11,11,11,11,253,0,4,4.760264818592958,2.8951269923709333,21.19029599998612,442.0
1789927986,50,POST,POST /api/v1/auth/login,0.000000,0.000000,0,0,0,0,0,0,0,0,0,0,0,50,0,1600.0,1623.4495169619913,687.5017660058802,2694.6074739971664,1622.0
1789927986,50,,Aggregated,24.200000,0.000000,5,6,6,6,7,9,10,12,13,13,13,1124,0,5,78.96099038263849,2.8951269923709333,2694.6074739971664,6719.9208185053385
1789927987,50,GET,GET /api/v1/reservas,18.300000,0.000000,6,6,6,6,7,9,10,12,13,13,13,837,0,6,7.723087057215495,3.8156140071805567,151.47009599604644,8965.0
1789927987,50,GET,GET /api/v1/reservas/{id},6.100000,0.000000,4,5,5,5,5,6,10,11,11,11,11,259,0,4,4.736549035119231,2.828907992807217,21.19029599998612,442.0
1789927987,50,POST,POST /api/v1/auth/login,0.000000,0.000000,0,0,0,0,0,0,0,0,0,0,0,50,0,1600.0,1623.4495169619913,687.5017660058802,2694.6074739971664,1622.0
1789927987,50,,Aggregated,24.400000,0.000000,5,6,6,6,7,9,10,12,13,13,13,1146,0,5,77.54229137441956,2.828907992807217,2694.6074739971664,6718.397033158813
1789927988,50,GET,GET /api/v1/reservas,17.400000,0.000000,6,6,6,6,7,8,9,12,13,13,13,857,0,6,7.674810617145117,3.8156140071805567,151.47009599604644,8965.0
1789927988,50,GET,GET /api/v1/reservas/{id},6.600000,0.000000,4,5,5,5,5,6,10,11,11,11,11,272,0,4,4.712458930364793,2.828907992807217,21.19029599998612,442.0
1789927988,50,POST,POST /api/v1/auth/login,0.000000,0.000000,0,0,0,0,0,0,0,0,0,0,0,50,0,1600.0,1623.4495169619913,687.5017660058802,2694.6074739971664,1622.0
1789927988,50,,Aggregated,24.000000,0.000000,5,6,6,6,7,8,10,12,13,13,13,1179,0,5,75.51448462769478,2.828907992807217,2694.6074739971664,6687.301950805768
1789927989,50,GET,GET /api/v1/reservas,18.400000,0.000000,6,6,6,7,8,9,12,13,15,15,15,872,0,6,7.673621845058883,3.8156140071805567,151.47009599604644,8965.0
1789927989,50,GET,GET /api/v1/reservas/{id},6.400000,0.000000,4,5,5,5,6,7,10,11,11,11,11,277,0,4,4.71279184854697,2.828907992807217,21.19029599998612,442.0
1789927989,50,POST,POST /api/v1/auth/login,0.000000,0.000000,0,0,0,0,0,0,0,0,0,0,0,50,0,1600.0,1623.4495169619913,687.5017660058802,2694.6074739971664,1622.0
1789927989,50,,Aggregated,24.800000,0.000000,5,6,6,6,7,9,11,12,15,15,15,1199,0,5,74.36973931529477,2.828907992807217,2694.6074739971664,6689.753127606338
1789927990,50,GET,GET /api/v1/reservas,18.200000,0.000000,6,6,7,7,8,9,12,13,15,15,15,890,0,6,7.655964314520982,3.8156140071805567,151.47009599604644,8965.0
1789927990,50,GET,GET /api/v1/reservas/{id},6.300000,0.000000,4,5,5,5,6,7,10,11,11,11,11,281,0,4,4.717440868469346,2.828907992807217,21.19029599998612,442.0
1789927990,50,POST,POST /api/v1/auth/login,0.000000,0.000000,0,0,0,0,0,0,0,0,0,0,0,50,0,1600.0,1623.4495169619913,687.5017660058802,2694.6074739971664,1622.0
1789927990,50,,Aggregated,24.500000,0.000000,5,6,6,7,8,9,11,12,15,15,15,1221,0,5,73.14650693862664,2.828907992807217,2694.6074739971664,6702.827190827191
1789927991,50,GET,GET /api/v1/reservas,17.500000,0.000000,6,6,6,7,7,9,9,10,15,15,15,909,0,6,7.600754553272709,3.8156140071805567,151.47009599604644,8965.0
1789927991,50,GET,GET /api/v1/reservas/{id},7.000000,0.000000,4,4,5,5,6,6,10,11,11,11,11,291,0,4,4.691732677117413,2.828907992807217,21.19029599998612,442.0
1789927991,50,POST,POST /api/v1/auth/login,0.000000,0.000000,0,0,0,0,0,0,0,0,0,0,0,50,0,1600.0,1623.4495169619913,687.5017660058802,2694.6074739971664,1622.0
1789927991,50,,Aggregated,24.500000,0.000000,5,6,6,6,7,9,10,10,15,15,15,1250,0,5,71.5574847568525,2.828907992807217,2694.6074739971664,6687.1256
1789927992,50,GET,GET /api/v1/reservas,18.000000,0.000000,6,6,7,7,8,9,13,15,20,20,20,928,0,6,7.6146756949693275,3.8156140071805567,151.47009599604644,8965.0
1789927992,50,GET,GET /api/v1/reservas/{id},6.600000,0.000000,4,5,5,5,6,8,10,11,11,11,11,297,0,4,4.723281973080399,2.828907992807217,21.19029599998612,442.0
1789927992,50,POST,POST /api/v1/auth/login,0.000000,0.000000,0,0,0,0,0,0,0,0,0,0,0,50,0,1600.0,1623.4495169619913,687.5017660058802,2694.6074739971664,1622.0
1789927992,50,,Aggregated,24.600000,0.000000,5,6,6,7,8,9,11,14,20,20,20,1275,0,5,70.30722324630273,2.828907992807217,2694.6074739971664,6691.681568627451
1789927993,50,GET,GET /api/v1/reservas,17.800000,0.000000,6,6,7,7,8,9,13,15,20,20,20,942,0,6,7.5826129765377575,3.8156140071805567,151.47009599604644,8965.0
1789927993,50,GET,GET /api/v1/reservas/{id},6.700000,0.000000,4,5,5,5,6,7,8,10,10,10,10,303,0,4,4.7168719669955355,2.828907992807217,21.19029599998612,442.0
1789927993,50,POST,POST /api/v1/auth/login,0.000000,0.000000,0,0,0,0,0,0,0,0,0,0,0,50,0,1600.0,1623.4495169619913,687.5017660058802,2694.6074739971664,1622.0
1789927993,50,,Aggregated,24.500000,0.000000,5,6,6,7,8,9,10,14,20,20,20,1295,0,5,69.3007795196894,2.828907992807217,2694.6074739971664,6687.301930501931
1789927994,50,GET,GET /api/v1/reservas,17.900000,0.000000,6,6,7,7,8,10,17,21,23,23,23,967,0,6,7.572674302914206,3.8156140071805567,151.47009599604644,8965.0
1789927994,50,GET,GET /api/v1/reservas/{id},6.900000,0.000000,4,5,5,5,6,7,8,10,10,10,10,306,0,4,4.712398470610721,2.828907992807217,21.19029599998612,442.0
1789927994,50,POST,POST /api/v1/auth/login,0.000000,0.000000,0,0,0,0,0,0,0,0,0,0,0,50,0,1600.0,1623.4495169619913,687.5017660058802,2694.6074739971664,1622.0
1789927994,50,,Aggregated,24.800000,0.000000,5,6,6,7,8,9,15,20,23,23,23,1323,0,5,67.9797776500563,2.828907992807217,2694.6074739971664,6716.1806500377925
1789927995,50,GET,GET /api/v1/reservas,18.100000,0.000000,6,6,7,7,9,10,17,21,23,23,23,980,0,6,7.563800199924878,3.8156140071805567,151.47009599604644,8965.0
1789927995,50,GET,GET /api/v1/reservas/{id},7.000000,0.000000,4,5,5,5,7,7,10,11,11,11,11,316,0,4,4.740440838517476,2.828907992807217,21.19029599998612,442.0
1789927995,50,POST,POST /api/v1/auth/login,0.000000,0.000000,0,0,0,0,0,0,0,0,0,0,0,50,0,1600.0,1623.4495169619913,687.5017660058802,2694.6074739971664,1622.0
1789927995,50,,Aggregated,25.100000,0.000000,5,6,7,7,8,10,15,20,23,23,23,1346,0,5,66.92643339450035,2.828907992807217,2694.6074739971664,6691.286775631501
1789927996,50,GET,GET /api/v1/reservas,18.100000,0.000000,6,6,7,7,9,10,17,21,23,23,23,1003,0,6,7.504939185378837,3.8156140071805567,151.47009599604644,8965.0
1789927996,50,GET,GET /api/v1/reservas/{id},6.800000,0.000000,4,5,5,5,7,7,10,11,11,11,11,321,0,4,4.728489171175396,2.828907992807217,21.19029599998612,442.0
1789927996,50,POST,POST /api/v1/auth/login,0.000000,0.000000,0,0,0,0,0,0,0,0,0,0,0,50,0,1600.0,1623.4495169619913,687.5017660058802,2694.6074739971664,1622.0
1789927996,50,,Aggregated,24.900000,0.000000,5,6,7,7,8,10,15,20,23,23,23,1374,0,5,65.66068040391691,2.828907992807217,2694.6074739971664,6706.606259097525
1789927997,50,GET,GET /api/v1/reservas,18.000000,0.000000,5,6,7,7,9,10,17,21,23,23,23,1021,0,6,7.470228786472629,3.8156140071805567,151.47009599604644,8965.0
1789927997,50,GET,GET /api/v1/reservas/{id},6.900000,0.000000,4,5,5,5,7,7,10,11,11,11,11,325,0,4,4.7350587690464,2.828907992807217,21.19029599998612,442.0
1789927997,50,POST,POST /api/v1/auth/login,0.000000,0.000000,0,0,0,0,0,0,0,0,0,0,0,50,0,1600.0,1623.4495169619913,687.5017660058802,2694.6074739971664,1622.0
1789927997,50,,Aggregated,24.900000,0.000000,5,6,6,7,8,10,15,20,23,23,23,1396,0,5,64.7123735952924,2.828907992807217,2694.6074739971664,6717.7757879656165
1789927998,50,GET,GET /api/v1/reservas,18.100000,0.000000,5,6,7,7,9,11,17,21,23,23,23,1038,0,6,7.441085536613421,3.8156140071805567,151.47009599604644,8965.0
1789927998,50,GET,GET /api/v1/reservas/{id},6.700000,0.000000,4,5,5,6,7,8,10,11,11,11,11,333,0,4,4.711629747599783,2.828907992807217,21.19029599998612,442.0
1789927998,50,POST,POST /api/v1/auth/login,0.000000,0.000000,0,0,0,0,0,0,0,0,0,0,0,50,0,1600.0,1623.4495169619913,687.5017660058802,2694.6074739971664,1622.0
1789927998,50,,Aggregated,24.800000,0.000000,5,6,6,7,8,10,16,20,23,23,23,1421,0,5,63.66312128153063,2.828907992807217,2694.6074739971664,6709.328641801549
1789927999,50,GET,GET /api/v1/reservas,18.100000,0.000000,5,6,6,7,8,9,17,21,23,23,23,1064,0,6,7.3931446795062294,3.8156140071805567,151.47009599604644,8965.0
1789927999,50,GET,GET /api/v1/reservas/{id},6.700000,0.000000,4,5,5,5,7,7,10,11,11,11,11,335,0,4,4.709149999830719,2.828907992807217,21.19029599998612,442.0
1789927999,50,POST,POST /api/v1/auth/login,0.000000,0.000000,0,0,0,0,0,0,0,0,0,0,0,50,0,1600.0,1623.4495169619913,687.5017660058802,2694.6074739971664,1622.0
1789927999,50,,Aggregated,24.800000,0.000000,5,6,6,6,8,9,16,20,23,23,23,1449,0,5,62.53716151624395,2.828907992807217,2694.6074739971664,6741.152518978606
1789928000,50,GET,GET /api/v1/reservas,17.800000,0.000000,5,6,6,7,8,11,17,21,23,23,23,1084,0,6,7.382764746298596,3.8156140071805567,151.47009599604644,8965.0
1789928000,50,GET,GET /api/v1/reservas/{id},6.800000,0.000000,4,5,5,6,7,10,11,11,11,11,11,341,0,4,4.735637166975353,2.828907992807217,21.19029599998612,442.0
1789928000,50,POST,POST /api/v1/auth/login,0.000000,0.000000,0,0,0,0,0,0,0,0,0,0,0,50,0,1600.0,1623.4495169619913,687.5017660058802,2694.6074739971664,1622.0
1789928000,50,,Aggregated,24.600000,0.000000,5,6,6,7,8,11,16,20,23,23,23,1475,0,5,61.55270854713616,2.828907992807217,2694.6074739971664,6745.682711864407
1789928001,50,GET,GET /api/v1/reservas,18.900000,0.000000,5,6,6,7,8,9,16,21,23,23,23,1105,0,6,7.345161801815134,3.8156140071805567,151.47009599604644,8965.0
1789928001,50,GET,GET /api/v1/reservas/{id},5.900000,0.000000,4,5,5,5,7,8,11,11,11,11,11,346,0,4,4.723670887034063,2.828907992807217,21.19029599998612,442.0
1789928001,50,POST,POST /api/v1/auth/login,0.000000,0.000000,0,0,0,0,0,0,0,0,0,0,0,50,0,1600.0,1623.4495169619913,687.5017660058802,2694.6074739971664,1622.0
1789928001,50,,Aggregated,24.800000,0.000000,5,6,6,7,8,9,12,17,23,23,23,1501,0,5,60.57512975750771,2.828907992807217,2694.6074739971664,6755.734177215189
1789928002,50,GET,GET /api/v1/reservas,19.300000,0.000000,5,6,6,7,8,9,16,21,23,23,23,1123,0,6,7.324205622436082,3.8156140071805567,151.47009599604644,8965.0
1789928002,50,GET,GET /api/v1/reservas/{id},6.000000,0.000000,4,5,5,6,7,8,11,11,11,11,11,350,0,4,4.723366179761277,2.828907992807217,21.19029599998612,442.0
1789928002,50,POST,POST /api/v1/auth/login,0.000000,0.000000,0,0,0,0,0,0,0,0,0,0,0,50,0,1600.0,1623.4495169619913,687.5017660058802,2694.6074739971664,1622.0
1789928002,50,,Aggregated,25.300000,0.000000,5,6,6,6,8,9,12,17,23,23,23,1523,0,5,59.78380625411145,2.828907992807217,2694.6074739971664,6765.262639527249
1789928003,50,GET,GET /api/v1/reservas,19.400000,0.000000,5,6,6,6,7,9,9,12,16,16,16,1142,0,6,7.288613235532578,3.8156140071805567,151.47009599604644,8965.0
1789928003,50,GET,GET /api/v1/reservas/{id},5.500000,0.000000,4,5,5,5,7,8,11,11,11,11,11,357,0,4,4.705773515112213,2.828907992807217,21.19029599998612,442.0
1789928003,50,POST,POST /api/v1/auth/login,0.000000,0.000000,0,0,0,0,0,0,0,0,0,0,0,50,0,1600.0,1623.4495169619913,687.5017660058802,2694.6074739971664,1622.0
1789928003,50,,Aggregated,24.900000,0.000000,5,6,6,6,7,9,11,11,16,16,16,1549,0,5,58.86122227758091,2.828907992807217,2694.6074739971664,6763.669464170433
1789928004,50,GET,GET /api/v1/reservas,20.100000,0.000000,5,6,6,6,7,9,11,16,19,19,19,1158,0,6,7.269600948140597,3.8156140071805567,151.47009599604644,8965.0
1789928004,50,GET,GET /api/v1/reservas/{id},5.500000,0.000000,4,4,5,5,7,8,11,11,11,11,11,364,0,4,4.706612703108016,2.828907992807217,21.19029599998612,442.0
1789928004,50,POST,POST /api/v1/auth/login,0.000000,0.000000,0,0,0,0,0,0,0,0,0,0,0,50,0,1600.0,1623.4495169619913,687.5017660058802,2694.6074739971664,1622.0
1789928004,50,,Aggregated,25.600000,0.000000,5,6,6,6,7,9,11,12,19,19,19,1572,0,5,58.0813490903166,2.828907992807217,2694.6074739971664,6757.924936386768
1789928005,50,GET,GET /api/v1/reservas,19.300000,0.000000,5,6,6,6,7,9,12,16,19,19,19,1176,0,6,7.254266935300385,3.8156140071805567,151.47009599604644,8965.0
1789928005,50,GET,GET /api/v1/reservas/{id},5.300000,0.000000,4,4,5,5,6,8,8,11,11,11,11,375,0,4,4.6935556612055125,2.828907992807217,21.19029599998612,442.0
1789928005,50,POST,POST /api/v1/auth/login,0.000000,0.000000,0,0,0,0,0,0,0,0,0,0,0,50,0,1600.0,1623.4495169619913,687.5017660058802,2694.6074739971664,1622.0
1789928005,50,,Aggregated,24.600000,0.000000,5,6,6,6,7,9,11,14,19,19,19,1601,0,5,57.129030066811296,2.828907992807217,2694.6074739971664,6739.344159900063
1789928006,50,GET,GET /api/v1/reservas,19.600000,0.000000,5,6,6,7,8,9,12,16,19,19,19,1195,0,6,7.238021839232765,3.8156140071805567,151.47009599604644,8965.0
1789928006,50,GET,GET /api/v1/reservas/{id},5.700000,0.000000,4,4,5,5,6,8,8,11,11,11,11,379,0,4,4.690939142366584,2.828907992807217,21.19029599998612,442.0
1789928006,50,POST,POST /api/v1/auth/login,0.000000,0.000000,0,0,0,0,0,0,0,0,0,0,0,50,0,1600.0,1623.4495169619913,687.5017660058802,2694.6074739971664,1622.0
1789928006,50,,Aggregated,25.300000,0.000000,5,6,6,6,7,9,11,14,19,19,19,1624,0,5,56.4038041138791,2.828907992807217,2694.6074739971664,6749.8725369458125
1789928007,50,GET,GET /api/v1/reservas,19.700000,0.000000,5,6,6,7,8,9,11,14,19,19,19,1217,0,6,7.20239832368182,3.8156140071805567,151.47009599604644,8965.0
1789928007,50,GET,GET /api/v1/reservas/{id},5.700000,0.000000,4,4,5,5,6,8,8,11,11,11,11,386,0,4,4.678763911799694,2.828907992807217,21.19029599998612,442.0
1789928007,50,POST,POST /api/v1/auth/login,0.000000,0.000000,0,0,0,0,0,0,0,0,0,0,0,50,0,1600.0,1623.4495169619913,687.5017660058802,2694.6074739971664,1622.0
1789928007,50,,Aggregated,25.400000,0.000000,5,6,6,6,7,9,11,12,19,19,19,1653,0,5,55.50138988383244,2.828907992807217,2694.6074739971664,6752.641863278887
1789928008,50,GET,GET /api/v1/reservas,19.800000,0.000000,5,6,6,7,8,9,11,14,19,19,19,1232,0,6,7.183980175276312,3.8156140071805567,151.47009599604644,8965.0
1789928008,50,GET,GET /api/v1/reservas/{id},5.900000,0.000000,4,4,5,5,6,8,8,11,11,11,11,393,0,4,4.665169295109571,2.828907992807217,21.19029599998612,442.0
1789928008,50,POST,POST /api/v1/auth/login,0.000000,0.000000,0,0,0,0,0,0,0,0,0,0,0,50,0,1600.0,1623.4495169619913,687.5017660058802,2694.6074739971664,1622.0
1789928008,50,,Aggregated,25.700000,0.000000,5,6,6,6,7,9,11,12,19,19,19,1675,0,5,54.83973191463764,2.828907992807217,2694.6074739971664,6746.081194029851
1789928009,50,GET,GET /api/v1/reservas,19.200000,0.000000,5,6,6,7,8,9,11,14,19,19,19,1249,0,6,7.165493746949889,3.8156140071805567,151.47009599604644,8965.0
1789928009,50,GET,GET /api/v1/reservas/{id},5.900000,0.000000,4,4,5,5,6,6,9,11,11,11,11,400,0,4,4.669207019942405,2.828907992807217,21.19029599998612,442.0
1789928009,50,POST,POST /api/v1/auth/login,0.000000,0.000000,0,0,0,0,0,0,0,0,0,0,0,50,0,1600.0,1623.4495169619913,687.5017660058802,2694.6074739971664,1622.0
1789928009,50,,Aggregated,25.100000,0.000000,5,6,6,6,7,9,11,12,19,19,19,1699,0,5,54.143531692770416,2.828907992807217,2694.6074739971664,6742.310182460271
1789928010,50,GET,GET /api/v1/reservas,19.700000,0.000000,5,6,6,7,8,9,10,15,19,19,19,1268,0,6,7.154504999946505,3.8156140071805567,151.47009599604644,8965.0
1789928010,50,GET,GET /api/v1/reservas/{id},5.800000,0.000000,4,4,5,5,6,7,8,9,9,9,9,408,0,4,4.681868120029571,2.828907992807217,21.19029599998612,442.0
1789928010,50,POST,POST /api/v1/auth/login,0.000000,0.000000,0,0,0,0,0,0,0,0,0,0,0,50,0,1600.0,1623.4495169619913,687.5017660058802,2694.6074739971664,1622.0
1789928010,50,,Aggregated,25.500000,0.000000,5,6,6,6,8,9,9,14,19,19,19,1726,0,5,53.39199906199525,2.828907992807217,2694.6074739971664,6737.575898030127
1789928011,50,GET,GET /api/v1/reservas,19.000000,0.000000,5,6,6,7,8,9,12,15,19,19,19,1289,0,6,7.132609373861595,3.8156140071805567,151.47009599604644,8965.0
1789928011,50,GET,GET /api/v1/reservas/{id},6.400000,0.000000,4,4,5,5,6,7,8,9,9,9,9,413,0,4,4.6698915423035,2.828907992807217,21.19029599998612,442.0
1789928011,50,POST,POST /api/v1/auth/login,0.000000,0.000000,0,0,0,0,0,0,0,0,0,0,0,50,0,1600.0,1623.4495169619913,687.5017660058802,2694.6074739971664,1622.0
1789928011,50,,Aggregated,25.400000,0.000000,5,6,6,6,8,9,10,14,19,19,19,1752,0,5,52.679837065056226,2.828907992807217,2694.6074739971664,6746.307648401827
1789928012,50,GET,GET /api/v1/reservas,18.200000,0.000000,5,6,6,7,8,9,13,15,19,19,19,1306,0,6,7.124418600236945,3.8156140071805567,151.47009599604644,8965.0
1789928012,50,GET,GET /api/v1/reservas/{id},6.600000,0.000000,4,5,5,5,6,8,9,9,9,9,9,423,0,4,4.68144897397951,2.828907992807217,21.19029599998612,442.0
1789928012,50,POST,POST /api/v1/auth/login,0.000000,0.000000,0,0,0,0,0,0,0,0,0,0,0,50,0,1600.0,1623.4495169619913,687.5017660058802,2694.6074739971664,1622.0
1789928012,50,,Aggregated,24.800000,0.000000,5,6,6,6,8,9,12,14,19,19,19,1779,0,5,51.97145556829812,2.828907992807217,2694.6074739971664,6732.071950534008
1789928013,50,GET,GET /api/v1/reservas,18.000000,0.000000,5,6,7,7,8,10,13,15,15,15,15,1323,0,6,7.118498386913919,3.8156140071805567,151.47009599604644,8965.0
1789928013,50,GET,GET /api/v1/reservas/{id},6.800000,0.000000,4,5,5,5,6,8,9,11,11,11,11,426,0,4,4.695915288708343,2.828907992807217,21.19029599998612,442.0
1789928013,50,POST,POST /api/v1/auth/login,0.000000,0.000000,0,0,0,0,0,0,0,0,0,0,0,50,0,1600.0,1623.4495169619913,687.5017660058802,2694.6074739971664,1622.0
1789928013,50,,Aggregated,24.800000,0.000000,5,6,6,7,8,9,13,14,15,15,15,1799,0,5,51.46787611282737,2.828907992807217,2694.6074739971664,6742.683157309616
1789928014,50,GET,GET /api/v1/reservas,18.200000,0.000000,6,7,7,8,11,15,57,100,110,110,110,1346,0,6,7.458078098009159,3.8156140071805567,151.47009599604644,8965.0
1789928014,50,GET,GET /api/v1/reservas/{id},7.000000,0.000000,4,5,6,6,7,8,9,11,11,11,11,431,0,4,4.714850883951449,2.828907992807217,21.19029599998612,442.0
1789928014,50,POST,POST /api/v1/auth/login,0.000000,0.000000,0,0,0,0,0,0,0,0,0,0,0,50,0,1600.0,1623.4495169619913,687.5017660058802,2694.6074739971664,1622.0
1789928014,50,,Aggregated,25.200000,0.000000,5,6,7,8,10,13,50,79,110,110,110,1827,0,5,51.036206731802395,2.828907992807217,2694.6074739971664,6753.416529830323
1789928015,50,GET,GET /api/v1/reservas,18.200000,0.000000,6,7,9,10,15,33,57,100,110,110,110,1362,0,6,7.6062024698400235,3.8156140071805567,151.47009599604644,8965.0
1789928015,50,GET,GET /api/v1/reservas/{id},7.200000,0.000000,5,6,7,7,9,11,58,87,87,87,87,439,0,4,5.082109373618142,2.828907992807217,86.64649599813856,442.0
1789928015,50,POST,POST /api/v1/auth/login,0.000000,0.000000,0,0,0,0,0,0,0,0,0,0,0,50,0,1600.0,1623.4495169619913,687.5017660058802,2694.6074739971664,1622.0
1789928015,50,,Aggregated,25.400000,0.000000,6,7,8,9,13,32,58,87,110,110,110,1851,0,5,50.65541308862239,2.828907992807217,2694.6074739971664,6745.255537547272
1789928016,50,GET,GET /api/v1/reservas,18.000000,0.000000,6,9,10,13,31,50,87,110,150,150,150,1376,0,6,7.95426469324221,3.8156140071805567,153.60354000586085,8965.0
1789928016,50,GET,GET /api/v1/reservas/{id},6.700000,0.000000,5,7,8,9,12,41,85,87,87,87,87,446,0,4,5.448049381240887,2.828907992807217,86.64649599813856,442.0
1789928016,50,POST,POST /api/v1/auth/login,0.000000,0.000000,0,0,0,0,0,0,0,0,0,0,0,50,0,1600.0,1623.4495169619913,687.5017660058802,2694.6074739971664,1622.0
1789928016,50,,Aggregated,24.700000,0.000000,6,8,10,11,29,50,87,100,150,150,150,1872,0,5,50.50607590279609,2.828907992807217,2694.6074739971664,6738.286324786325
1789928017,50,GET,GET /api/v1/reservas,18.400000,0.000000,7,9,11,13,32,51,87,110,150,150,150,1400,0,6,7.996715692819895,3.8156140071805567,153.60354000586085,8965.0
1789928017,50,GET,GET /api/v1/reservas/{id},6.800000,0.000000,5,6,7,9,12,41,85,87,87,87,87,453,0,4,5.436438395199469,2.828907992807217,86.64649599813856,442.0
1789928017,50,POST,POST /api/v1/auth/login,0.000000,0.000000,0,0,0,0,0,0,0,0,0,0,0,50,0,1600.0,1623.4495169619913,687.5017660058802,2694.6074739971664,1622.0
1789928017,50,,Aggregated,25.200000,0.000000,6,8,10,11,31,50,87,100,150,150,150,1903,0,5,49.83215155600251,2.828907992807217,2694.6074739971664,6743.208617971623
1789928018,50,GET,GET /api/v1/reservas,18.000000,0.000000,7,9,11,13,33,50,87,110,150,150,150,1420,0,6,8.032908435887576,3.8156140071805567,153.60354000586085,8965.0
1789928018,50,GET,GET /api/v1/reservas/{id},6.700000,0.000000,5,7,8,9,12,41,85,87,87,87,87,458,0,4,5.426001893069217,2.828907992807217,86.64649599813856,442.0
1789928018,50,POST,POST /api/v1/auth/login,0.000000,0.000000,0,0,0,0,0,0,0,0,0,0,0,50,0,1600.0,1623.4495169619913,687.5017660058802,2694.6074739971664,1622.0
1789928018,50,,Aggregated,24.700000,0.000000,6,8,10,12,32,50,87,100,150,150,150,1928,0,5,49.30721716498217,2.828907992807217,2694.6074739971664,6749.914937759336
1789928019,50,GET,GET /api/v1/reservas,18.300000,0.000000,7,9,12,14,36,51,87,110,150,150,150,1431,0,6,8.010319578608597,3.8156140071805567,153.60354000586085,8965.0
1789928019,50,GET,GET /api/v1/reservas/{id},6.900000,0.000000,5,6,7,9,12,41,85,87,87,87,87,465,0,4,5.410776462409675,2.828907992807217,86.64649599813856,442.0
1789928019,50,POST,POST /api/v1/auth/login,0.000000,0.000000,0,0,0,0,0,0,0,0,0,0,0,50,0,1600.0,1623.4495169619913,687.5017660058802,2694.6074739971664,1622.0
1789928019,50,,Aggregated,25.200000,0.000000,6,8,10,13,33,51,87,100,150,150,150,1946,0,5,48.89581409049793,2.828907992807217,2694.6074739971664,6739.745632065776
1789928020,50,GET,GET /api/v1/reservas,18.100000,0.000000,7,9,11,13,33,50,87,110,150,150,150,1456,0,6,7.993794036407892,3.8156140071805567,153.60354000586085,8965.0
1789928020,50,GET,GET /api/v1/reservas/{id},6.900000,0.000000,5,6,7,9,12,41,85,87,87,87,87,475,0,4,5.402273498965721,2.828907992807217,86.64649599813856,442.0
1789928020,50,POST,POST /api/v1/auth/login,0.000000,0.000000,0,0,0,0,0,0,0,0,0,0,0,50,0,1600.0,1623.4495169619913,687.5017660058802,2694.6074739971664,1622.0
1789928020,50,,Aggregated,25.000000,0.000000,6,8,10,12,32,50,87,100,150,150,150,1981,0,5,48.14614834786379,2.828907992807217,2694.6074739971664,6736.037354871277
1789928021,50,GET,GET /api/v1/reservas,18.900000,0.000000,7,9,12,13,36,51,87,110,150,150,150,1471,0,6,7.972704884431558,3.8156140071805567,153.60354000586085,8965.0
1789928021,50,GET,GET /api/v1/reservas/{id},6.500000,0.000000,5,6,7,9,12,41,85,87,87,87,87,482,0,4,5.395882883821894,2.828907992807217,86.64649599813856,442.0
1789928021,50,POST,POST /api/v1/auth/login,0.000000,0.000000,0,0,0,0,0,0,0,0,0,0,0,50,0,1600.0,1623.4495169619913,687.5017660058802,2694.6074739971664,1622.0
1789928021,50,,Aggregated,25.400000,0.000000,6,8,10,13,33,51,87,100,150,150,150,2003,0,5,47.67905156420397,2.828907992807217,2694.6074739971664,6730.733399900149
1789928022,50,GET,GET /api/v1/reservas,18.900000,0.000000,6,9,10,13,36,51,87,110,150,150,150,1492,0,6,7.932964770091606,3.8156140071805567,153.60354000586085,8965.0
1789928022,50,GET,GET /api/v1/reservas/{id},6.600000,0.000000,5,6,7,8,12,41,85,87,87,87,87,489,0,4,5.373316670722492,2.828907992807217,86.64649599813856,442.0
1789928022,50,POST,POST /api/v1/auth/login,0.000000,0.000000,0,0,0,0,0,0,0,0,0,0,0,50,0,1600.0,1623.4495169619913,687.5017660058802,2694.6074739971664,1622.0
1789928022,50,,Aggregated,25.500000,0.000000,6,8,10,11,32,50,87,100,150,150,150,2031,0,5,47.08813940771026,2.828907992807217,2694.6074739971664,6732.160512063023
1789928023,50,GET,GET /api/v1/reservas,18.700000,0.000000,7,9,12,14,36,51,87,110,150,150,150,1505,0,6,7.9481149348933124,3.8156140071805567,153.60354000586085,8965.0
1789928023,50,GET,GET /api/v1/reservas/{id},6.800000,0.000000,5,6,7,9,12,41,85,87,87,87,87,500,0,4,5.411967733991332,2.828907992807217,86.64649599813856,442.0
1789928023,50,POST,POST /api/v1/auth/login,0.000000,0.000000,0,0,0,0,0,0,0,0,0,0,0,50,0,1600.0,1623.4495169619913,687.5017660058802,2694.6074739971664,1622.0
1789928023,50,,Aggregated,25.500000,0.000000,6,8,10,13,32,50,87,100,150,150,150,2055,0,5,46.63765094506553,2.828907992807217,2694.6074739971664,6712.615571776156
1789928024,50,GET,GET /api/v1/reservas,18.100000,0.000000,6,7,9,10,24,42,65,87,150,150,150,1525,0,6,7.914773032811593,3.8156140071805567,153.60354000586085,8965.0
1789928024,50,GET,GET /api/v1/reservas/{id},6.900000,0.000000,5,6,6,7,13,41,85,87,87,87,87,503,0,4,5.409659809106822,2.828907992807217,86.64649599813856,442.0
1789928024,50,POST,POST /api/v1/auth/login,0.000000,0.000000,0,0,0,0,0,0,0,0,0,0,0,50,0,1600.0,1623.4495169619913,687.5017660058802,2694.6074739971664,1622.0
1789928024,50,,Aggregated,25.000000,0.000000,6,7,8,9,20,42,70,87,150,150,150,2078,0,5,46.18073320843021,2.828907992807217,2694.6074739971664,6725.241097208855
1789928025,50,GET,GET /api/v1/reservas,18.600000,0.000000,6,6,7,8,13,36,65,87,150,150,150,1542,0,6,7.885472304182808,3.8156140071805567,153.60354000586085,8965.0
1789928025,50,GET,GET /api/v1/reservas/{id},6.500000,0.000000,4,5,6,6,7,10,17,85,85,85,85,514,0,4,5.3779005232912125,2.828907992807217,86.64649599813856,442.0
1789928025,50,POST,POST /api/v1/auth/login,0.000000,0.000000,0,0,0,0,0,0,0,0,0,0,0,50,0,1600.0,1623.4495169619913,687.5017660058802,2694.6074739971664,1622.0
1789928025,50,,Aggregated,25.100000,0.000000,5,6,7,7,10,24,65,85,150,150,150,2106,0,5,45.62968424032343,2.828907992807217,2694.6074739971664,6710.502374169041
1789928026,50,GET,GET /api/v1/reservas,18.200000,0.000000,5,6,7,7,9,14,36,44,65,65,65,1561,0,6,7.856633577239714,3.8156140071805567,153.60354000586085,8965.0
1789928026,50,GET,GET /api/v1/reservas/{id},7.200000,0.000000,4,5,6,6,7,9,10,17,17,17,17,524,0,4,5.391651295740441,2.828907992807217,86.64649599813856,442.0
1789928026,50,POST,POST /api/v1/auth/login,0.000000,0.000000,0,0,0,0,0,0,0,0,0,0,0,50,0,1600.0,1623.4495169619913,687.5017660058802,2694.6074739971664,1622.0
1789928026,50,,Aggregated,25.400000,0.000000,5,6,6,7,9,12,28,44,65,65,65,2135,0,5,45.08754386001815,2.828907992807217,2694.6074739971664,6701.205152224824
1789928027,50,GET,GET /api/v1/reservas,18.000000,0.000000,5,6,6,7,8,10,13,14,20,20,20,1575,0,6,7.8367858641551775,3.8156140071805567,153.60354000586085,8965.0
1789928027,50,GET,GET /api/v1/reservas/{id},7.100000,0.000000,4,5,6,6,7,9,10,17,17,17,17,533,0,4,5.362637684753472,2.828907992807217,86.64649599813856,442.0
1789928027,50,POST,POST /api/v1/auth/login,0.000000,0.000000,0,0,0,0,0,0,0,0,0,0,0,50,0,1600.0,1623.4495169619913,687.5017660058802,2694.6074739971664,1622.0
1789928027,50,,Aggregated,25.100000,0.000000,5,6,6,7,8,10,13,14,20,20,20,2158,0,5,44.65880420302019,2.828907992807217,2694.6074739971664,6689.787303058388
1789928028,50,GET,GET /api/v1/reservas,18.700000,0.000000,5,6,6,7,8,10,13,14,20,20,20,1592,0,6,7.810160297768521,3.8156140071805567,153.60354000586085,8965.0
1789928028,50,GET,GET /api/v1/reservas/{id},7.100000,0.000000,4,5,6,6,7,9,10,17,17,17,17,539,0,4,5.346621743917201,2.828907992807217,86.64649599813856,442.0
1789928028,50,POST,POST /api/v1/auth/login,0.000000,0.000000,0,0,0,0,0,0,0,0,0,0,0,50,0,1600.0,1623.4495169619913,687.5017660058802,2694.6074739971664,1622.0
1789928028,50,,Aggregated,25.800000,0.000000,5,6,6,7,8,10,13,14,20,20,20,2181,0,5,44.24029351770675,2.828907992807217,2694.6074739971664,6690.333791838606
1789928029,50,GET,GET /api/v1/reservas,17.700000,0.000000,5,6,6,7,8,10,13,14,20,20,20,1611,0,6,7.778657682825771,3.8156140071805567,153.60354000586085,8965.0
1789928029,50,GET,GET /api/v1/reservas/{id},7.300000,0.000000,4,5,5,6,7,9,10,17,17,17,17,545,0,4,5.3299067834330245,2.828907992807217,86.64649599813856,442.0
1789928029,50,POST,POST /api/v1/auth/login,0.000000,0.000000,0,0,0,0,0,0,0,0,0,0,0,50,0,1600.0,1623.4495169619913,687.5017660058802,2694.6074739971664,1622.0
1789928029,50,,Aggregated,25.000000,0.000000,5,6,6,6,8,10,13,14,20,20,20,2206,0,5,43.793604973754704,2.828907992807217,2694.6074739971664,6692.930643699003
1789928030,50,GET,GET /api/v1/reservas,17.700000,0.000000,5,6,6,6,7,9,13,14,20,20,20,1630,0,6,7.754130568748134,3.8156140071805567,153.60354000586085,8965.0
1789928030,50,GET,GET /api/v1/reservas/{id},8.000000,0.000000,4,5,5,6,7,9,10,17,17,17,17,553,0,4,5.330096424895568,2.828907992807217,86.64649599813856,442.0
1789928030,50,POST,POST /api/v1/auth/login,0.000000,0.000000,0,0,0,0,0,0,0,0,0,0,0,50,0,1600.0,1623.4495169619913,687.5017660058802,2694.6074739971664,1622.0
1789928030,50,,Aggregated,25.700000,0.000000,5,6,6,6,7,9,13,14,20,20,20,2233,0,5,43.331505597011315,2.828907992807217,2694.6074739971664,6689.868338557993
1789928031,50,GET,GET /api/v1/reservas,16.800000,0.000000,5,6,6,6,8,9,13,14,20,20,20,1645,0,6,7.74366048150158,3.8156140071805567,153.60354000586085,8965.0
1789928031,50,GET,GET /api/v1/reservas/{id},8.000000,0.000000,4,5,6,6,8,9,10,17,17,17,17,558,0,4,5.332209019651336,2.828907992807217,86.64649599813856,442.0
1789928031,50,POST,POST /api/v1/auth/login,0.000000,0.000000,0,0,0,0,0,0,0,0,0,0,0,50,0,1600.0,1623.4495169619913,687.5017660058802,2694.6074739971664,1622.0
1789928031,50,,Aggregated,24.800000,0.000000,5,6,6,6,8,9,13,14,20,20,20,2253,0,5,43.00318241151137,2.828907992807217,2694.6074739971664,6691.150022192632
1789928032,50,GET,GET /api/v1/reservas,17.600000,0.000000,5,6,6,6,7,8,11,14,14,14,14,1669,0,6,7.70938393175535,3.8156140071805567,153.60354000586085,8965.0
1789928032,50,GET,GET /api/v1/reservas/{id},7.800000,0.000000,4,5,5,6,8,9,10,17,17,17,17,567,0,4,5.310532435497829,2.828907992807217,86.64649599813856,442.0
1789928032,50,POST,POST /api/v1/auth/login,0.000000,0.000000,0,0,0,0,0,0,0,0,0,0,0,50,0,1600.0,1623.4495169619913,687.5017660058802,2694.6074739971664,1622.0
1789928032,50,,Aggregated,25.400000,0.000000,5,6,6,6,7,9,11,14,17,17,17,2286,0,5,42.45429112910171,2.828907992807217,2694.6074739971664,6690.419510061242
1789928033,50,GET,GET /api/v1/reservas,17.100000,0.000000,5,6,6,6,7,8,11,13,14,14,14,1685,0,6,7.70367812646832,3.8156140071805567,153.60354000586085,8965.0
1789928033,50,GET,GET /api/v1/reservas/{id},7.800000,0.000000,4,5,5,5,7,8,9,9,9,9,9,572,0,4,5.303860716683541,2.828907992807217,86.64649599813856,442.0
1789928033,50,POST,POST /api/v1/auth/login,0.000000,0.000000,0,0,0,0,0,0,0,0,0,0,0,50,0,1600.0,1623.4495169619913,687.5017660058802,2694.6074739971664,1622.0
1789928033,50,,Aggregated,24.900000,0.000000,5,6,6,6,7,8,10,12,14,14,14,2307,0,5,42.12699688822786,2.828907992807217,2694.6074739971664,6692.652362375379
1789928034,50,GET,GET /api/v1/reservas,17.300000,0.000000,5,6,6,6,8,8,11,13,14,14,14,1703,0,6,7.6779341850246166,3.8156140071805567,153.60354000586085,8965.0
1789928034,50,GET,GET /api/v1/reservas/{id},7.600000,0.000000,4,5,5,5,7,8,9,9,9,9,9,577,0,4,5.293436322259947,2.828907992807217,86.64649599813856,442.0
1789928034,50,POST,POST /api/v1/auth/login,0.000000,0.000000,0,0,0,0,0,0,0,0,0,0,0,50,0,1600.0,1623.4495169619913,687.5017660058802,2694.6074739971664,1622.0
1789928034,50,,Aggregated,24.900000,0.000000,5,6,6,6,7,8,10,12,14,14,14,2330,0,5,41.760648293193334,2.828907992807217,2694.6074739971664,6696.79356223176
1789928035,50,GET,GET /api/v1/reservas,17.500000,0.000000,5,6,6,6,7,8,11,13,14,14,14,1724,0,6,7.646192418845366,3.8156140071805567,153.60354000586085,8965.0
1789928035,50,GET,GET /api/v1/reservas/{id},8.000000,0.000000,4,5,5,5,6,8,9,9,9,9,9,585,0,4,5.269027280230195,2.828907992807217,86.64649599813856,442.0
1789928035,50,POST,POST /api/v1/auth/login,0.000000,0.000000,0,0,0,0,0,0,0,0,0,0,0,50,0,1600.0,1623.4495169619913,687.5017660058802,2694.6074739971664,1622.0
1789928035,50,,Aggregated,25.500000,0.000000,5,6,6,6,7,8,10,12,14,14,14,2359,0,5,41.304320702468694,2.828907992807217,2694.6074739971664,6695.773632895294
1789928036,50,GET,GET /api/v1/reservas,18.000000,0.000000,5,6,6,6,8,8,11,13,14,14,14,1743,0,6,7.626599217528262,3.8156140071805567,153.60354000586085,8965.0
1789928036,50,GET,GET /api/v1/reservas/{id},7.600000,0.000000,4,4,5,5,5,6,8,9,9,9,9,593,0,4,5.250921436662246,2.828907992807217,86.64649599813856,442.0
1789928036,50,POST,POST /api/v1/auth/login,0.000000,0.000000,0,0,0,0,0,0,0,0,0,0,0,50,0,1600.0,1623.4495169619913,687.5017660058802,2694.6074739971664,1622.0
1789928036,50,,Aggregated,25.600000,0.000000,5,5,6,6,7,8,11,12,14,14,14,2386,0,5,40.89666164970328,2.828907992807217,2694.6074739971664,6692.875523889355
1789928037,50,GET,GET /api/v1/reservas,18.100000,0.000000,5,6,6,6,8,8,11,13,14,14,14,1759,0,6,7.611900327020765,3.8156140071805567,153.60354000586085,8965.0
1789928037,50,GET,GET /api/v1/reservas/{id},7.500000,0.000000,4,5,5,5,6,7,8,9,9,9,9,599,0,4,5.25448441892965,2.828907992807217,86.64649599813856,442.0
1789928037,50,POST,POST /api/v1/auth/login,0.000000,0.000000,0,0,0,0,0,0,0,0,0,0,0,50,0,1600.0,1623.4495169619913,687.5017660058802,2694.6074739971664,1622.0
1789928037,50,,Aggregated,25.600000,0.000000,5,6,6,6,7,8,11,12,14,14,14,2408,0,5,40.5769288580847,2.828907992807217,2694.6074739971664,6692.39742524917
1789928038,50,GET,GET /api/v1/reservas,17.900000,0.000000,5,6,6,6,8,9,11,13,14,14,14,1779,0,6,7.595335013040278,3.8156140071805567,153.60354000586085,8965.0
1789928038,50,GET,GET /api/v1/reservas/{id},7.200000,0.000000,4,5,5,5,6,7,8,9,9,9,9,606,0,4,5.239618732579546,2.828907992807217,86.64649599813856,442.0
1789928038,50,POST,POST /api/v1/auth/login,0.000000,0.000000,0,0,0,0,0,0,0,0,0,0,0,50,0,1600.0,1623.4495169619913,687.5017660058802,2694.6074739971664,1622.0
1789928038,50,,Aggregated,25.100000,0.000000,5,6,6,6,8,8,11,12,14,14,14,2435,0,5,40.18882373233734,2.828907992807217,2694.6074739971664,6693.095277207392
1789928039,50,GET,GET /api/v1/reservas,18.400000,0.000000,5,6,6,7,8,9,11,13,14,14,14,1798,0,6,7.573077262605067,3.8156140071805567,153.60354000586085,8965.0
1789928039,50,GET,GET /api/v1/reservas/{id},7.100000,0.000000,4,5,5,5,6,7,8,9,9,9,9,612,0,4,5.220936097959292,2.828907992807217,86.64649599813856,442.0
1789928039,50,POST,POST /api/v1/auth/login,0.000000,0.000000,0,0,0,0,0,0,0,0,0,0,0,50,0,1600.0,1623.4495169619913,687.5017660058802,2694.6074739971664,1622.0
1789928039,50,,Aggregated,25.500000,0.000000,5,6,6,6,8,8,11,12,14,14,14,2460,0,5,39.830927503339254,2.828907992807217,2694.6074739971664,6695.39593495935
1789928040,50,GET,GET /api/v1/reservas,18.000000,0.000000,5,6,6,6,8,8,11,12,14,14,14,1820,0,6,7.544616601776247,3.8156140071805567,153.60354000586085,8965.0
1789928040,50,GET,GET /api/v1/reservas/{id},6.700000,0.000000,4,4,5,5,6,7,8,9,9,9,9,620,0,4,5.214421249970216,2.828907992807217,86.64649599813856,442.0
1789928040,50,POST,POST /api/v1/auth/login,0.000000,0.000000,0,0,0,0,0,0,0,0,0,0,0,50,0,1600.0,1623.4495169619913,687.5017660058802,2694.6074739971664,1622.0
1789928040,50,,Aggregated,24.700000,0.000000,5,6,6,6,7,8,10,11,14,14,14,2490,0,5,39.41229688285698,2.828907992807217,2694.6074739971664,6695.357429718875
1789928041,50,GET,GET /api/v1/reservas,19.300000,0.000000,5,6,6,7,8,9,11,12,14,14,14,1838,0,6,7.533158555081719,3.8156140071805567,153.60354000586085,8965.0
1789928041,50,GET,GET /api/v1/reservas/{id},6.800000,0.000000,4,4,5,5,6,6,7,8,8,8,8,629,0,4,5.202492165302603,2.828907992807217,86.64649599813856,442.0
1789928041,50,POST,POST /api/v1/auth/login,0.000000,0.000000,0,0,0,0,0,0,0,0,0,0,0,50,0,1600.0,1623.4495169619913,687.5017660058802,2694.6074739971664,1622.0
1789928041,50,,Aggregated,26.100000,0.000000,5,6,6,6,7,8,11,11,14,14,14,2517,0,5,39.05077029968816,2.828907992807217,2694.6074739971664,6689.228446563369
1789928042,50,GET,GET /api/v1/reservas,18.300000,0.000000,5,6,6,7,8,9,11,12,14,14,14,1861,0,6,7.505021188208272,3.8156140071805567,153.60354000586085,8965.0
1789928042,50,GET,GET /api/v1/reservas/{id},6.700000,0.000000,4,4,5,5,6,6,7,8,8,8,8,632,0,4,5.195627216703024,2.828907992807217,86.64649599813856,442.0
1789928042,50,POST,POST /api/v1/auth/login,0.000000,0.000000,0,0,0,0,0,0,0,0,0,0,0,50,0,1600.0,1623.4495169619913,687.5017660058802,2694.6074739971664,1622.0
1789928042,50,,Aggregated,25.000000,0.000000,5,6,6,6,7,8,11,11,14,14,14,2543,0,5,38.703482768506284,2.828907992807217,2694.6074739971664,6702.441604404247
1789928043,50,GET,GET /api/v1/reservas,19.300000,0.000000,5,6,6,6,8,9,11,11,13,13,13,1872,0,6,7.502195085056199,3.8156140071805567,153.60354000586085,8965.0
1789928043,50,GET,GET /api/v1/reservas/{id},6.800000,0.000000,4,4,5,5,6,7,7,8,8,8,8,638,0,4,5.192143999934773,2.828907992807217,86.64649599813856,442.0
1789928043,50,POST,POST /api/v1/auth/login,0.000000,0.000000,0,0,0,0,0,0,0,0,0,0,0,50,0,1600.0,1623.4495169619913,687.5017660058802,2694.6074739971664,1622.0
1789928043,50,,Aggregated,26.100000,0.000000,5,6,6,6,7,8,10,11,13,13,13,2560,0,5,38.48795817159498,2.828907992807217,2694.6074739971664,6697.490625
1789928044,50,GET,GET /api/v1/reservas,19.100000,0.000000,5,6,6,7,8,9,11,11,13,13,13,1895,0,6,7.483626635991514,3.7957729946356267,153.60354000586085,8965.0
1789928044,50,GET,GET /api/v1/reservas/{id},6.600000,0.000000,4,5,5,5,6,7,8,10,10,10,10,644,0,4,5.189174131893586,2.828907992807217,86.64649599813856,442.0
1789928044,50,POST,POST /api/v1/auth/login,0.000000,0.000000,0,0,0,0,0,0,0,0,0,0,0,50,0,1600.0,1623.4495169619913,687.5017660058802,2694.6074739971664,1622.0
1789928044,50,,Aggregated,25.700000,0.000000,5,6,6,6,8,9,11,11,13,13,13,2589,0,5,38.12119600781883,2.828907992807217,2694.6074739971664,6703.137504828119
1789928045,50,GET,GET /api/v1/reservas,19.100000,0.000000,5,6,6,7,8,9,11,11,13,13,13,1913,0,6,7.462571287623588,3.7957729946356267,153.60354000586085,8965.0
1789928045,50,GET,GET /api/v1/reservas/{id},6.600000,0.000000,4,5,5,5,6,7,8,10,10,10,10,648,0,4,5.180328305442221,2.828907992807217,86.64649599813856,442.0
1789928045,50,POST,POST /api/v1/auth/login,0.000000,0.000000,0,0,0,0,0,0,0,0,0,0,0,50,0,1600.0,1623.4495169619913,687.5017660058802,2694.6074739971664,1622.0
1789928045,50,,Aggregated,25.700000,0.000000,5,6,6,6,7,9,11,11,13,13,13,2611,0,5,37.84191017359251,2.828907992807217,2694.6074739971664,6709.138644197626
1789928046,50,GET,GET /api/v1/reservas,18.700000,0.000000,5,6,6,6,8,10,11,11,13,13,13,1936,0,6,7.441021508880525,3.7957729946356267,153.60354000586085,8965.0
1789928046,50,GET,GET /api/v1/reservas/{id},6.300000,0.000000,4,5,5,5,6,6,7,10,10,10,10,651,0,4,5.173208142746813,2.828907992807217,86.64649599813856,442.0
1789928046,50,POST,POST /api/v1/auth/login,0.000000,0.000000,0,0,0,0,0,0,0,0,0,0,0,50,0,1600.0,1623.4495169619913,687.5017660058802,2694.6074739971664,1622.0
1789928046,50,,Aggregated,25.000000,0.000000,5,6,6,6,7,9,11,11,13,13,13,2637,0,5,37.52220401601078,2.828907992807217,2694.6074739971664,6721.684489950701
1789928047,50,GET,GET /api/v1/reservas,18.600000,0.000000,5,6,6,7,8,10,11,11,13,13,13,1950,0,6,7.427860868830556,3.7957729946356267,153.60354000586085,8965.0
1789928047,50,GET,GET /api/v1/reservas/{id},6.400000,0.000000,4,5,5,5,6,7,10,13,13,13,13,659,0,4,5.181999130398692,2.828907992807217,86.64649599813856,442.0
1789928047,50,POST,POST /api/v1/auth/login,0.000000,0.000000,0,0,0,0,0,0,0,0,0,0,0,50,0,1600.0,1623.4495169619913,687.5017660058802,2694.6074739971664,1622.0
1789928047,50,,Aggregated,25.000000,0.000000,5,6,6,6,7,9,11,11,13,13,13,2659,0,5,37.259022929391456,2.828907992807217,2694.6074739971664,6714.602482136142
1789928048,50,GET,GET /api/v1/reservas,18.900000,0.000000,5,6,6,6,7,9,11,11,13,13,13,1970,0,6,7.403150998576849,3.7957729946356267,153.60354000586085,8965.0
1789928048,50,GET,GET /api/v1/reservas/{id},6.300000,0.000000,4,5,5,5,6,7,10,13,13,13,13,666,0,4,5.170704315189453,2.828907992807217,86.64649599813856,442.0
1789928048,50,POST,POST /api/v1/auth/login,0.000000,0.000000,0,0,0,0,0,0,0,0,0,0,0,50,0,1600.0,1623.4495169619913,687.5017660058802,2694.6074739971664,1622.0
1789928048,50,,Aggregated,25.200000,0.000000,5,6,6,6,7,9,11,11,13,13,13,2686,0,5,36.93237989173944,2.828907992807217,2694.6074739971664,6715.01191362621
1789928049,50,GET,GET /api/v1/reservas,19.300000,0.000000,5,6,6,6,7,10,11,11,13,13,13,1985,0,6,7.387459945684048,3.7957729946356267,153.60354000586085,8965.0
1789928049,50,GET,GET /api/v1/reservas/{id},5.800000,0.000000,4,5,5,5,6,7,10,13,13,13,13,677,0,4,5.152383055966974,2.828907992807217,86.64649599813856,442.0
1789928049,50,POST,POST /api/v1/auth/login,0.000000,0.000000,0,0,0,0,0,0,0,0,0,0,0,50,0,1600.0,1623.4495169619913,687.5017660058802,2694.6074739971664,1622.0
1789928049,50,,Aggregated,25.100000,0.000000,5,5,6,6,7,9,11,11,13,13,13,2712,0,5,36.624169310166685,2.828907992807217,2694.6074739971664,6702.01290560472
1789928050,50,GET,GET /api/v1/reservas,19.300000,0.000000,5,6,6,6,7,9,10,11,13,13,13,2006,0,6,7.370703902901004,3.7957729946356267,153.60354000586085,8965.0
1789928050,50,GET,GET /api/v1/reservas/{id},6.100000,0.000000,4,5,5,5,6,7,10,13,13,13,13,682,0,4,5.147457996899155,2.828907992807217,86.64649599813856,442.0
1789928050,50,POST,POST /api/v1/auth/login,0.000000,0.000000,0,0,0,0,0,0,0,0,0,0,0,50,0,1600.0,1623.4495169619913,687.5017660058802,2694.6074739971664,1622.0
1789928050,50,,Aggregated,25.400000,0.000000,5,6,6,6,7,9,10,11,13,13,13,2738,0,5,36.32895333499058,2.828907992807217,2694.6074739971664,6707.937910883857
1789928051,50,GET,GET /api/v1/reservas,18.900000,0.000000,5,6,6,6,7,10,10,11,13,13,13,2023,0,6,7.3569444474523396,3.7957729946356267,153.60354000586085,8965.0
1789928051,50,GET,GET /api/v1/reservas/{id},6.000000,0.000000,4,5,5,5,6,7,10,13,13,13,13,686,0,4,5.145949785552312,2.828907992807217,86.64649599813856,442.0
1789928051,50,POST,POST /api/v1/auth/login,0.000000,0.000000,0,0,0,0,0,0,0,0,0,0,0,50,0,1600.0,1623.4495169619913,687.5017660058802,2694.6074739971664,1622.0
1789928051,50,,Aggregated,24.900000,0.000000,5,6,6,6,7,9,10,11,13,13,13,2759,0,5,36.09485176447428,2.828907992807217,2694.6074739971664,6712.760782892352
1789928052,50,GET,GET /api/v1/reservas,18.600000,0.000000,5,6,6,6,8,10,10,11,13,13,13,2035,0,6,7.349300445782545,3.7957729946356267,153.60354000586085,8965.0
1789928052,50,GET,GET /api/v1/reservas/{id},6.300000,0.000000,4,5,5,5,6,7,10,13,13,13,13,699,0,4,5.135899627888849,2.828907992807217,86.64649599813856,442.0
1789928052,50,POST,POST /api/v1/auth/login,0.000000,0.000000,0,0,0,0,0,0,0,0,0,0,0,50,0,1600.0,1623.4495169619913,687.5017660058802,2694.6074739971664,1622.0
1789928052,50,,Aggregated,24.900000,0.000000,5,6,6,6,7,9,10,11,13,13,13,2784,0,5,35.81835348245738,2.828907992807217,2694.6074739971664,6693.187140804598
1789928053,50,GET,GET /api/v1/reservas,18.800000,0.000000,5,6,6,6,7,8,10,10,11,11,11,2055,0,6,7.331345524169264,3.7957729946356267,153.60354000586085,8965.0
1789928053,50,GET,GET /api/v1/reservas/{id},5.900000,0.000000,4,5,5,5,6,6,7,13,13,13,13,703,0,4,5.130807026884728,2.828907992807217,86.64649599813856,442.0
1789928053,50,POST,POST /api/v1/auth/login,0.000000,0.000000,0,0,0,0,0,0,0,0,0,0,0,50,0,1600.0,1623.4495169619913,687.5017660058802,2694.6074739971664,1622.0
1789928053,50,,Aggregated,24.700000,0.000000,5,5,6,6,7,8,10,10,13,13,13,2808,0,5,35.5574601994898,2.828907992807217,2694.6074739971664,6700.463319088319
1789928054,50,GET,GET /api/v1/reservas,18.500000,0.000000,5,6,6,6,7,8,10,11,17,17,17,2074,0,6,7.3262472932273885,3.7957729946356267,153.60354000586085,8965.0
1789928054,50,GET,GET /api/v1/reservas/{id},6.300000,0.000000,4,5,5,5,6,6,7,13,13,13,13,709,0,4,5.123809241040016,2.828907992807217,86.64649599813856,442.0
1789928054,50,POST,POST /api/v1/auth/login,0.000000,0.000000,0,0,0,0,0,0,0,0,0,0,0,50,0,1600.0,1623.4495169619913,687.5017660058802,2694.6074739971664,1622.0
1789928054,50,,Aggregated,24.800000,0.000000,5,6,6,6,7,8,10,11,17,17,17,2833,0,5,35.29823278720457,2.828907992807217,2694.6074739971664,6702.396046593717
1789928055,50,GET,GET /api/v1/reservas,17.900000,0.000000,5,6,6,7,7,8,10,11,17,17,17,2093,0,6,7.307285798458652,3.7957729946356267,153.60354000586085,8965.0
1789928055,50,GET,GET /api/v1/reservas/{id},6.500000,0.000000,4,5,5,5,6,6,7,13,13,13,13,713,0,4,5.116560886230165,2.828907992807217,86.64649599813856,442.0
1789928055,50,POST,POST /api/v1/auth/login,0.000000,0.000000,0,0,0,0,0,0,0,0,0,0,0,50,0,1600.0,1623.4495169619913,687.5017660058802,2694.6074739971664,1622.0
1789928055,50,,Aggregated,24.400000,0.000000,5,6,6,6,7,8,10,11,17,17,17,2856,0,5,35.054178198934046,2.828907992807217,2694.6074739971664,6708.680322128852
1789928056,50,GET,GET /api/v1/reservas,18.200000,0.000000,5,6,6,6,7,8,9,10,17,17,17,2114,0,6,7.286007269701663,3.7957729946356267,153.60354000586085,8965.0
1789928056,50,GET,GET /api/v1/reservas/{id},6.500000,0.000000,4,4,5,5,6,6,7,13,13,13,13,721,0,4,5.102234931863539,2.828907992807217,86.64649599813856,442.0
1789928056,50,POST,POST /api/v1/auth/login,0.000000,0.000000,0,0,0,0,0,0,0,0,0,0,0,50,0,1600.0,1623.4495169619913,687.5017660058802,2694.6074739971664,1622.0
1789928056,50,,Aggregated,24.700000,0.000000,5,5,6,6,7,7,9,10,17,17,17,2885,0,5,34.750019619453205,2.828907992807217,2694.6074739971664,6707.726863084922
1789928057,50,GET,GET /api/v1/reservas,17.900000,0.000000,5,6,6,7,7,8,10,10,17,17,17,2133,0,6,7.277803161337112,3.7957729946356267,153.60354000586085,8965.0
1789928057,50,GET,GET /api/v1/reservas/{id},6.400000,0.000000,4,5,5,5,6,6,7,7,7,7,7,725,0,4,5.105297566724716,2.828907992807217,86.64649599813856,442.0
1789928057,50,POST,POST /api/v1/auth/login,0.000000,0.000000,0,0,0,0,0,0,0,0,0,0,0,50,0,1600.0,1623.4495169619913,687.5017660058802,2694.6074739971664,1622.0
1789928057,50,,Aggregated,24.300000,0.000000,5,6,6,6,7,8,9,10,17,17,17,2908,0,5,34.52454289102718,2.828907992807217,2694.6074739971664,6713.856602475928
1789928058,50,GET,GET /api/v1/reservas,18.300000,0.000000,5,6,6,7,7,8,10,10,17,17,17,2152,0,6,7.262443982393738,3.7957729946356267,153.60354000586085,8965.0
1789928058,50,GET,GET /api/v1/reservas/{id},6.700000,0.000000,4,5,5,5,6,7,7,7,7,7,7,729,0,4,5.097399234406194,2.828907992807217,86.64649599813856,442.0
1789928058,50,POST,POST /api/v1/auth/login,0.000000,0.000000,0,0,0,0,0,0,0,0,0,0,0,50,0,1600.0,1623.4495169619913,687.5017660058802,2694.6074739971664,1622.0
1789928058,50,,Aggregated,25.000000,0.000000,5,6,6,6,7,8,9,10,17,17,17,2931,0,5,34.29452723988161,2.828907992807217,2694.6074739971664,6719.890139883999
1789928059,50,GET,GET /api/v1/reservas,18.000000,0.000000,5,6,6,7,7,8,10,10,17,17,17,2174,0,6,7.240963908053047,3.7957729946356267,153.60354000586085,8965.0
1789928059,50,GET,GET /api/v1/reservas/{id},6.900000,0.000000,4,4,5,5,6,7,7,7,7,7,7,736,0,4,5.08895982321796,2.828907992807217,86.64649599813856,442.0
1789928059,50,POST,POST /api/v1/auth/login,0.000000,0.000000,0,0,0,0,0,0,0,0,0,0,0,50,0,1600.0,1623.4495169619913,687.5017660058802,2694.6074739971664,1622.0
1789928059,50,,Aggregated,24.900000,0.000000,5,6,6,6,7,8,9,10,17,17,17,2960,0,5,34.00669115341058,2.828907992807217,2694.6074739971664,6721.730405405406
1789928060,50,GET,GET /api/v1/reservas,18.200000,0.000000,5,6,6,6,7,8,9,10,17,17,17,2191,0,6,7.226427998217637,3.7957729946356267,153.60354000586085,8965.0
1789928060,50,GET,GET /api/v1/reservas/{id},6.100000,0.000000,4,4,5,5,6,7,7,7,7,7,7,739,0,4,5.0859552149941925,2.828907992807217,86.64649599813856,442.0
1789928060,50,POST,POST /api/v1/auth/login,0.000000,0.000000,0,0,0,0,0,0,0,0,0,0,0,50,0,1600.0,1623.4495169619913,687.5017660058802,2694.6074739971664,1622.0
1789928060,50,,Aggregated,24.300000,0.000000,5,6,6,6,7,8,9,10,17,17,17,2980,0,5,33.81345654230709,2.828907992807217,2694.6074739971664,6728.205704697986
1789928061,50,GET,GET /api/v1/reservas,18.200000,0.000000,5,6,6,6,7,8,9,10,17,17,17,2211,0,6,7.212893751270389,3.7957729946356267,153.60354000586085,8965.0
1789928061,50,GET,GET /api/v1/reservas/{id},6.300000,0.000000,4,4,5,5,5,6,7,7,7,7,7,743,0,4,5.082843356484874,2.828907992807217,86.64649599813856,442.0
1789928061,50,POST,POST /api/v1/auth/login,0.000000,0.000000,0,0,0,0,0,0,0,0,0,0,0,50,0,1600.0,1623.4495169619913,687.5017660058802,2694.6074739971664,1622.0
1789928061,50,,Aggregated,24.500000,0.000000,5,6,6,6,7,8,8,9,17,17,17,3004,0,5,33.58746223236573,2.828907992807217,2694.6074739971664,6734.727363515313
1789928062,50,GET,GET /api/v1/reservas,18.800000,0.000000,5,6,6,7,7,8,9,10,17,17,17,2232,0,6,7.199213817678822,3.7957729946356267,153.60354000586085,8965.0
1789928062,50,GET,GET /api/v1/reservas/{id},5.900000,0.000000,4,5,5,5,6,7,10,10,10,10,10,748,0,4,5.087951661605372,2.828907992807217,86.64649599813856,442.0
1789928062,50,POST,POST /api/v1/auth/login,0.000000,0.000000,0,0,0,0,0,0,0,0,0,0,0,50,0,1600.0,1623.4495169619913,687.5017660058802,2694.6074739971664,1622.0
1789928062,50,,Aggregated,24.700000,0.000000,5,6,6,6,7,8,9,10,17,17,17,3030,0,5,33.34881482905595,2.828907992807217,2694.6074739971664,6739.8006600660065
1789928063,50,GET,GET /api/v1/reservas,18.400000,0.000000,5,6,6,6,7,8,9,10,10,10,10,2251,0,6,7.184884711687429,3.7957729946356267,153.60354000586085,8965.0
1789928063,50,GET,GET /api/v1/reservas/{id},5.700000,0.000000,4,4,5,5,5,7,7,10,10,10,10,755,0,4,5.077405013078485,2.828907992807217,86.64649599813856,442.0
1789928063,50,POST,POST /api/v1/auth/login,0.000000,0.000000,0,0,0,0,0,0,0,0,0,0,0,50,0,1600.0,1623.4495169619913,687.5017660058802,2694.6074739971664,1622.0
1789928063,50,,Aggregated,24.100000,0.000000,5,6,6,6,7,8,9,10,10,10,10,3056,0,5,33.10834166197063,2.828907992807217,2694.6074739971664,6739.2097513089
1789928064,50,GET,GET /api/v1/reservas,19.200000,0.000000,5,6,6,7,8,9,10,10,15,15,15,2274,0,6,7.183584911164028,3.7957729946356267,153.60354000586085,8965.0
1789928064,50,GET,GET /api/v1/reservas/{id},5.300000,0.000000,4,5,5,5,7,7,10,10,10,10,10,759,0,4,5.076135476793921,2.828907992807217,86.64649599813856,442.0
1789928064,50,POST,POST /api/v1/auth/login,0.000000,0.000000,0,0,0,0,0,0,0,0,0,0,0,50,0,1600.0,1623.4495169619913,687.5017660058802,2694.6074739971664,1622.0
1789928064,50,,Aggregated,24.500000,0.000000,5,6,6,7,7,8,10,10,15,15,15,3083,0,5,32.87730611838247,2.828907992807217,2694.6074739971664,6747.644502108336
1789928065,50,GET,GET /api/v1/reservas,19.400000,0.000000,5,6,6,7,8,9,10,10,15,15,15,2287,0,6,7.173043721889776,3.7957729946356267,153.60354000586085,8965.0
1789928065,50,GET,GET /api/v1/reservas/{id},4.900000,0.000000,4,5,5,5,6,7,7,10,10,10,10,770,0,4,5.061728383003214,2.828907992807217,86.64649599813856,442.0
1789928065,50,POST,POST /api/v1/auth/login,0.000000,0.000000,0,0,0,0,0,0,0,0,0,0,0,50,0,1600.0,1623.4495169619913,687.5017660058802,2694.6074739971664,1622.0
1789928065,50,,Aggregated,24.300000,0.000000,5,6,6,7,7,8,10,10,15,15,15,3107,0,5,32.660044317661395,2.828907992807217,2694.6074739971664,6734.597682652076
1789928066,50,GET,GET /api/v1/reservas,19.400000,0.000000,5,6,6,7,8,8,10,10,15,15,15,2305,0,6,7.157477872017387,3.7957729946356267,153.60354000586085,8965.0
1789928066,50,GET,GET /api/v1/reservas/{id},5.300000,0.000000,4,5,5,5,6,7,7,10,10,10,10,775,0,4,5.054106425715521,2.828907992807217,86.64649599813856,442.0
1789928066,50,POST,POST /api/v1/auth/login,0.000000,0.000000,0,0,0,0,0,0,0,0,0,0,0,50,0,1600.0,1623.4495169619913,687.5017660058802,2694.6074739971664,1622.0
1789928066,50,,Aggregated,24.700000,0.000000,5,6,6,6,7,8,10,10,15,15,15,3130,0,5,32.456036684673855,2.828907992807217,2694.6074739971664,6737.372204472844
1789928067,50,GET,GET /api/v1/reservas,19.900000,0.000000,5,6,6,7,8,9,10,10,15,15,15,2323,0,6,7.1494419724462785,3.7957729946356267,153.60354000586085,8965.0
1789928067,50,GET,GET /api/v1/reservas/{id},5.100000,0.000000,4,5,5,5,6,7,9,10,10,10,10,781,0,4,5.056059480038538,2.828907992807217,86.64649599813856,442.0
1789928067,50,POST,POST /api/v1/auth/login,0.000000,0.000000,0,0,0,0,0,0,0,0,0,0,0,50,0,1600.0,1623.4495169619913,687.5017660058802,2694.6074739971664,1622.0
1789928067,50,,Aggregated,25.000000,0.000000,5,6,6,6,7,8,10,10,15,15,15,3154,0,5,32.25409385034951,2.828907992807217,2694.6074739971664,6738.1093849080535
1789928068,50,GET,GET /api/v1/reservas,18.700000,0.000000,6,6,7,7,8,9,10,11,15,15,15,2344,0,6,7.145181599817048,3.7957729946356267,153.60354000586085,8965.0
1789928068,50,GET,GET /api/v1/reservas/{id},5.400000,0.000000,4,4,5,5,6,7,9,10,10,10,10,787,0,4,5.047852938948614,2.828907992807217,86.64649599813856,442.0
1789928068,50,POST,POST /api/v1/auth/login,0.000000,0.000000,0,0,0,0,0,0,0,0,0,0,0,50,0,1600.0,1623.4495169619913,687.5017660058802,2694.6074739971664,1622.0
1789928068,50,,Aggregated,24.100000,0.000000,5,6,6,7,8,9,10,10,15,15,15,3181,0,5,32.03188990286805,2.828907992807217,2694.6074739971664,6740.93492612386
1789928069,50,GET,GET /api/v1/reservas,19.300000,0.000000,6,6,7,7,8,9,10,13,15,15,15,2360,0,6,7.1365878203184785,3.7957729946356267,153.60354000586085,8965.0
1789928069,50,GET,GET /api/v1/reservas/{id},5.300000,0.000000,4,5,5,5,6,7,9,10,10,10,10,798,0,4,5.0303851603165635,2.828907992807217,86.64649599813856,442.0
1789928069,50,POST,POST /api/v1/auth/login,0.000000,0.000000,0,0,0,0,0,0,0,0,0,0,0,50,0,1600.0,1623.4495169619913,687.5017660058802,2694.6074739971664,1622.0
1789928069,50,,Aggregated,24.600000,0.000000,5,6,6,7,8,9,10,11,15,15,15,3208,0,5,31.804573086653303,2.828907992807217,2694.6074739971664,6730.428927680798
1789928070,50,GET,GET /api/v1/reservas,19.500000,0.000000,6,6,7,7,8,9,11,14,15,15,15,2380,0,6,7.127005579381714,3.7957729946356267,153.60354000586085,8965.0
1789928070,50,GET,GET /api/v1/reservas/{id},5.600000,0.000000,4,5,5,5,6,7,9,10,10,10,10,802,0,4,5.027641757994372,2.828907992807217,86.64649599813856,442.0
1789928070,50,POST,POST /api/v1/auth/login,0.000000,0.000000,0,0,0,0,0,0,0,0,0,0,0,50,0,1600.0,1623.4495169619913,687.5017660058802,2694.6074739971664,1622.0
1789928070,50,,Aggregated,25.100000,0.000000,5,6,6,7,8,9,10,13,15,15,15,3232,0,5,31.61105130474614,2.828907992807217,2694.6074739971664,6736.4740099009905
1789928071,50,GET,GET /api/v1/reservas,18.900000,0.000000,6,6,7,7,8,9,11,14,15,15,15,2402,0,6,7.11091676685305,3.7957729946356267,153.60354000586085,8965.0
1789928071,50,GET,GET /api/v1/reservas/{id},5.600000,0.000000,4,4,5,5,6,7,9,10,10,10,10,808,0,4,5.022311183091744,2.828907992807217,86.64649599813856,442.0
1789928071,50,POST,POST /api/v1/auth/login,0.000000,0.000000,0,0,0,0,0,0,0,0,0,0,0,50,0,1600.0,1623.4495169619913,687.5017660058802,2694.6074739971664,1622.0
1789928071,50,,Aggregated,24.500000,0.000000,5,6,6,7,8,9,10,13,15,15,15,3260,0,5,31.383719434975067,2.828907992807217,2694.6074739971664,6739.928220858896
1789928072,50,GET,GET /api/v1/reservas,19.000000,0.000000,6,6,7,7,8,10,11,14,15,15,15,2419,0,6,7.1060233546901515,3.7957729946356267,153.60354000586085,8965.0
1789928072,50,GET,GET /api/v1/reservas/{id},6.100000,0.000000,4,5,5,5,6,6,9,9,9,9,9,812,0,4,5.026371566434804,2.828907992807217,86.64649599813856,442.0
1789928072,50,POST,POST /api/v1/auth/login,0.000000,0.000000,0,0,0,0,0,0,0,0,0,0,0,50,0,1600.0,1623.4495169619913,687.5017660058802,2694.6074739971664,1622.0
1789928072,50,,Aggregated,25.100000,0.000000,5,6,6,7,8,9,10,13,15,15,15,3281,0,5,31.223212452008564,2.828907992807217,2694.6074739971664,6743.7790307832975
1789928073,50,GET,GET /api/v1/reservas,19.000000,0.000000,6,6,6,7,8,9,10,13,14,14,14,2441,0,6,7.087752004104189,3.7957729946356267,153.60354000586085,8965.0
1789928073,50,GET,GET /api/v1/reservas/{id},6.400000,0.000000,4,5,5,5,6,9,13,13,13,13,13,823,0,4,5.0425494677209795,2.828907992807217,86.64649599813856,442.0
1789928073,50,POST,POST /api/v1/auth/login,0.000000,0.000000,0,0,0,0,0,0,0,0,0,0,0,50,0,1600.0,1623.4495169619913,687.5017660058802,2694.6074739971664,1622.0
1789928073,50,,Aggregated,25.400000,0.000000,5,6,6,6,8,9,10,13,14,14,14,3314,0,5,30.96671596320225,2.828907992807217,2694.6074739971664,6737.6074230537115
1789928074,50,GET,GET /api/v1/reservas,18.400000,0.000000,6,6,6,7,8,9,11,14,15,15,15,2456,0,6,7.085887403094905,3.7957729946356267,153.60354000586085,8965.0
1789928074,50,GET,GET /api/v1/reservas/{id},6.500000,0.000000,4,5,5,5,6,9,13,13,13,13,13,828,0,4,5.035157606172559,2.828907992807217,86.64649599813856,442.0
1789928074,50,POST,POST /api/v1/auth/login,0.000000,0.000000,0,0,0,0,0,0,0,0,0,0,0,50,0,1600.0,1623.4495169619913,687.5017660058802,2694.6074739971664,1622.0
1789928074,50,,Aggregated,24.900000,0.000000,5,6,6,6,7,9,13,13,15,15,15,3334,0,5,30.817194303542752,2.828907992807217,2694.6074739971664,6738.187162567487
1789928075,50,GET,GET /api/v1/reservas,18.500000,0.000000,6,6,6,7,8,9,14,15,21,21,21,2473,0,6,7.084455008895708,3.7957729946356267,153.60354000586085,8965.0
1789928075,50,GET,GET /api/v1/reservas/{id},6.700000,0.000000,4,5,5,5,8,12,13,15,15,15,15,835,0,4,5.056623215466447,2.828907992807217,86.64649599813856,442.0
1789928075,50,POST,POST /api/v1/auth/login,0.000000,0.000000,0,0,0,0,0,0,0,0,0,0,0,50,0,1600.0,1623.4495169619913,687.5017660058802,2694.6074739971664,1622.0
1789928075,50,,Aggregated,25.200000,0.000000,5,6,6,7,8,10,14,15,21,21,21,3358,0,5,30.647591861230833,2.828907992807217,2694.6074739971664,6736.335616438356
1789928076,50,GET,GET /api/v1/reservas,18.900000,0.000000,6,6,7,7,8,10,14,15,21,21,21,2487,0,6,7.0722772384356,3.704274000483565,153.60354000586085,8965.0
1789928076,50,GET,GET /api/v1/reservas/{id},6.700000,0.000000,4,5,5,5,6,12,13,15,15,15,15,846,0,4,5.042635348579245,2.828907992807217,86.64649599813856,442.0
1789928076,50,POST,POST /api/v1/auth/login,0.000000,0.000000,0,0,0,0,0,0,0,0,0,0,0,50,0,1600.0,1623.4495169619913,687.5017660058802,2694.6074739971664,1622.0
1789928076,50,,Aggregated,25.600000,0.000000,5,6,6,7,8,10,14,15,21,21,21,3383,0,5,30.454418813179707,2.828907992807217,2694.6074739971664,6725.092225835057
1789928077,50,GET,GET /api/v1/reservas,18.400000,0.000000,5,6,6,7,7,9,14,15,21,21,21,2506,0,6,7.06347805226613,3.704274000483565,153.60354000586085,8965.0
1789928077,50,GET,GET /api/v1/reservas/{id},7.000000,0.000000,4,5,5,5,6,12,13,15,15,15,15,853,0,4,5.037126249562352,2.828907992807217,86.64649599813856,442.0
1789928077,50,POST,POST /api/v1/auth/login,0.000000,0.000000,0,0,0,0,0,0,0,0,0,0,0,50,0,1600.0,1623.4495169619913,687.5017660058802,2694.6074739971664,1622.0
1789928077,50,,Aggregated,25.400000,0.000000,5,6,6,6,7,9,14,15,21,21,21,3409,0,5,30.2640717330464,2.828907992807217,2694.6074739971664,6724.674684658257
1789928078,50,GET,GET /api/v1/reservas,18.800000,0.000000,5,6,6,7,8,9,14,15,21,21,21,2528,0,6,7.052003946976388,3.704274000483565,153.60354000586085,8965.0
1789928078,50,GET,GET /api/v1/reservas/{id},6.800000,0.000000,4,5,5,5,6,12,13,15,15,15,15,859,0,4,5.0311616913762975,2.828907992807217,86.64649599813856,442.0
1789928078,50,POST,POST /api/v1/auth/login,0.000000,0.000000,0,0,0,0,0,0,0,0,0,0,0,50,0,1600.0,1623.4495169619913,687.5017660058802,2694.6074739971664,1622.0
1789928078,50,,Aggregated,25.600000,0.000000,5,6,6,6,7,9,14,15,21,21,21,3437,0,5,30.061597241474576,2.828907992807217,2694.6074739971664,6728.0471341286
1789928079,50,GET,GET /api/v1/reservas,17.900000,0.000000,6,6,6,7,7,9,14,15,21,21,21,2547,0,6,7.040870913997899,3.704274000483565,153.60354000586085,8965.0
1789928079,50,GET,GET /api/v1/reservas/{id},7.500000,0.000000,4,5,5,5,6,12,13,15,15,15,15,866,0,4,5.021903160370684,2.828907992807217,86.64649599813856,442.0
1789928079,50,POST,POST /api/v1/auth/login,0.000000,0.000000,0,0,0,0,0,0,0,0,0,0,0,50,0,1600.0,1623.4495169619913,687.5017660058802,2694.6074739971664,1622.0
1789928079,50,,Aggregated,25.400000,0.000000,5,6,6,6,7,9,14,15,21,21,21,3463,0,5,29.874254173529664,2.828907992807217,2694.6074739971664,6727.613918567716
1789928080,50,GET,GET /api/v1/reservas,18.300000,0.000000,5,6,6,7,7,8,12,15,21,21,21,2565,0,6,7.025459079518025,3.704274000483565,153.60354000586085,8965.0
1789928080,50,GET,GET /api/v1/reservas/{id},7.500000,0.000000,4,5,5,5,6,12,13,15,15,15,15,876,0,4,5.00908418247632,2.828907992807217,86.64649599813856,442.0
1789928080,50,POST,POST /api/v1/auth/login,0.000000,0.000000,0,0,0,0,0,0,0,0,0,0,0,50,0,1600.0,1623.4495169619913,687.5017660058802,2694.6074739971664,1622.0
1789928080,50,,Aggregated,25.800000,0.000000,5,6,6,6,7,9,13,15,21,21,21,3491,0,5,29.670792360616602,2.828907992807217,2694.6074739971664,6721.14494414208
1789928081,50,GET,GET /api/v1/reservas,18.400000,0.000000,5,6,6,6,7,8,12,15,21,21,21,2580,0,6,7.013648836814813,3.704274000483565,153.60354000586085,8965.0
1789928081,50,GET,GET /api/v1/reservas/{id},7.400000,0.000000,4,5,5,5,6,12,13,15,15,15,15,881,0,4,5.002740516324547,2.828907992807217,86.64649599813856,442.0
1789928081,50,POST,POST /api/v1/auth/login,0.000000,0.000000,0,0,0,0,0,0,0,0,0,0,0,50,0,1600.0,1623.4495169619913,687.5017660058802,2694.6074739971664,1622.0
1789928081,50,,Aggregated,25.800000,0.000000,5,6,6,6,7,9,13,15,21,21,21,3511,0,5,29.528654013660983,2.828907992807217,2694.6074739971664,6721.789233836514
1789928082,50,GET,GET /api/v1/reservas,18.100000,0.000000,5,6,6,6,7,8,12,15,21,21,21,2592,0,6,7.010589666645692,3.704274000483565,153.60354000586085,8965.0
1789928082,50,GET,GET /api/v1/reservas/{id},7.000000,0.000000,4,4,5,5,6,12,13,15,15,15,15,893,0,4,4.998227217127642,2.828907992807217,86.64649599813856,442.0
1789928082,50,POST,POST /api/v1/auth/login,0.000000,0.000000,0,0,0,0,0,0,0,0,0,0,0,50,0,1600.0,1623.4495169619913,687.5017660058802,2694.6074739971664,1622.0
1789928082,50,,Aggregated,25.100000,0.000000,5,6,6,6,7,8,13,15,21,21,21,3535,0,5,29.36558448909199,2.828907992807217,2694.6074739971664,6708.086562942009
1789928083,50,GET,GET /api/v1/reservas,18.200000,0.000000,5,6,6,6,7,8,11,14,21,21,21,2608,0,6,7.004748139161444,3.704274000483565,153.60354000586085,8965.0
1789928083,50,GET,GET /api/v1/reservas/{id},7.400000,0.000000,4,4,5,5,6,8,12,15,15,15,15,899,0,4,4.9999395560655016,2.828907992807217,86.64649599813856,442.0
1789928083,50,POST,POST /api/v1/auth/login,0.000000,0.000000,0,0,0,0,0,0,0,0,0,0,0,50,0,1600.0,1623.4495169619913,687.5017660058802,2694.6074739971664,1622.0
1789928083,50,,Aggregated,25.600000,0.000000,5,6,6,6,7,8,12,14,21,21,21,3557,0,5,29.22007440425513,2.828907992807217,2694.6074739971664,6707.668822041046
1789928084,50,GET,GET /api/v1/reservas,18.200000,0.000000,5,6,6,6,7,8,9,11,12,12,12,2632,0,6,6.9931584125711375,3.704274000483565,153.60354000586085,8965.0
1789928084,50,GET,GET /api/v1/reservas/{id},7.500000,0.000000,4,4,5,5,6,6,11,15,15,15,15,906,0,4,4.994231401656129,2.828907992807217,86.64649599813856,442.0
1789928084,50,POST,POST /api/v1/auth/login,0.000000,0.000000,0,0,0,0,0,0,0,0,0,0,0,50,0,1600.0,1623.4495169619913,687.5017660058802,2694.6074739971664,1622.0
1789928084,50,,Aggregated,25.700000,0.000000,5,6,6,6,7,8,9,11,15,15,15,3588,0,5,29.01428161646802,2.828907992807217,2694.6074739971664,6710.54403567447
1789928085,50,GET,GET /api/v1/reservas,17.300000,0.000000,6,6,6,6,7,8,9,11,12,12,12,2656,0,6,6.987045609154179,3.704274000483565,153.60354000586085,8965.0
1789928085,50,GET,GET /api/v1/reservas/{id},8.100000,0.000000,4,4,5,5,6,6,6,11,11,11,11,909,0,4,4.993268394809702,2.828907992807217,86.64649599813856,442.0
1789928085,50,POST,POST /api/v1/auth/login,0.000000,0.000000,0,0,0,0,0,0,0,0,0,0,0,50,0,1600.0,1623.4495169619913,687.5017660058802,2694.6074739971664,1622.0
1789928085,50,,Aggregated,25.400000,0.000000,5,6,6,6,7,8,9,11,12,12,12,3615,0,5,28.843416308961295,2.828907992807217,2694.6074739971664,6720.309266943292
1789928086,50,GET,GET /api/v1/reservas,17.400000,0.000000,6,6,6,6,7,9,9,12,15,15,15,2672,0,6,6.980493642183869,3.704274000483565,153.60354000586085,8965.0
1789928086,50,GET,GET /api/v1/reservas/{id},7.600000,0.000000,4,4,5,5,6,6,6,11,11,11,11,914,0,4,4.988794512987515,2.828907992807217,86.64649599813856,442.0
1789928086,50,POST,POST /api/v1/auth/login,0.000000,0.000000,0,0,0,0,0,0,0,0,0,0,0,50,0,1600.0,1623.4495169619913,687.5017660058802,2694.6074739971664,1622.0
1789928086,50,,Aggregated,25.000000,0.000000,5,6,6,6,7,8,9,11,15,15,15,3636,0,5,28.708501937537253,2.828907992807217,2694.6074739971664,6721.5533553355335
1789928087,50,GET,GET /api/v1/reservas,17.500000,0.000000,6,6,6,6,7,9,9,12,15,15,15,2694,0,6,6.967982688552092,3.704274000483565,153.60354000586085,8965.0
1789928087,50,GET,GET /api/v1/reservas/{id},7.600000,0.000000,4,4,5,5,6,6,6,11,11,11,11,921,0,4,4.982557388582625,2.828907992807217,86.64649599813856,442.0
1789928087,50,POST,POST /api/v1/auth/login,0.000000,0.000000,0,0,0,0,0,0,0,0,0,0,0,50,0,1600.0,1623.4495169619913,687.5017660058802,2694.6074739971664,1622.0
1789928087,50,,Aggregated,25.100000,0.000000,5,6,6,6,7,8,9,11,15,15,15,3665,0,5,28.522007248552114,2.828907992807217,2694.6074739971664,6723.026466575716
1789928088,50,GET,GET /api/v1/reservas,18.100000,0.000000,6,6,6,7,7,9,11,13,15,15,15,2712,0,6,6.967988190245279,3.704274000483565,153.60354000586085,8965.0
1789928088,50,GET,GET /api/v1/reservas/{id},7.200000,0.000000,4,5,5,5,6,6,11,12,12,12,12,930,0,4,4.989680354699357,2.828907992807217,86.64649599813856,442.0
1789928088,50,POST,POST /api/v1/auth/login,0.000000,0.000000,0,0,0,0,0,0,0,0,0,0,0,50,0,1600.0,1623.4495169619913,687.5017660058802,2694.6074739971664,1622.0
1789928088,50,,Aggregated,25.300000,0.000000,5,6,6,6,7,8,11,12,15,15,15,3692,0,5,28.36133871882859,2.828907992807217,2694.6074739971664,6718.645720476707
1789928089,50,GET,GET /api/v1/reservas,19.100000,0.000000,6,6,6,7,7,8,10,13,15,15,15,2731,0,6,6.956082776256671,3.704274000483565,153.60354000586085,8965.0
1789928089,50,GET,GET /api/v1/reservas/{id},6.700000,0.000000,4,5,5,5,6,6,11,12,12,12,12,932,0,4,4.987439035269748,2.828907992807217,86.64649599813856,442.0
1789928089,50,POST,POST /api/v1/auth/login,0.000000,0.000000,0,0,0,0,0,0,0,0,0,0,0,50,0,1600.0,1623.4495169619913,687.5017660058802,2694.6074739971664,1622.0
1789928089,50,,Aggregated,25.800000,0.000000,5,6,6,6,7,8,11,12,15,15,15,3713,0,5,28.22995720197359,2.828907992807217,2694.6074739971664,6726.759762994883
1789928090,50,GET,GET /api/v1/reservas,18.200000,0.000000,6,6,6,7,7,8,10,13,15,15,15,2757,0,6,6.93836029957457,3.704274000483565,153.60354000586085,8965.0
1789928090,50,GET,GET /api/v1/reservas/{id},6.700000,0.000000,4,5,5,5,6,6,11,12,12,12,12,936,0,4,4.982560787228176,2.828907992807217,86.64649599813856,442.0
1789928090,50,POST,POST /api/v1/auth/login,0.000000,0.000000,0,0,0,0,0,0,0,0,0,0,0,50,0,1600.0,1623.4495169619913,687.5017660058802,2694.6074739971664,1622.0
1789928090,50,,Aggregated,24.900000,0.000000,5,6,6,6,7,8,11,12,15,15,15,3743,0,5,28.043070288771634,2.828907992807217,2694.6074739971664,6735.590969810312
1789928091,50,GET,GET /api/v1/reservas,18.400000,0.000000,6,6,6,6,7,8,10,13,15,15,15,2777,0,6,6.929052038159787,3.704274000483565,153.60354000586085,8965.0
1789928091,50,GET,GET /api/v1/reservas/{id},6.800000,0.000000,4,5,5,5,6,6,11,12,12,12,12,940,0,4,4.976732222170772,2.828907992807217,86.64649599813856,442.0
1789928091,50,POST,POST /api/v1/auth/login,0.000000,0.000000,0,0,0,0,0,0,0,0,0,0,0,50,0,1600.0,1623.4495169619913,687.5017660058802,2694.6074739971664,1622.0
1789928091,50,,Aggregated,25.200000,0.000000,5,6,6,6,7,8,11,12,15,15,15,3767,0,5,27.898216524265948,2.828907992807217,2694.6074739971664,6740.744624369525
1789928092,50,GET,GET /api/v1/reservas,18.900000,0.000000,6,6,6,6,7,9,10,14,15,15,15,2793,0,6,6.924345358391167,3.704274000483565,153.60354000586085,8965.0
1789928092,50,GET,GET /api/v1/reservas/{id},6.700000,0.000000,4,5,5,5,6,6,12,12,12,12,12,947,0,4,4.978970638704963,2.828907992807217,86.64649599813856,442.0
1789928092,50,POST,POST /api/v1/auth/login,0.000000,0.000000,0,0,0,0,0,0,0,0,0,0,0,50,0,1600.0,1623.4495169619913,687.5017660058802,2694.6074739971664,1622.0
1789928092,50,,Aggregated,25.600000,0.000000,5,6,6,6,7,8,10,13,15,15,15,3790,0,5,27.764447923203086,2.828907992807217,2694.6074739971664,6738.501055408971
1789928093,50,GET,GET /api/v1/reservas,19.600000,0.000000,6,6,6,7,7,9,13,15,17,17,17,2817,0,6,6.922765722761379,3.704274000483565,153.60354000586085,8965.0
1789928093,50,GET,GET /api/v1/reservas/{id},5.800000,0.000000,4,5,5,5,6,6,12,12,12,12,12,949,0,4,4.977215778534531,2.828907992807217,86.64649599813856,442.0
1789928093,50,POST,POST /api/v1/auth/login,0.000000,0.000000,0,0,0,0,0,0,0,0,0,0,0,50,0,1600.0,1623.4495169619913,687.5017660058802,2694.6074739971664,1622.0
1789928093,50,,Aggregated,25.400000,0.000000,5,6,6,6,7,9,12,14,17,17,17,3816,0,5,27.619833507061752,2.828907992807217,2694.6074739971664,6749.2041404612155
1789928094,50,GET,GET /api/v1/reservas,19.500000,0.000000,5,6,6,7,7,9,13,15,17,17,17,2837,0,6,6.910326448011696,3.704274000483565,153.60354000586085,8965.0
1789928094,50,GET,GET /api/v1/reservas/{id},5.600000,0.000000,4,5,5,5,6,6,12,12,12,12,12,957,0,4,4.965920670671693,2.828907992807217,86.64649599813856,442.0
1789928094,50,POST,POST /api/v1/auth/login,0.000000,0.000000,0,0,0,0,0,0,0,0,0,0,0,50,0,1600.0,1623.4495169619913,687.5017660058802,2694.6074739971664,1622.0
1789928094,50,,Aggregated,25.100000,0.000000,5,6,6,6,7,9,12,14,17,17,17,3844,0,5,27.453032794729854,2.828907992807217,2694.6074739971664,6747.606399583767
1789928095,50,GET,GET /api/v1/reservas,20.400000,0.000000,5,6,6,7,8,9,13,15,17,17,17,2856,0,6,6.912639827734245,3.704274000483565,153.60354000586085,8965.0
1789928095,50,GET,GET /api/v1/reservas/{id},5.100000,0.000000,4,5,5,5,6,6,12,12,12,12,12,959,0,4,4.966037804818648,2.828907992807217,86.64649599813856,442.0
1789928095,50,POST,POST /api/v1/auth/login,0.000000,0.000000,0,0,0,0,0,0,0,0,0,0,0,50,0,1600.0,1623.4495169619913,687.5017660058802,2694.6074739971664,1622.0
1789928095,50,,Aggregated,25.500000,0.000000,5,6,6,6,8,9,12,14,17,17,17,3865,0,5,27.34214888769202,2.828907992807217,2694.6074739971664,6755.243984476067
1789928096,50,GET,GET /api/v1/reservas,20.400000,0.000000,5,6,6,7,8,9,12,14,17,17,17,2873,0,6,6.902411485911108,3.704274000483565,153.60354000586085,8965.0
1789928096,50,GET,GET /api/v1/reservas/{id},5.200000,0.000000,4,5,5,5,6,6,12,12,12,12,12,966,0,4,4.957662649927747,2.828907992807217,86.64649599813856,442.0
1789928096,50,POST,POST /api/v1/auth/login,0.000000,0.000000,0,0,0,0,0,0,0,0,0,0,0,50,0,1600.0,1623.4495169619913,687.5017660058802,2694.6074739971664,1622.0
1789928096,50,,Aggregated,25.600000,0.000000,5,6,6,6,8,9,12,13,17,17,17,3889,0,5,27.20293293056117,2.828907992807217,2694.6074739971664,6753.539984571869
1789928097,50,GET,GET /api/v1/reservas,20.300000,0.000000,5,6,6,7,8,9,12,14,17,17,17,2892,0,6,6.889710635556514,3.704274000483565,153.60354000586085,8965.0
1789928097,50,GET,GET /api/v1/reservas/{id},5.000000,0.000000,4,5,5,5,5,6,12,12,12,12,12,969,0,4,4.957189492085253,2.828907992807217,86.64649599813856,442.0
1789928097,50,POST,POST /api/v1/auth/login,0.000000,0.000000,0,0,0,0,0,0,0,0,0,0,0,50,0,1600.0,1623.4495169619913,687.5017660058802,2694.6074739971664,1622.0
1789928097,50,,Aggregated,25.300000,0.000000,5,6,6,6,7,9,12,13,17,17,17,3911,0,5,27.077738589608696,2.828907992807217,2694.6074739971664,6759.44208642291
1789928098,50,GET,GET /api/v1/reservas,20.500000,0.000000,5,6,6,6,8,9,12,14,17,17,17,2914,0,6,6.880940999329159,3.704274000483565,153.60354000586085,8965.0
1789928098,50,GET,GET /api/v1/reservas/{id},5.100000,0.000000,4,4,5,5,5,6,10,10,10,10,10,980,0,4,4.950685307979869,2.828907992807217,86.64649599813856,442.0
1789928098,50,POST,POST /api/v1/auth/login,0.000000,0.000000,0,0,0,0,0,0,0,0,0,0,0,50,0,1600.0,1623.4495169619913,687.5017660058802,2694.6074739971664,1622.0
1789928098,50,,Aggregated,25.600000,0.000000,5,6,6,6,7,9,10,12,17,17,17,3944,0,5,26.89533709988971,2.828907992807217,2694.6074739971664,6754.125253549696
1789928099,50,GET,GET /api/v1/reservas,19.600000,0.000000,5,6,6,7,8,9,12,14,17,17,17,2931,0,6,6.876204355193429,3.704274000483565,153.60354000586085,8965.0
1789928099,50,GET,GET /api/v1/reservas/{id},5.000000,0.000000,4,5,5,5,5,6,6,10,10,10,10,987,0,4,4.94727348006062,2.828907992807217,86.64649599813856,442.0
1789928099,50,POST,POST /api/v1/auth/login,0.000000,0.000000,0,0,0,0,0,0,0,0,0,0,0,50,0,1600.0,1623.4495169619913,687.5017660058802,2694.6074739971664,1622.0
1789928099,50,,Aggregated,24.600000,0.000000,5,6,6,6,7,9,11,12,17,17,17,3968,0,5,26.766529671872817,2.828907992807217,2694.6074739971664,6752.461945564516
1789928100,50,GET,GET /api/v1/reservas,20.400000,0.000000,6,6,6,7,8,9,12,14,17,17,17,2946,0,6,6.8715192681972015,3.704274000483565,153.60354000586085,8965.0
1789928100,50,GET,GET /api/v1/reservas/{id},4.800000,0.000000,4,5,5,5,5,6,6,10,10,10,10,990,0,4,4.943976700840979,2.828907992807217,86.64649599813856,442.0
1789928100,50,POST,POST /api/v1/auth/login,0.000000,0.000000,0,0,0,0,0,0,0,0,0,0,0,50,0,1600.0,1623.4495169619913,687.5017660058802,2694.6074739971664,1622.0
1789928100,50,,Aggregated,25.200000,0.000000,5,6,6,6,7,9,11,12,17,17,17,3986,0,5,26.670975550938557,2.828907992807217,2694.6074739971664,6756.038635223282
1789928101,50,GET,GET /api/v1/reservas,20.000000,0.000000,6,6,6,7,8,9,12,14,17,17,17,2965,0,6,6.861771204758948,3.704274000483565,153.60354000586085,8965.0
1789928101,50,GET,GET /api/v1/reservas/{id},5.100000,0.000000,4,5,5,5,5,6,8,10,10,10,10,997,0,4,4.940238797241063,2.828907992807217,86.64649599813856,442.0
1789928101,50,POST,POST /api/v1/auth/login,0.000000,0.000000,0,0,0,0,0,0,0,0,0,0,0,50,0,1600.0,1623.4495169619913,687.5017660058802,2694.6074739971664,1622.0
1789928101,50,,Aggregated,25.100000,0.000000,5,6,6,6,7,9,11,12,17,17,17,4012,0,5,26.53116788411246,2.828907992807217,2694.6074739971664,6755.4833000997005
1789928102,50,GET,GET /api/v1/reservas,19.800000,0.000000,5,6,6,7,8,9,11,12,17,17,17,2986,0,6,6.852668160452568,3.704274000483565,153.60354000586085,8965.0
1789928102,50,GET,GET /api/v1/reservas/{id},5.500000,0.000000,4,5,5,5,5,6,6,8,8,8,8,1004,0,4,4.935595267776384,2.828907992807217,86.64649599813856,442.0
1789928102,50,POST,POST /api/v1/auth/login,0.000000,0.000000,0,0,0,0,0,0,0,0,0,0,0,50,0,1600.0,1623.4495169619913,687.5017660058802,2694.6074739971664,1622.0
1789928102,50,,Aggregated,25.300000,0.000000,5,6,6,6,7,8,10,12,17,17,17,4040,0,5,26.383633817836245,2.828907992807217,2694.6074739971664,6756.029207920792
1789928103,50,GET,GET /api/v1/reservas,19.000000,0.000000,5,6,6,7,8,9,10,11,12,12,12,3002,0,6,6.85172080784923,3.704274000483565,153.60354000586085,8965.0
1789928103,50,GET,GET /api/v1/reservas/{id},5.800000,0.000000,4,5,5,5,6,8,8,15,15,15,15,1012,0,4,4.950771441554564,2.828907992807217,86.64649599813856,442.0
1789928103,50,POST,POST /api/v1/auth/login,0.000000,0.000000,0,0,0,0,0,0,0,0,0,0,0,50,0,1600.0,1623.4495169619913,687.5017660058802,2694.6074739971664,1622.0
1789928103,50,,Aggregated,24.800000,0.000000,5,6,6,6,7,8,10,11,15,15,15,4064,0,5,26.267599018729374,2.828907992807217,2694.6074739971664,6752.2967519685035
1789928104,50,GET,GET /api/v1/reservas,18.800000,0.000000,5,6,6,7,8,9,10,11,12,12,12,3022,0,6,6.841377137707837,3.704274000483565,153.60354000586085,8965.0
1789928104,50,GET,GET /api/v1/reservas/{id},5.800000,0.000000,4,5,5,5,6,8,8,15,15,15,15,1017,0,4,4.947094718630668,2.828907992807217,86.64649599813856,442.0
1789928104,50,POST,POST /api/v1/auth/login,0.000000,0.000000,0,0,0,0,0,0,0,0,0,0,0,50,0,1600.0,1623.4495169619913,687.5017660058802,2694.6074739971664,1622.0
1789928104,50,,Aggregated,24.600000,0.000000,5,6,6,6,7,8,10,11,15,15,15,4089,0,5,26.138007553705073,2.828907992807217,2694.6074739971664,6755.403277084862
1789928105,50,GET,GET /api/v1/reservas,19.400000,0.000000,6,6,6,7,7,9,10,11,11,11,11,3044,0,6,6.83992389263153,3.704274000483565,153.60354000586085,8965.0
1789928105,50,GET,GET /api/v1/reservas/{id},5.800000,0.000000,5,5,5,5,6,8,8,15,15,15,15,1024,0,4,4.950247882675285,2.828907992807217,86.64649599813856,442.0
1789928105,50,POST,POST /api/v1/auth/login,0.000000,0.000000,0,0,0,0,0,0,0,0,0,0,0,50,0,1600.0,1623.4495169619913,687.5017660058802,2694.6074739971664,1622.0
1789928105,50,,Aggregated,25.200000,0.000000,5,6,6,6,7,8,10,11,15,15,15,4118,0,5,25.998605636019775,2.828907992807217,2694.6074739971664,6756.475959203497
1789928106,50,GET,GET /api/v1/reservas,18.900000,0.000000,6,6,6,7,7,9,10,11,11,11,11,3065,0,6,6.8301841122767515,3.704274000483565,153.60354000586085,8965.0
1789928106,50,GET,GET /api/v1/reservas/{id},6.200000,0.000000,5,5,5,5,6,8,8,15,15,15,15,1029,0,4,4.9492611650597444,2.828907992807217,86.64649599813856,442.0
1789928106,50,POST,POST /api/v1/auth/login,0.000000,0.000000,0,0,0,0,0,0,0,0,0,0,0,50,0,1600.0,1623.4495169619913,687.5017660058802,2694.6074739971664,1622.0
1789928106,50,,Aggregated,25.100000,0.000000,5,6,6,6,7,8,10,11,15,15,15,4144,0,5,25.868672753637618,2.828907992807217,2694.6074739971664,6760.048986486487
1789928107,50,GET,GET /api/v1/reservas,18.700000,0.000000,6,6,6,7,8,9,10,11,11,11,11,3081,0,6,6.822730012703196,3.704274000483565,153.60354000586085,8965.0
1789928107,50,GET,GET /api/v1/reservas/{id},6.100000,0.000000,5,5,5,5,6,8,8,15,15,15,15,1035,0,4,4.943383272339653,2.828907992807217,86.64649599813856,442.0
1789928107,50,POST,POST /api/v1/auth/login,0.000000,0.000000,0,0,0,0,0,0,0,0,0,0,0,50,0,1600.0,1623.4495169619913,687.5017660058802,2694.6074739971664,1622.0
1789928107,50,,Aggregated,24.800000,0.000000,5,6,6,6,7,8,10,11,15,15,15,4166,0,5,25.758451441216913,2.828907992807217,2694.6074739971664,6759.417906865098
1789928108,50,GET,GET /api/v1/reservas,18.500000,0.000000,6,6,6,7,8,9,10,11,12,12,12,3105,0,6,6.818511614526492,3.704274000483565,153.60354000586085,8965.0
1789928108,50,GET,GET /api/v1/reservas/{id},6.500000,0.000000,4,5,5,5,6,8,8,15,15,15,15,1040,0,4,4.94015415276338,2.828907992807217,86.64649599813856,442.0
1789928108,50,POST,POST /api/v1/auth/login,0.000000,0.000000,0,0,0,0,0,0,0,0,0,0,0,50,0,1600.0,1623.4495169619913,687.5017660058802,2694.6074739971664,1622.0
1789928108,50,,Aggregated,25.000000,0.000000,5,6,6,7,7,8,10,11,15,15,15,4195,0,5,25.621386109673,2.828907992807217,2694.6074739971664,6764.506555423122
1789928109,50,GET,GET /api/v1/reservas,19.100000,0.000000,5,6,7,7,8,9,10,11,12,12,12,3127,0,6,6.812365811021369,3.704274000483565,153.60354000586085,8965.0
1789928109,50,GET,GET /api/v1/reservas/{id},6.200000,0.000000,4,5,5,5,6,8,8,15,15,15,15,1044,0,4,4.936854971151922,2.828907992807217,86.64649599813856,442.0
1789928109,50,POST,POST /api/v1/auth/login,0.000000,0.000000,0,0,0,0,0,0,0,0,0,0,0,50,0,1600.0,1623.4495169619913,687.5017660058802,2694.6074739971664,1622.0
1789928109,50,,Aggregated,25.300000,0.000000,5,6,6,7,8,9,10,11,15,15,15,4221,0,5,25.498417514580904,2.828907992807217,2694.6074739971664,6769.984126984127
1789928110,50,GET,GET /api/v1/reservas,18.700000,0.000000,5,6,7,7,8,9,10,10,12,12,12,3157,0,6,6.796831021876246,3.704274000483565,153.60354000586085,8965.0
1789928110,50,GET,GET /api/v1/reservas/{id},6.600000,0.000000,4,5,5,5,6,8,8,15,15,15,15,1047,0,4,4.93408825011702,2.828907992807217,86.64649599813856,442.0
1789928110,50,POST,POST /api/v1/auth/login,0.000000,0.000000,0,0,0,0,0,0,0,0,0,0,0,50,0,1600.0,1623.4495169619913,687.5017660058802,2694.6074739971664,1622.0
1789928110,50,,Aggregated,25.300000,0.000000,5,6,6,7,8,9,10,11,15,15,15,4254,0,5,25.339929897046403,2.828907992807217,2694.6074739971664,6781.001175364363
1789928111,50,GET,GET /api/v1/reservas,19.300000,0.000000,5,6,6,7,8,9,10,11,12,12,12,3167,0,6,6.792703102001515,3.704274000483565,153.60354000586085,8965.0
1789928111,50,GET,GET /api/v1/reservas/{id},5.900000,0.000000,5,5,5,5,6,8,8,15,15,15,15,1051,0,4,4.931955284383201,2.828907992807217,86.64649599813856,442.0
1789928111,50,POST,POST /api/v1/auth/login,0.000000,0.000000,0,0,0,0,0,0,0,0,0,0,0,50,0,1600.0,1623.4495169619913,687.5017660058802,2694.6074739971664,1622.0
1789928111,50,,Aggregated,25.200000,0.000000,5,6,6,7,8,9,10,11,15,15,15,4268,0,5,25.27377028491685,2.828907992807217,2694.6074739971664,6780.177366447985
1789928112,50,GET,GET /api/v1/reservas,19.900000,0.000000,5,6,6,7,8,9,10,10,12,12,12,3187,0,6,6.783012934128459,3.704274000483565,153.60354000586085,8965.0
1789928112,50,GET,GET /api/v1/reservas/{id},5.500000,0.000000,4,5,5,5,6,6,7,15,15,15,15,1062,0,4,4.920829098731746,2.828907992807217,86.64649599813856,442.0
1789928112,50,POST,POST /api/v1/auth/login,0.000000,0.000000,0,0,0,0,0,0,0,0,0,0,0,50,0,1600.0,1623.4495169619913,687.5017660058802,2694.6074739971664,1622.0
1789928112,50,,Aggregated,25.400000,0.000000,5,6,6,6,7,8,10,10,15,15,15,4299,0,5,25.12581032147478,2.828907992807217,2694.6074739971664,6774.12398232147
1789928113,50,GET,GET /api/v1/reservas,20.300000,0.000000,5,6,6,7,8,9,10,10,12,12,12,3202,0,6,6.783022614015648,3.704274000483565,153.60354000586085,8965.0
1789928113,50,GET,GET /api/v1/reservas/{id},5.400000,0.000000,4,5,5,5,6,8,8,10,10,10,10,1072,0,4,4.932143033465085,2.828907992807217,86.64649599813856,442.0
1789928113,50,POST,POST /api/v1/auth/login,0.000000,0.000000,0,0,0,0,0,0,0,0,0,0,0,50,0,1600.0,1623.4495169619913,687.5017660058802,2694.6074739971664,1622.0
1789928113,50,,Aggregated,25.700000,0.000000,5,6,6,7,8,8,10,10,12,12,12,4324,0,5,25.018263549965827,2.828907992807217,2694.6074739971664,6767.080018501388
1789928114,50,GET,GET /api/v1/reservas,20.200000,0.000000,5,6,6,7,8,9,9,10,12,12,12,3220,0,6,6.775949932945753,3.704274000483565,153.60354000586085,8965.0
1789928114,50,GET,GET /api/v1/reservas/{id},5.300000,0.000000,4,5,5,5,6,8,8,10,10,10,10,1078,0,4,4.932025716023313,2.828907992807217,86.64649599813856,442.0
1789928114,50,POST,POST /api/v1/auth/login,0.000000,0.000000,0,0,0,0,0,0,0,0,0,0,0,50,0,1600.0,1623.4495169619913,687.5017660058802,2694.6074739971664,1622.0
1789928114,50,,Aggregated,25.500000,0.000000,5,6,6,7,8,8,9,10,12,12,12,4348,0,5,24.90978802991215,2.828907992807217,2694.6074739971664,6767.4507819687215
1789928115,50,GET,GET /api/v1/reservas,20.100000,0.000000,5,6,6,6,7,8,9,10,12,12,12,3240,0,6,6.767857392319625,3.704274000483565,153.60354000586085,8965.0
1789928115,50,GET,GET /api/v1/reservas/{id},5.900000,0.000000,4,5,5,5,6,8,8,10,10,10,10,1082,0,4,4.92878808122584,2.828907992807217,86.64649599813856,442.0
1789928115,50,POST,POST /api/v1/auth/login,0.000000,0.000000,0,0,0,0,0,0,0,0,0,0,0,50,0,1600.0,1623.4495169619913,687.5017660058802,2694.6074739971664,1622.0
1789928115,50,,Aggregated,26.000000,0.000000,5,6,6,6,7,8,9,10,12,12,12,4372,0,5,24.801757205649935,2.828907992807217,2694.6074739971664,6771.71637694419
1789928116,50,GET,GET /api/v1/reservas,19.300000,0.000000,5,6,6,7,8,9,9,10,12,12,12,3259,0,6,6.765182263010827,3.704274000483565,153.60354000586085,8965.0
1789928116,50,GET,GET /api/v1/reservas/{id},6.000000,0.000000,4,5,5,5,6,8,8,10,10,10,10,1088,0,4,4.926059728765775,2.828907992807217,86.64649599813856,442.0
1789928116,50,POST,POST /api/v1/auth/login,0.000000,0.000000,0,0,0,0,0,0,0,0,0,0,0,50,0,1600.0,1623.4495169619913,687.5017660058802,2694.6074739971664,1622.0
1789928116,50,,Aggregated,25.300000,0.000000,5,6,6,6,8,8,9,10,12,12,12,4397,0,5,24.69405454358631,2.828907992807217,2694.6074739971664,6772.556515806232
1789928117,50,GET,GET /api/v1/reservas,19.700000,0.000000,5,6,6,7,8,9,9,10,12,12,12,3278,0,6,6.756689603460671,3.704274000483565,153.60354000586085,8965.0
1789928117,50,GET,GET /api/v1/reservas/{id},6.300000,0.000000,4,5,5,5,6,8,8,10,10,10,10,1096,0,4,4.919064466158641,2.828907992807217,86.64649599813856,442.0
1789928117,50,POST,POST /api/v1/auth/login,0.000000,0.000000,0,0,0,0,0,0,0,0,0,0,0,50,0,1600.0,1623.4495169619913,687.5017660058802,2694.6074739971664,1622.0
1789928117,50,,Aggregated,26.000000,0.000000,5,6,6,6,8,8,9,10,12,12,12,4424,0,5,24.57328187684302,2.828907992807217,2694.6074739971664,6770.524864376131
1789928118,50,GET,GET /api/v1/reservas,19.500000,0.000000,5,6,6,6,7,8,9,9,10,10,10,3294,0,6,6.750438041930715,3.704274000483565,153.60354000586085,8965.0
1789928118,50,GET,GET /api/v1/reservas/{id},5.700000,0.000000,4,5,5,5,6,8,8,10,10,10,10,1102,0,4,4.916033552558763,2.828907992807217,86.64649599813856,442.0
1789928118,50,POST,POST /api/v1/auth/login,0.000000,0.000000,0,0,0,0,0,0,0,0,0,0,0,50,0,1600.0,1623.4495169619913,687.5017660058802,2694.6074739971664,1622.0
1789928118,50,,Aggregated,25.200000,0.000000,5,6,6,6,7,8,9,9,10,10,10,4446,0,5,24.47725769976138,2.828907992807217,2694.6074739971664,6769.881691408007
1789928119,50,GET,GET /api/v1/reservas,19.800000,0.000000,5,6,6,7,8,9,9,10,12,12,12,3315,0,6,6.75271632009608,3.704274000483565,153.60354000586085,8965.0
1789928119,50,GET,GET /api/v1/reservas/{id},6.300000,0.000000,4,5,5,5,6,8,8,10,10,10,10,1106,0,4,4.914292169013923,2.828907992807217,86.64649599813856,442.0
1789928119,50,POST,POST /api/v1/auth/login,0.000000,0.000000,0,0,0,0,0,0,0,0,0,0,0,50,0,1600.0,1623.4495169619913,687.5017660058802,2694.6074739971664,1622.0
1789928119,50,,Aggregated,26.100000,0.000000,5,6,6,6,8,9,9,10,12,12,12,4471,0,5,24.377753877912653,2.828907992807217,2694.6074739971664,6774.530753746366
1789928120,50,GET,GET /api/v1/reservas,19.400000,0.000000,6,6,6,7,8,9,10,11,12,12,12,3335,0,6,6.7451702018372774,3.704274000483565,153.60354000586085,8965.0
1789928120,50,GET,GET /api/v1/reservas/{id},6.000000,0.000000,4,5,5,5,6,8,8,10,10,10,10,1114,0,4,4.910283560984909,2.828907992807217,86.64649599813856,442.0
1789928120,50,POST,POST /api/v1/auth/login,0.000000,0.000000,0,0,0,0,0,0,0,0,0,0,0,50,0,1600.0,1623.4495169619913,687.5017660058802,2694.6074739971664,1622.0
1789928120,50,,Aggregated,25.400000,0.000000,5,6,6,6,8,8,10,10,12,12,12,4499,0,5,24.25820723675574,2.828907992807217,2694.6074739971664,6773.008001778173
1789928121,50,GET,GET /api/v1/reservas,19.000000,0.000000,5,6,6,7,8,9,10,11,12,12,12,3351,0,6,6.736017350993383,3.704274000483565,153.60354000586085,8965.0
1789928121,50,GET,GET /api/v1/reservas/{id},6.300000,0.000000,4,5,5,5,6,8,8,10,10,10,10,1120,0,4,4.908096864242647,2.828907992807217,86.64649599813856,442.0
1789928121,50,POST,POST /api/v1/auth/login,0.000000,0.000000,0,0,0,0,0,0,0,0,0,0,0,50,0,1600.0,1623.4495169619913,687.5017660058802,2694.6074739971664,1622.0
1789928121,50,,Aggregated,25.300000,0.000000,5,6,6,6,8,8,10,10,12,12,12,4521,0,5,24.163224613853163,2.828907992807217,2694.6074739971664,6772.363415173634
1789928122,50,GET,GET /api/v1/reservas,18.100000,0.000000,5,6,6,7,8,9,10,11,12,12,12,3370,0,6,6.729764234476193,3.704274000483565,153.60354000586085,8965.0
1789928122,50,GET,GET /api/v1/reservas/{id},6.300000,0.000000,4,5,5,5,5,6,8,10,10,10,10,1129,0,4,4.897230321456257,2.828907992807217,86.64649599813856,442.0
1789928122,50,POST,POST /api/v1/auth/login,0.000000,0.000000,0,0,0,0,0,0,0,0,0,0,0,50,0,1600.0,1623.4495169619913,687.5017660058802,2694.6074739971664,1622.0
1789928122,50,,Aggregated,24.400000,0.000000,5,6,6,6,7,9,10,10,12,12,12,4549,0,5,24.04501084880379,2.828907992807217,2694.6074739971664,6768.997142229061
1789928123,50,GET,GET /api/v1/reservas,18.000000,0.000000,5,6,6,7,8,9,11,21,22,22,22,3388,0,6,6.736518023076889,3.704274000483565,153.60354000586085,8965.0
1789928123,50,GET,GET /api/v1/reservas/{id},7.000000,0.000000,4,5,5,5,5,6,8,8,8,8,8,1140,0,4,4.902031911325666,2.828907992807217,86.64649599813856,442.0
1789928123,50,POST,POST /api/v1/auth/login,0.000000,0.000000,0,0,0,0,0,0,0,0,0,0,0,50,0,1600.0,1623.4495169619913,687.5017660058802,2694.6074739971664,1622.0
1789928123,50,,Aggregated,25.000000,0.000000,5,6,6,6,7,9,11,12,22,22,22,4578,0,5,23.937115615813745,2.828907992807217,2694.6074739971664,6762.429008300568
1789928124,50,GET,GET /api/v1/reservas,18.400000,0.000000,5,6,6,7,8,9,11,21,22,22,22,3408,0,6,6.7292502098410045,3.704274000483565,153.60354000586085,8965.0
1789928124,50,GET,GET /api/v1/reservas/{id},7.000000,0.000000,4,5,5,5,6,7,8,8,8,8,8,1147,0,4,4.906279915347862,2.828907992807217,86.64649599813856,442.0
1789928124,50,POST,POST /api/v1/auth/login,0.000000,0.000000,0,0,0,0,0,0,0,0,0,0,0,50,0,1600.0,1623.4495169619913,687.5017660058802,2694.6074739971664,1622.0
1789928124,50,,Aggregated,25.400000,0.000000,5,6,6,6,7,9,11,12,22,22,22,4605,0,5,23.82915605345097,2.828907992807217,2694.6074739971664,6762.387404994571
1789928125,50,GET,GET /api/v1/reservas,18.100000,0.000000,5,6,6,7,8,10,12,22,30,30,30,3423,0,6,6.732832691254023,3.704274000483565,153.60354000586085,8965.0
1789928125,50,GET,GET /api/v1/reservas/{id},6.600000,0.000000,4,5,5,5,6,7,8,8,8,8,8,1153,0,4,4.904149816926215,2.828907992807217,86.64649599813856,442.0
1789928125,50,POST,POST /api/v1/auth/login,0.000000,0.000000,0,0,0,0,0,0,0,0,0,0,0,50,0,1600.0,1623.4495169619913,687.5017660058802,2694.6074739971664,1622.0
1789928125,50,,Aggregated,24.700000,0.000000,5,6,6,6,7,9,11,21,30,30,30,4626,0,5,23.751285535922612,2.828907992807217,2694.6074739971664,6761.331820146996
1789928126,50,GET,GET /api/v1/reservas,18.600000,0.000000,6,6,7,7,8,10,12,22,30,30,30,3441,0,6,6.7328043237822275,3.704274000483565,153.60354000586085,8965.0
1789928126,50,GET,GET /api/v1/reservas/{id},6.700000,0.000000,5,5,5,5,6,7,8,8,8,8,8,1160,0,4,4.903221472366191,2.828907992807217,86.64649599813856,442.0
1789928126,50,POST,POST /api/v1/auth/login,0.000000,0.000000,0,0,0,0,0,0,0,0,0,0,0,50,0,1600.0,1623.4495169619913,687.5017660058802,2694.6074739971664,1622.0
1789928126,50,,Aggregated,25.300000,0.000000,5,6,6,7,8,9,11,21,30,30,30,4651,0,5,23.656803361466135,2.828907992807217,2694.6074739971664,6760.349387228553
1789928127,50,GET,GET /api/v1/reservas,19.100000,0.000000,6,6,7,7,8,10,12,22,30,30,30,3463,0,6,6.723555590569094,3.704274000483565,153.60354000586085,8965.0
1789928127,50,GET,GET /api/v1/reservas/{id},6.600000,0.000000,4,5,5,5,6,7,8,8,8,8,8,1172,0,4,4.890471653533132,2.828907992807217,86.64649599813856,442.0
1789928127,50,POST,POST /api/v1/auth/login,0.000000,0.000000,0,0,0,0,0,0,0,0,0,0,0,50,0,1600.0,1623.4495169619913,687.5017660058802,2694.6074739971664,1622.0
1789928127,50,,Aggregated,25.700000,0.000000,5,6,6,7,8,9,11,21,30,30,30,4685,0,5,23.519270359910603,2.828907992807217,2694.6074739971664,6754.518463180363
1789928128,50,GET,GET /api/v1/reservas,18.400000,0.000000,5,6,6,7,8,10,12,22,30,30,30,3480,0,6,6.715602191708194,3.704274000483565,153.60354000586085,8965.0
1789928128,50,GET,GET /api/v1/reservas/{id},7.000000,0.000000,4,5,5,5,6,7,8,8,8,8,8,1179,0,4,4.88372568869126,2.828907992807217,86.64649599813856,442.0
1789928128,50,POST,POST /api/v1/auth/login,0.000000,0.000000,0,0,0,0,0,0,0,0,0,0,0,50,0,1600.0,1623.4495169619913,687.5017660058802,2694.6074739971664,1622.0
1789928128,50,,Aggregated,25.400000,0.000000,5,6,6,6,7,8,11,21,30,30,30,4709,0,5,23.423377375708448,2.828907992807217,2694.6074739971664,6753.114886387768
1789928129,50,GET,GET /api/v1/reservas,17.700000,0.000000,5,6,6,7,7,10,11,22,30,30,30,3493,0,6,6.713586560009696,3.704274000483565,153.60354000586085,8965.0
1789928129,50,GET,GET /api/v1/reservas/{id},6.900000,0.000000,4,5,5,5,6,7,8,8,8,8,8,1189,0,4,4.8806633296838,2.828907992807217,86.64649599813856,442.0
1789928129,50,POST,POST /api/v1/auth/login,0.000000,0.000000,0,0,0,0,0,0,0,0,0,0,0,50,0,1600.0,1623.4495169619913,687.5017660058802,2694.6074739971664,1622.0
1789928129,50,,Aggregated,24.600000,0.000000,5,6,6,6,7,8,11,21,30,30,30,4732,0,5,23.33604023694156,2.828907992807217,2694.6074739971664,6745.854395604396
1789928130,50,GET,GET /api/v1/reservas,18.100000,0.000000,5,6,6,7,7,9,11,22,30,30,30,3510,0,6,6.706323343914691,3.704274000483565,153.60354000586085,8965.0
1789928130,50,GET,GET /api/v1/reservas/{id},7.600000,0.000000,4,5,5,5,6,7,8,8,8,8,8,1195,0,4,4.878418158146038,2.828907992807217,86.64649599813856,442.0
1789928130,50,POST,POST /api/v1/auth/login,0.000000,0.000000,0,0,0,0,0,0,0,0,0,0,0,50,0,1600.0,1623.4495169619913,687.5017660058802,2694.6074739971664,1622.0
1789928130,50,,Aggregated,25.700000,0.000000,5,6,6,6,7,8,11,21,30,30,30,4755,0,5,23.247398629700243,2.828907992807217,2694.6074739971664,6745.833859095689
1789928131,50,GET,GET /api/v1/reservas,18.500000,0.000000,5,6,6,7,7,9,11,22,30,30,30,3527,0,6,6.701336599698476,3.704274000483565,153.60354000586085,8965.0
1789928131,50,GET,GET /api/v1/reservas/{id},7.900000,0.000000,4,5,5,5,6,7,8,8,8,8,8,1204,0,4,4.872354860418512,2.828907992807217,86.64649599813856,442.0
1789928131,50,POST,POST /api/v1/auth/login,0.000000,0.000000,0,0,0,0,0,0,0,0,0,0,0,50,0,1600.0,1623.4495169619913,687.5017660058802,2694.6074739971664,1622.0
1789928131,50,,Aggregated,26.400000,0.000000,5,6,6,6,7,8,10,21,30,30,30,4781,0,5,23.148798428609073,2.828907992807217,2694.6074739971664,6741.857979502196
1789928132,50,GET,GET /api/v1/reservas,18.300000,0.000000,5,6,6,7,7,8,11,22,30,30,30,3549,0,6,6.691980449466463,3.704274000483565,153.60354000586085,8965.0
1789928132,50,GET,GET /api/v1/reservas/{id},8.300000,0.000000,4,5,5,5,6,7,8,8,8,8,8,1207,0,4,4.8707932410410635,2.828907992807217,86.64649599813856,442.0
1789928132,50,POST,POST /api/v1/auth/login,0.000000,0.000000,0,0,0,0,0,0,0,0,0,0,0,50,0,1600.0,1623.4495169619913,687.5017660058802,2694.6074739971664,1622.0
1789928132,50,,Aggregated,26.600000,0.000000,5,6,6,6,7,8,11,21,30,30,30,4806,0,5,23.054798565375073,2.828907992807217,2694.6074739971664,6748.102163961715
1789928133,50,GET,GET /api/v1/reservas,17.600000,0.000000,5,6,6,6,7,8,11,14,30,30,30,3569,0,6,6.689959747312674,3.704274000483565,153.60354000586085,8965.0
1789928133,50,GET,GET /api/v1/reservas/{id},7.900000,0.000000,4,5,5,5,6,7,8,12,12,12,12,1214,0,4,4.875969038659644,2.828907992807217,86.64649599813856,442.0
1789928133,50,POST,POST /api/v1/auth/login,0.000000,0.000000,0,0,0,0,0,0,0,0,0,0,0,50,0,1600.0,1623.4495169619913,687.5017660058802,2694.6074739971664,1622.0
1789928133,50,,Aggregated,25.500000,0.000000,5,6,6,6,7,8,10,13,30,30,30,4833,0,5,22.960556300267186,2.828907992807217,2694.6074739971664,6748.142561555969
1789928134,50,GET,GET /api/v1/reservas,18.200000,0.000000,5,6,6,6,7,8,11,14,30,30,30,3587,0,6,6.68690305023627,3.704274000483565,153.60354000586085,8965.0
1789928134,50,GET,GET /api/v1/reservas/{id},8.200000,0.000000,4,5,5,5,5,6,7,12,12,12,12,1218,0,4,4.8735820254163205,2.828907992807217,86.64649599813856,442.0
1789928134,50,POST,POST /api/v1/auth/login,0.000000,0.000000,0,0,0,0,0,0,0,0,0,0,0,50,0,1600.0,1623.4495169619913,687.5017660058802,2694.6074739971664,1622.0
1789928134,50,,Aggregated,26.400000,0.000000,5,6,6,6,7,8,11,13,30,30,30,4855,0,5,22.882475797374696,2.828907992807217,2694.6074739971664,6751.166014418126
1789928135,50,GET,GET /api/v1/reservas,17.900000,0.000000,5,6,6,6,7,8,10,13,14,14,14,3605,0,6,6.682883419475748,3.704274000483565,153.60354000586085,8965.0
1789928135,50,GET,GET /api/v1/reservas/{id},7.600000,0.000000,4,4,5,5,5,6,7,12,12,12,12,1226,0,4,4.866058743024415,2.828907992807217,86.64649599813856,442.0
1789928135,50,POST,POST /api/v1/auth/login,0.000000,0.000000,0,0,0,0,0,0,0,0,0,0,0,50,0,1600.0,1623.4495169619913,687.5017660058802,2694.6074739971664,1622.0
1789928135,50,,Aggregated,25.500000,0.000000,5,6,6,6,7,8,10,12,14,14,14,4881,0,5,22.788375044920624,2.828907992807217,2694.6074739971664,6748.989346445401
1789928136,50,GET,GET /api/v1/reservas,18.300000,0.000000,5,6,6,6,7,8,11,13,14,14,14,3619,0,6,6.682345388564877,3.704274000483565,153.60354000586085,8965.0
1789928136,50,GET,GET /api/v1/reservas/{id},7.500000,0.000000,4,5,5,5,5,6,7,12,12,12,12,1234,0,4,4.866828590711579,2.828907992807217,86.64649599813856,442.0
1789928136,50,POST,POST /api/v1/auth/login,0.000000,0.000000,0,0,0,0,0,0,0,0,0,0,0,50,0,1600.0,1623.4495169619913,687.5017660058802,2694.6074739971664,1622.0
1789928136,50,,Aggregated,25.800000,0.000000,5,6,6,6,7,8,11,12,14,14,14,4903,0,5,22.712941115695276,2.828907992807217,2694.6074739971664,6745.02610646543
1789928137,50,GET,GET /api/v1/reservas,17.500000,0.000000,5,6,6,7,7,8,11,13,14,14,14,3636,0,6,6.677864274262744,3.704274000483565,153.60354000586085,8965.0
1789928137,50,GET,GET /api/v1/reservas/{id},7.300000,0.000000,4,5,5,5,5,6,7,12,12,12,12,1241,0,4,4.864081909690457,2.828907992807217,86.64649599813856,442.0
1789928137,50,POST,POST /api/v1/auth/login,0.000000,0.000000,0,0,0,0,0,0,0,0,0,0,0,50,0,1600.0,1623.4495169619913,687.5017660058802,2694.6074739971664,1622.0
1789928137,50,,Aggregated,24.800000,0.000000,5,6,6,6,7,8,11,12,14,14,14,4927,0,5,22.628276029885278,2.828907992807217,2694.6074739971664,6743.730870712401
1789928138,50,GET,GET /api/v1/reservas,18.200000,0.000000,5,6,6,7,7,8,11,13,14,14,14,3655,0,6,6.670917555453796,3.704274000483565,153.60354000586085,8965.0
1789928138,50,GET,GET /api/v1/reservas/{id},7.500000,0.000000,4,5,5,5,5,6,7,12,12,12,12,1247,0,4,4.8599306246323275,2.828907992807217,86.64649599813856,442.0
1789928138,50,POST,POST /api/v1/auth/login,0.000000,0.000000,0,0,0,0,0,0,0,0,0,0,0,50,0,1600.0,1623.4495169619913,687.5017660058802,2694.6074739971664,1622.0
1789928138,50,,Aggregated,25.700000,0.000000,5,6,6,6,7,8,11,12,14,14,14,4952,0,5,22.539380654725303,2.828907992807217,2694.6074739971664,6744.618134087237
1789928139,50,GET,GET /api/v1/reservas,17.900000,0.000000,6,6,6,7,8,9,11,13,14,14,14,3671,0,6,6.672050465305119,3.704274000483565,153.60354000586085,8965.0
1789928139,50,GET,GET /api/v1/reservas/{id},7.400000,0.000000,4,5,5,5,6,7,10,12,12,12,12,1254,0,4,4.866287044593986,2.828907992807217,86.64649599813856,442.0
1789928139,50,POST,POST /api/v1/auth/login,0.000000,0.000000,0,0,0,0,0,0,0,0,0,0,0,50,0,1600.0,1623.4495169619913,687.5017660058802,2694.6074739971664,1622.0
1789928139,50,,Aggregated,25.300000,0.000000,5,6,6,6,7,9,11,12,14,14,14,4975,0,5,22.46590895681518,2.828907992807217,2694.6074739971664,6742.891055276382
1789928140,50,GET,GET /api/v1/reservas,17.800000,0.000000,6,6,7,7,8,9,11,13,14,14,14,3690,0,6,6.669150853421833,3.704274000483565,153.60354000586085,8965.0
1789928140,50,GET,GET /api/v1/reservas/{id},6.900000,0.000000,4,5,5,5,6,7,10,12,12,12,12,1261,0,4,4.8642039753594135,2.828907992807217,86.64649599813856,442.0
1789928140,50,POST,POST /api/v1/auth/login,0.000000,0.000000,0,0,0,0,0,0,0,0,0,0,0,50,0,1600.0,1623.4495169619913,687.5017660058802,2694.6074739971664,1622.0
1789928140,50,,Aggregated,24.700000,0.000000,5,6,6,7,8,9,11,12,14,14,14,5001,0,5,22.378605021026665,2.828907992807217,2694.6074739971664,6742.513897220556
1789928141,50,GET,GET /api/v1/reservas,17.500000,0.000000,6,6,7,7,8,9,11,13,14,14,14,3706,0,6,6.6632101303578395,3.704274000483565,153.60354000586085,8965.0
1789928141,50,GET,GET /api/v1/reservas/{id},6.500000,0.000000,4,5,5,5,6,7,10,12,12,12,12,1268,0,4,4.859362227862594,2.828907992807217,86.64649599813856,442.0
1789928141,50,POST,POST /api/v1/auth/login,0.000000,0.000000,0,0,0,0,0,0,0,0,0,0,0,50,0,1600.0,1623.4495169619913,687.5017660058802,2694.6074739971664,1622.0
1789928141,50,,Aggregated,24.000000,0.000000,5,6,6,7,8,9,11,12,14,14,14,5024,0,5,22.298567654485566,2.828907992807217,2694.6074739971664,6740.813296178344
1789928142,50,GET,GET /api/v1/reservas,17.500000,0.000000,6,6,7,7,8,9,11,13,14,14,14,3722,0,6,6.657565210940806,3.704274000483565,153.60354000586085,8965.0
1789928142,50,GET,GET /api/v1/reservas/{id},6.300000,0.000000,4,5,5,5,6,7,10,12,12,12,12,1278,0,4,4.853483449881485,2.828907992807217,86.64649599813856,442.0
1789928142,50,POST,POST /api/v1/auth/login,0.000000,0.000000,0,0,0,0,0,0,0,0,0,0,0,50,0,1600.0,1623.4495169619913,687.5017660058802,2694.6074739971664,1622.0
1789928142,50,,Aggregated,23.800000,0.000000,5,6,6,7,8,9,11,12,14,14,14,5050,0,5,22.208848596469263,2.828907992807217,2694.6074739971664,6735.3873267326735
1789928143,50,GET,GET /api/v1/reservas,17.800000,0.000000,6,6,7,7,8,10,11,12,18,18,18,3743,0,6,6.66065875451815,3.704274000483565,153.60354000586085,8965.0
1789928143,50,GET,GET /api/v1/reservas/{id},6.700000,0.000000,4,5,5,5,6,7,7,10,10,10,10,1282,0,4,4.852715453950074,2.828907992807217,86.64649599813856,442.0
1789928143,50,POST,POST /api/v1/auth/login,0.000000,0.000000,0,0,0,0,0,0,0,0,0,0,0,50,0,1600.0,1623.4495169619913,687.5017660058802,2694.6074739971664,1622.0
1789928143,50,,Aggregated,24.500000,0.000000,5,6,6,7,8,9,11,11,18,18,18,5075,0,5,22.132906951374384,2.828907992807217,2694.6074739971664,6739.653004926108
1789928144,50,GET,GET /api/v1/reservas,17.000000,0.000000,6,7,7,8,11,16,39,71,94,94,94,3762,0,6,6.750713081902365,3.704274000483565,153.60354000586085,8965.0
1789928144,50,GET,GET /api/v1/reservas/{id},6.700000,0.000000,4,5,5,5,7,13,24,27,27,27,27,1286,0,4,4.898975566076622,2.828907992807217,86.64649599813856,442.0
1789928144,50,POST,POST /api/v1/auth/login,0.000000,0.000000,0,0,0,0,0,0,0,0,0,0,0,50,0,1600.0,1623.4495169619913,687.5017660058802,2694.6074739971664,1622.0
1789928144,50,,Aggregated,23.700000,0.000000,5,6,7,7,10,16,36,56,94,94,94,5098,0,5,22.139807971791054,2.828907992807217,2694.6074739971664,6743.005492349941
1789928145,50,GET,GET /api/v1/reservas,17.200000,0.000000,6,7,9,10,16,65,88,160,160,160,160,3779,0,6,6.9416428301433175,3.704274000483565,163.83359499741346,8965.0
1789928145,50,GET,GET /api/v1/reservas/{id},7.000000,0.000000,5,5,6,7,17,47,110,130,130,130,130,1291,0,4,5.1552128559009995,2.828907992807217,133.83906299714,442.0
1789928145,50,POST,POST /api/v1/auth/login,0.000000,0.000000,0,0,0,0,0,0,0,0,0,0,0,50,0,1600.0,1623.4495169619913,687.5017660058802,2694.6074739971664,1622.0
1789928145,50,,Aggregated,24.200000,0.000000,6,7,8,10,17,56,94,130,160,160,160,5120,0,5,22.27740701175378,2.828907992807217,2694.6074739971664,6744.2298828125
1789928146,50,GET,GET /api/v1/reservas,17.700000,0.000000,7,9,11,12,17,56,88,160,160,160,160,3805,0,6,6.988653649951413,3.704274000483565,163.83359499741346,8965.0
1789928146,50,GET,GET /api/v1/reservas/{id},6.600000,0.000000,5,5,7,10,24,47,110,130,130,130,130,1297,0,4,5.1943834995995966,2.828907992807217,133.83906299714,442.0
1789928146,50,POST,POST /api/v1/auth/login,0.000000,0.000000,0,0,0,0,0,0,0,0,0,0,0,50,0,1600.0,1623.4495169619913,687.5017660058802,2694.6074739971664,1622.0
1789928146,50,,Aggregated,24.300000,0.000000,6,8,10,12,18,49,94,130,160,160,160,5152,0,5,22.22465418966331,2.828907992807217,2694.6074739971664,6748.097631987577
1789928147,50,GET,GET /api/v1/reservas,17.400000,0.000000,7,9,11,12,18,65,88,160,160,160,160,3820,0,6,6.990485774623309,3.704274000483565,163.83359499741346,8965.0
1789928147,50,GET,GET /api/v1/reservas/{id},6.800000,0.000000,5,6,8,12,24,47,110,130,130,130,130,1305,0,4,5.195034367020752,2.828907992807217,133.83906299714,442.0
1789928147,50,POST,POST /api/v1/auth/login,0.000000,0.000000,0,0,0,0,0,0,0,0,0,0,0,50,0,1600.0,1623.4495169619913,687.5017660058802,2694.6074739971664,1622.0
1789928147,50,,Aggregated,24.200000,0.000000,6,9,11,12,18,49,94,130,160,160,160,5175,0,5,22.155681421472984,2.828907992807217,2694.6074739971664,6744.774879227053
1789928148,50,GET,GET /api/v1/reservas,17.700000,0.000000,7,9,11,12,18,65,88,160,160,160,160,3840,0,6,6.981256932832973,3.704274000483565,163.83359499741346,8965.0
1789928148,50,GET,GET /api/v1/reservas/{id},6.500000,0.000000,5,6,8,12,24,47,110,130,130,130,130,1310,0,4,5.192576190821101,2.828907992807217,133.83906299714,442.0
1789928148,50,POST,POST /api/v1/auth/login,0.000000,0.000000,0,0,0,0,0,0,0,0,0,0,0,50,0,1600.0,1623.4495169619913,687.5017660058802,2694.6074739971664,1622.0
1789928148,50,,Aggregated,24.200000,0.000000,6,9,11,12,18,49,94,130,160,160,160,5200,0,5,22.073611015414198,2.828907992807217,2694.6074739971664,6747.253846153846
1789928149,50,GET,GET /api/v1/reservas,18.400000,0.000000,6,9,10,12,17,56,88,160,160,160,160,3860,0,6,6.974260399750358,3.704274000483565,163.83359499741346,8965.0
1789928149,50,GET,GET /api/v1/reservas/{id},6.300000,0.000000,5,6,8,13,27,49,110,130,130,130,130,1311,0,4,5.1911975751086805,2.828907992807217,133.83906299714,442.0
1789928149,50,POST,POST /api/v1/auth/login,0.000000,0.000000,0,0,0,0,0,0,0,0,0,0,0,50,0,1600.0,1623.4495169619913,687.5017660058802,2694.6074739971664,1622.0
1789928149,50,,Aggregated,24.700000,0.000000,6,8,10,12,18,49,94,130,160,160,160,5221,0,5,22.007044821318413,2.828907992807217,2694.6074739971664,6754.541658686076
1789928150,50,GET,GET /api/v1/reservas,18.300000,0.000000,6,8,10,12,17,56,88,160,160,160,160,3882,0,6,6.969243706087222,3.704274000483565,163.83359499741346,8965.0
1789928150,50,GET,GET /api/v1/reservas/{id},6.300000,0.000000,4,6,9,13,27,49,110,130,130,130,130,1319,0,4,5.183779428326178,2.828907992807217,133.83906299714,442.0
1789928150,50,POST,POST /api/v1/auth/login,0.000000,0.000000,0,0,0,0,0,0,0,0,0,0,0,50,0,1600.0,1623.4495169619913,687.5017660058802,2694.6074739971664,1622.0
1789928150,50,,Aggregated,24.600000,0.000000,6,8,10,12,18,49,94,130,160,160,160,5251,0,5,21.912870878136047,2.828907992807217,2694.6074739971664,6754.185488478385
1789928151,50,GET,GET /api/v1/reservas,18.600000,0.000000,6,8,10,12,17,56,88,160,160,160,160,3900,0,6,6.961112822326145,3.704274000483565,163.83359499741346,8965.0
1789928151,50,GET,GET /api/v1/reservas/{id},6.300000,0.000000,4,6,9,13,27,49,110,130,130,130,130,1324,0,4,5.180357956912916,2.828907992807217,133.83906299714,442.0
1789928151,50,POST,POST /api/v1/auth/login,0.000000,0.000000,0,0,0,0,0,0,0,0,0,0,0,50,0,1600.0,1623.4495169619913,687.5017660058802,2694.6074739971664,1622.0
1789928151,50,,Aggregated,24.900000,0.000000,6,8,10,12,18,49,94,130,160,160,160,5274,0,5,21.83913723741453,2.828907992807217,2694.6074739971664,6755.746681835419
1789928152,50,GET,GET /api/v1/reservas,19.200000,0.000000,6,8,10,12,17,56,88,160,160,160,160,3921,0,6,6.950568346612134,3.704274000483565,163.83359499741346,8965.0
1789928152,50,GET,GET /api/v1/reservas/{id},5.900000,0.000000,5,6,12,13,27,49,110,130,130,130,130,1330,0,4,5.176244911230502,2.828907992807217,133.83906299714,442.0
1789928152,50,POST,POST /api/v1/auth/login,0.000000,0.000000,0,0,0,0,0,0,0,0,0,0,0,50,0,1600.0,1623.4495169619913,687.5017660058802,2694.6074739971664,1622.0
1789928152,50,,Aggregated,25.100000,0.000000,6,8,10,12,18,49,94,130,160,160,160,5301,0,5,21.752510859668423,2.828907992807217,2694.6074739971664,6757.3523863422
1789928153,50,GET,GET /api/v1/reservas,19.300000,0.000000,6,7,10,11,17,56,88,160,160,160,160,3938,0,6,6.949182719431614,3.704274000483565,163.83359499741346,8965.0
1789928153,50,GET,GET /api/v1/reservas/{id},5.800000,0.000000,5,6,12,13,27,49,110,130,130,130,130,1334,0,4,5.174722020946984,2.828907992807217,133.83906299714,442.0
1789928153,50,POST,POST /api/v1/auth/login,0.000000,0.000000,0,0,0,0,0,0,0,0,0,0,0,50,0,1600.0,1623.4495169619913,687.5017660058802,2694.6074739971664,1622.0
1789928153,50,,Aggregated,25.100000,0.000000,6,7,10,12,19,56,94,130,160,160,160,5322,0,5,21.691363504916296,2.828907992807217,2694.6074739971664,6759.65764750094
1789928154,50,GET,GET /api/v1/reservas,19.600000,0.000000,6,7,8,9,15,19,88,160,160,160,160,3958,0,6,6.944649283504454,3.704274000483565,163.83359499741346,8965.0
1789928154,50,GET,GET /api/v1/reservas/{id},5.400000,0.000000,4,5,6,7,13,32,49,110,110,110,110,1340,0,4,5.168778838767016,2.828907992807217,133.83906299714,442.0
1789928154,50,POST,POST /api/v1/auth/login,0.000000,0.000000,0,0,0,0,0,0,0,0,0,0,0,50,0,1600.0,1623.4495169619913,687.5017660058802,2694.6074739971664,1622.0
1789928154,50,,Aggregated,25.000000,0.000000,6,6,8,9,13,19,88,110,160,160,160,5348,0,5,21.612857396439416,2.828907992807217,2694.6074739971664,6760.81712789828
1789928155,50,GET,GET /api/v1/reservas,20.000000,0.000000,6,6,7,7,9,15,17,19,23,23,23,3977,0,6,6.940669290709298,3.704274000483565,163.83359499741346,8965.0
1789928155,50,GET,GET /api/v1/reservas/{id},5.400000,0.000000,4,5,5,5,7,9,12,13,13,13,13,1347,0,4,5.166148340732098,2.828907992807217,133.83906299714,442.0
1789928155,50,POST,POST /api/v1/auth/login,0.000000,0.000000,0,0,0,0,0,0,0,0,0,0,0,50,0,1600.0,1623.4495169619913,687.5017660058802,2694.6074739971664,1622.0
1789928155,50,,Aggregated,25.400000,0.000000,5,6,6,7,9,12,17,18,23,23,23,5374,0,5,21.535973098663302,2.828907992807217,2694.6074739971664,6760.37941942687
1789928156,50,GET,GET /api/v1/reservas,19.200000,0.000000,5,6,6,6,7,8,10,17,18,18,18,3998,0,6,6.930167306931437,3.704274000483565,163.83359499741346,8965.0
1789928156,50,GET,GET /api/v1/reservas/{id},5.500000,0.000000,4,4,5,5,5,6,7,8,8,8,8,1353,0,4,5.160716975575257,2.828907992807217,133.83906299714,442.0
1789928156,50,POST,POST /api/v1/auth/login,0.000000,0.000000,0,0,0,0,0,0,0,0,0,0,0,50,0,1600.0,1623.4495169619913,687.5017660058802,2694.6074739971664,1622.0
1789928156,50,,Aggregated,24.700000,0.000000,5,6,6,6,7,8,9,15,18,18,18,5401,0,5,21.45190424165243,2.828907992807217,2694.6074739971664,6761.932234771339
1789928157,50,GET,GET /api/v1/reservas,19.800000,0.000000,5,6,6,6,7,8,12,17,18,18,18,4017,0,6,6.928108726193821,3.704274000483565,163.83359499741346,8965.0
1789928157,50,GET,GET /api/v1/reservas/{id},5.600000,0.000000,4,5,5,5,5,7,8,8,8,8,8,1357,0,4,5.1640063897984865,2.828907992807217,133.83906299714,442.0
1789928157,50,POST,POST /api/v1/auth/login,0.000000,0.000000,0,0,0,0,0,0,0,0,0,0,0,50,0,1600.0,1623.4495169619913,687.5017660058802,2694.6074739971664,1622.0
1789928157,50,,Aggregated,25.400000,0.000000,5,6,6,6,7,8,11,15,18,18,18,5424,0,5,21.38831955607977,2.828907992807217,2694.6074739971664,6764.988753687316
1789928158,50,GET,GET /api/v1/reservas,19.300000,0.000000,5,6,6,6,8,8,12,17,18,18,18,4039,0,6,6.918850300843555,3.704274000483565,163.83359499741346,8965.0
1789928158,50,GET,GET /api/v1/reservas/{id},5.300000,0.000000,4,5,5,5,6,8,8,10,10,10,10,1365,0,4,5.162578184597259,2.828907992807217,133.83906299714,442.0
1789928158,50,POST,POST /api/v1/auth/login,0.000000,0.000000,0,0,0,0,0,0,0,0,0,0,0,50,0,1600.0,1623.4495169619913,687.5017660058802,2694.6074739971664,1622.0
1789928158,50,,Aggregated,24.600000,0.000000,5,6,6,6,7,8,11,15,18,18,18,5454,0,5,21.298978994349458,2.828907992807217,2694.6074739971664,6764.588375504217
1789928159,50,GET,GET /api/v1/reservas,19.900000,0.000000,5,6,6,6,7,8,12,17,18,18,18,4059,0,6,6.910875983030085,3.704274000483565,163.83359499741346,8965.0
1789928159,50,GET,GET /api/v1/reservas/{id},5.500000,0.000000,4,5,5,5,6,8,8,10,10,10,10,1370,0,4,5.15839614086261,2.828907992807217,133.83906299714,442.0
1789928159,50,POST,POST /api/v1/auth/login,0.000000,0.000000,0,0,0,0,0,0,0,0,0,0,0,50,0,1600.0,1623.4495169619913,687.5017660058802,2694.6074739971664,1622.0
1789928159,50,,Aggregated,25.400000,0.000000,5,6,6,6,7,8,11,15,18,18,18,5479,0,5,21.224808208833814,2.828907992807217,2694.6074739971664,6766.850702682971
1789928160,50,GET,GET /api/v1/reservas,19.500000,0.000000,5,6,6,7,8,8,11,15,18,18,18,4077,0,6,6.91223558257869,3.704274000483565,163.83359499741346,8965.0
1789928160,50,GET,GET /api/v1/reservas/{id},5.200000,0.000000,4,5,5,5,8,8,9,10,10,10,10,1375,0,4,5.1653297199888835,2.828907992807217,133.83906299714,442.0
1789928160,50,POST,POST /api/v1/auth/login,0.000000,0.000000,0,0,0,0,0,0,0,0,0,0,0,50,0,1600.0,1623.4495169619913,687.5017660058802,2694.6074739971664,1622.0
1789928160,50,,Aggregated,24.700000,0.000000,5,6,6,7,8,8,10,12,18,18,18,5502,0,5,21.166119353554635,2.828907992807217,2694.6074739971664,6768.294256633952
1789928161,50,GET,GET /api/v1/reservas,19.700000,0.000000,5,6,6,7,8,9,11,15,18,18,18,4102,0,6,6.901915607552801,3.704274000483565,163.83359499741346,8965.0
1789928161,50,GET,GET /api/v1/reservas/{id},5.600000,0.000000,4,5,5,5,8,8,9,10,10,10,10,1380,0,4,5.162019263756836,2.828907992807217,133.83906299714,442.0
1789928161,50,POST,POST /api/v1/auth/login,0.000000,0.000000,0,0,0,0,0,0,0,0,0,0,0,50,0,1600.0,1623.4495169619913,687.5017660058802,2694.6074739971664,1622.0
1789928161,50,,Aggregated,25.300000,0.000000,5,6,6,6,8,8,10,12,18,18,18,5532,0,5,21.07876360344642,2.828907992807217,2694.6074739971664,6772.503615328995
1789928162,50,GET,GET /api/v1/reservas,19.800000,0.000000,5,6,6,7,8,9,12,15,18,18,18,4119,0,6,6.900192693170475,3.704274000483565,163.83359499741346,8965.0
1789928162,50,GET,GET /api/v1/reservas/{id},5.800000,0.000000,4,5,5,5,8,8,9,10,10,10,10,1386,0,4,5.15830870273437,2.828907992807217,133.83906299714,442.0
1789928162,50,POST,POST /api/v1/auth/login,0.000000,0.000000,0,0,0,0,0,0,0,0,0,0,0,50,0,1600.0,1623.4495169619913,687.5017660058802,2694.6074739971664,1622.0
1789928162,50,,Aggregated,25.600000,0.000000,5,6,6,7,8,9,12,12,18,18,18,5555,0,5,21.015982972683815,2.828907992807217,2694.6074739971664,6772.375697569757
1789928163,50,GET,GET /api/v1/reservas,19.700000,0.000000,5,6,6,7,8,9,12,19,20,20,20,4136,0,6,6.9008214799839545,3.704274000483565,163.83359499741346,8965.0
1789928163,50,GET,GET /api/v1/reservas/{id},5.400000,0.000000,5,5,5,5,7,8,9,10,10,10,10,1393,0,4,5.153046416363021,2.7948259958066046,133.83906299714,442.0
1789928163,50,POST,POST /api/v1/auth/login,0.000000,0.000000,0,0,0,0,0,0,0,0,0,0,0,50,0,1600.0,1623.4495169619913,687.5017660058802,2694.6074739971664,1622.0
1789928163,50,,Aggregated,25.100000,0.000000,5,6,6,7,8,9,12,12,20,20,20,5579,0,5,20.952225694086195,2.7948259958066046,2694.6074739971664,6771.114178168131
1789928164,50,GET,GET /api/v1/reservas,20.300000,0.000000,5,6,6,7,8,9,12,19,20,20,20,4156,0,6,6.892639877094043,3.704274000483565,163.83359499741346,8965.0
1789928164,50,GET,GET /api/v1/reservas/{id},5.700000,0.000000,4,5,5,5,7,8,9,10,10,10,10,1403,0,4,5.1419111340130295,2.7948259958066046,133.83906299714,442.0
1789928164,50,POST,POST /api/v1/auth/login,0.000000,0.000000,0,0,0,0,0,0,0,0,0,0,0,50,0,1600.0,1623.4495169619913,687.5017660058802,2694.6074739971664,1622.0
1789928164,50,,Aggregated,26.000000,0.000000,5,6,6,6,8,9,11,12,20,20,20,5609,0,5,20.86510759463767,2.7948259958066046,2694.6074739971664,6767.653057586022
1789928165,50,GET,GET /api/v1/reservas,19.700000,0.000000,5,6,6,7,8,10,12,19,20,20,20,4171,0,6,6.892003789785951,3.704274000483565,163.83359499741346,8965.0
1789928165,50,GET,GET /api/v1/reservas/{id},5.600000,0.000000,4,5,5,5,6,8,9,10,10,10,10,1408,0,4,5.141281373591317,2.7948259958066046,133.83906299714,442.0
1789928165,50,POST,POST /api/v1/auth/login,0.000000,0.000000,0,0,0,0,0,0,0,0,0,0,0,50,0,1600.0,1623.4495169619913,687.5017660058802,2694.6074739971664,1622.0
1789928165,50,,Aggregated,25.300000,0.000000,5,6,6,6,8,9,11,12,20,20,20,5629,0,5,20.813279060101856,2.7948259958066046,2694.6074739971664,6767.88967845088
1789928166,50,GET,GET /api/v1/reservas,19.800000,0.000000,5,6,6,7,8,10,12,19,20,20,20,4196,0,6,6.88530493832589,3.704274000483565,163.83359499741346,8965.0
1789928166,50,GET,GET /api/v1/reservas/{id},5.900000,0.000000,4,5,5,5,7,8,9,10,10,10,10,1412,0,4,5.139372462472547,2.7948259958066046,133.83906299714,442.0
1789928166,50,POST,POST /api/v1/auth/login,0.000000,0.000000,0,0,0,0,0,0,0,0,0,0,0,50,0,1600.0,1623.4495169619913,687.5017660058802,2694.6074739971664,1622.0
1789928166,50,,Aggregated,25.700000,0.000000,5,6,6,6,8,10,12,12,20,20,20,5658,0,5,20.735243776303683,2.7948259958066046,2694.6074739971664,6773.125486037469
1789928167,50,GET,GET /api/v1/reservas,19.600000,0.000000,5,6,6,7,8,10,12,19,20,20,20,4209,0,6,6.886088866052041,3.704274000483565,163.83359499741346,8965.0
1789928167,50,GET,GET /api/v1/reservas/{id},6.000000,0.000000,5,5,5,6,7,8,9,10,10,10,10,1421,0,4,5.142875085873604,2.7948259958066046,133.83906299714,442.0
1789928167,50,POST,POST /api/v1/auth/login,0.000000,0.000000,0,0,0,0,0,0,0,0,0,0,0,50,0,1600.0,1623.4495169619913,687.5017660058802,2694.6074739971664,1622.0
1789928167,50,,Aggregated,25.600000,0.000000,5,6,6,6,8,9,11,12,20,20,20,5680,0,5,20.68029038421461,2.7948259958066046,2694.6074739971664,6768.1103873239435
1789928168,50,GET,GET /api/v1/reservas,19.800000,0.000000,5,6,6,7,9,10,12,19,20,20,20,4225,0,6,6.884406377804554,3.704274000483565,163.83359499741346,8965.0
1789928168,50,GET,GET /api/v1/reservas/{id},6.300000,0.000000,5,5,5,6,7,8,9,13,13,13,13,1430,0,4,5.141023747599358,2.7948259958066046,133.83906299714,442.0
1789928168,50,POST,POST /api/v1/auth/login,0.000000,0.000000,0,0,0,0,0,0,0,0,0,0,0,50,0,1600.0,1623.4495169619913,687.5017660058802,2694.6074739971664,1622.0
1789928168,50,,Aggregated,26.100000,0.000000,5,6,6,6,8,10,12,13,20,20,20,5705,0,5,20.615382428289376,2.7948259958066046,2694.6074739971664,6764.29184925504
1789928169,50,GET,GET /api/v1/reservas,18.900000,0.000000,5,6,6,7,9,10,12,19,20,20,20,4239,0,6,6.8796701828692814,3.704274000483565,163.83359499741346,8965.0
1789928169,50,GET,GET /api/v1/reservas/{id},6.200000,0.000000,4,5,5,5,6,7,9,13,13,13,13,1437,0,4,5.136374792671602,2.7948259958066046,133.83906299714,442.0
1789928169,50,POST,POST /api/v1/auth/login,0.000000,0.000000,0,0,0,0,0,0,0,0,0,0,0,50,0,1600.0,1623.4495169619913,687.5017660058802,2694.6074739971664,1622.0
1789928169,50,,Aggregated,25.100000,0.000000,5,6,6,6,8,10,12,13,20,20,20,5726,0,5,20.558220106593005,2.7948259958066046,2694.6074739971664,6761.94359063919
1789928170,50,GET,GET /api/v1/reservas,19.200000,0.000000,5,6,6,7,9,11,13,19,20,20,20,4259,0,6,6.875386371724429,3.704274000483565,163.83359499741346,8965.0
1789928170,50,GET,GET /api/v1/reservas/{id},6.600000,0.000000,4,5,5,5,6,7,7,13,13,13,13,1441,0,4,5.133400165209628,2.7948259958066046,133.83906299714,442.0
1789928170,50,POST,POST /api/v1/auth/login,0.000000,0.000000,0,0,0,0,0,0,0,0,0,0,0,50,0,1600.0,1623.4495169619913,687.5017660058802,2694.6074739971664,1622.0
1789928170,50,,Aggregated,25.800000,0.000000,5,6,6,6,7,10,13,13,20,20,20,5750,0,5,20.49599583362452,2.7948259958066046,2694.6074739971664,6765.209913043478
1789928171,50,GET,GET /api/v1/reservas,18.700000,0.000000,6,6,6,7,8,11,13,19,20,20,20,4279,0,6,6.870755454593829,3.704274000483565,163.83359499741346,8965.0
1789928171,50,GET,GET /api/v1/reservas/{id},6.400000,0.000000,4,5,5,5,6,7,8,13,13,13,13,1449,0,4,5.135871580444544,2.7948259958066046,133.83906299714,442.0
1789928171,50,POST,POST /api/v1/auth/login,0.000000,0.000000,0,0,0,0,0,0,0,0,0,0,0,50,0,1600.0,1623.4495169619913,687.5017660058802,2694.6074739971664,1622.0
1789928171,50,,Aggregated,25.100000,0.000000,5,6,6,6,8,10,13,13,20,20,20,5778,0,5,20.424769186287765,2.7948259958066046,2694.6074739971664,6764.069401176877
1789928172,50,GET,GET /api/v1/reservas,17.700000,0.000000,5,6,6,7,8,10,13,19,20,20,20,4298,0,6,6.864085781810986,3.704274000483565,163.83359499741346,8965.0
1789928172,50,GET,GET /api/v1/reservas/{id},6.800000,0.000000,4,5,5,5,6,7,8,13,13,13,13,1457,0,4,5.128210229960072,2.7948259958066046,133.83906299714,442.0
1789928172,50,POST,POST /api/v1/auth/login,0.000000,0.000000,0,0,0,0,0,0,0,0,0,0,0,50,0,1600.0,1623.4495169619913,687.5017660058802,2694.6074739971664,1622.0
1789928172,50,,Aggregated,24.500000,0.000000,5,6,6,6,8,9,13,13,20,20,20,5805,0,5,20.352475252950043,2.7948259958066046,2694.6074739971664,6762.560551248924
1789928173,50,GET,GET /api/v1/reservas,17.900000,0.000000,5,6,6,7,8,10,12,13,14,14,14,4314,0,6,6.862955972937032,3.704274000483565,163.83359499741346,8965.0
1789928173,50,GET,GET /api/v1/reservas/{id},6.600000,0.000000,4,5,5,6,6,7,8,13,13,13,13,1465,0,4,5.125612148162019,2.7948259958066046,133.83906299714,442.0
1789928173,50,POST,POST /api/v1/auth/login,0.000000,0.000000,0,0,0,0,0,0,0,0,0,0,0,50,0,1600.0,1623.4495169619913,687.5017660058802,2694.6074739971664,1622.0
1789928173,50,,Aggregated,24.500000,0.000000,5,6,6,6,8,9,12,13,14,14,14,5829,0,5,20.293067372174864,2.7948259958066046,2694.6074739971664,6759.931377594785
1789928174,50,GET,GET /api/v1/reservas,17.700000,0.000000,6,6,7,7,8,10,12,13,14,14,14,4334,0,6,6.855210039277009,3.704274000483565,163.83359499741346,8965.0
1789928174,50,GET,GET /api/v1/reservas/{id},6.700000,0.000000,4,5,5,5,6,7,8,13,13,13,13,1472,0,4,5.120913319338481,2.7948259958066046,133.83906299714,442.0
1789928174,50,POST,POST /api/v1/auth/login,0.000000,0.000000,0,0,0,0,0,0,0,0,0,0,0,50,0,1600.0,1623.4495169619913,687.5017660058802,2694.6074739971664,1622.0
1789928174,50,,Aggregated,24.400000,0.000000,5,6,6,7,8,9,12,13,14,14,14,5856,0,5,20.222155151023287,2.7948259958066046,2694.6074739971664,6759.910177595629
1789928175,50,GET,GET /api/v1/reservas,17.600000,0.000000,5,6,6,7,8,9,12,13,14,14,14,4350,0,6,6.849787911539362,3.704274000483565,163.83359499741346,8965.0
1789928175,50,GET,GET /api/v1/reservas/{id},7.000000,0.000000,4,5,5,5,7,7,8,13,13,13,13,1480,0,4,5.116970219652914,2.737830000114627,133.83906299714,442.0
1789928175,50,POST,POST /api/v1/auth/login,0.000000,0.000000,0,0,0,0,0,0,0,0,0,0,0,50,0,1600.0,1623.4495169619913,687.5017660058802,2694.6074739971664,1622.0
1789928175,50,,Aggregated,24.600000,0.000000,5,6,6,6,7,8,12,13,14,14,14,5880,0,5,20.160232855167024,2.737830000114627,2694.6074739971664,6757.31462585034
1789928176,50,GET,GET /api/v1/reservas,17.500000,0.000000,5,6,7,7,8,9,12,13,14,14,14,4366,0,6,6.8464356443474745,3.704274000483565,163.83359499741346,8965.0
1789928176,50,GET,GET /api/v1/reservas/{id},7.000000,0.000000,4,5,5,6,7,7,8,13,13,13,13,1489,0,4,5.115736449351788,2.737830000114627,133.83906299714,442.0
1789928176,50,POST,POST /api/v1/auth/login,0.000000,0.000000,0,0,0,0,0,0,0,0,0,0,0,50,0,1600.0,1623.4495169619913,687.5017660058802,2694.6074739971664,1622.0
1789928176,50,,Aggregated,24.500000,0.000000,5,6,6,7,8,8,12,13,14,14,14,5905,0,5,20.098449694226154,2.737830000114627,2694.6074739971664,6753.671126164268
1789928177,50,GET,GET /api/v1/reservas,17.700000,0.000000,5,6,7,7,8,8,9,13,14,14,14,4384,0,6,6.843087392619958,3.704274000483565,163.83359499741346,8965.0
1789928177,50,GET,GET /api/v1/reservas/{id},6.800000,0.000000,4,5,5,5,6,7,8,8,8,8,8,1497,0,4,5.114692753559892,2.737830000114627,133.83906299714,442.0
1789928177,50,POST,POST /api/v1/auth/login,0.000000,0.000000,0,0,0,0,0,0,0,0,0,0,0,50,0,1600.0,1623.4495169619913,687.5017660058802,2694.6074739971664,1622.0
1789928177,50,,Aggregated,24.500000,0.000000,5,6,6,6,7,8,9,10,14,14,14,5931,0,5,20.035283431027587,2.737830000114627,2694.6074739971664,6751.868824818749
1789928178,50,GET,GET /api/v1/reservas,17.500000,0.000000,5,6,7,7,8,8,10,14,18,18,18,4402,0,6,6.843034727685597,3.704274000483565,163.83359499741346,8965.0
1789928178,50,GET,GET /api/v1/reservas/{id},7.300000,0.000000,4,5,5,6,6,7,8,8,8,8,8,1509,0,4,5.114556305523038,2.737830000114627,133.83906299714,442.0
1789928178,50,POST,POST /api/v1/auth/login,0.000000,0.000000,0,0,0,0,0,0,0,0,0,0,0,50,0,1600.0,1623.4495169619913,687.5017660058802,2694.6074739971664,1622.0
1789928178,50,,Aggregated,24.800000,0.000000,5,6,6,7,8,8,10,13,18,18,18,5961,0,5,19.965338061467175,2.737830000114627,2694.6074739971664,6745.849354135212
1789928179,50,GET,GET /api/v1/reservas,17.200000,0.000000,5,6,7,7,8,8,10,14,18,18,18,4416,0,6,6.838301467453583,3.704274000483565,163.83359499741346,8965.0
1789928179,50,GET,GET /api/v1/reservas/{id},7.500000,0.000000,4,5,5,6,6,7,8,8,8,8,8,1516,0,4,5.11021401649189,2.737830000114627,133.83906299714,442.0
1789928179,50,POST,POST /api/v1/auth/login,0.000000,0.000000,0,0,0,0,0,0,0,0,0,0,0,50,0,1600.0,1623.4495169619913,687.5017660058802,2694.6074739971664,1622.0
1789928179,50,,Aggregated,24.700000,0.000000,5,6,6,7,8,8,10,13,18,18,18,5982,0,5,19.91265455990911,2.737830000114627,2694.6074739971664,6743.666332330325
1789928180,50,GET,GET /api/v1/reservas,17.400000,0.000000,5,6,7,7,8,8,10,14,18,18,18,4434,0,6,6.835741308820949,3.704274000483565,163.83359499741346,8965.0
1789928180,50,GET,GET /api/v1/reservas/{id},7.800000,0.000000,4,5,5,6,6,7,8,8,8,8,8,1527,0,4,5.107943295372254,2.737830000114627,133.83906299714,442.0
1789928180,50,POST,POST /api/v1/auth/login,0.000000,0.000000,0,0,0,0,0,0,0,0,0,0,0,50,0,1600.0,1623.4495169619913,687.5017660058802,2694.6074739971664,1622.0
1789928180,50,,Aggregated,25.200000,0.000000,5,6,6,7,8,8,9,10,18,18,18,6011,0,5,19.843949795948276,2.737830000114627,2694.6074739971664,6738.786225253702
1789928181,50,GET,GET /api/v1/reservas,17.400000,0.000000,6,6,7,7,8,9,10,18,19,19,19,4456,0,6,6.836521248273459,3.704274000483565,163.83359499741346,8965.0
1789928181,50,GET,GET /api/v1/reservas/{id},7.900000,0.000000,4,5,5,6,7,7,8,8,8,8,8,1534,0,4,5.110247380732279,2.737830000114627,133.83906299714,442.0
1789928181,50,POST,POST /api/v1/auth/login,0.000000,0.000000,0,0,0,0,0,0,0,0,0,0,0,50,0,1600.0,1623.4495169619913,687.5017660058802,2694.6074739971664,1622.0
1789928181,50,,Aggregated,25.300000,0.000000,5,6,6,7,8,8,10,14,19,19,19,6040,0,5,19.780651326564474,2.737830000114627,2694.6074739971664,6739.597350993377
1789928182,50,GET,GET /api/v1/reservas,17.900000,0.000000,6,6,7,7,8,9,10,18,19,19,19,4475,0,6,6.829973385989921,3.704274000483565,163.83359499741346,8965.0
1789928182,50,GET,GET /api/v1/reservas/{id},7.900000,0.000000,4,5,6,6,7,7,8,8,8,8,8,1537,0,4,5.108014421635074,2.737830000114627,133.83906299714,442.0
1789928182,50,POST,POST /api/v1/auth/login,0.000000,0.000000,0,0,0,0,0,0,0,0,0,0,0,50,0,1600.0,1623.4495169619913,687.5017660058802,2694.6074739971664,1622.0
1789928182,50,,Aggregated,25.800000,0.000000,5,6,6,7,8,8,10,14,19,19,19,6062,0,5,19.72742080443048,2.737830000114627,2694.6074739971664,6743.455790168261
1789928183,50,GET,GET /api/v1/reservas,17.500000,0.000000,5,6,7,7,8,8,10,18,19,19,19,4495,0,6,6.825162292616359,3.704274000483565,163.83359499741346,8965.0
1789928183,50,GET,GET /api/v1/reservas/{id},8.500000,0.000000,4,5,6,6,7,7,8,8,8,8,8,1539,0,4,5.105552525700404,2.737830000114627,133.83906299714,442.0
1789928183,50,POST,POST /api/v1/auth/login,0.000000,0.000000,0,0,0,0,0,0,0,0,0,0,0,50,0,1600.0,1623.4495169619913,687.5017660058802,2694.6074739971664,1622.0
1789928183,50,,Aggregated,26.000000,0.000000,5,6,6,7,8,8,10,13,19,19,19,6084,0,5,19.67603972558564,2.737830000114627,2694.6074739971664,6748.687212360289
1789928184,50,GET,GET /api/v1/reservas,17.600000,0.000000,5,6,7,7,8,9,13,19,26,26,26,4515,0,6,6.823312602066363,3.704274000483565,163.83359499741346,8965.0
1789928184,50,GET,GET /api/v1/reservas/{id},8.600000,0.000000,4,5,6,6,7,7,8,8,8,8,8,1546,0,4,5.1006749521686885,2.737830000114627,133.83906299714,442.0
1789928184,50,POST,POST /api/v1/auth/login,0.000000,0.000000,0,0,0,0,0,0,0,0,0,0,0,50,0,1600.0,1623.4495169619913,687.5017660058802,2694.6074739971664,1622.0
1789928184,50,,Aggregated,26.200000,0.000000,5,6,6,7,8,8,10,18,26,26,26,6111,0,5,19.61469083987596,2.737830000114627,2694.6074739971664,6748.7165766650305
1789928185,50,GET,GET /api/v1/reservas,18.100000,0.000000,6,6,7,7,8,10,13,19,26,26,26,4535,0,6,6.822219529738388,3.704274000483565,163.83359499741346,8965.0
1789928185,50,GET,GET /api/v1/reservas/{id},7.900000,0.000000,4,5,6,6,7,7,8,8,8,8,8,1551,0,4,5.09744312962923,2.737830000114627,133.83906299714,442.0
1789928185,50,POST,POST /api/v1/auth/login,0.000000,0.000000,0,0,0,0,0,0,0,0,0,0,0,50,0,1600.0,1623.4495169619913,687.5017660058802,2694.6074739971664,1622.0
1789928185,50,,Aggregated,26.000000,0.000000,5,6,6,7,8,8,11,18,26,26,26,6136,0,5,19.55954623688365,2.737830000114627,2694.6074739971664,6750.801336375489
1789928186,50,GET,GET /api/v1/reservas,18.200000,0.000000,6,6,7,7,8,10,13,19,26,26,26,4552,0,6,6.818254169015609,3.704274000483565,163.83359499741346,8965.0
1789928186,50,GET,GET /api/v1/reservas/{id},7.400000,0.000000,5,5,6,6,7,7,8,8,8,8,8,1554,0,4,5.098396619090626,2.737830000114627,133.83906299714,442.0
1789928186,50,POST,POST /api/v1/auth/login,0.000000,0.000000,0,0,0,0,0,0,0,0,0,0,0,50,0,1600.0,1623.4495169619913,687.5017660058802,2694.6074739971664,1622.0
1789928186,50,,Aggregated,25.600000,0.000000,5,6,6,7,8,8,11,18,26,26,26,6156,0,5,19.514632419026228,2.737830000114627,2694.6074739971664,6753.8414554905785
1789928187,50,GET,GET /api/v1/reservas,18.400000,0.000000,5,6,6,7,8,10,13,19,26,26,26,4568,0,6,6.812989565098684,3.704274000483565,163.83359499741346,8965.0
1789928187,50,GET,GET /api/v1/reservas/{id},7.500000,0.000000,4,5,5,6,7,7,8,8,8,8,8,1564,0,4,5.0941477289560755,2.737830000114627,133.83906299714,442.0
1789928187,50,POST,POST /api/v1/auth/login,0.000000,0.000000,0,0,0,0,0,0,0,0,0,0,0,50,0,1600.0,1623.4495169619913,687.5017660058802,2694.6074739971664,1622.0
1789928187,50,,Aggregated,25.900000,0.000000,5,6,6,7,8,8,11,18,26,26,26,6182,0,5,19.45348741985727,2.737830000114627,2694.6074739971664,6749.354254286639
1789928188,50,GET,GET /api/v1/reservas,18.300000,0.000000,6,6,7,7,8,10,12,19,26,26,26,4587,0,6,6.815122661949739,3.704274000483565,163.83359499741346,8965.0
1789928188,50,GET,GET /api/v1/reservas/{id},7.000000,0.000000,4,5,6,6,7,7,8,8,8,8,8,1572,0,4,5.10007650259479,2.737830000114627,133.83906299714,442.0
1789928188,50,POST,POST /api/v1/auth/login,0.000000,0.000000,0,0,0,0,0,0,0,0,0,0,0,50,0,1600.0,1623.4495169619913,687.5017660058802,2694.6074739971664,1622.0
1789928188,50,,Aggregated,25.300000,0.000000,5,6,6,7,8,9,11,13,26,26,26,6209,0,5,19.39938214858142,2.737830000114627,2694.6074739971664,6748.007569656949
1789928189,50,GET,GET /api/v1/reservas,18.900000,0.000000,6,6,7,7,8,10,12,19,26,26,26,4603,0,6,6.8094819388161385,3.704274000483565,163.83359499741346,8965.0
1789928189,50,GET,GET /api/v1/reservas/{id},6.700000,0.000000,4,5,6,6,7,7,8,8,8,8,8,1582,0,4,5.090260921042385,2.737830000114627,133.83906299714,442.0
1789928189,50,POST,POST /api/v1/auth/login,0.000000,0.000000,0,0,0,0,0,0,0,0,0,0,0,50,0,1600.0,1623.4495169619913,687.5017660058802,2694.6074739971664,1622.0
1789928189,50,,Aggregated,25.600000,0.000000,5,6,6,7,8,9,11,13,26,26,26,6235,0,5,19.337500238902855,2.737830000114627,2694.6074739971664,6743.582838813151
1789928190,50,GET,GET /api/v1/reservas,18.600000,0.000000,5,6,6,7,8,10,14,19,26,26,26,4625,0,6,6.805127708404954,3.704274000483565,163.83359499741346,8965.0
1789928190,50,GET,GET /api/v1/reservas/{id},6.300000,0.000000,4,5,5,6,7,8,8,8,8,8,8,1585,0,4,5.087570517409478,2.737830000114627,133.83906299714,442.0
1789928190,50,POST,POST /api/v1/auth/login,0.000000,0.000000,0,0,0,0,0,0,0,0,0,0,0,50,0,1600.0,1623.4495169619913,687.5017660058802,2694.6074739971664,1622.0
1789928190,50,,Aggregated,24.900000,0.000000,5,6,6,6,8,9,13,16,26,26,26,6260,0,5,19.282746129323723,2.737830000114627,2694.6074739971664,6748.369808306709
1789928191,50,GET,GET /api/v1/reservas,18.600000,0.000000,5,6,6,7,9,10,13,16,26,26,26,4644,0,6,6.8081643054235785,3.704274000483565,163.83359499741346,8965.0
1789928191,50,GET,GET /api/v1/reservas/{id},6.200000,0.000000,4,5,5,6,7,7,7,8,8,8,8,1590,0,4,5.087994388743954,2.737830000114627,133.83906299714,442.0
1789928191,50,POST,POST /api/v1/auth/login,0.000000,0.000000,0,0,0,0,0,0,0,0,0,0,0,50,0,1600.0,1623.4495169619913,687.5017660058802,2694.6074739971664,1622.0
1789928191,50,,Aggregated,24.800000,0.000000,5,6,6,7,8,10,12,14,26,26,26,6284,0,5,19.23607605992832,2.737830000114627,2694.6074739971664,6750.054105665182
1789928192,50,GET,GET /api/v1/reservas,18.500000,0.000000,5,6,7,7,9,10,13,16,26,26,26,4662,0,6,6.801884534398014,3.704274000483565,163.83359499741346,8965.0
1789928192,50,GET,GET /api/v1/reservas/{id},6.400000,0.000000,4,5,5,6,7,7,7,8,8,8,8,1598,0,4,5.0827983655023115,2.737830000114627,133.83906299714,442.0
1789928192,50,POST,POST /api/v1/auth/login,0.000000,0.000000,0,0,0,0,0,0,0,0,0,0,0,50,0,1600.0,1623.4495169619913,687.5017660058802,2694.6074739971664,1622.0
1789928192,50,,Aggregated,24.900000,0.000000,5,6,6,7,8,10,12,14,26,26,26,6310,0,5,19.1767311149819,2.737830000114627,2694.6074739971664,6748.374960380349
1789928193,50,GET,GET /api/v1/reservas,19.200000,0.000000,5,6,6,7,9,10,12,16,18,18,18,4682,0,6,6.797152034031554,3.704274000483565,163.83359499741346,8965.0
1789928193,50,GET,GET /api/v1/reservas/{id},5.900000,0.000000,4,5,5,6,7,7,8,13,13,13,13,1607,0,4,5.081612871241247,2.737830000114627,133.83906299714,442.0
1789928193,50,POST,POST /api/v1/auth/login,0.000000,0.000000,0,0,0,0,0,0,0,0,0,0,0,50,0,1600.0,1623.4495169619913,687.5017660058802,2694.6074739971664,1622.0
1789928193,50,,Aggregated,25.100000,0.000000,5,6,6,7,8,10,11,14,18,18,18,6339,0,5,19.113881299182836,2.737830000114627,2694.6074739971664,6746.414891938792
1789928194,50,GET,GET /api/v1/reservas,18.800000,0.000000,6,6,7,7,9,10,12,16,18,18,18,4698,0,6,6.79433181509502,3.704274000483565,163.83359499741346,8965.0
1789928194,50,GET,GET /api/v1/reservas/{id},5.600000,0.000000,4,5,5,6,7,7,8,13,13,13,13,1611,0,4,5.078090093172867,2.737830000114627,133.83906299714,442.0
1789928194,50,POST,POST /api/v1/auth/login,0.000000,0.000000,0,0,0,0,0,0,0,0,0,0,0,50,0,1600.0,1623.4495169619913,687.5017660058802,2694.6074739971664,1622.0
1789928194,50,,Aggregated,24.400000,0.000000,5,6,6,7,8,10,12,14,18,18,18,6359,0,5,19.07108819869751,2.737830000114627,2694.6074739971664,6748.031451486083
1789928195,50,GET,GET /api/v1/reservas,18.600000,0.000000,5,6,6,7,8,10,12,16,18,18,18,4718,0,6,6.786915708626562,3.704274000483565,163.83359499741346,8965.0
1789928195,50,GET,GET /api/v1/reservas/{id},6.200000,0.000000,4,4,5,6,7,7,8,13,13,13,13,1617,0,4,5.075611580138331,2.737830000114627,133.83906299714,442.0
1789928195,50,POST,POST /api/v1/auth/login,0.000000,0.000000,0,0,0,0,0,0,0,0,0,0,0,50,0,1600.0,1623.4495169619913,687.5017660058802,2694.6074739971664,1622.0
1789928195,50,,Aggregated,24.800000,0.000000,5,6,6,6,8,9,12,14,18,18,18,6385,0,5,19.013376364367012,2.737830000114627,2694.6074739971664,6749.049960845732
1789928196,50,GET,GET /api/v1/reservas,18.700000,0.000000,6,6,6,7,9,11,14,18,19,19,19,4734,0,6,6.789271106526075,3.704274000483565,163.83359499741346,8965.0
1789928196,50,GET,GET /api/v1/reservas/{id},6.800000,0.000000,4,5,5,6,7,7,11,13,13,13,13,1625,0,4,5.078120571131317,2.737830000114627,133.83906299714,442.0
1789928196,50,POST,POST /api/v1/auth/login,0.000000,0.000000,0,0,0,0,0,0,0,0,0,0,0,50,0,1600.0,1623.4495169619913,687.5017660058802,2694.6074739971664,1622.0
1789928196,50,,Aggregated,25.500000,0.000000,5,6,6,7,8,10,13,16,19,19,19,6409,0,5,18.967831361286066,2.737830000114627,2694.6074739971664,6746.709315025745
1789928197,50,GET,GET /api/v1/reservas,18.300000,0.000000,5,6,6,7,9,10,14,18,19,19,19,4754,0,6,6.783268416133556,3.704274000483565,163.83359499741346,8965.0
1789928197,50,GET,GET /api/v1/reservas/{id},6.600000,0.000000,4,5,5,6,7,7,11,13,13,13,13,1633,0,4,5.074736483219586,2.737830000114627,133.83906299714,442.0
1789928197,50,POST,POST /api/v1/auth/login,0.000000,0.000000,0,0,0,0,0,0,0,0,0,0,0,50,0,1600.0,1623.4495169619913,687.5017660058802,2694.6074739971664,1622.0
1789928197,50,,Aggregated,24.900000,0.000000,5,6,6,7,8,10,12,16,19,19,19,6437,0,5,18.907438026331533,2.737830000114627,2694.6074739971664,6745.766040080783
1789928198,50,GET,GET /api/v1/reservas,18.500000,0.000000,5,6,6,7,8,11,14,18,19,19,19,4768,0,6,6.782739105975702,3.704274000483565,163.83359499741346,8965.0
1789928198,50,GET,GET /api/v1/reservas/{id},6.600000,0.000000,4,4,5,5,6,7,11,13,13,13,13,1640,0,4,5.073682945179072,2.737830000114627,133.83906299714,442.0
1789928198,50,POST,POST /api/v1/auth/login,0.000000,0.000000,0,0,0,0,0,0,0,0,0,0,0,50,0,1600.0,1623.4495169619913,687.5017660058802,2694.6074739971664,1622.0
1789928198,50,,Aggregated,25.100000,0.000000,5,6,6,6,8,10,13,16,19,19,19,6458,0,5,18.865502622404055,2.737830000114627,2694.6074739971664,6743.744193248684
1789928199,50,GET,GET /api/v1/reservas,17.700000,0.000000,5,6,6,7,8,10,14,18,19,19,19,4788,0,6,6.776206803747912,3.704274000483565,163.83359499741346,8965.0
1789928199,50,GET,GET /api/v1/reservas/{id},7.000000,0.000000,4,4,5,5,6,7,11,13,13,13,13,1644,0,4,5.071936690448169,2.737830000114627,133.83906299714,442.0
1789928199,50,POST,POST /api/v1/auth/login,0.000000,0.000000,0,0,0,0,0,0,0,0,0,0,0,50,0,1600.0,1623.4495169619913,687.5017660058802,2694.6074739971664,1622.0
1789928199,50,,Aggregated,24.700000,0.000000,5,6,6,6,8,10,13,16,19,19,19,6482,0,5,18.814442755868768,2.737830000114627,2694.6074739971664,6746.709040419623
1789928200,50,GET,GET /api/v1/reservas,18.300000,0.000000,5,6,6,7,8,9,11,18,19,19,19,4807,0,6,6.772714055399812,3.704274000483565,163.83359499741346,8965.0
1789928200,50,GET,GET /api/v1/reservas/{id},7.200000,0.000000,4,5,5,5,6,7,11,13,13,13,13,1650,0,4,5.06879651521255,2.737830000114627,133.83906299714,442.0
1789928200,50,POST,POST /api/v1/auth/login,0.000000,0.000000,0,0,0,0,0,0,0,0,0,0,0,50,0,1600.0,1623.4495169619913,687.5017660058802,2694.6074739971664,1622.0
1789928200,50,,Aggregated,25.500000,0.000000,5,6,6,6,8,9,11,13,19,19,19,6507,0,5,18.763243670279262,2.737830000114627,2694.6074739971664,6747.372829260796
1789928201,50,GET,GET /api/v1/reservas,18.000000,0.000000,5,6,6,6,8,8,11,18,19,19,19,4828,0,6,6.768347756483614,3.704274000483565,163.83359499741346,8965.0
1789928201,50,GET,GET /api/v1/reservas/{id},6.900000,0.000000,4,5,5,5,6,8,11,13,13,13,13,1655,0,4,5.070122694317041,2.737830000114627,133.83906299714,442.0
1789928201,50,POST,POST /api/v1/auth/login,0.000000,0.000000,0,0,0,0,0,0,0,0,0,0,0,50,0,1600.0,1623.4495169619913,687.5017660058802,2694.6074739971664,1622.0
1789928201,50,,Aggregated,24.900000,0.000000,5,6,6,6,7,8,11,13,19,19,19,6533,0,5,18.711328926296826,2.737830000114627,2694.6074739971664,6749.675493647635
1789928202,50,GET,GET /api/v1/reservas,18.300000,0.000000,6,6,6,7,8,9,11,18,19,19,19,4844,0,6,6.767462439365157,3.704274000483565,163.83359499741346,8965.0
1789928202,50,GET,GET /api/v1/reservas/{id},6.300000,0.000000,4,5,5,5,6,9,11,13,13,13,13,1659,0,4,5.069836129650466,2.737830000114627,133.83906299714,442.0
1789928202,50,POST,POST /api/v1/auth/login,0.000000,0.000000,0,0,0,0,0,0,0,0,0,0,0,50,0,1600.0,1623.4495169619913,687.5017660058802,2694.6074739971664,1622.0
1789928202,50,,Aggregated,24.600000,0.000000,5,6,6,6,8,9,11,13,19,19,19,6553,0,5,18.673114915836184,2.737830000114627,2694.6074739971664,6751.234243857775
1789928203,50,GET,GET /api/v1/reservas,18.200000,0.000000,6,6,6,7,8,9,15,19,21,21,21,4863,0,6,6.7699038061436765,3.704274000483565,163.83359499741346,8965.0
1789928203,50,GET,GET /api/v1/reservas/{id},6.500000,0.000000,4,5,5,5,6,8,9,11,11,11,11,1668,0,4,5.063582934696091,2.737830000114627,133.83906299714,442.0
1789928203,50,POST,POST /api/v1/auth/login,0.000000,0.000000,0,0,0,0,0,0,0,0,0,0,0,50,0,1600.0,1623.4495169619913,687.5017660058802,2694.6074739971664,1622.0
1789928203,50,,Aggregated,24.700000,0.000000,5,6,6,6,8,9,11,15,21,21,21,6581,0,5,18.62035775603242,2.737830000114627,2694.6074739971664,6748.997264853366
1789928204,50,GET,GET /api/v1/reservas,18.400000,0.000000,5,6,6,7,8,9,15,19,21,21,21,4884,0,6,6.764216096298644,3.704274000483565,163.83359499741346,8965.0
1789928204,50,GET,GET /api/v1/reservas/{id},6.500000,0.000000,4,5,5,5,6,8,9,11,11,11,11,1670,0,4,5.062324760530861,2.737830000114627,133.83906299714,442.0
1789928204,50,POST,POST /api/v1/auth/login,0.000000,0.000000,0,0,0,0,0,0,0,0,0,0,0,50,0,1600.0,1623.4495169619913,687.5017660058802,2694.6074739971664,1622.0
1789928204,50,,Aggregated,24.900000,0.000000,5,6,6,6,8,9,12,15,21,21,21,6604,0,5,18.574044459798408,2.737830000114627,2694.6074739971664,6754.133858267716
1789928205,50,GET,GET /api/v1/reservas,18.200000,0.000000,6,6,6,7,8,9,12,15,21,21,21,4898,0,6,6.761456228533098,3.704274000483565,163.83359499741346,8965.0
1789928205,50,GET,GET /api/v1/reservas/{id},6.200000,0.000000,4,5,5,5,6,7,8,9,9,9,9,1677,0,4,5.060098951153269,2.737830000114627,133.83906299714,442.0
1789928205,50,POST,POST /api/v1/auth/login,0.000000,0.000000,0,0,0,0,0,0,0,0,0,0,0,50,0,1600.0,1623.4495169619913,687.5017660058802,2694.6074739971664,1622.0
1789928205,50,,Aggregated,24.400000,0.000000,5,6,6,6,8,9,11,15,21,21,21,6625,0,5,18.532207456081316,2.737830000114627,2694.6074739971664,6752.136452830188
1789928206,50,GET,GET /api/v1/reservas,18.200000,0.000000,6,6,6,7,8,9,12,15,21,21,21,4916,0,6,6.757766472197172,3.704274000483565,163.83359499741346,8965.0
1789928206,50,GET,GET /api/v1/reservas/{id},6.000000,0.000000,4,5,5,5,6,7,8,9,9,9,9,1683,0,4,5.059811625706028,2.737830000114627,133.83906299714,442.0
1789928206,50,POST,POST /api/v1/auth/login,0.000000,0.000000,0,0,0,0,0,0,0,0,0,0,0,50,0,1600.0,1623.4495169619913,687.5017660058802,2694.6074739971664,1622.0
1789928206,50,,Aggregated,24.200000,0.000000,5,6,6,6,7,9,11,15,21,21,21,6649,0,5,18.485384086551978,2.737830000114627,2694.6074739971664,6752.432847044668
1789928207,50,GET,GET /api/v1/reservas,18.400000,0.000000,6,6,6,7,8,9,12,15,21,21,21,4939,0,6,6.753758410663906,3.704274000483565,163.83359499741346,8965.0
1789928207,50,GET,GET /api/v1/reservas/{id},5.700000,0.000000,4,5,5,5,6,7,9,9,9,9,9,1685,0,4,5.059962259976536,2.737830000114627,133.83906299714,442.0
1789928207,50,POST,POST /api/v1/auth/login,0.000000,0.000000,0,0,0,0,0,0,0,0,0,0,0,50,0,1600.0,1623.4495169619913,687.5017660058802,2694.6074739971664,1622.0
1789928207,50,,Aggregated,24.100000,0.000000,5,6,6,7,8,9,11,15,21,21,21,6674,0,5,18.438016938332193,2.737830000114627,2694.6074739971664,6758.1667665567875
1789928208,50,GET,GET /api/v1/reservas,18.000000,0.000000,6,6,6,7,8,9,12,15,21,21,21,4957,0,6,6.751833937110977,3.704274000483565,163.83359499741346,8965.0
1789928208,50,GET,GET /api/v1/reservas/{id},5.800000,0.000000,4,5,5,5,6,7,8,8,8,8,8,1691,0,4,5.05521158372258,2.737830000114627,133.83906299714,442.0
1789928208,50,POST,POST /api/v1/auth/login,0.000000,0.000000,0,0,0,0,0,0,0,0,0,0,0,50,0,1600.0,1623.4495169619913,687.5017660058802,2694.6074739971664,1622.0
1789928208,50,,Aggregated,23.800000,0.000000,5,6,6,6,8,9,12,15,21,21,21,6698,0,5,18.392009474833316,2.737830000114627,2694.6074739971664,6758.439384891012
1789928209,50,GET,GET /api/v1/reservas,18.600000,0.000000,6,6,7,7,8,10,13,15,21,21,21,4978,0,6,6.753586074391852,3.704274000483565,163.83359499741346,8965.0
1789928209,50,GET,GET /api/v1/reservas/{id},5.700000,0.000000,4,5,5,5,6,7,8,11,11,11,11,1696,0,4,5.0569534045331785,2.737830000114627,133.83906299714,442.0
1789928209,50,POST,POST /api/v1/auth/login,0.000000,0.000000,0,0,0,0,0,0,0,0,0,0,0,50,0,1600.0,1623.4495169619913,687.5017660058802,2694.6074739971664,1622.0
1789928209,50,,Aggregated,24.300000,0.000000,5,6,6,7,8,9,12,15,21,21,21,6724,0,5,18.34747476212232,2.737830000114627,2694.6074739971664,6760.633848899464
1789928210,50,GET,GET /api/v1/reservas,18.600000,0.000000,6,6,7,7,8,10,13,15,21,21,21,4995,0,6,6.748099731999469,3.704274000483565,163.83359499741346,8965.0
1789928210,50,GET,GET /api/v1/reservas/{id},5.200000,0.000000,4,5,5,5,6,7,11,11,11,11,11,1701,0,4,5.053637383358489,2.737830000114627,133.83906299714,442.0
1789928210,50,POST,POST /api/v1/auth/login,0.000000,0.000000,0,0,0,0,0,0,0,0,0,0,0,50,0,1600.0,1623.4495169619913,687.5017660058802,2694.6074739971664,1622.0
1789928210,50,,Aggregated,23.800000,0.000000,5,6,6,7,8,9,12,15,21,21,21,6746,0,5,18.30350892358875,2.737830000114627,2694.6074739971664,6761.5056329676845
1789928211,50,GET,GET /api/v1/reservas,19.100000,0.000000,6,6,7,7,8,10,13,15,21,21,21,5018,0,6,6.742271488907468,3.704274000483565,163.83359499741346,8965.0
1789928211,50,GET,GET /api/v1/reservas/{id},5.100000,0.000000,4,5,5,5,5,6,7,11,11,11,11,1710,0,4,5.050448193025914,2.737830000114627,133.83906299714,442.0
1789928211,50,POST,POST /api/v1/auth/login,0.000000,0.000000,0,0,0,0,0,0,0,0,0,0,0,50,0,1600.0,1623.4495169619913,687.5017660058802,2694.6074739971664,1622.0
1789928211,50,,Aggregated,24.200000,0.000000,5,6,6,7,8,9,12,15,21,21,21,6778,0,5,18.241584625186125,2.737830000114627,2694.6074739971664,6760.591619946887
1789928212,50,GET,GET /api/v1/reservas,19.300000,0.000000,6,6,7,7,9,12,16,22,25,25,25,5033,0,6,6.751123371223015,3.704274000483565,163.83359499741346,8965.0
1789928212,50,GET,GET /api/v1/reservas/{id},5.100000,0.000000,4,5,5,5,6,6,11,11,11,11,11,1711,0,4,5.049936070763775,2.737830000114627,133.83906299714,442.0
1789928212,50,POST,POST /api/v1/auth/login,0.000000,0.000000,0,0,0,0,0,0,0,0,0,0,0,50,0,1600.0,1623.4495169619913,687.5017660058802,2694.6074739971664,1622.0
1789928212,50,,Aggregated,24.400000,0.000000,5,6,6,7,8,11,15,21,25,25,25,6794,0,5,18.22068301332673,2.737830000114627,2694.6074739971664,6764.528554607006
1789928213,50,GET,GET /api/v1/reservas,18.600000,0.000000,6,6,7,7,9,12,18,22,25,25,25,5052,0,6,6.75209640169929,3.704274000483565,163.83359499741346,8965.0
1789928213,50,GET,GET /api/v1/reservas/{id},5.200000,0.000000,4,5,5,5,6,6,11,11,11,11,11,1718,0,4,5.047639922642546,2.737830000114627,133.83906299714,442.0
1789928213,50,POST,POST /api/v1/auth/login,0.000000,0.000000,0,0,0,0,0,0,0,0,0,0,0,50,0,1600.0,1623.4495169619913,687.5017660058802,2694.6074739971664,1622.0
1789928213,50,,Aggregated,23.800000,0.000000,5,6,6,7,8,11,16,18,25,25,25,6820,0,5,18.175353703311476,2.737830000114627,2694.6074739971664,6764.1695014662755
1789928214,50,GET,GET /api/v1/reservas,18.900000,0.000000,5,6,7,7,9,12,18,22,25,25,25,5075,0,6,6.745018196530787,3.704274000483565,163.83359499741346,8965.0
1789928214,50,GET,GET /api/v1/reservas/{id},5.500000,0.000000,4,5,5,5,5,6,7,11,11,11,11,1722,0,4,5.0445923897146105,2.737830000114627,133.83906299714,442.0
1789928214,50,POST,POST /api/v1/auth/login,0.000000,0.000000,0,0,0,0,0,0,0,0,0,0,0,50,0,1600.0,1623.4495169619913,687.5017660058802,2694.6074739971664,1622.0
1789928214,50,,Aggregated,24.400000,0.000000,5,6,6,7,8,10,16,18,25,25,25,6847,0,5,18.123299443636903,2.737830000114627,2694.6074739971664,6767.868993719877
1789928215,50,GET,GET /api/v1/reservas,18.900000,0.000000,5,6,7,7,8,12,18,22,25,25,25,5097,0,6,6.7384332935915525,3.704274000483565,163.83359499741346,8965.0
1789928215,50,GET,GET /api/v1/reservas/{id},5.100000,0.000000,4,5,5,5,6,6,11,11,11,11,11,1725,0,4,5.0421877948405305,2.737830000114627,133.83906299714,442.0
1789928215,50,POST,POST /api/v1/auth/login,0.000000,0.000000,0,0,0,0,0,0,0,0,0,0,0,50,0,1600.0,1623.4495169619913,687.5017660058802,2694.6074739971664,1622.0
1789928215,50,,Aggregated,24.000000,0.000000,5,6,6,7,8,10,16,18,25,25,25,6872,0,5,18.075675828235685,2.737830000114627,2694.6074739971664,6772.141298020954
1789928216,50,GET,GET /api/v1/reservas,18.900000,0.000000,5,6,6,7,8,12,18,22,25,25,25,5118,0,6,6.7344983093840955,3.704274000483565,163.83359499741346,8965.0
1789928216,50,GET,GET /api/v1/reservas/{id},5.100000,0.000000,4,4,5,5,5,6,11,11,11,11,11,1730,0,4,5.0384430965910685,2.737830000114627,133.83906299714,442.0
1789928216,50,POST,POST /api/v1/auth/login,0.000000,0.000000,0,0,0,0,0,0,0,0,0,0,0,50,0,1600.0,1623.4495169619913,687.5017660058802,2694.6074739971664,1622.0
1789928216,50,,Aggregated,24.000000,0.000000,5,6,6,7,8,10,16,18,25,25,25,6898,0,5,18.02785513955203,2.737830000114627,2694.6074739971664,6774.228761959988
1789928217,50,GET,GET /api/v1/reservas,19.200000,0.000000,5,6,6,7,9,12,18,22,25,25,25,5138,0,6,6.732979572485315,3.704274000483565,163.83359499741346,8965.0
1789928217,50,GET,GET /api/v1/reservas/{id},5.300000,0.000000,4,4,5,5,5,6,11,11,11,11,11,1735,0,4,5.03591541502818,2.737830000114627,133.83906299714,442.0
1789928217,50,POST,POST /api/v1/auth/login,0.000000,0.000000,0,0,0,0,0,0,0,0,0,0,0,50,0,1600.0,1623.4495169619913,687.5017660058802,2694.6074739971664,1622.0
1789928217,50,,Aggregated,24.500000,0.000000,5,6,6,6,8,11,16,18,25,25,25,6923,0,5,17.9840875540377,2.737830000114627,2694.6074739971664,6775.984399826665
1789928218,50,GET,GET /api/v1/reservas,19.800000,0.000000,5,6,6,7,8,12,18,22,25,25,25,5154,0,6,6.727314125231948,3.704274000483565,163.83359499741346,8965.0
1789928218,50,GET,GET /api/v1/reservas/{id},4.900000,0.000000,4,4,5,5,5,5,6,6,6,6,6,1743,0,4,5.03043833508838,2.737830000114627,133.83906299714,442.0
1789928218,50,POST,POST /api/v1/auth/login,0.000000,0.000000,0,0,0,0,0,0,0,0,0,0,0,50,0,1600.0,1623.4495169619913,687.5017660058802,2694.6074739971664,1622.0
1789928218,50,,Aggregated,24.700000,0.000000,5,6,6,6,7,9,16,18,25,25,25,6947,0,5,17.937686320369092,2.737830000114627,2694.6074739971664,6773.731970634806
1789928219,50,GET,GET /api/v1/reservas,20.000000,0.000000,5,6,6,7,8,12,18,22,25,25,25,5171,0,6,6.730413602488811,3.704274000483565,163.83359499741346,8965.0
1789928219,50,GET,GET /api/v1/reservas/{id},4.600000,0.000000,4,4,5,5,5,6,6,10,10,10,10,1749,0,4,5.031745162981005,2.737830000114627,133.83906299714,442.0
1789928219,50,POST,POST /api/v1/auth/login,0.000000,0.000000,0,0,0,0,0,0,0,0,0,0,0,50,0,1600.0,1623.4495169619913,687.5017660058802,2694.6074739971664,1622.0
1789928219,50,,Aggregated,24.600000,0.000000,5,6,6,6,8,10,16,18,25,25,25,6970,0,5,17.901860384020516,2.737830000114627,2694.6074739971664,6773.625968436155
1789928220,50,GET,GET /api/v1/reservas,20.000000,0.000000,5,6,6,7,8,12,18,22,25,25,25,5194,0,6,6.725292856849562,3.704274000483565,163.83359499741346,8965.0
1789928220,50,GET,GET /api/v1/reservas/{id},4.900000,0.000000,4,4,5,5,5,6,6,10,10,10,10,1757,0,4,5.026764108181343,2.737830000114627,133.83906299714,442.0
1789928220,50,POST,POST /api/v1/auth/login,0.000000,0.000000,0,0,0,0,0,0,0,0,0,0,0,50,0,1600.0,1623.4495169619913,687.5017660058802,2694.6074739971664,1622.0
1789928220,50,,Aggregated,24.900000,0.000000,5,6,6,6,8,10,15,18,25,25,25,7001,0,5,17.845403725846424,2.737830000114627,2694.6074739971664,6773.5900585630625
1789928221,50,GET,GET /api/v1/reservas,19.400000,0.000000,5,6,6,7,8,12,18,22,25,25,25,5211,0,6,6.723725859422975,3.704274000483565,163.83359499741346,8965.0
1789928221,50,GET,GET /api/v1/reservas/{id},5.100000,0.000000,4,4,5,5,5,8,10,10,10,10,10,1760,0,4,5.030893186978409,2.737830000114627,133.83906299714,442.0
1789928221,50,POST,POST /api/v1/auth/login,0.000000,0.000000,0,0,0,0,0,0,0,0,0,0,0,50,0,1600.0,1623.4495169619913,687.5017660058802,2694.6074739971664,1622.0
1789928221,50,,Aggregated,24.500000,0.000000,5,6,6,7,8,11,16,18,25,25,25,7021,0,5,17.812873281674218,2.737830000114627,2694.6074739971664,6776.190713573565
1789928222,50,GET,GET /api/v1/reservas,19.200000,0.000000,5,6,6,7,8,9,13,18,18,18,18,5231,0,6,6.722318468831574,3.704274000483565,163.83359499741346,8965.0
1789928222,50,GET,GET /api/v1/reservas/{id},5.400000,0.000000,4,4,5,5,5,8,10,10,10,10,10,1765,0,4,5.030047055004064,2.737830000114627,133.83906299714,442.0
1789928222,50,POST,POST /api/v1/auth/login,0.000000,0.000000,0,0,0,0,0,0,0,0,0,0,0,50,0,1600.0,1623.4495169619913,687.5017660058802,2694.6074739971664,1622.0
1789928222,50,,Aggregated,24.600000,0.000000,5,6,6,6,8,9,12,15,18,18,18,7046,0,5,17.771069658052753,2.737830000114627,2694.6074739971664,6777.908742548964
1789928223,50,GET,GET /api/v1/reservas,19.800000,0.000000,5,6,6,7,8,9,12,15,15,15,15,5254,0,6,6.718024994761224,3.704274000483565,163.83359499741346,8965.0
1789928223,50,GET,GET /api/v1/reservas/{id},5.400000,0.000000,4,5,5,5,6,8,10,10,10,10,10,1769,0,4,5.0294106727424,2.737830000114627,133.83906299714,442.0
1789928223,50,POST,POST /api/v1/auth/login,0.000000,0.000000,0,0,0,0,0,0,0,0,0,0,0,50,0,1600.0,1623.4495169619913,687.5017660058802,2694.6074739971664,1622.0
1789928223,50,,Aggregated,25.200000,0.000000,5,6,6,6,8,9,11,12,15,15,15,7073,0,5,17.724587395823036,2.737830000114627,2694.6074739971664,6781.437579527782
1789928224,50,GET,GET /api/v1/reservas,19.500000,0.000000,6,6,6,7,8,9,12,15,15,15,15,5271,0,6,6.714109257914115,3.704274000483565,163.83359499741346,8965.0
1789928224,50,GET,GET /api/v1/reservas/{id},4.900000,0.000000,4,4,5,5,5,8,10,10,10,10,10,1777,0,4,5.024904461514512,2.737830000114627,133.83906299714,442.0
1789928224,50,POST,POST /api/v1/auth/login,0.000000,0.000000,0,0,0,0,0,0,0,0,0,0,0,50,0,1600.0,1623.4495169619913,687.5017660058802,2694.6074739971664,1622.0
1789928224,50,,Aggregated,24.400000,0.000000,5,6,6,6,8,9,11,12,15,15,15,7098,0,5,17.679881794121744,2.737830000114627,2694.6074739971664,6779.522259791491
1789928225,50,GET,GET /api/v1/reservas,19.600000,0.000000,6,6,6,7,8,9,12,15,15,15,15,5287,0,6,6.710130335998019,3.704274000483565,163.83359499741346,8965.0
1789928225,50,GET,GET /api/v1/reservas/{id},5.400000,0.000000,4,4,5,5,5,8,10,10,10,10,10,1783,0,4,5.021692470630288,2.737830000114627,133.83906299714,442.0
1789928225,50,POST,POST /api/v1/auth/login,0.000000,0.000000,0,0,0,0,0,0,0,0,0,0,0,50,0,1600.0,1623.4495169619913,687.5017660058802,2694.6074739971664,1622.0
1789928225,50,,Aggregated,25.000000,0.000000,5,6,6,7,8,9,11,12,15,15,15,7120,0,5,17.64081637776052,2.737830000114627,2694.6074739971664,6779.092837078651
1789928226,50,GET,GET /api/v1/reservas,19.900000,0.000000,6,6,6,7,8,9,12,15,15,15,15,5308,0,6,6.703626780416341,3.704274000483565,163.83359499741346,8965.0
1789928226,50,GET,GET /api/v1/reservas/{id},5.100000,0.000000,4,4,5,5,5,6,10,10,10,10,10,1792,0,4,5.014816920842285,2.737830000114627,133.83906299714,442.0
1789928226,50,POST,POST /api/v1/auth/login,0.000000,0.000000,0,0,0,0,0,0,0,0,0,0,0,50,0,1600.0,1623.4495169619913,687.5017660058802,2694.6074739971664,1622.0
1789928226,50,,Aggregated,25.000000,0.000000,5,6,6,6,8,9,11,12,15,15,15,7150,0,5,17.58627674415369,2.737830000114627,2694.6074739971664,6777.536223776224
1789928227,50,GET,GET /api/v1/reservas,19.400000,0.000000,6,6,7,7,8,9,11,15,22,22,22,5322,0,6,6.706652036726049,3.704274000483565,163.83359499741346,8965.0
1789928227,50,GET,GET /api/v1/reservas/{id},5.400000,0.000000,4,4,5,5,6,8,10,10,10,10,10,1799,0,4,5.018302898382532,2.737830000114627,133.83906299714,442.0
1789928227,50,POST,POST /api/v1/auth/login,0.000000,0.000000,0,0,0,0,0,0,0,0,0,0,0,50,0,1600.0,1623.4495169619913,687.5017660058802,2694.6074739971664,1622.0
1789928227,50,,Aggregated,24.800000,0.000000,5,6,6,7,8,9,10,12,22,22,22,7171,0,5,17.555878524856475,2.737830000114627,2694.6074739971664,6775.62236787059
1789928228,50,GET,GET /api/v1/reservas,18.800000,0.000000,6,6,7,7,8,9,11,15,22,22,22,5334,0,6,6.70375830642573,3.704274000483565,163.83359499741346,8965.0
1789928228,50,GET,GET /api/v1/reservas/{id},5.900000,0.000000,4,4,5,5,6,8,10,10,10,10,10,1811,0,4,5.01303361799948,2.737830000114627,133.83906299714,442.0
1789928228,50,POST,POST /api/v1/auth/login,0.000000,0.000000,0,0,0,0,0,0,0,0,0,0,0,50,0,1600.0,1623.4495169619913,687.5017660058802,2694.6074739971664,1622.0
1789928228,50,,Aggregated,24.700000,0.000000,5,6,6,7,8,9,10,12,22,22,22,7195,0,5,17.513401881413685,2.737830000114627,2694.6074739971664,6768.710493398193
1789928229,50,GET,GET /api/v1/reservas,19.300000,0.000000,6,6,6,7,7,8,10,18,22,22,22,5360,0,6,6.700287737774814,3.704274000483565,163.83359499741346,8965.0
1789928229,50,GET,GET /api/v1/reservas/{id},6.300000,0.000000,4,4,5,5,6,8,8,10,10,10,10,1817,0,4,5.011660049093903,2.737830000114627,133.83906299714,442.0
1789928229,50,POST,POST /api/v1/auth/login,0.000000,0.000000,0,0,0,0,0,0,0,0,0,0,0,50,0,1600.0,1623.4495169619913,687.5017660058802,2694.6074739971664,1622.0
1789928229,50,,Aggregated,25.600000,0.000000,5,6,6,6,7,8,10,15,22,22,22,7227,0,5,17.461215501837028,2.737830000114627,2694.6074739971664,6771.359346893593
1789928230,50,GET,GET /api/v1/reservas,18.500000,0.000000,6,6,6,7,7,8,10,18,22,22,22,5378,0,6,6.696051126349239,3.704274000483565,163.83359499741346,8965.0
1789928230,50,GET,GET /api/v1/reservas/{id},6.300000,0.000000,4,5,5,5,6,8,8,10,10,10,10,1821,0,4,5.0101991599120215,2.737830000114627,133.83906299714,442.0
1789928230,50,POST,POST /api/v1/auth/login,0.000000,0.000000,0,0,0,0,0,0,0,0,0,0,0,50,0,1600.0,1623.4495169619913,687.5017660058802,2694.6074739971664,1622.0
1789928230,50,,Aggregated,24.800000,0.000000,5,6,6,6,7,8,10,15,22,22,22,7249,0,5,17.42411525393924,2.737830000114627,2694.6074739971664,6773.313836391227
1789928231,50,GET,GET /api/v1/reservas,18.300000,0.000000,5,6,6,6,7,8,10,18,22,22,22,5401,0,6,6.690737695517779,3.704274000483565,163.83359499741346,8965.0
1789928231,50,GET,GET /api/v1/reservas/{id},6.900000,0.000000,4,4,5,5,6,7,8,8,8,8,8,1825,0,4,5.007384751352469,2.737830000114627,133.83906299714,442.0
1789928231,50,POST,POST /api/v1/auth/login,0.000000,0.000000,0,0,0,0,0,0,0,0,0,0,0,50,0,1600.0,1623.4495169619913,687.5017660058802,2694.6074739971664,1622.0
1789928231,50,,Aggregated,25.200000,0.000000,5,6,6,6,7,8,9,15,22,22,22,7276,0,5,17.378728327763792,2.737830000114627,2694.6074739971664,6776.761269928532
1789928232,50,GET,GET /api/v1/reservas,19.000000,0.000000,5,6,6,6,7,8,10,18,22,22,22,5418,0,6,6.687581396557102,3.704274000483565,163.83359499741346,8965.0
1789928232,50,GET,GET /api/v1/reservas/{id},6.700000,0.000000,4,4,5,5,6,7,8,8,8,8,8,1830,0,4,5.006062032365752,2.737830000114627,133.83906299714,442.0
1789928232,50,POST,POST /api/v1/auth/login,0.000000,0.000000,0,0,0,0,0,0,0,0,0,0,0,50,0,1600.0,1623.4495169619913,687.5017660058802,2694.6074739971664,1622.0
1789928232,50,,Aggregated,25.700000,0.000000,5,6,6,6,7,8,9,15,22,22,22,7298,0,5,17.34268092270146,2.737830000114627,2694.6074739971664,6777.51849821869
1789928233,50,GET,GET /api/v1/reservas,18.600000,0.000000,5,6,6,6,7,9,11,18,22,22,22,5441,0,6,6.689357038330923,3.704274000483565,163.83359499741346,8965.0
1789928233,50,GET,GET /api/v1/reservas/{id},6.600000,0.000000,4,4,5,5,6,7,8,8,8,8,8,1832,0,4,5.006348602741897,2.737830000114627,133.83906299714,442.0
1789928233,50,POST,POST /api/v1/auth/login,0.000000,0.000000,0,0,0,0,0,0,0,0,0,0,0,50,0,1600.0,1623.4495169619913,687.5017660058802,2694.6074739971664,1622.0
1789928233,50,,Aggregated,25.200000,0.000000,5,6,6,6,7,8,11,17,22,22,22,7323,0,5,17.307237216152025,2.737830000114627,2694.6074739971664,6782.658609859347
1789928234,50,GET,GET /api/v1/reservas,18.700000,0.000000,5,6,6,7,7,9,17,20,22,22,22,5457,0,6,6.686930647524464,3.704274000483565,163.83359499741346,8965.0
1789928234,50,GET,GET /api/v1/reservas/{id},6.500000,0.000000,4,5,5,5,6,7,8,8,8,8,8,1838,0,4,5.004269409243482,2.737830000114627,133.83906299714,442.0
1789928234,50,POST,POST /api/v1/auth/login,0.000000,0.000000,0,0,0,0,0,0,0,0,0,0,0,50,0,1600.0,1623.4495169619913,687.5017660058802,2694.6074739971664,1622.0
1789928234,50,,Aggregated,25.200000,0.000000,5,6,6,6,7,8,11,18,22,22,22,7345,0,5,17.271736360221933,2.737830000114627,2694.6074739971664,6782.23294758339
1789928235,50,GET,GET /api/v1/reservas,19.000000,0.000000,5,6,6,6,7,9,17,20,22,22,22,5478,0,6,6.6809321826450905,3.704274000483565,163.83359499741346,8965.0
1789928235,50,GET,GET /api/v1/reservas/{id},6.400000,0.000000,4,5,5,5,6,7,8,8,8,8,8,1846,0,4,4.99942162469904,2.737830000114627,133.83906299714,442.0
1789928235,50,POST,POST /api/v1/auth/login,0.000000,0.000000,0,0,0,0,0,0,0,0,0,0,0,50,0,1600.0,1623.4495169619913,687.5017660058802,2694.6074739971664,1622.0
1789928235,50,,Aggregated,25.400000,0.000000,5,6,6,6,7,8,11,18,22,22,22,7374,0,5,17.222613868161623,2.737830000114627,2694.6074739971664,6781.570653647952
