Timestamp,User Count,Type,Name,Requests/s,Failures/s,50%,66%,75%,80%,90%,95%,98%,99%,99.9%,99.99%,100%,Total Request Count,Total Failure Count,Total Median Response Time,Total Average Response Time,Total Min Response Time,Total Max Response Time,Total Average Content Size
1789926279,0,,Aggregated,0.000000,0.000000,N/A,N/A,N/A,N/A,N/A,N/A,N/A,N/A,N/A,N/A,N/A,0,0,0,0.0,0,0,0
1789926280,10,GET,GET /api/v1/reservas,0.000000,0.000000,0,0,0,0,0,0,0,0,0,0,0,1,0,17.97890900343191,17.97890900343191,17.97890900343191,17.97890900343191,8965.0
1789926280,10,POST,POST /api/v1/auth/login,0.000000,0.000000,0,0,0,0,0,0,0,0,0,0,0,4,0,940.191768007935,956.1429565001163,940.191768007935,972.162774996832,1622.0
1789926280,10,,Aggregated,0.000000,0.000000,0,0,0,0,0,0,0,0,0,0,0,5,0,940.0,768.5101470007794,17.97890900343191,972.162774996832,3090.6
1789926281,20,GET,GET /api/v1/reservas,0.000000,0.000000,0,0,0,0,0,0,0,0,0,0,0,10,0,9,20.02052749885479,7.077636997564696,58.44322798657231,8965.0
1789926281,20,POST,POST /api/v1/auth/login,0.000000,0.000000,0,0,0,0,0,0,0,0,0,0,0,10,0,1200.0,1167.114646898699,940.191768007935,1536.958535987651,1622.0
1789926281,20,,Aggregated,0.000000,0.000000,940,970,1200,1200,1400,1500,1500,1500,1500,1500,1500,20,0,58,593.5675871987769,7.077636997564696,1536.958535987651,5293.5
1789926282,30,GET,GET /api/v1/reservas,0.000000,0.000000,8,9,9,10,10,10,10,10,10,10,10,12,0,9,17.921464665657066,7.076195004628971,58.44322798657231,8965.0
1789926282,30,GET,GET /api/v1/reservas/{id},0.000000,0.000000,0,0,0,0,0,0,0,0,0,0,0,1,0,5.6623330019647256,5.6623330019647256,5.6623330019647256,5.6623330019647256,442.0
1789926282,30,POST,POST /api/v1/auth/login,0.000000,0.000000,1500,1500,1500,1500,1500,1500,1500,1500,1500,1500,1500,10,0,1200.0,1167.114646898699,940.191768007935,1536.958535987651,1622.0
1789926282,30,,Aggregated,0.000000,0.000000,53,970,1200,1200,1300,1400,1500,1500,1500,1500,1500,23,0,53,517.0376686076887,5.6623330019647256,1536.958535987651,5401.826086956522
1789926283,40,GET,GET /api/v1/reservas,3.500000,0.000000,8,9,9,9,10,12,12,12,12,12,12,18,0,8,14.779844609923506,5.8229660062352195,58.44322798657231,8965.0
1789926283,40,GET,GET /api/v1/reservas/{id},0.000000,0.000000,0,0,0,0,0,0,0,0,0,0,0,2,0,6,6.303900001512375,5.6623330019647256,6.945467001060024,442.0
1789926283,40,POST,POST /api/v1/auth/login,4.000000,0.000000,1500,1500,1500,1500,1500,1500,1500,1500,1500,1500,1500,10,0,1200.0,1167.114646898699,940.191768007935,1536.958535987651,1622.0
1789926283,40,,Aggregated,7.500000,0.000000,12,58,970,1200,1300,1400,1500,1500,1500,1500,1500,30,0,10,398.3263823989546,5.6623330019647256,1536.958535987651,5949.133333333333
1789926284,50,GET,GET /api/v1/reservas,3.666667,0.000000,8,9,12,16,36,46,46,46,46,46,46,26,0,8,15.901983152546633,5.8229660062352195,58.44322798657231,8965.0
1789926284,50,GET,GET /api/v1/reservas/{id},0.000000,0.000000,7,7,7,7,7,7,7,7,7,7,7,2,0,6,6.303900001512375,5.6623330019647256,6.945467001060024,442.0
1789926284,50,POST,POST /api/v1/auth/login,3.333333,0.000000,3900,3900,3900,3900,4000,4000,4000,4000,4000,4000,4000,16,0,1300.0,2152.481057312798,940.191768007935,3968.3403500093846,1622.0
1789926284,50,,Aggregated,7.000000,0.000000,19,940,1200,1300,3700,3900,4000,4000,4000,4000,4000,44,0,18,792.4035517948637,5.6623330019647256,3968.3403500093846,5907.409090909091
1789926285,50,GET,GET /api/v1/reservas,4.250000,0.000000,8,12,16,17,38,79,83,83,83,83,83,40,0,9,18.176429924278636,5.8229660062352195,83.22117399075069,8965.0
1789926285,50,GET,GET /api/v1/reservas/{id},0.250000,0.000000,7,11,11,14,14,14,14,14,14,14,14,6,0,6,8.317434670364795,5.6623330019647256,14.348035998409614,442.0
1789926285,50,POST,POST /api/v1/auth/login,2.500000,0.000000,3900,4000,4400,4400,4600,4900,4900,4900,4900,4900,4900,24,0,3400.0,2789.436443167991,940.191768007935,4860.957042008522,1622.0
1789926285,50,,Aggregated,7.000000,0.000000,17,940,1200,2900,3900,4400,4600,4900,4900,4900,4900,70,0,16,967.4776634432159,5.6623330019647256,4860.957042008522,5716.857142857143
1789926286,50,GET,GET /api/v1/reservas,3.800000,0.000000,9,12,13,16,38,46,79,83,83,83,83,65,0,9,16.460855876525436,5.8229660062352195,83.22117399075069,8965.0
1789926286,50,GET,GET /api/v1/reservas/{id},0.400000,0.000000,9,9,11,11,14,14,14,14,14,14,14,7,0,7,8.349432002952588,5.6623330019647256,14.348035998409614,442.0
1789926286,50,POST,POST /api/v1/auth/login,2.000000,0.000000,3800,4000,4300,4400,4600,4900,4900,4900,4900,4900,4900,45,0,3500.0,3167.856198045451,940.191768007935,4881.229678008822,1622.0
1789926286,50,,Aggregated,6.200000,0.000000,18,1200,2900,3500,4000,4500,4800,4900,4900,4900,4900,117,0,18,1228.0506886157275,5.6623330019647256,4881.229678008822,5630.846153846154
1789926287,50,GET,GET /api/v1/reservas,4.666667,0.000000,8,10,12,13,34,44,79,83,83,83,83,80,0,8,14.67608301245491,4.448032006621361,83.22117399075069,8965.0
1789926287,50,GET,GET /api/v1/reservas/{id},0.500000,0.000000,6,7,9,11,14,14,14,14,14,14,14,10,0,6,7.2020447012619115,3.4736939996946603,14.348035998409614,442.0
1789926287,50,POST,POST /api/v1/auth/login,2.666667,0.000000,3800,3900,4100,4400,4600,4800,4900,4900,4900,4900,4900,50,0,3400.0,3173.9970718009863,940.191768007935,4881.229678008822,1622.0
1789926287,50,,Aggregated,7.833333,0.000000,13,970,2900,3100,4000,4400,4800,4900,4900,4900,4900,140,0,13,1142.4711477004166,3.4736939996946603,4881.229678008822,5733.714285714285
1789926288,50,GET,GET /api/v1/reservas,6.857143,0.000000,8,9,11,12,18,44,79,83,83,83,83,101,0,8,12.8014198615905,4.181608004728332,83.22117399075069,8965.0
1789926288,50,GET,GET /api/v1/reservas/{id},0.857143,0.000000,5,6,7,9,11,14,14,14,14,14,14,15,0,5,6.2662232676909,3.4736939996946603,14.348035998409614,442.0
1789926288,50,POST,POST /api/v1/auth/login,4.285714,0.000000,3800,3900,4100,4400,4600,4800,4900,4900,4900,4900,4900,50,0,3400.0,3173.9970718009863,940.191768007935,4881.229678008822,1622.0
1789926288,50,,Aggregated,12.000000,0.000000,10,44,1400,3000,3900,4400,4600,4900,4900,4900,4900,166,0,10,964.3782550908754,3.4736939996946603,4881.229678008822,5983.1024096385545
1789926289,50,GET,GET /api/v1/reservas,9.000000,0.000000,8,8,10,12,17,38,46,79,83,83,83,116,0,8,11.970095577798302,4.181608004728332,83.22117399075069,8965.0
1789926289,50,GET,GET /api/v1/reservas/{id},0.875000,0.000000,5,6,6,6,9,11,14,14,14,14,14,27,0,5,5.694290222621661,3.4736939996946603,14.348035998409614,442.0
1789926289,50,POST,POST /api/v1/auth/login,6.250000,0.000000,3800,3900,4100,4400,4600,4800,4900,4900,4900,4900,4900,50,0,3400.0,3173.9970718009863,940.191768007935,4881.229678008822,1622.0
1789926289,50,,Aggregated,16.125000,0.000000,8,16,940,2300,3800,4300,4600,4900,4900,4900,4900,193,0,8,830.270106285413,3.4736939996946603,4881.229678008822,5870.331606217616
1789926290,50,GET,GET /api/v1/reservas,9.666667,0.000000,7,8,9,10,16,36,46,79,83,83,83,131,0,7,11.286751496563808,4.181608004728332,83.22117399075069,8965.0
1789926290,50,GET,GET /api/v1/reservas/{id},1.333333,0.000000,5,5,6,6,7,11,14,14,14,14,14,36,0,5,5.268862666626875,3.4736939996946603,14.348035998409614,442.0
1789926290,50,POST,POST /api/v1/auth/login,5.555556,0.000000,3800,3900,4100,4400,4600,4800,4900,4900,4900,4900,4900,50,0,3400.0,3173.9970718009863,940.191768007935,4881.229678008822,1622.0
1789926290,50,,Aggregated,16.555556,0.000000,8,10,19,1500,3800,4100,4600,4800,4900,4900,4900,217,0,8,739.0234889036763,3.4736939996946603,4881.229678008822,5859.110599078341
1789926291,50,GET,GET /api/v1/reservas,10.700000,0.000000,7,8,8,10,13,34,46,79,83,83,83,153,0,7,10.54371869276366,4.181608004728332,83.22117399075069,8965.0
1789926291,50,GET,GET /api/v1/reservas/{id},2.100000,0.000000,5,5,6,6,7,11,14,14,14,14,14,41,0,5,5.208193780584602,3.1835859990678728,14.348035998409614,442.0
1789926291,50,POST,POST /api/v1/auth/login,5.000000,0.000000,3800,3900,4100,4400,4600,4800,4900,4900,4900,4900,4900,50,0,3400.0,3173.9970718009863,940.191768007935,4881.229678008822,1622.0
1789926291,50,,Aggregated,17.800000,0.000000,7,9,13,44,3700,4000,4600,4800,4900,4900,4900,244,0,7,657.8958135042874,3.1835859990678728,4881.229678008822,6028.143442622951
1789926292,50,GET,GET /api/v1/reservas,12.200000,0.000000,6,8,8,9,13,34,44,79,83,83,83,168,0,7,10.07370045850361,4.181608004728332,83.22117399075069,8965.0
1789926292,50,GET,GET /api/v1/reservas/{id},3.000000,0.000000,5,5,5,6,6,9,14,14,14,14,14,45,0,5,5.150166044283348,3.1835859990678728,14.348035998409614,442.0
1789926292,50,POST,POST /api/v1/auth/login,5.000000,0.000000,3800,4000,4300,4400,4600,4900,4900,4900,4900,4900,4900,50,0,3400.0,3173.9970718009863,940.191768007935,4881.229678008822,1622.0
1789926292,50,,Aggregated,20.200000,0.000000,6,8,13,36,3500,4000,4600,4800,4900,4900,4900,263,0,7,610.737614977455,3.1835859990678728,4881.229678008822,6110.684410646388
1789926293,50,GET,GET /api/v1/reservas,13.200000,0.000000,6,7,8,8,13,19,44,79,83,83,83,188,0,7,9.668912446904095,4.181608004728332,83.22117399075069,8965.0
1789926293,50,GET,GET /api/v1/reservas/{id},3.700000,0.000000,5,5,5,6,9,11,14,14,14,14,14,52,0,5,5.286011134068338,3.1835859990678728,14.348035998409614,442.0
1789926293,50,POST,POST /api/v1/auth/login,4.200000,0.000000,3800,4000,4300,4400,4600,4900,4900,4900,4900,4900,4900,50,0,3400.0,3173.9970718009863,940.191768007935,4881.229678008822,1622.0
1789926293,50,,Aggregated,21.100000,0.000000,6,8,11,16,3400,4000,4500,4800,4900,4900,4900,290,0,7,554.4568334794443,3.1835859990678728,4881.229678008822,6170.703448275862
1789926294,50,GET,GET /api/v1/reservas,14.800000,0.000000,6,7,8,8,11,16,44,79,83,83,83,203,0,6,9.379068404086865,4.181608004728332,83.22117399075069,8965.0
1789926294,50,GET,GET /api/v1/reservas/{id},4.200000,0.000000,5,5,5,6,6,11,14,14,14,14,14,56,0,5,5.299374803144019,3.1835859990678728,14.348035998409614,442.0
1789926294,50,POST,POST /api/v1/auth/login,4.000000,0.000000,3800,4000,4400,4400,4600,4900,4900,4900,4900,4900,4900,50,0,3400.0,3173.9970718009863,940.191768007935,4881.229678008822,1622.0
1789926294,50,,Aggregated,23.000000,0.000000,6,7,9,12,3000,3900,4500,4800,4900,4900,4900,309,0,6,520.713817039013,3.1835859990678728,4881.229678008822,6232.190938511327
1789926295,50,GET,GET /api/v1/reservas,15.600000,0.000000,6,6,7,7,9,12,18,44,44,44,44,214,0,6,9.216161897184575,4.181608004728332,83.22117399075069,8965.0
1789926295,50,GET,GET /api/v1/reservas/{id},4.700000,0.000000,5,5,5,5,6,9,11,14,14,14,14,70,0,5,5.210721585275938,3.0641339981229976,14.348035998409614,442.0
1789926295,50,POST,POST /api/v1/auth/login,4.000000,0.000000,3700,3900,4400,4400,4800,4900,4900,4900,4900,4900,4900,50,0,3400.0,3173.9970718009863,940.191768007935,4881.229678008822,1622.0
1789926295,50,,Aggregated,24.300000,0.000000,6,6,7,8,14,3100,4400,4600,4900,4900,4900,334,0,6,482.1462956497489,3.0641339981229976,4881.229678008822,6079.491017964072
1789926296,50,GET,GET /api/v1/reservas,17.300000,0.000000,6,6,7,7,7,8,10,11,12,12,12,233,0,6,9.031537729750143,4.181608004728332,83.22117399075069,8965.0
1789926296,50,GET,GET /api/v1/reservas/{id},5.100000,0.000000,5,5,5,5,6,6,11,14,14,14,14,76,0,5,5.196489670771897,3.0641339981229976,14.348035998409614,442.0
1789926296,50,POST,POST /api/v1/auth/login,4.000000,0.000000,3700,3900,4400,4400,4800,4900,4900,4900,4900,4900,4900,50,0,3400.0,3173.9970718009863,940.191768007935,4881.229678008822,1622.0
1789926296,50,,Aggregated,26.400000,0.000000,6,6,6,6,7,8,10,11,14,14,14,359,0,6,449.02266043470684,3.0641339981229976,4881.229678008822,6137.986072423399
1789926297,50,GET,GET /api/v1/reservas,18.300000,0.000000,6,6,7,7,8,8,10,11,12,12,12,255,0,6,8.808658607920412,4.181608004728332,83.22117399075069,8965.0
1789926297,50,GET,GET /api/v1/reservas/{id},6.000000,0.000000,5,5,5,5,6,6,11,14,14,14,14,83,0,5,5.156740192422105,3.0641339981229976,14.348035998409614,442.0
1789926297,50,POST,POST /api/v1/auth/login,3.400000,0.000000,3700,3900,4400,4400,4800,4900,4900,4900,4900,4900,4900,50,0,3400.0,3173.9970718009863,940.191768007935,4881.229678008822,1622.0
1789926297,50,,Aggregated,27.700000,0.000000,6,6,6,7,7,8,10,11,14,14,14,388,0,6,415.9125540490723,3.0641339981229976,4881.229678008822,6195.518041237114
1789926298,50,GET,GET /api/v1/reservas,17.100000,0.000000,6,6,7,7,8,8,10,11,12,12,12,271,0,6,8.640543479627906,4.181608004728332,83.22117399075069,8965.0
1789926298,50,GET,GET /api/v1/reservas/{id},6.500000,0.000000,5,5,5,5,6,6,11,14,14,14,14,87,0,5,5.13262411458391,3.0641339981229976,14.348035998409614,442.0
1789926298,50,POST,POST /api/v1/auth/login,2.000000,0.000000,3700,3900,4400,4400,4800,4900,4900,4900,4900,4900,4900,50,0,3400.0,3173.9970718009863,940.191768007935,4881.229678008822,1622.0
1789926298,50,,Aggregated,25.600000,0.000000,6,6,6,7,7,8,10,11,14,14,14,408,0,6,395.8038705171502,3.0641339981229976,4881.229678008822,6247.718137254902
1789926299,50,GET,GET /api/v1/reservas,16.700000,0.000000,6,6,7,7,8,8,10,12,12,12,12,294,0,6,8.468379363770831,4.181608004728332,83.22117399075069,8965.0
1789926299,50,GET,GET /api/v1/reservas/{id},7.200000,0.000000,5,5,5,5,6,9,11,14,14,14,14,90,0,5,5.147090655292333,3.0641339981229976,14.348035998409614,442.0
1789926299,50,POST,POST /api/v1/auth/login,0.000000,0.000000,3700,3900,4400,4400,4800,4900,4900,4900,4900,4900,4900,50,0,3400.0,3173.9970718009863,940.191768007935,4881.229678008822,1622.0
1789926299,50,,Aggregated,23.900000,0.000000,6,6,6,7,7,8,11,12,14,14,14,434,0,6,372.4718785298946,3.0641339981229976,4881.229678008822,6351.589861751152
1789926300,50,GET,GET /api/v1/reservas,17.400000,0.000000,6,7,7,7,8,9,10,12,15,15,15,318,0,6,8.411416829826893,4.181608004728332,83.22117399075069,8965.0
1789926300,50,GET,GET /api/v1/reservas/{id},7.100000,0.000000,5,5,5,6,6,9,11,14,14,14,14,93,0,5,5.167654010571129,3.0641339981229976,14.348035998409614,442.0
1789926300,50,POST,POST /api/v1/auth/login,0.000000,0.000000,3700,3900,4400,4400,4800,4900,4900,4900,4900,4900,4900,50,0,3400.0,3173.9970718009863,940.191768007935,4881.229678008822,1622.0
1789926300,50,,Aggregated,24.500000,0.000000,6,6,7,7,8,9,11,12,15,15,15,461,0,6,351.0960433078468,3.0641339981229976,4881.229678008822,6449.188720173536
1789926301,50,GET,GET /api/v1/reservas,17.400000,0.000000,6,7,7,7,8,9,10,12,15,15,15,334,0,6,8.32458262827246,4.181608004728332,83.22117399075069,8965.0
1789926301,50,GET,GET /api/v1/reservas/{id},6.800000,0.000000,5,5,6,6,6,9,11,14,14,14,14,98,0,5,5.212307826269,3.0641339981229976,14.348035998409614,442.0
1789926301,50,POST,POST /api/v1/auth/login,0.000000,0.000000,3700,3900,4400,4400,4800,4900,4900,4900,4900,4900,4900,50,0,3400.0,3173.9970718009863,940.191768007935,4881.229678008822,1622.0
1789926301,50,,Aggregated,24.200000,0.000000,6,7,7,7,8,9,11,12,15,15,15,482,0,6,336.0810588275242,3.0641339981229976,4881.229678008822,6470.385892116183
1789926302,50,GET,GET /api/v1/reservas,17.900000,0.000000,6,7,7,7,8,9,10,12,15,15,15,357,0,6,8.20212294357367,4.181608004728332,83.22117399075069,8965.0
1789926302,50,GET,GET /api/v1/reservas/{id},6.100000,0.000000,5,5,6,6,6,9,11,14,14,14,14,107,0,5,5.206528327005663,3.0641339981229976,14.348035998409614,442.0
1789926302,50,POST,POST /api/v1/auth/login,0.000000,0.000000,3700,3900,4400,4400,4800,4900,4900,4900,4900,4900,4900,50,0,3400.0,3173.9970718009863,940.191768007935,4881.229678008822,1622.0
1789926302,50,,Aggregated,24.000000,0.000000,6,7,7,7,8,9,11,12,15,15,15,514,0,6,315.5352334861765,3.0641339981229976,4881.229678008822,6476.45719844358
1789926303,50,GET,GET /api/v1/reservas,18.200000,0.000000,7,7,7,7,8,9,10,12,15,15,15,372,0,6,8.143932623336509,4.181608004728332,83.22117399075069,8965.0
1789926303,50,GET,GET /api/v1/reservas/{id},5.700000,0.000000,5,5,6,6,6,6,9,11,11,11,11,110,0,5,5.203898236240176,3.0641339981229976,14.348035998409614,442.0
1789926303,50,POST,POST /api/v1/auth/login,0.000000,0.000000,3700,3900,4400,4400,4800,4900,4900,4900,4900,4900,4900,50,0,3400.0,3173.9970718009863,940.191768007935,4881.229678008822,1622.0
1789926303,50,,Aggregated,23.900000,0.000000,6,7,7,7,8,9,10,11,15,15,15,532,0,6,305.0786190449566,3.0641339981229976,4881.229678008822,6512.5939849624065
1789926304,50,GET,GET /api/v1/reservas,18.000000,0.000000,7,7,7,7,8,9,10,12,15,15,15,395,0,6,8.061927083299107,4.181608004728332,83.22117399075069,8965.0
1789926304,50,GET,GET /api/v1/reservas/{id},6.100000,0.000000,5,5,6,6,6,6,9,11,11,11,11,118,0,5,5.213466254028421,3.0641339981229976,14.348035998409614,442.0
1789926304,50,POST,POST /api/v1/auth/login,0.000000,0.000000,0,0,0,0,0,0,0,0,0,0,0,50,0,3400.0,3173.9970718009863,940.191768007935,4881.229678008822,1622.0
1789926304,50,,Aggregated,24.100000,0.000000,6,7,7,7,8,9,10,11,15,15,15,563,0,6,288.6314454812217,3.0641339981229976,4881.229678008822,6526.520426287744
1789926305,50,GET,GET /api/v1/reservas,19.200000,0.000000,7,7,7,8,9,10,11,13,15,15,15,417,0,7,8.049172764858712,4.181608004728332,83.22117399075069,8965.0
1789926305,50,GET,GET /api/v1/reservas/{id},5.900000,0.000000,5,6,6,6,6,6,9,9,9,9,9,121,0,5,5.26075011534397,3.0641339981229976,14.348035998409614,442.0
1789926305,50,POST,POST /api/v1/auth/login,0.000000,0.000000,0,0,0,0,0,0,0,0,0,0,0,50,0,3400.0,3173.9970718009863,940.191768007935,4881.229678008822,1622.0
1789926305,50,,Aggregated,25.100000,0.000000,6,7,7,7,8,9,11,12,15,15,15,588,0,6,276.68862142338776,3.0641339981229976,4881.229678008822,6586.7125850340135
1789926306,50,GET,GET /api/v1/reservas,18.700000,0.000000,7,7,7,8,8,10,11,13,15,15,15,433,0,7,7.973364752829698,4.181608004728332,83.22117399075069,8965.0
1789926306,50,GET,GET /api/v1/reservas/{id},6.100000,0.000000,5,6,6,6,6,7,9,9,9,9,9,128,0,5,5.244807452982059,3.0641339981229976,14.348035998409614,442.0
1789926306,50,POST,POST /api/v1/auth/login,0.000000,0.000000,0,0,0,0,0,0,0,0,0,0,0,50,0,3400.0,3173.9970718009863,940.191768007935,4881.229678008822,1622.0
1789926306,50,,Aggregated,24.800000,0.000000,6,7,7,7,8,9,11,12,15,15,15,611,0,6,266.48716183634417,3.0641339981229976,4881.229678008822,6578.59410801964
1789926307,50,GET,GET /api/v1/reservas,19.300000,0.000000,7,7,7,8,9,10,11,13,15,15,15,454,0,7,7.929344693842931,4.181608004728332,83.22117399075069,8965.0
1789926307,50,GET,GET /api/v1/reservas/{id},5.700000,0.000000,5,6,6,6,6,9,9,9,9,9,9,132,0,5,5.25436556045227,3.0641339981229976,14.348035998409614,442.0
1789926307,50,POST,POST /api/v1/auth/login,0.000000,0.000000,0,0,0,0,0,0,0,0,0,0,0,50,0,3400.0,3173.9970718009863,940.191768007935,4881.229678008822,1622.0
1789926307,50,,Aggregated,25.000000,0.000000,6,7,7,7,8,10,11,12,15,15,15,636,0,6,256.2788558726945,3.0641339981229976,4881.229678008822,6618.795597484277
1789926308,50,GET,GET /api/v1/reservas,20.300000,0.000000,7,7,7,8,9,10,11,13,15,15,15,470,0,6,7.858826631885716,4.181608004728332,83.22117399075069,8965.0
1789926308,50,GET,GET /api/v1/reservas/{id},5.200000,0.000000,5,6,6,6,6,9,9,9,9,9,9,143,0,5,5.187166727130086,3.0641339981229976,14.348035998409614,442.0
1789926308,50,POST,POST /api/v1/auth/login,0.000000,0.000000,0,0,0,0,0,0,0,0,0,0,0,50,0,3400.0,3173.9970718009863,940.191768007935,4881.229678008822,1622.0
1789926308,50,,Aggregated,25.500000,0.000000,6,7,7,7,8,9,10,11,15,15,15,663,0,6,246.05620957619186,3.0641339981229976,4881.229678008822,6572.935143288085
1789926309,50,GET,GET /api/v1/reservas,20.300000,0.000000,6,7,7,7,8,10,11,13,15,15,15,490,0,6,7.777293575470269,4.181608004728332,83.22117399075069,8965.0
1789926309,50,GET,GET /api/v1/reservas/{id},5.100000,0.000000,5,5,6,6,6,9,9,9,9,9,9,151,0,5,5.162319271371928,3.0641339981229976,14.348035998409614,442.0
1789926309,50,POST,POST /api/v1/auth/login,0.000000,0.000000,0,0,0,0,0,0,0,0,0,0,0,50,0,3400.0,3173.9970718009863,940.191768007935,4881.229678008822,1622.0
1789926309,50,,Aggregated,25.400000,0.000000,6,7,7,7,8,9,10,11,15,15,15,691,0,6,236.31004001737614,3.0641339981229976,4881.229678008822,6571.189580318379
1789926310,50,GET,GET /api/v1/reservas,19.700000,0.000000,6,7,7,7,8,10,10,11,13,13,13,498,0,6,7.759583220853616,4.181608004728332,83.22117399075069,8965.0
1789926310,50,GET,GET /api/v1/reservas/{id},5.300000,0.000000,5,5,6,6,6,7,9,9,9,9,9,158,0,5,5.131292588459151,3.0641339981229976,14.348035998409614,442.0
1789926310,50,POST,POST /api/v1/auth/login,0.000000,0.000000,0,0,0,0,0,0,0,0,0,0,0,50,0,3400.0,3173.9970718009863,940.191768007935,4881.229678008822,1622.0
1789926310,50,,Aggregated,25.000000,0.000000,6,7,7,7,8,9,10,11,13,13,13,706,0,6,231.40916467848578,3.0641339981229976,4881.229678008822,6537.543909348442
1789926311,50,GET,GET /api/v1/reservas,19.900000,0.000000,6,7,7,7,8,10,10,11,13,13,13,522,0,6,7.674659067017545,4.181608004728332,83.22117399075069,8965.0
1789926311,50,GET,GET /api/v1/reservas/{id},5.600000,0.000000,5,5,5,6,6,6,9,9,9,9,9,167,0,5,5.094219622614203,3.0641339981229976,14.348035998409614,442.0
1789926311,50,POST,POST /api/v1/auth/login,0.000000,0.000000,0,0,0,0,0,0,0,0,0,0,0,50,0,3400.0,3173.9970718009863,940.191768007935,4881.229678008822,1622.0
1789926311,50,,Aggregated,25.500000,0.000000,6,6,7,7,8,9,10,11,13,13,13,739,0,6,221.3217324763316,3.0641339981229976,4881.229678008822,6542.143437077131
1789926312,50,GET,GET /api/v1/reservas,19.200000,0.000000,6,7,7,7,8,10,10,11,13,13,13,537,0,6,7.645706852852043,4.181608004728332,83.22117399075069,8965.0
1789926312,50,GET,GET /api/v1/reservas/{id},6.400000,0.000000,5,5,5,6,6,6,9,9,9,9,9,174,0,5,5.0918347296410715,3.0641339981229976,14.348035998409614,442.0
1789926312,50,POST,POST /api/v1/auth/login,0.000000,0.000000,0,0,0,0,0,0,0,0,0,0,0,50,0,3400.0,3173.9970718009863,940.191768007935,4881.229678008822,1622.0
1789926312,50,,Aggregated,25.600000,0.000000,6,6,7,7,8,9,10,11,13,13,13,761,0,6,215.10062734952484,3.0641339981229976,4881.229678008822,6533.788436268068
1789926313,50,GET,GET /api/v1/reservas,18.800000,0.000000,6,7,7,7,8,10,10,11,13,13,13,561,0,6,7.566899770044691,4.181608004728332,83.22117399075069,8965.0
1789926313,50,GET,GET /api/v1/reservas/{id},7.000000,0.000000,5,5,5,6,6,9,19,19,19,19,19,181,0,5,5.234883535632128,3.0641339981229976,19.324869994306937,442.0
1789926313,50,POST,POST /api/v1/auth/login,0.000000,0.000000,0,0,0,0,0,0,0,0,0,0,0,50,0,3400.0,3173.9970718009863,940.191768007935,4881.229678008822,1622.0
1789926313,50,,Aggregated,25.800000,0.000000,6,6,7,7,8,10,11,13,19,19,19,792,0,6,206.9348463143861,3.0641339981229976,4881.229678008822,6553.61994949495
1789926314,50,GET,GET /api/v1/reservas,19.000000,0.000000,6,7,7,7,8,9,10,11,13,13,13,574,0,6,7.534227419930765,4.181608004728332,83.22117399075069,8965.0
1789926314,50,GET,GET /api/v1/reservas/{id},6.600000,0.000000,5,5,5,5,6,9,19,19,19,19,19,184,0,5,5.2481106627649,3.0641339981229976,19.324869994306937,442.0
1789926314,50,POST,POST /api/v1/auth/login,0.000000,0.000000,0,0,0,0,0,0,0,0,0,0,0,50,0,3400.0,3173.9970718009863,940.191768007935,4881.229678008822,1622.0
1789926314,50,,Aggregated,25.600000,0.000000,6,6,7,7,8,9,10,13,19,19,19,808,0,6,202.95810951861176,3.0641339981229976,4881.229678008822,6569.725247524752
1789926315,50,GET,GET /api/v1/reservas,18.100000,0.000000,6,7,7,7,8,9,10,10,10,10,10,600,0,6,7.477990010132392,4.181608004728332,83.22117399075069,8965.0
1789926315,50,GET,GET /api/v1/reservas/{id},6.800000,0.000000,5,5,5,6,6,9,19,19,19,19,19,191,0,5,5.23629881129527,3.0641339981229976,19.324869994306937,442.0
1789926315,50,POST,POST /api/v1/auth/login,0.000000,0.000000,0,0,0,0,0,0,0,0,0,0,0,50,0,3400.0,3173.9970718009863,940.191768007935,4881.229678008822,1622.0
1789926315,50,,Aggregated,24.900000,0.000000,6,6,7,7,8,9,10,10,19,19,19,841,0,6,195.22803884552454,3.0641339981229976,4881.229678008822,6592.772889417361
1789926316,50,GET,GET /api/v1/reservas,18.600000,0.000000,6,6,7,7,8,9,10,10,10,10,10,617,0,6,7.434838737601322,4.181608004728332,83.22117399075069,8965.0
1789926316,50,GET,GET /api/v1/reservas/{id},7.000000,0.000000,5,5,5,6,6,9,19,19,19,19,19,200,0,5,5.2482863197656116,3.0641339981229976,19.324869994306937,442.0
1789926316,50,POST,POST /api/v1/auth/login,0.000000,0.000000,0,0,0,0,0,0,0,0,0,0,0,50,0,3400.0,3173.9970718009863,940.191768007935,4881.229678008822,1622.0
1789926316,50,,Aggregated,25.600000,0.000000,6,6,6,7,8,9,10,10,19,19,19,867,0,6,189.54648945225196,3.0641339981229976,4881.229678008822,6575.438292964244
1789926317,50,GET,GET /api/v1/reservas,17.700000,0.000000,6,6,7,7,8,9,10,10,12,12,12,637,0,6,7.407371637526917,4.181608004728332,83.22117399075069,8965.0
1789926317,50,GET,GET /api/v1/reservas/{id},6.500000,0.000000,5,5,5,6,6,9,19,19,19,19,19,205,0,5,5.241881394914987,3.0641339981229976,19.324869994306937,442.0
1789926317,50,POST,POST /api/v1/auth/login,0.000000,0.000000,0,0,0,0,0,0,0,0,0,0,0,50,0,3400.0,3173.9970718009863,940.191768007935,4881.229678008822,1622.0
1789926317,50,,Aggregated,24.200000,0.000000,6,6,6,7,8,9,10,12,19,19,19,892,0,6,184.40911996537167,3.0641339981229976,4881.229678008822,6594.635650224215
1789926318,50,GET,GET /api/v1/reservas,18.100000,0.000000,6,6,7,7,8,9,10,10,12,12,12,655,0,6,7.363413371197268,4.181608004728332,83.22117399075069,8965.0
1789926318,50,GET,GET /api/v1/reservas/{id},6.900000,0.000000,5,5,5,6,6,9,19,19,19,19,19,209,0,5,5.233354243835875,3.0641339981229976,19.324869994306937,442.0
1789926318,50,POST,POST /api/v1/auth/login,0.000000,0.000000,0,0,0,0,0,0,0,0,0,0,0,50,0,3400.0,3173.9970718009863,940.191768007935,4881.229678008822,1622.0
1789926318,50,,Aggregated,25.000000,0.000000,6,6,7,7,8,9,10,12,19,19,19,914,0,6,180.10575534479784,3.0641339981229976,4881.229678008822,6614.390590809628
1789926319,50,GET,GET /api/v1/reservas,17.900000,0.000000,6,6,7,7,8,9,10,10,12,12,12,674,0,6,7.318733336962034,4.181608004728332,83.22117399075069,8965.0
1789926319,50,GET,GET /api/v1/reservas/{id},7.100000,0.000000,5,5,5,6,8,11,19,19,19,19,19,215,0,5,5.249954460305162,3.0641339981229976,19.324869994306937,442.0
1789926319,50,POST,POST /api/v1/auth/login,0.000000,0.000000,0,0,0,0,0,0,0,0,0,0,0,50,0,3400.0,3173.9970718009863,940.191768007935,4881.229678008822,1622.0
1789926319,50,,Aggregated,25.000000,0.000000,6,6,7,7,8,9,10,12,19,19,19,939,0,6,175.4647711055669,3.0641339981229976,4881.229678008822,6622.513312034079
1789926320,50,GET,GET /api/v1/reservas,18.200000,0.000000,6,6,7,7,8,9,11,12,17,17,17,692,0,6,7.322504374420175,4.181608004728332,83.22117399075069,8965.0
1789926320,50,GET,GET /api/v1/reservas/{id},7.000000,0.000000,5,5,6,6,8,11,19,19,19,19,19,223,0,5,5.243822847411554,3.0641339981229976,19.324869994306937,442.0
1789926320,50,POST,POST /api/v1/auth/login,0.000000,0.000000,0,0,0,0,0,0,0,0,0,0,0,50,0,3400.0,3173.9970718009863,940.191768007935,4881.229678008822,1622.0
1789926320,50,,Aggregated,25.200000,0.000000,6,6,7,7,8,9,12,17,19,19,19,965,0,6,170.91854830271592,3.0641339981229976,4881.229678008822,6614.969948186528
1789926321,50,GET,GET /api/v1/reservas,18.600000,0.000000,6,6,7,7,9,10,12,12,17,17,17,713,0,6,7.324771376022661,4.181608004728332,83.22117399075069,8965.0
1789926321,50,GET,GET /api/v1/reservas/{id},6.700000,0.000000,5,5,5,6,8,11,19,19,19,19,19,228,0,5,5.235822407708487,3.0641339981229976,19.324869994306937,442.0
1789926321,50,POST,POST /api/v1/auth/login,0.000000,0.000000,0,0,0,0,0,0,0,0,0,0,0,50,0,3400.0,3173.9970718009863,940.191768007935,4881.229678008822,1622.0
1789926321,50,,Aggregated,25.300000,0.000000,6,6,7,7,8,10,12,17,19,19,19,991,0,6,166.61572461161555,3.0641339981229976,4881.229678008822,6633.623612512613
1789926322,50,GET,GET /api/v1/reservas,18.900000,0.000000,6,6,7,7,9,10,12,12,17,17,17,734,0,6,7.293157842099395,4.181608004728332,83.22117399075069,8965.0
1789926322,50,GET,GET /api/v1/reservas/{id},6.100000,0.000000,5,5,5,6,8,11,19,19,19,19,19,229,0,5,5.236245113385304,3.0641339981229976,19.324869994306937,442.0
1789926322,50,POST,POST /api/v1/auth/login,0.000000,0.000000,0,0,0,0,0,0,0,0,0,0,0,50,0,3400.0,3173.9970718009863,940.191768007935,4881.229678008822,1622.0
1789926322,50,,Aggregated,25.000000,0.000000,6,6,7,7,8,10,12,17,19,19,19,1013,0,6,163.13142307711303,3.0641339981229976,4881.229678008822,6675.842053307009
1789926323,50,GET,GET /api/v1/reservas,18.800000,0.000000,6,6,7,7,9,10,12,17,17,17,17,756,0,6,7.272943627160405,4.181608004728332,83.22117399075069,8965.0
1789926323,50,GET,GET /api/v1/reservas/{id},6.100000,0.000000,5,5,5,6,6,8,11,11,11,11,11,232,0,5,5.230018323157404,3.0641339981229976,19.324869994306937,442.0
1789926323,50,POST,POST /api/v1/auth/login,0.000000,0.000000,0,0,0,0,0,0,0,0,0,0,0,50,0,3400.0,3173.9970718009863,940.191768007935,4881.229678008822,1622.0
1789926323,50,,Aggregated,24.900000,0.000000,6,6,7,7,8,10,12,12,17,17,17,1038,0,6,159.35603393367543,3.0641339981229976,4881.229678008822,6706.342967244701
1789926324,50,GET,GET /api/v1/reservas,18.900000,0.000000,6,6,7,7,8,10,12,17,17,17,17,777,0,6,7.234902269099216,4.181608004728332,83.22117399075069,8965.0
1789926324,50,GET,GET /api/v1/reservas/{id},6.000000,0.000000,5,5,5,6,6,8,9,11,11,11,11,238,0,5,5.210742302360737,3.0641339981229976,19.324869994306937,442.0
1789926324,50,POST,POST /api/v1/auth/login,0.000000,0.000000,0,0,0,0,0,0,0,0,0,0,0,50,0,3400.0,3173.9970718009863,940.191768007935,4881.229678008822,1622.0
1789926324,50,,Aggregated,24.900000,0.000000,6,6,7,7,8,10,12,12,17,17,17,1065,0,6,155.45683504328758,3.0641339981229976,4881.229678008822,6715.58779342723
1789926325,50,GET,GET /api/v1/reservas,19.200000,0.000000,6,6,7,7,8,10,12,17,17,17,17,789,0,6,7.214964798602797,4.181608004728332,83.22117399075069,8965.0
1789926325,50,GET,GET /api/v1/reservas/{id},5.600000,0.000000,5,5,5,5,6,6,8,11,11,11,11,248,0,5,5.194849955460673,3.0641339981229976,19.324869994306937,442.0
1789926325,50,POST,POST /api/v1/auth/login,0.000000,0.000000,0,0,0,0,0,0,0,0,0,0,0,50,0,3400.0,3173.9970718009863,940.191768007935,4881.229678008822,1622.0
1789926325,50,,Aggregated,24.800000,0.000000,6,6,6,7,8,10,12,12,17,17,17,1087,0,6,152.42022410772876,3.0641339981229976,4881.229678008822,6682.705611775529
1789926326,50,GET,GET /api/v1/reservas,19.700000,0.000000,6,6,7,7,8,10,12,17,17,17,17,806,0,6,7.20130056959953,4.181608004728332,83.22117399075069,8965.0
1789926326,50,GET,GET /api/v1/reservas/{id},4.900000,0.000000,5,5,5,5,6,6,10,11,11,11,11,255,0,5,5.207449968450009,3.0641339981229976,19.324869994306937,442.0
1789926326,50,POST,POST /api/v1/auth/login,0.000000,0.000000,0,0,0,0,0,0,0,0,0,0,0,50,0,3400.0,3173.9970718009863,940.191768007935,4881.229678008822,1622.0
1789926326,50,,Aggregated,24.600000,0.000000,6,6,7,7,8,10,12,12,17,17,17,1111,0,6,149.26372780477163,3.0641339981229976,4881.229678008822,6678.307830783078
1789926327,50,GET,GET /api/v1/reservas,20.200000,0.000000,6,6,7,7,8,10,12,17,17,17,17,823,0,6,7.1772558907312,4.181608004728332,83.22117399075069,8965.0
1789926327,50,GET,GET /api/v1/reservas/{id},5.400000,0.000000,5,5,5,5,6,6,10,11,11,11,11,266,0,5,5.177633123876285,3.0641339981229976,19.324869994306937,442.0
1789926327,50,POST,POST /api/v1/auth/login,0.000000,0.000000,0,0,0,0,0,0,0,0,0,0,0,50,0,3400.0,3173.9970718009863,940.191768007935,4881.229678008822,1622.0
1789926327,50,,Aggregated,25.600000,0.000000,6,6,6,7,8,10,12,12,17,17,17,1139,0,6,145.7278187875963,3.0641339981229976,4881.229678008822,6652.209833187007
1789926328,50,GET,GET /api/v1/reservas,19.100000,0.000000,6,7,7,7,8,11,12,17,17,17,17,837,0,6,7.1694768280661005,4.181608004728332,83.22117399075069,8965.0
1789926328,50,GET,GET /api/v1/reservas/{id},5.700000,0.000000,5,5,5,5,6,6,6,10,10,10,10,272,0,5,5.176776293945509,3.0641339981229976,19.324869994306937,442.0
1789926328,50,POST,POST /api/v1/auth/login,0.000000,0.000000,0,0,0,0,0,0,0,0,0,0,0,50,0,3400.0,3173.9970718009863,940.191768007935,4881.229678008822,1622.0
1789926328,50,,Aggregated,24.800000,0.000000,6,6,7,7,8,10,12,12,17,17,17,1159,0,6,143.32078416487818,3.0641339981229976,4881.229678008822,6647.9974115616915
1789926329,50,GET,GET /api/v1/reservas,19.200000,0.000000,6,7,7,7,8,11,12,17,17,17,17,855,0,6,7.148777015322727,4.181608004728332,83.22117399075069,8965.0
1789926329,50,GET,GET /api/v1/reservas/{id},5.700000,0.000000,5,5,5,5,6,6,6,10,10,10,10,278,0,5,5.170352953113866,3.0641339981229976,19.324869994306937,442.0
1789926329,50,POST,POST /api/v1/auth/login,0.000000,0.000000,0,0,0,0,0,0,0,0,0,0,0,50,0,3400.0,3173.9970718009863,940.191768007935,4881.229678008822,1622.0
1789926329,50,,Aggregated,24.900000,0.000000,6,6,7,7,8,10,12,12,17,17,17,1183,0,6,140.53205076848343,3.0641339981229976,4881.229678008822,6651.775993237532
1789926330,50,GET,GET /api/v1/reservas,18.900000,0.000000,6,6,7,7,8,10,12,14,17,17,17,872,0,6,7.144618072418054,4.181608004728332,83.22117399075069,8965.0
1789926330,50,GET,GET /api/v1/reservas/{id},6.200000,0.000000,5,5,5,6,6,6,7,10,10,10,10,287,0,5,5.187123449367571,3.0641339981229976,19.324869994306937,442.0
1789926330,50,POST,POST /api/v1/auth/login,0.000000,0.000000,0,0,0,0,0,0,0,0,0,0,0,50,0,3400.0,3173.9970718009863,940.191768007935,4881.229678008822,1622.0
1789926330,50,,Aggregated,25.100000,0.000000,6,6,6,7,8,10,12,12,17,17,17,1209,0,6,137.64984696374387,3.0641339981229976,4881.229678008822,6638.076095947064
1789926331,50,GET,GET /api/v1/reservas,17.700000,0.000000,6,6,7,7,7,8,11,14,17,17,17,889,0,6,7.114681169988862,4.181608004728332,83.22117399075069,8965.0
1789926331,50,GET,GET /api/v1/reservas/{id},6.100000,0.000000,5,5,5,6,6,6,7,10,10,10,10,294,0,5,5.18158362579665,3.0641339981229976,19.324869994306937,442.0
1789926331,50,POST,POST /api/v1/auth/login,0.000000,0.000000,0,0,0,0,0,0,0,0,0,0,0,50,0,3400.0,3173.9970718009863,940.191768007935,4881.229678008822,1622.0
1789926331,50,,Aggregated,23.800000,0.000000,6,6,6,7,7,8,10,12,17,17,17,1233,0,6,135.07558048349847,3.0641339981229976,4881.229678008822,6634.982157339821
1789926332,50,GET,GET /api/v1/reservas,17.900000,0.000000,6,6,7,7,8,8,11,14,17,17,17,907,0,6,7.099483438988002,4.181608004728332,83.22117399075069,8965.0
1789926332,50,GET,GET /api/v1/reservas/{id},6.500000,0.000000,5,5,6,6,6,6,7,10,10,10,10,301,0,5,5.185997255865494,3.0641339981229976,19.324869994306937,442.0
1789926332,50,POST,POST /api/v1/auth/login,0.000000,0.000000,0,0,0,0,0,0,0,0,0,0,0,50,0,3400.0,3173.9970718009863,940.191768007935,4881.229678008822,1622.0
1789926332,50,,Aggregated,24.400000,0.000000,6,6,6,7,7,8,10,12,17,17,17,1258,0,6,132.5119795256176,3.0641339981229976,4881.229678008822,6633.860890302067
1789926333,50,GET,GET /api/v1/reservas,17.800000,0.000000,6,6,7,7,7,8,11,12,14,14,14,934,0,6,7.0665287014634925,4.181608004728332,83.22117399075069,8965.0
1789926333,50,GET,GET /api/v1/reservas/{id},6.500000,0.000000,5,5,6,6,6,6,7,10,10,10,10,306,0,5,5.177396522947888,3.0641339981229976,19.324869994306937,442.0
1789926333,50,POST,POST /api/v1/auth/login,0.000000,0.000000,0,0,0,0,0,0,0,0,0,0,0,50,0,3400.0,3173.9970718009863,940.191768007935,4881.229678008822,1622.0
1789926333,50,,Aggregated,24.300000,0.000000,6,6,6,7,7,8,10,11,14,14,14,1290,0,6,129.36765483196766,3.0641339981229976,4881.229678008822,6658.652713178295
1789926334,50,GET,GET /api/v1/reservas,17.700000,0.000000,6,6,7,7,8,8,11,12,14,14,14,946,0,6,7.05237816293782,4.181608004728332,83.22117399075069,8965.0
1789926334,50,GET,GET /api/v1/reservas/{id},6.700000,0.000000,5,5,6,6,6,7,8,10,10,10,10,311,0,5,5.186843131897205,3.0641339981229976,19.324869994306937,442.0
1789926334,50,POST,POST /api/v1/auth/login,0.000000,0.000000,0,0,0,0,0,0,0,0,0,0,0,50,0,3400.0,3173.9970718009863,940.191768007935,4881.229678008822,1622.0
1789926334,50,,Aggregated,24.400000,0.000000,6,6,6,7,7,8,10,11,14,14,14,1307,0,6,127.76167677598204,3.0641339981229976,4881.229678008822,6656.045906656465
1789926335,50,GET,GET /api/v1/reservas,17.700000,0.000000,6,6,7,7,8,9,11,12,14,14,14,969,0,6,7.0286549093790205,4.181608004728332,83.22117399075069,8965.0
1789926335,50,GET,GET /api/v1/reservas/{id},7.100000,0.000000,5,5,5,6,6,7,8,10,10,10,10,320,0,5,5.163719534448319,3.0641339981229976,19.324869994306937,442.0
1789926335,50,POST,POST /api/v1/auth/login,0.000000,0.000000,0,0,0,0,0,0,0,0,0,0,0,50,0,3400.0,3173.9970718009863,940.191768007935,4881.229678008822,1622.0
1789926335,50,,Aggregated,24.800000,0.000000,6,6,6,7,7,8,10,11,14,14,14,1339,0,6,124.84168069324947,3.0641339981229976,4881.229678008822,6653.939507094847
1789926336,50,GET,GET /api/v1/reservas,17.800000,0.000000,6,6,7,7,8,9,10,11,14,14,14,983,0,6,7.013241398959001,4.181608004728332,83.22117399075069,8965.0
1789926336,50,GET,GET /api/v1/reservas/{id},7.400000,0.000000,5,5,6,6,6,7,8,8,8,8,8,332,0,5,5.172709972853282,3.0641339981229976,19.324869994306937,442.0
1789926336,50,POST,POST /api/v1/auth/login,0.000000,0.000000,0,0,0,0,0,0,0,0,0,0,0,50,0,3400.0,3173.9970718009863,940.191768007935,4881.229678008822,1622.0
1789926336,50,,Aggregated,25.200000,0.000000,6,6,6,7,7,8,10,11,14,14,14,1365,0,6,122.5723147225006,3.0641339981229976,4881.229678008822,6623.032234432235
1789926337,50,GET,GET /api/v1/reservas,17.100000,0.000000,6,6,7,7,8,9,11,11,14,14,14,1001,0,6,7.008822223931722,4.181608004728332,83.22117399075069,8965.0
1789926337,50,GET,GET /api/v1/reservas/{id},7.600000,0.000000,5,5,6,6,6,7,8,8,8,8,8,339,0,5,5.176862755044814,3.0641339981229976,19.324869994306937,442.0
1789926337,50,POST,POST /api/v1/auth/login,0.000000,0.000000,0,0,0,0,0,0,0,0,0,0,0,50,0,3400.0,3173.9970718009863,940.191768007935,4881.229678008822,1622.0
1789926337,50,,Aggregated,24.700000,0.000000,6,6,6,7,7,8,10,11,14,14,14,1390,0,6,120.48247561882386,3.0641339981229976,4881.229678008822,6622.232374100719
1789926338,50,GET,GET /api/v1/reservas,18.000000,0.000000,6,6,7,7,8,9,11,12,14,14,14,1022,0,6,7.0098875979513595,4.181608004728332,83.22117399075069,8965.0
1789926338,50,GET,GET /api/v1/reservas/{id},7.400000,0.000000,5,6,6,6,7,7,8,10,10,10,10,344,0,5,5.2014187179359626,3.0641339981229976,19.324869994306937,442.0
1789926338,50,POST,POST /api/v1/auth/login,0.000000,0.000000,0,0,0,0,0,0,0,0,0,0,0,50,0,3400.0,3173.9970718009863,940.191768007935,4881.229678008822,1622.0
1789926338,50,,Aggregated,25.400000,0.000000,6,6,7,7,8,9,10,11,14,14,14,1416,0,6,118.39918556082314,3.0641339981229976,4881.229678008822,6635.15395480226
1789926339,50,GET,GET /api/v1/reservas,17.500000,0.000000,6,6,7,7,8,9,11,12,14,14,14,1038,0,6,7.01069512146212,4.181608004728332,83.22117399075069,8965.0
1789926339,50,GET,GET /api/v1/reservas/{id},7.700000,0.000000,5,5,6,6,7,8,8,10,10,10,10,352,0,5,5.194255048164368,3.0641339981229976,19.324869994306937,442.0
1789926339,50,POST,POST /api/v1/auth/login,0.000000,0.000000,0,0,0,0,0,0,0,0,0,0,0,50,0,3400.0,3173.9970718009863,940.191768007935,4881.229678008822,1622.0
1789926339,50,,Aggregated,25.200000,0.000000,6,6,7,7,8,9,11,12,14,14,14,1440,0,6,116.53148118269503,3.0641339981229976,4881.229678008822,6626.634722222222
1789926340,50,GET,GET /api/v1/reservas,17.900000,0.000000,6,6,7,7,8,9,11,12,12,12,12,1059,0,6,6.9877807602184765,4.181608004728332,83.22117399075069,8965.0
1789926340,50,GET,GET /api/v1/reservas/{id},7.200000,0.000000,5,5,6,6,7,8,8,10,10,10,10,359,0,5,5.184839228270277,3.0641339981229976,19.324869994306937,442.0
1789926340,50,POST,POST /api/v1/auth/login,0.000000,0.000000,0,0,0,0,0,0,0,0,0,0,0,50,0,3400.0,3173.9970718009863,940.191768007935,4881.229678008822,1622.0
1789926340,50,,Aggregated,25.100000,0.000000,6,6,7,7,8,9,10,11,12,12,12,1468,0,6,114.41503453546983,3.0641339981229976,4881.229678008822,6630.594686648501
1789926341,50,GET,GET /api/v1/reservas,18.300000,0.000000,6,6,7,7,8,9,11,12,12,12,12,1076,0,6,6.977513467557174,4.181608004728332,83.22117399075069,8965.0
1789926341,50,GET,GET /api/v1/reservas/{id},7.200000,0.000000,5,5,6,6,7,8,8,10,10,10,10,363,0,5,5.188236983342882,3.0641339981229976,19.324869994306937,442.0
1789926341,50,POST,POST /api/v1/auth/login,0.000000,0.000000,0,0,0,0,0,0,0,0,0,0,0,50,0,3400.0,3173.9970718009863,940.191768007935,4881.229678008822,1622.0
1789926341,50,,Aggregated,25.500000,0.000000,6,6,7,7,8,9,11,11,12,12,12,1489,0,6,112.88850779455628,3.0641339981229976,4881.229678008822,6640.621893888516
1789926342,50,GET,GET /api/v1/reservas,18.200000,0.000000,6,7,7,7,8,9,11,12,12,12,12,1097,0,6,6.9710341240377005,4.181608004728332,83.22117399075069,8965.0
1789926342,50,GET,GET /api/v1/reservas/{id},7.200000,0.000000,5,5,6,6,7,8,8,10,10,10,10,370,0,5,5.191985302607881,3.0641339981229976,19.324869994306937,442.0
1789926342,50,POST,POST /api/v1/auth/login,0.000000,0.000000,0,0,0,0,0,0,0,0,0,0,0,50,0,3400.0,3173.9970718009863,940.191768007935,4881.229678008822,1622.0
1789926342,50,,Aggregated,25.400000,0.000000,6,6,7,7,8,9,11,11,12,12,12,1517,0,6,110.92162991831482,3.0641339981229976,4881.229678008822,6644.195781147001
1789926343,50,GET,GET /api/v1/reservas,18.800000,0.000000,6,7,7,7,8,9,11,12,12,12,12,1111,0,6,6.958614363727804,4.181608004728332,83.22117399075069,8965.0
1789926343,50,GET,GET /api/v1/reservas/{id},7.000000,0.000000,5,5,6,6,7,7,8,10,10,10,10,372,0,5,5.1903439380894465,3.0641339981229976,19.324869994306937,442.0
1789926343,50,POST,POST /api/v1/auth/login,0.000000,0.000000,0,0,0,0,0,0,0,0,0,0,0,50,0,3400.0,3173.9970718009863,940.191768007935,4881.229678008822,1622.0
1789926343,50,,Aggregated,25.800000,0.000000,6,6,7,7,8,9,10,11,12,12,12,1533,0,6,109.82497201116776,3.0641339981229976,4881.229678008822,6657.298760600131
1789926344,50,GET,GET /api/v1/reservas,18.200000,0.000000,6,6,7,7,8,9,11,12,12,12,12,1135,0,6,6.922496855605111,4.075849006767385,83.22117399075069,8965.0
1789926344,50,GET,GET /api/v1/reservas/{id},6.700000,0.000000,5,5,6,6,7,7,8,10,10,10,10,380,0,5,5.166625020961203,3.0641339981229976,19.324869994306937,442.0
1789926344,50,POST,POST /api/v1/auth/login,0.000000,0.000000,0,0,0,0,0,0,0,0,0,0,0,50,0,3400.0,3173.9970718009863,940.191768007935,4881.229678008822,1622.0
1789926344,50,,Aggregated,24.900000,0.000000,6,6,7,7,8,9,10,11,12,12,12,1565,0,6,107.68064219113506,3.0641339981229976,4881.229678008822,6660.916932907348
1789926345,50,GET,GET /api/v1/reservas,18.700000,0.000000,6,6,7,7,8,9,11,12,12,12,12,1153,0,6,6.907748767645389,4.075849006767385,83.22117399075069,8965.0
1789926345,50,GET,GET /api/v1/reservas/{id},6.900000,0.000000,5,5,6,6,7,7,8,10,10,10,10,386,0,5,5.151467025792709,3.0641339981229976,19.324869994306937,442.0
1789926345,50,POST,POST /api/v1/auth/login,0.000000,0.000000,0,0,0,0,0,0,0,0,0,0,0,50,0,3400.0,3173.9970718009863,940.191768007935,4881.229678008822,1622.0
1789926345,50,,Aggregated,25.600000,0.000000,6,6,7,7,8,9,10,11,12,12,12,1589,0,6,106.13779370113306,3.0641339981229976,4881.229678008822,6663.534927627438
1789926346,50,GET,GET /api/v1/reservas,17.700000,0.000000,6,6,7,7,8,9,11,12,12,12,12,1175,0,6,6.891557238426337,4.075849006767385,83.22117399075069,8965.0
1789926346,50,GET,GET /api/v1/reservas/{id},6.800000,0.000000,5,5,6,6,7,8,9,10,10,10,10,392,0,5,5.164505191195141,3.0641339981229976,19.324869994306937,442.0
1789926346,50,POST,POST /api/v1/auth/login,0.000000,0.000000,0,0,0,0,0,0,0,0,0,0,0,50,0,3400.0,3173.9970718009863,940.191768007935,4881.229678008822,1622.0
1789926346,50,,Aggregated,24.500000,0.000000,6,6,7,7,8,9,10,11,12,12,12,1617,0,6,104.40440283249768,3.0641339981229976,4881.229678008822,6671.761904761905
1789926347,50,GET,GET /api/v1/reservas,18.500000,0.000000,6,6,7,7,8,9,9,11,12,12,12,1191,0,6,6.8859397625280065,4.075849006767385,83.22117399075069,8965.0
1789926347,50,GET,GET /api/v1/reservas/{id},6.700000,0.000000,5,5,6,6,7,8,9,10,10,10,10,396,0,5,5.178672065526233,3.0641339981229976,19.324869994306937,442.0
1789926347,50,POST,POST /api/v1/auth/login,0.000000,0.000000,0,0,0,0,0,0,0,0,0,0,0,50,0,3400.0,3173.9970718009863,940.191768007935,4881.229678008822,1622.0
1789926347,50,,Aggregated,25.200000,0.000000,6,6,7,7,8,9,9,10,12,12,12,1637,0,6,103.20816248330395,3.0641339981229976,4881.229678008822,6678.9535736102625
1789926348,50,GET,GET /api/v1/reservas,18.300000,0.000000,6,6,7,7,8,8,9,11,12,12,12,1212,0,6,6.86753764205638,4.075849006767385,83.22117399075069,8965.0
1789926348,50,GET,GET /api/v1/reservas/{id},6.500000,0.000000,5,5,5,6,7,8,9,10,10,10,10,403,0,5,5.173599064413969,3.0641339981229976,19.324869994306937,442.0
1789926348,50,POST,POST /api/v1/auth/login,0.000000,0.000000,0,0,0,0,0,0,0,0,0,0,0,50,0,3400.0,3173.9970718009863,940.191768007935,4881.229678008822,1622.0
1789926348,50,,Aggregated,24.800000,0.000000,6,6,6,7,7,8,9,10,12,12,12,1665,0,6,101.5665283094177,3.0641339981229976,4881.229678008822,6681.565165165165
1789926349,50,GET,GET /api/v1/reservas,19.400000,0.000000,6,6,7,7,8,8,9,10,10,10,10,1227,0,6,6.863425740940472,4.075849006767385,83.22117399075069,8965.0
1789926349,50,GET,GET /api/v1/reservas/{id},5.900000,0.000000,5,5,5,6,7,7,9,10,10,10,10,409,0,5,5.1590924082289185,3.0641339981229976,19.324869994306937,442.0
1789926349,50,POST,POST /api/v1/auth/login,0.000000,0.000000,0,0,0,0,0,0,0,0,0,0,0,50,0,3400.0,3173.9970718009863,940.191768007935,4881.229678008822,1622.0
1789926349,50,,Aggregated,25.300000,0.000000,6,6,6,7,7,8,9,10,10,10,10,1686,0,6,100.37446368276922,3.0641339981229976,4881.229678008822,6679.675563463819
1789926350,50,GET,GET /api/v1/reservas,18.400000,0.000000,6,6,7,7,7,8,9,10,10,10,10,1245,0,6,6.84598488525121,4.075849006767385,83.22117399075069,8965.0
1789926350,50,GET,GET /api/v1/reservas/{id},5.800000,0.000000,5,5,5,6,7,7,9,10,10,10,10,414,0,5,5.156003340436506,3.0641339981229976,19.324869994306937,442.0
1789926350,50,POST,POST /api/v1/auth/login,0.000000,0.000000,0,0,0,0,0,0,0,0,0,0,0,50,0,3400.0,3173.9970718009863,940.191768007935,4881.229678008822,1622.0
1789926350,50,,Aggregated,24.200000,0.000000,6,6,6,7,7,8,9,10,10,10,10,1709,0,6,99.09753666186529,3.0641339981229976,4881.229678008822,6685.496196606203
1789926351,50,GET,GET /api/v1/reservas,19.100000,0.000000,6,6,7,7,7,8,9,10,10,10,10,1267,0,6,6.832753679656384,4.075849006767385,83.22117399075069,8965.0
1789926351,50,GET,GET /api/v1/reservas/{id},5.900000,0.000000,5,5,5,6,7,7,9,10,10,10,10,416,0,5,5.158764069584811,3.0641339981229976,19.324869994306937,442.0
1789926351,50,POST,POST /api/v1/auth/login,0.000000,0.000000,0,0,0,0,0,0,0,0,0,0,0,50,0,3400.0,3173.9970718009863,940.191768007935,4881.229678008822,1622.0
1789926351,50,,Aggregated,25.000000,0.000000,6,6,6,7,7,8,9,10,10,10,10,1733,0,6,97.80900078195108,3.0641339981229976,4881.229678008822,6707.228505481823
1789926352,50,GET,GET /api/v1/reservas,18.800000,0.000000,6,6,7,7,7,8,9,10,10,10,10,1290,0,6,6.821449815583065,4.075849006767385,83.22117399075069,8965.0
1789926352,50,GET,GET /api/v1/reservas/{id},5.700000,0.000000,5,5,5,6,7,8,9,10,10,10,10,427,0,5,5.1497528266103885,3.0641339981229976,19.324869994306937,442.0
1789926352,50,POST,POST /api/v1/auth/login,0.000000,0.000000,0,0,0,0,0,0,0,0,0,0,0,50,0,3400.0,3173.9970718009863,940.191768007935,4881.229678008822,1622.0
1789926352,50,,Aggregated,24.500000,0.000000,6,6,6,7,7,8,9,10,10,10,10,1767,0,6,96.03761647374878,3.0641339981229976,4881.229678008822,6697.6140350877195
1789926353,50,GET,GET /api/v1/reservas,18.800000,0.000000,6,6,7,7,8,10,10,11,12,12,12,1310,0,6,6.839209971065235,4.075849006767385,83.22117399075069,8965.0
1789926353,50,GET,GET /api/v1/reservas/{id},5.400000,0.000000,5,5,5,6,7,8,9,10,10,10,10,429,0,5,5.152832372884737,3.0641339981229976,19.324869994306937,442.0
1789926353,50,POST,POST /api/v1/auth/login,0.000000,0.000000,0,0,0,0,0,0,0,0,0,0,0,50,0,3400.0,3173.9970718009863,940.191768007935,4881.229678008822,1622.0
1789926353,50,,Aggregated,24.200000,0.000000,6,6,7,7,8,9,10,10,12,12,12,1789,0,6,94.95236654002925,3.0641339981229976,4881.229678008822,6715.968697596422
1789926354,50,GET,GET /api/v1/reservas,19.500000,0.000000,6,7,7,8,10,12,17,22,35,35,35,1322,0,6,6.92659475194576,4.075849006767385,83.22117399075069,8965.0
1789926354,50,GET,GET /api/v1/reservas/{id},5.500000,0.000000,5,6,7,8,10,15,16,24,24,24,24,437,0,5,5.290129734522895,3.0641339981229976,23.998894001124427,442.0
1789926354,50,POST,POST /api/v1/auth/login,0.000000,0.000000,0,0,0,0,0,0,0,0,0,0,0,50,0,3400.0,3173.9970718009863,940.191768007935,4881.229678008822,1622.0
1789926354,50,,Aggregated,25.000000,0.000000,6,7,7,8,10,13,17,22,35,35,35,1809,0,6,94.06777144616258,3.0641339981229976,4881.229678008822,6703.1420674405745
1789926355,50,GET,GET /api/v1/reservas,19.200000,0.000000,6,7,8,9,13,17,20,31,35,35,35,1343,0,6,7.032757239070897,4.075849006767385,83.22117399075069,8965.0
1789926355,50,GET,GET /api/v1/reservas/{id},5.600000,0.000000,6,7,8,9,14,16,17,24,24,24,24,445,0,5,5.383744262900528,3.0641339981229976,23.998894001124427,442.0
1789926355,50,POST,POST /api/v1/auth/login,0.000000,0.000000,0,0,0,0,0,0,0,0,0,0,0,50,0,3400.0,3173.9970718009863,940.191768007935,4881.229678008822,1622.0
1789926355,50,,Aggregated,24.800000,0.000000,6,7,8,9,13,16,20,24,35,35,35,1838,0,6,92.78596994511004,3.0641339981229976,4881.229678008822,6701.732861806311
1789926356,50,GET,GET /api/v1/reservas,19.500000,0.000000,6,8,9,10,14,18,20,31,35,35,35,1359,0,6,7.073804528330901,4.075849006767385,83.22117399075069,8965.0
1789926356,50,GET,GET /api/v1/reservas/{id},5.600000,0.000000,6,7,8,9,15,16,17,24,24,24,24,452,0,5,5.434454221173346,3.0641339981229976,23.998894001124427,442.0
1789926356,50,POST,POST /api/v1/auth/login,0.000000,0.000000,0,0,0,0,0,0,0,0,0,0,0,50,0,3400.0,3173.9970718009863,940.191768007935,4881.229678008822,1622.0
1789926356,50,,Aggregated,25.100000,0.000000,6,8,9,10,14,17,20,24,35,35,35,1861,0,6,91.76223925417591,3.0641339981229976,4881.229678008822,6697.645889306824
1789926357,50,GET,GET /api/v1/reservas,18.900000,0.000000,6,8,9,10,14,18,20,31,35,35,35,1381,0,6,7.061532815355807,4.075849006767385,83.22117399075069,8965.0
1789926357,50,GET,GET /api/v1/reservas/{id},5.900000,0.000000,6,7,8,9,15,16,17,24,24,24,24,457,0,5,5.424909078684448,3.0641339981229976,23.998894001124427,442.0
1789926357,50,POST,POST /api/v1/auth/login,0.000000,0.000000,0,0,0,0,0,0,0,0,0,0,0,50,0,3400.0,3173.9970718009863,940.191768007935,4881.229678008822,1622.0
1789926357,50,,Aggregated,24.800000,0.000000,6,8,9,10,14,17,20,24,35,35,35,1888,0,6,90.53549462765598,3.0641339981229976,4881.229678008822,6707.499470338983
1789926358,50,GET,GET /api/v1/reservas,18.900000,0.000000,6,8,10,10,14,18,20,31,35,35,35,1395,0,6,7.047248116129421,4.075849006767385,83.22117399075069,8965.0
1789926358,50,GET,GET /api/v1/reservas/{id},5.900000,0.000000,5,7,8,9,14,16,17,24,24,24,24,467,0,5,5.39963343031146,3.0641339981229976,23.998894001124427,442.0
1789926358,50,POST,POST /api/v1/auth/login,0.000000,0.000000,0,0,0,0,0,0,0,0,0,0,0,50,0,3400.0,3173.9970718009863,940.191768007935,4881.229678008822,1622.0
1789926358,50,,Aggregated,24.800000,0.000000,6,8,9,10,14,17,20,24,35,35,35,1912,0,6,89.46254891422872,3.0641339981229976,4881.229678008822,6691.259937238494
1789926359,50,GET,GET /api/v1/reservas,18.500000,0.000000,7,8,10,10,14,18,20,31,35,35,35,1413,0,6,7.045460010612461,4.075849006767385,83.22117399075069,8965.0
1789926359,50,GET,GET /api/v1/reservas/{id},5.900000,0.000000,6,7,8,9,14,16,17,24,24,24,24,472,0,5,5.413082785939184,3.0641339981229976,23.998894001124427,442.0
1789926359,50,POST,POST /api/v1/auth/login,0.000000,0.000000,0,0,0,0,0,0,0,0,0,0,0,50,0,3400.0,3173.9970718009863,940.191768007935,4881.229678008822,1622.0
1789926359,50,,Aggregated,24.400000,0.000000,6,8,9,10,14,17,20,24,35,35,35,1935,0,6,88.4806530542677,3.0641339981229976,4881.229678008822,6696.263049095607
1789926360,50,GET,GET /api/v1/reservas,19.400000,0.000000,7,8,10,10,14,18,20,31,35,35,35,1437,0,6,7.025696263714109,4.075849006767385,83.22117399075069,8965.0
1789926360,50,GET,GET /api/v1/reservas/{id},5.900000,0.000000,6,7,8,9,14,16,17,24,24,24,24,477,0,5,5.408576865747875,3.0641339981229976,23.998894001124427,442.0
1789926360,50,POST,POST /api/v1/auth/login,0.000000,0.000000,0,0,0,0,0,0,0,0,0,0,0,50,0,3400.0,3173.9970718009863,940.191768007935,4881.229678008822,1622.0
1789926360,50,,Aggregated,25.300000,0.000000,6,8,9,10,14,17,20,24,35,35,35,1964,0,6,87.25848792564574,3.0641339981229976,4881.229678008822,6708.064663951121
1789926361,50,GET,GET /api/v1/reservas,18.100000,0.000000,7,8,10,11,14,18,20,31,35,35,35,1449,0,6,7.027162189766208,4.075849006767385,83.22117399075069,8965.0
1789926361,50,GET,GET /api/v1/reservas/{id},6.400000,0.000000,6,7,8,9,14,16,17,24,24,24,24,482,0,5,5.405797369254529,3.0641339981229976,23.998894001124427,442.0
1789926361,50,POST,POST /api/v1/auth/login,0.000000,0.000000,0,0,0,0,0,0,0,0,0,0,0,50,0,3400.0,3173.9970718009863,940.191768007935,4881.229678008822,1622.0
1789926361,50,,Aggregated,24.500000,0.000000,7,8,9,10,14,17,20,24,35,35,35,1981,0,6,86.56628265270128,3.0641339981229976,4881.229678008822,6705.920747097425
1789926362,50,GET,GET /api/v1/reservas,19.300000,0.000000,7,8,10,11,14,18,20,31,35,35,35,1469,0,6,7.012457444525192,4.075849006767385,83.22117399075069,8965.0
1789926362,50,GET,GET /api/v1/reservas/{id},6.300000,0.000000,5,7,8,9,14,16,17,24,24,24,24,489,0,5,5.40400719014663,3.0641339981229976,23.998894001124427,442.0
1789926362,50,POST,POST /api/v1/auth/login,0.000000,0.000000,0,0,0,0,0,0,0,0,0,0,0,50,0,3400.0,3173.9970718009863,940.191768007935,4881.229678008822,1622.0
1789926362,50,,Aggregated,25.600000,0.000000,7,8,9,10,14,17,20,24,35,35,35,2008,0,6,85.47993679882397,3.0641339981229976,4881.229678008822,6706.585159362549
1789926363,50,GET,GET /api/v1/reservas,18.700000,0.000000,7,8,9,10,14,18,20,31,35,35,35,1488,0,6,7.0089675094398745,4.075849006767385,83.22117399075069,8965.0
1789926363,50,GET,GET /api/v1/reservas/{id},6.400000,0.000000,5,7,8,9,15,16,17,24,24,24,24,491,0,5,5.396547425638357,3.0641339981229976,23.998894001124427,442.0
1789926363,50,POST,POST /api/v1/auth/login,0.000000,0.000000,0,0,0,0,0,0,0,0,0,0,0,50,0,3400.0,3173.9970718009863,940.191768007935,4881.229678008822,1622.0
1789926363,50,,Aggregated,25.100000,0.000000,6,8,9,10,14,17,20,24,35,35,35,2029,0,6,84.6618541301549,3.0641339981229976,4881.229678008822,6721.558403154263
1789926364,50,GET,GET /api/v1/reservas,18.100000,0.000000,6,7,8,9,12,14,19,19,20,20,20,1509,0,6,7.013199283681471,4.075849006767385,83.22117399075069,8965.0
1789926364,50,GET,GET /api/v1/reservas/{id},6.700000,0.000000,5,5,6,7,9,16,16,17,17,17,17,498,0,5,5.388615142520616,3.0641339981229976,23.998894001124427,442.0
1789926364,50,POST,POST /api/v1/auth/login,0.000000,0.000000,0,0,0,0,0,0,0,0,0,0,0,50,0,3400.0,3173.9970718009863,940.191768007935,4881.229678008822,1622.0
1789926364,50,,Aggregated,24.800000,0.000000,6,7,8,8,11,15,18,19,20,20,20,2057,0,6,83.6005355615459,3.0641339981229976,4881.229678008822,6723.092367525523
1789926365,50,GET,GET /api/v1/reservas,18.200000,0.000000,6,7,7,8,9,12,14,19,20,20,20,1525,0,6,7.007168326622303,4.075849006767385,83.22117399075069,8965.0
1789926365,50,GET,GET /api/v1/reservas/{id},6.200000,0.000000,5,5,5,6,6,8,14,16,16,16,16,508,0,5,5.377347411392587,3.0641339981229976,23.998894001124427,442.0
1789926365,50,POST,POST /api/v1/auth/login,0.000000,0.000000,0,0,0,0,0,0,0,0,0,0,0,50,0,3400.0,3173.9970718009863,940.191768007935,4881.229678008822,1622.0
1789926365,50,,Aggregated,24.400000,0.000000,6,7,7,7,9,12,14,16,20,20,20,2083,0,6,82.62961006871616,3.0641339981229976,4881.229678008822,6710.158905424868
1789926366,50,GET,GET /api/v1/reservas,18.200000,0.000000,6,7,7,7,8,10,12,14,15,15,15,1548,0,6,7.006113120862036,4.075849006767385,83.22117399075069,8965.0
1789926366,50,GET,GET /api/v1/reservas/{id},6.300000,0.000000,5,5,5,6,6,7,11,14,14,14,14,514,0,5,5.391598844349001,3.0641339981229976,23.998894001124427,442.0
1789926366,50,POST,POST /api/v1/auth/login,0.000000,0.000000,0,0,0,0,0,0,0,0,0,0,0,50,0,3400.0,3173.9970718009863,940.191768007935,4881.229678008822,1622.0
1789926366,50,,Aggregated,24.500000,0.000000,6,6,7,7,8,10,12,14,15,15,15,2112,0,6,81.58929853557724,3.0641339981229976,4881.229678008822,6716.907196969697
1789926367,50,GET,GET /api/v1/reservas,18.600000,0.000000,6,7,7,8,9,10,12,14,15,15,15,1566,0,6,7.005406290608013,4.075849006767385,83.22117399075069,8965.0
1789926367,50,GET,GET /api/v1/reservas/{id},5.900000,0.000000,5,5,5,6,6,8,11,14,14,14,14,519,0,5,5.394636132943476,3.0641339981229976,23.998894001124427,442.0
1789926367,50,POST,POST /api/v1/auth/login,0.000000,0.000000,0,0,0,0,0,0,0,0,0,0,0,50,0,3400.0,3173.9970718009863,940.191768007935,4881.229678008822,1622.0
1789926367,50,,Aggregated,24.500000,0.000000,6,7,7,7,8,10,12,14,15,15,15,2135,0,6,80.78226510264128,3.0641339981229976,4881.229678008822,6721.165339578454
1789926368,50,GET,GET /api/v1/reservas,18.400000,0.000000,6,7,7,8,8,10,12,14,15,15,15,1583,0,6,6.998843517437146,4.075849006767385,83.22117399075069,8965.0
1789926368,50,GET,GET /api/v1/reservas/{id},6.200000,0.000000,5,5,6,6,6,8,11,14,14,14,14,526,0,5,5.392716671123272,3.0641339981229976,23.998894001124427,442.0
1789926368,50,POST,POST /api/v1/auth/login,0.000000,0.000000,0,0,0,0,0,0,0,0,0,0,0,50,0,3400.0,3173.9970718009863,940.191768007935,4881.229678008822,1622.0
1789926368,50,,Aggregated,24.600000,0.000000,6,7,7,7,8,10,12,14,15,15,15,2159,0,6,79.9516405035494,3.0641339981229976,4881.229678008822,6718.474756831866
1789926369,50,GET,GET /api/v1/reservas,18.500000,0.000000,6,7,7,8,9,10,12,13,15,15,15,1602,0,6,6.997466224167463,4.075849006767385,83.22117399075069,8965.0
1789926369,50,GET,GET /api/v1/reservas/{id},6.200000,0.000000,5,5,6,6,6,8,8,11,11,11,11,529,0,5,5.392151848753714,3.0641339981229976,23.998894001124427,442.0
1789926369,50,POST,POST /api/v1/auth/login,0.000000,0.000000,0,0,0,0,0,0,0,0,0,0,0,50,0,3400.0,3173.9970718009863,940.191768007935,4881.229678008822,1622.0
1789926369,50,,Aggregated,24.700000,0.000000,6,7,7,7,8,9,12,12,15,15,15,2181,0,6,79.21239927058977,3.0641339981229976,4881.229678008822,6729.412196240257
1789926370,50,GET,GET /api/v1/reservas,18.200000,0.000000,7,7,7,8,9,9,12,13,15,15,15,1622,0,6,6.995193685666783,4.075849006767385,83.22117399075069,8965.0
1789926370,50,GET,GET /api/v1/reservas/{id},6.700000,0.000000,5,5,6,6,8,8,8,11,11,11,11,535,0,5,5.406608084128586,3.0641339981229976,23.998894001124427,442.0
1789926370,50,POST,POST /api/v1/auth/login,0.000000,0.000000,0,0,0,0,0,0,0,0,0,0,0,50,0,3400.0,3173.9970718009863,940.191768007935,4881.229678008822,1622.0
1789926370,50,,Aggregated,24.900000,0.000000,6,7,7,7,8,9,11,12,15,15,15,2207,0,6,78.35912690222457,3.0641339981229976,4881.229678008822,6732.578160398732
1789926371,50,GET,GET /api/v1/reservas,18.800000,0.000000,6,7,7,8,9,9,12,13,15,15,15,1642,0,6,6.987161321068369,4.075849006767385,83.22117399075069,8965.0
1789926371,50,GET,GET /api/v1/reservas/{id},5.900000,0.000000,5,5,6,6,7,8,8,11,11,11,11,542,0,5,5.402635835821876,3.0641339981229976,23.998894001124427,442.0
1789926371,50,POST,POST /api/v1/auth/login,0.000000,0.000000,0,0,0,0,0,0,0,0,0,0,0,50,0,3400.0,3173.9970718009863,940.191768007935,4881.229678008822,1622.0
1789926371,50,,Aggregated,24.700000,0.000000,6,7,7,7,8,9,11,12,15,15,15,2234,0,6,77.48478115589035,3.0641339981229976,4881.229678008822,6732.853178155774
1789926372,50,GET,GET /api/v1/reservas,18.400000,0.000000,6,7,7,8,8,9,11,12,15,15,15,1655,0,6,6.98472798499138,4.075849006767385,83.22117399075069,8965.0
1789926372,50,GET,GET /api/v1/reservas/{id},5.700000,0.000000,5,6,6,6,7,8,9,11,11,11,11,550,0,5,5.408091436362486,3.0641339981229976,23.998894001124427,442.0
1789926372,50,POST,POST /api/v1/auth/login,0.000000,0.000000,0,0,0,0,0,0,0,0,0,0,0,50,0,3400.0,3173.9970718009863,940.191768007935,4881.229678008822,1622.0
1789926372,50,,Aggregated,24.100000,0.000000,6,7,7,7,8,9,11,12,15,15,15,2255,0,6,76.82218567415052,3.0641339981229976,4881.229678008822,6723.40354767184
1789926373,50,GET,GET /api/v1/reservas,19.200000,0.000000,7,7,7,8,8,9,11,12,14,14,14,1676,0,6,6.9839132363882435,4.075849006767385,83.22117399075069,8965.0
1789926373,50,GET,GET /api/v1/reservas/{id},5.900000,0.000000,5,6,6,6,8,8,9,11,11,11,11,554,0,5,5.408272852027194,3.0641339981229976,23.998894001124427,442.0
1789926373,50,POST,POST /api/v1/auth/login,0.000000,0.000000,0,0,0,0,0,0,0,0,0,0,0,50,0,3400.0,3173.9970718009863,940.191768007935,4881.229678008822,1622.0
1789926373,50,,Aggregated,25.100000,0.000000,6,7,7,7,8,9,11,11,14,14,14,2280,0,6,76.0531032167803,3.0641339981229976,4881.229678008822,6733.029824561403
1789926374,50,GET,GET /api/v1/reservas,19.200000,0.000000,6,7,7,7,8,9,11,12,14,14,14,1700,0,6,6.9667227671872,4.075849006767385,83.22117399075069,8965.0
1789926374,50,GET,GET /api/v1/reservas/{id},6.100000,0.000000,5,6,6,6,8,9,9,11,11,11,11,557,0,5,5.410685025140287,3.0641339981229976,23.998894001124427,442.0
1789926374,50,POST,POST /api/v1/auth/login,0.000000,0.000000,0,0,0,0,0,0,0,0,0,0,0,50,0,3400.0,3173.9970718009863,940.191768007935,4881.229678008822,1622.0
1789926374,50,,Aggregated,25.300000,0.000000,6,7,7,7,8,9,11,11,14,14,14,2307,0,6,75.23061718824044,3.0641339981229976,4881.229678008822,6748.06848721283
1789926375,50,GET,GET /api/v1/reservas,18.300000,0.000000,6,7,7,7,9,9,11,12,14,14,14,1721,0,6,6.95511213261308,4.075849006767385,83.22117399075069,8965.0
1789926375,50,GET,GET /api/v1/reservas/{id},6.200000,0.000000,5,6,6,7,8,9,9,11,11,11,11,564,0,5,5.39410462587389,3.0641339981229976,23.998894001124427,442.0
1789926375,50,POST,POST /api/v1/auth/login,0.000000,0.000000,0,0,0,0,0,0,0,0,0,0,0,50,0,3400.0,3173.9970718009863,940.191768007935,4881.229678008822,1622.0
1789926375,50,,Aggregated,24.500000,0.000000,6,7,7,7,8,9,11,11,14,14,14,2335,0,6,74.39480795686052,3.0641339981229976,4881.229678008822,6749.101927194861
1789926376,50,GET,GET /api/v1/reservas,18.600000,0.000000,6,7,7,7,8,9,11,12,14,14,14,1734,0,6,6.950993429179045,4.075849006767385,83.22117399075069,8965.0
1789926376,50,GET,GET /api/v1/reservas/{id},6.200000,0.000000,5,5,6,6,8,8,9,9,9,9,9,569,0,5,5.390153884012432,3.0641339981229976,23.998894001124427,442.0
1789926376,50,POST,POST /api/v1/auth/login,0.000000,0.000000,0,0,0,0,0,0,0,0,0,0,0,50,0,3400.0,3173.9970718009863,940.191768007935,4881.229678008822,1622.0
1789926376,50,,Aggregated,24.800000,0.000000,6,7,7,7,8,9,11,11,14,14,14,2353,0,6,73.87159955641685,3.0641339981229976,4881.229678008822,6747.942201444964
1789926377,50,GET,GET /api/v1/reservas,18.800000,0.000000,6,7,7,7,8,9,11,12,14,14,14,1753,0,6,6.944410538605557,4.075849006767385,83.22117399075069,8965.0
1789926377,50,GET,GET /api/v1/reservas/{id},5.700000,0.000000,5,5,6,6,7,8,9,9,9,9,9,578,0,5,5.383220813178721,3.0641339981229976,23.998894001124427,442.0
1789926377,50,POST,POST /api/v1/auth/login,0.000000,0.000000,0,0,0,0,0,0,0,0,0,0,0,50,0,3400.0,3173.9970718009863,940.191768007935,4881.229678008822,1622.0
1789926377,50,,Aggregated,24.500000,0.000000,6,7,7,7,8,9,11,11,14,14,14,2381,0,6,73.07219945159268,3.0641339981229976,4881.229678008822,6741.7979840403195
1789926378,50,GET,GET /api/v1/reservas,19.500000,0.000000,6,7,7,7,8,9,11,12,14,14,14,1773,0,6,6.929781888378193,4.075849006767385,83.22117399075069,8965.0
1789926378,50,GET,GET /api/v1/reservas/{id},5.600000,0.000000,5,5,6,6,7,8,9,9,9,9,9,583,0,5,5.3770214031036305,3.0641339981229976,23.998894001124427,442.0
1789926378,50,POST,POST /api/v1/auth/login,0.000000,0.000000,0,0,0,0,0,0,0,0,0,0,0,50,0,3400.0,3173.9970718009863,940.191768007935,4881.229678008822,1622.0
1789926378,50,,Aggregated,25.100000,0.000000,6,6,7,7,8,9,11,11,14,14,14,2406,0,6,72.36955958277359,3.0641339981229976,4881.229678008822,6747.186616791355
1789926379,50,GET,GET /api/v1/reservas,18.700000,0.000000,6,7,7,7,8,9,11,11,14,14,14,1789,0,6,6.930937357232885,4.075849006767385,83.22117399075069,8965.0
1789926379,50,GET,GET /api/v1/reservas/{id},5.600000,0.000000,5,6,6,6,7,8,9,14,14,14,14,591,0,5,5.39042193064578,3.0641339981229976,23.998894001124427,442.0
1789926379,50,POST,POST /api/v1/auth/login,0.000000,0.000000,0,0,0,0,0,0,0,0,0,0,0,50,0,3400.0,3173.9970718009863,940.191768007935,4881.229678008822,1622.0
1789926379,50,,Aggregated,24.300000,0.000000,6,6,7,7,8,9,11,11,14,14,14,2430,0,6,71.7222386350414,3.0641339981229976,4881.229678008822,6741.031687242798
1789926380,50,GET,GET /api/v1/reservas,18.700000,0.000000,6,7,7,7,8,9,10,11,14,14,14,1807,0,6,6.92797286830917,4.075849006767385,83.22117399075069,8965.0
1789926380,50,GET,GET /api/v1/reservas/{id},5.700000,0.000000,5,5,6,6,6,9,9,14,14,14,14,596,0,5,5.384331674528138,3.0641339981229976,23.998894001124427,442.0
1789926380,50,POST,POST /api/v1/auth/login,0.000000,0.000000,0,0,0,0,0,0,0,0,0,0,0,50,0,3400.0,3173.9970718009863,940.191768007935,4881.229678008822,1622.0
1789926380,50,,Aggregated,24.400000,0.000000,6,6,7,7,8,9,10,11,14,14,14,2453,0,6,71.1079340567072,3.0641339981229976,4881.229678008822,6744.511618426417
1789926381,50,GET,GET /api/v1/reservas,19.000000,0.000000,6,7,7,7,8,9,10,11,14,14,14,1829,0,6,6.919070085309287,4.075849006767385,83.22117399075069,8965.0
1789926381,50,GET,GET /api/v1/reservas/{id},5.700000,0.000000,5,5,6,6,6,9,9,14,14,14,14,603,0,5,5.374016072976582,3.0641339981229976,23.998894001124427,442.0
1789926381,50,POST,POST /api/v1/auth/login,0.000000,0.000000,0,0,0,0,0,0,0,0,0,0,0,50,0,3400.0,3173.9970718009863,940.191768007935,4881.229678008822,1622.0
1789926381,50,,Aggregated,24.700000,0.000000,6,6,7,7,8,9,10,11,14,14,14,2482,0,6,70.34462710237102,3.0641339981229976,4881.229678008822,6746.418614020951
1789926382,50,GET,GET /api/v1/reservas,18.600000,0.000000,6,7,7,7,8,9,10,11,14,14,14,1842,0,6,6.9121358756882385,4.075849006767385,83.22117399075069,8965.0
1789926382,50,GET,GET /api/v1/reservas/{id},6.200000,0.000000,5,5,6,6,6,7,9,14,14,14,14,611,0,5,5.368480055665166,3.0641339981229976,23.998894001124427,442.0
1789926382,50,POST,POST /api/v1/auth/login,0.000000,0.000000,0,0,0,0,0,0,0,0,0,0,0,50,0,3400.0,3173.9970718009863,940.191768007935,4881.229678008822,1622.0
1789926382,50,,Aggregated,24.800000,0.000000,6,6,7,7,8,9,10,11,14,14,14,2503,0,6,69.80109835680322,3.0641339981229976,4881.229678008822,6737.791450259689
1789926383,50,GET,GET /api/v1/reservas,17.900000,0.000000,6,7,7,7,9,9,14,21,26,26,26,1860,0,6,6.9455631301123075,4.075849006767385,83.22117399075069,8965.0
1789926383,50,GET,GET /api/v1/reservas/{id},5.900000,0.000000,5,5,6,6,6,7,8,14,14,14,14,617,0,5,5.373614027542802,3.0641339981229976,23.998894001124427,442.0
1789926383,50,POST,POST /api/v1/auth/login,0.000000,0.000000,0,0,0,0,0,0,0,0,0,0,0,50,0,3400.0,3173.9970718009863,940.191768007935,4881.229678008822,1622.0
1789926383,50,,Aggregated,23.800000,0.000000,6,6,7,7,8,9,14,20,26,26,26,2527,0,6,69.22600746618603,3.0641339981229976,4881.229678008822,6738.707558369608
1789926384,50,GET,GET /api/v1/reservas,19.000000,0.000000,6,7,7,7,9,10,15,21,26,26,26,1882,0,6,6.937556900114948,4.075849006767385,83.22117399075069,8965.0
1789926384,50,GET,GET /api/v1/reservas/{id},5.900000,0.000000,5,5,6,6,6,7,8,14,14,14,14,623,0,5,5.367083120375444,3.0641339981229976,23.998894001124427,442.0
1789926384,50,POST,POST /api/v1/auth/login,0.000000,0.000000,0,0,0,0,0,0,0,0,0,0,0,50,0,3400.0,3173.9970718009863,940.191768007935,4881.229678008822,1622.0
1789926384,50,,Aggregated,24.900000,0.000000,6,6,7,7,8,9,14,20,26,26,26,2555,0,6,68.5323007671466,3.0641339981229976,4881.229678008822,6743.090410958904
1789926385,50,GET,GET /api/v1/reservas,18.700000,0.000000,6,7,7,7,8,10,15,21,26,26,26,1903,0,6,6.923617131365008,4.075849006767385,83.22117399075069,8965.0
1789926385,50,GET,GET /api/v1/reservas/{id},6.200000,0.000000,5,5,6,6,6,7,8,14,14,14,14,630,0,5,5.354624066621043,3.0641339981229976,23.998894001124427,442.0
1789926385,50,POST,POST /api/v1/auth/login,0.000000,0.000000,0,0,0,0,0,0,0,0,0,0,0,50,0,3400.0,3173.9970718009863,940.191768007935,4881.229678008822,1622.0
1789926385,50,,Aggregated,24.900000,0.000000,6,6,7,7,8,9,14,20,26,26,26,2583,0,6,67.84704225823003,3.0641339981229976,4881.229678008822,6744.078590785908
1789926386,50,GET,GET /api/v1/reservas,18.600000,0.000000,6,7,7,7,8,10,15,21,26,26,26,1915,0,6,6.9155952172212825,4.075849006767385,83.22117399075069,8965.0
1789926386,50,GET,GET /api/v1/reservas/{id},6.200000,0.000000,5,5,6,6,6,7,8,14,14,14,14,636,0,5,5.353452418162964,3.0641339981229976,23.998894001124427,442.0
1789926386,50,POST,POST /api/v1/auth/login,0.000000,0.000000,0,0,0,0,0,0,0,0,0,0,0,50,0,3400.0,3173.9970718009863,940.191768007935,4881.229678008822,1622.0
1789926386,50,,Aggregated,24.800000,0.000000,6,6,7,7,8,9,14,20,26,26,26,2601,0,6,67.4156148285197,3.0641339981229976,4881.229678008822,6739.78738946559
1789926387,50,GET,GET /api/v1/reservas,18.500000,0.000000,6,7,7,7,9,10,15,21,26,26,26,1934,0,6,6.908267332457517,3.8396890013245866,83.22117399075069,8965.0
1789926387,50,GET,GET /api/v1/reservas/{id},6.700000,0.000000,5,5,6,6,6,7,8,14,14,14,14,643,0,5,5.346850125886019,3.0641339981229976,23.998894001124427,442.0
1789926387,50,POST,POST /api/v1/auth/login,0.000000,0.000000,0,0,0,0,0,0,0,0,0,0,0,50,0,3400.0,3173.9970718009863,940.191768007935,4881.229678008822,1622.0
1789926387,50,,Aggregated,25.200000,0.000000,6,6,7,7,8,9,14,20,26,26,26,2627,0,6,66.8056593993022,3.0641339981229976,4881.229678008822,6739.100114198705
1789926388,50,GET,GET /api/v1/reservas,17.900000,0.000000,6,7,7,7,9,10,15,21,26,26,26,1952,0,6,6.8986015819556075,3.8396890013245866,83.22117399075069,8965.0
1789926388,50,GET,GET /api/v1/reservas/{id},6.700000,0.000000,5,5,6,6,7,8,8,14,14,14,14,650,0,5,5.348343293746718,3.0641339981229976,23.998894001124427,442.0
1789926388,50,POST,POST /api/v1/auth/login,0.000000,0.000000,0,0,0,0,0,0,0,0,0,0,0,50,0,3400.0,3173.9970718009863,940.191768007935,4881.229678008822,1622.0
1789926388,50,,Aggregated,24.600000,0.000000,6,6,7,7,8,10,14,20,26,26,26,2652,0,6,66.2301459347519,3.0641339981229976,4881.229678008822,6737.586726998492
1789926389,50,GET,GET /api/v1/reservas,18.100000,0.000000,6,6,7,7,8,10,15,21,26,26,26,1969,0,6,6.8941751340453346,3.8396890013245866,83.22117399075069,8965.0
1789926389,50,GET,GET /api/v1/reservas/{id},6.700000,0.000000,5,5,6,6,7,8,8,15,15,15,15,655,0,5,5.360288120528954,3.0641339981229976,23.998894001124427,442.0
1789926389,50,POST,POST /api/v1/auth/login,0.000000,0.000000,0,0,0,0,0,0,0,0,0,0,0,50,0,3400.0,3173.9970718009863,940.191768007935,4881.229678008822,1622.0
1789926389,50,,Aggregated,24.800000,0.000000,6,6,7,7,8,9,15,20,26,26,26,2674,0,6,65.7387708107446,3.0641339981229976,4881.229678008822,6739.9756918474195
1789926390,50,GET,GET /api/v1/reservas,18.400000,0.000000,6,7,7,7,8,10,15,21,26,26,26,1990,0,6,6.892019915565598,3.8396890013245866,83.22117399075069,8965.0
1789926390,50,GET,GET /api/v1/reservas/{id},6.200000,0.000000,5,5,6,6,7,8,8,15,15,15,15,660,0,5,5.356122593807275,3.0641339981229976,23.998894001124427,442.0
1789926390,50,POST,POST /api/v1/auth/login,0.000000,0.000000,0,0,0,0,0,0,0,0,0,0,0,50,0,3400.0,3173.9970718009863,940.191768007935,4881.229678008822,1622.0
1789926390,50,,Aggregated,24.600000,0.000000,6,6,7,7,8,10,15,20,26,26,26,2700,0,6,65.16667190145839,3.0641339981229976,4881.229678008822,6745.618518518519
1789926391,50,GET,GET /api/v1/reservas,17.900000,0.000000,6,6,7,7,8,10,15,21,26,26,26,2014,0,6,6.881605377818468,3.8396890013245866,83.22117399075069,8965.0
1789926391,50,GET,GET /api/v1/reservas/{id},6.800000,0.000000,5,5,6,6,7,8,8,15,15,15,15,662,0,5,5.35523588808705,3.0641339981229976,23.998894001124427,442.0
1789926391,50,POST,POST /api/v1/auth/login,0.000000,0.000000,0,0,0,0,0,0,0,0,0,0,0,50,0,3400.0,3173.9970718009863,940.191768007935,4881.229678008822,1622.0
1789926391,50,,Aggregated,24.700000,0.000000,6,6,7,7,8,10,15,20,26,26,26,2726,0,6,64.60182427692199,3.0641339981229976,4881.229678008822,6760.5333822450475
1789926392,50,GET,GET /api/v1/reservas,18.000000,0.000000,6,6,7,7,8,10,15,21,26,26,26,2027,0,6,6.877114873179145,3.8396890013245866,83.22117399075069,8965.0
1789926392,50,GET,GET /api/v1/reservas/{id},6.400000,0.000000,5,5,6,6,7,8,8,15,15,15,15,664,0,5,5.3557125284863885,3.0641339981229976,23.998894001124427,442.0
1789926392,50,POST,POST /api/v1/auth/login,0.000000,0.000000,0,0,0,0,0,0,0,0,0,0,0,50,0,3400.0,3173.9970718009863,940.191768007935,4881.229678008822,1622.0
1789926392,50,,Aggregated,24.400000,0.000000,6,6,7,7,8,10,15,20,26,26,26,2741,0,6,64.28163391349814,3.0641339981229976,4881.229678008822,6766.378329076979
1789926393,50,GET,GET /api/v1/reservas,18.600000,0.000000,6,6,7,7,8,10,12,24,31,31,31,2047,0,6,6.909151884195605,3.8396890013245866,83.22117399075069,8965.0
1789926393,50,GET,GET /api/v1/reservas/{id},6.400000,0.000000,5,5,6,6,7,8,8,15,15,15,15,673,0,5,5.356515577883926,3.0641339981229976,23.998894001124427,442.0
1789926393,50,POST,POST /api/v1/auth/login,0.000000,0.000000,0,0,0,0,0,0,0,0,0,0,0,50,0,3400.0,3173.9970718009863,940.191768007935,4881.229678008822,1622.0
1789926393,50,,Aggregated,25.000000,0.000000,6,6,7,7,8,10,12,20,31,31,31,2770,0,6,63.699574902856895,3.0641339981229976,4881.229678008822,6761.704332129964
1789926394,50,GET,GET /api/v1/reservas,18.300000,0.000000,6,7,7,7,8,10,12,24,31,31,31,2067,0,6,6.901797214283312,3.8396890013245866,83.22117399075069,8965.0
1789926394,50,GET,GET /api/v1/reservas/{id},5.700000,0.000000,5,6,6,6,7,8,8,15,15,15,15,676,0,5,5.363086837176998,3.0641339981229976,23.998894001124427,442.0
1789926394,50,POST,POST /api/v1/auth/login,0.000000,0.000000,0,0,0,0,0,0,0,0,0,0,0,50,0,3400.0,3173.9970718009863,940.191768007935,4881.229678008822,1622.0
1789926394,50,,Aggregated,24.000000,0.000000,6,6,7,7,8,10,12,20,31,31,31,2793,0,6,63.22639281557629,3.0641339981229976,4881.229678008822,6770.693519513068
1789926395,50,GET,GET /api/v1/reservas,18.900000,0.000000,6,7,7,7,8,10,12,24,31,31,31,2095,0,6,6.891819959404147,3.8396890013245866,83.22117399075069,8965.0
1789926395,50,GET,GET /api/v1/reservas/{id},5.200000,0.000000,5,6,6,6,7,8,15,15,15,15,15,680,0,5,5.357495019052294,3.0641339981229976,23.998894001124427,442.0
1789926395,50,POST,POST /api/v1/auth/login,0.000000,0.000000,0,0,0,0,0,0,0,0,0,0,0,50,0,3400.0,3173.9970718009863,940.191768007935,4881.229678008822,1622.0
1789926395,50,,Aggregated,24.100000,0.000000,6,7,7,7,8,10,12,20,31,31,31,2825,0,6,62.57745593555985,3.0641339981229976,4881.229678008822,6783.481415929204
1789926396,50,GET,GET /api/v1/reservas,18.400000,0.000000,6,7,7,7,8,10,12,24,31,31,31,2111,0,6,6.887060280886019,3.8396890013245866,83.22117399075069,8965.0
1789926396,50,GET,GET /api/v1/reservas/{id},5.800000,0.000000,5,6,6,6,7,8,15,15,15,15,15,685,0,5,5.355591194094057,3.0641339981229976,23.998894001124427,442.0
1789926396,50,POST,POST /api/v1/auth/login,0.000000,0.000000,0,0,0,0,0,0,0,0,0,0,0,50,0,3400.0,3173.9970718009863,940.191768007935,4881.229678008822,1622.0
1789926396,50,,Aggregated,24.200000,0.000000,6,7,7,7,8,10,12,20,31,31,31,2846,0,6,62.15987976491712,3.0641339981229976,4881.229678008822,6784.6047083626145
1789926397,50,GET,GET /api/v1/reservas,18.200000,0.000000,6,7,7,7,8,10,12,24,31,31,31,2131,0,6,6.879330785054434,3.8396890013245866,83.22117399075069,8965.0
1789926397,50,GET,GET /api/v1/reservas/{id},5.200000,0.000000,5,5,6,6,7,8,8,15,15,15,15,694,0,5,5.345448203123529,3.0641339981229976,23.998894001124427,442.0
1789926397,50,POST,POST /api/v1/auth/login,0.000000,0.000000,0,0,0,0,0,0,0,0,0,0,0,50,0,3400.0,3173.9970718009863,940.191768007935,4881.229678008822,1622.0
1789926397,50,,Aggregated,23.400000,0.000000,6,6,7,7,8,9,12,20,31,31,31,2875,0,6,61.58937340729323,3.0641339981229976,4881.229678008822,6779.917565217392
1789926398,50,GET,GET /api/v1/reservas,19.400000,0.000000,6,7,7,7,8,10,13,24,31,31,31,2150,0,6,6.881559533913089,3.8396890013245866,83.22117399075069,8965.0
1789926398,50,GET,GET /api/v1/reservas/{id},4.900000,0.000000,5,5,6,6,7,7,15,15,15,15,15,699,0,5,5.33651483257435,3.0641339981229976,23.998894001124427,442.0
1789926398,50,POST,POST /api/v1/auth/login,0.000000,0.000000,0,0,0,0,0,0,0,0,0,0,0,50,0,3400.0,3173.9970718009863,940.191768007935,4881.229678008822,1622.0
1789926398,50,,Aggregated,24.300000,0.000000,6,7,7,7,8,10,13,20,31,31,31,2899,0,6,61.13329784613037,3.0641339981229976,4881.229678008822,6783.307347361159
1789926399,50,GET,GET /api/v1/reservas,19.700000,0.000000,6,7,7,7,9,10,13,24,31,31,31,2168,0,6,6.883375703820191,3.8396890013245866,83.22117399075069,8965.0
1789926399,50,GET,GET /api/v1/reservas/{id},5.000000,0.000000,5,5,6,6,6,7,7,8,8,8,8,708,0,5,5.335340861561261,3.0641339981229976,23.998894001124427,442.0
1789926399,50,POST,POST /api/v1/auth/login,0.000000,0.000000,0,0,0,0,0,0,0,0,0,0,0,50,0,3400.0,3173.9970718009863,940.191768007935,4881.229678008822,1622.0
1789926399,50,,Aggregated,24.700000,0.000000,6,7,7,7,8,10,12,20,31,31,31,2926,0,6,60.62899297536461,3.0641339981229976,4881.229678008822,6777.223513328777
1789926400,50,GET,GET /api/v1/reservas,19.700000,0.000000,6,7,7,7,9,10,13,24,31,31,31,2190,0,6,6.878084503605932,3.8396890013245866,83.22117399075069,8965.0
1789926400,50,GET,GET /api/v1/reservas/{id},5.200000,0.000000,5,5,6,6,6,7,7,8,8,8,8,712,0,5,5.329223334218808,3.0641339981229976,23.998894001124427,442.0
1789926400,50,POST,POST /api/v1/auth/login,0.000000,0.000000,0,0,0,0,0,0,0,0,0,0,0,50,0,3400.0,3173.9970718009863,940.191768007935,4881.229678008822,1622.0
1789926400,50,,Aggregated,24.900000,0.000000,6,7,7,7,8,10,12,20,31,31,31,2952,0,6,60.14812522591806,3.0641339981229976,4881.229678008822,6784.943766937669
1789926401,50,GET,GET /api/v1/reservas,19.600000,0.000000,6,7,7,7,9,10,13,24,31,31,31,2208,0,6,6.868016943352141,3.8396890013245866,83.22117399075069,8965.0
1789926401,50,GET,GET /api/v1/reservas/{id},4.900000,0.000000,5,5,6,6,6,7,7,8,8,8,8,718,0,5,5.323090132272869,3.0641339981229976,23.998894001124427,442.0
1789926401,50,POST,POST /api/v1/auth/login,0.000000,0.000000,0,0,0,0,0,0,0,0,0,0,0,50,0,3400.0,3173.9970718009863,940.191768007935,4881.229678008822,1622.0
1789926401,50,,Aggregated,24.500000,0.000000,6,6,7,7,8,10,12,20,31,31,31,2976,0,6,59.70645622175496,3.0641339981229976,4881.229678008822,6785.341397849463
1789926402,50,GET,GET /api/v1/reservas,19.800000,0.000000,6,7,7,7,8,9,10,11,13,13,13,2231,0,6,6.8551634585237835,3.8396890013245866,83.22117399075069,8965.0
1789926402,50,GET,GET /api/v1/reservas/{id},5.300000,0.000000,5,5,5,6,6,7,7,8,8,8,8,724,0,5,5.316179957126173,3.0641339981229976,23.998894001124427,442.0
1789926402,50,POST,POST /api/v1/auth/login,0.000000,0.000000,0,0,0,0,0,0,0,0,0,0,0,50,0,3400.0,3173.9970718009863,940.191768007935,4881.229678008822,1622.0
1789926402,50,,Aggregated,25.100000,0.000000,6,6,7,7,8,9,10,11,13,13,13,3005,0,6,59.18224211480041,3.0641339981229976,4881.229678008822,6789.358735440932
1789926403,50,GET,GET /api/v1/reservas,19.700000,0.000000,6,7,7,7,8,10,11,16,21,21,21,2245,0,6,6.864361765245826,3.8396890013245866,83.22117399075069,8965.0
1789926403,50,GET,GET /api/v1/reservas/{id},5.600000,0.000000,5,5,5,6,6,7,7,8,8,8,8,730,0,5,5.311648398542088,3.0641339981229976,23.998894001124427,442.0
1789926403,50,POST,POST /api/v1/auth/login,0.000000,0.000000,0,0,0,0,0,0,0,0,0,0,0,50,0,3400.0,3173.9970718009863,940.191768007935,4881.229678008822,1622.0
1789926403,50,,Aggregated,25.300000,0.000000,6,6,7,7,8,9,11,13,21,21,21,3025,0,6,58.838958374863445,3.0641339981229976,4881.229678008822,6786.838016528925
1789926404,50,GET,GET /api/v1/reservas,19.600000,0.000000,6,7,7,7,9,10,11,16,21,21,21,2264,0,6,6.863897144426552,3.8396890013245866,83.22117399075069,8965.0
1789926404,50,GET,GET /api/v1/reservas/{id},5.700000,0.000000,5,5,5,5,5,6,7,8,8,8,8,738,0,5,5.309208765489347,3.0641339981229976,23.998894001124427,442.0
1789926404,50,POST,POST /api/v1/auth/login,0.000000,0.000000,0,0,0,0,0,0,0,0,0,0,0,50,0,3400.0,3173.9970718009863,940.191768007935,4881.229678008822,1622.0
1789926404,50,,Aggregated,25.300000,0.000000,6,6,7,7,8,10,10,13,21,21,21,3052,0,6,58.374152291599664,3.0641339981229976,4881.229678008822,6783.766710353866
1789926405,50,GET,GET /api/v1/reservas,19.900000,0.000000,6,6,7,7,9,10,11,16,21,21,21,2280,0,6,6.854687925870326,3.8396890013245866,83.22117399075069,8965.0
1789926405,50,GET,GET /api/v1/reservas/{id},6.100000,0.000000,5,5,5,5,6,6,7,8,8,8,8,745,0,5,5.306457221369734,3.0641339981229976,23.998894001124427,442.0
1789926405,50,POST,POST /api/v1/auth/login,0.000000,0.000000,0,0,0,0,0,0,0,0,0,0,0,50,0,3400.0,3173.9970718009863,940.191768007935,4881.229678008822,1622.0
1789926405,50,,Aggregated,26.000000,0.000000,6,6,7,7,8,9,11,13,21,21,21,3075,0,6,57.97783827348101,3.0641339981229976,4881.229678008822,6780.679674796748
1789926406,50,GET,GET /api/v1/reservas,19.900000,0.000000,6,6,7,7,9,10,11,16,21,21,21,2302,0,6,6.842378543424954,3.8396890013245866,83.22117399075069,8965.0
1789926406,50,GET,GET /api/v1/reservas/{id},5.600000,0.000000,5,5,5,5,5,6,7,8,8,8,8,753,0,5,5.294223362452395,3.0641339981229976,23.998894001124427,442.0
1789926406,50,POST,POST /api/v1/auth/login,0.000000,0.000000,0,0,0,0,0,0,0,0,0,0,0,50,0,3400.0,3173.9970718009863,940.191768007935,4881.229678008822,1622.0
1789926406,50,,Aggregated,25.500000,0.000000,6,6,6,7,8,9,11,13,21,21,21,3105,0,6,57.46781294329798,3.0641339981229976,4881.229678008822,6779.824798711756
1789926407,50,GET,GET /api/v1/reservas,19.800000,0.000000,6,6,7,7,9,10,11,16,21,21,21,2322,0,6,6.837833048646441,3.8396890013245866,83.22117399075069,8965.0
1789926407,50,GET,GET /api/v1/reservas/{id},6.500000,0.000000,5,5,5,5,5,6,7,8,8,8,8,758,0,5,5.28820341020699,3.0641339981229976,23.998894001124427,442.0
1789926407,50,POST,POST /api/v1/auth/login,0.000000,0.000000,0,0,0,0,0,0,0,0,0,0,0,50,0,3400.0,3173.9970718009863,940.191768007935,4881.229678008822,1622.0
1789926407,50,,Aggregated,26.300000,0.000000,5,6,6,7,8,10,11,13,21,21,21,3130,0,6,57.05615339103618,3.0641339981229976,4881.229678008822,6783.663258785942
1789926408,50,GET,GET /api/v1/reservas,18.600000,0.000000,6,6,7,7,9,10,11,16,21,21,21,2337,0,6,6.836192718432102,3.8396890013245866,83.22117399075069,8965.0
1789926408,50,GET,GET /api/v1/reservas/{id},6.500000,0.000000,5,5,5,5,6,6,7,8,8,8,8,764,0,5,5.286664088913093,3.0641339981229976,23.998894001124427,442.0
1789926408,50,POST,POST /api/v1/auth/login,0.000000,0.000000,0,0,0,0,0,0,0,0,0,0,0,50,0,3400.0,3173.9970718009863,940.191768007935,4881.229678008822,1622.0
1789926408,50,,Aggregated,25.100000,0.000000,5,6,6,7,8,9,10,11,21,21,21,3151,0,6,56.71693028783076,3.0641339981229976,4881.229678008822,6781.971754998413
1789926409,50,GET,GET /api/v1/reservas,19.000000,0.000000,6,6,7,7,8,9,10,16,21,21,21,2357,0,6,6.83052121255434,3.8396890013245866,83.22117399075069,8965.0
1789926409,50,GET,GET /api/v1/reservas/{id},6.500000,0.000000,5,5,5,5,6,6,7,9,9,9,9,776,0,5,5.286226557895059,3.0641339981229976,23.998894001124427,442.0
1789926409,50,POST,POST /api/v1/auth/login,0.000000,0.000000,0,0,0,0,0,0,0,0,0,0,0,50,0,3400.0,3173.9970718009863,940.191768007935,4881.229678008822,1622.0
1789926409,50,,Aggregated,25.500000,0.000000,5,6,6,7,7,9,10,11,21,21,21,3183,0,6,56.20531068079374,3.0641339981229976,4881.229678008822,6771.786679233428
1789926410,50,GET,GET /api/v1/reservas,18.900000,0.000000,6,6,7,7,8,9,10,16,21,21,21,2373,0,6,6.8323559207921525,3.8396890013245866,83.22117399075069,8965.0
1789926410,50,GET,GET /api/v1/reservas/{id},6.400000,0.000000,5,5,5,5,6,7,7,9,9,9,9,782,0,5,5.2889955804764845,3.0641339981229976,23.998894001124427,442.0
1789926410,50,POST,POST /api/v1/auth/login,0.000000,0.000000,0,0,0,0,0,0,0,0,0,0,0,50,0,3400.0,3173.9970718009863,940.191768007935,4881.229678008822,1622.0
1789926410,50,,Aggregated,25.300000,0.000000,6,6,6,7,8,9,10,13,21,21,21,3205,0,6,55.86553158627822,3.0641339981229976,4881.229678008822,6770.885803432137
1789926411,50,GET,GET /api/v1/reservas,18.800000,0.000000,6,6,7,7,8,10,13,16,21,21,21,2391,0,6,6.827057431638358,3.8396890013245866,83.22117399075069,8965.0
1789926411,50,GET,GET /api/v1/reservas/{id},6.500000,0.000000,5,5,5,5,6,7,7,9,9,9,9,789,0,5,5.284318776881052,3.0641339981229976,23.998894001124427,442.0
1789926411,50,POST,POST /api/v1/auth/login,0.000000,0.000000,0,0,0,0,0,0,0,0,0,0,0,50,0,3400.0,3173.9970718009863,940.191768007935,4881.229678008822,1622.0
1789926411,50,,Aggregated,25.300000,0.000000,6,6,6,7,8,9,10,14,21,21,21,3230,0,6,55.47760849041975,3.0641339981229976,4881.229678008822,6769.397213622291
1789926412,50,GET,GET /api/v1/reservas,18.800000,0.000000,6,6,7,7,8,10,13,16,21,21,21,2407,0,6,6.818786224380658,3.8396890013245866,83.22117399075069,8965.0
1789926412,50,GET,GET /api/v1/reservas/{id},6.800000,0.000000,5,5,5,5,6,7,7,9,9,9,9,795,0,5,5.2777708565549775,3.0641339981229976,23.998894001124427,442.0
1789926412,50,POST,POST /api/v1/auth/login,0.000000,0.000000,0,0,0,0,0,0,0,0,0,0,0,50,0,3400.0,3173.9970718009863,940.191768007935,4881.229678008822,1622.0
1789926412,50,,Aggregated,25.600000,0.000000,6,6,6,7,8,9,10,14,21,21,21,3252,0,6,55.13791508705251,3.0641339981229976,4881.229678008822,6768.525522755228
1789926413,50,GET,GET /api/v1/reservas,18.400000,0.000000,6,6,7,7,8,9,10,13,14,14,14,2435,0,6,6.806018655484799,3.8396890013245866,83.22117399075069,8965.0
1789926413,50,GET,GET /api/v1/reservas/{id},6.700000,0.000000,5,5,5,6,6,7,7,9,9,9,9,801,0,5,5.27013538821473,3.0641339981229976,23.998894001124427,442.0
1789926413,50,POST,POST /api/v1/auth/login,0.000000,0.000000,0,0,0,0,0,0,0,0,0,0,0,50,0,3400.0,3173.9970718009863,940.191768007935,4881.229678008822,1622.0
1789926413,50,,Aggregated,25.100000,0.000000,5,6,6,7,7,9,10,11,14,14,14,3286,0,6,54.62382454720475,3.0641339981229976,4881.229678008822,6775.689896530736
1789926414,50,GET,GET /api/v1/reservas,18.100000,0.000000,6,6,7,7,8,9,10,13,14,14,14,2449,0,6,6.80564468929589,3.8396890013245866,83.22117399075069,8965.0
1789926414,50,GET,GET /api/v1/reservas/{id},7.000000,0.000000,5,5,5,6,6,7,7,9,9,9,9,804,0,5,5.270973421598927,3.0641339981229976,23.998894001124427,442.0
1789926414,50,POST,POST /api/v1/auth/login,0.000000,0.000000,0,0,0,0,0,0,0,0,0,0,0,50,0,3400.0,3173.9970718009863,940.191768007935,4881.229678008822,1622.0
1789926414,50,,Aggregated,25.100000,0.000000,6,6,6,7,7,9,10,11,14,14,14,3303,0,6,54.376245856827275,3.0641339981229976,4881.229678008822,6779.216772630942
1789926415,50,GET,GET /api/v1/reservas,18.000000,0.000000,6,6,7,7,8,9,10,13,14,14,14,2467,0,6,6.798222567513321,3.8396890013245866,83.22117399075069,8965.0
1789926415,50,GET,GET /api/v1/reservas/{id},6.900000,0.000000,5,5,5,6,6,7,7,9,9,9,9,811,0,5,5.26477439700739,3.0641339981229976,23.998894001124427,442.0
1789926415,50,POST,POST /api/v1/auth/login,0.000000,0.000000,0,0,0,0,0,0,0,0,0,0,0,50,0,3400.0,3173.9970718009863,940.191768007935,4881.229678008822,1622.0
1789926415,50,,Aggregated,24.900000,0.000000,6,6,6,7,7,9,10,11,14,14,14,3328,0,6,54.00865405651372,3.0641339981229976,4881.229678008822,6777.709435096154
1789926416,50,GET,GET /api/v1/reservas,18.700000,0.000000,6,6,7,7,8,10,13,24,25,25,25,2484,0,6,6.805364650982731,3.8396890013245866,83.22117399075069,8965.0
1789926416,50,GET,GET /api/v1/reservas/{id},6.900000,0.000000,5,5,5,6,6,7,7,9,9,9,9,820,0,5,5.253602085363903,3.0641339981229976,23.998894001124427,442.0
1789926416,50,POST,POST /api/v1/auth/login,0.000000,0.000000,0,0,0,0,0,0,0,0,0,0,0,50,0,3400.0,3173.9970718009863,940.191768007935,4881.229678008822,1622.0
1789926416,50,,Aggregated,25.600000,0.000000,6,6,6,7,7,9,11,14,25,25,25,3354,0,6,53.6411249532167,3.0641339981229976,4881.229678008822,6771.794871794872
1789926417,50,GET,GET /api/v1/reservas,18.500000,0.000000,6,6,6,7,8,9,13,24,25,25,25,2499,0,6,6.799067402969958,3.8396890013245866,83.22117399075069,8965.0
1789926417,50,GET,GET /api/v1/reservas/{id},6.400000,0.000000,5,5,5,6,6,7,7,9,9,9,9,824,0,5,5.25302400123975,3.0641339981229976,23.998894001124427,442.0
1789926417,50,POST,POST /api/v1/auth/login,0.000000,0.000000,0,0,0,0,0,0,0,0,0,0,0,50,0,3400.0,3173.9970718009863,940.191768007935,4881.229678008822,1622.0
1789926417,50,,Aggregated,24.900000,0.000000,6,6,6,6,7,9,11,14,25,25,25,3373,0,6,53.37065366353181,3.0641339981229976,4881.229678008822,6774.041802549659
1789926418,50,GET,GET /api/v1/reservas,18.600000,0.000000,6,6,6,7,7,9,13,24,25,25,25,2521,0,6,6.791808890932059,3.8396890013245866,83.22117399075069,8965.0
1789926418,50,GET,GET /api/v1/reservas/{id},6.500000,0.000000,5,5,5,5,6,7,9,10,10,10,10,832,0,5,5.25148935936998,3.0641339981229976,23.998894001124427,442.0
1789926418,50,POST,POST /api/v1/auth/login,0.000000,0.000000,0,0,0,0,0,0,0,0,0,0,0,50,0,3400.0,3173.9970718009863,940.191768007935,4881.229678008822,1622.0
1789926418,50,,Aggregated,25.100000,0.000000,6,6,6,6,7,8,11,14,25,25,25,3403,0,6,52.950703188682006,3.0641339981229976,4881.229678008822,6773.320305612695
1789926419,50,GET,GET /api/v1/reservas,18.000000,0.000000,6,6,6,7,7,8,13,24,25,25,25,2541,0,6,6.784460028351348,3.8396890013245866,83.22117399075069,8965.0
1789926419,50,GET,GET /api/v1/reservas/{id},6.700000,0.000000,5,5,5,5,6,7,7,10,10,10,10,834,0,5,5.249807553929617,3.0641339981229976,23.998894001124427,442.0
1789926419,50,POST,POST /api/v1/auth/login,0.000000,0.000000,0,0,0,0,0,0,0,0,0,0,0,50,0,3400.0,3173.9970718009863,940.191768007935,4881.229678008822,1622.0
1789926419,50,,Aggregated,24.700000,0.000000,6,6,6,6,7,8,11,14,25,25,25,3425,0,6,52.6474470137423,3.0641339981229976,4881.229678008822,6782.421313868613
1789926420,50,GET,GET /api/v1/reservas,17.900000,0.000000,6,6,6,7,8,9,13,24,25,25,25,2555,0,6,6.789724245815996,3.8396890013245866,83.22117399075069,8965.0
1789926420,50,GET,GET /api/v1/reservas/{id},6.800000,0.000000,5,5,5,5,6,7,10,16,16,16,16,844,0,5,5.268378408783104,3.0641339981229976,23.998894001124427,442.0
1789926420,50,POST,POST /api/v1/auth/login,0.000000,0.000000,0,0,0,0,0,0,0,0,0,0,0,50,0,3400.0,3173.9970718009863,940.191768007935,4881.229678008822,1622.0
1789926420,50,,Aggregated,24.700000,0.000000,6,6,6,7,7,9,13,16,25,25,25,3449,0,6,52.332302236915666,3.0641339981229976,4881.229678008822,6772.8973615540735
1789926421,50,GET,GET /api/v1/reservas,18.600000,0.000000,6,6,7,7,8,8,11,24,25,25,25,2573,0,6,6.788366338153919,3.8396890013245866,83.22117399075069,8965.0
1789926421,50,GET,GET /api/v1/reservas/{id},6.600000,0.000000,5,5,6,6,6,9,10,16,16,16,16,853,0,5,5.276754128968874,3.0641339981229976,23.998894001124427,442.0
1789926421,50,POST,POST /api/v1/auth/login,0.000000,0.000000,0,0,0,0,0,0,0,0,0,0,0,50,0,3400.0,3173.9970718009863,940.191768007935,4881.229678008822,1622.0
1789926421,50,,Aggregated,25.200000,0.000000,6,6,6,7,7,8,11,16,25,25,25,3476,0,6,51.97565922040558,3.0641339981229976,4881.229678008822,6767.857019562715
1789926422,50,GET,GET /api/v1/reservas,18.100000,0.000000,6,6,7,7,8,8,11,24,25,25,25,2589,0,6,6.782813266928888,3.8396890013245866,83.22117399075069,8965.0
1789926422,50,GET,GET /api/v1/reservas/{id},5.900000,0.000000,5,5,6,6,6,9,10,16,16,16,16,859,0,5,5.270560027941887,3.0641339981229976,23.998894001124427,442.0
1789926422,50,POST,POST /api/v1/auth/login,0.000000,0.000000,0,0,0,0,0,0,0,0,0,0,0,50,0,3400.0,3173.9970718009863,940.191768007935,4881.229678008822,1622.0
1789926422,50,,Aggregated,24.000000,0.000000,6,6,6,7,8,9,11,16,25,25,25,3498,0,6,51.683238479739934,3.0641339981229976,4881.229678008822,6767.05631789594
1789926423,50,GET,GET /api/v1/reservas,18.100000,0.000000,6,6,7,7,8,8,13,25,28,28,28,2608,0,6,6.786929417984834,3.8396890013245866,83.22117399075069,8965.0
1789926423,50,GET,GET /api/v1/reservas/{id},6.300000,0.000000,5,5,6,6,6,10,16,21,21,21,21,864,0,5,5.286909429438917,3.0641339981229976,23.998894001124427,442.0
1789926423,50,POST,POST /api/v1/auth/login,0.000000,0.000000,0,0,0,0,0,0,0,0,0,0,0,50,0,3400.0,3173.9970718009863,940.191768007935,4881.229678008822,1622.0
1789926423,50,,Aggregated,24.400000,0.000000,6,6,6,7,8,9,16,24,28,28,28,3522,0,6,51.38218491175156,3.0641339981229976,4881.229678008822,6769.934128336173
1789926424,50,GET,GET /api/v1/reservas,17.900000,0.000000,6,6,7,7,8,8,13,25,28,28,28,2621,0,6,6.783522408279855,3.8396890013245866,83.22117399075069,8965.0
1789926424,50,GET,GET /api/v1/reservas/{id},6.400000,0.000000,5,5,6,6,6,10,16,21,21,21,21,869,0,5,5.285857568515874,3.0641339981229976,23.998894001124427,442.0
1789926424,50,POST,POST /api/v1/auth/login,0.000000,0.000000,0,0,0,0,0,0,0,0,0,0,0,50,0,3400.0,3173.9970718009863,940.191768007935,4881.229678008822,1622.0
1789926424,50,,Aggregated,24.300000,0.000000,6,6,6,7,7,9,16,24,28,28,28,3540,0,6,51.15052995739862,3.0641339981229976,4881.229678008822,6769.057344632768
1789926425,50,GET,GET /api/v1/reservas,17.800000,0.000000,6,6,7,7,8,11,25,33,98,98,98,2638,0,6,6.833658849558053,3.8396890013245866,98.26971200527623,8965.0
1789926425,50,GET,GET /api/v1/reservas/{id},6.500000,0.000000,5,5,6,6,9,16,60,82,82,82,82,879,0,5,5.433540924955388,3.0641339981229976,82.42509700357914,442.0
1789926425,50,POST,POST /api/v1/auth/login,0.000000,0.000000,0,0,0,0,0,0,0,0,0,0,0,50,0,3400.0,3173.9970718009863,940.191768007935,4881.229678008822,1622.0
1789926425,50,,Aggregated,24.300000,0.000000,6,6,7,7,8,12,28,60,98,98,98,3567,0,6,50.883971995575905,3.0641339981229976,4881.229678008822,6761.785253714606
1789926426,50,GET,GET /api/v1/reservas,17.400000,0.000000,6,7,7,7,8,9,28,90,98,98,98,2655,0,6,6.862232977065754,3.8396890013245866,98.26971200527623,8965.0
1789926426,50,GET,GET /api/v1/reservas/{id},6.400000,0.000000,5,6,6,6,16,82,170,180,180,180,180,887,0,5,5.909443381102677,3.0641339981229976,176.78893799893558,442.0
1789926426,50,POST,POST /api/v1/auth/login,0.000000,0.000000,0,0,0,0,0,0,0,0,0,0,0,50,0,3400.0,3173.9970718009863,940.191768007935,4881.229678008822,1622.0
1789926426,50,,Aggregated,23.800000,0.000000,6,6,7,7,8,14,90,98,180,180,180,3592,0,6,50.712906019820984,3.0641339981229976,4881.229678008822,6758.137249443207
1789926427,50,GET,GET /api/v1/reservas,16.900000,0.000000,6,7,7,7,8,11,28,90,98,98,98,2673,0,6,6.858681259667712,3.8396890013245866,98.26971200527623,8965.0
1789926427,50,GET,GET /api/v1/reservas/{id},6.500000,0.000000,5,6,6,6,16,82,170,180,180,180,180,894,0,5,5.897090889307617,3.0641339981229976,176.78893799893558,442.0
1789926427,50,POST,POST /api/v1/auth/login,0.000000,0.000000,0,0,0,0,0,0,0,0,0,0,0,50,0,3400.0,3173.9970718009863,940.191768007935,4881.229678008822,1622.0
1789926427,50,,Aggregated,23.400000,0.000000,6,6,7,7,8,16,90,98,180,180,180,3617,0,6,50.402296890290884,3.0641339981229976,4881.229678008822,6756.896046447332
1789926428,50,GET,GET /api/v1/reservas,17.200000,0.000000,6,7,7,7,8,11,28,90,98,98,98,2697,0,6,6.853084820579738,3.8396890013245866,98.26971200527623,8965.0
1789926428,50,GET,GET /api/v1/reservas/{id},6.900000,0.000000,5,6,6,6,16,82,170,180,180,180,180,900,0,5,5.894791595589292,3.0641339981229976,176.78893799893558,442.0
1789926428,50,POST,POST /api/v1/auth/login,0.000000,0.000000,0,0,0,0,0,0,0,0,0,0,0,50,0,3400.0,3173.9970718009863,940.191768007935,4881.229678008822,1622.0
1789926428,50,,Aggregated,24.100000,0.000000,6,6,7,7,8,16,90,98,180,180,180,3647,0,6,50.03782171296497,3.0641339981229976,4881.229678008822,6761.037839319989
1789926429,50,GET,GET /api/v1/reservas,17.000000,0.000000,6,7,7,7,8,11,28,90,98,98,98,2716,0,6,6.849200874483664,3.8396890013245866,98.26971200527623,8965.0
1789926429,50,GET,GET /api/v1/reservas/{id},6.800000,0.000000,5,6,6,6,10,82,170,180,180,180,180,908,0,5,5.8983172389903284,3.0641339981229976,176.78893799893558,442.0
1789926429,50,POST,POST /api/v1/auth/login,0.000000,0.000000,0,0,0,0,0,0,0,0,0,0,0,50,0,3400.0,3173.9970718009863,940.191768007935,4881.229678008822,1622.0
1789926429,50,,Aggregated,23.800000,0.000000,6,6,7,7,9,14,90,98,180,180,180,3674,0,6,49.716373222142124,3.0641339981229976,4881.229678008822,6758.676102340773
1789926430,50,GET,GET /api/v1/reservas,17.400000,0.000000,6,7,7,7,8,10,28,90,98,98,98,2733,0,6,6.8459129367228,3.8396890013245866,98.26971200527623,8965.0
1789926430,50,GET,GET /api/v1/reservas/{id},6.700000,0.000000,5,6,6,6,10,82,170,180,180,180,180,913,0,5,5.902519808352929,3.0641339981229976,176.78893799893558,442.0
1789926430,50,POST,POST /api/v1/auth/login,0.000000,0.000000,0,0,0,0,0,0,0,0,0,0,0,50,0,3400.0,3173.9970718009863,940.191768007935,4881.229678008822,1622.0
1789926430,50,,Aggregated,24.100000,0.000000,6,6,7,7,9,12,90,98,180,180,180,3696,0,6,49.45853198894452,3.0641339981229976,4881.229678008822,6760.2789502164505
1789926431,50,GET,GET /api/v1/reservas,17.200000,0.000000,6,7,7,7,8,10,28,90,98,98,98,2756,0,6,6.840790982618952,3.8396890013245866,98.26971200527623,8965.0
1789926431,50,GET,GET /api/v1/reservas/{id},6.900000,0.000000,5,6,6,6,10,82,170,180,180,180,180,917,0,5,5.8962024427516715,3.0641339981229976,176.78893799893558,442.0
1789926431,50,POST,POST /api/v1/auth/login,0.000000,0.000000,0,0,0,0,0,0,0,0,0,0,0,50,0,3400.0,3173.9970718009863,940.191768007935,4881.229678008822,1622.0
1789926431,50,,Aggregated,24.100000,0.000000,6,6,7,7,9,12,90,98,180,180,180,3723,0,6,49.143134885347955,3.0641339981229976,4881.229678008822,6767.11093204405
1789926432,50,GET,GET /api/v1/reservas,17.800000,0.000000,6,7,7,7,8,10,28,90,98,98,98,2774,0,6,6.834752998593162,3.8396890013245866,98.26971200527623,8965.0
1789926432,50,GET,GET /api/v1/reservas/{id},7.400000,0.000000,5,6,6,7,10,82,170,180,180,180,180,922,0,5,5.893412651838214,3.0641339981229976,176.78893799893558,442.0
1789926432,50,POST,POST /api/v1/auth/login,0.000000,0.000000,0,0,0,0,0,0,0,0,0,0,0,50,0,3400.0,3173.9970718009863,940.191768007935,4881.229678008822,1622.0
1789926432,50,,Aggregated,25.200000,0.000000,6,6,7,7,9,12,90,98,180,180,180,3746,0,6,48.87698474990432,3.0641339981229976,4881.229678008822,6769.229578216765
1789926433,50,GET,GET /api/v1/reservas,18.000000,0.000000,6,7,7,7,9,10,17,90,98,98,98,2786,0,6,6.834414273556895,3.8396890013245866,98.26971200527623,8965.0
1789926433,50,GET,GET /api/v1/reservas/{id},6.800000,0.000000,5,6,6,7,9,82,170,180,180,180,180,929,0,5,5.887954277709474,3.0641339981229976,176.78893799893558,442.0
1789926433,50,POST,POST /api/v1/auth/login,0.000000,0.000000,0,0,0,0,0,0,0,0,0,0,0,50,0,3400.0,3173.9970718009863,940.191768007935,4881.229678008822,1622.0
1789926433,50,,Aggregated,24.800000,0.000000,6,6,7,7,9,11,90,98,180,180,180,3765,0,6,48.661471787562,3.0641339981229976,4881.229678008822,6764.464276228419
1789926434,50,GET,GET /api/v1/reservas,18.700000,0.000000,6,7,7,7,8,10,17,90,98,98,98,2812,0,6,6.8287944634037885,3.8396890013245866,98.26971200527623,8965.0
1789926434,50,GET,GET /api/v1/reservas/{id},6.600000,0.000000,5,6,6,6,9,82,170,180,180,180,180,935,0,5,5.885219596775204,3.0641339981229976,176.78893799893558,442.0
1789926434,50,POST,POST /api/v1/auth/login,0.000000,0.000000,0,0,0,0,0,0,0,0,0,0,0,50,0,3400.0,3173.9970718009863,940.191768007935,4881.229678008822,1622.0
1789926434,50,,Aggregated,25.300000,0.000000,6,6,7,7,9,10,82,98,180,180,180,3797,0,6,48.30263469689902,3.0641339981229976,4881.229678008822,6769.541743481696
1789926435,50,GET,GET /api/v1/reservas,18.500000,0.000000,6,7,7,7,8,10,11,17,90,90,90,2831,0,6,6.829509902543578,3.8396890013245866,98.26971200527623,8965.0
1789926435,50,GET,GET /api/v1/reservas/{id},6.300000,0.000000,5,6,6,6,9,10,170,180,180,180,180,942,0,5,5.884817815241784,3.0641339981229976,176.78893799893558,442.0
1789926435,50,POST,POST /api/v1/auth/login,0.000000,0.000000,0,0,0,0,0,0,0,0,0,0,0,50,0,3400.0,3173.9970718009863,940.191768007935,4881.229678008822,1622.0
1789926435,50,,Aggregated,24.800000,0.000000,6,6,7,7,8,10,11,96,180,180,180,3823,0,6,48.01927661682133,3.0641339981229976,4881.229678008822,6768.867120062778
1789926436,50,GET,GET /api/v1/reservas,18.200000,0.000000,6,7,7,7,8,10,17,18,18,18,18,2850,0,6,6.841386385658233,3.8396890013245866,98.26971200527623,8965.0
1789926436,50,GET,GET /api/v1/reservas/{id},6.600000,0.000000,5,6,6,6,9,9,10,15,15,15,15,946,0,5,5.895686218754145,3.0641339981229976,176.78893799893558,442.0
1789926436,50,POST,POST /api/v1/auth/login,0.000000,0.000000,0,0,0,0,0,0,0,0,0,0,0,50,0,3400.0,3173.9970718009863,940.191768007935,4881.229678008822,1622.0
1789926436,50,,Aggregated,24.800000,0.000000,6,6,7,7,8,10,14,17,18,18,18,3846,0,6,47.783443565292956,3.0641339981229976,4881.229678008822,6773.136245449818
1789926437,50,GET,GET /api/v1/reservas,19.200000,0.000000,6,7,7,7,9,10,14,18,18,18,18,2867,0,6,6.837952337676856,3.8396890013245866,98.26971200527623,8965.0
1789926437,50,GET,GET /api/v1/reservas/{id},6.600000,0.000000,5,6,6,6,7,9,10,15,15,15,15,956,0,5,5.885328528203755,3.0641339981229976,176.78893799893558,442.0
1789926437,50,POST,POST /api/v1/auth/login,0.000000,0.000000,0,0,0,0,0,0,0,0,0,0,0,50,0,3400.0,3173.9970718009863,940.191768007935,4881.229678008822,1622.0
1789926437,50,,Aggregated,25.800000,0.000000,6,6,7,7,9,10,12,17,18,18,18,3873,0,6,47.49048205916128,3.0641339981229976,4881.229678008822,6766.410276271624
1789926438,50,GET,GET /api/v1/reservas,18.900000,0.000000,6,7,7,7,9,10,14,18,18,18,18,2885,0,6,6.833918128645635,3.8396890013245866,98.26971200527623,8965.0
1789926438,50,GET,GET /api/v1/reservas/{id},6.200000,0.000000,5,6,6,6,7,9,10,15,15,15,15,961,0,5,5.880288400583218,3.0641339981229976,176.78893799893558,442.0
1789926438,50,POST,POST /api/v1/auth/login,0.000000,0.000000,0,0,0,0,0,0,0,0,0,0,0,50,0,3400.0,3173.9970718009863,940.191768007935,4881.229678008822,1622.0
1789926438,50,,Aggregated,25.100000,0.000000,6,6,7,7,8,10,14,17,18,18,18,3896,0,6,47.245037100655146,3.0641339981229976,4881.229678008822,6768.451488706365
1789926439,50,GET,GET /api/v1/reservas,19.500000,0.000000,6,7,7,7,9,10,14,18,18,18,18,2900,0,6,6.837098901777264,3.8396890013245866,98.26971200527623,8965.0
1789926439,50,GET,GET /api/v1/reservas/{id},6.000000,0.000000,5,6,6,6,7,9,9,15,15,15,15,968,0,5,5.878477273714557,3.0641339981229976,176.78893799893558,442.0
1789926439,50,POST,POST /api/v1/auth/login,0.000000,0.000000,0,0,0,0,0,0,0,0,0,0,0,50,0,3400.0,3173.9970718009863,940.191768007935,4881.229678008822,1622.0
1789926439,50,,Aggregated,25.500000,0.000000,6,7,7,7,8,10,14,17,18,18,18,3918,0,6,47.01832731142396,3.0641339981229976,4881.229678008822,6765.557937723328
1789926440,50,GET,GET /api/v1/reservas,19.100000,0.000000,6,7,7,7,9,10,14,18,18,18,18,2925,0,6,6.833919005525203,3.8396890013245866,98.26971200527623,8965.0
1789926440,50,GET,GET /api/v1/reservas/{id},6.200000,0.000000,5,6,6,6,6,7,9,15,15,15,15,977,0,5,5.87201296513485,3.0641339981229976,176.78893799893558,442.0
1789926440,50,POST,POST /api/v1/auth/login,0.000000,0.000000,0,0,0,0,0,0,0,0,0,0,0,50,0,3400.0,3173.9970718009863,940.191768007935,4881.229678008822,1622.0
1789926440,50,,Aggregated,25.300000,0.000000,6,7,7,7,8,10,12,17,18,18,18,3952,0,6,46.66650388364051,3.0641339981229976,4881.229678008822,6765.070597165992
1789926441,50,GET,GET /api/v1/reservas,18.800000,0.000000,6,7,7,7,9,11,14,18,18,18,18,2943,0,6,6.8408987299143815,3.8396890013245866,98.26971200527623,8965.0
1789926441,50,GET,GET /api/v1/reservas/{id},6.100000,0.000000,5,6,6,6,7,8,11,15,15,15,15,984,0,5,5.877919375954543,3.0641339981229976,176.78893799893558,442.0
1789926441,50,POST,POST /api/v1/auth/login,0.000000,0.000000,0,0,0,0,0,0,0,0,0,0,0,50,0,3400.0,3173.9970718009863,940.191768007935,4881.229678008822,1622.0
1789926441,50,,Aggregated,24.900000,0.000000,6,7,7,7,9,11,14,17,18,18,18,3977,0,6,46.42104380641856,3.0641339981229976,4881.229678008822,6763.898164445562
1789926442,50,GET,GET /api/v1/reservas,18.700000,0.000000,7,7,7,7,9,11,14,18,18,18,18,2961,0,6,6.838567357032872,3.8396890013245866,98.26971200527623,8965.0
1789926442,50,GET,GET /api/v1/reservas/{id},5.800000,0.000000,5,6,6,6,7,8,11,15,15,15,15,985,0,5,5.876786449686553,3.0641339981229976,176.78893799893558,442.0
1789926442,50,POST,POST /api/v1/auth/login,0.000000,0.000000,0,0,0,0,0,0,0,0,0,0,0,50,0,3400.0,3173.9970718009863,940.191768007935,4881.229678008822,1622.0
1789926442,50,,Aggregated,24.500000,0.000000,6,7,7,7,9,11,14,17,18,18,18,3996,0,6,46.230602148940164,3.0641339981229976,4881.229678008822,6772.230980980981
1789926443,50,GET,GET /api/v1/reservas,19.100000,0.000000,7,7,7,7,9,12,17,18,24,24,24,2987,0,6,6.841530274585526,3.8396890013245866,98.26971200527623,8965.0
1789926443,50,GET,GET /api/v1/reservas/{id},6.400000,0.000000,5,6,6,6,7,8,11,15,15,15,15,992,0,5,5.868435823539321,3.0641339981229976,176.78893799893558,442.0
1789926443,50,POST,POST /api/v1/auth/login,0.000000,0.000000,0,0,0,0,0,0,0,0,0,0,0,50,0,3400.0,3173.9970718009863,940.191768007935,4881.229678008822,1622.0
1789926443,50,,Aggregated,25.500000,0.000000,6,7,7,7,9,11,14,18,24,24,24,4029,0,6,45.906426621292454,3.0641339981229976,4881.229678008822,6775.383221643087
1789926444,50,GET,GET /api/v1/reservas,18.600000,0.000000,7,7,7,7,9,12,17,18,24,24,24,3007,0,6,6.843450268431682,3.8396890013245866,98.26971200527623,8965.0
1789926444,50,GET,GET /api/v1/reservas/{id},6.500000,0.000000,5,6,6,6,7,9,12,15,15,15,15,997,0,5,5.874188739183819,3.0641339981229976,176.78893799893558,442.0
1789926444,50,POST,POST /api/v1/auth/login,0.000000,0.000000,0,0,0,0,0,0,0,0,0,0,0,50,0,3400.0,3173.9970718009863,940.191768007935,4881.229678008822,1622.0
1789926444,50,,Aggregated,25.100000,0.000000,6,7,7,7,9,12,14,18,24,24,24,4054,0,6,45.66716199314002,3.0641339981229976,4881.229678008822,6778.374198322645
1789926445,50,GET,GET /api/v1/reservas,18.800000,0.000000,7,7,7,8,9,12,17,18,24,24,24,3021,0,6,6.845383512468756,3.8396890013245866,98.26971200527623,8965.0
1789926445,50,GET,GET /api/v1/reservas/{id},6.200000,0.000000,5,6,6,6,8,9,12,15,15,15,15,1007,0,5,5.880075344540592,3.0641339981229976,176.78893799893558,442.0
1789926445,50,POST,POST /api/v1/auth/login,0.000000,0.000000,0,0,0,0,0,0,0,0,0,0,0,50,0,3400.0,3173.9970718009863,940.191768007935,4881.229678008822,1622.0
1789926445,50,,Aggregated,25.000000,0.000000,6,7,7,7,9,12,14,18,24,24,24,4078,0,6,45.43918417193963,3.0641339981229976,4881.229678008822,6770.343060323688
1789926446,50,GET,GET /api/v1/reservas,19.600000,0.000000,7,7,7,7,8,10,12,13,24,24,24,3038,0,6,6.8450317982743805,3.8396890013245866,98.26971200527623,8965.0
1789926446,50,GET,GET /api/v1/reservas/{id},6.200000,0.000000,5,6,6,6,8,8,11,12,12,12,12,1013,0,5,5.877357603152244,3.0641339981229976,176.78893799893558,442.0
1789926446,50,POST,POST /api/v1/auth/login,0.000000,0.000000,0,0,0,0,0,0,0,0,0,0,0,50,0,3400.0,3173.9970718009863,940.191768007935,4881.229678008822,1622.0
1789926446,50,,Aggregated,25.800000,0.000000,6,7,7,7,8,9,12,12,24,24,24,4101,0,6,45.220390988832015,3.0641339981229976,4881.229678008822,6770.181906851987
1789926447,50,GET,GET /api/v1/reservas,19.400000,0.000000,7,7,7,7,8,10,12,13,24,24,24,3058,0,6,6.842085552693297,3.8396890013245866,98.26971200527623,8965.0
1789926447,50,GET,GET /api/v1/reservas/{id},6.200000,0.000000,5,6,6,6,8,8,11,12,12,12,12,1017,0,5,5.877701015726868,3.0641339981229976,176.78893799893558,442.0
1789926447,50,POST,POST /api/v1/auth/login,0.000000,0.000000,0,0,0,0,0,0,0,0,0,0,0,50,0,3400.0,3173.9970718009863,940.191768007935,4881.229678008822,1622.0
1789926447,50,,Aggregated,25.600000,0.000000,7,7,7,7,8,9,12,12,24,24,24,4125,0,6,44.99407833774052,3.0641339981229976,4881.229678008822,6774.68703030303
1789926448,50,GET,GET /api/v1/reservas,19.200000,0.000000,7,7,7,7,8,10,12,13,24,24,24,3078,0,6,6.840875857411185,3.8396890013245866,98.26971200527623,8965.0
1789926448,50,GET,GET /api/v1/reservas/{id},6.700000,0.000000,5,6,6,6,8,8,11,12,12,12,12,1026,0,5,5.874276319690585,3.0641339981229976,176.78893799893558,442.0
1789926448,50,POST,POST /api/v1/auth/login,0.000000,0.000000,0,0,0,0,0,0,0,0,0,0,0,50,0,3400.0,3173.9970718009863,940.191768007935,4881.229678008822,1622.0
1789926448,50,,Aggregated,25.900000,0.000000,7,7,7,7,8,9,12,12,24,24,24,4154,0,6,44.72389912931234,3.0641339981229976,4881.229678008822,6771.512277323062
1789926449,50,GET,GET /api/v1/reservas,18.700000,0.000000,7,7,7,7,8,9,12,13,24,24,24,3091,0,6,6.842680890683517,3.8396890013245866,98.26971200527623,8965.0
1789926449,50,GET,GET /api/v1/reservas/{id},6.500000,0.000000,5,6,6,7,8,8,11,12,12,12,12,1032,0,5,5.8734358711283905,3.0641339981229976,176.78893799893558,442.0
1789926449,50,POST,POST /api/v1/auth/login,0.000000,0.000000,0,0,0,0,0,0,0,0,0,0,0,50,0,3400.0,3173.9970718009863,940.191768007935,4881.229678008822,1622.0
1789926449,50,,Aggregated,25.200000,0.000000,7,7,7,7,8,9,12,12,24,24,24,4173,0,6,44.55115409589182,3.0641339981229976,4881.229678008822,6769.244907740235
1789926450,50,GET,GET /api/v1/reservas,19.300000,0.000000,7,7,7,7,8,9,12,13,24,24,24,3109,0,6,6.844057682576414,3.8396890013245866,98.26971200527623,8965.0
1789926450,50,GET,GET /api/v1/reservas/{id},6.200000,0.000000,5,6,6,6,8,8,8,12,12,12,12,1041,0,5,5.87119295870828,3.0641339981229976,176.78893799893558,442.0
1789926450,50,POST,POST /api/v1/auth/login,0.000000,0.000000,0,0,0,0,0,0,0,0,0,0,0,50,0,3400.0,3173.9970718009863,940.191768007935,4881.229678008822,1622.0
1789926450,50,,Aggregated,25.500000,0.000000,7,7,7,7,8,9,12,12,24,24,24,4200,0,6,44.30712876076065,3.0641339981229976,4881.229678008822,6765.096904761905
1789926451,50,GET,GET /api/v1/reservas,19.400000,0.000000,7,7,7,7,8,9,12,12,24,24,24,3131,0,6,6.844993970029573,3.8396890013245866,98.26971200527623,8965.0
1789926451,50,GET,GET /api/v1/reservas/{id},6.500000,0.000000,5,6,6,6,8,8,8,12,12,12,12,1043,0,5,5.870706200396418,3.0641339981229976,176.78893799893558,442.0
1789926451,50,POST,POST /api/v1/auth/login,0.000000,0.000000,0,0,0,0,0,0,0,0,0,0,0,50,0,3400.0,3173.9970718009863,940.191768007935,4881.229678008822,1622.0
1789926451,50,,Aggregated,25.900000,0.000000,7,7,7,7,8,8,12,12,24,24,24,4224,0,6,44.094383588358276,3.0641339981229976,4881.229678008822,6773.56084280303
1789926452,50,GET,GET /api/v1/reservas,19.000000,0.000000,7,7,7,8,8,9,12,13,24,24,24,3148,0,6,6.8526192980078395,3.8396890013245866,98.26971200527623,8965.0
1789926452,50,GET,GET /api/v1/reservas/{id},6.600000,0.000000,5,6,6,6,7,8,8,12,12,12,12,1050,0,5,5.868552404766281,3.0641339981229976,176.78893799893558,442.0
1789926452,50,POST,POST /api/v1/auth/login,0.000000,0.000000,0,0,0,0,0,0,0,0,0,0,0,50,0,3400.0,3173.9970718009863,940.191768007935,4881.229678008822,1622.0
1789926452,50,,Aggregated,25.600000,0.000000,7,7,7,7,8,9,12,12,24,24,24,4248,0,6,43.88744801440268,3.0641339981229976,4881.229678008822,6771.89736346516
1789926453,50,GET,GET /api/v1/reservas,18.400000,0.000000,7,7,7,8,8,9,11,12,13,13,13,3164,0,6,6.852578800603204,3.8396890013245866,98.26971200527623,8965.0
1789926453,50,GET,GET /api/v1/reservas/{id},6.400000,0.000000,5,6,6,6,7,8,8,12,12,12,12,1058,0,5,5.865670056719401,3.0641339981229976,176.78893799893558,442.0
1789926453,50,POST,POST /api/v1/auth/login,0.000000,0.000000,0,0,0,0,0,0,0,0,0,0,0,50,0,3400.0,3173.9970718009863,940.191768007935,4881.229678008822,1622.0
1789926453,50,,Aggregated,24.800000,0.000000,7,7,7,7,8,9,11,12,13,13,13,4272,0,6,43.676800523213245,3.0641339981229976,4881.229678008822,6768.2574906367045
1789926454,50,GET,GET /api/v1/reservas,18.400000,0.000000,7,7,8,8,8,9,10,12,13,13,13,3183,0,6,6.85526670974948,3.8396890013245866,98.26971200527623,8965.0
1789926454,50,GET,GET /api/v1/reservas/{id},6.100000,0.000000,5,6,6,6,7,8,8,8,8,8,8,1067,0,5,5.8629419991061145,3.0641339981229976,176.78893799893558,442.0
1789926454,50,POST,POST /api/v1/auth/login,0.000000,0.000000,0,0,0,0,0,0,0,0,0,0,0,50,0,3400.0,3173.9970718009863,940.191768007935,4881.229678008822,1622.0
1789926454,50,,Aggregated,24.500000,0.000000,7,7,7,7,8,9,10,11,13,13,13,4300,0,6,43.43626200935538,3.0641339981229976,4881.229678008822,6764.723023255814
1789926455,50,GET,GET /api/v1/reservas,18.600000,0.000000,7,7,7,8,8,9,10,13,15,15,15,3203,0,6,6.8581166553674215,3.8396890013245866,98.26971200527623,8965.0
1789926455,50,GET,GET /api/v1/reservas/{id},6.700000,0.000000,5,6,6,6,6,7,7,7,7,7,7,1072,0,5,5.859862203402344,3.0641339981229976,176.78893799893558,442.0
1789926455,50,POST,POST /api/v1/auth/login,0.000000,0.000000,0,0,0,0,0,0,0,0,0,0,0,50,0,3400.0,3173.9970718009863,940.191768007935,4881.229678008822,1622.0
1789926455,50,,Aggregated,25.300000,0.000000,7,7,7,7,8,9,10,12,15,15,15,4325,0,6,43.225011218321036,3.0641339981229976,4881.229678008822,6767.588208092486
1789926456,50,GET,GET /api/v1/reservas,17.800000,0.000000,7,7,8,8,8,9,10,13,15,15,15,3223,0,6,6.8556248542125315,3.8396890013245866,98.26971200527623,8965.0
1789926456,50,GET,GET /api/v1/reservas/{id},6.500000,0.000000,5,6,6,6,6,7,7,7,7,7,7,1077,0,5,5.858637352864571,3.0641339981229976,176.78893799893558,442.0
1789926456,50,POST,POST /api/v1/auth/login,0.000000,0.000000,0,0,0,0,0,0,0,0,0,0,0,50,0,3400.0,3173.9970718009863,940.191768007935,4881.229678008822,1622.0
1789926456,50,,Aggregated,24.300000,0.000000,7,7,7,7,8,9,10,12,15,15,15,4350,0,6,43.012709177979644,3.0641339981229976,4881.229678008822,6770.420459770115
1789926457,50,GET,GET /api/v1/reservas,17.800000,0.000000,7,7,8,8,8,10,11,13,15,15,15,3239,0,6,6.855483978119143,3.8396890013245866,98.26971200527623,8965.0
1789926457,50,GET,GET /api/v1/reservas/{id},7.000000,0.000000,5,6,6,6,6,7,7,7,7,7,7,1085,0,5,5.8533881226160736,3.0641339981229976,176.78893799893558,442.0
1789926457,50,POST,POST /api/v1/auth/login,0.000000,0.000000,0,0,0,0,0,0,0,0,0,0,0,50,0,3400.0,3173.9970718009863,940.191768007935,4881.229678008822,1622.0
1789926457,50,,Aggregated,24.800000,0.000000,7,7,7,7,8,9,11,12,15,15,15,4374,0,6,42.811086490218486,3.0641339981229976,4881.229678008822,6766.873571101966
1789926458,50,GET,GET /api/v1/reservas,18.000000,0.000000,7,7,7,8,8,10,11,13,15,15,15,3254,0,6,6.853967508945359,3.8396890013245866,98.26971200527623,8965.0
1789926458,50,GET,GET /api/v1/reservas/{id},6.400000,0.000000,5,6,6,6,6,6,7,7,7,7,7,1092,0,5,5.8494944231301735,3.0641339981229976,176.78893799893558,442.0
1789926458,50,POST,POST /api/v1/auth/login,0.000000,0.000000,0,0,0,0,0,0,0,0,0,0,0,50,0,3400.0,3173.9970718009863,940.191768007935,4881.229678008822,1622.0
1789926458,50,,Aggregated,24.400000,0.000000,7,7,7,7,8,9,11,12,15,15,15,4396,0,6,42.62745945728291,3.0641339981229976,4881.229678008822,6764.302547770701
1789926459,50,GET,GET /api/v1/reservas,18.600000,0.000000,7,7,7,8,8,10,11,13,15,15,15,3270,0,6,6.8561377128837515,3.8396890013245866,98.26971200527623,8965.0
1789926459,50,GET,GET /api/v1/reservas/{id},6.400000,0.000000,5,6,6,6,6,6,7,7,7,7,7,1099,0,5,5.848411837177164,3.0641339981229976,176.78893799893558,442.0
1789926459,50,POST,POST /api/v1/auth/login,0.000000,0.000000,0,0,0,0,0,0,0,0,0,0,0,50,0,3400.0,3173.9970718009863,940.191768007935,4881.229678008822,1622.0
1789926459,50,,Aggregated,25.000000,0.000000,7,7,7,7,8,9,10,11,15,15,15,4419,0,6,42.44101120620884,3.0641339981229976,4881.229678008822,6762.255713962435
1789926460,50,GET,GET /api/v1/reservas,17.900000,0.000000,7,7,8,8,8,10,11,13,15,15,15,3291,0,6,6.85865870651271,3.8396890013245866,98.26971200527623,8965.0
1789926460,50,GET,GET /api/v1/reservas/{id},6.700000,0.000000,5,6,6,6,6,6,7,7,7,7,7,1106,0,5,5.845508720677566,3.0641339981229976,176.78893799893558,442.0
1789926460,50,POST,POST /api/v1/auth/login,0.000000,0.000000,0,0,0,0,0,0,0,0,0,0,0,50,0,3400.0,3173.9970718009863,940.191768007935,4881.229678008822,1622.0
1789926460,50,,Aggregated,24.600000,0.000000,7,7,7,7,8,9,10,11,15,15,15,4447,0,6,42.21651271379628,3.0641339981229976,4881.229678008822,6762.709017315044
1789926461,50,GET,GET /api/v1/reservas,17.500000,0.000000,7,7,7,8,9,10,11,13,15,15,15,3311,0,6,6.859483276402255,3.8396890013245866,98.26971200527623,8965.0
1789926461,50,GET,GET /api/v1/reservas/{id},6.700000,0.000000,5,6,6,6,6,7,7,9,9,9,9,1110,0,5,5.846479754115723,3.0641339981229976,176.78893799893558,442.0
1789926461,50,POST,POST /api/v1/auth/login,0.000000,0.000000,0,0,0,0,0,0,0,0,0,0,0,50,0,3400.0,3173.9970718009863,940.191768007935,4881.229678008822,1622.0
1789926461,50,,Aggregated,24.200000,0.000000,7,7,7,7,8,9,10,11,15,15,15,4471,0,6,42.02665963884716,3.0641339981229976,4881.229678008822,6766.905613956609
1789926462,50,GET,GET /api/v1/reservas,17.500000,0.000000,7,7,7,8,8,10,11,15,15,15,15,3331,0,6,6.864446179880101,3.8396890013245866,98.26971200527623,8965.0
1789926462,50,GET,GET /api/v1/reservas/{id},6.900000,0.000000,5,6,6,6,6,7,7,9,9,9,9,1114,0,5,5.84618988695554,3.0641339981229976,176.78893799893558,442.0
1789926462,50,POST,POST /api/v1/auth/login,0.000000,0.000000,0,0,0,0,0,0,0,0,0,0,0,50,0,3400.0,3173.9970718009863,940.191768007935,4881.229678008822,1622.0
1789926462,50,,Aggregated,24.400000,0.000000,7,7,7,7,8,9,10,11,15,15,15,4495,0,6,41.84159718560587,3.0641339981229976,4881.229678008822,6771.0573971078975
1789926463,50,GET,GET /api/v1/reservas,18.500000,0.000000,7,7,7,8,8,10,11,15,15,15,15,3348,0,6,6.862299705554705,3.8396890013245866,98.26971200527623,8965.0
1789926463,50,GET,GET /api/v1/reservas/{id},6.500000,0.000000,5,6,6,6,6,6,7,9,9,9,9,1127,0,5,5.837130122490603,3.0641339981229976,176.78893799893558,442.0
1789926463,50,POST,POST /api/v1/auth/login,0.000000,0.000000,0,0,0,0,0,0,0,0,0,0,0,50,0,3400.0,3173.9970718009863,940.191768007935,4881.229678008822,1622.0
1789926463,50,,Aggregated,25.000000,0.000000,7,7,7,7,8,9,10,12,15,15,15,4525,0,6,41.602934508794114,3.0641339981229976,4881.229678008822,6761.116906077348
1789926464,50,GET,GET /api/v1/reservas,18.100000,0.000000,7,7,7,7,8,10,11,15,15,15,15,3365,0,6,6.859554799167573,3.8396890013245866,98.26971200527623,8965.0
1789926464,50,GET,GET /api/v1/reservas/{id},6.500000,0.000000,5,6,6,6,6,6,7,9,9,9,9,1130,0,5,5.835677887672616,3.0641339981229976,176.78893799893558,442.0
1789926464,50,POST,POST /api/v1/auth/login,0.000000,0.000000,0,0,0,0,0,0,0,0,0,0,0,50,0,3400.0,3173.9970718009863,940.191768007935,4881.229678008822,1622.0
1789926464,50,,Aggregated,24.600000,0.000000,6,7,7,7,8,9,11,12,15,15,15,4545,0,6,41.44699042955297,3.0641339981229976,4881.229678008822,6765.1892189218925
1789926465,50,GET,GET /api/v1/reservas,18.500000,0.000000,7,7,7,7,9,10,12,15,15,15,15,3384,0,6,6.8668028073758345,3.8396890013245866,98.26971200527623,8965.0
1789926465,50,GET,GET /api/v1/reservas/{id},6.500000,0.000000,5,5,6,6,6,6,7,9,9,9,9,1135,0,5,5.829139743659272,3.0641339981229976,176.78893799893558,442.0
1789926465,50,POST,POST /api/v1/auth/login,0.000000,0.000000,0,0,0,0,0,0,0,0,0,0,0,50,0,3400.0,3173.9970718009863,940.191768007935,4881.229678008822,1622.0
1789926465,50,,Aggregated,25.000000,0.000000,6,7,7,7,8,10,11,12,15,15,15,4569,0,6,41.267933442605035,3.0641339981229976,4881.229678008822,6767.417377982053
1789926466,50,GET,GET /api/v1/reservas,18.400000,0.000000,7,7,7,8,9,11,12,15,15,15,15,3401,0,6,6.871253828920223,3.8396890013245866,98.26971200527623,8965.0
1789926466,50,GET,GET /api/v1/reservas/{id},7.000000,0.000000,5,6,6,6,6,7,9,12,12,12,12,1146,0,5,5.8358873926697585,3.0641339981229976,176.78893799893558,442.0
1789926466,50,POST,POST /api/v1/auth/login,0.000000,0.000000,0,0,0,0,0,0,0,0,0,0,0,50,0,3400.0,3173.9970718009863,940.191768007935,4881.229678008822,1622.0
1789926466,50,,Aggregated,25.400000,0.000000,7,7,7,7,9,10,12,13,15,15,15,4597,0,6,41.06089075793051,3.0641339981229976,4881.229678008822,6760.408309767239
1789926467,50,GET,GET /api/v1/reservas,18.000000,0.000000,7,7,7,8,9,10,12,15,15,15,15,3418,0,6,6.869844499171945,3.8396890013245866,98.26971200527623,8965.0
1789926467,50,GET,GET /api/v1/reservas/{id},6.200000,0.000000,5,6,6,6,6,7,9,12,12,12,12,1152,0,5,5.830462047735334,3.0641339981229976,176.78893799893558,442.0
1789926467,50,POST,POST /api/v1/auth/login,0.000000,0.000000,0,0,0,0,0,0,0,0,0,0,0,50,0,3400.0,3173.9970718009863,940.191768007935,4881.229678008822,1622.0
1789926467,50,,Aggregated,24.200000,0.000000,7,7,7,7,9,10,12,13,15,15,15,4620,0,6,40.88694250372514,3.0641339981229976,4881.229678008822,6760.314718614719
1789926468,50,GET,GET /api/v1/reservas,18.300000,0.000000,7,7,7,8,9,10,12,15,15,15,15,3438,0,6,6.865798135315081,3.8396890013245866,98.26971200527623,8965.0
1789926468,50,GET,GET /api/v1/reservas/{id},6.200000,0.000000,5,6,6,6,6,7,9,12,12,12,12,1155,0,5,5.826966864917653,3.0641339981229976,176.78893799893558,442.0
1789926468,50,POST,POST /api/v1/auth/login,0.000000,0.000000,0,0,0,0,0,0,0,0,0,0,0,50,0,3400.0,3173.9970718009863,940.191768007935,4881.229678008822,1622.0
1789926468,50,,Aggregated,24.500000,0.000000,7,7,7,7,9,10,12,13,15,15,15,4643,0,6,40.713894961930315,3.0641339981229976,4881.229678008822,6765.729054490631
1789926469,50,GET,GET /api/v1/reservas,17.800000,0.000000,7,7,7,7,9,10,13,15,15,15,15,3461,0,6,6.864737304309246,3.8396890013245866,98.26971200527623,8965.0
1789926469,50,GET,GET /api/v1/reservas/{id},7.200000,0.000000,5,5,6,6,6,9,9,12,12,12,12,1161,0,5,5.8253940835229745,3.0641339981229976,176.78893799893558,442.0
1789926469,50,POST,POST /api/v1/auth/login,0.000000,0.000000,0,0,0,0,0,0,0,0,0,0,0,50,0,3400.0,3173.9970718009863,940.191768007935,4881.229678008822,1622.0
1789926469,50,,Aggregated,25.000000,0.000000,6,7,7,7,9,10,12,14,15,15,15,4672,0,6,40.50128251952778,3.0641339981229976,4881.229678008822,6768.434717465753
1789926470,50,GET,GET /api/v1/reservas,18.000000,0.000000,7,7,7,8,9,11,13,15,15,15,15,3475,0,6,6.868134293007571,3.8396890013245866,98.26971200527623,8965.0
1789926470,50,GET,GET /api/v1/reservas/{id},6.700000,0.000000,5,5,6,6,6,8,9,12,12,12,12,1167,0,5,5.823355209054034,3.0641339981229976,176.78893799893558,442.0
1789926470,50,POST,POST /api/v1/auth/login,0.000000,0.000000,0,0,0,0,0,0,0,0,0,0,0,50,0,3400.0,3173.9970718009863,940.191768007935,4881.229678008822,1622.0
1789926470,50,,Aggregated,24.700000,0.000000,6,7,7,7,9,11,12,14,15,15,15,4692,0,6,40.35858392736928,3.0641339981229976,4881.229678008822,6766.898763853367
1789926471,50,GET,GET /api/v1/reservas,18.400000,0.000000,7,7,7,8,9,11,13,15,15,15,15,3496,0,6,6.86800248346966,3.8396890013245866,98.26971200527623,8965.0
1789926471,50,GET,GET /api/v1/reservas/{id},6.100000,0.000000,5,6,6,6,6,8,9,12,12,12,12,1173,0,5,5.824472595879392,3.0641339981229976,176.78893799893558,442.0
1789926471,50,POST,POST /api/v1/auth/login,0.000000,0.000000,0,0,0,0,0,0,0,0,0,0,0,50,0,3400.0,3173.9970718009863,940.191768007935,4881.229678008822,1622.0
1789926471,50,,Aggregated,24.500000,0.000000,6,7,7,7,9,10,12,14,15,15,15,4719,0,6,40.16581831473316,3.0641339981229976,4881.229678008822,6768.638694638695
1789926472,50,GET,GET /api/v1/reservas,19.200000,0.000000,7,7,7,8,9,11,12,14,15,15,15,3515,0,6,6.8701695411651205,3.8396890013245866,98.26971200527623,8965.0
1789926472,50,GET,GET /api/v1/reservas/{id},5.800000,0.000000,5,6,6,6,7,8,9,12,12,12,12,1178,0,5,5.824145908294628,3.0641339981229976,176.78893799893558,442.0
1789926472,50,POST,POST /api/v1/auth/login,0.000000,0.000000,0,0,0,0,0,0,0,0,0,0,0,50,0,3400.0,3173.9970718009863,940.191768007935,4881.229678008822,1622.0
1789926472,50,,Aggregated,25.000000,0.000000,6,7,7,7,9,11,12,13,15,15,15,4743,0,6,39.99775319570225,3.0641339981229976,4881.229678008822,6770.767657600674
1789926473,50,GET,GET /api/v1/reservas,17.900000,0.000000,7,7,7,8,9,11,13,15,21,21,21,3530,0,6,6.872449428946731,3.8396890013245866,98.26971200527623,8965.0
1789926473,50,GET,GET /api/v1/reservas/{id},6.000000,0.000000,5,6,6,6,7,8,12,18,18,18,18,1190,0,5,5.827968478953161,3.0641339981229976,176.78893799893558,442.0
1789926473,50,POST,POST /api/v1/auth/login,0.000000,0.000000,0,0,0,0,0,0,0,0,0,0,0,50,0,3400.0,3173.9970718009863,940.191768007935,4881.229678008822,1622.0
1789926473,50,,Aggregated,23.900000,0.000000,6,7,7,7,9,11,13,15,21,21,21,4770,0,6,39.81024791702003,3.0641339981229976,4881.229678008822,6761.746331236897
1789926474,50,GET,GET /api/v1/reservas,18.900000,0.000000,7,7,7,8,9,11,13,15,21,21,21,3556,0,6,6.867087654446888,3.8396890013245866,98.26971200527623,8965.0
1789926474,50,GET,GET /api/v1/reservas/{id},6.300000,0.000000,5,6,6,6,7,8,12,18,18,18,18,1194,0,5,5.826342764623612,3.0641339981229976,176.78893799893558,442.0
1789926474,50,POST,POST /api/v1/auth/login,0.000000,0.000000,0,0,0,0,0,0,0,0,0,0,0,50,0,3400.0,3173.9970718009863,940.191768007935,4881.229678008822,1622.0
1789926474,50,,Aggregated,25.200000,0.000000,6,7,7,7,9,11,12,15,21,21,21,4800,0,6,39.59913969796313,3.0641339981229976,4881.229678008822,6768.4141666666665
1789926475,50,GET,GET /api/v1/reservas,18.200000,0.000000,7,7,7,7,8,10,12,14,21,21,21,3571,0,6,6.868008651413972,3.8396890013245866,98.26971200527623,8965.0
1789926475,50,GET,GET /api/v1/reservas/{id},6.200000,0.000000,5,6,6,6,8,8,12,18,18,18,18,1200,0,5,5.82770534329029,3.0641339981229976,176.78893799893558,442.0
1789926475,50,POST,POST /api/v1/auth/login,0.000000,0.000000,0,0,0,0,0,0,0,0,0,0,0,50,0,3400.0,3173.9970718009863,940.191768007935,4881.229678008822,1622.0
1789926475,50,,Aggregated,24.400000,0.000000,6,7,7,7,8,9,12,14,21,21,21,4821,0,6,39.45628684841256,3.0641339981229976,4881.229678008822,6767.375025928231
1789926476,50,GET,GET /api/v1/reservas,18.000000,0.000000,7,7,7,7,8,9,11,14,21,21,21,3587,0,6,6.868063187680241,3.8396890013245866,98.26971200527623,8965.0
1789926476,50,GET,GET /api/v1/reservas/{id},6.200000,0.000000,5,6,6,6,7,8,8,18,18,18,18,1206,0,5,5.828313690648456,3.0641339981229976,176.78893799893558,442.0
1789926476,50,POST,POST /api/v1/auth/login,0.000000,0.000000,0,0,0,0,0,0,0,0,0,0,0,50,0,3400.0,3173.9970718009863,940.191768007935,4881.229678008822,1622.0
1789926476,50,,Aggregated,24.200000,0.000000,6,7,7,7,8,9,11,14,21,21,21,4843,0,6,39.30715311897179,3.0641339981229976,4881.229678008822,6766.798884988643
1789926477,50,GET,GET /api/v1/reservas,19.100000,0.000000,7,7,7,7,8,10,11,14,21,21,21,3605,0,6,6.86860295873114,3.8396890013245866,98.26971200527623,8965.0
1789926477,50,GET,GET /api/v1/reservas/{id},6.700000,0.000000,5,6,6,6,7,8,8,18,18,18,18,1210,0,5,5.827267278439927,3.0641339981229976,176.78893799893558,442.0
1789926477,50,POST,POST /api/v1/auth/login,0.000000,0.000000,0,0,0,0,0,0,0,0,0,0,0,50,0,3400.0,3173.9970718009863,940.191768007935,4881.229678008822,1622.0
1789926477,50,,Aggregated,25.800000,0.000000,6,7,7,7,8,9,11,14,21,21,21,4865,0,6,39.159745254509225,3.0641339981229976,4881.229678008822,6769.731757451182
1789926478,50,GET,GET /api/v1/reservas,18.600000,0.000000,7,7,7,7,8,10,11,14,21,21,21,3621,0,6,6.868370771676373,3.8396890013245866,98.26971200527623,8965.0
1789926478,50,GET,GET /api/v1/reservas/{id},6.500000,0.000000,5,6,6,6,7,8,8,18,18,18,18,1220,0,5,5.824117289262549,3.0641339981229976,176.78893799893558,442.0
1789926478,50,POST,POST /api/v1/auth/login,0.000000,0.000000,0,0,0,0,0,0,0,0,0,0,0,50,0,3400.0,3173.9970718009863,940.191768007935,4881.229678008822,1622.0
1789926478,50,,Aggregated,25.100000,0.000000,6,7,7,7,8,9,11,14,21,21,21,4891,0,6,38.985002504025715,3.0641339981229976,4881.229678008822,6763.975669597219
1789926479,50,GET,GET /api/v1/reservas,18.800000,0.000000,7,7,7,7,8,10,11,12,21,21,21,3642,0,6,6.869361399292418,3.8396890013245866,98.26971200527623,8965.0
1789926479,50,GET,GET /api/v1/reservas/{id},5.700000,0.000000,5,6,6,6,7,8,8,18,18,18,18,1225,0,5,5.8237007958339335,3.0641339981229976,176.78893799893558,442.0
1789926479,50,POST,POST /api/v1/auth/login,0.000000,0.000000,0,0,0,0,0,0,0,0,0,0,0,50,0,3400.0,3173.9970718009863,940.191768007935,4881.229678008822,1622.0
1789926479,50,,Aggregated,24.500000,0.000000,7,7,7,7,8,9,11,12,21,21,21,4917,0,6,38.81474502362597,3.0641339981229976,4881.229678008822,6766.947325605044
1789926480,50,GET,GET /api/v1/reservas,18.700000,0.000000,7,7,7,8,9,10,12,21,22,22,22,3658,0,6,6.880295746919328,3.8396890013245866,98.26971200527623,8965.0
1789926480,50,GET,GET /api/v1/reservas/{id},6.000000,0.000000,6,6,6,7,8,8,12,18,18,18,18,1229,0,5,5.8344898445167415,3.0641339981229976,176.78893799893558,442.0
1789926480,50,POST,POST /api/v1/auth/login,0.000000,0.000000,0,0,0,0,0,0,0,0,0,0,0,50,0,3400.0,3173.9970718009863,940.191768007935,4881.229678008822,1622.0
1789926480,50,,Aggregated,24.700000,0.000000,7,7,7,7,8,10,12,18,22,22,22,4937,0,6,38.69527313169765,3.0641339981229976,4881.229678008822,6768.946323678347
1789926481,50,GET,GET /api/v1/reservas,18.600000,0.000000,7,7,8,8,10,12,16,21,22,22,22,3677,0,6,6.901288772159247,3.8396890013245866,98.26971200527623,8965.0
1789926481,50,GET,GET /api/v1/reservas/{id},6.500000,0.000000,6,6,7,7,8,11,12,18,18,18,18,1236,0,5,5.846170228900796,3.0641339981229976,176.78893799893558,442.0
1789926481,50,POST,POST /api/v1/auth/login,0.000000,0.000000,0,0,0,0,0,0,0,0,0,0,0,50,0,3400.0,3173.9970718009863,940.191768007935,4881.229678008822,1622.0
1789926481,50,,Aggregated,25.100000,0.000000,7,7,7,8,10,12,16,20,22,22,22,4963,0,6,38.54558912113646,3.0641339981229976,4881.229678008822,6768.429780374773
1789926482,50,GET,GET /api/v1/reservas,18.000000,0.000000,7,8,9,10,13,21,29,42,45,45,45,3697,0,6,6.968195343315226,3.8396890013245866,98.26971200527623,8965.0
1789926482,50,GET,GET /api/v1/reservas/{id},6.400000,0.000000,6,6,7,7,11,18,33,48,48,48,48,1239,0,5,5.9037639135850934,3.0641339981229976,176.78893799893558,442.0
1789926482,50,POST,POST /api/v1/auth/login,0.000000,0.000000,0,0,0,0,0,0,0,0,0,0,0,50,0,3400.0,3173.9970718009863,940.191768007935,4881.229678008822,1622.0
1789926482,50,,Aggregated,24.400000,0.000000,7,7,8,9,12,21,29,42,48,48,48,4986,0,6,38.46290318155187,3.0641339981229976,4881.229678008822,6773.434215804252
1789926483,50,GET,GET /api/v1/reservas,18.500000,0.000000,7,8,9,10,13,21,29,42,45,45,45,3715,0,6,6.983482408409213,3.8396890013245866,98.26971200527623,8965.0
1789926483,50,GET,GET /api/v1/reservas/{id},6.400000,0.000000,6,7,7,8,11,13,33,48,48,48,48,1244,0,5,5.9180299171512925,3.0641339981229976,176.78893799893558,442.0
1789926483,50,POST,POST /api/v1/auth/login,0.000000,0.000000,0,0,0,0,0,0,0,0,0,0,0,50,0,3400.0,3173.9970718009863,940.191768007935,4881.229678008822,1622.0
1789926483,50,,Aggregated,24.900000,0.000000,7,8,9,10,12,21,29,42,48,48,48,5009,0,6,38.33210619968572,3.0641339981229976,4881.229678008822,6774.989618686364
1789926484,50,GET,GET /api/v1/reservas,17.800000,0.000000,8,9,10,11,13,22,29,42,45,45,45,3733,0,6,6.9914930563279665,3.8396890013245866,98.26971200527623,8965.0
1789926484,50,GET,GET /api/v1/reservas/{id},6.300000,0.000000,6,7,8,8,11,13,33,48,48,48,48,1251,0,5,5.921895598668771,3.0641339981229976,176.78893799893558,442.0
1789926484,50,POST,POST /api/v1/auth/login,0.000000,0.000000,0,0,0,0,0,0,0,0,0,0,0,50,0,3400.0,3173.9970718009863,940.191768007935,4881.229678008822,1622.0
1789926484,50,,Aggregated,24.100000,0.000000,7,8,10,10,12,21,29,42,48,48,48,5034,0,6,38.18184119254197,3.0641339981229976,4881.229678008822,6774.0141040921735
1789926485,50,GET,GET /api/v1/reservas,18.100000,0.000000,8,9,10,11,13,21,29,42,45,45,45,3756,0,6,7.00361236482147,3.8396890013245866,98.26971200527623,8965.0
1789926485,50,GET,GET /api/v1/reservas/{id},6.000000,0.000000,6,7,8,8,11,13,33,48,48,48,48,1256,0,5,5.926872942599269,3.0641339981229976,176.78893799893558,442.0
1789926485,50,POST,POST /api/v1/auth/login,0.000000,0.000000,0,0,0,0,0,0,0,0,0,0,0,50,0,3400.0,3173.9970718009863,940.191768007935,4881.229678008822,1622.0
1789926485,50,,Aggregated,24.100000,0.000000,7,9,10,11,12,21,29,42,48,48,48,5062,0,6,38.01848558834916,3.0641339981229976,4881.229678008822,6777.714737258001
1789926486,50,GET,GET /api/v1/reservas,18.600000,0.000000,8,10,10,11,14,21,29,42,45,45,45,3777,0,6,7.012073630735056,3.8396890013245866,98.26971200527623,8965.0
1789926486,50,GET,GET /api/v1/reservas/{id},5.400000,0.000000,6,7,8,8,11,13,33,48,48,48,48,1260,0,5,5.925906049124601,3.0641339981229976,176.78893799893558,442.0
1789926486,50,POST,POST /api/v1/auth/login,0.000000,0.000000,0,0,0,0,0,0,0,0,0,0,0,50,0,3400.0,3173.9970718009863,940.191768007935,4881.229678008822,1622.0
1789926486,50,,Aggregated,24.000000,0.000000,8,9,10,11,13,21,29,42,48,48,48,5087,0,6,37.87125954692994,3.0641339981229976,4881.229678008822,6781.762335364655
1789926487,50,GET,GET /api/v1/reservas,18.000000,0.000000,8,9,10,11,13,21,29,42,45,45,45,3799,0,6,7.0096922459282265,3.8396890013245866,98.26971200527623,8965.0
1789926487,50,GET,GET /api/v1/reservas/{id},5.500000,0.000000,6,7,8,10,11,13,48,48,48,48,48,1261,0,5,5.926004712045943,3.0641339981229976,176.78893799893558,442.0
1789926487,50,POST,POST /api/v1/auth/login,0.000000,0.000000,0,0,0,0,0,0,0,0,0,0,0,50,0,3400.0,3173.9970718009863,940.191768007935,4881.229678008822,1622.0
1789926487,50,,Aggregated,23.500000,0.000000,8,9,10,11,13,21,29,42,48,48,48,5110,0,6,37.730404378516745,3.0641339981229976,4881.229678008822,6789.921135029354
1789926488,50,GET,GET /api/v1/reservas,18.600000,0.000000,8,9,10,11,13,21,29,42,45,45,45,3815,0,6,7.008231521185413,3.8396890013245866,98.26971200527623,8965.0
1789926488,50,GET,GET /api/v1/reservas/{id},5.600000,0.000000,6,7,8,10,11,13,48,48,48,48,48,1269,0,5,5.9227004900543125,3.0641339981229976,176.78893799893558,442.0
1789926488,50,POST,POST /api/v1/auth/login,0.000000,0.000000,0,0,0,0,0,0,0,0,0,0,0,50,0,3400.0,3173.9970718009863,940.191768007935,4881.229678008822,1622.0
1789926488,50,,Aggregated,24.200000,0.000000,8,9,10,11,13,21,29,42,48,48,48,5134,0,6,37.58320291492999,3.0641339981229976,4881.229678008822,6786.808141799766
1789926489,50,GET,GET /api/v1/reservas,18.600000,0.000000,8,9,10,11,14,21,29,42,45,45,45,3832,0,6,7.007777386037739,3.8396890013245866,98.26971200527623,8965.0
1789926489,50,GET,GET /api/v1/reservas/{id},5.400000,0.000000,6,7,8,8,11,13,33,48,48,48,48,1277,0,5,5.914358712503335,3.0641339981229976,176.78893799893558,442.0
1789926489,50,POST,POST /api/v1/auth/login,0.000000,0.000000,0,0,0,0,0,0,0,0,0,0,0,50,0,3400.0,3173.9970718009863,940.191768007935,4881.229678008822,1622.0
1789926489,50,,Aggregated,24.000000,0.000000,8,9,10,11,13,20,29,42,48,48,48,5159,0,6,37.430954178951865,3.0641339981229976,4881.229678008822,6784.146927699167
1789926490,50,GET,GET /api/v1/reservas,19.400000,0.000000,8,9,10,11,13,17,29,42,45,45,45,3855,0,6,7.018310723023159,3.8396890013245866,98.26971200527623,8965.0
1789926490,50,GET,GET /api/v1/reservas/{id},5.000000,0.000000,6,7,8,8,10,13,33,48,48,48,48,1282,0,5,5.920173606752035,3.0641339981229976,176.78893799893558,442.0
1789926490,50,POST,POST /api/v1/auth/login,0.000000,0.000000,0,0,0,0,0,0,0,0,0,0,0,50,0,3400.0,3173.9970718009863,940.191768007935,4881.229678008822,1622.0
1789926490,50,,Aggregated,24.400000,0.000000,7,9,10,11,13,16,29,42,48,48,48,5187,0,6,37.27493811281274,3.0641339981229976,4881.229678008822,6787.703682282629
1789926491,50,GET,GET /api/v1/reservas,19.400000,0.000000,7,8,10,11,13,17,29,42,45,45,45,3872,0,6,7.02054816379921,3.8396890013245866,98.26971200527623,8965.0
1789926491,50,GET,GET /api/v1/reservas/{id},5.000000,0.000000,6,7,8,8,10,13,33,48,48,48,48,1288,0,5,5.9235175286060135,3.0641339981229976,176.78893799893558,442.0
1789926491,50,POST,POST /api/v1/auth/login,0.000000,0.000000,0,0,0,0,0,0,0,0,0,0,0,50,0,3400.0,3173.9970718009863,940.191768007935,4881.229678008822,1622.0
1789926491,50,,Aggregated,24.400000,0.000000,7,8,9,10,12,16,29,42,48,48,48,5210,0,6,37.14259244858434,3.0641339981229976,4881.229678008822,6787.5001919385795
1789926492,50,GET,GET /api/v1/reservas,19.000000,0.000000,7,8,9,10,11,12,14,17,27,27,27,3890,0,6,7.024188476662836,3.8396890013245866,98.26971200527623,8965.0
1789926492,50,GET,GET /api/v1/reservas/{id},5.200000,0.000000,6,6,7,7,9,10,10,13,13,13,13,1294,0,5,5.919644565561623,3.0641339981229976,176.78893799893558,442.0
1789926492,50,POST,POST /api/v1/auth/login,0.000000,0.000000,0,0,0,0,0,0,0,0,0,0,0,50,0,3400.0,3173.9970718009863,940.191768007935,4881.229678008822,1622.0
1789926492,50,,Aggregated,24.200000,0.000000,7,8,8,9,11,12,14,16,27,27,27,5234,0,6,37.00496118305397,3.0641339981229976,4881.229678008822,6787.714558654949
1789926493,50,GET,GET /api/v1/reservas,19.700000,0.000000,7,8,8,9,11,12,14,16,17,17,17,3911,0,6,7.02698724014192,3.8396890013245866,98.26971200527623,8965.0
1789926493,50,GET,GET /api/v1/reservas/{id},5.200000,0.000000,6,6,6,7,8,9,10,10,10,10,10,1301,0,5,5.913658045996646,3.0641339981229976,176.78893799893558,442.0
1789926493,50,POST,POST /api/v1/auth/login,0.000000,0.000000,0,0,0,0,0,0,0,0,0,0,0,50,0,3400.0,3173.9970718009863,940.191768007935,4881.229678008822,1622.0
1789926493,50,,Aggregated,24.900000,0.000000,7,7,8,8,10,12,13,14,17,17,17,5262,0,6,36.84455906577081,3.0641339981229976,4881.229678008822,6787.96218167997
1789926494,50,GET,GET /api/v1/reservas,19.400000,0.000000,7,8,8,9,11,12,14,16,17,17,17,3932,0,6,7.027164747758236,3.8396890013245866,98.26971200527623,8965.0
1789926494,50,GET,GET /api/v1/reservas/{id},5.300000,0.000000,5,6,6,6,8,9,10,10,10,10,10,1303,0,5,5.913252157968339,3.0641339981229976,176.78893799893558,442.0
1789926494,50,POST,POST /api/v1/auth/login,0.000000,0.000000,0,0,0,0,0,0,0,0,0,0,0,50,0,3400.0,3173.9970718009863,940.191768007935,4881.229678008822,1622.0
1789926494,50,,Aggregated,24.700000,0.000000,7,7,8,8,10,12,14,14,17,17,17,5285,0,6,36.71440547588788,3.0641339981229976,4881.229678008822,6794.211163670766
1789926495,50,GET,GET /api/v1/reservas,19.200000,0.000000,7,7,8,8,10,12,14,16,17,17,17,3955,0,6,7.026739252883383,3.8396890013245866,98.26971200527623,8965.0
1789926495,50,GET,GET /api/v1/reservas/{id},5.600000,0.000000,5,6,6,6,7,9,10,10,10,10,10,1306,0,5,5.911019140756247,3.0641339981229976,176.78893799893558,442.0
1789926495,50,POST,POST /api/v1/auth/login,0.000000,0.000000,0,0,0,0,0,0,0,0,0,0,0,50,0,3400.0,3173.9970718009863,940.191768007935,4881.229678008822,1622.0
1789926495,50,,Aggregated,24.800000,0.000000,7,7,7,8,9,11,14,14,17,17,17,5311,0,6,36.56757641367553,3.0641339981229976,4881.229678008822,6800.023912634156
1789926496,50,GET,GET /api/v1/reservas,19.700000,0.000000,7,7,8,8,9,11,13,14,16,16,16,3971,0,6,7.026587965291455,3.8396890013245866,98.26971200527623,8965.0
1789926496,50,GET,GET /api/v1/reservas/{id},5.700000,0.000000,5,6,6,6,7,9,9,10,10,10,10,1313,0,5,5.911792993018604,3.0641339981229976,176.78893799893558,442.0
1789926496,50,POST,POST /api/v1/auth/login,0.000000,0.000000,0,0,0,0,0,0,0,0,0,0,0,50,0,3400.0,3173.9970718009863,940.191768007935,4881.229678008822,1622.0
1789926496,50,,Aggregated,25.400000,0.000000,7,7,7,8,9,11,12,14,16,16,16,5334,0,6,36.43881113611832,3.0641339981229976,4881.229678008822,6798.174165729284
1789926497,50,GET,GET /api/v1/reservas,19.700000,0.000000,7,7,8,8,10,12,14,15,16,16,16,3991,0,6,7.028606947681142,3.8396890013245866,98.26971200527623,8965.0
1789926497,50,GET,GET /api/v1/reservas/{id},5.200000,0.000000,5,6,6,6,7,9,10,10,10,10,10,1323,0,5,5.913548716408615,3.0641339981229976,176.78893799893558,442.0
1789926497,50,POST,POST /api/v1/auth/login,0.000000,0.000000,0,0,0,0,0,0,0,0,0,0,0,50,0,3400.0,3173.9970718009863,940.191768007935,4881.229678008822,1622.0
1789926497,50,,Aggregated,24.900000,0.000000,7,7,7,8,9,11,13,14,16,16,16,5364,0,6,36.274170184573705,3.0641339981229976,4881.229678008822,6794.403616703952
1789926498,50,GET,GET /api/v1/reservas,19.900000,0.000000,7,7,8,8,10,12,14,15,16,16,16,4004,0,6,7.028117926128144,3.8396890013245866,98.26971200527623,8965.0
1789926498,50,GET,GET /api/v1/reservas/{id},5.100000,0.000000,5,6,6,6,8,9,10,10,10,10,10,1327,0,5,5.911867938817411,3.0641339981229976,176.78893799893558,442.0
1789926498,50,POST,POST /api/v1/auth/login,0.000000,0.000000,0,0,0,0,0,0,0,0,0,0,0,50,0,3400.0,3173.9970718009863,940.191768007935,4881.229678008822,1622.0
1789926498,50,,Aggregated,25.000000,0.000000,7,7,7,8,9,11,13,14,16,16,16,5381,0,6,36.1801684670279,3.0641339981229976,4881.229678008822,6794.925478535588
1789926499,50,GET,GET /api/v1/reservas,19.500000,0.000000,7,7,8,8,9,12,14,15,16,16,16,4031,0,6,7.0256943002401115,3.8396890013245866,98.26971200527623,8965.0
1789926499,50,GET,GET /api/v1/reservas/{id},5.500000,0.000000,5,6,6,7,8,9,10,10,10,10,10,1331,0,5,5.909871615924796,3.0641339981229976,176.78893799893558,442.0
1789926499,50,POST,POST /api/v1/auth/login,0.000000,0.000000,0,0,0,0,0,0,0,0,0,0,0,50,0,3400.0,3173.9970718009863,940.191768007935,4881.229678008822,1622.0
1789926499,50,,Aggregated,25.000000,0.000000,7,7,7,8,9,11,12,14,16,16,16,5412,0,6,36.0100640124008,3.0641339981229976,4881.229678008822,6801.056356245381
1789926500,50,GET,GET /api/v1/reservas,19.100000,0.000000,7,7,7,8,9,10,12,12,15,15,15,4044,0,6,7.023936797549717,3.8396890013245866,98.26971200527623,8965.0
1789926500,50,GET,GET /api/v1/reservas/{id},6.100000,0.000000,5,6,6,6,7,7,8,10,10,10,10,1337,0,5,5.907534223497255,3.0641339981229976,176.78893799893558,442.0
1789926500,50,POST,POST /api/v1/auth/login,0.000000,0.000000,0,0,0,0,0,0,0,0,0,0,0,50,0,3400.0,3173.9970718009863,940.191768007935,4881.229678008822,1622.0
1789926500,50,,Aggregated,25.200000,0.000000,7,7,7,7,8,10,12,12,15,15,15,5431,0,6,35.90554727603686,3.0641339981229976,4881.229678008822,6799.210826735408
1789926501,50,GET,GET /api/v1/reservas,19.100000,0.000000,7,7,7,8,9,10,12,12,15,15,15,4064,0,6,7.027372068238238,3.8396890013245866,98.26971200527623,8965.0
1789926501,50,GET,GET /api/v1/reservas/{id},5.800000,0.000000,5,6,6,6,7,8,9,10,10,10,10,1345,0,5,5.911392766407165,3.0641339981229976,176.78893799893558,442.0
1789926501,50,POST,POST /api/v1/auth/login,0.000000,0.000000,0,0,0,0,0,0,0,0,0,0,0,50,0,3400.0,3173.9970718009863,940.191768007935,4881.229678008822,1622.0
1789926501,50,,Aggregated,24.900000,0.000000,7,7,7,7,8,9,12,12,15,15,15,5459,0,6,35.75928136035669,3.0641339981229976,4881.229678008822,6797.8292727605785
1789926502,50,GET,GET /api/v1/reservas,20.000000,0.000000,7,7,7,7,8,9,12,12,15,15,15,4080,0,6,7.025656102525638,3.8396890013245866,98.26971200527623,8965.0
1789926502,50,GET,GET /api/v1/reservas/{id},5.400000,0.000000,6,6,6,6,7,8,9,10,10,10,10,1353,0,5,5.909751959951544,3.0641339981229976,176.78893799893558,442.0
1789926502,50,POST,POST /api/v1/auth/login,0.000000,0.000000,0,0,0,0,0,0,0,0,0,0,0,50,0,3400.0,3173.9970718009863,940.191768007935,4881.229678008822,1622.0
1789926502,50,,Aggregated,25.400000,0.000000,7,7,7,7,8,9,12,12,15,15,15,5483,0,6,35.63020698343395,3.0641339981229976,4881.229678008822,6794.879810322816
1789926503,50,GET,GET /api/v1/reservas,18.700000,0.000000,7,7,7,8,9,9,12,13,15,15,15,4092,0,6,7.029804033308204,3.8396890013245866,98.26971200527623,8965.0
1789926503,50,GET,GET /api/v1/reservas/{id},5.400000,0.000000,6,6,6,6,7,8,9,10,10,10,10,1363,0,5,5.910397745280353,3.0641339981229976,176.78893799893558,442.0
1789926503,50,POST,POST /api/v1/auth/login,0.000000,0.000000,0,0,0,0,0,0,0,0,0,0,0,50,0,3400.0,3173.9970718009863,940.191768007935,4881.229678008822,1622.0
1789926503,50,,Aggregated,24.100000,0.000000,7,7,7,7,8,9,12,12,15,15,15,5505,0,6,35.517108777686396,3.0641339981229976,4881.229678008822,6788.070118074478
1789926504,50,GET,GET /api/v1/reservas,19.200000,0.000000,7,7,7,8,9,9,12,14,15,15,15,4108,0,6,7.030888695050821,3.8396890013245866,98.26971200527623,8965.0
1789926504,50,GET,GET /api/v1/reservas/{id},5.600000,0.000000,5,6,6,6,7,8,9,10,10,10,10,1371,0,5,5.906327624956331,3.0641339981229976,176.78893799893558,442.0
1789926504,50,POST,POST /api/v1/auth/login,0.000000,0.000000,0,0,0,0,0,0,0,0,0,0,0,50,0,3400.0,3173.9970718009863,940.191768007935,4881.229678008822,1622.0
1789926504,50,,Aggregated,24.800000,0.000000,7,7,7,7,8,9,12,13,15,15,15,5529,0,6,35.39162950318922,3.0641339981229976,4881.229678008822,6785.187556520166
1789926505,50,GET,GET /api/v1/reservas,18.900000,0.000000,7,7,7,8,9,9,12,14,15,15,15,4131,0,6,7.029645436995763,3.8396890013245866,98.26971200527623,8965.0
1789926505,50,GET,GET /api/v1/reservas/{id},5.800000,0.000000,6,6,6,6,7,8,9,10,10,10,10,1374,0,5,5.904983027539592,3.0641339981229976,176.78893799893558,442.0
1789926505,50,POST,POST /api/v1/auth/login,0.000000,0.000000,0,0,0,0,0,0,0,0,0,0,0,50,0,3400.0,3173.9970718009863,940.191768007935,4881.229678008822,1622.0
1789926505,50,,Aggregated,24.700000,0.000000,7,7,7,7,8,9,12,13,15,15,15,5555,0,6,35.25702350497178,3.0641339981229976,4881.229678008822,6790.787218721872
1789926506,50,GET,GET /api/v1/reservas,18.100000,0.000000,7,7,7,8,9,10,12,14,15,15,15,4148,0,6,7.031231921226045,3.8396890013245866,98.26971200527623,8965.0
1789926506,50,GET,GET /api/v1/reservas/{id},6.200000,0.000000,6,6,6,7,7,8,9,10,10,10,10,1379,0,5,5.907155736668209,3.0641339981229976,176.78893799893558,442.0
1789926506,50,POST,POST /api/v1/auth/login,0.000000,0.000000,0,0,0,0,0,0,0,0,0,0,0,50,0,3400.0,3173.9970718009863,940.191768007935,4881.229678008822,1622.0
1789926506,50,,Aggregated,24.300000,0.000000,7,7,7,7,9,9,12,13,15,15,15,5577,0,6,35.14638181103827,3.0641339981229976,4881.229678008822,6791.722790030482
1789926507,50,GET,GET /api/v1/reservas,17.500000,0.000000,7,7,7,8,9,9,12,13,14,14,14,4167,0,6,7.03148643082799,3.8396890013245866,98.26971200527623,8965.0
1789926507,50,GET,GET /api/v1/reservas/{id},6.700000,0.000000,6,6,6,7,7,8,9,9,9,9,9,1387,0,5,5.908947953771029,3.0641339981229976,176.78893799893558,442.0
1789926507,50,POST,POST /api/v1/auth/login,0.000000,0.000000,0,0,0,0,0,0,0,0,0,0,0,50,0,3400.0,3173.9970718009863,940.191768007935,4881.229678008822,1622.0
1789926507,50,,Aggregated,24.200000,0.000000,7,7,7,7,8,9,11,12,14,14,14,5604,0,6,35.00995152733583,3.0641339981229976,4881.229678008822,6790.0265881513205
1789926508,50,GET,GET /api/v1/reservas,17.500000,0.000000,7,7,7,8,9,9,12,13,14,14,14,4185,0,6,7.029704623467599,3.8396890013245866,98.26971200527623,8965.0
1789926508,50,GET,GET /api/v1/reservas/{id},6.700000,0.000000,5,6,6,7,7,8,9,9,9,9,9,1396,0,5,5.902530543623645,3.0641339981229976,176.78893799893558,442.0
1789926508,50,POST,POST /api/v1/auth/login,0.000000,0.000000,0,0,0,0,0,0,0,0,0,0,0,50,0,3400.0,3173.9970718009863,940.191768007935,4881.229678008822,1622.0
1789926508,50,,Aggregated,24.200000,0.000000,7,7,7,7,8,9,11,12,14,14,14,5631,0,6,34.87108863046703,3.0641339981229976,4881.229678008822,6786.833066950808
1789926509,50,GET,GET /api/v1/reservas,17.800000,0.000000,7,7,8,8,9,9,12,13,14,14,14,4205,0,6,7.030814025730618,3.8396890013245866,98.26971200527623,8965.0
1789926509,50,GET,GET /api/v1/reservas/{id},6.400000,0.000000,5,6,6,7,7,8,9,9,9,9,9,1402,0,5,5.900269636154702,3.0641339981229976,176.78893799893558,442.0
1789926509,50,POST,POST /api/v1/auth/login,0.000000,0.000000,0,0,0,0,0,0,0,0,0,0,0,50,0,3400.0,3173.9970718009863,940.191768007935,4881.229678008822,1622.0
1789926509,50,,Aggregated,24.200000,0.000000,7,7,7,7,8,9,11,12,14,14,14,5657,0,6,34.742196322809875,3.0641339981229976,4881.229678008822,6787.804313240234
1789926510,50,GET,GET /api/v1/reservas,17.500000,0.000000,7,7,8,8,9,9,12,13,14,14,14,4231,0,6,7.028274877135054,3.8396890013245866,98.26971200527623,8965.0
1789926510,50,GET,GET /api/v1/reservas/{id},6.400000,0.000000,5,6,6,7,7,8,9,9,9,9,9,1405,0,5,5.898846331596444,3.0641339981229976,176.78893799893558,442.0
1789926510,50,POST,POST /api/v1/auth/login,0.000000,0.000000,0,0,0,0,0,0,0,0,0,0,0,50,0,3400.0,3173.9970718009863,940.191768007935,4881.229678008822,1622.0
1789926510,50,,Aggregated,23.900000,0.000000,7,7,7,8,8,9,11,12,14,14,14,5686,0,6,34.59802386406977,3.0641339981229976,4881.229678008822,6794.411712979248
1789926511,50,GET,GET /api/v1/reservas,17.800000,0.000000,7,7,7,8,9,9,11,13,14,14,14,4244,0,6,7.027679524540464,3.8396890013245866,98.26971200527623,8965.0
1789926511,50,GET,GET /api/v1/reservas/{id},6.900000,0.000000,5,6,6,6,7,7,8,9,9,9,9,1410,0,5,5.898136141780576,3.0641339981229976,176.78893799893558,442.0
1789926511,50,POST,POST /api/v1/auth/login,0.000000,0.000000,0,0,0,0,0,0,0,0,0,0,0,50,0,3400.0,3173.9970718009863,940.191768007935,4881.229678008822,1622.0
1789926511,50,,Aggregated,24.700000,0.000000,7,7,7,7,8,9,10,11,14,14,14,5704,0,6,34.509413999317964,3.0641339981229976,4881.229678008822,6793.790322580645
1789926512,50,GET,GET /api/v1/reservas,17.500000,0.000000,7,7,7,8,9,9,11,13,14,14,14,4262,0,6,7.026499778314382,3.8396890013245866,98.26971200527623,8965.0
1789926512,50,GET,GET /api/v1/reservas/{id},7.100000,0.000000,5,6,6,6,7,7,9,9,9,9,9,1420,0,5,5.896561300641493,3.0641339981229976,176.78893799893558,442.0
1789926512,50,POST,POST /api/v1/auth/login,0.000000,0.000000,0,0,0,0,0,0,0,0,0,0,0,50,0,3400.0,3173.9970718009863,940.191768007935,4881.229678008822,1622.0
1789926512,50,,Aggregated,24.600000,0.000000,7,7,7,7,8,9,11,13,14,14,14,5732,0,6,34.371931732752294,3.0641339981229976,4881.229678008822,6789.527215631542
1789926513,50,GET,GET /api/v1/reservas,18.600000,0.000000,7,7,7,8,8,9,11,11,13,13,13,4280,0,6,7.028662565218804,3.8396890013245866,98.26971200527623,8965.0
1789926513,50,GET,GET /api/v1/reservas/{id},6.800000,0.000000,5,6,6,6,7,7,9,9,9,9,9,1426,0,5,5.893120253783537,3.0641339981229976,176.78893799893558,442.0
1789926513,50,POST,POST /api/v1/auth/login,0.000000,0.000000,0,0,0,0,0,0,0,0,0,0,0,50,0,3400.0,3173.9970718009863,940.191768007935,4881.229678008822,1622.0
1789926513,50,,Aggregated,25.400000,0.000000,7,7,7,7,8,9,11,11,13,13,13,5756,0,6,34.25749111380839,3.0641339981229976,4881.229678008822,6789.713690062544
1789926514,50,GET,GET /api/v1/reservas,18.000000,0.000000,7,7,7,8,8,9,11,13,14,14,14,4298,0,6,7.029293134746568,3.8396890013245866,98.26971200527623,8965.0
1789926514,50,GET,GET /api/v1/reservas/{id},6.600000,0.000000,5,6,6,6,7,9,9,9,9,9,9,1431,0,5,5.893978108935449,3.0641339981229976,176.78893799893558,442.0
1789926514,50,POST,POST /api/v1/auth/login,0.000000,0.000000,0,0,0,0,0,0,0,0,0,0,0,50,0,3400.0,3173.9970718009863,940.191768007935,4881.229678008822,1622.0
1789926514,50,,Aggregated,24.600000,0.000000,7,7,7,7,8,9,11,11,14,14,14,5779,0,6,34.1488212765317,3.0641339981229976,4881.229678008822,6790.997058314587
1789926515,50,GET,GET /api/v1/reservas,18.200000,0.000000,7,7,7,8,8,9,11,13,14,14,14,4321,0,6,7.023742708202391,3.8396890013245866,98.26971200527623,8965.0
1789926515,50,GET,GET /api/v1/reservas/{id},6.700000,0.000000,5,6,6,6,7,8,9,9,9,9,9,1435,0,5,5.890992601316516,3.0641339981229976,176.78893799893558,442.0
1789926515,50,POST,POST /api/v1/auth/login,0.000000,0.000000,0,0,0,0,0,0,0,0,0,0,0,50,0,3400.0,3173.9970718009863,940.191768007935,4881.229678008822,1622.0
1789926515,50,,Aggregated,24.900000,0.000000,7,7,7,7,8,9,11,11,14,14,14,5806,0,6,34.01705480797125,3.0641339981229976,4881.229678008822,6795.235101619015
1789926516,50,GET,GET /api/v1/reservas,18.700000,0.000000,7,7,7,7,8,9,11,14,14,14,14,4340,0,6,7.023212824695854,3.8396890013245866,98.26971200527623,8965.0
1789926516,50,GET,GET /api/v1/reservas/{id},6.300000,0.000000,5,6,6,6,7,7,9,9,9,9,9,1443,0,5,5.887023673513604,3.0641339981229976,176.78893799893558,442.0
1789926516,50,POST,POST /api/v1/auth/login,0.000000,0.000000,0,0,0,0,0,0,0,0,0,0,0,50,0,3400.0,3173.9970718009863,940.191768007935,4881.229678008822,1622.0
1789926516,50,,Aggregated,25.000000,0.000000,6,7,7,7,8,9,11,13,14,14,14,5833,0,6,33.88917750901928,3.0641339981229976,4881.229678008822,6793.589233670496
1789926517,50,GET,GET /api/v1/reservas,19.000000,0.000000,7,7,7,8,8,9,11,14,14,14,14,4358,0,6,7.024837119598759,3.8396890013245866,98.26971200527623,8965.0
1789926517,50,GET,GET /api/v1/reservas/{id},6.000000,0.000000,5,6,6,6,6,7,9,9,9,9,9,1448,0,5,5.88816384451349,3.0641339981229976,176.78893799893558,442.0
1789926517,50,POST,POST /api/v1/auth/login,0.000000,0.000000,0,0,0,0,0,0,0,0,0,0,0,50,0,3400.0,3173.9970718009863,940.191768007935,4881.229678008822,1622.0
1789926517,50,,Aggregated,25.000000,0.000000,6,7,7,7,8,9,11,13,14,14,14,5856,0,6,33.78417947474662,3.0641339981229976,4881.229678008822,6794.840505464481
1789926518,50,GET,GET /api/v1/reservas,19.000000,0.000000,7,7,7,8,8,9,12,14,14,14,14,4375,0,6,7.0236840964993466,3.8396890013245866,98.26971200527623,8965.0
1789926518,50,GET,GET /api/v1/reservas/{id},6.200000,0.000000,5,6,6,6,7,7,9,9,9,9,9,1458,0,5,5.883450043808179,3.0641339981229976,176.78893799893558,442.0
1789926518,50,POST,POST /api/v1/auth/login,0.000000,0.000000,0,0,0,0,0,0,0,0,0,0,0,50,0,3400.0,3173.9970718009863,940.191768007935,4881.229678008822,1622.0
1789926518,50,,Aggregated,25.200000,0.000000,6,7,7,7,8,9,11,13,14,14,14,5883,0,6,33.657409769863385,3.0641339981229976,4881.229678008822,6790.312935577086
1789926519,50,GET,GET /api/v1/reservas,19.100000,0.000000,7,7,7,7,8,9,12,14,14,14,14,4392,0,6,7.018804697439461,3.8396890013245866,98.26971200527623,8965.0
1789926519,50,GET,GET /api/v1/reservas/{id},6.400000,0.000000,5,6,6,6,7,7,9,9,9,9,9,1466,0,5,5.878988839618418,3.0641339981229976,176.78893799893558,442.0
1789926519,50,POST,POST /api/v1/auth/login,0.000000,0.000000,0,0,0,0,0,0,0,0,0,0,0,50,0,3400.0,3173.9970718009863,940.191768007935,4881.229678008822,1622.0
1789926519,50,,Aggregated,25.500000,0.000000,6,7,7,7,8,9,11,13,14,14,14,5908,0,6,33.538429495613414,3.0641339981229976,4881.229678008822,6787.974272173325
1789926520,50,GET,GET /api/v1/reservas,19.000000,0.000000,7,7,7,7,8,9,12,14,14,14,14,4408,0,6,7.015941059929267,3.8396890013245866,98.26971200527623,8965.0
1789926520,50,GET,GET /api/v1/reservas/{id},6.300000,0.000000,5,6,6,6,7,8,9,9,9,9,9,1470,0,5,5.880589903329125,3.0641339981229976,176.78893799893558,442.0
1789926520,50,POST,POST /api/v1/auth/login,0.000000,0.000000,0,0,0,0,0,0,0,0,0,0,0,50,0,3400.0,3173.9970718009863,940.191768007935,4881.229678008822,1622.0
1789926520,50,,Aggregated,25.300000,0.000000,6,7,7,7,8,9,11,13,14,14,14,5928,0,6,33.44645562417533,3.0641339981229976,4881.229678008822,6789.568151147098
1789926521,50,GET,GET /api/v1/reservas,18.800000,0.000000,7,7,7,7,8,11,13,14,17,17,17,4429,0,6,7.019278075899346,3.8396890013245866,98.26971200527623,8965.0
1789926521,50,GET,GET /api/v1/reservas/{id},6.200000,0.000000,5,6,6,6,7,8,9,9,9,9,9,1476,0,5,5.878020780418777,3.0641339981229976,176.78893799893558,442.0
1789926521,50,POST,POST /api/v1/auth/login,0.000000,0.000000,0,0,0,0,0,0,0,0,0,0,0,50,0,3400.0,3173.9970718009863,940.191768007935,4881.229678008822,1622.0
1789926521,50,,Aggregated,25.000000,0.000000,6,7,7,7,8,9,13,14,17,17,17,5955,0,6,33.32732071538298,3.0641339981229976,4881.229678008822,6790.84416456759
1789926522,50,GET,GET /api/v1/reservas,18.500000,0.000000,7,7,7,8,9,11,13,14,17,17,17,4446,0,6,7.020474651853441,3.8396890013245866,98.26971200527623,8965.0
1789926522,50,GET,GET /api/v1/reservas/{id},6.400000,0.000000,5,5,6,6,7,7,8,9,9,9,9,1483,0,5,5.875563696500157,3.0641339981229976,176.78893799893558,442.0
1789926522,50,POST,POST /api/v1/auth/login,0.000000,0.000000,0,0,0,0,0,0,0,0,0,0,0,50,0,3400.0,3173.9970718009863,940.191768007935,4881.229678008822,1622.0
1789926522,50,,Aggregated,24.900000,0.000000,6,7,7,7,8,9,13,14,17,17,17,5979,0,6,33.22066312997148,3.0641339981229976,4881.229678008822,6789.592908513129
1789926523,50,GET,GET /api/v1/reservas,17.900000,0.000000,7,7,7,8,9,12,14,17,18,18,18,4460,0,6,7.023605655183423,3.8396890013245866,98.26971200527623,8965.0
1789926523,50,GET,GET /api/v1/reservas/{id},6.500000,0.000000,5,6,6,6,7,7,8,9,9,9,9,1491,0,5,5.8734022856571,3.0641339981229976,176.78893799893558,442.0
1789926523,50,POST,POST /api/v1/auth/login,0.000000,0.000000,0,0,0,0,0,0,0,0,0,0,0,50,0,3400.0,3173.9970718009863,940.191768007935,4881.229678008822,1622.0
1789926523,50,,Aggregated,24.400000,0.000000,6,7,7,7,8,9,13,14,18,18,18,6001,0,6,33.12487545743745,3.0641339981229976,4881.229678008822,6786.205965672388
1789926524,50,GET,GET /api/v1/reservas,18.600000,0.000000,7,7,7,7,9,11,13,17,18,18,18,4479,0,6,7.022290932820499,3.8396890013245866,98.26971200527623,8965.0
1789926524,50,GET,GET /api/v1/reservas/{id},6.500000,0.000000,5,6,6,6,7,7,8,8,8,8,8,1495,0,5,5.872733753112637,3.0641339981229976,176.78893799893558,442.0
1789926524,50,POST,POST /api/v1/auth/login,0.000000,0.000000,0,0,0,0,0,0,0,0,0,0,0,50,0,3400.0,3173.9970718009863,940.191768007935,4881.229678008822,1622.0
1789926524,50,,Aggregated,25.100000,0.000000,6,7,7,7,8,9,13,14,18,18,18,6024,0,6,33.023312025075654,3.0641339981229976,4881.229678008822,6788.865371845949
1789926525,50,GET,GET /api/v1/reservas,18.400000,0.000000,7,7,7,8,9,11,13,17,18,18,18,4493,0,6,7.020332752746276,3.8396890013245866,98.26971200527623,8965.0
1789926525,50,GET,GET /api/v1/reservas/{id},6.400000,0.000000,5,6,6,6,7,7,8,8,8,8,8,1507,0,5,5.865440047035512,3.0641339981229976,176.78893799893558,442.0
1789926525,50,POST,POST /api/v1/auth/login,0.000000,0.000000,0,0,0,0,0,0,0,0,0,0,0,50,0,3400.0,3173.9970718009863,940.191768007935,4881.229678008822,1622.0
1789926525,50,,Aggregated,24.800000,0.000000,6,7,7,7,8,9,13,14,18,18,18,6050,0,6,32.90602095851584,3.0641339981229976,4881.229678008822,6781.312231404959
1789926526,50,GET,GET /api/v1/reservas,17.900000,0.000000,7,7,7,7,9,11,13,17,18,18,18,4513,0,6,7.017561606041313,3.8396890013245866,98.26971200527623,8965.0
1789926526,50,GET,GET /api/v1/reservas/{id},6.500000,0.000000,5,6,6,6,7,7,8,8,8,8,8,1517,0,5,5.859338202302411,3.0641339981229976,176.78893799893558,442.0
1789926526,50,POST,POST /api/v1/auth/login,0.000000,0.000000,0,0,0,0,0,0,0,0,0,0,0,50,0,3400.0,3173.9970718009863,940.191768007935,4881.229678008822,1622.0
1789926526,50,,Aggregated,24.400000,0.000000,6,7,7,7,8,9,12,13,18,18,18,6080,0,6,32.77281663996818,3.0641339981229976,4881.229678008822,6778.068914473684
1789926527,50,GET,GET /api/v1/reservas,18.100000,0.000000,7,7,7,7,9,11,13,17,18,18,18,4524,0,6,7.020771780517081,3.8396890013245866,98.26971200527623,8965.0
1789926527,50,GET,GET /api/v1/reservas/{id},6.400000,0.000000,5,6,6,6,7,7,8,8,8,8,8,1521,0,5,5.862113098549013,3.0641339981229976,176.78893799893558,442.0
1789926527,50,POST,POST /api/v1/auth/login,0.000000,0.000000,0,0,0,0,0,0,0,0,0,0,0,50,0,3400.0,3173.9970718009863,940.191768007935,4881.229678008822,1622.0
1789926527,50,,Aggregated,24.500000,0.000000,6,7,7,7,8,10,12,13,18,18,18,6095,0,6,32.71174719409379,3.0641339981229976,4881.229678008822,6777.857588187038
1789926528,50,GET,GET /api/v1/reservas,17.300000,0.000000,7,7,7,8,9,12,13,17,18,18,18,4549,0,6,7.0216245698024675,3.8396890013245866,98.26971200527623,8965.0
1789926528,50,GET,GET /api/v1/reservas/{id},7.100000,0.000000,5,6,6,6,7,7,8,8,8,8,8,1526,0,5,5.857455357077664,3.0641339981229976,176.78893799893558,442.0
1789926528,50,POST,POST /api/v1/auth/login,0.000000,0.000000,0,0,0,0,0,0,0,0,0,0,0,50,0,3400.0,3173.9970718009863,940.191768007935,4881.229678008822,1622.0
1789926528,50,,Aggregated,24.400000,0.000000,6,7,7,7,9,10,13,13,18,18,18,6125,0,6,32.584440919670406,3.0641339981229976,4881.229678008822,6781.612571428572
1789926529,50,GET,GET /api/v1/reservas,17.200000,0.000000,7,7,7,8,9,12,13,17,18,18,18,4567,0,6,7.019860494640167,3.8396890013245866,98.26971200527623,8965.0
1789926529,50,GET,GET /api/v1/reservas/{id},7.400000,0.000000,5,6,6,6,7,7,8,8,8,8,8,1536,0,5,5.852578731065705,3.0641339981229976,176.78893799893558,442.0
1789926529,50,POST,POST /api/v1/auth/login,0.000000,0.000000,0,0,0,0,0,0,0,0,0,0,0,50,0,3400.0,3173.9970718009863,940.191768007935,4881.229678008822,1622.0
1789926529,50,,Aggregated,24.600000,0.000000,6,7,7,7,9,10,13,13,18,18,18,6153,0,6,32.46369533560668,3.0641339981229976,4881.229678008822,6777.696570778482
1789926530,50,GET,GET /api/v1/reservas,16.800000,0.000000,7,7,7,8,9,12,13,17,18,18,18,4581,0,6,7.018834435062143,3.8396890013245866,98.26971200527623,8965.0
1789926530,50,GET,GET /api/v1/reservas/{id},7.100000,0.000000,5,6,6,6,6,7,8,8,8,8,8,1539,0,5,5.852718569800201,3.0641339981229976,176.78893799893558,442.0
1789926530,50,POST,POST /api/v1/auth/login,0.000000,0.000000,0,0,0,0,0,0,0,0,0,0,0,50,0,3400.0,3173.9970718009863,940.191768007935,4881.229678008822,1622.0
1789926530,50,,Aggregated,23.900000,0.000000,6,7,7,7,9,10,13,13,18,18,18,6170,0,6,32.39229627487707,3.0641339981229976,4881.229678008822,6779.579092382496
1789926531,50,GET,GET /api/v1/reservas,17.600000,0.000000,7,7,7,8,9,10,12,13,18,18,18,4607,0,6,7.015155996752021,3.8396890013245866,98.26971200527623,8965.0
1789926531,50,GET,GET /api/v1/reservas/{id},6.700000,0.000000,5,5,6,6,6,7,8,8,8,8,8,1546,0,5,5.8475953615480645,3.0641339981229976,176.78893799893558,442.0
1789926531,50,POST,POST /api/v1/auth/login,0.000000,0.000000,0,0,0,0,0,0,0,0,0,0,0,50,0,3400.0,3173.9970718009863,940.191768007935,4881.229678008822,1622.0
1789926531,50,,Aggregated,24.300000,0.000000,6,7,7,7,8,9,12,13,18,18,18,6203,0,6,32.25198447461538,3.0641339981229976,4881.229678008822,6781.587457681767
1789926532,50,GET,GET /api/v1/reservas,17.500000,0.000000,7,7,7,8,9,10,12,13,18,18,18,4621,0,6,7.015896021645738,3.8396890013245866,98.26971200527623,8965.0
1789926532,50,GET,GET /api/v1/reservas/{id},7.100000,0.000000,5,6,6,6,7,7,8,8,8,8,8,1553,0,5,5.848604110076694,3.0641339981229976,176.78893799893558,442.0
1789926532,50,POST,POST /api/v1/auth/login,0.000000,0.000000,0,0,0,0,0,0,0,0,0,0,0,50,0,3400.0,3173.9970718009863,940.191768007935,4881.229678008822,1622.0
1789926532,50,,Aggregated,24.600000,0.000000,6,7,7,7,8,9,12,12,18,18,18,6224,0,6,32.16632250787651,3.0641339981229976,4881.229678008822,6779.368733933162
1789926533,50,GET,GET /api/v1/reservas,17.100000,0.000000,7,7,7,7,9,10,12,12,13,13,13,4638,0,6,7.014170664295793,3.8396890013245866,98.26971200527623,8965.0
1789926533,50,GET,GET /api/v1/reservas/{id},7.000000,0.000000,5,6,6,6,6,8,8,8,8,8,8,1556,0,5,5.848793633002593,3.0641339981229976,176.78893799893558,442.0
1789926533,50,POST,POST /api/v1/auth/login,0.000000,0.000000,0,0,0,0,0,0,0,0,0,0,0,50,0,3400.0,3173.9970718009863,940.191768007935,4881.229678008822,1622.0
1789926533,50,,Aggregated,24.100000,0.000000,6,7,7,7,8,9,12,12,13,13,13,6244,0,6,32.08396861371,3.0641339981229976,4881.229678008822,6782.274503523382
1789926534,50,GET,GET /api/v1/reservas,17.600000,0.000000,7,7,7,8,9,10,12,12,13,13,13,4662,0,6,7.015428595240739,3.8396890013245866,98.26971200527623,8965.0
1789926534,50,GET,GET /api/v1/reservas/{id},7.100000,0.000000,5,6,6,6,7,8,8,8,8,8,8,1562,0,5,5.848692658734964,3.0641339981229976,176.78893799893558,442.0
1789926534,50,POST,POST /api/v1/auth/login,0.000000,0.000000,0,0,0,0,0,0,0,0,0,0,0,50,0,3400.0,3173.9970718009863,940.191768007935,4881.229678008822,1622.0
1789926534,50,,Aggregated,24.700000,0.000000,6,7,7,7,8,9,12,12,13,13,13,6274,0,6,31.963889007651524,3.0641339981229976,4881.229678008822,6784.560726809053
1789926535,50,GET,GET /api/v1/reservas,17.500000,0.000000,7,7,7,8,9,10,12,13,13,13,13,4677,0,6,7.015113279667797,3.8396890013245866,98.26971200527623,8965.0
1789926535,50,GET,GET /api/v1/reservas/{id},6.900000,0.000000,5,6,6,6,7,8,8,8,8,8,8,1567,0,5,5.845695226508592,3.0641339981229976,176.78893799893558,442.0
1789926535,50,POST,POST /api/v1/auth/login,0.000000,0.000000,0,0,0,0,0,0,0,0,0,0,0,50,0,3400.0,3173.9970718009863,940.191768007935,4881.229678008822,1622.0
1789926535,50,,Aggregated,24.400000,0.000000,6,7,7,7,8,9,12,12,13,13,13,6294,0,6,31.882704610580642,3.0641339981229976,4881.229678008822,6784.718620908802
1789926536,50,GET,GET /api/v1/reservas,18.000000,0.000000,7,7,7,8,9,10,12,13,13,13,13,4703,0,6,7.011507189669107,3.8396890013245866,98.26971200527623,8965.0
1789926536,50,GET,GET /api/v1/reservas/{id},6.500000,0.000000,5,6,6,6,7,8,8,8,8,8,8,1573,0,5,5.842314474860065,3.0641339981229976,176.78893799893558,442.0
1789926536,50,POST,POST /api/v1/auth/login,0.000000,0.000000,0,0,0,0,0,0,0,0,0,0,0,50,0,3400.0,3173.9970718009863,940.191768007935,4881.229678008822,1622.0
1789926536,50,,Aggregated,24.500000,0.000000,6,7,7,7,8,9,12,12,13,13,13,6326,0,6,31.752281468861526,3.0641339981229976,4881.229678008822,6787.663768574139
1789926537,50,GET,GET /api/v1/reservas,18.300000,0.000000,7,7,7,7,9,10,12,13,18,18,18,4723,0,6,7.014191011425977,3.8396890013245866,98.26971200527623,8965.0
1789926537,50,GET,GET /api/v1/reservas/{id},6.700000,0.000000,5,6,6,6,7,8,8,10,10,10,10,1576,0,5,5.843325874344272,3.0641339981229976,176.78893799893558,442.0
1789926537,50,POST,POST /api/v1/auth/login,0.000000,0.000000,0,0,0,0,0,0,0,0,0,0,0,50,0,3400.0,3173.9970718009863,940.191768007935,4881.229678008822,1622.0
1789926537,50,,Aggregated,25.000000,0.000000,6,7,7,7,8,9,12,13,18,18,18,6349,0,6,31.664350183490434,3.0641339981229976,4881.229678008822,6791.524177035753
1789926538,50,GET,GET /api/v1/reservas,18.200000,0.000000,7,7,7,7,8,10,12,13,18,18,18,4739,0,6,7.013889589562211,3.8396890013245866,98.26971200527623,8965.0
1789926538,50,GET,GET /api/v1/reservas/{id},6.000000,0.000000,5,6,6,6,7,8,8,10,10,10,10,1586,0,5,5.838937118539674,3.0641339981229976,176.78893799893558,442.0
1789926538,50,POST,POST /api/v1/auth/login,0.000000,0.000000,0,0,0,0,0,0,0,0,0,0,0,50,0,3400.0,3173.9970718009863,940.191768007935,4881.229678008822,1622.0
1789926538,50,,Aggregated,24.200000,0.000000,6,7,7,7,8,9,12,12,18,18,18,6375,0,6,31.560663627449184,3.0641339981229976,4881.229678008822,6787.019137254902
1789926539,50,GET,GET /api/v1/reservas,19.100000,0.000000,7,7,7,7,8,10,12,13,18,18,18,4759,0,6,7.013579147706433,3.8396890013245866,98.26971200527623,8965.0
1789926539,50,GET,GET /api/v1/reservas/{id},5.600000,0.000000,5,5,6,6,6,8,8,10,10,10,10,1590,0,5,5.837013222009555,3.0641339981229976,176.78893799893558,442.0
1789926539,50,POST,POST /api/v1/auth/login,0.000000,0.000000,0,0,0,0,0,0,0,0,0,0,0,50,0,3400.0,3173.9970718009863,940.191768007935,4881.229678008822,1622.0
1789926539,50,,Aggregated,24.700000,0.000000,6,7,7,7,8,9,12,12,18,18,18,6399,0,6,31.46715545819338,3.0641339981229976,4881.229678008822,6789.860134395999
1789926540,50,GET,GET /api/v1/reservas,19.800000,0.000000,7,7,7,7,9,10,12,15,18,18,18,4778,0,6,7.014542319150131,3.8396890013245866,98.26971200527623,8965.0
1789926540,50,GET,GET /api/v1/reservas/{id},5.600000,0.000000,5,6,6,6,6,8,8,10,10,10,10,1597,0,5,5.836203488411642,3.0641339981229976,176.78893799893558,442.0
1789926540,50,POST,POST /api/v1/auth/login,0.000000,0.000000,0,0,0,0,0,0,0,0,0,0,0,50,0,3400.0,3173.9970718009863,940.191768007935,4881.229678008822,1622.0
1789926540,50,,Aggregated,25.400000,0.000000,6,7,7,7,8,9,12,13,18,18,18,6425,0,6,31.367432492131055,3.0641339981229976,4881.229678008822,6789.376498054475
1789926541,50,GET,GET /api/v1/reservas,18.800000,0.000000,7,7,7,7,9,10,12,15,18,18,18,4794,0,6,7.013286819327252,3.8396890013245866,98.26971200527623,8965.0
1789926541,50,GET,GET /api/v1/reservas/{id},6.000000,0.000000,5,6,6,6,6,7,8,10,10,10,10,1606,0,5,5.833684875456089,3.0641339981229976,176.78893799893558,442.0
1789926541,50,POST,POST /api/v1/auth/login,0.000000,0.000000,0,0,0,0,0,0,0,0,0,0,0,50,0,3400.0,3173.9970718009863,940.191768007935,4881.229678008822,1622.0
1789926541,50,,Aggregated,24.800000,0.000000,7,7,7,7,8,9,12,13,18,18,18,6450,0,6,31.269836978587076,3.0641339981229976,4881.229678008822,6785.916589147287
1789926542,50,GET,GET /api/v1/reservas,19.200000,0.000000,7,7,7,7,9,10,12,15,18,18,18,4819,0,6,7.014483559629814,3.8396890013245866,98.26971200527623,8965.0
1789926542,50,GET,GET /api/v1/reservas/{id},5.300000,0.000000,5,6,6,6,7,8,9,10,10,10,10,1611,0,5,5.836070001824551,3.0641339981229976,176.78893799893558,442.0
1789926542,50,POST,POST /api/v1/auth/login,0.000000,0.000000,0,0,0,0,0,0,0,0,0,0,0,50,0,3400.0,3173.9970718009863,940.191768007935,4881.229678008822,1622.0
1789926542,50,,Aggregated,24.500000,0.000000,7,7,7,7,8,9,11,13,18,18,18,6480,0,6,31.158110900747644,3.0641339981229976,4881.229678008822,6789.4285493827165
1789926543,50,GET,GET /api/v1/reservas,19.700000,0.000000,7,7,7,8,9,10,16,19,23,23,23,4832,0,6,7.0237730390888355,3.8396890013245866,98.26971200527623,8965.0
1789926543,50,GET,GET /api/v1/reservas/{id},5.700000,0.000000,5,6,6,6,7,9,10,10,10,10,10,1616,0,5,5.83772077472063,3.0641339981229976,176.78893799893558,442.0
1789926543,50,POST,POST /api/v1/auth/login,0.000000,0.000000,0,0,0,0,0,0,0,0,0,0,0,50,0,3400.0,3173.9970718009863,940.191768007935,4881.229678008822,1622.0
1789926543,50,,Aggregated,25.400000,0.000000,7,7,7,7,9,10,13,18,23,23,23,6498,0,6,31.097642611091892,3.0641339981229976,4881.229678008822,6788.896891351185
1789926544,50,GET,GET /api/v1/reservas,18.800000,0.000000,7,7,7,8,9,10,16,19,23,23,23,4855,0,6,7.022270375252946,3.8396890013245866,98.26971200527623,8965.0
1789926544,50,GET,GET /api/v1/reservas/{id},5.900000,0.000000,5,6,6,6,6,9,10,10,10,10,10,1618,0,5,5.83752805003728,3.0641339981229976,176.78893799893558,442.0
1789926544,50,POST,POST /api/v1/auth/login,0.000000,0.000000,0,0,0,0,0,0,0,0,0,0,0,50,0,3400.0,3173.9970718009863,940.191768007935,4881.229678008822,1622.0
1789926544,50,,Aggregated,24.700000,0.000000,7,7,7,7,9,10,15,18,23,23,23,6523,0,6,31.0038474086866,3.0641339981229976,4881.229678008822,6794.623792733405
1789926545,50,GET,GET /api/v1/reservas,19.800000,0.000000,7,7,7,8,9,11,15,18,23,23,23,4882,0,6,7.023946052618633,3.8396890013245866,98.26971200527623,8965.0
1789926545,50,GET,GET /api/v1/reservas/{id},5.800000,0.000000,5,6,6,6,6,9,10,10,10,10,10,1621,0,5,5.837351477456168,3.0641339981229976,176.78893799893558,442.0
1789926545,50,POST,POST /api/v1/auth/login,0.000000,0.000000,0,0,0,0,0,0,0,0,0,0,0,50,0,3400.0,3173.9970718009863,940.191768007935,4881.229678008822,1622.0
1789926545,50,,Aggregated,25.600000,0.000000,7,7,7,7,9,10,12,18,23,23,23,6553,0,6,30.894720733082547,3.0641339981229976,4881.229678008822,6800.658019227834
1789926546,50,GET,GET /api/v1/reservas,19.200000,0.000000,7,7,7,8,9,11,16,19,23,23,23,4898,0,6,7.022386020801328,3.8396890013245866,98.26971200527623,8965.0
1789926546,50,GET,GET /api/v1/reservas/{id},6.000000,0.000000,5,6,6,6,6,9,10,10,10,10,10,1626,0,5,5.837648563931606,3.0641339981229976,176.78893799893558,442.0
1789926546,50,POST,POST /api/v1/auth/login,0.000000,0.000000,0,0,0,0,0,0,0,0,0,0,0,50,0,3400.0,3173.9970718009863,940.191768007935,4881.229678008822,1622.0
1789926546,50,,Aggregated,25.200000,0.000000,7,7,7,8,9,10,15,18,23,23,23,6574,0,6,30.816476556873596,3.0641339981229976,4881.229678008822,6801.089443261332
1789926547,50,GET,GET /api/v1/reservas,19.400000,0.000000,7,7,7,8,9,11,15,19,23,23,23,4918,0,6,7.022226472124039,3.8396890013245866,98.26971200527623,8965.0
1789926547,50,GET,GET /api/v1/reservas/{id},5.600000,0.000000,5,6,6,6,6,8,9,10,10,10,10,1632,0,5,5.837163499358676,3.0641339981229976,176.78893799893558,442.0
1789926547,50,POST,POST /api/v1/auth/login,0.000000,0.000000,0,0,0,0,0,0,0,0,0,0,0,50,0,3400.0,3173.9970718009863,940.191768007935,4881.229678008822,1622.0
1789926547,50,,Aggregated,25.000000,0.000000,7,7,7,7,9,10,12,16,23,23,23,6600,0,6,30.72142639559223,3.0641339981229976,4881.229678008822,6801.865757575758
1789926548,50,GET,GET /api/v1/reservas,20.500000,0.000000,7,7,7,8,9,10,15,19,23,23,23,4933,0,6,7.02252597566003,3.8396890013245866,98.26971200527623,8965.0
1789926548,50,GET,GET /api/v1/reservas/{id},5.400000,0.000000,6,6,6,6,7,9,9,10,10,10,10,1638,0,5,5.838018423047611,3.0641339981229976,176.78893799893558,442.0
1789926548,50,POST,POST /api/v1/auth/login,0.000000,0.000000,0,0,0,0,0,0,0,0,0,0,0,50,0,3400.0,3173.9970718009863,940.191768007935,4881.229678008822,1622.0
1789926548,50,,Aggregated,25.900000,0.000000,7,7,7,8,9,10,12,16,23,23,23,6621,0,6,30.645619756068907,3.0641339981229976,4881.229678008822,6801.003020691738
1789926549,50,GET,GET /api/v1/reservas,19.400000,0.000000,7,7,7,8,9,10,15,19,23,23,23,4956,0,7,7.020858434804838,3.8396890013245866,98.26971200527623,8965.0
1789926549,50,GET,GET /api/v1/reservas/{id},5.300000,0.000000,6,6,6,6,7,9,9,10,10,10,10,1644,0,5,5.83705577673865,3.0641339981229976,176.78893799893558,442.0
1789926549,50,POST,POST /api/v1/auth/login,0.000000,0.000000,0,0,0,0,0,0,0,0,0,0,0,50,0,3400.0,3173.9970718009863,940.191768007935,4881.229678008822,1622.0
1789926549,50,,Aggregated,24.700000,0.000000,7,7,7,7,9,10,12,16,23,23,23,6650,0,6,30.540052284195554,3.0641339981229976,4881.229678008822,6802.75007518797
1789926550,50,GET,GET /api/v1/reservas,19.400000,0.000000,7,7,7,8,9,10,12,19,23,23,23,4970,0,7,7.020647743640358,3.8396890013245866,98.26971200527623,8965.0
1789926550,50,GET,GET /api/v1/reservas/{id},5.500000,0.000000,6,6,6,6,8,9,10,10,10,10,10,1651,0,5,5.837293519049492,3.0641339981229976,176.78893799893558,442.0
1789926550,50,POST,POST /api/v1/auth/login,0.000000,0.000000,0,0,0,0,0,0,0,0,0,0,0,50,0,3400.0,3173.9970718009863,940.191768007935,4881.229678008822,1622.0
1789926550,50,,Aggregated,24.900000,0.000000,7,7,7,7,9,10,12,16,23,23,23,6671,0,6,30.464674632872523,3.0641339981229976,4881.229678008822,6800.613401289162
1789926551,50,GET,GET /api/v1/reservas,19.400000,0.000000,7,7,7,8,9,10,12,19,23,23,23,4992,0,7,7.019028811269798,3.8396890013245866,98.26971200527623,8965.0
1789926551,50,GET,GET /api/v1/reservas/{id},5.200000,0.000000,6,6,6,6,8,9,10,10,10,10,10,1658,0,5,5.835458656795229,3.0641339981229976,176.78893799893558,442.0
1789926551,50,POST,POST /api/v1/auth/login,0.000000,0.000000,0,0,0,0,0,0,0,0,0,0,0,50,0,3400.0,3173.9970718009863,940.191768007935,4881.229678008822,1622.0
1789926551,50,,Aggregated,24.600000,0.000000,7,7,7,8,9,10,12,16,23,23,23,6700,0,6,30.360303861026065,3.0641339981229976,4881.229678008822,6801.077014925373
1789926552,50,GET,GET /api/v1/reservas,19.700000,0.000000,7,7,7,8,9,11,12,19,23,23,23,5011,0,7,7.018909856097163,3.8396890013245866,98.26971200527623,8965.0
1789926552,50,GET,GET /api/v1/reservas/{id},5.400000,0.000000,6,6,6,6,8,9,10,10,10,10,10,1660,0,5,5.835138830105236,3.0641339981229976,176.78893799893558,442.0
1789926552,50,POST,POST /api/v1/auth/login,0.000000,0.000000,0,0,0,0,0,0,0,0,0,0,0,50,0,3400.0,3173.9970718009863,940.191768007935,4881.229678008822,1622.0
1789926552,50,,Aggregated,25.100000,0.000000,7,7,7,7,9,10,12,16,23,23,23,6721,0,6,30.286853345771,3.0641339981229976,4881.229678008822,6805.302038387144
1789926553,50,GET,GET /api/v1/reservas,19.200000,0.000000,7,7,7,7,8,10,11,12,22,22,22,5027,0,7,7.021845314081207,3.8396890013245866,98.26971200527623,8965.0
1789926553,50,GET,GET /api/v1/reservas/{id},5.400000,0.000000,6,6,6,6,8,9,10,20,20,20,20,1669,0,5,5.843020802884936,3.0641339981229976,176.78893799893558,442.0
1789926553,50,POST,POST /api/v1/auth/login,0.000000,0.000000,0,0,0,0,0,0,0,0,0,0,0,50,0,3400.0,3173.9970718009863,940.191768007935,4881.229678008822,1622.0
1789926553,50,,Aggregated,24.600000,0.000000,7,7,7,7,8,10,11,12,22,22,22,6746,0,6,30.203182879328565,3.0641339981229976,4881.229678008822,6801.934924399644
1789926554,50,GET,GET /api/v1/reservas,19.700000,0.000000,7,7,7,7,8,10,11,12,22,22,22,5049,0,7,7.020756760519556,3.8396890013245866,98.26971200527623,8965.0
1789926554,50,GET,GET /api/v1/reservas/{id},5.200000,0.000000,5,6,6,6,8,9,11,20,20,20,20,1680,0,5,5.840112976182441,3.0641339981229976,176.78893799893558,442.0
1789926554,50,POST,POST /api/v1/auth/login,0.000000,0.000000,0,0,0,0,0,0,0,0,0,0,0,50,0,3400.0,3173.9970718009863,940.191768007935,4881.229678008822,1622.0
1789926554,50,,Aggregated,24.900000,0.000000,7,7,7,7,8,10,11,12,22,22,22,6779,0,6,30.086892502419097,3.0641339981229976,4881.229678008822,6798.634754388553
1789926555,50,GET,GET /api/v1/reservas,19.200000,0.000000,7,7,7,7,8,9,11,12,22,22,22,5059,0,7,7.021348953920641,3.8396890013245866,98.26971200527623,8965.0
1789926555,50,GET,GET /api/v1/reservas/{id},4.900000,0.000000,5,6,6,6,9,11,11,20,20,20,20,1685,0,5,5.842278503841522,3.0641339981229976,176.78893799893558,442.0
1789926555,50,POST,POST /api/v1/auth/login,0.000000,0.000000,0,0,0,0,0,0,0,0,0,0,0,50,0,3400.0,3173.9970718009863,940.191768007935,4881.229678008822,1622.0
1789926555,50,,Aggregated,24.100000,0.000000,7,7,7,7,8,10,11,12,22,22,22,6794,0,6,30.036075541199118,3.0641339981229976,4881.229678008822,6797.145275242861
1789926557,50,GET,GET /api/v1/reservas,19.300000,0.000000,7,7,7,7,8,9,10,12,22,22,22,5078,0,7,7.01902402104449,3.8396890013245866,98.26971200527623,8965.0
1789926557,50,GET,GET /api/v1/reservas/{id},6.200000,0.000000,5,6,6,6,7,10,11,20,20,20,20,1693,0,5,5.839063346103547,3.0641339981229976,176.78893799893558,442.0
1789926557,50,POST,POST /api/v1/auth/login,0.000000,0.000000,0,0,0,0,0,0,0,0,0,0,0,50,0,3400.0,3173.9970718009863,940.191768007935,4881.229678008822,1622.0
1789926557,50,,Aggregated,25.500000,0.000000,6,7,7,7,8,9,11,12,22,22,22,6821,0,6,29.941063159927655,3.0641339981229976,4881.229678008822,6795.730244832136
1789926558,50,GET,GET /api/v1/reservas,17.700000,0.000000,7,7,7,7,8,9,10,12,22,22,22,5099,0,7,7.017246020746321,3.8396890013245866,98.26971200527623,8965.0
1789926558,50,GET,GET /api/v1/reservas/{id},6.400000,0.000000,5,6,6,6,6,11,11,20,20,20,20,1696,0,5,5.838005280051186,3.0641339981229976,176.78893799893558,442.0
1789926558,50,POST,POST /api/v1/auth/login,0.000000,0.000000,0,0,0,0,0,0,0,0,0,0,0,50,0,3400.0,3173.9970718009863,940.191768007935,4881.229678008822,1622.0
1789926558,50,,Aggregated,24.100000,0.000000,6,7,7,7,8,9,11,12,22,22,22,6845,0,6,29.85858992035086,3.0641339981229976,4881.229678008822,6799.60073046019
1789926559,50,GET,GET /api/v1/reservas,17.700000,0.000000,7,7,7,7,8,9,10,12,22,22,22,5117,0,7,7.017428081452322,3.8396890013245866,98.26971200527623,8965.0
1789926559,50,GET,GET /api/v1/reservas/{id},6.400000,0.000000,5,6,6,6,9,11,11,20,20,20,20,1703,0,5,5.8394849213021764,3.0641339981229976,176.78893799893558,442.0
1789926559,50,POST,POST /api/v1/auth/login,0.000000,0.000000,0,0,0,0,0,0,0,0,0,0,0,50,0,3400.0,3173.9970718009863,940.191768007935,4881.229678008822,1622.0
1789926559,50,,Aggregated,24.100000,0.000000,7,7,7,7,8,9,11,12,22,22,22,6870,0,6,29.77477087391826,3.0641339981229976,4881.229678008822,6798.796360989811
1789926560,50,GET,GET /api/v1/reservas,17.900000,0.000000,7,7,7,7,8,9,10,11,22,22,22,5133,0,7,7.015807450377122,3.8396890013245866,98.26971200527623,8965.0
1789926560,50,GET,GET /api/v1/reservas/{id},6.700000,0.000000,5,6,6,6,7,11,11,20,20,20,20,1710,0,5,5.836735338592842,3.0641339981229976,176.78893799893558,442.0
1789926560,50,POST,POST /api/v1/auth/login,0.000000,0.000000,0,0,0,0,0,0,0,0,0,0,0,50,0,3400.0,3173.9970718009863,940.191768007935,4881.229678008822,1622.0
1789926560,50,,Aggregated,24.600000,0.000000,6,7,7,7,8,9,11,11,22,22,22,6893,0,6,29.695750857656876,3.0641339981229976,4881.229678008822,6797.369070071087
1789926561,50,GET,GET /api/v1/reservas,18.000000,0.000000,7,7,7,7,8,9,10,11,22,22,22,5154,0,7,7.010942036623,3.8396890013245866,98.26971200527623,8965.0
1789926561,50,GET,GET /api/v1/reservas/{id},6.400000,0.000000,5,6,6,6,7,11,11,20,20,20,20,1718,0,5,5.83312277765744,3.0641339981229976,176.78893799893558,442.0
1789926561,50,POST,POST /api/v1/auth/login,0.000000,0.000000,0,0,0,0,0,0,0,0,0,0,0,50,0,3400.0,3173.9970718009863,940.191768007935,4881.229678008822,1622.0
1789926561,50,,Aggregated,24.400000,0.000000,6,7,7,7,8,9,11,11,22,22,22,6922,0,6,29.59485030032068,3.0641339981229976,4881.229678008822,6796.600115573534
1789926562,50,GET,GET /api/v1/reservas,18.400000,0.000000,7,7,7,7,8,9,10,10,22,22,22,5172,0,7,7.006599686730289,3.8396890013245866,98.26971200527623,8965.0
1789926562,50,GET,GET /api/v1/reservas/{id},6.500000,0.000000,5,5,6,6,7,9,11,20,20,20,20,1723,0,5,5.830501857820685,3.0641339981229976,176.78893799893558,442.0
1789926562,50,POST,POST /api/v1/auth/login,0.000000,0.000000,0,0,0,0,0,0,0,0,0,0,0,50,0,3400.0,3173.9970718009863,940.191768007935,4881.229678008822,1622.0
1789926562,50,,Aggregated,24.900000,0.000000,6,7,7,7,8,9,10,11,22,22,22,6945,0,6,29.515326403289187,3.0641339981229976,4881.229678008822,6797.6452123830095
1789926563,50,GET,GET /api/v1/reservas,17.600000,0.000000,6,7,7,7,7,8,9,10,10,10,10,5187,0,7,7.004361045838485,3.8396890013245866,98.26971200527623,8965.0
1789926563,50,GET,GET /api/v1/reservas/{id},6.600000,0.000000,5,5,6,6,6,7,11,11,11,11,11,1730,0,5,5.8281754110058275,3.0641339981229976,176.78893799893558,442.0
1789926563,50,POST,POST /api/v1/auth/login,0.000000,0.000000,0,0,0,0,0,0,0,0,0,0,0,50,0,3400.0,3173.9970718009863,940.191768007935,4881.229678008822,1622.0
1789926563,50,,Aggregated,24.200000,0.000000,6,7,7,7,7,8,9,10,11,11,11,6967,0,6,29.440823567655176,3.0641339981229976,4881.229678008822,6795.9257930242575
1789926564,50,GET,GET /api/v1/reservas,18.400000,0.000000,7,7,7,7,8,10,11,13,15,15,15,5206,0,7,7.011822957894228,3.8396890013245866,98.26971200527623,8965.0
1789926564,50,GET,GET /api/v1/reservas/{id},6.600000,0.000000,5,5,6,6,7,9,9,11,11,11,11,1739,0,5,5.828810336429502,3.0641339981229976,176.78893799893558,442.0
1789926564,50,POST,POST /api/v1/auth/login,0.000000,0.000000,0,0,0,0,0,0,0,0,0,0,0,50,0,3400.0,3173.9970718009863,940.191768007935,4881.229678008822,1622.0
1789926564,50,,Aggregated,25.100000,0.000000,6,7,7,7,8,9,11,13,15,15,15,6995,0,6,29.35521159169372,3.0641339981229976,4881.229678008822,6793.642315939957
1789926565,50,GET,GET /api/v1/reservas,18.000000,0.000000,6,7,7,7,9,9,11,13,15,15,15,5226,0,7,7.010932659355496,3.8396890013245866,98.26971200527623,8965.0
1789926565,50,GET,GET /api/v1/reservas/{id},6.500000,0.000000,5,5,6,6,7,7,9,9,9,9,9,1747,0,5,5.823329930210315,3.0641339981229976,176.78893799893558,442.0
1789926565,50,POST,POST /api/v1/auth/login,0.000000,0.000000,0,0,0,0,0,0,0,0,0,0,0,50,0,3400.0,3173.9970718009863,940.191768007935,4881.229678008822,1622.0
1789926565,50,,Aggregated,24.500000,0.000000,6,7,7,7,8,9,10,13,15,15,15,7023,0,6,29.262757376608082,3.0641339981229976,4881.229678008822,6792.590630784565
1789926566,50,GET,GET /api/v1/reservas,17.600000,0.000000,7,7,7,7,9,10,13,15,15,15,15,5243,0,7,7.0144587661210585,3.8396890013245866,98.26971200527623,8965.0
1789926566,50,GET,GET /api/v1/reservas/{id},7.000000,0.000000,5,5,6,6,7,7,9,9,9,9,9,1753,0,5,5.820557740494381,3.0641339981229976,176.78893799893558,442.0
1789926566,50,POST,POST /api/v1/auth/login,0.000000,0.000000,0,0,0,0,0,0,0,0,0,0,0,50,0,3400.0,3173.9970718009863,940.191768007935,4881.229678008822,1622.0
1789926566,50,,Aggregated,24.600000,0.000000,6,7,7,7,9,10,12,13,15,15,15,7046,0,6,29.191044368423032,3.0641339981229976,4881.229678008822,6792.424212319046
1789926567,50,GET,GET /api/v1/reservas,17.900000,0.000000,6,7,7,7,9,10,13,15,15,15,15,5267,0,7,7.00970515033618,3.8396890013245866,98.26971200527623,8965.0
1789926567,50,GET,GET /api/v1/reservas/{id},7.000000,0.000000,5,5,6,6,7,7,9,9,9,9,9,1758,0,5,5.818960906769055,3.0641339981229976,176.78893799893558,442.0
1789926567,50,POST,POST /api/v1/auth/login,0.000000,0.000000,0,0,0,0,0,0,0,0,0,0,0,50,0,3400.0,3173.9970718009863,940.191768007935,4881.229678008822,1622.0
1789926567,50,,Aggregated,24.900000,0.000000,6,7,7,7,9,10,12,13,15,15,15,7075,0,6,29.095364507557594,3.0641339981229976,4881.229678008822,6795.306148409894
1789926568,50,GET,GET /api/v1/reservas,17.700000,0.000000,6,7,7,7,9,10,13,15,15,15,15,5286,0,7,7.007180018126901,3.8396890013245866,98.26971200527623,8965.0
1789926568,50,GET,GET /api/v1/reservas/{id},6.700000,0.000000,5,5,6,6,7,7,8,9,9,9,9,1762,0,5,5.819382177128086,3.0641339981229976,176.78893799893558,442.0
1789926568,50,POST,POST /api/v1/auth/login,0.000000,0.000000,0,0,0,0,0,0,0,0,0,0,0,50,0,3400.0,3173.9970718009863,940.191768007935,4881.229678008822,1622.0
1789926568,50,,Aggregated,24.400000,0.000000,6,7,7,7,9,10,12,13,15,15,15,7098,0,6,29.02135229106337,3.0641339981229976,4881.229678008822,6797.533671456748
1789926569,50,GET,GET /api/v1/reservas,18.400000,0.000000,6,7,7,7,9,10,13,15,15,15,15,5303,0,7,7.005406428967097,3.8396890013245866,98.26971200527623,8965.0
1789926569,50,GET,GET /api/v1/reservas/{id},6.800000,0.000000,5,5,6,6,7,7,8,9,9,9,9,1768,0,5,5.818244949728172,3.0641339981229976,176.78893799893558,442.0
1789926569,50,POST,POST /api/v1/auth/login,0.000000,0.000000,0,0,0,0,0,0,0,0,0,0,0,50,0,3400.0,3173.9970718009863,940.191768007935,4881.229678008822,1622.0
1789926569,50,,Aggregated,25.200000,0.000000,6,7,7,7,9,10,12,13,15,15,15,7121,0,6,28.947645127647977,3.0641339981229976,4881.229678008822,6797.353040303328
1789926570,50,GET,GET /api/v1/reservas,19.000000,0.000000,6,7,7,7,9,11,13,15,21,21,21,5325,0,7,7.005369622873015,3.8396890013245866,98.26971200527623,8965.0
1789926570,50,GET,GET /api/v1/reservas/{id},6.500000,0.000000,5,5,6,6,7,7,8,9,9,9,9,1773,0,5,5.816469143331393,3.0641339981229976,176.78893799893558,442.0
1789926570,50,POST,POST /api/v1/auth/login,0.000000,0.000000,0,0,0,0,0,0,0,0,0,0,0,50,0,3400.0,3173.9970718009863,940.191768007935,4881.229678008822,1622.0
1789926570,50,,Aggregated,25.500000,0.000000,6,7,7,7,9,10,13,15,21,21,21,7148,0,6,28.86346483253703,3.0641339981229976,4881.229678008822,6799.579043088976
1789926571,50,GET,GET /api/v1/reservas,18.800000,0.000000,6,7,7,7,9,11,13,15,21,21,21,5346,0,7,7.001456956748026,3.8396890013245866,98.26971200527623,8965.0
1789926571,50,GET,GET /api/v1/reservas/{id},6.600000,0.000000,5,5,6,6,7,7,8,9,9,9,9,1778,0,5,5.813493825720413,3.0641339981229976,176.78893799893558,442.0
1789926571,50,POST,POST /api/v1/auth/login,0.000000,0.000000,0,0,0,0,0,0,0,0,0,0,0,50,0,3400.0,3173.9970718009863,940.191768007935,4881.229678008822,1622.0
1789926571,50,,Aggregated,25.400000,0.000000,6,7,7,7,9,10,13,15,21,21,21,7174,0,6,28.779765054774902,3.0641339981229976,4881.229678008822,6801.48675773627
1789926572,50,GET,GET /api/v1/reservas,18.600000,0.000000,6,7,7,7,9,10,13,15,21,21,21,5369,0,7,6.997559216937198,3.8396890013245866,98.26971200527623,8965.0
1789926572,50,GET,GET /api/v1/reservas/{id},6.500000,0.000000,5,5,6,6,7,7,8,9,9,9,9,1781,0,5,5.811943571665455,3.0641339981229976,176.78893799893558,442.0
1789926572,50,POST,POST /api/v1/auth/login,0.000000,0.000000,0,0,0,0,0,0,0,0,0,0,0,50,0,3400.0,3173.9970718009863,940.191768007935,4881.229678008822,1622.0
1789926572,50,,Aggregated,25.100000,0.000000,6,7,7,7,9,10,13,15,21,21,21,7200,0,6,28.697336184294628,3.0641339981229976,4881.229678008822,6805.748194444444
1789926573,50,GET,GET /api/v1/reservas,19.200000,0.000000,6,7,7,7,8,9,11,15,21,21,21,5391,0,6,6.994449360915522,3.8396890013245866,98.26971200527623,8965.0
1789926573,50,GET,GET /api/v1/reservas/{id},6.300000,0.000000,5,5,6,6,7,7,8,8,8,8,8,1787,0,5,5.810403796932717,3.0641339981229976,176.78893799893558,442.0
1789926573,50,POST,POST /api/v1/auth/login,0.000000,0.000000,0,0,0,0,0,0,0,0,0,0,0,50,0,3400.0,3173.9970718009863,940.191768007935,4881.229678008822,1622.0
1789926573,50,,Aggregated,25.500000,0.000000,6,7,7,7,7,9,11,12,21,21,21,7228,0,6,28.60959071387156,3.0641339981229976,4881.229678008822,6807.037769784172
1789926574,50,GET,GET /api/v1/reservas,19.700000,0.000000,6,7,7,7,8,9,13,21,21,21,21,5408,0,7,6.996406521022285,3.8396890013245866,98.26971200527623,8965.0
1789926574,50,GET,GET /api/v1/reservas/{id},5.800000,0.000000,5,6,6,6,7,8,13,13,13,13,13,1794,0,5,5.815856508417351,3.0641339981229976,176.78893799893558,442.0
1789926574,50,POST,POST /api/v1/auth/login,0.000000,0.000000,0,0,0,0,0,0,0,0,0,0,0,50,0,3400.0,3173.9970718009863,940.191768007935,4881.229678008822,1622.0
1789926574,50,,Aggregated,25.500000,0.000000,6,7,7,7,8,9,13,15,21,21,21,7252,0,6,28.53972237063411,3.0641339981229976,4881.229678008822,6805.952564809708
1789926575,50,GET,GET /api/v1/reservas,20.400000,0.000000,6,7,7,7,7,8,10,21,21,21,21,5427,0,6,6.993795086910956,3.8396890013245866,98.26971200527623,8965.0
1789926575,50,GET,GET /api/v1/reservas/{id},5.700000,0.000000,5,6,6,7,8,8,13,13,13,13,13,1799,0,5,5.817667537016094,3.0641339981229976,176.78893799893558,442.0
1789926575,50,POST,POST /api/v1/auth/login,0.000000,0.000000,0,0,0,0,0,0,0,0,0,0,0,50,0,3400.0,3173.9970718009863,940.191768007935,4881.229678008822,1622.0
1789926575,50,,Aggregated,26.100000,0.000000,6,7,7,7,7,8,10,13,21,21,21,7276,0,6,28.46635011349739,3.0641339981229976,4881.229678008822,6807.217289719626
