[2026-09-20 17:44:39,642] pfc-pruebas-e1/INFO/locust.main: Run time limit set to 300 seconds
[2026-09-20 17:44:39,642] pfc-pruebas-e1/INFO/locust.main: Starting Locust 2.31.6
Type     Name                                                                          # reqs      # fails |    Avg     Min     Max    Med |   req/s  failures/s
--------|----------------------------------------------------------------------------|-------|-------------|-------|-------|-------|-------|--------|-----------
--------|----------------------------------------------------------------------------|-------|-------------|-------|-------|-------|-------|--------|-----------
         Aggregated                                                                         0     0(0.00%) |      0       0       0      0 |    0.00        0.00

[2026-09-20 17:44:39,643] pfc-pruebas-e1/INFO/locust.runners: Ramping to 50 users at a rate of 10.00 per second
Type     Name                                                                          # reqs      # fails |    Avg     Min     Max    Med |   req/s  failures/s
--------|----------------------------------------------------------------------------|-------|-------------|-------|-------|-------|-------|--------|-----------
GET      GET /api/v1/reservas                                                              10     0(0.00%) |     20       7      58      9 |    0.00        0.00
POST     POST /api/v1/auth/login                                                           10     0(0.00%) |   1167     940    1536   1200 |    0.00        0.00
--------|----------------------------------------------------------------------------|-------|-------------|-------|-------|-------|-------|--------|-----------
         Aggregated                                                                        20     0(0.00%) |    593       7    1536     58 |    0.00        0.00

Type     Name                                                                          # reqs      # fails |    Avg     Min     Max    Med |   req/s  failures/s
--------|----------------------------------------------------------------------------|-------|-------------|-------|-------|-------|-------|--------|-----------
GET      GET /api/v1/reservas                                                              18     0(0.00%) |     14       5      58      8 |    3.50        0.00
GET      GET /api/v1/reservas/{id}                                                          2     0(0.00%) |      6       5       6      6 |    0.00        0.00
POST     POST /api/v1/auth/login                                                           10     0(0.00%) |   1167     940    1536   1200 |    4.00        0.00
--------|----------------------------------------------------------------------------|-------|-------------|-------|-------|-------|-------|--------|-----------
         Aggregated                                                                        30     0(0.00%) |    398       5    1536     10 |    7.50        0.00

[2026-09-20 17:44:43,650] pfc-pruebas-e1/INFO/locust.runners: All users spawned: {"ReservasUser": 50} (50 total users)
Type     Name                                                                          # reqs      # fails |    Avg     Min     Max    Med |   req/s  failures/s
--------|----------------------------------------------------------------------------|-------|-------------|-------|-------|-------|-------|--------|-----------
GET      GET /api/v1/reservas                                                              40     0(0.00%) |     18       5      83      9 |    4.25        0.00
GET      GET /api/v1/reservas/{id}                                                          6     0(0.00%) |      8       5      14      6 |    0.25        0.00
POST     POST /api/v1/auth/login                                                           24     0(0.00%) |   2789     940    4860   3400 |    2.50        0.00
--------|----------------------------------------------------------------------------|-------|-------------|-------|-------|-------|-------|--------|-----------
         Aggregated                                                                        70     0(0.00%) |    967       5    4860     16 |    7.00        0.00

Type     Name                                                                          # reqs      # fails |    Avg     Min     Max    Med |   req/s  failures/s
--------|----------------------------------------------------------------------------|-------|-------------|-------|-------|-------|-------|--------|-----------
GET      GET /api/v1/reservas                                                              80     0(0.00%) |     14       4      83      8 |    4.67        0.00
GET      GET /api/v1/reservas/{id}                                                         10     0(0.00%) |      7       3      14      6 |    0.50        0.00
POST     POST /api/v1/auth/login                                                           50     0(0.00%) |   3173     940    4881   3400 |    2.67        0.00
--------|----------------------------------------------------------------------------|-------|-------------|-------|-------|-------|-------|--------|-----------
         Aggregated                                                                       140     0(0.00%) |   1142       3    4881     13 |    7.83        0.00

Type     Name                                                                          # reqs      # fails |    Avg     Min     Max    Med |   req/s  failures/s
--------|----------------------------------------------------------------------------|-------|-------------|-------|-------|-------|-------|--------|-----------
GET      GET /api/v1/reservas                                                             116     0(0.00%) |     11       4      83      8 |    9.00        0.00
GET      GET /api/v1/reservas/{id}                                                         27     0(0.00%) |      5       3      14      5 |    0.88        0.00
POST     POST /api/v1/auth/login                                                           50     0(0.00%) |   3173     940    4881   3400 |    6.25        0.00
--------|----------------------------------------------------------------------------|-------|-------------|-------|-------|-------|-------|--------|-----------
         Aggregated                                                                       193     0(0.00%) |    830       3    4881      8 |   16.12        0.00

Type     Name                                                                          # reqs      # fails |    Avg     Min     Max    Med |   req/s  failures/s
--------|----------------------------------------------------------------------------|-------|-------------|-------|-------|-------|-------|--------|-----------
GET      GET /api/v1/reservas                                                             152     0(0.00%) |     10       4      83      7 |   10.70        0.00
GET      GET /api/v1/reservas/{id}                                                         41     0(0.00%) |      5       3      14      5 |    2.10        0.00
POST     POST /api/v1/auth/login                                                           50     0(0.00%) |   3173     940    4881   3400 |    5.00        0.00
--------|----------------------------------------------------------------------------|-------|-------------|-------|-------|-------|-------|--------|-----------
         Aggregated                                                                       243     0(0.00%) |    660       3    4881      7 |   17.80        0.00

Type     Name                                                                          # reqs      # fails |    Avg     Min     Max    Med |   req/s  failures/s
--------|----------------------------------------------------------------------------|-------|-------------|-------|-------|-------|-------|--------|-----------
GET      GET /api/v1/reservas                                                             187     0(0.00%) |      9       4      83      7 |   13.20        0.00
GET      GET /api/v1/reservas/{id}                                                         52     0(0.00%) |      5       3      14      5 |    3.70        0.00
POST     POST /api/v1/auth/login                                                           50     0(0.00%) |   3173     940    4881   3400 |    4.20        0.00
--------|----------------------------------------------------------------------------|-------|-------------|-------|-------|-------|-------|--------|-----------
         Aggregated                                                                       289     0(0.00%) |    556       3    4881      7 |   21.10        0.00

Type     Name                                                                          # reqs      # fails |    Avg     Min     Max    Med |   req/s  failures/s
--------|----------------------------------------------------------------------------|-------|-------------|-------|-------|-------|-------|--------|-----------
GET      GET /api/v1/reservas                                                             214     0(0.00%) |      9       4      83      6 |   15.60        0.00
GET      GET /api/v1/reservas/{id}                                                         70     0(0.00%) |      5       3      14      5 |    4.70        0.00
POST     POST /api/v1/auth/login                                                           50     0(0.00%) |   3173     940    4881   3400 |    4.00        0.00
--------|----------------------------------------------------------------------------|-------|-------------|-------|-------|-------|-------|--------|-----------
         Aggregated                                                                       334     0(0.00%) |    482       3    4881      6 |   24.30        0.00

Type     Name                                                                          # reqs      # fails |    Avg     Min     Max    Med |   req/s  failures/s
--------|----------------------------------------------------------------------------|-------|-------------|-------|-------|-------|-------|--------|-----------
GET      GET /api/v1/reservas                                                             255     0(0.00%) |      8       4      83      6 |   18.30        0.00
GET      GET /api/v1/reservas/{id}                                                         83     0(0.00%) |      5       3      14      5 |    6.00        0.00
POST     POST /api/v1/auth/login                                                           50     0(0.00%) |   3173     940    4881   3400 |    3.40        0.00
--------|----------------------------------------------------------------------------|-------|-------------|-------|-------|-------|-------|--------|-----------
         Aggregated                                                                       388     0(0.00%) |    415       3    4881      6 |   27.70        0.00

Type     Name                                                                          # reqs      # fails |    Avg     Min     Max    Med |   req/s  failures/s
--------|----------------------------------------------------------------------------|-------|-------------|-------|-------|-------|-------|--------|-----------
GET      GET /api/v1/reservas                                                             294     0(0.00%) |      8       4      83      6 |   16.70        0.00
GET      GET /api/v1/reservas/{id}                                                         90     0(0.00%) |      5       3      14      5 |    7.20        0.00
POST     POST /api/v1/auth/login                                                           50     0(0.00%) |   3173     940    4881   3400 |    0.00        0.00
--------|----------------------------------------------------------------------------|-------|-------------|-------|-------|-------|-------|--------|-----------
         Aggregated                                                                       434     0(0.00%) |    372       3    4881      6 |   23.90        0.00

Type     Name                                                                          # reqs      # fails |    Avg     Min     Max    Med |   req/s  failures/s
--------|----------------------------------------------------------------------------|-------|-------------|-------|-------|-------|-------|--------|-----------
GET      GET /api/v1/reservas                                                             334     0(0.00%) |      8       4      83      6 |   17.40        0.00
GET      GET /api/v1/reservas/{id}                                                         98     0(0.00%) |      5       3      14      5 |    6.80        0.00
POST     POST /api/v1/auth/login                                                           50     0(0.00%) |   3173     940    4881   3400 |    0.00        0.00
--------|----------------------------------------------------------------------------|-------|-------------|-------|-------|-------|-------|--------|-----------
         Aggregated                                                                       482     0(0.00%) |    336       3    4881      6 |   24.20        0.00

Type     Name                                                                          # reqs      # fails |    Avg     Min     Max    Med |   req/s  failures/s
--------|----------------------------------------------------------------------------|-------|-------------|-------|-------|-------|-------|--------|-----------
GET      GET /api/v1/reservas                                                             372     0(0.00%) |      8       4      83      6 |   18.20        0.00
GET      GET /api/v1/reservas/{id}                                                        109     0(0.00%) |      5       3      14      5 |    5.70        0.00
POST     POST /api/v1/auth/login                                                           50     0(0.00%) |   3173     940    4881   3400 |    0.00        0.00
--------|----------------------------------------------------------------------------|-------|-------------|-------|-------|-------|-------|--------|-----------
         Aggregated                                                                       531     0(0.00%) |    305       3    4881      6 |   23.90        0.00

Type     Name                                                                          # reqs      # fails |    Avg     Min     Max    Med |   req/s  failures/s
--------|----------------------------------------------------------------------------|-------|-------------|-------|-------|-------|-------|--------|-----------
GET      GET /api/v1/reservas                                                             417     0(0.00%) |      8       4      83      7 |   19.20        0.00
GET      GET /api/v1/reservas/{id}                                                        121     0(0.00%) |      5       3      14      5 |    5.90        0.00
POST     POST /api/v1/auth/login                                                           50     0(0.00%) |   3173     940    4881   3400 |    0.00        0.00
--------|----------------------------------------------------------------------------|-------|-------------|-------|-------|-------|-------|--------|-----------
         Aggregated                                                                       588     0(0.00%) |    276       3    4881      6 |   25.10        0.00

Type     Name                                                                          # reqs      # fails |    Avg     Min     Max    Med |   req/s  failures/s
--------|----------------------------------------------------------------------------|-------|-------------|-------|-------|-------|-------|--------|-----------
GET      GET /api/v1/reservas                                                             453     0(0.00%) |      7       4      83      7 |   19.30        0.00
GET      GET /api/v1/reservas/{id}                                                        132     0(0.00%) |      5       3      14      5 |    5.70        0.00
POST     POST /api/v1/auth/login                                                           50     0(0.00%) |   3173     940    4881   3400 |    0.00        0.00
--------|----------------------------------------------------------------------------|-------|-------------|-------|-------|-------|-------|--------|-----------
         Aggregated                                                                       635     0(0.00%) |    256       3    4881      6 |   25.00        0.00

Type     Name                                                                          # reqs      # fails |    Avg     Min     Max    Med |   req/s  failures/s
--------|----------------------------------------------------------------------------|-------|-------------|-------|-------|-------|-------|--------|-----------
GET      GET /api/v1/reservas                                                             490     0(0.00%) |      7       4      83      6 |   20.30        0.00
GET      GET /api/v1/reservas/{id}                                                        150     0(0.00%) |      5       3      14      5 |    5.10        0.00
POST     POST /api/v1/auth/login                                                           50     0(0.00%) |   3173     940    4881   3400 |    0.00        0.00
--------|----------------------------------------------------------------------------|-------|-------------|-------|-------|-------|-------|--------|-----------
         Aggregated                                                                       690     0(0.00%) |    236       3    4881      6 |   25.40        0.00

Type     Name                                                                          # reqs      # fails |    Avg     Min     Max    Med |   req/s  failures/s
--------|----------------------------------------------------------------------------|-------|-------------|-------|-------|-------|-------|--------|-----------
GET      GET /api/v1/reservas                                                             520     0(0.00%) |      7       4      83      6 |   19.90        0.00
GET      GET /api/v1/reservas/{id}                                                        167     0(0.00%) |      5       3      14      5 |    5.60        0.00
POST     POST /api/v1/auth/login                                                           50     0(0.00%) |   3173     940    4881   3400 |    0.00        0.00
--------|----------------------------------------------------------------------------|-------|-------------|-------|-------|-------|-------|--------|-----------
         Aggregated                                                                       737     0(0.00%) |    221       3    4881      6 |   25.50        0.00

Type     Name                                                                          # reqs      # fails |    Avg     Min     Max    Med |   req/s  failures/s
--------|----------------------------------------------------------------------------|-------|-------------|-------|-------|-------|-------|--------|-----------
GET      GET /api/v1/reservas                                                             559     0(0.00%) |      7       4      83      6 |   18.80        0.00
GET      GET /api/v1/reservas/{id}                                                        180     0(0.00%) |      5       3      19      5 |    7.00        0.00
POST     POST /api/v1/auth/login                                                           50     0(0.00%) |   3173     940    4881   3400 |    0.00        0.00
--------|----------------------------------------------------------------------------|-------|-------------|-------|-------|-------|-------|--------|-----------
         Aggregated                                                                       789     0(0.00%) |    207       3    4881      6 |   25.80        0.00

Type     Name                                                                          # reqs      # fails |    Avg     Min     Max    Med |   req/s  failures/s
--------|----------------------------------------------------------------------------|-------|-------------|-------|-------|-------|-------|--------|-----------
GET      GET /api/v1/reservas                                                             599     0(0.00%) |      7       4      83      6 |   18.10        0.00
GET      GET /api/v1/reservas/{id}                                                        191     0(0.00%) |      5       3      19      5 |    6.80        0.00
POST     POST /api/v1/auth/login                                                           50     0(0.00%) |   3173     940    4881   3400 |    0.00        0.00
--------|----------------------------------------------------------------------------|-------|-------------|-------|-------|-------|-------|--------|-----------
         Aggregated                                                                       840     0(0.00%) |    195       3    4881      6 |   24.90        0.00

Type     Name                                                                          # reqs      # fails |    Avg     Min     Max    Med |   req/s  failures/s
--------|----------------------------------------------------------------------------|-------|-------------|-------|-------|-------|-------|--------|-----------
GET      GET /api/v1/reservas                                                             637     0(0.00%) |      7       4      83      6 |   17.70        0.00
GET      GET /api/v1/reservas/{id}                                                        205     0(0.00%) |      5       3      19      5 |    6.50        0.00
POST     POST /api/v1/auth/login                                                           50     0(0.00%) |   3173     940    4881   3400 |    0.00        0.00
--------|----------------------------------------------------------------------------|-------|-------------|-------|-------|-------|-------|--------|-----------
         Aggregated                                                                       892     0(0.00%) |    184       3    4881      6 |   24.20        0.00

Type     Name                                                                          # reqs      # fails |    Avg     Min     Max    Med |   req/s  failures/s
--------|----------------------------------------------------------------------------|-------|-------------|-------|-------|-------|-------|--------|-----------
GET      GET /api/v1/reservas                                                             673     0(0.00%) |      7       4      83      6 |   17.90        0.00
GET      GET /api/v1/reservas/{id}                                                        214     0(0.00%) |      5       3      19      5 |    7.10        0.00
POST     POST /api/v1/auth/login                                                           50     0(0.00%) |   3173     940    4881   3400 |    0.00        0.00
--------|----------------------------------------------------------------------------|-------|-------------|-------|-------|-------|-------|--------|-----------
         Aggregated                                                                       937     0(0.00%) |    175       3    4881      6 |   25.00        0.00

Type     Name                                                                          # reqs      # fails |    Avg     Min     Max    Med |   req/s  failures/s
--------|----------------------------------------------------------------------------|-------|-------------|-------|-------|-------|-------|--------|-----------
GET      GET /api/v1/reservas                                                             710     0(0.00%) |      7       4      83      6 |   18.60        0.00
GET      GET /api/v1/reservas/{id}                                                        228     0(0.00%) |      5       3      19      5 |    6.70        0.00
POST     POST /api/v1/auth/login                                                           50     0(0.00%) |   3173     940    4881   3400 |    0.00        0.00
--------|----------------------------------------------------------------------------|-------|-------------|-------|-------|-------|-------|--------|-----------
         Aggregated                                                                       988     0(0.00%) |    167       3    4881      6 |   25.30        0.00

Type     Name                                                                          # reqs      # fails |    Avg     Min     Max    Med |   req/s  failures/s
--------|----------------------------------------------------------------------------|-------|-------------|-------|-------|-------|-------|--------|-----------
GET      GET /api/v1/reservas                                                             755     0(0.00%) |      7       4      83      6 |   18.80        0.00
GET      GET /api/v1/reservas/{id}                                                        232     0(0.00%) |      5       3      19      5 |    6.10        0.00
POST     POST /api/v1/auth/login                                                           50     0(0.00%) |   3173     940    4881   3400 |    0.00        0.00
--------|----------------------------------------------------------------------------|-------|-------------|-------|-------|-------|-------|--------|-----------
         Aggregated                                                                      1037     0(0.00%) |    159       3    4881      6 |   24.90        0.00

Type     Name                                                                          # reqs      # fails |    Avg     Min     Max    Med |   req/s  failures/s
--------|----------------------------------------------------------------------------|-------|-------------|-------|-------|-------|-------|--------|-----------
GET      GET /api/v1/reservas                                                             789     0(0.00%) |      7       4      83      6 |   19.20        0.00
GET      GET /api/v1/reservas/{id}                                                        247     0(0.00%) |      5       3      19      5 |    5.60        0.00
POST     POST /api/v1/auth/login                                                           50     0(0.00%) |   3173     940    4881   3400 |    0.00        0.00
--------|----------------------------------------------------------------------------|-------|-------------|-------|-------|-------|-------|--------|-----------
         Aggregated                                                                      1086     0(0.00%) |    152       3    4881      6 |   24.80        0.00

Type     Name                                                                          # reqs      # fails |    Avg     Min     Max    Med |   req/s  failures/s
--------|----------------------------------------------------------------------------|-------|-------------|-------|-------|-------|-------|--------|-----------
GET      GET /api/v1/reservas                                                             823     0(0.00%) |      7       4      83      6 |   20.20        0.00
GET      GET /api/v1/reservas/{id}                                                        266     0(0.00%) |      5       3      19      5 |    5.40        0.00
POST     POST /api/v1/auth/login                                                           50     0(0.00%) |   3173     940    4881   3400 |    0.00        0.00
--------|----------------------------------------------------------------------------|-------|-------------|-------|-------|-------|-------|--------|-----------
         Aggregated                                                                      1139     0(0.00%) |    145       3    4881      6 |   25.60        0.00

Type     Name                                                                          # reqs      # fails |    Avg     Min     Max    Med |   req/s  failures/s
--------|----------------------------------------------------------------------------|-------|-------------|-------|-------|-------|-------|--------|-----------
GET      GET /api/v1/reservas                                                             855     0(0.00%) |      7       4      83      6 |   19.20        0.00
GET      GET /api/v1/reservas/{id}                                                        278     0(0.00%) |      5       3      19      5 |    5.70        0.00
POST     POST /api/v1/auth/login                                                           50     0(0.00%) |   3173     940    4881   3400 |    0.00        0.00
--------|----------------------------------------------------------------------------|-------|-------------|-------|-------|-------|-------|--------|-----------
         Aggregated                                                                      1183     0(0.00%) |    140       3    4881      6 |   24.90        0.00

Type     Name                                                                          # reqs      # fails |    Avg     Min     Max    Med |   req/s  failures/s
--------|----------------------------------------------------------------------------|-------|-------------|-------|-------|-------|-------|--------|-----------
GET      GET /api/v1/reservas                                                             888     0(0.00%) |      7       4      83      6 |   17.70        0.00
GET      GET /api/v1/reservas/{id}                                                        294     0(0.00%) |      5       3      19      5 |    6.10        0.00
POST     POST /api/v1/auth/login                                                           50     0(0.00%) |   3173     940    4881   3400 |    0.00        0.00
--------|----------------------------------------------------------------------------|-------|-------------|-------|-------|-------|-------|--------|-----------
         Aggregated                                                                      1232     0(0.00%) |    135       3    4881      6 |   23.80        0.00

Type     Name                                                                          # reqs      # fails |    Avg     Min     Max    Med |   req/s  failures/s
--------|----------------------------------------------------------------------------|-------|-------------|-------|-------|-------|-------|--------|-----------
GET      GET /api/v1/reservas                                                             932     0(0.00%) |      7       4      83      6 |   17.80        0.00
GET      GET /api/v1/reservas/{id}                                                        306     0(0.00%) |      5       3      19      5 |    6.50        0.00
POST     POST /api/v1/auth/login                                                           50     0(0.00%) |   3173     940    4881   3400 |    0.00        0.00
--------|----------------------------------------------------------------------------|-------|-------------|-------|-------|-------|-------|--------|-----------
         Aggregated                                                                      1288     0(0.00%) |    129       3    4881      6 |   24.30        0.00

Type     Name                                                                          # reqs      # fails |    Avg     Min     Max    Med |   req/s  failures/s
--------|----------------------------------------------------------------------------|-------|-------------|-------|-------|-------|-------|--------|-----------
GET      GET /api/v1/reservas                                                             968     0(0.00%) |      7       4      83      6 |   17.70        0.00
GET      GET /api/v1/reservas/{id}                                                        320     0(0.00%) |      5       3      19      5 |    7.10        0.00
POST     POST /api/v1/auth/login                                                           50     0(0.00%) |   3173     940    4881   3400 |    0.00        0.00
--------|----------------------------------------------------------------------------|-------|-------------|-------|-------|-------|-------|--------|-----------
         Aggregated                                                                      1338     0(0.00%) |    124       3    4881      6 |   24.80        0.00

Type     Name                                                                          # reqs      # fails |    Avg     Min     Max    Med |   req/s  failures/s
--------|----------------------------------------------------------------------------|-------|-------------|-------|-------|-------|-------|--------|-----------
GET      GET /api/v1/reservas                                                             999     0(0.00%) |      7       4      83      6 |   17.10        0.00
GET      GET /api/v1/reservas/{id}                                                        339     0(0.00%) |      5       3      19      5 |    7.60        0.00
POST     POST /api/v1/auth/login                                                           50     0(0.00%) |   3173     940    4881   3400 |    0.00        0.00
--------|----------------------------------------------------------------------------|-------|-------------|-------|-------|-------|-------|--------|-----------
         Aggregated                                                                      1388     0(0.00%) |    120       3    4881      6 |   24.70        0.00

Type     Name                                                                          # reqs      # fails |    Avg     Min     Max    Med |   req/s  failures/s
--------|----------------------------------------------------------------------------|-------|-------------|-------|-------|-------|-------|--------|-----------
GET      GET /api/v1/reservas                                                            1038     0(0.00%) |      7       4      83      6 |   17.50        0.00
GET      GET /api/v1/reservas/{id}                                                        351     0(0.00%) |      5       3      19      5 |    7.70        0.00
POST     POST /api/v1/auth/login                                                           50     0(0.00%) |   3173     940    4881   3400 |    0.00        0.00
--------|----------------------------------------------------------------------------|-------|-------------|-------|-------|-------|-------|--------|-----------
         Aggregated                                                                      1439     0(0.00%) |    116       3    4881      6 |   25.20        0.00

Type     Name                                                                          # reqs      # fails |    Avg     Min     Max    Med |   req/s  failures/s
--------|----------------------------------------------------------------------------|-------|-------------|-------|-------|-------|-------|--------|-----------
GET      GET /api/v1/reservas                                                            1076     0(0.00%) |      6       4      83      6 |   18.30        0.00
GET      GET /api/v1/reservas/{id}                                                        363     0(0.00%) |      5       3      19      5 |    7.20        0.00
POST     POST /api/v1/auth/login                                                           50     0(0.00%) |   3173     940    4881   3400 |    0.00        0.00
--------|----------------------------------------------------------------------------|-------|-------------|-------|-------|-------|-------|--------|-----------
         Aggregated                                                                      1489     0(0.00%) |    112       3    4881      6 |   25.50        0.00

Type     Name                                                                          # reqs      # fails |    Avg     Min     Max    Med |   req/s  failures/s
--------|----------------------------------------------------------------------------|-------|-------------|-------|-------|-------|-------|--------|-----------
GET      GET /api/v1/reservas                                                            1111     0(0.00%) |      6       4      83      6 |   18.80        0.00
GET      GET /api/v1/reservas/{id}                                                        372     0(0.00%) |      5       3      19      5 |    7.00        0.00
POST     POST /api/v1/auth/login                                                           50     0(0.00%) |   3173     940    4881   3400 |    0.00        0.00
--------|----------------------------------------------------------------------------|-------|-------------|-------|-------|-------|-------|--------|-----------
         Aggregated                                                                      1533     0(0.00%) |    109       3    4881      6 |   25.80        0.00

Type     Name                                                                          # reqs      # fails |    Avg     Min     Max    Med |   req/s  failures/s
--------|----------------------------------------------------------------------------|-------|-------------|-------|-------|-------|-------|--------|-----------
GET      GET /api/v1/reservas                                                            1152     0(0.00%) |      6       4      83      6 |   18.70        0.00
GET      GET /api/v1/reservas/{id}                                                        386     0(0.00%) |      5       3      19      5 |    6.90        0.00
POST     POST /api/v1/auth/login                                                           50     0(0.00%) |   3173     940    4881   3400 |    0.00        0.00
--------|----------------------------------------------------------------------------|-------|-------------|-------|-------|-------|-------|--------|-----------
         Aggregated                                                                      1588     0(0.00%) |    106       3    4881      6 |   25.60        0.00

Type     Name                                                                          # reqs      # fails |    Avg     Min     Max    Med |   req/s  failures/s
--------|----------------------------------------------------------------------------|-------|-------------|-------|-------|-------|-------|--------|-----------
GET      GET /api/v1/reservas                                                            1191     0(0.00%) |      6       4      83      6 |   18.50        0.00
GET      GET /api/v1/reservas/{id}                                                        396     0(0.00%) |      5       3      19      5 |    6.70        0.00
POST     POST /api/v1/auth/login                                                           50     0(0.00%) |   3173     940    4881   3400 |    0.00        0.00
--------|----------------------------------------------------------------------------|-------|-------------|-------|-------|-------|-------|--------|-----------
         Aggregated                                                                      1637     0(0.00%) |    103       3    4881      6 |   25.20        0.00

Type     Name                                                                          # reqs      # fails |    Avg     Min     Max    Med |   req/s  failures/s
--------|----------------------------------------------------------------------------|-------|-------------|-------|-------|-------|-------|--------|-----------
GET      GET /api/v1/reservas                                                            1227     0(0.00%) |      6       4      83      6 |   19.40        0.00
GET      GET /api/v1/reservas/{id}                                                        409     0(0.00%) |      5       3      19      5 |    5.90        0.00
POST     POST /api/v1/auth/login                                                           50     0(0.00%) |   3173     940    4881   3400 |    0.00        0.00
--------|----------------------------------------------------------------------------|-------|-------------|-------|-------|-------|-------|--------|-----------
         Aggregated                                                                      1686     0(0.00%) |    100       3    4881      6 |   25.30        0.00

Type     Name                                                                          # reqs      # fails |    Avg     Min     Max    Med |   req/s  failures/s
--------|----------------------------------------------------------------------------|-------|-------------|-------|-------|-------|-------|--------|-----------
GET      GET /api/v1/reservas                                                            1267     0(0.00%) |      6       4      83      6 |   19.10        0.00
GET      GET /api/v1/reservas/{id}                                                        416     0(0.00%) |      5       3      19      5 |    5.90        0.00
POST     POST /api/v1/auth/login                                                           50     0(0.00%) |   3173     940    4881   3400 |    0.00        0.00
--------|----------------------------------------------------------------------------|-------|-------------|-------|-------|-------|-------|--------|-----------
         Aggregated                                                                      1733     0(0.00%) |     97       3    4881      6 |   25.00        0.00

Type     Name                                                                          # reqs      # fails |    Avg     Min     Max    Med |   req/s  failures/s
--------|----------------------------------------------------------------------------|-------|-------------|-------|-------|-------|-------|--------|-----------
GET      GET /api/v1/reservas                                                            1308     0(0.00%) |      6       4      83      6 |   18.80        0.00
GET      GET /api/v1/reservas/{id}                                                        429     0(0.00%) |      5       3      19      5 |    5.40        0.00
POST     POST /api/v1/auth/login                                                           50     0(0.00%) |   3173     940    4881   3400 |    0.00        0.00
--------|----------------------------------------------------------------------------|-------|-------------|-------|-------|-------|-------|--------|-----------
         Aggregated                                                                      1787     0(0.00%) |     95       3    4881      6 |   24.20        0.00

Type     Name                                                                          # reqs      # fails |    Avg     Min     Max    Med |   req/s  failures/s
--------|----------------------------------------------------------------------------|-------|-------------|-------|-------|-------|-------|--------|-----------
GET      GET /api/v1/reservas                                                            1343     0(0.00%) |      7       4      83      6 |   19.20        0.00
GET      GET /api/v1/reservas/{id}                                                        444     0(0.00%) |      5       3      23      5 |    5.60        0.00
POST     POST /api/v1/auth/login                                                           50     0(0.00%) |   3173     940    4881   3400 |    0.00        0.00
--------|----------------------------------------------------------------------------|-------|-------------|-------|-------|-------|-------|--------|-----------
         Aggregated                                                                      1837     0(0.00%) |     92       3    4881      6 |   24.80        0.00

Type     Name                                                                          # reqs      # fails |    Avg     Min     Max    Med |   req/s  failures/s
--------|----------------------------------------------------------------------------|-------|-------------|-------|-------|-------|-------|--------|-----------
GET      GET /api/v1/reservas                                                            1380     0(0.00%) |      7       4      83      6 |   18.90        0.00
GET      GET /api/v1/reservas/{id}                                                        457     0(0.00%) |      5       3      23      5 |    5.90        0.00
POST     POST /api/v1/auth/login                                                           50     0(0.00%) |   3173     940    4881   3400 |    0.00        0.00
--------|----------------------------------------------------------------------------|-------|-------------|-------|-------|-------|-------|--------|-----------
         Aggregated                                                                      1887     0(0.00%) |     90       3    4881      6 |   24.80        0.00

Type     Name                                                                          # reqs      # fails |    Avg     Min     Max    Med |   req/s  failures/s
--------|----------------------------------------------------------------------------|-------|-------------|-------|-------|-------|-------|--------|-----------
GET      GET /api/v1/reservas                                                            1410     0(0.00%) |      7       4      83      6 |   18.50        0.00
GET      GET /api/v1/reservas/{id}                                                        470     0(0.00%) |      5       3      23      5 |    5.90        0.00
POST     POST /api/v1/auth/login                                                           50     0(0.00%) |   3173     940    4881   3400 |    0.00        0.00
--------|----------------------------------------------------------------------------|-------|-------------|-------|-------|-------|-------|--------|-----------
         Aggregated                                                                      1930     0(0.00%) |     88       3    4881      6 |   24.40        0.00

Type     Name                                                                          # reqs      # fails |    Avg     Min     Max    Med |   req/s  failures/s
--------|----------------------------------------------------------------------------|-------|-------------|-------|-------|-------|-------|--------|-----------
GET      GET /api/v1/reservas                                                            1448     0(0.00%) |      7       4      83      6 |   18.10        0.00
GET      GET /api/v1/reservas/{id}                                                        482     0(0.00%) |      5       3      23      5 |    6.40        0.00
POST     POST /api/v1/auth/login                                                           50     0(0.00%) |   3173     940    4881   3400 |    0.00        0.00
--------|----------------------------------------------------------------------------|-------|-------------|-------|-------|-------|-------|--------|-----------
         Aggregated                                                                      1980     0(0.00%) |     86       3    4881      6 |   24.50        0.00

Type     Name                                                                          # reqs      # fails |    Avg     Min     Max    Med |   req/s  failures/s
--------|----------------------------------------------------------------------------|-------|-------------|-------|-------|-------|-------|--------|-----------
GET      GET /api/v1/reservas                                                            1488     0(0.00%) |      7       4      83      6 |   18.70        0.00
GET      GET /api/v1/reservas/{id}                                                        491     0(0.00%) |      5       3      23      5 |    6.40        0.00
POST     POST /api/v1/auth/login                                                           50     0(0.00%) |   3173     940    4881   3400 |    0.00        0.00
--------|----------------------------------------------------------------------------|-------|-------------|-------|-------|-------|-------|--------|-----------
         Aggregated                                                                      2029     0(0.00%) |     84       3    4881      6 |   25.10        0.00

Type     Name                                                                          # reqs      # fails |    Avg     Min     Max    Med |   req/s  failures/s
--------|----------------------------------------------------------------------------|-------|-------------|-------|-------|-------|-------|--------|-----------
GET      GET /api/v1/reservas                                                            1524     0(0.00%) |      7       4      83      6 |   18.20        0.00
GET      GET /api/v1/reservas/{id}                                                        507     0(0.00%) |      5       3      23      5 |    6.20        0.00
POST     POST /api/v1/auth/login                                                           50     0(0.00%) |   3173     940    4881   3400 |    0.00        0.00
--------|----------------------------------------------------------------------------|-------|-------------|-------|-------|-------|-------|--------|-----------
         Aggregated                                                                      2081     0(0.00%) |     82       3    4881      6 |   24.40        0.00

Type     Name                                                                          # reqs      # fails |    Avg     Min     Max    Med |   req/s  failures/s
--------|----------------------------------------------------------------------------|-------|-------------|-------|-------|-------|-------|--------|-----------
GET      GET /api/v1/reservas                                                            1565     0(0.00%) |      7       4      83      6 |   18.60        0.00
GET      GET /api/v1/reservas/{id}                                                        518     0(0.00%) |      5       3      23      5 |    5.90        0.00
POST     POST /api/v1/auth/login                                                           50     0(0.00%) |   3173     940    4881   3400 |    0.00        0.00
--------|----------------------------------------------------------------------------|-------|-------------|-------|-------|-------|-------|--------|-----------
         Aggregated                                                                      2133     0(0.00%) |     80       3    4881      6 |   24.50        0.00

Type     Name                                                                          # reqs      # fails |    Avg     Min     Max    Med |   req/s  failures/s
--------|----------------------------------------------------------------------------|-------|-------------|-------|-------|-------|-------|--------|-----------
GET      GET /api/v1/reservas                                                            1601     0(0.00%) |      6       4      83      6 |   18.50        0.00
GET      GET /api/v1/reservas/{id}                                                        529     0(0.00%) |      5       3      23      5 |    6.20        0.00
POST     POST /api/v1/auth/login                                                           50     0(0.00%) |   3173     940    4881   3400 |    0.00        0.00
--------|----------------------------------------------------------------------------|-------|-------------|-------|-------|-------|-------|--------|-----------
         Aggregated                                                                      2180     0(0.00%) |     79       3    4881      6 |   24.70        0.00

Type     Name                                                                          # reqs      # fails |    Avg     Min     Max    Med |   req/s  failures/s
--------|----------------------------------------------------------------------------|-------|-------------|-------|-------|-------|-------|--------|-----------
GET      GET /api/v1/reservas                                                            1641     0(0.00%) |      6       4      83      6 |   18.80        0.00
GET      GET /api/v1/reservas/{id}                                                        542     0(0.00%) |      5       3      23      5 |    5.90        0.00
POST     POST /api/v1/auth/login                                                           50     0(0.00%) |   3173     940    4881   3400 |    0.00        0.00
--------|----------------------------------------------------------------------------|-------|-------------|-------|-------|-------|-------|--------|-----------
         Aggregated                                                                      2233     0(0.00%) |     77       3    4881      6 |   24.70        0.00

Type     Name                                                                          # reqs      # fails |    Avg     Min     Max    Med |   req/s  failures/s
--------|----------------------------------------------------------------------------|-------|-------------|-------|-------|-------|-------|--------|-----------
GET      GET /api/v1/reservas                                                            1676     0(0.00%) |      6       4      83      6 |   19.20        0.00
GET      GET /api/v1/reservas/{id}                                                        553     0(0.00%) |      5       3      23      5 |    5.90        0.00
POST     POST /api/v1/auth/login                                                           50     0(0.00%) |   3173     940    4881   3400 |    0.00        0.00
--------|----------------------------------------------------------------------------|-------|-------------|-------|-------|-------|-------|--------|-----------
         Aggregated                                                                      2279     0(0.00%) |     76       3    4881      6 |   25.10        0.00

Type     Name                                                                          # reqs      # fails |    Avg     Min     Max    Med |   req/s  failures/s
--------|----------------------------------------------------------------------------|-------|-------------|-------|-------|-------|-------|--------|-----------
GET      GET /api/v1/reservas                                                            1719     0(0.00%) |      6       4      83      6 |   18.30        0.00
GET      GET /api/v1/reservas/{id}                                                        564     0(0.00%) |      5       3      23      5 |    6.20        0.00
POST     POST /api/v1/auth/login                                                           50     0(0.00%) |   3173     940    4881   3400 |    0.00        0.00
--------|----------------------------------------------------------------------------|-------|-------------|-------|-------|-------|-------|--------|-----------
         Aggregated                                                                      2333     0(0.00%) |     74       3    4881      6 |   24.50        0.00

Type     Name                                                                          # reqs      # fails |    Avg     Min     Max    Med |   req/s  failures/s
--------|----------------------------------------------------------------------------|-------|-------------|-------|-------|-------|-------|--------|-----------
GET      GET /api/v1/reservas                                                            1753     0(0.00%) |      6       4      83      6 |   18.80        0.00
GET      GET /api/v1/reservas/{id}                                                        577     0(0.00%) |      5       3      23      5 |    5.70        0.00
POST     POST /api/v1/auth/login                                                           50     0(0.00%) |   3173     940    4881   3400 |    0.00        0.00
--------|----------------------------------------------------------------------------|-------|-------------|-------|-------|-------|-------|--------|-----------
         Aggregated                                                                      2380     0(0.00%) |     73       3    4881      6 |   24.50        0.00

Type     Name                                                                          # reqs      # fails |    Avg     Min     Max    Med |   req/s  failures/s
--------|----------------------------------------------------------------------------|-------|-------------|-------|-------|-------|-------|--------|-----------
GET      GET /api/v1/reservas                                                            1786     0(0.00%) |      6       4      83      6 |   18.70        0.00
GET      GET /api/v1/reservas/{id}                                                        591     0(0.00%) |      5       3      23      5 |    5.60        0.00
POST     POST /api/v1/auth/login                                                           50     0(0.00%) |   3173     940    4881   3400 |    0.00        0.00
--------|----------------------------------------------------------------------------|-------|-------------|-------|-------|-------|-------|--------|-----------
         Aggregated                                                                      2427     0(0.00%) |     71       3    4881      6 |   24.30        0.00

Type     Name                                                                          # reqs      # fails |    Avg     Min     Max    Med |   req/s  failures/s
--------|----------------------------------------------------------------------------|-------|-------------|-------|-------|-------|-------|--------|-----------
GET      GET /api/v1/reservas                                                            1828     0(0.00%) |      6       4      83      6 |   19.00        0.00
GET      GET /api/v1/reservas/{id}                                                        603     0(0.00%) |      5       3      23      5 |    5.70        0.00
POST     POST /api/v1/auth/login                                                           50     0(0.00%) |   3173     940    4881   3400 |    0.00        0.00
--------|----------------------------------------------------------------------------|-------|-------------|-------|-------|-------|-------|--------|-----------
         Aggregated                                                                      2481     0(0.00%) |     70       3    4881      6 |   24.70        0.00

Type     Name                                                                          # reqs      # fails |    Avg     Min     Max    Med |   req/s  failures/s
--------|----------------------------------------------------------------------------|-------|-------------|-------|-------|-------|-------|--------|-----------
GET      GET /api/v1/reservas                                                            1860     0(0.00%) |      6       4      83      6 |   17.90        0.00
GET      GET /api/v1/reservas/{id}                                                        617     0(0.00%) |      5       3      23      5 |    5.90        0.00
POST     POST /api/v1/auth/login                                                           50     0(0.00%) |   3173     940    4881   3400 |    0.00        0.00
--------|----------------------------------------------------------------------------|-------|-------------|-------|-------|-------|-------|--------|-----------
         Aggregated                                                                      2527     0(0.00%) |     69       3    4881      6 |   23.80        0.00

Type     Name                                                                          # reqs      # fails |    Avg     Min     Max    Med |   req/s  failures/s
--------|----------------------------------------------------------------------------|-------|-------------|-------|-------|-------|-------|--------|-----------
GET      GET /api/v1/reservas                                                            1900     0(0.00%) |      6       4      83      6 |   18.70        0.00
GET      GET /api/v1/reservas/{id}                                                        629     0(0.00%) |      5       3      23      5 |    6.20        0.00
POST     POST /api/v1/auth/login                                                           50     0(0.00%) |   3173     940    4881   3400 |    0.00        0.00
--------|----------------------------------------------------------------------------|-------|-------------|-------|-------|-------|-------|--------|-----------
         Aggregated                                                                      2579     0(0.00%) |     67       3    4881      6 |   24.90        0.00

Type     Name                                                                          # reqs      # fails |    Avg     Min     Max    Med |   req/s  failures/s
--------|----------------------------------------------------------------------------|-------|-------------|-------|-------|-------|-------|--------|-----------
GET      GET /api/v1/reservas                                                            1933     0(0.00%) |      6       3      83      6 |   18.50        0.00
GET      GET /api/v1/reservas/{id}                                                        643     0(0.00%) |      5       3      23      5 |    6.70        0.00
POST     POST /api/v1/auth/login                                                           50     0(0.00%) |   3173     940    4881   3400 |    0.00        0.00
--------|----------------------------------------------------------------------------|-------|-------------|-------|-------|-------|-------|--------|-----------
         Aggregated                                                                      2626     0(0.00%) |     66       3    4881      6 |   25.20        0.00

Type     Name                                                                          # reqs      # fails |    Avg     Min     Max    Med |   req/s  failures/s
--------|----------------------------------------------------------------------------|-------|-------------|-------|-------|-------|-------|--------|-----------
GET      GET /api/v1/reservas                                                            1969     0(0.00%) |      6       3      83      6 |   18.10        0.00
GET      GET /api/v1/reservas/{id}                                                        654     0(0.00%) |      5       3      23      5 |    6.70        0.00
POST     POST /api/v1/auth/login                                                           50     0(0.00%) |   3173     940    4881   3400 |    0.00        0.00
--------|----------------------------------------------------------------------------|-------|-------------|-------|-------|-------|-------|--------|-----------
         Aggregated                                                                      2673     0(0.00%) |     65       3    4881      6 |   24.80        0.00

Type     Name                                                                          # reqs      # fails |    Avg     Min     Max    Med |   req/s  failures/s
--------|----------------------------------------------------------------------------|-------|-------------|-------|-------|-------|-------|--------|-----------
GET      GET /api/v1/reservas                                                            2010     0(0.00%) |      6       3      83      6 |   17.90        0.00
GET      GET /api/v1/reservas/{id}                                                        662     0(0.00%) |      5       3      23      5 |    6.80        0.00
POST     POST /api/v1/auth/login                                                           50     0(0.00%) |   3173     940    4881   3400 |    0.00        0.00
--------|----------------------------------------------------------------------------|-------|-------------|-------|-------|-------|-------|--------|-----------
         Aggregated                                                                      2722     0(0.00%) |     64       3    4881      6 |   24.70        0.00

Type     Name                                                                          # reqs      # fails |    Avg     Min     Max    Med |   req/s  failures/s
--------|----------------------------------------------------------------------------|-------|-------------|-------|-------|-------|-------|--------|-----------
GET      GET /api/v1/reservas                                                            2045     0(0.00%) |      6       3      83      6 |   18.60        0.00
GET      GET /api/v1/reservas/{id}                                                        672     0(0.00%) |      5       3      23      5 |    6.40        0.00
POST     POST /api/v1/auth/login                                                           50     0(0.00%) |   3173     940    4881   3400 |    0.00        0.00
--------|----------------------------------------------------------------------------|-------|-------------|-------|-------|-------|-------|--------|-----------
         Aggregated                                                                      2767     0(0.00%) |     63       3    4881      6 |   25.00        0.00

Type     Name                                                                          # reqs      # fails |    Avg     Min     Max    Med |   req/s  failures/s
--------|----------------------------------------------------------------------------|-------|-------------|-------|-------|-------|-------|--------|-----------
GET      GET /api/v1/reservas                                                            2094     0(0.00%) |      6       3      83      6 |   18.90        0.00
GET      GET /api/v1/reservas/{id}                                                        679     0(0.00%) |      5       3      23      5 |    5.20        0.00
POST     POST /api/v1/auth/login                                                           50     0(0.00%) |   3173     940    4881   3400 |    0.00        0.00
--------|----------------------------------------------------------------------------|-------|-------------|-------|-------|-------|-------|--------|-----------
         Aggregated                                                                      2823     0(0.00%) |     62       3    4881      6 |   24.10        0.00

Type     Name                                                                          # reqs      # fails |    Avg     Min     Max    Med |   req/s  failures/s
--------|----------------------------------------------------------------------------|-------|-------------|-------|-------|-------|-------|--------|-----------
GET      GET /api/v1/reservas                                                            2129     0(0.00%) |      6       3      83      6 |   18.20        0.00
GET      GET /api/v1/reservas/{id}                                                        693     0(0.00%) |      5       3      23      5 |    5.20        0.00
POST     POST /api/v1/auth/login                                                           50     0(0.00%) |   3173     940    4881   3400 |    0.00        0.00
--------|----------------------------------------------------------------------------|-------|-------------|-------|-------|-------|-------|--------|-----------
         Aggregated                                                                      2872     0(0.00%) |     61       3    4881      6 |   23.40        0.00

Type     Name                                                                          # reqs      # fails |    Avg     Min     Max    Med |   req/s  failures/s
--------|----------------------------------------------------------------------------|-------|-------------|-------|-------|-------|-------|--------|-----------
GET      GET /api/v1/reservas                                                            2165     0(0.00%) |      6       3      83      6 |   19.70        0.00
GET      GET /api/v1/reservas/{id}                                                        708     0(0.00%) |      5       3      23      5 |    5.00        0.00
POST     POST /api/v1/auth/login                                                           50     0(0.00%) |   3173     940    4881   3400 |    0.00        0.00
--------|----------------------------------------------------------------------------|-------|-------------|-------|-------|-------|-------|--------|-----------
         Aggregated                                                                      2923     0(0.00%) |     60       3    4881      6 |   24.70        0.00

Type     Name                                                                          # reqs      # fails |    Avg     Min     Max    Med |   req/s  failures/s
--------|----------------------------------------------------------------------------|-------|-------------|-------|-------|-------|-------|--------|-----------
GET      GET /api/v1/reservas                                                            2205     0(0.00%) |      6       3      83      6 |   19.60        0.00
GET      GET /api/v1/reservas/{id}                                                        718     0(0.00%) |      5       3      23      5 |    4.90        0.00
POST     POST /api/v1/auth/login                                                           50     0(0.00%) |   3173     940    4881   3400 |    0.00        0.00
--------|----------------------------------------------------------------------------|-------|-------------|-------|-------|-------|-------|--------|-----------
         Aggregated                                                                      2973     0(0.00%) |     59       3    4881      6 |   24.50        0.00

Type     Name                                                                          # reqs      # fails |    Avg     Min     Max    Med |   req/s  failures/s
--------|----------------------------------------------------------------------------|-------|-------------|-------|-------|-------|-------|--------|-----------
GET      GET /api/v1/reservas                                                            2243     0(0.00%) |      6       3      83      6 |   19.70        0.00
GET      GET /api/v1/reservas/{id}                                                        728     0(0.00%) |      5       3      23      5 |    5.60        0.00
POST     POST /api/v1/auth/login                                                           50     0(0.00%) |   3173     940    4881   3400 |    0.00        0.00
--------|----------------------------------------------------------------------------|-------|-------------|-------|-------|-------|-------|--------|-----------
         Aggregated                                                                      3021     0(0.00%) |     58       3    4881      6 |   25.30        0.00

Type     Name                                                                          # reqs      # fails |    Avg     Min     Max    Med |   req/s  failures/s
--------|----------------------------------------------------------------------------|-------|-------------|-------|-------|-------|-------|--------|-----------
GET      GET /api/v1/reservas                                                            2279     0(0.00%) |      6       3      83      6 |   19.90        0.00
GET      GET /api/v1/reservas/{id}                                                        745     0(0.00%) |      5       3      23      5 |    6.10        0.00
POST     POST /api/v1/auth/login                                                           50     0(0.00%) |   3173     940    4881   3400 |    0.00        0.00
--------|----------------------------------------------------------------------------|-------|-------------|-------|-------|-------|-------|--------|-----------
         Aggregated                                                                      3074     0(0.00%) |     57       3    4881      6 |   26.00        0.00

Type     Name                                                                          # reqs      # fails |    Avg     Min     Max    Med |   req/s  failures/s
--------|----------------------------------------------------------------------------|-------|-------------|-------|-------|-------|-------|--------|-----------
GET      GET /api/v1/reservas                                                            2321     0(0.00%) |      6       3      83      6 |   19.80        0.00
GET      GET /api/v1/reservas/{id}                                                        758     0(0.00%) |      5       3      23      5 |    6.50        0.00
POST     POST /api/v1/auth/login                                                           50     0(0.00%) |   3173     940    4881   3400 |    0.00        0.00
--------|----------------------------------------------------------------------------|-------|-------------|-------|-------|-------|-------|--------|-----------
         Aggregated                                                                      3129     0(0.00%) |     57       3    4881      6 |   26.30        0.00

Type     Name                                                                          # reqs      # fails |    Avg     Min     Max    Med |   req/s  failures/s
--------|----------------------------------------------------------------------------|-------|-------------|-------|-------|-------|-------|--------|-----------
GET      GET /api/v1/reservas                                                            2356     0(0.00%) |      6       3      83      6 |   19.00        0.00
GET      GET /api/v1/reservas/{id}                                                        774     0(0.00%) |      5       3      23      5 |    6.50        0.00
POST     POST /api/v1/auth/login                                                           50     0(0.00%) |   3173     940    4881   3400 |    0.00        0.00
--------|----------------------------------------------------------------------------|-------|-------------|-------|-------|-------|-------|--------|-----------
         Aggregated                                                                      3180     0(0.00%) |     56       3    4881      6 |   25.50        0.00

Type     Name                                                                          # reqs      # fails |    Avg     Min     Max    Med |   req/s  failures/s
--------|----------------------------------------------------------------------------|-------|-------------|-------|-------|-------|-------|--------|-----------
GET      GET /api/v1/reservas                                                            2389     0(0.00%) |      6       3      83      6 |   18.80        0.00
GET      GET /api/v1/reservas/{id}                                                        788     0(0.00%) |      5       3      23      5 |    6.50        0.00
POST     POST /api/v1/auth/login                                                           50     0(0.00%) |   3173     940    4881   3400 |    0.00        0.00
--------|----------------------------------------------------------------------------|-------|-------------|-------|-------|-------|-------|--------|-----------
         Aggregated                                                                      3227     0(0.00%) |     55       3    4881      6 |   25.30        0.00

Type     Name                                                                          # reqs      # fails |    Avg     Min     Max    Med |   req/s  failures/s
--------|----------------------------------------------------------------------------|-------|-------------|-------|-------|-------|-------|--------|-----------
GET      GET /api/v1/reservas                                                            2434     0(0.00%) |      6       3      83      6 |   18.40        0.00
GET      GET /api/v1/reservas/{id}                                                        799     0(0.00%) |      5       3      23      5 |    6.70        0.00
POST     POST /api/v1/auth/login                                                           50     0(0.00%) |   3173     940    4881   3400 |    0.00        0.00
--------|----------------------------------------------------------------------------|-------|-------------|-------|-------|-------|-------|--------|-----------
         Aggregated                                                                      3283     0(0.00%) |     54       3    4881      6 |   25.10        0.00

Type     Name                                                                          # reqs      # fails |    Avg     Min     Max    Med |   req/s  failures/s
--------|----------------------------------------------------------------------------|-------|-------------|-------|-------|-------|-------|--------|-----------
GET      GET /api/v1/reservas                                                            2464     0(0.00%) |      6       3      83      6 |   18.00        0.00
GET      GET /api/v1/reservas/{id}                                                        810     0(0.00%) |      5       3      23      5 |    6.90        0.00
POST     POST /api/v1/auth/login                                                           50     0(0.00%) |   3173     940    4881   3400 |    0.00        0.00
--------|----------------------------------------------------------------------------|-------|-------------|-------|-------|-------|-------|--------|-----------
         Aggregated                                                                      3324     0(0.00%) |     54       3    4881      6 |   24.90        0.00

Type     Name                                                                          # reqs      # fails |    Avg     Min     Max    Med |   req/s  failures/s
--------|----------------------------------------------------------------------------|-------|-------------|-------|-------|-------|-------|--------|-----------
GET      GET /api/v1/reservas                                                            2496     0(0.00%) |      6       3      83      6 |   18.50        0.00
GET      GET /api/v1/reservas/{id}                                                        824     0(0.00%) |      5       3      23      5 |    6.40        0.00
POST     POST /api/v1/auth/login                                                           50     0(0.00%) |   3173     940    4881   3400 |    0.00        0.00
--------|----------------------------------------------------------------------------|-------|-------------|-------|-------|-------|-------|--------|-----------
         Aggregated                                                                      3370     0(0.00%) |     53       3    4881      6 |   24.90        0.00

Type     Name                                                                          # reqs      # fails |    Avg     Min     Max    Med |   req/s  failures/s
--------|----------------------------------------------------------------------------|-------|-------------|-------|-------|-------|-------|--------|-----------
GET      GET /api/v1/reservas                                                            2540     0(0.00%) |      6       3      83      6 |   18.00        0.00
GET      GET /api/v1/reservas/{id}                                                        832     0(0.00%) |      5       3      23      5 |    6.70        0.00
POST     POST /api/v1/auth/login                                                           50     0(0.00%) |   3173     940    4881   3400 |    0.00        0.00
--------|----------------------------------------------------------------------------|-------|-------------|-------|-------|-------|-------|--------|-----------
         Aggregated                                                                      3422     0(0.00%) |     52       3    4881      6 |   24.70        0.00

Type     Name                                                                          # reqs      # fails |    Avg     Min     Max    Med |   req/s  failures/s
--------|----------------------------------------------------------------------------|-------|-------------|-------|-------|-------|-------|--------|-----------
GET      GET /api/v1/reservas                                                            2571     0(0.00%) |      6       3      83      6 |   18.60        0.00
GET      GET /api/v1/reservas/{id}                                                        853     0(0.00%) |      5       3      23      5 |    6.60        0.00
POST     POST /api/v1/auth/login                                                           50     0(0.00%) |   3173     940    4881   3400 |    0.00        0.00
--------|----------------------------------------------------------------------------|-------|-------------|-------|-------|-------|-------|--------|-----------
         Aggregated                                                                      3474     0(0.00%) |     52       3    4881      6 |   25.20        0.00

Type     Name                                                                          # reqs      # fails |    Avg     Min     Max    Med |   req/s  failures/s
--------|----------------------------------------------------------------------------|-------|-------------|-------|-------|-------|-------|--------|-----------
GET      GET /api/v1/reservas                                                            2606     0(0.00%) |      6       3      83      6 |   18.10        0.00
GET      GET /api/v1/reservas/{id}                                                        861     0(0.00%) |      5       3      23      5 |    6.30        0.00
POST     POST /api/v1/auth/login                                                           50     0(0.00%) |   3173     940    4881   3400 |    0.00        0.00
--------|----------------------------------------------------------------------------|-------|-------------|-------|-------|-------|-------|--------|-----------
         Aggregated                                                                      3517     0(0.00%) |     51       3    4881      6 |   24.40        0.00

Type     Name                                                                          # reqs      # fails |    Avg     Min     Max    Med |   req/s  failures/s
--------|----------------------------------------------------------------------------|-------|-------------|-------|-------|-------|-------|--------|-----------
GET      GET /api/v1/reservas                                                            2638     0(0.00%) |      6       3      98      6 |   17.80        0.00
GET      GET /api/v1/reservas/{id}                                                        879     0(0.00%) |      5       3      82      5 |    6.50        0.00
POST     POST /api/v1/auth/login                                                           50     0(0.00%) |   3173     940    4881   3400 |    0.00        0.00
--------|----------------------------------------------------------------------------|-------|-------------|-------|-------|-------|-------|--------|-----------
         Aggregated                                                                      3567     0(0.00%) |     50       3    4881      6 |   24.30        0.00

Type     Name                                                                          # reqs      # fails |    Avg     Min     Max    Med |   req/s  failures/s
--------|----------------------------------------------------------------------------|-------|-------------|-------|-------|-------|-------|--------|-----------
GET      GET /api/v1/reservas                                                            2672     0(0.00%) |      6       3      98      6 |   16.90        0.00
GET      GET /api/v1/reservas/{id}                                                        894     0(0.00%) |      5       3     176      5 |    6.50        0.00
POST     POST /api/v1/auth/login                                                           50     0(0.00%) |   3173     940    4881   3400 |    0.00        0.00
--------|----------------------------------------------------------------------------|-------|-------------|-------|-------|-------|-------|--------|-----------
         Aggregated                                                                      3616     0(0.00%) |     50       3    4881      6 |   23.40        0.00

Type     Name                                                                          # reqs      # fails |    Avg     Min     Max    Med |   req/s  failures/s
--------|----------------------------------------------------------------------------|-------|-------------|-------|-------|-------|-------|--------|-----------
GET      GET /api/v1/reservas                                                            2714     0(0.00%) |      6       3      98      6 |   17.00        0.00
GET      GET /api/v1/reservas/{id}                                                        908     0(0.00%) |      5       3     176      5 |    6.80        0.00
POST     POST /api/v1/auth/login                                                           50     0(0.00%) |   3173     940    4881   3400 |    0.00        0.00
--------|----------------------------------------------------------------------------|-------|-------------|-------|-------|-------|-------|--------|-----------
         Aggregated                                                                      3672     0(0.00%) |     49       3    4881      6 |   23.80        0.00

Type     Name                                                                          # reqs      # fails |    Avg     Min     Max    Med |   req/s  failures/s
--------|----------------------------------------------------------------------------|-------|-------------|-------|-------|-------|-------|--------|-----------
GET      GET /api/v1/reservas                                                            2750     0(0.00%) |      6       3      98      6 |   17.20        0.00
GET      GET /api/v1/reservas/{id}                                                        916     0(0.00%) |      5       3     176      5 |    6.90        0.00
POST     POST /api/v1/auth/login                                                           50     0(0.00%) |   3173     940    4881   3400 |    0.00        0.00
--------|----------------------------------------------------------------------------|-------|-------------|-------|-------|-------|-------|--------|-----------
         Aggregated                                                                      3716     0(0.00%) |     49       3    4881      6 |   24.10        0.00

Type     Name                                                                          # reqs      # fails |    Avg     Min     Max    Med |   req/s  failures/s
--------|----------------------------------------------------------------------------|-------|-------------|-------|-------|-------|-------|--------|-----------
GET      GET /api/v1/reservas                                                            2786     0(0.00%) |      6       3      98      6 |   18.00        0.00
GET      GET /api/v1/reservas/{id}                                                        928     0(0.00%) |      5       3     176      5 |    6.80        0.00
POST     POST /api/v1/auth/login                                                           50     0(0.00%) |   3173     940    4881   3400 |    0.00        0.00
--------|----------------------------------------------------------------------------|-------|-------------|-------|-------|-------|-------|--------|-----------
         Aggregated                                                                      3764     0(0.00%) |     48       3    4881      6 |   24.80        0.00

Type     Name                                                                          # reqs      # fails |    Avg     Min     Max    Med |   req/s  failures/s
--------|----------------------------------------------------------------------------|-------|-------------|-------|-------|-------|-------|--------|-----------
GET      GET /api/v1/reservas                                                            2830     0(0.00%) |      6       3      98      6 |   18.50        0.00
GET      GET /api/v1/reservas/{id}                                                        941     0(0.00%) |      5       3     176      5 |    6.30        0.00
POST     POST /api/v1/auth/login                                                           50     0(0.00%) |   3173     940    4881   3400 |    0.00        0.00
--------|----------------------------------------------------------------------------|-------|-------------|-------|-------|-------|-------|--------|-----------
         Aggregated                                                                      3821     0(0.00%) |     48       3    4881      6 |   24.80        0.00

Type     Name                                                                          # reqs      # fails |    Avg     Min     Max    Med |   req/s  failures/s
--------|----------------------------------------------------------------------------|-------|-------------|-------|-------|-------|-------|--------|-----------
GET      GET /api/v1/reservas                                                            2862     0(0.00%) |      6       3      98      6 |   19.20        0.00
GET      GET /api/v1/reservas/{id}                                                        955     0(0.00%) |      5       3     176      5 |    6.60        0.00
POST     POST /api/v1/auth/login                                                           50     0(0.00%) |   3173     940    4881   3400 |    0.00        0.00
--------|----------------------------------------------------------------------------|-------|-------------|-------|-------|-------|-------|--------|-----------
         Aggregated                                                                      3867     0(0.00%) |     47       3    4881      6 |   25.80        0.00

Type     Name                                                                          # reqs      # fails |    Avg     Min     Max    Med |   req/s  failures/s
--------|----------------------------------------------------------------------------|-------|-------------|-------|-------|-------|-------|--------|-----------
GET      GET /api/v1/reservas                                                            2899     0(0.00%) |      6       3      98      6 |   19.50        0.00
GET      GET /api/v1/reservas/{id}                                                        968     0(0.00%) |      5       3     176      5 |    6.00        0.00
POST     POST /api/v1/auth/login                                                           50     0(0.00%) |   3173     940    4881   3400 |    0.00        0.00
--------|----------------------------------------------------------------------------|-------|-------------|-------|-------|-------|-------|--------|-----------
         Aggregated                                                                      3917     0(0.00%) |     47       3    4881      6 |   25.50        0.00

Type     Name                                                                          # reqs      # fails |    Avg     Min     Max    Med |   req/s  failures/s
--------|----------------------------------------------------------------------------|-------|-------------|-------|-------|-------|-------|--------|-----------
GET      GET /api/v1/reservas                                                            2940     0(0.00%) |      6       3      98      6 |   18.80        0.00
GET      GET /api/v1/reservas/{id}                                                        982     0(0.00%) |      5       3     176      5 |    6.10        0.00
POST     POST /api/v1/auth/login                                                           50     0(0.00%) |   3173     940    4881   3400 |    0.00        0.00
--------|----------------------------------------------------------------------------|-------|-------------|-------|-------|-------|-------|--------|-----------
         Aggregated                                                                      3972     0(0.00%) |     46       3    4881      6 |   24.90        0.00

Type     Name                                                                          # reqs      # fails |    Avg     Min     Max    Med |   req/s  failures/s
--------|----------------------------------------------------------------------------|-------|-------------|-------|-------|-------|-------|--------|-----------
GET      GET /api/v1/reservas                                                            2987     0(0.00%) |      6       3      98      6 |   19.10        0.00
GET      GET /api/v1/reservas/{id}                                                        991     0(0.00%) |      5       3     176      5 |    6.40        0.00
POST     POST /api/v1/auth/login                                                           50     0(0.00%) |   3173     940    4881   3400 |    0.00        0.00
--------|----------------------------------------------------------------------------|-------|-------------|-------|-------|-------|-------|--------|-----------
         Aggregated                                                                      4028     0(0.00%) |     45       3    4881      6 |   25.50        0.00

Type     Name                                                                          # reqs      # fails |    Avg     Min     Max    Med |   req/s  failures/s
--------|----------------------------------------------------------------------------|-------|-------------|-------|-------|-------|-------|--------|-----------
GET      GET /api/v1/reservas                                                            3019     0(0.00%) |      6       3      98      6 |   18.80        0.00
GET      GET /api/v1/reservas/{id}                                                       1006     0(0.00%) |      5       3     176      5 |    6.20        0.00
POST     POST /api/v1/auth/login                                                           50     0(0.00%) |   3173     940    4881   3400 |    0.00        0.00
--------|----------------------------------------------------------------------------|-------|-------------|-------|-------|-------|-------|--------|-----------
         Aggregated                                                                      4075     0(0.00%) |     45       3    4881      6 |   25.00        0.00

Type     Name                                                                          # reqs      # fails |    Avg     Min     Max    Med |   req/s  failures/s
--------|----------------------------------------------------------------------------|-------|-------------|-------|-------|-------|-------|--------|-----------
GET      GET /api/v1/reservas                                                            3057     0(0.00%) |      6       3      98      6 |   19.40        0.00
GET      GET /api/v1/reservas/{id}                                                       1015     0(0.00%) |      5       3     176      5 |    6.20        0.00
POST     POST /api/v1/auth/login                                                           50     0(0.00%) |   3173     940    4881   3400 |    0.00        0.00
--------|----------------------------------------------------------------------------|-------|-------------|-------|-------|-------|-------|--------|-----------
         Aggregated                                                                      4122     0(0.00%) |     45       3    4881      6 |   25.60        0.00

Type     Name                                                                          # reqs      # fails |    Avg     Min     Max    Med |   req/s  failures/s
--------|----------------------------------------------------------------------------|-------|-------------|-------|-------|-------|-------|--------|-----------
GET      GET /api/v1/reservas                                                            3088     0(0.00%) |      6       3      98      6 |   18.70        0.00
GET      GET /api/v1/reservas/{id}                                                       1031     0(0.00%) |      5       3     176      5 |    6.50        0.00
POST     POST /api/v1/auth/login                                                           50     0(0.00%) |   3173     940    4881   3400 |    0.00        0.00
--------|----------------------------------------------------------------------------|-------|-------------|-------|-------|-------|-------|--------|-----------
         Aggregated                                                                      4169     0(0.00%) |     44       3    4881      6 |   25.20        0.00

Type     Name                                                                          # reqs      # fails |    Avg     Min     Max    Med |   req/s  failures/s
--------|----------------------------------------------------------------------------|-------|-------------|-------|-------|-------|-------|--------|-----------
GET      GET /api/v1/reservas                                                            3124     0(0.00%) |      6       3      98      6 |   19.40        0.00
GET      GET /api/v1/reservas/{id}                                                       1043     0(0.00%) |      5       3     176      5 |    6.50        0.00
POST     POST /api/v1/auth/login                                                           50     0(0.00%) |   3173     940    4881   3400 |    0.00        0.00
--------|----------------------------------------------------------------------------|-------|-------------|-------|-------|-------|-------|--------|-----------
         Aggregated                                                                      4217     0(0.00%) |     44       3    4881      6 |   25.90        0.00

Type     Name                                                                          # reqs      # fails |    Avg     Min     Max    Med |   req/s  failures/s
--------|----------------------------------------------------------------------------|-------|-------------|-------|-------|-------|-------|--------|-----------
GET      GET /api/v1/reservas                                                            3163     0(0.00%) |      6       3      98      6 |   18.40        0.00
GET      GET /api/v1/reservas/{id}                                                       1057     0(0.00%) |      5       3     176      5 |    6.40        0.00
POST     POST /api/v1/auth/login                                                           50     0(0.00%) |   3173     940    4881   3400 |    0.00        0.00
--------|----------------------------------------------------------------------------|-------|-------------|-------|-------|-------|-------|--------|-----------
         Aggregated                                                                      4270     0(0.00%) |     43       3    4881      6 |   24.80        0.00

Type     Name                                                                          # reqs      # fails |    Avg     Min     Max    Med |   req/s  failures/s
--------|----------------------------------------------------------------------------|-------|-------------|-------|-------|-------|-------|--------|-----------
GET      GET /api/v1/reservas                                                            3199     0(0.00%) |      6       3      98      6 |   18.60        0.00
GET      GET /api/v1/reservas/{id}                                                       1071     0(0.00%) |      5       3     176      5 |    6.70        0.00
POST     POST /api/v1/auth/login                                                           50     0(0.00%) |   3173     940    4881   3400 |    0.00        0.00
--------|----------------------------------------------------------------------------|-------|-------------|-------|-------|-------|-------|--------|-----------
         Aggregated                                                                      4320     0(0.00%) |     43       3    4881      6 |   25.30        0.00

Type     Name                                                                          # reqs      # fails |    Avg     Min     Max    Med |   req/s  failures/s
--------|----------------------------------------------------------------------------|-------|-------------|-------|-------|-------|-------|--------|-----------
GET      GET /api/v1/reservas                                                            3236     0(0.00%) |      6       3      98      6 |   17.80        0.00
GET      GET /api/v1/reservas/{id}                                                       1083     0(0.00%) |      5       3     176      5 |    7.00        0.00
POST     POST /api/v1/auth/login                                                           50     0(0.00%) |   3173     940    4881   3400 |    0.00        0.00
--------|----------------------------------------------------------------------------|-------|-------------|-------|-------|-------|-------|--------|-----------
         Aggregated                                                                      4369     0(0.00%) |     42       3    4881      6 |   24.80        0.00

Type     Name                                                                          # reqs      # fails |    Avg     Min     Max    Med |   req/s  failures/s
--------|----------------------------------------------------------------------------|-------|-------------|-------|-------|-------|-------|--------|-----------
GET      GET /api/v1/reservas                                                            3268     0(0.00%) |      6       3      98      6 |   18.60        0.00
GET      GET /api/v1/reservas/{id}                                                       1097     0(0.00%) |      5       3     176      5 |    6.40        0.00
POST     POST /api/v1/auth/login                                                           50     0(0.00%) |   3173     940    4881   3400 |    0.00        0.00
--------|----------------------------------------------------------------------------|-------|-------------|-------|-------|-------|-------|--------|-----------
         Aggregated                                                                      4415     0(0.00%) |     42       3    4881      6 |   25.00        0.00

Type     Name                                                                          # reqs      # fails |    Avg     Min     Max    Med |   req/s  failures/s
--------|----------------------------------------------------------------------------|-------|-------------|-------|-------|-------|-------|--------|-----------
GET      GET /api/v1/reservas                                                            3307     0(0.00%) |      6       3      98      6 |   17.50        0.00
GET      GET /api/v1/reservas/{id}                                                       1110     0(0.00%) |      5       3     176      5 |    6.70        0.00
POST     POST /api/v1/auth/login                                                           50     0(0.00%) |   3173     940    4881   3400 |    0.00        0.00
--------|----------------------------------------------------------------------------|-------|-------------|-------|-------|-------|-------|--------|-----------
         Aggregated                                                                      4467     0(0.00%) |     42       3    4881      6 |   24.20        0.00

Type     Name                                                                          # reqs      # fails |    Avg     Min     Max    Med |   req/s  failures/s
--------|----------------------------------------------------------------------------|-------|-------------|-------|-------|-------|-------|--------|-----------
GET      GET /api/v1/reservas                                                            3345     0(0.00%) |      6       3      98      6 |   18.50        0.00
GET      GET /api/v1/reservas/{id}                                                       1124     0(0.00%) |      5       3     176      5 |    6.50        0.00
POST     POST /api/v1/auth/login                                                           50     0(0.00%) |   3173     940    4881   3400 |    0.00        0.00
--------|----------------------------------------------------------------------------|-------|-------------|-------|-------|-------|-------|--------|-----------
         Aggregated                                                                      4519     0(0.00%) |     41       3    4881      6 |   25.00        0.00

Type     Name                                                                          # reqs      # fails |    Avg     Min     Max    Med |   req/s  failures/s
--------|----------------------------------------------------------------------------|-------|-------------|-------|-------|-------|-------|--------|-----------
GET      GET /api/v1/reservas                                                            3383     0(0.00%) |      6       3      98      6 |   18.50        0.00
GET      GET /api/v1/reservas/{id}                                                       1135     0(0.00%) |      5       3     176      5 |    6.50        0.00
POST     POST /api/v1/auth/login                                                           50     0(0.00%) |   3173     940    4881   3400 |    0.00        0.00
--------|----------------------------------------------------------------------------|-------|-------------|-------|-------|-------|-------|--------|-----------
         Aggregated                                                                      4568     0(0.00%) |     41       3    4881      6 |   25.00        0.00

Type     Name                                                                          # reqs      # fails |    Avg     Min     Max    Med |   req/s  failures/s
--------|----------------------------------------------------------------------------|-------|-------------|-------|-------|-------|-------|--------|-----------
GET      GET /api/v1/reservas                                                            3414     0(0.00%) |      6       3      98      6 |   18.00        0.00
GET      GET /api/v1/reservas/{id}                                                       1151     0(0.00%) |      5       3     176      5 |    6.20        0.00
POST     POST /api/v1/auth/login                                                           50     0(0.00%) |   3173     940    4881   3400 |    0.00        0.00
--------|----------------------------------------------------------------------------|-------|-------------|-------|-------|-------|-------|--------|-----------
         Aggregated                                                                      4615     0(0.00%) |     40       3    4881      6 |   24.20        0.00

Type     Name                                                                          # reqs      # fails |    Avg     Min     Max    Med |   req/s  failures/s
--------|----------------------------------------------------------------------------|-------|-------------|-------|-------|-------|-------|--------|-----------
GET      GET /api/v1/reservas                                                            3458     0(0.00%) |      6       3      98      6 |   17.80        0.00
GET      GET /api/v1/reservas/{id}                                                       1160     0(0.00%) |      5       3     176      5 |    7.20        0.00
POST     POST /api/v1/auth/login                                                           50     0(0.00%) |   3173     940    4881   3400 |    0.00        0.00
--------|----------------------------------------------------------------------------|-------|-------------|-------|-------|-------|-------|--------|-----------
         Aggregated                                                                      4668     0(0.00%) |     40       3    4881      6 |   25.00        0.00

Type     Name                                                                          # reqs      # fails |    Avg     Min     Max    Med |   req/s  failures/s
--------|----------------------------------------------------------------------------|-------|-------------|-------|-------|-------|-------|--------|-----------
GET      GET /api/v1/reservas                                                            3494     0(0.00%) |      6       3      98      6 |   18.40        0.00
GET      GET /api/v1/reservas/{id}                                                       1172     0(0.00%) |      5       3     176      5 |    6.10        0.00
POST     POST /api/v1/auth/login                                                           50     0(0.00%) |   3173     940    4881   3400 |    0.00        0.00
--------|----------------------------------------------------------------------------|-------|-------------|-------|-------|-------|-------|--------|-----------
         Aggregated                                                                      4716     0(0.00%) |     40       3    4881      6 |   24.50        0.00

Type     Name                                                                          # reqs      # fails |    Avg     Min     Max    Med |   req/s  failures/s
--------|----------------------------------------------------------------------------|-------|-------------|-------|-------|-------|-------|--------|-----------
GET      GET /api/v1/reservas                                                            3526     0(0.00%) |      6       3      98      6 |   17.90        0.00
GET      GET /api/v1/reservas/{id}                                                       1189     0(0.00%) |      5       3     176      5 |    6.00        0.00
POST     POST /api/v1/auth/login                                                           50     0(0.00%) |   3173     940    4881   3400 |    0.00        0.00
--------|----------------------------------------------------------------------------|-------|-------------|-------|-------|-------|-------|--------|-----------
         Aggregated                                                                      4765     0(0.00%) |     39       3    4881      6 |   23.90        0.00

Type     Name                                                                          # reqs      # fails |    Avg     Min     Max    Med |   req/s  failures/s
--------|----------------------------------------------------------------------------|-------|-------------|-------|-------|-------|-------|--------|-----------
GET      GET /api/v1/reservas                                                            3567     0(0.00%) |      6       3      98      6 |   18.20        0.00
GET      GET /api/v1/reservas/{id}                                                       1200     0(0.00%) |      5       3     176      5 |    6.20        0.00
POST     POST /api/v1/auth/login                                                           50     0(0.00%) |   3173     940    4881   3400 |    0.00        0.00
--------|----------------------------------------------------------------------------|-------|-------------|-------|-------|-------|-------|--------|-----------
         Aggregated                                                                      4817     0(0.00%) |     39       3    4881      6 |   24.40        0.00

Type     Name                                                                          # reqs      # fails |    Avg     Min     Max    Med |   req/s  failures/s
--------|----------------------------------------------------------------------------|-------|-------------|-------|-------|-------|-------|--------|-----------
GET      GET /api/v1/reservas                                                            3604     0(0.00%) |      6       3      98      6 |   19.10        0.00
GET      GET /api/v1/reservas/{id}                                                       1210     0(0.00%) |      5       3     176      5 |    6.70        0.00
POST     POST /api/v1/auth/login                                                           50     0(0.00%) |   3173     940    4881   3400 |    0.00        0.00
--------|----------------------------------------------------------------------------|-------|-------------|-------|-------|-------|-------|--------|-----------
         Aggregated                                                                      4864     0(0.00%) |     39       3    4881      6 |   25.80        0.00

Type     Name                                                                          # reqs      # fails |    Avg     Min     Max    Med |   req/s  failures/s
--------|----------------------------------------------------------------------------|-------|-------------|-------|-------|-------|-------|--------|-----------
GET      GET /api/v1/reservas                                                            3638     0(0.00%) |      6       3      98      6 |   18.80        0.00
GET      GET /api/v1/reservas/{id}                                                       1225     0(0.00%) |      5       3     176      5 |    5.70        0.00
POST     POST /api/v1/auth/login                                                           50     0(0.00%) |   3173     940    4881   3400 |    0.00        0.00
--------|----------------------------------------------------------------------------|-------|-------------|-------|-------|-------|-------|--------|-----------
         Aggregated                                                                      4913     0(0.00%) |     38       3    4881      6 |   24.50        0.00

Type     Name                                                                          # reqs      # fails |    Avg     Min     Max    Med |   req/s  failures/s
--------|----------------------------------------------------------------------------|-------|-------------|-------|-------|-------|-------|--------|-----------
GET      GET /api/v1/reservas                                                            3673     0(0.00%) |      6       3      98      6 |   18.60        0.00
GET      GET /api/v1/reservas/{id}                                                       1234     0(0.00%) |      5       3     176      5 |    6.50        0.00
POST     POST /api/v1/auth/login                                                           50     0(0.00%) |   3173     940    4881   3400 |    0.00        0.00
--------|----------------------------------------------------------------------------|-------|-------------|-------|-------|-------|-------|--------|-----------
         Aggregated                                                                      4957     0(0.00%) |     38       3    4881      6 |   25.10        0.00

Type     Name                                                                          # reqs      # fails |    Avg     Min     Max    Med |   req/s  failures/s
--------|----------------------------------------------------------------------------|-------|-------------|-------|-------|-------|-------|--------|-----------
GET      GET /api/v1/reservas                                                            3713     0(0.00%) |      6       3      98      6 |   18.50        0.00
GET      GET /api/v1/reservas/{id}                                                       1242     0(0.00%) |      5       3     176      5 |    6.40        0.00
POST     POST /api/v1/auth/login                                                           50     0(0.00%) |   3173     940    4881   3400 |    0.00        0.00
--------|----------------------------------------------------------------------------|-------|-------------|-------|-------|-------|-------|--------|-----------
         Aggregated                                                                      5005     0(0.00%) |     38       3    4881      6 |   24.90        0.00

Type     Name                                                                          # reqs      # fails |    Avg     Min     Max    Med |   req/s  failures/s
--------|----------------------------------------------------------------------------|-------|-------------|-------|-------|-------|-------|--------|-----------
GET      GET /api/v1/reservas                                                            3751     0(0.00%) |      6       3      98      6 |   18.10        0.00
GET      GET /api/v1/reservas/{id}                                                       1255     0(0.00%) |      5       3     176      5 |    6.00        0.00
POST     POST /api/v1/auth/login                                                           50     0(0.00%) |   3173     940    4881   3400 |    0.00        0.00
--------|----------------------------------------------------------------------------|-------|-------------|-------|-------|-------|-------|--------|-----------
         Aggregated                                                                      5056     0(0.00%) |     38       3    4881      6 |   24.10        0.00

Type     Name                                                                          # reqs      # fails |    Avg     Min     Max    Med |   req/s  failures/s
--------|----------------------------------------------------------------------------|-------|-------------|-------|-------|-------|-------|--------|-----------
GET      GET /api/v1/reservas                                                            3799     0(0.00%) |      7       3      98      6 |   18.00        0.00
GET      GET /api/v1/reservas/{id}                                                       1261     0(0.00%) |      5       3     176      5 |    5.50        0.00
POST     POST /api/v1/auth/login                                                           50     0(0.00%) |   3173     940    4881   3400 |    0.00        0.00
--------|----------------------------------------------------------------------------|-------|-------------|-------|-------|-------|-------|--------|-----------
         Aggregated                                                                      5110     0(0.00%) |     37       3    4881      6 |   23.50        0.00

Type     Name                                                                          # reqs      # fails |    Avg     Min     Max    Med |   req/s  failures/s
--------|----------------------------------------------------------------------------|-------|-------------|-------|-------|-------|-------|--------|-----------
GET      GET /api/v1/reservas                                                            3828     0(0.00%) |      7       3      98      6 |   18.60        0.00
GET      GET /api/v1/reservas/{id}                                                       1277     0(0.00%) |      5       3     176      5 |    5.40        0.00
POST     POST /api/v1/auth/login                                                           50     0(0.00%) |   3173     940    4881   3400 |    0.00        0.00
--------|----------------------------------------------------------------------------|-------|-------------|-------|-------|-------|-------|--------|-----------
         Aggregated                                                                      5155     0(0.00%) |     37       3    4881      6 |   24.00        0.00

Type     Name                                                                          # reqs      # fails |    Avg     Min     Max    Med |   req/s  failures/s
--------|----------------------------------------------------------------------------|-------|-------------|-------|-------|-------|-------|--------|-----------
GET      GET /api/v1/reservas                                                            3871     0(0.00%) |      7       3      98      6 |   19.40        0.00
GET      GET /api/v1/reservas/{id}                                                       1286     0(0.00%) |      5       3     176      5 |    5.00        0.00
POST     POST /api/v1/auth/login                                                           50     0(0.00%) |   3173     940    4881   3400 |    0.00        0.00
--------|----------------------------------------------------------------------------|-------|-------------|-------|-------|-------|-------|--------|-----------
         Aggregated                                                                      5207     0(0.00%) |     37       3    4881      6 |   24.40        0.00

Type     Name                                                                          # reqs      # fails |    Avg     Min     Max    Med |   req/s  failures/s
--------|----------------------------------------------------------------------------|-------|-------------|-------|-------|-------|-------|--------|-----------
GET      GET /api/v1/reservas                                                            3908     0(0.00%) |      7       3      98      6 |   19.70        0.00
GET      GET /api/v1/reservas/{id}                                                       1300     0(0.00%) |      5       3     176      5 |    5.20        0.00
POST     POST /api/v1/auth/login                                                           50     0(0.00%) |   3173     940    4881   3400 |    0.00        0.00
--------|----------------------------------------------------------------------------|-------|-------------|-------|-------|-------|-------|--------|-----------
         Aggregated                                                                      5258     0(0.00%) |     36       3    4881      6 |   24.90        0.00

Type     Name                                                                          # reqs      # fails |    Avg     Min     Max    Med |   req/s  failures/s
--------|----------------------------------------------------------------------------|-------|-------------|-------|-------|-------|-------|--------|-----------
GET      GET /api/v1/reservas                                                            3953     0(0.00%) |      7       3      98      6 |   19.20        0.00
GET      GET /api/v1/reservas/{id}                                                       1305     0(0.00%) |      5       3     176      5 |    5.60        0.00
POST     POST /api/v1/auth/login                                                           50     0(0.00%) |   3173     940    4881   3400 |    0.00        0.00
--------|----------------------------------------------------------------------------|-------|-------------|-------|-------|-------|-------|--------|-----------
         Aggregated                                                                      5308     0(0.00%) |     36       3    4881      6 |   24.80        0.00

Type     Name                                                                          # reqs      # fails |    Avg     Min     Max    Med |   req/s  failures/s
--------|----------------------------------------------------------------------------|-------|-------------|-------|-------|-------|-------|--------|-----------
GET      GET /api/v1/reservas                                                            3989     0(0.00%) |      7       3      98      6 |   19.70        0.00
GET      GET /api/v1/reservas/{id}                                                       1319     0(0.00%) |      5       3     176      5 |    5.20        0.00
POST     POST /api/v1/auth/login                                                           50     0(0.00%) |   3173     940    4881   3400 |    0.00        0.00
--------|----------------------------------------------------------------------------|-------|-------------|-------|-------|-------|-------|--------|-----------
         Aggregated                                                                      5358     0(0.00%) |     36       3    4881      6 |   24.90        0.00

Type     Name                                                                          # reqs      # fails |    Avg     Min     Max    Med |   req/s  failures/s
--------|----------------------------------------------------------------------------|-------|-------------|-------|-------|-------|-------|--------|-----------
GET      GET /api/v1/reservas                                                            4028     0(0.00%) |      7       3      98      6 |   19.50        0.00
GET      GET /api/v1/reservas/{id}                                                       1331     0(0.00%) |      5       3     176      5 |    5.50        0.00
POST     POST /api/v1/auth/login                                                           50     0(0.00%) |   3173     940    4881   3400 |    0.00        0.00
--------|----------------------------------------------------------------------------|-------|-------------|-------|-------|-------|-------|--------|-----------
         Aggregated                                                                      5409     0(0.00%) |     36       3    4881      6 |   25.00        0.00

Type     Name                                                                          # reqs      # fails |    Avg     Min     Max    Med |   req/s  failures/s
--------|----------------------------------------------------------------------------|-------|-------------|-------|-------|-------|-------|--------|-----------
GET      GET /api/v1/reservas                                                            4059     0(0.00%) |      7       3      98      6 |   19.10        0.00
GET      GET /api/v1/reservas/{id}                                                       1343     0(0.00%) |      5       3     176      5 |    5.80        0.00
POST     POST /api/v1/auth/login                                                           50     0(0.00%) |   3173     940    4881   3400 |    0.00        0.00
--------|----------------------------------------------------------------------------|-------|-------------|-------|-------|-------|-------|--------|-----------
         Aggregated                                                                      5452     0(0.00%) |     35       3    4881      6 |   24.90        0.00

Type     Name                                                                          # reqs      # fails |    Avg     Min     Max    Med |   req/s  failures/s
--------|----------------------------------------------------------------------------|-------|-------------|-------|-------|-------|-------|--------|-----------
GET      GET /api/v1/reservas                                                            4091     0(0.00%) |      7       3      98      6 |   18.70        0.00
GET      GET /api/v1/reservas/{id}                                                       1362     0(0.00%) |      5       3     176      5 |    5.40        0.00
POST     POST /api/v1/auth/login                                                           50     0(0.00%) |   3173     940    4881   3400 |    0.00        0.00
--------|----------------------------------------------------------------------------|-------|-------------|-------|-------|-------|-------|--------|-----------
         Aggregated                                                                      5503     0(0.00%) |     35       3    4881      6 |   24.10        0.00

Type     Name                                                                          # reqs      # fails |    Avg     Min     Max    Med |   req/s  failures/s
--------|----------------------------------------------------------------------------|-------|-------------|-------|-------|-------|-------|--------|-----------
GET      GET /api/v1/reservas                                                            4127     0(0.00%) |      7       3      98      6 |   18.90        0.00
GET      GET /api/v1/reservas/{id}                                                       1374     0(0.00%) |      5       3     176      5 |    5.80        0.00
POST     POST /api/v1/auth/login                                                           50     0(0.00%) |   3173     940    4881   3400 |    0.00        0.00
--------|----------------------------------------------------------------------------|-------|-------------|-------|-------|-------|-------|--------|-----------
         Aggregated                                                                      5551     0(0.00%) |     35       3    4881      6 |   24.70        0.00

Type     Name                                                                          # reqs      # fails |    Avg     Min     Max    Med |   req/s  failures/s
--------|----------------------------------------------------------------------------|-------|-------------|-------|-------|-------|-------|--------|-----------
GET      GET /api/v1/reservas                                                            4162     0(0.00%) |      7       3      98      6 |   17.50        0.00
GET      GET /api/v1/reservas/{id}                                                       1387     0(0.00%) |      5       3     176      5 |    6.70        0.00
POST     POST /api/v1/auth/login                                                           50     0(0.00%) |   3173     940    4881   3400 |    0.00        0.00
--------|----------------------------------------------------------------------------|-------|-------------|-------|-------|-------|-------|--------|-----------
         Aggregated                                                                      5599     0(0.00%) |     35       3    4881      6 |   24.20        0.00

Type     Name                                                                          # reqs      # fails |    Avg     Min     Max    Med |   req/s  failures/s
--------|----------------------------------------------------------------------------|-------|-------------|-------|-------|-------|-------|--------|-----------
GET      GET /api/v1/reservas                                                            4200     0(0.00%) |      7       3      98      6 |   17.80        0.00
GET      GET /api/v1/reservas/{id}                                                       1401     0(0.00%) |      5       3     176      5 |    6.40        0.00
POST     POST /api/v1/auth/login                                                           50     0(0.00%) |   3173     940    4881   3400 |    0.00        0.00
--------|----------------------------------------------------------------------------|-------|-------------|-------|-------|-------|-------|--------|-----------
         Aggregated                                                                      5651     0(0.00%) |     34       3    4881      6 |   24.20        0.00

Type     Name                                                                          # reqs      # fails |    Avg     Min     Max    Med |   req/s  failures/s
--------|----------------------------------------------------------------------------|-------|-------------|-------|-------|-------|-------|--------|-----------
GET      GET /api/v1/reservas                                                            4241     0(0.00%) |      7       3      98      6 |   17.80        0.00
GET      GET /api/v1/reservas/{id}                                                       1409     0(0.00%) |      5       3     176      5 |    6.90        0.00
POST     POST /api/v1/auth/login                                                           50     0(0.00%) |   3173     940    4881   3400 |    0.00        0.00
--------|----------------------------------------------------------------------------|-------|-------------|-------|-------|-------|-------|--------|-----------
         Aggregated                                                                      5700     0(0.00%) |     34       3    4881      6 |   24.70        0.00

Type     Name                                                                          # reqs      # fails |    Avg     Min     Max    Med |   req/s  failures/s
--------|----------------------------------------------------------------------------|-------|-------------|-------|-------|-------|-------|--------|-----------
GET      GET /api/v1/reservas                                                            4279     0(0.00%) |      7       3      98      6 |   18.60        0.00
GET      GET /api/v1/reservas/{id}                                                       1426     0(0.00%) |      5       3     176      5 |    6.80        0.00
POST     POST /api/v1/auth/login                                                           50     0(0.00%) |   3173     940    4881   3400 |    0.00        0.00
--------|----------------------------------------------------------------------------|-------|-------------|-------|-------|-------|-------|--------|-----------
         Aggregated                                                                      5755     0(0.00%) |     34       3    4881      6 |   25.40        0.00

Type     Name                                                                          # reqs      # fails |    Avg     Min     Max    Med |   req/s  failures/s
--------|----------------------------------------------------------------------------|-------|-------------|-------|-------|-------|-------|--------|-----------
GET      GET /api/v1/reservas                                                            4319     0(0.00%) |      7       3      98      6 |   18.20        0.00
GET      GET /api/v1/reservas/{id}                                                       1434     0(0.00%) |      5       3     176      5 |    6.70        0.00
POST     POST /api/v1/auth/login                                                           50     0(0.00%) |   3173     940    4881   3400 |    0.00        0.00
--------|----------------------------------------------------------------------------|-------|-------------|-------|-------|-------|-------|--------|-----------
         Aggregated                                                                      5803     0(0.00%) |     34       3    4881      6 |   24.90        0.00

Type     Name                                                                          # reqs      # fails |    Avg     Min     Max    Med |   req/s  failures/s
--------|----------------------------------------------------------------------------|-------|-------------|-------|-------|-------|-------|--------|-----------
GET      GET /api/v1/reservas                                                            4353     0(0.00%) |      7       3      98      6 |   19.00        0.00
GET      GET /api/v1/reservas/{id}                                                       1445     0(0.00%) |      5       3     176      5 |    6.00        0.00
POST     POST /api/v1/auth/login                                                           50     0(0.00%) |   3173     940    4881   3400 |    0.00        0.00
--------|----------------------------------------------------------------------------|-------|-------------|-------|-------|-------|-------|--------|-----------
         Aggregated                                                                      5848     0(0.00%) |     33       3    4881      6 |   25.00        0.00

Type     Name                                                                          # reqs      # fails |    Avg     Min     Max    Med |   req/s  failures/s
--------|----------------------------------------------------------------------------|-------|-------------|-------|-------|-------|-------|--------|-----------
GET      GET /api/v1/reservas                                                            4388     0(0.00%) |      7       3      98      6 |   19.10        0.00
GET      GET /api/v1/reservas/{id}                                                       1464     0(0.00%) |      5       3     176      5 |    6.40        0.00
POST     POST /api/v1/auth/login                                                           50     0(0.00%) |   3173     940    4881   3400 |    0.00        0.00
--------|----------------------------------------------------------------------------|-------|-------------|-------|-------|-------|-------|--------|-----------
         Aggregated                                                                      5902     0(0.00%) |     33       3    4881      6 |   25.50        0.00

Type     Name                                                                          # reqs      # fails |    Avg     Min     Max    Med |   req/s  failures/s
--------|----------------------------------------------------------------------------|-------|-------------|-------|-------|-------|-------|--------|-----------
GET      GET /api/v1/reservas                                                            4423     0(0.00%) |      7       3      98      6 |   18.80        0.00
GET      GET /api/v1/reservas/{id}                                                       1474     0(0.00%) |      5       3     176      5 |    6.20        0.00
POST     POST /api/v1/auth/login                                                           50     0(0.00%) |   3173     940    4881   3400 |    0.00        0.00
--------|----------------------------------------------------------------------------|-------|-------------|-------|-------|-------|-------|--------|-----------
         Aggregated                                                                      5947     0(0.00%) |     33       3    4881      6 |   25.00        0.00

Type     Name                                                                          # reqs      # fails |    Avg     Min     Max    Med |   req/s  failures/s
--------|----------------------------------------------------------------------------|-------|-------------|-------|-------|-------|-------|--------|-----------
GET      GET /api/v1/reservas                                                            4454     0(0.00%) |      7       3      98      6 |   17.90        0.00
GET      GET /api/v1/reservas/{id}                                                       1491     0(0.00%) |      5       3     176      5 |    6.50        0.00
POST     POST /api/v1/auth/login                                                           50     0(0.00%) |   3173     940    4881   3400 |    0.00        0.00
--------|----------------------------------------------------------------------------|-------|-------------|-------|-------|-------|-------|--------|-----------
         Aggregated                                                                      5995     0(0.00%) |     33       3    4881      6 |   24.40        0.00

Type     Name                                                                          # reqs      # fails |    Avg     Min     Max    Med |   req/s  failures/s
--------|----------------------------------------------------------------------------|-------|-------------|-------|-------|-------|-------|--------|-----------
GET      GET /api/v1/reservas                                                            4490     0(0.00%) |      7       3      98      6 |   18.40        0.00
GET      GET /api/v1/reservas/{id}                                                       1503     0(0.00%) |      5       3     176      5 |    6.40        0.00
POST     POST /api/v1/auth/login                                                           50     0(0.00%) |   3173     940    4881   3400 |    0.00        0.00
--------|----------------------------------------------------------------------------|-------|-------------|-------|-------|-------|-------|--------|-----------
         Aggregated                                                                      6043     0(0.00%) |     32       3    4881      6 |   24.80        0.00

Type     Name                                                                          # reqs      # fails |    Avg     Min     Max    Med |   req/s  failures/s
--------|----------------------------------------------------------------------------|-------|-------------|-------|-------|-------|-------|--------|-----------
GET      GET /api/v1/reservas                                                            4519     0(0.00%) |      7       3      98      6 |   18.10        0.00
GET      GET /api/v1/reservas/{id}                                                       1521     0(0.00%) |      5       3     176      5 |    6.40        0.00
POST     POST /api/v1/auth/login                                                           50     0(0.00%) |   3173     940    4881   3400 |    0.00        0.00
--------|----------------------------------------------------------------------------|-------|-------------|-------|-------|-------|-------|--------|-----------
         Aggregated                                                                      6090     0(0.00%) |     32       3    4881      6 |   24.50        0.00

Type     Name                                                                          # reqs      # fails |    Avg     Min     Max    Med |   req/s  failures/s
--------|----------------------------------------------------------------------------|-------|-------------|-------|-------|-------|-------|--------|-----------
GET      GET /api/v1/reservas                                                            4563     0(0.00%) |      7       3      98      6 |   17.20        0.00
GET      GET /api/v1/reservas/{id}                                                       1536     0(0.00%) |      5       3     176      5 |    7.40        0.00
POST     POST /api/v1/auth/login                                                           50     0(0.00%) |   3173     940    4881   3400 |    0.00        0.00
--------|----------------------------------------------------------------------------|-------|-------------|-------|-------|-------|-------|--------|-----------
         Aggregated                                                                      6149     0(0.00%) |     32       3    4881      6 |   24.60        0.00

Type     Name                                                                          # reqs      # fails |    Avg     Min     Max    Med |   req/s  failures/s
--------|----------------------------------------------------------------------------|-------|-------------|-------|-------|-------|-------|--------|-----------
GET      GET /api/v1/reservas                                                            4602     0(0.00%) |      7       3      98      6 |   17.60        0.00
GET      GET /api/v1/reservas/{id}                                                       1545     0(0.00%) |      5       3     176      5 |    6.70        0.00
POST     POST /api/v1/auth/login                                                           50     0(0.00%) |   3173     940    4881   3400 |    0.00        0.00
--------|----------------------------------------------------------------------------|-------|-------------|-------|-------|-------|-------|--------|-----------
         Aggregated                                                                      6197     0(0.00%) |     32       3    4881      6 |   24.30        0.00

Type     Name                                                                          # reqs      # fails |    Avg     Min     Max    Med |   req/s  failures/s
--------|----------------------------------------------------------------------------|-------|-------------|-------|-------|-------|-------|--------|-----------
GET      GET /api/v1/reservas                                                            4636     0(0.00%) |      7       3      98      6 |   17.10        0.00
GET      GET /api/v1/reservas/{id}                                                       1555     0(0.00%) |      5       3     176      5 |    7.00        0.00
POST     POST /api/v1/auth/login                                                           50     0(0.00%) |   3173     940    4881   3400 |    0.00        0.00
--------|----------------------------------------------------------------------------|-------|-------------|-------|-------|-------|-------|--------|-----------
         Aggregated                                                                      6241     0(0.00%) |     32       3    4881      6 |   24.10        0.00

Type     Name                                                                          # reqs      # fails |    Avg     Min     Max    Med |   req/s  failures/s
--------|----------------------------------------------------------------------------|-------|-------------|-------|-------|-------|-------|--------|-----------
GET      GET /api/v1/reservas                                                            4674     0(0.00%) |      7       3      98      6 |   17.50        0.00
GET      GET /api/v1/reservas/{id}                                                       1567     0(0.00%) |      5       3     176      5 |    6.90        0.00
POST     POST /api/v1/auth/login                                                           50     0(0.00%) |   3173     940    4881   3400 |    0.00        0.00
--------|----------------------------------------------------------------------------|-------|-------------|-------|-------|-------|-------|--------|-----------
         Aggregated                                                                      6291     0(0.00%) |     31       3    4881      6 |   24.40        0.00

Type     Name                                                                          # reqs      # fails |    Avg     Min     Max    Med |   req/s  failures/s
--------|----------------------------------------------------------------------------|-------|-------------|-------|-------|-------|-------|--------|-----------
GET      GET /api/v1/reservas                                                            4718     0(0.00%) |      7       3      98      6 |   18.30        0.00
GET      GET /api/v1/reservas/{id}                                                       1576     0(0.00%) |      5       3     176      5 |    6.70        0.00
POST     POST /api/v1/auth/login                                                           50     0(0.00%) |   3173     940    4881   3400 |    0.00        0.00
--------|----------------------------------------------------------------------------|-------|-------------|-------|-------|-------|-------|--------|-----------
         Aggregated                                                                      6344     0(0.00%) |     31       3    4881      6 |   25.00        0.00

Type     Name                                                                          # reqs      # fails |    Avg     Min     Max    Med |   req/s  failures/s
--------|----------------------------------------------------------------------------|-------|-------------|-------|-------|-------|-------|--------|-----------
GET      GET /api/v1/reservas                                                            4752     0(0.00%) |      7       3      98      6 |   19.10        0.00
GET      GET /api/v1/reservas/{id}                                                       1589     0(0.00%) |      5       3     176      5 |    5.60        0.00
POST     POST /api/v1/auth/login                                                           50     0(0.00%) |   3173     940    4881   3400 |    0.00        0.00
--------|----------------------------------------------------------------------------|-------|-------------|-------|-------|-------|-------|--------|-----------
         Aggregated                                                                      6391     0(0.00%) |     31       3    4881      6 |   24.70        0.00

Type     Name                                                                          # reqs      # fails |    Avg     Min     Max    Med |   req/s  failures/s
--------|----------------------------------------------------------------------------|-------|-------------|-------|-------|-------|-------|--------|-----------
GET      GET /api/v1/reservas                                                            4791     0(0.00%) |      7       3      98      6 |   18.80        0.00
GET      GET /api/v1/reservas/{id}                                                       1605     0(0.00%) |      5       3     176      5 |    6.00        0.00
POST     POST /api/v1/auth/login                                                           50     0(0.00%) |   3173     940    4881   3400 |    0.00        0.00
--------|----------------------------------------------------------------------------|-------|-------------|-------|-------|-------|-------|--------|-----------
         Aggregated                                                                      6446     0(0.00%) |     31       3    4881      6 |   24.80        0.00

Type     Name                                                                          # reqs      # fails |    Avg     Min     Max    Med |   req/s  failures/s
--------|----------------------------------------------------------------------------|-------|-------------|-------|-------|-------|-------|--------|-----------
GET      GET /api/v1/reservas                                                            4825     0(0.00%) |      7       3      98      6 |   19.70        0.00
GET      GET /api/v1/reservas/{id}                                                       1615     0(0.00%) |      5       3     176      5 |    5.70        0.00
POST     POST /api/v1/auth/login                                                           50     0(0.00%) |   3173     940    4881   3400 |    0.00        0.00
--------|----------------------------------------------------------------------------|-------|-------------|-------|-------|-------|-------|--------|-----------
         Aggregated                                                                      6490     0(0.00%) |     31       3    4881      6 |   25.40        0.00

Type     Name                                                                          # reqs      # fails |    Avg     Min     Max    Med |   req/s  failures/s
--------|----------------------------------------------------------------------------|-------|-------------|-------|-------|-------|-------|--------|-----------
GET      GET /api/v1/reservas                                                            4877     0(0.00%) |      7       3      98      6 |   19.80        0.00
GET      GET /api/v1/reservas/{id}                                                       1621     0(0.00%) |      5       3     176      5 |    5.80        0.00
POST     POST /api/v1/auth/login                                                           50     0(0.00%) |   3173     940    4881   3400 |    0.00        0.00
--------|----------------------------------------------------------------------------|-------|-------------|-------|-------|-------|-------|--------|-----------
         Aggregated                                                                      6548     0(0.00%) |     30       3    4881      6 |   25.60        0.00

Type     Name                                                                          # reqs      # fails |    Avg     Min     Max    Med |   req/s  failures/s
--------|----------------------------------------------------------------------------|-------|-------------|-------|-------|-------|-------|--------|-----------
GET      GET /api/v1/reservas                                                            4917     0(0.00%) |      7       3      98      6 |   19.40        0.00
GET      GET /api/v1/reservas/{id}                                                       1632     0(0.00%) |      5       3     176      5 |    5.60        0.00
POST     POST /api/v1/auth/login                                                           50     0(0.00%) |   3173     940    4881   3400 |    0.00        0.00
--------|----------------------------------------------------------------------------|-------|-------------|-------|-------|-------|-------|--------|-----------
         Aggregated                                                                      6599     0(0.00%) |     30       3    4881      6 |   25.00        0.00

Type     Name                                                                          # reqs      # fails |    Avg     Min     Max    Med |   req/s  failures/s
--------|----------------------------------------------------------------------------|-------|-------------|-------|-------|-------|-------|--------|-----------
GET      GET /api/v1/reservas                                                            4952     0(0.00%) |      7       3      98      6 |   19.40        0.00
GET      GET /api/v1/reservas/{id}                                                       1642     0(0.00%) |      5       3     176      5 |    5.30        0.00
POST     POST /api/v1/auth/login                                                           50     0(0.00%) |   3173     940    4881   3400 |    0.00        0.00
--------|----------------------------------------------------------------------------|-------|-------------|-------|-------|-------|-------|--------|-----------
         Aggregated                                                                      6644     0(0.00%) |     30       3    4881      6 |   24.70        0.00

Type     Name                                                                          # reqs      # fails |    Avg     Min     Max    Med |   req/s  failures/s
--------|----------------------------------------------------------------------------|-------|-------------|-------|-------|-------|-------|--------|-----------
GET      GET /api/v1/reservas                                                            4987     0(0.00%) |      7       3      98      7 |   19.40        0.00
GET      GET /api/v1/reservas/{id}                                                       1655     0(0.00%) |      5       3     176      5 |    5.20        0.00
POST     POST /api/v1/auth/login                                                           50     0(0.00%) |   3173     940    4881   3400 |    0.00        0.00
--------|----------------------------------------------------------------------------|-------|-------------|-------|-------|-------|-------|--------|-----------
         Aggregated                                                                      6692     0(0.00%) |     30       3    4881      6 |   24.60        0.00

Type     Name                                                                          # reqs      # fails |    Avg     Min     Max    Med |   req/s  failures/s
--------|----------------------------------------------------------------------------|-------|-------------|-------|-------|-------|-------|--------|-----------
GET      GET /api/v1/reservas                                                            5023     0(0.00%) |      7       3      98      7 |   19.20        0.00
GET      GET /api/v1/reservas/{id}                                                       1665     0(0.00%) |      5       3     176      5 |    5.40        0.00
POST     POST /api/v1/auth/login                                                           50     0(0.00%) |   3173     940    4881   3400 |    0.00        0.00
--------|----------------------------------------------------------------------------|-------|-------------|-------|-------|-------|-------|--------|-----------
         Aggregated                                                                      6738     0(0.00%) |     30       3    4881      6 |   24.60        0.00

Type     Name                                                                          # reqs      # fails |    Avg     Min     Max    Med |   req/s  failures/s
--------|----------------------------------------------------------------------------|-------|-------------|-------|-------|-------|-------|--------|-----------
GET      GET /api/v1/reservas                                                            5057     0(0.00%) |      7       3      98      7 |   19.20        0.00
GET      GET /api/v1/reservas/{id}                                                       1682     0(0.00%) |      5       3     176      5 |    4.90        0.00
POST     POST /api/v1/auth/login                                                           50     0(0.00%) |   3173     940    4881   3400 |    0.00        0.00
--------|----------------------------------------------------------------------------|-------|-------------|-------|-------|-------|-------|--------|-----------
         Aggregated                                                                      6789     0(0.00%) |     30       3    4881      6 |   24.10        0.00

Type     Name                                                                          # reqs      # fails |    Avg     Min     Max    Med |   req/s  failures/s
--------|----------------------------------------------------------------------------|-------|-------------|-------|-------|-------|-------|--------|-----------
GET      GET /api/v1/reservas                                                            5096     0(0.00%) |      7       3      98      7 |   19.30        0.00
GET      GET /api/v1/reservas/{id}                                                       1695     0(0.00%) |      5       3     176      5 |    6.20        0.00
POST     POST /api/v1/auth/login                                                           50     0(0.00%) |   3173     940    4881   3400 |    0.00        0.00
--------|----------------------------------------------------------------------------|-------|-------------|-------|-------|-------|-------|--------|-----------
         Aggregated                                                                      6841     0(0.00%) |     29       3    4881      6 |   25.50        0.00

Type     Name                                                                          # reqs      # fails |    Avg     Min     Max    Med |   req/s  failures/s
--------|----------------------------------------------------------------------------|-------|-------------|-------|-------|-------|-------|--------|-----------
GET      GET /api/v1/reservas                                                            5131     0(0.00%) |      7       3      98      7 |   17.90        0.00
GET      GET /api/v1/reservas/{id}                                                       1709     0(0.00%) |      5       3     176      5 |    6.70        0.00
POST     POST /api/v1/auth/login                                                           50     0(0.00%) |   3173     940    4881   3400 |    0.00        0.00
--------|----------------------------------------------------------------------------|-------|-------------|-------|-------|-------|-------|--------|-----------
         Aggregated                                                                      6890     0(0.00%) |     29       3    4881      6 |   24.60        0.00

Type     Name                                                                          # reqs      # fails |    Avg     Min     Max    Med |   req/s  failures/s
--------|----------------------------------------------------------------------------|-------|-------------|-------|-------|-------|-------|--------|-----------
GET      GET /api/v1/reservas                                                            5170     0(0.00%) |      7       3      98      7 |   18.40        0.00
GET      GET /api/v1/reservas/{id}                                                       1721     0(0.00%) |      5       3     176      5 |    6.50        0.00
POST     POST /api/v1/auth/login                                                           50     0(0.00%) |   3173     940    4881   3400 |    0.00        0.00
--------|----------------------------------------------------------------------------|-------|-------------|-------|-------|-------|-------|--------|-----------
         Aggregated                                                                      6941     0(0.00%) |     29       3    4881      6 |   24.90        0.00

Type     Name                                                                          # reqs      # fails |    Avg     Min     Max    Med |   req/s  failures/s
--------|----------------------------------------------------------------------------|-------|-------------|-------|-------|-------|-------|--------|-----------
GET      GET /api/v1/reservas                                                            5201     0(0.00%) |      7       3      98      7 |   18.40        0.00
GET      GET /api/v1/reservas/{id}                                                       1738     0(0.00%) |      5       3     176      5 |    6.60        0.00
POST     POST /api/v1/auth/login                                                           50     0(0.00%) |   3173     940    4881   3400 |    0.00        0.00
--------|----------------------------------------------------------------------------|-------|-------------|-------|-------|-------|-------|--------|-----------
         Aggregated                                                                      6989     0(0.00%) |     29       3    4881      6 |   25.10        0.00

Type     Name                                                                          # reqs      # fails |    Avg     Min     Max    Med |   req/s  failures/s
--------|----------------------------------------------------------------------------|-------|-------------|-------|-------|-------|-------|--------|-----------
GET      GET /api/v1/reservas                                                            5238     0(0.00%) |      7       3      98      7 |   17.60        0.00
GET      GET /api/v1/reservas/{id}                                                       1749     0(0.00%) |      5       3     176      5 |    7.00        0.00
POST     POST /api/v1/auth/login                                                           50     0(0.00%) |   3173     940    4881   3400 |    0.00        0.00
--------|----------------------------------------------------------------------------|-------|-------------|-------|-------|-------|-------|--------|-----------
         Aggregated                                                                      7037     0(0.00%) |     29       3    4881      6 |   24.60        0.00

Type     Name                                                                          # reqs      # fails |    Avg     Min     Max    Med |   req/s  failures/s
--------|----------------------------------------------------------------------------|-------|-------------|-------|-------|-------|-------|--------|-----------
GET      GET /api/v1/reservas                                                            5282     0(0.00%) |      7       3      98      7 |   17.70        0.00
GET      GET /api/v1/reservas/{id}                                                       1762     0(0.00%) |      5       3     176      5 |    6.70        0.00
POST     POST /api/v1/auth/login                                                           50     0(0.00%) |   3173     940    4881   3400 |    0.00        0.00
--------|----------------------------------------------------------------------------|-------|-------------|-------|-------|-------|-------|--------|-----------
         Aggregated                                                                      7094     0(0.00%) |     29       3    4881      6 |   24.40        0.00

Type     Name                                                                          # reqs      # fails |    Avg     Min     Max    Med |   req/s  failures/s
--------|----------------------------------------------------------------------------|-------|-------------|-------|-------|-------|-------|--------|-----------
GET      GET /api/v1/reservas                                                            5321     0(0.00%) |      7       3      98      7 |   19.00        0.00
GET      GET /api/v1/reservas/{id}                                                       1771     0(0.00%) |      5       3     176      5 |    6.50        0.00
POST     POST /api/v1/auth/login                                                           50     0(0.00%) |   3173     940    4881   3400 |    0.00        0.00
--------|----------------------------------------------------------------------------|-------|-------------|-------|-------|-------|-------|--------|-----------
         Aggregated                                                                      7142     0(0.00%) |     28       3    4881      6 |   25.50        0.00

Type     Name                                                                          # reqs      # fails |    Avg     Min     Max    Med |   req/s  failures/s
--------|----------------------------------------------------------------------------|-------|-------------|-------|-------|-------|-------|--------|-----------
GET      GET /api/v1/reservas                                                            5364     0(0.00%) |      6       3      98      7 |   18.60        0.00
GET      GET /api/v1/reservas/{id}                                                       1779     0(0.00%) |      5       3     176      5 |    6.50        0.00
POST     POST /api/v1/auth/login                                                           50     0(0.00%) |   3173     940    4881   3400 |    0.00        0.00
--------|----------------------------------------------------------------------------|-------|-------------|-------|-------|-------|-------|--------|-----------
         Aggregated                                                                      7193     0(0.00%) |     28       3    4881      6 |   25.10        0.00

Type     Name                                                                          # reqs      # fails |    Avg     Min     Max    Med |   req/s  failures/s
--------|----------------------------------------------------------------------------|-------|-------------|-------|-------|-------|-------|--------|-----------
GET      GET /api/v1/reservas                                                            5405     0(0.00%) |      6       3      98      6 |   19.20        0.00
GET      GET /api/v1/reservas/{id}                                                       1792     0(0.00%) |      5       3     176      5 |    6.10        0.00
POST     POST /api/v1/auth/login                                                           50     0(0.00%) |   3173     940    4881   3400 |    0.00        0.00
--------|----------------------------------------------------------------------------|-------|-------------|-------|-------|-------|-------|--------|-----------
         Aggregated                                                                      7247     0(0.00%) |     28       3    4881      6 |   25.20        0.00

Type     Name                                                                          # reqs      # fails |    Avg     Min     Max    Med |   req/s  failures/s
--------|----------------------------------------------------------------------------|-------|-------------|-------|-------|-------|-------|--------|-----------
GET      GET /api/v1/reservas                                                            5441     0(0.00%) |      6       3      98      7 |   20.40        0.00
GET      GET /api/v1/reservas/{id}                                                       1804     0(0.00%) |      5       3     176      5 |    5.70        0.00
POST     POST /api/v1/auth/login                                                           50     0(0.00%) |   3173     940    4881   3400 |    0.00        0.00
--------|----------------------------------------------------------------------------|-------|-------------|-------|-------|-------|-------|--------|-----------
         Aggregated                                                                      7295     0(0.00%) |     28       3    4881      6 |   26.10        0.00

Type     Name                                                                          # reqs      # fails |    Avg     Min     Max    Med |   req/s  failures/s
--------|----------------------------------------------------------------------------|-------|-------------|-------|-------|-------|-------|--------|-----------
GET      GET /api/v1/reservas                                                            5480     0(0.00%) |      6       3      98      6 |   19.90        0.00
GET      GET /api/v1/reservas/{id}                                                       1819     0(0.00%) |      5       3     176      5 |    5.20        0.00
POST     POST /api/v1/auth/login                                                           50     0(0.00%) |   3173     940    4881   3400 |    0.00        0.00
--------|----------------------------------------------------------------------------|-------|-------------|-------|-------|-------|-------|--------|-----------
         Aggregated                                                                      7349     0(0.00%) |     28       3    4881      6 |   25.10        0.00

[2026-09-20 17:49:39,512] pfc-pruebas-e1/INFO/locust.main: --run-time limit reached, shutting down
[2026-09-20 17:49:39,644] pfc-pruebas-e1/INFO/locust.main: writing html report to file: /home/ubuntu/PFC_ISSUE32/experimentos/resultados/raw/eficiencia_nominal_50u_5m_poblada/rep-03/locust-report.html
[2026-09-20 17:49:39,647] pfc-pruebas-e1/INFO/locust.main: Shutting down (exit code 0)
Type     Name                                                                          # reqs      # fails |    Avg     Min     Max    Med |   req/s  failures/s
--------|----------------------------------------------------------------------------|-------|-------------|-------|-------|-------|-------|--------|-----------
GET      GET /api/v1/reservas                                                            5514     0(0.00%) |      6       3      98      6 |   18.39        0.00
GET      GET /api/v1/reservas/{id}                                                       1828     0(0.00%) |      5       3     176      5 |    6.10        0.00
POST     POST /api/v1/auth/login                                                           50     0(0.00%) |   3173     940    4881   3400 |    0.17        0.00
--------|----------------------------------------------------------------------------|-------|-------------|-------|-------|-------|-------|--------|-----------
         Aggregated                                                                      7392     0(0.00%) |     28       3    4881      6 |   24.65        0.00

Response time percentiles (approximated)
Type     Name                                                                                  50%    66%    75%    80%    90%    95%    98%    99%  99.9% 99.99%   100% # reqs
--------|--------------------------------------------------------------------------------|--------|------|------|------|------|------|------|------|------|------|------|------
GET      GET /api/v1/reservas                                                                    6      7      7      8      9     11     14     18     53     98     98   5514
GET      GET /api/v1/reservas/{id}                                                               5      6      6      6      7      9     11     16    170    180    180   1828
POST     POST /api/v1/auth/login                                                              3500   3900   4000   4300   4600   4800   4900   4900   4900   4900   4900     50
--------|--------------------------------------------------------------------------------|--------|------|------|------|------|------|------|------|------|------|------|------
         Aggregated                                                                              6      7      7      7      9     11     15     33   4400   4900   4900   7392

