timestamp_epoch,request_type,name,response_time_ms,status_code,outcome,error
1789925736.559043,POST,POST /api/v1/auth/login,810.708321,200,success,
1789925736.566104,GET,GET /api/v1/reservas,6.795439,200,success,
1789925736.566995,POST,POST /api/v1/auth/login,825.767805,200,success,
1789925736.573487,GET,GET /api/v1/reservas,6.320188,200,success,
1789925736.762213,POST,POST /api/v1/auth/login,1011.896653,200,success,
1789925736.775799,GET,GET /api/v1/reservas,13.370735,200,success,
1789925736.843297,POST,POST /api/v1/auth/login,1096.997487,200,success,
1789925736.853192,POST,POST /api/v1/auth/login,1104.765209,200,success,
1789925736.861251,POST,POST /api/v1/auth/login,1111.304390,200,success,
1789925736.871157,GET,GET /api/v1/reservas,17.767189,200,success,
1789925736.871749,GET,GET /api/v1/reservas,28.256778,200,success,
1789925736.873032,GET,GET /api/v1/reservas,11.588184,200,success,
1789925736.999141,POST,POST /api/v1/auth/login,1251.449311,200,success,
1789925737.006529,POST,POST /api/v1/auth/login,1259.697772,200,success,
1789925737.013449,GET,GET /api/v1/reservas,6.683179,200,success,
1789925737.013907,GET,GET /api/v1/reservas,14.594089,200,success,
1789925737.028107,POST,POST /api/v1/auth/login,1280.119786,200,success,
1789925737.034367,GET,GET /api/v1/reservas,6.067356,200,success,
1789925737.098913,POST,POST /api/v1/auth/login,1350.138870,200,success,
1789925737.106092,GET,GET /api/v1/reservas,6.946559,200,success,
1789925737.689458,POST,POST /api/v1/auth/login,947.269411,200,success,
1789925737.696897,GET,GET /api/v1/reservas,7.232602,200,success,
1789925737.806506,POST,POST /api/v1/auth/login,1061.827851,200,success,
1789925737.814755,GET,GET /api/v1/reservas,8.043842,200,success,
1789925737.978029,POST,POST /api/v1/auth/login,1232.530225,200,success,
1789925737.985491,GET,GET /api/v1/reservas,7.248837,200,success,
1789925738.011726,POST,POST /api/v1/auth/login,1250.880808,200,success,
1789925738.019742,GET,GET /api/v1/reservas,7.791239,200,success,
1789925738.162809,POST,POST /api/v1/auth/login,1401.521618,200,success,
1789925738.170956,GET,GET /api/v1/reservas,7.935908,200,success,
1789925738.269070,POST,POST /api/v1/auth/login,1523.977349,200,success,
1789925738.270182,POST,POST /api/v1/auth/login,1526.347791,200,success,
1789925738.278997,GET,GET /api/v1/reservas,9.710759,200,success,
1789925738.279521,GET,GET /api/v1/reservas,9.178030,200,success,
1789925738.354191,POST,POST /api/v1/auth/login,1611.454904,200,success,
1789925738.354969,POST,POST /api/v1/auth/login,1609.120846,200,success,
1789925738.355606,POST,POST /api/v1/auth/login,1611.354772,200,success,
1789925738.363625,GET,GET /api/v1/reservas,9.218201,200,success,
1789925738.367261,GET,GET /api/v1/reservas,11.487522,200,success,
1789925738.370859,GET,GET /api/v1/reservas,15.713917,200,success,
1789925738.470705,GET,GET /api/v1/reservas,8.373321,200,success,
1789925738.522653,GET,GET /api/v1/reservas/{id},18.496484,200,success,
1789925738.587639,POST,POST /api/v1/auth/login,843.140257,200,success,
1789925738.618534,GET,GET /api/v1/reservas,9.284833,200,success,
1789925738.619752,GET,GET /api/v1/reservas,31.919279,200,success,
1789925738.628339,GET,GET /api/v1/reservas,6.311497,200,success,
1789925738.832457,POST,POST /api/v1/auth/login,1086.902476,200,success,
1789925738.840523,GET,GET /api/v1/reservas,7.840584,200,success,
1789925738.873219,GET,GET /api/v1/reservas/{id},8.453933,200,success,
1789925739.183538,GET,GET /api/v1/reservas/{id},8.949154,200,success,
1789925739.184143,GET,GET /api/v1/reservas,17.463139,200,success,
1789925739.211739,POST,POST /api/v1/auth/login,1468.003411,200,success,
1789925739.219678,GET,GET /api/v1/reservas,7.716886,200,success,
1789925739.297259,GET,GET /api/v1/reservas,8.184976,200,success,
1789925739.363737,GET,GET /api/v1/reservas,28.031305,200,success,
1789925739.370087,GET,GET /api/v1/reservas,6.872447,200,success,
1789925739.400585,POST,POST /api/v1/auth/login,1654.708300,200,success,
1789925739.413169,GET,GET /api/v1/reservas,12.372051,200,success,
1789925739.468771,GET,GET /api/v1/reservas,47.077643,200,success,
1789925739.469214,GET,GET /api/v1/reservas/{id},49.834242,200,success,
1789925739.503638,POST,POST /api/v1/auth/login,1758.821470,200,success,
1789925739.504169,POST,POST /api/v1/auth/login,1758.003961,200,success,
1789925739.523205,GET,GET /api/v1/reservas,19.352241,200,success,
1789925739.524260,GET,GET /api/v1/reservas,19.933813,200,success,
1789925739.527771,GET,GET /api/v1/reservas/{id},6.646394,200,success,
1789925739.528419,GET,GET /api/v1/reservas,20.369002,200,success,
1789925739.537357,GET,GET /api/v1/reservas,5.660760,200,success,
1789925739.773117,POST,POST /api/v1/auth/login,1028.083386,200,success,
1789925739.773715,POST,POST /api/v1/auth/login,2028.624918,200,success,
1789925739.802793,GET,GET /api/v1/reservas,28.899521,200,success,
1789925739.806664,GET,GET /api/v1/reservas,33.350578,200,success,
1789925739.843205,POST,POST /api/v1/auth/login,2099.066804,200,success,
1789925739.852445,GET,GET /api/v1/reservas,7.633911,200,success,
1789925739.853028,GET,GET /api/v1/reservas,9.615934,200,success,
1789925739.933071,POST,POST /api/v1/auth/login,2186.558341,200,success,
1789925739.941321,GET,GET /api/v1/reservas,8.034627,200,success,
1789925740.015805,POST,POST /api/v1/auth/login,2272.640352,200,success,
1789925740.042280,GET,GET /api/v1/reservas,26.227482,200,success,
1789925740.192230,GET,GET /api/v1/reservas/{id},6.090462,200,success,
1789925740.294007,GET,GET /api/v1/reservas,9.316411,200,success,
1789925740.304534,POST,POST /api/v1/auth/login,1545.481470,200,success,
1789925740.316141,GET,GET /api/v1/reservas,11.387088,200,success,
1789925740.346362,POST,POST /api/v1/auth/login,1588.593173,200,success,
1789925740.375515,GET,GET /api/v1/reservas,28.926363,200,success,
1789925740.397180,GET,GET /api/v1/reservas/{id},25.917321,200,success,
1789925740.463500,GET,GET /api/v1/reservas,13.923112,200,success,
1789925740.465399,GET,GET /api/v1/reservas,11.070639,200,success,
1789925740.578658,GET,GET /api/v1/reservas,41.688576,200,success,
1789925740.578775,POST,POST /api/v1/auth/login,1820.430067,200,success,
1789925740.593106,GET,GET /api/v1/reservas,15.866829,200,success,
1789925740.604640,GET,GET /api/v1/reservas,26.614229,200,success,
1789925740.605205,GET,GET /api/v1/reservas,27.523206,200,success,
1789925740.605635,GET,GET /api/v1/reservas,26.716174,200,success,
1789925740.692783,GET,GET /api/v1/reservas,8.540566,200,success,
1789925740.748101,GET,GET /api/v1/reservas,7.535402,200,success,
1789925740.771740,POST,POST /api/v1/auth/login,2026.177028,200,success,
1789925740.814767,POST,POST /api/v1/auth/login,1068.393342,200,success,
1789925740.823958,GET,GET /api/v1/reservas,52.003679,200,success,
1789925740.824430,GET,GET /api/v1/reservas,9.485405,200,success,
1789925740.824516,GET,GET /api/v1/reservas/{id},10.623542,200,success,
1789925740.876583,GET,GET /api/v1/reservas/{id},6.830412,200,success,
1789925740.912534,POST,POST /api/v1/auth/login,2152.550907,200,success,
1789925740.920077,GET,GET /api/v1/reservas,7.319464,200,success,
1789925740.926704,GET,GET /api/v1/reservas,6.979668,200,success,
1789925740.949603,POST,POST /api/v1/auth/login,2192.399954,200,success,
1789925740.953308,GET,GET /api/v1/reservas,7.306944,200,success,
1789925740.956082,GET,GET /api/v1/reservas,6.289394,200,success,
1789925741.034090,POST,POST /api/v1/auth/login,1284.558103,200,success,
1789925741.037173,POST,POST /api/v1/auth/login,2277.490912,200,success,
1789925741.041683,GET,GET /api/v1/reservas,7.364742,200,success,
1789925741.044700,GET,GET /api/v1/reservas,7.349359,200,success,
1789925741.059309,GET,GET /api/v1/reservas,7.132310,200,success,
1789925741.101479,POST,POST /api/v1/auth/login,1353.840892,200,success,
1789925741.110010,GET,GET /api/v1/reservas,8.279339,200,success,
1789925741.145530,POST,POST /api/v1/auth/login,1399.755561,200,success,
1789925741.170463,POST,POST /api/v1/auth/login,2411.097794,200,success,
1789925741.171361,GET,GET /api/v1/reservas,25.627062,200,success,
1789925741.171690,POST,POST /api/v1/auth/login,2412.990303,200,success,
1789925741.181088,GET,GET /api/v1/reservas,9.194065,200,success,
1789925741.183350,GET,GET /api/v1/reservas,12.697766,200,success,
1789925741.189543,GET,GET /api/v1/reservas,7.151708,200,success,
1789925741.235881,POST,POST /api/v1/auth/login,1486.978381,200,success,
1789925741.244634,GET,GET /api/v1/reservas,8.539062,200,success,
1789925741.269681,POST,POST /api/v1/auth/login,1521.711895,200,success,
1789925741.277338,GET,GET /api/v1/reservas,7.436241,200,success,
1789925741.321385,POST,POST /api/v1/auth/login,1572.759865,200,success,
1789925741.330557,GET,GET /api/v1/reservas,8.920390,200,success,
1789925741.339592,POST,POST /api/v1/auth/login,1567.404479,200,success,
1789925741.346897,GET,GET /api/v1/reservas,9.784659,200,success,
1789925741.348062,POST,POST /api/v1/auth/login,1598.787916,200,success,
1789925741.348869,GET,GET /api/v1/reservas,9.093023,200,success,
1789925741.359171,GET,GET /api/v1/reservas,10.753638,200,success,
1789925741.360027,GET,GET /api/v1/reservas/{id},5.744036,200,success,
1789925741.360477,POST,POST /api/v1/auth/login,1612.176077,200,success,
1789925741.366841,GET,GET /api/v1/reservas,6.167308,200,success,
1789925741.430882,GET,GET /api/v1/reservas,6.677511,200,success,
1789925741.561548,GET,GET /api/v1/reservas,6.269141,200,success,
1789925741.604765,GET,GET /api/v1/reservas,5.920343,200,success,
1789925741.766804,GET,GET /api/v1/reservas,9.870401,200,success,
1789925741.809690,GET,GET /api/v1/reservas,8.520735,200,success,
1789925741.854579,GET,GET /api/v1/reservas,9.511245,200,success,
1789925741.927104,GET,GET /api/v1/reservas,7.100562,200,success,
1789925742.208171,GET,GET /api/v1/reservas,6.740386,200,success,
1789925742.211757,GET,GET /api/v1/reservas/{id},4.566110,200,success,
1789925742.224616,GET,GET /api/v1/reservas,5.541048,200,success,
1789925742.252185,GET,GET /api/v1/reservas,6.261049,200,success,
1789925742.268134,GET,GET /api/v1/reservas/{id},3.758246,200,success,
1789925742.284753,GET,GET /api/v1/reservas/{id},3.450329,200,success,
1789925742.314042,GET,GET /api/v1/reservas/{id},4.100345,200,success,
1789925742.361749,GET,GET /api/v1/reservas/{id},4.491197,200,success,
1789925742.554786,GET,GET /api/v1/reservas/{id},5.806060,200,success,
1789925742.561160,GET,GET /api/v1/reservas/{id},4.165544,200,success,
1789925742.665569,GET,GET /api/v1/reservas,6.032303,200,success,
1789925742.733726,GET,GET /api/v1/reservas,6.830003,200,success,
1789925742.784393,GET,GET /api/v1/reservas,5.620098,200,success,
1789925742.793894,GET,GET /api/v1/reservas,5.229886,200,success,
1789925742.845767,GET,GET /api/v1/reservas,6.525361,200,success,
1789925742.872330,GET,GET /api/v1/reservas,6.270774,200,success,
1789925742.885801,GET,GET /api/v1/reservas,6.157744,200,success,
1789925742.946633,GET,GET /api/v1/reservas,6.472921,200,success,
1789925743.006130,GET,GET /api/v1/reservas/{id},5.245891,200,success,
1789925743.009317,GET,GET /api/v1/reservas,5.515078,200,success,
1789925743.042744,GET,GET /api/v1/reservas,6.099214,200,success,
1789925743.052150,GET,GET /api/v1/reservas/{id},4.217602,200,success,
1789925743.059302,GET,GET /api/v1/reservas,4.897313,200,success,
1789925743.186013,GET,GET /api/v1/reservas,6.262270,200,success,
1789925743.202744,GET,GET /api/v1/reservas,5.414617,200,success,
1789925743.262446,GET,GET /api/v1/reservas,6.371066,200,success,
1789925743.302864,GET,GET /api/v1/reservas,6.089409,200,success,
1789925743.323696,GET,GET /api/v1/reservas/{id},4.433620,200,success,
1789925743.323921,GET,GET /api/v1/reservas,7.746842,200,success,
1789925743.342021,GET,GET /api/v1/reservas/{id},4.208789,200,success,
1789925743.342485,GET,GET /api/v1/reservas,6.292307,200,success,
1789925743.379353,GET,GET /api/v1/reservas/{id},4.640453,200,success,
1789925743.465897,GET,GET /api/v1/reservas,6.189190,200,success,
1789925743.488853,GET,GET /api/v1/reservas,4.695236,200,success,
1789925743.529952,GET,GET /api/v1/reservas/{id},4.867538,200,success,
1789925743.549241,GET,GET /api/v1/reservas,4.986017,200,success,
1789925743.595310,GET,GET /api/v1/reservas,5.776114,200,success,
1789925743.617043,GET,GET /api/v1/reservas/{id},5.487096,200,success,
1789925743.641330,GET,GET /api/v1/reservas,6.947820,200,success,
1789925743.658428,GET,GET /api/v1/reservas,5.784046,200,success,
1789925743.704245,GET,GET /api/v1/reservas,9.473559,200,success,
1789925743.729524,GET,GET /api/v1/reservas/{id},5.001861,200,success,
1789925743.738801,GET,GET /api/v1/reservas/{id},4.060244,200,success,
1789925743.800952,GET,GET /api/v1/reservas,6.098142,200,success,
1789925743.815328,GET,GET /api/v1/reservas,7.069195,200,success,
1789925743.840879,GET,GET /api/v1/reservas/{id},5.302767,200,success,
1789925743.888589,GET,GET /api/v1/reservas,5.422638,200,success,
1789925743.924242,GET,GET /api/v1/reservas,7.275858,200,success,
1789925743.969346,GET,GET /api/v1/reservas,5.753791,200,success,
1789925744.074825,GET,GET /api/v1/reservas,7.011427,200,success,
1789925744.100495,GET,GET /api/v1/reservas,7.177669,200,success,
1789925744.103886,GET,GET /api/v1/reservas,7.833013,200,success,
1789925744.159207,GET,GET /api/v1/reservas,10.913210,200,success,
1789925744.160064,GET,GET /api/v1/reservas,12.814252,200,success,
1789925744.240652,GET,GET /api/v1/reservas,12.227622,200,success,
1789925744.258755,GET,GET /api/v1/reservas/{id},9.829959,200,success,
1789925744.343848,GET,GET /api/v1/reservas/{id},7.746312,200,success,
1789925744.463013,GET,GET /api/v1/reservas,6.757392,200,success,
1789925744.473003,GET,GET /api/v1/reservas,4.676248,200,success,
1789925744.570207,GET,GET /api/v1/reservas,6.816110,200,success,
1789925744.591841,GET,GET /api/v1/reservas,6.303334,200,success,
1789925744.651642,GET,GET /api/v1/reservas,6.453101,200,success,
1789925744.699975,GET,GET /api/v1/reservas,6.016138,200,success,
1789925744.731278,GET,GET /api/v1/reservas,9.846073,200,success,
1789925744.796540,GET,GET /api/v1/reservas,6.177493,200,success,
1789925744.836773,GET,GET /api/v1/reservas,6.914461,200,success,
1789925744.842283,GET,GET /api/v1/reservas,6.483808,200,success,
1789925744.904503,GET,GET /api/v1/reservas/{id},4.968411,200,success,
1789925744.933003,GET,GET /api/v1/reservas,6.146315,200,success,
1789925744.953816,GET,GET /api/v1/reservas,7.496732,200,success,
1789925745.011213,GET,GET /api/v1/reservas,7.032298,200,success,
1789925745.012299,GET,GET /api/v1/reservas,5.320404,200,success,
1789925745.061522,GET,GET /api/v1/reservas,6.858296,200,success,
1789925745.087728,GET,GET /api/v1/reservas,6.887369,200,success,
1789925745.142532,GET,GET /api/v1/reservas,6.452920,200,success,
1789925745.161966,GET,GET /api/v1/reservas,6.113756,200,success,
1789925745.192867,GET,GET /api/v1/reservas/{id},5.620268,200,success,
1789925745.230331,GET,GET /api/v1/reservas,7.093902,200,success,
1789925745.234942,GET,GET /api/v1/reservas,5.827743,200,success,
1789925745.276776,GET,GET /api/v1/reservas,7.016124,200,success,
1789925745.277157,GET,GET /api/v1/reservas,7.927115,200,success,
1789925745.398326,GET,GET /api/v1/reservas,6.750812,200,success,
1789925745.400653,GET,GET /api/v1/reservas,5.263677,200,success,
1789925745.460377,GET,GET /api/v1/reservas/{id},5.476321,200,success,
1789925745.523153,GET,GET /api/v1/reservas,6.412579,200,success,
1789925745.568091,GET,GET /api/v1/reservas,6.571009,200,success,
1789925745.579755,GET,GET /api/v1/reservas,5.370520,200,success,
1789925745.757798,GET,GET /api/v1/reservas,6.717010,200,success,
1789925745.786515,GET,GET /api/v1/reservas,5.416930,200,success,
1789925745.852901,GET,GET /api/v1/reservas/{id},5.123025,200,success,
1789925745.911477,GET,GET /api/v1/reservas,7.203368,200,success,
1789925745.915206,GET,GET /api/v1/reservas/{id},5.161533,200,success,
1789925745.944600,GET,GET /api/v1/reservas,6.088187,200,success,
1789925745.967144,GET,GET /api/v1/reservas,5.208475,200,success,
1789925745.990287,GET,GET /api/v1/reservas,5.861604,200,success,
1789925746.013316,GET,GET /api/v1/reservas,6.743751,200,success,
1789925746.036569,GET,GET /api/v1/reservas,6.934681,200,success,
1789925746.040060,GET,GET /api/v1/reservas/{id},4.329673,200,success,
1789925746.096826,GET,GET /api/v1/reservas,6.381111,200,success,
1789925746.103094,GET,GET /api/v1/reservas,4.941710,200,success,
1789925746.157967,GET,GET /api/v1/reservas,6.477277,200,success,
1789925746.221322,GET,GET /api/v1/reservas/{id},5.085487,200,success,
1789925746.278449,GET,GET /api/v1/reservas,6.927338,200,success,
1789925746.278600,GET,GET /api/v1/reservas,11.993839,200,success,
1789925746.291520,GET,GET /api/v1/reservas,6.683751,200,success,
1789925746.345551,GET,GET /api/v1/reservas,8.707639,200,success,
1789925746.351108,GET,GET /api/v1/reservas,6.576929,200,success,
1789925746.435102,GET,GET /api/v1/reservas,7.564285,200,success,
1789925746.474228,GET,GET /api/v1/reservas,9.698950,200,success,
1789925746.563753,GET,GET /api/v1/reservas,7.073470,200,success,
1789925746.613198,GET,GET /api/v1/reservas/{id},5.178028,200,success,
1789925746.621807,GET,GET /api/v1/reservas/{id},4.408793,200,success,
1789925746.624079,GET,GET /api/v1/reservas,4.891053,200,success,
1789925746.631311,GET,GET /api/v1/reservas,5.954264,200,success,
1789925746.735996,GET,GET /api/v1/reservas/{id},5.369678,200,success,
1789925746.752064,GET,GET /api/v1/reservas,8.540655,200,success,
1789925746.752681,GET,GET /api/v1/reservas,8.867059,200,success,
1789925746.832668,GET,GET /api/v1/reservas/{id},5.778639,200,success,
1789925746.938525,GET,GET /api/v1/reservas/{id},5.546737,200,success,
1789925746.994315,GET,GET /api/v1/reservas,9.409322,200,success,
1789925746.997081,GET,GET /api/v1/reservas,7.923259,200,success,
1789925747.011234,GET,GET /api/v1/reservas/{id},4.955230,200,success,
1789925747.014747,GET,GET /api/v1/reservas,5.568761,200,success,
1789925747.058073,GET,GET /api/v1/reservas,6.968712,200,success,
1789925747.102630,GET,GET /api/v1/reservas,7.214484,200,success,
1789925747.210241,GET,GET /api/v1/reservas,13.960830,200,success,
1789925747.233181,GET,GET /api/v1/reservas,15.871385,200,success,
1789925747.275676,GET,GET /api/v1/reservas,53.678758,200,success,
1789925747.357664,GET,GET /api/v1/reservas,8.566002,200,success,
1789925747.394314,GET,GET /api/v1/reservas,12.077665,200,success,
1789925747.453072,GET,GET /api/v1/reservas,14.346324,200,success,
1789925747.471947,GET,GET /api/v1/reservas,11.496375,200,success,
1789925747.473132,GET,GET /api/v1/reservas/{id},5.882777,200,success,
1789925747.505523,GET,GET /api/v1/reservas,8.940400,200,success,
1789925747.569543,GET,GET /api/v1/reservas/{id},6.374461,200,success,
1789925747.593213,GET,GET /api/v1/reservas,9.276630,200,success,
1789925747.657288,GET,GET /api/v1/reservas,8.642699,200,success,
1789925747.670485,GET,GET /api/v1/reservas,5.874414,200,success,
1789925747.711939,GET,GET /api/v1/reservas,6.142881,200,success,
1789925747.752020,GET,GET /api/v1/reservas/{id},5.795074,200,success,
1789925747.760684,GET,GET /api/v1/reservas,7.345553,200,success,
1789925747.810610,GET,GET /api/v1/reservas,6.652883,200,success,
1789925747.814915,GET,GET /api/v1/reservas/{id},4.176911,200,success,
1789925747.845850,GET,GET /api/v1/reservas,5.660720,200,success,
1789925747.870432,GET,GET /api/v1/reservas/{id},4.349462,200,success,
1789925747.919646,GET,GET /api/v1/reservas,6.880348,200,success,
1789925747.933980,GET,GET /api/v1/reservas,4.996873,200,success,
1789925747.987831,GET,GET /api/v1/reservas,5.848404,200,success,
1789925747.988465,GET,GET /api/v1/reservas,7.127082,200,success,
1789925748.045723,GET,GET /api/v1/reservas/{id},4.996743,200,success,
1789925748.068221,GET,GET /api/v1/reservas,5.188033,200,success,
1789925748.100560,GET,GET /api/v1/reservas,5.008512,200,success,
1789925748.111116,GET,GET /api/v1/reservas,8.268852,200,success,
1789925748.133089,GET,GET /api/v1/reservas,5.650944,200,success,
1789925748.152034,GET,GET /api/v1/reservas,5.614670,200,success,
1789925748.154423,GET,GET /api/v1/reservas,5.349037,200,success,
1789925748.154790,GET,GET /api/v1/reservas/{id},4.116158,200,success,
1789925748.196331,GET,GET /api/v1/reservas,5.282577,200,success,
1789925748.231181,GET,GET /api/v1/reservas,6.473841,200,success,
1789925748.252828,GET,GET /api/v1/reservas/{id},4.437937,200,success,
1789925748.262952,GET,GET /api/v1/reservas,4.823111,200,success,
1789925748.320363,GET,GET /api/v1/reservas,7.044637,200,success,
1789925748.506426,GET,GET /api/v1/reservas/{id},5.660560,200,success,
1789925748.528820,GET,GET /api/v1/reservas/{id},5.139500,200,success,
1789925748.723259,GET,GET /api/v1/reservas/{id},5.175354,200,success,
1789925748.724645,GET,GET /api/v1/reservas,8.370736,200,success,
1789925748.763992,GET,GET /api/v1/reservas,8.965269,200,success,
1789925748.824997,GET,GET /api/v1/reservas,8.563640,200,success,
1789925748.876772,GET,GET /api/v1/reservas,12.320483,200,success,
1789925748.885208,GET,GET /api/v1/reservas,6.112045,200,success,
1789925748.942029,GET,GET /api/v1/reservas,11.392268,200,success,
1789925748.979459,GET,GET /api/v1/reservas/{id},5.152149,200,success,
1789925749.003876,GET,GET /api/v1/reservas/{id},4.205235,200,success,
1789925749.013278,GET,GET /api/v1/reservas,6.078593,200,success,
1789925749.026429,GET,GET /api/v1/reservas,5.794152,200,success,
1789925749.046145,GET,GET /api/v1/reservas,5.385723,200,success,
1789925749.048950,GET,GET /api/v1/reservas,5.550112,200,success,
1789925749.089978,GET,GET /api/v1/reservas,5.640189,200,success,
1789925749.096610,GET,GET /api/v1/reservas,4.344154,200,success,
1789925749.107025,GET,GET /api/v1/reservas/{id},4.198405,200,success,
1789925749.180776,GET,GET /api/v1/reservas,6.376064,200,success,
1789925749.252945,GET,GET /api/v1/reservas,4.865535,200,success,
1789925749.253560,GET,GET /api/v1/reservas,7.394137,200,success,
1789925749.275901,GET,GET /api/v1/reservas/{id},6.142399,200,success,
1789925749.279202,GET,GET /api/v1/reservas/{id},4.621605,200,success,
1789925749.336934,GET,GET /api/v1/reservas/{id},6.542967,200,success,
1789925749.339007,GET,GET /api/v1/reservas,10.426022,200,success,
1789925749.358058,GET,GET /api/v1/reservas,5.744847,200,success,
1789925749.397135,GET,GET /api/v1/reservas,6.704653,200,success,
1789925749.473944,GET,GET /api/v1/reservas,8.434043,200,success,
1789925749.586682,GET,GET /api/v1/reservas,7.281225,200,success,
1789925749.697632,GET,GET /api/v1/reservas,6.519722,200,success,
1789925749.698151,GET,GET /api/v1/reservas,5.265169,200,success,
1789925749.713624,GET,GET /api/v1/reservas,6.151022,200,success,
1789925749.781595,GET,GET /api/v1/reservas,6.398408,200,success,
1789925749.795614,GET,GET /api/v1/reservas,5.743015,200,success,
1789925749.882758,GET,GET /api/v1/reservas,6.768077,200,success,
1789925749.887268,GET,GET /api/v1/reservas,5.436019,200,success,
1789925749.936890,GET,GET /api/v1/reservas,6.292076,200,success,
1789925749.948026,GET,GET /api/v1/reservas,4.839045,200,success,
1789925750.001385,GET,GET /api/v1/reservas/{id},5.133710,200,success,
1789925750.038145,GET,GET /api/v1/reservas,6.374511,200,success,
1789925750.043187,GET,GET /api/v1/reservas,4.830782,200,success,
1789925750.052012,GET,GET /api/v1/reservas,4.563928,200,success,
1789925750.129949,GET,GET /api/v1/reservas,6.569367,200,success,
1789925750.158029,GET,GET /api/v1/reservas,5.733160,200,success,
1789925750.252868,GET,GET /api/v1/reservas,6.434833,200,success,
1789925750.304865,GET,GET /api/v1/reservas,5.696985,200,success,
1789925750.328288,GET,GET /api/v1/reservas/{id},5.167642,200,success,
1789925750.335354,GET,GET /api/v1/reservas/{id},3.874623,200,success,
1789925750.344587,GET,GET /api/v1/reservas/{id},4.036928,200,success,
1789925750.356861,GET,GET /api/v1/reservas,6.977886,200,success,
1789925750.388030,GET,GET /api/v1/reservas/{id},6.870744,200,success,
1789925750.407204,GET,GET /api/v1/reservas,7.842797,200,success,
1789925750.416598,GET,GET /api/v1/reservas,8.105255,200,success,
1789925750.422227,GET,GET /api/v1/reservas,6.760967,200,success,
1789925750.436353,GET,GET /api/v1/reservas,4.834547,200,success,
1789925750.453487,GET,GET /api/v1/reservas,5.845741,200,success,
1789925750.520298,GET,GET /api/v1/reservas,6.482125,200,success,
1789925750.684220,GET,GET /api/v1/reservas,6.451920,200,success,
1789925750.725270,GET,GET /api/v1/reservas,6.713846,200,success,
1789925750.754920,GET,GET /api/v1/reservas,5.980505,200,success,
1789925750.790278,GET,GET /api/v1/reservas,5.408728,200,success,
1789925750.802431,GET,GET /api/v1/reservas,4.881789,200,success,
1789925750.831277,GET,GET /api/v1/reservas,6.479020,200,success,
1789925750.988565,GET,GET /api/v1/reservas,7.777919,200,success,
1789925750.990870,GET,GET /api/v1/reservas,5.312151,200,success,
1789925751.001112,GET,GET /api/v1/reservas,5.936918,200,success,
1789925751.015002,GET,GET /api/v1/reservas/{id},5.577954,200,success,
1789925751.054475,GET,GET /api/v1/reservas,6.103441,200,success,
1789925751.147199,GET,GET /api/v1/reservas,6.367732,200,success,
1789925751.234053,GET,GET /api/v1/reservas,6.475845,200,success,
1789925751.293078,GET,GET /api/v1/reservas,5.710255,200,success,
1789925751.304044,GET,GET /api/v1/reservas,4.668907,200,success,
1789925751.366138,GET,GET /api/v1/reservas,5.737676,200,success,
1789925751.380285,GET,GET /api/v1/reservas,4.888058,200,success,
1789925751.519773,GET,GET /api/v1/reservas/{id},5.165989,200,success,
1789925751.526731,GET,GET /api/v1/reservas/{id},3.775832,200,success,
1789925751.549815,GET,GET /api/v1/reservas,5.753290,200,success,
1789925751.552397,GET,GET /api/v1/reservas,4.635346,200,success,
1789925751.577631,GET,GET /api/v1/reservas/{id},4.051762,200,success,
1789925751.618946,GET,GET /api/v1/reservas,6.025653,200,success,
1789925751.644667,GET,GET /api/v1/reservas,5.409018,200,success,
1789925751.697594,GET,GET /api/v1/reservas/{id},4.703308,200,success,
1789925751.761194,GET,GET /api/v1/reservas,5.788793,200,success,
1789925751.777525,GET,GET /api/v1/reservas,5.018326,200,success,
1789925751.786188,GET,GET /api/v1/reservas,4.414030,200,success,
1789925751.798785,GET,GET /api/v1/reservas,4.369494,200,success,
1789925751.837446,GET,GET /api/v1/reservas,7.349409,200,success,
1789925752.034142,GET,GET /api/v1/reservas,7.287106,200,success,
1789925752.045611,GET,GET /api/v1/reservas,7.155045,200,success,
1789925752.123442,GET,GET /api/v1/reservas/{id},5.531754,200,success,
1789925752.143653,GET,GET /api/v1/reservas/{id},9.374799,200,success,
1789925752.143887,GET,GET /api/v1/reservas,10.385191,200,success,
1789925752.145412,GET,GET /api/v1/reservas,12.189385,200,success,
1789925752.145832,GET,GET /api/v1/reservas,13.113194,200,success,
1789925752.202472,GET,GET /api/v1/reservas,8.173688,200,success,
1789925752.248591,GET,GET /api/v1/reservas,8.734970,200,success,
1789925752.267396,GET,GET /api/v1/reservas,7.421578,200,success,
1789925752.278295,GET,GET /api/v1/reservas,7.565537,200,success,
1789925752.305117,GET,GET /api/v1/reservas/{id},5.584524,200,success,
1789925752.342542,GET,GET /api/v1/reservas,5.169956,200,success,
1789925752.342949,GET,GET /api/v1/reservas,7.524866,200,success,
1789925752.441295,GET,GET /api/v1/reservas,7.025268,200,success,
1789925752.555693,GET,GET /api/v1/reservas,5.965272,200,success,
1789925752.574261,GET,GET /api/v1/reservas/{id},6.760187,200,success,
1789925752.575969,GET,GET /api/v1/reservas,8.969665,200,success,
1789925752.579795,GET,GET /api/v1/reservas,6.231614,200,success,
1789925752.592944,GET,GET /api/v1/reservas,4.880848,200,success,
1789925752.653325,GET,GET /api/v1/reservas,11.052241,200,success,
1789925752.664680,GET,GET /api/v1/reservas,6.048678,200,success,
1789925752.665040,GET,GET /api/v1/reservas/{id},3.874573,200,success,
1789925752.680627,GET,GET /api/v1/reservas/{id},3.411860,200,success,
1789925752.695445,GET,GET /api/v1/reservas,4.570147,200,success,
1789925752.756595,GET,GET /api/v1/reservas,5.818859,200,success,
1789925752.777596,GET,GET /api/v1/reservas,5.705057,200,success,
1789925752.778038,GET,GET /api/v1/reservas,6.530989,200,success,
1789925752.817034,GET,GET /api/v1/reservas/{id},5.751658,200,success,
1789925752.820173,GET,GET /api/v1/reservas,5.918270,200,success,
1789925752.826549,GET,GET /api/v1/reservas,5.089824,200,success,
1789925752.846822,GET,GET /api/v1/reservas,4.965826,200,success,
1789925752.873729,GET,GET /api/v1/reservas/{id},3.725476,200,success,
1789925752.946362,GET,GET /api/v1/reservas,6.307651,200,success,
1789925752.983820,GET,GET /api/v1/reservas,5.137156,200,success,
1789925753.005890,GET,GET /api/v1/reservas,6.730121,200,success,
1789925753.012406,GET,GET /api/v1/reservas,6.293038,200,success,
1789925753.020996,GET,GET /api/v1/reservas,6.271985,200,success,
1789925753.031833,GET,GET /api/v1/reservas,5.515479,200,success,
1789925753.040209,GET,GET /api/v1/reservas,5.089263,200,success,
1789925753.069545,GET,GET /api/v1/reservas,5.051156,200,success,
1789925753.165936,GET,GET /api/v1/reservas,6.008677,200,success,
1789925753.226649,GET,GET /api/v1/reservas,6.350225,200,success,
1789925753.229232,GET,GET /api/v1/reservas,5.184027,200,success,
1789925753.319897,GET,GET /api/v1/reservas,6.325568,200,success,
1789925753.331111,GET,GET /api/v1/reservas,4.891104,200,success,
1789925753.363458,GET,GET /api/v1/reservas,6.968842,200,success,
1789925753.568213,GET,GET /api/v1/reservas,6.286448,200,success,
1789925753.647499,GET,GET /api/v1/reservas/{id},5.033871,200,success,
1789925753.662757,GET,GET /api/v1/reservas,4.943362,200,success,
1789925753.784722,GET,GET /api/v1/reservas,5.948125,200,success,
1789925753.833617,GET,GET /api/v1/reservas,5.579076,200,success,
1789925753.895312,GET,GET /api/v1/reservas,5.405784,200,success,
1789925753.906697,GET,GET /api/v1/reservas,4.170652,200,success,
1789925754.053488,GET,GET /api/v1/reservas,6.412499,200,success,
1789925754.072836,GET,GET /api/v1/reservas,5.062133,200,success,
1789925754.103867,GET,GET /api/v1/reservas/{id},3.840971,200,success,
1789925754.153457,GET,GET /api/v1/reservas,6.266288,200,success,
1789925754.167958,GET,GET /api/v1/reservas/{id},4.302311,200,success,
1789925754.177521,GET,GET /api/v1/reservas,5.293573,200,success,
1789925754.266241,GET,GET /api/v1/reservas,6.373701,200,success,
1789925754.314970,GET,GET /api/v1/reservas,6.407672,200,success,
1789925754.343345,GET,GET /api/v1/reservas,7.021332,200,success,
1789925754.348275,GET,GET /api/v1/reservas,5.760431,200,success,
1789925754.391051,GET,GET /api/v1/reservas,6.418258,200,success,
1789925754.500403,GET,GET /api/v1/reservas,6.919387,200,success,
1789925754.515098,GET,GET /api/v1/reservas/{id},6.440972,200,success,
1789925754.515719,GET,GET /api/v1/reservas,6.460281,200,success,
1789925754.610503,GET,GET /api/v1/reservas,7.399375,200,success,
1789925754.670473,GET,GET /api/v1/reservas,6.594254,200,success,
1789925754.687054,GET,GET /api/v1/reservas,6.238526,200,success,
1789925754.770473,GET,GET /api/v1/reservas,6.414753,200,success,
1789925754.801033,GET,GET /api/v1/reservas/{id},4.363364,200,success,
1789925754.849581,GET,GET /api/v1/reservas/{id},5.306162,200,success,
1789925754.850782,GET,GET /api/v1/reservas,5.687711,200,success,
1789925754.886031,GET,GET /api/v1/reservas,5.925791,200,success,
1789925754.889404,GET,GET /api/v1/reservas,5.553867,200,success,
1789925754.906805,GET,GET /api/v1/reservas,5.149855,200,success,
1789925754.921374,GET,GET /api/v1/reservas,5.285981,200,success,
1789925755.039327,GET,GET /api/v1/reservas,6.568897,200,success,
1789925755.080106,GET,GET /api/v1/reservas/{id},4.517828,200,success,
1789925755.161519,GET,GET /api/v1/reservas/{id},5.119229,200,success,
1789925755.180229,GET,GET /api/v1/reservas,5.365933,200,success,
1789925755.211805,GET,GET /api/v1/reservas,5.291771,200,success,
1789925755.251070,GET,GET /api/v1/reservas/{id},4.994140,200,success,
1789925755.256267,GET,GET /api/v1/reservas,4.959267,200,success,
1789925755.267042,GET,GET /api/v1/reservas,6.364056,200,success,
1789925755.267435,GET,GET /api/v1/reservas/{id},4.922441,200,success,
1789925755.267790,GET,GET /api/v1/reservas,5.586868,200,success,
1789925755.338512,GET,GET /api/v1/reservas/{id},5.468579,200,success,
1789925755.353933,GET,GET /api/v1/reservas/{id},4.211744,200,success,
1789925755.366873,GET,GET /api/v1/reservas,6.664292,200,success,
1789925755.367053,GET,GET /api/v1/reservas,6.444268,200,success,
1789925755.378190,GET,GET /api/v1/reservas,4.892576,200,success,
1789925755.394173,GET,GET /api/v1/reservas/{id},3.817376,200,success,
1789925755.488162,GET,GET /api/v1/reservas,6.601856,200,success,
1789925755.501572,GET,GET /api/v1/reservas,5.094211,200,success,
1789925755.504733,GET,GET /api/v1/reservas,4.564799,200,success,
1789925755.526561,GET,GET /api/v1/reservas,7.473688,200,success,
1789925755.558496,GET,GET /api/v1/reservas/{id},4.708236,200,success,
1789925755.591183,GET,GET /api/v1/reservas,5.365862,200,success,
1789925755.613188,GET,GET /api/v1/reservas,5.690104,200,success,
1789925755.634867,GET,GET /api/v1/reservas/{id},5.466245,200,success,
1789925755.774221,GET,GET /api/v1/reservas,6.388812,200,success,
1789925755.804496,GET,GET /api/v1/reservas/{id},4.071301,200,success,
1789925755.861500,GET,GET /api/v1/reservas,6.668968,200,success,
1789925755.862805,GET,GET /api/v1/reservas/{id},4.087014,200,success,
1789925755.894470,GET,GET /api/v1/reservas,5.372082,200,success,
1789925755.920792,GET,GET /api/v1/reservas,6.996985,200,success,
1789925756.089146,GET,GET /api/v1/reservas/{id},4.935981,200,success,
1789925756.099198,GET,GET /api/v1/reservas,4.791342,200,success,
1789925756.163305,GET,GET /api/v1/reservas,6.726836,200,success,
1789925756.230036,GET,GET /api/v1/reservas,6.340570,200,success,
1789925756.357931,GET,GET /api/v1/reservas,6.434784,200,success,
1789925756.411826,GET,GET /api/v1/reservas,6.593514,200,success,
1789925756.468462,GET,GET /api/v1/reservas,7.238020,200,success,
1789925756.542220,GET,GET /api/v1/reservas,6.402884,200,success,
1789925756.557765,GET,GET /api/v1/reservas,5.264430,200,success,
1789925756.601018,GET,GET /api/v1/reservas,6.903002,200,success,
1789925756.606644,GET,GET /api/v1/reservas/{id},4.435192,200,success,
1789925756.653557,GET,GET /api/v1/reservas/{id},5.656223,200,success,
1789925756.695252,GET,GET /api/v1/reservas,9.368140,200,success,
1789925756.701109,GET,GET /api/v1/reservas,5.586026,200,success,
1789925756.710871,GET,GET /api/v1/reservas,5.450951,200,success,
1789925756.802031,GET,GET /api/v1/reservas,14.957460,200,success,
1789925756.848228,GET,GET /api/v1/reservas,9.793303,200,success,
1789925756.915237,GET,GET /api/v1/reservas,6.620725,200,success,
1789925756.930667,GET,GET /api/v1/reservas,6.113907,200,success,
1789925756.946789,GET,GET /api/v1/reservas,5.796305,200,success,
1789925756.977512,GET,GET /api/v1/reservas,6.391768,200,success,
1789925756.996815,GET,GET /api/v1/reservas,5.961927,200,success,
1789925757.062223,GET,GET /api/v1/reservas,7.017146,200,success,
1789925757.062821,GET,GET /api/v1/reservas,7.167113,200,success,
1789925757.063873,GET,GET /api/v1/reservas,5.471133,200,success,
1789925757.123886,GET,GET /api/v1/reservas,6.653235,200,success,
1789925757.280774,GET,GET /api/v1/reservas,6.433361,200,success,
1789925757.290754,GET,GET /api/v1/reservas,5.664456,200,success,
1789925757.291566,GET,GET /api/v1/reservas,4.791562,200,success,
1789925757.338386,GET,GET /api/v1/reservas,6.505801,200,success,
1789925757.369469,GET,GET /api/v1/reservas,5.743886,200,success,
1789925757.388630,GET,GET /api/v1/reservas/{id},3.964239,200,success,
1789925757.445198,GET,GET /api/v1/reservas,7.252141,200,success,
1789925757.450101,GET,GET /api/v1/reservas,5.724556,200,success,
1789925757.703934,GET,GET /api/v1/reservas,9.325004,200,success,
1789925757.754156,GET,GET /api/v1/reservas/{id},5.928596,200,success,
1789925757.765006,GET,GET /api/v1/reservas,6.533202,200,success,
1789925757.791951,GET,GET /api/v1/reservas,6.768760,200,success,
1789925757.827089,GET,GET /api/v1/reservas,8.727918,200,success,
1789925757.830072,GET,GET /api/v1/reservas/{id},5.861354,200,success,
1789925757.856156,GET,GET /api/v1/reservas/{id},6.490827,200,success,
1789925757.888942,GET,GET /api/v1/reservas/{id},5.502310,200,success,
1789925757.917060,GET,GET /api/v1/reservas,11.520040,200,success,
1789925757.918103,GET,GET /api/v1/reservas,12.077705,200,success,
1789925757.922174,GET,GET /api/v1/reservas,10.010342,200,success,
1789925758.022419,GET,GET /api/v1/reservas,10.578824,200,success,
1789925758.037341,GET,GET /api/v1/reservas,14.651065,200,success,
1789925758.110679,GET,GET /api/v1/reservas,6.922663,200,success,
1789925758.132262,GET,GET /api/v1/reservas,6.270584,200,success,
1789925758.196207,GET,GET /api/v1/reservas,6.584850,200,success,
1789925758.212298,GET,GET /api/v1/reservas,5.169415,200,success,
1789925758.212695,GET,GET /api/v1/reservas,6.241931,200,success,
1789925758.233862,GET,GET /api/v1/reservas/{id},4.963102,200,success,
1789925758.285257,GET,GET /api/v1/reservas,6.049419,200,success,
1789925758.310116,GET,GET /api/v1/reservas,5.606056,200,success,
1789925758.365516,GET,GET /api/v1/reservas,7.026730,200,success,
1789925758.365955,GET,GET /api/v1/reservas,5.689844,200,success,
1789925758.428871,GET,GET /api/v1/reservas,6.565802,200,success,
1789925758.450595,GET,GET /api/v1/reservas/{id},4.498959,200,success,
1789925758.515239,GET,GET /api/v1/reservas,6.301721,200,success,
1789925758.533837,GET,GET /api/v1/reservas,6.259527,200,success,
1789925758.544418,GET,GET /api/v1/reservas,5.265762,200,success,
1789925758.661875,GET,GET /api/v1/reservas/{id},5.144397,200,success,
1789925758.713262,GET,GET /api/v1/reservas/{id},5.133170,200,success,
1789925758.787488,GET,GET /api/v1/reservas,6.683570,200,success,
1789925758.787871,GET,GET /api/v1/reservas,7.607600,200,success,
1789925758.830786,GET,GET /api/v1/reservas,6.559883,200,success,
1789925758.880034,GET,GET /api/v1/reservas,6.769140,200,success,
1789925758.880960,GET,GET /api/v1/reservas,5.068261,200,success,
1789925758.955956,GET,GET /api/v1/reservas,7.624586,200,success,
1789925758.974979,GET,GET /api/v1/reservas,6.660335,200,success,
1789925759.073178,GET,GET /api/v1/reservas,7.694322,200,success,
1789925759.099686,GET,GET /api/v1/reservas,9.140033,200,success,
1789925759.283153,GET,GET /api/v1/reservas/{id},9.182988,200,success,
1789925759.311640,GET,GET /api/v1/reservas,8.165066,200,success,
1789925759.352326,GET,GET /api/v1/reservas/{id},6.409926,200,success,
1789925759.357114,GET,GET /api/v1/reservas,6.073626,200,success,
1789925759.360301,GET,GET /api/v1/reservas,5.063053,200,success,
1789925759.368997,GET,GET /api/v1/reservas,5.423140,200,success,
1789925759.374160,GET,GET /api/v1/reservas,5.838450,200,success,
1789925759.380898,GET,GET /api/v1/reservas,5.442208,200,success,
1789925759.381284,GET,GET /api/v1/reservas/{id},4.223070,200,success,
1789925759.514814,GET,GET /api/v1/reservas,7.098890,200,success,
1789925759.528032,GET,GET /api/v1/reservas/{id},5.944240,200,success,
1789925759.530295,GET,GET /api/v1/reservas,7.377261,200,success,
1789925759.685349,GET,GET /api/v1/reservas,7.588332,200,success,
1789925759.765634,GET,GET /api/v1/reservas,15.939148,200,success,
1789925759.825831,GET,GET /api/v1/reservas,14.732319,200,success,
1789925759.826282,GET,GET /api/v1/reservas,17.326881,200,success,
1789925759.846273,GET,GET /api/v1/reservas/{id},9.478547,200,success,
1789925760.069402,GET,GET /api/v1/reservas,7.546407,200,success,
1789925760.104130,GET,GET /api/v1/reservas,7.289138,200,success,
1789925760.118294,GET,GET /api/v1/reservas,6.864054,200,success,
1789925760.161804,GET,GET /api/v1/reservas/{id},5.223427,200,success,
1789925760.168145,GET,GET /api/v1/reservas,5.022663,200,success,
1789925760.202675,GET,GET /api/v1/reservas,6.224895,200,success,
1789925760.253268,GET,GET /api/v1/reservas/{id},5.343468,200,success,
1789925760.264679,GET,GET /api/v1/reservas,6.124502,200,success,
1789925760.290013,GET,GET /api/v1/reservas,5.993224,200,success,
1789925760.311002,GET,GET /api/v1/reservas,8.629109,200,success,
1789925760.398200,GET,GET /api/v1/reservas/{id},5.855364,200,success,
1789925760.432165,GET,GET /api/v1/reservas,6.620715,200,success,
1789925760.442134,GET,GET /api/v1/reservas,5.626998,200,success,
1789925760.500162,GET,GET /api/v1/reservas,6.664741,200,success,
1789925760.523016,GET,GET /api/v1/reservas,6.490877,200,success,
1789925760.557756,GET,GET /api/v1/reservas,6.392308,200,success,
1789925760.570163,GET,GET /api/v1/reservas,6.107707,200,success,
1789925760.570507,GET,GET /api/v1/reservas/{id},4.808528,200,success,
1789925760.588011,GET,GET /api/v1/reservas,6.215621,200,success,
1789925760.667645,GET,GET /api/v1/reservas,7.305012,200,success,
1789925760.687301,GET,GET /api/v1/reservas,12.302497,200,success,
1789925760.722417,GET,GET /api/v1/reservas,9.709687,200,success,
1789925760.727673,GET,GET /api/v1/reservas,11.036307,200,success,
1789925760.730191,GET,GET /api/v1/reservas/{id},5.552717,200,success,
1789925760.751360,GET,GET /api/v1/reservas,5.552656,200,success,
1789925760.815164,GET,GET /api/v1/reservas,6.779856,200,success,
1789925760.855152,GET,GET /api/v1/reservas,6.642218,200,success,
1789925760.875238,GET,GET /api/v1/reservas/{id},4.860276,200,success,
1789925760.885795,GET,GET /api/v1/reservas,5.290369,200,success,
1789925760.922528,GET,GET /api/v1/reservas,6.421022,200,success,
1789925761.047656,GET,GET /api/v1/reservas,6.792134,200,success,
1789925761.058430,GET,GET /api/v1/reservas,5.460416,200,success,
1789925761.086005,GET,GET /api/v1/reservas,6.224625,200,success,
1789925761.101671,GET,GET /api/v1/reservas,5.370740,200,success,
1789925761.128123,GET,GET /api/v1/reservas/{id},5.203517,200,success,
1789925761.217093,GET,GET /api/v1/reservas,7.518856,200,success,
1789925761.218384,GET,GET /api/v1/reservas,6.029638,200,success,
1789925761.235527,GET,GET /api/v1/reservas,5.818449,200,success,
1789925761.275110,GET,GET /api/v1/reservas/{id},5.342928,200,success,
1789925761.327835,GET,GET /api/v1/reservas,8.354964,200,success,
1789925761.330218,GET,GET /api/v1/reservas/{id},4.272335,200,success,
1789925761.340650,GET,GET /api/v1/reservas,5.130307,200,success,
1789925761.359816,GET,GET /api/v1/reservas,5.827894,200,success,
1789925761.520133,GET,GET /api/v1/reservas,6.890624,200,success,
1789925761.530886,GET,GET /api/v1/reservas,6.440021,200,success,
1789925761.547783,GET,GET /api/v1/reservas,6.548195,200,success,
1789925761.869294,GET,GET /api/v1/reservas,6.778955,200,success,
1789925761.899098,GET,GET /api/v1/reservas,6.422805,200,success,
1789925761.920144,GET,GET /api/v1/reservas,6.653154,200,success,
1789925761.921574,GET,GET /api/v1/reservas,5.330259,200,success,
1789925762.004531,GET,GET /api/v1/reservas,6.569537,200,success,
1789925762.019081,GET,GET /api/v1/reservas,6.201499,200,success,
1789925762.096706,GET,GET /api/v1/reservas/{id},5.345452,200,success,
1789925762.162783,GET,GET /api/v1/reservas,6.718694,200,success,
1789925762.181417,GET,GET /api/v1/reservas,6.335243,200,success,
1789925762.317995,GET,GET /api/v1/reservas/{id},6.251986,200,success,
1789925762.329994,GET,GET /api/v1/reservas/{id},6.729821,200,success,
1789925762.451711,GET,GET /api/v1/reservas,7.267585,200,success,
1789925762.493850,GET,GET /api/v1/reservas,9.682206,200,success,
1789925762.501428,GET,GET /api/v1/reservas/{id},5.353133,200,success,
1789925762.580221,GET,GET /api/v1/reservas,8.369085,200,success,
1789925762.615090,GET,GET /api/v1/reservas,13.431016,200,success,
1789925762.627592,GET,GET /api/v1/reservas,12.132309,200,success,
1789925762.637897,GET,GET /api/v1/reservas,11.365536,200,success,
1789925762.653078,GET,GET /api/v1/reservas,9.714624,200,success,
1789925762.664285,GET,GET /api/v1/reservas,5.858779,200,success,
1789925762.675369,GET,GET /api/v1/reservas,5.748443,200,success,
1789925762.717823,GET,GET /api/v1/reservas,7.115054,200,success,
1789925762.755718,GET,GET /api/v1/reservas,6.530698,200,success,
1789925762.771024,GET,GET /api/v1/reservas/{id},4.085361,200,success,
1789925762.876672,GET,GET /api/v1/reservas,6.631872,200,success,
1789925762.940796,GET,GET /api/v1/reservas,6.734728,200,success,
1789925762.957803,GET,GET /api/v1/reservas,6.308612,200,success,
1789925762.958241,GET,GET /api/v1/reservas,7.186532,200,success,
1789925762.975395,GET,GET /api/v1/reservas,5.870528,200,success,
1789925762.975547,GET,GET /api/v1/reservas,5.711346,200,success,
1789925762.982258,GET,GET /api/v1/reservas,4.502244,200,success,
1789925763.038224,GET,GET /api/v1/reservas,6.643830,200,success,
1789925763.048140,GET,GET /api/v1/reservas,5.561190,200,success,
1789925763.097248,GET,GET /api/v1/reservas,6.752384,200,success,
1789925763.109321,GET,GET /api/v1/reservas,6.716019,200,success,
1789925763.109850,GET,GET /api/v1/reservas,5.594579,200,success,
1789925763.128892,GET,GET /api/v1/reservas,5.764417,200,success,
1789925763.157007,GET,GET /api/v1/reservas,6.791193,200,success,
1789925763.229429,GET,GET /api/v1/reservas/{id},5.147762,200,success,
1789925763.280221,GET,GET /api/v1/reservas,6.426180,200,success,
1789925763.302474,GET,GET /api/v1/reservas,5.897419,200,success,
1789925763.336947,GET,GET /api/v1/reservas,7.095844,200,success,
1789925763.383109,GET,GET /api/v1/reservas/{id},4.884503,200,success,
1789925763.433022,GET,GET /api/v1/reservas,7.542311,200,success,
1789925763.514831,GET,GET /api/v1/reservas/{id},5.530532,200,success,
1789925763.520165,GET,GET /api/v1/reservas,6.036869,200,success,
1789925763.536488,GET,GET /api/v1/reservas,6.008757,200,success,
1789925763.627688,GET,GET /api/v1/reservas,6.844654,200,success,
1789925763.679382,GET,GET /api/v1/reservas,6.361522,200,success,
1789925763.776574,GET,GET /api/v1/reservas,9.053082,200,success,
1789925763.777499,GET,GET /api/v1/reservas,7.034482,200,success,
1789925763.787265,GET,GET /api/v1/reservas,5.490412,200,success,
1789925763.798796,GET,GET /api/v1/reservas,6.214791,200,success,
1789925763.976893,GET,GET /api/v1/reservas,6.640646,200,success,
1789925764.012364,GET,GET /api/v1/reservas,6.137263,200,success,
1789925764.105103,GET,GET /api/v1/reservas,6.277725,200,success,
1789925764.116959,GET,GET /api/v1/reservas/{id},4.637780,200,success,
1789925764.140898,GET,GET /api/v1/reservas,6.558421,200,success,
1789925764.238318,GET,GET /api/v1/reservas,6.996725,200,success,
1789925764.238759,GET,GET /api/v1/reservas,5.617664,200,success,
1789925764.290010,GET,GET /api/v1/reservas/{id},5.020539,200,success,
1789925764.322353,GET,GET /api/v1/reservas/{id},6.076039,200,success,
1789925764.367739,GET,GET /api/v1/reservas,6.993629,200,success,
1789925764.382255,GET,GET /api/v1/reservas,6.214849,200,success,
1789925764.419768,GET,GET /api/v1/reservas/{id},5.228284,200,success,
1789925764.458395,GET,GET /api/v1/reservas,6.294350,200,success,
1789925764.466357,GET,GET /api/v1/reservas/{id},3.666397,200,success,
1789925764.466910,GET,GET /api/v1/reservas,5.841283,200,success,
1789925764.467295,GET,GET /api/v1/reservas,6.656739,200,success,
1789925764.507715,GET,GET /api/v1/reservas,7.088824,200,success,
1789925764.538418,GET,GET /api/v1/reservas,6.353089,200,success,
1789925764.549107,GET,GET /api/v1/reservas,5.381696,200,success,
1789925764.552218,GET,GET /api/v1/reservas,4.890192,200,success,
1789925764.707429,GET,GET /api/v1/reservas,11.752873,200,success,
1789925764.720468,GET,GET /api/v1/reservas,15.402024,200,success,
1789925764.741271,GET,GET /api/v1/reservas,11.428572,200,success,
1789925764.787978,GET,GET /api/v1/reservas,7.626779,200,success,
1789925764.905830,GET,GET /api/v1/reservas,8.360742,200,success,
1789925764.915954,GET,GET /api/v1/reservas/{id},6.895721,200,success,
1789925764.945780,GET,GET /api/v1/reservas,9.426478,200,success,
1789925765.049792,GET,GET /api/v1/reservas,6.566373,200,success,
1789925765.107837,GET,GET /api/v1/reservas,8.548868,200,success,
1789925765.141804,GET,GET /api/v1/reservas/{id},5.681261,200,success,
1789925765.186210,GET,GET /api/v1/reservas/{id},5.144948,200,success,
1789925765.289449,GET,GET /api/v1/reservas,8.808511,200,success,
1789925765.322036,GET,GET /api/v1/reservas/{id},5.327535,200,success,
1789925765.369802,GET,GET /api/v1/reservas,6.451258,200,success,
1789925765.375021,GET,GET /api/v1/reservas,4.977313,200,success,
1789925765.439713,GET,GET /api/v1/reservas/{id},5.408878,200,success,
1789925765.484431,GET,GET /api/v1/reservas/{id},5.456910,200,success,
1789925765.503092,GET,GET /api/v1/reservas,5.359443,200,success,
1789925765.626212,GET,GET /api/v1/reservas/{id},5.793270,200,success,
1789925765.626608,GET,GET /api/v1/reservas/{id},3.917768,200,success,
1789925765.724432,GET,GET /api/v1/reservas/{id},5.538434,200,success,
1789925765.736254,GET,GET /api/v1/reservas/{id},4.583086,200,success,
1789925765.851689,GET,GET /api/v1/reservas,6.643860,200,success,
1789925765.895657,GET,GET /api/v1/reservas,6.695879,200,success,
1789925765.900373,GET,GET /api/v1/reservas,5.565736,200,success,
1789925765.906407,GET,GET /api/v1/reservas/{id},3.849694,200,success,
1789925766.000021,GET,GET /api/v1/reservas/{id},5.347456,200,success,
1789925766.029759,GET,GET /api/v1/reservas,6.370666,200,success,
1789925766.062567,GET,GET /api/v1/reservas,6.463036,200,success,
1789925766.088384,GET,GET /api/v1/reservas,6.476946,200,success,
1789925766.104025,GET,GET /api/v1/reservas,5.324641,200,success,
1789925766.110165,GET,GET /api/v1/reservas,4.855410,200,success,
1789925766.150882,GET,GET /api/v1/reservas,6.406020,200,success,
1789925766.215610,GET,GET /api/v1/reservas/{id},5.479385,200,success,
1789925766.222607,GET,GET /api/v1/reservas,5.706058,200,success,
1789925766.229794,GET,GET /api/v1/reservas,5.879210,200,success,
1789925766.250166,GET,GET /api/v1/reservas,6.019062,200,success,
1789925766.315515,GET,GET /api/v1/reservas,9.958043,200,success,
1789925766.327862,GET,GET /api/v1/reservas,6.059164,200,success,
1789925766.331949,GET,GET /api/v1/reservas/{id},3.974513,200,success,
1789925766.471121,GET,GET /api/v1/reservas,6.709308,200,success,
1789925766.476047,GET,GET /api/v1/reservas,5.744477,200,success,
1789925766.497580,GET,GET /api/v1/reservas,5.246682,200,success,
1789925766.510895,GET,GET /api/v1/reservas/{id},4.122378,200,success,
1789925766.558419,GET,GET /api/v1/reservas,6.204124,200,success,
1789925766.589417,GET,GET /api/v1/reservas,5.670304,200,success,
1789925766.676841,GET,GET /api/v1/reservas/{id},5.143336,200,success,
1789925766.683920,GET,GET /api/v1/reservas,4.826245,200,success,
1789925766.698727,GET,GET /api/v1/reservas/{id},3.634929,200,success,
1789925766.751573,GET,GET /api/v1/reservas,6.495676,200,success,
1789925766.764763,GET,GET /api/v1/reservas,5.860031,200,success,
1789925766.849257,GET,GET /api/v1/reservas,7.455339,200,success,
1789925766.928629,GET,GET /api/v1/reservas,8.907911,200,success,
1789925766.930110,GET,GET /api/v1/reservas,7.563133,200,success,
1789925767.013077,GET,GET /api/v1/reservas,7.539848,200,success,
1789925767.174032,GET,GET /api/v1/reservas/{id},5.618095,200,success,
1789925767.181482,GET,GET /api/v1/reservas,6.143030,200,success,
1789925767.190162,GET,GET /api/v1/reservas/{id},4.471016,200,success,
1789925767.323538,GET,GET /api/v1/reservas,6.955692,200,success,
1789925767.336383,GET,GET /api/v1/reservas,6.505891,200,success,
1789925767.366064,GET,GET /api/v1/reservas,6.304967,200,success,
1789925767.405786,GET,GET /api/v1/reservas,7.344362,200,success,
1789925767.425382,GET,GET /api/v1/reservas,6.252145,200,success,
1789925767.498852,GET,GET /api/v1/reservas/{id},5.173813,200,success,
1789925767.539826,GET,GET /api/v1/reservas,6.611660,200,success,
1789925767.576929,GET,GET /api/v1/reservas/{id},4.834958,200,success,
1789925767.586077,GET,GET /api/v1/reservas,4.855810,200,success,
1789925767.593010,GET,GET /api/v1/reservas,5.349509,200,success,
1789925767.593161,GET,GET /api/v1/reservas,5.882977,200,success,
1789925767.620931,GET,GET /api/v1/reservas,6.506191,200,success,
1789925767.629410,GET,GET /api/v1/reservas,6.104723,200,success,
1789925767.648553,GET,GET /api/v1/reservas,5.793712,200,success,
1789925767.659952,GET,GET /api/v1/reservas,5.090085,200,success,
1789925767.678166,GET,GET /api/v1/reservas,4.917764,200,success,
1789925767.736045,GET,GET /api/v1/reservas/{id},5.636613,200,success,
1789925767.749294,GET,GET /api/v1/reservas,5.958030,200,success,
1789925767.829301,GET,GET /api/v1/reservas/{id},5.697496,200,success,
1789925767.833076,GET,GET /api/v1/reservas,5.435938,200,success,
1789925767.901151,GET,GET /api/v1/reservas/{id},4.838454,200,success,
1789925767.902797,GET,GET /api/v1/reservas,4.658461,200,success,
1789925767.972536,GET,GET /api/v1/reservas,6.370235,200,success,
1789925768.008954,GET,GET /api/v1/reservas/{id},9.811621,200,success,
1789925768.009537,GET,GET /api/v1/reservas,6.812235,200,success,
1789925768.093869,GET,GET /api/v1/reservas,6.903094,200,success,
1789925768.118946,GET,GET /api/v1/reservas,7.699739,200,success,
1789925768.119453,GET,GET /api/v1/reservas,5.832541,200,success,
1789925768.137114,GET,GET /api/v1/reservas,8.276494,200,success,
1789925768.214611,GET,GET /api/v1/reservas,7.105920,200,success,
1789925768.247380,GET,GET /api/v1/reservas,8.378739,200,success,
1789925768.276763,GET,GET /api/v1/reservas,6.995743,200,success,
1789925768.353531,GET,GET /api/v1/reservas,6.410696,200,success,
1789925768.377111,GET,GET /api/v1/reservas,5.219361,200,success,
1789925768.450925,GET,GET /api/v1/reservas,6.464579,200,success,
1789925768.459545,GET,GET /api/v1/reservas,4.375792,200,success,
1789925768.530543,GET,GET /api/v1/reservas,6.673415,200,success,
1789925768.537838,GET,GET /api/v1/reservas,5.980905,200,success,
1789925768.580641,GET,GET /api/v1/reservas,5.447817,200,success,
1789925768.623436,GET,GET /api/v1/reservas,6.440251,200,success,
1789925768.647693,GET,GET /api/v1/reservas,5.918490,200,success,
1789925768.716186,GET,GET /api/v1/reservas,6.129831,200,success,
1789925768.767487,GET,GET /api/v1/reservas/{id},6.355162,200,success,
1789925768.770459,GET,GET /api/v1/reservas,8.365800,200,success,
1789925768.774230,GET,GET /api/v1/reservas,5.478744,200,success,
1789925768.789078,GET,GET /api/v1/reservas,4.981679,200,success,
1789925768.929549,GET,GET /api/v1/reservas,7.064538,200,success,
1789925768.929919,GET,GET /api/v1/reservas,5.589122,200,success,
1789925768.981553,GET,GET /api/v1/reservas/{id},4.452409,200,success,
1789925768.994943,GET,GET /api/v1/reservas,5.136706,200,success,
1789925768.995302,GET,GET /api/v1/reservas,5.206290,200,success,
1789925769.003866,GET,GET /api/v1/reservas,4.318406,200,success,
1789925769.055620,GET,GET /api/v1/reservas,7.403170,200,success,
1789925769.065408,GET,GET /api/v1/reservas/{id},4.575304,200,success,
1789925769.066250,GET,GET /api/v1/reservas,4.985797,200,success,
1789925769.127328,GET,GET /api/v1/reservas,6.749379,200,success,
1789925769.167110,GET,GET /api/v1/reservas/{id},4.552871,200,success,
1789925769.221134,GET,GET /api/v1/reservas/{id},4.798903,200,success,
1789925769.228757,GET,GET /api/v1/reservas,5.305742,200,success,
1789925769.250228,GET,GET /api/v1/reservas,5.203096,200,success,
1789925769.374235,GET,GET /api/v1/reservas,8.574276,200,success,
1789925769.377914,GET,GET /api/v1/reservas,7.821425,200,success,
1789925769.505198,GET,GET /api/v1/reservas,6.938537,200,success,
1789925769.535321,GET,GET /api/v1/reservas,6.733475,200,success,
1789925769.557687,GET,GET /api/v1/reservas/{id},5.131178,200,success,
1789925769.566050,GET,GET /api/v1/reservas,5.059329,200,success,
1789925769.665681,GET,GET /api/v1/reservas,6.256703,200,success,
1789925769.688720,GET,GET /api/v1/reservas/{id},3.849684,200,success,
1789925769.693063,GET,GET /api/v1/reservas,4.151462,200,success,
1789925769.723970,GET,GET /api/v1/reservas,6.611540,200,success,
1789925769.748561,GET,GET /api/v1/reservas,6.256112,200,success,
1789925769.856201,GET,GET /api/v1/reservas,6.281360,200,success,
1789925769.915080,GET,GET /api/v1/reservas,6.559241,200,success,
1789925769.946093,GET,GET /api/v1/reservas/{id},4.779883,200,success,
1789925769.961876,GET,GET /api/v1/reservas/{id},3.624815,200,success,
1789925769.971343,GET,GET /api/v1/reservas,5.153251,200,success,
1789925769.992459,GET,GET /api/v1/reservas,6.813967,200,success,
1789925769.996818,GET,GET /api/v1/reservas,5.488969,200,success,
1789925770.082294,GET,GET /api/v1/reservas,11.077179,200,success,
1789925770.171919,GET,GET /api/v1/reservas,8.169222,200,success,
1789925770.213509,GET,GET /api/v1/reservas,9.753654,200,success,
1789925770.225072,GET,GET /api/v1/reservas,8.182974,200,success,
1789925770.273825,GET,GET /api/v1/reservas/{id},5.474307,200,success,
1789925770.346811,GET,GET /api/v1/reservas/{id},5.695843,200,success,
1789925770.390791,GET,GET /api/v1/reservas,6.598302,200,success,
1789925770.391625,GET,GET /api/v1/reservas,4.727646,200,success,
1789925770.480300,GET,GET /api/v1/reservas/{id},5.397711,200,success,
1789925770.507757,GET,GET /api/v1/reservas,5.161012,200,success,
1789925770.550157,GET,GET /api/v1/reservas,6.104232,200,success,
1789925770.569051,GET,GET /api/v1/reservas/{id},3.709982,200,success,
1789925770.627421,GET,GET /api/v1/reservas,6.038803,200,success,
1789925770.727633,GET,GET /api/v1/reservas/{id},5.965641,200,success,
1789925770.766409,GET,GET /api/v1/reservas,6.100127,200,success,
1789925770.824304,GET,GET /api/v1/reservas,6.930514,200,success,
1789925770.847693,GET,GET /api/v1/reservas,5.104957,200,success,
1789925770.912775,GET,GET /api/v1/reservas,5.728242,200,success,
1789925770.943183,GET,GET /api/v1/reservas,6.093586,200,success,
1789925770.975276,GET,GET /api/v1/reservas,6.756590,200,success,
1789925771.019289,GET,GET /api/v1/reservas,6.688218,200,success,
1789925771.076124,GET,GET /api/v1/reservas,6.442565,200,success,
1789925771.077457,GET,GET /api/v1/reservas/{id},3.755693,200,success,
1789925771.078634,GET,GET /api/v1/reservas,5.265060,200,success,
1789925771.121366,GET,GET /api/v1/reservas,5.429940,200,success,
1789925771.213889,GET,GET /api/v1/reservas/{id},5.229184,200,success,
1789925771.228352,GET,GET /api/v1/reservas/{id},4.257353,200,success,
1789925771.252745,GET,GET /api/v1/reservas,5.109175,200,success,
1789925771.267860,GET,GET /api/v1/reservas,4.844703,200,success,
1789925771.278380,GET,GET /api/v1/reservas,4.317844,200,success,
1789925771.303407,GET,GET /api/v1/reservas/{id},3.835113,200,success,
1789925771.378883,GET,GET /api/v1/reservas,6.151443,200,success,
1789925771.396397,GET,GET /api/v1/reservas/{id},4.321018,200,success,
1789925771.412617,GET,GET /api/v1/reservas,4.926186,200,success,
1789925771.447190,GET,GET /api/v1/reservas/{id},4.352537,200,success,
1789925771.714373,GET,GET /api/v1/reservas,6.602988,200,success,
1789925771.728344,GET,GET /api/v1/reservas,5.617875,200,success,
1789925771.769459,GET,GET /api/v1/reservas/{id},4.447841,200,success,
1789925771.788090,GET,GET /api/v1/reservas/{id},3.925580,200,success,
1789925771.826494,GET,GET /api/v1/reservas,6.109791,200,success,
1789925771.843093,GET,GET /api/v1/reservas,5.275636,200,success,
1789925771.874354,GET,GET /api/v1/reservas/{id},4.063540,200,success,
1789925771.916212,GET,GET /api/v1/reservas,5.533337,200,success,
1789925771.976204,GET,GET /api/v1/reservas,5.657234,200,success,
1789925771.988372,GET,GET /api/v1/reservas,4.895079,200,success,
1789925772.027463,GET,GET /api/v1/reservas,4.973488,200,success,
1789925772.027848,GET,GET /api/v1/reservas,7.216988,200,success,
1789925772.079401,GET,GET /api/v1/reservas,5.307314,200,success,
1789925772.102085,GET,GET /api/v1/reservas/{id},4.479259,200,success,
1789925772.114542,GET,GET /api/v1/reservas,6.109159,200,success,
1789925772.115124,GET,GET /api/v1/reservas,5.060450,200,success,
1789925772.181156,GET,GET /api/v1/reservas,6.720635,200,success,
1789925772.211668,GET,GET /api/v1/reservas,5.197879,200,success,
1789925772.330144,GET,GET /api/v1/reservas/{id},5.148434,200,success,
1789925772.407005,GET,GET /api/v1/reservas/{id},5.884749,200,success,
1789925772.407871,GET,GET /api/v1/reservas,7.407457,200,success,
1789925772.409367,GET,GET /api/v1/reservas,6.630660,200,success,
1789925772.411206,GET,GET /api/v1/reservas/{id},4.058602,200,success,
1789925772.415887,GET,GET /api/v1/reservas,5.230788,200,success,
1789925772.435918,GET,GET /api/v1/reservas,5.723165,200,success,
1789925772.521438,GET,GET /api/v1/reservas,7.138990,200,success,
1789925772.557096,GET,GET /api/v1/reservas,6.329013,200,success,
1789925772.605151,GET,GET /api/v1/reservas/{id},4.829249,200,success,
1789925772.615425,GET,GET /api/v1/reservas/{id},4.071171,200,success,
1789925772.677341,GET,GET /api/v1/reservas,10.496299,200,success,
1789925772.685562,GET,GET /api/v1/reservas,12.002141,200,success,
1789925772.710287,GET,GET /api/v1/reservas/{id},5.544654,200,success,
1789925772.733863,GET,GET /api/v1/reservas,7.252552,200,success,
1789925772.821906,GET,GET /api/v1/reservas/{id},6.788349,200,success,
1789925772.849978,GET,GET /api/v1/reservas/{id},5.720711,200,success,
1789925772.942354,GET,GET /api/v1/reservas,6.966568,200,success,
1789925772.978507,GET,GET /api/v1/reservas,7.780102,200,success,
1789925772.984851,GET,GET /api/v1/reservas/{id},4.149599,200,success,
1789925773.082438,GET,GET /api/v1/reservas,6.147758,200,success,
1789925773.110926,GET,GET /api/v1/reservas,5.170717,200,success,
1789925773.303035,GET,GET /api/v1/reservas/{id},4.714275,200,success,
1789925773.331748,GET,GET /api/v1/reservas,6.387331,200,success,
1789925773.364405,GET,GET /api/v1/reservas,7.301317,200,success,
1789925773.376875,GET,GET /api/v1/reservas,5.202265,200,success,
1789925773.429503,GET,GET /api/v1/reservas,6.306087,200,success,
1789925773.460862,GET,GET /api/v1/reservas,6.033434,200,success,
1789925773.472823,GET,GET /api/v1/reservas,4.707435,200,success,
1789925773.568231,GET,GET /api/v1/reservas,6.056610,200,success,
1789925773.587442,GET,GET /api/v1/reservas,4.929071,200,success,
1789925773.611232,GET,GET /api/v1/reservas,5.503821,200,success,
1789925773.710501,GET,GET /api/v1/reservas,6.067005,200,success,
1789925773.710901,GET,GET /api/v1/reservas,7.312252,200,success,
1789925773.727353,GET,GET /api/v1/reservas,6.127297,200,success,
1789925773.771227,GET,GET /api/v1/reservas,6.041287,200,success,
1789925773.789458,GET,GET /api/v1/reservas/{id},4.029258,200,success,
1789925773.808498,GET,GET /api/v1/reservas,7.144498,200,success,
1789925773.820998,GET,GET /api/v1/reservas,8.076331,200,success,
1789925773.869949,GET,GET /api/v1/reservas,6.567404,200,success,
1789925773.895622,GET,GET /api/v1/reservas,5.358931,200,success,
1789925773.975123,GET,GET /api/v1/reservas/{id},5.221324,200,success,
1789925773.984859,GET,GET /api/v1/reservas,5.438432,200,success,
1789925774.008810,GET,GET /api/v1/reservas,13.605060,200,success,
1789925774.031483,GET,GET /api/v1/reservas/{id},5.389269,200,success,
1789925774.041943,GET,GET /api/v1/reservas,6.131193,200,success,
1789925774.115968,GET,GET /api/v1/reservas,6.623129,200,success,
1789925774.145935,GET,GET /api/v1/reservas,5.618345,200,success,
1789925774.160373,GET,GET /api/v1/reservas,5.123595,200,success,
1789925774.160757,GET,GET /api/v1/reservas,5.226031,200,success,
1789925774.255767,GET,GET /api/v1/reservas/{id},5.744896,200,success,
1789925774.275381,GET,GET /api/v1/reservas,5.317640,200,success,
1789925774.325446,GET,GET /api/v1/reservas,6.728669,200,success,
1789925774.325594,GET,GET /api/v1/reservas,6.470507,200,success,
1789925774.351004,GET,GET /api/v1/reservas,5.150316,200,success,
1789925774.386609,GET,GET /api/v1/reservas,5.334224,200,success,
1789925774.457367,GET,GET /api/v1/reservas/{id},4.988320,200,success,
1789925774.459535,GET,GET /api/v1/reservas,7.603134,200,success,
1789925774.460268,GET,GET /api/v1/reservas,5.052678,200,success,
1789925774.592848,GET,GET /api/v1/reservas,6.175280,200,success,
1789925774.663446,GET,GET /api/v1/reservas,6.225025,200,success,
1789925774.711288,GET,GET /api/v1/reservas/{id},5.622442,200,success,
1789925774.716151,GET,GET /api/v1/reservas,5.478674,200,success,
1789925774.729549,GET,GET /api/v1/reservas,5.126420,200,success,
1789925774.773975,GET,GET /api/v1/reservas,6.128959,200,success,
1789925774.861436,GET,GET /api/v1/reservas,6.439630,200,success,
1789925774.922940,GET,GET /api/v1/reservas,6.163202,200,success,
1789925774.999259,GET,GET /api/v1/reservas,5.935446,200,success,
1789925775.026044,GET,GET /api/v1/reservas,7.437593,200,success,
1789925775.047944,GET,GET /api/v1/reservas,6.522025,200,success,
1789925775.128913,GET,GET /api/v1/reservas/{id},5.665676,200,success,
1789925775.174944,GET,GET /api/v1/reservas,11.665351,200,success,
1789925775.201550,GET,GET /api/v1/reservas/{id},6.312847,200,success,
1789925775.259120,GET,GET /api/v1/reservas,9.153253,200,success,
1789925775.272618,GET,GET /api/v1/reservas/{id},5.258751,200,success,
1789925775.279368,GET,GET /api/v1/reservas,6.490506,200,success,
1789925775.325289,GET,GET /api/v1/reservas,6.562496,200,success,
1789925775.375868,GET,GET /api/v1/reservas/{id},7.312053,200,success,
1789925775.391636,GET,GET /api/v1/reservas,6.457246,200,success,
1789925775.479762,GET,GET /api/v1/reservas/{id},5.840552,200,success,
1789925775.487570,GET,GET /api/v1/reservas,5.529581,200,success,
1789925775.491612,GET,GET /api/v1/reservas/{id},3.925789,200,success,
1789925775.507942,GET,GET /api/v1/reservas,6.057521,200,success,
1789925775.546970,GET,GET /api/v1/reservas,6.685092,200,success,
1789925775.653637,GET,GET /api/v1/reservas/{id},5.350911,200,success,
1789925775.702495,GET,GET /api/v1/reservas,6.522576,200,success,
1789925775.763151,GET,GET /api/v1/reservas,7.818239,200,success,
1789925775.765516,GET,GET /api/v1/reservas,5.356618,200,success,
1789925775.869162,GET,GET /api/v1/reservas,6.520002,200,success,
1789925775.918218,GET,GET /api/v1/reservas,6.629868,200,success,
1789925775.964815,GET,GET /api/v1/reservas/{id},5.307324,200,success,
1789925775.981196,GET,GET /api/v1/reservas,6.066545,200,success,
1789925776.020119,GET,GET /api/v1/reservas,6.541475,200,success,
1789925776.027966,GET,GET /api/v1/reservas,5.552094,200,success,
1789925776.039474,GET,GET /api/v1/reservas/{id},5.286063,200,success,
1789925776.048381,GET,GET /api/v1/reservas,5.622833,200,success,
1789925776.130408,GET,GET /api/v1/reservas,6.647756,200,success,
1789925776.171123,GET,GET /api/v1/reservas/{id},5.432715,200,success,
1789925776.215666,GET,GET /api/v1/reservas,8.137723,200,success,
1789925776.217735,GET,GET /api/v1/reservas/{id},7.472897,200,success,
1789925776.218161,GET,GET /api/v1/reservas/{id},4.773716,200,success,
1789925776.218820,GET,GET /api/v1/reservas,7.980416,200,success,
1789925776.275009,GET,GET /api/v1/reservas/{id},5.873321,200,success,
1789925776.297053,GET,GET /api/v1/reservas/{id},5.809626,200,success,
1789925776.368158,GET,GET /api/v1/reservas,7.737076,200,success,
1789925776.390097,GET,GET /api/v1/reservas,6.581124,200,success,
1789925776.427357,GET,GET /api/v1/reservas,6.915300,200,success,
1789925776.451424,GET,GET /api/v1/reservas,6.690020,200,success,
1789925776.461629,GET,GET /api/v1/reservas,5.869527,200,success,
1789925776.465980,GET,GET /api/v1/reservas/{id},4.217692,200,success,
1789925776.501505,GET,GET /api/v1/reservas,7.101592,200,success,
1789925776.529606,GET,GET /api/v1/reservas/{id},5.851529,200,success,
1789925776.550560,GET,GET /api/v1/reservas/{id},5.703153,200,success,
1789925776.551368,GET,GET /api/v1/reservas,5.881745,200,success,
1789925776.774369,GET,GET /api/v1/reservas/{id},5.571083,200,success,
1789925776.797496,GET,GET /api/v1/reservas/{id},5.915756,200,success,
1789925776.809277,GET,GET /api/v1/reservas/{id},4.580091,200,success,
1789925776.894033,GET,GET /api/v1/reservas,8.918708,200,success,
1789925776.926361,GET,GET /api/v1/reservas,6.956102,200,success,
1789925776.948128,GET,GET /api/v1/reservas,6.373230,200,success,
1789925776.987908,GET,GET /api/v1/reservas,10.372701,200,success,
1789925777.014726,GET,GET /api/v1/reservas,7.422811,200,success,
1789925777.106355,GET,GET /api/v1/reservas,7.199062,200,success,
1789925777.137400,GET,GET /api/v1/reservas,6.643970,200,success,
1789925777.170598,GET,GET /api/v1/reservas,6.842621,200,success,
1789925777.196793,GET,GET /api/v1/reservas,7.825981,200,success,
1789925777.271145,GET,GET /api/v1/reservas,7.900754,200,success,
1789925777.325969,GET,GET /api/v1/reservas,8.455225,200,success,
1789925777.344445,GET,GET /api/v1/reservas/{id},9.365186,200,success,
1789925777.349622,GET,GET /api/v1/reservas,8.482847,200,success,
1789925777.357484,GET,GET /api/v1/reservas/{id},6.642087,200,success,
1789925777.442725,GET,GET /api/v1/reservas,9.781365,200,success,
1789925777.515996,GET,GET /api/v1/reservas,6.834799,200,success,
1789925777.749183,GET,GET /api/v1/reservas,8.591002,200,success,
1789925777.818371,GET,GET /api/v1/reservas,6.635146,200,success,
1789925777.867239,GET,GET /api/v1/reservas,6.516126,200,success,
1789925777.910253,GET,GET /api/v1/reservas/{id},5.754181,200,success,
1789925777.915592,GET,GET /api/v1/reservas,6.136200,200,success,
1789925777.934729,GET,GET /api/v1/reservas/{id},4.923823,200,success,
1789925777.953944,GET,GET /api/v1/reservas/{id},4.230122,200,success,
1789925777.954477,GET,GET /api/v1/reservas,6.434451,200,success,
1789925778.052489,GET,GET /api/v1/reservas,6.622928,200,success,
1789925778.120440,GET,GET /api/v1/reservas,6.559371,200,success,
1789925778.156956,GET,GET /api/v1/reservas/{id},5.269207,200,success,
1789925778.161566,GET,GET /api/v1/reservas/{id},4.221308,200,success,
1789925778.162410,GET,GET /api/v1/reservas/{id},3.534187,200,success,
1789925778.163155,GET,GET /api/v1/reservas,7.505265,200,success,
1789925778.189836,GET,GET /api/v1/reservas,6.349703,200,success,
1789925778.215533,GET,GET /api/v1/reservas/{id},5.442639,200,success,
1789925778.286377,GET,GET /api/v1/reservas,6.469165,200,success,
1789925778.291399,GET,GET /api/v1/reservas,4.770661,200,success,
1789925778.304237,GET,GET /api/v1/reservas,6.515666,200,success,
1789925778.307545,GET,GET /api/v1/reservas/{id},4.789850,200,success,
1789925778.379238,GET,GET /api/v1/reservas,8.263354,200,success,
1789925778.400831,GET,GET /api/v1/reservas/{id},5.361106,200,success,
1789925778.500556,GET,GET /api/v1/reservas,7.334686,200,success,
1789925778.538495,GET,GET /api/v1/reservas,7.539998,200,success,
1789925778.557848,GET,GET /api/v1/reservas,9.600421,200,success,
1789925778.575410,GET,GET /api/v1/reservas/{id},7.258490,200,success,
1789925778.634480,GET,GET /api/v1/reservas/{id},5.794011,200,success,
1789925778.644880,GET,GET /api/v1/reservas,6.105424,200,success,
1789925778.660522,GET,GET /api/v1/reservas,6.326339,200,success,
1789925778.662238,GET,GET /api/v1/reservas,4.778983,200,success,
1789925778.714218,GET,GET /api/v1/reservas/{id},5.722793,200,success,
1789925778.762228,GET,GET /api/v1/reservas,6.635547,200,success,
1789925778.820604,GET,GET /api/v1/reservas/{id},5.450531,200,success,
1789925778.935217,GET,GET /api/v1/reservas/{id},5.290749,200,success,
1789925779.013884,GET,GET /api/v1/reservas/{id},5.388317,200,success,
1789925779.031639,GET,GET /api/v1/reservas,6.426090,200,success,
1789925779.043232,GET,GET /api/v1/reservas,6.251635,200,success,
1789925779.056062,GET,GET /api/v1/reservas/{id},5.594169,200,success,
1789925779.060854,GET,GET /api/v1/reservas,7.531083,200,success,
1789925779.159530,GET,GET /api/v1/reservas,7.230740,200,success,
1789925779.160504,GET,GET /api/v1/reservas,5.333073,200,success,
1789925779.173256,GET,GET /api/v1/reservas,6.462726,200,success,
1789925779.204427,GET,GET /api/v1/reservas,6.790382,200,success,
1789925779.222249,GET,GET /api/v1/reservas,6.496937,200,success,
1789925779.370481,GET,GET /api/v1/reservas,6.784442,200,success,
1789925779.468176,GET,GET /api/v1/reservas,7.292874,200,success,
1789925779.491671,GET,GET /api/v1/reservas,7.142025,200,success,
1789925779.493005,GET,GET /api/v1/reservas,5.598445,200,success,
1789925779.505482,GET,GET /api/v1/reservas,6.147297,200,success,
1789925779.532158,GET,GET /api/v1/reservas,6.277344,200,success,
1789925779.541114,GET,GET /api/v1/reservas,6.648336,200,success,
1789925779.544132,GET,GET /api/v1/reservas,5.900974,200,success,
1789925779.581431,GET,GET /api/v1/reservas,6.960120,200,success,
1789925779.672208,GET,GET /api/v1/reservas,8.395967,200,success,
1789925779.730198,GET,GET /api/v1/reservas/{id},5.707871,200,success,
1789925779.757019,GET,GET /api/v1/reservas,8.324287,200,success,
1789925779.772007,GET,GET /api/v1/reservas,8.652514,200,success,
1789925779.901518,GET,GET /api/v1/reservas,10.362947,200,success,
1789925779.930225,GET,GET /api/v1/reservas,6.347992,200,success,
1789925779.948751,GET,GET /api/v1/reservas,6.232667,200,success,
1789925779.980041,GET,GET /api/v1/reservas,6.904225,200,success,
1789925779.995143,GET,GET /api/v1/reservas/{id},4.886186,200,success,
1789925780.050688,GET,GET /api/v1/reservas/{id},5.294013,200,success,
1789925780.074398,GET,GET /api/v1/reservas,6.368803,200,success,
1789925780.103201,GET,GET /api/v1/reservas,6.463146,200,success,
1789925780.129688,GET,GET /api/v1/reservas/{id},5.234223,200,success,
1789925780.188835,GET,GET /api/v1/reservas,6.778945,200,success,
1789925780.215071,GET,GET /api/v1/reservas,6.848170,200,success,
1789925780.262282,GET,GET /api/v1/reservas,7.774704,200,success,
1789925780.263562,GET,GET /api/v1/reservas,5.191089,200,success,
1789925780.267081,GET,GET /api/v1/reservas,5.962086,200,success,
1789925780.270308,GET,GET /api/v1/reservas,5.478924,200,success,
1789925780.330143,GET,GET /api/v1/reservas,9.421408,200,success,
1789925780.436319,GET,GET /api/v1/reservas/{id},13.850072,200,success,
1789925780.470631,GET,GET /api/v1/reservas,7.949488,200,success,
1789925780.524976,GET,GET /api/v1/reservas,6.983485,200,success,
1789925780.566319,GET,GET /api/v1/reservas,7.939694,200,success,
1789925780.611326,GET,GET /api/v1/reservas,7.613880,200,success,
1789925780.677188,GET,GET /api/v1/reservas/{id},5.570893,200,success,
1789925780.700970,GET,GET /api/v1/reservas,5.513447,200,success,
1789925780.736288,GET,GET /api/v1/reservas,6.958958,200,success,
1789925780.745972,GET,GET /api/v1/reservas,6.353360,200,success,
1789925780.783375,GET,GET /api/v1/reservas,7.755245,200,success,
1789925780.783880,GET,GET /api/v1/reservas,7.728063,200,success,
1789925780.789372,GET,GET /api/v1/reservas,6.870903,200,success,
1789925780.848539,GET,GET /api/v1/reservas/{id},5.293744,200,success,
1789925780.914397,GET,GET /api/v1/reservas,7.456751,200,success,
1789925780.914783,GET,GET /api/v1/reservas/{id},5.020230,200,success,
1789925781.027516,GET,GET /api/v1/reservas,7.324812,200,success,
1789925781.053075,GET,GET /api/v1/reservas,7.142186,200,success,
1789925781.058867,GET,GET /api/v1/reservas/{id},4.609176,200,success,
1789925781.092330,GET,GET /api/v1/reservas,6.640045,200,success,
1789925781.092740,GET,GET /api/v1/reservas,7.567309,200,success,
1789925781.270903,GET,GET /api/v1/reservas,6.664982,200,success,
1789925781.331032,GET,GET /api/v1/reservas,6.743150,200,success,
1789925781.415009,GET,GET /api/v1/reservas,6.573503,200,success,
1789925781.493617,GET,GET /api/v1/reservas/{id},5.324289,200,success,
1789925781.511601,GET,GET /api/v1/reservas/{id},5.753641,200,success,
1789925781.516032,GET,GET /api/v1/reservas,6.763371,200,success,
1789925781.528584,GET,GET /api/v1/reservas,6.235320,200,success,
1789925781.546222,GET,GET /api/v1/reservas,6.327650,200,success,
1789925781.553653,GET,GET /api/v1/reservas/{id},4.230011,200,success,
1789925781.575337,GET,GET /api/v1/reservas,6.383505,200,success,
1789925781.585380,GET,GET /api/v1/reservas,5.723465,200,success,
1789925781.654302,GET,GET /api/v1/reservas/{id},5.637314,200,success,
1789925781.714170,GET,GET /api/v1/reservas/{id},5.588991,200,success,
1789925781.748247,GET,GET /api/v1/reservas,6.695078,200,success,
1789925781.772623,GET,GET /api/v1/reservas,6.608747,200,success,
1789925781.781716,GET,GET /api/v1/reservas,5.793390,200,success,
1789925781.787235,GET,GET /api/v1/reservas,5.282327,200,success,
1789925781.801445,GET,GET /api/v1/reservas,5.919872,200,success,
1789925781.808749,GET,GET /api/v1/reservas/{id},4.295532,200,success,
1789925781.820554,GET,GET /api/v1/reservas,5.522510,200,success,
1789925781.825864,GET,GET /api/v1/reservas,6.156962,200,success,
1789925781.830581,GET,GET /api/v1/reservas/{id},3.538493,200,success,
1789925781.946588,GET,GET /api/v1/reservas,6.661737,200,success,
1789925781.969556,GET,GET /api/v1/reservas,5.662833,200,success,
1789925782.076433,GET,GET /api/v1/reservas,6.483055,200,success,
1789925782.096522,GET,GET /api/v1/reservas/{id},4.851744,200,success,
1789925782.104666,GET,GET /api/v1/reservas,4.825123,200,success,
1789925782.208503,GET,GET /api/v1/reservas,6.407301,200,success,
1789925782.249367,GET,GET /api/v1/reservas,6.495996,200,success,
1789925782.264270,GET,GET /api/v1/reservas,5.592466,200,success,
1789925782.275925,GET,GET /api/v1/reservas,6.360100,200,success,
1789925782.280648,GET,GET /api/v1/reservas,5.501407,200,success,
1789925782.308373,GET,GET /api/v1/reservas,6.436045,200,success,
1789925782.343638,GET,GET /api/v1/reservas,6.875070,200,success,
1789925782.359009,GET,GET /api/v1/reservas,8.050651,200,success,
1789925782.425757,GET,GET /api/v1/reservas/{id},5.468419,200,success,
1789925782.493613,GET,GET /api/v1/reservas,7.437954,200,success,
1789925782.523443,GET,GET /api/v1/reservas/{id},5.584084,200,success,
1789925782.703372,GET,GET /api/v1/reservas,7.470212,200,success,
1789925782.704926,GET,GET /api/v1/reservas,8.259339,200,success,
1789925782.738615,GET,GET /api/v1/reservas,6.367471,200,success,
1789925782.807517,GET,GET /api/v1/reservas,7.532547,200,success,
1789925782.855159,GET,GET /api/v1/reservas/{id},5.399403,200,success,
1789925782.862654,GET,GET /api/v1/reservas,5.216346,200,success,
1789925783.103604,GET,GET /api/v1/reservas,6.653695,200,success,
1789925783.128602,GET,GET /api/v1/reservas,8.654307,200,success,
1789925783.283095,GET,GET /api/v1/reservas,12.979042,200,success,
1789925783.283557,GET,GET /api/v1/reservas,12.851129,200,success,
1789925783.283729,GET,GET /api/v1/reservas,12.728362,200,success,
1789925783.285378,GET,GET /api/v1/reservas,8.383155,200,success,
1789925783.377216,GET,GET /api/v1/reservas,6.482296,200,success,
1789925783.402068,GET,GET /api/v1/reservas,5.532796,200,success,
1789925783.412067,GET,GET /api/v1/reservas/{id},4.803450,200,success,
1789925783.472647,GET,GET /api/v1/reservas,6.226036,200,success,
1789925783.485467,GET,GET /api/v1/reservas,5.519936,200,success,
1789925783.496332,GET,GET /api/v1/reservas,5.564524,200,success,
1789925783.496656,GET,GET /api/v1/reservas/{id},4.311364,200,success,
1789925783.536772,GET,GET /api/v1/reservas,6.802701,200,success,
1789925783.539034,GET,GET /api/v1/reservas,5.250658,200,success,
1789925783.667054,GET,GET /api/v1/reservas,6.602287,200,success,
1789925783.669098,GET,GET /api/v1/reservas,4.818223,200,success,
1789925783.710385,GET,GET /api/v1/reservas,5.942777,200,success,
1789925783.733771,GET,GET /api/v1/reservas,6.061657,200,success,
1789925783.788965,GET,GET /api/v1/reservas,6.357906,200,success,
1789925783.871184,GET,GET /api/v1/reservas,10.110945,200,success,
1789925783.891801,GET,GET /api/v1/reservas,7.273694,200,success,
1789925783.922349,GET,GET /api/v1/reservas/{id},5.298551,200,success,
1789925783.959515,GET,GET /api/v1/reservas,6.817643,200,success,
1789925783.962968,GET,GET /api/v1/reservas,5.372573,200,success,
1789925783.992791,GET,GET /api/v1/reservas/{id},4.606982,200,success,
1789925784.025616,GET,GET /api/v1/reservas,6.995001,200,success,
1789925784.026142,GET,GET /api/v1/reservas,7.958793,200,success,
1789925784.027538,GET,GET /api/v1/reservas,5.110736,200,success,
1789925784.060238,GET,GET /api/v1/reservas,6.389023,200,success,
1789925784.205012,GET,GET /api/v1/reservas,6.450476,200,success,
1789925784.259166,GET,GET /api/v1/reservas,6.773866,200,success,
1789925784.333324,GET,GET /api/v1/reservas,6.739755,200,success,
1789925784.475003,GET,GET /api/v1/reservas/{id},5.314725,200,success,
1789925784.485232,GET,GET /api/v1/reservas,5.897057,200,success,
1789925784.502208,GET,GET /api/v1/reservas,5.678777,200,success,
1789925784.516751,GET,GET /api/v1/reservas/{id},4.343273,200,success,
1789925784.542132,GET,GET /api/v1/reservas,6.079064,200,success,
1789925784.576241,GET,GET /api/v1/reservas,6.801869,200,success,
1789925784.597926,GET,GET /api/v1/reservas,6.358637,200,success,
1789925784.641010,GET,GET /api/v1/reservas,6.708138,200,success,
1789925784.642177,GET,GET /api/v1/reservas,4.990254,200,success,
1789925784.658733,GET,GET /api/v1/reservas,5.278320,200,success,
1789925784.664001,GET,GET /api/v1/reservas,5.034400,200,success,
1789925784.665031,GET,GET /api/v1/reservas/{id},3.558675,200,success,
1789925784.669577,GET,GET /api/v1/reservas/{id},3.389137,200,success,
1789925784.748804,GET,GET /api/v1/reservas,6.908660,200,success,
1789925784.754037,GET,GET /api/v1/reservas/{id},5.074361,200,success,
1789925784.766324,GET,GET /api/v1/reservas/{id},4.104460,200,success,
1789925784.779631,GET,GET /api/v1/reservas/{id},4.121226,200,success,
1789925784.820132,GET,GET /api/v1/reservas,6.459331,200,success,
1789925784.904920,GET,GET /api/v1/reservas,9.367179,200,success,
1789925784.935913,GET,GET /api/v1/reservas,6.630539,200,success,
1789925784.961745,GET,GET /api/v1/reservas,6.478690,200,success,
1789925785.031769,GET,GET /api/v1/reservas,6.639354,200,success,
1789925785.078496,GET,GET /api/v1/reservas,6.389545,200,success,
1789925785.156287,GET,GET /api/v1/reservas/{id},5.527647,200,success,
1789925785.157001,GET,GET /api/v1/reservas,5.625977,200,success,
1789925785.192887,GET,GET /api/v1/reservas,6.559652,200,success,
1789925785.205355,GET,GET /api/v1/reservas,8.177484,200,success,
1789925785.262629,GET,GET /api/v1/reservas,6.925927,200,success,
1789925785.444260,GET,GET /api/v1/reservas/{id},7.219223,200,success,
1789925785.595951,GET,GET /api/v1/reservas,7.259692,200,success,
1789925785.619072,GET,GET /api/v1/reservas,6.131293,200,success,
1789925785.619473,GET,GET /api/v1/reservas,7.229518,200,success,
1789925785.685140,GET,GET /api/v1/reservas,6.315742,200,success,
1789925785.698044,GET,GET /api/v1/reservas,4.625621,200,success,
1789925785.710861,GET,GET /api/v1/reservas,4.564949,200,success,
1789925785.739900,GET,GET /api/v1/reservas,5.714331,200,success,
1789925785.768451,GET,GET /api/v1/reservas,5.834273,200,success,
1789925785.790449,GET,GET /api/v1/reservas,5.691997,200,success,
1789925785.896666,GET,GET /api/v1/reservas/{id},5.288405,200,success,
1789925785.911088,GET,GET /api/v1/reservas,6.068057,200,success,
1789925785.969805,GET,GET /api/v1/reservas,6.353961,200,success,
1789925785.990950,GET,GET /api/v1/reservas,5.825890,200,success,
1789925786.063569,GET,GET /api/v1/reservas,6.263063,200,success,
1789925786.123252,GET,GET /api/v1/reservas,6.342183,200,success,
1789925786.159858,GET,GET /api/v1/reservas,6.288030,200,success,
1789925786.188466,GET,GET /api/v1/reservas,5.270187,200,success,
1789925786.273865,GET,GET /api/v1/reservas,7.019789,200,success,
1789925786.274631,GET,GET /api/v1/reservas,5.015652,200,success,
1789925786.299896,GET,GET /api/v1/reservas/{id},4.083660,200,success,
1789925786.315913,GET,GET /api/v1/reservas,5.736094,200,success,
1789925786.410575,GET,GET /api/v1/reservas,7.258361,200,success,
1789925786.434411,GET,GET /api/v1/reservas/{id},5.562771,200,success,
1789925786.437852,GET,GET /api/v1/reservas/{id},4.240518,200,success,
1789925786.464430,GET,GET /api/v1/reservas,5.840151,200,success,
1789925786.464930,GET,GET /api/v1/reservas,6.794337,200,success,
1789925786.506075,GET,GET /api/v1/reservas/{id},4.943493,200,success,
1789925786.554434,GET,GET /api/v1/reservas/{id},5.141223,200,success,
1789925786.561517,GET,GET /api/v1/reservas,4.792844,200,success,
1789925786.704200,GET,GET /api/v1/reservas,6.228270,200,success,
1789925786.739536,GET,GET /api/v1/reservas/{id},5.104316,200,success,
1789925786.770338,GET,GET /api/v1/reservas/{id},4.590297,200,success,
1789925786.772296,GET,GET /api/v1/reservas,5.786871,200,success,
1789925786.787241,GET,GET /api/v1/reservas,4.676488,200,success,
1789925786.820445,GET,GET /api/v1/reservas/{id},4.376363,200,success,
1789925786.841893,GET,GET /api/v1/reservas,6.132896,200,success,
1789925786.956724,GET,GET /api/v1/reservas/{id},5.528439,200,success,
1789925786.959947,GET,GET /api/v1/reservas/{id},3.940192,200,success,
1789925786.989764,GET,GET /api/v1/reservas,7.427898,200,success,
1789925787.024143,GET,GET /api/v1/reservas,6.082168,200,success,
1789925787.089426,GET,GET /api/v1/reservas/{id},4.996192,200,success,
1789925787.123253,GET,GET /api/v1/reservas,7.465305,200,success,
1789925787.124934,GET,GET /api/v1/reservas,4.949301,200,success,
1789925787.199767,GET,GET /api/v1/reservas,6.425680,200,success,
1789925787.203687,GET,GET /api/v1/reservas,5.547828,200,success,
1789925787.204858,GET,GET /api/v1/reservas,4.918253,200,success,
1789925787.346937,GET,GET /api/v1/reservas,6.666243,200,success,
1789925787.386246,GET,GET /api/v1/reservas,5.974716,200,success,
1789925787.405513,GET,GET /api/v1/reservas,5.915126,200,success,
1789925787.414187,GET,GET /api/v1/reservas,5.373404,200,success,
1789925787.452367,GET,GET /api/v1/reservas/{id},4.944283,200,success,
1789925787.501791,GET,GET /api/v1/reservas,6.064321,200,success,
1789925787.520836,GET,GET /api/v1/reservas,5.739268,200,success,
1789925787.530123,GET,GET /api/v1/reservas,4.949352,200,success,
1789925787.536977,GET,GET /api/v1/reservas/{id},3.675060,200,success,
1789925787.601268,GET,GET /api/v1/reservas,7.770688,200,success,
1789925787.619260,GET,GET /api/v1/reservas,8.707138,200,success,
1789925787.648046,GET,GET /api/v1/reservas,7.260044,200,success,
1789925787.706056,GET,GET /api/v1/reservas,8.416757,200,success,
1789925787.718229,GET,GET /api/v1/reservas,6.792635,200,success,
1789925787.747326,GET,GET /api/v1/reservas,8.555417,200,success,
1789925787.780275,GET,GET /api/v1/reservas,7.094342,200,success,
1789925787.822756,GET,GET /api/v1/reservas,12.395987,200,success,
1789925787.854262,GET,GET /api/v1/reservas,7.027532,200,success,
1789925787.863126,GET,GET /api/v1/reservas,5.517252,200,success,
1789925787.941684,GET,GET /api/v1/reservas,6.189121,200,success,
1789925787.990421,GET,GET /api/v1/reservas,6.385028,200,success,
1789925788.090710,GET,GET /api/v1/reservas/{id},5.008221,200,success,
1789925788.112177,GET,GET /api/v1/reservas/{id},4.245875,200,success,
1789925788.238138,GET,GET /api/v1/reservas,6.500613,200,success,
1789925788.261645,GET,GET /api/v1/reservas,6.175510,200,success,
1789925788.285469,GET,GET /api/v1/reservas,5.493187,200,success,
1789925788.355365,GET,GET /api/v1/reservas/{id},5.620178,200,success,
1789925788.376961,GET,GET /api/v1/reservas,5.272181,200,success,
1789925788.445540,GET,GET /api/v1/reservas,6.233858,200,success,
1789925788.501762,GET,GET /api/v1/reservas,5.883897,200,success,
1789925788.532840,GET,GET /api/v1/reservas/{id},4.860026,200,success,
1789925788.545017,GET,GET /api/v1/reservas,4.859035,200,success,
1789925788.572379,GET,GET /api/v1/reservas,5.073570,200,success,
1789925788.671523,GET,GET /api/v1/reservas,7.750137,200,success,
1789925788.737638,GET,GET /api/v1/reservas,9.728305,200,success,
1789925788.742722,GET,GET /api/v1/reservas,7.791679,200,success,
1789925788.758189,GET,GET /api/v1/reservas,6.143111,200,success,
1789925788.761627,GET,GET /api/v1/reservas,5.372173,200,success,
1789925788.776298,GET,GET /api/v1/reservas/{id},4.491177,200,success,
1789925788.846140,GET,GET /api/v1/reservas,8.415876,200,success,
1789925788.870542,GET,GET /api/v1/reservas,7.029634,200,success,
1789925788.886767,GET,GET /api/v1/reservas/{id},6.000836,200,success,
1789925788.909775,GET,GET /api/v1/reservas,7.667801,200,success,
1789925788.999256,GET,GET /api/v1/reservas,6.089769,200,success,
1789925789.010465,GET,GET /api/v1/reservas,4.930693,200,success,
1789925789.040169,GET,GET /api/v1/reservas,6.360611,200,success,
1789925789.043711,GET,GET /api/v1/reservas,5.168043,200,success,
1789925789.046675,GET,GET /api/v1/reservas/{id},3.737264,200,success,
1789925789.135369,GET,GET /api/v1/reservas/{id},7.406336,200,success,
1789925789.188729,GET,GET /api/v1/reservas,6.015887,200,success,
1789925789.242756,GET,GET /api/v1/reservas,6.659543,200,success,
1789925789.243192,GET,GET /api/v1/reservas,5.305161,200,success,
1789925789.273682,GET,GET /api/v1/reservas/{id},4.301569,200,success,
1789925789.324231,GET,GET /api/v1/reservas,6.219867,200,success,
1789925789.343246,GET,GET /api/v1/reservas,5.679999,200,success,
1789925789.382535,GET,GET /api/v1/reservas,5.912832,200,success,
1789925789.383003,GET,GET /api/v1/reservas,4.715517,200,success,
1789925789.604014,GET,GET /api/v1/reservas,6.503156,200,success,
1789925789.731877,GET,GET /api/v1/reservas,6.454403,200,success,
1789925789.744138,GET,GET /api/v1/reservas/{id},4.055506,200,success,
1789925789.750019,GET,GET /api/v1/reservas,4.618420,200,success,
1789925789.758447,GET,GET /api/v1/reservas,5.191929,200,success,
1789925789.799912,GET,GET /api/v1/reservas,5.773500,200,success,
1789925789.812877,GET,GET /api/v1/reservas,5.712929,200,success,
1789925789.832899,GET,GET /api/v1/reservas/{id},4.814066,200,success,
1789925789.840320,GET,GET /api/v1/reservas,5.131318,200,success,
1789925789.872788,GET,GET /api/v1/reservas,5.520757,200,success,
1789925789.873318,GET,GET /api/v1/reservas,6.706775,200,success,
1789925789.876461,GET,GET /api/v1/reservas,4.641846,200,success,
1789925789.879682,GET,GET /api/v1/reservas,4.106074,200,success,
1789925789.890141,GET,GET /api/v1/reservas,4.233396,200,success,
1789925789.907696,GET,GET /api/v1/reservas,5.303419,200,success,
1789925790.009780,GET,GET /api/v1/reservas,7.748214,200,success,
1789925790.045419,GET,GET /api/v1/reservas,7.201625,200,success,
1789925790.087695,GET,GET /api/v1/reservas,7.937710,200,success,
1789925790.093482,GET,GET /api/v1/reservas,6.697201,200,success,
1789925790.115378,GET,GET /api/v1/reservas/{id},7.234486,200,success,
1789925790.148893,GET,GET /api/v1/reservas/{id},6.214209,200,success,
1789925790.158647,GET,GET /api/v1/reservas,6.407892,200,success,
1789925790.227340,GET,GET /api/v1/reservas,7.243289,200,success,
1789925790.289460,GET,GET /api/v1/reservas,6.758063,200,success,
1789925790.323892,GET,GET /api/v1/reservas/{id},5.740271,200,success,
1789925790.336135,GET,GET /api/v1/reservas,5.906373,200,success,
1789925790.340574,GET,GET /api/v1/reservas,6.631721,200,success,
1789925790.379702,GET,GET /api/v1/reservas/{id},6.853658,200,success,
1789925790.390873,GET,GET /api/v1/reservas,4.885224,200,success,
1789925790.406504,GET,GET /api/v1/reservas/{id},4.416403,200,success,
1789925790.413196,GET,GET /api/v1/reservas,5.401437,200,success,
1789925790.424820,GET,GET /api/v1/reservas,5.340485,200,success,
1789925790.494640,GET,GET /api/v1/reservas,6.430947,200,success,
1789925790.554645,GET,GET /api/v1/reservas,6.639022,200,success,
1789925790.727386,GET,GET /api/v1/reservas/{id},7.234795,200,success,
1789925790.878115,GET,GET /api/v1/reservas,8.986200,200,success,
1789925790.884020,GET,GET /api/v1/reservas,7.610846,200,success,
1789925790.938206,GET,GET /api/v1/reservas/{id},5.910727,200,success,
1789925790.972477,GET,GET /api/v1/reservas,5.954164,200,success,
1789925791.000441,GET,GET /api/v1/reservas,8.651643,200,success,
1789925791.151281,GET,GET /api/v1/reservas,7.328868,200,success,
1789925791.170457,GET,GET /api/v1/reservas,6.811825,200,success,
1789925791.189637,GET,GET /api/v1/reservas,5.871819,200,success,
1789925791.199474,GET,GET /api/v1/reservas/{id},4.645711,200,success,
1789925791.209013,GET,GET /api/v1/reservas/{id},4.325766,200,success,
1789925791.314974,GET,GET /api/v1/reservas,6.569257,200,success,
1789925791.410495,GET,GET /api/v1/reservas,7.097758,200,success,
1789925791.463398,GET,GET /api/v1/reservas,10.508377,200,success,
1789925791.492678,GET,GET /api/v1/reservas,7.898872,200,success,
1789925791.520365,GET,GET /api/v1/reservas/{id},5.404441,200,success,
1789925791.549977,GET,GET /api/v1/reservas/{id},5.338412,200,success,
1789925791.596850,GET,GET /api/v1/reservas,7.510422,200,success,
1789925791.673723,GET,GET /api/v1/reservas/{id},5.576021,200,success,
1789925791.708688,GET,GET /api/v1/reservas/{id},5.691957,200,success,
1789925791.724191,GET,GET /api/v1/reservas,7.176006,200,success,
1789925791.731354,GET,GET /api/v1/reservas,8.040025,200,success,
1789925791.754569,GET,GET /api/v1/reservas,6.849371,200,success,
1789925791.821453,GET,GET /api/v1/reservas/{id},5.382128,200,success,
1789925791.836466,GET,GET /api/v1/reservas,6.710932,200,success,
1789925791.942278,GET,GET /api/v1/reservas/{id},5.485985,200,success,
1789925791.975283,GET,GET /api/v1/reservas,6.654566,200,success,
1789925792.020568,GET,GET /api/v1/reservas/{id},5.995957,200,success,
1789925792.021340,GET,GET /api/v1/reservas,6.078052,200,success,
1789925792.037856,GET,GET /api/v1/reservas,6.215881,200,success,
1789925792.094330,GET,GET /api/v1/reservas,7.059580,200,success,
1789925792.105689,GET,GET /api/v1/reservas,6.021976,200,success,
1789925792.196295,GET,GET /api/v1/reservas/{id},6.346620,200,success,
1789925792.217288,GET,GET /api/v1/reservas,9.572498,200,success,
1789925792.222716,GET,GET /api/v1/reservas/{id},7.098759,200,success,
1789925792.273865,GET,GET /api/v1/reservas,6.757062,200,success,
1789925792.302828,GET,GET /api/v1/reservas,6.569296,200,success,
1789925792.313529,GET,GET /api/v1/reservas,6.314159,200,success,
1789925792.341909,GET,GET /api/v1/reservas,6.992880,200,success,
1789925792.377631,GET,GET /api/v1/reservas,7.353145,200,success,
1789925792.389371,GET,GET /api/v1/reservas,6.412880,200,success,
1789925792.419940,GET,GET /api/v1/reservas/{id},6.296062,200,success,
1789925792.533217,GET,GET /api/v1/reservas,6.790723,200,success,
1789925792.540086,GET,GET /api/v1/reservas,5.516341,200,success,
1789925792.604456,GET,GET /api/v1/reservas,6.979077,200,success,
1789925792.614266,GET,GET /api/v1/reservas,6.498390,200,success,
1789925792.661065,GET,GET /api/v1/reservas,6.443696,200,success,
1789925792.721700,GET,GET /api/v1/reservas,7.257540,200,success,
1789925792.744740,GET,GET /api/v1/reservas,9.055485,200,success,
1789925792.745324,GET,GET /api/v1/reservas,10.280742,200,success,
1789925792.776139,GET,GET /api/v1/reservas,9.392075,200,success,
1789925792.890019,GET,GET /api/v1/reservas,6.733225,200,success,
1789925792.929653,GET,GET /api/v1/reservas/{id},5.383720,200,success,
1789925792.987105,GET,GET /api/v1/reservas/{id},6.192085,200,success,
1789925793.041153,GET,GET /api/v1/reservas,6.669118,200,success,
1789925793.054642,GET,GET /api/v1/reservas,6.156031,200,success,
1789925793.149295,GET,GET /api/v1/reservas,7.240204,200,success,
1789925793.156358,GET,GET /api/v1/reservas,5.751929,200,success,
1789925793.206799,GET,GET /api/v1/reservas,7.100031,200,success,
1789925793.209288,GET,GET /api/v1/reservas,5.671766,200,success,
1789925793.268513,GET,GET /api/v1/reservas,6.893648,200,success,
1789925793.276656,GET,GET /api/v1/reservas,5.809194,200,success,
1789925793.362595,GET,GET /api/v1/reservas,18.495883,200,success,
1789925793.384178,GET,GET /api/v1/reservas,8.138806,200,success,
1789925793.427242,GET,GET /api/v1/reservas/{id},5.754251,200,success,
1789925793.436725,GET,GET /api/v1/reservas/{id},7.232673,200,success,
1789925793.471594,GET,GET /api/v1/reservas,7.516593,200,success,
1789925793.492931,GET,GET /api/v1/reservas,7.958472,200,success,
1789925793.540687,GET,GET /api/v1/reservas,9.328369,200,success,
1789925793.542207,GET,GET /api/v1/reservas,11.891554,200,success,
1789925793.573327,GET,GET /api/v1/reservas,8.751554,200,success,
1789925793.587311,GET,GET /api/v1/reservas/{id},5.727190,200,success,
1789925793.764219,GET,GET /api/v1/reservas,13.423194,200,success,
1789925793.858887,GET,GET /api/v1/reservas,6.246819,200,success,
1789925793.878199,GET,GET /api/v1/reservas,7.956549,200,success,
1789925793.935213,GET,GET /api/v1/reservas,6.612292,200,success,
1789925793.954606,GET,GET /api/v1/reservas/{id},5.138707,200,success,
1789925793.997452,GET,GET /api/v1/reservas,6.485379,200,success,
1789925794.000743,GET,GET /api/v1/reservas,5.979242,200,success,
1789925794.021237,GET,GET /api/v1/reservas,6.164103,200,success,
1789925794.035358,GET,GET /api/v1/reservas,5.779339,200,success,
1789925794.081393,GET,GET /api/v1/reservas,6.700836,200,success,
1789925794.089105,GET,GET /api/v1/reservas/{id},4.511929,200,success,
1789925794.097482,GET,GET /api/v1/reservas,5.054061,200,success,
1789925794.129397,GET,GET /api/v1/reservas,6.556877,200,success,
1789925794.349087,GET,GET /api/v1/reservas,7.113832,200,success,
1789925794.349488,GET,GET /api/v1/reservas,5.769374,200,success,
1789925794.421687,GET,GET /api/v1/reservas,6.833467,200,success,
1789925794.429281,GET,GET /api/v1/reservas,5.292021,200,success,
1789925794.451670,GET,GET /api/v1/reservas,6.066455,200,success,
1789925794.509973,GET,GET /api/v1/reservas,6.952097,200,success,
1789925794.513163,GET,GET /api/v1/reservas,5.267023,200,success,
1789925794.602847,GET,GET /api/v1/reservas/{id},5.431362,200,success,
1789925794.614090,GET,GET /api/v1/reservas/{id},4.268139,200,success,
1789925794.614623,GET,GET /api/v1/reservas,6.451689,200,success,
1789925794.657124,GET,GET /api/v1/reservas,7.155074,200,success,
1789925794.660373,GET,GET /api/v1/reservas,5.435969,200,success,
1789925794.755548,GET,GET /api/v1/reservas,6.752704,200,success,
1789925794.760934,GET,GET /api/v1/reservas/{id},4.181398,200,success,
1789925794.858618,GET,GET /api/v1/reservas,6.618160,200,success,
1789925794.895950,GET,GET /api/v1/reservas/{id},5.099168,200,success,
1789925794.916395,GET,GET /api/v1/reservas,7.060502,200,success,
1789925794.931663,GET,GET /api/v1/reservas/{id},5.046018,200,success,
1789925794.973640,GET,GET /api/v1/reservas,6.633423,200,success,
1789925795.016818,GET,GET /api/v1/reservas,6.790813,200,success,
1789925795.020780,GET,GET /api/v1/reservas,5.890728,200,success,
1789925795.128980,GET,GET /api/v1/reservas,6.790582,200,success,
1789925795.129505,GET,GET /api/v1/reservas,6.834269,200,success,
1789925795.148345,GET,GET /api/v1/reservas,6.550880,200,success,
1789925795.163679,GET,GET /api/v1/reservas/{id},5.099359,200,success,
1789925795.182562,GET,GET /api/v1/reservas,6.548655,200,success,
1789925795.222912,GET,GET /api/v1/reservas,6.980950,200,success,
1789925795.225847,GET,GET /api/v1/reservas,5.999403,200,success,
1789925795.231393,GET,GET /api/v1/reservas/{id},4.332817,200,success,
1789925795.473512,GET,GET /api/v1/reservas,6.552271,200,success,
1789925795.575157,GET,GET /api/v1/reservas,7.280445,200,success,
1789925795.602614,GET,GET /api/v1/reservas,6.083110,200,success,
1789925795.641881,GET,GET /api/v1/reservas/{id},6.019513,200,success,
1789925795.690675,GET,GET /api/v1/reservas,7.420266,200,success,
1789925795.752256,GET,GET /api/v1/reservas,8.166368,200,success,
1789925795.811574,GET,GET /api/v1/reservas,8.138986,200,success,
1789925795.814817,GET,GET /api/v1/reservas/{id},5.587778,200,success,
1789925795.887330,GET,GET /api/v1/reservas,7.224169,200,success,
1789925795.898644,GET,GET /api/v1/reservas,6.016318,200,success,
1789925795.932757,GET,GET /api/v1/reservas,6.745284,200,success,
1789925795.934808,GET,GET /api/v1/reservas,4.928629,200,success,
1789925795.957946,GET,GET /api/v1/reservas,5.819610,200,success,
1789925795.970719,GET,GET /api/v1/reservas,5.479606,200,success,
1789925796.109583,GET,GET /api/v1/reservas,6.414573,200,success,
1789925796.121873,GET,GET /api/v1/reservas/{id},4.059193,200,success,
1789925796.139194,GET,GET /api/v1/reservas,5.042553,200,success,
1789925796.207018,GET,GET /api/v1/reservas,7.450984,200,success,
1789925796.268085,GET,GET /api/v1/reservas/{id},5.798368,200,success,
1789925796.334326,GET,GET /api/v1/reservas,7.853523,200,success,
1789925796.334807,GET,GET /api/v1/reservas,7.839942,200,success,
1789925796.335551,GET,GET /api/v1/reservas,8.230745,200,success,
1789925796.423718,GET,GET /api/v1/reservas,6.863012,200,success,
1789925796.468729,GET,GET /api/v1/reservas,6.658542,200,success,
1789925796.479545,GET,GET /api/v1/reservas,6.525901,200,success,
1789925796.521874,GET,GET /api/v1/reservas,6.966118,200,success,
1789925796.536093,GET,GET /api/v1/reservas,6.887721,200,success,
1789925796.651910,GET,GET /api/v1/reservas/{id},5.477593,200,success,
1789925796.706426,GET,GET /api/v1/reservas,7.165060,200,success,
1789925796.718776,GET,GET /api/v1/reservas,7.013260,200,success,
1789925796.722072,GET,GET /api/v1/reservas,6.368602,200,success,
1789925796.748468,GET,GET /api/v1/reservas,8.031373,200,success,
1789925796.750997,GET,GET /api/v1/reservas/{id},5.660600,200,success,
1789925796.770127,GET,GET /api/v1/reservas,6.770512,200,success,
1789925796.794294,GET,GET /api/v1/reservas,6.820728,200,success,
1789925796.874937,GET,GET /api/v1/reservas,7.563864,200,success,
1789925796.880572,GET,GET /api/v1/reservas,6.491329,200,success,
1789925796.952575,GET,GET /api/v1/reservas,11.603567,200,success,
1789925796.999190,GET,GET /api/v1/reservas,8.160068,200,success,
1789925797.030262,GET,GET /api/v1/reservas,6.698843,200,success,
1789925797.077290,GET,GET /api/v1/reservas,6.651501,200,success,
1789925797.097033,GET,GET /api/v1/reservas,6.391497,200,success,
1789925797.118294,GET,GET /api/v1/reservas,6.921570,200,success,
1789925797.148077,GET,GET /api/v1/reservas,6.432239,200,success,
1789925797.154461,GET,GET /api/v1/reservas,5.119699,200,success,
1789925797.165852,GET,GET /api/v1/reservas,5.686729,200,success,
1789925797.166258,GET,GET /api/v1/reservas,6.559000,200,success,
1789925797.202199,GET,GET /api/v1/reservas,6.656008,200,success,
1789925797.207125,GET,GET /api/v1/reservas,5.696174,200,success,
1789925797.430597,GET,GET /api/v1/reservas,6.944015,200,success,
1789925797.460623,GET,GET /api/v1/reservas/{id},5.820212,200,success,
1789925797.466003,GET,GET /api/v1/reservas,6.223873,200,success,
1789925797.480117,GET,GET /api/v1/reservas,4.810932,200,success,
1789925797.514345,GET,GET /api/v1/reservas,5.946242,200,success,
1789925797.527902,GET,GET /api/v1/reservas/{id},4.358487,200,success,
1789925797.604684,GET,GET /api/v1/reservas,6.388873,200,success,
1789925797.680942,GET,GET /api/v1/reservas/{id},5.006328,200,success,
1789925797.725166,GET,GET /api/v1/reservas,6.847829,200,success,
1789925797.758333,GET,GET /api/v1/reservas,6.789891,200,success,
1789925797.776322,GET,GET /api/v1/reservas,6.624259,200,success,
1789925797.800816,GET,GET /api/v1/reservas,6.161779,200,success,
1789925797.854460,GET,GET /api/v1/reservas,7.588211,200,success,
1789925797.883828,GET,GET /api/v1/reservas,9.024007,200,success,
1789925797.972946,GET,GET /api/v1/reservas/{id},8.785907,200,success,
1789925797.983411,GET,GET /api/v1/reservas,7.011066,200,success,
1789925798.023887,GET,GET /api/v1/reservas,10.046587,200,success,
1789925798.026398,GET,GET /api/v1/reservas,9.167424,200,success,
1789925798.045604,GET,GET /api/v1/reservas,7.745869,200,success,
1789925798.078379,GET,GET /api/v1/reservas,9.292644,200,success,
1789925798.101364,GET,GET /api/v1/reservas,7.635302,200,success,
1789925798.149588,GET,GET /api/v1/reservas,6.788109,200,success,
1789925798.234482,GET,GET /api/v1/reservas/{id},5.588321,200,success,
1789925798.237426,GET,GET /api/v1/reservas,5.568279,200,success,
1789925798.253433,GET,GET /api/v1/reservas,5.713150,200,success,
1789925798.348505,GET,GET /api/v1/reservas,6.696980,200,success,
1789925798.438254,GET,GET /api/v1/reservas,7.412095,200,success,
1789925798.447341,GET,GET /api/v1/reservas,6.746195,200,success,
1789925798.450275,GET,GET /api/v1/reservas,5.881094,200,success,
1789925798.627221,GET,GET /api/v1/reservas,9.463693,200,success,
1789925798.688442,GET,GET /api/v1/reservas,6.850674,200,success,
1789925798.739287,GET,GET /api/v1/reservas/{id},5.572956,200,success,
1789925798.755342,GET,GET /api/v1/reservas,6.737141,200,success,
1789925798.799479,GET,GET /api/v1/reservas,7.730967,200,success,
1789925798.809507,GET,GET /api/v1/reservas,6.692704,200,success,
1789925798.958534,GET,GET /api/v1/reservas,6.889792,200,success,
1789925798.986569,GET,GET /api/v1/reservas,7.685318,200,success,
1789925799.002411,GET,GET /api/v1/reservas,9.160545,200,success,
1789925799.036229,GET,GET /api/v1/reservas,7.417092,200,success,
1789925799.176860,GET,GET /api/v1/reservas,11.895699,200,success,
1789925799.189157,GET,GET /api/v1/reservas/{id},6.009058,200,success,
1789925799.232453,GET,GET /api/v1/reservas,9.861326,200,success,
1789925799.263262,GET,GET /api/v1/reservas,8.460573,200,success,
1789925799.266474,GET,GET /api/v1/reservas,8.706286,200,success,
1789925799.322582,GET,GET /api/v1/reservas,6.761498,200,success,
1789925799.339482,GET,GET /api/v1/reservas/{id},5.635882,200,success,
1789925799.422231,GET,GET /api/v1/reservas/{id},4.506940,200,success,
1789925799.422755,GET,GET /api/v1/reservas,6.886006,200,success,
1789925799.531966,GET,GET /api/v1/reservas,6.809441,200,success,
1789925799.573004,GET,GET /api/v1/reservas/{id},5.719127,200,success,
1789925799.597309,GET,GET /api/v1/reservas,7.878551,200,success,
1789925799.597881,GET,GET /api/v1/reservas,7.440178,200,success,
1789925799.613172,GET,GET /api/v1/reservas,6.971947,200,success,
1789925799.654225,GET,GET /api/v1/reservas,6.745464,200,success,
1789925799.797937,GET,GET /api/v1/reservas,6.723852,200,success,
1789925799.819243,GET,GET /api/v1/reservas,6.908060,200,success,
1789925799.845637,GET,GET /api/v1/reservas,7.245832,200,success,
1789925799.885193,GET,GET /api/v1/reservas/{id},5.265861,200,success,
1789925799.908906,GET,GET /api/v1/reservas,7.364422,200,success,
1789925799.909731,GET,GET /api/v1/reservas/{id},4.415863,200,success,
1789925799.918147,GET,GET /api/v1/reservas,6.051863,200,success,
1789925799.938815,GET,GET /api/v1/reservas,7.339854,200,success,
1789925799.943066,GET,GET /api/v1/reservas/{id},5.214854,200,success,
1789925799.951141,GET,GET /api/v1/reservas/{id},4.887769,200,success,
1789925799.956412,GET,GET /api/v1/reservas,5.856906,200,success,
1789925799.979877,GET,GET /api/v1/reservas/{id},6.184393,200,success,
1789925799.986612,GET,GET /api/v1/reservas/{id},7.998292,200,success,
1789925799.995403,GET,GET /api/v1/reservas/{id},5.565575,200,success,
1789925800.016537,GET,GET /api/v1/reservas,6.805595,200,success,
1789925800.039577,GET,GET /api/v1/reservas,8.595538,200,success,
1789925800.246453,GET,GET /api/v1/reservas,9.250872,200,success,
1789925800.252304,GET,GET /api/v1/reservas,8.277005,200,success,
1789925800.320679,GET,GET /api/v1/reservas,8.837264,200,success,
1789925800.343749,GET,GET /api/v1/reservas,8.576449,200,success,
1789925800.379165,GET,GET /api/v1/reservas/{id},8.034717,200,success,
1789925800.466281,GET,GET /api/v1/reservas,7.636915,200,success,
1789925800.479683,GET,GET /api/v1/reservas,7.020040,200,success,
1789925800.538709,GET,GET /api/v1/reservas/{id},5.723585,200,success,
1789925800.550448,GET,GET /api/v1/reservas/{id},6.511819,200,success,
1789925800.554516,GET,GET /api/v1/reservas,6.631089,200,success,
1789925800.577129,GET,GET /api/v1/reservas,6.252677,200,success,
1789925800.609840,GET,GET /api/v1/reservas/{id},5.432023,200,success,
1789925800.636416,GET,GET /api/v1/reservas/{id},5.293363,200,success,
1789925800.652769,GET,GET /api/v1/reservas,6.993050,200,success,
1789925800.671968,GET,GET /api/v1/reservas/{id},5.932892,200,success,
1789925800.691623,GET,GET /api/v1/reservas,7.259243,200,success,
1789925800.764493,GET,GET /api/v1/reservas,7.015083,200,success,
1789925800.794439,GET,GET /api/v1/reservas,7.538796,200,success,
1789925801.006103,GET,GET /api/v1/reservas,8.243544,200,success,
1789925801.016172,GET,GET /api/v1/reservas,7.700592,200,success,
1789925801.162572,GET,GET /api/v1/reservas/{id},7.961897,200,success,
1789925801.204545,GET,GET /api/v1/reservas/{id},5.640129,200,success,
1789925801.216130,GET,GET /api/v1/reservas,7.282899,200,success,
1789925801.327741,GET,GET /api/v1/reservas,7.266263,200,success,
1789925801.382967,GET,GET /api/v1/reservas/{id},5.914625,200,success,
1789925801.402398,GET,GET /api/v1/reservas,7.058758,200,success,
1789925801.431485,GET,GET /api/v1/reservas/{id},5.816306,200,success,
1789925801.440304,GET,GET /api/v1/reservas,6.515656,200,success,
1789925801.480681,GET,GET /api/v1/reservas,6.943023,200,success,
1789925801.508553,GET,GET /api/v1/reservas,8.443617,200,success,
1789925801.576358,GET,GET /api/v1/reservas,7.395730,200,success,
1789925801.610109,GET,GET /api/v1/reservas/{id},6.438248,200,success,
1789925801.610920,GET,GET /api/v1/reservas,6.624772,200,success,
1789925801.628462,GET,GET /api/v1/reservas,7.178661,200,success,
1789925801.691859,GET,GET /api/v1/reservas,6.991507,200,success,
1789925801.775150,GET,GET /api/v1/reservas,6.904975,200,success,
1789925801.829425,GET,GET /api/v1/reservas,6.933970,200,success,
1789925801.861692,GET,GET /api/v1/reservas,6.939868,200,success,
1789925801.867600,GET,GET /api/v1/reservas,5.653308,200,success,
1789925801.919355,GET,GET /api/v1/reservas/{id},5.507928,200,success,
1789925801.970498,GET,GET /api/v1/reservas,6.777161,200,success,
1789925802.025736,GET,GET /api/v1/reservas,6.844353,200,success,
1789925802.080880,GET,GET /api/v1/reservas,6.776971,200,success,
1789925802.096172,GET,GET /api/v1/reservas,6.943795,200,success,
1789925802.105696,GET,GET /api/v1/reservas,7.171740,200,success,
1789925802.140931,GET,GET /api/v1/reservas,6.858796,200,success,
1789925802.171921,GET,GET /api/v1/reservas,7.572889,200,success,
1789925802.177729,GET,GET /api/v1/reservas,6.754658,200,success,
1789925802.189326,GET,GET /api/v1/reservas/{id},5.365362,200,success,
1789925802.279136,GET,GET /api/v1/reservas,7.412514,200,success,
1789925802.281712,GET,GET /api/v1/reservas,5.963689,200,success,
1789925802.290370,GET,GET /api/v1/reservas,6.378106,200,success,
1789925802.300774,GET,GET /api/v1/reservas/{id},5.168544,200,success,
1789925802.381337,GET,GET /api/v1/reservas/{id},5.282547,200,success,
1789925802.397252,GET,GET /api/v1/reservas,6.552031,200,success,
1789925802.403195,GET,GET /api/v1/reservas,5.690565,200,success,
1789925802.427811,GET,GET /api/v1/reservas/{id},5.338822,200,success,
1789925802.523241,GET,GET /api/v1/reservas,6.990856,200,success,
1789925802.547415,GET,GET /api/v1/reservas,6.819846,200,success,
1789925802.702478,GET,GET /api/v1/reservas/{id},5.797907,200,success,
1789925802.738463,GET,GET /api/v1/reservas,6.640355,200,success,
1789925802.768137,GET,GET /api/v1/reservas/{id},5.394788,200,success,
1789925802.851144,GET,GET /api/v1/reservas,6.938467,200,success,
1789925802.867557,GET,GET /api/v1/reservas,7.101333,200,success,
1789925802.905522,GET,GET /api/v1/reservas,6.572682,200,success,
1789925802.959609,GET,GET /api/v1/reservas,6.743420,200,success,
1789925803.025659,GET,GET /api/v1/reservas,6.144663,200,success,
1789925803.026749,GET,GET /api/v1/reservas,7.795997,200,success,
1789925803.030683,GET,GET /api/v1/reservas,4.496835,200,success,
1789925803.077567,GET,GET /api/v1/reservas,7.515941,200,success,
1789925803.121466,GET,GET /api/v1/reservas,6.552661,200,success,
1789925803.159158,GET,GET /api/v1/reservas/{id},5.441047,200,success,
1789925803.293542,GET,GET /api/v1/reservas/{id},6.019364,200,success,
1789925803.296204,GET,GET /api/v1/reservas/{id},4.806504,200,success,
1789925803.306040,GET,GET /api/v1/reservas/{id},4.604268,200,success,
1789925803.334233,GET,GET /api/v1/reservas/{id},5.925691,200,success,
1789925803.381889,GET,GET /api/v1/reservas/{id},5.364521,200,success,
1789925803.391943,GET,GET /api/v1/reservas,5.765689,200,success,
1789925803.425105,GET,GET /api/v1/reservas,6.771813,200,success,
1789925803.459964,GET,GET /api/v1/reservas,20.402313,200,success,
1789925803.463190,GET,GET /api/v1/reservas/{id},6.523549,200,success,
1789925803.475805,GET,GET /api/v1/reservas/{id},5.404522,200,success,
1789925803.481524,GET,GET /api/v1/reservas,6.417477,200,success,
1789925803.526431,GET,GET /api/v1/reservas,6.518379,200,success,
1789925803.556663,GET,GET /api/v1/reservas,6.899308,200,success,
1789925803.569420,GET,GET /api/v1/reservas,6.435274,200,success,
1789925803.718256,GET,GET /api/v1/reservas,8.344166,200,success,
1789925803.772798,GET,GET /api/v1/reservas,23.128335,200,success,
1789925803.814622,GET,GET /api/v1/reservas,7.407888,200,success,
1789925803.890047,GET,GET /api/v1/reservas,11.110951,200,success,
1789925803.905740,GET,GET /api/v1/reservas/{id},6.456746,200,success,
1789925803.945565,GET,GET /api/v1/reservas,11.266887,200,success,
1789925804.021477,GET,GET /api/v1/reservas,6.539011,200,success,
1789925804.079800,GET,GET /api/v1/reservas/{id},5.049513,200,success,
1789925804.103228,GET,GET /api/v1/reservas,6.089010,200,success,
1789925804.122579,GET,GET /api/v1/reservas/{id},5.106068,200,success,
1789925804.127534,GET,GET /api/v1/reservas,6.187048,200,success,
1789925804.153944,GET,GET /api/v1/reservas,6.117902,200,success,
1789925804.162277,GET,GET /api/v1/reservas,5.048893,200,success,
1789925804.178610,GET,GET /api/v1/reservas,5.048072,200,success,
1789925804.265533,GET,GET /api/v1/reservas,6.539961,200,success,
1789925804.309196,GET,GET /api/v1/reservas,6.310485,200,success,
1789925804.364316,GET,GET /api/v1/reservas,6.777221,200,success,
1789925804.411082,GET,GET /api/v1/reservas,6.405438,200,success,
1789925804.456547,GET,GET /api/v1/reservas,7.116897,200,success,
1789925804.639534,GET,GET /api/v1/reservas,6.524709,200,success,
1789925804.656709,GET,GET /api/v1/reservas,5.886503,200,success,
1789925804.714603,GET,GET /api/v1/reservas,6.568625,200,success,
1789925804.766399,GET,GET /api/v1/reservas/{id},5.534308,200,success,
1789925804.772179,GET,GET /api/v1/reservas,5.518885,200,success,
1789925804.890597,GET,GET /api/v1/reservas,6.372799,200,success,
1789925804.915118,GET,GET /api/v1/reservas/{id},5.279823,200,success,
1789925804.936532,GET,GET /api/v1/reservas,7.058618,200,success,
1789925805.038563,GET,GET /api/v1/reservas,6.638080,200,success,
1789925805.135338,GET,GET /api/v1/reservas/{id},5.464842,200,success,
1789925805.156429,GET,GET /api/v1/reservas,6.729920,200,success,
1789925805.195410,GET,GET /api/v1/reservas,6.577470,200,success,
1789925805.228095,GET,GET /api/v1/reservas/{id},5.410209,200,success,
1789925805.288815,GET,GET /api/v1/reservas,6.386691,200,success,
1789925805.334661,GET,GET /api/v1/reservas,6.494113,200,success,
1789925805.340793,GET,GET /api/v1/reservas,5.885010,200,success,
1789925805.391026,GET,GET /api/v1/reservas,6.804864,200,success,
1789925805.398264,GET,GET /api/v1/reservas,5.955617,200,success,
1789925805.469882,GET,GET /api/v1/reservas,7.246623,200,success,
1789925805.493602,GET,GET /api/v1/reservas,6.357416,200,success,
1789925805.531693,GET,GET /api/v1/reservas,6.758203,200,success,
1789925805.604774,GET,GET /api/v1/reservas,6.727637,200,success,
1789925805.631135,GET,GET /api/v1/reservas,6.962492,200,success,
1789925805.685600,GET,GET /api/v1/reservas,9.023086,200,success,
1789925805.698674,GET,GET /api/v1/reservas,6.726274,200,success,
1789925805.727510,GET,GET /api/v1/reservas,7.496653,200,success,
1789925805.731623,GET,GET /api/v1/reservas/{id},5.117075,200,success,
1789925805.776974,GET,GET /api/v1/reservas,7.528410,200,success,
1789925805.778289,GET,GET /api/v1/reservas,5.958501,200,success,
1789925805.788291,GET,GET /api/v1/reservas,5.735283,200,success,
1789925805.788661,GET,GET /api/v1/reservas/{id},4.475554,200,success,
1789925805.797872,GET,GET /api/v1/reservas,5.926413,200,success,
1789925805.881021,GET,GET /api/v1/reservas/{id},6.075859,200,success,
1789925805.892753,GET,GET /api/v1/reservas,8.366750,200,success,
1789925805.918318,GET,GET /api/v1/reservas/{id},6.249092,200,success,
1789925805.949433,GET,GET /api/v1/reservas,7.703596,200,success,
1789925805.966114,GET,GET /api/v1/reservas,9.338785,200,success,
1789925805.993491,GET,GET /api/v1/reservas/{id},6.101047,200,success,
1789925806.040808,GET,GET /api/v1/reservas/{id},6.023489,200,success,
1789925806.080918,GET,GET /api/v1/reservas,9.692962,200,success,
1789925806.124906,GET,GET /api/v1/reservas,8.569127,200,success,
1789925806.184618,GET,GET /api/v1/reservas,7.330080,200,success,
1789925806.326297,GET,GET /api/v1/reservas,11.229380,200,success,
1789925806.327566,GET,GET /api/v1/reservas,9.591477,200,success,
1789925806.376168,GET,GET /api/v1/reservas/{id},5.355046,200,success,
1789925806.419412,GET,GET /api/v1/reservas,6.903503,200,success,
1789925806.428976,GET,GET /api/v1/reservas,6.245355,200,success,
1789925806.481882,GET,GET /api/v1/reservas/{id},5.651515,200,success,
1789925806.598906,GET,GET /api/v1/reservas,6.532661,200,success,
1789925806.638682,GET,GET /api/v1/reservas,7.391133,200,success,
1789925806.639179,GET,GET /api/v1/reservas,7.195756,200,success,
1789925806.871012,GET,GET /api/v1/reservas/{id},5.608700,200,success,
1789925806.915894,GET,GET /api/v1/reservas/{id},5.615250,200,success,
1789925806.965865,GET,GET /api/v1/reservas,7.543994,200,success,
1789925806.981118,GET,GET /api/v1/reservas,8.860149,200,success,
1789925807.041428,GET,GET /api/v1/reservas,6.924284,200,success,
1789925807.062600,GET,GET /api/v1/reservas,6.766526,200,success,
1789925807.084342,GET,GET /api/v1/reservas/{id},5.483100,200,success,
1789925807.099243,GET,GET /api/v1/reservas,6.556849,200,success,
1789925807.161133,GET,GET /api/v1/reservas/{id},5.607288,200,success,
1789925807.193131,GET,GET /api/v1/reservas,7.660291,200,success,
1789925807.228295,GET,GET /api/v1/reservas,7.758921,200,success,
1789925807.260576,GET,GET /api/v1/reservas,6.896072,200,success,
1789925807.300674,GET,GET /api/v1/reservas,6.707295,200,success,
1789925807.309386,GET,GET /api/v1/reservas/{id},5.473566,200,success,
1789925807.309971,GET,GET /api/v1/reservas,5.608691,200,success,
1789925807.327358,GET,GET /api/v1/reservas,7.041022,200,success,
1789925807.358608,GET,GET /api/v1/reservas,7.878221,200,success,
1789925807.412086,GET,GET /api/v1/reservas,7.084938,200,success,
1789925807.414380,GET,GET /api/v1/reservas/{id},4.468273,200,success,
1789925807.479401,GET,GET /api/v1/reservas,6.671561,200,success,
1789925807.617825,GET,GET /api/v1/reservas,6.951876,200,success,
1789925807.671539,GET,GET /api/v1/reservas,7.344281,200,success,
1789925807.759439,GET,GET /api/v1/reservas,7.526697,200,success,
1789925807.777434,GET,GET /api/v1/reservas,7.594910,200,success,
1789925807.779379,GET,GET /api/v1/reservas,5.685618,200,success,
1789925807.783852,GET,GET /api/v1/reservas,7.342629,200,success,
1789925807.800569,GET,GET /api/v1/reservas,7.384462,200,success,
1789925807.801033,GET,GET /api/v1/reservas,7.406386,200,success,
1789925807.835191,GET,GET /api/v1/reservas,7.781635,200,success,
1789925807.835939,GET,GET /api/v1/reservas,5.639316,200,success,
1789925807.859076,GET,GET /api/v1/reservas,6.733495,200,success,
1789925807.901592,GET,GET /api/v1/reservas,8.142652,200,success,
1789925807.937328,GET,GET /api/v1/reservas/{id},5.462380,200,success,
1789925807.999903,GET,GET /api/v1/reservas,8.125596,200,success,
1789925808.137798,GET,GET /api/v1/reservas/{id},5.509449,200,success,
1789925808.159578,GET,GET /api/v1/reservas,7.420257,200,success,
1789925808.163590,GET,GET /api/v1/reservas,6.458839,200,success,
1789925808.174503,GET,GET /api/v1/reservas,6.576578,200,success,
1789925808.182786,GET,GET /api/v1/reservas/{id},5.062904,200,success,
1789925808.192182,GET,GET /api/v1/reservas,7.042694,200,success,
1789925808.273022,GET,GET /api/v1/reservas,8.375044,200,success,
1789925808.275583,GET,GET /api/v1/reservas,6.906007,200,success,
1789925808.279277,GET,GET /api/v1/reservas,7.691558,200,success,
1789925808.364140,GET,GET /api/v1/reservas,8.449757,200,success,
1789925808.369747,GET,GET /api/v1/reservas,7.777899,200,success,
1789925808.390331,GET,GET /api/v1/reservas,9.185000,200,success,
1789925808.470233,GET,GET /api/v1/reservas,8.436667,200,success,
1789925808.525963,GET,GET /api/v1/reservas/{id},5.440155,200,success,
1789925808.599365,GET,GET /api/v1/reservas,6.965757,200,success,
1789925808.619540,GET,GET /api/v1/reservas,6.764823,200,success,
1789925808.660878,GET,GET /api/v1/reservas,6.986869,200,success,
1789925808.669044,GET,GET /api/v1/reservas,6.840257,200,success,
1789925808.760557,GET,GET /api/v1/reservas/{id},7.178931,200,success,
1789925808.785824,GET,GET /api/v1/reservas,7.898942,200,success,
1789925808.835353,GET,GET /api/v1/reservas/{id},6.225365,200,success,
1789925808.842668,GET,GET /api/v1/reservas/{id},8.255944,200,success,
1789925808.855290,GET,GET /api/v1/reservas,7.275066,200,success,
1789925808.864072,GET,GET /api/v1/reservas,9.996231,200,success,
1789925808.904616,GET,GET /api/v1/reservas,8.157724,200,success,
1789925808.944145,GET,GET /api/v1/reservas,8.077363,200,success,
1789925808.945908,GET,GET /api/v1/reservas/{id},7.916328,200,success,
1789925808.986266,GET,GET /api/v1/reservas,7.000290,200,success,
1789925809.041294,GET,GET /api/v1/reservas/{id},5.725008,200,success,
1789925809.062939,GET,GET /api/v1/reservas/{id},5.382889,200,success,
1789925809.112496,GET,GET /api/v1/reservas,8.123593,200,success,
1789925809.198644,GET,GET /api/v1/reservas,7.697397,200,success,
1789925809.240932,GET,GET /api/v1/reservas,6.917544,200,success,
1789925809.264148,GET,GET /api/v1/reservas/{id},5.906472,200,success,
1789925809.282848,GET,GET /api/v1/reservas,8.833448,200,success,
1789925809.283749,GET,GET /api/v1/reservas,10.279790,200,success,
1789925809.284142,GET,GET /api/v1/reservas,9.420568,200,success,
1789925809.288192,GET,GET /api/v1/reservas/{id},5.188794,200,success,
1789925809.337352,GET,GET /api/v1/reservas,12.682872,200,success,
1789925809.372219,GET,GET /api/v1/reservas/{id},11.547392,200,success,
1789925809.381234,GET,GET /api/v1/reservas,9.411124,200,success,
1789925809.610772,GET,GET /api/v1/reservas,7.227194,200,success,
1789925809.689323,GET,GET /api/v1/reservas,8.122150,200,success,
1789925809.866448,GET,GET /api/v1/reservas,7.398434,200,success,
1789925809.918995,GET,GET /api/v1/reservas,7.174744,200,success,
1789925809.932547,GET,GET /api/v1/reservas,7.215676,200,success,
1789925809.933094,GET,GET /api/v1/reservas,6.038371,200,success,
1789925809.960162,GET,GET /api/v1/reservas,6.739845,200,success,
1789925809.981062,GET,GET /api/v1/reservas/{id},5.629402,200,success,
1789925810.108148,GET,GET /api/v1/reservas/{id},5.738218,200,success,
1789925810.145536,GET,GET /api/v1/reservas,6.990005,200,success,
1789925810.170821,GET,GET /api/v1/reservas,6.936603,200,success,
1789925810.215263,GET,GET /api/v1/reservas,7.058478,200,success,
1789925810.232504,GET,GET /api/v1/reservas,7.876778,200,success,
1789925810.366495,GET,GET /api/v1/reservas,9.470634,200,success,
1789925810.378350,GET,GET /api/v1/reservas/{id},6.544769,200,success,
1789925810.398245,GET,GET /api/v1/reservas,7.546307,200,success,
1789925810.419687,GET,GET /api/v1/reservas,7.076935,200,success,
1789925810.427695,GET,GET /api/v1/reservas,6.682428,200,success,
1789925810.433922,GET,GET /api/v1/reservas/{id},4.997335,200,success,
1789925810.462195,GET,GET /api/v1/reservas,6.894500,200,success,
1789925810.496483,GET,GET /api/v1/reservas,6.899238,200,success,
1789925810.536460,GET,GET /api/v1/reservas,6.606653,200,success,
1789925810.578571,GET,GET /api/v1/reservas,7.714673,200,success,
1789925810.658181,GET,GET /api/v1/reservas/{id},6.285317,200,success,
1789925810.689738,GET,GET /api/v1/reservas,7.176838,200,success,
1789925810.707659,GET,GET /api/v1/reservas,10.563220,200,success,
1789925810.725168,GET,GET /api/v1/reservas/{id},6.204084,200,success,
1789925810.764099,GET,GET /api/v1/reservas,8.289234,200,success,
1789925810.791466,GET,GET /api/v1/reservas,8.045405,200,success,
1789925810.879902,GET,GET /api/v1/reservas,7.266874,200,success,
1789925810.920810,GET,GET /api/v1/reservas/{id},6.174749,200,success,
1789925810.921212,GET,GET /api/v1/reservas/{id},7.079910,200,success,
1789925810.938534,GET,GET /api/v1/reservas,6.994160,200,success,
1789925810.951528,GET,GET /api/v1/reservas,6.680415,200,success,
1789925810.960528,GET,GET /api/v1/reservas,6.686334,200,success,
1789925811.011845,GET,GET /api/v1/reservas,7.942879,200,success,
1789925811.087473,GET,GET /api/v1/reservas,7.200804,200,success,
1789925811.126583,GET,GET /api/v1/reservas,6.756732,200,success,
1789925811.138100,GET,GET /api/v1/reservas,7.185290,200,success,
1789925811.139023,GET,GET /api/v1/reservas,6.359528,200,success,
1789925811.141559,GET,GET /api/v1/reservas/{id},5.148553,200,success,
1789925811.166917,GET,GET /api/v1/reservas,7.005107,200,success,
1789925811.177310,GET,GET /api/v1/reservas,6.052904,200,success,
1789925811.186100,GET,GET /api/v1/reservas,6.436605,200,success,
1789925811.186550,GET,GET /api/v1/reservas,6.295953,200,success,
1789925811.242921,GET,GET /api/v1/reservas/{id},5.596452,200,success,
1789925811.244218,GET,GET /api/v1/reservas,7.338301,200,success,
1789925811.400495,GET,GET /api/v1/reservas,7.769156,200,success,
1789925811.420850,GET,GET /api/v1/reservas,10.972851,200,success,
1789925811.468808,GET,GET /api/v1/reservas,12.287494,200,success,
1789925811.492533,GET,GET /api/v1/reservas,7.307766,200,success,
1789925811.542340,GET,GET /api/v1/reservas,15.294831,200,success,
1789925811.543043,GET,GET /api/v1/reservas,18.070719,200,success,
1789925811.551126,GET,GET /api/v1/reservas,7.826642,200,success,
1789925811.658217,GET,GET /api/v1/reservas,6.680906,200,success,
1789925811.692381,GET,GET /api/v1/reservas,6.808870,200,success,
1789925811.768915,GET,GET /api/v1/reservas,7.142316,200,success,
1789925811.913260,GET,GET /api/v1/reservas,7.683616,200,success,
1789925811.984945,GET,GET /api/v1/reservas/{id},5.403620,200,success,
1789925812.001462,GET,GET /api/v1/reservas/{id},5.267294,200,success,
1789925812.055946,GET,GET /api/v1/reservas,7.101843,200,success,
1789925812.128734,GET,GET /api/v1/reservas/{id},5.467407,200,success,
1789925812.178972,GET,GET /api/v1/reservas,6.851055,200,success,
1789925812.237159,GET,GET /api/v1/reservas,6.832455,200,success,
1789925812.249264,GET,GET /api/v1/reservas,6.794488,200,success,
1789925812.280071,GET,GET /api/v1/reservas/{id},5.655721,200,success,
1789925812.280692,GET,GET /api/v1/reservas,8.051073,200,success,
1789925812.281894,GET,GET /api/v1/reservas/{id},4.674325,200,success,
1789925812.290507,GET,GET /api/v1/reservas,6.289713,200,success,
1789925812.299222,GET,GET /api/v1/reservas,6.373140,200,success,
1789925812.345305,GET,GET /api/v1/reservas,6.697711,200,success,
1789925812.441859,GET,GET /api/v1/reservas/{id},6.244745,200,success,
1789925812.444385,GET,GET /api/v1/reservas,5.764787,200,success,
1789925812.507965,GET,GET /api/v1/reservas,7.218822,200,success,
1789925812.555227,GET,GET /api/v1/reservas/{id},5.934995,200,success,
1789925812.557035,GET,GET /api/v1/reservas,5.770927,200,success,
1789925812.591036,GET,GET /api/v1/reservas,6.592733,200,success,
1789925812.664041,GET,GET /api/v1/reservas,7.601350,200,success,
1789925812.709559,GET,GET /api/v1/reservas,7.140072,200,success,
1789925812.745786,GET,GET /api/v1/reservas,6.859697,200,success,
1789925812.835150,GET,GET /api/v1/reservas,9.860575,200,success,
1789925812.835788,GET,GET /api/v1/reservas,7.478614,200,success,
1789925812.842814,GET,GET /api/v1/reservas,9.426257,200,success,
1789925812.861229,GET,GET /api/v1/reservas,10.077163,200,success,
1789925812.870212,GET,GET /api/v1/reservas,6.666284,200,success,
1789925812.888163,GET,GET /api/v1/reservas,7.608942,200,success,
1789925812.955180,GET,GET /api/v1/reservas/{id},5.715042,200,success,
1789925812.975888,GET,GET /api/v1/reservas/{id},5.442730,200,success,
1789925813.016236,GET,GET /api/v1/reservas,6.989403,200,success,
1789925813.177240,GET,GET /api/v1/reservas/{id},5.614710,200,success,
1789925813.217374,GET,GET /api/v1/reservas/{id},5.828483,200,success,
1789925813.220878,GET,GET /api/v1/reservas,6.294160,200,success,
1789925813.223279,GET,GET /api/v1/reservas,5.683443,200,success,
1789925813.266967,GET,GET /api/v1/reservas,7.355388,200,success,
1789925813.272160,GET,GET /api/v1/reservas/{id},6.158584,200,success,
1789925813.274551,GET,GET /api/v1/reservas,5.991441,200,success,
1789925813.297077,GET,GET /api/v1/reservas,7.134193,200,success,
1789925813.330444,GET,GET /api/v1/reservas,7.018406,200,success,
1789925813.361596,GET,GET /api/v1/reservas,21.739520,200,success,
1789925813.378944,GET,GET /api/v1/reservas,17.064273,200,success,
1789925813.411944,GET,GET /api/v1/reservas,7.619527,200,success,
1789925813.436676,GET,GET /api/v1/reservas/{id},6.426290,200,success,
1789925813.454877,GET,GET /api/v1/reservas,22.575045,200,success,
1789925813.473651,GET,GET /api/v1/reservas,7.362840,200,success,
1789925813.477354,GET,GET /api/v1/reservas/{id},5.276558,200,success,
1789925813.507005,GET,GET /api/v1/reservas,7.285583,200,success,
1789925813.703682,GET,GET /api/v1/reservas,7.189627,200,success,
1789925813.771126,GET,GET /api/v1/reservas,7.073150,200,success,
1789925813.779437,GET,GET /api/v1/reservas/{id},5.102794,200,success,
1789925813.831106,GET,GET /api/v1/reservas,6.963354,200,success,
1789925813.877417,GET,GET /api/v1/reservas,7.235657,200,success,
1789925813.911357,GET,GET /api/v1/reservas,6.617339,200,success,
1789925814.020566,GET,GET /api/v1/reservas,7.756096,200,success,
1789925814.119912,GET,GET /api/v1/reservas,10.901924,200,success,
1789925814.135098,GET,GET /api/v1/reservas,6.843341,200,success,
1789925814.195782,GET,GET /api/v1/reservas/{id},8.410437,200,success,
1789925814.211589,GET,GET /api/v1/reservas/{id},6.481254,200,success,
1789925814.227201,GET,GET /api/v1/reservas,8.646104,200,success,
1789925814.227844,GET,GET /api/v1/reservas,9.843600,200,success,
1789925814.273561,GET,GET /api/v1/reservas,9.861968,200,success,
1789925814.349441,GET,GET /api/v1/reservas,6.469715,200,success,
1789925814.376822,GET,GET /api/v1/reservas,6.057471,200,success,
1789925814.466144,GET,GET /api/v1/reservas,6.917975,200,success,
1789925814.466636,GET,GET /api/v1/reservas,5.570543,200,success,
1789925814.501659,GET,GET /api/v1/reservas/{id},6.774548,200,success,
1789925814.507052,GET,GET /api/v1/reservas,6.207519,200,success,
1789925814.611759,GET,GET /api/v1/reservas,14.284120,200,success,
1789925814.613406,GET,GET /api/v1/reservas,8.019375,200,success,
1789925814.624663,GET,GET /api/v1/reservas,6.005341,200,success,
1789925814.661444,GET,GET /api/v1/reservas,6.423054,200,success,
1789925814.684958,GET,GET /api/v1/reservas,6.179136,200,success,
1789925814.693541,GET,GET /api/v1/reservas/{id},4.356422,200,success,
1789925814.818403,GET,GET /api/v1/reservas/{id},5.524552,200,success,
1789925814.822878,GET,GET /api/v1/reservas,5.959893,200,success,
1789925814.848610,GET,GET /api/v1/reservas,6.414102,200,success,
1789925814.896826,GET,GET /api/v1/reservas,6.850984,200,success,
1789925814.931891,GET,GET /api/v1/reservas,6.686945,200,success,
1789925814.998312,GET,GET /api/v1/reservas/{id},5.144618,200,success,
1789925815.023767,GET,GET /api/v1/reservas/{id},5.201955,200,success,
1789925815.040903,GET,GET /api/v1/reservas,5.791808,200,success,
1789925815.090067,GET,GET /api/v1/reservas,6.768278,200,success,
1789925815.123235,GET,GET /api/v1/reservas,6.844333,200,success,
1789925815.123611,GET,GET /api/v1/reservas,5.428087,200,success,
1789925815.185895,GET,GET /api/v1/reservas,7.939663,200,success,
1789925815.209933,GET,GET /api/v1/reservas,7.547320,200,success,
1789925815.275709,GET,GET /api/v1/reservas,6.382413,200,success,
1789925815.292539,GET,GET /api/v1/reservas,6.495945,200,success,
1789925815.292875,GET,GET /api/v1/reservas/{id},4.182930,200,success,
1789925815.351526,GET,GET /api/v1/reservas,6.334071,200,success,
1789925815.385434,GET,GET /api/v1/reservas,6.583518,200,success,
1789925815.543109,GET,GET /api/v1/reservas,7.149936,200,success,
1789925815.544130,GET,GET /api/v1/reservas,5.335206,200,success,
1789925815.566379,GET,GET /api/v1/reservas,5.944310,200,success,
1789925815.603124,GET,GET /api/v1/reservas/{id},5.489069,200,success,
1789925815.604750,GET,GET /api/v1/reservas,5.210507,200,success,
1789925815.624226,GET,GET /api/v1/reservas,6.176622,200,success,
1789925815.715236,GET,GET /api/v1/reservas,6.587434,200,success,
1789925815.777286,GET,GET /api/v1/reservas/{id},5.340654,200,success,
1789925815.803253,GET,GET /api/v1/reservas/{id},5.257949,200,success,
1789925815.833232,GET,GET /api/v1/reservas,6.620786,200,success,
1789925815.876653,GET,GET /api/v1/reservas/{id},5.480456,200,success,
1789925815.888921,GET,GET /api/v1/reservas,5.977790,200,success,
1789925815.905098,GET,GET /api/v1/reservas,5.877419,200,success,
1789925815.910941,GET,GET /api/v1/reservas,5.632277,200,success,
1789925815.969853,GET,GET /api/v1/reservas,6.514433,200,success,
1789925816.304759,GET,GET /api/v1/reservas,8.220850,200,success,
1789925816.350661,GET,GET /api/v1/reservas,7.503933,200,success,
1789925816.378222,GET,GET /api/v1/reservas/{id},6.269872,200,success,
1789925816.402899,GET,GET /api/v1/reservas,12.222805,200,success,
1789925816.408063,GET,GET /api/v1/reservas,11.171642,200,success,
1789925816.429163,GET,GET /api/v1/reservas/{id},5.840462,200,success,
1789925816.474523,GET,GET /api/v1/reservas,7.910459,200,success,
1789925816.538264,GET,GET /api/v1/reservas,6.389013,200,success,
1789925816.578814,GET,GET /api/v1/reservas,6.228420,200,success,
1789925816.587290,GET,GET /api/v1/reservas,5.165969,200,success,
1789925816.603237,GET,GET /api/v1/reservas,5.633699,200,success,
1789925816.626201,GET,GET /api/v1/reservas,6.648256,200,success,
1789925816.659229,GET,GET /api/v1/reservas,6.700195,200,success,
1789925816.696995,GET,GET /api/v1/reservas,6.415124,200,success,
1789925816.804033,GET,GET /api/v1/reservas,6.633053,200,success,
1789925816.851434,GET,GET /api/v1/reservas,7.064969,200,success,
1789925816.854086,GET,GET /api/v1/reservas,5.062753,200,success,
1789925816.889055,GET,GET /api/v1/reservas,6.622788,200,success,
1789925816.927372,GET,GET /api/v1/reservas,6.970556,200,success,
1789925816.971698,GET,GET /api/v1/reservas,6.990014,200,success,
1789925817.032549,GET,GET /api/v1/reservas/{id},5.581399,200,success,
1789925817.053166,GET,GET /api/v1/reservas,6.236081,200,success,
1789925817.115827,GET,GET /api/v1/reservas/{id},5.383579,200,success,
1789925817.137138,GET,GET /api/v1/reservas/{id},5.074061,200,success,
1789925817.166969,GET,GET /api/v1/reservas,6.503117,200,success,
1789925817.209558,GET,GET /api/v1/reservas/{id},5.315146,200,success,
1789925817.251467,GET,GET /api/v1/reservas,6.572252,200,success,
1789925817.301432,GET,GET /api/v1/reservas,6.625983,200,success,
1789925817.343242,GET,GET /api/v1/reservas,6.469325,200,success,
1789925817.356670,GET,GET /api/v1/reservas,6.125873,200,success,
1789925817.358633,GET,GET /api/v1/reservas,5.344180,200,success,
1789925817.383424,GET,GET /api/v1/reservas,6.456866,200,success,
1789925817.387523,GET,GET /api/v1/reservas,5.685387,200,success,
1789925817.401714,GET,GET /api/v1/reservas/{id},4.977705,200,success,
1789925817.416313,GET,GET /api/v1/reservas/{id},8.375445,200,success,
1789925817.450523,GET,GET /api/v1/reservas,7.802526,200,success,
1789925817.451758,GET,GET /api/v1/reservas,5.242276,200,success,
1789925817.454283,GET,GET /api/v1/reservas/{id},3.641019,200,success,
1789925817.505933,GET,GET /api/v1/reservas,10.291710,200,success,
1789925817.571997,GET,GET /api/v1/reservas,6.672884,200,success,
1789925817.628058,GET,GET /api/v1/reservas,6.691513,200,success,
1789925817.705888,GET,GET /api/v1/reservas,6.448714,200,success,
1789925817.818559,GET,GET /api/v1/reservas,6.774478,200,success,
1789925817.865569,GET,GET /api/v1/reservas,6.914459,200,success,
1789925817.960453,GET,GET /api/v1/reservas/{id},5.585365,200,success,
1789925818.014656,GET,GET /api/v1/reservas,8.841571,200,success,
1789925818.117881,GET,GET /api/v1/reservas,6.821439,200,success,
1789925818.160973,GET,GET /api/v1/reservas,6.730682,200,success,
1789925818.188756,GET,GET /api/v1/reservas/{id},5.501698,200,success,
1789925818.248596,GET,GET /api/v1/reservas/{id},5.541969,200,success,
1789925818.248924,GET,GET /api/v1/reservas/{id},5.121213,200,success,
1789925818.254824,GET,GET /api/v1/reservas/{id},3.751276,200,success,
1789925818.272929,GET,GET /api/v1/reservas,6.797984,200,success,
1789925818.321620,GET,GET /api/v1/reservas,7.201074,200,success,
1789925818.368494,GET,GET /api/v1/reservas/{id},5.612316,200,success,
1789925818.370013,GET,GET /api/v1/reservas,5.143316,200,success,
1789925818.400223,GET,GET /api/v1/reservas/{id},4.138103,200,success,
1789925818.400731,GET,GET /api/v1/reservas,6.448714,200,success,
1789925818.410256,GET,GET /api/v1/reservas,5.225901,200,success,
1789925818.470744,GET,GET /api/v1/reservas,7.164479,200,success,
1789925818.474275,GET,GET /api/v1/reservas/{id},4.898445,200,success,
1789925818.540216,GET,GET /api/v1/reservas/{id},5.696164,200,success,
1789925818.563338,GET,GET /api/v1/reservas,8.773257,200,success,
1789925818.564929,GET,GET /api/v1/reservas,5.424721,200,success,
1789925818.680299,GET,GET /api/v1/reservas,8.049170,200,success,
1789925818.695650,GET,GET /api/v1/reservas,8.844414,200,success,
1789925818.723790,GET,GET /api/v1/reservas,7.732931,200,success,
1789925818.786633,GET,GET /api/v1/reservas/{id},5.531333,200,success,
1789925818.819182,GET,GET /api/v1/reservas,7.164238,200,success,
1789925818.876609,GET,GET /api/v1/reservas,6.375623,200,success,
1789925818.989806,GET,GET /api/v1/reservas,6.788339,200,success,
1789925819.023971,GET,GET /api/v1/reservas,6.822009,200,success,
1789925819.053944,GET,GET /api/v1/reservas,6.612583,200,success,
1789925819.068240,GET,GET /api/v1/reservas,5.979932,200,success,
1789925819.122716,GET,GET /api/v1/reservas,11.105152,200,success,
1789925819.132195,GET,GET /api/v1/reservas,7.151379,200,success,
1789925819.132635,GET,GET /api/v1/reservas,7.232793,200,success,
1789925819.219278,GET,GET /api/v1/reservas,7.275947,200,success,
1789925819.232777,GET,GET /api/v1/reservas,7.154254,200,success,
1789925819.275996,GET,GET /api/v1/reservas,6.735609,200,success,
1789925819.319468,GET,GET /api/v1/reservas,7.112931,200,success,
1789925819.319914,GET,GET /api/v1/reservas,5.774642,200,success,
1789925819.439581,GET,GET /api/v1/reservas,6.362533,200,success,
1789925819.466130,GET,GET /api/v1/reservas,6.263653,200,success,
1789925819.480193,GET,GET /api/v1/reservas,5.747421,200,success,
1789925819.560319,GET,GET /api/v1/reservas,6.775470,200,success,
1789925819.582494,GET,GET /api/v1/reservas/{id},4.947589,200,success,
1789925819.613023,GET,GET /api/v1/reservas/{id},13.261641,200,success,
1789925819.618710,GET,GET /api/v1/reservas,6.608807,200,success,
1789925819.667997,GET,GET /api/v1/reservas,7.919403,200,success,
1789925819.730150,GET,GET /api/v1/reservas/{id},7.857559,200,success,
1789925819.901013,GET,GET /api/v1/reservas,7.158030,200,success,
1789925819.988735,GET,GET /api/v1/reservas,7.384392,200,success,
1789925820.035030,GET,GET /api/v1/reservas,6.918036,200,success,
1789925820.097723,GET,GET /api/v1/reservas/{id},5.415468,200,success,
1789925820.108446,GET,GET /api/v1/reservas/{id},5.473516,200,success,
1789925820.136367,GET,GET /api/v1/reservas/{id},5.642201,200,success,
1789925820.210412,GET,GET /api/v1/reservas/{id},5.736785,200,success,
1789925820.221432,GET,GET /api/v1/reservas,6.677691,200,success,
1789925820.240633,GET,GET /api/v1/reservas,6.854850,200,success,
1789925820.257205,GET,GET /api/v1/reservas/{id},5.324881,200,success,
1789925820.269240,GET,GET /api/v1/reservas,6.733676,200,success,
1789925820.280948,GET,GET /api/v1/reservas/{id},5.457712,200,success,
1789925820.379913,GET,GET /api/v1/reservas/{id},8.619214,200,success,
1789925820.386251,GET,GET /api/v1/reservas,7.586789,200,success,
1789925820.400990,GET,GET /api/v1/reservas,7.397832,200,success,
1789925820.406512,GET,GET /api/v1/reservas/{id},5.388848,200,success,
1789925820.524666,GET,GET /api/v1/reservas/{id},5.841674,200,success,
1789925820.526722,GET,GET /api/v1/reservas,5.954955,200,success,
1789925820.550094,GET,GET /api/v1/reservas/{id},5.148533,200,success,
1789925820.551053,GET,GET /api/v1/reservas,5.243377,200,success,
1789925820.583929,GET,GET /api/v1/reservas,6.539623,200,success,
1789925820.643497,GET,GET /api/v1/reservas/{id},5.285141,200,success,
1789925820.663151,GET,GET /api/v1/reservas,6.338476,200,success,
1789925820.691417,GET,GET /api/v1/reservas,6.921001,200,success,
1789925820.733969,GET,GET /api/v1/reservas,7.191771,200,success,
1789925820.777363,GET,GET /api/v1/reservas,6.641986,200,success,
1789925820.797278,GET,GET /api/v1/reservas,5.589422,200,success,
1789925820.929689,GET,GET /api/v1/reservas,10.274843,200,success,
1789925820.963365,GET,GET /api/v1/reservas,9.282850,200,success,
1789925821.013922,GET,GET /api/v1/reservas,7.160033,200,success,
1789925821.062805,GET,GET /api/v1/reservas/{id},6.570810,200,success,
1789925821.110332,GET,GET /api/v1/reservas,7.122515,200,success,
1789925821.170061,GET,GET /api/v1/reservas,7.321898,200,success,
1789925821.174463,GET,GET /api/v1/reservas,6.772234,200,success,
1789925821.274782,GET,GET /api/v1/reservas,6.889291,200,success,
1789925821.275273,GET,GET /api/v1/reservas,5.604945,200,success,
1789925821.293767,GET,GET /api/v1/reservas,6.208901,200,success,
1789925821.297857,GET,GET /api/v1/reservas/{id},4.956181,200,success,
1789925821.298901,GET,GET /api/v1/reservas,4.922421,200,success,
1789925821.308769,GET,GET /api/v1/reservas/{id},3.695741,200,success,
1789925821.357362,GET,GET /api/v1/reservas,6.265627,200,success,
1789925821.400305,GET,GET /api/v1/reservas/{id},4.705682,200,success,
1789925821.413881,GET,GET /api/v1/reservas,7.233664,200,success,
1789925821.455065,GET,GET /api/v1/reservas,7.793331,200,success,
1789925821.469096,GET,GET /api/v1/reservas,7.624076,200,success,
1789925821.557779,GET,GET /api/v1/reservas,6.295262,200,success,
1789925821.624241,GET,GET /api/v1/reservas/{id},8.155711,200,success,
1789925821.635841,GET,GET /api/v1/reservas,9.247527,200,success,
1789925821.637784,GET,GET /api/v1/reservas/{id},5.446654,200,success,
1789925821.756454,GET,GET /api/v1/reservas/{id},6.346479,200,success,
1789925821.820358,GET,GET /api/v1/reservas/{id},5.911259,200,success,
1789925821.832387,GET,GET /api/v1/reservas,6.702177,200,success,
1789925821.861743,GET,GET /api/v1/reservas,7.323951,200,success,
1789925821.938661,GET,GET /api/v1/reservas,6.511289,200,success,
1789925821.942685,GET,GET /api/v1/reservas,5.597635,200,success,
1789925821.945132,GET,GET /api/v1/reservas/{id},4.268639,200,success,
1789925821.952413,GET,GET /api/v1/reservas,5.004605,200,success,
1789925821.999579,GET,GET /api/v1/reservas/{id},4.933978,200,success,
1789925822.042919,GET,GET /api/v1/reservas,6.025934,200,success,
1789925822.074674,GET,GET /api/v1/reservas,6.373060,200,success,
1789925822.100182,GET,GET /api/v1/reservas,6.150451,200,success,
1789925822.121950,GET,GET /api/v1/reservas,6.437456,200,success,
1789925822.231910,GET,GET /api/v1/reservas,6.561745,200,success,
1789925822.254404,GET,GET /api/v1/reservas,6.195771,200,success,
1789925822.318320,GET,GET /api/v1/reservas,6.598460,200,success,
1789925822.353298,GET,GET /api/v1/reservas,8.613836,200,success,
1789925822.354019,GET,GET /api/v1/reservas,8.705565,200,success,
1789925822.479243,GET,GET /api/v1/reservas,6.797183,200,success,
1789925822.591700,GET,GET /api/v1/reservas,7.051717,200,success,
1789925822.597436,GET,GET /api/v1/reservas/{id},4.540422,200,success,
1789925822.727149,GET,GET /api/v1/reservas,6.237044,200,success,
1789925822.735296,GET,GET /api/v1/reservas,5.844388,200,success,
1789925822.737009,GET,GET /api/v1/reservas,5.894424,200,success,
1789925822.737385,GET,GET /api/v1/reservas,5.965992,200,success,
1789925822.755580,GET,GET /api/v1/reservas,4.922441,200,success,
1789925822.769657,GET,GET /api/v1/reservas/{id},3.888173,200,success,
1789925822.785032,GET,GET /api/v1/reservas,6.082700,200,success,
1789925822.829572,GET,GET /api/v1/reservas,6.195801,200,success,
1789925822.837688,GET,GET /api/v1/reservas,4.833595,200,success,
1789925822.847197,GET,GET /api/v1/reservas,5.220932,200,success,
1789925822.893606,GET,GET /api/v1/reservas,8.346149,200,success,
1789925822.936222,GET,GET /api/v1/reservas,6.276654,200,success,
1789925822.977150,GET,GET /api/v1/reservas/{id},5.720920,200,success,
1789925823.003468,GET,GET /api/v1/reservas/{id},4.115468,200,success,
1789925823.076057,GET,GET /api/v1/reservas,6.189790,200,success,
1789925823.099242,GET,GET /api/v1/reservas,5.853732,200,success,
1789925823.126207,GET,GET /api/v1/reservas,5.670255,200,success,
1789925823.149649,GET,GET /api/v1/reservas,6.127598,200,success,
1789925823.288768,GET,GET /api/v1/reservas/{id},5.771298,200,success,
1789925823.367520,GET,GET /api/v1/reservas,6.353410,200,success,
1789925823.461519,GET,GET /api/v1/reservas,8.273280,200,success,
1789925823.472652,GET,GET /api/v1/reservas,5.829325,200,success,
1789925823.508154,GET,GET /api/v1/reservas,7.094914,200,success,
1789925823.513327,GET,GET /api/v1/reservas,6.415494,200,success,
1789925823.698395,GET,GET /api/v1/reservas,6.578181,200,success,
1789925823.718906,GET,GET /api/v1/reservas/{id},5.265341,200,success,
1789925823.762642,GET,GET /api/v1/reservas/{id},10.709142,200,success,
1789925823.766385,GET,GET /api/v1/reservas,21.374556,200,success,
1789925823.785425,GET,GET /api/v1/reservas,6.741668,200,success,
1789925823.798139,GET,GET /api/v1/reservas,6.408633,200,success,
1789925823.918318,GET,GET /api/v1/reservas/{id},5.169796,200,success,
1789925823.959041,GET,GET /api/v1/reservas,6.347801,200,success,
1789925823.991011,GET,GET /api/v1/reservas,6.611420,200,success,
1789925824.031579,GET,GET /api/v1/reservas,7.180754,200,success,
1789925824.085867,GET,GET /api/v1/reservas,6.907299,200,success,
1789925824.131399,GET,GET /api/v1/reservas,7.192912,200,success,
1789925824.131819,GET,GET /api/v1/reservas,7.147834,200,success,
1789925824.146241,GET,GET /api/v1/reservas,6.168328,200,success,
1789925824.205840,GET,GET /api/v1/reservas/{id},5.334315,200,success,
1789925824.241160,GET,GET /api/v1/reservas,6.946078,200,success,
1789925824.277874,GET,GET /api/v1/reservas,6.836781,200,success,
1789925824.278378,GET,GET /api/v1/reservas,7.919153,200,success,
1789925824.310330,GET,GET /api/v1/reservas,6.601145,200,success,
1789925824.345216,GET,GET /api/v1/reservas,8.353470,200,success,
1789925824.371313,GET,GET /api/v1/reservas/{id},6.814759,200,success,
1789925824.491586,GET,GET /api/v1/reservas/{id},6.914070,200,success,
1789925824.553135,GET,GET /api/v1/reservas,7.141754,200,success,
1789925824.561411,GET,GET /api/v1/reservas/{id},5.044425,200,success,
1789925824.576412,GET,GET /api/v1/reservas,6.654335,200,success,
1789925824.603090,GET,GET /api/v1/reservas,8.798325,200,success,
1789925824.635339,GET,GET /api/v1/reservas,6.881000,200,success,
1789925824.660397,GET,GET /api/v1/reservas,6.706285,200,success,
1789925824.702772,GET,GET /api/v1/reservas/{id},5.130165,200,success,
1789925824.815063,GET,GET /api/v1/reservas,6.870854,200,success,
1789925824.828152,GET,GET /api/v1/reservas,5.723786,200,success,
1789925824.833335,GET,GET /api/v1/reservas,4.967779,200,success,
1789925824.851965,GET,GET /api/v1/reservas,6.289883,200,success,
1789925824.852417,GET,GET /api/v1/reservas,5.072528,200,success,
1789925824.914750,GET,GET /api/v1/reservas/{id},5.436259,200,success,
1789925824.925624,GET,GET /api/v1/reservas/{id},4.658019,200,success,
1789925824.948406,GET,GET /api/v1/reservas,6.425449,200,success,
1789925824.950280,GET,GET /api/v1/reservas,5.578144,200,success,
1789925824.977017,GET,GET /api/v1/reservas,6.420562,200,success,
1789925825.027528,GET,GET /api/v1/reservas/{id},5.244689,200,success,
1789925825.087239,GET,GET /api/v1/reservas/{id},5.437992,200,success,
1789925825.177209,GET,GET /api/v1/reservas,6.593393,200,success,
1789925825.218168,GET,GET /api/v1/reservas/{id},5.689753,200,success,
1789925825.251060,GET,GET /api/v1/reservas,6.541854,200,success,
1789925825.261780,GET,GET /api/v1/reservas,6.368282,200,success,
1789925825.274260,GET,GET /api/v1/reservas,6.153666,200,success,
1789925825.281541,GET,GET /api/v1/reservas,5.944079,200,success,
1789925825.358607,GET,GET /api/v1/reservas,6.670189,200,success,
1789925825.400821,GET,GET /api/v1/reservas,6.862471,200,success,
1789925825.648118,GET,GET /api/v1/reservas,6.858254,200,success,
1789925825.651901,GET,GET /api/v1/reservas,5.703023,200,success,
1789925825.700764,GET,GET /api/v1/reservas/{id},5.611085,200,success,
1789925825.755032,GET,GET /api/v1/reservas/{id},4.996873,200,success,
1789925825.794959,GET,GET /api/v1/reservas,6.182711,200,success,
1789925825.825054,GET,GET /api/v1/reservas/{id},4.859616,200,success,
1789925825.880664,GET,GET /api/v1/reservas/{id},5.566116,200,success,
1789925825.881274,GET,GET /api/v1/reservas,5.636663,200,success,
1789925825.902961,GET,GET /api/v1/reservas,6.353760,200,success,
1789925825.914111,GET,GET /api/v1/reservas,5.789705,200,success,
1789925826.008236,GET,GET /api/v1/reservas/{id},5.830617,200,success,
1789925826.008651,GET,GET /api/v1/reservas/{id},4.418727,200,success,
1789925826.045980,GET,GET /api/v1/reservas,7.022985,200,success,
1789925826.060789,GET,GET /api/v1/reservas,6.464577,200,success,
1789925826.082791,GET,GET /api/v1/reservas,6.629477,200,success,
1789925826.119843,GET,GET /api/v1/reservas,7.625417,200,success,
1789925826.213382,GET,GET /api/v1/reservas,7.110286,200,success,
1789925826.255432,GET,GET /api/v1/reservas,6.671882,200,success,
1789925826.270786,GET,GET /api/v1/reservas/{id},8.128440,200,success,
1789925826.303451,GET,GET /api/v1/reservas,7.231141,200,success,
1789925826.323299,GET,GET /api/v1/reservas,8.450828,200,success,
1789925826.327233,GET,GET /api/v1/reservas,7.259593,200,success,
1789925826.379691,GET,GET /api/v1/reservas,7.074273,200,success,
1789925826.393109,GET,GET /api/v1/reservas,7.068053,200,success,
1789925826.457462,GET,GET /api/v1/reservas,6.964766,200,success,
1789925826.477670,GET,GET /api/v1/reservas,6.851415,200,success,
1789925826.481708,GET,GET /api/v1/reservas/{id},5.107411,200,success,
1789925826.575142,GET,GET /api/v1/reservas/{id},7.461309,200,success,
1789925826.576312,GET,GET /api/v1/reservas,9.189548,200,success,
1789925826.675222,GET,GET /api/v1/reservas,7.450642,200,success,
1789925826.697376,GET,GET /api/v1/reservas,10.774220,200,success,
1789925826.698275,GET,GET /api/v1/reservas,7.806682,200,success,
1789925826.826204,GET,GET /api/v1/reservas,7.419946,200,success,
1789925826.932041,GET,GET /api/v1/reservas,6.720066,200,success,
1789925826.946888,GET,GET /api/v1/reservas,6.534053,200,success,
1789925826.959694,GET,GET /api/v1/reservas/{id},4.585249,200,success,
1789925826.968657,GET,GET /api/v1/reservas,5.661831,200,success,
1789925827.036105,GET,GET /api/v1/reservas,7.068753,200,success,
1789925827.074880,GET,GET /api/v1/reservas,8.150233,200,success,
1789925827.101630,GET,GET /api/v1/reservas,6.396664,200,success,
1789925827.122316,GET,GET /api/v1/reservas/{id},5.437842,200,success,
1789925827.155466,GET,GET /api/v1/reservas,6.749410,200,success,
1789925827.235093,GET,GET /api/v1/reservas,7.232612,200,success,
1789925827.332316,GET,GET /api/v1/reservas,6.797502,200,success,
1789925827.367358,GET,GET /api/v1/reservas/{id},5.738537,200,success,
1789925827.369015,GET,GET /api/v1/reservas,5.431182,200,success,
1789925827.397564,GET,GET /api/v1/reservas/{id},6.303614,200,success,
1789925827.399039,GET,GET /api/v1/reservas,5.751998,200,success,
1789925827.401090,GET,GET /api/v1/reservas/{id},4.424566,200,success,
1789925827.411205,GET,GET /api/v1/reservas/{id},4.918744,200,success,
1789925827.424730,GET,GET /api/v1/reservas,6.175690,200,success,
1789925827.466259,GET,GET /api/v1/reservas,5.330519,200,success,
1789925827.466660,GET,GET /api/v1/reservas,7.621161,200,success,
1789925827.550860,GET,GET /api/v1/reservas,6.867347,200,success,
1789925827.556737,GET,GET /api/v1/reservas/{id},4.095037,200,success,
1789925827.557252,GET,GET /api/v1/reservas,6.173667,200,success,
1789925827.595370,GET,GET /api/v1/reservas,6.785585,200,success,
1789925827.630603,GET,GET /api/v1/reservas,6.834849,200,success,
1789925827.633951,GET,GET /api/v1/reservas/{id},5.360225,200,success,
1789925827.649426,GET,GET /api/v1/reservas,6.155730,200,success,
1789925827.686494,GET,GET /api/v1/reservas,6.684471,200,success,
1789925827.758125,GET,GET /api/v1/reservas,6.274060,200,success,
1789925827.815252,GET,GET /api/v1/reservas,7.264721,200,success,
1789925827.815711,GET,GET /api/v1/reservas/{id},4.917734,200,success,
1789925827.865178,GET,GET /api/v1/reservas,7.100692,200,success,
1789925827.905540,GET,GET /api/v1/reservas,7.012899,200,success,
1789925828.015538,GET,GET /api/v1/reservas,7.588542,200,success,
1789925828.022908,GET,GET /api/v1/reservas,6.010080,200,success,
1789925828.058892,GET,GET /api/v1/reservas,6.618571,200,success,
1789925828.125005,GET,GET /api/v1/reservas,6.753065,200,success,
1789925828.229867,GET,GET /api/v1/reservas/{id},5.515519,200,success,
1789925828.234300,GET,GET /api/v1/reservas,5.975998,200,success,
1789925828.319700,GET,GET /api/v1/reservas,7.025869,200,success,
1789925828.352106,GET,GET /api/v1/reservas,7.038769,200,success,
1789925828.359279,GET,GET /api/v1/reservas,5.886442,200,success,
1789925828.393462,GET,GET /api/v1/reservas,6.778173,200,success,
1789925828.403011,GET,GET /api/v1/reservas,6.186017,200,success,
1789925828.435976,GET,GET /api/v1/reservas,6.613453,200,success,
1789925828.447333,GET,GET /api/v1/reservas/{id},5.100020,200,success,
1789925828.450345,GET,GET /api/v1/reservas/{id},4.368410,200,success,
1789925828.622303,GET,GET /api/v1/reservas,7.427868,200,success,
1789925828.648545,GET,GET /api/v1/reservas,6.867448,200,success,
1789925828.670439,GET,GET /api/v1/reservas/{id},5.604364,200,success,
1789925828.802786,GET,GET /api/v1/reservas,6.864354,200,success,
1789925828.828900,GET,GET /api/v1/reservas/{id},5.828063,200,success,
1789925828.833162,GET,GET /api/v1/reservas,7.113051,200,success,
1789925828.882319,GET,GET /api/v1/reservas/{id},6.157883,200,success,
1789925828.896066,GET,GET /api/v1/reservas/{id},7.506488,200,success,
1789925828.898015,GET,GET /api/v1/reservas,7.101333,200,success,
1789925828.915942,GET,GET /api/v1/reservas,12.573477,200,success,
1789925828.994721,GET,GET /api/v1/reservas,8.285368,200,success,
1789925829.045026,GET,GET /api/v1/reservas,7.870159,200,success,
1789925829.045607,GET,GET /api/v1/reservas/{id},6.133636,200,success,
1789925829.046172,GET,GET /api/v1/reservas,11.080265,200,success,
1789925829.082532,GET,GET /api/v1/reservas,6.977505,200,success,
1789925829.116423,GET,GET /api/v1/reservas,12.493155,200,success,
1789925829.179750,GET,GET /api/v1/reservas,6.407942,200,success,
1789925829.260754,GET,GET /api/v1/reservas,7.601240,200,success,
1789925829.282290,GET,GET /api/v1/reservas,8.096361,200,success,
1789925829.285117,GET,GET /api/v1/reservas,6.099995,200,success,
1789925829.310101,GET,GET /api/v1/reservas,6.606593,200,success,
1789925829.386685,GET,GET /api/v1/reservas,7.212011,200,success,
1789925829.413144,GET,GET /api/v1/reservas,7.053049,200,success,
1789925829.426093,GET,GET /api/v1/reservas,6.588556,200,success,
1789925829.488756,GET,GET /api/v1/reservas,6.336404,200,success,
1789925829.506466,GET,GET /api/v1/reservas,5.382728,200,success,
1789925829.621864,GET,GET /api/v1/reservas,7.013269,200,success,
1789925829.626696,GET,GET /api/v1/reservas,5.624986,200,success,
1789925829.667065,GET,GET /api/v1/reservas/{id},5.131238,200,success,
1789925829.917456,GET,GET /api/v1/reservas,6.659041,200,success,
1789925829.956046,GET,GET /api/v1/reservas,7.255767,200,success,
1789925829.964357,GET,GET /api/v1/reservas/{id},4.119494,200,success,
1789925829.998660,GET,GET /api/v1/reservas,7.891581,200,success,
1789925830.047842,GET,GET /api/v1/reservas,8.182403,200,success,
1789925830.049574,GET,GET /api/v1/reservas,7.610293,200,success,
1789925830.140312,GET,GET /api/v1/reservas/{id},6.417347,200,success,
1789925830.167406,GET,GET /api/v1/reservas,6.664371,200,success,
1789925830.237961,GET,GET /api/v1/reservas,7.159502,200,success,
1789925830.266092,GET,GET /api/v1/reservas,6.758404,200,success,
1789925830.312719,GET,GET /api/v1/reservas/{id},5.375938,200,success,
1789925830.339126,GET,GET /api/v1/reservas/{id},5.141232,200,success,
1789925830.354469,GET,GET /api/v1/reservas,7.002573,200,success,
1789925830.355040,GET,GET /api/v1/reservas,5.899982,200,success,
1789925830.375540,GET,GET /api/v1/reservas,7.982059,200,success,
1789925830.383475,GET,GET /api/v1/reservas,5.597795,200,success,
1789925830.552374,GET,GET /api/v1/reservas/{id},5.564174,200,success,
1789925830.553956,GET,GET /api/v1/reservas,5.184669,200,success,
1789925830.627681,GET,GET /api/v1/reservas/{id},5.444662,200,success,
1789925830.653312,GET,GET /api/v1/reservas/{id},5.369158,200,success,
1789925830.693368,GET,GET /api/v1/reservas,6.675628,200,success,
1789925830.708965,GET,GET /api/v1/reservas/{id},5.367545,200,success,
1789925830.709825,GET,GET /api/v1/reservas,5.706880,200,success,
1789925830.759897,GET,GET /api/v1/reservas,6.730060,200,success,
1789925830.814030,GET,GET /api/v1/reservas,6.776642,200,success,
1789925830.901170,GET,GET /api/v1/reservas/{id},5.133310,200,success,
1789925830.915573,GET,GET /api/v1/reservas,6.123131,200,success,
1789925831.027871,GET,GET /api/v1/reservas,6.864034,200,success,
1789925831.062146,GET,GET /api/v1/reservas/{id},4.173446,200,success,
1789925831.062640,GET,GET /api/v1/reservas,6.394061,200,success,
1789925831.115843,GET,GET /api/v1/reservas,6.841779,200,success,
1789925831.117907,GET,GET /api/v1/reservas,5.138889,200,success,
1789925831.154011,GET,GET /api/v1/reservas/{id},4.854217,200,success,
1789925831.163273,GET,GET /api/v1/reservas,4.975462,200,success,
1789925831.194179,GET,GET /api/v1/reservas,6.561915,200,success,
1789925831.296665,GET,GET /api/v1/reservas,7.540689,200,success,
1789925831.297251,GET,GET /api/v1/reservas,8.671303,200,success,
1789925831.324182,GET,GET /api/v1/reservas,7.498345,200,success,
1789925831.324683,GET,GET /api/v1/reservas,7.677465,200,success,
1789925831.370124,GET,GET /api/v1/reservas,8.102000,200,success,
1789925831.429431,GET,GET /api/v1/reservas/{id},5.997020,200,success,
1789925831.442530,GET,GET /api/v1/reservas,6.783832,200,success,
1789925831.512455,GET,GET /api/v1/reservas,8.554316,200,success,
1789925831.588217,GET,GET /api/v1/reservas,7.326374,200,success,
1789925831.607295,GET,GET /api/v1/reservas,6.701708,200,success,
1789925831.641787,GET,GET /api/v1/reservas,13.117692,200,success,
1789925831.648008,GET,GET /api/v1/reservas/{id},4.021255,200,success,
1789925831.678319,GET,GET /api/v1/reservas,6.021566,200,success,
1789925831.768646,GET,GET /api/v1/reservas,6.951967,200,success,
1789925831.791014,GET,GET /api/v1/reservas/{id},5.117698,200,success,
1789925831.812325,GET,GET /api/v1/reservas,6.034868,200,success,
1789925831.835901,GET,GET /api/v1/reservas,6.280469,200,success,
1789925831.851632,GET,GET /api/v1/reservas,5.425213,200,success,
1789925831.903526,GET,GET /api/v1/reservas,6.918015,200,success,
1789925831.903932,GET,GET /api/v1/reservas,6.879217,200,success,
1789925832.006958,GET,GET /api/v1/reservas,6.707546,200,success,
1789925832.036264,GET,GET /api/v1/reservas,6.923322,200,success,
1789925832.048427,GET,GET /api/v1/reservas,5.825800,200,success,
1789925832.065165,GET,GET /api/v1/reservas/{id},6.439620,200,success,
1789925832.095784,GET,GET /api/v1/reservas,8.170112,200,success,
1789925832.138268,GET,GET /api/v1/reservas,8.103192,200,success,
1789925832.166311,GET,GET /api/v1/reservas,9.515141,200,success,
1789925832.261708,GET,GET /api/v1/reservas/{id},5.092398,200,success,
1789925832.521442,GET,GET /api/v1/reservas,6.383876,200,success,
1789925832.542358,GET,GET /api/v1/reservas/{id},4.707816,200,success,
1789925832.582250,GET,GET /api/v1/reservas,5.581298,200,success,
1789925832.653455,GET,GET /api/v1/reservas/{id},4.946968,200,success,
1789925832.689901,GET,GET /api/v1/reservas/{id},5.195925,200,success,
1789925832.703496,GET,GET /api/v1/reservas,5.262858,200,success,
1789925832.741419,GET,GET /api/v1/reservas/{id},5.672878,200,success,
1789925832.745234,GET,GET /api/v1/reservas/{id},4.598500,200,success,
1789925832.751311,GET,GET /api/v1/reservas,4.813866,200,success,
1789925832.816601,GET,GET /api/v1/reservas,8.929183,200,success,
1789925832.832404,GET,GET /api/v1/reservas,5.503502,200,success,
1789925832.882862,GET,GET /api/v1/reservas,6.454893,200,success,
1789925832.942157,GET,GET /api/v1/reservas,6.900940,200,success,
1789925832.993436,GET,GET /api/v1/reservas,5.928165,200,success,
1789925833.054847,GET,GET /api/v1/reservas,6.083701,200,success,
1789925833.072490,GET,GET /api/v1/reservas,5.320775,200,success,
1789925833.103261,GET,GET /api/v1/reservas,5.474838,200,success,
1789925833.135812,GET,GET /api/v1/reservas,6.241219,200,success,
1789925833.149979,GET,GET /api/v1/reservas,4.890744,200,success,
1789925833.186572,GET,GET /api/v1/reservas/{id},3.651455,200,success,
1789925833.187277,GET,GET /api/v1/reservas,5.977459,200,success,
1789925833.220810,GET,GET /api/v1/reservas,5.250538,200,success,
1789925833.291452,GET,GET /api/v1/reservas,10.276176,200,success,
1789925833.308366,GET,GET /api/v1/reservas,5.644104,200,success,
1789925833.364713,GET,GET /api/v1/reservas,14.886603,200,success,
1789925833.403385,GET,GET /api/v1/reservas,6.329853,200,success,
1789925833.425377,GET,GET /api/v1/reservas,6.632412,200,success,
1789925833.463075,GET,GET /api/v1/reservas,22.265567,200,success,
1789925833.464962,GET,GET /api/v1/reservas/{id},10.275505,200,success,
1789925833.487364,GET,GET /api/v1/reservas/{id},5.130437,200,success,
1789925833.551214,GET,GET /api/v1/reservas,6.474583,200,success,
1789925833.554332,GET,GET /api/v1/reservas,4.769960,200,success,
1789925833.562194,GET,GET /api/v1/reservas,4.568995,200,success,
1789925833.629098,GET,GET /api/v1/reservas,6.527153,200,success,
1789925833.651827,GET,GET /api/v1/reservas/{id},4.505128,200,success,
1789925833.777547,GET,GET /api/v1/reservas,20.991255,200,success,
1789925833.792803,GET,GET /api/v1/reservas,5.932562,200,success,
1789925833.887167,GET,GET /api/v1/reservas,6.297645,200,success,
1789925833.894899,GET,GET /api/v1/reservas,4.476885,200,success,
1789925833.975561,GET,GET /api/v1/reservas,7.297721,200,success,
1789925833.977061,GET,GET /api/v1/reservas,5.945242,200,success,
1789925834.006602,GET,GET /api/v1/reservas/{id},5.305521,200,success,
1789925834.009440,GET,GET /api/v1/reservas,5.219351,200,success,
1789925834.118690,GET,GET /api/v1/reservas/{id},5.934435,200,success,
1789925834.121762,GET,GET /api/v1/reservas,6.019032,200,success,
1789925834.125005,GET,GET /api/v1/reservas,5.012908,200,success,
1789925834.180634,GET,GET /api/v1/reservas,6.315261,200,success,
1789925834.187768,GET,GET /api/v1/reservas,4.871173,200,success,
1789925834.319621,GET,GET /api/v1/reservas/{id},5.518735,200,success,
1789925834.361339,GET,GET /api/v1/reservas,6.403045,200,success,
1789925834.391002,GET,GET /api/v1/reservas/{id},3.775583,200,success,
1789925834.392127,GET,GET /api/v1/reservas,5.467596,200,success,
1789925834.408910,GET,GET /api/v1/reservas,4.508655,200,success,
1789925834.420371,GET,GET /api/v1/reservas,5.165309,200,success,
1789925834.516157,GET,GET /api/v1/reservas,7.410211,200,success,
1789925834.517576,GET,GET /api/v1/reservas,5.994365,200,success,
1789925834.555576,GET,GET /api/v1/reservas,6.695108,200,success,
1789925834.621326,GET,GET /api/v1/reservas/{id},5.470922,200,success,
1789925834.642900,GET,GET /api/v1/reservas,6.243002,200,success,
1789925834.659065,GET,GET /api/v1/reservas,5.835444,200,success,
1789925834.687932,GET,GET /api/v1/reservas,7.515682,200,success,
1789925834.701056,GET,GET /api/v1/reservas,9.701695,200,success,
1789925834.727684,GET,GET /api/v1/reservas,8.300269,200,success,
1789925834.752354,GET,GET /api/v1/reservas,7.349109,200,success,
1789925834.793600,GET,GET /api/v1/reservas/{id},6.508855,200,success,
1789925834.877940,GET,GET /api/v1/reservas,7.052990,200,success,
1789925834.965547,GET,GET /api/v1/reservas/{id},5.268214,200,success,
1789925835.000893,GET,GET /api/v1/reservas,8.030972,200,success,
1789925835.011837,GET,GET /api/v1/reservas,5.670475,200,success,
1789925835.073980,GET,GET /api/v1/reservas,5.808024,200,success,
1789925835.181871,GET,GET /api/v1/reservas,6.477257,200,success,
1789925835.202413,GET,GET /api/v1/reservas,7.207074,200,success,
1789925835.218219,GET,GET /api/v1/reservas,7.482591,200,success,
1789925835.289731,GET,GET /api/v1/reservas/{id},5.222806,200,success,
1789925835.301886,GET,GET /api/v1/reservas/{id},4.916903,200,success,
1789925835.326548,GET,GET /api/v1/reservas/{id},5.404171,200,success,
1789925835.360356,GET,GET /api/v1/reservas,7.435819,200,success,
1789925835.380561,GET,GET /api/v1/reservas,5.877357,200,success,
1789925835.463625,GET,GET /api/v1/reservas,6.691661,200,success,
1789925835.487283,GET,GET /api/v1/reservas,6.322021,200,success,
1789925835.496706,GET,GET /api/v1/reservas,5.124716,200,success,
1789925835.544398,GET,GET /api/v1/reservas,6.351456,200,success,
1789925835.591225,GET,GET /api/v1/reservas,6.473100,200,success,
1789925835.613188,GET,GET /api/v1/reservas/{id},4.735647,200,success,
1789925835.670763,GET,GET /api/v1/reservas,6.217884,200,success,
1789925835.671186,GET,GET /api/v1/reservas,4.920648,200,success,
1789925835.682783,GET,GET /api/v1/reservas/{id},3.454215,200,success,
1789925835.830403,GET,GET /api/v1/reservas,6.364977,200,success,
1789925835.838467,GET,GET /api/v1/reservas,4.800045,200,success,
1789925835.888845,GET,GET /api/v1/reservas/{id},4.324324,200,success,
1789925835.936213,GET,GET /api/v1/reservas,6.055789,200,success,
1789925835.957475,GET,GET /api/v1/reservas,4.961941,200,success,
1789925835.969160,GET,GET /api/v1/reservas/{id},3.503921,200,success,
1789925836.102774,GET,GET /api/v1/reservas/{id},5.293493,200,success,
1789925836.171814,GET,GET /api/v1/reservas/{id},4.755067,200,success,
1789925836.198319,GET,GET /api/v1/reservas,5.194153,200,success,
1789925836.241416,GET,GET /api/v1/reservas,5.752068,200,success,
1789925836.263402,GET,GET /api/v1/reservas,5.657224,200,success,
1789925836.284314,GET,GET /api/v1/reservas,4.598750,200,success,
1789925836.297912,GET,GET /api/v1/reservas,4.340919,200,success,
1789925836.325594,GET,GET /api/v1/reservas,6.442945,200,success,
1789925836.325925,GET,GET /api/v1/reservas/{id},4.683919,200,success,
1789925836.382866,GET,GET /api/v1/reservas/{id},4.721876,200,success,
1789925836.417967,GET,GET /api/v1/reservas,5.768023,200,success,
1789925836.663072,GET,GET /api/v1/reservas,6.537809,200,success,
1789925836.806872,GET,GET /api/v1/reservas,6.384077,200,success,
1789925836.856517,GET,GET /api/v1/reservas,7.280434,200,success,
1789925836.946519,GET,GET /api/v1/reservas,7.940285,200,success,
1789925836.950707,GET,GET /api/v1/reservas,5.382008,200,success,
1789925836.989640,GET,GET /api/v1/reservas,12.563342,200,success,
1789925837.003974,GET,GET /api/v1/reservas,8.962754,200,success,
1789925837.011005,GET,GET /api/v1/reservas,7.993275,200,success,
1789925837.034482,GET,GET /api/v1/reservas,8.068579,200,success,
1789925837.057510,GET,GET /api/v1/reservas/{id},5.747852,200,success,
1789925837.060182,GET,GET /api/v1/reservas/{id},4.473831,200,success,
1789925837.165686,GET,GET /api/v1/reservas,6.099025,200,success,
1789925837.203693,GET,GET /api/v1/reservas,6.696159,200,success,
1789925837.229290,GET,GET /api/v1/reservas,6.310484,200,success,
1789925837.266023,GET,GET /api/v1/reservas,5.383760,200,success,
1789925837.272482,GET,GET /api/v1/reservas,4.201939,200,success,
1789925837.303756,GET,GET /api/v1/reservas,4.997855,200,success,
1789925837.330656,GET,GET /api/v1/reservas/{id},4.689337,200,success,
1789925837.364109,GET,GET /api/v1/reservas/{id},5.208555,200,success,
1789925837.375496,GET,GET /api/v1/reservas/{id},4.180035,200,success,
1789925837.425875,GET,GET /api/v1/reservas,6.070170,200,success,
1789925837.430710,GET,GET /api/v1/reservas,4.602135,200,success,
1789925837.474616,GET,GET /api/v1/reservas,5.593838,200,success,
1789925837.547789,GET,GET /api/v1/reservas,5.829756,200,success,
1789925837.572310,GET,GET /api/v1/reservas,5.206020,200,success,
1789925837.576266,GET,GET /api/v1/reservas,4.666514,200,success,
1789925837.708381,GET,GET /api/v1/reservas,6.684301,200,success,
1789925837.708740,GET,GET /api/v1/reservas/{id},5.240202,200,success,
1789925837.718257,GET,GET /api/v1/reservas,5.240423,200,success,
1789925837.728371,GET,GET /api/v1/reservas,4.820025,200,success,
1789925837.805225,GET,GET /api/v1/reservas/{id},5.109224,200,success,
1789925837.908925,GET,GET /api/v1/reservas,6.588927,200,success,
1789925837.923280,GET,GET /api/v1/reservas,6.984846,200,success,
1789925837.924696,GET,GET /api/v1/reservas,5.629583,200,success,
1789925837.925100,GET,GET /api/v1/reservas,5.403951,200,success,
1789925838.001732,GET,GET /api/v1/reservas,17.080539,200,success,
1789925838.035688,GET,GET /api/v1/reservas,8.501675,200,success,
1789925838.058262,GET,GET /api/v1/reservas/{id},5.341998,200,success,
1789925838.066883,GET,GET /api/v1/reservas,5.298990,200,success,
1789925838.069952,GET,GET /api/v1/reservas,4.553962,200,success,
1789925838.078498,GET,GET /api/v1/reservas,4.219996,200,success,
1789925838.093500,GET,GET /api/v1/reservas,4.735577,200,success,
1789925838.152306,GET,GET /api/v1/reservas/{id},4.570498,200,success,
1789925838.165367,GET,GET /api/v1/reservas,4.803530,200,success,
1789925838.207419,GET,GET /api/v1/reservas,5.723955,200,success,
1789925838.307233,GET,GET /api/v1/reservas/{id},5.534599,200,success,
1789925838.336779,GET,GET /api/v1/reservas/{id},5.285931,200,success,
1789925838.431258,GET,GET /api/v1/reservas,7.052649,200,success,
1789925838.431757,GET,GET /api/v1/reservas,5.792229,200,success,
1789925838.492765,GET,GET /api/v1/reservas,5.646458,200,success,
1789925838.495245,GET,GET /api/v1/reservas,4.432257,200,success,
1789925838.513850,GET,GET /api/v1/reservas,4.378997,200,success,
1789925838.520271,GET,GET /api/v1/reservas/{id},3.260431,200,success,
1789925838.554700,GET,GET /api/v1/reservas,5.155785,200,success,
1789925838.747972,GET,GET /api/v1/reservas,6.785915,200,success,
1789925838.767190,GET,GET /api/v1/reservas,5.913693,200,success,
1789925838.836754,GET,GET /api/v1/reservas,6.202000,200,success,
1789925838.857197,GET,GET /api/v1/reservas,5.140631,200,success,
1789925838.883257,GET,GET /api/v1/reservas,5.079699,200,success,
1789925838.925058,GET,GET /api/v1/reservas/{id},4.582646,200,success,
1789925838.948514,GET,GET /api/v1/reservas,5.130866,200,success,
1789925838.961531,GET,GET /api/v1/reservas,4.719042,200,success,
1789925839.041907,GET,GET /api/v1/reservas,6.002307,200,success,
1789925839.073526,GET,GET /api/v1/reservas,5.262196,200,success,
1789925839.139915,GET,GET /api/v1/reservas/{id},5.182274,200,success,
1789925839.207295,GET,GET /api/v1/reservas,6.946238,200,success,
1789925839.212434,GET,GET /api/v1/reservas/{id},6.535125,200,success,
1789925839.214271,GET,GET /api/v1/reservas,8.892237,200,success,
1789925839.279106,GET,GET /api/v1/reservas/{id},6.557468,200,success,
1789925839.299212,GET,GET /api/v1/reservas,9.725631,200,success,
1789925839.481244,GET,GET /api/v1/reservas,6.468974,200,success,
1789925839.604067,GET,GET /api/v1/reservas,6.364406,200,success,
1789925839.622455,GET,GET /api/v1/reservas/{id},5.159009,200,success,
1789925839.633683,GET,GET /api/v1/reservas/{id},4.037850,200,success,
1789925839.650232,GET,GET /api/v1/reservas/{id},4.348782,200,success,
1789925839.691121,GET,GET /api/v1/reservas/{id},4.665472,200,success,
1789925839.705664,GET,GET /api/v1/reservas,5.235945,200,success,
1789925839.722261,GET,GET /api/v1/reservas,5.316478,200,success,
1789925839.740618,GET,GET /api/v1/reservas,5.029474,200,success,
1789925839.879589,GET,GET /api/v1/reservas,6.106876,200,success,
1789925839.887043,GET,GET /api/v1/reservas,4.201378,200,success,
1789925839.902620,GET,GET /api/v1/reservas,4.332667,200,success,
1789925839.912261,GET,GET /api/v1/reservas,4.414441,200,success,
1789925839.937350,GET,GET /api/v1/reservas/{id},3.910186,200,success,
1789925839.951979,GET,GET /api/v1/reservas,4.357525,200,success,
1789925839.998567,GET,GET /api/v1/reservas,5.248336,200,success,
1789925840.037098,GET,GET /api/v1/reservas,6.165194,200,success,
1789925840.047460,GET,GET /api/v1/reservas,5.016873,200,success,
1789925840.050709,GET,GET /api/v1/reservas,4.669478,200,success,
1789925840.126256,GET,GET /api/v1/reservas,6.162561,200,success,
1789925840.152476,GET,GET /api/v1/reservas/{id},4.010669,200,success,
1789925840.197264,GET,GET /api/v1/reservas,5.502489,200,success,
1789925840.211628,GET,GET /api/v1/reservas,5.054461,200,success,
1789925840.217608,GET,GET /api/v1/reservas,4.709177,200,success,
1789925840.239075,GET,GET /api/v1/reservas,5.137237,200,success,
1789925840.282055,GET,GET /api/v1/reservas,7.630486,200,success,
1789925840.378586,GET,GET /api/v1/reservas,20.321201,200,success,
1789925840.457322,GET,GET /api/v1/reservas,7.212080,200,success,
1789925840.579491,GET,GET /api/v1/reservas/{id},4.844503,200,success,
1789925840.639733,GET,GET /api/v1/reservas,5.924039,200,success,
1789925840.647637,GET,GET /api/v1/reservas,4.648647,200,success,
1789925840.693007,GET,GET /api/v1/reservas/{id},4.158803,200,success,
1789925840.765957,GET,GET /api/v1/reservas,6.172145,200,success,
1789925840.800761,GET,GET /api/v1/reservas,7.438955,200,success,
1789925840.852717,GET,GET /api/v1/reservas,6.589998,200,success,
1789925840.932729,GET,GET /api/v1/reservas,5.972833,200,success,
1789925840.944501,GET,GET /api/v1/reservas/{id},3.591613,200,success,
1789925840.993846,GET,GET /api/v1/reservas,5.060449,200,success,
1789925841.025458,GET,GET /api/v1/reservas,5.420966,200,success,
1789925841.026242,GET,GET /api/v1/reservas,8.145095,200,success,
1789925841.106629,GET,GET /api/v1/reservas/{id},5.125568,200,success,
1789925841.128542,GET,GET /api/v1/reservas,5.582491,200,success,
1789925841.171184,GET,GET /api/v1/reservas/{id},4.420880,200,success,
1789925841.192536,GET,GET /api/v1/reservas,5.078006,200,success,
1789925841.208690,GET,GET /api/v1/reservas/{id},3.957218,200,success,
1789925841.273598,GET,GET /api/v1/reservas/{id},4.703037,200,success,
1789925841.368639,GET,GET /api/v1/reservas,6.657631,200,success,
1789925841.375850,GET,GET /api/v1/reservas,4.933838,200,success,
1789925841.441485,GET,GET /api/v1/reservas,6.302703,200,success,
1789925841.483031,GET,GET /api/v1/reservas,5.199270,200,success,
1789925841.609628,GET,GET /api/v1/reservas,7.189407,200,success,
1789925841.646754,GET,GET /api/v1/reservas,6.801399,200,success,
1789925841.663575,GET,GET /api/v1/reservas,7.361157,200,success,
1789925841.731179,GET,GET /api/v1/reservas,7.188495,200,success,
1789925841.768470,GET,GET /api/v1/reservas/{id},9.324162,200,success,
1789925841.793108,GET,GET /api/v1/reservas,8.231516,200,success,
1789925841.794694,GET,GET /api/v1/reservas,6.788529,200,success,
1789925841.799445,GET,GET /api/v1/reservas,7.262307,200,success,
1789925841.835795,GET,GET /api/v1/reservas,6.970034,200,success,
1789925841.846254,GET,GET /api/v1/reservas,6.091212,200,success,
1789925841.947821,GET,GET /api/v1/reservas,6.518690,200,success,
1789925842.025899,GET,GET /api/v1/reservas,6.650790,200,success,
1789925842.087953,GET,GET /api/v1/reservas,7.620370,200,success,
1789925842.122787,GET,GET /api/v1/reservas/{id},4.593652,200,success,
1789925842.139182,GET,GET /api/v1/reservas/{id},4.170571,200,success,
1789925842.152364,GET,GET /api/v1/reservas,5.867512,200,success,
1789925842.175276,GET,GET /api/v1/reservas,5.586207,200,success,
1789925842.203953,GET,GET /api/v1/reservas/{id},5.450811,200,success,
1789925842.207827,GET,GET /api/v1/reservas,5.434267,200,success,
1789925842.319431,GET,GET /api/v1/reservas,7.147694,200,success,
1789925842.332296,GET,GET /api/v1/reservas,6.507163,200,success,
1789925842.336250,GET,GET /api/v1/reservas,5.683084,200,success,
1789925842.359270,GET,GET /api/v1/reservas,6.677641,200,success,
1789925842.420826,GET,GET /api/v1/reservas,8.054668,200,success,
1789925842.472871,GET,GET /api/v1/reservas/{id},5.703825,200,success,
1789925842.553453,GET,GET /api/v1/reservas/{id},7.280324,200,success,
1789925842.555709,GET,GET /api/v1/reservas,5.509231,200,success,
1789925842.568530,GET,GET /api/v1/reservas,5.509711,200,success,
1789925842.572000,GET,GET /api/v1/reservas/{id},4.906126,200,success,
1789925842.572419,GET,GET /api/v1/reservas,5.725857,200,success,
1789925842.583510,GET,GET /api/v1/reservas,4.806164,200,success,
1789925842.694266,GET,GET /api/v1/reservas/{id},5.411552,200,success,
1789925842.831915,GET,GET /api/v1/reservas,6.283846,200,success,
1789925842.875830,GET,GET /api/v1/reservas,5.591874,200,success,
1789925842.965776,GET,GET /api/v1/reservas,6.852477,200,success,
1789925842.990738,GET,GET /api/v1/reservas,5.656854,200,success,
1789925842.996736,GET,GET /api/v1/reservas,4.722698,200,success,
1789925843.041660,GET,GET /api/v1/reservas,5.596052,200,success,
1789925843.062099,GET,GET /api/v1/reservas/{id},4.204623,200,success,
1789925843.071515,GET,GET /api/v1/reservas,5.089804,200,success,
1789925843.129751,GET,GET /api/v1/reservas,5.932672,200,success,
1789925843.168330,GET,GET /api/v1/reservas,6.273128,200,success,
1789925843.200147,GET,GET /api/v1/reservas/{id},4.587212,200,success,
1789925843.226563,GET,GET /api/v1/reservas,6.091563,200,success,
1789925843.342550,GET,GET /api/v1/reservas,7.517553,200,success,
1789925843.397890,GET,GET /api/v1/reservas,6.946058,200,success,
1789925843.407154,GET,GET /api/v1/reservas/{id},4.075096,200,success,
1789925843.460706,GET,GET /api/v1/reservas/{id},11.271484,200,success,
1789925843.490523,GET,GET /api/v1/reservas,10.404069,200,success,
1789925843.537048,GET,GET /api/v1/reservas/{id},9.222197,200,success,
1789925843.542741,GET,GET /api/v1/reservas,8.793347,200,success,
1789925843.631402,GET,GET /api/v1/reservas,10.214110,200,success,
1789925843.702619,GET,GET /api/v1/reservas,31.804234,200,success,
1789925843.710384,GET,GET /api/v1/reservas,9.009535,200,success,
1789925843.743001,GET,GET /api/v1/reservas,10.489258,200,success,
1789925843.775774,GET,GET /api/v1/reservas/{id},18.201698,200,success,
1789925843.828439,GET,GET /api/v1/reservas,28.674160,200,success,
1789925843.832227,GET,GET /api/v1/reservas,19.592175,200,success,
1789925843.834827,GET,GET /api/v1/reservas,26.146981,200,success,
1789925843.944249,GET,GET /api/v1/reservas,76.020911,200,success,
1789925843.983552,GET,GET /api/v1/reservas,19.895685,200,success,
1789925844.016365,GET,GET /api/v1/reservas,17.279240,200,success,
1789925844.033115,GET,GET /api/v1/reservas,15.244925,200,success,
1789925844.043721,GET,GET /api/v1/reservas,10.265429,200,success,
1789925844.073435,GET,GET /api/v1/reservas,12.313041,200,success,
1789925844.161730,GET,GET /api/v1/reservas,14.367436,200,success,
1789925844.165760,GET,GET /api/v1/reservas,10.909364,200,success,
1789925844.178070,GET,GET /api/v1/reservas,8.990125,200,success,
1789925844.185281,GET,GET /api/v1/reservas,6.952487,200,success,
1789925844.271456,GET,GET /api/v1/reservas,26.138016,200,success,
1789925844.291672,GET,GET /api/v1/reservas/{id},6.875000,200,success,
1789925844.326063,GET,GET /api/v1/reservas/{id},8.062080,200,success,
1789925844.416930,GET,GET /api/v1/reservas,13.424147,200,success,
1789925844.418456,GET,GET /api/v1/reservas,8.472230,200,success,
1789925844.459807,GET,GET /api/v1/reservas,14.741111,200,success,
1789925844.475359,GET,GET /api/v1/reservas,14.208634,200,success,
1789925844.548730,GET,GET /api/v1/reservas,17.881993,200,success,
1789925844.549369,GET,GET /api/v1/reservas,18.062556,200,success,
1789925844.549861,GET,GET /api/v1/reservas,21.123897,200,success,
1789925844.569570,GET,GET /api/v1/reservas,8.365450,200,success,
1789925844.608205,GET,GET /api/v1/reservas/{id},9.366757,200,success,
1789925844.639148,GET,GET /api/v1/reservas/{id},10.668300,200,success,
1789925844.792035,GET,GET /api/v1/reservas,8.484620,200,success,
1789925844.802951,GET,GET /api/v1/reservas,10.616220,200,success,
1789925844.830247,GET,GET /api/v1/reservas,14.847333,200,success,
1789925844.885169,GET,GET /api/v1/reservas/{id},10.555929,200,success,
1789925844.948275,GET,GET /api/v1/reservas/{id},7.801774,200,success,
1789925845.073722,GET,GET /api/v1/reservas,33.163634,200,success,
1789925845.115019,GET,GET /api/v1/reservas,71.875879,200,success,
1789925845.148737,GET,GET /api/v1/reservas,10.380583,200,success,
1789925845.244565,GET,GET /api/v1/reservas,16.285544,200,success,
1789925845.334242,GET,GET /api/v1/reservas,40.280421,200,success,
1789925845.334831,GET,GET /api/v1/reservas,29.584239,200,success,
1789925845.344646,GET,GET /api/v1/reservas,21.482329,200,success,
1789925845.352820,GET,GET /api/v1/reservas,7.109055,200,success,
1789925845.369693,GET,GET /api/v1/reservas/{id},8.670181,200,success,
1789925845.412250,GET,GET /api/v1/reservas,12.148723,200,success,
1789925845.489835,GET,GET /api/v1/reservas,60.151258,200,success,
1789925845.498125,GET,GET /api/v1/reservas,11.437145,200,success,
1789925845.590889,GET,GET /api/v1/reservas,42.407114,200,success,
1789925845.595364,GET,GET /api/v1/reservas,65.723784,200,success,
1789925845.620999,GET,GET /api/v1/reservas,35.668912,200,success,
1789925845.679954,GET,GET /api/v1/reservas/{id},31.512291,200,success,
1789925845.682588,GET,GET /api/v1/reservas,17.505883,200,success,
1789925845.705457,GET,GET /api/v1/reservas/{id},9.239593,200,success,
1789925845.713061,GET,GET /api/v1/reservas,17.940782,200,success,
1789925845.785682,GET,GET /api/v1/reservas,41.960088,200,success,
1789925845.786269,GET,GET /api/v1/reservas,20.370354,200,success,
1789925845.786717,GET,GET /api/v1/reservas,44.306032,200,success,
1789925845.854722,GET,GET /api/v1/reservas,12.661600,200,success,
1789925845.876557,GET,GET /api/v1/reservas,5.804418,200,success,
1789925845.876741,GET,GET /api/v1/reservas,11.715878,200,success,
1789925845.959754,GET,GET /api/v1/reservas,7.166612,200,success,
1789925846.014713,GET,GET /api/v1/reservas/{id},10.560136,200,success,
1789925846.034755,GET,GET /api/v1/reservas,9.523604,200,success,
1789925846.073514,GET,GET /api/v1/reservas,10.318069,200,success,
1789925846.076875,GET,GET /api/v1/reservas,8.541395,200,success,
1789925846.144050,GET,GET /api/v1/reservas/{id},8.770725,200,success,
1789925846.155623,GET,GET /api/v1/reservas,10.161491,200,success,
1789925846.242981,GET,GET /api/v1/reservas,6.949844,200,success,
1789925846.258699,GET,GET /api/v1/reservas/{id},4.490206,200,success,
1789925846.270900,GET,GET /api/v1/reservas,6.872697,200,success,
1789925846.276191,GET,GET /api/v1/reservas,6.966960,200,success,
1789925846.382564,GET,GET /api/v1/reservas/{id},5.075543,200,success,
1789925846.532574,GET,GET /api/v1/reservas,8.232307,200,success,
1789925846.594506,GET,GET /api/v1/reservas,71.390262,200,success,
1789925846.598587,GET,GET /api/v1/reservas,24.631943,200,success,
1789925846.650749,GET,GET /api/v1/reservas/{id},9.889800,200,success,
1789925846.688603,GET,GET /api/v1/reservas,6.479461,200,success,
1789925846.709694,GET,GET /api/v1/reservas,5.757947,200,success,
1789925846.731089,GET,GET /api/v1/reservas/{id},6.140216,200,success,
1789925846.782082,GET,GET /api/v1/reservas,6.560444,200,success,
1789925846.829104,GET,GET /api/v1/reservas,6.664862,200,success,
1789925846.842777,GET,GET /api/v1/reservas/{id},4.472279,200,success,
1789925846.969321,GET,GET /api/v1/reservas,9.238352,200,success,
1789925847.022329,GET,GET /api/v1/reservas,6.593053,200,success,
1789925847.063864,GET,GET /api/v1/reservas,11.114966,200,success,
1789925847.080557,GET,GET /api/v1/reservas/{id},5.439114,200,success,
1789925847.096741,GET,GET /api/v1/reservas,5.872060,200,success,
1789925847.122227,GET,GET /api/v1/reservas,7.146100,200,success,
1789925847.178351,GET,GET /api/v1/reservas,19.221262,200,success,
1789925847.261763,GET,GET /api/v1/reservas/{id},8.075540,200,success,
1789925847.311362,GET,GET /api/v1/reservas,10.183436,200,success,
1789925847.335681,GET,GET /api/v1/reservas,10.737635,200,success,
1789925847.344432,GET,GET /api/v1/reservas/{id},6.486992,200,success,
1789925847.354317,GET,GET /api/v1/reservas,7.216497,200,success,
1789925847.376420,GET,GET /api/v1/reservas,9.658820,200,success,
1789925847.376886,GET,GET /api/v1/reservas,7.910210,200,success,
1789925847.403001,GET,GET /api/v1/reservas/{id},14.875094,200,success,
1789925847.404138,GET,GET /api/v1/reservas/{id},8.023280,200,success,
1789925847.535794,GET,GET /api/v1/reservas,6.227598,200,success,
1789925847.683022,GET,GET /api/v1/reservas,6.730221,200,success,
1789925847.787876,GET,GET /api/v1/reservas,6.470076,200,success,
1789925847.924753,GET,GET /api/v1/reservas/{id},5.343369,200,success,
1789925848.017108,GET,GET /api/v1/reservas,6.955022,200,success,
1789925848.037825,GET,GET /api/v1/reservas/{id},5.516541,200,success,
1789925848.064380,GET,GET /api/v1/reservas,8.182822,200,success,
1789925848.068776,GET,GET /api/v1/reservas/{id},7.828536,200,success,
1789925848.069755,GET,GET /api/v1/reservas,7.489932,200,success,
1789925848.132631,GET,GET /api/v1/reservas,6.503798,200,success,
1789925848.169784,GET,GET /api/v1/reservas,5.826791,200,success,
1789925848.214190,GET,GET /api/v1/reservas/{id},5.167031,200,success,
1789925848.243706,GET,GET /api/v1/reservas,7.184138,200,success,
1789925848.259433,GET,GET /api/v1/reservas,5.404882,200,success,
1789925848.324713,GET,GET /api/v1/reservas,7.894445,200,success,
1789925848.325202,GET,GET /api/v1/reservas,7.894866,200,success,
1789925848.407881,GET,GET /api/v1/reservas/{id},5.420807,200,success,
1789925848.437886,GET,GET /api/v1/reservas,6.161839,200,success,
1789925848.438332,GET,GET /api/v1/reservas,7.169076,200,success,
1789925848.445713,GET,GET /api/v1/reservas/{id},4.234708,200,success,
1789925848.449910,GET,GET /api/v1/reservas,4.769238,200,success,
1789925848.494668,GET,GET /api/v1/reservas,6.427291,200,success,
1789925848.498732,GET,GET /api/v1/reservas,5.770245,200,success,
1789925848.538366,GET,GET /api/v1/reservas,6.285577,200,success,
1789925848.577557,GET,GET /api/v1/reservas,6.827738,200,success,
1789925848.682591,GET,GET /api/v1/reservas,6.648797,200,success,
1789925848.755704,GET,GET /api/v1/reservas,6.716751,200,success,
1789925848.814522,GET,GET /api/v1/reservas,6.470697,200,success,
1789925848.818644,GET,GET /api/v1/reservas/{id},3.998861,200,success,
1789925848.872062,GET,GET /api/v1/reservas/{id},4.302641,200,success,
1789925848.872323,GET,GET /api/v1/reservas,7.330330,200,success,
1789925848.899081,GET,GET /api/v1/reservas,5.753410,200,success,
1789925849.010222,GET,GET /api/v1/reservas,6.716019,200,success,
1789925849.049417,GET,GET /api/v1/reservas,6.865997,200,success,
1789925849.071680,GET,GET /api/v1/reservas,5.926162,200,success,
1789925849.080690,GET,GET /api/v1/reservas/{id},4.798493,200,success,
1789925849.081217,GET,GET /api/v1/reservas/{id},3.639506,200,success,
1789925849.110979,GET,GET /api/v1/reservas,7.427117,200,success,
1789925849.206548,GET,GET /api/v1/reservas,7.166212,200,success,
1789925849.206999,GET,GET /api/v1/reservas,5.769755,200,success,
1789925849.331792,GET,GET /api/v1/reservas,7.459065,200,success,
1789925849.333014,GET,GET /api/v1/reservas/{id},4.259436,200,success,
1789925849.376863,GET,GET /api/v1/reservas,6.501533,200,success,
1789925849.453664,GET,GET /api/v1/reservas,6.423977,200,success,
1789925849.523073,GET,GET /api/v1/reservas,8.960852,200,success,
1789925849.523711,GET,GET /api/v1/reservas,10.690453,200,success,
1789925849.578740,GET,GET /api/v1/reservas,7.636684,200,success,
1789925849.582558,GET,GET /api/v1/reservas,5.552115,200,success,
1789925849.588675,GET,GET /api/v1/reservas,4.844763,200,success,
1789925849.633833,GET,GET /api/v1/reservas/{id},5.920713,200,success,
1789925849.646690,GET,GET /api/v1/reservas,8.563060,200,success,
1789925849.679574,GET,GET /api/v1/reservas/{id},6.573432,200,success,
1789925849.697606,GET,GET /api/v1/reservas,10.615689,200,success,
1789925849.807251,GET,GET /api/v1/reservas,7.726881,200,success,
1789925849.814657,GET,GET /api/v1/reservas,6.109200,200,success,
1789925849.825063,GET,GET /api/v1/reservas,6.939999,200,success,
1789925849.837249,GET,GET /api/v1/reservas,5.885910,200,success,
1789925849.856138,GET,GET /api/v1/reservas,6.586834,200,success,
1789925849.872021,GET,GET /api/v1/reservas,6.547434,200,success,
1789925849.895719,GET,GET /api/v1/reservas,7.336129,200,success,
1789925849.899162,GET,GET /api/v1/reservas,5.304249,200,success,
1789925849.938978,GET,GET /api/v1/reservas,6.504198,200,success,
1789925849.958243,GET,GET /api/v1/reservas,5.913984,200,success,
1789925849.995307,GET,GET /api/v1/reservas,6.739415,200,success,
1789925850.082084,GET,GET /api/v1/reservas,6.388563,200,success,
1789925850.127551,GET,GET /api/v1/reservas,7.103476,200,success,
1789925850.362752,GET,GET /api/v1/reservas,11.626031,200,success,
1789925850.426610,GET,GET /api/v1/reservas,6.510237,200,success,
1789925850.479893,GET,GET /api/v1/reservas,6.922693,200,success,
1789925850.480371,GET,GET /api/v1/reservas,6.932477,200,success,
1789925850.540054,GET,GET /api/v1/reservas,6.348721,200,success,
1789925850.570577,GET,GET /api/v1/reservas,7.170879,200,success,
1789925850.586139,GET,GET /api/v1/reservas/{id},5.284610,200,success,
1789925850.644290,GET,GET /api/v1/reservas/{id},6.817002,200,success,
1789925850.653273,GET,GET /api/v1/reservas,5.674181,200,success,
1789925850.678307,GET,GET /api/v1/reservas,7.078148,200,success,
1789925850.679744,GET,GET /api/v1/reservas/{id},4.684599,200,success,
1789925850.706978,GET,GET /api/v1/reservas,6.860718,200,success,
1789925850.729641,GET,GET /api/v1/reservas,9.199913,200,success,
1789925850.778876,GET,GET /api/v1/reservas,8.107959,200,success,
1789925850.813553,GET,GET /api/v1/reservas,7.315317,200,success,
1789925850.829348,GET,GET /api/v1/reservas,10.469108,200,success,
1789925850.867571,GET,GET /api/v1/reservas,7.798690,200,success,
1789925850.898973,GET,GET /api/v1/reservas/{id},6.188170,200,success,
1789925850.899365,GET,GET /api/v1/reservas/{id},4.779895,200,success,
1789925850.933112,GET,GET /api/v1/reservas,6.429065,200,success,
1789925850.939361,GET,GET /api/v1/reservas,4.963523,200,success,
1789925850.955780,GET,GET /api/v1/reservas,6.131943,200,success,
1789925851.010942,GET,GET /api/v1/reservas,6.793237,200,success,
1789925851.043918,GET,GET /api/v1/reservas,8.566894,200,success,
1789925851.090528,GET,GET /api/v1/reservas/{id},5.338441,200,success,
1789925851.136479,GET,GET /api/v1/reservas,6.532781,200,success,
1789925851.138753,GET,GET /api/v1/reservas,5.032227,200,success,
1789925851.151491,GET,GET /api/v1/reservas,5.454988,200,success,
1789925851.157686,GET,GET /api/v1/reservas,4.912505,200,success,
1789925851.196498,GET,GET /api/v1/reservas,6.502366,200,success,
1789925851.251571,GET,GET /api/v1/reservas,6.742509,200,success,
1789925851.288007,GET,GET /api/v1/reservas/{id},5.189705,200,success,
1789925851.327613,GET,GET /api/v1/reservas,7.265191,200,success,
1789925851.328030,GET,GET /api/v1/reservas,6.847888,200,success,
1789925851.365811,GET,GET /api/v1/reservas,6.472429,200,success,
1789925851.395445,GET,GET /api/v1/reservas/{id},5.362247,200,success,
1789925851.439378,GET,GET /api/v1/reservas,6.562055,200,success,
1789925851.483795,GET,GET /api/v1/reservas/{id},6.149781,200,success,
1789925851.648612,GET,GET /api/v1/reservas,6.342333,200,success,
1789925851.793281,GET,GET /api/v1/reservas/{id},5.384922,200,success,
1789925851.805124,GET,GET /api/v1/reservas/{id},4.244283,200,success,
1789925851.834298,GET,GET /api/v1/reservas/{id},5.966313,200,success,
1789925851.874325,GET,GET /api/v1/reservas,8.649049,200,success,
1789925851.973540,GET,GET /api/v1/reservas,15.387862,200,success,
1789925851.995896,GET,GET /api/v1/reservas,11.593632,200,success,
1789925852.123145,GET,GET /api/v1/reservas/{id},10.986110,200,success,
1789925852.123632,GET,GET /api/v1/reservas/{id},10.620367,200,success,
1789925852.125261,GET,GET /api/v1/reservas,12.419624,200,success,
1789925852.133497,GET,GET /api/v1/reservas,11.373739,200,success,
1789925852.139572,GET,GET /api/v1/reservas,7.882768,200,success,
1789925852.143630,GET,GET /api/v1/reservas,6.817082,200,success,
1789925852.159120,GET,GET /api/v1/reservas,7.114863,200,success,
1789925852.190420,GET,GET /api/v1/reservas,7.907976,200,success,
1789925852.198195,GET,GET /api/v1/reservas,6.495785,200,success,
1789925852.271759,GET,GET /api/v1/reservas/{id},5.280633,200,success,
1789925852.314539,GET,GET /api/v1/reservas,6.441282,200,success,
1789925852.323436,GET,GET /api/v1/reservas,6.598160,200,success,
1789925852.356944,GET,GET /api/v1/reservas,7.138649,200,success,
1789925852.370143,GET,GET /api/v1/reservas,5.814312,200,success,
1789925852.444616,GET,GET /api/v1/reservas,7.086741,200,success,
1789925852.460054,GET,GET /api/v1/reservas,6.084171,200,success,
1789925852.497129,GET,GET /api/v1/reservas,6.702088,200,success,
1789925852.532882,GET,GET /api/v1/reservas,6.403155,200,success,
1789925852.572152,GET,GET /api/v1/reservas,13.892705,200,success,
1789925852.581047,GET,GET /api/v1/reservas,11.347819,200,success,
1789925852.726491,GET,GET /api/v1/reservas,18.971094,200,success,
1789925852.765120,GET,GET /api/v1/reservas,13.148339,200,success,
1789925852.948643,GET,GET /api/v1/reservas,6.541646,200,success,
1789925852.981555,GET,GET /api/v1/reservas/{id},6.572571,200,success,
1789925853.050108,GET,GET /api/v1/reservas,7.157618,200,success,
1789925853.151822,GET,GET /api/v1/reservas/{id},5.379583,200,success,
1789925853.168789,GET,GET /api/v1/reservas,5.663624,200,success,
1789925853.177594,GET,GET /api/v1/reservas/{id},4.615917,200,success,
1789925853.188932,GET,GET /api/v1/reservas/{id},4.133324,200,success,
1789925853.247497,GET,GET /api/v1/reservas,6.727605,200,success,
1789925853.247856,GET,GET /api/v1/reservas,7.627861,200,success,
1789925853.258881,GET,GET /api/v1/reservas,4.764922,200,success,
1789925853.311872,GET,GET /api/v1/reservas,6.647486,200,success,
1789925853.363595,GET,GET /api/v1/reservas,13.219065,200,success,
1789925853.395277,GET,GET /api/v1/reservas,6.315581,200,success,
1789925853.402594,GET,GET /api/v1/reservas/{id},4.128708,200,success,
1789925853.419841,GET,GET /api/v1/reservas,6.940578,200,success,
1789925853.471835,GET,GET /api/v1/reservas,6.647876,200,success,
1789925853.486054,GET,GET /api/v1/reservas,5.892842,200,success,
1789925853.504097,GET,GET /api/v1/reservas,5.715273,200,success,
1789925853.532932,GET,GET /api/v1/reservas,6.495686,200,success,
1789925853.556754,GET,GET /api/v1/reservas,6.460943,200,success,
1789925853.586112,GET,GET /api/v1/reservas,6.993340,200,success,
1789925853.629785,GET,GET /api/v1/reservas,7.328728,200,success,
1789925853.650774,GET,GET /api/v1/reservas,6.647866,200,success,
1789925853.655444,GET,GET /api/v1/reservas/{id},4.523988,200,success,
1789925853.685569,GET,GET /api/v1/reservas,6.783131,200,success,
1789925853.763454,GET,GET /api/v1/reservas,13.172746,200,success,
1789925853.776866,GET,GET /api/v1/reservas,7.013681,200,success,
1789925853.802683,GET,GET /api/v1/reservas/{id},5.557443,200,success,
1789925853.863609,GET,GET /api/v1/reservas,6.587624,200,success,
1789925853.938028,GET,GET /api/v1/reservas/{id},5.315427,200,success,
1789925854.005869,GET,GET /api/v1/reservas,6.528044,200,success,
1789925854.022406,GET,GET /api/v1/reservas,6.186587,200,success,
1789925854.116858,GET,GET /api/v1/reservas,8.064994,200,success,
1789925854.119675,GET,GET /api/v1/reservas,6.034546,200,success,
1789925854.134509,GET,GET /api/v1/reservas,6.484609,200,success,
1789925854.183577,GET,GET /api/v1/reservas,10.661679,200,success,
1789925854.184254,GET,GET /api/v1/reservas,10.498774,200,success,
1789925854.300458,GET,GET /api/v1/reservas,7.853624,200,success,
1789925854.342537,GET,GET /api/v1/reservas/{id},5.800702,200,success,
1789925854.377023,GET,GET /api/v1/reservas,7.093581,200,success,
1789925854.417114,GET,GET /api/v1/reservas/{id},5.803236,200,success,
1789925854.426725,GET,GET /api/v1/reservas/{id},5.379454,200,success,
1789925854.493651,GET,GET /api/v1/reservas,7.547329,200,success,
1789925854.532180,GET,GET /api/v1/reservas,7.182927,200,success,
1789925854.559048,GET,GET /api/v1/reservas,6.482414,200,success,
1789925854.595743,GET,GET /api/v1/reservas/{id},5.445294,200,success,
1789925854.602224,GET,GET /api/v1/reservas,5.185920,200,success,
1789925854.681795,GET,GET /api/v1/reservas,7.204770,200,success,
1789925854.690955,GET,GET /api/v1/reservas,6.815320,200,success,
1789925854.691489,GET,GET /api/v1/reservas,5.560197,200,success,
1789925854.741899,GET,GET /api/v1/reservas,7.090636,200,success,
1789925854.763941,GET,GET /api/v1/reservas,7.723877,200,success,
1789925854.830246,GET,GET /api/v1/reservas,6.939548,200,success,
1789925854.847409,GET,GET /api/v1/reservas,6.819426,200,success,
1789925854.870105,GET,GET /api/v1/reservas,7.340265,200,success,
1789925854.881029,GET,GET /api/v1/reservas/{id},4.685912,200,success,
1789925854.892441,GET,GET /api/v1/reservas/{id},5.190917,200,success,
1789925854.936504,GET,GET /api/v1/reservas,6.973930,200,success,
1789925855.020880,GET,GET /api/v1/reservas,6.940039,200,success,
1789925855.096220,GET,GET /api/v1/reservas,6.936113,200,success,
1789925855.134783,GET,GET /api/v1/reservas,7.197499,200,success,
1789925855.137397,GET,GET /api/v1/reservas,5.866612,200,success,
1789925855.166510,GET,GET /api/v1/reservas/{id},5.842695,200,success,
1789925855.173379,GET,GET /api/v1/reservas,6.580072,200,success,
1789925855.175629,GET,GET /api/v1/reservas,5.163746,200,success,
1789925855.213630,GET,GET /api/v1/reservas,7.590665,200,success,
1789925855.293081,GET,GET /api/v1/reservas,7.051337,200,success,
1789925855.349378,GET,GET /api/v1/reservas,6.901180,200,success,
1789925855.375804,GET,GET /api/v1/reservas,7.063625,200,success,
1789925855.451224,GET,GET /api/v1/reservas,6.976714,200,success,
1789925855.465295,GET,GET /api/v1/reservas,6.716429,200,success,
1789925855.573927,GET,GET /api/v1/reservas,7.183247,200,success,
1789925855.598755,GET,GET /api/v1/reservas/{id},5.529221,200,success,
1789925855.619952,GET,GET /api/v1/reservas,6.857803,200,success,
1789925855.655633,GET,GET /api/v1/reservas/{id},5.387295,200,success,
1789925855.693082,GET,GET /api/v1/reservas/{id},6.172226,200,success,
1789925855.709749,GET,GET /api/v1/reservas/{id},5.361545,200,success,
1789925855.781440,GET,GET /api/v1/reservas,7.714001,200,success,
1789925855.808582,GET,GET /api/v1/reservas,7.214455,200,success,
1789925855.815481,GET,GET /api/v1/reservas,6.574263,200,success,
1789925855.925777,GET,GET /api/v1/reservas,7.845631,200,success,
1789925856.090024,GET,GET /api/v1/reservas,6.741388,200,success,
1789925856.098422,GET,GET /api/v1/reservas,5.083946,200,success,
1789925856.145244,GET,GET /api/v1/reservas,6.492862,200,success,
1789925856.180954,GET,GET /api/v1/reservas,7.321467,200,success,
1789925856.181551,GET,GET /api/v1/reservas,6.200699,200,success,
1789925856.188283,GET,GET /api/v1/reservas/{id},5.556561,200,success,
1789925856.242429,GET,GET /api/v1/reservas,6.760137,200,success,
1789925856.285243,GET,GET /api/v1/reservas/{id},4.664620,200,success,
1789925856.285687,GET,GET /api/v1/reservas,6.937715,200,success,
1789925856.368889,GET,GET /api/v1/reservas,6.866798,200,success,
1789925856.431847,GET,GET /api/v1/reservas,6.601946,200,success,
1789925856.461069,GET,GET /api/v1/reservas/{id},4.980248,200,success,
1789925856.478661,GET,GET /api/v1/reservas,5.263838,200,success,
1789925856.527757,GET,GET /api/v1/reservas,6.652903,200,success,
1789925856.628024,GET,GET /api/v1/reservas,6.774917,200,success,
1789925856.639621,GET,GET /api/v1/reservas,6.304016,200,success,
1789925856.651901,GET,GET /api/v1/reservas/{id},5.071317,200,success,
1789925856.760192,GET,GET /api/v1/reservas,6.881039,200,success,
1789925856.764705,GET,GET /api/v1/reservas/{id},5.601941,200,success,
1789925856.769780,GET,GET /api/v1/reservas,5.727110,200,success,
1789925856.780767,GET,GET /api/v1/reservas,5.691217,200,success,
1789925856.908425,GET,GET /api/v1/reservas,6.493562,200,success,
1789925856.933974,GET,GET /api/v1/reservas,6.214028,200,success,
1789925856.954086,GET,GET /api/v1/reservas,5.755804,200,success,
1789925856.993469,GET,GET /api/v1/reservas/{id},7.320926,200,success,
1789925857.078268,GET,GET /api/v1/reservas,6.421904,200,success,
1789925857.107837,GET,GET /api/v1/reservas/{id},5.314314,200,success,
1789925857.111109,GET,GET /api/v1/reservas,5.693861,200,success,
1789925857.193266,GET,GET /api/v1/reservas,6.784943,200,success,
1789925857.261083,GET,GET /api/v1/reservas/{id},5.526236,200,success,
1789925857.266511,GET,GET /api/v1/reservas/{id},4.220787,200,success,
1789925857.280118,GET,GET /api/v1/reservas,6.262241,200,success,
1789925857.314659,GET,GET /api/v1/reservas,6.189752,200,success,
1789925857.366761,GET,GET /api/v1/reservas,6.761137,200,success,
1789925857.418184,GET,GET /api/v1/reservas,7.033791,200,success,
1789925857.454523,GET,GET /api/v1/reservas/{id},5.069164,200,success,
1789925857.498019,GET,GET /api/v1/reservas/{id},6.239026,200,success,
1789925857.502150,GET,GET /api/v1/reservas/{id},5.520758,200,success,
1789925857.517722,GET,GET /api/v1/reservas/{id},5.356237,200,success,
1789925857.620284,GET,GET /api/v1/reservas,7.178611,200,success,
1789925857.676113,GET,GET /api/v1/reservas,8.402094,200,success,
1789925857.683728,GET,GET /api/v1/reservas,7.358983,200,success,
1789925857.777655,GET,GET /api/v1/reservas,7.497794,200,success,
1789925857.793799,GET,GET /api/v1/reservas/{id},5.913974,200,success,
1789925857.794136,GET,GET /api/v1/reservas/{id},5.784727,200,success,
1789925857.855314,GET,GET /api/v1/reservas,6.422234,200,success,
1789925857.880457,GET,GET /api/v1/reservas,6.790082,200,success,
1789925857.915159,GET,GET /api/v1/reservas,6.561795,200,success,
1789925857.921842,GET,GET /api/v1/reservas,4.757711,200,success,
1789925857.922251,GET,GET /api/v1/reservas,5.846451,200,success,
1789925858.013368,GET,GET /api/v1/reservas/{id},6.353590,200,success,
1789925858.142464,GET,GET /api/v1/reservas,6.607555,200,success,
1789925858.167230,GET,GET /api/v1/reservas/{id},5.482199,200,success,
1789925858.173260,GET,GET /api/v1/reservas,7.497333,200,success,
1789925858.238369,GET,GET /api/v1/reservas/{id},5.830507,200,success,
1789925858.246118,GET,GET /api/v1/reservas,7.453426,200,success,
1789925858.295341,GET,GET /api/v1/reservas,6.853468,200,success,
1789925858.371858,GET,GET /api/v1/reservas,7.097137,200,success,
1789925858.411948,GET,GET /api/v1/reservas,8.596530,200,success,
1789925858.415641,GET,GET /api/v1/reservas,7.314156,200,success,
1789925858.461798,GET,GET /api/v1/reservas,7.731558,200,success,
1789925858.491266,GET,GET /api/v1/reservas/{id},6.120016,200,success,
1789925858.504703,GET,GET /api/v1/reservas,7.071168,200,success,
1789925858.513880,GET,GET /api/v1/reservas/{id},4.937644,200,success,
1789925858.538186,GET,GET /api/v1/reservas,6.938437,200,success,
1789925858.540549,GET,GET /api/v1/reservas,5.477381,200,success,
1789925858.598011,GET,GET /api/v1/reservas,7.127864,200,success,
1789925858.602041,GET,GET /api/v1/reservas,6.212276,200,success,
1789925858.648018,GET,GET /api/v1/reservas,6.607845,200,success,
1789925858.731241,GET,GET /api/v1/reservas,6.865195,200,success,
1789925858.757107,GET,GET /api/v1/reservas/{id},5.595070,200,success,
1789925858.772480,GET,GET /api/v1/reservas/{id},5.129565,200,success,
1789925858.865272,GET,GET /api/v1/reservas/{id},5.491825,200,success,
1789925858.886679,GET,GET /api/v1/reservas/{id},5.141924,200,success,
1789925858.908094,GET,GET /api/v1/reservas,6.402504,200,success,
1789925858.915572,GET,GET /api/v1/reservas,6.194909,200,success,
1789925858.930301,GET,GET /api/v1/reservas,6.427832,200,success,
1789925858.960410,GET,GET /api/v1/reservas,6.715098,200,success,
1789925858.977486,GET,GET /api/v1/reservas,6.754477,200,success,
1789925858.995217,GET,GET /api/v1/reservas,6.400532,200,success,
1789925859.003281,GET,GET /api/v1/reservas,5.664055,200,success,
1789925859.008359,GET,GET /api/v1/reservas,5.977970,200,success,
1789925859.055475,GET,GET /api/v1/reservas,6.772235,200,success,
1789925859.128405,GET,GET /api/v1/reservas,8.512332,200,success,
1789925859.282974,GET,GET /api/v1/reservas/{id},5.274574,200,success,
1789925859.292217,GET,GET /api/v1/reservas,5.933924,200,success,
1789925859.322595,GET,GET /api/v1/reservas,7.004387,200,success,
1789925859.374268,GET,GET /api/v1/reservas,7.282077,200,success,
1789925859.381037,GET,GET /api/v1/reservas,7.875486,200,success,
1789925859.381544,GET,GET /api/v1/reservas/{id},6.062308,200,success,
1789925859.474640,GET,GET /api/v1/reservas,6.677640,200,success,
1789925859.482027,GET,GET /api/v1/reservas,5.072278,200,success,
1789925859.495970,GET,GET /api/v1/reservas,5.646829,200,success,
1789925859.535633,GET,GET /api/v1/reservas,7.275087,200,success,
1789925859.570574,GET,GET /api/v1/reservas,6.544820,200,success,
1789925859.625004,GET,GET /api/v1/reservas,7.035383,200,success,
1789925859.765775,GET,GET /api/v1/reservas/{id},5.411482,200,success,
1789925859.870665,GET,GET /api/v1/reservas,9.491546,200,success,
1789925859.936883,GET,GET /api/v1/reservas/{id},5.896968,200,success,
1789925859.955933,GET,GET /api/v1/reservas,10.707128,200,success,
1789925859.992553,GET,GET /api/v1/reservas/{id},5.966884,200,success,
1789925859.993832,GET,GET /api/v1/reservas,10.513595,200,success,
1789925860.032672,GET,GET /api/v1/reservas,10.426883,200,success,
1789925860.036995,GET,GET /api/v1/reservas,11.552809,200,success,
1789925860.045775,GET,GET /api/v1/reservas,9.721815,200,success,
1789925860.111233,GET,GET /api/v1/reservas,9.960206,200,success,
1789925860.175385,GET,GET /api/v1/reservas,6.740245,200,success,
1789925860.179092,GET,GET /api/v1/reservas,5.546176,200,success,
1789925860.205265,GET,GET /api/v1/reservas,6.848391,200,success,
1789925860.267790,GET,GET /api/v1/reservas,7.165901,200,success,
1789925860.303415,GET,GET /api/v1/reservas/{id},4.460079,200,success,
1789925860.304058,GET,GET /api/v1/reservas,6.859167,200,success,
1789925860.314616,GET,GET /api/v1/reservas,6.280579,200,success,
1789925860.334856,GET,GET /api/v1/reservas,6.883914,200,success,
1789925860.420404,GET,GET /api/v1/reservas/{id},5.234084,200,success,
1789925860.450138,GET,GET /api/v1/reservas/{id},5.471392,200,success,
1789925860.478897,GET,GET /api/v1/reservas/{id},5.507437,200,success,
1789925860.580814,GET,GET /api/v1/reservas,7.508510,200,success,
1789925860.597057,GET,GET /api/v1/reservas,6.879768,200,success,
1789925860.638428,GET,GET /api/v1/reservas,7.021742,200,success,
1789925860.674885,GET,GET /api/v1/reservas,7.114132,200,success,
1789925860.675424,GET,GET /api/v1/reservas,7.103837,200,success,
1789925860.764252,GET,GET /api/v1/reservas,7.420558,200,success,
1789925860.799361,GET,GET /api/v1/reservas,6.750832,200,success,
1789925860.883794,GET,GET /api/v1/reservas,7.026589,200,success,
1789925860.900764,GET,GET /api/v1/reservas,7.555371,200,success,
1789925860.939185,GET,GET /api/v1/reservas/{id},6.310105,200,success,
1789925860.939326,GET,GET /api/v1/reservas/{id},8.531080,200,success,
1789925860.947483,GET,GET /api/v1/reservas,9.143468,200,success,
1789925860.950941,GET,GET /api/v1/reservas/{id},6.056240,200,success,
1789925861.029341,GET,GET /api/v1/reservas,7.903840,200,success,
1789925861.062266,GET,GET /api/v1/reservas,16.448040,200,success,
1789925861.169133,GET,GET /api/v1/reservas/{id},5.564564,200,success,
1789925861.196638,GET,GET /api/v1/reservas,14.117606,200,success,
1789925861.203353,GET,GET /api/v1/reservas,17.402156,200,success,
1789925861.217723,GET,GET /api/v1/reservas/{id},6.094057,200,success,
1789925861.296772,GET,GET /api/v1/reservas,6.670730,200,success,
1789925861.345596,GET,GET /api/v1/reservas,6.455074,200,success,
1789925861.391265,GET,GET /api/v1/reservas/{id},5.410461,200,success,
1789925861.426626,GET,GET /api/v1/reservas,7.018007,200,success,
1789925861.447064,GET,GET /api/v1/reservas,7.054182,200,success,
1789925861.504722,GET,GET /api/v1/reservas,8.153548,200,success,
1789925861.592084,GET,GET /api/v1/reservas,6.966618,200,success,
1789925861.596047,GET,GET /api/v1/reservas,5.934054,200,success,
1789925861.597650,GET,GET /api/v1/reservas,5.323819,200,success,
1789925861.630346,GET,GET /api/v1/reservas,7.316079,200,success,
1789925861.634294,GET,GET /api/v1/reservas,6.387471,200,success,
1789925861.736727,GET,GET /api/v1/reservas,7.059921,200,success,
1789925861.795816,GET,GET /api/v1/reservas,7.686270,200,success,
1789925861.804250,GET,GET /api/v1/reservas/{id},5.166801,200,success,
1789925861.876836,GET,GET /api/v1/reservas,7.188445,200,success,
1789925861.928950,GET,GET /api/v1/reservas,6.994842,200,success,
1789925861.931882,GET,GET /api/v1/reservas,5.982347,200,success,
1789925861.974189,GET,GET /api/v1/reservas,6.907350,200,success,
1789925862.002609,GET,GET /api/v1/reservas,7.055483,200,success,
1789925862.025523,GET,GET /api/v1/reservas/{id},5.616933,200,success,
1789925862.079734,GET,GET /api/v1/reservas,6.844494,200,success,
1789925862.230096,GET,GET /api/v1/reservas,7.819020,200,success,
1789925862.273100,GET,GET /api/v1/reservas,12.319442,200,success,
1789925862.335644,GET,GET /api/v1/reservas,10.074359,200,success,
1789925862.372947,GET,GET /api/v1/reservas,10.883895,200,success,
1789925862.390515,GET,GET /api/v1/reservas/{id},6.248261,200,success,
1789925862.419050,GET,GET /api/v1/reservas/{id},6.228300,200,success,
1789925862.448369,GET,GET /api/v1/reservas,8.913269,200,success,
1789925862.478343,GET,GET /api/v1/reservas,11.513531,200,success,
1789925862.497864,GET,GET /api/v1/reservas,7.112029,200,success,
1789925862.503420,GET,GET /api/v1/reservas,7.618728,200,success,
1789925862.534289,GET,GET /api/v1/reservas,8.459842,200,success,
1789925862.622473,GET,GET /api/v1/reservas,6.782660,200,success,
1789925862.641438,GET,GET /api/v1/reservas,6.627815,200,success,
1789925862.702108,GET,GET /api/v1/reservas,6.732664,200,success,
1789925862.702585,GET,GET /api/v1/reservas,7.809467,200,success,
1789925862.839303,GET,GET /api/v1/reservas,7.342799,200,success,
1789925862.847930,GET,GET /api/v1/reservas,6.291055,200,success,
1789925862.909865,GET,GET /api/v1/reservas,7.498846,200,success,
1789925862.940250,GET,GET /api/v1/reservas,8.935533,200,success,
1789925862.970684,GET,GET /api/v1/reservas,7.964871,200,success,
1789925863.064820,GET,GET /api/v1/reservas,7.592207,200,success,
1789925863.074440,GET,GET /api/v1/reservas,8.250034,200,success,
1789925863.102862,GET,GET /api/v1/reservas,9.658520,200,success,
1789925863.103328,GET,GET /api/v1/reservas,12.113079,200,success,
1789925863.116148,GET,GET /api/v1/reservas,8.547715,200,success,
1789925863.201459,GET,GET /api/v1/reservas,7.935427,200,success,
1789925863.324563,GET,GET /api/v1/reservas,7.623825,200,success,
1789925863.367461,GET,GET /api/v1/reservas/{id},19.425352,200,success,
1789925863.367942,GET,GET /api/v1/reservas/{id},15.820798,200,success,
1789925863.371892,GET,GET /api/v1/reservas,10.245359,200,success,
1789925863.431356,GET,GET /api/v1/reservas,7.119741,200,success,
1789925863.496793,GET,GET /api/v1/reservas,7.989510,200,success,
1789925863.497791,GET,GET /api/v1/reservas,6.067637,200,success,
1789925863.546355,GET,GET /api/v1/reservas,7.181185,200,success,
1789925863.550339,GET,GET /api/v1/reservas,6.268310,200,success,
1789925863.568549,GET,GET /api/v1/reservas,6.870423,200,success,
1789925863.592565,GET,GET /api/v1/reservas/{id},5.733761,200,success,
1789925863.667128,GET,GET /api/v1/reservas,7.194434,200,success,
1789925863.769297,GET,GET /api/v1/reservas,16.339094,200,success,
1789925863.774503,GET,GET /api/v1/reservas,23.206113,200,success,
1789925863.895508,GET,GET /api/v1/reservas/{id},7.111038,200,success,
1789925863.896617,GET,GET /api/v1/reservas,6.303444,200,success,
1789925863.897093,GET,GET /api/v1/reservas,8.113438,200,success,
1789925863.920941,GET,GET /api/v1/reservas,6.790092,200,success,
1789925863.923588,GET,GET /api/v1/reservas/{id},4.602987,200,success,
1789925863.983433,GET,GET /api/v1/reservas/{id},5.565395,200,success,
1789925863.999510,GET,GET /api/v1/reservas/{id},5.795213,200,success,
1789925864.007534,GET,GET /api/v1/reservas,6.709961,200,success,
1789925864.079764,GET,GET /api/v1/reservas,8.804234,200,success,
1789925864.090931,GET,GET /api/v1/reservas,7.786041,200,success,
1789925864.122173,GET,GET /api/v1/reservas,6.855329,200,success,
1789925864.168889,GET,GET /api/v1/reservas,7.350831,200,success,
1789925864.187759,GET,GET /api/v1/reservas,8.543330,200,success,
1789925864.277797,GET,GET /api/v1/reservas/{id},5.676634,200,success,
1789925864.329672,GET,GET /api/v1/reservas/{id},5.561941,200,success,
1789925864.393880,GET,GET /api/v1/reservas,6.842331,200,success,
1789925864.426833,GET,GET /api/v1/reservas/{id},5.683555,200,success,
1789925864.483257,GET,GET /api/v1/reservas,7.034882,200,success,
1789925864.503341,GET,GET /api/v1/reservas,7.740442,200,success,
1789925864.602945,GET,GET /api/v1/reservas/{id},5.755603,200,success,
1789925864.603575,GET,GET /api/v1/reservas,6.825185,200,success,
1789925864.641346,GET,GET /api/v1/reservas,6.425469,200,success,
1789925864.663503,GET,GET /api/v1/reservas,6.810762,200,success,
1789925864.667905,GET,GET /api/v1/reservas/{id},4.262340,200,success,
1789925864.678562,GET,GET /api/v1/reservas,6.330814,200,success,
1789925864.690662,GET,GET /api/v1/reservas,6.776372,200,success,
1789925864.767958,GET,GET /api/v1/reservas,6.930134,200,success,
1789925864.805660,GET,GET /api/v1/reservas,7.273334,200,success,
1789925864.807446,GET,GET /api/v1/reservas/{id},5.238700,200,success,
1789925864.813302,GET,GET /api/v1/reservas,6.565231,200,success,
1789925864.990057,GET,GET /api/v1/reservas,5.558655,200,success,
1789925864.990492,GET,GET /api/v1/reservas,7.986665,200,success,
1789925865.027584,GET,GET /api/v1/reservas,6.777412,200,success,
1789925865.046501,GET,GET /api/v1/reservas,6.570008,200,success,
1789925865.110095,GET,GET /api/v1/reservas,7.197559,200,success,
1789925865.114331,GET,GET /api/v1/reservas,6.556477,200,success,
1789925865.135853,GET,GET /api/v1/reservas,7.174043,200,success,
1789925865.165092,GET,GET /api/v1/reservas,6.850282,200,success,
1789925865.204538,GET,GET /api/v1/reservas,7.103727,200,success,
1789925865.300073,GET,GET /api/v1/reservas,7.158861,200,success,
1789925865.374512,GET,GET /api/v1/reservas/{id},6.135319,200,success,
1789925865.386786,GET,GET /api/v1/reservas/{id},6.024181,200,success,
1789925865.457720,GET,GET /api/v1/reservas,7.543834,200,success,
1789925865.483783,GET,GET /api/v1/reservas/{id},5.791828,200,success,
1789925865.489519,GET,GET /api/v1/reservas,6.574114,200,success,
1789925865.500334,GET,GET /api/v1/reservas,6.527593,200,success,
1789925865.594898,GET,GET /api/v1/reservas,7.154212,200,success,
1789925865.655207,GET,GET /api/v1/reservas,6.948711,200,success,
1789925865.665959,GET,GET /api/v1/reservas,6.396476,200,success,
1789925865.698895,GET,GET /api/v1/reservas,6.580904,200,success,
1789925865.699522,GET,GET /api/v1/reservas,6.335572,200,success,
1789925865.828642,GET,GET /api/v1/reservas,7.477253,200,success,
1789925865.885638,GET,GET /api/v1/reservas,6.655798,200,success,
1789925865.902483,GET,GET /api/v1/reservas,6.507694,200,success,
1789925866.019097,GET,GET /api/v1/reservas,8.472201,200,success,
1789925866.030202,GET,GET /api/v1/reservas,7.781424,200,success,
1789925866.043168,GET,GET /api/v1/reservas,8.657102,200,success,
1789925866.105616,GET,GET /api/v1/reservas,9.029986,200,success,
1789925866.109753,GET,GET /api/v1/reservas,6.950154,200,success,
1789925866.121927,GET,GET /api/v1/reservas/{id},5.933824,200,success,
1789925866.124200,GET,GET /api/v1/reservas,7.613569,200,success,
1789925866.145679,GET,GET /api/v1/reservas/{id},6.208820,200,success,
1789925866.158745,GET,GET /api/v1/reservas,10.692276,200,success,
1789925866.190274,GET,GET /api/v1/reservas,8.116792,200,success,
1789925866.222462,GET,GET /api/v1/reservas,9.730608,200,success,
1789925866.266219,GET,GET /api/v1/reservas,9.339736,200,success,
1789925866.334676,GET,GET /api/v1/reservas,7.416160,200,success,
1789925866.540931,GET,GET /api/v1/reservas/{id},6.446260,200,success,
1789925866.542083,GET,GET /api/v1/reservas,8.026185,200,success,
1789925866.543312,GET,GET /api/v1/reservas,6.270504,200,success,
1789925866.596542,GET,GET /api/v1/reservas,8.847981,200,success,
1789925866.597151,GET,GET /api/v1/reservas,6.611150,200,success,
1789925866.597970,GET,GET /api/v1/reservas,5.674580,200,success,
1789925866.684503,GET,GET /api/v1/reservas,7.086281,200,success,
1789925866.830622,GET,GET /api/v1/reservas,6.651181,200,success,
1789925866.847553,GET,GET /api/v1/reservas,6.601827,200,success,
1789925866.860275,GET,GET /api/v1/reservas/{id},5.495079,200,success,
1789925866.913477,GET,GET /api/v1/reservas,6.826507,200,success,
1789925866.938296,GET,GET /api/v1/reservas/{id},5.548249,200,success,
1789925867.018259,GET,GET /api/v1/reservas/{id},5.657004,200,success,
1789925867.021663,GET,GET /api/v1/reservas,6.033626,200,success,
1789925867.024887,GET,GET /api/v1/reservas,5.331240,200,success,
1789925867.033419,GET,GET /api/v1/reservas,6.256823,200,success,
1789925867.055457,GET,GET /api/v1/reservas,6.710081,200,success,
1789925867.080953,GET,GET /api/v1/reservas/{id},5.216907,200,success,
1789925867.094856,GET,GET /api/v1/reservas,7.526107,200,success,
1789925867.180003,GET,GET /api/v1/reservas,6.725954,200,success,
1789925867.201302,GET,GET /api/v1/reservas,7.932172,200,success,
1789925867.201730,GET,GET /api/v1/reservas/{id},5.569370,200,success,
1789925867.220299,GET,GET /api/v1/reservas,10.202003,200,success,
1789925867.259477,GET,GET /api/v1/reservas,7.765239,200,success,
1789925867.308372,GET,GET /api/v1/reservas/{id},5.605896,200,success,
1789925867.477630,GET,GET /api/v1/reservas,6.786286,200,success,
1789925867.491688,GET,GET /api/v1/reservas/{id},5.377450,200,success,
1789925867.492376,GET,GET /api/v1/reservas,6.448073,200,success,
1789925867.590638,GET,GET /api/v1/reservas,6.911365,200,success,
1789925867.672729,GET,GET /api/v1/reservas,6.765925,200,success,
1789925867.723362,GET,GET /api/v1/reservas,7.294285,200,success,
1789925867.783440,GET,GET /api/v1/reservas/{id},5.778508,200,success,
1789925867.787763,GET,GET /api/v1/reservas,6.123902,200,success,
1789925867.795825,GET,GET /api/v1/reservas/{id},4.851603,200,success,
1789925867.847284,GET,GET /api/v1/reservas,9.500889,200,success,
1789925867.849247,GET,GET /api/v1/reservas/{id},6.054536,200,success,
1789925867.881264,GET,GET /api/v1/reservas,7.607390,200,success,
1789925867.895169,GET,GET /api/v1/reservas/{id},5.638656,200,success,
1789925867.944333,GET,GET /api/v1/reservas,9.723798,200,success,
1789925867.947387,GET,GET /api/v1/reservas,6.535345,200,success,
1789925867.987457,GET,GET /api/v1/reservas,7.674601,200,success,
1789925868.129579,GET,GET /api/v1/reservas/{id},6.868871,200,success,
1789925868.215283,GET,GET /api/v1/reservas,7.293815,200,success,
1789925868.256302,GET,GET /api/v1/reservas,6.659253,200,success,
1789925868.276900,GET,GET /api/v1/reservas/{id},5.356879,200,success,
1789925868.285945,GET,GET /api/v1/reservas,5.709513,200,success,
1789925868.323971,GET,GET /api/v1/reservas/{id},5.711107,200,success,
1789925868.342904,GET,GET /api/v1/reservas,6.600144,200,success,
1789925868.395480,GET,GET /api/v1/reservas,7.173313,200,success,
1789925868.437702,GET,GET /api/v1/reservas,6.843181,200,success,
1789925868.478653,GET,GET /api/v1/reservas/{id},5.687641,200,success,
1789925868.513398,GET,GET /api/v1/reservas/{id},6.481254,200,success,
1789925868.519096,GET,GET /api/v1/reservas,6.525762,200,success,
1789925868.542173,GET,GET /api/v1/reservas,6.727547,200,success,
1789925868.598402,GET,GET /api/v1/reservas,6.857804,200,success,
1789925868.634595,GET,GET /api/v1/reservas,6.846447,200,success,
1789925868.741214,GET,GET /api/v1/reservas,6.620043,200,success,
1789925868.741718,GET,GET /api/v1/reservas,7.732571,200,success,
1789925868.783272,GET,GET /api/v1/reservas,10.899541,200,success,
1789925868.790201,GET,GET /api/v1/reservas,9.493859,200,success,
1789925868.798402,GET,GET /api/v1/reservas,6.824974,200,success,
1789925868.799880,GET,GET /api/v1/reservas/{id},4.425026,200,success,
1789925868.852593,GET,GET /api/v1/reservas/{id},7.452635,200,success,
1789925868.874353,GET,GET /api/v1/reservas,7.397901,200,success,
1789925868.994720,GET,GET /api/v1/reservas,6.986199,200,success,
1789925869.061025,GET,GET /api/v1/reservas,6.907840,200,success,
1789925869.071415,GET,GET /api/v1/reservas/{id},5.135054,200,success,
1789925869.107750,GET,GET /api/v1/reservas,6.941562,200,success,
1789925869.128110,GET,GET /api/v1/reservas,8.999740,200,success,
1789925869.145198,GET,GET /api/v1/reservas,6.740136,200,success,
1789925869.209480,GET,GET /api/v1/reservas,6.917905,200,success,
1789925869.305380,GET,GET /api/v1/reservas/{id},5.607189,200,success,
1789925869.313881,GET,GET /api/v1/reservas/{id},4.597829,200,success,
1789925869.314468,GET,GET /api/v1/reservas,5.775154,200,success,
1789925869.324955,GET,GET /api/v1/reservas/{id},5.286643,200,success,
1789925869.352338,GET,GET /api/v1/reservas,7.013250,200,success,
1789925869.365628,GET,GET /api/v1/reservas/{id},5.064465,200,success,
1789925869.365944,GET,GET /api/v1/reservas/{id},4.694095,200,success,
1789925869.454067,GET,GET /api/v1/reservas,6.820888,200,success,
1789925869.507380,GET,GET /api/v1/reservas,6.962993,200,success,
1789925869.522084,GET,GET /api/v1/reservas,6.368452,200,success,
1789925869.537597,GET,GET /api/v1/reservas,7.227854,200,success,
1789925869.540001,GET,GET /api/v1/reservas/{id},4.895710,200,success,
1789925869.661806,GET,GET /api/v1/reservas,7.460407,200,success,
1789925869.663159,GET,GET /api/v1/reservas,8.110834,200,success,
1789925869.702055,GET,GET /api/v1/reservas,17.555498,200,success,
1789925869.749319,GET,GET /api/v1/reservas,7.875807,200,success,
1789925869.750044,GET,GET /api/v1/reservas,6.684010,200,success,
1789925869.809384,GET,GET /api/v1/reservas,7.009945,200,success,
1789925869.878960,GET,GET /api/v1/reservas,8.211755,200,success,
1789925869.879486,GET,GET /api/v1/reservas,8.162331,200,success,
1789925869.883598,GET,GET /api/v1/reservas,5.262175,200,success,
1789925869.922667,GET,GET /api/v1/reservas,6.948061,200,success,
1789925870.010700,GET,GET /api/v1/reservas/{id},5.721743,200,success,
1789925870.036041,GET,GET /api/v1/reservas,6.945877,200,success,
1789925870.207483,GET,GET /api/v1/reservas,8.980531,200,success,
1789925870.221730,GET,GET /api/v1/reservas,8.861292,200,success,
1789925870.225055,GET,GET /api/v1/reservas,7.955819,200,success,
1789925870.261335,GET,GET /api/v1/reservas,7.862276,200,success,
1789925870.270273,GET,GET /api/v1/reservas/{id},5.686819,200,success,
1789925870.341122,GET,GET /api/v1/reservas/{id},16.545487,200,success,
1789925870.360461,GET,GET /api/v1/reservas/{id},11.321669,200,success,
1789925870.360923,GET,GET /api/v1/reservas,19.576712,200,success,
1789925870.371506,GET,GET /api/v1/reservas,10.318740,200,success,
1789925870.391479,GET,GET /api/v1/reservas,11.487460,200,success,
1789925870.504189,GET,GET /api/v1/reservas/{id},6.363324,200,success,
1789925870.569206,GET,GET /api/v1/reservas/{id},5.653458,200,success,
1789925870.632075,GET,GET /api/v1/reservas/{id},5.567329,200,success,
1789925870.745712,GET,GET /api/v1/reservas,7.181274,200,success,
1789925870.748426,GET,GET /api/v1/reservas,6.042929,200,success,
1789925870.761436,GET,GET /api/v1/reservas,6.711532,200,success,
1789925870.761893,GET,GET /api/v1/reservas,6.484678,200,success,
1789925870.803246,GET,GET /api/v1/reservas,7.031056,200,success,
1789925870.825530,GET,GET /api/v1/reservas,6.933788,200,success,
1789925870.882749,GET,GET /api/v1/reservas,6.867208,200,success,
1789925870.997808,GET,GET /api/v1/reservas,6.830904,200,success,
1789925871.015069,GET,GET /api/v1/reservas,6.892457,200,success,
1789925871.025133,GET,GET /api/v1/reservas/{id},5.804047,200,success,
1789925871.061107,GET,GET /api/v1/reservas,6.593914,200,success,
1789925871.121596,GET,GET /api/v1/reservas,7.145480,200,success,
1789925871.202657,GET,GET /api/v1/reservas,6.644220,200,success,
1789925871.275918,GET,GET /api/v1/reservas,8.906840,200,success,
1789925871.297124,GET,GET /api/v1/reservas,7.858260,200,success,
1789925871.324103,GET,GET /api/v1/reservas/{id},6.705242,200,success,
1789925871.354238,GET,GET /api/v1/reservas/{id},5.852720,200,success,
1789925871.432167,GET,GET /api/v1/reservas,8.451971,200,success,
1789925871.440449,GET,GET /api/v1/reservas/{id},6.011140,200,success,
1789925871.459526,GET,GET /api/v1/reservas,8.296124,200,success,
1789925871.563541,GET,GET /api/v1/reservas,7.497493,200,success,
1789925871.747850,GET,GET /api/v1/reservas,6.822480,200,success,
1789925871.797881,GET,GET /api/v1/reservas,6.663259,200,success,
1789925871.833013,GET,GET /api/v1/reservas,7.259723,200,success,
1789925871.865384,GET,GET /api/v1/reservas,7.022994,200,success,
1789925872.032452,GET,GET /api/v1/reservas,6.826446,200,success,
1789925872.066237,GET,GET /api/v1/reservas/{id},5.500516,200,success,
1789925872.091910,GET,GET /api/v1/reservas/{id},5.399814,200,success,
1789925872.114541,GET,GET /api/v1/reservas,6.756771,200,success,
1789925872.115090,GET,GET /api/v1/reservas,7.834695,200,success,
1789925872.116164,GET,GET /api/v1/reservas,5.577072,200,success,
1789925872.151201,GET,GET /api/v1/reservas/{id},5.787551,200,success,
1789925872.195273,GET,GET /api/v1/reservas,6.687636,200,success,
1789925872.220255,GET,GET /api/v1/reservas/{id},5.706038,200,success,
1789925872.220632,GET,GET /api/v1/reservas/{id},4.200747,200,success,
1789925872.278082,GET,GET /api/v1/reservas,6.321511,200,success,
1789925872.278246,GET,GET /api/v1/reservas,7.352184,200,success,
1789925872.295752,GET,GET /api/v1/reservas/{id},5.291260,200,success,
1789925872.328225,GET,GET /api/v1/reservas,7.050697,200,success,
1789925872.353370,GET,GET /api/v1/reservas,6.772695,200,success,
1789925872.387840,GET,GET /api/v1/reservas,7.086541,200,success,
1789925872.420976,GET,GET /api/v1/reservas,7.764118,200,success,
1789925872.454119,GET,GET /api/v1/reservas,6.758023,200,success,
1789925872.465911,GET,GET /api/v1/reservas,6.462795,200,success,
1789925872.470573,GET,GET /api/v1/reservas,5.868705,200,success,
1789925872.471017,GET,GET /api/v1/reservas,6.856954,200,success,
1789925872.487138,GET,GET /api/v1/reservas,6.810552,200,success,
1789925872.518406,GET,GET /api/v1/reservas,6.905356,200,success,
1789925872.555399,GET,GET /api/v1/reservas,7.514909,200,success,
1789925872.637184,GET,GET /api/v1/reservas,9.090138,200,success,
1789925872.638668,GET,GET /api/v1/reservas,6.736590,200,success,
1789925872.716067,GET,GET /api/v1/reservas,7.969318,200,success,
1789925872.797219,GET,GET /api/v1/reservas,10.569810,200,success,
1789925872.828858,GET,GET /api/v1/reservas,10.177986,200,success,
1789925872.894658,GET,GET /api/v1/reservas/{id},5.510513,200,success,
1789925872.976609,GET,GET /api/v1/reservas,6.694567,200,success,
1789925873.023690,GET,GET /api/v1/reservas,6.690640,200,success,
1789925873.032364,GET,GET /api/v1/reservas/{id},5.063704,200,success,
1789925873.032732,GET,GET /api/v1/reservas/{id},5.845490,200,success,
1789925873.064052,GET,GET /api/v1/reservas,7.947054,200,success,
1789925873.106838,GET,GET /api/v1/reservas/{id},5.505184,200,success,
1789925873.151957,GET,GET /api/v1/reservas,6.759555,200,success,
1789925873.261748,GET,GET /api/v1/reservas,7.369689,200,success,
1789925873.340819,GET,GET /api/v1/reservas,10.517420,200,success,
1789925873.382602,GET,GET /api/v1/reservas/{id},13.442433,200,success,
1789925873.440055,GET,GET /api/v1/reservas,8.976886,200,success,
1789925873.502232,GET,GET /api/v1/reservas,8.662710,200,success,
1789925873.536861,GET,GET /api/v1/reservas/{id},6.352468,200,success,
1789925873.551813,GET,GET /api/v1/reservas,6.568426,200,success,
1789925873.570238,GET,GET /api/v1/reservas,7.065188,200,success,
1789925873.591275,GET,GET /api/v1/reservas,6.679985,200,success,
1789925873.623456,GET,GET /api/v1/reservas,6.829953,200,success,
1789925873.663109,GET,GET /api/v1/reservas,7.252402,200,success,
1789925873.664028,GET,GET /api/v1/reservas,5.309317,200,success,
1789925873.689208,GET,GET /api/v1/reservas,6.875431,200,success,
1789925873.698336,GET,GET /api/v1/reservas,5.857637,200,success,
1789925873.709352,GET,GET /api/v1/reservas,5.715312,200,success,
1789925873.723716,GET,GET /api/v1/reservas,7.050195,200,success,
1789925873.772963,GET,GET /api/v1/reservas/{id},8.977597,200,success,
1789925873.827304,GET,GET /api/v1/reservas/{id},5.506585,200,success,
1789925873.850875,GET,GET /api/v1/reservas,8.167038,200,success,
1789925873.851150,GET,GET /api/v1/reservas,6.507183,200,success,
1789925873.964202,GET,GET /api/v1/reservas,6.952298,200,success,
1789925874.093516,GET,GET /api/v1/reservas,6.894068,200,success,
1789925874.153293,GET,GET /api/v1/reservas/{id},5.478455,200,success,
1789925874.200417,GET,GET /api/v1/reservas,6.766776,200,success,
1789925874.248714,GET,GET /api/v1/reservas,8.953962,200,success,
1789925874.256498,GET,GET /api/v1/reservas,6.406420,200,success,
1789925874.295271,GET,GET /api/v1/reservas,6.431348,200,success,
1789925874.301678,GET,GET /api/v1/reservas,5.099048,200,success,
1789925874.316159,GET,GET /api/v1/reservas,6.132695,200,success,
1789925874.345045,GET,GET /api/v1/reservas/{id},5.622922,200,success,
1789925874.348772,GET,GET /api/v1/reservas/{id},4.609237,200,success,
1789925874.420890,GET,GET /api/v1/reservas,6.734908,200,success,
1789925874.557565,GET,GET /api/v1/reservas/{id},5.331321,200,success,
1789925874.622545,GET,GET /api/v1/reservas/{id},5.715253,200,success,
1789925874.654238,GET,GET /api/v1/reservas,6.359739,200,success,
1789925874.676838,GET,GET /api/v1/reservas,6.267470,200,success,
1789925874.704772,GET,GET /api/v1/reservas,6.555125,200,success,
1789925874.716136,GET,GET /api/v1/reservas,6.055067,200,success,
1789925874.748934,GET,GET /api/v1/reservas,14.258381,200,success,
1789925874.754752,GET,GET /api/v1/reservas,13.574194,200,success,
1789925874.805320,GET,GET /api/v1/reservas,7.046320,200,success,
1789925874.810033,GET,GET /api/v1/reservas/{id},4.521623,200,success,
1789925874.813797,GET,GET /api/v1/reservas,5.374176,200,success,
1789925874.898867,GET,GET /api/v1/reservas,6.684711,200,success,
1789925874.930288,GET,GET /api/v1/reservas/{id},5.303649,200,success,
1789925874.980781,GET,GET /api/v1/reservas,7.120512,200,success,
1789925874.988113,GET,GET /api/v1/reservas,6.030139,200,success,
1789925874.995854,GET,GET /api/v1/reservas,5.474888,200,success,
1789925875.017425,GET,GET /api/v1/reservas,6.199326,200,success,
1789925875.069398,GET,GET /api/v1/reservas/{id},5.683404,200,success,
1789925875.075194,GET,GET /api/v1/reservas,6.468694,200,success,
1789925875.077728,GET,GET /api/v1/reservas,5.834182,200,success,
1789925875.146586,GET,GET /api/v1/reservas,6.523367,200,success,
1789925875.264963,GET,GET /api/v1/reservas,6.959047,200,success,
1789925875.268381,GET,GET /api/v1/reservas,5.426155,200,success,
1789925875.289578,GET,GET /api/v1/reservas/{id},4.106845,200,success,
1789925875.290104,GET,GET /api/v1/reservas,6.363345,200,success,
1789925875.306695,GET,GET /api/v1/reservas/{id},4.394140,200,success,
1789925875.318527,GET,GET /api/v1/reservas/{id},4.633052,200,success,
1789925875.332105,GET,GET /api/v1/reservas,6.229321,200,success,
1789925875.368945,GET,GET /api/v1/reservas/{id},5.575500,200,success,
1789925875.394468,GET,GET /api/v1/reservas,8.110914,200,success,
1789925875.408442,GET,GET /api/v1/reservas,6.619683,200,success,
1789925875.414292,GET,GET /api/v1/reservas,6.726945,200,success,
1789925875.568175,GET,GET /api/v1/reservas/{id},5.523241,200,success,
1789925875.610022,GET,GET /api/v1/reservas,6.503737,200,success,
1789925875.665749,GET,GET /api/v1/reservas/{id},5.479384,200,success,
1789925875.910653,GET,GET /api/v1/reservas/{id},5.549341,200,success,
1789925875.932127,GET,GET /api/v1/reservas,6.377717,200,success,
1789925875.966495,GET,GET /api/v1/reservas,6.999648,200,success,
1789925875.967714,GET,GET /api/v1/reservas,5.477342,200,success,
1789925875.980566,GET,GET /api/v1/reservas,5.571524,200,success,
1789925876.074213,GET,GET /api/v1/reservas,7.245480,200,success,
1789925876.078224,GET,GET /api/v1/reservas,5.343368,200,success,
1789925876.193858,GET,GET /api/v1/reservas/{id},5.312412,200,success,
1789925876.261950,GET,GET /api/v1/reservas,6.686313,200,success,
1789925876.279084,GET,GET /api/v1/reservas,5.724837,200,success,
1789925876.321213,GET,GET /api/v1/reservas,6.744752,200,success,
1789925876.346206,GET,GET /api/v1/reservas,6.650700,200,success,
1789925876.394868,GET,GET /api/v1/reservas,9.267326,200,success,
1789925876.404972,GET,GET /api/v1/reservas/{id},5.877749,200,success,
1789925876.521600,GET,GET /api/v1/reservas,8.127538,200,success,
1789925876.528965,GET,GET /api/v1/reservas,8.421445,200,success,
1789925876.554339,GET,GET /api/v1/reservas,6.977495,200,success,
1789925876.574972,GET,GET /api/v1/reservas,7.202737,200,success,
1789925876.589099,GET,GET /api/v1/reservas/{id},5.643985,200,success,
1789925876.631250,GET,GET /api/v1/reservas,7.705418,200,success,
1789925876.634669,GET,GET /api/v1/reservas,6.123630,200,success,
1789925876.646650,GET,GET /api/v1/reservas,8.710833,200,success,
1789925876.648635,GET,GET /api/v1/reservas,5.826711,200,success,
1789925876.654052,GET,GET /api/v1/reservas,5.177647,200,success,
1789925876.677000,GET,GET /api/v1/reservas,7.612958,200,success,
1789925876.696620,GET,GET /api/v1/reservas,6.289132,200,success,
1789925876.717385,GET,GET /api/v1/reservas,6.465288,200,success,
1789925876.739606,GET,GET /api/v1/reservas,6.904584,200,success,
1789925876.781131,GET,GET /api/v1/reservas/{id},5.281035,200,success,
1789925876.850662,GET,GET /api/v1/reservas,10.105867,200,success,
1789925876.994172,GET,GET /api/v1/reservas/{id},7.043696,200,success,
1789925877.053469,GET,GET /api/v1/reservas,6.922522,200,success,
1789925877.091775,GET,GET /api/v1/reservas,6.933199,200,success,
1789925877.112685,GET,GET /api/v1/reservas,6.585021,200,success,
1789925877.118385,GET,GET /api/v1/reservas,5.501508,200,success,
1789925877.127150,GET,GET /api/v1/reservas,5.486235,200,success,
1789925877.137420,GET,GET /api/v1/reservas,5.934685,200,success,
1789925877.137953,GET,GET /api/v1/reservas,5.877038,200,success,
1789925877.150849,GET,GET /api/v1/reservas,5.594950,200,success,
1789925877.250497,GET,GET /api/v1/reservas,7.259373,200,success,
1789925877.255865,GET,GET /api/v1/reservas,6.152445,200,success,
1789925877.260536,GET,GET /api/v1/reservas/{id},4.523186,200,success,
1789925877.290655,GET,GET /api/v1/reservas,9.718890,200,success,
1789925877.306064,GET,GET /api/v1/reservas,6.031952,200,success,
1789925877.311083,GET,GET /api/v1/reservas,4.775519,200,success,
1789925877.510321,GET,GET /api/v1/reservas,6.869080,200,success,
1789925877.553385,GET,GET /api/v1/reservas/{id},4.949141,200,success,
1789925877.553917,GET,GET /api/v1/reservas,7.226463,200,success,
1789925877.555512,GET,GET /api/v1/reservas,5.313964,200,success,
1789925877.640372,GET,GET /api/v1/reservas,6.511810,200,success,
1789925877.716042,GET,GET /api/v1/reservas,7.295908,200,success,
1789925877.803872,GET,GET /api/v1/reservas,7.415168,200,success,
1789925877.807583,GET,GET /api/v1/reservas,6.225205,200,success,
1789925877.824471,GET,GET /api/v1/reservas,6.115358,200,success,
1789925877.925494,GET,GET /api/v1/reservas,6.625923,200,success,
1789925877.973897,GET,GET /api/v1/reservas/{id},5.157587,200,success,
1789925877.982315,GET,GET /api/v1/reservas,5.109183,200,success,
1789925878.018560,GET,GET /api/v1/reservas,6.813928,200,success,
1789925878.019353,GET,GET /api/v1/reservas,6.992999,200,success,
1789925878.094436,GET,GET /api/v1/reservas,6.710190,200,success,
1789925878.165761,GET,GET /api/v1/reservas,11.901779,200,success,
1789925878.249243,GET,GET /api/v1/reservas,9.953896,200,success,
1789925878.254460,GET,GET /api/v1/reservas,11.988831,200,success,
1789925878.261218,GET,GET /api/v1/reservas,15.007286,200,success,
1789925878.291700,GET,GET /api/v1/reservas,10.039817,200,success,
1789925878.352303,GET,GET /api/v1/reservas,8.203443,200,success,
1789925878.368725,GET,GET /api/v1/reservas,8.957146,200,success,
1789925878.416698,GET,GET /api/v1/reservas,9.588833,200,success,
1789925878.437811,GET,GET /api/v1/reservas,11.728307,200,success,
1789925878.467227,GET,GET /api/v1/reservas,7.035073,200,success,
1789925878.496934,GET,GET /api/v1/reservas,15.368865,200,success,
1789925878.508700,GET,GET /api/v1/reservas,12.347885,200,success,
1789925878.515936,GET,GET /api/v1/reservas/{id},4.986777,200,success,
1789925878.524866,GET,GET /api/v1/reservas,5.593928,200,success,
1789925878.533637,GET,GET /api/v1/reservas,5.482008,200,success,
1789925878.645539,GET,GET /api/v1/reservas,6.517098,200,success,
1789925878.735709,GET,GET /api/v1/reservas,6.784934,200,success,
1789925878.753471,GET,GET /api/v1/reservas,6.448964,200,success,
1789925878.768784,GET,GET /api/v1/reservas/{id},5.087651,200,success,
1789925878.874494,GET,GET /api/v1/reservas/{id},5.363369,200,success,
1789925878.910701,GET,GET /api/v1/reservas,6.811945,200,success,
1789925879.021352,GET,GET /api/v1/reservas,6.509636,200,success,
1789925879.046232,GET,GET /api/v1/reservas,6.537498,200,success,
1789925879.068172,GET,GET /api/v1/reservas,6.599893,200,success,
1789925879.068630,GET,GET /api/v1/reservas,6.676469,200,success,
1789925879.079709,GET,GET /api/v1/reservas,5.829185,200,success,
1789925879.155378,GET,GET /api/v1/reservas/{id},5.393775,200,success,
1789925879.159812,GET,GET /api/v1/reservas,5.836526,200,success,
1789925879.252722,GET,GET /api/v1/reservas,6.522345,200,success,
1789925879.343945,GET,GET /api/v1/reservas,6.809811,200,success,
1789925879.349113,GET,GET /api/v1/reservas,6.081368,200,success,
1789925879.375319,GET,GET /api/v1/reservas/{id},5.951900,200,success,
1789925879.376779,GET,GET /api/v1/reservas,5.119429,200,success,
1789925879.562710,GET,GET /api/v1/reservas,6.464227,200,success,
1789925879.593350,GET,GET /api/v1/reservas/{id},5.401427,200,success,
1789925879.650893,GET,GET /api/v1/reservas,6.208149,200,success,
1789925879.657535,GET,GET /api/v1/reservas,5.336548,200,success,
1789925879.659566,GET,GET /api/v1/reservas,4.754225,200,success,
1789925879.671771,GET,GET /api/v1/reservas,4.943132,200,success,
1789925879.692420,GET,GET /api/v1/reservas,5.340223,200,success,
1789925879.741709,GET,GET /api/v1/reservas/{id},5.051315,200,success,
1789925879.743721,GET,GET /api/v1/reservas,5.169786,200,success,
1789925879.772411,GET,GET /api/v1/reservas,6.354962,200,success,
1789925879.812535,GET,GET /api/v1/reservas,5.026989,200,success,
1789925879.812675,GET,GET /api/v1/reservas,7.011437,200,success,
1789925879.827734,GET,GET /api/v1/reservas,4.831162,200,success,
1789925879.870167,GET,GET /api/v1/reservas,6.120146,200,success,
1789925879.889953,GET,GET /api/v1/reservas,5.490121,200,success,
1789925879.891334,GET,GET /api/v1/reservas,5.219832,200,success,
1789925879.915286,GET,GET /api/v1/reservas,5.636214,200,success,
1789925879.956616,GET,GET /api/v1/reservas,6.290223,200,success,
1789925879.957070,GET,GET /api/v1/reservas,5.120220,200,success,
1789925879.985317,GET,GET /api/v1/reservas/{id},5.027239,200,success,
1789925880.106358,GET,GET /api/v1/reservas,6.618851,200,success,
1789925880.212557,GET,GET /api/v1/reservas,6.799225,200,success,
1789925880.220011,GET,GET /api/v1/reservas,6.123561,200,success,
1789925880.237847,GET,GET /api/v1/reservas/{id},5.587419,200,success,
1789925880.301053,GET,GET /api/v1/reservas,6.795219,200,success,
1789925880.306411,GET,GET /api/v1/reservas,6.252256,200,success,
1789925880.461747,GET,GET /api/v1/reservas,6.990355,200,success,
1789925880.483999,GET,GET /api/v1/reservas,6.892187,200,success,
1789925880.492056,GET,GET /api/v1/reservas/{id},4.836371,200,success,
1789925880.542284,GET,GET /api/v1/reservas,6.886318,200,success,
1789925880.581810,GET,GET /api/v1/reservas,7.197579,200,success,
1789925880.636823,GET,GET /api/v1/reservas/{id},29.734697,200,success,
1789925880.700549,GET,GET /api/v1/reservas/{id},6.408553,200,success,
1789925880.712931,GET,GET /api/v1/reservas,8.064023,200,success,
1789925880.752297,GET,GET /api/v1/reservas,11.831522,200,success,
1789925880.825287,GET,GET /api/v1/reservas/{id},6.288271,200,success,
1789925880.840740,GET,GET /api/v1/reservas,8.087468,200,success,
1789925880.845582,GET,GET /api/v1/reservas,6.150252,200,success,
1789925880.895002,GET,GET /api/v1/reservas/{id},4.433320,200,success,
1789925880.895336,GET,GET /api/v1/reservas/{id},5.563382,200,success,
1789925880.991718,GET,GET /api/v1/reservas,6.282943,200,success,
1789925881.030354,GET,GET /api/v1/reservas/{id},5.409719,200,success,
1789925881.055624,GET,GET /api/v1/reservas/{id},5.055774,200,success,
1789925881.120555,GET,GET /api/v1/reservas,6.524398,200,success,
1789925881.169933,GET,GET /api/v1/reservas/{id},6.059524,200,success,
1789925881.279607,GET,GET /api/v1/reservas/{id},5.330479,200,success,
1789925881.284303,GET,GET /api/v1/reservas,8.065644,200,success,
1789925881.314802,GET,GET /api/v1/reservas,6.178415,200,success,
1789925881.335093,GET,GET /api/v1/reservas,5.928245,200,success,
1789925881.354444,GET,GET /api/v1/reservas,5.037915,200,success,
1789925881.393776,GET,GET /api/v1/reservas/{id},4.128547,200,success,
1789925881.413414,GET,GET /api/v1/reservas,5.342807,200,success,
1789925881.506718,GET,GET /api/v1/reservas/{id},6.042177,200,success,
1789925881.542293,GET,GET /api/v1/reservas/{id},5.328166,200,success,
1789925881.568207,GET,GET /api/v1/reservas,6.531619,200,success,
1789925881.588264,GET,GET /api/v1/reservas,9.534160,200,success,
1789925881.717563,GET,GET /api/v1/reservas,7.838541,200,success,
1789925881.769234,GET,GET /api/v1/reservas,11.265895,200,success,
1789925881.769442,GET,GET /api/v1/reservas,10.942835,200,success,
1789925881.831159,GET,GET /api/v1/reservas,11.818773,200,success,
1789925881.906208,GET,GET /api/v1/reservas,6.634076,200,success,
1789925881.979804,GET,GET /api/v1/reservas,6.477568,200,success,
1789925882.047258,GET,GET /api/v1/reservas/{id},5.193391,200,success,
1789925882.115663,GET,GET /api/v1/reservas/{id},5.120431,200,success,
1789925882.139216,GET,GET /api/v1/reservas,6.218105,200,success,
1789925882.194552,GET,GET /api/v1/reservas,6.931967,200,success,
1789925882.230373,GET,GET /api/v1/reservas,7.437583,200,success,
1789925882.262130,GET,GET /api/v1/reservas,6.391698,200,success,
1789925882.299456,GET,GET /api/v1/reservas/{id},5.085798,200,success,
1789925882.348809,GET,GET /api/v1/reservas/{id},6.056940,200,success,
1789925882.393064,GET,GET /api/v1/reservas,6.846656,200,success,
1789925882.473144,GET,GET /api/v1/reservas,7.631247,200,success,
1789925882.489255,GET,GET /api/v1/reservas/{id},5.874914,200,success,
1789925882.514113,GET,GET /api/v1/reservas,7.428289,200,success,
1789925882.541297,GET,GET /api/v1/reservas,6.853238,200,success,
1789925882.563714,GET,GET /api/v1/reservas/{id},5.171127,200,success,
1789925882.684625,GET,GET /api/v1/reservas,6.494804,200,success,
1789925882.751499,GET,GET /api/v1/reservas,6.523938,200,success,
1789925882.764763,GET,GET /api/v1/reservas,5.969919,200,success,
1789925882.788686,GET,GET /api/v1/reservas,7.590243,200,success,
1789925882.818155,GET,GET /api/v1/reservas,7.080301,200,success,
1789925882.851333,GET,GET /api/v1/reservas/{id},5.878869,200,success,
1789925882.855513,GET,GET /api/v1/reservas/{id},5.110765,200,success,
1789925882.956517,GET,GET /api/v1/reservas,8.363917,200,success,
1789925882.969222,GET,GET /api/v1/reservas,7.378603,200,success,
1789925883.046527,GET,GET /api/v1/reservas/{id},6.994120,200,success,
1789925883.082369,GET,GET /api/v1/reservas,10.456297,200,success,
1789925883.089279,GET,GET /api/v1/reservas,6.639384,200,success,
1789925883.126060,GET,GET /api/v1/reservas,10.403198,200,success,
1789925883.204321,GET,GET /api/v1/reservas,6.850263,200,success,
1789925883.254302,GET,GET /api/v1/reservas,6.641386,200,success,
1789925883.268775,GET,GET /api/v1/reservas,6.186105,200,success,
1789925883.280890,GET,GET /api/v1/reservas,5.803527,200,success,
1789925883.314009,GET,GET /api/v1/reservas,6.740677,200,success,
1789925883.358123,GET,GET /api/v1/reservas/{id},16.825542,200,success,
1789925883.442320,GET,GET /api/v1/reservas,7.736847,200,success,
1789925883.466882,GET,GET /api/v1/reservas/{id},8.168109,200,success,
1789925883.484174,GET,GET /api/v1/reservas,5.970620,200,success,
1789925883.490505,GET,GET /api/v1/reservas/{id},4.142658,200,success,
1789925883.513387,GET,GET /api/v1/reservas/{id},5.650785,200,success,
1789925883.531192,GET,GET /api/v1/reservas,6.488804,200,success,
1789925883.538419,GET,GET /api/v1/reservas,5.938901,200,success,
1789925883.600788,GET,GET /api/v1/reservas,7.962528,200,success,
1789925883.610416,GET,GET /api/v1/reservas/{id},8.407243,200,success,
1789925883.625550,GET,GET /api/v1/reservas,8.763904,200,success,
1789925883.749586,GET,GET /api/v1/reservas,12.893872,200,success,
1789925883.750319,GET,GET /api/v1/reservas,14.394667,200,success,
1789925883.752087,GET,GET /api/v1/reservas,13.248550,200,success,
1789925883.797525,GET,GET /api/v1/reservas,23.683376,200,success,
1789925883.852891,GET,GET /api/v1/reservas,11.373819,200,success,
1789925883.877352,GET,GET /api/v1/reservas,10.057684,200,success,
1789925883.878796,GET,GET /api/v1/reservas,7.569733,200,success,
1789925883.890947,GET,GET /api/v1/reservas/{id},6.946178,200,success,
1789925883.973881,GET,GET /api/v1/reservas,6.772173,200,success,
1789925884.019261,GET,GET /api/v1/reservas,7.033680,200,success,
1789925884.038098,GET,GET /api/v1/reservas,6.460121,200,success,
1789925884.073593,GET,GET /api/v1/reservas,7.120933,200,success,
1789925884.077319,GET,GET /api/v1/reservas/{id},4.624259,200,success,
1789925884.177502,GET,GET /api/v1/reservas,6.790262,200,success,
1789925884.183407,GET,GET /api/v1/reservas,5.674671,200,success,
1789925884.297299,GET,GET /api/v1/reservas,11.429053,200,success,
1789925884.355702,GET,GET /api/v1/reservas,7.040290,200,success,
1789925884.386363,GET,GET /api/v1/reservas/{id},5.389589,200,success,
1789925884.444671,GET,GET /api/v1/reservas,6.896723,200,success,
1789925884.541300,GET,GET /api/v1/reservas,7.220583,200,success,
1789925884.580298,GET,GET /api/v1/reservas,6.661006,200,success,
1789925884.672863,GET,GET /api/v1/reservas,7.134022,200,success,
1789925884.694902,GET,GET /api/v1/reservas,5.836627,200,success,
1789925884.695359,GET,GET /api/v1/reservas,8.169272,200,success,
1789925884.700705,GET,GET /api/v1/reservas,6.841920,200,success,
1789925884.755562,GET,GET /api/v1/reservas/{id},5.584994,200,success,
1789925884.783718,GET,GET /api/v1/reservas,6.781648,200,success,
1789925884.794899,GET,GET /api/v1/reservas/{id},4.966327,200,success,
1789925884.841727,GET,GET /api/v1/reservas/{id},5.467948,200,success,
1789925884.846168,GET,GET /api/v1/reservas,5.962596,200,success,
1789925884.858974,GET,GET /api/v1/reservas,6.497017,200,success,
1789925885.166109,GET,GET /api/v1/reservas,6.730782,200,success,
1789925885.205885,GET,GET /api/v1/reservas,7.378163,200,success,
1789925885.307306,GET,GET /api/v1/reservas,7.008954,200,success,
1789925885.326550,GET,GET /api/v1/reservas,6.873689,200,success,
1789925885.353016,GET,GET /api/v1/reservas,7.078268,200,success,
1789925885.379402,GET,GET /api/v1/reservas,6.976745,200,success,
1789925885.379975,GET,GET /api/v1/reservas,5.660390,200,success,
1789925885.393963,GET,GET /api/v1/reservas,6.682519,200,success,
1789925885.402381,GET,GET /api/v1/reservas,6.113545,200,success,
1789925885.416492,GET,GET /api/v1/reservas,6.792875,200,success,
1789925885.484252,GET,GET /api/v1/reservas/{id},5.478374,200,success,
1789925885.518662,GET,GET /api/v1/reservas,8.039755,200,success,
1789925885.533557,GET,GET /api/v1/reservas,6.580133,200,success,
1789925885.590296,GET,GET /api/v1/reservas,6.380410,200,success,
1789925885.598779,GET,GET /api/v1/reservas,5.179060,200,success,
1789925885.632090,GET,GET /api/v1/reservas/{id},5.082633,200,success,
1789925885.670607,GET,GET /api/v1/reservas,6.182740,200,success,
1789925885.715153,GET,GET /api/v1/reservas,7.182346,200,success,
1789925885.718120,GET,GET /api/v1/reservas,5.796846,200,success,
1789925885.737791,GET,GET /api/v1/reservas/{id},4.475423,200,success,
1789925885.742751,GET,GET /api/v1/reservas,4.759023,200,success,
1789925885.751879,GET,GET /api/v1/reservas,4.857893,200,success,
1789925885.796044,GET,GET /api/v1/reservas,6.462545,200,success,
1789925885.806566,GET,GET /api/v1/reservas,5.209316,200,success,
1789925885.828646,GET,GET /api/v1/reservas,6.316173,200,success,
1789925885.835897,GET,GET /api/v1/reservas,4.965035,200,success,
1789925885.881028,GET,GET /api/v1/reservas/{id},4.883211,200,success,
1789925885.884793,GET,GET /api/v1/reservas,4.833907,200,success,
1789925885.899530,GET,GET /api/v1/reservas,4.467011,200,success,
1789925885.979772,GET,GET /api/v1/reservas/{id},5.178889,200,success,
1789925886.018971,GET,GET /api/v1/reservas,5.899832,200,success,
1789925886.040006,GET,GET /api/v1/reservas,6.201850,200,success,
1789925886.040418,GET,GET /api/v1/reservas,7.150608,200,success,
1789925886.133772,GET,GET /api/v1/reservas/{id},5.116815,200,success,
1789925886.181060,GET,GET /api/v1/reservas,6.932107,200,success,
1789925886.182344,GET,GET /api/v1/reservas,5.046548,200,success,
1789925886.189896,GET,GET /api/v1/reservas/{id},3.390920,200,success,
1789925886.217189,GET,GET /api/v1/reservas/{id},5.070956,200,success,
1789925886.379862,GET,GET /api/v1/reservas,6.242892,200,success,
1789925886.503741,GET,GET /api/v1/reservas,6.476836,200,success,
1789925886.534173,GET,GET /api/v1/reservas,6.092123,200,success,
1789925886.586327,GET,GET /api/v1/reservas/{id},4.920567,200,success,
1789925886.593889,GET,GET /api/v1/reservas,5.261594,200,success,
1789925886.599787,GET,GET /api/v1/reservas,4.647313,200,success,
1789925886.693748,GET,GET /api/v1/reservas/{id},5.666469,200,success,
1789925886.748732,GET,GET /api/v1/reservas/{id},5.719107,200,success,
1789925886.891255,GET,GET /api/v1/reservas,7.052078,200,success,
1789925886.907375,GET,GET /api/v1/reservas/{id},4.893887,200,success,
1789925886.925722,GET,GET /api/v1/reservas,8.979399,200,success,
1789925886.980057,GET,GET /api/v1/reservas,7.052168,200,success,
1789925886.995580,GET,GET /api/v1/reservas,10.148903,200,success,
1789925887.026489,GET,GET /api/v1/reservas,7.538415,200,success,
1789925887.029413,GET,GET /api/v1/reservas,5.148894,200,success,
1789925887.144134,GET,GET /api/v1/reservas,6.340350,200,success,
1789925887.214999,GET,GET /api/v1/reservas,6.518089,200,success,
1789925887.249099,GET,GET /api/v1/reservas,8.766107,200,success,
1789925887.255003,GET,GET /api/v1/reservas,4.605701,200,success,
1789925887.260590,GET,GET /api/v1/reservas,4.334500,200,success,
1789925887.290266,GET,GET /api/v1/reservas,5.361787,200,success,
1789925887.352207,GET,GET /api/v1/reservas,6.560893,200,success,
1789925887.420627,GET,GET /api/v1/reservas/{id},6.207478,200,success,
1789925887.426843,GET,GET /api/v1/reservas,5.936999,200,success,
1789925887.432109,GET,GET /api/v1/reservas,5.030324,200,success,
1789925887.494528,GET,GET /api/v1/reservas,6.094618,200,success,
1789925887.524462,GET,GET /api/v1/reservas,6.639434,200,success,
1789925887.548617,GET,GET /api/v1/reservas,5.818810,200,success,
1789925887.689571,GET,GET /api/v1/reservas,6.524378,200,success,
1789925887.751458,GET,GET /api/v1/reservas/{id},6.125935,200,success,
1789925887.751934,GET,GET /api/v1/reservas,7.018417,200,success,
1789925887.761544,GET,GET /api/v1/reservas,4.408913,200,success,
1789925887.779307,GET,GET /api/v1/reservas,4.531990,200,success,
1789925887.835769,GET,GET /api/v1/reservas,6.630640,200,success,
1789925887.881186,GET,GET /api/v1/reservas,7.081112,200,success,
1789925887.908355,GET,GET /api/v1/reservas,5.878420,200,success,
1789925887.913611,GET,GET /api/v1/reservas,4.995452,200,success,
1789925887.923953,GET,GET /api/v1/reservas,5.047581,200,success,
1789925888.025914,GET,GET /api/v1/reservas,6.916403,200,success,
1789925888.031008,GET,GET /api/v1/reservas,6.012533,200,success,
1789925888.041756,GET,GET /api/v1/reservas/{id},4.541573,200,success,
1789925888.111965,GET,GET /api/v1/reservas,6.822941,200,success,
1789925888.224558,GET,GET /api/v1/reservas,8.082240,200,success,
1789925888.240736,GET,GET /api/v1/reservas,5.830627,200,success,
1789925888.263387,GET,GET /api/v1/reservas,5.312201,200,success,
1789925888.315113,GET,GET /api/v1/reservas,6.393811,200,success,
1789925888.340582,GET,GET /api/v1/reservas,7.119281,200,success,
1789925888.375495,GET,GET /api/v1/reservas,5.623323,200,success,
1789925888.387241,GET,GET /api/v1/reservas/{id},4.549335,200,success,
1789925888.403750,GET,GET /api/v1/reservas,5.250868,200,success,
1789925888.436893,GET,GET /api/v1/reservas,6.800327,200,success,
1789925888.473932,GET,GET /api/v1/reservas,6.638311,200,success,
1789925888.500026,GET,GET /api/v1/reservas/{id},5.809075,200,success,
1789925888.520573,GET,GET /api/v1/reservas,7.153462,200,success,
1789925888.636089,GET,GET /api/v1/reservas/{id},6.275843,200,success,
1789925888.743747,GET,GET /api/v1/reservas,6.265535,200,success,
1789925888.764597,GET,GET /api/v1/reservas/{id},3.663302,200,success,
1789925888.796578,GET,GET /api/v1/reservas,6.656589,200,success,
1789925888.817514,GET,GET /api/v1/reservas/{id},4.721556,200,success,
1789925888.833723,GET,GET /api/v1/reservas/{id},4.020605,200,success,
1789925888.865964,GET,GET /api/v1/reservas/{id},4.030600,200,success,
1789925888.913361,GET,GET /api/v1/reservas,6.102369,200,success,
1789925888.946223,GET,GET /api/v1/reservas/{id},4.912156,200,success,
1789925889.055204,GET,GET /api/v1/reservas,6.553824,200,success,
1789925889.055639,GET,GET /api/v1/reservas,6.612012,200,success,
1789925889.071440,GET,GET /api/v1/reservas/{id},3.658314,200,success,
1789925889.104727,GET,GET /api/v1/reservas,5.982968,200,success,
1789925889.141295,GET,GET /api/v1/reservas,6.250744,200,success,
1789925889.173743,GET,GET /api/v1/reservas,5.143916,200,success,
1789925889.287537,GET,GET /api/v1/reservas,6.390795,200,success,
1789925889.307145,GET,GET /api/v1/reservas/{id},4.398697,200,success,
1789925889.332535,GET,GET /api/v1/reservas,6.057361,200,success,
1789925889.368279,GET,GET /api/v1/reservas/{id},4.524328,200,success,
1789925889.370157,GET,GET /api/v1/reservas,4.555765,200,success,
1789925889.382605,GET,GET /api/v1/reservas/{id},3.291439,200,success,
1789925889.439156,GET,GET /api/v1/reservas,6.231886,200,success,
1789925889.439469,GET,GET /api/v1/reservas/{id},3.881764,200,success,
1789925889.504751,GET,GET /api/v1/reservas,6.932768,200,success,
1789925889.524816,GET,GET /api/v1/reservas/{id},4.859325,200,success,
1789925889.543727,GET,GET /api/v1/reservas,5.629993,200,success,
1789925889.579488,GET,GET /api/v1/reservas,5.442058,200,success,
1789925889.585304,GET,GET /api/v1/reservas,4.552180,200,success,
1789925889.611717,GET,GET /api/v1/reservas,6.121758,200,success,
1789925889.657303,GET,GET /api/v1/reservas,7.229658,200,success,
1789925889.658997,GET,GET /api/v1/reservas,5.098117,200,success,
1789925889.873971,GET,GET /api/v1/reservas/{id},8.106737,200,success,
1789925889.875669,GET,GET /api/v1/reservas,8.608728,200,success,
1789925889.939248,GET,GET /api/v1/reservas,6.265957,200,success,
1789925889.978873,GET,GET /api/v1/reservas,5.326413,200,success,
1789925890.027790,GET,GET /api/v1/reservas,6.582386,200,success,
1789925890.079287,GET,GET /api/v1/reservas,6.103731,200,success,
1789925890.093347,GET,GET /api/v1/reservas/{id},3.870547,200,success,
1789925890.155648,GET,GET /api/v1/reservas,6.911054,200,success,
1789925890.163974,GET,GET /api/v1/reservas/{id},4.118312,200,success,
1789925890.195972,GET,GET /api/v1/reservas,5.660779,200,success,
1789925890.225065,GET,GET /api/v1/reservas,5.764637,200,success,
1789925890.282166,GET,GET /api/v1/reservas,5.760721,200,success,
1789925890.373554,GET,GET /api/v1/reservas,8.823863,200,success,
1789925890.379086,GET,GET /api/v1/reservas/{id},4.272466,200,success,
1789925890.469427,GET,GET /api/v1/reservas,6.919718,200,success,
1789925890.471230,GET,GET /api/v1/reservas/{id},4.002247,200,success,
1789925890.487340,GET,GET /api/v1/reservas,4.851293,200,success,
1789925890.510634,GET,GET /api/v1/reservas,4.988511,200,success,
1789925890.544778,GET,GET /api/v1/reservas,6.814348,200,success,
1789925890.593903,GET,GET /api/v1/reservas/{id},4.902461,200,success,
1789925890.637399,GET,GET /api/v1/reservas,6.194018,200,success,
1789925890.652718,GET,GET /api/v1/reservas/{id},4.123440,200,success,
1789925890.688057,GET,GET /api/v1/reservas,5.983278,200,success,
1789925890.699219,GET,GET /api/v1/reservas,4.878224,200,success,
1789925890.747753,GET,GET /api/v1/reservas/{id},5.292412,200,success,
1789925890.800421,GET,GET /api/v1/reservas,5.975978,200,success,
1789925890.897495,GET,GET /api/v1/reservas,7.710296,200,success,
1789925890.902409,GET,GET /api/v1/reservas,5.743666,200,success,
1789925890.980954,GET,GET /api/v1/reservas,9.624547,200,success,
1789925891.001207,GET,GET /api/v1/reservas,6.894530,200,success,
1789925891.003881,GET,GET /api/v1/reservas,5.776094,200,success,
1789925891.013742,GET,GET /api/v1/reservas,5.592136,200,success,
1789925891.029477,GET,GET /api/v1/reservas,7.374838,200,success,
1789925891.121752,GET,GET /api/v1/reservas,8.847038,200,success,
1789925891.157040,GET,GET /api/v1/reservas/{id},5.961074,200,success,
1789925891.217762,GET,GET /api/v1/reservas,8.283245,200,success,
1789925891.277295,GET,GET /api/v1/reservas/{id},5.272731,200,success,
1789925891.278128,GET,GET /api/v1/reservas,5.247924,200,success,
1789925891.337097,GET,GET /api/v1/reservas/{id},4.739925,200,success,
1789925891.406259,GET,GET /api/v1/reservas/{id},4.907588,200,success,
1789925891.590561,GET,GET /api/v1/reservas,6.820668,200,success,
1789925891.594173,GET,GET /api/v1/reservas,6.582837,200,success,
1789925891.606949,GET,GET /api/v1/reservas/{id},4.575024,200,success,
1789925891.663068,GET,GET /api/v1/reservas,6.712905,200,success,
1789925891.672244,GET,GET /api/v1/reservas/{id},4.942922,200,success,
1789925891.750324,GET,GET /api/v1/reservas,5.960012,200,success,
1789925891.750730,GET,GET /api/v1/reservas,7.168565,200,success,
1789925891.799431,GET,GET /api/v1/reservas/{id},5.472756,200,success,
1789925891.867280,GET,GET /api/v1/reservas,6.996734,200,success,
1789925891.877366,GET,GET /api/v1/reservas,5.759238,200,success,
1789925891.960048,GET,GET /api/v1/reservas,7.488810,200,success,
1789925891.978659,GET,GET /api/v1/reservas,7.232021,200,success,
1789925891.993818,GET,GET /api/v1/reservas,6.801088,200,success,
1789925892.023126,GET,GET /api/v1/reservas,7.925382,200,success,
1789925892.050892,GET,GET /api/v1/reservas,8.562267,200,success,
1789925892.056498,GET,GET /api/v1/reservas,6.678782,200,success,
1789925892.109399,GET,GET /api/v1/reservas/{id},6.630771,200,success,
1789925892.157153,GET,GET /api/v1/reservas/{id},7.201935,200,success,
1789925892.291137,GET,GET /api/v1/reservas,6.519882,200,success,
1789925892.364378,GET,GET /api/v1/reservas,5.884248,200,success,
1789925892.368916,GET,GET /api/v1/reservas,4.352267,200,success,
1789925892.409573,GET,GET /api/v1/reservas,5.385503,200,success,
1789925892.502302,GET,GET /api/v1/reservas,6.313811,200,success,
1789925892.540752,GET,GET /api/v1/reservas/{id},5.265100,200,success,
1789925892.559748,GET,GET /api/v1/reservas,5.673239,200,success,
1789925892.613239,GET,GET /api/v1/reservas,6.145985,200,success,
1789925892.640191,GET,GET /api/v1/reservas,5.614650,200,success,
1789925892.648106,GET,GET /api/v1/reservas,4.614033,200,success,
1789925892.702143,GET,GET /api/v1/reservas,5.687100,200,success,
1789925892.754825,GET,GET /api/v1/reservas,6.338085,200,success,
1789925892.775385,GET,GET /api/v1/reservas,5.274504,200,success,
1789925892.786164,GET,GET /api/v1/reservas,5.436219,200,success,
1789925892.801687,GET,GET /api/v1/reservas,6.211404,200,success,
1789925892.885961,GET,GET /api/v1/reservas,6.907489,200,success,
1789925892.886374,GET,GET /api/v1/reservas,6.853157,200,success,
1789925892.987603,GET,GET /api/v1/reservas/{id},5.250117,200,success,
1789925893.093513,GET,GET /api/v1/reservas,6.596989,200,success,
1789925893.149132,GET,GET /api/v1/reservas,9.174345,200,success,
1789925893.189633,GET,GET /api/v1/reservas/{id},5.230037,200,success,
1789925893.196140,GET,GET /api/v1/reservas,5.188864,200,success,
1789925893.220525,GET,GET /api/v1/reservas,8.028248,200,success,
1789925893.235399,GET,GET /api/v1/reservas,6.511038,200,success,
1789925893.250181,GET,GET /api/v1/reservas,6.444007,200,success,
1789925893.334529,GET,GET /api/v1/reservas,7.895267,200,success,
1789925893.338409,GET,GET /api/v1/reservas/{id},7.016315,200,success,
1789925893.379911,GET,GET /api/v1/reservas/{id},20.754917,200,success,
1789925893.484054,GET,GET /api/v1/reservas,25.354549,200,success,
1789925893.485243,GET,GET /api/v1/reservas/{id},30.732499,200,success,
1789925893.518104,GET,GET /api/v1/reservas/{id},33.826008,200,success,
1789925893.519832,GET,GET /api/v1/reservas/{id},26.695581,200,success,
1789925893.520465,GET,GET /api/v1/reservas,23.827265,200,success,
1789925893.567138,GET,GET /api/v1/reservas,10.317567,200,success,
1789925893.595966,GET,GET /api/v1/reservas,7.436701,200,success,
1789925893.627893,GET,GET /api/v1/reservas,7.566739,200,success,
1789925893.659159,GET,GET /api/v1/reservas,6.919116,200,success,
1789925893.766278,GET,GET /api/v1/reservas,16.680191,200,success,
1789925893.794775,GET,GET /api/v1/reservas,6.112555,200,success,
1789925893.850562,GET,GET /api/v1/reservas/{id},5.029574,200,success,
1789925893.869077,GET,GET /api/v1/reservas,6.171123,200,success,
1789925893.963527,GET,GET /api/v1/reservas,7.092680,200,success,
1789925893.980010,GET,GET /api/v1/reservas,7.165530,200,success,
1789925894.080130,GET,GET /api/v1/reservas,8.635428,200,success,
1789925894.207404,GET,GET /api/v1/reservas,6.803231,200,success,
1789925894.236462,GET,GET /api/v1/reservas/{id},5.810998,200,success,
1789925894.241865,GET,GET /api/v1/reservas,6.216853,200,success,
1789925894.304229,GET,GET /api/v1/reservas/{id},7.073821,200,success,
1789925894.315331,GET,GET /api/v1/reservas,8.761580,200,success,
1789925894.406181,GET,GET /api/v1/reservas/{id},5.528740,200,success,
1789925894.433259,GET,GET /api/v1/reservas,6.724142,200,success,
1789925894.519354,GET,GET /api/v1/reservas,7.716425,200,success,
1789925894.519914,GET,GET /api/v1/reservas,7.717958,200,success,
1789925894.598094,GET,GET /api/v1/reservas,7.756016,200,success,
1789925894.598526,GET,GET /api/v1/reservas/{id},4.454521,200,success,
1789925894.602647,GET,GET /api/v1/reservas/{id},4.024800,200,success,
1789925894.659734,GET,GET /api/v1/reservas,6.762379,200,success,
1789925894.736824,GET,GET /api/v1/reservas,5.462940,200,success,
1789925894.737440,GET,GET /api/v1/reservas,8.367743,200,success,
1789925894.751206,GET,GET /api/v1/reservas,6.458359,200,success,
1789925894.788962,GET,GET /api/v1/reservas/{id},5.469059,200,success,
1789925894.846222,GET,GET /api/v1/reservas,6.894279,200,success,
1789925894.856315,GET,GET /api/v1/reservas/{id},4.855900,200,success,
1789925894.890080,GET,GET /api/v1/reservas/{id},5.497763,200,success,
1789925894.927438,GET,GET /api/v1/reservas,6.966569,200,success,
1789925894.946909,GET,GET /api/v1/reservas,7.116386,200,success,
1789925894.978974,GET,GET /api/v1/reservas/{id},5.824618,200,success,
1789925895.008912,GET,GET /api/v1/reservas,7.482110,200,success,
1789925895.058967,GET,GET /api/v1/reservas,6.640776,200,success,
1789925895.098197,GET,GET /api/v1/reservas,6.872186,200,success,
1789925895.106576,GET,GET /api/v1/reservas,7.086321,200,success,
1789925895.111594,GET,GET /api/v1/reservas/{id},6.349533,200,success,
1789925895.164140,GET,GET /api/v1/reservas,7.191951,200,success,
1789925895.171684,GET,GET /api/v1/reservas,6.243292,200,success,
1789925895.195106,GET,GET /api/v1/reservas,7.005448,200,success,
1789925895.205816,GET,GET /api/v1/reservas/{id},5.474689,200,success,
1789925895.290447,GET,GET /api/v1/reservas/{id},5.326243,200,success,
1789925895.297799,GET,GET /api/v1/reservas,5.989868,200,success,
1789925895.403675,GET,GET /api/v1/reservas/{id},5.556132,200,success,
1789925895.427118,GET,GET /api/v1/reservas,7.091379,200,success,
1789925895.488656,GET,GET /api/v1/reservas,7.192822,200,success,
1789925895.541301,GET,GET /api/v1/reservas/{id},5.369418,200,success,
1789925895.594573,GET,GET /api/v1/reservas,6.924576,200,success,
1789925895.608113,GET,GET /api/v1/reservas,6.216522,200,success,
1789925895.619921,GET,GET /api/v1/reservas,6.513562,200,success,
1789925895.705552,GET,GET /api/v1/reservas/{id},5.314676,200,success,
1789925895.710671,GET,GET /api/v1/reservas/{id},3.920101,200,success,
1789925895.806906,GET,GET /api/v1/reservas,7.406225,200,success,
1789925895.952237,GET,GET /api/v1/reservas,7.373286,200,success,
1789925895.964969,GET,GET /api/v1/reservas,6.389834,200,success,
1789925895.967533,GET,GET /api/v1/reservas,5.256227,200,success,
1789925896.060655,GET,GET /api/v1/reservas,6.816541,200,success,
1789925896.225192,GET,GET /api/v1/reservas,7.002393,200,success,
1789925896.278848,GET,GET /api/v1/reservas/{id},5.372773,200,success,
1789925896.307963,GET,GET /api/v1/reservas,6.736079,200,success,
1789925896.320932,GET,GET /api/v1/reservas,6.658352,200,success,
1789925896.379725,GET,GET /api/v1/reservas,13.345437,200,success,
1789925896.385833,GET,GET /api/v1/reservas,9.548331,200,success,
1789925896.405300,GET,GET /api/v1/reservas/{id},6.181899,200,success,
1789925896.438034,GET,GET /api/v1/reservas/{id},5.407445,200,success,
1789925896.469810,GET,GET /api/v1/reservas,7.360326,200,success,
1789925896.479255,GET,GET /api/v1/reservas,6.111193,200,success,
1789925896.493552,GET,GET /api/v1/reservas/{id},8.081268,200,success,
1789925896.494628,GET,GET /api/v1/reservas,7.159021,200,success,
1789925896.509472,GET,GET /api/v1/reservas/{id},5.616413,200,success,
1789925896.547371,GET,GET /api/v1/reservas,7.460177,200,success,
1789925896.547943,GET,GET /api/v1/reservas,6.241089,200,success,
1789925896.558884,GET,GET /api/v1/reservas,6.626193,200,success,
1789925896.633099,GET,GET /api/v1/reservas,6.833207,200,success,
1789925896.678655,GET,GET /api/v1/reservas/{id},5.295186,200,success,
1789925896.849515,GET,GET /api/v1/reservas,7.352325,200,success,
1789925896.885619,GET,GET /api/v1/reservas,6.755198,200,success,
1789925896.963686,GET,GET /api/v1/reservas,6.821058,200,success,
1789925897.079791,GET,GET /api/v1/reservas,8.641818,200,success,
1789925897.112847,GET,GET /api/v1/reservas,8.578783,200,success,
1789925897.158197,GET,GET /api/v1/reservas/{id},10.035231,200,success,
1789925897.165895,GET,GET /api/v1/reservas/{id},7.507358,200,success,
1789925897.176251,GET,GET /api/v1/reservas/{id},7.148385,200,success,
1789925897.267659,GET,GET /api/v1/reservas,8.979210,200,success,
1789925897.322373,GET,GET /api/v1/reservas,7.297210,200,success,
1789925897.332011,GET,GET /api/v1/reservas/{id},5.385011,200,success,
1789925897.400617,GET,GET /api/v1/reservas,8.171364,200,success,
1789925897.400813,GET,GET /api/v1/reservas,6.409856,200,success,
1789925897.401731,GET,GET /api/v1/reservas,5.613589,200,success,
1789925897.499050,GET,GET /api/v1/reservas,6.908221,200,success,
1789925897.501562,GET,GET /api/v1/reservas/{id},5.666338,200,success,
1789925897.503137,GET,GET /api/v1/reservas,5.279411,200,success,
1789925897.524652,GET,GET /api/v1/reservas/{id},5.283268,200,success,
1789925897.525453,GET,GET /api/v1/reservas,5.308726,200,success,
1789925897.547532,GET,GET /api/v1/reservas/{id},5.852200,200,success,
1789925897.560793,GET,GET /api/v1/reservas/{id},6.049258,200,success,
1789925897.563724,GET,GET /api/v1/reservas,5.531013,200,success,
1789925897.660670,GET,GET /api/v1/reservas/{id},5.663484,200,success,
1789925897.665576,GET,GET /api/v1/reservas,5.584504,200,success,
1789925897.700680,GET,GET /api/v1/reservas,5.804958,200,success,
1789925897.734054,GET,GET /api/v1/reservas/{id},5.140853,200,success,
1789925897.770715,GET,GET /api/v1/reservas,6.357866,200,success,
1789925897.785562,GET,GET /api/v1/reservas/{id},4.655886,200,success,
1789925897.788525,GET,GET /api/v1/reservas,4.717650,200,success,
1789925897.868406,GET,GET /api/v1/reservas,7.049875,200,success,
1789925897.887331,GET,GET /api/v1/reservas,6.587164,200,success,
1789925898.067245,GET,GET /api/v1/reservas,6.715188,200,success,
1789925898.089977,GET,GET /api/v1/reservas,6.353850,200,success,
1789925898.100300,GET,GET /api/v1/reservas,5.004806,200,success,
1789925898.106690,GET,GET /api/v1/reservas/{id},4.190602,200,success,
1789925898.205836,GET,GET /api/v1/reservas,6.710410,200,success,
1789925898.281035,GET,GET /api/v1/reservas,6.796691,200,success,
1789925898.287338,GET,GET /api/v1/reservas/{id},5.097436,200,success,
1789925898.322706,GET,GET /api/v1/reservas,7.010836,200,success,
1789925898.340042,GET,GET /api/v1/reservas,7.013689,200,success,
1789925898.385043,GET,GET /api/v1/reservas,6.637761,200,success,
1789925898.437119,GET,GET /api/v1/reservas/{id},5.826421,200,success,
1789925898.442167,GET,GET /api/v1/reservas,5.853511,200,success,
1789925898.469443,GET,GET /api/v1/reservas,6.949121,200,success,
1789925898.497079,GET,GET /api/v1/reservas,6.286558,200,success,
1789925898.534225,GET,GET /api/v1/reservas,6.775779,200,success,
1789925898.594545,GET,GET /api/v1/reservas,6.939138,200,success,
1789925898.618361,GET,GET /api/v1/reservas/{id},5.564805,200,success,
1789925898.621365,GET,GET /api/v1/reservas,5.621160,200,success,
1789925898.669573,GET,GET /api/v1/reservas,6.864034,200,success,
1789925898.682616,GET,GET /api/v1/reservas/{id},5.804748,200,success,
1789925898.687402,GET,GET /api/v1/reservas,6.604981,200,success,
1789925898.778417,GET,GET /api/v1/reservas,7.574881,200,success,
1789925898.788442,GET,GET /api/v1/reservas,7.645597,200,success,
1789925898.832371,GET,GET /api/v1/reservas,16.971662,200,success,
1789925898.836714,GET,GET /api/v1/reservas,13.591539,200,success,
1789925898.870016,GET,GET /api/v1/reservas,9.858433,200,success,
1789925898.884956,GET,GET /api/v1/reservas,7.590665,200,success,
1789925898.929261,GET,GET /api/v1/reservas,8.875293,200,success,
1789925898.983114,GET,GET /api/v1/reservas,8.336555,200,success,
1789925898.988619,GET,GET /api/v1/reservas,6.835009,200,success,
1789925899.027053,GET,GET /api/v1/reservas,13.764302,200,success,
1789925899.034719,GET,GET /api/v1/reservas,9.355540,200,success,
1789925899.117289,GET,GET /api/v1/reservas,8.136542,200,success,
1789925899.215444,GET,GET /api/v1/reservas,6.743842,200,success,
1789925899.258770,GET,GET /api/v1/reservas/{id},6.059705,200,success,
1789925899.295866,GET,GET /api/v1/reservas/{id},5.805478,200,success,
1789925899.329793,GET,GET /api/v1/reservas,6.574374,200,success,
1789925899.458157,GET,GET /api/v1/reservas/{id},5.016383,200,success,
1789925899.472918,GET,GET /api/v1/reservas,5.486826,200,success,
1789925899.477796,GET,GET /api/v1/reservas,4.667033,200,success,
1789925899.565258,GET,GET /api/v1/reservas,8.054649,200,success,
1789925899.580149,GET,GET /api/v1/reservas,7.578025,200,success,
1789925899.588028,GET,GET /api/v1/reservas/{id},4.661916,200,success,
1789925899.649054,GET,GET /api/v1/reservas/{id},5.759920,200,success,
1789925899.652931,GET,GET /api/v1/reservas,6.594315,200,success,
1789925899.664743,GET,GET /api/v1/reservas,11.515013,200,success,
1789925899.669159,GET,GET /api/v1/reservas,11.966277,200,success,
1789925899.669736,GET,GET /api/v1/reservas,9.697528,200,success,
1789925899.753149,GET,GET /api/v1/reservas,7.042405,200,success,
1789925899.921883,GET,GET /api/v1/reservas,6.752424,200,success,
1789925899.944567,GET,GET /api/v1/reservas/{id},5.402578,200,success,
1789925899.961356,GET,GET /api/v1/reservas,6.765084,200,success,
1789925899.997566,GET,GET /api/v1/reservas,6.815750,200,success,
1789925900.016568,GET,GET /api/v1/reservas/{id},5.740571,200,success,
1789925900.169909,GET,GET /api/v1/reservas,6.884294,200,success,
1789925900.218220,GET,GET /api/v1/reservas,7.955307,200,success,
1789925900.223062,GET,GET /api/v1/reservas/{id},6.336835,200,success,
1789925900.263780,GET,GET /api/v1/reservas/{id},5.437371,200,success,
1789925900.340687,GET,GET /api/v1/reservas/{id},5.571014,200,success,
1789925900.345280,GET,GET /api/v1/reservas,6.114107,200,success,
1789925900.384808,GET,GET /api/v1/reservas,6.196562,200,success,
1789925900.430288,GET,GET /api/v1/reservas/{id},5.222055,200,success,
1789925900.493163,GET,GET /api/v1/reservas,6.543078,200,success,
1789925900.493545,GET,GET /api/v1/reservas,5.162405,200,success,
1789925900.501837,GET,GET /api/v1/reservas,4.046803,200,success,
1789925900.541547,GET,GET /api/v1/reservas/{id},4.487460,200,success,
1789925900.665220,GET,GET /api/v1/reservas/{id},5.354765,200,success,
1789925900.736713,GET,GET /api/v1/reservas,6.618031,200,success,
1789925900.736866,GET,GET /api/v1/reservas,7.348177,200,success,
1789925900.748178,GET,GET /api/v1/reservas/{id},5.087320,200,success,
1789925900.877933,GET,GET /api/v1/reservas,6.925135,200,success,
1789925900.942738,GET,GET /api/v1/reservas/{id},5.514878,200,success,
1789925901.003826,GET,GET /api/v1/reservas,6.917225,200,success,
1789925901.047945,GET,GET /api/v1/reservas,7.705890,200,success,
1789925901.052689,GET,GET /api/v1/reservas/{id},8.616089,200,success,
1789925901.054061,GET,GET /api/v1/reservas,7.244441,200,success,
1789925901.055120,GET,GET /api/v1/reservas,10.243847,200,success,
1789925901.084721,GET,GET /api/v1/reservas,7.252523,200,success,
1789925901.092563,GET,GET /api/v1/reservas/{id},5.609452,200,success,
1789925901.143533,GET,GET /api/v1/reservas,7.596334,200,success,
1789925901.161571,GET,GET /api/v1/reservas,6.714356,200,success,
1789925901.199150,GET,GET /api/v1/reservas,10.162803,200,success,
1789925901.219542,GET,GET /api/v1/reservas/{id},7.112810,200,success,
1789925901.253248,GET,GET /api/v1/reservas/{id},7.403271,200,success,
1789925901.341577,GET,GET /api/v1/reservas,7.877810,200,success,
1789925901.373221,GET,GET /api/v1/reservas/{id},6.326268,200,success,
1789925901.471887,GET,GET /api/v1/reservas/{id},6.342343,200,success,
1789925901.490358,GET,GET /api/v1/reservas,8.152897,200,success,
1789925901.496712,GET,GET /api/v1/reservas,7.606279,200,success,
1789925901.535543,GET,GET /api/v1/reservas/{id},5.567628,200,success,
1789925901.551142,GET,GET /api/v1/reservas,6.283123,200,success,
1789925901.560752,GET,GET /api/v1/reservas,6.317746,200,success,
1789925901.621865,GET,GET /api/v1/reservas/{id},5.850097,200,success,
1789925901.623311,GET,GET /api/v1/reservas/{id},4.393830,200,success,
1789925901.662308,GET,GET /api/v1/reservas/{id},5.744437,200,success,
1789925901.665518,GET,GET /api/v1/reservas,5.914985,200,success,
1789925901.733182,GET,GET /api/v1/reservas,8.248592,200,success,
1789925901.742477,GET,GET /api/v1/reservas,6.939018,200,success,
1789925901.789144,GET,GET /api/v1/reservas,7.274445,200,success,
1789925901.815408,GET,GET /api/v1/reservas,6.878135,200,success,
1789925901.833254,GET,GET /api/v1/reservas,8.036080,200,success,
1789925901.856153,GET,GET /api/v1/reservas,7.464724,200,success,
1789925901.898355,GET,GET /api/v1/reservas,6.852265,200,success,
1789925901.937884,GET,GET /api/v1/reservas,7.175816,200,success,
1789925901.969398,GET,GET /api/v1/reservas,7.375119,200,success,
1789925902.164091,GET,GET /api/v1/reservas,7.179552,200,success,
1789925902.231958,GET,GET /api/v1/reservas,9.435441,200,success,
1789925902.309492,GET,GET /api/v1/reservas,9.674233,200,success,
1789925902.309998,GET,GET /api/v1/reservas,10.705275,200,success,
1789925902.320589,GET,GET /api/v1/reservas,12.100931,200,success,
1789925902.378963,GET,GET /api/v1/reservas,8.979140,200,success,
1789925902.437754,GET,GET /api/v1/reservas/{id},7.508700,200,success,
1789925902.445363,GET,GET /api/v1/reservas,8.338649,200,success,
1789925902.452524,GET,GET /api/v1/reservas,8.117693,200,success,
1789925902.512908,GET,GET /api/v1/reservas,6.978467,200,success,
1789925902.572368,GET,GET /api/v1/reservas,7.089494,200,success,
1789925902.748370,GET,GET /api/v1/reservas,7.486207,200,success,
1789925902.938259,GET,GET /api/v1/reservas/{id},5.485233,200,success,
1789925902.938643,GET,GET /api/v1/reservas/{id},5.380365,200,success,
1789925902.961199,GET,GET /api/v1/reservas,7.276158,200,success,
1789925902.968175,GET,GET /api/v1/reservas,5.675933,200,success,
1789925902.981630,GET,GET /api/v1/reservas,6.124061,200,success,
1789925903.011820,GET,GET /api/v1/reservas,6.849561,200,success,
1789925903.045063,GET,GET /api/v1/reservas,7.835456,200,success,
1789925903.080417,GET,GET /api/v1/reservas,6.988321,200,success,
1789925903.133067,GET,GET /api/v1/reservas/{id},5.375636,200,success,
1789925903.164213,GET,GET /api/v1/reservas/{id},5.889086,200,success,
1789925903.166355,GET,GET /api/v1/reservas,6.037800,200,success,
1789925903.168092,GET,GET /api/v1/reservas,5.150226,200,success,
1789925903.193796,GET,GET /api/v1/reservas/{id},6.521945,200,success,
1789925903.220082,GET,GET /api/v1/reservas,6.883683,200,success,
1789925903.248949,GET,GET /api/v1/reservas,6.524860,200,success,
1789925903.276198,GET,GET /api/v1/reservas,6.875671,200,success,
1789925903.277610,GET,GET /api/v1/reservas,5.518694,200,success,
1789925903.308828,GET,GET /api/v1/reservas/{id},5.982998,200,success,
1789925903.345788,GET,GET /api/v1/reservas/{id},5.667259,200,success,
1789925903.456360,GET,GET /api/v1/reservas,17.124465,200,success,
1789925903.503162,GET,GET /api/v1/reservas,6.414831,200,success,
1789925903.532261,GET,GET /api/v1/reservas/{id},4.885425,200,success,
1789925903.537008,GET,GET /api/v1/reservas,4.518659,200,success,
1789925903.600180,GET,GET /api/v1/reservas,5.848594,200,success,
1789925903.632187,GET,GET /api/v1/reservas,6.665863,200,success,
1789925903.659228,GET,GET /api/v1/reservas,6.668006,200,success,
1789925903.687016,GET,GET /api/v1/reservas,8.450929,200,success,
1789925903.716933,GET,GET /api/v1/reservas,6.623969,200,success,
1789925903.742457,GET,GET /api/v1/reservas,8.449297,200,success,
1789925903.757423,GET,GET /api/v1/reservas,8.608738,200,success,
1789925903.781328,GET,GET /api/v1/reservas/{id},8.629909,200,success,
1789925903.791899,GET,GET /api/v1/reservas,10.296056,200,success,
1789925903.816920,GET,GET /api/v1/reservas/{id},5.782023,200,success,
1789925903.916293,GET,GET /api/v1/reservas/{id},5.557713,200,success,
1789925903.926350,GET,GET /api/v1/reservas,6.703601,200,success,
1789925903.958306,GET,GET /api/v1/reservas,6.605872,200,success,
1789925904.027733,GET,GET /api/v1/reservas/{id},5.173401,200,success,
1789925904.091082,GET,GET /api/v1/reservas,5.942688,200,success,
1789925904.108689,GET,GET /api/v1/reservas,5.330649,200,success,
1789925904.109032,GET,GET /api/v1/reservas/{id},4.163520,200,success,
1789925904.141119,GET,GET /api/v1/reservas,5.817828,200,success,
1789925904.179430,GET,GET /api/v1/reservas,5.954085,200,success,
1789925904.235445,GET,GET /api/v1/reservas,7.651026,200,success,
1789925904.265426,GET,GET /api/v1/reservas,9.485377,200,success,
1789925904.391033,GET,GET /api/v1/reservas,7.119130,200,success,
1789925904.423555,GET,GET /api/v1/reservas,9.941087,200,success,
1789925904.444842,GET,GET /api/v1/reservas,7.874535,200,success,
1789925904.512373,GET,GET /api/v1/reservas,7.153732,200,success,
1789925904.549396,GET,GET /api/v1/reservas,6.632713,200,success,
1789925904.571892,GET,GET /api/v1/reservas/{id},5.243157,200,success,
1789925904.702027,GET,GET /api/v1/reservas,6.776350,200,success,
1789925904.767216,GET,GET /api/v1/reservas,6.791113,200,success,
1789925904.816352,GET,GET /api/v1/reservas,6.751834,200,success,
1789925904.878550,GET,GET /api/v1/reservas,7.749466,200,success,
1789925904.892923,GET,GET /api/v1/reservas/{id},8.106087,200,success,
1789925904.905298,GET,GET /api/v1/reservas/{id},5.140361,200,success,
1789925905.073366,GET,GET /api/v1/reservas,6.875511,200,success,
1789925905.198452,GET,GET /api/v1/reservas,6.643990,200,success,
1789925905.280548,GET,GET /api/v1/reservas,6.759656,200,success,
1789925905.309761,GET,GET /api/v1/reservas,7.845311,200,success,
1789925905.329048,GET,GET /api/v1/reservas,6.953419,200,success,
1789925905.341468,GET,GET /api/v1/reservas,7.066039,200,success,
1789925905.343893,GET,GET /api/v1/reservas,5.721151,200,success,
1789925905.352425,GET,GET /api/v1/reservas,6.229952,200,success,
1789925905.367134,GET,GET /api/v1/reservas,6.381082,200,success,
1789925905.456622,GET,GET /api/v1/reservas/{id},6.174778,200,success,
1789925905.457253,GET,GET /api/v1/reservas,6.192476,200,success,
1789925905.501323,GET,GET /api/v1/reservas,6.734457,200,success,
1789925905.528840,GET,GET /api/v1/reservas,8.151615,200,success,
1789925905.531533,GET,GET /api/v1/reservas,7.570464,200,success,
1789925905.531693,GET,GET /api/v1/reservas,9.233804,200,success,
1789925905.544467,GET,GET /api/v1/reservas,6.515926,200,success,
1789925905.568223,GET,GET /api/v1/reservas,7.397762,200,success,
1789925905.573346,GET,GET /api/v1/reservas,6.056289,200,success,
1789925905.658424,GET,GET /api/v1/reservas,6.688778,200,success,
1789925905.714510,GET,GET /api/v1/reservas,6.712494,200,success,
1789925905.714834,GET,GET /api/v1/reservas/{id},5.334505,200,success,
1789925905.742427,GET,GET /api/v1/reservas,5.317881,200,success,
1789925905.768567,GET,GET /api/v1/reservas,6.805004,200,success,
1789925905.776002,GET,GET /api/v1/reservas/{id},4.230221,200,success,
1789925905.817007,GET,GET /api/v1/reservas,5.652336,200,success,
1789925905.829678,GET,GET /api/v1/reservas,4.970183,200,success,
1789925905.847780,GET,GET /api/v1/reservas,4.809470,200,success,
1789925905.858784,GET,GET /api/v1/reservas/{id},3.833861,200,success,
1789925905.867525,GET,GET /api/v1/reservas,4.493441,200,success,
1789925905.885549,GET,GET /api/v1/reservas,4.770110,200,success,
1789925905.966853,GET,GET /api/v1/reservas,7.142145,200,success,
1789925906.125149,GET,GET /api/v1/reservas,6.848490,200,success,
1789925906.180798,GET,GET /api/v1/reservas,6.298206,200,success,
1789925906.202240,GET,GET /api/v1/reservas/{id},4.246467,200,success,
1789925906.274474,GET,GET /api/v1/reservas,6.829691,200,success,
1789925906.285980,GET,GET /api/v1/reservas,5.195875,200,success,
1789925906.290804,GET,GET /api/v1/reservas,4.610577,200,success,
1789925906.342791,GET,GET /api/v1/reservas,6.589387,200,success,
1789925906.584022,GET,GET /api/v1/reservas/{id},5.336217,200,success,
1789925906.584486,GET,GET /api/v1/reservas/{id},6.262601,200,success,
1789925906.643027,GET,GET /api/v1/reservas,6.214919,200,success,
1789925906.696532,GET,GET /api/v1/reservas/{id},5.245079,200,success,
1789925906.813571,GET,GET /api/v1/reservas,6.643179,200,success,
1789925906.886672,GET,GET /api/v1/reservas,6.724642,200,success,
1789925906.901026,GET,GET /api/v1/reservas,6.067516,200,success,
1789925906.962789,GET,GET /api/v1/reservas,7.418674,200,success,
1789925907.001760,GET,GET /api/v1/reservas,9.584206,200,success,
1789925907.004087,GET,GET /api/v1/reservas,9.323691,200,success,
1789925907.136268,GET,GET /api/v1/reservas,6.756710,200,success,
1789925907.136664,GET,GET /api/v1/reservas,6.480893,200,success,
1789925907.152978,GET,GET /api/v1/reservas,5.072799,200,success,
1789925907.178734,GET,GET /api/v1/reservas,5.434906,200,success,
1789925907.276796,GET,GET /api/v1/reservas,8.662329,200,success,
1789925907.277010,GET,GET /api/v1/reservas,7.049444,200,success,
1789925907.330084,GET,GET /api/v1/reservas,6.741289,200,success,
1789925907.384824,GET,GET /api/v1/reservas,10.226139,200,success,
1789925907.406167,GET,GET /api/v1/reservas,8.873989,200,success,
1789925907.427940,GET,GET /api/v1/reservas,10.357148,200,success,
1789925907.469302,GET,GET /api/v1/reservas/{id},8.062680,200,success,
1789925907.473783,GET,GET /api/v1/reservas/{id},5.515520,200,success,
1789925907.486739,GET,GET /api/v1/reservas,8.616209,200,success,
1789925907.488415,GET,GET /api/v1/reservas,6.471860,200,success,
1789925907.589820,GET,GET /api/v1/reservas,8.101529,200,success,
1789925907.601846,GET,GET /api/v1/reservas,8.635248,200,success,
1789925907.602449,GET,GET /api/v1/reservas,5.856756,200,success,
1789925907.613439,GET,GET /api/v1/reservas,7.273764,200,success,
1789925907.712295,GET,GET /api/v1/reservas/{id},5.560998,200,success,
1789925907.746334,GET,GET /api/v1/reservas,6.702820,200,success,
1789925907.785394,GET,GET /api/v1/reservas/{id},3.996507,200,success,
1789925907.785893,GET,GET /api/v1/reservas,6.219446,200,success,
1789925907.815586,GET,GET /api/v1/reservas,6.352888,200,success,
1789925907.823055,GET,GET /api/v1/reservas,5.149714,200,success,
1789925907.876472,GET,GET /api/v1/reservas,6.674596,200,success,
1789925907.959362,GET,GET /api/v1/reservas,6.536577,200,success,
1789925908.037106,GET,GET /api/v1/reservas,5.882246,200,success,
1789925908.037621,GET,GET /api/v1/reservas,7.210168,200,success,
1789925908.046818,GET,GET /api/v1/reservas,6.902492,200,success,
1789925908.047597,GET,GET /api/v1/reservas,5.965721,200,success,
1789925908.070427,GET,GET /api/v1/reservas/{id},5.586788,200,success,
1789925908.108581,GET,GET /api/v1/reservas,6.796671,200,success,
1789925908.119270,GET,GET /api/v1/reservas,7.392114,200,success,
1789925908.139641,GET,GET /api/v1/reservas,6.970224,200,success,
1789925908.238357,GET,GET /api/v1/reservas,6.311166,200,success,
1789925908.288147,GET,GET /api/v1/reservas/{id},6.475564,200,success,
1789925908.328581,GET,GET /api/v1/reservas,7.078248,200,success,
1789925908.389474,GET,GET /api/v1/reservas,6.980960,200,success,
1789925908.389910,GET,GET /api/v1/reservas,7.959894,200,success,
1789925908.396039,GET,GET /api/v1/reservas,7.688633,200,success,
1789925908.440835,GET,GET /api/v1/reservas/{id},5.506735,200,success,
1789925908.513600,GET,GET /api/v1/reservas,7.383601,200,success,
1789925908.517867,GET,GET /api/v1/reservas/{id},4.132504,200,success,
1789925908.656927,GET,GET /api/v1/reservas/{id},5.733820,200,success,
1789925908.669374,GET,GET /api/v1/reservas/{id},4.237342,200,success,
1789925908.673093,GET,GET /api/v1/reservas,5.142345,200,success,
1789925908.771802,GET,GET /api/v1/reservas,6.329373,200,success,
1789925908.878775,GET,GET /api/v1/reservas,6.530998,200,success,
1789925908.882303,GET,GET /api/v1/reservas,5.274164,200,success,
1789925908.906939,GET,GET /api/v1/reservas/{id},4.986738,200,success,
1789925908.907479,GET,GET /api/v1/reservas,5.864798,200,success,
1789925908.918038,GET,GET /api/v1/reservas,5.270027,200,success,
1789925908.938043,GET,GET /api/v1/reservas/{id},4.796580,200,success,
1789925908.985546,GET,GET /api/v1/reservas,6.410206,200,success,
1789925909.102679,GET,GET /api/v1/reservas,7.699580,200,success,
1789925909.173589,GET,GET /api/v1/reservas,7.486357,200,success,
1789925909.189379,GET,GET /api/v1/reservas,8.433933,200,success,
1789925909.211491,GET,GET /api/v1/reservas,6.767036,200,success,
1789925909.267414,GET,GET /api/v1/reservas,10.394804,200,success,
1789925909.285532,GET,GET /api/v1/reservas,7.717467,200,success,
1789925909.325545,GET,GET /api/v1/reservas,13.605942,200,success,
1789925909.376839,GET,GET /api/v1/reservas,6.821791,200,success,
1789925909.505753,GET,GET /api/v1/reservas,6.467682,200,success,
1789925909.575875,GET,GET /api/v1/reservas/{id},9.852443,200,success,
1789925909.576395,GET,GET /api/v1/reservas,8.139425,200,success,
1789925909.635304,GET,GET /api/v1/reservas/{id},5.172089,200,success,
1789925909.635641,GET,GET /api/v1/reservas/{id},6.034135,200,success,
1789925909.675417,GET,GET /api/v1/reservas,5.516712,200,success,
1789925909.720152,GET,GET /api/v1/reservas,6.379699,200,success,
1789925909.792526,GET,GET /api/v1/reservas/{id},5.111667,200,success,
1789925909.912823,GET,GET /api/v1/reservas,7.378633,200,success,
1789925909.960188,GET,GET /api/v1/reservas,6.001666,200,success,
1789925909.995868,GET,GET /api/v1/reservas,5.695042,200,success,
1789925910.029856,GET,GET /api/v1/reservas,6.625451,200,success,
1789925910.052752,GET,GET /api/v1/reservas,6.561365,200,success,
1789925910.061831,GET,GET /api/v1/reservas,5.765750,200,success,
1789925910.110792,GET,GET /api/v1/reservas,6.576598,200,success,
1789925910.187654,GET,GET /api/v1/reservas/{id},5.570803,200,success,
1789925910.244764,GET,GET /api/v1/reservas,6.756561,200,success,
1789925910.259324,GET,GET /api/v1/reservas,6.285487,200,success,
1789925910.350969,GET,GET /api/v1/reservas,9.144429,200,success,
1789925910.355937,GET,GET /api/v1/reservas/{id},6.775880,200,success,
1789925910.383763,GET,GET /api/v1/reservas,15.407863,200,success,
1789925910.398565,GET,GET /api/v1/reservas,7.659910,200,success,
1789925910.399198,GET,GET /api/v1/reservas,9.107424,200,success,
1789925910.400557,GET,GET /api/v1/reservas,10.034168,200,success,
1789925910.526116,GET,GET /api/v1/reservas/{id},5.317970,200,success,
1789925910.556173,GET,GET /api/v1/reservas,6.668217,200,success,
1789925910.567509,GET,GET /api/v1/reservas/{id},6.118053,200,success,
1789925910.573446,GET,GET /api/v1/reservas,6.714066,200,success,
1789925910.600881,GET,GET /api/v1/reservas,7.087691,200,success,
1789925910.610268,GET,GET /api/v1/reservas/{id},5.159600,200,success,
1789925910.612688,GET,GET /api/v1/reservas,5.668682,200,success,
1789925910.631766,GET,GET /api/v1/reservas,6.765895,200,success,
1789925910.681156,GET,GET /api/v1/reservas,7.964131,200,success,
1789925910.692102,GET,GET /api/v1/reservas,6.580604,200,success,
1789925910.765181,GET,GET /api/v1/reservas,6.717592,200,success,
1789925910.828234,GET,GET /api/v1/reservas,7.316399,200,success,
1789925910.868291,GET,GET /api/v1/reservas,6.696158,200,success,
1789925910.913730,GET,GET /api/v1/reservas,8.088959,200,success,
1789925910.918549,GET,GET /api/v1/reservas/{id},6.042347,200,success,
1789925910.928567,GET,GET /api/v1/reservas,6.724753,200,success,
1789925910.934281,GET,GET /api/v1/reservas,6.639552,200,success,
1789925911.014931,GET,GET /api/v1/reservas/{id},5.573968,200,success,
1789925911.085902,GET,GET /api/v1/reservas,7.549422,200,success,
1789925911.103796,GET,GET /api/v1/reservas,6.487042,200,success,
1789925911.144828,GET,GET /api/v1/reservas,7.580049,200,success,
1789925911.155069,GET,GET /api/v1/reservas/{id},4.981471,200,success,
1789925911.172247,GET,GET /api/v1/reservas,5.837037,200,success,
1789925911.193232,GET,GET /api/v1/reservas,6.631511,200,success,
1789925911.287014,GET,GET /api/v1/reservas,8.283325,200,success,
1789925911.302542,GET,GET /api/v1/reservas,8.124704,200,success,
1789925911.388670,GET,GET /api/v1/reservas,6.723921,200,success,
1789925911.417621,GET,GET /api/v1/reservas,6.645142,200,success,
1789925911.434346,GET,GET /api/v1/reservas,6.433050,200,success,
1789925911.537258,GET,GET /api/v1/reservas,8.273120,200,success,
1789925911.600831,GET,GET /api/v1/reservas,7.205140,200,success,
1789925911.650386,GET,GET /api/v1/reservas,7.215987,200,success,
1789925911.652353,GET,GET /api/v1/reservas/{id},4.376944,200,success,
1789925911.712517,GET,GET /api/v1/reservas,8.797945,200,success,
1789925911.743064,GET,GET /api/v1/reservas,9.126623,200,success,
1789925911.766343,GET,GET /api/v1/reservas,7.856257,200,success,
1789925911.886094,GET,GET /api/v1/reservas,6.695828,200,success,
1789925911.888137,GET,GET /api/v1/reservas,4.946297,200,success,
1789925911.960371,GET,GET /api/v1/reservas/{id},4.977604,200,success,
1789925911.975906,GET,GET /api/v1/reservas/{id},4.641835,200,success,
1789925912.032016,GET,GET /api/v1/reservas,6.727296,200,success,
1789925912.032492,GET,GET /api/v1/reservas,5.421667,200,success,
1789925912.060323,GET,GET /api/v1/reservas,7.494148,200,success,
1789925912.062340,GET,GET /api/v1/reservas/{id},4.752953,200,success,
1789925912.128975,GET,GET /api/v1/reservas,7.310370,200,success,
1789925912.269237,GET,GET /api/v1/reservas,6.826536,200,success,
1789925912.274659,GET,GET /api/v1/reservas,6.281621,200,success,
1789925912.381061,GET,GET /api/v1/reservas,7.003924,200,success,
1789925912.391927,GET,GET /api/v1/reservas/{id},4.648506,200,success,
1789925912.506856,GET,GET /api/v1/reservas,7.474168,200,success,
1789925912.522247,GET,GET /api/v1/reservas,6.071192,200,success,
1789925912.545848,GET,GET /api/v1/reservas/{id},3.602180,200,success,
1789925912.546267,GET,GET /api/v1/reservas,5.707342,200,success,
1789925912.561435,GET,GET /api/v1/reservas/{id},4.980198,200,success,
1789925912.568656,GET,GET /api/v1/reservas,6.985096,200,success,
1789925912.569297,GET,GET /api/v1/reservas,7.069545,200,success,
1789925912.615219,GET,GET /api/v1/reservas,9.596876,200,success,
1789925912.747499,GET,GET /api/v1/reservas,10.820150,200,success,
1789925912.780006,GET,GET /api/v1/reservas,7.115455,200,success,
1789925912.813404,GET,GET /api/v1/reservas/{id},13.114988,200,success,
1789925912.813522,GET,GET /api/v1/reservas/{id},8.309805,200,success,
1789925912.882232,GET,GET /api/v1/reservas,6.364988,200,success,
1789925912.932586,GET,GET /api/v1/reservas,6.972768,200,success,
1789925912.938349,GET,GET /api/v1/reservas,5.538083,200,success,
1789925913.029949,GET,GET /api/v1/reservas,7.384623,200,success,
1789925913.086546,GET,GET /api/v1/reservas,7.208576,200,success,
1789925913.124978,GET,GET /api/v1/reservas,7.085279,200,success,
1789925913.129949,GET,GET /api/v1/reservas/{id},4.817602,200,success,
1789925913.134308,GET,GET /api/v1/reservas,5.385252,200,success,
1789925913.145809,GET,GET /api/v1/reservas,6.217845,200,success,
1789925913.158416,GET,GET /api/v1/reservas/{id},4.982062,200,success,
1789925913.158753,GET,GET /api/v1/reservas/{id},5.757717,200,success,
1789925913.168796,GET,GET /api/v1/reservas,5.747001,200,success,
1789925913.188442,GET,GET /api/v1/reservas,7.272071,200,success,
1789925913.232292,GET,GET /api/v1/reservas,8.401904,200,success,
1789925913.254551,GET,GET /api/v1/reservas/{id},5.937810,200,success,
1789925913.273685,GET,GET /api/v1/reservas,10.761560,200,success,
1789925913.277324,GET,GET /api/v1/reservas,7.697116,200,success,
1789925913.307912,GET,GET /api/v1/reservas,6.726074,200,success,
1789925913.308343,GET,GET /api/v1/reservas,7.719781,200,success,
1789925913.335024,GET,GET /api/v1/reservas/{id},5.418562,200,success,
1789925913.481746,GET,GET /api/v1/reservas,6.278135,200,success,
1789925913.495549,GET,GET /api/v1/reservas,5.522760,200,success,
1789925913.636226,GET,GET /api/v1/reservas/{id},5.343649,200,success,
1789925913.645584,GET,GET /api/v1/reservas,6.064382,200,success,
1789925913.689431,GET,GET /api/v1/reservas,6.486301,200,success,
1789925913.719079,GET,GET /api/v1/reservas/{id},5.409328,200,success,
1789925913.777973,GET,GET /api/v1/reservas/{id},14.603704,200,success,
1789925913.957482,GET,GET /api/v1/reservas,6.513001,200,success,
1789925913.978061,GET,GET /api/v1/reservas/{id},6.620374,200,success,
1789925913.982421,GET,GET /api/v1/reservas,6.894950,200,success,
1789925914.013474,GET,GET /api/v1/reservas,7.675152,200,success,
1789925914.032599,GET,GET /api/v1/reservas,8.742050,200,success,
1789925914.046526,GET,GET /api/v1/reservas,8.563400,200,success,
1789925914.158887,GET,GET /api/v1/reservas/{id},6.990897,200,success,
1789925914.183889,GET,GET /api/v1/reservas,8.582358,200,success,
1789925914.206665,GET,GET /api/v1/reservas,10.465752,200,success,
1789925914.211053,GET,GET /api/v1/reservas/{id},5.720771,200,success,
1789925914.235600,GET,GET /api/v1/reservas/{id},11.271965,200,success,
1789925914.261087,GET,GET /api/v1/reservas,8.100777,200,success,
1789925914.272200,GET,GET /api/v1/reservas,6.773876,200,success,
1789925914.366113,GET,GET /api/v1/reservas,6.516917,200,success,
1789925914.422685,GET,GET /api/v1/reservas/{id},5.301385,200,success,
1789925914.534889,GET,GET /api/v1/reservas,6.776601,200,success,
1789925914.611650,GET,GET /api/v1/reservas/{id},6.478340,200,success,
1789925914.628258,GET,GET /api/v1/reservas,9.392876,200,success,
1789925914.629181,GET,GET /api/v1/reservas,13.233728,200,success,
1789925914.630823,GET,GET /api/v1/reservas,6.330334,200,success,
1789925914.671686,GET,GET /api/v1/reservas,7.542711,200,success,
1789925914.758764,GET,GET /api/v1/reservas,8.649070,200,success,
1789925914.787417,GET,GET /api/v1/reservas/{id},6.329422,200,success,
1789925914.856437,GET,GET /api/v1/reservas,6.618432,200,success,
1789925914.863716,GET,GET /api/v1/reservas,4.969852,200,success,
1789925914.876603,GET,GET /api/v1/reservas,5.578485,200,success,
1789925914.884007,GET,GET /api/v1/reservas,5.056895,200,success,
1789925914.933926,GET,GET /api/v1/reservas,6.562186,200,success,
1789925914.968645,GET,GET /api/v1/reservas/{id},5.473766,200,success,
1789925915.151943,GET,GET /api/v1/reservas,6.854169,200,success,
1789925915.153884,GET,GET /api/v1/reservas,4.906797,200,success,
1789925915.221289,GET,GET /api/v1/reservas,7.068733,200,success,
1789925915.230285,GET,GET /api/v1/reservas,6.646384,200,success,
1789925915.231030,GET,GET /api/v1/reservas,5.593789,200,success,
1789925915.244816,GET,GET /api/v1/reservas,5.504524,200,success,
1789925915.290512,GET,GET /api/v1/reservas,6.345477,200,success,
1789925915.319678,GET,GET /api/v1/reservas,6.828600,200,success,
1789925915.479969,GET,GET /api/v1/reservas,6.808689,200,success,
1789925915.630082,GET,GET /api/v1/reservas,6.636979,200,success,
1789925915.694706,GET,GET /api/v1/reservas/{id},5.358561,200,success,
1789925915.749953,GET,GET /api/v1/reservas,6.892828,200,success,
1789925915.828310,GET,GET /api/v1/reservas/{id},5.604905,200,success,
1789925915.829300,GET,GET /api/v1/reservas/{id},3.752637,200,success,
1789925915.853001,GET,GET /api/v1/reservas,5.387776,200,success,
1789925915.886044,GET,GET /api/v1/reservas,5.742913,200,success,
1789925915.914102,GET,GET /api/v1/reservas/{id},4.826156,200,success,
1789925915.983054,GET,GET /api/v1/reservas/{id},5.524794,200,success,
1789925915.983146,GET,GET /api/v1/reservas/{id},6.065353,200,success,
1789925915.985567,GET,GET /api/v1/reservas,5.220202,200,success,
1789925915.993442,GET,GET /api/v1/reservas,4.643628,200,success,
1789925916.029053,GET,GET /api/v1/reservas/{id},4.402192,200,success,
1789925916.034880,GET,GET /api/v1/reservas,4.555605,200,success,
1789925916.052111,GET,GET /api/v1/reservas,4.916591,200,success,
1789925916.061830,GET,GET /api/v1/reservas,4.441332,200,success,
1789925916.085499,GET,GET /api/v1/reservas,5.363840,200,success,
1789925916.100170,GET,GET /api/v1/reservas,5.430600,200,success,
1789925916.100582,GET,GET /api/v1/reservas,6.841669,200,success,
1789925916.143066,GET,GET /api/v1/reservas/{id},5.245120,200,success,
1789925916.173461,GET,GET /api/v1/reservas,6.042579,200,success,
1789925916.226449,GET,GET /api/v1/reservas,6.631901,200,success,
1789925916.297584,GET,GET /api/v1/reservas,6.801789,200,success,
1789925916.325596,GET,GET /api/v1/reservas,6.685262,200,success,
1789925916.387515,GET,GET /api/v1/reservas,6.529225,200,success,
1789925916.442395,GET,GET /api/v1/reservas,6.477066,200,success,
1789925916.492267,GET,GET /api/v1/reservas,6.549666,200,success,
1789925916.678481,GET,GET /api/v1/reservas,6.692334,200,success,
1789925916.694138,GET,GET /api/v1/reservas,6.903463,200,success,
1789925916.711460,GET,GET /api/v1/reservas/{id},5.085387,200,success,
1789925916.734653,GET,GET /api/v1/reservas,6.886397,200,success,
1789925916.778935,GET,GET /api/v1/reservas,6.887569,200,success,
1789925916.788627,GET,GET /api/v1/reservas,6.336884,200,success,
1789925916.818732,GET,GET /api/v1/reservas,6.749780,200,success,
1789925916.853290,GET,GET /api/v1/reservas,7.231830,200,success,
1789925916.925332,GET,GET /api/v1/reservas,6.699304,200,success,
1789925916.980085,GET,GET /api/v1/reservas,6.603980,200,success,
1789925916.994143,GET,GET /api/v1/reservas,7.627812,200,success,
1789925917.000135,GET,GET /api/v1/reservas,7.581542,200,success,
1789925917.006280,GET,GET /api/v1/reservas,5.887294,200,success,
1789925917.074162,GET,GET /api/v1/reservas,6.463386,200,success,
1789925917.114517,GET,GET /api/v1/reservas/{id},5.116325,200,success,
1789925917.163750,GET,GET /api/v1/reservas,6.836322,200,success,
1789925917.170174,GET,GET /api/v1/reservas,5.110396,200,success,
1789925917.188460,GET,GET /api/v1/reservas/{id},4.662837,200,success,
1789925917.189219,GET,GET /api/v1/reservas,5.775904,200,success,
1789925917.229285,GET,GET /api/v1/reservas,6.740356,200,success,
1789925917.315301,GET,GET /api/v1/reservas,6.650199,200,success,
1789925917.331619,GET,GET /api/v1/reservas,5.981716,200,success,
1789925917.335421,GET,GET /api/v1/reservas,4.958606,200,success,
1789925917.402347,GET,GET /api/v1/reservas,6.595037,200,success,
1789925917.435749,GET,GET /api/v1/reservas,9.050297,200,success,
1789925917.489563,GET,GET /api/v1/reservas,6.480683,200,success,
1789925917.531130,GET,GET /api/v1/reservas/{id},5.312102,200,success,
1789925917.550227,GET,GET /api/v1/reservas/{id},4.853627,200,success,
1789925917.628787,GET,GET /api/v1/reservas/{id},5.277398,200,success,
1789925917.664139,GET,GET /api/v1/reservas/{id},5.107471,200,success,
1789925917.692178,GET,GET /api/v1/reservas,7.690226,200,success,
1789925917.738837,GET,GET /api/v1/reservas/{id},6.353711,200,success,
1789925917.778756,GET,GET /api/v1/reservas,7.526998,200,success,
1789925917.843898,GET,GET /api/v1/reservas/{id},6.321070,200,success,
1789925917.934911,GET,GET /api/v1/reservas/{id},9.746442,200,success,
1789925917.958642,GET,GET /api/v1/reservas,7.347976,200,success,
1789925917.969226,GET,GET /api/v1/reservas,7.229447,200,success,
1789925918.005275,GET,GET /api/v1/reservas/{id},6.850722,200,success,
1789925918.015190,GET,GET /api/v1/reservas,7.981928,200,success,
1789925918.049116,GET,GET /api/v1/reservas,6.545731,200,success,
1789925918.089961,GET,GET /api/v1/reservas,6.488354,200,success,
1789925918.104893,GET,GET /api/v1/reservas,6.667575,200,success,
1789925918.160146,GET,GET /api/v1/reservas,6.886627,200,success,
1789925918.163342,GET,GET /api/v1/reservas,5.303599,200,success,
1789925918.224168,GET,GET /api/v1/reservas,6.508354,200,success,
1789925918.252734,GET,GET /api/v1/reservas,6.261311,200,success,
1789925918.308929,GET,GET /api/v1/reservas/{id},5.955857,200,success,
1789925918.329343,GET,GET /api/v1/reservas,8.033236,200,success,
1789925918.353917,GET,GET /api/v1/reservas,6.242951,200,success,
1789925918.409072,GET,GET /api/v1/reservas,6.809951,200,success,
1789925918.437906,GET,GET /api/v1/reservas,6.506081,200,success,
1789925918.542098,GET,GET /api/v1/reservas,6.857413,200,success,
1789925918.575979,GET,GET /api/v1/reservas,6.568266,200,success,
1789925918.591081,GET,GET /api/v1/reservas,5.748963,200,success,
1789925918.677606,GET,GET /api/v1/reservas/{id},5.235204,200,success,
1789925918.691472,GET,GET /api/v1/reservas/{id},4.661786,200,success,
1789925918.720093,GET,GET /api/v1/reservas,6.304495,200,success,
1789925918.725649,GET,GET /api/v1/reservas,5.332283,200,success,
1789925918.829506,GET,GET /api/v1/reservas,6.466100,200,success,
1789925918.842876,GET,GET /api/v1/reservas,6.084261,200,success,
1789925918.957757,GET,GET /api/v1/reservas,6.471007,200,success,
1789925918.981592,GET,GET /api/v1/reservas,5.778057,200,success,
1789925918.988487,GET,GET /api/v1/reservas,4.621855,200,success,
1789925919.024135,GET,GET /api/v1/reservas,6.287079,200,success,
1789925919.049612,GET,GET /api/v1/reservas,6.128739,200,success,
1789925919.101039,GET,GET /api/v1/reservas/{id},5.156245,200,success,
1789925919.114719,GET,GET /api/v1/reservas,6.384537,200,success,
1789925919.135608,GET,GET /api/v1/reservas,6.538740,200,success,
1789925919.200813,GET,GET /api/v1/reservas,8.824003,200,success,
1789925919.206469,GET,GET /api/v1/reservas,6.637169,200,success,
1789925919.262044,GET,GET /api/v1/reservas/{id},5.316968,200,success,
1789925919.273423,GET,GET /api/v1/reservas,6.090551,200,success,
1789925919.323653,GET,GET /api/v1/reservas,6.876723,200,success,
1789925919.326819,GET,GET /api/v1/reservas,5.121312,200,success,
1789925919.385463,GET,GET /api/v1/reservas,9.238712,200,success,
1789925919.470285,GET,GET /api/v1/reservas,7.434129,200,success,
1789925919.550136,GET,GET /api/v1/reservas,8.411670,200,success,
1789925919.583919,GET,GET /api/v1/reservas/{id},5.523201,200,success,
1789925919.588309,GET,GET /api/v1/reservas,6.852366,200,success,
1789925919.620758,GET,GET /api/v1/reservas,11.998085,200,success,
1789925919.634196,GET,GET /api/v1/reservas,10.939741,200,success,
1789925919.643896,GET,GET /api/v1/reservas/{id},5.463811,200,success,
1789925919.698215,GET,GET /api/v1/reservas,7.968988,200,success,
1789925919.729137,GET,GET /api/v1/reservas,6.555927,200,success,
1789925919.757480,GET,GET /api/v1/reservas,6.945287,200,success,
1789925919.797091,GET,GET /api/v1/reservas,7.176287,200,success,
1789925919.799746,GET,GET /api/v1/reservas,5.969548,200,success,
1789925919.880106,GET,GET /api/v1/reservas,7.421358,200,success,
1789925919.901583,GET,GET /api/v1/reservas,8.164815,200,success,
1789925919.926751,GET,GET /api/v1/reservas/{id},5.909056,200,success,
1789925919.932712,GET,GET /api/v1/reservas,6.757902,200,success,
1789925919.995590,GET,GET /api/v1/reservas,6.704000,200,success,
1789925920.008269,GET,GET /api/v1/reservas/{id},5.429920,200,success,
1789925920.022473,GET,GET /api/v1/reservas,6.804233,200,success,
1789925920.032608,GET,GET /api/v1/reservas,5.825740,200,success,
1789925920.070144,GET,GET /api/v1/reservas/{id},5.275546,200,success,
1789925920.105672,GET,GET /api/v1/reservas,7.171660,200,success,
1789925920.122819,GET,GET /api/v1/reservas,6.786797,200,success,
1789925920.193321,GET,GET /api/v1/reservas,7.031347,200,success,
1789925920.350817,GET,GET /api/v1/reservas,6.996804,200,success,
1789925920.391833,GET,GET /api/v1/reservas/{id},5.714963,200,success,
1789925920.477801,GET,GET /api/v1/reservas,6.589739,200,success,
1789925920.507536,GET,GET /api/v1/reservas,6.362283,200,success,
1789925920.562442,GET,GET /api/v1/reservas,6.552471,200,success,
1789925920.590998,GET,GET /api/v1/reservas,6.219086,200,success,
1789925920.699918,GET,GET /api/v1/reservas,6.544770,200,success,
1789925920.719708,GET,GET /api/v1/reservas,6.470476,200,success,
1789925920.781215,GET,GET /api/v1/reservas,6.750141,200,success,
1789925920.906291,GET,GET /api/v1/reservas,6.195861,200,success,
1789925920.906687,GET,GET /api/v1/reservas,7.089516,200,success,
1789925920.910528,GET,GET /api/v1/reservas/{id},3.751215,200,success,
1789925920.940296,GET,GET /api/v1/reservas,6.466701,200,success,
1789925920.989969,GET,GET /api/v1/reservas,6.459410,200,success,
1789925920.998738,GET,GET /api/v1/reservas/{id},4.581334,200,success,
1789925921.020509,GET,GET /api/v1/reservas,6.428914,200,success,
1789925921.043544,GET,GET /api/v1/reservas,6.644160,200,success,
1789925921.079430,GET,GET /api/v1/reservas,6.533973,200,success,
1789925921.124594,GET,GET /api/v1/reservas,6.829312,200,success,
1789925921.136375,GET,GET /api/v1/reservas,6.458349,200,success,
1789925921.189299,GET,GET /api/v1/reservas,7.579317,200,success,
1789925921.241158,GET,GET /api/v1/reservas/{id},5.585957,200,success,
1789925921.291716,GET,GET /api/v1/reservas,7.199503,200,success,
1789925921.337576,GET,GET /api/v1/reservas,7.415710,200,success,
1789925921.414621,GET,GET /api/v1/reservas,6.661797,200,success,
1789925921.496403,GET,GET /api/v1/reservas/{id},5.477193,200,success,
1789925921.544043,GET,GET /api/v1/reservas,7.134553,200,success,
1789925921.549802,GET,GET /api/v1/reservas/{id},6.905907,200,success,
1789925921.558522,GET,GET /api/v1/reservas,6.394061,200,success,
1789925921.641724,GET,GET /api/v1/reservas,6.820728,200,success,
1789925921.644275,GET,GET /api/v1/reservas,5.429890,200,success,
1789925921.711406,GET,GET /api/v1/reservas,6.773796,200,success,
1789925921.742526,GET,GET /api/v1/reservas,6.768839,200,success,
1789925921.751832,GET,GET /api/v1/reservas,5.994506,200,success,
1789925921.819896,GET,GET /api/v1/reservas,7.689325,200,success,
1789925921.825376,GET,GET /api/v1/reservas,6.432890,200,success,
1789925921.842792,GET,GET /api/v1/reservas,6.630750,200,success,
1789925921.986406,GET,GET /api/v1/reservas,7.289328,200,success,
1789925922.001295,GET,GET /api/v1/reservas/{id},5.634720,200,success,
1789925922.014577,GET,GET /api/v1/reservas,8.862842,200,success,
1789925922.068532,GET,GET /api/v1/reservas,8.526292,200,success,
1789925922.141325,GET,GET /api/v1/reservas,7.391103,200,success,
1789925922.148385,GET,GET /api/v1/reservas/{id},4.829990,200,success,
1789925922.165934,GET,GET /api/v1/reservas/{id},5.305402,200,success,
1789925922.261048,GET,GET /api/v1/reservas,6.699193,200,success,
1789925922.267575,GET,GET /api/v1/reservas,5.224358,200,success,
1789925922.323450,GET,GET /api/v1/reservas/{id},5.615561,200,success,
1789925922.352901,GET,GET /api/v1/reservas,9.044619,200,success,
1789925922.369640,GET,GET /api/v1/reservas/{id},5.465113,200,success,
1789925922.386318,GET,GET /api/v1/reservas/{id},5.391251,200,success,
1789925922.416922,GET,GET /api/v1/reservas,11.198052,200,success,
1789925922.448853,GET,GET /api/v1/reservas/{id},5.629963,200,success,
1789925922.459491,GET,GET /api/v1/reservas/{id},4.416273,200,success,
1789925922.474115,GET,GET /api/v1/reservas/{id},4.425869,200,success,
1789925922.514138,GET,GET /api/v1/reservas,7.182437,200,success,
1789925922.514740,GET,GET /api/v1/reservas,8.291838,200,success,
1789925922.528025,GET,GET /api/v1/reservas,6.011061,200,success,
1789925922.554876,GET,GET /api/v1/reservas,6.403005,200,success,
1789925922.642747,GET,GET /api/v1/reservas,6.503116,200,success,
1789925922.650686,GET,GET /api/v1/reservas,5.635051,200,success,
1789925922.705584,GET,GET /api/v1/reservas/{id},5.117175,200,success,
1789925922.706479,GET,GET /api/v1/reservas,6.437257,200,success,
1789925922.876901,GET,GET /api/v1/reservas,8.941763,200,success,
1789925922.898022,GET,GET /api/v1/reservas,6.782731,200,success,
1789925922.924406,GET,GET /api/v1/reservas/{id},6.529537,200,success,
1789925922.925219,GET,GET /api/v1/reservas,7.852201,200,success,
1789925922.986474,GET,GET /api/v1/reservas,7.214555,200,success,
1789925922.995438,GET,GET /api/v1/reservas/{id},4.752613,200,success,
1789925923.082940,GET,GET /api/v1/reservas,8.114838,200,success,
1789925923.129638,GET,GET /api/v1/reservas,11.286777,200,success,
1789925923.158884,GET,GET /api/v1/reservas,6.872356,200,success,
1789925923.284732,GET,GET /api/v1/reservas,12.352552,200,success,
1789925923.290294,GET,GET /api/v1/reservas/{id},6.281471,200,success,
1789925923.301193,GET,GET /api/v1/reservas/{id},4.668396,200,success,
1789925923.397217,GET,GET /api/v1/reservas,6.613293,200,success,
1789925923.441817,GET,GET /api/v1/reservas,10.201762,200,success,
1789925923.478651,GET,GET /api/v1/reservas,7.398062,200,success,
1789925923.480196,GET,GET /api/v1/reservas,5.655511,200,success,
1789925923.540536,GET,GET /api/v1/reservas/{id},5.092428,200,success,
1789925923.660676,GET,GET /api/v1/reservas,6.737472,200,success,
1789925923.700833,GET,GET /api/v1/reservas,6.811835,200,success,
1789925923.734296,GET,GET /api/v1/reservas,7.047341,200,success,
1789925923.833819,GET,GET /api/v1/reservas,7.130096,200,success,
1789925923.834002,GET,GET /api/v1/reservas,9.339025,200,success,
1789925923.889977,GET,GET /api/v1/reservas,6.638541,200,success,
1789925923.900969,GET,GET /api/v1/reservas,5.690995,200,success,
1789925923.925675,GET,GET /api/v1/reservas,7.363130,200,success,
1789925923.931145,GET,GET /api/v1/reservas,6.380861,200,success,
1789925923.973360,GET,GET /api/v1/reservas,6.857042,200,success,
1789925924.005685,GET,GET /api/v1/reservas/{id},5.356429,200,success,
1789925924.010118,GET,GET /api/v1/reservas/{id},4.286908,200,success,
1789925924.032054,GET,GET /api/v1/reservas,6.593753,200,success,
1789925924.238885,GET,GET /api/v1/reservas/{id},6.394903,200,success,
1789925924.239510,GET,GET /api/v1/reservas,6.379600,200,success,
1789925924.298262,GET,GET /api/v1/reservas/{id},6.492941,200,success,
1789925924.331272,GET,GET /api/v1/reservas/{id},6.707556,200,success,
1789925924.415367,GET,GET /api/v1/reservas/{id},9.601772,200,success,
1789925924.471655,GET,GET /api/v1/reservas,8.296976,200,success,
1789925924.472373,GET,GET /api/v1/reservas,7.072348,200,success,
1789925924.509544,GET,GET /api/v1/reservas,8.688168,200,success,
1789925924.597638,GET,GET /api/v1/reservas/{id},5.781903,200,success,
1789925924.639294,GET,GET /api/v1/reservas/{id},5.363529,200,success,
1789925924.682801,GET,GET /api/v1/reservas,6.147327,200,success,
1789925924.697510,GET,GET /api/v1/reservas/{id},4.497106,200,success,
1789925924.736159,GET,GET /api/v1/reservas,6.323785,200,success,
1789925924.784204,GET,GET /api/v1/reservas,6.690480,200,success,
1789925924.784634,GET,GET /api/v1/reservas,5.366624,200,success,
1789925924.853569,GET,GET /api/v1/reservas,6.621316,200,success,
1789925924.872006,GET,GET /api/v1/reservas,6.089589,200,success,
1789925924.888507,GET,GET /api/v1/reservas,7.133402,200,success,
1789925924.889104,GET,GET /api/v1/reservas,7.196887,200,success,
1789925924.912356,GET,GET /api/v1/reservas/{id},6.037711,200,success,
1789925924.915940,GET,GET /api/v1/reservas,7.314557,200,success,
1789925924.935535,GET,GET /api/v1/reservas,10.183234,200,success,
1789925924.936712,GET,GET /api/v1/reservas,7.578376,200,success,
1789925925.008674,GET,GET /api/v1/reservas/{id},6.891214,200,success,
1789925925.013160,GET,GET /api/v1/reservas/{id},5.462579,200,success,
1789925925.052648,GET,GET /api/v1/reservas/{id},6.229652,200,success,
1789925925.195968,GET,GET /api/v1/reservas,6.869352,200,success,
1789925925.215301,GET,GET /api/v1/reservas,7.002534,200,success,
1789925925.282776,GET,GET /api/v1/reservas,7.092440,200,success,
1789925925.297893,GET,GET /api/v1/reservas,5.771207,200,success,
1789925925.299749,GET,GET /api/v1/reservas,4.948090,200,success,
1789925925.305928,GET,GET /api/v1/reservas,4.899817,200,success,
1789925925.332510,GET,GET /api/v1/reservas,6.293769,200,success,
1789925925.358617,GET,GET /api/v1/reservas/{id},6.869331,200,success,
1789925925.359203,GET,GET /api/v1/reservas,6.830362,200,success,
1789925925.369215,GET,GET /api/v1/reservas/{id},4.823652,200,success,
1789925925.380420,GET,GET /api/v1/reservas/{id},4.006542,200,success,
1789925925.390695,GET,GET /api/v1/reservas,4.977083,200,success,
1789925925.432116,GET,GET /api/v1/reservas,7.044617,200,success,
1789925925.522146,GET,GET /api/v1/reservas,6.653134,200,success,
1789925925.589649,GET,GET /api/v1/reservas/{id},5.253312,200,success,
1789925925.643279,GET,GET /api/v1/reservas/{id},5.370730,200,success,
1789925925.748371,GET,GET /api/v1/reservas,6.705394,200,success,
1789925925.869177,GET,GET /api/v1/reservas/{id},5.567239,200,success,
1789925925.909504,GET,GET /api/v1/reservas,6.964105,200,success,
1789925925.912443,GET,GET /api/v1/reservas,6.018912,200,success,
1789925925.950468,GET,GET /api/v1/reservas,6.679784,200,success,
1789925926.000587,GET,GET /api/v1/reservas,6.978207,200,success,
1789925926.006708,GET,GET /api/v1/reservas,5.849957,200,success,
1789925926.028286,GET,GET /api/v1/reservas/{id},5.341006,200,success,
1789925926.048118,GET,GET /api/v1/reservas/{id},5.580308,200,success,
1789925926.086874,GET,GET /api/v1/reservas,6.416475,200,success,
1789925926.117772,GET,GET /api/v1/reservas,6.569527,200,success,
1789925926.149146,GET,GET /api/v1/reservas/{id},5.133892,200,success,
1789925926.213190,GET,GET /api/v1/reservas,6.704732,200,success,
1789925926.233372,GET,GET /api/v1/reservas/{id},4.938254,200,success,
1789925926.248287,GET,GET /api/v1/reservas,6.602677,200,success,
1789925926.253256,GET,GET /api/v1/reservas,5.720250,200,success,
1789925926.281023,GET,GET /api/v1/reservas,6.418578,200,success,
1789925926.352615,GET,GET /api/v1/reservas,7.233694,200,success,
1789925926.382925,GET,GET /api/v1/reservas/{id},5.084286,200,success,
1789925926.449080,GET,GET /api/v1/reservas,6.780848,200,success,
1789925926.463225,GET,GET /api/v1/reservas,5.842765,200,success,
1789925926.565484,GET,GET /api/v1/reservas,6.844345,200,success,
1789925926.568962,GET,GET /api/v1/reservas/{id},4.415643,200,success,
1789925926.629092,GET,GET /api/v1/reservas,6.763171,200,success,
1789925926.679270,GET,GET /api/v1/reservas,6.795049,200,success,
1789925926.696195,GET,GET /api/v1/reservas,6.607294,200,success,
1789925926.728384,GET,GET /api/v1/reservas,6.850614,200,success,
1789925926.793729,GET,GET /api/v1/reservas,6.948271,200,success,
1789925926.797878,GET,GET /api/v1/reservas,5.389258,200,success,
1789925926.798349,GET,GET /api/v1/reservas,7.743837,200,success,
1789925926.859909,GET,GET /api/v1/reservas/{id},5.329938,200,success,
1789925926.954537,GET,GET /api/v1/reservas,10.253000,200,success,
1789925927.102410,GET,GET /api/v1/reservas,6.707706,200,success,
1789925927.138014,GET,GET /api/v1/reservas,7.214104,200,success,
1789925927.139213,GET,GET /api/v1/reservas/{id},5.634830,200,success,
1789925927.177399,GET,GET /api/v1/reservas,6.831434,200,success,
1789925927.205287,GET,GET /api/v1/reservas,7.501489,200,success,
1789925927.228769,GET,GET /api/v1/reservas/{id},7.111538,200,success,
1789925927.233372,GET,GET /api/v1/reservas,7.616624,200,success,
1789925927.419683,GET,GET /api/v1/reservas,6.813857,200,success,
1789925927.445653,GET,GET /api/v1/reservas,6.896352,200,success,
1789925927.448419,GET,GET /api/v1/reservas,6.544129,200,success,
1789925927.464960,GET,GET /api/v1/reservas,7.224459,200,success,
1789925927.483131,GET,GET /api/v1/reservas,6.775190,200,success,
1789925927.503248,GET,GET /api/v1/reservas,6.762510,200,success,
1789925927.513828,GET,GET /api/v1/reservas,6.272958,200,success,
1789925927.540395,GET,GET /api/v1/reservas,7.165731,200,success,
1789925927.540766,GET,GET /api/v1/reservas/{id},4.821949,200,success,
1789925927.706791,GET,GET /api/v1/reservas,6.602648,200,success,
1789925927.860599,GET,GET /api/v1/reservas,6.889092,200,success,
1789925927.891479,GET,GET /api/v1/reservas/{id},5.629393,200,success,
1789925927.948217,GET,GET /api/v1/reservas,6.398158,200,success,
1789925928.012240,GET,GET /api/v1/reservas,10.828693,200,success,
1789925928.026395,GET,GET /api/v1/reservas,9.763459,200,success,
1789925928.049961,GET,GET /api/v1/reservas,8.188381,200,success,
1789925928.131275,GET,GET /api/v1/reservas/{id},5.998542,200,success,
1789925928.135829,GET,GET /api/v1/reservas/{id},4.357374,200,success,
1789925928.149216,GET,GET /api/v1/reservas,7.053110,200,success,
1789925928.179131,GET,GET /api/v1/reservas/{id},5.632957,200,success,
1789925928.224698,GET,GET /api/v1/reservas,8.175641,200,success,
1789925928.232878,GET,GET /api/v1/reservas,6.843352,200,success,
1789925928.266042,GET,GET /api/v1/reservas,13.728648,200,success,
1789925928.267044,GET,GET /api/v1/reservas,12.589361,200,success,
1789925928.317499,GET,GET /api/v1/reservas,8.045123,200,success,
1789925928.333514,GET,GET /api/v1/reservas,6.629367,200,success,
1789925928.362837,GET,GET /api/v1/reservas,7.823567,200,success,
1789925928.380201,GET,GET /api/v1/reservas/{id},7.047431,200,success,
1789925928.433208,GET,GET /api/v1/reservas,6.645132,200,success,
1789925928.472481,GET,GET /api/v1/reservas,6.904365,200,success,
1789925928.522329,GET,GET /api/v1/reservas,6.506631,200,success,
1789925928.527236,GET,GET /api/v1/reservas/{id},3.731957,200,success,
1789925928.601044,GET,GET /api/v1/reservas,6.413731,200,success,
1789925928.613289,GET,GET /api/v1/reservas/{id},5.030233,200,success,
1789925928.644514,GET,GET /api/v1/reservas,6.913328,200,success,
1789925928.649365,GET,GET /api/v1/reservas,5.617915,200,success,
1789925928.747051,GET,GET /api/v1/reservas/{id},5.430360,200,success,
1789925928.830236,GET,GET /api/v1/reservas,6.770481,200,success,
1789925928.833034,GET,GET /api/v1/reservas,5.690275,200,success,
1789925928.853044,GET,GET /api/v1/reservas/{id},5.744165,200,success,
1789925928.868300,GET,GET /api/v1/reservas,6.953269,200,success,
1789925928.901401,GET,GET /api/v1/reservas,8.702330,200,success,
1789925928.918459,GET,GET /api/v1/reservas,7.645388,200,success,
1789925928.960799,GET,GET /api/v1/reservas,7.946855,200,success,
1789925929.009365,GET,GET /api/v1/reservas/{id},5.530742,200,success,
1789925929.127947,GET,GET /api/v1/reservas,8.692085,200,success,
1789925929.136969,GET,GET /api/v1/reservas,5.698257,200,success,
1789925929.182719,GET,GET /api/v1/reservas/{id},5.473105,200,success,
1789925929.188750,GET,GET /api/v1/reservas,5.778848,200,success,
1789925929.235919,GET,GET /api/v1/reservas,6.831024,200,success,
1789925929.279042,GET,GET /api/v1/reservas,6.712044,200,success,
1789925929.338163,GET,GET /api/v1/reservas,6.766126,200,success,
1789925929.442272,GET,GET /api/v1/reservas/{id},5.783827,200,success,
1789925929.533179,GET,GET /api/v1/reservas,6.529056,200,success,
1789925929.541249,GET,GET /api/v1/reservas/{id},4.903892,200,success,
1789925929.578461,GET,GET /api/v1/reservas/{id},5.958200,200,success,
1789925929.587509,GET,GET /api/v1/reservas,5.700951,200,success,
1789925929.591061,GET,GET /api/v1/reservas,5.558655,200,success,
1789925929.661654,GET,GET /api/v1/reservas,8.210043,200,success,
1789925929.689032,GET,GET /api/v1/reservas,7.011638,200,success,
1789925929.900626,GET,GET /api/v1/reservas/{id},6.644521,200,success,
1789925929.952872,GET,GET /api/v1/reservas,6.879116,200,success,
1789925930.011424,GET,GET /api/v1/reservas,7.219232,200,success,
1789925930.011930,GET,GET /api/v1/reservas,7.235016,200,success,
1789925930.040441,GET,GET /api/v1/reservas/{id},5.271820,200,success,
1789925930.064607,GET,GET /api/v1/reservas/{id},4.909030,200,success,
1789925930.093322,GET,GET /api/v1/reservas,6.372358,200,success,
1789925930.107251,GET,GET /api/v1/reservas,5.650545,200,success,
1789925930.125971,GET,GET /api/v1/reservas,6.364797,200,success,
1789925930.231772,GET,GET /api/v1/reservas/{id},5.469610,200,success,
1789925930.271412,GET,GET /api/v1/reservas,6.278025,200,success,
1789925930.280561,GET,GET /api/v1/reservas,4.876161,200,success,
1789925930.351844,GET,GET /api/v1/reservas,6.926629,200,success,
1789925930.360733,GET,GET /api/v1/reservas,8.663471,200,success,
1789925930.370731,GET,GET /api/v1/reservas/{id},11.955199,200,success,
1789925930.373785,GET,GET /api/v1/reservas/{id},9.603255,200,success,
1789925930.378455,GET,GET /api/v1/reservas,9.247465,200,success,
1789925930.443274,GET,GET /api/v1/reservas,7.484955,200,success,
1789925930.448527,GET,GET /api/v1/reservas,6.110782,200,success,
1789925930.502768,GET,GET /api/v1/reservas/{id},5.003444,200,success,
1789925930.522915,GET,GET /api/v1/reservas,5.814231,200,success,
1789925930.544115,GET,GET /api/v1/reservas,5.882586,200,success,
1789925930.548533,GET,GET /api/v1/reservas,5.538024,200,success,
1789925930.569540,GET,GET /api/v1/reservas,5.729504,200,success,
1789925930.619312,GET,GET /api/v1/reservas,6.451779,200,success,
1789925930.652256,GET,GET /api/v1/reservas,6.612373,200,success,
1789925930.664060,GET,GET /api/v1/reservas,5.481900,200,success,
1789925930.683001,GET,GET /api/v1/reservas/{id},4.723308,200,success,
1789925930.708625,GET,GET /api/v1/reservas,6.299989,200,success,
1789925930.717514,GET,GET /api/v1/reservas,5.597825,200,success,
1789925930.724306,GET,GET /api/v1/reservas/{id},6.666574,200,success,
1789925930.787836,GET,GET /api/v1/reservas,6.773036,200,success,
1789925930.852898,GET,GET /api/v1/reservas,9.657117,200,success,
1789925930.890019,GET,GET /api/v1/reservas/{id},7.842757,200,success,
1789925930.908904,GET,GET /api/v1/reservas/{id},5.617704,200,success,
1789925930.916133,GET,GET /api/v1/reservas,5.902245,200,success,
1789925930.970107,GET,GET /api/v1/reservas,6.585331,200,success,
1789925930.984268,GET,GET /api/v1/reservas/{id},4.937934,200,success,
1789925931.195898,GET,GET /api/v1/reservas/{id},5.322257,200,success,
1789925931.334236,GET,GET /api/v1/reservas,6.909573,200,success,
1789925931.396086,GET,GET /api/v1/reservas,6.472761,200,success,
1789925931.408617,GET,GET /api/v1/reservas/{id},4.340800,200,success,
1789925931.435869,GET,GET /api/v1/reservas/{id},5.017054,200,success,
1789925931.454958,GET,GET /api/v1/reservas,5.797618,200,success,
1789925931.500735,GET,GET /api/v1/reservas,7.388318,200,success,
1789925931.507879,GET,GET /api/v1/reservas/{id},4.926608,200,success,
1789925931.516013,GET,GET /api/v1/reservas/{id},3.929285,200,success,
1789925931.634892,GET,GET /api/v1/reservas,6.487203,200,success,
1789925931.720618,GET,GET /api/v1/reservas,6.372048,200,success,
1789925931.742252,GET,GET /api/v1/reservas,6.328983,200,success,
1789925931.848430,GET,GET /api/v1/reservas/{id},5.361507,200,success,
1789925931.868428,GET,GET /api/v1/reservas/{id},4.757341,200,success,
1789925931.886997,GET,GET /api/v1/reservas,6.239246,200,success,
1789925931.894320,GET,GET /api/v1/reservas/{id},4.134767,200,success,
1789925931.929904,GET,GET /api/v1/reservas,6.256973,200,success,
1789925932.118399,GET,GET /api/v1/reservas,6.335372,200,success,
1789925932.175599,GET,GET /api/v1/reservas,6.839115,200,success,
1789925932.199534,GET,GET /api/v1/reservas/{id},5.680990,200,success,
1789925932.282578,GET,GET /api/v1/reservas/{id},5.718908,200,success,
1789925932.310111,GET,GET /api/v1/reservas/{id},5.281715,200,success,
1789925932.406600,GET,GET /api/v1/reservas,9.125591,200,success,
1789925932.412173,GET,GET /api/v1/reservas,6.686004,200,success,
1789925932.452764,GET,GET /api/v1/reservas,10.191146,200,success,
1789925932.482399,GET,GET /api/v1/reservas,7.200964,200,success,
1789925932.502833,GET,GET /api/v1/reservas/{id},5.168844,200,success,
1789925932.522255,GET,GET /api/v1/reservas/{id},6.175129,200,success,
1789925932.537257,GET,GET /api/v1/reservas,5.684256,200,success,
1789925932.564895,GET,GET /api/v1/reservas,6.330275,200,success,
1789925932.594820,GET,GET /api/v1/reservas,6.618141,200,success,
1789925932.616519,GET,GET /api/v1/reservas,6.337536,200,success,
1789925932.676516,GET,GET /api/v1/reservas,6.599563,200,success,
1789925932.678973,GET,GET /api/v1/reservas/{id},4.290523,200,success,
1789925932.714191,GET,GET /api/v1/reservas,6.847979,200,success,
1789925932.750725,GET,GET /api/v1/reservas,7.168874,200,success,
1789925932.843800,GET,GET /api/v1/reservas,6.675307,200,success,
1789925932.870192,GET,GET /api/v1/reservas/{id},5.117927,200,success,
1789925932.942230,GET,GET /api/v1/reservas,6.686154,200,success,
1789925932.960575,GET,GET /api/v1/reservas,6.027235,200,success,
1789925932.989357,GET,GET /api/v1/reservas,6.415934,200,success,
1789925933.066757,GET,GET /api/v1/reservas,5.420296,200,success,
1789925933.067275,GET,GET /api/v1/reservas,7.867935,200,success,
1789925933.183119,GET,GET /api/v1/reservas/{id},6.555546,200,success,
1789925933.195968,GET,GET /api/v1/reservas,8.475155,200,success,
1789925933.230778,GET,GET /api/v1/reservas,8.366059,200,success,
1789925933.252963,GET,GET /api/v1/reservas,7.831739,200,success,
1789925933.269334,GET,GET /api/v1/reservas,7.029865,200,success,
1789925933.277024,GET,GET /api/v1/reservas,6.349603,200,success,
1789925933.304090,GET,GET /api/v1/reservas,13.994991,200,success,
1789925933.325121,GET,GET /api/v1/reservas,7.618687,200,success,
1789925933.363519,GET,GET /api/v1/reservas/{id},15.095740,200,success,
1789925933.376950,GET,GET /api/v1/reservas,17.885398,200,success,
1789925933.396952,GET,GET /api/v1/reservas,10.383058,200,success,
1789925933.414062,GET,GET /api/v1/reservas/{id},7.573318,200,success,
1789925933.504693,GET,GET /api/v1/reservas,7.152961,200,success,
1789925933.532164,GET,GET /api/v1/reservas,7.128504,200,success,
1789925933.548466,GET,GET /api/v1/reservas,6.966478,200,success,
1789925933.619276,GET,GET /api/v1/reservas/{id},5.526847,200,success,
1789925933.634633,GET,GET /api/v1/reservas,6.999139,200,success,
1789925933.677133,GET,GET /api/v1/reservas,7.070005,200,success,
1789925933.677520,GET,GET /api/v1/reservas/{id},5.737475,200,success,
1789925933.690648,GET,GET /api/v1/reservas,6.859106,200,success,
1789925933.704439,GET,GET /api/v1/reservas,7.425875,200,success,
1789925933.704892,GET,GET /api/v1/reservas,7.431312,200,success,
1789925933.735442,GET,GET /api/v1/reservas,6.237784,200,success,
1789925933.833423,GET,GET /api/v1/reservas,6.543669,200,success,
1789925933.872716,GET,GET /api/v1/reservas,6.531190,200,success,
1789925933.939962,GET,GET /api/v1/reservas/{id},5.973033,200,success,
1789925933.995553,GET,GET /api/v1/reservas/{id},5.324520,200,success,
1789925934.068696,GET,GET /api/v1/reservas,6.790853,200,success,
1789925934.104244,GET,GET /api/v1/reservas,7.129446,200,success,
1789925934.107589,GET,GET /api/v1/reservas,5.405423,200,success,
1789925934.136084,GET,GET /api/v1/reservas/{id},5.253623,200,success,
1789925934.184734,GET,GET /api/v1/reservas/{id},5.382218,200,success,
1789925934.289050,GET,GET /api/v1/reservas,6.904755,200,success,
1789925934.348667,GET,GET /api/v1/reservas,7.265662,200,success,
1789925934.424365,GET,GET /api/v1/reservas/{id},5.398082,200,success,
1789925934.461568,GET,GET /api/v1/reservas,7.767753,200,success,
1789925934.510535,GET,GET /api/v1/reservas,6.586513,200,success,
1789925934.584718,GET,GET /api/v1/reservas,6.833498,200,success,
1789925934.657739,GET,GET /api/v1/reservas,7.622342,200,success,
1789925934.681944,GET,GET /api/v1/reservas/{id},5.920874,200,success,
1789925934.727528,GET,GET /api/v1/reservas,7.141203,200,success,
1789925934.778645,GET,GET /api/v1/reservas/{id},5.826931,200,success,
1789925934.812255,GET,GET /api/v1/reservas,8.086146,200,success,
1789925934.832440,GET,GET /api/v1/reservas,9.175737,200,success,
1789925934.943659,GET,GET /api/v1/reservas,6.771152,200,success,
1789925934.964396,GET,GET /api/v1/reservas/{id},5.473116,200,success,
1789925934.985647,GET,GET /api/v1/reservas,5.914344,200,success,
1789925935.152598,GET,GET /api/v1/reservas,6.797582,200,success,
1789925935.166532,GET,GET /api/v1/reservas,6.615756,200,success,
1789925935.216170,GET,GET /api/v1/reservas/{id},8.278447,200,success,
1789925935.219459,GET,GET /api/v1/reservas/{id},7.034602,200,success,
1789925935.220777,GET,GET /api/v1/reservas,8.707177,200,success,
1789925935.224795,GET,GET /api/v1/reservas,7.280696,200,success,
1789925935.263250,GET,GET /api/v1/reservas,9.118501,200,success,
1789925935.263781,GET,GET /api/v1/reservas,6.487794,200,success,
1789925935.284813,GET,GET /api/v1/reservas,7.594752,200,success,
1789925935.325398,GET,GET /api/v1/reservas/{id},8.234610,200,success,
1789925935.379303,GET,GET /api/v1/reservas,9.480880,200,success,
1789925935.384437,GET,GET /api/v1/reservas/{id},4.985296,200,success,
1789925935.429381,GET,GET /api/v1/reservas/{id},6.671482,200,success,
1789925935.507177,GET,GET /api/v1/reservas,7.372214,200,success,
1789925935.544188,GET,GET /api/v1/reservas,6.656318,200,success,
1789925935.579813,GET,GET /api/v1/reservas/{id},5.353263,200,success,
1789925935.610786,GET,GET /api/v1/reservas,8.095331,200,success,
1789925935.611278,GET,GET /api/v1/reservas,9.118240,200,success,
1789925935.673372,GET,GET /api/v1/reservas,6.762700,200,success,
1789925935.713320,GET,GET /api/v1/reservas/{id},5.694691,200,success,
1789925935.723372,GET,GET /api/v1/reservas,7.166883,200,success,
1789925935.784209,GET,GET /api/v1/reservas,7.004907,200,success,
1789925935.785189,GET,GET /api/v1/reservas/{id},4.281249,200,success,
1789925935.807577,GET,GET /api/v1/reservas/{id},5.186410,200,success,
1789925935.846634,GET,GET /api/v1/reservas,6.208210,200,success,
1789925935.862383,GET,GET /api/v1/reservas,5.424603,200,success,
1789925935.872180,GET,GET /api/v1/reservas,5.507097,200,success,
1789925935.877223,GET,GET /api/v1/reservas,4.829619,200,success,
1789925935.911196,GET,GET /api/v1/reservas,5.690094,200,success,
1789925935.917421,GET,GET /api/v1/reservas,4.942140,200,success,
1789925935.972067,GET,GET /api/v1/reservas,6.289092,200,success,
1789925936.024552,GET,GET /api/v1/reservas,6.416906,200,success,
1789925936.028377,GET,GET /api/v1/reservas,5.438754,200,success,
1789925936.129138,GET,GET /api/v1/reservas,5.481769,200,success,
1789925936.129485,GET,GET /api/v1/reservas,7.706230,200,success,
1789925936.147091,GET,GET /api/v1/reservas/{id},4.422753,200,success,
1789925936.150270,GET,GET /api/v1/reservas/{id},3.949886,200,success,
1789925936.188231,GET,GET /api/v1/reservas,6.585231,200,success,
1789925936.205761,GET,GET /api/v1/reservas,6.189640,200,success,
1789925936.276753,GET,GET /api/v1/reservas,6.690641,200,success,
1789925936.317466,GET,GET /api/v1/reservas/{id},5.462198,200,success,
1789925936.449403,GET,GET /api/v1/reservas,6.525750,200,success,
1789925936.471147,GET,GET /api/v1/reservas/{id},4.536836,200,success,
1789925936.484037,GET,GET /api/v1/reservas,5.573838,200,success,
1789925936.509694,GET,GET /api/v1/reservas,5.370630,200,success,
1789925936.516729,GET,GET /api/v1/reservas,4.756350,200,success,
1789925936.589106,GET,GET /api/v1/reservas,6.970204,200,success,
1789925936.604669,GET,GET /api/v1/reservas,5.233161,200,success,
1789925936.642309,GET,GET /api/v1/reservas,7.320505,200,success,
1789925936.700912,GET,GET /api/v1/reservas/{id},5.345061,200,success,
1789925936.851149,GET,GET /api/v1/reservas,6.744702,200,success,
1789925936.923241,GET,GET /api/v1/reservas,6.736281,200,success,
1789925936.953523,GET,GET /api/v1/reservas,7.913705,200,success,
1789925936.958838,GET,GET /api/v1/reservas,5.105488,200,success,
1789925937.167714,GET,GET /api/v1/reservas,6.447002,200,success,
1789925937.182818,GET,GET /api/v1/reservas,5.764197,200,success,
1789925937.240050,GET,GET /api/v1/reservas,6.807688,200,success,
1789925937.272461,GET,GET /api/v1/reservas,6.065583,200,success,
1789925937.333333,GET,GET /api/v1/reservas,6.543088,200,success,
1789925937.333687,GET,GET /api/v1/reservas/{id},5.138699,200,success,
1789925937.350344,GET,GET /api/v1/reservas,5.348927,200,success,
1789925937.449875,GET,GET /api/v1/reservas/{id},5.244138,200,success,
1789925937.515839,GET,GET /api/v1/reservas/{id},5.700850,200,success,
1789925937.561257,GET,GET /api/v1/reservas,7.573088,200,success,
1789925937.561762,GET,GET /api/v1/reservas,8.608127,200,success,
1789925937.650296,GET,GET /api/v1/reservas/{id},5.268355,200,success,
1789925937.661244,GET,GET /api/v1/reservas/{id},3.747861,200,success,
1789925937.786919,GET,GET /api/v1/reservas,6.312337,200,success,
1789925937.875972,GET,GET /api/v1/reservas,6.603959,200,success,
1789925937.876399,GET,GET /api/v1/reservas,7.677916,200,success,
1789925937.927222,GET,GET /api/v1/reservas/{id},5.576762,200,success,
1789925937.957227,GET,GET /api/v1/reservas,5.662973,200,success,
1789925938.020385,GET,GET /api/v1/reservas,7.912894,200,success,
1789925938.039371,GET,GET /api/v1/reservas,5.638156,200,success,
1789925938.113444,GET,GET /api/v1/reservas,6.650900,200,success,
1789925938.156315,GET,GET /api/v1/reservas,6.471248,200,success,
1789925938.237411,GET,GET /api/v1/reservas,6.678812,200,success,
1789925938.245943,GET,GET /api/v1/reservas,6.237394,200,success,
1789925938.279902,GET,GET /api/v1/reservas,6.620564,200,success,
1789925938.334608,GET,GET /api/v1/reservas/{id},5.454527,200,success,
1789925938.351406,GET,GET /api/v1/reservas,7.431473,200,success,
1789925938.417595,GET,GET /api/v1/reservas,7.808216,200,success,
1789925938.442451,GET,GET /api/v1/reservas/{id},5.585535,200,success,
1789925938.447385,GET,GET /api/v1/reservas,6.457768,200,success,
1789925938.456648,GET,GET /api/v1/reservas,5.928596,200,success,
1789925938.485114,GET,GET /api/v1/reservas,11.050528,200,success,
1789925938.486541,GET,GET /api/v1/reservas/{id},7.501499,200,success,
1789925938.498909,GET,GET /api/v1/reservas,7.070406,200,success,
1789925938.505821,GET,GET /api/v1/reservas,8.115490,200,success,
1789925938.589514,GET,GET /api/v1/reservas,7.288727,200,success,
1789925938.624053,GET,GET /api/v1/reservas,11.972476,200,success,
1789925938.624254,GET,GET /api/v1/reservas,9.768255,200,success,
1789925938.626119,GET,GET /api/v1/reservas/{id},7.463401,200,success,
1789925938.661181,GET,GET /api/v1/reservas/{id},5.795474,200,success,
1789925938.732377,GET,GET /api/v1/reservas,6.817573,200,success,
1789925938.786010,GET,GET /api/v1/reservas,7.240505,200,success,
1789925938.801564,GET,GET /api/v1/reservas,7.218751,200,success,
1789925938.850684,GET,GET /api/v1/reservas/{id},5.846401,200,success,
1789925938.858400,GET,GET /api/v1/reservas,6.370986,200,success,
1789925938.867270,GET,GET /api/v1/reservas,5.598284,200,success,
1789925938.959788,GET,GET /api/v1/reservas/{id},5.234092,200,success,
1789925938.970755,GET,GET /api/v1/reservas/{id},3.774240,200,success,
1789925939.000521,GET,GET /api/v1/reservas,6.425389,200,success,
1789925939.003304,GET,GET /api/v1/reservas,5.453666,200,success,
1789925939.051387,GET,GET /api/v1/reservas,6.764723,200,success,
1789925939.051804,GET,GET /api/v1/reservas,5.446804,200,success,
1789925939.187739,GET,GET /api/v1/reservas,7.494630,200,success,
1789925939.204566,GET,GET /api/v1/reservas,6.454162,200,success,
1789925939.334356,GET,GET /api/v1/reservas/{id},5.425092,200,success,
1789925939.350535,GET,GET /api/v1/reservas,6.832335,200,success,
1789925939.495779,GET,GET /api/v1/reservas,6.800537,200,success,
1789925939.503960,GET,GET /api/v1/reservas,5.879912,200,success,
1789925939.515093,GET,GET /api/v1/reservas/{id},5.875746,200,success,
1789925939.530109,GET,GET /api/v1/reservas,6.684991,200,success,
1789925939.632019,GET,GET /api/v1/reservas/{id},5.589462,200,success,
1789925939.702742,GET,GET /api/v1/reservas/{id},6.456345,200,success,
1789925939.769138,GET,GET /api/v1/reservas,6.969193,200,success,
1789925939.808976,GET,GET /api/v1/reservas,6.492890,200,success,
1789925939.823234,GET,GET /api/v1/reservas,5.926652,200,success,
1789925939.869471,GET,GET /api/v1/reservas,6.458919,200,success,
1789925939.881722,GET,GET /api/v1/reservas,4.986388,200,success,
1789925939.953432,GET,GET /api/v1/reservas,7.314847,200,success,
1789925940.008110,GET,GET /api/v1/reservas/{id},7.384703,200,success,
1789925940.013862,GET,GET /api/v1/reservas,9.223690,200,success,
1789925940.061166,GET,GET /api/v1/reservas,7.863468,200,success,
1789925940.073087,GET,GET /api/v1/reservas,7.450122,200,success,
1789925940.106028,GET,GET /api/v1/reservas,7.544945,200,success,
1789925940.204658,GET,GET /api/v1/reservas,11.834617,200,success,
1789925940.224184,GET,GET /api/v1/reservas,9.086803,200,success,
1789925940.228536,GET,GET /api/v1/reservas/{id},8.388334,200,success,
1789925940.232627,GET,GET /api/v1/reservas,6.982282,200,success,
1789925940.270639,GET,GET /api/v1/reservas,10.601968,200,success,
1789925940.272101,GET,GET /api/v1/reservas/{id},6.737051,200,success,
1789925940.272858,GET,GET /api/v1/reservas/{id},4.560803,200,success,
1789925940.301951,GET,GET /api/v1/reservas,11.023879,200,success,
1789925940.302905,GET,GET /api/v1/reservas,13.670680,200,success,
1789925940.303797,GET,GET /api/v1/reservas/{id},6.181779,200,success,
1789925940.343305,GET,GET /api/v1/reservas,8.115250,200,success,
1789925940.412206,GET,GET /api/v1/reservas,6.466801,200,success,
1789925940.422376,GET,GET /api/v1/reservas/{id},4.957764,200,success,
1789925940.446589,GET,GET /api/v1/reservas,6.871926,200,success,
1789925940.480168,GET,GET /api/v1/reservas,6.256443,200,success,
1789925940.503211,GET,GET /api/v1/reservas,9.679351,200,success,
1789925940.504219,GET,GET /api/v1/reservas,6.933790,200,success,
1789925940.548422,GET,GET /api/v1/reservas,6.837062,200,success,
1789925940.661608,GET,GET /api/v1/reservas,6.762731,200,success,
1789925940.686948,GET,GET /api/v1/reservas,6.988612,200,success,
1789925940.717442,GET,GET /api/v1/reservas,8.072686,200,success,
1789925940.717888,GET,GET /api/v1/reservas/{id},5.797697,200,success,
1789925940.757503,GET,GET /api/v1/reservas,7.277600,200,success,
1789925940.788144,GET,GET /api/v1/reservas,6.875200,200,success,
1789925940.820177,GET,GET /api/v1/reservas,6.643508,200,success,
1789925940.831466,GET,GET /api/v1/reservas,7.000150,200,success,
1789925940.831880,GET,GET /api/v1/reservas,7.024486,200,success,
1789925940.953330,GET,GET /api/v1/reservas,7.073372,200,success,
1789925941.096680,GET,GET /api/v1/reservas/{id},5.263687,200,success,
1789925941.178024,GET,GET /api/v1/reservas/{id},5.032477,200,success,
1789925941.251127,GET,GET /api/v1/reservas,6.729860,200,success,
1789925941.273356,GET,GET /api/v1/reservas/{id},4.981130,200,success,
1789925941.275069,GET,GET /api/v1/reservas/{id},3.920822,200,success,
1789925941.362262,GET,GET /api/v1/reservas,6.836792,200,success,
1789925941.368043,GET,GET /api/v1/reservas,6.688809,200,success,
1789925941.484753,GET,GET /api/v1/reservas,8.297246,200,success,
1789925941.500725,GET,GET /api/v1/reservas/{id},5.705747,200,success,
1789925941.536980,GET,GET /api/v1/reservas,6.855261,200,success,
1789925941.683753,GET,GET /api/v1/reservas,6.316914,200,success,
1789925941.727264,GET,GET /api/v1/reservas,6.152685,200,success,
1789925941.732698,GET,GET /api/v1/reservas/{id},4.238996,200,success,
1789925941.761084,GET,GET /api/v1/reservas/{id},5.170467,200,success,
1789925941.863375,GET,GET /api/v1/reservas,11.351315,200,success,
1789925941.935534,GET,GET /api/v1/reservas,6.713205,200,success,
1789925942.034115,GET,GET /api/v1/reservas,10.224817,200,success,
1789925942.084980,GET,GET /api/v1/reservas,9.445987,200,success,
1789925942.085523,GET,GET /api/v1/reservas,9.514561,200,success,
1789925942.161825,GET,GET /api/v1/reservas,6.948492,200,success,
1789925942.189701,GET,GET /api/v1/reservas/{id},5.616983,200,success,
1789925942.270749,GET,GET /api/v1/reservas,6.643569,200,success,
1789925942.288164,GET,GET /api/v1/reservas,6.083802,200,success,
1789925942.295246,GET,GET /api/v1/reservas/{id},4.894178,200,success,
1789925942.317830,GET,GET /api/v1/reservas,7.256799,200,success,
1789925942.435296,GET,GET /api/v1/reservas,10.360803,200,success,
1789925942.471506,GET,GET /api/v1/reservas,6.822380,200,success,
1789925942.513668,GET,GET /api/v1/reservas,8.796102,200,success,
1789925942.521828,GET,GET /api/v1/reservas,13.027966,200,success,
1789925942.532521,GET,GET /api/v1/reservas,14.755034,200,success,
1789925942.535210,GET,GET /api/v1/reservas,18.001645,200,success,
1789925942.536886,GET,GET /api/v1/reservas/{id},9.774475,200,success,
1789925942.556549,GET,GET /api/v1/reservas,8.305808,200,success,
1789925942.567317,GET,GET /api/v1/reservas,7.445676,200,success,
1789925942.579358,GET,GET /api/v1/reservas,9.722596,200,success,
1789925942.584069,GET,GET /api/v1/reservas,11.214387,200,success,
1789925942.586529,GET,GET /api/v1/reservas,10.774110,200,success,
1789925942.600832,GET,GET /api/v1/reservas,7.899993,200,success,
1789925942.619784,GET,GET /api/v1/reservas/{id},7.684958,200,success,
1789925942.652185,GET,GET /api/v1/reservas,11.913347,200,success,
1789925942.679761,GET,GET /api/v1/reservas/{id},6.337134,200,success,
1789925942.691322,GET,GET /api/v1/reservas,8.238878,200,success,
1789925942.705022,GET,GET /api/v1/reservas/{id},7.210248,200,success,
1789925942.707513,GET,GET /api/v1/reservas,9.139562,200,success,
1789925942.735570,GET,GET /api/v1/reservas/{id},9.775196,200,success,
1789925942.834903,GET,GET /api/v1/reservas,14.339604,200,success,
1789925942.835453,GET,GET /api/v1/reservas,23.287196,200,success,
1789925942.875810,GET,GET /api/v1/reservas/{id},10.106208,200,success,
1789925942.911606,GET,GET /api/v1/reservas/{id},9.444344,200,success,
1789925942.916851,GET,GET /api/v1/reservas,11.779144,200,success,
1789925942.918591,GET,GET /api/v1/reservas,14.114182,200,success,
1789925942.976097,GET,GET /api/v1/reservas,9.013250,200,success,
1789925943.040047,GET,GET /api/v1/reservas,7.390151,200,success,
1789925943.069502,GET,GET /api/v1/reservas,7.063145,200,success,
1789925943.194350,GET,GET /api/v1/reservas,7.465966,200,success,
1789925943.299712,GET,GET /api/v1/reservas,8.319510,200,success,
1789925943.300243,GET,GET /api/v1/reservas,9.498667,200,success,
1789925943.396206,GET,GET /api/v1/reservas,29.240549,200,success,
1789925943.425691,GET,GET /api/v1/reservas,12.412553,200,success,
1789925943.472039,GET,GET /api/v1/reservas,25.925734,200,success,
1789925943.660416,GET,GET /api/v1/reservas/{id},6.931525,200,success,
1789925943.701788,GET,GET /api/v1/reservas/{id},7.012107,200,success,
1789925943.731712,GET,GET /api/v1/reservas,11.502874,200,success,
1789925943.734955,GET,GET /api/v1/reservas/{id},8.681007,200,success,
1789925943.787415,GET,GET /api/v1/reservas,40.051454,200,success,
1789925943.811960,GET,GET /api/v1/reservas,12.726188,200,success,
1789925943.877663,GET,GET /api/v1/reservas,9.449572,200,success,
1789925943.893309,GET,GET /api/v1/reservas,17.485322,200,success,
1789925943.964613,GET,GET /api/v1/reservas,7.859783,200,success,
1789925943.981182,GET,GET /api/v1/reservas,7.155867,200,success,
1789925944.084682,GET,GET /api/v1/reservas,7.274166,200,success,
1789925944.246569,GET,GET /api/v1/reservas/{id},6.874209,200,success,
1789925944.247155,GET,GET /api/v1/reservas/{id},8.045463,200,success,
1789925944.251205,GET,GET /api/v1/reservas,6.832887,200,success,
1789925944.286086,GET,GET /api/v1/reservas,6.852707,200,success,
1789925944.305126,GET,GET /api/v1/reservas,6.712154,200,success,
1789925944.348851,GET,GET /api/v1/reservas,7.384403,200,success,
1789925944.388181,GET,GET /api/v1/reservas,6.996354,200,success,
1789925944.406517,GET,GET /api/v1/reservas,6.996044,200,success,
1789925944.417406,GET,GET /api/v1/reservas,6.575386,200,success,
1789925944.426598,GET,GET /api/v1/reservas,6.902072,200,success,
1789925944.535493,GET,GET /api/v1/reservas,7.431975,200,success,
1789925944.569540,GET,GET /api/v1/reservas,6.659874,200,success,
1789925944.599813,GET,GET /api/v1/reservas,6.850783,200,success,
1789925944.641822,GET,GET /api/v1/reservas,7.628662,200,success,
1789925944.656121,GET,GET /api/v1/reservas/{id},5.047339,200,success,
1789925944.663549,GET,GET /api/v1/reservas,5.110695,200,success,
1789925944.760128,GET,GET /api/v1/reservas,7.188455,200,success,
1789925944.786339,GET,GET /api/v1/reservas,6.889092,200,success,
1789925944.869404,GET,GET /api/v1/reservas,7.700892,200,success,
1789925944.893765,GET,GET /api/v1/reservas,9.026111,200,success,
1789925944.894298,GET,GET /api/v1/reservas,6.714676,200,success,
1789925944.897782,GET,GET /api/v1/reservas,6.394381,200,success,
1789925944.907222,GET,GET /api/v1/reservas,6.132535,200,success,
1789925944.907898,GET,GET /api/v1/reservas/{id},4.261439,200,success,
1789925945.023420,GET,GET /api/v1/reservas/{id},55.249149,200,success,
1789925945.073290,GET,GET /api/v1/reservas,31.614427,200,success,
1789925945.127558,GET,GET /api/v1/reservas,8.836473,200,success,
1789925945.133122,GET,GET /api/v1/reservas/{id},5.418253,200,success,
1789925945.152135,GET,GET /api/v1/reservas,11.683809,200,success,
1789925945.163771,GET,GET /api/v1/reservas,6.363535,200,success,
1789925945.246765,GET,GET /api/v1/reservas,12.614189,200,success,
1789925945.255594,GET,GET /api/v1/reservas,8.562498,200,success,
1789925945.442000,GET,GET /api/v1/reservas,7.994807,200,success,
1789925945.449296,GET,GET /api/v1/reservas/{id},6.068939,200,success,
1789925945.451038,GET,GET /api/v1/reservas,5.874834,200,success,
1789925945.459222,GET,GET /api/v1/reservas,4.928710,200,success,
1789925945.463620,GET,GET /api/v1/reservas,4.228379,200,success,
1789925945.558930,GET,GET /api/v1/reservas,8.682010,200,success,
1789925945.599676,GET,GET /api/v1/reservas,8.356255,200,success,
1789925945.646828,GET,GET /api/v1/reservas/{id},5.874203,200,success,
1789925945.670918,GET,GET /api/v1/reservas/{id},5.825148,200,success,
1789925945.682551,GET,GET /api/v1/reservas,7.279142,200,success,
1789925945.757802,GET,GET /api/v1/reservas,7.809717,200,success,
1789925945.834396,GET,GET /api/v1/reservas,15.364717,200,success,
1789925945.841644,GET,GET /api/v1/reservas,14.232562,200,success,
1789925945.855781,GET,GET /api/v1/reservas,10.100620,200,success,
1789925945.872314,GET,GET /api/v1/reservas/{id},8.617541,200,success,
1789925945.900883,GET,GET /api/v1/reservas/{id},5.261474,200,success,
1789925945.915420,GET,GET /api/v1/reservas/{id},4.305826,200,success,
1789925945.959667,GET,GET /api/v1/reservas/{id},5.013308,200,success,
1789925946.014948,GET,GET /api/v1/reservas,6.953659,200,success,
1789925946.022252,GET,GET /api/v1/reservas,5.000068,200,success,
1789925946.193839,GET,GET /api/v1/reservas,6.478889,200,success,
1789925946.343969,GET,GET /api/v1/reservas/{id},3.947764,200,success,
1789925946.345152,GET,GET /api/v1/reservas,6.877414,200,success,
1789925946.350703,GET,GET /api/v1/reservas,4.315161,200,success,
1789925946.424778,GET,GET /api/v1/reservas,6.737051,200,success,
1789925946.562714,GET,GET /api/v1/reservas,6.541846,200,success,
1789925946.676436,GET,GET /api/v1/reservas,6.308271,200,success,
1789925946.741270,GET,GET /api/v1/reservas,6.506080,200,success,
1789925946.775977,GET,GET /api/v1/reservas,5.393575,200,success,
1789925946.783550,GET,GET /api/v1/reservas,5.229376,200,success,
1789925946.784735,GET,GET /api/v1/reservas,4.771080,200,success,
1789925946.810929,GET,GET /api/v1/reservas,5.895476,200,success,
1789925946.821920,GET,GET /api/v1/reservas,5.669213,200,success,
1789925946.839062,GET,GET /api/v1/reservas,5.843617,200,success,
1789925946.856895,GET,GET /api/v1/reservas,5.573147,200,success,
1789925946.866916,GET,GET /api/v1/reservas,4.766414,200,success,
1789925947.002963,GET,GET /api/v1/reservas,8.549958,200,success,
1789925947.034664,GET,GET /api/v1/reservas,6.584499,200,success,
1789925947.039199,GET,GET /api/v1/reservas,5.304690,200,success,
1789925947.054512,GET,GET /api/v1/reservas,5.050766,200,success,
1789925947.085348,GET,GET /api/v1/reservas,6.494935,200,success,
1789925947.087323,GET,GET /api/v1/reservas,5.770035,200,success,
1789925947.092397,GET,GET /api/v1/reservas,4.897903,200,success,
1789925947.092792,GET,GET /api/v1/reservas,6.171915,200,success,
1789925947.140229,GET,GET /api/v1/reservas,7.081782,200,success,
1789925947.140778,GET,GET /api/v1/reservas,7.190558,200,success,
1789925947.248385,GET,GET /api/v1/reservas/{id},5.302357,200,success,
1789925947.298113,GET,GET /api/v1/reservas,6.331406,200,success,
1789925947.315143,GET,GET /api/v1/reservas/{id},4.810851,200,success,
1789925947.315923,GET,GET /api/v1/reservas,4.852896,200,success,
1789925947.320062,GET,GET /api/v1/reservas/{id},3.958530,200,success,
1789925947.379722,GET,GET /api/v1/reservas,6.272007,200,success,
1789925947.389725,GET,GET /api/v1/reservas/{id},3.814422,200,success,
1789925947.405949,GET,GET /api/v1/reservas/{id},4.063239,200,success,
1789925947.424065,GET,GET /api/v1/reservas,5.774763,200,success,
1789925947.497288,GET,GET /api/v1/reservas,6.825855,200,success,
1789925947.497705,GET,GET /api/v1/reservas,5.426535,200,success,
1789925947.519433,GET,GET /api/v1/reservas,6.399038,200,success,
1789925947.597284,GET,GET /api/v1/reservas,6.451458,200,success,
1789925947.620165,GET,GET /api/v1/reservas/{id},4.661024,200,success,
1789925947.751040,GET,GET /api/v1/reservas/{id},5.081903,200,success,
1789925947.751795,GET,GET /api/v1/reservas,6.234510,200,success,
1789925947.813742,GET,GET /api/v1/reservas,7.598007,200,success,
1789925947.814336,GET,GET /api/v1/reservas,7.727822,200,success,
1789925947.888535,GET,GET /api/v1/reservas,10.326732,200,success,
1789925948.117699,GET,GET /api/v1/reservas,6.792725,200,success,
1789925948.121858,GET,GET /api/v1/reservas,6.050962,200,success,
1789925948.125909,GET,GET /api/v1/reservas/{id},3.934764,200,success,
1789925948.175238,GET,GET /api/v1/reservas,6.012562,200,success,
1789925948.310089,GET,GET /api/v1/reservas/{id},5.583182,200,success,
1789925948.351573,GET,GET /api/v1/reservas,7.139881,200,success,
1789925948.375275,GET,GET /api/v1/reservas,6.371678,200,success,
1789925948.419469,GET,GET /api/v1/reservas,6.815510,200,success,
1789925948.462463,GET,GET /api/v1/reservas,9.593430,200,success,
1789925948.529141,GET,GET /api/v1/reservas/{id},5.398062,200,success,
1789925948.560056,GET,GET /api/v1/reservas,6.527013,200,success,
1789925948.567958,GET,GET /api/v1/reservas,5.576332,200,success,
1789925948.577143,GET,GET /api/v1/reservas/{id},4.959947,200,success,
1789925948.579420,GET,GET /api/v1/reservas,5.431723,200,success,
1789925948.644232,GET,GET /api/v1/reservas,9.477375,200,success,
1789925948.661844,GET,GET /api/v1/reservas/{id},6.360019,200,success,
1789925948.701879,GET,GET /api/v1/reservas,7.578607,200,success,
1789925948.718552,GET,GET /api/v1/reservas,7.359625,200,success,
1789925948.730419,GET,GET /api/v1/reservas,7.512877,200,success,
1789925948.744460,GET,GET /api/v1/reservas,7.662784,200,success,
1789925948.777067,GET,GET /api/v1/reservas,8.093186,200,success,
1789925948.789281,GET,GET /api/v1/reservas,6.868440,200,success,
1789925948.802527,GET,GET /api/v1/reservas/{id},5.987565,200,success,
1789925948.866656,GET,GET /api/v1/reservas,7.719670,200,success,
1789925948.890821,GET,GET /api/v1/reservas,9.817510,200,success,
1789925948.895771,GET,GET /api/v1/reservas/{id},5.850708,200,success,
1789925949.003664,GET,GET /api/v1/reservas,7.453457,200,success,
1789925949.006242,GET,GET /api/v1/reservas,5.159931,200,success,
1789925949.025929,GET,GET /api/v1/reservas,6.380281,200,success,
1789925949.030918,GET,GET /api/v1/reservas,4.771391,200,success,
1789925949.070564,GET,GET /api/v1/reservas,6.346057,200,success,
1789925949.098922,GET,GET /api/v1/reservas/{id},4.144171,200,success,
1789925949.113279,GET,GET /api/v1/reservas,5.082834,200,success,
1789925949.141109,GET,GET /api/v1/reservas,6.473231,200,success,
1789925949.150115,GET,GET /api/v1/reservas,5.685287,200,success,
1789925949.155342,GET,GET /api/v1/reservas,4.998004,200,success,
1789925949.200320,GET,GET /api/v1/reservas,6.623018,200,success,
1789925949.220375,GET,GET /api/v1/reservas,6.746636,200,success,
1789925949.538685,GET,GET /api/v1/reservas,6.683311,200,success,
1789925949.542064,GET,GET /api/v1/reservas/{id},4.298244,200,success,
1789925949.551906,GET,GET /api/v1/reservas,4.566822,200,success,
1789925949.608250,GET,GET /api/v1/reservas,6.015347,200,success,
1789925949.610354,GET,GET /api/v1/reservas/{id},3.529830,200,success,
1789925949.659501,GET,GET /api/v1/reservas,5.850287,200,success,
1789925949.679516,GET,GET /api/v1/reservas,4.736769,200,success,
1789925949.721997,GET,GET /api/v1/reservas,8.159977,200,success,
1789925949.731914,GET,GET /api/v1/reservas,5.606809,200,success,
1789925949.780542,GET,GET /api/v1/reservas,7.294535,200,success,
1789925949.862718,GET,GET /api/v1/reservas,6.266548,200,success,
1789925949.930273,GET,GET /api/v1/reservas,8.166488,200,success,
1789925949.930741,GET,GET /api/v1/reservas,7.775085,200,success,
1789925949.971131,GET,GET /api/v1/reservas,6.064561,200,success,
1789925950.015282,GET,GET /api/v1/reservas/{id},4.908209,200,success,
1789925950.053024,GET,GET /api/v1/reservas,6.668847,200,success,
1789925950.098386,GET,GET /api/v1/reservas,5.991100,200,success,
1789925950.170269,GET,GET /api/v1/reservas,6.519842,200,success,
1789925950.259624,GET,GET /api/v1/reservas/{id},5.059027,200,success,
1789925950.271165,GET,GET /api/v1/reservas/{id},4.341510,200,success,
1789925950.272261,GET,GET /api/v1/reservas,4.957273,200,success,
1789925950.279524,GET,GET /api/v1/reservas,4.052111,200,success,
1789925950.302774,GET,GET /api/v1/reservas/{id},4.060795,200,success,
1789925950.395689,GET,GET /api/v1/reservas,7.866784,200,success,
1789925950.434489,GET,GET /api/v1/reservas,9.452076,200,success,
1789925950.435611,GET,GET /api/v1/reservas,10.043583,200,success,
1789925950.451331,GET,GET /api/v1/reservas,7.154765,200,success,
1789925950.458631,GET,GET /api/v1/reservas,6.026824,200,success,
1789925950.524932,GET,GET /api/v1/reservas/{id},9.007982,200,success,
1789925950.538461,GET,GET /api/v1/reservas,9.175457,200,success,
1789925950.544918,GET,GET /api/v1/reservas,7.527400,200,success,
1789925950.615900,GET,GET /api/v1/reservas/{id},5.713289,200,success,
1789925950.647051,GET,GET /api/v1/reservas/{id},6.849762,200,success,
1789925950.647752,GET,GET /api/v1/reservas,6.511439,200,success,
1789925950.754448,GET,GET /api/v1/reservas,6.311686,200,success,
1789925950.809905,GET,GET /api/v1/reservas/{id},4.896302,200,success,
1789925950.837830,GET,GET /api/v1/reservas,6.563607,200,success,
1789925950.853118,GET,GET /api/v1/reservas,4.947479,200,success,
1789925950.863639,GET,GET /api/v1/reservas,5.251169,200,success,
1789925950.986010,GET,GET /api/v1/reservas/{id},4.199725,200,success,
1789925950.986766,GET,GET /api/v1/reservas,6.714757,200,success,
1789925951.027750,GET,GET /api/v1/reservas,6.666013,200,success,
1789925951.056555,GET,GET /api/v1/reservas,6.660405,200,success,
1789925951.064060,GET,GET /api/v1/reservas,5.224288,200,success,
1789925951.083155,GET,GET /api/v1/reservas,5.832910,200,success,
1789925951.126042,GET,GET /api/v1/reservas,6.561074,200,success,
1789925951.128782,GET,GET /api/v1/reservas,5.504113,200,success,
1789925951.173335,GET,GET /api/v1/reservas,6.220658,200,success,
1789925951.294662,GET,GET /api/v1/reservas,6.860147,200,success,
1789925951.296827,GET,GET /api/v1/reservas,5.218820,200,success,
1789925951.458513,GET,GET /api/v1/reservas,8.622999,200,success,
1789925951.534552,GET,GET /api/v1/reservas,7.647581,200,success,
1789925951.617148,GET,GET /api/v1/reservas/{id},5.305482,200,success,
1789925951.629946,GET,GET /api/v1/reservas,7.458914,200,success,
1789925951.637093,GET,GET /api/v1/reservas,6.838284,200,success,
1789925951.649314,GET,GET /api/v1/reservas,4.971926,200,success,
1789925951.656946,GET,GET /api/v1/reservas,4.399439,200,success,
1789925951.680361,GET,GET /api/v1/reservas,5.160772,200,success,
1789925951.742372,GET,GET /api/v1/reservas/{id},5.760120,200,success,
1789925951.759257,GET,GET /api/v1/reservas/{id},6.117251,200,success,
1789925951.760007,GET,GET /api/v1/reservas,7.257119,200,success,
1789925951.787222,GET,GET /api/v1/reservas,6.875821,200,success,
1789925951.865320,GET,GET /api/v1/reservas/{id},5.266492,200,success,
1789925951.898197,GET,GET /api/v1/reservas,6.541385,200,success,
1789925951.911071,GET,GET /api/v1/reservas,5.583823,200,success,
1789925951.922864,GET,GET /api/v1/reservas/{id},5.571263,200,success,
1789925951.932047,GET,GET /api/v1/reservas/{id},7.957821,200,success,
1789925951.932500,GET,GET /api/v1/reservas/{id},6.746595,200,success,
1789925951.967448,GET,GET /api/v1/reservas/{id},5.689353,200,success,
1789925951.995769,GET,GET /api/v1/reservas,6.005603,200,success,
1789925952.158430,GET,GET /api/v1/reservas,6.472080,200,success,
1789925952.189308,GET,GET /api/v1/reservas,5.549712,200,success,
1789925952.222489,GET,GET /api/v1/reservas,6.839376,200,success,
1789925952.301595,GET,GET /api/v1/reservas,6.745464,200,success,
1789925952.357740,GET,GET /api/v1/reservas,6.775019,200,success,
1789925952.412349,GET,GET /api/v1/reservas,7.205370,200,success,
1789925952.412863,GET,GET /api/v1/reservas,5.882516,200,success,
1789925952.428724,GET,GET /api/v1/reservas,6.548935,200,success,
1789925952.447034,GET,GET /api/v1/reservas/{id},5.060891,200,success,
1789925952.474432,GET,GET /api/v1/reservas,7.028923,200,success,
1789925952.474825,GET,GET /api/v1/reservas/{id},4.752733,200,success,
1789925952.507954,GET,GET /api/v1/reservas,6.793837,200,success,
1789925952.523380,GET,GET /api/v1/reservas/{id},5.176035,200,success,
1789925952.601092,GET,GET /api/v1/reservas,6.324516,200,success,
1789925952.818901,GET,GET /api/v1/reservas,7.352294,200,success,
1789925952.835303,GET,GET /api/v1/reservas/{id},5.169936,200,success,
1789925952.880544,GET,GET /api/v1/reservas,5.927453,200,success,
1789925952.930968,GET,GET /api/v1/reservas,6.145214,200,success,
1789925952.970137,GET,GET /api/v1/reservas,5.801864,200,success,
1789925953.066118,GET,GET /api/v1/reservas/{id},5.832720,200,success,
1789925953.109752,GET,GET /api/v1/reservas,7.201294,200,success,
1789925953.129546,GET,GET /api/v1/reservas,7.348036,200,success,
1789925953.211548,GET,GET /api/v1/reservas,7.595772,200,success,
1789925953.307206,GET,GET /api/v1/reservas,6.278416,200,success,
1789925953.327409,GET,GET /api/v1/reservas,6.857454,200,success,
1789925953.329259,GET,GET /api/v1/reservas,4.842929,200,success,
1789925953.364394,GET,GET /api/v1/reservas,14.710776,200,success,
1789925953.408345,GET,GET /api/v1/reservas,7.792491,200,success,
1789925953.449937,GET,GET /api/v1/reservas,9.196980,200,success,
1789925953.468187,GET,GET /api/v1/reservas,7.826011,200,success,
1789925953.517466,GET,GET /api/v1/reservas,6.961100,200,success,
1789925953.544325,GET,GET /api/v1/reservas,5.568009,200,success,
1789925953.573960,GET,GET /api/v1/reservas,6.338097,200,success,
1789925953.608757,GET,GET /api/v1/reservas/{id},5.525234,200,success,
1789925953.719298,GET,GET /api/v1/reservas,7.136698,200,success,
1789925953.719750,GET,GET /api/v1/reservas,5.748273,200,success,
1789925953.790419,GET,GET /api/v1/reservas,7.278511,200,success,
1789925953.815827,GET,GET /api/v1/reservas,6.040165,200,success,
1789925953.854405,GET,GET /api/v1/reservas,6.238745,200,success,
1789925953.863781,GET,GET /api/v1/reservas/{id},4.850742,200,success,
1789925953.864800,GET,GET /api/v1/reservas,4.880848,200,success,
1789925953.871198,GET,GET /api/v1/reservas,4.149188,200,success,
1789925953.942896,GET,GET /api/v1/reservas/{id},5.449029,200,success,
1789925953.970644,GET,GET /api/v1/reservas/{id},4.531357,200,success,
1789925954.031373,GET,GET /api/v1/reservas,8.324106,200,success,
1789925954.228689,GET,GET /api/v1/reservas,9.054553,200,success,
1789925954.230456,GET,GET /api/v1/reservas,6.864183,200,success,
1789925954.265109,GET,GET /api/v1/reservas,13.257294,200,success,
1789925954.274442,GET,GET /api/v1/reservas,5.029452,200,success,
1789925954.314572,GET,GET /api/v1/reservas,5.838579,200,success,
1789925954.359720,GET,GET /api/v1/reservas/{id},4.909392,200,success,
1789925954.360121,GET,GET /api/v1/reservas/{id},4.886817,200,success,
1789925954.479691,GET,GET /api/v1/reservas,6.168290,200,success,
1789925954.541034,GET,GET /api/v1/reservas,7.943990,200,success,
1789925954.565091,GET,GET /api/v1/reservas,5.673709,200,success,
1789925954.569551,GET,GET /api/v1/reservas,5.367576,200,success,
1789925954.594586,GET,GET /api/v1/reservas/{id},5.838889,200,success,
1789925954.601544,GET,GET /api/v1/reservas/{id},3.768492,200,success,
1789925954.634748,GET,GET /api/v1/reservas,5.917429,200,success,
1789925954.640787,GET,GET /api/v1/reservas,4.752222,200,success,
1789925954.649530,GET,GET /api/v1/reservas,4.458737,200,success,
1789925954.702066,GET,GET /api/v1/reservas,5.219500,200,success,
1789925954.841276,GET,GET /api/v1/reservas,4.842499,200,success,
1789925954.841676,GET,GET /api/v1/reservas,7.231610,200,success,
1789925954.939915,GET,GET /api/v1/reservas/{id},4.963032,200,success,
1789925954.947923,GET,GET /api/v1/reservas,4.752424,200,success,
1789925955.146050,GET,GET /api/v1/reservas/{id},5.045979,200,success,
1789925955.295961,GET,GET /api/v1/reservas,6.440712,200,success,
1789925955.353974,GET,GET /api/v1/reservas/{id},6.719014,200,success,
1789925955.393474,GET,GET /api/v1/reservas,7.128564,200,success,
1789925955.430613,GET,GET /api/v1/reservas,7.800903,200,success,
1789925955.442358,GET,GET /api/v1/reservas,6.405187,200,success,
1789925955.462110,GET,GET /api/v1/reservas/{id},5.520147,200,success,
1789925955.464676,GET,GET /api/v1/reservas,5.734482,200,success,
1789925955.525769,GET,GET /api/v1/reservas,7.712910,200,success,
1789925955.609903,GET,GET /api/v1/reservas,7.689184,200,success,
1789925955.671250,GET,GET /api/v1/reservas,6.929482,200,success,
1789925955.671369,GET,GET /api/v1/reservas/{id},5.154152,200,success,
1789925955.682331,GET,GET /api/v1/reservas,5.128933,200,success,
1789925955.682739,GET,GET /api/v1/reservas,6.186206,200,success,
1789925955.707443,GET,GET /api/v1/reservas,5.417861,200,success,
1789925955.710157,GET,GET /api/v1/reservas,4.507583,200,success,
1789925955.792826,GET,GET /api/v1/reservas/{id},4.984845,200,success,
1789925955.837891,GET,GET /api/v1/reservas/{id},4.819215,200,success,
1789925955.856516,GET,GET /api/v1/reservas,5.349388,200,success,
1789925955.865322,GET,GET /api/v1/reservas,4.571769,200,success,
1789925955.926501,GET,GET /api/v1/reservas,7.821004,200,success,
1789925955.936064,GET,GET /api/v1/reservas,6.277695,200,success,
1789925956.031175,GET,GET /api/v1/reservas,10.601889,200,success,
1789925956.052203,GET,GET /api/v1/reservas,8.819147,200,success,
1789925956.182533,GET,GET /api/v1/reservas/{id},6.984085,200,success,
1789925956.203024,GET,GET /api/v1/reservas,7.110627,200,success,
1789925956.231324,GET,GET /api/v1/reservas,6.948692,200,success,
1789925956.241815,GET,GET /api/v1/reservas/{id},5.249737,200,success,
1789925956.293533,GET,GET /api/v1/reservas/{id},5.421548,200,success,
1789925956.317579,GET,GET /api/v1/reservas/{id},4.813586,200,success,
1789925956.323253,GET,GET /api/v1/reservas/{id},4.485979,200,success,
1789925956.375154,GET,GET /api/v1/reservas,6.526233,200,success,
1789925956.392800,GET,GET /api/v1/reservas,5.349749,200,success,
1789925956.441636,GET,GET /api/v1/reservas/{id},5.557954,200,success,
1789925956.442864,GET,GET /api/v1/reservas,6.209402,200,success,
1789925956.520924,GET,GET /api/v1/reservas,6.700045,200,success,
1789925956.561298,GET,GET /api/v1/reservas/{id},5.131767,200,success,
1789925956.637156,GET,GET /api/v1/reservas,6.566243,200,success,
1789925956.644359,GET,GET /api/v1/reservas,4.914329,200,success,
1789925956.665446,GET,GET /api/v1/reservas,4.811693,200,success,
1789925956.706967,GET,GET /api/v1/reservas,5.230538,200,success,
1789925956.758948,GET,GET /api/v1/reservas/{id},4.713534,200,success,
1789925956.791300,GET,GET /api/v1/reservas/{id},4.067917,200,success,
1789925956.830611,GET,GET /api/v1/reservas,5.984671,200,success,
1789925956.831044,GET,GET /api/v1/reservas,6.078963,200,success,
1789925956.837507,GET,GET /api/v1/reservas,4.249870,200,success,
1789925956.874540,GET,GET /api/v1/reservas,5.710855,200,success,
1789925956.950162,GET,GET /api/v1/reservas,6.223474,200,success,
1789925956.958385,GET,GET /api/v1/reservas,4.913187,200,success,
1789925956.992325,GET,GET /api/v1/reservas,5.624225,200,success,
1789925957.045236,GET,GET /api/v1/reservas,6.550237,200,success,
1789925957.064587,GET,GET /api/v1/reservas,4.993327,200,success,
1789925957.202428,GET,GET /api/v1/reservas/{id},5.510011,200,success,
1789925957.318376,GET,GET /api/v1/reservas,6.508444,200,success,
1789925957.336578,GET,GET /api/v1/reservas,6.463927,200,success,
1789925957.336969,GET,GET /api/v1/reservas,7.331723,200,success,
1789925957.468687,GET,GET /api/v1/reservas,6.292517,200,success,
1789925957.521059,GET,GET /api/v1/reservas/{id},5.117676,200,success,
1789925957.545213,GET,GET /api/v1/reservas/{id},4.935971,200,success,
1789925957.558539,GET,GET /api/v1/reservas,5.015321,200,success,
1789925957.581584,GET,GET /api/v1/reservas,7.744307,200,success,
1789925957.588665,GET,GET /api/v1/reservas/{id},3.895444,200,success,
1789925957.686324,GET,GET /api/v1/reservas/{id},7.374627,200,success,
1789925957.729144,GET,GET /api/v1/reservas,6.498108,200,success,
1789925957.737318,GET,GET /api/v1/reservas,4.915200,200,success,
1789925957.786923,GET,GET /api/v1/reservas,6.250353,200,success,
1789925957.792517,GET,GET /api/v1/reservas,5.330018,200,success,
1789925957.846034,GET,GET /api/v1/reservas,6.158534,200,success,
1789925957.856029,GET,GET /api/v1/reservas,4.724791,200,success,
1789925957.959181,GET,GET /api/v1/reservas,6.470076,200,success,
1789925957.968086,GET,GET /api/v1/reservas,4.617729,200,success,
1789925958.034364,GET,GET /api/v1/reservas,6.904364,200,success,
1789925958.157240,GET,GET /api/v1/reservas,6.703170,200,success,
1789925958.208067,GET,GET /api/v1/reservas,6.430636,200,success,
1789925958.220047,GET,GET /api/v1/reservas,6.634046,200,success,
1789925958.225192,GET,GET /api/v1/reservas,6.041206,200,success,
1789925958.277768,GET,GET /api/v1/reservas/{id},5.306142,200,success,
1789925958.322046,GET,GET /api/v1/reservas,6.880188,200,success,
1789925958.366124,GET,GET /api/v1/reservas,6.684381,200,success,
1789925958.393922,GET,GET /api/v1/reservas,6.454382,200,success,
1789925958.402249,GET,GET /api/v1/reservas,5.027380,200,success,
1789925958.450552,GET,GET /api/v1/reservas,6.949764,200,success,
1789925958.526466,GET,GET /api/v1/reservas/{id},5.626879,200,success,
1789925958.527245,GET,GET /api/v1/reservas,5.808553,200,success,
1789925958.542016,GET,GET /api/v1/reservas,5.455899,200,success,
1789925958.543773,GET,GET /api/v1/reservas/{id},3.632617,200,success,
1789925958.577061,GET,GET /api/v1/reservas/{id},5.043524,200,success,
1789925958.594180,GET,GET /api/v1/reservas,5.813121,200,success,
1789925958.598620,GET,GET /api/v1/reservas/{id},4.330013,200,success,
1789925958.649563,GET,GET /api/v1/reservas,6.633633,200,success,
1789925958.731741,GET,GET /api/v1/reservas,6.790032,200,success,
1789925958.762758,GET,GET /api/v1/reservas,6.652423,200,success,
1789925958.851720,GET,GET /api/v1/reservas,8.547214,200,success,
1789925958.868963,GET,GET /api/v1/reservas/{id},4.045351,200,success,
1789925958.879082,GET,GET /api/v1/reservas,4.770942,200,success,
1789925958.898276,GET,GET /api/v1/reservas,4.905094,200,success,
1789925958.934612,GET,GET /api/v1/reservas,6.965477,200,success,
1789925958.945317,GET,GET /api/v1/reservas/{id},4.502904,200,success,
1789925958.948447,GET,GET /api/v1/reservas/{id},3.880151,200,success,
1789925959.006225,GET,GET /api/v1/reservas,5.498654,200,success,
1789925959.016531,GET,GET /api/v1/reservas,5.043494,200,success,
1789925959.083271,GET,GET /api/v1/reservas,7.391663,200,success,
1789925959.100533,GET,GET /api/v1/reservas,7.961366,200,success,
1789925959.134115,GET,GET /api/v1/reservas,8.859657,200,success,
1789925959.286481,GET,GET /api/v1/reservas,9.742926,200,success,
1789925959.344619,GET,GET /api/v1/reservas,6.780478,200,success,
1789925959.391454,GET,GET /api/v1/reservas,5.498083,200,success,
1789925959.529222,GET,GET /api/v1/reservas,6.342213,200,success,
1789925959.567133,GET,GET /api/v1/reservas/{id},4.015877,200,success,
1789925959.567852,GET,GET /api/v1/reservas,5.308846,200,success,
1789925959.606302,GET,GET /api/v1/reservas,6.112324,200,success,
1789925959.624295,GET,GET /api/v1/reservas,5.681160,200,success,
1789925959.647147,GET,GET /api/v1/reservas/{id},4.635316,200,success,
1789925959.891506,GET,GET /api/v1/reservas,6.357396,200,success,
1789925959.938092,GET,GET /api/v1/reservas,6.249122,200,success,
1789925959.942886,GET,GET /api/v1/reservas/{id},3.621138,200,success,
1789925959.972114,GET,GET /api/v1/reservas,4.917372,200,success,
1789925959.991846,GET,GET /api/v1/reservas/{id},3.542719,200,success,
1789925960.032728,GET,GET /api/v1/reservas,7.512077,200,success,
1789925960.033276,GET,GET /api/v1/reservas,6.317265,200,success,
1789925960.039368,GET,GET /api/v1/reservas,4.870532,200,success,
1789925960.107278,GET,GET /api/v1/reservas,6.879677,200,success,
1789925960.107865,GET,GET /api/v1/reservas,6.810553,200,success,
1789925960.109828,GET,GET /api/v1/reservas,5.249477,200,success,
1789925960.121310,GET,GET /api/v1/reservas,6.213337,200,success,
1789925960.205414,GET,GET /api/v1/reservas,5.732339,200,success,
1789925960.217771,GET,GET /api/v1/reservas,5.054782,200,success,
1789925960.240526,GET,GET /api/v1/reservas/{id},4.554453,200,success,
1789925960.305298,GET,GET /api/v1/reservas,6.384647,200,success,
1789925960.381311,GET,GET /api/v1/reservas,6.556808,200,success,
1789925960.433599,GET,GET /api/v1/reservas/{id},5.033690,200,success,
1789925960.450286,GET,GET /api/v1/reservas/{id},4.489905,200,success,
1789925960.524716,GET,GET /api/v1/reservas/{id},5.154632,200,success,
1789925960.531198,GET,GET /api/v1/reservas,5.196186,200,success,
1789925960.569713,GET,GET /api/v1/reservas,6.182269,200,success,
1789925960.572367,GET,GET /api/v1/reservas,5.091526,200,success,
1789925960.584979,GET,GET /api/v1/reservas,5.302677,200,success,
1789925960.699405,GET,GET /api/v1/reservas,7.968208,200,success,
1789925960.722436,GET,GET /api/v1/reservas,8.613775,200,success,
1789925960.728299,GET,GET /api/v1/reservas,9.584797,200,success,
1789925960.728940,GET,GET /api/v1/reservas,6.260699,200,success,
1789925960.779269,GET,GET /api/v1/reservas,6.921270,200,success,
1789925960.950931,GET,GET /api/v1/reservas,7.174293,200,success,
1789925960.973083,GET,GET /api/v1/reservas/{id},4.922061,200,success,
1789925960.998629,GET,GET /api/v1/reservas,5.975456,200,success,
1789925961.023848,GET,GET /api/v1/reservas,5.868205,200,success,
1789925961.084057,GET,GET /api/v1/reservas,6.037350,200,success,
1789925961.157331,GET,GET /api/v1/reservas/{id},4.992117,200,success,
1789925961.214703,GET,GET /api/v1/reservas,6.005091,200,success,
1789925961.236336,GET,GET /api/v1/reservas,6.338696,200,success,
1789925961.236663,GET,GET /api/v1/reservas/{id},4.032532,200,success,
1789925961.266065,GET,GET /api/v1/reservas,5.114752,200,success,
1789925961.284949,GET,GET /api/v1/reservas,4.646202,200,success,
1789925961.290205,GET,GET /api/v1/reservas,4.024610,200,success,
1789925961.304693,GET,GET /api/v1/reservas,5.221314,200,success,
1789925961.403149,GET,GET /api/v1/reservas,6.099454,200,success,
1789925961.525150,GET,GET /api/v1/reservas/{id},5.688271,200,success,
1789925961.579490,GET,GET /api/v1/reservas,7.021121,200,success,
1789925961.579856,GET,GET /api/v1/reservas,5.576753,200,success,
1789925961.582953,GET,GET /api/v1/reservas/{id},4.328601,200,success,
1789925961.585651,GET,GET /api/v1/reservas,4.346868,200,success,
1789925961.601093,GET,GET /api/v1/reservas/{id},4.271985,200,success,
1789925961.625425,GET,GET /api/v1/reservas/{id},4.176861,200,success,
1789925961.685947,GET,GET /api/v1/reservas,6.182962,200,success,
1789925961.766814,GET,GET /api/v1/reservas/{id},4.381280,200,success,
1789925961.767232,GET,GET /api/v1/reservas/{id},5.988326,200,success,
1789925961.767818,GET,GET /api/v1/reservas,5.989008,200,success,
1789925961.821889,GET,GET /api/v1/reservas,6.756581,200,success,
1789925961.888816,GET,GET /api/v1/reservas,6.100656,200,success,
1789925961.978139,GET,GET /api/v1/reservas,6.940690,200,success,
1789925961.994784,GET,GET /api/v1/reservas,5.353363,200,success,
1789925962.034223,GET,GET /api/v1/reservas,6.116330,200,success,
1789925962.120224,GET,GET /api/v1/reservas/{id},4.978485,200,success,
1789925962.158400,GET,GET /api/v1/reservas,5.805459,200,success,
1789925962.171298,GET,GET /api/v1/reservas,5.573678,200,success,
1789925962.172878,GET,GET /api/v1/reservas,4.499890,200,success,
1789925962.236399,GET,GET /api/v1/reservas,6.135439,200,success,
1789925962.380701,GET,GET /api/v1/reservas/{id},5.097356,200,success,
1789925962.404805,GET,GET /api/v1/reservas/{id},3.912670,200,success,
1789925962.411794,GET,GET /api/v1/reservas,5.703525,200,success,
1789925962.414729,GET,GET /api/v1/reservas,5.994706,200,success,
1789925962.462168,GET,GET /api/v1/reservas,7.123827,200,success,
1789925962.464468,GET,GET /api/v1/reservas,5.565775,200,success,
1789925962.464889,GET,GET /api/v1/reservas,5.537743,200,success,
1789925962.508132,GET,GET /api/v1/reservas/{id},4.046122,200,success,
1789925962.530168,GET,GET /api/v1/reservas,6.653995,200,success,
1789925962.546658,GET,GET /api/v1/reservas,6.201099,200,success,
1789925962.590345,GET,GET /api/v1/reservas,5.401227,200,success,
1789925962.673882,GET,GET /api/v1/reservas,6.185645,200,success,
1789925962.696485,GET,GET /api/v1/reservas,5.310149,200,success,
1789925962.710041,GET,GET /api/v1/reservas,5.233432,200,success,
1789925962.747915,GET,GET /api/v1/reservas,6.514123,200,success,
1789925962.774625,GET,GET /api/v1/reservas,5.440406,200,success,
1789925962.847331,GET,GET /api/v1/reservas,6.310284,200,success,
1789925962.935373,GET,GET /api/v1/reservas/{id},5.759350,200,success,
1789925962.936311,GET,GET /api/v1/reservas,6.072534,200,success,
1789925962.964818,GET,GET /api/v1/reservas/{id},5.279312,200,success,
1789925962.977203,GET,GET /api/v1/reservas,6.071113,200,success,
1789925962.996724,GET,GET /api/v1/reservas,6.235139,200,success,
1789925963.001497,GET,GET /api/v1/reservas,5.541038,200,success,
1789925963.078002,GET,GET /api/v1/reservas,6.385629,200,success,
1789925963.113523,GET,GET /api/v1/reservas,6.174107,200,success,
1789925963.141398,GET,GET /api/v1/reservas,6.530719,200,success,
1789925963.160738,GET,GET /api/v1/reservas/{id},4.128097,200,success,
1789925963.241831,GET,GET /api/v1/reservas/{id},5.802865,200,success,
1789925963.242468,GET,GET /api/v1/reservas,5.827943,200,success,
1789925963.246900,GET,GET /api/v1/reservas,4.255249,200,success,
1789925963.280416,GET,GET /api/v1/reservas/{id},5.273022,200,success,
1789925963.288449,GET,GET /api/v1/reservas,6.664671,200,success,
1789925963.324202,GET,GET /api/v1/reservas/{id},6.411316,200,success,
1789925963.344555,GET,GET /api/v1/reservas,9.917822,200,success,
1789925963.493299,GET,GET /api/v1/reservas,21.985792,200,success,
1789925963.505402,GET,GET /api/v1/reservas/{id},5.867203,200,success,
1789925963.570022,GET,GET /api/v1/reservas,7.135205,200,success,
1789925963.636907,GET,GET /api/v1/reservas,7.470423,200,success,
1789925963.719898,GET,GET /api/v1/reservas,6.604900,200,success,
1789925963.779827,GET,GET /api/v1/reservas,6.569097,200,success,
1789925963.837694,GET,GET /api/v1/reservas,6.472130,200,success,
1789925963.845049,GET,GET /api/v1/reservas,5.022362,200,success,
1789925963.855276,GET,GET /api/v1/reservas,4.954620,200,success,
1789925963.917602,GET,GET /api/v1/reservas,6.563317,200,success,
1789925963.963166,GET,GET /api/v1/reservas/{id},5.313083,200,success,
1789925963.997889,GET,GET /api/v1/reservas,5.408217,200,success,
1789925964.055410,GET,GET /api/v1/reservas/{id},6.255832,200,success,
1789925964.058718,GET,GET /api/v1/reservas/{id},4.105463,200,success,
1789925964.063326,GET,GET /api/v1/reservas,4.428422,200,success,
1789925964.220440,GET,GET /api/v1/reservas,6.651922,200,success,
1789925964.239213,GET,GET /api/v1/reservas,6.455414,200,success,
1789925964.367313,GET,GET /api/v1/reservas,7.673771,200,success,
1789925964.380278,GET,GET /api/v1/reservas,5.623053,200,success,
1789925964.475122,GET,GET /api/v1/reservas,9.281497,200,success,
1789925964.493831,GET,GET /api/v1/reservas/{id},4.599641,200,success,
1789925964.494959,GET,GET /api/v1/reservas,9.507390,200,success,
1789925964.536758,GET,GET /api/v1/reservas,9.989069,200,success,
1789925964.544500,GET,GET /api/v1/reservas,6.418608,200,success,
1789925964.589922,GET,GET /api/v1/reservas,7.660320,200,success,
1789925964.626948,GET,GET /api/v1/reservas/{id},7.796426,200,success,
1789925964.658001,GET,GET /api/v1/reservas,6.686794,200,success,
1789925964.728753,GET,GET /api/v1/reservas/{id},5.472404,200,success,
1789925964.739659,GET,GET /api/v1/reservas,6.581706,200,success,
1789925964.763355,GET,GET /api/v1/reservas,11.737871,200,success,
1789925964.763902,GET,GET /api/v1/reservas,12.923979,200,success,
1789925964.782312,GET,GET /api/v1/reservas,7.072110,200,success,
1789925964.805251,GET,GET /api/v1/reservas/{id},5.641169,200,success,
1789925964.810702,GET,GET /api/v1/reservas/{id},4.245585,200,success,
1789925964.881319,GET,GET /api/v1/reservas,6.247980,200,success,
1789925964.917939,GET,GET /api/v1/reservas,6.289834,200,success,
1789925964.941357,GET,GET /api/v1/reservas,6.062188,200,success,
1789925964.956785,GET,GET /api/v1/reservas,5.117536,200,success,
1789925965.168086,GET,GET /api/v1/reservas/{id},5.113461,200,success,
1789925965.249115,GET,GET /api/v1/reservas,6.632472,200,success,
1789925965.249532,GET,GET /api/v1/reservas/{id},5.256076,200,success,
1789925965.297760,GET,GET /api/v1/reservas,5.911680,200,success,
1789925965.344129,GET,GET /api/v1/reservas/{id},5.099038,200,success,
1789925965.363870,GET,GET /api/v1/reservas,5.406494,200,success,
1789925965.406852,GET,GET /api/v1/reservas,5.672789,200,success,
1789925965.502109,GET,GET /api/v1/reservas/{id},4.971896,200,success,
1789925965.543555,GET,GET /api/v1/reservas,6.094467,200,success,
1789925965.554931,GET,GET /api/v1/reservas,5.111739,200,success,
1789925965.559076,GET,GET /api/v1/reservas,4.788608,200,success,
1789925965.567489,GET,GET /api/v1/reservas/{id},3.253341,200,success,
1789925965.589849,GET,GET /api/v1/reservas,7.030505,200,success,
1789925965.605354,GET,GET /api/v1/reservas,5.215424,200,success,
1789925965.621424,GET,GET /api/v1/reservas/{id},4.840767,200,success,
1789925965.729074,GET,GET /api/v1/reservas/{id},6.403035,200,success,
1789925965.757180,GET,GET /api/v1/reservas,8.628618,200,success,
1789925965.776218,GET,GET /api/v1/reservas/{id},5.788784,200,success,
1789925965.820729,GET,GET /api/v1/reservas,8.057313,200,success,
1789925965.869671,GET,GET /api/v1/reservas,7.824630,200,success,
1789925965.981185,GET,GET /api/v1/reservas,8.064464,200,success,
1789925966.032298,GET,GET /api/v1/reservas,7.762855,200,success,
1789925966.035472,GET,GET /api/v1/reservas,5.951219,200,success,
1789925966.066159,GET,GET /api/v1/reservas,6.612041,200,success,
1789925966.071976,GET,GET /api/v1/reservas,5.583422,200,success,
1789925966.085886,GET,GET /api/v1/reservas,5.594380,200,success,
1789925966.135322,GET,GET /api/v1/reservas,7.097167,200,success,
1789925966.165091,GET,GET /api/v1/reservas/{id},4.578200,200,success,
1789925966.168067,GET,GET /api/v1/reservas,4.689128,200,success,
1789925966.188222,GET,GET /api/v1/reservas,4.902471,200,success,
1789925966.207926,GET,GET /api/v1/reservas,7.400496,200,success,
1789925966.278236,GET,GET /api/v1/reservas/{id},6.081046,200,success,
1789925966.295941,GET,GET /api/v1/reservas/{id},7.480508,200,success,
1789925966.312473,GET,GET /api/v1/reservas,9.141676,200,success,
1789925966.343872,GET,GET /api/v1/reservas,8.799917,200,success,
1789925966.360814,GET,GET /api/v1/reservas/{id},6.669659,200,success,
1789925966.430044,GET,GET /api/v1/reservas,9.600141,200,success,
1789925966.457349,GET,GET /api/v1/reservas,7.862467,200,success,
1789925966.603069,GET,GET /api/v1/reservas,6.233277,200,success,
1789925966.636918,GET,GET /api/v1/reservas,6.500443,200,success,
1789925966.700639,GET,GET /api/v1/reservas,6.358858,200,success,
1789925966.734563,GET,GET /api/v1/reservas,6.551410,200,success,
1789925966.760440,GET,GET /api/v1/reservas,6.519702,200,success,
1789925966.763908,GET,GET /api/v1/reservas,5.237588,200,success,
1789925966.793861,GET,GET /api/v1/reservas,5.620769,200,success,
1789925966.823851,GET,GET /api/v1/reservas,6.638001,200,success,
1789925966.866755,GET,GET /api/v1/reservas,6.482576,200,success,
1789925966.871096,GET,GET /api/v1/reservas,5.089023,200,success,
1789925966.880897,GET,GET /api/v1/reservas/{id},3.630363,200,success,
1789925966.930582,GET,GET /api/v1/reservas,6.321181,200,success,
1789925966.938271,GET,GET /api/v1/reservas/{id},4.485017,200,success,
1789925966.963429,GET,GET /api/v1/reservas,5.874975,200,success,
1789925966.982686,GET,GET /api/v1/reservas/{id},4.093024,200,success,
1789925967.031135,GET,GET /api/v1/reservas/{id},5.209345,200,success,
1789925967.084001,GET,GET /api/v1/reservas,6.743150,200,success,
1789925967.118448,GET,GET /api/v1/reservas,6.120155,200,success,
1789925967.156511,GET,GET /api/v1/reservas,6.710541,200,success,
1789925967.156912,GET,GET /api/v1/reservas,5.392023,200,success,
1789925967.234861,GET,GET /api/v1/reservas,6.590680,200,success,
1789925967.361897,GET,GET /api/v1/reservas,6.636418,200,success,
1789925967.418432,GET,GET /api/v1/reservas/{id},5.289808,200,success,
1789925967.437076,GET,GET /api/v1/reservas,6.343284,200,success,
1789925967.455727,GET,GET /api/v1/reservas/{id},4.450075,200,success,
1789925967.479553,GET,GET /api/v1/reservas,5.526887,200,success,
1789925967.481325,GET,GET /api/v1/reservas/{id},3.664504,200,success,
1789925967.499245,GET,GET /api/v1/reservas,4.675526,200,success,
1789925967.523544,GET,GET /api/v1/reservas,5.933933,200,success,
1789925967.547184,GET,GET /api/v1/reservas,6.323955,200,success,
1789925967.632351,GET,GET /api/v1/reservas,8.555788,200,success,
1789925967.640885,GET,GET /api/v1/reservas,5.209235,200,success,
1789925967.844194,GET,GET /api/v1/reservas,6.839316,200,success,
1789925967.947165,GET,GET /api/v1/reservas,6.112384,200,success,
1789925968.033636,GET,GET /api/v1/reservas/{id},5.188265,200,success,
1789925968.085813,GET,GET /api/v1/reservas,6.163742,200,success,
1789925968.119518,GET,GET /api/v1/reservas/{id},9.453519,200,success,
1789925968.136962,GET,GET /api/v1/reservas,6.145795,200,success,
1789925968.170730,GET,GET /api/v1/reservas,5.448949,200,success,
1789925968.184454,GET,GET /api/v1/reservas,4.433940,200,success,
1789925968.209941,GET,GET /api/v1/reservas/{id},4.289821,200,success,
1789925968.227331,GET,GET /api/v1/reservas/{id},5.129964,200,success,
1789925968.269657,GET,GET /api/v1/reservas,5.967524,200,success,
1789925968.304965,GET,GET /api/v1/reservas,5.993174,200,success,
1789925968.312791,GET,GET /api/v1/reservas,5.501669,200,success,
1789925968.332481,GET,GET /api/v1/reservas,6.327049,200,success,
1789925968.395906,GET,GET /api/v1/reservas,6.047785,200,success,
1789925968.412117,GET,GET /api/v1/reservas,4.899176,200,success,
1789925968.511703,GET,GET /api/v1/reservas/{id},6.291646,200,success,
1789925968.549156,GET,GET /api/v1/reservas/{id},5.212941,200,success,
1789925968.550925,GET,GET /api/v1/reservas,5.045707,200,success,
1789925968.557667,GET,GET /api/v1/reservas,4.500661,200,success,
1789925968.568363,GET,GET /api/v1/reservas,4.447080,200,success,
1789925968.580678,GET,GET /api/v1/reservas/{id},4.125663,200,success,
1789925968.607276,GET,GET /api/v1/reservas,6.230654,200,success,
1789925968.609476,GET,GET /api/v1/reservas/{id},3.734970,200,success,
1789925968.629305,GET,GET /api/v1/reservas,5.531234,200,success,
1789925968.649173,GET,GET /api/v1/reservas/{id},4.665803,200,success,
1789925968.674601,GET,GET /api/v1/reservas,5.109794,200,success,
1789925968.710694,GET,GET /api/v1/reservas/{id},4.876691,200,success,
1789925968.810730,GET,GET /api/v1/reservas,6.614015,200,success,
1789925968.837290,GET,GET /api/v1/reservas,6.221960,200,success,
1789925968.986194,GET,GET /api/v1/reservas,7.419165,200,success,
1789925968.986566,GET,GET /api/v1/reservas/{id},4.562546,200,success,
1789925969.146151,GET,GET /api/v1/reservas/{id},5.527368,200,success,
1789925969.215279,GET,GET /api/v1/reservas,6.721246,200,success,
1789925969.261158,GET,GET /api/v1/reservas,6.544059,200,success,
1789925969.320531,GET,GET /api/v1/reservas,6.974801,200,success,
1789925969.334817,GET,GET /api/v1/reservas,6.895631,200,success,
1789925969.459039,GET,GET /api/v1/reservas,12.743045,200,success,
1789925969.461414,GET,GET /api/v1/reservas,7.209577,200,success,
1789925969.531805,GET,GET /api/v1/reservas,7.972754,200,success,
1789925969.575641,GET,GET /api/v1/reservas/{id},5.525844,200,success,
1789925969.581312,GET,GET /api/v1/reservas,5.421518,200,success,
1789925969.603928,GET,GET /api/v1/reservas/{id},5.649021,200,success,
1789925969.605174,GET,GET /api/v1/reservas,8.970576,200,success,
1789925969.610928,GET,GET /api/v1/reservas/{id},4.554313,200,success,
1789925969.654733,GET,GET /api/v1/reservas/{id},5.582310,200,success,
1789925969.655753,GET,GET /api/v1/reservas,5.985652,200,success,
1789925969.708898,GET,GET /api/v1/reservas/{id},4.953878,200,success,
1789925969.713249,GET,GET /api/v1/reservas,4.954930,200,success,
1789925969.761942,GET,GET /api/v1/reservas,5.411682,200,success,
1789925969.765176,GET,GET /api/v1/reservas/{id},3.120890,200,success,
1789925969.807787,GET,GET /api/v1/reservas,7.252452,200,success,
1789925969.832214,GET,GET /api/v1/reservas,6.075368,200,success,
1789925969.851665,GET,GET /api/v1/reservas,5.143175,200,success,
1789925969.911495,GET,GET /api/v1/reservas/{id},5.099869,200,success,
1789925969.963537,GET,GET /api/v1/reservas,6.719905,200,success,
1789925970.003652,GET,GET /api/v1/reservas,6.781898,200,success,
1789925970.020413,GET,GET /api/v1/reservas/{id},5.495198,200,success,
1789925970.061358,GET,GET /api/v1/reservas,6.560963,200,success,
1789925970.139214,GET,GET /api/v1/reservas,6.489426,200,success,
1789925970.233576,GET,GET /api/v1/reservas/{id},5.065037,200,success,
1789925970.246673,GET,GET /api/v1/reservas,4.818955,200,success,
1789925970.268827,GET,GET /api/v1/reservas,6.849051,200,success,
1789925970.306816,GET,GET /api/v1/reservas,6.633725,200,success,
1789925970.362897,GET,GET /api/v1/reservas/{id},10.771786,200,success,
1789925970.387133,GET,GET /api/v1/reservas,5.759099,200,success,
1789925970.387541,GET,GET /api/v1/reservas,8.312970,200,success,
1789925970.418185,GET,GET /api/v1/reservas,6.369023,200,success,
1789925970.422320,GET,GET /api/v1/reservas/{id},5.044926,200,success,
1789925970.434423,GET,GET /api/v1/reservas,5.755233,200,success,
1789925970.483235,GET,GET /api/v1/reservas,5.501579,200,success,
1789925970.674296,GET,GET /api/v1/reservas,6.612022,200,success,
1789925970.755314,GET,GET /api/v1/reservas,6.638771,200,success,
1789925970.768180,GET,GET /api/v1/reservas,5.577543,200,success,
1789925970.779380,GET,GET /api/v1/reservas,5.891349,200,success,
1789925970.779770,GET,GET /api/v1/reservas,5.998792,200,success,
1789925970.807251,GET,GET /api/v1/reservas/{id},5.291549,200,success,
1789925970.839877,GET,GET /api/v1/reservas,6.234669,200,success,
1789925970.855493,GET,GET /api/v1/reservas/{id},4.388462,200,success,
1789925970.946396,GET,GET /api/v1/reservas,6.539832,200,success,
1789925970.952507,GET,GET /api/v1/reservas,4.809039,200,success,
1789925971.070955,GET,GET /api/v1/reservas/{id},6.288792,200,success,
1789925971.089801,GET,GET /api/v1/reservas,8.467724,200,success,
1789925971.119531,GET,GET /api/v1/reservas,9.312424,200,success,
1789925971.133245,GET,GET /api/v1/reservas,7.357802,200,success,
1789925971.180055,GET,GET /api/v1/reservas/{id},6.437457,200,success,
1789925971.229851,GET,GET /api/v1/reservas,9.518336,200,success,
1789925971.261360,GET,GET /api/v1/reservas/{id},6.208560,200,success,
1789925971.261776,GET,GET /api/v1/reservas/{id},4.725392,200,success,
1789925971.296217,GET,GET /api/v1/reservas,7.141353,200,success,
1789925971.307927,GET,GET /api/v1/reservas,8.430769,200,success,
1789925971.308158,GET,GET /api/v1/reservas,6.910825,200,success,
1789925971.332564,GET,GET /api/v1/reservas,6.104943,200,success,
1789925971.364735,GET,GET /api/v1/reservas,5.869746,200,success,
1789925971.468337,GET,GET /api/v1/reservas,7.251331,200,success,
1789925971.495864,GET,GET /api/v1/reservas,8.164355,200,success,
1789925971.496790,GET,GET /api/v1/reservas,6.238755,200,success,
1789925971.518327,GET,GET /api/v1/reservas,7.186232,200,success,
1789925971.541798,GET,GET /api/v1/reservas,6.128800,200,success,
1789925971.550178,GET,GET /api/v1/reservas,5.086970,200,success,
1789925971.553371,GET,GET /api/v1/reservas,4.589896,200,success,
1789925971.559313,GET,GET /api/v1/reservas,4.698672,200,success,
1789925971.586515,GET,GET /api/v1/reservas/{id},5.000179,200,success,
1789925971.658235,GET,GET /api/v1/reservas,6.377737,200,success,
1789925971.737190,GET,GET /api/v1/reservas,6.562997,200,success,
1789925971.778667,GET,GET /api/v1/reservas,6.161519,200,success,
1789925971.862485,GET,GET /api/v1/reservas,6.422003,200,success,
1789925971.970492,GET,GET /api/v1/reservas,6.295091,200,success,
1789925972.183822,GET,GET /api/v1/reservas,7.074311,200,success,
1789925972.230771,GET,GET /api/v1/reservas,7.534690,200,success,
1789925972.259976,GET,GET /api/v1/reservas,5.879422,200,success,
1789925972.267698,GET,GET /api/v1/reservas,4.447081,200,success,
1789925972.306660,GET,GET /api/v1/reservas/{id},4.743840,200,success,
1789925972.334498,GET,GET /api/v1/reservas,6.484668,200,success,
1789925972.372022,GET,GET /api/v1/reservas,7.164850,200,success,
1789925972.409384,GET,GET /api/v1/reservas/{id},5.133201,200,success,
1789925972.536414,GET,GET /api/v1/reservas,6.685303,200,success,
1789925972.544320,GET,GET /api/v1/reservas/{id},3.742702,200,success,
1789925972.575428,GET,GET /api/v1/reservas,5.815184,200,success,
1789925972.582640,GET,GET /api/v1/reservas,4.927779,200,success,
1789925972.598590,GET,GET /api/v1/reservas,5.651825,200,success,
1789925972.620478,GET,GET /api/v1/reservas/{id},4.674985,200,success,
1789925972.654607,GET,GET /api/v1/reservas/{id},4.862520,200,success,
1789925972.663625,GET,GET /api/v1/reservas,4.748898,200,success,
1789925972.740920,GET,GET /api/v1/reservas/{id},5.048682,200,success,
1789925972.746766,GET,GET /api/v1/reservas/{id},3.663432,200,success,
1789925972.769358,GET,GET /api/v1/reservas,5.321515,200,success,
1789925972.776353,GET,GET /api/v1/reservas,4.726563,200,success,
1789925972.791625,GET,GET /api/v1/reservas/{id},4.088677,200,success,
1789925972.899148,GET,GET /api/v1/reservas,6.152595,200,success,
1789925972.919784,GET,GET /api/v1/reservas,5.329137,200,success,
1789925972.951299,GET,GET /api/v1/reservas,6.211454,200,success,
1789925972.959768,GET,GET /api/v1/reservas,5.161994,200,success,
1789925972.961886,GET,GET /api/v1/reservas,4.721126,200,success,
1789925972.989296,GET,GET /api/v1/reservas,7.067232,200,success,
1789925973.001894,GET,GET /api/v1/reservas,6.303513,200,success,
1789925973.010751,GET,GET /api/v1/reservas,5.558736,200,success,
1789925973.018668,GET,GET /api/v1/reservas,6.636789,200,success,
1789925973.019326,GET,GET /api/v1/reservas,6.902842,200,success,
1789925973.175150,GET,GET /api/v1/reservas/{id},5.829535,200,success,
1789925973.240645,GET,GET /api/v1/reservas,7.116997,200,success,
1789925973.330659,GET,GET /api/v1/reservas,6.625321,200,success,
1789925973.350284,GET,GET /api/v1/reservas,6.316463,200,success,
1789925973.368247,GET,GET /api/v1/reservas,12.270878,200,success,
1789925973.572344,GET,GET /api/v1/reservas/{id},23.752230,200,success,
1789925973.595500,GET,GET /api/v1/reservas,15.387132,200,success,
1789925973.648420,GET,GET /api/v1/reservas,12.004475,200,success,
1789925973.751351,GET,GET /api/v1/reservas,41.504726,200,success,
1789925973.765861,GET,GET /api/v1/reservas,13.683570,200,success,
1789925973.767084,GET,GET /api/v1/reservas,38.119246,200,success,
1789925973.772547,GET,GET /api/v1/reservas/{id},12.500947,200,success,
1789925973.825595,GET,GET /api/v1/reservas,18.208088,200,success,
1789925973.838443,GET,GET /api/v1/reservas/{id},5.594619,200,success,
1789925973.915787,GET,GET /api/v1/reservas,10.859419,200,success,
1789925973.984367,GET,GET /api/v1/reservas,13.094057,200,success,
1789925974.047449,GET,GET /api/v1/reservas,11.291904,200,success,
1789925974.048056,GET,GET /api/v1/reservas/{id},18.402931,200,success,
1789925974.109056,GET,GET /api/v1/reservas,47.434915,200,success,
1789925974.136441,GET,GET /api/v1/reservas,19.881393,200,success,
1789925974.138157,GET,GET /api/v1/reservas/{id},8.621678,200,success,
1789925974.246937,GET,GET /api/v1/reservas,11.331625,200,success,
1789925974.319586,GET,GET /api/v1/reservas/{id},21.292732,200,success,
1789925974.331282,GET,GET /api/v1/reservas,12.633779,200,success,
1789925974.386189,GET,GET /api/v1/reservas/{id},19.650113,200,success,
1789925974.389254,GET,GET /api/v1/reservas/{id},7.784278,200,success,
1789925974.474468,GET,GET /api/v1/reservas,7.831710,200,success,
1789925974.537227,GET,GET /api/v1/reservas,9.111499,200,success,
1789925974.553345,GET,GET /api/v1/reservas,7.657235,200,success,
1789925974.557237,GET,GET /api/v1/reservas,22.938918,200,success,
1789925974.560436,GET,GET /api/v1/reservas,19.482448,200,success,
1789925974.594226,GET,GET /api/v1/reservas/{id},11.535023,200,success,
1789925974.596454,GET,GET /api/v1/reservas,11.555214,200,success,
1789925974.702198,GET,GET /api/v1/reservas,40.511020,200,success,
1789925974.702831,GET,GET /api/v1/reservas,41.584928,200,success,
1789925974.703565,GET,GET /api/v1/reservas,45.344336,200,success,
1789925974.713908,GET,GET /api/v1/reservas,9.894216,200,success,
1789925974.777645,GET,GET /api/v1/reservas/{id},77.319879,200,success,
1789925974.778381,GET,GET /api/v1/reservas,39.093692,200,success,
1789925974.831452,GET,GET /api/v1/reservas/{id},24.464730,200,success,
1789925974.833076,GET,GET /api/v1/reservas/{id},43.463406,200,success,
1789925974.841667,GET,GET /api/v1/reservas,51.185609,200,success,
1789925974.897283,GET,GET /api/v1/reservas,51.198008,200,success,
1789925974.905911,GET,GET /api/v1/reservas/{id},43.171933,200,success,
1789925974.906949,GET,GET /api/v1/reservas,68.440712,200,success,
1789925974.907902,GET,GET /api/v1/reservas,51.154221,200,success,
1789925974.941749,GET,GET /api/v1/reservas,45.931276,200,success,
1789925974.983927,GET,GET /api/v1/reservas,75.011151,200,success,
1789925974.984802,GET,GET /api/v1/reservas/{id},77.727057,200,success,
1789925975.102882,GET,GET /api/v1/reservas/{id},74.734271,200,success,
1789925975.180421,GET,GET /api/v1/reservas,43.071431,200,success,
1789925975.249648,GET,GET /api/v1/reservas,66.836401,200,success,
1789925975.255493,GET,GET /api/v1/reservas,45.843172,200,success,
1789925975.291210,GET,GET /api/v1/reservas,22.335772,200,success,
1789925975.393423,GET,GET /api/v1/reservas,22.766706,200,success,
1789925975.493972,GET,GET /api/v1/reservas,6.179757,200,success,
1789925975.658316,GET,GET /api/v1/reservas/{id},7.054783,200,success,
1789925975.766943,GET,GET /api/v1/reservas,8.098685,200,success,
1789925975.771133,GET,GET /api/v1/reservas,6.260679,200,success,
1789925975.922843,GET,GET /api/v1/reservas,8.299818,200,success,
1789925975.944140,GET,GET /api/v1/reservas,6.907129,200,success,
1789925975.947890,GET,GET /api/v1/reservas,5.772819,200,success,
1789925975.998994,GET,GET /api/v1/reservas,7.736986,200,success,
1789925975.999328,GET,GET /api/v1/reservas/{id},5.323358,200,success,
1789925976.039725,GET,GET /api/v1/reservas,12.037735,200,success,
1789925976.060558,GET,GET /api/v1/reservas,7.431143,200,success,
1789925976.093620,GET,GET /api/v1/reservas,12.670344,200,success,
1789925976.103631,GET,GET /api/v1/reservas/{id},5.807492,200,success,
1789925976.122696,GET,GET /api/v1/reservas,18.801496,200,success,
1789925976.124219,GET,GET /api/v1/reservas,10.975454,200,success,
1789925976.186176,GET,GET /api/v1/reservas,7.606078,200,success,
1789925976.195512,GET,GET /api/v1/reservas/{id},5.119289,200,success,
1789925976.229857,GET,GET /api/v1/reservas,12.862796,200,success,
1789925976.301210,GET,GET /api/v1/reservas,9.937843,200,success,
1789925976.308426,GET,GET /api/v1/reservas,8.145325,200,success,
1789925976.342007,GET,GET /api/v1/reservas/{id},7.212111,200,success,
1789925976.406126,GET,GET /api/v1/reservas/{id},5.825738,200,success,
1789925976.421274,GET,GET /api/v1/reservas,8.805126,200,success,
1789925976.486822,GET,GET /api/v1/reservas,8.123624,200,success,
1789925976.487655,GET,GET /api/v1/reservas,5.845059,200,success,
1789925976.530770,GET,GET /api/v1/reservas,9.729376,200,success,
1789925976.566302,GET,GET /api/v1/reservas/{id},18.975801,200,success,
1789925976.629145,GET,GET /api/v1/reservas,11.336822,200,success,
1789925976.644287,GET,GET /api/v1/reservas,8.719196,200,success,
1789925976.664230,GET,GET /api/v1/reservas,7.505426,200,success,
1789925976.712929,GET,GET /api/v1/reservas,11.973197,200,success,
1789925976.737690,GET,GET /api/v1/reservas,12.409078,200,success,
1789925976.738327,GET,GET /api/v1/reservas,10.103964,200,success,
1789925976.829024,GET,GET /api/v1/reservas/{id},6.393010,200,success,
1789925976.879921,GET,GET /api/v1/reservas,8.475456,200,success,
1789925976.942331,GET,GET /api/v1/reservas,7.001020,200,success,
1789925976.963543,GET,GET /api/v1/reservas/{id},5.943568,200,success,
1789925977.001439,GET,GET /api/v1/reservas,9.158421,200,success,
1789925977.015617,GET,GET /api/v1/reservas,7.761834,200,success,
1789925977.059285,GET,GET /api/v1/reservas,10.140620,200,success,
1789925977.060398,GET,GET /api/v1/reservas,9.140394,200,success,
1789925977.060843,GET,GET /api/v1/reservas,7.830308,200,success,
1789925977.116124,GET,GET /api/v1/reservas/{id},7.358573,200,success,
1789925977.182429,GET,GET /api/v1/reservas,6.878446,200,success,
1789925977.314685,GET,GET /api/v1/reservas,7.823167,200,success,
1789925977.355565,GET,GET /api/v1/reservas,6.562216,200,success,
1789925977.363787,GET,GET /api/v1/reservas,4.924433,200,success,
1789925977.407761,GET,GET /api/v1/reservas,7.605266,200,success,
1789925977.468220,GET,GET /api/v1/reservas,6.828120,200,success,
1789925977.520978,GET,GET /api/v1/reservas,7.414868,200,success,
1789925977.542920,GET,GET /api/v1/reservas,6.581114,200,success,
1789925977.703331,GET,GET /api/v1/reservas/{id},6.191503,200,success,
1789925977.731923,GET,GET /api/v1/reservas,8.221021,200,success,
1789925977.806851,GET,GET /api/v1/reservas,10.519514,200,success,
1789925977.814769,GET,GET /api/v1/reservas,6.584179,200,success,
1789925977.900148,GET,GET /api/v1/reservas,8.445221,200,success,
1789925977.901482,GET,GET /api/v1/reservas/{id},5.945301,200,success,
1789925977.906236,GET,GET /api/v1/reservas,5.840863,200,success,
1789925977.924595,GET,GET /api/v1/reservas,6.998648,200,success,
1789925977.946831,GET,GET /api/v1/reservas,9.857672,200,success,
1789925978.014289,GET,GET /api/v1/reservas,10.025355,200,success,
1789925978.019660,GET,GET /api/v1/reservas,6.369784,200,success,
1789925978.077445,GET,GET /api/v1/reservas,6.444599,200,success,
1789925978.082899,GET,GET /api/v1/reservas,5.243468,200,success,
1789925978.126211,GET,GET /api/v1/reservas,12.979333,200,success,
1789925978.133742,GET,GET /api/v1/reservas,23.468781,200,success,
1789925978.145713,GET,GET /api/v1/reservas,13.070381,200,success,
1789925978.146240,GET,GET /api/v1/reservas,20.901859,200,success,
1789925978.192863,GET,GET /api/v1/reservas/{id},5.389308,200,success,
1789925978.313968,GET,GET /api/v1/reservas,6.760216,200,success,
1789925978.319526,GET,GET /api/v1/reservas,5.321335,200,success,
1789925978.331575,GET,GET /api/v1/reservas/{id},4.822849,200,success,
1789925978.345628,GET,GET /api/v1/reservas/{id},4.836991,200,success,
1789925978.429679,GET,GET /api/v1/reservas,8.578493,200,success,
1789925978.470117,GET,GET /api/v1/reservas/{id},5.187712,200,success,
1789925978.491014,GET,GET /api/v1/reservas,5.565455,200,success,
1789925978.631385,GET,GET /api/v1/reservas,6.939298,200,success,
1789925978.667500,GET,GET /api/v1/reservas,7.792992,200,success,
1789925978.747527,GET,GET /api/v1/reservas/{id},5.747081,200,success,
1789925978.766548,GET,GET /api/v1/reservas,5.683685,200,success,
1789925978.806508,GET,GET /api/v1/reservas,12.621239,200,success,
1789925978.806911,GET,GET /api/v1/reservas/{id},11.150911,200,success,
1789925978.828401,GET,GET /api/v1/reservas/{id},5.289768,200,success,
1789925978.841419,GET,GET /api/v1/reservas,5.723905,200,success,
1789925978.857002,GET,GET /api/v1/reservas,5.261794,200,success,
1789925978.866359,GET,GET /api/v1/reservas,5.055492,200,success,
1789925978.918856,GET,GET /api/v1/reservas/{id},5.258100,200,success,
1789925979.030232,GET,GET /api/v1/reservas,6.967951,200,success,
1789925979.033000,GET,GET /api/v1/reservas/{id},4.891553,200,success,
1789925979.034806,GET,GET /api/v1/reservas,5.439183,200,success,
1789925979.080805,GET,GET /api/v1/reservas/{id},5.728222,200,success,
1789925979.136816,GET,GET /api/v1/reservas,7.808244,200,success,
1789925979.137354,GET,GET /api/v1/reservas,7.544906,200,success,
1789925979.156456,GET,GET /api/v1/reservas,8.680336,200,success,
1789925979.163666,GET,GET /api/v1/reservas/{id},5.417741,200,success,
1789925979.165261,GET,GET /api/v1/reservas,7.458425,200,success,
1789925979.297849,GET,GET /api/v1/reservas,7.125369,200,success,
1789925979.320519,GET,GET /api/v1/reservas,6.307690,200,success,
1789925979.340724,GET,GET /api/v1/reservas,5.803195,200,success,
1789925979.442443,GET,GET /api/v1/reservas,6.324615,200,success,
1789925979.472353,GET,GET /api/v1/reservas,9.536024,200,success,
1789925979.477809,GET,GET /api/v1/reservas,7.339514,200,success,
1789925979.484792,GET,GET /api/v1/reservas,5.688572,200,success,
1789925979.611888,GET,GET /api/v1/reservas,7.703826,200,success,
1789925979.629824,GET,GET /api/v1/reservas,5.594360,200,success,
1789925979.672034,GET,GET /api/v1/reservas/{id},4.941660,200,success,
1789925979.727132,GET,GET /api/v1/reservas,8.675839,200,success,
1789925979.741434,GET,GET /api/v1/reservas,7.911141,200,success,
1789925979.814358,GET,GET /api/v1/reservas,7.547520,200,success,
1789925979.890672,GET,GET /api/v1/reservas,10.389967,200,success,
1789925979.938236,GET,GET /api/v1/reservas,10.185007,200,success,
1789925979.994872,GET,GET /api/v1/reservas/{id},5.080720,200,success,
1789925979.995385,GET,GET /api/v1/reservas,6.773085,200,success,
1789925980.041623,GET,GET /api/v1/reservas/{id},4.999557,200,success,
1789925980.048247,GET,GET /api/v1/reservas,5.309427,200,success,
1789925980.069535,GET,GET /api/v1/reservas,4.983884,200,success,
1789925980.089849,GET,GET /api/v1/reservas,6.006804,200,success,
1789925980.155251,GET,GET /api/v1/reservas,6.247088,200,success,
1789925980.241643,GET,GET /api/v1/reservas/{id},5.101563,200,success,
1789925980.278126,GET,GET /api/v1/reservas,6.127527,200,success,
1789925980.278534,GET,GET /api/v1/reservas,4.861358,200,success,
1789925980.293237,GET,GET /api/v1/reservas,4.441020,200,success,
1789925980.373459,GET,GET /api/v1/reservas,12.878198,200,success,
1789925980.452765,GET,GET /api/v1/reservas/{id},5.004886,200,success,
1789925980.527485,GET,GET /api/v1/reservas,10.282504,200,success,
1789925980.593153,GET,GET /api/v1/reservas/{id},5.384751,200,success,
1789925980.598576,GET,GET /api/v1/reservas,5.215766,200,success,
1789925980.628567,GET,GET /api/v1/reservas,6.666173,200,success,
1789925980.655177,GET,GET /api/v1/reservas,7.236338,200,success,
1789925980.725453,GET,GET /api/v1/reservas/{id},6.984305,200,success,
1789925980.725634,GET,GET /api/v1/reservas,6.651952,200,success,
1789925980.792289,GET,GET /api/v1/reservas/{id},5.052749,200,success,
1789925980.814752,GET,GET /api/v1/reservas,6.141539,200,success,
1789925980.822225,GET,GET /api/v1/reservas/{id},4.279876,200,success,
1789925980.840436,GET,GET /api/v1/reservas,5.915797,200,success,
1789925980.976398,GET,GET /api/v1/reservas,7.467428,200,success,
1789925981.066387,GET,GET /api/v1/reservas,6.554415,200,success,
1789925981.171324,GET,GET /api/v1/reservas,6.647635,200,success,
1789925981.189062,GET,GET /api/v1/reservas,5.424392,200,success,
1789925981.225764,GET,GET /api/v1/reservas,6.381192,200,success,
1789925981.244093,GET,GET /api/v1/reservas,8.993100,200,success,
1789925981.259696,GET,GET /api/v1/reservas,6.300529,200,success,
1789925981.340354,GET,GET /api/v1/reservas,10.115221,200,success,
1789925981.360272,GET,GET /api/v1/reservas/{id},7.111178,200,success,
1789925981.365333,GET,GET /api/v1/reservas/{id},7.092059,200,success,
1789925981.367823,GET,GET /api/v1/reservas,8.235192,200,success,
1789925981.476906,GET,GET /api/v1/reservas/{id},6.759825,200,success,
1789925981.586132,GET,GET /api/v1/reservas,8.854199,200,success,
1789925981.598405,GET,GET /api/v1/reservas/{id},7.038929,200,success,
1789925981.598875,GET,GET /api/v1/reservas,6.951116,200,success,
1789925981.608619,GET,GET /api/v1/reservas,5.488909,200,success,
1789925981.647541,GET,GET /api/v1/reservas,7.478675,200,success,
1789925981.665678,GET,GET /api/v1/reservas,5.815494,200,success,
1789925981.695745,GET,GET /api/v1/reservas,5.767562,200,success,
1789925981.731967,GET,GET /api/v1/reservas,5.920203,200,success,
1789925981.743731,GET,GET /api/v1/reservas,7.479697,200,success,
1789925981.755199,GET,GET /api/v1/reservas,5.172269,200,success,
1789925981.787081,GET,GET /api/v1/reservas,5.568689,200,success,
1789925981.865539,GET,GET /api/v1/reservas,6.965146,200,success,
1789925981.894033,GET,GET /api/v1/reservas,6.639113,200,success,
1789925981.923969,GET,GET /api/v1/reservas,6.604451,200,success,
1789925981.958099,GET,GET /api/v1/reservas,6.725183,200,success,
1789925981.976675,GET,GET /api/v1/reservas/{id},4.360710,200,success,
1789925981.997954,GET,GET /api/v1/reservas,5.938430,200,success,
1789925982.028995,GET,GET /api/v1/reservas,6.696610,200,success,
1789925982.034024,GET,GET /api/v1/reservas,5.857998,200,success,
1789925982.169733,GET,GET /api/v1/reservas,6.439821,200,success,
1789925982.217237,GET,GET /api/v1/reservas,6.155199,200,success,
1789925982.232105,GET,GET /api/v1/reservas,5.543862,200,success,
1789925982.350303,GET,GET /api/v1/reservas,6.771072,200,success,
1789925982.353318,GET,GET /api/v1/reservas,4.865755,200,success,
1789925982.356428,GET,GET /api/v1/reservas/{id},3.933982,200,success,
1789925982.391892,GET,GET /api/v1/reservas,6.665372,200,success,
1789925982.392461,GET,GET /api/v1/reservas,7.709055,200,success,
1789925982.393120,GET,GET /api/v1/reservas,5.171729,200,success,
1789925982.430497,GET,GET /api/v1/reservas/{id},5.153010,200,success,
1789925982.465658,GET,GET /api/v1/reservas,5.816315,200,success,
1789925982.638824,GET,GET /api/v1/reservas,6.720215,200,success,
1789925982.686077,GET,GET /api/v1/reservas/{id},5.990189,200,success,
1789925982.709489,GET,GET /api/v1/reservas,6.131374,200,success,
1789925982.762441,GET,GET /api/v1/reservas,6.596238,200,success,
1789925982.773962,GET,GET /api/v1/reservas,6.185896,200,success,
1789925982.811243,GET,GET /api/v1/reservas,6.871225,200,success,
1789925982.827204,GET,GET /api/v1/reservas,5.649473,200,success,
1789925982.849313,GET,GET /api/v1/reservas/{id},4.905455,200,success,
1789925982.950816,GET,GET /api/v1/reservas,6.124342,200,success,
1789925983.011479,GET,GET /api/v1/reservas,6.316174,200,success,
1789925983.039998,GET,GET /api/v1/reservas,6.158584,200,success,
1789925983.067924,GET,GET /api/v1/reservas/{id},4.706213,200,success,
1789925983.070592,GET,GET /api/v1/reservas/{id},3.626737,200,success,
1789925983.158457,GET,GET /api/v1/reservas,6.622608,200,success,
1789925983.211062,GET,GET /api/v1/reservas/{id},5.351181,200,success,
1789925983.271469,GET,GET /api/v1/reservas/{id},4.242080,200,success,
1789925983.271963,GET,GET /api/v1/reservas,6.546293,200,success,
1789925983.301852,GET,GET /api/v1/reservas,5.577383,200,success,
1789925983.424415,GET,GET /api/v1/reservas/{id},5.275705,200,success,
1789925983.425177,GET,GET /api/v1/reservas,6.937636,200,success,
1789925983.436591,GET,GET /api/v1/reservas,5.124808,200,success,
1789925983.648449,GET,GET /api/v1/reservas,6.346208,200,success,
1789925983.654897,GET,GET /api/v1/reservas,5.152640,200,success,
1789925983.663837,GET,GET /api/v1/reservas,4.682077,200,success,
1789925983.695401,GET,GET /api/v1/reservas,6.223403,200,success,
1789925983.712587,GET,GET /api/v1/reservas/{id},4.970984,200,success,
1789925983.739726,GET,GET /api/v1/reservas,5.814333,200,success,
1789925983.946601,GET,GET /api/v1/reservas,8.893710,200,success,
1789925983.980466,GET,GET /api/v1/reservas,6.519562,200,success,
1789925983.991342,GET,GET /api/v1/reservas,4.562594,200,success,
1789925984.014763,GET,GET /api/v1/reservas,6.090791,200,success,
1789925984.030012,GET,GET /api/v1/reservas,5.868154,200,success,
1789925984.063050,GET,GET /api/v1/reservas,6.699725,200,success,
1789925984.065101,GET,GET /api/v1/reservas,4.996794,200,success,
1789925984.067485,GET,GET /api/v1/reservas,5.731287,200,success,
1789925984.145741,GET,GET /api/v1/reservas,6.112294,200,success,
1789925984.169010,GET,GET /api/v1/reservas/{id},5.066219,200,success,
1789925984.222492,GET,GET /api/v1/reservas,6.145114,200,success,
1789925984.239205,GET,GET /api/v1/reservas/{id},4.483405,200,success,
1789925984.294316,GET,GET /api/v1/reservas,6.746866,200,success,
1789925984.337530,GET,GET /api/v1/reservas,7.615012,200,success,
1789925984.339292,GET,GET /api/v1/reservas,7.476491,200,success,
1789925984.349192,GET,GET /api/v1/reservas,5.608721,200,success,
1789925984.430128,GET,GET /api/v1/reservas/{id},6.665553,200,success,
1789925984.489386,GET,GET /api/v1/reservas/{id},6.021947,200,success,
1789925984.508475,GET,GET /api/v1/reservas,7.765680,200,success,
1789925984.543725,GET,GET /api/v1/reservas/{id},6.915110,200,success,
1789925984.555678,GET,GET /api/v1/reservas,6.590960,200,success,
1789925984.677333,GET,GET /api/v1/reservas,6.216071,200,success,
1789925984.703113,GET,GET /api/v1/reservas/{id},4.553161,200,success,
1789925984.720519,GET,GET /api/v1/reservas/{id},5.175534,200,success,
1789925984.753401,GET,GET /api/v1/reservas,7.516033,200,success,
1789925984.767624,GET,GET /api/v1/reservas,9.915828,200,success,
1789925984.834521,GET,GET /api/v1/reservas,6.523008,200,success,
1789925984.951043,GET,GET /api/v1/reservas/{id},5.181774,200,success,
1789925984.971406,GET,GET /api/v1/reservas,5.069974,200,success,
1789925984.989239,GET,GET /api/v1/reservas/{id},3.657534,200,success,
1789925985.085790,GET,GET /api/v1/reservas,7.203218,200,success,
1789925985.137501,GET,GET /api/v1/reservas,6.494063,200,success,
1789925985.139662,GET,GET /api/v1/reservas,4.910432,200,success,
1789925985.172253,GET,GET /api/v1/reservas,5.287734,200,success,
1789925985.201619,GET,GET /api/v1/reservas,6.069930,200,success,
1789925985.248019,GET,GET /api/v1/reservas,6.996945,200,success,
1789925985.334729,GET,GET /api/v1/reservas/{id},6.398178,200,success,
1789925985.376644,GET,GET /api/v1/reservas,16.320786,200,success,
1789925985.444825,GET,GET /api/v1/reservas,10.750835,200,success,
1789925985.472746,GET,GET /api/v1/reservas,6.601395,200,success,
1789925985.550788,GET,GET /api/v1/reservas,7.643495,200,success,
1789925985.562016,GET,GET /api/v1/reservas,5.866602,200,success,
1789925985.572526,GET,GET /api/v1/reservas,6.133497,200,success,
1789925985.692387,GET,GET /api/v1/reservas,6.436025,200,success,
1789925985.747312,GET,GET /api/v1/reservas,6.591430,200,success,
1789925985.774845,GET,GET /api/v1/reservas,6.196422,200,success,
1789925985.798871,GET,GET /api/v1/reservas,6.377426,200,success,
1789925985.836706,GET,GET /api/v1/reservas,6.462865,200,success,
1789925985.878532,GET,GET /api/v1/reservas,5.856426,200,success,
1789925985.892887,GET,GET /api/v1/reservas,5.087911,200,success,
1789925985.910350,GET,GET /api/v1/reservas,5.162635,200,success,
1789925985.957734,GET,GET /api/v1/reservas,6.042398,200,success,
1789925985.968888,GET,GET /api/v1/reservas,4.868860,200,success,
1789925986.019313,GET,GET /api/v1/reservas/{id},5.182524,200,success,
1789925986.057618,GET,GET /api/v1/reservas,6.527222,200,success,
1789925986.058019,GET,GET /api/v1/reservas,7.378334,200,success,
1789925986.113633,GET,GET /api/v1/reservas,6.272708,200,success,
1789925986.134546,GET,GET /api/v1/reservas,6.714606,200,success,
1789925986.171881,GET,GET /api/v1/reservas,6.003339,200,success,
1789925986.283701,GET,GET /api/v1/reservas,6.428233,200,success,
1789925986.345553,GET,GET /api/v1/reservas,6.485961,200,success,
1789925986.372115,GET,GET /api/v1/reservas,5.247673,200,success,
1789925986.395406,GET,GET /api/v1/reservas,4.996763,200,success,
1789925986.414209,GET,GET /api/v1/reservas,5.500176,200,success,
1789925986.422039,GET,GET /api/v1/reservas,6.551059,200,success,
1789925986.467860,GET,GET /api/v1/reservas,10.279540,200,success,
1789925986.479576,GET,GET /api/v1/reservas,8.355224,200,success,
1789925986.493015,GET,GET /api/v1/reservas/{id},7.186182,200,success,
1789925986.548399,GET,GET /api/v1/reservas,8.027998,200,success,
1789925986.548783,GET,GET /api/v1/reservas,6.511529,200,success,
1789925986.589680,GET,GET /api/v1/reservas,9.579670,200,success,
1789925986.675407,GET,GET /api/v1/reservas,12.003823,200,success,
1789925986.708076,GET,GET /api/v1/reservas/{id},5.383871,200,success,
1789925986.722677,GET,GET /api/v1/reservas,6.281620,200,success,
1789925986.765583,GET,GET /api/v1/reservas,7.545646,200,success,
1789925986.770091,GET,GET /api/v1/reservas,6.225796,200,success,
1789925986.867797,GET,GET /api/v1/reservas,6.822531,200,success,
1789925986.868203,GET,GET /api/v1/reservas,7.798640,200,success,
1789925986.901762,GET,GET /api/v1/reservas,5.286273,200,success,
1789925986.956000,GET,GET /api/v1/reservas/{id},6.964716,200,success,
1789925986.962705,GET,GET /api/v1/reservas,5.383399,200,success,
1789925986.970196,GET,GET /api/v1/reservas,5.221144,200,success,
1789925987.012332,GET,GET /api/v1/reservas,9.078140,200,success,
1789925987.041070,GET,GET /api/v1/reservas/{id},5.387696,200,success,
1789925987.054069,GET,GET /api/v1/reservas,6.873868,200,success,
1789925987.149710,GET,GET /api/v1/reservas,8.156172,200,success,
1789925987.161685,GET,GET /api/v1/reservas,8.611913,200,success,
1789925987.162156,GET,GET /api/v1/reservas,7.132259,200,success,
1789925987.274334,GET,GET /api/v1/reservas,6.731323,200,success,
1789925987.342534,GET,GET /api/v1/reservas,6.795590,200,success,
1789925987.458669,GET,GET /api/v1/reservas,6.745013,200,success,
1789925987.463403,GET,GET /api/v1/reservas,5.602181,200,success,
1789925987.467467,GET,GET /api/v1/reservas/{id},3.938208,200,success,
1789925987.556245,GET,GET /api/v1/reservas,6.413860,200,success,
1789925987.595335,GET,GET /api/v1/reservas/{id},4.862550,200,success,
1789925987.659116,GET,GET /api/v1/reservas,6.394632,200,success,
1789925987.725921,GET,GET /api/v1/reservas,6.460763,200,success,
1789925987.791546,GET,GET /api/v1/reservas,6.266939,200,success,
1789925987.823409,GET,GET /api/v1/reservas,6.518531,200,success,
1789925987.882318,GET,GET /api/v1/reservas,6.065613,200,success,
1789925987.901887,GET,GET /api/v1/reservas,6.254770,200,success,
1789925987.902896,GET,GET /api/v1/reservas,4.645290,200,success,
1789925988.000694,GET,GET /api/v1/reservas,6.415623,200,success,
1789925988.033781,GET,GET /api/v1/reservas,7.687581,200,success,
1789925988.034299,GET,GET /api/v1/reservas,5.850807,200,success,
1789925988.045817,GET,GET /api/v1/reservas,5.239782,200,success,
1789925988.074139,GET,GET /api/v1/reservas,6.944545,200,success,
1789925988.106596,GET,GET /api/v1/reservas,7.113382,200,success,
1789925988.151875,GET,GET /api/v1/reservas,7.988969,200,success,
1789925988.174282,GET,GET /api/v1/reservas,6.071842,200,success,
1789925988.350459,GET,GET /api/v1/reservas,7.676955,200,success,
1789925988.404300,GET,GET /api/v1/reservas,7.425666,200,success,
1789925988.452044,GET,GET /api/v1/reservas,7.027951,200,success,
1789925988.569039,GET,GET /api/v1/reservas,6.561626,200,success,
1789925988.612878,GET,GET /api/v1/reservas/{id},6.594895,200,success,
1789925988.631563,GET,GET /api/v1/reservas,6.351057,200,success,
1789925988.638306,GET,GET /api/v1/reservas,5.484752,200,success,
1789925988.642691,GET,GET /api/v1/reservas,5.165790,200,success,
1789925988.687677,GET,GET /api/v1/reservas,6.672113,200,success,
1789925988.722939,GET,GET /api/v1/reservas,6.874860,200,success,
1789925988.842979,GET,GET /api/v1/reservas,7.597566,200,success,
1789925988.878639,GET,GET /api/v1/reservas,6.268289,200,success,
1789925988.933343,GET,GET /api/v1/reservas,7.307126,200,success,
1789925988.935509,GET,GET /api/v1/reservas,5.599397,200,success,
1789925988.978814,GET,GET /api/v1/reservas,6.896642,200,success,
1789925988.995918,GET,GET /api/v1/reservas,5.782764,200,success,
1789925989.005781,GET,GET /api/v1/reservas,5.520337,200,success,
1789925989.015882,GET,GET /api/v1/reservas,7.770958,200,success,
1789925989.068756,GET,GET /api/v1/reservas,7.493066,200,success,
1789925989.069630,GET,GET /api/v1/reservas,5.453715,200,success,
1789925989.109431,GET,GET /api/v1/reservas/{id},5.543742,200,success,
1789925989.133206,GET,GET /api/v1/reservas/{id},9.458806,200,success,
1789925989.139277,GET,GET /api/v1/reservas,6.967630,200,success,
1789925989.145681,GET,GET /api/v1/reservas,5.131238,200,success,
1789925989.155249,GET,GET /api/v1/reservas,5.282135,200,success,
1789925989.269888,GET,GET /api/v1/reservas/{id},5.378202,200,success,
1789925989.286747,GET,GET /api/v1/reservas,6.506031,200,success,
1789925989.290488,GET,GET /api/v1/reservas,4.931915,200,success,
1789925989.424428,GET,GET /api/v1/reservas/{id},5.594249,200,success,
1789925989.469949,GET,GET /api/v1/reservas/{id},5.236367,200,success,
1789925989.570043,GET,GET /api/v1/reservas,6.170382,200,success,
1789925989.570483,GET,GET /api/v1/reservas,7.146813,200,success,
1789925989.598294,GET,GET /api/v1/reservas,6.525911,200,success,
1789925989.722731,GET,GET /api/v1/reservas,7.077426,200,success,
1789925989.724276,GET,GET /api/v1/reservas/{id},4.843622,200,success,
1789925989.736187,GET,GET /api/v1/reservas,5.623844,200,success,
1789925989.782625,GET,GET /api/v1/reservas/{id},5.166811,200,success,
1789925989.815608,GET,GET /api/v1/reservas/{id},5.703895,200,success,
1789925989.835139,GET,GET /api/v1/reservas,7.148695,200,success,
1789925989.894748,GET,GET /api/v1/reservas,8.693396,200,success,
1789925989.933767,GET,GET /api/v1/reservas,6.635908,200,success,
1789925989.946940,GET,GET /api/v1/reservas,5.833542,200,success,
1789925989.981585,GET,GET /api/v1/reservas,7.273484,200,success,
1789925989.988072,GET,GET /api/v1/reservas,6.213578,200,success,
1789925990.063030,GET,GET /api/v1/reservas,8.523098,200,success,
1789925990.127916,GET,GET /api/v1/reservas/{id},6.581445,200,success,
1789925990.140509,GET,GET /api/v1/reservas,7.325372,200,success,
1789925990.156832,GET,GET /api/v1/reservas/{id},5.117837,200,success,
1789925990.192204,GET,GET /api/v1/reservas,6.969793,200,success,
1789925990.284246,GET,GET /api/v1/reservas/{id},6.726175,200,success,
1789925990.290147,GET,GET /api/v1/reservas,7.865772,200,success,
1789925990.316686,GET,GET /api/v1/reservas/{id},8.196454,200,success,
1789925990.317113,GET,GET /api/v1/reservas/{id},6.432960,200,success,
1789925990.385051,GET,GET /api/v1/reservas,8.558652,200,success,
1789925990.443093,GET,GET /api/v1/reservas,7.610485,200,success,
1789925990.446601,GET,GET /api/v1/reservas,6.228850,200,success,
1789925990.457115,GET,GET /api/v1/reservas,6.213758,200,success,
1789925990.471056,GET,GET /api/v1/reservas,6.618352,200,success,
1789925990.568563,GET,GET /api/v1/reservas/{id},5.206041,200,success,
1789925990.592885,GET,GET /api/v1/reservas/{id},4.088797,200,success,
1789925990.700420,GET,GET /api/v1/reservas,6.135509,200,success,
1789925990.704740,GET,GET /api/v1/reservas,4.144751,200,success,
1789925990.805635,GET,GET /api/v1/reservas,7.079951,200,success,
1789925990.834736,GET,GET /api/v1/reservas,6.720135,200,success,
1789925990.844932,GET,GET /api/v1/reservas,6.901670,200,success,
1789925990.953298,GET,GET /api/v1/reservas,6.915322,200,success,
1789925991.078215,GET,GET /api/v1/reservas/{id},5.567097,200,success,
1789925991.092181,GET,GET /api/v1/reservas,6.598541,200,success,
1789925991.098039,GET,GET /api/v1/reservas,5.575329,200,success,
1789925991.103129,GET,GET /api/v1/reservas,5.965222,200,success,
1789925991.109372,GET,GET /api/v1/reservas,5.997510,200,success,
1789925991.197383,GET,GET /api/v1/reservas/{id},5.861484,200,success,
1789925991.198312,GET,GET /api/v1/reservas,6.208039,200,success,
1789925991.224488,GET,GET /api/v1/reservas,6.863402,200,success,
1789925991.230108,GET,GET /api/v1/reservas,6.552610,200,success,
1789925991.330838,GET,GET /api/v1/reservas,7.353556,200,success,
1789925991.337032,GET,GET /api/v1/reservas/{id},3.979681,200,success,
1789925991.380334,GET,GET /api/v1/reservas,5.994627,200,success,
1789925991.405219,GET,GET /api/v1/reservas,5.517061,200,success,
1789925991.486699,GET,GET /api/v1/reservas,6.072063,200,success,
1789925991.523673,GET,GET /api/v1/reservas,6.645663,200,success,
1789925991.566401,GET,GET /api/v1/reservas,6.397657,200,success,
1789925991.613811,GET,GET /api/v1/reservas,7.100963,200,success,
1789925991.681905,GET,GET /api/v1/reservas/{id},5.778238,200,success,
1789925991.699911,GET,GET /api/v1/reservas,7.677897,200,success,
1789925991.769906,GET,GET /api/v1/reservas/{id},7.693321,200,success,
1789925991.829537,GET,GET /api/v1/reservas,9.304362,200,success,
1789925991.832476,GET,GET /api/v1/reservas,10.119337,200,success,
1789925991.836087,GET,GET /api/v1/reservas,6.224224,200,success,
1789925991.838057,GET,GET /api/v1/reservas,6.500222,200,success,
1789925991.870255,GET,GET /api/v1/reservas,7.850559,200,success,
1789925991.889091,GET,GET /api/v1/reservas,7.047251,200,success,
1789925991.903672,GET,GET /api/v1/reservas/{id},5.360324,200,success,
1789925992.026042,GET,GET /api/v1/reservas,6.926948,200,success,
1789925992.101613,GET,GET /api/v1/reservas,6.193608,200,success,
1789925992.132118,GET,GET /api/v1/reservas,6.140788,200,success,
1789925992.149123,GET,GET /api/v1/reservas,6.660355,200,success,
1789925992.149572,GET,GET /api/v1/reservas,5.410420,200,success,
1789925992.205959,GET,GET /api/v1/reservas,7.040831,200,success,
1789925992.206340,GET,GET /api/v1/reservas/{id},4.666462,200,success,
1789925992.254266,GET,GET /api/v1/reservas,6.574825,200,success,
1789925992.274862,GET,GET /api/v1/reservas,6.257364,200,success,
1789925992.277354,GET,GET /api/v1/reservas,4.996063,200,success,
1789925992.335601,GET,GET /api/v1/reservas,7.811129,200,success,
1789925992.337147,GET,GET /api/v1/reservas,5.507026,200,success,
1789925992.337601,GET,GET /api/v1/reservas/{id},5.345972,200,success,
1789925992.406609,GET,GET /api/v1/reservas/{id},7.754133,200,success,
1789925992.504602,GET,GET /api/v1/reservas,6.624930,200,success,
1789925992.506442,GET,GET /api/v1/reservas,5.620399,200,success,
1789925992.634519,GET,GET /api/v1/reservas/{id},5.755143,200,success,
1789925992.652424,GET,GET /api/v1/reservas,5.580068,200,success,
1789925992.663157,GET,GET /api/v1/reservas,5.408857,200,success,
1789925992.694013,GET,GET /api/v1/reservas/{id},4.632220,200,success,
1789925992.768147,GET,GET /api/v1/reservas,6.720736,200,success,
1789925992.840319,GET,GET /api/v1/reservas,10.635520,200,success,
1789925992.889885,GET,GET /api/v1/reservas,6.161889,200,success,
1789925992.892296,GET,GET /api/v1/reservas,4.723980,200,success,
1789925992.921402,GET,GET /api/v1/reservas,6.756040,200,success,
1789925992.956788,GET,GET /api/v1/reservas/{id},5.139571,200,success,
1789925993.087399,GET,GET /api/v1/reservas,7.129686,200,success,
1789925993.103251,GET,GET /api/v1/reservas,5.506245,200,success,
1789925993.149009,GET,GET /api/v1/reservas,6.583619,200,success,
1789925993.155411,GET,GET /api/v1/reservas,5.117126,200,success,
1789925993.266585,GET,GET /api/v1/reservas,6.778184,200,success,
1789925993.393551,GET,GET /api/v1/reservas,6.545561,200,success,
1789925993.414757,GET,GET /api/v1/reservas,5.933603,200,success,
1789925993.457220,GET,GET /api/v1/reservas,14.014451,200,success,
1789925993.487111,GET,GET /api/v1/reservas,6.518750,200,success,
1789925993.533888,GET,GET /api/v1/reservas,6.388052,200,success,
1789925993.569608,GET,GET /api/v1/reservas/{id},4.481793,200,success,
1789925993.577111,GET,GET /api/v1/reservas,5.180422,200,success,
1789925993.577953,GET,GET /api/v1/reservas,4.497747,200,success,
1789925993.675467,GET,GET /api/v1/reservas,6.100137,200,success,
1789925993.706350,GET,GET /api/v1/reservas/{id},4.643318,200,success,
1789925993.739807,GET,GET /api/v1/reservas/{id},5.220142,200,success,
1789925993.742326,GET,GET /api/v1/reservas/{id},3.945631,200,success,
1789925993.748030,GET,GET /api/v1/reservas,6.169179,200,success,
1789925993.837233,GET,GET /api/v1/reservas,6.814408,200,success,
1789925993.878370,GET,GET /api/v1/reservas,6.416374,200,success,
1789925993.878686,GET,GET /api/v1/reservas,7.203498,200,success,
1789925993.882550,GET,GET /api/v1/reservas,5.431532,200,success,
1789925993.976260,GET,GET /api/v1/reservas,6.329304,200,success,
1789925994.054371,GET,GET /api/v1/reservas,6.743420,200,success,
1789925994.055115,GET,GET /api/v1/reservas,5.605706,200,success,
1789925994.096666,GET,GET /api/v1/reservas,5.224307,200,success,
1789925994.136872,GET,GET /api/v1/reservas/{id},5.965522,200,success,
1789925994.194381,GET,GET /api/v1/reservas/{id},5.249246,200,success,
1789925994.203774,GET,GET /api/v1/reservas,5.078297,200,success,
1789925994.227889,GET,GET /api/v1/reservas,6.810873,200,success,
1789925994.232971,GET,GET /api/v1/reservas,5.835955,200,success,
1789925994.242404,GET,GET /api/v1/reservas,5.097186,200,success,
1789925994.294081,GET,GET /api/v1/reservas/{id},5.435679,200,success,
1789925994.483507,GET,GET /api/v1/reservas/{id},5.028281,200,success,
1789925994.504585,GET,GET /api/v1/reservas/{id},3.870527,200,success,
1789925994.546955,GET,GET /api/v1/reservas,6.059144,200,success,
1789925994.555972,GET,GET /api/v1/reservas/{id},3.820230,200,success,
1789925994.594044,GET,GET /api/v1/reservas/{id},4.827898,200,success,
1789925994.619843,GET,GET /api/v1/reservas,6.452669,200,success,
1789925994.654802,GET,GET /api/v1/reservas,7.572607,200,success,
1789925994.715362,GET,GET /api/v1/reservas,12.072127,200,success,
1789925994.717627,GET,GET /api/v1/reservas/{id},5.567179,200,success,
1789925994.733855,GET,GET /api/v1/reservas,6.924534,200,success,
1789925994.760593,GET,GET /api/v1/reservas/{id},5.883847,200,success,
1789925994.760969,GET,GET /api/v1/reservas/{id},8.876985,200,success,
1789925994.976228,GET,GET /api/v1/reservas,6.737282,200,success,
1789925995.048255,GET,GET /api/v1/reservas,6.667325,200,success,
1789925995.061573,GET,GET /api/v1/reservas,6.008297,200,success,
1789925995.078629,GET,GET /api/v1/reservas/{id},4.833486,200,success,
1789925995.101693,GET,GET /api/v1/reservas/{id},3.850506,200,success,
1789925995.142439,GET,GET /api/v1/reservas/{id},4.012401,200,success,
1789925995.142850,GET,GET /api/v1/reservas,6.119275,200,success,
1789925995.223702,GET,GET /api/v1/reservas,6.512801,200,success,
1789925995.325139,GET,GET /api/v1/reservas,7.050506,200,success,
1789925995.376128,GET,GET /api/v1/reservas,6.627895,200,success,
1789925995.392124,GET,GET /api/v1/reservas,4.742499,200,success,
1789925995.584255,GET,GET /api/v1/reservas/{id},5.758288,200,success,
1789925995.590762,GET,GET /api/v1/reservas,4.981861,200,success,
1789925995.591258,GET,GET /api/v1/reservas,7.813782,200,success,
1789925995.680364,GET,GET /api/v1/reservas,6.737040,200,success,
1789925995.724245,GET,GET /api/v1/reservas,7.452406,200,success,
1789925995.737187,GET,GET /api/v1/reservas/{id},4.697300,200,success,
1789925995.744977,GET,GET /api/v1/reservas,6.235080,200,success,
1789925995.751678,GET,GET /api/v1/reservas,8.109832,200,success,
1789925995.782367,GET,GET /api/v1/reservas,6.378808,200,success,
1789925995.844501,GET,GET /api/v1/reservas,9.664518,200,success,
1789925995.856761,GET,GET /api/v1/reservas,6.726506,200,success,
1789925995.936200,GET,GET /api/v1/reservas,6.778604,200,success,
1789925995.936697,GET,GET /api/v1/reservas,7.872361,200,success,
1789925995.978974,GET,GET /api/v1/reservas,6.869973,200,success,
1789925996.046448,GET,GET /api/v1/reservas,7.072450,200,success,
1789925996.048875,GET,GET /api/v1/reservas/{id},4.338265,200,success,
1789925996.061530,GET,GET /api/v1/reservas/{id},3.472502,200,success,
1789925996.087590,GET,GET /api/v1/reservas,4.811823,200,success,
1789925996.103282,GET,GET /api/v1/reservas,4.429524,200,success,
1789925996.153953,GET,GET /api/v1/reservas,6.538130,200,success,
1789925996.156910,GET,GET /api/v1/reservas,4.801637,200,success,
1789925996.162182,GET,GET /api/v1/reservas,4.024820,200,success,
1789925996.182923,GET,GET /api/v1/reservas,4.478137,200,success,
1789925996.198780,GET,GET /api/v1/reservas,4.613251,200,success,
1789925996.244308,GET,GET /api/v1/reservas,7.219342,200,success,
1789925996.244716,GET,GET /api/v1/reservas,5.770155,200,success,
1789925996.346572,GET,GET /api/v1/reservas,6.463687,200,success,
1789925996.384262,GET,GET /api/v1/reservas,5.391021,200,success,
1789925996.479103,GET,GET /api/v1/reservas,6.492761,200,success,
1789925996.499462,GET,GET /api/v1/reservas,5.066619,200,success,
1789925996.550135,GET,GET /api/v1/reservas,6.284374,200,success,
1789925996.610380,GET,GET /api/v1/reservas,5.925161,200,success,
1789925996.668426,GET,GET /api/v1/reservas,6.700156,200,success,
1789925996.712001,GET,GET /api/v1/reservas,6.217103,200,success,
1789925996.753854,GET,GET /api/v1/reservas,8.336124,200,success,
1789925996.852098,GET,GET /api/v1/reservas,7.776266,200,success,
1789925996.862415,GET,GET /api/v1/reservas,6.994080,200,success,
1789925996.895664,GET,GET /api/v1/reservas,6.855900,200,success,
1789925996.958082,GET,GET /api/v1/reservas,7.047462,200,success,
1789925996.979425,GET,GET /api/v1/reservas,9.968378,200,success,
1789925997.004560,GET,GET /api/v1/reservas/{id},6.418348,200,success,
1789925997.033517,GET,GET /api/v1/reservas,8.474815,200,success,
1789925997.075806,GET,GET /api/v1/reservas,6.954180,200,success,
1789925997.143212,GET,GET /api/v1/reservas,6.282532,200,success,
1789925997.149129,GET,GET /api/v1/reservas,4.669388,200,success,
1789925997.204083,GET,GET /api/v1/reservas,6.607865,200,success,
1789925997.228738,GET,GET /api/v1/reservas/{id},5.386925,200,success,
1789925997.252657,GET,GET /api/v1/reservas/{id},5.655702,200,success,
1789925997.254840,GET,GET /api/v1/reservas,5.380054,200,success,
1789925997.298970,GET,GET /api/v1/reservas,12.729394,200,success,
1789925997.311178,GET,GET /api/v1/reservas/{id},19.598473,200,success,
1789925997.390270,GET,GET /api/v1/reservas,7.003045,200,success,
1789925997.411504,GET,GET /api/v1/reservas,6.900368,200,success,
1789925997.476866,GET,GET /api/v1/reservas,12.732868,200,success,
1789925997.554640,GET,GET /api/v1/reservas/{id},5.457181,200,success,
1789925997.614821,GET,GET /api/v1/reservas,6.828138,200,success,
1789925997.698452,GET,GET /api/v1/reservas,6.249613,200,success,
1789925997.718036,GET,GET /api/v1/reservas,7.223759,200,success,
1789925997.752223,GET,GET /api/v1/reservas,6.842401,200,success,
1789925997.822833,GET,GET /api/v1/reservas,6.273028,200,success,
1789925997.864154,GET,GET /api/v1/reservas,5.997550,200,success,
1789925997.938170,GET,GET /api/v1/reservas,6.218715,200,success,
1789925997.971057,GET,GET /api/v1/reservas,5.578175,200,success,
1789925997.995773,GET,GET /api/v1/reservas,5.426394,200,success,
1789925998.006900,GET,GET /api/v1/reservas,5.848323,200,success,
1789925998.048474,GET,GET /api/v1/reservas,6.237092,200,success,
1789925998.089675,GET,GET /api/v1/reservas,5.848014,200,success,
1789925998.150586,GET,GET /api/v1/reservas,6.766817,200,success,
1789925998.153870,GET,GET /api/v1/reservas/{id},4.111292,200,success,
1789925998.158463,GET,GET /api/v1/reservas/{id},3.416197,200,success,
1789925998.244958,GET,GET /api/v1/reservas/{id},7.217700,200,success,
1789925998.318115,GET,GET /api/v1/reservas,6.729390,200,success,
1789925998.359953,GET,GET /api/v1/reservas,6.446812,200,success,
1789925998.436899,GET,GET /api/v1/reservas,6.557269,200,success,
1789925998.455587,GET,GET /api/v1/reservas/{id},5.467577,200,success,
1789925998.459116,GET,GET /api/v1/reservas/{id},4.385427,200,success,
1789925998.595024,GET,GET /api/v1/reservas,6.469455,200,success,
1789925998.664279,GET,GET /api/v1/reservas,6.902031,200,success,
1789925998.665786,GET,GET /api/v1/reservas,5.488578,200,success,
1789925998.680698,GET,GET /api/v1/reservas,4.665943,200,success,
1789925998.701462,GET,GET /api/v1/reservas,8.199378,200,success,
1789925998.701953,GET,GET /api/v1/reservas,6.912097,200,success,
1789925998.715264,GET,GET /api/v1/reservas/{id},4.123891,200,success,
1789925998.746035,GET,GET /api/v1/reservas,5.444202,200,success,
1789925998.844912,GET,GET /api/v1/reservas,6.492971,200,success,
1789925998.882110,GET,GET /api/v1/reservas,5.837699,200,success,
1789925998.886928,GET,GET /api/v1/reservas,4.627614,200,success,
1789925998.937607,GET,GET /api/v1/reservas/{id},5.437121,200,success,
1789925998.994678,GET,GET /api/v1/reservas/{id},4.826815,200,success,
1789925999.052193,GET,GET /api/v1/reservas,6.172635,200,success,
1789925999.073490,GET,GET /api/v1/reservas/{id},4.070400,200,success,
1789925999.094975,GET,GET /api/v1/reservas,5.166190,200,success,
1789925999.116817,GET,GET /api/v1/reservas,5.513948,200,success,
1789925999.246850,GET,GET /api/v1/reservas,6.819205,200,success,
1789925999.257502,GET,GET /api/v1/reservas/{id},4.432568,200,success,
1789925999.297405,GET,GET /api/v1/reservas,5.580028,200,success,
1789925999.374099,GET,GET /api/v1/reservas/{id},5.408517,200,success,
1789925999.460706,GET,GET /api/v1/reservas,7.195155,200,success,
1789925999.555454,GET,GET /api/v1/reservas,6.347951,200,success,
1789925999.602458,GET,GET /api/v1/reservas,6.675858,200,success,
1789925999.662868,GET,GET /api/v1/reservas,7.072188,200,success,
1789925999.663201,GET,GET /api/v1/reservas/{id},4.583997,200,success,
1789925999.670928,GET,GET /api/v1/reservas/{id},5.136325,200,success,
1789925999.671742,GET,GET /api/v1/reservas,6.311497,200,success,
1789925999.716862,GET,GET /api/v1/reservas,6.801820,200,success,
1789925999.764810,GET,GET /api/v1/reservas,6.587174,200,success,
1789925999.773369,GET,GET /api/v1/reservas,5.299012,200,success,
1789925999.798011,GET,GET /api/v1/reservas/{id},4.419929,200,success,
1789925999.894504,GET,GET /api/v1/reservas,6.575816,200,success,
1789925999.902498,GET,GET /api/v1/reservas,6.673936,200,success,
1789925999.994917,GET,GET /api/v1/reservas,6.994612,200,success,
1789925999.997347,GET,GET /api/v1/reservas,5.156976,200,success,
1789926000.022812,GET,GET /api/v1/reservas,7.111399,200,success,
1789926000.044338,GET,GET /api/v1/reservas,7.134082,200,success,
1789926000.046436,GET,GET /api/v1/reservas/{id},5.338762,200,success,
1789926000.064277,GET,GET /api/v1/reservas,6.485460,200,success,
1789926000.099616,GET,GET /api/v1/reservas/{id},5.616692,200,success,
1789926000.100152,GET,GET /api/v1/reservas,6.535776,200,success,
1789926000.104109,GET,GET /api/v1/reservas/{id},3.855623,200,success,
1789926000.147560,GET,GET /api/v1/reservas,7.109034,200,success,
1789926000.183223,GET,GET /api/v1/reservas,6.347961,200,success,
1789926000.208071,GET,GET /api/v1/reservas,6.520613,200,success,
1789926000.208488,GET,GET /api/v1/reservas,6.555035,200,success,
1789926000.280267,GET,GET /api/v1/reservas,6.434392,200,success,
1789926000.298386,GET,GET /api/v1/reservas,6.815540,200,success,
1789926000.303907,GET,GET /api/v1/reservas,6.470968,200,success,
1789926000.335338,GET,GET /api/v1/reservas,7.043355,200,success,
1789926000.388667,GET,GET /api/v1/reservas/{id},36.507433,200,success,
1789926000.390927,GET,GET /api/v1/reservas/{id},37.351642,200,success,
1789926000.391977,GET,GET /api/v1/reservas,21.392864,200,success,
1789926000.538900,GET,GET /api/v1/reservas/{id},6.531800,200,success,
1789926000.635269,GET,GET /api/v1/reservas,8.960009,200,success,
1789926000.650426,GET,GET /api/v1/reservas,7.824039,200,success,
1789926000.883449,GET,GET /api/v1/reservas,6.038642,200,success,
1789926000.894749,GET,GET /api/v1/reservas,5.016874,200,success,
1789926000.945871,GET,GET /api/v1/reservas,6.779385,200,success,
1789926000.946307,GET,GET /api/v1/reservas,5.429478,200,success,
1789926001.149667,GET,GET /api/v1/reservas,6.106135,200,success,
1789926001.312466,GET,GET /api/v1/reservas,6.292178,200,success,
1789926001.347626,GET,GET /api/v1/reservas/{id},4.856900,200,success,
1789926001.360166,GET,GET /api/v1/reservas,5.209386,200,success,
1789926001.370970,GET,GET /api/v1/reservas/{id},3.624965,200,success,
1789926001.400706,GET,GET /api/v1/reservas,5.429540,200,success,
1789926001.423165,GET,GET /api/v1/reservas,7.106140,200,success,
1789926001.455598,GET,GET /api/v1/reservas,6.134849,200,success,
1789926001.535936,GET,GET /api/v1/reservas/{id},6.049509,200,success,
1789926001.541599,GET,GET /api/v1/reservas,5.414927,200,success,
1789926001.564242,GET,GET /api/v1/reservas,6.304825,200,success,
1789926001.632107,GET,GET /api/v1/reservas,8.459762,200,success,
1789926001.648652,GET,GET /api/v1/reservas,10.252368,200,success,
1789926001.654755,GET,GET /api/v1/reservas,11.545278,200,success,
1789926001.716463,GET,GET /api/v1/reservas,6.358477,200,success,
1789926001.760855,GET,GET /api/v1/reservas,6.024611,200,success,
1789926001.787292,GET,GET /api/v1/reservas,6.068537,200,success,
1789926001.793218,GET,GET /api/v1/reservas/{id},3.740269,200,success,
1789926002.020185,GET,GET /api/v1/reservas,7.056074,200,success,
1789926002.044810,GET,GET /api/v1/reservas,9.262508,200,success,
1789926002.051888,GET,GET /api/v1/reservas,8.153568,200,success,
1789926002.080372,GET,GET /api/v1/reservas/{id},7.592518,200,success,
1789926002.081007,GET,GET /api/v1/reservas,8.737643,200,success,
1789926002.089952,GET,GET /api/v1/reservas,6.684122,200,success,
1789926002.100154,GET,GET /api/v1/reservas,6.833106,200,success,
1789926002.117949,GET,GET /api/v1/reservas,9.331824,200,success,
1789926002.132352,GET,GET /api/v1/reservas,7.059369,200,success,
1789926002.189090,GET,GET /api/v1/reservas,13.319538,200,success,
1789926002.263354,GET,GET /api/v1/reservas,6.808258,200,success,
1789926002.280215,GET,GET /api/v1/reservas,6.518309,200,success,
1789926002.364527,GET,GET /api/v1/reservas,6.984315,200,success,
1789926002.376810,GET,GET /api/v1/reservas/{id},5.050114,200,success,
1789926002.401161,GET,GET /api/v1/reservas,5.969899,200,success,
1789926002.452963,GET,GET /api/v1/reservas,6.477398,200,success,
1789926002.493464,GET,GET /api/v1/reservas,7.123416,200,success,
1789926002.512495,GET,GET /api/v1/reservas,6.704042,200,success,
1789926002.533301,GET,GET /api/v1/reservas,7.471344,200,success,
1789926002.557765,GET,GET /api/v1/reservas,6.113967,200,success,
1789926002.589494,GET,GET /api/v1/reservas/{id},5.489980,200,success,
1789926002.627132,GET,GET /api/v1/reservas/{id},5.381026,200,success,
1789926002.665619,GET,GET /api/v1/reservas,7.144098,200,success,
1789926002.864970,GET,GET /api/v1/reservas,6.826256,200,success,
1789926002.865700,GET,GET /api/v1/reservas,5.197006,200,success,
1789926002.899616,GET,GET /api/v1/reservas,6.596768,200,success,
1789926002.910443,GET,GET /api/v1/reservas/{id},5.600889,200,success,
1789926002.911215,GET,GET /api/v1/reservas,5.861814,200,success,
1789926002.925311,GET,GET /api/v1/reservas/{id},4.923613,200,success,
1789926002.936314,GET,GET /api/v1/reservas,5.730997,200,success,
1789926003.059862,GET,GET /api/v1/reservas/{id},5.216266,200,success,
1789926003.063462,GET,GET /api/v1/reservas/{id},3.455737,200,success,
1789926003.098164,GET,GET /api/v1/reservas,6.393250,200,success,
1789926003.101125,GET,GET /api/v1/reservas,4.660383,200,success,
1789926003.113684,GET,GET /api/v1/reservas/{id},4.386569,200,success,
1789926003.116211,GET,GET /api/v1/reservas,5.114982,200,success,
1789926003.196514,GET,GET /api/v1/reservas,7.038568,200,success,
1789926003.197234,GET,GET /api/v1/reservas,6.964015,200,success,
1789926003.198359,GET,GET /api/v1/reservas/{id},4.551989,200,success,
1789926003.324564,GET,GET /api/v1/reservas,6.758314,200,success,
1789926003.379385,GET,GET /api/v1/reservas,18.113244,200,success,
1789926003.383141,GET,GET /api/v1/reservas,7.055053,200,success,
1789926003.534523,GET,GET /api/v1/reservas,6.932147,200,success,
1789926003.637303,GET,GET /api/v1/reservas,7.058548,200,success,
1789926003.645061,GET,GET /api/v1/reservas,5.451693,200,success,
1789926003.707814,GET,GET /api/v1/reservas,6.410986,200,success,
1789926003.773051,GET,GET /api/v1/reservas,13.538939,200,success,
1789926003.813968,GET,GET /api/v1/reservas,6.541113,200,success,
1789926003.825728,GET,GET /api/v1/reservas/{id},4.524849,200,success,
1789926003.874604,GET,GET /api/v1/reservas/{id},5.604474,200,success,
1789926003.891555,GET,GET /api/v1/reservas,6.215382,200,success,
1789926004.076180,GET,GET /api/v1/reservas,6.270804,200,success,
1789926004.113673,GET,GET /api/v1/reservas,6.188229,200,success,
1789926004.114189,GET,GET /api/v1/reservas,6.020214,200,success,
1789926004.125450,GET,GET /api/v1/reservas,4.980328,200,success,
1789926004.148584,GET,GET /api/v1/reservas,6.798855,200,success,
1789926004.156685,GET,GET /api/v1/reservas/{id},3.932470,200,success,
1789926004.227249,GET,GET /api/v1/reservas,8.261502,200,success,
1789926004.267957,GET,GET /api/v1/reservas,6.386991,200,success,
1789926004.281333,GET,GET /api/v1/reservas/{id},4.148387,200,success,
1789926004.294885,GET,GET /api/v1/reservas,5.275996,200,success,
1789926004.336525,GET,GET /api/v1/reservas,6.275151,200,success,
1789926004.347782,GET,GET /api/v1/reservas/{id},4.053323,200,success,
1789926004.479849,GET,GET /api/v1/reservas,6.643559,200,success,
1789926004.505711,GET,GET /api/v1/reservas,5.540067,200,success,
1789926004.552027,GET,GET /api/v1/reservas/{id},5.051546,200,success,
1789926004.572637,GET,GET /api/v1/reservas,5.297459,200,success,
1789926004.637912,GET,GET /api/v1/reservas,6.756882,200,success,
1789926004.714822,GET,GET /api/v1/reservas/{id},5.603093,200,success,
1789926004.762251,GET,GET /api/v1/reservas/{id},5.141894,200,success,
1789926004.769476,GET,GET /api/v1/reservas,5.929937,200,success,
1789926004.784272,GET,GET /api/v1/reservas/{id},4.583807,200,success,
1789926004.848693,GET,GET /api/v1/reservas,9.016976,200,success,
1789926004.972224,GET,GET /api/v1/reservas,7.049946,200,success,
1789926005.002281,GET,GET /api/v1/reservas,7.663735,200,success,
1789926005.028831,GET,GET /api/v1/reservas,6.583388,200,success,
1789926005.039578,GET,GET /api/v1/reservas,6.398859,200,success,
1789926005.115959,GET,GET /api/v1/reservas,6.949083,200,success,
1789926005.132828,GET,GET /api/v1/reservas,8.424639,200,success,
1789926005.181508,GET,GET /api/v1/reservas,8.901511,200,success,
1789926005.224914,GET,GET /api/v1/reservas,9.019461,200,success,
1789926005.264366,GET,GET /api/v1/reservas,6.992950,200,success,
1789926005.275320,GET,GET /api/v1/reservas/{id},5.722003,200,success,
1789926005.277421,GET,GET /api/v1/reservas/{id},4.008275,200,success,
1789926005.306714,GET,GET /api/v1/reservas/{id},5.446535,200,success,
1789926005.307237,GET,GET /api/v1/reservas,6.463677,200,success,
1789926005.320183,GET,GET /api/v1/reservas,5.665408,200,success,
1789926005.328937,GET,GET /api/v1/reservas,5.494588,200,success,
1789926005.329442,GET,GET /api/v1/reservas/{id},4.381100,200,success,
1789926005.340264,GET,GET /api/v1/reservas,4.550877,200,success,
1789926005.363189,GET,GET /api/v1/reservas,5.602742,200,success,
1789926005.384901,GET,GET /api/v1/reservas,6.399220,200,success,
1789926005.466717,GET,GET /api/v1/reservas,6.488876,200,success,
1789926005.473903,GET,GET /api/v1/reservas/{id},3.994274,200,success,
1789926005.487237,GET,GET /api/v1/reservas,5.025697,200,success,
1789926005.505517,GET,GET /api/v1/reservas/{id},4.080385,200,success,
1789926005.520553,GET,GET /api/v1/reservas,6.693324,200,success,
1789926005.571339,GET,GET /api/v1/reservas/{id},5.481167,200,success,
1789926005.590775,GET,GET /api/v1/reservas,7.083416,200,success,
1789926005.603769,GET,GET /api/v1/reservas,5.669773,200,success,
1789926005.681663,GET,GET /api/v1/reservas,6.494984,200,success,
1789926005.719038,GET,GET /api/v1/reservas,6.963054,200,success,
1789926005.768963,GET,GET /api/v1/reservas/{id},5.636202,200,success,
1789926005.836260,GET,GET /api/v1/reservas,6.556258,200,success,
1789926005.901106,GET,GET /api/v1/reservas,6.999097,200,success,
1789926005.907180,GET,GET /api/v1/reservas,5.832440,200,success,
1789926005.993171,GET,GET /api/v1/reservas,8.529337,200,success,
1789926006.006953,GET,GET /api/v1/reservas,6.491449,200,success,
1789926006.062835,GET,GET /api/v1/reservas,7.478425,200,success,
1789926006.246812,GET,GET /api/v1/reservas/{id},5.539446,200,success,
1789926006.265859,GET,GET /api/v1/reservas,7.678528,200,success,
1789926006.286717,GET,GET /api/v1/reservas,6.550860,200,success,
1789926006.311404,GET,GET /api/v1/reservas/{id},4.468071,200,success,
1789926006.331329,GET,GET /api/v1/reservas/{id},4.717790,200,success,
1789926006.332028,GET,GET /api/v1/reservas/{id},3.680959,200,success,
1789926006.492308,GET,GET /api/v1/reservas,6.810061,200,success,
1789926006.519301,GET,GET /api/v1/reservas/{id},4.767736,200,success,
1789926006.529746,GET,GET /api/v1/reservas/{id},6.241830,200,success,
1789926006.534734,GET,GET /api/v1/reservas,5.603313,200,success,
1789926006.624728,GET,GET /api/v1/reservas,6.636138,200,success,
1789926006.646867,GET,GET /api/v1/reservas,6.803401,200,success,
1789926006.649094,GET,GET /api/v1/reservas,6.295321,200,success,
1789926006.691860,GET,GET /api/v1/reservas,6.427090,200,success,
1789926006.705552,GET,GET /api/v1/reservas/{id},4.472670,200,success,
1789926006.789234,GET,GET /api/v1/reservas,6.288481,200,success,
1789926006.841924,GET,GET /api/v1/reservas,6.345867,200,success,
1789926006.893171,GET,GET /api/v1/reservas,5.871179,200,success,
1789926006.900423,GET,GET /api/v1/reservas,4.979076,200,success,
1789926006.902582,GET,GET /api/v1/reservas,4.480661,200,success,
1789926007.010140,GET,GET /api/v1/reservas,7.152871,200,success,
1789926007.011858,GET,GET /api/v1/reservas/{id},3.993323,200,success,
1789926007.176527,GET,GET /api/v1/reservas/{id},7.233894,200,success,
1789926007.180632,GET,GET /api/v1/reservas,6.027335,200,success,
1789926007.319172,GET,GET /api/v1/reservas/{id},8.185707,200,success,
1789926007.351349,GET,GET /api/v1/reservas,6.808720,200,success,
1789926007.378678,GET,GET /api/v1/reservas,6.930423,200,success,
1789926007.396754,GET,GET /api/v1/reservas,7.673530,200,success,
1789926007.526892,GET,GET /api/v1/reservas,7.651837,200,success,
1789926007.533293,GET,GET /api/v1/reservas/{id},4.205914,200,success,
1789926007.550496,GET,GET /api/v1/reservas,4.944865,200,success,
1789926007.583709,GET,GET /api/v1/reservas/{id},4.005520,200,success,
1789926007.619293,GET,GET /api/v1/reservas,7.250329,200,success,
1789926007.675121,GET,GET /api/v1/reservas/{id},5.555040,200,success,
1789926007.693049,GET,GET /api/v1/reservas/{id},5.709643,200,success,
1789926007.698971,GET,GET /api/v1/reservas,5.672428,200,success,
1789926007.758145,GET,GET /api/v1/reservas,9.751670,200,success,
1789926007.790535,GET,GET /api/v1/reservas,20.152254,200,success,
1789926007.791709,GET,GET /api/v1/reservas,19.186060,200,success,
1789926007.889427,GET,GET /api/v1/reservas,8.933020,200,success,
1789926007.917384,GET,GET /api/v1/reservas,8.543980,200,success,
1789926007.927750,GET,GET /api/v1/reservas/{id},5.126049,200,success,
1789926007.944095,GET,GET /api/v1/reservas/{id},6.080446,200,success,
1789926007.945489,GET,GET /api/v1/reservas,6.571730,200,success,
1789926007.998857,GET,GET /api/v1/reservas/{id},5.159830,200,success,
1789926008.108889,GET,GET /api/v1/reservas,6.655477,200,success,
1789926008.115229,GET,GET /api/v1/reservas,5.036093,200,success,
1789926008.153484,GET,GET /api/v1/reservas/{id},5.033639,200,success,
1789926008.234071,GET,GET /api/v1/reservas/{id},5.304049,200,success,
1789926008.235150,GET,GET /api/v1/reservas/{id},3.572876,200,success,
1789926008.249555,GET,GET /api/v1/reservas/{id},4.217021,200,success,
1789926008.254007,GET,GET /api/v1/reservas,5.077025,200,success,
1789926008.272905,GET,GET /api/v1/reservas,6.552000,200,success,
1789926008.295892,GET,GET /api/v1/reservas,6.646705,200,success,
1789926008.314005,GET,GET /api/v1/reservas,5.813451,200,success,
1789926008.335325,GET,GET /api/v1/reservas,5.998031,200,success,
1789926008.435834,GET,GET /api/v1/reservas,6.113997,200,success,
1789926008.450273,GET,GET /api/v1/reservas,5.125529,200,success,
1789926008.489894,GET,GET /api/v1/reservas,5.341396,200,success,
1789926008.543033,GET,GET /api/v1/reservas,6.766306,200,success,
1789926008.584679,GET,GET /api/v1/reservas,9.278593,200,success,
1789926008.724338,GET,GET /api/v1/reservas/{id},5.298171,200,success,
1789926008.872322,GET,GET /api/v1/reservas/{id},5.626358,200,success,
1789926008.899198,GET,GET /api/v1/reservas,6.533773,200,success,
1789926008.902310,GET,GET /api/v1/reservas,4.906116,200,success,
1789926008.912473,GET,GET /api/v1/reservas/{id},3.983157,200,success,
1789926008.965973,GET,GET /api/v1/reservas,6.178214,200,success,
1789926009.043483,GET,GET /api/v1/reservas,6.108808,200,success,
1789926009.286056,GET,GET /api/v1/reservas,7.098750,200,success,
1789926009.286536,GET,GET /api/v1/reservas,7.153572,200,success,
1789926009.287561,GET,GET /api/v1/reservas/{id},4.492178,200,success,
1789926009.336015,GET,GET /api/v1/reservas/{id},5.186951,200,success,
1789926009.341807,GET,GET /api/v1/reservas/{id},3.606977,200,success,
1789926009.363632,GET,GET /api/v1/reservas,5.499046,200,success,
1789926009.374065,GET,GET /api/v1/reservas,5.115513,200,success,
1789926009.382120,GET,GET /api/v1/reservas,4.718381,200,success,
1789926009.460680,GET,GET /api/v1/reservas,6.219707,200,success,
1789926009.481724,GET,GET /api/v1/reservas,5.758328,200,success,
1789926009.497813,GET,GET /api/v1/reservas/{id},3.896686,200,success,
1789926009.572424,GET,GET /api/v1/reservas,6.238816,200,success,
1789926009.582846,GET,GET /api/v1/reservas,5.103245,200,success,
1789926009.671582,GET,GET /api/v1/reservas,6.344076,200,success,
1789926009.712781,GET,GET /api/v1/reservas/{id},4.977534,200,success,
1789926009.721202,GET,GET /api/v1/reservas,5.391421,200,success,
1789926009.721662,GET,GET /api/v1/reservas,7.648772,200,success,
1789926009.758362,GET,GET /api/v1/reservas/{id},4.517928,200,success,
1789926009.862498,GET,GET /api/v1/reservas,6.789070,200,success,
1789926009.897383,GET,GET /api/v1/reservas,6.054567,200,success,
1789926009.952120,GET,GET /api/v1/reservas,8.134199,200,success,
1789926009.953966,GET,GET /api/v1/reservas,5.249827,200,success,
1789926009.967035,GET,GET /api/v1/reservas/{id},4.844773,200,success,
1789926009.983511,GET,GET /api/v1/reservas/{id},4.268319,200,success,
1789926010.003035,GET,GET /api/v1/reservas,8.193258,200,success,
1789926010.003588,GET,GET /api/v1/reservas,8.304277,200,success,
1789926010.051293,GET,GET /api/v1/reservas/{id},5.468338,200,success,
1789926010.107653,GET,GET /api/v1/reservas/{id},5.095973,200,success,
1789926010.178084,GET,GET /api/v1/reservas/{id},5.317179,200,success,
1789926010.203520,GET,GET /api/v1/reservas,6.132365,200,success,
1789926010.226829,GET,GET /api/v1/reservas,5.986974,200,success,
1789926010.235711,GET,GET /api/v1/reservas/{id},5.636204,200,success,
1789926010.245898,GET,GET /api/v1/reservas,5.874924,200,success,
1789926010.288239,GET,GET /api/v1/reservas,6.049888,200,success,
1789926010.330240,GET,GET /api/v1/reservas/{id},7.744608,200,success,
1789926010.341040,GET,GET /api/v1/reservas,5.513827,200,success,
1789926010.518957,GET,GET /api/v1/reservas,6.474574,200,success,
1789926010.537763,GET,GET /api/v1/reservas,6.524619,200,success,
1789926010.581128,GET,GET /api/v1/reservas,6.008428,200,success,
1789926010.612504,GET,GET /api/v1/reservas/{id},7.139802,200,success,
1789926010.661152,GET,GET /api/v1/reservas,6.273909,200,success,
1789926010.690515,GET,GET /api/v1/reservas,6.074317,200,success,
1789926010.754975,GET,GET /api/v1/reservas,8.063751,200,success,
1789926010.777496,GET,GET /api/v1/reservas,8.107988,200,success,
1789926010.781227,GET,GET /api/v1/reservas,5.778960,200,success,
1789926010.789642,GET,GET /api/v1/reservas,5.801423,200,success,
1789926010.794205,GET,GET /api/v1/reservas,5.391431,200,success,
1789926010.807096,GET,GET /api/v1/reservas,7.601390,200,success,
1789926010.894679,GET,GET /api/v1/reservas,9.964392,200,success,
1789926010.901536,GET,GET /api/v1/reservas,6.553954,200,success,
1789926010.973239,GET,GET /api/v1/reservas,6.359979,200,success,
1789926011.097179,GET,GET /api/v1/reservas,6.496327,200,success,
1789926011.127409,GET,GET /api/v1/reservas,6.864714,200,success,
1789926011.133886,GET,GET /api/v1/reservas/{id},4.273837,200,success,
1789926011.213180,GET,GET /api/v1/reservas,7.095064,200,success,
1789926011.215771,GET,GET /api/v1/reservas,5.809786,200,success,
1789926011.330340,GET,GET /api/v1/reservas,6.176511,200,success,
1789926011.498154,GET,GET /api/v1/reservas,6.370245,200,success,
1789926011.518546,GET,GET /api/v1/reservas,5.105387,200,success,
1789926011.528925,GET,GET /api/v1/reservas,5.094411,200,success,
1789926011.561752,GET,GET /api/v1/reservas,6.508254,200,success,
1789926011.676104,GET,GET /api/v1/reservas,7.159452,200,success,
1789926011.698980,GET,GET /api/v1/reservas,8.351196,200,success,
1789926011.721012,GET,GET /api/v1/reservas,6.620154,200,success,
1789926011.749226,GET,GET /api/v1/reservas,6.868280,200,success,
1789926011.791568,GET,GET /api/v1/reservas,7.000621,200,success,
1789926011.844197,GET,GET /api/v1/reservas,7.249777,200,success,
1789926011.844748,GET,GET /api/v1/reservas,5.926192,200,success,
1789926011.846705,GET,GET /api/v1/reservas,6.186295,200,success,
1789926011.857548,GET,GET /api/v1/reservas/{id},3.683944,200,success,
1789926011.938065,GET,GET /api/v1/reservas,6.727006,200,success,
1789926011.962237,GET,GET /api/v1/reservas/{id},4.952807,200,success,
1789926011.964276,GET,GET /api/v1/reservas/{id},4.205534,200,success,
1789926012.046960,GET,GET /api/v1/reservas/{id},5.404410,200,success,
1789926012.072814,GET,GET /api/v1/reservas/{id},6.567823,200,success,
1789926012.074073,GET,GET /api/v1/reservas,5.388327,200,success,
1789926012.110767,GET,GET /api/v1/reservas/{id},5.434788,200,success,
1789926012.231249,GET,GET /api/v1/reservas/{id},5.296848,200,success,
1789926012.260534,GET,GET /api/v1/reservas,5.935766,200,success,
1789926012.296862,GET,GET /api/v1/reservas,7.025418,200,success,
1789926012.414039,GET,GET /api/v1/reservas/{id},6.824684,200,success,
1789926012.441323,GET,GET /api/v1/reservas,8.372099,200,success,
1789926012.468595,GET,GET /api/v1/reservas,7.831360,200,success,
1789926012.494394,GET,GET /api/v1/reservas,7.417643,200,success,
1789926012.535080,GET,GET /api/v1/reservas,7.284912,200,success,
1789926012.563791,GET,GET /api/v1/reservas,7.324610,200,success,
1789926012.590901,GET,GET /api/v1/reservas,6.739304,200,success,
1789926012.614143,GET,GET /api/v1/reservas,6.843181,200,success,
1789926012.679708,GET,GET /api/v1/reservas/{id},5.291901,200,success,
1789926012.717641,GET,GET /api/v1/reservas,6.603378,200,success,
1789926012.746188,GET,GET /api/v1/reservas/{id},5.298641,200,success,
1789926012.813601,GET,GET /api/v1/reservas/{id},6.132975,200,success,
1789926012.826353,GET,GET /api/v1/reservas,6.455775,200,success,
1789926012.839629,GET,GET /api/v1/reservas,5.952302,200,success,
1789926012.858652,GET,GET /api/v1/reservas,6.696930,200,success,
1789926012.892216,GET,GET /api/v1/reservas/{id},5.274385,200,success,
1789926012.920243,GET,GET /api/v1/reservas,6.642879,200,success,
1789926012.995818,GET,GET /api/v1/reservas,6.221890,200,success,
1789926013.029864,GET,GET /api/v1/reservas,6.699184,200,success,
1789926013.049015,GET,GET /api/v1/reservas,6.816781,200,success,
1789926013.072543,GET,GET /api/v1/reservas,6.222401,200,success,
1789926013.086561,GET,GET /api/v1/reservas,5.740902,200,success,
1789926013.130252,GET,GET /api/v1/reservas,6.365929,200,success,
1789926013.176541,GET,GET /api/v1/reservas/{id},5.272672,200,success,
1789926013.184944,GET,GET /api/v1/reservas,5.076193,200,success,
1789926013.235864,GET,GET /api/v1/reservas,6.538730,200,success,
1789926013.239127,GET,GET /api/v1/reservas,4.986278,200,success,
1789926013.278067,GET,GET /api/v1/reservas/{id},5.657445,200,success,
1789926013.288970,GET,GET /api/v1/reservas,5.589592,200,success,
1789926013.372657,GET,GET /api/v1/reservas,14.689514,200,success,
1789926013.437610,GET,GET /api/v1/reservas,6.583549,200,success,
1789926013.492353,GET,GET /api/v1/reservas,6.414161,200,success,
1789926013.519576,GET,GET /api/v1/reservas/{id},4.979849,200,success,
1789926013.537814,GET,GET /api/v1/reservas,5.967555,200,success,
1789926013.648913,GET,GET /api/v1/reservas,7.688863,200,success,
1789926013.731213,GET,GET /api/v1/reservas,7.860283,200,success,
1789926013.737457,GET,GET /api/v1/reservas,5.979302,200,success,
1789926013.781922,GET,GET /api/v1/reservas,8.138356,200,success,
1789926013.786914,GET,GET /api/v1/reservas/{id},3.822013,200,success,
1789926013.794545,GET,GET /api/v1/reservas,4.377756,200,success,
1789926013.957471,GET,GET /api/v1/reservas,5.986103,200,success,
1789926013.961558,GET,GET /api/v1/reservas,5.295987,200,success,
1789926013.994036,GET,GET /api/v1/reservas,5.165799,200,success,
1789926014.080512,GET,GET /api/v1/reservas/{id},5.204389,200,success,
1789926014.144234,GET,GET /api/v1/reservas,6.334752,200,success,
1789926014.199036,GET,GET /api/v1/reservas,5.701240,200,success,
1789926014.217639,GET,GET /api/v1/reservas,5.335527,200,success,
1789926014.250659,GET,GET /api/v1/reservas,6.669699,200,success,
1789926014.298167,GET,GET /api/v1/reservas,7.160262,200,success,
1789926014.345935,GET,GET /api/v1/reservas,6.402864,200,success,
1789926014.360539,GET,GET /api/v1/reservas/{id},4.362812,200,success,
1789926014.419337,GET,GET /api/v1/reservas,6.501414,200,success,
1789926014.454885,GET,GET /api/v1/reservas,6.205376,200,success,
1789926014.470088,GET,GET /api/v1/reservas/{id},4.013333,200,success,
1789926014.489455,GET,GET /api/v1/reservas,5.072679,200,success,
1789926014.502041,GET,GET /api/v1/reservas,4.736438,200,success,
1789926014.502424,GET,GET /api/v1/reservas,5.748283,200,success,
1789926014.543151,GET,GET /api/v1/reservas/{id},5.492396,200,success,
1789926014.547657,GET,GET /api/v1/reservas,6.067976,200,success,
1789926014.577592,GET,GET /api/v1/reservas,6.582757,200,success,
1789926014.579448,GET,GET /api/v1/reservas/{id},4.682646,200,success,
1789926014.583482,GET,GET /api/v1/reservas,4.589306,200,success,
1789926014.595399,GET,GET /api/v1/reservas,4.654314,200,success,
1789926014.762928,GET,GET /api/v1/reservas/{id},5.162375,200,success,
1789926014.812432,GET,GET /api/v1/reservas,6.162480,200,success,
1789926014.839846,GET,GET /api/v1/reservas/{id},5.169726,200,success,
1789926015.012203,GET,GET /api/v1/reservas,6.138724,200,success,
1789926015.012679,GET,GET /api/v1/reservas,7.420288,200,success,
1789926015.033092,GET,GET /api/v1/reservas,6.108870,200,success,
1789926015.033999,GET,GET /api/v1/reservas/{id},4.334791,200,success,
1789926015.068098,GET,GET /api/v1/reservas,5.763856,200,success,
1789926015.098200,GET,GET /api/v1/reservas/{id},4.864483,200,success,
1789926015.284168,GET,GET /api/v1/reservas,6.673294,200,success,
1789926015.306069,GET,GET /api/v1/reservas,6.548986,200,success,
1789926015.361342,GET,GET /api/v1/reservas/{id},8.988263,200,success,
1789926015.400359,GET,GET /api/v1/reservas,6.667726,200,success,
1789926015.451802,GET,GET /api/v1/reservas/{id},7.174795,200,success,
1789926015.469656,GET,GET /api/v1/reservas,8.471390,200,success,
1789926015.470930,GET,GET /api/v1/reservas,6.391297,200,success,
1789926015.568842,GET,GET /api/v1/reservas,10.534145,200,success,
1789926015.641629,GET,GET /api/v1/reservas,6.382995,200,success,
1789926015.668586,GET,GET /api/v1/reservas,5.621370,200,success,
1789926015.683452,GET,GET /api/v1/reservas,4.593101,200,success,
1789926015.698601,GET,GET /api/v1/reservas,4.870632,200,success,
1789926015.738492,GET,GET /api/v1/reservas,5.586356,200,success,
1789926015.844340,GET,GET /api/v1/reservas,6.144152,200,success,
1789926015.853250,GET,GET /api/v1/reservas/{id},3.727059,200,success,
1789926015.886305,GET,GET /api/v1/reservas,5.732569,200,success,
1789926015.917950,GET,GET /api/v1/reservas,6.337717,200,success,
1789926015.918669,GET,GET /api/v1/reservas,5.250328,200,success,
1789926015.947405,GET,GET /api/v1/reservas/{id},4.538720,200,success,
1789926015.948019,GET,GET /api/v1/reservas/{id},3.471042,200,success,
1789926015.984327,GET,GET /api/v1/reservas,5.011755,200,success,
1789926015.991644,GET,GET /api/v1/reservas,4.072543,200,success,
1789926016.028802,GET,GET /api/v1/reservas/{id},4.568283,200,success,
1789926016.029704,GET,GET /api/v1/reservas,5.781813,200,success,
1789926016.128695,GET,GET /api/v1/reservas,6.643610,200,success,
1789926016.136002,GET,GET /api/v1/reservas/{id},4.096580,200,success,
1789926016.180599,GET,GET /api/v1/reservas/{id},4.606712,200,success,
1789926016.182510,GET,GET /api/v1/reservas,4.730730,200,success,
1789926016.204715,GET,GET /api/v1/reservas,4.911934,200,success,
1789926016.259299,GET,GET /api/v1/reservas,6.281250,200,success,
1789926016.313939,GET,GET /api/v1/reservas/{id},7.543043,200,success,
1789926016.314560,GET,GET /api/v1/reservas,7.594251,200,success,
1789926016.315052,GET,GET /api/v1/reservas,7.820954,200,success,
1789926016.350926,GET,GET /api/v1/reservas/{id},9.612220,200,success,
1789926016.441149,GET,GET /api/v1/reservas,7.646379,200,success,
1789926016.530248,GET,GET /api/v1/reservas,9.591317,200,success,
1789926016.537017,GET,GET /api/v1/reservas,6.488724,200,success,
1789926016.557358,GET,GET /api/v1/reservas/{id},6.105254,200,success,
1789926016.561840,GET,GET /api/v1/reservas,5.496971,200,success,
1789926016.630364,GET,GET /api/v1/reservas,7.139120,200,success,
1789926016.724931,GET,GET /api/v1/reservas,6.158774,200,success,
1789926016.784141,GET,GET /api/v1/reservas,5.848214,200,success,
1789926016.842257,GET,GET /api/v1/reservas,5.805449,200,success,
1789926016.984742,GET,GET /api/v1/reservas,6.038332,200,success,
1789926016.995780,GET,GET /api/v1/reservas,5.751287,200,success,
1789926017.044678,GET,GET /api/v1/reservas,6.141338,200,success,
1789926017.045092,GET,GET /api/v1/reservas,7.002352,200,success,
1789926017.052557,GET,GET /api/v1/reservas,4.249511,200,success,
1789926017.070605,GET,GET /api/v1/reservas,4.762309,200,success,
1789926017.118335,GET,GET /api/v1/reservas,6.402915,200,success,
1789926017.129606,GET,GET /api/v1/reservas,4.966627,200,success,
1789926017.147945,GET,GET /api/v1/reservas,5.029994,200,success,
1789926017.157849,GET,GET /api/v1/reservas,4.606131,200,success,
1789926017.175789,GET,GET /api/v1/reservas,4.931655,200,success,
1789926017.208663,GET,GET /api/v1/reservas,6.585081,200,success,
1789926017.221132,GET,GET /api/v1/reservas,7.109816,200,success,
1789926017.284496,GET,GET /api/v1/reservas,5.999473,200,success,
1789926017.331286,GET,GET /api/v1/reservas,6.466420,200,success,
1789926017.348187,GET,GET /api/v1/reservas,7.528750,200,success,
1789926017.456976,GET,GET /api/v1/reservas/{id},5.441327,200,success,
1789926017.461966,GET,GET /api/v1/reservas/{id},3.769944,200,success,
1789926017.471053,GET,GET /api/v1/reservas,4.774337,200,success,
1789926017.541614,GET,GET /api/v1/reservas,8.199417,200,success,
1789926017.541816,GET,GET /api/v1/reservas,7.863378,200,success,
1789926017.567348,GET,GET /api/v1/reservas,8.182863,200,success,
1789926017.588511,GET,GET /api/v1/reservas,8.709871,200,success,
1789926017.645788,GET,GET /api/v1/reservas/{id},6.451738,200,success,
1789926017.647490,GET,GET /api/v1/reservas/{id},8.718053,200,success,
1789926017.664784,GET,GET /api/v1/reservas,6.905526,200,success,
1789926017.743342,GET,GET /api/v1/reservas,6.225095,200,success,
1789926017.787296,GET,GET /api/v1/reservas,5.658145,200,success,
1789926017.884910,GET,GET /api/v1/reservas,6.197944,200,success,
1789926017.891925,GET,GET /api/v1/reservas,5.734953,200,success,
1789926017.901676,GET,GET /api/v1/reservas/{id},3.579415,200,success,
1789926017.962763,GET,GET /api/v1/reservas/{id},6.854158,200,success,
1789926018.038669,GET,GET /api/v1/reservas/{id},5.594009,200,success,
1789926018.139062,GET,GET /api/v1/reservas,15.851945,200,success,
1789926018.207333,GET,GET /api/v1/reservas,7.981026,200,success,
1789926018.307461,GET,GET /api/v1/reservas,6.716139,200,success,
1789926018.321144,GET,GET /api/v1/reservas,6.381532,200,success,
1789926018.357877,GET,GET /api/v1/reservas,6.398938,200,success,
1789926018.511647,GET,GET /api/v1/reservas/{id},5.410572,200,success,
1789926018.586466,GET,GET /api/v1/reservas,6.443536,200,success,
1789926018.604033,GET,GET /api/v1/reservas/{id},4.355761,200,success,
1789926018.607215,GET,GET /api/v1/reservas/{id},3.909555,200,success,
1789926018.683172,GET,GET /api/v1/reservas,6.618772,200,success,
1789926018.715446,GET,GET /api/v1/reservas,7.946333,200,success,
1789926018.754375,GET,GET /api/v1/reservas,6.068869,200,success,
1789926018.754788,GET,GET /api/v1/reservas,7.042485,200,success,
1789926018.851716,GET,GET /api/v1/reservas,7.555642,200,success,
1789926018.854066,GET,GET /api/v1/reservas,4.987178,200,success,
1789926018.872156,GET,GET /api/v1/reservas,5.833992,200,success,
1789926018.889550,GET,GET /api/v1/reservas,5.087491,200,success,
1789926018.915426,GET,GET /api/v1/reservas,9.548722,200,success,
1789926018.972893,GET,GET /api/v1/reservas/{id},5.212230,200,success,
1789926018.973973,GET,GET /api/v1/reservas,5.714812,200,success,
1789926019.085102,GET,GET /api/v1/reservas,6.731633,200,success,
1789926019.222441,GET,GET /api/v1/reservas/{id},5.200763,200,success,
1789926019.241783,GET,GET /api/v1/reservas,8.037552,200,success,
1789926019.246756,GET,GET /api/v1/reservas/{id},3.791076,200,success,
1789926019.261079,GET,GET /api/v1/reservas,5.003644,200,success,
1789926019.302046,GET,GET /api/v1/reservas,5.650554,200,success,
1789926019.310078,GET,GET /api/v1/reservas,4.719533,200,success,
1789926019.332700,GET,GET /api/v1/reservas,6.284074,200,success,
1789926019.365418,GET,GET /api/v1/reservas,6.374973,200,success,
1789926019.372010,GET,GET /api/v1/reservas,5.309607,200,success,
1789926019.376918,GET,GET /api/v1/reservas/{id},3.721741,200,success,
1789926019.404792,GET,GET /api/v1/reservas,5.562741,200,success,
1789926019.462574,GET,GET /api/v1/reservas,6.426690,200,success,
1789926019.596093,GET,GET /api/v1/reservas/{id},5.195955,200,success,
1789926019.624040,GET,GET /api/v1/reservas,5.610284,200,success,
1789926019.641762,GET,GET /api/v1/reservas,5.410280,200,success,
1789926019.690609,GET,GET /api/v1/reservas,6.497197,200,success,
1789926019.691505,GET,GET /api/v1/reservas,5.663434,200,success,
1789926019.732205,GET,GET /api/v1/reservas,6.405719,200,success,
1789926019.783006,GET,GET /api/v1/reservas,5.480436,200,success,
1789926019.788917,GET,GET /api/v1/reservas,4.654506,200,success,
1789926019.822537,GET,GET /api/v1/reservas,6.302472,200,success,
1789926019.824504,GET,GET /api/v1/reservas,5.559746,200,success,
1789926019.837173,GET,GET /api/v1/reservas,5.412824,200,success,
1789926019.853355,GET,GET /api/v1/reservas,5.910678,200,success,
1789926019.897786,GET,GET /api/v1/reservas/{id},5.684246,200,success,
1789926019.920578,GET,GET /api/v1/reservas,6.455203,200,success,
1789926019.949478,GET,GET /api/v1/reservas,6.575735,200,success,
1789926019.962140,GET,GET /api/v1/reservas,5.337449,200,success,
1789926019.973296,GET,GET /api/v1/reservas,5.857279,200,success,
1789926019.992899,GET,GET /api/v1/reservas,7.217440,200,success,
1789926020.084187,GET,GET /api/v1/reservas,6.977696,200,success,
1789926020.105474,GET,GET /api/v1/reservas/{id},4.999508,200,success,
1789926020.179047,GET,GET /api/v1/reservas,6.345688,200,success,
1789926020.208243,GET,GET /api/v1/reservas/{id},4.009288,200,success,
1789926020.247734,GET,GET /api/v1/reservas/{id},4.323764,200,success,
1789926020.294101,GET,GET /api/v1/reservas,6.981472,200,success,
1789926020.430856,GET,GET /api/v1/reservas/{id},5.408357,200,success,
1789926020.441356,GET,GET /api/v1/reservas,6.165896,200,success,
1789926020.453204,GET,GET /api/v1/reservas,6.507764,200,success,
1789926020.499950,GET,GET /api/v1/reservas,6.397726,200,success,
1789926020.521856,GET,GET /api/v1/reservas,5.605336,200,success,
1789926020.552316,GET,GET /api/v1/reservas/{id},4.235440,200,success,
1789926020.644230,GET,GET /api/v1/reservas/{id},5.623043,200,success,
1789926020.678301,GET,GET /api/v1/reservas,6.737682,200,success,
1789926020.715820,GET,GET /api/v1/reservas,7.160484,200,success,
1789926020.722437,GET,GET /api/v1/reservas,6.386610,200,success,
1789926020.727932,GET,GET /api/v1/reservas,6.362273,200,success,
1789926020.750434,GET,GET /api/v1/reservas,6.159075,200,success,
1789926020.850470,GET,GET /api/v1/reservas,6.237024,200,success,
1789926020.871964,GET,GET /api/v1/reservas,6.181158,200,success,
1789926020.879218,GET,GET /api/v1/reservas,4.944934,200,success,
1789926020.921361,GET,GET /api/v1/reservas/{id},4.903471,200,success,
1789926020.957543,GET,GET /api/v1/reservas,5.869766,200,success,
1789926020.977323,GET,GET /api/v1/reservas,5.504853,200,success,
1789926021.081582,GET,GET /api/v1/reservas,8.317867,200,success,
1789926021.103234,GET,GET /api/v1/reservas,7.260204,200,success,
1789926021.121246,GET,GET /api/v1/reservas/{id},6.762069,200,success,
1789926021.186041,GET,GET /api/v1/reservas,9.123969,200,success,
1789926021.226139,GET,GET /api/v1/reservas,8.597922,200,success,
1789926021.276141,GET,GET /api/v1/reservas,7.638918,200,success,
1789926021.282048,GET,GET /api/v1/reservas/{id},6.887830,200,success,
1789926021.358562,GET,GET /api/v1/reservas/{id},5.240413,200,success,
1789926021.398727,GET,GET /api/v1/reservas,5.867623,200,success,
1789926021.481816,GET,GET /api/v1/reservas,6.684040,200,success,
1789926021.491496,GET,GET /api/v1/reservas,5.391291,200,success,
1789926021.524460,GET,GET /api/v1/reservas,6.617549,200,success,
1789926021.656430,GET,GET /api/v1/reservas,6.540713,200,success,
1789926021.668752,GET,GET /api/v1/reservas/{id},5.098077,200,success,
1789926021.710821,GET,GET /api/v1/reservas,9.715004,200,success,
1789926021.829329,GET,GET /api/v1/reservas,7.033931,200,success,
1789926021.899355,GET,GET /api/v1/reservas,6.162751,200,success,
1789926021.911488,GET,GET /api/v1/reservas,9.799844,200,success,
1789926021.967151,GET,GET /api/v1/reservas,6.268070,200,success,
1789926021.987291,GET,GET /api/v1/reservas,5.841183,200,success,
1789926022.026858,GET,GET /api/v1/reservas,7.256508,200,success,
1789926022.031397,GET,GET /api/v1/reservas,5.353775,200,success,
1789926022.066573,GET,GET /api/v1/reservas,5.854804,200,success,
1789926022.085418,GET,GET /api/v1/reservas,5.153091,200,success,
1789926022.085810,GET,GET /api/v1/reservas,5.993373,200,success,
1789926022.159481,GET,GET /api/v1/reservas,6.313730,200,success,
1789926022.223584,GET,GET /api/v1/reservas,6.904396,200,success,
1789926022.248772,GET,GET /api/v1/reservas,5.838990,200,success,
1789926022.258838,GET,GET /api/v1/reservas,4.799294,200,success,
1789926022.289762,GET,GET /api/v1/reservas,5.622823,200,success,
1789926022.353843,GET,GET /api/v1/reservas,7.717417,200,success,
1789926022.396076,GET,GET /api/v1/reservas,5.902056,200,success,
1789926022.444419,GET,GET /api/v1/reservas,5.992051,200,success,
1789926022.460150,GET,GET /api/v1/reservas/{id},4.522895,200,success,
1789926022.460931,GET,GET /api/v1/reservas,4.836250,200,success,
1789926022.647343,GET,GET /api/v1/reservas,8.724433,200,success,
1789926022.672469,GET,GET /api/v1/reservas,9.754395,200,success,
1789926022.675074,GET,GET /api/v1/reservas,8.003691,200,success,
1789926022.708688,GET,GET /api/v1/reservas/{id},5.401126,200,success,
1789926022.746652,GET,GET /api/v1/reservas,10.586745,200,success,
1789926022.876531,GET,GET /api/v1/reservas,8.416125,200,success,
1789926022.885130,GET,GET /api/v1/reservas/{id},6.416225,200,success,
1789926022.900952,GET,GET /api/v1/reservas,5.507898,200,success,
1789926022.919781,GET,GET /api/v1/reservas,5.509640,200,success,
1789926022.947007,GET,GET /api/v1/reservas/{id},4.015756,200,success,
1789926022.962768,GET,GET /api/v1/reservas/{id},3.622250,200,success,
1789926022.997010,GET,GET /api/v1/reservas/{id},4.038029,200,success,
1789926023.054663,GET,GET /api/v1/reservas/{id},5.447828,200,success,
1789926023.057766,GET,GET /api/v1/reservas,5.570312,200,success,
1789926023.059425,GET,GET /api/v1/reservas,5.488248,200,success,
1789926023.104271,GET,GET /api/v1/reservas,5.527668,200,success,
1789926023.125342,GET,GET /api/v1/reservas,5.741933,200,success,
1789926023.158203,GET,GET /api/v1/reservas,5.525384,200,success,
1789926023.284567,GET,GET /api/v1/reservas/{id},4.326777,200,success,
1789926023.285410,GET,GET /api/v1/reservas,21.065839,200,success,
1789926023.341218,GET,GET /api/v1/reservas,6.486972,200,success,
1789926023.417889,GET,GET /api/v1/reservas,6.312909,200,success,
1789926023.439440,GET,GET /api/v1/reservas,6.194019,200,success,
1789926023.443574,GET,GET /api/v1/reservas,5.555049,200,success,
1789926023.469339,GET,GET /api/v1/reservas/{id},9.498347,200,success,
1789926023.511915,GET,GET /api/v1/reservas,6.233207,200,success,
1789926023.525868,GET,GET /api/v1/reservas,5.642412,200,success,
1789926023.528690,GET,GET /api/v1/reservas,4.767296,200,success,
1789926023.640255,GET,GET /api/v1/reservas/{id},5.322257,200,success,
1789926023.660585,GET,GET /api/v1/reservas/{id},5.079018,200,success,
1789926023.673151,GET,GET /api/v1/reservas,5.290689,200,success,
1789926023.689242,GET,GET /api/v1/reservas,5.812829,200,success,
1789926023.751877,GET,GET /api/v1/reservas,7.249187,200,success,
1789926023.752017,GET,GET /api/v1/reservas/{id},8.505602,200,success,
1789926023.813763,GET,GET /api/v1/reservas,6.402403,200,success,
1789926023.857203,GET,GET /api/v1/reservas,6.073986,200,success,
1789926023.898433,GET,GET /api/v1/reservas,5.477372,200,success,
1789926023.911552,GET,GET /api/v1/reservas,4.807607,200,success,
1789926023.943229,GET,GET /api/v1/reservas,6.353820,200,success,
1789926023.964516,GET,GET /api/v1/reservas,6.968602,200,success,
1789926023.989007,GET,GET /api/v1/reservas,7.102505,200,success,
1789926024.070244,GET,GET /api/v1/reservas,6.820337,200,success,
1789926024.075506,GET,GET /api/v1/reservas/{id},4.035948,200,success,
1789926024.249815,GET,GET /api/v1/reservas/{id},6.091493,200,success,
1789926024.275609,GET,GET /api/v1/reservas,5.496731,200,success,
1789926024.293951,GET,GET /api/v1/reservas,5.065617,200,success,
1789926024.331760,GET,GET /api/v1/reservas,6.480383,200,success,
1789926024.390169,GET,GET /api/v1/reservas/{id},5.149525,200,success,
1789926024.423810,GET,GET /api/v1/reservas/{id},4.406497,200,success,
1789926024.451869,GET,GET /api/v1/reservas,5.708101,200,success,
1789926024.485620,GET,GET /api/v1/reservas,6.442404,200,success,
1789926024.490243,GET,GET /api/v1/reservas,5.397511,200,success,
1789926024.501425,GET,GET /api/v1/reservas,4.915119,200,success,
1789926024.516845,GET,GET /api/v1/reservas,6.100355,200,success,
1789926024.524115,GET,GET /api/v1/reservas/{id},4.066174,200,success,
1789926024.615977,GET,GET /api/v1/reservas,6.505741,200,success,
1789926024.713375,GET,GET /api/v1/reservas,6.980179,200,success,
1789926024.757714,GET,GET /api/v1/reservas,6.005342,200,success,
1789926024.795504,GET,GET /api/v1/reservas/{id},4.572320,200,success,
1789926024.908069,GET,GET /api/v1/reservas/{id},6.265405,200,success,
1789926024.917223,GET,GET /api/v1/reservas/{id},6.812795,200,success,
1789926024.961875,GET,GET /api/v1/reservas,6.289543,200,success,
1789926025.047963,GET,GET /api/v1/reservas,6.701867,200,success,
1789926025.092911,GET,GET /api/v1/reservas/{id},4.671019,200,success,
1789926025.110690,GET,GET /api/v1/reservas,7.468810,200,success,
1789926025.120706,GET,GET /api/v1/reservas/{id},4.799585,200,success,
1789926025.122588,GET,GET /api/v1/reservas/{id},3.893401,200,success,
1789926025.166096,GET,GET /api/v1/reservas,7.170979,200,success,
1789926025.217654,GET,GET /api/v1/reservas/{id},5.540227,200,success,
1789926025.256131,GET,GET /api/v1/reservas/{id},5.190197,200,success,
1789926025.304418,GET,GET /api/v1/reservas,6.903974,200,success,
1789926025.304868,GET,GET /api/v1/reservas,5.586517,200,success,
1789926025.323834,GET,GET /api/v1/reservas,6.684070,200,success,
1789926025.400889,GET,GET /api/v1/reservas,6.686495,200,success,
1789926025.446013,GET,GET /api/v1/reservas,6.730982,200,success,
1789926025.504416,GET,GET /api/v1/reservas/{id},5.137257,200,success,
1789926025.520323,GET,GET /api/v1/reservas,5.622322,200,success,
1789926025.553556,GET,GET /api/v1/reservas/{id},4.999557,200,success,
1789926025.579502,GET,GET /api/v1/reservas,5.644926,200,success,
1789926025.620076,GET,GET /api/v1/reservas/{id},5.301705,200,success,
1789926025.640322,GET,GET /api/v1/reservas/{id},5.994697,200,success,
1789926025.677241,GET,GET /api/v1/reservas,7.520929,200,success,
1789926025.752979,GET,GET /api/v1/reservas/{id},6.422344,200,success,
1789926025.773074,GET,GET /api/v1/reservas,8.745455,200,success,
1789926025.816747,GET,GET /api/v1/reservas,10.659666,200,success,
1789926025.861938,GET,GET /api/v1/reservas,6.846477,200,success,
1789926025.884298,GET,GET /api/v1/reservas,9.040172,200,success,
1789926025.884724,GET,GET /api/v1/reservas,6.616758,200,success,
1789926025.903554,GET,GET /api/v1/reservas,7.117599,200,success,
1789926025.905602,GET,GET /api/v1/reservas,5.274475,200,success,
1789926025.972404,GET,GET /api/v1/reservas,7.370792,200,success,
1789926026.034763,GET,GET /api/v1/reservas/{id},5.120761,200,success,
1789926026.063545,GET,GET /api/v1/reservas,5.466756,200,success,
1789926026.137120,GET,GET /api/v1/reservas,6.188939,200,success,
1789926026.152670,GET,GET /api/v1/reservas,5.240072,200,success,
1789926026.196824,GET,GET /api/v1/reservas,6.033215,200,success,
1789926026.235491,GET,GET /api/v1/reservas,6.330374,200,success,
1789926026.247401,GET,GET /api/v1/reservas/{id},4.925935,200,success,
1789926026.248225,GET,GET /api/v1/reservas,7.438634,200,success,
1789926026.251398,GET,GET /api/v1/reservas,5.093550,200,success,
1789926026.261084,GET,GET /api/v1/reservas,5.373825,200,success,
1789926026.279937,GET,GET /api/v1/reservas,5.563502,200,success,
1789926026.357773,GET,GET /api/v1/reservas,6.433630,200,success,
1789926026.448909,GET,GET /api/v1/reservas,6.694166,200,success,
1789926026.450583,GET,GET /api/v1/reservas/{id},4.665761,200,success,
1789926026.451444,GET,GET /api/v1/reservas,5.044656,200,success,
1789926026.670146,GET,GET /api/v1/reservas,7.165690,200,success,
1789926026.698868,GET,GET /api/v1/reservas/{id},7.470653,200,success,
1789926026.702874,GET,GET /api/v1/reservas,7.962920,200,success,
1789926026.708219,GET,GET /api/v1/reservas,6.147547,200,success,
1789926026.723501,GET,GET /api/v1/reservas,9.976470,200,success,
1789926026.727149,GET,GET /api/v1/reservas,8.244035,200,success,
1789926026.826828,GET,GET /api/v1/reservas,7.243489,200,success,
1789926026.868657,GET,GET /api/v1/reservas/{id},6.533674,200,success,
1789926026.912244,GET,GET /api/v1/reservas,9.240496,200,success,
1789926027.052210,GET,GET /api/v1/reservas,6.499930,200,success,
1789926027.062356,GET,GET /api/v1/reservas/{id},4.901349,200,success,
1789926027.065045,GET,GET /api/v1/reservas/{id},3.872670,200,success,
1789926027.069475,GET,GET /api/v1/reservas,5.033819,200,success,
1789926027.081048,GET,GET /api/v1/reservas,4.291995,200,success,
1789926027.096505,GET,GET /api/v1/reservas,5.189667,200,success,
1789926027.145922,GET,GET /api/v1/reservas,6.084423,200,success,
1789926027.177442,GET,GET /api/v1/reservas/{id},4.298595,200,success,
1789926027.193066,GET,GET /api/v1/reservas,5.338071,200,success,
1789926027.219539,GET,GET /api/v1/reservas,6.095758,200,success,
1789926027.284227,GET,GET /api/v1/reservas/{id},5.420757,200,success,
1789926027.547765,GET,GET /api/v1/reservas,6.952868,200,success,
1789926027.548240,GET,GET /api/v1/reservas,6.984787,200,success,
1789926027.556736,GET,GET /api/v1/reservas/{id},4.319687,200,success,
1789926027.602179,GET,GET /api/v1/reservas,6.092185,200,success,
1789926027.626422,GET,GET /api/v1/reservas,6.893739,200,success,
1789926027.648085,GET,GET /api/v1/reservas/{id},4.450595,200,success,
1789926027.653926,GET,GET /api/v1/reservas,4.603246,200,success,
1789926027.693574,GET,GET /api/v1/reservas/{id},6.457287,200,success,
1789926027.810831,GET,GET /api/v1/reservas/{id},4.924865,200,success,
1789926027.811948,GET,GET /api/v1/reservas,8.736182,200,success,
1789926027.827849,GET,GET /api/v1/reservas/{id},6.644090,200,success,
1789926027.875709,GET,GET /api/v1/reservas,8.395094,200,success,
1789926027.876252,GET,GET /api/v1/reservas,10.946551,200,success,
1789926027.886615,GET,GET /api/v1/reservas,6.065544,200,success,
1789926027.976848,GET,GET /api/v1/reservas/{id},8.103692,200,success,
1789926028.068355,GET,GET /api/v1/reservas/{id},5.220693,200,success,
1789926028.068830,GET,GET /api/v1/reservas/{id},5.279773,200,success,
1789926028.085788,GET,GET /api/v1/reservas,4.751772,200,success,
1789926028.120149,GET,GET /api/v1/reservas,6.031893,200,success,
1789926028.147833,GET,GET /api/v1/reservas,5.327575,200,success,
1789926028.222080,GET,GET /api/v1/reservas/{id},5.193441,200,success,
1789926028.233810,GET,GET /api/v1/reservas,5.443040,200,success,
1789926028.275694,GET,GET /api/v1/reservas,7.498665,200,success,
1789926028.290554,GET,GET /api/v1/reservas/{id},5.652678,200,success,
1789926028.306496,GET,GET /api/v1/reservas/{id},5.738608,200,success,
1789926028.351770,GET,GET /api/v1/reservas/{id},6.020475,200,success,
1789926028.389030,GET,GET /api/v1/reservas,7.833062,200,success,
1789926028.394806,GET,GET /api/v1/reservas,6.756971,200,success,
1789926028.399805,GET,GET /api/v1/reservas/{id},4.869530,200,success,
1789926028.446194,GET,GET /api/v1/reservas,9.024268,200,success,
1789926028.570422,GET,GET /api/v1/reservas,6.908821,200,success,
1789926028.599951,GET,GET /api/v1/reservas,6.166917,200,success,
1789926028.656801,GET,GET /api/v1/reservas,6.475634,200,success,
1789926028.670998,GET,GET /api/v1/reservas,5.883959,200,success,
1789926028.720087,GET,GET /api/v1/reservas,6.704602,200,success,
1789926028.789772,GET,GET /api/v1/reservas,6.325838,200,success,
1789926028.863825,GET,GET /api/v1/reservas,6.697330,200,success,
1789926029.080429,GET,GET /api/v1/reservas,6.071943,200,success,
1789926029.092479,GET,GET /api/v1/reservas/{id},3.842713,200,success,
1789926029.167043,GET,GET /api/v1/reservas,6.146686,200,success,
1789926029.174416,GET,GET /api/v1/reservas,5.062052,200,success,
1789926029.176751,GET,GET /api/v1/reservas,4.812904,200,success,
1789926029.178432,GET,GET /api/v1/reservas,4.868859,200,success,
1789926029.213221,GET,GET /api/v1/reservas,5.677344,200,success,
1789926029.213667,GET,GET /api/v1/reservas,4.527511,200,success,
1789926029.231012,GET,GET /api/v1/reservas,5.075142,200,success,
1789926029.235866,GET,GET /api/v1/reservas,4.646463,200,success,
1789926029.332730,GET,GET /api/v1/reservas/{id},5.585406,200,success,
1789926029.420938,GET,GET /api/v1/reservas,6.854558,200,success,
1789926029.501098,GET,GET /api/v1/reservas,6.704753,200,success,
1789926029.503914,GET,GET /api/v1/reservas,5.678086,200,success,
1789926029.567235,GET,GET /api/v1/reservas/{id},6.076550,200,success,
1789926029.567602,GET,GET /api/v1/reservas/{id},5.994926,200,success,
1789926029.588942,GET,GET /api/v1/reservas/{id},4.159375,200,success,
1789926029.628034,GET,GET /api/v1/reservas,6.733396,200,success,
1789926029.781961,GET,GET /api/v1/reservas,6.474953,200,success,
1789926029.892604,GET,GET /api/v1/reservas,7.193463,200,success,
1789926029.893024,GET,GET /api/v1/reservas,5.870679,200,success,
1789926029.916749,GET,GET /api/v1/reservas/{id},4.550587,200,success,
1789926030.016689,GET,GET /api/v1/reservas,10.492833,200,success,
1789926030.020494,GET,GET /api/v1/reservas,10.306021,200,success,
1789926030.021531,GET,GET /api/v1/reservas,8.163953,200,success,
1789926030.054802,GET,GET /api/v1/reservas,8.938888,200,success,
1789926030.074483,GET,GET /api/v1/reservas/{id},4.470275,200,success,
1789926030.081213,GET,GET /api/v1/reservas/{id},3.543952,200,success,
1789926030.093948,GET,GET /api/v1/reservas/{id},3.570833,200,success,
1789926030.123100,GET,GET /api/v1/reservas,5.795413,200,success,
1789926030.199524,GET,GET /api/v1/reservas,7.032418,200,success,
1789926030.223460,GET,GET /api/v1/reservas,6.619933,200,success,
1789926030.231028,GET,GET /api/v1/reservas/{id},4.337924,200,success,
1789926030.288571,GET,GET /api/v1/reservas/{id},5.281045,200,success,
1789926030.292397,GET,GET /api/v1/reservas,5.165699,200,success,
1789926030.324082,GET,GET /api/v1/reservas,7.343590,200,success,
1789926030.324759,GET,GET /api/v1/reservas,5.175825,200,success,
1789926030.411760,GET,GET /api/v1/reservas,6.602838,200,success,
1789926030.439787,GET,GET /api/v1/reservas,6.675968,200,success,
1789926030.440219,GET,GET /api/v1/reservas,6.699203,200,success,
1789926030.480560,GET,GET /api/v1/reservas,6.033545,200,success,
1789926030.535039,GET,GET /api/v1/reservas/{id},5.212351,200,success,
1789926030.597222,GET,GET /api/v1/reservas/{id},4.935511,200,success,
1789926030.645404,GET,GET /api/v1/reservas/{id},5.922677,200,success,
1789926030.710200,GET,GET /api/v1/reservas,6.472439,200,success,
1789926030.766819,GET,GET /api/v1/reservas/{id},5.354235,200,success,
1789926030.776449,GET,GET /api/v1/reservas,5.333143,200,success,
1789926030.787201,GET,GET /api/v1/reservas,6.478470,200,success,
1789926030.799996,GET,GET /api/v1/reservas/{id},5.539536,200,success,
1789926030.855189,GET,GET /api/v1/reservas,6.817232,200,success,
1789926030.860040,GET,GET /api/v1/reservas,5.769365,200,success,
1789926030.875838,GET,GET /api/v1/reservas,6.518149,200,success,
1789926031.085101,GET,GET /api/v1/reservas,6.730420,200,success,
1789926031.122974,GET,GET /api/v1/reservas,6.513923,200,success,
1789926031.145635,GET,GET /api/v1/reservas,6.352017,200,success,
1789926031.150153,GET,GET /api/v1/reservas,5.314906,200,success,
1789926031.196335,GET,GET /api/v1/reservas,6.042168,200,success,
1789926031.203344,GET,GET /api/v1/reservas/{id},3.830585,200,success,
1789926031.391778,GET,GET /api/v1/reservas,7.037657,200,success,
1789926031.400933,GET,GET /api/v1/reservas/{id},5.929888,200,success,
1789926031.434011,GET,GET /api/v1/reservas,7.628973,200,success,
1789926031.513963,GET,GET /api/v1/reservas,8.556759,200,success,
1789926031.528894,GET,GET /api/v1/reservas/{id},5.661541,200,success,
1789926031.542587,GET,GET /api/v1/reservas,7.363401,200,success,
1789926031.598328,GET,GET /api/v1/reservas/{id},5.394346,200,success,
1789926031.619936,GET,GET /api/v1/reservas,8.160919,200,success,
1789926031.665295,GET,GET /api/v1/reservas,6.931946,200,success,
1789926031.700907,GET,GET /api/v1/reservas,6.286669,200,success,
1789926031.740815,GET,GET /api/v1/reservas,7.554961,200,success,
1789926031.759297,GET,GET /api/v1/reservas,7.148144,200,success,
1789926031.821351,GET,GET /api/v1/reservas,6.655046,200,success,
1789926031.822168,GET,GET /api/v1/reservas,6.976474,200,success,
1789926031.876758,GET,GET /api/v1/reservas,6.272957,200,success,
1789926031.888606,GET,GET /api/v1/reservas,5.547027,200,success,
1789926031.893549,GET,GET /api/v1/reservas,5.743044,200,success,
1789926031.895353,GET,GET /api/v1/reservas/{id},4.365838,200,success,
1789926031.949645,GET,GET /api/v1/reservas/{id},4.183401,200,success,
1789926031.950071,GET,GET /api/v1/reservas,6.387411,200,success,
1789926031.995446,GET,GET /api/v1/reservas,6.073026,200,success,
1789926032.097409,GET,GET /api/v1/reservas,6.589517,200,success,
1789926032.114571,GET,GET /api/v1/reservas,5.855865,200,success,
1789926032.147812,GET,GET /api/v1/reservas/{id},4.998515,200,success,
1789926032.153072,GET,GET /api/v1/reservas,4.989823,200,success,
1789926032.161385,GET,GET /api/v1/reservas,4.995441,200,success,
1789926032.183917,GET,GET /api/v1/reservas,6.195579,200,success,
1789926032.199432,GET,GET /api/v1/reservas,8.149010,200,success,
1789926032.206073,GET,GET /api/v1/reservas,11.753804,200,success,
1789926032.299602,GET,GET /api/v1/reservas/{id},5.235895,200,success,
1789926032.362248,GET,GET /api/v1/reservas,7.258411,200,success,
1789926032.367088,GET,GET /api/v1/reservas,6.229453,200,success,
1789926032.479061,GET,GET /api/v1/reservas,6.569037,200,success,
1789926032.560885,GET,GET /api/v1/reservas,7.452475,200,success,
1789926032.626850,GET,GET /api/v1/reservas/{id},5.683405,200,success,
1789926032.658257,GET,GET /api/v1/reservas,6.578911,200,success,
1789926032.658641,GET,GET /api/v1/reservas,7.496652,200,success,
1789926032.662685,GET,GET /api/v1/reservas,5.235234,200,success,
1789926032.722106,GET,GET /api/v1/reservas,8.040988,200,success,
1789926032.736057,GET,GET /api/v1/reservas,6.591731,200,success,
1789926032.888034,GET,GET /api/v1/reservas,6.608686,200,success,
1789926032.953857,GET,GET /api/v1/reservas,7.443291,200,success,
1789926032.981844,GET,GET /api/v1/reservas,8.567726,200,success,
1789926033.015209,GET,GET /api/v1/reservas/{id},6.057882,200,success,
1789926033.041541,GET,GET /api/v1/reservas/{id},9.010045,200,success,
1789926033.061896,GET,GET /api/v1/reservas/{id},5.918690,200,success,
1789926033.116634,GET,GET /api/v1/reservas,7.352363,200,success,
1789926033.125862,GET,GET /api/v1/reservas,6.863073,200,success,
1789926033.218239,GET,GET /api/v1/reservas,9.027473,200,success,
1789926033.226958,GET,GET /api/v1/reservas,5.394676,200,success,
1789926033.295218,GET,GET /api/v1/reservas,6.880478,200,success,
1789926033.357934,GET,GET /api/v1/reservas,7.304982,200,success,
1789926033.388085,GET,GET /api/v1/reservas,6.711312,200,success,
1789926033.416691,GET,GET /api/v1/reservas,6.302473,200,success,
1789926033.428505,GET,GET /api/v1/reservas,6.513682,200,success,
1789926033.428909,GET,GET /api/v1/reservas,6.485659,200,success,
1789926033.445323,GET,GET /api/v1/reservas,7.123947,200,success,
1789926033.480566,GET,GET /api/v1/reservas,5.880673,200,success,
1789926033.504029,GET,GET /api/v1/reservas/{id},4.245674,200,success,
1789926033.596651,GET,GET /api/v1/reservas,6.257775,200,success,
1789926033.633763,GET,GET /api/v1/reservas,6.756931,200,success,
1789926033.641032,GET,GET /api/v1/reservas,5.933413,200,success,
1789926033.833276,GET,GET /api/v1/reservas/{id},6.834208,200,success,
1789926033.855058,GET,GET /api/v1/reservas,8.364387,200,success,
1789926033.910080,GET,GET /api/v1/reservas,7.103156,200,success,
1789926033.958963,GET,GET /api/v1/reservas,6.532921,200,success,
1789926034.021076,GET,GET /api/v1/reservas,7.663004,200,success,
1789926034.070606,GET,GET /api/v1/reservas,9.752921,200,success,
1789926034.161434,GET,GET /api/v1/reservas,6.416104,200,success,
1789926034.200365,GET,GET /api/v1/reservas,6.762810,200,success,
1789926034.205085,GET,GET /api/v1/reservas,5.560407,200,success,
1789926034.211196,GET,GET /api/v1/reservas,4.823701,200,success,
1789926034.292116,GET,GET /api/v1/reservas,6.546041,200,success,
1789926034.308545,GET,GET /api/v1/reservas,6.144132,200,success,
1789926034.358027,GET,GET /api/v1/reservas/{id},5.207673,200,success,
1789926034.401915,GET,GET /api/v1/reservas,5.525434,200,success,
1789926034.438217,GET,GET /api/v1/reservas,5.947154,200,success,
1789926034.472742,GET,GET /api/v1/reservas,6.198975,200,success,
1789926034.473132,GET,GET /api/v1/reservas,6.242400,200,success,
1789926034.496238,GET,GET /api/v1/reservas,4.870854,200,success,
1789926034.523636,GET,GET /api/v1/reservas,6.095639,200,success,
1789926034.540555,GET,GET /api/v1/reservas,5.598005,200,success,
1789926034.568552,GET,GET /api/v1/reservas,5.696494,200,success,
1789926034.594717,GET,GET /api/v1/reservas,5.868995,200,success,
1789926034.602522,GET,GET /api/v1/reservas,5.506757,200,success,
1789926034.603286,GET,GET /api/v1/reservas,4.682327,200,success,
1789926034.628091,GET,GET /api/v1/reservas,6.504037,200,success,
1789926034.637338,GET,GET /api/v1/reservas,4.982753,200,success,
1789926034.682324,GET,GET /api/v1/reservas,5.677916,200,success,
1789926034.704712,GET,GET /api/v1/reservas,6.086034,200,success,
1789926034.724320,GET,GET /api/v1/reservas,7.254325,200,success,
1789926034.756930,GET,GET /api/v1/reservas,6.256903,200,success,
1789926034.763414,GET,GET /api/v1/reservas,5.159921,200,success,
1789926034.767974,GET,GET /api/v1/reservas,8.040798,200,success,
1789926034.822053,GET,GET /api/v1/reservas/{id},4.830641,200,success,
1789926034.840125,GET,GET /api/v1/reservas,5.731918,200,success,
1789926034.853264,GET,GET /api/v1/reservas,4.854999,200,success,
1789926034.923196,GET,GET /api/v1/reservas/{id},5.677726,200,success,
1789926035.042346,GET,GET /api/v1/reservas/{id},5.832189,200,success,
1789926035.045659,GET,GET /api/v1/reservas/{id},4.457557,200,success,
1789926035.048614,GET,GET /api/v1/reservas,4.779614,200,success,
1789926035.065790,GET,GET /api/v1/reservas,4.902501,200,success,
1789926035.224687,GET,GET /api/v1/reservas,6.634085,200,success,
1789926035.317127,GET,GET /api/v1/reservas/{id},5.136926,200,success,
1789926035.484814,GET,GET /api/v1/reservas,6.221699,200,success,
1789926035.519900,GET,GET /api/v1/reservas,6.769840,200,success,
1789926035.552042,GET,GET /api/v1/reservas,6.756460,200,success,
1789926035.571437,GET,GET /api/v1/reservas,7.028302,200,success,
1789926035.571817,GET,GET /api/v1/reservas,5.520246,200,success,
1789926035.585136,GET,GET /api/v1/reservas,5.018757,200,success,
