[2026-09-20 17:35:35,739] pfc-pruebas-e1/INFO/locust.main: Run time limit set to 300 seconds
[2026-09-20 17:35:35,739] pfc-pruebas-e1/INFO/locust.main: Starting Locust 2.31.6
Type     Name                                                                          # reqs      # fails |    Avg     Min     Max    Med |   req/s  failures/s
--------|----------------------------------------------------------------------------|-------|-------------|-------|-------|-------|-------|--------|-----------
--------|----------------------------------------------------------------------------|-------|-------------|-------|-------|-------|-------|--------|-----------
         Aggregated                                                                         0     0(0.00%) |      0       0       0      0 |    0.00        0.00

[2026-09-20 17:35:35,740] pfc-pruebas-e1/INFO/locust.runners: Ramping to 50 users at a rate of 10.00 per second
Type     Name                                                                          # reqs      # fails |    Avg     Min     Max    Med |   req/s  failures/s
--------|----------------------------------------------------------------------------|-------|-------------|-------|-------|-------|-------|--------|-----------
GET      GET /api/v1/reservas                                                              11     0(0.00%) |     11       6      28      7 |    0.00        0.00
POST     POST /api/v1/auth/login                                                           11     0(0.00%) |   1095     810    1350   1100 |    0.00        0.00
--------|----------------------------------------------------------------------------|-------|-------------|-------|-------|-------|-------|--------|-----------
         Aggregated                                                                        22     0(0.00%) |    553       6    1350     28 |    0.00        0.00

Type     Name                                                                          # reqs      # fails |    Avg     Min     Max    Med |   req/s  failures/s
--------|----------------------------------------------------------------------------|-------|-------------|-------|-------|-------|-------|--------|-----------
GET      GET /api/v1/reservas                                                              36     0(0.00%) |     13       5      47      9 |    3.00        0.00
GET      GET /api/v1/reservas/{id}                                                          5     0(0.00%) |     18       6      49      9 |    0.00        0.00
POST     POST /api/v1/auth/login                                                           26     0(0.00%) |   1286     810    1758   1300 |    3.50        0.00
--------|----------------------------------------------------------------------------|-------|-------------|-------|-------|-------|-------|--------|-----------
         Aggregated                                                                        67     0(0.00%) |    507       5    1758     19 |    6.50        0.00

[2026-09-20 17:35:39,745] pfc-pruebas-e1/INFO/locust.runners: All users spawned: {"ReservasUser": 50} (50 total users)
Type     Name                                                                          # reqs      # fails |    Avg     Min     Max    Med |   req/s  failures/s
--------|----------------------------------------------------------------------------|-------|-------------|-------|-------|-------|-------|--------|-----------
GET      GET /api/v1/reservas                                                              78     0(0.00%) |     13       5      52      9 |    6.25        0.00
GET      GET /api/v1/reservas/{id}                                                         10     0(0.00%) |     14       5      49      8 |    0.50        0.00
POST     POST /api/v1/auth/login                                                           50     0(0.00%) |   1519     810    2412   1500 |    5.50        0.00
--------|----------------------------------------------------------------------------|-------|-------------|-------|-------|-------|-------|--------|-----------
         Aggregated                                                                       138     0(0.00%) |    559       5    2412     18 |   12.25        0.00

Type     Name                                                                          # reqs      # fails |    Avg     Min     Max    Med |   req/s  failures/s
--------|----------------------------------------------------------------------------|-------|-------------|-------|-------|-------|-------|--------|-----------
GET      GET /api/v1/reservas                                                             109     0(0.00%) |     11       4      52      8 |   10.00        0.00
GET      GET /api/v1/reservas/{id}                                                         26     0(0.00%) |      8       3      49      5 |    1.50        0.00
POST     POST /api/v1/auth/login                                                           50     0(0.00%) |   1519     810    2412   1500 |    6.33        0.00
--------|----------------------------------------------------------------------------|-------|-------------|-------|-------|-------|-------|--------|-----------
         Aggregated                                                                       185     0(0.00%) |    418       3    2412      9 |   17.83        0.00

Type     Name                                                                          # reqs      # fails |    Avg     Min     Max    Med |   req/s  failures/s
--------|----------------------------------------------------------------------------|-------|-------------|-------|-------|-------|-------|--------|-----------
GET      GET /api/v1/reservas                                                             147     0(0.00%) |     10       4      52      7 |   11.62        0.00
GET      GET /api/v1/reservas/{id}                                                         32     0(0.00%) |      8       3      49      5 |    2.12        0.00
POST     POST /api/v1/auth/login                                                           50     0(0.00%) |   1519     810    2412   1500 |    6.25        0.00
--------|----------------------------------------------------------------------------|-------|-------------|-------|-------|-------|-------|--------|-----------
         Aggregated                                                                       229     0(0.00%) |    339       3    2412      8 |   20.00        0.00

Type     Name                                                                          # reqs      # fails |    Avg     Min     Max    Med |   req/s  failures/s
--------|----------------------------------------------------------------------------|-------|-------------|-------|-------|-------|-------|--------|-----------
GET      GET /api/v1/reservas                                                             187     0(0.00%) |     10       4      53      7 |   13.20        0.00
GET      GET /api/v1/reservas/{id}                                                         44     0(0.00%) |      7       3      49      5 |    3.00        0.00
POST     POST /api/v1/auth/login                                                           50     0(0.00%) |   1519     810    2412   1500 |    5.00        0.00
--------|----------------------------------------------------------------------------|-------|-------------|-------|-------|-------|-------|--------|-----------
         Aggregated                                                                       281     0(0.00%) |    278       3    2412      8 |   21.20        0.00

Type     Name                                                                          # reqs      # fails |    Avg     Min     Max    Med |   req/s  failures/s
--------|----------------------------------------------------------------------------|-------|-------------|-------|-------|-------|-------|--------|-----------
GET      GET /api/v1/reservas                                                             227     0(0.00%) |      9       4      53      7 |   16.60        0.00
GET      GET /api/v1/reservas/{id}                                                         59     0(0.00%) |      6       3      49      5 |    4.10        0.00
POST     POST /api/v1/auth/login                                                           50     0(0.00%) |   1519     810    2412   1500 |    4.30        0.00
--------|----------------------------------------------------------------------------|-------|-------------|-------|-------|-------|-------|--------|-----------
         Aggregated                                                                       336     0(0.00%) |    233       3    2412      7 |   25.00        0.00

Type     Name                                                                          # reqs      # fails |    Avg     Min     Max    Med |   req/s  failures/s
--------|----------------------------------------------------------------------------|-------|-------------|-------|-------|-------|-------|--------|-----------
GET      GET /api/v1/reservas                                                             267     0(0.00%) |      9       4      53      7 |   18.50        0.00
GET      GET /api/v1/reservas/{id}                                                         69     0(0.00%) |      6       3      49      5 |    5.20        0.00
POST     POST /api/v1/auth/login                                                           50     0(0.00%) |   1519     810    2412   1500 |    2.80        0.00
--------|----------------------------------------------------------------------------|-------|-------------|-------|-------|-------|-------|--------|-----------
         Aggregated                                                                       386     0(0.00%) |    204       3    2412      7 |   26.50        0.00

Type     Name                                                                          # reqs      # fails |    Avg     Min     Max    Med |   req/s  failures/s
--------|----------------------------------------------------------------------------|-------|-------------|-------|-------|-------|-------|--------|-----------
GET      GET /api/v1/reservas                                                             313     0(0.00%) |      8       4      53      7 |   19.50        0.00
GET      GET /api/v1/reservas/{id}                                                         78     0(0.00%) |      6       3      49      5 |    5.50        0.00
POST     POST /api/v1/auth/login                                                           50     0(0.00%) |   1519     810    2412   1500 |    1.20        0.00
--------|----------------------------------------------------------------------------|-------|-------------|-------|-------|-------|-------|--------|-----------
         Aggregated                                                                       441     0(0.00%) |    179       3    2412      7 |   26.20        0.00

Type     Name                                                                          # reqs      # fails |    Avg     Min     Max    Med |   req/s  failures/s
--------|----------------------------------------------------------------------------|-------|-------------|-------|-------|-------|-------|--------|-----------
GET      GET /api/v1/reservas                                                             352     0(0.00%) |      8       4      53      7 |   20.60        0.00
GET      GET /api/v1/reservas/{id}                                                         92     0(0.00%) |      6       3      49      5 |    6.00        0.00
POST     POST /api/v1/auth/login                                                           50     0(0.00%) |   1519     810    2412   1500 |    0.00        0.00
--------|----------------------------------------------------------------------------|-------|-------------|-------|-------|-------|-------|--------|-----------
         Aggregated                                                                       494     0(0.00%) |    160       3    2412      6 |   26.60        0.00

Type     Name                                                                          # reqs      # fails |    Avg     Min     Max    Med |   req/s  failures/s
--------|----------------------------------------------------------------------------|-------|-------------|-------|-------|-------|-------|--------|-----------
GET      GET /api/v1/reservas                                                             387     0(0.00%) |      8       4      53      7 |   20.50        0.00
GET      GET /api/v1/reservas/{id}                                                         98     0(0.00%) |      6       3      49      5 |    5.30        0.00
POST     POST /api/v1/auth/login                                                           50     0(0.00%) |   1519     810    2412   1500 |    0.00        0.00
--------|----------------------------------------------------------------------------|-------|-------------|-------|-------|-------|-------|--------|-----------
         Aggregated                                                                       535     0(0.00%) |    149       3    2412      6 |   25.80        0.00

Type     Name                                                                          # reqs      # fails |    Avg     Min     Max    Med |   req/s  failures/s
--------|----------------------------------------------------------------------------|-------|-------------|-------|-------|-------|-------|--------|-----------
GET      GET /api/v1/reservas                                                             426     0(0.00%) |      8       4      53      7 |   20.30        0.00
GET      GET /api/v1/reservas/{id}                                                        110     0(0.00%) |      5       3      49      5 |    5.60        0.00
POST     POST /api/v1/auth/login                                                           50     0(0.00%) |   1519     810    2412   1500 |    0.00        0.00
--------|----------------------------------------------------------------------------|-------|-------------|-------|-------|-------|-------|--------|-----------
         Aggregated                                                                       586     0(0.00%) |    136       3    2412      6 |   25.90        0.00

Type     Name                                                                          # reqs      # fails |    Avg     Min     Max    Med |   req/s  failures/s
--------|----------------------------------------------------------------------------|-------|-------------|-------|-------|-------|-------|--------|-----------
GET      GET /api/v1/reservas                                                             466     0(0.00%) |      8       4      53      7 |   20.50        0.00
GET      GET /api/v1/reservas/{id}                                                        120     0(0.00%) |      5       3      49      5 |    5.20        0.00
POST     POST /api/v1/auth/login                                                           50     0(0.00%) |   1519     810    2412   1500 |    0.00        0.00
--------|----------------------------------------------------------------------------|-------|-------------|-------|-------|-------|-------|--------|-----------
         Aggregated                                                                       636     0(0.00%) |    126       3    2412      6 |   25.70        0.00

Type     Name                                                                          # reqs      # fails |    Avg     Min     Max    Med |   req/s  failures/s
--------|----------------------------------------------------------------------------|-------|-------------|-------|-------|-------|-------|--------|-----------
GET      GET /api/v1/reservas                                                             507     0(0.00%) |      7       4      53      7 |   19.80        0.00
GET      GET /api/v1/reservas/{id}                                                        128     0(0.00%) |      5       3      49      5 |    5.30        0.00
POST     POST /api/v1/auth/login                                                           50     0(0.00%) |   1519     810    2412   1500 |    0.00        0.00
--------|----------------------------------------------------------------------------|-------|-------------|-------|-------|-------|-------|--------|-----------
         Aggregated                                                                       685     0(0.00%) |    117       3    2412      6 |   25.10        0.00

Type     Name                                                                          # reqs      # fails |    Avg     Min     Max    Med |   req/s  failures/s
--------|----------------------------------------------------------------------------|-------|-------------|-------|-------|-------|-------|--------|-----------
GET      GET /api/v1/reservas                                                             538     0(0.00%) |      7       4      53      7 |   19.30        0.00
GET      GET /api/v1/reservas/{id}                                                        143     0(0.00%) |      5       3      49      5 |    4.80        0.00
POST     POST /api/v1/auth/login                                                           50     0(0.00%) |   1519     810    2412   1500 |    0.00        0.00
--------|----------------------------------------------------------------------------|-------|-------------|-------|-------|-------|-------|--------|-----------
         Aggregated                                                                       731     0(0.00%) |    110       3    2412      6 |   24.10        0.00

Type     Name                                                                          # reqs      # fails |    Avg     Min     Max    Med |   req/s  failures/s
--------|----------------------------------------------------------------------------|-------|-------------|-------|-------|-------|-------|--------|-----------
GET      GET /api/v1/reservas                                                             580     0(0.00%) |      7       4      53      7 |   19.50        0.00
GET      GET /api/v1/reservas/{id}                                                        155     0(0.00%) |      5       3      49      5 |    5.10        0.00
POST     POST /api/v1/auth/login                                                           50     0(0.00%) |   1519     810    2412   1500 |    0.00        0.00
--------|----------------------------------------------------------------------------|-------|-------------|-------|-------|-------|-------|--------|-----------
         Aggregated                                                                       785     0(0.00%) |    103       3    2412      6 |   24.60        0.00

Type     Name                                                                          # reqs      # fails |    Avg     Min     Max    Med |   req/s  failures/s
--------|----------------------------------------------------------------------------|-------|-------------|-------|-------|-------|-------|--------|-----------
GET      GET /api/v1/reservas                                                             623     0(0.00%) |      7       4      53      6 |   18.80        0.00
GET      GET /api/v1/reservas/{id}                                                        165     0(0.00%) |      5       3      49      5 |    5.30        0.00
POST     POST /api/v1/auth/login                                                           50     0(0.00%) |   1519     810    2412   1500 |    0.00        0.00
--------|----------------------------------------------------------------------------|-------|-------------|-------|-------|-------|-------|--------|-----------
         Aggregated                                                                       838     0(0.00%) |     97       3    2412      6 |   24.10        0.00

Type     Name                                                                          # reqs      # fails |    Avg     Min     Max    Med |   req/s  failures/s
--------|----------------------------------------------------------------------------|-------|-------------|-------|-------|-------|-------|--------|-----------
GET      GET /api/v1/reservas                                                             654     0(0.00%) |      7       4      53      6 |   19.30        0.00
GET      GET /api/v1/reservas/{id}                                                        178     0(0.00%) |      5       3      49      5 |    5.40        0.00
POST     POST /api/v1/auth/login                                                           50     0(0.00%) |   1519     810    2412   1500 |    0.00        0.00
--------|----------------------------------------------------------------------------|-------|-------------|-------|-------|-------|-------|--------|-----------
         Aggregated                                                                       882     0(0.00%) |     92       3    2412      6 |   24.70        0.00

Type     Name                                                                          # reqs      # fails |    Avg     Min     Max    Med |   req/s  failures/s
--------|----------------------------------------------------------------------------|-------|-------------|-------|-------|-------|-------|--------|-----------
GET      GET /api/v1/reservas                                                             691     0(0.00%) |      7       4      53      6 |   19.00        0.00
GET      GET /api/v1/reservas/{id}                                                        192     0(0.00%) |      5       3      49      5 |    5.50        0.00
POST     POST /api/v1/auth/login                                                           50     0(0.00%) |   1519     810    2412   1500 |    0.00        0.00
--------|----------------------------------------------------------------------------|-------|-------------|-------|-------|-------|-------|--------|-----------
         Aggregated                                                                       933     0(0.00%) |     88       3    2412      6 |   24.50        0.00

Type     Name                                                                          # reqs      # fails |    Avg     Min     Max    Med |   req/s  failures/s
--------|----------------------------------------------------------------------------|-------|-------------|-------|-------|-------|-------|--------|-----------
GET      GET /api/v1/reservas                                                             729     0(0.00%) |      7       4      53      6 |   18.50        0.00
GET      GET /api/v1/reservas/{id}                                                        205     0(0.00%) |      5       3      49      5 |    6.60        0.00
POST     POST /api/v1/auth/login                                                           50     0(0.00%) |   1519     810    2412   1500 |    0.00        0.00
--------|----------------------------------------------------------------------------|-------|-------------|-------|-------|-------|-------|--------|-----------
         Aggregated                                                                       984     0(0.00%) |     83       3    2412      6 |   25.10        0.00

Type     Name                                                                          # reqs      # fails |    Avg     Min     Max    Med |   req/s  failures/s
--------|----------------------------------------------------------------------------|-------|-------------|-------|-------|-------|-------|--------|-----------
GET      GET /api/v1/reservas                                                             762     0(0.00%) |      7       4      53      6 |   18.60        0.00
GET      GET /api/v1/reservas/{id}                                                        220     0(0.00%) |      5       3      49      5 |    6.40        0.00
POST     POST /api/v1/auth/login                                                           50     0(0.00%) |   1519     810    2412   1500 |    0.00        0.00
--------|----------------------------------------------------------------------------|-------|-------------|-------|-------|-------|-------|--------|-----------
         Aggregated                                                                      1032     0(0.00%) |     80       3    2412      6 |   25.00        0.00

Type     Name                                                                          # reqs      # fails |    Avg     Min     Max    Med |   req/s  failures/s
--------|----------------------------------------------------------------------------|-------|-------------|-------|-------|-------|-------|--------|-----------
GET      GET /api/v1/reservas                                                             800     0(0.00%) |      7       4      53      6 |   18.80        0.00
GET      GET /api/v1/reservas/{id}                                                        237     0(0.00%) |      5       3      49      5 |    6.80        0.00
POST     POST /api/v1/auth/login                                                           50     0(0.00%) |   1519     810    2412   1500 |    0.00        0.00
--------|----------------------------------------------------------------------------|-------|-------------|-------|-------|-------|-------|--------|-----------
         Aggregated                                                                      1087     0(0.00%) |     76       3    2412      6 |   25.60        0.00

Type     Name                                                                          # reqs      # fails |    Avg     Min     Max    Med |   req/s  failures/s
--------|----------------------------------------------------------------------------|-------|-------------|-------|-------|-------|-------|--------|-----------
GET      GET /api/v1/reservas                                                             838     0(0.00%) |      7       4      53      6 |   17.30        0.00
GET      GET /api/v1/reservas/{id}                                                        250     0(0.00%) |      5       3      49      5 |    7.40        0.00
POST     POST /api/v1/auth/login                                                           50     0(0.00%) |   1519     810    2412   1500 |    0.00        0.00
--------|----------------------------------------------------------------------------|-------|-------------|-------|-------|-------|-------|--------|-----------
         Aggregated                                                                      1138     0(0.00%) |     73       3    2412      6 |   24.70        0.00

Type     Name                                                                          # reqs      # fails |    Avg     Min     Max    Med |   req/s  failures/s
--------|----------------------------------------------------------------------------|-------|-------------|-------|-------|-------|-------|--------|-----------
GET      GET /api/v1/reservas                                                             879     0(0.00%) |      7       4      53      6 |   18.20        0.00
GET      GET /api/v1/reservas/{id}                                                        258     0(0.00%) |      5       3      49      5 |    7.20        0.00
POST     POST /api/v1/auth/login                                                           50     0(0.00%) |   1519     810    2412   1500 |    0.00        0.00
--------|----------------------------------------------------------------------------|-------|-------------|-------|-------|-------|-------|--------|-----------
         Aggregated                                                                      1187     0(0.00%) |     70       3    2412      6 |   25.40        0.00

Type     Name                                                                          # reqs      # fails |    Avg     Min     Max    Med |   req/s  failures/s
--------|----------------------------------------------------------------------------|-------|-------------|-------|-------|-------|-------|--------|-----------
GET      GET /api/v1/reservas                                                             918     0(0.00%) |      7       4      53      6 |   18.50        0.00
GET      GET /api/v1/reservas/{id}                                                        269     0(0.00%) |      5       3      49      5 |    6.50        0.00
POST     POST /api/v1/auth/login                                                           50     0(0.00%) |   1519     810    2412   1500 |    0.00        0.00
--------|----------------------------------------------------------------------------|-------|-------------|-------|-------|-------|-------|--------|-----------
         Aggregated                                                                      1237     0(0.00%) |     68       3    2412      6 |   25.00        0.00

Type     Name                                                                          # reqs      # fails |    Avg     Min     Max    Med |   req/s  failures/s
--------|----------------------------------------------------------------------------|-------|-------------|-------|-------|-------|-------|--------|-----------
GET      GET /api/v1/reservas                                                             958     0(0.00%) |      7       4      53      6 |   18.70        0.00
GET      GET /api/v1/reservas/{id}                                                        283     0(0.00%) |      5       3      49      5 |    6.90        0.00
POST     POST /api/v1/auth/login                                                           50     0(0.00%) |   1519     810    2412   1500 |    0.00        0.00
--------|----------------------------------------------------------------------------|-------|-------------|-------|-------|-------|-------|--------|-----------
         Aggregated                                                                      1291     0(0.00%) |     65       3    2412      6 |   25.60        0.00

Type     Name                                                                          # reqs      # fails |    Avg     Min     Max    Med |   req/s  failures/s
--------|----------------------------------------------------------------------------|-------|-------------|-------|-------|-------|-------|--------|-----------
GET      GET /api/v1/reservas                                                             995     0(0.00%) |      7       4      53      6 |   18.80        0.00
GET      GET /api/v1/reservas/{id}                                                        293     0(0.00%) |      5       3      49      5 |    6.20        0.00
POST     POST /api/v1/auth/login                                                           50     0(0.00%) |   1519     810    2412   1500 |    0.00        0.00
--------|----------------------------------------------------------------------------|-------|-------------|-------|-------|-------|-------|--------|-----------
         Aggregated                                                                      1338     0(0.00%) |     63       3    2412      6 |   25.00        0.00

Type     Name                                                                          # reqs      # fails |    Avg     Min     Max    Med |   req/s  failures/s
--------|----------------------------------------------------------------------------|-------|-------------|-------|-------|-------|-------|--------|-----------
GET      GET /api/v1/reservas                                                            1033     0(0.00%) |      7       4      53      6 |   20.00        0.00
GET      GET /api/v1/reservas/{id}                                                        307     0(0.00%) |      5       3      49      5 |    5.50        0.00
POST     POST /api/v1/auth/login                                                           50     0(0.00%) |   1519     810    2412   1500 |    0.00        0.00
--------|----------------------------------------------------------------------------|-------|-------------|-------|-------|-------|-------|--------|-----------
         Aggregated                                                                      1390     0(0.00%) |     61       3    2412      6 |   25.50        0.00

Type     Name                                                                          # reqs      # fails |    Avg     Min     Max    Med |   req/s  failures/s
--------|----------------------------------------------------------------------------|-------|-------------|-------|-------|-------|-------|--------|-----------
GET      GET /api/v1/reservas                                                            1072     0(0.00%) |      7       4      53      6 |   19.60        0.00
GET      GET /api/v1/reservas/{id}                                                        318     0(0.00%) |      5       3      49      5 |    5.70        0.00
POST     POST /api/v1/auth/login                                                           50     0(0.00%) |   1519     810    2412   1500 |    0.00        0.00
--------|----------------------------------------------------------------------------|-------|-------------|-------|-------|-------|-------|--------|-----------
         Aggregated                                                                      1440     0(0.00%) |     59       3    2412      6 |   25.30        0.00

Type     Name                                                                          # reqs      # fails |    Avg     Min     Max    Med |   req/s  failures/s
--------|----------------------------------------------------------------------------|-------|-------------|-------|-------|-------|-------|--------|-----------
GET      GET /api/v1/reservas                                                            1109     0(0.00%) |      7       4      53      6 |   19.40        0.00
GET      GET /api/v1/reservas/{id}                                                        328     0(0.00%) |      5       3      49      5 |    5.90        0.00
POST     POST /api/v1/auth/login                                                           50     0(0.00%) |   1519     810    2412   1500 |    0.00        0.00
--------|----------------------------------------------------------------------------|-------|-------------|-------|-------|-------|-------|--------|-----------
         Aggregated                                                                      1487     0(0.00%) |     57       3    2412      6 |   25.30        0.00

Type     Name                                                                          # reqs      # fails |    Avg     Min     Max    Med |   req/s  failures/s
--------|----------------------------------------------------------------------------|-------|-------------|-------|-------|-------|-------|--------|-----------
GET      GET /api/v1/reservas                                                            1154     0(0.00%) |      7       4      53      6 |   19.10        0.00
GET      GET /api/v1/reservas/{id}                                                        336     0(0.00%) |      5       3      49      5 |    5.80        0.00
POST     POST /api/v1/auth/login                                                           50     0(0.00%) |   1519     810    2412   1500 |    0.00        0.00
--------|----------------------------------------------------------------------------|-------|-------------|-------|-------|-------|-------|--------|-----------
         Aggregated                                                                      1540     0(0.00%) |     55       3    2412      6 |   24.90        0.00

Type     Name                                                                          # reqs      # fails |    Avg     Min     Max    Med |   req/s  failures/s
--------|----------------------------------------------------------------------------|-------|-------------|-------|-------|-------|-------|--------|-----------
GET      GET /api/v1/reservas                                                            1191     0(0.00%) |      7       4      53      7 |   19.80        0.00
GET      GET /api/v1/reservas/{id}                                                        343     0(0.00%) |      5       3      49      5 |    5.30        0.00
POST     POST /api/v1/auth/login                                                           50     0(0.00%) |   1519     810    2412   1500 |    0.00        0.00
--------|----------------------------------------------------------------------------|-------|-------------|-------|-------|-------|-------|--------|-----------
         Aggregated                                                                      1584     0(0.00%) |     54       3    2412      6 |   25.10        0.00

Type     Name                                                                          # reqs      # fails |    Avg     Min     Max    Med |   req/s  failures/s
--------|----------------------------------------------------------------------------|-------|-------------|-------|-------|-------|-------|--------|-----------
GET      GET /api/v1/reservas                                                            1224     0(0.00%) |      7       4      53      7 |   19.70        0.00
GET      GET /api/v1/reservas/{id}                                                        361     0(0.00%) |      5       3      49      5 |    5.00        0.00
POST     POST /api/v1/auth/login                                                           50     0(0.00%) |   1519     810    2412   1500 |    0.00        0.00
--------|----------------------------------------------------------------------------|-------|-------------|-------|-------|-------|-------|--------|-----------
         Aggregated                                                                      1635     0(0.00%) |     53       3    2412      6 |   24.70        0.00

Type     Name                                                                          # reqs      # fails |    Avg     Min     Max    Med |   req/s  failures/s
--------|----------------------------------------------------------------------------|-------|-------------|-------|-------|-------|-------|--------|-----------
GET      GET /api/v1/reservas                                                            1262     0(0.00%) |      7       4      53      7 |   19.10        0.00
GET      GET /api/v1/reservas/{id}                                                        376     0(0.00%) |      5       3      49      5 |    5.50        0.00
POST     POST /api/v1/auth/login                                                           50     0(0.00%) |   1519     810    2412   1500 |    0.00        0.00
--------|----------------------------------------------------------------------------|-------|-------------|-------|-------|-------|-------|--------|-----------
         Aggregated                                                                      1688     0(0.00%) |     51       3    2412      6 |   24.60        0.00

Type     Name                                                                          # reqs      # fails |    Avg     Min     Max    Med |   req/s  failures/s
--------|----------------------------------------------------------------------------|-------|-------------|-------|-------|-------|-------|--------|-----------
GET      GET /api/v1/reservas                                                            1298     0(0.00%) |      7       4      53      7 |   19.20        0.00
GET      GET /api/v1/reservas/{id}                                                        384     0(0.00%) |      5       3      49      5 |    5.30        0.00
POST     POST /api/v1/auth/login                                                           50     0(0.00%) |   1519     810    2412   1500 |    0.00        0.00
--------|----------------------------------------------------------------------------|-------|-------------|-------|-------|-------|-------|--------|-----------
         Aggregated                                                                      1732     0(0.00%) |     50       3    2412      6 |   24.50        0.00

Type     Name                                                                          # reqs      # fails |    Avg     Min     Max    Med |   req/s  failures/s
--------|----------------------------------------------------------------------------|-------|-------------|-------|-------|-------|-------|--------|-----------
GET      GET /api/v1/reservas                                                            1333     0(0.00%) |      7       4      53      7 |   18.60        0.00
GET      GET /api/v1/reservas/{id}                                                        397     0(0.00%) |      5       3      49      5 |    5.60        0.00
POST     POST /api/v1/auth/login                                                           50     0(0.00%) |   1519     810    2412   1500 |    0.00        0.00
--------|----------------------------------------------------------------------------|-------|-------------|-------|-------|-------|-------|--------|-----------
         Aggregated                                                                      1780     0(0.00%) |     49       3    2412      6 |   24.20        0.00

Type     Name                                                                          # reqs      # fails |    Avg     Min     Max    Med |   req/s  failures/s
--------|----------------------------------------------------------------------------|-------|-------------|-------|-------|-------|-------|--------|-----------
GET      GET /api/v1/reservas                                                            1373     0(0.00%) |      7       4      53      7 |   18.00        0.00
GET      GET /api/v1/reservas/{id}                                                        410     0(0.00%) |      5       3      49      5 |    6.00        0.00
POST     POST /api/v1/auth/login                                                           50     0(0.00%) |   1519     810    2412   1500 |    0.00        0.00
--------|----------------------------------------------------------------------------|-------|-------------|-------|-------|-------|-------|--------|-----------
         Aggregated                                                                      1833     0(0.00%) |     48       3    2412      6 |   24.00        0.00

Type     Name                                                                          # reqs      # fails |    Avg     Min     Max    Med |   req/s  failures/s
--------|----------------------------------------------------------------------------|-------|-------------|-------|-------|-------|-------|--------|-----------
GET      GET /api/v1/reservas                                                            1418     0(0.00%) |      7       4      53      7 |   18.50        0.00
GET      GET /api/v1/reservas/{id}                                                        420     0(0.00%) |      5       3      49      5 |    6.60        0.00
POST     POST /api/v1/auth/login                                                           50     0(0.00%) |   1519     810    2412   1500 |    0.00        0.00
--------|----------------------------------------------------------------------------|-------|-------------|-------|-------|-------|-------|--------|-----------
         Aggregated                                                                      1888     0(0.00%) |     46       3    2412      6 |   25.10        0.00

Type     Name                                                                          # reqs      # fails |    Avg     Min     Max    Med |   req/s  failures/s
--------|----------------------------------------------------------------------------|-------|-------------|-------|-------|-------|-------|--------|-----------
GET      GET /api/v1/reservas                                                            1455     0(0.00%) |      7       4      53      7 |   18.60        0.00
GET      GET /api/v1/reservas/{id}                                                        435     0(0.00%) |      5       3      49      5 |    6.20        0.00
POST     POST /api/v1/auth/login                                                           50     0(0.00%) |   1519     810    2412   1500 |    0.00        0.00
--------|----------------------------------------------------------------------------|-------|-------------|-------|-------|-------|-------|--------|-----------
         Aggregated                                                                      1940     0(0.00%) |     45       3    2412      6 |   24.80        0.00

Type     Name                                                                          # reqs      # fails |    Avg     Min     Max    Med |   req/s  failures/s
--------|----------------------------------------------------------------------------|-------|-------------|-------|-------|-------|-------|--------|-----------
GET      GET /api/v1/reservas                                                            1494     0(0.00%) |      7       4      53      7 |   19.20        0.00
GET      GET /api/v1/reservas/{id}                                                        445     0(0.00%) |      5       3      49      5 |    6.10        0.00
POST     POST /api/v1/auth/login                                                           50     0(0.00%) |   1519     810    2412   1500 |    0.00        0.00
--------|----------------------------------------------------------------------------|-------|-------------|-------|-------|-------|-------|--------|-----------
         Aggregated                                                                      1989     0(0.00%) |     44       3    2412      6 |   25.30        0.00

Type     Name                                                                          # reqs      # fails |    Avg     Min     Max    Med |   req/s  failures/s
--------|----------------------------------------------------------------------------|-------|-------------|-------|-------|-------|-------|--------|-----------
GET      GET /api/v1/reservas                                                            1532     0(0.00%) |      7       4      53      7 |   19.60        0.00
GET      GET /api/v1/reservas/{id}                                                        456     0(0.00%) |      5       3      49      5 |    6.00        0.00
POST     POST /api/v1/auth/login                                                           50     0(0.00%) |   1519     810    2412   1500 |    0.00        0.00
--------|----------------------------------------------------------------------------|-------|-------------|-------|-------|-------|-------|--------|-----------
         Aggregated                                                                      2038     0(0.00%) |     43       3    2412      6 |   25.60        0.00

Type     Name                                                                          # reqs      # fails |    Avg     Min     Max    Med |   req/s  failures/s
--------|----------------------------------------------------------------------------|-------|-------------|-------|-------|-------|-------|--------|-----------
GET      GET /api/v1/reservas                                                            1568     0(0.00%) |      7       4      53      7 |   20.00        0.00
GET      GET /api/v1/reservas/{id}                                                        469     0(0.00%) |      5       3      49      5 |    5.60        0.00
POST     POST /api/v1/auth/login                                                           50     0(0.00%) |   1519     810    2412   1500 |    0.00        0.00
--------|----------------------------------------------------------------------------|-------|-------------|-------|-------|-------|-------|--------|-----------
         Aggregated                                                                      2087     0(0.00%) |     43       3    2412      6 |   25.60        0.00

Type     Name                                                                          # reqs      # fails |    Avg     Min     Max    Med |   req/s  failures/s
--------|----------------------------------------------------------------------------|-------|-------------|-------|-------|-------|-------|--------|-----------
GET      GET /api/v1/reservas                                                            1600     0(0.00%) |      7       4      53      7 |   18.80        0.00
GET      GET /api/v1/reservas/{id}                                                        487     0(0.00%) |      5       3      49      5 |    6.10        0.00
POST     POST /api/v1/auth/login                                                           50     0(0.00%) |   1519     810    2412   1500 |    0.00        0.00
--------|----------------------------------------------------------------------------|-------|-------------|-------|-------|-------|-------|--------|-----------
         Aggregated                                                                      2137     0(0.00%) |     42       3    2412      6 |   24.90        0.00

Type     Name                                                                          # reqs      # fails |    Avg     Min     Max    Med |   req/s  failures/s
--------|----------------------------------------------------------------------------|-------|-------------|-------|-------|-------|-------|--------|-----------
GET      GET /api/v1/reservas                                                            1638     0(0.00%) |      7       4      53      7 |   18.80        0.00
GET      GET /api/v1/reservas/{id}                                                        497     0(0.00%) |      5       3      49      5 |    6.20        0.00
POST     POST /api/v1/auth/login                                                           50     0(0.00%) |   1519     810    2412   1500 |    0.00        0.00
--------|----------------------------------------------------------------------------|-------|-------------|-------|-------|-------|-------|--------|-----------
         Aggregated                                                                      2185     0(0.00%) |     41       3    2412      6 |   25.00        0.00

Type     Name                                                                          # reqs      # fails |    Avg     Min     Max    Med |   req/s  failures/s
--------|----------------------------------------------------------------------------|-------|-------------|-------|-------|-------|-------|--------|-----------
GET      GET /api/v1/reservas                                                            1674     0(0.00%) |      7       4      53      7 |   18.70        0.00
GET      GET /api/v1/reservas/{id}                                                        510     0(0.00%) |      5       3      49      5 |    6.40        0.00
POST     POST /api/v1/auth/login                                                           50     0(0.00%) |   1519     810    2412   1500 |    0.00        0.00
--------|----------------------------------------------------------------------------|-------|-------------|-------|-------|-------|-------|--------|-----------
         Aggregated                                                                      2234     0(0.00%) |     40       3    2412      6 |   25.10        0.00

Type     Name                                                                          # reqs      # fails |    Avg     Min     Max    Med |   req/s  failures/s
--------|----------------------------------------------------------------------------|-------|-------------|-------|-------|-------|-------|--------|-----------
GET      GET /api/v1/reservas                                                            1717     0(0.00%) |      7       4      53      7 |   18.70        0.00
GET      GET /api/v1/reservas/{id}                                                        525     0(0.00%) |      5       3      49      5 |    6.40        0.00
POST     POST /api/v1/auth/login                                                           50     0(0.00%) |   1519     810    2412   1500 |    0.00        0.00
--------|----------------------------------------------------------------------------|-------|-------------|-------|-------|-------|-------|--------|-----------
         Aggregated                                                                      2292     0(0.00%) |     39       3    2412      6 |   25.10        0.00

Type     Name                                                                          # reqs      # fails |    Avg     Min     Max    Med |   req/s  failures/s
--------|----------------------------------------------------------------------------|-------|-------------|-------|-------|-------|-------|--------|-----------
GET      GET /api/v1/reservas                                                            1754     0(0.00%) |      7       4      53      7 |   18.20        0.00
GET      GET /api/v1/reservas/{id}                                                        535     0(0.00%) |      5       3      49      5 |    6.90        0.00
POST     POST /api/v1/auth/login                                                           50     0(0.00%) |   1519     810    2412   1500 |    0.00        0.00
--------|----------------------------------------------------------------------------|-------|-------------|-------|-------|-------|-------|--------|-----------
         Aggregated                                                                      2339     0(0.00%) |     39       3    2412      6 |   25.10        0.00

Type     Name                                                                          # reqs      # fails |    Avg     Min     Max    Med |   req/s  failures/s
--------|----------------------------------------------------------------------------|-------|-------------|-------|-------|-------|-------|--------|-----------
GET      GET /api/v1/reservas                                                            1790     0(0.00%) |      7       4      53      7 |   18.70        0.00
GET      GET /api/v1/reservas/{id}                                                        548     0(0.00%) |      5       3      49      5 |    6.70        0.00
POST     POST /api/v1/auth/login                                                           50     0(0.00%) |   1519     810    2412   1500 |    0.00        0.00
--------|----------------------------------------------------------------------------|-------|-------------|-------|-------|-------|-------|--------|-----------
         Aggregated                                                                      2388     0(0.00%) |     38       3    2412      6 |   25.40        0.00

Type     Name                                                                          # reqs      # fails |    Avg     Min     Max    Med |   req/s  failures/s
--------|----------------------------------------------------------------------------|-------|-------------|-------|-------|-------|-------|--------|-----------
GET      GET /api/v1/reservas                                                            1828     0(0.00%) |      7       4      53      7 |   18.60        0.00
GET      GET /api/v1/reservas/{id}                                                        560     0(0.00%) |      5       3      49      5 |    6.40        0.00
POST     POST /api/v1/auth/login                                                           50     0(0.00%) |   1519     810    2412   1500 |    0.00        0.00
--------|----------------------------------------------------------------------------|-------|-------------|-------|-------|-------|-------|--------|-----------
         Aggregated                                                                      2438     0(0.00%) |     37       3    2412      6 |   25.00        0.00

Type     Name                                                                          # reqs      # fails |    Avg     Min     Max    Med |   req/s  failures/s
--------|----------------------------------------------------------------------------|-------|-------------|-------|-------|-------|-------|--------|-----------
GET      GET /api/v1/reservas                                                            1867     0(0.00%) |      7       4      53      7 |   18.30        0.00
GET      GET /api/v1/reservas/{id}                                                        572     0(0.00%) |      5       3      49      5 |    6.30        0.00
POST     POST /api/v1/auth/login                                                           50     0(0.00%) |   1519     810    2412   1500 |    0.00        0.00
--------|----------------------------------------------------------------------------|-------|-------------|-------|-------|-------|-------|--------|-----------
         Aggregated                                                                      2489     0(0.00%) |     37       3    2412      6 |   24.60        0.00

Type     Name                                                                          # reqs      # fails |    Avg     Min     Max    Med |   req/s  failures/s
--------|----------------------------------------------------------------------------|-------|-------------|-------|-------|-------|-------|--------|-----------
GET      GET /api/v1/reservas                                                            1902     0(0.00%) |      7       4      53      7 |   18.70        0.00
GET      GET /api/v1/reservas/{id}                                                        584     0(0.00%) |      5       3      49      5 |    6.20        0.00
POST     POST /api/v1/auth/login                                                           50     0(0.00%) |   1519     810    2412   1500 |    0.00        0.00
--------|----------------------------------------------------------------------------|-------|-------------|-------|-------|-------|-------|--------|-----------
         Aggregated                                                                      2536     0(0.00%) |     36       3    2412      6 |   24.90        0.00

Type     Name                                                                          # reqs      # fails |    Avg     Min     Max    Med |   req/s  failures/s
--------|----------------------------------------------------------------------------|-------|-------------|-------|-------|-------|-------|--------|-----------
GET      GET /api/v1/reservas                                                            1937     0(0.00%) |      7       4      53      7 |   18.50        0.00
GET      GET /api/v1/reservas/{id}                                                        598     0(0.00%) |      5       3      49      5 |    6.00        0.00
POST     POST /api/v1/auth/login                                                           50     0(0.00%) |   1519     810    2412   1500 |    0.00        0.00
--------|----------------------------------------------------------------------------|-------|-------------|-------|-------|-------|-------|--------|-----------
         Aggregated                                                                      2585     0(0.00%) |     36       3    2412      6 |   24.50        0.00

Type     Name                                                                          # reqs      # fails |    Avg     Min     Max    Med |   req/s  failures/s
--------|----------------------------------------------------------------------------|-------|-------------|-------|-------|-------|-------|--------|-----------
GET      GET /api/v1/reservas                                                            1974     0(0.00%) |      7       4      53      7 |   18.90        0.00
GET      GET /api/v1/reservas/{id}                                                        608     0(0.00%) |      5       3      49      5 |    5.80        0.00
POST     POST /api/v1/auth/login                                                           50     0(0.00%) |   1519     810    2412   1500 |    0.00        0.00
--------|----------------------------------------------------------------------------|-------|-------------|-------|-------|-------|-------|--------|-----------
         Aggregated                                                                      2632     0(0.00%) |     35       3    2412      6 |   24.70        0.00

Type     Name                                                                          # reqs      # fails |    Avg     Min     Max    Med |   req/s  failures/s
--------|----------------------------------------------------------------------------|-------|-------------|-------|-------|-------|-------|--------|-----------
GET      GET /api/v1/reservas                                                            2011     0(0.00%) |      7       4      53      7 |   18.90        0.00
GET      GET /api/v1/reservas/{id}                                                        621     0(0.00%) |      5       3      49      5 |    5.90        0.00
POST     POST /api/v1/auth/login                                                           50     0(0.00%) |   1519     810    2412   1500 |    0.00        0.00
--------|----------------------------------------------------------------------------|-------|-------------|-------|-------|-------|-------|--------|-----------
         Aggregated                                                                      2682     0(0.00%) |     34       3    2412      6 |   24.80        0.00

Type     Name                                                                          # reqs      # fails |    Avg     Min     Max    Med |   req/s  failures/s
--------|----------------------------------------------------------------------------|-------|-------------|-------|-------|-------|-------|--------|-----------
GET      GET /api/v1/reservas                                                            2055     0(0.00%) |      7       4      76      7 |   18.80        0.00
GET      GET /api/v1/reservas/{id}                                                        630     0(0.00%) |      5       3      49      5 |    5.90        0.00
POST     POST /api/v1/auth/login                                                           50     0(0.00%) |   1519     810    2412   1500 |    0.00        0.00
--------|----------------------------------------------------------------------------|-------|-------------|-------|-------|-------|-------|--------|-----------
         Aggregated                                                                      2735     0(0.00%) |     34       3    2412      6 |   24.70        0.00

Type     Name                                                                          # reqs      # fails |    Avg     Min     Max    Med |   req/s  failures/s
--------|----------------------------------------------------------------------------|-------|-------------|-------|-------|-------|-------|--------|-----------
GET      GET /api/v1/reservas                                                            2087     0(0.00%) |      7       4      76      7 |   18.40        0.00
GET      GET /api/v1/reservas/{id}                                                        642     0(0.00%) |      5       3      49      5 |    6.00        0.00
POST     POST /api/v1/auth/login                                                           50     0(0.00%) |   1519     810    2412   1500 |    0.00        0.00
--------|----------------------------------------------------------------------------|-------|-------------|-------|-------|-------|-------|--------|-----------
         Aggregated                                                                      2779     0(0.00%) |     34       3    2412      6 |   24.40        0.00

Type     Name                                                                          # reqs      # fails |    Avg     Min     Max    Med |   req/s  failures/s
--------|----------------------------------------------------------------------------|-------|-------------|-------|-------|-------|-------|--------|-----------
GET      GET /api/v1/reservas                                                            2124     0(0.00%) |      7       4      76      7 |   19.00        0.00
GET      GET /api/v1/reservas/{id}                                                        655     0(0.00%) |      5       3      49      5 |    5.90        0.00
POST     POST /api/v1/auth/login                                                           50     0(0.00%) |   1519     810    2412   1500 |    0.00        0.00
--------|----------------------------------------------------------------------------|-------|-------------|-------|-------|-------|-------|--------|-----------
         Aggregated                                                                      2829     0(0.00%) |     33       3    2412      6 |   24.90        0.00

Type     Name                                                                          # reqs      # fails |    Avg     Min     Max    Med |   req/s  failures/s
--------|----------------------------------------------------------------------------|-------|-------------|-------|-------|-------|-------|--------|-----------
GET      GET /api/v1/reservas                                                            2167     0(0.00%) |      7       4      76      7 |   18.10        0.00
GET      GET /api/v1/reservas/{id}                                                        665     0(0.00%) |      5       3      49      5 |    5.90        0.00
POST     POST /api/v1/auth/login                                                           50     0(0.00%) |   1519     810    2412   1500 |    0.00        0.00
--------|----------------------------------------------------------------------------|-------|-------------|-------|-------|-------|-------|--------|-----------
         Aggregated                                                                      2882     0(0.00%) |     33       3    2412      6 |   24.00        0.00

Type     Name                                                                          # reqs      # fails |    Avg     Min     Max    Med |   req/s  failures/s
--------|----------------------------------------------------------------------------|-------|-------------|-------|-------|-------|-------|--------|-----------
GET      GET /api/v1/reservas                                                            2210     0(0.00%) |      7       4      76      7 |   19.30        0.00
GET      GET /api/v1/reservas/{id}                                                        676     0(0.00%) |      5       3      49      5 |    5.70        0.00
POST     POST /api/v1/auth/login                                                           50     0(0.00%) |   1519     810    2412   1500 |    0.00        0.00
--------|----------------------------------------------------------------------------|-------|-------------|-------|-------|-------|-------|--------|-----------
         Aggregated                                                                      2936     0(0.00%) |     32       3    2412      6 |   25.00        0.00

Type     Name                                                                          # reqs      # fails |    Avg     Min     Max    Med |   req/s  failures/s
--------|----------------------------------------------------------------------------|-------|-------------|-------|-------|-------|-------|--------|-----------
GET      GET /api/v1/reservas                                                            2248     0(0.00%) |      7       4      76      7 |   19.20        0.00
GET      GET /api/v1/reservas/{id}                                                        689     0(0.00%) |      5       3      49      5 |    5.60        0.00
POST     POST /api/v1/auth/login                                                           50     0(0.00%) |   1519     810    2412   1500 |    0.00        0.00
--------|----------------------------------------------------------------------------|-------|-------------|-------|-------|-------|-------|--------|-----------
         Aggregated                                                                      2987     0(0.00%) |     32       3    2412      6 |   24.80        0.00

Type     Name                                                                          # reqs      # fails |    Avg     Min     Max    Med |   req/s  failures/s
--------|----------------------------------------------------------------------------|-------|-------------|-------|-------|-------|-------|--------|-----------
GET      GET /api/v1/reservas                                                            2281     0(0.00%) |      7       4      76      7 |   19.70        0.00
GET      GET /api/v1/reservas/{id}                                                        704     0(0.00%) |      5       3      49      5 |    5.70        0.00
POST     POST /api/v1/auth/login                                                           50     0(0.00%) |   1519     810    2412   1500 |    0.00        0.00
--------|----------------------------------------------------------------------------|-------|-------------|-------|-------|-------|-------|--------|-----------
         Aggregated                                                                      3035     0(0.00%) |     32       3    2412      6 |   25.40        0.00

Type     Name                                                                          # reqs      # fails |    Avg     Min     Max    Med |   req/s  failures/s
--------|----------------------------------------------------------------------------|-------|-------------|-------|-------|-------|-------|--------|-----------
GET      GET /api/v1/reservas                                                            2321     0(0.00%) |      7       4      76      7 |   19.60        0.00
GET      GET /api/v1/reservas/{id}                                                        716     0(0.00%) |      5       3      49      5 |    5.80        0.00
POST     POST /api/v1/auth/login                                                           50     0(0.00%) |   1519     810    2412   1500 |    0.00        0.00
--------|----------------------------------------------------------------------------|-------|-------------|-------|-------|-------|-------|--------|-----------
         Aggregated                                                                      3087     0(0.00%) |     31       3    2412      6 |   25.40        0.00

Type     Name                                                                          # reqs      # fails |    Avg     Min     Max    Med |   req/s  failures/s
--------|----------------------------------------------------------------------------|-------|-------------|-------|-------|-------|-------|--------|-----------
GET      GET /api/v1/reservas                                                            2361     0(0.00%) |      7       4      76      7 |   19.90        0.00
GET      GET /api/v1/reservas/{id}                                                        728     0(0.00%) |      5       3      49      5 |    6.30        0.00
POST     POST /api/v1/auth/login                                                           50     0(0.00%) |   1519     810    2412   1500 |    0.00        0.00
--------|----------------------------------------------------------------------------|-------|-------------|-------|-------|-------|-------|--------|-----------
         Aggregated                                                                      3139     0(0.00%) |     31       3    2412      6 |   26.20        0.00

Type     Name                                                                          # reqs      # fails |    Avg     Min     Max    Med |   req/s  failures/s
--------|----------------------------------------------------------------------------|-------|-------------|-------|-------|-------|-------|--------|-----------
GET      GET /api/v1/reservas                                                            2402     0(0.00%) |      7       4      76      7 |   19.10        0.00
GET      GET /api/v1/reservas/{id}                                                        735     0(0.00%) |      5       3      49      5 |    6.50        0.00
POST     POST /api/v1/auth/login                                                           50     0(0.00%) |   1519     810    2412   1500 |    0.00        0.00
--------|----------------------------------------------------------------------------|-------|-------------|-------|-------|-------|-------|--------|-----------
         Aggregated                                                                      3187     0(0.00%) |     30       3    2412      6 |   25.60        0.00

Type     Name                                                                          # reqs      # fails |    Avg     Min     Max    Med |   req/s  failures/s
--------|----------------------------------------------------------------------------|-------|-------------|-------|-------|-------|-------|--------|-----------
GET      GET /api/v1/reservas                                                            2440     0(0.00%) |      7       4      76      7 |   19.50        0.00
GET      GET /api/v1/reservas/{id}                                                        748     0(0.00%) |      5       3      49      5 |    6.10        0.00
POST     POST /api/v1/auth/login                                                           50     0(0.00%) |   1519     810    2412   1500 |    0.00        0.00
--------|----------------------------------------------------------------------------|-------|-------------|-------|-------|-------|-------|--------|-----------
         Aggregated                                                                      3238     0(0.00%) |     30       3    2412      6 |   25.60        0.00

Type     Name                                                                          # reqs      # fails |    Avg     Min     Max    Med |   req/s  failures/s
--------|----------------------------------------------------------------------------|-------|-------------|-------|-------|-------|-------|--------|-----------
GET      GET /api/v1/reservas                                                            2478     0(0.00%) |      7       4      76      7 |   19.10        0.00
GET      GET /api/v1/reservas/{id}                                                        760     0(0.00%) |      5       3      49      5 |    6.10        0.00
POST     POST /api/v1/auth/login                                                           50     0(0.00%) |   1519     810    2412   1500 |    0.00        0.00
--------|----------------------------------------------------------------------------|-------|-------------|-------|-------|-------|-------|--------|-----------
         Aggregated                                                                      3288     0(0.00%) |     30       3    2412      6 |   25.20        0.00

Type     Name                                                                          # reqs      # fails |    Avg     Min     Max    Med |   req/s  failures/s
--------|----------------------------------------------------------------------------|-------|-------------|-------|-------|-------|-------|--------|-----------
GET      GET /api/v1/reservas                                                            2516     0(0.00%) |      7       4      76      7 |   19.30        0.00
GET      GET /api/v1/reservas/{id}                                                        776     0(0.00%) |      5       3      49      5 |    5.80        0.00
POST     POST /api/v1/auth/login                                                           50     0(0.00%) |   1519     810    2412   1500 |    0.00        0.00
--------|----------------------------------------------------------------------------|-------|-------------|-------|-------|-------|-------|--------|-----------
         Aggregated                                                                      3342     0(0.00%) |     29       3    2412      6 |   25.10        0.00

Type     Name                                                                          # reqs      # fails |    Avg     Min     Max    Med |   req/s  failures/s
--------|----------------------------------------------------------------------------|-------|-------------|-------|-------|-------|-------|--------|-----------
GET      GET /api/v1/reservas                                                            2548     0(0.00%) |      7       4      76      7 |   19.30        0.00
GET      GET /api/v1/reservas/{id}                                                        787     0(0.00%) |      5       3      49      5 |    5.60        0.00
POST     POST /api/v1/auth/login                                                           50     0(0.00%) |   1519     810    2412   1500 |    0.00        0.00
--------|----------------------------------------------------------------------------|-------|-------------|-------|-------|-------|-------|--------|-----------
         Aggregated                                                                      3385     0(0.00%) |     29       3    2412      6 |   24.90        0.00

Type     Name                                                                          # reqs      # fails |    Avg     Min     Max    Med |   req/s  failures/s
--------|----------------------------------------------------------------------------|-------|-------------|-------|-------|-------|-------|--------|-----------
GET      GET /api/v1/reservas                                                            2591     0(0.00%) |      7       4      76      7 |   19.20        0.00
GET      GET /api/v1/reservas/{id}                                                        800     0(0.00%) |      5       3      49      5 |    5.80        0.00
POST     POST /api/v1/auth/login                                                           50     0(0.00%) |   1519     810    2412   1500 |    0.00        0.00
--------|----------------------------------------------------------------------------|-------|-------------|-------|-------|-------|-------|--------|-----------
         Aggregated                                                                      3441     0(0.00%) |     29       3    2412      7 |   25.00        0.00

Type     Name                                                                          # reqs      # fails |    Avg     Min     Max    Med |   req/s  failures/s
--------|----------------------------------------------------------------------------|-------|-------------|-------|-------|-------|-------|--------|-----------
GET      GET /api/v1/reservas                                                            2626     0(0.00%) |      7       4      76      7 |   18.90        0.00
GET      GET /api/v1/reservas/{id}                                                        815     0(0.00%) |      5       3      49      5 |    6.20        0.00
POST     POST /api/v1/auth/login                                                           50     0(0.00%) |   1519     810    2412   1500 |    0.00        0.00
--------|----------------------------------------------------------------------------|-------|-------------|-------|-------|-------|-------|--------|-----------
         Aggregated                                                                      3491     0(0.00%) |     28       3    2412      6 |   25.10        0.00

Type     Name                                                                          # reqs      # fails |    Avg     Min     Max    Med |   req/s  failures/s
--------|----------------------------------------------------------------------------|-------|-------------|-------|-------|-------|-------|--------|-----------
GET      GET /api/v1/reservas                                                            2671     0(0.00%) |      7       4      76      7 |   19.00        0.00
GET      GET /api/v1/reservas/{id}                                                        823     0(0.00%) |      5       3      49      5 |    6.30        0.00
POST     POST /api/v1/auth/login                                                           50     0(0.00%) |   1519     810    2412   1500 |    0.00        0.00
--------|----------------------------------------------------------------------------|-------|-------------|-------|-------|-------|-------|--------|-----------
         Aggregated                                                                      3544     0(0.00%) |     28       3    2412      6 |   25.30        0.00

Type     Name                                                                          # reqs      # fails |    Avg     Min     Max    Med |   req/s  failures/s
--------|----------------------------------------------------------------------------|-------|-------------|-------|-------|-------|-------|--------|-----------
GET      GET /api/v1/reservas                                                            2713     0(0.00%) |      7       4      76      7 |   18.80        0.00
GET      GET /api/v1/reservas/{id}                                                        831     0(0.00%) |      5       3      49      5 |    6.80        0.00
POST     POST /api/v1/auth/login                                                           50     0(0.00%) |   1519     810    2412   1500 |    0.00        0.00
--------|----------------------------------------------------------------------------|-------|-------------|-------|-------|-------|-------|--------|-----------
         Aggregated                                                                      3594     0(0.00%) |     28       3    2412      6 |   25.60        0.00

Type     Name                                                                          # reqs      # fails |    Avg     Min     Max    Med |   req/s  failures/s
--------|----------------------------------------------------------------------------|-------|-------------|-------|-------|-------|-------|--------|-----------
GET      GET /api/v1/reservas                                                            2747     0(0.00%) |      7       4      76      7 |   19.50        0.00
GET      GET /api/v1/reservas/{id}                                                        846     0(0.00%) |      5       3      49      5 |    5.80        0.00
POST     POST /api/v1/auth/login                                                           50     0(0.00%) |   1519     810    2412   1500 |    0.00        0.00
--------|----------------------------------------------------------------------------|-------|-------------|-------|-------|-------|-------|--------|-----------
         Aggregated                                                                      3643     0(0.00%) |     27       3    2412      6 |   25.30        0.00

Type     Name                                                                          # reqs      # fails |    Avg     Min     Max    Med |   req/s  failures/s
--------|----------------------------------------------------------------------------|-------|-------------|-------|-------|-------|-------|--------|-----------
GET      GET /api/v1/reservas                                                            2783     0(0.00%) |      7       4      76      7 |   19.90        0.00
GET      GET /api/v1/reservas/{id}                                                        860     0(0.00%) |      5       3      49      5 |    5.60        0.00
POST     POST /api/v1/auth/login                                                           50     0(0.00%) |   1519     810    2412   1500 |    0.00        0.00
--------|----------------------------------------------------------------------------|-------|-------------|-------|-------|-------|-------|--------|-----------
         Aggregated                                                                      3693     0(0.00%) |     27       3    2412      6 |   25.50        0.00

Type     Name                                                                          # reqs      # fails |    Avg     Min     Max    Med |   req/s  failures/s
--------|----------------------------------------------------------------------------|-------|-------------|-------|-------|-------|-------|--------|-----------
GET      GET /api/v1/reservas                                                            2825     0(0.00%) |      7       4      76      7 |   19.10        0.00
GET      GET /api/v1/reservas/{id}                                                        869     0(0.00%) |      5       3      49      5 |    6.00        0.00
POST     POST /api/v1/auth/login                                                           50     0(0.00%) |   1519     810    2412   1500 |    0.00        0.00
--------|----------------------------------------------------------------------------|-------|-------------|-------|-------|-------|-------|--------|-----------
         Aggregated                                                                      3744     0(0.00%) |     27       3    2412      6 |   25.10        0.00

Type     Name                                                                          # reqs      # fails |    Avg     Min     Max    Med |   req/s  failures/s
--------|----------------------------------------------------------------------------|-------|-------------|-------|-------|-------|-------|--------|-----------
GET      GET /api/v1/reservas                                                            2861     0(0.00%) |      7       4      76      7 |   19.00        0.00
GET      GET /api/v1/reservas/{id}                                                        880     0(0.00%) |      5       3      49      5 |    5.80        0.00
POST     POST /api/v1/auth/login                                                           50     0(0.00%) |   1519     810    2412   1500 |    0.00        0.00
--------|----------------------------------------------------------------------------|-------|-------------|-------|-------|-------|-------|--------|-----------
         Aggregated                                                                      3791     0(0.00%) |     27       3    2412      6 |   24.80        0.00

Type     Name                                                                          # reqs      # fails |    Avg     Min     Max    Med |   req/s  failures/s
--------|----------------------------------------------------------------------------|-------|-------------|-------|-------|-------|-------|--------|-----------
GET      GET /api/v1/reservas                                                            2898     0(0.00%) |      7       4      76      7 |   19.20        0.00
GET      GET /api/v1/reservas/{id}                                                        895     0(0.00%) |      5       3      49      5 |    5.70        0.00
POST     POST /api/v1/auth/login                                                           50     0(0.00%) |   1519     810    2412   1500 |    0.00        0.00
--------|----------------------------------------------------------------------------|-------|-------------|-------|-------|-------|-------|--------|-----------
         Aggregated                                                                      3843     0(0.00%) |     26       3    2412      6 |   24.90        0.00

Type     Name                                                                          # reqs      # fails |    Avg     Min     Max    Med |   req/s  failures/s
--------|----------------------------------------------------------------------------|-------|-------------|-------|-------|-------|-------|--------|-----------
GET      GET /api/v1/reservas                                                            2931     0(0.00%) |      7       4      76      7 |   18.70        0.00
GET      GET /api/v1/reservas/{id}                                                        910     0(0.00%) |      5       3      49      5 |    6.20        0.00
POST     POST /api/v1/auth/login                                                           50     0(0.00%) |   1519     810    2412   1500 |    0.00        0.00
--------|----------------------------------------------------------------------------|-------|-------------|-------|-------|-------|-------|--------|-----------
         Aggregated                                                                      3891     0(0.00%) |     26       3    2412      6 |   24.90        0.00

Type     Name                                                                          # reqs      # fails |    Avg     Min     Max    Med |   req/s  failures/s
--------|----------------------------------------------------------------------------|-------|-------------|-------|-------|-------|-------|--------|-----------
GET      GET /api/v1/reservas                                                            2970     0(0.00%) |      7       4      76      7 |   18.30        0.00
GET      GET /api/v1/reservas/{id}                                                        920     0(0.00%) |      5       3      49      5 |    6.40        0.00
POST     POST /api/v1/auth/login                                                           50     0(0.00%) |   1519     810    2412   1500 |    0.00        0.00
--------|----------------------------------------------------------------------------|-------|-------------|-------|-------|-------|-------|--------|-----------
         Aggregated                                                                      3940     0(0.00%) |     26       3    2412      6 |   24.70        0.00

Type     Name                                                                          # reqs      # fails |    Avg     Min     Max    Med |   req/s  failures/s
--------|----------------------------------------------------------------------------|-------|-------------|-------|-------|-------|-------|--------|-----------
GET      GET /api/v1/reservas                                                            3002     0(0.00%) |      7       4      76      7 |   19.00        0.00
GET      GET /api/v1/reservas/{id}                                                        937     0(0.00%) |      5       3      49      5 |    6.00        0.00
POST     POST /api/v1/auth/login                                                           50     0(0.00%) |   1519     810    2412   1500 |    0.00        0.00
--------|----------------------------------------------------------------------------|-------|-------------|-------|-------|-------|-------|--------|-----------
         Aggregated                                                                      3989     0(0.00%) |     26       3    2412      6 |   25.00        0.00

Type     Name                                                                          # reqs      # fails |    Avg     Min     Max    Med |   req/s  failures/s
--------|----------------------------------------------------------------------------|-------|-------------|-------|-------|-------|-------|--------|-----------
GET      GET /api/v1/reservas                                                            3036     0(0.00%) |      7       4      76      7 |   18.40        0.00
GET      GET /api/v1/reservas/{id}                                                        954     0(0.00%) |      5       3      49      5 |    6.40        0.00
POST     POST /api/v1/auth/login                                                           50     0(0.00%) |   1519     810    2412   1500 |    0.00        0.00
--------|----------------------------------------------------------------------------|-------|-------------|-------|-------|-------|-------|--------|-----------
         Aggregated                                                                      4040     0(0.00%) |     25       3    2412      6 |   24.80        0.00

Type     Name                                                                          # reqs      # fails |    Avg     Min     Max    Med |   req/s  failures/s
--------|----------------------------------------------------------------------------|-------|-------------|-------|-------|-------|-------|--------|-----------
GET      GET /api/v1/reservas                                                            3077     0(0.00%) |      7       4      76      7 |   17.80        0.00
GET      GET /api/v1/reservas/{id}                                                        964     0(0.00%) |      5       3      49      5 |    6.50        0.00
POST     POST /api/v1/auth/login                                                           50     0(0.00%) |   1519     810    2412   1500 |    0.00        0.00
--------|----------------------------------------------------------------------------|-------|-------------|-------|-------|-------|-------|--------|-----------
         Aggregated                                                                      4091     0(0.00%) |     25       3    2412      6 |   24.30        0.00

Type     Name                                                                          # reqs      # fails |    Avg     Min     Max    Med |   req/s  failures/s
--------|----------------------------------------------------------------------------|-------|-------------|-------|-------|-------|-------|--------|-----------
GET      GET /api/v1/reservas                                                            3108     0(0.00%) |      7       4      76      7 |   18.10        0.00
GET      GET /api/v1/reservas/{id}                                                        984     0(0.00%) |      5       3      49      5 |    7.00        0.00
POST     POST /api/v1/auth/login                                                           50     0(0.00%) |   1519     810    2412   1500 |    0.00        0.00
--------|----------------------------------------------------------------------------|-------|-------------|-------|-------|-------|-------|--------|-----------
         Aggregated                                                                      4142     0(0.00%) |     25       3    2412      6 |   25.10        0.00

Type     Name                                                                          # reqs      # fails |    Avg     Min     Max    Med |   req/s  failures/s
--------|----------------------------------------------------------------------------|-------|-------------|-------|-------|-------|-------|--------|-----------
GET      GET /api/v1/reservas                                                            3147     0(0.00%) |      7       4      76      7 |   17.10        0.00
GET      GET /api/v1/reservas/{id}                                                        995     0(0.00%) |      5       3      49      5 |    7.10        0.00
POST     POST /api/v1/auth/login                                                           50     0(0.00%) |   1519     810    2412   1500 |    0.00        0.00
--------|----------------------------------------------------------------------------|-------|-------------|-------|-------|-------|-------|--------|-----------
         Aggregated                                                                      4192     0(0.00%) |     25       3    2412      6 |   24.20        0.00

Type     Name                                                                          # reqs      # fails |    Avg     Min     Max    Med |   req/s  failures/s
--------|----------------------------------------------------------------------------|-------|-------------|-------|-------|-------|-------|--------|-----------
GET      GET /api/v1/reservas                                                            3186     0(0.00%) |      7       4      76      7 |   17.20        0.00
GET      GET /api/v1/reservas/{id}                                                       1004     0(0.00%) |      5       3      49      5 |    7.30        0.00
POST     POST /api/v1/auth/login                                                           50     0(0.00%) |   1519     810    2412   1500 |    0.00        0.00
--------|----------------------------------------------------------------------------|-------|-------------|-------|-------|-------|-------|--------|-----------
         Aggregated                                                                      4240     0(0.00%) |     24       3    2412      6 |   24.50        0.00

Type     Name                                                                          # reqs      # fails |    Avg     Min     Max    Med |   req/s  failures/s
--------|----------------------------------------------------------------------------|-------|-------------|-------|-------|-------|-------|--------|-----------
GET      GET /api/v1/reservas                                                            3224     0(0.00%) |      7       4      76      7 |   17.60        0.00
GET      GET /api/v1/reservas/{id}                                                       1013     0(0.00%) |      5       3      49      5 |    7.10        0.00
POST     POST /api/v1/auth/login                                                           50     0(0.00%) |   1519     810    2412   1500 |    0.00        0.00
--------|----------------------------------------------------------------------------|-------|-------------|-------|-------|-------|-------|--------|-----------
         Aggregated                                                                      4287     0(0.00%) |     24       3    2412      6 |   24.70        0.00

Type     Name                                                                          # reqs      # fails |    Avg     Min     Max    Med |   req/s  failures/s
--------|----------------------------------------------------------------------------|-------|-------------|-------|-------|-------|-------|--------|-----------
GET      GET /api/v1/reservas                                                            3258     0(0.00%) |      7       4      76      7 |   18.10        0.00
GET      GET /api/v1/reservas/{id}                                                       1025     0(0.00%) |      5       3      49      5 |    6.60        0.00
POST     POST /api/v1/auth/login                                                           50     0(0.00%) |   1519     810    2412   1500 |    0.00        0.00
--------|----------------------------------------------------------------------------|-------|-------------|-------|-------|-------|-------|--------|-----------
         Aggregated                                                                      4333     0(0.00%) |     24       3    2412      6 |   24.70        0.00

Type     Name                                                                          # reqs      # fails |    Avg     Min     Max    Med |   req/s  failures/s
--------|----------------------------------------------------------------------------|-------|-------------|-------|-------|-------|-------|--------|-----------
GET      GET /api/v1/reservas                                                            3301     0(0.00%) |      7       4      76      7 |   18.30        0.00
GET      GET /api/v1/reservas/{id}                                                       1034     0(0.00%) |      5       3      49      5 |    6.20        0.00
POST     POST /api/v1/auth/login                                                           50     0(0.00%) |   1519     810    2412   1500 |    0.00        0.00
--------|----------------------------------------------------------------------------|-------|-------------|-------|-------|-------|-------|--------|-----------
         Aggregated                                                                      4385     0(0.00%) |     24       3    2412      7 |   24.50        0.00

Type     Name                                                                          # reqs      # fails |    Avg     Min     Max    Med |   req/s  failures/s
--------|----------------------------------------------------------------------------|-------|-------------|-------|-------|-------|-------|--------|-----------
GET      GET /api/v1/reservas                                                            3337     0(0.00%) |      7       4      76      7 |   19.50        0.00
GET      GET /api/v1/reservas/{id}                                                       1050     0(0.00%) |      5       3      49      5 |    5.70        0.00
POST     POST /api/v1/auth/login                                                           50     0(0.00%) |   1519     810    2412   1500 |    0.00        0.00
--------|----------------------------------------------------------------------------|-------|-------------|-------|-------|-------|-------|--------|-----------
         Aggregated                                                                      4437     0(0.00%) |     24       3    2412      7 |   25.20        0.00

Type     Name                                                                          # reqs      # fails |    Avg     Min     Max    Med |   req/s  failures/s
--------|----------------------------------------------------------------------------|-------|-------------|-------|-------|-------|-------|--------|-----------
GET      GET /api/v1/reservas                                                            3369     0(0.00%) |      7       4      76      7 |   19.40        0.00
GET      GET /api/v1/reservas/{id}                                                       1059     0(0.00%) |      5       3      49      5 |    5.50        0.00
POST     POST /api/v1/auth/login                                                           50     0(0.00%) |   1519     810    2412   1500 |    0.00        0.00
--------|----------------------------------------------------------------------------|-------|-------------|-------|-------|-------|-------|--------|-----------
         Aggregated                                                                      4478     0(0.00%) |     23       3    2412      7 |   24.90        0.00

Type     Name                                                                          # reqs      # fails |    Avg     Min     Max    Med |   req/s  failures/s
--------|----------------------------------------------------------------------------|-------|-------------|-------|-------|-------|-------|--------|-----------
GET      GET /api/v1/reservas                                                            3411     0(0.00%) |      7       4      76      7 |   19.40        0.00
GET      GET /api/v1/reservas/{id}                                                       1074     0(0.00%) |      5       3      49      5 |    5.70        0.00
POST     POST /api/v1/auth/login                                                           50     0(0.00%) |   1519     810    2412   1500 |    0.00        0.00
--------|----------------------------------------------------------------------------|-------|-------------|-------|-------|-------|-------|--------|-----------
         Aggregated                                                                      4535     0(0.00%) |     23       3    2412      7 |   25.10        0.00

Type     Name                                                                          # reqs      # fails |    Avg     Min     Max    Med |   req/s  failures/s
--------|----------------------------------------------------------------------------|-------|-------------|-------|-------|-------|-------|--------|-----------
GET      GET /api/v1/reservas                                                            3455     0(0.00%) |      7       4      76      7 |   19.40        0.00
GET      GET /api/v1/reservas/{id}                                                       1084     0(0.00%) |      5       3      49      5 |    5.80        0.00
POST     POST /api/v1/auth/login                                                           50     0(0.00%) |   1519     810    2412   1500 |    0.00        0.00
--------|----------------------------------------------------------------------------|-------|-------------|-------|-------|-------|-------|--------|-----------
         Aggregated                                                                      4589     0(0.00%) |     23       3    2412      7 |   25.20        0.00

Type     Name                                                                          # reqs      # fails |    Avg     Min     Max    Med |   req/s  failures/s
--------|----------------------------------------------------------------------------|-------|-------------|-------|-------|-------|-------|--------|-----------
GET      GET /api/v1/reservas                                                            3494     0(0.00%) |      7       4      76      7 |   18.90        0.00
GET      GET /api/v1/reservas/{id}                                                       1093     0(0.00%) |      5       3      49      5 |    5.90        0.00
POST     POST /api/v1/auth/login                                                           50     0(0.00%) |   1519     810    2412   1500 |    0.00        0.00
--------|----------------------------------------------------------------------------|-------|-------------|-------|-------|-------|-------|--------|-----------
         Aggregated                                                                      4637     0(0.00%) |     23       3    2412      7 |   24.80        0.00

Type     Name                                                                          # reqs      # fails |    Avg     Min     Max    Med |   req/s  failures/s
--------|----------------------------------------------------------------------------|-------|-------------|-------|-------|-------|-------|--------|-----------
GET      GET /api/v1/reservas                                                            3525     0(0.00%) |      7       4      76      7 |   19.10        0.00
GET      GET /api/v1/reservas/{id}                                                       1108     0(0.00%) |      5       3      49      5 |    5.90        0.00
POST     POST /api/v1/auth/login                                                           50     0(0.00%) |   1519     810    2412   1500 |    0.00        0.00
--------|----------------------------------------------------------------------------|-------|-------------|-------|-------|-------|-------|--------|-----------
         Aggregated                                                                      4683     0(0.00%) |     23       3    2412      7 |   25.00        0.00

Type     Name                                                                          # reqs      # fails |    Avg     Min     Max    Med |   req/s  failures/s
--------|----------------------------------------------------------------------------|-------|-------------|-------|-------|-------|-------|--------|-----------
GET      GET /api/v1/reservas                                                            3560     0(0.00%) |      7       4      76      7 |   19.30        0.00
GET      GET /api/v1/reservas/{id}                                                       1126     0(0.00%) |      5       3      49      5 |    6.30        0.00
POST     POST /api/v1/auth/login                                                           50     0(0.00%) |   1519     810    2412   1500 |    0.00        0.00
--------|----------------------------------------------------------------------------|-------|-------------|-------|-------|-------|-------|--------|-----------
         Aggregated                                                                      4736     0(0.00%) |     22       3    2412      7 |   25.60        0.00

Type     Name                                                                          # reqs      # fails |    Avg     Min     Max    Med |   req/s  failures/s
--------|----------------------------------------------------------------------------|-------|-------------|-------|-------|-------|-------|--------|-----------
GET      GET /api/v1/reservas                                                            3597     0(0.00%) |      7       4      76      7 |   19.00        0.00
GET      GET /api/v1/reservas/{id}                                                       1137     0(0.00%) |      5       3      49      5 |    6.00        0.00
POST     POST /api/v1/auth/login                                                           50     0(0.00%) |   1519     810    2412   1500 |    0.00        0.00
--------|----------------------------------------------------------------------------|-------|-------------|-------|-------|-------|-------|--------|-----------
         Aggregated                                                                      4784     0(0.00%) |     22       3    2412      7 |   25.00        0.00

Type     Name                                                                          # reqs      # fails |    Avg     Min     Max    Med |   req/s  failures/s
--------|----------------------------------------------------------------------------|-------|-------------|-------|-------|-------|-------|--------|-----------
GET      GET /api/v1/reservas                                                            3633     0(0.00%) |      7       4      76      7 |   18.70        0.00
GET      GET /api/v1/reservas/{id}                                                       1151     0(0.00%) |      5       3      49      5 |    6.70        0.00
POST     POST /api/v1/auth/login                                                           50     0(0.00%) |   1519     810    2412   1500 |    0.00        0.00
--------|----------------------------------------------------------------------------|-------|-------------|-------|-------|-------|-------|--------|-----------
         Aggregated                                                                      4834     0(0.00%) |     22       3    2412      7 |   25.40        0.00

Type     Name                                                                          # reqs      # fails |    Avg     Min     Max    Med |   req/s  failures/s
--------|----------------------------------------------------------------------------|-------|-------------|-------|-------|-------|-------|--------|-----------
GET      GET /api/v1/reservas                                                            3666     0(0.00%) |      7       4      76      7 |   18.70        0.00
GET      GET /api/v1/reservas/{id}                                                       1168     0(0.00%) |      5       3      49      5 |    6.60        0.00
POST     POST /api/v1/auth/login                                                           50     0(0.00%) |   1519     810    2412   1500 |    0.00        0.00
--------|----------------------------------------------------------------------------|-------|-------------|-------|-------|-------|-------|--------|-----------
         Aggregated                                                                      4884     0(0.00%) |     22       3    2412      7 |   25.30        0.00

Type     Name                                                                          # reqs      # fails |    Avg     Min     Max    Med |   req/s  failures/s
--------|----------------------------------------------------------------------------|-------|-------------|-------|-------|-------|-------|--------|-----------
GET      GET /api/v1/reservas                                                            3706     0(0.00%) |      7       4      76      7 |   18.30        0.00
GET      GET /api/v1/reservas/{id}                                                       1183     0(0.00%) |      5       3      49      5 |    7.30        0.00
POST     POST /api/v1/auth/login                                                           50     0(0.00%) |   1519     810    2412   1500 |    0.00        0.00
--------|----------------------------------------------------------------------------|-------|-------------|-------|-------|-------|-------|--------|-----------
         Aggregated                                                                      4939     0(0.00%) |     22       3    2412      7 |   25.60        0.00

Type     Name                                                                          # reqs      # fails |    Avg     Min     Max    Med |   req/s  failures/s
--------|----------------------------------------------------------------------------|-------|-------------|-------|-------|-------|-------|--------|-----------
GET      GET /api/v1/reservas                                                            3736     0(0.00%) |      7       4      76      7 |   17.10        0.00
GET      GET /api/v1/reservas/{id}                                                       1200     0(0.00%) |      5       3      49      5 |    7.30        0.00
POST     POST /api/v1/auth/login                                                           50     0(0.00%) |   1519     810    2412   1500 |    0.00        0.00
--------|----------------------------------------------------------------------------|-------|-------------|-------|-------|-------|-------|--------|-----------
         Aggregated                                                                      4986     0(0.00%) |     22       3    2412      7 |   24.40        0.00

Type     Name                                                                          # reqs      # fails |    Avg     Min     Max    Med |   req/s  failures/s
--------|----------------------------------------------------------------------------|-------|-------------|-------|-------|-------|-------|--------|-----------
GET      GET /api/v1/reservas                                                            3770     0(0.00%) |      7       4      76      7 |   17.30        0.00
GET      GET /api/v1/reservas/{id}                                                       1210     0(0.00%) |      5       3      49      5 |    7.30        0.00
POST     POST /api/v1/auth/login                                                           50     0(0.00%) |   1519     810    2412   1500 |    0.00        0.00
--------|----------------------------------------------------------------------------|-------|-------------|-------|-------|-------|-------|--------|-----------
         Aggregated                                                                      5030     0(0.00%) |     22       3    2412      7 |   24.60        0.00

Type     Name                                                                          # reqs      # fails |    Avg     Min     Max    Med |   req/s  failures/s
--------|----------------------------------------------------------------------------|-------|-------------|-------|-------|-------|-------|--------|-----------
GET      GET /api/v1/reservas                                                            3808     0(0.00%) |      7       4      76      7 |   17.80        0.00
GET      GET /api/v1/reservas/{id}                                                       1223     0(0.00%) |      5       3      49      5 |    7.10        0.00
POST     POST /api/v1/auth/login                                                           50     0(0.00%) |   1519     810    2412   1500 |    0.00        0.00
--------|----------------------------------------------------------------------------|-------|-------------|-------|-------|-------|-------|--------|-----------
         Aggregated                                                                      5081     0(0.00%) |     21       3    2412      7 |   24.90        0.00

Type     Name                                                                          # reqs      # fails |    Avg     Min     Max    Med |   req/s  failures/s
--------|----------------------------------------------------------------------------|-------|-------------|-------|-------|-------|-------|--------|-----------
GET      GET /api/v1/reservas                                                            3844     0(0.00%) |      7       4      76      7 |   17.30        0.00
GET      GET /api/v1/reservas/{id}                                                       1237     0(0.00%) |      5       3      49      5 |    7.30        0.00
POST     POST /api/v1/auth/login                                                           50     0(0.00%) |   1519     810    2412   1500 |    0.00        0.00
--------|----------------------------------------------------------------------------|-------|-------------|-------|-------|-------|-------|--------|-----------
         Aggregated                                                                      5131     0(0.00%) |     21       3    2412      7 |   24.60        0.00

Type     Name                                                                          # reqs      # fails |    Avg     Min     Max    Med |   req/s  failures/s
--------|----------------------------------------------------------------------------|-------|-------------|-------|-------|-------|-------|--------|-----------
GET      GET /api/v1/reservas                                                            3884     0(0.00%) |      7       4      76      7 |   17.80        0.00
GET      GET /api/v1/reservas/{id}                                                       1249     0(0.00%) |      5       3      49      5 |    6.70        0.00
POST     POST /api/v1/auth/login                                                           50     0(0.00%) |   1519     810    2412   1500 |    0.00        0.00
--------|----------------------------------------------------------------------------|-------|-------------|-------|-------|-------|-------|--------|-----------
         Aggregated                                                                      5183     0(0.00%) |     21       3    2412      7 |   24.50        0.00

Type     Name                                                                          # reqs      # fails |    Avg     Min     Max    Med |   req/s  failures/s
--------|----------------------------------------------------------------------------|-------|-------------|-------|-------|-------|-------|--------|-----------
GET      GET /api/v1/reservas                                                            3925     0(0.00%) |      7       4      76      7 |   18.80        0.00
GET      GET /api/v1/reservas/{id}                                                       1258     0(0.00%) |      5       3      55      5 |    6.80        0.00
POST     POST /api/v1/auth/login                                                           50     0(0.00%) |   1519     810    2412   1500 |    0.00        0.00
--------|----------------------------------------------------------------------------|-------|-------------|-------|-------|-------|-------|--------|-----------
         Aggregated                                                                      5233     0(0.00%) |     21       3    2412      7 |   25.60        0.00

Type     Name                                                                          # reqs      # fails |    Avg     Min     Max    Med |   req/s  failures/s
--------|----------------------------------------------------------------------------|-------|-------------|-------|-------|-------|-------|--------|-----------
GET      GET /api/v1/reservas                                                            3964     0(0.00%) |      7       4      76      7 |   18.80        0.00
GET      GET /api/v1/reservas/{id}                                                       1270     0(0.00%) |      5       3      55      5 |    6.20        0.00
POST     POST /api/v1/auth/login                                                           50     0(0.00%) |   1519     810    2412   1500 |    0.00        0.00
--------|----------------------------------------------------------------------------|-------|-------------|-------|-------|-------|-------|--------|-----------
         Aggregated                                                                      5284     0(0.00%) |     21       3    2412      7 |   25.00        0.00

Type     Name                                                                          # reqs      # fails |    Avg     Min     Max    Med |   req/s  failures/s
--------|----------------------------------------------------------------------------|-------|-------------|-------|-------|-------|-------|--------|-----------
GET      GET /api/v1/reservas                                                            4003     0(0.00%) |      7       4      76      7 |   18.20        0.00
GET      GET /api/v1/reservas/{id}                                                       1280     0(0.00%) |      5       3      55      5 |    5.80        0.00
POST     POST /api/v1/auth/login                                                           50     0(0.00%) |   1519     810    2412   1500 |    0.00        0.00
--------|----------------------------------------------------------------------------|-------|-------------|-------|-------|-------|-------|--------|-----------
         Aggregated                                                                      5333     0(0.00%) |     21       3    2412      7 |   24.00        0.00

Type     Name                                                                          # reqs      # fails |    Avg     Min     Max    Med |   req/s  failures/s
--------|----------------------------------------------------------------------------|-------|-------------|-------|-------|-------|-------|--------|-----------
GET      GET /api/v1/reservas                                                            4043     0(0.00%) |      7       4      76      7 |   18.90        0.00
GET      GET /api/v1/reservas/{id}                                                       1292     0(0.00%) |      5       3      55      5 |    5.80        0.00
POST     POST /api/v1/auth/login                                                           50     0(0.00%) |   1519     810    2412   1500 |    0.00        0.00
--------|----------------------------------------------------------------------------|-------|-------------|-------|-------|-------|-------|--------|-----------
         Aggregated                                                                      5385     0(0.00%) |     21       3    2412      7 |   24.70        0.00

Type     Name                                                                          # reqs      # fails |    Avg     Min     Max    Med |   req/s  failures/s
--------|----------------------------------------------------------------------------|-------|-------------|-------|-------|-------|-------|--------|-----------
GET      GET /api/v1/reservas                                                            4079     0(0.00%) |      7       4      76      7 |   18.80        0.00
GET      GET /api/v1/reservas/{id}                                                       1303     0(0.00%) |      5       3      55      5 |    5.90        0.00
POST     POST /api/v1/auth/login                                                           50     0(0.00%) |   1519     810    2412   1500 |    0.00        0.00
--------|----------------------------------------------------------------------------|-------|-------------|-------|-------|-------|-------|--------|-----------
         Aggregated                                                                      5432     0(0.00%) |     20       3    2412      7 |   24.70        0.00

Type     Name                                                                          # reqs      # fails |    Avg     Min     Max    Med |   req/s  failures/s
--------|----------------------------------------------------------------------------|-------|-------------|-------|-------|-------|-------|--------|-----------
GET      GET /api/v1/reservas                                                            4110     0(0.00%) |      7       4      76      7 |   18.80        0.00
GET      GET /api/v1/reservas/{id}                                                       1317     0(0.00%) |      5       3      55      5 |    5.50        0.00
POST     POST /api/v1/auth/login                                                           50     0(0.00%) |   1519     810    2412   1500 |    0.00        0.00
--------|----------------------------------------------------------------------------|-------|-------------|-------|-------|-------|-------|--------|-----------
         Aggregated                                                                      5477     0(0.00%) |     20       3    2412      7 |   24.30        0.00

Type     Name                                                                          # reqs      # fails |    Avg     Min     Max    Med |   req/s  failures/s
--------|----------------------------------------------------------------------------|-------|-------------|-------|-------|-------|-------|--------|-----------
GET      GET /api/v1/reservas                                                            4147     0(0.00%) |      7       4      76      7 |   18.90        0.00
GET      GET /api/v1/reservas/{id}                                                       1331     0(0.00%) |      5       3      55      5 |    5.80        0.00
POST     POST /api/v1/auth/login                                                           50     0(0.00%) |   1519     810    2412   1500 |    0.00        0.00
--------|----------------------------------------------------------------------------|-------|-------------|-------|-------|-------|-------|--------|-----------
         Aggregated                                                                      5528     0(0.00%) |     20       3    2412      7 |   24.70        0.00

Type     Name                                                                          # reqs      # fails |    Avg     Min     Max    Med |   req/s  failures/s
--------|----------------------------------------------------------------------------|-------|-------------|-------|-------|-------|-------|--------|-----------
GET      GET /api/v1/reservas                                                            4181     0(0.00%) |      7       4      76      7 |   19.00        0.00
GET      GET /api/v1/reservas/{id}                                                       1341     0(0.00%) |      5       3      55      5 |    6.30        0.00
POST     POST /api/v1/auth/login                                                           50     0(0.00%) |   1519     810    2412   1500 |    0.00        0.00
--------|----------------------------------------------------------------------------|-------|-------------|-------|-------|-------|-------|--------|-----------
         Aggregated                                                                      5572     0(0.00%) |     20       3    2412      7 |   25.30        0.00

Type     Name                                                                          # reqs      # fails |    Avg     Min     Max    Med |   req/s  failures/s
--------|----------------------------------------------------------------------------|-------|-------------|-------|-------|-------|-------|--------|-----------
GET      GET /api/v1/reservas                                                            4221     0(0.00%) |      7       4      76      7 |   18.50        0.00
GET      GET /api/v1/reservas/{id}                                                       1356     0(0.00%) |      5       3      55      5 |    6.20        0.00
POST     POST /api/v1/auth/login                                                           50     0(0.00%) |   1519     810    2412   1500 |    0.00        0.00
--------|----------------------------------------------------------------------------|-------|-------------|-------|-------|-------|-------|--------|-----------
         Aggregated                                                                      5627     0(0.00%) |     20       3    2412      7 |   24.70        0.00

Type     Name                                                                          # reqs      # fails |    Avg     Min     Max    Med |   req/s  failures/s
--------|----------------------------------------------------------------------------|-------|-------------|-------|-------|-------|-------|--------|-----------
GET      GET /api/v1/reservas                                                            4262     0(0.00%) |      7       4      76      7 |   18.10        0.00
GET      GET /api/v1/reservas/{id}                                                       1367     0(0.00%) |      5       3      55      5 |    5.90        0.00
POST     POST /api/v1/auth/login                                                           50     0(0.00%) |   1519     810    2412   1500 |    0.00        0.00
--------|----------------------------------------------------------------------------|-------|-------------|-------|-------|-------|-------|--------|-----------
         Aggregated                                                                      5679     0(0.00%) |     20       3    2412      6 |   24.00        0.00

Type     Name                                                                          # reqs      # fails |    Avg     Min     Max    Med |   req/s  failures/s
--------|----------------------------------------------------------------------------|-------|-------------|-------|-------|-------|-------|--------|-----------
GET      GET /api/v1/reservas                                                            4294     0(0.00%) |      7       4      76      7 |   18.50        0.00
GET      GET /api/v1/reservas/{id}                                                       1383     0(0.00%) |      5       3      55      5 |    6.10        0.00
POST     POST /api/v1/auth/login                                                           50     0(0.00%) |   1519     810    2412   1500 |    0.00        0.00
--------|----------------------------------------------------------------------------|-------|-------------|-------|-------|-------|-------|--------|-----------
         Aggregated                                                                      5727     0(0.00%) |     20       3    2412      6 |   24.60        0.00

Type     Name                                                                          # reqs      # fails |    Avg     Min     Max    Med |   req/s  failures/s
--------|----------------------------------------------------------------------------|-------|-------------|-------|-------|-------|-------|--------|-----------
GET      GET /api/v1/reservas                                                            4335     0(0.00%) |      7       4      76      7 |   18.50        0.00
GET      GET /api/v1/reservas/{id}                                                       1394     0(0.00%) |      5       3      55      5 |    6.40        0.00
POST     POST /api/v1/auth/login                                                           50     0(0.00%) |   1519     810    2412   1500 |    0.00        0.00
--------|----------------------------------------------------------------------------|-------|-------------|-------|-------|-------|-------|--------|-----------
         Aggregated                                                                      5779     0(0.00%) |     20       3    2412      6 |   24.90        0.00

Type     Name                                                                          # reqs      # fails |    Avg     Min     Max    Med |   req/s  failures/s
--------|----------------------------------------------------------------------------|-------|-------------|-------|-------|-------|-------|--------|-----------
GET      GET /api/v1/reservas                                                            4370     0(0.00%) |      7       4      76      7 |   18.80        0.00
GET      GET /api/v1/reservas/{id}                                                       1412     0(0.00%) |      5       3      55      5 |    6.40        0.00
POST     POST /api/v1/auth/login                                                           50     0(0.00%) |   1519     810    2412   1500 |    0.00        0.00
--------|----------------------------------------------------------------------------|-------|-------------|-------|-------|-------|-------|--------|-----------
         Aggregated                                                                      5832     0(0.00%) |     19       3    2412      6 |   25.20        0.00

Type     Name                                                                          # reqs      # fails |    Avg     Min     Max    Med |   req/s  failures/s
--------|----------------------------------------------------------------------------|-------|-------------|-------|-------|-------|-------|--------|-----------
GET      GET /api/v1/reservas                                                            4411     0(0.00%) |      7       4      76      7 |   18.60        0.00
GET      GET /api/v1/reservas/{id}                                                       1424     0(0.00%) |      5       3      55      5 |    6.60        0.00
POST     POST /api/v1/auth/login                                                           50     0(0.00%) |   1519     810    2412   1500 |    0.00        0.00
--------|----------------------------------------------------------------------------|-------|-------------|-------|-------|-------|-------|--------|-----------
         Aggregated                                                                      5885     0(0.00%) |     19       3    2412      6 |   25.20        0.00

Type     Name                                                                          # reqs      # fails |    Avg     Min     Max    Med |   req/s  failures/s
--------|----------------------------------------------------------------------------|-------|-------------|-------|-------|-------|-------|--------|-----------
GET      GET /api/v1/reservas                                                            4445     0(0.00%) |      7       4      76      7 |   18.40        0.00
GET      GET /api/v1/reservas/{id}                                                       1436     0(0.00%) |      5       3      55      5 |    7.10        0.00
POST     POST /api/v1/auth/login                                                           50     0(0.00%) |   1519     810    2412   1500 |    0.00        0.00
--------|----------------------------------------------------------------------------|-------|-------------|-------|-------|-------|-------|--------|-----------
         Aggregated                                                                      5931     0(0.00%) |     19       3    2412      6 |   25.50        0.00

Type     Name                                                                          # reqs      # fails |    Avg     Min     Max    Med |   req/s  failures/s
--------|----------------------------------------------------------------------------|-------|-------------|-------|-------|-------|-------|--------|-----------
GET      GET /api/v1/reservas                                                            4477     0(0.00%) |      7       4      76      7 |   18.50        0.00
GET      GET /api/v1/reservas/{id}                                                       1449     0(0.00%) |      6       3      77      5 |    7.00        0.00
POST     POST /api/v1/auth/login                                                           50     0(0.00%) |   1519     810    2412   1500 |    0.00        0.00
--------|----------------------------------------------------------------------------|-------|-------------|-------|-------|-------|-------|--------|-----------
         Aggregated                                                                      5976     0(0.00%) |     19       3    2412      6 |   25.50        0.00

Type     Name                                                                          # reqs      # fails |    Avg     Min     Max    Med |   req/s  failures/s
--------|----------------------------------------------------------------------------|-------|-------------|-------|-------|-------|-------|--------|-----------
GET      GET /api/v1/reservas                                                            4518     0(0.00%) |      7       4      76      7 |   18.60        0.00
GET      GET /api/v1/reservas/{id}                                                       1459     0(0.00%) |      6       3      77      5 |    7.20        0.00
POST     POST /api/v1/auth/login                                                           50     0(0.00%) |   1519     810    2412   1500 |    0.00        0.00
--------|----------------------------------------------------------------------------|-------|-------------|-------|-------|-------|-------|--------|-----------
         Aggregated                                                                      6027     0(0.00%) |     19       3    2412      6 |   25.80        0.00

Type     Name                                                                          # reqs      # fails |    Avg     Min     Max    Med |   req/s  failures/s
--------|----------------------------------------------------------------------------|-------|-------------|-------|-------|-------|-------|--------|-----------
GET      GET /api/v1/reservas                                                            4559     0(0.00%) |      7       4      76      7 |   18.10        0.00
GET      GET /api/v1/reservas/{id}                                                       1472     0(0.00%) |      6       3      77      5 |    6.70        0.00
POST     POST /api/v1/auth/login                                                           50     0(0.00%) |   1519     810    2412   1500 |    0.00        0.00
--------|----------------------------------------------------------------------------|-------|-------------|-------|-------|-------|-------|--------|-----------
         Aggregated                                                                      6081     0(0.00%) |     19       3    2412      6 |   24.80        0.00

Type     Name                                                                          # reqs      # fails |    Avg     Min     Max    Med |   req/s  failures/s
--------|----------------------------------------------------------------------------|-------|-------------|-------|-------|-------|-------|--------|-----------
GET      GET /api/v1/reservas                                                            4597     0(0.00%) |      7       4      76      7 |   18.60        0.00
GET      GET /api/v1/reservas/{id}                                                       1484     0(0.00%) |      6       3      77      5 |    6.30        0.00
POST     POST /api/v1/auth/login                                                           50     0(0.00%) |   1519     810    2412   1500 |    0.00        0.00
--------|----------------------------------------------------------------------------|-------|-------------|-------|-------|-------|-------|--------|-----------
         Aggregated                                                                      6131     0(0.00%) |     19       3    2412      6 |   24.90        0.00

Type     Name                                                                          # reqs      # fails |    Avg     Min     Max    Med |   req/s  failures/s
--------|----------------------------------------------------------------------------|-------|-------------|-------|-------|-------|-------|--------|-----------
GET      GET /api/v1/reservas                                                            4631     0(0.00%) |      7       4      76      7 |   18.80        0.00
GET      GET /api/v1/reservas/{id}                                                       1495     0(0.00%) |      6       3      77      5 |    6.10        0.00
POST     POST /api/v1/auth/login                                                           50     0(0.00%) |   1519     810    2412   1500 |    0.00        0.00
--------|----------------------------------------------------------------------------|-------|-------------|-------|-------|-------|-------|--------|-----------
         Aggregated                                                                      6176     0(0.00%) |     19       3    2412      6 |   24.90        0.00

Type     Name                                                                          # reqs      # fails |    Avg     Min     Max    Med |   req/s  failures/s
--------|----------------------------------------------------------------------------|-------|-------------|-------|-------|-------|-------|--------|-----------
GET      GET /api/v1/reservas                                                            4669     0(0.00%) |      7       4      76      7 |   18.80        0.00
GET      GET /api/v1/reservas/{id}                                                       1505     0(0.00%) |      6       3      77      5 |    5.70        0.00
POST     POST /api/v1/auth/login                                                           50     0(0.00%) |   1519     810    2412   1500 |    0.00        0.00
--------|----------------------------------------------------------------------------|-------|-------------|-------|-------|-------|-------|--------|-----------
         Aggregated                                                                      6224     0(0.00%) |     19       3    2412      6 |   24.50        0.00

Type     Name                                                                          # reqs      # fails |    Avg     Min     Max    Med |   req/s  failures/s
--------|----------------------------------------------------------------------------|-------|-------------|-------|-------|-------|-------|--------|-----------
GET      GET /api/v1/reservas                                                            4713     0(0.00%) |      7       4      76      7 |   18.30        0.00
GET      GET /api/v1/reservas/{id}                                                       1512     0(0.00%) |      6       3      77      5 |    5.70        0.00
POST     POST /api/v1/auth/login                                                           50     0(0.00%) |   1519     810    2412   1500 |    0.00        0.00
--------|----------------------------------------------------------------------------|-------|-------------|-------|-------|-------|-------|--------|-----------
         Aggregated                                                                      6275     0(0.00%) |     19       3    2412      6 |   24.00        0.00

Type     Name                                                                          # reqs      # fails |    Avg     Min     Max    Med |   req/s  failures/s
--------|----------------------------------------------------------------------------|-------|-------------|-------|-------|-------|-------|--------|-----------
GET      GET /api/v1/reservas                                                            4754     0(0.00%) |      7       4      76      7 |   19.70        0.00
GET      GET /api/v1/reservas/{id}                                                       1521     0(0.00%) |      6       3      77      5 |    5.20        0.00
POST     POST /api/v1/auth/login                                                           50     0(0.00%) |   1519     810    2412   1500 |    0.00        0.00
--------|----------------------------------------------------------------------------|-------|-------------|-------|-------|-------|-------|--------|-----------
         Aggregated                                                                      6325     0(0.00%) |     19       3    2412      6 |   24.90        0.00

Type     Name                                                                          # reqs      # fails |    Avg     Min     Max    Med |   req/s  failures/s
--------|----------------------------------------------------------------------------|-------|-------------|-------|-------|-------|-------|--------|-----------
GET      GET /api/v1/reservas                                                            4794     0(0.00%) |      7       4      76      7 |   19.80        0.00
GET      GET /api/v1/reservas/{id}                                                       1533     0(0.00%) |      6       3      77      5 |    4.50        0.00
POST     POST /api/v1/auth/login                                                           50     0(0.00%) |   1519     810    2412   1500 |    0.00        0.00
--------|----------------------------------------------------------------------------|-------|-------------|-------|-------|-------|-------|--------|-----------
         Aggregated                                                                      6377     0(0.00%) |     18       3    2412      6 |   24.30        0.00

Type     Name                                                                          # reqs      # fails |    Avg     Min     Max    Med |   req/s  failures/s
--------|----------------------------------------------------------------------------|-------|-------------|-------|-------|-------|-------|--------|-----------
GET      GET /api/v1/reservas                                                            4830     0(0.00%) |      7       4      76      7 |   19.60        0.00
GET      GET /api/v1/reservas/{id}                                                       1544     0(0.00%) |      5       3      77      5 |    4.80        0.00
POST     POST /api/v1/auth/login                                                           50     0(0.00%) |   1519     810    2412   1500 |    0.00        0.00
--------|----------------------------------------------------------------------------|-------|-------------|-------|-------|-------|-------|--------|-----------
         Aggregated                                                                      6424     0(0.00%) |     18       3    2412      6 |   24.40        0.00

Type     Name                                                                          # reqs      # fails |    Avg     Min     Max    Med |   req/s  failures/s
--------|----------------------------------------------------------------------------|-------|-------------|-------|-------|-------|-------|--------|-----------
GET      GET /api/v1/reservas                                                            4863     0(0.00%) |      7       4      76      7 |   19.60        0.00
GET      GET /api/v1/reservas/{id}                                                       1559     0(0.00%) |      5       3      77      5 |    5.10        0.00
POST     POST /api/v1/auth/login                                                           50     0(0.00%) |   1519     810    2412   1500 |    0.00        0.00
--------|----------------------------------------------------------------------------|-------|-------------|-------|-------|-------|-------|--------|-----------
         Aggregated                                                                      6472     0(0.00%) |     18       3    2412      6 |   24.70        0.00

Type     Name                                                                          # reqs      # fails |    Avg     Min     Max    Med |   req/s  failures/s
--------|----------------------------------------------------------------------------|-------|-------------|-------|-------|-------|-------|--------|-----------
GET      GET /api/v1/reservas                                                            4906     0(0.00%) |      7       4      76      7 |   19.50        0.00
GET      GET /api/v1/reservas/{id}                                                       1566     0(0.00%) |      5       3      77      5 |    5.00        0.00
POST     POST /api/v1/auth/login                                                           50     0(0.00%) |   1519     810    2412   1500 |    0.00        0.00
--------|----------------------------------------------------------------------------|-------|-------------|-------|-------|-------|-------|--------|-----------
         Aggregated                                                                      6522     0(0.00%) |     18       3    2412      6 |   24.50        0.00

Type     Name                                                                          # reqs      # fails |    Avg     Min     Max    Med |   req/s  failures/s
--------|----------------------------------------------------------------------------|-------|-------------|-------|-------|-------|-------|--------|-----------
GET      GET /api/v1/reservas                                                            4939     0(0.00%) |      7       4      76      7 |   19.10        0.00
GET      GET /api/v1/reservas/{id}                                                       1580     0(0.00%) |      5       3      77      5 |    5.20        0.00
POST     POST /api/v1/auth/login                                                           50     0(0.00%) |   1519     810    2412   1500 |    0.00        0.00
--------|----------------------------------------------------------------------------|-------|-------------|-------|-------|-------|-------|--------|-----------
         Aggregated                                                                      6569     0(0.00%) |     18       3    2412      6 |   24.30        0.00

Type     Name                                                                          # reqs      # fails |    Avg     Min     Max    Med |   req/s  failures/s
--------|----------------------------------------------------------------------------|-------|-------------|-------|-------|-------|-------|--------|-----------
GET      GET /api/v1/reservas                                                            4976     0(0.00%) |      7       4      76      7 |   18.70        0.00
GET      GET /api/v1/reservas/{id}                                                       1590     0(0.00%) |      6       3      77      5 |    6.10        0.00
POST     POST /api/v1/auth/login                                                           50     0(0.00%) |   1519     810    2412   1500 |    0.00        0.00
--------|----------------------------------------------------------------------------|-------|-------------|-------|-------|-------|-------|--------|-----------
         Aggregated                                                                      6616     0(0.00%) |     18       3    2412      6 |   24.80        0.00

Type     Name                                                                          # reqs      # fails |    Avg     Min     Max    Med |   req/s  failures/s
--------|----------------------------------------------------------------------------|-------|-------------|-------|-------|-------|-------|--------|-----------
GET      GET /api/v1/reservas                                                            5014     0(0.00%) |      7       4      76      7 |   18.80        0.00
GET      GET /api/v1/reservas/{id}                                                       1602     0(0.00%) |      6       3      77      5 |    5.80        0.00
POST     POST /api/v1/auth/login                                                           50     0(0.00%) |   1519     810    2412   1500 |    0.00        0.00
--------|----------------------------------------------------------------------------|-------|-------------|-------|-------|-------|-------|--------|-----------
         Aggregated                                                                      6666     0(0.00%) |     18       3    2412      6 |   24.60        0.00

Type     Name                                                                          # reqs      # fails |    Avg     Min     Max    Med |   req/s  failures/s
--------|----------------------------------------------------------------------------|-------|-------------|-------|-------|-------|-------|--------|-----------
GET      GET /api/v1/reservas                                                            5053     0(0.00%) |      7       4      76      7 |   18.50        0.00
GET      GET /api/v1/reservas/{id}                                                       1617     0(0.00%) |      6       3      77      5 |    5.60        0.00
POST     POST /api/v1/auth/login                                                           50     0(0.00%) |   1519     810    2412   1500 |    0.00        0.00
--------|----------------------------------------------------------------------------|-------|-------------|-------|-------|-------|-------|--------|-----------
         Aggregated                                                                      6720     0(0.00%) |     18       3    2412      6 |   24.10        0.00

Type     Name                                                                          # reqs      # fails |    Avg     Min     Max    Med |   req/s  failures/s
--------|----------------------------------------------------------------------------|-------|-------------|-------|-------|-------|-------|--------|-----------
GET      GET /api/v1/reservas                                                            5083     0(0.00%) |      7       4      76      7 |   18.40        0.00
GET      GET /api/v1/reservas/{id}                                                       1631     0(0.00%) |      5       3      77      5 |    5.50        0.00
POST     POST /api/v1/auth/login                                                           50     0(0.00%) |   1519     810    2412   1500 |    0.00        0.00
--------|----------------------------------------------------------------------------|-------|-------------|-------|-------|-------|-------|--------|-----------
         Aggregated                                                                      6764     0(0.00%) |     18       3    2412      6 |   23.90        0.00

Type     Name                                                                          # reqs      # fails |    Avg     Min     Max    Med |   req/s  failures/s
--------|----------------------------------------------------------------------------|-------|-------------|-------|-------|-------|-------|--------|-----------
GET      GET /api/v1/reservas                                                            5115     0(0.00%) |      7       4      76      7 |   18.10        0.00
GET      GET /api/v1/reservas/{id}                                                       1647     0(0.00%) |      5       3      77      5 |    6.30        0.00
POST     POST /api/v1/auth/login                                                           50     0(0.00%) |   1519     810    2412   1500 |    0.00        0.00
--------|----------------------------------------------------------------------------|-------|-------------|-------|-------|-------|-------|--------|-----------
         Aggregated                                                                      6812     0(0.00%) |     18       3    2412      6 |   24.40        0.00

Type     Name                                                                          # reqs      # fails |    Avg     Min     Max    Med |   req/s  failures/s
--------|----------------------------------------------------------------------------|-------|-------------|-------|-------|-------|-------|--------|-----------
GET      GET /api/v1/reservas                                                            5156     0(0.00%) |      7       4      76      7 |   17.50        0.00
GET      GET /api/v1/reservas/{id}                                                       1657     0(0.00%) |      5       3      77      5 |    6.70        0.00
POST     POST /api/v1/auth/login                                                           50     0(0.00%) |   1519     810    2412   1500 |    0.00        0.00
--------|----------------------------------------------------------------------------|-------|-------------|-------|-------|-------|-------|--------|-----------
         Aggregated                                                                      6863     0(0.00%) |     18       3    2412      6 |   24.20        0.00

Type     Name                                                                          # reqs      # fails |    Avg     Min     Max    Med |   req/s  failures/s
--------|----------------------------------------------------------------------------|-------|-------------|-------|-------|-------|-------|--------|-----------
GET      GET /api/v1/reservas                                                            5191     0(0.00%) |      7       4      76      7 |   17.70        0.00
GET      GET /api/v1/reservas/{id}                                                       1672     0(0.00%) |      5       3      77      5 |    6.90        0.00
POST     POST /api/v1/auth/login                                                           50     0(0.00%) |   1519     810    2412   1500 |    0.00        0.00
--------|----------------------------------------------------------------------------|-------|-------------|-------|-------|-------|-------|--------|-----------
         Aggregated                                                                      6913     0(0.00%) |     18       3    2412      6 |   24.60        0.00

Type     Name                                                                          # reqs      # fails |    Avg     Min     Max    Med |   req/s  failures/s
--------|----------------------------------------------------------------------------|-------|-------------|-------|-------|-------|-------|--------|-----------
GET      GET /api/v1/reservas                                                            5226     0(0.00%) |      7       4      76      7 |   17.30        0.00
GET      GET /api/v1/reservas/{id}                                                       1684     0(0.00%) |      5       3      77      5 |    7.20        0.00
POST     POST /api/v1/auth/login                                                           50     0(0.00%) |   1519     810    2412   1500 |    0.00        0.00
--------|----------------------------------------------------------------------------|-------|-------------|-------|-------|-------|-------|--------|-----------
         Aggregated                                                                      6960     0(0.00%) |     17       3    2412      6 |   24.50        0.00

Type     Name                                                                          # reqs      # fails |    Avg     Min     Max    Med |   req/s  failures/s
--------|----------------------------------------------------------------------------|-------|-------------|-------|-------|-------|-------|--------|-----------
GET      GET /api/v1/reservas                                                            5271     0(0.00%) |      7       4      76      7 |   17.90        0.00
GET      GET /api/v1/reservas/{id}                                                       1696     0(0.00%) |      5       3      77      5 |    7.00        0.00
POST     POST /api/v1/auth/login                                                           50     0(0.00%) |   1519     810    2412   1500 |    0.00        0.00
--------|----------------------------------------------------------------------------|-------|-------------|-------|-------|-------|-------|--------|-----------
         Aggregated                                                                      7017     0(0.00%) |     17       3    2412      6 |   24.90        0.00

Type     Name                                                                          # reqs      # fails |    Avg     Min     Max    Med |   req/s  failures/s
--------|----------------------------------------------------------------------------|-------|-------------|-------|-------|-------|-------|--------|-----------
GET      GET /api/v1/reservas                                                            5309     0(0.00%) |      7       4      76      7 |   17.70        0.00
GET      GET /api/v1/reservas/{id}                                                       1707     0(0.00%) |      5       3      77      5 |    6.80        0.00
POST     POST /api/v1/auth/login                                                           50     0(0.00%) |   1519     810    2412   1500 |    0.00        0.00
--------|----------------------------------------------------------------------------|-------|-------------|-------|-------|-------|-------|--------|-----------
         Aggregated                                                                      7066     0(0.00%) |     17       3    2412      6 |   24.50        0.00

Type     Name                                                                          # reqs      # fails |    Avg     Min     Max    Med |   req/s  failures/s
--------|----------------------------------------------------------------------------|-------|-------------|-------|-------|-------|-------|--------|-----------
GET      GET /api/v1/reservas                                                            5343     0(0.00%) |      7       4      76      7 |   18.70        0.00
GET      GET /api/v1/reservas/{id}                                                       1719     0(0.00%) |      5       3      77      5 |    6.20        0.00
POST     POST /api/v1/auth/login                                                           50     0(0.00%) |   1519     810    2412   1500 |    0.00        0.00
--------|----------------------------------------------------------------------------|-------|-------------|-------|-------|-------|-------|--------|-----------
         Aggregated                                                                      7112     0(0.00%) |     17       3    2412      6 |   24.90        0.00

Type     Name                                                                          # reqs      # fails |    Avg     Min     Max    Med |   req/s  failures/s
--------|----------------------------------------------------------------------------|-------|-------------|-------|-------|-------|-------|--------|-----------
GET      GET /api/v1/reservas                                                            5386     0(0.00%) |      7       4      76      7 |   19.20        0.00
GET      GET /api/v1/reservas/{id}                                                       1731     0(0.00%) |      5       3      77      5 |    6.00        0.00
POST     POST /api/v1/auth/login                                                           50     0(0.00%) |   1519     810    2412   1500 |    0.00        0.00
--------|----------------------------------------------------------------------------|-------|-------------|-------|-------|-------|-------|--------|-----------
         Aggregated                                                                      7167     0(0.00%) |     17       3    2412      6 |   25.20        0.00

Type     Name                                                                          # reqs      # fails |    Avg     Min     Max    Med |   req/s  failures/s
--------|----------------------------------------------------------------------------|-------|-------------|-------|-------|-------|-------|--------|-----------
GET      GET /api/v1/reservas                                                            5420     0(0.00%) |      7       4      76      7 |   19.50        0.00
GET      GET /api/v1/reservas/{id}                                                       1749     0(0.00%) |      5       3      77      5 |    5.70        0.00
POST     POST /api/v1/auth/login                                                           50     0(0.00%) |   1519     810    2412   1500 |    0.00        0.00
--------|----------------------------------------------------------------------------|-------|-------------|-------|-------|-------|-------|--------|-----------
         Aggregated                                                                      7219     0(0.00%) |     17       3    2412      6 |   25.20        0.00

Type     Name                                                                          # reqs      # fails |    Avg     Min     Max    Med |   req/s  failures/s
--------|----------------------------------------------------------------------------|-------|-------------|-------|-------|-------|-------|--------|-----------
GET      GET /api/v1/reservas                                                            5458     0(0.00%) |      7       4      76      7 |   19.40        0.00
GET      GET /api/v1/reservas/{id}                                                       1763     0(0.00%) |      5       3      77      5 |    6.00        0.00
POST     POST /api/v1/auth/login                                                           50     0(0.00%) |   1519     810    2412   1500 |    0.00        0.00
--------|----------------------------------------------------------------------------|-------|-------------|-------|-------|-------|-------|--------|-----------
         Aggregated                                                                      7271     0(0.00%) |     17       3    2412      6 |   25.40        0.00

Type     Name                                                                          # reqs      # fails |    Avg     Min     Max    Med |   req/s  failures/s
--------|----------------------------------------------------------------------------|-------|-------------|-------|-------|-------|-------|--------|-----------
GET      GET /api/v1/reservas                                                            5487     0(0.00%) |      7       4      76      7 |   19.40        0.00
GET      GET /api/v1/reservas/{id}                                                       1776     0(0.00%) |      5       3      77      5 |    6.20        0.00
POST     POST /api/v1/auth/login                                                           50     0(0.00%) |   1519     810    2412   1500 |    0.00        0.00
--------|----------------------------------------------------------------------------|-------|-------------|-------|-------|-------|-------|--------|-----------
         Aggregated                                                                      7313     0(0.00%) |     17       3    2412      6 |   25.60        0.00

Type     Name                                                                          # reqs      # fails |    Avg     Min     Max    Med |   req/s  failures/s
--------|----------------------------------------------------------------------------|-------|-------------|-------|-------|-------|-------|--------|-----------
GET      GET /api/v1/reservas                                                            5527     0(0.00%) |      7       4      76      7 |   18.50        0.00
GET      GET /api/v1/reservas/{id}                                                       1791     0(0.00%) |      5       3      77      5 |    6.80        0.00
POST     POST /api/v1/auth/login                                                           50     0(0.00%) |   1519     810    2412   1500 |    0.00        0.00
--------|----------------------------------------------------------------------------|-------|-------------|-------|-------|-------|-------|--------|-----------
         Aggregated                                                                      7368     0(0.00%) |     17       3    2412      6 |   25.30        0.00

Type     Name                                                                          # reqs      # fails |    Avg     Min     Max    Med |   req/s  failures/s
--------|----------------------------------------------------------------------------|-------|-------------|-------|-------|-------|-------|--------|-----------
GET      GET /api/v1/reservas                                                            5565     0(0.00%) |      7       4      76      7 |   17.80        0.00
GET      GET /api/v1/reservas/{id}                                                       1801     0(0.00%) |      5       3      77      5 |    7.20        0.00
POST     POST /api/v1/auth/login                                                           50     0(0.00%) |   1519     810    2412   1500 |    0.00        0.00
--------|----------------------------------------------------------------------------|-------|-------------|-------|-------|-------|-------|--------|-----------
         Aggregated                                                                      7416     0(0.00%) |     17       3    2412      6 |   25.00        0.00

[2026-09-20 17:40:35,607] pfc-pruebas-e1/INFO/locust.main: --run-time limit reached, shutting down
[2026-09-20 17:40:35,710] pfc-pruebas-e1/INFO/locust.main: writing html report to file: /home/ubuntu/PFC_ISSUE32/experimentos/resultados/raw/eficiencia_nominal_50u_5m_poblada/rep-02/locust-report.html
[2026-09-20 17:40:35,712] pfc-pruebas-e1/INFO/locust.main: Shutting down (exit code 0)
Type     Name                                                                          # reqs      # fails |    Avg     Min     Max    Med |   req/s  failures/s
--------|----------------------------------------------------------------------------|-------|-------------|-------|-------|-------|-------|--------|-----------
GET      GET /api/v1/reservas                                                            5605     0(0.00%) |      7       4      76      7 |   18.69        0.00
GET      GET /api/v1/reservas/{id}                                                       1807     0(0.00%) |      5       3      77      5 |    6.03        0.00
POST     POST /api/v1/auth/login                                                           50     0(0.00%) |   1519     810    2412   1500 |    0.17        0.00
--------|----------------------------------------------------------------------------|-------|-------------|-------|-------|-------|-------|--------|-----------
         Aggregated                                                                      7462     0(0.00%) |     17       3    2412      6 |   24.89        0.00

Response time percentiles (approximated)
Type     Name                                                                                  50%    66%    75%    80%    90%    95%    98%    99%  99.9% 99.99%   100% # reqs
--------|--------------------------------------------------------------------------------|--------|------|------|------|------|------|------|------|------|------|------|------
GET      GET /api/v1/reservas                                                                    7      7      7      8      9     11     16     23     67     76     76   5605
GET      GET /api/v1/reservas/{id}                                                               5      6      6      6      7      9     13     21     77     78     78   1807
POST     POST /api/v1/auth/login                                                              1500   1600   1800   2000   2200   2300   2400   2400   2400   2400   2400     50
--------|--------------------------------------------------------------------------------|--------|------|------|------|------|------|------|------|------|------|------|------
         Aggregated                                                                              6      7      7      7      9     11     20     43   2100   2400   2400   7462

