ruta,clase,cubierto_base,cubierto_propuesta,manifiestos_propuesta
experimentos/analizar_arbiter.py,A_codigo_documentacion,no,no,
experimentos/analizar_e3.py,A_codigo_documentacion,no,no,
experimentos/analizar_iso25010.py,A_codigo_documentacion,no,no,
experimentos/analyze_speedup.py,A_codigo_documentacion,no,no,
experimentos/arbiter_core.py,A_codigo_documentacion,no,no,
experimentos/auditar_http_arbiter.py,A_codigo_documentacion,no,no,
experimentos/caida_coordinador.py,A_codigo_documentacion,no,no,
experimentos/cierre-e2-fiabilidad.md,A_codigo_documentacion,no,no,
experimentos/e3_instrumental.py,A_codigo_documentacion,no,no,
experimentos/ejecucion-iso25010.md,A_codigo_documentacion,no,no,
experimentos/ejecutar_campana_arbiter.py,A_codigo_documentacion,no,no,
experimentos/ejecutar_e3.py,A_codigo_documentacion,no,no,
experimentos/ejecutar_iso25010.ps1,A_codigo_documentacion,no,no,
experimentos/ejecutar_iso25010.sh,A_codigo_documentacion,no,no,
experimentos/evidencia-17/20260916/README.md,A_codigo_documentacion,si,si,experimentos/evidencia-17/20260916/SHA256SUMS.txt
experimentos/evidencia-17/20260916/SHA256SUMS.txt,D_manifest,no,no,
experimentos/evidencia-17/20260916/analysis-definitivo-233b34ac-a09f-40c9-be71-5570f25affbd/resumen.csv,C_derived,si,si,experimentos/evidencia-17/20260916/SHA256SUMS.txt
experimentos/evidencia-17/20260916/analysis-definitivo-233b34ac-a09f-40c9-be71-5570f25affbd/resumen.json,C_derived,si,si,experimentos/evidencia-17/20260916/SHA256SUMS.txt
experimentos/evidencia-17/20260916/analysis-definitivo-233b34ac-a09f-40c9-be71-5570f25affbd/speedup.png,C_derived,si,si,experimentos/evidencia-17/20260916/SHA256SUMS.txt
experimentos/evidencia-17/20260916/benchmark-definitivo-9d94efe6-7bb7-4227-b78e-c70092e9bcfb/2026-09-17T00-21-20.263055Z_pandas-baseline_505141fe-1880-4a03-ae77-3037d9ec90c9.json,B_raw,si,si,experimentos/evidencia-17/20260916/SHA256SUMS.txt
experimentos/evidencia-17/20260916/benchmark-definitivo-9d94efe6-7bb7-4227-b78e-c70092e9bcfb/2026-09-17T00-21-43.323581Z_pyspark-pipeline_3f877a2f-51d0-4446-a2d7-e0faa79fe37c.json,B_raw,si,si,experimentos/evidencia-17/20260916/SHA256SUMS.txt
experimentos/evidencia-17/20260916/benchmark-definitivo-9d94efe6-7bb7-4227-b78e-c70092e9bcfb/2026-09-17T00-22-33.112816Z_pyspark-pipeline_d95b8092-8db3-4b5c-9b6b-2c546e7b9b7b.json,B_raw,si,si,experimentos/evidencia-17/20260916/SHA256SUMS.txt
experimentos/evidencia-17/20260916/benchmark-definitivo-9d94efe6-7bb7-4227-b78e-c70092e9bcfb/2026-09-17T00-23-13.988455Z_pyspark-pipeline_a5814e9b-8665-4b0e-b496-e5ffc246c354.json,B_raw,si,si,experimentos/evidencia-17/20260916/SHA256SUMS.txt
experimentos/evidencia-17/20260916/benchmark-definitivo-9d94efe6-7bb7-4227-b78e-c70092e9bcfb/2026-09-17T00-23-55.534210Z_pyspark-pipeline_44820120-9ac9-46b9-b135-0afa8055097f.json,B_raw,si,si,experimentos/evidencia-17/20260916/SHA256SUMS.txt
experimentos/evidencia-17/20260916/benchmark-definitivo-9d94efe6-7bb7-4227-b78e-c70092e9bcfb/2026-09-17T00-24-34.238889Z_pyspark-pipeline_235c5c8d-6c4a-4caa-9d1d-e938d07bef00.json,B_raw,si,si,experimentos/evidencia-17/20260916/SHA256SUMS.txt
experimentos/evidencia-17/20260916/benchmark-definitivo-9d94efe6-7bb7-4227-b78e-c70092e9bcfb/2026-09-17T00-25-20.166225Z_pandas-baseline_24606bde-dbee-4048-af60-901a9446c32f.json,B_raw,si,si,experimentos/evidencia-17/20260916/SHA256SUMS.txt
experimentos/evidencia-17/20260916/benchmark-definitivo-9d94efe6-7bb7-4227-b78e-c70092e9bcfb/2026-09-17T00-25-39.654434Z_pyspark-pipeline_2f9835be-a0d3-4b72-ae76-714f80f15c0e.json,B_raw,si,si,experimentos/evidencia-17/20260916/SHA256SUMS.txt
experimentos/evidencia-17/20260916/benchmark-definitivo-9d94efe6-7bb7-4227-b78e-c70092e9bcfb/2026-09-17T00-26-26.391562Z_pyspark-pipeline_ae97e49d-0372-4daf-a626-aac07d253967.json,B_raw,si,si,experimentos/evidencia-17/20260916/SHA256SUMS.txt
experimentos/evidencia-17/20260916/benchmark-definitivo-9d94efe6-7bb7-4227-b78e-c70092e9bcfb/2026-09-17T00-27-07.364890Z_pyspark-pipeline_3c8e60cf-f0b2-4eb5-86a0-7427f5afbe00.json,B_raw,si,si,experimentos/evidencia-17/20260916/SHA256SUMS.txt
experimentos/evidencia-17/20260916/benchmark-definitivo-9d94efe6-7bb7-4227-b78e-c70092e9bcfb/2026-09-17T00-27-55.436052Z_pyspark-pipeline_16a4f281-611e-4b0b-ab5d-3e5d1f9e0c44.json,B_raw,si,si,experimentos/evidencia-17/20260916/SHA256SUMS.txt
experimentos/evidencia-17/20260916/benchmark-definitivo-9d94efe6-7bb7-4227-b78e-c70092e9bcfb/2026-09-17T00-28-37.383562Z_pyspark-pipeline_ac720459-fb53-4504-ad72-1241fbc48b51.json,B_raw,si,si,experimentos/evidencia-17/20260916/SHA256SUMS.txt
experimentos/evidencia-17/20260916/benchmark-definitivo-9d94efe6-7bb7-4227-b78e-c70092e9bcfb/2026-09-17T00-29-17.830887Z_pyspark-pipeline_7c2ab14a-a3c0-4b7d-a06b-91208efefe72.json,B_raw,si,si,experimentos/evidencia-17/20260916/SHA256SUMS.txt
experimentos/evidencia-17/20260916/benchmark-definitivo-9d94efe6-7bb7-4227-b78e-c70092e9bcfb/2026-09-17T00-30-00.284571Z_pyspark-pipeline_464a032f-d4af-4e89-b1a6-9c3798d4b7b1.json,B_raw,si,si,experimentos/evidencia-17/20260916/SHA256SUMS.txt
experimentos/evidencia-17/20260916/benchmark-definitivo-9d94efe6-7bb7-4227-b78e-c70092e9bcfb/2026-09-17T00-30-40.896520Z_pyspark-pipeline_b60e2072-f9b0-4d56-b347-4cd9f69ecdf0.json,B_raw,si,si,experimentos/evidencia-17/20260916/SHA256SUMS.txt
experimentos/evidencia-17/20260916/benchmark-definitivo-9d94efe6-7bb7-4227-b78e-c70092e9bcfb/2026-09-17T00-31-25.976337Z_pyspark-pipeline_6656665f-c50b-4ffd-bb52-12bf176c07c6.json,B_raw,si,si,experimentos/evidencia-17/20260916/SHA256SUMS.txt
experimentos/evidencia-17/20260916/benchmark-definitivo-9d94efe6-7bb7-4227-b78e-c70092e9bcfb/2026-09-17T00-32-04.398894Z_pyspark-pipeline_ea90afd5-6e84-4da5-85e6-c9d9e7f174b1.json,B_raw,si,si,experimentos/evidencia-17/20260916/SHA256SUMS.txt
experimentos/evidencia-17/20260916/benchmark-definitivo-9d94efe6-7bb7-4227-b78e-c70092e9bcfb/2026-09-17T00-32-43.132352Z_pandas-baseline_633d7631-1d34-4d6b-b992-d18585746504.json,B_raw,si,si,experimentos/evidencia-17/20260916/SHA256SUMS.txt
experimentos/evidencia-17/20260916/benchmark-definitivo-9d94efe6-7bb7-4227-b78e-c70092e9bcfb/2026-09-17T00-33-01.107840Z_pandas-baseline_6fda1e8d-e7b7-470a-94c1-157650a3e99a.json,B_raw,si,si,experimentos/evidencia-17/20260916/SHA256SUMS.txt
experimentos/evidencia-17/20260916/benchmark-definitivo-9d94efe6-7bb7-4227-b78e-c70092e9bcfb/2026-09-17T00-33-17.636926Z_pyspark-pipeline_1fb702de-3498-4587-8498-f2313f451258.json,B_raw,si,si,experimentos/evidencia-17/20260916/SHA256SUMS.txt
experimentos/evidencia-17/20260916/benchmark-definitivo-9d94efe6-7bb7-4227-b78e-c70092e9bcfb/2026-09-17T00-33-54.187965Z_pyspark-pipeline_adc9628c-6919-4729-961d-7970148df197.json,B_raw,si,si,experimentos/evidencia-17/20260916/SHA256SUMS.txt
experimentos/evidencia-17/20260916/benchmark-definitivo-9d94efe6-7bb7-4227-b78e-c70092e9bcfb/2026-09-17T00-34-33.068243Z_pyspark-pipeline_d5cb1292-78ff-456e-a7ea-e6c606187ce0.json,B_raw,si,si,experimentos/evidencia-17/20260916/SHA256SUMS.txt
experimentos/evidencia-17/20260916/benchmark-definitivo-9d94efe6-7bb7-4227-b78e-c70092e9bcfb/2026-09-17T00-35-10.435346Z_pyspark-pipeline_d31ab747-7137-47e6-a45d-0e078d737408.json,B_raw,si,si,experimentos/evidencia-17/20260916/SHA256SUMS.txt
experimentos/evidencia-17/20260916/benchmark-definitivo-9d94efe6-7bb7-4227-b78e-c70092e9bcfb/2026-09-17T00-35-50.739101Z_pyspark-pipeline_358a3e16-4a5e-48a1-9e32-17599d7c4a79.json,B_raw,si,si,experimentos/evidencia-17/20260916/SHA256SUMS.txt
experimentos/evidencia-17/20260916/benchmark-definitivo-9d94efe6-7bb7-4227-b78e-c70092e9bcfb/2026-09-17T00-36-31.272351Z_pyspark-pipeline_439f0215-df9d-4297-a87b-bdb8cbee52d6.json,B_raw,si,si,experimentos/evidencia-17/20260916/SHA256SUMS.txt
experimentos/evidencia-17/20260916/benchmark-definitivo-9d94efe6-7bb7-4227-b78e-c70092e9bcfb/2026-09-17T00-37-11.496282Z_pyspark-pipeline_efe0520b-d127-4593-ae3a-2b2017f48e77.json,B_raw,si,si,experimentos/evidencia-17/20260916/SHA256SUMS.txt
experimentos/evidencia-17/20260916/benchmark-definitivo-9d94efe6-7bb7-4227-b78e-c70092e9bcfb/2026-09-17T00-37-49.717021Z_pyspark-pipeline_c83f7481-1987-4406-b63d-08a72c52812d.json,B_raw,si,si,experimentos/evidencia-17/20260916/SHA256SUMS.txt
experimentos/evidencia-17/20260916/benchmark-definitivo-9d94efe6-7bb7-4227-b78e-c70092e9bcfb/2026-09-17T00-38-23.774157Z_pyspark-pipeline_3e691da9-4b15-48cd-bdac-ea0566403f64.json,B_raw,si,si,experimentos/evidencia-17/20260916/SHA256SUMS.txt
experimentos/evidencia-17/20260916/benchmark-definitivo-9d94efe6-7bb7-4227-b78e-c70092e9bcfb/2026-09-17T00-39-03.307359Z_pyspark-pipeline_4002b4a5-6ab1-43c2-b327-b002040659a5.json,B_raw,si,si,experimentos/evidencia-17/20260916/SHA256SUMS.txt
experimentos/evidencia-17/20260916/benchmark-definitivo-9d94efe6-7bb7-4227-b78e-c70092e9bcfb/2026-09-17T00-39-50.544261Z_pandas-baseline_4ab9e990-c9dc-4175-9111-82e4afdb2f65.json,B_raw,si,si,experimentos/evidencia-17/20260916/SHA256SUMS.txt
experimentos/evidencia-17/20260916/benchmark-definitivo-9d94efe6-7bb7-4227-b78e-c70092e9bcfb/2026-09-17T00-40-07.687575Z_pandas-baseline_1e4eceaf-5891-495c-a524-8cb0b68591cd.json,B_raw,si,si,experimentos/evidencia-17/20260916/SHA256SUMS.txt
experimentos/evidencia-17/20260916/benchmark-definitivo-9d94efe6-7bb7-4227-b78e-c70092e9bcfb/2026-09-17T00-40-23.199525Z_pyspark-pipeline_e87f5a30-5d8e-4e6e-af66-616c97bae9d1.json,B_raw,si,si,experimentos/evidencia-17/20260916/SHA256SUMS.txt
experimentos/evidencia-17/20260916/benchmark-definitivo-9d94efe6-7bb7-4227-b78e-c70092e9bcfb/2026-09-17T00-40-58.620324Z_pyspark-pipeline_0b0fd047-6a0c-4501-bf5e-35c1daccc3b8.json,B_raw,si,si,experimentos/evidencia-17/20260916/SHA256SUMS.txt
experimentos/evidencia-17/20260916/benchmark-definitivo-9d94efe6-7bb7-4227-b78e-c70092e9bcfb/2026-09-17T00-41-36.185184Z_pyspark-pipeline_6444d1df-9532-4b65-bf91-c3cc7b10c4ab.json,B_raw,si,si,experimentos/evidencia-17/20260916/SHA256SUMS.txt
experimentos/evidencia-17/20260916/benchmark-definitivo-9d94efe6-7bb7-4227-b78e-c70092e9bcfb/2026-09-17T00-42-15.039320Z_pyspark-pipeline_abe6ba63-b36c-4afc-97b2-97222bdf27d7.json,B_raw,si,si,experimentos/evidencia-17/20260916/SHA256SUMS.txt
experimentos/evidencia-17/20260916/benchmark-definitivo-9d94efe6-7bb7-4227-b78e-c70092e9bcfb/2026-09-17T00-42-50.932935Z_pyspark-pipeline_18a6fecb-023a-481b-9c56-6e733ef29f9c.json,B_raw,si,si,experimentos/evidencia-17/20260916/SHA256SUMS.txt
experimentos/evidencia-17/20260916/benchmark-definitivo-9d94efe6-7bb7-4227-b78e-c70092e9bcfb/RECONCILIACION-HASHES-EOL.md,A_codigo_documentacion,si,si,experimentos/evidencia-17/20260916/SHA256SUMS.txt
experimentos/evidencia-17/20260916/benchmark-definitivo-9d94efe6-7bb7-4227-b78e-c70092e9bcfb/RECONCILIACION-PROVENANCE.md,A_codigo_documentacion,si,si,experimentos/evidencia-17/20260916/SHA256SUMS.txt
experimentos/evidencia-17/20260916/benchmark-definitivo-9d94efe6-7bb7-4227-b78e-c70092e9bcfb/comparacion.csv,C_derived,si,si,experimentos/evidencia-17/20260916/SHA256SUMS.txt
experimentos/evidencia-17/20260916/benchmark-definitivo-9d94efe6-7bb7-4227-b78e-c70092e9bcfb/comparacion.json,C_derived,si,si,experimentos/evidencia-17/20260916/SHA256SUMS.txt
experimentos/evidencia-17/20260916/benchmark-definitivo-9d94efe6-7bb7-4227-b78e-c70092e9bcfb/config.json,E_metadata,si,si,experimentos/evidencia-17/20260916/SHA256SUMS.txt
experimentos/evidencia-17/20260916/benchmark-definitivo-9d94efe6-7bb7-4227-b78e-c70092e9bcfb/equivalence.json,C_derived,si,si,experimentos/evidencia-17/20260916/SHA256SUMS.txt
experimentos/evidencia-17/20260916/benchmark-definitivo-9d94efe6-7bb7-4227-b78e-c70092e9bcfb/inventory.json,E_metadata,si,si,experimentos/evidencia-17/20260916/SHA256SUMS.txt
experimentos/evidencia-17/20260916/benchmark-definitivo-9d94efe6-7bb7-4227-b78e-c70092e9bcfb/packages.txt,E_metadata,si,si,experimentos/evidencia-17/20260916/SHA256SUMS.txt
experimentos/evidencia-17/20260916/benchmark-definitivo-9d94efe6-7bb7-4227-b78e-c70092e9bcfb/provenance.json,E_metadata,si,si,experimentos/evidencia-17/20260916/SHA256SUMS.txt
experimentos/evidencia-17/20260916/equivalence-final-a2b60a0e-d2b5-4d69-95c5-904353062c9a/equivalence.json,C_derived,si,si,experimentos/evidencia-17/20260916/SHA256SUMS.txt
experimentos/evidencia-e2/smoke-refresh-25m/SHA256SUMS.txt,D_manifest,no,no,
experimentos/evidencia-e2/smoke-refresh-25m/end_utc.txt,E_metadata,si,si,experimentos/evidencia-e2/smoke-refresh-25m/SHA256SUMS.txt
experimentos/evidencia-e2/smoke-refresh-25m/experimental_sha.txt,E_metadata,si,si,experimentos/evidencia-e2/smoke-refresh-25m/SHA256SUMS.txt
experimentos/evidencia-e2/smoke-refresh-25m/locust.log,B_raw,si,si,experimentos/evidencia-e2/smoke-refresh-25m/SHA256SUMS.txt
experimentos/evidencia-e2/smoke-refresh-25m/locust_exceptions.csv,B_raw,si,si,experimentos/evidencia-e2/smoke-refresh-25m/SHA256SUMS.txt
experimentos/evidencia-e2/smoke-refresh-25m/locust_failures.csv,B_raw,si,si,experimentos/evidencia-e2/smoke-refresh-25m/SHA256SUMS.txt
experimentos/evidencia-e2/smoke-refresh-25m/locust_stats.csv,B_raw,si,si,experimentos/evidencia-e2/smoke-refresh-25m/SHA256SUMS.txt
experimentos/evidencia-e2/smoke-refresh-25m/start_utc.txt,E_metadata,si,si,experimentos/evidencia-e2/smoke-refresh-25m/SHA256SUMS.txt
experimentos/experiment-config.json,A_codigo_documentacion,no,no,
experimentos/exportar_equipos_arbiter.py,A_codigo_documentacion,no,no,
experimentos/finalizar_evidencia_iso25010.py,A_codigo_documentacion,no,no,
experimentos/fixtures/equipos-experimentales.json,A_codigo_documentacion,no,no,
experimentos/generador_rafagas.py,A_codigo_documentacion,no,no,
experimentos/generar_boxplots.py,A_codigo_documentacion,no,no,
experimentos/generar_evidencia_arbiter.py,A_codigo_documentacion,no,no,
experimentos/load-env.ps1,A_codigo_documentacion,no,no,
experimentos/metrics/interpretacion-metricas.md,A_codigo_documentacion,no,no,
experimentos/metrics/metric-schema.json,A_codigo_documentacion,no,no,
experimentos/metrics/results/.gitkeep,A_codigo_documentacion,no,no,
experimentos/metrics/results/comparacion.csv,C_derived,no,si,experimentos/metrics/results/SHA256SUMS
experimentos/metrics/results/comparacion.json,C_derived,no,si,experimentos/metrics/results/SHA256SUMS
experimentos/oraculo_reservas.py,A_codigo_documentacion,no,no,
experimentos/planificar_arbiter.py,A_codigo_documentacion,no,no,
experimentos/prepare_local.py,A_codigo_documentacion,no,no,
experimentos/protocolo-e2-fiabilidad-correctiva.md,A_codigo_documentacion,no,no,
experimentos/protocolo-e4.md,A_codigo_documentacion,no,no,
experimentos/protocolo-experimental.md,A_codigo_documentacion,no,no,
experimentos/registrar_iso25010.py,A_codigo_documentacion,no,no,
experimentos/resultados/RESUMEN-ISO25010-E4.md,A_codigo_documentacion,si,si,experimentos/resultados/SHA256SUMS
experimentos/resultados/SHA256SUMS,D_manifest,no,no,
experimentos/resultados/TRAZABILIDAD-E3-E4.md,A_codigo_documentacion,no,no,
experimentos/resultados/analisis-e3.json,C_derived,no,si,experimentos/resultados/MANIFEST-SHA256.txt
experimentos/resultados/arbiter/README.md,A_codigo_documentacion,no,no,
experimentos/resultados/arbiter/campaign/SHA256SUMS,D_manifest,no,no,
experimentos/resultados/arbiter/campaign/analysis/comparisons.json,C_derived,si,si,experimentos/resultados/arbiter/campaign/SHA256SUMS
experimentos/resultados/arbiter/campaign/analysis/oracle/esc2-s0-r01-ce4dacc0.json,C_derived,si,si,experimentos/resultados/arbiter/campaign/SHA256SUMS
experimentos/resultados/arbiter/campaign/analysis/oracle/esc2-s0-r02-a7bad9de.json,C_derived,si,si,experimentos/resultados/arbiter/campaign/SHA256SUMS
experimentos/resultados/arbiter/campaign/analysis/oracle/esc2-s0-r03-5bd30469.json,C_derived,si,si,experimentos/resultados/arbiter/campaign/SHA256SUMS
experimentos/resultados/arbiter/campaign/analysis/oracle/esc2-s0-r04-6e6cd579.json,C_derived,si,si,experimentos/resultados/arbiter/campaign/SHA256SUMS
experimentos/resultados/arbiter/campaign/analysis/oracle/esc2-s0-r05-a283247c.json,C_derived,si,si,experimentos/resultados/arbiter/campaign/SHA256SUMS
experimentos/resultados/arbiter/campaign/analysis/oracle/esc2-s0-r06-50528ad4.json,C_derived,si,si,experimentos/resultados/arbiter/campaign/SHA256SUMS
experimentos/resultados/arbiter/campaign/analysis/oracle/esc2-s0-r07-5b246c3a.json,C_derived,si,si,experimentos/resultados/arbiter/campaign/SHA256SUMS
experimentos/resultados/arbiter/campaign/analysis/oracle/esc2-s0-r08-72331373.json,C_derived,si,si,experimentos/resultados/arbiter/campaign/SHA256SUMS
experimentos/resultados/arbiter/campaign/analysis/oracle/esc2-s0-r09-853412d0.json,C_derived,si,si,experimentos/resultados/arbiter/campaign/SHA256SUMS
experimentos/resultados/arbiter/campaign/analysis/oracle/esc2-s0-r10-2695ede9.json,C_derived,si,si,experimentos/resultados/arbiter/campaign/SHA256SUMS
experimentos/resultados/arbiter/campaign/analysis/oracle/esc2-s1-r01-b43ad524.json,C_derived,si,si,experimentos/resultados/arbiter/campaign/SHA256SUMS
experimentos/resultados/arbiter/campaign/analysis/oracle/esc2-s1-r02-0a6c10a2.json,C_derived,si,si,experimentos/resultados/arbiter/campaign/SHA256SUMS
experimentos/resultados/arbiter/campaign/analysis/oracle/esc2-s1-r03-12765dce.json,C_derived,si,si,experimentos/resultados/arbiter/campaign/SHA256SUMS
experimentos/resultados/arbiter/campaign/analysis/oracle/esc2-s1-r04-f7ae4460.json,C_derived,si,si,experimentos/resultados/arbiter/campaign/SHA256SUMS
experimentos/resultados/arbiter/campaign/analysis/oracle/esc2-s1-r05-996b7821.json,C_derived,si,si,experimentos/resultados/arbiter/campaign/SHA256SUMS
experimentos/resultados/arbiter/campaign/analysis/oracle/esc2-s1-r06-d1013d12.json,C_derived,si,si,experimentos/resultados/arbiter/campaign/SHA256SUMS
experimentos/resultados/arbiter/campaign/analysis/oracle/esc2-s1-r07-1d4c92ef.json,C_derived,si,si,experimentos/resultados/arbiter/campaign/SHA256SUMS
experimentos/resultados/arbiter/campaign/analysis/oracle/esc2-s1-r08-c850241a.json,C_derived,si,si,experimentos/resultados/arbiter/campaign/SHA256SUMS
experimentos/resultados/arbiter/campaign/analysis/oracle/esc2-s1-r09-7dc1251c.json,C_derived,si,si,experimentos/resultados/arbiter/campaign/SHA256SUMS
experimentos/resultados/arbiter/campaign/analysis/oracle/esc2-s1-r10-a61cdbb4.json,C_derived,si,si,experimentos/resultados/arbiter/campaign/SHA256SUMS
experimentos/resultados/arbiter/campaign/analysis/oracle/esc2-s2-r01-4b3822e0.json,C_derived,si,si,experimentos/resultados/arbiter/campaign/SHA256SUMS
experimentos/resultados/arbiter/campaign/analysis/oracle/esc2-s2-r02-5143a667.json,C_derived,si,si,experimentos/resultados/arbiter/campaign/SHA256SUMS
experimentos/resultados/arbiter/campaign/analysis/oracle/esc2-s2-r03-2e231df6.json,C_derived,si,si,experimentos/resultados/arbiter/campaign/SHA256SUMS
experimentos/resultados/arbiter/campaign/analysis/oracle/esc2-s2-r04-09ca5561.json,C_derived,si,si,experimentos/resultados/arbiter/campaign/SHA256SUMS
experimentos/resultados/arbiter/campaign/analysis/oracle/esc2-s2-r05-794e088d.json,C_derived,si,si,experimentos/resultados/arbiter/campaign/SHA256SUMS
experimentos/resultados/arbiter/campaign/analysis/oracle/esc2-s2-r06-a0fe85f9.json,C_derived,si,si,experimentos/resultados/arbiter/campaign/SHA256SUMS
experimentos/resultados/arbiter/campaign/analysis/oracle/esc2-s2-r07-dfe49c9b.json,C_derived,si,si,experimentos/resultados/arbiter/campaign/SHA256SUMS
experimentos/resultados/arbiter/campaign/analysis/oracle/esc2-s2-r08-30fbed6b.json,C_derived,si,si,experimentos/resultados/arbiter/campaign/SHA256SUMS
experimentos/resultados/arbiter/campaign/analysis/oracle/esc2-s2-r09-66c545f2.json,C_derived,si,si,experimentos/resultados/arbiter/campaign/SHA256SUMS
experimentos/resultados/arbiter/campaign/analysis/oracle/esc2-s2-r10-c8157171.json,C_derived,si,si,experimentos/resultados/arbiter/campaign/SHA256SUMS
experimentos/resultados/arbiter/campaign/analysis/oracle/esc2-s3-r01-ac947a3f.json,C_derived,si,si,experimentos/resultados/arbiter/campaign/SHA256SUMS
experimentos/resultados/arbiter/campaign/analysis/oracle/esc2-s3-r02-8f23ca69.json,C_derived,si,si,experimentos/resultados/arbiter/campaign/SHA256SUMS
experimentos/resultados/arbiter/campaign/analysis/oracle/esc2-s3-r03-3f0f4c0d.json,C_derived,si,si,experimentos/resultados/arbiter/campaign/SHA256SUMS
experimentos/resultados/arbiter/campaign/analysis/oracle/esc2-s3-r04-162ececf.json,C_derived,si,si,experimentos/resultados/arbiter/campaign/SHA256SUMS
experimentos/resultados/arbiter/campaign/analysis/oracle/esc2-s3-r05-f378edf0.json,C_derived,si,si,experimentos/resultados/arbiter/campaign/SHA256SUMS
experimentos/resultados/arbiter/campaign/analysis/oracle/esc2-s3-r06-bb53e49f.json,C_derived,si,si,experimentos/resultados/arbiter/campaign/SHA256SUMS
experimentos/resultados/arbiter/campaign/analysis/oracle/esc2-s3-r07-77b79cd4.json,C_derived,si,si,experimentos/resultados/arbiter/campaign/SHA256SUMS
experimentos/resultados/arbiter/campaign/analysis/oracle/esc2-s3-r08-8b644afe.json,C_derived,si,si,experimentos/resultados/arbiter/campaign/SHA256SUMS
experimentos/resultados/arbiter/campaign/analysis/oracle/esc2-s3-r09-260fa8d7.json,C_derived,si,si,experimentos/resultados/arbiter/campaign/SHA256SUMS
experimentos/resultados/arbiter/campaign/analysis/oracle/esc2-s3-r10-12ddb50e.json,C_derived,si,si,experimentos/resultados/arbiter/campaign/SHA256SUMS
experimentos/resultados/arbiter/campaign/analysis/oracle/esc2-s4-r01-52f48cd3.json,C_derived,si,si,experimentos/resultados/arbiter/campaign/SHA256SUMS
experimentos/resultados/arbiter/campaign/analysis/oracle/esc2-s4-r02-5f4191d9.json,C_derived,si,si,experimentos/resultados/arbiter/campaign/SHA256SUMS
experimentos/resultados/arbiter/campaign/analysis/oracle/esc2-s4-r03-369951c2.json,C_derived,si,si,experimentos/resultados/arbiter/campaign/SHA256SUMS
experimentos/resultados/arbiter/campaign/analysis/oracle/esc2-s4-r04-d7f7ccf5.json,C_derived,si,si,experimentos/resultados/arbiter/campaign/SHA256SUMS
experimentos/resultados/arbiter/campaign/analysis/oracle/esc2-s4-r05-441d1e81.json,C_derived,si,si,experimentos/resultados/arbiter/campaign/SHA256SUMS
experimentos/resultados/arbiter/campaign/analysis/oracle/esc2-s4-r06-5f15327e.json,C_derived,si,si,experimentos/resultados/arbiter/campaign/SHA256SUMS
experimentos/resultados/arbiter/campaign/analysis/oracle/esc2-s4-r07-1e890a62.json,C_derived,si,si,experimentos/resultados/arbiter/campaign/SHA256SUMS
experimentos/resultados/arbiter/campaign/analysis/oracle/esc2-s4-r08-fd9f79a8.json,C_derived,si,si,experimentos/resultados/arbiter/campaign/SHA256SUMS
experimentos/resultados/arbiter/campaign/analysis/oracle/esc2-s4-r09-3adad2bc.json,C_derived,si,si,experimentos/resultados/arbiter/campaign/SHA256SUMS
experimentos/resultados/arbiter/campaign/analysis/oracle/esc2-s4-r10-d572b8dc.json,C_derived,si,si,experimentos/resultados/arbiter/campaign/SHA256SUMS
experimentos/resultados/arbiter/campaign/analysis/oracle/esc3-s0-r01-de01acc0.json,C_derived,si,si,experimentos/resultados/arbiter/campaign/SHA256SUMS
experimentos/resultados/arbiter/campaign/analysis/oracle/esc3-s0-r02-ad1d1f0a.json,C_derived,si,si,experimentos/resultados/arbiter/campaign/SHA256SUMS
experimentos/resultados/arbiter/campaign/analysis/oracle/esc3-s0-r03-455d86ff.json,C_derived,si,si,experimentos/resultados/arbiter/campaign/SHA256SUMS
experimentos/resultados/arbiter/campaign/analysis/oracle/esc3-s0-r04-2f51e6db.json,C_derived,si,si,experimentos/resultados/arbiter/campaign/SHA256SUMS
experimentos/resultados/arbiter/campaign/analysis/oracle/esc3-s0-r05-5002dc63.json,C_derived,si,si,experimentos/resultados/arbiter/campaign/SHA256SUMS
experimentos/resultados/arbiter/campaign/analysis/oracle/esc3-s0-r06-9cbda72f.json,C_derived,si,si,experimentos/resultados/arbiter/campaign/SHA256SUMS
experimentos/resultados/arbiter/campaign/analysis/oracle/esc3-s0-r07-398efbf2.json,C_derived,si,si,experimentos/resultados/arbiter/campaign/SHA256SUMS
experimentos/resultados/arbiter/campaign/analysis/oracle/esc3-s0-r08-f4539e9e.json,C_derived,si,si,experimentos/resultados/arbiter/campaign/SHA256SUMS
experimentos/resultados/arbiter/campaign/analysis/oracle/esc3-s0-r09-4e05c4e0.json,C_derived,si,si,experimentos/resultados/arbiter/campaign/SHA256SUMS
experimentos/resultados/arbiter/campaign/analysis/oracle/esc3-s0-r10-1047f86c.json,C_derived,si,si,experimentos/resultados/arbiter/campaign/SHA256SUMS
experimentos/resultados/arbiter/campaign/analysis/oracle/esc3-s1-r01-b83210ea.json,C_derived,si,si,experimentos/resultados/arbiter/campaign/SHA256SUMS
experimentos/resultados/arbiter/campaign/analysis/oracle/esc3-s1-r02-25ab33fd.json,C_derived,si,si,experimentos/resultados/arbiter/campaign/SHA256SUMS
experimentos/resultados/arbiter/campaign/analysis/oracle/esc3-s1-r03-4fe884f5.json,C_derived,si,si,experimentos/resultados/arbiter/campaign/SHA256SUMS
experimentos/resultados/arbiter/campaign/analysis/oracle/esc3-s1-r04-17524190.json,C_derived,si,si,experimentos/resultados/arbiter/campaign/SHA256SUMS
experimentos/resultados/arbiter/campaign/analysis/oracle/esc3-s1-r05-81662a93.json,C_derived,si,si,experimentos/resultados/arbiter/campaign/SHA256SUMS
experimentos/resultados/arbiter/campaign/analysis/oracle/esc3-s1-r06-b80d4343.json,C_derived,si,si,experimentos/resultados/arbiter/campaign/SHA256SUMS
experimentos/resultados/arbiter/campaign/analysis/oracle/esc3-s1-r07-ba73fa9b.json,C_derived,si,si,experimentos/resultados/arbiter/campaign/SHA256SUMS
experimentos/resultados/arbiter/campaign/analysis/oracle/esc3-s1-r08-ca2eb083.json,C_derived,si,si,experimentos/resultados/arbiter/campaign/SHA256SUMS
experimentos/resultados/arbiter/campaign/analysis/oracle/esc3-s1-r09-79816fb1.json,C_derived,si,si,experimentos/resultados/arbiter/campaign/SHA256SUMS
experimentos/resultados/arbiter/campaign/analysis/oracle/esc3-s1-r10-2a0c54b3.json,C_derived,si,si,experimentos/resultados/arbiter/campaign/SHA256SUMS
experimentos/resultados/arbiter/campaign/analysis/oracle/esc3-s2-r01-7035d3cb.json,C_derived,si,si,experimentos/resultados/arbiter/campaign/SHA256SUMS
experimentos/resultados/arbiter/campaign/analysis/oracle/esc3-s2-r02-f7c988d0.json,C_derived,si,si,experimentos/resultados/arbiter/campaign/SHA256SUMS
experimentos/resultados/arbiter/campaign/analysis/oracle/esc3-s2-r03-6d0d9f50.json,C_derived,si,si,experimentos/resultados/arbiter/campaign/SHA256SUMS
experimentos/resultados/arbiter/campaign/analysis/oracle/esc3-s2-r04-7e457693.json,C_derived,si,si,experimentos/resultados/arbiter/campaign/SHA256SUMS
experimentos/resultados/arbiter/campaign/analysis/oracle/esc3-s2-r05-75149102.json,C_derived,si,si,experimentos/resultados/arbiter/campaign/SHA256SUMS
experimentos/resultados/arbiter/campaign/analysis/oracle/esc3-s2-r06-00b2ed3f.json,C_derived,si,si,experimentos/resultados/arbiter/campaign/SHA256SUMS
experimentos/resultados/arbiter/campaign/analysis/oracle/esc3-s2-r07-13cafc65.json,C_derived,si,si,experimentos/resultados/arbiter/campaign/SHA256SUMS
experimentos/resultados/arbiter/campaign/analysis/oracle/esc3-s2-r08-cf5a9637.json,C_derived,si,si,experimentos/resultados/arbiter/campaign/SHA256SUMS
experimentos/resultados/arbiter/campaign/analysis/oracle/esc3-s2-r09-9086ec18.json,C_derived,si,si,experimentos/resultados/arbiter/campaign/SHA256SUMS
experimentos/resultados/arbiter/campaign/analysis/oracle/esc3-s2-r10-7890651f.json,C_derived,si,si,experimentos/resultados/arbiter/campaign/SHA256SUMS
experimentos/resultados/arbiter/campaign/analysis/oracle/esc3-s3-r01-7ccf350d.json,C_derived,si,si,experimentos/resultados/arbiter/campaign/SHA256SUMS
experimentos/resultados/arbiter/campaign/analysis/oracle/esc3-s3-r02-6b419947.json,C_derived,si,si,experimentos/resultados/arbiter/campaign/SHA256SUMS
experimentos/resultados/arbiter/campaign/analysis/oracle/esc3-s3-r03-c26e45ba.json,C_derived,si,si,experimentos/resultados/arbiter/campaign/SHA256SUMS
experimentos/resultados/arbiter/campaign/analysis/oracle/esc3-s3-r04-43835adf.json,C_derived,si,si,experimentos/resultados/arbiter/campaign/SHA256SUMS
experimentos/resultados/arbiter/campaign/analysis/oracle/esc3-s3-r05-a7a36b2f.json,C_derived,si,si,experimentos/resultados/arbiter/campaign/SHA256SUMS
experimentos/resultados/arbiter/campaign/analysis/oracle/esc3-s3-r06-9899308a.json,C_derived,si,si,experimentos/resultados/arbiter/campaign/SHA256SUMS
experimentos/resultados/arbiter/campaign/analysis/oracle/esc3-s3-r07-8b75fd9a.json,C_derived,si,si,experimentos/resultados/arbiter/campaign/SHA256SUMS
experimentos/resultados/arbiter/campaign/analysis/oracle/esc3-s3-r08-f11f191a.json,C_derived,si,si,experimentos/resultados/arbiter/campaign/SHA256SUMS
experimentos/resultados/arbiter/campaign/analysis/oracle/esc3-s3-r09-3b59f4a4.json,C_derived,si,si,experimentos/resultados/arbiter/campaign/SHA256SUMS
experimentos/resultados/arbiter/campaign/analysis/oracle/esc3-s3-r10-5729e0da.json,C_derived,si,si,experimentos/resultados/arbiter/campaign/SHA256SUMS
experimentos/resultados/arbiter/campaign/analysis/oracle/esc3-s4-r01-d2790eca.json,C_derived,si,si,experimentos/resultados/arbiter/campaign/SHA256SUMS
experimentos/resultados/arbiter/campaign/analysis/oracle/esc3-s4-r02-b962059e.json,C_derived,si,si,experimentos/resultados/arbiter/campaign/SHA256SUMS
experimentos/resultados/arbiter/campaign/analysis/oracle/esc3-s4-r03-0c138fa7.json,C_derived,si,si,experimentos/resultados/arbiter/campaign/SHA256SUMS
experimentos/resultados/arbiter/campaign/analysis/oracle/esc3-s4-r04-31c5d571.json,C_derived,si,si,experimentos/resultados/arbiter/campaign/SHA256SUMS
experimentos/resultados/arbiter/campaign/analysis/oracle/esc3-s4-r05-f5d56c70.json,C_derived,si,si,experimentos/resultados/arbiter/campaign/SHA256SUMS
experimentos/resultados/arbiter/campaign/analysis/oracle/esc3-s4-r06-5a68a875.json,C_derived,si,si,experimentos/resultados/arbiter/campaign/SHA256SUMS
experimentos/resultados/arbiter/campaign/analysis/oracle/esc3-s4-r07-a3b38668.json,C_derived,si,si,experimentos/resultados/arbiter/campaign/SHA256SUMS
experimentos/resultados/arbiter/campaign/analysis/oracle/esc3-s4-r08-5d69bf7e.json,C_derived,si,si,experimentos/resultados/arbiter/campaign/SHA256SUMS
experimentos/resultados/arbiter/campaign/analysis/oracle/esc3-s4-r09-c3891e1a.json,C_derived,si,si,experimentos/resultados/arbiter/campaign/SHA256SUMS
experimentos/resultados/arbiter/campaign/analysis/oracle/esc3-s4-r10-6ca6d47c.json,C_derived,si,si,experimentos/resultados/arbiter/campaign/SHA256SUMS
experimentos/resultados/arbiter/campaign/analysis/oracle/esc4-s3-r01-e1abc1ae.json,C_derived,si,si,experimentos/resultados/arbiter/campaign/SHA256SUMS
experimentos/resultados/arbiter/campaign/analysis/oracle/esc4-s3-r02-1279a6c8.json,C_derived,si,si,experimentos/resultados/arbiter/campaign/SHA256SUMS
experimentos/resultados/arbiter/campaign/analysis/oracle/esc4-s3-r03-223ec15d.json,C_derived,si,si,experimentos/resultados/arbiter/campaign/SHA256SUMS
experimentos/resultados/arbiter/campaign/analysis/oracle/esc4-s3-r04-3008f5e7.json,C_derived,si,si,experimentos/resultados/arbiter/campaign/SHA256SUMS
experimentos/resultados/arbiter/campaign/analysis/oracle/esc4-s3-r05-ba63030d.json,C_derived,si,si,experimentos/resultados/arbiter/campaign/SHA256SUMS
experimentos/resultados/arbiter/campaign/analysis/oracle/esc4-s3-r06-04adf879.json,C_derived,si,si,experimentos/resultados/arbiter/campaign/SHA256SUMS
experimentos/resultados/arbiter/campaign/analysis/oracle/esc4-s3-r07-08aeb764.json,C_derived,si,si,experimentos/resultados/arbiter/campaign/SHA256SUMS
experimentos/resultados/arbiter/campaign/analysis/oracle/esc4-s3-r08-d280a49b.json,C_derived,si,si,experimentos/resultados/arbiter/campaign/SHA256SUMS
experimentos/resultados/arbiter/campaign/analysis/oracle/esc4-s3-r09-e9d7e3c3.json,C_derived,si,si,experimentos/resultados/arbiter/campaign/SHA256SUMS
experimentos/resultados/arbiter/campaign/analysis/oracle/esc4-s3-r10-9317289a.json,C_derived,si,si,experimentos/resultados/arbiter/campaign/SHA256SUMS
experimentos/resultados/arbiter/campaign/analysis/oracle/esc4-s4-r01-b8a595b0.json,C_derived,si,si,experimentos/resultados/arbiter/campaign/SHA256SUMS
experimentos/resultados/arbiter/campaign/analysis/oracle/esc4-s4-r02-16953626.json,C_derived,si,si,experimentos/resultados/arbiter/campaign/SHA256SUMS
experimentos/resultados/arbiter/campaign/analysis/oracle/esc4-s4-r03-9e64a07c.json,C_derived,si,si,experimentos/resultados/arbiter/campaign/SHA256SUMS
experimentos/resultados/arbiter/campaign/analysis/oracle/esc4-s4-r04-29c4ec81.json,C_derived,si,si,experimentos/resultados/arbiter/campaign/SHA256SUMS
experimentos/resultados/arbiter/campaign/analysis/oracle/esc4-s4-r05-ada9bbcf.json,C_derived,si,si,experimentos/resultados/arbiter/campaign/SHA256SUMS
experimentos/resultados/arbiter/campaign/analysis/oracle/esc4-s4-r06-5e8d9517.json,C_derived,si,si,experimentos/resultados/arbiter/campaign/SHA256SUMS
experimentos/resultados/arbiter/campaign/analysis/oracle/esc4-s4-r07-043382cb.json,C_derived,si,si,experimentos/resultados/arbiter/campaign/SHA256SUMS
experimentos/resultados/arbiter/campaign/analysis/oracle/esc4-s4-r08-d92a4f2d.json,C_derived,si,si,experimentos/resultados/arbiter/campaign/SHA256SUMS
experimentos/resultados/arbiter/campaign/analysis/oracle/esc4-s4-r09-1e933110.json,C_derived,si,si,experimentos/resultados/arbiter/campaign/SHA256SUMS
experimentos/resultados/arbiter/campaign/analysis/oracle/esc4-s4-r10-19a529b3.json,C_derived,si,si,experimentos/resultados/arbiter/campaign/SHA256SUMS
experimentos/resultados/arbiter/campaign/logs/campaign.log,B_raw,si,si,experimentos/resultados/arbiter/campaign/SHA256SUMS
experimentos/resultados/arbiter/campaign/manifest/checkpoint.json,E_metadata,si,si,experimentos/resultados/arbiter/campaign/SHA256SUMS
experimentos/resultados/arbiter/campaign/raw/esc1-production-r01.json,B_raw,si,si,experimentos/resultados/arbiter/campaign/SHA256SUMS
experimentos/resultados/arbiter/campaign/raw/esc1-production-r01/locust.log,B_raw,si,si,experimentos/resultados/arbiter/campaign/SHA256SUMS
experimentos/resultados/arbiter/campaign/raw/esc1-production-r01/locust_exceptions.csv,B_raw,si,si,experimentos/resultados/arbiter/campaign/SHA256SUMS
experimentos/resultados/arbiter/campaign/raw/esc1-production-r01/locust_failures.csv,B_raw,si,si,experimentos/resultados/arbiter/campaign/SHA256SUMS
experimentos/resultados/arbiter/campaign/raw/esc1-production-r01/locust_stats.csv,B_raw,si,si,experimentos/resultados/arbiter/campaign/SHA256SUMS
experimentos/resultados/arbiter/campaign/raw/esc1-production-r01/locust_stats_history.csv,B_raw,si,si,experimentos/resultados/arbiter/campaign/SHA256SUMS
experimentos/resultados/arbiter/campaign/raw/esc1-production-r01/report.html,B_raw,si,si,experimentos/resultados/arbiter/campaign/SHA256SUMS
experimentos/resultados/arbiter/campaign/raw/esc1-production-r02.json,B_raw,si,si,experimentos/resultados/arbiter/campaign/SHA256SUMS
experimentos/resultados/arbiter/campaign/raw/esc1-production-r02/locust.log,B_raw,si,si,experimentos/resultados/arbiter/campaign/SHA256SUMS
experimentos/resultados/arbiter/campaign/raw/esc1-production-r02/locust_exceptions.csv,B_raw,si,si,experimentos/resultados/arbiter/campaign/SHA256SUMS
experimentos/resultados/arbiter/campaign/raw/esc1-production-r02/locust_failures.csv,B_raw,si,si,experimentos/resultados/arbiter/campaign/SHA256SUMS
experimentos/resultados/arbiter/campaign/raw/esc1-production-r02/locust_stats.csv,B_raw,si,si,experimentos/resultados/arbiter/campaign/SHA256SUMS
experimentos/resultados/arbiter/campaign/raw/esc1-production-r02/locust_stats_history.csv,B_raw,si,si,experimentos/resultados/arbiter/campaign/SHA256SUMS
experimentos/resultados/arbiter/campaign/raw/esc1-production-r02/report.html,B_raw,si,si,experimentos/resultados/arbiter/campaign/SHA256SUMS
experimentos/resultados/arbiter/campaign/raw/esc1-production-r03.json,B_raw,si,si,experimentos/resultados/arbiter/campaign/SHA256SUMS
experimentos/resultados/arbiter/campaign/raw/esc1-production-r03/locust.log,B_raw,si,si,experimentos/resultados/arbiter/campaign/SHA256SUMS
experimentos/resultados/arbiter/campaign/raw/esc1-production-r03/locust_exceptions.csv,B_raw,si,si,experimentos/resultados/arbiter/campaign/SHA256SUMS
experimentos/resultados/arbiter/campaign/raw/esc1-production-r03/locust_failures.csv,B_raw,si,si,experimentos/resultados/arbiter/campaign/SHA256SUMS
experimentos/resultados/arbiter/campaign/raw/esc1-production-r03/locust_stats.csv,B_raw,si,si,experimentos/resultados/arbiter/campaign/SHA256SUMS
experimentos/resultados/arbiter/campaign/raw/esc1-production-r03/locust_stats_history.csv,B_raw,si,si,experimentos/resultados/arbiter/campaign/SHA256SUMS
experimentos/resultados/arbiter/campaign/raw/esc1-production-r03/report.html,B_raw,si,si,experimentos/resultados/arbiter/campaign/SHA256SUMS
experimentos/resultados/arbiter/campaign/raw/esc1-production-r04.json,B_raw,si,si,experimentos/resultados/arbiter/campaign/SHA256SUMS
experimentos/resultados/arbiter/campaign/raw/esc1-production-r04/locust.log,B_raw,si,si,experimentos/resultados/arbiter/campaign/SHA256SUMS
experimentos/resultados/arbiter/campaign/raw/esc1-production-r04/locust_exceptions.csv,B_raw,si,si,experimentos/resultados/arbiter/campaign/SHA256SUMS
experimentos/resultados/arbiter/campaign/raw/esc1-production-r04/locust_failures.csv,B_raw,si,si,experimentos/resultados/arbiter/campaign/SHA256SUMS
experimentos/resultados/arbiter/campaign/raw/esc1-production-r04/locust_stats.csv,B_raw,si,si,experimentos/resultados/arbiter/campaign/SHA256SUMS
experimentos/resultados/arbiter/campaign/raw/esc1-production-r04/locust_stats_history.csv,B_raw,si,si,experimentos/resultados/arbiter/campaign/SHA256SUMS
experimentos/resultados/arbiter/campaign/raw/esc1-production-r04/report.html,B_raw,si,si,experimentos/resultados/arbiter/campaign/SHA256SUMS
experimentos/resultados/arbiter/campaign/raw/esc1-production-r05.json,B_raw,si,si,experimentos/resultados/arbiter/campaign/SHA256SUMS
experimentos/resultados/arbiter/campaign/raw/esc1-production-r05/locust.log,B_raw,si,si,experimentos/resultados/arbiter/campaign/SHA256SUMS
experimentos/resultados/arbiter/campaign/raw/esc1-production-r05/locust_exceptions.csv,B_raw,si,si,experimentos/resultados/arbiter/campaign/SHA256SUMS
experimentos/resultados/arbiter/campaign/raw/esc1-production-r05/locust_failures.csv,B_raw,si,si,experimentos/resultados/arbiter/campaign/SHA256SUMS
experimentos/resultados/arbiter/campaign/raw/esc1-production-r05/locust_stats.csv,B_raw,si,si,experimentos/resultados/arbiter/campaign/SHA256SUMS
experimentos/resultados/arbiter/campaign/raw/esc1-production-r05/locust_stats_history.csv,B_raw,si,si,experimentos/resultados/arbiter/campaign/SHA256SUMS
experimentos/resultados/arbiter/campaign/raw/esc1-production-r05/report.html,B_raw,si,si,experimentos/resultados/arbiter/campaign/SHA256SUMS
experimentos/resultados/arbiter/campaign/raw/esc1-production-r06.json,B_raw,si,si,experimentos/resultados/arbiter/campaign/SHA256SUMS
experimentos/resultados/arbiter/campaign/raw/esc1-production-r06/locust.log,B_raw,si,si,experimentos/resultados/arbiter/campaign/SHA256SUMS
experimentos/resultados/arbiter/campaign/raw/esc1-production-r06/locust_exceptions.csv,B_raw,si,si,experimentos/resultados/arbiter/campaign/SHA256SUMS
experimentos/resultados/arbiter/campaign/raw/esc1-production-r06/locust_failures.csv,B_raw,si,si,experimentos/resultados/arbiter/campaign/SHA256SUMS
experimentos/resultados/arbiter/campaign/raw/esc1-production-r06/locust_stats.csv,B_raw,si,si,experimentos/resultados/arbiter/campaign/SHA256SUMS
experimentos/resultados/arbiter/campaign/raw/esc1-production-r06/locust_stats_history.csv,B_raw,si,si,experimentos/resultados/arbiter/campaign/SHA256SUMS
experimentos/resultados/arbiter/campaign/raw/esc1-production-r06/report.html,B_raw,si,si,experimentos/resultados/arbiter/campaign/SHA256SUMS
experimentos/resultados/arbiter/campaign/raw/esc1-production-r07.json,B_raw,si,si,experimentos/resultados/arbiter/campaign/SHA256SUMS
experimentos/resultados/arbiter/campaign/raw/esc1-production-r07/locust.log,B_raw,si,si,experimentos/resultados/arbiter/campaign/SHA256SUMS
experimentos/resultados/arbiter/campaign/raw/esc1-production-r07/locust_exceptions.csv,B_raw,si,si,experimentos/resultados/arbiter/campaign/SHA256SUMS
experimentos/resultados/arbiter/campaign/raw/esc1-production-r07/locust_failures.csv,B_raw,si,si,experimentos/resultados/arbiter/campaign/SHA256SUMS
experimentos/resultados/arbiter/campaign/raw/esc1-production-r07/locust_stats.csv,B_raw,si,si,experimentos/resultados/arbiter/campaign/SHA256SUMS
experimentos/resultados/arbiter/campaign/raw/esc1-production-r07/locust_stats_history.csv,B_raw,si,si,experimentos/resultados/arbiter/campaign/SHA256SUMS
experimentos/resultados/arbiter/campaign/raw/esc1-production-r07/report.html,B_raw,si,si,experimentos/resultados/arbiter/campaign/SHA256SUMS
experimentos/resultados/arbiter/campaign/raw/esc1-production-r08.json,B_raw,si,si,experimentos/resultados/arbiter/campaign/SHA256SUMS
experimentos/resultados/arbiter/campaign/raw/esc1-production-r08/locust.log,B_raw,si,si,experimentos/resultados/arbiter/campaign/SHA256SUMS
experimentos/resultados/arbiter/campaign/raw/esc1-production-r08/locust_exceptions.csv,B_raw,si,si,experimentos/resultados/arbiter/campaign/SHA256SUMS
experimentos/resultados/arbiter/campaign/raw/esc1-production-r08/locust_failures.csv,B_raw,si,si,experimentos/resultados/arbiter/campaign/SHA256SUMS
experimentos/resultados/arbiter/campaign/raw/esc1-production-r08/locust_stats.csv,B_raw,si,si,experimentos/resultados/arbiter/campaign/SHA256SUMS
experimentos/resultados/arbiter/campaign/raw/esc1-production-r08/locust_stats_history.csv,B_raw,si,si,experimentos/resultados/arbiter/campaign/SHA256SUMS
experimentos/resultados/arbiter/campaign/raw/esc1-production-r08/report.html,B_raw,si,si,experimentos/resultados/arbiter/campaign/SHA256SUMS
experimentos/resultados/arbiter/campaign/raw/esc1-production-r09.json,B_raw,si,si,experimentos/resultados/arbiter/campaign/SHA256SUMS
experimentos/resultados/arbiter/campaign/raw/esc1-production-r09/locust.log,B_raw,si,si,experimentos/resultados/arbiter/campaign/SHA256SUMS
experimentos/resultados/arbiter/campaign/raw/esc1-production-r09/locust_exceptions.csv,B_raw,si,si,experimentos/resultados/arbiter/campaign/SHA256SUMS
experimentos/resultados/arbiter/campaign/raw/esc1-production-r09/locust_failures.csv,B_raw,si,si,experimentos/resultados/arbiter/campaign/SHA256SUMS
experimentos/resultados/arbiter/campaign/raw/esc1-production-r09/locust_stats.csv,B_raw,si,si,experimentos/resultados/arbiter/campaign/SHA256SUMS
experimentos/resultados/arbiter/campaign/raw/esc1-production-r09/locust_stats_history.csv,B_raw,si,si,experimentos/resultados/arbiter/campaign/SHA256SUMS
experimentos/resultados/arbiter/campaign/raw/esc1-production-r09/report.html,B_raw,si,si,experimentos/resultados/arbiter/campaign/SHA256SUMS
experimentos/resultados/arbiter/campaign/raw/esc1-production-r10.json,B_raw,si,si,experimentos/resultados/arbiter/campaign/SHA256SUMS
experimentos/resultados/arbiter/campaign/raw/esc1-production-r10/locust.log,B_raw,si,si,experimentos/resultados/arbiter/campaign/SHA256SUMS
experimentos/resultados/arbiter/campaign/raw/esc1-production-r10/locust_exceptions.csv,B_raw,si,si,experimentos/resultados/arbiter/campaign/SHA256SUMS
experimentos/resultados/arbiter/campaign/raw/esc1-production-r10/locust_failures.csv,B_raw,si,si,experimentos/resultados/arbiter/campaign/SHA256SUMS
experimentos/resultados/arbiter/campaign/raw/esc1-production-r10/locust_stats.csv,B_raw,si,si,experimentos/resultados/arbiter/campaign/SHA256SUMS
experimentos/resultados/arbiter/campaign/raw/esc1-production-r10/locust_stats_history.csv,B_raw,si,si,experimentos/resultados/arbiter/campaign/SHA256SUMS
experimentos/resultados/arbiter/campaign/raw/esc1-production-r10/report.html,B_raw,si,si,experimentos/resultados/arbiter/campaign/SHA256SUMS
experimentos/resultados/arbiter/campaign/raw/esc2-s0-r01-ce4dacc0.json,B_raw,si,si,experimentos/resultados/arbiter/campaign/SHA256SUMS
experimentos/resultados/arbiter/campaign/raw/esc2-s0-r02-a7bad9de.json,B_raw,si,si,experimentos/resultados/arbiter/campaign/SHA256SUMS
experimentos/resultados/arbiter/campaign/raw/esc2-s0-r03-5bd30469.json,B_raw,si,si,experimentos/resultados/arbiter/campaign/SHA256SUMS
experimentos/resultados/arbiter/campaign/raw/esc2-s0-r04-6e6cd579.json,B_raw,si,si,experimentos/resultados/arbiter/campaign/SHA256SUMS
experimentos/resultados/arbiter/campaign/raw/esc2-s0-r05-a283247c.json,B_raw,si,si,experimentos/resultados/arbiter/campaign/SHA256SUMS
experimentos/resultados/arbiter/campaign/raw/esc2-s0-r06-50528ad4.json,B_raw,si,si,experimentos/resultados/arbiter/campaign/SHA256SUMS
experimentos/resultados/arbiter/campaign/raw/esc2-s0-r07-5b246c3a.json,B_raw,si,si,experimentos/resultados/arbiter/campaign/SHA256SUMS
experimentos/resultados/arbiter/campaign/raw/esc2-s0-r08-72331373.json,B_raw,si,si,experimentos/resultados/arbiter/campaign/SHA256SUMS
experimentos/resultados/arbiter/campaign/raw/esc2-s0-r09-853412d0.json,B_raw,si,si,experimentos/resultados/arbiter/campaign/SHA256SUMS
experimentos/resultados/arbiter/campaign/raw/esc2-s0-r10-2695ede9.json,B_raw,si,si,experimentos/resultados/arbiter/campaign/SHA256SUMS
experimentos/resultados/arbiter/campaign/raw/esc2-s1-r01-b43ad524.json,B_raw,si,si,experimentos/resultados/arbiter/campaign/SHA256SUMS
experimentos/resultados/arbiter/campaign/raw/esc2-s1-r02-0a6c10a2.json,B_raw,si,si,experimentos/resultados/arbiter/campaign/SHA256SUMS
experimentos/resultados/arbiter/campaign/raw/esc2-s1-r03-12765dce.json,B_raw,si,si,experimentos/resultados/arbiter/campaign/SHA256SUMS
experimentos/resultados/arbiter/campaign/raw/esc2-s1-r04-f7ae4460.json,B_raw,si,si,experimentos/resultados/arbiter/campaign/SHA256SUMS
experimentos/resultados/arbiter/campaign/raw/esc2-s1-r05-996b7821.json,B_raw,si,si,experimentos/resultados/arbiter/campaign/SHA256SUMS
experimentos/resultados/arbiter/campaign/raw/esc2-s1-r06-d1013d12.json,B_raw,si,si,experimentos/resultados/arbiter/campaign/SHA256SUMS
experimentos/resultados/arbiter/campaign/raw/esc2-s1-r07-1d4c92ef.json,B_raw,si,si,experimentos/resultados/arbiter/campaign/SHA256SUMS
experimentos/resultados/arbiter/campaign/raw/esc2-s1-r08-c850241a.json,B_raw,si,si,experimentos/resultados/arbiter/campaign/SHA256SUMS
experimentos/resultados/arbiter/campaign/raw/esc2-s1-r09-7dc1251c.json,B_raw,si,si,experimentos/resultados/arbiter/campaign/SHA256SUMS
experimentos/resultados/arbiter/campaign/raw/esc2-s1-r10-a61cdbb4.json,B_raw,si,si,experimentos/resultados/arbiter/campaign/SHA256SUMS
experimentos/resultados/arbiter/campaign/raw/esc2-s2-r01-4b3822e0.json,B_raw,si,si,experimentos/resultados/arbiter/campaign/SHA256SUMS
experimentos/resultados/arbiter/campaign/raw/esc2-s2-r02-5143a667.json,B_raw,si,si,experimentos/resultados/arbiter/campaign/SHA256SUMS
experimentos/resultados/arbiter/campaign/raw/esc2-s2-r03-2e231df6.json,B_raw,si,si,experimentos/resultados/arbiter/campaign/SHA256SUMS
experimentos/resultados/arbiter/campaign/raw/esc2-s2-r04-09ca5561.json,B_raw,si,si,experimentos/resultados/arbiter/campaign/SHA256SUMS
experimentos/resultados/arbiter/campaign/raw/esc2-s2-r05-794e088d.json,B_raw,si,si,experimentos/resultados/arbiter/campaign/SHA256SUMS
experimentos/resultados/arbiter/campaign/raw/esc2-s2-r06-a0fe85f9.json,B_raw,si,si,experimentos/resultados/arbiter/campaign/SHA256SUMS
experimentos/resultados/arbiter/campaign/raw/esc2-s2-r07-dfe49c9b.json,B_raw,si,si,experimentos/resultados/arbiter/campaign/SHA256SUMS
experimentos/resultados/arbiter/campaign/raw/esc2-s2-r08-30fbed6b.json,B_raw,si,si,experimentos/resultados/arbiter/campaign/SHA256SUMS
experimentos/resultados/arbiter/campaign/raw/esc2-s2-r09-66c545f2.json,B_raw,si,si,experimentos/resultados/arbiter/campaign/SHA256SUMS
experimentos/resultados/arbiter/campaign/raw/esc2-s2-r10-c8157171.json,B_raw,si,si,experimentos/resultados/arbiter/campaign/SHA256SUMS
experimentos/resultados/arbiter/campaign/raw/esc2-s3-r01-ac947a3f.json,B_raw,si,si,experimentos/resultados/arbiter/campaign/SHA256SUMS
experimentos/resultados/arbiter/campaign/raw/esc2-s3-r02-8f23ca69.json,B_raw,si,si,experimentos/resultados/arbiter/campaign/SHA256SUMS
experimentos/resultados/arbiter/campaign/raw/esc2-s3-r03-3f0f4c0d.json,B_raw,si,si,experimentos/resultados/arbiter/campaign/SHA256SUMS
experimentos/resultados/arbiter/campaign/raw/esc2-s3-r04-162ececf.json,B_raw,si,si,experimentos/resultados/arbiter/campaign/SHA256SUMS
experimentos/resultados/arbiter/campaign/raw/esc2-s3-r05-f378edf0.json,B_raw,si,si,experimentos/resultados/arbiter/campaign/SHA256SUMS
experimentos/resultados/arbiter/campaign/raw/esc2-s3-r06-bb53e49f.json,B_raw,si,si,experimentos/resultados/arbiter/campaign/SHA256SUMS
experimentos/resultados/arbiter/campaign/raw/esc2-s3-r07-77b79cd4.json,B_raw,si,si,experimentos/resultados/arbiter/campaign/SHA256SUMS
experimentos/resultados/arbiter/campaign/raw/esc2-s3-r08-8b644afe.json,B_raw,si,si,experimentos/resultados/arbiter/campaign/SHA256SUMS
experimentos/resultados/arbiter/campaign/raw/esc2-s3-r09-260fa8d7.json,B_raw,si,si,experimentos/resultados/arbiter/campaign/SHA256SUMS
experimentos/resultados/arbiter/campaign/raw/esc2-s3-r10-12ddb50e.json,B_raw,si,si,experimentos/resultados/arbiter/campaign/SHA256SUMS
experimentos/resultados/arbiter/campaign/raw/esc2-s4-r01-52f48cd3.json,B_raw,si,si,experimentos/resultados/arbiter/campaign/SHA256SUMS
experimentos/resultados/arbiter/campaign/raw/esc2-s4-r02-5f4191d9.json,B_raw,si,si,experimentos/resultados/arbiter/campaign/SHA256SUMS
experimentos/resultados/arbiter/campaign/raw/esc2-s4-r03-369951c2.json,B_raw,si,si,experimentos/resultados/arbiter/campaign/SHA256SUMS
experimentos/resultados/arbiter/campaign/raw/esc2-s4-r04-d7f7ccf5.json,B_raw,si,si,experimentos/resultados/arbiter/campaign/SHA256SUMS
experimentos/resultados/arbiter/campaign/raw/esc2-s4-r05-441d1e81.json,B_raw,si,si,experimentos/resultados/arbiter/campaign/SHA256SUMS
experimentos/resultados/arbiter/campaign/raw/esc2-s4-r06-5f15327e.json,B_raw,si,si,experimentos/resultados/arbiter/campaign/SHA256SUMS
experimentos/resultados/arbiter/campaign/raw/esc2-s4-r07-1e890a62.json,B_raw,si,si,experimentos/resultados/arbiter/campaign/SHA256SUMS
experimentos/resultados/arbiter/campaign/raw/esc2-s4-r08-fd9f79a8.json,B_raw,si,si,experimentos/resultados/arbiter/campaign/SHA256SUMS
experimentos/resultados/arbiter/campaign/raw/esc2-s4-r09-3adad2bc.json,B_raw,si,si,experimentos/resultados/arbiter/campaign/SHA256SUMS
experimentos/resultados/arbiter/campaign/raw/esc2-s4-r10-d572b8dc.json,B_raw,si,si,experimentos/resultados/arbiter/campaign/SHA256SUMS
experimentos/resultados/arbiter/campaign/raw/esc3-s0-r01-de01acc0.json,B_raw,si,si,experimentos/resultados/arbiter/campaign/SHA256SUMS
experimentos/resultados/arbiter/campaign/raw/esc3-s0-r02-ad1d1f0a.json,B_raw,si,si,experimentos/resultados/arbiter/campaign/SHA256SUMS
experimentos/resultados/arbiter/campaign/raw/esc3-s0-r03-455d86ff.json,B_raw,si,si,experimentos/resultados/arbiter/campaign/SHA256SUMS
experimentos/resultados/arbiter/campaign/raw/esc3-s0-r04-2f51e6db.json,B_raw,si,si,experimentos/resultados/arbiter/campaign/SHA256SUMS
experimentos/resultados/arbiter/campaign/raw/esc3-s0-r05-5002dc63.json,B_raw,si,si,experimentos/resultados/arbiter/campaign/SHA256SUMS
experimentos/resultados/arbiter/campaign/raw/esc3-s0-r06-9cbda72f.json,B_raw,si,si,experimentos/resultados/arbiter/campaign/SHA256SUMS
experimentos/resultados/arbiter/campaign/raw/esc3-s0-r07-398efbf2.json,B_raw,si,si,experimentos/resultados/arbiter/campaign/SHA256SUMS
experimentos/resultados/arbiter/campaign/raw/esc3-s0-r08-f4539e9e.json,B_raw,si,si,experimentos/resultados/arbiter/campaign/SHA256SUMS
experimentos/resultados/arbiter/campaign/raw/esc3-s0-r09-4e05c4e0.json,B_raw,si,si,experimentos/resultados/arbiter/campaign/SHA256SUMS
experimentos/resultados/arbiter/campaign/raw/esc3-s0-r10-1047f86c.json,B_raw,si,si,experimentos/resultados/arbiter/campaign/SHA256SUMS
experimentos/resultados/arbiter/campaign/raw/esc3-s1-r01-b83210ea.json,B_raw,si,si,experimentos/resultados/arbiter/campaign/SHA256SUMS
experimentos/resultados/arbiter/campaign/raw/esc3-s1-r02-25ab33fd.json,B_raw,si,si,experimentos/resultados/arbiter/campaign/SHA256SUMS
experimentos/resultados/arbiter/campaign/raw/esc3-s1-r03-4fe884f5.json,B_raw,si,si,experimentos/resultados/arbiter/campaign/SHA256SUMS
experimentos/resultados/arbiter/campaign/raw/esc3-s1-r04-17524190.json,B_raw,si,si,experimentos/resultados/arbiter/campaign/SHA256SUMS
experimentos/resultados/arbiter/campaign/raw/esc3-s1-r05-81662a93.json,B_raw,si,si,experimentos/resultados/arbiter/campaign/SHA256SUMS
experimentos/resultados/arbiter/campaign/raw/esc3-s1-r06-b80d4343.json,B_raw,si,si,experimentos/resultados/arbiter/campaign/SHA256SUMS
experimentos/resultados/arbiter/campaign/raw/esc3-s1-r07-ba73fa9b.json,B_raw,si,si,experimentos/resultados/arbiter/campaign/SHA256SUMS
experimentos/resultados/arbiter/campaign/raw/esc3-s1-r08-ca2eb083.json,B_raw,si,si,experimentos/resultados/arbiter/campaign/SHA256SUMS
experimentos/resultados/arbiter/campaign/raw/esc3-s1-r09-79816fb1.json,B_raw,si,si,experimentos/resultados/arbiter/campaign/SHA256SUMS
experimentos/resultados/arbiter/campaign/raw/esc3-s1-r10-2a0c54b3.json,B_raw,si,si,experimentos/resultados/arbiter/campaign/SHA256SUMS
experimentos/resultados/arbiter/campaign/raw/esc3-s2-r01-7035d3cb.json,B_raw,si,si,experimentos/resultados/arbiter/campaign/SHA256SUMS
experimentos/resultados/arbiter/campaign/raw/esc3-s2-r02-f7c988d0.json,B_raw,si,si,experimentos/resultados/arbiter/campaign/SHA256SUMS
experimentos/resultados/arbiter/campaign/raw/esc3-s2-r03-6d0d9f50.json,B_raw,si,si,experimentos/resultados/arbiter/campaign/SHA256SUMS
experimentos/resultados/arbiter/campaign/raw/esc3-s2-r04-7e457693.json,B_raw,si,si,experimentos/resultados/arbiter/campaign/SHA256SUMS
experimentos/resultados/arbiter/campaign/raw/esc3-s2-r05-75149102.json,B_raw,si,si,experimentos/resultados/arbiter/campaign/SHA256SUMS
experimentos/resultados/arbiter/campaign/raw/esc3-s2-r06-00b2ed3f.json,B_raw,si,si,experimentos/resultados/arbiter/campaign/SHA256SUMS
experimentos/resultados/arbiter/campaign/raw/esc3-s2-r07-13cafc65.json,B_raw,si,si,experimentos/resultados/arbiter/campaign/SHA256SUMS
experimentos/resultados/arbiter/campaign/raw/esc3-s2-r08-cf5a9637.json,B_raw,si,si,experimentos/resultados/arbiter/campaign/SHA256SUMS
experimentos/resultados/arbiter/campaign/raw/esc3-s2-r09-9086ec18.json,B_raw,si,si,experimentos/resultados/arbiter/campaign/SHA256SUMS
experimentos/resultados/arbiter/campaign/raw/esc3-s2-r10-7890651f.json,B_raw,si,si,experimentos/resultados/arbiter/campaign/SHA256SUMS
experimentos/resultados/arbiter/campaign/raw/esc3-s3-r01-7ccf350d.json,B_raw,si,si,experimentos/resultados/arbiter/campaign/SHA256SUMS
experimentos/resultados/arbiter/campaign/raw/esc3-s3-r02-6b419947.json,B_raw,si,si,experimentos/resultados/arbiter/campaign/SHA256SUMS
experimentos/resultados/arbiter/campaign/raw/esc3-s3-r03-c26e45ba.json,B_raw,si,si,experimentos/resultados/arbiter/campaign/SHA256SUMS
experimentos/resultados/arbiter/campaign/raw/esc3-s3-r04-43835adf.json,B_raw,si,si,experimentos/resultados/arbiter/campaign/SHA256SUMS
experimentos/resultados/arbiter/campaign/raw/esc3-s3-r05-a7a36b2f.json,B_raw,si,si,experimentos/resultados/arbiter/campaign/SHA256SUMS
experimentos/resultados/arbiter/campaign/raw/esc3-s3-r06-9899308a.json,B_raw,si,si,experimentos/resultados/arbiter/campaign/SHA256SUMS
experimentos/resultados/arbiter/campaign/raw/esc3-s3-r07-8b75fd9a.json,B_raw,si,si,experimentos/resultados/arbiter/campaign/SHA256SUMS
experimentos/resultados/arbiter/campaign/raw/esc3-s3-r08-f11f191a.json,B_raw,si,si,experimentos/resultados/arbiter/campaign/SHA256SUMS
experimentos/resultados/arbiter/campaign/raw/esc3-s3-r09-3b59f4a4.json,B_raw,si,si,experimentos/resultados/arbiter/campaign/SHA256SUMS
experimentos/resultados/arbiter/campaign/raw/esc3-s3-r10-5729e0da.json,B_raw,si,si,experimentos/resultados/arbiter/campaign/SHA256SUMS
experimentos/resultados/arbiter/campaign/raw/esc3-s4-r01-d2790eca.json,B_raw,si,si,experimentos/resultados/arbiter/campaign/SHA256SUMS
experimentos/resultados/arbiter/campaign/raw/esc3-s4-r02-b962059e.json,B_raw,si,si,experimentos/resultados/arbiter/campaign/SHA256SUMS
experimentos/resultados/arbiter/campaign/raw/esc3-s4-r03-0c138fa7.json,B_raw,si,si,experimentos/resultados/arbiter/campaign/SHA256SUMS
experimentos/resultados/arbiter/campaign/raw/esc3-s4-r04-31c5d571.json,B_raw,si,si,experimentos/resultados/arbiter/campaign/SHA256SUMS
experimentos/resultados/arbiter/campaign/raw/esc3-s4-r05-f5d56c70.json,B_raw,si,si,experimentos/resultados/arbiter/campaign/SHA256SUMS
experimentos/resultados/arbiter/campaign/raw/esc3-s4-r06-5a68a875.json,B_raw,si,si,experimentos/resultados/arbiter/campaign/SHA256SUMS
experimentos/resultados/arbiter/campaign/raw/esc3-s4-r07-a3b38668.json,B_raw,si,si,experimentos/resultados/arbiter/campaign/SHA256SUMS
experimentos/resultados/arbiter/campaign/raw/esc3-s4-r08-5d69bf7e.json,B_raw,si,si,experimentos/resultados/arbiter/campaign/SHA256SUMS
experimentos/resultados/arbiter/campaign/raw/esc3-s4-r09-c3891e1a.json,B_raw,si,si,experimentos/resultados/arbiter/campaign/SHA256SUMS
experimentos/resultados/arbiter/campaign/raw/esc3-s4-r10-6ca6d47c.json,B_raw,si,si,experimentos/resultados/arbiter/campaign/SHA256SUMS
experimentos/resultados/arbiter/campaign/raw/esc4-s3-r01-e1abc1ae.json,B_raw,si,si,experimentos/resultados/arbiter/campaign/SHA256SUMS
experimentos/resultados/arbiter/campaign/raw/esc4-s3-r02-1279a6c8.json,B_raw,si,si,experimentos/resultados/arbiter/campaign/SHA256SUMS
experimentos/resultados/arbiter/campaign/raw/esc4-s3-r03-223ec15d.json,B_raw,si,si,experimentos/resultados/arbiter/campaign/SHA256SUMS
experimentos/resultados/arbiter/campaign/raw/esc4-s3-r04-3008f5e7.json,B_raw,si,si,experimentos/resultados/arbiter/campaign/SHA256SUMS
experimentos/resultados/arbiter/campaign/raw/esc4-s3-r05-ba63030d.json,B_raw,si,si,experimentos/resultados/arbiter/campaign/SHA256SUMS
experimentos/resultados/arbiter/campaign/raw/esc4-s3-r06-04adf879.json,B_raw,si,si,experimentos/resultados/arbiter/campaign/SHA256SUMS
experimentos/resultados/arbiter/campaign/raw/esc4-s3-r07-08aeb764.json,B_raw,si,si,experimentos/resultados/arbiter/campaign/SHA256SUMS
experimentos/resultados/arbiter/campaign/raw/esc4-s3-r08-d280a49b.json,B_raw,si,si,experimentos/resultados/arbiter/campaign/SHA256SUMS
experimentos/resultados/arbiter/campaign/raw/esc4-s3-r09-e9d7e3c3.json,B_raw,si,si,experimentos/resultados/arbiter/campaign/SHA256SUMS
experimentos/resultados/arbiter/campaign/raw/esc4-s3-r10-9317289a.json,B_raw,si,si,experimentos/resultados/arbiter/campaign/SHA256SUMS
experimentos/resultados/arbiter/campaign/raw/esc4-s4-r01-b8a595b0.json,B_raw,si,si,experimentos/resultados/arbiter/campaign/SHA256SUMS
experimentos/resultados/arbiter/campaign/raw/esc4-s4-r02-16953626.json,B_raw,si,si,experimentos/resultados/arbiter/campaign/SHA256SUMS
experimentos/resultados/arbiter/campaign/raw/esc4-s4-r03-9e64a07c.json,B_raw,si,si,experimentos/resultados/arbiter/campaign/SHA256SUMS
experimentos/resultados/arbiter/campaign/raw/esc4-s4-r04-29c4ec81.json,B_raw,si,si,experimentos/resultados/arbiter/campaign/SHA256SUMS
experimentos/resultados/arbiter/campaign/raw/esc4-s4-r05-ada9bbcf.json,B_raw,si,si,experimentos/resultados/arbiter/campaign/SHA256SUMS
experimentos/resultados/arbiter/campaign/raw/esc4-s4-r06-5e8d9517.json,B_raw,si,si,experimentos/resultados/arbiter/campaign/SHA256SUMS
experimentos/resultados/arbiter/campaign/raw/esc4-s4-r07-043382cb.json,B_raw,si,si,experimentos/resultados/arbiter/campaign/SHA256SUMS
experimentos/resultados/arbiter/campaign/raw/esc4-s4-r08-d92a4f2d.json,B_raw,si,si,experimentos/resultados/arbiter/campaign/SHA256SUMS
experimentos/resultados/arbiter/campaign/raw/esc4-s4-r09-1e933110.json,B_raw,si,si,experimentos/resultados/arbiter/campaign/SHA256SUMS
experimentos/resultados/arbiter/campaign/raw/esc4-s4-r10-19a529b3.json,B_raw,si,si,experimentos/resultados/arbiter/campaign/SHA256SUMS
experimentos/resultados/arbiter/campaign/summary/runs.csv,C_derived,si,si,experimentos/resultados/arbiter/campaign/SHA256SUMS
experimentos/resultados/arbiter/campaign/summary/runs.json,C_derived,si,si,experimentos/resultados/arbiter/campaign/SHA256SUMS
experimentos/resultados/evidencia-e3-canonica/MANIFEST-SHA256.txt,D_manifest,no,no,
experimentos/resultados/evidencia-e3-canonica/README.md,A_codigo_documentacion,si,si,experimentos/resultados/evidencia-e3-canonica/MANIFEST-SHA256.txt
experimentos/resultados/evidencia-e3-canonica/e3_compatibilidad/campaign.json,E_metadata,si,si,experimentos/resultados/evidencia-e3-canonica/MANIFEST-SHA256.txt
experimentos/resultados/evidencia-e3-canonica/e3_compatibilidad/rep-01/chromium/summary.json,C_derived,si,si,experimentos/resultados/evidencia-e3-canonica/MANIFEST-SHA256.txt
experimentos/resultados/evidencia-e3-canonica/e3_compatibilidad/rep-01/firefox/summary.json,C_derived,si,si,experimentos/resultados/evidencia-e3-canonica/MANIFEST-SHA256.txt
experimentos/resultados/evidencia-e3-canonica/e3_compatibilidad/rep-01/manifest.json,E_metadata,si,si,experimentos/resultados/evidencia-e3-canonica/MANIFEST-SHA256.txt
experimentos/resultados/evidencia-e3-canonica/e3_compatibilidad/rep-01/webkit/summary.json,C_derived,si,si,experimentos/resultados/evidencia-e3-canonica/MANIFEST-SHA256.txt
experimentos/resultados/evidencia-e3-canonica/e3_compatibilidad/rep-02/chromium/summary.json,C_derived,si,si,experimentos/resultados/evidencia-e3-canonica/MANIFEST-SHA256.txt
experimentos/resultados/evidencia-e3-canonica/e3_compatibilidad/rep-02/firefox/summary.json,C_derived,si,si,experimentos/resultados/evidencia-e3-canonica/MANIFEST-SHA256.txt
experimentos/resultados/evidencia-e3-canonica/e3_compatibilidad/rep-02/manifest.json,E_metadata,si,si,experimentos/resultados/evidencia-e3-canonica/MANIFEST-SHA256.txt
experimentos/resultados/evidencia-e3-canonica/e3_compatibilidad/rep-02/webkit/summary.json,C_derived,si,si,experimentos/resultados/evidencia-e3-canonica/MANIFEST-SHA256.txt
experimentos/resultados/evidencia-e3-canonica/e3_compatibilidad/rep-03/chromium/summary.json,C_derived,si,si,experimentos/resultados/evidencia-e3-canonica/MANIFEST-SHA256.txt
experimentos/resultados/evidencia-e3-canonica/e3_compatibilidad/rep-03/firefox/summary.json,C_derived,si,si,experimentos/resultados/evidencia-e3-canonica/MANIFEST-SHA256.txt
experimentos/resultados/evidencia-e3-canonica/e3_compatibilidad/rep-03/manifest.json,E_metadata,si,si,experimentos/resultados/evidencia-e3-canonica/MANIFEST-SHA256.txt
experimentos/resultados/evidencia-e3-canonica/e3_compatibilidad/rep-03/webkit/summary.json,C_derived,si,si,experimentos/resultados/evidencia-e3-canonica/MANIFEST-SHA256.txt
experimentos/resultados/evidencia-e3-canonica/e3_mantenibilidad/campaign.json,E_metadata,si,si,experimentos/resultados/evidencia-e3-canonica/MANIFEST-SHA256.txt
experimentos/resultados/evidencia-e3-canonica/e3_mantenibilidad/rep-01/academico/report/jacoco.csv,B_raw,si,si,experimentos/resultados/evidencia-e3-canonica/MANIFEST-SHA256.txt
experimentos/resultados/evidencia-e3-canonica/e3_mantenibilidad/rep-01/android/report/jacocoTestReport.xml,B_raw,si,si,experimentos/resultados/evidencia-e3-canonica/MANIFEST-SHA256.txt
experimentos/resultados/evidencia-e3-canonica/e3_mantenibilidad/rep-01/auth/report/jacoco.csv,B_raw,si,si,experimentos/resultados/evidencia-e3-canonica/MANIFEST-SHA256.txt
experimentos/resultados/evidencia-e3-canonica/e3_mantenibilidad/rep-01/gateway/report/jacoco.csv,B_raw,si,si,experimentos/resultados/evidencia-e3-canonica/MANIFEST-SHA256.txt
experimentos/resultados/evidencia-e3-canonica/e3_mantenibilidad/rep-01/manifest.json,E_metadata,si,si,experimentos/resultados/evidencia-e3-canonica/MANIFEST-SHA256.txt
experimentos/resultados/evidencia-e3-canonica/e3_mantenibilidad/rep-01/metricas.csv,C_derived,si,si,experimentos/resultados/evidencia-e3-canonica/MANIFEST-SHA256.txt
experimentos/resultados/evidencia-e3-canonica/e3_mantenibilidad/rep-01/reservas/report/jacoco.csv,B_raw,si,si,experimentos/resultados/evidencia-e3-canonica/MANIFEST-SHA256.txt
experimentos/resultados/evidencia-e3-canonica/e3_mantenibilidad/rep-01/usuarios/report/jacoco.csv,B_raw,si,si,experimentos/resultados/evidencia-e3-canonica/MANIFEST-SHA256.txt
experimentos/resultados/evidencia-e3-canonica/e3_mantenibilidad/rep-01/web/report/coverage-summary.json,B_raw,si,si,experimentos/resultados/evidencia-e3-canonica/MANIFEST-SHA256.txt
experimentos/resultados/evidencia-e3-canonica/e3_mantenibilidad/rep-02/academico/report/jacoco.csv,B_raw,si,si,experimentos/resultados/evidencia-e3-canonica/MANIFEST-SHA256.txt
experimentos/resultados/evidencia-e3-canonica/e3_mantenibilidad/rep-02/android/report/jacocoTestReport.xml,B_raw,si,si,experimentos/resultados/evidencia-e3-canonica/MANIFEST-SHA256.txt
experimentos/resultados/evidencia-e3-canonica/e3_mantenibilidad/rep-02/auth/report/jacoco.csv,B_raw,si,si,experimentos/resultados/evidencia-e3-canonica/MANIFEST-SHA256.txt
experimentos/resultados/evidencia-e3-canonica/e3_mantenibilidad/rep-02/gateway/report/jacoco.csv,B_raw,si,si,experimentos/resultados/evidencia-e3-canonica/MANIFEST-SHA256.txt
experimentos/resultados/evidencia-e3-canonica/e3_mantenibilidad/rep-02/manifest.json,E_metadata,si,si,experimentos/resultados/evidencia-e3-canonica/MANIFEST-SHA256.txt
experimentos/resultados/evidencia-e3-canonica/e3_mantenibilidad/rep-02/metricas.csv,C_derived,si,si,experimentos/resultados/evidencia-e3-canonica/MANIFEST-SHA256.txt
experimentos/resultados/evidencia-e3-canonica/e3_mantenibilidad/rep-02/reservas/report/jacoco.csv,B_raw,si,si,experimentos/resultados/evidencia-e3-canonica/MANIFEST-SHA256.txt
experimentos/resultados/evidencia-e3-canonica/e3_mantenibilidad/rep-02/usuarios/report/jacoco.csv,B_raw,si,si,experimentos/resultados/evidencia-e3-canonica/MANIFEST-SHA256.txt
experimentos/resultados/evidencia-e3-canonica/e3_mantenibilidad/rep-02/web/report/coverage-summary.json,B_raw,si,si,experimentos/resultados/evidencia-e3-canonica/MANIFEST-SHA256.txt
experimentos/resultados/evidencia-e3-canonica/e3_mantenibilidad/rep-03/academico/report/jacoco.csv,B_raw,si,si,experimentos/resultados/evidencia-e3-canonica/MANIFEST-SHA256.txt
experimentos/resultados/evidencia-e3-canonica/e3_mantenibilidad/rep-03/android/report/jacocoTestReport.xml,B_raw,si,si,experimentos/resultados/evidencia-e3-canonica/MANIFEST-SHA256.txt
experimentos/resultados/evidencia-e3-canonica/e3_mantenibilidad/rep-03/auth/report/jacoco.csv,B_raw,si,si,experimentos/resultados/evidencia-e3-canonica/MANIFEST-SHA256.txt
experimentos/resultados/evidencia-e3-canonica/e3_mantenibilidad/rep-03/gateway/report/jacoco.csv,B_raw,si,si,experimentos/resultados/evidencia-e3-canonica/MANIFEST-SHA256.txt
experimentos/resultados/evidencia-e3-canonica/e3_mantenibilidad/rep-03/manifest.json,E_metadata,si,si,experimentos/resultados/evidencia-e3-canonica/MANIFEST-SHA256.txt
experimentos/resultados/evidencia-e3-canonica/e3_mantenibilidad/rep-03/metricas.csv,C_derived,si,si,experimentos/resultados/evidencia-e3-canonica/MANIFEST-SHA256.txt
experimentos/resultados/evidencia-e3-canonica/e3_mantenibilidad/rep-03/reservas/report/jacoco.csv,B_raw,si,si,experimentos/resultados/evidencia-e3-canonica/MANIFEST-SHA256.txt
experimentos/resultados/evidencia-e3-canonica/e3_mantenibilidad/rep-03/usuarios/report/jacoco.csv,B_raw,si,si,experimentos/resultados/evidencia-e3-canonica/MANIFEST-SHA256.txt
experimentos/resultados/evidencia-e3-canonica/e3_mantenibilidad/rep-03/web/report/coverage-summary.json,B_raw,si,si,experimentos/resultados/evidencia-e3-canonica/MANIFEST-SHA256.txt
experimentos/resultados/evidencia-e3-canonica/e3_seguridad/campaign.json,E_metadata,si,si,experimentos/resultados/evidencia-e3-canonica/MANIFEST-SHA256.txt
experimentos/resultados/evidencia-e3-canonica/e3_seguridad/rep-01/decisiones.csv,B_raw,si,si,experimentos/resultados/evidencia-e3-canonica/MANIFEST-SHA256.txt
experimentos/resultados/evidencia-e3-canonica/e3_seguridad/rep-01/manifest.json,E_metadata,si,si,experimentos/resultados/evidencia-e3-canonica/MANIFEST-SHA256.txt
experimentos/resultados/evidencia-e3-canonica/e3_seguridad/rep-02/decisiones.csv,B_raw,si,si,experimentos/resultados/evidencia-e3-canonica/MANIFEST-SHA256.txt
experimentos/resultados/evidencia-e3-canonica/e3_seguridad/rep-02/manifest.json,E_metadata,si,si,experimentos/resultados/evidencia-e3-canonica/MANIFEST-SHA256.txt
experimentos/resultados/evidencia-e3-canonica/e3_seguridad/rep-03/decisiones.csv,B_raw,si,si,experimentos/resultados/evidencia-e3-canonica/MANIFEST-SHA256.txt
experimentos/resultados/evidencia-e3-canonica/e3_seguridad/rep-03/manifest.json,E_metadata,si,si,experimentos/resultados/evidencia-e3-canonica/MANIFEST-SHA256.txt
experimentos/resultados/evidencia-e3-canonica/e3_study.json,E_metadata,si,si,experimentos/resultados/evidencia-e3-canonica/MANIFEST-SHA256.txt
experimentos/resultados/iso25010-correctiva.csv,C_derived,no,si,experimentos/resultados/MANIFEST-SHA256.txt
experimentos/resultados/iso25010.csv,C_derived,si,si,experimentos/resultados/SHA256SUMS
experimentos/resultados/raw/.gitignore,A_codigo_documentacion,no,no,
experimentos/resultados/raw/cockroach-limite-transacciones-2026-09-10.txt,B_raw,si,si,experimentos/resultados/SHA256SUMS
experimentos/resultados/raw/eficiencia_nominal_50u_5m/master-20260830T043155Z.log,B_raw,si,si,experimentos/resultados/SHA256SUMS
experimentos/resultados/raw/eficiencia_nominal_50u_5m/rep-01/docker-stats-after.txt,B_raw,si,si,experimentos/resultados/SHA256SUMS
experimentos/resultados/raw/eficiencia_nominal_50u_5m/rep-01/docker-stats-before.txt,B_raw,si,si,experimentos/resultados/SHA256SUMS
experimentos/resultados/raw/eficiencia_nominal_50u_5m/rep-01/gateway-health-after.json,B_raw,si,si,experimentos/resultados/SHA256SUMS
experimentos/resultados/raw/eficiencia_nominal_50u_5m/rep-01/gateway-health-before.json,B_raw,si,si,experimentos/resultados/SHA256SUMS
experimentos/resultados/raw/eficiencia_nominal_50u_5m/rep-01/locust.log,B_raw,si,si,experimentos/resultados/SHA256SUMS
experimentos/resultados/raw/eficiencia_nominal_50u_5m/rep-01/locust_exceptions.csv,B_raw,si,si,experimentos/resultados/SHA256SUMS
experimentos/resultados/raw/eficiencia_nominal_50u_5m/rep-01/locust_failures.csv,B_raw,si,si,experimentos/resultados/SHA256SUMS
experimentos/resultados/raw/eficiencia_nominal_50u_5m/rep-01/locust_stats.csv,B_raw,si,si,experimentos/resultados/SHA256SUMS
experimentos/resultados/raw/eficiencia_nominal_50u_5m/rep-01/metadata.json,E_metadata,si,si,experimentos/resultados/SHA256SUMS
experimentos/resultados/raw/eficiencia_nominal_50u_5m/rep-01/prometheus-5xx-count.promql,A_codigo_documentacion,si,si,experimentos/resultados/SHA256SUMS
experimentos/resultados/raw/eficiencia_nominal_50u_5m/rep-01/prometheus-5xx-percent-result.txt,B_raw,si,si,experimentos/resultados/SHA256SUMS
experimentos/resultados/raw/eficiencia_nominal_50u_5m/rep-01/prometheus-5xx-percent.promql,A_codigo_documentacion,si,si,experimentos/resultados/SHA256SUMS
experimentos/resultados/raw/eficiencia_nominal_50u_5m/rep-01/prometheus-5xx-result.txt,B_raw,si,si,experimentos/resultados/SHA256SUMS
experimentos/resultados/raw/eficiencia_nominal_50u_5m/rep-01/prometheus-health-before.txt,B_raw,si,si,experimentos/resultados/SHA256SUMS
experimentos/resultados/raw/eficiencia_nominal_50u_5m/rep-01/prometheus-p95-result.txt,B_raw,si,si,experimentos/resultados/SHA256SUMS
experimentos/resultados/raw/eficiencia_nominal_50u_5m/rep-01/prometheus-p95.promql,A_codigo_documentacion,si,si,experimentos/resultados/SHA256SUMS
experimentos/resultados/raw/eficiencia_nominal_50u_5m/rep-01/reservas-health-after.json,B_raw,si,si,experimentos/resultados/SHA256SUMS
experimentos/resultados/raw/eficiencia_nominal_50u_5m/rep-01/reservas-health-before.json,B_raw,si,si,experimentos/resultados/SHA256SUMS
experimentos/resultados/raw/eficiencia_nominal_50u_5m/rep-02/docker-stats-after.txt,B_raw,si,si,experimentos/resultados/SHA256SUMS
experimentos/resultados/raw/eficiencia_nominal_50u_5m/rep-02/docker-stats-before.txt,B_raw,si,si,experimentos/resultados/SHA256SUMS
experimentos/resultados/raw/eficiencia_nominal_50u_5m/rep-02/gateway-health-after.json,B_raw,si,si,experimentos/resultados/SHA256SUMS
experimentos/resultados/raw/eficiencia_nominal_50u_5m/rep-02/gateway-health-before.json,B_raw,si,si,experimentos/resultados/SHA256SUMS
experimentos/resultados/raw/eficiencia_nominal_50u_5m/rep-02/locust.log,B_raw,si,si,experimentos/resultados/SHA256SUMS
experimentos/resultados/raw/eficiencia_nominal_50u_5m/rep-02/locust_exceptions.csv,B_raw,si,si,experimentos/resultados/SHA256SUMS
experimentos/resultados/raw/eficiencia_nominal_50u_5m/rep-02/locust_failures.csv,B_raw,si,si,experimentos/resultados/SHA256SUMS
experimentos/resultados/raw/eficiencia_nominal_50u_5m/rep-02/locust_stats.csv,B_raw,si,si,experimentos/resultados/SHA256SUMS
experimentos/resultados/raw/eficiencia_nominal_50u_5m/rep-02/metadata.json,E_metadata,si,si,experimentos/resultados/SHA256SUMS
experimentos/resultados/raw/eficiencia_nominal_50u_5m/rep-02/prometheus-5xx-count.promql,A_codigo_documentacion,si,si,experimentos/resultados/SHA256SUMS
experimentos/resultados/raw/eficiencia_nominal_50u_5m/rep-02/prometheus-5xx-percent-result.txt,B_raw,si,si,experimentos/resultados/SHA256SUMS
experimentos/resultados/raw/eficiencia_nominal_50u_5m/rep-02/prometheus-5xx-percent.promql,A_codigo_documentacion,si,si,experimentos/resultados/SHA256SUMS
experimentos/resultados/raw/eficiencia_nominal_50u_5m/rep-02/prometheus-5xx-result.txt,B_raw,si,si,experimentos/resultados/SHA256SUMS
experimentos/resultados/raw/eficiencia_nominal_50u_5m/rep-02/prometheus-health-before.txt,B_raw,si,si,experimentos/resultados/SHA256SUMS
experimentos/resultados/raw/eficiencia_nominal_50u_5m/rep-02/prometheus-p95-result.txt,B_raw,si,si,experimentos/resultados/SHA256SUMS
experimentos/resultados/raw/eficiencia_nominal_50u_5m/rep-02/prometheus-p95.promql,A_codigo_documentacion,si,si,experimentos/resultados/SHA256SUMS
experimentos/resultados/raw/eficiencia_nominal_50u_5m/rep-02/reservas-health-after.json,B_raw,si,si,experimentos/resultados/SHA256SUMS
experimentos/resultados/raw/eficiencia_nominal_50u_5m/rep-02/reservas-health-before.json,B_raw,si,si,experimentos/resultados/SHA256SUMS
experimentos/resultados/raw/eficiencia_nominal_50u_5m/rep-03/docker-stats-after.txt,B_raw,si,si,experimentos/resultados/SHA256SUMS
experimentos/resultados/raw/eficiencia_nominal_50u_5m/rep-03/docker-stats-before.txt,B_raw,si,si,experimentos/resultados/SHA256SUMS
experimentos/resultados/raw/eficiencia_nominal_50u_5m/rep-03/gateway-health-after.json,B_raw,si,si,experimentos/resultados/SHA256SUMS
experimentos/resultados/raw/eficiencia_nominal_50u_5m/rep-03/gateway-health-before.json,B_raw,si,si,experimentos/resultados/SHA256SUMS
experimentos/resultados/raw/eficiencia_nominal_50u_5m/rep-03/locust.log,B_raw,si,si,experimentos/resultados/SHA256SUMS
experimentos/resultados/raw/eficiencia_nominal_50u_5m/rep-03/locust_exceptions.csv,B_raw,si,si,experimentos/resultados/SHA256SUMS
experimentos/resultados/raw/eficiencia_nominal_50u_5m/rep-03/locust_failures.csv,B_raw,si,si,experimentos/resultados/SHA256SUMS
experimentos/resultados/raw/eficiencia_nominal_50u_5m/rep-03/locust_stats.csv,B_raw,si,si,experimentos/resultados/SHA256SUMS
experimentos/resultados/raw/eficiencia_nominal_50u_5m/rep-03/metadata.json,E_metadata,si,si,experimentos/resultados/SHA256SUMS
experimentos/resultados/raw/eficiencia_nominal_50u_5m/rep-03/prometheus-5xx-count.promql,A_codigo_documentacion,si,si,experimentos/resultados/SHA256SUMS
experimentos/resultados/raw/eficiencia_nominal_50u_5m/rep-03/prometheus-5xx-percent-result.txt,B_raw,si,si,experimentos/resultados/SHA256SUMS
experimentos/resultados/raw/eficiencia_nominal_50u_5m/rep-03/prometheus-5xx-percent.promql,A_codigo_documentacion,si,si,experimentos/resultados/SHA256SUMS
experimentos/resultados/raw/eficiencia_nominal_50u_5m/rep-03/prometheus-5xx-result.txt,B_raw,si,si,experimentos/resultados/SHA256SUMS
experimentos/resultados/raw/eficiencia_nominal_50u_5m/rep-03/prometheus-health-before.txt,B_raw,si,si,experimentos/resultados/SHA256SUMS
experimentos/resultados/raw/eficiencia_nominal_50u_5m/rep-03/prometheus-p95-result.txt,B_raw,si,si,experimentos/resultados/SHA256SUMS
experimentos/resultados/raw/eficiencia_nominal_50u_5m/rep-03/prometheus-p95.promql,A_codigo_documentacion,si,si,experimentos/resultados/SHA256SUMS
experimentos/resultados/raw/eficiencia_nominal_50u_5m/rep-03/reservas-health-after.json,B_raw,si,si,experimentos/resultados/SHA256SUMS
experimentos/resultados/raw/eficiencia_nominal_50u_5m/rep-03/reservas-health-before.json,B_raw,si,si,experimentos/resultados/SHA256SUMS
experimentos/resultados/raw/eficiencia_nominal_50u_5m/rep-04/docker-stats-after.txt,B_raw,si,si,experimentos/resultados/SHA256SUMS
experimentos/resultados/raw/eficiencia_nominal_50u_5m/rep-04/docker-stats-before.txt,B_raw,si,si,experimentos/resultados/SHA256SUMS
experimentos/resultados/raw/eficiencia_nominal_50u_5m/rep-04/gateway-health-after.json,B_raw,si,si,experimentos/resultados/SHA256SUMS
experimentos/resultados/raw/eficiencia_nominal_50u_5m/rep-04/gateway-health-before.json,B_raw,si,si,experimentos/resultados/SHA256SUMS
experimentos/resultados/raw/eficiencia_nominal_50u_5m/rep-04/locust.log,B_raw,si,si,experimentos/resultados/SHA256SUMS
experimentos/resultados/raw/eficiencia_nominal_50u_5m/rep-04/locust_exceptions.csv,B_raw,si,si,experimentos/resultados/SHA256SUMS
experimentos/resultados/raw/eficiencia_nominal_50u_5m/rep-04/locust_failures.csv,B_raw,si,si,experimentos/resultados/SHA256SUMS
experimentos/resultados/raw/eficiencia_nominal_50u_5m/rep-04/locust_stats.csv,B_raw,si,si,experimentos/resultados/SHA256SUMS
experimentos/resultados/raw/eficiencia_nominal_50u_5m/rep-04/metadata.json,E_metadata,si,si,experimentos/resultados/SHA256SUMS
experimentos/resultados/raw/eficiencia_nominal_50u_5m/rep-04/prometheus-5xx-count.promql,A_codigo_documentacion,si,si,experimentos/resultados/SHA256SUMS
experimentos/resultados/raw/eficiencia_nominal_50u_5m/rep-04/prometheus-5xx-percent-result.txt,B_raw,si,si,experimentos/resultados/SHA256SUMS
experimentos/resultados/raw/eficiencia_nominal_50u_5m/rep-04/prometheus-5xx-percent.promql,A_codigo_documentacion,si,si,experimentos/resultados/SHA256SUMS
experimentos/resultados/raw/eficiencia_nominal_50u_5m/rep-04/prometheus-5xx-result.txt,B_raw,si,si,experimentos/resultados/SHA256SUMS
experimentos/resultados/raw/eficiencia_nominal_50u_5m/rep-04/prometheus-health-before.txt,B_raw,si,si,experimentos/resultados/SHA256SUMS
experimentos/resultados/raw/eficiencia_nominal_50u_5m/rep-04/prometheus-p95-result.txt,B_raw,si,si,experimentos/resultados/SHA256SUMS
experimentos/resultados/raw/eficiencia_nominal_50u_5m/rep-04/prometheus-p95.promql,A_codigo_documentacion,si,si,experimentos/resultados/SHA256SUMS
experimentos/resultados/raw/eficiencia_nominal_50u_5m/rep-04/reservas-health-after.json,B_raw,si,si,experimentos/resultados/SHA256SUMS
experimentos/resultados/raw/eficiencia_nominal_50u_5m/rep-04/reservas-health-before.json,B_raw,si,si,experimentos/resultados/SHA256SUMS
experimentos/resultados/raw/eficiencia_nominal_50u_5m/rep-05/docker-stats-after.txt,B_raw,si,si,experimentos/resultados/SHA256SUMS
experimentos/resultados/raw/eficiencia_nominal_50u_5m/rep-05/docker-stats-before.txt,B_raw,si,si,experimentos/resultados/SHA256SUMS
experimentos/resultados/raw/eficiencia_nominal_50u_5m/rep-05/gateway-health-after.json,B_raw,si,si,experimentos/resultados/SHA256SUMS
experimentos/resultados/raw/eficiencia_nominal_50u_5m/rep-05/gateway-health-before.json,B_raw,si,si,experimentos/resultados/SHA256SUMS
experimentos/resultados/raw/eficiencia_nominal_50u_5m/rep-05/locust.log,B_raw,si,si,experimentos/resultados/SHA256SUMS
experimentos/resultados/raw/eficiencia_nominal_50u_5m/rep-05/locust_exceptions.csv,B_raw,si,si,experimentos/resultados/SHA256SUMS
experimentos/resultados/raw/eficiencia_nominal_50u_5m/rep-05/locust_failures.csv,B_raw,si,si,experimentos/resultados/SHA256SUMS
experimentos/resultados/raw/eficiencia_nominal_50u_5m/rep-05/locust_stats.csv,B_raw,si,si,experimentos/resultados/SHA256SUMS
experimentos/resultados/raw/eficiencia_nominal_50u_5m/rep-05/metadata.json,E_metadata,si,si,experimentos/resultados/SHA256SUMS
experimentos/resultados/raw/eficiencia_nominal_50u_5m/rep-05/prometheus-5xx-count.promql,A_codigo_documentacion,si,si,experimentos/resultados/SHA256SUMS
experimentos/resultados/raw/eficiencia_nominal_50u_5m/rep-05/prometheus-5xx-percent-result.txt,B_raw,si,si,experimentos/resultados/SHA256SUMS
experimentos/resultados/raw/eficiencia_nominal_50u_5m/rep-05/prometheus-5xx-percent.promql,A_codigo_documentacion,si,si,experimentos/resultados/SHA256SUMS
experimentos/resultados/raw/eficiencia_nominal_50u_5m/rep-05/prometheus-5xx-result.txt,B_raw,si,si,experimentos/resultados/SHA256SUMS
experimentos/resultados/raw/eficiencia_nominal_50u_5m/rep-05/prometheus-health-before.txt,B_raw,si,si,experimentos/resultados/SHA256SUMS
experimentos/resultados/raw/eficiencia_nominal_50u_5m/rep-05/prometheus-p95-result.txt,B_raw,si,si,experimentos/resultados/SHA256SUMS
experimentos/resultados/raw/eficiencia_nominal_50u_5m/rep-05/prometheus-p95.promql,A_codigo_documentacion,si,si,experimentos/resultados/SHA256SUMS
experimentos/resultados/raw/eficiencia_nominal_50u_5m/rep-05/reservas-health-after.json,B_raw,si,si,experimentos/resultados/SHA256SUMS
experimentos/resultados/raw/eficiencia_nominal_50u_5m/rep-05/reservas-health-before.json,B_raw,si,si,experimentos/resultados/SHA256SUMS
experimentos/resultados/raw/eficiencia_nominal_50u_5m/rep-06/docker-stats-after.txt,B_raw,si,si,experimentos/resultados/SHA256SUMS
experimentos/resultados/raw/eficiencia_nominal_50u_5m/rep-06/docker-stats-before.txt,B_raw,si,si,experimentos/resultados/SHA256SUMS
experimentos/resultados/raw/eficiencia_nominal_50u_5m/rep-06/gateway-health-after.json,B_raw,si,si,experimentos/resultados/SHA256SUMS
experimentos/resultados/raw/eficiencia_nominal_50u_5m/rep-06/gateway-health-before.json,B_raw,si,si,experimentos/resultados/SHA256SUMS
experimentos/resultados/raw/eficiencia_nominal_50u_5m/rep-06/locust.log,B_raw,si,si,experimentos/resultados/SHA256SUMS
experimentos/resultados/raw/eficiencia_nominal_50u_5m/rep-06/locust_exceptions.csv,B_raw,si,si,experimentos/resultados/SHA256SUMS
experimentos/resultados/raw/eficiencia_nominal_50u_5m/rep-06/locust_failures.csv,B_raw,si,si,experimentos/resultados/SHA256SUMS
experimentos/resultados/raw/eficiencia_nominal_50u_5m/rep-06/locust_stats.csv,B_raw,si,si,experimentos/resultados/SHA256SUMS
experimentos/resultados/raw/eficiencia_nominal_50u_5m/rep-06/metadata.json,E_metadata,si,si,experimentos/resultados/SHA256SUMS
experimentos/resultados/raw/eficiencia_nominal_50u_5m/rep-06/prometheus-5xx-count.promql,A_codigo_documentacion,si,si,experimentos/resultados/SHA256SUMS
experimentos/resultados/raw/eficiencia_nominal_50u_5m/rep-06/prometheus-5xx-percent-result.txt,B_raw,si,si,experimentos/resultados/SHA256SUMS
experimentos/resultados/raw/eficiencia_nominal_50u_5m/rep-06/prometheus-5xx-percent.promql,A_codigo_documentacion,si,si,experimentos/resultados/SHA256SUMS
experimentos/resultados/raw/eficiencia_nominal_50u_5m/rep-06/prometheus-5xx-result.txt,B_raw,si,si,experimentos/resultados/SHA256SUMS
experimentos/resultados/raw/eficiencia_nominal_50u_5m/rep-06/prometheus-health-before.txt,B_raw,si,si,experimentos/resultados/SHA256SUMS
experimentos/resultados/raw/eficiencia_nominal_50u_5m/rep-06/prometheus-p95-result.txt,B_raw,si,si,experimentos/resultados/SHA256SUMS
experimentos/resultados/raw/eficiencia_nominal_50u_5m/rep-06/prometheus-p95.promql,A_codigo_documentacion,si,si,experimentos/resultados/SHA256SUMS
experimentos/resultados/raw/eficiencia_nominal_50u_5m/rep-06/reservas-health-after.json,B_raw,si,si,experimentos/resultados/SHA256SUMS
experimentos/resultados/raw/eficiencia_nominal_50u_5m/rep-06/reservas-health-before.json,B_raw,si,si,experimentos/resultados/SHA256SUMS
experimentos/resultados/raw/eficiencia_nominal_50u_5m/rep-07/docker-stats-after.txt,B_raw,si,si,experimentos/resultados/SHA256SUMS
experimentos/resultados/raw/eficiencia_nominal_50u_5m/rep-07/docker-stats-before.txt,B_raw,si,si,experimentos/resultados/SHA256SUMS
experimentos/resultados/raw/eficiencia_nominal_50u_5m/rep-07/gateway-health-after.json,B_raw,si,si,experimentos/resultados/SHA256SUMS
experimentos/resultados/raw/eficiencia_nominal_50u_5m/rep-07/gateway-health-before.json,B_raw,si,si,experimentos/resultados/SHA256SUMS
experimentos/resultados/raw/eficiencia_nominal_50u_5m/rep-07/locust.log,B_raw,si,si,experimentos/resultados/SHA256SUMS
experimentos/resultados/raw/eficiencia_nominal_50u_5m/rep-07/locust_exceptions.csv,B_raw,si,si,experimentos/resultados/SHA256SUMS
experimentos/resultados/raw/eficiencia_nominal_50u_5m/rep-07/locust_failures.csv,B_raw,si,si,experimentos/resultados/SHA256SUMS
experimentos/resultados/raw/eficiencia_nominal_50u_5m/rep-07/locust_stats.csv,B_raw,si,si,experimentos/resultados/SHA256SUMS
experimentos/resultados/raw/eficiencia_nominal_50u_5m/rep-07/metadata.json,E_metadata,si,si,experimentos/resultados/SHA256SUMS
experimentos/resultados/raw/eficiencia_nominal_50u_5m/rep-07/prometheus-5xx-count.promql,A_codigo_documentacion,si,si,experimentos/resultados/SHA256SUMS
experimentos/resultados/raw/eficiencia_nominal_50u_5m/rep-07/prometheus-5xx-percent-result.txt,B_raw,si,si,experimentos/resultados/SHA256SUMS
experimentos/resultados/raw/eficiencia_nominal_50u_5m/rep-07/prometheus-5xx-percent.promql,A_codigo_documentacion,si,si,experimentos/resultados/SHA256SUMS
experimentos/resultados/raw/eficiencia_nominal_50u_5m/rep-07/prometheus-5xx-result.txt,B_raw,si,si,experimentos/resultados/SHA256SUMS
experimentos/resultados/raw/eficiencia_nominal_50u_5m/rep-07/prometheus-health-before.txt,B_raw,si,si,experimentos/resultados/SHA256SUMS
experimentos/resultados/raw/eficiencia_nominal_50u_5m/rep-07/prometheus-p95-result.txt,B_raw,si,si,experimentos/resultados/SHA256SUMS
experimentos/resultados/raw/eficiencia_nominal_50u_5m/rep-07/prometheus-p95.promql,A_codigo_documentacion,si,si,experimentos/resultados/SHA256SUMS
experimentos/resultados/raw/eficiencia_nominal_50u_5m/rep-07/reservas-health-after.json,B_raw,si,si,experimentos/resultados/SHA256SUMS
experimentos/resultados/raw/eficiencia_nominal_50u_5m/rep-07/reservas-health-before.json,B_raw,si,si,experimentos/resultados/SHA256SUMS
experimentos/resultados/raw/eficiencia_nominal_50u_5m/rep-08/docker-stats-after.txt,B_raw,si,si,experimentos/resultados/SHA256SUMS
experimentos/resultados/raw/eficiencia_nominal_50u_5m/rep-08/docker-stats-before.txt,B_raw,si,si,experimentos/resultados/SHA256SUMS
experimentos/resultados/raw/eficiencia_nominal_50u_5m/rep-08/gateway-health-after.json,B_raw,si,si,experimentos/resultados/SHA256SUMS
experimentos/resultados/raw/eficiencia_nominal_50u_5m/rep-08/gateway-health-before.json,B_raw,si,si,experimentos/resultados/SHA256SUMS
experimentos/resultados/raw/eficiencia_nominal_50u_5m/rep-08/locust.log,B_raw,si,si,experimentos/resultados/SHA256SUMS
experimentos/resultados/raw/eficiencia_nominal_50u_5m/rep-08/locust_exceptions.csv,B_raw,si,si,experimentos/resultados/SHA256SUMS
experimentos/resultados/raw/eficiencia_nominal_50u_5m/rep-08/locust_failures.csv,B_raw,si,si,experimentos/resultados/SHA256SUMS
experimentos/resultados/raw/eficiencia_nominal_50u_5m/rep-08/locust_stats.csv,B_raw,si,si,experimentos/resultados/SHA256SUMS
experimentos/resultados/raw/eficiencia_nominal_50u_5m/rep-08/metadata.json,E_metadata,si,si,experimentos/resultados/SHA256SUMS
experimentos/resultados/raw/eficiencia_nominal_50u_5m/rep-08/prometheus-5xx-count.promql,A_codigo_documentacion,si,si,experimentos/resultados/SHA256SUMS
experimentos/resultados/raw/eficiencia_nominal_50u_5m/rep-08/prometheus-5xx-percent-result.txt,B_raw,si,si,experimentos/resultados/SHA256SUMS
experimentos/resultados/raw/eficiencia_nominal_50u_5m/rep-08/prometheus-5xx-percent.promql,A_codigo_documentacion,si,si,experimentos/resultados/SHA256SUMS
experimentos/resultados/raw/eficiencia_nominal_50u_5m/rep-08/prometheus-5xx-result.txt,B_raw,si,si,experimentos/resultados/SHA256SUMS
experimentos/resultados/raw/eficiencia_nominal_50u_5m/rep-08/prometheus-health-before.txt,B_raw,si,si,experimentos/resultados/SHA256SUMS
experimentos/resultados/raw/eficiencia_nominal_50u_5m/rep-08/prometheus-p95-result.txt,B_raw,si,si,experimentos/resultados/SHA256SUMS
experimentos/resultados/raw/eficiencia_nominal_50u_5m/rep-08/prometheus-p95.promql,A_codigo_documentacion,si,si,experimentos/resultados/SHA256SUMS
experimentos/resultados/raw/eficiencia_nominal_50u_5m/rep-08/reservas-health-after.json,B_raw,si,si,experimentos/resultados/SHA256SUMS
experimentos/resultados/raw/eficiencia_nominal_50u_5m/rep-08/reservas-health-before.json,B_raw,si,si,experimentos/resultados/SHA256SUMS
experimentos/resultados/raw/eficiencia_nominal_50u_5m/rep-09/docker-stats-after.txt,B_raw,si,si,experimentos/resultados/SHA256SUMS
experimentos/resultados/raw/eficiencia_nominal_50u_5m/rep-09/docker-stats-before.txt,B_raw,si,si,experimentos/resultados/SHA256SUMS
experimentos/resultados/raw/eficiencia_nominal_50u_5m/rep-09/gateway-health-after.json,B_raw,si,si,experimentos/resultados/SHA256SUMS
experimentos/resultados/raw/eficiencia_nominal_50u_5m/rep-09/gateway-health-before.json,B_raw,si,si,experimentos/resultados/SHA256SUMS
experimentos/resultados/raw/eficiencia_nominal_50u_5m/rep-09/locust.log,B_raw,si,si,experimentos/resultados/SHA256SUMS
experimentos/resultados/raw/eficiencia_nominal_50u_5m/rep-09/locust_exceptions.csv,B_raw,si,si,experimentos/resultados/SHA256SUMS
experimentos/resultados/raw/eficiencia_nominal_50u_5m/rep-09/locust_failures.csv,B_raw,si,si,experimentos/resultados/SHA256SUMS
experimentos/resultados/raw/eficiencia_nominal_50u_5m/rep-09/locust_stats.csv,B_raw,si,si,experimentos/resultados/SHA256SUMS
experimentos/resultados/raw/eficiencia_nominal_50u_5m/rep-09/metadata.json,E_metadata,si,si,experimentos/resultados/SHA256SUMS
experimentos/resultados/raw/eficiencia_nominal_50u_5m/rep-09/prometheus-5xx-count.promql,A_codigo_documentacion,si,si,experimentos/resultados/SHA256SUMS
experimentos/resultados/raw/eficiencia_nominal_50u_5m/rep-09/prometheus-5xx-percent-result.txt,B_raw,si,si,experimentos/resultados/SHA256SUMS
experimentos/resultados/raw/eficiencia_nominal_50u_5m/rep-09/prometheus-5xx-percent.promql,A_codigo_documentacion,si,si,experimentos/resultados/SHA256SUMS
experimentos/resultados/raw/eficiencia_nominal_50u_5m/rep-09/prometheus-5xx-result.txt,B_raw,si,si,experimentos/resultados/SHA256SUMS
experimentos/resultados/raw/eficiencia_nominal_50u_5m/rep-09/prometheus-health-before.txt,B_raw,si,si,experimentos/resultados/SHA256SUMS
experimentos/resultados/raw/eficiencia_nominal_50u_5m/rep-09/prometheus-p95-result.txt,B_raw,si,si,experimentos/resultados/SHA256SUMS
experimentos/resultados/raw/eficiencia_nominal_50u_5m/rep-09/prometheus-p95.promql,A_codigo_documentacion,si,si,experimentos/resultados/SHA256SUMS
experimentos/resultados/raw/eficiencia_nominal_50u_5m/rep-09/reservas-health-after.json,B_raw,si,si,experimentos/resultados/SHA256SUMS
experimentos/resultados/raw/eficiencia_nominal_50u_5m/rep-09/reservas-health-before.json,B_raw,si,si,experimentos/resultados/SHA256SUMS
experimentos/resultados/raw/eficiencia_nominal_50u_5m/rep-10/docker-stats-after.txt,B_raw,si,si,experimentos/resultados/SHA256SUMS
experimentos/resultados/raw/eficiencia_nominal_50u_5m/rep-10/docker-stats-before.txt,B_raw,si,si,experimentos/resultados/SHA256SUMS
experimentos/resultados/raw/eficiencia_nominal_50u_5m/rep-10/gateway-health-after.json,B_raw,si,si,experimentos/resultados/SHA256SUMS
experimentos/resultados/raw/eficiencia_nominal_50u_5m/rep-10/gateway-health-before.json,B_raw,si,si,experimentos/resultados/SHA256SUMS
experimentos/resultados/raw/eficiencia_nominal_50u_5m/rep-10/locust.log,B_raw,si,si,experimentos/resultados/SHA256SUMS
experimentos/resultados/raw/eficiencia_nominal_50u_5m/rep-10/locust_exceptions.csv,B_raw,si,si,experimentos/resultados/SHA256SUMS
experimentos/resultados/raw/eficiencia_nominal_50u_5m/rep-10/locust_failures.csv,B_raw,si,si,experimentos/resultados/SHA256SUMS
experimentos/resultados/raw/eficiencia_nominal_50u_5m/rep-10/locust_stats.csv,B_raw,si,si,experimentos/resultados/SHA256SUMS
experimentos/resultados/raw/eficiencia_nominal_50u_5m/rep-10/metadata.json,E_metadata,si,si,experimentos/resultados/SHA256SUMS
experimentos/resultados/raw/eficiencia_nominal_50u_5m/rep-10/prometheus-5xx-count.promql,A_codigo_documentacion,si,si,experimentos/resultados/SHA256SUMS
experimentos/resultados/raw/eficiencia_nominal_50u_5m/rep-10/prometheus-5xx-percent-result.txt,B_raw,si,si,experimentos/resultados/SHA256SUMS
experimentos/resultados/raw/eficiencia_nominal_50u_5m/rep-10/prometheus-5xx-percent.promql,A_codigo_documentacion,si,si,experimentos/resultados/SHA256SUMS
experimentos/resultados/raw/eficiencia_nominal_50u_5m/rep-10/prometheus-5xx-result.txt,B_raw,si,si,experimentos/resultados/SHA256SUMS
experimentos/resultados/raw/eficiencia_nominal_50u_5m/rep-10/prometheus-health-before.txt,B_raw,si,si,experimentos/resultados/SHA256SUMS
experimentos/resultados/raw/eficiencia_nominal_50u_5m/rep-10/prometheus-p95-result.txt,B_raw,si,si,experimentos/resultados/SHA256SUMS
experimentos/resultados/raw/eficiencia_nominal_50u_5m/rep-10/prometheus-p95.promql,A_codigo_documentacion,si,si,experimentos/resultados/SHA256SUMS
experimentos/resultados/raw/eficiencia_nominal_50u_5m/rep-10/reservas-health-after.json,B_raw,si,si,experimentos/resultados/SHA256SUMS
experimentos/resultados/raw/eficiencia_nominal_50u_5m/rep-10/reservas-health-before.json,B_raw,si,si,experimentos/resultados/SHA256SUMS
experimentos/resultados/raw/fiabilidad_nominal_50u_1h/rep-01/cockroach-containers-after.txt,E_metadata,si,si,experimentos/resultados/SHA256SUMS
experimentos/resultados/raw/fiabilidad_nominal_50u_1h/rep-01/cockroach-containers-before.txt,E_metadata,si,si,experimentos/resultados/SHA256SUMS
experimentos/resultados/raw/fiabilidad_nominal_50u_1h/rep-01/deployment-state-after.txt,E_metadata,si,si,experimentos/resultados/SHA256SUMS
experimentos/resultados/raw/fiabilidad_nominal_50u_1h/rep-01/deployment-state-before.txt,E_metadata,si,si,experimentos/resultados/SHA256SUMS
experimentos/resultados/raw/fiabilidad_nominal_50u_1h/rep-01/docker-stats-after.txt,B_raw,si,si,experimentos/resultados/SHA256SUMS
experimentos/resultados/raw/fiabilidad_nominal_50u_1h/rep-01/docker-stats-before.txt,B_raw,si,si,experimentos/resultados/SHA256SUMS
experimentos/resultados/raw/fiabilidad_nominal_50u_1h/rep-01/environment.txt,E_metadata,si,si,experimentos/resultados/SHA256SUMS
experimentos/resultados/raw/fiabilidad_nominal_50u_1h/rep-01/gateway-health-after.json,B_raw,si,si,experimentos/resultados/SHA256SUMS
experimentos/resultados/raw/fiabilidad_nominal_50u_1h/rep-01/gateway-health-before.json,B_raw,si,si,experimentos/resultados/SHA256SUMS
experimentos/resultados/raw/fiabilidad_nominal_50u_1h/rep-01/locust-report.html,C_derived,si,si,experimentos/resultados/SHA256SUMS
experimentos/resultados/raw/fiabilidad_nominal_50u_1h/rep-01/locust.log,B_raw,si,si,experimentos/resultados/SHA256SUMS
experimentos/resultados/raw/fiabilidad_nominal_50u_1h/rep-01/locust_exceptions.csv,B_raw,si,si,experimentos/resultados/SHA256SUMS
experimentos/resultados/raw/fiabilidad_nominal_50u_1h/rep-01/locust_failures.csv,B_raw,si,si,experimentos/resultados/SHA256SUMS
experimentos/resultados/raw/fiabilidad_nominal_50u_1h/rep-01/locust_stats.csv,B_raw,si,si,experimentos/resultados/SHA256SUMS
experimentos/resultados/raw/fiabilidad_nominal_50u_1h/rep-01/locust_stats_history.csv,B_raw,si,si,experimentos/resultados/SHA256SUMS
experimentos/resultados/raw/fiabilidad_nominal_50u_1h/rep-01/metadata.json,E_metadata,si,si,experimentos/resultados/SHA256SUMS
experimentos/resultados/raw/fiabilidad_nominal_50u_1h/rep-01/prometheus-5xx-count.promql,A_codigo_documentacion,si,si,experimentos/resultados/SHA256SUMS
experimentos/resultados/raw/fiabilidad_nominal_50u_1h/rep-01/prometheus-5xx-percent-result.txt,B_raw,si,si,experimentos/resultados/SHA256SUMS
experimentos/resultados/raw/fiabilidad_nominal_50u_1h/rep-01/prometheus-5xx-percent.promql,A_codigo_documentacion,si,si,experimentos/resultados/SHA256SUMS
experimentos/resultados/raw/fiabilidad_nominal_50u_1h/rep-01/prometheus-5xx-result.txt,B_raw,si,si,experimentos/resultados/SHA256SUMS
experimentos/resultados/raw/fiabilidad_nominal_50u_1h/rep-01/prometheus-health-after.txt,B_raw,si,si,experimentos/resultados/SHA256SUMS
experimentos/resultados/raw/fiabilidad_nominal_50u_1h/rep-01/prometheus-health-before.txt,B_raw,si,si,experimentos/resultados/SHA256SUMS
experimentos/resultados/raw/fiabilidad_nominal_50u_1h/rep-01/prometheus-p95-result.txt,B_raw,si,si,experimentos/resultados/SHA256SUMS
experimentos/resultados/raw/fiabilidad_nominal_50u_1h/rep-01/prometheus-p95.promql,A_codigo_documentacion,si,si,experimentos/resultados/SHA256SUMS
experimentos/resultados/raw/fiabilidad_nominal_50u_1h/rep-01/reservas-health-after.json,B_raw,si,si,experimentos/resultados/SHA256SUMS
experimentos/resultados/raw/fiabilidad_nominal_50u_1h/rep-01/reservas-health-before.json,B_raw,si,si,experimentos/resultados/SHA256SUMS
experimentos/resultados/raw/fiabilidad_nominal_50u_1h/rep-01/reservas-service.log,B_raw,si,si,experimentos/resultados/SHA256SUMS
experimentos/resultados/raw/fiabilidad_nominal_50u_1h/rep-02/cockroach-containers-after.txt,E_metadata,si,si,experimentos/resultados/SHA256SUMS
experimentos/resultados/raw/fiabilidad_nominal_50u_1h/rep-02/cockroach-containers-before.txt,E_metadata,si,si,experimentos/resultados/SHA256SUMS
experimentos/resultados/raw/fiabilidad_nominal_50u_1h/rep-02/deployment-state-after.txt,E_metadata,si,si,experimentos/resultados/SHA256SUMS
experimentos/resultados/raw/fiabilidad_nominal_50u_1h/rep-02/deployment-state-before.txt,E_metadata,si,si,experimentos/resultados/SHA256SUMS
experimentos/resultados/raw/fiabilidad_nominal_50u_1h/rep-02/docker-stats-after.txt,B_raw,si,si,experimentos/resultados/SHA256SUMS
experimentos/resultados/raw/fiabilidad_nominal_50u_1h/rep-02/docker-stats-before.txt,B_raw,si,si,experimentos/resultados/SHA256SUMS
experimentos/resultados/raw/fiabilidad_nominal_50u_1h/rep-02/environment.txt,E_metadata,si,si,experimentos/resultados/SHA256SUMS
experimentos/resultados/raw/fiabilidad_nominal_50u_1h/rep-02/gateway-health-after.json,B_raw,si,si,experimentos/resultados/SHA256SUMS
experimentos/resultados/raw/fiabilidad_nominal_50u_1h/rep-02/gateway-health-before.json,B_raw,si,si,experimentos/resultados/SHA256SUMS
experimentos/resultados/raw/fiabilidad_nominal_50u_1h/rep-02/locust-report.html,C_derived,si,si,experimentos/resultados/SHA256SUMS
experimentos/resultados/raw/fiabilidad_nominal_50u_1h/rep-02/locust.log,B_raw,si,si,experimentos/resultados/SHA256SUMS
experimentos/resultados/raw/fiabilidad_nominal_50u_1h/rep-02/locust_exceptions.csv,B_raw,si,si,experimentos/resultados/SHA256SUMS
experimentos/resultados/raw/fiabilidad_nominal_50u_1h/rep-02/locust_failures.csv,B_raw,si,si,experimentos/resultados/SHA256SUMS
experimentos/resultados/raw/fiabilidad_nominal_50u_1h/rep-02/locust_stats.csv,B_raw,si,si,experimentos/resultados/SHA256SUMS
experimentos/resultados/raw/fiabilidad_nominal_50u_1h/rep-02/locust_stats_history.csv,B_raw,si,si,experimentos/resultados/SHA256SUMS
experimentos/resultados/raw/fiabilidad_nominal_50u_1h/rep-02/metadata.json,E_metadata,si,si,experimentos/resultados/SHA256SUMS
experimentos/resultados/raw/fiabilidad_nominal_50u_1h/rep-02/prometheus-5xx-count.promql,A_codigo_documentacion,si,si,experimentos/resultados/SHA256SUMS
experimentos/resultados/raw/fiabilidad_nominal_50u_1h/rep-02/prometheus-5xx-percent-result.txt,B_raw,si,si,experimentos/resultados/SHA256SUMS
experimentos/resultados/raw/fiabilidad_nominal_50u_1h/rep-02/prometheus-5xx-percent.promql,A_codigo_documentacion,si,si,experimentos/resultados/SHA256SUMS
experimentos/resultados/raw/fiabilidad_nominal_50u_1h/rep-02/prometheus-5xx-result.txt,B_raw,si,si,experimentos/resultados/SHA256SUMS
experimentos/resultados/raw/fiabilidad_nominal_50u_1h/rep-02/prometheus-health-after.txt,B_raw,si,si,experimentos/resultados/SHA256SUMS
experimentos/resultados/raw/fiabilidad_nominal_50u_1h/rep-02/prometheus-health-before.txt,B_raw,si,si,experimentos/resultados/SHA256SUMS
experimentos/resultados/raw/fiabilidad_nominal_50u_1h/rep-02/prometheus-p95-result.txt,B_raw,si,si,experimentos/resultados/SHA256SUMS
experimentos/resultados/raw/fiabilidad_nominal_50u_1h/rep-02/prometheus-p95.promql,A_codigo_documentacion,si,si,experimentos/resultados/SHA256SUMS
experimentos/resultados/raw/fiabilidad_nominal_50u_1h/rep-02/reservas-health-after.json,B_raw,si,si,experimentos/resultados/SHA256SUMS
experimentos/resultados/raw/fiabilidad_nominal_50u_1h/rep-02/reservas-health-before.json,B_raw,si,si,experimentos/resultados/SHA256SUMS
experimentos/resultados/raw/fiabilidad_nominal_50u_1h/rep-02/reservas-service.log,B_raw,si,si,experimentos/resultados/SHA256SUMS
experimentos/resultados/raw/fiabilidad_nominal_50u_1h/rep-03/cockroach-containers-after.txt,E_metadata,si,si,experimentos/resultados/SHA256SUMS
experimentos/resultados/raw/fiabilidad_nominal_50u_1h/rep-03/cockroach-containers-before.txt,E_metadata,si,si,experimentos/resultados/SHA256SUMS
experimentos/resultados/raw/fiabilidad_nominal_50u_1h/rep-03/deployment-state-after.txt,E_metadata,si,si,experimentos/resultados/SHA256SUMS
experimentos/resultados/raw/fiabilidad_nominal_50u_1h/rep-03/deployment-state-before.txt,E_metadata,si,si,experimentos/resultados/SHA256SUMS
experimentos/resultados/raw/fiabilidad_nominal_50u_1h/rep-03/docker-stats-after.txt,B_raw,si,si,experimentos/resultados/SHA256SUMS
experimentos/resultados/raw/fiabilidad_nominal_50u_1h/rep-03/docker-stats-before.txt,B_raw,si,si,experimentos/resultados/SHA256SUMS
experimentos/resultados/raw/fiabilidad_nominal_50u_1h/rep-03/environment.txt,E_metadata,si,si,experimentos/resultados/SHA256SUMS
experimentos/resultados/raw/fiabilidad_nominal_50u_1h/rep-03/gateway-health-after.json,B_raw,si,si,experimentos/resultados/SHA256SUMS
experimentos/resultados/raw/fiabilidad_nominal_50u_1h/rep-03/gateway-health-before.json,B_raw,si,si,experimentos/resultados/SHA256SUMS
experimentos/resultados/raw/fiabilidad_nominal_50u_1h/rep-03/locust-report.html,C_derived,si,si,experimentos/resultados/SHA256SUMS
experimentos/resultados/raw/fiabilidad_nominal_50u_1h/rep-03/locust.log,B_raw,si,si,experimentos/resultados/SHA256SUMS
experimentos/resultados/raw/fiabilidad_nominal_50u_1h/rep-03/locust_exceptions.csv,B_raw,si,si,experimentos/resultados/SHA256SUMS
experimentos/resultados/raw/fiabilidad_nominal_50u_1h/rep-03/locust_failures.csv,B_raw,si,si,experimentos/resultados/SHA256SUMS
experimentos/resultados/raw/fiabilidad_nominal_50u_1h/rep-03/locust_stats.csv,B_raw,si,si,experimentos/resultados/SHA256SUMS
experimentos/resultados/raw/fiabilidad_nominal_50u_1h/rep-03/locust_stats_history.csv,B_raw,si,si,experimentos/resultados/SHA256SUMS
experimentos/resultados/raw/fiabilidad_nominal_50u_1h/rep-03/metadata.json,E_metadata,si,si,experimentos/resultados/SHA256SUMS
experimentos/resultados/raw/fiabilidad_nominal_50u_1h/rep-03/prometheus-5xx-count.promql,A_codigo_documentacion,si,si,experimentos/resultados/SHA256SUMS
experimentos/resultados/raw/fiabilidad_nominal_50u_1h/rep-03/prometheus-5xx-percent-result.txt,B_raw,si,si,experimentos/resultados/SHA256SUMS
experimentos/resultados/raw/fiabilidad_nominal_50u_1h/rep-03/prometheus-5xx-percent.promql,A_codigo_documentacion,si,si,experimentos/resultados/SHA256SUMS
experimentos/resultados/raw/fiabilidad_nominal_50u_1h/rep-03/prometheus-5xx-result.txt,B_raw,si,si,experimentos/resultados/SHA256SUMS
experimentos/resultados/raw/fiabilidad_nominal_50u_1h/rep-03/prometheus-health-after.txt,B_raw,si,si,experimentos/resultados/SHA256SUMS
experimentos/resultados/raw/fiabilidad_nominal_50u_1h/rep-03/prometheus-health-before.txt,B_raw,si,si,experimentos/resultados/SHA256SUMS
experimentos/resultados/raw/fiabilidad_nominal_50u_1h/rep-03/prometheus-p95-result.txt,B_raw,si,si,experimentos/resultados/SHA256SUMS
experimentos/resultados/raw/fiabilidad_nominal_50u_1h/rep-03/prometheus-p95.promql,A_codigo_documentacion,si,si,experimentos/resultados/SHA256SUMS
experimentos/resultados/raw/fiabilidad_nominal_50u_1h/rep-03/reservas-health-after.json,B_raw,si,si,experimentos/resultados/SHA256SUMS
experimentos/resultados/raw/fiabilidad_nominal_50u_1h/rep-03/reservas-health-before.json,B_raw,si,si,experimentos/resultados/SHA256SUMS
experimentos/resultados/raw/fiabilidad_nominal_50u_1h/rep-03/reservas-service.log,B_raw,si,si,experimentos/resultados/SHA256SUMS
experimentos/resultados/raw/fiabilidad_nominal_50u_1h/rep-04/cockroach-containers-after.txt,E_metadata,si,si,experimentos/resultados/SHA256SUMS
experimentos/resultados/raw/fiabilidad_nominal_50u_1h/rep-04/cockroach-containers-before.txt,E_metadata,si,si,experimentos/resultados/SHA256SUMS
experimentos/resultados/raw/fiabilidad_nominal_50u_1h/rep-04/deployment-state-after.txt,E_metadata,si,si,experimentos/resultados/SHA256SUMS
experimentos/resultados/raw/fiabilidad_nominal_50u_1h/rep-04/deployment-state-before.txt,E_metadata,si,si,experimentos/resultados/SHA256SUMS
experimentos/resultados/raw/fiabilidad_nominal_50u_1h/rep-04/docker-stats-after.txt,B_raw,si,si,experimentos/resultados/SHA256SUMS
experimentos/resultados/raw/fiabilidad_nominal_50u_1h/rep-04/docker-stats-before.txt,B_raw,si,si,experimentos/resultados/SHA256SUMS
experimentos/resultados/raw/fiabilidad_nominal_50u_1h/rep-04/environment.txt,E_metadata,si,si,experimentos/resultados/SHA256SUMS
experimentos/resultados/raw/fiabilidad_nominal_50u_1h/rep-04/gateway-health-after.json,B_raw,si,si,experimentos/resultados/SHA256SUMS
experimentos/resultados/raw/fiabilidad_nominal_50u_1h/rep-04/gateway-health-before.json,B_raw,si,si,experimentos/resultados/SHA256SUMS
experimentos/resultados/raw/fiabilidad_nominal_50u_1h/rep-04/locust-report.html,C_derived,si,si,experimentos/resultados/SHA256SUMS
experimentos/resultados/raw/fiabilidad_nominal_50u_1h/rep-04/locust.log,B_raw,si,si,experimentos/resultados/SHA256SUMS
experimentos/resultados/raw/fiabilidad_nominal_50u_1h/rep-04/locust_exceptions.csv,B_raw,si,si,experimentos/resultados/SHA256SUMS
experimentos/resultados/raw/fiabilidad_nominal_50u_1h/rep-04/locust_failures.csv,B_raw,si,si,experimentos/resultados/SHA256SUMS
experimentos/resultados/raw/fiabilidad_nominal_50u_1h/rep-04/locust_stats.csv,B_raw,si,si,experimentos/resultados/SHA256SUMS
experimentos/resultados/raw/fiabilidad_nominal_50u_1h/rep-04/locust_stats_history.csv,B_raw,si,si,experimentos/resultados/SHA256SUMS
experimentos/resultados/raw/fiabilidad_nominal_50u_1h/rep-04/metadata.json,E_metadata,si,si,experimentos/resultados/SHA256SUMS
experimentos/resultados/raw/fiabilidad_nominal_50u_1h/rep-04/prometheus-5xx-count.promql,A_codigo_documentacion,si,si,experimentos/resultados/SHA256SUMS
experimentos/resultados/raw/fiabilidad_nominal_50u_1h/rep-04/prometheus-5xx-percent-result.txt,B_raw,si,si,experimentos/resultados/SHA256SUMS
experimentos/resultados/raw/fiabilidad_nominal_50u_1h/rep-04/prometheus-5xx-percent.promql,A_codigo_documentacion,si,si,experimentos/resultados/SHA256SUMS
experimentos/resultados/raw/fiabilidad_nominal_50u_1h/rep-04/prometheus-5xx-result.txt,B_raw,si,si,experimentos/resultados/SHA256SUMS
experimentos/resultados/raw/fiabilidad_nominal_50u_1h/rep-04/prometheus-health-after.txt,B_raw,si,si,experimentos/resultados/SHA256SUMS
experimentos/resultados/raw/fiabilidad_nominal_50u_1h/rep-04/prometheus-health-before.txt,B_raw,si,si,experimentos/resultados/SHA256SUMS
experimentos/resultados/raw/fiabilidad_nominal_50u_1h/rep-04/prometheus-p95-result.txt,B_raw,si,si,experimentos/resultados/SHA256SUMS
experimentos/resultados/raw/fiabilidad_nominal_50u_1h/rep-04/prometheus-p95.promql,A_codigo_documentacion,si,si,experimentos/resultados/SHA256SUMS
experimentos/resultados/raw/fiabilidad_nominal_50u_1h/rep-04/reservas-health-after.json,B_raw,si,si,experimentos/resultados/SHA256SUMS
experimentos/resultados/raw/fiabilidad_nominal_50u_1h/rep-04/reservas-health-before.json,B_raw,si,si,experimentos/resultados/SHA256SUMS
experimentos/resultados/raw/fiabilidad_nominal_50u_1h/rep-04/reservas-service.log,B_raw,si,si,experimentos/resultados/SHA256SUMS
experimentos/resultados/raw/fiabilidad_nominal_50u_1h/rep-05/cockroach-containers-after.txt,E_metadata,si,si,experimentos/resultados/SHA256SUMS
experimentos/resultados/raw/fiabilidad_nominal_50u_1h/rep-05/cockroach-containers-before.txt,E_metadata,si,si,experimentos/resultados/SHA256SUMS
experimentos/resultados/raw/fiabilidad_nominal_50u_1h/rep-05/deployment-state-after.txt,E_metadata,si,si,experimentos/resultados/SHA256SUMS
experimentos/resultados/raw/fiabilidad_nominal_50u_1h/rep-05/deployment-state-before.txt,E_metadata,si,si,experimentos/resultados/SHA256SUMS
experimentos/resultados/raw/fiabilidad_nominal_50u_1h/rep-05/docker-stats-after.txt,B_raw,si,si,experimentos/resultados/SHA256SUMS
experimentos/resultados/raw/fiabilidad_nominal_50u_1h/rep-05/docker-stats-before.txt,B_raw,si,si,experimentos/resultados/SHA256SUMS
experimentos/resultados/raw/fiabilidad_nominal_50u_1h/rep-05/environment.txt,E_metadata,si,si,experimentos/resultados/SHA256SUMS
experimentos/resultados/raw/fiabilidad_nominal_50u_1h/rep-05/gateway-health-after.json,B_raw,si,si,experimentos/resultados/SHA256SUMS
experimentos/resultados/raw/fiabilidad_nominal_50u_1h/rep-05/gateway-health-before.json,B_raw,si,si,experimentos/resultados/SHA256SUMS
experimentos/resultados/raw/fiabilidad_nominal_50u_1h/rep-05/locust-report.html,C_derived,si,si,experimentos/resultados/SHA256SUMS
experimentos/resultados/raw/fiabilidad_nominal_50u_1h/rep-05/locust.log,B_raw,si,si,experimentos/resultados/SHA256SUMS
experimentos/resultados/raw/fiabilidad_nominal_50u_1h/rep-05/locust_exceptions.csv,B_raw,si,si,experimentos/resultados/SHA256SUMS
experimentos/resultados/raw/fiabilidad_nominal_50u_1h/rep-05/locust_failures.csv,B_raw,si,si,experimentos/resultados/SHA256SUMS
experimentos/resultados/raw/fiabilidad_nominal_50u_1h/rep-05/locust_stats.csv,B_raw,si,si,experimentos/resultados/SHA256SUMS
experimentos/resultados/raw/fiabilidad_nominal_50u_1h/rep-05/locust_stats_history.csv,B_raw,si,si,experimentos/resultados/SHA256SUMS
experimentos/resultados/raw/fiabilidad_nominal_50u_1h/rep-05/metadata.json,E_metadata,si,si,experimentos/resultados/SHA256SUMS
experimentos/resultados/raw/fiabilidad_nominal_50u_1h/rep-05/prometheus-5xx-count.promql,A_codigo_documentacion,si,si,experimentos/resultados/SHA256SUMS
experimentos/resultados/raw/fiabilidad_nominal_50u_1h/rep-05/prometheus-5xx-percent-result.txt,B_raw,si,si,experimentos/resultados/SHA256SUMS
experimentos/resultados/raw/fiabilidad_nominal_50u_1h/rep-05/prometheus-5xx-percent.promql,A_codigo_documentacion,si,si,experimentos/resultados/SHA256SUMS
experimentos/resultados/raw/fiabilidad_nominal_50u_1h/rep-05/prometheus-5xx-result.txt,B_raw,si,si,experimentos/resultados/SHA256SUMS
experimentos/resultados/raw/fiabilidad_nominal_50u_1h/rep-05/prometheus-health-after.txt,B_raw,si,si,experimentos/resultados/SHA256SUMS
experimentos/resultados/raw/fiabilidad_nominal_50u_1h/rep-05/prometheus-health-before.txt,B_raw,si,si,experimentos/resultados/SHA256SUMS
experimentos/resultados/raw/fiabilidad_nominal_50u_1h/rep-05/prometheus-p95-result.txt,B_raw,si,si,experimentos/resultados/SHA256SUMS
experimentos/resultados/raw/fiabilidad_nominal_50u_1h/rep-05/prometheus-p95.promql,A_codigo_documentacion,si,si,experimentos/resultados/SHA256SUMS
experimentos/resultados/raw/fiabilidad_nominal_50u_1h/rep-05/reservas-health-after.json,B_raw,si,si,experimentos/resultados/SHA256SUMS
experimentos/resultados/raw/fiabilidad_nominal_50u_1h/rep-05/reservas-health-before.json,B_raw,si,si,experimentos/resultados/SHA256SUMS
experimentos/resultados/raw/fiabilidad_nominal_50u_1h/rep-05/reservas-service.log,B_raw,si,si,experimentos/resultados/SHA256SUMS
experimentos/resultados/raw/fiabilidad_nominal_50u_1h/rep-06/cockroach-containers-after.txt,E_metadata,si,si,experimentos/resultados/SHA256SUMS
experimentos/resultados/raw/fiabilidad_nominal_50u_1h/rep-06/cockroach-containers-before.txt,E_metadata,si,si,experimentos/resultados/SHA256SUMS
experimentos/resultados/raw/fiabilidad_nominal_50u_1h/rep-06/deployment-state-after.txt,E_metadata,si,si,experimentos/resultados/SHA256SUMS
experimentos/resultados/raw/fiabilidad_nominal_50u_1h/rep-06/deployment-state-before.txt,E_metadata,si,si,experimentos/resultados/SHA256SUMS
experimentos/resultados/raw/fiabilidad_nominal_50u_1h/rep-06/docker-stats-after.txt,B_raw,si,si,experimentos/resultados/SHA256SUMS
experimentos/resultados/raw/fiabilidad_nominal_50u_1h/rep-06/docker-stats-before.txt,B_raw,si,si,experimentos/resultados/SHA256SUMS
experimentos/resultados/raw/fiabilidad_nominal_50u_1h/rep-06/environment.txt,E_metadata,si,si,experimentos/resultados/SHA256SUMS
experimentos/resultados/raw/fiabilidad_nominal_50u_1h/rep-06/gateway-health-after.json,B_raw,si,si,experimentos/resultados/SHA256SUMS
experimentos/resultados/raw/fiabilidad_nominal_50u_1h/rep-06/gateway-health-before.json,B_raw,si,si,experimentos/resultados/SHA256SUMS
experimentos/resultados/raw/fiabilidad_nominal_50u_1h/rep-06/locust-report.html,C_derived,si,si,experimentos/resultados/SHA256SUMS
experimentos/resultados/raw/fiabilidad_nominal_50u_1h/rep-06/locust.log,B_raw,si,si,experimentos/resultados/SHA256SUMS
experimentos/resultados/raw/fiabilidad_nominal_50u_1h/rep-06/locust_exceptions.csv,B_raw,si,si,experimentos/resultados/SHA256SUMS
experimentos/resultados/raw/fiabilidad_nominal_50u_1h/rep-06/locust_failures.csv,B_raw,si,si,experimentos/resultados/SHA256SUMS
experimentos/resultados/raw/fiabilidad_nominal_50u_1h/rep-06/locust_stats.csv,B_raw,si,si,experimentos/resultados/SHA256SUMS
experimentos/resultados/raw/fiabilidad_nominal_50u_1h/rep-06/locust_stats_history.csv,B_raw,si,si,experimentos/resultados/SHA256SUMS
experimentos/resultados/raw/fiabilidad_nominal_50u_1h/rep-06/metadata.json,E_metadata,si,si,experimentos/resultados/SHA256SUMS
experimentos/resultados/raw/fiabilidad_nominal_50u_1h/rep-06/prometheus-5xx-count.promql,A_codigo_documentacion,si,si,experimentos/resultados/SHA256SUMS
experimentos/resultados/raw/fiabilidad_nominal_50u_1h/rep-06/prometheus-5xx-percent-result.txt,B_raw,si,si,experimentos/resultados/SHA256SUMS
experimentos/resultados/raw/fiabilidad_nominal_50u_1h/rep-06/prometheus-5xx-percent.promql,A_codigo_documentacion,si,si,experimentos/resultados/SHA256SUMS
experimentos/resultados/raw/fiabilidad_nominal_50u_1h/rep-06/prometheus-5xx-result.txt,B_raw,si,si,experimentos/resultados/SHA256SUMS
experimentos/resultados/raw/fiabilidad_nominal_50u_1h/rep-06/prometheus-health-after.txt,B_raw,si,si,experimentos/resultados/SHA256SUMS
experimentos/resultados/raw/fiabilidad_nominal_50u_1h/rep-06/prometheus-health-before.txt,B_raw,si,si,experimentos/resultados/SHA256SUMS
experimentos/resultados/raw/fiabilidad_nominal_50u_1h/rep-06/prometheus-p95-result.txt,B_raw,si,si,experimentos/resultados/SHA256SUMS
experimentos/resultados/raw/fiabilidad_nominal_50u_1h/rep-06/prometheus-p95.promql,A_codigo_documentacion,si,si,experimentos/resultados/SHA256SUMS
experimentos/resultados/raw/fiabilidad_nominal_50u_1h/rep-06/reservas-health-after.json,B_raw,si,si,experimentos/resultados/SHA256SUMS
experimentos/resultados/raw/fiabilidad_nominal_50u_1h/rep-06/reservas-health-before.json,B_raw,si,si,experimentos/resultados/SHA256SUMS
experimentos/resultados/raw/fiabilidad_nominal_50u_1h/rep-06/reservas-service.log,B_raw,si,si,experimentos/resultados/SHA256SUMS
experimentos/resultados/raw/fiabilidad_nominal_50u_1h/rep-07/cockroach-containers-after.txt,E_metadata,si,si,experimentos/resultados/SHA256SUMS
experimentos/resultados/raw/fiabilidad_nominal_50u_1h/rep-07/cockroach-containers-before.txt,E_metadata,si,si,experimentos/resultados/SHA256SUMS
experimentos/resultados/raw/fiabilidad_nominal_50u_1h/rep-07/deployment-state-after.txt,E_metadata,si,si,experimentos/resultados/SHA256SUMS
experimentos/resultados/raw/fiabilidad_nominal_50u_1h/rep-07/deployment-state-before.txt,E_metadata,si,si,experimentos/resultados/SHA256SUMS
experimentos/resultados/raw/fiabilidad_nominal_50u_1h/rep-07/docker-stats-after.txt,B_raw,si,si,experimentos/resultados/SHA256SUMS
experimentos/resultados/raw/fiabilidad_nominal_50u_1h/rep-07/docker-stats-before.txt,B_raw,si,si,experimentos/resultados/SHA256SUMS
experimentos/resultados/raw/fiabilidad_nominal_50u_1h/rep-07/environment.txt,E_metadata,si,si,experimentos/resultados/SHA256SUMS
experimentos/resultados/raw/fiabilidad_nominal_50u_1h/rep-07/gateway-health-after.json,B_raw,si,si,experimentos/resultados/SHA256SUMS
experimentos/resultados/raw/fiabilidad_nominal_50u_1h/rep-07/gateway-health-before.json,B_raw,si,si,experimentos/resultados/SHA256SUMS
experimentos/resultados/raw/fiabilidad_nominal_50u_1h/rep-07/locust-report.html,C_derived,si,si,experimentos/resultados/SHA256SUMS
experimentos/resultados/raw/fiabilidad_nominal_50u_1h/rep-07/locust.log,B_raw,si,si,experimentos/resultados/SHA256SUMS
experimentos/resultados/raw/fiabilidad_nominal_50u_1h/rep-07/locust_exceptions.csv,B_raw,si,si,experimentos/resultados/SHA256SUMS
experimentos/resultados/raw/fiabilidad_nominal_50u_1h/rep-07/locust_failures.csv,B_raw,si,si,experimentos/resultados/SHA256SUMS
experimentos/resultados/raw/fiabilidad_nominal_50u_1h/rep-07/locust_stats.csv,B_raw,si,si,experimentos/resultados/SHA256SUMS
experimentos/resultados/raw/fiabilidad_nominal_50u_1h/rep-07/locust_stats_history.csv,B_raw,si,si,experimentos/resultados/SHA256SUMS
experimentos/resultados/raw/fiabilidad_nominal_50u_1h/rep-07/metadata.json,E_metadata,si,si,experimentos/resultados/SHA256SUMS
experimentos/resultados/raw/fiabilidad_nominal_50u_1h/rep-07/prometheus-5xx-count.promql,A_codigo_documentacion,si,si,experimentos/resultados/SHA256SUMS
experimentos/resultados/raw/fiabilidad_nominal_50u_1h/rep-07/prometheus-5xx-percent-result.txt,B_raw,si,si,experimentos/resultados/SHA256SUMS
experimentos/resultados/raw/fiabilidad_nominal_50u_1h/rep-07/prometheus-5xx-percent.promql,A_codigo_documentacion,si,si,experimentos/resultados/SHA256SUMS
experimentos/resultados/raw/fiabilidad_nominal_50u_1h/rep-07/prometheus-5xx-result.txt,B_raw,si,si,experimentos/resultados/SHA256SUMS
experimentos/resultados/raw/fiabilidad_nominal_50u_1h/rep-07/prometheus-health-after.txt,B_raw,si,si,experimentos/resultados/SHA256SUMS
experimentos/resultados/raw/fiabilidad_nominal_50u_1h/rep-07/prometheus-health-before.txt,B_raw,si,si,experimentos/resultados/SHA256SUMS
experimentos/resultados/raw/fiabilidad_nominal_50u_1h/rep-07/prometheus-p95-result.txt,B_raw,si,si,experimentos/resultados/SHA256SUMS
experimentos/resultados/raw/fiabilidad_nominal_50u_1h/rep-07/prometheus-p95.promql,A_codigo_documentacion,si,si,experimentos/resultados/SHA256SUMS
experimentos/resultados/raw/fiabilidad_nominal_50u_1h/rep-07/reservas-health-after.json,B_raw,si,si,experimentos/resultados/SHA256SUMS
experimentos/resultados/raw/fiabilidad_nominal_50u_1h/rep-07/reservas-health-before.json,B_raw,si,si,experimentos/resultados/SHA256SUMS
experimentos/resultados/raw/fiabilidad_nominal_50u_1h/rep-07/reservas-service.log,B_raw,si,si,experimentos/resultados/SHA256SUMS
experimentos/resultados/raw/fiabilidad_nominal_50u_1h/rep-08/cockroach-containers-after.txt,E_metadata,si,si,experimentos/resultados/SHA256SUMS
experimentos/resultados/raw/fiabilidad_nominal_50u_1h/rep-08/cockroach-containers-before.txt,E_metadata,si,si,experimentos/resultados/SHA256SUMS
experimentos/resultados/raw/fiabilidad_nominal_50u_1h/rep-08/deployment-state-after.txt,E_metadata,si,si,experimentos/resultados/SHA256SUMS
experimentos/resultados/raw/fiabilidad_nominal_50u_1h/rep-08/deployment-state-before.txt,E_metadata,si,si,experimentos/resultados/SHA256SUMS
experimentos/resultados/raw/fiabilidad_nominal_50u_1h/rep-08/docker-stats-after.txt,B_raw,si,si,experimentos/resultados/SHA256SUMS
experimentos/resultados/raw/fiabilidad_nominal_50u_1h/rep-08/docker-stats-before.txt,B_raw,si,si,experimentos/resultados/SHA256SUMS
experimentos/resultados/raw/fiabilidad_nominal_50u_1h/rep-08/environment.txt,E_metadata,si,si,experimentos/resultados/SHA256SUMS
experimentos/resultados/raw/fiabilidad_nominal_50u_1h/rep-08/gateway-health-after.json,B_raw,si,si,experimentos/resultados/SHA256SUMS
experimentos/resultados/raw/fiabilidad_nominal_50u_1h/rep-08/gateway-health-before.json,B_raw,si,si,experimentos/resultados/SHA256SUMS
experimentos/resultados/raw/fiabilidad_nominal_50u_1h/rep-08/locust-report.html,C_derived,si,si,experimentos/resultados/SHA256SUMS
experimentos/resultados/raw/fiabilidad_nominal_50u_1h/rep-08/locust.log,B_raw,si,si,experimentos/resultados/SHA256SUMS
experimentos/resultados/raw/fiabilidad_nominal_50u_1h/rep-08/locust_exceptions.csv,B_raw,si,si,experimentos/resultados/SHA256SUMS
experimentos/resultados/raw/fiabilidad_nominal_50u_1h/rep-08/locust_failures.csv,B_raw,si,si,experimentos/resultados/SHA256SUMS
experimentos/resultados/raw/fiabilidad_nominal_50u_1h/rep-08/locust_stats.csv,B_raw,si,si,experimentos/resultados/SHA256SUMS
experimentos/resultados/raw/fiabilidad_nominal_50u_1h/rep-08/locust_stats_history.csv,B_raw,si,si,experimentos/resultados/SHA256SUMS
experimentos/resultados/raw/fiabilidad_nominal_50u_1h/rep-08/metadata.json,E_metadata,si,si,experimentos/resultados/SHA256SUMS
experimentos/resultados/raw/fiabilidad_nominal_50u_1h/rep-08/prometheus-5xx-count.promql,A_codigo_documentacion,si,si,experimentos/resultados/SHA256SUMS
experimentos/resultados/raw/fiabilidad_nominal_50u_1h/rep-08/prometheus-5xx-percent-result.txt,B_raw,si,si,experimentos/resultados/SHA256SUMS
experimentos/resultados/raw/fiabilidad_nominal_50u_1h/rep-08/prometheus-5xx-percent.promql,A_codigo_documentacion,si,si,experimentos/resultados/SHA256SUMS
experimentos/resultados/raw/fiabilidad_nominal_50u_1h/rep-08/prometheus-5xx-result.txt,B_raw,si,si,experimentos/resultados/SHA256SUMS
experimentos/resultados/raw/fiabilidad_nominal_50u_1h/rep-08/prometheus-health-after.txt,B_raw,si,si,experimentos/resultados/SHA256SUMS
experimentos/resultados/raw/fiabilidad_nominal_50u_1h/rep-08/prometheus-health-before.txt,B_raw,si,si,experimentos/resultados/SHA256SUMS
experimentos/resultados/raw/fiabilidad_nominal_50u_1h/rep-08/prometheus-p95-result.txt,B_raw,si,si,experimentos/resultados/SHA256SUMS
experimentos/resultados/raw/fiabilidad_nominal_50u_1h/rep-08/prometheus-p95.promql,A_codigo_documentacion,si,si,experimentos/resultados/SHA256SUMS
experimentos/resultados/raw/fiabilidad_nominal_50u_1h/rep-08/reservas-health-after.json,B_raw,si,si,experimentos/resultados/SHA256SUMS
experimentos/resultados/raw/fiabilidad_nominal_50u_1h/rep-08/reservas-health-before.json,B_raw,si,si,experimentos/resultados/SHA256SUMS
experimentos/resultados/raw/fiabilidad_nominal_50u_1h/rep-08/reservas-service.log,B_raw,si,si,experimentos/resultados/SHA256SUMS
experimentos/resultados/raw/fiabilidad_nominal_50u_1h/rep-09/cockroach-containers-after.txt,E_metadata,si,si,experimentos/resultados/SHA256SUMS
experimentos/resultados/raw/fiabilidad_nominal_50u_1h/rep-09/cockroach-containers-before.txt,E_metadata,si,si,experimentos/resultados/SHA256SUMS
experimentos/resultados/raw/fiabilidad_nominal_50u_1h/rep-09/deployment-state-after.txt,E_metadata,si,si,experimentos/resultados/SHA256SUMS
experimentos/resultados/raw/fiabilidad_nominal_50u_1h/rep-09/deployment-state-before.txt,E_metadata,si,si,experimentos/resultados/SHA256SUMS
experimentos/resultados/raw/fiabilidad_nominal_50u_1h/rep-09/docker-stats-after.txt,B_raw,si,si,experimentos/resultados/SHA256SUMS
experimentos/resultados/raw/fiabilidad_nominal_50u_1h/rep-09/docker-stats-before.txt,B_raw,si,si,experimentos/resultados/SHA256SUMS
experimentos/resultados/raw/fiabilidad_nominal_50u_1h/rep-09/environment.txt,E_metadata,si,si,experimentos/resultados/SHA256SUMS
experimentos/resultados/raw/fiabilidad_nominal_50u_1h/rep-09/gateway-health-after.json,B_raw,si,si,experimentos/resultados/SHA256SUMS
experimentos/resultados/raw/fiabilidad_nominal_50u_1h/rep-09/gateway-health-before.json,B_raw,si,si,experimentos/resultados/SHA256SUMS
experimentos/resultados/raw/fiabilidad_nominal_50u_1h/rep-09/locust-report.html,C_derived,si,si,experimentos/resultados/SHA256SUMS
experimentos/resultados/raw/fiabilidad_nominal_50u_1h/rep-09/locust.log,B_raw,si,si,experimentos/resultados/SHA256SUMS
experimentos/resultados/raw/fiabilidad_nominal_50u_1h/rep-09/locust_exceptions.csv,B_raw,si,si,experimentos/resultados/SHA256SUMS
experimentos/resultados/raw/fiabilidad_nominal_50u_1h/rep-09/locust_failures.csv,B_raw,si,si,experimentos/resultados/SHA256SUMS
experimentos/resultados/raw/fiabilidad_nominal_50u_1h/rep-09/locust_stats.csv,B_raw,si,si,experimentos/resultados/SHA256SUMS
experimentos/resultados/raw/fiabilidad_nominal_50u_1h/rep-09/locust_stats_history.csv,B_raw,si,si,experimentos/resultados/SHA256SUMS
experimentos/resultados/raw/fiabilidad_nominal_50u_1h/rep-09/metadata.json,E_metadata,si,si,experimentos/resultados/SHA256SUMS
experimentos/resultados/raw/fiabilidad_nominal_50u_1h/rep-09/prometheus-5xx-count.promql,A_codigo_documentacion,si,si,experimentos/resultados/SHA256SUMS
experimentos/resultados/raw/fiabilidad_nominal_50u_1h/rep-09/prometheus-5xx-percent-result.txt,B_raw,si,si,experimentos/resultados/SHA256SUMS
experimentos/resultados/raw/fiabilidad_nominal_50u_1h/rep-09/prometheus-5xx-percent.promql,A_codigo_documentacion,si,si,experimentos/resultados/SHA256SUMS
experimentos/resultados/raw/fiabilidad_nominal_50u_1h/rep-09/prometheus-5xx-result.txt,B_raw,si,si,experimentos/resultados/SHA256SUMS
experimentos/resultados/raw/fiabilidad_nominal_50u_1h/rep-09/prometheus-health-after.txt,B_raw,si,si,experimentos/resultados/SHA256SUMS
experimentos/resultados/raw/fiabilidad_nominal_50u_1h/rep-09/prometheus-health-before.txt,B_raw,si,si,experimentos/resultados/SHA256SUMS
experimentos/resultados/raw/fiabilidad_nominal_50u_1h/rep-09/prometheus-p95-result.txt,B_raw,si,si,experimentos/resultados/SHA256SUMS
experimentos/resultados/raw/fiabilidad_nominal_50u_1h/rep-09/prometheus-p95.promql,A_codigo_documentacion,si,si,experimentos/resultados/SHA256SUMS
experimentos/resultados/raw/fiabilidad_nominal_50u_1h/rep-09/reservas-health-after.json,B_raw,si,si,experimentos/resultados/SHA256SUMS
experimentos/resultados/raw/fiabilidad_nominal_50u_1h/rep-09/reservas-health-before.json,B_raw,si,si,experimentos/resultados/SHA256SUMS
experimentos/resultados/raw/fiabilidad_nominal_50u_1h/rep-09/reservas-service.log,B_raw,si,si,experimentos/resultados/SHA256SUMS
experimentos/resultados/raw/fiabilidad_nominal_50u_1h/rep-10/cockroach-containers-after.txt,E_metadata,si,si,experimentos/resultados/SHA256SUMS
experimentos/resultados/raw/fiabilidad_nominal_50u_1h/rep-10/cockroach-containers-before.txt,E_metadata,si,si,experimentos/resultados/SHA256SUMS
experimentos/resultados/raw/fiabilidad_nominal_50u_1h/rep-10/deployment-state-after.txt,E_metadata,si,si,experimentos/resultados/SHA256SUMS
experimentos/resultados/raw/fiabilidad_nominal_50u_1h/rep-10/deployment-state-before.txt,E_metadata,si,si,experimentos/resultados/SHA256SUMS
experimentos/resultados/raw/fiabilidad_nominal_50u_1h/rep-10/docker-stats-after.txt,B_raw,si,si,experimentos/resultados/SHA256SUMS
experimentos/resultados/raw/fiabilidad_nominal_50u_1h/rep-10/docker-stats-before.txt,B_raw,si,si,experimentos/resultados/SHA256SUMS
experimentos/resultados/raw/fiabilidad_nominal_50u_1h/rep-10/environment.txt,E_metadata,si,si,experimentos/resultados/SHA256SUMS
experimentos/resultados/raw/fiabilidad_nominal_50u_1h/rep-10/gateway-health-after.json,B_raw,si,si,experimentos/resultados/SHA256SUMS
experimentos/resultados/raw/fiabilidad_nominal_50u_1h/rep-10/gateway-health-before.json,B_raw,si,si,experimentos/resultados/SHA256SUMS
experimentos/resultados/raw/fiabilidad_nominal_50u_1h/rep-10/locust-report.html,C_derived,si,si,experimentos/resultados/SHA256SUMS
experimentos/resultados/raw/fiabilidad_nominal_50u_1h/rep-10/locust.log,B_raw,si,si,experimentos/resultados/SHA256SUMS
experimentos/resultados/raw/fiabilidad_nominal_50u_1h/rep-10/locust_exceptions.csv,B_raw,si,si,experimentos/resultados/SHA256SUMS
experimentos/resultados/raw/fiabilidad_nominal_50u_1h/rep-10/locust_failures.csv,B_raw,si,si,experimentos/resultados/SHA256SUMS
experimentos/resultados/raw/fiabilidad_nominal_50u_1h/rep-10/locust_stats.csv,B_raw,si,si,experimentos/resultados/SHA256SUMS
experimentos/resultados/raw/fiabilidad_nominal_50u_1h/rep-10/locust_stats_history.csv,B_raw,si,si,experimentos/resultados/SHA256SUMS
experimentos/resultados/raw/fiabilidad_nominal_50u_1h/rep-10/metadata.json,E_metadata,si,si,experimentos/resultados/SHA256SUMS
experimentos/resultados/raw/fiabilidad_nominal_50u_1h/rep-10/prometheus-5xx-count.promql,A_codigo_documentacion,si,si,experimentos/resultados/SHA256SUMS
experimentos/resultados/raw/fiabilidad_nominal_50u_1h/rep-10/prometheus-5xx-percent-result.txt,B_raw,si,si,experimentos/resultados/SHA256SUMS
experimentos/resultados/raw/fiabilidad_nominal_50u_1h/rep-10/prometheus-5xx-percent.promql,A_codigo_documentacion,si,si,experimentos/resultados/SHA256SUMS
experimentos/resultados/raw/fiabilidad_nominal_50u_1h/rep-10/prometheus-5xx-result.txt,B_raw,si,si,experimentos/resultados/SHA256SUMS
experimentos/resultados/raw/fiabilidad_nominal_50u_1h/rep-10/prometheus-health-after.txt,B_raw,si,si,experimentos/resultados/SHA256SUMS
experimentos/resultados/raw/fiabilidad_nominal_50u_1h/rep-10/prometheus-health-before.txt,B_raw,si,si,experimentos/resultados/SHA256SUMS
experimentos/resultados/raw/fiabilidad_nominal_50u_1h/rep-10/prometheus-p95-result.txt,B_raw,si,si,experimentos/resultados/SHA256SUMS
experimentos/resultados/raw/fiabilidad_nominal_50u_1h/rep-10/prometheus-p95.promql,A_codigo_documentacion,si,si,experimentos/resultados/SHA256SUMS
experimentos/resultados/raw/fiabilidad_nominal_50u_1h/rep-10/reservas-health-after.json,B_raw,si,si,experimentos/resultados/SHA256SUMS
experimentos/resultados/raw/fiabilidad_nominal_50u_1h/rep-10/reservas-health-before.json,B_raw,si,si,experimentos/resultados/SHA256SUMS
experimentos/resultados/raw/fiabilidad_nominal_50u_1h/rep-10/reservas-service.log,B_raw,si,si,experimentos/resultados/SHA256SUMS
experimentos/resultados/raw/fiabilidad_nominal_50u_1h_refresh/rep-01-attempt-02/SHA256SUMS,D_manifest,no,no,
experimentos/resultados/raw/fiabilidad_nominal_50u_1h_refresh/rep-01-attempt-02/cockroach-containers-after.txt,E_metadata,si,si,experimentos/resultados/raw/fiabilidad_nominal_50u_1h_refresh/rep-01-attempt-02/SHA256SUMS
experimentos/resultados/raw/fiabilidad_nominal_50u_1h_refresh/rep-01-attempt-02/cockroach-containers-before.txt,E_metadata,si,si,experimentos/resultados/raw/fiabilidad_nominal_50u_1h_refresh/rep-01-attempt-02/SHA256SUMS
experimentos/resultados/raw/fiabilidad_nominal_50u_1h_refresh/rep-01-attempt-02/deployment-state-after.txt,E_metadata,si,si,experimentos/resultados/raw/fiabilidad_nominal_50u_1h_refresh/rep-01-attempt-02/SHA256SUMS
experimentos/resultados/raw/fiabilidad_nominal_50u_1h_refresh/rep-01-attempt-02/deployment-state-before.txt,E_metadata,si,si,experimentos/resultados/raw/fiabilidad_nominal_50u_1h_refresh/rep-01-attempt-02/SHA256SUMS
experimentos/resultados/raw/fiabilidad_nominal_50u_1h_refresh/rep-01-attempt-02/docker-stats-after.txt,B_raw,si,si,experimentos/resultados/raw/fiabilidad_nominal_50u_1h_refresh/rep-01-attempt-02/SHA256SUMS
experimentos/resultados/raw/fiabilidad_nominal_50u_1h_refresh/rep-01-attempt-02/docker-stats-before.txt,B_raw,si,si,experimentos/resultados/raw/fiabilidad_nominal_50u_1h_refresh/rep-01-attempt-02/SHA256SUMS
experimentos/resultados/raw/fiabilidad_nominal_50u_1h_refresh/rep-01-attempt-02/environment.txt,E_metadata,si,si,experimentos/resultados/raw/fiabilidad_nominal_50u_1h_refresh/rep-01-attempt-02/SHA256SUMS
experimentos/resultados/raw/fiabilidad_nominal_50u_1h_refresh/rep-01-attempt-02/gateway-health-after.json,B_raw,si,si,experimentos/resultados/raw/fiabilidad_nominal_50u_1h_refresh/rep-01-attempt-02/SHA256SUMS
experimentos/resultados/raw/fiabilidad_nominal_50u_1h_refresh/rep-01-attempt-02/gateway-health-before.json,B_raw,si,si,experimentos/resultados/raw/fiabilidad_nominal_50u_1h_refresh/rep-01-attempt-02/SHA256SUMS
experimentos/resultados/raw/fiabilidad_nominal_50u_1h_refresh/rep-01-attempt-02/gateway-service.log,B_raw,si,si,experimentos/resultados/raw/fiabilidad_nominal_50u_1h_refresh/rep-01-attempt-02/SHA256SUMS
experimentos/resultados/raw/fiabilidad_nominal_50u_1h_refresh/rep-01-attempt-02/locust-final-stats.json,C_derived,si,si,experimentos/resultados/raw/fiabilidad_nominal_50u_1h_refresh/rep-01-attempt-02/SHA256SUMS
experimentos/resultados/raw/fiabilidad_nominal_50u_1h_refresh/rep-01-attempt-02/locust-report.html,C_derived,si,si,experimentos/resultados/raw/fiabilidad_nominal_50u_1h_refresh/rep-01-attempt-02/SHA256SUMS
experimentos/resultados/raw/fiabilidad_nominal_50u_1h_refresh/rep-01-attempt-02/locust.log,B_raw,si,si,experimentos/resultados/raw/fiabilidad_nominal_50u_1h_refresh/rep-01-attempt-02/SHA256SUMS
experimentos/resultados/raw/fiabilidad_nominal_50u_1h_refresh/rep-01-attempt-02/locust_exceptions.csv,B_raw,si,si,experimentos/resultados/raw/fiabilidad_nominal_50u_1h_refresh/rep-01-attempt-02/SHA256SUMS
experimentos/resultados/raw/fiabilidad_nominal_50u_1h_refresh/rep-01-attempt-02/locust_failures.csv,B_raw,si,si,experimentos/resultados/raw/fiabilidad_nominal_50u_1h_refresh/rep-01-attempt-02/SHA256SUMS
experimentos/resultados/raw/fiabilidad_nominal_50u_1h_refresh/rep-01-attempt-02/locust_requests.csv,B_raw,si,si,experimentos/resultados/raw/fiabilidad_nominal_50u_1h_refresh/rep-01-attempt-02/SHA256SUMS
experimentos/resultados/raw/fiabilidad_nominal_50u_1h_refresh/rep-01-attempt-02/locust_stats.csv,B_raw,si,si,experimentos/resultados/raw/fiabilidad_nominal_50u_1h_refresh/rep-01-attempt-02/SHA256SUMS
experimentos/resultados/raw/fiabilidad_nominal_50u_1h_refresh/rep-01-attempt-02/locust_stats_history.csv,B_raw,si,si,experimentos/resultados/raw/fiabilidad_nominal_50u_1h_refresh/rep-01-attempt-02/SHA256SUMS
experimentos/resultados/raw/fiabilidad_nominal_50u_1h_refresh/rep-01-attempt-02/metadata.json,E_metadata,si,si,experimentos/resultados/raw/fiabilidad_nominal_50u_1h_refresh/rep-01-attempt-02/SHA256SUMS
experimentos/resultados/raw/fiabilidad_nominal_50u_1h_refresh/rep-01-attempt-02/phase-boundaries.json,E_metadata,si,si,experimentos/resultados/raw/fiabilidad_nominal_50u_1h_refresh/rep-01-attempt-02/SHA256SUMS
experimentos/resultados/raw/fiabilidad_nominal_50u_1h_refresh/rep-01-attempt-02/prometheus-5xx-count.promql,A_codigo_documentacion,si,si,experimentos/resultados/raw/fiabilidad_nominal_50u_1h_refresh/rep-01-attempt-02/SHA256SUMS
experimentos/resultados/raw/fiabilidad_nominal_50u_1h_refresh/rep-01-attempt-02/prometheus-5xx-percent-result.txt,B_raw,si,si,experimentos/resultados/raw/fiabilidad_nominal_50u_1h_refresh/rep-01-attempt-02/SHA256SUMS
experimentos/resultados/raw/fiabilidad_nominal_50u_1h_refresh/rep-01-attempt-02/prometheus-5xx-percent.promql,A_codigo_documentacion,si,si,experimentos/resultados/raw/fiabilidad_nominal_50u_1h_refresh/rep-01-attempt-02/SHA256SUMS
experimentos/resultados/raw/fiabilidad_nominal_50u_1h_refresh/rep-01-attempt-02/prometheus-5xx-result.txt,B_raw,si,si,experimentos/resultados/raw/fiabilidad_nominal_50u_1h_refresh/rep-01-attempt-02/SHA256SUMS
experimentos/resultados/raw/fiabilidad_nominal_50u_1h_refresh/rep-01-attempt-02/prometheus-gateway-status-by-uri-result.json,B_raw,si,si,experimentos/resultados/raw/fiabilidad_nominal_50u_1h_refresh/rep-01-attempt-02/SHA256SUMS
experimentos/resultados/raw/fiabilidad_nominal_50u_1h_refresh/rep-01-attempt-02/prometheus-gateway-status-by-uri.promql,A_codigo_documentacion,si,si,experimentos/resultados/raw/fiabilidad_nominal_50u_1h_refresh/rep-01-attempt-02/SHA256SUMS
experimentos/resultados/raw/fiabilidad_nominal_50u_1h_refresh/rep-01-attempt-02/prometheus-health-after.txt,B_raw,si,si,experimentos/resultados/raw/fiabilidad_nominal_50u_1h_refresh/rep-01-attempt-02/SHA256SUMS
experimentos/resultados/raw/fiabilidad_nominal_50u_1h_refresh/rep-01-attempt-02/prometheus-health-before.txt,B_raw,si,si,experimentos/resultados/raw/fiabilidad_nominal_50u_1h_refresh/rep-01-attempt-02/SHA256SUMS
experimentos/resultados/raw/fiabilidad_nominal_50u_1h_refresh/rep-01-attempt-02/prometheus-p95-result.txt,B_raw,si,si,experimentos/resultados/raw/fiabilidad_nominal_50u_1h_refresh/rep-01-attempt-02/SHA256SUMS
experimentos/resultados/raw/fiabilidad_nominal_50u_1h_refresh/rep-01-attempt-02/prometheus-p95.promql,A_codigo_documentacion,si,si,experimentos/resultados/raw/fiabilidad_nominal_50u_1h_refresh/rep-01-attempt-02/SHA256SUMS
experimentos/resultados/raw/fiabilidad_nominal_50u_1h_refresh/rep-01-attempt-02/prometheus-reservas-status-by-uri-result.json,B_raw,si,si,experimentos/resultados/raw/fiabilidad_nominal_50u_1h_refresh/rep-01-attempt-02/SHA256SUMS
experimentos/resultados/raw/fiabilidad_nominal_50u_1h_refresh/rep-01-attempt-02/prometheus-reservas-status-by-uri.promql,A_codigo_documentacion,si,si,experimentos/resultados/raw/fiabilidad_nominal_50u_1h_refresh/rep-01-attempt-02/SHA256SUMS
experimentos/resultados/raw/fiabilidad_nominal_50u_1h_refresh/rep-01-attempt-02/reservas-health-after.json,B_raw,si,si,experimentos/resultados/raw/fiabilidad_nominal_50u_1h_refresh/rep-01-attempt-02/SHA256SUMS
experimentos/resultados/raw/fiabilidad_nominal_50u_1h_refresh/rep-01-attempt-02/reservas-health-before.json,B_raw,si,si,experimentos/resultados/raw/fiabilidad_nominal_50u_1h_refresh/rep-01-attempt-02/SHA256SUMS
experimentos/resultados/raw/fiabilidad_nominal_50u_1h_refresh/rep-01-attempt-02/reservas-service.log,B_raw,si,si,experimentos/resultados/raw/fiabilidad_nominal_50u_1h_refresh/rep-01-attempt-02/SHA256SUMS
experimentos/resultados/raw/fiabilidad_nominal_50u_1h_refresh/rep-01-attempt-03/SHA256SUMS,D_manifest,no,no,
experimentos/resultados/raw/fiabilidad_nominal_50u_1h_refresh/rep-01-attempt-03/cockroach-containers-after.txt,E_metadata,si,si,experimentos/resultados/raw/fiabilidad_nominal_50u_1h_refresh/rep-01-attempt-03/SHA256SUMS
experimentos/resultados/raw/fiabilidad_nominal_50u_1h_refresh/rep-01-attempt-03/cockroach-containers-before.txt,E_metadata,si,si,experimentos/resultados/raw/fiabilidad_nominal_50u_1h_refresh/rep-01-attempt-03/SHA256SUMS
experimentos/resultados/raw/fiabilidad_nominal_50u_1h_refresh/rep-01-attempt-03/deployment-state-after.txt,E_metadata,si,si,experimentos/resultados/raw/fiabilidad_nominal_50u_1h_refresh/rep-01-attempt-03/SHA256SUMS
experimentos/resultados/raw/fiabilidad_nominal_50u_1h_refresh/rep-01-attempt-03/deployment-state-before.txt,E_metadata,si,si,experimentos/resultados/raw/fiabilidad_nominal_50u_1h_refresh/rep-01-attempt-03/SHA256SUMS
experimentos/resultados/raw/fiabilidad_nominal_50u_1h_refresh/rep-01-attempt-03/docker-stats-after.txt,B_raw,si,si,experimentos/resultados/raw/fiabilidad_nominal_50u_1h_refresh/rep-01-attempt-03/SHA256SUMS
experimentos/resultados/raw/fiabilidad_nominal_50u_1h_refresh/rep-01-attempt-03/docker-stats-before.txt,B_raw,si,si,experimentos/resultados/raw/fiabilidad_nominal_50u_1h_refresh/rep-01-attempt-03/SHA256SUMS
experimentos/resultados/raw/fiabilidad_nominal_50u_1h_refresh/rep-01-attempt-03/environment.txt,E_metadata,si,si,experimentos/resultados/raw/fiabilidad_nominal_50u_1h_refresh/rep-01-attempt-03/SHA256SUMS
experimentos/resultados/raw/fiabilidad_nominal_50u_1h_refresh/rep-01-attempt-03/gateway-health-after.json,B_raw,si,si,experimentos/resultados/raw/fiabilidad_nominal_50u_1h_refresh/rep-01-attempt-03/SHA256SUMS
experimentos/resultados/raw/fiabilidad_nominal_50u_1h_refresh/rep-01-attempt-03/gateway-health-before.json,B_raw,si,si,experimentos/resultados/raw/fiabilidad_nominal_50u_1h_refresh/rep-01-attempt-03/SHA256SUMS
experimentos/resultados/raw/fiabilidad_nominal_50u_1h_refresh/rep-01-attempt-03/gateway-service.log,B_raw,si,si,experimentos/resultados/raw/fiabilidad_nominal_50u_1h_refresh/rep-01-attempt-03/SHA256SUMS
experimentos/resultados/raw/fiabilidad_nominal_50u_1h_refresh/rep-01-attempt-03/locust-final-stats.json,C_derived,si,si,experimentos/resultados/raw/fiabilidad_nominal_50u_1h_refresh/rep-01-attempt-03/SHA256SUMS
experimentos/resultados/raw/fiabilidad_nominal_50u_1h_refresh/rep-01-attempt-03/locust-report.html,C_derived,si,si,experimentos/resultados/raw/fiabilidad_nominal_50u_1h_refresh/rep-01-attempt-03/SHA256SUMS
experimentos/resultados/raw/fiabilidad_nominal_50u_1h_refresh/rep-01-attempt-03/locust.log,B_raw,si,si,experimentos/resultados/raw/fiabilidad_nominal_50u_1h_refresh/rep-01-attempt-03/SHA256SUMS
experimentos/resultados/raw/fiabilidad_nominal_50u_1h_refresh/rep-01-attempt-03/locust_exceptions.csv,B_raw,si,si,experimentos/resultados/raw/fiabilidad_nominal_50u_1h_refresh/rep-01-attempt-03/SHA256SUMS
experimentos/resultados/raw/fiabilidad_nominal_50u_1h_refresh/rep-01-attempt-03/locust_failures.csv,B_raw,si,si,experimentos/resultados/raw/fiabilidad_nominal_50u_1h_refresh/rep-01-attempt-03/SHA256SUMS
experimentos/resultados/raw/fiabilidad_nominal_50u_1h_refresh/rep-01-attempt-03/locust_requests.csv,B_raw,si,si,experimentos/resultados/raw/fiabilidad_nominal_50u_1h_refresh/rep-01-attempt-03/SHA256SUMS
experimentos/resultados/raw/fiabilidad_nominal_50u_1h_refresh/rep-01-attempt-03/locust_stats.csv,B_raw,si,si,experimentos/resultados/raw/fiabilidad_nominal_50u_1h_refresh/rep-01-attempt-03/SHA256SUMS
experimentos/resultados/raw/fiabilidad_nominal_50u_1h_refresh/rep-01-attempt-03/locust_stats_history.csv,B_raw,si,si,experimentos/resultados/raw/fiabilidad_nominal_50u_1h_refresh/rep-01-attempt-03/SHA256SUMS
experimentos/resultados/raw/fiabilidad_nominal_50u_1h_refresh/rep-01-attempt-03/metadata.json,E_metadata,si,si,experimentos/resultados/raw/fiabilidad_nominal_50u_1h_refresh/rep-01-attempt-03/SHA256SUMS
experimentos/resultados/raw/fiabilidad_nominal_50u_1h_refresh/rep-01-attempt-03/phase-boundaries.json,E_metadata,si,si,experimentos/resultados/raw/fiabilidad_nominal_50u_1h_refresh/rep-01-attempt-03/SHA256SUMS
experimentos/resultados/raw/fiabilidad_nominal_50u_1h_refresh/rep-01-attempt-03/phase-summary.json,C_derived,si,si,experimentos/resultados/raw/fiabilidad_nominal_50u_1h_refresh/rep-01-attempt-03/SHA256SUMS
experimentos/resultados/raw/fiabilidad_nominal_50u_1h_refresh/rep-01-attempt-03/prometheus-5xx-count.promql,A_codigo_documentacion,si,si,experimentos/resultados/raw/fiabilidad_nominal_50u_1h_refresh/rep-01-attempt-03/SHA256SUMS
experimentos/resultados/raw/fiabilidad_nominal_50u_1h_refresh/rep-01-attempt-03/prometheus-5xx-percent-result.txt,B_raw,si,si,experimentos/resultados/raw/fiabilidad_nominal_50u_1h_refresh/rep-01-attempt-03/SHA256SUMS
experimentos/resultados/raw/fiabilidad_nominal_50u_1h_refresh/rep-01-attempt-03/prometheus-5xx-percent.promql,A_codigo_documentacion,si,si,experimentos/resultados/raw/fiabilidad_nominal_50u_1h_refresh/rep-01-attempt-03/SHA256SUMS
experimentos/resultados/raw/fiabilidad_nominal_50u_1h_refresh/rep-01-attempt-03/prometheus-5xx-result.txt,B_raw,si,si,experimentos/resultados/raw/fiabilidad_nominal_50u_1h_refresh/rep-01-attempt-03/SHA256SUMS
experimentos/resultados/raw/fiabilidad_nominal_50u_1h_refresh/rep-01-attempt-03/prometheus-gateway-status-by-uri-result.json,B_raw,si,si,experimentos/resultados/raw/fiabilidad_nominal_50u_1h_refresh/rep-01-attempt-03/SHA256SUMS
experimentos/resultados/raw/fiabilidad_nominal_50u_1h_refresh/rep-01-attempt-03/prometheus-gateway-status-by-uri.promql,A_codigo_documentacion,si,si,experimentos/resultados/raw/fiabilidad_nominal_50u_1h_refresh/rep-01-attempt-03/SHA256SUMS
experimentos/resultados/raw/fiabilidad_nominal_50u_1h_refresh/rep-01-attempt-03/prometheus-health-after.txt,B_raw,si,si,experimentos/resultados/raw/fiabilidad_nominal_50u_1h_refresh/rep-01-attempt-03/SHA256SUMS
experimentos/resultados/raw/fiabilidad_nominal_50u_1h_refresh/rep-01-attempt-03/prometheus-health-before.txt,B_raw,si,si,experimentos/resultados/raw/fiabilidad_nominal_50u_1h_refresh/rep-01-attempt-03/SHA256SUMS
experimentos/resultados/raw/fiabilidad_nominal_50u_1h_refresh/rep-01-attempt-03/prometheus-p95-result.txt,B_raw,si,si,experimentos/resultados/raw/fiabilidad_nominal_50u_1h_refresh/rep-01-attempt-03/SHA256SUMS
experimentos/resultados/raw/fiabilidad_nominal_50u_1h_refresh/rep-01-attempt-03/prometheus-p95.promql,A_codigo_documentacion,si,si,experimentos/resultados/raw/fiabilidad_nominal_50u_1h_refresh/rep-01-attempt-03/SHA256SUMS
experimentos/resultados/raw/fiabilidad_nominal_50u_1h_refresh/rep-01-attempt-03/prometheus-reservas-status-by-uri-result.json,B_raw,si,si,experimentos/resultados/raw/fiabilidad_nominal_50u_1h_refresh/rep-01-attempt-03/SHA256SUMS
experimentos/resultados/raw/fiabilidad_nominal_50u_1h_refresh/rep-01-attempt-03/prometheus-reservas-status-by-uri.promql,A_codigo_documentacion,si,si,experimentos/resultados/raw/fiabilidad_nominal_50u_1h_refresh/rep-01-attempt-03/SHA256SUMS
experimentos/resultados/raw/fiabilidad_nominal_50u_1h_refresh/rep-01-attempt-03/reservas-health-after.json,B_raw,si,si,experimentos/resultados/raw/fiabilidad_nominal_50u_1h_refresh/rep-01-attempt-03/SHA256SUMS
experimentos/resultados/raw/fiabilidad_nominal_50u_1h_refresh/rep-01-attempt-03/reservas-health-before.json,B_raw,si,si,experimentos/resultados/raw/fiabilidad_nominal_50u_1h_refresh/rep-01-attempt-03/SHA256SUMS
experimentos/resultados/raw/fiabilidad_nominal_50u_1h_refresh/rep-01-attempt-03/reservas-service.log,B_raw,si,si,experimentos/resultados/raw/fiabilidad_nominal_50u_1h_refresh/rep-01-attempt-03/SHA256SUMS
experimentos/resultados/raw/fiabilidad_nominal_50u_1h_refresh/rep-01/SHA256SUMS,D_manifest,no,no,
experimentos/resultados/raw/fiabilidad_nominal_50u_1h_refresh/rep-01/cockroach-containers-after.txt,E_metadata,si,si,experimentos/resultados/raw/fiabilidad_nominal_50u_1h_refresh/rep-01/SHA256SUMS
experimentos/resultados/raw/fiabilidad_nominal_50u_1h_refresh/rep-01/cockroach-containers-before.txt,E_metadata,si,si,experimentos/resultados/raw/fiabilidad_nominal_50u_1h_refresh/rep-01/SHA256SUMS
experimentos/resultados/raw/fiabilidad_nominal_50u_1h_refresh/rep-01/deployment-state-after.txt,E_metadata,si,si,experimentos/resultados/raw/fiabilidad_nominal_50u_1h_refresh/rep-01/SHA256SUMS
experimentos/resultados/raw/fiabilidad_nominal_50u_1h_refresh/rep-01/deployment-state-before.txt,E_metadata,si,si,experimentos/resultados/raw/fiabilidad_nominal_50u_1h_refresh/rep-01/SHA256SUMS
experimentos/resultados/raw/fiabilidad_nominal_50u_1h_refresh/rep-01/docker-stats-after.txt,B_raw,si,si,experimentos/resultados/raw/fiabilidad_nominal_50u_1h_refresh/rep-01/SHA256SUMS
experimentos/resultados/raw/fiabilidad_nominal_50u_1h_refresh/rep-01/docker-stats-before.txt,B_raw,si,si,experimentos/resultados/raw/fiabilidad_nominal_50u_1h_refresh/rep-01/SHA256SUMS
experimentos/resultados/raw/fiabilidad_nominal_50u_1h_refresh/rep-01/environment.txt,E_metadata,si,si,experimentos/resultados/raw/fiabilidad_nominal_50u_1h_refresh/rep-01/SHA256SUMS
experimentos/resultados/raw/fiabilidad_nominal_50u_1h_refresh/rep-01/gateway-health-after.json,B_raw,si,si,experimentos/resultados/raw/fiabilidad_nominal_50u_1h_refresh/rep-01/SHA256SUMS
experimentos/resultados/raw/fiabilidad_nominal_50u_1h_refresh/rep-01/gateway-health-before.json,B_raw,si,si,experimentos/resultados/raw/fiabilidad_nominal_50u_1h_refresh/rep-01/SHA256SUMS
experimentos/resultados/raw/fiabilidad_nominal_50u_1h_refresh/rep-01/gateway-service.log,B_raw,si,si,experimentos/resultados/raw/fiabilidad_nominal_50u_1h_refresh/rep-01/SHA256SUMS
experimentos/resultados/raw/fiabilidad_nominal_50u_1h_refresh/rep-01/locust-report.html,C_derived,si,si,experimentos/resultados/raw/fiabilidad_nominal_50u_1h_refresh/rep-01/SHA256SUMS
experimentos/resultados/raw/fiabilidad_nominal_50u_1h_refresh/rep-01/locust.log,B_raw,si,si,experimentos/resultados/raw/fiabilidad_nominal_50u_1h_refresh/rep-01/SHA256SUMS
experimentos/resultados/raw/fiabilidad_nominal_50u_1h_refresh/rep-01/locust_exceptions.csv,B_raw,si,si,experimentos/resultados/raw/fiabilidad_nominal_50u_1h_refresh/rep-01/SHA256SUMS
experimentos/resultados/raw/fiabilidad_nominal_50u_1h_refresh/rep-01/locust_failures.csv,B_raw,si,si,experimentos/resultados/raw/fiabilidad_nominal_50u_1h_refresh/rep-01/SHA256SUMS
experimentos/resultados/raw/fiabilidad_nominal_50u_1h_refresh/rep-01/locust_requests.csv,B_raw,si,si,experimentos/resultados/raw/fiabilidad_nominal_50u_1h_refresh/rep-01/SHA256SUMS
experimentos/resultados/raw/fiabilidad_nominal_50u_1h_refresh/rep-01/locust_stats.csv,B_raw,si,si,experimentos/resultados/raw/fiabilidad_nominal_50u_1h_refresh/rep-01/SHA256SUMS
experimentos/resultados/raw/fiabilidad_nominal_50u_1h_refresh/rep-01/locust_stats_history.csv,B_raw,si,si,experimentos/resultados/raw/fiabilidad_nominal_50u_1h_refresh/rep-01/SHA256SUMS
experimentos/resultados/raw/fiabilidad_nominal_50u_1h_refresh/rep-01/metadata.json,E_metadata,si,si,experimentos/resultados/raw/fiabilidad_nominal_50u_1h_refresh/rep-01/SHA256SUMS
experimentos/resultados/raw/fiabilidad_nominal_50u_1h_refresh/rep-01/phase-boundaries.json,E_metadata,si,si,experimentos/resultados/raw/fiabilidad_nominal_50u_1h_refresh/rep-01/SHA256SUMS
experimentos/resultados/raw/fiabilidad_nominal_50u_1h_refresh/rep-01/phase-summary.json,C_derived,si,si,experimentos/resultados/raw/fiabilidad_nominal_50u_1h_refresh/rep-01/SHA256SUMS
experimentos/resultados/raw/fiabilidad_nominal_50u_1h_refresh/rep-01/prometheus-5xx-count.promql,A_codigo_documentacion,si,si,experimentos/resultados/raw/fiabilidad_nominal_50u_1h_refresh/rep-01/SHA256SUMS
experimentos/resultados/raw/fiabilidad_nominal_50u_1h_refresh/rep-01/prometheus-5xx-percent-result.txt,B_raw,si,si,experimentos/resultados/raw/fiabilidad_nominal_50u_1h_refresh/rep-01/SHA256SUMS
experimentos/resultados/raw/fiabilidad_nominal_50u_1h_refresh/rep-01/prometheus-5xx-percent.promql,A_codigo_documentacion,si,si,experimentos/resultados/raw/fiabilidad_nominal_50u_1h_refresh/rep-01/SHA256SUMS
experimentos/resultados/raw/fiabilidad_nominal_50u_1h_refresh/rep-01/prometheus-5xx-result.txt,B_raw,si,si,experimentos/resultados/raw/fiabilidad_nominal_50u_1h_refresh/rep-01/SHA256SUMS
experimentos/resultados/raw/fiabilidad_nominal_50u_1h_refresh/rep-01/prometheus-gateway-status-by-uri-result.json,B_raw,si,si,experimentos/resultados/raw/fiabilidad_nominal_50u_1h_refresh/rep-01/SHA256SUMS
experimentos/resultados/raw/fiabilidad_nominal_50u_1h_refresh/rep-01/prometheus-gateway-status-by-uri.promql,A_codigo_documentacion,si,si,experimentos/resultados/raw/fiabilidad_nominal_50u_1h_refresh/rep-01/SHA256SUMS
experimentos/resultados/raw/fiabilidad_nominal_50u_1h_refresh/rep-01/prometheus-health-after.txt,B_raw,si,si,experimentos/resultados/raw/fiabilidad_nominal_50u_1h_refresh/rep-01/SHA256SUMS
experimentos/resultados/raw/fiabilidad_nominal_50u_1h_refresh/rep-01/prometheus-health-before.txt,B_raw,si,si,experimentos/resultados/raw/fiabilidad_nominal_50u_1h_refresh/rep-01/SHA256SUMS
experimentos/resultados/raw/fiabilidad_nominal_50u_1h_refresh/rep-01/prometheus-p95-result.txt,B_raw,si,si,experimentos/resultados/raw/fiabilidad_nominal_50u_1h_refresh/rep-01/SHA256SUMS
experimentos/resultados/raw/fiabilidad_nominal_50u_1h_refresh/rep-01/prometheus-p95.promql,A_codigo_documentacion,si,si,experimentos/resultados/raw/fiabilidad_nominal_50u_1h_refresh/rep-01/SHA256SUMS
experimentos/resultados/raw/fiabilidad_nominal_50u_1h_refresh/rep-01/prometheus-reservas-status-by-uri-result.json,B_raw,si,si,experimentos/resultados/raw/fiabilidad_nominal_50u_1h_refresh/rep-01/SHA256SUMS
experimentos/resultados/raw/fiabilidad_nominal_50u_1h_refresh/rep-01/prometheus-reservas-status-by-uri.promql,A_codigo_documentacion,si,si,experimentos/resultados/raw/fiabilidad_nominal_50u_1h_refresh/rep-01/SHA256SUMS
experimentos/resultados/raw/fiabilidad_nominal_50u_1h_refresh/rep-01/reservas-health-after.json,B_raw,si,si,experimentos/resultados/raw/fiabilidad_nominal_50u_1h_refresh/rep-01/SHA256SUMS
experimentos/resultados/raw/fiabilidad_nominal_50u_1h_refresh/rep-01/reservas-health-before.json,B_raw,si,si,experimentos/resultados/raw/fiabilidad_nominal_50u_1h_refresh/rep-01/SHA256SUMS
experimentos/resultados/raw/fiabilidad_nominal_50u_1h_refresh/rep-01/reservas-service.log,B_raw,si,si,experimentos/resultados/raw/fiabilidad_nominal_50u_1h_refresh/rep-01/SHA256SUMS
experimentos/resultados/raw/fiabilidad_nominal_50u_1h_refresh/rep-02/SHA256SUMS,D_manifest,no,no,
experimentos/resultados/raw/fiabilidad_nominal_50u_1h_refresh/rep-02/cockroach-containers-after.txt,E_metadata,si,si,experimentos/resultados/raw/fiabilidad_nominal_50u_1h_refresh/rep-02/SHA256SUMS
experimentos/resultados/raw/fiabilidad_nominal_50u_1h_refresh/rep-02/cockroach-containers-before.txt,E_metadata,si,si,experimentos/resultados/raw/fiabilidad_nominal_50u_1h_refresh/rep-02/SHA256SUMS
experimentos/resultados/raw/fiabilidad_nominal_50u_1h_refresh/rep-02/deployment-state-after.txt,E_metadata,si,si,experimentos/resultados/raw/fiabilidad_nominal_50u_1h_refresh/rep-02/SHA256SUMS
experimentos/resultados/raw/fiabilidad_nominal_50u_1h_refresh/rep-02/deployment-state-before.txt,E_metadata,si,si,experimentos/resultados/raw/fiabilidad_nominal_50u_1h_refresh/rep-02/SHA256SUMS
experimentos/resultados/raw/fiabilidad_nominal_50u_1h_refresh/rep-02/docker-stats-after.txt,B_raw,si,si,experimentos/resultados/raw/fiabilidad_nominal_50u_1h_refresh/rep-02/SHA256SUMS
experimentos/resultados/raw/fiabilidad_nominal_50u_1h_refresh/rep-02/docker-stats-before.txt,B_raw,si,si,experimentos/resultados/raw/fiabilidad_nominal_50u_1h_refresh/rep-02/SHA256SUMS
experimentos/resultados/raw/fiabilidad_nominal_50u_1h_refresh/rep-02/environment.txt,E_metadata,si,si,experimentos/resultados/raw/fiabilidad_nominal_50u_1h_refresh/rep-02/SHA256SUMS
experimentos/resultados/raw/fiabilidad_nominal_50u_1h_refresh/rep-02/gateway-health-after.json,B_raw,si,si,experimentos/resultados/raw/fiabilidad_nominal_50u_1h_refresh/rep-02/SHA256SUMS
experimentos/resultados/raw/fiabilidad_nominal_50u_1h_refresh/rep-02/gateway-health-before.json,B_raw,si,si,experimentos/resultados/raw/fiabilidad_nominal_50u_1h_refresh/rep-02/SHA256SUMS
experimentos/resultados/raw/fiabilidad_nominal_50u_1h_refresh/rep-02/gateway-service.log,B_raw,si,si,experimentos/resultados/raw/fiabilidad_nominal_50u_1h_refresh/rep-02/SHA256SUMS
experimentos/resultados/raw/fiabilidad_nominal_50u_1h_refresh/rep-02/locust-final-stats.json,C_derived,si,si,experimentos/resultados/raw/fiabilidad_nominal_50u_1h_refresh/rep-02/SHA256SUMS
experimentos/resultados/raw/fiabilidad_nominal_50u_1h_refresh/rep-02/locust-report.html,C_derived,si,si,experimentos/resultados/raw/fiabilidad_nominal_50u_1h_refresh/rep-02/SHA256SUMS
experimentos/resultados/raw/fiabilidad_nominal_50u_1h_refresh/rep-02/locust.log,B_raw,si,si,experimentos/resultados/raw/fiabilidad_nominal_50u_1h_refresh/rep-02/SHA256SUMS
experimentos/resultados/raw/fiabilidad_nominal_50u_1h_refresh/rep-02/locust_exceptions.csv,B_raw,si,si,experimentos/resultados/raw/fiabilidad_nominal_50u_1h_refresh/rep-02/SHA256SUMS
experimentos/resultados/raw/fiabilidad_nominal_50u_1h_refresh/rep-02/locust_failures.csv,B_raw,si,si,experimentos/resultados/raw/fiabilidad_nominal_50u_1h_refresh/rep-02/SHA256SUMS
experimentos/resultados/raw/fiabilidad_nominal_50u_1h_refresh/rep-02/locust_requests.csv,B_raw,si,si,experimentos/resultados/raw/fiabilidad_nominal_50u_1h_refresh/rep-02/SHA256SUMS
experimentos/resultados/raw/fiabilidad_nominal_50u_1h_refresh/rep-02/locust_stats.csv,B_raw,si,si,experimentos/resultados/raw/fiabilidad_nominal_50u_1h_refresh/rep-02/SHA256SUMS
experimentos/resultados/raw/fiabilidad_nominal_50u_1h_refresh/rep-02/locust_stats_history.csv,B_raw,si,si,experimentos/resultados/raw/fiabilidad_nominal_50u_1h_refresh/rep-02/SHA256SUMS
experimentos/resultados/raw/fiabilidad_nominal_50u_1h_refresh/rep-02/metadata.json,E_metadata,si,si,experimentos/resultados/raw/fiabilidad_nominal_50u_1h_refresh/rep-02/SHA256SUMS
experimentos/resultados/raw/fiabilidad_nominal_50u_1h_refresh/rep-02/phase-boundaries.json,E_metadata,si,si,experimentos/resultados/raw/fiabilidad_nominal_50u_1h_refresh/rep-02/SHA256SUMS
experimentos/resultados/raw/fiabilidad_nominal_50u_1h_refresh/rep-02/phase-summary.json,C_derived,si,si,experimentos/resultados/raw/fiabilidad_nominal_50u_1h_refresh/rep-02/SHA256SUMS
experimentos/resultados/raw/fiabilidad_nominal_50u_1h_refresh/rep-02/prometheus-5xx-count.promql,A_codigo_documentacion,si,si,experimentos/resultados/raw/fiabilidad_nominal_50u_1h_refresh/rep-02/SHA256SUMS
experimentos/resultados/raw/fiabilidad_nominal_50u_1h_refresh/rep-02/prometheus-5xx-percent-result.txt,B_raw,si,si,experimentos/resultados/raw/fiabilidad_nominal_50u_1h_refresh/rep-02/SHA256SUMS
experimentos/resultados/raw/fiabilidad_nominal_50u_1h_refresh/rep-02/prometheus-5xx-percent.promql,A_codigo_documentacion,si,si,experimentos/resultados/raw/fiabilidad_nominal_50u_1h_refresh/rep-02/SHA256SUMS
experimentos/resultados/raw/fiabilidad_nominal_50u_1h_refresh/rep-02/prometheus-5xx-result.txt,B_raw,si,si,experimentos/resultados/raw/fiabilidad_nominal_50u_1h_refresh/rep-02/SHA256SUMS
experimentos/resultados/raw/fiabilidad_nominal_50u_1h_refresh/rep-02/prometheus-gateway-status-by-uri-result.json,B_raw,si,si,experimentos/resultados/raw/fiabilidad_nominal_50u_1h_refresh/rep-02/SHA256SUMS
experimentos/resultados/raw/fiabilidad_nominal_50u_1h_refresh/rep-02/prometheus-gateway-status-by-uri.promql,A_codigo_documentacion,si,si,experimentos/resultados/raw/fiabilidad_nominal_50u_1h_refresh/rep-02/SHA256SUMS
experimentos/resultados/raw/fiabilidad_nominal_50u_1h_refresh/rep-02/prometheus-health-after.txt,B_raw,si,si,experimentos/resultados/raw/fiabilidad_nominal_50u_1h_refresh/rep-02/SHA256SUMS
experimentos/resultados/raw/fiabilidad_nominal_50u_1h_refresh/rep-02/prometheus-health-before.txt,B_raw,si,si,experimentos/resultados/raw/fiabilidad_nominal_50u_1h_refresh/rep-02/SHA256SUMS
experimentos/resultados/raw/fiabilidad_nominal_50u_1h_refresh/rep-02/prometheus-p95-result.txt,B_raw,si,si,experimentos/resultados/raw/fiabilidad_nominal_50u_1h_refresh/rep-02/SHA256SUMS
experimentos/resultados/raw/fiabilidad_nominal_50u_1h_refresh/rep-02/prometheus-p95.promql,A_codigo_documentacion,si,si,experimentos/resultados/raw/fiabilidad_nominal_50u_1h_refresh/rep-02/SHA256SUMS
experimentos/resultados/raw/fiabilidad_nominal_50u_1h_refresh/rep-02/prometheus-reservas-status-by-uri-result.json,B_raw,si,si,experimentos/resultados/raw/fiabilidad_nominal_50u_1h_refresh/rep-02/SHA256SUMS
experimentos/resultados/raw/fiabilidad_nominal_50u_1h_refresh/rep-02/prometheus-reservas-status-by-uri.promql,A_codigo_documentacion,si,si,experimentos/resultados/raw/fiabilidad_nominal_50u_1h_refresh/rep-02/SHA256SUMS
experimentos/resultados/raw/fiabilidad_nominal_50u_1h_refresh/rep-02/reservas-health-after.json,B_raw,si,si,experimentos/resultados/raw/fiabilidad_nominal_50u_1h_refresh/rep-02/SHA256SUMS
experimentos/resultados/raw/fiabilidad_nominal_50u_1h_refresh/rep-02/reservas-health-before.json,B_raw,si,si,experimentos/resultados/raw/fiabilidad_nominal_50u_1h_refresh/rep-02/SHA256SUMS
experimentos/resultados/raw/fiabilidad_nominal_50u_1h_refresh/rep-02/reservas-service.log,B_raw,si,si,experimentos/resultados/raw/fiabilidad_nominal_50u_1h_refresh/rep-02/SHA256SUMS
experimentos/resultados/raw/fiabilidad_nominal_50u_1h_refresh/rep-03/SHA256SUMS,D_manifest,no,no,
experimentos/resultados/raw/fiabilidad_nominal_50u_1h_refresh/rep-03/cockroach-containers-after.txt,E_metadata,si,si,experimentos/resultados/raw/fiabilidad_nominal_50u_1h_refresh/rep-03/SHA256SUMS
experimentos/resultados/raw/fiabilidad_nominal_50u_1h_refresh/rep-03/cockroach-containers-before.txt,E_metadata,si,si,experimentos/resultados/raw/fiabilidad_nominal_50u_1h_refresh/rep-03/SHA256SUMS
experimentos/resultados/raw/fiabilidad_nominal_50u_1h_refresh/rep-03/deployment-state-after.txt,E_metadata,si,si,experimentos/resultados/raw/fiabilidad_nominal_50u_1h_refresh/rep-03/SHA256SUMS
experimentos/resultados/raw/fiabilidad_nominal_50u_1h_refresh/rep-03/deployment-state-before.txt,E_metadata,si,si,experimentos/resultados/raw/fiabilidad_nominal_50u_1h_refresh/rep-03/SHA256SUMS
experimentos/resultados/raw/fiabilidad_nominal_50u_1h_refresh/rep-03/docker-stats-after.txt,B_raw,si,si,experimentos/resultados/raw/fiabilidad_nominal_50u_1h_refresh/rep-03/SHA256SUMS
experimentos/resultados/raw/fiabilidad_nominal_50u_1h_refresh/rep-03/docker-stats-before.txt,B_raw,si,si,experimentos/resultados/raw/fiabilidad_nominal_50u_1h_refresh/rep-03/SHA256SUMS
experimentos/resultados/raw/fiabilidad_nominal_50u_1h_refresh/rep-03/environment.txt,E_metadata,si,si,experimentos/resultados/raw/fiabilidad_nominal_50u_1h_refresh/rep-03/SHA256SUMS
experimentos/resultados/raw/fiabilidad_nominal_50u_1h_refresh/rep-03/gateway-health-after.json,B_raw,si,si,experimentos/resultados/raw/fiabilidad_nominal_50u_1h_refresh/rep-03/SHA256SUMS
experimentos/resultados/raw/fiabilidad_nominal_50u_1h_refresh/rep-03/gateway-health-before.json,B_raw,si,si,experimentos/resultados/raw/fiabilidad_nominal_50u_1h_refresh/rep-03/SHA256SUMS
experimentos/resultados/raw/fiabilidad_nominal_50u_1h_refresh/rep-03/gateway-service.log,B_raw,si,si,experimentos/resultados/raw/fiabilidad_nominal_50u_1h_refresh/rep-03/SHA256SUMS
experimentos/resultados/raw/fiabilidad_nominal_50u_1h_refresh/rep-03/locust-final-stats.json,C_derived,si,si,experimentos/resultados/raw/fiabilidad_nominal_50u_1h_refresh/rep-03/SHA256SUMS
experimentos/resultados/raw/fiabilidad_nominal_50u_1h_refresh/rep-03/locust-report.html,C_derived,si,si,experimentos/resultados/raw/fiabilidad_nominal_50u_1h_refresh/rep-03/SHA256SUMS
experimentos/resultados/raw/fiabilidad_nominal_50u_1h_refresh/rep-03/locust.log,B_raw,si,si,experimentos/resultados/raw/fiabilidad_nominal_50u_1h_refresh/rep-03/SHA256SUMS
experimentos/resultados/raw/fiabilidad_nominal_50u_1h_refresh/rep-03/locust_exceptions.csv,B_raw,si,si,experimentos/resultados/raw/fiabilidad_nominal_50u_1h_refresh/rep-03/SHA256SUMS
experimentos/resultados/raw/fiabilidad_nominal_50u_1h_refresh/rep-03/locust_failures.csv,B_raw,si,si,experimentos/resultados/raw/fiabilidad_nominal_50u_1h_refresh/rep-03/SHA256SUMS
experimentos/resultados/raw/fiabilidad_nominal_50u_1h_refresh/rep-03/locust_requests.csv,B_raw,si,si,experimentos/resultados/raw/fiabilidad_nominal_50u_1h_refresh/rep-03/SHA256SUMS
experimentos/resultados/raw/fiabilidad_nominal_50u_1h_refresh/rep-03/locust_stats.csv,B_raw,si,si,experimentos/resultados/raw/fiabilidad_nominal_50u_1h_refresh/rep-03/SHA256SUMS
experimentos/resultados/raw/fiabilidad_nominal_50u_1h_refresh/rep-03/locust_stats_history.csv,B_raw,si,si,experimentos/resultados/raw/fiabilidad_nominal_50u_1h_refresh/rep-03/SHA256SUMS
experimentos/resultados/raw/fiabilidad_nominal_50u_1h_refresh/rep-03/metadata.json,E_metadata,si,si,experimentos/resultados/raw/fiabilidad_nominal_50u_1h_refresh/rep-03/SHA256SUMS
experimentos/resultados/raw/fiabilidad_nominal_50u_1h_refresh/rep-03/phase-boundaries.json,E_metadata,si,si,experimentos/resultados/raw/fiabilidad_nominal_50u_1h_refresh/rep-03/SHA256SUMS
experimentos/resultados/raw/fiabilidad_nominal_50u_1h_refresh/rep-03/phase-summary.json,C_derived,si,si,experimentos/resultados/raw/fiabilidad_nominal_50u_1h_refresh/rep-03/SHA256SUMS
experimentos/resultados/raw/fiabilidad_nominal_50u_1h_refresh/rep-03/prometheus-5xx-count.promql,A_codigo_documentacion,si,si,experimentos/resultados/raw/fiabilidad_nominal_50u_1h_refresh/rep-03/SHA256SUMS
experimentos/resultados/raw/fiabilidad_nominal_50u_1h_refresh/rep-03/prometheus-5xx-percent-result.txt,B_raw,si,si,experimentos/resultados/raw/fiabilidad_nominal_50u_1h_refresh/rep-03/SHA256SUMS
experimentos/resultados/raw/fiabilidad_nominal_50u_1h_refresh/rep-03/prometheus-5xx-percent.promql,A_codigo_documentacion,si,si,experimentos/resultados/raw/fiabilidad_nominal_50u_1h_refresh/rep-03/SHA256SUMS
experimentos/resultados/raw/fiabilidad_nominal_50u_1h_refresh/rep-03/prometheus-5xx-result.txt,B_raw,si,si,experimentos/resultados/raw/fiabilidad_nominal_50u_1h_refresh/rep-03/SHA256SUMS
experimentos/resultados/raw/fiabilidad_nominal_50u_1h_refresh/rep-03/prometheus-gateway-status-by-uri-result.json,B_raw,si,si,experimentos/resultados/raw/fiabilidad_nominal_50u_1h_refresh/rep-03/SHA256SUMS
experimentos/resultados/raw/fiabilidad_nominal_50u_1h_refresh/rep-03/prometheus-gateway-status-by-uri.promql,A_codigo_documentacion,si,si,experimentos/resultados/raw/fiabilidad_nominal_50u_1h_refresh/rep-03/SHA256SUMS
experimentos/resultados/raw/fiabilidad_nominal_50u_1h_refresh/rep-03/prometheus-health-after.txt,B_raw,si,si,experimentos/resultados/raw/fiabilidad_nominal_50u_1h_refresh/rep-03/SHA256SUMS
experimentos/resultados/raw/fiabilidad_nominal_50u_1h_refresh/rep-03/prometheus-health-before.txt,B_raw,si,si,experimentos/resultados/raw/fiabilidad_nominal_50u_1h_refresh/rep-03/SHA256SUMS
experimentos/resultados/raw/fiabilidad_nominal_50u_1h_refresh/rep-03/prometheus-p95-result.txt,B_raw,si,si,experimentos/resultados/raw/fiabilidad_nominal_50u_1h_refresh/rep-03/SHA256SUMS
experimentos/resultados/raw/fiabilidad_nominal_50u_1h_refresh/rep-03/prometheus-p95.promql,A_codigo_documentacion,si,si,experimentos/resultados/raw/fiabilidad_nominal_50u_1h_refresh/rep-03/SHA256SUMS
experimentos/resultados/raw/fiabilidad_nominal_50u_1h_refresh/rep-03/prometheus-reservas-status-by-uri-result.json,B_raw,si,si,experimentos/resultados/raw/fiabilidad_nominal_50u_1h_refresh/rep-03/SHA256SUMS
experimentos/resultados/raw/fiabilidad_nominal_50u_1h_refresh/rep-03/prometheus-reservas-status-by-uri.promql,A_codigo_documentacion,si,si,experimentos/resultados/raw/fiabilidad_nominal_50u_1h_refresh/rep-03/SHA256SUMS
experimentos/resultados/raw/fiabilidad_nominal_50u_1h_refresh/rep-03/reservas-health-after.json,B_raw,si,si,experimentos/resultados/raw/fiabilidad_nominal_50u_1h_refresh/rep-03/SHA256SUMS
experimentos/resultados/raw/fiabilidad_nominal_50u_1h_refresh/rep-03/reservas-health-before.json,B_raw,si,si,experimentos/resultados/raw/fiabilidad_nominal_50u_1h_refresh/rep-03/SHA256SUMS
experimentos/resultados/raw/fiabilidad_nominal_50u_1h_refresh/rep-03/reservas-service.log,B_raw,si,si,experimentos/resultados/raw/fiabilidad_nominal_50u_1h_refresh/rep-03/SHA256SUMS
experimentos/resultados/raw/fiabilidad_nominal_50u_1h_refresh/rep-04-attempt-02/SHA256SUMS,D_manifest,no,no,
experimentos/resultados/raw/fiabilidad_nominal_50u_1h_refresh/rep-04-attempt-02/cockroach-containers-after.txt,E_metadata,si,si,experimentos/resultados/raw/fiabilidad_nominal_50u_1h_refresh/rep-04-attempt-02/SHA256SUMS
experimentos/resultados/raw/fiabilidad_nominal_50u_1h_refresh/rep-04-attempt-02/cockroach-containers-before.txt,E_metadata,si,si,experimentos/resultados/raw/fiabilidad_nominal_50u_1h_refresh/rep-04-attempt-02/SHA256SUMS
experimentos/resultados/raw/fiabilidad_nominal_50u_1h_refresh/rep-04-attempt-02/deployment-state-after.txt,E_metadata,si,si,experimentos/resultados/raw/fiabilidad_nominal_50u_1h_refresh/rep-04-attempt-02/SHA256SUMS
experimentos/resultados/raw/fiabilidad_nominal_50u_1h_refresh/rep-04-attempt-02/deployment-state-before.txt,E_metadata,si,si,experimentos/resultados/raw/fiabilidad_nominal_50u_1h_refresh/rep-04-attempt-02/SHA256SUMS
experimentos/resultados/raw/fiabilidad_nominal_50u_1h_refresh/rep-04-attempt-02/docker-stats-after.txt,B_raw,si,si,experimentos/resultados/raw/fiabilidad_nominal_50u_1h_refresh/rep-04-attempt-02/SHA256SUMS
experimentos/resultados/raw/fiabilidad_nominal_50u_1h_refresh/rep-04-attempt-02/docker-stats-before.txt,B_raw,si,si,experimentos/resultados/raw/fiabilidad_nominal_50u_1h_refresh/rep-04-attempt-02/SHA256SUMS
experimentos/resultados/raw/fiabilidad_nominal_50u_1h_refresh/rep-04-attempt-02/environment.txt,E_metadata,si,si,experimentos/resultados/raw/fiabilidad_nominal_50u_1h_refresh/rep-04-attempt-02/SHA256SUMS
experimentos/resultados/raw/fiabilidad_nominal_50u_1h_refresh/rep-04-attempt-02/gateway-health-after.json,B_raw,si,si,experimentos/resultados/raw/fiabilidad_nominal_50u_1h_refresh/rep-04-attempt-02/SHA256SUMS
experimentos/resultados/raw/fiabilidad_nominal_50u_1h_refresh/rep-04-attempt-02/gateway-health-before.json,B_raw,si,si,experimentos/resultados/raw/fiabilidad_nominal_50u_1h_refresh/rep-04-attempt-02/SHA256SUMS
experimentos/resultados/raw/fiabilidad_nominal_50u_1h_refresh/rep-04-attempt-02/gateway-service.log,B_raw,si,si,experimentos/resultados/raw/fiabilidad_nominal_50u_1h_refresh/rep-04-attempt-02/SHA256SUMS
experimentos/resultados/raw/fiabilidad_nominal_50u_1h_refresh/rep-04-attempt-02/locust-final-stats.json,C_derived,si,si,experimentos/resultados/raw/fiabilidad_nominal_50u_1h_refresh/rep-04-attempt-02/SHA256SUMS
experimentos/resultados/raw/fiabilidad_nominal_50u_1h_refresh/rep-04-attempt-02/locust-report.html,C_derived,si,si,experimentos/resultados/raw/fiabilidad_nominal_50u_1h_refresh/rep-04-attempt-02/SHA256SUMS
experimentos/resultados/raw/fiabilidad_nominal_50u_1h_refresh/rep-04-attempt-02/locust.log,B_raw,si,si,experimentos/resultados/raw/fiabilidad_nominal_50u_1h_refresh/rep-04-attempt-02/SHA256SUMS
experimentos/resultados/raw/fiabilidad_nominal_50u_1h_refresh/rep-04-attempt-02/locust_exceptions.csv,B_raw,si,si,experimentos/resultados/raw/fiabilidad_nominal_50u_1h_refresh/rep-04-attempt-02/SHA256SUMS
experimentos/resultados/raw/fiabilidad_nominal_50u_1h_refresh/rep-04-attempt-02/locust_failures.csv,B_raw,si,si,experimentos/resultados/raw/fiabilidad_nominal_50u_1h_refresh/rep-04-attempt-02/SHA256SUMS
experimentos/resultados/raw/fiabilidad_nominal_50u_1h_refresh/rep-04-attempt-02/locust_requests.csv,B_raw,si,si,experimentos/resultados/raw/fiabilidad_nominal_50u_1h_refresh/rep-04-attempt-02/SHA256SUMS
experimentos/resultados/raw/fiabilidad_nominal_50u_1h_refresh/rep-04-attempt-02/locust_stats.csv,B_raw,si,si,experimentos/resultados/raw/fiabilidad_nominal_50u_1h_refresh/rep-04-attempt-02/SHA256SUMS
experimentos/resultados/raw/fiabilidad_nominal_50u_1h_refresh/rep-04-attempt-02/locust_stats_history.csv,B_raw,si,si,experimentos/resultados/raw/fiabilidad_nominal_50u_1h_refresh/rep-04-attempt-02/SHA256SUMS
experimentos/resultados/raw/fiabilidad_nominal_50u_1h_refresh/rep-04-attempt-02/metadata.json,E_metadata,si,si,experimentos/resultados/raw/fiabilidad_nominal_50u_1h_refresh/rep-04-attempt-02/SHA256SUMS
experimentos/resultados/raw/fiabilidad_nominal_50u_1h_refresh/rep-04-attempt-02/phase-boundaries.json,E_metadata,si,si,experimentos/resultados/raw/fiabilidad_nominal_50u_1h_refresh/rep-04-attempt-02/SHA256SUMS
experimentos/resultados/raw/fiabilidad_nominal_50u_1h_refresh/rep-04-attempt-02/prometheus-5xx-count.promql,A_codigo_documentacion,si,si,experimentos/resultados/raw/fiabilidad_nominal_50u_1h_refresh/rep-04-attempt-02/SHA256SUMS
experimentos/resultados/raw/fiabilidad_nominal_50u_1h_refresh/rep-04-attempt-02/prometheus-5xx-percent-result.txt,B_raw,si,si,experimentos/resultados/raw/fiabilidad_nominal_50u_1h_refresh/rep-04-attempt-02/SHA256SUMS
experimentos/resultados/raw/fiabilidad_nominal_50u_1h_refresh/rep-04-attempt-02/prometheus-5xx-percent.promql,A_codigo_documentacion,si,si,experimentos/resultados/raw/fiabilidad_nominal_50u_1h_refresh/rep-04-attempt-02/SHA256SUMS
experimentos/resultados/raw/fiabilidad_nominal_50u_1h_refresh/rep-04-attempt-02/prometheus-5xx-result.txt,B_raw,si,si,experimentos/resultados/raw/fiabilidad_nominal_50u_1h_refresh/rep-04-attempt-02/SHA256SUMS
experimentos/resultados/raw/fiabilidad_nominal_50u_1h_refresh/rep-04-attempt-02/prometheus-gateway-status-by-uri-result.json,B_raw,si,si,experimentos/resultados/raw/fiabilidad_nominal_50u_1h_refresh/rep-04-attempt-02/SHA256SUMS
experimentos/resultados/raw/fiabilidad_nominal_50u_1h_refresh/rep-04-attempt-02/prometheus-gateway-status-by-uri.promql,A_codigo_documentacion,si,si,experimentos/resultados/raw/fiabilidad_nominal_50u_1h_refresh/rep-04-attempt-02/SHA256SUMS
experimentos/resultados/raw/fiabilidad_nominal_50u_1h_refresh/rep-04-attempt-02/prometheus-health-after.txt,B_raw,si,si,experimentos/resultados/raw/fiabilidad_nominal_50u_1h_refresh/rep-04-attempt-02/SHA256SUMS
experimentos/resultados/raw/fiabilidad_nominal_50u_1h_refresh/rep-04-attempt-02/prometheus-health-before.txt,B_raw,si,si,experimentos/resultados/raw/fiabilidad_nominal_50u_1h_refresh/rep-04-attempt-02/SHA256SUMS
experimentos/resultados/raw/fiabilidad_nominal_50u_1h_refresh/rep-04-attempt-02/prometheus-p95-result.txt,B_raw,si,si,experimentos/resultados/raw/fiabilidad_nominal_50u_1h_refresh/rep-04-attempt-02/SHA256SUMS
experimentos/resultados/raw/fiabilidad_nominal_50u_1h_refresh/rep-04-attempt-02/prometheus-p95.promql,A_codigo_documentacion,si,si,experimentos/resultados/raw/fiabilidad_nominal_50u_1h_refresh/rep-04-attempt-02/SHA256SUMS
experimentos/resultados/raw/fiabilidad_nominal_50u_1h_refresh/rep-04-attempt-02/prometheus-reservas-status-by-uri-result.json,B_raw,si,si,experimentos/resultados/raw/fiabilidad_nominal_50u_1h_refresh/rep-04-attempt-02/SHA256SUMS
experimentos/resultados/raw/fiabilidad_nominal_50u_1h_refresh/rep-04-attempt-02/prometheus-reservas-status-by-uri.promql,A_codigo_documentacion,si,si,experimentos/resultados/raw/fiabilidad_nominal_50u_1h_refresh/rep-04-attempt-02/SHA256SUMS
experimentos/resultados/raw/fiabilidad_nominal_50u_1h_refresh/rep-04-attempt-02/reservas-health-after.json,B_raw,si,si,experimentos/resultados/raw/fiabilidad_nominal_50u_1h_refresh/rep-04-attempt-02/SHA256SUMS
experimentos/resultados/raw/fiabilidad_nominal_50u_1h_refresh/rep-04-attempt-02/reservas-health-before.json,B_raw,si,si,experimentos/resultados/raw/fiabilidad_nominal_50u_1h_refresh/rep-04-attempt-02/SHA256SUMS
experimentos/resultados/raw/fiabilidad_nominal_50u_1h_refresh/rep-04-attempt-02/reservas-service.log,B_raw,si,si,experimentos/resultados/raw/fiabilidad_nominal_50u_1h_refresh/rep-04-attempt-02/SHA256SUMS
experimentos/resultados/raw/fiabilidad_nominal_50u_1h_refresh/rep-04-attempt-03/SHA256SUMS,D_manifest,no,no,
experimentos/resultados/raw/fiabilidad_nominal_50u_1h_refresh/rep-04-attempt-03/cockroach-containers-after.txt,E_metadata,si,si,experimentos/resultados/raw/fiabilidad_nominal_50u_1h_refresh/rep-04-attempt-03/SHA256SUMS
experimentos/resultados/raw/fiabilidad_nominal_50u_1h_refresh/rep-04-attempt-03/cockroach-containers-before.txt,E_metadata,si,si,experimentos/resultados/raw/fiabilidad_nominal_50u_1h_refresh/rep-04-attempt-03/SHA256SUMS
experimentos/resultados/raw/fiabilidad_nominal_50u_1h_refresh/rep-04-attempt-03/deployment-state-after.txt,E_metadata,si,si,experimentos/resultados/raw/fiabilidad_nominal_50u_1h_refresh/rep-04-attempt-03/SHA256SUMS
experimentos/resultados/raw/fiabilidad_nominal_50u_1h_refresh/rep-04-attempt-03/deployment-state-before.txt,E_metadata,si,si,experimentos/resultados/raw/fiabilidad_nominal_50u_1h_refresh/rep-04-attempt-03/SHA256SUMS
experimentos/resultados/raw/fiabilidad_nominal_50u_1h_refresh/rep-04-attempt-03/docker-stats-after.txt,B_raw,si,si,experimentos/resultados/raw/fiabilidad_nominal_50u_1h_refresh/rep-04-attempt-03/SHA256SUMS
experimentos/resultados/raw/fiabilidad_nominal_50u_1h_refresh/rep-04-attempt-03/docker-stats-before.txt,B_raw,si,si,experimentos/resultados/raw/fiabilidad_nominal_50u_1h_refresh/rep-04-attempt-03/SHA256SUMS
experimentos/resultados/raw/fiabilidad_nominal_50u_1h_refresh/rep-04-attempt-03/environment.txt,E_metadata,si,si,experimentos/resultados/raw/fiabilidad_nominal_50u_1h_refresh/rep-04-attempt-03/SHA256SUMS
experimentos/resultados/raw/fiabilidad_nominal_50u_1h_refresh/rep-04-attempt-03/gateway-health-after.json,B_raw,si,si,experimentos/resultados/raw/fiabilidad_nominal_50u_1h_refresh/rep-04-attempt-03/SHA256SUMS
experimentos/resultados/raw/fiabilidad_nominal_50u_1h_refresh/rep-04-attempt-03/gateway-health-before.json,B_raw,si,si,experimentos/resultados/raw/fiabilidad_nominal_50u_1h_refresh/rep-04-attempt-03/SHA256SUMS
experimentos/resultados/raw/fiabilidad_nominal_50u_1h_refresh/rep-04-attempt-03/gateway-service.log,B_raw,si,si,experimentos/resultados/raw/fiabilidad_nominal_50u_1h_refresh/rep-04-attempt-03/SHA256SUMS
experimentos/resultados/raw/fiabilidad_nominal_50u_1h_refresh/rep-04-attempt-03/locust-final-stats.json,C_derived,si,si,experimentos/resultados/raw/fiabilidad_nominal_50u_1h_refresh/rep-04-attempt-03/SHA256SUMS
experimentos/resultados/raw/fiabilidad_nominal_50u_1h_refresh/rep-04-attempt-03/locust-report.html,C_derived,si,si,experimentos/resultados/raw/fiabilidad_nominal_50u_1h_refresh/rep-04-attempt-03/SHA256SUMS
experimentos/resultados/raw/fiabilidad_nominal_50u_1h_refresh/rep-04-attempt-03/locust.log,B_raw,si,si,experimentos/resultados/raw/fiabilidad_nominal_50u_1h_refresh/rep-04-attempt-03/SHA256SUMS
experimentos/resultados/raw/fiabilidad_nominal_50u_1h_refresh/rep-04-attempt-03/locust_exceptions.csv,B_raw,si,si,experimentos/resultados/raw/fiabilidad_nominal_50u_1h_refresh/rep-04-attempt-03/SHA256SUMS
experimentos/resultados/raw/fiabilidad_nominal_50u_1h_refresh/rep-04-attempt-03/locust_failures.csv,B_raw,si,si,experimentos/resultados/raw/fiabilidad_nominal_50u_1h_refresh/rep-04-attempt-03/SHA256SUMS
experimentos/resultados/raw/fiabilidad_nominal_50u_1h_refresh/rep-04-attempt-03/locust_requests.csv,B_raw,si,si,experimentos/resultados/raw/fiabilidad_nominal_50u_1h_refresh/rep-04-attempt-03/SHA256SUMS
experimentos/resultados/raw/fiabilidad_nominal_50u_1h_refresh/rep-04-attempt-03/locust_stats.csv,B_raw,si,si,experimentos/resultados/raw/fiabilidad_nominal_50u_1h_refresh/rep-04-attempt-03/SHA256SUMS
experimentos/resultados/raw/fiabilidad_nominal_50u_1h_refresh/rep-04-attempt-03/locust_stats_history.csv,B_raw,si,si,experimentos/resultados/raw/fiabilidad_nominal_50u_1h_refresh/rep-04-attempt-03/SHA256SUMS
experimentos/resultados/raw/fiabilidad_nominal_50u_1h_refresh/rep-04-attempt-03/metadata.json,E_metadata,si,si,experimentos/resultados/raw/fiabilidad_nominal_50u_1h_refresh/rep-04-attempt-03/SHA256SUMS
experimentos/resultados/raw/fiabilidad_nominal_50u_1h_refresh/rep-04-attempt-03/phase-boundaries.json,E_metadata,si,si,experimentos/resultados/raw/fiabilidad_nominal_50u_1h_refresh/rep-04-attempt-03/SHA256SUMS
experimentos/resultados/raw/fiabilidad_nominal_50u_1h_refresh/rep-04-attempt-03/phase-summary.json,C_derived,si,si,experimentos/resultados/raw/fiabilidad_nominal_50u_1h_refresh/rep-04-attempt-03/SHA256SUMS
experimentos/resultados/raw/fiabilidad_nominal_50u_1h_refresh/rep-04-attempt-03/prometheus-5xx-count.promql,A_codigo_documentacion,si,si,experimentos/resultados/raw/fiabilidad_nominal_50u_1h_refresh/rep-04-attempt-03/SHA256SUMS
experimentos/resultados/raw/fiabilidad_nominal_50u_1h_refresh/rep-04-attempt-03/prometheus-5xx-percent-result.txt,B_raw,si,si,experimentos/resultados/raw/fiabilidad_nominal_50u_1h_refresh/rep-04-attempt-03/SHA256SUMS
experimentos/resultados/raw/fiabilidad_nominal_50u_1h_refresh/rep-04-attempt-03/prometheus-5xx-percent.promql,A_codigo_documentacion,si,si,experimentos/resultados/raw/fiabilidad_nominal_50u_1h_refresh/rep-04-attempt-03/SHA256SUMS
experimentos/resultados/raw/fiabilidad_nominal_50u_1h_refresh/rep-04-attempt-03/prometheus-5xx-result.txt,B_raw,si,si,experimentos/resultados/raw/fiabilidad_nominal_50u_1h_refresh/rep-04-attempt-03/SHA256SUMS
experimentos/resultados/raw/fiabilidad_nominal_50u_1h_refresh/rep-04-attempt-03/prometheus-gateway-status-by-uri-result.json,B_raw,si,si,experimentos/resultados/raw/fiabilidad_nominal_50u_1h_refresh/rep-04-attempt-03/SHA256SUMS
experimentos/resultados/raw/fiabilidad_nominal_50u_1h_refresh/rep-04-attempt-03/prometheus-gateway-status-by-uri.promql,A_codigo_documentacion,si,si,experimentos/resultados/raw/fiabilidad_nominal_50u_1h_refresh/rep-04-attempt-03/SHA256SUMS
experimentos/resultados/raw/fiabilidad_nominal_50u_1h_refresh/rep-04-attempt-03/prometheus-health-after.txt,B_raw,si,si,experimentos/resultados/raw/fiabilidad_nominal_50u_1h_refresh/rep-04-attempt-03/SHA256SUMS
experimentos/resultados/raw/fiabilidad_nominal_50u_1h_refresh/rep-04-attempt-03/prometheus-health-before.txt,B_raw,si,si,experimentos/resultados/raw/fiabilidad_nominal_50u_1h_refresh/rep-04-attempt-03/SHA256SUMS
experimentos/resultados/raw/fiabilidad_nominal_50u_1h_refresh/rep-04-attempt-03/prometheus-p95-result.txt,B_raw,si,si,experimentos/resultados/raw/fiabilidad_nominal_50u_1h_refresh/rep-04-attempt-03/SHA256SUMS
experimentos/resultados/raw/fiabilidad_nominal_50u_1h_refresh/rep-04-attempt-03/prometheus-p95.promql,A_codigo_documentacion,si,si,experimentos/resultados/raw/fiabilidad_nominal_50u_1h_refresh/rep-04-attempt-03/SHA256SUMS
experimentos/resultados/raw/fiabilidad_nominal_50u_1h_refresh/rep-04-attempt-03/prometheus-reservas-status-by-uri-result.json,B_raw,si,si,experimentos/resultados/raw/fiabilidad_nominal_50u_1h_refresh/rep-04-attempt-03/SHA256SUMS
experimentos/resultados/raw/fiabilidad_nominal_50u_1h_refresh/rep-04-attempt-03/prometheus-reservas-status-by-uri.promql,A_codigo_documentacion,si,si,experimentos/resultados/raw/fiabilidad_nominal_50u_1h_refresh/rep-04-attempt-03/SHA256SUMS
experimentos/resultados/raw/fiabilidad_nominal_50u_1h_refresh/rep-04-attempt-03/reservas-health-after.json,B_raw,si,si,experimentos/resultados/raw/fiabilidad_nominal_50u_1h_refresh/rep-04-attempt-03/SHA256SUMS
experimentos/resultados/raw/fiabilidad_nominal_50u_1h_refresh/rep-04-attempt-03/reservas-health-before.json,B_raw,si,si,experimentos/resultados/raw/fiabilidad_nominal_50u_1h_refresh/rep-04-attempt-03/SHA256SUMS
experimentos/resultados/raw/fiabilidad_nominal_50u_1h_refresh/rep-04-attempt-03/reservas-service.log,B_raw,si,si,experimentos/resultados/raw/fiabilidad_nominal_50u_1h_refresh/rep-04-attempt-03/SHA256SUMS
experimentos/resultados/raw/fiabilidad_nominal_50u_1h_refresh/rep-04/cockroach-containers-after.txt,E_metadata,no,si,experimentos/resultados/raw/fiabilidad_nominal_50u_1h_refresh/rep-04/SHA256SUMS
experimentos/resultados/raw/fiabilidad_nominal_50u_1h_refresh/rep-04/cockroach-containers-before.txt,E_metadata,no,si,experimentos/resultados/raw/fiabilidad_nominal_50u_1h_refresh/rep-04/SHA256SUMS
experimentos/resultados/raw/fiabilidad_nominal_50u_1h_refresh/rep-04/console-disk-full.log,B_raw,no,si,experimentos/resultados/raw/fiabilidad_nominal_50u_1h_refresh/rep-04/SHA256SUMS
experimentos/resultados/raw/fiabilidad_nominal_50u_1h_refresh/rep-04/deployment-state-after.txt,E_metadata,no,si,experimentos/resultados/raw/fiabilidad_nominal_50u_1h_refresh/rep-04/SHA256SUMS
experimentos/resultados/raw/fiabilidad_nominal_50u_1h_refresh/rep-04/deployment-state-before.txt,E_metadata,no,si,experimentos/resultados/raw/fiabilidad_nominal_50u_1h_refresh/rep-04/SHA256SUMS
experimentos/resultados/raw/fiabilidad_nominal_50u_1h_refresh/rep-04/docker-stats-after.txt,B_raw,no,si,experimentos/resultados/raw/fiabilidad_nominal_50u_1h_refresh/rep-04/SHA256SUMS
experimentos/resultados/raw/fiabilidad_nominal_50u_1h_refresh/rep-04/docker-stats-before.txt,B_raw,no,si,experimentos/resultados/raw/fiabilidad_nominal_50u_1h_refresh/rep-04/SHA256SUMS
experimentos/resultados/raw/fiabilidad_nominal_50u_1h_refresh/rep-04/environment.txt,E_metadata,no,si,experimentos/resultados/raw/fiabilidad_nominal_50u_1h_refresh/rep-04/SHA256SUMS
experimentos/resultados/raw/fiabilidad_nominal_50u_1h_refresh/rep-04/gateway-health-after.json,B_raw,no,si,experimentos/resultados/raw/fiabilidad_nominal_50u_1h_refresh/rep-04/SHA256SUMS
experimentos/resultados/raw/fiabilidad_nominal_50u_1h_refresh/rep-04/gateway-health-before.json,B_raw,no,si,experimentos/resultados/raw/fiabilidad_nominal_50u_1h_refresh/rep-04/SHA256SUMS
experimentos/resultados/raw/fiabilidad_nominal_50u_1h_refresh/rep-04/gateway-service.log,B_raw,no,si,experimentos/resultados/raw/fiabilidad_nominal_50u_1h_refresh/rep-04/SHA256SUMS
experimentos/resultados/raw/fiabilidad_nominal_50u_1h_refresh/rep-04/locust-report.html,C_derived,no,si,experimentos/resultados/raw/fiabilidad_nominal_50u_1h_refresh/rep-04/SHA256SUMS
experimentos/resultados/raw/fiabilidad_nominal_50u_1h_refresh/rep-04/locust.log,B_raw,no,si,experimentos/resultados/raw/fiabilidad_nominal_50u_1h_refresh/rep-04/SHA256SUMS
experimentos/resultados/raw/fiabilidad_nominal_50u_1h_refresh/rep-04/locust_exceptions.csv,B_raw,no,si,experimentos/resultados/raw/fiabilidad_nominal_50u_1h_refresh/rep-04/SHA256SUMS
experimentos/resultados/raw/fiabilidad_nominal_50u_1h_refresh/rep-04/locust_failures.csv,B_raw,no,si,experimentos/resultados/raw/fiabilidad_nominal_50u_1h_refresh/rep-04/SHA256SUMS
experimentos/resultados/raw/fiabilidad_nominal_50u_1h_refresh/rep-04/locust_requests.csv,B_raw,no,si,experimentos/resultados/raw/fiabilidad_nominal_50u_1h_refresh/rep-04/SHA256SUMS
experimentos/resultados/raw/fiabilidad_nominal_50u_1h_refresh/rep-04/locust_stats.csv,B_raw,no,si,experimentos/resultados/raw/fiabilidad_nominal_50u_1h_refresh/rep-04/SHA256SUMS
experimentos/resultados/raw/fiabilidad_nominal_50u_1h_refresh/rep-04/locust_stats_history.csv,B_raw,no,si,experimentos/resultados/raw/fiabilidad_nominal_50u_1h_refresh/rep-04/SHA256SUMS
experimentos/resultados/raw/fiabilidad_nominal_50u_1h_refresh/rep-04/metadata.json,E_metadata,no,si,experimentos/resultados/raw/fiabilidad_nominal_50u_1h_refresh/rep-04/SHA256SUMS
experimentos/resultados/raw/fiabilidad_nominal_50u_1h_refresh/rep-04/phase-boundaries.json,E_metadata,no,si,experimentos/resultados/raw/fiabilidad_nominal_50u_1h_refresh/rep-04/SHA256SUMS
experimentos/resultados/raw/fiabilidad_nominal_50u_1h_refresh/rep-04/prometheus-5xx-count.promql,A_codigo_documentacion,no,si,experimentos/resultados/raw/fiabilidad_nominal_50u_1h_refresh/rep-04/SHA256SUMS
experimentos/resultados/raw/fiabilidad_nominal_50u_1h_refresh/rep-04/prometheus-5xx-percent-result.txt,B_raw,no,si,experimentos/resultados/raw/fiabilidad_nominal_50u_1h_refresh/rep-04/SHA256SUMS
experimentos/resultados/raw/fiabilidad_nominal_50u_1h_refresh/rep-04/prometheus-5xx-percent.promql,A_codigo_documentacion,no,si,experimentos/resultados/raw/fiabilidad_nominal_50u_1h_refresh/rep-04/SHA256SUMS
experimentos/resultados/raw/fiabilidad_nominal_50u_1h_refresh/rep-04/prometheus-5xx-result.txt,B_raw,no,si,experimentos/resultados/raw/fiabilidad_nominal_50u_1h_refresh/rep-04/SHA256SUMS
experimentos/resultados/raw/fiabilidad_nominal_50u_1h_refresh/rep-04/prometheus-gateway-status-by-uri-result.json,B_raw,no,si,experimentos/resultados/raw/fiabilidad_nominal_50u_1h_refresh/rep-04/SHA256SUMS
experimentos/resultados/raw/fiabilidad_nominal_50u_1h_refresh/rep-04/prometheus-gateway-status-by-uri.promql,A_codigo_documentacion,no,si,experimentos/resultados/raw/fiabilidad_nominal_50u_1h_refresh/rep-04/SHA256SUMS
experimentos/resultados/raw/fiabilidad_nominal_50u_1h_refresh/rep-04/prometheus-health-after.txt,B_raw,no,si,experimentos/resultados/raw/fiabilidad_nominal_50u_1h_refresh/rep-04/SHA256SUMS
experimentos/resultados/raw/fiabilidad_nominal_50u_1h_refresh/rep-04/prometheus-health-before.txt,B_raw,no,si,experimentos/resultados/raw/fiabilidad_nominal_50u_1h_refresh/rep-04/SHA256SUMS
experimentos/resultados/raw/fiabilidad_nominal_50u_1h_refresh/rep-04/prometheus-p95-result.txt,B_raw,no,si,experimentos/resultados/raw/fiabilidad_nominal_50u_1h_refresh/rep-04/SHA256SUMS
experimentos/resultados/raw/fiabilidad_nominal_50u_1h_refresh/rep-04/prometheus-p95.promql,A_codigo_documentacion,no,si,experimentos/resultados/raw/fiabilidad_nominal_50u_1h_refresh/rep-04/SHA256SUMS
experimentos/resultados/raw/fiabilidad_nominal_50u_1h_refresh/rep-04/prometheus-reservas-status-by-uri-result.json,B_raw,no,si,experimentos/resultados/raw/fiabilidad_nominal_50u_1h_refresh/rep-04/SHA256SUMS
experimentos/resultados/raw/fiabilidad_nominal_50u_1h_refresh/rep-04/prometheus-reservas-status-by-uri.promql,A_codigo_documentacion,no,si,experimentos/resultados/raw/fiabilidad_nominal_50u_1h_refresh/rep-04/SHA256SUMS
experimentos/resultados/raw/fiabilidad_nominal_50u_1h_refresh/rep-04/reservas-health-after.json,B_raw,no,si,experimentos/resultados/raw/fiabilidad_nominal_50u_1h_refresh/rep-04/SHA256SUMS
experimentos/resultados/raw/fiabilidad_nominal_50u_1h_refresh/rep-04/reservas-health-before.json,B_raw,no,si,experimentos/resultados/raw/fiabilidad_nominal_50u_1h_refresh/rep-04/SHA256SUMS
experimentos/resultados/raw/fiabilidad_nominal_50u_1h_refresh/rep-04/reservas-service.log,B_raw,no,si,experimentos/resultados/raw/fiabilidad_nominal_50u_1h_refresh/rep-04/SHA256SUMS
experimentos/resultados/raw/fiabilidad_nominal_50u_1h_refresh/rep-05/SHA256SUMS,D_manifest,no,no,
experimentos/resultados/raw/fiabilidad_nominal_50u_1h_refresh/rep-05/cockroach-containers-after.txt,E_metadata,si,si,experimentos/resultados/raw/fiabilidad_nominal_50u_1h_refresh/rep-05/SHA256SUMS
experimentos/resultados/raw/fiabilidad_nominal_50u_1h_refresh/rep-05/cockroach-containers-before.txt,E_metadata,si,si,experimentos/resultados/raw/fiabilidad_nominal_50u_1h_refresh/rep-05/SHA256SUMS
experimentos/resultados/raw/fiabilidad_nominal_50u_1h_refresh/rep-05/deployment-state-after.txt,E_metadata,si,si,experimentos/resultados/raw/fiabilidad_nominal_50u_1h_refresh/rep-05/SHA256SUMS
experimentos/resultados/raw/fiabilidad_nominal_50u_1h_refresh/rep-05/deployment-state-before.txt,E_metadata,si,si,experimentos/resultados/raw/fiabilidad_nominal_50u_1h_refresh/rep-05/SHA256SUMS
experimentos/resultados/raw/fiabilidad_nominal_50u_1h_refresh/rep-05/docker-stats-after.txt,B_raw,si,si,experimentos/resultados/raw/fiabilidad_nominal_50u_1h_refresh/rep-05/SHA256SUMS
experimentos/resultados/raw/fiabilidad_nominal_50u_1h_refresh/rep-05/docker-stats-before.txt,B_raw,si,si,experimentos/resultados/raw/fiabilidad_nominal_50u_1h_refresh/rep-05/SHA256SUMS
experimentos/resultados/raw/fiabilidad_nominal_50u_1h_refresh/rep-05/environment.txt,E_metadata,si,si,experimentos/resultados/raw/fiabilidad_nominal_50u_1h_refresh/rep-05/SHA256SUMS
experimentos/resultados/raw/fiabilidad_nominal_50u_1h_refresh/rep-05/gateway-health-after.json,B_raw,si,si,experimentos/resultados/raw/fiabilidad_nominal_50u_1h_refresh/rep-05/SHA256SUMS
experimentos/resultados/raw/fiabilidad_nominal_50u_1h_refresh/rep-05/gateway-health-before.json,B_raw,si,si,experimentos/resultados/raw/fiabilidad_nominal_50u_1h_refresh/rep-05/SHA256SUMS
experimentos/resultados/raw/fiabilidad_nominal_50u_1h_refresh/rep-05/gateway-service.log,B_raw,si,si,experimentos/resultados/raw/fiabilidad_nominal_50u_1h_refresh/rep-05/SHA256SUMS
experimentos/resultados/raw/fiabilidad_nominal_50u_1h_refresh/rep-05/locust-final-stats.json,C_derived,si,si,experimentos/resultados/raw/fiabilidad_nominal_50u_1h_refresh/rep-05/SHA256SUMS
experimentos/resultados/raw/fiabilidad_nominal_50u_1h_refresh/rep-05/locust-report.html,C_derived,si,si,experimentos/resultados/raw/fiabilidad_nominal_50u_1h_refresh/rep-05/SHA256SUMS
experimentos/resultados/raw/fiabilidad_nominal_50u_1h_refresh/rep-05/locust.log,B_raw,si,si,experimentos/resultados/raw/fiabilidad_nominal_50u_1h_refresh/rep-05/SHA256SUMS
experimentos/resultados/raw/fiabilidad_nominal_50u_1h_refresh/rep-05/locust_exceptions.csv,B_raw,si,si,experimentos/resultados/raw/fiabilidad_nominal_50u_1h_refresh/rep-05/SHA256SUMS
experimentos/resultados/raw/fiabilidad_nominal_50u_1h_refresh/rep-05/locust_failures.csv,B_raw,si,si,experimentos/resultados/raw/fiabilidad_nominal_50u_1h_refresh/rep-05/SHA256SUMS
experimentos/resultados/raw/fiabilidad_nominal_50u_1h_refresh/rep-05/locust_requests.csv,B_raw,si,si,experimentos/resultados/raw/fiabilidad_nominal_50u_1h_refresh/rep-05/SHA256SUMS
experimentos/resultados/raw/fiabilidad_nominal_50u_1h_refresh/rep-05/locust_stats.csv,B_raw,si,si,experimentos/resultados/raw/fiabilidad_nominal_50u_1h_refresh/rep-05/SHA256SUMS
experimentos/resultados/raw/fiabilidad_nominal_50u_1h_refresh/rep-05/locust_stats_history.csv,B_raw,si,si,experimentos/resultados/raw/fiabilidad_nominal_50u_1h_refresh/rep-05/SHA256SUMS
experimentos/resultados/raw/fiabilidad_nominal_50u_1h_refresh/rep-05/metadata.json,E_metadata,si,si,experimentos/resultados/raw/fiabilidad_nominal_50u_1h_refresh/rep-05/SHA256SUMS
experimentos/resultados/raw/fiabilidad_nominal_50u_1h_refresh/rep-05/phase-boundaries.json,E_metadata,si,si,experimentos/resultados/raw/fiabilidad_nominal_50u_1h_refresh/rep-05/SHA256SUMS
experimentos/resultados/raw/fiabilidad_nominal_50u_1h_refresh/rep-05/phase-summary.json,C_derived,si,si,experimentos/resultados/raw/fiabilidad_nominal_50u_1h_refresh/rep-05/SHA256SUMS
experimentos/resultados/raw/fiabilidad_nominal_50u_1h_refresh/rep-05/prometheus-5xx-count.promql,A_codigo_documentacion,si,si,experimentos/resultados/raw/fiabilidad_nominal_50u_1h_refresh/rep-05/SHA256SUMS
experimentos/resultados/raw/fiabilidad_nominal_50u_1h_refresh/rep-05/prometheus-5xx-percent-result.txt,B_raw,si,si,experimentos/resultados/raw/fiabilidad_nominal_50u_1h_refresh/rep-05/SHA256SUMS
experimentos/resultados/raw/fiabilidad_nominal_50u_1h_refresh/rep-05/prometheus-5xx-percent.promql,A_codigo_documentacion,si,si,experimentos/resultados/raw/fiabilidad_nominal_50u_1h_refresh/rep-05/SHA256SUMS
experimentos/resultados/raw/fiabilidad_nominal_50u_1h_refresh/rep-05/prometheus-5xx-result.txt,B_raw,si,si,experimentos/resultados/raw/fiabilidad_nominal_50u_1h_refresh/rep-05/SHA256SUMS
experimentos/resultados/raw/fiabilidad_nominal_50u_1h_refresh/rep-05/prometheus-gateway-status-by-uri-result.json,B_raw,si,si,experimentos/resultados/raw/fiabilidad_nominal_50u_1h_refresh/rep-05/SHA256SUMS
experimentos/resultados/raw/fiabilidad_nominal_50u_1h_refresh/rep-05/prometheus-gateway-status-by-uri.promql,A_codigo_documentacion,si,si,experimentos/resultados/raw/fiabilidad_nominal_50u_1h_refresh/rep-05/SHA256SUMS
experimentos/resultados/raw/fiabilidad_nominal_50u_1h_refresh/rep-05/prometheus-health-after.txt,B_raw,si,si,experimentos/resultados/raw/fiabilidad_nominal_50u_1h_refresh/rep-05/SHA256SUMS
experimentos/resultados/raw/fiabilidad_nominal_50u_1h_refresh/rep-05/prometheus-health-before.txt,B_raw,si,si,experimentos/resultados/raw/fiabilidad_nominal_50u_1h_refresh/rep-05/SHA256SUMS
experimentos/resultados/raw/fiabilidad_nominal_50u_1h_refresh/rep-05/prometheus-p95-result.txt,B_raw,si,si,experimentos/resultados/raw/fiabilidad_nominal_50u_1h_refresh/rep-05/SHA256SUMS
experimentos/resultados/raw/fiabilidad_nominal_50u_1h_refresh/rep-05/prometheus-p95.promql,A_codigo_documentacion,si,si,experimentos/resultados/raw/fiabilidad_nominal_50u_1h_refresh/rep-05/SHA256SUMS
experimentos/resultados/raw/fiabilidad_nominal_50u_1h_refresh/rep-05/prometheus-reservas-status-by-uri-result.json,B_raw,si,si,experimentos/resultados/raw/fiabilidad_nominal_50u_1h_refresh/rep-05/SHA256SUMS
experimentos/resultados/raw/fiabilidad_nominal_50u_1h_refresh/rep-05/prometheus-reservas-status-by-uri.promql,A_codigo_documentacion,si,si,experimentos/resultados/raw/fiabilidad_nominal_50u_1h_refresh/rep-05/SHA256SUMS
experimentos/resultados/raw/fiabilidad_nominal_50u_1h_refresh/rep-05/reservas-health-after.json,B_raw,si,si,experimentos/resultados/raw/fiabilidad_nominal_50u_1h_refresh/rep-05/SHA256SUMS
experimentos/resultados/raw/fiabilidad_nominal_50u_1h_refresh/rep-05/reservas-health-before.json,B_raw,si,si,experimentos/resultados/raw/fiabilidad_nominal_50u_1h_refresh/rep-05/SHA256SUMS
experimentos/resultados/raw/fiabilidad_nominal_50u_1h_refresh/rep-05/reservas-service.log,B_raw,si,si,experimentos/resultados/raw/fiabilidad_nominal_50u_1h_refresh/rep-05/SHA256SUMS
experimentos/resultados/raw/fiabilidad_nominal_50u_1h_refresh/rep-06-attempt-02/SHA256SUMS,D_manifest,no,no,
experimentos/resultados/raw/fiabilidad_nominal_50u_1h_refresh/rep-06-attempt-02/cockroach-containers-after.txt,E_metadata,si,si,experimentos/resultados/raw/fiabilidad_nominal_50u_1h_refresh/rep-06-attempt-02/SHA256SUMS
experimentos/resultados/raw/fiabilidad_nominal_50u_1h_refresh/rep-06-attempt-02/cockroach-containers-before.txt,E_metadata,si,si,experimentos/resultados/raw/fiabilidad_nominal_50u_1h_refresh/rep-06-attempt-02/SHA256SUMS
experimentos/resultados/raw/fiabilidad_nominal_50u_1h_refresh/rep-06-attempt-02/deployment-state-after.txt,E_metadata,si,si,experimentos/resultados/raw/fiabilidad_nominal_50u_1h_refresh/rep-06-attempt-02/SHA256SUMS
experimentos/resultados/raw/fiabilidad_nominal_50u_1h_refresh/rep-06-attempt-02/deployment-state-before.txt,E_metadata,si,si,experimentos/resultados/raw/fiabilidad_nominal_50u_1h_refresh/rep-06-attempt-02/SHA256SUMS
experimentos/resultados/raw/fiabilidad_nominal_50u_1h_refresh/rep-06-attempt-02/docker-stats-after.txt,B_raw,si,si,experimentos/resultados/raw/fiabilidad_nominal_50u_1h_refresh/rep-06-attempt-02/SHA256SUMS
experimentos/resultados/raw/fiabilidad_nominal_50u_1h_refresh/rep-06-attempt-02/docker-stats-before.txt,B_raw,si,si,experimentos/resultados/raw/fiabilidad_nominal_50u_1h_refresh/rep-06-attempt-02/SHA256SUMS
experimentos/resultados/raw/fiabilidad_nominal_50u_1h_refresh/rep-06-attempt-02/environment.txt,E_metadata,si,si,experimentos/resultados/raw/fiabilidad_nominal_50u_1h_refresh/rep-06-attempt-02/SHA256SUMS
experimentos/resultados/raw/fiabilidad_nominal_50u_1h_refresh/rep-06-attempt-02/gateway-health-after.json,B_raw,si,si,experimentos/resultados/raw/fiabilidad_nominal_50u_1h_refresh/rep-06-attempt-02/SHA256SUMS
experimentos/resultados/raw/fiabilidad_nominal_50u_1h_refresh/rep-06-attempt-02/gateway-health-before.json,B_raw,si,si,experimentos/resultados/raw/fiabilidad_nominal_50u_1h_refresh/rep-06-attempt-02/SHA256SUMS
experimentos/resultados/raw/fiabilidad_nominal_50u_1h_refresh/rep-06-attempt-02/gateway-service.log,B_raw,si,si,experimentos/resultados/raw/fiabilidad_nominal_50u_1h_refresh/rep-06-attempt-02/SHA256SUMS
experimentos/resultados/raw/fiabilidad_nominal_50u_1h_refresh/rep-06-attempt-02/locust-final-stats.json,C_derived,si,si,experimentos/resultados/raw/fiabilidad_nominal_50u_1h_refresh/rep-06-attempt-02/SHA256SUMS
experimentos/resultados/raw/fiabilidad_nominal_50u_1h_refresh/rep-06-attempt-02/locust-report.html,C_derived,si,si,experimentos/resultados/raw/fiabilidad_nominal_50u_1h_refresh/rep-06-attempt-02/SHA256SUMS
experimentos/resultados/raw/fiabilidad_nominal_50u_1h_refresh/rep-06-attempt-02/locust.log,B_raw,si,si,experimentos/resultados/raw/fiabilidad_nominal_50u_1h_refresh/rep-06-attempt-02/SHA256SUMS
experimentos/resultados/raw/fiabilidad_nominal_50u_1h_refresh/rep-06-attempt-02/locust_exceptions.csv,B_raw,si,si,experimentos/resultados/raw/fiabilidad_nominal_50u_1h_refresh/rep-06-attempt-02/SHA256SUMS
experimentos/resultados/raw/fiabilidad_nominal_50u_1h_refresh/rep-06-attempt-02/locust_failures.csv,B_raw,si,si,experimentos/resultados/raw/fiabilidad_nominal_50u_1h_refresh/rep-06-attempt-02/SHA256SUMS
experimentos/resultados/raw/fiabilidad_nominal_50u_1h_refresh/rep-06-attempt-02/locust_requests.csv,B_raw,si,si,experimentos/resultados/raw/fiabilidad_nominal_50u_1h_refresh/rep-06-attempt-02/SHA256SUMS
experimentos/resultados/raw/fiabilidad_nominal_50u_1h_refresh/rep-06-attempt-02/locust_stats.csv,B_raw,si,si,experimentos/resultados/raw/fiabilidad_nominal_50u_1h_refresh/rep-06-attempt-02/SHA256SUMS
experimentos/resultados/raw/fiabilidad_nominal_50u_1h_refresh/rep-06-attempt-02/locust_stats_history.csv,B_raw,si,si,experimentos/resultados/raw/fiabilidad_nominal_50u_1h_refresh/rep-06-attempt-02/SHA256SUMS
experimentos/resultados/raw/fiabilidad_nominal_50u_1h_refresh/rep-06-attempt-02/metadata.json,E_metadata,si,si,experimentos/resultados/raw/fiabilidad_nominal_50u_1h_refresh/rep-06-attempt-02/SHA256SUMS
experimentos/resultados/raw/fiabilidad_nominal_50u_1h_refresh/rep-06-attempt-02/phase-boundaries.json,E_metadata,si,si,experimentos/resultados/raw/fiabilidad_nominal_50u_1h_refresh/rep-06-attempt-02/SHA256SUMS
experimentos/resultados/raw/fiabilidad_nominal_50u_1h_refresh/rep-06-attempt-02/phase-summary.json,C_derived,si,si,experimentos/resultados/raw/fiabilidad_nominal_50u_1h_refresh/rep-06-attempt-02/SHA256SUMS
experimentos/resultados/raw/fiabilidad_nominal_50u_1h_refresh/rep-06-attempt-02/prometheus-5xx-count.promql,A_codigo_documentacion,si,si,experimentos/resultados/raw/fiabilidad_nominal_50u_1h_refresh/rep-06-attempt-02/SHA256SUMS
experimentos/resultados/raw/fiabilidad_nominal_50u_1h_refresh/rep-06-attempt-02/prometheus-5xx-percent-result.txt,B_raw,si,si,experimentos/resultados/raw/fiabilidad_nominal_50u_1h_refresh/rep-06-attempt-02/SHA256SUMS
experimentos/resultados/raw/fiabilidad_nominal_50u_1h_refresh/rep-06-attempt-02/prometheus-5xx-percent.promql,A_codigo_documentacion,si,si,experimentos/resultados/raw/fiabilidad_nominal_50u_1h_refresh/rep-06-attempt-02/SHA256SUMS
experimentos/resultados/raw/fiabilidad_nominal_50u_1h_refresh/rep-06-attempt-02/prometheus-5xx-result.txt,B_raw,si,si,experimentos/resultados/raw/fiabilidad_nominal_50u_1h_refresh/rep-06-attempt-02/SHA256SUMS
experimentos/resultados/raw/fiabilidad_nominal_50u_1h_refresh/rep-06-attempt-02/prometheus-gateway-status-by-uri-result.json,B_raw,si,si,experimentos/resultados/raw/fiabilidad_nominal_50u_1h_refresh/rep-06-attempt-02/SHA256SUMS
experimentos/resultados/raw/fiabilidad_nominal_50u_1h_refresh/rep-06-attempt-02/prometheus-gateway-status-by-uri.promql,A_codigo_documentacion,si,si,experimentos/resultados/raw/fiabilidad_nominal_50u_1h_refresh/rep-06-attempt-02/SHA256SUMS
experimentos/resultados/raw/fiabilidad_nominal_50u_1h_refresh/rep-06-attempt-02/prometheus-health-after.txt,B_raw,si,si,experimentos/resultados/raw/fiabilidad_nominal_50u_1h_refresh/rep-06-attempt-02/SHA256SUMS
experimentos/resultados/raw/fiabilidad_nominal_50u_1h_refresh/rep-06-attempt-02/prometheus-health-before.txt,B_raw,si,si,experimentos/resultados/raw/fiabilidad_nominal_50u_1h_refresh/rep-06-attempt-02/SHA256SUMS
experimentos/resultados/raw/fiabilidad_nominal_50u_1h_refresh/rep-06-attempt-02/prometheus-p95-result.txt,B_raw,si,si,experimentos/resultados/raw/fiabilidad_nominal_50u_1h_refresh/rep-06-attempt-02/SHA256SUMS
experimentos/resultados/raw/fiabilidad_nominal_50u_1h_refresh/rep-06-attempt-02/prometheus-p95.promql,A_codigo_documentacion,si,si,experimentos/resultados/raw/fiabilidad_nominal_50u_1h_refresh/rep-06-attempt-02/SHA256SUMS
experimentos/resultados/raw/fiabilidad_nominal_50u_1h_refresh/rep-06-attempt-02/prometheus-reservas-status-by-uri-result.json,B_raw,si,si,experimentos/resultados/raw/fiabilidad_nominal_50u_1h_refresh/rep-06-attempt-02/SHA256SUMS
experimentos/resultados/raw/fiabilidad_nominal_50u_1h_refresh/rep-06-attempt-02/prometheus-reservas-status-by-uri.promql,A_codigo_documentacion,si,si,experimentos/resultados/raw/fiabilidad_nominal_50u_1h_refresh/rep-06-attempt-02/SHA256SUMS
experimentos/resultados/raw/fiabilidad_nominal_50u_1h_refresh/rep-06-attempt-02/reservas-health-after.json,B_raw,si,si,experimentos/resultados/raw/fiabilidad_nominal_50u_1h_refresh/rep-06-attempt-02/SHA256SUMS
experimentos/resultados/raw/fiabilidad_nominal_50u_1h_refresh/rep-06-attempt-02/reservas-health-before.json,B_raw,si,si,experimentos/resultados/raw/fiabilidad_nominal_50u_1h_refresh/rep-06-attempt-02/SHA256SUMS
experimentos/resultados/raw/fiabilidad_nominal_50u_1h_refresh/rep-06-attempt-02/reservas-service.log,B_raw,si,si,experimentos/resultados/raw/fiabilidad_nominal_50u_1h_refresh/rep-06-attempt-02/SHA256SUMS
experimentos/resultados/raw/fiabilidad_nominal_50u_1h_refresh/rep-06/SHA256SUMS,D_manifest,no,no,
experimentos/resultados/raw/fiabilidad_nominal_50u_1h_refresh/rep-06/cockroach-containers-after.txt,E_metadata,si,si,experimentos/resultados/raw/fiabilidad_nominal_50u_1h_refresh/rep-06/SHA256SUMS
experimentos/resultados/raw/fiabilidad_nominal_50u_1h_refresh/rep-06/cockroach-containers-before.txt,E_metadata,si,si,experimentos/resultados/raw/fiabilidad_nominal_50u_1h_refresh/rep-06/SHA256SUMS
experimentos/resultados/raw/fiabilidad_nominal_50u_1h_refresh/rep-06/deployment-state-after.txt,E_metadata,si,si,experimentos/resultados/raw/fiabilidad_nominal_50u_1h_refresh/rep-06/SHA256SUMS
experimentos/resultados/raw/fiabilidad_nominal_50u_1h_refresh/rep-06/deployment-state-before.txt,E_metadata,si,si,experimentos/resultados/raw/fiabilidad_nominal_50u_1h_refresh/rep-06/SHA256SUMS
experimentos/resultados/raw/fiabilidad_nominal_50u_1h_refresh/rep-06/docker-stats-after.txt,B_raw,si,si,experimentos/resultados/raw/fiabilidad_nominal_50u_1h_refresh/rep-06/SHA256SUMS
experimentos/resultados/raw/fiabilidad_nominal_50u_1h_refresh/rep-06/docker-stats-before.txt,B_raw,si,si,experimentos/resultados/raw/fiabilidad_nominal_50u_1h_refresh/rep-06/SHA256SUMS
experimentos/resultados/raw/fiabilidad_nominal_50u_1h_refresh/rep-06/environment.txt,E_metadata,si,si,experimentos/resultados/raw/fiabilidad_nominal_50u_1h_refresh/rep-06/SHA256SUMS
experimentos/resultados/raw/fiabilidad_nominal_50u_1h_refresh/rep-06/gateway-health-after.json,B_raw,si,si,experimentos/resultados/raw/fiabilidad_nominal_50u_1h_refresh/rep-06/SHA256SUMS
experimentos/resultados/raw/fiabilidad_nominal_50u_1h_refresh/rep-06/gateway-health-before.json,B_raw,si,si,experimentos/resultados/raw/fiabilidad_nominal_50u_1h_refresh/rep-06/SHA256SUMS
experimentos/resultados/raw/fiabilidad_nominal_50u_1h_refresh/rep-06/gateway-service.log,B_raw,si,si,experimentos/resultados/raw/fiabilidad_nominal_50u_1h_refresh/rep-06/SHA256SUMS
experimentos/resultados/raw/fiabilidad_nominal_50u_1h_refresh/rep-06/locust-final-stats.json,C_derived,si,si,experimentos/resultados/raw/fiabilidad_nominal_50u_1h_refresh/rep-06/SHA256SUMS
experimentos/resultados/raw/fiabilidad_nominal_50u_1h_refresh/rep-06/locust-report.html,C_derived,si,si,experimentos/resultados/raw/fiabilidad_nominal_50u_1h_refresh/rep-06/SHA256SUMS
experimentos/resultados/raw/fiabilidad_nominal_50u_1h_refresh/rep-06/locust.log,B_raw,si,si,experimentos/resultados/raw/fiabilidad_nominal_50u_1h_refresh/rep-06/SHA256SUMS
experimentos/resultados/raw/fiabilidad_nominal_50u_1h_refresh/rep-06/locust_exceptions.csv,B_raw,si,si,experimentos/resultados/raw/fiabilidad_nominal_50u_1h_refresh/rep-06/SHA256SUMS
experimentos/resultados/raw/fiabilidad_nominal_50u_1h_refresh/rep-06/locust_failures.csv,B_raw,si,si,experimentos/resultados/raw/fiabilidad_nominal_50u_1h_refresh/rep-06/SHA256SUMS
experimentos/resultados/raw/fiabilidad_nominal_50u_1h_refresh/rep-06/locust_requests.csv,B_raw,si,si,experimentos/resultados/raw/fiabilidad_nominal_50u_1h_refresh/rep-06/SHA256SUMS
experimentos/resultados/raw/fiabilidad_nominal_50u_1h_refresh/rep-06/locust_stats.csv,B_raw,si,si,experimentos/resultados/raw/fiabilidad_nominal_50u_1h_refresh/rep-06/SHA256SUMS
experimentos/resultados/raw/fiabilidad_nominal_50u_1h_refresh/rep-06/locust_stats_history.csv,B_raw,si,si,experimentos/resultados/raw/fiabilidad_nominal_50u_1h_refresh/rep-06/SHA256SUMS
experimentos/resultados/raw/fiabilidad_nominal_50u_1h_refresh/rep-06/metadata.json,E_metadata,si,si,experimentos/resultados/raw/fiabilidad_nominal_50u_1h_refresh/rep-06/SHA256SUMS
experimentos/resultados/raw/fiabilidad_nominal_50u_1h_refresh/rep-06/phase-boundaries.json,E_metadata,si,si,experimentos/resultados/raw/fiabilidad_nominal_50u_1h_refresh/rep-06/SHA256SUMS
experimentos/resultados/raw/fiabilidad_nominal_50u_1h_refresh/rep-06/prometheus-5xx-count.promql,A_codigo_documentacion,si,si,experimentos/resultados/raw/fiabilidad_nominal_50u_1h_refresh/rep-06/SHA256SUMS
experimentos/resultados/raw/fiabilidad_nominal_50u_1h_refresh/rep-06/prometheus-5xx-percent-result.txt,B_raw,si,si,experimentos/resultados/raw/fiabilidad_nominal_50u_1h_refresh/rep-06/SHA256SUMS
experimentos/resultados/raw/fiabilidad_nominal_50u_1h_refresh/rep-06/prometheus-5xx-percent.promql,A_codigo_documentacion,si,si,experimentos/resultados/raw/fiabilidad_nominal_50u_1h_refresh/rep-06/SHA256SUMS
experimentos/resultados/raw/fiabilidad_nominal_50u_1h_refresh/rep-06/prometheus-5xx-result.txt,B_raw,si,si,experimentos/resultados/raw/fiabilidad_nominal_50u_1h_refresh/rep-06/SHA256SUMS
experimentos/resultados/raw/fiabilidad_nominal_50u_1h_refresh/rep-06/prometheus-gateway-status-by-uri-result.json,B_raw,si,si,experimentos/resultados/raw/fiabilidad_nominal_50u_1h_refresh/rep-06/SHA256SUMS
experimentos/resultados/raw/fiabilidad_nominal_50u_1h_refresh/rep-06/prometheus-gateway-status-by-uri.promql,A_codigo_documentacion,si,si,experimentos/resultados/raw/fiabilidad_nominal_50u_1h_refresh/rep-06/SHA256SUMS
experimentos/resultados/raw/fiabilidad_nominal_50u_1h_refresh/rep-06/prometheus-health-after.txt,B_raw,si,si,experimentos/resultados/raw/fiabilidad_nominal_50u_1h_refresh/rep-06/SHA256SUMS
experimentos/resultados/raw/fiabilidad_nominal_50u_1h_refresh/rep-06/prometheus-health-before.txt,B_raw,si,si,experimentos/resultados/raw/fiabilidad_nominal_50u_1h_refresh/rep-06/SHA256SUMS
experimentos/resultados/raw/fiabilidad_nominal_50u_1h_refresh/rep-06/prometheus-p95-result.txt,B_raw,si,si,experimentos/resultados/raw/fiabilidad_nominal_50u_1h_refresh/rep-06/SHA256SUMS
experimentos/resultados/raw/fiabilidad_nominal_50u_1h_refresh/rep-06/prometheus-p95.promql,A_codigo_documentacion,si,si,experimentos/resultados/raw/fiabilidad_nominal_50u_1h_refresh/rep-06/SHA256SUMS
experimentos/resultados/raw/fiabilidad_nominal_50u_1h_refresh/rep-06/prometheus-reservas-status-by-uri-result.json,B_raw,si,si,experimentos/resultados/raw/fiabilidad_nominal_50u_1h_refresh/rep-06/SHA256SUMS
experimentos/resultados/raw/fiabilidad_nominal_50u_1h_refresh/rep-06/prometheus-reservas-status-by-uri.promql,A_codigo_documentacion,si,si,experimentos/resultados/raw/fiabilidad_nominal_50u_1h_refresh/rep-06/SHA256SUMS
experimentos/resultados/raw/fiabilidad_nominal_50u_1h_refresh/rep-06/reservas-health-after.json,B_raw,si,si,experimentos/resultados/raw/fiabilidad_nominal_50u_1h_refresh/rep-06/SHA256SUMS
experimentos/resultados/raw/fiabilidad_nominal_50u_1h_refresh/rep-06/reservas-health-before.json,B_raw,si,si,experimentos/resultados/raw/fiabilidad_nominal_50u_1h_refresh/rep-06/SHA256SUMS
experimentos/resultados/raw/fiabilidad_nominal_50u_1h_refresh/rep-06/reservas-service.log,B_raw,si,si,experimentos/resultados/raw/fiabilidad_nominal_50u_1h_refresh/rep-06/SHA256SUMS
experimentos/resultados/raw/fiabilidad_nominal_50u_1h_refresh/rep-07/SHA256SUMS,D_manifest,no,no,
experimentos/resultados/raw/fiabilidad_nominal_50u_1h_refresh/rep-07/cockroach-containers-after.txt,E_metadata,si,si,experimentos/resultados/raw/fiabilidad_nominal_50u_1h_refresh/rep-07/SHA256SUMS
experimentos/resultados/raw/fiabilidad_nominal_50u_1h_refresh/rep-07/cockroach-containers-before.txt,E_metadata,si,si,experimentos/resultados/raw/fiabilidad_nominal_50u_1h_refresh/rep-07/SHA256SUMS
experimentos/resultados/raw/fiabilidad_nominal_50u_1h_refresh/rep-07/deployment-state-after.txt,E_metadata,si,si,experimentos/resultados/raw/fiabilidad_nominal_50u_1h_refresh/rep-07/SHA256SUMS
experimentos/resultados/raw/fiabilidad_nominal_50u_1h_refresh/rep-07/deployment-state-before.txt,E_metadata,si,si,experimentos/resultados/raw/fiabilidad_nominal_50u_1h_refresh/rep-07/SHA256SUMS
experimentos/resultados/raw/fiabilidad_nominal_50u_1h_refresh/rep-07/docker-stats-after.txt,B_raw,si,si,experimentos/resultados/raw/fiabilidad_nominal_50u_1h_refresh/rep-07/SHA256SUMS
experimentos/resultados/raw/fiabilidad_nominal_50u_1h_refresh/rep-07/docker-stats-before.txt,B_raw,si,si,experimentos/resultados/raw/fiabilidad_nominal_50u_1h_refresh/rep-07/SHA256SUMS
experimentos/resultados/raw/fiabilidad_nominal_50u_1h_refresh/rep-07/environment.txt,E_metadata,si,si,experimentos/resultados/raw/fiabilidad_nominal_50u_1h_refresh/rep-07/SHA256SUMS
experimentos/resultados/raw/fiabilidad_nominal_50u_1h_refresh/rep-07/gateway-health-after.json,B_raw,si,si,experimentos/resultados/raw/fiabilidad_nominal_50u_1h_refresh/rep-07/SHA256SUMS
experimentos/resultados/raw/fiabilidad_nominal_50u_1h_refresh/rep-07/gateway-health-before.json,B_raw,si,si,experimentos/resultados/raw/fiabilidad_nominal_50u_1h_refresh/rep-07/SHA256SUMS
experimentos/resultados/raw/fiabilidad_nominal_50u_1h_refresh/rep-07/gateway-service.log,B_raw,si,si,experimentos/resultados/raw/fiabilidad_nominal_50u_1h_refresh/rep-07/SHA256SUMS
experimentos/resultados/raw/fiabilidad_nominal_50u_1h_refresh/rep-07/locust-final-stats.json,C_derived,si,si,experimentos/resultados/raw/fiabilidad_nominal_50u_1h_refresh/rep-07/SHA256SUMS
experimentos/resultados/raw/fiabilidad_nominal_50u_1h_refresh/rep-07/locust-report.html,C_derived,si,si,experimentos/resultados/raw/fiabilidad_nominal_50u_1h_refresh/rep-07/SHA256SUMS
experimentos/resultados/raw/fiabilidad_nominal_50u_1h_refresh/rep-07/locust.log,B_raw,si,si,experimentos/resultados/raw/fiabilidad_nominal_50u_1h_refresh/rep-07/SHA256SUMS
experimentos/resultados/raw/fiabilidad_nominal_50u_1h_refresh/rep-07/locust_exceptions.csv,B_raw,si,si,experimentos/resultados/raw/fiabilidad_nominal_50u_1h_refresh/rep-07/SHA256SUMS
experimentos/resultados/raw/fiabilidad_nominal_50u_1h_refresh/rep-07/locust_failures.csv,B_raw,si,si,experimentos/resultados/raw/fiabilidad_nominal_50u_1h_refresh/rep-07/SHA256SUMS
experimentos/resultados/raw/fiabilidad_nominal_50u_1h_refresh/rep-07/locust_requests.csv,B_raw,si,si,experimentos/resultados/raw/fiabilidad_nominal_50u_1h_refresh/rep-07/SHA256SUMS
experimentos/resultados/raw/fiabilidad_nominal_50u_1h_refresh/rep-07/locust_stats.csv,B_raw,si,si,experimentos/resultados/raw/fiabilidad_nominal_50u_1h_refresh/rep-07/SHA256SUMS
experimentos/resultados/raw/fiabilidad_nominal_50u_1h_refresh/rep-07/locust_stats_history.csv,B_raw,si,si,experimentos/resultados/raw/fiabilidad_nominal_50u_1h_refresh/rep-07/SHA256SUMS
experimentos/resultados/raw/fiabilidad_nominal_50u_1h_refresh/rep-07/metadata.json,E_metadata,si,si,experimentos/resultados/raw/fiabilidad_nominal_50u_1h_refresh/rep-07/SHA256SUMS
experimentos/resultados/raw/fiabilidad_nominal_50u_1h_refresh/rep-07/phase-boundaries.json,E_metadata,si,si,experimentos/resultados/raw/fiabilidad_nominal_50u_1h_refresh/rep-07/SHA256SUMS
experimentos/resultados/raw/fiabilidad_nominal_50u_1h_refresh/rep-07/phase-summary.json,C_derived,si,si,experimentos/resultados/raw/fiabilidad_nominal_50u_1h_refresh/rep-07/SHA256SUMS
experimentos/resultados/raw/fiabilidad_nominal_50u_1h_refresh/rep-07/prometheus-5xx-count.promql,A_codigo_documentacion,si,si,experimentos/resultados/raw/fiabilidad_nominal_50u_1h_refresh/rep-07/SHA256SUMS
experimentos/resultados/raw/fiabilidad_nominal_50u_1h_refresh/rep-07/prometheus-5xx-percent-result.txt,B_raw,si,si,experimentos/resultados/raw/fiabilidad_nominal_50u_1h_refresh/rep-07/SHA256SUMS
experimentos/resultados/raw/fiabilidad_nominal_50u_1h_refresh/rep-07/prometheus-5xx-percent.promql,A_codigo_documentacion,si,si,experimentos/resultados/raw/fiabilidad_nominal_50u_1h_refresh/rep-07/SHA256SUMS
experimentos/resultados/raw/fiabilidad_nominal_50u_1h_refresh/rep-07/prometheus-5xx-result.txt,B_raw,si,si,experimentos/resultados/raw/fiabilidad_nominal_50u_1h_refresh/rep-07/SHA256SUMS
experimentos/resultados/raw/fiabilidad_nominal_50u_1h_refresh/rep-07/prometheus-gateway-status-by-uri-result.json,B_raw,si,si,experimentos/resultados/raw/fiabilidad_nominal_50u_1h_refresh/rep-07/SHA256SUMS
experimentos/resultados/raw/fiabilidad_nominal_50u_1h_refresh/rep-07/prometheus-gateway-status-by-uri.promql,A_codigo_documentacion,si,si,experimentos/resultados/raw/fiabilidad_nominal_50u_1h_refresh/rep-07/SHA256SUMS
experimentos/resultados/raw/fiabilidad_nominal_50u_1h_refresh/rep-07/prometheus-health-after.txt,B_raw,si,si,experimentos/resultados/raw/fiabilidad_nominal_50u_1h_refresh/rep-07/SHA256SUMS
experimentos/resultados/raw/fiabilidad_nominal_50u_1h_refresh/rep-07/prometheus-health-before.txt,B_raw,si,si,experimentos/resultados/raw/fiabilidad_nominal_50u_1h_refresh/rep-07/SHA256SUMS
experimentos/resultados/raw/fiabilidad_nominal_50u_1h_refresh/rep-07/prometheus-p95-result.txt,B_raw,si,si,experimentos/resultados/raw/fiabilidad_nominal_50u_1h_refresh/rep-07/SHA256SUMS
experimentos/resultados/raw/fiabilidad_nominal_50u_1h_refresh/rep-07/prometheus-p95.promql,A_codigo_documentacion,si,si,experimentos/resultados/raw/fiabilidad_nominal_50u_1h_refresh/rep-07/SHA256SUMS
experimentos/resultados/raw/fiabilidad_nominal_50u_1h_refresh/rep-07/prometheus-reservas-status-by-uri-result.json,B_raw,si,si,experimentos/resultados/raw/fiabilidad_nominal_50u_1h_refresh/rep-07/SHA256SUMS
experimentos/resultados/raw/fiabilidad_nominal_50u_1h_refresh/rep-07/prometheus-reservas-status-by-uri.promql,A_codigo_documentacion,si,si,experimentos/resultados/raw/fiabilidad_nominal_50u_1h_refresh/rep-07/SHA256SUMS
experimentos/resultados/raw/fiabilidad_nominal_50u_1h_refresh/rep-07/reservas-health-after.json,B_raw,si,si,experimentos/resultados/raw/fiabilidad_nominal_50u_1h_refresh/rep-07/SHA256SUMS
experimentos/resultados/raw/fiabilidad_nominal_50u_1h_refresh/rep-07/reservas-health-before.json,B_raw,si,si,experimentos/resultados/raw/fiabilidad_nominal_50u_1h_refresh/rep-07/SHA256SUMS
experimentos/resultados/raw/fiabilidad_nominal_50u_1h_refresh/rep-07/reservas-service.log,B_raw,si,si,experimentos/resultados/raw/fiabilidad_nominal_50u_1h_refresh/rep-07/SHA256SUMS
experimentos/resultados/raw/fiabilidad_nominal_50u_1h_refresh/rep-08/SHA256SUMS,D_manifest,no,no,
experimentos/resultados/raw/fiabilidad_nominal_50u_1h_refresh/rep-08/cockroach-containers-after.txt,E_metadata,si,si,experimentos/resultados/raw/fiabilidad_nominal_50u_1h_refresh/rep-08/SHA256SUMS
experimentos/resultados/raw/fiabilidad_nominal_50u_1h_refresh/rep-08/cockroach-containers-before.txt,E_metadata,si,si,experimentos/resultados/raw/fiabilidad_nominal_50u_1h_refresh/rep-08/SHA256SUMS
experimentos/resultados/raw/fiabilidad_nominal_50u_1h_refresh/rep-08/deployment-state-after.txt,E_metadata,si,si,experimentos/resultados/raw/fiabilidad_nominal_50u_1h_refresh/rep-08/SHA256SUMS
experimentos/resultados/raw/fiabilidad_nominal_50u_1h_refresh/rep-08/deployment-state-before.txt,E_metadata,si,si,experimentos/resultados/raw/fiabilidad_nominal_50u_1h_refresh/rep-08/SHA256SUMS
experimentos/resultados/raw/fiabilidad_nominal_50u_1h_refresh/rep-08/docker-stats-after.txt,B_raw,si,si,experimentos/resultados/raw/fiabilidad_nominal_50u_1h_refresh/rep-08/SHA256SUMS
experimentos/resultados/raw/fiabilidad_nominal_50u_1h_refresh/rep-08/docker-stats-before.txt,B_raw,si,si,experimentos/resultados/raw/fiabilidad_nominal_50u_1h_refresh/rep-08/SHA256SUMS
experimentos/resultados/raw/fiabilidad_nominal_50u_1h_refresh/rep-08/environment.txt,E_metadata,si,si,experimentos/resultados/raw/fiabilidad_nominal_50u_1h_refresh/rep-08/SHA256SUMS
experimentos/resultados/raw/fiabilidad_nominal_50u_1h_refresh/rep-08/gateway-health-after.json,B_raw,si,si,experimentos/resultados/raw/fiabilidad_nominal_50u_1h_refresh/rep-08/SHA256SUMS
experimentos/resultados/raw/fiabilidad_nominal_50u_1h_refresh/rep-08/gateway-health-before.json,B_raw,si,si,experimentos/resultados/raw/fiabilidad_nominal_50u_1h_refresh/rep-08/SHA256SUMS
experimentos/resultados/raw/fiabilidad_nominal_50u_1h_refresh/rep-08/gateway-service.log,B_raw,si,si,experimentos/resultados/raw/fiabilidad_nominal_50u_1h_refresh/rep-08/SHA256SUMS
experimentos/resultados/raw/fiabilidad_nominal_50u_1h_refresh/rep-08/locust-final-stats.json,C_derived,si,si,experimentos/resultados/raw/fiabilidad_nominal_50u_1h_refresh/rep-08/SHA256SUMS
experimentos/resultados/raw/fiabilidad_nominal_50u_1h_refresh/rep-08/locust-report.html,C_derived,si,si,experimentos/resultados/raw/fiabilidad_nominal_50u_1h_refresh/rep-08/SHA256SUMS
experimentos/resultados/raw/fiabilidad_nominal_50u_1h_refresh/rep-08/locust.log,B_raw,si,si,experimentos/resultados/raw/fiabilidad_nominal_50u_1h_refresh/rep-08/SHA256SUMS
experimentos/resultados/raw/fiabilidad_nominal_50u_1h_refresh/rep-08/locust_exceptions.csv,B_raw,si,si,experimentos/resultados/raw/fiabilidad_nominal_50u_1h_refresh/rep-08/SHA256SUMS
experimentos/resultados/raw/fiabilidad_nominal_50u_1h_refresh/rep-08/locust_failures.csv,B_raw,si,si,experimentos/resultados/raw/fiabilidad_nominal_50u_1h_refresh/rep-08/SHA256SUMS
experimentos/resultados/raw/fiabilidad_nominal_50u_1h_refresh/rep-08/locust_requests.csv,B_raw,si,si,experimentos/resultados/raw/fiabilidad_nominal_50u_1h_refresh/rep-08/SHA256SUMS
experimentos/resultados/raw/fiabilidad_nominal_50u_1h_refresh/rep-08/locust_stats.csv,B_raw,si,si,experimentos/resultados/raw/fiabilidad_nominal_50u_1h_refresh/rep-08/SHA256SUMS
experimentos/resultados/raw/fiabilidad_nominal_50u_1h_refresh/rep-08/locust_stats_history.csv,B_raw,si,si,experimentos/resultados/raw/fiabilidad_nominal_50u_1h_refresh/rep-08/SHA256SUMS
experimentos/resultados/raw/fiabilidad_nominal_50u_1h_refresh/rep-08/metadata.json,E_metadata,si,si,experimentos/resultados/raw/fiabilidad_nominal_50u_1h_refresh/rep-08/SHA256SUMS
experimentos/resultados/raw/fiabilidad_nominal_50u_1h_refresh/rep-08/phase-boundaries.json,E_metadata,si,si,experimentos/resultados/raw/fiabilidad_nominal_50u_1h_refresh/rep-08/SHA256SUMS
experimentos/resultados/raw/fiabilidad_nominal_50u_1h_refresh/rep-08/phase-summary.json,C_derived,si,si,experimentos/resultados/raw/fiabilidad_nominal_50u_1h_refresh/rep-08/SHA256SUMS
experimentos/resultados/raw/fiabilidad_nominal_50u_1h_refresh/rep-08/prometheus-5xx-count.promql,A_codigo_documentacion,si,si,experimentos/resultados/raw/fiabilidad_nominal_50u_1h_refresh/rep-08/SHA256SUMS
experimentos/resultados/raw/fiabilidad_nominal_50u_1h_refresh/rep-08/prometheus-5xx-percent-result.txt,B_raw,si,si,experimentos/resultados/raw/fiabilidad_nominal_50u_1h_refresh/rep-08/SHA256SUMS
experimentos/resultados/raw/fiabilidad_nominal_50u_1h_refresh/rep-08/prometheus-5xx-percent.promql,A_codigo_documentacion,si,si,experimentos/resultados/raw/fiabilidad_nominal_50u_1h_refresh/rep-08/SHA256SUMS
experimentos/resultados/raw/fiabilidad_nominal_50u_1h_refresh/rep-08/prometheus-5xx-result.txt,B_raw,si,si,experimentos/resultados/raw/fiabilidad_nominal_50u_1h_refresh/rep-08/SHA256SUMS
experimentos/resultados/raw/fiabilidad_nominal_50u_1h_refresh/rep-08/prometheus-gateway-status-by-uri-result.json,B_raw,si,si,experimentos/resultados/raw/fiabilidad_nominal_50u_1h_refresh/rep-08/SHA256SUMS
experimentos/resultados/raw/fiabilidad_nominal_50u_1h_refresh/rep-08/prometheus-gateway-status-by-uri.promql,A_codigo_documentacion,si,si,experimentos/resultados/raw/fiabilidad_nominal_50u_1h_refresh/rep-08/SHA256SUMS
experimentos/resultados/raw/fiabilidad_nominal_50u_1h_refresh/rep-08/prometheus-health-after.txt,B_raw,si,si,experimentos/resultados/raw/fiabilidad_nominal_50u_1h_refresh/rep-08/SHA256SUMS
experimentos/resultados/raw/fiabilidad_nominal_50u_1h_refresh/rep-08/prometheus-health-before.txt,B_raw,si,si,experimentos/resultados/raw/fiabilidad_nominal_50u_1h_refresh/rep-08/SHA256SUMS
experimentos/resultados/raw/fiabilidad_nominal_50u_1h_refresh/rep-08/prometheus-p95-result.txt,B_raw,si,si,experimentos/resultados/raw/fiabilidad_nominal_50u_1h_refresh/rep-08/SHA256SUMS
experimentos/resultados/raw/fiabilidad_nominal_50u_1h_refresh/rep-08/prometheus-p95.promql,A_codigo_documentacion,si,si,experimentos/resultados/raw/fiabilidad_nominal_50u_1h_refresh/rep-08/SHA256SUMS
experimentos/resultados/raw/fiabilidad_nominal_50u_1h_refresh/rep-08/prometheus-reservas-status-by-uri-result.json,B_raw,si,si,experimentos/resultados/raw/fiabilidad_nominal_50u_1h_refresh/rep-08/SHA256SUMS
experimentos/resultados/raw/fiabilidad_nominal_50u_1h_refresh/rep-08/prometheus-reservas-status-by-uri.promql,A_codigo_documentacion,si,si,experimentos/resultados/raw/fiabilidad_nominal_50u_1h_refresh/rep-08/SHA256SUMS
experimentos/resultados/raw/fiabilidad_nominal_50u_1h_refresh/rep-08/reservas-health-after.json,B_raw,si,si,experimentos/resultados/raw/fiabilidad_nominal_50u_1h_refresh/rep-08/SHA256SUMS
experimentos/resultados/raw/fiabilidad_nominal_50u_1h_refresh/rep-08/reservas-health-before.json,B_raw,si,si,experimentos/resultados/raw/fiabilidad_nominal_50u_1h_refresh/rep-08/SHA256SUMS
experimentos/resultados/raw/fiabilidad_nominal_50u_1h_refresh/rep-08/reservas-service.log,B_raw,si,si,experimentos/resultados/raw/fiabilidad_nominal_50u_1h_refresh/rep-08/SHA256SUMS
experimentos/resultados/raw/fiabilidad_nominal_50u_1h_refresh/rep-09/SHA256SUMS,D_manifest,no,no,
experimentos/resultados/raw/fiabilidad_nominal_50u_1h_refresh/rep-09/cockroach-containers-after.txt,E_metadata,si,si,experimentos/resultados/raw/fiabilidad_nominal_50u_1h_refresh/rep-09/SHA256SUMS
experimentos/resultados/raw/fiabilidad_nominal_50u_1h_refresh/rep-09/cockroach-containers-before.txt,E_metadata,si,si,experimentos/resultados/raw/fiabilidad_nominal_50u_1h_refresh/rep-09/SHA256SUMS
experimentos/resultados/raw/fiabilidad_nominal_50u_1h_refresh/rep-09/deployment-state-after.txt,E_metadata,si,si,experimentos/resultados/raw/fiabilidad_nominal_50u_1h_refresh/rep-09/SHA256SUMS
experimentos/resultados/raw/fiabilidad_nominal_50u_1h_refresh/rep-09/deployment-state-before.txt,E_metadata,si,si,experimentos/resultados/raw/fiabilidad_nominal_50u_1h_refresh/rep-09/SHA256SUMS
experimentos/resultados/raw/fiabilidad_nominal_50u_1h_refresh/rep-09/docker-stats-after.txt,B_raw,si,si,experimentos/resultados/raw/fiabilidad_nominal_50u_1h_refresh/rep-09/SHA256SUMS
experimentos/resultados/raw/fiabilidad_nominal_50u_1h_refresh/rep-09/docker-stats-before.txt,B_raw,si,si,experimentos/resultados/raw/fiabilidad_nominal_50u_1h_refresh/rep-09/SHA256SUMS
experimentos/resultados/raw/fiabilidad_nominal_50u_1h_refresh/rep-09/environment.txt,E_metadata,si,si,experimentos/resultados/raw/fiabilidad_nominal_50u_1h_refresh/rep-09/SHA256SUMS
experimentos/resultados/raw/fiabilidad_nominal_50u_1h_refresh/rep-09/gateway-health-after.json,B_raw,si,si,experimentos/resultados/raw/fiabilidad_nominal_50u_1h_refresh/rep-09/SHA256SUMS
experimentos/resultados/raw/fiabilidad_nominal_50u_1h_refresh/rep-09/gateway-health-before.json,B_raw,si,si,experimentos/resultados/raw/fiabilidad_nominal_50u_1h_refresh/rep-09/SHA256SUMS
experimentos/resultados/raw/fiabilidad_nominal_50u_1h_refresh/rep-09/gateway-service.log,B_raw,si,si,experimentos/resultados/raw/fiabilidad_nominal_50u_1h_refresh/rep-09/SHA256SUMS
experimentos/resultados/raw/fiabilidad_nominal_50u_1h_refresh/rep-09/locust-final-stats.json,C_derived,si,si,experimentos/resultados/raw/fiabilidad_nominal_50u_1h_refresh/rep-09/SHA256SUMS
experimentos/resultados/raw/fiabilidad_nominal_50u_1h_refresh/rep-09/locust-report.html,C_derived,si,si,experimentos/resultados/raw/fiabilidad_nominal_50u_1h_refresh/rep-09/SHA256SUMS
experimentos/resultados/raw/fiabilidad_nominal_50u_1h_refresh/rep-09/locust.log,B_raw,si,si,experimentos/resultados/raw/fiabilidad_nominal_50u_1h_refresh/rep-09/SHA256SUMS
experimentos/resultados/raw/fiabilidad_nominal_50u_1h_refresh/rep-09/locust_exceptions.csv,B_raw,si,si,experimentos/resultados/raw/fiabilidad_nominal_50u_1h_refresh/rep-09/SHA256SUMS
experimentos/resultados/raw/fiabilidad_nominal_50u_1h_refresh/rep-09/locust_failures.csv,B_raw,si,si,experimentos/resultados/raw/fiabilidad_nominal_50u_1h_refresh/rep-09/SHA256SUMS
experimentos/resultados/raw/fiabilidad_nominal_50u_1h_refresh/rep-09/locust_requests.csv,B_raw,si,si,experimentos/resultados/raw/fiabilidad_nominal_50u_1h_refresh/rep-09/SHA256SUMS
experimentos/resultados/raw/fiabilidad_nominal_50u_1h_refresh/rep-09/locust_stats.csv,B_raw,si,si,experimentos/resultados/raw/fiabilidad_nominal_50u_1h_refresh/rep-09/SHA256SUMS
experimentos/resultados/raw/fiabilidad_nominal_50u_1h_refresh/rep-09/locust_stats_history.csv,B_raw,si,si,experimentos/resultados/raw/fiabilidad_nominal_50u_1h_refresh/rep-09/SHA256SUMS
experimentos/resultados/raw/fiabilidad_nominal_50u_1h_refresh/rep-09/metadata.json,E_metadata,si,si,experimentos/resultados/raw/fiabilidad_nominal_50u_1h_refresh/rep-09/SHA256SUMS
experimentos/resultados/raw/fiabilidad_nominal_50u_1h_refresh/rep-09/phase-boundaries.json,E_metadata,si,si,experimentos/resultados/raw/fiabilidad_nominal_50u_1h_refresh/rep-09/SHA256SUMS
experimentos/resultados/raw/fiabilidad_nominal_50u_1h_refresh/rep-09/phase-summary.json,C_derived,si,si,experimentos/resultados/raw/fiabilidad_nominal_50u_1h_refresh/rep-09/SHA256SUMS
experimentos/resultados/raw/fiabilidad_nominal_50u_1h_refresh/rep-09/prometheus-5xx-count.promql,A_codigo_documentacion,si,si,experimentos/resultados/raw/fiabilidad_nominal_50u_1h_refresh/rep-09/SHA256SUMS
experimentos/resultados/raw/fiabilidad_nominal_50u_1h_refresh/rep-09/prometheus-5xx-percent-result.txt,B_raw,si,si,experimentos/resultados/raw/fiabilidad_nominal_50u_1h_refresh/rep-09/SHA256SUMS
experimentos/resultados/raw/fiabilidad_nominal_50u_1h_refresh/rep-09/prometheus-5xx-percent.promql,A_codigo_documentacion,si,si,experimentos/resultados/raw/fiabilidad_nominal_50u_1h_refresh/rep-09/SHA256SUMS
experimentos/resultados/raw/fiabilidad_nominal_50u_1h_refresh/rep-09/prometheus-5xx-result.txt,B_raw,si,si,experimentos/resultados/raw/fiabilidad_nominal_50u_1h_refresh/rep-09/SHA256SUMS
experimentos/resultados/raw/fiabilidad_nominal_50u_1h_refresh/rep-09/prometheus-gateway-status-by-uri-result.json,B_raw,si,si,experimentos/resultados/raw/fiabilidad_nominal_50u_1h_refresh/rep-09/SHA256SUMS
experimentos/resultados/raw/fiabilidad_nominal_50u_1h_refresh/rep-09/prometheus-gateway-status-by-uri.promql,A_codigo_documentacion,si,si,experimentos/resultados/raw/fiabilidad_nominal_50u_1h_refresh/rep-09/SHA256SUMS
experimentos/resultados/raw/fiabilidad_nominal_50u_1h_refresh/rep-09/prometheus-health-after.txt,B_raw,si,si,experimentos/resultados/raw/fiabilidad_nominal_50u_1h_refresh/rep-09/SHA256SUMS
experimentos/resultados/raw/fiabilidad_nominal_50u_1h_refresh/rep-09/prometheus-health-before.txt,B_raw,si,si,experimentos/resultados/raw/fiabilidad_nominal_50u_1h_refresh/rep-09/SHA256SUMS
experimentos/resultados/raw/fiabilidad_nominal_50u_1h_refresh/rep-09/prometheus-p95-result.txt,B_raw,si,si,experimentos/resultados/raw/fiabilidad_nominal_50u_1h_refresh/rep-09/SHA256SUMS
experimentos/resultados/raw/fiabilidad_nominal_50u_1h_refresh/rep-09/prometheus-p95.promql,A_codigo_documentacion,si,si,experimentos/resultados/raw/fiabilidad_nominal_50u_1h_refresh/rep-09/SHA256SUMS
experimentos/resultados/raw/fiabilidad_nominal_50u_1h_refresh/rep-09/prometheus-reservas-status-by-uri-result.json,B_raw,si,si,experimentos/resultados/raw/fiabilidad_nominal_50u_1h_refresh/rep-09/SHA256SUMS
experimentos/resultados/raw/fiabilidad_nominal_50u_1h_refresh/rep-09/prometheus-reservas-status-by-uri.promql,A_codigo_documentacion,si,si,experimentos/resultados/raw/fiabilidad_nominal_50u_1h_refresh/rep-09/SHA256SUMS
experimentos/resultados/raw/fiabilidad_nominal_50u_1h_refresh/rep-09/reservas-health-after.json,B_raw,si,si,experimentos/resultados/raw/fiabilidad_nominal_50u_1h_refresh/rep-09/SHA256SUMS
experimentos/resultados/raw/fiabilidad_nominal_50u_1h_refresh/rep-09/reservas-health-before.json,B_raw,si,si,experimentos/resultados/raw/fiabilidad_nominal_50u_1h_refresh/rep-09/SHA256SUMS
experimentos/resultados/raw/fiabilidad_nominal_50u_1h_refresh/rep-09/reservas-service.log,B_raw,si,si,experimentos/resultados/raw/fiabilidad_nominal_50u_1h_refresh/rep-09/SHA256SUMS
experimentos/resultados/raw/fiabilidad_nominal_50u_1h_refresh/rep-10/SHA256SUMS,D_manifest,no,no,
experimentos/resultados/raw/fiabilidad_nominal_50u_1h_refresh/rep-10/cockroach-containers-after.txt,E_metadata,si,si,experimentos/resultados/raw/fiabilidad_nominal_50u_1h_refresh/rep-10/SHA256SUMS
experimentos/resultados/raw/fiabilidad_nominal_50u_1h_refresh/rep-10/cockroach-containers-before.txt,E_metadata,si,si,experimentos/resultados/raw/fiabilidad_nominal_50u_1h_refresh/rep-10/SHA256SUMS
experimentos/resultados/raw/fiabilidad_nominal_50u_1h_refresh/rep-10/deployment-state-after.txt,E_metadata,si,si,experimentos/resultados/raw/fiabilidad_nominal_50u_1h_refresh/rep-10/SHA256SUMS
experimentos/resultados/raw/fiabilidad_nominal_50u_1h_refresh/rep-10/deployment-state-before.txt,E_metadata,si,si,experimentos/resultados/raw/fiabilidad_nominal_50u_1h_refresh/rep-10/SHA256SUMS
experimentos/resultados/raw/fiabilidad_nominal_50u_1h_refresh/rep-10/docker-stats-after.txt,B_raw,si,si,experimentos/resultados/raw/fiabilidad_nominal_50u_1h_refresh/rep-10/SHA256SUMS
experimentos/resultados/raw/fiabilidad_nominal_50u_1h_refresh/rep-10/docker-stats-before.txt,B_raw,si,si,experimentos/resultados/raw/fiabilidad_nominal_50u_1h_refresh/rep-10/SHA256SUMS
experimentos/resultados/raw/fiabilidad_nominal_50u_1h_refresh/rep-10/environment.txt,E_metadata,si,si,experimentos/resultados/raw/fiabilidad_nominal_50u_1h_refresh/rep-10/SHA256SUMS
experimentos/resultados/raw/fiabilidad_nominal_50u_1h_refresh/rep-10/gateway-health-after.json,B_raw,si,si,experimentos/resultados/raw/fiabilidad_nominal_50u_1h_refresh/rep-10/SHA256SUMS
experimentos/resultados/raw/fiabilidad_nominal_50u_1h_refresh/rep-10/gateway-health-before.json,B_raw,si,si,experimentos/resultados/raw/fiabilidad_nominal_50u_1h_refresh/rep-10/SHA256SUMS
experimentos/resultados/raw/fiabilidad_nominal_50u_1h_refresh/rep-10/gateway-service.log,B_raw,si,si,experimentos/resultados/raw/fiabilidad_nominal_50u_1h_refresh/rep-10/SHA256SUMS
experimentos/resultados/raw/fiabilidad_nominal_50u_1h_refresh/rep-10/locust-final-stats.json,C_derived,si,si,experimentos/resultados/raw/fiabilidad_nominal_50u_1h_refresh/rep-10/SHA256SUMS
experimentos/resultados/raw/fiabilidad_nominal_50u_1h_refresh/rep-10/locust-report.html,C_derived,si,si,experimentos/resultados/raw/fiabilidad_nominal_50u_1h_refresh/rep-10/SHA256SUMS
experimentos/resultados/raw/fiabilidad_nominal_50u_1h_refresh/rep-10/locust.log,B_raw,si,si,experimentos/resultados/raw/fiabilidad_nominal_50u_1h_refresh/rep-10/SHA256SUMS
experimentos/resultados/raw/fiabilidad_nominal_50u_1h_refresh/rep-10/locust_exceptions.csv,B_raw,si,si,experimentos/resultados/raw/fiabilidad_nominal_50u_1h_refresh/rep-10/SHA256SUMS
experimentos/resultados/raw/fiabilidad_nominal_50u_1h_refresh/rep-10/locust_failures.csv,B_raw,si,si,experimentos/resultados/raw/fiabilidad_nominal_50u_1h_refresh/rep-10/SHA256SUMS
experimentos/resultados/raw/fiabilidad_nominal_50u_1h_refresh/rep-10/locust_requests.csv,B_raw,si,si,experimentos/resultados/raw/fiabilidad_nominal_50u_1h_refresh/rep-10/SHA256SUMS
experimentos/resultados/raw/fiabilidad_nominal_50u_1h_refresh/rep-10/locust_stats.csv,B_raw,si,si,experimentos/resultados/raw/fiabilidad_nominal_50u_1h_refresh/rep-10/SHA256SUMS
experimentos/resultados/raw/fiabilidad_nominal_50u_1h_refresh/rep-10/locust_stats_history.csv,B_raw,si,si,experimentos/resultados/raw/fiabilidad_nominal_50u_1h_refresh/rep-10/SHA256SUMS
experimentos/resultados/raw/fiabilidad_nominal_50u_1h_refresh/rep-10/metadata.json,E_metadata,si,si,experimentos/resultados/raw/fiabilidad_nominal_50u_1h_refresh/rep-10/SHA256SUMS
experimentos/resultados/raw/fiabilidad_nominal_50u_1h_refresh/rep-10/phase-boundaries.json,E_metadata,si,si,experimentos/resultados/raw/fiabilidad_nominal_50u_1h_refresh/rep-10/SHA256SUMS
experimentos/resultados/raw/fiabilidad_nominal_50u_1h_refresh/rep-10/phase-summary.json,C_derived,si,si,experimentos/resultados/raw/fiabilidad_nominal_50u_1h_refresh/rep-10/SHA256SUMS
experimentos/resultados/raw/fiabilidad_nominal_50u_1h_refresh/rep-10/prometheus-5xx-count.promql,A_codigo_documentacion,si,si,experimentos/resultados/raw/fiabilidad_nominal_50u_1h_refresh/rep-10/SHA256SUMS
experimentos/resultados/raw/fiabilidad_nominal_50u_1h_refresh/rep-10/prometheus-5xx-percent-result.txt,B_raw,si,si,experimentos/resultados/raw/fiabilidad_nominal_50u_1h_refresh/rep-10/SHA256SUMS
experimentos/resultados/raw/fiabilidad_nominal_50u_1h_refresh/rep-10/prometheus-5xx-percent.promql,A_codigo_documentacion,si,si,experimentos/resultados/raw/fiabilidad_nominal_50u_1h_refresh/rep-10/SHA256SUMS
experimentos/resultados/raw/fiabilidad_nominal_50u_1h_refresh/rep-10/prometheus-5xx-result.txt,B_raw,si,si,experimentos/resultados/raw/fiabilidad_nominal_50u_1h_refresh/rep-10/SHA256SUMS
experimentos/resultados/raw/fiabilidad_nominal_50u_1h_refresh/rep-10/prometheus-gateway-status-by-uri-result.json,B_raw,si,si,experimentos/resultados/raw/fiabilidad_nominal_50u_1h_refresh/rep-10/SHA256SUMS
experimentos/resultados/raw/fiabilidad_nominal_50u_1h_refresh/rep-10/prometheus-gateway-status-by-uri.promql,A_codigo_documentacion,si,si,experimentos/resultados/raw/fiabilidad_nominal_50u_1h_refresh/rep-10/SHA256SUMS
experimentos/resultados/raw/fiabilidad_nominal_50u_1h_refresh/rep-10/prometheus-health-after.txt,B_raw,si,si,experimentos/resultados/raw/fiabilidad_nominal_50u_1h_refresh/rep-10/SHA256SUMS
experimentos/resultados/raw/fiabilidad_nominal_50u_1h_refresh/rep-10/prometheus-health-before.txt,B_raw,si,si,experimentos/resultados/raw/fiabilidad_nominal_50u_1h_refresh/rep-10/SHA256SUMS
experimentos/resultados/raw/fiabilidad_nominal_50u_1h_refresh/rep-10/prometheus-p95-result.txt,B_raw,si,si,experimentos/resultados/raw/fiabilidad_nominal_50u_1h_refresh/rep-10/SHA256SUMS
experimentos/resultados/raw/fiabilidad_nominal_50u_1h_refresh/rep-10/prometheus-p95.promql,A_codigo_documentacion,si,si,experimentos/resultados/raw/fiabilidad_nominal_50u_1h_refresh/rep-10/SHA256SUMS
experimentos/resultados/raw/fiabilidad_nominal_50u_1h_refresh/rep-10/prometheus-reservas-status-by-uri-result.json,B_raw,si,si,experimentos/resultados/raw/fiabilidad_nominal_50u_1h_refresh/rep-10/SHA256SUMS
experimentos/resultados/raw/fiabilidad_nominal_50u_1h_refresh/rep-10/prometheus-reservas-status-by-uri.promql,A_codigo_documentacion,si,si,experimentos/resultados/raw/fiabilidad_nominal_50u_1h_refresh/rep-10/SHA256SUMS
experimentos/resultados/raw/fiabilidad_nominal_50u_1h_refresh/rep-10/reservas-health-after.json,B_raw,si,si,experimentos/resultados/raw/fiabilidad_nominal_50u_1h_refresh/rep-10/SHA256SUMS
experimentos/resultados/raw/fiabilidad_nominal_50u_1h_refresh/rep-10/reservas-health-before.json,B_raw,si,si,experimentos/resultados/raw/fiabilidad_nominal_50u_1h_refresh/rep-10/SHA256SUMS
experimentos/resultados/raw/fiabilidad_nominal_50u_1h_refresh/rep-10/reservas-service.log,B_raw,si,si,experimentos/resultados/raw/fiabilidad_nominal_50u_1h_refresh/rep-10/SHA256SUMS
experimentos/resultados/raw/locust-50u-5m-2026-09-10.txt,B_raw,si,si,experimentos/resultados/SHA256SUMS
experimentos/resultados/raw/ramp_0_200_10m/run-20260830T041941Z/docker-stats-after.txt,B_raw,si,si,experimentos/resultados/SHA256SUMS
experimentos/resultados/raw/ramp_0_200_10m/run-20260830T041941Z/docker-stats-before.txt,B_raw,si,si,experimentos/resultados/SHA256SUMS
experimentos/resultados/raw/ramp_0_200_10m/run-20260830T041941Z/docker-stats-during.txt,B_raw,si,si,experimentos/resultados/SHA256SUMS
experimentos/resultados/raw/ramp_0_200_10m/run-20260830T041941Z/environment.txt,E_metadata,si,si,experimentos/resultados/SHA256SUMS
experimentos/resultados/raw/ramp_0_200_10m/run-20260830T041941Z/gateway-health-after.json,B_raw,si,si,experimentos/resultados/SHA256SUMS
experimentos/resultados/raw/ramp_0_200_10m/run-20260830T041941Z/locust.log,B_raw,si,si,experimentos/resultados/SHA256SUMS
experimentos/resultados/raw/ramp_0_200_10m/run-20260830T041941Z/locust_exceptions.csv,B_raw,si,si,experimentos/resultados/SHA256SUMS
experimentos/resultados/raw/ramp_0_200_10m/run-20260830T041941Z/locust_failures.csv,B_raw,si,si,experimentos/resultados/SHA256SUMS
experimentos/resultados/raw/ramp_0_200_10m/run-20260830T041941Z/locust_stats.csv,B_raw,si,si,experimentos/resultados/SHA256SUMS
experimentos/resultados/raw/ramp_0_200_10m/run-20260830T041941Z/metadata.json,E_metadata,si,si,experimentos/resultados/SHA256SUMS
experimentos/resultados/raw/ramp_0_200_10m/run-20260830T041941Z/prometheus-up-after.json,B_raw,si,si,experimentos/resultados/SHA256SUMS
experimentos/resultados/raw/ramp_0_200_10m/run-20260830T041941Z/reservas-health-after.json,B_raw,si,si,experimentos/resultados/SHA256SUMS
experimentos/run_comparison.py,A_codigo_documentacion,no,no,
experimentos/tests/test_analizar_iso25010.py,A_codigo_documentacion,no,no,
experimentos/tests/test_arbiter.py,A_codigo_documentacion,no,no,
experimentos/tests/test_auditar_http_arbiter.py,A_codigo_documentacion,no,no,
experimentos/tests/test_e3_instrumental.py,A_codigo_documentacion,no,no,
experimentos/tests/test_ejecutar_iso25010.py,A_codigo_documentacion,no,no,
experimentos/tests/test_generar_boxplots.py,A_codigo_documentacion,no,no,
experimentos/tests/test_local_benchmark.py,A_codigo_documentacion,no,no,
experimentos/tests/test_locust_auth_refresh.py,A_codigo_documentacion,no,no,
experimentos/tests/test_locust_e2_evidence.py,A_codigo_documentacion,no,no,
experimentos/tests/test_registrar_iso25010.py,A_codigo_documentacion,no,no,
experimentos/tests/test_speedup.py,A_codigo_documentacion,no,no,
experimentos/tests/test_verificar_manifiesto_evidencia17.py,A_codigo_documentacion,no,no,
experimentos/verificar_manifiesto_evidencia17.py,A_codigo_documentacion,no,no,
experimentos/verify_equivalence.py,A_codigo_documentacion,no,no,
release/apk/README.md,A_codigo_documentacion,no,no,
release/apk/SHA256SUMS.txt,D_manifest,no,no,
release/apk/scli-mobile-0.1.0-release.apk,C_derived,si,si,release/apk/SHA256SUMS.txt
release/screenshots/.gitkeep,A_codigo_documentacion,no,no,
release/screenshots/mobile-incidentes-release.png,B_raw,no,si,release/screenshots/SHA256SUMS.txt
release/screenshots/mobile-inicio-release.png,B_raw,no,si,release/screenshots/SHA256SUMS.txt
release/screenshots/mobile-qr-release.png,B_raw,no,si,release/screenshots/SHA256SUMS.txt
release/screenshots/mobile-reservas-release.png,B_raw,no,si,release/screenshots/SHA256SUMS.txt
release/screenshots/panel-monitoreo.png,B_raw,si,si,experimentos/resultados/SHA256SUMS
release/screenshots/web-dashboard-release.png,B_raw,no,si,release/screenshots/SHA256SUMS.txt
release/screenshots/web-incidentes-release.png,B_raw,no,si,release/screenshots/SHA256SUMS.txt
release/screenshots/web-laboratorios-release.png,B_raw,no,si,release/screenshots/SHA256SUMS.txt
release/screenshots/web-reservas-release.png,B_raw,no,si,release/screenshots/SHA256SUMS.txt
spark/README.md,A_codigo_documentacion,no,no,
spark/analisis.ipynb,A_codigo_documentacion,no,no,
spark/baseline.py,A_codigo_documentacion,no,no,
spark/pipeline.py,A_codigo_documentacion,no,no,
spark/requirements.txt,A_codigo_documentacion,no,no,
spark/snapshot.py,A_codigo_documentacion,no,no,
