[2026-09-20 18:18:01,497] pfc-pruebas-e1/INFO/locust.main: Run time limit set to 300 seconds
[2026-09-20 18:18:01,498] pfc-pruebas-e1/INFO/locust.main: Starting Locust 2.31.6
Type     Name                                                                          # reqs      # fails |    Avg     Min     Max    Med |   req/s  failures/s
--------|----------------------------------------------------------------------------|-------|-------------|-------|-------|-------|-------|--------|-----------
--------|----------------------------------------------------------------------------|-------|-------------|-------|-------|-------|-------|--------|-----------
         Aggregated                                                                         0     0(0.00%) |      0       0       0      0 |    0.00        0.00

[2026-09-20 18:18:01,499] pfc-pruebas-e1/INFO/locust.runners: Ramping to 50 users at a rate of 10.00 per second
Type     Name                                                                          # reqs      # fails |    Avg     Min     Max    Med |   req/s  failures/s
--------|----------------------------------------------------------------------------|-------|-------------|-------|-------|-------|-------|--------|-----------
GET      GET /api/v1/reservas                                                              17     0(0.00%) |      8       5      20      8 |    0.00        0.00
POST     POST /api/v1/auth/login                                                           17     0(0.00%) |    916     536    1128    940 |    0.00        0.00
--------|----------------------------------------------------------------------------|-------|-------------|-------|-------|-------|-------|--------|-----------
         Aggregated                                                                        34     0(0.00%) |    462       5    1128     21 |    0.00        0.00

Type     Name                                                                          # reqs      # fails |    Avg     Min     Max    Med |   req/s  failures/s
--------|----------------------------------------------------------------------------|-------|-------------|-------|-------|-------|-------|--------|-----------
GET      GET /api/v1/reservas                                                              42     0(0.00%) |      9       5      28      8 |    5.00        0.00
GET      GET /api/v1/reservas/{id}                                                          5     0(0.00%) |      9       5      12     10 |    0.00        0.00
POST     POST /api/v1/auth/login                                                           30     0(0.00%) |   1088     536    1746    990 |    5.00        0.00
--------|----------------------------------------------------------------------------|-------|-------------|-------|-------|-------|-------|--------|-----------
         Aggregated                                                                        77     0(0.00%) |    430       5    1746     11 |   10.00        0.00

[2026-09-20 18:18:05,503] pfc-pruebas-e1/INFO/locust.runners: All users spawned: {"ReservasUser": 50} (50 total users)
Type     Name                                                                          # reqs      # fails |    Avg     Min     Max    Med |   req/s  failures/s
--------|----------------------------------------------------------------------------|-------|-------------|-------|-------|-------|-------|--------|-----------
GET      GET /api/v1/reservas                                                              86     0(0.00%) |      9       4      35      8 |    8.25        0.00
GET      GET /api/v1/reservas/{id}                                                          6     0(0.00%) |      8       4      12      6 |    1.00        0.00
POST     POST /api/v1/auth/login                                                           50     0(0.00%) |   1221     536    1866   1100 |    6.25        0.00
--------|----------------------------------------------------------------------------|-------|-------------|-------|-------|-------|-------|--------|-----------
         Aggregated                                                                       142     0(0.00%) |    436       4    1866     10 |   15.50        0.00

Type     Name                                                                          # reqs      # fails |    Avg     Min     Max    Med |   req/s  failures/s
--------|----------------------------------------------------------------------------|-------|-------------|-------|-------|-------|-------|--------|-----------
GET      GET /api/v1/reservas                                                             123     0(0.00%) |      8       3      35      7 |   12.83        0.00
GET      GET /api/v1/reservas/{id}                                                         19     0(0.00%) |      5       3      12      4 |    0.83        0.00
POST     POST /api/v1/auth/login                                                           50     0(0.00%) |   1221     536    1866   1100 |    8.33        0.00
--------|----------------------------------------------------------------------------|-------|-------------|-------|-------|-------|-------|--------|-----------
         Aggregated                                                                       192     0(0.00%) |    324       3    1866      8 |   22.00        0.00

Type     Name                                                                          # reqs      # fails |    Avg     Min     Max    Med |   req/s  failures/s
--------|----------------------------------------------------------------------------|-------|-------------|-------|-------|-------|-------|--------|-----------
GET      GET /api/v1/reservas                                                             162     0(0.00%) |      7       3      35      6 |   14.38        0.00
GET      GET /api/v1/reservas/{id}                                                         36     0(0.00%) |      5       3      12      4 |    1.38        0.00
POST     POST /api/v1/auth/login                                                           50     0(0.00%) |   1221     536    1866   1100 |    6.25        0.00
--------|----------------------------------------------------------------------------|-------|-------------|-------|-------|-------|-------|--------|-----------
         Aggregated                                                                       248     0(0.00%) |    252       3    1866      7 |   22.00        0.00

Type     Name                                                                          # reqs      # fails |    Avg     Min     Max    Med |   req/s  failures/s
--------|----------------------------------------------------------------------------|-------|-------------|-------|-------|-------|-------|--------|-----------
GET      GET /api/v1/reservas                                                             197     0(0.00%) |      7       3      35      7 |   15.20        0.00
GET      GET /api/v1/reservas/{id}                                                         45     0(0.00%) |      4       3      12      4 |    3.20        0.00
POST     POST /api/v1/auth/login                                                           50     0(0.00%) |   1221     536    1866   1100 |    5.00        0.00
--------|----------------------------------------------------------------------------|-------|-------------|-------|-------|-------|-------|--------|-----------
         Aggregated                                                                       292     0(0.00%) |    215       3    1866      7 |   23.40        0.00

Type     Name                                                                          # reqs      # fails |    Avg     Min     Max    Med |   req/s  failures/s
--------|----------------------------------------------------------------------------|-------|-------------|-------|-------|-------|-------|--------|-----------
GET      GET /api/v1/reservas                                                             239     0(0.00%) |      7       3      35      6 |   18.00        0.00
GET      GET /api/v1/reservas/{id}                                                         57     0(0.00%) |      5       3      12      4 |    4.30        0.00
POST     POST /api/v1/auth/login                                                           50     0(0.00%) |   1221     536    1866   1100 |    4.00        0.00
--------|----------------------------------------------------------------------------|-------|-------------|-------|-------|-------|-------|--------|-----------
         Aggregated                                                                       346     0(0.00%) |    182       3    1866      6 |   26.30        0.00

Type     Name                                                                          # reqs      # fails |    Avg     Min     Max    Med |   req/s  failures/s
--------|----------------------------------------------------------------------------|-------|-------------|-------|-------|-------|-------|--------|-----------
GET      GET /api/v1/reservas                                                             273     0(0.00%) |      7       3      35      6 |   19.60        0.00
GET      GET /api/v1/reservas/{id}                                                         73     0(0.00%) |      4       3      12      4 |    5.10        0.00
POST     POST /api/v1/auth/login                                                           50     0(0.00%) |   1221     536    1866   1100 |    2.50        0.00
--------|----------------------------------------------------------------------------|-------|-------------|-------|-------|-------|-------|--------|-----------
         Aggregated                                                                       396     0(0.00%) |    160       3    1866      6 |   27.20        0.00

Type     Name                                                                          # reqs      # fails |    Avg     Min     Max    Med |   req/s  failures/s
--------|----------------------------------------------------------------------------|-------|-------------|-------|-------|-------|-------|--------|-----------
GET      GET /api/v1/reservas                                                             316     0(0.00%) |      7       3      35      6 |   18.90        0.00
GET      GET /api/v1/reservas/{id}                                                         83     0(0.00%) |      4       3      12      5 |    6.30        0.00
POST     POST /api/v1/auth/login                                                           50     0(0.00%) |   1221     536    1866   1100 |    0.00        0.00
--------|----------------------------------------------------------------------------|-------|-------------|-------|-------|-------|-------|--------|-----------
         Aggregated                                                                       449     0(0.00%) |    142       3    1866      6 |   25.20        0.00

Type     Name                                                                          # reqs      # fails |    Avg     Min     Max    Med |   req/s  failures/s
--------|----------------------------------------------------------------------------|-------|-------------|-------|-------|-------|-------|--------|-----------
GET      GET /api/v1/reservas                                                             354     0(0.00%) |      7       3      35      6 |   18.90        0.00
GET      GET /api/v1/reservas/{id}                                                         98     0(0.00%) |      4       3      12      4 |    6.90        0.00
POST     POST /api/v1/auth/login                                                           50     0(0.00%) |   1221     536    1866   1100 |    0.00        0.00
--------|----------------------------------------------------------------------------|-------|-------------|-------|-------|-------|-------|--------|-----------
         Aggregated                                                                       502     0(0.00%) |    127       3    1866      6 |   25.80        0.00

Type     Name                                                                          # reqs      # fails |    Avg     Min     Max    Med |   req/s  failures/s
--------|----------------------------------------------------------------------------|-------|-------------|-------|-------|-------|-------|--------|-----------
GET      GET /api/v1/reservas                                                             390     0(0.00%) |      7       3      35      6 |   19.10        0.00
GET      GET /api/v1/reservas/{id}                                                        108     0(0.00%) |      4       3      12      5 |    5.90        0.00
POST     POST /api/v1/auth/login                                                           50     0(0.00%) |   1221     536    1866   1100 |    0.00        0.00
--------|----------------------------------------------------------------------------|-------|-------------|-------|-------|-------|-------|--------|-----------
         Aggregated                                                                       548     0(0.00%) |    117       3    1866      6 |   25.00        0.00

Type     Name                                                                          # reqs      # fails |    Avg     Min     Max    Med |   req/s  failures/s
--------|----------------------------------------------------------------------------|-------|-------------|-------|-------|-------|-------|--------|-----------
GET      GET /api/v1/reservas                                                             426     0(0.00%) |      6       3      35      6 |   18.70        0.00
GET      GET /api/v1/reservas/{id}                                                        123     0(0.00%) |      4       3      12      5 |    6.10        0.00
POST     POST /api/v1/auth/login                                                           50     0(0.00%) |   1221     536    1866   1100 |    0.00        0.00
--------|----------------------------------------------------------------------------|-------|-------------|-------|-------|-------|-------|--------|-----------
         Aggregated                                                                       599     0(0.00%) |    107       3    1866      6 |   24.80        0.00

Type     Name                                                                          # reqs      # fails |    Avg     Min     Max    Med |   req/s  failures/s
--------|----------------------------------------------------------------------------|-------|-------------|-------|-------|-------|-------|--------|-----------
GET      GET /api/v1/reservas                                                             457     0(0.00%) |      6       3      35      6 |   18.90        0.00
GET      GET /api/v1/reservas/{id}                                                        140     0(0.00%) |      4       3      12      4 |    6.20        0.00
POST     POST /api/v1/auth/login                                                           50     0(0.00%) |   1221     536    1866   1100 |    0.00        0.00
--------|----------------------------------------------------------------------------|-------|-------------|-------|-------|-------|-------|--------|-----------
         Aggregated                                                                       647     0(0.00%) |    100       3    1866      6 |   25.10        0.00

Type     Name                                                                          # reqs      # fails |    Avg     Min     Max    Med |   req/s  failures/s
--------|----------------------------------------------------------------------------|-------|-------------|-------|-------|-------|-------|--------|-----------
GET      GET /api/v1/reservas                                                             496     0(0.00%) |      6       3      35      6 |   18.30        0.00
GET      GET /api/v1/reservas/{id}                                                        150     0(0.00%) |      4       3      12      4 |    6.90        0.00
POST     POST /api/v1/auth/login                                                           50     0(0.00%) |   1221     536    1866   1100 |    0.00        0.00
--------|----------------------------------------------------------------------------|-------|-------------|-------|-------|-------|-------|--------|-----------
         Aggregated                                                                       696     0(0.00%) |     93       3    1866      6 |   25.20        0.00

Type     Name                                                                          # reqs      # fails |    Avg     Min     Max    Med |   req/s  failures/s
--------|----------------------------------------------------------------------------|-------|-------------|-------|-------|-------|-------|--------|-----------
GET      GET /api/v1/reservas                                                             531     0(0.00%) |      6       3      35      6 |   18.60        0.00
GET      GET /api/v1/reservas/{id}                                                        162     0(0.00%) |      4       3      12      4 |    6.60        0.00
POST     POST /api/v1/auth/login                                                           50     0(0.00%) |   1221     536    1866   1100 |    0.00        0.00
--------|----------------------------------------------------------------------------|-------|-------------|-------|-------|-------|-------|--------|-----------
         Aggregated                                                                       743     0(0.00%) |     88       3    1866      6 |   25.20        0.00

Type     Name                                                                          # reqs      # fails |    Avg     Min     Max    Med |   req/s  failures/s
--------|----------------------------------------------------------------------------|-------|-------------|-------|-------|-------|-------|--------|-----------
GET      GET /api/v1/reservas                                                             570     0(0.00%) |      6       3      35      6 |   17.90        0.00
GET      GET /api/v1/reservas/{id}                                                        178     0(0.00%) |      4       3      12      4 |    6.90        0.00
POST     POST /api/v1/auth/login                                                           50     0(0.00%) |   1221     536    1866   1100 |    0.00        0.00
--------|----------------------------------------------------------------------------|-------|-------------|-------|-------|-------|-------|--------|-----------
         Aggregated                                                                       798     0(0.00%) |     82       3    1866      6 |   24.80        0.00

Type     Name                                                                          # reqs      # fails |    Avg     Min     Max    Med |   req/s  failures/s
--------|----------------------------------------------------------------------------|-------|-------------|-------|-------|-------|-------|--------|-----------
GET      GET /api/v1/reservas                                                             601     0(0.00%) |      6       3      35      6 |   18.20        0.00
GET      GET /api/v1/reservas/{id}                                                        192     0(0.00%) |      4       3      15      4 |    7.00        0.00
POST     POST /api/v1/auth/login                                                           50     0(0.00%) |   1221     536    1866   1100 |    0.00        0.00
--------|----------------------------------------------------------------------------|-------|-------------|-------|-------|-------|-------|--------|-----------
         Aggregated                                                                       843     0(0.00%) |     78       3    1866      6 |   25.20        0.00

Type     Name                                                                          # reqs      # fails |    Avg     Min     Max    Med |   req/s  failures/s
--------|----------------------------------------------------------------------------|-------|-------------|-------|-------|-------|-------|--------|-----------
GET      GET /api/v1/reservas                                                             640     0(0.00%) |      6       3      35      6 |   17.60        0.00
GET      GET /api/v1/reservas/{id}                                                        208     0(0.00%) |      4       2      15      4 |    7.20        0.00
POST     POST /api/v1/auth/login                                                           50     0(0.00%) |   1221     536    1866   1100 |    0.00        0.00
--------|----------------------------------------------------------------------------|-------|-------------|-------|-------|-------|-------|--------|-----------
         Aggregated                                                                       898     0(0.00%) |     73       2    1866      6 |   24.80        0.00

Type     Name                                                                          # reqs      # fails |    Avg     Min     Max    Med |   req/s  failures/s
--------|----------------------------------------------------------------------------|-------|-------------|-------|-------|-------|-------|--------|-----------
GET      GET /api/v1/reservas                                                             674     0(0.00%) |      6       3      35      6 |   18.20        0.00
GET      GET /api/v1/reservas/{id}                                                        224     0(0.00%) |      4       2      15      4 |    6.90        0.00
POST     POST /api/v1/auth/login                                                           50     0(0.00%) |   1221     536    1866   1100 |    0.00        0.00
--------|----------------------------------------------------------------------------|-------|-------------|-------|-------|-------|-------|--------|-----------
         Aggregated                                                                       948     0(0.00%) |     70       2    1866      6 |   25.10        0.00

Type     Name                                                                          # reqs      # fails |    Avg     Min     Max    Med |   req/s  failures/s
--------|----------------------------------------------------------------------------|-------|-------------|-------|-------|-------|-------|--------|-----------
GET      GET /api/v1/reservas                                                             709     0(0.00%) |      6       3      35      6 |   17.70        0.00
GET      GET /api/v1/reservas/{id}                                                        239     0(0.00%) |      4       2      15      4 |    7.30        0.00
POST     POST /api/v1/auth/login                                                           50     0(0.00%) |   1221     536    1866   1100 |    0.00        0.00
--------|----------------------------------------------------------------------------|-------|-------------|-------|-------|-------|-------|--------|-----------
         Aggregated                                                                       998     0(0.00%) |     66       2    1866      6 |   25.00        0.00

Type     Name                                                                          # reqs      # fails |    Avg     Min     Max    Med |   req/s  failures/s
--------|----------------------------------------------------------------------------|-------|-------------|-------|-------|-------|-------|--------|-----------
GET      GET /api/v1/reservas                                                             736     0(0.00%) |      6       3      35      6 |   17.30        0.00
GET      GET /api/v1/reservas/{id}                                                        255     0(0.00%) |      4       2      15      4 |    7.60        0.00
POST     POST /api/v1/auth/login                                                           50     0(0.00%) |   1221     536    1866   1100 |    0.00        0.00
--------|----------------------------------------------------------------------------|-------|-------------|-------|-------|-------|-------|--------|-----------
         Aggregated                                                                      1041     0(0.00%) |     64       2    1866      6 |   24.90        0.00

Type     Name                                                                          # reqs      # fails |    Avg     Min     Max    Med |   req/s  failures/s
--------|----------------------------------------------------------------------------|-------|-------------|-------|-------|-------|-------|--------|-----------
GET      GET /api/v1/reservas                                                             781     0(0.00%) |      6       3      35      6 |   17.00        0.00
GET      GET /api/v1/reservas/{id}                                                        267     0(0.00%) |      4       2      15      4 |    7.70        0.00
POST     POST /api/v1/auth/login                                                           50     0(0.00%) |   1221     536    1866   1100 |    0.00        0.00
--------|----------------------------------------------------------------------------|-------|-------------|-------|-------|-------|-------|--------|-----------
         Aggregated                                                                      1098     0(0.00%) |     61       2    1866      6 |   24.70        0.00

Type     Name                                                                          # reqs      # fails |    Avg     Min     Max    Med |   req/s  failures/s
--------|----------------------------------------------------------------------------|-------|-------------|-------|-------|-------|-------|--------|-----------
GET      GET /api/v1/reservas                                                             826     0(0.00%) |      6       3      35      6 |   17.10        0.00
GET      GET /api/v1/reservas/{id}                                                        275     0(0.00%) |      4       2      15      4 |    7.60        0.00
POST     POST /api/v1/auth/login                                                           50     0(0.00%) |   1221     536    1866   1100 |    0.00        0.00
--------|----------------------------------------------------------------------------|-------|-------------|-------|-------|-------|-------|--------|-----------
         Aggregated                                                                      1151     0(0.00%) |     58       2    1866      6 |   24.70        0.00

Type     Name                                                                          # reqs      # fails |    Avg     Min     Max    Med |   req/s  failures/s
--------|----------------------------------------------------------------------------|-------|-------------|-------|-------|-------|-------|--------|-----------
GET      GET /api/v1/reservas                                                             856     0(0.00%) |      6       3      35      6 |   18.20        0.00
GET      GET /api/v1/reservas/{id}                                                        292     0(0.00%) |      4       2      15      4 |    6.60        0.00
POST     POST /api/v1/auth/login                                                           50     0(0.00%) |   1221     536    1866   1100 |    0.00        0.00
--------|----------------------------------------------------------------------------|-------|-------------|-------|-------|-------|-------|--------|-----------
         Aggregated                                                                      1198     0(0.00%) |     56       2    1866      5 |   24.80        0.00

Type     Name                                                                          # reqs      # fails |    Avg     Min     Max    Med |   req/s  failures/s
--------|----------------------------------------------------------------------------|-------|-------------|-------|-------|-------|-------|--------|-----------
GET      GET /api/v1/reservas                                                             894     0(0.00%) |      6       3      35      6 |   18.30        0.00
GET      GET /api/v1/reservas/{id}                                                        309     0(0.00%) |      4       2      15      4 |    6.90        0.00
POST     POST /api/v1/auth/login                                                           50     0(0.00%) |   1221     536    1866   1100 |    0.00        0.00
--------|----------------------------------------------------------------------------|-------|-------------|-------|-------|-------|-------|--------|-----------
         Aggregated                                                                      1253     0(0.00%) |     54       2    1866      5 |   25.20        0.00

Type     Name                                                                          # reqs      # fails |    Avg     Min     Max    Med |   req/s  failures/s
--------|----------------------------------------------------------------------------|-------|-------------|-------|-------|-------|-------|--------|-----------
GET      GET /api/v1/reservas                                                             935     0(0.00%) |      6       3      35      6 |   18.60        0.00
GET      GET /api/v1/reservas/{id}                                                        319     0(0.00%) |      4       2      15      4 |    6.90        0.00
POST     POST /api/v1/auth/login                                                           50     0(0.00%) |   1221     536    1866   1100 |    0.00        0.00
--------|----------------------------------------------------------------------------|-------|-------------|-------|-------|-------|-------|--------|-----------
         Aggregated                                                                      1304     0(0.00%) |     52       2    1866      6 |   25.50        0.00

Type     Name                                                                          # reqs      # fails |    Avg     Min     Max    Med |   req/s  failures/s
--------|----------------------------------------------------------------------------|-------|-------------|-------|-------|-------|-------|--------|-----------
GET      GET /api/v1/reservas                                                             975     0(0.00%) |      6       3      35      6 |   19.60        0.00
GET      GET /api/v1/reservas/{id}                                                        329     0(0.00%) |      4       2      15      4 |    6.40        0.00
POST     POST /api/v1/auth/login                                                           50     0(0.00%) |   1221     536    1866   1100 |    0.00        0.00
--------|----------------------------------------------------------------------------|-------|-------------|-------|-------|-------|-------|--------|-----------
         Aggregated                                                                      1354     0(0.00%) |     50       2    1866      5 |   26.00        0.00

Type     Name                                                                          # reqs      # fails |    Avg     Min     Max    Med |   req/s  failures/s
--------|----------------------------------------------------------------------------|-------|-------------|-------|-------|-------|-------|--------|-----------
GET      GET /api/v1/reservas                                                            1008     0(0.00%) |      6       3      35      6 |   20.00        0.00
GET      GET /api/v1/reservas/{id}                                                        346     0(0.00%) |      4       2      15      4 |    6.20        0.00
POST     POST /api/v1/auth/login                                                           50     0(0.00%) |   1221     536    1866   1100 |    0.00        0.00
--------|----------------------------------------------------------------------------|-------|-------------|-------|-------|-------|-------|--------|-----------
         Aggregated                                                                      1404     0(0.00%) |     49       2    1866      6 |   26.20        0.00

Type     Name                                                                          # reqs      # fails |    Avg     Min     Max    Med |   req/s  failures/s
--------|----------------------------------------------------------------------------|-------|-------------|-------|-------|-------|-------|--------|-----------
GET      GET /api/v1/reservas                                                            1042     0(0.00%) |      6       3      35      6 |   18.70        0.00
GET      GET /api/v1/reservas/{id}                                                        365     0(0.00%) |      4       2      15      4 |    7.00        0.00
POST     POST /api/v1/auth/login                                                           50     0(0.00%) |   1221     536    1866   1100 |    0.00        0.00
--------|----------------------------------------------------------------------------|-------|-------------|-------|-------|-------|-------|--------|-----------
         Aggregated                                                                      1457     0(0.00%) |     47       2    1866      6 |   25.70        0.00

Type     Name                                                                          # reqs      # fails |    Avg     Min     Max    Med |   req/s  failures/s
--------|----------------------------------------------------------------------------|-------|-------------|-------|-------|-------|-------|--------|-----------
GET      GET /api/v1/reservas                                                            1077     0(0.00%) |      6       3      35      6 |   18.40        0.00
GET      GET /api/v1/reservas/{id}                                                        372     0(0.00%) |      4       2      15      4 |    7.00        0.00
POST     POST /api/v1/auth/login                                                           50     0(0.00%) |   1221     536    1866   1100 |    0.00        0.00
--------|----------------------------------------------------------------------------|-------|-------------|-------|-------|-------|-------|--------|-----------
         Aggregated                                                                      1499     0(0.00%) |     46       2    1866      6 |   25.40        0.00

Type     Name                                                                          # reqs      # fails |    Avg     Min     Max    Med |   req/s  failures/s
--------|----------------------------------------------------------------------------|-------|-------------|-------|-------|-------|-------|--------|-----------
GET      GET /api/v1/reservas                                                            1117     0(0.00%) |      6       3      35      6 |   18.90        0.00
GET      GET /api/v1/reservas/{id}                                                        388     0(0.00%) |      4       2      15      5 |    6.70        0.00
POST     POST /api/v1/auth/login                                                           50     0(0.00%) |   1221     536    1866   1100 |    0.00        0.00
--------|----------------------------------------------------------------------------|-------|-------------|-------|-------|-------|-------|--------|-----------
         Aggregated                                                                      1555     0(0.00%) |     45       2    1866      6 |   25.60        0.00

Type     Name                                                                          # reqs      # fails |    Avg     Min     Max    Med |   req/s  failures/s
--------|----------------------------------------------------------------------------|-------|-------------|-------|-------|-------|-------|--------|-----------
GET      GET /api/v1/reservas                                                            1151     0(0.00%) |      6       3      35      6 |   18.00        0.00
GET      GET /api/v1/reservas/{id}                                                        399     0(0.00%) |      4       2      15      5 |    6.80        0.00
POST     POST /api/v1/auth/login                                                           50     0(0.00%) |   1221     536    1866   1100 |    0.00        0.00
--------|----------------------------------------------------------------------------|-------|-------------|-------|-------|-------|-------|--------|-----------
         Aggregated                                                                      1600     0(0.00%) |     44       2    1866      6 |   24.80        0.00

Type     Name                                                                          # reqs      # fails |    Avg     Min     Max    Med |   req/s  failures/s
--------|----------------------------------------------------------------------------|-------|-------------|-------|-------|-------|-------|--------|-----------
GET      GET /api/v1/reservas                                                            1188     0(0.00%) |      6       3      35      6 |   17.90        0.00
GET      GET /api/v1/reservas/{id}                                                        414     0(0.00%) |      4       2      15      5 |    6.90        0.00
POST     POST /api/v1/auth/login                                                           50     0(0.00%) |   1221     536    1866   1100 |    0.00        0.00
--------|----------------------------------------------------------------------------|-------|-------------|-------|-------|-------|-------|--------|-----------
         Aggregated                                                                      1652     0(0.00%) |     42       2    1866      6 |   24.80        0.00

Type     Name                                                                          # reqs      # fails |    Avg     Min     Max    Med |   req/s  failures/s
--------|----------------------------------------------------------------------------|-------|-------------|-------|-------|-------|-------|--------|-----------
GET      GET /api/v1/reservas                                                            1225     0(0.00%) |      6       3      35      6 |   17.80        0.00
GET      GET /api/v1/reservas/{id}                                                        425     0(0.00%) |      4       2      15      5 |    6.80        0.00
POST     POST /api/v1/auth/login                                                           50     0(0.00%) |   1221     536    1866   1100 |    0.00        0.00
--------|----------------------------------------------------------------------------|-------|-------------|-------|-------|-------|-------|--------|-----------
         Aggregated                                                                      1700     0(0.00%) |     41       2    1866      6 |   24.60        0.00

Type     Name                                                                          # reqs      # fails |    Avg     Min     Max    Med |   req/s  failures/s
--------|----------------------------------------------------------------------------|-------|-------------|-------|-------|-------|-------|--------|-----------
GET      GET /api/v1/reservas                                                            1261     0(0.00%) |      6       3      35      6 |   18.30        0.00
GET      GET /api/v1/reservas/{id}                                                        440     0(0.00%) |      4       2      15      4 |    6.40        0.00
POST     POST /api/v1/auth/login                                                           50     0(0.00%) |   1221     536    1866   1100 |    0.00        0.00
--------|----------------------------------------------------------------------------|-------|-------------|-------|-------|-------|-------|--------|-----------
         Aggregated                                                                      1751     0(0.00%) |     40       2    1866      6 |   24.70        0.00

Type     Name                                                                          # reqs      # fails |    Avg     Min     Max    Med |   req/s  failures/s
--------|----------------------------------------------------------------------------|-------|-------------|-------|-------|-------|-------|--------|-----------
GET      GET /api/v1/reservas                                                            1294     0(0.00%) |      6       3      35      6 |   18.40        0.00
GET      GET /api/v1/reservas/{id}                                                        452     0(0.00%) |      4       2      15      4 |    6.40        0.00
POST     POST /api/v1/auth/login                                                           50     0(0.00%) |   1221     536    1866   1100 |    0.00        0.00
--------|----------------------------------------------------------------------------|-------|-------------|-------|-------|-------|-------|--------|-----------
         Aggregated                                                                      1796     0(0.00%) |     39       2    1866      6 |   24.80        0.00

Type     Name                                                                          # reqs      # fails |    Avg     Min     Max    Med |   req/s  failures/s
--------|----------------------------------------------------------------------------|-------|-------------|-------|-------|-------|-------|--------|-----------
GET      GET /api/v1/reservas                                                            1330     0(0.00%) |      6       3      35      6 |   18.20        0.00
GET      GET /api/v1/reservas/{id}                                                        464     0(0.00%) |      4       2      15      4 |    6.80        0.00
POST     POST /api/v1/auth/login                                                           50     0(0.00%) |   1221     536    1866   1100 |    0.00        0.00
--------|----------------------------------------------------------------------------|-------|-------------|-------|-------|-------|-------|--------|-----------
         Aggregated                                                                      1844     0(0.00%) |     38       2    1866      6 |   25.00        0.00

Type     Name                                                                          # reqs      # fails |    Avg     Min     Max    Med |   req/s  failures/s
--------|----------------------------------------------------------------------------|-------|-------------|-------|-------|-------|-------|--------|-----------
GET      GET /api/v1/reservas                                                            1366     0(0.00%) |      6       3      35      6 |   17.60        0.00
GET      GET /api/v1/reservas/{id}                                                        479     0(0.00%) |      4       2      15      4 |    6.50        0.00
POST     POST /api/v1/auth/login                                                           50     0(0.00%) |   1221     536    1866   1100 |    0.00        0.00
--------|----------------------------------------------------------------------------|-------|-------------|-------|-------|-------|-------|--------|-----------
         Aggregated                                                                      1895     0(0.00%) |     38       2    1866      6 |   24.10        0.00

Type     Name                                                                          # reqs      # fails |    Avg     Min     Max    Med |   req/s  failures/s
--------|----------------------------------------------------------------------------|-------|-------------|-------|-------|-------|-------|--------|-----------
GET      GET /api/v1/reservas                                                            1408     0(0.00%) |      6       3      35      6 |   17.80        0.00
GET      GET /api/v1/reservas/{id}                                                        488     0(0.00%) |      4       2      15      4 |    6.70        0.00
POST     POST /api/v1/auth/login                                                           50     0(0.00%) |   1221     536    1866   1100 |    0.00        0.00
--------|----------------------------------------------------------------------------|-------|-------------|-------|-------|-------|-------|--------|-----------
         Aggregated                                                                      1946     0(0.00%) |     37       2    1866      6 |   24.50        0.00

Type     Name                                                                          # reqs      # fails |    Avg     Min     Max    Med |   req/s  failures/s
--------|----------------------------------------------------------------------------|-------|-------------|-------|-------|-------|-------|--------|-----------
GET      GET /api/v1/reservas                                                            1438     0(0.00%) |      6       3      35      6 |   17.70        0.00
GET      GET /api/v1/reservas/{id}                                                        501     0(0.00%) |      4       2      15      4 |    6.40        0.00
POST     POST /api/v1/auth/login                                                           50     0(0.00%) |   1221     536    1866   1100 |    0.00        0.00
--------|----------------------------------------------------------------------------|-------|-------------|-------|-------|-------|-------|--------|-----------
         Aggregated                                                                      1989     0(0.00%) |     36       2    1866      6 |   24.10        0.00

Type     Name                                                                          # reqs      # fails |    Avg     Min     Max    Med |   req/s  failures/s
--------|----------------------------------------------------------------------------|-------|-------------|-------|-------|-------|-------|--------|-----------
GET      GET /api/v1/reservas                                                            1483     0(0.00%) |      6       3      35      6 |   17.60        0.00
GET      GET /api/v1/reservas/{id}                                                        510     0(0.00%) |      4       2      15      4 |    6.10        0.00
POST     POST /api/v1/auth/login                                                           50     0(0.00%) |   1221     536    1866   1100 |    0.00        0.00
--------|----------------------------------------------------------------------------|-------|-------------|-------|-------|-------|-------|--------|-----------
         Aggregated                                                                      2043     0(0.00%) |     35       2    1866      6 |   23.70        0.00

Type     Name                                                                          # reqs      # fails |    Avg     Min     Max    Med |   req/s  failures/s
--------|----------------------------------------------------------------------------|-------|-------------|-------|-------|-------|-------|--------|-----------
GET      GET /api/v1/reservas                                                            1519     0(0.00%) |      6       3      35      6 |   17.80        0.00
GET      GET /api/v1/reservas/{id}                                                        522     0(0.00%) |      4       2      15      4 |    5.90        0.00
POST     POST /api/v1/auth/login                                                           50     0(0.00%) |   1221     536    1866   1100 |    0.00        0.00
--------|----------------------------------------------------------------------------|-------|-------------|-------|-------|-------|-------|--------|-----------
         Aggregated                                                                      2091     0(0.00%) |     35       2    1866      5 |   23.70        0.00

Type     Name                                                                          # reqs      # fails |    Avg     Min     Max    Med |   req/s  failures/s
--------|----------------------------------------------------------------------------|-------|-------------|-------|-------|-------|-------|--------|-----------
GET      GET /api/v1/reservas                                                            1561     0(0.00%) |      6       3      35      6 |   18.50        0.00
GET      GET /api/v1/reservas/{id}                                                        533     0(0.00%) |      4       2      15      4 |    5.80        0.00
POST     POST /api/v1/auth/login                                                           50     0(0.00%) |   1221     536    1866   1100 |    0.00        0.00
--------|----------------------------------------------------------------------------|-------|-------------|-------|-------|-------|-------|--------|-----------
         Aggregated                                                                      2144     0(0.00%) |     34       2    1866      5 |   24.30        0.00

Type     Name                                                                          # reqs      # fails |    Avg     Min     Max    Med |   req/s  failures/s
--------|----------------------------------------------------------------------------|-------|-------------|-------|-------|-------|-------|--------|-----------
GET      GET /api/v1/reservas                                                            1598     0(0.00%) |      6       3      35      6 |   19.00        0.00
GET      GET /api/v1/reservas/{id}                                                        543     0(0.00%) |      4       2      15      4 |    5.40        0.00
POST     POST /api/v1/auth/login                                                           50     0(0.00%) |   1221     536    1866   1100 |    0.00        0.00
--------|----------------------------------------------------------------------------|-------|-------------|-------|-------|-------|-------|--------|-----------
         Aggregated                                                                      2191     0(0.00%) |     33       2    1866      5 |   24.40        0.00

Type     Name                                                                          # reqs      # fails |    Avg     Min     Max    Med |   req/s  failures/s
--------|----------------------------------------------------------------------------|-------|-------------|-------|-------|-------|-------|--------|-----------
GET      GET /api/v1/reservas                                                            1639     0(0.00%) |      6       3      35      6 |   19.90        0.00
GET      GET /api/v1/reservas/{id}                                                        554     0(0.00%) |      4       2      15      4 |    5.50        0.00
POST     POST /api/v1/auth/login                                                           50     0(0.00%) |   1221     536    1866   1100 |    0.00        0.00
--------|----------------------------------------------------------------------------|-------|-------------|-------|-------|-------|-------|--------|-----------
         Aggregated                                                                      2243     0(0.00%) |     32       2    1866      5 |   25.40        0.00

Type     Name                                                                          # reqs      # fails |    Avg     Min     Max    Med |   req/s  failures/s
--------|----------------------------------------------------------------------------|-------|-------------|-------|-------|-------|-------|--------|-----------
GET      GET /api/v1/reservas                                                            1673     0(0.00%) |      6       3      35      6 |   20.10        0.00
GET      GET /api/v1/reservas/{id}                                                        567     0(0.00%) |      4       2      15      4 |    5.30        0.00
POST     POST /api/v1/auth/login                                                           50     0(0.00%) |   1221     536    1866   1100 |    0.00        0.00
--------|----------------------------------------------------------------------------|-------|-------------|-------|-------|-------|-------|--------|-----------
         Aggregated                                                                      2290     0(0.00%) |     32       2    1866      5 |   25.40        0.00

Type     Name                                                                          # reqs      # fails |    Avg     Min     Max    Med |   req/s  failures/s
--------|----------------------------------------------------------------------------|-------|-------------|-------|-------|-------|-------|--------|-----------
GET      GET /api/v1/reservas                                                            1713     0(0.00%) |      6       3      35      6 |   20.20        0.00
GET      GET /api/v1/reservas/{id}                                                        578     0(0.00%) |      4       2      15      4 |    5.30        0.00
POST     POST /api/v1/auth/login                                                           50     0(0.00%) |   1221     536    1866   1100 |    0.00        0.00
--------|----------------------------------------------------------------------------|-------|-------------|-------|-------|-------|-------|--------|-----------
         Aggregated                                                                      2341     0(0.00%) |     31       2    1866      5 |   25.50        0.00

Type     Name                                                                          # reqs      # fails |    Avg     Min     Max    Med |   req/s  failures/s
--------|----------------------------------------------------------------------------|-------|-------------|-------|-------|-------|-------|--------|-----------
GET      GET /api/v1/reservas                                                            1750     0(0.00%) |      6       3      35      6 |   19.90        0.00
GET      GET /api/v1/reservas/{id}                                                        591     0(0.00%) |      4       2      15      4 |    5.50        0.00
POST     POST /api/v1/auth/login                                                           50     0(0.00%) |   1221     536    1866   1100 |    0.00        0.00
--------|----------------------------------------------------------------------------|-------|-------------|-------|-------|-------|-------|--------|-----------
         Aggregated                                                                      2391     0(0.00%) |     31       2    1866      5 |   25.40        0.00

Type     Name                                                                          # reqs      # fails |    Avg     Min     Max    Med |   req/s  failures/s
--------|----------------------------------------------------------------------------|-------|-------------|-------|-------|-------|-------|--------|-----------
GET      GET /api/v1/reservas                                                            1791     0(0.00%) |      6       3      35      6 |   19.50        0.00
GET      GET /api/v1/reservas/{id}                                                        603     0(0.00%) |      4       2      15      4 |    5.90        0.00
POST     POST /api/v1/auth/login                                                           50     0(0.00%) |   1221     536    1866   1100 |    0.00        0.00
--------|----------------------------------------------------------------------------|-------|-------------|-------|-------|-------|-------|--------|-----------
         Aggregated                                                                      2444     0(0.00%) |     30       2    1866      5 |   25.40        0.00

Type     Name                                                                          # reqs      # fails |    Avg     Min     Max    Med |   req/s  failures/s
--------|----------------------------------------------------------------------------|-------|-------------|-------|-------|-------|-------|--------|-----------
GET      GET /api/v1/reservas                                                            1833     0(0.00%) |      6       3      35      6 |   18.60        0.00
GET      GET /api/v1/reservas/{id}                                                        611     0(0.00%) |      4       2      15      4 |    5.80        0.00
POST     POST /api/v1/auth/login                                                           50     0(0.00%) |   1221     536    1866   1100 |    0.00        0.00
--------|----------------------------------------------------------------------------|-------|-------------|-------|-------|-------|-------|--------|-----------
         Aggregated                                                                      2494     0(0.00%) |     30       2    1866      5 |   24.40        0.00

Type     Name                                                                          # reqs      # fails |    Avg     Min     Max    Med |   req/s  failures/s
--------|----------------------------------------------------------------------------|-------|-------------|-------|-------|-------|-------|--------|-----------
GET      GET /api/v1/reservas                                                            1870     0(0.00%) |      6       3      35      6 |   18.90        0.00
GET      GET /api/v1/reservas/{id}                                                        622     0(0.00%) |      4       2      15      4 |    5.80        0.00
POST     POST /api/v1/auth/login                                                           50     0(0.00%) |   1221     536    1866   1100 |    0.00        0.00
--------|----------------------------------------------------------------------------|-------|-------------|-------|-------|-------|-------|--------|-----------
         Aggregated                                                                      2542     0(0.00%) |     29       2    1866      5 |   24.70        0.00

Type     Name                                                                          # reqs      # fails |    Avg     Min     Max    Med |   req/s  failures/s
--------|----------------------------------------------------------------------------|-------|-------------|-------|-------|-------|-------|--------|-----------
GET      GET /api/v1/reservas                                                            1909     0(0.00%) |      6       3      35      6 |   19.70        0.00
GET      GET /api/v1/reservas/{id}                                                        637     0(0.00%) |      4       2      15      4 |    5.90        0.00
POST     POST /api/v1/auth/login                                                           50     0(0.00%) |   1221     536    1866   1100 |    0.00        0.00
--------|----------------------------------------------------------------------------|-------|-------------|-------|-------|-------|-------|--------|-----------
         Aggregated                                                                      2596     0(0.00%) |     29       2    1866      5 |   25.60        0.00

Type     Name                                                                          # reqs      # fails |    Avg     Min     Max    Med |   req/s  failures/s
--------|----------------------------------------------------------------------------|-------|-------------|-------|-------|-------|-------|--------|-----------
GET      GET /api/v1/reservas                                                            1947     0(0.00%) |      6       3      35      6 |   19.80        0.00
GET      GET /api/v1/reservas/{id}                                                        647     0(0.00%) |      4       2      15      4 |    5.80        0.00
POST     POST /api/v1/auth/login                                                           50     0(0.00%) |   1221     536    1866   1100 |    0.00        0.00
--------|----------------------------------------------------------------------------|-------|-------------|-------|-------|-------|-------|--------|-----------
         Aggregated                                                                      2644     0(0.00%) |     28       2    1866      5 |   25.60        0.00

Type     Name                                                                          # reqs      # fails |    Avg     Min     Max    Med |   req/s  failures/s
--------|----------------------------------------------------------------------------|-------|-------------|-------|-------|-------|-------|--------|-----------
GET      GET /api/v1/reservas                                                            1982     0(0.00%) |      6       3      35      6 |   19.60        0.00
GET      GET /api/v1/reservas/{id}                                                        662     0(0.00%) |      4       2      15      4 |    5.30        0.00
POST     POST /api/v1/auth/login                                                           50     0(0.00%) |   1221     536    1866   1100 |    0.00        0.00
--------|----------------------------------------------------------------------------|-------|-------------|-------|-------|-------|-------|--------|-----------
         Aggregated                                                                      2694     0(0.00%) |     28       2    1866      5 |   24.90        0.00

Type     Name                                                                          # reqs      # fails |    Avg     Min     Max    Med |   req/s  failures/s
--------|----------------------------------------------------------------------------|-------|-------------|-------|-------|-------|-------|--------|-----------
GET      GET /api/v1/reservas                                                            2020     0(0.00%) |      6       3      35      6 |   19.20        0.00
GET      GET /api/v1/reservas/{id}                                                        671     0(0.00%) |      4       2      15      4 |    5.70        0.00
POST     POST /api/v1/auth/login                                                           50     0(0.00%) |   1221     536    1866   1100 |    0.00        0.00
--------|----------------------------------------------------------------------------|-------|-------------|-------|-------|-------|-------|--------|-----------
         Aggregated                                                                      2741     0(0.00%) |     27       2    1866      5 |   24.90        0.00

Type     Name                                                                          # reqs      # fails |    Avg     Min     Max    Med |   req/s  failures/s
--------|----------------------------------------------------------------------------|-------|-------------|-------|-------|-------|-------|--------|-----------
GET      GET /api/v1/reservas                                                            2061     0(0.00%) |      6       3      35      6 |   19.00        0.00
GET      GET /api/v1/reservas/{id}                                                        684     0(0.00%) |      4       2      15      4 |    5.90        0.00
POST     POST /api/v1/auth/login                                                           50     0(0.00%) |   1221     536    1866   1100 |    0.00        0.00
--------|----------------------------------------------------------------------------|-------|-------------|-------|-------|-------|-------|--------|-----------
         Aggregated                                                                      2795     0(0.00%) |     27       2    1866      5 |   24.90        0.00

Type     Name                                                                          # reqs      # fails |    Avg     Min     Max    Med |   req/s  failures/s
--------|----------------------------------------------------------------------------|-------|-------------|-------|-------|-------|-------|--------|-----------
GET      GET /api/v1/reservas                                                            2105     0(0.00%) |      6       3      35      6 |   18.70        0.00
GET      GET /api/v1/reservas/{id}                                                        692     0(0.00%) |      4       2      15      4 |    5.90        0.00
POST     POST /api/v1/auth/login                                                           50     0(0.00%) |   1221     536    1866   1100 |    0.00        0.00
--------|----------------------------------------------------------------------------|-------|-------------|-------|-------|-------|-------|--------|-----------
         Aggregated                                                                      2847     0(0.00%) |     27       2    1866      5 |   24.60        0.00

Type     Name                                                                          # reqs      # fails |    Avg     Min     Max    Med |   req/s  failures/s
--------|----------------------------------------------------------------------------|-------|-------------|-------|-------|-------|-------|--------|-----------
GET      GET /api/v1/reservas                                                            2149     0(0.00%) |      6       3      35      6 |   19.60        0.00
GET      GET /api/v1/reservas/{id}                                                        699     0(0.00%) |      4       2      15      4 |    5.60        0.00
POST     POST /api/v1/auth/login                                                           50     0(0.00%) |   1221     536    1866   1100 |    0.00        0.00
--------|----------------------------------------------------------------------------|-------|-------------|-------|-------|-------|-------|--------|-----------
         Aggregated                                                                      2898     0(0.00%) |     26       2    1866      5 |   25.20        0.00

Type     Name                                                                          # reqs      # fails |    Avg     Min     Max    Med |   req/s  failures/s
--------|----------------------------------------------------------------------------|-------|-------------|-------|-------|-------|-------|--------|-----------
GET      GET /api/v1/reservas                                                            2186     0(0.00%) |      6       3      35      6 |   20.10        0.00
GET      GET /api/v1/reservas/{id}                                                        715     0(0.00%) |      4       2      15      4 |    5.40        0.00
POST     POST /api/v1/auth/login                                                           50     0(0.00%) |   1221     536    1866   1100 |    0.00        0.00
--------|----------------------------------------------------------------------------|-------|-------------|-------|-------|-------|-------|--------|-----------
         Aggregated                                                                      2951     0(0.00%) |     26       2    1866      5 |   25.50        0.00

Type     Name                                                                          # reqs      # fails |    Avg     Min     Max    Med |   req/s  failures/s
--------|----------------------------------------------------------------------------|-------|-------------|-------|-------|-------|-------|--------|-----------
GET      GET /api/v1/reservas                                                            2230     0(0.00%) |      6       3      35      6 |   20.70        0.00
GET      GET /api/v1/reservas/{id}                                                        723     0(0.00%) |      4       2      15      4 |    5.50        0.00
POST     POST /api/v1/auth/login                                                           50     0(0.00%) |   1221     536    1866   1100 |    0.00        0.00
--------|----------------------------------------------------------------------------|-------|-------------|-------|-------|-------|-------|--------|-----------
         Aggregated                                                                      3003     0(0.00%) |     26       2    1866      5 |   26.20        0.00

Type     Name                                                                          # reqs      # fails |    Avg     Min     Max    Med |   req/s  failures/s
--------|----------------------------------------------------------------------------|-------|-------------|-------|-------|-------|-------|--------|-----------
GET      GET /api/v1/reservas                                                            2273     0(0.00%) |      6       3      36      6 |   20.80        0.00
GET      GET /api/v1/reservas/{id}                                                        733     0(0.00%) |      4       2      15      4 |    5.50        0.00
POST     POST /api/v1/auth/login                                                           50     0(0.00%) |   1221     536    1866   1100 |    0.00        0.00
--------|----------------------------------------------------------------------------|-------|-------------|-------|-------|-------|-------|--------|-----------
         Aggregated                                                                      3056     0(0.00%) |     25       2    1866      5 |   26.30        0.00

Type     Name                                                                          # reqs      # fails |    Avg     Min     Max    Med |   req/s  failures/s
--------|----------------------------------------------------------------------------|-------|-------------|-------|-------|-------|-------|--------|-----------
GET      GET /api/v1/reservas                                                            2318     0(0.00%) |      6       3      36      6 |   20.50        0.00
GET      GET /api/v1/reservas/{id}                                                        738     0(0.00%) |      4       2      15      4 |    4.90        0.00
POST     POST /api/v1/auth/login                                                           50     0(0.00%) |   1221     536    1866   1100 |    0.00        0.00
--------|----------------------------------------------------------------------------|-------|-------------|-------|-------|-------|-------|--------|-----------
         Aggregated                                                                      3106     0(0.00%) |     25       2    1866      5 |   25.40        0.00

Type     Name                                                                          # reqs      # fails |    Avg     Min     Max    Med |   req/s  failures/s
--------|----------------------------------------------------------------------------|-------|-------------|-------|-------|-------|-------|--------|-----------
GET      GET /api/v1/reservas                                                            2359     0(0.00%) |      6       3      36      6 |   20.70        0.00
GET      GET /api/v1/reservas/{id}                                                        751     0(0.00%) |      4       2      15      4 |    5.00        0.00
POST     POST /api/v1/auth/login                                                           50     0(0.00%) |   1221     536    1866   1100 |    0.00        0.00
--------|----------------------------------------------------------------------------|-------|-------------|-------|-------|-------|-------|--------|-----------
         Aggregated                                                                      3160     0(0.00%) |     25       2    1866      5 |   25.70        0.00

Type     Name                                                                          # reqs      # fails |    Avg     Min     Max    Med |   req/s  failures/s
--------|----------------------------------------------------------------------------|-------|-------------|-------|-------|-------|-------|--------|-----------
GET      GET /api/v1/reservas                                                            2395     0(0.00%) |      6       3      36      6 |   20.70        0.00
GET      GET /api/v1/reservas/{id}                                                        761     0(0.00%) |      4       2      15      4 |    5.10        0.00
POST     POST /api/v1/auth/login                                                           50     0(0.00%) |   1221     536    1866   1100 |    0.00        0.00
--------|----------------------------------------------------------------------------|-------|-------------|-------|-------|-------|-------|--------|-----------
         Aggregated                                                                      3206     0(0.00%) |     24       2    1866      5 |   25.80        0.00

Type     Name                                                                          # reqs      # fails |    Avg     Min     Max    Med |   req/s  failures/s
--------|----------------------------------------------------------------------------|-------|-------------|-------|-------|-------|-------|--------|-----------
GET      GET /api/v1/reservas                                                            2432     0(0.00%) |      6       3      36      6 |   20.70        0.00
GET      GET /api/v1/reservas/{id}                                                        771     0(0.00%) |      4       2      15      4 |    4.80        0.00
POST     POST /api/v1/auth/login                                                           50     0(0.00%) |   1221     536    1866   1100 |    0.00        0.00
--------|----------------------------------------------------------------------------|-------|-------------|-------|-------|-------|-------|--------|-----------
         Aggregated                                                                      3253     0(0.00%) |     24       2    1866      5 |   25.50        0.00

Type     Name                                                                          # reqs      # fails |    Avg     Min     Max    Med |   req/s  failures/s
--------|----------------------------------------------------------------------------|-------|-------------|-------|-------|-------|-------|--------|-----------
GET      GET /api/v1/reservas                                                            2474     0(0.00%) |      6       3      36      6 |   20.30        0.00
GET      GET /api/v1/reservas/{id}                                                        782     0(0.00%) |      4       2      15      4 |    4.80        0.00
POST     POST /api/v1/auth/login                                                           50     0(0.00%) |   1221     536    1866   1100 |    0.00        0.00
--------|----------------------------------------------------------------------------|-------|-------------|-------|-------|-------|-------|--------|-----------
         Aggregated                                                                      3306     0(0.00%) |     24       2    1866      5 |   25.10        0.00

Type     Name                                                                          # reqs      # fails |    Avg     Min     Max    Med |   req/s  failures/s
--------|----------------------------------------------------------------------------|-------|-------------|-------|-------|-------|-------|--------|-----------
GET      GET /api/v1/reservas                                                            2512     0(0.00%) |      6       3      36      6 |   21.10        0.00
GET      GET /api/v1/reservas/{id}                                                        791     0(0.00%) |      4       2      15      4 |    4.90        0.00
POST     POST /api/v1/auth/login                                                           50     0(0.00%) |   1221     536    1866   1100 |    0.00        0.00
--------|----------------------------------------------------------------------------|-------|-------------|-------|-------|-------|-------|--------|-----------
         Aggregated                                                                      3353     0(0.00%) |     24       2    1866      5 |   26.00        0.00

Type     Name                                                                          # reqs      # fails |    Avg     Min     Max    Med |   req/s  failures/s
--------|----------------------------------------------------------------------------|-------|-------------|-------|-------|-------|-------|--------|-----------
GET      GET /api/v1/reservas                                                            2550     0(0.00%) |      6       3      36      6 |   20.10        0.00
GET      GET /api/v1/reservas/{id}                                                        803     0(0.00%) |      4       2      15      4 |    5.20        0.00
POST     POST /api/v1/auth/login                                                           50     0(0.00%) |   1221     536    1866   1100 |    0.00        0.00
--------|----------------------------------------------------------------------------|-------|-------------|-------|-------|-------|-------|--------|-----------
         Aggregated                                                                      3403     0(0.00%) |     23       2    1866      5 |   25.30        0.00

Type     Name                                                                          # reqs      # fails |    Avg     Min     Max    Med |   req/s  failures/s
--------|----------------------------------------------------------------------------|-------|-------------|-------|-------|-------|-------|--------|-----------
GET      GET /api/v1/reservas                                                            2592     0(0.00%) |      6       3      36      6 |   19.30        0.00
GET      GET /api/v1/reservas/{id}                                                        813     0(0.00%) |      4       2      15      4 |    5.00        0.00
POST     POST /api/v1/auth/login                                                           50     0(0.00%) |   1221     536    1866   1100 |    0.00        0.00
--------|----------------------------------------------------------------------------|-------|-------------|-------|-------|-------|-------|--------|-----------
         Aggregated                                                                      3455     0(0.00%) |     23       2    1866      5 |   24.30        0.00

Type     Name                                                                          # reqs      # fails |    Avg     Min     Max    Med |   req/s  failures/s
--------|----------------------------------------------------------------------------|-------|-------------|-------|-------|-------|-------|--------|-----------
GET      GET /api/v1/reservas                                                            2628     0(0.00%) |      6       3      36      6 |   19.30        0.00
GET      GET /api/v1/reservas/{id}                                                        824     0(0.00%) |      4       2      15      4 |    5.20        0.00
POST     POST /api/v1/auth/login                                                           50     0(0.00%) |   1221     536    1866   1100 |    0.00        0.00
--------|----------------------------------------------------------------------------|-------|-------------|-------|-------|-------|-------|--------|-----------
         Aggregated                                                                      3502     0(0.00%) |     23       2    1866      5 |   24.50        0.00

Type     Name                                                                          # reqs      # fails |    Avg     Min     Max    Med |   req/s  failures/s
--------|----------------------------------------------------------------------------|-------|-------------|-------|-------|-------|-------|--------|-----------
GET      GET /api/v1/reservas                                                            2665     0(0.00%) |      6       3      36      6 |   20.00        0.00
GET      GET /api/v1/reservas/{id}                                                        839     0(0.00%) |      4       2      15      4 |    5.00        0.00
POST     POST /api/v1/auth/login                                                           50     0(0.00%) |   1221     536    1866   1100 |    0.00        0.00
--------|----------------------------------------------------------------------------|-------|-------------|-------|-------|-------|-------|--------|-----------
         Aggregated                                                                      3554     0(0.00%) |     22       2    1866      5 |   25.00        0.00

Type     Name                                                                          # reqs      # fails |    Avg     Min     Max    Med |   req/s  failures/s
--------|----------------------------------------------------------------------------|-------|-------------|-------|-------|-------|-------|--------|-----------
GET      GET /api/v1/reservas                                                            2705     0(0.00%) |      6       3      36      6 |   18.80        0.00
GET      GET /api/v1/reservas/{id}                                                        852     0(0.00%) |      4       2      15      4 |    5.60        0.00
POST     POST /api/v1/auth/login                                                           50     0(0.00%) |   1221     536    1866   1100 |    0.00        0.00
--------|----------------------------------------------------------------------------|-------|-------------|-------|-------|-------|-------|--------|-----------
         Aggregated                                                                      3607     0(0.00%) |     22       2    1866      5 |   24.40        0.00

Type     Name                                                                          # reqs      # fails |    Avg     Min     Max    Med |   req/s  failures/s
--------|----------------------------------------------------------------------------|-------|-------------|-------|-------|-------|-------|--------|-----------
GET      GET /api/v1/reservas                                                            2736     0(0.00%) |      6       3      36      6 |   18.90        0.00
GET      GET /api/v1/reservas/{id}                                                        865     0(0.00%) |      4       2      15      4 |    5.70        0.00
POST     POST /api/v1/auth/login                                                           50     0(0.00%) |   1221     536    1866   1100 |    0.00        0.00
--------|----------------------------------------------------------------------------|-------|-------------|-------|-------|-------|-------|--------|-----------
         Aggregated                                                                      3651     0(0.00%) |     22       2    1866      5 |   24.60        0.00

Type     Name                                                                          # reqs      # fails |    Avg     Min     Max    Med |   req/s  failures/s
--------|----------------------------------------------------------------------------|-------|-------------|-------|-------|-------|-------|--------|-----------
GET      GET /api/v1/reservas                                                            2778     0(0.00%) |      6       3      36      6 |   18.90        0.00
GET      GET /api/v1/reservas/{id}                                                        878     0(0.00%) |      4       2      15      4 |    6.10        0.00
POST     POST /api/v1/auth/login                                                           50     0(0.00%) |   1221     536    1866   1100 |    0.00        0.00
--------|----------------------------------------------------------------------------|-------|-------------|-------|-------|-------|-------|--------|-----------
         Aggregated                                                                      3706     0(0.00%) |     22       2    1866      5 |   25.00        0.00

Type     Name                                                                          # reqs      # fails |    Avg     Min     Max    Med |   req/s  failures/s
--------|----------------------------------------------------------------------------|-------|-------------|-------|-------|-------|-------|--------|-----------
GET      GET /api/v1/reservas                                                            2815     0(0.00%) |      6       3      36      6 |   18.70        0.00
GET      GET /api/v1/reservas/{id}                                                        890     0(0.00%) |      4       2      15      4 |    6.10        0.00
POST     POST /api/v1/auth/login                                                           50     0(0.00%) |   1221     536    1866   1100 |    0.00        0.00
--------|----------------------------------------------------------------------------|-------|-------------|-------|-------|-------|-------|--------|-----------
         Aggregated                                                                      3755     0(0.00%) |     22       2    1866      5 |   24.90        0.00

Type     Name                                                                          # reqs      # fails |    Avg     Min     Max    Med |   req/s  failures/s
--------|----------------------------------------------------------------------------|-------|-------------|-------|-------|-------|-------|--------|-----------
GET      GET /api/v1/reservas                                                            2854     0(0.00%) |      6       3      36      6 |   18.70        0.00
GET      GET /api/v1/reservas/{id}                                                        905     0(0.00%) |      4       2      20      4 |    6.50        0.00
POST     POST /api/v1/auth/login                                                           50     0(0.00%) |   1221     536    1866   1100 |    0.00        0.00
--------|----------------------------------------------------------------------------|-------|-------------|-------|-------|-------|-------|--------|-----------
         Aggregated                                                                      3809     0(0.00%) |     21       2    1866      5 |   25.20        0.00

Type     Name                                                                          # reqs      # fails |    Avg     Min     Max    Med |   req/s  failures/s
--------|----------------------------------------------------------------------------|-------|-------------|-------|-------|-------|-------|--------|-----------
GET      GET /api/v1/reservas                                                            2892     0(0.00%) |      6       3      36      6 |   18.40        0.00
GET      GET /api/v1/reservas/{id}                                                        913     0(0.00%) |      4       2      20      4 |    6.50        0.00
POST     POST /api/v1/auth/login                                                           50     0(0.00%) |   1221     536    1866   1100 |    0.00        0.00
--------|----------------------------------------------------------------------------|-------|-------------|-------|-------|-------|-------|--------|-----------
         Aggregated                                                                      3855     0(0.00%) |     21       2    1866      5 |   24.90        0.00

Type     Name                                                                          # reqs      # fails |    Avg     Min     Max    Med |   req/s  failures/s
--------|----------------------------------------------------------------------------|-------|-------------|-------|-------|-------|-------|--------|-----------
GET      GET /api/v1/reservas                                                            2928     0(0.00%) |      6       3      36      6 |   18.30        0.00
GET      GET /api/v1/reservas/{id}                                                        924     0(0.00%) |      4       2      20      4 |    6.30        0.00
POST     POST /api/v1/auth/login                                                           50     0(0.00%) |   1221     536    1866   1100 |    0.00        0.00
--------|----------------------------------------------------------------------------|-------|-------------|-------|-------|-------|-------|--------|-----------
         Aggregated                                                                      3902     0(0.00%) |     21       2    1866      5 |   24.60        0.00

Type     Name                                                                          # reqs      # fails |    Avg     Min     Max    Med |   req/s  failures/s
--------|----------------------------------------------------------------------------|-------|-------------|-------|-------|-------|-------|--------|-----------
GET      GET /api/v1/reservas                                                            2965     0(0.00%) |      6       3      36      6 |   19.30        0.00
GET      GET /api/v1/reservas/{id}                                                        938     0(0.00%) |      4       2      20      4 |    6.20        0.00
POST     POST /api/v1/auth/login                                                           50     0(0.00%) |   1221     536    1866   1100 |    0.00        0.00
--------|----------------------------------------------------------------------------|-------|-------------|-------|-------|-------|-------|--------|-----------
         Aggregated                                                                      3953     0(0.00%) |     21       2    1866      5 |   25.50        0.00

Type     Name                                                                          # reqs      # fails |    Avg     Min     Max    Med |   req/s  failures/s
--------|----------------------------------------------------------------------------|-------|-------------|-------|-------|-------|-------|--------|-----------
GET      GET /api/v1/reservas                                                            3008     0(0.00%) |      6       3      36      6 |   19.10        0.00
GET      GET /api/v1/reservas/{id}                                                        949     0(0.00%) |      4       2      20      4 |    6.40        0.00
POST     POST /api/v1/auth/login                                                           50     0(0.00%) |   1221     536    1866   1100 |    0.00        0.00
--------|----------------------------------------------------------------------------|-------|-------------|-------|-------|-------|-------|--------|-----------
         Aggregated                                                                      4007     0(0.00%) |     21       2    1866      5 |   25.40        0.00

Type     Name                                                                          # reqs      # fails |    Avg     Min     Max    Med |   req/s  failures/s
--------|----------------------------------------------------------------------------|-------|-------------|-------|-------|-------|-------|--------|-----------
GET      GET /api/v1/reservas                                                            3051     0(0.00%) |      6       3      36      6 |   19.30        0.00
GET      GET /api/v1/reservas/{id}                                                        964     0(0.00%) |      4       2      20      4 |    6.10        0.00
POST     POST /api/v1/auth/login                                                           50     0(0.00%) |   1221     536    1866   1100 |    0.00        0.00
--------|----------------------------------------------------------------------------|-------|-------------|-------|-------|-------|-------|--------|-----------
         Aggregated                                                                      4065     0(0.00%) |     20       2    1866      5 |   25.40        0.00

Type     Name                                                                          # reqs      # fails |    Avg     Min     Max    Med |   req/s  failures/s
--------|----------------------------------------------------------------------------|-------|-------------|-------|-------|-------|-------|--------|-----------
GET      GET /api/v1/reservas                                                            3084     0(0.00%) |      6       3      36      6 |   19.60        0.00
GET      GET /api/v1/reservas/{id}                                                        981     0(0.00%) |      4       2      20      4 |    6.10        0.00
POST     POST /api/v1/auth/login                                                           50     0(0.00%) |   1221     536    1866   1100 |    0.00        0.00
--------|----------------------------------------------------------------------------|-------|-------------|-------|-------|-------|-------|--------|-----------
         Aggregated                                                                      4115     0(0.00%) |     20       2    1866      5 |   25.70        0.00

Type     Name                                                                          # reqs      # fails |    Avg     Min     Max    Med |   req/s  failures/s
--------|----------------------------------------------------------------------------|-------|-------------|-------|-------|-------|-------|--------|-----------
GET      GET /api/v1/reservas                                                            3132     0(0.00%) |      6       3      36      6 |   19.50        0.00
GET      GET /api/v1/reservas/{id}                                                        989     0(0.00%) |      4       2      20      4 |    6.90        0.00
POST     POST /api/v1/auth/login                                                           50     0(0.00%) |   1221     536    1866   1100 |    0.00        0.00
--------|----------------------------------------------------------------------------|-------|-------------|-------|-------|-------|-------|--------|-----------
         Aggregated                                                                      4171     0(0.00%) |     20       2    1866      5 |   26.40        0.00

Type     Name                                                                          # reqs      # fails |    Avg     Min     Max    Med |   req/s  failures/s
--------|----------------------------------------------------------------------------|-------|-------------|-------|-------|-------|-------|--------|-----------
GET      GET /api/v1/reservas                                                            3161     0(0.00%) |      6       3      36      6 |   19.00        0.00
GET      GET /api/v1/reservas/{id}                                                       1005     0(0.00%) |      4       2      20      4 |    6.60        0.00
POST     POST /api/v1/auth/login                                                           50     0(0.00%) |   1221     536    1866   1100 |    0.00        0.00
--------|----------------------------------------------------------------------------|-------|-------------|-------|-------|-------|-------|--------|-----------
         Aggregated                                                                      4216     0(0.00%) |     20       2    1866      5 |   25.60        0.00

Type     Name                                                                          # reqs      # fails |    Avg     Min     Max    Med |   req/s  failures/s
--------|----------------------------------------------------------------------------|-------|-------------|-------|-------|-------|-------|--------|-----------
GET      GET /api/v1/reservas                                                            3191     0(0.00%) |      6       3      36      6 |   19.30        0.00
GET      GET /api/v1/reservas/{id}                                                       1021     0(0.00%) |      4       2      20      4 |    6.50        0.00
POST     POST /api/v1/auth/login                                                           50     0(0.00%) |   1221     536    1866   1100 |    0.00        0.00
--------|----------------------------------------------------------------------------|-------|-------------|-------|-------|-------|-------|--------|-----------
         Aggregated                                                                      4262     0(0.00%) |     20       2    1866      5 |   25.80        0.00

Type     Name                                                                          # reqs      # fails |    Avg     Min     Max    Med |   req/s  failures/s
--------|----------------------------------------------------------------------------|-------|-------------|-------|-------|-------|-------|--------|-----------
GET      GET /api/v1/reservas                                                            3225     0(0.00%) |      6       3      36      6 |   18.00        0.00
GET      GET /api/v1/reservas/{id}                                                       1033     0(0.00%) |      4       2      20      4 |    6.70        0.00
POST     POST /api/v1/auth/login                                                           50     0(0.00%) |   1221     536    1866   1100 |    0.00        0.00
--------|----------------------------------------------------------------------------|-------|-------------|-------|-------|-------|-------|--------|-----------
         Aggregated                                                                      4308     0(0.00%) |     20       2    1866      5 |   24.70        0.00

Type     Name                                                                          # reqs      # fails |    Avg     Min     Max    Med |   req/s  failures/s
--------|----------------------------------------------------------------------------|-------|-------------|-------|-------|-------|-------|--------|-----------
GET      GET /api/v1/reservas                                                            3259     0(0.00%) |      6       3      36      6 |   18.20        0.00
GET      GET /api/v1/reservas/{id}                                                       1052     0(0.00%) |      4       2      20      4 |    7.10        0.00
POST     POST /api/v1/auth/login                                                           50     0(0.00%) |   1221     536    1866   1100 |    0.00        0.00
--------|----------------------------------------------------------------------------|-------|-------------|-------|-------|-------|-------|--------|-----------
         Aggregated                                                                      4361     0(0.00%) |     19       2    1866      5 |   25.30        0.00

Type     Name                                                                          # reqs      # fails |    Avg     Min     Max    Med |   req/s  failures/s
--------|----------------------------------------------------------------------------|-------|-------------|-------|-------|-------|-------|--------|-----------
GET      GET /api/v1/reservas                                                            3297     0(0.00%) |      6       3      36      6 |   17.80        0.00
GET      GET /api/v1/reservas/{id}                                                       1068     0(0.00%) |      4       2      20      4 |    6.70        0.00
POST     POST /api/v1/auth/login                                                           50     0(0.00%) |   1221     536    1866   1100 |    0.00        0.00
--------|----------------------------------------------------------------------------|-------|-------------|-------|-------|-------|-------|--------|-----------
         Aggregated                                                                      4415     0(0.00%) |     19       2    1866      5 |   24.50        0.00

Type     Name                                                                          # reqs      # fails |    Avg     Min     Max    Med |   req/s  failures/s
--------|----------------------------------------------------------------------------|-------|-------------|-------|-------|-------|-------|--------|-----------
GET      GET /api/v1/reservas                                                            3330     0(0.00%) |      6       3      36      6 |   17.60        0.00
GET      GET /api/v1/reservas/{id}                                                       1084     0(0.00%) |      4       2      20      4 |    7.60        0.00
POST     POST /api/v1/auth/login                                                           50     0(0.00%) |   1221     536    1866   1100 |    0.00        0.00
--------|----------------------------------------------------------------------------|-------|-------------|-------|-------|-------|-------|--------|-----------
         Aggregated                                                                      4464     0(0.00%) |     19       2    1866      5 |   25.20        0.00

Type     Name                                                                          # reqs      # fails |    Avg     Min     Max    Med |   req/s  failures/s
--------|----------------------------------------------------------------------------|-------|-------------|-------|-------|-------|-------|--------|-----------
GET      GET /api/v1/reservas                                                            3368     0(0.00%) |      6       3      36      6 |   17.20        0.00
GET      GET /api/v1/reservas/{id}                                                       1100     0(0.00%) |      4       2      20      4 |    7.80        0.00
POST     POST /api/v1/auth/login                                                           50     0(0.00%) |   1221     536    1866   1100 |    0.00        0.00
--------|----------------------------------------------------------------------------|-------|-------------|-------|-------|-------|-------|--------|-----------
         Aggregated                                                                      4518     0(0.00%) |     19       2    1866      5 |   25.00        0.00

Type     Name                                                                          # reqs      # fails |    Avg     Min     Max    Med |   req/s  failures/s
--------|----------------------------------------------------------------------------|-------|-------------|-------|-------|-------|-------|--------|-----------
GET      GET /api/v1/reservas                                                            3400     0(0.00%) |      6       3      36      6 |   17.50        0.00
GET      GET /api/v1/reservas/{id}                                                       1115     0(0.00%) |      4       2      20      4 |    8.50        0.00
POST     POST /api/v1/auth/login                                                           50     0(0.00%) |   1221     536    1866   1100 |    0.00        0.00
--------|----------------------------------------------------------------------------|-------|-------------|-------|-------|-------|-------|--------|-----------
         Aggregated                                                                      4565     0(0.00%) |     19       2    1866      5 |   26.00        0.00

Type     Name                                                                          # reqs      # fails |    Avg     Min     Max    Med |   req/s  failures/s
--------|----------------------------------------------------------------------------|-------|-------------|-------|-------|-------|-------|--------|-----------
GET      GET /api/v1/reservas                                                            3431     0(0.00%) |      6       3      36      6 |   17.20        0.00
GET      GET /api/v1/reservas/{id}                                                       1128     0(0.00%) |      4       2      20      4 |    7.90        0.00
POST     POST /api/v1/auth/login                                                           50     0(0.00%) |   1221     536    1866   1100 |    0.00        0.00
--------|----------------------------------------------------------------------------|-------|-------------|-------|-------|-------|-------|--------|-----------
         Aggregated                                                                      4609     0(0.00%) |     19       2    1866      5 |   25.10        0.00

Type     Name                                                                          # reqs      # fails |    Avg     Min     Max    Med |   req/s  failures/s
--------|----------------------------------------------------------------------------|-------|-------------|-------|-------|-------|-------|--------|-----------
GET      GET /api/v1/reservas                                                            3467     0(0.00%) |      6       3      36      6 |   16.90        0.00
GET      GET /api/v1/reservas/{id}                                                       1144     0(0.00%) |      4       2      20      4 |    7.80        0.00
POST     POST /api/v1/auth/login                                                           50     0(0.00%) |   1221     536    1866   1100 |    0.00        0.00
--------|----------------------------------------------------------------------------|-------|-------------|-------|-------|-------|-------|--------|-----------
         Aggregated                                                                      4661     0(0.00%) |     18       2    1866      5 |   24.70        0.00

Type     Name                                                                          # reqs      # fails |    Avg     Min     Max    Med |   req/s  failures/s
--------|----------------------------------------------------------------------------|-------|-------------|-------|-------|-------|-------|--------|-----------
GET      GET /api/v1/reservas                                                            3504     0(0.00%) |      6       3      36      6 |   17.40        0.00
GET      GET /api/v1/reservas/{id}                                                       1157     0(0.00%) |      4       2      20      4 |    7.70        0.00
POST     POST /api/v1/auth/login                                                           50     0(0.00%) |   1221     536    1866   1100 |    0.00        0.00
--------|----------------------------------------------------------------------------|-------|-------------|-------|-------|-------|-------|--------|-----------
         Aggregated                                                                      4711     0(0.00%) |     18       2    1866      5 |   25.10        0.00

Type     Name                                                                          # reqs      # fails |    Avg     Min     Max    Med |   req/s  failures/s
--------|----------------------------------------------------------------------------|-------|-------------|-------|-------|-------|-------|--------|-----------
GET      GET /api/v1/reservas                                                            3543     0(0.00%) |      6       3      36      6 |   17.30        0.00
GET      GET /api/v1/reservas/{id}                                                       1169     0(0.00%) |      4       2      20      4 |    7.10        0.00
POST     POST /api/v1/auth/login                                                           50     0(0.00%) |   1221     536    1866   1100 |    0.00        0.00
--------|----------------------------------------------------------------------------|-------|-------------|-------|-------|-------|-------|--------|-----------
         Aggregated                                                                      4762     0(0.00%) |     18       2    1866      5 |   24.40        0.00

Type     Name                                                                          # reqs      # fails |    Avg     Min     Max    Med |   req/s  failures/s
--------|----------------------------------------------------------------------------|-------|-------------|-------|-------|-------|-------|--------|-----------
GET      GET /api/v1/reservas                                                            3578     0(0.00%) |      6       3      36      6 |   17.30        0.00
GET      GET /api/v1/reservas/{id}                                                       1179     0(0.00%) |      4       2      20      4 |    6.70        0.00
POST     POST /api/v1/auth/login                                                           50     0(0.00%) |   1221     536    1866   1100 |    0.00        0.00
--------|----------------------------------------------------------------------------|-------|-------------|-------|-------|-------|-------|--------|-----------
         Aggregated                                                                      4807     0(0.00%) |     18       2    1866      5 |   24.00        0.00

Type     Name                                                                          # reqs      # fails |    Avg     Min     Max    Med |   req/s  failures/s
--------|----------------------------------------------------------------------------|-------|-------------|-------|-------|-------|-------|--------|-----------
GET      GET /api/v1/reservas                                                            3612     0(0.00%) |      6       3      36      6 |   17.90        0.00
GET      GET /api/v1/reservas/{id}                                                       1192     0(0.00%) |      4       2      20      4 |    6.60        0.00
POST     POST /api/v1/auth/login                                                           50     0(0.00%) |   1221     536    1866   1100 |    0.00        0.00
--------|----------------------------------------------------------------------------|-------|-------------|-------|-------|-------|-------|--------|-----------
         Aggregated                                                                      4854     0(0.00%) |     18       2    1866      5 |   24.50        0.00

Type     Name                                                                          # reqs      # fails |    Avg     Min     Max    Med |   req/s  failures/s
--------|----------------------------------------------------------------------------|-------|-------------|-------|-------|-------|-------|--------|-----------
GET      GET /api/v1/reservas                                                            3647     0(0.00%) |      6       3      36      6 |   18.30        0.00
GET      GET /api/v1/reservas/{id}                                                       1207     0(0.00%) |      4       2      20      4 |    6.60        0.00
POST     POST /api/v1/auth/login                                                           50     0(0.00%) |   1221     536    1866   1100 |    0.00        0.00
--------|----------------------------------------------------------------------------|-------|-------------|-------|-------|-------|-------|--------|-----------
         Aggregated                                                                      4904     0(0.00%) |     18       2    1866      5 |   24.90        0.00

Type     Name                                                                          # reqs      # fails |    Avg     Min     Max    Med |   req/s  failures/s
--------|----------------------------------------------------------------------------|-------|-------------|-------|-------|-------|-------|--------|-----------
GET      GET /api/v1/reservas                                                            3686     0(0.00%) |      6       3      36      6 |   17.70        0.00
GET      GET /api/v1/reservas/{id}                                                       1220     0(0.00%) |      4       2      20      4 |    6.10        0.00
POST     POST /api/v1/auth/login                                                           50     0(0.00%) |   1221     536    1866   1100 |    0.00        0.00
--------|----------------------------------------------------------------------------|-------|-------------|-------|-------|-------|-------|--------|-----------
         Aggregated                                                                      4956     0(0.00%) |     18       2    1866      5 |   23.80        0.00

Type     Name                                                                          # reqs      # fails |    Avg     Min     Max    Med |   req/s  failures/s
--------|----------------------------------------------------------------------------|-------|-------------|-------|-------|-------|-------|--------|-----------
GET      GET /api/v1/reservas                                                            3721     0(0.00%) |      6       3      36      6 |   18.00        0.00
GET      GET /api/v1/reservas/{id}                                                       1231     0(0.00%) |      4       2      20      4 |    6.90        0.00
POST     POST /api/v1/auth/login                                                           50     0(0.00%) |   1221     536    1866   1100 |    0.00        0.00
--------|----------------------------------------------------------------------------|-------|-------------|-------|-------|-------|-------|--------|-----------
         Aggregated                                                                      5002     0(0.00%) |     18       2    1866      5 |   24.90        0.00

Type     Name                                                                          # reqs      # fails |    Avg     Min     Max    Med |   req/s  failures/s
--------|----------------------------------------------------------------------------|-------|-------------|-------|-------|-------|-------|--------|-----------
GET      GET /api/v1/reservas                                                            3762     0(0.00%) |      6       3      36      6 |   18.20        0.00
GET      GET /api/v1/reservas/{id}                                                       1243     0(0.00%) |      4       2      20      4 |    6.10        0.00
POST     POST /api/v1/auth/login                                                           50     0(0.00%) |   1221     536    1866   1100 |    0.00        0.00
--------|----------------------------------------------------------------------------|-------|-------------|-------|-------|-------|-------|--------|-----------
         Aggregated                                                                      5055     0(0.00%) |     17       2    1866      5 |   24.30        0.00

Type     Name                                                                          # reqs      # fails |    Avg     Min     Max    Med |   req/s  failures/s
--------|----------------------------------------------------------------------------|-------|-------------|-------|-------|-------|-------|--------|-----------
GET      GET /api/v1/reservas                                                            3804     0(0.00%) |      6       3      36      6 |   18.40        0.00
GET      GET /api/v1/reservas/{id}                                                       1247     0(0.00%) |      4       2      20      4 |    6.00        0.00
POST     POST /api/v1/auth/login                                                           50     0(0.00%) |   1221     536    1866   1100 |    0.00        0.00
--------|----------------------------------------------------------------------------|-------|-------------|-------|-------|-------|-------|--------|-----------
         Aggregated                                                                      5101     0(0.00%) |     17       2    1866      5 |   24.40        0.00

Type     Name                                                                          # reqs      # fails |    Avg     Min     Max    Med |   req/s  failures/s
--------|----------------------------------------------------------------------------|-------|-------------|-------|-------|-------|-------|--------|-----------
GET      GET /api/v1/reservas                                                            3844     0(0.00%) |      6       3      36      6 |   18.80        0.00
GET      GET /api/v1/reservas/{id}                                                       1257     0(0.00%) |      4       2      20      4 |    5.50        0.00
POST     POST /api/v1/auth/login                                                           50     0(0.00%) |   1221     536    1866   1100 |    0.00        0.00
--------|----------------------------------------------------------------------------|-------|-------------|-------|-------|-------|-------|--------|-----------
         Aggregated                                                                      5151     0(0.00%) |     17       2    1866      5 |   24.30        0.00

Type     Name                                                                          # reqs      # fails |    Avg     Min     Max    Med |   req/s  failures/s
--------|----------------------------------------------------------------------------|-------|-------------|-------|-------|-------|-------|--------|-----------
GET      GET /api/v1/reservas                                                            3880     0(0.00%) |      6       3      36      6 |   19.60        0.00
GET      GET /api/v1/reservas/{id}                                                       1270     0(0.00%) |      4       2      20      4 |    5.20        0.00
POST     POST /api/v1/auth/login                                                           50     0(0.00%) |   1221     536    1866   1100 |    0.00        0.00
--------|----------------------------------------------------------------------------|-------|-------------|-------|-------|-------|-------|--------|-----------
         Aggregated                                                                      5200     0(0.00%) |     17       2    1866      5 |   24.80        0.00

Type     Name                                                                          # reqs      # fails |    Avg     Min     Max    Med |   req/s  failures/s
--------|----------------------------------------------------------------------------|-------|-------------|-------|-------|-------|-------|--------|-----------
GET      GET /api/v1/reservas                                                            3918     0(0.00%) |      6       3      36      6 |   19.90        0.00
GET      GET /api/v1/reservas/{id}                                                       1283     0(0.00%) |      4       2      20      4 |    4.50        0.00
POST     POST /api/v1/auth/login                                                           50     0(0.00%) |   1221     536    1866   1100 |    0.00        0.00
--------|----------------------------------------------------------------------------|-------|-------------|-------|-------|-------|-------|--------|-----------
         Aggregated                                                                      5251     0(0.00%) |     17       2    1866      5 |   24.40        0.00

Type     Name                                                                          # reqs      # fails |    Avg     Min     Max    Med |   req/s  failures/s
--------|----------------------------------------------------------------------------|-------|-------------|-------|-------|-------|-------|--------|-----------
GET      GET /api/v1/reservas                                                            3952     0(0.00%) |      6       3      36      6 |   19.60        0.00
GET      GET /api/v1/reservas/{id}                                                       1297     0(0.00%) |      4       2      20      4 |    5.40        0.00
POST     POST /api/v1/auth/login                                                           50     0(0.00%) |   1221     536    1866   1100 |    0.00        0.00
--------|----------------------------------------------------------------------------|-------|-------------|-------|-------|-------|-------|--------|-----------
         Aggregated                                                                      5299     0(0.00%) |     17       2    1866      5 |   25.00        0.00

Type     Name                                                                          # reqs      # fails |    Avg     Min     Max    Med |   req/s  failures/s
--------|----------------------------------------------------------------------------|-------|-------------|-------|-------|-------|-------|--------|-----------
GET      GET /api/v1/reservas                                                            3994     0(0.00%) |      6       3      36      6 |   19.30        0.00
GET      GET /api/v1/reservas/{id}                                                       1311     0(0.00%) |      4       2      20      4 |    5.40        0.00
POST     POST /api/v1/auth/login                                                           50     0(0.00%) |   1221     536    1866   1100 |    0.00        0.00
--------|----------------------------------------------------------------------------|-------|-------------|-------|-------|-------|-------|--------|-----------
         Aggregated                                                                      5355     0(0.00%) |     17       2    1866      5 |   24.70        0.00

Type     Name                                                                          # reqs      # fails |    Avg     Min     Max    Med |   req/s  failures/s
--------|----------------------------------------------------------------------------|-------|-------------|-------|-------|-------|-------|--------|-----------
GET      GET /api/v1/reservas                                                            4030     0(0.00%) |      6       3      36      6 |   18.80        0.00
GET      GET /api/v1/reservas/{id}                                                       1322     0(0.00%) |      4       2      20      4 |    6.20        0.00
POST     POST /api/v1/auth/login                                                           50     0(0.00%) |   1221     536    1866   1100 |    0.00        0.00
--------|----------------------------------------------------------------------------|-------|-------------|-------|-------|-------|-------|--------|-----------
         Aggregated                                                                      5402     0(0.00%) |     17       2    1866      5 |   25.00        0.00

Type     Name                                                                          # reqs      # fails |    Avg     Min     Max    Med |   req/s  failures/s
--------|----------------------------------------------------------------------------|-------|-------------|-------|-------|-------|-------|--------|-----------
GET      GET /api/v1/reservas                                                            4068     0(0.00%) |      6       3      36      6 |   19.20        0.00
GET      GET /api/v1/reservas/{id}                                                       1333     0(0.00%) |      4       2      20      4 |    6.60        0.00
POST     POST /api/v1/auth/login                                                           50     0(0.00%) |   1221     536    1866   1100 |    0.00        0.00
--------|----------------------------------------------------------------------------|-------|-------------|-------|-------|-------|-------|--------|-----------
         Aggregated                                                                      5451     0(0.00%) |     17       2    1866      5 |   25.80        0.00

Type     Name                                                                          # reqs      # fails |    Avg     Min     Max    Med |   req/s  failures/s
--------|----------------------------------------------------------------------------|-------|-------------|-------|-------|-------|-------|--------|-----------
GET      GET /api/v1/reservas                                                            4106     0(0.00%) |      6       3      36      6 |   18.50        0.00
GET      GET /api/v1/reservas/{id}                                                       1341     0(0.00%) |      4       2      20      4 |    6.70        0.00
POST     POST /api/v1/auth/login                                                           50     0(0.00%) |   1221     536    1866   1100 |    0.00        0.00
--------|----------------------------------------------------------------------------|-------|-------------|-------|-------|-------|-------|--------|-----------
         Aggregated                                                                      5497     0(0.00%) |     16       2    1866      5 |   25.20        0.00

Type     Name                                                                          # reqs      # fails |    Avg     Min     Max    Med |   req/s  failures/s
--------|----------------------------------------------------------------------------|-------|-------------|-------|-------|-------|-------|--------|-----------
GET      GET /api/v1/reservas                                                            4151     0(0.00%) |      6       3      36      6 |   18.80        0.00
GET      GET /api/v1/reservas/{id}                                                       1355     0(0.00%) |      4       2      20      4 |    5.80        0.00
POST     POST /api/v1/auth/login                                                           50     0(0.00%) |   1221     536    1866   1100 |    0.00        0.00
--------|----------------------------------------------------------------------------|-------|-------------|-------|-------|-------|-------|--------|-----------
         Aggregated                                                                      5556     0(0.00%) |     16       2    1866      5 |   24.60        0.00

Type     Name                                                                          # reqs      # fails |    Avg     Min     Max    Med |   req/s  failures/s
--------|----------------------------------------------------------------------------|-------|-------------|-------|-------|-------|-------|--------|-----------
GET      GET /api/v1/reservas                                                            4197     0(0.00%) |      6       3      36      6 |   19.20        0.00
GET      GET /api/v1/reservas/{id}                                                       1364     0(0.00%) |      4       2      20      4 |    5.70        0.00
POST     POST /api/v1/auth/login                                                           50     0(0.00%) |   1221     536    1866   1100 |    0.00        0.00
--------|----------------------------------------------------------------------------|-------|-------------|-------|-------|-------|-------|--------|-----------
         Aggregated                                                                      5611     0(0.00%) |     16       2    1866      5 |   24.90        0.00

Type     Name                                                                          # reqs      # fails |    Avg     Min     Max    Med |   req/s  failures/s
--------|----------------------------------------------------------------------------|-------|-------------|-------|-------|-------|-------|--------|-----------
GET      GET /api/v1/reservas                                                            4228     0(0.00%) |      6       3      36      6 |   19.90        0.00
GET      GET /api/v1/reservas/{id}                                                       1379     0(0.00%) |      4       2      20      4 |    5.40        0.00
POST     POST /api/v1/auth/login                                                           50     0(0.00%) |   1221     536    1866   1100 |    0.00        0.00
--------|----------------------------------------------------------------------------|-------|-------------|-------|-------|-------|-------|--------|-----------
         Aggregated                                                                      5657     0(0.00%) |     16       2    1866      5 |   25.30        0.00

Type     Name                                                                          # reqs      # fails |    Avg     Min     Max    Med |   req/s  failures/s
--------|----------------------------------------------------------------------------|-------|-------------|-------|-------|-------|-------|--------|-----------
GET      GET /api/v1/reservas                                                            4263     0(0.00%) |      6       3      36      6 |   19.50        0.00
GET      GET /api/v1/reservas/{id}                                                       1395     0(0.00%) |      4       2      20      4 |    5.50        0.00
POST     POST /api/v1/auth/login                                                           50     0(0.00%) |   1221     536    1866   1100 |    0.00        0.00
--------|----------------------------------------------------------------------------|-------|-------------|-------|-------|-------|-------|--------|-----------
         Aggregated                                                                      5708     0(0.00%) |     16       2    1866      5 |   25.00        0.00

Type     Name                                                                          # reqs      # fails |    Avg     Min     Max    Med |   req/s  failures/s
--------|----------------------------------------------------------------------------|-------|-------------|-------|-------|-------|-------|--------|-----------
GET      GET /api/v1/reservas                                                            4306     0(0.00%) |      6       3      36      6 |   19.50        0.00
GET      GET /api/v1/reservas/{id}                                                       1401     0(0.00%) |      4       2      20      4 |    5.80        0.00
POST     POST /api/v1/auth/login                                                           50     0(0.00%) |   1221     536    1866   1100 |    0.00        0.00
--------|----------------------------------------------------------------------------|-------|-------------|-------|-------|-------|-------|--------|-----------
         Aggregated                                                                      5757     0(0.00%) |     16       2    1866      5 |   25.30        0.00

Type     Name                                                                          # reqs      # fails |    Avg     Min     Max    Med |   req/s  failures/s
--------|----------------------------------------------------------------------------|-------|-------------|-------|-------|-------|-------|--------|-----------
GET      GET /api/v1/reservas                                                            4344     0(0.00%) |      6       3      36      6 |   19.10        0.00
GET      GET /api/v1/reservas/{id}                                                       1411     0(0.00%) |      4       2      20      4 |    5.90        0.00
POST     POST /api/v1/auth/login                                                           50     0(0.00%) |   1221     536    1866   1100 |    0.00        0.00
--------|----------------------------------------------------------------------------|-------|-------------|-------|-------|-------|-------|--------|-----------
         Aggregated                                                                      5805     0(0.00%) |     16       2    1866      5 |   25.00        0.00

Type     Name                                                                          # reqs      # fails |    Avg     Min     Max    Med |   req/s  failures/s
--------|----------------------------------------------------------------------------|-------|-------------|-------|-------|-------|-------|--------|-----------
GET      GET /api/v1/reservas                                                            4383     0(0.00%) |      6       3      36      6 |   19.10        0.00
GET      GET /api/v1/reservas/{id}                                                       1422     0(0.00%) |      4       2      20      4 |    6.00        0.00
POST     POST /api/v1/auth/login                                                           50     0(0.00%) |   1221     536    1866   1100 |    0.00        0.00
--------|----------------------------------------------------------------------------|-------|-------------|-------|-------|-------|-------|--------|-----------
         Aggregated                                                                      5855     0(0.00%) |     16       2    1866      5 |   25.10        0.00

Type     Name                                                                          # reqs      # fails |    Avg     Min     Max    Med |   req/s  failures/s
--------|----------------------------------------------------------------------------|-------|-------------|-------|-------|-------|-------|--------|-----------
GET      GET /api/v1/reservas                                                            4418     0(0.00%) |      6       3      36      6 |   19.40        0.00
GET      GET /api/v1/reservas/{id}                                                       1434     0(0.00%) |      4       2      20      4 |    5.80        0.00
POST     POST /api/v1/auth/login                                                           50     0(0.00%) |   1221     536    1866   1100 |    0.00        0.00
--------|----------------------------------------------------------------------------|-------|-------------|-------|-------|-------|-------|--------|-----------
         Aggregated                                                                      5902     0(0.00%) |     16       2    1866      5 |   25.20        0.00

Type     Name                                                                          # reqs      # fails |    Avg     Min     Max    Med |   req/s  failures/s
--------|----------------------------------------------------------------------------|-------|-------------|-------|-------|-------|-------|--------|-----------
GET      GET /api/v1/reservas                                                            4456     0(0.00%) |      6       3      36      6 |   18.80        0.00
GET      GET /api/v1/reservas/{id}                                                       1448     0(0.00%) |      4       2      20      4 |    5.80        0.00
POST     POST /api/v1/auth/login                                                           50     0(0.00%) |   1221     536    1866   1100 |    0.00        0.00
--------|----------------------------------------------------------------------------|-------|-------------|-------|-------|-------|-------|--------|-----------
         Aggregated                                                                      5954     0(0.00%) |     16       2    1866      5 |   24.60        0.00

Type     Name                                                                          # reqs      # fails |    Avg     Min     Max    Med |   req/s  failures/s
--------|----------------------------------------------------------------------------|-------|-------------|-------|-------|-------|-------|--------|-----------
GET      GET /api/v1/reservas                                                            4495     0(0.00%) |      6       3      36      6 |   19.40        0.00
GET      GET /api/v1/reservas/{id}                                                       1457     0(0.00%) |      4       2      20      4 |    5.40        0.00
POST     POST /api/v1/auth/login                                                           50     0(0.00%) |   1221     536    1866   1100 |    0.00        0.00
--------|----------------------------------------------------------------------------|-------|-------------|-------|-------|-------|-------|--------|-----------
         Aggregated                                                                      6002     0(0.00%) |     16       2    1866      5 |   24.80        0.00

Type     Name                                                                          # reqs      # fails |    Avg     Min     Max    Med |   req/s  failures/s
--------|----------------------------------------------------------------------------|-------|-------------|-------|-------|-------|-------|--------|-----------
GET      GET /api/v1/reservas                                                            4533     0(0.00%) |      6       3      36      6 |   19.90        0.00
GET      GET /api/v1/reservas/{id}                                                       1471     0(0.00%) |      4       2      20      4 |    5.60        0.00
POST     POST /api/v1/auth/login                                                           50     0(0.00%) |   1221     536    1866   1100 |    0.00        0.00
--------|----------------------------------------------------------------------------|-------|-------------|-------|-------|-------|-------|--------|-----------
         Aggregated                                                                      6054     0(0.00%) |     15       2    1866      5 |   25.50        0.00

Type     Name                                                                          # reqs      # fails |    Avg     Min     Max    Med |   req/s  failures/s
--------|----------------------------------------------------------------------------|-------|-------------|-------|-------|-------|-------|--------|-----------
GET      GET /api/v1/reservas                                                            4567     0(0.00%) |      6       3      36      6 |   19.30        0.00
GET      GET /api/v1/reservas/{id}                                                       1488     0(0.00%) |      4       2      29      4 |    6.00        0.00
POST     POST /api/v1/auth/login                                                           50     0(0.00%) |   1221     536    1866   1100 |    0.00        0.00
--------|----------------------------------------------------------------------------|-------|-------------|-------|-------|-------|-------|--------|-----------
         Aggregated                                                                      6105     0(0.00%) |     15       2    1866      5 |   25.30        0.00

Type     Name                                                                          # reqs      # fails |    Avg     Min     Max    Med |   req/s  failures/s
--------|----------------------------------------------------------------------------|-------|-------------|-------|-------|-------|-------|--------|-----------
GET      GET /api/v1/reservas                                                            4602     0(0.00%) |      6       3      36      6 |   18.60        0.00
GET      GET /api/v1/reservas/{id}                                                       1496     0(0.00%) |      4       2      29      4 |    5.80        0.00
POST     POST /api/v1/auth/login                                                           50     0(0.00%) |   1221     536    1866   1100 |    0.00        0.00
--------|----------------------------------------------------------------------------|-------|-------------|-------|-------|-------|-------|--------|-----------
         Aggregated                                                                      6148     0(0.00%) |     15       2    1866      6 |   24.40        0.00

Type     Name                                                                          # reqs      # fails |    Avg     Min     Max    Med |   req/s  failures/s
--------|----------------------------------------------------------------------------|-------|-------------|-------|-------|-------|-------|--------|-----------
GET      GET /api/v1/reservas                                                            4638     0(0.00%) |      6       3      36      6 |   18.20        0.00
GET      GET /api/v1/reservas/{id}                                                       1513     0(0.00%) |      4       2      29      4 |    6.20        0.00
POST     POST /api/v1/auth/login                                                           50     0(0.00%) |   1221     536    1866   1100 |    0.00        0.00
--------|----------------------------------------------------------------------------|-------|-------------|-------|-------|-------|-------|--------|-----------
         Aggregated                                                                      6201     0(0.00%) |     15       2    1866      5 |   24.40        0.00

Type     Name                                                                          # reqs      # fails |    Avg     Min     Max    Med |   req/s  failures/s
--------|----------------------------------------------------------------------------|-------|-------------|-------|-------|-------|-------|--------|-----------
GET      GET /api/v1/reservas                                                            4670     0(0.00%) |      6       3      36      6 |   18.20        0.00
GET      GET /api/v1/reservas/{id}                                                       1528     0(0.00%) |      4       2      29      4 |    6.60        0.00
POST     POST /api/v1/auth/login                                                           50     0(0.00%) |   1221     536    1866   1100 |    0.00        0.00
--------|----------------------------------------------------------------------------|-------|-------------|-------|-------|-------|-------|--------|-----------
         Aggregated                                                                      6248     0(0.00%) |     15       2    1866      6 |   24.80        0.00

Type     Name                                                                          # reqs      # fails |    Avg     Min     Max    Med |   req/s  failures/s
--------|----------------------------------------------------------------------------|-------|-------------|-------|-------|-------|-------|--------|-----------
GET      GET /api/v1/reservas                                                            4701     0(0.00%) |      6       3      36      6 |   17.70        0.00
GET      GET /api/v1/reservas/{id}                                                       1547     0(0.00%) |      4       2      29      4 |    6.90        0.00
POST     POST /api/v1/auth/login                                                           50     0(0.00%) |   1221     536    1866   1100 |    0.00        0.00
--------|----------------------------------------------------------------------------|-------|-------------|-------|-------|-------|-------|--------|-----------
         Aggregated                                                                      6298     0(0.00%) |     15       2    1866      6 |   24.60        0.00

Type     Name                                                                          # reqs      # fails |    Avg     Min     Max    Med |   req/s  failures/s
--------|----------------------------------------------------------------------------|-------|-------------|-------|-------|-------|-------|--------|-----------
GET      GET /api/v1/reservas                                                            4736     0(0.00%) |      6       3      36      6 |   17.30        0.00
GET      GET /api/v1/reservas/{id}                                                       1560     0(0.00%) |      4       2      29      4 |    7.30        0.00
POST     POST /api/v1/auth/login                                                           50     0(0.00%) |   1221     536    1866   1100 |    0.00        0.00
--------|----------------------------------------------------------------------------|-------|-------------|-------|-------|-------|-------|--------|-----------
         Aggregated                                                                      6346     0(0.00%) |     15       2    1866      6 |   24.60        0.00

Type     Name                                                                          # reqs      # fails |    Avg     Min     Max    Med |   req/s  failures/s
--------|----------------------------------------------------------------------------|-------|-------------|-------|-------|-------|-------|--------|-----------
GET      GET /api/v1/reservas                                                            4772     0(0.00%) |      6       3      36      6 |   16.30        0.00
GET      GET /api/v1/reservas/{id}                                                       1570     0(0.00%) |      4       2      29      4 |    8.10        0.00
POST     POST /api/v1/auth/login                                                           50     0(0.00%) |   1221     536    1866   1100 |    0.00        0.00
--------|----------------------------------------------------------------------------|-------|-------------|-------|-------|-------|-------|--------|-----------
         Aggregated                                                                      6392     0(0.00%) |     15       2    1866      6 |   24.40        0.00

Type     Name                                                                          # reqs      # fails |    Avg     Min     Max    Med |   req/s  failures/s
--------|----------------------------------------------------------------------------|-------|-------------|-------|-------|-------|-------|--------|-----------
GET      GET /api/v1/reservas                                                            4807     0(0.00%) |      6       3      36      6 |   17.10        0.00
GET      GET /api/v1/reservas/{id}                                                       1584     0(0.00%) |      4       2      29      4 |    7.20        0.00
POST     POST /api/v1/auth/login                                                           50     0(0.00%) |   1221     536    1866   1100 |    0.00        0.00
--------|----------------------------------------------------------------------------|-------|-------------|-------|-------|-------|-------|--------|-----------
         Aggregated                                                                      6441     0(0.00%) |     15       2    1866      5 |   24.30        0.00

Type     Name                                                                          # reqs      # fails |    Avg     Min     Max    Med |   req/s  failures/s
--------|----------------------------------------------------------------------------|-------|-------------|-------|-------|-------|-------|--------|-----------
GET      GET /api/v1/reservas                                                            4844     0(0.00%) |      6       3      36      6 |   16.60        0.00
GET      GET /api/v1/reservas/{id}                                                       1600     0(0.00%) |      4       2      29      4 |    7.00        0.00
POST     POST /api/v1/auth/login                                                           50     0(0.00%) |   1221     536    1866   1100 |    0.00        0.00
--------|----------------------------------------------------------------------------|-------|-------------|-------|-------|-------|-------|--------|-----------
         Aggregated                                                                      6494     0(0.00%) |     15       2    1866      5 |   23.60        0.00

Type     Name                                                                          # reqs      # fails |    Avg     Min     Max    Med |   req/s  failures/s
--------|----------------------------------------------------------------------------|-------|-------------|-------|-------|-------|-------|--------|-----------
GET      GET /api/v1/reservas                                                            4878     0(0.00%) |      6       3      36      6 |   16.80        0.00
GET      GET /api/v1/reservas/{id}                                                       1613     0(0.00%) |      4       2      29      4 |    7.20        0.00
POST     POST /api/v1/auth/login                                                           50     0(0.00%) |   1221     536    1866   1100 |    0.00        0.00
--------|----------------------------------------------------------------------------|-------|-------------|-------|-------|-------|-------|--------|-----------
         Aggregated                                                                      6541     0(0.00%) |     15       2    1866      5 |   24.00        0.00

Type     Name                                                                          # reqs      # fails |    Avg     Min     Max    Med |   req/s  failures/s
--------|----------------------------------------------------------------------------|-------|-------------|-------|-------|-------|-------|--------|-----------
GET      GET /api/v1/reservas                                                            4927     0(0.00%) |      6       3      36      6 |   17.80        0.00
GET      GET /api/v1/reservas/{id}                                                       1624     0(0.00%) |      4       2      29      4 |    6.90        0.00
POST     POST /api/v1/auth/login                                                           50     0(0.00%) |   1221     536    1866   1100 |    0.00        0.00
--------|----------------------------------------------------------------------------|-------|-------------|-------|-------|-------|-------|--------|-----------
         Aggregated                                                                      6601     0(0.00%) |     15       2    1866      5 |   24.70        0.00

Type     Name                                                                          # reqs      # fails |    Avg     Min     Max    Med |   req/s  failures/s
--------|----------------------------------------------------------------------------|-------|-------------|-------|-------|-------|-------|--------|-----------
GET      GET /api/v1/reservas                                                            4960     0(0.00%) |      6       3      36      6 |   18.90        0.00
GET      GET /api/v1/reservas/{id}                                                       1633     0(0.00%) |      4       2      29      4 |    6.10        0.00
POST     POST /api/v1/auth/login                                                           50     0(0.00%) |   1221     536    1866   1100 |    0.00        0.00
--------|----------------------------------------------------------------------------|-------|-------------|-------|-------|-------|-------|--------|-----------
         Aggregated                                                                      6643     0(0.00%) |     15       2    1866      5 |   25.00        0.00

Type     Name                                                                          # reqs      # fails |    Avg     Min     Max    Med |   req/s  failures/s
--------|----------------------------------------------------------------------------|-------|-------------|-------|-------|-------|-------|--------|-----------
GET      GET /api/v1/reservas                                                            4992     0(0.00%) |      6       3      36      6 |   18.80        0.00
GET      GET /api/v1/reservas/{id}                                                       1653     0(0.00%) |      4       2      29      4 |    6.40        0.00
POST     POST /api/v1/auth/login                                                           50     0(0.00%) |   1221     536    1866   1100 |    0.00        0.00
--------|----------------------------------------------------------------------------|-------|-------------|-------|-------|-------|-------|--------|-----------
         Aggregated                                                                      6695     0(0.00%) |     14       2    1866      5 |   25.20        0.00

Type     Name                                                                          # reqs      # fails |    Avg     Min     Max    Med |   req/s  failures/s
--------|----------------------------------------------------------------------------|-------|-------------|-------|-------|-------|-------|--------|-----------
GET      GET /api/v1/reservas                                                            5033     0(0.00%) |      6       3      36      6 |   18.90        0.00
GET      GET /api/v1/reservas/{id}                                                       1666     0(0.00%) |      4       2      29      4 |    6.90        0.00
POST     POST /api/v1/auth/login                                                           50     0(0.00%) |   1221     536    1866   1100 |    0.00        0.00
--------|----------------------------------------------------------------------------|-------|-------------|-------|-------|-------|-------|--------|-----------
         Aggregated                                                                      6749     0(0.00%) |     14       2    1866      5 |   25.80        0.00

Type     Name                                                                          # reqs      # fails |    Avg     Min     Max    Med |   req/s  failures/s
--------|----------------------------------------------------------------------------|-------|-------------|-------|-------|-------|-------|--------|-----------
GET      GET /api/v1/reservas                                                            5070     0(0.00%) |      6       3      36      6 |   19.00        0.00
GET      GET /api/v1/reservas/{id}                                                       1679     0(0.00%) |      4       2      29      4 |    6.70        0.00
POST     POST /api/v1/auth/login                                                           50     0(0.00%) |   1221     536    1866   1100 |    0.00        0.00
--------|----------------------------------------------------------------------------|-------|-------------|-------|-------|-------|-------|--------|-----------
         Aggregated                                                                      6799     0(0.00%) |     14       2    1866      5 |   25.70        0.00

Type     Name                                                                          # reqs      # fails |    Avg     Min     Max    Med |   req/s  failures/s
--------|----------------------------------------------------------------------------|-------|-------------|-------|-------|-------|-------|--------|-----------
GET      GET /api/v1/reservas                                                            5110     0(0.00%) |      6       3      36      6 |   18.40        0.00
GET      GET /api/v1/reservas/{id}                                                       1693     0(0.00%) |      4       2      29      4 |    6.50        0.00
POST     POST /api/v1/auth/login                                                           50     0(0.00%) |   1221     536    1866   1100 |    0.00        0.00
--------|----------------------------------------------------------------------------|-------|-------------|-------|-------|-------|-------|--------|-----------
         Aggregated                                                                      6853     0(0.00%) |     14       2    1866      5 |   24.90        0.00

Type     Name                                                                          # reqs      # fails |    Avg     Min     Max    Med |   req/s  failures/s
--------|----------------------------------------------------------------------------|-------|-------------|-------|-------|-------|-------|--------|-----------
GET      GET /api/v1/reservas                                                            5148     0(0.00%) |      6       3      36      6 |   18.70        0.00
GET      GET /api/v1/reservas/{id}                                                       1706     0(0.00%) |      4       2      29      4 |    6.80        0.00
POST     POST /api/v1/auth/login                                                           50     0(0.00%) |   1221     536    1866   1100 |    0.00        0.00
--------|----------------------------------------------------------------------------|-------|-------------|-------|-------|-------|-------|--------|-----------
         Aggregated                                                                      6904     0(0.00%) |     14       2    1866      5 |   25.50        0.00

Type     Name                                                                          # reqs      # fails |    Avg     Min     Max    Med |   req/s  failures/s
--------|----------------------------------------------------------------------------|-------|-------------|-------|-------|-------|-------|--------|-----------
GET      GET /api/v1/reservas                                                            5183     0(0.00%) |      6       3      36      6 |   18.40        0.00
GET      GET /api/v1/reservas/{id}                                                       1717     0(0.00%) |      4       2      29      4 |    7.00        0.00
POST     POST /api/v1/auth/login                                                           50     0(0.00%) |   1221     536    1866   1100 |    0.00        0.00
--------|----------------------------------------------------------------------------|-------|-------------|-------|-------|-------|-------|--------|-----------
         Aggregated                                                                      6950     0(0.00%) |     14       2    1866      5 |   25.40        0.00

Type     Name                                                                          # reqs      # fails |    Avg     Min     Max    Med |   req/s  failures/s
--------|----------------------------------------------------------------------------|-------|-------------|-------|-------|-------|-------|--------|-----------
GET      GET /api/v1/reservas                                                            5216     0(0.00%) |      6       3      36      6 |   18.90        0.00
GET      GET /api/v1/reservas/{id}                                                       1737     0(0.00%) |      4       2      29      4 |    6.40        0.00
POST     POST /api/v1/auth/login                                                           50     0(0.00%) |   1221     536    1866   1100 |    0.00        0.00
--------|----------------------------------------------------------------------------|-------|-------------|-------|-------|-------|-------|--------|-----------
         Aggregated                                                                      7003     0(0.00%) |     14       2    1866      5 |   25.30        0.00

Type     Name                                                                          # reqs      # fails |    Avg     Min     Max    Med |   req/s  failures/s
--------|----------------------------------------------------------------------------|-------|-------------|-------|-------|-------|-------|--------|-----------
GET      GET /api/v1/reservas                                                            5256     0(0.00%) |      6       3      36      6 |   18.50        0.00
GET      GET /api/v1/reservas/{id}                                                       1742     0(0.00%) |      4       2      29      4 |    6.80        0.00
POST     POST /api/v1/auth/login                                                           50     0(0.00%) |   1221     536    1866   1100 |    0.00        0.00
--------|----------------------------------------------------------------------------|-------|-------------|-------|-------|-------|-------|--------|-----------
         Aggregated                                                                      7048     0(0.00%) |     14       2    1866      5 |   25.30        0.00

Type     Name                                                                          # reqs      # fails |    Avg     Min     Max    Med |   req/s  failures/s
--------|----------------------------------------------------------------------------|-------|-------------|-------|-------|-------|-------|--------|-----------
GET      GET /api/v1/reservas                                                            5296     0(0.00%) |      6       3      36      6 |   18.40        0.00
GET      GET /api/v1/reservas/{id}                                                       1754     0(0.00%) |      4       2      29      4 |    6.60        0.00
POST     POST /api/v1/auth/login                                                           50     0(0.00%) |   1221     536    1866   1100 |    0.00        0.00
--------|----------------------------------------------------------------------------|-------|-------------|-------|-------|-------|-------|--------|-----------
         Aggregated                                                                      7100     0(0.00%) |     14       2    1866      5 |   25.00        0.00

Type     Name                                                                          # reqs      # fails |    Avg     Min     Max    Med |   req/s  failures/s
--------|----------------------------------------------------------------------------|-------|-------------|-------|-------|-------|-------|--------|-----------
GET      GET /api/v1/reservas                                                            5334     0(0.00%) |      6       3      36      6 |   18.80        0.00
GET      GET /api/v1/reservas/{id}                                                       1768     0(0.00%) |      4       2      29      4 |    6.10        0.00
POST     POST /api/v1/auth/login                                                           50     0(0.00%) |   1221     536    1866   1100 |    0.00        0.00
--------|----------------------------------------------------------------------------|-------|-------------|-------|-------|-------|-------|--------|-----------
         Aggregated                                                                      7152     0(0.00%) |     14       2    1866      5 |   24.90        0.00

Type     Name                                                                          # reqs      # fails |    Avg     Min     Max    Med |   req/s  failures/s
--------|----------------------------------------------------------------------------|-------|-------------|-------|-------|-------|-------|--------|-----------
GET      GET /api/v1/reservas                                                            5370     0(0.00%) |      6       3      36      6 |   19.30        0.00
GET      GET /api/v1/reservas/{id}                                                       1782     0(0.00%) |      4       2      29      4 |    6.70        0.00
POST     POST /api/v1/auth/login                                                           50     0(0.00%) |   1221     536    1866   1100 |    0.00        0.00
--------|----------------------------------------------------------------------------|-------|-------------|-------|-------|-------|-------|--------|-----------
         Aggregated                                                                      7202     0(0.00%) |     14       2    1866      5 |   26.00        0.00

Type     Name                                                                          # reqs      # fails |    Avg     Min     Max    Med |   req/s  failures/s
--------|----------------------------------------------------------------------------|-------|-------------|-------|-------|-------|-------|--------|-----------
GET      GET /api/v1/reservas                                                            5401     0(0.00%) |      6       3      36      6 |   18.30        0.00
GET      GET /api/v1/reservas/{id}                                                       1802     0(0.00%) |      4       2      29      4 |    6.70        0.00
POST     POST /api/v1/auth/login                                                           50     0(0.00%) |   1221     536    1866   1100 |    0.00        0.00
--------|----------------------------------------------------------------------------|-------|-------------|-------|-------|-------|-------|--------|-----------
         Aggregated                                                                      7253     0(0.00%) |     14       2    1866      5 |   25.00        0.00

Type     Name                                                                          # reqs      # fails |    Avg     Min     Max    Med |   req/s  failures/s
--------|----------------------------------------------------------------------------|-------|-------------|-------|-------|-------|-------|--------|-----------
GET      GET /api/v1/reservas                                                            5439     0(0.00%) |      6       3      36      6 |   18.40        0.00
GET      GET /api/v1/reservas/{id}                                                       1814     0(0.00%) |      4       2      29      4 |    6.60        0.00
POST     POST /api/v1/auth/login                                                           50     0(0.00%) |   1221     536    1866   1100 |    0.00        0.00
--------|----------------------------------------------------------------------------|-------|-------------|-------|-------|-------|-------|--------|-----------
         Aggregated                                                                      7303     0(0.00%) |     14       2    1866      5 |   25.00        0.00

Type     Name                                                                          # reqs      # fails |    Avg     Min     Max    Med |   req/s  failures/s
--------|----------------------------------------------------------------------------|-------|-------------|-------|-------|-------|-------|--------|-----------
GET      GET /api/v1/reservas                                                            5470     0(0.00%) |      6       3      36      6 |   18.30        0.00
GET      GET /api/v1/reservas/{id}                                                       1830     0(0.00%) |      4       2      29      4 |    7.00        0.00
POST     POST /api/v1/auth/login                                                           50     0(0.00%) |   1221     536    1866   1100 |    0.00        0.00
--------|----------------------------------------------------------------------------|-------|-------------|-------|-------|-------|-------|--------|-----------
         Aggregated                                                                      7350     0(0.00%) |     14       2    1866      5 |   25.30        0.00

Type     Name                                                                          # reqs      # fails |    Avg     Min     Max    Med |   req/s  failures/s
--------|----------------------------------------------------------------------------|-------|-------------|-------|-------|-------|-------|--------|-----------
GET      GET /api/v1/reservas                                                            5513     0(0.00%) |      6       3      36      6 |   17.20        0.00
GET      GET /api/v1/reservas/{id}                                                       1839     0(0.00%) |      4       2      29      4 |    7.60        0.00
POST     POST /api/v1/auth/login                                                           50     0(0.00%) |   1221     536    1866   1100 |    0.00        0.00
--------|----------------------------------------------------------------------------|-------|-------------|-------|-------|-------|-------|--------|-----------
         Aggregated                                                                      7402     0(0.00%) |     14       2    1866      5 |   24.80        0.00

Type     Name                                                                          # reqs      # fails |    Avg     Min     Max    Med |   req/s  failures/s
--------|----------------------------------------------------------------------------|-------|-------------|-------|-------|-------|-------|--------|-----------
GET      GET /api/v1/reservas                                                            5552     0(0.00%) |      6       3      36      6 |   17.30        0.00
GET      GET /api/v1/reservas/{id}                                                       1850     0(0.00%) |      4       2      29      4 |    6.80        0.00
POST     POST /api/v1/auth/login                                                           50     0(0.00%) |   1221     536    1866   1100 |    0.00        0.00
--------|----------------------------------------------------------------------------|-------|-------------|-------|-------|-------|-------|--------|-----------
         Aggregated                                                                      7452     0(0.00%) |     14       2    1866      5 |   24.10        0.00

[2026-09-20 18:23:01,339] pfc-pruebas-e1/INFO/locust.main: --run-time limit reached, shutting down
[2026-09-20 18:23:01,436] pfc-pruebas-e1/INFO/locust.main: writing html report to file: /home/ubuntu/PFC_ISSUE32/experimentos/resultados/raw/eficiencia_nominal_50u_5m_poblada/rep-08/locust-report.html
[2026-09-20 18:23:01,439] pfc-pruebas-e1/INFO/locust.main: Shutting down (exit code 0)
Type     Name                                                                          # reqs      # fails |    Avg     Min     Max    Med |   req/s  failures/s
--------|----------------------------------------------------------------------------|-------|-------------|-------|-------|-------|-------|--------|-----------
GET      GET /api/v1/reservas                                                            5582     0(0.00%) |      6       3      36      6 |   18.62        0.00
GET      GET /api/v1/reservas/{id}                                                       1862     0(0.00%) |      4       2      29      4 |    6.21        0.00
POST     POST /api/v1/auth/login                                                           50     0(0.00%) |   1221     536    1866   1100 |    0.17        0.00
--------|----------------------------------------------------------------------------|-------|-------------|-------|-------|-------|-------|--------|-----------
         Aggregated                                                                      7494     0(0.00%) |     13       2    1866      5 |   24.99        0.00

Response time percentiles (approximated)
Type     Name                                                                                  50%    66%    75%    80%    90%    95%    98%    99%  99.9% 99.99%   100% # reqs
--------|--------------------------------------------------------------------------------|--------|------|------|------|------|------|------|------|------|------|------|------
GET      GET /api/v1/reservas                                                                    6      6      7      7      8     10     12     16     29     37     37   5582
GET      GET /api/v1/reservas/{id}                                                               4      5      5      5      6      8     10     13     26     29     29   1862
POST     POST /api/v1/auth/login                                                              1200   1300   1500   1600   1700   1800   1900   1900   1900   1900   1900     50
--------|--------------------------------------------------------------------------------|--------|------|------|------|------|------|------|------|------|------|------|------
         Aggregated                                                                              5      6      7      7      8     10     13     21   1700   1900   1900   7494

