Timestamp,User Count,Type,Name,Requests/s,Failures/s,50%,66%,75%,80%,90%,95%,98%,99%,99.9%,99.99%,100%,Total Request Count,Total Failure Count,Total Median Response Time,Total Average Response Time,Total Min Response Time,Total Max Response Time,Total Average Content Size
1789928281,0,,Aggregated,0.000000,0.000000,N/A,N/A,N/A,N/A,N/A,N/A,N/A,N/A,N/A,N/A,N/A,0,0,0,0.0,0,0,0
1789928282,10,GET,GET /api/v1/reservas,0.000000,0.000000,0,0,0,0,0,0,0,0,0,0,0,6,0,8,9.879866663444167,6.532953004352748,20.90803999453783,8965.0
1789928282,10,POST,POST /api/v1/auth/login,0.000000,0.000000,0,0,0,0,0,0,0,0,0,0,0,6,0,900.0,852.2597609990044,536.376638992806,974.1450549918227,1622.0
1789928282,10,,Aggregated,0.000000,0.000000,0,0,0,0,0,0,0,0,0,0,0,12,0,21,431.0698138312243,6.532953004352748,974.1450549918227,5293.5
1789928283,20,GET,GET /api/v1/reservas,0.000000,0.000000,0,0,0,0,0,0,0,0,0,0,0,17,0,8,8.960945823620182,5.803396008559503,20.90803999453783,8965.0
1789928283,20,POST,POST /api/v1/auth/login,0.000000,0.000000,0,0,0,0,0,0,0,0,0,0,0,17,0,940.0,916.690478057717,536.376638992806,1128.2167640019907,1622.0
1789928283,20,,Aggregated,0.000000,0.000000,540,910,940,960,1000,1100,1100,1100,1100,1100,1100,34,0,21,462.82571194066855,5.803396008559503,1128.2167640019907,5293.5
1789928284,30,GET,GET /api/v1/reservas,0.000000,0.000000,9,10,11,11,24,29,29,29,29,29,29,26,0,8,10.328764538616479,5.803396008559503,28.89101899927482,8965.0
1789928284,30,GET,GET /api/v1/reservas/{id},0.000000,0.000000,0,0,0,0,0,0,0,0,0,0,0,2,0,6,7.882922000135295,5.620267998892814,10.145576001377776,442.0
1789928284,30,POST,POST /api/v1/auth/login,0.000000,0.000000,940,960,1000,1000,1000,1200,1200,1200,1200,1200,1200,22,0,940.0,931.3238343628738,536.376638992806,1160.9934120060643,1622.0
1789928284,30,,Aggregated,0.000000,0.000000,21,880,930,960,1000,1100,1200,1200,1200,1200,1200,50,0,14,415.4687615597504,5.620267998892814,1160.9934120060643,5393.16
1789928285,40,GET,GET /api/v1/reservas,5.000000,0.000000,8,10,10,11,14,24,29,29,29,29,29,42,0,8,9.894063120078673,5.803396008559503,28.89101899927482,8965.0
1789928285,40,GET,GET /api/v1/reservas/{id},0.000000,0.000000,11,11,13,13,13,13,13,13,13,13,13,5,0,10,9.17922219960019,5.620267998892814,12.756113996147178,442.0
1789928285,40,POST,POST /api/v1/auth/login,5.000000,0.000000,1000,1200,1500,1600,1700,1700,1700,1700,1700,1700,1700,30,0,990.0,1088.4635614653234,536.376638992806,1746.2193519895663,1622.0
1789928285,40,,Aggregated,10.000000,0.000000,11,820,940,990,1200,1600,1700,1700,1700,1700,1700,77,0,11,430.06952735066244,5.620267998892814,1746.2193519895663,5550.649350649351
1789928286,50,GET,GET /api/v1/reservas,7.666667,0.000000,8,9,10,10,12,17,29,29,29,29,29,59,0,8,9.277528983548725,5.453674995806068,28.89101899927482,8965.0
1789928286,50,GET,GET /api/v1/reservas/{id},0.333333,0.000000,11,11,13,13,13,13,13,13,13,13,13,5,0,10,9.17922219960019,5.620267998892814,12.756113996147178,442.0
1789928286,50,POST,POST /api/v1/auth/login,6.666667,0.000000,1200,1600,1700,1700,1800,1800,1900,1900,1900,1900,1900,40,0,1100.0,1207.2205954238598,536.376638992806,1866.7638240003726,1622.0
1789928286,50,,Aggregated,14.666667,0.000000,11,840,980,1100,1600,1700,1800,1800,1900,1900,1900,104,0,11,470.02013594213236,5.453674995806068,1866.7638240003726,5731.009615384615
1789928287,50,GET,GET /api/v1/reservas,8.250000,0.000000,8,9,10,10,12,24,35,36,36,36,36,86,0,8,9.29384633728173,4.260997986420989,35.95072899770457,8965.0
1789928287,50,GET,GET /api/v1/reservas/{id},1.000000,0.000000,6,11,11,13,13,13,13,13,13,13,13,6,0,6,8.327065666283792,4.066282999701798,12.756113996147178,442.0
1789928287,50,POST,POST /api/v1/auth/login,6.250000,0.000000,1300,1500,1600,1700,1800,1800,1900,1900,1900,1900,1900,50,0,1100.0,1221.6992916393792,536.376638992806,1866.7638240003726,1622.0
1789928287,50,,Aggregated,15.500000,0.000000,10,640,980,1100,1400,1700,1800,1800,1900,1900,1900,142,0,10,436.15632226037246,4.066282999701798,1866.7638240003726,6019.30985915493
1789928288,50,GET,GET /api/v1/reservas,9.400000,0.000000,7,8,9,10,11,17,35,36,36,36,36,105,0,7,8.59324949532969,4.199054004857317,35.95072899770457,8965.0
1789928288,50,GET,GET /api/v1/reservas/{id},1.000000,0.000000,6,6,6,11,13,13,13,13,13,13,13,10,0,6,6.6711988998577,3.3897070097737014,12.756113996147178,442.0
1789928288,50,POST,POST /api/v1/auth/login,6.400000,0.000000,1300,1500,1600,1700,1800,1800,1900,1900,1900,1900,1900,50,0,1100.0,1221.6992916393792,536.376638992806,1866.7638240003726,1622.0
1789928288,50,,Aggregated,16.800000,0.000000,9,14,930,1000,1300,1600,1800,1800,1900,1900,1900,165,0,9,376.08465313925547,3.3897070097737014,1866.7638240003726,6223.30303030303
1789928289,50,GET,GET /api/v1/reservas,12.833333,0.000000,7,8,9,9,11,14,29,35,36,36,36,123,0,7,8.315232089754739,3.887732993462123,35.95072899770457,8965.0
1789928289,50,GET,GET /api/v1/reservas/{id},0.833333,0.000000,4,5,6,6,11,13,13,13,13,13,13,19,0,4,5.796827790235463,3.3897070097737014,12.756113996147178,442.0
1789928289,50,POST,POST /api/v1/auth/login,8.333333,0.000000,1300,1500,1600,1700,1800,1800,1900,1900,1900,1900,1900,50,0,1100.0,1221.6992916393792,536.376638992806,1866.7638240003726,1622.0
1789928289,50,,Aggregated,22.000000,0.000000,8,11,780,950,1300,1600,1800,1800,1900,1900,1900,192,0,8,324.0514471719962,3.3897070097737014,1866.7638240003726,6209.338541666667
1789928290,50,GET,GET /api/v1/reservas,13.571429,0.000000,7,8,8,9,11,14,29,35,36,36,36,141,0,7,8.06111321311464,3.887732993462123,35.95072899770457,8965.0
1789928290,50,GET,GET /api/v1/reservas/{id},1.000000,0.000000,4,5,5,6,11,11,13,13,13,13,13,26,0,4,5.340197424699839,3.3703780063660815,12.756113996147178,442.0
1789928290,50,POST,POST /api/v1/auth/login,7.142857,0.000000,1300,1500,1600,1700,1800,1800,1900,1900,1900,1900,1900,50,0,1100.0,1221.6992916393792,536.376638992806,1866.7638240003726,1622.0
1789928290,50,,Aggregated,21.714286,0.000000,8,10,21,900,1200,1600,1700,1800,1900,1900,1900,217,0,8,287.3752381477434,3.3703780063660815,1866.7638240003726,6251.875576036867
1789928291,50,GET,GET /api/v1/reservas,14.375000,0.000000,6,8,8,9,11,13,24,35,36,36,36,162,0,6,7.6710804880102295,3.887732993462123,35.95072899770457,8965.0
1789928291,50,GET,GET /api/v1/reservas/{id},1.375000,0.000000,4,5,5,6,6,11,13,13,13,13,13,36,0,4,5.088232361433459,3.3703780063660815,12.756113996147178,442.0
1789928291,50,POST,POST /api/v1/auth/login,6.250000,0.000000,1300,1500,1600,1700,1800,1800,1900,1900,1900,1900,1900,50,0,1100.0,1221.6992916393792,536.376638992806,1866.7638240003726,1622.0
1789928291,50,,Aggregated,22.000000,0.000000,7,9,13,540,1200,1500,1700,1800,1900,1900,1900,248,0,7,252.05990316950897,3.3703780063660815,1866.7638240003726,6247.346774193548
1789928292,50,GET,GET /api/v1/reservas,14.777778,0.000000,6,8,8,9,11,13,24,35,36,36,36,182,0,7,7.685504406933663,3.887732993462123,35.95072899770457,8965.0
1789928292,50,GET,GET /api/v1/reservas/{id},2.444444,0.000000,4,5,5,6,6,11,13,13,13,13,13,40,0,4,5.053531475641648,3.3703780063660815,12.756113996147178,442.0
1789928292,50,POST,POST /api/v1/auth/login,5.555556,0.000000,1300,1500,1600,1700,1800,1800,1900,1900,1900,1900,1900,50,0,1100.0,1221.6992916393792,536.376638992806,1866.7638240003726,1622.0
1789928292,50,,Aggregated,22.777778,0.000000,7,8,10,13,1100,1500,1700,1800,1900,1900,1900,272,0,7,230.46274868770791,3.3703780063660815,1866.7638240003726,6361.801470588235
1789928293,50,GET,GET /api/v1/reservas,15.200000,0.000000,6,7,8,8,10,12,17,35,36,36,36,197,0,7,7.607106259373386,3.887732993462123,35.95072899770457,8965.0
1789928293,50,GET,GET /api/v1/reservas/{id},3.200000,0.000000,4,5,5,5,6,11,13,13,13,13,13,45,0,4,4.96295197840987,3.3703780063660815,12.756113996147178,442.0
1789928293,50,POST,POST /api/v1/auth/login,5.000000,0.000000,1400,1600,1700,1700,1800,1800,1900,1900,1900,1900,1900,50,0,1100.0,1221.6992916393792,536.376638992806,1866.7638240003726,1622.0
1789928293,50,,Aggregated,23.400000,0.000000,6,8,8,10,1100,1500,1700,1800,1900,1900,1900,292,0,7,215.0921142263492,3.3703780063660815,1866.7638240003726,6394.16095890411
1789928294,50,GET,GET /api/v1/reservas,17.100000,0.000000,6,7,8,8,9,12,17,35,36,36,36,216,0,6,7.539042629947222,3.887732993462123,35.95072899770457,8965.0
1789928294,50,GET,GET /api/v1/reservas/{id},3.800000,0.000000,4,5,5,5,6,6,13,13,13,13,13,51,0,4,5.0701858631595424,3.3703780063660815,12.756113996147178,442.0
1789928294,50,POST,POST /api/v1/auth/login,5.000000,0.000000,1500,1600,1700,1700,1800,1800,1900,1900,1900,1900,1900,50,0,1100.0,1221.6992916393792,536.376638992806,1866.7638240003726,1622.0
1789928294,50,,Aggregated,25.900000,0.000000,6,7,8,9,36,1500,1700,1800,1900,1900,1900,317,0,7,198.64977056485392,3.3703780063660815,1866.7638240003726,6435.589905362776
1789928295,50,GET,GET /api/v1/reservas,18.000000,0.000000,6,7,7,8,9,11,17,35,36,36,36,240,0,6,7.418530566731836,3.887732993462123,35.95072899770457,8965.0
1789928295,50,GET,GET /api/v1/reservas/{id},4.300000,0.000000,4,5,5,5,6,6,11,13,13,13,13,57,0,4,5.026423596989429,3.3703780063660815,12.756113996147178,442.0
1789928295,50,POST,POST /api/v1/auth/login,4.000000,0.000000,1400,1600,1700,1800,1800,1900,1900,1900,1900,1900,1900,50,0,1100.0,1221.6992916393792,536.376638992806,1866.7638240003726,1622.0
1789928295,50,,Aggregated,26.300000,0.000000,6,7,8,8,12,1300,1600,1800,1900,1900,1900,347,0,6,181.99400018159366,3.3703780063660815,1866.7638240003726,6506.899135446686
1789928296,50,GET,GET /api/v1/reservas,18.600000,0.000000,6,6,7,7,8,9,13,17,17,17,17,260,0,6,7.324130580673227,3.887732993462123,35.95072899770457,8965.0
1789928296,50,GET,GET /api/v1/reservas/{id},4.500000,0.000000,4,5,5,5,6,6,11,13,13,13,13,62,0,4,4.973380662352523,3.3703780063660815,12.756113996147178,442.0
1789928296,50,POST,POST /api/v1/auth/login,3.000000,0.000000,1400,1600,1700,1800,1800,1900,1900,1900,1900,1900,1900,50,0,1100.0,1221.6992916393792,536.376638992806,1866.7638240003726,1622.0
1789928296,50,,Aggregated,26.100000,0.000000,5,6,6,7,8,9,13,14,17,17,17,372,0,6,170.15480681185446,3.3703780063660815,1866.7638240003726,6557.537634408603
1789928297,50,GET,GET /api/v1/reservas,19.600000,0.000000,6,6,7,7,8,10,13,17,17,17,17,275,0,6,7.258738069001331,3.887732993462123,35.95072899770457,8965.0
1789928297,50,GET,GET /api/v1/reservas/{id},5.100000,0.000000,4,5,5,5,5,6,11,13,13,13,13,73,0,4,4.897554754678237,3.3703780063660815,12.756113996147178,442.0
1789928297,50,POST,POST /api/v1/auth/login,2.500000,0.000000,1400,1600,1700,1800,1800,1900,1900,1900,1900,1900,1900,50,0,1100.0,1221.6992916393792,536.376638992806,1866.7638240003726,1622.0
1789928297,50,,Aggregated,27.200000,0.000000,5,6,6,7,8,9,13,14,17,17,17,398,0,6,159.39356544732624,3.3703780063660815,1866.7638240003726,6479.248743718593
1789928298,50,GET,GET /api/v1/reservas,20.300000,0.000000,6,6,7,7,8,9,12,17,17,17,17,297,0,6,7.173746713581777,3.887732993462123,35.95072899770457,8965.0
1789928298,50,GET,GET /api/v1/reservas/{id},5.300000,0.000000,4,5,5,5,5,6,6,13,13,13,13,78,0,4,4.9004146294931,3.3703780063660815,12.756113996147178,442.0
1789928298,50,POST,POST /api/v1/auth/login,1.800000,0.000000,1400,1600,1700,1800,1800,1900,1900,1900,1900,1900,1900,50,0,1100.0,1221.6992916393792,536.376638992806,1866.7638240003726,1622.0
1789928298,50,,Aggregated,27.400000,0.000000,5,6,6,7,8,9,12,14,17,17,17,425,0,6,149.64188164000757,3.3703780063660815,1866.7638240003726,6536.896470588235
1789928299,50,GET,GET /api/v1/reservas,18.900000,0.000000,6,7,7,7,8,10,12,17,17,17,17,316,0,6,7.191459037775403,3.887732993462123,35.95072899770457,8965.0
1789928299,50,GET,GET /api/v1/reservas/{id},6.300000,0.000000,5,5,5,5,5,6,8,13,13,13,13,83,0,5,4.941052169867241,3.3703780063660815,12.756113996147178,442.0
1789928299,50,POST,POST /api/v1/auth/login,0.000000,0.000000,1400,1600,1700,1800,1800,1900,1900,1900,1900,1900,1900,50,0,1100.0,1221.6992916393792,536.376638992806,1866.7638240003726,1622.0
1789928299,50,,Aggregated,25.200000,0.000000,6,6,7,7,8,9,12,13,17,17,17,449,0,6,142.02132064143646,3.3703780063660815,1866.7638240003726,6571.772828507795
1789928300,50,GET,GET /api/v1/reservas,19.100000,0.000000,6,7,7,7,8,10,12,17,17,17,17,335,0,6,7.175587990830318,3.887732993462123,35.95072899770457,8965.0
1789928300,50,GET,GET /api/v1/reservas/{id},6.800000,0.000000,5,5,5,5,6,6,8,13,13,13,13,88,0,5,4.977753558043994,3.3703780063660815,12.756113996147178,442.0
1789928300,50,POST,POST /api/v1/auth/login,0.000000,0.000000,1400,1600,1700,1800,1800,1900,1900,1900,1900,1900,1900,50,0,1100.0,1221.6992916393792,536.376638992806,1866.7638240003726,1622.0
1789928300,50,,Aggregated,25.900000,0.000000,6,6,7,7,8,9,12,13,17,17,17,473,0,6,135.1518580803488,3.3703780063660815,1866.7638240003726,6603.109936575052
1789928301,50,GET,GET /api/v1/reservas,18.900000,0.000000,6,7,7,7,8,9,11,12,17,17,17,354,0,6,7.110888169284865,3.887732993462123,35.95072899770457,8965.0
1789928301,50,GET,GET /api/v1/reservas/{id},6.900000,0.000000,5,5,5,5,6,6,8,13,13,13,13,98,0,4,4.887910031746807,3.2981500116875395,12.756113996147178,442.0
1789928301,50,POST,POST /api/v1/auth/login,0.000000,0.000000,1400,1600,1700,1800,1800,1900,1900,1900,1900,1900,1900,50,0,1100.0,1221.6992916393792,536.376638992806,1866.7638240003726,1622.0
1789928301,50,,Aggregated,25.800000,0.000000,6,6,7,7,8,9,11,12,17,17,17,502,0,6,127.65186091037249,3.2981500116875395,1866.7638240003726,6569.772908366534
1789928302,50,GET,GET /api/v1/reservas,19.400000,0.000000,6,7,7,8,9,10,11,12,17,17,17,371,0,6,7.108898738394755,3.887732993462123,35.95072899770457,8965.0
1789928302,50,GET,GET /api/v1/reservas/{id},6.200000,0.000000,5,5,5,5,6,8,8,13,13,13,13,103,0,5,4.916069632140666,3.2981500116875395,12.756113996147178,442.0
1789928302,50,POST,POST /api/v1/auth/login,0.000000,0.000000,1400,1600,1700,1800,1800,1900,1900,1900,1900,1900,1900,50,0,1100.0,1221.6992916393792,536.376638992806,1866.7638240003726,1622.0
1789928302,50,,Aggregated,25.600000,0.000000,6,6,7,7,8,10,11,12,17,17,17,524,0,6,122.57389539317539,3.2981500116875395,1866.7638240003726,6589.009541984733
1789928303,50,GET,GET /api/v1/reservas,19.100000,0.000000,6,7,7,7,9,10,10,11,12,12,12,390,0,6,7.0067077510966325,3.887732993462123,35.95072899770457,8965.0
1789928303,50,GET,GET /api/v1/reservas/{id},5.900000,0.000000,5,5,5,5,5,6,8,8,8,8,8,108,0,5,4.897210279051689,3.2981500116875395,12.756113996147178,442.0
1789928303,50,POST,POST /api/v1/auth/login,0.000000,0.000000,1400,1600,1700,1800,1800,1900,1900,1900,1900,1900,1900,50,0,1100.0,1221.6992916393792,536.376638992806,1866.7638240003726,1622.0
1789928303,50,,Aggregated,25.000000,0.000000,6,6,7,7,8,9,10,11,12,12,12,548,0,6,117.4205826916683,3.2981500116875395,1866.7638240003726,6615.30291970803
1789928304,50,GET,GET /api/v1/reservas,18.900000,0.000000,6,7,7,7,9,10,11,12,14,14,14,413,0,6,6.942164571237013,3.887732993462123,35.95072899770457,8965.0
1789928304,50,GET,GET /api/v1/reservas/{id},6.100000,0.000000,5,5,5,5,5,6,8,8,8,8,8,113,0,5,4.870389275504194,3.105306997895241,12.756113996147178,442.0
1789928304,50,POST,POST /api/v1/auth/login,0.000000,0.000000,0,0,0,0,0,0,0,0,0,0,0,50,0,1100.0,1221.6992916393792,536.376638992806,1866.7638240003726,1622.0
1789928304,50,,Aggregated,25.000000,0.000000,6,6,7,7,8,9,10,11,14,14,14,576,0,6,111.98338982295455,3.105306997895241,1866.7638240003726,6655.539930555556
1789928305,50,GET,GET /api/v1/reservas,18.700000,0.000000,6,7,7,7,9,10,11,14,15,15,15,426,0,6,6.91829944349046,3.887732993462123,35.95072899770457,8965.0
1789928305,50,GET,GET /api/v1/reservas/{id},6.100000,0.000000,5,5,5,5,5,6,8,8,8,8,8,123,0,5,4.832760659798912,3.105306997895241,12.756113996147178,442.0
1789928305,50,POST,POST /api/v1/auth/login,0.000000,0.000000,0,0,0,0,0,0,0,0,0,0,0,50,0,1100.0,1221.6992916393792,536.376638992806,1866.7638240003726,1622.0
1789928305,50,,Aggregated,24.800000,0.000000,5,6,7,7,8,9,11,12,15,15,15,599,0,6,107.89080084482666,3.105306997895241,1866.7638240003726,6601.929883138564
1789928306,50,GET,GET /api/v1/reservas,19.300000,0.000000,6,7,7,7,9,10,11,14,15,15,15,442,0,6,6.89966146811412,3.887732993462123,35.95072899770457,8965.0
1789928306,50,GET,GET /api/v1/reservas/{id},6.500000,0.000000,5,5,5,5,5,6,8,8,8,8,8,131,0,4,4.801749176690568,3.105306997895241,12.756113996147178,442.0
1789928306,50,POST,POST /api/v1/auth/login,0.000000,0.000000,0,0,0,0,0,0,0,0,0,0,0,50,0,1100.0,1221.6992916393792,536.376638992806,1866.7638240003726,1622.0
1789928306,50,,Aggregated,25.800000,0.000000,5,6,7,7,8,10,11,12,15,15,15,623,0,6,103.95448490051665,3.105306997895241,1866.7638240003726,6583.5184590690205
1789928307,50,GET,GET /api/v1/reservas,18.900000,0.000000,6,7,7,8,9,10,11,14,15,15,15,457,0,6,6.861168612380608,3.887732993462123,35.95072899770457,8965.0
1789928307,50,GET,GET /api/v1/reservas/{id},6.200000,0.000000,5,5,5,5,5,6,8,8,8,8,8,140,0,4,4.772046008188876,3.105306997895241,12.756113996147178,442.0
1789928307,50,POST,POST /api/v1/auth/login,0.000000,0.000000,0,0,0,0,0,0,0,0,0,0,0,50,0,1100.0,1221.6992916393792,536.376638992806,1866.7638240003726,1622.0
1789928307,50,,Aggregated,25.100000,0.000000,5,6,7,7,8,10,11,12,15,15,15,647,0,6,100.29150707723855,3.105306997895241,1866.7638240003726,6553.299845440494
1789928308,50,GET,GET /api/v1/reservas,18.600000,0.000000,6,7,7,7,9,10,11,14,15,15,15,477,0,6,6.815464305886667,3.887732993462123,35.95072899770457,8965.0
1789928308,50,GET,GET /api/v1/reservas/{id},6.900000,0.000000,4,5,5,5,5,6,8,8,8,8,8,143,0,4,4.757578413684403,3.105306997895241,12.756113996147178,442.0
1789928308,50,POST,POST /api/v1/auth/login,0.000000,0.000000,0,0,0,0,0,0,0,0,0,0,0,50,0,1100.0,1221.6992916393792,536.376638992806,1866.7638240003726,1622.0
1789928308,50,,Aggregated,25.500000,0.000000,5,6,7,7,8,10,11,12,15,15,15,670,0,6,97.03921607318473,3.105306997895241,1866.7638240003726,6597.926865671642
1789928309,50,GET,GET /api/v1/reservas,18.300000,0.000000,6,6,7,7,8,10,10,14,15,15,15,496,0,6,6.755476040193424,3.887732993462123,35.95072899770457,8965.0
1789928309,50,GET,GET /api/v1/reservas/{id},6.900000,0.000000,4,5,5,5,5,6,6,8,8,8,8,150,0,4,4.734892421110999,3.105306997895241,12.756113996147178,442.0
1789928309,50,POST,POST /api/v1/auth/login,0.000000,0.000000,0,0,0,0,0,0,0,0,0,0,0,50,0,1100.0,1221.6992916393792,536.376638992806,1866.7638240003726,1622.0
1789928309,50,,Aggregated,25.200000,0.000000,5,6,6,6,7,9,10,10,15,15,15,696,0,6,93.60045195556258,3.105306997895241,1866.7638240003726,6600.632183908046
1789928310,50,GET,GET /api/v1/reservas,18.100000,0.000000,5,6,7,7,8,10,13,14,15,15,15,514,0,6,6.771750373374906,3.887732993462123,35.95072899770457,8965.0
1789928310,50,GET,GET /api/v1/reservas/{id},6.500000,0.000000,4,5,5,5,5,5,8,9,9,9,9,156,0,4,4.740053616469361,3.105306997895241,12.756113996147178,442.0
1789928310,50,POST,POST /api/v1/auth/login,0.000000,0.000000,0,0,0,0,0,0,0,0,0,0,0,50,0,1100.0,1221.6992916393792,536.376638992806,1866.7638240003726,1622.0
1789928310,50,,Aggregated,24.600000,0.000000,5,6,6,7,8,9,10,13,15,15,15,720,0,6,90.70151755285123,3.105306997895241,1866.7638240003726,6608.419444444445
1789928311,50,GET,GET /api/v1/reservas,18.600000,0.000000,6,6,7,7,8,10,13,14,15,15,15,531,0,6,6.731139167440834,3.887732993462123,35.95072899770457,8965.0
1789928311,50,GET,GET /api/v1/reservas/{id},6.600000,0.000000,4,5,5,5,5,5,8,9,9,9,9,162,0,4,4.718080383706062,3.105306997895241,12.756113996147178,442.0
1789928311,50,POST,POST /api/v1/auth/login,0.000000,0.000000,0,0,0,0,0,0,0,0,0,0,0,50,0,1100.0,1221.6992916393792,536.376638992806,1866.7638240003726,1622.0
1789928311,50,,Aggregated,25.200000,0.000000,5,6,6,7,8,9,10,13,15,15,15,743,0,6,88.05320121405171,3.105306997895241,1866.7638240003726,6612.542395693136
1789928312,50,GET,GET /api/v1/reservas,17.600000,0.000000,6,6,7,7,8,9,13,14,15,15,15,548,0,6,6.728914793618797,3.887732993462123,35.95072899770457,8965.0
1789928312,50,GET,GET /api/v1/reservas/{id},6.800000,0.000000,4,5,5,5,5,6,9,11,11,11,11,172,0,4,4.740415553177902,3.105306997895241,12.756113996147178,442.0
1789928312,50,POST,POST /api/v1/auth/login,0.000000,0.000000,0,0,0,0,0,0,0,0,0,0,0,50,0,1100.0,1221.6992916393792,536.376638992806,1866.7638240003726,1622.0
1789928312,50,,Aggregated,24.400000,0.000000,5,6,6,6,7,9,13,14,15,15,15,770,0,6,85.1789108623619,3.105306997895241,1866.7638240003726,6584.342857142857
1789928313,50,GET,GET /api/v1/reservas,17.900000,0.000000,6,6,7,7,8,9,13,14,15,15,15,570,0,6,6.7149985121081075,3.887732993462123,35.95072899770457,8965.0
1789928313,50,GET,GET /api/v1/reservas/{id},6.900000,0.000000,4,5,5,5,5,6,10,11,11,11,11,178,0,4,4.741442590733477,3.105306997895241,12.756113996147178,442.0
1789928313,50,POST,POST /api/v1/auth/login,0.000000,0.000000,0,0,0,0,0,0,0,0,0,0,0,50,0,1100.0,1221.6992916393792,536.376638992806,1866.7638240003726,1622.0
1789928313,50,,Aggregated,24.800000,0.000000,5,6,6,7,8,9,13,13,15,15,15,798,0,6,82.40161718674328,3.105306997895241,1866.7638240003726,6603.791979949875
1789928314,50,GET,GET /api/v1/reservas,17.600000,0.000000,6,6,7,7,8,9,13,13,14,14,14,586,0,6,6.681623428212892,3.887732993462123,35.95072899770457,8965.0
1789928314,50,GET,GET /api/v1/reservas/{id},6.800000,0.000000,4,5,5,5,6,10,11,16,16,16,16,186,0,4,4.814976146047239,3.105306997895241,15.729281003586948,442.0
1789928314,50,POST,POST /api/v1/auth/login,0.000000,0.000000,0,0,0,0,0,0,0,0,0,0,0,50,0,1100.0,1221.6992916393792,536.376638992806,1866.7638240003726,1622.0
1789928314,50,,Aggregated,24.400000,0.000000,5,6,6,7,8,9,13,13,16,16,16,822,0,6,80.16542758402251,3.105306997895241,1866.7638240003726,6589.783454987834
1789928315,50,GET,GET /api/v1/reservas,18.200000,0.000000,6,6,6,7,8,8,13,13,14,14,14,601,0,6,6.656285783633537,3.887732993462123,35.95072899770457,8965.0
1789928315,50,GET,GET /api/v1/reservas/{id},7.000000,0.000000,4,5,5,5,6,10,11,16,16,16,16,192,0,4,4.798964328908066,3.105306997895241,15.729281003586948,442.0
1789928315,50,POST,POST /api/v1/auth/login,0.000000,0.000000,0,0,0,0,0,0,0,0,0,0,0,50,0,1100.0,1221.6992916393792,536.376638992806,1866.7638240003726,1622.0
1789928315,50,,Aggregated,25.200000,0.000000,5,6,6,7,8,9,13,13,16,16,16,843,0,6,78.29987365253032,3.105306997895241,1866.7638240003726,6588.290628706999
1789928316,50,GET,GET /api/v1/reservas,17.400000,0.000000,6,6,7,7,8,9,13,13,14,14,14,619,0,6,6.648082074211604,3.887732993462123,35.95072899770457,8965.0
1789928316,50,GET,GET /api/v1/reservas/{id},7.000000,0.000000,4,4,5,5,8,10,11,16,16,16,16,200,0,4,4.804502495753695,3.105306997895241,15.729281003586948,442.0
1789928316,50,POST,POST /api/v1/auth/login,0.000000,0.000000,0,0,0,0,0,0,0,0,0,0,0,50,0,1100.0,1221.6992916393792,536.376638992806,1866.7638240003726,1622.0
1789928316,50,,Aggregated,24.400000,0.000000,5,6,6,7,8,9,13,13,16,16,16,869,0,6,76.13466960305718,3.105306997895241,1866.7638240003726,6580.937859608745
1789928317,50,GET,GET /api/v1/reservas,17.600000,0.000000,6,6,6,7,8,9,13,13,14,14,14,640,0,6,6.597243812348097,3.887732993462123,35.95072899770457,8965.0
1789928317,50,GET,GET /api/v1/reservas/{id},7.200000,0.000000,4,4,5,5,8,10,11,16,16,16,16,208,0,4,4.780149832465843,2.9619990091305226,15.729281003586948,442.0
1789928317,50,POST,POST /api/v1/auth/login,0.000000,0.000000,0,0,0,0,0,0,0,0,0,0,0,50,0,1100.0,1221.6992916393792,536.376638992806,1866.7638240003726,1622.0
1789928317,50,,Aggregated,24.800000,0.000000,5,6,6,6,8,9,13,13,16,16,16,898,0,6,73.83237392764437,2.9619990091305226,1866.7638240003726,6582.0
1789928318,50,GET,GET /api/v1/reservas,17.600000,0.000000,6,6,7,7,8,9,13,13,14,14,14,657,0,6,6.570793176410951,3.887732993462123,35.95072899770457,8965.0
1789928318,50,GET,GET /api/v1/reservas/{id},6.900000,0.000000,4,4,5,5,6,10,11,16,16,16,16,217,0,4,4.752944572292234,2.9619990091305226,15.729281003586948,442.0
1789928318,50,POST,POST /api/v1/auth/login,0.000000,0.000000,0,0,0,0,0,0,0,0,0,0,0,50,0,1100.0,1221.6992916393792,536.376638992806,1866.7638240003726,1622.0
1789928318,50,,Aggregated,24.500000,0.000000,5,6,6,7,8,9,13,13,16,16,16,924,0,6,71.89758081283374,2.9619990091305226,1866.7638240003726,6566.037878787879
1789928319,50,GET,GET /api/v1/reservas,18.200000,0.000000,6,6,6,7,8,8,10,13,14,14,14,676,0,6,6.536092365271833,3.887732993462123,35.95072899770457,8965.0
1789928319,50,GET,GET /api/v1/reservas/{id},6.900000,0.000000,4,5,5,5,6,10,11,16,16,16,16,224,0,4,4.741530103469164,2.9619990091305226,15.729281003586948,442.0
1789928319,50,POST,POST /api/v1/auth/login,0.000000,0.000000,0,0,0,0,0,0,0,0,0,0,0,50,0,1100.0,1221.6992916393792,536.376638992806,1866.7638240003726,1622.0
1789928319,50,,Aggregated,25.100000,0.000000,5,6,6,7,8,9,11,13,16,16,16,950,0,6,70.0689113305998,2.9619990091305226,1866.7638240003726,6568.892631578948
1789928320,50,GET,GET /api/v1/reservas,18.000000,0.000000,6,6,6,7,7,8,10,13,14,14,14,691,0,6,6.529462523758411,3.887732993462123,35.95072899770457,8965.0
1789928320,50,GET,GET /api/v1/reservas/{id},7.200000,0.000000,4,5,5,5,6,10,11,16,16,16,16,233,0,4,4.734358790442008,2.9619990091305226,15.729281003586948,442.0
1789928320,50,POST,POST /api/v1/auth/login,0.000000,0.000000,0,0,0,0,0,0,0,0,0,0,0,50,0,1100.0,1221.6992916393792,536.376638992806,1866.7638240003726,1622.0
1789928320,50,,Aggregated,25.200000,0.000000,5,6,6,6,7,8,11,13,16,16,16,974,0,6,68.48041969615915,2.9619990091305226,1866.7638240003726,6549.179671457906
1789928321,50,GET,GET /api/v1/reservas,17.700000,0.000000,5,6,6,7,7,8,10,13,14,14,14,709,0,6,6.5030817206440314,3.887732993462123,35.95072899770457,8965.0
1789928321,50,GET,GET /api/v1/reservas/{id},7.300000,0.000000,4,5,5,5,6,10,11,16,16,16,16,240,0,4,4.729670750809116,2.9619990091305226,15.729281003586948,442.0
1789928321,50,POST,POST /api/v1/auth/login,0.000000,0.000000,0,0,0,0,0,0,0,0,0,0,0,50,0,1100.0,1221.6992916393792,536.376638992806,1866.7638240003726,1622.0
1789928321,50,,Aggregated,25.000000,0.000000,5,6,6,6,7,9,11,13,16,16,16,999,0,6,66.89766817027004,2.9619990091305226,1866.7638240003726,6549.914914914915
1789928322,50,GET,GET /api/v1/reservas,18.000000,0.000000,5,6,6,6,7,8,9,10,10,10,10,727,0,6,6.4808824002120495,3.887732993462123,35.95072899770457,8965.0
1789928322,50,GET,GET /api/v1/reservas/{id},7.400000,0.000000,4,5,5,5,5,8,11,16,16,16,16,248,0,4,4.728778363759404,2.9619990091305226,15.729281003586948,442.0
1789928322,50,POST,POST /api/v1/auth/login,0.000000,0.000000,0,0,0,0,0,0,0,0,0,0,0,50,0,1100.0,1221.6992916393792,536.376638992806,1866.7638240003726,1622.0
1789928322,50,,Aggregated,25.400000,0.000000,5,6,6,6,7,8,9,10,16,16,16,1025,0,6,65.33590548403458,2.9619990091305226,1866.7638240003726,6544.654634146342
1789928323,50,GET,GET /api/v1/reservas,17.300000,0.000000,5,6,6,6,7,8,10,10,20,20,20,739,0,6,6.492247857850963,3.887732993462123,35.95072899770457,8965.0
1789928323,50,GET,GET /api/v1/reservas/{id},7.600000,0.000000,5,5,5,5,6,8,9,9,9,9,9,255,0,4,4.774361138069984,2.9619990091305226,15.729281003586948,442.0
1789928323,50,POST,POST /api/v1/auth/login,0.000000,0.000000,0,0,0,0,0,0,0,0,0,0,0,50,0,1100.0,1221.6992916393792,536.376638992806,1866.7638240003726,1622.0
1789928323,50,,Aggregated,24.900000,0.000000,5,6,6,6,7,8,9,10,20,20,20,1044,0,6,64.2722201524221,2.9619990091305226,1866.7638240003726,6531.556513409962
1789928324,50,GET,GET /api/v1/reservas,18.300000,0.000000,5,6,6,6,7,8,10,10,20,20,20,759,0,6,6.460201810229121,3.887732993462123,35.95072899770457,8965.0
1789928324,50,GET,GET /api/v1/reservas/{id},7.500000,0.000000,5,5,5,5,6,8,9,9,9,9,9,261,0,4,4.763862970164688,2.9619990091305226,15.729281003586948,442.0
1789928324,50,POST,POST /api/v1/auth/login,0.000000,0.000000,0,0,0,0,0,0,0,0,0,0,0,50,0,1100.0,1221.6992916393792,536.376638992806,1866.7638240003726,1622.0
1789928324,50,,Aggregated,25.800000,0.000000,5,6,6,6,7,8,9,10,20,20,20,1070,0,6,62.83329531882789,2.9619990091305226,1866.7638240003726,6542.894392523364
1789928325,50,GET,GET /api/v1/reservas,17.000000,0.000000,5,6,6,6,7,9,9,10,20,20,20,781,0,6,6.443723577393545,3.8253579987213016,35.95072899770457,8965.0
1789928325,50,GET,GET /api/v1/reservas/{id},7.700000,0.000000,5,5,5,5,6,7,8,9,9,9,9,267,0,4,4.766134637641661,2.9619990091305226,15.729281003586948,442.0
1789928325,50,POST,POST /api/v1/auth/login,0.000000,0.000000,0,0,0,0,0,0,0,0,0,0,0,50,0,1100.0,1221.6992916393792,536.376638992806,1866.7638240003726,1622.0
1789928325,50,,Aggregated,24.700000,0.000000,5,5,6,6,7,8,9,9,20,20,20,1098,0,6,61.37529202564995,2.9619990091305226,1866.7638240003726,6558.086520947177
1789928326,50,GET,GET /api/v1/reservas,17.200000,0.000000,5,6,6,7,7,9,9,10,20,20,20,800,0,6,6.4445573599005,3.8253579987213016,35.95072899770457,8965.0
1789928326,50,GET,GET /api/v1/reservas/{id},7.600000,0.000000,5,5,5,5,6,7,8,9,9,9,9,271,0,4,4.780552823754196,2.9619990091305226,15.729281003586948,442.0
1789928326,50,POST,POST /api/v1/auth/login,0.000000,0.000000,0,0,0,0,0,0,0,0,0,0,0,50,0,1100.0,1221.6992916393792,536.376638992806,1866.7638240003726,1622.0
1789928326,50,,Aggregated,24.800000,0.000000,5,6,6,6,7,9,9,10,20,20,20,1121,0,6,60.246333885037245,2.9619990091305226,1866.7638240003726,6577.057983942908
1789928327,50,GET,GET /api/v1/reservas,17.100000,0.000000,5,6,6,7,8,9,10,10,20,20,20,826,0,6,6.420947761431598,3.8253579987213016,35.95072899770457,8965.0
1789928327,50,GET,GET /api/v1/reservas/{id},7.600000,0.000000,5,5,5,5,6,8,9,9,9,9,9,276,0,4,4.795877692916859,2.9619990091305226,15.729281003586948,442.0
1789928327,50,POST,POST /api/v1/auth/login,0.000000,0.000000,0,0,0,0,0,0,0,0,0,0,0,50,0,1100.0,1221.6992916393792,536.376638992806,1866.7638240003726,1622.0
1789928327,50,,Aggregated,24.700000,0.000000,5,6,6,6,7,9,9,10,20,20,20,1152,0,6,58.77806395499697,2.9619990091305226,1866.7638240003726,6604.324652777777
1789928328,50,GET,GET /api/v1/reservas,17.700000,0.000000,5,6,6,7,7,9,10,10,20,20,20,842,0,6,6.400178068849361,3.8253579987213016,35.95072899770457,8965.0
1789928328,50,GET,GET /api/v1/reservas/{id},7.100000,0.000000,5,5,5,6,6,8,9,9,9,9,9,283,0,4,4.7845296439749285,2.9619990091305226,15.729281003586948,442.0
1789928328,50,POST,POST /api/v1/auth/login,0.000000,0.000000,0,0,0,0,0,0,0,0,0,0,0,50,0,1100.0,1221.6992916393792,536.376638992806,1866.7638240003726,1622.0
1789928328,50,,Aggregated,24.800000,0.000000,5,6,6,6,7,9,9,10,20,20,20,1175,0,6,57.725903323561724,2.9619990091305226,1866.7638240003726,6599.75829787234
1789928329,50,GET,GET /api/v1/reservas,18.200000,0.000000,5,6,6,6,7,9,10,10,20,20,20,856,0,6,6.381947017497428,3.8253579987213016,35.95072899770457,8965.0
1789928329,50,GET,GET /api/v1/reservas/{id},6.600000,0.000000,5,5,5,6,6,8,9,9,9,9,9,292,0,4,4.753693689128514,2.9619990091305226,15.729281003586948,442.0
1789928329,50,POST,POST /api/v1/auth/login,0.000000,0.000000,0,0,0,0,0,0,0,0,0,0,0,50,0,1100.0,1221.6992916393792,536.376638992806,1866.7638240003726,1622.0
1789928329,50,,Aggregated,24.800000,0.000000,5,6,6,6,7,9,9,10,20,20,20,1198,0,5,56.70783788495182,2.9619990091305226,1866.7638240003726,6581.13856427379
1789928330,50,GET,GET /api/v1/reservas,18.400000,0.000000,5,6,6,6,7,9,10,16,20,20,20,872,0,6,6.391031385296336,3.8253579987213016,35.95072899770457,8965.0
1789928330,50,GET,GET /api/v1/reservas/{id},6.900000,0.000000,5,5,5,6,7,8,9,9,9,9,9,301,0,4,4.7583541069686435,2.9619990091305226,15.729281003586948,442.0
1789928330,50,POST,POST /api/v1/auth/login,0.000000,0.000000,0,0,0,0,0,0,0,0,0,0,0,50,0,1100.0,1221.6992916393792,536.376638992806,1866.7638240003726,1622.0
1789928330,50,,Aggregated,25.300000,0.000000,5,6,6,6,7,9,10,10,20,20,20,1223,0,5,55.67474123969332,2.9619990091305226,1866.7638240003726,6567.147996729354
1789928331,50,GET,GET /api/v1/reservas,18.300000,0.000000,6,6,6,7,8,9,12,20,26,26,26,895,0,6,6.402240097200805,3.8253579987213016,35.95072899770457,8965.0
1789928331,50,GET,GET /api/v1/reservas/{id},6.900000,0.000000,5,5,6,6,7,8,9,9,9,9,9,309,0,4,4.7450531171416275,2.9619990091305226,15.729281003586948,442.0
1789928331,50,POST,POST /api/v1/auth/login,0.000000,0.000000,0,0,0,0,0,0,0,0,0,0,0,50,0,1100.0,1221.6992916393792,536.376638992806,1866.7638240003726,1622.0
1789928331,50,,Aggregated,25.200000,0.000000,5,6,6,6,7,9,10,16,26,26,26,1254,0,5,54.45071043234485,2.9619990091305226,1866.7638240003726,6572.051834130782
1789928332,50,GET,GET /api/v1/reservas,18.100000,0.000000,5,6,6,7,8,9,12,20,26,26,26,915,0,6,6.387101125739937,3.8253579987213016,35.95072899770457,8965.0
1789928332,50,GET,GET /api/v1/reservas/{id},7.200000,0.000000,4,5,5,6,6,8,9,9,9,9,9,311,0,4,4.742817984531945,2.9619990091305226,15.729281003586948,442.0
1789928332,50,POST,POST /api/v1/auth/login,0.000000,0.000000,0,0,0,0,0,0,0,0,0,0,0,50,0,1100.0,1221.6992916393792,536.376638992806,1866.7638240003726,1622.0
1789928332,50,,Aggregated,25.300000,0.000000,5,6,6,6,7,9,10,16,26,26,26,1276,0,5,53.60829036458498,2.9619990091305226,1866.7638240003726,6599.9506269592475
1789928333,50,GET,GET /api/v1/reservas,18.600000,0.000000,6,6,7,7,9,10,12,16,26,26,26,936,0,6,6.418994806651434,3.8253579987213016,35.95072899770457,8965.0
1789928333,50,GET,GET /api/v1/reservas/{id},6.900000,0.000000,4,5,6,6,7,7,9,12,12,12,12,319,0,4,4.7917658877142975,2.9619990091305226,15.729281003586948,442.0
1789928333,50,POST,POST /api/v1/auth/login,0.000000,0.000000,0,0,0,0,0,0,0,0,0,0,0,50,0,1100.0,1221.6992916393792,536.376638992806,1866.7638240003726,1622.0
1789928333,50,,Aggregated,25.500000,0.000000,5,6,6,7,8,9,12,16,26,26,26,1305,0,6,52.58369121775905,2.9619990091305226,1866.7638240003726,6600.259003831417
1789928334,50,GET,GET /api/v1/reservas,18.300000,0.000000,6,6,7,7,9,10,12,16,26,26,26,958,0,6,6.391779705617768,3.8253579987213016,35.95072899770457,8965.0
1789928334,50,GET,GET /api/v1/reservas/{id},6.800000,0.000000,4,5,6,6,6,7,9,12,12,12,12,326,0,4,4.775198647788828,2.9619990091305226,15.729281003586948,442.0
1789928334,50,POST,POST /api/v1/auth/login,0.000000,0.000000,0,0,0,0,0,0,0,0,0,0,0,50,0,1100.0,1221.6992916393792,536.376638992806,1866.7638240003726,1622.0
1789928334,50,,Aggregated,25.100000,0.000000,5,6,6,7,8,9,12,16,26,26,26,1334,0,5,51.54797923473009,2.9619990091305226,1866.7638240003726,6606.943028485757
1789928335,50,GET,GET /api/v1/reservas,19.600000,0.000000,6,6,7,7,9,10,13,16,26,26,26,977,0,6,6.39156496110041,3.8253579987213016,35.95072899770457,8965.0
1789928335,50,GET,GET /api/v1/reservas/{id},6.400000,0.000000,4,5,6,6,7,8,9,12,12,12,12,330,0,4,4.786444585426414,2.9619990091305226,15.729281003586948,442.0
1789928335,50,POST,POST /api/v1/auth/login,0.000000,0.000000,0,0,0,0,0,0,0,0,0,0,0,50,0,1100.0,1221.6992916393792,536.376638992806,1866.7638240003726,1622.0
1789928335,50,,Aggregated,26.000000,0.000000,5,6,6,7,8,10,12,16,26,26,26,1357,0,6,50.78043497579571,2.9619990091305226,1866.7638240003726,6621.787030213707
1789928336,50,GET,GET /api/v1/reservas,19.400000,0.000000,6,6,7,7,9,11,15,16,26,26,26,992,0,6,6.398754988910491,3.8253579987213016,35.95072899770457,8965.0
1789928336,50,GET,GET /api/v1/reservas/{id},6.500000,0.000000,5,5,6,6,7,7,9,12,12,12,12,340,0,4,4.794631932899767,2.9619990091305226,15.729281003586948,442.0
1789928336,50,POST,POST /api/v1/auth/login,0.000000,0.000000,0,0,0,0,0,0,0,0,0,0,0,50,0,1100.0,1221.6992916393792,536.376638992806,1866.7638240003726,1622.0
1789928336,50,,Aggregated,25.900000,0.000000,5,6,6,7,8,10,13,16,26,26,26,1382,0,6,49.973013305466054,2.9619990091305226,1866.7638240003726,6602.503617945007
1789928337,50,GET,GET /api/v1/reservas,20.000000,0.000000,6,6,7,7,9,11,15,16,26,26,26,1008,0,6,6.403795638901116,3.8253579987213016,35.95072899770457,8965.0
1789928337,50,GET,GET /api/v1/reservas/{id},6.200000,0.000000,5,5,6,6,6,7,8,12,12,12,12,348,0,4,4.802216121255508,2.9619990091305226,15.729281003586948,442.0
1789928337,50,POST,POST /api/v1/auth/login,0.000000,0.000000,0,0,0,0,0,0,0,0,0,0,0,50,0,1100.0,1221.6992916393792,536.376638992806,1866.7638240003726,1622.0
1789928337,50,,Aggregated,26.200000,0.000000,6,6,7,7,8,10,13,16,26,26,26,1406,0,6,49.2255773799276,2.9619990091305226,1866.7638240003726,6594.3357041251775
1789928338,50,GET,GET /api/v1/reservas,19.800000,0.000000,6,7,7,7,9,11,15,16,26,26,26,1025,0,6,6.397894779532558,3.8253579987213016,35.95072899770457,8965.0
1789928338,50,GET,GET /api/v1/reservas/{id},6.800000,0.000000,5,5,6,6,6,7,8,12,12,12,12,355,0,4,4.802199406221404,2.9619990091305226,15.729281003586948,442.0
1789928338,50,POST,POST /api/v1/auth/login,0.000000,0.000000,0,0,0,0,0,0,0,0,0,0,0,50,0,1100.0,1221.6992916393792,536.376638992806,1866.7638240003726,1622.0
1789928338,50,,Aggregated,26.600000,0.000000,6,6,7,7,8,10,13,16,26,26,26,1430,0,6,48.49481644769121,2.9619990091305226,1866.7638240003726,6592.402097902098
1789928339,50,GET,GET /api/v1/reservas,18.700000,0.000000,6,7,7,7,9,11,15,16,26,26,26,1042,0,6,6.40682638774205,3.8253579987213016,35.95072899770457,8965.0
1789928339,50,GET,GET /api/v1/reservas/{id},7.000000,0.000000,5,5,6,6,6,7,8,12,12,12,12,365,0,4,4.808702611616392,2.9619990091305226,15.729281003586948,442.0
1789928339,50,POST,POST /api/v1/auth/login,0.000000,0.000000,0,0,0,0,0,0,0,0,0,0,0,50,0,1100.0,1221.6992916393792,536.376638992806,1866.7638240003726,1622.0
1789928339,50,,Aggregated,25.700000,0.000000,6,6,7,7,8,10,13,16,26,26,26,1457,0,6,47.71177359727945,2.9619990091305226,1866.7638240003726,6577.872340425532
1789928340,50,GET,GET /api/v1/reservas,18.600000,0.000000,6,7,7,7,9,10,13,15,16,16,16,1060,0,6,6.410980124571822,3.8253579987213016,35.95072899770457,8965.0
1789928340,50,GET,GET /api/v1/reservas/{id},7.000000,0.000000,5,5,6,6,6,7,8,12,12,12,12,370,0,4,4.812440895192275,2.9619990091305226,15.729281003586948,442.0
1789928340,50,POST,POST /api/v1/auth/login,0.000000,0.000000,0,0,0,0,0,0,0,0,0,0,0,50,0,1100.0,1221.6992916393792,536.376638992806,1866.7638240003726,1622.0
1789928340,50,,Aggregated,25.600000,0.000000,6,6,7,7,8,9,12,13,16,16,16,1480,0,6,47.068382868402864,2.9619990091305226,1866.7638240003726,6586.175675675676
1789928341,50,GET,GET /api/v1/reservas,18.400000,0.000000,6,7,7,7,9,10,13,15,16,16,16,1078,0,6,6.428322614140805,3.8253579987213016,35.95072899770457,8965.0
1789928341,50,GET,GET /api/v1/reservas/{id},7.000000,0.000000,5,6,6,6,6,7,8,12,12,12,12,373,0,4,4.8194154590226574,2.9619990091305226,15.729281003586948,442.0
1789928341,50,POST,POST /api/v1/auth/login,0.000000,0.000000,0,0,0,0,0,0,0,0,0,0,0,50,0,1100.0,1221.6992916393792,536.376638992806,1866.7638240003726,1622.0
1789928341,50,,Aggregated,25.400000,0.000000,6,7,7,7,9,10,12,13,16,16,16,1501,0,6,46.510551849585745,2.9619990091305226,1866.7638240003726,6602.422385076616
1789928342,50,GET,GET /api/v1/reservas,18.200000,0.000000,6,7,7,7,9,10,12,13,15,15,15,1101,0,6,6.419715755678321,3.8253579987213016,35.95072899770457,8965.0
1789928342,50,GET,GET /api/v1/reservas/{id},6.900000,0.000000,5,5,6,6,6,7,7,8,8,8,8,383,0,5,4.817041447027477,2.9619990091305226,15.729281003586948,442.0
1789928342,50,POST,POST /api/v1/auth/login,0.000000,0.000000,0,0,0,0,0,0,0,0,0,0,0,50,0,1100.0,1221.6992916393792,536.376638992806,1866.7638240003726,1622.0
1789928342,50,,Aggregated,25.100000,0.000000,6,6,7,7,8,9,11,13,15,15,15,1534,0,6,45.63102901120099,2.9619990091305226,1866.7638240003726,6597.686440677966
1789928343,50,GET,GET /api/v1/reservas,18.900000,0.000000,6,7,7,7,9,11,13,19,32,32,32,1119,0,6,6.4600900125350025,3.8253579987213016,35.95072899770457,8965.0
1789928343,50,GET,GET /api/v1/reservas/{id},6.700000,0.000000,5,5,6,6,6,7,9,10,10,10,10,388,0,5,4.841826786639675,2.9619990091305226,15.729281003586948,442.0
1789928343,50,POST,POST /api/v1/auth/login,0.000000,0.000000,0,0,0,0,0,0,0,0,0,0,0,50,0,1100.0,1221.6992916393792,536.376638992806,1866.7638240003726,1622.0
1789928343,50,,Aggregated,25.600000,0.000000,6,6,7,7,8,10,13,15,32,32,32,1557,0,6,45.08184592113797,2.9619990091305226,1866.7638240003726,6605.286448298009
1789928344,50,GET,GET /api/v1/reservas,18.800000,0.000000,6,7,7,8,9,11,14,19,32,32,32,1136,0,6,6.466436595076975,3.8253579987213016,35.95072899770457,8965.0
1789928344,50,GET,GET /api/v1/reservas/{id},6.700000,0.000000,5,6,6,6,7,8,10,10,10,10,10,394,0,5,4.859996607181732,2.9619990091305226,15.729281003586948,442.0
1789928344,50,POST,POST /api/v1/auth/login,0.000000,0.000000,0,0,0,0,0,0,0,0,0,0,0,50,0,1100.0,1221.6992916393792,536.376638992806,1866.7638240003726,1622.0
1789928344,50,,Aggregated,25.500000,0.000000,6,7,7,7,9,10,13,15,32,32,32,1580,0,6,44.52257925139621,2.9619990091305226,1866.7638240003726,6607.270886075949
1789928345,50,GET,GET /api/v1/reservas,18.000000,0.000000,6,7,7,8,9,10,13,19,32,32,32,1151,0,6,6.455409146834114,3.8253579987213016,35.95072899770457,8965.0
1789928345,50,GET,GET /api/v1/reservas/{id},6.800000,0.000000,5,6,6,6,6,7,10,10,10,10,10,399,0,5,4.8626284291535935,2.9619990091305226,15.729281003586948,442.0
1789928345,50,POST,POST /api/v1/auth/login,0.000000,0.000000,0,0,0,0,0,0,0,0,0,0,0,50,0,1100.0,1221.6992916393792,536.376638992806,1866.7638240003726,1622.0
1789928345,50,,Aggregated,24.800000,0.000000,6,6,7,7,9,10,13,14,32,32,32,1600,0,6,44.03458078325457,2.9619990091305226,1866.7638240003726,6610.108125
1789928346,50,GET,GET /api/v1/reservas,18.100000,0.000000,6,7,7,8,9,10,13,19,32,32,32,1169,0,6,6.457606216438889,3.8253579987213016,35.95072899770457,8965.0
1789928346,50,GET,GET /api/v1/reservas/{id},6.800000,0.000000,5,5,6,6,6,7,10,10,10,10,10,406,0,5,4.860278983354417,2.9619990091305226,15.729281003586948,442.0
1789928346,50,POST,POST /api/v1/auth/login,0.000000,0.000000,0,0,0,0,0,0,0,0,0,0,0,50,0,1100.0,1221.6992916393792,536.376638992806,1866.7638240003726,1622.0
1789928346,50,,Aggregated,24.900000,0.000000,6,6,7,7,8,10,13,14,32,32,32,1625,0,6,43.45057200998641,2.9619990091305226,1866.7638240003726,6609.622769230769
1789928347,50,GET,GET /api/v1/reservas,17.900000,0.000000,6,7,7,8,9,10,13,19,32,32,32,1188,0,6,6.4598243282884455,3.8253579987213016,35.95072899770457,8965.0
1789928347,50,GET,GET /api/v1/reservas/{id},6.900000,0.000000,5,5,6,6,6,7,10,10,10,10,10,414,0,5,4.852694853250857,2.9619990091305226,15.729281003586948,442.0
1789928347,50,POST,POST /api/v1/auth/login,0.000000,0.000000,0,0,0,0,0,0,0,0,0,0,0,50,0,1100.0,1221.6992916393792,536.376638992806,1866.7638240003726,1622.0
1789928347,50,,Aggregated,24.800000,0.000000,6,7,7,7,9,10,13,14,32,32,32,1652,0,6,42.837924669020275,2.9619990091305226,1866.7638240003726,6606.8450363196125
1789928348,50,GET,GET /api/v1/reservas,17.100000,0.000000,6,7,7,8,9,10,13,19,32,32,32,1205,0,6,6.445641489663254,3.8253579987213016,35.95072899770457,8965.0
1789928348,50,GET,GET /api/v1/reservas/{id},6.900000,0.000000,5,5,6,6,6,9,10,10,10,10,10,418,0,5,4.847068357027668,2.9619990091305226,15.729281003586948,442.0
1789928348,50,POST,POST /api/v1/auth/login,0.000000,0.000000,0,0,0,0,0,0,0,0,0,0,0,50,0,1100.0,1221.6992916393792,536.376638992806,1866.7638240003726,1622.0
1789928348,50,,Aggregated,24.000000,0.000000,6,6,7,7,8,10,13,14,32,32,32,1673,0,6,42.36583212806381,2.9619990091305226,1866.7638240003726,6616.067543335325
1789928349,50,GET,GET /api/v1/reservas,17.800000,0.000000,6,7,7,7,9,10,13,19,32,32,32,1226,0,6,6.428472983740501,3.8253579987213016,35.95072899770457,8965.0
1789928349,50,GET,GET /api/v1/reservas/{id},6.800000,0.000000,5,5,5,6,6,9,10,10,10,10,10,426,0,5,4.829878845622932,2.9619990091305226,15.729281003586948,442.0
1789928349,50,POST,POST /api/v1/auth/login,0.000000,0.000000,0,0,0,0,0,0,0,0,0,0,0,50,0,1100.0,1221.6992916393792,536.376638992806,1866.7638240003726,1622.0
1789928349,50,,Aggregated,24.600000,0.000000,6,6,7,7,8,10,13,14,32,32,32,1702,0,6,41.729612719312684,2.9619990091305226,1866.7638240003726,6616.02937720329
1789928350,50,GET,GET /api/v1/reservas,17.900000,0.000000,6,6,7,7,8,10,13,19,32,32,32,1243,0,6,6.414282946147389,3.8253579987213016,35.95072899770457,8965.0
1789928350,50,GET,GET /api/v1/reservas/{id},6.700000,0.000000,5,5,5,5,6,7,10,10,10,10,10,434,0,4,4.814140827732734,2.9619990091305226,15.729281003586948,442.0
1789928350,50,POST,POST /api/v1/auth/login,0.000000,0.000000,0,0,0,0,0,0,0,0,0,0,0,50,0,1100.0,1221.6992916393792,536.376638992806,1866.7638240003726,1622.0
1789928350,50,,Aggregated,24.600000,0.000000,5,6,7,7,8,10,12,14,32,32,32,1727,0,6,41.1970210789034,2.9619990091305226,1866.7638240003726,6610.551823972206
1789928351,50,GET,GET /api/v1/reservas,18.300000,0.000000,6,6,7,7,8,10,13,19,32,32,32,1263,0,6,6.414005890022134,3.8253579987213016,35.95072899770457,8965.0
1789928351,50,GET,GET /api/v1/reservas/{id},6.400000,0.000000,4,5,5,5,6,9,10,10,10,10,10,440,0,4,4.811686939170944,2.9619990091305226,15.729281003586948,442.0
1789928351,50,POST,POST /api/v1/auth/login,0.000000,0.000000,0,0,0,0,0,0,0,0,0,0,0,50,0,1100.0,1221.6992916393792,536.376638992806,1866.7638240003726,1622.0
1789928351,50,,Aggregated,24.700000,0.000000,5,6,6,7,8,10,12,14,32,32,32,1753,0,6,40.6748410007428,2.9619990091305226,1866.7638240003726,6616.3006274957215
1789928352,50,GET,GET /api/v1/reservas,18.500000,0.000000,6,6,7,7,8,10,13,19,32,32,32,1273,0,6,6.407019514612907,3.8253579987213016,35.95072899770457,8965.0
1789928352,50,GET,GET /api/v1/reservas/{id},6.300000,0.000000,4,5,5,5,6,9,10,10,10,10,10,449,0,4,4.802197864707477,2.9619990091305226,15.729281003586948,442.0
1789928352,50,POST,POST /api/v1/auth/login,0.000000,0.000000,0,0,0,0,0,0,0,0,0,0,0,50,0,1100.0,1221.6992916393792,536.376638992806,1866.7638240003726,1622.0
1789928352,50,,Aggregated,24.800000,0.000000,5,6,6,7,8,10,12,14,32,32,32,1772,0,6,40.291922835962104,2.9619990091305226,1866.7638240003726,6598.195823927766
1789928353,50,GET,GET /api/v1/reservas,18.400000,0.000000,6,6,6,7,7,8,10,11,18,18,18,1295,0,6,6.394085030214821,3.8253579987213016,35.95072899770457,8965.0
1789928353,50,GET,GET /api/v1/reservas/{id},6.400000,0.000000,4,5,5,5,5,6,9,14,14,14,14,453,0,4,4.8150875568765095,2.9619990091305226,15.729281003586948,442.0
1789928353,50,POST,POST /api/v1/auth/login,0.000000,0.000000,0,0,0,0,0,0,0,0,0,0,0,50,0,1100.0,1221.6992916393792,536.376638992806,1866.7638240003726,1622.0
1789928353,50,,Aggregated,24.800000,0.000000,5,6,6,6,7,8,10,11,18,18,18,1798,0,6,39.79229107862192,2.9619990091305226,1866.7638240003726,6613.459955506118
1789928354,50,GET,GET /api/v1/reservas,17.700000,0.000000,6,6,7,7,8,9,10,14,18,18,18,1313,0,6,6.40832023847258,3.8253579987213016,35.95072899770457,8965.0
1789928354,50,GET,GET /api/v1/reservas/{id},6.700000,0.000000,4,5,5,5,5,6,9,14,14,14,14,458,0,4,4.8168369983963455,2.9619990091305226,15.729281003586948,442.0
1789928354,50,POST,POST /api/v1/auth/login,0.000000,0.000000,0,0,0,0,0,0,0,0,0,0,0,50,0,1100.0,1221.6992916393792,536.376638992806,1866.7638240003726,1622.0
1789928354,50,,Aggregated,24.400000,0.000000,5,6,6,7,8,9,10,14,18,18,18,1821,0,6,39.376826139675444,2.9619990091305226,1866.7638240003726,6619.758923668314
1789928355,50,GET,GET /api/v1/reservas,18.200000,0.000000,6,6,7,7,8,9,10,14,18,18,18,1333,0,6,6.399026722527166,3.8253579987213016,35.95072899770457,8965.0
1789928355,50,GET,GET /api/v1/reservas/{id},6.800000,0.000000,4,5,5,5,5,6,9,14,14,14,14,464,0,4,4.8176464854899175,2.9619990091305226,15.729281003586948,442.0
1789928355,50,POST,POST /api/v1/auth/login,0.000000,0.000000,0,0,0,0,0,0,0,0,0,0,0,50,0,1100.0,1221.6992916393792,536.376638992806,1866.7638240003726,1622.0
1789928355,50,,Aggregated,25.000000,0.000000,5,6,6,7,8,9,10,14,18,18,18,1847,0,6,38.901058566521385,2.9619990091305226,1866.7638240003726,6625.085544125609
1789928356,50,GET,GET /api/v1/reservas,18.200000,0.000000,6,6,6,7,8,9,11,14,18,18,18,1350,0,6,6.393839976388133,3.8253579987213016,35.95072899770457,8965.0
1789928356,50,GET,GET /api/v1/reservas/{id},6.600000,0.000000,4,5,5,5,6,6,9,14,14,14,14,475,0,4,4.817630320597489,2.9619990091305226,15.729281003586948,442.0
1789928356,50,POST,POST /api/v1/auth/login,0.000000,0.000000,0,0,0,0,0,0,0,0,0,0,0,50,0,1100.0,1221.6992916393792,536.376638992806,1866.7638240003726,1622.0
1789928356,50,,Aggregated,24.800000,0.000000,5,6,6,6,7,8,11,14,18,18,18,1875,0,6,38.402678907934266,2.9619990091305226,1866.7638240003726,6610.026666666667
1789928357,50,GET,GET /api/v1/reservas,17.600000,0.000000,6,6,7,7,8,9,11,14,18,18,18,1368,0,6,6.39156632829401,3.8253579987213016,35.95072899770457,8965.0
1789928357,50,GET,GET /api/v1/reservas/{id},6.500000,0.000000,4,5,5,5,6,6,9,14,14,14,14,481,0,4,4.81163976356298,2.9619990091305226,15.729281003586948,442.0
1789928357,50,POST,POST /api/v1/auth/login,0.000000,0.000000,0,0,0,0,0,0,0,0,0,0,0,50,0,1100.0,1221.6992916393792,536.376638992806,1866.7638240003726,1622.0
1789928357,50,,Aggregated,24.100000,0.000000,5,6,6,7,8,9,11,14,18,18,18,1899,0,6,37.990008449367544,2.9619990091305226,1866.7638240003726,6612.860452869932
1789928358,50,GET,GET /api/v1/reservas,18.100000,0.000000,6,6,6,7,8,9,11,14,18,18,18,1387,0,6,6.376172147168598,3.8253579987213016,35.95072899770457,8965.0
1789928358,50,GET,GET /api/v1/reservas/{id},6.200000,0.000000,4,5,5,5,6,6,9,14,14,14,14,484,0,4,4.809241060451133,2.9619990091305226,15.729281003586948,442.0
1789928358,50,POST,POST /api/v1/auth/login,0.000000,0.000000,0,0,0,0,0,0,0,0,0,0,0,50,0,1100.0,1221.6992916393792,536.376638992806,1866.7638240003726,1622.0
1789928358,50,,Aggregated,24.300000,0.000000,5,6,6,6,8,9,11,14,18,18,18,1921,0,6,37.613944832561245,2.9619990091305226,1866.7638240003726,6626.487766788131
1789928359,50,GET,GET /api/v1/reservas,17.800000,0.000000,6,6,6,7,8,9,11,14,18,18,18,1408,0,6,6.366621727383145,3.8253579987213016,35.95072899770457,8965.0
1789928359,50,GET,GET /api/v1/reservas/{id},6.700000,0.000000,4,5,5,5,6,7,9,14,14,14,14,488,0,4,4.805786072255779,2.9619990091305226,15.729281003586948,442.0
1789928359,50,POST,POST /api/v1/auth/login,0.000000,0.000000,0,0,0,0,0,0,0,0,0,0,0,50,0,1100.0,1221.6992916393792,536.376638992806,1866.7638240003726,1622.0
1789928359,50,,Aggregated,24.500000,0.000000,5,6,6,7,8,9,11,14,18,18,18,1946,0,6,37.20164007059879,2.9619990091305226,1866.7638240003726,6639.011305241521
1789928360,50,GET,GET /api/v1/reservas,18.100000,0.000000,6,6,6,7,8,9,11,14,18,18,18,1425,0,6,6.36160992360633,3.8253579987213016,35.95072899770457,8965.0
1789928360,50,GET,GET /api/v1/reservas/{id},6.300000,0.000000,4,5,5,5,6,7,7,14,14,14,14,492,0,4,4.794117720042615,2.9619990091305226,15.729281003586948,442.0
1789928360,50,POST,POST /api/v1/auth/login,0.000000,0.000000,0,0,0,0,0,0,0,0,0,0,0,50,0,1100.0,1221.6992916393792,536.376638992806,1866.7638240003726,1622.0
1789928360,50,,Aggregated,24.400000,0.000000,5,6,6,6,7,8,11,14,18,18,18,1967,0,6,36.862717153720865,2.9619990091305226,1866.7638240003726,6646.511947127606
1789928361,50,GET,GET /api/v1/reservas,17.700000,0.000000,6,6,6,7,8,9,10,14,18,18,18,1439,0,6,6.359916179381211,3.8253579987213016,35.95072899770457,8965.0
1789928361,50,GET,GET /api/v1/reservas/{id},6.400000,0.000000,4,5,5,5,6,7,7,14,14,14,14,501,0,4,4.782168222099827,2.9619990091305226,15.729281003586948,442.0
1789928361,50,POST,POST /api/v1/auth/login,0.000000,0.000000,0,0,0,0,0,0,0,0,0,0,0,50,0,1100.0,1221.6992916393792,536.376638992806,1866.7638240003726,1622.0
1789928361,50,,Aggregated,24.100000,0.000000,5,6,6,6,7,8,10,14,18,18,18,1990,0,6,36.498869469030424,2.9619990091305226,1866.7638240003726,6634.762311557789
1789928362,50,GET,GET /api/v1/reservas,18.200000,0.000000,6,6,7,7,8,9,10,14,18,18,18,1460,0,6,6.352548574058384,3.8253579987213016,35.95072899770457,8965.0
1789928362,50,GET,GET /api/v1/reservas/{id},6.000000,0.000000,4,5,5,5,6,7,8,14,14,14,14,507,0,4,4.779963874321475,2.9619990091305226,15.729281003586948,442.0
1789928362,50,POST,POST /api/v1/auth/login,0.000000,0.000000,0,0,0,0,0,0,0,0,0,0,0,50,0,1100.0,1221.6992916393792,536.376638992806,1866.7638240003726,1622.0
1789928362,50,,Aggregated,24.200000,0.000000,5,6,6,7,8,8,10,14,18,18,18,2017,0,6,36.084842431519675,2.9619990091305226,1866.7638240003726,6640.601883986118
1789928363,50,GET,GET /api/v1/reservas,17.600000,0.000000,6,6,6,6,7,8,9,10,11,11,11,1483,0,6,6.3351518753291955,3.8253579987213016,35.95072899770457,8965.0
1789928363,50,GET,GET /api/v1/reservas/{id},6.100000,0.000000,4,5,5,5,6,7,7,8,8,8,8,510,0,4,4.782545124123549,2.9619990091305226,15.729281003586948,442.0
1789928363,50,POST,POST /api/v1/auth/login,0.000000,0.000000,0,0,0,0,0,0,0,0,0,0,0,50,0,1100.0,1221.6992916393792,536.376638992806,1866.7638240003726,1622.0
1789928363,50,,Aggregated,23.700000,0.000000,5,6,6,6,7,8,9,9,11,11,11,2043,0,6,35.69216486851941,2.9619990091305226,1866.7638240003726,6657.667645619187
1789928364,50,GET,GET /api/v1/reservas,18.100000,0.000000,6,6,6,7,8,9,11,12,15,15,15,1500,0,6,6.347089871395535,3.8253579987213016,35.95072899770457,8965.0
1789928364,50,GET,GET /api/v1/reservas/{id},6.100000,0.000000,4,5,5,6,6,7,7,8,8,8,8,516,0,4,4.7844164094900306,2.9619990091305226,15.729281003586948,442.0
1789928364,50,POST,POST /api/v1/auth/login,0.000000,0.000000,0,0,0,0,0,0,0,0,0,0,0,50,0,1100.0,1221.6992916393792,536.376638992806,1866.7638240003726,1622.0
1789928364,50,,Aggregated,24.200000,0.000000,5,6,6,6,7,8,11,11,15,15,15,2066,0,6,35.36997011440422,2.9619990091305226,1866.7638240003726,6658.602129719265
1789928365,50,GET,GET /api/v1/reservas,17.800000,0.000000,6,6,6,7,8,9,11,12,15,15,15,1520,0,6,6.33037513691402,3.8253579987213016,35.95072899770457,8965.0
1789928365,50,GET,GET /api/v1/reservas/{id},5.900000,0.000000,4,5,5,5,6,7,7,8,8,8,8,522,0,4,4.779034996722152,2.9619990091305226,15.729281003586948,442.0
1789928365,50,POST,POST /api/v1/auth/login,0.000000,0.000000,0,0,0,0,0,0,0,0,0,0,0,50,0,1100.0,1221.6992916393792,536.376638992806,1866.7638240003726,1622.0
1789928365,50,,Aggregated,23.700000,0.000000,5,6,6,6,7,8,11,11,15,15,15,2092,0,5,34.991295917001544,2.9619990091305226,1866.7638240003726,6662.822179732314
1789928366,50,GET,GET /api/v1/reservas,18.700000,0.000000,6,6,6,7,8,8,11,12,15,15,15,1542,0,6,6.322475190108476,3.8253579987213016,35.95072899770457,8965.0
1789928366,50,GET,GET /api/v1/reservas/{id},5.700000,0.000000,4,5,5,5,6,7,7,8,8,8,8,529,0,4,4.776369647106635,2.9619990091305226,15.729281003586948,442.0
1789928366,50,POST,POST /api/v1/auth/login,0.000000,0.000000,0,0,0,0,0,0,0,0,0,0,0,50,0,1100.0,1221.6992916393792,536.376638992806,1866.7638240003726,1622.0
1789928366,50,,Aggregated,24.400000,0.000000,5,6,6,6,7,8,10,11,15,15,15,2121,0,5,34.58789291298238,2.9619990091305226,1866.7638240003726,6666.170674210278
1789928367,50,GET,GET /api/v1/reservas,18.500000,0.000000,6,6,6,7,7,8,11,12,15,15,15,1561,0,6,6.314835349212474,3.7091109988978133,35.95072899770457,8965.0
1789928367,50,GET,GET /api/v1/reservas/{id},5.800000,0.000000,4,5,5,5,6,7,7,8,8,8,8,533,0,4,4.7717217360498685,2.9619990091305226,15.729281003586948,442.0
1789928367,50,POST,POST /api/v1/auth/login,0.000000,0.000000,0,0,0,0,0,0,0,0,0,0,0,50,0,1100.0,1221.6992916393792,536.376638992806,1866.7638240003726,1622.0
1789928367,50,,Aggregated,24.300000,0.000000,5,6,6,6,7,8,9,11,15,15,15,2144,0,5,34.275070078080326,2.9619990091305226,1866.7638240003726,6674.930503731343
1789928368,50,GET,GET /api/v1/reservas,18.800000,0.000000,6,6,6,7,8,8,11,12,15,15,15,1583,0,6,6.307581679771457,3.7091109988978133,35.95072899770457,8965.0
1789928368,50,GET,GET /api/v1/reservas/{id},6.000000,0.000000,4,5,5,5,6,7,7,8,8,8,8,538,0,4,4.76678429428076,2.9619990091305226,15.729281003586948,442.0
1789928368,50,POST,POST /api/v1/auth/login,0.000000,0.000000,0,0,0,0,0,0,0,0,0,0,0,50,0,1100.0,1221.6992916393792,536.376638992806,1866.7638240003726,1622.0
1789928368,50,,Aggregated,24.800000,0.000000,5,6,6,6,7,8,11,11,15,15,15,2171,0,5,33.91727145618159,2.9619990091305226,1866.7638240003726,6683.782128051589
1789928369,50,GET,GET /api/v1/reservas,19.000000,0.000000,5,6,6,7,8,9,11,12,15,15,15,1602,0,6,6.294569485093343,3.7091109988978133,35.95072899770457,8965.0
1789928369,50,GET,GET /api/v1/reservas/{id},5.400000,0.000000,4,4,5,5,6,7,7,8,8,8,8,544,0,4,4.758330789226259,2.9619990091305226,15.729281003586948,442.0
1789928369,50,POST,POST /api/v1/auth/login,0.000000,0.000000,0,0,0,0,0,0,0,0,0,0,0,50,0,1100.0,1221.6992916393792,536.376638992806,1866.7638240003726,1622.0
1789928369,50,,Aggregated,24.400000,0.000000,5,6,6,6,7,8,11,11,15,15,15,2196,0,5,33.58715703389234,2.9619990091305226,1866.7638240003726,6686.465391621129
1789928370,50,GET,GET /api/v1/reservas,20.100000,0.000000,5,6,6,6,7,9,11,12,15,15,15,1624,0,6,6.275853827668327,3.7091109988978133,35.95072899770457,8965.0
1789928370,50,GET,GET /api/v1/reservas/{id},5.500000,0.000000,4,4,5,5,6,7,7,8,8,8,8,549,0,4,4.752319814816062,2.9619990091305226,15.729281003586948,442.0
1789928370,50,POST,POST /api/v1/auth/login,0.000000,0.000000,0,0,0,0,0,0,0,0,0,0,0,50,0,1100.0,1221.6992916393792,536.376638992806,1866.7638240003726,1622.0
1789928370,50,,Aggregated,25.600000,0.000000,5,6,6,6,7,8,11,11,15,15,15,2223,0,5,33.23705567990839,2.9619990091305226,1866.7638240003726,6694.969860548808
1789928371,50,GET,GET /api/v1/reservas,19.900000,0.000000,5,6,6,6,7,9,11,15,18,18,18,1640,0,6,6.278135638493085,3.7091109988978133,35.95072899770457,8965.0
1789928371,50,GET,GET /api/v1/reservas/{id},5.500000,0.000000,4,5,5,5,6,7,7,7,7,7,7,554,0,4,4.7528294789206,2.9619990091305226,15.729281003586948,442.0
1789928371,50,POST,POST /api/v1/auth/login,0.000000,0.000000,0,0,0,0,0,0,0,0,0,0,0,50,0,1100.0,1221.6992916393792,536.376638992806,1866.7638240003726,1622.0
1789928371,50,,Aggregated,25.400000,0.000000,5,6,6,6,7,8,11,12,18,18,18,2244,0,5,32.98314374350251,2.9619990091305226,1866.7638240003726,6697.222816399287
1789928372,50,GET,GET /api/v1/reservas,19.700000,0.000000,5,6,6,6,7,9,11,15,18,18,18,1657,0,6,6.276998805760307,3.7091109988978133,35.95072899770457,8965.0
1789928372,50,GET,GET /api/v1/reservas/{id},5.500000,0.000000,4,5,5,5,6,7,7,9,9,9,9,561,0,4,4.757457257247631,2.9619990091305226,15.729281003586948,442.0
1789928372,50,POST,POST /api/v1/auth/login,0.000000,0.000000,0,0,0,0,0,0,0,0,0,0,0,50,0,1100.0,1221.6992916393792,536.376638992806,1866.7638240003726,1622.0
1789928372,50,,Aggregated,25.200000,0.000000,5,6,6,6,7,9,11,12,18,18,18,2268,0,5,32.6961574622706,2.9619990091305226,1866.7638240003726,6694.914902998236
1789928373,50,GET,GET /api/v1/reservas,20.100000,0.000000,5,6,6,6,7,9,11,16,18,18,18,1674,0,6,6.275220179893541,3.7091109988978133,35.95072899770457,8965.0
1789928373,50,GET,GET /api/v1/reservas/{id},5.300000,0.000000,4,5,5,5,6,7,7,9,9,9,9,567,0,4,4.752064780074474,2.9619990091305226,15.729281003586948,442.0
1789928373,50,POST,POST /api/v1/auth/login,0.000000,0.000000,0,0,0,0,0,0,0,0,0,0,0,50,0,1100.0,1221.6992916393792,536.376638992806,1866.7638240003726,1622.0
1789928373,50,,Aggregated,25.400000,0.000000,5,6,6,6,7,9,11,12,18,18,18,2291,0,5,32.42431422671889,2.9619990091305226,1866.7638240003726,6695.383675250982
1789928374,50,GET,GET /api/v1/reservas,20.100000,0.000000,5,6,6,7,8,10,13,18,20,20,20,1695,0,6,6.290181227219648,3.7091109988978133,35.95072899770457,8965.0
1789928374,50,GET,GET /api/v1/reservas/{id},5.100000,0.000000,4,5,5,5,6,7,8,9,9,9,9,570,0,4,4.759884212807377,2.9619990091305226,15.729281003586948,442.0
1789928374,50,POST,POST /api/v1/auth/login,0.000000,0.000000,0,0,0,0,0,0,0,0,0,0,0,50,0,1100.0,1221.6992916393792,536.376638992806,1866.7638240003726,1622.0
1789928374,50,,Aggregated,25.200000,0.000000,5,6,6,6,7,9,11,16,20,20,20,2315,0,5,32.16412775957083,2.9619990091305226,1866.7638240003726,6707.8682505399565
1789928375,50,GET,GET /api/v1/reservas,20.200000,0.000000,5,6,6,7,8,10,13,18,20,20,20,1716,0,6,6.27759169296813,3.7091109988978133,35.95072899770457,8965.0
1789928375,50,GET,GET /api/v1/reservas/{id},5.300000,0.000000,4,5,5,5,6,7,8,9,9,9,9,578,0,4,4.7537999555791215,2.9619990091305226,15.729281003586948,442.0
1789928375,50,POST,POST /api/v1/auth/login,0.000000,0.000000,0,0,0,0,0,0,0,0,0,0,0,50,0,1100.0,1221.6992916393792,536.376638992806,1866.7638240003726,1622.0
1789928375,50,,Aggregated,25.500000,0.000000,5,6,6,6,7,9,11,16,20,20,20,2344,0,5,31.82807521391937,2.9619990091305226,1866.7638240003726,6706.704778156996
1789928376,50,GET,GET /api/v1/reservas,19.300000,0.000000,5,6,6,7,8,10,13,18,20,20,20,1733,0,6,6.273567266109645,3.7091109988978133,35.95072899770457,8965.0
1789928376,50,GET,GET /api/v1/reservas/{id},5.600000,0.000000,4,5,5,5,6,8,9,9,9,9,9,586,0,4,4.74773892883387,2.9619990091305226,15.729281003586948,442.0
1789928376,50,POST,POST /api/v1/auth/login,0.000000,0.000000,0,0,0,0,0,0,0,0,0,0,0,50,0,1100.0,1221.6992916393792,536.376638992806,1866.7638240003726,1622.0
1789928376,50,,Aggregated,24.900000,0.000000,5,6,6,6,8,9,11,16,20,20,20,2369,0,5,31.548852539651172,2.9619990091305226,1866.7638240003726,6701.754748839173
1789928377,50,GET,GET /api/v1/reservas,19.900000,0.000000,6,6,6,6,8,9,13,18,20,20,20,1753,0,6,6.266959672093793,3.7091109988978133,35.95072899770457,8965.0
1789928377,50,GET,GET /api/v1/reservas/{id},5.500000,0.000000,4,5,5,5,6,8,9,9,9,9,9,592,0,4,4.739611005543092,2.9619990091305226,15.729281003586948,442.0
1789928377,50,POST,POST /api/v1/auth/login,0.000000,0.000000,0,0,0,0,0,0,0,0,0,0,0,50,0,1100.0,1221.6992916393792,536.376638992806,1866.7638240003726,1622.0
1789928377,50,,Aggregated,25.400000,0.000000,5,6,6,6,7,9,11,16,20,20,20,2395,0,5,31.263797328781166,2.9619990091305226,1866.7638240003726,6704.972442588726
1789928378,50,GET,GET /api/v1/reservas,19.600000,0.000000,6,6,6,7,8,9,13,18,20,20,20,1768,0,6,6.262776949197319,3.7091109988978133,35.95072899770457,8965.0
1789928378,50,GET,GET /api/v1/reservas/{id},5.500000,0.000000,4,5,5,5,6,8,9,9,9,9,9,597,0,4,4.7371931730144015,2.9619990091305226,15.729281003586948,442.0
1789928378,50,POST,POST /api/v1/auth/login,0.000000,0.000000,0,0,0,0,0,0,0,0,0,0,0,50,0,1100.0,1221.6992916393792,536.376638992806,1866.7638240003726,1622.0
1789928378,50,,Aggregated,25.100000,0.000000,5,6,6,6,7,9,11,16,20,20,20,2415,0,5,31.049962133515287,2.9619990091305226,1866.7638240003726,6706.043064182195
1789928379,50,GET,GET /api/v1/reservas,19.500000,0.000000,5,6,6,7,8,9,13,18,20,20,20,1792,0,6,6.243362354431221,3.7091109988978133,35.95072899770457,8965.0
1789928379,50,GET,GET /api/v1/reservas/{id},5.900000,0.000000,4,5,5,5,6,8,9,9,9,9,9,603,0,4,4.7330017417878185,2.9619990091305226,15.729281003586948,442.0
1789928379,50,POST,POST /api/v1/auth/login,0.000000,0.000000,0,0,0,0,0,0,0,0,0,0,0,50,0,1100.0,1221.6992916393792,536.376638992806,1866.7638240003726,1622.0
1789928379,50,,Aggregated,25.400000,0.000000,5,6,6,6,7,9,11,16,20,20,20,2445,0,5,30.726817984215856,2.9619990091305226,1866.7638240003726,6712.8449897750515
1789928380,50,GET,GET /api/v1/reservas,18.000000,0.000000,5,6,6,7,8,9,13,18,20,20,20,1816,0,6,6.229137539167274,3.7091109988978133,35.95072899770457,8965.0
1789928380,50,GET,GET /api/v1/reservas/{id},5.700000,0.000000,4,5,5,5,6,8,9,9,9,9,9,607,0,4,4.727713722071865,2.9619990091305226,15.729281003586948,442.0
1789928380,50,POST,POST /api/v1/auth/login,0.000000,0.000000,0,0,0,0,0,0,0,0,0,0,0,50,0,1100.0,1221.6992916393792,536.376638992806,1866.7638240003726,1622.0
1789928380,50,,Aggregated,23.700000,0.000000,5,6,6,6,7,9,11,16,20,20,20,2473,0,5,30.43542279918898,2.9619990091305226,1866.7638240003726,6724.558835422564
1789928381,50,GET,GET /api/v1/reservas,18.600000,0.000000,5,6,6,6,7,9,11,16,20,20,20,1838,0,6,6.216999209534465,3.7091109988978133,35.95072899770457,8965.0
1789928381,50,GET,GET /api/v1/reservas/{id},5.800000,0.000000,4,5,5,5,6,8,9,9,9,9,9,612,0,4,4.723053180260334,2.9619990091305226,15.729281003586948,442.0
1789928381,50,POST,POST /api/v1/auth/login,0.000000,0.000000,0,0,0,0,0,0,0,0,0,0,0,50,0,1100.0,1221.6992916393792,536.376638992806,1866.7638240003726,1622.0
1789928381,50,,Aggregated,24.400000,0.000000,5,6,6,6,7,9,10,13,20,20,20,2500,0,5,30.16092707016505,2.9619990091305226,1866.7638240003726,6731.7096
1789928382,50,GET,GET /api/v1/reservas,19.200000,0.000000,5,6,6,7,8,9,10,16,20,20,20,1856,0,6,6.220434363771785,3.7091109988978133,35.95072899770457,8965.0
1789928382,50,GET,GET /api/v1/reservas/{id},5.900000,0.000000,4,5,5,5,6,7,8,9,9,9,9,619,0,4,4.727175645078856,2.9619990091305226,15.729281003586948,442.0
1789928382,50,POST,POST /api/v1/auth/login,0.000000,0.000000,0,0,0,0,0,0,0,0,0,0,0,50,0,1100.0,1221.6992916393792,536.376638992806,1866.7638240003726,1622.0
1789928382,50,,Aggregated,25.100000,0.000000,5,6,6,6,7,9,10,13,20,20,20,2525,0,5,29.9232524694785,2.9619990091305226,1866.7638240003726,6730.193267326733
1789928383,50,GET,GET /api/v1/reservas,18.900000,0.000000,5,6,6,7,7,9,10,10,11,11,11,1873,0,6,6.216579060429097,3.7091109988978133,35.95072899770457,8965.0
1789928383,50,GET,GET /api/v1/reservas/{id},5.800000,0.000000,4,5,5,5,6,7,8,9,9,9,9,622,0,4,4.720626375104534,2.9619990091305226,15.729281003586948,442.0
1789928383,50,POST,POST /api/v1/auth/login,0.000000,0.000000,0,0,0,0,0,0,0,0,0,0,0,50,0,1100.0,1221.6992916393792,536.376638992806,1866.7638240003726,1622.0
1789928383,50,,Aggregated,24.700000,0.000000,5,6,6,6,7,8,10,10,11,11,11,2545,0,5,29.730784584466672,2.9619990091305226,1866.7638240003726,6737.70884086444
1789928384,50,GET,GET /api/v1/reservas,19.800000,0.000000,5,6,6,6,7,8,10,10,11,11,11,1895,0,6,6.20788170299204,3.7091109988978133,35.95072899770457,8965.0
1789928384,50,GET,GET /api/v1/reservas/{id},5.900000,0.000000,4,5,5,5,5,6,7,9,9,9,9,631,0,4,4.712208601109803,2.9619990091305226,15.729281003586948,442.0
1789928384,50,POST,POST /api/v1/auth/login,0.000000,0.000000,0,0,0,0,0,0,0,0,0,0,0,50,0,1100.0,1221.6992916393792,536.376638992806,1866.7638240003726,1622.0
1789928384,50,,Aggregated,25.700000,0.000000,5,6,6,6,7,8,9,10,11,11,11,2576,0,5,29.434124237748122,2.9619990091305226,1866.7638240003726,6734.734860248447
1789928385,50,GET,GET /api/v1/reservas,19.700000,0.000000,5,6,6,7,8,9,10,10,11,11,11,1909,0,6,6.2143354191518725,3.7091109988978133,35.95072899770457,8965.0
1789928385,50,GET,GET /api/v1/reservas/{id},5.900000,0.000000,4,5,5,5,6,8,8,9,9,9,9,637,0,4,4.718846717849922,2.9619990091305226,15.729281003586948,442.0
1789928385,50,POST,POST /api/v1/auth/login,0.000000,0.000000,0,0,0,0,0,0,0,0,0,0,0,50,0,1100.0,1221.6992916393792,536.376638992806,1866.7638240003726,1622.0
1789928385,50,,Aggregated,25.600000,0.000000,5,6,6,6,7,8,9,10,11,11,11,2596,0,5,29.258103334514747,2.9619990091305226,1866.7638240003726,6732.218412942989
1789928386,50,GET,GET /api/v1/reservas,19.600000,0.000000,5,6,6,6,7,8,10,10,11,11,11,1931,0,6,6.202478222771122,3.7091109988978133,35.95072899770457,8965.0
1789928386,50,GET,GET /api/v1/reservas/{id},5.800000,0.000000,4,5,5,5,6,7,8,8,8,8,8,642,0,4,4.712861377343853,2.9619990091305226,15.729281003586948,442.0
1789928386,50,POST,POST /api/v1/auth/login,0.000000,0.000000,0,0,0,0,0,0,0,0,0,0,0,50,0,1100.0,1221.6992916393792,536.376638992806,1866.7638240003726,1622.0
1789928386,50,,Aggregated,25.400000,0.000000,5,6,6,6,7,8,9,10,11,11,11,2623,0,5,29.007856284557665,2.9619990091305226,1866.7638240003726,6738.9550133435
1789928387,50,GET,GET /api/v1/reservas,19.800000,0.000000,5,6,6,6,7,8,10,10,11,11,11,1948,0,6,6.200037764448272,3.7091109988978133,35.95072899770457,8965.0
1789928387,50,GET,GET /api/v1/reservas/{id},5.800000,0.000000,4,5,5,5,6,7,8,8,8,8,8,648,0,4,4.711615106889103,2.9619990091305226,15.729281003586948,442.0
1789928387,50,POST,POST /api/v1/auth/login,0.000000,0.000000,0,0,0,0,0,0,0,0,0,0,0,50,0,1100.0,1221.6992916393792,536.376638992806,1866.7638240003726,1622.0
1789928387,50,,Aggregated,25.600000,0.000000,5,6,6,6,7,8,9,10,11,11,11,2646,0,5,28.804143891299447,2.9619990091305226,1866.7638240003726,6738.978080120937
1789928388,50,GET,GET /api/v1/reservas,19.100000,0.000000,5,6,6,6,7,8,10,10,11,11,11,1968,0,6,6.196234079852285,3.7091109988978133,35.95072899770457,8965.0
1789928388,50,GET,GET /api/v1/reservas/{id},5.700000,0.000000,4,5,5,5,6,8,8,8,8,8,8,653,0,4,4.708147325084486,2.9269469960127026,15.729281003586948,442.0
1789928388,50,POST,POST /api/v1/auth/login,0.000000,0.000000,0,0,0,0,0,0,0,0,0,0,0,50,0,1100.0,1221.6992916393792,536.376638992806,1866.7638240003726,1622.0
1789928388,50,,Aggregated,24.800000,0.000000,5,6,6,6,7,8,9,10,11,11,11,2671,0,5,28.586137571845164,2.9269469960127026,1866.7638240003726,6743.858479970048
1789928389,50,GET,GET /api/v1/reservas,19.600000,0.000000,6,6,6,7,8,9,10,11,13,13,13,1984,0,6,6.198073161334422,3.7091109988978133,35.95072899770457,8965.0
1789928389,50,GET,GET /api/v1/reservas/{id},5.300000,0.000000,4,5,5,5,6,8,8,8,8,8,8,662,0,4,4.705172740611468,2.9269469960127026,15.729281003586948,442.0
1789928389,50,POST,POST /api/v1/auth/login,0.000000,0.000000,0,0,0,0,0,0,0,0,0,0,0,50,0,1100.0,1221.6992916393792,536.376638992806,1866.7638240003726,1622.0
1789928389,50,,Aggregated,24.900000,0.000000,5,6,6,6,7,8,10,10,13,13,13,2696,0,5,28.374171397752686,2.9269469960127026,1866.7638240003726,6736.002967359051
1789928390,50,GET,GET /api/v1/reservas,20.200000,0.000000,6,6,6,7,8,8,10,11,13,13,13,2004,0,6,6.197409148217865,3.7091109988978133,35.95072899770457,8965.0
1789928390,50,GET,GET /api/v1/reservas/{id},5.700000,0.000000,4,5,5,5,6,8,8,8,8,8,8,665,0,4,4.705450797424637,2.9269469960127026,15.729281003586948,442.0
1789928390,50,POST,POST /api/v1/auth/login,0.000000,0.000000,0,0,0,0,0,0,0,0,0,0,0,50,0,1100.0,1221.6992916393792,536.376638992806,1866.7638240003726,1622.0
1789928390,50,,Aggregated,25.900000,0.000000,5,6,6,6,7,8,9,10,13,13,13,2719,0,5,28.184515371564896,2.9269469960127026,1866.7638240003726,6745.454211107025
1789928391,50,GET,GET /api/v1/reservas,19.200000,0.000000,6,6,6,7,7,8,9,11,13,13,13,2022,0,6,6.188924019278773,3.7091109988978133,35.95072899770457,8965.0
1789928391,50,GET,GET /api/v1/reservas/{id},5.700000,0.000000,4,5,5,5,6,8,8,8,8,8,8,672,0,4,4.69754249598693,2.9269469960127026,15.729281003586948,442.0
1789928391,50,POST,POST /api/v1/auth/login,0.000000,0.000000,0,0,0,0,0,0,0,0,0,0,0,50,0,1100.0,1221.6992916393792,536.376638992806,1866.7638240003726,1622.0
1789928391,50,,Aggregated,24.900000,0.000000,5,6,6,6,7,8,9,9,13,13,13,2744,0,5,27.972200257381143,2.9269469960127026,1866.7638240003726,6743.933673469388
1789928392,50,GET,GET /api/v1/reservas,19.200000,0.000000,6,6,6,7,8,8,10,13,13,13,13,2045,0,6,6.189664745693947,3.7091109988978133,35.95072899770457,8965.0
1789928392,50,GET,GET /api/v1/reservas/{id},5.900000,0.000000,4,5,5,5,6,8,8,8,8,8,8,678,0,4,4.695638302788495,2.9269469960127026,15.729281003586948,442.0
1789928392,50,POST,POST /api/v1/auth/login,0.000000,0.000000,0,0,0,0,0,0,0,0,0,0,0,50,0,1100.0,1221.6992916393792,536.376638992806,1866.7638240003726,1622.0
1789928392,50,,Aggregated,25.100000,0.000000,5,6,6,6,7,8,9,11,13,13,13,2773,0,5,27.741244773243302,2.9269469960127026,1866.7638240003726,6748.720158672917
1789928393,50,GET,GET /api/v1/reservas,19.000000,0.000000,6,6,6,7,8,8,10,13,13,13,13,2067,0,6,6.186498114636723,3.7091109988978133,35.95072899770457,8965.0
1789928393,50,GET,GET /api/v1/reservas/{id},5.900000,0.000000,4,5,5,5,6,8,8,8,8,8,8,684,0,4,4.69132665247668,2.9269469960127026,15.729281003586948,442.0
1789928393,50,POST,POST /api/v1/auth/login,0.000000,0.000000,0,0,0,0,0,0,0,0,0,0,0,50,0,1100.0,1221.6992916393792,536.376638992806,1866.7638240003726,1622.0
1789928393,50,,Aggregated,24.900000,0.000000,5,6,6,7,7,8,9,10,13,13,13,2801,0,5,27.519215856914357,2.9269469960127026,1866.7638240003726,6752.617993573724
1789928394,50,GET,GET /api/v1/reservas,18.400000,0.000000,6,6,7,7,7,8,10,13,13,13,13,2086,0,6,6.191449285703227,3.7091109988978133,35.95072899770457,8965.0
1789928394,50,GET,GET /api/v1/reservas/{id},6.000000,0.000000,4,5,5,5,6,8,8,8,8,8,8,686,0,4,4.694556089349936,2.9269469960127026,15.729281003586948,442.0
1789928394,50,POST,POST /api/v1/auth/login,0.000000,0.000000,0,0,0,0,0,0,0,0,0,0,0,50,0,1100.0,1221.6992916393792,536.376638992806,1866.7638240003726,1622.0
1789928394,50,,Aggregated,24.400000,0.000000,5,6,6,7,7,8,10,10,13,13,13,2822,0,5,27.363853036583965,2.9269469960127026,1866.7638240003726,6763.041105598866
1789928395,50,GET,GET /api/v1/reservas,18.700000,0.000000,6,6,7,7,9,10,13,16,17,17,17,2107,0,6,6.225489566194784,3.7091109988978133,35.95072899770457,8965.0
1789928395,50,GET,GET /api/v1/reservas/{id},5.900000,0.000000,4,5,5,6,7,9,10,11,11,11,11,692,0,4,4.723181087126507,2.9269469960127026,15.729281003586948,442.0
1789928395,50,POST,POST /api/v1/auth/login,0.000000,0.000000,0,0,0,0,0,0,0,0,0,0,0,50,0,1100.0,1221.6992916393792,536.376638992806,1866.7638240003726,1622.0
1789928395,50,,Aggregated,24.600000,0.000000,6,6,7,7,8,10,12,13,17,17,17,2849,0,5,27.1921770481688,2.9269469960127026,1866.7638240003726,6765.959634959635
1789928396,50,GET,GET /api/v1/reservas,19.000000,0.000000,6,6,7,7,9,10,13,16,17,17,17,2131,0,6,6.215843709527099,3.7091109988978133,35.95072899770457,8965.0
1789928396,50,GET,GET /api/v1/reservas/{id},5.700000,0.000000,4,5,5,6,7,9,10,11,11,11,11,697,0,4,4.718088663262154,2.9269469960127026,15.729281003586948,442.0
1789928396,50,POST,POST /api/v1/auth/login,0.000000,0.000000,0,0,0,0,0,0,0,0,0,0,0,50,0,1100.0,1221.6992916393792,536.376638992806,1866.7638240003726,1622.0
1789928396,50,,Aggregated,24.700000,0.000000,6,6,7,7,8,10,12,13,17,17,17,2878,0,5,26.96992193372652,2.9269469960127026,1866.7638240003726,6773.310979847116
1789928397,50,GET,GET /api/v1/reservas,19.600000,0.000000,6,7,7,7,9,10,13,16,17,17,17,2149,0,6,6.215323217784884,3.7091109988978133,35.95072899770457,8965.0
1789928397,50,GET,GET /api/v1/reservas/{id},5.600000,0.000000,4,5,5,6,8,9,11,11,11,11,11,699,0,4,4.715817960378719,2.9269469960127026,15.729281003586948,442.0
1789928397,50,POST,POST /api/v1/auth/login,0.000000,0.000000,0,0,0,0,0,0,0,0,0,0,0,50,0,1100.0,1221.6992916393792,536.376638992806,1866.7638240003726,1622.0
1789928397,50,,Aggregated,25.200000,0.000000,6,6,7,7,9,10,12,13,17,17,17,2898,0,5,26.824724268907314,2.9269469960127026,1866.7638240003726,6782.554520358868
1789928398,50,GET,GET /api/v1/reservas,20.000000,0.000000,6,7,7,7,9,10,13,16,17,17,17,2171,0,6,6.211309406743835,3.7091109988978133,35.95072899770457,8965.0
1789928398,50,GET,GET /api/v1/reservas/{id},5.600000,0.000000,4,5,5,6,7,9,10,11,11,11,11,709,0,4,4.717993859410363,2.9269469960127026,15.729281003586948,442.0
1789928398,50,POST,POST /api/v1/auth/login,0.000000,0.000000,0,0,0,0,0,0,0,0,0,0,0,50,0,1100.0,1221.6992916393792,536.376638992806,1866.7638240003726,1622.0
1789928398,50,,Aggregated,25.600000,0.000000,6,6,7,7,8,10,12,13,17,17,17,2930,0,5,26.592073361887977,2.9269469960127026,1866.7638240003726,6777.301365187714
1789928399,50,GET,GET /api/v1/reservas,20.100000,0.000000,6,6,7,7,9,10,13,16,17,17,17,2187,0,6,6.204244326945427,3.7091109988978133,35.95072899770457,8965.0
1789928399,50,GET,GET /api/v1/reservas/{id},5.400000,0.000000,4,5,5,6,7,9,10,11,11,11,11,716,0,4,4.710293962743281,2.9269469960127026,15.729281003586948,442.0
1789928399,50,POST,POST /api/v1/auth/login,0.000000,0.000000,0,0,0,0,0,0,0,0,0,0,0,50,0,1100.0,1221.6992916393792,536.376638992806,1866.7638240003726,1622.0
1789928399,50,,Aggregated,25.500000,0.000000,6,6,7,7,8,10,12,13,17,17,17,2953,0,5,26.42269468415943,2.9269469960127026,1866.7638240003726,6774.1371486623775
1789928400,50,GET,GET /api/v1/reservas,20.000000,0.000000,6,7,7,7,9,10,12,13,17,17,17,2212,0,6,6.203185080929645,3.7091109988978133,35.95072899770457,8965.0
1789928400,50,GET,GET /api/v1/reservas/{id},5.000000,0.000000,4,5,5,6,7,9,10,11,11,11,11,721,0,4,4.706347322213527,2.9269469960127026,15.729281003586948,442.0
1789928400,50,POST,POST /api/v1/auth/login,0.000000,0.000000,0,0,0,0,0,0,0,0,0,0,0,50,0,1100.0,1221.6992916393792,536.376638992806,1866.7638240003726,1622.0
1789928400,50,,Aggregated,25.000000,0.000000,6,6,7,7,9,10,12,13,17,17,17,2983,0,5,26.215114448642737,2.9269469960127026,1866.7638240003726,6781.884679852497
1789928401,50,GET,GET /api/v1/reservas,20.700000,0.000000,6,7,7,8,9,10,12,16,17,17,17,2230,0,6,6.2101331228771945,3.7091109988978133,35.95072899770457,8965.0
1789928401,50,GET,GET /api/v1/reservas/{id},5.500000,0.000000,4,5,6,6,7,9,11,11,11,11,11,723,0,4,4.705217313028667,2.9269469960127026,15.729281003586948,442.0
1789928401,50,POST,POST /api/v1/auth/login,0.000000,0.000000,0,0,0,0,0,0,0,0,0,0,0,50,0,1100.0,1221.6992916393792,536.376638992806,1866.7638240003726,1622.0
1789928401,50,,Aggregated,26.200000,0.000000,6,7,7,7,9,10,12,13,17,17,17,3003,0,5,26.085725462305973,2.9269469960127026,1866.7638240003726,6790.747918747918
1789928402,50,GET,GET /api/v1/reservas,20.200000,0.000000,6,7,7,8,10,12,20,23,37,37,37,2252,0,6,6.271379963132926,3.7091109988978133,36.86803000164218,8965.0
1789928402,50,GET,GET /api/v1/reservas/{id},5.500000,0.000000,4,5,6,6,7,9,11,11,11,11,11,728,0,4,4.710294309496441,2.9269469960127026,15.729281003586948,442.0
1789928402,50,POST,POST /api/v1/auth/login,0.000000,0.000000,0,0,0,0,0,0,0,0,0,0,0,50,0,1100.0,1221.6992916393792,536.376638992806,1866.7638240003726,1622.0
1789928402,50,,Aggregated,25.700000,0.000000,6,7,7,8,10,12,20,23,37,37,37,3030,0,5,25.952873437708817,2.9269469960127026,1866.7638240003726,6796.0580858085805
1789928403,50,GET,GET /api/v1/reservas,20.800000,0.000000,6,7,8,8,10,13,20,23,37,37,37,2274,0,6,6.279494726477552,3.7091109988978133,36.86803000164218,8965.0
1789928403,50,GET,GET /api/v1/reservas/{id},5.500000,0.000000,5,5,6,7,7,10,13,13,13,13,13,733,0,4,4.72388148199723,2.9269469960127026,15.729281003586948,442.0
1789928403,50,POST,POST /api/v1/auth/login,0.000000,0.000000,0,0,0,0,0,0,0,0,0,0,0,50,0,1100.0,1221.6992916393792,536.376638992806,1866.7638240003726,1622.0
1789928403,50,,Aggregated,26.300000,0.000000,6,7,7,8,10,12,18,23,37,37,37,3057,0,5,25.785783682133754,2.9269469960127026,1866.7638240003726,6801.2744520772
1789928404,50,GET,GET /api/v1/reservas,20.500000,0.000000,6,7,7,8,9,12,22,28,37,37,37,2296,0,6,6.2856238131555475,3.7091109988978133,36.86803000164218,8965.0
1789928404,50,GET,GET /api/v1/reservas/{id},5.000000,0.000000,4,5,6,7,7,9,13,13,13,13,13,737,0,4,4.734064681547741,2.9269469960127026,15.729281003586948,442.0
1789928404,50,POST,POST /api/v1/auth/login,0.000000,0.000000,0,0,0,0,0,0,0,0,0,0,0,50,0,1100.0,1221.6992916393792,536.376638992806,1866.7638240003726,1622.0
1789928404,50,,Aggregated,25.500000,0.000000,6,7,7,8,9,11,20,23,37,37,37,3083,0,5,25.62626095597625,2.9269469960127026,1866.7638240003726,6808.463833927992
1789928405,50,GET,GET /api/v1/reservas,20.500000,0.000000,6,7,8,8,9,13,20,23,37,37,37,2320,0,6,6.302677962487686,3.7091109988978133,36.86803000164218,8965.0
1789928405,50,GET,GET /api/v1/reservas/{id},4.900000,0.000000,4,5,5,7,7,7,13,13,13,13,13,740,0,4,4.735229001754133,2.9269469960127026,15.729281003586948,442.0
1789928405,50,POST,POST /api/v1/auth/login,0.000000,0.000000,0,0,0,0,0,0,0,0,0,0,0,50,0,1100.0,1221.6992916393792,536.376638992806,1866.7638240003726,1622.0
1789928405,50,,Aggregated,25.400000,0.000000,6,7,7,8,9,13,18,23,37,37,37,3110,0,5,25.46985431390304,2.9269469960127026,1866.7638240003726,6818.96463022508
1789928406,50,GET,GET /api/v1/reservas,20.800000,0.000000,6,7,8,8,9,13,22,28,37,37,37,2336,0,6,6.296050165636263,3.7091109988978133,36.86803000164218,8965.0
1789928406,50,GET,GET /api/v1/reservas/{id},5.200000,0.000000,4,5,5,7,7,7,13,13,13,13,13,746,0,4,4.731073933389804,2.9269469960127026,15.729281003586948,442.0
1789928406,50,POST,POST /api/v1/auth/login,0.000000,0.000000,0,0,0,0,0,0,0,0,0,0,0,50,0,1100.0,1221.6992916393792,536.376638992806,1866.7638240003726,1622.0
1789928406,50,,Aggregated,26.000000,0.000000,6,7,7,8,9,13,20,23,37,37,37,3132,0,5,25.326283181099637,2.9269469960127026,1866.7638240003726,6817.7113665389525
1789928407,50,GET,GET /api/v1/reservas,20.700000,0.000000,6,7,8,8,10,13,22,28,37,37,37,2360,0,6,6.292753579648472,3.7091109988978133,36.86803000164218,8965.0
1789928407,50,GET,GET /api/v1/reservas/{id},5.000000,0.000000,4,5,5,6,7,7,8,13,13,13,13,752,0,4,4.726368850145825,2.9269469960127026,15.729281003586948,442.0
1789928407,50,POST,POST /api/v1/auth/login,0.000000,0.000000,0,0,0,0,0,0,0,0,0,0,0,50,0,1100.0,1221.6992916393792,536.376638992806,1866.7638240003726,1622.0
1789928407,50,,Aggregated,25.700000,0.000000,6,7,7,8,9,13,18,23,37,37,37,3162,0,5,25.139181658839032,2.9269469960127026,1866.7638240003726,6821.911448450348
1789928408,50,GET,GET /api/v1/reservas,21.400000,0.000000,6,7,8,8,9,13,22,28,37,37,37,2375,0,6,6.288994349465755,3.7091109988978133,36.86803000164218,8965.0
1789928408,50,GET,GET /api/v1/reservas/{id},4.700000,0.000000,4,5,5,6,7,8,13,13,13,13,13,756,0,4,4.729120877402632,2.9269469960127026,15.729281003586948,442.0
1789928408,50,POST,POST /api/v1/auth/login,0.000000,0.000000,0,0,0,0,0,0,0,0,0,0,0,50,0,1100.0,1221.6992916393792,536.376638992806,1866.7638240003726,1622.0
1789928408,50,,Aggregated,26.100000,0.000000,6,7,7,8,9,12,20,23,37,37,37,3181,0,5,25.022490268867188,2.9269469960127026,1866.7638240003726,6823.994655768626
1789928409,50,GET,GET /api/v1/reservas,20.700000,0.000000,7,7,8,8,10,13,20,23,37,37,37,2398,0,6,6.290345532512618,3.7091109988978133,36.86803000164218,8965.0
1789928409,50,GET,GET /api/v1/reservas/{id},5.100000,0.000000,4,5,5,7,7,8,13,13,13,13,13,761,0,4,4.729581949146252,2.9269469960127026,15.729281003586948,442.0
1789928409,50,POST,POST /api/v1/auth/login,0.000000,0.000000,0,0,0,0,0,0,0,0,0,0,0,50,0,1100.0,1221.6992916393792,536.376638992806,1866.7638240003726,1622.0
1789928409,50,,Aggregated,25.800000,0.000000,6,7,7,8,9,12,20,23,37,37,37,3209,0,5,24.857720483712843,2.9269469960127026,1866.7638240003726,6829.39607354316
1789928410,50,GET,GET /api/v1/reservas,20.400000,0.000000,6,7,7,8,9,13,20,23,37,37,37,2421,0,6,6.278771926866358,3.7091109988978133,36.86803000164218,8965.0
1789928410,50,GET,GET /api/v1/reservas/{id},5.300000,0.000000,4,5,5,5,7,8,13,13,13,13,13,768,0,4,4.722331473052084,2.9269469960127026,15.729281003586948,442.0
1789928410,50,POST,POST /api/v1/auth/login,0.000000,0.000000,0,0,0,0,0,0,0,0,0,0,0,50,0,1100.0,1221.6992916393792,536.376638992806,1866.7638240003726,1622.0
1789928410,50,,Aggregated,25.700000,0.000000,6,7,7,8,9,12,20,23,37,37,37,3239,0,5,24.672004318683673,2.9269469960127026,1866.7638240003726,6830.756715035504
1789928411,50,GET,GET /api/v1/reservas,20.700000,0.000000,6,7,7,8,9,13,20,23,37,37,37,2437,0,6,6.2711031936551604,3.7091109988978133,36.86803000164218,8965.0
1789928411,50,GET,GET /api/v1/reservas/{id},4.800000,0.000000,4,5,5,7,8,8,13,13,13,13,13,771,0,4,4.725760792863879,2.9269469960127026,15.729281003586948,442.0
1789928411,50,POST,POST /api/v1/auth/login,0.000000,0.000000,0,0,0,0,0,0,0,0,0,0,0,50,0,1100.0,1221.6992916393792,536.376638992806,1866.7638240003726,1622.0
1789928411,50,,Aggregated,25.500000,0.000000,6,7,7,8,9,12,20,23,37,37,37,3258,0,5,24.55838079687067,2.9269469960127026,1866.7638240003726,6835.355125844076
1789928412,50,GET,GET /api/v1/reservas,20.800000,0.000000,6,6,7,7,9,10,12,13,14,14,14,2458,0,6,6.262094194034551,3.7091109988978133,36.86803000164218,8965.0
1789928412,50,GET,GET /api/v1/reservas/{id},4.400000,0.000000,4,4,5,5,8,8,13,13,13,13,13,777,0,4,4.719415305400635,2.9269469960127026,15.729281003586948,442.0
1789928412,50,POST,POST /api/v1/auth/login,0.000000,0.000000,0,0,0,0,0,0,0,0,0,0,0,50,0,1100.0,1221.6992916393792,536.376638992806,1866.7638240003726,1622.0
1789928412,50,,Aggregated,25.200000,0.000000,5,6,7,7,8,10,13,13,14,14,14,3285,0,5,24.39700998575409,2.9269469960127026,1866.7638240003726,6837.29193302892
1789928413,50,GET,GET /api/v1/reservas,20.300000,0.000000,6,6,7,7,8,10,13,13,19,19,19,2475,0,6,6.272026002019023,3.7091109988978133,36.86803000164218,8965.0
1789928413,50,GET,GET /api/v1/reservas/{id},4.800000,0.000000,4,4,5,5,7,8,8,8,8,8,8,782,0,4,4.722029969683173,2.9269469960127026,15.729281003586948,442.0
1789928413,50,POST,POST /api/v1/auth/login,0.000000,0.000000,0,0,0,0,0,0,0,0,0,0,0,50,0,1100.0,1221.6992916393792,536.376638992806,1866.7638240003726,1622.0
1789928413,50,,Aggregated,25.100000,0.000000,5,6,7,7,8,9,12,13,19,19,19,3307,0,5,24.28208538653108,2.9269469960127026,1866.7638240003726,6838.560326579982
1789928414,50,GET,GET /api/v1/reservas,21.100000,0.000000,5,6,7,7,8,10,13,16,19,19,19,2498,0,6,6.272390318231807,3.7091109988978133,36.86803000164218,8965.0
1789928414,50,GET,GET /api/v1/reservas/{id},4.900000,0.000000,4,4,5,5,6,8,8,8,8,8,8,788,0,4,4.714100009259894,2.9269469960127026,15.729281003586948,442.0
1789928414,50,POST,POST /api/v1/auth/login,0.000000,0.000000,0,0,0,0,0,0,0,0,0,0,0,50,0,1100.0,1221.6992916393792,536.376638992806,1866.7638240003726,1622.0
1789928414,50,,Aggregated,26.000000,0.000000,5,6,6,7,8,10,13,14,19,19,19,3336,0,5,24.12113501325204,2.9269469960127026,1866.7638240003726,6841.716426858513
1789928415,50,GET,GET /api/v1/reservas,21.100000,0.000000,5,6,6,7,8,10,12,16,19,19,19,2514,0,6,6.270236213983127,3.7091109988978133,36.86803000164218,8965.0
1789928415,50,GET,GET /api/v1/reservas/{id},4.900000,0.000000,4,4,5,5,6,8,8,8,8,8,8,791,0,4,4.711862806960476,2.9269469960127026,15.729281003586948,442.0
1789928415,50,POST,POST /api/v1/auth/login,0.000000,0.000000,0,0,0,0,0,0,0,0,0,0,0,50,0,1100.0,1221.6992916393792,536.376638992806,1866.7638240003726,1622.0
1789928415,50,,Aggregated,26.000000,0.000000,5,6,6,6,8,9,11,14,19,19,19,3355,0,5,24.01651919649129,2.9269469960127026,1866.7638240003726,6846.119821162444
1789928416,50,GET,GET /api/v1/reservas,20.000000,0.000000,5,6,7,7,8,10,12,16,19,19,19,2536,0,6,6.270760790988794,3.7091109988978133,36.86803000164218,8965.0
1789928416,50,GET,GET /api/v1/reservas/{id},4.700000,0.000000,4,4,5,5,6,8,8,8,8,8,8,797,0,4,4.715145676671539,2.9269469960127026,15.729281003586948,442.0
1789928416,50,POST,POST /api/v1/auth/login,0.000000,0.000000,0,0,0,0,0,0,0,0,0,0,0,50,0,1100.0,1221.6992916393792,536.376638992806,1866.7638240003726,1622.0
1789928416,50,,Aggregated,24.700000,0.000000,5,6,6,7,8,9,11,14,19,19,19,3383,0,5,23.868041694420267,2.9269469960127026,1866.7638240003726,6848.540939994088
1789928417,50,GET,GET /api/v1/reservas,20.100000,0.000000,5,6,6,7,8,9,12,16,19,19,19,2551,0,6,6.266769106220198,3.7091109988978133,36.86803000164218,8965.0
1789928417,50,GET,GET /api/v1/reservas/{id},5.200000,0.000000,4,5,5,5,6,8,8,8,8,8,8,804,0,4,4.715806698136724,2.9269469960127026,15.729281003586948,442.0
1789928417,50,POST,POST /api/v1/auth/login,0.000000,0.000000,0,0,0,0,0,0,0,0,0,0,0,50,0,1100.0,1221.6992916393792,536.376638992806,1866.7638240003726,1622.0
1789928417,50,,Aggregated,25.300000,0.000000,5,6,6,7,8,9,11,14,19,19,19,3405,0,5,23.748311646766112,2.9269469960127026,1866.7638240003726,6844.693979441997
1789928418,50,GET,GET /api/v1/reservas,19.500000,0.000000,5,6,6,7,7,8,12,16,19,19,19,2571,0,6,6.260572031879481,3.7091109988978133,36.86803000164218,8965.0
1789928418,50,GET,GET /api/v1/reservas/{id},5.400000,0.000000,4,5,5,5,6,7,8,8,8,8,8,811,0,4,4.71770598431251,2.9269469960127026,15.729281003586948,442.0
1789928418,50,POST,POST /api/v1/auth/login,0.000000,0.000000,0,0,0,0,0,0,0,0,0,0,0,50,0,1100.0,1221.6992916393792,536.376638992806,1866.7638240003726,1622.0
1789928418,50,,Aggregated,24.900000,0.000000,5,6,6,6,7,8,10,14,19,19,19,3432,0,5,23.603425066785707,2.9269469960127026,1866.7638240003726,6843.990967365968
1789928419,50,GET,GET /api/v1/reservas,19.300000,0.000000,5,6,6,7,8,9,12,16,19,19,19,2593,0,6,6.2641429795469294,3.7091109988978133,36.86803000164218,8965.0
1789928419,50,GET,GET /api/v1/reservas/{id},5.000000,0.000000,4,5,5,5,6,7,8,8,8,8,8,813,0,4,4.719926999097313,2.9269469960127026,15.729281003586948,442.0
1789928419,50,POST,POST /api/v1/auth/login,0.000000,0.000000,0,0,0,0,0,0,0,0,0,0,0,50,0,1100.0,1221.6992916393792,536.376638992806,1866.7638240003726,1622.0
1789928419,50,,Aggregated,24.300000,0.000000,5,6,6,7,8,8,12,14,19,19,19,3456,0,5,23.48529744739591,2.9269469960127026,1866.7638240003726,6853.787905092592
1789928420,50,GET,GET /api/v1/reservas,19.300000,0.000000,5,6,7,7,8,9,12,16,19,19,19,2614,0,6,6.256330406654499,3.7091109988978133,36.86803000164218,8965.0
1789928420,50,GET,GET /api/v1/reservas/{id},5.300000,0.000000,4,5,5,5,6,7,8,8,8,8,8,820,0,4,4.7134493369035555,2.9269469960127026,15.729281003586948,442.0
1789928420,50,POST,POST /api/v1/auth/login,0.000000,0.000000,0,0,0,0,0,0,0,0,0,0,0,50,0,1100.0,1221.6992916393792,536.376638992806,1866.7638240003726,1622.0
1789928420,50,,Aggregated,24.600000,0.000000,5,6,6,7,7,8,12,14,19,19,19,3484,0,5,23.33640663640205,2.9269469960127026,1866.7638240003726,6853.630884041332
1789928421,50,GET,GET /api/v1/reservas,19.300000,0.000000,6,6,7,7,8,9,12,16,19,19,19,2628,0,6,6.25097475723529,3.7091109988978133,36.86803000164218,8965.0
1789928421,50,GET,GET /api/v1/reservas/{id},5.200000,0.000000,5,5,5,5,6,7,8,8,8,8,8,824,0,4,4.71163083888826,2.9269469960127026,15.729281003586948,442.0
1789928421,50,POST,POST /api/v1/auth/login,0.000000,0.000000,0,0,0,0,0,0,0,0,0,0,0,50,0,1100.0,1221.6992916393792,536.376638992806,1866.7638240003726,1622.0
1789928421,50,,Aggregated,24.500000,0.000000,5,6,6,7,8,8,12,14,19,19,19,3502,0,5,23.24240721165826,2.9269469960127026,1866.7638240003726,6854.748143917761
1789928422,50,GET,GET /api/v1/reservas,19.500000,0.000000,5,6,6,7,8,9,12,16,19,19,19,2648,0,6,6.24369042787821,3.7091109988978133,36.86803000164218,8965.0
1789928422,50,GET,GET /api/v1/reservas/{id},5.300000,0.000000,4,5,5,5,6,7,7,8,8,8,8,834,0,4,4.702895325254699,2.9269469960127026,15.729281003586948,442.0
1789928422,50,POST,POST /api/v1/auth/login,0.000000,0.000000,0,0,0,0,0,0,0,0,0,0,0,50,0,1100.0,1221.6992916393792,536.376638992806,1866.7638240003726,1622.0
1789928422,50,,Aggregated,24.800000,0.000000,5,6,6,6,7,8,12,14,19,19,19,3532,0,5,23.086203719210896,2.9269469960127026,1866.7638240003726,6848.541336353341
1789928423,50,GET,GET /api/v1/reservas,20.000000,0.000000,6,6,6,7,7,8,12,14,16,16,16,2667,0,6,6.242406576296168,3.7091109988978133,36.86803000164218,8965.0
1789928423,50,GET,GET /api/v1/reservas/{id},5.000000,0.000000,4,5,5,5,6,7,7,8,8,8,8,840,0,4,4.706314524134671,2.9269469960127026,15.729281003586948,442.0
1789928423,50,POST,POST /api/v1/auth/login,0.000000,0.000000,0,0,0,0,0,0,0,0,0,0,0,50,0,1100.0,1221.6992916393792,536.376638992806,1866.7638240003726,1622.0
1789928423,50,,Aggregated,25.000000,0.000000,5,6,6,6,7,8,10,12,16,16,16,3557,0,5,22.965073691657004,2.9269469960127026,1866.7638240003726,6849.039921281979
1789928424,50,GET,GET /api/v1/reservas,18.900000,0.000000,6,6,7,7,7,8,9,12,12,12,12,2686,0,6,6.2399109553057945,3.7091109988978133,36.86803000164218,8965.0
1789928424,50,GET,GET /api/v1/reservas/{id},5.200000,0.000000,5,5,5,5,6,7,7,8,8,8,8,846,0,4,4.702073735546598,2.9269469960127026,15.729281003586948,442.0
1789928424,50,POST,POST /api/v1/auth/login,0.000000,0.000000,0,0,0,0,0,0,0,0,0,0,0,50,0,1100.0,1221.6992916393792,536.376638992806,1866.7638240003726,1622.0
1789928424,50,,Aggregated,24.100000,0.000000,5,6,6,7,7,8,9,9,12,12,12,3582,0,5,22.84291451373332,2.9269469960127026,1866.7638240003726,6849.531546621999
1789928425,50,GET,GET /api/v1/reservas,18.800000,0.000000,5,6,6,6,7,8,9,9,12,12,12,2707,0,6,6.232044764305095,3.7091109988978133,36.86803000164218,8965.0
1789928425,50,GET,GET /api/v1/reservas/{id},5.600000,0.000000,4,5,5,5,5,7,7,8,8,8,8,853,0,4,4.696906231274006,2.9269469960127026,15.729281003586948,442.0
1789928425,50,POST,POST /api/v1/auth/login,0.000000,0.000000,0,0,0,0,0,0,0,0,0,0,0,50,0,1100.0,1221.6992916393792,536.376638992806,1866.7638240003726,1622.0
1789928425,50,,Aggregated,24.400000,0.000000,5,6,6,6,7,7,8,9,12,12,12,3610,0,5,22.70403622554559,2.9269469960127026,1866.7638240003726,6849.413019390582
1789928426,50,GET,GET /api/v1/reservas,19.400000,0.000000,5,6,6,7,7,8,10,12,25,25,25,2726,0,6,6.239805473569671,3.7091109988978133,36.86803000164218,8965.0
1789928426,50,GET,GET /api/v1/reservas/{id},5.900000,0.000000,4,5,5,5,6,7,7,8,8,8,8,857,0,4,4.700051932645252,2.9269469960127026,15.729281003586948,442.0
1789928426,50,POST,POST /api/v1/auth/login,0.000000,0.000000,0,0,0,0,0,0,0,0,0,0,0,50,0,1100.0,1221.6992916393792,536.376638992806,1866.7638240003726,1622.0
1789928426,50,,Aggregated,25.300000,0.000000,5,6,6,6,7,8,9,11,25,25,25,3633,0,5,22.604629454774805,2.9269469960127026,1866.7638240003726,6853.42251582714
1789928427,50,GET,GET /api/v1/reservas,18.900000,0.000000,5,6,6,7,7,8,10,12,25,25,25,2739,0,6,6.237323929887194,3.7091109988978133,36.86803000164218,8965.0
1789928427,50,GET,GET /api/v1/reservas/{id},5.700000,0.000000,4,5,5,5,5,6,7,7,7,7,7,865,0,4,4.6962611852994325,2.9269469960127026,15.729281003586948,442.0
1789928427,50,POST,POST /api/v1/auth/login,0.000000,0.000000,0,0,0,0,0,0,0,0,0,0,0,50,0,1100.0,1221.6992916393792,536.376638992806,1866.7638240003726,1622.0
1789928427,50,,Aggregated,24.600000,0.000000,5,6,6,6,7,8,9,11,25,25,25,3654,0,5,22.504450123484947,2.9269469960127026,1866.7638240003726,6846.897920087576
1789928428,50,GET,GET /api/v1/reservas,19.100000,0.000000,6,6,7,7,8,8,11,12,25,25,25,2761,0,6,6.240556553414617,3.7091109988978133,36.86803000164218,8965.0
1789928428,50,GET,GET /api/v1/reservas/{id},6.000000,0.000000,4,5,5,5,5,6,7,7,7,7,7,871,0,4,4.691882864830066,2.9269469960127026,15.729281003586948,442.0
1789928428,50,POST,POST /api/v1/auth/login,0.000000,0.000000,0,0,0,0,0,0,0,0,0,0,0,50,0,1100.0,1221.6992916393792,536.376638992806,1866.7638240003726,1622.0
1789928428,50,,Aggregated,25.100000,0.000000,5,6,6,7,7,8,10,12,25,25,25,3682,0,5,22.379622814017846,2.9269469960127026,1866.7638240003726,6849.116512764802
1789928429,50,GET,GET /api/v1/reservas,18.900000,0.000000,6,6,7,7,8,9,11,12,25,25,25,2779,0,6,6.244853462396121,3.7091109988978133,36.86803000164218,8965.0
1789928429,50,GET,GET /api/v1/reservas/{id},6.100000,0.000000,4,5,5,5,6,7,8,9,9,9,9,879,0,4,4.702057396221309,2.9269469960127026,15.729281003586948,442.0
1789928429,50,POST,POST /api/v1/auth/login,0.000000,0.000000,0,0,0,0,0,0,0,0,0,0,0,50,0,1100.0,1221.6992916393792,536.376638992806,1866.7638240003726,1622.0
1789928429,50,,Aggregated,25.000000,0.000000,5,6,6,7,7,9,11,11,25,25,25,3708,0,5,22.26874886872878,2.9269469960127026,1866.7638240003726,6845.564455231931
1789928430,50,GET,GET /api/v1/reservas,18.900000,0.000000,6,6,7,7,8,10,11,12,25,25,25,2797,0,6,6.245005051845143,3.7091109988978133,36.86803000164218,8965.0
1789928430,50,GET,GET /api/v1/reservas/{id},6.300000,0.000000,4,5,5,5,6,7,8,9,9,9,9,884,0,4,4.698832122483517,2.9269469960127026,15.729281003586948,442.0
1789928430,50,POST,POST /api/v1/auth/login,0.000000,0.000000,0,0,0,0,0,0,0,0,0,0,0,50,0,1100.0,1221.6992916393792,536.376638992806,1866.7638240003726,1622.0
1789928430,50,,Aggregated,25.200000,0.000000,5,6,6,7,8,9,11,12,25,25,25,3731,0,5,22.167250417650834,2.9269469960127026,1866.7638240003726,6847.207987134816
1789928431,50,GET,GET /api/v1/reservas,18.700000,0.000000,6,6,7,7,8,10,11,12,25,25,25,2818,0,6,6.23650883926433,3.7091109988978133,36.86803000164218,8965.0
1789928431,50,GET,GET /api/v1/reservas/{id},6.100000,0.000000,4,5,5,5,6,7,8,9,9,9,9,890,0,4,4.696151216038937,2.9269469960127026,15.729281003586948,442.0
1789928431,50,POST,POST /api/v1/auth/login,0.000000,0.000000,0,0,0,0,0,0,0,0,0,0,0,50,0,1100.0,1221.6992916393792,536.376638992806,1866.7638240003726,1622.0
1789928431,50,,Aggregated,24.900000,0.000000,5,6,6,7,8,9,11,12,25,25,25,3758,0,5,22.04337974275958,2.9269469960127026,1866.7638240003726,6848.815859499734
1789928432,50,GET,GET /api/v1/reservas,18.500000,0.000000,6,6,7,7,8,10,11,12,25,25,25,2833,0,6,6.232876506213022,3.7091109988978133,36.86803000164218,8965.0
1789928432,50,GET,GET /api/v1/reservas/{id},6.500000,0.000000,4,5,5,5,6,7,8,9,9,9,9,899,0,4,4.691600303969904,2.9269469960127026,15.729281003586948,442.0
1789928432,50,POST,POST /api/v1/auth/login,0.000000,0.000000,0,0,0,0,0,0,0,0,0,0,0,50,0,1100.0,1221.6992916393792,536.376638992806,1866.7638240003726,1622.0
1789928432,50,,Aggregated,25.000000,0.000000,5,6,6,7,8,9,11,12,25,25,25,3782,0,5,21.935603489513326,2.9269469960127026,1866.7638240003726,6841.962718138551
1789928433,50,GET,GET /api/v1/reservas,18.700000,0.000000,6,6,7,7,9,11,19,25,30,30,30,2858,0,6,6.2545559262072565,3.7091109988978133,36.86803000164218,8965.0
1789928433,50,GET,GET /api/v1/reservas/{id},6.500000,0.000000,4,5,5,5,6,7,9,20,20,20,20,905,0,4,4.707439907489458,2.9269469960127026,20.017700007883832,442.0
1789928433,50,POST,POST /api/v1/auth/login,0.000000,0.000000,0,0,0,0,0,0,0,0,0,0,0,50,0,1100.0,1221.6992916393792,536.376638992806,1866.7638240003726,1622.0
1789928433,50,,Aggregated,25.200000,0.000000,5,6,6,7,8,10,19,22,30,30,30,3813,0,5,21.825522825949978,2.9269469960127026,1866.7638240003726,6845.811696826646
1789928434,50,GET,GET /api/v1/reservas,18.600000,0.000000,6,6,7,7,9,11,19,25,30,30,30,2875,0,6,6.254426104381032,3.7091109988978133,36.86803000164218,8965.0
1789928434,50,GET,GET /api/v1/reservas/{id},6.700000,0.000000,4,5,5,5,6,7,9,20,20,20,20,908,0,4,4.70684552235395,2.9269469960127026,20.017700007883832,442.0
1789928434,50,POST,POST /api/v1/auth/login,0.000000,0.000000,0,0,0,0,0,0,0,0,0,0,0,50,0,1100.0,1221.6992916393792,536.376638992806,1866.7638240003726,1622.0
1789928434,50,,Aggregated,25.300000,0.000000,5,6,6,7,9,11,19,22,30,30,30,3833,0,5,21.742826863125963,2.9269469960127026,1866.7638240003726,6850.1985390033915
1789928435,50,GET,GET /api/v1/reservas,18.400000,0.000000,6,6,7,7,9,11,19,25,30,30,30,2897,0,6,6.247589544741002,3.7091109988978133,36.86803000164218,8965.0
1789928435,50,GET,GET /api/v1/reservas/{id},6.500000,0.000000,4,5,5,5,6,8,9,20,20,20,20,914,0,4,4.70566791829032,2.9269469960127026,20.017700007883832,442.0
1789928435,50,POST,POST /api/v1/auth/login,0.000000,0.000000,0,0,0,0,0,0,0,0,0,0,0,50,0,1100.0,1221.6992916393792,536.376638992806,1866.7638240003726,1622.0
1789928435,50,,Aggregated,24.900000,0.000000,5,6,6,7,8,11,19,22,30,30,30,3861,0,5,21.62269152302538,2.9269469960127026,1866.7638240003726,6852.290339290339
1789928436,50,GET,GET /api/v1/reservas,19.000000,0.000000,6,6,7,7,9,11,15,22,30,30,30,2910,0,6,6.247110830966377,3.7091109988978133,36.86803000164218,8965.0
1789928436,50,GET,GET /api/v1/reservas/{id},6.400000,0.000000,4,5,5,5,6,7,9,20,20,20,20,920,0,4,4.704741257940085,2.9269469960127026,20.017700007883832,442.0
1789928436,50,POST,POST /api/v1/auth/login,0.000000,0.000000,0,0,0,0,0,0,0,0,0,0,0,50,0,1100.0,1221.6992916393792,536.376638992806,1866.7638240003726,1622.0
1789928436,50,,Aggregated,25.400000,0.000000,5,6,6,7,8,10,15,20,30,30,30,3880,0,5,21.544437901388143,2.9269469960127026,1866.7638240003726,6849.45618556701
1789928437,50,GET,GET /api/v1/reservas,18.300000,0.000000,6,6,7,7,8,11,15,22,30,30,30,2929,0,6,6.243363486547815,3.7091109988978133,36.86803000164218,8965.0
1789928437,50,GET,GET /api/v1/reservas/{id},6.300000,0.000000,4,5,5,5,6,8,9,20,20,20,20,924,0,4,4.7009033293497815,2.9269469960127026,20.017700007883832,442.0
1789928437,50,POST,POST /api/v1/auth/login,0.000000,0.000000,0,0,0,0,0,0,0,0,0,0,0,50,0,1100.0,1221.6992916393792,536.376638992806,1866.7638240003726,1622.0
1789928437,50,,Aggregated,24.600000,0.000000,5,6,6,7,8,10,15,20,30,30,30,3903,0,5,21.4489907533658,2.9269469960127026,1866.7638240003726,6853.188060466308
1789928438,50,GET,GET /api/v1/reservas,18.800000,0.000000,6,6,6,7,8,10,15,22,30,30,30,2954,0,6,6.238687365981598,3.7091109988978133,36.86803000164218,8965.0
1789928438,50,GET,GET /api/v1/reservas/{id},6.300000,0.000000,4,5,5,5,6,8,9,20,20,20,20,932,0,4,4.693554042185989,2.9269469960127026,20.017700007883832,442.0
1789928438,50,POST,POST /api/v1/auth/login,0.000000,0.000000,0,0,0,0,0,0,0,0,0,0,0,50,0,1100.0,1221.6992916393792,536.376638992806,1866.7638240003726,1622.0
1789928438,50,,Aggregated,25.100000,0.000000,5,6,6,6,8,9,15,20,30,30,30,3936,0,5,21.31311977347458,2.9269469960127026,1866.7638240003726,6853.570630081301
1789928439,50,GET,GET /api/v1/reservas,19.300000,0.000000,6,6,6,7,8,9,15,22,30,30,30,2972,0,6,6.233842221444495,3.7091109988978133,36.86803000164218,8965.0
1789928439,50,GET,GET /api/v1/reservas/{id},6.200000,0.000000,4,5,5,5,5,6,7,20,20,20,20,938,0,4,4.690340031290239,2.9269469960127026,20.017700007883832,442.0
1789928439,50,POST,POST /api/v1/auth/login,0.000000,0.000000,0,0,0,0,0,0,0,0,0,0,0,50,0,1100.0,1221.6992916393792,536.376638992806,1866.7638240003726,1622.0
1789928439,50,,Aggregated,25.500000,0.000000,5,6,6,6,7,9,15,20,30,30,30,3960,0,5,21.21502086198289,2.9269469960127026,1866.7638240003726,6853.453535353536
1789928440,50,GET,GET /api/v1/reservas,18.700000,0.000000,6,6,6,7,8,9,15,22,30,30,30,2994,0,6,6.230558173735013,3.7091109988978133,36.86803000164218,8965.0
1789928440,50,GET,GET /api/v1/reservas/{id},6.000000,0.000000,4,5,5,5,6,7,7,20,20,20,20,944,0,4,4.687071679377291,2.9269469960127026,20.017700007883832,442.0
1789928440,50,POST,POST /api/v1/auth/login,0.000000,0.000000,0,0,0,0,0,0,0,0,0,0,0,50,0,1100.0,1221.6992916393792,536.376638992806,1866.7638240003726,1622.0
1789928440,50,,Aggregated,24.700000,0.000000,5,6,6,6,7,8,15,20,30,30,30,3988,0,5,21.104275681911673,2.9269469960127026,1866.7638240003726,6855.455867602808
1789928441,50,GET,GET /api/v1/reservas,19.100000,0.000000,6,6,6,7,8,9,15,22,30,30,30,3013,0,6,6.225333236368238,3.7091109988978133,36.86803000164218,8965.0
1789928441,50,GET,GET /api/v1/reservas/{id},6.400000,0.000000,4,5,5,5,6,7,7,20,20,20,20,950,0,4,4.682773061412215,2.9269469960127026,20.017700007883832,442.0
1789928441,50,POST,POST /api/v1/auth/login,0.000000,0.000000,0,0,0,0,0,0,0,0,0,0,0,50,0,1100.0,1221.6992916393792,536.376638992806,1866.7638240003726,1622.0
1789928441,50,,Aggregated,25.400000,0.000000,5,6,6,6,7,9,15,20,30,30,30,4013,0,5,21.00436781248145,2.9269469960127026,1866.7638240003726,6855.8547221530025
1789928442,50,GET,GET /api/v1/reservas,19.800000,0.000000,6,6,6,7,8,9,15,22,30,30,30,3033,0,6,6.222182537144886,3.7091109988978133,36.86803000164218,8965.0
1789928442,50,GET,GET /api/v1/reservas/{id},5.800000,0.000000,4,5,5,5,5,6,7,20,20,20,20,958,0,4,4.674820974247412,2.9269469960127026,20.017700007883832,442.0
1789928442,50,POST,POST /api/v1/auth/login,0.000000,0.000000,0,0,0,0,0,0,0,0,0,0,0,50,0,1100.0,1221.6992916393792,536.376638992806,1866.7638240003726,1622.0
1789928442,50,,Aggregated,25.600000,0.000000,5,6,6,6,7,9,11,20,30,30,30,4041,0,5,20.894660408428216,2.9269469960127026,1866.7638240003726,6853.595892105915
1789928443,50,GET,GET /api/v1/reservas,19.300000,0.000000,5,6,6,6,7,8,9,11,16,16,16,3053,0,6,6.2187658860658175,3.7091109988978133,36.86803000164218,8965.0
1789928443,50,GET,GET /api/v1/reservas/{id},6.100000,0.000000,4,4,5,5,5,6,7,7,7,7,7,965,0,4,4.675921251097998,2.9269469960127026,20.017700007883832,442.0
1789928443,50,POST,POST /api/v1/auth/login,0.000000,0.000000,0,0,0,0,0,0,0,0,0,0,0,50,0,1100.0,1221.6992916393792,536.376638992806,1866.7638240003726,1622.0
1789928443,50,,Aggregated,25.400000,0.000000,5,6,6,6,7,8,9,9,16,16,16,4068,0,5,20.792310924148836,2.9269469960127026,1866.7638240003726,6852.9437069813175
1789928444,50,GET,GET /api/v1/reservas,19.700000,0.000000,5,6,6,7,7,8,9,16,16,16,16,3066,0,6,6.223852289345833,3.7091109988978133,36.86803000164218,8965.0
1789928444,50,GET,GET /api/v1/reservas/{id},5.800000,0.000000,4,5,5,5,5,6,7,7,7,7,7,978,0,4,4.675391947184352,2.9269469960127026,20.017700007883832,442.0
1789928444,50,POST,POST /api/v1/auth/login,0.000000,0.000000,0,0,0,0,0,0,0,0,0,0,0,50,0,1100.0,1221.6992916393792,536.376638992806,1866.7638240003726,1622.0
1789928444,50,,Aggregated,25.500000,0.000000,5,6,6,6,7,8,9,11,16,16,16,4094,0,5,20.698541530398042,2.9269469960127026,1866.7638240003726,6839.293111871031
1789928445,50,GET,GET /api/v1/reservas,19.600000,0.000000,6,6,7,7,7,8,9,16,16,16,16,3085,0,6,6.225516733916656,3.7091109988978133,36.86803000164218,8965.0
1789928445,50,GET,GET /api/v1/reservas/{id},6.100000,0.000000,4,5,5,5,6,7,7,7,7,7,7,981,0,4,4.6790404876196385,2.9269469960127026,20.017700007883832,442.0
1789928445,50,POST,POST /api/v1/auth/login,0.000000,0.000000,0,0,0,0,0,0,0,0,0,0,0,50,0,1100.0,1221.6992916393792,536.376638992806,1866.7638240003726,1622.0
1789928445,50,,Aggregated,25.700000,0.000000,5,6,6,7,7,8,9,11,16,16,16,4116,0,5,20.622162882521067,2.9269469960127026,1866.7638240003726,6844.442905733722
1789928446,50,GET,GET /api/v1/reservas,19.300000,0.000000,6,6,7,7,7,8,9,16,16,16,16,3103,0,6,6.228017681018108,3.7091109988978133,36.86803000164218,8965.0
1789928446,50,GET,GET /api/v1/reservas/{id},6.000000,0.000000,4,5,5,5,6,7,7,8,8,8,8,987,0,4,4.686122058131525,2.9269469960127026,20.017700007883832,442.0
1789928446,50,POST,POST /api/v1/auth/login,0.000000,0.000000,0,0,0,0,0,0,0,0,0,0,0,50,0,1100.0,1221.6992916393792,536.376638992806,1866.7638240003726,1622.0
1789928446,50,,Aggregated,25.300000,0.000000,5,6,6,7,7,8,9,11,16,16,16,4140,0,5,20.540025583947816,2.9269469960127026,1866.7638240003726,6844.383816425121
1789928447,50,GET,GET /api/v1/reservas,19.500000,0.000000,6,7,7,7,8,9,16,24,26,26,26,3132,0,6,6.258053306897859,3.7091109988978133,36.86803000164218,8965.0
1789928447,50,GET,GET /api/v1/reservas/{id},6.900000,0.000000,4,5,5,6,7,7,7,8,8,8,8,989,0,4,4.687220850745541,2.9269469960127026,20.017700007883832,442.0
1789928447,50,POST,POST /api/v1/auth/login,0.000000,0.000000,0,0,0,0,0,0,0,0,0,0,0,50,0,1100.0,1221.6992916393792,536.376638992806,1866.7638240003726,1622.0
1789928447,50,,Aggregated,26.400000,0.000000,6,6,7,7,8,9,16,19,26,26,26,4171,0,5,20.45572979155128,2.9269469960127026,1866.7638240003726,6856.058019659554
1789928448,50,GET,GET /api/v1/reservas,18.900000,0.000000,6,7,7,7,8,10,16,24,26,26,26,3144,0,6,6.263874101525437,3.7091109988978133,36.86803000164218,8965.0
1789928448,50,GET,GET /api/v1/reservas/{id},6.400000,0.000000,5,5,5,6,6,7,7,8,8,8,8,997,0,4,4.692208891082462,2.9269469960127026,20.017700007883832,442.0
1789928448,50,POST,POST /api/v1/auth/login,0.000000,0.000000,0,0,0,0,0,0,0,0,0,0,0,50,0,1100.0,1221.6992916393792,536.376638992806,1866.7638240003726,1622.0
1789928448,50,,Aggregated,25.300000,0.000000,6,7,7,7,8,9,16,19,26,26,26,4191,0,5,20.390531381907458,2.9269469960127026,1866.7638240003726,6849.853018372703
1789928449,50,GET,GET /api/v1/reservas,19.000000,0.000000,6,7,7,8,9,10,16,24,26,26,26,3161,0,6,6.268254173433053,3.7091109988978133,36.86803000164218,8965.0
1789928449,50,GET,GET /api/v1/reservas/{id},6.600000,0.000000,5,5,6,6,7,7,7,8,8,8,8,1005,0,4,4.70185253473198,2.9269469960127026,20.017700007883832,442.0
1789928449,50,POST,POST /api/v1/auth/login,0.000000,0.000000,0,0,0,0,0,0,0,0,0,0,0,50,0,1100.0,1221.6992916393792,536.376638992806,1866.7638240003726,1622.0
1789928449,50,,Aggregated,25.600000,0.000000,6,7,7,7,8,9,16,19,26,26,26,4216,0,5,20.309363809676583,2.9269469960127026,1866.7638240003726,6846.222722960152
1789928450,50,GET,GET /api/v1/reservas,20.300000,0.000000,7,7,8,8,9,10,16,24,26,26,26,3177,0,6,6.271598648159825,3.7091109988978133,36.86803000164218,8965.0
1789928450,50,GET,GET /api/v1/reservas/{id},6.300000,0.000000,5,5,6,6,6,7,7,8,8,8,8,1011,0,4,4.705939821377429,2.9269469960127026,20.017700007883832,442.0
1789928450,50,POST,POST /api/v1/auth/login,0.000000,0.000000,0,0,0,0,0,0,0,0,0,0,0,50,0,1100.0,1221.6992916393792,536.376638992806,1866.7638240003726,1622.0
1789928450,50,,Aggregated,26.600000,0.000000,6,7,7,7,8,9,16,19,26,26,26,4238,0,5,20.237739180411822,2.9269469960127026,1866.7638240003726,6845.15502595564
1789928451,50,GET,GET /api/v1/reservas,19.300000,0.000000,7,7,8,8,9,10,16,24,26,26,26,3191,0,6,6.269796138266281,3.7091109988978133,36.86803000164218,8965.0
1789928451,50,GET,GET /api/v1/reservas/{id},6.500000,0.000000,5,5,6,6,7,7,7,8,8,8,8,1021,0,4,4.706022431349348,2.9269469960127026,20.017700007883832,442.0
1789928451,50,POST,POST /api/v1/auth/login,0.000000,0.000000,0,0,0,0,0,0,0,0,0,0,0,50,0,1100.0,1221.6992916393792,536.376638992806,1866.7638240003726,1622.0
1789928451,50,,Aggregated,25.800000,0.000000,6,7,7,7,8,9,16,19,26,26,26,4262,0,5,20.154090324163384,2.9269469960127026,1866.7638240003726,6837.0945565462225
1789928452,50,GET,GET /api/v1/reservas,18.400000,0.000000,7,7,7,8,9,10,16,24,26,26,26,3213,0,6,6.271604552177587,3.7091109988978133,36.86803000164218,8965.0
1789928452,50,GET,GET /api/v1/reservas/{id},6.800000,0.000000,5,6,6,6,7,7,8,8,8,8,8,1031,0,4,4.714029032385739,2.9269469960127026,20.017700007883832,442.0
1789928452,50,POST,POST /api/v1/auth/login,0.000000,0.000000,0,0,0,0,0,0,0,0,0,0,0,50,0,1100.0,1221.6992916393792,536.376638992806,1866.7638240003726,1622.0
1789928452,50,,Aggregated,25.200000,0.000000,6,7,7,7,8,9,16,19,26,26,26,4294,0,5,20.050254760248077,2.9269469960127026,1866.7638240003726,6833.1036329762455
1789928453,50,GET,GET /api/v1/reservas,18.000000,0.000000,7,7,7,8,8,10,16,24,26,26,26,3226,0,6,6.274645687580177,3.7091109988978133,36.86803000164218,8965.0
1789928453,50,GET,GET /api/v1/reservas/{id},6.700000,0.000000,5,6,6,6,6,7,8,8,8,8,8,1034,0,4,4.715510937519803,2.9269469960127026,20.017700007883832,442.0
1789928453,50,POST,POST /api/v1/auth/login,0.000000,0.000000,0,0,0,0,0,0,0,0,0,0,0,50,0,1100.0,1221.6992916393792,536.376638992806,1866.7638240003726,1622.0
1789928453,50,,Aggregated,24.700000,0.000000,7,7,7,7,8,9,11,19,26,26,26,4310,0,5,20.00065194419909,2.9269469960127026,1866.7638240003726,6835.085382830626
1789928454,50,GET,GET /api/v1/reservas,17.900000,0.000000,7,7,8,8,9,11,16,24,26,26,26,3249,0,6,6.289196135765209,3.7091109988978133,36.86803000164218,8965.0
1789928454,50,GET,GET /api/v1/reservas/{id},7.300000,0.000000,5,6,6,6,7,7,8,8,8,8,8,1043,0,4,4.725920929431613,2.9269469960127026,20.017700007883832,442.0
1789928454,50,POST,POST /api/v1/auth/login,0.000000,0.000000,0,0,0,0,0,0,0,0,0,0,0,50,0,1100.0,1221.6992916393792,536.376638992806,1866.7638240003726,1622.0
1789928454,50,,Aggregated,25.200000,0.000000,7,7,7,8,8,10,16,19,26,26,26,4342,0,5,19.909649552387677,2.9269469960127026,1866.7638240003726,6833.116305849839
1789928455,50,GET,GET /api/v1/reservas,18.200000,0.000000,7,7,8,8,9,11,16,24,26,26,26,3263,0,6,6.291044787040152,3.7091109988978133,36.86803000164218,8965.0
1789928455,50,GET,GET /api/v1/reservas/{id},7.100000,0.000000,5,6,6,6,7,8,8,8,8,8,8,1052,0,4,4.731898245590026,2.9269469960127026,20.017700007883832,442.0
1789928455,50,POST,POST /api/v1/auth/login,0.000000,0.000000,0,0,0,0,0,0,0,0,0,0,0,50,0,1100.0,1221.6992916393792,536.376638992806,1866.7638240003726,1622.0
1789928455,50,,Aggregated,25.300000,0.000000,7,7,7,8,8,10,16,19,26,26,26,4365,0,5,19.83748010915044,2.9269469960127026,1866.7638240003726,6826.776403207331
1789928456,50,GET,GET /api/v1/reservas,18.000000,0.000000,7,7,8,8,9,10,12,16,16,16,16,3281,0,6,6.290120235319624,3.7091109988978133,36.86803000164218,8965.0
1789928456,50,GET,GET /api/v1/reservas/{id},6.900000,0.000000,5,6,6,6,7,7,8,8,8,8,8,1056,0,4,4.728715283501074,2.9269469960127026,20.017700007883832,442.0
1789928456,50,POST,POST /api/v1/auth/login,0.000000,0.000000,0,0,0,0,0,0,0,0,0,0,0,50,0,1100.0,1221.6992916393792,536.376638992806,1866.7638240003726,1622.0
1789928456,50,,Aggregated,24.900000,0.000000,6,7,7,7,8,9,10,12,16,16,16,4387,0,5,19.76666797661951,2.9269469960127026,1866.7638240003726,6829.728060177798
1789928457,50,GET,GET /api/v1/reservas,17.800000,0.000000,7,7,8,8,9,10,12,16,16,16,16,3297,0,6,6.30192621325052,3.7091109988978133,36.86803000164218,8965.0
1789928457,50,GET,GET /api/v1/reservas/{id},6.700000,0.000000,5,6,6,6,7,8,8,10,10,10,10,1071,0,4,4.745132786507786,2.9269469960127026,20.017700007883832,442.0
1789928457,50,POST,POST /api/v1/auth/login,0.000000,0.000000,0,0,0,0,0,0,0,0,0,0,0,50,0,1100.0,1221.6992916393792,536.376638992806,1866.7638240003726,1622.0
1789928457,50,,Aggregated,24.500000,0.000000,6,7,7,8,9,10,12,12,16,16,16,4418,0,5,19.67959541000583,2.9269469960127026,1866.7638240003726,6815.773426889996
1789928458,50,GET,GET /api/v1/reservas,17.800000,0.000000,7,7,7,8,9,10,12,16,16,16,16,3315,0,6,6.300998482986446,3.7091109988978133,36.86803000164218,8965.0
1789928458,50,GET,GET /api/v1/reservas/{id},7.000000,0.000000,5,6,6,6,7,8,8,10,10,10,10,1076,0,4,4.745142954771366,2.9269469960127026,20.017700007883832,442.0
1789928458,50,POST,POST /api/v1/auth/login,0.000000,0.000000,0,0,0,0,0,0,0,0,0,0,0,50,0,1100.0,1221.6992916393792,536.376638992806,1866.7638240003726,1622.0
1789928458,50,,Aggregated,24.800000,0.000000,6,7,7,7,8,9,12,12,16,16,16,4441,0,5,19.607869482639725,2.9269469960127026,1866.7638240003726,6817.308489079036
1789928459,50,GET,GET /api/v1/reservas,17.600000,0.000000,7,7,7,8,9,10,12,16,16,16,16,3331,0,6,6.300629325153312,3.7091109988978133,36.86803000164218,8965.0
1789928459,50,GET,GET /api/v1/reservas/{id},7.600000,0.000000,5,6,6,6,7,8,8,10,10,10,10,1084,0,4,4.746015878535255,2.9269469960127026,20.017700007883832,442.0
1789928459,50,POST,POST /api/v1/auth/login,0.000000,0.000000,0,0,0,0,0,0,0,0,0,0,0,50,0,1100.0,1221.6992916393792,536.376638992806,1866.7638240003726,1622.0
1789928459,50,,Aggregated,25.200000,0.000000,6,7,7,7,8,9,12,12,16,16,16,4465,0,5,19.533492066380035,2.9269469960127026,1866.7638240003726,6813.581858902576
1789928460,50,GET,GET /api/v1/reservas,16.600000,0.000000,7,7,7,8,9,10,16,20,23,23,23,3352,0,6,6.310861826112024,3.7091109988978133,36.86803000164218,8965.0
1789928460,50,GET,GET /api/v1/reservas/{id},8.000000,0.000000,5,6,6,6,8,8,10,19,19,19,19,1093,0,4,4.768610627035021,2.9269469960127026,20.017700007883832,442.0
1789928460,50,POST,POST /api/v1/auth/login,0.000000,0.000000,0,0,0,0,0,0,0,0,0,0,0,50,0,1100.0,1221.6992916393792,536.376638992806,1866.7638240003726,1622.0
1789928460,50,,Aggregated,24.600000,0.000000,6,7,7,7,8,10,12,19,23,23,23,4495,0,5,19.455186838363904,2.9269469960127026,1866.7638240003726,6810.875639599555
1789928461,50,GET,GET /api/v1/reservas,17.200000,0.000000,7,7,7,8,9,10,16,20,23,23,23,3368,0,6,6.312355817145045,3.7091109988978133,36.86803000164218,8965.0
1789928461,50,GET,GET /api/v1/reservas/{id},7.800000,0.000000,5,6,6,6,8,8,10,19,19,19,19,1100,0,4,4.769984753048365,2.9269469960127026,20.017700007883832,442.0
1789928461,50,POST,POST /api/v1/auth/login,0.000000,0.000000,0,0,0,0,0,0,0,0,0,0,0,50,0,1100.0,1221.6992916393792,536.376638992806,1866.7638240003726,1622.0
1789928461,50,,Aggregated,25.000000,0.000000,6,7,7,8,8,10,16,19,23,23,23,4518,0,5,19.387331164777926,2.9269469960127026,1866.7638240003726,6808.636564851704
1789928462,50,GET,GET /api/v1/reservas,17.000000,0.000000,7,7,7,8,9,10,16,20,23,23,23,3386,0,6,6.309324269687114,3.7091109988978133,36.86803000164218,8965.0
1789928462,50,GET,GET /api/v1/reservas/{id},7.900000,0.000000,5,6,6,6,8,8,10,19,19,19,19,1107,0,4,4.767542628131495,2.9269469960127026,20.017700007883832,442.0
1789928462,50,POST,POST /api/v1/auth/login,0.000000,0.000000,0,0,0,0,0,0,0,0,0,0,0,50,0,1100.0,1221.6992916393792,536.376638992806,1866.7638240003726,1622.0
1789928462,50,,Aggregated,24.900000,0.000000,6,7,7,8,8,10,16,19,23,23,23,4543,0,5,19.310148855045366,2.9269469960127026,1866.7638240003726,6807.370460048426
1789928463,50,GET,GET /api/v1/reservas,17.500000,0.000000,6,7,7,8,9,10,12,20,23,23,23,3401,0,6,6.3090624549291,3.7091109988978133,36.86803000164218,8965.0
1789928463,50,GET,GET /api/v1/reservas/{id},8.500000,0.000000,5,5,6,6,8,8,10,19,19,19,19,1117,0,4,4.766702863351599,2.9269469960127026,20.017700007883832,442.0
1789928463,50,POST,POST /api/v1/auth/login,0.000000,0.000000,0,0,0,0,0,0,0,0,0,0,0,50,0,1100.0,1221.6992916393792,536.376638992806,1866.7638240003726,1622.0
1789928463,50,,Aggregated,26.000000,0.000000,6,7,7,7,8,9,12,19,23,23,23,4568,0,5,19.235221779673065,2.9269469960127026,1866.7638240003726,6800.520796847636
1789928464,50,GET,GET /api/v1/reservas,17.200000,0.000000,6,7,7,7,8,9,12,20,23,23,23,3417,0,6,6.307290142300968,3.7091109988978133,36.86803000164218,8965.0
1789928464,50,GET,GET /api/v1/reservas/{id},7.800000,0.000000,5,5,6,6,7,8,10,19,19,19,19,1123,0,4,4.770814491862361,2.9269469960127026,20.017700007883832,442.0
1789928464,50,POST,POST /api/v1/auth/login,0.000000,0.000000,0,0,0,0,0,0,0,0,0,0,0,50,0,1100.0,1221.6992916393792,536.376638992806,1866.7638240003726,1622.0
1789928464,50,,Aggregated,25.000000,0.000000,6,6,7,7,8,9,12,19,23,23,23,4590,0,5,19.170936747837214,2.9269469960127026,1866.7638240003726,6799.754030501089
1789928465,50,GET,GET /api/v1/reservas,17.200000,0.000000,6,7,7,7,8,9,12,20,23,23,23,3432,0,6,6.308015648666785,3.7091109988978133,36.86803000164218,8965.0
1789928465,50,GET,GET /api/v1/reservas/{id},7.900000,0.000000,5,5,6,6,7,8,10,19,19,19,19,1129,0,4,4.76980733157666,2.9269469960127026,20.017700007883832,442.0
1789928465,50,POST,POST /api/v1/auth/login,0.000000,0.000000,0,0,0,0,0,0,0,0,0,0,0,50,0,1100.0,1221.6992916393792,536.376638992806,1866.7638240003726,1622.0
1789928465,50,,Aggregated,25.100000,0.000000,6,6,7,7,8,9,12,19,23,23,23,4611,0,5,19.11064557916795,2.9269469960127026,1866.7638240003726,6798.524831923661
1789928466,50,GET,GET /api/v1/reservas,17.200000,0.000000,6,7,7,7,8,9,12,20,23,23,23,3456,0,6,6.304907481556391,3.7091109988978133,36.86803000164218,8965.0
1789928466,50,GET,GET /api/v1/reservas/{id},8.300000,0.000000,5,5,6,6,7,8,10,19,19,19,19,1137,0,4,4.768196161252876,2.9269469960127026,20.017700007883832,442.0
1789928466,50,POST,POST /api/v1/auth/login,0.000000,0.000000,0,0,0,0,0,0,0,0,0,0,0,50,0,1100.0,1221.6992916393792,536.376638992806,1866.7638240003726,1622.0
1789928466,50,,Aggregated,25.500000,0.000000,6,6,7,7,8,9,12,19,23,23,23,4643,0,5,19.01705015584156,2.9269469960127026,1866.7638240003726,6798.771053198363
1789928467,50,GET,GET /api/v1/reservas,16.900000,0.000000,6,6,7,7,8,8,10,20,23,23,23,3468,0,6,6.306657904907489,3.7091109988978133,36.86803000164218,8965.0
1789928467,50,GET,GET /api/v1/reservas/{id},7.800000,0.000000,5,5,6,6,7,9,12,19,19,19,19,1146,0,4,4.781070978503758,2.9269469960127026,20.017700007883832,442.0
1789928467,50,POST,POST /api/v1/auth/login,0.000000,0.000000,0,0,0,0,0,0,0,0,0,0,0,50,0,1100.0,1221.6992916393792,536.376638992806,1866.7638240003726,1622.0
1789928467,50,,Aggregated,24.700000,0.000000,6,6,7,7,8,8,11,19,23,23,23,4664,0,5,18.961312508051765,2.9269469960127026,1866.7638240003726,6792.078044596912
1789928468,50,GET,GET /api/v1/reservas,17.000000,0.000000,6,6,7,7,8,8,10,20,23,23,23,3487,0,6,6.30360104938846,3.7091109988978133,36.86803000164218,8965.0
1789928468,50,GET,GET /api/v1/reservas/{id},7.900000,0.000000,5,5,6,6,7,9,12,19,19,19,19,1150,0,4,4.777161848146732,2.9269469960127026,20.017700007883832,442.0
1789928468,50,POST,POST /api/v1/auth/login,0.000000,0.000000,0,0,0,0,0,0,0,0,0,0,0,50,0,1100.0,1221.6992916393792,536.376638992806,1866.7638240003726,1622.0
1789928468,50,,Aggregated,24.900000,0.000000,6,6,7,7,8,8,11,19,23,23,23,4687,0,5,18.894678379892312,2.9269469960127026,1866.7638240003726,6795.467249839983
1789928469,50,GET,GET /api/v1/reservas,17.400000,0.000000,6,6,7,7,8,8,10,20,23,23,23,3505,0,6,6.300555963535692,3.7091109988978133,36.86803000164218,8965.0
1789928469,50,GET,GET /api/v1/reservas/{id},7.700000,0.000000,5,5,6,6,7,11,16,19,19,19,19,1158,0,4,4.787930759377814,2.9269469960127026,20.017700007883832,442.0
1789928469,50,POST,POST /api/v1/auth/login,0.000000,0.000000,0,0,0,0,0,0,0,0,0,0,0,50,0,1100.0,1221.6992916393792,536.376638992806,1866.7638240003726,1622.0
1789928469,50,,Aggregated,25.100000,0.000000,6,6,7,7,8,9,12,19,23,23,23,4713,0,5,18.82300807416106,2.9269469960127026,1866.7638240003726,6792.968597496287
1789928470,50,GET,GET /api/v1/reservas,16.800000,0.000000,6,6,7,7,7,8,9,10,11,11,11,3522,0,6,6.296367225492399,3.7091109988978133,36.86803000164218,8965.0
1789928470,50,GET,GET /api/v1/reservas/{id},7.600000,0.000000,5,5,6,6,7,7,12,16,16,16,16,1164,0,4,4.7879390750398185,2.9269469960127026,20.017700007883832,442.0
1789928470,50,POST,POST /api/v1/auth/login,0.000000,0.000000,0,0,0,0,0,0,0,0,0,0,0,50,0,1100.0,1221.6992916393792,536.376638992806,1866.7638240003726,1622.0
1789928470,50,,Aggregated,24.400000,0.000000,6,6,6,7,7,8,10,11,16,16,16,4736,0,5,18.75716449187068,2.9269469960127026,1866.7638240003726,6792.7191722972975
1789928471,50,GET,GET /api/v1/reservas,17.300000,0.000000,6,6,6,7,7,8,9,10,11,11,11,3546,0,6,6.291581556748159,3.7091109988978133,36.86803000164218,8965.0
1789928471,50,GET,GET /api/v1/reservas/{id},7.100000,0.000000,4,5,6,6,7,10,12,16,16,16,16,1170,0,4,4.789400040473029,2.9269469960127026,20.017700007883832,442.0
1789928471,50,POST,POST /api/v1/auth/login,0.000000,0.000000,0,0,0,0,0,0,0,0,0,0,0,50,0,1100.0,1221.6992916393792,536.376638992806,1866.7638240003726,1622.0
1789928471,50,,Aggregated,24.400000,0.000000,5,6,6,6,7,8,10,11,16,16,16,4766,0,5,18.67362795416521,2.9269469960127026,1866.7638240003726,6795.663029794377
1789928472,50,GET,GET /api/v1/reservas,17.500000,0.000000,6,6,6,7,7,8,9,10,11,11,11,3564,0,6,6.286387994438957,3.7091109988978133,36.86803000164218,8965.0
1789928472,50,GET,GET /api/v1/reservas/{id},7.400000,0.000000,4,5,6,6,7,10,12,16,16,16,16,1176,0,4,4.790423837870809,2.9269469960127026,20.017700007883832,442.0
1789928472,50,POST,POST /api/v1/auth/login,0.000000,0.000000,0,0,0,0,0,0,0,0,0,0,0,50,0,1100.0,1221.6992916393792,536.376638992806,1866.7638240003726,1622.0
1789928472,50,,Aggregated,24.900000,0.000000,5,6,6,6,7,8,10,11,16,16,16,4790,0,5,18.606093909704693,2.9269469960127026,1866.7638240003726,6795.85636743215
1789928473,50,GET,GET /api/v1/reservas,17.300000,0.000000,6,6,6,6,7,8,9,10,10,10,10,3580,0,6,6.282246426311575,3.7091109988978133,36.86803000164218,8965.0
1789928473,50,GET,GET /api/v1/reservas/{id},6.700000,0.000000,4,5,6,6,7,10,12,16,16,16,16,1180,0,4,4.789380143508532,2.9269469960127026,20.017700007883832,442.0
1789928473,50,POST,POST /api/v1/auth/login,0.000000,0.000000,0,0,0,0,0,0,0,0,0,0,0,50,0,1100.0,1221.6992916393792,536.376638992806,1866.7638240003726,1622.0
1789928473,50,,Aggregated,24.000000,0.000000,5,6,6,6,7,8,10,11,16,16,16,4810,0,5,18.550285937111116,2.9269469960127026,1866.7638240003726,6797.787941787942
1789928474,50,GET,GET /api/v1/reservas,17.700000,0.000000,6,6,6,6,7,8,9,10,10,10,10,3598,0,6,6.281358281042651,3.7091109988978133,36.86803000164218,8965.0
1789928474,50,GET,GET /api/v1/reservas/{id},6.900000,0.000000,4,5,6,6,7,10,12,16,16,16,16,1188,0,4,4.786174526358351,2.9269469960127026,20.017700007883832,442.0
1789928474,50,POST,POST /api/v1/auth/login,0.000000,0.000000,0,0,0,0,0,0,0,0,0,0,0,50,0,1100.0,1221.6992916393792,536.376638992806,1866.7638240003726,1622.0
1789928474,50,,Aggregated,24.600000,0.000000,5,6,6,6,7,8,10,11,16,16,16,4836,0,5,18.48041087975065,2.9269469960127026,1866.7638240003726,6795.340363937138
1789928475,50,GET,GET /api/v1/reservas,17.900000,0.000000,6,6,6,6,7,8,10,10,11,11,11,3616,0,6,6.2836737182588935,3.7091109988978133,36.86803000164218,8965.0
1789928475,50,GET,GET /api/v1/reservas/{id},6.600000,0.000000,4,5,6,6,8,10,12,16,16,16,16,1193,0,4,4.794192695991181,2.9269469960127026,20.017700007883832,442.0
1789928475,50,POST,POST /api/v1/auth/login,0.000000,0.000000,0,0,0,0,0,0,0,0,0,0,0,50,0,1100.0,1221.6992916393792,536.376638992806,1866.7638240003726,1622.0
1789928475,50,,Aggregated,24.500000,0.000000,5,6,6,6,7,9,10,11,16,16,16,4859,0,5,18.42482005217341,2.9269469960127026,1866.7638240003726,6796.840090553612
1789928476,50,GET,GET /api/v1/reservas,17.800000,0.000000,6,6,6,6,7,8,10,10,11,11,11,3635,0,6,6.27953421850202,3.7091109988978133,36.86803000164218,8965.0
1789928476,50,GET,GET /api/v1/reservas/{id},6.200000,0.000000,5,5,6,6,9,11,12,16,16,16,16,1200,0,4,4.793396326082681,2.9269469960127026,20.017700007883832,442.0
1789928476,50,POST,POST /api/v1/auth/login,0.000000,0.000000,0,0,0,0,0,0,0,0,0,0,0,50,0,1100.0,1221.6992916393792,536.376638992806,1866.7638240003726,1622.0
1789928476,50,,Aggregated,24.000000,0.000000,5,6,6,6,7,9,10,11,16,16,16,4885,0,5,18.354789571652613,2.9269469960127026,1866.7638240003726,6796.166837256909
1789928477,50,GET,GET /api/v1/reservas,18.300000,0.000000,6,6,6,6,7,8,10,11,11,11,11,3652,0,6,6.28016430154119,3.7091109988978133,36.86803000164218,8965.0
1789928477,50,GET,GET /api/v1/reservas/{id},6.600000,0.000000,5,5,6,6,7,9,10,16,16,16,16,1210,0,4,4.791785072182182,2.9269469960127026,20.017700007883832,442.0
1789928477,50,POST,POST /api/v1/auth/login,0.000000,0.000000,0,0,0,0,0,0,0,0,0,0,0,50,0,1100.0,1221.6992916393792,536.376638992806,1866.7638240003726,1622.0
1789928477,50,,Aggregated,24.900000,0.000000,5,6,6,6,7,8,10,11,16,16,16,4912,0,5,18.285461023725126,2.9269469960127026,1866.7638240003726,6790.736970684039
1789928478,50,GET,GET /api/v1/reservas,17.900000,0.000000,6,6,6,7,7,8,10,11,11,11,11,3663,0,6,6.279213779473142,3.7091109988978133,36.86803000164218,8965.0
1789928478,50,GET,GET /api/v1/reservas/{id},6.300000,0.000000,5,5,6,6,7,9,10,16,16,16,16,1217,0,4,4.792793462901042,2.9269469960127026,20.017700007883832,442.0
1789928478,50,POST,POST /api/v1/auth/login,0.000000,0.000000,0,0,0,0,0,0,0,0,0,0,0,50,0,1100.0,1221.6992916393792,536.376638992806,1866.7638240003726,1622.0
1789928478,50,,Aggregated,24.200000,0.000000,5,6,6,6,7,9,10,11,16,16,16,4930,0,5,18.239057667450233,2.9269469960127026,1866.7638240003726,6786.573833671399
1789928479,50,GET,GET /api/v1/reservas,17.700000,0.000000,6,6,6,7,8,9,10,11,12,12,12,3689,0,6,6.279593918199209,3.7091109988978133,36.86803000164218,8965.0
1789928479,50,GET,GET /api/v1/reservas/{id},6.100000,0.000000,5,5,5,6,6,8,10,10,10,10,10,1221,0,4,4.790491459742558,2.9269469960127026,20.017700007883832,442.0
1789928479,50,POST,POST /api/v1/auth/login,0.000000,0.000000,0,0,0,0,0,0,0,0,0,0,0,50,0,1100.0,1221.6992916393792,536.376638992806,1866.7638240003726,1622.0
1789928479,50,,Aggregated,23.800000,0.000000,5,6,6,6,7,9,10,11,12,12,12,4960,0,5,18.16523722148216,2.9269469960127026,1866.7638240003726,6792.876411290323
1789928480,50,GET,GET /api/v1/reservas,18.600000,0.000000,6,6,6,7,8,9,10,11,12,12,12,3706,0,6,6.276649811192303,3.7091109988978133,36.86803000164218,8965.0
1789928480,50,GET,GET /api/v1/reservas/{id},6.300000,0.000000,4,5,5,6,6,8,9,10,10,10,10,1223,0,4,4.788728550566514,2.9269469960127026,20.017700007883832,442.0
1789928480,50,POST,POST /api/v1/auth/login,0.000000,0.000000,0,0,0,0,0,0,0,0,0,0,0,50,0,1100.0,1221.6992916393792,536.376638992806,1866.7638240003726,1622.0
1789928480,50,,Aggregated,24.900000,0.000000,5,6,6,6,7,8,10,11,12,12,12,4979,0,5,18.11665872656969,2.9269469960127026,1866.7638240003726,6797.741715203856
1789928481,50,GET,GET /api/v1/reservas,18.000000,0.000000,6,6,7,7,8,9,10,11,12,12,12,3726,0,6,6.274965065036058,3.7091109988978133,36.86803000164218,8965.0
1789928481,50,GET,GET /api/v1/reservas/{id},6.900000,0.000000,4,5,5,6,6,6,8,10,10,10,10,1232,0,4,4.786460750272619,2.9269469960127026,20.017700007883832,442.0
1789928481,50,POST,POST /api/v1/auth/login,0.000000,0.000000,0,0,0,0,0,0,0,0,0,0,0,50,0,1100.0,1221.6992916393792,536.376638992806,1866.7638240003726,1622.0
1789928481,50,,Aggregated,24.900000,0.000000,5,6,6,7,8,8,10,11,12,12,12,5008,0,5,18.043611034071322,2.9269469960127026,1866.7638240003726,6794.974840255591
1789928482,50,GET,GET /api/v1/reservas,18.000000,0.000000,6,6,6,7,8,9,10,11,12,12,12,3747,0,6,6.2681893136707485,3.7091109988978133,36.86803000164218,8965.0
1789928482,50,GET,GET /api/v1/reservas/{id},6.300000,0.000000,5,5,5,6,6,7,8,10,10,10,10,1237,0,4,4.784077800595858,2.9269469960127026,20.017700007883832,442.0
1789928482,50,POST,POST /api/v1/auth/login,0.000000,0.000000,0,0,0,0,0,0,0,0,0,0,0,50,0,1100.0,1221.6992916393792,536.376638992806,1866.7638240003726,1622.0
1789928482,50,,Aggregated,24.300000,0.000000,5,6,6,6,8,8,10,11,12,12,12,5034,0,5,17.97571994033181,2.9269469960127026,1866.7638240003726,6797.717322208979
1789928483,50,GET,GET /api/v1/reservas,18.200000,0.000000,6,6,7,7,8,10,11,12,12,12,12,3763,0,6,6.269908119145563,3.7091109988978133,36.86803000164218,8965.0
1789928483,50,GET,GET /api/v1/reservas/{id},6.100000,0.000000,4,5,5,6,6,7,10,15,15,15,15,1243,0,4,4.788444618121211,2.9269469960127026,20.017700007883832,442.0
1789928483,50,POST,POST /api/v1/auth/login,0.000000,0.000000,0,0,0,0,0,0,0,0,0,0,0,50,0,1100.0,1221.6992916393792,536.376638992806,1866.7638240003726,1622.0
1789928483,50,,Aggregated,24.300000,0.000000,5,6,6,7,8,10,11,12,15,15,15,5056,0,5,17.925368966502845,2.9269469960127026,1866.7638240003726,6797.0334256329115
1789928484,50,GET,GET /api/v1/reservas,18.300000,0.000000,6,6,6,7,8,9,11,12,12,12,12,3787,0,6,6.263451055282184,3.7091109988978133,36.86803000164218,8965.0
1789928484,50,GET,GET /api/v1/reservas/{id},6.100000,0.000000,4,5,5,6,6,10,13,15,15,15,15,1245,0,4,4.794275154472781,2.9269469960127026,20.017700007883832,442.0
1789928484,50,POST,POST /api/v1/auth/login,0.000000,0.000000,0,0,0,0,0,0,0,0,0,0,0,50,0,1100.0,1221.6992916393792,536.376638992806,1866.7638240003726,1622.0
1789928484,50,,Aggregated,24.400000,0.000000,5,6,6,6,8,9,11,12,15,15,15,5082,0,5,17.86177219512814,2.9269469960127026,1866.7638240003726,6804.770759543487
1789928485,50,GET,GET /api/v1/reservas,18.400000,0.000000,6,6,6,7,8,9,11,12,12,12,12,3807,0,6,6.263503975408525,3.7091109988978133,36.86803000164218,8965.0
1789928485,50,GET,GET /api/v1/reservas/{id},6.000000,0.000000,4,5,5,6,6,7,13,15,15,15,15,1249,0,4,4.795825500657344,2.9269469960127026,20.017700007883832,442.0
1789928485,50,POST,POST /api/v1/auth/login,0.000000,0.000000,0,0,0,0,0,0,0,0,0,0,0,50,0,1100.0,1221.6992916393792,536.376638992806,1866.7638240003726,1622.0
1789928485,50,,Aggregated,24.400000,0.000000,5,6,6,6,8,9,11,12,15,15,15,5106,0,5,17.806523749837492,2.9269469960127026,1866.7638240003726,6808.247747747748
1789928486,50,GET,GET /api/v1/reservas,18.500000,0.000000,6,6,6,7,8,9,11,12,12,12,12,3830,0,6,6.261398339256986,3.7091109988978133,36.86803000164218,8965.0
1789928486,50,GET,GET /api/v1/reservas/{id},6.400000,0.000000,4,5,5,6,6,7,15,15,15,15,15,1251,0,4,4.794572601381925,2.9269469960127026,20.017700007883832,442.0
1789928486,50,POST,POST /api/v1/auth/login,0.000000,0.000000,0,0,0,0,0,0,0,0,0,0,0,50,0,1100.0,1221.6992916393792,536.376638992806,1866.7638240003726,1622.0
1789928486,50,,Aggregated,24.900000,0.000000,5,6,6,7,8,9,11,12,15,15,15,5131,0,5,17.747832887478467,2.9269469960127026,1866.7638240003726,6815.434028454492
1789928487,50,GET,GET /api/v1/reservas,18.800000,0.000000,6,6,6,7,8,8,10,12,12,12,12,3848,0,6,6.257908757624724,3.7091109988978133,36.86803000164218,8965.0
1789928487,50,GET,GET /api/v1/reservas/{id},5.500000,0.000000,4,5,5,5,6,6,15,15,15,15,15,1257,0,4,4.790018727379986,2.9269469960127026,20.017700007883832,442.0
1789928487,50,POST,POST /api/v1/auth/login,0.000000,0.000000,0,0,0,0,0,0,0,0,0,0,0,50,0,1100.0,1221.6992916393792,536.376638992806,1866.7638240003726,1622.0
1789928487,50,,Aggregated,24.300000,0.000000,5,6,6,6,8,8,11,12,15,15,15,5155,0,5,17.688933272866254,2.9269469960127026,1866.7638240003726,6815.521629485936
1789928488,50,GET,GET /api/v1/reservas,19.600000,0.000000,6,6,6,7,8,9,10,12,12,12,12,3869,0,6,6.255938677272579,3.7091109988978133,36.86803000164218,8965.0
1789928488,50,GET,GET /api/v1/reservas/{id},5.600000,0.000000,4,5,5,5,6,6,15,15,15,15,15,1263,0,4,4.785971107930668,2.9269469960127026,20.017700007883832,442.0
1789928488,50,POST,POST /api/v1/auth/login,0.000000,0.000000,0,0,0,0,0,0,0,0,0,0,0,50,0,1100.0,1221.6992916393792,536.376638992806,1866.7638240003726,1622.0
1789928488,50,,Aggregated,25.200000,0.000000,5,6,6,6,8,9,11,12,15,15,15,5182,0,5,17.6252166795934,2.9269469960127026,1866.7638240003726,6816.852759552296
1789928489,50,GET,GET /api/v1/reservas,19.600000,0.000000,5,6,6,6,8,8,10,11,12,12,12,3885,0,6,6.251493677589203,3.7091109988978133,36.86803000164218,8965.0
1789928489,50,GET,GET /api/v1/reservas/{id},5.200000,0.000000,4,5,5,5,6,6,15,15,15,15,15,1270,0,4,4.782758090795406,2.9269469960127026,20.017700007883832,442.0
1789928489,50,POST,POST /api/v1/auth/login,0.000000,0.000000,0,0,0,0,0,0,0,0,0,0,0,50,0,1100.0,1221.6992916393792,536.376638992806,1866.7638240003726,1622.0
1789928489,50,,Aggregated,24.800000,0.000000,5,6,6,6,7,8,10,12,15,15,15,5205,0,5,17.568899192067853,2.9269469960127026,1866.7638240003726,6814.882804995197
1789928490,50,GET,GET /api/v1/reservas,19.900000,0.000000,5,6,6,7,8,8,10,11,12,12,12,3902,0,6,6.252097803285578,3.7091109988978133,36.86803000164218,8965.0
1789928490,50,GET,GET /api/v1/reservas/{id},4.600000,0.000000,4,5,5,5,7,13,14,15,15,15,15,1278,0,4,4.7967885534354835,2.9269469960127026,20.017700007883832,442.0
1789928490,50,POST,POST /api/v1/auth/login,0.000000,0.000000,0,0,0,0,0,0,0,0,0,0,0,50,0,1100.0,1221.6992916393792,536.376638992806,1866.7638240003726,1622.0
1789928490,50,,Aggregated,24.500000,0.000000,5,6,6,6,8,9,12,13,15,15,15,5230,0,5,17.51643326609557,2.9269469960127026,1866.7638240003726,6812.123518164436
1789928491,50,GET,GET /api/v1/reservas,19.900000,0.000000,5,6,6,7,8,8,10,11,12,12,12,3918,0,6,6.2515744138459715,3.7091109988978133,36.86803000164218,8965.0
1789928491,50,GET,GET /api/v1/reservas/{id},4.500000,0.000000,4,5,5,5,7,13,14,15,15,15,15,1283,0,4,4.795265488932853,2.9269469960127026,20.017700007883832,442.0
1789928491,50,POST,POST /api/v1/auth/login,0.000000,0.000000,0,0,0,0,0,0,0,0,0,0,0,50,0,1100.0,1221.6992916393792,536.376638992806,1866.7638240003726,1622.0
1789928491,50,,Aggregated,24.400000,0.000000,5,6,6,7,8,9,12,13,15,15,15,5251,0,5,17.469236099355996,2.9269469960127026,1866.7638240003726,6812.617787088174
1789928492,50,GET,GET /api/v1/reservas,19.800000,0.000000,5,6,6,7,7,8,10,10,11,11,11,3942,0,6,6.246158234517518,3.7091109988978133,36.86803000164218,8965.0
1789928492,50,GET,GET /api/v1/reservas/{id},4.800000,0.000000,4,5,5,5,7,13,14,15,15,15,15,1290,0,4,4.7898364583749595,2.9269469960127026,20.017700007883832,442.0
1789928492,50,POST,POST /api/v1/auth/login,0.000000,0.000000,0,0,0,0,0,0,0,0,0,0,0,50,0,1100.0,1221.6992916393792,536.376638992806,1866.7638240003726,1622.0
1789928492,50,,Aggregated,24.600000,0.000000,5,6,6,6,7,8,11,13,15,15,15,5282,0,5,17.396101736793018,2.9269469960127026,1866.7638240003726,6813.9549413101095
1789928493,50,GET,GET /api/v1/reservas,19.600000,0.000000,5,6,6,7,7,8,9,10,11,11,11,3957,0,6,6.243527132798687,3.7091109988978133,36.86803000164218,8965.0
1789928493,50,GET,GET /api/v1/reservas/{id},5.400000,0.000000,4,5,5,5,6,8,12,14,14,14,14,1299,0,4,4.78401829354057,2.9269469960127026,20.017700007883832,442.0
1789928493,50,POST,POST /api/v1/auth/login,0.000000,0.000000,0,0,0,0,0,0,0,0,0,0,0,50,0,1100.0,1221.6992916393792,536.376638992806,1866.7638240003726,1622.0
1789928493,50,,Aggregated,25.000000,0.000000,5,6,6,6,7,8,10,11,14,14,14,5306,0,5,17.339811762111303,2.9269469960127026,1866.7638240003726,6809.227855258198
1789928494,50,GET,GET /api/v1/reservas,19.200000,0.000000,6,6,7,7,7,8,10,14,23,23,23,3975,0,6,6.247979746534747,3.7091109988978133,36.86803000164218,8965.0
1789928494,50,GET,GET /api/v1/reservas/{id},5.300000,0.000000,4,4,5,5,6,8,12,14,14,14,14,1304,0,4,4.780075320013566,2.9269469960127026,20.017700007883832,442.0
1789928494,50,POST,POST /api/v1/auth/login,0.000000,0.000000,0,0,0,0,0,0,0,0,0,0,0,50,0,1100.0,1221.6992916393792,536.376638992806,1866.7638240003726,1622.0
1789928494,50,,Aggregated,24.500000,0.000000,5,6,6,7,7,8,11,14,23,23,23,5329,0,5,17.29290716677468,2.9269469960127026,1866.7638240003726,6810.535372490148
1789928495,50,GET,GET /api/v1/reservas,19.300000,0.000000,6,6,6,7,7,8,10,14,23,23,23,3995,0,6,6.247389968328012,3.7091109988978133,36.86803000164218,8965.0
1789928495,50,GET,GET /api/v1/reservas/{id},5.400000,0.000000,4,4,5,5,5,7,12,14,14,14,14,1313,0,4,4.776911479303037,2.9269469960127026,20.017700007883832,442.0
1789928495,50,POST,POST /api/v1/auth/login,0.000000,0.000000,0,0,0,0,0,0,0,0,0,0,0,50,0,1100.0,1221.6992916393792,536.376638992806,1866.7638240003726,1622.0
1789928495,50,,Aggregated,24.700000,0.000000,5,6,6,6,7,8,12,14,23,23,23,5358,0,5,17.229446113804453,2.9269469960127026,1866.7638240003726,6807.879992534527
1789928496,50,GET,GET /api/v1/reservas,19.100000,0.000000,6,6,6,7,7,8,14,16,23,23,23,4015,0,6,6.248964403355395,3.7091109988978133,36.86803000164218,8965.0
1789928496,50,GET,GET /api/v1/reservas/{id},5.700000,0.000000,4,4,5,5,6,7,12,14,14,14,14,1316,0,4,4.777525529888792,2.9269469960127026,20.017700007883832,442.0
1789928496,50,POST,POST /api/v1/auth/login,0.000000,0.000000,0,0,0,0,0,0,0,0,0,0,0,50,0,1100.0,1221.6992916393792,536.376638992806,1866.7638240003726,1622.0
1789928496,50,,Aggregated,24.800000,0.000000,5,6,6,6,7,8,14,15,23,23,23,5381,0,5,17.18301064091703,2.9269469960127026,1866.7638240003726,6812.348448243821
1789928497,50,GET,GET /api/v1/reservas,18.800000,0.000000,6,6,6,7,7,8,14,16,23,23,23,4036,0,6,6.244134591295055,3.7091109988978133,36.86803000164218,8965.0
1789928497,50,GET,GET /api/v1/reservas/{id},6.200000,0.000000,4,4,5,5,6,7,12,14,14,14,14,1322,0,4,4.773081316439711,2.9269469960127026,20.017700007883832,442.0
1789928497,50,POST,POST /api/v1/auth/login,0.000000,0.000000,0,0,0,0,0,0,0,0,0,0,0,50,0,1100.0,1221.6992916393792,536.376638992806,1866.7638240003726,1622.0
1789928497,50,,Aggregated,25.000000,0.000000,5,6,6,6,7,8,14,15,23,23,23,5408,0,5,17.122097872183637,2.9269469960127026,1866.7638240003726,6813.639792899408
1789928498,50,GET,GET /api/v1/reservas,18.500000,0.000000,6,6,6,7,7,10,14,16,23,23,23,4051,0,6,6.246122764366015,3.7091109988978133,36.86803000164218,8965.0
1789928498,50,GET,GET /api/v1/reservas/{id},6.400000,0.000000,4,5,5,5,6,8,12,14,14,14,14,1328,0,4,4.776706476906225,2.9269469960127026,20.017700007883832,442.0
1789928498,50,POST,POST /api/v1/auth/login,0.000000,0.000000,0,0,0,0,0,0,0,0,0,0,0,50,0,1100.0,1221.6992916393792,536.376638992806,1866.7638240003726,1622.0
1789928498,50,,Aggregated,24.900000,0.000000,5,6,6,6,7,8,14,15,23,23,23,5429,0,5,17.080765168861145,2.9269469960127026,1866.7638240003726,6812.542088782465
1789928499,50,GET,GET /api/v1/reservas,19.200000,0.000000,6,6,6,7,7,9,14,16,23,23,23,4072,0,6,6.2402353085664,3.7091109988978133,36.86803000164218,8965.0
1789928499,50,GET,GET /api/v1/reservas/{id},6.600000,0.000000,4,5,5,5,6,8,12,14,14,14,14,1333,0,4,4.77364741885229,2.9269469960127026,20.017700007883832,442.0
1789928499,50,POST,POST /api/v1/auth/login,0.000000,0.000000,0,0,0,0,0,0,0,0,0,0,0,50,0,1100.0,1221.6992916393792,536.376638992806,1866.7638240003726,1622.0
1789928499,50,,Aggregated,25.800000,0.000000,5,6,6,6,7,8,14,15,23,23,23,5455,0,5,17.022635154497056,2.9269469960127026,1866.7638240003726,6814.989184234647
1789928500,50,GET,GET /api/v1/reservas,18.300000,0.000000,6,6,6,6,7,9,14,16,23,23,23,4088,0,6,6.239043376105661,3.7091109988978133,36.86803000164218,8965.0
1789928500,50,GET,GET /api/v1/reservas/{id},6.600000,0.000000,4,5,5,5,6,6,8,11,11,11,11,1338,0,4,4.775301388887548,2.9269469960127026,20.017700007883832,442.0
1789928500,50,POST,POST /api/v1/auth/login,0.000000,0.000000,0,0,0,0,0,0,0,0,0,0,0,50,0,1100.0,1221.6992916393792,536.376638992806,1866.7638240003726,1622.0
1789928500,50,,Aggregated,24.900000,0.000000,5,6,6,6,7,9,13,15,23,23,23,5476,0,5,16.97946076731564,2.9269469960127026,1866.7638240003726,6815.45215485756
1789928501,50,GET,GET /api/v1/reservas,18.500000,0.000000,6,6,6,7,8,9,14,16,23,23,23,4112,0,6,6.239007666713069,3.7091109988978133,36.86803000164218,8965.0
1789928501,50,GET,GET /api/v1/reservas/{id},6.700000,0.000000,4,5,5,5,6,8,8,11,11,11,11,1343,0,4,4.778321812611368,2.9269469960127026,20.017700007883832,442.0
1789928501,50,POST,POST /api/v1/auth/login,0.000000,0.000000,0,0,0,0,0,0,0,0,0,0,0,50,0,1100.0,1221.6992916393792,536.376638992806,1866.7638240003726,1622.0
1789928501,50,,Aggregated,25.200000,0.000000,5,6,6,6,7,9,13,15,23,23,23,5505,0,5,16.92226163520984,2.9269469960127026,1866.7638240003726,6819.034695731153
1789928502,50,GET,GET /api/v1/reservas,18.900000,0.000000,6,6,6,7,8,10,14,16,23,23,23,4134,0,6,6.239777721219244,3.7091109988978133,36.86803000164218,8965.0
1789928502,50,GET,GET /api/v1/reservas/{id},6.400000,0.000000,4,5,5,5,6,8,8,11,11,11,11,1346,0,4,4.777475655521543,2.9269469960127026,20.017700007883832,442.0
1789928502,50,POST,POST /api/v1/auth/login,0.000000,0.000000,0,0,0,0,0,0,0,0,0,0,0,50,0,1100.0,1221.6992916393792,536.376638992806,1866.7638240003726,1622.0
1789928502,50,,Aggregated,25.300000,0.000000,5,6,6,6,8,9,13,15,23,23,23,5530,0,5,16.8735421182317,2.9269469960127026,1866.7638240003726,6824.112477396022
1789928503,50,GET,GET /api/v1/reservas,18.800000,0.000000,6,6,6,7,8,10,13,15,16,16,16,4153,0,6,6.238968303034125,3.7091109988978133,36.86803000164218,8965.0
1789928503,50,GET,GET /api/v1/reservas/{id},5.800000,0.000000,4,5,5,5,6,8,8,11,11,11,11,1356,0,4,4.778596501728584,2.9269469960127026,20.017700007883832,442.0
1789928503,50,POST,POST /api/v1/auth/login,0.000000,0.000000,0,0,0,0,0,0,0,0,0,0,0,50,0,1100.0,1221.6992916393792,536.376638992806,1866.7638240003726,1622.0
1789928503,50,,Aggregated,24.600000,0.000000,5,6,6,6,8,9,12,14,16,16,16,5559,0,5,16.815106458142406,2.9269469960127026,1866.7638240003726,6819.9490915632305
1789928504,50,GET,GET /api/v1/reservas,19.700000,0.000000,6,6,6,7,8,10,13,16,23,23,23,4175,0,6,6.239399448264401,3.7091109988978133,36.86803000164218,8965.0
1789928504,50,GET,GET /api/v1/reservas/{id},5.800000,0.000000,5,5,5,5,6,8,8,11,11,11,11,1361,0,4,4.777006408031845,2.9269469960127026,20.017700007883832,442.0
1789928504,50,POST,POST /api/v1/auth/login,0.000000,0.000000,0,0,0,0,0,0,0,0,0,0,0,50,0,1100.0,1221.6992916393792,536.376638992806,1866.7638240003726,1622.0
1789928504,50,,Aggregated,25.500000,0.000000,5,6,6,6,8,9,12,15,23,23,23,5586,0,5,16.76261421407164,2.9269469960127026,1866.7638240003726,6822.688327962764
1789928505,50,GET,GET /api/v1/reservas,19.200000,0.000000,6,6,6,7,8,10,11,15,23,23,23,4201,0,6,6.236395253628184,3.7091109988978133,36.86803000164218,8965.0
1789928505,50,GET,GET /api/v1/reservas/{id},5.700000,0.000000,4,5,5,5,6,8,8,11,11,11,11,1365,0,4,4.775489365795862,2.9269469960127026,20.017700007883832,442.0
1789928505,50,POST,POST /api/v1/auth/login,0.000000,0.000000,0,0,0,0,0,0,0,0,0,0,0,50,0,1100.0,1221.6992916393792,536.376638992806,1866.7638240003726,1622.0
1789928505,50,,Aggregated,24.900000,0.000000,5,6,6,6,8,9,11,15,23,23,23,5616,0,5,16.70274288226003,2.9269469960127026,1866.7638240003726,6828.061787749288
1789928506,50,GET,GET /api/v1/reservas,19.900000,0.000000,6,6,6,7,8,10,11,12,23,23,23,4215,0,6,6.237253899288873,3.7091109988978133,36.86803000164218,8965.0
1789928506,50,GET,GET /api/v1/reservas/{id},5.700000,0.000000,4,5,5,5,7,8,8,11,11,11,11,1372,0,4,4.774211511881285,2.9269469960127026,20.017700007883832,442.0
1789928506,50,POST,POST /api/v1/auth/login,0.000000,0.000000,0,0,0,0,0,0,0,0,0,0,0,50,0,1100.0,1221.6992916393792,536.376638992806,1866.7638240003726,1622.0
1789928506,50,,Aggregated,25.600000,0.000000,5,6,6,6,8,9,11,12,23,23,23,5637,0,5,16.662268575797885,2.9269469960127026,1866.7638240003726,6825.4388859322335
1789928507,50,GET,GET /api/v1/reservas,19.900000,0.000000,6,6,6,7,8,10,11,12,23,23,23,4232,0,6,6.235766700498776,3.7091109988978133,36.86803000164218,8965.0
1789928507,50,GET,GET /api/v1/reservas/{id},5.400000,0.000000,5,5,5,5,7,8,8,11,11,11,11,1379,0,4,4.774799745686827,2.9269469960127026,20.017700007883832,442.0
1789928507,50,POST,POST /api/v1/auth/login,0.000000,0.000000,0,0,0,0,0,0,0,0,0,0,0,50,0,1100.0,1221.6992916393792,536.376638992806,1866.7638240003726,1622.0
1789928507,50,,Aggregated,25.300000,0.000000,5,6,6,7,8,9,11,12,23,23,23,5661,0,5,16.615293783391966,2.9269469960127026,1866.7638240003726,6823.970676558912
1789928508,50,GET,GET /api/v1/reservas,20.800000,0.000000,6,6,6,7,8,9,11,12,23,23,23,4250,0,6,6.236757946943673,3.7091109988978133,36.86803000164218,8965.0
1789928508,50,GET,GET /api/v1/reservas/{id},5.200000,0.000000,5,5,5,5,7,8,8,11,11,11,11,1388,0,4,4.77950460251623,2.9269469960127026,20.017700007883832,442.0
1789928508,50,POST,POST /api/v1/auth/login,0.000000,0.000000,0,0,0,0,0,0,0,0,0,0,0,50,0,1100.0,1221.6992916393792,536.376638992806,1866.7638240003726,1622.0
1789928508,50,,Aggregated,26.000000,0.000000,5,6,6,7,8,9,11,12,23,23,23,5688,0,5,16.565600957238413,2.9269469960127026,1866.7638240003726,6820.648030942335
1789928509,50,GET,GET /api/v1/reservas,19.500000,0.000000,6,6,7,7,8,10,12,15,23,23,23,4265,0,6,6.241047761666699,3.7091109988978133,36.86803000164218,8965.0
1789928509,50,GET,GET /api/v1/reservas/{id},5.500000,0.000000,5,5,5,5,7,7,8,11,11,11,11,1395,0,4,4.778027572257254,2.9269469960127026,20.017700007883832,442.0
1789928509,50,POST,POST /api/v1/auth/login,0.000000,0.000000,0,0,0,0,0,0,0,0,0,0,0,50,0,1100.0,1221.6992916393792,536.376638992806,1866.7638240003726,1622.0
1789928509,50,,Aggregated,25.000000,0.000000,5,6,6,7,8,10,12,13,23,23,23,5710,0,5,16.526861952500226,2.9269469960127026,1866.7638240003726,6818.461471103327
1789928510,50,GET,GET /api/v1/reservas,19.900000,0.000000,6,6,7,7,8,10,12,15,23,23,23,4283,0,6,6.242295668813969,3.7091109988978133,36.86803000164218,8965.0
1789928510,50,GET,GET /api/v1/reservas/{id},5.900000,0.000000,5,5,5,5,7,7,8,8,8,8,8,1397,0,4,4.780121201361145,2.9269469960127026,20.017700007883832,442.0
1789928510,50,POST,POST /api/v1/auth/login,0.000000,0.000000,0,0,0,0,0,0,0,0,0,0,0,50,0,1100.0,1221.6992916393792,536.376638992806,1866.7638240003726,1622.0
1789928510,50,,Aggregated,25.800000,0.000000,6,6,7,7,8,9,12,13,23,23,23,5730,0,5,16.491892888272375,2.9269469960127026,1866.7638240003726,6822.978883071553
1789928511,50,GET,GET /api/v1/reservas,19.500000,0.000000,6,6,7,7,8,10,12,15,23,23,23,4309,0,6,6.240934624157836,3.7091109988978133,36.86803000164218,8965.0
1789928511,50,GET,GET /api/v1/reservas/{id},5.800000,0.000000,5,5,5,5,7,7,7,8,8,8,8,1401,0,4,4.778431540532991,2.9269469960127026,20.017700007883832,442.0
1789928511,50,POST,POST /api/v1/auth/login,0.000000,0.000000,0,0,0,0,0,0,0,0,0,0,0,50,0,1100.0,1221.6992916393792,536.376638992806,1866.7638240003726,1622.0
1789928511,50,,Aggregated,25.300000,0.000000,6,6,6,7,7,9,12,13,23,23,23,5760,0,5,16.43606501141524,2.9269469960127026,1866.7638240003726,6828.2164930555555
1789928512,50,GET,GET /api/v1/reservas,19.000000,0.000000,6,6,7,7,8,9,12,15,23,23,23,4324,0,6,6.240554822725109,3.7091109988978133,36.86803000164218,8965.0
1789928512,50,GET,GET /api/v1/reservas/{id},6.100000,0.000000,5,5,5,5,7,7,7,8,8,8,8,1406,0,4,4.779269670909698,2.9269469960127026,20.017700007883832,442.0
1789928512,50,POST,POST /api/v1/auth/login,0.000000,0.000000,0,0,0,0,0,0,0,0,0,0,0,50,0,1100.0,1221.6992916393792,536.376638992806,1866.7638240003726,1622.0
1789928512,50,,Aggregated,25.100000,0.000000,6,6,7,7,7,8,12,13,23,23,23,5780,0,5,16.39944235168363,2.9269469960127026,1866.7638240003726,6828.237370242215
1789928513,50,GET,GET /api/v1/reservas,19.100000,0.000000,6,6,7,7,8,9,13,13,15,15,15,4349,0,6,6.242313975730661,3.7091109988978133,36.86803000164218,8965.0
1789928513,50,GET,GET /api/v1/reservas/{id},5.900000,0.000000,5,5,5,5,6,7,7,7,7,7,7,1411,0,4,4.777563825154956,2.9269469960127026,20.017700007883832,442.0
1789928513,50,POST,POST /api/v1/auth/login,0.000000,0.000000,0,0,0,0,0,0,0,0,0,0,0,50,0,1100.0,1221.6992916393792,536.376638992806,1866.7638240003726,1622.0
1789928513,50,,Aggregated,25.000000,0.000000,6,6,7,7,7,8,12,13,15,15,15,5810,0,5,16.346631776198837,2.9269469960127026,1866.7638240003726,6831.935800344234
1789928514,50,GET,GET /api/v1/reservas,19.100000,0.000000,6,6,7,7,8,9,13,13,15,15,15,4367,0,6,6.242959866144836,3.7091109988978133,36.86803000164218,8965.0
1789928514,50,GET,GET /api/v1/reservas/{id},5.800000,0.000000,5,5,5,5,6,7,7,7,7,7,7,1417,0,4,4.7773144864384385,2.9269469960127026,20.017700007883832,442.0
1789928514,50,POST,POST /api/v1/auth/login,0.000000,0.000000,0,0,0,0,0,0,0,0,0,0,0,50,0,1100.0,1221.6992916393792,536.376638992806,1866.7638240003726,1622.0
1789928514,50,,Aggregated,24.900000,0.000000,6,6,7,7,7,9,12,13,15,15,15,5834,0,5,16.30398096412525,2.9269469960127026,1866.7638240003726,6831.945320534796
1789928515,50,GET,GET /api/v1/reservas,19.100000,0.000000,6,6,7,7,8,9,13,13,15,15,15,4389,0,6,6.242337302224117,3.7091109988978133,36.86803000164218,8965.0
1789928515,50,GET,GET /api/v1/reservas/{id},6.000000,0.000000,5,5,5,5,6,7,7,7,7,7,7,1423,0,4,4.775114953108047,2.9269469960127026,20.017700007883832,442.0
1789928515,50,POST,POST /api/v1/auth/login,0.000000,0.000000,0,0,0,0,0,0,0,0,0,0,0,50,0,1100.0,1221.6992916393792,536.376638992806,1866.7638240003726,1622.0
1789928515,50,,Aggregated,25.100000,0.000000,6,6,7,7,7,8,12,13,15,15,15,5862,0,5,16.2534240156437,2.9269469960127026,1866.7638240003726,6833.410269532583
1789928516,50,GET,GET /api/v1/reservas,19.400000,0.000000,6,7,7,7,8,9,13,13,15,15,15,4405,0,6,6.244128317926708,3.7091109988978133,36.86803000164218,8965.0
1789928516,50,GET,GET /api/v1/reservas/{id},5.500000,0.000000,5,5,5,6,6,7,7,7,7,7,7,1429,0,4,4.778148842753257,2.9269469960127026,20.017700007883832,442.0
1789928516,50,POST,POST /api/v1/auth/login,0.000000,0.000000,0,0,0,0,0,0,0,0,0,0,0,50,0,1100.0,1221.6992916393792,536.376638992806,1866.7638240003726,1622.0
1789928516,50,,Aggregated,24.900000,0.000000,6,6,7,7,7,8,13,13,15,15,15,5884,0,5,16.21657452731654,2.9269469960127026,1866.7638240003726,6832.68915703603
1789928517,50,GET,GET /api/v1/reservas,19.400000,0.000000,6,7,7,7,8,9,13,13,15,15,15,4424,0,6,6.240757927989959,3.7091109988978133,36.86803000164218,8965.0
1789928517,50,GET,GET /api/v1/reservas/{id},5.800000,0.000000,5,5,5,5,6,7,7,7,7,7,7,1434,0,4,4.774748043438781,2.9269469960127026,20.017700007883832,442.0
1789928517,50,POST,POST /api/v1/auth/login,0.000000,0.000000,0,0,0,0,0,0,0,0,0,0,0,50,0,1100.0,1221.6992916393792,536.376638992806,1866.7638240003726,1622.0
1789928517,50,,Aggregated,25.200000,0.000000,6,6,7,7,7,8,13,13,15,15,15,5908,0,5,16.17147365431411,2.9269469960127026,1866.7638240003726,6834.138117806364
1789928518,50,GET,GET /api/v1/reservas,18.600000,0.000000,6,6,7,7,7,8,12,13,13,13,13,4444,0,6,6.237480483894985,3.7091109988978133,36.86803000164218,8965.0
1789928518,50,GET,GET /api/v1/reservas/{id},5.700000,0.000000,4,5,5,5,6,6,7,7,7,7,7,1442,0,4,4.769677647232287,2.9269469960127026,20.017700007883832,442.0
1789928518,50,POST,POST /api/v1/auth/login,0.000000,0.000000,0,0,0,0,0,0,0,0,0,0,0,50,0,1100.0,1221.6992916393792,536.376638992806,1866.7638240003726,1622.0
1789928518,50,,Aggregated,24.300000,0.000000,6,6,6,7,7,8,9,13,13,13,13,5936,0,5,16.118969511406206,2.9269469960127026,1866.7638240003726,6832.702830188679
1789928519,50,GET,GET /api/v1/reservas,18.800000,0.000000,6,6,7,7,7,9,13,13,16,16,16,4459,0,6,6.240607486982246,3.7091109988978133,36.86803000164218,8965.0
1789928519,50,GET,GET /api/v1/reservas/{id},5.800000,0.000000,4,5,5,5,6,7,7,18,18,18,18,1449,0,4,4.778218026436609,2.9269469960127026,20.017700007883832,442.0
1789928519,50,POST,POST /api/v1/auth/login,0.000000,0.000000,0,0,0,0,0,0,0,0,0,0,0,50,0,1100.0,1221.6992916393792,536.376638992806,1866.7638240003726,1622.0
1789928519,50,,Aggregated,24.600000,0.000000,6,6,7,7,7,8,13,13,18,18,18,5958,0,5,16.085174771186548,2.9269469960127026,1866.7638240003726,6830.562772742531
1789928520,50,GET,GET /api/v1/reservas,19.100000,0.000000,6,6,7,7,7,9,13,14,16,16,16,4481,0,6,6.241635312979514,3.7091109988978133,36.86803000164218,8965.0
1789928520,50,GET,GET /api/v1/reservas/{id},5.300000,0.000000,4,5,5,5,6,6,7,18,18,18,18,1451,0,4,4.777638090493287,2.9269469960127026,20.017700007883832,442.0
1789928520,50,POST,POST /api/v1/auth/login,0.000000,0.000000,0,0,0,0,0,0,0,0,0,0,0,50,0,1100.0,1221.6992916393792,536.376638992806,1866.7638240003726,1622.0
1789928520,50,,Aggregated,24.400000,0.000000,6,6,6,7,7,8,13,14,18,18,18,5982,0,5,16.045818336465384,2.9269469960127026,1866.7638240003726,6836.276663323303
1789928521,50,GET,GET /api/v1/reservas,19.400000,0.000000,6,6,7,7,8,9,13,14,16,16,16,4499,0,6,6.241220239265422,3.7091109988978133,36.86803000164218,8965.0
1789928521,50,GET,GET /api/v1/reservas/{id},5.400000,0.000000,4,5,5,5,6,7,8,18,18,18,18,1458,0,4,4.777667579766962,2.9269469960127026,20.017700007883832,442.0
1789928521,50,POST,POST /api/v1/auth/login,0.000000,0.000000,0,0,0,0,0,0,0,0,0,0,0,50,0,1100.0,1221.6992916393792,536.376638992806,1866.7638240003726,1622.0
1789928521,50,,Aggregated,24.800000,0.000000,6,6,6,7,7,9,13,14,18,18,18,6007,0,5,16.003005455256254,2.9269469960127026,1866.7638240003726,6835.2040952222405
1789928522,50,GET,GET /api/v1/reservas,19.600000,0.000000,6,6,7,7,8,10,13,16,18,18,18,4515,0,6,6.244506260118054,3.7091109988978133,36.86803000164218,8965.0
1789928522,50,GET,GET /api/v1/reservas/{id},5.500000,0.000000,4,5,5,5,6,7,8,18,18,18,18,1466,0,4,4.7793792457800865,2.9269469960127026,20.017700007883832,442.0
1789928522,50,POST,POST /api/v1/auth/login,0.000000,0.000000,0,0,0,0,0,0,0,0,0,0,0,50,0,1100.0,1221.6992916393792,536.376638992806,1866.7638240003726,1622.0
1789928522,50,,Aggregated,25.100000,0.000000,6,6,6,7,7,9,13,16,18,18,18,6031,0,5,15.96509373581754,2.9269469960127026,1866.7638240003726,6832.37390150887
1789928523,50,GET,GET /api/v1/reservas,19.900000,0.000000,6,6,7,7,8,10,13,16,18,18,18,4536,0,6,6.243819874655308,3.7091109988978133,36.86803000164218,8965.0
1789928523,50,GET,GET /api/v1/reservas/{id},5.600000,0.000000,4,5,5,5,6,7,8,18,18,18,18,1471,0,4,4.778506826178217,2.9269469960127026,20.017700007883832,442.0
1789928523,50,POST,POST /api/v1/auth/login,0.000000,0.000000,0,0,0,0,0,0,0,0,0,0,0,50,0,1100.0,1221.6992916393792,536.376638992806,1866.7638240003726,1622.0
1789928523,50,,Aggregated,25.500000,0.000000,6,6,6,7,7,9,13,16,18,18,18,6057,0,5,15.921432239510253,2.9269469960127026,1866.7638240003726,6834.492653128612
1789928524,50,GET,GET /api/v1/reservas,19.300000,0.000000,6,7,7,7,9,11,14,16,18,18,18,4556,0,6,6.25501305760778,3.7091109988978133,36.86803000164218,8965.0
1789928524,50,GET,GET /api/v1/reservas/{id},5.700000,0.000000,4,5,5,6,7,9,9,18,18,18,18,1476,0,4,4.7857979229762755,2.9269469960127026,20.017700007883832,442.0
1789928524,50,POST,POST /api/v1/auth/login,0.000000,0.000000,0,0,0,0,0,0,0,0,0,0,0,50,0,1100.0,1221.6992916393792,536.376638992806,1866.7638240003726,1622.0
1789928524,50,,Aggregated,25.000000,0.000000,6,6,7,7,9,10,14,16,18,18,18,6082,0,5,15.890602072795625,2.9269469960127026,1866.7638240003726,6836.243341006248
1789928525,50,GET,GET /api/v1/reservas,19.300000,0.000000,6,7,7,8,10,12,14,16,18,18,18,4569,0,6,6.262939026366559,3.7091109988978133,36.86803000164218,8965.0
1789928525,50,GET,GET /api/v1/reservas/{id},6.000000,0.000000,5,6,6,7,8,9,26,29,29,29,29,1488,0,4,4.832114364465377,2.9269469960127026,29.464808001648635,442.0
1789928525,50,POST,POST /api/v1/auth/login,0.000000,0.000000,0,0,0,0,0,0,0,0,0,0,0,50,0,1100.0,1221.6992916393792,536.376638992806,1866.7638240003726,1622.0
1789928525,50,,Aggregated,25.300000,0.000000,6,7,7,8,9,12,16,18,29,29,29,6107,0,5,15.86548537215691,2.9269469960127026,1866.7638240003726,6828.210414278697
1789928526,50,GET,GET /api/v1/reservas,18.300000,0.000000,6,7,8,8,10,12,14,16,18,18,18,4589,0,6,6.269163282951754,3.7091109988978133,36.86803000164218,8965.0
1789928526,50,GET,GET /api/v1/reservas/{id},5.900000,0.000000,5,6,7,7,8,9,26,29,29,29,29,1493,0,4,4.832728674694708,2.9269469960127026,29.464808001648635,442.0
1789928526,50,POST,POST /api/v1/auth/login,0.000000,0.000000,0,0,0,0,0,0,0,0,0,0,0,50,0,1100.0,1221.6992916393792,536.376638992806,1866.7638240003726,1622.0
1789928526,50,,Aggregated,24.200000,0.000000,6,7,7,8,10,12,16,18,29,29,29,6132,0,5,15.829976973051819,2.9269469960127026,1866.7638240003726,6829.972439660796
1789928527,50,GET,GET /api/v1/reservas,18.600000,0.000000,7,7,8,9,10,12,14,16,18,18,18,4605,0,6,6.275916895650283,3.7091109988978133,36.86803000164218,8965.0
1789928527,50,GET,GET /api/v1/reservas/{id},5.800000,0.000000,5,6,7,7,9,16,26,29,29,29,29,1496,0,4,4.8427116847095135,2.9269469960127026,29.464808001648635,442.0
1789928527,50,POST,POST /api/v1/auth/login,0.000000,0.000000,0,0,0,0,0,0,0,0,0,0,0,50,0,1100.0,1221.6992916393792,536.376638992806,1866.7638240003726,1622.0
1789928527,50,,Aggregated,24.400000,0.000000,6,7,8,8,10,12,16,18,29,29,29,6151,0,6,15.807227859984385,2.9269469960127026,1866.7638240003726,6832.41050235734
1789928528,50,GET,GET /api/v1/reservas,18.000000,0.000000,6,7,8,8,10,12,13,15,18,18,18,4627,0,6,6.271123458073892,3.7091109988978133,36.86803000164218,8965.0
1789928528,50,GET,GET /api/v1/reservas/{id},6.500000,0.000000,5,6,7,7,8,9,26,29,29,29,29,1508,0,4,4.834961416002176,2.9269469960127026,29.464808001648635,442.0
1789928528,50,POST,POST /api/v1/auth/login,0.000000,0.000000,0,0,0,0,0,0,0,0,0,0,0,50,0,1100.0,1221.6992916393792,536.376638992806,1866.7638240003726,1622.0
1789928528,50,,Aggregated,24.500000,0.000000,6,7,8,8,10,12,15,18,29,29,29,6185,0,5,15.74657633594311,2.9269469960127026,1866.7638240003726,6827.597574777688
1789928529,50,GET,GET /api/v1/reservas,18.200000,0.000000,7,7,8,9,10,12,13,15,18,18,18,4643,0,6,6.274999869813385,3.7091109988978133,36.86803000164218,8965.0
1789928529,50,GET,GET /api/v1/reservas/{id},6.200000,0.000000,5,6,7,7,8,9,26,29,29,29,29,1514,0,4,4.836377413034386,2.9269469960127026,29.464808001648635,442.0
1789928529,50,POST,POST /api/v1/auth/login,0.000000,0.000000,0,0,0,0,0,0,0,0,0,0,0,50,0,1100.0,1221.6992916393792,536.376638992806,1866.7638240003726,1622.0
1789928529,50,,Aggregated,24.400000,0.000000,6,7,8,8,10,12,15,18,29,29,29,6207,0,5,15.714848458328753,2.9269469960127026,1866.7638240003726,6826.934589979056
1789928530,50,GET,GET /api/v1/reservas,18.100000,0.000000,6,7,8,9,10,12,13,15,18,18,18,4661,0,6,6.272998844572531,3.7091109988978133,36.86803000164218,8965.0
1789928530,50,GET,GET /api/v1/reservas/{id},6.300000,0.000000,5,6,6,7,8,9,26,29,29,29,29,1522,0,4,4.834826378008818,2.9269469960127026,29.464808001648635,442.0
1789928530,50,POST,POST /api/v1/auth/login,0.000000,0.000000,0,0,0,0,0,0,0,0,0,0,0,50,0,1100.0,1221.6992916393792,536.376638992806,1866.7638240003726,1622.0
1789928530,50,,Aggregated,24.400000,0.000000,6,7,8,8,10,12,15,18,29,29,29,6233,0,5,15.671750031100746,2.9269469960127026,1866.7638240003726,6824.914006096583
1789928531,50,GET,GET /api/v1/reservas,18.200000,0.000000,7,8,9,10,11,13,18,22,26,26,26,4671,0,6,6.288553425722113,3.7091109988978133,36.86803000164218,8965.0
1789928531,50,GET,GET /api/v1/reservas/{id},6.600000,0.000000,5,6,7,7,8,16,26,29,29,29,29,1529,0,4,4.853806205568126,2.9269469960127026,29.464808001648635,442.0
1789928531,50,POST,POST /api/v1/auth/login,0.000000,0.000000,0,0,0,0,0,0,0,0,0,0,0,50,0,1100.0,1221.6992916393792,536.376638992806,1866.7638240003726,1622.0
1789928531,50,,Aggregated,24.800000,0.000000,6,7,8,9,11,13,22,26,29,29,29,6250,0,6,15.660842771492899,2.9269469960127026,1866.7638240003726,6821.18928
1789928532,50,GET,GET /api/v1/reservas,18.300000,0.000000,7,8,8,9,11,12,15,22,26,26,26,4691,0,6,6.289216958118157,3.7091109988978133,36.86803000164218,8965.0
1789928532,50,GET,GET /api/v1/reservas/{id},6.500000,0.000000,5,6,7,7,8,16,26,29,29,29,29,1539,0,4,4.853688614895519,2.9269469960127026,29.464808001648635,442.0
1789928532,50,POST,POST /api/v1/auth/login,0.000000,0.000000,0,0,0,0,0,0,0,0,0,0,0,50,0,1100.0,1221.6992916393792,536.376638992806,1866.7638240003726,1622.0
1789928532,50,,Aggregated,24.800000,0.000000,6,7,8,8,10,12,22,26,29,29,29,6280,0,6,15.614252883889401,2.9269469960127026,1866.7638240003726,6817.858757961783
1789928533,50,GET,GET /api/v1/reservas,17.700000,0.000000,7,8,8,9,11,12,15,22,26,26,26,4705,0,6,6.287445225828356,3.7091109988978133,36.86803000164218,8965.0
1789928533,50,GET,GET /api/v1/reservas/{id},6.900000,0.000000,5,6,7,7,8,16,26,29,29,29,29,1547,0,4,4.854958285275457,2.9269469960127026,29.464808001648635,442.0
1789928533,50,POST,POST /api/v1/auth/login,0.000000,0.000000,0,0,0,0,0,0,0,0,0,0,0,50,0,1100.0,1221.6992916393792,536.376638992806,1866.7638240003726,1622.0
1789928533,50,,Aggregated,24.600000,0.000000,6,7,8,8,10,12,22,26,29,29,29,6302,0,6,15.578866207047367,2.9269469960127026,1866.7638240003726,6814.5349095525235
1789928534,50,GET,GET /api/v1/reservas,17.200000,0.000000,6,7,8,8,10,12,15,22,26,26,26,4717,0,6,6.286187462267753,3.7091109988978133,36.86803000164218,8965.0
1789928534,50,GET,GET /api/v1/reservas/{id},7.200000,0.000000,5,6,7,7,8,16,26,29,29,29,29,1557,0,4,4.855042865975236,2.9269469960127026,29.464808001648635,442.0
1789928534,50,POST,POST /api/v1/auth/login,0.000000,0.000000,0,0,0,0,0,0,0,0,0,0,0,50,0,1100.0,1221.6992916393792,536.376638992806,1866.7638240003726,1622.0
1789928534,50,,Aggregated,24.400000,0.000000,6,7,7,8,10,12,22,26,29,29,29,6324,0,6,15.543360623625773,2.9269469960127026,1866.7638240003726,6808.538741302973
1789928535,50,GET,GET /api/v1/reservas,17.300000,0.000000,6,7,7,8,10,11,15,22,26,26,26,4741,0,6,6.280753326841716,3.7091109988978133,36.86803000164218,8965.0
1789928535,50,GET,GET /api/v1/reservas/{id},7.300000,0.000000,5,5,6,6,7,8,16,25,25,25,25,1560,0,4,4.853101588023725,2.9269469960127026,29.464808001648635,442.0
1789928535,50,POST,POST /api/v1/auth/login,0.000000,0.000000,0,0,0,0,0,0,0,0,0,0,0,50,0,1100.0,1221.6992916393792,536.376638992806,1866.7638240003726,1622.0
1789928535,50,,Aggregated,24.600000,0.000000,6,6,7,7,9,11,16,22,26,26,26,6351,0,5,15.498796186717454,2.9269469960127026,1866.7638240003726,6813.680522752323
1789928536,50,GET,GET /api/v1/reservas,16.800000,0.000000,6,6,7,7,9,11,15,22,26,26,26,4755,0,6,6.278681761627286,3.7091109988978133,36.86803000164218,8965.0
1789928536,50,GET,GET /api/v1/reservas/{id},7.700000,0.000000,5,5,6,6,7,8,16,25,25,25,25,1565,0,4,4.853326747173104,2.9269469960127026,29.464808001648635,442.0
1789928536,50,POST,POST /api/v1/auth/login,0.000000,0.000000,0,0,0,0,0,0,0,0,0,0,0,50,0,1100.0,1221.6992916393792,536.376638992806,1866.7638240003726,1622.0
1789928536,50,,Aggregated,24.500000,0.000000,6,6,7,7,8,11,16,22,26,26,26,6370,0,5,15.468689594636203,2.9269469960127026,1866.7638240003726,6813.40737833595
1789928537,50,GET,GET /api/v1/reservas,16.300000,0.000000,6,6,7,7,8,10,15,22,26,26,26,4775,0,6,6.28025614942975,3.7091109988978133,36.86803000164218,8965.0
1789928537,50,GET,GET /api/v1/reservas/{id},8.100000,0.000000,5,5,6,6,7,8,12,25,25,25,25,1573,0,4,4.855056970347461,2.9269469960127026,29.464808001648635,442.0
1789928537,50,POST,POST /api/v1/auth/login,0.000000,0.000000,0,0,0,0,0,0,0,0,0,0,0,50,0,1100.0,1221.6992916393792,536.376638992806,1866.7638240003726,1622.0
1789928537,50,,Aggregated,24.400000,0.000000,5,6,7,7,8,10,15,22,26,26,26,6398,0,5,15.428288888692181,2.9269469960127026,1866.7638240003726,6812.166458268209
1789928538,50,GET,GET /api/v1/reservas,17.300000,0.000000,6,6,7,7,8,10,15,22,26,26,26,4793,0,6,6.276298080649181,3.7091109988978133,36.86803000164218,8965.0
1789928538,50,GET,GET /api/v1/reservas/{id},7.400000,0.000000,5,5,6,6,7,8,12,25,25,25,25,1578,0,4,4.852714529384564,2.9269469960127026,29.464808001648635,442.0
1789928538,50,POST,POST /api/v1/auth/login,0.000000,0.000000,0,0,0,0,0,0,0,0,0,0,0,50,0,1100.0,1221.6992916393792,536.376638992806,1866.7638240003726,1622.0
1789928538,50,,Aggregated,24.700000,0.000000,6,6,7,7,8,10,15,22,26,26,26,6421,0,5,15.390880674332553,2.9269469960127026,1866.7638240003726,6813.241083943311
1789928539,50,GET,GET /api/v1/reservas,17.100000,0.000000,6,6,7,7,8,10,15,22,26,26,26,4810,0,6,6.275370773093184,3.7091109988978133,36.86803000164218,8965.0
1789928539,50,GET,GET /api/v1/reservas/{id},7.200000,0.000000,5,5,5,6,7,8,12,25,25,25,25,1584,0,4,4.853299236994204,2.9269469960127026,29.464808001648635,442.0
1789928539,50,POST,POST /api/v1/auth/login,0.000000,0.000000,0,0,0,0,0,0,0,0,0,0,0,50,0,1100.0,1221.6992916393792,536.376638992806,1866.7638240003726,1622.0
1789928539,50,,Aggregated,24.300000,0.000000,5,6,6,7,8,10,15,22,26,26,26,6444,0,5,15.356474859085349,2.9269469960127026,1866.7638240003726,6812.9854127870885
1789928540,50,GET,GET /api/v1/reservas,16.900000,0.000000,6,6,7,7,8,10,15,22,26,26,26,4825,0,6,6.2730048805350975,3.7091109988978133,36.86803000164218,8965.0
1789928540,50,GET,GET /api/v1/reservas/{id},7.600000,0.000000,5,5,5,6,7,8,12,25,25,25,25,1593,0,4,4.849775963817981,2.9269469960127026,29.464808001648635,442.0
1789928540,50,POST,POST /api/v1/auth/login,0.000000,0.000000,0,0,0,0,0,0,0,0,0,0,0,50,0,1100.0,1221.6992916393792,536.376638992806,1866.7638240003726,1622.0
1789928540,50,,Aggregated,24.500000,0.000000,5,6,6,7,8,10,15,22,26,26,26,6468,0,5,15.318167322342742,2.9269469960127026,1866.7638240003726,6809.111162646877
1789928541,50,GET,GET /api/v1/reservas,16.600000,0.000000,6,6,6,7,7,8,10,10,13,13,13,4845,0,6,6.27001816648567,3.7091109988978133,36.86803000164218,8965.0
1789928541,50,GET,GET /api/v1/reservas/{id},7.000000,0.000000,4,5,5,5,7,8,11,12,12,12,12,1600,0,4,4.847091115234434,2.9269469960127026,29.464808001648635,442.0
1789928541,50,POST,POST /api/v1/auth/login,0.000000,0.000000,0,0,0,0,0,0,0,0,0,0,0,50,0,1100.0,1221.6992916393792,536.376638992806,1866.7638240003726,1622.0
1789928541,50,,Aggregated,23.600000,0.000000,5,6,6,6,7,8,10,11,13,13,13,6495,0,5,15.276142938101174,2.9269469960127026,1866.7638240003726,6808.887605850654
1789928542,50,GET,GET /api/v1/reservas,16.600000,0.000000,5,6,6,6,7,8,10,10,13,13,13,4865,0,6,6.265220060155613,3.7091109988978133,36.86803000164218,8965.0
1789928542,50,GET,GET /api/v1/reservas/{id},6.900000,0.000000,4,5,5,5,6,7,11,12,12,12,12,1609,0,4,4.841241944282309,2.9269469960127026,29.464808001648635,442.0
1789928542,50,POST,POST /api/v1/auth/login,0.000000,0.000000,0,0,0,0,0,0,0,0,0,0,0,50,0,1100.0,1221.6992916393792,536.376638992806,1866.7638240003726,1622.0
1789928542,50,,Aggregated,23.500000,0.000000,5,6,6,6,7,8,10,11,13,13,13,6524,0,5,15.229126067286366,2.9269469960127026,1866.7638240003726,6806.714132434089
1789928543,50,GET,GET /api/v1/reservas,16.800000,0.000000,5,6,6,7,7,8,10,10,13,13,13,4883,0,6,6.265901687829234,3.7091109988978133,36.86803000164218,8965.0
1789928543,50,GET,GET /api/v1/reservas/{id},7.200000,0.000000,4,5,5,5,6,7,10,11,11,11,11,1615,0,4,4.846193793403841,2.9269469960127026,29.464808001648635,442.0
1789928543,50,POST,POST /api/v1/auth/login,0.000000,0.000000,0,0,0,0,0,0,0,0,0,0,0,50,0,1100.0,1221.6992916393792,536.376638992806,1866.7638240003726,1622.0
1789928543,50,,Aggregated,24.000000,0.000000,5,6,6,6,7,8,10,10,13,13,13,6548,0,5,15.196696014048001,2.9269469960127026,1866.7638240003726,6806.8150580329875
1789928544,50,GET,GET /api/v1/reservas,17.600000,0.000000,5,6,6,6,7,8,10,10,13,13,13,4907,0,6,6.261319102241049,3.7091109988978133,36.86803000164218,8965.0
1789928544,50,GET,GET /api/v1/reservas/{id},7.100000,0.000000,4,5,5,5,6,7,10,11,11,11,11,1619,0,4,4.844189238026057,2.9269469960127026,29.464808001648635,442.0
1789928544,50,POST,POST /api/v1/auth/login,0.000000,0.000000,0,0,0,0,0,0,0,0,0,0,0,50,0,1100.0,1221.6992916393792,536.376638992806,1866.7638240003726,1622.0
1789928544,50,,Aggregated,24.700000,0.000000,5,6,6,6,7,8,10,10,13,13,13,6576,0,5,15.153892912565386,2.9269469960127026,1866.7638240003726,6810.820103406326
1789928545,50,GET,GET /api/v1/reservas,17.800000,0.000000,5,6,6,6,7,8,10,10,13,13,13,4929,0,6,6.257026332461978,3.7091109988978133,36.86803000164218,8965.0
1789928545,50,GET,GET /api/v1/reservas/{id},6.900000,0.000000,4,5,5,5,6,7,10,11,11,11,11,1624,0,4,4.841044659707253,2.9269469960127026,29.464808001648635,442.0
1789928545,50,POST,POST /api/v1/auth/login,0.000000,0.000000,0,0,0,0,0,0,0,0,0,0,0,50,0,1100.0,1221.6992916393792,536.376638992806,1866.7638240003726,1622.0
1789928545,50,,Aggregated,24.700000,0.000000,5,6,6,6,7,8,10,10,13,13,13,6603,0,5,15.112479767081423,2.9269469960127026,1866.7638240003726,6813.1747690443735
1789928546,50,GET,GET /api/v1/reservas,18.000000,0.000000,5,6,6,6,7,8,10,10,13,13,13,4944,0,6,6.254198479913741,3.7091109988978133,36.86803000164218,8965.0
1789928546,50,GET,GET /api/v1/reservas/{id},6.900000,0.000000,4,5,5,5,5,7,10,11,11,11,11,1630,0,4,4.838199235195011,2.9269469960127026,29.464808001648635,442.0
1789928546,50,POST,POST /api/v1/auth/login,0.000000,0.000000,0,0,0,0,0,0,0,0,0,0,0,50,0,1100.0,1221.6992916393792,536.376638992806,1866.7638240003726,1622.0
1789928546,50,,Aggregated,24.900000,0.000000,5,6,6,6,7,7,10,10,13,13,13,6624,0,5,15.080311989738883,2.9269469960127026,1866.7638240003726,6812.27657004831
1789928547,50,GET,GET /api/v1/reservas,18.900000,0.000000,5,6,6,6,7,9,9,10,10,10,10,4964,0,6,6.256216636532758,3.7091109988978133,36.86803000164218,8965.0
1789928547,50,GET,GET /api/v1/reservas/{id},6.100000,0.000000,4,5,5,5,6,7,8,10,10,10,10,1636,0,4,4.8409435558426,2.9269469960127026,29.464808001648635,442.0
1789928547,50,POST,POST /api/v1/auth/login,0.000000,0.000000,0,0,0,0,0,0,0,0,0,0,0,50,0,1100.0,1221.6992916393792,536.376638992806,1866.7638240003726,1622.0
1789928547,50,,Aggregated,25.000000,0.000000,5,6,6,6,7,8,9,10,10,10,10,6650,0,5,15.046707913244521,2.9269469960127026,1866.7638240003726,6813.003308270677
1789928548,50,GET,GET /api/v1/reservas,18.500000,0.000000,5,6,6,7,7,9,9,10,10,10,10,4981,0,6,6.253260044719143,3.7008990038884804,36.86803000164218,8965.0
1789928548,50,GET,GET /api/v1/reservas/{id},6.200000,0.000000,4,4,5,5,6,7,8,10,10,10,10,1646,0,4,4.835599274810925,2.9269469960127026,29.464808001648635,442.0
1789928548,50,POST,POST /api/v1/auth/login,0.000000,0.000000,0,0,0,0,0,0,0,0,0,0,0,50,0,1100.0,1221.6992916393792,536.376638992806,1866.7638240003726,1622.0
1789928548,50,,Aggregated,24.700000,0.000000,5,6,6,6,7,8,9,10,10,10,10,6677,0,5,15.005518836461555,2.9269469960127026,1866.7638240003726,6808.9406919275125
1789928549,50,GET,GET /api/v1/reservas,18.800000,0.000000,5,6,6,6,7,8,9,9,10,10,10,4995,0,6,6.250035702257307,3.7008990038884804,36.86803000164218,8965.0
1789928549,50,GET,GET /api/v1/reservas/{id},6.400000,0.000000,4,4,5,5,6,7,8,10,10,10,10,1654,0,4,4.832804796450697,2.9269469960127026,29.464808001648635,442.0
1789928549,50,POST,POST /api/v1/auth/login,0.000000,0.000000,0,0,0,0,0,0,0,0,0,0,0,50,0,1100.0,1221.6992916393792,536.376638992806,1866.7638240003726,1622.0
1789928549,50,,Aggregated,25.200000,0.000000,5,5,6,6,7,8,9,9,10,10,10,6699,0,5,14.971988662199383,2.9269469960127026,1866.7638240003726,6805.843110912077
1789928550,50,GET,GET /api/v1/reservas,19.000000,0.000000,6,6,7,7,8,9,9,10,11,11,11,5016,0,6,6.255268787427802,3.7008990038884804,36.86803000164218,8965.0
1789928550,50,GET,GET /api/v1/reservas/{id},6.200000,0.000000,4,5,5,5,7,8,12,12,12,12,12,1660,0,4,4.846142180916553,2.9269469960127026,29.464808001648635,442.0
1789928550,50,POST,POST /api/v1/auth/login,0.000000,0.000000,0,0,0,0,0,0,0,0,0,0,0,50,0,1100.0,1221.6992916393792,536.376638992806,1866.7638240003726,1622.0
1789928550,50,,Aggregated,25.200000,0.000000,5,6,6,7,8,9,9,11,12,12,12,6726,0,5,14.942906458523385,2.9269469960127026,1866.7638240003726,6806.907523044901
1789928551,50,GET,GET /api/v1/reservas,18.900000,0.000000,5,6,7,7,8,9,9,10,11,11,11,5036,0,6,6.253414212025531,3.7008990038884804,36.86803000164218,8965.0
1789928551,50,GET,GET /api/v1/reservas/{id},6.900000,0.000000,4,5,5,5,7,8,12,12,12,12,12,1666,0,4,4.843028252300083,2.9269469960127026,29.464808001648635,442.0
1789928551,50,POST,POST /api/v1/auth/login,0.000000,0.000000,0,0,0,0,0,0,0,0,0,0,0,50,0,1100.0,1221.6992916393792,536.376638992806,1866.7638240003726,1622.0
1789928551,50,,Aggregated,25.800000,0.000000,5,6,6,7,8,9,10,11,12,12,12,6752,0,5,14.906049114641805,2.9269469960127026,1866.7638240003726,6807.643957345972
1789928552,50,GET,GET /api/v1/reservas,18.500000,0.000000,5,6,7,7,8,9,9,9,11,11,11,5054,0,6,6.251867438414781,3.7008990038884804,36.86803000164218,8965.0
1789928552,50,GET,GET /api/v1/reservas/{id},7.200000,0.000000,4,5,5,5,7,8,12,12,12,12,12,1675,0,4,4.8388933446675315,2.9269469960127026,29.464808001648635,442.0
1789928552,50,POST,POST /api/v1/auth/login,0.000000,0.000000,0,0,0,0,0,0,0,0,0,0,0,50,0,1100.0,1221.6992916393792,536.376638992806,1866.7638240003726,1622.0
1789928552,50,,Aggregated,25.700000,0.000000,5,6,6,7,8,9,9,11,12,12,12,6779,0,5,14.867539307867736,2.9269469960127026,1866.7638240003726,6804.921079805281
1789928553,50,GET,GET /api/v1/reservas,19.000000,0.000000,5,6,7,7,8,9,9,11,13,13,13,5076,0,6,6.251855717257604,3.7008990038884804,36.86803000164218,8965.0
1789928553,50,GET,GET /api/v1/reservas/{id},6.700000,0.000000,4,5,5,5,7,8,12,12,12,12,12,1680,0,4,4.83969296326991,2.9269469960127026,29.464808001648635,442.0
1789928553,50,POST,POST /api/v1/auth/login,0.000000,0.000000,0,0,0,0,0,0,0,0,0,0,0,50,0,1100.0,1221.6992916393792,536.376638992806,1866.7638240003726,1622.0
1789928553,50,,Aggregated,25.700000,0.000000,5,6,6,7,8,9,9,12,13,13,13,6806,0,5,14.832510781819279,2.9269469960127026,1866.7638240003726,6807.22891566265
1789928554,50,GET,GET /api/v1/reservas,18.900000,0.000000,6,6,7,7,8,9,9,13,13,13,13,5093,0,6,6.2508443363061215,3.7008990038884804,36.86803000164218,8965.0
1789928554,50,GET,GET /api/v1/reservas/{id},6.700000,0.000000,4,5,5,5,7,8,12,12,12,12,12,1685,0,4,4.835739506998249,2.9269469960127026,29.464808001648635,442.0
1789928554,50,POST,POST /api/v1/auth/login,0.000000,0.000000,0,0,0,0,0,0,0,0,0,0,0,50,0,1100.0,1221.6992916393792,536.376638992806,1866.7638240003726,1622.0
1789928554,50,,Aggregated,25.600000,0.000000,5,6,6,7,8,9,11,12,13,13,13,6828,0,5,14.802099568844184,2.9269469960127026,1866.7638240003726,6807.940099589924
1789928555,50,GET,GET /api/v1/reservas,18.400000,0.000000,6,6,7,7,8,9,9,13,13,13,13,5113,0,6,6.245558213335051,3.7008990038884804,36.86803000164218,8965.0
1789928555,50,GET,GET /api/v1/reservas/{id},6.500000,0.000000,4,5,5,5,7,8,12,12,12,12,12,1694,0,4,4.8314659364329495,2.9269469960127026,29.464808001648635,442.0
1789928555,50,POST,POST /api/v1/auth/login,0.000000,0.000000,0,0,0,0,0,0,0,0,0,0,0,50,0,1100.0,1221.6992916393792,536.376638992806,1866.7638240003726,1622.0
1789928555,50,,Aggregated,24.900000,0.000000,5,6,6,7,8,9,9,12,13,13,13,6857,0,5,14.759079338350372,2.9269469960127026,1866.7638240003726,6805.876184920519
1789928556,50,GET,GET /api/v1/reservas,19.600000,0.000000,5,6,6,7,8,9,9,13,13,13,13,5131,0,6,6.240977407871097,3.7008990038884804,36.86803000164218,8965.0
1789928556,50,GET,GET /api/v1/reservas/{id},6.400000,0.000000,4,4,5,5,7,8,12,12,12,12,12,1698,0,4,4.828697134463256,2.9269469960127026,29.464808001648635,442.0
1789928556,50,POST,POST /api/v1/auth/login,0.000000,0.000000,0,0,0,0,0,0,0,0,0,0,0,50,0,1100.0,1221.6992916393792,536.376638992806,1866.7638240003726,1622.0
1789928556,50,,Aggregated,26.000000,0.000000,5,6,6,7,8,9,11,12,13,13,13,6879,0,5,14.726929407773538,2.9269469960127026,1866.7638240003726,6807.825410670155
1789928557,50,GET,GET /api/v1/reservas,18.700000,0.000000,5,6,6,7,8,9,12,13,14,14,14,5155,0,6,6.244478491326897,3.7008990038884804,36.86803000164218,8965.0
1789928557,50,GET,GET /api/v1/reservas/{id},6.800000,0.000000,4,4,5,5,6,7,12,12,12,12,12,1707,0,4,4.8253767037774145,2.9269469960127026,29.464808001648635,442.0
1789928557,50,POST,POST /api/v1/auth/login,0.000000,0.000000,0,0,0,0,0,0,0,0,0,0,0,50,0,1100.0,1221.6992916393792,536.376638992806,1866.7638240003726,1622.0
1789928557,50,,Aggregated,25.500000,0.000000,5,6,6,6,8,9,12,13,14,14,14,6912,0,5,14.686367077272449,2.9269469960127026,1866.7638240003726,6807.0267650462965
1789928558,50,GET,GET /api/v1/reservas,18.300000,0.000000,5,6,6,7,8,9,12,13,14,14,14,5169,0,6,6.241997329808258,3.7008990038884804,36.86803000164218,8965.0
1789928558,50,GET,GET /api/v1/reservas/{id},7.000000,0.000000,4,5,5,5,6,7,12,12,12,12,12,1711,0,4,4.823890686352083,2.9269469960127026,29.464808001648635,442.0
1789928558,50,POST,POST /api/v1/auth/login,0.000000,0.000000,0,0,0,0,0,0,0,0,0,0,0,50,0,1100.0,1221.6992916393792,536.376638992806,1866.7638240003726,1622.0
1789928558,50,,Aggregated,25.300000,0.000000,5,6,6,7,8,9,12,13,14,14,14,6930,0,5,14.661403426276516,2.9269469960127026,1866.7638240003726,6807.7124098124095
1789928559,50,GET,GET /api/v1/reservas,18.400000,0.000000,5,6,6,7,8,9,12,13,14,14,14,5188,0,6,6.238534624866428,3.7008990038884804,36.86803000164218,8965.0
1789928559,50,GET,GET /api/v1/reservas/{id},7.000000,0.000000,4,4,5,5,5,7,12,12,12,12,12,1717,0,4,4.821017696772364,2.9269469960127026,29.464808001648635,442.0
1789928559,50,POST,POST /api/v1/auth/login,0.000000,0.000000,0,0,0,0,0,0,0,0,0,0,0,50,0,1100.0,1221.6992916393792,536.376638992806,1866.7638240003726,1622.0
1789928559,50,,Aggregated,25.400000,0.000000,5,6,6,6,8,9,12,13,14,14,14,6955,0,5,14.626623954153004,2.9269469960127026,1866.7638240003726,6808.114162473041
1789928560,50,GET,GET /api/v1/reservas,18.700000,0.000000,5,6,6,7,7,8,12,13,14,14,14,5202,0,6,6.238830687007734,3.7008990038884804,36.86803000164218,8965.0
1789928560,50,GET,GET /api/v1/reservas/{id},7.200000,0.000000,4,5,5,5,6,6,7,7,7,7,7,1728,0,4,4.8227520465102485,2.9269469960127026,29.464808001648635,442.0
1789928560,50,POST,POST /api/v1/auth/login,0.000000,0.000000,0,0,0,0,0,0,0,0,0,0,0,50,0,1100.0,1221.6992916393792,536.376638992806,1866.7638240003726,1622.0
1789928560,50,,Aggregated,25.900000,0.000000,5,6,6,6,7,8,12,13,14,14,14,6980,0,5,14.594996755322766,2.9269469960127026,1866.7638240003726,6802.407736389685
1789928561,50,GET,GET /api/v1/reservas,18.900000,0.000000,5,6,6,6,7,8,12,13,14,14,14,5217,0,6,6.236194455585344,3.7008990038884804,36.86803000164218,8965.0
1789928561,50,GET,GET /api/v1/reservas/{id},6.400000,0.000000,4,4,5,5,5,6,7,7,7,7,7,1740,0,4,4.815100168594529,2.9269469960127026,29.464808001648635,442.0
1789928561,50,POST,POST /api/v1/auth/login,0.000000,0.000000,0,0,0,0,0,0,0,0,0,0,0,50,0,1100.0,1221.6992916393792,536.376638992806,1866.7638240003726,1622.0
1789928561,50,,Aggregated,25.300000,0.000000,5,6,6,6,7,8,12,13,14,14,14,7007,0,5,14.556509968618835,2.9269469960127026,1866.7638240003726,6796.144569715998
1789928562,50,GET,GET /api/v1/reservas,19.300000,0.000000,5,6,6,6,7,8,12,13,14,14,14,5234,0,6,6.233384482957273,3.7008990038884804,36.86803000164218,8965.0
1789928562,50,GET,GET /api/v1/reservas/{id},6.200000,0.000000,4,4,5,5,5,6,7,7,7,7,7,1740,0,4,4.815100168594529,2.9269469960127026,29.464808001648635,442.0
1789928562,50,POST,POST /api/v1/auth/login,0.000000,0.000000,0,0,0,0,0,0,0,0,0,0,0,50,0,1100.0,1221.6992916393792,536.376638992806,1866.7638240003726,1622.0
1789928562,50,,Aggregated,25.500000,0.000000,5,6,6,6,7,8,12,13,14,14,14,7024,0,5,14.534278653064039,2.9269469960127026,1866.7638240003726,6801.393792710706
1789928563,50,GET,GET /api/v1/reservas,18.500000,0.000000,5,6,6,6,7,8,12,15,16,16,16,5258,0,6,6.234291068615189,3.7008990038884804,36.86803000164218,8965.0
1789928563,50,GET,GET /api/v1/reservas/{id},6.800000,0.000000,4,4,5,5,5,6,7,7,7,7,7,1743,0,4,4.813031210748819,2.9269469960127026,29.464808001648635,442.0
1789928563,50,POST,POST /api/v1/auth/login,0.000000,0.000000,0,0,0,0,0,0,0,0,0,0,0,50,0,1100.0,1221.6992916393792,536.376638992806,1866.7638240003726,1622.0
1789928563,50,,Aggregated,25.300000,0.000000,5,6,6,6,7,8,12,14,16,16,16,7051,0,5,14.502053669136693,2.9269469960127026,1866.7638240003726,6806.052474826266
1789928564,50,GET,GET /api/v1/reservas,17.700000,0.000000,5,6,6,6,7,8,12,15,16,16,16,5283,0,6,6.23247426344674,3.7008990038884804,36.86803000164218,8965.0
1789928564,50,GET,GET /api/v1/reservas/{id},7.200000,0.000000,4,4,5,5,5,6,7,7,7,7,7,1746,0,4,4.812263414846935,2.9269469960127026,29.464808001648635,442.0
1789928564,50,POST,POST /api/v1/auth/login,0.000000,0.000000,0,0,0,0,0,0,0,0,0,0,0,50,0,1100.0,1221.6992916393792,536.376638992806,1866.7638240003726,1622.0
1789928564,50,,Aggregated,24.900000,0.000000,5,6,6,6,7,8,12,14,16,16,16,7079,0,5,14.467204130255805,2.9269469960127026,1866.7638240003726,6810.9799406695865
1789928565,50,GET,GET /api/v1/reservas,18.400000,0.000000,5,6,6,7,7,8,12,15,16,16,16,5299,0,6,6.229551730091543,3.7008990038884804,36.86803000164218,8965.0
1789928565,50,GET,GET /api/v1/reservas/{id},6.600000,0.000000,4,5,5,5,5,6,7,7,7,7,7,1755,0,4,4.809256338652362,2.9269469960127026,29.464808001648635,442.0
1789928565,50,POST,POST /api/v1/auth/login,0.000000,0.000000,0,0,0,0,0,0,0,0,0,0,0,50,0,1100.0,1221.6992916393792,536.376638992806,1866.7638240003726,1622.0
1789928565,50,,Aggregated,25.000000,0.000000,5,6,6,6,7,8,12,14,16,16,16,7104,0,5,14.433502825740279,2.9269469960127026,1866.7638240003726,6807.762528153153
1789928566,50,GET,GET /api/v1/reservas,18.400000,0.000000,5,6,6,7,7,9,12,15,16,16,16,5323,0,6,6.22610682279985,3.7008990038884804,36.86803000164218,8965.0
1789928566,50,GET,GET /api/v1/reservas/{id},6.100000,0.000000,4,5,5,5,5,6,7,7,7,7,7,1760,0,4,4.806194239947879,2.9269469960127026,29.464808001648635,442.0
1789928566,50,POST,POST /api/v1/auth/login,0.000000,0.000000,0,0,0,0,0,0,0,0,0,0,0,50,0,1100.0,1221.6992916393792,536.376638992806,1866.7638240003726,1622.0
1789928566,50,,Aggregated,24.500000,0.000000,5,6,6,6,7,8,12,14,16,16,16,7133,0,5,14.395826869765994,2.9269469960127026,1866.7638240003726,6810.558670965933
1789928567,50,GET,GET /api/v1/reservas,18.800000,0.000000,5,6,6,7,7,9,15,16,22,22,22,5338,0,6,6.231087164248557,3.7008990038884804,36.86803000164218,8965.0
1789928567,50,GET,GET /api/v1/reservas/{id},6.100000,0.000000,4,4,5,5,6,7,7,16,16,16,16,1771,0,4,4.808188533752708,2.7365970017854124,29.464808001648635,442.0
1789928567,50,POST,POST /api/v1/auth/login,0.000000,0.000000,0,0,0,0,0,0,0,0,0,0,0,50,0,1100.0,1221.6992916393792,536.376638992806,1866.7638240003726,1622.0
1789928567,50,,Aggregated,24.900000,0.000000,5,6,6,6,7,8,15,16,22,22,22,7159,0,5,14.368181276435788,2.7365970017854124,1866.7638240003726,6805.28733063277
1789928568,50,GET,GET /api/v1/reservas,19.000000,0.000000,5,6,6,7,8,9,15,16,22,22,22,5355,0,6,6.228935338333284,3.7008990038884804,36.86803000164218,8965.0
1789928568,50,GET,GET /api/v1/reservas/{id},6.100000,0.000000,4,5,5,5,6,7,10,16,16,16,16,1779,0,4,4.813492656705371,2.7365970017854124,29.464808001648635,442.0
1789928568,50,POST,POST /api/v1/auth/login,0.000000,0.000000,0,0,0,0,0,0,0,0,0,0,0,50,0,1100.0,1221.6992916393792,536.376638992806,1866.7638240003726,1622.0
1789928568,50,,Aggregated,25.100000,0.000000,5,6,6,6,7,9,15,16,22,22,22,7184,0,5,14.337989526033207,2.7365970017854124,1866.7638240003726,6803.311943207127
1789928569,50,GET,GET /api/v1/reservas,19.300000,0.000000,5,6,6,7,8,10,15,16,22,22,22,5371,0,6,6.225890182790662,3.7008990038884804,36.86803000164218,8965.0
1789928569,50,GET,GET /api/v1/reservas/{id},6.700000,0.000000,4,5,5,5,6,7,10,16,16,16,16,1784,0,4,4.810463550609613,2.7365970017854124,29.464808001648635,442.0
1789928569,50,POST,POST /api/v1/auth/login,0.000000,0.000000,0,0,0,0,0,0,0,0,0,0,0,50,0,1100.0,1221.6992916393792,536.376638992806,1866.7638240003726,1622.0
1789928569,50,,Aggregated,26.000000,0.000000,5,6,6,6,7,9,15,16,22,22,22,7205,0,5,14.31035221763014,2.7365970017854124,1866.7638240003726,6803.69784871617
1789928570,50,GET,GET /api/v1/reservas,18.400000,0.000000,5,6,6,6,8,10,15,16,22,22,22,5386,0,6,6.225632803337124,3.7008990038884804,36.86803000164218,8965.0
1789928570,50,GET,GET /api/v1/reservas/{id},6.500000,0.000000,4,4,5,5,6,7,10,16,16,16,16,1793,0,4,4.807950213206885,2.7365970017854124,29.464808001648635,442.0
1789928570,50,POST,POST /api/v1/auth/login,0.000000,0.000000,0,0,0,0,0,0,0,0,0,0,0,50,0,1100.0,1221.6992916393792,536.376638992806,1866.7638240003726,1622.0
1789928570,50,,Aggregated,24.900000,0.000000,5,6,6,6,7,9,15,16,22,22,22,7229,0,5,14.280934789462258,2.7365970017854124,1866.7638240003726,6800.262276940102
1789928571,50,GET,GET /api/v1/reservas,18.300000,0.000000,5,6,6,6,8,10,15,16,22,22,22,5402,0,6,6.223737487552814,3.7008990038884804,36.86803000164218,8965.0
1789928571,50,GET,GET /api/v1/reservas/{id},6.700000,0.000000,4,5,5,5,6,7,10,16,16,16,16,1803,0,4,4.8026805231715715,2.7365970017854124,29.464808001648635,442.0
1789928571,50,POST,POST /api/v1/auth/login,0.000000,0.000000,0,0,0,0,0,0,0,0,0,0,0,50,0,1100.0,1221.6992916393792,536.376638992806,1866.7638240003726,1622.0
1789928571,50,,Aggregated,25.000000,0.000000,5,6,6,6,8,10,15,16,22,22,22,7255,0,5,14.247391795038954,2.7365970017854124,1866.7638240003726,6796.272363886975
1789928572,50,GET,GET /api/v1/reservas,18.100000,0.000000,5,6,6,6,8,10,15,16,22,22,22,5419,0,6,6.2218389158052885,3.7008990038884804,36.86803000164218,8965.0
1789928572,50,GET,GET /api/v1/reservas/{id},6.800000,0.000000,4,5,5,5,6,9,10,16,16,16,16,1810,0,4,4.804371859827169,2.7365970017854124,29.464808001648635,442.0
1789928572,50,POST,POST /api/v1/auth/login,0.000000,0.000000,0,0,0,0,0,0,0,0,0,0,0,50,0,1100.0,1221.6992916393792,536.376638992806,1866.7638240003726,1622.0
1789928572,50,,Aggregated,24.900000,0.000000,5,6,6,6,8,10,15,16,22,22,22,7279,0,5,14.218577103036818,2.7365970017854124,1866.7638240003726,6795.226679488941
1789928573,50,GET,GET /api/v1/reservas,18.400000,0.000000,5,6,6,6,7,8,10,16,22,22,22,5442,0,6,6.216911482862696,3.7008990038884804,36.86803000164218,8965.0
1789928573,50,GET,GET /api/v1/reservas/{id},6.600000,0.000000,4,5,5,5,6,9,10,16,16,16,16,1816,0,4,4.80342893792962,2.7365970017854124,29.464808001648635,442.0
1789928573,50,POST,POST /api/v1/auth/login,0.000000,0.000000,0,0,0,0,0,0,0,0,0,0,0,50,0,1100.0,1221.6992916393792,536.376638992806,1866.7638240003726,1622.0
1789928573,50,,Aggregated,25.000000,0.000000,5,6,6,6,7,8,10,16,22,22,22,7308,0,5,14.181776658865346,2.7365970017854124,1866.7638240003726,6796.839354132458
1789928574,50,GET,GET /api/v1/reservas,18.600000,0.000000,5,6,6,6,7,8,10,16,22,22,22,5456,0,6,6.216039748857393,3.7008990038884804,36.86803000164218,8965.0
1789928574,50,GET,GET /api/v1/reservas/{id},6.300000,0.000000,4,5,5,5,6,9,16,21,21,21,21,1823,0,4,4.811134383587069,2.7365970017854124,29.464808001648635,442.0
1789928574,50,POST,POST /api/v1/auth/login,0.000000,0.000000,0,0,0,0,0,0,0,0,0,0,0,50,0,1100.0,1221.6992916393792,536.376638992806,1866.7638240003726,1622.0
1789928574,50,,Aggregated,24.900000,0.000000,5,6,6,6,7,9,12,16,22,22,22,7329,0,5,14.158872347252576,2.7365970017854124,1866.7638240003726,6794.911447673625
1789928575,50,GET,GET /api/v1/reservas,18.300000,0.000000,5,6,6,6,7,8,10,16,22,22,22,5477,0,6,6.212132972204975,3.7008990038884804,36.86803000164218,8965.0
1789928575,50,GET,GET /api/v1/reservas/{id},7.000000,0.000000,4,5,5,5,6,9,16,21,21,21,21,1831,0,4,4.807458866888554,2.7365970017854124,29.464808001648635,442.0
1789928575,50,POST,POST /api/v1/auth/login,0.000000,0.000000,0,0,0,0,0,0,0,0,0,0,0,50,0,1100.0,1221.6992916393792,536.376638992806,1866.7638240003726,1622.0
1789928575,50,,Aggregated,25.300000,0.000000,5,5,6,6,7,9,12,16,22,22,22,7358,0,5,14.122217186193062,2.7365970017854124,1866.7638240003726,6794.197743952161
1789928576,50,GET,GET /api/v1/reservas,17.600000,0.000000,5,6,6,6,7,8,10,16,22,22,22,5497,0,6,6.20868897576926,3.7008990038884804,36.86803000164218,8965.0
1789928576,50,GET,GET /api/v1/reservas/{id},7.400000,0.000000,4,5,5,6,7,9,16,21,21,21,21,1833,0,4,4.808611702277154,2.7365970017854124,29.464808001648635,442.0
1789928576,50,POST,POST /api/v1/auth/login,0.000000,0.000000,0,0,0,0,0,0,0,0,0,0,0,50,0,1100.0,1221.6992916393792,536.376638992806,1866.7638240003726,1622.0
1789928576,50,,Aggregated,25.000000,0.000000,5,6,6,6,7,9,12,16,22,22,22,7380,0,5,14.095977389166206,2.7365970017854124,1866.7638240003726,6798.359214092141
