timestamp_epoch,request_type,name,response_time_ms,status_code,outcome,error
1789928282.040178,POST,POST /api/v1/auth/login,536.376639,200,success,
1789928282.048176,GET,GET /api/v1/reservas,7.734043,200,success,
1789928282.323640,POST,POST /api/v1/auth/login,823.373799,200,success,
1789928282.332724,GET,GET /api/v1/reservas,8.858758,200,success,
1789928282.400639,POST,POST /api/v1/auth/login,895.930830,200,success,
1789928282.408780,GET,GET /api/v1/reservas,7.934977,200,success,
1789928282.438576,POST,POST /api/v1/auth/login,930.876735,200,success,
1789928282.459687,GET,GET /api/v1/reservas,20.908040,200,success,
1789928282.460093,POST,POST /api/v1/auth/login,952.855508,200,success,
1789928282.467584,GET,GET /api/v1/reservas,7.310429,200,success,
1789928282.477399,POST,POST /api/v1/auth/login,974.145055,200,success,
1789928282.484126,GET,GET /api/v1/reservas,6.532953,200,success,
1789928282.555119,POST,POST /api/v1/auth/login,1049.607680,200,success,
1789928282.564516,GET,GET /api/v1/reservas,9.179403,200,success,
1789928282.567969,POST,POST /api/v1/auth/login,1063.695022,200,success,
1789928282.582363,GET,GET /api/v1/reservas,14.196786,200,success,
1789928282.589060,POST,POST /api/v1/auth/login,1083.979947,200,success,
1789928282.595476,GET,GET /api/v1/reservas,6.228762,200,success,
1789928282.634093,POST,POST /api/v1/auth/login,1128.216764,200,success,
1789928282.641464,GET,GET /api/v1/reservas,7.162035,200,success,
1789928283.138791,POST,POST /api/v1/auth/login,637.987077,200,success,
1789928283.147213,GET,GET /api/v1/reservas,8.184224,200,success,
1789928283.282244,POST,POST /api/v1/auth/login,775.992104,200,success,
1789928283.289724,GET,GET /api/v1/reservas,7.276148,200,success,
1789928283.412728,POST,POST /api/v1/auth/login,908.937183,200,success,
1789928283.423490,GET,GET /api/v1/reservas,10.546714,200,success,
1789928283.438629,POST,POST /api/v1/auth/login,932.799479,200,success,
1789928283.439502,POST,POST /api/v1/auth/login,935.412279,200,success,
1789928283.447191,GET,GET /api/v1/reservas,8.357867,200,success,
1789928283.448657,GET,GET /api/v1/reservas,9.006330,200,success,
1789928283.467104,POST,POST /api/v1/auth/login,962.685667,200,success,
1789928283.474426,GET,GET /api/v1/reservas,7.115214,200,success,
1789928283.477789,GET,GET /api/v1/reservas,5.803396,200,success,
1789928283.497677,POST,POST /api/v1/auth/login,990.866359,200,success,
1789928283.507154,GET,GET /api/v1/reservas,8.897346,200,success,
1789928283.515518,POST,POST /api/v1/auth/login,1010.791168,200,success,
1789928283.516283,POST,POST /api/v1/auth/login,1014.035735,200,success,
1789928283.526072,GET,GET /api/v1/reservas,10.346201,200,success,
1789928283.545366,GET,GET /api/v1/reservas,28.891019,200,success,
1789928283.595878,GET,GET /api/v1/reservas,24.086297,200,success,
1789928283.606624,GET,GET /api/v1/reservas/{id},10.145576,200,success,
1789928283.664399,POST,POST /api/v1/auth/login,1160.993412,200,success,
1789928283.676822,GET,GET /api/v1/reservas,12.190357,200,success,
1789928283.781829,GET,GET /api/v1/reservas,9.584116,200,success,
1789928284.041273,GET,GET /api/v1/reservas,8.034828,200,success,
1789928284.233313,GET,GET /api/v1/reservas/{id},5.620268,200,success,
1789928284.346629,POST,POST /api/v1/auth/login,843.102490,200,success,
1789928284.355914,GET,GET /api/v1/reservas,7.756406,200,success,
1789928284.380793,POST,POST /api/v1/auth/login,876.463424,200,success,
1789928284.387429,GET,GET /api/v1/reservas,6.425229,200,success,
1789928284.617377,GET,GET /api/v1/reservas/{id},12.756114,200,success,
1789928284.641675,POST,POST /api/v1/auth/login,1136.731229,200,success,
1789928284.653237,GET,GET /api/v1/reservas,11.338225,200,success,
1789928284.736150,POST,POST /api/v1/auth/login,1231.517202,200,success,
1789928284.744876,GET,GET /api/v1/reservas,8.520204,200,success,
1789928284.771293,GET,GET /api/v1/reservas,7.114653,200,success,
1789928284.828563,GET,GET /api/v1/reservas,9.932484,200,success,
1789928284.867004,GET,GET /api/v1/reservas,10.056902,200,success,
1789928284.903474,GET,GET /api/v1/reservas,17.126577,200,success,
1789928284.939718,GET,GET /api/v1/reservas/{id},10.966100,200,success,
1789928284.963964,POST,POST /api/v1/auth/login,1460.050147,200,success,
1789928284.971366,GET,GET /api/v1/reservas,7.184419,200,success,
1789928285.038812,POST,POST /api/v1/auth/login,1535.846409,200,success,
1789928285.047840,GET,GET /api/v1/reservas,8.790394,200,success,
1789928285.111255,GET,GET /api/v1/reservas,7.066861,200,success,
1789928285.142421,POST,POST /api/v1/auth/login,1639.784883,200,success,
1789928285.153842,GET,GET /api/v1/reservas/{id},6.408053,200,success,
1789928285.156668,GET,GET /api/v1/reservas,14.056825,200,success,
1789928285.191039,POST,POST /api/v1/auth/login,1689.007969,200,success,
1789928285.199712,GET,GET /api/v1/reservas,8.486963,200,success,
1789928285.230917,POST,POST /api/v1/auth/login,1725.625297,200,success,
1789928285.239826,GET,GET /api/v1/reservas,8.031163,200,success,
1789928285.251819,POST,POST /api/v1/auth/login,1746.219352,200,success,
1789928285.258743,GET,GET /api/v1/reservas,6.729590,200,success,
1789928285.296879,GET,GET /api/v1/reservas,7.829386,200,success,
1789928285.328090,GET,GET /api/v1/reservas,6.891545,200,success,
1789928285.485398,GET,GET /api/v1/reservas,7.846582,200,success,
1789928285.533721,POST,POST /api/v1/auth/login,982.159812,200,success,
1789928285.545583,GET,GET /api/v1/reservas,11.679632,200,success,
1789928285.668777,POST,POST /api/v1/auth/login,1065.532156,200,success,
1789928285.676732,GET,GET /api/v1/reservas,7.738930,200,success,
1789928285.713232,GET,GET /api/v1/reservas,6.163321,200,success,
1789928285.732010,GET,GET /api/v1/reservas,5.453675,200,success,
1789928285.962968,GET,GET /api/v1/reservas,7.449971,200,success,
1789928286.087424,POST,POST /api/v1/auth/login,1534.480839,200,success,
1789928286.095185,GET,GET /api/v1/reservas,7.531665,200,success,
1789928286.139668,GET,GET /api/v1/reservas,10.999952,200,success,
1789928286.140054,POST,POST /api/v1/auth/login,1585.771950,200,success,
1789928286.140738,POST,POST /api/v1/auth/login,1588.860460,200,success,
1789928286.149036,GET,GET /api/v1/reservas,8.107399,200,success,
1789928286.149497,GET,GET /api/v1/reservas,9.284002,200,success,
1789928286.202753,POST,POST /api/v1/auth/login,1650.201681,200,success,
1789928286.210773,GET,GET /api/v1/reservas,7.807964,200,success,
1789928286.287019,POST,POST /api/v1/auth/login,1784.443715,200,success,
1789928286.294719,GET,GET /api/v1/reservas,7.488830,200,success,
1789928286.316136,POST,POST /api/v1/auth/login,1761.513692,200,success,
1789928286.324495,GET,GET /api/v1/reservas,8.153137,200,success,
1789928286.360636,GET,GET /api/v1/reservas,8.834671,200,success,
1789928286.366202,POST,POST /api/v1/auth/login,1815.188844,200,success,
1789928286.372127,GET,GET /api/v1/reservas,5.725358,200,success,
1789928286.392881,GET,GET /api/v1/reservas,5.715573,200,success,
1789928286.419012,POST,POST /api/v1/auth/login,1866.763824,200,success,
1789928286.426754,GET,GET /api/v1/reservas,7.549813,200,success,
1789928286.446169,GET,GET /api/v1/reservas,6.139666,200,success,
1789928286.510396,GET,GET /api/v1/reservas,7.459296,200,success,
1789928286.546630,GET,GET /api/v1/reservas,5.939673,200,success,
1789928286.570309,POST,POST /api/v1/auth/login,1062.581733,200,success,
1789928286.578425,GET,GET /api/v1/reservas,9.475681,200,success,
1789928286.578591,GET,GET /api/v1/reservas,8.135449,200,success,
1789928286.642664,GET,GET /api/v1/reservas,7.758720,200,success,
1789928286.681899,GET,GET /api/v1/reservas,5.925911,200,success,
1789928286.743928,POST,POST /api/v1/auth/login,1235.893185,200,success,
1789928286.751024,POST,POST /api/v1/auth/login,1244.876299,200,success,
1789928286.780110,GET,GET /api/v1/reservas,35.950729,200,success,
1789928286.780489,POST,POST /api/v1/auth/login,1273.647826,200,success,
1789928286.786665,GET,GET /api/v1/reservas,35.443701,200,success,
1789928286.790238,GET,GET /api/v1/reservas,9.584577,200,success,
1789928286.799515,POST,POST /api/v1/auth/login,1295.774855,200,success,
1789928286.812315,GET,GET /api/v1/reservas,12.590122,200,success,
1789928286.817799,POST,POST /api/v1/auth/login,1285.443044,200,success,
1789928286.819390,POST,POST /api/v1/auth/login,1312.884225,200,success,
1789928286.826744,GET,GET /api/v1/reservas,8.738034,200,success,
1789928286.829824,GET,GET /api/v1/reservas,10.259801,200,success,
1789928286.846281,GET,GET /api/v1/reservas,8.187058,200,success,
1789928286.871950,POST,POST /api/v1/auth/login,1364.794113,200,success,
1789928286.872851,POST,POST /api/v1/auth/login,1339.992051,200,success,
1789928286.882712,GET,GET /api/v1/reservas,9.401208,200,success,
1789928286.883259,GET,GET /api/v1/reservas,11.109899,200,success,
1789928286.883681,GET,GET /api/v1/reservas,6.129850,200,success,
1789928286.887674,POST,POST /api/v1/auth/login,1380.253434,200,success,
1789928286.892832,GET,GET /api/v1/reservas,5.023423,200,success,
1789928286.936398,GET,GET /api/v1/reservas,5.246803,200,success,
1789928287.041703,GET,GET /api/v1/reservas,5.909306,200,success,
1789928287.077011,GET,GET /api/v1/reservas/{id},4.066283,200,success,
1789928287.128623,GET,GET /api/v1/reservas,5.329658,200,success,
1789928287.183059,GET,GET /api/v1/reservas,6.083550,200,success,
1789928287.286129,GET,GET /api/v1/reservas,6.702498,200,success,
1789928287.342384,GET,GET /api/v1/reservas,5.933473,200,success,
1789928287.343806,GET,GET /api/v1/reservas,4.644870,200,success,
1789928287.447487,GET,GET /api/v1/reservas,6.302753,200,success,
1789928287.458025,GET,GET /api/v1/reservas,4.260998,200,success,
1789928287.485623,GET,GET /api/v1/reservas,4.369534,200,success,
1789928287.518248,GET,GET /api/v1/reservas,5.325362,200,success,
1789928287.663516,GET,GET /api/v1/reservas,5.666388,200,success,
1789928287.680148,GET,GET /api/v1/reservas,6.011992,200,success,
1789928287.680282,GET,GET /api/v1/reservas,6.553052,200,success,
1789928287.874813,GET,GET /api/v1/reservas,6.223513,200,success,
1789928287.907458,GET,GET /api/v1/reservas,6.273929,200,success,
1789928287.908554,GET,GET /api/v1/reservas,4.707976,200,success,
1789928287.921116,GET,GET /api/v1/reservas/{id},3.389707,200,success,
1789928287.925583,GET,GET /api/v1/reservas,4.285715,200,success,
1789928287.958642,GET,GET /api/v1/reservas,4.772122,200,success,
1789928288.016687,GET,GET /api/v1/reservas/{id},5.799890,200,success,
1789928288.060758,GET,GET /api/v1/reservas,5.759590,200,success,
1789928288.078385,GET,GET /api/v1/reservas,4.379408,200,success,
1789928288.136374,GET,GET /api/v1/reservas,8.148811,200,success,
1789928288.187113,GET,GET /api/v1/reservas,5.390580,200,success,
1789928288.207938,GET,GET /api/v1/reservas,4.578059,200,success,
1789928288.215846,GET,GET /api/v1/reservas,4.656086,200,success,
1789928288.250976,GET,GET /api/v1/reservas,4.858714,200,success,
1789928288.268714,GET,GET /api/v1/reservas/{id},3.541959,200,success,
1789928288.297317,GET,GET /api/v1/reservas,5.324520,200,success,
1789928288.339526,GET,GET /api/v1/reservas/{id},4.018039,200,success,
1789928288.347958,GET,GET /api/v1/reservas,4.199054,200,success,
1789928288.437245,GET,GET /api/v1/reservas,5.905541,200,success,
1789928288.592263,GET,GET /api/v1/reservas,5.909517,200,success,
1789928288.620875,GET,GET /api/v1/reservas,5.412214,200,success,
1789928288.721167,GET,GET /api/v1/reservas,5.915416,200,success,
1789928288.726271,GET,GET /api/v1/reservas,3.887733,200,success,
1789928288.843544,GET,GET /api/v1/reservas,7.830367,200,success,
1789928288.901335,GET,GET /api/v1/reservas,8.434524,200,success,
1789928288.930697,GET,GET /api/v1/reservas,6.054837,200,success,
1789928288.950641,GET,GET /api/v1/reservas/{id},11.111040,200,success,
1789928288.952069,GET,GET /api/v1/reservas,11.645571,200,success,
1789928288.952321,GET,GET /api/v1/reservas,13.318716,200,success,
1789928288.983230,GET,GET /api/v1/reservas,7.547260,200,success,
1789928289.096314,GET,GET /api/v1/reservas,7.694673,200,success,
1789928289.097374,GET,GET /api/v1/reservas/{id},3.942715,200,success,
1789928289.119275,GET,GET /api/v1/reservas,5.590653,200,success,
1789928289.130588,GET,GET /api/v1/reservas,5.058777,200,success,
1789928289.151295,GET,GET /api/v1/reservas/{id},3.529970,200,success,
1789928289.207705,GET,GET /api/v1/reservas,6.094637,200,success,
1789928289.221355,GET,GET /api/v1/reservas/{id},3.471933,200,success,
1789928289.259078,GET,GET /api/v1/reservas,6.356434,200,success,
1789928289.271897,GET,GET /api/v1/reservas/{id},3.640447,200,success,
1789928289.293574,GET,GET /api/v1/reservas/{id},3.502278,200,success,
1789928289.327717,GET,GET /api/v1/reservas/{id},3.952341,200,success,
1789928289.342825,GET,GET /api/v1/reservas,4.861919,200,success,
1789928289.348220,GET,GET /api/v1/reservas,4.175699,200,success,
1789928289.381155,GET,GET /api/v1/reservas,4.693403,200,success,
1789928289.415135,GET,GET /api/v1/reservas/{id},4.777280,200,success,
1789928289.491894,GET,GET /api/v1/reservas/{id},5.499735,200,success,
1789928289.519177,GET,GET /api/v1/reservas,5.886972,200,success,
1789928289.529285,GET,GET /api/v1/reservas/{id},3.918799,200,success,
1789928289.601224,GET,GET /api/v1/reservas,13.958227,200,success,
1789928289.615838,GET,GET /api/v1/reservas,6.274150,200,success,
1789928289.641623,GET,GET /api/v1/reservas,6.373340,200,success,
1789928289.676055,GET,GET /api/v1/reservas,10.023963,200,success,
1789928289.730265,GET,GET /api/v1/reservas,6.877454,200,success,
1789928289.769379,GET,GET /api/v1/reservas/{id},3.900271,200,success,
1789928289.780685,GET,GET /api/v1/reservas,5.994626,200,success,
1789928289.850140,GET,GET /api/v1/reservas,6.109909,200,success,
1789928289.851202,GET,GET /api/v1/reservas,4.424395,200,success,
1789928289.867476,GET,GET /api/v1/reservas,5.043565,200,success,
1789928289.979454,GET,GET /api/v1/reservas/{id},4.686844,200,success,
1789928290.008092,GET,GET /api/v1/reservas,5.315566,200,success,
1789928290.054354,GET,GET /api/v1/reservas,4.942371,200,success,
1789928290.090442,GET,GET /api/v1/reservas/{id},3.884597,200,success,
1789928290.111577,GET,GET /api/v1/reservas,4.903732,200,success,
1789928290.179439,GET,GET /api/v1/reservas,5.500216,200,success,
1789928290.246875,GET,GET /api/v1/reservas,6.115139,200,success,
1789928290.253432,GET,GET /api/v1/reservas/{id},3.370378,200,success,
1789928290.258317,GET,GET /api/v1/reservas,4.735247,200,success,
1789928290.305714,GET,GET /api/v1/reservas,5.081722,200,success,
1789928290.355337,GET,GET /api/v1/reservas,6.282822,200,success,
1789928290.408783,GET,GET /api/v1/reservas/{id},5.183736,200,success,
1789928290.438744,GET,GET /api/v1/reservas/{id},3.760780,200,success,
1789928290.623457,GET,GET /api/v1/reservas/{id},5.165690,200,success,
1789928290.624447,GET,GET /api/v1/reservas,6.543298,200,success,
1789928290.630168,GET,GET /api/v1/reservas/{id},3.575009,200,success,
1789928290.650738,GET,GET /api/v1/reservas,5.200283,200,success,
1789928290.673163,GET,GET /api/v1/reservas/{id},3.854161,200,success,
1789928290.674697,GET,GET /api/v1/reservas,5.678767,200,success,
1789928290.686198,GET,GET /api/v1/reservas,4.242629,200,success,
1789928290.736618,GET,GET /api/v1/reservas,5.090164,200,success,
1789928290.778979,GET,GET /api/v1/reservas/{id},4.147677,200,success,
1789928290.845160,GET,GET /api/v1/reservas/{id},4.930964,200,success,
1789928290.846539,GET,GET /api/v1/reservas,5.793171,200,success,
1789928290.861378,GET,GET /api/v1/reservas,4.585780,200,success,
1789928290.862221,GET,GET /api/v1/reservas/{id},3.970307,200,success,
1789928290.900421,GET,GET /api/v1/reservas,4.969932,200,success,
1789928290.916839,GET,GET /api/v1/reservas,4.198624,200,success,
1789928290.924086,GET,GET /api/v1/reservas,4.006072,200,success,
1789928290.997057,GET,GET /api/v1/reservas,5.640068,200,success,
1789928291.032799,GET,GET /api/v1/reservas,5.074871,200,success,
1789928291.033225,GET,GET /api/v1/reservas,5.908595,200,success,
1789928291.051021,GET,GET /api/v1/reservas/{id},3.615691,200,success,
1789928291.156217,GET,GET /api/v1/reservas,5.886212,200,success,
1789928291.214169,GET,GET /api/v1/reservas/{id},5.719879,200,success,
1789928291.270131,GET,GET /api/v1/reservas/{id},4.727655,200,success,
1789928291.274632,GET,GET /api/v1/reservas,5.433355,200,success,
1789928291.289258,GET,GET /api/v1/reservas,4.365246,200,success,
1789928291.313371,GET,GET /api/v1/reservas,4.822380,200,success,
1789928291.314917,GET,GET /api/v1/reservas,4.787497,200,success,
1789928291.413742,GET,GET /api/v1/reservas/{id},4.624199,200,success,
1789928291.445282,GET,GET /api/v1/reservas,5.271299,200,success,
1789928291.458777,GET,GET /api/v1/reservas,4.245534,200,success,
1789928291.463288,GET,GET /api/v1/reservas,4.354299,200,success,
1789928291.550577,GET,GET /api/v1/reservas,7.324391,200,success,
1789928291.568706,GET,GET /api/v1/reservas,6.741157,200,success,
1789928291.571321,GET,GET /api/v1/reservas/{id},4.661856,200,success,
1789928291.581908,GET,GET /api/v1/reservas,5.282125,200,success,
1789928291.822018,GET,GET /api/v1/reservas,7.764678,200,success,
1789928291.900979,GET,GET /api/v1/reservas/{id},5.678486,200,success,
1789928291.921005,GET,GET /api/v1/reservas,8.639265,200,success,
1789928291.927775,GET,GET /api/v1/reservas,5.461578,200,success,
1789928291.964920,GET,GET /api/v1/reservas,16.779091,200,success,
1789928291.982292,GET,GET /api/v1/reservas,9.959295,200,success,
1789928291.996798,GET,GET /api/v1/reservas,8.162601,200,success,
1789928292.072269,GET,GET /api/v1/reservas,12.002342,200,success,
1789928292.113253,GET,GET /api/v1/reservas,7.555241,200,success,
1789928292.144735,GET,GET /api/v1/reservas,7.182757,200,success,
1789928292.206259,GET,GET /api/v1/reservas,7.655794,200,success,
1789928292.206487,GET,GET /api/v1/reservas,8.435686,200,success,
1789928292.214626,GET,GET /api/v1/reservas/{id},3.955365,200,success,
1789928292.228408,GET,GET /api/v1/reservas,5.460687,200,success,
1789928292.238893,GET,GET /api/v1/reservas,5.173772,200,success,
1789928292.242290,GET,GET /api/v1/reservas,4.956813,200,success,
1789928292.336464,GET,GET /api/v1/reservas,6.806476,200,success,
1789928292.340146,GET,GET /api/v1/reservas/{id},4.669187,200,success,
1789928292.414860,GET,GET /api/v1/reservas,7.322178,200,success,
1789928292.480585,GET,GET /api/v1/reservas,7.380836,200,success,
1789928292.513795,GET,GET /api/v1/reservas,5.888245,200,success,
1789928292.537309,GET,GET /api/v1/reservas/{id},4.314379,200,success,
1789928292.588858,GET,GET /api/v1/reservas,6.209381,200,success,
1789928292.605088,GET,GET /api/v1/reservas,5.878078,200,success,
1789928292.691367,GET,GET /api/v1/reservas,6.881850,200,success,
1789928292.783175,GET,GET /api/v1/reservas,7.419726,200,success,
1789928292.801880,GET,GET /api/v1/reservas,6.414231,200,success,
1789928292.880431,GET,GET /api/v1/reservas,7.152952,200,success,
1789928292.918714,GET,GET /api/v1/reservas,5.978060,200,success,
1789928292.941701,GET,GET /api/v1/reservas/{id},4.758323,200,success,
1789928292.942374,GET,GET /api/v1/reservas/{id},3.723253,200,success,
1789928293.016839,GET,GET /api/v1/reservas,8.156993,200,success,
1789928293.058951,GET,GET /api/v1/reservas,7.168345,200,success,
1789928293.059520,GET,GET /api/v1/reservas,8.327423,200,success,
1789928293.098855,GET,GET /api/v1/reservas,6.987271,200,success,
1789928293.099739,GET,GET /api/v1/reservas/{id},4.125543,200,success,
1789928293.129223,GET,GET /api/v1/reservas/{id},4.270082,200,success,
1789928293.177764,GET,GET /api/v1/reservas,6.211665,200,success,
1789928293.208968,GET,GET /api/v1/reservas,5.906492,200,success,
1789928293.221566,GET,GET /api/v1/reservas,5.257419,200,success,
1789928293.554257,GET,GET /api/v1/reservas,7.004206,200,success,
1789928293.581923,GET,GET /api/v1/reservas,17.333622,200,success,
1789928293.585212,GET,GET /api/v1/reservas/{id},12.519675,200,success,
1789928293.612397,GET,GET /api/v1/reservas,5.842797,200,success,
1789928293.680140,GET,GET /api/v1/reservas,6.345188,200,success,
1789928293.698686,GET,GET /api/v1/reservas,5.261275,200,success,
1789928293.705922,GET,GET /api/v1/reservas,4.940749,200,success,
1789928293.830647,GET,GET /api/v1/reservas,7.297701,200,success,
1789928293.834165,GET,GET /api/v1/reservas,5.920854,200,success,
1789928293.847671,GET,GET /api/v1/reservas,5.183686,200,success,
1789928293.971929,GET,GET /api/v1/reservas,6.345948,200,success,
1789928293.972458,GET,GET /api/v1/reservas,7.400357,200,success,
1789928293.978727,GET,GET /api/v1/reservas,5.001701,200,success,
1789928294.010322,GET,GET /api/v1/reservas/{id},4.388111,200,success,
1789928294.016149,GET,GET /api/v1/reservas/{id},3.628148,200,success,
1789928294.026434,GET,GET /api/v1/reservas,4.994300,200,success,
1789928294.029008,GET,GET /api/v1/reservas/{id},4.003057,200,success,
1789928294.033335,GET,GET /api/v1/reservas,4.917895,200,success,
1789928294.120144,GET,GET /api/v1/reservas,9.378134,200,success,
1789928294.129303,GET,GET /api/v1/reservas,5.820641,200,success,
1789928294.327772,GET,GET /api/v1/reservas/{id},6.182921,200,success,
1789928294.350253,GET,GET /api/v1/reservas,7.049885,200,success,
1789928294.363004,GET,GET /api/v1/reservas/{id},4.524728,200,success,
1789928294.437634,GET,GET /api/v1/reservas,7.262497,200,success,
1789928294.494489,GET,GET /api/v1/reservas,6.531839,200,success,
1789928294.516557,GET,GET /api/v1/reservas,5.774061,200,success,
1789928294.555035,GET,GET /api/v1/reservas,6.122319,200,success,
1789928294.587316,GET,GET /api/v1/reservas,5.952663,200,success,
1789928294.600838,GET,GET /api/v1/reservas,5.220993,200,success,
1789928294.718507,GET,GET /api/v1/reservas/{id},5.357310,200,success,
1789928294.726643,GET,GET /api/v1/reservas/{id},3.940973,200,success,
1789928294.737182,GET,GET /api/v1/reservas,5.237618,200,success,
1789928294.773048,GET,GET /api/v1/reservas,5.531914,200,success,
1789928294.790560,GET,GET /api/v1/reservas,5.199080,200,success,
1789928294.815905,GET,GET /api/v1/reservas,6.009678,200,success,
1789928294.857864,GET,GET /api/v1/reservas,5.644114,200,success,
1789928294.864774,GET,GET /api/v1/reservas/{id},3.710103,200,success,
1789928294.868645,GET,GET /api/v1/reservas,4.834257,200,success,
1789928294.932714,GET,GET /api/v1/reservas/{id},4.834568,200,success,
1789928294.969140,GET,GET /api/v1/reservas,6.079935,200,success,
1789928294.969644,GET,GET /api/v1/reservas,6.238877,200,success,
1789928294.974222,GET,GET /api/v1/reservas,4.399298,200,success,
1789928295.028379,GET,GET /api/v1/reservas,5.832229,200,success,
1789928295.058617,GET,GET /api/v1/reservas,7.894044,200,success,
1789928295.075063,GET,GET /api/v1/reservas/{id},4.949000,200,success,
1789928295.084701,GET,GET /api/v1/reservas,6.278767,200,success,
1789928295.116770,GET,GET /api/v1/reservas/{id},5.134712,200,success,
1789928295.118289,GET,GET /api/v1/reservas,7.251070,200,success,
1789928295.149370,GET,GET /api/v1/reservas,9.739982,200,success,
1789928295.171293,GET,GET /api/v1/reservas,6.596517,200,success,
1789928295.176848,GET,GET /api/v1/reservas,5.319172,200,success,
1789928295.378776,GET,GET /api/v1/reservas,9.499778,200,success,
1789928295.405641,GET,GET /api/v1/reservas,8.451550,200,success,
1789928295.429342,GET,GET /api/v1/reservas,6.341422,200,success,
1789928295.509294,GET,GET /api/v1/reservas,6.564790,200,success,
1789928295.516559,GET,GET /api/v1/reservas,4.988611,200,success,
1789928295.566740,GET,GET /api/v1/reservas,5.864728,200,success,
1789928295.571622,GET,GET /api/v1/reservas,4.694665,200,success,
1789928295.610473,GET,GET /api/v1/reservas/{id},4.626813,200,success,
1789928295.635179,GET,GET /api/v1/reservas,5.407736,200,success,
1789928295.710865,GET,GET /api/v1/reservas,6.342863,200,success,
1789928295.724575,GET,GET /api/v1/reservas,5.375708,200,success,
1789928295.853464,GET,GET /api/v1/reservas,6.490257,200,success,
1789928295.911270,GET,GET /api/v1/reservas,6.437447,200,success,
1789928295.997077,GET,GET /api/v1/reservas,7.403642,200,success,
1789928295.998737,GET,GET /api/v1/reservas,5.176605,200,success,
1789928296.029533,GET,GET /api/v1/reservas,5.473926,200,success,
1789928296.040762,GET,GET /api/v1/reservas,4.954639,200,success,
1789928296.127373,GET,GET /api/v1/reservas/{id},5.340234,200,success,
1789928296.140676,GET,GET /api/v1/reservas/{id},4.072372,200,success,
1789928296.150648,GET,GET /api/v1/reservas/{id},3.778376,200,success,
1789928296.190974,GET,GET /api/v1/reservas,6.036500,200,success,
1789928296.260816,GET,GET /api/v1/reservas,7.467057,200,success,
1789928296.339156,GET,GET /api/v1/reservas,7.927566,200,success,
1789928296.342513,GET,GET /api/v1/reservas,5.422949,200,success,
1789928296.358724,GET,GET /api/v1/reservas/{id},4.025661,200,success,
1789928296.478638,GET,GET /api/v1/reservas,7.914255,200,success,
1789928296.479074,GET,GET /api/v1/reservas,8.979730,200,success,
1789928296.483614,GET,GET /api/v1/reservas,5.985572,200,success,
1789928296.504380,GET,GET /api/v1/reservas,5.482159,200,success,
1789928296.546778,GET,GET /api/v1/reservas/{id},4.526000,200,success,
1789928296.607961,GET,GET /api/v1/reservas/{id},4.963773,200,success,
1789928296.630105,GET,GET /api/v1/reservas,6.829110,200,success,
1789928296.634733,GET,GET /api/v1/reservas,5.859962,200,success,
1789928296.686577,GET,GET /api/v1/reservas/{id},4.669336,200,success,
1789928296.731174,GET,GET /api/v1/reservas,6.271766,200,success,
1789928296.738359,GET,GET /api/v1/reservas/{id},4.009157,200,success,
1789928296.756534,GET,GET /api/v1/reservas/{id},3.991769,200,success,
1789928296.820712,GET,GET /api/v1/reservas,6.860468,200,success,
1789928296.960641,GET,GET /api/v1/reservas,6.498740,200,success,
1789928296.983218,GET,GET /api/v1/reservas/{id},4.413569,200,success,
1789928296.993803,GET,GET /api/v1/reservas,5.286422,200,success,
1789928297.031653,GET,GET /api/v1/reservas,5.544543,200,success,
1789928297.103788,GET,GET /api/v1/reservas,6.764272,200,success,
1789928297.105006,GET,GET /api/v1/reservas/{id},4.135559,200,success,
1789928297.142068,GET,GET /api/v1/reservas,5.704567,200,success,
1789928297.180624,GET,GET /api/v1/reservas,7.195455,200,success,
1789928297.185528,GET,GET /api/v1/reservas,5.829746,200,success,
1789928297.228178,GET,GET /api/v1/reservas/{id},5.412043,200,success,
1789928297.384899,GET,GET /api/v1/reservas,7.247555,200,success,
1789928297.408801,GET,GET /api/v1/reservas/{id},4.695737,200,success,
1789928297.433353,GET,GET /api/v1/reservas/{id},4.372476,200,success,
1789928297.450506,GET,GET /api/v1/reservas/{id},3.982477,200,success,
1789928297.471022,GET,GET /api/v1/reservas,5.199061,200,success,
1789928297.507259,GET,GET /api/v1/reservas,5.938381,200,success,
1789928297.514370,GET,GET /api/v1/reservas,4.848970,200,success,
1789928297.539584,GET,GET /api/v1/reservas,5.235365,200,success,
1789928297.552827,GET,GET /api/v1/reservas,4.964435,200,success,
1789928297.604390,GET,GET /api/v1/reservas,6.216632,200,success,
1789928297.635368,GET,GET /api/v1/reservas,5.657144,200,success,
1789928297.641778,GET,GET /api/v1/reservas,5.108692,200,success,
1789928297.645565,GET,GET /api/v1/reservas,5.200402,200,success,
1789928297.720608,GET,GET /api/v1/reservas,6.668146,200,success,
1789928297.757714,GET,GET /api/v1/reservas,5.793661,200,success,
1789928297.788551,GET,GET /api/v1/reservas,6.504939,200,success,
1789928297.822494,GET,GET /api/v1/reservas/{id},4.719193,200,success,
1789928297.834023,GET,GET /api/v1/reservas,5.203756,200,success,
1789928297.850176,GET,GET /api/v1/reservas/{id},3.953683,200,success,
1789928297.882100,GET,GET /api/v1/reservas,5.626908,200,success,
1789928298.026659,GET,GET /api/v1/reservas/{id},6.294099,200,success,
1789928298.040090,GET,GET /api/v1/reservas,6.058202,200,success,
1789928298.110568,GET,GET /api/v1/reservas/{id},5.206592,200,success,
1789928298.133538,GET,GET /api/v1/reservas,8.619904,200,success,
1789928298.197131,GET,GET /api/v1/reservas,10.197126,200,success,
1789928298.211885,GET,GET /api/v1/reservas/{id},4.537277,200,success,
1789928298.283866,GET,GET /api/v1/reservas,8.591832,200,success,
1789928298.352772,GET,GET /api/v1/reservas,6.529557,200,success,
1789928298.364080,GET,GET /api/v1/reservas,4.998586,200,success,
1789928298.397898,GET,GET /api/v1/reservas,5.507346,200,success,
1789928298.409215,GET,GET /api/v1/reservas,5.033499,200,success,
1789928298.443030,GET,GET /api/v1/reservas,5.510031,200,success,
1789928298.451454,GET,GET /api/v1/reservas,5.152450,200,success,
1789928298.512864,GET,GET /api/v1/reservas,6.071192,200,success,
1789928298.615724,GET,GET /api/v1/reservas,6.871415,200,success,
1789928298.657772,GET,GET /api/v1/reservas,5.704496,200,success,
1789928298.685255,GET,GET /api/v1/reservas,5.870178,200,success,
1789928298.686902,GET,GET /api/v1/reservas,5.054982,200,success,
1789928298.692582,GET,GET /api/v1/reservas,4.442133,200,success,
1789928298.707567,GET,GET /api/v1/reservas/{id},3.816284,200,success,
1789928298.731002,GET,GET /api/v1/reservas,5.155615,200,success,
1789928298.900239,GET,GET /api/v1/reservas/{id},5.354906,200,success,
1789928298.900977,GET,GET /api/v1/reservas,6.541655,200,success,
1789928299.027695,GET,GET /api/v1/reservas/{id},5.388307,200,success,
1789928299.028722,GET,GET /api/v1/reservas,5.530963,200,success,
1789928299.106215,GET,GET /api/v1/reservas/{id},5.236837,200,success,
1789928299.149255,GET,GET /api/v1/reservas,6.723411,200,success,
1789928299.203794,GET,GET /api/v1/reservas,8.190244,200,success,
1789928299.208621,GET,GET /api/v1/reservas/{id},8.078655,200,success,
1789928299.212534,GET,GET /api/v1/reservas,9.468912,200,success,
1789928299.260833,GET,GET /api/v1/reservas,10.916565,200,success,
1789928299.299136,GET,GET /api/v1/reservas,10.875263,200,success,
1789928299.321489,GET,GET /api/v1/reservas,9.657237,200,success,
1789928299.322355,GET,GET /api/v1/reservas,6.706865,200,success,
1789928299.349023,GET,GET /api/v1/reservas,11.626211,200,success,
1789928299.352150,GET,GET /api/v1/reservas,8.311087,200,success,
1789928299.379375,GET,GET /api/v1/reservas,7.894716,200,success,
1789928299.503157,GET,GET /api/v1/reservas,6.356334,200,success,
1789928299.521573,GET,GET /api/v1/reservas,5.707570,200,success,
1789928299.570674,GET,GET /api/v1/reservas,6.826436,200,success,
1789928299.740927,GET,GET /api/v1/reservas,7.755484,200,success,
1789928299.788555,GET,GET /api/v1/reservas,8.264215,200,success,
1789928299.821197,GET,GET /api/v1/reservas/{id},5.418914,200,success,
1789928299.861153,GET,GET /api/v1/reservas,6.637579,200,success,
1789928299.876590,GET,GET /api/v1/reservas,8.067077,200,success,
1789928299.885150,GET,GET /api/v1/reservas,7.224561,200,success,
1789928299.906245,GET,GET /api/v1/reservas,7.519687,200,success,
1789928299.913972,GET,GET /api/v1/reservas,6.407372,200,success,
1789928299.958384,GET,GET /api/v1/reservas,7.062794,200,success,
1789928299.967606,GET,GET /api/v1/reservas,5.894724,200,success,
1789928300.001045,GET,GET /api/v1/reservas,9.011999,200,success,
1789928300.007491,GET,GET /api/v1/reservas,6.062389,200,success,
1789928300.021049,GET,GET /api/v1/reservas/{id},5.350851,200,success,
1789928300.026241,GET,GET /api/v1/reservas,6.533903,200,success,
1789928300.110579,GET,GET /api/v1/reservas,6.982132,200,success,
1789928300.175185,GET,GET /api/v1/reservas/{id},6.359489,200,success,
1789928300.208214,GET,GET /api/v1/reservas/{id},5.792971,200,success,
1789928300.264184,GET,GET /api/v1/reservas,6.618711,200,success,
1789928300.309438,GET,GET /api/v1/reservas/{id},5.012758,200,success,
1789928300.341647,GET,GET /api/v1/reservas,5.900673,200,success,
1789928300.466184,GET,GET /api/v1/reservas,6.096309,200,success,
1789928300.510203,GET,GET /api/v1/reservas,6.747306,200,success,
1789928300.558211,GET,GET /api/v1/reservas/{id},4.227879,200,success,
1789928300.681535,GET,GET /api/v1/reservas,9.891461,200,success,
1789928300.681740,GET,GET /api/v1/reservas,8.190524,200,success,
1789928300.683210,GET,GET /api/v1/reservas,7.797208,200,success,
1789928300.702419,GET,GET /api/v1/reservas,6.916593,200,success,
1789928300.716634,GET,GET /api/v1/reservas,4.935451,200,success,
1789928300.728517,GET,GET /api/v1/reservas,5.208624,200,success,
1789928300.728937,GET,GET /api/v1/reservas,6.076079,200,success,
1789928300.973536,GET,GET /api/v1/reservas/{id},5.157928,200,success,
1789928300.979462,GET,GET /api/v1/reservas/{id},3.742963,200,success,
1789928300.989048,GET,GET /api/v1/reservas,5.296668,200,success,
1789928301.048874,GET,GET /api/v1/reservas/{id},4.602084,200,success,
1789928301.060355,GET,GET /api/v1/reservas/{id},3.298150,200,success,
1789928301.112024,GET,GET /api/v1/reservas/{id},4.428311,200,success,
1789928301.171504,GET,GET /api/v1/reservas,6.027696,200,success,
1789928301.177810,GET,GET /api/v1/reservas,7.678899,200,success,
1789928301.184157,GET,GET /api/v1/reservas/{id},4.159794,200,success,
1789928301.194027,GET,GET /api/v1/reservas,4.585841,200,success,
1789928301.209677,GET,GET /api/v1/reservas/{id},3.468547,200,success,
1789928301.226796,GET,GET /api/v1/reservas,4.833807,200,success,
1789928301.234317,GET,GET /api/v1/reservas,4.275641,200,success,
1789928301.246935,GET,GET /api/v1/reservas,4.339637,200,success,
1789928301.273827,GET,GET /api/v1/reservas/{id},3.748482,200,success,
1789928301.279351,GET,GET /api/v1/reservas,4.296653,200,success,
1789928301.312706,GET,GET /api/v1/reservas,6.838284,200,success,
1789928301.343428,GET,GET /api/v1/reservas,6.351286,200,success,
1789928301.374854,GET,GET /api/v1/reservas,5.121392,200,success,
1789928301.419238,GET,GET /api/v1/reservas/{id},4.138732,200,success,
1789928301.441279,GET,GET /api/v1/reservas,4.770691,200,success,
1789928301.537901,GET,GET /api/v1/reservas,5.932381,200,success,
1789928301.570088,GET,GET /api/v1/reservas,4.897193,200,success,
1789928301.662938,GET,GET /api/v1/reservas,6.493552,200,success,
1789928301.670501,GET,GET /api/v1/reservas,5.251741,200,success,
1789928301.700470,GET,GET /api/v1/reservas/{id},3.787230,200,success,
1789928301.904784,GET,GET /api/v1/reservas,8.850283,200,success,
1789928301.960380,GET,GET /api/v1/reservas,7.199432,200,success,
1789928302.089871,GET,GET /api/v1/reservas/{id},5.139480,200,success,
1789928302.098020,GET,GET /api/v1/reservas,4.840496,200,success,
1789928302.118355,GET,GET /api/v1/reservas,5.064585,200,success,
1789928302.138361,GET,GET /api/v1/reservas,4.771131,200,success,
1789928302.186832,GET,GET /api/v1/reservas,10.133139,200,success,
1789928302.187264,GET,GET /api/v1/reservas,7.916179,200,success,
1789928302.224660,GET,GET /api/v1/reservas/{id},5.157057,200,success,
1789928302.251850,GET,GET /api/v1/reservas,9.875127,200,success,
1789928302.306707,GET,GET /api/v1/reservas,7.500117,200,success,
1789928302.307116,GET,GET /api/v1/reservas,9.970963,200,success,
1789928302.349314,GET,GET /api/v1/reservas/{id},8.213920,200,success,
1789928302.349977,GET,GET /api/v1/reservas,9.536984,200,success,
1789928302.379286,GET,GET /api/v1/reservas,6.942142,200,success,
1789928302.497658,GET,GET /api/v1/reservas/{id},5.042302,200,success,
1789928302.521948,GET,GET /api/v1/reservas,4.971575,200,success,
1789928302.531963,GET,GET /api/v1/reservas,4.181197,200,success,
1789928302.559655,GET,GET /api/v1/reservas,5.391752,200,success,
1789928302.577262,GET,GET /api/v1/reservas,4.336733,200,success,
1789928302.589571,GET,GET /api/v1/reservas,4.084371,200,success,
1789928302.618562,GET,GET /api/v1/reservas,4.732152,200,success,
1789928302.736717,GET,GET /api/v1/reservas,5.775364,200,success,
1789928302.873762,GET,GET /api/v1/reservas/{id},4.710409,200,success,
1789928303.010083,GET,GET /api/v1/reservas/{id},4.954140,200,success,
1789928303.085935,GET,GET /api/v1/reservas,6.505100,200,success,
1789928303.098001,GET,GET /api/v1/reservas,5.747611,200,success,
1789928303.116405,GET,GET /api/v1/reservas,5.035852,200,success,
1789928303.150591,GET,GET /api/v1/reservas,4.904544,200,success,
1789928303.188944,GET,GET /api/v1/reservas/{id},5.169635,200,success,
1789928303.228461,GET,GET /api/v1/reservas/{id},4.287818,200,success,
1789928303.236052,GET,GET /api/v1/reservas/{id},3.421536,200,success,
1789928303.334122,GET,GET /api/v1/reservas,6.679393,200,success,
1789928303.334641,GET,GET /api/v1/reservas,4.484316,200,success,
1789928303.341979,GET,GET /api/v1/reservas,4.135789,200,success,
1789928303.366535,GET,GET /api/v1/reservas,5.297288,200,success,
1789928303.388425,GET,GET /api/v1/reservas,4.629647,200,success,
1789928303.402309,GET,GET /api/v1/reservas,4.556736,200,success,
1789928303.452019,GET,GET /api/v1/reservas,5.422048,200,success,
1789928303.490211,GET,GET /api/v1/reservas,4.897173,200,success,
1789928303.507907,GET,GET /api/v1/reservas,4.417525,200,success,
1789928303.590832,GET,GET /api/v1/reservas,13.774388,200,success,
1789928303.595114,GET,GET /api/v1/reservas/{id},4.125542,200,success,
1789928303.613287,GET,GET /api/v1/reservas,4.892014,200,success,
1789928303.683575,GET,GET /api/v1/reservas,6.980390,200,success,
1789928303.688543,GET,GET /api/v1/reservas,6.134959,200,success,
1789928303.689954,GET,GET /api/v1/reservas,4.881157,200,success,
1789928303.728354,GET,GET /api/v1/reservas,5.086509,200,success,
1789928303.762616,GET,GET /api/v1/reservas,4.961229,200,success,
1789928303.774211,GET,GET /api/v1/reservas,4.345135,200,success,
1789928303.819750,GET,GET /api/v1/reservas,5.308516,200,success,
1789928303.838494,GET,GET /api/v1/reservas,4.463064,200,success,
1789928303.842775,GET,GET /api/v1/reservas/{id},3.105307,200,success,
1789928303.899310,GET,GET /api/v1/reservas,6.158315,200,success,
1789928303.944120,GET,GET /api/v1/reservas/{id},4.619181,200,success,
1789928303.944597,GET,GET /api/v1/reservas,6.985148,200,success,
1789928304.022008,GET,GET /api/v1/reservas,6.044601,200,success,
1789928304.026273,GET,GET /api/v1/reservas,5.085648,200,success,
1789928304.055140,GET,GET /api/v1/reservas,5.575631,200,success,
1789928304.056362,GET,GET /api/v1/reservas,4.149740,200,success,
1789928304.063538,GET,GET /api/v1/reservas,3.962726,200,success,
1789928304.164361,GET,GET /api/v1/reservas,6.465960,200,success,
1789928304.185479,GET,GET /api/v1/reservas,5.769164,200,success,
1789928304.222273,GET,GET /api/v1/reservas,5.511715,200,success,
1789928304.227013,GET,GET /api/v1/reservas,5.440637,200,success,
1789928304.271327,GET,GET /api/v1/reservas/{id},4.107335,200,success,
1789928304.389573,GET,GET /api/v1/reservas,6.854990,200,success,
1789928304.395455,GET,GET /api/v1/reservas,5.666309,200,success,
1789928304.469214,GET,GET /api/v1/reservas/{id},5.497913,200,success,
1789928304.549684,GET,GET /api/v1/reservas/{id},5.328106,200,success,
1789928304.590812,GET,GET /api/v1/reservas,14.762214,200,success,
1789928304.729377,GET,GET /api/v1/reservas,6.120035,200,success,
1789928304.735021,GET,GET /api/v1/reservas,4.371516,200,success,
1789928304.755522,GET,GET /api/v1/reservas,5.236216,200,success,
1789928304.786498,GET,GET /api/v1/reservas/{id},3.795552,200,success,
1789928304.826745,GET,GET /api/v1/reservas/{id},4.044300,200,success,
1789928304.887506,GET,GET /api/v1/reservas,5.458102,200,success,
1789928304.999657,GET,GET /api/v1/reservas/{id},4.846235,200,success,
1789928305.020683,GET,GET /api/v1/reservas/{id},3.872559,200,success,
1789928305.180330,GET,GET /api/v1/reservas,6.206026,200,success,
1789928305.191044,GET,GET /api/v1/reservas/{id},3.512043,200,success,
1789928305.206794,GET,GET /api/v1/reservas,4.505128,200,success,
1789928305.221665,GET,GET /api/v1/reservas,4.567783,200,success,
1789928305.224965,GET,GET /api/v1/reservas/{id},3.203296,200,success,
1789928305.295028,GET,GET /api/v1/reservas,5.679457,200,success,
1789928305.337368,GET,GET /api/v1/reservas,6.040887,200,success,
1789928305.394145,GET,GET /api/v1/reservas/{id},4.551358,200,success,
1789928305.395783,GET,GET /api/v1/reservas,4.343053,200,success,
1789928305.413066,GET,GET /api/v1/reservas,5.041191,200,success,
1789928305.450754,GET,GET /api/v1/reservas/{id},5.477953,200,success,
1789928305.452516,GET,GET /api/v1/reservas/{id},5.444171,200,success,
1789928305.492558,GET,GET /api/v1/reservas,7.749987,200,success,
1789928305.568883,GET,GET /api/v1/reservas,6.882783,200,success,
1789928305.625431,GET,GET /api/v1/reservas,9.134815,200,success,
1789928305.662787,GET,GET /api/v1/reservas,6.989254,200,success,
1789928305.682054,GET,GET /api/v1/reservas,8.817494,200,success,
1789928305.723515,GET,GET /api/v1/reservas,10.072937,200,success,
1789928305.734145,GET,GET /api/v1/reservas,6.234499,200,success,
1789928305.753501,GET,GET /api/v1/reservas/{id},5.143585,200,success,
1789928305.782886,GET,GET /api/v1/reservas/{id},4.182890,200,success,
1789928305.831633,GET,GET /api/v1/reservas,5.425033,200,success,
1789928305.844759,GET,GET /api/v1/reservas,4.889661,200,success,
1789928305.871532,GET,GET /api/v1/reservas/{id},3.605625,200,success,
1789928305.885268,GET,GET /api/v1/reservas,4.483876,200,success,
1789928305.913229,GET,GET /api/v1/reservas,4.691780,200,success,
1789928305.983938,GET,GET /api/v1/reservas/{id},4.479861,200,success,
1789928306.000398,GET,GET /api/v1/reservas/{id},4.274418,200,success,
1789928306.002726,GET,GET /api/v1/reservas,4.927649,200,success,
1789928306.179179,GET,GET /api/v1/reservas,6.962953,200,success,
1789928306.232721,GET,GET /api/v1/reservas/{id},4.335301,200,success,
1789928306.275215,GET,GET /api/v1/reservas,7.724567,200,success,
1789928306.339707,GET,GET /api/v1/reservas,6.119014,200,success,
1789928306.387022,GET,GET /api/v1/reservas/{id},5.079248,200,success,
1789928306.388211,GET,GET /api/v1/reservas,4.503266,200,success,
1789928306.406875,GET,GET /api/v1/reservas/{id},3.498653,200,success,
1789928306.428763,GET,GET /api/v1/reservas,4.595225,200,success,
1789928306.563069,GET,GET /api/v1/reservas/{id},5.080471,200,success,
1789928306.587353,GET,GET /api/v1/reservas/{id},4.085672,200,success,
1789928306.627356,GET,GET /api/v1/reservas/{id},4.782679,200,success,
1789928306.634077,GET,GET /api/v1/reservas/{id},3.527537,200,success,
1789928306.679807,GET,GET /api/v1/reservas,5.401667,200,success,
1789928306.702876,GET,GET /api/v1/reservas,4.838573,200,success,
1789928306.726964,GET,GET /api/v1/reservas,4.825163,200,success,
1789928306.736494,GET,GET /api/v1/reservas,4.260116,200,success,
1789928306.745016,GET,GET /api/v1/reservas/{id},3.343487,200,success,
1789928306.830019,GET,GET /api/v1/reservas/{id},4.735357,200,success,
1789928306.836820,GET,GET /api/v1/reservas,4.541182,200,success,
1789928306.864241,GET,GET /api/v1/reservas,8.125505,200,success,
1789928306.977683,GET,GET /api/v1/reservas,7.052058,200,success,
1789928307.052046,GET,GET /api/v1/reservas,5.995328,200,success,
1789928307.066016,GET,GET /api/v1/reservas,4.663168,200,success,
1789928307.095191,GET,GET /api/v1/reservas,4.892675,200,success,
1789928307.123333,GET,GET /api/v1/reservas/{id},3.941534,200,success,
1789928307.151615,GET,GET /api/v1/reservas,7.006830,200,success,
1789928307.199669,GET,GET /api/v1/reservas,5.728543,200,success,
1789928307.329510,GET,GET /api/v1/reservas/{id},5.569161,200,success,
1789928307.349215,GET,GET /api/v1/reservas,6.342642,200,success,
1789928307.355830,GET,GET /api/v1/reservas,7.483553,200,success,
1789928307.376025,GET,GET /api/v1/reservas/{id},3.991401,200,success,
1789928307.396065,GET,GET /api/v1/reservas,4.746684,200,success,
1789928307.587806,GET,GET /api/v1/reservas,7.207484,200,success,
1789928307.610921,GET,GET /api/v1/reservas,5.822835,200,success,
1789928307.671701,GET,GET /api/v1/reservas,5.478984,200,success,
1789928307.759207,GET,GET /api/v1/reservas,6.174859,200,success,
1789928307.785347,GET,GET /api/v1/reservas,5.892490,200,success,
1789928307.853680,GET,GET /api/v1/reservas,5.986804,200,success,
1789928307.874909,GET,GET /api/v1/reservas,4.921630,200,success,
1789928307.977924,GET,GET /api/v1/reservas,6.620815,200,success,
1789928307.992023,GET,GET /api/v1/reservas,4.780015,200,success,
1789928307.993056,GET,GET /api/v1/reservas,4.207958,200,success,
1789928308.048299,GET,GET /api/v1/reservas,5.974184,200,success,
1789928308.059958,GET,GET /api/v1/reservas/{id},3.468126,200,success,
1789928308.066943,GET,GET /api/v1/reservas,5.702783,200,success,
1789928308.144381,GET,GET /api/v1/reservas,6.079925,200,success,
1789928308.157898,GET,GET /api/v1/reservas,5.229897,200,success,
1789928308.189301,GET,GET /api/v1/reservas/{id},4.219124,200,success,
1789928308.208555,GET,GET /api/v1/reservas,4.944874,200,success,
1789928308.239999,GET,GET /api/v1/reservas,5.119780,200,success,
1789928308.289836,GET,GET /api/v1/reservas,5.533457,200,success,
1789928308.415470,GET,GET /api/v1/reservas,10.260262,200,success,
1789928308.486249,GET,GET /api/v1/reservas/{id},4.560022,200,success,
1789928308.501301,GET,GET /api/v1/reservas,4.767064,200,success,
1789928308.504850,GET,GET /api/v1/reservas,4.716318,200,success,
1789928308.555715,GET,GET /api/v1/reservas/{id},4.044681,200,success,
1789928308.611539,GET,GET /api/v1/reservas,5.518454,200,success,
1789928308.647729,GET,GET /api/v1/reservas/{id},3.997800,200,success,
1789928308.683595,GET,GET /api/v1/reservas,5.602822,200,success,
1789928308.700400,GET,GET /api/v1/reservas,4.563908,200,success,
1789928308.768040,GET,GET /api/v1/reservas/{id},4.412357,200,success,
1789928308.788031,GET,GET /api/v1/reservas,4.714565,200,success,
1789928308.800583,GET,GET /api/v1/reservas,5.306483,200,success,
1789928308.804620,GET,GET /api/v1/reservas,4.728607,200,success,
1789928308.830544,GET,GET /api/v1/reservas,4.679794,200,success,
1789928308.870803,GET,GET /api/v1/reservas,5.995858,200,success,
1789928308.884401,GET,GET /api/v1/reservas,4.351806,200,success,
1789928308.891821,GET,GET /api/v1/reservas,4.166234,200,success,
1789928308.932107,GET,GET /api/v1/reservas,5.545034,200,success,
1789928308.932499,GET,GET /api/v1/reservas,6.429134,200,success,
1789928308.996342,GET,GET /api/v1/reservas,5.567729,200,success,
1789928309.008165,GET,GET /api/v1/reservas,4.538269,200,success,
1789928309.132666,GET,GET /api/v1/reservas/{id},5.136605,200,success,
1789928309.163047,GET,GET /api/v1/reservas/{id},4.159805,200,success,
1789928309.193419,GET,GET /api/v1/reservas,6.086144,200,success,
1789928309.231037,GET,GET /api/v1/reservas,5.296768,200,success,
1789928309.277935,GET,GET /api/v1/reservas/{id},4.671642,200,success,
1789928309.305310,GET,GET /api/v1/reservas,5.088783,200,success,
1789928309.313965,GET,GET /api/v1/reservas/{id},3.477260,200,success,
1789928309.433234,GET,GET /api/v1/reservas,6.842661,200,success,
1789928309.434887,GET,GET /api/v1/reservas,4.716589,200,success,
1789928309.535236,GET,GET /api/v1/reservas,8.009901,200,success,
1789928309.567931,GET,GET /api/v1/reservas,8.296795,200,success,
1789928309.577457,GET,GET /api/v1/reservas/{id},4.304965,200,success,
1789928309.738661,GET,GET /api/v1/reservas,12.725368,200,success,
1789928309.809811,GET,GET /api/v1/reservas,6.740748,200,success,
1789928309.835180,GET,GET /api/v1/reservas,5.059970,200,success,
1789928309.868755,GET,GET /api/v1/reservas,5.288766,200,success,
1789928309.870052,GET,GET /api/v1/reservas,4.907959,200,success,
1789928309.883060,GET,GET /api/v1/reservas/{id},3.835704,200,success,
1789928310.059089,GET,GET /api/v1/reservas,6.533323,200,success,
1789928310.096475,GET,GET /api/v1/reservas,6.877384,200,success,
1789928310.121735,GET,GET /api/v1/reservas,6.950244,200,success,
1789928310.134691,GET,GET /api/v1/reservas,5.666318,200,success,
1789928310.140858,GET,GET /api/v1/reservas/{id},3.980113,200,success,
1789928310.169976,GET,GET /api/v1/reservas,6.781439,200,success,
1789928310.213765,GET,GET /api/v1/reservas/{id},8.574645,200,success,
1789928310.297403,GET,GET /api/v1/reservas/{id},5.276979,200,success,
1789928310.349482,GET,GET /api/v1/reservas,8.656451,200,success,
1789928310.368556,GET,GET /api/v1/reservas,12.706439,200,success,
1789928310.504013,GET,GET /api/v1/reservas,7.564906,200,success,
1789928310.504198,GET,GET /api/v1/reservas,8.304306,200,success,
1789928310.508166,GET,GET /api/v1/reservas,4.540632,200,success,
1789928310.516887,GET,GET /api/v1/reservas/{id},3.242095,200,success,
1789928310.517738,GET,GET /api/v1/reservas,4.352627,200,success,
1789928310.567426,GET,GET /api/v1/reservas,5.795684,200,success,
1789928310.569286,GET,GET /api/v1/reservas/{id},3.138417,200,success,
1789928310.603511,GET,GET /api/v1/reservas,5.909917,200,success,
1789928310.604614,GET,GET /api/v1/reservas/{id},4.212384,200,success,
1789928310.605026,GET,GET /api/v1/reservas,4.856210,200,success,
1789928310.646844,GET,GET /api/v1/reservas/{id},3.643442,200,success,
1789928310.659858,GET,GET /api/v1/reservas,4.792784,200,success,
1789928310.673569,GET,GET /api/v1/reservas,4.488393,200,success,
1789928310.764009,GET,GET /api/v1/reservas,6.052664,200,success,
1789928310.782043,GET,GET /api/v1/reservas,4.719332,200,success,
1789928310.862112,GET,GET /api/v1/reservas/{id},4.818222,200,success,
1789928310.941152,GET,GET /api/v1/reservas,5.688922,200,success,
1789928311.004853,GET,GET /api/v1/reservas,6.918307,200,success,
1789928311.005217,GET,GET /api/v1/reservas,7.754994,200,success,
1789928311.005349,GET,GET /api/v1/reservas,6.707826,200,success,
1789928311.051752,GET,GET /api/v1/reservas,5.137417,200,success,
1789928311.065384,GET,GET /api/v1/reservas,4.353018,200,success,
1789928311.152431,GET,GET /api/v1/reservas/{id},4.778151,200,success,
1789928311.272788,GET,GET /api/v1/reservas,5.924839,200,success,
1789928311.358244,GET,GET /api/v1/reservas,6.105774,200,success,
1789928311.401741,GET,GET /api/v1/reservas/{id},4.290042,200,success,
1789928311.404496,GET,GET /api/v1/reservas,4.276942,200,success,
1789928311.408728,GET,GET /api/v1/reservas,4.072183,200,success,
1789928311.552275,GET,GET /api/v1/reservas/{id},4.838084,200,success,
1789928311.605102,GET,GET /api/v1/reservas,5.478213,200,success,
1789928311.631299,GET,GET /api/v1/reservas/{id},3.989586,200,success,
1789928311.661227,GET,GET /api/v1/reservas/{id},3.729372,200,success,
1789928311.737316,GET,GET /api/v1/reservas/{id},4.131001,200,success,
1789928311.737741,GET,GET /api/v1/reservas,6.234259,200,success,
1789928311.786093,GET,GET /api/v1/reservas,6.030890,200,success,
1789928311.823190,GET,GET /api/v1/reservas,7.764709,200,success,
1789928311.862671,GET,GET /api/v1/reservas/{id},4.273417,200,success,
1789928311.974126,GET,GET /api/v1/reservas,6.052624,200,success,
1789928312.011652,GET,GET /api/v1/reservas,5.228695,200,success,
1789928312.072153,GET,GET /api/v1/reservas,6.188580,200,success,
1789928312.096302,GET,GET /api/v1/reservas,4.878123,200,success,
1789928312.116837,GET,GET /api/v1/reservas/{id},4.296032,200,success,
1789928312.141841,GET,GET /api/v1/reservas,6.671171,200,success,
1789928312.142477,GET,GET /api/v1/reservas,6.708328,200,success,
1789928312.145783,GET,GET /api/v1/reservas/{id},4.811823,200,success,
1789928312.249011,GET,GET /api/v1/reservas,7.807664,200,success,
1789928312.254401,GET,GET /api/v1/reservas/{id},4.180907,200,success,
1789928312.311318,GET,GET /api/v1/reservas/{id},11.045080,200,success,
1789928312.313465,GET,GET /api/v1/reservas,13.666163,200,success,
1789928312.316399,GET,GET /api/v1/reservas,5.824058,200,success,
1789928312.382745,GET,GET /api/v1/reservas,8.897776,200,success,
1789928312.413732,GET,GET /api/v1/reservas/{id},5.727151,200,success,
1789928312.445588,GET,GET /api/v1/reservas,6.460331,200,success,
1789928312.455826,GET,GET /api/v1/reservas,4.965256,200,success,
1789928312.461423,GET,GET /api/v1/reservas,4.353569,200,success,
1789928312.545609,GET,GET /api/v1/reservas,7.112480,200,success,
1789928312.565731,GET,GET /api/v1/reservas,5.804508,200,success,
1789928312.575704,GET,GET /api/v1/reservas,7.708704,200,success,
1789928312.578890,GET,GET /api/v1/reservas/{id},4.083098,200,success,
1789928312.598629,GET,GET /api/v1/reservas,5.428328,200,success,
1789928312.690425,GET,GET /api/v1/reservas,7.391272,200,success,
1789928312.691762,GET,GET /api/v1/reservas,7.887204,200,success,
1789928312.704274,GET,GET /api/v1/reservas,6.212336,200,success,
1789928312.730926,GET,GET /api/v1/reservas,7.287785,200,success,
1789928312.825933,GET,GET /api/v1/reservas,12.599306,200,success,
1789928312.826858,GET,GET /api/v1/reservas/{id},9.689786,200,success,
1789928312.900634,GET,GET /api/v1/reservas,6.421412,200,success,
1789928312.914440,GET,GET /api/v1/reservas,4.537247,200,success,
1789928313.021637,GET,GET /api/v1/reservas,6.812265,200,success,
1789928313.087806,GET,GET /api/v1/reservas,5.791528,200,success,
1789928313.117320,GET,GET /api/v1/reservas,6.187638,200,success,
1789928313.148941,GET,GET /api/v1/reservas,6.283193,200,success,
1789928313.222953,GET,GET /api/v1/reservas,6.611981,200,success,
1789928313.234788,GET,GET /api/v1/reservas/{id},3.622361,200,success,
1789928313.271102,GET,GET /api/v1/reservas/{id},4.104231,200,success,
1789928313.274356,GET,GET /api/v1/reservas,4.574884,200,success,
1789928313.293292,GET,GET /api/v1/reservas,4.683058,200,success,
1789928313.318190,GET,GET /api/v1/reservas/{id},3.722031,200,success,
1789928313.357619,GET,GET /api/v1/reservas,5.155242,200,success,
1789928313.445705,GET,GET /api/v1/reservas,5.750926,200,success,
1789928313.457664,GET,GET /api/v1/reservas,4.708877,200,success,
1789928313.479108,GET,GET /api/v1/reservas,5.153671,200,success,
1789928313.492681,GET,GET /api/v1/reservas/{id},3.403799,200,success,
1789928313.559162,GET,GET /api/v1/reservas,5.952863,200,success,
1789928313.581598,GET,GET /api/v1/reservas/{id},11.199144,200,success,
1789928313.690389,GET,GET /api/v1/reservas,6.226036,200,success,
1789928313.811055,GET,GET /api/v1/reservas,6.211314,200,success,
1789928313.845588,GET,GET /api/v1/reservas,6.185996,200,success,
1789928313.858526,GET,GET /api/v1/reservas,4.648345,200,success,
1789928313.892495,GET,GET /api/v1/reservas/{id},15.729281,200,success,
1789928313.929940,GET,GET /api/v1/reservas/{id},4.208318,200,success,
1789928313.994633,GET,GET /api/v1/reservas,6.391607,200,success,
1789928314.000509,GET,GET /api/v1/reservas,4.595385,200,success,
1789928314.025478,GET,GET /api/v1/reservas/{id},3.777606,200,success,
1789928314.069165,GET,GET /api/v1/reservas,5.351531,200,success,
1789928314.137885,GET,GET /api/v1/reservas/{id},4.471437,200,success,
1789928314.219529,GET,GET /api/v1/reservas,6.276433,200,success,
1789928314.240008,GET,GET /api/v1/reservas,5.176376,200,success,
1789928314.271513,GET,GET /api/v1/reservas,5.189816,200,success,
1789928314.276284,GET,GET /api/v1/reservas,4.559200,200,success,
1789928314.314807,GET,GET /api/v1/reservas,5.200962,200,success,
1789928314.318811,GET,GET /api/v1/reservas,5.056904,200,success,
1789928314.356013,GET,GET /api/v1/reservas/{id},3.997379,200,success,
1789928314.426018,GET,GET /api/v1/reservas/{id},4.740575,200,success,
1789928314.427481,GET,GET /api/v1/reservas/{id},3.485042,200,success,
1789928314.490508,GET,GET /api/v1/reservas,5.691987,200,success,
1789928314.530994,GET,GET /api/v1/reservas,5.167422,200,success,
1789928314.543729,GET,GET /api/v1/reservas,4.486901,200,success,
1789928314.566598,GET,GET /api/v1/reservas,4.602927,200,success,
1789928314.587175,GET,GET /api/v1/reservas,4.332346,200,success,
1789928314.668968,GET,GET /api/v1/reservas/{id},4.548935,200,success,
1789928314.676646,GET,GET /api/v1/reservas,4.388702,200,success,
1789928314.746001,GET,GET /api/v1/reservas,7.987436,200,success,
1789928314.760286,GET,GET /api/v1/reservas,5.981436,200,success,
1789928314.778092,GET,GET /api/v1/reservas,5.498925,200,success,
1789928314.808001,GET,GET /api/v1/reservas/{id},4.690149,200,success,
1789928314.854770,GET,GET /api/v1/reservas,8.399451,200,success,
1789928314.970919,GET,GET /api/v1/reservas/{id},5.831569,200,success,
1789928315.067387,GET,GET /api/v1/reservas,6.163722,200,success,
1789928315.073035,GET,GET /api/v1/reservas,4.349012,200,success,
1789928315.219664,GET,GET /api/v1/reservas,6.217002,200,success,
1789928315.261450,GET,GET /api/v1/reservas,5.502771,200,success,
1789928315.268266,GET,GET /api/v1/reservas/{id},3.638495,200,success,
1789928315.351804,GET,GET /api/v1/reservas,6.148649,200,success,
1789928315.430046,GET,GET /api/v1/reservas,5.869546,200,success,
1789928315.433450,GET,GET /api/v1/reservas/{id},3.279360,200,success,
1789928315.457457,GET,GET /api/v1/reservas/{id},3.827080,200,success,
1789928315.493813,GET,GET /api/v1/reservas,5.067601,200,success,
1789928315.570107,GET,GET /api/v1/reservas,6.490238,200,success,
1789928315.570529,GET,GET /api/v1/reservas,7.381508,200,success,
1789928315.600496,GET,GET /api/v1/reservas,5.656973,200,success,
1789928315.627180,GET,GET /api/v1/reservas,5.388207,200,success,
1789928315.643058,GET,GET /api/v1/reservas,5.590052,200,success,
1789928315.653958,GET,GET /api/v1/reservas,7.646269,200,success,
1789928315.691885,GET,GET /api/v1/reservas,5.624985,200,success,
1789928315.695180,GET,GET /api/v1/reservas/{id},3.194622,200,success,
1789928315.731161,GET,GET /api/v1/reservas/{id},3.789163,200,success,
1789928315.750663,GET,GET /api/v1/reservas,5.213432,200,success,
1789928315.823024,GET,GET /api/v1/reservas/{id},8.076721,200,success,
1789928315.833743,GET,GET /api/v1/reservas,7.294856,200,success,
1789928315.887403,GET,GET /api/v1/reservas,10.250006,200,success,
1789928315.896395,GET,GET /api/v1/reservas/{id},8.842663,200,success,
1789928315.978246,GET,GET /api/v1/reservas,9.980968,200,success,
1789928316.080579,GET,GET /api/v1/reservas,6.956173,200,success,
1789928316.111172,GET,GET /api/v1/reservas/{id},4.364304,200,success,
1789928316.128652,GET,GET /api/v1/reservas/{id},3.300604,200,success,
1789928316.156664,GET,GET /api/v1/reservas,4.756079,200,success,
1789928316.174506,GET,GET /api/v1/reservas,4.598840,200,success,
1789928316.190111,GET,GET /api/v1/reservas/{id},3.432052,200,success,
1789928316.253800,GET,GET /api/v1/reservas/{id},4.499219,200,success,
1789928316.292122,GET,GET /api/v1/reservas,5.057344,200,success,
1789928316.339661,GET,GET /api/v1/reservas,7.206984,200,success,
1789928316.376103,GET,GET /api/v1/reservas,5.134563,200,success,
1789928316.388868,GET,GET /api/v1/reservas,4.507571,200,success,
1789928316.558105,GET,GET /api/v1/reservas/{id},4.856912,200,success,
1789928316.569995,GET,GET /api/v1/reservas,4.609165,200,success,
1789928316.610098,GET,GET /api/v1/reservas,4.838553,200,success,
1789928316.654370,GET,GET /api/v1/reservas,4.994800,200,success,
1789928316.688320,GET,GET /api/v1/reservas/{id},3.760279,200,success,
1789928316.695895,GET,GET /api/v1/reservas,4.341300,200,success,
1789928316.706311,GET,GET /api/v1/reservas,4.187187,200,success,
1789928316.720722,GET,GET /api/v1/reservas/{id},3.236665,200,success,
1789928316.727843,GET,GET /api/v1/reservas/{id},2.961999,200,success,
1789928316.760085,GET,GET /api/v1/reservas,4.595925,200,success,
1789928316.760382,GET,GET /api/v1/reservas/{id},5.349047,200,success,
1789928316.779899,GET,GET /api/v1/reservas,4.297483,200,success,
1789928316.831834,GET,GET /api/v1/reservas,5.611395,200,success,
1789928316.833978,GET,GET /api/v1/reservas,4.651360,200,success,
1789928316.844810,GET,GET /api/v1/reservas,4.582255,200,success,
1789928316.868309,GET,GET /api/v1/reservas,5.263287,200,success,
1789928316.919719,GET,GET /api/v1/reservas/{id},4.198022,200,success,
1789928316.965142,GET,GET /api/v1/reservas,5.139160,200,success,
1789928317.079445,GET,GET /api/v1/reservas/{id},4.979757,200,success,
1789928317.123458,GET,GET /api/v1/reservas,5.656444,200,success,
1789928317.213628,GET,GET /api/v1/reservas,6.818105,200,success,
1789928317.236855,GET,GET /api/v1/reservas/{id},4.027985,200,success,
1789928317.270616,GET,GET /api/v1/reservas,5.448889,200,success,
1789928317.302883,GET,GET /api/v1/reservas,5.007620,200,success,
1789928317.405342,GET,GET /api/v1/reservas,6.097221,200,success,
1789928317.438092,GET,GET /api/v1/reservas,4.835488,200,success,
1789928317.438485,GET,GET /api/v1/reservas,5.899161,200,success,
1789928317.479700,GET,GET /api/v1/reservas,4.975332,200,success,
1789928317.501212,GET,GET /api/v1/reservas,5.223106,200,success,
1789928317.598866,GET,GET /api/v1/reservas/{id},5.353565,200,success,
1789928317.640245,GET,GET /api/v1/reservas/{id},4.179816,200,success,
1789928317.693636,GET,GET /api/v1/reservas,6.061187,200,success,
1789928317.697882,GET,GET /api/v1/reservas,4.938545,200,success,
1789928317.734319,GET,GET /api/v1/reservas,5.119500,200,success,
1789928317.742995,GET,GET /api/v1/reservas,4.394230,200,success,
1789928317.883279,GET,GET /api/v1/reservas,6.843972,200,success,
1789928317.901719,GET,GET /api/v1/reservas/{id},4.228849,200,success,
1789928317.951795,GET,GET /api/v1/reservas,6.744502,200,success,
1789928317.952175,GET,GET /api/v1/reservas/{id},3.514787,200,success,
1789928317.989434,GET,GET /api/v1/reservas,5.005517,200,success,
1789928318.008353,GET,GET /api/v1/reservas,4.650879,200,success,
1789928318.030183,GET,GET /api/v1/reservas/{id},3.620867,200,success,
1789928318.128265,GET,GET /api/v1/reservas,8.648758,200,success,
1789928318.144323,GET,GET /api/v1/reservas,6.696750,200,success,
1789928318.286635,GET,GET /api/v1/reservas,5.845149,200,success,
1789928318.323581,GET,GET /api/v1/reservas,6.664842,200,success,
1789928318.373165,GET,GET /api/v1/reservas/{id},4.371415,200,success,
1789928318.379892,GET,GET /api/v1/reservas,4.448603,200,success,
1789928318.445534,GET,GET /api/v1/reservas/{id},4.407680,200,success,
1789928318.470019,GET,GET /api/v1/reservas,5.178519,200,success,
1789928318.474081,GET,GET /api/v1/reservas,4.713464,200,success,
1789928318.480330,GET,GET /api/v1/reservas,4.031751,200,success,
1789928318.525588,GET,GET /api/v1/reservas/{id},4.068506,200,success,
1789928318.538100,GET,GET /api/v1/reservas/{id},3.372322,200,success,
1789928318.541179,GET,GET /api/v1/reservas,4.788909,200,success,
1789928318.608704,GET,GET /api/v1/reservas,5.563863,200,success,
1789928318.617654,GET,GET /api/v1/reservas,4.661865,200,success,
1789928318.627389,GET,GET /api/v1/reservas,4.479089,200,success,
1789928318.669325,GET,GET /api/v1/reservas,5.608241,200,success,
1789928318.688591,GET,GET /api/v1/reservas/{id},4.064660,200,success,
1789928318.701157,GET,GET /api/v1/reservas/{id},3.397730,200,success,
1789928318.745625,GET,GET /api/v1/reservas,5.218279,200,success,
1789928318.780829,GET,GET /api/v1/reservas,4.925476,200,success,
1789928318.870308,GET,GET /api/v1/reservas,6.113916,200,success,
1789928318.892467,GET,GET /api/v1/reservas,4.870462,200,success,
1789928318.954709,GET,GET /api/v1/reservas,5.902727,200,success,
1789928318.956115,GET,GET /api/v1/reservas,4.551669,200,success,
1789928319.021183,GET,GET /api/v1/reservas/{id},4.836490,200,success,
1789928319.035913,GET,GET /api/v1/reservas,5.379754,200,success,
1789928319.051423,GET,GET /api/v1/reservas/{id},5.306783,200,success,
1789928319.063464,GET,GET /api/v1/reservas,6.698012,200,success,
1789928319.083534,GET,GET /api/v1/reservas,5.774221,200,success,
1789928319.188798,GET,GET /api/v1/reservas,6.893319,200,success,
1789928319.202521,GET,GET /api/v1/reservas/{id},3.544232,200,success,
1789928319.225690,GET,GET /api/v1/reservas,4.888210,200,success,
1789928319.235452,GET,GET /api/v1/reservas,4.471658,200,success,
1789928319.329678,GET,GET /api/v1/reservas/{id},4.956774,200,success,
1789928319.384506,GET,GET /api/v1/reservas/{id},4.607102,200,success,
1789928319.495786,GET,GET /api/v1/reservas,5.898199,200,success,
1789928319.521722,GET,GET /api/v1/reservas,5.273684,200,success,
1789928319.527159,GET,GET /api/v1/reservas,4.214678,200,success,
1789928319.587720,GET,GET /api/v1/reservas,5.664605,200,success,
1789928319.637139,GET,GET /api/v1/reservas/{id},4.199926,200,success,
1789928319.772580,GET,GET /api/v1/reservas,6.047286,200,success,
1789928319.798254,GET,GET /api/v1/reservas,5.298441,200,success,
1789928319.801544,GET,GET /api/v1/reservas,4.933848,200,success,
1789928319.834582,GET,GET /api/v1/reservas/{id},4.835379,200,success,
1789928319.896457,GET,GET /api/v1/reservas,6.582327,200,success,
1789928319.952938,GET,GET /api/v1/reservas,7.180833,200,success,
1789928319.997179,GET,GET /api/v1/reservas,7.869358,200,success,
1789928320.072557,GET,GET /api/v1/reservas,7.013560,200,success,
1789928320.099940,GET,GET /api/v1/reservas/{id},5.121552,200,success,
1789928320.171800,GET,GET /api/v1/reservas/{id},4.584709,200,success,
1789928320.182350,GET,GET /api/v1/reservas/{id},3.384770,200,success,
1789928320.228404,GET,GET /api/v1/reservas,5.733119,200,success,
1789928320.229951,GET,GET /api/v1/reservas/{id},3.695611,200,success,
1789928320.263184,GET,GET /api/v1/reservas,4.958817,200,success,
1789928320.285271,GET,GET /api/v1/reservas,4.800185,200,success,
1789928320.306578,GET,GET /api/v1/reservas,5.047470,200,success,
1789928320.368387,GET,GET /api/v1/reservas,9.455471,200,success,
1789928320.408626,GET,GET /api/v1/reservas/{id},5.227013,200,success,
1789928320.419523,GET,GET /api/v1/reservas/{id},4.689076,200,success,
1789928320.449686,GET,GET /api/v1/reservas,6.842802,200,success,
1789928320.468048,GET,GET /api/v1/reservas,6.032043,200,success,
1789928320.511537,GET,GET /api/v1/reservas/{id},5.264819,200,success,
1789928320.655166,GET,GET /api/v1/reservas,9.453759,200,success,
1789928320.740477,GET,GET /api/v1/reservas/{id},5.994505,200,success,
1789928320.780500,GET,GET /api/v1/reservas,5.688422,200,success,
1789928320.798733,GET,GET /api/v1/reservas,5.962085,200,success,
1789928320.802034,GET,GET /api/v1/reservas/{id},4.559050,200,success,
1789928320.915019,GET,GET /api/v1/reservas/{id},4.684901,200,success,
1789928320.960531,GET,GET /api/v1/reservas,5.207753,200,success,
1789928321.028267,GET,GET /api/v1/reservas/{id},4.513480,200,success,
1789928321.049747,GET,GET /api/v1/reservas,5.185760,200,success,
1789928321.079294,GET,GET /api/v1/reservas,5.300454,200,success,
1789928321.080305,GET,GET /api/v1/reservas,4.668246,200,success,
1789928321.157295,GET,GET /api/v1/reservas,5.645307,200,success,
1789928321.216913,GET,GET /api/v1/reservas,7.260114,200,success,
1789928321.217882,GET,GET /api/v1/reservas,5.429930,200,success,
1789928321.238142,GET,GET /api/v1/reservas,4.972226,200,success,
1789928321.274446,GET,GET /api/v1/reservas,5.998401,200,success,
1789928321.275357,GET,GET /api/v1/reservas,4.203090,200,success,
1789928321.278309,GET,GET /api/v1/reservas,4.554423,200,success,
1789928321.287105,GET,GET /api/v1/reservas,4.530256,200,success,
1789928321.311131,GET,GET /api/v1/reservas/{id},3.838538,200,success,
1789928321.313563,GET,GET /api/v1/reservas,4.573462,200,success,
1789928321.332014,GET,GET /api/v1/reservas/{id},3.279170,200,success,
1789928321.356826,GET,GET /api/v1/reservas,4.565550,200,success,
1789928321.427794,GET,GET /api/v1/reservas,5.627098,200,success,
1789928321.531146,GET,GET /api/v1/reservas/{id},5.145738,200,success,
1789928321.625619,GET,GET /api/v1/reservas,6.458539,200,success,
1789928321.626047,GET,GET /api/v1/reservas,6.473771,200,success,
1789928321.690607,GET,GET /api/v1/reservas/{id},4.355162,200,success,
1789928321.717853,GET,GET /api/v1/reservas,4.968641,200,success,
1789928321.773267,GET,GET /api/v1/reservas/{id},4.194678,200,success,
1789928321.780847,GET,GET /api/v1/reservas,4.336833,200,success,
1789928321.818846,GET,GET /api/v1/reservas,5.700129,200,success,
1789928321.867346,GET,GET /api/v1/reservas,5.214534,200,success,
1789928321.921858,GET,GET /api/v1/reservas,5.247653,200,success,
1789928321.936610,GET,GET /api/v1/reservas,4.463685,200,success,
1789928321.953218,GET,GET /api/v1/reservas,4.350874,200,success,
1789928321.960631,GET,GET /api/v1/reservas,5.148413,200,success,
1789928322.097369,GET,GET /api/v1/reservas,9.332214,200,success,
1789928322.125636,GET,GET /api/v1/reservas/{id},4.047965,200,success,
1789928322.264715,GET,GET /api/v1/reservas/{id},4.742458,200,success,
1789928322.358895,GET,GET /api/v1/reservas/{id},4.901489,200,success,
1789928322.364596,GET,GET /api/v1/reservas,4.411968,200,success,
1789928322.462666,GET,GET /api/v1/reservas/{id},5.786831,200,success,
1789928322.465607,GET,GET /api/v1/reservas/{id},4.809549,200,success,
1789928322.474518,GET,GET /api/v1/reservas,5.628101,200,success,
1789928322.499176,GET,GET /api/v1/reservas,6.336124,200,success,
1789928322.525178,GET,GET /api/v1/reservas/{id},4.777922,200,success,
1789928322.531740,GET,GET /api/v1/reservas,5.266142,200,success,
1789928322.539916,GET,GET /api/v1/reservas,5.811309,200,success,
1789928322.550035,GET,GET /api/v1/reservas,5.843887,200,success,
1789928322.550403,GET,GET /api/v1/reservas,5.923748,200,success,
1789928322.589167,GET,GET /api/v1/reservas,5.876978,200,success,
1789928322.616464,GET,GET /api/v1/reservas,6.967941,200,success,
1789928322.792714,GET,GET /api/v1/reservas/{id},6.908771,200,success,
1789928322.850875,GET,GET /api/v1/reservas/{id},5.726790,200,success,
1789928322.942750,GET,GET /api/v1/reservas/{id},7.594821,200,success,
1789928323.007116,GET,GET /api/v1/reservas/{id},6.049178,200,success,
1789928323.050418,GET,GET /api/v1/reservas/{id},8.763181,200,success,
1789928323.088055,GET,GET /api/v1/reservas,7.253083,200,success,
1789928323.116089,GET,GET /api/v1/reservas/{id},4.809830,200,success,
1789928323.221281,GET,GET /api/v1/reservas,6.784653,200,success,
1789928323.237281,GET,GET /api/v1/reservas,4.696779,200,success,
1789928323.240513,GET,GET /api/v1/reservas,4.315061,200,success,
1789928323.260879,GET,GET /api/v1/reservas,5.121782,200,success,
1789928323.324664,GET,GET /api/v1/reservas,6.454493,200,success,
1789928323.333215,GET,GET /api/v1/reservas,4.285375,200,success,
1789928323.516418,GET,GET /api/v1/reservas/{id},4.872485,200,success,
1789928323.521480,GET,GET /api/v1/reservas,4.819634,200,success,
1789928323.547916,GET,GET /api/v1/reservas,19.860451,200,success,
1789928323.548398,GET,GET /api/v1/reservas,9.733432,200,success,
1789928323.558742,GET,GET /api/v1/reservas,4.535355,200,success,
1789928323.562224,GET,GET /api/v1/reservas,4.352567,200,success,
1789928323.623280,GET,GET /api/v1/reservas/{id},4.788698,200,success,
1789928323.640288,GET,GET /api/v1/reservas,4.728708,200,success,
1789928323.646638,GET,GET /api/v1/reservas,4.102698,200,success,
1789928323.663144,GET,GET /api/v1/reservas,4.267859,200,success,
1789928323.686514,GET,GET /api/v1/reservas,4.784632,200,success,
1789928323.686950,GET,GET /api/v1/reservas,5.561780,200,success,
1789928323.757844,GET,GET /api/v1/reservas,5.544643,200,success,
1789928323.949221,GET,GET /api/v1/reservas/{id},4.982712,200,success,
1789928323.964201,GET,GET /api/v1/reservas,4.718512,200,success,
1789928324.023287,GET,GET /api/v1/reservas,5.135173,200,success,
1789928324.023729,GET,GET /api/v1/reservas,6.253317,200,success,
1789928324.078073,GET,GET /api/v1/reservas,6.037501,200,success,
1789928324.126519,GET,GET /api/v1/reservas,5.117065,200,success,
1789928324.161124,GET,GET /api/v1/reservas,5.349329,200,success,
1789928324.218397,GET,GET /api/v1/reservas,6.970686,200,success,
1789928324.284428,GET,GET /api/v1/reservas,5.697245,200,success,
1789928324.289142,GET,GET /api/v1/reservas,4.482604,200,success,
1789928324.312752,GET,GET /api/v1/reservas,8.291437,200,success,
1789928324.350069,GET,GET /api/v1/reservas/{id},4.110961,200,success,
1789928324.356480,GET,GET /api/v1/reservas/{id},3.232018,200,success,
1789928324.475608,GET,GET /api/v1/reservas/{id},4.830963,200,success,
1789928324.495932,GET,GET /api/v1/reservas,5.068442,200,success,
1789928324.499240,GET,GET /api/v1/reservas/{id},3.960793,200,success,
1789928324.525023,GET,GET /api/v1/reservas,4.522454,200,success,
1789928324.705904,GET,GET /api/v1/reservas,6.835850,200,success,
1789928324.708801,GET,GET /api/v1/reservas/{id},4.058742,200,success,
1789928324.713544,GET,GET /api/v1/reservas,5.365972,200,success,
1789928324.745848,GET,GET /api/v1/reservas,5.051957,200,success,
1789928324.858061,GET,GET /api/v1/reservas/{id},5.434807,200,success,
1789928324.859186,GET,GET /api/v1/reservas,6.996944,200,success,
1789928324.886976,GET,GET /api/v1/reservas,4.532569,200,success,
1789928324.892058,GET,GET /api/v1/reservas,3.825358,200,success,
1789928324.904681,GET,GET /api/v1/reservas/{id},3.449057,200,success,
1789928324.921432,GET,GET /api/v1/reservas/{id},6.545071,200,success,
1789928325.019945,GET,GET /api/v1/reservas,9.117620,200,success,
1789928325.069827,GET,GET /api/v1/reservas/{id},5.554639,200,success,
1789928325.139476,GET,GET /api/v1/reservas,9.158542,200,success,
1789928325.169500,GET,GET /api/v1/reservas,6.682268,200,success,
1789928325.234735,GET,GET /api/v1/reservas,8.824084,200,success,
1789928325.243934,GET,GET /api/v1/reservas,6.901019,200,success,
1789928325.249357,GET,GET /api/v1/reservas,5.169165,200,success,
1789928325.270639,GET,GET /api/v1/reservas,5.983298,200,success,
1789928325.281560,GET,GET /api/v1/reservas,4.679442,200,success,
1789928325.283607,GET,GET /api/v1/reservas,4.116619,200,success,
1789928325.315090,GET,GET /api/v1/reservas,6.199475,200,success,
1789928325.328472,GET,GET /api/v1/reservas,5.070846,200,success,
1789928325.345922,GET,GET /api/v1/reservas,5.154271,200,success,
1789928325.357718,GET,GET /api/v1/reservas,5.528940,200,success,
1789928325.378918,GET,GET /api/v1/reservas,4.924694,200,success,
1789928325.384305,GET,GET /api/v1/reservas,4.180826,200,success,
1789928325.440653,GET,GET /api/v1/reservas/{id},4.147397,200,success,
1789928325.467870,GET,GET /api/v1/reservas,4.955181,200,success,
1789928325.564041,GET,GET /api/v1/reservas,5.803986,200,success,
1789928325.676646,GET,GET /api/v1/reservas,6.201670,200,success,
1789928325.684308,GET,GET /api/v1/reservas,5.370570,200,success,
1789928325.690762,GET,GET /api/v1/reservas,4.211955,200,success,
1789928325.844231,GET,GET /api/v1/reservas,6.041307,200,success,
1789928325.885898,GET,GET /api/v1/reservas,5.367194,200,success,
1789928325.951506,GET,GET /api/v1/reservas,6.283664,200,success,
1789928325.990445,GET,GET /api/v1/reservas,6.569196,200,success,
1789928326.046606,GET,GET /api/v1/reservas,5.879492,200,success,
1789928326.085609,GET,GET /api/v1/reservas,5.676644,200,success,
1789928326.100617,GET,GET /api/v1/reservas,5.718107,200,success,
1789928326.214660,GET,GET /api/v1/reservas,6.627594,200,success,
1789928326.246430,GET,GET /api/v1/reservas,7.601181,200,success,
1789928326.246963,GET,GET /api/v1/reservas,9.976301,200,success,
1789928326.292693,GET,GET /api/v1/reservas/{id},8.446823,200,success,
1789928326.294309,GET,GET /api/v1/reservas,9.110689,200,success,
1789928326.316656,GET,GET /api/v1/reservas,7.962938,200,success,
1789928326.336898,GET,GET /api/v1/reservas/{id},5.976418,200,success,
1789928326.390355,GET,GET /api/v1/reservas,7.029874,200,success,
1789928326.396751,GET,GET /api/v1/reservas/{id},4.156870,200,success,
1789928326.442502,GET,GET /api/v1/reservas,6.449827,200,success,
1789928326.459018,GET,GET /api/v1/reservas,5.215585,200,success,
1789928326.486608,GET,GET /api/v1/reservas/{id},4.391756,200,success,
1789928326.559114,GET,GET /api/v1/reservas,5.796596,200,success,
1789928326.572733,GET,GET /api/v1/reservas,4.397045,200,success,
1789928326.578367,GET,GET /api/v1/reservas,4.431256,200,success,
1789928326.617657,GET,GET /api/v1/reservas,5.022131,200,success,
1789928326.636041,GET,GET /api/v1/reservas,5.116274,200,success,
1789928326.680141,GET,GET /api/v1/reservas,4.830241,200,success,
1789928326.695929,GET,GET /api/v1/reservas,4.505449,200,success,
1789928326.711473,GET,GET /api/v1/reservas,4.312587,200,success,
1789928326.737472,GET,GET /api/v1/reservas,4.737630,200,success,
1789928326.755226,GET,GET /api/v1/reservas,4.485419,200,success,
1789928326.761335,GET,GET /api/v1/reservas,4.890312,200,success,
1789928326.875738,GET,GET /api/v1/reservas/{id},5.111146,200,success,
1789928326.920690,GET,GET /api/v1/reservas,5.634810,200,success,
1789928326.979371,GET,GET /api/v1/reservas,5.399534,200,success,
1789928327.015636,GET,GET /api/v1/reservas,4.971656,200,success,
1789928327.125121,GET,GET /api/v1/reservas,6.135630,200,success,
1789928327.130692,GET,GET /api/v1/reservas,4.323252,200,success,
1789928327.140233,GET,GET /api/v1/reservas,5.289627,200,success,
1789928327.140617,GET,GET /api/v1/reservas,5.423509,200,success,
1789928327.219038,GET,GET /api/v1/reservas,9.056427,200,success,
1789928327.231175,GET,GET /api/v1/reservas,6.778083,200,success,
1789928327.277672,GET,GET /api/v1/reservas/{id},5.237629,200,success,
1789928327.351115,GET,GET /api/v1/reservas,8.945639,200,success,
1789928327.379245,GET,GET /api/v1/reservas,9.775886,200,success,
1789928327.386035,GET,GET /api/v1/reservas,5.476951,200,success,
1789928327.456598,GET,GET /api/v1/reservas,7.159562,200,success,
1789928327.483796,GET,GET /api/v1/reservas/{id},4.950072,200,success,
1789928327.488180,GET,GET /api/v1/reservas,5.283627,200,success,
1789928327.488542,GET,GET /api/v1/reservas/{id},3.569591,200,success,
1789928327.510679,GET,GET /api/v1/reservas,5.877830,200,success,
1789928327.541673,GET,GET /api/v1/reservas/{id},9.263990,200,success,
1789928327.692584,GET,GET /api/v1/reservas/{id},5.950669,200,success,
1789928327.767555,GET,GET /api/v1/reservas,6.608816,200,success,
1789928327.802731,GET,GET /api/v1/reservas/{id},3.985721,200,success,
1789928327.819316,GET,GET /api/v1/reservas,5.332112,200,success,
1789928327.839097,GET,GET /api/v1/reservas/{id},3.583832,200,success,
1789928327.845528,GET,GET /api/v1/reservas,4.187867,200,success,
1789928327.880487,GET,GET /api/v1/reservas,5.680360,200,success,
1789928327.880791,GET,GET /api/v1/reservas/{id},3.455727,200,success,
1789928327.955729,GET,GET /api/v1/reservas,5.616051,200,success,
1789928327.987622,GET,GET /api/v1/reservas/{id},3.705867,200,success,
1789928328.013564,GET,GET /api/v1/reservas,4.687594,200,success,
1789928328.048630,GET,GET /api/v1/reservas/{id},3.862525,200,success,
1789928328.059934,GET,GET /api/v1/reservas,5.004765,200,success,
1789928328.060324,GET,GET /api/v1/reservas,5.172811,200,success,
1789928328.227714,GET,GET /api/v1/reservas,5.985772,200,success,
1789928328.238009,GET,GET /api/v1/reservas,5.021862,200,success,
1789928328.303063,GET,GET /api/v1/reservas/{id},5.815305,200,success,
1789928328.303840,GET,GET /api/v1/reservas,4.749879,200,success,
1789928328.349480,GET,GET /api/v1/reservas,5.311540,200,success,
1789928328.356489,GET,GET /api/v1/reservas,4.753935,200,success,
1789928328.422093,GET,GET /api/v1/reservas,6.277695,200,success,
1789928328.509464,GET,GET /api/v1/reservas,5.988987,200,success,
1789928328.545603,GET,GET /api/v1/reservas,4.867037,200,success,
1789928328.622353,GET,GET /api/v1/reservas,5.822315,200,success,
1789928328.670604,GET,GET /api/v1/reservas,4.961389,200,success,
1789928328.711805,GET,GET /api/v1/reservas,4.932896,200,success,
1789928328.722165,GET,GET /api/v1/reservas/{id},3.205147,200,success,
1789928328.747926,GET,GET /api/v1/reservas/{id},3.593507,200,success,
1789928328.752161,GET,GET /api/v1/reservas,4.060013,200,success,
1789928328.785005,GET,GET /api/v1/reservas/{id},3.654399,200,success,
1789928328.815010,GET,GET /api/v1/reservas,4.729188,200,success,
1789928328.855560,GET,GET /api/v1/reservas,5.274384,200,success,
1789928328.860085,GET,GET /api/v1/reservas/{id},3.383208,200,success,
1789928328.905469,GET,GET /api/v1/reservas,5.082714,200,success,
1789928328.924666,GET,GET /api/v1/reservas,4.914379,200,success,
1789928328.987250,GET,GET /api/v1/reservas/{id},4.366459,200,success,
1789928329.000599,GET,GET /api/v1/reservas/{id},3.188842,200,success,
1789928329.037680,GET,GET /api/v1/reservas,4.806005,200,success,
1789928329.049095,GET,GET /api/v1/reservas/{id},3.238388,200,success,
1789928329.081909,GET,GET /api/v1/reservas,5.512675,200,success,
1789928329.129207,GET,GET /api/v1/reservas,6.004090,200,success,
1789928329.147153,GET,GET /api/v1/reservas/{id},4.743299,200,success,
1789928329.147540,GET,GET /api/v1/reservas/{id},4.683419,200,success,
1789928329.179895,GET,GET /api/v1/reservas,5.065107,200,success,
1789928329.402769,GET,GET /api/v1/reservas,6.466071,200,success,
1789928329.470507,GET,GET /api/v1/reservas,6.365487,200,success,
1789928329.562470,GET,GET /api/v1/reservas,6.150703,200,success,
1789928329.595347,GET,GET /api/v1/reservas,5.596241,200,success,
1789928329.609698,GET,GET /api/v1/reservas,5.026379,200,success,
1789928329.618632,GET,GET /api/v1/reservas/{id},3.746879,200,success,
1789928329.726609,GET,GET /api/v1/reservas/{id},5.689503,200,success,
1789928329.740296,GET,GET /api/v1/reservas,6.372108,200,success,
1789928329.759240,GET,GET /api/v1/reservas/{id},4.728626,200,success,
1789928329.825236,GET,GET /api/v1/reservas/{id},5.703424,200,success,
1789928329.827290,GET,GET /api/v1/reservas,5.842164,200,success,
1789928329.859483,GET,GET /api/v1/reservas,5.876097,200,success,
1789928329.888161,GET,GET /api/v1/reservas,6.379769,200,success,
1789928329.940145,GET,GET /api/v1/reservas/{id},4.740785,200,success,
1789928329.978237,GET,GET /api/v1/reservas,5.824448,200,success,
1789928329.993756,GET,GET /api/v1/reservas/{id},3.347434,200,success,
1789928330.010318,GET,GET /api/v1/reservas,5.271300,200,success,
1789928330.020443,GET,GET /api/v1/reservas/{id},3.927242,200,success,
1789928330.056806,GET,GET /api/v1/reservas,5.077355,200,success,
1789928330.181730,GET,GET /api/v1/reservas,7.465555,200,success,
1789928330.273172,GET,GET /api/v1/reservas,6.976834,200,success,
1789928330.285714,GET,GET /api/v1/reservas/{id},5.242927,200,success,
1789928330.354616,GET,GET /api/v1/reservas,9.520060,200,success,
1789928330.384093,GET,GET /api/v1/reservas,15.936113,200,success,
1789928330.428463,GET,GET /api/v1/reservas/{id},7.059209,200,success,
1789928330.472899,GET,GET /api/v1/reservas,6.102999,200,success,
1789928330.546902,GET,GET /api/v1/reservas,6.614596,200,success,
1789928330.644752,GET,GET /api/v1/reservas/{id},4.980389,200,success,
1789928330.649693,GET,GET /api/v1/reservas,4.696207,200,success,
1789928330.652887,GET,GET /api/v1/reservas/{id},4.072843,200,success,
1789928330.653780,GET,GET /api/v1/reservas,5.244749,200,success,
1789928330.679580,GET,GET /api/v1/reservas,4.554693,200,success,
1789928330.730636,GET,GET /api/v1/reservas,6.723191,200,success,
1789928330.749929,GET,GET /api/v1/reservas,5.967325,200,success,
1789928330.753728,GET,GET /api/v1/reservas,6.944566,200,success,
1789928330.880708,GET,GET /api/v1/reservas/{id},5.712237,200,success,
1789928330.899262,GET,GET /api/v1/reservas,7.165540,200,success,
1789928330.903875,GET,GET /api/v1/reservas/{id},4.442523,200,success,
1789928330.995870,GET,GET /api/v1/reservas,26.393293,200,success,
1789928330.999602,GET,GET /api/v1/reservas,11.707454,200,success,
1789928331.020252,GET,GET /api/v1/reservas,9.345304,200,success,
1789928331.027547,GET,GET /api/v1/reservas,5.935926,200,success,
1789928331.052052,GET,GET /api/v1/reservas,6.158865,200,success,
1789928331.220030,GET,GET /api/v1/reservas,6.132726,200,success,
1789928331.220392,GET,GET /api/v1/reservas,7.062594,200,success,
1789928331.234285,GET,GET /api/v1/reservas,4.653353,200,success,
1789928331.285847,GET,GET /api/v1/reservas/{id},4.353899,200,success,
1789928331.292498,GET,GET /api/v1/reservas,4.374722,200,success,
1789928331.319271,GET,GET /api/v1/reservas/{id},3.619656,200,success,
1789928331.380307,GET,GET /api/v1/reservas,5.741342,200,success,
1789928331.391778,GET,GET /api/v1/reservas,4.197702,200,success,
1789928331.424652,GET,GET /api/v1/reservas/{id},3.698947,200,success,
1789928331.432890,GET,GET /api/v1/reservas/{id},3.076333,200,success,
1789928331.440236,GET,GET /api/v1/reservas,4.124322,200,success,
1789928331.455747,GET,GET /api/v1/reservas,4.288190,200,success,
1789928331.496134,GET,GET /api/v1/reservas,5.119910,200,success,
1789928331.518945,GET,GET /api/v1/reservas,5.211329,200,success,
1789928331.533896,GET,GET /api/v1/reservas,5.282216,200,success,
1789928331.609513,GET,GET /api/v1/reservas,9.626189,200,success,
1789928331.653099,GET,GET /api/v1/reservas,5.275776,200,success,
1789928331.687341,GET,GET /api/v1/reservas,4.966037,200,success,
1789928331.764473,GET,GET /api/v1/reservas,5.802915,200,success,
1789928331.863169,GET,GET /api/v1/reservas,6.281320,200,success,
1789928331.890306,GET,GET /api/v1/reservas,5.825258,200,success,
1789928331.906159,GET,GET /api/v1/reservas/{id},3.659277,200,success,
1789928331.912099,GET,GET /api/v1/reservas,4.643518,200,success,
1789928332.010558,GET,GET /api/v1/reservas,6.062949,200,success,
1789928332.024554,GET,GET /api/v1/reservas,4.725092,200,success,
1789928332.062152,GET,GET /api/v1/reservas,5.261404,200,success,
1789928332.062501,GET,GET /api/v1/reservas,5.306854,200,success,
1789928332.069716,GET,GET /api/v1/reservas,4.015276,200,success,
1789928332.075940,GET,GET /api/v1/reservas,3.978190,200,success,
1789928332.164220,GET,GET /api/v1/reservas,5.926382,200,success,
1789928332.226834,GET,GET /api/v1/reservas,7.270039,200,success,
1789928332.254424,GET,GET /api/v1/reservas,5.257148,200,success,
1789928332.328754,GET,GET /api/v1/reservas/{id},5.135703,200,success,
1789928332.329532,GET,GET /api/v1/reservas,5.353353,200,success,
1789928332.455249,GET,GET /api/v1/reservas,6.341822,200,success,
1789928332.474570,GET,GET /api/v1/reservas,6.944655,200,success,
1789928332.479024,GET,GET /api/v1/reservas,5.328466,200,success,
1789928332.660098,GET,GET /api/v1/reservas,6.941872,200,success,
1789928332.660480,GET,GET /api/v1/reservas,6.922351,200,success,
1789928332.666883,GET,GET /api/v1/reservas,4.207628,200,success,
1789928332.684663,GET,GET /api/v1/reservas,6.513913,200,success,
1789928332.712530,GET,GET /api/v1/reservas,4.578439,200,success,
1789928332.747875,GET,GET /api/v1/reservas,6.029508,200,success,
1789928332.802236,GET,GET /api/v1/reservas,8.997376,200,success,
1789928332.815018,GET,GET /api/v1/reservas/{id},7.481339,200,success,
1789928332.858745,GET,GET /api/v1/reservas,8.373221,200,success,
1789928332.859119,GET,GET /api/v1/reservas/{id},5.929848,200,success,
1789928332.882575,GET,GET /api/v1/reservas,8.603751,200,success,
1789928332.883125,GET,GET /api/v1/reservas,15.722930,200,success,
1789928332.883790,GET,GET /api/v1/reservas/{id},11.756449,200,success,
1789928332.983710,GET,GET /api/v1/reservas/{id},5.613618,200,success,
1789928333.023202,GET,GET /api/v1/reservas,9.945514,200,success,
1789928333.041465,GET,GET /api/v1/reservas,8.781459,200,success,
1789928333.047460,GET,GET /api/v1/reservas,7.024697,200,success,
1789928333.076286,GET,GET /api/v1/reservas/{id},5.585416,200,success,
1789928333.087137,GET,GET /api/v1/reservas,8.525752,200,success,
1789928333.094672,GET,GET /api/v1/reservas,5.233713,200,success,
1789928333.104636,GET,GET /api/v1/reservas/{id},3.775182,200,success,
1789928333.143672,GET,GET /api/v1/reservas,7.669285,200,success,
1789928333.177155,GET,GET /api/v1/reservas,7.097667,200,success,
1789928333.192022,GET,GET /api/v1/reservas,11.560011,200,success,
1789928333.240207,GET,GET /api/v1/reservas,7.775635,200,success,
1789928333.347627,GET,GET /api/v1/reservas/{id},7.089285,200,success,
1789928333.365554,GET,GET /api/v1/reservas,6.586402,200,success,
1789928333.391128,GET,GET /api/v1/reservas/{id},6.325788,200,success,
1789928333.526438,GET,GET /api/v1/reservas,6.890485,200,success,
1789928333.595542,GET,GET /api/v1/reservas,5.862827,200,success,
1789928333.620329,GET,GET /api/v1/reservas,4.525670,200,success,
1789928333.686498,GET,GET /api/v1/reservas,4.875389,200,success,
1789928333.711158,GET,GET /api/v1/reservas/{id},3.478973,200,success,
1789928333.731731,GET,GET /api/v1/reservas,4.361640,200,success,
1789928333.793093,GET,GET /api/v1/reservas/{id},4.155257,200,success,
1789928333.935441,GET,GET /api/v1/reservas,5.910398,200,success,
1789928333.959120,GET,GET /api/v1/reservas,5.366484,200,success,
1789928333.994127,GET,GET /api/v1/reservas/{id},3.825438,200,success,
1789928334.006790,GET,GET /api/v1/reservas,4.438437,200,success,
1789928334.014132,GET,GET /api/v1/reservas,4.107486,200,success,
1789928334.122155,GET,GET /api/v1/reservas/{id},4.752933,200,success,
1789928334.146157,GET,GET /api/v1/reservas,5.706989,200,success,
1789928334.177795,GET,GET /api/v1/reservas,5.314154,200,success,
1789928334.199588,GET,GET /api/v1/reservas,4.545949,200,success,
1789928334.237973,GET,GET /api/v1/reservas,9.076416,200,success,
1789928334.238193,GET,GET /api/v1/reservas,6.968692,200,success,
1789928334.318096,GET,GET /api/v1/reservas,6.519011,200,success,
1789928334.332710,GET,GET /api/v1/reservas,6.276944,200,success,
1789928334.373136,GET,GET /api/v1/reservas/{id},5.188033,200,success,
1789928334.381324,GET,GET /api/v1/reservas,4.919917,200,success,
1789928334.404166,GET,GET /api/v1/reservas,4.589115,200,success,
1789928334.428973,GET,GET /api/v1/reservas,4.569606,200,success,
1789928334.434294,GET,GET /api/v1/reservas,4.089248,200,success,
1789928334.453866,GET,GET /api/v1/reservas/{id},3.405461,200,success,
1789928334.474460,GET,GET /api/v1/reservas,4.305285,200,success,
1789928334.479590,GET,GET /api/v1/reservas,3.917977,200,success,
1789928334.530779,GET,GET /api/v1/reservas,4.898185,200,success,
1789928334.547294,GET,GET /api/v1/reservas/{id},3.335346,200,success,
1789928334.573841,GET,GET /api/v1/reservas,4.612170,200,success,
1789928334.632287,GET,GET /api/v1/reservas,5.147091,200,success,
1789928334.636335,GET,GET /api/v1/reservas,3.896506,200,success,
1789928334.645594,GET,GET /api/v1/reservas,4.040855,200,success,
1789928334.669268,GET,GET /api/v1/reservas,4.441582,200,success,
1789928334.753958,GET,GET /api/v1/reservas,6.347741,200,success,
1789928334.796963,GET,GET /api/v1/reservas/{id},4.758061,200,success,
1789928334.915946,GET,GET /api/v1/reservas,6.569396,200,success,
1789928335.010800,GET,GET /api/v1/reservas,6.436275,200,success,
1789928335.033165,GET,GET /api/v1/reservas,5.035633,200,success,
1789928335.053225,GET,GET /api/v1/reservas/{id},3.866620,200,success,
1789928335.130873,GET,GET /api/v1/reservas,6.256973,200,success,
1789928335.161766,GET,GET /api/v1/reservas,5.591616,200,success,
1789928335.182573,GET,GET /api/v1/reservas,5.487737,200,success,
1789928335.208048,GET,GET /api/v1/reservas,7.137649,200,success,
1789928335.212903,GET,GET /api/v1/reservas,6.155901,200,success,
1789928335.275880,GET,GET /api/v1/reservas,6.590859,200,success,
1789928335.459878,GET,GET /api/v1/reservas,12.568079,200,success,
1789928335.501191,GET,GET /api/v1/reservas,10.912179,200,success,
1789928335.503625,GET,GET /api/v1/reservas/{id},7.531815,200,success,
1789928335.534237,GET,GET /api/v1/reservas,6.823151,200,success,
1789928335.541703,GET,GET /api/v1/reservas,7.182616,200,success,
1789928335.554560,GET,GET /api/v1/reservas/{id},6.655458,200,success,
1789928335.588448,GET,GET /api/v1/reservas,5.979102,200,success,
1789928335.649755,GET,GET /api/v1/reservas,10.931889,200,success,
1789928335.669685,GET,GET /api/v1/reservas,15.484289,200,success,
1789928335.707579,GET,GET /api/v1/reservas/{id},5.646087,200,success,
1789928335.726017,GET,GET /api/v1/reservas/{id},4.220997,200,success,
1789928335.741380,GET,GET /api/v1/reservas,6.057191,200,success,
1789928335.741743,GET,GET /api/v1/reservas,5.888535,200,success,
1789928335.782222,GET,GET /api/v1/reservas,6.205515,200,success,
1789928335.789887,GET,GET /api/v1/reservas,4.404416,200,success,
1789928335.893559,GET,GET /api/v1/reservas/{id},5.395899,200,success,
1789928335.904603,GET,GET /api/v1/reservas,5.737226,200,success,
1789928335.926293,GET,GET /api/v1/reservas/{id},4.495874,200,success,
1789928335.956389,GET,GET /api/v1/reservas,5.827843,200,success,
1789928335.970607,GET,GET /api/v1/reservas,4.921499,200,success,
1789928335.995114,GET,GET /api/v1/reservas/{id},4.312767,200,success,
1789928336.111638,GET,GET /api/v1/reservas,7.094774,200,success,
1789928336.192212,GET,GET /api/v1/reservas/{id},5.296888,200,success,
1789928336.200642,GET,GET /api/v1/reservas,5.138248,200,success,
1789928336.225883,GET,GET /api/v1/reservas,6.907860,200,success,
1789928336.325748,GET,GET /api/v1/reservas,6.460892,200,success,
1789928336.352851,GET,GET /api/v1/reservas/{id},3.938750,200,success,
1789928336.435126,GET,GET /api/v1/reservas/{id},5.997359,200,success,
1789928336.435706,GET,GET /api/v1/reservas/{id},6.048528,200,success,
1789928336.456967,GET,GET /api/v1/reservas,5.966703,200,success,
1789928336.548947,GET,GET /api/v1/reservas/{id},5.294995,200,success,
1789928336.649698,GET,GET /api/v1/reservas/{id},6.407721,200,success,
1789928336.681263,GET,GET /api/v1/reservas,8.230955,200,success,
1789928336.686976,GET,GET /api/v1/reservas,6.580334,200,success,
1789928336.712610,GET,GET /api/v1/reservas,6.274590,200,success,
1789928336.758865,GET,GET /api/v1/reservas,6.918266,200,success,
1789928336.806403,GET,GET /api/v1/reservas,7.197879,200,success,
1789928336.910945,GET,GET /api/v1/reservas/{id},5.331921,200,success,
1789928336.911610,GET,GET /api/v1/reservas,8.779988,200,success,
1789928336.962315,GET,GET /api/v1/reservas,7.329960,200,success,
1789928336.965285,GET,GET /api/v1/reservas,5.392503,200,success,
1789928337.025595,GET,GET /api/v1/reservas,6.973369,200,success,
1789928337.033486,GET,GET /api/v1/reservas/{id},4.641274,200,success,
1789928337.036954,GET,GET /api/v1/reservas/{id},4.316101,200,success,
1789928337.204165,GET,GET /api/v1/reservas/{id},5.956818,200,success,
1789928337.227856,GET,GET /api/v1/reservas,6.382724,200,success,
1789928337.240228,GET,GET /api/v1/reservas,6.062740,200,success,
1789928337.240587,GET,GET /api/v1/reservas/{id},4.839986,200,success,
1789928337.322906,GET,GET /api/v1/reservas,6.985388,200,success,
1789928337.428497,GET,GET /api/v1/reservas,7.010665,200,success,
1789928337.432530,GET,GET /api/v1/reservas,5.299412,200,success,
1789928337.438820,GET,GET /api/v1/reservas,5.016453,200,success,
1789928337.507270,GET,GET /api/v1/reservas,7.025829,200,success,
1789928337.538497,GET,GET /api/v1/reservas/{id},5.517222,200,success,
1789928337.542599,GET,GET /api/v1/reservas/{id},3.985310,200,success,
1789928337.610217,GET,GET /api/v1/reservas,6.581755,200,success,
1789928337.719461,GET,GET /api/v1/reservas/{id},4.907517,200,success,
1789928337.738713,GET,GET /api/v1/reservas,4.982002,200,success,
1789928337.770792,GET,GET /api/v1/reservas,5.796496,200,success,
1789928337.772433,GET,GET /api/v1/reservas,4.758813,200,success,
1789928337.790156,GET,GET /api/v1/reservas,4.473310,200,success,
1789928337.837078,GET,GET /api/v1/reservas,5.582602,200,success,
1789928337.875506,GET,GET /api/v1/reservas,5.132039,200,success,
1789928337.880306,GET,GET /api/v1/reservas/{id},3.649692,200,success,
1789928337.915798,GET,GET /api/v1/reservas/{id},4.290733,200,success,
1789928337.958739,GET,GET /api/v1/reservas,5.603241,200,success,
1789928337.989521,GET,GET /api/v1/reservas,5.468939,200,success,
1789928338.019496,GET,GET /api/v1/reservas,5.685737,200,success,
1789928338.056319,GET,GET /api/v1/reservas,5.523142,200,success,
1789928338.094653,GET,GET /api/v1/reservas/{id},5.100581,200,success,
1789928338.174464,GET,GET /api/v1/reservas,6.428093,200,success,
1789928338.198619,GET,GET /api/v1/reservas,7.828356,200,success,
1789928338.217208,GET,GET /api/v1/reservas,9.239284,200,success,
1789928338.251442,GET,GET /api/v1/reservas/{id},5.597213,200,success,
1789928338.347338,GET,GET /api/v1/reservas,6.523647,200,success,
1789928338.366202,GET,GET /api/v1/reservas,6.576237,200,success,
1789928338.387365,GET,GET /api/v1/reservas/{id},4.908228,200,success,
1789928338.438367,GET,GET /api/v1/reservas,6.632452,200,success,
1789928338.486776,GET,GET /api/v1/reservas/{id},5.155615,200,success,
1789928338.635331,GET,GET /api/v1/reservas,8.002629,200,success,
1789928338.635923,GET,GET /api/v1/reservas,9.182798,200,success,
1789928338.638783,GET,GET /api/v1/reservas,5.251991,200,success,
1789928338.699423,GET,GET /api/v1/reservas,6.306849,200,success,
1789928338.717601,GET,GET /api/v1/reservas,5.889646,200,success,
1789928338.788460,GET,GET /api/v1/reservas,7.450353,200,success,
1789928338.876139,GET,GET /api/v1/reservas,10.224787,200,success,
1789928338.877430,GET,GET /api/v1/reservas,6.500182,200,success,
1789928338.923858,GET,GET /api/v1/reservas/{id},6.168539,200,success,
1789928338.924640,GET,GET /api/v1/reservas,5.997991,200,success,
1789928338.978269,GET,GET /api/v1/reservas/{id},5.382058,200,success,
1789928338.991866,GET,GET /api/v1/reservas/{id},4.379919,200,success,
1789928339.022377,GET,GET /api/v1/reservas/{id},5.259562,200,success,
1789928339.089973,GET,GET /api/v1/reservas/{id},5.308316,200,success,
1789928339.126364,GET,GET /api/v1/reservas,7.927205,200,success,
1789928339.128368,GET,GET /api/v1/reservas/{id},4.984134,200,success,
1789928339.169977,GET,GET /api/v1/reservas/{id},4.394881,200,success,
1789928339.238261,GET,GET /api/v1/reservas,6.912657,200,success,
1789928339.338526,GET,GET /api/v1/reservas/{id},6.006954,200,success,
1789928339.400873,GET,GET /api/v1/reservas,6.997176,200,success,
1789928339.405767,GET,GET /api/v1/reservas,5.680961,200,success,
1789928339.414141,GET,GET /api/v1/reservas/{id},4.155498,200,success,
1789928339.421890,GET,GET /api/v1/reservas,5.466245,200,success,
1789928339.427182,GET,GET /api/v1/reservas,6.090632,200,success,
1789928339.508210,GET,GET /api/v1/reservas,7.663125,200,success,
1789928339.519545,GET,GET /api/v1/reservas/{id},4.355803,200,success,
1789928339.520035,GET,GET /api/v1/reservas,6.525720,200,success,
1789928339.654614,GET,GET /api/v1/reservas/{id},6.051803,200,success,
1789928339.671410,GET,GET /api/v1/reservas,8.449877,200,success,
1789928339.708257,GET,GET /api/v1/reservas,5.540257,200,success,
1789928339.847374,GET,GET /api/v1/reservas,6.771083,200,success,
1789928339.852565,GET,GET /api/v1/reservas/{id},3.983978,200,success,
1789928339.963215,GET,GET /api/v1/reservas,6.235271,200,success,
1789928340.020628,GET,GET /api/v1/reservas/{id},6.141628,200,success,
1789928340.025748,GET,GET /api/v1/reservas,6.250895,200,success,
1789928340.030282,GET,GET /api/v1/reservas/{id},3.354094,200,success,
1789928340.047354,GET,GET /api/v1/reservas,4.849781,200,success,
1789928340.073873,GET,GET /api/v1/reservas,5.223958,200,success,
1789928340.088980,GET,GET /api/v1/reservas,4.843812,200,success,
1789928340.102320,GET,GET /api/v1/reservas,4.068116,200,success,
1789928340.122509,GET,GET /api/v1/reservas,4.908520,200,success,
1789928340.176056,GET,GET /api/v1/reservas,6.196242,200,success,
1789928340.209101,GET,GET /api/v1/reservas,5.738057,200,success,
1789928340.225600,GET,GET /api/v1/reservas,5.188934,200,success,
1789928340.275604,GET,GET /api/v1/reservas,6.669469,200,success,
1789928340.319277,GET,GET /api/v1/reservas,8.214070,200,success,
1789928340.340044,GET,GET /api/v1/reservas,7.382950,200,success,
1789928340.440276,GET,GET /api/v1/reservas/{id},5.895175,200,success,
1789928340.470253,GET,GET /api/v1/reservas,12.587428,200,success,
1789928340.470762,GET,GET /api/v1/reservas,10.607116,200,success,
1789928340.596611,GET,GET /api/v1/reservas/{id},6.686074,200,success,
1789928340.610124,GET,GET /api/v1/reservas,8.885057,200,success,
1789928340.641099,GET,GET /api/v1/reservas,8.542978,200,success,
1789928340.761454,GET,GET /api/v1/reservas,6.892537,200,success,
1789928340.810423,GET,GET /api/v1/reservas,8.597801,200,success,
1789928340.830815,GET,GET /api/v1/reservas,7.089245,200,success,
1789928340.861247,GET,GET /api/v1/reservas/{id},5.238560,200,success,
1789928340.867049,GET,GET /api/v1/reservas,5.537012,200,success,
1789928340.892787,GET,GET /api/v1/reservas,6.402443,200,success,
1789928340.979123,GET,GET /api/v1/reservas,6.910383,200,success,
1789928340.989786,GET,GET /api/v1/reservas,5.959753,200,success,
1789928340.990223,GET,GET /api/v1/reservas,6.853417,200,success,
1789928341.000755,GET,GET /api/v1/reservas,6.291065,200,success,
1789928341.088442,GET,GET /api/v1/reservas,9.281167,200,success,
1789928341.194617,GET,GET /api/v1/reservas,7.707992,200,success,
1789928341.216849,GET,GET /api/v1/reservas,8.852968,200,success,
1789928341.422019,GET,GET /api/v1/reservas,6.743611,200,success,
1789928341.442137,GET,GET /api/v1/reservas,6.773256,200,success,
1789928341.499820,GET,GET /api/v1/reservas,10.327032,200,success,
1789928341.536470,GET,GET /api/v1/reservas,6.445129,200,success,
1789928341.559836,GET,GET /api/v1/reservas/{id},5.114201,200,success,
1789928341.578651,GET,GET /api/v1/reservas,6.503907,200,success,
1789928341.598155,GET,GET /api/v1/reservas,7.202496,200,success,
1789928341.600274,GET,GET /api/v1/reservas/{id},4.506580,200,success,
1789928341.602787,GET,GET /api/v1/reservas,5.102604,200,success,
1789928341.674382,GET,GET /api/v1/reservas,8.233089,200,success,
1789928341.675032,GET,GET /api/v1/reservas,7.059700,200,success,
1789928341.686819,GET,GET /api/v1/reservas/{id},3.626065,200,success,
1789928341.695130,GET,GET /api/v1/reservas,5.000889,200,success,
1789928341.706759,GET,GET /api/v1/reservas,4.395202,200,success,
1789928341.752334,GET,GET /api/v1/reservas/{id},4.380921,200,success,
1789928341.783949,GET,GET /api/v1/reservas,5.297128,200,success,
1789928341.928191,GET,GET /api/v1/reservas/{id},6.377547,200,success,
1789928341.929019,GET,GET /api/v1/reservas,6.342954,200,success,
1789928341.929556,GET,GET /api/v1/reservas,8.179447,200,success,
1789928341.940761,GET,GET /api/v1/reservas,4.980379,200,success,
1789928341.983034,GET,GET /api/v1/reservas,5.924890,200,success,
1789928342.005956,GET,GET /api/v1/reservas,5.613197,200,success,
1789928342.048646,GET,GET /api/v1/reservas,6.312667,200,success,
1789928342.089174,GET,GET /api/v1/reservas,5.227764,200,success,
1789928342.160091,GET,GET /api/v1/reservas,5.571074,200,success,
1789928342.193233,GET,GET /api/v1/reservas,7.822165,200,success,
1789928342.194809,GET,GET /api/v1/reservas,5.622874,200,success,
1789928342.213529,GET,GET /api/v1/reservas/{id},5.520077,200,success,
1789928342.216021,GET,GET /api/v1/reservas/{id},5.263087,200,success,
1789928342.239568,GET,GET /api/v1/reservas/{id},5.337690,200,success,
1789928342.262859,GET,GET /api/v1/reservas,5.059698,200,success,
1789928342.289328,GET,GET /api/v1/reservas,5.164507,200,success,
1789928342.316553,GET,GET /api/v1/reservas/{id},4.033463,200,success,
1789928342.346662,GET,GET /api/v1/reservas,5.809526,200,success,
1789928342.359899,GET,GET /api/v1/reservas,5.929007,200,success,
1789928342.409642,GET,GET /api/v1/reservas/{id},4.514993,200,success,
1789928342.416524,GET,GET /api/v1/reservas/{id},3.724485,200,success,
1789928342.570901,GET,GET /api/v1/reservas,6.020105,200,success,
1789928342.610079,GET,GET /api/v1/reservas,5.261364,200,success,
1789928342.713331,GET,GET /api/v1/reservas,6.863924,200,success,
1789928342.792290,GET,GET /api/v1/reservas,6.603499,200,success,
1789928342.826206,GET,GET /api/v1/reservas,5.633609,200,success,
1789928343.016389,GET,GET /api/v1/reservas,6.739175,200,success,
1789928343.024679,GET,GET /api/v1/reservas,4.972758,200,success,
1789928343.031455,GET,GET /api/v1/reservas/{id},3.607978,200,success,
1789928343.079161,GET,GET /api/v1/reservas,5.385833,200,success,
1789928343.151548,GET,GET /api/v1/reservas,9.016575,200,success,
1789928343.206672,GET,GET /api/v1/reservas/{id},5.536862,200,success,
1789928343.266609,GET,GET /api/v1/reservas,11.550446,200,success,
1789928343.267301,GET,GET /api/v1/reservas/{id},9.730007,200,success,
1789928343.267701,GET,GET /api/v1/reservas/{id},9.143148,200,success,
1789928343.343012,GET,GET /api/v1/reservas,7.906604,200,success,
1789928343.387973,GET,GET /api/v1/reservas/{id},5.683924,200,success,
1789928343.402658,GET,GET /api/v1/reservas,5.348526,200,success,
1789928343.428432,GET,GET /api/v1/reservas,5.455108,200,success,
1789928343.437219,GET,GET /api/v1/reservas,5.486405,200,success,
1789928343.493146,GET,GET /api/v1/reservas,7.519126,200,success,
1789928343.499493,GET,GET /api/v1/reservas,6.139846,200,success,
1789928343.500781,GET,GET /api/v1/reservas,10.244096,200,success,
1789928343.560524,GET,GET /api/v1/reservas,31.758616,200,success,
1789928343.562826,GET,GET /api/v1/reservas,18.848167,200,success,
1789928343.629356,GET,GET /api/v1/reservas,9.965624,200,success,
1789928343.649552,GET,GET /api/v1/reservas/{id},6.893748,200,success,
1789928343.684208,GET,GET /api/v1/reservas/{id},10.375194,200,success,
1789928343.727295,GET,GET /api/v1/reservas,13.643268,200,success,
1789928343.732291,GET,GET /api/v1/reservas,13.497918,200,success,
1789928343.872386,GET,GET /api/v1/reservas,7.731418,200,success,
1789928344.038659,GET,GET /api/v1/reservas/{id},4.876381,200,success,
1789928344.050672,GET,GET /api/v1/reservas,4.710961,200,success,
1789928344.065308,GET,GET /api/v1/reservas/{id},3.462908,200,success,
1789928344.097883,GET,GET /api/v1/reservas/{id},4.380670,200,success,
1789928344.159843,GET,GET /api/v1/reservas,5.625676,200,success,
1789928344.193227,GET,GET /api/v1/reservas,5.105207,200,success,
1789928344.202348,GET,GET /api/v1/reservas,4.882450,200,success,
1789928344.263812,GET,GET /api/v1/reservas/{id},6.220969,200,success,
1789928344.290283,GET,GET /api/v1/reservas,7.173803,200,success,
1789928344.294929,GET,GET /api/v1/reservas,5.634289,200,success,
1789928344.321232,GET,GET /api/v1/reservas,6.990545,200,success,
1789928344.321686,GET,GET /api/v1/reservas,5.845189,200,success,
1789928344.350622,GET,GET /api/v1/reservas,4.699674,200,success,
1789928344.381248,GET,GET /api/v1/reservas,5.376800,200,success,
1789928344.440471,GET,GET /api/v1/reservas,5.900724,200,success,
1789928344.448749,GET,GET /api/v1/reservas,4.051901,200,success,
1789928344.508261,GET,GET /api/v1/reservas,6.195801,200,success,
1789928344.606564,GET,GET /api/v1/reservas/{id},5.323429,200,success,
1789928344.700316,GET,GET /api/v1/reservas/{id},5.484332,200,success,
1789928344.735104,GET,GET /api/v1/reservas,6.412850,200,success,
1789928344.742579,GET,GET /api/v1/reservas,5.185891,200,success,
1789928344.849899,GET,GET /api/v1/reservas,7.023816,200,success,
1789928344.866006,GET,GET /api/v1/reservas,4.844483,200,success,
1789928344.916722,GET,GET /api/v1/reservas,6.399950,200,success,
1789928344.919250,GET,GET /api/v1/reservas,5.226371,200,success,
1789928344.928833,GET,GET /api/v1/reservas,4.327559,200,success,
1789928344.988759,GET,GET /api/v1/reservas,5.608009,200,success,
1789928345.032811,GET,GET /api/v1/reservas,5.772569,200,success,
1789928345.074183,GET,GET /api/v1/reservas/{id},5.115462,200,success,
1789928345.092288,GET,GET /api/v1/reservas/{id},3.905779,200,success,
1789928345.128882,GET,GET /api/v1/reservas,5.321235,200,success,
1789928345.247831,GET,GET /api/v1/reservas,6.575306,200,success,
1789928345.292688,GET,GET /api/v1/reservas,5.515040,200,success,
1789928345.334640,GET,GET /api/v1/reservas,5.638907,200,success,
1789928345.376802,GET,GET /api/v1/reservas,5.878869,200,success,
1789928345.397682,GET,GET /api/v1/reservas,4.573101,200,success,
1789928345.468493,GET,GET /api/v1/reservas/{id},5.521078,200,success,
1789928345.677181,GET,GET /api/v1/reservas,8.060778,200,success,
1789928345.678312,GET,GET /api/v1/reservas/{id},5.213652,200,success,
1789928345.741429,GET,GET /api/v1/reservas,9.723597,200,success,
1789928345.745095,GET,GET /api/v1/reservas,6.371337,200,success,
1789928345.872177,GET,GET /api/v1/reservas/{id},4.769758,200,success,
1789928345.891628,GET,GET /api/v1/reservas,5.158889,200,success,
1789928345.907568,GET,GET /api/v1/reservas,4.666011,200,success,
1789928345.929023,GET,GET /api/v1/reservas,5.156255,200,success,
1789928345.933635,GET,GET /api/v1/reservas/{id},3.447285,200,success,
1789928345.978820,GET,GET /api/v1/reservas/{id},4.990374,200,success,
1789928345.983695,GET,GET /api/v1/reservas,5.557384,200,success,
1789928345.994151,GET,GET /api/v1/reservas/{id},4.272015,200,success,
1789928346.027739,GET,GET /api/v1/reservas,7.235156,200,success,
1789928346.044558,GET,GET /api/v1/reservas,6.467974,200,success,
1789928346.089882,GET,GET /api/v1/reservas,6.933949,200,success,
1789928346.108300,GET,GET /api/v1/reservas/{id},5.174443,200,success,
1789928346.204926,GET,GET /api/v1/reservas,7.238991,200,success,
1789928346.218619,GET,GET /api/v1/reservas,6.341662,200,success,
1789928346.227308,GET,GET /api/v1/reservas,5.360696,200,success,
1789928346.278778,GET,GET /api/v1/reservas/{id},5.216997,200,success,
1789928346.311119,GET,GET /api/v1/reservas,6.980379,200,success,
1789928346.344199,GET,GET /api/v1/reservas,6.760618,200,success,
1789928346.372114,GET,GET /api/v1/reservas,6.549306,200,success,
1789928346.399608,GET,GET /api/v1/reservas,7.151670,200,success,
1789928346.429079,GET,GET /api/v1/reservas,7.051087,200,success,
1789928346.592277,GET,GET /api/v1/reservas,7.605217,200,success,
1789928346.609099,GET,GET /api/v1/reservas,6.480201,200,success,
1789928346.673656,GET,GET /api/v1/reservas,6.219336,200,success,
1789928346.683433,GET,GET /api/v1/reservas/{id},3.591904,200,success,
1789928346.804960,GET,GET /api/v1/reservas,8.107228,200,success,
1789928346.825909,GET,GET /api/v1/reservas/{id},4.726194,200,success,
1789928346.838224,GET,GET /api/v1/reservas/{id},4.146594,200,success,
1789928346.855433,GET,GET /api/v1/reservas/{id},4.027835,200,success,
1789928346.871156,GET,GET /api/v1/reservas,6.954399,200,success,
1789928346.943473,GET,GET /api/v1/reservas,9.285223,200,success,
1789928346.944045,GET,GET /api/v1/reservas,10.492893,200,success,
1789928346.944834,GET,GET /api/v1/reservas,9.971073,200,success,
1789928346.950670,GET,GET /api/v1/reservas,5.654460,200,success,
1789928347.019141,GET,GET /api/v1/reservas/{id},6.234448,200,success,
1789928347.040549,GET,GET /api/v1/reservas/{id},4.173586,200,success,
1789928347.097260,GET,GET /api/v1/reservas,5.417432,200,success,
1789928347.156707,GET,GET /api/v1/reservas,8.010091,200,success,
1789928347.198296,GET,GET /api/v1/reservas,5.252251,200,success,
1789928347.222886,GET,GET /api/v1/reservas/{id},4.392477,200,success,
1789928347.250535,GET,GET /api/v1/reservas/{id},4.449364,200,success,
1789928347.251580,GET,GET /api/v1/reservas,5.062472,200,success,
1789928347.316677,GET,GET /api/v1/reservas,5.785358,200,success,
1789928347.334571,GET,GET /api/v1/reservas,5.624384,200,success,
1789928347.338026,GET,GET /api/v1/reservas,4.358546,200,success,
1789928347.478140,GET,GET /api/v1/reservas,5.777957,200,success,
1789928347.512602,GET,GET /api/v1/reservas,5.196247,200,success,
1789928347.517919,GET,GET /api/v1/reservas,4.074867,200,success,
1789928347.612108,GET,GET /api/v1/reservas,5.890368,200,success,
1789928347.618520,GET,GET /api/v1/reservas,5.151638,200,success,
1789928347.626257,GET,GET /api/v1/reservas,4.468572,200,success,
1789928347.792046,GET,GET /api/v1/reservas/{id},5.450601,200,success,
1789928347.792360,GET,GET /api/v1/reservas/{id},3.670543,200,success,
1789928347.794567,GET,GET /api/v1/reservas,6.061407,200,success,
1789928347.807943,GET,GET /api/v1/reservas/{id},3.222884,200,success,
1789928347.874767,GET,GET /api/v1/reservas,6.510728,200,success,
1789928347.893705,GET,GET /api/v1/reservas/{id},4.714876,200,success,
1789928347.946131,GET,GET /api/v1/reservas,7.067622,200,success,
1789928347.964397,GET,GET /api/v1/reservas,5.951160,200,success,
1789928347.968475,GET,GET /api/v1/reservas,4.735818,200,success,
1789928348.017739,GET,GET /api/v1/reservas,4.979708,200,success,
1789928348.030642,GET,GET /api/v1/reservas,4.656217,200,success,
1789928348.076696,GET,GET /api/v1/reservas,4.762599,200,success,
1789928348.107968,GET,GET /api/v1/reservas,4.985427,200,success,
1789928348.110709,GET,GET /api/v1/reservas,4.141677,200,success,
1789928348.155576,GET,GET /api/v1/reservas,5.554569,200,success,
1789928348.376160,GET,GET /api/v1/reservas,6.080105,200,success,
1789928348.435796,GET,GET /api/v1/reservas,6.330345,200,success,
1789928348.501525,GET,GET /api/v1/reservas,5.398733,200,success,
1789928348.627321,GET,GET /api/v1/reservas,6.754417,200,success,
1789928348.629032,GET,GET /api/v1/reservas,4.675966,200,success,
1789928348.645481,GET,GET /api/v1/reservas/{id},3.278589,200,success,
1789928348.737396,GET,GET /api/v1/reservas,5.553948,200,success,
1789928348.807234,GET,GET /api/v1/reservas,6.511519,200,success,
1789928348.807532,GET,GET /api/v1/reservas/{id},3.738196,200,success,
1789928348.816425,GET,GET /api/v1/reservas,4.683227,200,success,
1789928348.876863,GET,GET /api/v1/reservas/{id},4.238044,200,success,
1789928348.897856,GET,GET /api/v1/reservas,4.690579,200,success,
1789928348.906232,GET,GET /api/v1/reservas,4.099394,200,success,
1789928348.916972,GET,GET /api/v1/reservas,4.518628,200,success,
1789928348.933759,GET,GET /api/v1/reservas,7.508951,200,success,
1789928348.935508,GET,GET /api/v1/reservas,4.704441,200,success,
1789928348.952892,GET,GET /api/v1/reservas,5.150516,200,success,
1789928348.982531,GET,GET /api/v1/reservas,4.397315,200,success,
1789928348.995020,GET,GET /api/v1/reservas/{id},3.312311,200,success,
1789928349.046544,GET,GET /api/v1/reservas,5.220312,200,success,
1789928349.122252,GET,GET /api/v1/reservas,6.331927,200,success,
1789928349.123008,GET,GET /api/v1/reservas,4.360269,200,success,
1789928349.215251,GET,GET /api/v1/reservas/{id},5.053419,200,success,
1789928349.225285,GET,GET /api/v1/reservas,5.348867,200,success,
1789928349.225671,GET,GET /api/v1/reservas,6.164123,200,success,
1789928349.285455,GET,GET /api/v1/reservas/{id},4.558459,200,success,
1789928349.330914,GET,GET /api/v1/reservas,5.162634,200,success,
1789928349.440727,GET,GET /api/v1/reservas,6.389875,200,success,
1789928349.524847,GET,GET /api/v1/reservas,6.735679,200,success,
1789928349.525465,GET,GET /api/v1/reservas/{id},3.707760,200,success,
1789928349.565525,GET,GET /api/v1/reservas,5.347296,200,success,
1789928349.576264,GET,GET /api/v1/reservas/{id},3.567037,200,success,
1789928349.600765,GET,GET /api/v1/reservas,4.642747,200,success,
1789928349.770504,GET,GET /api/v1/reservas,6.297886,200,success,
1789928349.779263,GET,GET /api/v1/reservas/{id},3.589040,200,success,
1789928349.823781,GET,GET /api/v1/reservas,5.214995,200,success,
1789928349.834637,GET,GET /api/v1/reservas,4.570086,200,success,
1789928349.837753,GET,GET /api/v1/reservas,5.058728,200,success,
1789928349.893368,GET,GET /api/v1/reservas/{id},4.406929,200,success,
1789928349.915274,GET,GET /api/v1/reservas/{id},3.682070,200,success,
1789928349.927163,GET,GET /api/v1/reservas/{id},3.727500,200,success,
1789928350.047371,GET,GET /api/v1/reservas,5.870939,200,success,
1789928350.087794,GET,GET /api/v1/reservas,5.095603,200,success,
1789928350.141712,GET,GET /api/v1/reservas,8.605192,200,success,
1789928350.150614,GET,GET /api/v1/reservas,4.620914,200,success,
1789928350.206378,GET,GET /api/v1/reservas,5.454347,200,success,
1789928350.229290,GET,GET /api/v1/reservas/{id},3.705056,200,success,
1789928350.322309,GET,GET /api/v1/reservas,6.647585,200,success,
1789928350.334901,GET,GET /api/v1/reservas,4.286396,200,success,
1789928350.340186,GET,GET /api/v1/reservas,4.053784,200,success,
1789928350.349382,GET,GET /api/v1/reservas,4.964354,200,success,
1789928350.360800,GET,GET /api/v1/reservas,6.005171,200,success,
1789928350.459077,GET,GET /api/v1/reservas/{id},4.970003,200,success,
1789928350.482819,GET,GET /api/v1/reservas,4.452759,200,success,
1789928350.528016,GET,GET /api/v1/reservas/{id},3.995906,200,success,
1789928350.565550,GET,GET /api/v1/reservas/{id},3.732227,200,success,
1789928350.566105,GET,GET /api/v1/reservas,5.804338,200,success,
1789928350.599755,GET,GET /api/v1/reservas,4.759564,200,success,
1789928350.610529,GET,GET /api/v1/reservas,4.513081,200,success,
1789928350.633184,GET,GET /api/v1/reservas,4.388862,200,success,
1789928350.687431,GET,GET /api/v1/reservas,7.919323,200,success,
1789928350.727771,GET,GET /api/v1/reservas,6.044632,200,success,
1789928350.736575,GET,GET /api/v1/reservas,4.513440,200,success,
1789928350.884271,GET,GET /api/v1/reservas/{id},9.333387,200,success,
1789928350.890935,GET,GET /api/v1/reservas,9.241427,200,success,
1789928350.927351,GET,GET /api/v1/reservas,8.007817,200,success,
1789928350.934363,GET,GET /api/v1/reservas,5.684916,200,success,
1789928350.986881,GET,GET /api/v1/reservas,7.115594,200,success,
1789928350.993491,GET,GET /api/v1/reservas,5.306342,200,success,
1789928350.996558,GET,GET /api/v1/reservas/{id},3.888023,200,success,
1789928351.015346,GET,GET /api/v1/reservas,6.319169,200,success,
1789928351.017770,GET,GET /api/v1/reservas/{id},4.332607,200,success,
1789928351.089325,GET,GET /api/v1/reservas,7.161003,200,success,
1789928351.098085,GET,GET /api/v1/reservas/{id},3.560126,200,success,
1789928351.105291,GET,GET /api/v1/reservas/{id},3.043613,200,success,
1789928351.155952,GET,GET /api/v1/reservas,5.383980,200,success,
1789928351.186849,GET,GET /api/v1/reservas,4.621375,200,success,
1789928351.259820,GET,GET /api/v1/reservas,5.685768,200,success,
1789928351.269288,GET,GET /api/v1/reservas,5.221574,200,success,
1789928351.389223,GET,GET /api/v1/reservas,6.623579,200,success,
1789928351.398045,GET,GET /api/v1/reservas/{id},3.647378,200,success,
1789928351.539294,GET,GET /api/v1/reservas,7.984592,200,success,
1789928351.557077,GET,GET /api/v1/reservas,11.439699,200,success,
1789928351.684049,GET,GET /api/v1/reservas/{id},4.966978,200,success,
1789928351.726305,GET,GET /api/v1/reservas/{id},4.059412,200,success,
1789928351.748756,GET,GET /api/v1/reservas,5.144647,200,success,
1789928351.749355,GET,GET /api/v1/reservas,4.234849,200,success,
1789928351.873462,GET,GET /api/v1/reservas,6.804813,200,success,
1789928351.874691,GET,GET /api/v1/reservas/{id},4.375633,200,success,
1789928351.938297,GET,GET /api/v1/reservas,5.299882,200,success,
1789928351.967621,GET,GET /api/v1/reservas/{id},4.101997,200,success,
1789928352.049619,GET,GET /api/v1/reservas/{id},4.711080,200,success,
1789928352.107400,GET,GET /api/v1/reservas/{id},4.538188,200,success,
1789928352.193422,GET,GET /api/v1/reservas,6.658272,200,success,
1789928352.200309,GET,GET /api/v1/reservas/{id},3.698737,200,success,
1789928352.218434,GET,GET /api/v1/reservas,5.811647,200,success,
1789928352.321806,GET,GET /api/v1/reservas,6.033425,200,success,
1789928352.465236,GET,GET /api/v1/reservas/{id},4.449664,200,success,
1789928352.466607,GET,GET /api/v1/reservas,6.457537,200,success,
1789928352.479917,GET,GET /api/v1/reservas,4.060355,200,success,
1789928352.538255,GET,GET /api/v1/reservas/{id},4.142899,200,success,
1789928352.577289,GET,GET /api/v1/reservas,4.740976,200,success,
1789928352.598625,GET,GET /api/v1/reservas,4.457767,200,success,
1789928352.602814,GET,GET /api/v1/reservas,5.061191,200,success,
1789928352.606554,GET,GET /api/v1/reservas,4.690059,200,success,
1789928352.618901,GET,GET /api/v1/reservas/{id},3.187310,200,success,
1789928352.624271,GET,GET /api/v1/reservas,4.145383,200,success,
1789928352.628087,GET,GET /api/v1/reservas,4.431586,200,success,
1789928352.653562,GET,GET /api/v1/reservas,4.252395,200,success,
1789928352.693593,GET,GET /api/v1/reservas,4.735056,200,success,
1789928352.707215,GET,GET /api/v1/reservas,4.373679,200,success,
1789928352.715545,GET,GET /api/v1/reservas,4.106104,200,success,
1789928352.759560,GET,GET /api/v1/reservas/{id},3.828312,200,success,
1789928352.772050,GET,GET /api/v1/reservas,4.195328,200,success,
1789928352.853249,GET,GET /api/v1/reservas,5.849988,200,success,
1789928352.881226,GET,GET /api/v1/reservas,4.684550,200,success,
1789928352.913501,GET,GET /api/v1/reservas,5.957590,200,success,
1789928352.988523,GET,GET /api/v1/reservas,5.679809,200,success,
1789928353.035014,GET,GET /api/v1/reservas,5.155354,200,success,
1789928353.129703,GET,GET /api/v1/reservas,6.312126,200,success,
1789928353.198003,GET,GET /api/v1/reservas,5.984050,200,success,
1789928353.212600,GET,GET /api/v1/reservas,4.364224,200,success,
1789928353.249019,GET,GET /api/v1/reservas,6.152816,200,success,
1789928353.253080,GET,GET /api/v1/reservas,4.699043,200,success,
1789928353.270908,GET,GET /api/v1/reservas,6.570298,200,success,
1789928353.292595,GET,GET /api/v1/reservas/{id},4.481552,200,success,
1789928353.552663,GET,GET /api/v1/reservas,18.345876,200,success,
1789928353.555104,GET,GET /api/v1/reservas/{id},13.550648,200,success,
1789928353.652634,GET,GET /api/v1/reservas,7.976389,200,success,
1789928353.665802,GET,GET /api/v1/reservas,6.828970,200,success,
1789928353.683252,GET,GET /api/v1/reservas,9.059230,200,success,
1789928353.710438,GET,GET /api/v1/reservas,8.806959,200,success,
1789928353.712754,GET,GET /api/v1/reservas/{id},5.302997,200,success,
1789928353.754897,GET,GET /api/v1/reservas/{id},4.925525,200,success,
1789928353.785038,GET,GET /api/v1/reservas/{id},4.897754,200,success,
1789928353.910784,GET,GET /api/v1/reservas,13.906227,200,success,
1789928353.910990,GET,GET /api/v1/reservas,7.992754,200,success,
1789928353.913175,GET,GET /api/v1/reservas,7.245812,200,success,
1789928353.969824,GET,GET /api/v1/reservas,7.263890,200,success,
1789928353.976807,GET,GET /api/v1/reservas,6.759975,200,success,
1789928353.997656,GET,GET /api/v1/reservas,9.461511,200,success,
1789928354.011907,GET,GET /api/v1/reservas,7.923289,200,success,
1789928354.023245,GET,GET /api/v1/reservas,7.065589,200,success,
1789928354.086379,GET,GET /api/v1/reservas,7.744107,200,success,
1789928354.093462,GET,GET /api/v1/reservas,5.733120,200,success,
1789928354.113168,GET,GET /api/v1/reservas,5.325902,200,success,
1789928354.188008,GET,GET /api/v1/reservas/{id},4.587973,200,success,
1789928354.337518,GET,GET /api/v1/reservas/{id},5.162433,200,success,
1789928354.441863,GET,GET /api/v1/reservas,5.956708,200,success,
1789928354.477059,GET,GET /api/v1/reservas,4.874107,200,success,
1789928354.483136,GET,GET /api/v1/reservas,3.859820,200,success,
1789928354.620403,GET,GET /api/v1/reservas,6.263453,200,success,
1789928354.647353,GET,GET /api/v1/reservas/{id},3.758947,200,success,
1789928354.695446,GET,GET /api/v1/reservas,5.809866,200,success,
1789928354.699231,GET,GET /api/v1/reservas,4.467812,200,success,
1789928354.794244,GET,GET /api/v1/reservas/{id},4.749869,200,success,
1789928354.822368,GET,GET /api/v1/reservas/{id},3.944739,200,success,
1789928354.909913,GET,GET /api/v1/reservas,6.198505,200,success,
1789928354.967455,GET,GET /api/v1/reservas,6.226457,200,success,
1789928354.971869,GET,GET /api/v1/reservas,5.195815,200,success,
1789928354.984727,GET,GET /api/v1/reservas,4.574083,200,success,
1789928355.030083,GET,GET /api/v1/reservas,6.018092,200,success,
1789928355.060920,GET,GET /api/v1/reservas,6.496697,200,success,
1789928355.061319,GET,GET /api/v1/reservas,6.568945,200,success,
1789928355.114934,GET,GET /api/v1/reservas,6.298276,200,success,
1789928355.118085,GET,GET /api/v1/reservas,4.669357,200,success,
1789928355.138980,GET,GET /api/v1/reservas,5.585446,200,success,
1789928355.140441,GET,GET /api/v1/reservas,4.455973,200,success,
1789928355.167629,GET,GET /api/v1/reservas,4.948080,200,success,
1789928355.268277,GET,GET /api/v1/reservas/{id},5.367075,200,success,
1789928355.319593,GET,GET /api/v1/reservas/{id},6.045233,200,success,
1789928355.342402,GET,GET /api/v1/reservas,7.493017,200,success,
1789928355.393199,GET,GET /api/v1/reservas,6.463156,200,success,
1789928355.474890,GET,GET /api/v1/reservas/{id},5.410761,200,success,
1789928355.545331,GET,GET /api/v1/reservas,6.247769,200,success,
1789928355.546085,GET,GET /api/v1/reservas,7.411922,200,success,
1789928355.559722,GET,GET /api/v1/reservas,4.385427,200,success,
1789928355.711433,GET,GET /api/v1/reservas/{id},4.774266,200,success,
1789928355.763056,GET,GET /api/v1/reservas,5.280734,200,success,
1789928355.847093,GET,GET /api/v1/reservas,6.581685,200,success,
1789928355.849769,GET,GET /api/v1/reservas,4.369993,200,success,
1789928355.852600,GET,GET /api/v1/reservas,4.264153,200,success,
1789928355.867887,GET,GET /api/v1/reservas/{id},4.113786,200,success,
1789928355.874089,GET,GET /api/v1/reservas,5.995187,200,success,
1789928355.888435,GET,GET /api/v1/reservas,5.095263,200,success,
1789928356.050726,GET,GET /api/v1/reservas/{id},5.935516,200,success,
1789928356.082906,GET,GET /api/v1/reservas,10.821662,200,success,
1789928356.099666,GET,GET /api/v1/reservas,8.404168,200,success,
1789928356.106215,GET,GET /api/v1/reservas,5.182756,200,success,
1789928356.212742,GET,GET /api/v1/reservas/{id},5.225630,200,success,
1789928356.230249,GET,GET /api/v1/reservas,6.174848,200,success,
1789928356.325846,GET,GET /api/v1/reservas,7.187504,200,success,
1789928356.340335,GET,GET /api/v1/reservas,5.186792,200,success,
1789928356.354131,GET,GET /api/v1/reservas/{id},3.629502,200,success,
1789928356.367320,GET,GET /api/v1/reservas,4.947719,200,success,
1789928356.383845,GET,GET /api/v1/reservas,5.219872,200,success,
1789928356.444257,GET,GET /api/v1/reservas/{id},5.150667,200,success,
1789928356.465712,GET,GET /api/v1/reservas,7.131539,200,success,
1789928356.494457,GET,GET /api/v1/reservas/{id},6.125995,200,success,
1789928356.494761,GET,GET /api/v1/reservas/{id},6.865125,200,success,
1789928356.505452,GET,GET /api/v1/reservas/{id},3.526166,200,success,
1789928356.519147,GET,GET /api/v1/reservas/{id},3.206450,200,success,
1789928356.526476,GET,GET /api/v1/reservas,6.054717,200,success,
1789928356.571112,GET,GET /api/v1/reservas/{id},4.433330,200,success,
1789928356.575181,GET,GET /api/v1/reservas,3.882755,200,success,
1789928356.612907,GET,GET /api/v1/reservas/{id},5.690905,200,success,
1789928356.644038,GET,GET /api/v1/reservas,5.782063,200,success,
1789928356.647050,GET,GET /api/v1/reservas,5.088342,200,success,
1789928356.669887,GET,GET /api/v1/reservas,4.604830,200,success,
1789928356.711886,GET,GET /api/v1/reservas,4.709468,200,success,
1789928356.810478,GET,GET /api/v1/reservas,6.225616,200,success,
1789928356.966877,GET,GET /api/v1/reservas,5.947945,200,success,
1789928356.993682,GET,GET /api/v1/reservas/{id},3.617593,200,success,
1789928357.019596,GET,GET /api/v1/reservas,4.669808,200,success,
1789928357.027279,GET,GET /api/v1/reservas,4.450556,200,success,
1789928357.040827,GET,GET /api/v1/reservas/{id},5.358942,200,success,
1789928357.078408,GET,GET /api/v1/reservas,8.243074,200,success,
1789928357.103311,GET,GET /api/v1/reservas,7.649954,200,success,
1789928357.111260,GET,GET /api/v1/reservas/{id},4.743731,200,success,
1789928357.149698,GET,GET /api/v1/reservas,9.539378,200,success,
1789928357.211576,GET,GET /api/v1/reservas,9.491996,200,success,
1789928357.320571,GET,GET /api/v1/reservas,8.535787,200,success,
1789928357.322980,GET,GET /api/v1/reservas,6.043699,200,success,
1789928357.421538,GET,GET /api/v1/reservas,6.188420,200,success,
1789928357.452609,GET,GET /api/v1/reservas,4.815268,200,success,
1789928357.535661,GET,GET /api/v1/reservas,5.720199,200,success,
1789928357.544169,GET,GET /api/v1/reservas,4.272366,200,success,
1789928357.553504,GET,GET /api/v1/reservas/{id},3.180059,200,success,
1789928357.579115,GET,GET /api/v1/reservas/{id},3.433094,200,success,
1789928357.594620,GET,GET /api/v1/reservas,5.224208,200,success,
1789928357.678126,GET,GET /api/v1/reservas,6.118354,200,success,
1789928357.738648,GET,GET /api/v1/reservas,5.217888,200,success,
1789928357.807977,GET,GET /api/v1/reservas,5.984340,200,success,
1789928357.808628,GET,GET /api/v1/reservas,4.970934,200,success,
1789928357.837503,GET,GET /api/v1/reservas,4.639302,200,success,
1789928357.870225,GET,GET /api/v1/reservas,5.100300,200,success,
1789928357.870583,GET,GET /api/v1/reservas,5.807973,200,success,
1789928357.912280,GET,GET /api/v1/reservas,5.455008,200,success,
1789928358.071501,GET,GET /api/v1/reservas/{id},4.892154,200,success,
1789928358.085544,GET,GET /api/v1/reservas,4.769349,200,success,
1789928358.159955,GET,GET /api/v1/reservas,6.050731,200,success,
1789928358.243001,GET,GET /api/v1/reservas,6.625513,200,success,
1789928358.247302,GET,GET /api/v1/reservas,5.138469,200,success,
1789928358.265129,GET,GET /api/v1/reservas,4.528333,200,success,
1789928358.366465,GET,GET /api/v1/reservas,5.963519,200,success,
1789928358.391125,GET,GET /api/v1/reservas,4.415613,200,success,
1789928358.415956,GET,GET /api/v1/reservas,4.575264,200,success,
1789928358.450222,GET,GET /api/v1/reservas,4.997955,200,success,
1789928358.452222,GET,GET /api/v1/reservas/{id},3.464150,200,success,
1789928358.585453,GET,GET /api/v1/reservas/{id},4.917643,200,success,
1789928358.586887,GET,GET /api/v1/reservas,4.504978,200,success,
1789928358.671801,GET,GET /api/v1/reservas,5.963539,200,success,
1789928358.693160,GET,GET /api/v1/reservas/{id},4.177491,200,success,
1789928358.700323,GET,GET /api/v1/reservas/{id},3.016582,200,success,
1789928358.819911,GET,GET /api/v1/reservas,6.219627,200,success,
1789928358.883109,GET,GET /api/v1/reservas,5.842194,200,success,
1789928358.883569,GET,GET /api/v1/reservas,4.680353,200,success,
1789928358.916018,GET,GET /api/v1/reservas,6.154828,200,success,
1789928358.965392,GET,GET /api/v1/reservas,5.132179,200,success,
1789928358.991356,GET,GET /api/v1/reservas,4.700886,200,success,
1789928359.052743,GET,GET /api/v1/reservas/{id},7.164078,200,success,
1789928359.062089,GET,GET /api/v1/reservas,5.046017,200,success,
1789928359.080047,GET,GET /api/v1/reservas,4.653143,200,success,
1789928359.107181,GET,GET /api/v1/reservas,4.860557,200,success,
1789928359.202291,GET,GET /api/v1/reservas,7.716144,200,success,
1789928359.205671,GET,GET /api/v1/reservas,4.933237,200,success,
1789928359.214668,GET,GET /api/v1/reservas,6.729960,200,success,
1789928359.248134,GET,GET /api/v1/reservas,6.182030,200,success,
1789928359.322978,GET,GET /api/v1/reservas,6.481434,200,success,
1789928359.362791,GET,GET /api/v1/reservas,5.529731,200,success,
1789928359.435859,GET,GET /api/v1/reservas,6.706624,200,success,
1789928359.443801,GET,GET /api/v1/reservas,5.640919,200,success,
1789928359.445525,GET,GET /api/v1/reservas,5.469441,200,success,
1789928359.445949,GET,GET /api/v1/reservas,6.240319,200,success,
1789928359.457784,GET,GET /api/v1/reservas,5.569462,200,success,
1789928359.462135,GET,GET /api/v1/reservas/{id},3.192779,200,success,
1789928359.597239,GET,GET /api/v1/reservas,6.279167,200,success,
1789928359.685845,GET,GET /api/v1/reservas,6.265056,200,success,
1789928359.731268,GET,GET /api/v1/reservas,5.104857,200,success,
1789928359.742685,GET,GET /api/v1/reservas/{id},3.237988,200,success,
1789928359.859875,GET,GET /api/v1/reservas,5.840632,200,success,
1789928359.877577,GET,GET /api/v1/reservas/{id},3.502628,200,success,
1789928359.975047,GET,GET /api/v1/reservas,6.080076,200,success,
1789928360.034010,GET,GET /api/v1/reservas,5.604004,200,success,
1789928360.038271,GET,GET /api/v1/reservas,4.071691,200,success,
1789928360.110690,GET,GET /api/v1/reservas,6.064461,200,success,
1789928360.139591,GET,GET /api/v1/reservas/{id},3.735783,200,success,
1789928360.154277,GET,GET /api/v1/reservas,4.432999,200,success,
1789928360.196038,GET,GET /api/v1/reservas,5.989949,200,success,
1789928360.196435,GET,GET /api/v1/reservas,6.919037,200,success,
1789928360.303492,GET,GET /api/v1/reservas,6.667396,200,success,
1789928360.303966,GET,GET /api/v1/reservas,6.689038,200,success,
1789928360.305789,GET,GET /api/v1/reservas,5.752909,200,success,
1789928360.309944,GET,GET /api/v1/reservas/{id},3.005916,200,success,
1789928360.366544,GET,GET /api/v1/reservas,8.043000,200,success,
1789928360.532111,GET,GET /api/v1/reservas,6.095618,200,success,
1789928360.538514,GET,GET /api/v1/reservas,5.190859,200,success,
1789928360.618309,GET,GET /api/v1/reservas,5.838870,200,success,
1789928360.624700,GET,GET /api/v1/reservas/{id},3.228002,200,success,
1789928360.660790,GET,GET /api/v1/reservas,4.832635,200,success,
1789928360.709363,GET,GET /api/v1/reservas/{id},4.355863,200,success,
1789928360.739484,GET,GET /api/v1/reservas/{id},3.920311,200,success,
1789928360.799242,GET,GET /api/v1/reservas/{id},4.530427,200,success,
1789928360.824333,GET,GET /api/v1/reservas,4.827196,200,success,
1789928360.862477,GET,GET /api/v1/reservas,4.854829,200,success,
1789928360.939738,GET,GET /api/v1/reservas/{id},5.003544,200,success,
1789928360.960948,GET,GET /api/v1/reservas,4.911553,200,success,
1789928361.042655,GET,GET /api/v1/reservas,6.312697,200,success,
1789928361.155891,GET,GET /api/v1/reservas,8.803644,200,success,
1789928361.194528,GET,GET /api/v1/reservas,8.272307,200,success,
1789928361.258063,GET,GET /api/v1/reservas,8.178877,200,success,
1789928361.262228,GET,GET /api/v1/reservas/{id},4.040454,200,success,
1789928361.265945,GET,GET /api/v1/reservas,5.617074,200,success,
1789928361.348837,GET,GET /api/v1/reservas,7.469890,200,success,
1789928361.357248,GET,GET /api/v1/reservas/{id},4.186094,200,success,
1789928361.372679,GET,GET /api/v1/reservas/{id},4.245635,200,success,
1789928361.385518,GET,GET /api/v1/reservas/{id},3.650031,200,success,
1789928361.407353,GET,GET /api/v1/reservas,5.591504,200,success,
1789928361.453869,GET,GET /api/v1/reservas,5.247964,200,success,
1789928361.575850,GET,GET /api/v1/reservas,5.866201,200,success,
1789928361.612038,GET,GET /api/v1/reservas,5.317510,200,success,
1789928361.661222,GET,GET /api/v1/reservas/{id},3.986954,200,success,
1789928361.749259,GET,GET /api/v1/reservas,6.682208,200,success,
1789928361.785672,GET,GET /api/v1/reservas,8.032495,200,success,
1789928361.786484,GET,GET /api/v1/reservas/{id},4.123660,200,success,
1789928361.794420,GET,GET /api/v1/reservas,4.675646,200,success,
1789928361.811449,GET,GET /api/v1/reservas,5.712317,200,success,
1789928361.843350,GET,GET /api/v1/reservas,7.536863,200,success,
1789928361.845978,GET,GET /api/v1/reservas,7.318242,200,success,
1789928361.897652,GET,GET /api/v1/reservas,7.325423,200,success,
1789928361.928712,GET,GET /api/v1/reservas/{id},7.764739,200,success,
1789928361.943439,GET,GET /api/v1/reservas,6.413451,200,success,
1789928361.957921,GET,GET /api/v1/reservas/{id},4.290764,200,success,
1789928362.129303,GET,GET /api/v1/reservas,7.046450,200,success,
1789928362.129648,GET,GET /api/v1/reservas,5.179420,200,success,
1789928362.133876,GET,GET /api/v1/reservas,5.276779,200,success,
1789928362.190293,GET,GET /api/v1/reservas/{id},4.235398,200,success,
1789928362.259342,GET,GET /api/v1/reservas,5.670535,200,success,
1789928362.283653,GET,GET /api/v1/reservas,5.030274,200,success,
1789928362.286386,GET,GET /api/v1/reservas,5.076164,200,success,
1789928362.287998,GET,GET /api/v1/reservas/{id},3.173890,200,success,
1789928362.303395,GET,GET /api/v1/reservas,4.160927,200,success,
1789928362.388186,GET,GET /api/v1/reservas,6.421622,200,success,
1789928362.389534,GET,GET /api/v1/reservas,4.966027,200,success,
1789928362.560776,GET,GET /api/v1/reservas,5.832791,200,success,
1789928362.572333,GET,GET /api/v1/reservas,4.270563,200,success,
1789928362.574435,GET,GET /api/v1/reservas,4.855829,200,success,
1789928362.656917,GET,GET /api/v1/reservas/{id},6.663489,200,success,
1789928362.668697,GET,GET /api/v1/reservas,5.484242,200,success,
1789928362.779721,GET,GET /api/v1/reservas/{id},4.732122,200,success,
1789928362.797523,GET,GET /api/v1/reservas,5.508459,200,success,
1789928362.846452,GET,GET /api/v1/reservas,5.645637,200,success,
1789928362.981024,GET,GET /api/v1/reservas,6.117431,200,success,
1789928362.987294,GET,GET /api/v1/reservas,4.049868,200,success,
1789928362.999713,GET,GET /api/v1/reservas/{id},4.260718,200,success,
1789928363.001090,GET,GET /api/v1/reservas,5.051986,200,success,
1789928363.016622,GET,GET /api/v1/reservas,8.277596,200,success,
1789928363.025538,GET,GET /api/v1/reservas,4.691810,200,success,
1789928363.090384,GET,GET /api/v1/reservas,5.581529,200,success,
1789928363.184848,GET,GET /api/v1/reservas,6.065443,200,success,
1789928363.194033,GET,GET /api/v1/reservas,4.888118,200,success,
1789928363.250554,GET,GET /api/v1/reservas,5.231819,200,success,
1789928363.288685,GET,GET /api/v1/reservas,4.837031,200,success,
1789928363.341293,GET,GET /api/v1/reservas,6.272247,200,success,
1789928363.345241,GET,GET /api/v1/reservas,5.463571,200,success,
1789928363.357967,GET,GET /api/v1/reservas,4.463315,200,success,
1789928363.365442,GET,GET /api/v1/reservas,4.201508,200,success,
1789928363.375710,GET,GET /api/v1/reservas,4.185924,200,success,
1789928363.376057,GET,GET /api/v1/reservas,5.377100,200,success,
1789928363.458007,GET,GET /api/v1/reservas,5.611275,200,success,
1789928363.491931,GET,GET /api/v1/reservas,4.661605,200,success,
1789928363.506274,GET,GET /api/v1/reservas,4.122829,200,success,
1789928363.512023,GET,GET /api/v1/reservas,4.518970,200,success,
1789928363.663055,GET,GET /api/v1/reservas,5.841384,200,success,
1789928363.682772,GET,GET /api/v1/reservas,4.474963,200,success,
1789928363.692725,GET,GET /api/v1/reservas/{id},3.277747,200,success,
1789928363.693465,GET,GET /api/v1/reservas,4.460110,200,success,
1789928363.724430,GET,GET /api/v1/reservas,4.691481,200,success,
1789928363.733739,GET,GET /api/v1/reservas,4.050891,200,success,
1789928363.747118,GET,GET /api/v1/reservas,5.112579,200,success,
1789928363.789113,GET,GET /api/v1/reservas,10.568699,200,success,
1789928363.816749,GET,GET /api/v1/reservas,7.223718,200,success,
1789928363.899821,GET,GET /api/v1/reservas/{id},5.919561,200,success,
1789928363.903755,GET,GET /api/v1/reservas,14.788244,200,success,
1789928363.931572,GET,GET /api/v1/reservas/{id},6.568596,200,success,
1789928364.016330,GET,GET /api/v1/reservas,12.340314,200,success,
1789928364.016845,GET,GET /api/v1/reservas,9.260926,200,success,
1789928364.058750,GET,GET /api/v1/reservas/{id},5.646348,200,success,
1789928364.094877,GET,GET /api/v1/reservas,6.765014,200,success,
1789928364.115897,GET,GET /api/v1/reservas,4.747074,200,success,
1789928364.194149,GET,GET /api/v1/reservas,6.862322,200,success,
1789928364.215659,GET,GET /api/v1/reservas/{id},4.306356,200,success,
1789928364.371075,GET,GET /api/v1/reservas,10.871537,200,success,
1789928364.423580,GET,GET /api/v1/reservas,8.112225,200,success,
1789928364.470331,GET,GET /api/v1/reservas,5.433095,200,success,
1789928364.514462,GET,GET /api/v1/reservas/{id},3.942246,200,success,
1789928364.621282,GET,GET /api/v1/reservas/{id},4.954148,200,success,
1789928364.651629,GET,GET /api/v1/reservas/{id},4.153055,200,success,
1789928364.692142,GET,GET /api/v1/reservas,5.191318,200,success,
1789928364.739692,GET,GET /api/v1/reservas,5.260593,200,success,
1789928364.745016,GET,GET /api/v1/reservas,4.085102,200,success,
1789928364.819490,GET,GET /api/v1/reservas,6.114077,200,success,
1789928364.825831,GET,GET /api/v1/reservas,4.101056,200,success,
1789928364.856025,GET,GET /api/v1/reservas/{id},4.000913,200,success,
1789928365.096747,GET,GET /api/v1/reservas,6.173537,200,success,
1789928365.101178,GET,GET /api/v1/reservas,5.687911,200,success,
1789928365.102492,GET,GET /api/v1/reservas,4.479189,200,success,
1789928365.104259,GET,GET /api/v1/reservas,4.589917,200,success,
1789928365.161229,GET,GET /api/v1/reservas/{id},4.781186,200,success,
1789928365.180707,GET,GET /api/v1/reservas/{id},3.302466,200,success,
1789928365.197630,GET,GET /api/v1/reservas,4.603968,200,success,
1789928365.216502,GET,GET /api/v1/reservas,4.616978,200,success,
1789928365.222080,GET,GET /api/v1/reservas,4.333147,200,success,
1789928365.259022,GET,GET /api/v1/reservas/{id},4.705633,200,success,
1789928365.261614,GET,GET /api/v1/reservas,5.435948,200,success,
1789928365.295907,GET,GET /api/v1/reservas,5.038527,200,success,
1789928365.339342,GET,GET /api/v1/reservas,5.150547,200,success,
1789928365.353536,GET,GET /api/v1/reservas,4.923481,200,success,
1789928365.444713,GET,GET /api/v1/reservas,5.834062,200,success,
1789928365.485319,GET,GET /api/v1/reservas,5.306842,200,success,
1789928365.493295,GET,GET /api/v1/reservas,4.684581,200,success,
1789928365.580948,GET,GET /api/v1/reservas,5.924620,200,success,
1789928365.643366,GET,GET /api/v1/reservas,5.482860,200,success,
1789928365.664394,GET,GET /api/v1/reservas,4.755958,200,success,
1789928365.708710,GET,GET /api/v1/reservas,6.000054,200,success,
1789928365.710329,GET,GET /api/v1/reservas/{id},3.979671,200,success,
1789928365.732115,GET,GET /api/v1/reservas,4.544306,200,success,
1789928365.773220,GET,GET /api/v1/reservas,5.794492,200,success,
1789928365.787161,GET,GET /api/v1/reservas/{id},3.763063,200,success,
1789928365.840538,GET,GET /api/v1/reservas/{id},4.181748,200,success,
1789928365.867207,GET,GET /api/v1/reservas/{id},3.465363,200,success,
1789928365.921760,GET,GET /api/v1/reservas,5.273562,200,success,
1789928365.975957,GET,GET /api/v1/reservas,5.933082,200,success,
1789928366.015268,GET,GET /api/v1/reservas,5.032358,200,success,
1789928366.102921,GET,GET /api/v1/reservas,4.489323,200,success,
1789928366.103265,GET,GET /api/v1/reservas,6.686656,200,success,
1789928366.107147,GET,GET /api/v1/reservas,5.037505,200,success,
1789928366.129732,GET,GET /api/v1/reservas,4.350013,200,success,
1789928366.177638,GET,GET /api/v1/reservas,6.584961,200,success,
1789928366.185062,GET,GET /api/v1/reservas/{id},4.225374,200,success,
1789928366.265400,GET,GET /api/v1/reservas,6.919237,200,success,
1789928366.287117,GET,GET /api/v1/reservas,7.305142,200,success,
1789928366.324372,GET,GET /api/v1/reservas/{id},6.663409,200,success,
1789928366.339797,GET,GET /api/v1/reservas,8.032255,200,success,
1789928366.369572,GET,GET /api/v1/reservas,6.448323,200,success,
1789928366.385956,GET,GET /api/v1/reservas,7.091628,200,success,
1789928366.429977,GET,GET /api/v1/reservas/{id},5.764647,200,success,
1789928366.459007,GET,GET /api/v1/reservas,5.691897,200,success,
1789928366.535574,GET,GET /api/v1/reservas,5.912862,200,success,
1789928366.569036,GET,GET /api/v1/reservas,5.179350,200,success,
1789928366.600850,GET,GET /api/v1/reservas,4.540711,200,success,
1789928366.681523,GET,GET /api/v1/reservas,5.668882,200,success,
1789928366.826107,GET,GET /api/v1/reservas,6.116841,200,success,
1789928366.883695,GET,GET /api/v1/reservas,5.257489,200,success,
1789928366.914498,GET,GET /api/v1/reservas/{id},4.654094,200,success,
1789928366.942183,GET,GET /api/v1/reservas,5.392703,200,success,
1789928366.943604,GET,GET /api/v1/reservas/{id},3.315426,200,success,
1789928367.034954,GET,GET /api/v1/reservas,6.012404,200,success,
1789928367.058777,GET,GET /api/v1/reservas/{id},3.628359,200,success,
1789928367.113302,GET,GET /api/v1/reservas,5.199941,200,success,
1789928367.127876,GET,GET /api/v1/reservas,4.283452,200,success,
1789928367.131732,GET,GET /api/v1/reservas,3.709111,200,success,
1789928367.169375,GET,GET /api/v1/reservas,5.345152,200,success,
1789928367.188735,GET,GET /api/v1/reservas,5.058977,200,success,
1789928367.231972,GET,GET /api/v1/reservas/{id},5.030263,200,success,
1789928367.236639,GET,GET /api/v1/reservas,4.452839,200,success,
1789928367.249017,GET,GET /api/v1/reservas,5.088793,200,success,
1789928367.260302,GET,GET /api/v1/reservas,4.043669,200,success,
1789928367.355513,GET,GET /api/v1/reservas,5.865120,200,success,
1789928367.497767,GET,GET /api/v1/reservas,7.831750,200,success,
1789928367.505062,GET,GET /api/v1/reservas,8.792426,200,success,
1789928367.513936,GET,GET /api/v1/reservas,6.560544,200,success,
1789928367.514699,GET,GET /api/v1/reservas,6.602758,200,success,
1789928367.516759,GET,GET /api/v1/reservas,6.918386,200,success,
1789928367.607011,GET,GET /api/v1/reservas,9.648734,200,success,
1789928367.607476,GET,GET /api/v1/reservas,10.725236,200,success,
1789928367.631666,GET,GET /api/v1/reservas,6.875501,200,success,
1789928367.638729,GET,GET /api/v1/reservas,4.762209,200,success,
1789928367.659196,GET,GET /api/v1/reservas,6.159447,200,success,
1789928367.659634,GET,GET /api/v1/reservas,4.922711,200,success,
1789928367.683874,GET,GET /api/v1/reservas,4.946948,200,success,
1789928367.724310,GET,GET /api/v1/reservas,5.108163,200,success,
1789928367.832822,GET,GET /api/v1/reservas,8.135280,200,success,
1789928367.843881,GET,GET /api/v1/reservas,4.802168,200,success,
1789928367.896168,GET,GET /api/v1/reservas/{id},4.083018,200,success,
1789928367.920068,GET,GET /api/v1/reservas,4.633322,200,success,
1789928367.926356,GET,GET /api/v1/reservas,4.068105,200,success,
1789928367.941937,GET,GET /api/v1/reservas/{id},3.410169,200,success,
1789928367.960714,GET,GET /api/v1/reservas/{id},3.613507,200,success,
1789928367.964593,GET,GET /api/v1/reservas,4.854347,200,success,
1789928367.965193,GET,GET /api/v1/reservas,5.128312,200,success,
1789928367.969102,GET,GET /api/v1/reservas,5.114853,200,success,
1789928367.969517,GET,GET /api/v1/reservas,4.755577,200,success,
1789928367.992698,GET,GET /api/v1/reservas,4.940157,200,success,
1789928368.088410,GET,GET /api/v1/reservas/{id},5.432163,200,success,
1789928368.200798,GET,GET /api/v1/reservas,5.976999,200,success,
1789928368.209425,GET,GET /api/v1/reservas,4.356734,200,success,
1789928368.353718,GET,GET /api/v1/reservas,5.900092,200,success,
1789928368.407874,GET,GET /api/v1/reservas,5.832229,200,success,
1789928368.487786,GET,GET /api/v1/reservas/{id},4.663408,200,success,
1789928368.529873,GET,GET /api/v1/reservas,5.796695,200,success,
1789928368.622597,GET,GET /api/v1/reservas,5.775354,200,success,
1789928368.631848,GET,GET /api/v1/reservas,4.006001,200,success,
1789928368.644317,GET,GET /api/v1/reservas,4.252545,200,success,
1789928368.668083,GET,GET /api/v1/reservas,4.509975,200,success,
1789928368.747799,GET,GET /api/v1/reservas/{id},4.481132,200,success,
1789928368.770374,GET,GET /api/v1/reservas/{id},3.396819,200,success,
1789928368.794318,GET,GET /api/v1/reservas,4.712884,200,success,
1789928368.866181,GET,GET /api/v1/reservas,5.513075,200,success,
1789928368.869126,GET,GET /api/v1/reservas/{id},3.823265,200,success,
1789928368.904754,GET,GET /api/v1/reservas,5.409610,200,success,
1789928368.927651,GET,GET /api/v1/reservas,4.652742,200,success,
1789928368.954461,GET,GET /api/v1/reservas,4.540783,200,success,
1789928368.965865,GET,GET /api/v1/reservas,4.202158,200,success,
1789928369.156322,GET,GET /api/v1/reservas,6.023119,200,success,
1789928369.259968,GET,GET /api/v1/reservas,10.195022,200,success,
1789928369.310886,GET,GET /api/v1/reservas,5.610214,200,success,
1789928369.382561,GET,GET /api/v1/reservas/{id},4.433108,200,success,
1789928369.421768,GET,GET /api/v1/reservas/{id},3.970348,200,success,
1789928369.520980,GET,GET /api/v1/reservas,5.815033,200,success,
1789928369.536478,GET,GET /api/v1/reservas,4.209059,200,success,
1789928369.557509,GET,GET /api/v1/reservas,5.398342,200,success,
1789928369.558528,GET,GET /api/v1/reservas,6.089110,200,success,
1789928369.567779,GET,GET /api/v1/reservas,4.016086,200,success,
1789928369.601852,GET,GET /api/v1/reservas/{id},3.897327,200,success,
1789928369.603713,GET,GET /api/v1/reservas,4.067404,200,success,
1789928369.613540,GET,GET /api/v1/reservas,4.016308,200,success,
1789928369.629857,GET,GET /api/v1/reservas,4.091532,200,success,
1789928369.668727,GET,GET /api/v1/reservas,4.623827,200,success,
1789928369.697133,GET,GET /api/v1/reservas/{id},4.235309,200,success,
1789928369.716978,GET,GET /api/v1/reservas,4.549987,200,success,
1789928369.797259,GET,GET /api/v1/reservas,5.930679,200,success,
1789928369.855334,GET,GET /api/v1/reservas,5.786600,200,success,
1789928369.952645,GET,GET /api/v1/reservas,5.942627,200,success,
1789928369.979633,GET,GET /api/v1/reservas,4.747004,200,success,
1789928370.044124,GET,GET /api/v1/reservas,6.136170,200,success,
1789928370.073317,GET,GET /api/v1/reservas/{id},3.980623,200,success,
1789928370.116618,GET,GET /api/v1/reservas,5.006568,200,success,
1789928370.132220,GET,GET /api/v1/reservas,4.359028,200,success,
1789928370.134772,GET,GET /api/v1/reservas,4.354420,200,success,
1789928370.137371,GET,GET /api/v1/reservas,3.900652,200,success,
1789928370.145505,GET,GET /api/v1/reservas,3.925649,200,success,
1789928370.202357,GET,GET /api/v1/reservas,6.175640,200,success,
1789928370.223271,GET,GET /api/v1/reservas,4.630669,200,success,
1789928370.251306,GET,GET /api/v1/reservas,4.757932,200,success,
1789928370.387765,GET,GET /api/v1/reservas,7.044516,200,success,
1789928370.436396,GET,GET /api/v1/reservas/{id},4.405557,200,success,
1789928370.457484,GET,GET /api/v1/reservas,4.780365,200,success,
1789928370.461912,GET,GET /api/v1/reservas/{id},3.273382,200,success,
1789928370.464777,GET,GET /api/v1/reservas,4.013213,200,success,
1789928370.487444,GET,GET /api/v1/reservas,4.438427,200,success,
1789928370.565252,GET,GET /api/v1/reservas/{id},4.596758,200,success,
1789928370.602438,GET,GET /api/v1/reservas,4.874488,200,success,
1789928370.613330,GET,GET /api/v1/reservas,4.094776,200,success,
1789928370.620806,GET,GET /api/v1/reservas/{id},3.316586,200,success,
1789928370.625126,GET,GET /api/v1/reservas,4.724130,200,success,
1789928370.745311,GET,GET /api/v1/reservas,5.820531,200,success,
1789928370.764323,GET,GET /api/v1/reservas,4.752984,200,success,
1789928370.857437,GET,GET /api/v1/reservas,5.737357,200,success,
1789928370.913731,GET,GET /api/v1/reservas,5.989648,200,success,
1789928370.916046,GET,GET /api/v1/reservas,4.616457,200,success,
1789928371.000207,GET,GET /api/v1/reservas,6.828779,200,success,
1789928371.014026,GET,GET /api/v1/reservas/{id},3.606617,200,success,
1789928371.077665,GET,GET /api/v1/reservas,5.312532,200,success,
1789928371.158453,GET,GET /api/v1/reservas,18.450874,200,success,
1789928371.176387,GET,GET /api/v1/reservas,6.613453,200,success,
1789928371.211081,GET,GET /api/v1/reservas,5.371091,200,success,
1789928371.245168,GET,GET /api/v1/reservas,5.770556,200,success,
1789928371.276507,GET,GET /api/v1/reservas,7.032849,200,success,
1789928371.277246,GET,GET /api/v1/reservas,6.037381,200,success,
1789928371.338003,GET,GET /api/v1/reservas/{id},5.516381,200,success,
1789928371.338208,GET,GET /api/v1/reservas/{id},5.310399,200,success,
1789928371.461740,GET,GET /api/v1/reservas/{id},6.293970,200,success,
1789928371.604152,GET,GET /api/v1/reservas,7.002433,200,success,
1789928371.661023,GET,GET /api/v1/reservas/{id},6.239136,200,success,
1789928371.663018,GET,GET /api/v1/reservas,8.632032,200,success,
1789928371.664923,GET,GET /api/v1/reservas,6.353680,200,success,
1789928371.670455,GET,GET /api/v1/reservas,6.160638,200,success,
1789928371.671244,GET,GET /api/v1/reservas,4.869721,200,success,
1789928371.690587,GET,GET /api/v1/reservas,5.080350,200,success,
1789928371.789879,GET,GET /api/v1/reservas,5.998591,200,success,
1789928371.831900,GET,GET /api/v1/reservas,4.762498,200,success,
1789928371.937674,GET,GET /api/v1/reservas,6.442335,200,success,
1789928371.940589,GET,GET /api/v1/reservas/{id},3.617683,200,success,
1789928371.944188,GET,GET /api/v1/reservas,4.122158,200,success,
1789928372.009052,GET,GET /api/v1/reservas,7.542120,200,success,
1789928372.101156,GET,GET /api/v1/reservas,10.686597,200,success,
1789928372.101665,GET,GET /api/v1/reservas,9.279955,200,success,
1789928372.120942,GET,GET /api/v1/reservas,4.948490,200,success,
1789928372.244696,GET,GET /api/v1/reservas/{id},8.545422,200,success,
1789928372.253771,GET,GET /api/v1/reservas/{id},4.845885,200,success,
1789928372.361503,GET,GET /api/v1/reservas/{id},5.382578,200,success,
1789928372.415094,GET,GET /api/v1/reservas,6.228610,200,success,
1789928372.424530,GET,GET /api/v1/reservas,4.146143,200,success,
1789928372.470966,GET,GET /api/v1/reservas/{id},4.232205,200,success,
1789928372.517494,GET,GET /api/v1/reservas,5.219742,200,success,
1789928372.520250,GET,GET /api/v1/reservas,4.370914,200,success,
1789928372.524395,GET,GET /api/v1/reservas/{id},3.003081,200,success,
1789928372.618931,GET,GET /api/v1/reservas,6.551319,200,success,
1789928372.622864,GET,GET /api/v1/reservas,5.020821,200,success,
1789928372.669212,GET,GET /api/v1/reservas,5.045516,200,success,
1789928372.682668,GET,GET /api/v1/reservas/{id},3.295074,200,success,
1789928372.726701,GET,GET /api/v1/reservas/{id},6.636788,200,success,
1789928372.737241,GET,GET /api/v1/reservas,6.239277,200,success,
1789928372.754745,GET,GET /api/v1/reservas,5.219691,200,success,
1789928372.780035,GET,GET /api/v1/reservas,5.968877,200,success,
1789928372.922185,GET,GET /api/v1/reservas,5.840623,200,success,
1789928372.929753,GET,GET /api/v1/reservas,4.306677,200,success,
1789928372.936108,GET,GET /api/v1/reservas,4.085302,200,success,
1789928372.974080,GET,GET /api/v1/reservas,4.676297,200,success,
1789928373.043866,GET,GET /api/v1/reservas,6.442545,200,success,
1789928373.095953,GET,GET /api/v1/reservas,5.752488,200,success,
1789928373.131260,GET,GET /api/v1/reservas,4.980209,200,success,
1789928373.212227,GET,GET /api/v1/reservas,4.745662,200,success,
1789928373.212572,GET,GET /api/v1/reservas,7.015804,200,success,
1789928373.300915,GET,GET /api/v1/reservas,6.031882,200,success,
1789928373.326704,GET,GET /api/v1/reservas/{id},3.612936,200,success,
1789928373.345150,GET,GET /api/v1/reservas/{id},4.242400,200,success,
1789928373.394725,GET,GET /api/v1/reservas/{id},4.366088,200,success,
1789928373.411254,GET,GET /api/v1/reservas/{id},3.333923,200,success,
1789928373.550850,GET,GET /api/v1/reservas,15.808570,200,success,
1789928373.612953,GET,GET /api/v1/reservas,6.757092,200,success,
1789928373.617064,GET,GET /api/v1/reservas,4.755798,200,success,
1789928373.690108,GET,GET /api/v1/reservas,5.687831,200,success,
1789928373.765843,GET,GET /api/v1/reservas,6.404227,200,success,
1789928373.827739,GET,GET /api/v1/reservas,5.577152,200,success,
1789928373.832113,GET,GET /api/v1/reservas/{id},3.209384,200,success,
1789928373.842821,GET,GET /api/v1/reservas,4.473000,200,success,
1789928373.878438,GET,GET /api/v1/reservas/{id},7.384832,200,success,
1789928373.895626,GET,GET /api/v1/reservas,12.858460,200,success,
1789928373.896223,GET,GET /api/v1/reservas,20.132934,200,success,
1789928373.955326,GET,GET /api/v1/reservas,5.810156,200,success,
1789928373.983357,GET,GET /api/v1/reservas,4.773595,200,success,
1789928373.991464,GET,GET /api/v1/reservas,4.856080,200,success,
1789928374.043910,GET,GET /api/v1/reservas,5.150486,200,success,
1789928374.151305,GET,GET /api/v1/reservas,7.033981,200,success,
1789928374.160577,GET,GET /api/v1/reservas,5.970790,200,success,
1789928374.214468,GET,GET /api/v1/reservas,9.562493,200,success,
1789928374.331463,GET,GET /api/v1/reservas,8.523318,200,success,
1789928374.347808,GET,GET /api/v1/reservas/{id},8.119055,200,success,
1789928374.377976,GET,GET /api/v1/reservas,9.737850,200,success,
1789928374.479185,GET,GET /api/v1/reservas,7.825090,200,success,
1789928374.495639,GET,GET /api/v1/reservas,6.159726,200,success,
1789928374.556690,GET,GET /api/v1/reservas,7.645208,200,success,
1789928374.579453,GET,GET /api/v1/reservas,7.443332,200,success,
1789928374.638731,GET,GET /api/v1/reservas,7.670245,200,success,
1789928374.670693,GET,GET /api/v1/reservas/{id},5.713349,200,success,
1789928374.671684,GET,GET /api/v1/reservas/{id},4.885776,200,success,
1789928374.705140,GET,GET /api/v1/reservas,7.047522,200,success,
1789928374.715405,GET,GET /api/v1/reservas,5.957069,200,success,
1789928374.722253,GET,GET /api/v1/reservas/{id},3.654268,200,success,
1789928374.733210,GET,GET /api/v1/reservas,4.663678,200,success,
1789928374.841702,GET,GET /api/v1/reservas,6.177162,200,success,
1789928374.858259,GET,GET /api/v1/reservas/{id},3.371139,200,success,
1789928374.866465,GET,GET /api/v1/reservas,3.946602,200,success,
1789928374.952655,GET,GET /api/v1/reservas,5.855135,200,success,
1789928374.982585,GET,GET /api/v1/reservas,4.678641,200,success,
1789928374.995908,GET,GET /api/v1/reservas,4.066343,200,success,
1789928375.033840,GET,GET /api/v1/reservas,4.679322,200,success,
1789928375.067430,GET,GET /api/v1/reservas/{id},3.756974,200,success,
1789928375.068263,GET,GET /api/v1/reservas,5.177857,200,success,
1789928375.111812,GET,GET /api/v1/reservas,5.284680,200,success,
1789928375.124468,GET,GET /api/v1/reservas,4.414852,200,success,
1789928375.202274,GET,GET /api/v1/reservas,6.460361,200,success,
1789928375.202900,GET,GET /api/v1/reservas,6.697621,200,success,
1789928375.206566,GET,GET /api/v1/reservas,4.132554,200,success,
1789928375.269643,GET,GET /api/v1/reservas,5.724195,200,success,
1789928375.380685,GET,GET /api/v1/reservas/{id},4.800516,200,success,
1789928375.427718,GET,GET /api/v1/reservas/{id},3.841953,200,success,
1789928375.511500,GET,GET /api/v1/reservas/{id},4.538398,200,success,
1789928375.529398,GET,GET /api/v1/reservas,4.650650,200,success,
1789928375.575126,GET,GET /api/v1/reservas,5.057827,200,success,
1789928375.583385,GET,GET /api/v1/reservas,4.047845,200,success,
1789928375.595695,GET,GET /api/v1/reservas,4.100004,200,success,
1789928375.679698,GET,GET /api/v1/reservas,6.031973,200,success,
1789928375.740403,GET,GET /api/v1/reservas,5.397130,200,success,
1789928375.752973,GET,GET /api/v1/reservas,4.290683,200,success,
1789928375.774714,GET,GET /api/v1/reservas,4.462454,200,success,
1789928375.783023,GET,GET /api/v1/reservas/{id},3.134440,200,success,
1789928375.854046,GET,GET /api/v1/reservas,5.682002,200,success,
1789928375.865375,GET,GET /api/v1/reservas/{id},3.167992,200,success,
1789928375.969216,GET,GET /api/v1/reservas,6.483797,200,success,
1789928375.971335,GET,GET /api/v1/reservas,4.344645,200,success,
1789928375.986857,GET,GET /api/v1/reservas/{id},3.355786,200,success,
1789928376.031914,GET,GET /api/v1/reservas/{id},3.863736,200,success,
1789928376.069145,GET,GET /api/v1/reservas,4.891894,200,success,
1789928376.150923,GET,GET /api/v1/reservas/{id},4.507102,200,success,
1789928376.208292,GET,GET /api/v1/reservas,5.089503,200,success,
1789928376.219789,GET,GET /api/v1/reservas,4.233386,200,success,
1789928376.309943,GET,GET /api/v1/reservas,5.802676,200,success,
1789928376.333615,GET,GET /api/v1/reservas,7.402919,200,success,
1789928376.340708,GET,GET /api/v1/reservas,4.885114,200,success,
1789928376.383732,GET,GET /api/v1/reservas/{id},3.833320,200,success,
1789928376.412562,GET,GET /api/v1/reservas/{id},3.641078,200,success,
1789928376.482450,GET,GET /api/v1/reservas,6.518360,200,success,
1789928376.490598,GET,GET /api/v1/reservas,5.826301,200,success,
1789928376.530702,GET,GET /api/v1/reservas,9.299825,200,success,
1789928376.530787,GET,GET /api/v1/reservas/{id},8.975184,200,success,
1789928376.565190,GET,GET /api/v1/reservas,9.102065,200,success,
1789928376.699866,GET,GET /api/v1/reservas,7.388068,200,success,
1789928376.721242,GET,GET /api/v1/reservas,6.058553,200,success,
1789928376.757780,GET,GET /api/v1/reservas/{id},4.339858,200,success,
1789928376.766074,GET,GET /api/v1/reservas,4.995621,200,success,
1789928376.846122,GET,GET /api/v1/reservas,5.680560,200,success,
1789928376.877425,GET,GET /api/v1/reservas/{id},3.735201,200,success,
1789928376.878437,GET,GET /api/v1/reservas,5.062593,200,success,
1789928376.920146,GET,GET /api/v1/reservas,5.443490,200,success,
1789928376.930479,GET,GET /api/v1/reservas,4.088407,200,success,
1789928376.940826,GET,GET /api/v1/reservas,4.106214,200,success,
1789928376.960742,GET,GET /api/v1/reservas/{id},3.731867,200,success,
1789928376.988183,GET,GET /api/v1/reservas/{id},5.225590,200,success,
1789928377.006643,GET,GET /api/v1/reservas,6.153816,200,success,
1789928377.075549,GET,GET /api/v1/reservas,5.566827,200,success,
1789928377.154930,GET,GET /api/v1/reservas,9.041364,200,success,
1789928377.161454,GET,GET /api/v1/reservas,7.365783,200,success,
1789928377.268117,GET,GET /api/v1/reservas,6.243512,200,success,
1789928377.289964,GET,GET /api/v1/reservas/{id},3.673237,200,success,
1789928377.324200,GET,GET /api/v1/reservas,5.885340,200,success,
1789928377.328159,GET,GET /api/v1/reservas,5.114121,200,success,
1789928377.462313,GET,GET /api/v1/reservas,5.746771,200,success,
1789928377.511419,GET,GET /api/v1/reservas,5.819050,200,success,
1789928377.582623,GET,GET /api/v1/reservas,5.462389,200,success,
1789928377.587755,GET,GET /api/v1/reservas/{id},2.968950,200,success,
1789928377.596299,GET,GET /api/v1/reservas,4.312917,200,success,
1789928377.600062,GET,GET /api/v1/reservas,4.352837,200,success,
1789928377.732297,GET,GET /api/v1/reservas,8.214871,200,success,
1789928377.735440,GET,GET /api/v1/reservas,5.426384,200,success,
1789928377.762895,GET,GET /api/v1/reservas,6.148139,200,success,
1789928377.846844,GET,GET /api/v1/reservas,7.599087,200,success,
1789928377.925632,GET,GET /api/v1/reservas,7.384303,200,success,
1789928377.951355,GET,GET /api/v1/reservas/{id},5.457091,200,success,
1789928378.012398,GET,GET /api/v1/reservas,6.689669,200,success,
1789928378.053902,GET,GET /api/v1/reservas,5.201994,200,success,
1789928378.057836,GET,GET /api/v1/reservas,4.527472,200,success,
1789928378.060684,GET,GET /api/v1/reservas,4.338636,200,success,
1789928378.065797,GET,GET /api/v1/reservas,3.912391,200,success,
1789928378.128631,GET,GET /api/v1/reservas/{id},4.618160,200,success,
1789928378.185430,GET,GET /api/v1/reservas/{id},4.554984,200,success,
1789928378.289761,GET,GET /api/v1/reservas,5.953733,200,success,
1789928378.403620,GET,GET /api/v1/reservas,6.470227,200,success,
1789928378.415607,GET,GET /api/v1/reservas/{id},3.803403,200,success,
1789928378.440507,GET,GET /api/v1/reservas,4.643277,200,success,
1789928378.447776,GET,GET /api/v1/reservas/{id},3.820971,200,success,
1789928378.449600,GET,GET /api/v1/reservas,5.857078,200,success,
1789928378.453258,GET,GET /api/v1/reservas,4.242080,200,success,
1789928378.622876,GET,GET /api/v1/reservas/{id},5.329047,200,success,
1789928378.633106,GET,GET /api/v1/reservas/{id},3.094890,200,success,
1789928378.682517,GET,GET /api/v1/reservas,5.111718,200,success,
1789928378.693177,GET,GET /api/v1/reservas,4.438868,200,success,
1789928378.709780,GET,GET /api/v1/reservas,4.374791,200,success,
1789928378.726230,GET,GET /api/v1/reservas,4.217692,200,success,
1789928378.766177,GET,GET /api/v1/reservas,5.587017,200,success,
1789928378.769377,GET,GET /api/v1/reservas,4.249611,200,success,
1789928378.884698,GET,GET /api/v1/reservas,6.029518,200,success,
1789928378.886330,GET,GET /api/v1/reservas,4.933638,200,success,
1789928378.920280,GET,GET /api/v1/reservas,4.702717,200,success,
1789928378.924475,GET,GET /api/v1/reservas,4.042979,200,success,
1789928378.937549,GET,GET /api/v1/reservas,4.836901,200,success,
1789928379.008321,GET,GET /api/v1/reservas,5.482300,200,success,
1789928379.011200,GET,GET /api/v1/reservas/{id},3.682581,200,success,
1789928379.018728,GET,GET /api/v1/reservas,4.291866,200,success,
1789928379.090254,GET,GET /api/v1/reservas,6.160307,200,success,
1789928379.167134,GET,GET /api/v1/reservas/{id},4.631309,200,success,
1789928379.177562,GET,GET /api/v1/reservas,4.200266,200,success,
1789928379.196257,GET,GET /api/v1/reservas,4.437655,200,success,
1789928379.204031,GET,GET /api/v1/reservas,4.545459,200,success,
1789928379.249012,GET,GET /api/v1/reservas,5.670885,200,success,
1789928379.324185,GET,GET /api/v1/reservas,5.809525,200,success,
1789928379.350302,GET,GET /api/v1/reservas,4.800797,200,success,
1789928379.357568,GET,GET /api/v1/reservas,4.026062,200,success,
1789928379.439598,GET,GET /api/v1/reservas/{id},4.783129,200,success,
1789928379.503193,GET,GET /api/v1/reservas/{id},4.374770,200,success,
1789928379.526208,GET,GET /api/v1/reservas,4.756209,200,success,
1789928379.538269,GET,GET /api/v1/reservas,4.819205,200,success,
1789928379.548814,GET,GET /api/v1/reservas,3.989707,200,success,
1789928379.648638,GET,GET /api/v1/reservas,5.762814,200,success,
1789928379.665649,GET,GET /api/v1/reservas,4.812765,200,success,
1789928379.685141,GET,GET /api/v1/reservas,4.230623,200,success,
1789928379.761049,GET,GET /api/v1/reservas,5.560108,200,success,
1789928379.774179,GET,GET /api/v1/reservas,4.864824,200,success,
1789928379.813246,GET,GET /api/v1/reservas,4.810111,200,success,
1789928379.848363,GET,GET /api/v1/reservas,4.874368,200,success,
1789928379.854767,GET,GET /api/v1/reservas/{id},3.243135,200,success,
1789928379.935352,GET,GET /api/v1/reservas,6.226497,200,success,
1789928379.945007,GET,GET /api/v1/reservas,4.390896,200,success,
1789928379.963965,GET,GET /api/v1/reservas,4.678692,200,success,
1789928380.022206,GET,GET /api/v1/reservas,6.871615,200,success,
1789928380.044448,GET,GET /api/v1/reservas,4.912446,200,success,
1789928380.052928,GET,GET /api/v1/reservas,4.217002,200,success,
1789928380.063606,GET,GET /api/v1/reservas,4.449244,200,success,
1789928380.077076,GET,GET /api/v1/reservas,4.219576,200,success,
1789928380.088440,GET,GET /api/v1/reservas,4.128969,200,success,
1789928380.185312,GET,GET /api/v1/reservas,6.514884,200,success,
1789928380.219254,GET,GET /api/v1/reservas,4.642226,200,success,
1789928380.270324,GET,GET /api/v1/reservas,6.748869,200,success,
1789928380.296308,GET,GET /api/v1/reservas/{id},3.800350,200,success,
1789928380.357113,GET,GET /api/v1/reservas,6.424768,200,success,
1789928380.395551,GET,GET /api/v1/reservas/{id},5.179931,200,success,
1789928380.475791,GET,GET /api/v1/reservas,5.870517,200,success,
1789928380.504330,GET,GET /api/v1/reservas,5.284871,200,success,
1789928380.526033,GET,GET /api/v1/reservas/{id},3.498763,200,success,
1789928380.563008,GET,GET /api/v1/reservas,4.710019,200,success,
1789928380.601085,GET,GET /api/v1/reservas,4.801728,200,success,
1789928380.676358,GET,GET /api/v1/reservas/{id},4.434282,200,success,
1789928380.821481,GET,GET /api/v1/reservas,10.454035,200,success,
1789928380.831230,GET,GET /api/v1/reservas,5.432595,200,success,
1789928380.886806,GET,GET /api/v1/reservas,5.274094,200,success,
1789928380.993890,GET,GET /api/v1/reservas,6.685733,200,success,
1789928381.021169,GET,GET /api/v1/reservas,4.976784,200,success,
1789928381.070793,GET,GET /api/v1/reservas,5.298691,200,success,
1789928381.093632,GET,GET /api/v1/reservas,5.526726,200,success,
1789928381.096326,GET,GET /api/v1/reservas,4.192915,200,success,
1789928381.223405,GET,GET /api/v1/reservas/{id},4.795529,200,success,
1789928381.254796,GET,GET /api/v1/reservas,5.121272,200,success,
1789928381.293779,GET,GET /api/v1/reservas,5.634920,200,success,
1789928381.296067,GET,GET /api/v1/reservas/{id},3.385492,200,success,
1789928381.404209,GET,GET /api/v1/reservas,5.754783,200,success,
1789928381.457685,GET,GET /api/v1/reservas,5.149065,200,success,
1789928381.472974,GET,GET /api/v1/reservas,5.017735,200,success,
1789928381.475546,GET,GET /api/v1/reservas,4.023118,200,success,
1789928381.507777,GET,GET /api/v1/reservas,4.950925,200,success,
1789928381.511131,GET,GET /api/v1/reservas/{id},4.413128,200,success,
1789928381.511874,GET,GET /api/v1/reservas,5.447917,200,success,
1789928381.522500,GET,GET /api/v1/reservas,4.064390,200,success,
1789928381.549625,GET,GET /api/v1/reservas,4.921258,200,success,
1789928381.558847,GET,GET /api/v1/reservas,4.003308,200,success,
1789928381.562964,GET,GET /api/v1/reservas,3.959792,200,success,
1789928381.582529,GET,GET /api/v1/reservas,4.288280,200,success,
1789928381.610480,GET,GET /api/v1/reservas/{id},3.757886,200,success,
1789928381.618269,GET,GET /api/v1/reservas,4.552440,200,success,
1789928381.624456,GET,GET /api/v1/reservas,3.949465,200,success,
1789928381.634585,GET,GET /api/v1/reservas,3.916577,200,success,
1789928381.675821,GET,GET /api/v1/reservas,5.985182,200,success,
1789928381.677634,GET,GET /api/v1/reservas,4.196190,200,success,
1789928381.691579,GET,GET /api/v1/reservas,4.693594,200,success,
1789928381.707803,GET,GET /api/v1/reservas/{id},4.049187,200,success,
1789928381.727014,GET,GET /api/v1/reservas/{id},4.000464,200,success,
1789928381.769617,GET,GET /api/v1/reservas,8.249673,200,success,
1789928381.782175,GET,GET /api/v1/reservas/{id},4.365496,200,success,
1789928381.853482,GET,GET /api/v1/reservas,8.911877,200,success,
1789928381.986105,GET,GET /api/v1/reservas,10.011654,200,success,
1789928381.991127,GET,GET /api/v1/reservas,9.864150,200,success,
1789928382.014085,GET,GET /api/v1/reservas/{id},4.754576,200,success,
1789928382.056668,GET,GET /api/v1/reservas,5.245871,200,success,
1789928382.107048,GET,GET /api/v1/reservas,6.073876,200,success,
1789928382.375874,GET,GET /api/v1/reservas,7.239652,200,success,
1789928382.416713,GET,GET /api/v1/reservas/{id},5.606398,200,success,
1789928382.434081,GET,GET /api/v1/reservas,5.311270,200,success,
1789928382.434516,GET,GET /api/v1/reservas,7.543584,200,success,
1789928382.478799,GET,GET /api/v1/reservas,6.930694,200,success,
1789928382.485903,GET,GET /api/v1/reservas,5.776074,200,success,
1789928382.528497,GET,GET /api/v1/reservas/{id},6.320560,200,success,
1789928382.529997,GET,GET /api/v1/reservas,7.183077,200,success,
1789928382.554632,GET,GET /api/v1/reservas/{id},6.516497,200,success,
1789928382.587161,GET,GET /api/v1/reservas,7.199172,200,success,
1789928382.635920,GET,GET /api/v1/reservas,5.763876,200,success,
1789928382.686383,GET,GET /api/v1/reservas,5.172069,200,success,
1789928382.734338,GET,GET /api/v1/reservas,5.600178,200,success,
1789928382.756304,GET,GET /api/v1/reservas,4.712442,200,success,
1789928382.835936,GET,GET /api/v1/reservas,7.251651,200,success,
1789928382.853794,GET,GET /api/v1/reservas,5.527287,200,success,
1789928382.859558,GET,GET /api/v1/reservas/{id},3.588920,200,success,
1789928382.866709,GET,GET /api/v1/reservas/{id},2.992105,200,success,
1789928382.958872,GET,GET /api/v1/reservas,5.836066,200,success,
1789928382.970951,GET,GET /api/v1/reservas,4.833255,200,success,
1789928382.973112,GET,GET /api/v1/reservas/{id},3.526856,200,success,
1789928383.011311,GET,GET /api/v1/reservas,4.949703,200,success,
1789928383.161631,GET,GET /api/v1/reservas,6.898597,200,success,
1789928383.416399,GET,GET /api/v1/reservas,6.187078,200,success,
1789928383.471917,GET,GET /api/v1/reservas,5.208204,200,success,
1789928383.476148,GET,GET /api/v1/reservas,4.037618,200,success,
1789928383.516518,GET,GET /api/v1/reservas,5.094071,200,success,
1789928383.552621,GET,GET /api/v1/reservas,10.739747,200,success,
1789928383.565757,GET,GET /api/v1/reservas,4.855359,200,success,
1789928383.619935,GET,GET /api/v1/reservas,5.859200,200,success,
1789928383.630892,GET,GET /api/v1/reservas,4.161428,200,success,
1789928383.675596,GET,GET /api/v1/reservas/{id},4.515323,200,success,
1789928383.678334,GET,GET /api/v1/reservas,4.113285,200,success,
1789928383.701510,GET,GET /api/v1/reservas/{id},4.015196,200,success,
1789928383.713973,GET,GET /api/v1/reservas/{id},3.324598,200,success,
1789928383.715368,GET,GET /api/v1/reservas/{id},3.139398,200,success,
1789928383.762843,GET,GET /api/v1/reservas,5.213462,200,success,
1789928383.810963,GET,GET /api/v1/reservas,5.823867,200,success,
1789928383.823740,GET,GET /api/v1/reservas,4.463795,200,success,
1789928383.825869,GET,GET /api/v1/reservas,4.130351,200,success,
1789928383.858185,GET,GET /api/v1/reservas,5.066047,200,success,
1789928383.969012,GET,GET /api/v1/reservas,6.473841,200,success,
1789928383.995024,GET,GET /api/v1/reservas/{id},3.801623,200,success,
1789928384.021131,GET,GET /api/v1/reservas,4.808818,200,success,
1789928384.028068,GET,GET /api/v1/reservas,4.639112,200,success,
1789928384.034310,GET,GET /api/v1/reservas,4.022816,200,success,
1789928384.066145,GET,GET /api/v1/reservas/{id},3.687468,200,success,
1789928384.130911,GET,GET /api/v1/reservas,5.443230,200,success,
1789928384.180496,GET,GET /api/v1/reservas/{id},4.386899,200,success,
1789928384.209907,GET,GET /api/v1/reservas,6.130312,200,success,
1789928384.210440,GET,GET /api/v1/reservas,4.055877,200,success,
1789928384.244264,GET,GET /api/v1/reservas,5.566067,200,success,
1789928384.270159,GET,GET /api/v1/reservas,5.594129,200,success,
1789928384.397174,GET,GET /api/v1/reservas/{id},4.725052,200,success,
1789928384.413322,GET,GET /api/v1/reservas,5.829405,200,success,
1789928384.471227,GET,GET /api/v1/reservas/{id},5.578465,200,success,
1789928384.527221,GET,GET /api/v1/reservas,6.685483,200,success,
1789928384.572461,GET,GET /api/v1/reservas,7.899943,200,success,
1789928384.606733,GET,GET /api/v1/reservas,7.887945,200,success,
1789928384.612978,GET,GET /api/v1/reservas,6.001016,200,success,
1789928384.618054,GET,GET /api/v1/reservas,6.273018,200,success,
1789928384.656842,GET,GET /api/v1/reservas,7.758770,200,success,
1789928384.665513,GET,GET /api/v1/reservas,6.303944,200,success,
1789928384.697695,GET,GET /api/v1/reservas/{id},4.942241,200,success,
1789928384.778230,GET,GET /api/v1/reservas,7.156616,200,success,
1789928384.842579,GET,GET /api/v1/reservas,8.881471,200,success,
1789928384.875060,GET,GET /api/v1/reservas,9.102256,200,success,
1789928384.890531,GET,GET /api/v1/reservas,6.045323,200,success,
1789928384.947211,GET,GET /api/v1/reservas,8.258788,200,success,
1789928385.004369,GET,GET /api/v1/reservas/{id},7.807544,200,success,
1789928385.086374,GET,GET /api/v1/reservas,6.545179,200,success,
1789928385.087355,GET,GET /api/v1/reservas/{id},3.887712,200,success,
1789928385.115525,GET,GET /api/v1/reservas/{id},3.991871,200,success,
1789928385.249332,GET,GET /api/v1/reservas,7.410191,200,success,
1789928385.332669,GET,GET /api/v1/reservas,9.005429,200,success,
1789928385.359565,GET,GET /api/v1/reservas/{id},7.643765,200,success,
1789928385.384468,GET,GET /api/v1/reservas,6.544880,200,success,
1789928385.384896,GET,GET /api/v1/reservas,5.258180,200,success,
1789928385.413306,GET,GET /api/v1/reservas/{id},4.228599,200,success,
1789928385.427465,GET,GET /api/v1/reservas,5.856807,200,success,
1789928385.430381,GET,GET /api/v1/reservas,5.102654,200,success,
1789928385.705287,GET,GET /api/v1/reservas,6.179525,200,success,
1789928385.750362,GET,GET /api/v1/reservas,5.730175,200,success,
1789928385.750936,GET,GET /api/v1/reservas,4.605521,200,success,
1789928385.806237,GET,GET /api/v1/reservas/{id},5.099078,200,success,
1789928385.845541,GET,GET /api/v1/reservas,6.927720,200,success,
1789928385.970769,GET,GET /api/v1/reservas,5.869467,200,success,
1789928386.083022,GET,GET /api/v1/reservas,5.856056,200,success,
1789928386.093629,GET,GET /api/v1/reservas/{id},3.426523,200,success,
1789928386.133790,GET,GET /api/v1/reservas,4.902180,200,success,
1789928386.177027,GET,GET /api/v1/reservas,4.958295,200,success,
1789928386.253638,GET,GET /api/v1/reservas,6.277515,200,success,
1789928386.268505,GET,GET /api/v1/reservas,4.573103,200,success,
1789928386.271944,GET,GET /api/v1/reservas,4.414090,200,success,
1789928386.274239,GET,GET /api/v1/reservas,4.476845,200,success,
1789928386.284657,GET,GET /api/v1/reservas/{id},3.263396,200,success,
1789928386.311932,GET,GET /api/v1/reservas,5.013418,200,success,
1789928386.404279,GET,GET /api/v1/reservas,6.003740,200,success,
1789928386.408145,GET,GET /api/v1/reservas,4.487711,200,success,
1789928386.423668,GET,GET /api/v1/reservas,4.274169,200,success,
1789928386.447192,GET,GET /api/v1/reservas,4.294959,200,success,
1789928386.455505,GET,GET /api/v1/reservas,4.033494,200,success,
1789928386.474513,GET,GET /api/v1/reservas/{id},3.834051,200,success,
1789928386.490692,GET,GET /api/v1/reservas,4.962801,200,success,
1789928386.533376,GET,GET /api/v1/reservas/{id},4.128597,200,success,
1789928386.593157,GET,GET /api/v1/reservas,6.443706,200,success,
1789928386.599138,GET,GET /api/v1/reservas,4.718603,200,success,
1789928386.616218,GET,GET /api/v1/reservas,4.816040,200,success,
1789928386.686397,GET,GET /api/v1/reservas,6.210843,200,success,
1789928386.810076,GET,GET /api/v1/reservas,7.244039,200,success,
1789928386.875048,GET,GET /api/v1/reservas,7.609373,200,success,
1789928386.934771,GET,GET /api/v1/reservas/{id},5.440497,200,success,
1789928386.942999,GET,GET /api/v1/reservas,5.939472,200,success,
1789928386.964795,GET,GET /api/v1/reservas,8.185286,200,success,
1789928386.973994,GET,GET /api/v1/reservas,5.852891,200,success,
1789928387.005738,GET,GET /api/v1/reservas/{id},5.511563,200,success,
1789928387.069487,GET,GET /api/v1/reservas,6.395493,200,success,
1789928387.094047,GET,GET /api/v1/reservas,5.240713,200,success,
1789928387.107658,GET,GET /api/v1/reservas,4.380680,200,success,
1789928387.154546,GET,GET /api/v1/reservas,6.499732,200,success,
1789928387.195056,GET,GET /api/v1/reservas,6.162371,200,success,
1789928387.305383,GET,GET /api/v1/reservas,5.922256,200,success,
1789928387.311502,GET,GET /api/v1/reservas/{id},3.930267,200,success,
1789928387.357306,GET,GET /api/v1/reservas,5.503210,200,success,
1789928387.388754,GET,GET /api/v1/reservas/{id},4.237022,200,success,
1789928387.419120,GET,GET /api/v1/reservas,5.049643,200,success,
1789928387.444972,GET,GET /api/v1/reservas/{id},3.669511,200,success,
1789928387.447958,GET,GET /api/v1/reservas,3.987615,200,success,
1789928387.528225,GET,GET /api/v1/reservas,5.932641,200,success,
1789928387.580508,GET,GET /api/v1/reservas/{id},4.680725,200,success,
1789928387.603315,GET,GET /api/v1/reservas,4.571859,200,success,
1789928387.668450,GET,GET /api/v1/reservas,6.254320,200,success,
1789928387.668799,GET,GET /api/v1/reservas,4.955090,200,success,
1789928387.749949,GET,GET /api/v1/reservas,5.768483,200,success,
1789928387.777231,GET,GET /api/v1/reservas,6.008337,200,success,
1789928387.785884,GET,GET /api/v1/reservas,4.431918,200,success,
1789928387.834315,GET,GET /api/v1/reservas,5.141352,200,success,
1789928387.850842,GET,GET /api/v1/reservas/{id},3.334604,200,success,
1789928387.864812,GET,GET /api/v1/reservas,4.721075,200,success,
1789928387.896630,GET,GET /api/v1/reservas,4.571510,200,success,
1789928387.917589,GET,GET /api/v1/reservas,4.702066,200,success,
1789928387.921857,GET,GET /api/v1/reservas/{id},3.121261,200,success,
1789928387.950222,GET,GET /api/v1/reservas,5.105047,200,success,
1789928387.975959,GET,GET /api/v1/reservas,4.456173,200,success,
1789928387.990720,GET,GET /api/v1/reservas,5.437231,200,success,
1789928388.026009,GET,GET /api/v1/reservas,6.984275,200,success,
1789928388.049568,GET,GET /api/v1/reservas,6.288541,200,success,
1789928388.132197,GET,GET /api/v1/reservas,9.123898,200,success,
1789928388.172383,GET,GET /api/v1/reservas,7.783497,200,success,
1789928388.187142,GET,GET /api/v1/reservas,6.443627,200,success,
1789928388.238788,GET,GET /api/v1/reservas/{id},8.381303,200,success,
1789928388.311257,GET,GET /api/v1/reservas,6.938646,200,success,
1789928388.441658,GET,GET /api/v1/reservas,6.001536,200,success,
1789928388.456359,GET,GET /api/v1/reservas/{id},3.529499,200,success,
1789928388.463447,GET,GET /api/v1/reservas/{id},2.926947,200,success,
1789928388.523142,GET,GET /api/v1/reservas,5.398482,200,success,
1789928388.655468,GET,GET /api/v1/reservas,6.251726,200,success,
1789928388.701791,GET,GET /api/v1/reservas/{id},4.109018,200,success,
1789928388.854222,GET,GET /api/v1/reservas/{id},5.079138,200,success,
1789928388.881931,GET,GET /api/v1/reservas,7.414007,200,success,
1789928388.907542,GET,GET /api/v1/reservas,5.382268,200,success,
1789928388.922423,GET,GET /api/v1/reservas/{id},3.697594,200,success,
1789928389.035834,GET,GET /api/v1/reservas/{id},5.122495,200,success,
1789928389.039897,GET,GET /api/v1/reservas,4.630088,200,success,
1789928389.043670,GET,GET /api/v1/reservas,4.400100,200,success,
1789928389.055023,GET,GET /api/v1/reservas/{id},3.181822,200,success,
1789928389.072366,GET,GET /api/v1/reservas/{id},5.219972,200,success,
1789928389.080034,GET,GET /api/v1/reservas,5.366434,200,success,
1789928389.115473,GET,GET /api/v1/reservas/{id},5.217519,200,success,
1789928389.119315,GET,GET /api/v1/reservas,5.194894,200,success,
1789928389.161700,GET,GET /api/v1/reservas,5.101873,200,success,
1789928389.226273,GET,GET /api/v1/reservas,6.238455,200,success,
1789928389.242059,GET,GET /api/v1/reservas/{id},3.590332,200,success,
1789928389.273121,GET,GET /api/v1/reservas,12.671405,200,success,
1789928389.332581,GET,GET /api/v1/reservas/{id},5.186261,200,success,
1789928389.363900,GET,GET /api/v1/reservas,5.977179,200,success,
1789928389.381188,GET,GET /api/v1/reservas,5.959191,200,success,
1789928389.486776,GET,GET /api/v1/reservas,7.221334,200,success,
1789928389.504764,GET,GET /api/v1/reservas,6.652734,200,success,
1789928389.583852,GET,GET /api/v1/reservas,8.206409,200,success,
1789928389.615344,GET,GET /api/v1/reservas,6.120386,200,success,
1789928389.632587,GET,GET /api/v1/reservas,5.923458,200,success,
1789928389.701300,GET,GET /api/v1/reservas,7.338623,200,success,
1789928389.737765,GET,GET /api/v1/reservas,6.138143,200,success,
1789928389.745468,GET,GET /api/v1/reservas,5.404311,200,success,
1789928389.801898,GET,GET /api/v1/reservas/{id},5.200853,200,success,
1789928389.874596,GET,GET /api/v1/reservas,7.343149,200,success,
1789928389.886271,GET,GET /api/v1/reservas,5.306894,200,success,
1789928389.897874,GET,GET /api/v1/reservas,5.276627,200,success,
1789928389.936828,GET,GET /api/v1/reservas,6.614695,200,success,
1789928389.963408,GET,GET /api/v1/reservas,6.277744,200,success,
1789928389.968599,GET,GET /api/v1/reservas,6.063340,200,success,
1789928390.016101,GET,GET /api/v1/reservas/{id},5.276147,200,success,
1789928390.074923,GET,GET /api/v1/reservas,7.440397,200,success,
1789928390.124780,GET,GET /api/v1/reservas,6.578331,200,success,
1789928390.129961,GET,GET /api/v1/reservas,5.938580,200,success,
1789928390.180719,GET,GET /api/v1/reservas,5.413796,200,success,
1789928390.220887,GET,GET /api/v1/reservas,4.900537,200,success,
1789928390.256906,GET,GET /api/v1/reservas/{id},3.823426,200,success,
1789928390.327481,GET,GET /api/v1/reservas,6.237103,200,success,
1789928390.398555,GET,GET /api/v1/reservas,6.677701,200,success,
1789928390.430878,GET,GET /api/v1/reservas,5.891529,200,success,
1789928390.431401,GET,GET /api/v1/reservas,6.148829,200,success,
1789928390.506429,GET,GET /api/v1/reservas,5.716994,200,success,
1789928390.680356,GET,GET /api/v1/reservas,5.796215,200,success,
1789928390.686122,GET,GET /api/v1/reservas,4.557237,200,success,
1789928390.700644,GET,GET /api/v1/reservas/{id},3.371490,200,success,
1789928390.756692,GET,GET /api/v1/reservas/{id},4.851774,200,success,
1789928390.758118,GET,GET /api/v1/reservas,4.464687,200,success,
1789928390.931530,GET,GET /api/v1/reservas,5.943788,200,success,
1789928390.945451,GET,GET /api/v1/reservas,4.658360,200,success,
1789928390.984410,GET,GET /api/v1/reservas,4.709368,200,success,
1789928391.043710,GET,GET /api/v1/reservas,6.983525,200,success,
1789928391.078697,GET,GET /api/v1/reservas/{id},5.686619,200,success,
1789928391.097524,GET,GET /api/v1/reservas,6.441903,200,success,
1789928391.243049,GET,GET /api/v1/reservas,6.138033,200,success,
1789928391.265552,GET,GET /api/v1/reservas,5.192090,200,success,
1789928391.297999,GET,GET /api/v1/reservas,5.157938,200,success,
1789928391.355779,GET,GET /api/v1/reservas,5.441108,200,success,
1789928391.357231,GET,GET /api/v1/reservas,4.273086,200,success,
1789928391.362523,GET,GET /api/v1/reservas/{id},3.146789,200,success,
1789928391.377890,GET,GET /api/v1/reservas/{id},3.212108,200,success,
1789928391.425944,GET,GET /api/v1/reservas/{id},3.857797,200,success,
1789928391.464164,GET,GET /api/v1/reservas,4.940708,200,success,
1789928391.478663,GET,GET /api/v1/reservas,4.258394,200,success,
1789928391.541742,GET,GET /api/v1/reservas,5.421148,200,success,
1789928391.591980,GET,GET /api/v1/reservas,5.576031,200,success,
1789928391.607661,GET,GET /api/v1/reservas/{id},3.497200,200,success,
1789928391.620348,GET,GET /api/v1/reservas,4.442815,200,success,
1789928391.641883,GET,GET /api/v1/reservas,13.250463,200,success,
1789928391.668631,GET,GET /api/v1/reservas/{id},4.539952,200,success,
1789928391.673123,GET,GET /api/v1/reservas,5.165078,200,success,
1789928391.701667,GET,GET /api/v1/reservas,8.215291,200,success,
1789928391.737515,GET,GET /api/v1/reservas,7.521531,200,success,
1789928391.742846,GET,GET /api/v1/reservas,6.161058,200,success,
1789928391.751595,GET,GET /api/v1/reservas/{id},3.570972,200,success,
1789928391.821517,GET,GET /api/v1/reservas,5.610854,200,success,
1789928391.834635,GET,GET /api/v1/reservas,4.846636,200,success,
1789928391.853409,GET,GET /api/v1/reservas,4.534332,200,success,
1789928391.880186,GET,GET /api/v1/reservas/{id},3.594729,200,success,
1789928391.946789,GET,GET /api/v1/reservas,5.318040,200,success,
1789928392.051529,GET,GET /api/v1/reservas,7.269719,200,success,
1789928392.097965,GET,GET /api/v1/reservas,6.045973,200,success,
1789928392.205400,GET,GET /api/v1/reservas,10.123954,200,success,
1789928392.221790,GET,GET /api/v1/reservas,7.041712,200,success,
1789928392.264683,GET,GET /api/v1/reservas/{id},7.538645,200,success,
1789928392.278429,GET,GET /api/v1/reservas,7.836478,200,success,
1789928392.286287,GET,GET /api/v1/reservas,5.569842,200,success,
1789928392.293358,GET,GET /api/v1/reservas,4.767375,200,success,
1789928392.322791,GET,GET /api/v1/reservas,6.163832,200,success,
1789928392.336944,GET,GET /api/v1/reservas,4.925264,200,success,
1789928392.430202,GET,GET /api/v1/reservas,5.867833,200,success,
1789928392.465046,GET,GET /api/v1/reservas,4.571309,200,success,
1789928392.475562,GET,GET /api/v1/reservas/{id},3.354474,200,success,
1789928392.478764,GET,GET /api/v1/reservas,3.910047,200,success,
1789928392.490998,GET,GET /api/v1/reservas,4.012211,200,success,
1789928392.557512,GET,GET /api/v1/reservas/{id},4.295440,200,success,
1789928392.604908,GET,GET /api/v1/reservas,5.131206,200,success,
1789928392.702965,GET,GET /api/v1/reservas,6.913378,200,success,
1789928392.717978,GET,GET /api/v1/reservas,7.420627,200,success,
1789928392.718418,GET,GET /api/v1/reservas,10.186359,200,success,
1789928392.750382,GET,GET /api/v1/reservas/{id},4.770931,200,success,
1789928392.762835,GET,GET /api/v1/reservas,7.118659,200,success,
1789928392.799863,GET,GET /api/v1/reservas,9.206684,200,success,
1789928392.842542,GET,GET /api/v1/reservas/{id},5.402038,200,success,
1789928392.898715,GET,GET /api/v1/reservas,6.780367,200,success,
1789928392.985869,GET,GET /api/v1/reservas/{id},4.878333,200,success,
1789928393.049122,GET,GET /api/v1/reservas,5.915846,200,success,
1789928393.052304,GET,GET /api/v1/reservas/{id},3.071766,200,success,
1789928393.090295,GET,GET /api/v1/reservas/{id},3.792128,200,success,
1789928393.096148,GET,GET /api/v1/reservas,4.586311,200,success,
1789928393.217439,GET,GET /api/v1/reservas,5.909396,200,success,
1789928393.293440,GET,GET /api/v1/reservas,5.647470,200,success,
1789928393.313909,GET,GET /api/v1/reservas,5.210558,200,success,
1789928393.366375,GET,GET /api/v1/reservas,5.213572,200,success,
1789928393.380852,GET,GET /api/v1/reservas/{id},3.309465,200,success,
1789928393.469507,GET,GET /api/v1/reservas,6.274950,200,success,
1789928393.481428,GET,GET /api/v1/reservas,4.646813,200,success,
1789928393.500069,GET,GET /api/v1/reservas,4.385046,200,success,
1789928393.516631,GET,GET /api/v1/reservas,4.292697,200,success,
1789928393.570537,GET,GET /api/v1/reservas,6.997295,200,success,
1789928393.607023,GET,GET /api/v1/reservas,6.104472,200,success,
1789928393.613802,GET,GET /api/v1/reservas,4.504157,200,success,
1789928393.617233,GET,GET /api/v1/reservas,4.412788,200,success,
1789928393.623144,GET,GET /api/v1/reservas,3.714530,200,success,
1789928393.641567,GET,GET /api/v1/reservas,4.185223,200,success,
1789928393.695109,GET,GET /api/v1/reservas,5.716874,200,success,
1789928393.756728,GET,GET /api/v1/reservas,5.297309,200,success,
1789928393.804126,GET,GET /api/v1/reservas,5.110486,200,success,
1789928393.852947,GET,GET /api/v1/reservas,5.548640,200,success,
1789928394.019346,GET,GET /api/v1/reservas,9.914756,200,success,
1789928394.065145,GET,GET /api/v1/reservas,6.383986,200,success,
1789928394.087177,GET,GET /api/v1/reservas,6.723721,200,success,
1789928394.088697,GET,GET /api/v1/reservas,5.741843,200,success,
1789928394.162865,GET,GET /api/v1/reservas,6.797421,200,success,
1789928394.186733,GET,GET /api/v1/reservas,6.583859,200,success,
1789928394.204348,GET,GET /api/v1/reservas,5.276687,200,success,
1789928394.291182,GET,GET /api/v1/reservas,8.466452,200,success,
1789928394.296752,GET,GET /api/v1/reservas,6.546783,200,success,
1789928394.335147,GET,GET /api/v1/reservas,6.010199,200,success,
1789928394.374242,GET,GET /api/v1/reservas,7.776737,200,success,
1789928394.415157,GET,GET /api/v1/reservas,6.567725,200,success,
1789928394.465809,GET,GET /api/v1/reservas/{id},6.404556,200,success,
1789928394.479442,GET,GET /api/v1/reservas,9.257392,200,success,
1789928394.498618,GET,GET /api/v1/reservas,6.896782,200,success,
1789928394.596305,GET,GET /api/v1/reservas,7.253955,200,success,
1789928394.631756,GET,GET /api/v1/reservas/{id},5.193491,200,success,
1789928394.653887,GET,GET /api/v1/reservas,6.035088,200,success,
1789928394.674618,GET,GET /api/v1/reservas,7.435450,200,success,
1789928394.713248,GET,GET /api/v1/reservas,8.313290,200,success,
1789928394.807862,GET,GET /api/v1/reservas,10.173810,200,success,
1789928394.825938,GET,GET /api/v1/reservas,7.710407,200,success,
1789928394.844393,GET,GET /api/v1/reservas,12.205419,200,success,
1789928394.844613,GET,GET /api/v1/reservas,15.724292,200,success,
1789928394.844766,GET,GET /api/v1/reservas,16.559448,200,success,
1789928394.893935,GET,GET /api/v1/reservas,8.449807,200,success,
1789928394.922382,GET,GET /api/v1/reservas/{id},6.879286,200,success,
1789928394.931788,GET,GET /api/v1/reservas,7.622423,200,success,
1789928394.941866,GET,GET /api/v1/reservas/{id},10.852850,200,success,
1789928394.965534,GET,GET /api/v1/reservas,10.322997,200,success,
1789928394.995678,GET,GET /api/v1/reservas,10.586816,200,success,
1789928395.007600,GET,GET /api/v1/reservas/{id},9.701014,200,success,
1789928395.037948,GET,GET /api/v1/reservas,8.963215,200,success,
1789928395.093397,GET,GET /api/v1/reservas,10.061581,200,success,
1789928395.130764,GET,GET /api/v1/reservas,9.814575,200,success,
1789928395.198786,GET,GET /api/v1/reservas/{id},6.208751,200,success,
1789928395.271644,GET,GET /api/v1/reservas/{id},8.539132,200,success,
1789928395.357307,GET,GET /api/v1/reservas,10.279350,200,success,
1789928395.420464,GET,GET /api/v1/reservas,11.567052,200,success,
1789928395.466672,GET,GET /api/v1/reservas,9.711780,200,success,
1789928395.487660,GET,GET /api/v1/reservas,6.519692,200,success,
1789928395.546698,GET,GET /api/v1/reservas/{id},5.794802,200,success,
1789928395.566861,GET,GET /api/v1/reservas,6.356534,200,success,
1789928395.638596,GET,GET /api/v1/reservas,7.330280,200,success,
1789928395.648126,GET,GET /api/v1/reservas,6.207258,200,success,
1789928395.648469,GET,GET /api/v1/reservas/{id},4.907048,200,success,
1789928395.695744,GET,GET /api/v1/reservas,5.956528,200,success,
1789928395.704383,GET,GET /api/v1/reservas,5.343940,200,success,
1789928395.707876,GET,GET /api/v1/reservas/{id},4.272496,200,success,
1789928395.754671,GET,GET /api/v1/reservas,7.484024,200,success,
1789928395.912356,GET,GET /api/v1/reservas,7.226914,200,success,
1789928395.920866,GET,GET /api/v1/reservas,5.202805,200,success,
1789928395.936270,GET,GET /api/v1/reservas,6.108257,200,success,
1789928396.049657,GET,GET /api/v1/reservas,6.995023,200,success,
1789928396.052301,GET,GET /api/v1/reservas,4.822459,200,success,
1789928396.059753,GET,GET /api/v1/reservas,4.206275,200,success,
1789928396.067162,GET,GET /api/v1/reservas,4.143541,200,success,
1789928396.073380,GET,GET /api/v1/reservas,4.003507,200,success,
1789928396.086410,GET,GET /api/v1/reservas,4.794366,200,success,
1789928396.112628,GET,GET /api/v1/reservas/{id},4.034325,200,success,
1789928396.113466,GET,GET /api/v1/reservas,4.469814,200,success,
1789928396.146236,GET,GET /api/v1/reservas/{id},3.596211,200,success,
1789928396.176234,GET,GET /api/v1/reservas/{id},3.256406,200,success,
1789928396.177330,GET,GET /api/v1/reservas,4.818152,200,success,
1789928396.191824,GET,GET /api/v1/reservas,4.228460,200,success,
1789928396.203358,GET,GET /api/v1/reservas,4.294609,200,success,
1789928396.303762,GET,GET /api/v1/reservas,6.050190,200,success,
1789928396.390850,GET,GET /api/v1/reservas,4.850151,200,success,
1789928396.391218,GET,GET /api/v1/reservas,7.158339,200,success,
1789928396.533533,GET,GET /api/v1/reservas,6.485720,200,success,
1789928396.554340,GET,GET /api/v1/reservas,4.547753,200,success,
1789928396.565499,GET,GET /api/v1/reservas,3.937126,200,success,
1789928396.600337,GET,GET /api/v1/reservas,5.521218,200,success,
1789928396.664135,GET,GET /api/v1/reservas,5.819731,200,success,
1789928396.666263,GET,GET /api/v1/reservas,4.280678,200,success,
1789928396.744724,GET,GET /api/v1/reservas,6.123481,200,success,
1789928396.790419,GET,GET /api/v1/reservas,5.376888,200,success,
1789928396.831877,GET,GET /api/v1/reservas,5.187792,200,success,
1789928396.877695,GET,GET /api/v1/reservas,5.520127,200,success,
1789928396.992127,GET,GET /api/v1/reservas,7.016305,200,success,
1789928397.060630,GET,GET /api/v1/reservas,8.138776,200,success,
1789928397.065943,GET,GET /api/v1/reservas,6.149791,200,success,
1789928397.097073,GET,GET /api/v1/reservas,6.750521,200,success,
1789928397.133800,GET,GET /api/v1/reservas,6.201189,200,success,
1789928397.178703,GET,GET /api/v1/reservas,7.536121,200,success,
1789928397.203535,GET,GET /api/v1/reservas,9.086722,200,success,
1789928397.354614,GET,GET /api/v1/reservas,6.592652,200,success,
1789928397.367062,GET,GET /api/v1/reservas,6.114637,200,success,
1789928397.377418,GET,GET /api/v1/reservas,5.070184,200,success,
1789928397.402377,GET,GET /api/v1/reservas/{id},3.787439,200,success,
1789928397.431248,GET,GET /api/v1/reservas,4.597589,200,success,
1789928397.451683,GET,GET /api/v1/reservas,5.203466,200,success,
1789928397.515946,GET,GET /api/v1/reservas/{id},4.061517,200,success,
1789928397.747948,GET,GET /api/v1/reservas,6.443055,200,success,
1789928397.752064,GET,GET /api/v1/reservas,4.748677,200,success,
1789928397.758573,GET,GET /api/v1/reservas,4.226345,200,success,
1789928397.806054,GET,GET /api/v1/reservas/{id},4.284424,200,success,
1789928397.814667,GET,GET /api/v1/reservas,4.343224,200,success,
1789928397.863951,GET,GET /api/v1/reservas,5.023094,200,success,
1789928397.875587,GET,GET /api/v1/reservas,4.332597,200,success,
1789928397.878720,GET,GET /api/v1/reservas,4.921068,200,success,
1789928397.919897,GET,GET /api/v1/reservas,4.869180,200,success,
1789928397.944756,GET,GET /api/v1/reservas,4.567633,200,success,
1789928397.965092,GET,GET /api/v1/reservas,5.104706,200,success,
1789928397.966207,GET,GET /api/v1/reservas,4.638431,200,success,
1789928398.040972,GET,GET /api/v1/reservas/{id},4.543866,200,success,
1789928398.092666,GET,GET /api/v1/reservas,5.364190,200,success,
1789928398.195478,GET,GET /api/v1/reservas,6.425088,200,success,
1789928398.206085,GET,GET /api/v1/reservas/{id},3.415107,200,success,
1789928398.221819,GET,GET /api/v1/reservas,4.468763,200,success,
1789928398.258027,GET,GET /api/v1/reservas/{id},4.000234,200,success,
1789928398.271971,GET,GET /api/v1/reservas,4.650328,200,success,
1789928398.329368,GET,GET /api/v1/reservas/{id},7.155514,200,success,
1789928398.386858,GET,GET /api/v1/reservas,7.098599,200,success,
1789928398.467211,GET,GET /api/v1/reservas/{id},6.516847,200,success,
1789928398.467901,GET,GET /api/v1/reservas,11.141817,200,success,
1789928398.469115,GET,GET /api/v1/reservas,12.864306,200,success,
1789928398.473548,GET,GET /api/v1/reservas,7.549613,200,success,
1789928398.477294,GET,GET /api/v1/reservas/{id},3.652445,200,success,
1789928398.548385,GET,GET /api/v1/reservas/{id},6.624089,200,success,
1789928398.555274,GET,GET /api/v1/reservas,5.580999,200,success,
1789928398.567716,GET,GET /api/v1/reservas/{id},4.234849,200,success,
1789928398.579150,GET,GET /api/v1/reservas,5.113741,200,success,
1789928398.637643,GET,GET /api/v1/reservas/{id},4.273517,200,success,
1789928398.643454,GET,GET /api/v1/reservas,4.547673,200,success,
1789928398.694961,GET,GET /api/v1/reservas,5.505445,200,success,
1789928398.697188,GET,GET /api/v1/reservas,4.150652,200,success,
1789928398.728781,GET,GET /api/v1/reservas,5.357890,200,success,
1789928398.743657,GET,GET /api/v1/reservas,4.618931,200,success,
1789928398.765386,GET,GET /api/v1/reservas,4.479949,200,success,
1789928398.775689,GET,GET /api/v1/reservas/{id},3.130254,200,success,
1789928398.825907,GET,GET /api/v1/reservas,4.959637,200,success,
1789928398.854710,GET,GET /api/v1/reservas/{id},3.624052,200,success,
1789928398.920804,GET,GET /api/v1/reservas,5.815705,200,success,
1789928399.008542,GET,GET /api/v1/reservas/{id},4.484668,200,success,
1789928399.120376,GET,GET /api/v1/reservas,5.446445,200,success,
1789928399.218113,GET,GET /api/v1/reservas/{id},4.506692,200,success,
1789928399.291949,GET,GET /api/v1/reservas/{id},4.595825,200,success,
1789928399.338867,GET,GET /api/v1/reservas,6.557990,200,success,
1789928399.406704,GET,GET /api/v1/reservas,4.603939,200,success,
1789928399.407074,GET,GET /api/v1/reservas,6.881861,200,success,
1789928399.426869,GET,GET /api/v1/reservas/{id},3.632065,200,success,
1789928399.436798,GET,GET /api/v1/reservas,4.652372,200,success,
1789928399.464661,GET,GET /api/v1/reservas,5.573998,200,success,
1789928399.480566,GET,GET /api/v1/reservas,4.638680,200,success,
1789928399.531997,GET,GET /api/v1/reservas,5.125999,200,success,
1789928399.614278,GET,GET /api/v1/reservas,5.560128,200,success,
1789928399.642015,GET,GET /api/v1/reservas/{id},3.539275,200,success,
1789928399.655214,GET,GET /api/v1/reservas,4.941239,200,success,
1789928399.666526,GET,GET /api/v1/reservas,4.096740,200,success,
1789928399.696435,GET,GET /api/v1/reservas,4.613772,200,success,
1789928399.773725,GET,GET /api/v1/reservas,5.982007,200,success,
1789928399.794262,GET,GET /api/v1/reservas/{id},3.364990,200,success,
1789928399.933691,GET,GET /api/v1/reservas,6.011862,200,success,
1789928399.934086,GET,GET /api/v1/reservas,4.682358,200,success,
1789928399.974018,GET,GET /api/v1/reservas,4.676238,200,success,
1789928399.977079,GET,GET /api/v1/reservas/{id},2.970292,200,success,
1789928399.993556,GET,GET /api/v1/reservas,4.216661,200,success,
1789928399.999055,GET,GET /api/v1/reservas,4.237253,200,success,
1789928400.042943,GET,GET /api/v1/reservas,6.539050,200,success,
1789928400.062574,GET,GET /api/v1/reservas,5.299532,200,success,
1789928400.114271,GET,GET /api/v1/reservas,6.354362,200,success,
1789928400.119092,GET,GET /api/v1/reservas,4.593742,200,success,
1789928400.156054,GET,GET /api/v1/reservas,5.623693,200,success,
1789928400.160379,GET,GET /api/v1/reservas,5.116745,200,success,
1789928400.257242,GET,GET /api/v1/reservas/{id},5.615691,200,success,
1789928400.267185,GET,GET /api/v1/reservas/{id},3.737274,200,success,
1789928400.288530,GET,GET /api/v1/reservas,5.047020,200,success,
1789928400.384382,GET,GET /api/v1/reservas,10.415997,200,success,
1789928400.398533,GET,GET /api/v1/reservas,6.784542,200,success,
1789928400.416782,GET,GET /api/v1/reservas/{id},5.017695,200,success,
1789928400.484473,GET,GET /api/v1/reservas,8.171214,200,success,
1789928400.572712,GET,GET /api/v1/reservas,7.875897,200,success,
1789928400.604640,GET,GET /api/v1/reservas,6.552662,200,success,
1789928400.605512,GET,GET /api/v1/reservas,9.425616,200,success,
1789928400.613329,GET,GET /api/v1/reservas,6.866297,200,success,
1789928400.613824,GET,GET /api/v1/reservas,8.114499,200,success,
1789928400.650666,GET,GET /api/v1/reservas,6.524058,200,success,
1789928400.665551,GET,GET /api/v1/reservas,6.628257,200,success,
1789928400.767060,GET,GET /api/v1/reservas,8.086457,200,success,
1789928400.774627,GET,GET /api/v1/reservas/{id},4.308510,200,success,
1789928400.824311,GET,GET /api/v1/reservas,10.214821,200,success,
1789928400.938862,GET,GET /api/v1/reservas,7.089555,200,success,
1789928400.982457,GET,GET /api/v1/reservas,7.227504,200,success,
1789928400.983047,GET,GET /api/v1/reservas,7.120131,200,success,
1789928401.140093,GET,GET /api/v1/reservas,7.556724,200,success,
1789928401.141615,GET,GET /api/v1/reservas,6.098162,200,success,
1789928401.155186,GET,GET /api/v1/reservas/{id},4.287188,200,success,
1789928401.203327,GET,GET /api/v1/reservas,6.797623,200,success,
1789928401.213848,GET,GET /api/v1/reservas,5.216986,200,success,
1789928401.249183,GET,GET /api/v1/reservas,5.990049,200,success,
1789928401.348164,GET,GET /api/v1/reservas,7.568001,200,success,
1789928401.356030,GET,GET /api/v1/reservas,6.553213,200,success,
1789928401.381353,GET,GET /api/v1/reservas,6.056269,200,success,
1789928401.404609,GET,GET /api/v1/reservas,5.996598,200,success,
1789928401.446497,GET,GET /api/v1/reservas,6.561345,200,success,
1789928401.480588,GET,GET /api/v1/reservas,8.742961,200,success,
1789928401.522565,GET,GET /api/v1/reservas,7.646809,200,success,
1789928401.664214,GET,GET /api/v1/reservas,6.802570,200,success,
1789928401.701702,GET,GET /api/v1/reservas/{id},5.231730,200,success,
1789928401.746191,GET,GET /api/v1/reservas,7.106662,200,success,
1789928401.768098,GET,GET /api/v1/reservas,5.570262,200,success,
1789928401.810068,GET,GET /api/v1/reservas/{id},4.749960,200,success,
1789928401.876879,GET,GET /api/v1/reservas,6.434603,200,success,
1789928401.880868,GET,GET /api/v1/reservas,6.517398,200,success,
1789928401.912087,GET,GET /api/v1/reservas,5.893943,200,success,
1789928402.042287,GET,GET /api/v1/reservas,6.793547,200,success,
1789928402.049433,GET,GET /api/v1/reservas,6.879698,200,success,
1789928402.054459,GET,GET /api/v1/reservas,5.855915,200,success,
1789928402.197789,GET,GET /api/v1/reservas/{id},6.952838,200,success,
1789928402.228021,GET,GET /api/v1/reservas/{id},4.972876,200,success,
1789928402.262572,GET,GET /api/v1/reservas/{id},5.314736,200,success,
1789928402.273165,GET,GET /api/v1/reservas,6.300539,200,success,
1789928402.311106,GET,GET /api/v1/reservas,8.286468,200,success,
1789928402.311610,GET,GET /api/v1/reservas,11.968460,200,success,
1789928402.348777,GET,GET /api/v1/reservas,18.014153,200,success,
1789928402.351756,GET,GET /api/v1/reservas,36.868030,200,success,
1789928402.385655,GET,GET /api/v1/reservas,27.550777,200,success,
1789928402.402032,GET,GET /api/v1/reservas,22.037872,200,success,
1789928402.410333,GET,GET /api/v1/reservas,23.126261,200,success,
1789928402.414279,GET,GET /api/v1/reservas,20.058611,200,success,
1789928402.415051,GET,GET /api/v1/reservas,18.349902,200,success,
1789928402.530341,GET,GET /api/v1/reservas,6.901160,200,success,
1789928402.570109,GET,GET /api/v1/reservas,8.410078,200,success,
1789928402.611094,GET,GET /api/v1/reservas,8.823904,200,success,
1789928402.729140,GET,GET /api/v1/reservas,5.720460,200,success,
1789928402.820732,GET,GET /api/v1/reservas/{id},5.313673,200,success,
1789928402.850361,GET,GET /api/v1/reservas,6.303014,200,success,
1789928402.851248,GET,GET /api/v1/reservas,4.547381,200,success,
1789928402.905794,GET,GET /api/v1/reservas/{id},4.344815,200,success,
1789928402.945495,GET,GET /api/v1/reservas,8.285498,200,success,
1789928403.036552,GET,GET /api/v1/reservas,13.536938,200,success,
1789928403.070206,GET,GET /api/v1/reservas,7.187153,200,success,
1789928403.100293,GET,GET /api/v1/reservas/{id},6.801799,200,success,
1789928403.116086,GET,GET /api/v1/reservas,7.456451,200,success,
1789928403.166756,GET,GET /api/v1/reservas,8.048157,200,success,
1789928403.203545,GET,GET /api/v1/reservas,9.249448,200,success,
1789928403.218650,GET,GET /api/v1/reservas,8.763362,200,success,
1789928403.232380,GET,GET /api/v1/reservas,6.429044,200,success,
1789928403.261795,GET,GET /api/v1/reservas,6.081417,200,success,
1789928403.272252,GET,GET /api/v1/reservas/{id},4.257222,200,success,
1789928403.377752,GET,GET /api/v1/reservas,6.100837,200,success,
1789928403.416662,GET,GET /api/v1/reservas,6.612902,200,success,
1789928403.426269,GET,GET /api/v1/reservas,5.294856,200,success,
1789928403.427347,GET,GET /api/v1/reservas,4.761166,200,success,
1789928403.455993,GET,GET /api/v1/reservas,7.346405,200,success,
1789928403.485386,GET,GET /api/v1/reservas,8.097093,200,success,
1789928403.490662,GET,GET /api/v1/reservas,6.560714,200,success,
1789928403.495280,GET,GET /api/v1/reservas,4.423915,200,success,
1789928403.524292,GET,GET /api/v1/reservas,4.753505,200,success,
1789928403.544277,GET,GET /api/v1/reservas/{id},12.793360,200,success,
1789928403.595044,GET,GET /api/v1/reservas,10.863615,200,success,
1789928403.669341,GET,GET /api/v1/reservas,6.992167,200,success,
1789928403.706999,GET,GET /api/v1/reservas,7.261016,200,success,
1789928403.861148,GET,GET /api/v1/reservas,7.723647,200,success,
1789928403.876850,GET,GET /api/v1/reservas/{id},7.491294,200,success,
1789928403.878010,GET,GET /api/v1/reservas/{id},4.207276,200,success,
1789928403.915225,GET,GET /api/v1/reservas/{id},7.979044,200,success,
1789928403.916506,GET,GET /api/v1/reservas,7.084438,200,success,
1789928403.944724,GET,GET /api/v1/reservas,5.905831,200,success,
1789928404.043939,GET,GET /api/v1/reservas,7.799883,200,success,
1789928404.092823,GET,GET /api/v1/reservas,6.509276,200,success,
1789928404.099855,GET,GET /api/v1/reservas,5.751297,200,success,
1789928404.153805,GET,GET /api/v1/reservas/{id},6.722930,200,success,
1789928404.243294,GET,GET /api/v1/reservas,7.526466,200,success,
1789928404.243478,GET,GET /api/v1/reservas,8.316515,200,success,
1789928404.292341,GET,GET /api/v1/reservas,8.502247,200,success,
1789928404.292846,GET,GET /api/v1/reservas,8.542517,200,success,
1789928404.300144,GET,GET /api/v1/reservas,5.082985,200,success,
1789928404.304238,GET,GET /api/v1/reservas,5.502851,200,success,
1789928404.454298,GET,GET /api/v1/reservas,6.636848,200,success,
1789928404.468590,GET,GET /api/v1/reservas,5.965001,200,success,
1789928404.472352,GET,GET /api/v1/reservas,5.475610,200,success,
1789928404.515404,GET,GET /api/v1/reservas,8.511740,200,success,
1789928404.550351,GET,GET /api/v1/reservas,6.616408,200,success,
1789928404.594653,GET,GET /api/v1/reservas,7.949088,200,success,
1789928404.607265,GET,GET /api/v1/reservas,6.303454,200,success,
1789928404.614790,GET,GET /api/v1/reservas,6.261982,200,success,
1789928404.679204,GET,GET /api/v1/reservas,7.226602,200,success,
1789928404.713475,GET,GET /api/v1/reservas,7.916548,200,success,
1789928404.777804,GET,GET /api/v1/reservas,6.962383,200,success,
1789928404.789804,GET,GET /api/v1/reservas,5.744207,200,success,
1789928404.806663,GET,GET /api/v1/reservas,6.602497,200,success,
1789928404.850745,GET,GET /api/v1/reservas,10.741621,200,success,
1789928404.904554,GET,GET /api/v1/reservas,6.420491,200,success,
1789928404.944731,GET,GET /api/v1/reservas,6.827669,200,success,
1789928404.954691,GET,GET /api/v1/reservas/{id},3.752627,200,success,
1789928404.967606,GET,GET /api/v1/reservas,4.624689,200,success,
1789928405.017247,GET,GET /api/v1/reservas,6.318917,200,success,
1789928405.051302,GET,GET /api/v1/reservas,6.705744,200,success,
1789928405.057495,GET,GET /api/v1/reservas,4.845743,200,success,
1789928405.102262,GET,GET /api/v1/reservas,12.384490,200,success,
1789928405.162811,GET,GET /api/v1/reservas,9.098661,200,success,
1789928405.306530,GET,GET /api/v1/reservas,12.742344,200,success,
1789928405.410349,GET,GET /api/v1/reservas,9.379015,200,success,
1789928405.450280,GET,GET /api/v1/reservas,13.341270,200,success,
1789928405.456311,GET,GET /api/v1/reservas,13.492089,200,success,
1789928405.500075,GET,GET /api/v1/reservas,7.778480,200,success,
1789928405.504204,GET,GET /api/v1/reservas,6.614124,200,success,
1789928405.532440,GET,GET /api/v1/reservas,5.947864,200,success,
1789928405.550113,GET,GET /api/v1/reservas,5.336658,200,success,
1789928405.558333,GET,GET /api/v1/reservas/{id},4.056980,200,success,
1789928405.576749,GET,GET /api/v1/reservas,5.555700,200,success,
1789928405.606858,GET,GET /api/v1/reservas,7.812792,200,success,
1789928405.642365,GET,GET /api/v1/reservas/{id},7.254184,200,success,
1789928405.737606,GET,GET /api/v1/reservas,7.480097,200,success,
1789928405.806326,GET,GET /api/v1/reservas,6.346710,200,success,
1789928405.806702,GET,GET /api/v1/reservas,6.297945,200,success,
1789928405.874142,GET,GET /api/v1/reservas,6.121148,200,success,
1789928405.881795,GET,GET /api/v1/reservas,4.393168,200,success,
1789928405.883906,GET,GET /api/v1/reservas,3.955926,200,success,
1789928405.888964,GET,GET /api/v1/reservas,3.824967,200,success,
1789928405.943803,GET,GET /api/v1/reservas,5.567408,200,success,
1789928405.977049,GET,GET /api/v1/reservas/{id},4.059853,200,success,
1789928406.063066,GET,GET /api/v1/reservas,5.652076,200,success,
1789928406.074809,GET,GET /api/v1/reservas,4.490225,200,success,
1789928406.116905,GET,GET /api/v1/reservas,4.813615,200,success,
1789928406.173180,GET,GET /api/v1/reservas/{id},4.073674,200,success,
1789928406.215880,GET,GET /api/v1/reservas,5.386515,200,success,
1789928406.219477,GET,GET /api/v1/reservas,5.343398,200,success,
1789928406.268561,GET,GET /api/v1/reservas/{id},4.876621,200,success,
1789928406.351757,GET,GET /api/v1/reservas,5.832700,200,success,
1789928406.513604,GET,GET /api/v1/reservas/{id},5.480707,200,success,
1789928406.515852,GET,GET /api/v1/reservas,4.844683,200,success,
1789928406.536857,GET,GET /api/v1/reservas/{id},3.512083,200,success,
1789928406.550130,GET,GET /api/v1/reservas,5.009733,200,success,
1789928406.566598,GET,GET /api/v1/reservas/{id},3.308755,200,success,
1789928406.686482,GET,GET /api/v1/reservas,5.832690,200,success,
1789928406.749402,GET,GET /api/v1/reservas,5.586016,200,success,
1789928406.847466,GET,GET /api/v1/reservas,5.680610,200,success,
1789928406.854516,GET,GET /api/v1/reservas/{id},3.884878,200,success,
1789928406.855745,GET,GET /api/v1/reservas,4.680024,200,success,
1789928406.858734,GET,GET /api/v1/reservas,5.083575,200,success,
1789928406.861847,GET,GET /api/v1/reservas,4.847777,200,success,
1789928406.917304,GET,GET /api/v1/reservas/{id},4.239606,200,success,
1789928406.928097,GET,GET /api/v1/reservas,4.491948,200,success,
1789928406.941316,GET,GET /api/v1/reservas,4.961931,200,success,
1789928406.941685,GET,GET /api/v1/reservas,5.059810,200,success,
1789928407.005503,GET,GET /api/v1/reservas,5.548109,200,success,
1789928407.050785,GET,GET /api/v1/reservas,4.960748,200,success,
1789928407.092895,GET,GET /api/v1/reservas/{id},3.911578,200,success,
1789928407.116495,GET,GET /api/v1/reservas,6.324756,200,success,
1789928407.175427,GET,GET /api/v1/reservas/{id},4.715818,200,success,
1789928407.213238,GET,GET /api/v1/reservas,5.503982,200,success,
1789928407.216353,GET,GET /api/v1/reservas,4.971746,200,success,
1789928407.235094,GET,GET /api/v1/reservas,4.475792,200,success,
1789928407.240452,GET,GET /api/v1/reservas,4.103429,200,success,
1789928407.350145,GET,GET /api/v1/reservas,7.215116,200,success,
1789928407.369472,GET,GET /api/v1/reservas,7.022704,200,success,
1789928407.431275,GET,GET /api/v1/reservas,9.437995,200,success,
1789928407.471133,GET,GET /api/v1/reservas,8.479131,200,success,
1789928407.476670,GET,GET /api/v1/reservas,6.649789,200,success,
1789928407.497743,GET,GET /api/v1/reservas,9.755507,200,success,
1789928407.509058,GET,GET /api/v1/reservas/{id},4.124381,200,success,
1789928407.529283,GET,GET /api/v1/reservas,5.938340,200,success,
1789928407.570821,GET,GET /api/v1/reservas,6.713736,200,success,
1789928407.574909,GET,GET /api/v1/reservas/{id},3.971960,200,success,
1789928407.784880,GET,GET /api/v1/reservas/{id},4.913999,200,success,
1789928407.863057,GET,GET /api/v1/reservas,5.795254,200,success,
1789928407.878950,GET,GET /api/v1/reservas,4.624639,200,success,
1789928407.948480,GET,GET /api/v1/reservas,6.185645,200,success,
1789928407.984645,GET,GET /api/v1/reservas,4.900097,200,success,
1789928408.013297,GET,GET /api/v1/reservas,4.444397,200,success,
1789928408.128752,GET,GET /api/v1/reservas,7.029354,200,success,
1789928408.143010,GET,GET /api/v1/reservas/{id},7.917290,200,success,
1789928408.251267,GET,GET /api/v1/reservas,5.821553,200,success,
1789928408.257300,GET,GET /api/v1/reservas/{id},3.872650,200,success,
1789928408.371291,GET,GET /api/v1/reservas,6.640695,200,success,
1789928408.371663,GET,GET /api/v1/reservas,5.276046,200,success,
1789928408.416860,GET,GET /api/v1/reservas,4.941219,200,success,
1789928408.497689,GET,GET /api/v1/reservas,7.439866,200,success,
1789928408.501462,GET,GET /api/v1/reservas,5.167492,200,success,
1789928408.536176,GET,GET /api/v1/reservas,5.414406,200,success,
1789928408.549606,GET,GET /api/v1/reservas,4.200366,200,success,
1789928408.637575,GET,GET /api/v1/reservas,7.582103,200,success,
1789928408.640240,GET,GET /api/v1/reservas/{id},4.282069,200,success,
1789928408.714126,GET,GET /api/v1/reservas,8.153658,200,success,
1789928408.722263,GET,GET /api/v1/reservas,10.138396,200,success,
1789928408.722459,GET,GET /api/v1/reservas,10.918118,200,success,
1789928408.745503,GET,GET /api/v1/reservas,8.769121,200,success,
1789928408.755102,GET,GET /api/v1/reservas,6.253899,200,success,
1789928408.797090,GET,GET /api/v1/reservas,9.587651,200,success,
1789928408.848997,GET,GET /api/v1/reservas,9.512127,200,success,
1789928408.858064,GET,GET /api/v1/reservas,6.328803,200,success,
1789928408.933702,GET,GET /api/v1/reservas/{id},8.355714,200,success,
1789928408.937530,GET,GET /api/v1/reservas,5.184458,200,success,
1789928408.947313,GET,GET /api/v1/reservas,4.563807,200,success,
1789928408.951494,GET,GET /api/v1/reservas/{id},3.040709,200,success,
1789928408.985359,GET,GET /api/v1/reservas/{id},3.683422,200,success,
1789928409.024624,GET,GET /api/v1/reservas,5.002072,200,success,
1789928409.094662,GET,GET /api/v1/reservas,5.693109,200,success,
1789928409.111181,GET,GET /api/v1/reservas,4.243512,200,success,
1789928409.237260,GET,GET /api/v1/reservas,6.677410,200,success,
1789928409.237669,GET,GET /api/v1/reservas,6.645631,200,success,
1789928409.244330,GET,GET /api/v1/reservas,4.440231,200,success,
1789928409.295053,GET,GET /api/v1/reservas,6.342783,200,success,
1789928409.296220,GET,GET /api/v1/reservas,4.825513,200,success,
1789928409.297921,GET,GET /api/v1/reservas,4.923934,200,success,
1789928409.422720,GET,GET /api/v1/reservas/{id},4.594033,200,success,
1789928409.476267,GET,GET /api/v1/reservas/{id},4.322602,200,success,
1789928409.524727,GET,GET /api/v1/reservas,5.168584,200,success,
1789928409.572303,GET,GET /api/v1/reservas,4.858554,200,success,
1789928409.606302,GET,GET /api/v1/reservas,4.780616,200,success,
1789928409.650459,GET,GET /api/v1/reservas,4.875020,200,success,
1789928409.736001,GET,GET /api/v1/reservas,5.537032,200,success,
1789928409.861339,GET,GET /api/v1/reservas,5.932322,200,success,
1789928409.889346,GET,GET /api/v1/reservas/{id},3.815412,200,success,
1789928409.912869,GET,GET /api/v1/reservas,5.233112,200,success,
1789928409.925966,GET,GET /api/v1/reservas,5.803505,200,success,
1789928409.927299,GET,GET /api/v1/reservas,6.898266,200,success,
1789928409.975670,GET,GET /api/v1/reservas,5.089915,200,success,
1789928410.007048,GET,GET /api/v1/reservas/{id},4.182810,200,success,
1789928410.011073,GET,GET /api/v1/reservas,4.579721,200,success,
1789928410.032734,GET,GET /api/v1/reservas,4.407741,200,success,
1789928410.069822,GET,GET /api/v1/reservas/{id},3.909876,200,success,
1789928410.135236,GET,GET /api/v1/reservas/{id},4.180977,200,success,
1789928410.142873,GET,GET /api/v1/reservas,4.384865,200,success,
1789928410.149787,GET,GET /api/v1/reservas,4.664761,200,success,
1789928410.150650,GET,GET /api/v1/reservas,3.968175,200,success,
1789928410.184456,GET,GET /api/v1/reservas/{id},3.637172,200,success,
1789928410.214781,GET,GET /api/v1/reservas,5.035342,200,success,
1789928410.217970,GET,GET /api/v1/reservas,4.622467,200,success,
1789928410.239239,GET,GET /api/v1/reservas,4.972928,200,success,
1789928410.251940,GET,GET /api/v1/reservas,4.462604,200,success,
1789928410.264501,GET,GET /api/v1/reservas,4.312467,200,success,
1789928410.330817,GET,GET /api/v1/reservas,6.020295,200,success,
1789928410.414539,GET,GET /api/v1/reservas,6.358347,200,success,
1789928410.447826,GET,GET /api/v1/reservas/{id},4.087976,200,success,
1789928410.469621,GET,GET /api/v1/reservas,4.548224,200,success,
1789928410.501777,GET,GET /api/v1/reservas,4.874368,200,success,
1789928410.533690,GET,GET /api/v1/reservas/{id},3.724485,200,success,
1789928410.578912,GET,GET /api/v1/reservas,4.950833,200,success,
1789928410.652147,GET,GET /api/v1/reservas,5.972993,200,success,
1789928410.662435,GET,GET /api/v1/reservas,4.027965,200,success,
1789928410.819767,GET,GET /api/v1/reservas/{id},8.365289,200,success,
1789928410.972865,GET,GET /api/v1/reservas/{id},4.771422,200,success,
1789928411.025697,GET,GET /api/v1/reservas,5.498925,200,success,
1789928411.095633,GET,GET /api/v1/reservas,6.557259,200,success,
1789928411.123111,GET,GET /api/v1/reservas,5.168404,200,success,
1789928411.127533,GET,GET /api/v1/reservas,4.204482,200,success,
1789928411.185634,GET,GET /api/v1/reservas,5.104847,200,success,
1789928411.186018,GET,GET /api/v1/reservas,6.232336,200,success,
1789928411.197312,GET,GET /api/v1/reservas,4.089518,200,success,
1789928411.281295,GET,GET /api/v1/reservas,5.635202,200,success,
1789928411.302791,GET,GET /api/v1/reservas,5.251249,200,success,
1789928411.333643,GET,GET /api/v1/reservas/{id},3.674289,200,success,
1789928411.475837,GET,GET /api/v1/reservas,5.777237,200,success,
1789928411.497348,GET,GET /api/v1/reservas,4.212484,200,success,
1789928411.583245,GET,GET /api/v1/reservas,5.823736,200,success,
1789928411.609438,GET,GET /api/v1/reservas,4.935401,200,success,
1789928411.628181,GET,GET /api/v1/reservas,4.497026,200,success,
1789928411.635810,GET,GET /api/v1/reservas,4.422803,200,success,
1789928411.662399,GET,GET /api/v1/reservas,4.360739,200,success,
1789928411.694067,GET,GET /api/v1/reservas/{id},3.800399,200,success,
1789928411.711631,GET,GET /api/v1/reservas/{id},4.368801,200,success,
1789928411.749466,GET,GET /api/v1/reservas,5.552446,200,success,
1789928411.753539,GET,GET /api/v1/reservas,4.906036,200,success,
1789928411.761217,GET,GET /api/v1/reservas/{id},3.530180,200,success,
1789928411.766596,GET,GET /api/v1/reservas,4.171192,200,success,
1789928411.837286,GET,GET /api/v1/reservas,5.387956,200,success,
1789928411.861225,GET,GET /api/v1/reservas,4.655015,200,success,
1789928411.889046,GET,GET /api/v1/reservas,4.535464,200,success,
1789928411.924107,GET,GET /api/v1/reservas,4.773475,200,success,
1789928411.975307,GET,GET /api/v1/reservas,5.927574,200,success,
1789928411.985904,GET,GET /api/v1/reservas,7.315839,200,success,
1789928411.987870,GET,GET /api/v1/reservas,6.049800,200,success,
1789928412.001586,GET,GET /api/v1/reservas/{id},3.511292,200,success,
1789928412.007021,GET,GET /api/v1/reservas,4.155618,200,success,
1789928412.029535,GET,GET /api/v1/reservas,5.240492,200,success,
1789928412.031839,GET,GET /api/v1/reservas,4.894829,200,success,
1789928412.067914,GET,GET /api/v1/reservas,4.827406,200,success,
1789928412.071810,GET,GET /api/v1/reservas,4.479989,200,success,
1789928412.095952,GET,GET /api/v1/reservas,4.872235,200,success,
1789928412.230645,GET,GET /api/v1/reservas,6.261760,200,success,
1789928412.385389,GET,GET /api/v1/reservas,6.264465,200,success,
1789928412.386191,GET,GET /api/v1/reservas,4.340318,200,success,
1789928412.441794,GET,GET /api/v1/reservas/{id},4.394992,200,success,
1789928412.516930,GET,GET /api/v1/reservas,5.767451,200,success,
1789928412.569369,GET,GET /api/v1/reservas,5.169686,200,success,
1789928412.602404,GET,GET /api/v1/reservas/{id},3.818457,200,success,
1789928412.685937,GET,GET /api/v1/reservas,7.390591,200,success,
1789928412.702688,GET,GET /api/v1/reservas,5.472204,200,success,
1789928412.728616,GET,GET /api/v1/reservas/{id},5.678196,200,success,
1789928412.753689,GET,GET /api/v1/reservas,6.723111,200,success,
1789928412.757617,GET,GET /api/v1/reservas/{id},4.920398,200,success,
1789928412.767144,GET,GET /api/v1/reservas,5.228324,200,success,
1789928412.790385,GET,GET /api/v1/reservas,7.949599,200,success,
1789928412.817308,GET,GET /api/v1/reservas,7.569043,200,success,
1789928412.888321,GET,GET /api/v1/reservas,7.591396,200,success,
1789928412.892724,GET,GET /api/v1/reservas,6.648287,200,success,
1789928412.958091,GET,GET /api/v1/reservas,7.973935,200,success,
1789928413.086664,GET,GET /api/v1/reservas,6.683139,200,success,
1789928413.087250,GET,GET /api/v1/reservas,7.768895,200,success,
1789928413.161315,GET,GET /api/v1/reservas/{id},4.872425,200,success,
1789928413.162466,GET,GET /api/v1/reservas,8.910905,200,success,
1789928413.184626,GET,GET /api/v1/reservas,4.865455,200,success,
1789928413.226948,GET,GET /api/v1/reservas/{id},4.122448,200,success,
1789928413.321282,GET,GET /api/v1/reservas/{id},6.048277,200,success,
1789928413.334550,GET,GET /api/v1/reservas,5.963038,200,success,
1789928413.460736,GET,GET /api/v1/reservas,7.775234,200,success,
1789928413.502601,GET,GET /api/v1/reservas,7.475881,200,success,
1789928413.559292,GET,GET /api/v1/reservas,19.047789,200,success,
1789928413.723270,GET,GET /api/v1/reservas,5.922206,200,success,
1789928413.783908,GET,GET /api/v1/reservas,5.351050,200,success,
1789928413.819950,GET,GET /api/v1/reservas,4.772114,200,success,
1789928413.845327,GET,GET /api/v1/reservas/{id},4.185805,200,success,
1789928413.879035,GET,GET /api/v1/reservas,5.406293,200,success,
1789928414.030274,GET,GET /api/v1/reservas,5.820831,200,success,
1789928414.034618,GET,GET /api/v1/reservas/{id},3.163445,200,success,
1789928414.051050,GET,GET /api/v1/reservas/{id},3.266440,200,success,
1789928414.057390,GET,GET /api/v1/reservas,4.123650,200,success,
1789928414.083955,GET,GET /api/v1/reservas/{id},3.394284,200,success,
1789928414.171298,GET,GET /api/v1/reservas,6.950294,200,success,
1789928414.171969,GET,GET /api/v1/reservas,4.942962,200,success,
1789928414.173876,GET,GET /api/v1/reservas,5.320854,200,success,
1789928414.212876,GET,GET /api/v1/reservas,5.716665,200,success,
1789928414.231581,GET,GET /api/v1/reservas,4.417295,200,success,
1789928414.278082,GET,GET /api/v1/reservas/{id},4.292716,200,success,
1789928414.294630,GET,GET /api/v1/reservas,5.241374,200,success,
1789928414.304871,GET,GET /api/v1/reservas,4.965285,200,success,
1789928414.318387,GET,GET /api/v1/reservas,4.237853,200,success,
1789928414.327863,GET,GET /api/v1/reservas,4.251845,200,success,
1789928414.413291,GET,GET /api/v1/reservas,7.082364,200,success,
1789928414.439525,GET,GET /api/v1/reservas,4.965636,200,success,
1789928414.502244,GET,GET /api/v1/reservas,5.412665,200,success,
1789928414.552511,GET,GET /api/v1/reservas,14.450071,200,success,
1789928414.553116,GET,GET /api/v1/reservas,15.579583,200,success,
1789928414.559458,GET,GET /api/v1/reservas,9.813664,200,success,
1789928414.567410,GET,GET /api/v1/reservas/{id},3.780681,200,success,
1789928414.581705,GET,GET /api/v1/reservas,4.994329,200,success,
1789928414.637447,GET,GET /api/v1/reservas,5.427777,200,success,
1789928414.670441,GET,GET /api/v1/reservas,4.732142,200,success,
1789928414.704233,GET,GET /api/v1/reservas,5.505405,200,success,
1789928414.704581,GET,GET /api/v1/reservas/{id},3.294263,200,success,
1789928414.708345,GET,GET /api/v1/reservas,4.844943,200,success,
1789928414.747147,GET,GET /api/v1/reservas/{id},3.627929,200,success,
1789928414.761667,GET,GET /api/v1/reservas,4.250303,200,success,
1789928414.825373,GET,GET /api/v1/reservas,5.427575,200,success,
1789928414.844931,GET,GET /api/v1/reservas,4.318585,200,success,
1789928414.887122,GET,GET /api/v1/reservas,5.906272,200,success,
1789928414.941422,GET,GET /api/v1/reservas,5.974345,200,success,
1789928415.376276,GET,GET /api/v1/reservas,6.364165,200,success,
1789928415.383684,GET,GET /api/v1/reservas,5.083295,200,success,
1789928415.388243,GET,GET /api/v1/reservas,5.284920,200,success,
1789928415.425561,GET,GET /api/v1/reservas,5.067339,200,success,
1789928415.502239,GET,GET /api/v1/reservas/{id},5.450481,200,success,
1789928415.511049,GET,GET /api/v1/reservas,5.456599,200,success,
1789928415.532454,GET,GET /api/v1/reservas,7.078459,200,success,
1789928415.599474,GET,GET /api/v1/reservas,8.068920,200,success,
1789928415.642857,GET,GET /api/v1/reservas,11.579560,200,success,
1789928415.679915,GET,GET /api/v1/reservas/{id},5.954636,200,success,
1789928415.707659,GET,GET /api/v1/reservas,7.320876,200,success,
1789928415.779905,GET,GET /api/v1/reservas,7.870028,200,success,
1789928415.787184,GET,GET /api/v1/reservas/{id},4.719372,200,success,
1789928415.789630,GET,GET /api/v1/reservas,7.400256,200,success,
1789928415.793260,GET,GET /api/v1/reservas,7.646268,200,success,
1789928415.795035,GET,GET /api/v1/reservas,6.165545,200,success,
1789928415.844899,GET,GET /api/v1/reservas,8.490128,200,success,
1789928415.924430,GET,GET /api/v1/reservas,7.147613,200,success,
1789928415.942544,GET,GET /api/v1/reservas/{id},6.773947,200,success,
1789928415.952741,GET,GET /api/v1/reservas/{id},4.999196,200,success,
1789928415.967199,GET,GET /api/v1/reservas,7.163427,200,success,
1789928415.967628,GET,GET /api/v1/reservas,7.274817,200,success,
1789928416.041840,GET,GET /api/v1/reservas,8.622188,200,success,
1789928416.050356,GET,GET /api/v1/reservas,5.184328,200,success,
1789928416.065758,GET,GET /api/v1/reservas/{id},4.207878,200,success,
1789928416.072776,GET,GET /api/v1/reservas,5.713769,200,success,
1789928416.241551,GET,GET /api/v1/reservas,6.328332,200,success,
1789928416.252931,GET,GET /api/v1/reservas,5.089995,200,success,
1789928416.262587,GET,GET /api/v1/reservas,5.449319,200,success,
1789928416.303966,GET,GET /api/v1/reservas,5.112869,200,success,
1789928416.371896,GET,GET /api/v1/reservas,5.571545,200,success,
1789928416.427685,GET,GET /api/v1/reservas,6.498810,200,success,
1789928416.540407,GET,GET /api/v1/reservas,5.909056,200,success,
1789928416.550180,GET,GET /api/v1/reservas,4.489756,200,success,
1789928416.562952,GET,GET /api/v1/reservas,4.535404,200,success,
1789928416.565276,GET,GET /api/v1/reservas,4.291195,200,success,
1789928416.583674,GET,GET /api/v1/reservas/{id},4.232595,200,success,
1789928416.810037,GET,GET /api/v1/reservas,6.215210,200,success,
1789928416.864149,GET,GET /api/v1/reservas,5.769696,200,success,
1789928416.911182,GET,GET /api/v1/reservas/{id},4.830522,200,success,
1789928417.027732,GET,GET /api/v1/reservas,6.188841,200,success,
1789928417.139016,GET,GET /api/v1/reservas,5.815474,200,success,
1789928417.225011,GET,GET /api/v1/reservas/{id},5.698076,200,success,
1789928417.230334,GET,GET /api/v1/reservas,6.048227,200,success,
1789928417.239672,GET,GET /api/v1/reservas,5.048091,200,success,
1789928417.246315,GET,GET /api/v1/reservas/{id},3.472784,200,success,
1789928417.288692,GET,GET /api/v1/reservas,5.081211,200,success,
1789928417.307493,GET,GET /api/v1/reservas,5.528279,200,success,
1789928417.311752,GET,GET /api/v1/reservas/{id},3.091245,200,success,
1789928417.324563,GET,GET /api/v1/reservas,4.516125,200,success,
1789928417.366467,GET,GET /api/v1/reservas/{id},6.672963,200,success,
1789928417.381872,GET,GET /api/v1/reservas,6.098232,200,success,
1789928417.398301,GET,GET /api/v1/reservas,6.103691,200,success,
1789928417.407709,GET,GET /api/v1/reservas,5.091147,200,success,
1789928417.511034,GET,GET /api/v1/reservas/{id},4.996904,200,success,
1789928417.542441,GET,GET /api/v1/reservas,5.108624,200,success,
1789928417.549282,GET,GET /api/v1/reservas,4.619552,200,success,
1789928417.597649,GET,GET /api/v1/reservas/{id},4.774987,200,success,
1789928417.673665,GET,GET /api/v1/reservas,6.646224,200,success,
1789928417.680332,GET,GET /api/v1/reservas,4.720866,200,success,
1789928417.760715,GET,GET /api/v1/reservas,7.030877,200,success,
1789928417.863940,GET,GET /api/v1/reservas,6.784584,200,success,
1789928417.866559,GET,GET /api/v1/reservas,5.479975,200,success,
1789928417.875233,GET,GET /api/v1/reservas,5.378872,200,success,
1789928417.907002,GET,GET /api/v1/reservas/{id},5.475089,200,success,
1789928417.931967,GET,GET /api/v1/reservas/{id},7.735194,200,success,
1789928417.983978,GET,GET /api/v1/reservas,5.658837,200,success,
1789928418.007164,GET,GET /api/v1/reservas,4.906137,200,success,
1789928418.089467,GET,GET /api/v1/reservas,5.868435,200,success,
1789928418.108347,GET,GET /api/v1/reservas/{id},3.691214,200,success,
1789928418.193448,GET,GET /api/v1/reservas/{id},4.819936,200,success,
1789928418.244548,GET,GET /api/v1/reservas/{id},4.849390,200,success,
1789928418.252679,GET,GET /api/v1/reservas,4.886698,200,success,
1789928418.264236,GET,GET /api/v1/reservas,5.308256,200,success,
1789928418.274909,GET,GET /api/v1/reservas,4.406809,200,success,
1789928418.277576,GET,GET /api/v1/reservas,4.526631,200,success,
1789928418.346460,GET,GET /api/v1/reservas/{id},4.662446,200,success,
1789928418.369396,GET,GET /api/v1/reservas,5.633217,200,success,
1789928418.399634,GET,GET /api/v1/reservas,4.966558,200,success,
1789928418.407121,GET,GET /api/v1/reservas/{id},3.317699,200,success,
1789928418.496997,GET,GET /api/v1/reservas,6.031612,200,success,
1789928418.497456,GET,GET /api/v1/reservas,7.000210,200,success,
1789928418.549428,GET,GET /api/v1/reservas,5.656444,200,success,
1789928418.561058,GET,GET /api/v1/reservas,4.356494,200,success,
1789928418.586444,GET,GET /api/v1/reservas,5.112159,200,success,
1789928418.657480,GET,GET /api/v1/reservas,5.689033,200,success,
1789928418.685242,GET,GET /api/v1/reservas,4.859635,200,success,
1789928418.727765,GET,GET /api/v1/reservas,5.242716,200,success,
1789928418.777383,GET,GET /api/v1/reservas,5.311100,200,success,
1789928418.854683,GET,GET /api/v1/reservas,5.913873,200,success,
1789928418.859701,GET,GET /api/v1/reservas,4.805704,200,success,
1789928418.925957,GET,GET /api/v1/reservas,5.948285,200,success,
1789928418.992919,GET,GET /api/v1/reservas,8.714298,200,success,
1789928419.096327,GET,GET /api/v1/reservas/{id},6.176741,200,success,
1789928419.105059,GET,GET /api/v1/reservas,6.998586,200,success,
1789928419.105953,GET,GET /api/v1/reservas,8.344989,200,success,
1789928419.136496,GET,GET /api/v1/reservas,8.127559,200,success,
1789928419.146798,GET,GET /api/v1/reservas/{id},5.064356,200,success,
1789928419.183793,GET,GET /api/v1/reservas,8.509288,200,success,
1789928419.189744,GET,GET /api/v1/reservas,5.663654,200,success,
1789928419.193442,GET,GET /api/v1/reservas,6.620776,200,success,
1789928419.226258,GET,GET /api/v1/reservas,8.473643,200,success,
1789928419.249003,GET,GET /api/v1/reservas,5.400355,200,success,
1789928419.274408,GET,GET /api/v1/reservas,7.084989,200,success,
1789928419.356634,GET,GET /api/v1/reservas,6.861400,200,success,
1789928419.415739,GET,GET /api/v1/reservas,6.810582,200,success,
1789928419.423139,GET,GET /api/v1/reservas,5.058207,200,success,
1789928419.460730,GET,GET /api/v1/reservas,5.303288,200,success,
1789928419.468554,GET,GET /api/v1/reservas,4.557248,200,success,
1789928419.641821,GET,GET /api/v1/reservas,12.381877,200,success,
1789928419.682728,GET,GET /api/v1/reservas,6.004682,200,success,
1789928419.773101,GET,GET /api/v1/reservas/{id},5.104817,200,success,
1789928419.799597,GET,GET /api/v1/reservas,5.230958,200,success,
1789928419.807195,GET,GET /api/v1/reservas,4.377034,200,success,
1789928419.814252,GET,GET /api/v1/reservas,4.839986,200,success,
1789928419.831949,GET,GET /api/v1/reservas,4.432249,200,success,
1789928419.927030,GET,GET /api/v1/reservas,5.697506,200,success,
1789928419.966113,GET,GET /api/v1/reservas/{id},3.879630,200,success,
1789928420.016018,GET,GET /api/v1/reservas/{id},4.679433,200,success,
1789928420.099585,GET,GET /api/v1/reservas,6.169450,200,success,
1789928420.201995,GET,GET /api/v1/reservas/{id},4.279276,200,success,
1789928420.203598,GET,GET /api/v1/reservas,6.640154,200,success,
1789928420.211940,GET,GET /api/v1/reservas,5.088392,200,success,
1789928420.234677,GET,GET /api/v1/reservas,4.502395,200,success,
1789928420.245089,GET,GET /api/v1/reservas/{id},3.249385,200,success,
1789928420.260582,GET,GET /api/v1/reservas/{id},3.324569,200,success,
1789928420.271410,GET,GET /api/v1/reservas,4.552810,200,success,
1789928420.303953,GET,GET /api/v1/reservas,6.232346,200,success,
1789928420.304497,GET,GET /api/v1/reservas,4.737440,200,success,
1789928420.340909,GET,GET /api/v1/reservas,5.135443,200,success,
1789928420.363189,GET,GET /api/v1/reservas,6.956293,200,success,
1789928420.518799,GET,GET /api/v1/reservas,6.142990,200,success,
1789928420.533328,GET,GET /api/v1/reservas,4.283042,200,success,
1789928420.544699,GET,GET /api/v1/reservas/{id},3.210696,200,success,
1789928420.556825,GET,GET /api/v1/reservas,4.903301,200,success,
1789928420.623683,GET,GET /api/v1/reservas,5.532315,200,success,
1789928420.637325,GET,GET /api/v1/reservas,4.416995,200,success,
1789928420.673836,GET,GET /api/v1/reservas,5.249156,200,success,
1789928420.698184,GET,GET /api/v1/reservas,4.433129,200,success,
1789928420.708482,GET,GET /api/v1/reservas,4.056217,200,success,
1789928420.786109,GET,GET /api/v1/reservas,6.260348,200,success,
1789928420.802901,GET,GET /api/v1/reservas,4.569485,200,success,
1789928420.813318,GET,GET /api/v1/reservas,4.183621,200,success,
1789928420.883940,GET,GET /api/v1/reservas,6.312727,200,success,
1789928420.974653,GET,GET /api/v1/reservas,6.317956,200,success,
1789928421.106735,GET,GET /api/v1/reservas,6.648967,200,success,
1789928421.126022,GET,GET /api/v1/reservas/{id},5.078036,200,success,
1789928421.226144,GET,GET /api/v1/reservas/{id},4.813927,200,success,
1789928421.237030,GET,GET /api/v1/reservas,4.604820,200,success,
1789928421.275368,GET,GET /api/v1/reservas/{id},4.147236,200,success,
1789928421.281508,GET,GET /api/v1/reservas,4.872275,200,success,
1789928421.291952,GET,GET /api/v1/reservas/{id},3.316156,200,success,
1789928421.326240,GET,GET /api/v1/reservas,5.013419,200,success,
1789928421.391907,GET,GET /api/v1/reservas,5.374136,200,success,
1789928421.435442,GET,GET /api/v1/reservas,5.217647,200,success,
1789928421.467354,GET,GET /api/v1/reservas,5.649232,200,success,
1789928421.679536,GET,GET /api/v1/reservas,6.995293,200,success,
1789928421.722174,GET,GET /api/v1/reservas/{id},4.432318,200,success,
1789928421.736120,GET,GET /api/v1/reservas,4.655557,200,success,
1789928421.746829,GET,GET /api/v1/reservas,4.419819,200,success,
1789928421.749644,GET,GET /api/v1/reservas,4.703208,200,success,
1789928421.832834,GET,GET /api/v1/reservas,5.845680,200,success,
1789928421.865654,GET,GET /api/v1/reservas,5.522841,200,success,
1789928421.866299,GET,GET /api/v1/reservas,4.533771,200,success,
1789928421.934197,GET,GET /api/v1/reservas,5.568640,200,success,
1789928421.993757,GET,GET /api/v1/reservas/{id},4.337774,200,success,
1789928422.024903,GET,GET /api/v1/reservas/{id},3.949025,200,success,
1789928422.039520,GET,GET /api/v1/reservas/{id},3.430730,200,success,
1789928422.041808,GET,GET /api/v1/reservas/{id},3.099708,200,success,
1789928422.080300,GET,GET /api/v1/reservas/{id},4.312056,200,success,
1789928422.083437,GET,GET /api/v1/reservas/{id},3.998521,200,success,
1789928422.085038,GET,GET /api/v1/reservas,5.109063,200,success,
1789928422.098682,GET,GET /api/v1/reservas,4.390604,200,success,
1789928422.161238,GET,GET /api/v1/reservas,6.241210,200,success,
1789928422.324754,GET,GET /api/v1/reservas,7.098098,200,success,
1789928422.397642,GET,GET /api/v1/reservas/{id},4.648906,200,success,
1789928422.406947,GET,GET /api/v1/reservas,5.020650,200,success,
1789928422.443233,GET,GET /api/v1/reservas,5.042804,200,success,
1789928422.474203,GET,GET /api/v1/reservas/{id},3.790145,200,success,
1789928422.483709,GET,GET /api/v1/reservas,5.254985,200,success,
1789928422.500040,GET,GET /api/v1/reservas,5.007990,200,success,
1789928422.555551,GET,GET /api/v1/reservas,6.214850,200,success,
1789928422.590026,GET,GET /api/v1/reservas,5.180411,200,success,
1789928422.600635,GET,GET /api/v1/reservas,4.333117,200,success,
1789928422.631459,GET,GET /api/v1/reservas,4.592000,200,success,
1789928422.669474,GET,GET /api/v1/reservas/{id},3.831707,200,success,
1789928422.739038,GET,GET /api/v1/reservas,5.565355,200,success,
1789928422.755031,GET,GET /api/v1/reservas,4.694916,200,success,
1789928422.808224,GET,GET /api/v1/reservas/{id},4.967459,200,success,
1789928422.834666,GET,GET /api/v1/reservas,5.133420,200,success,
1789928422.871017,GET,GET /api/v1/reservas,5.084476,200,success,
1789928422.923057,GET,GET /api/v1/reservas,5.692348,200,success,
1789928422.933234,GET,GET /api/v1/reservas,4.884653,200,success,
1789928422.984689,GET,GET /api/v1/reservas,5.172110,200,success,
1789928423.010858,GET,GET /api/v1/reservas,5.867253,200,success,
1789928423.018128,GET,GET /api/v1/reservas,5.931050,200,success,
1789928423.101948,GET,GET /api/v1/reservas,6.669219,200,success,
1789928423.110675,GET,GET /api/v1/reservas,7.387938,200,success,
1789928423.111900,GET,GET /api/v1/reservas/{id},5.028441,200,success,
1789928423.133486,GET,GET /api/v1/reservas,7.270660,200,success,
1789928423.156904,GET,GET /api/v1/reservas/{id},7.198140,200,success,
1789928423.190527,GET,GET /api/v1/reservas,8.267662,200,success,
1789928423.279070,GET,GET /api/v1/reservas,7.129836,200,success,
1789928423.302703,GET,GET /api/v1/reservas/{id},5.356798,200,success,
1789928423.328581,GET,GET /api/v1/reservas,6.542166,200,success,
1789928423.368241,GET,GET /api/v1/reservas,5.345111,200,success,
1789928423.383925,GET,GET /api/v1/reservas/{id},3.506014,200,success,
1789928423.492111,GET,GET /api/v1/reservas,5.802054,200,success,
1789928423.598768,GET,GET /api/v1/reservas,6.717592,200,success,
1789928423.615151,GET,GET /api/v1/reservas,6.048267,200,success,
1789928423.623360,GET,GET /api/v1/reservas/{id},5.032647,200,success,
1789928423.689143,GET,GET /api/v1/reservas,6.766445,200,success,
1789928423.697535,GET,GET /api/v1/reservas,7.159912,200,success,
1789928423.723574,GET,GET /api/v1/reservas/{id},4.841378,200,success,
1789928423.786390,GET,GET /api/v1/reservas,8.441534,200,success,
1789928423.859847,GET,GET /api/v1/reservas,7.040651,200,success,
1789928423.871308,GET,GET /api/v1/reservas,8.017853,200,success,
1789928423.957510,GET,GET /api/v1/reservas,6.809651,200,success,
1789928423.969357,GET,GET /api/v1/reservas/{id},3.651555,200,success,
1789928424.005333,GET,GET /api/v1/reservas/{id},3.788661,200,success,
1789928424.017750,GET,GET /api/v1/reservas/{id},3.237036,200,success,
1789928424.045945,GET,GET /api/v1/reservas,4.931024,200,success,
1789928424.051186,GET,GET /api/v1/reservas,3.957088,200,success,
1789928424.095578,GET,GET /api/v1/reservas,5.085307,200,success,
1789928424.115141,GET,GET /api/v1/reservas,5.272771,200,success,
1789928424.126669,GET,GET /api/v1/reservas,4.291054,200,success,
1789928424.176268,GET,GET /api/v1/reservas,5.308927,200,success,
1789928424.195803,GET,GET /api/v1/reservas,5.289948,200,success,
1789928424.234169,GET,GET /api/v1/reservas,5.063965,200,success,
1789928424.252756,GET,GET /api/v1/reservas,5.285761,200,success,
1789928424.291238,GET,GET /api/v1/reservas/{id},4.274418,200,success,
1789928424.411430,GET,GET /api/v1/reservas/{id},4.857132,200,success,
1789928424.471832,GET,GET /api/v1/reservas,4.331075,200,success,
1789928424.472290,GET,GET /api/v1/reservas,6.563629,200,success,
1789928424.564471,GET,GET /api/v1/reservas,5.819701,200,success,
1789928424.628254,GET,GET /api/v1/reservas,6.466191,200,success,
1789928424.690158,GET,GET /api/v1/reservas,5.912361,200,success,
1789928424.726434,GET,GET /api/v1/reservas,5.007960,200,success,
1789928424.739821,GET,GET /api/v1/reservas,5.143506,200,success,
1789928424.743795,GET,GET /api/v1/reservas,4.575144,200,success,
1789928424.748348,GET,GET /api/v1/reservas,4.392037,200,success,
1789928424.791348,GET,GET /api/v1/reservas,5.717486,200,success,
1789928424.823445,GET,GET /api/v1/reservas/{id},3.876886,200,success,
1789928424.905435,GET,GET /api/v1/reservas,5.615060,200,success,
1789928424.973447,GET,GET /api/v1/reservas,5.633087,200,success,
1789928424.993297,GET,GET /api/v1/reservas,4.600703,200,success,
1789928425.001852,GET,GET /api/v1/reservas,4.323653,200,success,
1789928425.037486,GET,GET /api/v1/reservas,5.297779,200,success,
1789928425.094302,GET,GET /api/v1/reservas/{id},4.607833,200,success,
1789928425.148168,GET,GET /api/v1/reservas,5.563602,200,success,
1789928425.180711,GET,GET /api/v1/reservas,5.273483,200,success,
1789928425.188751,GET,GET /api/v1/reservas,4.767716,200,success,
1789928425.190140,GET,GET /api/v1/reservas/{id},3.673798,200,success,
1789928425.274126,GET,GET /api/v1/reservas,6.590729,200,success,
1789928425.286016,GET,GET /api/v1/reservas,5.549411,200,success,
1789928425.298626,GET,GET /api/v1/reservas/{id},3.424832,200,success,
1789928425.304143,GET,GET /api/v1/reservas,4.257182,200,success,
1789928425.362502,GET,GET /api/v1/reservas/{id},5.142073,200,success,
1789928425.399886,GET,GET /api/v1/reservas,5.094531,200,success,
1789928425.460716,GET,GET /api/v1/reservas,5.535140,200,success,
1789928425.501885,GET,GET /api/v1/reservas/{id},3.970488,200,success,
1789928425.651972,GET,GET /api/v1/reservas,6.262832,200,success,
1789928425.654997,GET,GET /api/v1/reservas/{id},3.810725,200,success,
1789928425.677908,GET,GET /api/v1/reservas,4.630949,200,success,
1789928425.695211,GET,GET /api/v1/reservas,4.461372,200,success,
1789928425.726319,GET,GET /api/v1/reservas,4.843510,200,success,
1789928425.755103,GET,GET /api/v1/reservas,5.460386,200,success,
1789928425.773020,GET,GET /api/v1/reservas,4.610779,200,success,
1789928425.788938,GET,GET /api/v1/reservas,4.646312,200,success,
1789928425.887220,GET,GET /api/v1/reservas/{id},6.091532,200,success,
1789928425.889009,GET,GET /api/v1/reservas,8.661508,200,success,
1789928425.957329,GET,GET /api/v1/reservas/{id},7.059791,200,success,
1789928425.959167,GET,GET /api/v1/reservas,7.848356,200,success,
1789928426.078544,GET,GET /api/v1/reservas,10.952401,200,success,
1789928426.112976,GET,GET /api/v1/reservas,25.055185,200,success,
1789928426.135880,GET,GET /api/v1/reservas,7.677397,200,success,
1789928426.296368,GET,GET /api/v1/reservas,8.018885,200,success,
1789928426.346875,GET,GET /api/v1/reservas,10.032976,200,success,
1789928426.357130,GET,GET /api/v1/reservas/{id},5.043754,200,success,
1789928426.372057,GET,GET /api/v1/reservas,5.591815,200,success,
1789928426.447364,GET,GET /api/v1/reservas,5.950788,200,success,
1789928426.496783,GET,GET /api/v1/reservas,6.107387,200,success,
1789928426.500016,GET,GET /api/v1/reservas,4.571499,200,success,
1789928426.520781,GET,GET /api/v1/reservas,4.498969,200,success,
1789928426.526497,GET,GET /api/v1/reservas/{id},3.288414,200,success,
1789928426.561505,GET,GET /api/v1/reservas,4.743150,200,success,
1789928426.640679,GET,GET /api/v1/reservas,5.831869,200,success,
1789928426.746043,GET,GET /api/v1/reservas/{id},5.191037,200,success,
1789928426.782193,GET,GET /api/v1/reservas/{id},3.943586,200,success,
1789928426.922733,GET,GET /api/v1/reservas,6.108790,200,success,
1789928427.095613,GET,GET /api/v1/reservas,6.502405,200,success,
1789928427.111574,GET,GET /api/v1/reservas/{id},3.755632,200,success,
1789928427.148906,GET,GET /api/v1/reservas/{id},4.136319,200,success,
1789928427.160082,GET,GET /api/v1/reservas,8.873699,200,success,
1789928427.164084,GET,GET /api/v1/reservas,6.130402,200,success,
1789928427.168548,GET,GET /api/v1/reservas,5.250158,200,success,
1789928427.219928,GET,GET /api/v1/reservas/{id},4.170502,200,success,
1789928427.224581,GET,GET /api/v1/reservas,4.452798,200,success,
1789928427.263686,GET,GET /api/v1/reservas/{id},3.925330,200,success,
1789928427.346062,GET,GET /api/v1/reservas/{id},5.129425,200,success,
1789928427.388333,GET,GET /api/v1/reservas/{id},4.069588,200,success,
1789928427.418571,GET,GET /api/v1/reservas,4.941599,200,success,
1789928427.426347,GET,GET /api/v1/reservas,4.535254,200,success,
1789928427.436806,GET,GET /api/v1/reservas,4.207076,200,success,
1789928427.474155,GET,GET /api/v1/reservas,5.041561,200,success,
1789928427.590527,GET,GET /api/v1/reservas,6.491549,200,success,
1789928427.603123,GET,GET /api/v1/reservas,5.287624,200,success,
1789928427.673012,GET,GET /api/v1/reservas,6.497608,200,success,
1789928427.691374,GET,GET /api/v1/reservas,5.469620,200,success,
1789928427.796020,GET,GET /api/v1/reservas,6.255270,200,success,
1789928427.807830,GET,GET /api/v1/reservas/{id},4.596327,200,success,
1789928427.838135,GET,GET /api/v1/reservas,5.036714,200,success,
1789928427.844544,GET,GET /api/v1/reservas/{id},3.240541,200,success,
1789928427.910695,GET,GET /api/v1/reservas,6.821649,200,success,
1789928427.911158,GET,GET /api/v1/reservas,6.605832,200,success,
1789928427.927418,GET,GET /api/v1/reservas/{id},4.084562,200,success,
1789928427.929864,GET,GET /api/v1/reservas,4.478467,200,success,
1789928427.975576,GET,GET /api/v1/reservas,6.425188,200,success,
1789928427.979215,GET,GET /api/v1/reservas/{id},4.470016,200,success,
1789928428.034902,GET,GET /api/v1/reservas,8.376375,200,success,
1789928428.122326,GET,GET /api/v1/reservas,7.055283,200,success,
1789928428.135001,GET,GET /api/v1/reservas,8.340421,200,success,
1789928428.142972,GET,GET /api/v1/reservas,9.605258,200,success,
1789928428.167642,GET,GET /api/v1/reservas,7.159191,200,success,
1789928428.184509,GET,GET /api/v1/reservas,11.522053,200,success,
1789928428.212119,GET,GET /api/v1/reservas,7.048482,200,success,
1789928428.232115,GET,GET /api/v1/reservas,5.636943,200,success,
1789928428.337512,GET,GET /api/v1/reservas,6.052994,200,success,
1789928428.352962,GET,GET /api/v1/reservas,5.174993,200,success,
1789928428.366672,GET,GET /api/v1/reservas,4.441362,200,success,
1789928428.487193,GET,GET /api/v1/reservas,6.112614,200,success,
1789928428.525442,GET,GET /api/v1/reservas,7.984742,200,success,
1789928428.529917,GET,GET /api/v1/reservas,5.362347,200,success,
1789928428.660946,GET,GET /api/v1/reservas/{id},4.721356,200,success,
1789928428.668400,GET,GET /api/v1/reservas/{id},3.251248,200,success,
1789928428.683830,GET,GET /api/v1/reservas,5.180602,200,success,
1789928428.709520,GET,GET /api/v1/reservas,4.791492,200,success,
1789928428.742609,GET,GET /api/v1/reservas,4.812404,200,success,
1789928428.852925,GET,GET /api/v1/reservas,5.906161,200,success,
1789928428.871439,GET,GET /api/v1/reservas,5.228024,200,success,
1789928428.923942,GET,GET /api/v1/reservas/{id},4.297594,200,success,
1789928428.999958,GET,GET /api/v1/reservas,6.626293,200,success,
1789928429.002728,GET,GET /api/v1/reservas,4.716528,200,success,
1789928429.043591,GET,GET /api/v1/reservas,5.594870,200,success,
1789928429.048014,GET,GET /api/v1/reservas/{id},3.253863,200,success,
1789928429.076308,GET,GET /api/v1/reservas,4.991115,200,success,
1789928429.144226,GET,GET /api/v1/reservas,10.591353,200,success,
1789928429.212361,GET,GET /api/v1/reservas,5.809305,200,success,
1789928429.231013,GET,GET /api/v1/reservas,5.304890,200,success,
1789928429.261479,GET,GET /api/v1/reservas/{id},9.252383,200,success,
1789928429.324501,GET,GET /api/v1/reservas/{id},7.674082,200,success,
1789928429.379526,GET,GET /api/v1/reservas,9.657787,200,success,
1789928429.383072,GET,GET /api/v1/reservas,8.384198,200,success,
1789928429.403644,GET,GET /api/v1/reservas/{id},4.403684,200,success,
1789928429.434294,GET,GET /api/v1/reservas,11.088756,200,success,
1789928429.439279,GET,GET /api/v1/reservas,8.553003,200,success,
1789928429.463964,GET,GET /api/v1/reservas,8.699104,200,success,
1789928429.515107,GET,GET /api/v1/reservas/{id},5.841313,200,success,
1789928429.528306,GET,GET /api/v1/reservas,6.859417,200,success,
1789928429.533060,GET,GET /api/v1/reservas/{id},6.443316,200,success,
1789928429.597130,GET,GET /api/v1/reservas/{id},5.312241,200,success,
1789928429.673114,GET,GET /api/v1/reservas,6.656428,200,success,
1789928429.728561,GET,GET /api/v1/reservas,5.493927,200,success,
1789928429.732688,GET,GET /api/v1/reservas,4.906497,200,success,
1789928429.774536,GET,GET /api/v1/reservas,5.545585,200,success,
1789928429.843588,GET,GET /api/v1/reservas,5.730186,200,success,
1789928429.913563,GET,GET /api/v1/reservas,5.623053,200,success,
1789928429.987764,GET,GET /api/v1/reservas/{id},4.956013,200,success,
1789928430.030405,GET,GET /api/v1/reservas,5.358352,200,success,
1789928430.064525,GET,GET /api/v1/reservas,4.783009,200,success,
1789928430.134430,GET,GET /api/v1/reservas/{id},4.674516,200,success,
1789928430.222799,GET,GET /api/v1/reservas,6.029799,200,success,
1789928430.290287,GET,GET /api/v1/reservas,6.096420,200,success,
1789928430.320520,GET,GET /api/v1/reservas,8.774610,200,success,
1789928430.362870,GET,GET /api/v1/reservas,11.942331,200,success,
1789928430.367558,GET,GET /api/v1/reservas,11.487311,200,success,
1789928430.410136,GET,GET /api/v1/reservas,6.252416,200,success,
1789928430.475909,GET,GET /api/v1/reservas,5.483873,200,success,
1789928430.484437,GET,GET /api/v1/reservas,4.293378,200,success,
1789928430.489194,GET,GET /api/v1/reservas,4.565339,200,success,
1789928430.495151,GET,GET /api/v1/reservas/{id},3.792879,200,success,
1789928430.514908,GET,GET /api/v1/reservas,4.549466,200,success,
1789928430.535511,GET,GET /api/v1/reservas/{id},3.430700,200,success,
1789928430.613752,GET,GET /api/v1/reservas,5.915806,200,success,
1789928430.638740,GET,GET /api/v1/reservas/{id},3.805037,200,success,
1789928430.719722,GET,GET /api/v1/reservas,5.820953,200,success,
1789928430.731264,GET,GET /api/v1/reservas,4.908259,200,success,
1789928430.731429,GET,GET /api/v1/reservas,5.483322,200,success,
1789928430.740725,GET,GET /api/v1/reservas,4.099003,200,success,
1789928430.753251,GET,GET /api/v1/reservas,4.302510,200,success,
1789928430.765442,GET,GET /api/v1/reservas,4.925004,200,success,
1789928430.821310,GET,GET /api/v1/reservas,5.534989,200,success,
1789928430.863203,GET,GET /api/v1/reservas,5.577944,200,success,
1789928430.886672,GET,GET /api/v1/reservas,5.205740,200,success,
1789928430.895267,GET,GET /api/v1/reservas,4.368771,200,success,
1789928430.917102,GET,GET /api/v1/reservas,4.533871,200,success,
1789928430.974680,GET,GET /api/v1/reservas/{id},4.371595,200,success,
1789928431.101609,GET,GET /api/v1/reservas,6.516827,200,success,
1789928431.105074,GET,GET /api/v1/reservas/{id},3.326963,200,success,
1789928431.178499,GET,GET /api/v1/reservas/{id},5.164878,200,success,
1789928431.180822,GET,GET /api/v1/reservas/{id},3.735412,200,success,
1789928431.193017,GET,GET /api/v1/reservas,4.880106,200,success,
1789928431.221112,GET,GET /api/v1/reservas,4.797361,200,success,
1789928431.265074,GET,GET /api/v1/reservas,5.615992,200,success,
1789928431.346232,GET,GET /api/v1/reservas/{id},4.895922,200,success,
1789928431.451495,GET,GET /api/v1/reservas,5.851018,200,success,
1789928431.486406,GET,GET /api/v1/reservas,5.592687,200,success,
1789928431.515936,GET,GET /api/v1/reservas/{id},4.312216,200,success,
1789928431.565085,GET,GET /api/v1/reservas,5.512996,200,success,
1789928431.585853,GET,GET /api/v1/reservas,5.070724,200,success,
1789928431.594632,GET,GET /api/v1/reservas,4.488603,200,success,
1789928431.601976,GET,GET /api/v1/reservas,4.116099,200,success,
1789928431.703063,GET,GET /api/v1/reservas/{id},5.099761,200,success,
1789928431.753081,GET,GET /api/v1/reservas,5.680620,200,success,
1789928431.762664,GET,GET /api/v1/reservas/{id},3.398501,200,success,
1789928431.789142,GET,GET /api/v1/reservas,5.220983,200,success,
1789928431.818300,GET,GET /api/v1/reservas,4.901530,200,success,
1789928431.825665,GET,GET /api/v1/reservas/{id},3.197927,200,success,
1789928431.861232,GET,GET /api/v1/reservas,5.258901,200,success,
1789928432.009796,GET,GET /api/v1/reservas,6.248671,200,success,
1789928432.141559,GET,GET /api/v1/reservas,6.357196,200,success,
1789928432.212668,GET,GET /api/v1/reservas/{id},6.837002,200,success,
1789928432.237664,GET,GET /api/v1/reservas,5.666238,200,success,
1789928432.292972,GET,GET /api/v1/reservas,5.992963,200,success,
1789928432.330458,GET,GET /api/v1/reservas,5.164117,200,success,
1789928432.366291,GET,GET /api/v1/reservas/{id},5.610384,200,success,
1789928432.372787,GET,GET /api/v1/reservas,5.179691,200,success,
1789928432.472309,GET,GET /api/v1/reservas,7.152742,200,success,
1789928432.562924,GET,GET /api/v1/reservas,6.249122,200,success,
1789928432.563325,GET,GET /api/v1/reservas,5.466785,200,success,
1789928432.573758,GET,GET /api/v1/reservas,4.183591,200,success,
1789928432.610838,GET,GET /api/v1/reservas/{id},3.887272,200,success,
1789928432.630545,GET,GET /api/v1/reservas/{id},3.530721,200,success,
1789928432.635682,GET,GET /api/v1/reservas/{id},2.992856,200,success,
1789928432.664483,GET,GET /api/v1/reservas/{id},3.619667,200,success,
1789928432.668528,GET,GET /api/v1/reservas,4.534083,200,success,
1789928432.703215,GET,GET /api/v1/reservas,4.793705,200,success,
1789928432.733278,GET,GET /api/v1/reservas/{id},3.871929,200,success,
1789928432.749151,GET,GET /api/v1/reservas,4.559821,200,success,
1789928432.769469,GET,GET /api/v1/reservas,5.041411,200,success,
1789928432.874998,GET,GET /api/v1/reservas,6.145565,200,success,
1789928432.886822,GET,GET /api/v1/reservas,4.525919,200,success,
1789928432.999048,GET,GET /api/v1/reservas,6.811094,200,success,
1789928433.028918,GET,GET /api/v1/reservas,5.557594,200,success,
1789928433.062665,GET,GET /api/v1/reservas,5.393084,200,success,
1789928433.064090,GET,GET /api/v1/reservas,5.152951,200,success,
1789928433.068287,GET,GET /api/v1/reservas,4.044751,200,success,
1789928433.116431,GET,GET /api/v1/reservas,5.790377,200,success,
1789928433.149075,GET,GET /api/v1/reservas/{id},4.428593,200,success,
1789928433.190319,GET,GET /api/v1/reservas/{id},20.017700,200,success,
1789928433.192077,GET,GET /api/v1/reservas,14.912873,200,success,
1789928433.223397,GET,GET /api/v1/reservas/{id},4.126034,200,success,
1789928433.278074,GET,GET /api/v1/reservas/{id},4.460812,200,success,
1789928433.312849,GET,GET /api/v1/reservas/{id},5.579375,200,success,
1789928433.319578,GET,GET /api/v1/reservas,6.453812,200,success,
1789928433.334926,GET,GET /api/v1/reservas,6.048207,200,success,
1789928433.342505,GET,GET /api/v1/reservas,8.854109,200,success,
1789928433.389536,GET,GET /api/v1/reservas,6.695539,200,success,
1789928433.407465,GET,GET /api/v1/reservas,6.505991,200,success,
1789928433.436660,GET,GET /api/v1/reservas,5.872871,200,success,
1789928433.490678,GET,GET /api/v1/reservas,8.675399,200,success,
1789928433.493617,GET,GET /api/v1/reservas,7.962429,200,success,
1789928433.561338,GET,GET /api/v1/reservas,18.945736,200,success,
1789928433.570872,GET,GET /api/v1/reservas,10.027979,200,success,
1789928433.598307,GET,GET /api/v1/reservas,30.031887,200,success,
1789928433.609266,GET,GET /api/v1/reservas,21.972853,200,success,
1789928433.686670,GET,GET /api/v1/reservas,7.005738,200,success,
1789928433.745212,GET,GET /api/v1/reservas/{id},4.624359,200,success,
1789928433.789652,GET,GET /api/v1/reservas,6.118584,200,success,
1789928433.809911,GET,GET /api/v1/reservas,4.967349,200,success,
1789928433.815312,GET,GET /api/v1/reservas,4.179966,200,success,
1789928433.888149,GET,GET /api/v1/reservas,11.402954,200,success,
1789928433.970568,GET,GET /api/v1/reservas,8.034477,200,success,
1789928434.019778,GET,GET /api/v1/reservas,6.882622,200,success,
1789928434.027320,GET,GET /api/v1/reservas,5.239882,200,success,
1789928434.077683,GET,GET /api/v1/reservas,6.039073,200,success,
1789928434.248832,GET,GET /api/v1/reservas,6.635517,200,success,
1789928434.371642,GET,GET /api/v1/reservas,7.391073,200,success,
1789928434.372024,GET,GET /api/v1/reservas,5.563053,200,success,
1789928434.449915,GET,GET /api/v1/reservas/{id},4.661586,200,success,
1789928434.533720,GET,GET /api/v1/reservas,6.432850,200,success,
1789928434.545613,GET,GET /api/v1/reservas,4.613932,200,success,
1789928434.592056,GET,GET /api/v1/reservas,5.137827,200,success,
1789928434.600638,GET,GET /api/v1/reservas,4.345816,200,success,
1789928434.631213,GET,GET /api/v1/reservas,7.273284,200,success,
1789928434.635582,GET,GET /api/v1/reservas,5.695954,200,success,
1789928434.685096,GET,GET /api/v1/reservas/{id},4.296673,200,success,
1789928434.734831,GET,GET /api/v1/reservas/{id},4.904523,200,success,
1789928434.833035,GET,GET /api/v1/reservas,5.807772,200,success,
1789928434.913190,GET,GET /api/v1/reservas/{id},4.902872,200,success,
1789928434.918785,GET,GET /api/v1/reservas,4.319978,200,success,
1789928434.981247,GET,GET /api/v1/reservas,6.128439,200,success,
1789928435.002491,GET,GET /api/v1/reservas,4.952045,200,success,
1789928435.073652,GET,GET /api/v1/reservas,5.796746,200,success,
1789928435.099342,GET,GET /api/v1/reservas,5.446676,200,success,
1789928435.183474,GET,GET /api/v1/reservas/{id},4.872294,200,success,
1789928435.211808,GET,GET /api/v1/reservas,5.035401,200,success,
1789928435.226537,GET,GET /api/v1/reservas/{id},4.554644,200,success,
1789928435.227939,GET,GET /api/v1/reservas,4.894700,200,success,
1789928435.228567,GET,GET /api/v1/reservas,6.123811,200,success,
1789928435.280036,GET,GET /api/v1/reservas,6.142140,200,success,
1789928435.308370,GET,GET /api/v1/reservas,5.019628,200,success,
1789928435.353135,GET,GET /api/v1/reservas,5.426624,200,success,
1789928435.361973,GET,GET /api/v1/reservas,5.547288,200,success,
1789928435.392389,GET,GET /api/v1/reservas,5.128063,200,success,
1789928435.408398,GET,GET /api/v1/reservas,4.728035,200,success,
1789928435.492966,GET,GET /api/v1/reservas/{id},4.468814,200,success,
1789928435.493674,GET,GET /api/v1/reservas,6.946628,200,success,
1789928435.517473,GET,GET /api/v1/reservas,4.560442,200,success,
1789928435.589348,GET,GET /api/v1/reservas,6.115809,200,success,
1789928435.603210,GET,GET /api/v1/reservas,5.590023,200,success,
1789928435.625193,GET,GET /api/v1/reservas,4.722198,200,success,
1789928435.636720,GET,GET /api/v1/reservas,4.296011,200,success,
1789928435.654073,GET,GET /api/v1/reservas,5.063404,200,success,
1789928435.655063,GET,GET /api/v1/reservas/{id},3.461596,200,success,
1789928435.696657,GET,GET /api/v1/reservas/{id},4.417565,200,success,
1789928435.710556,GET,GET /api/v1/reservas,4.670199,200,success,
1789928435.751733,GET,GET /api/v1/reservas/{id},3.987574,200,success,
1789928435.771495,GET,GET /api/v1/reservas,4.420340,200,success,
1789928435.798275,GET,GET /api/v1/reservas/{id},3.597472,200,success,
1789928435.807839,GET,GET /api/v1/reservas,4.300668,200,success,
1789928435.876495,GET,GET /api/v1/reservas/{id},4.418827,200,success,
1789928435.895335,GET,GET /api/v1/reservas,4.586511,200,success,
1789928435.989614,GET,GET /api/v1/reservas,5.936718,200,success,
1789928436.087445,GET,GET /api/v1/reservas,6.418628,200,success,
1789928436.090577,GET,GET /api/v1/reservas,4.767726,200,success,
1789928436.266613,GET,GET /api/v1/reservas,7.592297,200,success,
1789928436.303437,GET,GET /api/v1/reservas,7.457103,200,success,
1789928436.399586,GET,GET /api/v1/reservas,7.659449,200,success,
1789928436.464242,GET,GET /api/v1/reservas,8.201441,200,success,
1789928436.508604,GET,GET /api/v1/reservas/{id},5.101863,200,success,
1789928436.515328,GET,GET /api/v1/reservas,5.367765,200,success,
1789928436.566004,GET,GET /api/v1/reservas/{id},5.858179,200,success,
1789928436.620821,GET,GET /api/v1/reservas,8.446762,200,success,
1789928436.759700,GET,GET /api/v1/reservas,6.779316,200,success,
1789928436.783791,GET,GET /api/v1/reservas,4.785493,200,success,
1789928436.843971,GET,GET /api/v1/reservas,5.859541,200,success,
1789928436.844353,GET,GET /api/v1/reservas/{id},3.663022,200,success,
1789928436.866602,GET,GET /api/v1/reservas,5.013669,200,success,
1789928436.894796,GET,GET /api/v1/reservas,4.922310,200,success,
1789928436.954645,GET,GET /api/v1/reservas,6.570358,200,success,
1789928436.955545,GET,GET /api/v1/reservas,6.776771,200,success,
1789928436.958626,GET,GET /api/v1/reservas,5.305131,200,success,
1789928436.962174,GET,GET /api/v1/reservas,4.360418,200,success,
1789928436.981933,GET,GET /api/v1/reservas,4.496435,200,success,
1789928437.060936,GET,GET /api/v1/reservas,5.653889,200,success,
1789928437.092117,GET,GET /api/v1/reservas,4.832964,200,success,
1789928437.101882,GET,GET /api/v1/reservas/{id},3.602080,200,success,
1789928437.108931,GET,GET /api/v1/reservas,7.562523,200,success,
1789928437.289543,GET,GET /api/v1/reservas,6.215451,200,success,
1789928437.298391,GET,GET /api/v1/reservas/{id},3.657944,200,success,
1789928437.376175,GET,GET /api/v1/reservas,6.443216,200,success,
1789928437.422028,GET,GET /api/v1/reservas,6.514543,200,success,
1789928437.422406,GET,GET /api/v1/reservas/{id},4.349673,200,success,
1789928437.439255,GET,GET /api/v1/reservas,4.571729,200,success,
1789928437.450341,GET,GET /api/v1/reservas,4.837272,200,success,
1789928437.694525,GET,GET /api/v1/reservas,6.218105,200,success,
1789928437.717273,GET,GET /api/v1/reservas/{id},3.814432,200,success,
1789928437.752535,GET,GET /api/v1/reservas,5.955936,200,success,
1789928437.752839,GET,GET /api/v1/reservas/{id},4.723629,200,success,
1789928437.802441,GET,GET /api/v1/reservas,5.288306,200,success,
1789928437.809975,GET,GET /api/v1/reservas/{id},3.375466,200,success,
1789928437.812201,GET,GET /api/v1/reservas/{id},3.009782,200,success,
1789928437.882346,GET,GET /api/v1/reservas,8.783022,200,success,
1789928437.905871,GET,GET /api/v1/reservas/{id},4.296232,200,success,
1789928437.995490,GET,GET /api/v1/reservas,6.261100,200,success,
1789928438.008682,GET,GET /api/v1/reservas,4.928540,200,success,
1789928438.042340,GET,GET /api/v1/reservas,5.387736,200,success,
1789928438.059059,GET,GET /api/v1/reservas,4.450495,200,success,
1789928438.073656,GET,GET /api/v1/reservas,4.370595,200,success,
1789928438.094776,GET,GET /api/v1/reservas,4.852375,200,success,
1789928438.119599,GET,GET /api/v1/reservas,4.526851,200,success,
1789928438.122752,GET,GET /api/v1/reservas,4.099724,200,success,
1789928438.185076,GET,GET /api/v1/reservas,6.010249,200,success,
1789928438.217518,GET,GET /api/v1/reservas,5.148593,200,success,
1789928438.233963,GET,GET /api/v1/reservas,5.170748,200,success,
1789928438.250504,GET,GET /api/v1/reservas,6.231966,200,success,
1789928438.270189,GET,GET /api/v1/reservas,5.406194,200,success,
1789928438.284579,GET,GET /api/v1/reservas,6.022309,200,success,
1789928438.297361,GET,GET /api/v1/reservas,5.482390,200,success,
1789928438.455056,GET,GET /api/v1/reservas,7.201246,200,success,
1789928438.456804,GET,GET /api/v1/reservas/{id},4.124642,200,success,
1789928438.461123,GET,GET /api/v1/reservas,4.824242,200,success,
1789928438.492303,GET,GET /api/v1/reservas,8.835772,200,success,
1789928438.500934,GET,GET /api/v1/reservas,6.315772,200,success,
1789928438.561976,GET,GET /api/v1/reservas,5.714601,200,success,
1789928438.566931,GET,GET /api/v1/reservas/{id},3.770696,200,success,
1789928438.569931,GET,GET /api/v1/reservas/{id},3.642812,200,success,
1789928438.652088,GET,GET /api/v1/reservas,5.803556,200,success,
1789928438.699605,GET,GET /api/v1/reservas,5.198509,200,success,
1789928438.758495,GET,GET /api/v1/reservas/{id},5.122142,200,success,
1789928438.899706,GET,GET /api/v1/reservas/{id},4.886155,200,success,
1789928438.907547,GET,GET /api/v1/reservas,4.578760,200,success,
1789928438.942560,GET,GET /api/v1/reservas/{id},3.817446,200,success,
1789928438.946713,GET,GET /api/v1/reservas/{id},3.006477,200,success,
1789928438.983721,GET,GET /api/v1/reservas,5.698286,200,success,
1789928439.024283,GET,GET /api/v1/reservas,5.273623,200,success,
1789928439.122545,GET,GET /api/v1/reservas,5.861213,200,success,
1789928439.137367,GET,GET /api/v1/reservas,4.571328,200,success,
1789928439.242513,GET,GET /api/v1/reservas,6.782320,200,success,
1789928439.242897,GET,GET /api/v1/reservas,5.416258,200,success,
1789928439.265781,GET,GET /api/v1/reservas/{id},4.696318,200,success,
1789928439.338576,GET,GET /api/v1/reservas,6.431307,200,success,
1789928439.356305,GET,GET /api/v1/reservas,4.495103,200,success,
1789928439.397560,GET,GET /api/v1/reservas,4.986247,200,success,
1789928439.445129,GET,GET /api/v1/reservas,5.278060,200,success,
1789928439.464916,GET,GET /api/v1/reservas/{id},3.618044,200,success,
1789928439.589933,GET,GET /api/v1/reservas,6.199927,200,success,
1789928439.595504,GET,GET /api/v1/reservas,4.303412,200,success,
1789928439.619696,GET,GET /api/v1/reservas,5.898920,200,success,
1789928439.623714,GET,GET /api/v1/reservas,5.322547,200,success,
1789928439.649841,GET,GET /api/v1/reservas,5.645717,200,success,
1789928439.663693,GET,GET /api/v1/reservas,5.538314,200,success,
1789928439.679613,GET,GET /api/v1/reservas,5.615261,200,success,
1789928439.709975,GET,GET /api/v1/reservas,5.671076,200,success,
1789928439.710437,GET,GET /api/v1/reservas,8.855070,200,success,
1789928439.717143,GET,GET /api/v1/reservas,4.468844,200,success,
1789928439.779333,GET,GET /api/v1/reservas,7.791429,200,success,
1789928439.796170,GET,GET /api/v1/reservas,6.512391,200,success,
1789928439.814444,GET,GET /api/v1/reservas,6.949462,200,success,
1789928439.844715,GET,GET /api/v1/reservas,6.962553,200,success,
1789928439.849810,GET,GET /api/v1/reservas,4.865704,200,success,
1789928439.934041,GET,GET /api/v1/reservas,6.797353,200,success,
1789928439.941043,GET,GET /api/v1/reservas,4.684591,200,success,
1789928440.026060,GET,GET /api/v1/reservas,5.651846,200,success,
1789928440.040613,GET,GET /api/v1/reservas,4.309512,200,success,
1789928440.105043,GET,GET /api/v1/reservas,6.119796,200,success,
1789928440.109172,GET,GET /api/v1/reservas,4.793695,200,success,
1789928440.131879,GET,GET /api/v1/reservas,4.417375,200,success,
1789928440.144244,GET,GET /api/v1/reservas/{id},3.191097,200,success,
1789928440.175941,GET,GET /api/v1/reservas/{id},3.513876,200,success,
1789928440.181806,GET,GET /api/v1/reservas,4.620994,200,success,
1789928440.188934,GET,GET /api/v1/reservas/{id},2.984012,200,success,
1789928440.246558,GET,GET /api/v1/reservas,5.343800,200,success,
1789928440.264183,GET,GET /api/v1/reservas/{id},3.450019,200,success,
1789928440.304703,GET,GET /api/v1/reservas,5.238549,200,success,
1789928440.311167,GET,GET /api/v1/reservas,5.202995,200,success,
1789928440.353793,GET,GET /api/v1/reservas/{id},5.414355,200,success,
1789928440.383587,GET,GET /api/v1/reservas/{id},6.503357,200,success,
1789928440.468822,GET,GET /api/v1/reservas,5.854373,200,success,
1789928440.535808,GET,GET /api/v1/reservas,5.630063,200,success,
1789928440.700795,GET,GET /api/v1/reservas,6.570619,200,success,
1789928440.763388,GET,GET /api/v1/reservas,5.507317,200,success,
1789928440.776087,GET,GET /api/v1/reservas/{id},3.507335,200,success,
1789928440.859390,GET,GET /api/v1/reservas,5.922065,200,success,
1789928440.876103,GET,GET /api/v1/reservas,5.392203,200,success,
1789928440.877500,GET,GET /api/v1/reservas,4.219866,200,success,
1789928440.882674,GET,GET /api/v1/reservas/{id},3.032395,200,success,
1789928440.907570,GET,GET /api/v1/reservas,4.647735,200,success,
1789928440.911655,GET,GET /api/v1/reservas,3.922925,200,success,
1789928440.974439,GET,GET /api/v1/reservas,5.494768,200,success,
1789928441.011481,GET,GET /api/v1/reservas,4.765922,200,success,
1789928441.026501,GET,GET /api/v1/reservas,4.767655,200,success,
1789928441.098369,GET,GET /api/v1/reservas/{id},4.629546,200,success,
1789928441.104834,GET,GET /api/v1/reservas/{id},4.133536,200,success,
1789928441.108279,GET,GET /api/v1/reservas,7.067913,200,success,
1789928441.113802,GET,GET /api/v1/reservas,5.353054,200,success,
1789928441.215900,GET,GET /api/v1/reservas,10.732356,200,success,
1789928441.259659,GET,GET /api/v1/reservas,6.397446,200,success,
1789928441.408086,GET,GET /api/v1/reservas,6.093917,200,success,
1789928441.468489,GET,GET /api/v1/reservas/{id},4.179525,200,success,
1789928441.576968,GET,GET /api/v1/reservas/{id},4.556406,200,success,
1789928441.595787,GET,GET /api/v1/reservas,4.512499,200,success,
1789928441.631934,GET,GET /api/v1/reservas,4.887497,200,success,
1789928441.633784,GET,GET /api/v1/reservas,4.101386,200,success,
1789928441.672541,GET,GET /api/v1/reservas,4.523846,200,success,
1789928441.696137,GET,GET /api/v1/reservas,4.327499,200,success,
1789928441.746752,GET,GET /api/v1/reservas,5.678186,200,success,
1789928441.798885,GET,GET /api/v1/reservas/{id},3.925821,200,success,
1789928441.855333,GET,GET /api/v1/reservas,5.179220,200,success,
1789928441.865736,GET,GET /api/v1/reservas,4.154797,200,success,
1789928441.958018,GET,GET /api/v1/reservas,6.930695,200,success,
1789928441.961730,GET,GET /api/v1/reservas,4.444085,200,success,
1789928441.981394,GET,GET /api/v1/reservas,9.395670,200,success,
1789928442.041193,GET,GET /api/v1/reservas,5.470161,200,success,
1789928442.060929,GET,GET /api/v1/reservas,4.485699,200,success,
1789928442.158332,GET,GET /api/v1/reservas,6.048387,200,success,
1789928442.184159,GET,GET /api/v1/reservas,5.571384,200,success,
1789928442.191483,GET,GET /api/v1/reservas/{id},3.172099,200,success,
1789928442.234429,GET,GET /api/v1/reservas/{id},3.749563,200,success,
1789928442.302204,GET,GET /api/v1/reservas,5.478172,200,success,
1789928442.306571,GET,GET /api/v1/reservas,4.188217,200,success,
1789928442.312774,GET,GET /api/v1/reservas/{id},3.057774,200,success,
1789928442.329124,GET,GET /api/v1/reservas/{id},3.190496,200,success,
1789928442.342975,GET,GET /api/v1/reservas,7.287506,200,success,
1789928442.343175,GET,GET /api/v1/reservas,7.819102,200,success,
1789928442.343551,GET,GET /api/v1/reservas,7.700061,200,success,
1789928442.344807,GET,GET /api/v1/reservas/{id},5.147752,200,success,
1789928442.436612,GET,GET /api/v1/reservas/{id},4.542014,200,success,
1789928442.443822,GET,GET /api/v1/reservas/{id},3.058566,200,success,
1789928442.497710,GET,GET /api/v1/reservas,5.627690,200,success,
1789928442.569376,GET,GET /api/v1/reservas,5.378171,200,success,
1789928442.591195,GET,GET /api/v1/reservas,4.569065,200,success,
1789928442.595562,GET,GET /api/v1/reservas,4.900618,200,success,
1789928442.627454,GET,GET /api/v1/reservas,4.643708,200,success,
1789928442.742854,GET,GET /api/v1/reservas/{id},4.408191,200,success,
1789928442.789294,GET,GET /api/v1/reservas/{id},4.233125,200,success,
1789928442.796457,GET,GET /api/v1/reservas,4.866236,200,success,
1789928442.823773,GET,GET /api/v1/reservas,5.046879,200,success,
1789928442.883452,GET,GET /api/v1/reservas/{id},4.454732,200,success,
1789928443.023694,GET,GET /api/v1/reservas,5.801973,200,success,
1789928443.135062,GET,GET /api/v1/reservas,5.970991,200,success,
1789928443.148634,GET,GET /api/v1/reservas,5.319904,200,success,
1789928443.149247,GET,GET /api/v1/reservas,4.399819,200,success,
1789928443.156544,GET,GET /api/v1/reservas,4.062507,200,success,
1789928443.168006,GET,GET /api/v1/reservas,4.225084,200,success,
1789928443.181952,GET,GET /api/v1/reservas,4.685421,200,success,
1789928443.197871,GET,GET /api/v1/reservas,5.626448,200,success,
1789928443.276831,GET,GET /api/v1/reservas,5.640149,200,success,
1789928443.334838,GET,GET /api/v1/reservas,5.680840,200,success,
1789928443.354875,GET,GET /api/v1/reservas,4.801487,200,success,
1789928443.373614,GET,GET /api/v1/reservas/{id},4.540922,200,success,
1789928443.374400,GET,GET /api/v1/reservas,4.922771,200,success,
1789928443.378203,GET,GET /api/v1/reservas,4.357525,200,success,
1789928443.436136,GET,GET /api/v1/reservas/{id},6.732364,200,success,
1789928443.459170,GET,GET /api/v1/reservas,4.738071,200,success,
1789928443.546695,GET,GET /api/v1/reservas,16.144450,200,success,
1789928443.560485,GET,GET /api/v1/reservas,6.455123,200,success,
1789928443.567370,GET,GET /api/v1/reservas/{id},3.706076,200,success,
1789928443.597801,GET,GET /api/v1/reservas/{id},5.710104,200,success,
1789928443.695380,GET,GET /api/v1/reservas,6.204264,200,success,
1789928443.699682,GET,GET /api/v1/reservas,5.062673,200,success,
1789928443.810047,GET,GET /api/v1/reservas,7.291481,200,success,
1789928443.904116,GET,GET /api/v1/reservas,15.810784,200,success,
1789928443.948611,GET,GET /api/v1/reservas,7.096025,200,success,
1789928443.980780,GET,GET /api/v1/reservas/{id},6.627976,200,success,
1789928444.059208,GET,GET /api/v1/reservas/{id},5.128343,200,success,
1789928444.113995,GET,GET /api/v1/reservas,5.453586,200,success,
1789928444.168272,GET,GET /api/v1/reservas/{id},4.055196,200,success,
1789928444.215314,GET,GET /api/v1/reservas/{id},3.831938,200,success,
1789928444.240029,GET,GET /api/v1/reservas/{id},3.521447,200,success,
1789928444.262724,GET,GET /api/v1/reservas/{id},3.553044,200,success,
1789928444.275246,GET,GET /api/v1/reservas,7.191810,200,success,
1789928444.275622,GET,GET /api/v1/reservas,6.403927,200,success,
1789928444.299023,GET,GET /api/v1/reservas/{id},5.216836,200,success,
1789928444.316638,GET,GET /api/v1/reservas/{id},5.417371,200,success,
1789928444.423151,GET,GET /api/v1/reservas,7.425064,200,success,
1789928444.441628,GET,GET /api/v1/reservas,7.078938,200,success,
1789928444.494471,GET,GET /api/v1/reservas/{id},5.554218,200,success,
1789928444.527217,GET,GET /api/v1/reservas,7.359494,200,success,
1789928444.553928,GET,GET /api/v1/reservas,6.366299,200,success,
1789928444.563748,GET,GET /api/v1/reservas/{id},4.587703,200,success,
1789928444.570825,GET,GET /api/v1/reservas,5.781193,200,success,
1789928444.616895,GET,GET /api/v1/reservas,5.974065,200,success,
1789928444.617339,GET,GET /api/v1/reservas,7.206203,200,success,
1789928444.645178,GET,GET /api/v1/reservas/{id},4.652853,200,success,
1789928444.646521,GET,GET /api/v1/reservas/{id},4.282381,200,success,
1789928444.648329,GET,GET /api/v1/reservas/{id},3.840011,200,success,
1789928444.734943,GET,GET /api/v1/reservas,6.538601,200,success,
1789928444.856432,GET,GET /api/v1/reservas,7.087832,200,success,
1789928444.859217,GET,GET /api/v1/reservas/{id},4.099974,200,success,
1789928444.874647,GET,GET /api/v1/reservas,5.156967,200,success,
1789928444.883763,GET,GET /api/v1/reservas,4.811202,200,success,
1789928444.902009,GET,GET /api/v1/reservas,4.949011,200,success,
1789928444.938531,GET,GET /api/v1/reservas,7.163147,200,success,
1789928444.939087,GET,GET /api/v1/reservas,7.295058,200,success,
1789928445.022158,GET,GET /api/v1/reservas,7.872843,200,success,
1789928445.067790,GET,GET /api/v1/reservas,6.286348,200,success,
1789928445.117420,GET,GET /api/v1/reservas,6.256702,200,success,
1789928445.304364,GET,GET /api/v1/reservas/{id},6.557679,200,success,
1789928445.307451,GET,GET /api/v1/reservas,5.622442,200,success,
1789928445.352865,GET,GET /api/v1/reservas,7.054853,200,success,
1789928445.355183,GET,GET /api/v1/reservas,6.897514,200,success,
1789928445.401426,GET,GET /api/v1/reservas,6.889843,200,success,
1789928445.440283,GET,GET /api/v1/reservas,6.544078,200,success,
1789928445.442442,GET,GET /api/v1/reservas,6.887198,200,success,
1789928445.442790,GET,GET /api/v1/reservas/{id},6.947741,200,success,
1789928445.507904,GET,GET /api/v1/reservas,6.801990,200,success,
1789928445.558770,GET,GET /api/v1/reservas,6.511229,200,success,
1789928445.702389,GET,GET /api/v1/reservas,6.761147,200,success,
1789928445.736706,GET,GET /api/v1/reservas,8.276534,200,success,
1789928445.797187,GET,GET /api/v1/reservas,7.151399,200,success,
1789928445.823114,GET,GET /api/v1/reservas/{id},4.697430,200,success,
1789928445.859348,GET,GET /api/v1/reservas,5.921185,200,success,
1789928445.890371,GET,GET /api/v1/reservas,5.692518,200,success,
1789928445.941473,GET,GET /api/v1/reservas,6.748859,200,success,
1789928445.949881,GET,GET /api/v1/reservas,5.116726,200,success,
1789928446.052288,GET,GET /api/v1/reservas,7.079601,200,success,
1789928446.077939,GET,GET /api/v1/reservas/{id},4.417976,200,success,
1789928446.084942,GET,GET /api/v1/reservas,5.680440,200,success,
1789928446.115913,GET,GET /api/v1/reservas,5.658056,200,success,
1789928446.126243,GET,GET /api/v1/reservas,5.076785,200,success,
1789928446.145492,GET,GET /api/v1/reservas,6.914019,200,success,
1789928446.276909,GET,GET /api/v1/reservas,7.010616,200,success,
1789928446.279330,GET,GET /api/v1/reservas,5.478183,200,success,
1789928446.342248,GET,GET /api/v1/reservas,7.598897,200,success,
1789928446.367594,GET,GET /api/v1/reservas,6.041898,200,success,
1789928446.409769,GET,GET /api/v1/reservas/{id},5.939752,200,success,
1789928446.522591,GET,GET /api/v1/reservas,8.365590,200,success,
1789928446.545211,GET,GET /api/v1/reservas/{id},5.946993,200,success,
1789928446.568252,GET,GET /api/v1/reservas,6.695469,200,success,
1789928446.580624,GET,GET /api/v1/reservas/{id},8.154910,200,success,
1789928446.584672,GET,GET /api/v1/reservas,9.312965,200,success,
1789928446.687901,GET,GET /api/v1/reservas/{id},5.906692,200,success,
1789928446.773391,GET,GET /api/v1/reservas,26.111706,200,success,
1789928446.775215,GET,GET /api/v1/reservas,24.451921,200,success,
1789928446.793369,GET,GET /api/v1/reservas,19.095071,200,success,
1789928446.793628,GET,GET /api/v1/reservas,15.817644,200,success,
1789928446.831594,GET,GET /api/v1/reservas,8.608077,200,success,
1789928446.938148,GET,GET /api/v1/reservas,11.008575,200,success,
1789928446.939011,GET,GET /api/v1/reservas,7.637596,200,success,
1789928447.012948,GET,GET /api/v1/reservas,9.845662,200,success,
1789928447.020184,GET,GET /api/v1/reservas,8.945998,200,success,
1789928447.155198,GET,GET /api/v1/reservas,7.537754,200,success,
1789928447.168373,GET,GET /api/v1/reservas,7.845160,200,success,
1789928447.183400,GET,GET /api/v1/reservas,6.648045,200,success,
1789928447.217562,GET,GET /api/v1/reservas,7.755245,200,success,
1789928447.263998,GET,GET /api/v1/reservas,7.059931,200,success,
1789928447.289785,GET,GET /api/v1/reservas,7.445034,200,success,
1789928447.308418,GET,GET /api/v1/reservas,6.325438,200,success,
1789928447.323865,GET,GET /api/v1/reservas,7.109225,200,success,
1789928447.328441,GET,GET /api/v1/reservas,5.823807,200,success,
1789928447.342582,GET,GET /api/v1/reservas,7.780783,200,success,
1789928447.346380,GET,GET /api/v1/reservas,7.782285,200,success,
1789928447.352791,GET,GET /api/v1/reservas,7.831050,200,success,
1789928447.386130,GET,GET /api/v1/reservas,7.896067,200,success,
1789928447.404411,GET,GET /api/v1/reservas,6.919146,200,success,
1789928447.501380,GET,GET /api/v1/reservas,7.529914,200,success,
1789928447.501942,GET,GET /api/v1/reservas,6.208700,200,success,
1789928447.510281,GET,GET /api/v1/reservas,6.036560,200,success,
1789928447.523217,GET,GET /api/v1/reservas,7.618496,200,success,
1789928447.547304,GET,GET /api/v1/reservas/{id},5.817105,200,success,
1789928447.548420,GET,GET /api/v1/reservas/{id},4.641845,200,success,
1789928447.550668,GET,GET /api/v1/reservas,7.199622,200,success,
1789928447.568827,GET,GET /api/v1/reservas,6.809581,200,success,
1789928447.751379,GET,GET /api/v1/reservas,7.823858,200,success,
1789928447.757828,GET,GET /api/v1/reservas,7.397813,200,success,
1789928447.781795,GET,GET /api/v1/reservas/{id},5.687981,200,success,
1789928447.813770,GET,GET /api/v1/reservas/{id},5.682763,200,success,
1789928447.879407,GET,GET /api/v1/reservas/{id},5.382337,200,success,
1789928447.935471,GET,GET /api/v1/reservas,6.681777,200,success,
1789928447.961746,GET,GET /api/v1/reservas,7.930299,200,success,
1789928448.037921,GET,GET /api/v1/reservas,6.783291,200,success,
1789928448.103622,GET,GET /api/v1/reservas/{id},5.430521,200,success,
1789928448.115838,GET,GET /api/v1/reservas/{id},4.990495,200,success,
1789928448.233282,GET,GET /api/v1/reservas/{id},5.128383,200,success,
1789928448.256212,GET,GET /api/v1/reservas,6.587506,200,success,
1789928448.458031,GET,GET /api/v1/reservas,7.289829,200,success,
1789928448.515558,GET,GET /api/v1/reservas/{id},5.259403,200,success,
1789928448.542179,GET,GET /api/v1/reservas,6.289533,200,success,
1789928448.549283,GET,GET /api/v1/reservas/{id},4.908960,200,success,
1789928448.566163,GET,GET /api/v1/reservas,9.472818,200,success,
1789928448.572198,GET,GET /api/v1/reservas,9.616815,200,success,
1789928448.572393,GET,GET /api/v1/reservas,9.156307,200,success,
1789928448.679193,GET,GET /api/v1/reservas,8.367372,200,success,
1789928448.733974,GET,GET /api/v1/reservas,9.532497,200,success,
1789928448.789831,GET,GET /api/v1/reservas/{id},6.596187,200,success,
1789928448.837920,GET,GET /api/v1/reservas/{id},5.804158,200,success,
1789928448.860340,GET,GET /api/v1/reservas,8.076240,200,success,
1789928448.900061,GET,GET /api/v1/reservas/{id},5.459534,200,success,
1789928448.933934,GET,GET /api/v1/reservas/{id},5.602862,200,success,
1789928448.948588,GET,GET /api/v1/reservas,6.335052,200,success,
1789928448.958137,GET,GET /api/v1/reservas,6.207549,200,success,
1789928448.974715,GET,GET /api/v1/reservas,6.243913,200,success,
1789928449.006836,GET,GET /api/v1/reservas,6.698051,200,success,
1789928449.031146,GET,GET /api/v1/reservas/{id},5.984570,200,success,
1789928449.063165,GET,GET /api/v1/reservas,7.663967,200,success,
1789928449.156949,GET,GET /api/v1/reservas,7.479426,200,success,
1789928449.163182,GET,GET /api/v1/reservas,7.067121,200,success,
1789928449.203365,GET,GET /api/v1/reservas,6.859446,200,success,
1789928449.211370,GET,GET /api/v1/reservas,5.723144,200,success,
1789928449.324837,GET,GET /api/v1/reservas/{id},6.166247,200,success,
1789928449.347487,GET,GET /api/v1/reservas/{id},5.365121,200,success,
1789928449.351998,GET,GET /api/v1/reservas,5.931850,200,success,
1789928449.363498,GET,GET /api/v1/reservas,6.170162,200,success,
1789928449.495252,GET,GET /api/v1/reservas,7.299354,200,success,
1789928449.507744,GET,GET /api/v1/reservas/{id},6.250854,200,success,
1789928449.524793,GET,GET /api/v1/reservas,8.660505,200,success,
1789928449.571369,GET,GET /api/v1/reservas,6.693024,200,success,
1789928449.571806,GET,GET /api/v1/reservas,7.689966,200,success,
1789928449.738492,GET,GET /api/v1/reservas,7.039219,200,success,
1789928449.776465,GET,GET /api/v1/reservas,6.601846,200,success,
1789928449.785219,GET,GET /api/v1/reservas,6.436165,200,success,
1789928449.787026,GET,GET /api/v1/reservas,5.551504,200,success,
1789928449.788014,GET,GET /api/v1/reservas,4.752174,200,success,
1789928449.814978,GET,GET /api/v1/reservas/{id},4.774828,200,success,
1789928450.074548,GET,GET /api/v1/reservas,7.953585,200,success,
1789928450.104553,GET,GET /api/v1/reservas,7.558766,200,success,
1789928450.115515,GET,GET /api/v1/reservas,7.571797,200,success,
1789928450.130448,GET,GET /api/v1/reservas,9.229128,200,success,
1789928450.153195,GET,GET /api/v1/reservas,7.323169,200,success,
1789928450.188354,GET,GET /api/v1/reservas,9.737990,200,success,
1789928450.196606,GET,GET /api/v1/reservas/{id},5.710475,200,success,
1789928450.216894,GET,GET /api/v1/reservas/{id},5.979663,200,success,
1789928450.292355,GET,GET /api/v1/reservas/{id},5.171858,200,success,
1789928450.344490,GET,GET /api/v1/reservas,6.801468,200,success,
1789928450.386132,GET,GET /api/v1/reservas,6.245686,200,success,
1789928450.389482,GET,GET /api/v1/reservas,4.732743,200,success,
1789928450.400029,GET,GET /api/v1/reservas/{id},5.331741,200,success,
1789928450.441661,GET,GET /api/v1/reservas/{id},5.374797,200,success,
1789928450.467576,GET,GET /api/v1/reservas,6.584300,200,success,
1789928450.676883,GET,GET /api/v1/reservas,6.797923,200,success,
1789928450.715749,GET,GET /api/v1/reservas/{id},5.630013,200,success,
1789928450.723065,GET,GET /api/v1/reservas,5.034740,200,success,
1789928450.732210,GET,GET /api/v1/reservas/{id},3.973963,200,success,
1789928450.748266,GET,GET /api/v1/reservas,5.763295,200,success,
1789928450.855023,GET,GET /api/v1/reservas,6.426601,200,success,
1789928450.907505,GET,GET /api/v1/reservas,6.121338,200,success,
1789928451.009209,GET,GET /api/v1/reservas/{id},5.405813,200,success,
1789928451.041620,GET,GET /api/v1/reservas/{id},4.172594,200,success,
1789928451.168093,GET,GET /api/v1/reservas/{id},5.184227,200,success,
1789928451.168405,GET,GET /api/v1/reservas/{id},7.474088,200,success,
1789928451.172663,GET,GET /api/v1/reservas,5.252703,200,success,
1789928451.184305,GET,GET /api/v1/reservas/{id},3.450210,200,success,
1789928451.193652,GET,GET /api/v1/reservas/{id},3.187692,200,success,
1789928451.215327,GET,GET /api/v1/reservas,6.376034,200,success,
1789928451.258427,GET,GET /api/v1/reservas/{id},4.843231,200,success,
1789928451.283404,GET,GET /api/v1/reservas,6.650380,200,success,
1789928451.283841,GET,GET /api/v1/reservas,5.481337,200,success,
1789928451.352019,GET,GET /api/v1/reservas,5.818099,200,success,
1789928451.374250,GET,GET /api/v1/reservas,4.997765,200,success,
1789928451.397550,GET,GET /api/v1/reservas,5.021220,200,success,
1789928451.459580,GET,GET /api/v1/reservas,5.701402,200,success,
1789928451.555334,GET,GET /api/v1/reservas,7.034552,200,success,
1789928451.560457,GET,GET /api/v1/reservas,6.371106,200,success,
1789928451.563518,GET,GET /api/v1/reservas/{id},3.821912,200,success,
1789928451.722012,GET,GET /api/v1/reservas/{id},5.745158,200,success,
1789928451.751683,GET,GET /api/v1/reservas,6.352618,200,success,
1789928451.783978,GET,GET /api/v1/reservas,5.988486,200,success,
1789928451.807349,GET,GET /api/v1/reservas,6.048427,200,success,
1789928451.846863,GET,GET /api/v1/reservas/{id},5.258701,200,success,
1789928451.885942,GET,GET /api/v1/reservas,6.738734,200,success,
1789928451.887039,GET,GET /api/v1/reservas/{id},4.067846,200,success,
1789928451.896339,GET,GET /api/v1/reservas,6.045122,200,success,
1789928451.912637,GET,GET /api/v1/reservas,6.974441,200,success,
1789928451.959483,GET,GET /api/v1/reservas,6.450246,200,success,
1789928452.002150,GET,GET /api/v1/reservas,7.317811,200,success,
1789928452.027155,GET,GET /api/v1/reservas/{id},7.734683,200,success,
1789928452.093676,GET,GET /api/v1/reservas,7.091499,200,success,
1789928452.100546,GET,GET /api/v1/reservas,6.626143,200,success,
1789928452.131221,GET,GET /api/v1/reservas,7.286273,200,success,
1789928452.220480,GET,GET /api/v1/reservas/{id},5.964370,200,success,
1789928452.230574,GET,GET /api/v1/reservas,5.800933,200,success,
1789928452.265150,GET,GET /api/v1/reservas/{id},5.331831,200,success,
1789928452.307203,GET,GET /api/v1/reservas/{id},6.326569,200,success,
1789928452.307733,GET,GET /api/v1/reservas,7.266112,200,success,
1789928452.348401,GET,GET /api/v1/reservas,7.352665,200,success,
1789928452.359549,GET,GET /api/v1/reservas,6.805996,200,success,
1789928452.360018,GET,GET /api/v1/reservas,5.608961,200,success,
1789928452.376510,GET,GET /api/v1/reservas,6.217243,200,success,
1789928452.467749,GET,GET /api/v1/reservas,6.829581,200,success,
1789928452.469760,GET,GET /api/v1/reservas,5.046119,200,success,
1789928452.473615,GET,GET /api/v1/reservas/{id},4.674845,200,success,
1789928452.567277,GET,GET /api/v1/reservas/{id},5.435198,200,success,
1789928452.600686,GET,GET /api/v1/reservas,6.995803,200,success,
1789928452.604093,GET,GET /api/v1/reservas,5.538264,200,success,
1789928452.708850,GET,GET /api/v1/reservas,7.364472,200,success,
1789928452.710123,GET,GET /api/v1/reservas/{id},4.775829,200,success,
1789928452.786400,GET,GET /api/v1/reservas,7.158841,200,success,
1789928452.881073,GET,GET /api/v1/reservas,7.258702,200,success,
1789928452.891968,GET,GET /api/v1/reservas,6.601766,200,success,
1789928452.904917,GET,GET /api/v1/reservas/{id},4.723899,200,success,
1789928452.979014,GET,GET /api/v1/reservas,6.705243,200,success,
1789928453.058905,GET,GET /api/v1/reservas,7.470221,200,success,
1789928453.059459,GET,GET /api/v1/reservas,7.473437,200,success,
1789928453.193460,GET,GET /api/v1/reservas,6.562126,200,success,
1789928453.237543,GET,GET /api/v1/reservas,6.699154,200,success,
1789928453.273190,GET,GET /api/v1/reservas/{id},5.366705,200,success,
1789928453.323062,GET,GET /api/v1/reservas,7.454738,200,success,
1789928453.355517,GET,GET /api/v1/reservas,6.580174,200,success,
1789928453.356042,GET,GET /api/v1/reservas,7.660490,200,success,
1789928453.433036,GET,GET /api/v1/reservas,6.632433,200,success,
1789928453.638400,GET,GET /api/v1/reservas,7.084237,200,success,
1789928453.644136,GET,GET /api/v1/reservas/{id},5.583773,200,success,
1789928453.728040,GET,GET /api/v1/reservas,15.515025,200,success,
1789928453.728543,GET,GET /api/v1/reservas,15.581046,200,success,
1789928453.775517,GET,GET /api/v1/reservas,7.583995,200,success,
1789928453.778237,GET,GET /api/v1/reservas/{id},4.589456,200,success,
1789928453.787218,GET,GET /api/v1/reservas,5.709373,200,success,
1789928453.826266,GET,GET /api/v1/reservas,6.700767,200,success,
1789928453.855664,GET,GET /api/v1/reservas,7.079350,200,success,
1789928453.898850,GET,GET /api/v1/reservas,11.696488,200,success,
1789928453.931777,GET,GET /api/v1/reservas,6.559523,200,success,
1789928453.939042,GET,GET /api/v1/reservas,5.968687,200,success,
1789928453.946622,GET,GET /api/v1/reservas,5.321656,200,success,
1789928454.045110,GET,GET /api/v1/reservas/{id},7.206864,200,success,
1789928454.064638,GET,GET /api/v1/reservas,9.166674,200,success,
1789928454.068682,GET,GET /api/v1/reservas,7.991082,200,success,
1789928454.080975,GET,GET /api/v1/reservas,8.043200,200,success,
1789928454.084543,GET,GET /api/v1/reservas/{id},5.946073,200,success,
1789928454.095265,GET,GET /api/v1/reservas/{id},5.556461,200,success,
1789928454.130235,GET,GET /api/v1/reservas/{id},5.722293,200,success,
1789928454.270256,GET,GET /api/v1/reservas,8.296354,200,success,
1789928454.271705,GET,GET /api/v1/reservas,5.549922,200,success,
1789928454.319147,GET,GET /api/v1/reservas,7.058258,200,success,
1789928454.352569,GET,GET /api/v1/reservas/{id},5.129514,200,success,
1789928454.379620,GET,GET /api/v1/reservas/{id},7.800502,200,success,
1789928454.391517,GET,GET /api/v1/reservas,5.592536,200,success,
1789928454.395009,GET,GET /api/v1/reservas/{id},4.441461,200,success,
1789928454.473406,GET,GET /api/v1/reservas,7.049794,200,success,
1789928454.628060,GET,GET /api/v1/reservas,9.121575,200,success,
1789928454.631757,GET,GET /api/v1/reservas,8.919348,200,success,
1789928454.653055,GET,GET /api/v1/reservas,7.951622,200,success,
1789928454.684850,GET,GET /api/v1/reservas,7.433517,200,success,
1789928454.701010,GET,GET /api/v1/reservas/{id},6.904596,200,success,
1789928454.721110,GET,GET /api/v1/reservas,11.701465,200,success,
1789928454.774621,GET,GET /api/v1/reservas,8.215932,200,success,
1789928454.792101,GET,GET /api/v1/reservas/{id},7.695103,200,success,
1789928454.793998,GET,GET /api/v1/reservas,10.000357,200,success,
1789928454.884014,GET,GET /api/v1/reservas/{id},6.865585,200,success,
1789928454.930938,GET,GET /api/v1/reservas/{id},5.651496,200,success,
1789928455.053879,GET,GET /api/v1/reservas,6.503047,200,success,
1789928455.122344,GET,GET /api/v1/reservas,7.081533,200,success,
1789928455.141941,GET,GET /api/v1/reservas,6.295663,200,success,
1789928455.160384,GET,GET /api/v1/reservas,6.105404,200,success,
1789928455.165720,GET,GET /api/v1/reservas/{id},4.132974,200,success,
1789928455.190124,GET,GET /api/v1/reservas,6.067887,200,success,
1789928455.224504,GET,GET /api/v1/reservas/{id},5.170606,200,success,
1789928455.247654,GET,GET /api/v1/reservas/{id},4.916761,200,success,
1789928455.253606,GET,GET /api/v1/reservas/{id},3.764836,200,success,
1789928455.285824,GET,GET /api/v1/reservas,6.902371,200,success,
1789928455.310758,GET,GET /api/v1/reservas,6.635738,200,success,
1789928455.441402,GET,GET /api/v1/reservas/{id},5.312363,200,success,
1789928455.504156,GET,GET /api/v1/reservas,6.375403,200,success,
1789928455.561710,GET,GET /api/v1/reservas/{id},5.311701,200,success,
1789928455.600498,GET,GET /api/v1/reservas,6.020955,200,success,
1789928455.617474,GET,GET /api/v1/reservas,6.652473,200,success,
1789928455.619278,GET,GET /api/v1/reservas,4.755018,200,success,
1789928455.700076,GET,GET /api/v1/reservas,6.469114,200,success,
1789928455.746430,GET,GET /api/v1/reservas,6.250342,200,success,
1789928455.867249,GET,GET /api/v1/reservas,9.417704,200,success,
1789928455.926475,GET,GET /api/v1/reservas,6.849663,200,success,
1789928455.928959,GET,GET /api/v1/reservas,5.533457,200,success,
1789928455.982220,GET,GET /api/v1/reservas,6.871755,200,success,
1789928455.982821,GET,GET /api/v1/reservas,5.650834,200,success,
1789928456.052233,GET,GET /api/v1/reservas,7.082715,200,success,
1789928456.099644,GET,GET /api/v1/reservas,6.119524,200,success,
1789928456.130795,GET,GET /api/v1/reservas,5.839431,200,success,
1789928456.132579,GET,GET /api/v1/reservas/{id},4.937414,200,success,
1789928456.138798,GET,GET /api/v1/reservas,4.948821,200,success,
1789928456.220281,GET,GET /api/v1/reservas,6.123320,200,success,
1789928456.244260,GET,GET /api/v1/reservas,5.694951,200,success,
1789928456.467816,GET,GET /api/v1/reservas,7.038448,200,success,
1789928456.508436,GET,GET /api/v1/reservas,5.326564,200,success,
1789928456.529075,GET,GET /api/v1/reservas,5.331140,200,success,
1789928456.530823,GET,GET /api/v1/reservas/{id},3.575490,200,success,
1789928456.584406,GET,GET /api/v1/reservas,5.318821,200,success,
1789928456.593935,GET,GET /api/v1/reservas/{id},3.358110,200,success,
1789928456.616823,GET,GET /api/v1/reservas,4.641736,200,success,
1789928456.648698,GET,GET /api/v1/reservas/{id},3.695371,200,success,
1789928456.697143,GET,GET /api/v1/reservas,6.166126,200,success,
1789928456.743446,GET,GET /api/v1/reservas/{id},4.365337,200,success,
1789928456.795959,GET,GET /api/v1/reservas/{id},4.306127,200,success,
1789928456.815747,GET,GET /api/v1/reservas/{id},4.566491,200,success,
1789928456.852233,GET,GET /api/v1/reservas,9.132111,200,success,
1789928456.855210,GET,GET /api/v1/reservas,7.666149,200,success,
1789928456.862707,GET,GET /api/v1/reservas,8.397878,200,success,
1789928456.870860,GET,GET /api/v1/reservas,7.870249,200,success,
1789928456.919254,GET,GET /api/v1/reservas,7.035634,200,success,
1789928456.923742,GET,GET /api/v1/reservas/{id},4.360689,200,success,
1789928456.934218,GET,GET /api/v1/reservas/{id},4.280127,200,success,
1789928456.974026,GET,GET /api/v1/reservas/{id},6.250624,200,success,
1789928456.979206,GET,GET /api/v1/reservas/{id},7.511454,200,success,
1789928457.026443,GET,GET /api/v1/reservas,8.848542,200,success,
1789928457.064915,GET,GET /api/v1/reservas,8.019475,200,success,
1789928457.100819,GET,GET /api/v1/reservas/{id},9.605989,200,success,
1789928457.133106,GET,GET /api/v1/reservas,7.805610,200,success,
1789928457.145730,GET,GET /api/v1/reservas,8.925527,200,success,
1789928457.149597,GET,GET /api/v1/reservas,7.344111,200,success,
1789928457.178291,GET,GET /api/v1/reservas,7.333946,200,success,
1789928457.243783,GET,GET /api/v1/reservas/{id},7.632468,200,success,
1789928457.270380,GET,GET /api/v1/reservas,10.170405,200,success,
1789928457.308348,GET,GET /api/v1/reservas/{id},6.279457,200,success,
1789928457.309548,GET,GET /api/v1/reservas,12.223085,200,success,
1789928457.328846,GET,GET /api/v1/reservas/{id},8.138275,200,success,
1789928457.330436,GET,GET /api/v1/reservas,10.186659,200,success,
1789928457.349630,GET,GET /api/v1/reservas,11.869751,200,success,
1789928457.504820,GET,GET /api/v1/reservas,6.737101,200,success,
1789928457.535177,GET,GET /api/v1/reservas/{id},5.109404,200,success,
1789928457.582840,GET,GET /api/v1/reservas/{id},5.413564,200,success,
1789928457.667536,GET,GET /api/v1/reservas/{id},5.404501,200,success,
1789928457.716070,GET,GET /api/v1/reservas/{id},5.289368,200,success,
1789928457.736634,GET,GET /api/v1/reservas,5.608371,200,success,
1789928457.772961,GET,GET /api/v1/reservas,6.018672,200,success,
1789928457.877191,GET,GET /api/v1/reservas,6.808780,200,success,
1789928457.909446,GET,GET /api/v1/reservas/{id},5.014760,200,success,
1789928457.932818,GET,GET /api/v1/reservas,10.021279,200,success,
1789928457.961799,GET,GET /api/v1/reservas,6.674195,200,success,
1789928458.008533,GET,GET /api/v1/reservas,6.391978,200,success,
1789928458.101447,GET,GET /api/v1/reservas,6.484829,200,success,
1789928458.147505,GET,GET /api/v1/reservas/{id},5.814643,200,success,
1789928458.219240,GET,GET /api/v1/reservas,6.340940,200,success,
1789928458.257231,GET,GET /api/v1/reservas,5.664165,200,success,
1789928458.279012,GET,GET /api/v1/reservas,5.455118,200,success,
1789928458.335895,GET,GET /api/v1/reservas/{id},4.633363,200,success,
1789928458.370265,GET,GET /api/v1/reservas,6.998948,200,success,
1789928458.456828,GET,GET /api/v1/reservas,6.191324,200,success,
1789928458.480157,GET,GET /api/v1/reservas,5.016283,200,success,
1789928458.527778,GET,GET /api/v1/reservas/{id},4.425487,200,success,
1789928458.556813,GET,GET /api/v1/reservas/{id},3.848352,200,success,
1789928458.591473,GET,GET /api/v1/reservas,5.351461,200,success,
1789928458.625858,GET,GET /api/v1/reservas,5.097796,200,success,
1789928458.643758,GET,GET /api/v1/reservas,4.636477,200,success,
1789928458.698347,GET,GET /api/v1/reservas,6.286498,200,success,
1789928458.705931,GET,GET /api/v1/reservas,5.312132,200,success,
1789928458.730567,GET,GET /api/v1/reservas,5.375547,200,success,
1789928458.743278,GET,GET /api/v1/reservas/{id},3.533926,200,success,
1789928458.794863,GET,GET /api/v1/reservas,5.271680,200,success,
1789928458.847015,GET,GET /api/v1/reservas,5.777557,200,success,
1789928458.863252,GET,GET /api/v1/reservas,4.862069,200,success,
1789928458.879499,GET,GET /api/v1/reservas/{id},5.028773,200,success,
1789928458.896627,GET,GET /api/v1/reservas/{id},4.922781,200,success,
1789928458.922170,GET,GET /api/v1/reservas,8.220500,200,success,
1789928458.989087,GET,GET /api/v1/reservas,7.523813,200,success,
1789928459.030476,GET,GET /api/v1/reservas/{id},6.115399,200,success,
1789928459.030789,GET,GET /api/v1/reservas/{id},3.373193,200,success,
1789928459.075298,GET,GET /api/v1/reservas,8.172408,200,success,
1789928459.078956,GET,GET /api/v1/reservas,5.777677,200,success,
1789928459.153040,GET,GET /api/v1/reservas,6.685573,200,success,
1789928459.194003,GET,GET /api/v1/reservas,5.621159,200,success,
1789928459.210248,GET,GET /api/v1/reservas/{id},4.041696,200,success,
1789928459.247231,GET,GET /api/v1/reservas/{id},5.731638,200,success,
1789928459.254047,GET,GET /api/v1/reservas,5.522931,200,success,
1789928459.278606,GET,GET /api/v1/reservas,6.218226,200,success,
1789928459.406926,GET,GET /api/v1/reservas,6.865034,200,success,
1789928459.430697,GET,GET /api/v1/reservas,5.455849,200,success,
1789928459.472334,GET,GET /api/v1/reservas,5.322638,200,success,
1789928459.552737,GET,GET /api/v1/reservas/{id},6.159987,200,success,
1789928459.675506,GET,GET /api/v1/reservas,6.913650,200,success,
1789928459.727455,GET,GET /api/v1/reservas,6.612432,200,success,
1789928459.804761,GET,GET /api/v1/reservas/{id},5.057175,200,success,
1789928459.982321,GET,GET /api/v1/reservas,6.561224,200,success,
1789928459.983401,GET,GET /api/v1/reservas,8.222652,200,success,
1789928459.993540,GET,GET /api/v1/reservas,4.887798,200,success,
1789928459.997589,GET,GET /api/v1/reservas,4.649347,200,success,
1789928460.062075,GET,GET /api/v1/reservas,6.140917,200,success,
1789928460.081764,GET,GET /api/v1/reservas,5.349479,200,success,
1789928460.129939,GET,GET /api/v1/reservas/{id},4.941810,200,success,
1789928460.154512,GET,GET /api/v1/reservas,6.222231,200,success,
1789928460.187114,GET,GET /api/v1/reservas,7.236868,200,success,
1789928460.187582,GET,GET /api/v1/reservas,7.353607,200,success,
1789928460.235777,GET,GET /api/v1/reservas,5.893983,200,success,
1789928460.252411,GET,GET /api/v1/reservas,5.332323,200,success,
1789928460.260893,GET,GET /api/v1/reservas,5.180422,200,success,
1789928460.317475,GET,GET /api/v1/reservas/{id},8.057593,200,success,
1789928460.319247,GET,GET /api/v1/reservas/{id},9.493699,200,success,
1789928460.322111,GET,GET /api/v1/reservas/{id},4.517978,200,success,
1789928460.391223,GET,GET /api/v1/reservas,22.764433,200,success,
1789928460.407583,GET,GET /api/v1/reservas/{id},19.211288,200,success,
1789928460.409397,GET,GET /api/v1/reservas,20.325777,200,success,
1789928460.424899,GET,GET /api/v1/reservas/{id},6.313209,200,success,
1789928460.440503,GET,GET /api/v1/reservas,8.309985,200,success,
1789928460.457695,GET,GET /api/v1/reservas,6.868390,200,success,
1789928460.480392,GET,GET /api/v1/reservas,7.371703,200,success,
1789928460.566691,GET,GET /api/v1/reservas,7.878921,200,success,
1789928460.640188,GET,GET /api/v1/reservas/{id},5.208114,200,success,
1789928460.664671,GET,GET /api/v1/reservas,7.122316,200,success,
1789928460.673301,GET,GET /api/v1/reservas,6.327751,200,success,
1789928460.676998,GET,GET /api/v1/reservas/{id},4.609337,200,success,
1789928460.764109,GET,GET /api/v1/reservas/{id},6.076669,200,success,
1789928460.767623,GET,GET /api/v1/reservas/{id},4.534383,200,success,
1789928460.775799,GET,GET /api/v1/reservas/{id},3.997468,200,success,
1789928460.784902,GET,GET /api/v1/reservas/{id},3.909074,200,success,
1789928460.860707,GET,GET /api/v1/reservas,6.459281,200,success,
1789928460.903398,GET,GET /api/v1/reservas/{id},5.397281,200,success,
1789928460.928745,GET,GET /api/v1/reservas,7.041362,200,success,
1789928460.958226,GET,GET /api/v1/reservas,6.134338,200,success,
1789928460.972231,GET,GET /api/v1/reservas,5.696785,200,success,
1789928461.039053,GET,GET /api/v1/reservas,6.672774,200,success,
1789928461.039548,GET,GET /api/v1/reservas,7.995719,200,success,
1789928461.134407,GET,GET /api/v1/reservas,6.498059,200,success,
1789928461.139495,GET,GET /api/v1/reservas,4.851964,200,success,
1789928461.193158,GET,GET /api/v1/reservas,7.317080,200,success,
1789928461.205436,GET,GET /api/v1/reservas,5.970960,200,success,
1789928461.243912,GET,GET /api/v1/reservas/{id},5.233453,200,success,
1789928461.342008,GET,GET /api/v1/reservas,7.622614,200,success,
1789928461.343081,GET,GET /api/v1/reservas,8.271187,200,success,
1789928461.356030,GET,GET /api/v1/reservas/{id},5.743485,200,success,
1789928461.376520,GET,GET /api/v1/reservas,6.188910,200,success,
1789928461.414196,GET,GET /api/v1/reservas,6.379248,200,success,
1789928461.477401,GET,GET /api/v1/reservas,6.860959,200,success,
1789928461.554173,GET,GET /api/v1/reservas,6.044311,200,success,
1789928461.730963,GET,GET /api/v1/reservas,6.910735,200,success,
1789928461.765369,GET,GET /api/v1/reservas/{id},4.186135,200,success,
1789928461.821115,GET,GET /api/v1/reservas/{id},4.533652,200,success,
1789928461.988760,GET,GET /api/v1/reservas,7.176856,200,success,
1789928462.022599,GET,GET /api/v1/reservas,5.504634,200,success,
1789928462.029543,GET,GET /api/v1/reservas/{id},3.755242,200,success,
1789928462.039673,GET,GET /api/v1/reservas/{id},3.953501,200,success,
1789928462.040963,GET,GET /api/v1/reservas,4.844322,200,success,
1789928462.076177,GET,GET /api/v1/reservas,4.913067,200,success,
1789928462.111826,GET,GET /api/v1/reservas,5.350409,200,success,
1789928462.202069,GET,GET /api/v1/reservas,6.856121,200,success,
1789928462.297466,GET,GET /api/v1/reservas,7.030445,200,success,
1789928462.324357,GET,GET /api/v1/reservas,5.571395,200,success,
1789928462.327220,GET,GET /api/v1/reservas,4.684209,200,success,
1789928462.364301,GET,GET /api/v1/reservas,6.783592,200,success,
1789928462.366306,GET,GET /api/v1/reservas,5.926322,200,success,
1789928462.376507,GET,GET /api/v1/reservas,4.924655,200,success,
1789928462.397119,GET,GET /api/v1/reservas,5.297730,200,success,
1789928462.578287,GET,GET /api/v1/reservas,6.707426,200,success,
1789928462.622818,GET,GET /api/v1/reservas/{id},5.313324,200,success,
1789928462.623706,GET,GET /api/v1/reservas,5.715814,200,success,
1789928462.632858,GET,GET /api/v1/reservas,4.927538,200,success,
1789928462.638318,GET,GET /api/v1/reservas,4.232315,200,success,
1789928462.698713,GET,GET /api/v1/reservas/{id},5.170677,200,success,
1789928462.699049,GET,GET /api/v1/reservas/{id},3.773930,200,success,
1789928462.733554,GET,GET /api/v1/reservas,5.206542,200,success,
1789928462.777434,GET,GET /api/v1/reservas/{id},4.667105,200,success,
1789928462.789383,GET,GET /api/v1/reservas/{id},6.742329,200,success,
1789928462.848957,GET,GET /api/v1/reservas,8.233269,200,success,
1789928462.928221,GET,GET /api/v1/reservas,5.882766,200,success,
1789928462.962331,GET,GET /api/v1/reservas/{id},3.944038,200,success,
1789928462.994353,GET,GET /api/v1/reservas/{id},3.839610,200,success,
1789928463.077254,GET,GET /api/v1/reservas/{id},4.630067,200,success,
1789928463.082953,GET,GET /api/v1/reservas/{id},3.484522,200,success,
1789928463.102061,GET,GET /api/v1/reservas,4.824642,200,success,
1789928463.135156,GET,GET /api/v1/reservas,4.810971,200,success,
1789928463.143099,GET,GET /api/v1/reservas,4.682587,200,success,
1789928463.156769,GET,GET /api/v1/reservas/{id},3.505141,200,success,
1789928463.276776,GET,GET /api/v1/reservas,6.622237,200,success,
1789928463.295234,GET,GET /api/v1/reservas,7.145239,200,success,
1789928463.435965,GET,GET /api/v1/reservas/{id},5.392553,200,success,
1789928463.493605,GET,GET /api/v1/reservas,6.288892,200,success,
1789928463.501165,GET,GET /api/v1/reservas,5.255565,200,success,
1789928463.514343,GET,GET /api/v1/reservas,5.896387,200,success,
1789928463.518254,GET,GET /api/v1/reservas,5.104076,200,success,
1789928463.524373,GET,GET /api/v1/reservas,5.915457,200,success,
1789928463.544609,GET,GET /api/v1/reservas,11.495073,200,success,
1789928463.618194,GET,GET /api/v1/reservas/{id},5.521359,200,success,
1789928463.629386,GET,GET /api/v1/reservas/{id},5.010685,200,success,
1789928463.718142,GET,GET /api/v1/reservas,6.385729,200,success,
1789928463.809740,GET,GET /api/v1/reservas,7.493308,200,success,
1789928463.829964,GET,GET /api/v1/reservas,4.925043,200,success,
1789928463.834627,GET,GET /api/v1/reservas,4.463435,200,success,
1789928463.907692,GET,GET /api/v1/reservas,7.672850,200,success,
1789928463.915833,GET,GET /api/v1/reservas,4.830572,200,success,
1789928463.922533,GET,GET /api/v1/reservas,4.469735,200,success,
1789928463.927775,GET,GET /api/v1/reservas,4.024509,200,success,
1789928463.994408,GET,GET /api/v1/reservas/{id},5.419203,200,success,
1789928464.045482,GET,GET /api/v1/reservas,5.750015,200,success,
1789928464.075979,GET,GET /api/v1/reservas,5.145068,200,success,
1789928464.095428,GET,GET /api/v1/reservas,5.133401,200,success,
1789928464.147063,GET,GET /api/v1/reservas/{id},4.422964,200,success,
1789928464.217262,GET,GET /api/v1/reservas,5.837347,200,success,
1789928464.316418,GET,GET /api/v1/reservas,7.753181,200,success,
1789928464.343356,GET,GET /api/v1/reservas,6.606302,200,success,
1789928464.350676,GET,GET /api/v1/reservas,5.024265,200,success,
1789928464.362900,GET,GET /api/v1/reservas/{id},4.025701,200,success,
1789928464.427853,GET,GET /api/v1/reservas/{id},6.696210,200,success,
1789928464.587381,GET,GET /api/v1/reservas/{id},6.216972,200,success,
1789928464.624885,GET,GET /api/v1/reservas,7.129816,200,success,
1789928464.642848,GET,GET /api/v1/reservas,8.630160,200,success,
1789928464.643228,GET,GET /api/v1/reservas/{id},6.436526,200,success,
1789928464.886441,GET,GET /api/v1/reservas,6.097141,200,success,
1789928464.918588,GET,GET /api/v1/reservas/{id},3.956678,200,success,
1789928464.926453,GET,GET /api/v1/reservas,4.577889,200,success,
1789928464.987776,GET,GET /api/v1/reservas,7.953735,200,success,
1789928465.000849,GET,GET /api/v1/reservas/{id},4.861538,200,success,
1789928465.019202,GET,GET /api/v1/reservas,6.078954,200,success,
1789928465.043051,GET,GET /api/v1/reservas,6.999609,200,success,
1789928465.082561,GET,GET /api/v1/reservas,9.115446,200,success,
1789928465.141281,GET,GET /api/v1/reservas,8.394233,200,success,
1789928465.153030,GET,GET /api/v1/reservas,7.354457,200,success,
1789928465.154383,GET,GET /api/v1/reservas/{id},4.100816,200,success,
1789928465.265071,GET,GET /api/v1/reservas,6.305557,200,success,
1789928465.285119,GET,GET /api/v1/reservas,4.750891,200,success,
1789928465.318393,GET,GET /api/v1/reservas,5.976989,200,success,
1789928465.352557,GET,GET /api/v1/reservas,4.868309,200,success,
1789928465.375650,GET,GET /api/v1/reservas/{id},3.908604,200,success,
1789928465.414665,GET,GET /api/v1/reservas,5.719598,200,success,
1789928465.492457,GET,GET /api/v1/reservas,6.466360,200,success,
1789928465.492763,GET,GET /api/v1/reservas/{id},4.096960,200,success,
1789928465.660132,GET,GET /api/v1/reservas/{id},6.563207,200,success,
1789928465.660650,GET,GET /api/v1/reservas,6.440122,200,success,
1789928465.810338,GET,GET /api/v1/reservas/{id},5.644967,200,success,
1789928465.870190,GET,GET /api/v1/reservas,6.498290,200,success,
1789928465.876797,GET,GET /api/v1/reservas/{id},4.401221,200,success,
1789928465.881028,GET,GET /api/v1/reservas,5.732820,200,success,
1789928465.912357,GET,GET /api/v1/reservas,5.996990,200,success,
1789928465.932374,GET,GET /api/v1/reservas,5.671215,200,success,
1789928465.940431,GET,GET /api/v1/reservas,5.717426,200,success,
1789928465.963114,GET,GET /api/v1/reservas,5.363339,200,success,
1789928465.999670,GET,GET /api/v1/reservas,6.273258,200,success,
1789928466.024653,GET,GET /api/v1/reservas,5.694310,200,success,
1789928466.050752,GET,GET /api/v1/reservas,5.769785,200,success,
1789928466.084734,GET,GET /api/v1/reservas/{id},4.773795,200,success,
1789928466.104948,GET,GET /api/v1/reservas/{id},3.988715,200,success,
1789928466.116012,GET,GET /api/v1/reservas,5.727019,200,success,
1789928466.152149,GET,GET /api/v1/reservas/{id},4.902581,200,success,
1789928466.154277,GET,GET /api/v1/reservas,5.198969,200,success,
1789928466.219135,GET,GET /api/v1/reservas,6.483046,200,success,
1789928466.227308,GET,GET /api/v1/reservas/{id},3.981734,200,success,
1789928466.319340,GET,GET /api/v1/reservas,6.670420,200,success,
1789928466.342858,GET,GET /api/v1/reservas/{id},4.314489,200,success,
1789928466.361313,GET,GET /api/v1/reservas,5.136296,200,success,
1789928466.374377,GET,GET /api/v1/reservas,4.802710,200,success,
1789928466.384240,GET,GET /api/v1/reservas,4.608685,200,success,
1789928466.438695,GET,GET /api/v1/reservas,6.103199,200,success,
1789928466.439650,GET,GET /api/v1/reservas,5.378102,200,success,
1789928466.444169,GET,GET /api/v1/reservas,4.334680,200,success,
1789928466.488873,GET,GET /api/v1/reservas,5.437422,200,success,
1789928466.542855,GET,GET /api/v1/reservas,6.265907,200,success,
1789928466.605165,GET,GET /api/v1/reservas,8.912038,200,success,
1789928466.633769,GET,GET /api/v1/reservas,6.226748,200,success,
1789928466.699770,GET,GET /api/v1/reservas,6.647876,200,success,
1789928466.700154,GET,GET /api/v1/reservas/{id},4.319056,200,success,
1789928466.765494,GET,GET /api/v1/reservas,6.320049,200,success,
1789928466.775582,GET,GET /api/v1/reservas/{id},3.905219,200,success,
1789928466.861344,GET,GET /api/v1/reservas,7.384313,200,success,
1789928466.893770,GET,GET /api/v1/reservas,6.054927,200,success,
1789928466.943277,GET,GET /api/v1/reservas,6.205656,200,success,
1789928466.967620,GET,GET /api/v1/reservas/{id},4.136951,200,success,
1789928466.986572,GET,GET /api/v1/reservas/{id},3.773429,200,success,
1789928467.014219,GET,GET /api/v1/reservas,5.371101,200,success,
1789928467.195099,GET,GET /api/v1/reservas,8.360041,200,success,
1789928467.215940,GET,GET /api/v1/reservas/{id},6.111933,200,success,
1789928467.216538,GET,GET /api/v1/reservas/{id},7.216688,200,success,
1789928467.226865,GET,GET /api/v1/reservas/{id},4.145323,200,success,
1789928467.245718,GET,GET /api/v1/reservas,5.518575,200,success,
1789928467.407908,GET,GET /api/v1/reservas/{id},10.745607,200,success,
1789928467.410667,GET,GET /api/v1/reservas,6.334330,200,success,
1789928467.476606,GET,GET /api/v1/reservas,9.590777,200,success,
1789928467.517480,GET,GET /api/v1/reservas,6.513963,200,success,
1789928467.580369,GET,GET /api/v1/reservas,7.509393,200,success,
1789928467.615254,GET,GET /api/v1/reservas/{id},12.128893,200,success,
1789928467.626146,GET,GET /api/v1/reservas,6.566233,200,success,
1789928467.694901,GET,GET /api/v1/reservas/{id},5.504263,200,success,
1789928467.743824,GET,GET /api/v1/reservas,5.880952,200,success,
1789928467.769094,GET,GET /api/v1/reservas,4.958996,200,success,
1789928467.784857,GET,GET /api/v1/reservas/{id},3.583412,200,success,
1789928467.792259,GET,GET /api/v1/reservas/{id},3.228894,200,success,
1789928468.011193,GET,GET /api/v1/reservas,7.472866,200,success,
1789928468.012580,GET,GET /api/v1/reservas,5.023013,200,success,
1789928468.026529,GET,GET /api/v1/reservas,4.711181,200,success,
1789928468.029266,GET,GET /api/v1/reservas,4.859655,200,success,
1789928468.076790,GET,GET /api/v1/reservas,6.185967,200,success,
1789928468.076977,GET,GET /api/v1/reservas,5.993444,200,success,
1789928468.147647,GET,GET /api/v1/reservas,7.292322,200,success,
1789928468.223111,GET,GET /api/v1/reservas,6.075728,200,success,
1789928468.253933,GET,GET /api/v1/reservas,5.521679,200,success,
1789928468.270169,GET,GET /api/v1/reservas,4.941048,200,success,
1789928468.271675,GET,GET /api/v1/reservas/{id},3.926021,200,success,
1789928468.362438,GET,GET /api/v1/reservas,6.367992,200,success,
1789928468.426576,GET,GET /api/v1/reservas,5.752759,200,success,
1789928468.462997,GET,GET /api/v1/reservas,5.137025,200,success,
1789928468.480952,GET,GET /api/v1/reservas,4.711229,200,success,
1789928468.634434,GET,GET /api/v1/reservas,7.063326,200,success,
1789928468.639690,GET,GET /api/v1/reservas,6.481413,200,success,
1789928468.661686,GET,GET /api/v1/reservas,4.736650,200,success,
1789928468.689764,GET,GET /api/v1/reservas/{id},3.890457,200,success,
1789928468.754961,GET,GET /api/v1/reservas,6.176861,200,success,
1789928468.798954,GET,GET /api/v1/reservas,5.657644,200,success,
1789928468.894754,GET,GET /api/v1/reservas,6.444187,200,success,
1789928468.899044,GET,GET /api/v1/reservas,4.986818,200,success,
1789928468.905664,GET,GET /api/v1/reservas,4.358195,200,success,
1789928468.928490,GET,GET /api/v1/reservas,4.573541,200,success,
1789928468.950321,GET,GET /api/v1/reservas,4.572531,200,success,
1789928469.040491,GET,GET /api/v1/reservas/{id},4.889392,200,success,
1789928469.047584,GET,GET /api/v1/reservas,4.777481,200,success,
1789928469.054256,GET,GET /api/v1/reservas,4.420830,200,success,
1789928469.089375,GET,GET /api/v1/reservas/{id},3.935544,200,success,
1789928469.121022,GET,GET /api/v1/reservas/{id},4.432688,200,success,
1789928469.137218,GET,GET /api/v1/reservas,4.899195,200,success,
1789928469.154913,GET,GET /api/v1/reservas,6.380380,200,success,
1789928469.244444,GET,GET /api/v1/reservas,7.156307,200,success,
1789928469.316614,GET,GET /api/v1/reservas/{id},6.697572,200,success,
1789928469.317117,GET,GET /api/v1/reservas,10.277807,200,success,
1789928469.349884,GET,GET /api/v1/reservas/{id},5.523431,200,success,
1789928469.366623,GET,GET /api/v1/reservas,6.412970,200,success,
1789928469.370117,GET,GET /api/v1/reservas,6.131183,200,success,
1789928469.471347,GET,GET /api/v1/reservas/{id},4.953798,200,success,
1789928469.530035,GET,GET /api/v1/reservas,5.396110,200,success,
1789928469.540505,GET,GET /api/v1/reservas,4.215679,200,success,
1789928469.565960,GET,GET /api/v1/reservas/{id},4.264253,200,success,
1789928469.640741,GET,GET /api/v1/reservas/{id},15.991016,200,success,
1789928469.717078,GET,GET /api/v1/reservas,5.954074,200,success,
1789928469.743816,GET,GET /api/v1/reservas,4.895880,200,success,
1789928469.855776,GET,GET /api/v1/reservas/{id},5.642973,200,success,
1789928469.865587,GET,GET /api/v1/reservas,5.490061,200,success,
1789928469.881155,GET,GET /api/v1/reservas,5.270428,200,success,
1789928469.885288,GET,GET /api/v1/reservas,5.244178,200,success,
1789928469.914181,GET,GET /api/v1/reservas,5.596212,200,success,
1789928469.944532,GET,GET /api/v1/reservas,5.061311,200,success,
1789928470.021261,GET,GET /api/v1/reservas,6.375683,200,success,
1789928470.043345,GET,GET /api/v1/reservas,4.841879,200,success,
1789928470.116604,GET,GET /api/v1/reservas/{id},5.011085,200,success,
1789928470.173241,GET,GET /api/v1/reservas/{id},4.412938,200,success,
1789928470.245209,GET,GET /api/v1/reservas/{id},4.712012,200,success,
1789928470.332937,GET,GET /api/v1/reservas,6.373199,200,success,
1789928470.356020,GET,GET /api/v1/reservas,6.737251,200,success,
1789928470.429220,GET,GET /api/v1/reservas/{id},4.920366,200,success,
1789928470.439044,GET,GET /api/v1/reservas,4.543847,200,success,
1789928470.459786,GET,GET /api/v1/reservas,4.499860,200,success,
1789928470.499036,GET,GET /api/v1/reservas/{id},4.037890,200,success,
1789928470.525038,GET,GET /api/v1/reservas,5.696494,200,success,
1789928470.529648,GET,GET /api/v1/reservas,4.444806,200,success,
1789928470.566433,GET,GET /api/v1/reservas,5.488077,200,success,
1789928470.572309,GET,GET /api/v1/reservas,4.643878,200,success,
1789928470.665837,GET,GET /api/v1/reservas,7.153672,200,success,
1789928470.781075,GET,GET /api/v1/reservas/{id},9.970102,200,success,
1789928470.889245,GET,GET /api/v1/reservas,7.771168,200,success,
1789928470.895546,GET,GET /api/v1/reservas,5.014190,200,success,
1789928470.963943,GET,GET /api/v1/reservas,6.050450,200,success,
1789928470.967371,GET,GET /api/v1/reservas,4.704099,200,success,
1789928470.968892,GET,GET /api/v1/reservas,5.661982,200,success,
1789928470.994168,GET,GET /api/v1/reservas,5.964901,200,success,
1789928470.997657,GET,GET /api/v1/reservas,4.688976,200,success,
1789928471.044966,GET,GET /api/v1/reservas,6.053956,200,success,
1789928471.049154,GET,GET /api/v1/reservas,4.900537,200,success,
1789928471.072180,GET,GET /api/v1/reservas,4.780566,200,success,
1789928471.121695,GET,GET /api/v1/reservas/{id},4.320548,200,success,
1789928471.137116,GET,GET /api/v1/reservas,5.122754,200,success,
1789928471.150064,GET,GET /api/v1/reservas,4.648646,200,success,
1789928471.200232,GET,GET /api/v1/reservas,5.868644,200,success,
1789928471.209188,GET,GET /api/v1/reservas,4.682147,200,success,
1789928471.232347,GET,GET /api/v1/reservas/{id},3.977759,200,success,
1789928471.334089,GET,GET /api/v1/reservas,6.374151,200,success,
1789928471.346405,GET,GET /api/v1/reservas,5.041722,200,success,
1789928471.382543,GET,GET /api/v1/reservas,6.826256,200,success,
1789928471.400698,GET,GET /api/v1/reservas/{id},4.923953,200,success,
1789928471.421535,GET,GET /api/v1/reservas,6.498830,200,success,
1789928471.441814,GET,GET /api/v1/reservas,5.959933,200,success,
1789928471.471582,GET,GET /api/v1/reservas,6.450717,200,success,
1789928471.473604,GET,GET /api/v1/reservas/{id},3.803035,200,success,
1789928471.579351,GET,GET /api/v1/reservas,6.008697,200,success,
1789928471.685807,GET,GET /api/v1/reservas,6.717711,200,success,
1789928471.691306,GET,GET /api/v1/reservas,4.264964,200,success,
1789928471.703918,GET,GET /api/v1/reservas/{id},3.441567,200,success,
1789928471.710266,GET,GET /api/v1/reservas,4.086835,200,success,
1789928471.791662,GET,GET /api/v1/reservas,7.329028,200,success,
1789928471.998661,GET,GET /api/v1/reservas/{id},9.421388,200,success,
1789928472.042684,GET,GET /api/v1/reservas,5.706148,200,success,
1789928472.062840,GET,GET /api/v1/reservas,4.880156,200,success,
1789928472.078137,GET,GET /api/v1/reservas,5.029473,200,success,
1789928472.086895,GET,GET /api/v1/reservas,4.520993,200,success,
1789928472.091269,GET,GET /api/v1/reservas/{id},3.213861,200,success,
1789928472.143223,GET,GET /api/v1/reservas,5.650574,200,success,
1789928472.257321,GET,GET /api/v1/reservas,6.681226,200,success,
1789928472.270363,GET,GET /api/v1/reservas,4.779675,200,success,
1789928472.286348,GET,GET /api/v1/reservas,4.689729,200,success,
1789928472.297373,GET,GET /api/v1/reservas,5.774372,200,success,
1789928472.304949,GET,GET /api/v1/reservas,4.295641,200,success,
1789928472.312900,GET,GET /api/v1/reservas,4.337985,200,success,
1789928472.313570,GET,GET /api/v1/reservas,5.392743,200,success,
1789928472.344225,GET,GET /api/v1/reservas,5.390401,200,success,
1789928472.381702,GET,GET /api/v1/reservas,5.166901,200,success,
1789928472.547686,GET,GET /api/v1/reservas/{id},5.685367,200,success,
1789928472.558138,GET,GET /api/v1/reservas,5.189435,200,success,
1789928472.562484,GET,GET /api/v1/reservas/{id},3.182543,200,success,
1789928472.565234,GET,GET /api/v1/reservas/{id},3.378150,200,success,
1789928472.578658,GET,GET /api/v1/reservas,4.199024,200,success,
1789928472.649953,GET,GET /api/v1/reservas/{id},5.059077,200,success,
1789928472.705027,GET,GET /api/v1/reservas,5.725108,200,success,
1789928472.765399,GET,GET /api/v1/reservas,6.388083,200,success,
1789928472.852084,GET,GET /api/v1/reservas,6.299928,200,success,
1789928472.872483,GET,GET /api/v1/reservas/{id},4.187337,200,success,
1789928472.954904,GET,GET /api/v1/reservas,6.080756,200,success,
1789928472.991807,GET,GET /api/v1/reservas,5.614870,200,success,
1789928473.006544,GET,GET /api/v1/reservas,4.448762,200,success,
1789928473.011286,GET,GET /api/v1/reservas,4.559551,200,success,
1789928473.077027,GET,GET /api/v1/reservas/{id},5.491613,200,success,
1789928473.271722,GET,GET /api/v1/reservas,6.212476,200,success,
1789928473.375102,GET,GET /api/v1/reservas,6.992949,200,success,
1789928473.378702,GET,GET /api/v1/reservas,5.654970,200,success,
1789928473.390621,GET,GET /api/v1/reservas,4.657328,200,success,
1789928473.439141,GET,GET /api/v1/reservas,5.214603,200,success,
1789928473.476074,GET,GET /api/v1/reservas,5.623723,200,success,
1789928473.487827,GET,GET /api/v1/reservas,4.467181,200,success,
1789928473.492208,GET,GET /api/v1/reservas/{id},3.222143,200,success,
1789928473.519150,GET,GET /api/v1/reservas,4.655998,200,success,
1789928473.599707,GET,GET /api/v1/reservas/{id},5.029043,200,success,
1789928473.605405,GET,GET /api/v1/reservas,4.442875,200,success,
1789928473.614119,GET,GET /api/v1/reservas,4.441341,200,success,
1789928473.743634,GET,GET /api/v1/reservas,6.110011,200,success,
1789928473.800424,GET,GET /api/v1/reservas,7.430862,200,success,
1789928473.802813,GET,GET /api/v1/reservas,5.870018,200,success,
1789928473.804747,GET,GET /api/v1/reservas,5.224749,200,success,
1789928473.883368,GET,GET /api/v1/reservas,9.034263,200,success,
1789928473.887345,GET,GET /api/v1/reservas,7.863789,200,success,
1789928474.041330,GET,GET /api/v1/reservas/{id},5.636893,200,success,
1789928474.044733,GET,GET /api/v1/reservas,5.643453,200,success,
1789928474.055815,GET,GET /api/v1/reservas,4.789109,200,success,
1789928474.137482,GET,GET /api/v1/reservas,6.289723,200,success,
1789928474.152075,GET,GET /api/v1/reservas,5.287364,200,success,
1789928474.178145,GET,GET /api/v1/reservas/{id},4.868689,200,success,
1789928474.186693,GET,GET /api/v1/reservas/{id},3.380143,200,success,
1789928474.191937,GET,GET /api/v1/reservas/{id},3.089772,200,success,
1789928474.325785,GET,GET /api/v1/reservas/{id},5.538925,200,success,
1789928474.389830,GET,GET /api/v1/reservas/{id},4.031120,200,success,
1789928474.390347,GET,GET /api/v1/reservas,6.191784,200,success,
1789928474.561472,GET,GET /api/v1/reservas,6.655678,200,success,
1789928474.564473,GET,GET /api/v1/reservas,5.814363,200,success,
1789928474.568667,GET,GET /api/v1/reservas,4.944764,200,success,
1789928474.604092,GET,GET /api/v1/reservas,5.121943,200,success,
1789928474.629135,GET,GET /api/v1/reservas/{id},3.851087,200,success,
1789928474.634642,GET,GET /api/v1/reservas,4.280198,200,success,
1789928474.658913,GET,GET /api/v1/reservas/{id},4.110139,200,success,
1789928474.683057,GET,GET /api/v1/reservas,5.856326,200,success,
1789928474.740943,GET,GET /api/v1/reservas,7.476492,200,success,
1789928474.750869,GET,GET /api/v1/reservas,7.546778,200,success,
1789928474.751445,GET,GET /api/v1/reservas,6.882512,200,success,
1789928474.785977,GET,GET /api/v1/reservas/{id},6.289382,200,success,
1789928474.829761,GET,GET /api/v1/reservas,10.378952,200,success,
1789928474.841613,GET,GET /api/v1/reservas/{id},5.625796,200,success,
1789928474.848369,GET,GET /api/v1/reservas,5.473896,200,success,
1789928474.871197,GET,GET /api/v1/reservas,9.987698,200,success,
1789928475.057802,GET,GET /api/v1/reservas,6.113106,200,success,
1789928475.133188,GET,GET /api/v1/reservas,5.981536,200,success,
1789928475.140170,GET,GET /api/v1/reservas,4.742628,200,success,
1789928475.206264,GET,GET /api/v1/reservas,5.758599,200,success,
1789928475.222331,GET,GET /api/v1/reservas,4.758261,200,success,
1789928475.227971,GET,GET /api/v1/reservas,4.382623,200,success,
1789928475.340006,GET,GET /api/v1/reservas/{id},9.680752,200,success,
1789928475.342798,GET,GET /api/v1/reservas,11.368400,200,success,
1789928475.420054,GET,GET /api/v1/reservas,7.839973,200,success,
1789928475.473433,GET,GET /api/v1/reservas,6.953499,200,success,
1789928475.503831,GET,GET /api/v1/reservas/{id},8.162913,200,success,
1789928475.600347,GET,GET /api/v1/reservas,6.589658,200,success,
1789928475.601397,GET,GET /api/v1/reservas,4.849220,200,success,
1789928475.664564,GET,GET /api/v1/reservas,5.827924,200,success,
1789928475.707909,GET,GET /api/v1/reservas,6.001807,200,success,
1789928475.721832,GET,GET /api/v1/reservas/{id},3.737706,200,success,
1789928475.765044,GET,GET /api/v1/reservas,5.252932,200,success,
1789928475.781965,GET,GET /api/v1/reservas,4.672503,200,success,
1789928475.938481,GET,GET /api/v1/reservas/{id},5.152099,200,success,
1789928476.058516,GET,GET /api/v1/reservas,6.630470,200,success,
1789928476.062953,GET,GET /api/v1/reservas,5.242666,200,success,
1789928476.111897,GET,GET /api/v1/reservas,5.632938,200,success,
1789928476.126472,GET,GET /api/v1/reservas,5.307514,200,success,
1789928476.200451,GET,GET /api/v1/reservas/{id},5.728293,200,success,
1789928476.205036,GET,GET /api/v1/reservas,5.199071,200,success,
1789928476.208336,GET,GET /api/v1/reservas,4.423205,200,success,
1789928476.236676,GET,GET /api/v1/reservas,5.043313,200,success,
1789928476.265296,GET,GET /api/v1/reservas,5.319382,200,success,
1789928476.307075,GET,GET /api/v1/reservas/{id},4.561734,200,success,
1789928476.322466,GET,GET /api/v1/reservas/{id},4.190421,200,success,
1789928476.381966,GET,GET /api/v1/reservas,6.197904,200,success,
1789928476.385305,GET,GET /api/v1/reservas/{id},4.082487,200,success,
1789928476.401384,GET,GET /api/v1/reservas,4.792073,200,success,
1789928476.448505,GET,GET /api/v1/reservas,5.873002,200,success,
1789928476.489506,GET,GET /api/v1/reservas,6.697210,200,success,
1789928476.512105,GET,GET /api/v1/reservas,5.294023,200,success,
1789928476.540006,GET,GET /api/v1/reservas,6.234378,200,success,
1789928476.565342,GET,GET /api/v1/reservas,5.052288,200,success,
1789928476.615390,GET,GET /api/v1/reservas,5.752569,200,success,
1789928476.647215,GET,GET /api/v1/reservas/{id},4.603036,200,success,
1789928476.672689,GET,GET /api/v1/reservas/{id},4.285635,200,success,
1789928476.739747,GET,GET /api/v1/reservas,5.725278,200,success,
1789928476.752450,GET,GET /api/v1/reservas,4.747745,200,success,
1789928476.978073,GET,GET /api/v1/reservas/{id},5.214984,200,success,
1789928476.983042,GET,GET /api/v1/reservas,4.724631,200,success,
1789928477.025521,GET,GET /api/v1/reservas,5.221615,200,success,
1789928477.054524,GET,GET /api/v1/reservas/{id},3.799808,200,success,
1789928477.080964,GET,GET /api/v1/reservas,5.169645,200,success,
1789928477.095247,GET,GET /api/v1/reservas,4.972396,200,success,
1789928477.101938,GET,GET /api/v1/reservas/{id},3.512714,200,success,
1789928477.109391,GET,GET /api/v1/reservas/{id},3.274713,200,success,
1789928477.197702,GET,GET /api/v1/reservas,6.885476,200,success,
1789928477.215954,GET,GET /api/v1/reservas/{id},5.020470,200,success,
1789928477.249722,GET,GET /api/v1/reservas,5.453385,200,success,
1789928477.293384,GET,GET /api/v1/reservas,5.356960,200,success,
1789928477.320871,GET,GET /api/v1/reservas,5.207202,200,success,
1789928477.337050,GET,GET /api/v1/reservas/{id},3.959151,200,success,
1789928477.354328,GET,GET /api/v1/reservas,5.951851,200,success,
1789928477.386253,GET,GET /api/v1/reservas,6.579682,200,success,
1789928477.432112,GET,GET /api/v1/reservas/{id},4.628515,200,success,
1789928477.513613,GET,GET /api/v1/reservas,7.115534,200,success,
1789928477.601701,GET,GET /api/v1/reservas,7.082745,200,success,
1789928477.639627,GET,GET /api/v1/reservas/{id},6.603929,200,success,
1789928477.641237,GET,GET /api/v1/reservas,10.155152,200,success,
1789928477.641756,GET,GET /api/v1/reservas,6.365578,200,success,
1789928477.658625,GET,GET /api/v1/reservas/{id},5.685377,200,success,
1789928477.688757,GET,GET /api/v1/reservas,6.791373,200,success,
1789928477.695247,GET,GET /api/v1/reservas/{id},4.284685,200,success,
1789928477.745888,GET,GET /api/v1/reservas,11.272175,200,success,
1789928477.754405,GET,GET /api/v1/reservas,9.392606,200,success,
1789928477.832357,GET,GET /api/v1/reservas,7.565456,200,success,
1789928477.838608,GET,GET /api/v1/reservas,5.990660,200,success,
1789928477.842998,GET,GET /api/v1/reservas,7.169777,200,success,
1789928477.978510,GET,GET /api/v1/reservas/{id},6.226316,200,success,
1789928478.105935,GET,GET /api/v1/reservas/{id},5.089224,200,success,
1789928478.174085,GET,GET /api/v1/reservas/{id},4.853166,200,success,
1789928478.284615,GET,GET /api/v1/reservas,6.116059,200,success,
1789928478.352594,GET,GET /api/v1/reservas/{id},4.734996,200,success,
1789928478.370915,GET,GET /api/v1/reservas,5.057054,200,success,
1789928478.404959,GET,GET /api/v1/reservas/{id},3.850516,200,success,
1789928478.411255,GET,GET /api/v1/reservas,4.023008,200,success,
1789928478.442679,GET,GET /api/v1/reservas,5.143626,200,success,
1789928478.478775,GET,GET /api/v1/reservas,4.835459,200,success,
1789928478.532214,GET,GET /api/v1/reservas,5.118718,200,success,
1789928478.590678,GET,GET /api/v1/reservas,5.187622,200,success,
1789928478.648348,GET,GET /api/v1/reservas/{id},4.496735,200,success,
1789928478.713117,GET,GET /api/v1/reservas/{id},5.518754,200,success,
1789928478.803083,GET,GET /api/v1/reservas,6.946519,200,success,
1789928478.805810,GET,GET /api/v1/reservas,5.838739,200,success,
1789928478.809762,GET,GET /api/v1/reservas,8.183624,200,success,
1789928478.810146,GET,GET /api/v1/reservas,5.612857,200,success,
1789928478.822520,GET,GET /api/v1/reservas,4.163961,200,success,
1789928478.838441,GET,GET /api/v1/reservas,4.670318,200,success,
1789928478.862786,GET,GET /api/v1/reservas,5.070946,200,success,
1789928478.905298,GET,GET /api/v1/reservas/{id},4.310573,200,success,
1789928478.907316,GET,GET /api/v1/reservas,4.521843,200,success,
1789928478.963368,GET,GET /api/v1/reservas,6.304866,200,success,
1789928478.964503,GET,GET /api/v1/reservas,7.899804,200,success,
1789928478.978999,GET,GET /api/v1/reservas/{id},3.322296,200,success,
1789928478.993356,GET,GET /api/v1/reservas,4.095418,200,success,
1789928479.020159,GET,GET /api/v1/reservas/{id},3.622602,200,success,
1789928479.116697,GET,GET /api/v1/reservas,6.128168,200,success,
1789928479.124665,GET,GET /api/v1/reservas,4.670318,200,success,
1789928479.176649,GET,GET /api/v1/reservas,5.696844,200,success,
1789928479.202804,GET,GET /api/v1/reservas,5.874663,200,success,
1789928479.218436,GET,GET /api/v1/reservas,5.330650,200,success,
1789928479.246167,GET,GET /api/v1/reservas,6.454754,200,success,
1789928479.267886,GET,GET /api/v1/reservas,7.418144,200,success,
1789928479.274971,GET,GET /api/v1/reservas,4.838594,200,success,
1789928479.335055,GET,GET /api/v1/reservas,5.717986,200,success,
1789928479.489746,GET,GET /api/v1/reservas,7.868585,200,success,
1789928479.490230,GET,GET /api/v1/reservas,8.866117,200,success,
1789928479.534122,GET,GET /api/v1/reservas,6.586012,200,success,
1789928479.615191,GET,GET /api/v1/reservas,12.044536,200,success,
1789928479.664582,GET,GET /api/v1/reservas/{id},5.104957,200,success,
1789928479.721045,GET,GET /api/v1/reservas,8.025304,200,success,
1789928479.721642,GET,GET /api/v1/reservas,5.832320,200,success,
1789928479.877138,GET,GET /api/v1/reservas,6.469826,200,success,
1789928479.994650,GET,GET /api/v1/reservas/{id},3.427716,200,success,
1789928479.995010,GET,GET /api/v1/reservas,6.506221,200,success,
1789928480.023066,GET,GET /api/v1/reservas,4.772364,200,success,
1789928480.047256,GET,GET /api/v1/reservas/{id},3.997229,200,success,
1789928480.138159,GET,GET /api/v1/reservas,6.555034,200,success,
1789928480.183250,GET,GET /api/v1/reservas,5.772901,200,success,
1789928480.204769,GET,GET /api/v1/reservas,5.281775,200,success,
1789928480.258307,GET,GET /api/v1/reservas,5.249588,200,success,
1789928480.273600,GET,GET /api/v1/reservas,4.061495,200,success,
1789928480.335151,GET,GET /api/v1/reservas,6.193087,200,success,
1789928480.336318,GET,GET /api/v1/reservas,4.628055,200,success,
1789928480.369878,GET,GET /api/v1/reservas,7.674132,200,success,
1789928480.460520,GET,GET /api/v1/reservas,6.246187,200,success,
1789928480.562259,GET,GET /api/v1/reservas,6.345118,200,success,
1789928480.571600,GET,GET /api/v1/reservas,4.109608,200,success,
1789928480.604391,GET,GET /api/v1/reservas,5.509049,200,success,
1789928480.686654,GET,GET /api/v1/reservas,5.909287,200,success,
1789928480.689056,GET,GET /api/v1/reservas,4.558509,200,success,
1789928480.774392,GET,GET /api/v1/reservas,6.335191,200,success,
1789928480.774977,GET,GET /api/v1/reservas,4.164102,200,success,
1789928480.781235,GET,GET /api/v1/reservas/{id},3.091335,200,success,
1789928480.882688,GET,GET /api/v1/reservas,7.119991,200,success,
1789928480.886352,GET,GET /api/v1/reservas/{id},6.274831,200,success,
1789928480.959749,GET,GET /api/v1/reservas,8.008428,200,success,
1789928480.973371,GET,GET /api/v1/reservas/{id},4.411907,200,success,
1789928480.985361,GET,GET /api/v1/reservas,5.704807,200,success,
1789928481.022978,GET,GET /api/v1/reservas/{id},4.858963,200,success,
1789928481.034113,GET,GET /api/v1/reservas/{id},3.894643,200,success,
1789928481.039793,GET,GET /api/v1/reservas/{id},3.497010,200,success,
1789928481.061128,GET,GET /api/v1/reservas,8.060778,200,success,
1789928481.066967,GET,GET /api/v1/reservas,6.695457,200,success,
1789928481.068784,GET,GET /api/v1/reservas,6.136661,200,success,
1789928481.151060,GET,GET /api/v1/reservas,9.900877,200,success,
1789928481.188138,GET,GET /api/v1/reservas/{id},5.808604,200,success,
1789928481.289458,GET,GET /api/v1/reservas,5.940494,200,success,
1789928481.293939,GET,GET /api/v1/reservas,4.289442,200,success,
1789928481.301616,GET,GET /api/v1/reservas,4.434111,200,success,
1789928481.354172,GET,GET /api/v1/reservas,8.228462,200,success,
1789928481.400741,GET,GET /api/v1/reservas,5.281635,200,success,
1789928481.438870,GET,GET /api/v1/reservas,4.805303,200,success,
1789928481.505616,GET,GET /api/v1/reservas/{id},4.508304,200,success,
1789928481.626220,GET,GET /api/v1/reservas,6.328833,200,success,
1789928481.628101,GET,GET /api/v1/reservas,4.394400,200,success,
1789928481.643628,GET,GET /api/v1/reservas,4.296502,200,success,
1789928481.653924,GET,GET /api/v1/reservas,4.036819,200,success,
1789928481.703077,GET,GET /api/v1/reservas/{id},3.959030,200,success,
1789928481.739489,GET,GET /api/v1/reservas,5.093339,200,success,
1789928481.811161,GET,GET /api/v1/reservas,5.682293,200,success,
1789928481.851475,GET,GET /api/v1/reservas,6.006674,200,success,
1789928481.851934,GET,GET /api/v1/reservas,4.825424,200,success,
1789928481.855713,GET,GET /api/v1/reservas,5.082993,200,success,
1789928482.078960,GET,GET /api/v1/reservas/{id},4.831333,200,success,
1789928482.113159,GET,GET /api/v1/reservas,4.895359,200,success,
1789928482.142146,GET,GET /api/v1/reservas,4.746483,200,success,
1789928482.150440,GET,GET /api/v1/reservas,5.041131,200,success,
1789928482.150781,GET,GET /api/v1/reservas,4.672843,200,success,
1789928482.162532,GET,GET /api/v1/reservas,4.524148,200,success,
1789928482.199676,GET,GET /api/v1/reservas,4.842189,200,success,
1789928482.266097,GET,GET /api/v1/reservas,6.113135,200,success,
1789928482.295293,GET,GET /api/v1/reservas,4.915210,200,success,
1789928482.335848,GET,GET /api/v1/reservas/{id},4.347710,200,success,
1789928482.408853,GET,GET /api/v1/reservas/{id},4.743348,200,success,
1789928482.438900,GET,GET /api/v1/reservas,4.727406,200,success,
1789928482.473606,GET,GET /api/v1/reservas,5.414337,200,success,
1789928482.481768,GET,GET /api/v1/reservas,4.903943,200,success,
1789928482.482172,GET,GET /api/v1/reservas,4.931305,200,success,
1789928482.485376,GET,GET /api/v1/reservas/{id},3.128041,200,success,
1789928482.497315,GET,GET /api/v1/reservas,4.715627,200,success,
1789928482.507520,GET,GET /api/v1/reservas,3.941544,200,success,
1789928482.515333,GET,GET /api/v1/reservas,4.575375,200,success,
1789928482.572234,GET,GET /api/v1/reservas,5.598225,200,success,
1789928482.573239,GET,GET /api/v1/reservas/{id},3.934163,200,success,
1789928482.670850,GET,GET /api/v1/reservas,6.229882,200,success,
1789928482.772599,GET,GET /api/v1/reservas,6.767858,200,success,
1789928482.785379,GET,GET /api/v1/reservas,9.190280,200,success,
1789928482.787543,GET,GET /api/v1/reservas,11.661826,200,success,
1789928482.813455,GET,GET /api/v1/reservas,5.605406,200,success,
1789928482.845726,GET,GET /api/v1/reservas,5.017235,200,success,
1789928483.005283,GET,GET /api/v1/reservas,6.107767,200,success,
1789928483.122436,GET,GET /api/v1/reservas,5.788043,200,success,
1789928483.128864,GET,GET /api/v1/reservas/{id},3.259591,200,success,
1789928483.167332,GET,GET /api/v1/reservas,5.134323,200,success,
1789928483.168912,GET,GET /api/v1/reservas/{id},3.188363,200,success,
1789928483.221763,GET,GET /api/v1/reservas,5.535219,200,success,
1789928483.228250,GET,GET /api/v1/reservas,4.258164,200,success,
1789928483.267508,GET,GET /api/v1/reservas/{id},4.059733,200,success,
1789928483.346694,GET,GET /api/v1/reservas,5.774712,200,success,
1789928483.373208,GET,GET /api/v1/reservas,5.259161,200,success,
1789928483.409179,GET,GET /api/v1/reservas/{id},3.786778,200,success,
1789928483.443269,GET,GET /api/v1/reservas,4.802210,200,success,
1789928483.558495,GET,GET /api/v1/reservas/{id},14.863177,200,success,
1789928483.572690,GET,GET /api/v1/reservas/{id},4.974779,200,success,
1789928483.583030,GET,GET /api/v1/reservas,10.078635,200,success,
1789928483.584404,GET,GET /api/v1/reservas,9.934368,200,success,
1789928483.642790,GET,GET /api/v1/reservas,5.843687,200,success,
1789928483.800364,GET,GET /api/v1/reservas,6.423416,200,success,
1789928483.810074,GET,GET /api/v1/reservas,5.394766,200,success,
1789928483.835717,GET,GET /api/v1/reservas,6.283724,200,success,
1789928483.863889,GET,GET /api/v1/reservas,4.868739,200,success,
1789928483.875667,GET,GET /api/v1/reservas,4.522834,200,success,
1789928483.906079,GET,GET /api/v1/reservas/{id},12.978410,200,success,
1789928483.925921,GET,GET /api/v1/reservas,5.518934,200,success,
1789928483.942785,GET,GET /api/v1/reservas,4.618910,200,success,
1789928483.957470,GET,GET /api/v1/reservas,5.433895,200,success,
1789928484.201200,GET,GET /api/v1/reservas,6.352789,200,success,
1789928484.221178,GET,GET /api/v1/reservas,4.662035,200,success,
1789928484.238029,GET,GET /api/v1/reservas,4.562936,200,success,
1789928484.277278,GET,GET /api/v1/reservas,5.940144,200,success,
1789928484.277681,GET,GET /api/v1/reservas,4.662056,200,success,
1789928484.286523,GET,GET /api/v1/reservas,4.632651,200,success,
1789928484.345243,GET,GET /api/v1/reservas/{id},3.857497,200,success,
1789928484.346255,GET,GET /api/v1/reservas,5.463641,200,success,
1789928484.375262,GET,GET /api/v1/reservas,4.728326,200,success,
1789928484.394117,GET,GET /api/v1/reservas,4.561163,200,success,
1789928484.484486,GET,GET /api/v1/reservas,5.992633,200,success,
1789928484.526699,GET,GET /api/v1/reservas,4.927748,200,success,
1789928484.541274,GET,GET /api/v1/reservas,5.345842,200,success,
1789928484.647859,GET,GET /api/v1/reservas,6.177764,200,success,
1789928484.666525,GET,GET /api/v1/reservas,5.313844,200,success,
1789928484.668753,GET,GET /api/v1/reservas,4.881558,200,success,
1789928484.702779,GET,GET /api/v1/reservas,4.754546,200,success,
1789928484.874399,GET,GET /api/v1/reservas,6.539192,200,success,
1789928484.935141,GET,GET /api/v1/reservas,5.406014,200,success,
1789928484.964955,GET,GET /api/v1/reservas,4.570037,200,success,
1789928484.984448,GET,GET /api/v1/reservas,4.203781,200,success,
1789928485.018590,GET,GET /api/v1/reservas/{id},4.908741,200,success,
1789928485.055574,GET,GET /api/v1/reservas/{id},5.712768,200,success,
1789928485.136901,GET,GET /api/v1/reservas,7.577665,200,success,
1789928485.202036,GET,GET /api/v1/reservas,7.721424,200,success,
1789928485.203319,GET,GET /api/v1/reservas,5.158989,200,success,
1789928485.236389,GET,GET /api/v1/reservas,10.641248,200,success,
1789928485.236966,GET,GET /api/v1/reservas,8.275603,200,success,
1789928485.273372,GET,GET /api/v1/reservas,7.084609,200,success,
1789928485.289968,GET,GET /api/v1/reservas,6.323984,200,success,
1789928485.317528,GET,GET /api/v1/reservas,5.246512,200,success,
1789928485.356178,GET,GET /api/v1/reservas,6.331527,200,success,
1789928485.397459,GET,GET /api/v1/reservas,5.002452,200,success,
1789928485.413126,GET,GET /api/v1/reservas,4.392937,200,success,
1789928485.443345,GET,GET /api/v1/reservas,4.976342,200,success,
1789928485.444051,GET,GET /api/v1/reservas,5.079909,200,success,
1789928485.597082,GET,GET /api/v1/reservas/{id},5.705549,200,success,
1789928485.621189,GET,GET /api/v1/reservas,6.774507,200,success,
1789928485.623625,GET,GET /api/v1/reservas,7.441318,200,success,
1789928485.657614,GET,GET /api/v1/reservas/{id},4.786425,200,success,
1789928485.705682,GET,GET /api/v1/reservas,6.722438,200,success,
1789928485.818614,GET,GET /api/v1/reservas,8.341923,200,success,
1789928485.836257,GET,GET /api/v1/reservas,9.208747,200,success,
1789928485.895400,GET,GET /api/v1/reservas,5.753661,200,success,
1789928485.915237,GET,GET /api/v1/reservas,5.570614,200,success,
1789928485.922680,GET,GET /api/v1/reservas,4.193566,200,success,
1789928485.951396,GET,GET /api/v1/reservas/{id},4.527864,200,success,
1789928485.969358,GET,GET /api/v1/reservas,5.648470,200,success,
1789928485.990610,GET,GET /api/v1/reservas,4.997805,200,success,
1789928486.012712,GET,GET /api/v1/reservas,4.823590,200,success,
1789928486.055299,GET,GET /api/v1/reservas,5.293463,200,success,
1789928486.290675,GET,GET /api/v1/reservas,5.877488,200,success,
1789928486.343662,GET,GET /api/v1/reservas,6.553954,200,success,
1789928486.344179,GET,GET /api/v1/reservas,6.499962,200,success,
1789928486.389549,GET,GET /api/v1/reservas,8.040085,200,success,
1789928486.468583,GET,GET /api/v1/reservas,5.668282,200,success,
1789928486.489239,GET,GET /api/v1/reservas,4.434302,200,success,
1789928486.507746,GET,GET /api/v1/reservas,5.270709,200,success,
1789928486.511881,GET,GET /api/v1/reservas,4.761618,200,success,
1789928486.528821,GET,GET /api/v1/reservas,7.652218,200,success,
1789928486.552372,GET,GET /api/v1/reservas,7.174023,200,success,
1789928486.578117,GET,GET /api/v1/reservas,5.426235,200,success,
1789928486.712678,GET,GET /api/v1/reservas,6.200658,200,success,
1789928486.717340,GET,GET /api/v1/reservas/{id},3.496410,200,success,
1789928486.734211,GET,GET /api/v1/reservas,4.629477,200,success,
1789928486.742396,GET,GET /api/v1/reservas,3.975155,200,success,
1789928486.793443,GET,GET /api/v1/reservas,5.119929,200,success,
1789928486.805011,GET,GET /api/v1/reservas/{id},3.369186,200,success,
1789928486.808954,GET,GET /api/v1/reservas,4.638881,200,success,
1789928486.809511,GET,GET /api/v1/reservas,4.289821,200,success,
1789928486.948879,GET,GET /api/v1/reservas/{id},5.060791,200,success,
1789928487.079360,GET,GET /api/v1/reservas,6.092434,200,success,
1789928487.105196,GET,GET /api/v1/reservas/{id},3.623763,200,success,
1789928487.129013,GET,GET /api/v1/reservas/{id},3.606486,200,success,
1789928487.175872,GET,GET /api/v1/reservas,6.567454,200,success,
1789928487.192655,GET,GET /api/v1/reservas/{id},3.580867,200,success,
1789928487.197123,GET,GET /api/v1/reservas,4.260348,200,success,
1789928487.225271,GET,GET /api/v1/reservas,4.904373,200,success,
1789928487.262261,GET,GET /api/v1/reservas/{id},3.802123,200,success,
1789928487.319639,GET,GET /api/v1/reservas,6.108669,200,success,
1789928487.324901,GET,GET /api/v1/reservas,4.008045,200,success,
1789928487.343637,GET,GET /api/v1/reservas,4.473811,200,success,
1789928487.347009,GET,GET /api/v1/reservas,5.240583,200,success,
1789928487.387712,GET,GET /api/v1/reservas,7.355117,200,success,
1789928487.416314,GET,GET /api/v1/reservas,7.278853,200,success,
1789928487.536885,GET,GET /api/v1/reservas,6.151253,200,success,
1789928487.646954,GET,GET /api/v1/reservas,6.294550,200,success,
1789928487.683752,GET,GET /api/v1/reservas,5.161834,200,success,
1789928487.683917,GET,GET /api/v1/reservas,5.719449,200,success,
1789928487.753816,GET,GET /api/v1/reservas,5.611856,200,success,
1789928487.776532,GET,GET /api/v1/reservas,4.764431,200,success,
1789928487.788006,GET,GET /api/v1/reservas,4.229371,200,success,
1789928487.794894,GET,GET /api/v1/reservas,4.634705,200,success,
1789928487.795296,GET,GET /api/v1/reservas,4.764852,200,success,
1789928487.807692,GET,GET /api/v1/reservas,6.107537,200,success,
1789928487.844458,GET,GET /api/v1/reservas,7.468059,200,success,
1789928487.917117,GET,GET /api/v1/reservas,9.255639,200,success,
1789928488.072354,GET,GET /api/v1/reservas,7.686099,200,success,
1789928488.101051,GET,GET /api/v1/reservas,8.317406,200,success,
1789928488.119870,GET,GET /api/v1/reservas,6.498239,200,success,
1789928488.234466,GET,GET /api/v1/reservas,7.145390,200,success,
1789928488.343925,GET,GET /api/v1/reservas/{id},5.142022,200,success,
1789928488.378086,GET,GET /api/v1/reservas,6.780257,200,success,
1789928488.380996,GET,GET /api/v1/reservas,4.934830,200,success,
1789928488.385935,GET,GET /api/v1/reservas/{id},3.769563,200,success,
1789928488.388589,GET,GET /api/v1/reservas,4.814167,200,success,
1789928488.441411,GET,GET /api/v1/reservas,5.524303,200,success,
1789928488.485680,GET,GET /api/v1/reservas,4.950283,200,success,
1789928488.493960,GET,GET /api/v1/reservas/{id},3.115923,200,success,
1789928488.549851,GET,GET /api/v1/reservas,5.565075,200,success,
1789928488.556577,GET,GET /api/v1/reservas/{id},4.253917,200,success,
1789928488.557515,GET,GET /api/v1/reservas,5.398252,200,success,
1789928488.606705,GET,GET /api/v1/reservas/{id},4.007613,200,success,
1789928488.619315,GET,GET /api/v1/reservas,4.376664,200,success,
1789928488.633354,GET,GET /api/v1/reservas,4.815970,200,success,
1789928488.716469,GET,GET /api/v1/reservas,5.762314,200,success,
1789928488.731999,GET,GET /api/v1/reservas/{id},3.338931,200,success,
1789928488.814258,GET,GET /api/v1/reservas/{id},5.355057,200,success,
1789928488.833404,GET,GET /api/v1/reservas,4.884875,200,success,
1789928488.868705,GET,GET /api/v1/reservas,5.038427,200,success,
1789928488.889405,GET,GET /api/v1/reservas,4.427721,200,success,
1789928488.895442,GET,GET /api/v1/reservas,3.814622,200,success,
1789928489.003813,GET,GET /api/v1/reservas/{id},5.093119,200,success,
1789928489.106453,GET,GET /api/v1/reservas/{id},3.547778,200,success,
1789928489.107482,GET,GET /api/v1/reservas,6.287239,200,success,
1789928489.135477,GET,GET /api/v1/reservas,4.724450,200,success,
1789928489.300114,GET,GET /api/v1/reservas,6.180487,200,success,
1789928489.329861,GET,GET /api/v1/reservas/{id},4.544629,200,success,
1789928489.330549,GET,GET /api/v1/reservas/{id},3.090945,200,success,
1789928489.339259,GET,GET /api/v1/reservas,4.498458,200,success,
1789928489.384495,GET,GET /api/v1/reservas,4.938815,200,success,
1789928489.407475,GET,GET /api/v1/reservas,4.695246,200,success,
1789928489.470826,GET,GET /api/v1/reservas/{id},4.181458,200,success,
1789928489.503637,GET,GET /api/v1/reservas/{id},3.608280,200,success,
1789928489.560765,GET,GET /api/v1/reservas,5.851468,200,success,
1789928489.627041,GET,GET /api/v1/reservas,5.487397,200,success,
1789928489.643630,GET,GET /api/v1/reservas,4.313587,200,success,
1789928489.700394,GET,GET /api/v1/reservas,5.465524,200,success,
1789928489.730477,GET,GET /api/v1/reservas,4.764061,200,success,
1789928489.762240,GET,GET /api/v1/reservas,7.453818,200,success,
1789928489.812179,GET,GET /api/v1/reservas,6.796351,200,success,
1789928489.837548,GET,GET /api/v1/reservas,6.026754,200,success,
1789928489.967180,GET,GET /api/v1/reservas,7.192703,200,success,
1789928489.980499,GET,GET /api/v1/reservas,8.290575,200,success,
1789928490.006852,GET,GET /api/v1/reservas,7.018458,200,success,
1789928490.023313,GET,GET /api/v1/reservas,6.110231,200,success,
1789928490.116400,GET,GET /api/v1/reservas,6.707787,200,success,
1789928490.124799,GET,GET /api/v1/reservas/{id},3.227932,200,success,
1789928490.147386,GET,GET /api/v1/reservas/{id},3.404900,200,success,
1789928490.183910,GET,GET /api/v1/reservas/{id},4.316391,200,success,
1789928490.235277,GET,GET /api/v1/reservas/{id},4.169379,200,success,
1789928490.254531,GET,GET /api/v1/reservas,4.939737,200,success,
1789928490.287560,GET,GET /api/v1/reservas,4.783730,200,success,
1789928490.347630,GET,GET /api/v1/reservas,9.724479,200,success,
1789928490.356122,GET,GET /api/v1/reservas/{id},6.899607,200,success,
1789928490.356501,GET,GET /api/v1/reservas/{id},7.709304,200,success,
1789928490.365121,GET,GET /api/v1/reservas,7.319705,200,success,
1789928490.390527,GET,GET /api/v1/reservas/{id},14.188565,200,success,
1789928490.415059,GET,GET /api/v1/reservas/{id},12.276918,200,success,
1789928490.484055,GET,GET /api/v1/reservas,5.644314,200,success,
1789928490.539140,GET,GET /api/v1/reservas,5.760271,200,success,
1789928490.582552,GET,GET /api/v1/reservas,5.138559,200,success,
1789928490.648789,GET,GET /api/v1/reservas,6.904675,200,success,
1789928490.673837,GET,GET /api/v1/reservas,4.789028,200,success,
1789928490.737671,GET,GET /api/v1/reservas,5.485334,200,success,
1789928490.767470,GET,GET /api/v1/reservas,5.496390,200,success,
1789928490.770391,GET,GET /api/v1/reservas,4.133645,200,success,
1789928490.826972,GET,GET /api/v1/reservas/{id},4.411877,200,success,
1789928490.831131,GET,GET /api/v1/reservas,4.745001,200,success,
1789928490.941043,GET,GET /api/v1/reservas,6.518900,200,success,
1789928490.942400,GET,GET /api/v1/reservas/{id},3.186921,200,success,
1789928490.957758,GET,GET /api/v1/reservas,4.133625,200,success,
1789928491.032561,GET,GET /api/v1/reservas/{id},4.561724,200,success,
1789928491.057464,GET,GET /api/v1/reservas,4.613452,200,success,
1789928491.173275,GET,GET /api/v1/reservas,6.403094,200,success,
1789928491.187045,GET,GET /api/v1/reservas/{id},3.581078,200,success,
1789928491.237755,GET,GET /api/v1/reservas,6.374972,200,success,
1789928491.248370,GET,GET /api/v1/reservas,5.341436,200,success,
1789928491.279199,GET,GET /api/v1/reservas,7.452826,200,success,
1789928491.407867,GET,GET /api/v1/reservas/{id},6.288251,200,success,
1789928491.426103,GET,GET /api/v1/reservas,6.696539,200,success,
1789928491.489331,GET,GET /api/v1/reservas,7.888597,200,success,
1789928491.494704,GET,GET /api/v1/reservas,6.341982,200,success,
1789928491.510199,GET,GET /api/v1/reservas,10.224787,200,success,
1789928491.543375,GET,GET /api/v1/reservas,6.442725,200,success,
1789928491.551765,GET,GET /api/v1/reservas,5.174954,200,success,
1789928491.768693,GET,GET /api/v1/reservas,6.108099,200,success,
1789928491.848932,GET,GET /api/v1/reservas,5.877990,200,success,
1789928491.857371,GET,GET /api/v1/reservas/{id},3.243305,200,success,
1789928491.926279,GET,GET /api/v1/reservas/{id},4.673894,200,success,
1789928491.966493,GET,GET /api/v1/reservas,4.925245,200,success,
1789928491.980977,GET,GET /api/v1/reservas,4.226776,200,success,
1789928492.033696,GET,GET /api/v1/reservas,5.444642,200,success,
1789928492.110885,GET,GET /api/v1/reservas,6.100766,200,success,
1789928492.111325,GET,GET /api/v1/reservas,7.300175,200,success,
1789928492.133857,GET,GET /api/v1/reservas,4.310633,200,success,
1789928492.142137,GET,GET /api/v1/reservas/{id},3.098547,200,success,
1789928492.178080,GET,GET /api/v1/reservas/{id},3.747860,200,success,
1789928492.201597,GET,GET /api/v1/reservas,6.220939,200,success,
1789928492.221803,GET,GET /api/v1/reservas/{id},3.985220,200,success,
1789928492.420401,GET,GET /api/v1/reservas,6.221700,200,success,
1789928492.429100,GET,GET /api/v1/reservas,4.395922,200,success,
1789928492.458964,GET,GET /api/v1/reservas,4.935550,200,success,
1789928492.459347,GET,GET /api/v1/reservas,6.023970,200,success,
1789928492.470147,GET,GET /api/v1/reservas,5.552506,200,success,
1789928492.471260,GET,GET /api/v1/reservas/{id},4.213536,200,success,
1789928492.471920,GET,GET /api/v1/reservas,4.494843,200,success,
1789928492.481147,GET,GET /api/v1/reservas,3.992972,200,success,
1789928492.503340,GET,GET /api/v1/reservas,4.961299,200,success,
1789928492.577087,GET,GET /api/v1/reservas,5.482510,200,success,
1789928492.577524,GET,GET /api/v1/reservas,6.881750,200,success,
1789928492.653316,GET,GET /api/v1/reservas,6.469517,200,success,
1789928492.657112,GET,GET /api/v1/reservas,4.479439,200,success,
1789928492.688888,GET,GET /api/v1/reservas/{id},3.601047,200,success,
1789928492.725131,GET,GET /api/v1/reservas,4.925726,200,success,
1789928492.752687,GET,GET /api/v1/reservas,5.270860,200,success,
1789928492.764007,GET,GET /api/v1/reservas,4.083378,200,success,
1789928492.814742,GET,GET /api/v1/reservas/{id},4.869431,200,success,
1789928492.819069,GET,GET /api/v1/reservas,5.159890,200,success,
1789928492.822623,GET,GET /api/v1/reservas,5.609682,200,success,
1789928492.928801,GET,GET /api/v1/reservas,5.789114,200,success,
1789928493.010840,GET,GET /api/v1/reservas,5.691456,200,success,
1789928493.079004,GET,GET /api/v1/reservas,6.757571,200,success,
1789928493.079343,GET,GET /api/v1/reservas/{id},4.061637,200,success,
1789928493.079672,GET,GET /api/v1/reservas,7.110016,200,success,
1789928493.104328,GET,GET /api/v1/reservas/{id},3.502067,200,success,
1789928493.125553,GET,GET /api/v1/reservas,4.955501,200,success,
1789928493.248213,GET,GET /api/v1/reservas,7.279553,200,success,
1789928493.287582,GET,GET /api/v1/reservas/{id},4.155738,200,success,
1789928493.296456,GET,GET /api/v1/reservas,4.614784,200,success,
1789928493.387636,GET,GET /api/v1/reservas,5.804548,200,success,
1789928493.465514,GET,GET /api/v1/reservas/{id},4.618991,200,success,
1789928493.523042,GET,GET /api/v1/reservas/{id},4.311665,200,success,
1789928493.527180,GET,GET /api/v1/reservas/{id},2.982971,200,success,
1789928493.614022,GET,GET /api/v1/reservas,5.987616,200,success,
1789928493.618333,GET,GET /api/v1/reservas,4.113785,200,success,
1789928493.626679,GET,GET /api/v1/reservas,4.115989,200,success,
1789928493.663010,GET,GET /api/v1/reservas,5.029784,200,success,
1789928493.686666,GET,GET /api/v1/reservas/{id},3.478232,200,success,
1789928493.740239,GET,GET /api/v1/reservas,5.261815,200,success,
1789928493.763005,GET,GET /api/v1/reservas/{id},3.570000,200,success,
1789928493.768657,GET,GET /api/v1/reservas/{id},3.490191,200,success,
1789928493.796961,GET,GET /api/v1/reservas,5.061741,200,success,
1789928493.819757,GET,GET /api/v1/reservas/{id},3.600087,200,success,
1789928493.885303,GET,GET /api/v1/reservas,7.099230,200,success,
1789928493.889161,GET,GET /api/v1/reservas,4.992617,200,success,
1789928493.912096,GET,GET /api/v1/reservas,22.673485,200,success,
1789928493.944537,GET,GET /api/v1/reservas,7.029354,200,success,
1789928494.037930,GET,GET /api/v1/reservas,6.013744,200,success,
1789928494.093407,GET,GET /api/v1/reservas/{id},4.234117,200,success,
1789928494.108897,GET,GET /api/v1/reservas/{id},3.308084,200,success,
1789928494.175183,GET,GET /api/v1/reservas,5.997580,200,success,
1789928494.206191,GET,GET /api/v1/reservas,4.757120,200,success,
1789928494.239216,GET,GET /api/v1/reservas,4.745872,200,success,
1789928494.295822,GET,GET /api/v1/reservas,6.272837,200,success,
1789928494.379046,GET,GET /api/v1/reservas,5.853903,200,success,
1789928494.551025,GET,GET /api/v1/reservas,7.255277,200,success,
1789928494.625862,GET,GET /api/v1/reservas,14.454579,200,success,
1789928494.628264,GET,GET /api/v1/reservas/{id},4.145975,200,success,
1789928494.675592,GET,GET /api/v1/reservas,6.997065,200,success,
1789928494.678455,GET,GET /api/v1/reservas,5.085368,200,success,
1789928494.707531,GET,GET /api/v1/reservas,4.871714,200,success,
1789928494.759279,GET,GET /api/v1/reservas,5.452334,200,success,
1789928494.759661,GET,GET /api/v1/reservas,5.468808,200,success,
1789928494.879164,GET,GET /api/v1/reservas,6.503337,200,success,
1789928494.907830,GET,GET /api/v1/reservas,5.396370,200,success,
1789928494.914620,GET,GET /api/v1/reservas,4.515674,200,success,
1789928494.927155,GET,GET /api/v1/reservas/{id},3.362796,200,success,
1789928494.944688,GET,GET /api/v1/reservas/{id},3.364149,200,success,
1789928494.952280,GET,GET /api/v1/reservas,5.310439,200,success,
1789928494.953584,GET,GET /api/v1/reservas/{id},3.194833,200,success,
1789928495.002704,GET,GET /api/v1/reservas/{id},3.940071,200,success,
1789928495.034757,GET,GET /api/v1/reservas,4.760405,200,success,
1789928495.067542,GET,GET /api/v1/reservas,4.528063,200,success,
1789928495.077320,GET,GET /api/v1/reservas,4.567843,200,success,
1789928495.102075,GET,GET /api/v1/reservas,4.470826,200,success,
1789928495.189651,GET,GET /api/v1/reservas,6.239356,200,success,
1789928495.296478,GET,GET /api/v1/reservas,6.418217,200,success,
1789928495.307840,GET,GET /api/v1/reservas,6.043981,200,success,
1789928495.321995,GET,GET /api/v1/reservas,5.816955,200,success,
1789928495.325645,GET,GET /api/v1/reservas,5.764557,200,success,
1789928495.337446,GET,GET /api/v1/reservas,5.507957,200,success,
1789928495.343929,GET,GET /api/v1/reservas/{id},5.304739,200,success,
1789928495.346726,GET,GET /api/v1/reservas,6.085013,200,success,
1789928495.433277,GET,GET /api/v1/reservas,7.127462,200,success,
1789928495.442255,GET,GET /api/v1/reservas,7.651257,200,success,
1789928495.447825,GET,GET /api/v1/reservas,12.520817,200,success,
1789928495.480646,GET,GET /api/v1/reservas,7.318413,200,success,
1789928495.503899,GET,GET /api/v1/reservas/{id},5.024455,200,success,
1789928495.579429,GET,GET /api/v1/reservas/{id},6.235150,200,success,
1789928495.675257,GET,GET /api/v1/reservas,6.056489,200,success,
1789928495.744494,GET,GET /api/v1/reservas/{id},4.994559,200,success,
1789928495.766126,GET,GET /api/v1/reservas/{id},3.445803,200,success,
1789928495.793450,GET,GET /api/v1/reservas/{id},3.468448,200,success,
1789928495.813156,GET,GET /api/v1/reservas,4.447781,200,success,
1789928495.864527,GET,GET /api/v1/reservas,5.093931,200,success,
1789928495.885231,GET,GET /api/v1/reservas,5.396660,200,success,
1789928495.894506,GET,GET /api/v1/reservas,5.962947,200,success,
1789928496.002808,GET,GET /api/v1/reservas/{id},6.087486,200,success,
1789928496.004389,GET,GET /api/v1/reservas/{id},5.582891,200,success,
1789928496.081321,GET,GET /api/v1/reservas,14.820793,200,success,
1789928496.081890,GET,GET /api/v1/reservas,16.161585,200,success,
1789928496.118729,GET,GET /api/v1/reservas,7.435850,200,success,
1789928496.121998,GET,GET /api/v1/reservas,5.903898,200,success,
1789928496.201296,GET,GET /api/v1/reservas,6.950725,200,success,
1789928496.211108,GET,GET /api/v1/reservas,4.509224,200,success,
1789928496.234423,GET,GET /api/v1/reservas,5.054381,200,success,
1789928496.240573,GET,GET /api/v1/reservas,7.553769,200,success,
1789928496.330719,GET,GET /api/v1/reservas,5.772789,200,success,
1789928496.355895,GET,GET /api/v1/reservas,4.874638,200,success,
1789928496.434864,GET,GET /api/v1/reservas,5.618786,200,success,
1789928496.510764,GET,GET /api/v1/reservas,5.566586,200,success,
1789928496.529364,GET,GET /api/v1/reservas,4.336432,200,success,
1789928496.598405,GET,GET /api/v1/reservas,5.409760,200,success,
1789928496.638579,GET,GET /api/v1/reservas,4.900278,200,success,
1789928496.718394,GET,GET /api/v1/reservas,5.498343,200,success,
1789928496.779489,GET,GET /api/v1/reservas/{id},4.163200,200,success,
1789928496.836392,GET,GET /api/v1/reservas,5.583973,200,success,
1789928496.868136,GET,GET /api/v1/reservas,5.414217,200,success,
1789928496.868650,GET,GET /api/v1/reservas/{id},3.418602,200,success,
1789928496.881558,GET,GET /api/v1/reservas,4.635857,200,success,
1789928496.886680,GET,GET /api/v1/reservas/{id},2.966587,200,success,
1789928496.898966,GET,GET /api/v1/reservas,4.070018,200,success,
1789928496.918848,GET,GET /api/v1/reservas,5.626357,200,success,
1789928496.919200,GET,GET /api/v1/reservas,5.673919,200,success,
1789928496.927264,GET,GET /api/v1/reservas,3.853351,200,success,
1789928496.954344,GET,GET /api/v1/reservas,6.800478,200,success,
1789928496.977648,GET,GET /api/v1/reservas,5.979894,200,success,
1789928496.979967,GET,GET /api/v1/reservas,4.446890,200,success,
1789928497.198403,GET,GET /api/v1/reservas/{id},5.012798,200,success,
1789928497.211275,GET,GET /api/v1/reservas/{id},3.660117,200,success,
1789928497.227485,GET,GET /api/v1/reservas,4.924364,200,success,
1789928497.415835,GET,GET /api/v1/reservas,5.859502,200,success,
1789928497.487163,GET,GET /api/v1/reservas,5.970920,200,success,
1789928497.487502,GET,GET /api/v1/reservas,5.933222,200,success,
1789928497.514259,GET,GET /api/v1/reservas/{id},3.568599,200,success,
1789928497.553154,GET,GET /api/v1/reservas,5.633337,200,success,
1789928497.639718,GET,GET /api/v1/reservas,5.771328,200,success,
1789928497.664507,GET,GET /api/v1/reservas,4.502724,200,success,
1789928497.720874,GET,GET /api/v1/reservas,5.073288,200,success,
1789928497.749064,GET,GET /api/v1/reservas,5.571855,200,success,
1789928497.749403,GET,GET /api/v1/reservas,6.276723,200,success,
1789928497.758748,GET,GET /api/v1/reservas,4.132914,200,success,
1789928497.801669,GET,GET /api/v1/reservas,5.010755,200,success,
1789928497.952789,GET,GET /api/v1/reservas/{id},4.787766,200,success,
1789928497.992026,GET,GET /api/v1/reservas,4.943803,200,success,
1789928498.001079,GET,GET /api/v1/reservas,4.800195,200,success,
1789928498.084331,GET,GET /api/v1/reservas,5.918521,200,success,
1789928498.106900,GET,GET /api/v1/reservas,6.270975,200,success,
1789928498.120768,GET,GET /api/v1/reservas,5.604774,200,success,
1789928498.155322,GET,GET /api/v1/reservas/{id},5.325722,200,success,
1789928498.327516,GET,GET /api/v1/reservas,6.733746,200,success,
1789928498.408545,GET,GET /api/v1/reservas/{id},5.763926,200,success,
1789928498.495747,GET,GET /api/v1/reservas/{id},4.753434,200,success,
1789928498.497333,GET,GET /api/v1/reservas,11.394279,200,success,
1789928498.509553,GET,GET /api/v1/reservas,4.929041,200,success,
1789928498.564196,GET,GET /api/v1/reservas/{id},8.419350,200,success,
1789928498.618237,GET,GET /api/v1/reservas,6.656449,200,success,
1789928498.635833,GET,GET /api/v1/reservas,9.612430,200,success,
1789928498.652979,GET,GET /api/v1/reservas,6.793617,200,success,
1789928498.689628,GET,GET /api/v1/reservas,8.197085,200,success,
1789928498.694277,GET,GET /api/v1/reservas,8.791384,200,success,
1789928498.696999,GET,GET /api/v1/reservas,6.059054,200,success,
1789928498.759609,GET,GET /api/v1/reservas/{id},4.402503,200,success,
1789928498.779178,GET,GET /api/v1/reservas,4.690199,200,success,
1789928498.795833,GET,GET /api/v1/reservas,4.387769,200,success,
1789928498.879718,GET,GET /api/v1/reservas/{id},4.619411,200,success,
1789928498.884597,GET,GET /api/v1/reservas,4.650078,200,success,
1789928498.886611,GET,GET /api/v1/reservas,4.060244,200,success,
1789928498.892373,GET,GET /api/v1/reservas,4.556416,200,success,
1789928498.907877,GET,GET /api/v1/reservas/{id},3.343337,200,success,
1789928498.923550,GET,GET /api/v1/reservas/{id},3.475648,200,success,
1789928498.950383,GET,GET /api/v1/reservas,4.593321,200,success,
1789928498.995276,GET,GET /api/v1/reservas,5.582362,200,success,
1789928499.007508,GET,GET /api/v1/reservas,4.959167,200,success,
1789928499.029398,GET,GET /api/v1/reservas,4.645451,200,success,
1789928499.145817,GET,GET /api/v1/reservas,5.992352,200,success,
1789928499.153100,GET,GET /api/v1/reservas,4.998917,200,success,
1789928499.195243,GET,GET /api/v1/reservas/{id},3.955304,200,success,
1789928499.234803,GET,GET /api/v1/reservas,5.250849,200,success,
1789928499.240296,GET,GET /api/v1/reservas,4.224442,200,success,
1789928499.271873,GET,GET /api/v1/reservas,6.288321,200,success,
1789928499.447426,GET,GET /api/v1/reservas,6.207589,200,success,
1789928499.512038,GET,GET /api/v1/reservas/{id},4.412108,200,success,
1789928499.522572,GET,GET /api/v1/reservas,4.259756,200,success,
1789928499.547475,GET,GET /api/v1/reservas,4.646262,200,success,
1789928499.602387,GET,GET /api/v1/reservas,5.641189,200,success,
1789928499.675701,GET,GET /api/v1/reservas,5.954305,200,success,
1789928499.725425,GET,GET /api/v1/reservas,6.429183,200,success,
1789928499.768884,GET,GET /api/v1/reservas,5.176686,200,success,
1789928499.790457,GET,GET /api/v1/reservas,4.664160,200,success,
1789928499.848300,GET,GET /api/v1/reservas,5.535059,200,success,
1789928499.861043,GET,GET /api/v1/reservas,4.481372,200,success,
1789928499.904581,GET,GET /api/v1/reservas,5.227524,200,success,
1789928499.905208,GET,GET /api/v1/reservas/{id},3.292811,200,success,
1789928499.946846,GET,GET /api/v1/reservas,5.354535,200,success,
1789928499.988279,GET,GET /api/v1/reservas,5.131618,200,success,
1789928500.253597,GET,GET /api/v1/reservas,8.675819,200,success,
1789928500.290758,GET,GET /api/v1/reservas/{id},10.611994,200,success,
1789928500.292579,GET,GET /api/v1/reservas,7.693501,200,success,
1789928500.293094,GET,GET /api/v1/reservas,12.324139,200,success,
1789928500.380075,GET,GET /api/v1/reservas/{id},4.729708,200,success,
1789928500.406861,GET,GET /api/v1/reservas,5.501889,200,success,
1789928500.416512,GET,GET /api/v1/reservas/{id},3.453854,200,success,
1789928500.473429,GET,GET /api/v1/reservas,5.593579,200,success,
1789928500.505543,GET,GET /api/v1/reservas,4.819204,200,success,
1789928500.519824,GET,GET /api/v1/reservas,4.053895,200,success,
1789928500.539007,GET,GET /api/v1/reservas/{id},3.992882,200,success,
1789928500.581323,GET,GET /api/v1/reservas,5.013539,200,success,
1789928500.638801,GET,GET /api/v1/reservas,5.182555,200,success,
1789928500.768946,GET,GET /api/v1/reservas,5.718757,200,success,
1789928500.849010,GET,GET /api/v1/reservas,5.999472,200,success,
1789928500.862226,GET,GET /api/v1/reservas,4.917053,200,success,
1789928500.869245,GET,GET /api/v1/reservas,8.324869,200,success,
1789928500.870385,GET,GET /api/v1/reservas,4.716598,200,success,
1789928500.907731,GET,GET /api/v1/reservas,5.081551,200,success,
1789928500.953296,GET,GET /api/v1/reservas,5.256938,200,success,
1789928500.992271,GET,GET /api/v1/reservas,4.754386,200,success,
1789928501.009855,GET,GET /api/v1/reservas,4.335131,200,success,
1789928501.108691,GET,GET /api/v1/reservas,6.457408,200,success,
1789928501.121537,GET,GET /api/v1/reservas,4.548023,200,success,
1789928501.122714,GET,GET /api/v1/reservas,4.177922,200,success,
1789928501.219512,GET,GET /api/v1/reservas,6.462454,200,success,
1789928501.243692,GET,GET /api/v1/reservas,4.894179,200,success,
1789928501.290419,GET,GET /api/v1/reservas/{id},4.533460,200,success,
1789928501.339140,GET,GET /api/v1/reservas,5.392433,200,success,
1789928501.376704,GET,GET /api/v1/reservas,5.305752,200,success,
1789928501.408847,GET,GET /api/v1/reservas,5.833201,200,success,
1789928501.426817,GET,GET /api/v1/reservas,6.649528,200,success,
1789928501.434529,GET,GET /api/v1/reservas/{id},4.154346,200,success,
1789928501.436053,GET,GET /api/v1/reservas,5.958690,200,success,
1789928501.532604,GET,GET /api/v1/reservas/{id},5.281856,200,success,
1789928501.605622,GET,GET /api/v1/reservas,8.252358,200,success,
1789928501.606116,GET,GET /api/v1/reservas,8.148711,200,success,
1789928501.643786,GET,GET /api/v1/reservas,8.251546,200,success,
1789928501.644457,GET,GET /api/v1/reservas,8.568526,200,success,
1789928501.679273,GET,GET /api/v1/reservas/{id},5.608020,200,success,
1789928501.724316,GET,GET /api/v1/reservas,8.183783,200,success,
1789928501.724723,GET,GET /api/v1/reservas,9.119692,200,success,
1789928501.744284,GET,GET /api/v1/reservas/{id},8.355254,200,success,
1789928501.816858,GET,GET /api/v1/reservas,9.304191,200,success,
1789928501.834058,GET,GET /api/v1/reservas,6.806586,200,success,
1789928501.851315,GET,GET /api/v1/reservas,5.941255,200,success,
1789928501.906698,GET,GET /api/v1/reservas,6.043489,200,success,
1789928501.934381,GET,GET /api/v1/reservas,5.386524,200,success,
1789928501.959799,GET,GET /api/v1/reservas,6.101037,200,success,
1789928501.962542,GET,GET /api/v1/reservas,7.206782,200,success,
1789928502.084068,GET,GET /api/v1/reservas,6.151233,200,success,
1789928502.124035,GET,GET /api/v1/reservas,11.391145,200,success,
1789928502.133912,GET,GET /api/v1/reservas,5.555550,200,success,
1789928502.147178,GET,GET /api/v1/reservas,4.969782,200,success,
1789928502.158383,GET,GET /api/v1/reservas,4.925115,200,success,
1789928502.186429,GET,GET /api/v1/reservas/{id},3.857896,200,success,
1789928502.264564,GET,GET /api/v1/reservas,5.788984,200,success,
1789928502.353242,GET,GET /api/v1/reservas,6.305346,200,success,
1789928502.371062,GET,GET /api/v1/reservas,4.555123,200,success,
1789928502.399111,GET,GET /api/v1/reservas,5.738488,200,success,
1789928502.406795,GET,GET /api/v1/reservas,4.440079,200,success,
1789928502.452475,GET,GET /api/v1/reservas,5.379153,200,success,
1789928502.485965,GET,GET /api/v1/reservas/{id},4.295049,200,success,
1789928502.510226,GET,GET /api/v1/reservas,5.943939,200,success,
1789928502.646612,GET,GET /api/v1/reservas/{id},5.043093,200,success,
1789928502.752386,GET,GET /api/v1/reservas,6.330895,200,success,
1789928502.753049,GET,GET /api/v1/reservas,11.029947,200,success,
1789928502.777447,GET,GET /api/v1/reservas,5.146931,200,success,
1789928502.837541,GET,GET /api/v1/reservas,5.355326,200,success,
1789928502.837928,GET,GET /api/v1/reservas,6.520212,200,success,
1789928502.855110,GET,GET /api/v1/reservas,4.946437,200,success,
1789928502.928285,GET,GET /api/v1/reservas/{id},4.977925,200,success,
1789928502.928601,GET,GET /api/v1/reservas/{id},3.548429,200,success,
1789928503.034884,GET,GET /api/v1/reservas,6.887919,200,success,
1789928503.035881,GET,GET /api/v1/reservas/{id},4.102868,200,success,
1789928503.078083,GET,GET /api/v1/reservas,5.865521,200,success,
1789928503.088468,GET,GET /api/v1/reservas/{id},4.189891,200,success,
1789928503.096010,GET,GET /api/v1/reservas,5.255054,200,success,
1789928503.107975,GET,GET /api/v1/reservas,5.678487,200,success,
1789928503.109900,GET,GET /api/v1/reservas/{id},4.081576,200,success,
1789928503.112640,GET,GET /api/v1/reservas,4.459089,200,success,
1789928503.180790,GET,GET /api/v1/reservas,6.796651,200,success,
1789928503.182687,GET,GET /api/v1/reservas,4.929471,200,success,
1789928503.223297,GET,GET /api/v1/reservas/{id},6.874189,200,success,
1789928503.224472,GET,GET /api/v1/reservas,8.467884,200,success,
1789928503.235554,GET,GET /api/v1/reservas/{id},4.887758,200,success,
1789928503.265644,GET,GET /api/v1/reservas,10.685316,200,success,
1789928503.322012,GET,GET /api/v1/reservas/{id},5.109464,200,success,
1789928503.387376,GET,GET /api/v1/reservas,6.060987,200,success,
1789928503.393144,GET,GET /api/v1/reservas,4.492609,200,success,
1789928503.458450,GET,GET /api/v1/reservas,5.982577,200,success,
1789928503.487437,GET,GET /api/v1/reservas,4.721746,200,success,
1789928503.560822,GET,GET /api/v1/reservas,6.905457,200,success,
1789928503.599194,GET,GET /api/v1/reservas/{id},8.036761,200,success,
1789928503.618232,GET,GET /api/v1/reservas/{id},3.485763,200,success,
1789928503.630645,GET,GET /api/v1/reservas,5.174442,200,success,
1789928503.769064,GET,GET /api/v1/reservas,6.009078,200,success,
1789928503.807946,GET,GET /api/v1/reservas,4.976393,200,success,
1789928503.823765,GET,GET /api/v1/reservas,4.537898,200,success,
1789928503.856838,GET,GET /api/v1/reservas/{id},3.887933,200,success,
1789928503.862626,GET,GET /api/v1/reservas,4.497196,200,success,
1789928503.864978,GET,GET /api/v1/reservas/{id},3.384510,200,success,
1789928503.916266,GET,GET /api/v1/reservas,23.006500,200,success,
1789928503.921471,GET,GET /api/v1/reservas,6.218254,200,success,
1789928503.928866,GET,GET /api/v1/reservas,4.132724,200,success,
1789928503.955566,GET,GET /api/v1/reservas,4.446008,200,success,
1789928503.975640,GET,GET /api/v1/reservas,4.796941,200,success,
1789928504.025833,GET,GET /api/v1/reservas,5.904429,200,success,
1789928504.042168,GET,GET /api/v1/reservas,6.025842,200,success,
1789928504.073941,GET,GET /api/v1/reservas,5.485675,200,success,
1789928504.082673,GET,GET /api/v1/reservas,4.465548,200,success,
1789928504.121932,GET,GET /api/v1/reservas,5.969328,200,success,
1789928504.152544,GET,GET /api/v1/reservas,5.267384,200,success,
1789928504.181334,GET,GET /api/v1/reservas,5.466556,200,success,
1789928504.211127,GET,GET /api/v1/reservas,6.431337,200,success,
1789928504.343696,GET,GET /api/v1/reservas/{id},5.296968,200,success,
1789928504.442431,GET,GET /api/v1/reservas,6.318136,200,success,
1789928504.493725,GET,GET /api/v1/reservas,5.957600,200,success,
1789928504.521274,GET,GET /api/v1/reservas,7.200213,200,success,
1789928504.524184,GET,GET /api/v1/reservas/{id},4.327289,200,success,
1789928504.563366,GET,GET /api/v1/reservas,6.829592,200,success,
1789928504.621488,GET,GET /api/v1/reservas/{id},4.832165,200,success,
1789928504.640314,GET,GET /api/v1/reservas,5.548219,200,success,
1789928504.712186,GET,GET /api/v1/reservas,5.575561,200,success,
1789928504.850025,GET,GET /api/v1/reservas,5.815534,200,success,
1789928504.891774,GET,GET /api/v1/reservas,5.446384,200,success,
1789928504.910182,GET,GET /api/v1/reservas,5.980063,200,success,
1789928505.080597,GET,GET /api/v1/reservas,5.953363,200,success,
1789928505.106008,GET,GET /api/v1/reservas,5.106961,200,success,
1789928505.111164,GET,GET /api/v1/reservas,3.912690,200,success,
1789928505.171610,GET,GET /api/v1/reservas/{id},4.252306,200,success,
1789928505.192576,GET,GET /api/v1/reservas,4.708628,200,success,
1789928505.264668,GET,GET /api/v1/reservas,6.740446,200,success,
1789928505.269474,GET,GET /api/v1/reservas,4.604178,200,success,
1789928505.276219,GET,GET /api/v1/reservas,4.509906,200,success,
1789928505.296257,GET,GET /api/v1/reservas/{id},3.866851,200,success,
1789928505.320174,GET,GET /api/v1/reservas,5.598245,200,success,
1789928505.323551,GET,GET /api/v1/reservas,4.336703,200,success,
1789928505.353346,GET,GET /api/v1/reservas,7.464263,200,success,
1789928505.358015,GET,GET /api/v1/reservas,10.330718,200,success,
1789928505.419904,GET,GET /api/v1/reservas,5.573538,200,success,
1789928505.448518,GET,GET /api/v1/reservas,5.316979,200,success,
1789928505.461224,GET,GET /api/v1/reservas,4.472389,200,success,
1789928505.468971,GET,GET /api/v1/reservas,4.477196,200,success,
1789928505.472419,GET,GET /api/v1/reservas,4.346337,200,success,
1789928505.490300,GET,GET /api/v1/reservas,4.611338,200,success,
1789928505.526692,GET,GET /api/v1/reservas,6.078072,200,success,
1789928505.527502,GET,GET /api/v1/reservas,5.211499,200,success,
1789928505.586049,GET,GET /api/v1/reservas/{id},4.339046,200,success,
1789928505.623314,GET,GET /api/v1/reservas/{id},4.579060,200,success,
1789928505.702789,GET,GET /api/v1/reservas,7.072699,200,success,
1789928505.714066,GET,GET /api/v1/reservas,4.964714,200,success,
1789928505.759295,GET,GET /api/v1/reservas,9.893815,200,success,
1789928505.768705,GET,GET /api/v1/reservas,7.077106,200,success,
1789928505.805000,GET,GET /api/v1/reservas/{id},6.882962,200,success,
1789928505.869262,GET,GET /api/v1/reservas,6.268722,200,success,
1789928505.869473,GET,GET /api/v1/reservas,12.093939,200,success,
1789928505.876690,GET,GET /api/v1/reservas,5.952172,200,success,
1789928505.934746,GET,GET /api/v1/reservas,7.672578,200,success,
1789928505.941895,GET,GET /api/v1/reservas,4.860336,200,success,
1789928505.980284,GET,GET /api/v1/reservas,5.121953,200,success,
1789928506.066602,GET,GET /api/v1/reservas,5.975217,200,success,
1789928506.090400,GET,GET /api/v1/reservas/{id},3.600877,200,success,
1789928506.109329,GET,GET /api/v1/reservas/{id},3.744285,200,success,
1789928506.110210,GET,GET /api/v1/reservas/{id},2.957634,200,success,
1789928506.126748,GET,GET /api/v1/reservas,4.310804,200,success,
1789928506.146232,GET,GET /api/v1/reservas,5.202015,200,success,
1789928506.240095,GET,GET /api/v1/reservas,9.438405,200,success,
1789928506.294389,GET,GET /api/v1/reservas,6.972889,200,success,
1789928506.309570,GET,GET /api/v1/reservas/{id},4.990334,200,success,
1789928506.554273,GET,GET /api/v1/reservas/{id},4.904053,200,success,
1789928506.625635,GET,GET /api/v1/reservas,5.996198,200,success,
1789928506.640625,GET,GET /api/v1/reservas,4.756949,200,success,
1789928506.727471,GET,GET /api/v1/reservas/{id},4.595065,200,success,
1789928506.769167,GET,GET /api/v1/reservas,6.306548,200,success,
1789928506.792904,GET,GET /api/v1/reservas,7.668171,200,success,
1789928506.799163,GET,GET /api/v1/reservas,5.002602,200,success,
1789928506.894194,GET,GET /api/v1/reservas/{id},4.759444,200,success,
1789928506.907693,GET,GET /api/v1/reservas/{id},3.326092,200,success,
1789928506.947939,GET,GET /api/v1/reservas,4.932226,200,success,
1789928506.956925,GET,GET /api/v1/reservas,4.702708,200,success,
1789928506.975793,GET,GET /api/v1/reservas,7.585227,200,success,
1789928507.014542,GET,GET /api/v1/reservas/{id},4.521353,200,success,
1789928507.037196,GET,GET /api/v1/reservas,5.337399,200,success,
1789928507.052239,GET,GET /api/v1/reservas,4.770010,200,success,
1789928507.109964,GET,GET /api/v1/reservas,5.428868,200,success,
1789928507.269444,GET,GET /api/v1/reservas,6.133867,200,success,
1789928507.326131,GET,GET /api/v1/reservas/{id},5.047861,200,success,
1789928507.326785,GET,GET /api/v1/reservas,6.051162,200,success,
1789928507.365885,GET,GET /api/v1/reservas/{id},5.882957,200,success,
1789928507.370735,GET,GET /api/v1/reservas,5.488929,200,success,
1789928507.436505,GET,GET /api/v1/reservas,6.403505,200,success,
1789928507.467167,GET,GET /api/v1/reservas/{id},5.407327,200,success,
1789928507.492684,GET,GET /api/v1/reservas/{id},5.285621,200,success,
1789928507.501207,GET,GET /api/v1/reservas,5.222245,200,success,
1789928507.620678,GET,GET /api/v1/reservas,6.631482,200,success,
1789928507.628266,GET,GET /api/v1/reservas,5.310089,200,success,
1789928507.676009,GET,GET /api/v1/reservas,6.387150,200,success,
1789928507.763078,GET,GET /api/v1/reservas,6.683851,200,success,
1789928507.804935,GET,GET /api/v1/reservas/{id},4.840746,200,success,
1789928507.819390,GET,GET /api/v1/reservas,6.127027,200,success,
1789928507.831011,GET,GET /api/v1/reservas,5.274674,200,success,
1789928507.874504,GET,GET /api/v1/reservas,6.150663,200,success,
1789928507.899903,GET,GET /api/v1/reservas,6.105535,200,success,
1789928507.940432,GET,GET /api/v1/reservas,6.190222,200,success,
1789928507.986786,GET,GET /api/v1/reservas/{id},5.114011,200,success,
1789928507.989600,GET,GET /api/v1/reservas/{id},4.123090,200,success,
1789928508.063449,GET,GET /api/v1/reservas,6.494423,200,success,
1789928508.073580,GET,GET /api/v1/reservas,5.789575,200,success,
1789928508.152656,GET,GET /api/v1/reservas,5.595981,200,success,
1789928508.153187,GET,GET /api/v1/reservas,8.234751,200,success,
1789928508.254975,GET,GET /api/v1/reservas,7.440077,200,success,
1789928508.316600,GET,GET /api/v1/reservas/{id},5.360985,200,success,
1789928508.336005,GET,GET /api/v1/reservas,6.095429,200,success,
1789928508.362028,GET,GET /api/v1/reservas,5.728682,200,success,
1789928508.380449,GET,GET /api/v1/reservas/{id},5.202064,200,success,
1789928508.381778,GET,GET /api/v1/reservas,6.076440,200,success,
1789928508.390868,GET,GET /api/v1/reservas,4.843292,200,success,
1789928508.413106,GET,GET /api/v1/reservas,6.909982,200,success,
1789928508.443102,GET,GET /api/v1/reservas,6.664581,200,success,
1789928508.510856,GET,GET /api/v1/reservas/{id},7.456341,200,success,
1789928508.546453,GET,GET /api/v1/reservas,7.209296,200,success,
1789928508.619075,GET,GET /api/v1/reservas/{id},6.054687,200,success,
1789928508.713137,GET,GET /api/v1/reservas/{id},6.795549,200,success,
1789928508.769191,GET,GET /api/v1/reservas,9.525968,200,success,
1789928508.775944,GET,GET /api/v1/reservas/{id},4.556066,200,success,
1789928508.788899,GET,GET /api/v1/reservas/{id},4.741787,200,success,
1789928508.827623,GET,GET /api/v1/reservas,7.306493,200,success,
1789928508.918662,GET,GET /api/v1/reservas,12.627188,200,success,
1789928508.980921,GET,GET /api/v1/reservas,14.860833,200,success,
1789928509.026886,GET,GET /api/v1/reservas,5.624234,200,success,
1789928509.027526,GET,GET /api/v1/reservas,8.252958,200,success,
1789928509.088579,GET,GET /api/v1/reservas,6.733005,200,success,
1789928509.097068,GET,GET /api/v1/reservas,5.153952,200,success,
1789928509.104532,GET,GET /api/v1/reservas/{id},4.265875,200,success,
1789928509.105564,GET,GET /api/v1/reservas,4.821348,200,success,
1789928509.134104,GET,GET /api/v1/reservas,5.234393,200,success,
1789928509.142560,GET,GET /api/v1/reservas,5.196736,200,success,
1789928509.147396,GET,GET /api/v1/reservas/{id},3.628430,200,success,
1789928509.150003,GET,GET /api/v1/reservas,4.551499,200,success,
1789928509.279172,GET,GET /api/v1/reservas,6.737512,200,success,
1789928509.487201,GET,GET /api/v1/reservas/{id},5.594650,200,success,
1789928509.507932,GET,GET /api/v1/reservas/{id},4.486880,200,success,
1789928509.575500,GET,GET /api/v1/reservas,7.164057,200,success,
1789928509.576666,GET,GET /api/v1/reservas/{id},4.556917,200,success,
1789928509.601004,GET,GET /api/v1/reservas/{id},4.121536,200,success,
1789928509.615050,GET,GET /api/v1/reservas,5.375989,200,success,
1789928509.746700,GET,GET /api/v1/reservas,12.207232,200,success,
1789928509.819771,GET,GET /api/v1/reservas,6.956484,200,success,
1789928509.842803,GET,GET /api/v1/reservas,5.717316,200,success,
1789928509.855230,GET,GET /api/v1/reservas,5.123505,200,success,
1789928510.001758,GET,GET /api/v1/reservas,7.195676,200,success,
1789928510.010998,GET,GET /api/v1/reservas,5.916337,200,success,
1789928510.072961,GET,GET /api/v1/reservas,6.665543,200,success,
1789928510.098096,GET,GET /api/v1/reservas,5.770296,200,success,
1789928510.118690,GET,GET /api/v1/reservas,5.276077,200,success,
1789928510.175272,GET,GET /api/v1/reservas/{id},5.331149,200,success,
1789928510.259297,GET,GET /api/v1/reservas,6.682769,200,success,
1789928510.284446,GET,GET /api/v1/reservas,5.842806,200,success,
1789928510.301169,GET,GET /api/v1/reservas,5.416670,200,success,
1789928510.393141,GET,GET /api/v1/reservas,7.097046,200,success,
1789928510.439565,GET,GET /api/v1/reservas/{id},7.149706,200,success,
1789928510.593736,GET,GET /api/v1/reservas,8.652314,200,success,
1789928510.595073,GET,GET /api/v1/reservas,6.803371,200,success,
1789928510.612236,GET,GET /api/v1/reservas,5.716543,200,success,
1789928510.679396,GET,GET /api/v1/reservas,6.825084,200,success,
1789928510.764723,GET,GET /api/v1/reservas,7.925252,200,success,
1789928510.768736,GET,GET /api/v1/reservas,8.100557,200,success,
1789928510.817593,GET,GET /api/v1/reservas,6.813397,200,success,
1789928510.903410,GET,GET /api/v1/reservas,6.434422,200,success,
1789928510.987134,GET,GET /api/v1/reservas,7.318152,200,success,
1789928511.036590,GET,GET /api/v1/reservas,7.071718,200,success,
1789928511.046569,GET,GET /api/v1/reservas,5.646567,200,success,
1789928511.062112,GET,GET /api/v1/reservas/{id},4.344024,200,success,
1789928511.115440,GET,GET /api/v1/reservas,5.988577,200,success,
1789928511.127296,GET,GET /api/v1/reservas,5.575551,200,success,
1789928511.145759,GET,GET /api/v1/reservas,5.172209,200,success,
1789928511.156902,GET,GET /api/v1/reservas,4.896902,200,success,
1789928511.187876,GET,GET /api/v1/reservas,6.682569,200,success,
1789928511.207924,GET,GET /api/v1/reservas,6.698873,200,success,
1789928511.226094,GET,GET /api/v1/reservas,5.803146,200,success,
1789928511.254297,GET,GET /api/v1/reservas,5.880983,200,success,
1789928511.273805,GET,GET /api/v1/reservas,5.230007,200,success,
1789928511.289651,GET,GET /api/v1/reservas,5.541870,200,success,
1789928511.290655,GET,GET /api/v1/reservas/{id},3.943766,200,success,
1789928511.312686,GET,GET /api/v1/reservas,5.746299,200,success,
1789928511.340579,GET,GET /api/v1/reservas,5.580829,200,success,
1789928511.359646,GET,GET /api/v1/reservas/{id},4.863551,200,success,
1789928511.406961,GET,GET /api/v1/reservas,5.988526,200,success,
1789928511.419162,GET,GET /api/v1/reservas,5.881073,200,success,
1789928511.519279,GET,GET /api/v1/reservas,6.109188,200,success,
1789928511.519690,GET,GET /api/v1/reservas,7.115294,200,success,
1789928511.526461,GET,GET /api/v1/reservas/{id},3.601929,200,success,
1789928511.561127,GET,GET /api/v1/reservas,6.025492,200,success,
1789928511.605198,GET,GET /api/v1/reservas,5.743405,200,success,
1789928511.674177,GET,GET /api/v1/reservas,6.255531,200,success,
1789928511.719334,GET,GET /api/v1/reservas,5.828784,200,success,
1789928511.744061,GET,GET /api/v1/reservas,5.405582,200,success,
1789928511.922221,GET,GET /api/v1/reservas,7.961737,200,success,
1789928512.032545,GET,GET /api/v1/reservas,7.862116,200,success,
1789928512.083976,GET,GET /api/v1/reservas,6.996836,200,success,
1789928512.135908,GET,GET /api/v1/reservas/{id},5.628541,200,success,
1789928512.153958,GET,GET /api/v1/reservas,6.724461,200,success,
1789928512.165007,GET,GET /api/v1/reservas/{id},4.822659,200,success,
1789928512.192232,GET,GET /api/v1/reservas,5.903928,200,success,
1789928512.264708,GET,GET /api/v1/reservas/{id},5.217859,200,success,
1789928512.271179,GET,GET /api/v1/reservas,5.166992,200,success,
1789928512.278214,GET,GET /api/v1/reservas,4.738793,200,success,
1789928512.305471,GET,GET /api/v1/reservas,5.926823,200,success,
1789928512.332869,GET,GET /api/v1/reservas,6.073034,200,success,
1789928512.351485,GET,GET /api/v1/reservas,5.295787,200,success,
1789928512.374374,GET,GET /api/v1/reservas,5.577184,200,success,
1789928512.453128,GET,GET /api/v1/reservas,6.417866,200,success,
1789928512.470446,GET,GET /api/v1/reservas/{id},4.114507,200,success,
1789928512.562028,GET,GET /api/v1/reservas/{id},5.287003,200,success,
1789928512.696293,GET,GET /api/v1/reservas,6.820799,200,success,
1789928512.730154,GET,GET /api/v1/reservas,5.543231,200,success,
1789928512.742443,GET,GET /api/v1/reservas,4.962171,200,success,
1789928512.855310,GET,GET /api/v1/reservas,6.547414,200,success,
1789928512.859265,GET,GET /api/v1/reservas,5.695913,200,success,
1789928512.918839,GET,GET /api/v1/reservas,6.238676,200,success,
1789928512.923850,GET,GET /api/v1/reservas,4.807556,200,success,
1789928512.929660,GET,GET /api/v1/reservas/{id},3.613476,200,success,
1789928512.941565,GET,GET /api/v1/reservas/{id},3.728892,200,success,
1789928513.044423,GET,GET /api/v1/reservas,6.490226,200,success,
1789928513.085457,GET,GET /api/v1/reservas/{id},4.780255,200,success,
1789928513.110367,GET,GET /api/v1/reservas,5.597614,200,success,
1789928513.154884,GET,GET /api/v1/reservas,6.190262,200,success,
1789928513.224490,GET,GET /api/v1/reservas,6.277695,200,success,
1789928513.256437,GET,GET /api/v1/reservas,5.639829,200,success,
1789928513.297980,GET,GET /api/v1/reservas,6.237914,200,success,
1789928513.318920,GET,GET /api/v1/reservas/{id},4.045081,200,success,
1789928513.319873,GET,GET /api/v1/reservas,5.598055,200,success,
1789928513.386515,GET,GET /api/v1/reservas,6.305917,200,success,
1789928513.435313,GET,GET /api/v1/reservas,6.483406,200,success,
1789928513.464171,GET,GET /api/v1/reservas,6.541604,200,success,
1789928513.464628,GET,GET /api/v1/reservas,6.598551,200,success,
1789928513.469811,GET,GET /api/v1/reservas,6.414853,200,success,
1789928513.501845,GET,GET /api/v1/reservas,5.696033,200,success,
1789928513.530425,GET,GET /api/v1/reservas,5.229236,200,success,
1789928513.541044,GET,GET /api/v1/reservas/{id},5.321696,200,success,
1789928513.547136,GET,GET /api/v1/reservas,13.350154,200,success,
1789928513.564835,GET,GET /api/v1/reservas,12.646287,200,success,
1789928513.665688,GET,GET /api/v1/reservas,6.889352,200,success,
1789928513.666059,GET,GET /api/v1/reservas,5.432164,200,success,
1789928513.726180,GET,GET /api/v1/reservas,5.841293,200,success,
1789928513.765258,GET,GET /api/v1/reservas,5.740892,200,success,
1789928513.775732,GET,GET /api/v1/reservas,5.173531,200,success,
1789928513.804814,GET,GET /api/v1/reservas/{id},4.202289,200,success,
1789928513.829367,GET,GET /api/v1/reservas/{id},4.349913,200,success,
1789928513.843914,GET,GET /api/v1/reservas,5.226081,200,success,
1789928513.849878,GET,GET /api/v1/reservas,4.708016,200,success,
1789928513.922463,GET,GET /api/v1/reservas,7.203299,200,success,
1789928513.943443,GET,GET /api/v1/reservas,7.505337,200,success,
1789928513.943869,GET,GET /api/v1/reservas,9.139782,200,success,
1789928513.947331,GET,GET /api/v1/reservas,6.439650,200,success,
1789928514.040159,GET,GET /api/v1/reservas/{id},5.636653,200,success,
1789928514.118949,GET,GET /api/v1/reservas,6.412420,200,success,
1789928514.162621,GET,GET /api/v1/reservas,6.329422,200,success,
1789928514.163187,GET,GET /api/v1/reservas,6.160828,200,success,
1789928514.345943,GET,GET /api/v1/reservas/{id},5.379714,200,success,
1789928514.376918,GET,GET /api/v1/reservas/{id},4.740444,200,success,
1789928514.380202,GET,GET /api/v1/reservas,5.174432,200,success,
1789928514.414623,GET,GET /api/v1/reservas,6.131613,200,success,
1789928514.432193,GET,GET /api/v1/reservas,5.287743,200,success,
1789928514.445558,GET,GET /api/v1/reservas,5.107711,200,success,
1789928514.462749,GET,GET /api/v1/reservas/{id},4.003057,200,success,
1789928514.526440,GET,GET /api/v1/reservas,6.340400,200,success,
1789928514.548887,GET,GET /api/v1/reservas,6.124673,200,success,
1789928514.628997,GET,GET /api/v1/reservas,8.685805,200,success,
1789928514.673098,GET,GET /api/v1/reservas,6.723770,200,success,
1789928514.774968,GET,GET /api/v1/reservas,6.481273,200,success,
1789928514.800374,GET,GET /api/v1/reservas,5.490121,200,success,
1789928514.837354,GET,GET /api/v1/reservas,6.652493,200,success,
1789928514.837787,GET,GET /api/v1/reservas,6.711722,200,success,
1789928514.873519,GET,GET /api/v1/reservas/{id},4.552320,200,success,
1789928514.923811,GET,GET /api/v1/reservas,5.954234,200,success,
1789928514.973468,GET,GET /api/v1/reservas,6.306559,200,success,
1789928514.982635,GET,GET /api/v1/reservas/{id},3.972431,200,success,
1789928515.059707,GET,GET /api/v1/reservas,6.728468,200,success,
1789928515.079204,GET,GET /api/v1/reservas/{id},4.263502,200,success,
1789928515.092761,GET,GET /api/v1/reservas,5.256877,200,success,
1789928515.128007,GET,GET /api/v1/reservas,5.925931,200,success,
1789928515.272162,GET,GET /api/v1/reservas,6.723310,200,success,
1789928515.351292,GET,GET /api/v1/reservas,6.752945,200,success,
1789928515.361918,GET,GET /api/v1/reservas/{id},4.415312,200,success,
1789928515.365017,GET,GET /api/v1/reservas,5.669563,200,success,
1789928515.397491,GET,GET /api/v1/reservas/{id},4.274759,200,success,
1789928515.474527,GET,GET /api/v1/reservas,6.712414,200,success,
1789928515.483313,GET,GET /api/v1/reservas,5.500988,200,success,
1789928515.488016,GET,GET /api/v1/reservas,5.431181,200,success,
1789928515.562158,GET,GET /api/v1/reservas,6.759005,200,success,
1789928515.590342,GET,GET /api/v1/reservas,5.870687,200,success,
1789928515.656045,GET,GET /api/v1/reservas,6.887579,200,success,
1789928515.656530,GET,GET /api/v1/reservas,5.604895,200,success,
1789928515.689199,GET,GET /api/v1/reservas,5.364280,200,success,
1789928515.695828,GET,GET /api/v1/reservas,5.375428,200,success,
1789928515.710802,GET,GET /api/v1/reservas,7.679480,200,success,
1789928515.729062,GET,GET /api/v1/reservas/{id},4.055627,200,success,
1789928515.741613,GET,GET /api/v1/reservas,5.254524,200,success,
1789928515.808824,GET,GET /api/v1/reservas,6.178445,200,success,
1789928515.845374,GET,GET /api/v1/reservas,6.223583,200,success,
1789928515.915717,GET,GET /api/v1/reservas,7.007911,200,success,
1789928515.952752,GET,GET /api/v1/reservas,6.725213,200,success,
1789928516.011173,GET,GET /api/v1/reservas/{id},6.153878,200,success,
1789928516.066233,GET,GET /api/v1/reservas,7.676355,200,success,
1789928516.082279,GET,GET /api/v1/reservas,8.400652,200,success,
1789928516.127799,GET,GET /api/v1/reservas/{id},7.235667,200,success,
1789928516.140002,GET,GET /api/v1/reservas,6.853328,200,success,
1789928516.145250,GET,GET /api/v1/reservas/{id},4.047275,200,success,
1789928516.234071,GET,GET /api/v1/reservas,6.507293,200,success,
1789928516.262420,GET,GET /api/v1/reservas,6.006785,200,success,
1789928516.266334,GET,GET /api/v1/reservas,5.159450,200,success,
1789928516.276353,GET,GET /api/v1/reservas,4.747645,200,success,
1789928516.293160,GET,GET /api/v1/reservas,4.517508,200,success,
1789928516.342131,GET,GET /api/v1/reservas,5.637195,200,success,
1789928516.381711,GET,GET /api/v1/reservas,5.256487,200,success,
1789928516.411867,GET,GET /api/v1/reservas/{id},3.967984,200,success,
1789928516.595043,GET,GET /api/v1/reservas,8.269604,200,success,
1789928516.596049,GET,GET /api/v1/reservas/{id},5.090025,200,success,
1789928516.663004,GET,GET /api/v1/reservas/{id},6.491289,200,success,
1789928516.763049,GET,GET /api/v1/reservas,12.599367,200,success,
1789928516.817218,GET,GET /api/v1/reservas,6.801909,200,success,
1789928516.889408,GET,GET /api/v1/reservas,5.813631,200,success,
1789928516.891749,GET,GET /api/v1/reservas/{id},3.449258,200,success,
1789928516.915625,GET,GET /api/v1/reservas,4.625830,200,success,
1789928516.945432,GET,GET /api/v1/reservas/{id},3.608318,200,success,
1789928516.988593,GET,GET /api/v1/reservas/{id},3.960924,200,success,
1789928517.136182,GET,GET /api/v1/reservas,6.175100,200,success,
1789928517.156224,GET,GET /api/v1/reservas,5.730054,200,success,
1789928517.157868,GET,GET /api/v1/reservas,4.739643,200,success,
1789928517.176482,GET,GET /api/v1/reservas,5.311521,200,success,
1789928517.316202,GET,GET /api/v1/reservas,6.298927,200,success,
1789928517.358840,GET,GET /api/v1/reservas/{id},3.741140,200,success,
1789928517.359277,GET,GET /api/v1/reservas,5.809765,200,success,
1789928517.424587,GET,GET /api/v1/reservas,6.022258,200,success,
1789928517.519547,GET,GET /api/v1/reservas,6.603659,200,success,
1789928517.523818,GET,GET /api/v1/reservas,5.030514,200,success,
1789928517.534487,GET,GET /api/v1/reservas,4.401992,200,success,
1789928517.591939,GET,GET /api/v1/reservas/{id},4.254358,200,success,
1789928517.643161,GET,GET /api/v1/reservas,5.477582,200,success,
1789928517.647822,GET,GET /api/v1/reservas,5.427937,200,success,
1789928517.648188,GET,GET /api/v1/reservas,4.723880,200,success,
1789928517.711786,GET,GET /api/v1/reservas,5.312372,200,success,
1789928517.722298,GET,GET /api/v1/reservas,4.288469,200,success,
1789928517.771718,GET,GET /api/v1/reservas,5.132790,200,success,
1789928517.809049,GET,GET /api/v1/reservas,5.308696,200,success,
1789928517.943109,GET,GET /api/v1/reservas,5.648220,200,success,
1789928517.967644,GET,GET /api/v1/reservas,5.279553,200,success,
1789928517.970724,GET,GET /api/v1/reservas/{id},3.768573,200,success,
1789928517.972963,GET,GET /api/v1/reservas,3.913813,200,success,
1789928518.023281,GET,GET /api/v1/reservas,5.047209,200,success,
1789928518.132171,GET,GET /api/v1/reservas,6.470527,200,success,
1789928518.166595,GET,GET /api/v1/reservas,6.108548,200,success,
1789928518.274096,GET,GET /api/v1/reservas,6.105012,200,success,
1789928518.285465,GET,GET /api/v1/reservas,5.064786,200,success,
1789928518.288233,GET,GET /api/v1/reservas,5.223667,200,success,
1789928518.343352,GET,GET /api/v1/reservas,5.843497,200,success,
1789928518.346694,GET,GET /api/v1/reservas/{id},3.994925,200,success,
1789928518.347754,GET,GET /api/v1/reservas,5.335396,200,success,
1789928518.368649,GET,GET /api/v1/reservas,4.622827,200,success,
1789928518.407906,GET,GET /api/v1/reservas,4.944264,200,success,
1789928518.446410,GET,GET /api/v1/reservas,5.202205,200,success,
1789928518.489734,GET,GET /api/v1/reservas/{id},4.110030,200,success,
1789928518.520641,GET,GET /api/v1/reservas/{id},3.715982,200,success,
1789928518.547419,GET,GET /api/v1/reservas/{id},3.591854,200,success,
1789928518.579169,GET,GET /api/v1/reservas/{id},3.544732,200,success,
1789928518.666086,GET,GET /api/v1/reservas/{id},4.654835,200,success,
1789928518.681494,GET,GET /api/v1/reservas,5.144887,200,success,
1789928518.690879,GET,GET /api/v1/reservas,4.173425,200,success,
1789928518.711565,GET,GET /api/v1/reservas/{id},3.505542,200,success,
1789928518.771857,GET,GET /api/v1/reservas,6.885776,200,success,
1789928518.779544,GET,GET /api/v1/reservas,8.661908,200,success,
1789928518.787112,GET,GET /api/v1/reservas,5.265981,200,success,
1789928518.877106,GET,GET /api/v1/reservas/{id},17.946241,200,success,
1789928518.878033,GET,GET /api/v1/reservas,15.822611,200,success,
1789928518.898106,GET,GET /api/v1/reservas,9.584236,200,success,
1789928518.940851,GET,GET /api/v1/reservas,11.379658,200,success,
1789928519.018448,GET,GET /api/v1/reservas,7.241206,200,success,
1789928519.031480,GET,GET /api/v1/reservas,5.677926,200,success,
1789928519.063995,GET,GET /api/v1/reservas,7.162586,200,success,
1789928519.084460,GET,GET /api/v1/reservas,7.123036,200,success,
1789928519.123209,GET,GET /api/v1/reservas/{id},5.492394,200,success,
1789928519.324863,GET,GET /api/v1/reservas/{id},6.218445,200,success,
1789928519.349425,GET,GET /api/v1/reservas/{id},4.335512,200,success,
1789928519.384932,GET,GET /api/v1/reservas,5.220062,200,success,
1789928519.393752,GET,GET /api/v1/reservas/{id},3.639837,200,success,
1789928519.441241,GET,GET /api/v1/reservas,5.192139,200,success,
1789928519.491796,GET,GET /api/v1/reservas,6.223724,200,success,
1789928519.512779,GET,GET /api/v1/reservas,4.730571,200,success,
1789928519.535814,GET,GET /api/v1/reservas/{id},3.825458,200,success,
1789928519.594740,GET,GET /api/v1/reservas,5.604254,200,success,
1789928519.655209,GET,GET /api/v1/reservas,6.667105,200,success,
1789928519.655849,GET,GET /api/v1/reservas,4.589376,200,success,
1789928519.706375,GET,GET /api/v1/reservas/{id},4.304866,200,success,
1789928519.753001,GET,GET /api/v1/reservas,5.287024,200,success,
1789928519.802638,GET,GET /api/v1/reservas,6.348913,200,success,
1789928519.830963,GET,GET /api/v1/reservas,5.049684,200,success,
1789928519.840647,GET,GET /api/v1/reservas,4.439229,200,success,
1789928519.897465,GET,GET /api/v1/reservas,5.474176,200,success,
1789928519.921573,GET,GET /api/v1/reservas/{id},3.914002,200,success,
1789928519.994577,GET,GET /api/v1/reservas,5.693158,200,success,
1789928520.018528,GET,GET /api/v1/reservas,7.337181,200,success,
1789928520.053394,GET,GET /api/v1/reservas,5.526947,200,success,
1789928520.106440,GET,GET /api/v1/reservas/{id},4.800947,200,success,
1789928520.151501,GET,GET /api/v1/reservas,5.714692,200,success,
1789928520.228528,GET,GET /api/v1/reservas,6.645102,200,success,
1789928520.289857,GET,GET /api/v1/reservas,5.996479,200,success,
1789928520.366643,GET,GET /api/v1/reservas,14.399685,200,success,
1789928520.399018,GET,GET /api/v1/reservas,6.972418,200,success,
1789928520.406074,GET,GET /api/v1/reservas,5.724366,200,success,
1789928520.481320,GET,GET /api/v1/reservas,5.907664,200,success,
1789928520.506794,GET,GET /api/v1/reservas,5.187623,200,success,
1789928520.563142,GET,GET /api/v1/reservas,6.050911,200,success,
1789928520.579851,GET,GET /api/v1/reservas,5.406093,200,success,
1789928520.661809,GET,GET /api/v1/reservas,6.583989,200,success,
1789928520.689319,GET,GET /api/v1/reservas,7.178330,200,success,
1789928520.695076,GET,GET /api/v1/reservas,5.515680,200,success,
1789928520.747131,GET,GET /api/v1/reservas,7.665209,200,success,
1789928520.777563,GET,GET /api/v1/reservas,7.081524,200,success,
1789928520.853344,GET,GET /api/v1/reservas,7.453157,200,success,
1789928520.855010,GET,GET /api/v1/reservas,5.156184,200,success,
1789928520.864263,GET,GET /api/v1/reservas/{id},4.089708,200,success,
1789928520.881841,GET,GET /api/v1/reservas/{id},7.618217,200,success,
1789928520.882349,GET,GET /api/v1/reservas,9.806113,200,success,
1789928520.921967,GET,GET /api/v1/reservas,7.309900,200,success,
1789928521.096224,GET,GET /api/v1/reservas,6.786837,200,success,
1789928521.100480,GET,GET /api/v1/reservas,5.187492,200,success,
1789928521.148997,GET,GET /api/v1/reservas,5.209696,200,success,
1789928521.180145,GET,GET /api/v1/reservas/{id},3.941773,200,success,
1789928521.240832,GET,GET /api/v1/reservas/{id},4.472879,200,success,
1789928521.270265,GET,GET /api/v1/reservas,5.952763,200,success,
1789928521.290466,GET,GET /api/v1/reservas,4.882399,200,success,
1789928521.327224,GET,GET /api/v1/reservas/{id},4.549376,200,success,
1789928521.369856,GET,GET /api/v1/reservas,5.299472,200,success,
1789928521.427301,GET,GET /api/v1/reservas,6.103870,200,success,
1789928521.488185,GET,GET /api/v1/reservas,8.520043,200,success,
1789928521.514599,GET,GET /api/v1/reservas/{id},5.163386,200,success,
1789928521.570014,GET,GET /api/v1/reservas,5.703184,200,success,
1789928521.607026,GET,GET /api/v1/reservas,5.725798,200,success,
1789928521.626235,GET,GET /api/v1/reservas/{id},3.651123,200,success,
1789928521.678089,GET,GET /api/v1/reservas,5.548940,200,success,
1789928521.706750,GET,GET /api/v1/reservas,5.384671,200,success,
1789928521.711409,GET,GET /api/v1/reservas,5.397000,200,success,
1789928521.750759,GET,GET /api/v1/reservas,5.054500,200,success,
1789928521.871835,GET,GET /api/v1/reservas,5.997620,200,success,
1789928521.929897,GET,GET /api/v1/reservas,5.704646,200,success,
1789928521.948822,GET,GET /api/v1/reservas,4.650408,200,success,
1789928521.962791,GET,GET /api/v1/reservas,4.678611,200,success,
1789928522.016525,GET,GET /api/v1/reservas,5.428027,200,success,
1789928522.054830,GET,GET /api/v1/reservas,4.986817,200,success,
1789928522.063162,GET,GET /api/v1/reservas,4.097019,200,success,
1789928522.150161,GET,GET /api/v1/reservas/{id},4.726764,200,success,
1789928522.227293,GET,GET /api/v1/reservas,9.691749,200,success,
1789928522.237228,GET,GET /api/v1/reservas/{id},5.722132,200,success,
1789928522.238529,GET,GET /api/v1/reservas/{id},5.317580,200,success,
1789928522.245440,GET,GET /api/v1/reservas,5.610123,200,success,
1789928522.256425,GET,GET /api/v1/reservas,6.697812,200,success,
1789928522.257859,GET,GET /api/v1/reservas/{id},5.664475,200,success,
1789928522.312716,GET,GET /api/v1/reservas,12.374116,200,success,
1789928522.319545,GET,GET /api/v1/reservas,8.923195,200,success,
1789928522.404476,GET,GET /api/v1/reservas,18.413248,200,success,
1789928522.437250,GET,GET /api/v1/reservas/{id},6.472561,200,success,
1789928522.519902,GET,GET /api/v1/reservas,7.254966,200,success,
1789928522.610067,GET,GET /api/v1/reservas/{id},4.879345,200,success,
1789928522.635131,GET,GET /api/v1/reservas/{id},3.895925,200,success,
1789928522.670376,GET,GET /api/v1/reservas/{id},4.051861,200,success,
1789928522.751507,GET,GET /api/v1/reservas,5.770917,200,success,
1789928522.759219,GET,GET /api/v1/reservas,4.416634,200,success,
1789928522.835766,GET,GET /api/v1/reservas,6.130582,200,success,
1789928522.859090,GET,GET /api/v1/reservas,5.038597,200,success,
1789928522.870139,GET,GET /api/v1/reservas,4.760215,200,success,
1789928522.885032,GET,GET /api/v1/reservas,7.645368,200,success,
1789928522.885911,GET,GET /api/v1/reservas,6.944676,200,success,
1789928522.891172,GET,GET /api/v1/reservas/{id},3.116845,200,success,
1789928522.911546,GET,GET /api/v1/reservas,8.091153,200,success,
1789928522.913092,GET,GET /api/v1/reservas/{id},4.999647,200,success,
1789928523.001814,GET,GET /api/v1/reservas,6.386339,200,success,
1789928523.050662,GET,GET /api/v1/reservas/{id},4.599502,200,success,
1789928523.165169,GET,GET /api/v1/reservas,6.080877,200,success,
1789928523.265356,GET,GET /api/v1/reservas,6.761557,200,success,
1789928523.283597,GET,GET /api/v1/reservas,5.919702,200,success,
1789928523.331456,GET,GET /api/v1/reservas,6.525742,200,success,
1789928523.331789,GET,GET /api/v1/reservas/{id},5.022763,200,success,
1789928523.394780,GET,GET /api/v1/reservas,5.671557,200,success,
1789928523.421212,GET,GET /api/v1/reservas,5.138668,200,success,
1789928523.429931,GET,GET /api/v1/reservas,4.426779,200,success,
1789928523.463156,GET,GET /api/v1/reservas,4.923342,200,success,
1789928523.479139,GET,GET /api/v1/reservas,4.691812,200,success,
1789928523.505620,GET,GET /api/v1/reservas,5.132830,200,success,
1789928523.561717,GET,GET /api/v1/reservas,11.479309,200,success,
1789928523.604844,GET,GET /api/v1/reservas/{id},4.874810,200,success,
1789928523.626337,GET,GET /api/v1/reservas,4.800516,200,success,
1789928523.738845,GET,GET /api/v1/reservas,6.096050,200,success,
1789928523.755583,GET,GET /api/v1/reservas,5.375516,200,success,
1789928523.809288,GET,GET /api/v1/reservas/{id},4.461632,200,success,
1789928523.841460,GET,GET /api/v1/reservas,5.904670,200,success,
1789928523.846308,GET,GET /api/v1/reservas,5.839801,200,success,
1789928524.009266,GET,GET /api/v1/reservas,14.503323,200,success,
1789928524.010902,GET,GET /api/v1/reservas/{id},8.588917,200,success,
1789928524.044950,GET,GET /api/v1/reservas,7.718369,200,success,
1789928524.093004,GET,GET /api/v1/reservas/{id},8.540945,200,success,
1789928524.095254,GET,GET /api/v1/reservas,6.606182,200,success,
1789928524.115635,GET,GET /api/v1/reservas,9.076196,200,success,
1789928524.155702,GET,GET /api/v1/reservas,7.682444,200,success,
1789928524.253071,GET,GET /api/v1/reservas,9.932725,200,success,
1789928524.278308,GET,GET /api/v1/reservas,9.884181,200,success,
1789928524.280433,GET,GET /api/v1/reservas/{id},4.916532,200,success,
1789928524.303025,GET,GET /api/v1/reservas,8.254390,200,success,
1789928524.321334,GET,GET /api/v1/reservas,11.989521,200,success,
1789928524.327868,GET,GET /api/v1/reservas,13.369383,200,success,
1789928524.332718,GET,GET /api/v1/reservas,8.114248,200,success,
1789928524.357112,GET,GET /api/v1/reservas,7.081924,200,success,
1789928524.374214,GET,GET /api/v1/reservas,6.561575,200,success,
1789928524.405503,GET,GET /api/v1/reservas,7.950100,200,success,
1789928524.609072,GET,GET /api/v1/reservas/{id},8.146167,200,success,
1789928524.616116,GET,GET /api/v1/reservas,6.800096,200,success,
1789928524.626477,GET,GET /api/v1/reservas,9.082946,200,success,
1789928524.670641,GET,GET /api/v1/reservas,9.828035,200,success,
1789928524.715657,GET,GET /api/v1/reservas,9.692430,200,success,
1789928524.845678,GET,GET /api/v1/reservas/{id},5.223097,200,success,
1789928524.846285,GET,GET /api/v1/reservas,9.856509,200,success,
1789928524.994758,GET,GET /api/v1/reservas,9.139812,200,success,
1789928525.018273,GET,GET /api/v1/reservas,12.163756,200,success,
1789928525.061661,GET,GET /api/v1/reservas/{id},7.099370,200,success,
1789928525.080581,GET,GET /api/v1/reservas/{id},7.681293,200,success,
1789928525.082167,GET,GET /api/v1/reservas,7.347957,200,success,
1789928525.127783,GET,GET /api/v1/reservas/{id},7.347286,200,success,
1789928525.196410,GET,GET /api/v1/reservas/{id},7.290820,200,success,
1789928525.202679,GET,GET /api/v1/reservas,8.267831,200,success,
1789928525.285277,GET,GET /api/v1/reservas,9.107474,200,success,
1789928525.305603,GET,GET /api/v1/reservas,8.631542,200,success,
1789928525.323757,GET,GET /api/v1/reservas/{id},8.933441,200,success,
1789928525.365522,GET,GET /api/v1/reservas/{id},25.814696,200,success,
1789928525.368609,GET,GET /api/v1/reservas/{id},29.464808,200,success,
1789928525.371535,GET,GET /api/v1/reservas/{id},7.348187,200,success,
1789928525.396557,GET,GET /api/v1/reservas/{id},7.464143,200,success,
1789928525.438063,GET,GET /api/v1/reservas,7.168324,200,success,
1789928525.447099,GET,GET /api/v1/reservas,6.645843,200,success,
1789928525.577663,GET,GET /api/v1/reservas,7.791730,200,success,
1789928525.590456,GET,GET /api/v1/reservas,7.462681,200,success,
1789928525.600830,GET,GET /api/v1/reservas/{id},6.171673,200,success,
1789928525.615513,GET,GET /api/v1/reservas/{id},6.509626,200,success,
1789928525.624393,GET,GET /api/v1/reservas,10.639936,200,success,
1789928525.798185,GET,GET /api/v1/reservas,13.305526,200,success,
1789928525.824104,GET,GET /api/v1/reservas,8.870634,200,success,
1789928525.839173,GET,GET /api/v1/reservas,6.757302,200,success,
1789928525.917756,GET,GET /api/v1/reservas,9.175738,200,success,
1789928525.942458,GET,GET /api/v1/reservas,7.408950,200,success,
1789928526.026266,GET,GET /api/v1/reservas/{id},6.534524,200,success,
1789928526.031106,GET,GET /api/v1/reservas,5.603743,200,success,
1789928526.127319,GET,GET /api/v1/reservas/{id},4.915209,200,success,
1789928526.224740,GET,GET /api/v1/reservas,7.055804,200,success,
1789928526.295117,GET,GET /api/v1/reservas,7.848997,200,success,
1789928526.320968,GET,GET /api/v1/reservas,7.508992,200,success,
1789928526.332771,GET,GET /api/v1/reservas,12.438142,200,success,
1789928526.344106,GET,GET /api/v1/reservas,9.905073,200,success,
1789928526.344670,GET,GET /api/v1/reservas,6.384047,200,success,
1789928526.401208,GET,GET /api/v1/reservas,8.176733,200,success,
1789928526.425455,GET,GET /api/v1/reservas,9.905884,200,success,
1789928526.550111,GET,GET /api/v1/reservas,7.573189,200,success,
1789928526.563456,GET,GET /api/v1/reservas,7.795035,200,success,
1789928526.572394,GET,GET /api/v1/reservas,7.591946,200,success,
1789928526.622004,GET,GET /api/v1/reservas,6.220217,200,success,
1789928526.651719,GET,GET /api/v1/reservas,5.419735,200,success,
1789928526.682925,GET,GET /api/v1/reservas/{id},3.997909,200,success,
1789928526.713474,GET,GET /api/v1/reservas,5.230948,200,success,
1789928526.774771,GET,GET /api/v1/reservas,6.950785,200,success,
1789928526.775144,GET,GET /api/v1/reservas/{id},4.670489,200,success,
1789928526.775794,GET,GET /api/v1/reservas/{id},4.959606,200,success,
1789928526.833688,GET,GET /api/v1/reservas/{id},7.821254,200,success,
1789928526.932501,GET,GET /api/v1/reservas,10.064404,200,success,
1789928527.051976,GET,GET /api/v1/reservas,12.986973,200,success,
1789928527.089337,GET,GET /api/v1/reservas,11.937773,200,success,
1789928527.092011,GET,GET /api/v1/reservas,8.449828,200,success,
1789928527.176854,GET,GET /api/v1/reservas/{id},15.991728,200,success,
1789928527.218196,GET,GET /api/v1/reservas,7.992564,200,success,
1789928527.218733,GET,GET /api/v1/reservas,11.481813,200,success,
1789928527.237390,GET,GET /api/v1/reservas,11.363293,200,success,
1789928527.264865,GET,GET /api/v1/reservas,6.172456,200,success,
1789928527.310407,GET,GET /api/v1/reservas,10.184236,200,success,
1789928527.331254,GET,GET /api/v1/reservas/{id},5.619787,200,success,
1789928527.471382,GET,GET /api/v1/reservas,6.711833,200,success,
1789928527.511565,GET,GET /api/v1/reservas,5.842595,200,success,
1789928527.536335,GET,GET /api/v1/reservas,5.437260,200,success,
1789928527.602388,GET,GET /api/v1/reservas,5.708903,200,success,
1789928527.654534,GET,GET /api/v1/reservas,5.422319,200,success,
1789928527.781484,GET,GET /api/v1/reservas,6.507714,200,success,
1789928527.784877,GET,GET /api/v1/reservas,5.143035,200,success,
1789928527.840323,GET,GET /api/v1/reservas,5.477333,200,success,
1789928527.900866,GET,GET /api/v1/reservas/{id},4.320168,200,success,
1789928527.932189,GET,GET /api/v1/reservas/{id},4.112393,200,success,
1789928527.941098,GET,GET /api/v1/reservas,4.641625,200,success,
1789928527.984399,GET,GET /api/v1/reservas,6.057551,200,success,
1789928527.988492,GET,GET /api/v1/reservas,5.436130,200,success,
1789928528.073763,GET,GET /api/v1/reservas,5.908856,200,success,
1789928528.092055,GET,GET /api/v1/reservas,4.999688,200,success,
1789928528.113950,GET,GET /api/v1/reservas/{id},3.715512,200,success,
1789928528.119305,GET,GET /api/v1/reservas/{id},3.176774,200,success,
1789928528.129034,GET,GET /api/v1/reservas,4.446320,200,success,
1789928528.151783,GET,GET /api/v1/reservas,6.446711,200,success,
1789928528.160509,GET,GET /api/v1/reservas/{id},3.561358,200,success,
1789928528.197489,GET,GET /api/v1/reservas,5.704916,200,success,
1789928528.218502,GET,GET /api/v1/reservas,4.714237,200,success,
1789928528.236452,GET,GET /api/v1/reservas,4.689758,200,success,
1789928528.258173,GET,GET /api/v1/reservas,5.358733,200,success,
1789928528.259577,GET,GET /api/v1/reservas,5.198800,200,success,
1789928528.261568,GET,GET /api/v1/reservas,4.659121,200,success,
1789928528.279248,GET,GET /api/v1/reservas/{id},3.502379,200,success,
1789928528.453098,GET,GET /api/v1/reservas,7.356059,200,success,
1789928528.456146,GET,GET /api/v1/reservas,5.642683,200,success,
1789928528.470153,GET,GET /api/v1/reservas,4.708126,200,success,
1789928528.471409,GET,GET /api/v1/reservas/{id},3.524181,200,success,
1789928528.495027,GET,GET /api/v1/reservas/{id},3.432443,200,success,
1789928528.561859,GET,GET /api/v1/reservas/{id},4.607563,200,success,
1789928528.609567,GET,GET /api/v1/reservas,5.397181,200,success,
1789928528.630585,GET,GET /api/v1/reservas,4.712573,200,success,
1789928528.668610,GET,GET /api/v1/reservas/{id},3.833380,200,success,
1789928528.689509,GET,GET /api/v1/reservas,4.657689,200,success,
1789928528.767686,GET,GET /api/v1/reservas/{id},4.951715,200,success,
1789928528.770806,GET,GET /api/v1/reservas/{id},3.687269,200,success,
1789928528.771789,GET,GET /api/v1/reservas,5.210768,200,success,
1789928528.788531,GET,GET /api/v1/reservas,4.466078,200,success,
1789928528.944871,GET,GET /api/v1/reservas,7.210127,200,success,
1789928528.972931,GET,GET /api/v1/reservas,6.718231,200,success,
1789928528.983958,GET,GET /api/v1/reservas/{id},3.816424,200,success,
1789928529.003486,GET,GET /api/v1/reservas,5.213292,200,success,
1789928529.107428,GET,GET /api/v1/reservas/{id},5.711145,200,success,
1789928529.161458,GET,GET /api/v1/reservas,9.667403,200,success,
1789928529.196782,GET,GET /api/v1/reservas,6.950715,200,success,
1789928529.313219,GET,GET /api/v1/reservas,11.608084,200,success,
1789928529.314595,GET,GET /api/v1/reservas/{id},6.472140,200,success,
1789928529.335329,GET,GET /api/v1/reservas/{id},5.491634,200,success,
1789928529.382467,GET,GET /api/v1/reservas,7.767513,200,success,
1789928529.400793,GET,GET /api/v1/reservas,6.939969,200,success,
1789928529.471842,GET,GET /api/v1/reservas,6.679113,200,success,
1789928529.478841,GET,GET /api/v1/reservas,4.720094,200,success,
1789928529.510256,GET,GET /api/v1/reservas,10.073708,200,success,
1789928529.569606,GET,GET /api/v1/reservas/{id},6.019714,200,success,
1789928529.618978,GET,GET /api/v1/reservas,9.750858,200,success,
1789928529.672843,GET,GET /api/v1/reservas,6.507362,200,success,
1789928529.719766,GET,GET /api/v1/reservas,5.580148,200,success,
1789928529.723018,GET,GET /api/v1/reservas,5.116526,200,success,
1789928529.749831,GET,GET /api/v1/reservas/{id},3.642531,200,success,
1789928529.803030,GET,GET /api/v1/reservas,7.833012,200,success,
1789928529.836697,GET,GET /api/v1/reservas,5.530322,200,success,
1789928529.861886,GET,GET /api/v1/reservas,4.903381,200,success,
1789928529.889735,GET,GET /api/v1/reservas,5.561579,200,success,
1789928529.909687,GET,GET /api/v1/reservas,4.718622,200,success,
1789928529.931447,GET,GET /api/v1/reservas/{id},3.581798,200,success,
1789928530.092522,GET,GET /api/v1/reservas/{id},4.815819,200,success,
1789928530.102365,GET,GET /api/v1/reservas,4.526892,200,success,
1789928530.120010,GET,GET /api/v1/reservas,4.343513,200,success,
1789928530.211173,GET,GET /api/v1/reservas,5.880093,200,success,
1789928530.295208,GET,GET /api/v1/reservas/{id},4.856221,200,success,
1789928530.393569,GET,GET /api/v1/reservas,6.925057,200,success,
1789928530.418648,GET,GET /api/v1/reservas,6.760627,200,success,
1789928530.431597,GET,GET /api/v1/reservas,5.639778,200,success,
1789928530.447384,GET,GET /api/v1/reservas,5.465554,200,success,
1789928530.476484,GET,GET /api/v1/reservas,5.795284,200,success,
1789928530.596297,GET,GET /api/v1/reservas,7.421588,200,success,
1789928530.633640,GET,GET /api/v1/reservas,5.970399,200,success,
1789928530.638044,GET,GET /api/v1/reservas/{id},4.248550,200,success,
1789928530.663861,GET,GET /api/v1/reservas/{id},4.903392,200,success,
1789928530.664735,GET,GET /api/v1/reservas,6.371237,200,success,
1789928530.667842,GET,GET /api/v1/reservas/{id},5.019217,200,success,
1789928530.670260,GET,GET /api/v1/reservas,6.936274,200,success,
1789928530.673252,GET,GET /api/v1/reservas/{id},3.740449,200,success,
1789928530.683846,GET,GET /api/v1/reservas,5.331120,200,success,
1789928530.704684,GET,GET /api/v1/reservas,5.541899,200,success,
1789928530.773084,GET,GET /api/v1/reservas/{id},5.164898,200,success,
1789928530.926179,GET,GET /api/v1/reservas,7.780924,200,success,
1789928531.005745,GET,GET /api/v1/reservas,11.208228,200,success,
1789928531.008998,GET,GET /api/v1/reservas/{id},5.378532,200,success,
1789928531.133406,GET,GET /api/v1/reservas,20.728828,200,success,
1789928531.134164,GET,GET /api/v1/reservas,25.672841,200,success,
1789928531.134370,GET,GET /api/v1/reservas,22.144553,200,success,
1789928531.148430,GET,GET /api/v1/reservas/{id},7.712019,200,success,
1789928531.245268,GET,GET /api/v1/reservas/{id},24.539223,200,success,
1789928531.255292,GET,GET /api/v1/reservas,10.872118,200,success,
1789928531.306849,GET,GET /api/v1/reservas/{id},6.309022,200,success,
1789928531.314550,GET,GET /api/v1/reservas,6.353048,200,success,
1789928531.334718,GET,GET /api/v1/reservas,14.849346,200,success,
1789928531.409313,GET,GET /api/v1/reservas,7.235236,200,success,
1789928531.513293,GET,GET /api/v1/reservas/{id},6.647486,200,success,
1789928531.539188,GET,GET /api/v1/reservas/{id},6.547663,200,success,
1789928531.633642,GET,GET /api/v1/reservas,8.540315,200,success,
1789928531.776614,GET,GET /api/v1/reservas/{id},5.729996,200,success,
1789928531.852281,GET,GET /api/v1/reservas,7.403931,200,success,
1789928531.923733,GET,GET /api/v1/reservas/{id},6.216041,200,success,
1789928531.975836,GET,GET /api/v1/reservas,7.750488,200,success,
1789928531.977076,GET,GET /api/v1/reservas,7.098679,200,success,
1789928531.982188,GET,GET /api/v1/reservas,4.933147,200,success,
1789928532.007664,GET,GET /api/v1/reservas,8.503939,200,success,
1789928532.034219,GET,GET /api/v1/reservas,6.180938,200,success,
1789928532.060406,GET,GET /api/v1/reservas,5.845589,200,success,
1789928532.112791,GET,GET /api/v1/reservas,7.978221,200,success,
1789928532.144885,GET,GET /api/v1/reservas,7.742084,200,success,
1789928532.273481,GET,GET /api/v1/reservas/{id},7.307445,200,success,
1789928532.274721,GET,GET /api/v1/reservas,7.715063,200,success,
1789928532.298320,GET,GET /api/v1/reservas,6.200688,200,success,
1789928532.310549,GET,GET /api/v1/reservas,5.926472,200,success,
1789928532.327258,GET,GET /api/v1/reservas/{id},4.515944,200,success,
1789928532.354191,GET,GET /api/v1/reservas/{id},3.743754,200,success,
1789928532.359895,GET,GET /api/v1/reservas,4.456685,200,success,
1789928532.367163,GET,GET /api/v1/reservas/{id},3.101431,200,success,
1789928532.393906,GET,GET /api/v1/reservas/{id},3.552343,200,success,
1789928532.418923,GET,GET /api/v1/reservas,5.759800,200,success,
1789928532.423274,GET,GET /api/v1/reservas/{id},3.197296,200,success,
1789928532.443485,GET,GET /api/v1/reservas,4.912214,200,success,
1789928532.493563,GET,GET /api/v1/reservas,5.788683,200,success,
1789928532.503709,GET,GET /api/v1/reservas/{id},3.977569,200,success,
1789928532.526374,GET,GET /api/v1/reservas,4.395462,200,success,
1789928532.555770,GET,GET /api/v1/reservas/{id},5.199370,200,success,
1789928532.595635,GET,GET /api/v1/reservas/{id},7.545897,200,success,
1789928532.631494,GET,GET /api/v1/reservas,6.524680,200,success,
1789928532.644396,GET,GET /api/v1/reservas,6.634596,200,success,
1789928532.817024,GET,GET /api/v1/reservas,7.132340,200,success,
1789928532.821780,GET,GET /api/v1/reservas,5.610554,200,success,
1789928532.853443,GET,GET /api/v1/reservas/{id},3.723583,200,success,
1789928532.854573,GET,GET /api/v1/reservas,6.497057,200,success,
1789928532.948588,GET,GET /api/v1/reservas/{id},4.743560,200,success,
1789928532.987043,GET,GET /api/v1/reservas,5.151879,200,success,
1789928533.047636,GET,GET /api/v1/reservas/{id},4.384776,200,success,
1789928533.127253,GET,GET /api/v1/reservas,6.268310,200,success,
1789928533.157508,GET,GET /api/v1/reservas/{id},4.038080,200,success,
1789928533.234374,GET,GET /api/v1/reservas/{id},4.598881,200,success,
1789928533.282351,GET,GET /api/v1/reservas,5.662312,200,success,
1789928533.306154,GET,GET /api/v1/reservas/{id},4.586161,200,success,
1789928533.329799,GET,GET /api/v1/reservas,5.330240,200,success,
1789928533.345165,GET,GET /api/v1/reservas,5.016623,200,success,
1789928533.385481,GET,GET /api/v1/reservas,8.013145,200,success,
1789928533.385757,GET,GET /api/v1/reservas/{id},7.964992,200,success,
1789928533.393155,GET,GET /api/v1/reservas,4.186155,200,success,
1789928533.417340,GET,GET /api/v1/reservas,4.942851,200,success,
1789928533.562447,GET,GET /api/v1/reservas/{id},6.753656,200,success,
1789928533.638434,GET,GET /api/v1/reservas,6.110111,200,success,
1789928533.761302,GET,GET /api/v1/reservas,6.457226,200,success,
1789928533.763116,GET,GET /api/v1/reservas,4.515865,200,success,
1789928533.814321,GET,GET /api/v1/reservas,5.950709,200,success,
1789928533.832003,GET,GET /api/v1/reservas/{id},3.800890,200,success,
1789928533.899305,GET,GET /api/v1/reservas/{id},11.988431,200,success,
1789928533.963752,GET,GET /api/v1/reservas,5.954745,200,success,
1789928534.006284,GET,GET /api/v1/reservas/{id},4.323143,200,success,
1789928534.049444,GET,GET /api/v1/reservas,5.813332,200,success,
1789928534.100381,GET,GET /api/v1/reservas,5.621370,200,success,
1789928534.145674,GET,GET /api/v1/reservas,5.007800,200,success,
1789928534.200304,GET,GET /api/v1/reservas/{id},4.431626,200,success,
1789928534.262236,GET,GET /api/v1/reservas,6.613233,200,success,
1789928534.305141,GET,GET /api/v1/reservas,5.564393,200,success,
1789928534.408827,GET,GET /api/v1/reservas/{id},5.381837,200,success,
1789928534.429659,GET,GET /api/v1/reservas,5.511814,200,success,
1789928534.430719,GET,GET /api/v1/reservas/{id},4.020914,200,success,
1789928534.475552,GET,GET /api/v1/reservas,6.516246,200,success,
1789928534.563929,GET,GET /api/v1/reservas,6.034105,200,success,
1789928534.602809,GET,GET /api/v1/reservas/{id},4.667425,200,success,
1789928534.637939,GET,GET /api/v1/reservas,5.833652,200,success,
1789928534.694776,GET,GET /api/v1/reservas,6.528595,200,success,
1789928534.705114,GET,GET /api/v1/reservas/{id},3.162914,200,success,
1789928534.734726,GET,GET /api/v1/reservas/{id},3.436449,200,success,
1789928534.756491,GET,GET /api/v1/reservas,4.517187,200,success,
1789928534.777140,GET,GET /api/v1/reservas/{id},3.467646,200,success,
1789928534.877768,GET,GET /api/v1/reservas,5.671376,200,success,
1789928534.885169,GET,GET /api/v1/reservas,4.179114,200,success,
1789928534.900690,GET,GET /api/v1/reservas/{id},3.358290,200,success,
1789928534.923474,GET,GET /api/v1/reservas,4.485679,200,success,
1789928534.926697,GET,GET /api/v1/reservas,4.103800,200,success,
1789928535.023824,GET,GET /api/v1/reservas,6.697312,200,success,
1789928535.068620,GET,GET /api/v1/reservas/{id},4.545920,200,success,
1789928535.074501,GET,GET /api/v1/reservas,4.597067,200,success,
1789928535.109901,GET,GET /api/v1/reservas,5.172399,200,success,
1789928535.158969,GET,GET /api/v1/reservas,5.781062,200,success,
1789928535.180791,GET,GET /api/v1/reservas/{id},3.632525,200,success,
1789928535.245579,GET,GET /api/v1/reservas,6.460832,200,success,
1789928535.272892,GET,GET /api/v1/reservas,5.049593,200,success,
1789928535.285532,GET,GET /api/v1/reservas,4.354660,200,success,
1789928535.298235,GET,GET /api/v1/reservas,4.464507,200,success,
1789928535.325484,GET,GET /api/v1/reservas,4.966678,200,success,
1789928535.373185,GET,GET /api/v1/reservas,6.358878,200,success,
1789928535.413508,GET,GET /api/v1/reservas,5.014350,200,success,
1789928535.421056,GET,GET /api/v1/reservas,4.273236,200,success,
1789928535.499246,GET,GET /api/v1/reservas,7.807022,200,success,
1789928535.581645,GET,GET /api/v1/reservas,6.026124,200,success,
1789928535.616909,GET,GET /api/v1/reservas,4.977293,200,success,
1789928535.705508,GET,GET /api/v1/reservas,5.832329,200,success,
1789928535.718810,GET,GET /api/v1/reservas,4.028506,200,success,
1789928535.740016,GET,GET /api/v1/reservas,4.936892,200,success,
1789928535.791303,GET,GET /api/v1/reservas,4.968901,200,success,
1789928535.806457,GET,GET /api/v1/reservas,4.897653,200,success,
1789928535.837183,GET,GET /api/v1/reservas,4.792785,200,success,
1789928535.841535,GET,GET /api/v1/reservas/{id},3.175914,200,success,
1789928535.909608,GET,GET /api/v1/reservas,5.720519,200,success,
1789928535.921862,GET,GET /api/v1/reservas/{id},4.050058,200,success,
1789928535.934161,GET,GET /api/v1/reservas,4.993369,200,success,
1789928535.953402,GET,GET /api/v1/reservas,4.959418,200,success,
1789928535.960482,GET,GET /api/v1/reservas,4.774376,200,success,
1789928536.044012,GET,GET /api/v1/reservas,6.162871,200,success,
1789928536.079169,GET,GET /api/v1/reservas,5.843898,200,success,
1789928536.250892,GET,GET /api/v1/reservas/{id},5.358592,200,success,
1789928536.284552,GET,GET /api/v1/reservas,5.320033,200,success,
1789928536.298436,GET,GET /api/v1/reservas,4.621926,200,success,
1789928536.311951,GET,GET /api/v1/reservas,4.239525,200,success,
1789928536.330345,GET,GET /api/v1/reservas,5.086910,200,success,
1789928536.403177,GET,GET /api/v1/reservas,5.498464,200,success,
1789928536.546879,GET,GET /api/v1/reservas/{id},4.996713,200,success,
1789928536.667208,GET,GET /api/v1/reservas,8.948642,200,success,
1789928536.734667,GET,GET /api/v1/reservas,7.117518,200,success,
1789928536.763962,GET,GET /api/v1/reservas/{id},7.036605,200,success,
1789928536.826049,GET,GET /api/v1/reservas,6.705533,200,success,
1789928536.869083,GET,GET /api/v1/reservas/{id},5.797598,200,success,
1789928536.870557,GET,GET /api/v1/reservas,6.693544,200,success,
1789928536.891346,GET,GET /api/v1/reservas,6.511469,200,success,
1789928536.916360,GET,GET /api/v1/reservas,4.891082,200,success,
1789928536.916753,GET,GET /api/v1/reservas,7.150478,200,success,
1789928536.955785,GET,GET /api/v1/reservas,4.777020,200,success,
1789928537.077280,GET,GET /api/v1/reservas,6.066304,200,success,
1789928537.087232,GET,GET /api/v1/reservas,4.657048,200,success,
1789928537.111940,GET,GET /api/v1/reservas,6.413791,200,success,
1789928537.134735,GET,GET /api/v1/reservas,10.465682,200,success,
1789928537.171301,GET,GET /api/v1/reservas,7.222488,200,success,
1789928537.186833,GET,GET /api/v1/reservas,6.204574,200,success,
1789928537.314670,GET,GET /api/v1/reservas/{id},5.504893,200,success,
1789928537.383718,GET,GET /api/v1/reservas,13.471198,200,success,
1789928537.388690,GET,GET /api/v1/reservas/{id},10.586404,200,success,
1789928537.409977,GET,GET /api/v1/reservas,6.894139,200,success,
1789928537.428120,GET,GET /api/v1/reservas,7.792070,200,success,
1789928537.443288,GET,GET /api/v1/reservas,6.757061,200,success,
1789928537.535688,GET,GET /api/v1/reservas/{id},5.104828,200,success,
1789928537.599745,GET,GET /api/v1/reservas,5.739118,200,success,
1789928537.611537,GET,GET /api/v1/reservas/{id},3.607148,200,success,
1789928537.630837,GET,GET /api/v1/reservas,4.676457,200,success,
1789928537.651508,GET,GET /api/v1/reservas/{id},3.470631,200,success,
1789928537.686565,GET,GET /api/v1/reservas,4.803721,200,success,
1789928537.718785,GET,GET /api/v1/reservas/{id},4.034104,200,success,
1789928537.729391,GET,GET /api/v1/reservas/{id},3.442649,200,success,
1789928537.767895,GET,GET /api/v1/reservas,5.198560,200,success,
1789928537.852889,GET,GET /api/v1/reservas,5.894043,200,success,
1789928537.867724,GET,GET /api/v1/reservas/{id},3.647008,200,success,
1789928537.876862,GET,GET /api/v1/reservas,4.870972,200,success,
1789928537.894536,GET,GET /api/v1/reservas,4.432539,200,success,
1789928538.107903,GET,GET /api/v1/reservas/{id},4.972067,200,success,
1789928538.205604,GET,GET /api/v1/reservas,6.293819,200,success,
1789928538.208638,GET,GET /api/v1/reservas,5.575151,200,success,
1789928538.215328,GET,GET /api/v1/reservas,4.429444,200,success,
1789928538.254510,GET,GET /api/v1/reservas,4.876661,200,success,
1789928538.279533,GET,GET /api/v1/reservas,4.764281,200,success,
1789928538.319146,GET,GET /api/v1/reservas,5.269467,200,success,
1789928538.341244,GET,GET /api/v1/reservas,5.407206,200,success,
1789928538.342751,GET,GET /api/v1/reservas,5.166241,200,success,
1789928538.393310,GET,GET /api/v1/reservas,5.261716,200,success,
1789928538.478958,GET,GET /api/v1/reservas,6.310274,200,success,
1789928538.483600,GET,GET /api/v1/reservas,5.327315,200,success,
1789928538.523915,GET,GET /api/v1/reservas,5.053920,200,success,
1789928538.550320,GET,GET /api/v1/reservas,5.132800,200,success,
1789928538.566724,GET,GET /api/v1/reservas,4.176049,200,success,
1789928538.705802,GET,GET /api/v1/reservas/{id},4.748067,200,success,
1789928538.710011,GET,GET /api/v1/reservas/{id},3.003242,200,success,
1789928538.781200,GET,GET /api/v1/reservas,5.831689,200,success,
1789928538.805606,GET,GET /api/v1/reservas/{id},4.208529,200,success,
1789928538.919763,GET,GET /api/v1/reservas,6.096681,200,success,
1789928538.964967,GET,GET /api/v1/reservas,5.890338,200,success,
1789928538.994572,GET,GET /api/v1/reservas/{id},5.371471,200,success,
1789928539.039752,GET,GET /api/v1/reservas,5.841864,200,success,
1789928539.052134,GET,GET /api/v1/reservas/{id},4.147326,200,success,
1789928539.052977,GET,GET /api/v1/reservas,4.514213,200,success,
1789928539.114631,GET,GET /api/v1/reservas,5.324239,200,success,
1789928539.174509,GET,GET /api/v1/reservas,5.567859,200,success,
1789928539.229640,GET,GET /api/v1/reservas,5.827062,200,success,
1789928539.243490,GET,GET /api/v1/reservas,4.564508,200,success,
1789928539.260405,GET,GET /api/v1/reservas,5.616202,200,success,
1789928539.272524,GET,GET /api/v1/reservas/{id},4.908529,200,success,
1789928539.286586,GET,GET /api/v1/reservas,4.774998,200,success,
1789928539.324233,GET,GET /api/v1/reservas/{id},4.443465,200,success,
1789928539.351577,GET,GET /api/v1/reservas,5.042933,200,success,
1789928539.363422,GET,GET /api/v1/reservas,4.580752,200,success,
1789928539.373463,GET,GET /api/v1/reservas,4.799785,200,success,
1789928539.450382,GET,GET /api/v1/reservas/{id},6.675919,200,success,
1789928539.513053,GET,GET /api/v1/reservas,7.312092,200,success,
1789928539.525755,GET,GET /api/v1/reservas/{id},4.495754,200,success,
1789928539.649372,GET,GET /api/v1/reservas,7.620471,200,success,
1789928539.717142,GET,GET /api/v1/reservas,9.928529,200,success,
1789928539.760387,GET,GET /api/v1/reservas,8.934192,200,success,
1789928539.870121,GET,GET /api/v1/reservas,10.404489,200,success,
1789928539.997341,GET,GET /api/v1/reservas,6.730381,200,success,
1789928539.999471,GET,GET /api/v1/reservas,4.844723,200,success,
1789928540.039411,GET,GET /api/v1/reservas/{id},4.751893,200,success,
1789928540.072066,GET,GET /api/v1/reservas,5.303839,200,success,
1789928540.076533,GET,GET /api/v1/reservas,4.224583,200,success,
1789928540.078964,GET,GET /api/v1/reservas,4.138512,200,success,
1789928540.104785,GET,GET /api/v1/reservas/{id},3.637473,200,success,
1789928540.116325,GET,GET /api/v1/reservas,4.304275,200,success,
1789928540.131005,GET,GET /api/v1/reservas/{id},3.495649,200,success,
1789928540.141279,GET,GET /api/v1/reservas,4.026954,200,success,
1789928540.160904,GET,GET /api/v1/reservas,4.391926,200,success,
1789928540.195387,GET,GET /api/v1/reservas/{id},4.291845,200,success,
1789928540.202318,GET,GET /api/v1/reservas,5.609112,200,success,
1789928540.274685,GET,GET /api/v1/reservas,6.054737,200,success,
1789928540.350157,GET,GET /api/v1/reservas,6.166616,200,success,
1789928540.427501,GET,GET /api/v1/reservas/{id},5.071817,200,success,
1789928540.443173,GET,GET /api/v1/reservas,5.364131,200,success,
1789928540.502904,GET,GET /api/v1/reservas/{id},4.539981,200,success,
1789928540.679787,GET,GET /api/v1/reservas,6.431188,200,success,
1789928540.692825,GET,GET /api/v1/reservas/{id},3.846520,200,success,
1789928540.718027,GET,GET /api/v1/reservas/{id},3.993793,200,success,
1789928540.734015,GET,GET /api/v1/reservas,4.719664,200,success,
1789928540.783653,GET,GET /api/v1/reservas/{id},4.438148,200,success,
1789928540.834744,GET,GET /api/v1/reservas,6.113957,200,success,
1789928540.839637,GET,GET /api/v1/reservas,4.662527,200,success,
1789928540.842797,GET,GET /api/v1/reservas,4.250913,200,success,
1789928540.926739,GET,GET /api/v1/reservas/{id},4.688877,200,success,
1789928540.933144,GET,GET /api/v1/reservas,5.097936,200,success,
1789928540.975459,GET,GET /api/v1/reservas,5.006718,200,success,
1789928541.052669,GET,GET /api/v1/reservas,5.885120,200,success,
1789928541.074909,GET,GET /api/v1/reservas,4.969491,200,success,
1789928541.081302,GET,GET /api/v1/reservas/{id},3.236907,200,success,
1789928541.094918,GET,GET /api/v1/reservas,4.344034,200,success,
1789928541.117636,GET,GET /api/v1/reservas,4.499720,200,success,
1789928541.172404,GET,GET /api/v1/reservas,6.473371,200,success,
1789928541.197546,GET,GET /api/v1/reservas,4.880457,200,success,
1789928541.246326,GET,GET /api/v1/reservas,5.486376,200,success,
1789928541.250302,GET,GET /api/v1/reservas,4.731651,200,success,
1789928541.262542,GET,GET /api/v1/reservas/{id},4.070058,200,success,
1789928541.263273,GET,GET /api/v1/reservas,4.411326,200,success,
1789928541.328969,GET,GET /api/v1/reservas/{id},4.484908,200,success,
1789928541.371999,GET,GET /api/v1/reservas,5.656853,200,success,
1789928541.372432,GET,GET /api/v1/reservas,4.479360,200,success,
1789928541.395746,GET,GET /api/v1/reservas/{id},4.139034,200,success,
1789928541.539227,GET,GET /api/v1/reservas,8.016941,200,success,
1789928541.545467,GET,GET /api/v1/reservas,9.059080,200,success,
1789928541.555146,GET,GET /api/v1/reservas/{id},4.726294,200,success,
1789928541.555565,GET,GET /api/v1/reservas,6.830051,200,success,
1789928541.562065,GET,GET /api/v1/reservas/{id},4.306596,200,success,
1789928541.763031,GET,GET /api/v1/reservas,6.133586,200,success,
1789928541.839239,GET,GET /api/v1/reservas,6.135259,200,success,
1789928541.914812,GET,GET /api/v1/reservas,6.210954,200,success,
1789928541.923494,GET,GET /api/v1/reservas,4.425127,200,success,
1789928541.948328,GET,GET /api/v1/reservas,4.569887,200,success,
1789928541.958544,GET,GET /api/v1/reservas,3.982476,200,success,
1789928541.974358,GET,GET /api/v1/reservas,4.527581,200,success,
1789928541.975682,GET,GET /api/v1/reservas/{id},3.329387,200,success,
1789928542.013645,GET,GET /api/v1/reservas/{id},3.780991,200,success,
1789928542.044567,GET,GET /api/v1/reservas,4.646722,200,success,
1789928542.051133,GET,GET /api/v1/reservas,4.331645,200,success,
1789928542.075457,GET,GET /api/v1/reservas,5.063165,200,success,
1789928542.075771,GET,GET /api/v1/reservas/{id},3.808212,200,success,
1789928542.135693,GET,GET /api/v1/reservas,5.636693,200,success,
1789928542.167743,GET,GET /api/v1/reservas/{id},3.855453,200,success,
1789928542.186321,GET,GET /api/v1/reservas/{id},3.425170,200,success,
1789928542.228786,GET,GET /api/v1/reservas/{id},4.268089,200,success,
1789928542.264316,GET,GET /api/v1/reservas,7.240133,200,success,
1789928542.275038,GET,GET /api/v1/reservas,4.446280,200,success,
1789928542.319288,GET,GET /api/v1/reservas/{id},4.073504,200,success,
1789928542.379803,GET,GET /api/v1/reservas/{id},4.294779,200,success,
1789928542.421382,GET,GET /api/v1/reservas,5.260835,200,success,
1789928542.449305,GET,GET /api/v1/reservas,4.660083,200,success,
1789928542.463865,GET,GET /api/v1/reservas/{id},3.376919,200,success,
1789928542.614783,GET,GET /api/v1/reservas,6.484699,200,success,
1789928542.635090,GET,GET /api/v1/reservas,4.996442,200,success,
1789928542.643660,GET,GET /api/v1/reservas,4.300679,200,success,
1789928542.658137,GET,GET /api/v1/reservas,4.245234,200,success,
1789928542.680887,GET,GET /api/v1/reservas,4.516155,200,success,
1789928542.821683,GET,GET /api/v1/reservas,6.377527,200,success,
1789928542.852114,GET,GET /api/v1/reservas/{id},6.551270,200,success,
1789928542.855727,GET,GET /api/v1/reservas,7.113782,200,success,
1789928542.860269,GET,GET /api/v1/reservas,5.829526,200,success,
1789928542.863166,GET,GET /api/v1/reservas,7.203738,200,success,
1789928542.890274,GET,GET /api/v1/reservas,6.724572,200,success,
1789928542.927086,GET,GET /api/v1/reservas,7.323179,200,success,
1789928542.927490,GET,GET /api/v1/reservas,9.780824,200,success,
1789928542.963935,GET,GET /api/v1/reservas,7.112640,200,success,
1789928543.034264,GET,GET /api/v1/reservas,6.959939,200,success,
1789928543.040958,GET,GET /api/v1/reservas,5.359123,200,success,
1789928543.182142,GET,GET /api/v1/reservas,6.778643,200,success,
1789928543.276185,GET,GET /api/v1/reservas,6.756000,200,success,
1789928543.480901,GET,GET /api/v1/reservas,6.250744,200,success,
1789928543.521648,GET,GET /api/v1/reservas,5.453365,200,success,
1789928543.563564,GET,GET /api/v1/reservas/{id},10.104695,200,success,
1789928543.567775,GET,GET /api/v1/reservas/{id},5.385803,200,success,
1789928543.570692,GET,GET /api/v1/reservas/{id},3.648791,200,success,
1789928543.646317,GET,GET /api/v1/reservas,5.780612,200,success,
1789928543.701940,GET,GET /api/v1/reservas,6.317275,200,success,
1789928543.705362,GET,GET /api/v1/reservas/{id},5.096685,200,success,
1789928543.735829,GET,GET /api/v1/reservas/{id},6.257444,200,success,
1789928543.744924,GET,GET /api/v1/reservas,5.747941,200,success,
1789928543.752068,GET,GET /api/v1/reservas,4.851393,200,success,
1789928543.761124,GET,GET /api/v1/reservas,4.759053,200,success,
1789928543.842178,GET,GET /api/v1/reservas,6.058001,200,success,
1789928543.866218,GET,GET /api/v1/reservas,4.747956,200,success,
1789928543.927386,GET,GET /api/v1/reservas/{id},4.912816,200,success,
1789928543.954411,GET,GET /api/v1/reservas/{id},3.816965,200,success,
1789928543.968214,GET,GET /api/v1/reservas,4.535374,200,success,
1789928543.978718,GET,GET /api/v1/reservas/{id},3.348775,200,success,
1789928544.010051,GET,GET /api/v1/reservas,5.049514,200,success,
1789928544.038373,GET,GET /api/v1/reservas,5.021821,200,success,
1789928544.076623,GET,GET /api/v1/reservas,6.961811,200,success,
1789928544.099014,GET,GET /api/v1/reservas,5.071776,200,success,
1789928544.164003,GET,GET /api/v1/reservas,5.669894,200,success,
1789928544.261213,GET,GET /api/v1/reservas,6.890063,200,success,
1789928544.265306,GET,GET /api/v1/reservas,5.441758,200,success,
1789928544.317847,GET,GET /api/v1/reservas,5.200763,200,success,
1789928544.370776,GET,GET /api/v1/reservas,5.577004,200,success,
1789928544.396114,GET,GET /api/v1/reservas,5.009032,200,success,
1789928544.398087,GET,GET /api/v1/reservas,4.365967,200,success,
1789928544.441570,GET,GET /api/v1/reservas,5.158718,200,success,
1789928544.568854,GET,GET /api/v1/reservas,6.876823,200,success,
1789928544.604058,GET,GET /api/v1/reservas,4.880126,200,success,
1789928544.647481,GET,GET /api/v1/reservas,5.155504,200,success,
1789928544.679286,GET,GET /api/v1/reservas,5.551244,200,success,
1789928544.760369,GET,GET /api/v1/reservas,5.725758,200,success,
1789928544.787634,GET,GET /api/v1/reservas/{id},4.060844,200,success,
1789928544.795883,GET,GET /api/v1/reservas,4.969913,200,success,
1789928544.796254,GET,GET /api/v1/reservas,5.061261,200,success,
1789928544.807938,GET,GET /api/v1/reservas,4.447561,200,success,
1789928544.827631,GET,GET /api/v1/reservas,4.467251,200,success,
1789928544.865744,GET,GET /api/v1/reservas,6.184975,200,success,
1789928544.892851,GET,GET /api/v1/reservas,4.827066,200,success,
1789928544.929300,GET,GET /api/v1/reservas,5.126400,200,success,
1789928545.000241,GET,GET /api/v1/reservas,5.604214,200,success,
1789928545.073584,GET,GET /api/v1/reservas,6.917344,200,success,
1789928545.095397,GET,GET /api/v1/reservas/{id},4.579581,200,success,
1789928545.123923,GET,GET /api/v1/reservas,5.170566,200,success,
1789928545.128362,GET,GET /api/v1/reservas,4.247427,200,success,
1789928545.133632,GET,GET /api/v1/reservas/{id},3.126719,200,success,
1789928545.164346,GET,GET /api/v1/reservas,5.459194,200,success,
1789928545.185306,GET,GET /api/v1/reservas,4.686874,200,success,
1789928545.189519,GET,GET /api/v1/reservas,4.027735,200,success,
1789928545.197581,GET,GET /api/v1/reservas,4.821267,200,success,
1789928545.265761,GET,GET /api/v1/reservas,5.871879,200,success,
1789928545.298170,GET,GET /api/v1/reservas,5.135683,200,success,
1789928545.306811,GET,GET /api/v1/reservas,4.421602,200,success,
1789928545.319370,GET,GET /api/v1/reservas/{id},3.398201,200,success,
1789928545.333145,GET,GET /api/v1/reservas,4.542345,200,success,
1789928545.342129,GET,GET /api/v1/reservas/{id},3.824977,200,success,
1789928545.349218,GET,GET /api/v1/reservas,4.804833,200,success,
1789928545.398382,GET,GET /api/v1/reservas,5.455628,200,success,
1789928545.398780,GET,GET /api/v1/reservas,6.299919,200,success,
1789928545.449124,GET,GET /api/v1/reservas/{id},4.184673,200,success,
1789928545.471192,GET,GET /api/v1/reservas,4.805094,200,success,
1789928545.610584,GET,GET /api/v1/reservas,5.936688,200,success,
1789928545.700206,GET,GET /api/v1/reservas,5.856566,200,success,
1789928545.812967,GET,GET /api/v1/reservas,6.386659,200,success,
1789928545.843905,GET,GET /api/v1/reservas,5.938240,200,success,
1789928545.870029,GET,GET /api/v1/reservas,4.831983,200,success,
1789928546.000177,GET,GET /api/v1/reservas,6.721888,200,success,
1789928546.153525,GET,GET /api/v1/reservas/{id},4.960539,200,success,
1789928546.172357,GET,GET /api/v1/reservas/{id},3.623252,200,success,
1789928546.231744,GET,GET /api/v1/reservas,4.860067,200,success,
1789928546.232181,GET,GET /api/v1/reservas,6.571560,200,success,
1789928546.252968,GET,GET /api/v1/reservas/{id},3.619666,200,success,
1789928546.288394,GET,GET /api/v1/reservas,5.146921,200,success,
1789928546.327887,GET,GET /api/v1/reservas,5.197348,200,success,
1789928546.346885,GET,GET /api/v1/reservas,4.703509,200,success,
1789928546.437882,GET,GET /api/v1/reservas/{id},4.754427,200,success,
1789928546.511035,GET,GET /api/v1/reservas,5.800211,200,success,
1789928546.611452,GET,GET /api/v1/reservas,5.718708,200,success,
1789928546.642740,GET,GET /api/v1/reservas/{id},4.096769,200,success,
1789928546.643659,GET,GET /api/v1/reservas,4.620593,200,success,
1789928546.651723,GET,GET /api/v1/reservas,3.861803,200,success,
1789928546.733659,GET,GET /api/v1/reservas,5.598015,200,success,
1789928546.769692,GET,GET /api/v1/reservas,4.772804,200,success,
1789928546.792209,GET,GET /api/v1/reservas/{id},3.353573,200,success,
1789928546.829012,GET,GET /api/v1/reservas,5.530842,200,success,
1789928546.894432,GET,GET /api/v1/reservas,5.441006,200,success,
1789928546.954285,GET,GET /api/v1/reservas,8.498580,200,success,
1789928546.964933,GET,GET /api/v1/reservas,5.332994,200,success,
1789928546.973919,GET,GET /api/v1/reservas,6.679594,200,success,
1789928546.974428,GET,GET /api/v1/reservas,5.529310,200,success,
1789928547.022395,GET,GET /api/v1/reservas,8.698954,200,success,
1789928547.033865,GET,GET /api/v1/reservas,5.160862,200,success,
1789928547.051488,GET,GET /api/v1/reservas,5.313533,200,success,
1789928547.067545,GET,GET /api/v1/reservas,8.588667,200,success,
1789928547.133030,GET,GET /api/v1/reservas,7.071989,200,success,
1789928547.212103,GET,GET /api/v1/reservas,8.381213,200,success,
1789928547.212312,GET,GET /api/v1/reservas,6.934441,200,success,
1789928547.300007,GET,GET /api/v1/reservas/{id},4.443385,200,success,
1789928547.311629,GET,GET /api/v1/reservas,4.330133,200,success,
1789928547.387562,GET,GET /api/v1/reservas/{id},4.691391,200,success,
1789928547.408464,GET,GET /api/v1/reservas,5.579006,200,success,
1789928547.458738,GET,GET /api/v1/reservas,4.999348,200,success,
1789928547.489651,GET,GET /api/v1/reservas,4.641715,200,success,
1789928547.500041,GET,GET /api/v1/reservas/{id},3.268334,200,success,
1789928547.629379,GET,GET /api/v1/reservas,6.928041,200,success,
1789928547.653692,GET,GET /api/v1/reservas,8.995946,200,success,
1789928547.712539,GET,GET /api/v1/reservas/{id},8.126127,200,success,
1789928547.713141,GET,GET /api/v1/reservas,9.089707,200,success,
1789928547.733096,GET,GET /api/v1/reservas/{id},5.741121,200,success,
1789928547.783451,GET,GET /api/v1/reservas,8.907060,200,success,
1789928547.821977,GET,GET /api/v1/reservas/{id},7.248546,200,success,
1789928547.840853,GET,GET /api/v1/reservas,7.495220,200,success,
1789928547.843810,GET,GET /api/v1/reservas,7.730277,200,success,
1789928547.886098,GET,GET /api/v1/reservas,6.934351,200,success,
1789928547.926634,GET,GET /api/v1/reservas,5.255585,200,success,
1789928548.002719,GET,GET /api/v1/reservas/{id},4.845123,200,success,
1789928548.071861,GET,GET /api/v1/reservas,5.774572,200,success,
1789928548.088852,GET,GET /api/v1/reservas,4.738203,200,success,
1789928548.091546,GET,GET /api/v1/reservas/{id},3.845139,200,success,
1789928548.116554,GET,GET /api/v1/reservas/{id},3.487516,200,success,
1789928548.117556,GET,GET /api/v1/reservas,4.766094,200,success,
1789928548.183872,GET,GET /api/v1/reservas,5.986814,200,success,
1789928548.240731,GET,GET /api/v1/reservas,5.546336,200,success,
1789928548.273804,GET,GET /api/v1/reservas/{id},3.872259,200,success,
1789928548.314683,GET,GET /api/v1/reservas/{id},3.684765,200,success,
1789928548.380294,GET,GET /api/v1/reservas/{id},4.387210,200,success,
1789928548.450063,GET,GET /api/v1/reservas,5.410201,200,success,
1789928548.516476,GET,GET /api/v1/reservas,5.119118,200,success,
1789928548.576693,GET,GET /api/v1/reservas/{id},4.003198,200,success,
1789928548.609342,GET,GET /api/v1/reservas/{id},3.458942,200,success,
1789928548.641627,GET,GET /api/v1/reservas,4.976403,200,success,
1789928548.642372,GET,GET /api/v1/reservas,4.096578,200,success,
1789928548.678702,GET,GET /api/v1/reservas,5.056844,200,success,
1789928548.715533,GET,GET /api/v1/reservas,4.552430,200,success,
1789928548.722458,GET,GET /api/v1/reservas,3.700899,200,success,
1789928548.792278,GET,GET /api/v1/reservas/{id},4.604679,200,success,
1789928548.804052,GET,GET /api/v1/reservas,4.488974,200,success,
1789928548.813648,GET,GET /api/v1/reservas/{id},3.423918,200,success,
1789928548.844341,GET,GET /api/v1/reservas,4.820466,200,success,
1789928548.862048,GET,GET /api/v1/reservas,4.440401,200,success,
1789928548.877560,GET,GET /api/v1/reservas,4.264783,200,success,
1789928548.972253,GET,GET /api/v1/reservas/{id},4.442644,200,success,
1789928548.994605,GET,GET /api/v1/reservas/{id},4.139924,200,success,
1789928549.045160,GET,GET /api/v1/reservas/{id},5.325251,200,success,
1789928549.110927,GET,GET /api/v1/reservas/{id},4.513411,200,success,
1789928549.139854,GET,GET /api/v1/reservas,4.642858,200,success,
1789928549.173816,GET,GET /api/v1/reservas,4.673863,200,success,
1789928549.201572,GET,GET /api/v1/reservas,4.475323,200,success,
1789928549.210031,GET,GET /api/v1/reservas/{id},3.285870,200,success,
1789928549.214418,GET,GET /api/v1/reservas,4.201077,200,success,
1789928549.214979,GET,GET /api/v1/reservas/{id},3.366273,200,success,
1789928549.325311,GET,GET /api/v1/reservas,5.988436,200,success,
1789928549.370549,GET,GET /api/v1/reservas,4.974219,200,success,
1789928549.565753,GET,GET /api/v1/reservas,5.835515,200,success,
1789928549.569041,GET,GET /api/v1/reservas/{id},3.187752,200,success,
1789928549.600876,GET,GET /api/v1/reservas,4.575205,200,success,
1789928549.683839,GET,GET /api/v1/reservas,7.183438,200,success,
1789928549.701045,GET,GET /api/v1/reservas,4.896032,200,success,
1789928549.758100,GET,GET /api/v1/reservas/{id},5.801602,200,success,
1789928549.788904,GET,GET /api/v1/reservas,6.468434,200,success,
1789928549.853841,GET,GET /api/v1/reservas/{id},6.778964,200,success,
1789928549.886717,GET,GET /api/v1/reservas/{id},7.544405,200,success,
1789928549.927031,GET,GET /api/v1/reservas,6.913569,200,success,
1789928549.939162,GET,GET /api/v1/reservas,5.783245,200,success,
1789928549.995450,GET,GET /api/v1/reservas,7.960375,200,success,
1789928550.022129,GET,GET /api/v1/reservas,7.378843,200,success,
1789928550.115906,GET,GET /api/v1/reservas/{id},5.446746,200,success,
1789928550.159365,GET,GET /api/v1/reservas,7.109816,200,success,
1789928550.203138,GET,GET /api/v1/reservas,8.336655,200,success,
1789928550.204055,GET,GET /api/v1/reservas,8.220970,200,success,
1789928550.211128,GET,GET /api/v1/reservas,5.784818,200,success,
1789928550.257974,GET,GET /api/v1/reservas/{id},7.370871,200,success,
1789928550.273713,GET,GET /api/v1/reservas,6.424467,200,success,
1789928550.274471,GET,GET /api/v1/reservas,9.186034,200,success,
1789928550.282656,GET,GET /api/v1/reservas,4.916663,200,success,
1789928550.304975,GET,GET /api/v1/reservas,5.994235,200,success,
1789928550.368911,GET,GET /api/v1/reservas/{id},11.785474,200,success,
1789928550.369837,GET,GET /api/v1/reservas/{id},12.210427,200,success,
1789928550.388258,GET,GET /api/v1/reservas,10.995265,200,success,
1789928550.403650,GET,GET /api/v1/reservas,6.101457,200,success,
1789928550.467535,GET,GET /api/v1/reservas,6.547794,200,success,
1789928550.476779,GET,GET /api/v1/reservas,6.177763,200,success,
1789928550.477016,GET,GET /api/v1/reservas,9.256330,200,success,
1789928550.641372,GET,GET /api/v1/reservas,7.856998,200,success,
1789928550.646284,GET,GET /api/v1/reservas,8.959540,200,success,
1789928550.709864,GET,GET /api/v1/reservas,9.079641,200,success,
1789928550.821871,GET,GET /api/v1/reservas,8.515427,200,success,
1789928550.846394,GET,GET /api/v1/reservas,9.232915,200,success,
1789928550.853073,GET,GET /api/v1/reservas,4.415492,200,success,
1789928550.872955,GET,GET /api/v1/reservas,4.635536,200,success,
1789928550.907826,GET,GET /api/v1/reservas/{id},3.669041,200,success,
1789928550.914669,GET,GET /api/v1/reservas,4.616477,200,success,
1789928551.028249,GET,GET /api/v1/reservas/{id},4.390705,200,success,
1789928551.129881,GET,GET /api/v1/reservas,8.248101,200,success,
1789928551.155779,GET,GET /api/v1/reservas,4.630268,200,success,
1789928551.193184,GET,GET /api/v1/reservas,5.132240,200,success,
1789928551.292854,GET,GET /api/v1/reservas/{id},3.592976,200,success,
1789928551.293669,GET,GET /api/v1/reservas,6.118042,200,success,
1789928551.295764,GET,GET /api/v1/reservas,4.865665,200,success,
1789928551.323382,GET,GET /api/v1/reservas,5.337110,200,success,
1789928551.375946,GET,GET /api/v1/reservas,6.237074,200,success,
1789928551.398803,GET,GET /api/v1/reservas,4.587042,200,success,
1789928551.406836,GET,GET /api/v1/reservas,4.823851,200,success,
1789928551.430367,GET,GET /api/v1/reservas,4.330263,200,success,
1789928551.464880,GET,GET /api/v1/reservas/{id},4.316432,200,success,
1789928551.475602,GET,GET /api/v1/reservas,5.392553,200,success,
1789928551.481499,GET,GET /api/v1/reservas,6.628297,200,success,
1789928551.491366,GET,GET /api/v1/reservas/{id},3.730414,200,success,
1789928551.510453,GET,GET /api/v1/reservas,4.813797,200,success,
1789928551.533870,GET,GET /api/v1/reservas/{id},4.189480,200,success,
1789928551.669320,GET,GET /api/v1/reservas,7.450061,200,success,
1789928551.744170,GET,GET /api/v1/reservas,7.370121,200,success,
1789928551.801446,GET,GET /api/v1/reservas,6.900829,200,success,
1789928551.881628,GET,GET /api/v1/reservas,7.762877,200,success,
1789928551.887930,GET,GET /api/v1/reservas,7.100612,200,success,
1789928551.892644,GET,GET /api/v1/reservas,7.460437,200,success,
1789928551.910952,GET,GET /api/v1/reservas,9.024527,200,success,
1789928551.943762,GET,GET /api/v1/reservas/{id},5.541129,200,success,
1789928551.949604,GET,GET /api/v1/reservas/{id},3.643611,200,success,
1789928552.003469,GET,GET /api/v1/reservas,6.484197,200,success,
1789928552.024535,GET,GET /api/v1/reservas,4.788177,200,success,
1789928552.085783,GET,GET /api/v1/reservas,5.925741,200,success,
1789928552.157937,GET,GET /api/v1/reservas,5.794222,200,success,
1789928552.254241,GET,GET /api/v1/reservas/{id},4.986948,200,success,
1789928552.273657,GET,GET /api/v1/reservas,5.098498,200,success,
1789928552.299795,GET,GET /api/v1/reservas,4.879084,200,success,
1789928552.302555,GET,GET /api/v1/reservas/{id},3.478622,200,success,
1789928552.338743,GET,GET /api/v1/reservas/{id},4.002877,200,success,
1789928552.343172,GET,GET /api/v1/reservas/{id},3.273001,200,success,
1789928552.495571,GET,GET /api/v1/reservas,5.962857,200,success,
1789928552.567303,GET,GET /api/v1/reservas/{id},4.496365,200,success,
1789928552.582954,GET,GET /api/v1/reservas,4.378226,200,success,
1789928552.611434,GET,GET /api/v1/reservas,5.186782,200,success,
1789928552.647653,GET,GET /api/v1/reservas,4.963542,200,success,
1789928552.689603,GET,GET /api/v1/reservas/{id},3.756844,200,success,
1789928552.698887,GET,GET /api/v1/reservas,4.026221,200,success,
1789928552.734510,GET,GET /api/v1/reservas,5.354826,200,success,
1789928552.751163,GET,GET /api/v1/reservas/{id},3.481887,200,success,
1789928552.777268,GET,GET /api/v1/reservas,4.807728,200,success,
1789928552.843361,GET,GET /api/v1/reservas,5.745508,200,success,
1789928552.898296,GET,GET /api/v1/reservas,5.992803,200,success,
1789928552.946582,GET,GET /api/v1/reservas,4.986648,200,success,
1789928553.021561,GET,GET /api/v1/reservas/{id},4.727505,200,success,
1789928553.054266,GET,GET /api/v1/reservas,5.410340,200,success,
1789928553.098026,GET,GET /api/v1/reservas,5.393334,200,success,
1789928553.138331,GET,GET /api/v1/reservas,5.047390,200,success,
1789928553.245607,GET,GET /api/v1/reservas/{id},6.993801,200,success,
1789928553.246131,GET,GET /api/v1/reservas/{id},4.651680,200,success,
1789928553.304841,GET,GET /api/v1/reservas,6.382834,200,success,
1789928553.312688,GET,GET /api/v1/reservas/{id},4.692271,200,success,
1789928553.325372,GET,GET /api/v1/reservas,8.220349,200,success,
1789928553.335866,GET,GET /api/v1/reservas,7.187323,200,success,
1789928553.355531,GET,GET /api/v1/reservas,7.297671,200,success,
1789928553.359246,GET,GET /api/v1/reservas,6.283063,200,success,
1789928553.384226,GET,GET /api/v1/reservas,8.658424,200,success,
1789928553.444957,GET,GET /api/v1/reservas,7.383931,200,success,
1789928553.484201,GET,GET /api/v1/reservas,5.897589,200,success,
1789928553.510686,GET,GET /api/v1/reservas,5.215495,200,success,
1789928553.566228,GET,GET /api/v1/reservas,13.159105,200,success,
1789928553.606862,GET,GET /api/v1/reservas,6.241801,200,success,
1789928553.649601,GET,GET /api/v1/reservas,5.046259,200,success,
1789928553.690018,GET,GET /api/v1/reservas,5.059669,200,success,
1789928553.700369,GET,GET /api/v1/reservas,4.094536,200,success,
1789928553.768060,GET,GET /api/v1/reservas/{id},4.472569,200,success,
1789928553.788793,GET,GET /api/v1/reservas,4.468854,200,success,
1789928553.822862,GET,GET /api/v1/reservas,5.815494,200,success,
1789928553.829371,GET,GET /api/v1/reservas,4.238675,200,success,
1789928553.852775,GET,GET /api/v1/reservas,8.105334,200,success,
1789928553.860324,GET,GET /api/v1/reservas,4.265896,200,success,
1789928553.870159,GET,GET /api/v1/reservas/{id},3.661039,200,success,
1789928553.874663,GET,GET /api/v1/reservas,4.324543,200,success,
1789928553.905784,GET,GET /api/v1/reservas,12.667610,200,success,
1789928553.914857,GET,GET /api/v1/reservas,5.755263,200,success,
1789928553.939866,GET,GET /api/v1/reservas,4.692030,200,success,
1789928553.966762,GET,GET /api/v1/reservas/{id},3.717545,200,success,
1789928554.033731,GET,GET /api/v1/reservas,5.632317,200,success,
1789928554.041125,GET,GET /api/v1/reservas/{id},3.207292,200,success,
1789928554.122393,GET,GET /api/v1/reservas,5.909557,200,success,
1789928554.151039,GET,GET /api/v1/reservas,5.332822,200,success,
1789928554.220893,GET,GET /api/v1/reservas,5.564864,200,success,
1789928554.230450,GET,GET /api/v1/reservas/{id},3.385130,200,success,
1789928554.464936,GET,GET /api/v1/reservas,5.977580,200,success,
1789928554.538971,GET,GET /api/v1/reservas,5.668191,200,success,
1789928554.582370,GET,GET /api/v1/reservas,5.103054,200,success,
1789928554.593475,GET,GET /api/v1/reservas,4.864203,200,success,
1789928554.682610,GET,GET /api/v1/reservas,5.773350,200,success,
1789928554.760843,GET,GET /api/v1/reservas,5.847863,200,success,
1789928554.785596,GET,GET /api/v1/reservas/{id},3.565885,200,success,
1789928554.829545,GET,GET /api/v1/reservas,5.646107,200,success,
1789928554.851370,GET,GET /api/v1/reservas,4.541893,200,success,
1789928554.883203,GET,GET /api/v1/reservas,4.593252,200,success,
1789928554.891526,GET,GET /api/v1/reservas/{id},3.173940,200,success,
1789928554.928688,GET,GET /api/v1/reservas,4.868729,200,success,
1789928554.929676,GET,GET /api/v1/reservas/{id},3.344128,200,success,
1789928554.941218,GET,GET /api/v1/reservas,4.326037,200,success,
1789928555.022096,GET,GET /api/v1/reservas,5.550703,200,success,
1789928555.048063,GET,GET /api/v1/reservas,4.674025,200,success,
1789928555.222149,GET,GET /api/v1/reservas/{id},4.856170,200,success,
1789928555.262839,GET,GET /api/v1/reservas,5.338522,200,success,
1789928555.269063,GET,GET /api/v1/reservas,4.911845,200,success,
1789928555.282952,GET,GET /api/v1/reservas/{id},3.703543,200,success,
1789928555.311390,GET,GET /api/v1/reservas,5.155985,200,success,
1789928555.315325,GET,GET /api/v1/reservas,4.563096,200,success,
1789928555.336998,GET,GET /api/v1/reservas/{id},3.474926,200,success,
1789928555.378305,GET,GET /api/v1/reservas,5.006579,200,success,
1789928555.434656,GET,GET /api/v1/reservas/{id},4.140164,200,success,
1789928555.497221,GET,GET /api/v1/reservas,6.252966,200,success,
1789928555.499616,GET,GET /api/v1/reservas,4.920758,200,success,
1789928555.532197,GET,GET /api/v1/reservas/{id},4.386238,200,success,
1789928555.536929,GET,GET /api/v1/reservas,5.330348,200,success,
1789928555.552515,GET,GET /api/v1/reservas,4.342863,200,success,
1789928555.586675,GET,GET /api/v1/reservas/{id},3.984579,200,success,
1789928555.589741,GET,GET /api/v1/reservas,4.305465,200,success,
1789928555.600068,GET,GET /api/v1/reservas,4.058412,200,success,
1789928555.727018,GET,GET /api/v1/reservas/{id},5.218539,200,success,
1789928555.742804,GET,GET /api/v1/reservas,4.539911,200,success,
1789928555.787646,GET,GET /api/v1/reservas,5.585877,200,success,
1789928555.842081,GET,GET /api/v1/reservas,5.121674,200,success,
1789928555.861404,GET,GET /api/v1/reservas,4.425116,200,success,
1789928556.019613,GET,GET /api/v1/reservas,5.797307,200,success,
1789928556.065787,GET,GET /api/v1/reservas/{id},3.946853,200,success,
1789928556.088702,GET,GET /api/v1/reservas,4.642196,200,success,
1789928556.136922,GET,GET /api/v1/reservas,4.944214,200,success,
1789928556.162595,GET,GET /api/v1/reservas/{id},3.503050,200,success,
1789928556.185577,GET,GET /api/v1/reservas,4.713444,200,success,
1789928556.201164,GET,GET /api/v1/reservas,4.357003,200,success,
1789928556.231933,GET,GET /api/v1/reservas,4.547433,200,success,
1789928556.303251,GET,GET /api/v1/reservas,6.059995,200,success,
1789928556.332529,GET,GET /api/v1/reservas,5.003854,200,success,
1789928556.361404,GET,GET /api/v1/reservas,4.622667,200,success,
1789928556.375460,GET,GET /api/v1/reservas,4.823560,200,success,
1789928556.400131,GET,GET /api/v1/reservas/{id},3.510912,200,success,
1789928556.521217,GET,GET /api/v1/reservas,5.685337,200,success,
1789928556.557385,GET,GET /api/v1/reservas/{id},3.663623,200,success,
1789928556.654547,GET,GET /api/v1/reservas,5.765949,200,success,
1789928556.676603,GET,GET /api/v1/reservas,4.757411,200,success,
1789928556.679444,GET,GET /api/v1/reservas,3.981424,200,success,
1789928556.692327,GET,GET /api/v1/reservas,4.671321,200,success,
1789928556.813372,GET,GET /api/v1/reservas,5.671075,200,success,
1789928556.835135,GET,GET /api/v1/reservas,4.446629,200,success,
1789928556.882050,GET,GET /api/v1/reservas/{id},4.057130,200,success,
1789928556.931458,GET,GET /api/v1/reservas,5.127222,200,success,
1789928556.979657,GET,GET /api/v1/reservas,4.940718,200,success,
1789928556.987011,GET,GET /api/v1/reservas/{id},3.185878,200,success,
1789928557.002398,GET,GET /api/v1/reservas/{id},3.223055,200,success,
1789928557.013496,GET,GET /api/v1/reservas,4.834307,200,success,
1789928557.086626,GET,GET /api/v1/reservas/{id},4.915591,200,success,
1789928557.109369,GET,GET /api/v1/reservas/{id},3.569340,200,success,
1789928557.168814,GET,GET /api/v1/reservas,7.587950,200,success,
1789928557.174103,GET,GET /api/v1/reservas,6.211935,200,success,
1789928557.177178,GET,GET /api/v1/reservas/{id},3.818037,200,success,
1789928557.198937,GET,GET /api/v1/reservas,7.478174,200,success,
1789928557.199650,GET,GET /api/v1/reservas/{id},4.690339,200,success,
1789928557.227955,GET,GET /api/v1/reservas/{id},5.103215,200,success,
1789928557.329610,GET,GET /api/v1/reservas,7.254506,200,success,
1789928557.414432,GET,GET /api/v1/reservas,7.461919,200,success,
1789928557.417696,GET,GET /api/v1/reservas,5.832019,200,success,
1789928557.509405,GET,GET /api/v1/reservas,14.297361,200,success,
1789928557.510319,GET,GET /api/v1/reservas,11.417754,200,success,
1789928557.515518,GET,GET /api/v1/reservas,11.918154,200,success,
1789928557.515904,GET,GET /api/v1/reservas,11.966206,200,success,
1789928557.517098,GET,GET /api/v1/reservas,6.601966,200,success,
1789928557.521022,GET,GET /api/v1/reservas,7.256639,200,success,
1789928557.532747,GET,GET /api/v1/reservas,6.482314,200,success,
1789928557.569296,GET,GET /api/v1/reservas,6.227408,200,success,
1789928557.687814,GET,GET /api/v1/reservas,5.678817,200,success,
1789928557.732039,GET,GET /api/v1/reservas,4.919416,200,success,
1789928557.757017,GET,GET /api/v1/reservas,4.688457,200,success,
1789928557.787578,GET,GET /api/v1/reservas,5.315577,200,success,
1789928557.796155,GET,GET /api/v1/reservas,4.329212,200,success,
1789928557.844577,GET,GET /api/v1/reservas/{id},5.227714,200,success,
1789928557.847158,GET,GET /api/v1/reservas,5.031996,200,success,
1789928557.848629,GET,GET /api/v1/reservas,4.971516,200,success,
1789928557.929339,GET,GET /api/v1/reservas/{id},5.813261,200,success,
1789928558.115868,GET,GET /api/v1/reservas,7.007371,200,success,
1789928558.175836,GET,GET /api/v1/reservas,6.621096,200,success,
1789928558.226722,GET,GET /api/v1/reservas/{id},4.639251,200,success,
1789928558.234301,GET,GET /api/v1/reservas,4.307438,200,success,
1789928558.369707,GET,GET /api/v1/reservas,7.005427,200,success,
1789928558.460506,GET,GET /api/v1/reservas,6.450156,200,success,
1789928558.461559,GET,GET /api/v1/reservas,4.722438,200,success,
1789928558.477934,GET,GET /api/v1/reservas,5.147973,200,success,
1789928558.480605,GET,GET /api/v1/reservas/{id},3.327253,200,success,
1789928558.487725,GET,GET /api/v1/reservas/{id},2.979166,200,success,
1789928558.523657,GET,GET /api/v1/reservas,4.680854,200,success,
1789928558.542094,GET,GET /api/v1/reservas,4.185163,200,success,
1789928558.702216,GET,GET /api/v1/reservas,5.707150,200,success,
1789928558.734223,GET,GET /api/v1/reservas,4.731020,200,success,
1789928558.762561,GET,GET /api/v1/reservas,5.075803,200,success,
1789928558.762884,GET,GET /api/v1/reservas,5.101884,200,success,
1789928558.772996,GET,GET /api/v1/reservas,3.853802,200,success,
1789928558.896420,GET,GET /api/v1/reservas/{id},4.438748,200,success,
1789928558.921400,GET,GET /api/v1/reservas,4.687925,200,success,
1789928558.948218,GET,GET /api/v1/reservas,4.558840,200,success,
1789928558.963296,GET,GET /api/v1/reservas,4.857292,200,success,
1789928558.997136,GET,GET /api/v1/reservas,4.569496,200,success,
1789928559.027890,GET,GET /api/v1/reservas/{id},3.592313,200,success,
1789928559.035266,GET,GET /api/v1/reservas,4.112303,200,success,
1789928559.098066,GET,GET /api/v1/reservas,5.471443,200,success,
1789928559.145406,GET,GET /api/v1/reservas/{id},4.134446,200,success,
1789928559.217470,GET,GET /api/v1/reservas,5.686378,200,success,
1789928559.248889,GET,GET /api/v1/reservas,5.147862,200,success,
1789928559.411545,GET,GET /api/v1/reservas/{id},5.310980,200,success,
1789928559.465893,GET,GET /api/v1/reservas,6.038201,200,success,
1789928559.504098,GET,GET /api/v1/reservas,4.934950,200,success,
1789928559.533490,GET,GET /api/v1/reservas,5.117657,200,success,
1789928559.571625,GET,GET /api/v1/reservas,4.890952,200,success,
1789928559.574639,GET,GET /api/v1/reservas/{id},2.927096,200,success,
1789928559.585899,GET,GET /api/v1/reservas,4.046634,200,success,
1789928559.615673,GET,GET /api/v1/reservas/{id},3.606838,200,success,
1789928559.628229,GET,GET /api/v1/reservas,8.311678,200,success,
1789928559.637849,GET,GET /api/v1/reservas,4.367140,200,success,
1789928559.681909,GET,GET /api/v1/reservas,6.768559,200,success,
1789928559.685889,GET,GET /api/v1/reservas,5.963669,200,success,
1789928559.782269,GET,GET /api/v1/reservas,6.031391,200,success,
1789928559.823656,GET,GET /api/v1/reservas,5.071066,200,success,
1789928559.899162,GET,GET /api/v1/reservas,5.499436,200,success,
1789928559.910613,GET,GET /api/v1/reservas/{id},3.286020,200,success,
1789928559.947764,GET,GET /api/v1/reservas,5.870327,200,success,
1789928559.958787,GET,GET /api/v1/reservas,4.724741,200,success,
1789928560.020031,GET,GET /api/v1/reservas,5.894053,200,success,
1789928560.077718,GET,GET /api/v1/reservas/{id},5.412113,200,success,
1789928560.108342,GET,GET /api/v1/reservas,6.264404,200,success,
1789928560.147357,GET,GET /api/v1/reservas/{id},4.781127,200,success,
1789928560.171682,GET,GET /api/v1/reservas,6.979348,200,success,
1789928560.210585,GET,GET /api/v1/reservas/{id},6.381081,200,success,
1789928560.280792,GET,GET /api/v1/reservas,6.837664,200,success,
1789928560.301853,GET,GET /api/v1/reservas,6.714877,200,success,
1789928560.311886,GET,GET /api/v1/reservas,5.719690,200,success,
1789928560.347470,GET,GET /api/v1/reservas/{id},5.328236,200,success,
1789928560.381591,GET,GET /api/v1/reservas/{id},6.836943,200,success,
1789928560.423252,GET,GET /api/v1/reservas,8.298558,200,success,
1789928560.424577,GET,GET /api/v1/reservas/{id},6.014315,200,success,
1789928560.425293,GET,GET /api/v1/reservas,7.030716,200,success,
1789928560.444500,GET,GET /api/v1/reservas,4.952736,200,success,
1789928560.462322,GET,GET /api/v1/reservas,7.521731,200,success,
1789928560.520132,GET,GET /api/v1/reservas/{id},6.527283,200,success,
1789928560.652194,GET,GET /api/v1/reservas,6.571319,200,success,
1789928560.810359,GET,GET /api/v1/reservas/{id},4.793206,200,success,
1789928560.819887,GET,GET /api/v1/reservas/{id},3.361095,200,success,
1789928560.834368,GET,GET /api/v1/reservas/{id},3.306732,200,success,
1789928560.903931,GET,GET /api/v1/reservas,5.571695,200,success,
1789928560.922962,GET,GET /api/v1/reservas,5.380435,200,success,
1789928560.923328,GET,GET /api/v1/reservas,6.148659,200,success,
1789928560.961307,GET,GET /api/v1/reservas/{id},3.806019,200,success,
1789928561.129339,GET,GET /api/v1/reservas,6.563217,200,success,
1789928561.130176,GET,GET /api/v1/reservas/{id},3.711265,200,success,
1789928561.134063,GET,GET /api/v1/reservas,5.595982,200,success,
1789928561.180177,GET,GET /api/v1/reservas/{id},3.920282,200,success,
1789928561.188430,GET,GET /api/v1/reservas/{id},3.079718,200,success,
1789928561.196625,GET,GET /api/v1/reservas,4.952996,200,success,
1789928561.196711,GET,GET /api/v1/reservas/{id},3.567046,200,success,
1789928561.278844,GET,GET /api/v1/reservas,5.828224,200,success,
1789928561.369036,GET,GET /api/v1/reservas,6.886618,200,success,
1789928561.376758,GET,GET /api/v1/reservas/{id},3.551543,200,success,
1789928561.388484,GET,GET /api/v1/reservas,4.486861,200,success,
1789928561.421245,GET,GET /api/v1/reservas/{id},3.587377,200,success,
1789928561.427387,GET,GET /api/v1/reservas/{id},2.989461,200,success,
1789928561.491075,GET,GET /api/v1/reservas,5.349578,200,success,
1789928561.496646,GET,GET /api/v1/reservas,4.319797,200,success,
1789928561.519200,GET,GET /api/v1/reservas,4.316281,200,success,
1789928561.539721,GET,GET /api/v1/reservas,4.268489,200,success,
1789928561.548315,GET,GET /api/v1/reservas/{id},3.127520,200,success,
1789928561.586068,GET,GET /api/v1/reservas,5.449820,200,success,
1789928561.738463,GET,GET /api/v1/reservas/{id},4.669097,200,success,
1789928561.785735,GET,GET /api/v1/reservas/{id},4.091232,200,success,
1789928561.839391,GET,GET /api/v1/reservas/{id},4.458197,200,success,
1789928561.852349,GET,GET /api/v1/reservas,4.710589,200,success,
1789928562.280356,GET,GET /api/v1/reservas,6.928782,200,success,
1789928562.296994,GET,GET /api/v1/reservas,5.302596,200,success,
1789928562.307792,GET,GET /api/v1/reservas,4.529735,200,success,
1789928562.325670,GET,GET /api/v1/reservas,4.595885,200,success,
1789928562.329210,GET,GET /api/v1/reservas,4.487642,200,success,
1789928562.331857,GET,GET /api/v1/reservas,3.970888,200,success,
1789928562.410773,GET,GET /api/v1/reservas,7.605117,200,success,
1789928562.415545,GET,GET /api/v1/reservas,6.197022,200,success,
1789928562.415911,GET,GET /api/v1/reservas,4.977485,200,success,
1789928562.437474,GET,GET /api/v1/reservas,4.336182,200,success,
1789928562.589934,GET,GET /api/v1/reservas,7.013730,200,success,
1789928562.691081,GET,GET /api/v1/reservas,5.741532,200,success,
1789928562.710624,GET,GET /api/v1/reservas,4.305106,200,success,
1789928562.775306,GET,GET /api/v1/reservas,5.360806,200,success,
1789928562.796693,GET,GET /api/v1/reservas,5.085297,200,success,
1789928562.806619,GET,GET /api/v1/reservas,5.672046,200,success,
1789928562.855146,GET,GET /api/v1/reservas,5.198058,200,success,
1789928562.873799,GET,GET /api/v1/reservas,4.762649,200,success,
1789928562.880075,GET,GET /api/v1/reservas/{id},3.126868,200,success,
1789928562.888591,GET,GET /api/v1/reservas,4.268349,200,success,
1789928562.896855,GET,GET /api/v1/reservas,4.057109,200,success,
1789928562.928638,GET,GET /api/v1/reservas,4.500791,200,success,
1789928562.935262,GET,GET /api/v1/reservas,4.358647,200,success,
1789928562.977458,GET,GET /api/v1/reservas,4.939046,200,success,
1789928563.133118,GET,GET /api/v1/reservas,6.225525,200,success,
1789928563.201026,GET,GET /api/v1/reservas,5.545736,200,success,
1789928563.204899,GET,GET /api/v1/reservas,3.704584,200,success,
1789928563.225805,GET,GET /api/v1/reservas/{id},3.725286,200,success,
1789928563.229147,GET,GET /api/v1/reservas,4.388531,200,success,
1789928563.311844,GET,GET /api/v1/reservas,6.390055,200,success,
1789928563.313351,GET,GET /api/v1/reservas,5.084115,200,success,
1789928563.315872,GET,GET /api/v1/reservas,3.847921,200,success,
1789928563.344538,GET,GET /api/v1/reservas,6.365949,200,success,
1789928563.353654,GET,GET /api/v1/reservas,8.882342,200,success,
1789928563.358649,GET,GET /api/v1/reservas,6.354171,200,success,
1789928563.364057,GET,GET /api/v1/reservas,4.155768,200,success,
1789928563.404471,GET,GET /api/v1/reservas,5.149365,200,success,
1789928563.470943,GET,GET /api/v1/reservas,5.177828,200,success,
1789928563.547635,GET,GET /api/v1/reservas,11.159434,200,success,
1789928563.557509,GET,GET /api/v1/reservas,14.917359,200,success,
1789928563.559198,GET,GET /api/v1/reservas,16.254636,200,success,
1789928563.776290,GET,GET /api/v1/reservas,7.237590,200,success,
1789928563.850567,GET,GET /api/v1/reservas/{id},3.986953,200,success,
1789928563.851300,GET,GET /api/v1/reservas,6.640555,200,success,
1789928563.881763,GET,GET /api/v1/reservas,5.495879,200,success,
1789928563.910932,GET,GET /api/v1/reservas,10.655560,200,success,
1789928563.923189,GET,GET /api/v1/reservas,5.908886,200,success,
1789928563.950379,GET,GET /api/v1/reservas,6.870273,200,success,
1789928563.950942,GET,GET /api/v1/reservas,5.691206,200,success,
1789928563.953711,GET,GET /api/v1/reservas,4.796230,200,success,
1789928563.969937,GET,GET /api/v1/reservas,7.966644,200,success,
1789928563.985843,GET,GET /api/v1/reservas,4.639350,200,success,
1789928564.037278,GET,GET /api/v1/reservas,5.148603,200,success,
1789928564.066203,GET,GET /api/v1/reservas,4.617479,200,success,
1789928564.148446,GET,GET /api/v1/reservas,7.872361,200,success,
1789928564.187724,GET,GET /api/v1/reservas,4.992808,200,success,
1789928564.262129,GET,GET /api/v1/reservas/{id},5.153861,200,success,
1789928564.369455,GET,GET /api/v1/reservas,5.891379,200,success,
1789928564.379950,GET,GET /api/v1/reservas/{id},3.324638,200,success,
1789928564.413550,GET,GET /api/v1/reservas,5.318871,200,success,
1789928564.489593,GET,GET /api/v1/reservas,5.685548,200,success,
1789928564.512363,GET,GET /api/v1/reservas,4.503335,200,success,
1789928564.599842,GET,GET /api/v1/reservas,6.137272,200,success,
1789928564.608551,GET,GET /api/v1/reservas,4.473321,200,success,
1789928564.653308,GET,GET /api/v1/reservas,6.436936,200,success,
1789928564.686717,GET,GET /api/v1/reservas,6.094086,200,success,
1789928564.698529,GET,GET /api/v1/reservas,5.509080,200,success,
1789928564.699083,GET,GET /api/v1/reservas,4.434601,200,success,
1789928564.792466,GET,GET /api/v1/reservas,6.073766,200,success,
1789928564.826321,GET,GET /api/v1/reservas/{id},4.620023,200,success,
1789928564.844296,GET,GET /api/v1/reservas,5.649503,200,success,
1789928564.848768,GET,GET /api/v1/reservas,5.396118,200,success,
1789928564.860171,GET,GET /api/v1/reservas/{id},4.233305,200,success,
1789928564.872188,GET,GET /api/v1/reservas/{id},3.853501,200,success,
1789928564.887148,GET,GET /api/v1/reservas,5.685688,200,success,
1789928564.955158,GET,GET /api/v1/reservas,5.664845,200,success,
1789928565.106261,GET,GET /api/v1/reservas/{id},4.880627,200,success,
1789928565.139711,GET,GET /api/v1/reservas/{id},5.273983,200,success,
1789928565.225207,GET,GET /api/v1/reservas,6.171203,200,success,
1789928565.251704,GET,GET /api/v1/reservas,5.172259,200,success,
1789928565.275861,GET,GET /api/v1/reservas,4.899396,200,success,
1789928565.279208,GET,GET /api/v1/reservas/{id},4.034805,200,success,
1789928565.280298,GET,GET /api/v1/reservas,4.279295,200,success,
1789928565.303977,GET,GET /api/v1/reservas,4.424706,200,success,
1789928565.327216,GET,GET /api/v1/reservas,4.992577,200,success,
1789928565.366160,GET,GET /api/v1/reservas/{id},4.748196,200,success,
1789928565.377921,GET,GET /api/v1/reservas/{id},3.582810,200,success,
1789928565.383495,GET,GET /api/v1/reservas,4.363944,200,success,
1789928565.462584,GET,GET /api/v1/reservas,5.751618,200,success,
1789928565.547761,GET,GET /api/v1/reservas,5.778207,200,success,
1789928565.548823,GET,GET /api/v1/reservas/{id},3.179609,200,success,
1789928565.611618,GET,GET /api/v1/reservas,6.468974,200,success,
1789928565.629099,GET,GET /api/v1/reservas,5.165809,200,success,
1789928565.644760,GET,GET /api/v1/reservas,5.011616,200,success,
1789928565.765080,GET,GET /api/v1/reservas,5.871519,200,success,
1789928565.784867,GET,GET /api/v1/reservas,4.531428,200,success,
1789928565.845346,GET,GET /api/v1/reservas/{id},4.246116,200,success,
1789928565.879382,GET,GET /api/v1/reservas,5.075653,200,success,
1789928565.893291,GET,GET /api/v1/reservas,4.607403,200,success,
1789928565.904882,GET,GET /api/v1/reservas,4.310934,200,success,
1789928565.925817,GET,GET /api/v1/reservas,4.662817,200,success,
1789928565.938526,GET,GET /api/v1/reservas,4.451597,200,success,
1789928566.015326,GET,GET /api/v1/reservas/{id},4.552870,200,success,
1789928566.050659,GET,GET /api/v1/reservas,5.043543,200,success,
1789928566.079469,GET,GET /api/v1/reservas,4.535143,200,success,
1789928566.129702,GET,GET /api/v1/reservas,5.884108,200,success,
1789928566.134438,GET,GET /api/v1/reservas,5.974296,200,success,
1789928566.239397,GET,GET /api/v1/reservas,6.539863,200,success,
1789928566.304786,GET,GET /api/v1/reservas,6.043559,200,success,
1789928566.320172,GET,GET /api/v1/reservas,5.105368,200,success,
1789928566.347210,GET,GET /api/v1/reservas,9.714023,200,success,
1789928566.477977,GET,GET /api/v1/reservas,6.300308,200,success,
1789928566.485951,GET,GET /api/v1/reservas/{id},3.748412,200,success,
1789928566.576509,GET,GET /api/v1/reservas,5.803566,200,success,
1789928566.615277,GET,GET /api/v1/reservas,5.505445,200,success,
1789928566.622920,GET,GET /api/v1/reservas,4.411857,200,success,
1789928566.625751,GET,GET /api/v1/reservas/{id},3.470790,200,success,
1789928566.642242,GET,GET /api/v1/reservas,4.235990,200,success,
1789928566.669019,GET,GET /api/v1/reservas/{id},3.585845,200,success,
1789928566.671078,GET,GET /api/v1/reservas,3.960483,200,success,
1789928566.685833,GET,GET /api/v1/reservas,4.543257,200,success,
1789928566.772404,GET,GET /api/v1/reservas,7.183117,200,success,
1789928566.772918,GET,GET /api/v1/reservas,7.280204,200,success,
1789928566.784361,GET,GET /api/v1/reservas/{id},3.299071,200,success,
1789928566.800779,GET,GET /api/v1/reservas,4.174798,200,success,
1789928566.860904,GET,GET /api/v1/reservas,5.824668,200,success,
1789928566.863321,GET,GET /api/v1/reservas/{id},3.638255,200,success,
1789928566.868444,GET,GET /api/v1/reservas/{id},2.966235,200,success,
1789928566.873316,GET,GET /api/v1/reservas/{id},2.736597,200,success,
1789928566.878203,GET,GET /api/v1/reservas/{id},2.748165,200,success,
1789928566.897493,GET,GET /api/v1/reservas/{id},3.169423,200,success,
1789928566.917717,GET,GET /api/v1/reservas,4.962121,200,success,
1789928566.920508,GET,GET /api/v1/reservas/{id},3.542750,200,success,
1789928566.923004,GET,GET /api/v1/reservas,3.848474,200,success,
1789928566.955953,GET,GET /api/v1/reservas/{id},3.779759,200,success,
1789928566.966312,GET,GET /api/v1/reservas,4.118141,200,success,
1789928567.030740,GET,GET /api/v1/reservas,5.109594,200,success,
1789928567.170144,GET,GET /api/v1/reservas,21.954585,200,success,
1789928567.269699,GET,GET /api/v1/reservas/{id},5.273703,200,success,
1789928567.277894,GET,GET /api/v1/reservas,4.915631,200,success,
1789928567.286900,GET,GET /api/v1/reservas,4.752082,200,success,
1789928567.357526,GET,GET /api/v1/reservas,7.270910,200,success,
1789928567.454890,GET,GET /api/v1/reservas,6.005763,200,success,
1789928567.502678,GET,GET /api/v1/reservas,5.489450,200,success,
1789928567.636565,GET,GET /api/v1/reservas,7.505567,200,success,
1789928567.758888,GET,GET /api/v1/reservas,9.547701,200,success,
1789928567.759448,GET,GET /api/v1/reservas/{id},16.126102,200,success,
1789928567.760032,GET,GET /api/v1/reservas,16.009415,200,success,
1789928567.764113,GET,GET /api/v1/reservas,10.142192,200,success,
1789928567.783867,GET,GET /api/v1/reservas,8.345039,200,success,
1789928567.790564,GET,GET /api/v1/reservas/{id},6.576477,200,success,
1789928567.818654,GET,GET /api/v1/reservas/{id},5.842565,200,success,
1789928567.880303,GET,GET /api/v1/reservas,7.524594,200,success,
1789928567.880628,GET,GET /api/v1/reservas/{id},5.029303,200,success,
1789928567.940631,GET,GET /api/v1/reservas/{id},5.766260,200,success,
1789928568.015037,GET,GET /api/v1/reservas,6.003009,200,success,
1789928568.070910,GET,GET /api/v1/reservas,5.525214,200,success,
1789928568.137918,GET,GET /api/v1/reservas,5.673680,200,success,
1789928568.229613,GET,GET /api/v1/reservas/{id},10.421696,200,success,
1789928568.265607,GET,GET /api/v1/reservas,7.600790,200,success,
1789928568.343729,GET,GET /api/v1/reservas/{id},8.849452,200,success,
1789928568.409381,GET,GET /api/v1/reservas/{id},6.390486,200,success,
1789928568.415610,GET,GET /api/v1/reservas,7.513798,200,success,
1789928568.421473,GET,GET /api/v1/reservas,5.596913,200,success,
1789928568.423008,GET,GET /api/v1/reservas,5.506587,200,success,
1789928568.580947,GET,GET /api/v1/reservas,6.488333,200,success,
1789928568.590420,GET,GET /api/v1/reservas/{id},3.273422,200,success,
1789928568.601948,GET,GET /api/v1/reservas,4.286226,200,success,
1789928568.615721,GET,GET /api/v1/reservas,4.529125,200,success,
1789928568.621269,GET,GET /api/v1/reservas,4.340518,200,success,
1789928568.629600,GET,GET /api/v1/reservas,4.104551,200,success,
1789928568.663341,GET,GET /api/v1/reservas/{id},3.573046,200,success,
1789928568.789241,GET,GET /api/v1/reservas/{id},4.597878,200,success,
1789928568.805832,GET,GET /api/v1/reservas,5.327404,200,success,
1789928568.830862,GET,GET /api/v1/reservas,4.759583,200,success,
1789928568.855049,GET,GET /api/v1/reservas,4.892045,200,success,
1789928568.862029,GET,GET /api/v1/reservas,4.733084,200,success,
1789928568.921487,GET,GET /api/v1/reservas,5.473706,200,success,
1789928569.013877,GET,GET /api/v1/reservas,6.032464,200,success,
1789928569.134740,GET,GET /api/v1/reservas,6.539101,200,success,
1789928569.144433,GET,GET /api/v1/reservas,4.438898,200,success,
1789928569.159036,GET,GET /api/v1/reservas/{id},3.440835,200,success,
1789928569.255652,GET,GET /api/v1/reservas,6.206036,200,success,
1789928569.301695,GET,GET /api/v1/reservas,5.690144,200,success,
1789928569.311312,GET,GET /api/v1/reservas,4.372837,200,success,
1789928569.369910,GET,GET /api/v1/reservas,5.278871,200,success,
1789928569.395005,GET,GET /api/v1/reservas,4.836009,200,success,
1789928569.398749,GET,GET /api/v1/reservas,4.418697,200,success,
1789928569.412052,GET,GET /api/v1/reservas/{id},4.140055,200,success,
1789928569.422776,GET,GET /api/v1/reservas,4.475433,200,success,
1789928569.423146,GET,GET /api/v1/reservas,4.604990,200,success,
1789928569.462223,GET,GET /api/v1/reservas/{id},4.905445,200,success,
1789928569.463376,GET,GET /api/v1/reservas,5.623043,200,success,
1789928569.586556,GET,GET /api/v1/reservas,5.759139,200,success,
1789928569.635960,GET,GET /api/v1/reservas,5.112068,200,success,
1789928569.649683,GET,GET /api/v1/reservas/{id},3.166320,200,success,
1789928569.674400,GET,GET /api/v1/reservas,4.445999,200,success,
1789928569.676470,GET,GET /api/v1/reservas/{id},3.010883,200,success,
1789928569.931145,GET,GET /api/v1/reservas/{id},3.733038,200,success,
1789928569.931860,GET,GET /api/v1/reservas,6.224625,200,success,
1789928569.951293,GET,GET /api/v1/reservas/{id},3.261582,200,success,
1789928570.012792,GET,GET /api/v1/reservas/{id},4.290052,200,success,
1789928570.063529,GET,GET /api/v1/reservas,5.417892,200,success,
1789928570.087361,GET,GET /api/v1/reservas,4.577469,200,success,
1789928570.091384,GET,GET /api/v1/reservas,3.861372,200,success,
1789928570.129582,GET,GET /api/v1/reservas/{id},4.008626,200,success,
1789928570.151125,GET,GET /api/v1/reservas/{id},3.378671,200,success,
1789928570.162718,GET,GET /api/v1/reservas,4.325195,200,success,
1789928570.208268,GET,GET /api/v1/reservas/{id},4.358746,200,success,
1789928570.215787,GET,GET /api/v1/reservas,4.293898,200,success,
1789928570.458601,GET,GET /api/v1/reservas,6.356534,200,success,
1789928570.463514,GET,GET /api/v1/reservas,4.692042,200,success,
1789928570.524947,GET,GET /api/v1/reservas,8.355955,200,success,
1789928570.525379,GET,GET /api/v1/reservas,9.576905,200,success,
1789928570.619519,GET,GET /api/v1/reservas,6.802751,200,success,
1789928570.640162,GET,GET /api/v1/reservas,7.325493,200,success,
1789928570.668473,GET,GET /api/v1/reservas/{id},5.120922,200,success,
1789928570.694048,GET,GET /api/v1/reservas,7.233865,200,success,
1789928570.695113,GET,GET /api/v1/reservas/{id},4.406680,200,success,
1789928570.757038,GET,GET /api/v1/reservas,7.530334,200,success,
1789928570.779730,GET,GET /api/v1/reservas,5.427777,200,success,
1789928570.853246,GET,GET /api/v1/reservas/{id},6.229441,200,success,
1789928570.908359,GET,GET /api/v1/reservas,11.971655,200,success,
1789928570.932377,GET,GET /api/v1/reservas,6.668327,200,success,
1789928570.974478,GET,GET /api/v1/reservas/{id},4.866546,200,success,
1789928570.985014,GET,GET /api/v1/reservas,5.229166,200,success,
1789928570.985476,GET,GET /api/v1/reservas/{id},3.183515,200,success,
1789928571.009734,GET,GET /api/v1/reservas,5.056163,200,success,
1789928571.017964,GET,GET /api/v1/reservas/{id},3.064986,200,success,
1789928571.115842,GET,GET /api/v1/reservas/{id},4.589035,200,success,
1789928571.141862,GET,GET /api/v1/reservas,4.713995,200,success,
1789928571.152194,GET,GET /api/v1/reservas,4.095548,200,success,
1789928571.182057,GET,GET /api/v1/reservas,4.585039,200,success,
1789928571.217100,GET,GET /api/v1/reservas/{id},3.846650,200,success,
1789928571.230651,GET,GET /api/v1/reservas,4.289963,200,success,
1789928571.247906,GET,GET /api/v1/reservas,4.986919,200,success,
1789928571.350599,GET,GET /api/v1/reservas,6.284135,200,success,
1789928571.370606,GET,GET /api/v1/reservas/{id},3.809594,200,success,
1789928571.378081,GET,GET /api/v1/reservas,4.229882,200,success,
1789928571.427626,GET,GET /api/v1/reservas,5.281776,200,success,
1789928571.447326,GET,GET /api/v1/reservas/{id},3.527937,200,success,
1789928571.516011,GET,GET /api/v1/reservas,6.336103,200,success,
1789928571.548161,GET,GET /api/v1/reservas,4.857131,200,success,
1789928571.594673,GET,GET /api/v1/reservas,5.245520,200,success,
1789928571.613446,GET,GET /api/v1/reservas/{id},3.600988,200,success,
1789928571.622791,GET,GET /api/v1/reservas/{id},3.194472,200,success,
1789928571.663065,GET,GET /api/v1/reservas,5.540307,200,success,
1789928571.862343,GET,GET /api/v1/reservas/{id},4.894528,200,success,
1789928571.975178,GET,GET /api/v1/reservas,5.725008,200,success,
1789928572.034126,GET,GET /api/v1/reservas,5.632667,200,success,
1789928572.040903,GET,GET /api/v1/reservas,4.486950,200,success,
1789928572.064655,GET,GET /api/v1/reservas/{id},3.567307,200,success,
1789928572.186643,GET,GET /api/v1/reservas,6.562385,200,success,
1789928572.222437,GET,GET /api/v1/reservas,6.471129,200,success,
1789928572.251920,GET,GET /api/v1/reservas,5.211970,200,success,
1789928572.287039,GET,GET /api/v1/reservas,5.471292,200,success,
1789928572.287379,GET,GET /api/v1/reservas,6.235121,200,success,
1789928572.301864,GET,GET /api/v1/reservas,6.210733,200,success,
1789928572.329092,GET,GET /api/v1/reservas/{id},4.995200,200,success,
1789928572.333352,GET,GET /api/v1/reservas,5.429069,200,success,
1789928572.451610,GET,GET /api/v1/reservas/{id},9.450173,200,success,
1789928572.492402,GET,GET /api/v1/reservas/{id},5.524253,200,success,
1789928572.555556,GET,GET /api/v1/reservas,7.709395,200,success,
1789928572.556026,GET,GET /api/v1/reservas,6.239857,200,success,
1789928572.621891,GET,GET /api/v1/reservas/{id},4.649517,200,success,
1789928572.633845,GET,GET /api/v1/reservas,4.690339,200,success,
1789928572.672832,GET,GET /api/v1/reservas/{id},3.779538,200,success,
1789928572.695269,GET,GET /api/v1/reservas,5.160240,200,success,
1789928572.726233,GET,GET /api/v1/reservas,4.715658,200,success,
1789928572.751035,GET,GET /api/v1/reservas,4.544968,200,success,
1789928572.773295,GET,GET /api/v1/reservas,5.018396,200,success,
1789928572.858268,GET,GET /api/v1/reservas/{id},4.714095,200,success,
1789928572.892608,GET,GET /api/v1/reservas/{id},4.447851,200,success,
1789928572.903311,GET,GET /api/v1/reservas,4.424507,200,success,
1789928572.934474,GET,GET /api/v1/reservas,4.888419,200,success,
1789928572.982176,GET,GET /api/v1/reservas,5.393795,200,success,
1789928572.982759,GET,GET /api/v1/reservas,4.339176,200,success,
1789928573.033118,GET,GET /api/v1/reservas,5.106971,200,success,
1789928573.042128,GET,GET /api/v1/reservas,4.746904,200,success,
1789928573.087369,GET,GET /api/v1/reservas/{id},4.422493,200,success,
1789928573.087764,GET,GET /api/v1/reservas,5.388007,200,success,
1789928573.110232,GET,GET /api/v1/reservas,5.203868,200,success,
1789928573.110965,GET,GET /api/v1/reservas,4.302251,200,success,
1789928573.189880,GET,GET /api/v1/reservas,5.575761,200,success,
1789928573.253726,GET,GET /api/v1/reservas,5.523541,200,success,
1789928573.277353,GET,GET /api/v1/reservas,5.333984,200,success,
1789928573.303087,GET,GET /api/v1/reservas,5.428929,200,success,
1789928573.303237,GET,GET /api/v1/reservas,5.313723,200,success,
1789928573.338207,GET,GET /api/v1/reservas,4.734927,200,success,
1789928573.485263,GET,GET /api/v1/reservas/{id},4.876701,200,success,
1789928573.489850,GET,GET /api/v1/reservas,4.371636,200,success,
1789928573.505323,GET,GET /api/v1/reservas,4.240167,200,success,
1789928573.510109,GET,GET /api/v1/reservas,5.413526,200,success,
1789928573.546138,GET,GET /api/v1/reservas,5.680009,200,success,
1789928573.571241,GET,GET /api/v1/reservas/{id},5.843988,200,success,
1789928573.614596,GET,GET /api/v1/reservas,5.968627,200,success,
1789928573.647218,GET,GET /api/v1/reservas/{id},4.417015,200,success,
1789928573.716962,GET,GET /api/v1/reservas,5.409970,200,success,
1789928573.724240,GET,GET /api/v1/reservas/{id},3.105837,200,success,
1789928573.755232,GET,GET /api/v1/reservas,4.697961,200,success,
1789928573.794285,GET,GET /api/v1/reservas,4.800546,200,success,
1789928573.935113,GET,GET /api/v1/reservas/{id},21.468879,200,success,
1789928574.022878,GET,GET /api/v1/reservas/{id},5.863146,200,success,
1789928574.024464,GET,GET /api/v1/reservas,7.970531,200,success,
1789928574.028630,GET,GET /api/v1/reservas,5.212371,200,success,
1789928574.074535,GET,GET /api/v1/reservas,7.495230,200,success,
1789928574.179254,GET,GET /api/v1/reservas,9.257640,200,success,
1789928574.242601,GET,GET /api/v1/reservas/{id},5.079668,200,success,
1789928574.290196,GET,GET /api/v1/reservas/{id},4.365236,200,success,
1789928574.301046,GET,GET /api/v1/reservas,5.533027,200,success,
1789928574.408177,GET,GET /api/v1/reservas,6.749531,200,success,
1789928574.425577,GET,GET /api/v1/reservas,5.091527,200,success,
1789928574.428342,GET,GET /api/v1/reservas,4.318516,200,success,
1789928574.448031,GET,GET /api/v1/reservas,4.413600,200,success,
1789928574.451869,GET,GET /api/v1/reservas,4.642726,200,success,
1789928574.513342,GET,GET /api/v1/reservas/{id},4.248859,200,success,
1789928574.543287,GET,GET /api/v1/reservas,4.654254,200,success,
1789928574.638117,GET,GET /api/v1/reservas,6.422134,200,success,
1789928574.644485,GET,GET /api/v1/reservas/{id},3.196445,200,success,
1789928574.676411,GET,GET /api/v1/reservas,4.647334,200,success,
1789928574.736551,GET,GET /api/v1/reservas,5.872159,200,success,
1789928574.757189,GET,GET /api/v1/reservas/{id},3.448797,200,success,
1789928574.920374,GET,GET /api/v1/reservas,6.938936,200,success,
1789928574.980236,GET,GET /api/v1/reservas/{id},4.647594,200,success,
1789928575.048594,GET,GET /api/v1/reservas,6.933660,200,success,
1789928575.070579,GET,GET /api/v1/reservas,4.657079,200,success,
1789928575.106683,GET,GET /api/v1/reservas/{id},3.908044,200,success,
1789928575.139835,GET,GET /api/v1/reservas,4.874559,200,success,
1789928575.148035,GET,GET /api/v1/reservas/{id},3.041659,200,success,
1789928575.180352,GET,GET /api/v1/reservas/{id},4.164853,200,success,
1789928575.235796,GET,GET /api/v1/reservas,6.103340,200,success,
1789928575.250389,GET,GET /api/v1/reservas,5.284919,200,success,
1789928575.268960,GET,GET /api/v1/reservas,5.310549,200,success,
1789928575.339838,GET,GET /api/v1/reservas/{id},4.674484,200,success,
1789928575.354626,GET,GET /api/v1/reservas,4.530527,200,success,
1789928575.382317,GET,GET /api/v1/reservas/{id},3.517922,200,success,
1789928575.431514,GET,GET /api/v1/reservas/{id},3.996968,200,success,
1789928575.439999,GET,GET /api/v1/reservas,4.240227,200,success,
1789928575.463655,GET,GET /api/v1/reservas,4.404135,200,success,
1789928575.489533,GET,GET /api/v1/reservas,4.632622,200,success,
1789928575.537869,GET,GET /api/v1/reservas,5.065197,200,success,
1789928575.562585,GET,GET /api/v1/reservas,4.441661,200,success,
1789928575.603086,GET,GET /api/v1/reservas,5.192301,200,success,
1789928575.683848,GET,GET /api/v1/reservas,7.017106,200,success,
1789928575.684501,GET,GET /api/v1/reservas,5.918190,200,success,
1789928575.687509,GET,GET /api/v1/reservas,4.466580,200,success,
1789928575.700753,GET,GET /api/v1/reservas,4.027795,200,success,
1789928575.742737,GET,GET /api/v1/reservas/{id},3.807680,200,success,
1789928575.802533,GET,GET /api/v1/reservas,5.453917,200,success,
1789928575.826646,GET,GET /api/v1/reservas,4.817992,200,success,
1789928575.862769,GET,GET /api/v1/reservas,4.828127,200,success,
1789928575.965587,GET,GET /api/v1/reservas,5.817437,200,success,
1789928576.003426,GET,GET /api/v1/reservas,5.599607,200,success,
1789928576.041384,GET,GET /api/v1/reservas/{id},7.263529,200,success,
1789928576.044441,GET,GET /api/v1/reservas,6.357226,200,success,
1789928576.087248,GET,GET /api/v1/reservas,5.504834,200,success,
1789928576.099754,GET,GET /api/v1/reservas,4.234828,200,success,
1789928576.131763,GET,GET /api/v1/reservas,4.766253,200,success,
1789928576.139113,GET,GET /api/v1/reservas,4.100154,200,success,
1789928576.145210,GET,GET /api/v1/reservas,3.861733,200,success,
1789928576.218355,GET,GET /api/v1/reservas,5.804988,200,success,
1789928576.219465,GET,GET /api/v1/reservas,4.184802,200,success,
1789928576.249119,GET,GET /api/v1/reservas,5.355206,200,success,
1789928576.294696,GET,GET /api/v1/reservas,5.250377,200,success,
1789928576.411977,GET,GET /api/v1/reservas,5.971351,200,success,
1789928576.417448,GET,GET /api/v1/reservas,5.251799,200,success,
1789928576.429914,GET,GET /api/v1/reservas,4.241579,200,success,
1789928576.575635,GET,GET /api/v1/reservas,5.883867,200,success,
1789928576.678072,GET,GET /api/v1/reservas,7.037547,200,success,
1789928576.752774,GET,GET /api/v1/reservas/{id},4.464536,200,success,
1789928576.824858,GET,GET /api/v1/reservas,5.778709,200,success,
1789928576.825264,GET,GET /api/v1/reservas,5.523651,200,success,
1789928576.841303,GET,GET /api/v1/reservas,4.785063,200,success,
1789928576.887272,GET,GET /api/v1/reservas/{id},4.112433,200,success,
1789928576.913305,GET,GET /api/v1/reservas,4.778112,200,success,
1789928576.976783,GET,GET /api/v1/reservas/{id},4.258715,200,success,
1789928576.993505,GET,GET /api/v1/reservas,4.448092,200,success,
1789928577.004863,GET,GET /api/v1/reservas,4.130030,200,success,
1789928577.018326,GET,GET /api/v1/reservas,4.216460,200,success,
1789928577.089275,GET,GET /api/v1/reservas,5.613509,200,success,
1789928577.115539,GET,GET /api/v1/reservas,6.980860,200,success,
1789928577.144367,GET,GET /api/v1/reservas/{id},3.639856,200,success,
1789928577.171894,GET,GET /api/v1/reservas,9.224270,200,success,
1789928577.198300,GET,GET /api/v1/reservas,5.122904,200,success,
1789928577.226858,GET,GET /api/v1/reservas/{id},4.371306,200,success,
1789928577.231033,GET,GET /api/v1/reservas,4.687886,200,success,
1789928577.236725,GET,GET /api/v1/reservas,4.482604,200,success,
1789928577.395157,GET,GET /api/v1/reservas,5.970528,200,success,
1789928577.479650,GET,GET /api/v1/reservas,6.100736,200,success,
1789928577.483607,GET,GET /api/v1/reservas,5.268695,200,success,
1789928577.484049,GET,GET /api/v1/reservas,5.329407,200,success,
1789928577.557504,GET,GET /api/v1/reservas,6.146045,200,success,
1789928577.575402,GET,GET /api/v1/reservas,4.637940,200,success,
1789928577.586362,GET,GET /api/v1/reservas/{id},5.765408,200,success,
1789928577.595062,GET,GET /api/v1/reservas/{id},3.514917,200,success,
1789928577.760471,GET,GET /api/v1/reservas,6.536707,200,success,
1789928577.800756,GET,GET /api/v1/reservas,4.981590,200,success,
1789928577.820307,GET,GET /api/v1/reservas,5.285882,200,success,
1789928577.847337,GET,GET /api/v1/reservas,7.720020,200,success,
1789928577.874929,GET,GET /api/v1/reservas,6.306729,200,success,
1789928577.883209,GET,GET /api/v1/reservas,4.439318,200,success,
1789928577.985247,GET,GET /api/v1/reservas,7.639890,200,success,
1789928577.987727,GET,GET /api/v1/reservas,6.814228,200,success,
1789928578.037194,GET,GET /api/v1/reservas,6.127416,200,success,
1789928578.064222,GET,GET /api/v1/reservas,6.671513,200,success,
1789928578.072649,GET,GET /api/v1/reservas/{id},4.212554,200,success,
1789928578.190937,GET,GET /api/v1/reservas,7.828446,200,success,
1789928578.276348,GET,GET /api/v1/reservas,6.043410,200,success,
1789928578.289387,GET,GET /api/v1/reservas,4.790512,200,success,
1789928578.316037,GET,GET /api/v1/reservas,5.333914,200,success,
1789928578.328128,GET,GET /api/v1/reservas,4.829229,200,success,
1789928578.394975,GET,GET /api/v1/reservas,5.509951,200,success,
1789928578.460753,GET,GET /api/v1/reservas,5.490062,200,success,
1789928578.474143,GET,GET /api/v1/reservas,4.131513,200,success,
1789928578.572765,GET,GET /api/v1/reservas/{id},6.343674,200,success,
1789928578.639534,GET,GET /api/v1/reservas,6.377716,200,success,
1789928578.721131,GET,GET /api/v1/reservas,12.836746,200,success,
1789928578.721676,GET,GET /api/v1/reservas,13.100786,200,success,
1789928578.721854,GET,GET /api/v1/reservas,13.045753,200,success,
1789928578.744240,GET,GET /api/v1/reservas,8.030141,200,success,
1789928578.806321,GET,GET /api/v1/reservas,6.698083,200,success,
1789928578.874205,GET,GET /api/v1/reservas/{id},4.624880,200,success,
1789928578.893854,GET,GET /api/v1/reservas,4.682947,200,success,
1789928578.912460,GET,GET /api/v1/reservas/{id},3.453084,200,success,
1789928578.937360,GET,GET /api/v1/reservas/{id},3.713119,200,success,
1789928578.953756,GET,GET /api/v1/reservas,5.161944,200,success,
1789928578.984625,GET,GET /api/v1/reservas,4.593261,200,success,
1789928579.036951,GET,GET /api/v1/reservas/{id},4.123850,200,success,
1789928579.043043,GET,GET /api/v1/reservas/{id},2.901477,200,success,
1789928579.050582,GET,GET /api/v1/reservas,4.302392,200,success,
1789928579.097578,GET,GET /api/v1/reservas,5.704015,200,success,
1789928579.098026,GET,GET /api/v1/reservas,4.494692,200,success,
1789928579.132334,GET,GET /api/v1/reservas/{id},5.120641,200,success,
1789928579.232525,GET,GET /api/v1/reservas,5.883057,200,success,
1789928579.272041,GET,GET /api/v1/reservas/{id},7.253484,200,success,
1789928579.334285,GET,GET /api/v1/reservas/{id},4.561434,200,success,
1789928579.334871,GET,GET /api/v1/reservas,5.491343,200,success,
1789928579.441305,GET,GET /api/v1/reservas,6.094117,200,success,
1789928579.443101,GET,GET /api/v1/reservas,4.134257,200,success,
1789928579.453441,GET,GET /api/v1/reservas,4.104411,200,success,
1789928579.494618,GET,GET /api/v1/reservas,4.906267,200,success,
1789928579.521721,GET,GET /api/v1/reservas,4.886286,200,success,
1789928579.615120,GET,GET /api/v1/reservas,6.019895,200,success,
1789928579.634317,GET,GET /api/v1/reservas/{id},4.009638,200,success,
1789928579.635329,GET,GET /api/v1/reservas,4.627313,200,success,
1789928579.702264,GET,GET /api/v1/reservas/{id},4.348941,200,success,
1789928579.824511,GET,GET /api/v1/reservas,5.840041,200,success,
1789928579.940347,GET,GET /api/v1/reservas,5.778618,200,success,
1789928579.961025,GET,GET /api/v1/reservas,4.385317,200,success,
1789928579.990870,GET,GET /api/v1/reservas,5.552616,200,success,
1789928579.995638,GET,GET /api/v1/reservas/{id},3.595480,200,success,
1789928580.022477,GET,GET /api/v1/reservas/{id},6.609227,200,success,
1789928580.101588,GET,GET /api/v1/reservas,6.695498,200,success,
1789928580.200638,GET,GET /api/v1/reservas,6.617610,200,success,
1789928580.372176,GET,GET /api/v1/reservas/{id},16.286484,200,success,
1789928580.375291,GET,GET /api/v1/reservas,17.978989,200,success,
1789928580.407859,GET,GET /api/v1/reservas/{id},5.323128,200,success,
1789928580.419333,GET,GET /api/v1/reservas,5.151146,200,success,
1789928580.489308,GET,GET /api/v1/reservas,6.636018,200,success,
1789928580.572598,GET,GET /api/v1/reservas,6.969925,200,success,
1789928580.589786,GET,GET /api/v1/reservas,7.816177,200,success,
1789928580.591456,GET,GET /api/v1/reservas,6.612011,200,success,
1789928580.616443,GET,GET /api/v1/reservas,6.662999,200,success,
1789928580.620113,GET,GET /api/v1/reservas,5.553086,200,success,
1789928580.624336,GET,GET /api/v1/reservas,5.578465,200,success,
1789928580.625115,GET,GET /api/v1/reservas,5.401787,200,success,
1789928580.670868,GET,GET /api/v1/reservas,8.419341,200,success,
1789928580.694614,GET,GET /api/v1/reservas,8.379731,200,success,
1789928580.734828,GET,GET /api/v1/reservas/{id},5.922316,200,success,
1789928580.744617,GET,GET /api/v1/reservas,7.500388,200,success,
1789928580.753842,GET,GET /api/v1/reservas/{id},4.032132,200,success,
1789928580.769762,GET,GET /api/v1/reservas/{id},5.770636,200,success,
1789928580.830004,GET,GET /api/v1/reservas,6.853838,200,success,
1789928580.841024,GET,GET /api/v1/reservas/{id},4.804892,200,success,
1789928580.880363,GET,GET /api/v1/reservas,15.946970,200,success,
1789928580.910930,GET,GET /api/v1/reservas,9.096688,200,success,
1789928580.980492,GET,GET /api/v1/reservas/{id},9.270101,200,success,
1789928581.005213,GET,GET /api/v1/reservas/{id},5.494146,200,success,
1789928581.045968,GET,GET /api/v1/reservas,8.390657,200,success,
1789928581.046419,GET,GET /api/v1/reservas,8.373331,200,success,
1789928581.122439,GET,GET /api/v1/reservas,8.165006,200,success,
1789928581.123312,GET,GET /api/v1/reservas,10.534006,200,success,
1789928581.141536,GET,GET /api/v1/reservas,7.849758,200,success,
1789928581.158459,GET,GET /api/v1/reservas,6.588175,200,success,
1789928581.206301,GET,GET /api/v1/reservas/{id},5.592856,200,success,
1789928581.279201,GET,GET /api/v1/reservas,7.497483,200,success,
1789928581.330934,GET,GET /api/v1/reservas,5.433425,200,success,
