[2026-09-20 18:24:04,601] pfc-pruebas-e1/INFO/locust.main: Run time limit set to 300 seconds
[2026-09-20 18:24:04,602] pfc-pruebas-e1/INFO/locust.main: Starting Locust 2.31.6
Type     Name                                                                          # reqs      # fails |    Avg     Min     Max    Med |   req/s  failures/s
--------|----------------------------------------------------------------------------|-------|-------------|-------|-------|-------|-------|--------|-----------
--------|----------------------------------------------------------------------------|-------|-------------|-------|-------|-------|-------|--------|-----------
         Aggregated                                                                         0     0(0.00%) |      0       0       0      0 |    0.00        0.00

[2026-09-20 18:24:04,603] pfc-pruebas-e1/INFO/locust.runners: Ramping to 50 users at a rate of 10.00 per second
Type     Name                                                                          # reqs      # fails |    Avg     Min     Max    Med |   req/s  failures/s
--------|----------------------------------------------------------------------------|-------|-------------|-------|-------|-------|-------|--------|-----------
GET      GET /api/v1/reservas                                                              12     0(0.00%) |      9       6      19      9 |    0.00        0.00
POST     POST /api/v1/auth/login                                                           12     0(0.00%) |    920     728    1057    940 |    0.00        0.00
--------|----------------------------------------------------------------------------|-------|-------------|-------|-------|-------|-------|--------|-----------
         Aggregated                                                                        24     0(0.00%) |    464       6    1057     19 |    0.00        0.00

Type     Name                                                                          # reqs      # fails |    Avg     Min     Max    Med |   req/s  failures/s
--------|----------------------------------------------------------------------------|-------|-------------|-------|-------|-------|-------|--------|-----------
GET      GET /api/v1/reservas                                                              44     0(0.00%) |     11       5      57      8 |    5.00        0.00
GET      GET /api/v1/reservas/{id}                                                          4     0(0.00%) |     20       8      53      9 |    0.00        0.00
POST     POST /api/v1/auth/login                                                           34     0(0.00%) |    950     530    1182    970 |    5.00        0.00
--------|----------------------------------------------------------------------------|-------|-------------|-------|-------|-------|-------|--------|-----------
         Aggregated                                                                        82     0(0.00%) |    401       5    1182     15 |   10.00        0.00

[2026-09-20 18:24:08,608] pfc-pruebas-e1/INFO/locust.runners: All users spawned: {"ReservasUser": 50} (50 total users)
Type     Name                                                                          # reqs      # fails |    Avg     Min     Max    Med |   req/s  failures/s
--------|----------------------------------------------------------------------------|-------|-------------|-------|-------|-------|-------|--------|-----------
GET      GET /api/v1/reservas                                                              87     0(0.00%) |      9       4      57      8 |    9.50        0.00
GET      GET /api/v1/reservas/{id}                                                         15     0(0.00%) |     10       3      53      6 |    1.00        0.00
POST     POST /api/v1/auth/login                                                           50     0(0.00%) |   1073     530    1714   1100 |    7.50        0.00
--------|----------------------------------------------------------------------------|-------|-------------|-------|-------|-------|-------|--------|-----------
         Aggregated                                                                       152     0(0.00%) |    359       3    1714     10 |   18.00        0.00

Type     Name                                                                          # reqs      # fails |    Avg     Min     Max    Med |   req/s  failures/s
--------|----------------------------------------------------------------------------|-------|-------------|-------|-------|-------|-------|--------|-----------
GET      GET /api/v1/reservas                                                             120     0(0.00%) |      8       4      57      7 |   12.17        0.00
GET      GET /api/v1/reservas/{id}                                                         25     0(0.00%) |      7       3      53      5 |    1.67        0.00
POST     POST /api/v1/auth/login                                                           50     0(0.00%) |   1073     530    1714   1100 |    8.33        0.00
--------|----------------------------------------------------------------------------|-------|-------------|-------|-------|-------|-------|--------|-----------
         Aggregated                                                                       195     0(0.00%) |    281       3    1714      8 |   22.17        0.00

Type     Name                                                                          # reqs      # fails |    Avg     Min     Max    Med |   req/s  failures/s
--------|----------------------------------------------------------------------------|-------|-------------|-------|-------|-------|-------|--------|-----------
GET      GET /api/v1/reservas                                                             161     0(0.00%) |      8       4      57      7 |   14.00        0.00
GET      GET /api/v1/reservas/{id}                                                         39     0(0.00%) |      7       3      53      6 |    2.88        0.00
POST     POST /api/v1/auth/login                                                           50     0(0.00%) |   1073     530    1714   1100 |    6.25        0.00
--------|----------------------------------------------------------------------------|-------|-------------|-------|-------|-------|-------|--------|-----------
         Aggregated                                                                       250     0(0.00%) |    221       3    1714      8 |   23.12        0.00

Type     Name                                                                          # reqs      # fails |    Avg     Min     Max    Med |   req/s  failures/s
--------|----------------------------------------------------------------------------|-------|-------------|-------|-------|-------|-------|--------|-----------
GET      GET /api/v1/reservas                                                             195     0(0.00%) |     13       4     218      8 |   14.50        0.00
GET      GET /api/v1/reservas/{id}                                                         58     0(0.00%) |     16       3     239      6 |    3.50        0.00
POST     POST /api/v1/auth/login                                                           50     0(0.00%) |   1073     530    1714   1100 |    5.00        0.00
--------|----------------------------------------------------------------------------|-------|-------------|-------|-------|-------|-------|--------|-----------
         Aggregated                                                                       303     0(0.00%) |    189       3    1714      9 |   23.00        0.00

Type     Name                                                                          # reqs      # fails |    Avg     Min     Max    Med |   req/s  failures/s
--------|----------------------------------------------------------------------------|-------|-------------|-------|-------|-------|-------|--------|-----------
GET      GET /api/v1/reservas                                                             232     0(0.00%) |     12       3     218      7 |   17.40        0.00
GET      GET /api/v1/reservas/{id}                                                         71     0(0.00%) |     14       2     239      6 |    5.40        0.00
POST     POST /api/v1/auth/login                                                           50     0(0.00%) |   1073     530    1714   1100 |    4.00        0.00
--------|----------------------------------------------------------------------------|-------|-------------|-------|-------|-------|-------|--------|-----------
         Aggregated                                                                       353     0(0.00%) |    163       2    1714      8 |   26.80        0.00

Type     Name                                                                          # reqs      # fails |    Avg     Min     Max    Med |   req/s  failures/s
--------|----------------------------------------------------------------------------|-------|-------------|-------|-------|-------|-------|--------|-----------
GET      GET /api/v1/reservas                                                             266     0(0.00%) |     11       3     218      7 |   18.60        0.00
GET      GET /api/v1/reservas/{id}                                                         89     0(0.00%) |     12       2     239      5 |    6.40        0.00
POST     POST /api/v1/auth/login                                                           50     0(0.00%) |   1073     530    1714   1100 |    2.00        0.00
--------|----------------------------------------------------------------------------|-------|-------------|-------|-------|-------|-------|--------|-----------
         Aggregated                                                                       405     0(0.00%) |    142       2    1714      7 |   27.00        0.00

Type     Name                                                                          # reqs      # fails |    Avg     Min     Max    Med |   req/s  failures/s
--------|----------------------------------------------------------------------------|-------|-------------|-------|-------|-------|-------|--------|-----------
GET      GET /api/v1/reservas                                                             302     0(0.00%) |     10       3     218      6 |   18.10        0.00
GET      GET /api/v1/reservas/{id}                                                        106     0(0.00%) |     11       2     239      5 |    7.60        0.00
POST     POST /api/v1/auth/login                                                           50     0(0.00%) |   1073     530    1714   1100 |    0.00        0.00
--------|----------------------------------------------------------------------------|-------|-------------|-------|-------|-------|-------|--------|-----------
         Aggregated                                                                       458     0(0.00%) |    126       2    1714      7 |   25.70        0.00

Type     Name                                                                          # reqs      # fails |    Avg     Min     Max    Med |   req/s  failures/s
--------|----------------------------------------------------------------------------|-------|-------------|-------|-------|-------|-------|--------|-----------
GET      GET /api/v1/reservas                                                             339     0(0.00%) |     10       3     218      6 |   17.90        0.00
GET      GET /api/v1/reservas/{id}                                                        116     0(0.00%) |     10       2     239      5 |    7.70        0.00
POST     POST /api/v1/auth/login                                                           50     0(0.00%) |   1073     530    1714   1100 |    0.00        0.00
--------|----------------------------------------------------------------------------|-------|-------------|-------|-------|-------|-------|--------|-----------
         Aggregated                                                                       505     0(0.00%) |    115       2    1714      6 |   25.60        0.00

Type     Name                                                                          # reqs      # fails |    Avg     Min     Max    Med |   req/s  failures/s
--------|----------------------------------------------------------------------------|-------|-------------|-------|-------|-------|-------|--------|-----------
GET      GET /api/v1/reservas                                                             377     0(0.00%) |      9       3     218      6 |   17.90        0.00
GET      GET /api/v1/reservas/{id}                                                        129     0(0.00%) |     10       2     239      5 |    7.80        0.00
POST     POST /api/v1/auth/login                                                           50     0(0.00%) |   1073     530    1714   1100 |    0.00        0.00
--------|----------------------------------------------------------------------------|-------|-------------|-------|-------|-------|-------|--------|-----------
         Aggregated                                                                       556     0(0.00%) |    105       2    1714      6 |   25.70        0.00

Type     Name                                                                          # reqs      # fails |    Avg     Min     Max    Med |   req/s  failures/s
--------|----------------------------------------------------------------------------|-------|-------------|-------|-------|-------|-------|--------|-----------
GET      GET /api/v1/reservas                                                             409     0(0.00%) |      9       3     218      6 |   18.20        0.00
GET      GET /api/v1/reservas/{id}                                                        142     0(0.00%) |      9       2     239      5 |    6.80        0.00
POST     POST /api/v1/auth/login                                                           50     0(0.00%) |   1073     530    1714   1100 |    0.00        0.00
--------|----------------------------------------------------------------------------|-------|-------------|-------|-------|-------|-------|--------|-----------
         Aggregated                                                                       601     0(0.00%) |     97       2    1714      6 |   25.00        0.00

Type     Name                                                                          # reqs      # fails |    Avg     Min     Max    Med |   req/s  failures/s
--------|----------------------------------------------------------------------------|-------|-------------|-------|-------|-------|-------|--------|-----------
GET      GET /api/v1/reservas                                                             447     0(0.00%) |      9       3     218      6 |   17.80        0.00
GET      GET /api/v1/reservas/{id}                                                        154     0(0.00%) |      9       2     239      5 |    7.10        0.00
POST     POST /api/v1/auth/login                                                           50     0(0.00%) |   1073     530    1714   1100 |    0.00        0.00
--------|----------------------------------------------------------------------------|-------|-------------|-------|-------|-------|-------|--------|-----------
         Aggregated                                                                       651     0(0.00%) |     90       2    1714      6 |   24.90        0.00

Type     Name                                                                          # reqs      # fails |    Avg     Min     Max    Med |   req/s  failures/s
--------|----------------------------------------------------------------------------|-------|-------------|-------|-------|-------|-------|--------|-----------
GET      GET /api/v1/reservas                                                             489     0(0.00%) |      8       3     218      6 |   18.40        0.00
GET      GET /api/v1/reservas/{id}                                                        163     0(0.00%) |      8       2     239      5 |    6.60        0.00
POST     POST /api/v1/auth/login                                                           50     0(0.00%) |   1073     530    1714   1100 |    0.00        0.00
--------|----------------------------------------------------------------------------|-------|-------------|-------|-------|-------|-------|--------|-----------
         Aggregated                                                                       702     0(0.00%) |     84       2    1714      6 |   25.00        0.00

Type     Name                                                                          # reqs      # fails |    Avg     Min     Max    Med |   req/s  failures/s
--------|----------------------------------------------------------------------------|-------|-------------|-------|-------|-------|-------|--------|-----------
GET      GET /api/v1/reservas                                                             525     0(0.00%) |      8       3     218      6 |   18.00        0.00
GET      GET /api/v1/reservas/{id}                                                        175     0(0.00%) |      8       2     239      5 |    6.30        0.00
POST     POST /api/v1/auth/login                                                           50     0(0.00%) |   1073     530    1714   1100 |    0.00        0.00
--------|----------------------------------------------------------------------------|-------|-------------|-------|-------|-------|-------|--------|-----------
         Aggregated                                                                       750     0(0.00%) |     79       2    1714      6 |   24.30        0.00

Type     Name                                                                          # reqs      # fails |    Avg     Min     Max    Med |   req/s  failures/s
--------|----------------------------------------------------------------------------|-------|-------------|-------|-------|-------|-------|--------|-----------
GET      GET /api/v1/reservas                                                             564     0(0.00%) |      8       3     218      6 |   19.00        0.00
GET      GET /api/v1/reservas/{id}                                                        181     0(0.00%) |      8       2     239      5 |    5.90        0.00
POST     POST /api/v1/auth/login                                                           50     0(0.00%) |   1073     530    1714   1100 |    0.00        0.00
--------|----------------------------------------------------------------------------|-------|-------------|-------|-------|-------|-------|--------|-----------
         Aggregated                                                                       795     0(0.00%) |     75       2    1714      6 |   24.90        0.00

Type     Name                                                                          # reqs      # fails |    Avg     Min     Max    Med |   req/s  failures/s
--------|----------------------------------------------------------------------------|-------|-------------|-------|-------|-------|-------|--------|-----------
GET      GET /api/v1/reservas                                                             599     0(0.00%) |      8       3     218      6 |   18.60        0.00
GET      GET /api/v1/reservas/{id}                                                        195     0(0.00%) |      8       2     239      5 |    5.70        0.00
POST     POST /api/v1/auth/login                                                           50     0(0.00%) |   1073     530    1714   1100 |    0.00        0.00
--------|----------------------------------------------------------------------------|-------|-------------|-------|-------|-------|-------|--------|-----------
         Aggregated                                                                       844     0(0.00%) |     71       2    1714      6 |   24.30        0.00

Type     Name                                                                          # reqs      # fails |    Avg     Min     Max    Med |   req/s  failures/s
--------|----------------------------------------------------------------------------|-------|-------------|-------|-------|-------|-------|--------|-----------
GET      GET /api/v1/reservas                                                             638     0(0.00%) |      8       3     218      6 |   18.80        0.00
GET      GET /api/v1/reservas/{id}                                                        207     0(0.00%) |      8       2     239      5 |    5.30        0.00
POST     POST /api/v1/auth/login                                                           50     0(0.00%) |   1073     530    1714   1100 |    0.00        0.00
--------|----------------------------------------------------------------------------|-------|-------------|-------|-------|-------|-------|--------|-----------
         Aggregated                                                                       895     0(0.00%) |     67       2    1714      6 |   24.10        0.00

Type     Name                                                                          # reqs      # fails |    Avg     Min     Max    Med |   req/s  failures/s
--------|----------------------------------------------------------------------------|-------|-------------|-------|-------|-------|-------|--------|-----------
GET      GET /api/v1/reservas                                                             672     0(0.00%) |      8       3     218      6 |   18.70        0.00
GET      GET /api/v1/reservas/{id}                                                        217     0(0.00%) |      7       2     239      5 |    5.00        0.00
POST     POST /api/v1/auth/login                                                           50     0(0.00%) |   1073     530    1714   1100 |    0.00        0.00
--------|----------------------------------------------------------------------------|-------|-------------|-------|-------|-------|-------|--------|-----------
         Aggregated                                                                       939     0(0.00%) |     64       2    1714      6 |   23.70        0.00

Type     Name                                                                          # reqs      # fails |    Avg     Min     Max    Med |   req/s  failures/s
--------|----------------------------------------------------------------------------|-------|-------------|-------|-------|-------|-------|--------|-----------
GET      GET /api/v1/reservas                                                             704     0(0.00%) |      7       3     218      6 |   19.30        0.00
GET      GET /api/v1/reservas/{id}                                                        234     0(0.00%) |      7       2     239      5 |    5.20        0.00
POST     POST /api/v1/auth/login                                                           50     0(0.00%) |   1073     530    1714   1100 |    0.00        0.00
--------|----------------------------------------------------------------------------|-------|-------------|-------|-------|-------|-------|--------|-----------
         Aggregated                                                                       988     0(0.00%) |     61       2    1714      6 |   24.50        0.00

Type     Name                                                                          # reqs      # fails |    Avg     Min     Max    Med |   req/s  failures/s
--------|----------------------------------------------------------------------------|-------|-------------|-------|-------|-------|-------|--------|-----------
GET      GET /api/v1/reservas                                                             739     0(0.00%) |      7       3     218      6 |   18.40        0.00
GET      GET /api/v1/reservas/{id}                                                        247     0(0.00%) |      7       2     239      5 |    5.50        0.00
POST     POST /api/v1/auth/login                                                           50     0(0.00%) |   1073     530    1714   1100 |    0.00        0.00
--------|----------------------------------------------------------------------------|-------|-------------|-------|-------|-------|-------|--------|-----------
         Aggregated                                                                      1036     0(0.00%) |     59       2    1714      6 |   23.90        0.00

Type     Name                                                                          # reqs      # fails |    Avg     Min     Max    Med |   req/s  failures/s
--------|----------------------------------------------------------------------------|-------|-------------|-------|-------|-------|-------|--------|-----------
GET      GET /api/v1/reservas                                                             777     0(0.00%) |      7       3     218      6 |   17.50        0.00
GET      GET /api/v1/reservas/{id}                                                        264     0(0.00%) |      7       2     239      5 |    6.60        0.00
POST     POST /api/v1/auth/login                                                           50     0(0.00%) |   1073     530    1714   1100 |    0.00        0.00
--------|----------------------------------------------------------------------------|-------|-------------|-------|-------|-------|-------|--------|-----------
         Aggregated                                                                      1091     0(0.00%) |     56       2    1714      6 |   24.10        0.00

Type     Name                                                                          # reqs      # fails |    Avg     Min     Max    Med |   req/s  failures/s
--------|----------------------------------------------------------------------------|-------|-------------|-------|-------|-------|-------|--------|-----------
GET      GET /api/v1/reservas                                                             814     0(0.00%) |      7       3     218      6 |   17.60        0.00
GET      GET /api/v1/reservas/{id}                                                        276     0(0.00%) |      7       2     239      5 |    6.50        0.00
POST     POST /api/v1/auth/login                                                           50     0(0.00%) |   1073     530    1714   1100 |    0.00        0.00
--------|----------------------------------------------------------------------------|-------|-------------|-------|-------|-------|-------|--------|-----------
         Aggregated                                                                      1140     0(0.00%) |     54       2    1714      6 |   24.10        0.00

Type     Name                                                                          # reqs      # fails |    Avg     Min     Max    Med |   req/s  failures/s
--------|----------------------------------------------------------------------------|-------|-------------|-------|-------|-------|-------|--------|-----------
GET      GET /api/v1/reservas                                                             851     0(0.00%) |      7       3     218      6 |   17.90        0.00
GET      GET /api/v1/reservas/{id}                                                        287     0(0.00%) |      7       2     239      5 |    7.10        0.00
POST     POST /api/v1/auth/login                                                           50     0(0.00%) |   1073     530    1714   1100 |    0.00        0.00
--------|----------------------------------------------------------------------------|-------|-------------|-------|-------|-------|-------|--------|-----------
         Aggregated                                                                      1188     0(0.00%) |     52       2    1714      6 |   25.00        0.00

Type     Name                                                                          # reqs      # fails |    Avg     Min     Max    Med |   req/s  failures/s
--------|----------------------------------------------------------------------------|-------|-------------|-------|-------|-------|-------|--------|-----------
GET      GET /api/v1/reservas                                                             892     0(0.00%) |      7       3     218      6 |   17.40        0.00
GET      GET /api/v1/reservas/{id}                                                        294     0(0.00%) |      7       2     239      5 |    6.80        0.00
POST     POST /api/v1/auth/login                                                           50     0(0.00%) |   1073     530    1714   1100 |    0.00        0.00
--------|----------------------------------------------------------------------------|-------|-------------|-------|-------|-------|-------|--------|-----------
         Aggregated                                                                      1236     0(0.00%) |     50       2    1714      6 |   24.20        0.00

Type     Name                                                                          # reqs      # fails |    Avg     Min     Max    Med |   req/s  failures/s
--------|----------------------------------------------------------------------------|-------|-------------|-------|-------|-------|-------|--------|-----------
GET      GET /api/v1/reservas                                                             933     0(0.00%) |      7       3     218      6 |   18.00        0.00
GET      GET /api/v1/reservas/{id}                                                        304     0(0.00%) |      6       2     239      5 |    6.30        0.00
POST     POST /api/v1/auth/login                                                           50     0(0.00%) |   1073     530    1714   1100 |    0.00        0.00
--------|----------------------------------------------------------------------------|-------|-------------|-------|-------|-------|-------|--------|-----------
         Aggregated                                                                      1287     0(0.00%) |     48       2    1714      6 |   24.30        0.00

Type     Name                                                                          # reqs      # fails |    Avg     Min     Max    Med |   req/s  failures/s
--------|----------------------------------------------------------------------------|-------|-------------|-------|-------|-------|-------|--------|-----------
GET      GET /api/v1/reservas                                                             968     0(0.00%) |      7       3     218      6 |   19.20        0.00
GET      GET /api/v1/reservas/{id}                                                        320     0(0.00%) |      6       2     239      4 |    5.80        0.00
POST     POST /api/v1/auth/login                                                           50     0(0.00%) |   1073     530    1714   1100 |    0.00        0.00
--------|----------------------------------------------------------------------------|-------|-------------|-------|-------|-------|-------|--------|-----------
         Aggregated                                                                      1338     0(0.00%) |     47       2    1714      6 |   25.00        0.00

Type     Name                                                                          # reqs      # fails |    Avg     Min     Max    Med |   req/s  failures/s
--------|----------------------------------------------------------------------------|-------|-------------|-------|-------|-------|-------|--------|-----------
GET      GET /api/v1/reservas                                                            1010     0(0.00%) |      7       3     218      6 |   19.20        0.00
GET      GET /api/v1/reservas/{id}                                                        328     0(0.00%) |      6       2     239      4 |    5.80        0.00
POST     POST /api/v1/auth/login                                                           50     0(0.00%) |   1073     530    1714   1100 |    0.00        0.00
--------|----------------------------------------------------------------------------|-------|-------------|-------|-------|-------|-------|--------|-----------
         Aggregated                                                                      1388     0(0.00%) |     45       2    1714      6 |   25.00        0.00

Type     Name                                                                          # reqs      # fails |    Avg     Min     Max    Med |   req/s  failures/s
--------|----------------------------------------------------------------------------|-------|-------------|-------|-------|-------|-------|--------|-----------
GET      GET /api/v1/reservas                                                            1045     0(0.00%) |      7       3     218      6 |   19.20        0.00
GET      GET /api/v1/reservas/{id}                                                        340     0(0.00%) |      6       2     239      4 |    5.20        0.00
POST     POST /api/v1/auth/login                                                           50     0(0.00%) |   1073     530    1714   1100 |    0.00        0.00
--------|----------------------------------------------------------------------------|-------|-------------|-------|-------|-------|-------|--------|-----------
         Aggregated                                                                      1435     0(0.00%) |     44       2    1714      6 |   24.40        0.00

Type     Name                                                                          # reqs      # fails |    Avg     Min     Max    Med |   req/s  failures/s
--------|----------------------------------------------------------------------------|-------|-------------|-------|-------|-------|-------|--------|-----------
GET      GET /api/v1/reservas                                                            1079     0(0.00%) |      7       3     218      6 |   19.30        0.00
GET      GET /api/v1/reservas/{id}                                                        357     0(0.00%) |      6       2     239      4 |    5.20        0.00
POST     POST /api/v1/auth/login                                                           50     0(0.00%) |   1073     530    1714   1100 |    0.00        0.00
--------|----------------------------------------------------------------------------|-------|-------------|-------|-------|-------|-------|--------|-----------
         Aggregated                                                                      1486     0(0.00%) |     42       2    1714      6 |   24.50        0.00

Type     Name                                                                          # reqs      # fails |    Avg     Min     Max    Med |   req/s  failures/s
--------|----------------------------------------------------------------------------|-------|-------------|-------|-------|-------|-------|--------|-----------
GET      GET /api/v1/reservas                                                            1113     0(0.00%) |      7       3     218      6 |   19.40        0.00
GET      GET /api/v1/reservas/{id}                                                        375     0(0.00%) |      6       2     239      4 |    6.00        0.00
POST     POST /api/v1/auth/login                                                           50     0(0.00%) |   1073     530    1714   1100 |    0.00        0.00
--------|----------------------------------------------------------------------------|-------|-------------|-------|-------|-------|-------|--------|-----------
         Aggregated                                                                      1538     0(0.00%) |     41       2    1714      6 |   25.40        0.00

Type     Name                                                                          # reqs      # fails |    Avg     Min     Max    Med |   req/s  failures/s
--------|----------------------------------------------------------------------------|-------|-------------|-------|-------|-------|-------|--------|-----------
GET      GET /api/v1/reservas                                                            1153     0(0.00%) |      7       3     218      6 |   18.50        0.00
GET      GET /api/v1/reservas/{id}                                                        387     0(0.00%) |      6       2     239      4 |    6.80        0.00
POST     POST /api/v1/auth/login                                                           50     0(0.00%) |   1073     530    1714   1100 |    0.00        0.00
--------|----------------------------------------------------------------------------|-------|-------------|-------|-------|-------|-------|--------|-----------
         Aggregated                                                                      1590     0(0.00%) |     40       2    1714      6 |   25.30        0.00

Type     Name                                                                          # reqs      # fails |    Avg     Min     Max    Med |   req/s  failures/s
--------|----------------------------------------------------------------------------|-------|-------------|-------|-------|-------|-------|--------|-----------
GET      GET /api/v1/reservas                                                            1188     0(0.00%) |      7       3     218      6 |   18.10        0.00
GET      GET /api/v1/reservas/{id}                                                        399     0(0.00%) |      6       2     239      4 |    6.80        0.00
POST     POST /api/v1/auth/login                                                           50     0(0.00%) |   1073     530    1714   1100 |    0.00        0.00
--------|----------------------------------------------------------------------------|-------|-------------|-------|-------|-------|-------|--------|-----------
         Aggregated                                                                      1637     0(0.00%) |     39       2    1714      6 |   24.90        0.00

Type     Name                                                                          # reqs      # fails |    Avg     Min     Max    Med |   req/s  failures/s
--------|----------------------------------------------------------------------------|-------|-------------|-------|-------|-------|-------|--------|-----------
GET      GET /api/v1/reservas                                                            1227     0(0.00%) |      7       3     218      6 |   18.60        0.00
GET      GET /api/v1/reservas/{id}                                                        417     0(0.00%) |      6       2     239      4 |    7.00        0.00
POST     POST /api/v1/auth/login                                                           50     0(0.00%) |   1073     530    1714   1100 |    0.00        0.00
--------|----------------------------------------------------------------------------|-------|-------------|-------|-------|-------|-------|--------|-----------
         Aggregated                                                                      1694     0(0.00%) |     38       2    1714      5 |   25.60        0.00

Type     Name                                                                          # reqs      # fails |    Avg     Min     Max    Med |   req/s  failures/s
--------|----------------------------------------------------------------------------|-------|-------------|-------|-------|-------|-------|--------|-----------
GET      GET /api/v1/reservas                                                            1258     0(0.00%) |      7       3     218      6 |   18.30        0.00
GET      GET /api/v1/reservas/{id}                                                        431     0(0.00%) |      6       2     239      4 |    7.60        0.00
POST     POST /api/v1/auth/login                                                           50     0(0.00%) |   1073     530    1714   1100 |    0.00        0.00
--------|----------------------------------------------------------------------------|-------|-------------|-------|-------|-------|-------|--------|-----------
         Aggregated                                                                      1739     0(0.00%) |     37       2    1714      5 |   25.90        0.00

Type     Name                                                                          # reqs      # fails |    Avg     Min     Max    Med |   req/s  failures/s
--------|----------------------------------------------------------------------------|-------|-------------|-------|-------|-------|-------|--------|-----------
GET      GET /api/v1/reservas                                                            1304     0(0.00%) |      7       3     218      6 |   17.70        0.00
GET      GET /api/v1/reservas/{id}                                                        445     0(0.00%) |      6       2     239      4 |    7.70        0.00
POST     POST /api/v1/auth/login                                                           50     0(0.00%) |   1073     530    1714   1100 |    0.00        0.00
--------|----------------------------------------------------------------------------|-------|-------------|-------|-------|-------|-------|--------|-----------
         Aggregated                                                                      1799     0(0.00%) |     36       2    1714      5 |   25.40        0.00

Type     Name                                                                          # reqs      # fails |    Avg     Min     Max    Med |   req/s  failures/s
--------|----------------------------------------------------------------------------|-------|-------------|-------|-------|-------|-------|--------|-----------
GET      GET /api/v1/reservas                                                            1341     0(0.00%) |      6       3     218      6 |   18.00        0.00
GET      GET /api/v1/reservas/{id}                                                        455     0(0.00%) |      6       2     239      4 |    6.80        0.00
POST     POST /api/v1/auth/login                                                           50     0(0.00%) |   1073     530    1714   1100 |    0.00        0.00
--------|----------------------------------------------------------------------------|-------|-------------|-------|-------|-------|-------|--------|-----------
         Aggregated                                                                      1846     0(0.00%) |     35       2    1714      5 |   24.80        0.00

Type     Name                                                                          # reqs      # fails |    Avg     Min     Max    Med |   req/s  failures/s
--------|----------------------------------------------------------------------------|-------|-------------|-------|-------|-------|-------|--------|-----------
GET      GET /api/v1/reservas                                                            1381     0(0.00%) |      6       3     218      6 |   18.90        0.00
GET      GET /api/v1/reservas/{id}                                                        468     0(0.00%) |      6       2     239      4 |    6.90        0.00
POST     POST /api/v1/auth/login                                                           50     0(0.00%) |   1073     530    1714   1100 |    0.00        0.00
--------|----------------------------------------------------------------------------|-------|-------------|-------|-------|-------|-------|--------|-----------
         Aggregated                                                                      1899     0(0.00%) |     34       2    1714      5 |   25.80        0.00

Type     Name                                                                          # reqs      # fails |    Avg     Min     Max    Med |   req/s  failures/s
--------|----------------------------------------------------------------------------|-------|-------------|-------|-------|-------|-------|--------|-----------
GET      GET /api/v1/reservas                                                            1420     0(0.00%) |      6       3     218      6 |   18.70        0.00
GET      GET /api/v1/reservas/{id}                                                        475     0(0.00%) |      6       2     239      4 |    6.70        0.00
POST     POST /api/v1/auth/login                                                           50     0(0.00%) |   1073     530    1714   1100 |    0.00        0.00
--------|----------------------------------------------------------------------------|-------|-------------|-------|-------|-------|-------|--------|-----------
         Aggregated                                                                      1945     0(0.00%) |     34       2    1714      5 |   25.40        0.00

Type     Name                                                                          # reqs      # fails |    Avg     Min     Max    Med |   req/s  failures/s
--------|----------------------------------------------------------------------------|-------|-------------|-------|-------|-------|-------|--------|-----------
GET      GET /api/v1/reservas                                                            1457     0(0.00%) |      6       3     218      6 |   19.20        0.00
GET      GET /api/v1/reservas/{id}                                                        488     0(0.00%) |      6       2     239      4 |    6.10        0.00
POST     POST /api/v1/auth/login                                                           50     0(0.00%) |   1073     530    1714   1100 |    0.00        0.00
--------|----------------------------------------------------------------------------|-------|-------------|-------|-------|-------|-------|--------|-----------
         Aggregated                                                                      1995     0(0.00%) |     33       2    1714      5 |   25.30        0.00

Type     Name                                                                          # reqs      # fails |    Avg     Min     Max    Med |   req/s  failures/s
--------|----------------------------------------------------------------------------|-------|-------------|-------|-------|-------|-------|--------|-----------
GET      GET /api/v1/reservas                                                            1492     0(0.00%) |      6       3     218      6 |   19.60        0.00
GET      GET /api/v1/reservas/{id}                                                        503     0(0.00%) |      6       2     239      4 |    5.80        0.00
POST     POST /api/v1/auth/login                                                           50     0(0.00%) |   1073     530    1714   1100 |    0.00        0.00
--------|----------------------------------------------------------------------------|-------|-------------|-------|-------|-------|-------|--------|-----------
         Aggregated                                                                      2045     0(0.00%) |     32       2    1714      5 |   25.40        0.00

Type     Name                                                                          # reqs      # fails |    Avg     Min     Max    Med |   req/s  failures/s
--------|----------------------------------------------------------------------------|-------|-------------|-------|-------|-------|-------|--------|-----------
GET      GET /api/v1/reservas                                                            1527     0(0.00%) |      6       3     218      6 |   19.70        0.00
GET      GET /api/v1/reservas/{id}                                                        521     0(0.00%) |      5       2     239      4 |    6.00        0.00
POST     POST /api/v1/auth/login                                                           50     0(0.00%) |   1073     530    1714   1100 |    0.00        0.00
--------|----------------------------------------------------------------------------|-------|-------------|-------|-------|-------|-------|--------|-----------
         Aggregated                                                                      2098     0(0.00%) |     32       2    1714      5 |   25.70        0.00

Type     Name                                                                          # reqs      # fails |    Avg     Min     Max    Med |   req/s  failures/s
--------|----------------------------------------------------------------------------|-------|-------------|-------|-------|-------|-------|--------|-----------
GET      GET /api/v1/reservas                                                            1560     0(0.00%) |      6       3     218      6 |   18.90        0.00
GET      GET /api/v1/reservas/{id}                                                        537     0(0.00%) |      5       2     239      4 |    6.30        0.00
POST     POST /api/v1/auth/login                                                           50     0(0.00%) |   1073     530    1714   1100 |    0.00        0.00
--------|----------------------------------------------------------------------------|-------|-------------|-------|-------|-------|-------|--------|-----------
         Aggregated                                                                      2147     0(0.00%) |     31       2    1714      5 |   25.20        0.00

Type     Name                                                                          # reqs      # fails |    Avg     Min     Max    Med |   req/s  failures/s
--------|----------------------------------------------------------------------------|-------|-------------|-------|-------|-------|-------|--------|-----------
GET      GET /api/v1/reservas                                                            1593     0(0.00%) |      6       3     218      6 |   17.80        0.00
GET      GET /api/v1/reservas/{id}                                                        552     0(0.00%) |      5       2     239      4 |    7.10        0.00
POST     POST /api/v1/auth/login                                                           50     0(0.00%) |   1073     530    1714   1100 |    0.00        0.00
--------|----------------------------------------------------------------------------|-------|-------------|-------|-------|-------|-------|--------|-----------
         Aggregated                                                                      2195     0(0.00%) |     30       2    1714      5 |   24.90        0.00

Type     Name                                                                          # reqs      # fails |    Avg     Min     Max    Med |   req/s  failures/s
--------|----------------------------------------------------------------------------|-------|-------------|-------|-------|-------|-------|--------|-----------
GET      GET /api/v1/reservas                                                            1633     0(0.00%) |      6       3     218      6 |   18.20        0.00
GET      GET /api/v1/reservas/{id}                                                        566     0(0.00%) |      5       2     239      4 |    7.30        0.00
POST     POST /api/v1/auth/login                                                           50     0(0.00%) |   1073     530    1714   1100 |    0.00        0.00
--------|----------------------------------------------------------------------------|-------|-------------|-------|-------|-------|-------|--------|-----------
         Aggregated                                                                      2249     0(0.00%) |     30       2    1714      5 |   25.50        0.00

Type     Name                                                                          # reqs      # fails |    Avg     Min     Max    Med |   req/s  failures/s
--------|----------------------------------------------------------------------------|-------|-------------|-------|-------|-------|-------|--------|-----------
GET      GET /api/v1/reservas                                                            1669     0(0.00%) |      6       3     218      6 |   18.00        0.00
GET      GET /api/v1/reservas/{id}                                                        581     0(0.00%) |      5       2     239      4 |    7.40        0.00
POST     POST /api/v1/auth/login                                                           50     0(0.00%) |   1073     530    1714   1100 |    0.00        0.00
--------|----------------------------------------------------------------------------|-------|-------------|-------|-------|-------|-------|--------|-----------
         Aggregated                                                                      2300     0(0.00%) |     29       2    1714      5 |   25.40        0.00

Type     Name                                                                          # reqs      # fails |    Avg     Min     Max    Med |   req/s  failures/s
--------|----------------------------------------------------------------------------|-------|-------------|-------|-------|-------|-------|--------|-----------
GET      GET /api/v1/reservas                                                            1698     0(0.00%) |      6       3     218      6 |   17.70        0.00
GET      GET /api/v1/reservas/{id}                                                        597     0(0.00%) |      5       2     239      4 |    7.70        0.00
POST     POST /api/v1/auth/login                                                           50     0(0.00%) |   1073     530    1714   1100 |    0.00        0.00
--------|----------------------------------------------------------------------------|-------|-------------|-------|-------|-------|-------|--------|-----------
         Aggregated                                                                      2345     0(0.00%) |     29       2    1714      5 |   25.40        0.00

Type     Name                                                                          # reqs      # fails |    Avg     Min     Max    Med |   req/s  failures/s
--------|----------------------------------------------------------------------------|-------|-------------|-------|-------|-------|-------|--------|-----------
GET      GET /api/v1/reservas                                                            1735     0(0.00%) |      6       3     218      6 |   17.70        0.00
GET      GET /api/v1/reservas/{id}                                                        614     0(0.00%) |      5       2     239      4 |    7.60        0.00
POST     POST /api/v1/auth/login                                                           50     0(0.00%) |   1073     530    1714   1100 |    0.00        0.00
--------|----------------------------------------------------------------------------|-------|-------------|-------|-------|-------|-------|--------|-----------
         Aggregated                                                                      2399     0(0.00%) |     28       2    1714      5 |   25.30        0.00

Type     Name                                                                          # reqs      # fails |    Avg     Min     Max    Med |   req/s  failures/s
--------|----------------------------------------------------------------------------|-------|-------------|-------|-------|-------|-------|--------|-----------
GET      GET /api/v1/reservas                                                            1770     0(0.00%) |      6       3     218      6 |   17.90        0.00
GET      GET /api/v1/reservas/{id}                                                        633     0(0.00%) |      5       2     239      4 |    7.90        0.00
POST     POST /api/v1/auth/login                                                           50     0(0.00%) |   1073     530    1714   1100 |    0.00        0.00
--------|----------------------------------------------------------------------------|-------|-------------|-------|-------|-------|-------|--------|-----------
         Aggregated                                                                      2453     0(0.00%) |     28       2    1714      5 |   25.80        0.00

Type     Name                                                                          # reqs      # fails |    Avg     Min     Max    Med |   req/s  failures/s
--------|----------------------------------------------------------------------------|-------|-------------|-------|-------|-------|-------|--------|-----------
GET      GET /api/v1/reservas                                                            1808     0(0.00%) |      6       3     218      6 |   17.40        0.00
GET      GET /api/v1/reservas/{id}                                                        643     0(0.00%) |      5       2     239      4 |    8.10        0.00
POST     POST /api/v1/auth/login                                                           50     0(0.00%) |   1073     530    1714   1100 |    0.00        0.00
--------|----------------------------------------------------------------------------|-------|-------------|-------|-------|-------|-------|--------|-----------
         Aggregated                                                                      2501     0(0.00%) |     27       2    1714      5 |   25.50        0.00

Type     Name                                                                          # reqs      # fails |    Avg     Min     Max    Med |   req/s  failures/s
--------|----------------------------------------------------------------------------|-------|-------------|-------|-------|-------|-------|--------|-----------
GET      GET /api/v1/reservas                                                            1845     0(0.00%) |      6       3     218      6 |   17.30        0.00
GET      GET /api/v1/reservas/{id}                                                        656     0(0.00%) |      5       2     239      4 |    8.10        0.00
POST     POST /api/v1/auth/login                                                           50     0(0.00%) |   1073     530    1714   1100 |    0.00        0.00
--------|----------------------------------------------------------------------------|-------|-------------|-------|-------|-------|-------|--------|-----------
         Aggregated                                                                      2551     0(0.00%) |     27       2    1714      5 |   25.40        0.00

Type     Name                                                                          # reqs      # fails |    Avg     Min     Max    Med |   req/s  failures/s
--------|----------------------------------------------------------------------------|-------|-------------|-------|-------|-------|-------|--------|-----------
GET      GET /api/v1/reservas                                                            1885     0(0.00%) |      6       3     218      6 |   17.70        0.00
GET      GET /api/v1/reservas/{id}                                                        672     0(0.00%) |      5       2     239      4 |    7.90        0.00
POST     POST /api/v1/auth/login                                                           50     0(0.00%) |   1073     530    1714   1100 |    0.00        0.00
--------|----------------------------------------------------------------------------|-------|-------------|-------|-------|-------|-------|--------|-----------
         Aggregated                                                                      2607     0(0.00%) |     26       2    1714      5 |   25.60        0.00

Type     Name                                                                          # reqs      # fails |    Avg     Min     Max    Med |   req/s  failures/s
--------|----------------------------------------------------------------------------|-------|-------------|-------|-------|-------|-------|--------|-----------
GET      GET /api/v1/reservas                                                            1920     0(0.00%) |      6       3     218      6 |   17.70        0.00
GET      GET /api/v1/reservas/{id}                                                        684     0(0.00%) |      5       2     239      4 |    7.40        0.00
POST     POST /api/v1/auth/login                                                           50     0(0.00%) |   1073     530    1714   1100 |    0.00        0.00
--------|----------------------------------------------------------------------------|-------|-------------|-------|-------|-------|-------|--------|-----------
         Aggregated                                                                      2654     0(0.00%) |     26       2    1714      5 |   25.10        0.00

Type     Name                                                                          # reqs      # fails |    Avg     Min     Max    Med |   req/s  failures/s
--------|----------------------------------------------------------------------------|-------|-------------|-------|-------|-------|-------|--------|-----------
GET      GET /api/v1/reservas                                                            1958     0(0.00%) |      6       3     218      6 |   18.20        0.00
GET      GET /api/v1/reservas/{id}                                                        694     0(0.00%) |      5       2     239      4 |    6.80        0.00
POST     POST /api/v1/auth/login                                                           50     0(0.00%) |   1073     530    1714   1100 |    0.00        0.00
--------|----------------------------------------------------------------------------|-------|-------------|-------|-------|-------|-------|--------|-----------
         Aggregated                                                                      2702     0(0.00%) |     26       2    1714      5 |   25.00        0.00

Type     Name                                                                          # reqs      # fails |    Avg     Min     Max    Med |   req/s  failures/s
--------|----------------------------------------------------------------------------|-------|-------------|-------|-------|-------|-------|--------|-----------
GET      GET /api/v1/reservas                                                            1997     0(0.00%) |      6       3     218      6 |   18.70        0.00
GET      GET /api/v1/reservas/{id}                                                        708     0(0.00%) |      5       2     239      4 |    6.60        0.00
POST     POST /api/v1/auth/login                                                           50     0(0.00%) |   1073     530    1714   1100 |    0.00        0.00
--------|----------------------------------------------------------------------------|-------|-------------|-------|-------|-------|-------|--------|-----------
         Aggregated                                                                      2755     0(0.00%) |     25       2    1714      5 |   25.30        0.00

Type     Name                                                                          # reqs      # fails |    Avg     Min     Max    Med |   req/s  failures/s
--------|----------------------------------------------------------------------------|-------|-------------|-------|-------|-------|-------|--------|-----------
GET      GET /api/v1/reservas                                                            2034     0(0.00%) |      6       3     218      6 |   18.90        0.00
GET      GET /api/v1/reservas/{id}                                                        717     0(0.00%) |      5       2     239      4 |    6.20        0.00
POST     POST /api/v1/auth/login                                                           50     0(0.00%) |   1073     530    1714   1100 |    0.00        0.00
--------|----------------------------------------------------------------------------|-------|-------------|-------|-------|-------|-------|--------|-----------
         Aggregated                                                                      2801     0(0.00%) |     25       2    1714      5 |   25.10        0.00

Type     Name                                                                          # reqs      # fails |    Avg     Min     Max    Med |   req/s  failures/s
--------|----------------------------------------------------------------------------|-------|-------------|-------|-------|-------|-------|--------|-----------
GET      GET /api/v1/reservas                                                            2069     0(0.00%) |      6       3     218      6 |   18.40        0.00
GET      GET /api/v1/reservas/{id}                                                        726     0(0.00%) |      5       2     239      4 |    6.00        0.00
POST     POST /api/v1/auth/login                                                           50     0(0.00%) |   1073     530    1714   1100 |    0.00        0.00
--------|----------------------------------------------------------------------------|-------|-------------|-------|-------|-------|-------|--------|-----------
         Aggregated                                                                      2845     0(0.00%) |     25       2    1714      5 |   24.40        0.00

Type     Name                                                                          # reqs      # fails |    Avg     Min     Max    Med |   req/s  failures/s
--------|----------------------------------------------------------------------------|-------|-------------|-------|-------|-------|-------|--------|-----------
GET      GET /api/v1/reservas                                                            2105     0(0.00%) |      6       3     218      6 |   18.70        0.00
GET      GET /api/v1/reservas/{id}                                                        742     0(0.00%) |      5       2     239      4 |    5.90        0.00
POST     POST /api/v1/auth/login                                                           50     0(0.00%) |   1073     530    1714   1100 |    0.00        0.00
--------|----------------------------------------------------------------------------|-------|-------------|-------|-------|-------|-------|--------|-----------
         Aggregated                                                                      2897     0(0.00%) |     24       2    1714      5 |   24.60        0.00

Type     Name                                                                          # reqs      # fails |    Avg     Min     Max    Med |   req/s  failures/s
--------|----------------------------------------------------------------------------|-------|-------------|-------|-------|-------|-------|--------|-----------
GET      GET /api/v1/reservas                                                            2137     0(0.00%) |      6       3     218      6 |   19.10        0.00
GET      GET /api/v1/reservas/{id}                                                        764     0(0.00%) |      5       2     239      4 |    5.90        0.00
POST     POST /api/v1/auth/login                                                           50     0(0.00%) |   1073     530    1714   1100 |    0.00        0.00
--------|----------------------------------------------------------------------------|-------|-------------|-------|-------|-------|-------|--------|-----------
         Aggregated                                                                      2951     0(0.00%) |     24       2    1714      5 |   25.00        0.00

Type     Name                                                                          # reqs      # fails |    Avg     Min     Max    Med |   req/s  failures/s
--------|----------------------------------------------------------------------------|-------|-------------|-------|-------|-------|-------|--------|-----------
GET      GET /api/v1/reservas                                                            2171     0(0.00%) |      6       3     218      6 |   17.80        0.00
GET      GET /api/v1/reservas/{id}                                                        774     0(0.00%) |      5       2     239      4 |    6.40        0.00
POST     POST /api/v1/auth/login                                                           50     0(0.00%) |   1073     530    1714   1100 |    0.00        0.00
--------|----------------------------------------------------------------------------|-------|-------------|-------|-------|-------|-------|--------|-----------
         Aggregated                                                                      2995     0(0.00%) |     24       2    1714      5 |   24.20        0.00

Type     Name                                                                          # reqs      # fails |    Avg     Min     Max    Med |   req/s  failures/s
--------|----------------------------------------------------------------------------|-------|-------------|-------|-------|-------|-------|--------|-----------
GET      GET /api/v1/reservas                                                            2207     0(0.00%) |      6       3     218      6 |   17.30        0.00
GET      GET /api/v1/reservas/{id}                                                        786     0(0.00%) |      5       2     239      4 |    6.80        0.00
POST     POST /api/v1/auth/login                                                           50     0(0.00%) |   1073     530    1714   1100 |    0.00        0.00
--------|----------------------------------------------------------------------------|-------|-------------|-------|-------|-------|-------|--------|-----------
         Aggregated                                                                      3043     0(0.00%) |     23       2    1714      5 |   24.10        0.00

Type     Name                                                                          # reqs      # fails |    Avg     Min     Max    Med |   req/s  failures/s
--------|----------------------------------------------------------------------------|-------|-------------|-------|-------|-------|-------|--------|-----------
GET      GET /api/v1/reservas                                                            2253     0(0.00%) |      6       3     218      6 |   18.00        0.00
GET      GET /api/v1/reservas/{id}                                                        793     0(0.00%) |      5       2     239      4 |    6.70        0.00
POST     POST /api/v1/auth/login                                                           50     0(0.00%) |   1073     530    1714   1100 |    0.00        0.00
--------|----------------------------------------------------------------------------|-------|-------------|-------|-------|-------|-------|--------|-----------
         Aggregated                                                                      3096     0(0.00%) |     23       2    1714      5 |   24.70        0.00

Type     Name                                                                          # reqs      # fails |    Avg     Min     Max    Med |   req/s  failures/s
--------|----------------------------------------------------------------------------|-------|-------------|-------|-------|-------|-------|--------|-----------
GET      GET /api/v1/reservas                                                            2290     0(0.00%) |      6       3     218      6 |   17.90        0.00
GET      GET /api/v1/reservas/{id}                                                        805     0(0.00%) |      5       2     239      4 |    6.80        0.00
POST     POST /api/v1/auth/login                                                           50     0(0.00%) |   1073     530    1714   1100 |    0.00        0.00
--------|----------------------------------------------------------------------------|-------|-------------|-------|-------|-------|-------|--------|-----------
         Aggregated                                                                      3145     0(0.00%) |     23       2    1714      5 |   24.70        0.00

Type     Name                                                                          # reqs      # fails |    Avg     Min     Max    Med |   req/s  failures/s
--------|----------------------------------------------------------------------------|-------|-------------|-------|-------|-------|-------|--------|-----------
GET      GET /api/v1/reservas                                                            2331     0(0.00%) |      6       3     218      6 |   17.70        0.00
GET      GET /api/v1/reservas/{id}                                                        814     0(0.00%) |      5       2     239      4 |    6.40        0.00
POST     POST /api/v1/auth/login                                                           50     0(0.00%) |   1073     530    1714   1100 |    0.00        0.00
--------|----------------------------------------------------------------------------|-------|-------------|-------|-------|-------|-------|--------|-----------
         Aggregated                                                                      3195     0(0.00%) |     22       2    1714      5 |   24.10        0.00

Type     Name                                                                          # reqs      # fails |    Avg     Min     Max    Med |   req/s  failures/s
--------|----------------------------------------------------------------------------|-------|-------------|-------|-------|-------|-------|--------|-----------
GET      GET /api/v1/reservas                                                            2365     0(0.00%) |      6       3     218      6 |   18.70        0.00
GET      GET /api/v1/reservas/{id}                                                        826     0(0.00%) |      5       2     239      4 |    5.60        0.00
POST     POST /api/v1/auth/login                                                           50     0(0.00%) |   1073     530    1714   1100 |    0.00        0.00
--------|----------------------------------------------------------------------------|-------|-------------|-------|-------|-------|-------|--------|-----------
         Aggregated                                                                      3241     0(0.00%) |     22       2    1714      5 |   24.30        0.00

Type     Name                                                                          # reqs      # fails |    Avg     Min     Max    Med |   req/s  failures/s
--------|----------------------------------------------------------------------------|-------|-------------|-------|-------|-------|-------|--------|-----------
GET      GET /api/v1/reservas                                                            2401     0(0.00%) |      6       3     218      6 |   19.30        0.00
GET      GET /api/v1/reservas/{id}                                                        841     0(0.00%) |      5       2     239      4 |    5.10        0.00
POST     POST /api/v1/auth/login                                                           50     0(0.00%) |   1073     530    1714   1100 |    0.00        0.00
--------|----------------------------------------------------------------------------|-------|-------------|-------|-------|-------|-------|--------|-----------
         Aggregated                                                                      3292     0(0.00%) |     22       2    1714      5 |   24.40        0.00

Type     Name                                                                          # reqs      # fails |    Avg     Min     Max    Med |   req/s  failures/s
--------|----------------------------------------------------------------------------|-------|-------------|-------|-------|-------|-------|--------|-----------
GET      GET /api/v1/reservas                                                            2432     0(0.00%) |      6       3     218      6 |   18.90        0.00
GET      GET /api/v1/reservas/{id}                                                        855     0(0.00%) |      5       2     239      4 |    5.60        0.00
POST     POST /api/v1/auth/login                                                           50     0(0.00%) |   1073     530    1714   1100 |    0.00        0.00
--------|----------------------------------------------------------------------------|-------|-------------|-------|-------|-------|-------|--------|-----------
         Aggregated                                                                      3337     0(0.00%) |     22       2    1714      5 |   24.50        0.00

Type     Name                                                                          # reqs      # fails |    Avg     Min     Max    Med |   req/s  failures/s
--------|----------------------------------------------------------------------------|-------|-------------|-------|-------|-------|-------|--------|-----------
GET      GET /api/v1/reservas                                                            2477     0(0.00%) |      6       3     218      6 |   18.40        0.00
GET      GET /api/v1/reservas/{id}                                                        864     0(0.00%) |      5       2     239      4 |    5.70        0.00
POST     POST /api/v1/auth/login                                                           50     0(0.00%) |   1073     530    1714   1100 |    0.00        0.00
--------|----------------------------------------------------------------------------|-------|-------------|-------|-------|-------|-------|--------|-----------
         Aggregated                                                                      3391     0(0.00%) |     21       2    1714      5 |   24.10        0.00

Type     Name                                                                          # reqs      # fails |    Avg     Min     Max    Med |   req/s  failures/s
--------|----------------------------------------------------------------------------|-------|-------------|-------|-------|-------|-------|--------|-----------
GET      GET /api/v1/reservas                                                            2515     0(0.00%) |      6       3     218      6 |   18.80        0.00
GET      GET /api/v1/reservas/{id}                                                        871     0(0.00%) |      5       2     239      4 |    5.70        0.00
POST     POST /api/v1/auth/login                                                           50     0(0.00%) |   1073     530    1714   1100 |    0.00        0.00
--------|----------------------------------------------------------------------------|-------|-------------|-------|-------|-------|-------|--------|-----------
         Aggregated                                                                      3436     0(0.00%) |     21       2    1714      5 |   24.50        0.00

Type     Name                                                                          # reqs      # fails |    Avg     Min     Max    Med |   req/s  failures/s
--------|----------------------------------------------------------------------------|-------|-------------|-------|-------|-------|-------|--------|-----------
GET      GET /api/v1/reservas                                                            2554     0(0.00%) |      6       3     218      6 |   19.00        0.00
GET      GET /api/v1/reservas/{id}                                                        885     0(0.00%) |      5       2     239      4 |    5.70        0.00
POST     POST /api/v1/auth/login                                                           50     0(0.00%) |   1073     530    1714   1100 |    0.00        0.00
--------|----------------------------------------------------------------------------|-------|-------------|-------|-------|-------|-------|--------|-----------
         Aggregated                                                                      3489     0(0.00%) |     21       2    1714      5 |   24.70        0.00

Type     Name                                                                          # reqs      # fails |    Avg     Min     Max    Med |   req/s  failures/s
--------|----------------------------------------------------------------------------|-------|-------------|-------|-------|-------|-------|--------|-----------
GET      GET /api/v1/reservas                                                            2593     0(0.00%) |      7       3     218      6 |   18.90        0.00
GET      GET /api/v1/reservas/{id}                                                        899     0(0.00%) |      5       2     239      4 |    6.20        0.00
POST     POST /api/v1/auth/login                                                           50     0(0.00%) |   1073     530    1714   1100 |    0.00        0.00
--------|----------------------------------------------------------------------------|-------|-------------|-------|-------|-------|-------|--------|-----------
         Aggregated                                                                      3542     0(0.00%) |     21       2    1714      5 |   25.10        0.00

Type     Name                                                                          # reqs      # fails |    Avg     Min     Max    Med |   req/s  failures/s
--------|----------------------------------------------------------------------------|-------|-------------|-------|-------|-------|-------|--------|-----------
GET      GET /api/v1/reservas                                                            2632     0(0.00%) |      7       3     218      6 |   19.20        0.00
GET      GET /api/v1/reservas/{id}                                                        909     0(0.00%) |      5       2     239      4 |    5.60        0.00
POST     POST /api/v1/auth/login                                                           50     0(0.00%) |   1073     530    1714   1100 |    0.00        0.00
--------|----------------------------------------------------------------------------|-------|-------------|-------|-------|-------|-------|--------|-----------
         Aggregated                                                                      3591     0(0.00%) |     21       2    1714      5 |   24.80        0.00

Type     Name                                                                          # reqs      # fails |    Avg     Min     Max    Med |   req/s  failures/s
--------|----------------------------------------------------------------------------|-------|-------------|-------|-------|-------|-------|--------|-----------
GET      GET /api/v1/reservas                                                            2675     0(0.00%) |      7       3     218      6 |   20.00        0.00
GET      GET /api/v1/reservas/{id}                                                        917     0(0.00%) |      5       2     239      4 |    5.30        0.00
POST     POST /api/v1/auth/login                                                           50     0(0.00%) |   1073     530    1714   1100 |    0.00        0.00
--------|----------------------------------------------------------------------------|-------|-------------|-------|-------|-------|-------|--------|-----------
         Aggregated                                                                      3642     0(0.00%) |     21       2    1714      5 |   25.30        0.00

Type     Name                                                                          # reqs      # fails |    Avg     Min     Max    Med |   req/s  failures/s
--------|----------------------------------------------------------------------------|-------|-------------|-------|-------|-------|-------|--------|-----------
GET      GET /api/v1/reservas                                                            2709     0(0.00%) |      7       3     218      6 |   18.90        0.00
GET      GET /api/v1/reservas/{id}                                                        928     0(0.00%) |      5       2     239      4 |    5.40        0.00
POST     POST /api/v1/auth/login                                                           50     0(0.00%) |   1073     530    1714   1100 |    0.00        0.00
--------|----------------------------------------------------------------------------|-------|-------------|-------|-------|-------|-------|--------|-----------
         Aggregated                                                                      3687     0(0.00%) |     21       2    1714      5 |   24.30        0.00

Type     Name                                                                          # reqs      # fails |    Avg     Min     Max    Med |   req/s  failures/s
--------|----------------------------------------------------------------------------|-------|-------------|-------|-------|-------|-------|--------|-----------
GET      GET /api/v1/reservas                                                            2740     0(0.00%) |      7       3     218      6 |   19.40        0.00
GET      GET /api/v1/reservas/{id}                                                        942     0(0.00%) |      5       2     239      4 |    5.50        0.00
POST     POST /api/v1/auth/login                                                           50     0(0.00%) |   1073     530    1714   1100 |    0.00        0.00
--------|----------------------------------------------------------------------------|-------|-------------|-------|-------|-------|-------|--------|-----------
         Aggregated                                                                      3732     0(0.00%) |     20       2    1714      5 |   24.90        0.00

Type     Name                                                                          # reqs      # fails |    Avg     Min     Max    Med |   req/s  failures/s
--------|----------------------------------------------------------------------------|-------|-------------|-------|-------|-------|-------|--------|-----------
GET      GET /api/v1/reservas                                                            2775     0(0.00%) |      7       3     218      6 |   19.00        0.00
GET      GET /api/v1/reservas/{id}                                                        959     0(0.00%) |      5       2     239      4 |    5.40        0.00
POST     POST /api/v1/auth/login                                                           50     0(0.00%) |   1073     530    1714   1100 |    0.00        0.00
--------|----------------------------------------------------------------------------|-------|-------------|-------|-------|-------|-------|--------|-----------
         Aggregated                                                                      3784     0(0.00%) |     20       2    1714      5 |   24.40        0.00

Type     Name                                                                          # reqs      # fails |    Avg     Min     Max    Med |   req/s  failures/s
--------|----------------------------------------------------------------------------|-------|-------------|-------|-------|-------|-------|--------|-----------
GET      GET /api/v1/reservas                                                            2815     0(0.00%) |      6       3     218      6 |   18.70        0.00
GET      GET /api/v1/reservas/{id}                                                        971     0(0.00%) |      5       2     239      4 |    6.00        0.00
POST     POST /api/v1/auth/login                                                           50     0(0.00%) |   1073     530    1714   1100 |    0.00        0.00
--------|----------------------------------------------------------------------------|-------|-------------|-------|-------|-------|-------|--------|-----------
         Aggregated                                                                      3836     0(0.00%) |     20       2    1714      5 |   24.70        0.00

Type     Name                                                                          # reqs      # fails |    Avg     Min     Max    Med |   req/s  failures/s
--------|----------------------------------------------------------------------------|-------|-------------|-------|-------|-------|-------|--------|-----------
GET      GET /api/v1/reservas                                                            2848     0(0.00%) |      6       3     218      6 |   18.00        0.00
GET      GET /api/v1/reservas/{id}                                                        982     0(0.00%) |      5       2     239      4 |    6.40        0.00
POST     POST /api/v1/auth/login                                                           50     0(0.00%) |   1073     530    1714   1100 |    0.00        0.00
--------|----------------------------------------------------------------------------|-------|-------------|-------|-------|-------|-------|--------|-----------
         Aggregated                                                                      3880     0(0.00%) |     20       2    1714      5 |   24.40        0.00

Type     Name                                                                          # reqs      # fails |    Avg     Min     Max    Med |   req/s  failures/s
--------|----------------------------------------------------------------------------|-------|-------------|-------|-------|-------|-------|--------|-----------
GET      GET /api/v1/reservas                                                            2884     0(0.00%) |      6       3     218      6 |   18.30        0.00
GET      GET /api/v1/reservas/{id}                                                        993     0(0.00%) |      5       2     239      4 |    6.60        0.00
POST     POST /api/v1/auth/login                                                           50     0(0.00%) |   1073     530    1714   1100 |    0.00        0.00
--------|----------------------------------------------------------------------------|-------|-------------|-------|-------|-------|-------|--------|-----------
         Aggregated                                                                      3927     0(0.00%) |     20       2    1714      5 |   24.90        0.00

Type     Name                                                                          # reqs      # fails |    Avg     Min     Max    Med |   req/s  failures/s
--------|----------------------------------------------------------------------------|-------|-------------|-------|-------|-------|-------|--------|-----------
GET      GET /api/v1/reservas                                                            2923     0(0.00%) |      6       3     218      6 |   17.50        0.00
GET      GET /api/v1/reservas/{id}                                                       1009     0(0.00%) |      5       2     239      4 |    6.60        0.00
POST     POST /api/v1/auth/login                                                           50     0(0.00%) |   1073     530    1714   1100 |    0.00        0.00
--------|----------------------------------------------------------------------------|-------|-------------|-------|-------|-------|-------|--------|-----------
         Aggregated                                                                      3982     0(0.00%) |     19       2    1714      5 |   24.10        0.00

Type     Name                                                                          # reqs      # fails |    Avg     Min     Max    Med |   req/s  failures/s
--------|----------------------------------------------------------------------------|-------|-------------|-------|-------|-------|-------|--------|-----------
GET      GET /api/v1/reservas                                                            2957     0(0.00%) |      6       3     218      6 |   18.00        0.00
GET      GET /api/v1/reservas/{id}                                                       1020     0(0.00%) |      5       2     239      4 |    7.00        0.00
POST     POST /api/v1/auth/login                                                           50     0(0.00%) |   1073     530    1714   1100 |    0.00        0.00
--------|----------------------------------------------------------------------------|-------|-------------|-------|-------|-------|-------|--------|-----------
         Aggregated                                                                      4027     0(0.00%) |     19       2    1714      5 |   25.00        0.00

Type     Name                                                                          # reqs      # fails |    Avg     Min     Max    Med |   req/s  failures/s
--------|----------------------------------------------------------------------------|-------|-------------|-------|-------|-------|-------|--------|-----------
GET      GET /api/v1/reservas                                                            2997     0(0.00%) |      6       3     218      6 |   18.10        0.00
GET      GET /api/v1/reservas/{id}                                                       1033     0(0.00%) |      5       2     239      4 |    6.10        0.00
POST     POST /api/v1/auth/login                                                           50     0(0.00%) |   1073     530    1714   1100 |    0.00        0.00
--------|----------------------------------------------------------------------------|-------|-------------|-------|-------|-------|-------|--------|-----------
         Aggregated                                                                      4080     0(0.00%) |     19       2    1714      5 |   24.20        0.00

Type     Name                                                                          # reqs      # fails |    Avg     Min     Max    Med |   req/s  failures/s
--------|----------------------------------------------------------------------------|-------|-------------|-------|-------|-------|-------|--------|-----------
GET      GET /api/v1/reservas                                                            3030     0(0.00%) |      6       3     218      6 |   18.20        0.00
GET      GET /api/v1/reservas/{id}                                                       1048     0(0.00%) |      5       2     239      4 |    6.40        0.00
POST     POST /api/v1/auth/login                                                           50     0(0.00%) |   1073     530    1714   1100 |    0.00        0.00
--------|----------------------------------------------------------------------------|-------|-------------|-------|-------|-------|-------|--------|-----------
         Aggregated                                                                      4128     0(0.00%) |     19       2    1714      5 |   24.60        0.00

Type     Name                                                                          # reqs      # fails |    Avg     Min     Max    Med |   req/s  failures/s
--------|----------------------------------------------------------------------------|-------|-------------|-------|-------|-------|-------|--------|-----------
GET      GET /api/v1/reservas                                                            3057     0(0.00%) |      6       3     218      6 |   18.10        0.00
GET      GET /api/v1/reservas/{id}                                                       1064     0(0.00%) |      5       2     239      4 |    6.30        0.00
POST     POST /api/v1/auth/login                                                           50     0(0.00%) |   1073     530    1714   1100 |    0.00        0.00
--------|----------------------------------------------------------------------------|-------|-------------|-------|-------|-------|-------|--------|-----------
         Aggregated                                                                      4171     0(0.00%) |     19       2    1714      5 |   24.40        0.00

Type     Name                                                                          # reqs      # fails |    Avg     Min     Max    Med |   req/s  failures/s
--------|----------------------------------------------------------------------------|-------|-------------|-------|-------|-------|-------|--------|-----------
GET      GET /api/v1/reservas                                                            3093     0(0.00%) |      6       3     218      6 |   17.30        0.00
GET      GET /api/v1/reservas/{id}                                                       1078     0(0.00%) |      5       2     239      4 |    6.80        0.00
POST     POST /api/v1/auth/login                                                           50     0(0.00%) |   1073     530    1714   1100 |    0.00        0.00
--------|----------------------------------------------------------------------------|-------|-------------|-------|-------|-------|-------|--------|-----------
         Aggregated                                                                      4221     0(0.00%) |     19       2    1714      5 |   24.10        0.00

Type     Name                                                                          # reqs      # fails |    Avg     Min     Max    Med |   req/s  failures/s
--------|----------------------------------------------------------------------------|-------|-------------|-------|-------|-------|-------|--------|-----------
GET      GET /api/v1/reservas                                                            3134     0(0.00%) |      6       3     218      6 |   17.00        0.00
GET      GET /api/v1/reservas/{id}                                                       1087     0(0.00%) |      5       2     239      4 |    6.70        0.00
POST     POST /api/v1/auth/login                                                           50     0(0.00%) |   1073     530    1714   1100 |    0.00        0.00
--------|----------------------------------------------------------------------------|-------|-------------|-------|-------|-------|-------|--------|-----------
         Aggregated                                                                      4271     0(0.00%) |     19       2    1714      5 |   23.70        0.00

Type     Name                                                                          # reqs      # fails |    Avg     Min     Max    Med |   req/s  failures/s
--------|----------------------------------------------------------------------------|-------|-------------|-------|-------|-------|-------|--------|-----------
GET      GET /api/v1/reservas                                                            3166     0(0.00%) |      6       3     218      6 |   16.70        0.00
GET      GET /api/v1/reservas/{id}                                                       1097     0(0.00%) |      5       2     239      4 |    6.70        0.00
POST     POST /api/v1/auth/login                                                           50     0(0.00%) |   1073     530    1714   1100 |    0.00        0.00
--------|----------------------------------------------------------------------------|-------|-------------|-------|-------|-------|-------|--------|-----------
         Aggregated                                                                      4313     0(0.00%) |     18       2    1714      5 |   23.40        0.00

Type     Name                                                                          # reqs      # fails |    Avg     Min     Max    Med |   req/s  failures/s
--------|----------------------------------------------------------------------------|-------|-------------|-------|-------|-------|-------|--------|-----------
GET      GET /api/v1/reservas                                                            3211     0(0.00%) |      6       3     218      6 |   17.10        0.00
GET      GET /api/v1/reservas/{id}                                                       1106     0(0.00%) |      5       2     239      4 |    6.40        0.00
POST     POST /api/v1/auth/login                                                           50     0(0.00%) |   1073     530    1714   1100 |    0.00        0.00
--------|----------------------------------------------------------------------------|-------|-------------|-------|-------|-------|-------|--------|-----------
         Aggregated                                                                      4367     0(0.00%) |     18       2    1714      5 |   23.50        0.00

Type     Name                                                                          # reqs      # fails |    Avg     Min     Max    Med |   req/s  failures/s
--------|----------------------------------------------------------------------------|-------|-------------|-------|-------|-------|-------|--------|-----------
GET      GET /api/v1/reservas                                                            3251     0(0.00%) |      6       3     218      6 |   18.00        0.00
GET      GET /api/v1/reservas/{id}                                                       1116     0(0.00%) |      5       2     239      4 |    6.10        0.00
POST     POST /api/v1/auth/login                                                           50     0(0.00%) |   1073     530    1714   1100 |    0.00        0.00
--------|----------------------------------------------------------------------------|-------|-------------|-------|-------|-------|-------|--------|-----------
         Aggregated                                                                      4417     0(0.00%) |     18       2    1714      5 |   24.10        0.00

Type     Name                                                                          # reqs      # fails |    Avg     Min     Max    Med |   req/s  failures/s
--------|----------------------------------------------------------------------------|-------|-------------|-------|-------|-------|-------|--------|-----------
GET      GET /api/v1/reservas                                                            3289     0(0.00%) |      6       3     218      6 |   19.30        0.00
GET      GET /api/v1/reservas/{id}                                                       1126     0(0.00%) |      5       2     239      4 |    5.50        0.00
POST     POST /api/v1/auth/login                                                           50     0(0.00%) |   1073     530    1714   1100 |    0.00        0.00
--------|----------------------------------------------------------------------------|-------|-------------|-------|-------|-------|-------|--------|-----------
         Aggregated                                                                      4465     0(0.00%) |     18       2    1714      5 |   24.80        0.00

Type     Name                                                                          # reqs      # fails |    Avg     Min     Max    Med |   req/s  failures/s
--------|----------------------------------------------------------------------------|-------|-------------|-------|-------|-------|-------|--------|-----------
GET      GET /api/v1/reservas                                                            3328     0(0.00%) |      6       3     218      6 |   19.70        0.00
GET      GET /api/v1/reservas/{id}                                                       1142     0(0.00%) |      5       2     239      4 |    4.90        0.00
POST     POST /api/v1/auth/login                                                           50     0(0.00%) |   1073     530    1714   1100 |    0.00        0.00
--------|----------------------------------------------------------------------------|-------|-------------|-------|-------|-------|-------|--------|-----------
         Aggregated                                                                      4520     0(0.00%) |     18       2    1714      5 |   24.60        0.00

Type     Name                                                                          # reqs      # fails |    Avg     Min     Max    Med |   req/s  failures/s
--------|----------------------------------------------------------------------------|-------|-------------|-------|-------|-------|-------|--------|-----------
GET      GET /api/v1/reservas                                                            3364     0(0.00%) |      6       3     218      6 |   19.90        0.00
GET      GET /api/v1/reservas/{id}                                                       1155     0(0.00%) |      5       2     239      4 |    5.60        0.00
POST     POST /api/v1/auth/login                                                           50     0(0.00%) |   1073     530    1714   1100 |    0.00        0.00
--------|----------------------------------------------------------------------------|-------|-------------|-------|-------|-------|-------|--------|-----------
         Aggregated                                                                      4569     0(0.00%) |     18       2    1714      5 |   25.50        0.00

Type     Name                                                                          # reqs      # fails |    Avg     Min     Max    Med |   req/s  failures/s
--------|----------------------------------------------------------------------------|-------|-------------|-------|-------|-------|-------|--------|-----------
GET      GET /api/v1/reservas                                                            3409     0(0.00%) |      6       3     218      6 |   19.80        0.00
GET      GET /api/v1/reservas/{id}                                                       1166     0(0.00%) |      5       2     239      4 |    5.70        0.00
POST     POST /api/v1/auth/login                                                           50     0(0.00%) |   1073     530    1714   1100 |    0.00        0.00
--------|----------------------------------------------------------------------------|-------|-------------|-------|-------|-------|-------|--------|-----------
         Aggregated                                                                      4625     0(0.00%) |     17       2    1714      5 |   25.50        0.00

Type     Name                                                                          # reqs      # fails |    Avg     Min     Max    Med |   req/s  failures/s
--------|----------------------------------------------------------------------------|-------|-------------|-------|-------|-------|-------|--------|-----------
GET      GET /api/v1/reservas                                                            3448     0(0.00%) |      6       3     218      6 |   19.60        0.00
GET      GET /api/v1/reservas/{id}                                                       1179     0(0.00%) |      5       2     239      4 |    5.90        0.00
POST     POST /api/v1/auth/login                                                           50     0(0.00%) |   1073     530    1714   1100 |    0.00        0.00
--------|----------------------------------------------------------------------------|-------|-------------|-------|-------|-------|-------|--------|-----------
         Aggregated                                                                      4677     0(0.00%) |     17       2    1714      5 |   25.50        0.00

Type     Name                                                                          # reqs      # fails |    Avg     Min     Max    Med |   req/s  failures/s
--------|----------------------------------------------------------------------------|-------|-------------|-------|-------|-------|-------|--------|-----------
GET      GET /api/v1/reservas                                                            3485     0(0.00%) |      6       3     218      6 |   19.40        0.00
GET      GET /api/v1/reservas/{id}                                                       1189     0(0.00%) |      5       2     239      4 |    6.30        0.00
POST     POST /api/v1/auth/login                                                           50     0(0.00%) |   1073     530    1714   1100 |    0.00        0.00
--------|----------------------------------------------------------------------------|-------|-------------|-------|-------|-------|-------|--------|-----------
         Aggregated                                                                      4724     0(0.00%) |     17       2    1714      5 |   25.70        0.00

Type     Name                                                                          # reqs      # fails |    Avg     Min     Max    Med |   req/s  failures/s
--------|----------------------------------------------------------------------------|-------|-------------|-------|-------|-------|-------|--------|-----------
GET      GET /api/v1/reservas                                                            3523     0(0.00%) |      6       3     218      6 |   19.40        0.00
GET      GET /api/v1/reservas/{id}                                                       1203     0(0.00%) |      5       2     239      4 |    6.40        0.00
POST     POST /api/v1/auth/login                                                           50     0(0.00%) |   1073     530    1714   1100 |    0.00        0.00
--------|----------------------------------------------------------------------------|-------|-------------|-------|-------|-------|-------|--------|-----------
         Aggregated                                                                      4776     0(0.00%) |     17       2    1714      5 |   25.80        0.00

Type     Name                                                                          # reqs      # fails |    Avg     Min     Max    Med |   req/s  failures/s
--------|----------------------------------------------------------------------------|-------|-------------|-------|-------|-------|-------|--------|-----------
GET      GET /api/v1/reservas                                                            3563     0(0.00%) |      6       3     218      6 |   19.60        0.00
GET      GET /api/v1/reservas/{id}                                                       1215     0(0.00%) |      5       2     239      4 |    6.10        0.00
POST     POST /api/v1/auth/login                                                           50     0(0.00%) |   1073     530    1714   1100 |    0.00        0.00
--------|----------------------------------------------------------------------------|-------|-------------|-------|-------|-------|-------|--------|-----------
         Aggregated                                                                      4828     0(0.00%) |     17       2    1714      5 |   25.70        0.00

Type     Name                                                                          # reqs      # fails |    Avg     Min     Max    Med |   req/s  failures/s
--------|----------------------------------------------------------------------------|-------|-------------|-------|-------|-------|-------|--------|-----------
GET      GET /api/v1/reservas                                                            3599     0(0.00%) |      6       3     218      6 |   19.80        0.00
GET      GET /api/v1/reservas/{id}                                                       1231     0(0.00%) |      5       2     239      4 |    6.10        0.00
POST     POST /api/v1/auth/login                                                           50     0(0.00%) |   1073     530    1714   1100 |    0.00        0.00
--------|----------------------------------------------------------------------------|-------|-------------|-------|-------|-------|-------|--------|-----------
         Aggregated                                                                      4880     0(0.00%) |     17       2    1714      5 |   25.90        0.00

Type     Name                                                                          # reqs      # fails |    Avg     Min     Max    Med |   req/s  failures/s
--------|----------------------------------------------------------------------------|-------|-------------|-------|-------|-------|-------|--------|-----------
GET      GET /api/v1/reservas                                                            3638     0(0.00%) |      6       3     218      6 |   19.70        0.00
GET      GET /api/v1/reservas/{id}                                                       1243     0(0.00%) |      5       2     239      4 |    6.30        0.00
POST     POST /api/v1/auth/login                                                           50     0(0.00%) |   1073     530    1714   1100 |    0.00        0.00
--------|----------------------------------------------------------------------------|-------|-------------|-------|-------|-------|-------|--------|-----------
         Aggregated                                                                      4931     0(0.00%) |     17       2    1714      5 |   26.00        0.00

Type     Name                                                                          # reqs      # fails |    Avg     Min     Max    Med |   req/s  failures/s
--------|----------------------------------------------------------------------------|-------|-------------|-------|-------|-------|-------|--------|-----------
GET      GET /api/v1/reservas                                                            3677     0(0.00%) |      6       3     218      6 |   19.10        0.00
GET      GET /api/v1/reservas/{id}                                                       1256     0(0.00%) |      5       2     239      4 |    6.30        0.00
POST     POST /api/v1/auth/login                                                           50     0(0.00%) |   1073     530    1714   1100 |    0.00        0.00
--------|----------------------------------------------------------------------------|-------|-------------|-------|-------|-------|-------|--------|-----------
         Aggregated                                                                      4983     0(0.00%) |     17       2    1714      5 |   25.40        0.00

Type     Name                                                                          # reqs      # fails |    Avg     Min     Max    Med |   req/s  failures/s
--------|----------------------------------------------------------------------------|-------|-------------|-------|-------|-------|-------|--------|-----------
GET      GET /api/v1/reservas                                                            3712     0(0.00%) |      6       3     218      6 |   18.90        0.00
GET      GET /api/v1/reservas/{id}                                                       1268     0(0.00%) |      5       2     239      4 |    6.50        0.00
POST     POST /api/v1/auth/login                                                           50     0(0.00%) |   1073     530    1714   1100 |    0.00        0.00
--------|----------------------------------------------------------------------------|-------|-------------|-------|-------|-------|-------|--------|-----------
         Aggregated                                                                      5030     0(0.00%) |     17       2    1714      5 |   25.40        0.00

Type     Name                                                                          # reqs      # fails |    Avg     Min     Max    Med |   req/s  failures/s
--------|----------------------------------------------------------------------------|-------|-------------|-------|-------|-------|-------|--------|-----------
GET      GET /api/v1/reservas                                                            3758     0(0.00%) |      6       3     218      6 |   19.30        0.00
GET      GET /api/v1/reservas/{id}                                                       1276     0(0.00%) |      5       2     239      4 |    6.40        0.00
POST     POST /api/v1/auth/login                                                           50     0(0.00%) |   1073     530    1714   1100 |    0.00        0.00
--------|----------------------------------------------------------------------------|-------|-------------|-------|-------|-------|-------|--------|-----------
         Aggregated                                                                      5084     0(0.00%) |     17       2    1714      5 |   25.70        0.00

Type     Name                                                                          # reqs      # fails |    Avg     Min     Max    Med |   req/s  failures/s
--------|----------------------------------------------------------------------------|-------|-------------|-------|-------|-------|-------|--------|-----------
GET      GET /api/v1/reservas                                                            3793     0(0.00%) |      6       3     218      6 |   19.60        0.00
GET      GET /api/v1/reservas/{id}                                                       1290     0(0.00%) |      5       2     239      4 |    6.10        0.00
POST     POST /api/v1/auth/login                                                           50     0(0.00%) |   1073     530    1714   1100 |    0.00        0.00
--------|----------------------------------------------------------------------------|-------|-------------|-------|-------|-------|-------|--------|-----------
         Aggregated                                                                      5133     0(0.00%) |     16       2    1714      5 |   25.70        0.00

Type     Name                                                                          # reqs      # fails |    Avg     Min     Max    Med |   req/s  failures/s
--------|----------------------------------------------------------------------------|-------|-------------|-------|-------|-------|-------|--------|-----------
GET      GET /api/v1/reservas                                                            3826     0(0.00%) |      6       3     218      6 |   19.50        0.00
GET      GET /api/v1/reservas/{id}                                                       1307     0(0.00%) |      5       2     239      4 |    5.70        0.00
POST     POST /api/v1/auth/login                                                           50     0(0.00%) |   1073     530    1714   1100 |    0.00        0.00
--------|----------------------------------------------------------------------------|-------|-------------|-------|-------|-------|-------|--------|-----------
         Aggregated                                                                      5183     0(0.00%) |     16       2    1714      5 |   25.20        0.00

Type     Name                                                                          # reqs      # fails |    Avg     Min     Max    Med |   req/s  failures/s
--------|----------------------------------------------------------------------------|-------|-------------|-------|-------|-------|-------|--------|-----------
GET      GET /api/v1/reservas                                                            3861     0(0.00%) |      6       3     218      6 |   19.40        0.00
GET      GET /api/v1/reservas/{id}                                                       1321     0(0.00%) |      5       2     239      4 |    6.30        0.00
POST     POST /api/v1/auth/login                                                           50     0(0.00%) |   1073     530    1714   1100 |    0.00        0.00
--------|----------------------------------------------------------------------------|-------|-------------|-------|-------|-------|-------|--------|-----------
         Aggregated                                                                      5232     0(0.00%) |     16       2    1714      5 |   25.70        0.00

Type     Name                                                                          # reqs      # fails |    Avg     Min     Max    Med |   req/s  failures/s
--------|----------------------------------------------------------------------------|-------|-------------|-------|-------|-------|-------|--------|-----------
GET      GET /api/v1/reservas                                                            3897     0(0.00%) |      6       3     218      6 |   18.80        0.00
GET      GET /api/v1/reservas/{id}                                                       1338     0(0.00%) |      5       2     239      4 |    6.20        0.00
POST     POST /api/v1/auth/login                                                           50     0(0.00%) |   1073     530    1714   1100 |    0.00        0.00
--------|----------------------------------------------------------------------------|-------|-------------|-------|-------|-------|-------|--------|-----------
         Aggregated                                                                      5285     0(0.00%) |     16       2    1714      5 |   25.00        0.00

Type     Name                                                                          # reqs      # fails |    Avg     Min     Max    Med |   req/s  failures/s
--------|----------------------------------------------------------------------------|-------|-------------|-------|-------|-------|-------|--------|-----------
GET      GET /api/v1/reservas                                                            3940     0(0.00%) |      6       3     218      6 |   18.10        0.00
GET      GET /api/v1/reservas/{id}                                                       1349     0(0.00%) |      5       2     239      4 |    7.20        0.00
POST     POST /api/v1/auth/login                                                           50     0(0.00%) |   1073     530    1714   1100 |    0.00        0.00
--------|----------------------------------------------------------------------------|-------|-------------|-------|-------|-------|-------|--------|-----------
         Aggregated                                                                      5339     0(0.00%) |     16       2    1714      5 |   25.30        0.00

Type     Name                                                                          # reqs      # fails |    Avg     Min     Max    Med |   req/s  failures/s
--------|----------------------------------------------------------------------------|-------|-------------|-------|-------|-------|-------|--------|-----------
GET      GET /api/v1/reservas                                                            3982     0(0.00%) |      6       3     218      6 |   18.20        0.00
GET      GET /api/v1/reservas/{id}                                                       1353     0(0.00%) |      5       2     239      4 |    7.00        0.00
POST     POST /api/v1/auth/login                                                           50     0(0.00%) |   1073     530    1714   1100 |    0.00        0.00
--------|----------------------------------------------------------------------------|-------|-------------|-------|-------|-------|-------|--------|-----------
         Aggregated                                                                      5385     0(0.00%) |     16       2    1714      5 |   25.20        0.00

Type     Name                                                                          # reqs      # fails |    Avg     Min     Max    Med |   req/s  failures/s
--------|----------------------------------------------------------------------------|-------|-------------|-------|-------|-------|-------|--------|-----------
GET      GET /api/v1/reservas                                                            4021     0(0.00%) |      6       3     218      6 |   18.40        0.00
GET      GET /api/v1/reservas/{id}                                                       1368     0(0.00%) |      5       2     239      4 |    7.00        0.00
POST     POST /api/v1/auth/login                                                           50     0(0.00%) |   1073     530    1714   1100 |    0.00        0.00
--------|----------------------------------------------------------------------------|-------|-------------|-------|-------|-------|-------|--------|-----------
         Aggregated                                                                      5439     0(0.00%) |     16       2    1714      5 |   25.40        0.00

Type     Name                                                                          # reqs      # fails |    Avg     Min     Max    Med |   req/s  failures/s
--------|----------------------------------------------------------------------------|-------|-------------|-------|-------|-------|-------|--------|-----------
GET      GET /api/v1/reservas                                                            4059     0(0.00%) |      6       3     218      6 |   19.20        0.00
GET      GET /api/v1/reservas/{id}                                                       1380     0(0.00%) |      5       2     239      4 |    6.40        0.00
POST     POST /api/v1/auth/login                                                           50     0(0.00%) |   1073     530    1714   1100 |    0.00        0.00
--------|----------------------------------------------------------------------------|-------|-------------|-------|-------|-------|-------|--------|-----------
         Aggregated                                                                      5489     0(0.00%) |     16       2    1714      5 |   25.60        0.00

Type     Name                                                                          # reqs      # fails |    Avg     Min     Max    Med |   req/s  failures/s
--------|----------------------------------------------------------------------------|-------|-------------|-------|-------|-------|-------|--------|-----------
GET      GET /api/v1/reservas                                                            4099     0(0.00%) |      6       3     218      6 |   19.10        0.00
GET      GET /api/v1/reservas/{id}                                                       1388     0(0.00%) |      5       2     239      4 |    6.40        0.00
POST     POST /api/v1/auth/login                                                           50     0(0.00%) |   1073     530    1714   1100 |    0.00        0.00
--------|----------------------------------------------------------------------------|-------|-------------|-------|-------|-------|-------|--------|-----------
         Aggregated                                                                      5537     0(0.00%) |     16       2    1714      5 |   25.50        0.00

Type     Name                                                                          # reqs      # fails |    Avg     Min     Max    Med |   req/s  failures/s
--------|----------------------------------------------------------------------------|-------|-------------|-------|-------|-------|-------|--------|-----------
GET      GET /api/v1/reservas                                                            4146     0(0.00%) |      6       3     218      6 |   20.00        0.00
GET      GET /api/v1/reservas/{id}                                                       1394     0(0.00%) |      5       2     239      4 |    4.90        0.00
POST     POST /api/v1/auth/login                                                           50     0(0.00%) |   1073     530    1714   1100 |    0.00        0.00
--------|----------------------------------------------------------------------------|-------|-------------|-------|-------|-------|-------|--------|-----------
         Aggregated                                                                      5590     0(0.00%) |     16       2    1714      5 |   24.90        0.00

Type     Name                                                                          # reqs      # fails |    Avg     Min     Max    Med |   req/s  failures/s
--------|----------------------------------------------------------------------------|-------|-------------|-------|-------|-------|-------|--------|-----------
GET      GET /api/v1/reservas                                                            4181     0(0.00%) |      6       3     218      6 |   20.00        0.00
GET      GET /api/v1/reservas/{id}                                                       1413     0(0.00%) |      5       2     239      5 |    4.90        0.00
POST     POST /api/v1/auth/login                                                           50     0(0.00%) |   1073     530    1714   1100 |    0.00        0.00
--------|----------------------------------------------------------------------------|-------|-------------|-------|-------|-------|-------|--------|-----------
         Aggregated                                                                      5644     0(0.00%) |     15       2    1714      6 |   24.90        0.00

Type     Name                                                                          # reqs      # fails |    Avg     Min     Max    Med |   req/s  failures/s
--------|----------------------------------------------------------------------------|-------|-------------|-------|-------|-------|-------|--------|-----------
GET      GET /api/v1/reservas                                                            4213     0(0.00%) |      6       3     218      6 |   19.30        0.00
GET      GET /api/v1/reservas/{id}                                                       1429     0(0.00%) |      5       2     239      5 |    5.30        0.00
POST     POST /api/v1/auth/login                                                           50     0(0.00%) |   1073     530    1714   1100 |    0.00        0.00
--------|----------------------------------------------------------------------------|-------|-------------|-------|-------|-------|-------|--------|-----------
         Aggregated                                                                      5692     0(0.00%) |     15       2    1714      6 |   24.60        0.00

Type     Name                                                                          # reqs      # fails |    Avg     Min     Max    Med |   req/s  failures/s
--------|----------------------------------------------------------------------------|-------|-------------|-------|-------|-------|-------|--------|-----------
GET      GET /api/v1/reservas                                                            4245     0(0.00%) |      6       3     218      6 |   19.10        0.00
GET      GET /api/v1/reservas/{id}                                                       1443     0(0.00%) |      5       2     239      5 |    5.50        0.00
POST     POST /api/v1/auth/login                                                           50     0(0.00%) |   1073     530    1714   1100 |    0.00        0.00
--------|----------------------------------------------------------------------------|-------|-------------|-------|-------|-------|-------|--------|-----------
         Aggregated                                                                      5738     0(0.00%) |     15       2    1714      6 |   24.60        0.00

Type     Name                                                                          # reqs      # fails |    Avg     Min     Max    Med |   req/s  failures/s
--------|----------------------------------------------------------------------------|-------|-------------|-------|-------|-------|-------|--------|-----------
GET      GET /api/v1/reservas                                                            4287     0(0.00%) |      6       3     218      6 |   19.20        0.00
GET      GET /api/v1/reservas/{id}                                                       1454     0(0.00%) |      5       2     239      5 |    6.20        0.00
POST     POST /api/v1/auth/login                                                           50     0(0.00%) |   1073     530    1714   1100 |    0.00        0.00
--------|----------------------------------------------------------------------------|-------|-------------|-------|-------|-------|-------|--------|-----------
         Aggregated                                                                      5791     0(0.00%) |     15       2    1714      6 |   25.40        0.00

Type     Name                                                                          # reqs      # fails |    Avg     Min     Max    Med |   req/s  failures/s
--------|----------------------------------------------------------------------------|-------|-------------|-------|-------|-------|-------|--------|-----------
GET      GET /api/v1/reservas                                                            4323     0(0.00%) |      6       3     218      6 |   18.80        0.00
GET      GET /api/v1/reservas/{id}                                                       1464     0(0.00%) |      5       2     239      5 |    6.70        0.00
POST     POST /api/v1/auth/login                                                           50     0(0.00%) |   1073     530    1714   1100 |    0.00        0.00
--------|----------------------------------------------------------------------------|-------|-------------|-------|-------|-------|-------|--------|-----------
         Aggregated                                                                      5837     0(0.00%) |     15       2    1714      6 |   25.50        0.00

Type     Name                                                                          # reqs      # fails |    Avg     Min     Max    Med |   req/s  failures/s
--------|----------------------------------------------------------------------------|-------|-------------|-------|-------|-------|-------|--------|-----------
GET      GET /api/v1/reservas                                                            4361     0(0.00%) |      6       3     218      6 |   18.00        0.00
GET      GET /api/v1/reservas/{id}                                                       1474     0(0.00%) |      5       2     239      5 |    6.80        0.00
POST     POST /api/v1/auth/login                                                           50     0(0.00%) |   1073     530    1714   1100 |    0.00        0.00
--------|----------------------------------------------------------------------------|-------|-------------|-------|-------|-------|-------|--------|-----------
         Aggregated                                                                      5885     0(0.00%) |     15       2    1714      6 |   24.80        0.00

Type     Name                                                                          # reqs      # fails |    Avg     Min     Max    Med |   req/s  failures/s
--------|----------------------------------------------------------------------------|-------|-------------|-------|-------|-------|-------|--------|-----------
GET      GET /api/v1/reservas                                                            4400     0(0.00%) |      6       3     218      6 |   18.90        0.00
GET      GET /api/v1/reservas/{id}                                                       1483     0(0.00%) |      5       2     239      5 |    6.50        0.00
POST     POST /api/v1/auth/login                                                           50     0(0.00%) |   1073     530    1714   1100 |    0.00        0.00
--------|----------------------------------------------------------------------------|-------|-------------|-------|-------|-------|-------|--------|-----------
         Aggregated                                                                      5933     0(0.00%) |     15       2    1714      6 |   25.40        0.00

Type     Name                                                                          # reqs      # fails |    Avg     Min     Max    Med |   req/s  failures/s
--------|----------------------------------------------------------------------------|-------|-------------|-------|-------|-------|-------|--------|-----------
GET      GET /api/v1/reservas                                                            4440     0(0.00%) |      6       3     218      6 |   18.50        0.00
GET      GET /api/v1/reservas/{id}                                                       1497     0(0.00%) |      5       2     239      5 |    6.00        0.00
POST     POST /api/v1/auth/login                                                           50     0(0.00%) |   1073     530    1714   1100 |    0.00        0.00
--------|----------------------------------------------------------------------------|-------|-------------|-------|-------|-------|-------|--------|-----------
         Aggregated                                                                      5987     0(0.00%) |     15       2    1714      6 |   24.50        0.00

Type     Name                                                                          # reqs      # fails |    Avg     Min     Max    Med |   req/s  failures/s
--------|----------------------------------------------------------------------------|-------|-------------|-------|-------|-------|-------|--------|-----------
GET      GET /api/v1/reservas                                                            4471     0(0.00%) |      6       3     218      6 |   19.20        0.00
GET      GET /api/v1/reservas/{id}                                                       1515     0(0.00%) |      5       2     239      5 |    4.90        0.00
POST     POST /api/v1/auth/login                                                           50     0(0.00%) |   1073     530    1714   1100 |    0.00        0.00
--------|----------------------------------------------------------------------------|-------|-------------|-------|-------|-------|-------|--------|-----------
         Aggregated                                                                      6036     0(0.00%) |     15       2    1714      6 |   24.10        0.00

Type     Name                                                                          # reqs      # fails |    Avg     Min     Max    Med |   req/s  failures/s
--------|----------------------------------------------------------------------------|-------|-------------|-------|-------|-------|-------|--------|-----------
GET      GET /api/v1/reservas                                                            4507     0(0.00%) |      6       3     218      6 |   18.50        0.00
GET      GET /api/v1/reservas/{id}                                                       1529     0(0.00%) |      5       2     239      5 |    5.50        0.00
POST     POST /api/v1/auth/login                                                           50     0(0.00%) |   1073     530    1714   1100 |    0.00        0.00
--------|----------------------------------------------------------------------------|-------|-------------|-------|-------|-------|-------|--------|-----------
         Aggregated                                                                      6086     0(0.00%) |     15       2    1714      6 |   24.00        0.00

Type     Name                                                                          # reqs      # fails |    Avg     Min     Max    Med |   req/s  failures/s
--------|----------------------------------------------------------------------------|-------|-------------|-------|-------|-------|-------|--------|-----------
GET      GET /api/v1/reservas                                                            4546     0(0.00%) |      6       3     218      6 |   18.80        0.00
GET      GET /api/v1/reservas/{id}                                                       1538     0(0.00%) |      5       2     239      5 |    6.20        0.00
POST     POST /api/v1/auth/login                                                           50     0(0.00%) |   1073     530    1714   1100 |    0.00        0.00
--------|----------------------------------------------------------------------------|-------|-------------|-------|-------|-------|-------|--------|-----------
         Aggregated                                                                      6134     0(0.00%) |     15       2    1714      6 |   25.00        0.00

Type     Name                                                                          # reqs      # fails |    Avg     Min     Max    Med |   req/s  failures/s
--------|----------------------------------------------------------------------------|-------|-------------|-------|-------|-------|-------|--------|-----------
GET      GET /api/v1/reservas                                                            4580     0(0.00%) |      6       3     218      6 |   17.80        0.00
GET      GET /api/v1/reservas/{id}                                                       1551     0(0.00%) |      5       2     239      5 |    6.30        0.00
POST     POST /api/v1/auth/login                                                           50     0(0.00%) |   1073     530    1714   1100 |    0.00        0.00
--------|----------------------------------------------------------------------------|-------|-------------|-------|-------|-------|-------|--------|-----------
         Aggregated                                                                      6181     0(0.00%) |     15       2    1714      6 |   24.10        0.00

Type     Name                                                                          # reqs      # fails |    Avg     Min     Max    Med |   req/s  failures/s
--------|----------------------------------------------------------------------------|-------|-------------|-------|-------|-------|-------|--------|-----------
GET      GET /api/v1/reservas                                                            4623     0(0.00%) |      6       3     218      6 |   18.00        0.00
GET      GET /api/v1/reservas/{id}                                                       1561     0(0.00%) |      5       2     239      5 |    6.60        0.00
POST     POST /api/v1/auth/login                                                           50     0(0.00%) |   1073     530    1714   1100 |    0.00        0.00
--------|----------------------------------------------------------------------------|-------|-------------|-------|-------|-------|-------|--------|-----------
         Aggregated                                                                      6234     0(0.00%) |     15       2    1714      6 |   24.60        0.00

Type     Name                                                                          # reqs      # fails |    Avg     Min     Max    Med |   req/s  failures/s
--------|----------------------------------------------------------------------------|-------|-------------|-------|-------|-------|-------|--------|-----------
GET      GET /api/v1/reservas                                                            4664     0(0.00%) |      6       3     218      6 |   18.60        0.00
GET      GET /api/v1/reservas/{id}                                                       1578     0(0.00%) |      5       2     239      5 |    6.60        0.00
POST     POST /api/v1/auth/login                                                           50     0(0.00%) |   1073     530    1714   1100 |    0.00        0.00
--------|----------------------------------------------------------------------------|-------|-------------|-------|-------|-------|-------|--------|-----------
         Aggregated                                                                      6292     0(0.00%) |     15       2    1714      6 |   25.20        0.00

Type     Name                                                                          # reqs      # fails |    Avg     Min     Max    Med |   req/s  failures/s
--------|----------------------------------------------------------------------------|-------|-------------|-------|-------|-------|-------|--------|-----------
GET      GET /api/v1/reservas                                                            4699     0(0.00%) |      6       3     218      6 |   19.10        0.00
GET      GET /api/v1/reservas/{id}                                                       1588     0(0.00%) |      5       2     239      5 |    6.30        0.00
POST     POST /api/v1/auth/login                                                           50     0(0.00%) |   1073     530    1714   1100 |    0.00        0.00
--------|----------------------------------------------------------------------------|-------|-------------|-------|-------|-------|-------|--------|-----------
         Aggregated                                                                      6337     0(0.00%) |     14       2    1714      6 |   25.40        0.00

Type     Name                                                                          # reqs      # fails |    Avg     Min     Max    Med |   req/s  failures/s
--------|----------------------------------------------------------------------------|-------|-------------|-------|-------|-------|-------|--------|-----------
GET      GET /api/v1/reservas                                                            4737     0(0.00%) |      6       3     218      6 |   18.90        0.00
GET      GET /api/v1/reservas/{id}                                                       1599     0(0.00%) |      5       2     239      5 |    6.30        0.00
POST     POST /api/v1/auth/login                                                           50     0(0.00%) |   1073     530    1714   1100 |    0.00        0.00
--------|----------------------------------------------------------------------------|-------|-------------|-------|-------|-------|-------|--------|-----------
         Aggregated                                                                      6386     0(0.00%) |     14       2    1714      6 |   25.20        0.00

Type     Name                                                                          # reqs      # fails |    Avg     Min     Max    Med |   req/s  failures/s
--------|----------------------------------------------------------------------------|-------|-------------|-------|-------|-------|-------|--------|-----------
GET      GET /api/v1/reservas                                                            4771     0(0.00%) |      6       3     218      6 |   19.30        0.00
GET      GET /api/v1/reservas/{id}                                                       1614     0(0.00%) |      5       2     239      5 |    6.20        0.00
POST     POST /api/v1/auth/login                                                           50     0(0.00%) |   1073     530    1714   1100 |    0.00        0.00
--------|----------------------------------------------------------------------------|-------|-------------|-------|-------|-------|-------|--------|-----------
         Aggregated                                                                      6435     0(0.00%) |     14       2    1714      6 |   25.50        0.00

Type     Name                                                                          # reqs      # fails |    Avg     Min     Max    Med |   req/s  failures/s
--------|----------------------------------------------------------------------------|-------|-------------|-------|-------|-------|-------|--------|-----------
GET      GET /api/v1/reservas                                                            4808     0(0.00%) |      6       3     218      6 |   19.40        0.00
GET      GET /api/v1/reservas/{id}                                                       1629     0(0.00%) |      5       2     239      5 |    6.30        0.00
POST     POST /api/v1/auth/login                                                           50     0(0.00%) |   1073     530    1714   1100 |    0.00        0.00
--------|----------------------------------------------------------------------------|-------|-------------|-------|-------|-------|-------|--------|-----------
         Aggregated                                                                      6487     0(0.00%) |     14       2    1714      6 |   25.70        0.00

Type     Name                                                                          # reqs      # fails |    Avg     Min     Max    Med |   req/s  failures/s
--------|----------------------------------------------------------------------------|-------|-------------|-------|-------|-------|-------|--------|-----------
GET      GET /api/v1/reservas                                                            4842     0(0.00%) |      6       3     218      6 |   18.70        0.00
GET      GET /api/v1/reservas/{id}                                                       1646     0(0.00%) |      5       2     239      5 |    6.90        0.00
POST     POST /api/v1/auth/login                                                           50     0(0.00%) |   1073     530    1714   1100 |    0.00        0.00
--------|----------------------------------------------------------------------------|-------|-------------|-------|-------|-------|-------|--------|-----------
         Aggregated                                                                      6538     0(0.00%) |     14       2    1714      6 |   25.60        0.00

Type     Name                                                                          # reqs      # fails |    Avg     Min     Max    Med |   req/s  failures/s
--------|----------------------------------------------------------------------------|-------|-------------|-------|-------|-------|-------|--------|-----------
GET      GET /api/v1/reservas                                                            4884     0(0.00%) |      6       3     218      6 |   18.20        0.00
GET      GET /api/v1/reservas/{id}                                                       1659     0(0.00%) |      5       2     239      5 |    7.10        0.00
POST     POST /api/v1/auth/login                                                           50     0(0.00%) |   1073     530    1714   1100 |    0.00        0.00
--------|----------------------------------------------------------------------------|-------|-------------|-------|-------|-------|-------|--------|-----------
         Aggregated                                                                      6593     0(0.00%) |     14       2    1714      6 |   25.30        0.00

Type     Name                                                                          # reqs      # fails |    Avg     Min     Max    Med |   req/s  failures/s
--------|----------------------------------------------------------------------------|-------|-------------|-------|-------|-------|-------|--------|-----------
GET      GET /api/v1/reservas                                                            4915     0(0.00%) |      6       3     218      6 |   17.80        0.00
GET      GET /api/v1/reservas/{id}                                                       1674     0(0.00%) |      5       2     239      5 |    7.10        0.00
POST     POST /api/v1/auth/login                                                           50     0(0.00%) |   1073     530    1714   1100 |    0.00        0.00
--------|----------------------------------------------------------------------------|-------|-------------|-------|-------|-------|-------|--------|-----------
         Aggregated                                                                      6639     0(0.00%) |     14       2    1714      6 |   24.90        0.00

Type     Name                                                                          # reqs      # fails |    Avg     Min     Max    Med |   req/s  failures/s
--------|----------------------------------------------------------------------------|-------|-------------|-------|-------|-------|-------|--------|-----------
GET      GET /api/v1/reservas                                                            4952     0(0.00%) |      6       3     218      6 |   18.30        0.00
GET      GET /api/v1/reservas/{id}                                                       1688     0(0.00%) |      5       2     239      5 |    7.20        0.00
POST     POST /api/v1/auth/login                                                           50     0(0.00%) |   1073     530    1714   1100 |    0.00        0.00
--------|----------------------------------------------------------------------------|-------|-------------|-------|-------|-------|-------|--------|-----------
         Aggregated                                                                      6690     0(0.00%) |     14       2    1714      6 |   25.50        0.00

Type     Name                                                                          # reqs      # fails |    Avg     Min     Max    Med |   req/s  failures/s
--------|----------------------------------------------------------------------------|-------|-------------|-------|-------|-------|-------|--------|-----------
GET      GET /api/v1/reservas                                                            4987     0(0.00%) |      6       3     218      6 |   17.70        0.00
GET      GET /api/v1/reservas/{id}                                                       1698     0(0.00%) |      5       2     239      5 |    7.50        0.00
POST     POST /api/v1/auth/login                                                           50     0(0.00%) |   1073     530    1714   1100 |    0.00        0.00
--------|----------------------------------------------------------------------------|-------|-------------|-------|-------|-------|-------|--------|-----------
         Aggregated                                                                      6735     0(0.00%) |     14       2    1714      6 |   25.20        0.00

Type     Name                                                                          # reqs      # fails |    Avg     Min     Max    Med |   req/s  failures/s
--------|----------------------------------------------------------------------------|-------|-------------|-------|-------|-------|-------|--------|-----------
GET      GET /api/v1/reservas                                                            5022     0(0.00%) |      6       3     218      6 |   17.80        0.00
GET      GET /api/v1/reservas/{id}                                                       1707     0(0.00%) |      5       2     239      5 |    7.10        0.00
POST     POST /api/v1/auth/login                                                           50     0(0.00%) |   1073     530    1714   1100 |    0.00        0.00
--------|----------------------------------------------------------------------------|-------|-------------|-------|-------|-------|-------|--------|-----------
         Aggregated                                                                      6779     0(0.00%) |     14       2    1714      6 |   24.90        0.00

Type     Name                                                                          # reqs      # fails |    Avg     Min     Max    Med |   req/s  failures/s
--------|----------------------------------------------------------------------------|-------|-------------|-------|-------|-------|-------|--------|-----------
GET      GET /api/v1/reservas                                                            5058     0(0.00%) |      6       3     218      6 |   17.80        0.00
GET      GET /api/v1/reservas/{id}                                                       1720     0(0.00%) |      5       2     239      5 |    6.40        0.00
POST     POST /api/v1/auth/login                                                           50     0(0.00%) |   1073     530    1714   1100 |    0.00        0.00
--------|----------------------------------------------------------------------------|-------|-------------|-------|-------|-------|-------|--------|-----------
         Aggregated                                                                      6828     0(0.00%) |     14       2    1714      6 |   24.20        0.00

Type     Name                                                                          # reqs      # fails |    Avg     Min     Max    Med |   req/s  failures/s
--------|----------------------------------------------------------------------------|-------|-------------|-------|-------|-------|-------|--------|-----------
GET      GET /api/v1/reservas                                                            5096     0(0.00%) |      6       3     218      6 |   18.40        0.00
GET      GET /api/v1/reservas/{id}                                                       1732     0(0.00%) |      5       2     239      5 |    5.90        0.00
POST     POST /api/v1/auth/login                                                           50     0(0.00%) |   1073     530    1714   1100 |    0.00        0.00
--------|----------------------------------------------------------------------------|-------|-------------|-------|-------|-------|-------|--------|-----------
         Aggregated                                                                      6878     0(0.00%) |     14       2    1714      6 |   24.30        0.00

Type     Name                                                                          # reqs      # fails |    Avg     Min     Max    Med |   req/s  failures/s
--------|----------------------------------------------------------------------------|-------|-------------|-------|-------|-------|-------|--------|-----------
GET      GET /api/v1/reservas                                                            5129     0(0.00%) |      6       3     218      6 |   17.50        0.00
GET      GET /api/v1/reservas/{id}                                                       1740     0(0.00%) |      5       2     239      5 |    6.10        0.00
POST     POST /api/v1/auth/login                                                           50     0(0.00%) |   1073     530    1714   1100 |    0.00        0.00
--------|----------------------------------------------------------------------------|-------|-------------|-------|-------|-------|-------|--------|-----------
         Aggregated                                                                      6919     0(0.00%) |     14       2    1714      6 |   23.60        0.00

Type     Name                                                                          # reqs      # fails |    Avg     Min     Max    Med |   req/s  failures/s
--------|----------------------------------------------------------------------------|-------|-------------|-------|-------|-------|-------|--------|-----------
GET      GET /api/v1/reservas                                                            5165     0(0.00%) |      6       3     218      6 |   18.20        0.00
GET      GET /api/v1/reservas/{id}                                                       1757     0(0.00%) |      5       2     239      5 |    5.50        0.00
POST     POST /api/v1/auth/login                                                           50     0(0.00%) |   1073     530    1714   1100 |    0.00        0.00
--------|----------------------------------------------------------------------------|-------|-------------|-------|-------|-------|-------|--------|-----------
         Aggregated                                                                      6972     0(0.00%) |     14       2    1714      6 |   23.70        0.00

Type     Name                                                                          # reqs      # fails |    Avg     Min     Max    Med |   req/s  failures/s
--------|----------------------------------------------------------------------------|-------|-------------|-------|-------|-------|-------|--------|-----------
GET      GET /api/v1/reservas                                                            5205     0(0.00%) |      6       3     218      6 |   18.00        0.00
GET      GET /api/v1/reservas/{id}                                                       1766     0(0.00%) |      5       2     239      5 |    5.50        0.00
POST     POST /api/v1/auth/login                                                           50     0(0.00%) |   1073     530    1714   1100 |    0.00        0.00
--------|----------------------------------------------------------------------------|-------|-------------|-------|-------|-------|-------|--------|-----------
         Aggregated                                                                      7021     0(0.00%) |     14       2    1714      6 |   23.50        0.00

Type     Name                                                                          # reqs      # fails |    Avg     Min     Max    Med |   req/s  failures/s
--------|----------------------------------------------------------------------------|-------|-------------|-------|-------|-------|-------|--------|-----------
GET      GET /api/v1/reservas                                                            5245     0(0.00%) |      6       3     218      6 |   18.70        0.00
GET      GET /api/v1/reservas/{id}                                                       1780     0(0.00%) |      5       2     239      5 |    5.70        0.00
POST     POST /api/v1/auth/login                                                           50     0(0.00%) |   1073     530    1714   1100 |    0.00        0.00
--------|----------------------------------------------------------------------------|-------|-------------|-------|-------|-------|-------|--------|-----------
         Aggregated                                                                      7075     0(0.00%) |     14       2    1714      6 |   24.40        0.00

Type     Name                                                                          # reqs      # fails |    Avg     Min     Max    Med |   req/s  failures/s
--------|----------------------------------------------------------------------------|-------|-------------|-------|-------|-------|-------|--------|-----------
GET      GET /api/v1/reservas                                                            5281     0(0.00%) |      6       3     218      6 |   18.20        0.00
GET      GET /api/v1/reservas/{id}                                                       1793     0(0.00%) |      5       2     239      5 |    6.00        0.00
POST     POST /api/v1/auth/login                                                           50     0(0.00%) |   1073     530    1714   1100 |    0.00        0.00
--------|----------------------------------------------------------------------------|-------|-------------|-------|-------|-------|-------|--------|-----------
         Aggregated                                                                      7124     0(0.00%) |     14       2    1714      6 |   24.20        0.00

Type     Name                                                                          # reqs      # fails |    Avg     Min     Max    Med |   req/s  failures/s
--------|----------------------------------------------------------------------------|-------|-------------|-------|-------|-------|-------|--------|-----------
GET      GET /api/v1/reservas                                                            5319     0(0.00%) |      6       3     218      6 |   18.50        0.00
GET      GET /api/v1/reservas/{id}                                                       1802     0(0.00%) |      5       2     239      5 |    6.00        0.00
POST     POST /api/v1/auth/login                                                           50     0(0.00%) |   1073     530    1714   1100 |    0.00        0.00
--------|----------------------------------------------------------------------------|-------|-------------|-------|-------|-------|-------|--------|-----------
         Aggregated                                                                      7171     0(0.00%) |     13       2    1714      6 |   24.50        0.00

Type     Name                                                                          # reqs      # fails |    Avg     Min     Max    Med |   req/s  failures/s
--------|----------------------------------------------------------------------------|-------|-------------|-------|-------|-------|-------|--------|-----------
GET      GET /api/v1/reservas                                                            5357     0(0.00%) |      6       3     218      6 |   18.30        0.00
GET      GET /api/v1/reservas/{id}                                                       1816     0(0.00%) |      5       2     239      5 |    6.00        0.00
POST     POST /api/v1/auth/login                                                           50     0(0.00%) |   1073     530    1714   1100 |    0.00        0.00
--------|----------------------------------------------------------------------------|-------|-------------|-------|-------|-------|-------|--------|-----------
         Aggregated                                                                      7223     0(0.00%) |     13       2    1714      6 |   24.30        0.00

Type     Name                                                                          # reqs      # fails |    Avg     Min     Max    Med |   req/s  failures/s
--------|----------------------------------------------------------------------------|-------|-------------|-------|-------|-------|-------|--------|-----------
GET      GET /api/v1/reservas                                                            5388     0(0.00%) |      6       3     218      6 |   18.60        0.00
GET      GET /api/v1/reservas/{id}                                                       1831     0(0.00%) |      5       2     239      5 |    6.10        0.00
POST     POST /api/v1/auth/login                                                           50     0(0.00%) |   1073     530    1714   1100 |    0.00        0.00
--------|----------------------------------------------------------------------------|-------|-------------|-------|-------|-------|-------|--------|-----------
         Aggregated                                                                      7269     0(0.00%) |     13       2    1714      6 |   24.70        0.00

Type     Name                                                                          # reqs      # fails |    Avg     Min     Max    Med |   req/s  failures/s
--------|----------------------------------------------------------------------------|-------|-------------|-------|-------|-------|-------|--------|-----------
GET      GET /api/v1/reservas                                                            5424     0(0.00%) |      6       3     218      6 |   17.90        0.00
GET      GET /api/v1/reservas/{id}                                                       1846     0(0.00%) |      5       2     239      5 |    6.30        0.00
POST     POST /api/v1/auth/login                                                           50     0(0.00%) |   1073     530    1714   1100 |    0.00        0.00
--------|----------------------------------------------------------------------------|-------|-------------|-------|-------|-------|-------|--------|-----------
         Aggregated                                                                      7320     0(0.00%) |     13       2    1714      6 |   24.20        0.00

Type     Name                                                                          # reqs      # fails |    Avg     Min     Max    Med |   req/s  failures/s
--------|----------------------------------------------------------------------------|-------|-------------|-------|-------|-------|-------|--------|-----------
GET      GET /api/v1/reservas                                                            5463     0(0.00%) |      6       3     218      6 |   18.40        0.00
GET      GET /api/v1/reservas/{id}                                                       1861     0(0.00%) |      5       2     239      5 |    6.60        0.00
POST     POST /api/v1/auth/login                                                           50     0(0.00%) |   1073     530    1714   1100 |    0.00        0.00
--------|----------------------------------------------------------------------------|-------|-------------|-------|-------|-------|-------|--------|-----------
         Aggregated                                                                      7374     0(0.00%) |     13       2    1714      6 |   25.00        0.00

Type     Name                                                                          # reqs      # fails |    Avg     Min     Max    Med |   req/s  failures/s
--------|----------------------------------------------------------------------------|-------|-------------|-------|-------|-------|-------|--------|-----------
GET      GET /api/v1/reservas                                                            5504     0(0.00%) |      6       3     218      6 |   17.60        0.00
GET      GET /api/v1/reservas/{id}                                                       1873     0(0.00%) |      5       2     239      5 |    6.80        0.00
POST     POST /api/v1/auth/login                                                           50     0(0.00%) |   1073     530    1714   1100 |    0.00        0.00
--------|----------------------------------------------------------------------------|-------|-------------|-------|-------|-------|-------|--------|-----------
         Aggregated                                                                      7427     0(0.00%) |     13       2    1714      6 |   24.40        0.00

[2026-09-20 18:29:04,455] pfc-pruebas-e1/INFO/locust.main: --run-time limit reached, shutting down
[2026-09-20 18:29:04,553] pfc-pruebas-e1/INFO/locust.main: writing html report to file: /home/ubuntu/PFC_ISSUE32/experimentos/resultados/raw/eficiencia_nominal_50u_5m_poblada/rep-09/locust-report.html
[2026-09-20 18:29:04,555] pfc-pruebas-e1/INFO/locust.main: Shutting down (exit code 0)
Type     Name                                                                          # reqs      # fails |    Avg     Min     Max    Med |   req/s  failures/s
--------|----------------------------------------------------------------------------|-------|-------------|-------|-------|-------|-------|--------|-----------
GET      GET /api/v1/reservas                                                            5533     0(0.00%) |      6       3     218      6 |   18.45        0.00
GET      GET /api/v1/reservas/{id}                                                       1885     0(0.00%) |      5       2     239      5 |    6.29        0.00
POST     POST /api/v1/auth/login                                                           50     0(0.00%) |   1073     530    1714   1100 |    0.17        0.00
--------|----------------------------------------------------------------------------|-------|-------------|-------|-------|-------|-------|--------|-----------
         Aggregated                                                                      7468     0(0.00%) |     13       2    1714      6 |   24.91        0.00

Response time percentiles (approximated)
Type     Name                                                                                  50%    66%    75%    80%    90%    95%    98%    99%  99.9% 99.99%   100% # reqs
--------|--------------------------------------------------------------------------------|--------|------|------|------|------|------|------|------|------|------|------|------
GET      GET /api/v1/reservas                                                                    6      7      7      7      9     11     16     23    130    220    220   5533
GET      GET /api/v1/reservas/{id}                                                               5      5      5      6      7      9     13     21    210    240    240   1885
POST     POST /api/v1/auth/login                                                              1100   1200   1200   1300   1400   1600   1700   1700   1700   1700   1700     50
--------|--------------------------------------------------------------------------------|--------|------|------|------|------|------|------|------|------|------|------|------
         Aggregated                                                                              6      6      7      7      9     11     20     57   1300   1700   1700   7468

